time,step,position_x,position_y,position_z,velocity_x,velocity_y,velocity_z,vorticity_x,vorticity_y,vorticity_z,strain_rate_xx,strain_rate_xy,strain_rate_xz,strain_rate_yy,strain_rate_yz,strain_rate_zz,velocity_gradient_xx,velocity_gradient_xy,velocity_gradient_xz,velocity_gradient_yx,velocity_gradient_yy,velocity_gradient_yz,velocity_gradient_zx,velocity_gradient_zy,velocity_gradient_zz
0.15,3,-4.5,0.0,0.0,0.9968251,5.837069e-07,1.0810768e-06,3.294795373933856e-08,3.9165610199248194e-07,-5.107011653767432e-07,-0.0021324801649723196,9.608117072553292e-07,1.1517624188699701e-06,0.0010661624239119965,6.082158540200201e-08,0.0010663183231186565,-0.0021324801649723196,1.2161622899437008e-06,1.3475904698662111e-06,7.054611245669576e-07,0.0010661624239119965,4.4347608532332734e-08,9.559343678737292e-07,7.729556227167129e-08,0.0010663183231186565
0.15,3,-4.46875,0.0,0.0,0.9967575,6.1404694e-07,1.1186758e-06,3.37956862495048e-08,4.01898600247677e-07,-5.231913100702651e-07,-0.00219332985568476,9.928207954977921e-07,1.1870214352903516e-06,0.0010965847563801322,6.349554838565395e-08,0.0010967453324636084,-0.00219332985568476,1.2544164505329247e-06,1.3879707354141901e-06,7.312251404626596e-07,0.0010965847563801322,4.6597705260901547e-08,9.860721351665131e-07,8.039339151040634e-08,0.0010967453324636084
0.15,3,-4.4375,0.0,0.0,0.996688,6.336779e-07,1.1469024e-06,3.445793421593107e-08,4.114737023479297e-07,-5.362489299868493e-07,-0.002256364291523087,1.0260867278811701e-06,1.2253426278011743e-06,0.0011281001615919023,6.624724516017273e-08,0.0011282648280950768,-0.002256364291523087,1.2942111928745947e-06,1.431079478975139e-06,7.579622628877455e-07,0.0011281001615919023,4.901827805220719e-08,1.0196057766272094e-06,8.347621226813826e-08,0.0011282648280950768
0.15,3,-4.40625,0.0,0.0,0.9966165,6.604696e-07,1.1798181e-06,3.531759973205871e-08,4.2233148184471665e-07,-5.501156076832977e-07,-0.002321686227431584,1.0607296718661348e-06,1.2644683364523629e-06,0.001160759319689118,6.921493158763945e-08,0.0011609295853954615,-0.002321686227431584,1.3357874757077837e-06,1.4756340773747212e-06,7.85671868024486e-07,0.001160759319689118,5.155613172161009e-08,1.0533025955300045e-06,8.68737314536688e-08,0.0011609295853954615
0.15,3,-4.375,0.0,0.0,0.9965429,6.8574855e-07,1.2164749e-06,3.603226172727708e-08,4.335407352659584e-07,-5.635810295630326e-07,-0.00238939380431083,1.0967311979364453e-06,1.3057693178893158e-06,0.0011946081571921623,7.234862647826712e-08,0.0011947842500692723,-0.00238939380431083,1.3785217127179616e-06,1.522539685522295e-06,8.14940683154929e-07,0.0011946081571921623,5.433249561462858e-08,1.0889989502563366e-06,9.036475734190566e-08,0.0011947842500692723
0.15,3,-4.34375,0.0,0.0,0.9964671,7.117462e-07,1.2503265e-06,3.6901594580756366e-08,4.4632367324340177e-07,-5.783203992892872e-07,-0.002459585641481507,1.1341804422246315e-06,1.346924681024862e-06,0.001229702037987647,7.556894160076961e-08,0.0012298833708317965,-0.002459585641481507,1.4233406418692751e-06,1.5700865176465628e-06,8.450202425799879e-07,0.001229702037987647,5.711814431039143e-08,1.123762844403161e-06,9.401973889114779e-08,0.0012298833708317965
0.15,3,-4.3125,0.0,0.0,0.9963891,7.399399e-07,1.2875755e-06,3.7560432823453144e-08,4.5660594971870267e-07,-5.931930708387347e-07,-0.0025323803724127333,1.1731237500477902e-06,1.390420332049913e-06,0.001266096786099815,7.897649671544625e-08,0.0012662841684118419,-0.0025323803724127333,1.4697202854671576e-06,1.6187233069092644e-06,8.765272146284229e-07,0.001266096786099815,6.019628030371968e-08,1.1621173571905617e-06,9.775671312717282e-08,0.0012662841684118419
0.15,3,-4.28125,0.0,0.0,0.9963088,7.6503125e-07,1.3212378e-06,3.849582431281586e-08,4.672395646152503e-07,-6.084615890708718e-07,-0.002607890770601841,1.2135367705727498e-06,1.4370887694535324e-06,0.0013038486721100623,8.255959565889076e-08,0.0013040417489391261,-0.002607890770601841,1.5177675651081857e-06,1.6707085517611575e-06,9.093059760373139e-07,0.0013038486721100623,6.331168350248283e-08,1.2034689871459072e-06,1.0180750781529869e-07,0.0013040417489391261
0.15,3,-4.25,0.0,0.0,0.9962261,7.942285e-07,1.3592488e-06,3.9443999164437936e-08,4.831727832944692e-07,-6.242018750065247e-07,-0.002686243510814555,1.2558646843162824e-06,1.4843914761821745e-06,0.0013430218489727144,8.641790091829622e-08,0.0013432204978835011,-0.002686243510814555,1.5679656218195448e-06,1.725977867829409e-06,9.437637468130201e-07,0.0013430218489727144,6.669590133607725e-08,1.2428050845349399e-06,1.0613990050051519e-07,0.0013432204978835011
0.15,3,-4.21875,0.0,0.0,0.9961409,8.219524e-07,1.3959357e-06,4.0402236318125805e-08,4.950919746814935e-07,-6.405384857853611e-07,-0.0027675628403706423,1.2999887904944314e-06,1.5336093229579076e-06,0.001383678207215514,9.031802711349486e-08,0.001383883935250076,-0.0027675628403706423,1.620258033387112e-06,1.7811553102986544e-06,9.797195476017508e-07,0.001383678207215514,7.011690895443196e-08,1.2860633356171608e-06,1.1051914527255777e-07,0.001383883935250076
0.15,3,-4.1875,0.0,0.0,0.9960531,8.58108e-07,1.4426887e-06,4.1295963886856836e-08,5.070133215706401e-07,-6.576982299233056e-07,-0.0028519884738592294,1.3460644187385424e-06,1.5855921913876623e-06,0.0014258867890735904,9.459042492294479e-08,0.0014260985417791949,-0.0028519884738592294,1.6749135337001952e-06,1.8390988521729823e-06,1.0172153037768896e-06,0.0014258867890735904,7.394244297951637e-08,1.3320855306023422e-06,1.152384068663732e-07,0.0014260985417791949
0.15,3,-4.15625,0.0,0.0,0.9959626,8.9156924e-07,1.4857852e-06,4.21997502388213e-08,5.210333638585684e-07,-6.750730017596965e-07,-0.0029396592563310994,1.3935874478443076e-06,1.639537526193941e-06,0.0014697198117403997,9.901888438633736e-08,0.0014699379312667188,-0.0029396592563310994,1.7311239487241559e-06,1.9000542081232252e-06,1.0560509469644593e-06,0.0014697198117403997,7.791900926692671e-08,1.3790208442646568e-06,1.20118759505748e-07,0.0014699379312667188
0.15,3,-4.125,0.0,0.0,0.99586934,9.19229e-07,1.5255356e-06,4.324365253312616e-08,5.373257211869998e-07,-6.938130952282066e-07,-0.0030307275639202477,1.443261084927203e-06,1.6946208992283545e-06,0.001515250785930661,1.0369073623190642e-07,0.0015154777094977972,-0.0030307275639202477,1.7901676325413063e-06,1.9632837598218544e-06,1.0963545373130997e-06,0.001515250785930661,8.206890996534334e-08,1.4259580386348546e-06,1.253125624984695e-07,0.0015154777094977972
0.15,3,-4.09375,0.0,0.0,0.99577314,9.543128e-07,1.571683e-06,4.422120977119184e-08,5.517002084132801e-07,-7.118186394629951e-07,-0.0031253601928227237,1.4955665250042751e-06,1.7529649840691526e-06,0.0015625640411817891,1.0864490168890147e-07,0.0015627974325490538,-0.0031253601928227237,1.8514758447357726e-06,2.0288150882757927e-06,1.1396572052727776e-06,0.0015625640411817891,8.653429680330555e-08,1.4771148798625126e-06,1.307555065744974e-07,0.0015627974325490538
0.15,3,-4.0625,0.0,0.0,0.9956739,9.858552e-07,1.6129436e-06,4.530706640740699e-08,5.657279321418158e-07,-7.317828558361635e-07,-0.0032237180593607043,1.549533573100574e-06,1.8136442132055716e-06,0.0016117382896288144,1.1389352145348575e-07,0.0016119796537995123,-0.0032237180593607043,1.9154250010186558e-06,2.0965081792764795e-06,1.1836421451824923e-06,0.0016117382896288144,9.123998824978226e-08,1.5307802471346637e-06,1.3654705465718925e-07,0.0016119796537995123
0.15,3,-4.03125,0.0,0.0,0.9955716,1.0292481e-06,1.6653337e-06,4.628383404081714e-08,5.808650808428683e-07,-7.520426746093116e-07,-0.00332597943569498,1.6061824402572081e-06,1.8770801562318945e-06,0.0016628658105245133,1.1945682963992944e-07,0.0016631149057810058,-0.00332597943569498,1.982203777561864e-06,2.1675126966533287e-06,1.2301611029525523e-06,0.0016628658105245133,9.631491261952087e-08,1.5866476158104604e-06,1.4259874666033802e-07,0.0016631149057810058
0.15,3,-4.0,0.0,0.0,0.99546605,1.0632241e-06,1.7129871e-06,4.7364332893425325e-08,5.970525610712396e-07,-7.729419026896453e-07,-0.0034323319845641215,1.6652469320913433e-06,1.9430635607999252e-06,0.0017160382241870017,1.2523556334328935e-07,0.0017162960888542573,-0.0034323319845641215,2.051717883436166e-06,2.241589841335545e-06,1.2787759807465207e-06,0.0017160382241870017,1.0155339689657669e-07,1.6445372802643054e-06,1.4891772979000201e-07,0.0017162960888542573
0.15,3,-3.96875,0.0,0.0,0.9953571,1.1154823e-06,1.7730251e-06,4.851129612360068e-08,6.15978983225466e-07,-7.947879743426013e-07,-0.0035429794587581165,1.7267138131451653e-06,2.010520807642661e-06,0.001771357290439589,1.3143130222082865e-07,0.0017716237981283169,-0.0035429794587581165,2.124107800316466e-06,2.318510299255394e-06,1.3293198259738646e-06,0.001771357290439589,1.0717565415902831e-07,1.702531316029928e-06,1.55686950282629e-07,0.0017716237981283169
0.15,3,-3.9375,0.0,0.0,0.99524456,1.1497812e-06,1.8211288e-06,4.9709225329627564e-08,6.308925197193171e-07,-8.163833961996082e-07,-0.0036581211518918744,1.7912081409384144e-06,2.0842967474489493e-06,0.0018289232390132503,1.3802083006667987e-07,0.001829200008966029,-0.0036581211518918744,2.1993998390382186e-06,2.399743007308608e-06,1.3830164428386103e-06,0.0018289232390132503,1.1316621740186609e-07,1.7688504875892908e-06,1.6287544273149365e-07,0.001829200008966029
0.15,3,-3.90625,0.0,0.0,0.99512833,1.1945481e-06,1.8819001e-06,5.074896236578752e-08,6.483704969160358e-07,-8.392799757686803e-07,-0.003777989559222289,1.859023911205532e-06,2.1591484088219113e-06,0.0018888545285941543,1.4490478784110264e-07,0.0018891385228006654,-0.003777989559222289,2.2786638990898722e-06,2.483333657279929e-06,1.4393839233211919e-06,0.0018888545285941543,1.1953030665820888e-07,1.8349631603638934e-06,1.702792690239964e-07,0.0018891385228006654
0.15,3,-3.875,0.0,0.0,0.99500835,1.2368657e-06,1.937021e-06,5.212525149434887e-08,6.694021101098747e-07,-8.642367931740958e-07,-0.0039028118913835078,1.9291376324713527e-06,2.235431557144412e-06,0.0019512613899351275,1.5216788425864063e-07,0.0019515570202798503,-0.0039028118913835078,2.3612560290584006e-06,2.5701326121993495e-06,1.4970192358843048e-06,0.0019512613899351275,1.261052585114662e-07,1.9007305020894748e-06,1.7823051000581507e-07,0.0019515570202798503
0.15,3,-3.84375,0.0,0.0,0.9948844,1.2914668e-06,2.0002249e-06,5.3273312777325256e-08,6.881096677159798e-07,-8.888560631839862e-07,-0.004032841206143917,2.002785684233465e-06,2.317064871874472e-06,0.0020162696535339516,1.5984033872141557e-07,0.0020165738805881326,-0.004032841206143917,2.447213715825458e-06,2.661119705732462e-06,1.558357652641472e-06,0.0020162696535339516,1.3320368233275294e-07,1.973010038016482e-06,1.864769951100782e-07,0.0020165738805881326
0.15,3,-3.8125,0.0,0.0,0.9947562,1.3424108e-06,2.0631264e-06,5.4643340654603537e-08,7.057147246565618e-07,-9.147844183953358e-07,-0.004168328856008444,2.079936963169152e-06,2.4040811219130194e-06,0.0020840117482788315,1.681557593565192e-07,0.0020843254899503604,-0.004168328856008444,2.53732917236682e-06,2.7569384842413003e-06,1.6225447539714843e-06,0.0020840117482788315,1.4083408902921743e-07,2.0512237595847384e-06,1.9547742968382097e-07,0.0020843254899503604
0.15,3,-3.78125,0.0,0.0,0.9946238,1.3906279e-06,2.128595e-06,5.573782709661877e-08,7.287945423647057e-07,-9.420538232574613e-07,-0.004309575168089802,2.1598956747153892e-06,2.4924512255860187e-06,0.0021546250319464917,1.768487761153164e-07,0.002154951766439256,-0.004309575168089802,2.63092258634412e-06,2.8568484967683716e-06,1.6888687630866586e-06,0.0021546250319464917,1.48979862567007e-07,2.128053954403666e-06,2.0471768966362578e-07,0.002154951766439256
0.15,3,-3.75,0.0,0.0,0.9944868,1.4477214e-06,2.1955243e-06,5.726892393382449e-08,7.496669847629686e-07,-9.697361694183636e-07,-0.004456851586289945,2.2443384461456623e-06,2.58430229957635e-06,0.0022282584984231434,1.8597087816419906e-07,0.00222859681359711,-0.004456851586289945,2.729206530854844e-06,2.9591357919578343e-06,1.7594703614364805e-06,0.0022282584984231434,1.573364161972868e-07,2.2094688071948657e-06,2.146053401311113e-07,0.00222859681359711
0.15,3,-3.71875,0.0,0.0,0.9943452,1.4986872e-06,2.263049e-06,5.858267815555401e-08,7.739774807429683e-07,-9.989769801599597e-07,-0.00461048952360682,2.332369687207947e-06,2.6826215978057247e-06,0.0023050657474891567,1.958263651129829e-07,0.0023054170242047603,-0.00461048952360682,2.831858177287927e-06,3.069610338177209e-06,1.8328811971279673e-06,0.0023050657474891567,1.6653502603520588e-07,2.2956328574342405e-06,2.251177041907599e-07,0.0023054170242047603
0.15,3,-3.6875,0.0,0.0,0.9941986,1.5543953e-06,2.3343023e-06,6.003016757131791e-08,8.009115132568204e-07,-1.028716973234178e-06,-0.004770797835310953,2.424990937657562e-06,2.7829912080628953e-06,0.0023852184371071974,2.0614225674429843e-07,0.0023855798642357586,-0.004770797835310953,2.939349424274651e-06,3.1834469646913055e-06,1.910632451040473e-06,0.0023852184371071974,1.7612717295863948e-07,2.382535451434485e-06,2.361573405299574e-07,0.0023855798642357586
0.15,3,-3.65625,0.0,0.0,0.994047,1.6222589e-06,2.4143123e-06,6.159319821937102e-08,8.269764958911954e-07,-1.059708468992217e-06,-0.004938149793092553,2.521696730323241e-06,2.887822197040785e-06,0.002468886905165925,2.1724424716004212e-07,0.0024692631210467804,-0.004938149793092553,3.0515509648193495e-06,3.301310444986383e-06,1.9918424958271326e-06,0.002468886905165925,1.864476480503566e-07,2.4743339490951874e-06,2.480408462697276e-07,0.0024692631210467804
0.15,3,-3.625,0.0,0.0,0.9938899,1.6821482e-06,2.491639e-06,6.297527839320156e-08,8.452466232784089e-07,-1.0926258831281573e-06,-0.005112916841053403,2.623472364531162e-06,3.002250994420773e-06,0.0025562624624277507,2.2902836169621165e-07,0.0025566525162664883,-0.005112916841053403,3.1697853060952408e-06,3.4248743060599773e-06,2.0771594229670835e-06,0.0025562624624277507,1.9754072249961088e-07,2.5796276827815684e-06,2.6051600089281243e-07,0.0025566525162664883
0.15,3,-3.59375,0.0,0.0,0.9937273,1.7510658e-06,2.5730853e-06,6.463204364922075e-08,8.708552464765408e-07,-1.1263866495236528e-06,-0.0052954829083154825,2.7296033247781377e-06,3.1188330747694126e-06,0.00264753800521923,2.415560512361429e-07,0.002647943738903772,-0.0052954829083154825,3.292796649539964e-06,3.554260698007683e-06,2.1664100000163113e-06,0.00264753800521923,2.0924002941153253e-07,2.683405451531142e-06,2.738720730607533e-07,0.002647943738903772
0.15,3,-3.5625,0.0,0.0,0.9935588,1.8246133e-06,2.664117e-06,6.607781978962973e-08,9.0549074106903e-07,-1.1599994095312953e-06,-0.00548628059187381,2.8411699908703473e-06,3.2384404405543334e-06,0.0027429305318301006,2.5471129727161305e-07,0.0027433521560475222,-0.00548628059187381,3.421169695635995e-06,3.6911858110888485e-06,2.2611702861046997e-06,0.0027429305318301006,2.216723873767982e-07,2.7856950700198184e-06,2.877502071664279e-07,0.0027433521560475222
0.15,3,-3.53125,0.0,0.0,0.99338436,1.893892e-06,2.75187e-06,6.76809609274822e-08,9.290134415267451e-07,-1.1979713680086886e-06,-0.005685759815068886,2.9583739796707528e-06,3.3695654075758218e-06,0.002842661511198769,2.689584146239139e-07,0.0028430976053326635,-0.005685759815068886,3.557359663675097e-06,3.834072128339194e-06,2.3593882956664085e-06,0.002842661511198769,2.351179341601728e-07,2.9050586868124492e-06,3.02798895087655e-07,0.0028430976053326635
0.15,3,-3.5,0.0,0.0,0.9932034,1.9691283e-06,2.844728e-06,6.955697152109808e-08,9.57897308785107e-07,-1.2359556397273288e-06,-0.00589439372042487,3.081436352509186e-06,3.5017774798858027e-06,0.0029469707759785606,2.8393190328024863e-07,0.0029474229446047793,-0.00589439372042487,3.69941417237285e-06,3.980726134278356e-06,2.4634585326455214e-06,0.0029469707759785606,2.491534175196996e-07,3.0228288254932493e-06,3.1871038904079767e-07,0.0029474229446047793
0.15,3,-3.46875,0.0,0.0,0.9930158,2.0394446e-06,2.9363405e-06,7.115468394981901e-08,9.903362591675126e-07,-1.2749743441257825e-06,-0.006112693402107183,3.2102917233448806e-06,3.6435928309754505e-06,0.003056110846804843,2.9998882777025355e-07,0.0030565804599366206,-0.006112693402107183,3.847778895407772e-06,4.138760960559207e-06,2.5728045512819894e-06,0.003056110846804843,2.6441148579534404e-07,3.1484247013916942e-06,3.3556616974516305e-07,0.0030565804599366206
0.15,3,-3.4375,0.0,0.0,0.9928212,2.1315395e-06,3.0398037e-06,7.307982088542667e-08,1.029881833930252e-06,-1.3169322380143355e-06,-0.006341206323810689,3.345763882235003e-06,3.787141060526808e-06,0.0031703538268380857,3.171053662382535e-07,0.003170846909236161,-0.006341206323810689,4.0042300012421705e-06,4.302081977491934e-06,2.687297763227835e-06,0.0031703538268380857,2.805654557955402e-07,3.272200143561682e-06,3.5364527668096685e-07,0.003170846909236161
0.15,3,-3.40625,0.0,0.0,0.9926194,2.2095344e-06,3.1391075e-06,7.491218655412881e-08,1.0559295203518794e-06,-1.3593015928280074e-06,-0.0065804984273294675,3.4880625318151797e-06,3.944984478766874e-06,0.00328999223417257,3.3529915383073835e-07,0.0032905001402490646,-0.0065804984273294675,4.167713328229183e-06,4.472949238942814e-06,2.808411735401176e-06,0.00328999223417257,2.9784306055367395e-07,3.4170197185909345e-06,3.7275524710780276e-07,0.0032905001402490646
0.15,3,-3.375,0.0,0.0,0.9924098,2.3018792e-06,3.2553935e-06,7.64789547518397e-08,1.0921106064036568e-06,-1.4039786015876497e-06,-0.00683119070284012,3.6378073960040237e-06,4.108066342123698e-06,0.0034153323733656,3.547678092581663e-07,0.003415865081807349,-0.00683119070284012,4.3397966967978485e-06,4.654121645325526e-06,2.935818095210199e-06,0.0034153323733656,3.1652833188224646e-07,3.5620110389218695e-06,3.9300728663408616e-07,0.003415865081807349
0.15,3,-3.34375,0.0,0.0,0.99219227,2.3940393e-06,3.3642723e-06,7.849866548123065e-08,1.1307427887999886e-06,-1.4508521886961914e-06,-0.0070939426563973035,3.795710557598993e-06,4.278716182452402e-06,0.003546700972427724,3.7553109117477706e-07,0.0035472491346248097,-0.0070939426563973035,4.521136651947089e-06,4.844087576852396e-06,3.0702844632508972e-06,0.003546700972427724,3.3628175843416173e-07,3.7133447880524076e-06,4.147804239153924e-07,0.0035472491346248097
0.15,3,-3.3125,0.0,0.0,0.99196637,2.4951141e-06,3.4861635e-06,8.058378118155733e-08,1.166005492470013e-06,-1.4990402725923021e-06,-0.007369460909557632,3.961799865455633e-06,4.45720653130256e-06,0.0036844469197688887,3.976878050567954e-07,0.0036850233034751126,-0.007369460909557632,4.711320001751784e-06,5.040209277537566e-06,3.212279729159482e-06,0.0036844469197688887,3.5739591446601673e-07,3.874203785067553e-06,4.3797969564757407e-07,0.0036850233034751126
0.15,3,-3.28125,0.0,0.0,0.9917316,2.5991199e-06,3.6093195e-06,8.249427461742755e-08,1.2027880053174173e-06,-1.5490423646097535e-06,-0.007658495663253093,4.136135783645845e-06,4.647577113417098e-06,0.0038289492747355255,4.2137946721986863e-07,0.0038295459229223078,-0.007658495663253093,4.9106569659507215e-06,5.248971116075807e-06,3.361614601340968e-06,0.0038289492747355255,3.8013232991115486e-07,4.0461831107583895e-06,4.626266045285824e-07,0.0038295459229223078
0.15,3,-3.25,0.0,0.0,0.99148756,2.706156e-06,3.739442e-06,8.479037156899558e-08,1.2488898152405049e-06,-1.601854137274635e-06,-0.007961836677916945,4.319650093053469e-06,4.845355723490769e-06,0.003980610370192164,4.4668296384810235e-07,0.003981234224300464,-0.007961836677916945,5.120577161690787e-06,5.4698006311110214e-06,3.518723024416152e-06,0.003980610370192164,4.0428777806360457e-07,4.2209108158705166e-06,4.890781496326001e-07,0.003981234224300464
0.15,3,-3.21875,0.0,0.0,0.9912338,2.8179525e-06,3.8727185e-06,8.674987204537049e-08,1.2923217532161526e-06,-1.657671118023528e-06,-0.008280359981671481,4.513269127627995e-06,5.054849093607866e-06,0.004139856579920727,4.739393151374652e-07,0.004140507592938114,-0.008280359981671481,5.342104686639759e-06,5.701009970215942e-06,3.6844335686162313e-06,0.004139856579920727,4.3056437911477997e-07,4.40868821699979e-06,5.173142511601505e-07,0.004140507592938114
0.15,3,-3.1875,0.0,0.0,0.99096984,2.9322568e-06,4.0094346e-06,8.84928539470831e-08,1.3351789191632171e-06,-1.7141711547315457e-06,-0.008614977697519774,4.71796060954341e-06,5.275118982440551e-06,0.004307145364473167,5.030340571749998e-07,0.00430782255464741,-0.008614977697519774,5.575046186909183e-06,5.94270844202216e-06,3.860875032177637e-06,0.004307145364473167,4.587876302014583e-07,4.607529522858943e-06,5.472804841485414e-07,0.00430782255464741
0.15,3,-3.15625,0.0,0.0,0.9906951,3.053603e-06,4.157163e-06,9.087967326620351e-08,1.3804885487355822e-06,-1.7742131290547289e-06,-0.008966658151068563,4.93337761449256e-06,5.507378761560066e-06,0.004482979049132858,5.342863126546341e-07,0.004483685156185142,-0.008966658151068563,5.820484179019925e-06,6.197623035927857e-06,4.046271049965196e-06,0.004482979049132858,4.888464760215323e-07,4.817134487192275e-06,5.797261492877358e-07,0.004483685156185142
0.15,3,-3.125,0.0,0.0,0.99040926,3.1861186e-06,4.3092227e-06,9.34883460890993e-08,1.4368654859357993e-06,-1.8380217784417802e-06,-0.009336490651744828,5.16012453864853e-06,5.748710905579602e-06,0.004667873419735355,5.676789174153792e-07,0.004668610713578316,-0.009336490651744828,6.07913542786942e-06,6.467143648547502e-06,4.24111364942764e-06,0.004667873419735355,5.209347443708295e-07,5.030278162611703e-06,6.144230904599288e-07,0.004668610713578316
0.15,3,-3.09375,0.0,0.0,0.9901115,3.3254723e-06,4.4749336e-06,9.534748831685307e-08,1.492901299015529e-06,-1.9025340644966433e-06,-0.009725574213980584,5.4005696483253865e-06,6.003945720914642e-06,0.004862405925406643,6.035392931129412e-07,0.00486316875519659,-0.009725574213980584,6.351836680573708e-06,6.750396370422407e-06,4.449302616077065e-06,0.004862405925406643,5.558655489545147e-07,5.257495071406878e-06,6.512130372713677e-07,0.00486316875519659
0.15,3,-3.0625,0.0,0.0,0.98980117,3.4655704e-06,4.638897e-06,9.759028801346534e-08,1.5445215575313458e-06,-1.9705809292888416e-06,-0.010135133485325479,5.654185629369742e-06,6.275597848552487e-06,0.005067169334161233,6.423217783892241e-07,0.005067966013978639,-0.010135133485325479,6.639476094014163e-06,7.04785862731816e-06,4.668895164725321e-06,0.005067169334161233,5.935266343824915e-07,5.503337069786814e-06,6.911169223959568e-07,0.005067966013978639
0.15,3,-3.03125,0.0,0.0,0.9894778,3.6149454e-06,4.815092e-06,9.976565744839946e-08,1.59719854030539e-06,-2.042358472905065e-06,-0.010566480957292207,5.921964958684775e-06,6.563346331538871e-06,0.005282819429658692,6.837457967429593e-07,0.005283656405588772,-0.010566480957292207,6.943144195137307e-06,7.361945601691566e-06,4.900785722232242e-06,0.005282819429658692,6.338629680187596e-07,5.764747061386176e-06,7.33628625467159e-07,0.005283656405588772
0.15,3,-3.0,0.0,0.0,0.98914057,3.7794239e-06,5.00438e-06,1.0245571502309758e-07,1.6532606912911512e-06,-2.1179488069622988e-06,-0.011020998690316475,6.205441841231041e-06,6.86584606646222e-06,0.005510071459556355,7.283557524372444e-07,0.005510935148406344,-0.011020998690316475,7.264416244712191e-06,7.692476412107796e-06,5.146467437749892e-06,0.005510071459556355,6.771278949256956e-07,6.039215720816645e-06,7.795836099487932e-07,0.005510935148406344
0.15,3,-2.96875,0.0,0.0,0.9887887,3.939179e-06,5.1954835e-06,1.0520554459114012e-07,1.7129413390473604e-06,-2.1953525619281943e-06,-0.011500233605085536,6.504116632155923e-06,7.187079248600491e-06,0.005749663961184562,7.761785384557962e-07,0.005750569178727876,-0.011500233605085536,7.60179291312002e-06,8.043549918124171e-06,5.406440351191826e-06,0.005749663961184562,7.235757661602261e-07,6.3306085790768105e-06,8.287813107513663e-07,0.005750569178727876
0.15,3,-2.9375,0.0,0.0,0.9884215,4.111149e-06,5.4012626e-06,1.0744045655865404e-07,1.7859034651811646e-06,-2.279001039344822e-06,-0.012005766398724804,6.820941373462085e-06,7.520005718513237e-06,0.006002407777063899,8.282391557695419e-07,0.006003360484544118,-0.012005766398724804,7.960441893134496e-06,8.41295745110382e-06,5.681440853789674e-06,0.006002407777063899,7.745189274902149e-07,6.627053985922655e-06,8.81959384048869e-07,0.006003360484544118
0.15,3,-2.90625,0.0,0.0,0.98803806,4.293729e-06,5.6137874e-06,1.0996801295547372e-07,1.8537537281450127e-06,-2.363754704351982e-06,-0.0125393588723057,7.157232220226812e-06,7.875325024158048e-06,0.00626918800273891,8.836219716007671e-07,0.006270185771882443,-0.0125393588723057,8.339109572402803e-06,8.802201888230554e-06,5.975354868050821e-06,0.00626918800273891,8.286379651230302e-07,6.9484481600855415e-06,9.386059780785039e-07,0.006270185771882443
0.15,3,-2.875,0.0,0.0,0.9876374,4.488483e-06,5.834229e-06,1.1224429394079104e-07,1.9291813072820282e-06,-2.4546409575353523e-06,-0.013102919569889154,7.511553452723189e-06,8.250287836813423e-06,0.0065509444775385586,9.437578538461873e-07,0.00655198720003922,-0.013102919569889154,8.738873931490865e-06,9.214878490454437e-06,6.2842329739555124e-06,0.0065509444775385586,8.876357068757917e-07,7.2856971831724085e-06,9.998800008165828e-07,0.00655198720003922
0.15,3,-2.84375,0.0,0.0,0.98721874,4.683876e-06,6.064624e-06,1.1470037028049433e-07,2.0049685470399908e-06,-2.548573295218159e-06,-0.013698459093546167,7.88925951881504e-06,8.650470891509291e-06,0.006848681577257008,1.0085420675216622e-06,0.006849776120593112,-0.013698459093546167,9.163546166424119e-06,9.652955165029287e-06,6.61497287120596e-06,0.006848681577257008,9.51191882381415e-07,7.647986617989296e-06,1.0658922526619093e-06,0.006849776120593112
0.15,3,-2.8125,0.0,0.0,0.9867809,4.8960223e-06,6.309878e-06,1.1758186187248512e-07,2.0826317084377682e-06,-2.6468276690828213e-06,-0.014328170138043883,8.289077567841772e-06,9.070814974552165e-06,0.007163511485385464,1.078781891882246e-06,0.007164661447386331,-0.014328170138043883,9.612491402383183e-06,1.0112130828771049e-05,6.965663733300362e-06,0.007163511485385464,1.0199909609460035e-06,8.02949912033328e-06,1.1375728228184886e-06,0.007164661447386331
0.15,3,-2.78125,0.0,0.0,0.9863229,5.1219445e-06,6.5700146e-06,1.1962265540773308e-07,2.161702925472476e-06,-2.7520356972088236e-06,-0.014994427323696158,8.712902215717304e-06,9.520315406087048e-06,0.007496614999420607,1.1546793188206604e-06,0.00749781605067385,-0.014994427323696158,1.0088920064321716e-05,1.0601166868823286e-05,7.336884367112892e-06,0.007496614999420607,1.094867991116794e-06,8.43946394335081e-06,1.214490646524527e-06,0.00749781605067385
0.15,3,-2.75,0.0,0.0,0.9858434,5.3536764e-06,6.8359473e-06,1.2283808754941575e-07,2.2539415470623422e-06,-2.8589108114777852e-06,-0.01569981207454213,9.164286892181868e-06,9.991183127004439e-06,0.007849274920341202,1.2364954442639024e-06,0.00785052877294028,-0.01569981207454213,1.059374229792076e-05,1.111815390053561e-05,7.734831486442975e-06,0.007849274920341202,1.1750764004891945e-06,8.864212353473268e-06,1.2979144880386102e-06,0.00785052877294028
0.15,3,-2.71875,0.0,0.0,0.9853412,5.6124e-06,7.122768e-06,1.2538745869242543e-07,2.343865309842796e-06,-2.975936386495799e-06,-0.016447067527653125,9.640813824007746e-06,1.0494539026627042e-05,0.008222874000157782,1.3252569084681778e-06,0.008224205635960258,-0.016447067527653125,1.1128782017255645e-05,1.166647168154844e-05,8.152845630759846e-06,0.008222874000157782,1.262563179121965e-06,9.322606371705644e-06,1.3879506378143905e-06,0.008224205635960258
0.15,3,-2.6875,0.0,0.0,0.984815,5.8691967e-06,7.4213463e-06,1.281473772896894e-07,2.4491703127247147e-06,-3.0959956775042548e-06,-0.017239263790158166,1.0149783560004086e-05,1.1026844080580089e-05,0.008618929603843459,1.421512164719095e-06,0.008620318355247774,-0.017239263790158166,1.1697781398756213e-05,1.2251429236942446e-05,8.601785721251958e-06,0.008618929603843459,1.3574384760742502e-06,9.802258924217731e-06,1.4855858533639396e-06,0.008620318355247774
0.15,3,-2.65625,0.0,0.0,0.9842632,6.143887e-06,7.729913e-06,1.3061941277160358e-07,2.5430802375416874e-06,-3.2216333322567306e-06,-0.018079591449382926,1.0690531867621391e-05,1.1595118145172776e-05,0.0090390677671775,1.5260737984304322e-06,0.009040520890110065,-0.018079591449382926,1.2301348533749756e-05,1.286665826394362e-05,9.079715201493026e-06,0.0090390677671775,1.4607640920446304e-06,1.0323578026401933e-05,1.591383504816234e-06,0.009040520890110065
0.15,3,-2.625,0.0,0.0,0.98368454,6.432e-06,8.0671625e-06,1.3286543822381598e-07,2.644805021983967e-06,-3.3564741923025436e-06,-0.018971657840321815,1.1264269090762455e-05,1.219745779110497e-05,0.009485057707031366,1.6392034155619578e-06,0.009486581508264168,-0.018971657840321815,1.2942506186913727e-05,1.3519860302096953e-05,9.586031994611183e-06,0.009485057707031366,1.5727706964500498e-06,1.0875055280112986e-05,1.7056361346738658e-06,0.009486581508264168
0.15,3,-2.59375,0.0,0.0,0.983077,6.74346e-06,8.414383e-06,1.3469607974218173e-07,2.7716912396793646e-06,-3.4923841540084218e-06,-0.019919196394994287,1.1878507044191028e-05,1.2831727708167311e-05,0.009958807128162774,1.762800777355437e-06,0.009960404169475516,-0.019919196394994287,1.3624699121195238e-05,1.4217573328006994e-05,1.0132314967186817e-05,0.009958807128162774,1.6954527374843462e-06,1.144588208832763e-05,1.830148817226528e-06,0.009960404169475516
0.15,3,-2.5625,0.0,0.0,0.9824388,7.072892e-06,8.785425e-06,1.3754842647034984e-07,2.8857872564878612e-06,-3.6432624255535156e-06,-0.0209264854615982,1.2530763638287008e-05,1.3511706230097203e-05,0.01046240771750642,1.8967087311767567e-06,0.010464103821940381,-0.0209264854615982,1.4352394851063766e-05,1.4954599858341133e-05,1.070913242551025e-05,0.01046240771750642,1.8279345179415818e-06,1.2068812601853272e-05,1.9654829444119316e-06,0.010464103821940381
0.15,3,-2.53125,0.0,0.0,0.98176837,7.4121544e-06,9.1685015e-06,1.4031280770967526e-07,3.011076605946225e-06,-3.7956506033650327e-06,-0.021998060955318366,1.3226384046222854e-05,1.4232588878696113e-05,0.010998147934887006,2.0426729166687354e-06,0.010999925129182367,-0.021998060955318366,1.512420934790537e-05,1.5738127181669226e-05,1.1328558744540338e-05,0.010998147934887006,1.972516512813898e-06,1.2727050575723e-05,2.112829320523573e-06,0.010999925129182367
0.15,3,-2.5,0.0,0.0,0.98106337,7.770949e-06,9.578171e-06,1.4261081505897305e-07,3.1338228404158112e-06,-3.959404163950565e-06,-0.023138810605625504,1.3969727629361888e-05,1.5005939956448189e-05,0.011568475382751513,2.2017680768138086e-06,0.011570346400507366,-0.023138810605625504,1.594942971133717e-05,1.6572851376656095e-05,1.1990025547386606e-05,0.011568475382751513,2.130462669284322e-06,1.3439028536240284e-05,2.273073484343295e-06,0.011570346400507366
0.15,3,-2.46875,0.0,0.0,0.9803214,8.163686e-06,1.0010363e-05,1.444460623308344e-07,3.2863899298079743e-06,-4.13006085281907e-06,-0.024354198306791003,1.4761093651863462e-05,1.5825724503701084e-05,0.012176107122415873,2.375298761223433e-06,0.012178092118082245,-0.024354198306791003,1.6826124078272997e-05,1.746891946860507e-05,1.2696063225453927e-05,0.012176107122415873,2.3030757300580157e-06,1.4182529538797096e-05,2.44752179238885e-06,0.012178092118082245
0.15,3,-2.4375,0.0,0.0,0.97954035,8.567318e-06,1.0461981e-05,1.4620022633022103e-07,3.4298958106727083e-06,-4.313228436584465e-06,-0.025650065338252648,1.560772123121272e-05,1.6703264428556382e-05,0.012823988023820124,2.5648170066726404e-06,0.012826078247837524,-0.025650065338252648,1.7764335449504953e-05,1.8418212333892736e-05,1.3451107012920488e-05,0.012823988023820124,2.49171689350753e-06,1.4988316523220028e-05,2.637917119837751e-06,0.012826078247837524
0.15,3,-2.40625,0.0,0.0,0.9787173,9.007223e-06,1.0946248e-05,1.4870664726733887e-07,3.6004303511803434e-06,-4.501943328859975e-06,-0.027032841019701326,1.6512031438731603e-05,1.7625825192052556e-05,0.013515329040808453,2.7718250500215116e-06,0.01351752967649209,-0.027032841019701326,1.876300310316159e-05,1.9426040367642727e-05,1.4261059774301615e-05,0.013515329040808453,2.697471726387842e-06,1.5825610016462384e-05,2.846178373655181e-06,0.01351752967649209
0.15,3,-2.375,0.0,0.0,0.9778498,9.4575025e-06,1.1454336e-05,1.497314047788252e-07,3.7479370474133127e-06,-4.704580883644911e-06,-0.028509589067765573,1.7479794915118687e-05,1.8630227048439677e-05,0.014253636905836163,2.9984786033274754e-06,0.014255945645002802,-0.028509589067765573,1.9832085356941143e-05,2.0504195572146333e-05,1.5127504473296232e-05,0.014253636905836163,2.9236129009380628e-06,1.675625852473302e-05,3.073344305716888e-06,0.014255945645002802
0.15,3,-2.34375,0.0,0.0,0.97693455,9.952243e-06,1.1993671e-05,1.512241885664664e-07,3.92480024457003e-06,-4.9173518139630605e-06,-0.030087913810918077,1.851339910263609e-05,1.9692291312051278e-05,0.015042733363965968,3.24657323893824e-06,0.0150451841743965,-0.030087913810918077,2.097207500961762e-05,2.1654691434336293e-05,1.605472319565456e-05,0.015042733363965968,3.1709611446550066e-06,1.7729891189766263e-05,3.322185333221473e-06,0.0150451841743965
0.15,3,-2.3125,0.0,0.0,0.97596806,1.0462138e-05,1.256039e-05,1.5222843953574192e-07,4.120314300877677e-06,-5.140833764992643e-06,-0.03177634089984094,1.9622714314838138e-05,2.082198945651181e-05,0.015886875678883722,3.5182198154751643e-06,0.015889454048033942,-0.03177634089984094,2.219313119733446e-05,2.288214660695065e-05,1.7052297432341816e-05,0.015886875678883722,3.4421055957072934e-06,1.876183230607297e-05,3.5943340352430353e-06,0.015889454048033942
0.15,3,-2.28125,0.0,0.0,0.9749473,1.10230385e-05,1.3168808e-05,1.5302038047521754e-07,4.313291312011119e-06,-5.380089438286346e-06,-0.03358402877625927,2.0809011861024204e-05,2.204137637501339e-05,0.01679066172565796,3.8172237259732206e-06,0.01679339871881988,-0.03358402877625927,2.3499056580167377e-05,2.419802203101895e-05,1.811896714188103e-05,0.01679066172565796,3.740713535735612e-06,1.9884730719007832e-05,3.893733916210829e-06,0.01679339871881988
0.15,3,-2.25,0.0,0.0,0.97386783,1.1605254e-05,1.381133e-05,1.547202723140538e-07,4.529811417396893e-06,-5.628540137980493e-06,-0.03552112027631643,2.208255891866253e-05,2.333481076183838e-05,0.01775911080081786,4.145762058134364e-06,0.017762016929733306,-0.03552112027631643,2.4896828987652775e-05,2.5599716470536826e-05,1.9268288849672282e-05,0.01775911080081786,4.0684019219773375e-06,2.1069905053139933e-05,4.223122194291391e-06,0.017762016929733306
0.15,3,-2.21875,0.0,0.0,0.97272575,1.2221085e-05,1.4489812e-05,1.533918715162716e-07,4.7507797118788095e-06,-5.891511175538586e-06,-0.037598830913921744,2.3448249103241205e-05,2.4726664922632233e-05,0.018797866087179007,4.506472717452029e-06,0.018800957379541815,-0.037598830913921744,2.6394004691010498e-05,2.7102054778571638e-05,2.0502493515471912e-05,0.018797866087179007,4.4297767816938935e-06,2.235127506669283e-05,4.583168653210165e-06,0.018800957379541815
0.15,3,-2.1875,0.0,0.0,0.9715163,1.2894185e-05,1.5210997e-05,1.5292737984024668e-07,4.977830448452385e-06,-6.171916944908151e-06,-0.0398292663008627,2.491473320906379e-05,2.6220727617791298e-05,0.01991302327250255,4.903795683343544e-06,0.019916276559406393,-0.0398292663008627,2.8000691681517864e-05,2.870964284201749e-05,2.1828774736609713e-05,0.01991302327250255,4.827331993423421e-06,2.3731812393565106e-05,4.980259373263667e-06,0.019916276559406393
0.15,3,-2.15625,0.0,0.0,0.97023463,1.3583034e-05,1.596737e-05,1.5185005653199288e-07,5.236576336649888e-06,-6.465278647040974e-06,-0.042226043359061105,2.6490013310880283e-05,2.7809820561060673e-05,0.021111273517051422,5.3418071579217335e-06,0.021114756807890458,-0.042226043359061105,2.972265263440077e-05,3.0428108729385617e-05,2.3257373987359796e-05,0.021111273517051422,5.265882129655737e-06,2.519153239273573e-05,5.41773218618773e-06,0.021114756807890458
0.15,3,-2.125,0.0,0.0,0.96887535,1.4333415e-05,1.6782267e-05,1.5058160456179678e-07,5.504200419066251e-06,-6.780419755281816e-06,-0.044804005301672334,2.8181664783321876e-05,2.9526275798632618e-05,0.022400157687206972,5.8251860463531206e-06,0.022403827129729815,-0.044804005301672334,3.1571874660962784e-05,3.227837600816574e-05,2.479145490568097e-05,0.022400157687206972,5.749895244072222e-06,2.6774175589099492e-05,5.900476848634019e-06,0.022403827129729815
0.15,3,-2.09375,0.0,0.0,0.9674324,1.514175e-05,1.7648788e-05,1.4872154911055313e-07,5.7755821838479694e-06,-7.105884172039709e-06,-0.0475794421446703,3.0003510066396906e-05,3.136797450397906e-05,0.023787768695592643,6.360409615311247e-06,0.023791658552417962,-0.0475794421446703,3.355645215241676e-05,3.425576559590304e-05,2.645056798037705e-05,0.023787768695592643,6.286048840755971e-06,2.8480183412055073e-05,6.434770389866524e-06,0.023791658552417962
0.15,3,-2.0625,0.0,0.0,0.96589935,1.598485e-05,1.8562027e-05,1.466409410774694e-07,6.088907437148874e-06,-7.454981655771915e-06,-0.05057054839067521,3.1961899042588695e-05,3.334336942805859e-05,0.025283207584768277,6.9513135890720765e-06,0.025287307283702407,-0.05057054839067521,3.568938987047465e-05,3.6387823146633025e-05,2.8234408214702737e-05,0.025283207584768277,6.877993118533342e-06,3.029891570948415e-05,7.024634059610811e-06,0.025287307283702407
0.15,3,-2.03125,0.0,0.0,0.9642691,1.6901768e-05,1.9540134e-05,1.4220734161031132e-07,6.418799613069556e-06,-7.829674637332973e-06,-0.053797339132311606,3.407282498084363e-05,3.546097941535976e-05,0.026896467073759617,7.607457035336629e-06,0.026900881377029666,-0.053797339132311606,3.7987662299510117e-05,3.8670379221894535e-05,3.0157987662177144e-05,0.026896467073759617,7.5363533645314736e-06,3.225157960882498e-05,7.678560706141785e-06,0.026900881377029666
0.15,3,-2.0,0.0,0.0,0.9625343,1.7893555e-05,2.0585194e-05,1.3951011992169304e-07,6.748961093768803e-06,-8.222266092811417e-06,-0.05728194826860866,3.634440282321554e-05,3.7743460014057467e-05,0.02863864958782349,8.333903226060042e-06,0.028643369467504214,-0.05728194826860866,4.045553586962125e-05,4.111794056094187e-05,3.2233269776809834e-05,0.02863864958782349,8.264148166099196e-06,3.4368979467173065e-05,8.403658286020889e-06,0.028643369467504214
0.15,3,-1.96875,0.0,0.0,0.96068627,1.8930721e-05,2.1688245e-05,1.32648072122786e-07,7.122705113777293e-06,-8.639847368292243e-06,-0.06104900688902337,3.8795756652512236e-05,4.0197091108165346e-05,0.030522033514091555,9.13959706664658e-06,0.030527055337600903,-0.06104900688902337,4.311568033665836e-05,4.375844366505399e-05,3.4475832968366114e-05,0.030522033514091555,9.073273030585187e-06,3.66357385512767e-05,9.205921102707973e-06,0.030527055337600903
0.15,3,-1.9375,0.0,0.0,0.9587154,2.0031861e-05,2.2872542e-05,1.2696156227211264e-07,7.523730631763155e-06,-9.082994784327496e-06,-0.06512573649275727,4.143796508958514e-05,4.2838899995218446e-05,0.032560203635638434,1.0037955336158338e-05,0.03256554404042909,-0.06512573649275727,4.597946248174889e-05,4.660076531110002e-05,3.6896467697421394e-05,0.032560203635638434,9.974474555022282e-06,3.907703467933687e-05,1.0101436117294395e-05,0.03256554404042909
0.15,3,-1.90625,0.0,0.0,0.9566124,2.1220489e-05,2.4135024e-05,1.1905944888920134e-07,7.954598417653225e-06,-9.545820020748913e-06,-0.0695422783463166,4.428955437342334e-05,4.568292429711629e-05,0.03476826982576736,1.1037408438040967e-05,0.03477398245173497,-0.0695422783463166,4.90624643837978e-05,4.96602235059429e-05,3.9516644363048886e-05,0.03476826982576736,1.0977878713596366e-05,4.170562508828968e-05,1.1096938162485567e-05,0.03477398245173497
0.15,3,-1.875,0.0,0.0,0.95436496,2.2507855e-05,2.5483885e-05,1.0996677896925322e-07,8.380394833156293e-06,-1.004607981692704e-05,-0.07433234061426519,4.736649695457652e-05,4.875593705024658e-05,0.03716313846386723,1.2150858417603327e-05,0.037169231961635525,-0.07433234061426519,5.238953686304004e-05,5.2946134466824724e-05,4.2343457046113e-05,0.03716313846386723,1.20958750281187e-05,4.456573963366843e-05,1.2205841807087954e-05,0.037169231961635525
0.15,3,-1.84375,0.0,0.0,0.9519621,2.3887162e-05,2.6921485e-05,1.0028138274029846e-07,8.89238588292103e-06,-1.0571551757875518e-05,-0.0795332539727942,5.069416587094632e-05,5.206114565739408e-05,0.039763340941428915,1.3394639677223857e-05,0.03976987578814835,-0.0795332539727942,5.597994174988408e-05,5.6507338598854595e-05,4.540838999200856e-05,0.039763340941428915,1.3344498985853707e-05,4.7614952715933564e-05,1.3444780368594006e-05,0.03976987578814835
0.15,3,-1.8125,0.0,0.0,0.9493897,2.5341915e-05,2.8456261e-05,9.08532927388836e-08,9.407222120510692e-06,-1.1119680593358987e-05,-0.08518661250451187,5.428929502685137e-05,5.5630008812754435e-05,0.04258983095010651,1.4784084452332171e-05,0.04259680764184828,-0.08518661250451187,5.9849135323530867e-05,6.033361987300978e-05,4.872945473017188e-05,0.04258983095010651,1.473865780596273e-05,5.092639775249909e-05,1.4829511098701613e-05,0.04259680764184828
0.15,3,-1.78125,0.0,0.0,0.9466328,2.6930576e-05,3.010519e-05,7.725043468971571e-08,9.970543661338808e-06,-1.1718127698923456e-05,-0.09133873949226512,5.817164576822891e-05,5.9484190081073116e-05,0.04566565113812333,1.6339112697973113e-05,0.045673155420798126,-0.09133873949226512,6.403070961769064e-05,6.446946191174252e-05,5.2312581918767184e-05,0.04566565113812333,1.6300487480628255e-05,5.449891825040371e-05,1.637773791531797e-05,0.045673155420798126
0.15,3,-1.75,0.0,0.0,0.94367516,2.8631537e-05,3.1872743e-05,6.501045304169173e-08,1.0557670674603108e-05,-1.2345953670539651e-05,-0.09804145446036172,6.236472987562183e-05,6.36440824363046e-05,0.049016696615238234,1.8081987939946517e-05,0.04902473550548182,-0.09804145446036172,6.853770671089165e-05,6.892291777360615e-05,5.6191753040352004e-05,0.049016696615238234,1.804948271342567e-05,5.8365247099003044e-05,1.8114493166467363e-05,0.04902473550548182
0.15,3,-1.71875,0.0,0.0,0.9404989,3.0451998e-05,3.3760305e-05,4.94173929945288e-08,1.1223553769552225e-05,-1.3009112849023119e-05,-0.10535203078578337,6.690244473058979e-05,6.813498146137319e-05,0.05267176454523961,2.003884168581523e-05,0.05268037428713243,-0.10535203078578337,7.340700115510135e-05,7.37467583461493e-05,6.039788830607823e-05,0.05267176454523961,2.0014132989317965e-05,6.252320457659707e-05,2.0063550382312494e-05,0.05268037428713243
0.15,3,-1.6875,0.0,0.0,0.9370837,3.2397802e-05,3.5783152e-05,3.675722631216877e-08,1.1914181110092223e-05,-1.371217856736568e-05,-0.11333547250744824,7.180707510574249e-05,7.301212641798883e-05,0.05666302945478485,2.2236606328736915e-05,0.05667231268271788,-0.11333547250744824,7.866316438942533e-05,7.896921697303494e-05,6.495098582205965e-05,0.05666302945478485,2.221822771558083e-05,6.705503586294272e-05,2.2254984941893e-05,0.05667231268271788
0.15,3,-1.65625,0.0,0.0,0.9334077,3.4507517e-05,3.7953178e-05,1.8327681723835643e-08,1.266355213699194e-05,-1.4459599653237308e-05,-0.12206302997864804,7.710999697127562e-05,7.826649752791862e-05,0.061026526686934805,2.4709043819239832e-05,0.061036503308305325,-0.12206302997864804,8.433979679789427e-05,8.459827359641459e-05,6.988019714465697e-05,0.061026526686934805,2.4699879978377914e-05,7.193472145942265e-05,2.471820766010175e-05,0.061036503308305325
0.15,3,-1.625,0.0,0.0,0.9294462,3.6774516e-05,4.0284307e-05,2.9786276743715145e-10,1.3466078336707085e-05,-1.5256718874099087e-05,-0.131615260983313,8.283657524207465e-05,8.395947740632171e-05,0.06580226363571609,2.7496787271739237e-05,0.06581304952056631,-0.131615260983313,9.04649346791242e-05,9.069251657467525e-05,7.520821580502511e-05,0.06580226363571609,2.749663834035552e-05,7.722643823796817e-05,2.7496936203122956e-05,0.06581304952056631
0.15,3,-1.59375,0.0,0.0,0.925172,3.9196733e-05,4.2779076e-05,-1.3520551597583086e-08,1.4362746167921256e-05,-1.610782643055985e-05,-0.14208180591099007,8.902750795154258e-05,9.01076197801368e-05,0.07103523610441564,3.0640895988345764e-05,0.07104679334452257,-0.14208180591099007,9.70814211668225e-05,9.728899286409742e-05,8.097359473626265e-05,0.07103523610441564,3.0647656264144556e-05,8.292624669617617e-05,3.063413571254697e-05,0.07104679334452257
0.15,3,-1.5625,0.0,0.0,0.9205559,4.1827265e-05,4.5466004e-05,-3.5002813526113785e-08,1.535495710528953e-05,-1.699149460394206e-05,-0.15356310634011572,9.571066276772497e-05,9.676249259675009e-05,0.07677540471995527,3.4192360997295154e-05,0.07678776124803924,-0.15356310634011572,0.000104206410069696,0.00010443997114939485,8.721491546575394e-05,0.07677540471995527,3.420986240405821e-05,8.908501404410532e-05,3.41748595905321e-05,0.07678776124803924
0.15,3,-1.53125,0.0,0.0,0.9155629,4.4675435e-05,4.835798e-05,-5.157517773968223e-08,1.6385430787470637e-05,-1.7947077144532878e-05,-0.1661704822267861,0.0001029189698324431,0.00010397123852115466,0.08307865368675198,3.820774434742415e-05,0.08309201483082966,-0.1661704822267861,0.00011189250840470955,0.00011216395391488998,9.394543126017667e-05,0.08307865368675198,3.823353193629399e-05,9.577852312741934e-05,3.8181956758554306e-05,0.08309201483082966
0.15,3,-1.5,0.0,0.0,0.9101571,4.7705762e-05,5.1459945e-05,-7.133212247267817e-08,1.748258877297404e-05,-1.8950253193754374e-05,-0.18002961057400912,0.00011068761949207043,0.00011180010453776951,0.09000758391762169,4.275533668690601e-05,0.09002201178325352,-0.18002961057400912,0.00012016274608894761,0.00012054139892425653,0.00010121249289519324,0.09000758391762169,4.279100274814235e-05,0.00010305881015128249,4.271967062566967e-05,0.09002201178325352
0.15,3,-1.46875,0.0,0.0,0.90429634,5.100055e-05,5.480301e-05,-8.017195579287928e-08,1.8713953444356515e-05,-2.0024797299813407e-05,-0.19527897018034723,0.00011905580719200233,0.00012025867842473028,0.09763162205170925,4.7912506031040636e-05,0.09764728110452855,-0.19527897018034723,0.00012906820584190903,0.00012961565514690854,0.00010904340854209563,0.09763162205170925,4.7952592008937076e-05,0.00011090170170255202,4.7872420053144196e-05,0.09764728110452855
0.15,3,-1.4375,0.0,0.0,0.8979358,5.4530225e-05,5.8398993e-05,-9.352239165733023e-08,2.0097231411293076e-05,-2.1162233436995345e-05,-0.21207374141212365,0.00012804618753890166,0.00012940391247561432,0.10602836686730421,5.3765045885577345e-05,0.10604532987554091,-0.21207374141212365,0.00013862730425739933,0.00013945252818126086,0.00011746507082040399,0.10602836686730421,5.381180708140601e-05,0.00011935529676996778,5.371828468974868e-05,0.10604532987554091
0.15,3,-1.40625,0.0,0.0,0.89102423,5.8338344e-05,6.227325e-05,-1.0756957787537436e-07,2.1547198769457723e-05,-2.2380542519233326e-05,-0.2305860993744917,0.0001376891365783041,0.00013935660699371157,0.1152839966728961,6.041159507146152e-05,0.11530219214685244,-0.2305860993744917,0.00014887940783792075,0.00015013020637844043,0.00012649886531868743,0.1152839966728961,6.046537986039921e-05,0.0001285830076089827,6.0357810282523836e-05,0.11530219214685244
0.15,3,-1.375,0.0,0.0,0.88350415,6.2438914e-05,6.644e-05,-1.1505659160311599e-07,2.312301661860916e-05,-2.367360106116448e-05,-0.25100705432430437,0.00014801216128295346,0.00015009897462822663,0.12549389152726248,6.797597289933798e-05,0.12551344596163932,-0.25100705432430437,0.0001598489618135357,0.00016166048293753121,0.00013617536075237122,0.12549389152726248,6.803350119513954e-05,0.00013853746631892205,6.791844460353642e-05,0.12551344596163932
0.15,3,-1.34375,0.0,0.0,0.8753142,6.685938e-05,7.093775e-05,-1.3003857162428856e-07,2.4896863981932818e-05,-2.508524945996765e-05,-0.27354795941196386,0.00015903182878935704,0.00016175031225354724,0.13676322324659168,7.65838183713315e-05,0.1367844381896238,-0.27354795941196386,0.00017157445351934086,0.00017419874424451365,0.0001464892040593732,0.13676322324659168,7.664883765714364e-05,0.00014930188026258083,7.651879908551935e-05,0.1367844381896238
0.15,3,-1.3125,0.0,0.0,0.86638236,7.1606526e-05,7.578051e-05,-1.4987198763798115e-07,2.6766768756254083e-05,-2.657296835840116e-05,-0.29843953707699056,0.00017076907232327094,0.0001743746664365966,0.14920863677442808,8.639423314581434e-05,0.14923146659936487,-0.29843953707699056,0.00018405555650247152,0.00018775805081472363,0.00015748258814407036,0.14920863677442808,8.646916913963333e-05,0.00016099128205846955,8.631929715199535e-05,0.14923146659936487
0.15,3,-1.28125,0.0,0.0,0.8566342,7.6716504e-05,8.10084e-05,-1.7176445195159207e-07,2.8828664396745793e-05,-2.8175498006228344e-05,-0.3259386276310714,0.00018323663655663534,0.00018808432791797298,0.16295702008402696,9.758190453262611e-05,0.1629813393842295,-0.3259386276310714,0.00019732438555974952,0.00020249866011634587,0.00016914888755352117,0.16295702008402696,9.766778675860191e-05,0.00017366999571960008,9.749602230665032e-05,0.1629813393842295
0.15,3,-1.25,0.0,0.0,0.8459821,8.220119e-05,8.6648695e-05,-2.2281259984616164e-07,3.098105064200038e-05,-2.990134052298539e-05,-0.35632066085532377,0.0001964215421267129,0.00020296190538572796,0.17814737269437586,0.00011035744012205355,0.1781734521380268,-0.35632066085532377,0.00021137221238820558,0.00021845243070672815,0.0001814708718652202,0.17814737269437586,0.00011046884642197663,0.00018747138006472777,0.00011024603382213047,0.1781734521380268
0.15,3,-1.21875,0.0,0.0,0.8343316,8.80891e-05,9.2738665e-05,-3.185568931314553e-07,3.3366429806724884e-05,-3.178520959178782e-05,-0.3898865729432974,0.00021035490578486318,0.0002190758124080705,0.19492955547034774,0.00012494731503481966,0.19495728576684443,-0.3898865729432974,0.0002262475105807571,0.00023575902731143294,0.00019446230098896927,0.19492955547034774,0.0001251065934813854,0.00020239259750470806,0.00012478803658825394,0.19495728576684443
0.15,3,-1.1875,0.0,0.0,0.82157815,9.436086e-05,9.931e-05,-5.236434525157652e-07,3.588142472453135e-05,-3.384157538327895e-05,-0.42695814108463015,0.00022503597891135145,0.0002365561163636485,0.21346483394787266,0.0001416248360113677,0.2134936201419299,-0.42695814108463015,0.00024195676660299092,0.00025449682872591417,0.00020811519121971198,0.21346483394787266,0.00014188665773762557,0.00021861540400138282,0.0001413630142851098,0.2134936201419299
0.15,3,-1.15625,0.0,0.0,0.8076077,0.00010106745,0.00010641421,-8.677025428241447e-07,3.8477628369615324e-05,-3.6058858085365186e-05,-0.46787602554622487,0.00024054478673655663,0.00025551859546940614,0.23392318587780342,0.00016072770566552194,0.23395313778222304,-0.46787602554622487,0.0002585742157792392,0.0002747574096542138,0.00022251535769387404,0.23392318587780342,0.00016116155693693401,0.00023627978128459848,0.00016029385439410987,0.23395313778222304
0.15,3,-1.125,0.0,0.0,0.79229015,0.00010830916,0.00011409799,-1.4424149174137313e-06,4.0874730658668756e-05,-3.844692338439426e-05,-0.5129975161381233,0.00025697468717883476,0.0002761832004490594,0.25648391804219545,0.00018264240616790682,0.2565136876031737,-0.5129975161381233,0.0002761981488710319,0.0002966205657783938,0.00023775122548663763,0.25648391804219545,0.00018336361362661369,0.00025574583511972504,0.00018192119870919995,0.2565136876031737
0.15,3,-1.09375,0.0,0.0,0.7754953,0.00011596018,0.0001224206,-2.3585225386833775e-06,4.323851496724346e-05,-4.1016130080544916e-05,-0.5626886735436178,0.00027455808796051674,0.0002985452851304547,0.28132938271514535,0.00020786423987848544,0.2813592015342558,-0.5626886735436178,0.0002950661530007892,0.00032016454261407645,0.0002540500229202443,0.28132938271514535,0.00020904350114782713,0.000276926027646833,0.00020668497860914375,0.2813592015342558
0.15,3,-1.0625,0.0,0.0,0.75707155,0.00012416538,0.0001314311,-3.818387133334988e-06,4.495804735836842e-05,-4.3682804837460315e-05,-0.6173134661702462,0.000293593910938696,0.0003227963769460492,0.30864365899985635,0.00023701423656765502,0.3086707311696744,-0.6173134661702462,0.00031543531335742614,0.00034527540062523343,0.0002717525085199658,0.30864365899985635,0.00023892343013432252,0.000300317353266865,0.00023510504300098753,0.3086707311696744
0.15,3,-1.03125,0.0,0.0,0.7368577,0.00013297233,0.0001412105,-6.040323586670171e-06,4.575395181924402e-05,-4.632895653628247e-05,-0.6772271571140029,0.000314511386002218,0.0003488809594944936,0.3386014979186841,0.00027093705038509774,0.33862494408208127,-0.6772271571140029,0.00033767586427035923,0.0003717579354041156,0.00029134690773407676,0.3386014979186841,0.00027395721217843283,0.0003260039835848716,0.00026791688859176266,0.33862494408208127
0.15,3,-1.0,0.0,0.0,0.7146853,0.00014240622,0.00015182837,-9.279020829356527e-06,4.502553170087492e-05,-4.874293319191356e-05,-0.7427493918623838,0.0003375200856860997,0.00037621398238727247,0.3713654165056115,0.00031078821755287957,0.37138299204035125,-0.7427493918623838,0.0003618915522820565,0.0003987267482377099,0.00031314861909014294,0.3713654165056115,0.00031542772796755783,0.000353701216536835,0.0003061487071382013,0.37138299204035125
0.15,3,-0.96875,0.0,0.0,0.69037557,0.00015256445,0.00016332966,-1.3831112920276167e-05,4.187689226886615e-05,-5.0735754888533297e-05,-0.814170921199922,0.00036179443862201406,0.0004032270369738744,0.4070806253986809,0.00035821255680513683,0.40709032578655513,-0.814170921199922,0.0003871623160662807,0.0004241654831083075,0.0003364265611777474,0.4070806253986809,0.0003651281132652749,0.00038228859083944133,0.00035129700034499875,0.40709032578655513
0.15,3,-0.9375,0.0,0.0,0.6637373,0.00016337029,0.0001756906,-1.9685371633482857e-05,3.463724361926074e-05,-5.15540163981143e-05,-0.8918169958314057,0.00038299875355862767,0.00042517822979206213,0.44590863364408045,0.0004155866607106328,0.4459093458730208,-0.8918169958314057,0.0004087757617576848,0.0004424968516016925,0.0003572217453595705,0.44590863364408045,0.00042542934652737424,0.00040785960798243176,0.0004057439748938914,0.4459093458730208
0.15,3,-0.90625,0.0,0.0,0.6345659,0.00017473676,0.00018870618,-2.6373695168956796e-05,1.6855808143229067e-05,-4.540091056439918e-05,-0.9761830323278935,0.0003897591774641874,0.00043151015777799506,0.4880966612234181,0.00048630402515398817,0.4880855368813857,-0.9761830323278935,0.00041245963274638697,0.0004399380618496096,0.0003670587221819878,0.4880966612234181,0.0004994908727384666,0.00042308225370638053,0.00047311717756950977,0.4880855368813857
0.15,3,-0.875,0.0,0.0,0.6026507,0.00018620948,0.00020203934,-3.217838234990597e-05,-4.119472472783464e-05,-4.745446314177032e-06,-1.0675670499979448,0.00036539331689586403,0.0004096433804729911,0.5337943341277298,0.0005749139814327561,0.5337712260369124,-1.0675670499979448,0.00036776604005295255,0.0003890460181090738,0.0003630205937387755,0.5337943341277298,0.000591003172607709,0.00043024074283690844,0.0005588247902578031,0.5337712260369124
0.15,3,-0.84375,0.0,0.0,0.5677909,0.00019755312,0.000215861,-3.433807806483419e-05,-0.00020306592203862134,0.00013249355667964424,-1.1639601153254233,0.0003029960521109751,0.0003614626156168456,0.5819988463863743,0.0006862447111618299,0.581963355434899,-1.1639601153254233,0.00023674927377115296,0.0002599296545975349,0.0003692428304507972,0.5819988463863743,0.000703413750194247,0.00046299557663615626,0.0006690756721294128,0.581963355434899
0.15,3,-0.8125,0.0,0.0,0.52991045,0.00020972504,0.00023165927,-3.018185818901009e-05,-0.0004978695212913206,0.00040063894813766737,-1.2596721441174514,0.00021710917437621838,0.0003099266409990163,0.6298605285406389,0.0008272152175548622,0.6298125696481732,-1.2596721441174514,1.6789700307384692e-05,6.099188035335601e-05,0.00041742864844505206,0.6298605285406389,0.0008423061466493673,0.0005588614016446766,0.0008121242884603572,0.6298125696481732
0.15,3,-0.78125,0.0,0.0,0.48911378,0.00022391517,0.00025118745,-1.9034319975790026e-05,-0.0008252563834003981,0.0007186239218791302,-1.3510285012806174,0.00013515893298547688,0.00027877681735945584,0.675542678786697,0.0010153721885942761,0.6754869554573326,-1.3510285012806174,-0.0002241530279540882,-0.00013385137434074323,0.000494470893925042,0.675542678786697,0.0010248893485821711,0.0006914050090596549,0.001005855028606381,0.6754869554573326
0.15,3,-0.75,0.0,0.0,0.445434,0.00024052233,0.0002745275,-3.929381029235679e-06,-0.0010190273719030696,0.0009388892766986831,-1.4471996170590247,9.129290294777534e-05,0.00028021980328396534,0.7236258769527022,0.0012848286770880749,0.7235721909469157,-1.4471996170590247,-0.0003781517354015662,-0.00022929388266756945,0.0005607375412971169,0.7236258769527022,0.0012867933676026927,0.0007897334892355001,0.001282863986573457,0.7235721909469157
0.15,3,-0.71875,0.0,0.0,0.39823347,0.00025823555,0.00029927143,9.780371154476108e-06,-0.0009401102402479267,0.0009182101463897432,-1.5854338106555854,9.482438619652991e-05,0.00029607870656930824,0.7927372056461022,0.0016741727048534515,0.7926956519812465,-1.5854338106555854,-0.0003642806869983417,-0.0001739764135546551,0.0005539294593914015,0.7927372056461022,0.0016692825192762134,0.0007661338266932716,0.0016790628904306895,0.7926956519812465
0.15,3,-0.6875,0.0,0.0,0.34526724,0.0002740632,0.00032086766,1.73434598059255e-05,-0.0006147177096452461,0.0006573405135482102,-1.8244707477926312,0.00012221011073246246,0.00029514363749343075,0.9122482094687949,0.002208693545596576,0.9122221217799803,-1.8244707477926312,-0.00020646014604164264,-1.2215217329192285e-05,0.00045088036750656757,0.9122482094687949,0.0022000218156936133,0.0006025024923160538,0.0022173652754995388,0.9122221217799803
0.15,3,-0.65625,0.0,0.0,0.28327537,0.00028717887,0.00033759084,1.634473993097907e-05,-0.0003810364399356933,0.00046737331721889014,-2.1463996304273483,0.00018691402989089514,0.000311743848368292,1.0732102399451227,0.002892806903379057,1.0731918944817402,-2.1463996304273483,-4.6772628718549925e-05,0.00012122562840044537,0.0004206006885003402,1.0732102399451227,0.0028846345334135673,0.0005022620683361387,0.0029009792733445464,1.0731918944817402
0.15,3,-0.625,0.0,0.0,0.21204355,0.00030296048,0.00035517605,7.062307856436911e-06,-0.0005258734199748358,0.0006193192155389271,-2.378213869244421,0.00032211452416192055,0.0004079558779113944,1.189119865786231,0.003700993975864826,1.1890956726248305,-2.378213869244421,1.2454916392456994e-05,0.0001450191679239765,0.0006317741319313841,1.189119865786231,0.0036974628219366076,0.0006708925878988123,0.0037045251297930445,1.1890956726248305
0.15,3,-0.59375,0.0,0.0,0.13782772,0.00032855198,0.00038185582,-5.2489817596104715e-06,-0.000932495148472802,0.0009966761983159489,-2.3082910332201685,0.0005252598207797499,0.0005916591763707076,1.1541648738925048,0.004561066838432059,1.1541271123944374,-2.3082910332201685,2.692172162177542e-05,0.00012541160213430658,0.0010235979199377243,1.1541648738925048,0.004563691329311864,0.0010579067506071085,0.004558442347552254,1.1541271123944374
0.15,3,-0.5625,0.0,0.0,0.07197766,0.00036694232,0.00042155123,-1.2334849006770399e-05,-0.001297962909514637,0.0013125795653144007,-1.8419524655560782,0.0007597774166270346,0.0008154853863383375,0.9210028498378163,0.005346557759682291,0.9209503289818791,-1.8419524655560782,0.00010348763396983429,0.00016650393158101906,0.001416067199284235,0.9210028498378163,0.005352725184185676,0.001464466841095656,0.005340390335178906,0.9209503289818791
0.15,3,-0.53125,0.0,0.0,0.025751397,0.00041453945,0.00047077498,-1.025302745350648e-05,-0.0013374723445123138,0.0013087542286584555,-1.0910034539606492,0.0009176299733006689,0.0009534497538665754,0.5455296269315573,0.005900982875973525,0.5454718565934394,-1.0910034539606492,0.00026325285897144113,0.0002847135816104185,0.0015720070876298967,0.5455296269315573,0.005906109389700279,0.0016221859261227323,0.005895856362246772,0.5454718565934394
0.15,3,-0.5,0.0,0.0,0.10679354,0.00046098925,0.0005189716,-2.7428121776654213e-06,0.0007052365671003091,0.002588269579921261,-3309.03432307403,7.569625130130278e-05,0.001739669284587353,0.18757995112275463,0.006091896420287447,0.18752014149795787,-3309.03432307403,-0.0012184385386593277,0.0020922875681375075,0.0013698310412619333,0.18757995112275463,0.006093267826376279,0.0013870510010371984,0.006090525014198614,0.18752014149795787
0.15,3,-0.46875,0.0,0.0,-0.20771766,0.0004987435,0.00055587525,3.7128261318256084e-06,-0.0004738372412288472,0.00043118346346416453,0.04174600907513515,0.0008157553474596492,0.0007627070957605953,-0.020839808571760307,0.005870432657969184,-0.020905943157338236,0.04174600907513515,0.0006001636157275669,0.0005257884751461717,0.0010313470791917315,-0.020839808571760307,0.005868576244903272,0.0009996257163750188,0.005872289071035097,-0.020905943157338236
0.15,3,-0.4375,0.0,0.0,-0.20378378,0.0005271196,0.00058261986,6.543859861429802e-06,-0.00017767644115812553,0.00013539293116694023,0.1748758402252406,0.0007426246247082026,0.0006524691012384232,-0.0873992842402163,0.005297974860495595,-0.08747621328094402,0.1748758402252406,0.0006749281591247325,0.0005636308806593604,0.0008103210902916727,-0.0873992842402163,0.0052947029305648804,0.0007413073218174859,0.00530124679042631,-0.08747621328094402
0.15,3,-0.40625,0.0,0.0,-0.19811776,0.00055063283,0.00060356595,6.182844406038557e-06,-7.528543180423952e-05,3.0472199168435354e-05,0.17695725969667642,0.000688150966079451,0.0005740565892931038,-0.08843391209553206,0.004515834461728138,-0.08852360232687267,0.17695725969667642,0.0006729148664952334,0.000536413873390984,0.0007033870656636687,-0.08843391209553206,0.004512743039525119,0.0006116993051952235,0.0045189258839311575,-0.08852360232687267
0.15,3,-0.375,0.0,0.0,-0.19302045,0.0005713024,0.00062112446,4.404824152003106e-06,-5.182083859962827e-05,4.480614156344986e-06,0.14791791069437643,0.0006134623027668103,0.0004864713908076315,-0.07390834207629209,0.0036789896209357444,-0.07400937452301065,0.14791791069437643,0.0006112219956886378,0.0004605609715078174,0.0006157026098449828,-0.07390834207629209,0.003676787208859743,0.0005123818101074457,0.003681192033011746,-0.07400937452301065
0.15,3,-0.34375,0.0,0.0,-0.18885422,0.00058889785,0.00063546427,2.2069511025485378e-06,-4.627346499587459e-05,-1.2363543601956462e-06,0.11908919777374471,0.0005114629623048789,0.00038042320239035227,-0.059490134190254326,0.002902751036321767,-0.05959978742187985,0.11908919777374471,0.0005120811394849767,0.00035728646989241497,0.000510844785124781,-0.059490134190254326,0.002901647560770493,0.00040355993488828956,0.0029038545118730413,-0.05959978742187985
0.15,3,-0.3125,0.0,0.0,-0.18551697,0.0006030728,0.0006462528,1.4538683493214855e-07,-4.4189037310682355e-05,-2.268331543653357e-06,0.09578068280335827,0.00039318519222955595,0.0002641132204919405,-0.0478331664942169,0.0022458639852879075,-0.04794789364404302,0.09578068280335827,0.0003943193580013826,0.00024201870183659935,0.00039205102645772927,-0.0478331664942169,0.0022457912918704415,0.0002862077391472817,0.0022459366787053736,-0.04794789364404302
0.15,3,-0.28125,0.0,0.0,-0.1828216,0.00061339315,0.0006533519,-1.4327983710316072e-06,-4.24530776414328e-05,-1.7043046962456065e-06,0.0777654595632562,0.0002694595194908736,0.0001471229827945883,-0.03882427173829679,0.0017214219656373764,-0.03894158574134386,0.0777654595632562,0.0002703116718389964,0.0001258964439738719,0.0002686073671427508,-0.03882427173829679,0.0017221383648228922,0.0001683495216153047,0.0017207055664518606,-0.03894158574134386
0.15,3,-0.25,0.0,0.0,-0.18061724,0.0006198403,0.0006568269,-2.493237303738405e-06,-4.1214403819683776e-05,-5.597454791755885e-07,0.06392998046408849,0.00014719904462674044,3.438872916079749e-05,-0.03190645393702114,0.0013162592241836232,-0.03202403913463574,0.06392998046408849,0.00014747891736632823,1.3781527250955605e-05,0.00014691917188715264,-0.03190645393702114,0.0013175058428354924,5.499593107063938e-05,0.001315012605531754,-0.03202403913463574
0.15,3,-0.21875,0.0,0.0,-0.17879562,0.00062257244,0.00065686234,-3.083772191048162e-06,-4.0063078000196484e-05,6.242864272476556e-07,0.05310431896286261,3.0327529230281258e-05,-7.173853379949247e-05,-0.026494504309495598,0.0010069906493203468,-0.02660965125889267,0.05310431896286261,3.001538601665743e-05,-9.177007279959071e-05,3.0639672443905086e-05,-0.026494504309495598,0.0010085325354158708,-5.1706994799394224e-05,0.0010054487632248227,-0.02660965125889267
0.15,3,-0.1875,0.0,0.0,-0.1772716,0.00062182656,0.0006536871,-3.2792615840965267e-06,-3.893926980209905e-05,1.7842052376787487e-06,0.04427744148389756,-7.924438015343566e-05,-0.00016976236093015767,-0.02208313141849054,0.0007695498631529116,-0.02219462549089686,0.04427744148389756,-8.013648277227503e-05,-0.0001892319958312072,-7.835227753459628e-05,-0.02208313141849054,0.0007711894939449598,-0.00015029272602910815,0.0007679102323608633,-0.02219462549089686
0.15,3,-0.15625,0.0,0.0,-0.17601237,0.0006178239,0.00064755115,-3.09852957748602e-06,-3.83792003269684e-05,2.756510650694932e-06,0.03666181375219324,-0.00018059431439850643,-0.00025985100860344973,-0.018277419479715576,0.0005833855260707413,-0.01838414075713342,0.03666181375219324,-0.0001819725697238539,-0.00027904060876693393,-0.00017921605907315896,-0.018277419479715576,0.0005849347908594843,-0.00024066140843996553,0.0005818362612819983,-0.01838414075713342
0.15,3,-0.125,0.0,0.0,-0.17498332,0.00061075017,0.0006387083,-2.71198514061044e-06,-3.7797757048804725e-05,3.5909822415219894e-06,0.029694298195848567,-0.0002735185328898368,-0.00034295807516477456,-0.014796858151327169,0.000432412896833094,-0.014897475544251956,0.029694298195848567,-0.0002753140240105978,-0.0003618569536891769,-0.0002717230417690758,-0.014796858151327169,0.0004337688894033992,-0.0003240591966403722,0.00043105690426278875,-0.014897475544251956
0.15,3,-0.09375,0.0,0.0,-0.17415538,0.00060089974,0.0006273782,-2.1212283365934503e-06,-3.752621395101963e-05,4.001144530002554e-06,0.02300814658117112,-0.00035825377259808555,-0.0004191684056051373,-0.011457427846388736,0.000304732464098012,-0.011550866727193937,0.02300814658117112,-0.00036025434486308683,-0.0004379315125806471,-0.0003562532003330843,-0.011457427846388736,0.00030579307826630875,-0.0004004052986296275,0.0003036718499297153,-0.011550866727193937
0.15,3,-0.0625,0.0,0.0,-0.17354318,0.00058851484,0.00061375846,-1.4018366747345357e-06,-3.796287738803972e-05,4.288898378453088e-06,0.016395786475817964,-0.00043557373216495873,-0.0004893845350905437,-0.008154696162521423,0.00019164609380622685,-0.008241170597587319,0.016395786475817964,-0.0004377181813541853,-0.0005083659737845636,-0.0004334292829757322,-0.008154696162521423,0.00019234701214359412,-0.0004704030963965239,0.00019094517546885958,-0.008241170597587319
0.15,3,-0.03125,0.0,0.0,-0.17313161,0.0005738438,0.0005980202,-5.999666379333246e-07,-3.845549545125615e-05,4.321810341788301e-06,0.009762705638646452,-0.0005062997548058897,-0.0005547506212381509,-0.004842179904938439,8.673807137419068e-05,-0.0049210067358394505,0.009762705638646452,-0.0005084606599767838,-0.000573978368963779,-0.0005041388496349955,-0.004842179904938439,8.703805469315734e-05,-0.0005355228735125228,8.643808805522402e-05,-0.0049210067358394505
0.15,3,0.0,0.0,0.0,-0.17293178,0.0005570535,0.00058032357,2.455329340053658e-07,-3.980837978351942e-05,3.830021258956207e-06,0.003095609853713377,-0.0005713294000046325,-0.0006164783959602092,-0.0015123904538849806,-1.4955190296091908e-05,-0.0015834810793307202,0.003095609853713377,-0.0005732444106341106,-0.0006363825858519689,-0.0005694143893751544,-0.0015123904538849806,-1.5077956763094591e-05,-0.0005965742060684495,-1.4832423829089225e-05,-0.0015834810793307202
0.15,3,0.03125,0.0,0.0,-0.17293382,0.0005382996,0.0005607433,1.0744992018640875e-06,-4.1268635086626204e-05,2.894609565803896e-06,-0.0035687459499351704,-0.0006319043016149786,-0.0006757607206699691,0.0018162982708027978,-0.00011762997051874974,0.0017529739051392046,-0.0035687459499351704,-0.0006333516063978806,-0.0006963950382132822,-0.0006304569968320767,0.0018162982708027978,-0.00011816722011968178,-0.000655126403126656,-0.0001170927209178177,0.0017529739051392046
0.15,3,0.0625,0.0,0.0,-0.17315337,0.00051768345,0.0005393707,1.9159590934902937e-06,-4.2925261480399046e-05,1.4867773395488282e-06,-0.010158975269495052,-0.000689124815178091,-0.0007338759544044497,0.005107345646122537,-0.00022529700087552118,0.005051679032586798,-0.010158975269495052,-0.0006898682038478654,-0.0007553385851446492,-0.0006883814265083166,0.005107345646122537,-0.00022625498042226633,-0.0007124133236642502,-0.00022433902132877603,0.005051679032586798
0.15,3,0.09375,0.0,0.0,-0.17357284,0.0004952985,0.00051622384,2.671645504798148e-06,-4.4606472757287297e-05,-6.54254335916149e-07,-0.016570175531004594,-0.000743958734054688,-0.0007916494234763115,0.008309464134137114,-0.0003424310826204702,0.008261080282170256,-0.016570175531004594,-0.0007436316068867299,-0.0008139526598549551,-0.0007442858612226461,0.008309464134137114,-0.00034376690537286925,-0.0007693461870976678,-0.0003410952598680711,0.008261080282170256
0.15,3,0.125,0.0,0.0,-0.17418587,0.00047121482,0.0004913107,3.2891119421743498e-06,-4.860658366279136e-05,-3.297420426075226e-06,-0.02266187605351533,-0.0007975010983252324,-0.0008497562740990561,0.011351694100037002,-0.0004746034841934636,0.011310010723362636,-0.02266187605351533,-0.0007958523881121948,-0.0008740595659304518,-0.0007991498085382701,0.011351694100037002,-0.0004762480401645508,-0.0008254529822676604,-0.00047295892822237645,0.011310010723362636
0.15,3,0.15625,0.0,0.0,-0.1749836,0.0004453698,0.00046459527,3.607695703129743e-06,-5.1110414761315615e-05,-6.690272354718807e-06,-0.028236903990643825,-0.000850176967297913,-0.000909708491506199,0.014136837457981916,-0.000629326552521809,0.014099899103841691,-0.028236903990643825,-0.0008468318311205536,-0.0009352636988868568,-0.0008535221034752724,0.014136837457981916,-0.0006311304003733739,-0.0008841532841255412,-0.0006275227046702442,0.014099899103841691
0.15,3,0.1875,0.0,0.0,-0.17594141,0.0004178267,0.000436047,3.4781513523207686e-06,-5.4054661655894565e-05,-1.0866920161556326e-05,-0.03302092343828811,-0.0009022313564617523,-0.0009707668196595604,0.01652779885274134,-0.000817021611146343,0.016493581248212576,-0.03302092343828811,-0.0008967978963809742,-0.0009977941504875076,-0.0009076648165425305,0.01652779885274134,-0.0008187606868225034,-0.0009437394888316131,-0.0008152825354701826,0.016493581248212576
0.15,3,0.21875,0.0,0.0,-0.17703623,0.0003886746,0.0004055997,2.602706738449867e-06,-5.757302205273984e-05,-1.5951269876329777e-05,-0.036642161853635,-0.0009530469823956361,-0.001033903199716489,0.018338673812953413,-0.0010521487971988305,0.018303194209652304,-0.036642161853635,-0.0009450713474574712,-0.001062689710742859,-0.000961022617333801,0.018338673812953413,-0.0010534501505680555,-0.0010051166886901192,-0.0010508474438296056,0.018303194209652304
0.15,3,0.25,0.0,0.0,-0.17821456,0.00035779673,0.00037320814,4.6082128375007914e-07,-6.0696504757082326e-05,-2.2015853972594257e-05,-0.03861819064566241,-0.0010011350585820387,-0.001098217772076783,0.019330176877544354,-0.0013538801846234953,0.019287962282533037,-0.03861819064566241,-0.0009901271315957416,-0.0011285660244553242,-0.0010121429855683359,0.019330176877544354,-0.0013541105952653704,-0.0010678695196982418,-0.0013536497739816203,0.019287962282533037
0.15,3,0.28125,0.0,0.0,-0.1794253,0.00032545466,0.0003388594,-3.70617645061716e-06,-6.342481439641084e-05,-2.9490513838027754e-05,-0.03839169079429361,-0.001043332450661339,-0.0011622374879250198,0.01922458179226337,-0.0017456433965058991,0.019167489898749952,-0.03839169079429361,-0.0010285871937423252,-0.0011939498951232252,-0.001058077707580353,0.01922458179226337,-0.0017437903082805906,-0.0011305250807268144,-0.0017474964847312077,0.019167489898749952
0.15,3,0.3125,0.0,0.0,-0.18058577,0.0002917996,0.00030258836,-1.1036689224915713e-05,-6.662193061276675e-05,-3.861668831260656e-05,-0.03543112002914306,-0.00107420357626508,-0.0012230750306627281,0.01775718929562886,-0.002251580547094569,0.017673794086319812,-0.03543112002914306,-0.0010548952321087768,-0.0012563859959691115,-0.0010935119204213833,0.01775718929562886,-0.002246062202482111,-0.0011897640653563447,-0.0022570988917070267,0.017673794086319812
0.15,3,0.34375,0.0,0.0,-0.18160795,0.00025728685,0.00026453385,-2.2845778107693365e-05,-6.751632428195556e-05,-5.0009917176328106e-05,-0.029456316770675173,-0.0010846641449733397,-0.0012771415124375584,0.01479091375817193,-0.002887449991012885,0.014665333622851558,-0.029456316770675173,-0.0010596591863851756,-0.0013108996745785362,-0.0011096691035615038,0.01479091375817193,-0.002876027101959038,-0.0012433833502965806,-0.0028988728800667315,0.014665333622851558
0.15,3,0.375,0.0,0.0,-0.18240026,0.00022276126,0.0002249855,-4.070056119019269e-05,-6.636142706796175e-05,-6.512086700461925e-05,-0.020641044083667737,-0.0010602381916209377,-0.0013194803970729644,0.010413495999738488,-0.0036446332614811835,0.010227329611643445,-0.020641044083667737,-0.001027677758118628,-0.0013526611106069453,-0.0010927986251232473,0.010413495999738488,-0.003624282980886087,-0.0012862996835389835,-0.00366498354207628,0.010227329611643445
0.15,3,0.40625,0.0,0.0,-0.1828581,0.00018954967,0.00018428532,-6.520486046514284e-05,-6.160812865197568e-05,-8.776459872220782e-05,-0.007950672200815134,-0.000979340324273454,-0.0013476636851406064,0.004107785968351818,-0.004469298146623384,0.003843568623392378,-0.007950672200815134,-0.0009354580249123501,-0.0013784677494665942,-0.001023222623634558,0.004107785968351818,-0.004436695716390812,-0.0013168596208146185,-0.004501900576855955,0.003843568623392378
0.15,3,0.4375,0.0,0.0,-0.18272893,0.00015963966,0.00014260031,-9.479053039157873e-05,-4.1410954251062254e-05,-0.0001289161122215339,0.021900106684755727,-0.0008086938978276673,-0.00137786840517083,-0.010774997516793769,-0.005249066584565648,-0.011125191884894234,0.021900106684755727,-0.0007442358417169004,-0.0013985738822963611,-0.0008731519539384343,-0.010774997516793769,-0.005201671319369858,-0.001357162928045299,-0.005296461849761437,-0.011125191884894234
0.15,3,0.46875,0.0,0.0,-0.18079406,0.00013668556,9.823858e-05,-0.00012286776136549542,1.4367643006147832e-05,-0.00020644364793166899,0.12025222808876812,-0.00043822906545832544,-0.0015237488898743523,-0.05991862099752018,-0.005826620116570634,-0.06033350527391209,0.12025222808876812,-0.00033500724149249095,-0.0015165650683712784,-0.0005414508894241599,-0.05991862099752018,-0.005765186235887886,-0.0015309327113774262,-0.005888053997253381,-0.06033350527391209
0.15,3,0.5,0.0,0.0,-0.25828588,0.00029699225,-0.00012384747,-0.00013582467033141938,-1.0075814655140667,-1.0079932033837313,2710.6840888679994,0.5031228512357758,-0.5047836685859676,-0.18598940692111673,-0.006052930239240957,-0.18640425328697263,2710.6840888679994,1.0071194529276415,-1.008574401343001,-0.0008737504560898668,-0.18598940692111673,-0.005985017904075247,-0.000992935828934221,-0.006120842574406667,-0.18640425328697263
0.15,3,0.53125,0.0,0.0,0.013701044,8.240505e-05,3.7159793e-05,-0.00011715476607382369,0.00012920722522366014,-0.00040611715195457664,0.7937218623871853,-0.0009731551334550169,-0.0002988921953809122,-0.39670629529738166,-0.0058599440914507694,-0.3970159570262679,0.7937218623871853,-0.0007700965574777285,-0.00023428858276908215,-0.0011762137094323052,-0.39670629529738166,-0.005801366708413858,-0.0003634958079927423,-0.005918521474487681,-0.3970159570262679
0.15,3,0.5625,0.0,0.0,0.045764007,5.2923664e-05,2.5538666e-05,-6.16181863198808e-05,8.159650412813656e-05,-0.00041882289432978656,1.2476744513588525,-0.0005461204993284351,-0.00027882649993518204,-0.6237833104338792,-0.00530148759213244,-0.6238907840866512,1.2476744513588525,-0.00033670905216354186,-0.00023802824787111376,-0.0007555319464933284,-0.6237833104338792,-0.0052706784989725,-0.0003196247519992503,-0.00533229668529238,-0.6238907840866512
0.15,3,0.59375,0.0,0.0,0.09026283,3.4048087e-05,1.8431187e-05,1.3892545903788911e-05,2.5243676905642096e-05,-0.0003595485705340934,1.5702631417414743,-0.0002790431082296749,-0.00012406217014079412,-0.7851973351680662,-0.004524400437131473,-0.785064971483879,1.5702631417414743,-9.926882296262818e-05,-0.00011144033168797307,-0.00045881739349672157,-0.7851973351680662,-0.0045313467100833674,-0.00013668400859361517,-0.0045174541641795785,-0.785064971483879
0.15,3,0.625,0.0,0.0,0.14200616,2.4060933e-05,1.6578262e-05,7.906124278104186e-05,6.08445182714492e-05,-0.0002710911587235458,1.7135394301786526,-4.644517319394269e-05,4.274921950755007e-05,-0.856937376347892,-0.0036931972873337085,-0.8566028870274867,1.7135394301786526,8.910040616783022e-05,7.317147864327467e-05,-0.0001819907525557156,-0.856937376347892,-0.0037327279087242295,1.2326960371825471e-05,-0.0036536666659431876,-0.8566028870274867
0.15,3,0.65625,0.0,0.0,0.19596896,2.2663618e-05,1.9270843e-05,0.00010890307010170876,0.0002646192632728391,-0.00024051701693530124,1.7246630311322457,0.00021251131902321353,0.00030034548822148585,-0.8625477484448213,-0.002928467889850746,-0.8621149833363276,1.7246630311322457,0.00033276982749086415,0.0004326551198579054,9.22528105555629e-05,-0.8625477484448213,-0.0029829194249016006,0.0001680358565850663,-0.002874016354799892,-0.8621149833363276
0.15,3,0.6875,0.0,0.0,0.24929027,2.9460149e-05,2.757259e-05,0.00010184556587373647,0.0007080014362816581,-0.0004190220546868937,1.6862265549958968,0.0005411564231310268,0.0007175637534429123,-0.8433115778698225,-0.0022894141931911194,-0.8429146779855649,1.6862265549958968,0.0007506674504744737,0.0010715644715837414,0.00033164539578758,-0.8433115778698225,-0.0023403369761279876,0.0003635630353020832,-0.002238491410254251,-0.8429146779855649
0.15,3,0.71875,0.0,0.0,0.30144265,4.1715517e-05,4.0872765e-05,7.847453520930855e-05,0.0014675329154839288,-0.0009915024589551673,1.6531393346724066,0.0009028596957332911,0.0011827660079931235,-0.8267015017990341,-0.001790296476353008,-0.8264387857118012,1.6531393346724066,0.0013986109252108747,0.001916532465735088,0.00040710846625570743,-0.8267015017990341,-0.0018295337439576623,0.00044899955025115915,-0.0017510592087483538,-0.8264387857118012
0.15,3,0.75,0.0,0.0,0.35254347,5.207237e-05,5.2721396e-05,5.603465244674848e-05,0.0023737203742580787,-0.0018559654711367314,1.613256330258781,0.0011517205548923336,0.0014588563379628952,-0.8066771563726405,-0.0014262364611743639,-0.8065782792380991,1.613256330258781,0.0020797032904606993,0.0026457165250919346,0.00022373781932396794,-0.8066771563726405,-0.0014542537873977381,0.00027199615083385587,-0.0013982191349509896,-0.8065782792380991
0.15,3,0.78125,0.0,0.0,0.40189934,5.5631142e-05,5.7689136e-05,3.8454396316533676e-05,0.0027117084102330274,-0.002285934228337415,1.5393912791757955,0.0011782432231630842,0.0014352951665711597,-0.7696794245138636,-0.0011794965484794818,-0.7697123907330694,1.5393912791757955,0.0023212103373317916,0.0027911493716876734,3.5276108994376776e-05,-0.7696794245138636,-0.0011987237466377487,7.9440961454646e-05,-0.001160269350321215,-0.7697123907330694
0.15,3,0.8125,0.0,0.0,0.44847074,5.7160632e-05,6.0730126e-05,2.6322406427110347e-05,0.0020280031025195055,-0.0017606503971433329,1.4385792377908784,0.0009794885459743575,0.0011677598535303419,-0.7192352991958646,-0.001012875317524834,-0.7193431635210551,1.4385792377908784,0.0018598137445460239,0.0021817614047900946,9.916334740269102e-05,-0.7192352991958646,-0.0010260365207383892,0.00015375830227058913,-0.0009997141143112788,-0.7193431635210551
0.15,3,0.84375,0.0,0.0,0.4917743,6.2043124e-05,6.762133e-05,1.930967849748163e-05,0.0009620646297406315,-0.0008340157798498987,1.333479258983445,0.0006056627279197183,0.0007417327989236175,-0.6666720250519087,-0.0008862240140682727,-0.6668065781805191,1.333479258983445,0.0010226706178446676,0.0012227651137939333,0.00018865483799476897,-0.6666720250519087,-0.0008958788533170135,0.0002607004840533018,-0.0008765691748195319,-0.6668065781805191
0.15,3,0.875,0.0,0.0,0.53189385,6.6727065e-05,7.466747e-05,1.490880452465447e-05,0.0002846455887376264,-0.00023012343390271892,1.235690978610081,0.00019871434027179903,0.0003005834625598525,-0.6177788555519746,-0.0007804813310343045,-0.6179118250161686,1.235690978610081,0.0003137760572231585,0.0004429062569286657,8.365262332043957e-05,-0.6177788555519746,-0.0007879357332966318,0.0001582606681910393,-0.0007730269287719773,-0.6179118250161686
0.15,3,0.90625,0.0,0.0,0.56907797,6.6601344e-05,7.667058e-05,1.1349937219989024e-05,4.057707570128202e-05,-7.749156964991823e-06,1.145038758487721,-8.540810982049203e-05,-5.890556160190533e-06,-0.5724598055490935,-0.0006927377304152536,-0.5725788337639383,1.145038758487721,-8.153353133799612e-05,1.4397981690450479e-05,-8.928268830298795e-05,-0.5724598055490935,-0.0006984126990252481,-2.6179094010831544e-05,-0.0006870627618052591,-0.5725788337639383
0.15,3,0.9375,0.0,0.0,0.6035016,6.199341e-05,7.3818745e-05,8.678152821225103e-06,-2.0886095346331e-05,5.295981921462842e-05,1.0586621362815984,-0.00021251693361217135,-0.0001507737860234658,-0.5292818082092087,-0.000620890040214431,-0.5293802089322214,1.0586621362815984,-0.00023899684321948556,-0.0001612168336966313,-0.00018603702400485714,-0.5292818082092087,-0.0006252291166250435,-0.0001403307383503003,-0.0006165509638038184,-0.5293802089322214
0.15,3,0.96875,0.0,0.0,0.6352769,5.583583e-05,6.875011e-05,7.1903586904946415e-06,-3.56650998129867e-05,7.081021652635862e-05,0.9754853173012137,-0.00023516141611222476,-0.0001916737110074897,-0.4877041653584414,-0.0005605010003445566,-0.4877819268943361,0.9754853173012137,-0.00027056652437540407,-0.00020950626091398306,-0.00019975630784904545,-0.4877041653584414,-0.0005640961796898039,-0.00017384116110099636,-0.0005569058209993092,-0.4877819268943361
0.15,3,1.0,0.0,0.0,0.664507,4.998807e-05,6.338945e-05,6.690153906494488e-06,-3.845959168203607e-05,7.537455525513746e-05,0.8959031414483447,-0.00020880551567078976,-0.00018468379043933957,-0.4479218956239156,-0.0005073892853214089,-0.4479816929610769,0.8959031414483447,-0.0002464927932983585,-0.0002039135862803576,-0.00017111823804322104,-0.4479218956239156,-0.0005107343622746561,-0.00016545399459832154,-0.0005040442083681616,-0.4479816929610769
0.15,3,1.03125,0.0,0.0,0.69131625,4.5270084e-05,5.855388e-05,6.762205830164111e-06,-3.654740421897996e-05,7.305244798490144e-05,0.8206193615274509,-0.00016697593017863614,-0.00016116120195275785,-0.4102876205645308,-0.00045892052590077326,-0.4103320390922765,0.8206193615274509,-0.00020350215417108686,-0.00017943490406224782,-0.0001304497061861854,-0.4102876205645308,-0.0004623016288158553,-0.00014288749984326787,-0.0004555394229856912,-0.4103320390922765
0.15,3,1.0625,0.0,0.0,0.7158461,4.182005e-05,5.446768e-05,7.0574751731477744e-06,-3.2529482757486655e-05,6.687850721876724e-05,0.7501390450369527,-0.0001262748015025644,-0.00013549289519985443,-0.3750528220805832,-0.0004138336167625804,-0.3750861336561474,0.7501390450369527,-0.00015971405511194803,-0.00015175763657859775,-9.283554789318079e-05,-0.3750528220805832,-0.0004173623543491543,-0.0001192281538211111,-0.0004103048791760065,-0.3750861336561474
0.15,3,1.09375,0.0,0.0,0.7382523,3.9384275e-05,5.106759e-05,7.334074296570098e-06,-2.768512751286957e-05,5.8884550945316645e-05,0.6847023734132538,-9.334408509218328e-05,-0.00011337800462577884,-0.34233897659324986,-0.00037172200120326286,-0.342363516133188,0.6847023734132538,-0.0001227863605648416,-0.00012722056838221363,-6.390180961952496e-05,-0.34233897659324986,-0.0003753890383515479,-9.953544086934406e-05,-0.0003680549640549778,-0.342363516133188
0.15,3,1.125,0.0,0.0,0.7586929,3.7710146e-05,4.8194477e-05,7.462724148497857e-06,-2.289898858878238e-05,5.0431148654184535e-05,0.624342258923603,-6.948685718035068e-05,-9.615313793314133e-05,-0.31216174598672886,-0.0003326033900823743,-0.3121803640238331,0.624342258923603,-9.470243150744295e-05,-0.00010760263222753252,-4.427128285325842e-05,-0.31216174598672886,-0.0003363347521566232,-8.470364363875015e-05,-0.00032887202800812535,-0.3121803640238331
0.15,3,1.15625,0.0,0.0,0.77732587,3.6518446e-05,4.57281e-05,7.422786481013112e-06,-1.8493879838078764e-05,4.236313872521113e-05,0.5689470032365374,-5.357782073543921e-05,-8.343024987407174e-05,-0.2844660036836748,-0.00029657568034520453,-0.2844807910295948,0.5689470032365374,-7.475939009804478e-05,-9.267718979311113e-05,-3.239625137283365e-05,-0.2844660036836748,-0.0003002870735857111,-7.418330995503236e-05,-0.000292864287104698,-0.2844807910295948
0.15,3,1.1875,0.0,0.0,0.794302,3.5613888e-05,4.3523236e-05,7.2079674809499145e-06,-1.4699057134195774e-05,3.504674186834925e-05,0.5183146543775106,-4.373479575705023e-05,-7.420666402776924e-05,-0.2591516729304533,-0.00026371729886731903,-0.2591632497533303,0.5183146543775106,-6.125816669122486e-05,-8.155619259486713e-05,-2.6211424822875605e-05,-0.2591516729304533,-0.000267321282607794,-6.685713546067135e-05,-0.0002601133151268441,-0.2591632497533303
0.15,3,1.21875,0.0,0.0,0.80976677,3.4829303e-05,4.1519168e-05,6.865520861105111e-06,-1.1491290681732783e-05,2.8678805097581347e-05,0.4721858641446861,-3.810186804388289e-05,-6.752574476484498e-05,-0.2360881593960727,-0.00023400601856371364,-0.23609764522365653,0.4721858641446861,-5.244127059267356e-05,-7.327139010571138e-05,-2.3762465495092214e-05,-0.2360881593960727,-0.0002374387789942662,-6.17800994239786e-05,-0.0002305732581331611,-0.23609764522365653
0.15,3,1.25,0.0,0.0,0.82385737,3.4131765e-05,3.9652834e-05,6.428003004954087e-06,-8.869832680756702e-06,2.3284843209738296e-05,0.43026503171368025,-3.517785738496506e-05,-6.250749158677243e-05,-0.2151283506853275,-0.0002073399595208191,-0.21513663639767344,0.43026503171368025,-4.682027898983421e-05,-6.694240792715078e-05,-2.3535435780095912e-05,-0.2151283506853275,-0.00021055396102329614,-5.807257524639408e-05,-0.00020412595801834205,-0.21513663639767344
0.15,3,1.28125,0.0,0.0,0.8366992,3.3379118e-05,3.788591e-05,5.9184567277967975e-06,-6.874128013651358e-06,1.8792273939661867e-05,0.3922445461114379,-3.38716135976796e-05,-5.855533655521302e-05,-0.1961186219337869,-0.00018355503310981194,-0.19612581993670847,0.3922445461114379,-4.326775056751053e-05,-6.19924005620387e-05,-2.4475476627848665e-05,-0.1961186219337869,-0.00018651426147371034,-5.511827254838734e-05,-0.00018059580474591354,-0.19612581993670847
0.15,3,1.3125,0.0,0.0,0.8484096,3.256528e-05,3.6199355e-05,5.396850615295608e-06,-5.342346542249951e-06,1.5091984024116593e-05,0.3578108877208752,-3.344138780766526e-05,-5.529521808267813e-05,-0.17890236361513626,-0.00016243126078394543,-0.17890859867256806,0.3578108877208752,-4.098737981972356e-05,-5.7966391353803104e-05,-2.5895395795606964e-05,-0.17890236361513626,-0.00016512968609159323,-5.262404481155315e-05,-0.00015973283547629762,-0.17890859867256806
0.15,3,1.34375,0.0,0.0,0.85909635,3.1745796e-05,3.4593868e-05,4.86385209735006e-06,-4.114550334620264e-06,1.2082800733845614e-05,0.3266583759418693,-3.340608310947301e-05,-5.2498596964790315e-05,-0.16332630418922708,-0.0001437444772523621,-0.16333208670923846,0.3266583759418693,-3.944748347639582e-05,-5.455587213210045e-05,-2.7364682742550203e-05,-0.16332630418922708,-0.00014617640330103713,-5.044132179748018e-05,-0.00014131255120368707,-0.16333208670923846
0.15,3,1.375,0.0,0.0,0.86885744,3.0878808e-05,3.3044897e-05,4.344152365866327e-06,-3.1632426141757486e-06,9.655659419160675e-06,0.29849163854211214,-3.3478397235314934e-05,-5.002150481997654e-05,-0.1492431604963782,-0.00012725445571234572,-0.1492484184914032,0.29849163854211214,-3.830622694489527e-05,-5.1603126127064414e-05,-2.8650567525734597e-05,-0.1492431604963782,-0.00012942653189527888,-4.8439883512888665e-05,-0.00012508237952941256,-0.1492484184914032
0.15,3,1.40625,0.0,0.0,0.8777805,2.995445e-05,3.1560157e-05,3.856723203906048e-06,-2.528267643189634e-06,7.716558607174899e-06,0.2730321671052145,-3.349421957456406e-05,-4.7653306006560734e-05,-0.13651357445649248,-0.00011272776471052729,-0.13651847348512836,0.2730321671052145,-3.735249887815151e-05,-4.891743982815555e-05,-2.963594027097661e-05,-0.13651357445649248,-0.00011465612631248031,-4.638917218496592e-05,-0.00011079940310857427,-0.13651847348512836
0.15,3,1.4375,0.0,0.0,0.88594705,2.9029074e-05,3.014696e-05,3.4080276057201105e-06,-1.921849398521351e-06,6.159847309310761e-06,0.25002004615077444,-3.337389310766091e-05,-4.547507259610806e-05,-0.1250078270495418,-9.994647235594414e-05,-0.12501239795580493,0.25002004615077444,-3.6453816762316293e-05,-4.6435997295368736e-05,-3.0293969453005533e-05,-0.1250078270495418,-0.00010165048615880419,-4.4514147896847385e-05,-9.824245855308408e-05,-0.12501239795580493
0.15,3,1.46875,0.0,0.0,0.8934295,2.8055063e-05,2.8783166e-05,2.9883958663026212e-06,-1.7056390254127293e-06,4.92848821724871e-06,0.22921513998814258,-3.309201574023244e-05,-4.3283403746343947e-05,-0.11460542595571963,-8.870619799436117e-05,-0.11460957995927484,0.22921513998814258,-3.55562598488568e-05,-4.413622325905031e-05,-3.062777163160809e-05,-0.11460542595571963,-9.020039592751248e-05,-4.243058423363758e-05,-8.721200006120986e-05,-0.11460957995927484
0.15,3,1.5,0.0,0.0,0.9002936,2.7103608e-05,2.7490256e-05,2.6100915419559854e-06,-1.420090268343388e-06,3.960527209496013e-06,0.2103966336874754,-3.2637603404009124e-05,-4.123798490203792e-05,-0.10519635128036467,-7.882724705743729e-05,-0.10520033459485637,0.2103966336874754,-3.461786700875713e-05,-4.1948030036209616e-05,-3.065733979926112e-05,-0.10519635128036467,-8.013229282841528e-05,-4.052793976786623e-05,-7.75222012864593e-05,-0.10520033459485637
0.15,3,1.53125,0.0,0.0,0.90659827,2.6148567e-05,2.6251735e-05,2.2675894844051067e-06,-1.27545193323933e-06,3.193896274832856e-06,0.19336479145538132,-3.203855769959882e-05,-3.924817505537685e-05,-0.09668063091310412,-7.013807583163261e-05,-0.09668435428784573,0.19336479145538132,-3.3635505837015245e-05,-3.988590102199652e-05,-3.044160956218239e-05,-0.09668063091310412,-7.127187057383516e-05,-3.861044908875719e-05,-6.900428108943006e-05,-0.09668435428784573
0.15,3,1.5625,0.0,0.0,0.91239566,2.5216677e-05,2.5079833e-05,1.9640674569706973e-06,-1.0928360467854677e-06,2.5910284320676026e-06,0.17793790643337526,-3.130249656966666e-05,-3.7368066432277294e-05,-0.08896715816632676,-6.249644654071455e-05,-0.08897075574528193,0.17793790643337526,-3.259801078570046e-05,-3.791448445567003e-05,-3.0006982353632857e-05,-0.08896715816632676,-6.34784802691999e-05,-3.682164840888456e-05,-6.15144128122292e-05,-0.08897075574528193
0.15,3,1.59375,0.0,0.0,0.91773415,2.4278113e-05,2.3953162e-05,1.6928761339134353e-06,-1.0967714287337359e-06,2.1153737158560205e-06,0.1639520811860099,-3.04667779700864e-05,-3.5470674027676024e-05,-0.0819743717909159,-5.576588049106541e-05,-0.08197773922231416,0.1639520811860099,-3.152446482801441e-05,-3.601905974204289e-05,-2.940909111215839e-05,-0.0819743717909159,-5.661231855802213e-05,-3.4922288313309156e-05,-5.4919442424108695e-05,-0.08197773922231416
0.15,3,1.625,0.0,0.0,0.9226562,2.3387303e-05,2.2885417e-05,1.4530132804238538e-06,-1.0331395171869762e-06,1.751671213153557e-06,0.15126021466656925,-2.9545175423769223e-05,-3.373695288337586e-05,-0.07562856482446667,-4.983655847936577e-05,-0.07563174672235304,0.15126021466656925,-3.0421011030346e-05,-3.425352264196935e-05,-2.8669339817192444e-05,-0.07562856482446667,-5.0563065119577696e-05,-3.322038312478237e-05,-4.911005183915384e-05,-0.07563174672235304
0.15,3,1.65625,0.0,0.0,0.9271998,2.2490294e-05,2.1880489e-05,1.2447217149448228e-06,-1.0912154371650086e-06,1.4615235657340804e-06,0.13973038739815447,-2.8571051106536993e-05,-3.199032794263287e-05,-0.0698636881332693,-4.4608304011212706e-05,-0.0698667514390789,0.13973038739815447,-2.9301812889404033e-05,-3.2535935661215376e-05,-2.7840289323669953e-05,-0.0698636881332693,-4.523066486868512e-05,-3.144472022405037e-05,-4.3985943153740294e-05,-0.0698667514390789
0.15,3,1.6875,0.0,0.0,0.9314001,2.1640226e-05,2.0921758e-05,1.0577991807676247e-06,-1.0337517390686737e-06,1.2333621976770223e-06,0.12924444845230032,-2.755758160911991e-05,-3.039278925999608e-05,-0.06462083017156318,-3.998910197887547e-05,-0.06462366300274187,0.12924444845230032,-2.817426270795842e-05,-3.090966512953042e-05,-2.6940900510281397e-05,-0.06462083017156318,-4.0518001569259283e-05,-2.9875913390461743e-05,-3.946020238849166e-05,-0.06462366300274187
0.15,3,1.71875,0.0,0.0,0.9352876,2.0806507e-05,2.0009407e-05,8.981514837439961e-07,-1.0156436962495581e-06,1.0587336378388087e-06,0.1196967441391541,-2.6520967120762743e-05,-2.884679847348407e-05,-0.059847029983990205,-3.5905738774194736e-05,-0.059849669468943247,0.1196967441391541,-2.7050333939682147e-05,-2.935462032160885e-05,-2.599160030184334e-05,-0.059847029983990205,-3.6354814516066734e-05,-2.833897662535929e-05,-3.545666303232274e-05,-0.059849669468943247
0.15,3,1.75,0.0,0.0,0.9388902,2.0002291e-05,1.914681e-05,7.548455858955201e-07,-1.0939733483344115e-06,9.244512460290615e-07,0.11099261580277686,-2.547881577484438e-05,-2.7348545726511896e-05,-0.055494991766873024,-3.2288061523458094e-05,-0.05549753836915394,0.11099261580277686,-2.594104139785891e-05,-2.78955324006791e-05,-2.501659015182985e-05,-0.055494991766873024,-3.2665484316405854e-05,-2.680155905234469e-05,-3.1910638730510334e-05,-0.05549753836915394
0.15,3,1.78125,0.0,0.0,0.9422325,1.9242601e-05,1.8332348e-05,6.316595316285985e-07,-1.0701906362179e-06,8.22718791813979e-07,0.1030479260621312,-2.4436993812355185e-05,-2.596321407860743e-05,-0.05152282191514831,-2.90820091890943e-05,-0.051525163765528605,0.1030479260621312,-2.4848353208262175e-05,-2.649830939671638e-05,-2.4025634416448196e-05,-0.05152282191514831,-2.93978389549086e-05,-2.542811876049848e-05,-2.876617942328e-05,-0.051525163765528605
0.15,3,1.8125,0.0,0.0,0.94533765,1.8502604e-05,1.755924e-05,5.254764773418748e-07,-1.0796280613665533e-06,7.385567184535827e-07,0.095787617102298,-2.3410208606964352e-05,-2.462259374182217e-05,-0.047892671140231,-2.6234375887084676e-05,-0.04789492362279039,0.095787617102298,-2.3779486966191143e-05,-2.5162407772505446e-05,-2.304093024773756e-05,-0.047892671140231,-2.6497114125755613e-05,-2.4082779711138893e-05,-2.5971637648413738e-05,-0.04789492362279039
0.15,3,1.84375,0.0,0.0,0.9482256,1.780055e-05,1.6822803e-05,4.328807829941453e-07,-1.079714785371267e-06,6.729405629033423e-07,0.0891442774798662,-2.240396604765338e-05,-2.335919831596817e-05,-0.044571079584345884,-2.370236978702393e-05,-0.04457318300593617,0.0891442774798662,-2.274043632910505e-05,-2.3899055708653805e-05,-2.206749576620171e-05,-0.044571079584345884,-2.3918810178521002e-05,-2.2819340923282538e-05,-2.3485929395526857e-05,-0.04457318300593617
0.15,3,1.875,0.0,0.0,0.950915,1.7121749e-05,1.6128217e-05,3.5343805225443795e-07,-1.1014472118481625e-06,6.218692638225096e-07,0.08305803670062095,-2.1422986041705425e-05,-2.2162023573541172e-05,-0.04152800023559888,-2.1445040459638605e-05,-0.04153001039833213,0.08305803670062095,-2.173392067361668e-05,-2.2712747179465254e-05,-2.111205140979417e-05,-0.04152800023559888,-2.1621759485765824e-05,-2.161129996761709e-05,-2.1268321433511386e-05,-0.04153001039833213
0.15,3,1.90625,0.0,0.0,0.95342207,1.6477261e-05,1.5475971e-05,2.8332442156796256e-07,-1.081270102301201e-06,5.794436535775348e-07,0.07747515801598381,-2.047318301131207e-05,-2.10322685858732e-05,-0.03873662804448875,-1.94335393024366e-05,-0.0387385001787722,0.07747515801598381,-2.0762904838100837e-05,-2.15729036370238e-05,-2.0183461184523303e-05,-0.03873662804448875,-1.957520151322058e-05,-2.0491633534722598e-05,-1.929187709165262e-05,-0.0387385001787722
0.15,3,1.9375,0.0,0.0,0.9557618,1.5857073e-05,1.4850042e-05,2.2360499897533005e-07,-1.1190641433034623e-06,5.484763090802397e-07,0.07234775883066047,-1.9554747322714748e-05,-1.9943815054569974e-05,-0.03617298072975382,-1.7635890297934228e-05,-0.03617476693387607,0.07234775883066047,-1.9828985477254868e-05,-2.0503347126221705e-05,-1.9280509168174628e-05,-0.03617298072975382,-1.7747692797421893e-05,-1.9384282982918243e-05,-1.7524087798446563e-05,-0.03617476693387607
0.15,3,1.96875,0.0,0.0,0.9579481,1.5277034e-05,1.4259931e-05,1.725570933622158e-07,-1.085129677156878e-06,5.223387448526767e-07,0.06763290831048097,-1.8671067645728047e-05,-1.8940134782242392e-05,-0.033815618946593885,-1.6027339913345898e-05,-0.03381731544860288,0.06763290831048097,-1.8932237018154385e-05,-1.948269962082083e-05,-1.840989827330171e-05,-0.033815618946593885,-1.6113618460027006e-05,-1.8397569943663953e-05,-1.594106136666479e-05,-0.03381731544860288
0.15,3,2.0,0.0,0.0,0.95999295,1.4713242e-05,1.3700066e-05,1.2744521944610225e-07,-1.0406546186840244e-06,5.005900743499086e-07,0.06329224257791183,-1.7822399317212454e-05,-1.799812639753076e-05,-0.03164534585147573,-1.458637144419368e-05,-0.03164692653657946,0.06329224257791183,-1.807269435438741e-05,-1.8518453706872773e-05,-1.75721042800375e-05,-0.03164534585147573,-1.4650094053916731e-05,-1.747779908818875e-05,-1.4522648834470629e-05,-0.03164692653657946
0.15,3,2.03125,0.0,0.0,0.96190727,1.4179913e-05,1.3173001e-05,8.878510222073283e-08,-1.0538142333261537e-06,4.846330513958406e-07,0.05929129325086763,-1.700833216953493e-05,-1.7097281942210453e-05,-0.029644897446132103,-1.3293242863964775e-05,-0.029646418163334756,0.05929129325086763,-1.725064869523285e-05,-1.762418905887353e-05,-1.676601564383701e-05,-0.029644897446132103,-1.3337635415075141e-05,-1.6570374825547376e-05,-1.3248850312854409e-05,-0.029646418163334756
0.15,3,2.0625,0.0,0.0,0.9637018,1.3664129e-05,1.2664706e-05,5.4650129236236134e-08,-1.0647041203963765e-06,4.6917229448652405e-07,0.05559917789379615,-1.6233818420405602e-05,-1.622856520484806e-05,-0.027798867900445008,-1.2132147081328655e-05,-0.02780029323611216,0.05559917789379615,-1.6468404567648864e-05,-1.676091726504625e-05,-1.599923227316234e-05,-0.027798867900445008,-1.2159472145946773e-05,-1.5696213144649872e-05,-1.2104822016710537e-05,-0.02780029323611216
0.15,3,2.09375,0.0,0.0,0.96538514,1.31728875e-05,1.2184028e-05,2.7912330508332237e-08,-1.019453106811943e-06,4.5079428724267845e-07,0.05218814237615893,-1.5491590274746905e-05,-1.545588911389562e-05,-0.026093374557986736,-1.1085505315244488e-05,-0.026094751059980152,0.05218814237615893,-1.5716987418368245e-05,-1.596561566730159e-05,-1.5266193131125566e-05,-0.026093374557986736,-1.1099461480498654e-05,-1.4946162560489648e-05,-1.1071549149990322e-05,-0.026094751059980152
0.15,3,2.125,0.0,0.0,0.9669662,1.2706608e-05,1.1729929e-05,3.782953946840709e-09,-1.0178597501840983e-06,4.37770245213364e-07,0.04903321992893933,-1.4786317388746717e-05,-1.4685384896834849e-05,-0.024515928443993994,-1.0143770353290816e-05,-0.024517244924084934,0.04903321992893933,-1.50052025113534e-05,-1.5194314771926898e-05,-1.4567432266140035e-05,-0.024515928443993994,-1.0145661830264236e-05,-1.41764550217428e-05,-1.0141878876317395e-05,-0.024517244924084934
0.15,3,2.15625,0.0,0.0,0.96845233,1.2260594e-05,1.1300654e-05,-1.7180610289687162e-08,-1.0139450884218137e-06,4.27035143725496e-07,0.04611192522911112,-1.411306033575685e-05,-1.3958086860678051e-05,-0.0230553576750796,-9.293167993853807e-06,-0.023056580597407093,0.04611192522911112,-1.4326577907619598e-05,-1.4465059404888958e-05,-1.3899542763894102e-05,-0.0230553576750796,-9.284577688708964e-06,-1.3451114316467144e-05,-9.30175829899865e-06,-0.023056580597407093
0.15,3,2.1875,0.0,0.0,0.9698504,1.18471235e-05,1.0894465e-05,-3.266774163440851e-08,-9.952547527058552e-07,4.13656105588368e-07,0.043404099246540095,-1.3474078584764537e-05,-1.3297424977029592e-05,-0.02170145234908965,-8.52425878783761e-06,-0.021702628275310745,0.043404099246540095,-1.368090663755872e-05,-1.379505235338252e-05,-1.3267250531970353e-05,-0.02170145234908965,-8.507924917020406e-06,-1.2799797600676665e-05,-8.540592658654814e-06,-0.021702628275310745
0.15,3,2.21875,0.0,0.0,0.97116697,1.1438909e-05,1.05034305e-05,-4.67286100714389e-08,-9.688801228717805e-07,4.0468503008806583e-07,0.040891390977620845,-1.2867288191142131e-05,-1.265753791098367e-05,-0.020445150584259723,-7.82872679120424e-06,-0.020446279512898742,0.040891390977620845,-1.3069630706186164e-05,-1.314197797241956e-05,-1.2664945676098098e-05,-0.020445150584259723,-7.80536248616852e-06,-1.217309784954778e-05,-7.852091096239959e-06,-0.020446279512898742
0.15,3,2.25,0.0,0.0,0.9724079,1.104309e-05,1.012682e-05,-5.99996423976748e-08,-9.498158837857509e-07,3.9349661761791353e-07,0.038557397001330984,-1.2289798686118615e-05,-1.2059017754663327e-05,-0.01927817057506203,-7.19868166729914e-06,-0.019279245056993723,0.038557397001330984,-1.2486546994927572e-05,-1.2533925696556203e-05,-1.2093050377309658e-05,-0.01927817057506203,-7.168681846100302e-06,-1.1584109812770452e-05,-7.228681488497977e-06,-0.019279245056993723
0.15,3,2.28125,0.0,0.0,0.9735786,1.068496e-05,9.7770135e-06,-6.89859133407543e-08,-9.130065090610408e-07,3.828756403514034e-07,0.03638714399722598,-1.174102835180648e-05,-1.150345373057758e-05,-0.01819307408811174,-6.626711215576911e-06,-0.018194082950975913,0.03638714399722598,-1.1932466171982181e-05,-1.19599569851081e-05,-1.1549590531630778e-05,-0.01819307408811174,-6.592218258906534e-06,-1.104695047604706e-05,-6.661204172247288e-06,-0.018194082950975913
0.15,3,2.3125,0.0,0.0,0.97468376,1.0329626e-05,9.44184e-06,-7.694058067140436e-08,-9.199963645093942e-07,3.7092585914127833e-07,0.03436718098724406,-1.1220881433459035e-05,-1.0952015694855408e-05,-0.017183100244159467,-6.107510380607773e-06,-0.017184062119784363,0.03436718098724406,-1.1406344363029675e-05,-1.1412013877110105e-05,-1.1035418503888396e-05,-0.017183100244159467,-6.0690400902720706e-06,-1.0492017512600711e-05,-6.145980670943475e-06,-0.017184062119784363
0.15,3,2.34375,0.0,0.0,0.9757279,9.995733e-06,9.119491e-06,-8.398472207266083e-08,-8.833172221542774e-07,3.606346956498002e-07,0.03248523090267691,-1.0726500520591951e-05,-1.0448846055716838e-05,-0.016242151485412498,-5.634787460174996e-06,-0.016243068243605396,0.03248523090267691,-1.0906817868416852e-05,-1.0890504666793976e-05,-1.0546183172767051e-05,-0.016242151485412498,-5.592795099138665e-06,-1.0007187444639699e-05,-5.676779821211326e-06,-0.016243068243605396
0.15,3,2.375,0.0,0.0,0.9767154,9.662297e-06,8.810348e-06,-8.942474703311012e-08,-8.272470448935591e-07,3.49244203927011e-07,0.03073021370896789,-1.0258722624648998e-05,-9.992538078859472e-06,-0.015364674756867482,-5.2042136742169644e-06,-0.015365544542539985,0.03073021370896789,-1.0433344726612503e-05,-1.0406161601306252e-05,-1.0084100522685492e-05,-0.015364674756867482,-5.159501300700409e-06,-9.578914556412693e-06,-5.2489260477335195e-06,-0.015365544542539985
0.15,3,2.40625,0.0,0.0,0.97764987,9.354289e-06,8.515972e-06,-9.426503305839593e-08,-8.130832350454909e-07,3.3905896982384075e-07,0.029092045158768842,-9.813483518177871e-06,-9.539738370326393e-06,-0.014545599993281786,-4.811979325482435e-06,-0.01454643399202236,0.029092045158768842,-9.983013003089791e-06,-9.946279987849138e-06,-9.64395403326595e-06,-0.014545599993281786,-4.764846808953237e-06,-9.133196752803647e-06,-4.859111842011633e-06,-0.01454643399202236
0.15,3,2.4375,0.0,0.0,0.9785347,9.056678e-06,8.2389415e-06,-9.77733768323108e-08,-8.001317656758638e-07,3.2868871732466727e-07,0.02756154653329429,-9.391914978133602e-06,-9.106078511262315e-06,-0.013780366706765692,-4.453722247171107e-06,-0.013781166790862786,0.02756154653329429,-9.556259336795936e-06,-9.506144394100247e-06,-9.227570619471269e-06,-0.013780366706765692,-4.404835558754951e-06,-8.706012628424383e-06,-4.502608935587262e-06,-0.013781166790862786
0.15,3,2.46875,0.0,0.0,0.97937346,8.776131e-06,7.974232e-06,-9.906068401243501e-08,-7.772716149833086e-07,3.1808220232873094e-07,0.026130344396308625,-8.991084900363726e-06,-8.70109095814592e-06,-0.013064795628548578,-4.126170980461473e-06,-0.013065566465048641,0.026130344396308625,-9.150126001528092e-06,-9.089726765637574e-06,-8.83204379919936e-06,-0.013064795628548578,-4.076640638455255e-06,-8.312455150654265e-06,-4.17570132246769e-06,-0.013065566465048641
0.15,3,2.5,0.0,0.0,0.98016894,8.510739e-06,7.723096e-06,-1.0097494333835728e-07,-7.326707616515504e-07,3.063421200209457e-07,0.02479087776872005,-8.61165490966551e-06,-8.335892227605648e-06,-0.01239508205522702,-3.826744417250783e-06,-0.012395804097172149,0.02479087776872005,-8.764825969675982e-06,-8.702227608431423e-06,-8.458483849655037e-06,-0.01239508205522702,-3.7762569455816047e-06,-7.969556846779873e-06,-3.877231888919962e-06,-0.012395804097172149
0.15,3,2.53125,0.0,0.0,0.9809237,8.246283e-06,7.4752506e-06,-1.021363404097534e-07,-7.199240258969671e-07,2.9742739397113985e-07,0.023536199881996817,-8.250120995933119e-06,-7.969160366742595e-06,-0.011767759121586792,-3.552667557810336e-06,-0.011768455663134312,0.023536199881996817,-8.398834692918689e-06,-8.329122379691078e-06,-8.101407298947549e-06,-0.011767759121586792,-3.5015993876054592e-06,-7.609198353794111e-06,-3.6037357280152126e-06,-0.011768455663134312
0.15,3,2.5625,0.0,0.0,0.9816407,8.010675e-06,7.245407e-06,-1.0235962176561447e-07,-6.787660945990499e-07,2.8672252977510887e-07,0.022359943356111744,-7.908021760538297e-06,-7.634956719048346e-06,-0.011179643137405361,-3.3011300576250846e-06,-0.011180302082615806,0.022359943356111744,-8.051383025425851e-06,-7.974339766347871e-06,-7.764660495650742e-06,-0.011179643137405361,-3.2499502467422774e-06,-7.295573671748821e-06,-3.352309868507892e-06,-0.011180302082615806
0.15,3,2.59375,0.0,0.0,0.98232204,7.770917e-06,7.0231285e-06,-1.0230021934936034e-07,-6.862997134114918e-07,2.7676063737720313e-07,0.02125632779327627,-7.582293605022628e-06,-7.301508651820835e-06,-0.010627848560725238,-3.0699875617033333e-06,-0.010628485753392815,0.02125632779327627,-7.72067392371123e-06,-7.64465850852658e-06,-7.443913286334027e-06,-0.010627848560725238,-3.018837452028653e-06,-6.958358795115089e-06,-3.1211376713780135e-06,-0.010628485753392815
0.15,3,2.625,0.0,0.0,0.98296994,7.544408e-06,6.815356e-06,-1.0207401154676242e-07,-6.47560481851139e-07,2.674994998350241e-07,0.020220042190791127,-7.27297411895158e-06,-6.998218468943812e-06,-0.010109712439097321,-2.8578927493307224e-06,-0.010110326027872804,0.020220042190791127,-7.406723868869092e-06,-7.321998709869382e-06,-7.139224369034068e-06,-0.010109712439097321,-2.806855743557341e-06,-6.674438228018243e-06,-2.9089297551041036e-06,-0.010110326027872804
0.15,3,2.65625,0.0,0.0,0.98358643,7.3191427e-06,6.605698e-06,-1.0085224768610797e-07,-6.33360679695846e-07,2.5691532207065305e-07,0.01924622200713544,-6.979354244818973e-06,-6.7103002561941976e-06,-0.009622815540699662,-2.6626439383808714e-06,-0.009623406468118798,0.01924622200713544,-7.1078119058543e-06,-7.0269805960421206e-06,-6.850896583783647e-06,-0.009622815540699662,-2.6122178145378174e-06,-6.393619916346275e-06,-2.7130700622239254e-06,-0.009623406468118798
0.15,3,2.6875,0.0,0.0,0.9841734,7.111621e-06,6.410546e-06,-1.0025559107884868e-07,-6.069379009828986e-07,2.4730576451167767e-07,0.0183304128822335,-6.699784675362323e-06,-6.436289963917695e-06,-0.009164928822832371,-2.4829769480621557e-06,-0.009165485924099647,0.0183304128822335,-6.823437557618162e-06,-6.739758914409144e-06,-6.576131793106484e-06,-0.009164928822832371,-2.4328491525227314e-06,-6.1328210134262455e-06,-2.53310474360158e-06,-0.009165485924099647
0.15,3,2.71875,0.0,0.0,0.9847326,6.91449e-06,6.2264967e-06,-9.897229333636313e-08,-5.94627529992408e-07,2.3785947783465117e-07,0.017468530361866436,-6.434416036011617e-06,-6.169995211164009e-06,-0.008733985843468427,-2.317342122226977e-06,-0.008734531481219165,0.017468530361866436,-6.5533457749289425e-06,-6.467308976160213e-06,-6.315486297094291e-06,-0.008733985843468427,-2.2678559755587952e-06,-5.872681446167805e-06,-2.3668282688951584e-06,-0.008734531481219165
0.15,3,2.75,0.0,0.0,0.9852658,6.71589e-06,6.042175e-06,-9.739807196548246e-08,-5.771281848932332e-07,2.2932485747493257e-07,0.016656774667915403,-6.181408512948472e-06,-5.9187700131935e-06,-0.008328132349399145,-2.164363238990781e-06,-0.008328646045215327,0.016656774667915403,-6.296070941685938e-06,-6.2073341056401166e-06,-6.066746084211006e-06,-0.008328132349399145,-2.11566420300804e-06,-5.630205920746883e-06,-2.2130622749735223e-06,-0.008328646045215327
0.15,3,2.78125,0.0,0.0,0.98577416,6.539038e-06,5.8765486e-06,-9.620711696680002e-08,-5.486394768109771e-07,2.2038316153656472e-07,0.015891742696112265,-5.940927347217206e-06,-5.685120499801337e-06,-0.007945623947278862,-2.023395549032958e-06,-0.007946119681435404,0.015891742696112265,-6.051118927985488e-06,-5.959440238206826e-06,-5.8307357664489235e-06,-0.007945623947278862,-1.975291990549558e-06,-5.410800761395849e-06,-2.071499107516358e-06,-0.007946119681435404
0.15,3,2.8125,0.0,0.0,0.9862594,6.3514126e-06,5.703897e-06,-9.449821912249547e-08,-5.275750202411158e-07,2.104525724786789e-07,0.015170191494904506,-5.712452040674372e-06,-5.461810225668954e-06,-0.007584859650822918,-1.8928882709471685e-06,-0.0075853355708423754,0.015170191494904506,-5.817678326913711e-06,-5.725597735789512e-06,-5.607225754435032e-06,-0.007584859650822918,-1.8456391613859207e-06,-5.198022715548396e-06,-1.940137380508416e-06,-0.0075853355708423754
0.15,3,2.84375,0.0,0.0,0.9867227,6.1748487e-06,5.54093e-06,-9.245277965419518e-08,-5.041718263827872e-07,2.0236958835550753e-07,0.014489229982486446,-5.494185979592172e-06,-5.25456197934224e-06,-0.007244386468048252,-1.772363492284594e-06,-0.007244848171755595,0.014489229982486446,-5.595370773769925e-06,-5.506647892533634e-06,-5.393001185414418e-06,-0.007244386468048252,-1.7261371024574965e-06,-5.002476066150847e-06,-1.8185898821116916e-06,-0.007244848171755595
0.15,3,2.875,0.0,0.0,0.9871654,6.015365e-06,5.3932426e-06,-9.035679172843952e-08,-4.852000869484674e-07,1.9411997084610184e-07,0.01384614076006302,-5.287070151170062e-06,-5.052715748073838e-06,-0.006922850822763525,-1.6607076045542773e-06,-0.006923291334832261,0.01384614076006302,-5.384130136593113e-06,-5.295315791548072e-06,-5.190010165747011e-06,-0.006922850822763525,-1.6155292086900575e-06,-4.810115704599605e-06,-1.705886000418497e-06,-0.006923291334832261
0.15,3,2.90625,0.0,0.0,0.98758847,5.8589567e-06,5.244854e-06,-8.882614166481981e-08,-4.7393334261670167e-07,1.8584374703056218e-07,0.0132384141344781,-5.088916403897417e-06,-4.860194781219126e-06,-0.006618990417768037,-1.5572288222607937e-06,-0.0066194116101390464,0.0132384141344781,-5.181838277412698e-06,-5.097161452527477e-06,-4.995994530382136e-06,-0.006618990417768037,-1.5128157514283837e-06,-4.623228109910775e-06,-1.6016418930932036e-06,-0.0066194116101390464
0.15,3,2.9375,0.0,0.0,0.9879931,5.7053603e-06,5.1046827e-06,-8.674119494976162e-08,-4.568822192458147e-07,1.7761051402428573e-07,0.012663735436911128,-4.9003131909445435e-06,-4.6735010845347195e-06,-0.0063316614229357825,-1.46132452500449e-06,-0.006332070755180235,0.012663735436911128,-4.989118447956686e-06,-4.901942194157627e-06,-4.811507933932401e-06,-0.0063316614229357825,-1.4179539275296091e-06,-4.445059974911812e-06,-1.5046951224793707e-06,-0.006332070755180235
0.15,3,2.96875,0.0,0.0,0.98838025,5.5497812e-06,4.964946e-06,-8.458958694482557e-08,-4.482618999950786e-07,1.706555616141827e-07,0.012119975956098483,-4.720235883055109e-06,-4.493238556887188e-06,-0.006059789703894598,-1.3721994669938387e-06,-0.006060186719031828,0.012119975956098483,-4.8055636638622e-06,-4.717369506884728e-06,-4.6349081022480174e-06,-0.006059789703894598,-1.329904673521426e-06,-4.269107606889649e-06,-1.4144942604662515e-06,-0.006060186719031828
0.15,3,3.0,0.0,0.0,0.98875093,5.4143024e-06,4.8352986e-06,-8.247924658435612e-08,-4.27594341005557e-07,1.6341637224881814e-07,0.011605168859909115,-4.5482324187811046e-06,-4.3292340787461515e-06,-0.005802399294829198,-1.2894542193204344e-06,-0.0058027746880115515,0.011605168859909115,-4.629940604905514e-06,-4.54303124924893e-06,-4.4665242326566955e-06,-0.005802399294829198,-1.2482145960282564e-06,-4.115436908243373e-06,-1.3306938426126125e-06,-0.0058027746880115515
0.15,3,3.03125,0.0,0.0,0.9891058,5.2767355e-06,4.7119574e-06,-8.052185717884793e-08,-4.149153687644158e-07,1.5505382539244064e-07,0.01111748409622465,-4.3851986707688344e-06,-4.173409006501792e-06,-0.005558558872091129,-1.2123222612985397e-06,-0.0055589201019687565,0.01111748409622465,-4.462725583465055e-06,-4.380866690884e-06,-4.307671758072614e-06,-0.005558558872091129,-1.1720613327091157e-06,-3.965951322119584e-06,-1.2525831898879637e-06,-0.0055589201019687565
0.15,3,3.0625,0.0,0.0,0.98944604,5.143673e-06,4.589277e-06,-7.85413335996181e-08,-4.0068902963891033e-07,1.4944706576837212e-07,0.010655199479870953,-4.228186887810675e-06,-4.020153117059917e-06,-0.005327424107470336,-1.1408510785410357e-06,-0.005327776304090478,0.010655199479870953,-4.302910420694861e-06,-4.220497631879372e-06,-4.153463354926489e-06,-0.005327424107470336,-1.1015804117412266e-06,-3.8198086022404616e-06,-1.1801217453408447e-06,-0.005327776304090478
0.15,3,3.09375,0.0,0.0,0.9897721,5.0208105e-06,4.4738063e-06,-7.632392164916464e-08,-3.855053939757916e-07,1.4269543531801512e-07,0.01021677228706952,-4.07842693447006e-06,-3.874064286545499e-06,-0.005108215722553615,-1.0742675087521258e-06,-0.005108553771118349,0.01021677228706952,-4.149774652129068e-06,-4.0668169835333945e-06,-4.007079216811053e-06,-0.005108215722553615,-1.0361055479275435e-06,-3.681311589557603e-06,-1.112429469576708e-06,-0.005108553771118349
0.15,3,3.125,0.0,0.0,0.9900848,4.8965903e-06,4.3611562e-06,-7.454598073314452e-08,-3.64251847603087e-07,1.358145784054448e-07,0.009800705884582622,-3.936113710029305e-06,-3.7410975983882236e-06,-0.004900193782726091,-1.012249996624093e-06,-0.004900521415712918,0.009800705884582622,-4.0040209992320275e-06,-3.923223522189767e-06,-3.868206420826583e-06,-0.004900193782726091,-9.749770062575207e-07,-3.55897167458668e-06,-1.0495229869906652e-06,-0.004900521415712918
0.15,3,3.15625,0.0,0.0,0.9903848,4.7781077e-06,4.251489e-06,-7.264036107834052e-08,-3.5474823313402445e-07,1.295704228509607e-07,0.009405680797978364,-3.7994731433627278e-06,-3.609357379982499e-06,-0.004702686443732083,-9.542383775495837e-07,-0.00470299714878958,0.009405680797978364,-3.864258354788208e-06,-3.7867314965495114e-06,-3.7346879319372474e-06,-0.004702686443732083,-9.179181970104134e-07,-3.431983263415487e-06,-9.90558558088754e-07,-0.00470299714878958
0.15,3,3.1875,0.0,0.0,0.9906729,4.6623945e-06,4.1457497e-06,-7.04273188166342e-08,-3.344176317341546e-07,1.2386644723187245e-07,0.00903040724739193,-3.668968586781655e-06,-3.4875132159340946e-06,-0.004515050678648656,-9.001300307569628e-07,-0.004515350981662951,0.00903040724739193,-3.730901810397591e-06,-3.654722031801172e-06,-3.6070353631657186e-06,-0.004515050678648656,-8.649163713486457e-07,-3.3203044000670173e-06,-9.353436901652799e-07,-0.004515350981662951
0.15,3,3.21875,0.0,0.0,0.99094945,4.543456e-06,4.0354544e-06,-6.855075452823298e-08,-3.2829559746497695e-07,1.1759701852912235e-07,0.008673709541482832,-3.544220367223945e-06,-3.3589304638081247e-06,-0.0043367079546927255,-8.497525194268497e-07,-0.004337006709591542,0.008673709541482832,-3.6030188764885063e-06,-3.523078262540613e-06,-3.485421857959384e-06,-0.0043367079546927255,-8.154771421627332e-07,-3.1947826650756362e-06,-8.840278966909662e-07,-0.004337006709591542
0.15,3,3.25,0.0,0.0,0.99121517,4.446392e-06,3.947226e-06,-6.660825093882886e-08,-3.140373120498908e-07,1.1175145840603903e-07,0.00833450796874112,-3.424621927518518e-06,-3.2459307064937803e-06,-0.004167109569152974,-8.02575238131539e-07,-0.004167397468815031,0.00833450796874112,-3.4804976567215373e-06,-3.4029493625187257e-06,-3.3687461983154983e-06,-0.004167109569152974,-7.692711126621246e-07,-3.088912050468835e-06,-8.358793636009535e-07,-0.004167397468815031
0.15,3,3.28125,0.0,0.0,0.9914706,4.344931e-06,3.851138e-06,-6.477033351705904e-08,-3.0398953222232974e-07,1.0690110317681904e-07,0.008011766191319727,-3.3101013840538965e-06,-3.134411679840297e-06,-0.004005745734848308,-7.584327888695837e-07,-0.00400601766278197,0.008011766191319727,-3.363551935642306e-06,-3.286406445951462e-06,-3.256650832465487e-06,-0.004005745734848308,-7.260476221110541e-07,-2.982416913729132e-06,-7.908179556281132e-07,-0.00400601766278197
0.15,3,3.3125,0.0,0.0,0.9917161,4.2381785e-06,3.7569434e-06,-6.309617336171681e-08,-2.9827372736632423e-07,1.0096232929822802e-07,0.0077045363892731256,-3.200279431086366e-06,-3.0302505707128905e-06,-0.003852138816899946,-7.171521247200069e-07,-0.003852404557744317,0.0077045363892731256,-3.25076059573548e-06,-3.1793874343960526e-06,-3.149798266437252e-06,-0.003852138816899946,-6.856040380391485e-07,-2.8811137070297284e-06,-7.487002114008653e-07,-0.003852404557744317
0.15,3,3.34375,0.0,0.0,0.99195224,4.1405074e-06,3.6676197e-06,-6.115730842874614e-08,-2.835067705517485e-07,9.632281338278932e-08,0.00741193917298498,-3.095746004479704e-06,-2.9269972261532088e-06,-0.0037058426013629117,-6.784773782212588e-07,-0.0037061002977808667,0.00741193917298498,-3.1439074111710985e-06,-3.068750611429083e-06,-3.047584597788309e-06,-0.0037058426013629117,-6.478987240068857e-07,-2.7852438408773345e-06,-7.090560324356319e-07,-0.0037061002977808667
0.15,3,3.375,0.0,0.0,0.9921794,4.051313e-06,3.5847768e-06,-5.946542012372647e-08,-2.733150824186679e-07,9.155518170358458e-08,0.0071331471932450236,-2.994903060734677e-06,-2.8310186925050774e-06,-0.003566449699541378,-6.424278179651072e-07,-0.003566696562717194,0.0071331471932450236,-3.0406806515864693e-06,-2.9676762337144114e-06,-2.9491254698828847e-06,-0.003566449699541378,-6.12695107903244e-07,-2.6943611512957434e-06,-6.721605280269704e-07,-0.003566696562717194
0.15,3,3.40625,0.0,0.0,0.99239814,3.959748e-06,3.5032729e-06,-5.779916649781931e-08,-2.6106785190718783e-07,8.671251946942285e-08,0.006867369180349858,-2.8984323933033574e-06,-2.7415918278020227e-06,-0.0034335656417106004,-6.083400788464363e-07,-0.0034338058675328033,0.006867369180349858,-2.941788653038069e-06,-2.8721257537556166e-06,-2.855076133568646e-06,-0.0034335656417106004,-5.794404955975266e-07,-2.611057901848429e-06,-6.372396620953459e-07,-0.0034338058675328033
0.15,3,3.4375,0.0,0.0,0.9926087,3.8727503e-06,3.4204131e-06,-5.6007601195891526e-08,-2.546848819506191e-07,8.166727540282132e-08,0.006613890309477566,-2.805912882589411e-06,-2.65200960405113e-06,-0.003306829289509529,-5.765234931721399e-07,-0.003307059855907701,0.006613890309477566,-2.8467465202908215e-06,-2.7793520450264397e-06,-2.7650792448880002e-06,-0.003306829289509529,-5.485196925741941e-07,-2.5246671630758206e-06,-6.045272937700856e-07,-0.003307059855907701
0.15,3,3.46875,0.0,0.0,0.9928117,3.77801e-06,3.3375527e-06,-5.432733724127989e-08,-2.489315417506942e-07,7.77434914853571e-08,0.006372031974412842,-2.7167271759960326e-06,-2.562966762287934e-06,-0.003185906462976995,-5.465221843957446e-07,-0.003186127607309617,0.006372031974412842,-2.755598921738711e-06,-2.687432533163281e-06,-2.677855430253354e-06,-0.003185906462976995,-5.193585157751046e-07,-2.4385009914125867e-06,-5.736858530163845e-07,-0.003186127607309617
0.15,3,3.5,0.0,0.0,0.9930071,3.7020031e-06,3.2655796e-06,-5.2672820792033e-08,-2.3205375698553748e-07,7.354539302301816e-08,0.0061411632331656585,-2.631492280512262e-06,-2.4833162479431803e-06,-0.0030704749389084086,-5.186074732281846e-07,-0.0030706908564626014,0.0061411632331656585,-2.668264977023771e-06,-2.599343126435949e-06,-2.594719584000753e-06,-0.0030704749389084086,-4.922710628321681e-07,-2.3672893694504115e-06,-5.449438836242011e-07,-0.0030706908564626014
0.15,3,3.53125,0.0,0.0,0.9931956,3.6291924e-06,3.2009514e-06,-5.120326507181052e-08,-2.2198308394168241e-07,6.882714304794289e-08,0.005920686617223489,-2.5499352502668447e-06,-2.4062628407320525e-06,-0.0029602373790367153,-4.921954007682601e-07,-0.002960447841133049,0.005920686617223489,-2.584348821790816e-06,-2.5172543827028937e-06,-2.5155216787428733e-06,-0.0029602373790367153,-4.6659376823235486e-07,-2.2952712987612113e-06,-5.177970333041654e-07,-0.002960447841133049
0.15,3,3.5625,0.0,0.0,0.9933773,3.540202e-06,3.1184854e-06,-4.9721684710051645e-08,-2.1755858227727638e-07,6.526505516346636e-08,0.005710039753532278,-2.4713925559927683e-06,-2.3310720908886534e-06,-0.0028549195836701175,-4.6737908992441684e-07,-0.0028551224988094966,0.005710039753532278,-2.5040250835745015e-06,-2.4398513820272916e-06,-2.438760028411035e-06,-0.0028549195836701175,-4.42518247569391e-07,-2.222292799750015e-06,-4.922399322794427e-07,-0.0028551224988094966
0.15,3,3.59375,0.0,0.0,0.99355257,3.4708523e-06,3.0558726e-06,-4.8207738028924196e-08,-2.0376588076695314e-07,6.247764568168782e-08,0.005508711412856138,-2.3954699547650243e-06,-2.261733122114432e-06,-0.002754257089246463,-4.439303974606624e-07,-0.002754454789538902,0.005508711412856138,-2.4267087776058682e-06,-2.3636160624979086e-06,-2.3642311319241804e-06,-0.002754257089246463,-4.198265284462003e-07,-2.1598501817309554e-06,-4.680342664751245e-07,-0.002754454789538902
0.15,3,3.625,0.0,0.0,0.99372166,3.3988672e-06,2.9904566e-06,-4.686565791261338e-08,-2.0354160802584127e-07,5.842555284897317e-08,0.005316195132594695,-2.3232300620329937e-06,-2.1888542946841205e-06,-0.0026580029517262217,-4.2200349927593245e-07,-0.002658193345340521,0.005316195132594695,-2.3524428384574803e-06,-2.290625098697041e-06,-2.294017285608507e-06,-0.0026580029517262217,-3.9857067031962576e-07,-2.0870834906712e-06,-4.4543632823223914e-07,-0.002658193345340521
0.15,3,3.65625,0.0,0.0,0.9938849,3.3233366e-06,2.9212829e-06,-4.5530196102086615e-08,-1.947694793619204e-07,5.479412486952438e-08,0.005132047141129914,-2.2530492239831188e-06,-2.1224342898970583e-06,-0.0025659292313707028,-4.0130673783608426e-07,-0.0025661144172707978,0.005132047141129914,-2.280446286417881e-06,-2.2198190295780185e-06,-2.2256521615483566e-06,-0.0025659292313707028,-3.7854163978504095e-07,-2.025049550216098e-06,-4.2407183588712757e-07,-0.0025661144172707978
0.15,3,3.6875,0.0,0.0,0.9940425,3.2563653e-06,2.8590434e-06,-4.4244277696962354e-08,-1.9130632470775854e-07,5.215048291877479e-08,0.004955823191697489,-2.1858587653311517e-06,-2.055539461374436e-06,-0.0024778214887159733,-3.817371496945112e-07,-0.002477999840427121,0.004955823191697489,-2.211934006790539e-06,-2.1511926237283152e-06,-2.1597835238717643e-06,-0.0024778214887159733,-3.5961501084603e-07,-1.9598862990205567e-06,-4.0385928854299235e-07,-0.002477999840427121
0.15,3,3.71875,0.0,0.0,0.99419475,3.1935451e-06,2.8041236e-06,-4.289440957148168e-08,-1.889616294639706e-07,4.8758395738296174e-08,0.004787118301407531,-2.121231823706474e-06,-1.9929432166036754e-06,-0.002393470247163266,-3.6336650463715536e-07,-0.0023936468901562683,0.004787118301407531,-2.145611021575622e-06,-2.0874240313356607e-06,-2.0968526258373257e-06,-0.002393470247163266,-3.419192998514145e-07,-1.89846240187169e-06,-3.848137094228962e-07,-0.0023936468901562683
0.15,3,3.75,0.0,0.0,0.9943418,3.1253435e-06,2.7429737e-06,-4.168168030237e-08,-1.7528265782091376e-07,4.583928717714122e-08,0.004625553850854142,-2.059141152752086e-06,-1.93668776144498e-06,-0.002312691552322413,-3.460118722886608e-07,-0.002312861134554795,0.004625553850854142,-2.0820607963406568e-06,-2.0243290903554367e-06,-2.0362215091635156e-06,-0.002312691552322413,-3.251710321374758e-07,-1.849046432534523e-06,-3.668527124398458e-07,-0.002312861134554795
0.15,3,3.78125,0.0,0.0,0.9944839,3.0669971e-06,2.6905823e-06,-4.0431519458979364e-08,-1.7087740221248277e-07,4.2766102245292165e-08,0.004470765613663261,-1.9994688287687816e-06,-1.8781109796883549e-06,-0.0022353011953601546,-3.296102420972545e-07,-0.0022354646510858076,0.004470765613663261,-2.0208518798914277e-06,-1.9635496807945962e-06,-1.9780857776461355e-06,-0.0022353011953601546,-3.093944823677648e-07,-1.7926722785821135e-06,-3.498260018267442e-07,-0.0022354646510858076
0.15,3,3.8125,0.0,0.0,0.9946213,3.0075107e-06,2.634998e-06,-3.9264897131808304e-08,-1.624756470816201e-07,3.9588767385340725e-08,0.004322412722857924,-1.94191437422945e-06,-1.8242142903159215e-06,-0.0021611282775519528,-3.141072080385459e-07,-0.0021612863080705457,0.004322412722857924,-1.9617087579221204e-06,-1.9054521138567315e-06,-1.9221199905367797e-06,-0.0021611282775519528,-2.9447475947264176e-07,-1.7429764667751114e-06,-3.3373965660445006e-07,-0.0021612863080705457
0.15,3,3.84375,0.0,0.0,0.9947541,2.9426797e-06,2.5762088e-06,-3.813610066914818e-08,-1.5939230716273097e-07,3.71499618787843e-08,0.004180186169409447,-1.8863516706464222e-06,-1.7707116061450813e-06,-0.00209001550018795,-2.9951398322833876e-07,-0.002090169272340655,0.004180186169409447,-1.9049266515858143e-06,-1.8504077597264468e-06,-1.86777668970703e-06,-0.00209001550018795,-2.8044593289376467e-07,-1.6910154525637158e-06,-3.1858203356291285e-07,-0.002090169272340655
0.15,3,3.875,0.0,0.0,0.99488264,2.8887248e-06,2.5288714e-06,-3.704237661625396e-08,-1.5103630351308512e-07,3.4773669663917296e-08,0.004043774914249024,-1.8327182690635354e-06,-1.7205970393068318e-06,-0.0020218138631230217,-2.856887265285956e-07,-0.0020219626809931117,0.004043774914249024,-1.850105103895494e-06,-1.7961151910633744e-06,-1.8153314342315768e-06,-0.0020218138631230217,-2.6716753822046864e-07,-1.6450788875502892e-06,-3.042099148367226e-07,-0.0020219626809931117
0.15,3,3.90625,0.0,0.0,0.9950069,2.830372e-06,2.4735564e-06,-3.58552882246386e-08,-1.4555737305038934e-07,3.193992181052237e-08,0.003912899048165948,-1.7810972653310318e-06,-1.672038276844727e-06,-0.0019563778241716333,-2.7258144766527056e-07,-0.0019565212245635953,0.003912899048165948,-1.797067226236293e-06,-1.7448169633699218e-06,-1.7651273044257706e-06,-0.0019563778241716333,-2.5465380355295126e-07,-1.5992595903195324e-06,-2.9050909177758986e-07,-0.0019565212245635953
0.15,3,3.9375,0.0,0.0,0.9951272,2.7776875e-06,2.425942e-06,-3.4945600198125776e-08,-1.4051329195433233e-07,2.996456574305608e-08,0.00378728753118044,-1.731311784458373e-06,-1.6232651880819645e-06,-0.0018935725613677694,-2.602371632624454e-07,-0.0018937131077807396,0.00378728753118044,-1.746294067329901e-06,-1.6935218340591307e-06,-1.716329501586845e-06,-0.0018935725613677694,-2.4276436316338253e-07,-1.5530085421047984e-06,-2.777099633615083e-07,-0.0018937131077807396
0.15,3,3.96875,0.0,0.0,0.99524367,2.7254691e-06,2.3806633e-06,-3.3961075648078834e-08,-1.3037532110279698e-07,2.7438423799372186e-08,0.0036666899208371573,-1.683714779535274e-06,-1.5807479125621454e-06,-0.001833277277224686,-2.4852495626931977e-07,-0.0018334140406001346,0.0036666899208371573,-1.69743399143496e-06,-1.6459355731135439e-06,-1.669995567635588e-06,-0.001833277277224686,-2.3154441844528036e-07,-1.515560252010747e-06,-2.655054940933592e-07,-0.0018334140406001346
0.15,3,4.0,0.0,0.0,0.9953564,2.6806981e-06,2.3379766e-06,-3.2914152984229225e-08,-1.3109341946785638e-07,2.5715615307206167e-08,0.0035508673694337606,-1.637094168170357e-06,-1.533527527852334e-06,-0.0017753676590616,-2.3747226950753615e-07,-0.0017755008743975177,0.0035508673694337606,-1.64995197582396e-06,-1.599074237586262e-06,-1.6242363605167539e-06,-0.0017753676590616,-2.2101519301542154e-07,-1.4679808181184057e-06,-2.5392934599965077e-07,-0.0017755008743975177
0.15,3,4.03125,0.0,0.0,0.99546564,2.6217149e-06,2.2863564e-06,-3.198640251413998e-08,-1.2782669816998335e-07,2.340963740563029e-08,0.003439597355270267,-1.5925697704841785e-06,-1.4909915522502606e-06,-0.001719734425311435,-2.2694097659249689e-07,-0.001719864094686393,0.003439597355270267,-1.6042745891869936e-06,-1.5549049013352523e-06,-1.5808649517813633e-06,-0.001719734425311435,-2.109477753354269e-07,-1.427078203165269e-06,-2.429341778495669e-07,-0.001719864094686393
0.15,3,4.0625,0.0,0.0,0.99557143,2.575738e-06,2.2428387e-06,-3.1020025591482585e-08,-1.2313715638324115e-07,2.114909789305416e-08,0.003332663274989489,-1.5495561075020835e-06,-1.451093825185709e-06,-0.0016662683420742392,-2.169751447040659e-07,-0.0016663940018192464,0.003332663274989489,-1.5601306564486106e-06,-1.5126624033773295e-06,-1.5389815585555564e-06,-0.0016662683420742392,-2.014651319083246e-07,-1.3895252469940883e-06,-2.324851574998072e-07,-0.0016663940018192464
0.15,3,4.09375,0.0,0.0,0.99567395,2.5315915e-06,2.2025717e-06,-3.010194037382421e-08,-1.1696780870983818e-07,1.9482600540179137e-08,0.0032298591618523873,-1.5079039791010042e-06,-1.4121105357844976e-06,-0.0016148689877413757,-2.0755507745048168e-07,-0.0016149914546712439,0.0032298591618523873,-1.5176452793710937e-06,-1.4705944401394166e-06,-1.4981626788309146e-06,-0.0016148689877413757,-1.9250410726356958e-07,-1.3536266314295785e-06,-2.226060476373938e-07,-0.0016149914546712439
0.15,3,4.125,0.0,0.0,0.9957733,2.4807757e-06,2.1597575e-06,-2.9261238934750067e-08,-1.127542334174495e-07,1.7424352952676025e-08,0.0031310023213681343,-1.4677820472275456e-06,-1.3732528116132934e-06,-0.0015654431526943827,-1.9858262537660108e-07,-0.0015655613809023243,0.0031310023213681343,-1.4764942237038836e-06,-1.4296299283220182e-06,-1.4590698707512076e-06,-0.0015654431526943827,-1.8395200590922605e-07,-1.3168756949045687e-06,-2.1321324484397611e-07,-0.0015655613809023243
0.15,3,4.15625,0.0,0.0,0.9958697,2.4374785e-06,2.1202318e-06,-2.8471999807897896e-08,-1.1189397236641575e-07,1.6016983035672602e-08,0.0030359110339827425,-1.4288863827476234e-06,-1.3351609921270053e-06,-0.0015178966007688575,-1.900438359442975e-07,-0.0015180108248395658,0.0030359110339827425,-1.4368948742654597e-06,-1.3911079783102132e-06,-1.420877891229787e-06,-0.0015178966007688575,-1.7580783604034854e-07,-1.2792140059437974e-06,-2.0427983584824644e-07,-0.0015180108248395658
0.15,3,4.1875,0.0,0.0,0.99596316,2.3940875e-06,2.0822267e-06,-2.768688201187225e-08,-1.0909157323871948e-07,1.4123188448757467e-08,0.002944407401369517,-1.3913843912113802e-06,-1.2979244580255502e-06,-0.0014721489973279012,-1.8193965054940373e-07,-0.0014722598010197857,0.002944407401369517,-1.398445985435759e-06,-1.35247024464491e-06,-1.3843227969870015e-06,-0.0014721489973279012,-1.680962095434676e-07,-1.2433786714061905e-06,-1.9578309155533985e-07,-0.0014722598010197857
0.15,3,4.21875,0.0,0.0,0.99605376,2.3495256e-06,2.039934e-06,-2.6804371818097642e-08,-1.0650122074333784e-07,1.2491844221681168e-08,0.002856334857696839,-1.3550240375462892e-06,-1.2638473848520571e-06,-0.0014281135618013385,-1.7431514278610952e-07,-0.001428221994465955,0.002856334857696839,-1.3612699596571298e-06,-1.317097995223726e-06,-1.3487781154354487e-06,-0.0014281135618013385,-1.609129568770607e-07,-1.2105967744803882e-06,-1.8771732869515834e-07,-0.001428221994465955
0.15,3,4.25,0.0,0.0,0.9961417,2.3084162e-06,2.0043733e-06,-2.610725513291917e-08,-9.999159561230233e-08,1.1051813360849795e-08,0.0027715430805465846,-1.3200797308700394e-06,-1.231394557454663e-06,-0.0013857171117244052,-1.6699494034588857e-07,-0.001385825153969801,0.0027715430805465846,-1.3256056375504643e-06,-1.2813903552608141e-06,-1.3145538241896145e-06,-0.0013857171117244052,-1.5394131277942898e-07,-1.1813987596485118e-06,-1.8004856791234815e-07,-0.001385825153969801
0.15,3,4.28125,0.0,0.0,0.996227,2.2648292e-06,1.9640363e-06,-2.534483401763713e-08,-9.718836868746533e-08,9.341275027747922e-09,0.002689879420751426,-1.2864019077064436e-06,-1.1983930127545267e-06,-0.001344887280777887,-1.6008441802619743e-07,-0.0013449913252137785,0.002689879420751426,-1.2910725452203176e-06,-1.2469871970982593e-06,-1.2817312701925696e-06,-0.001344887280777887,-1.4741200101737887e-07,-1.149798828410794e-06,-1.72756835035016e-07,-0.0013449913252137785
0.15,3,4.3125,0.0,0.0,0.9963098,2.2290144e-06,1.931521e-06,-2.4634324171583614e-08,-9.209734442184193e-08,7.993318406154283e-09,0.0026112084981602113,-1.2535763457157778e-06,-1.1683173992532692e-06,-0.001305553817673471,-1.5346251893604348e-07,-0.0013056550298773792,0.0026112084981602113,-1.257573004918855e-06,-1.2143660714641902e-06,-1.2495796865127006e-06,-0.001305553817673471,-1.4114535685025168e-07,-1.1222687270423483e-06,-1.657796810218353e-07,-0.0013056550298773792
0.15,3,4.34375,0.0,0.0,0.9963902,2.1938672e-06,1.9004945e-06,-2.3972353876353927e-08,-8.687292777227436e-08,6.740410305074293e-09,0.0025353996670130427,-1.2218788826331143e-06,-1.1394067259605457e-06,-0.0012676511669695955,-1.471936484141956e-07,-0.0012677497811386046,0.0025353996670130427,-1.2252490877856514e-06,-1.182843189846683e-06,-1.2185086774805772e-06,-0.0012676511669695955,-1.3520747147601864e-07,-1.0959702620744085e-06,-1.5917982535237256e-07,-0.0012677497811386046
0.15,3,4.375,0.0,0.0,0.9964683,2.1551361e-06,1.8656253e-06,-2.3221439838047196e-08,-8.267917643318273e-08,5.46282899301022e-09,0.0024623310090238354,-1.1911899841726903e-06,-1.1115022790788263e-06,-0.0012311179030637179,-1.4127682005891115e-07,-0.0012312133384333674,0.0024623310090238354,-1.1939213986691954e-06,-1.1528418672954177e-06,-1.1884585696761852e-06,-0.0012311179030637179,-1.2966610013988755e-07,-1.070162690862235e-06,-1.5288753997793475e-07,-0.0012312133384333674
0.15,3,4.40625,0.0,0.0,0.9965441,2.116575e-06,1.8316207e-06,-2.2636970547400617e-08,-8.03327272397617e-08,4.3610323429191765e-09,0.002391882380701711,-1.1613780729325372e-06,-1.0822930846643268e-06,-0.0011958946540094235,-1.3554303352665835e-07,-0.0011959877267466263,0.002391882380701711,-1.1635585891039968e-06,-1.1224594482842076e-06,-1.1591975567610776e-06,-0.0011958946540094235,-1.2422454825295804e-07,-1.042126721044446e-06,-1.4686151880035866e-07,-0.0011959877267466263
0.15,3,4.4375,0.0,0.0,0.99661785,2.084851e-06,1.7996197e-06,-2.1998633154284063e-08,-7.866998215946787e-08,3.0775395286374626e-09,0.002323938705178212,-1.1326984929866513e-06,-1.055232913289725e-06,-0.0011619249284254964,-1.3011491143854646e-07,-0.0011620148248308415,0.002323938705178212,-1.13423726275097e-06,-1.094567904369459e-06,-1.1311597232223326e-06,-0.0011619249284254964,-1.1911559486140443e-07,-1.015897922209991e-06,-1.411142280156885e-07,-0.0011620148248308415
0.15,3,4.46875,0.0,0.0,0.99668944,2.0460823e-06,1.768326e-06,-2.1357142907348558e-08,-7.69921715234646e-08,2.119279599277187e-09,0.002258399080656351,-1.1049328964353623e-06,-1.027724033259456e-06,-0.0011291553646884769,-1.2496040756536625e-07,-0.0011292435993241312,0.002258399080656351,-1.105992536235001e-06,-1.0662201190211884e-06,-1.1038732566357237e-06,-0.0011291553646884769,-1.1428183611169197e-07,-9.892279474977238e-07,-1.3563897901904052e-07,-0.0011292435993241312
0.15,3,4.5,0.0,0.0,0.996759,2.0133261e-06,1.73785e-06,-2.0829611199415935e-08,-7.215723411656402e-08,8.762286947720192e-10,0.0021951567827506457,-1.0780343735987944e-06,-1.0040963392627452e-06,-0.0010975358608825646,-1.200494529258637e-07,-0.0010976232497689313,0.0021951567827506457,-1.0784724879461804e-06,-1.0401749563210272e-06,-1.0775962592514084e-06,-0.0010975358608825646,-1.0963464732615573e-07,-9.680177222044632e-07,-1.3046425852557167e-07,-0.0010976232497689313
0.15,3,4.53125,0.0,0.0,0.9968267,1.9773415e-06,1.7080913e-06,-2.020251637890034e-08,-7.144238903995814e-08,6.20642594934516e-11,0.0021341202462191317,-1.0518708989228434e-06,-9.787567296669282e-07,-0.0010670183062677348,-1.1537087727429374e-07,-0.0010671031042471402,0.0021341202462191317,-1.0519019310525901e-06,-1.0144779241869073e-06,-1.0518398667930967e-06,-0.0010670183062677348,-1.0526961908484357e-07,-9.430355351469492e-07,-1.254721354637439e-07,-0.0010671031042471402
0.15,3,4.5625,0.0,0.0,0.9968924,1.9450886e-06,1.6774591e-06,-1.9700716854170524e-08,-6.698922885931815e-08,-8.483121796438054e-10,0.0020751951616923836,-1.0264515508719027e-06,-9.54729123848623e-07,-0.0010375563602794003,-1.1089433982708699e-07,-0.001037638568380085,0.0020751951616923836,-1.0260273947820808e-06,-9.882237382782821e-07,-1.0268757069617246e-06,-0.0010375563602794003,-1.0104398140000173e-07,-9.21234509418964e-07,-1.2074469825417225e-07,-0.001037638568380085
0.15,3,4.59375,0.0,0.0,0.9969564,1.9095864e-06,1.6454233e-06,-1.9133833832146946e-08,-6.729677872783862e-08,-2.0848639260579328e-09,0.0020182940416176437,-1.0019999443597896e-06,-9.309927746598636e-07,-0.0010091072112413128,-1.0657861845054541e-07,-0.0010091872961130346,0.0020182940416176437,-1.0009575123967607e-06,-9.646411640237829e-07,-1.0030423763228186e-06,-0.0010091072112413128,-9.701170153447194e-08,-8.973443852959442e-07,-1.1614553536661888e-07,-0.0010091872961130346
0.15,3,4.625,0.0,0.0,0.99701864,1.8819674e-06,1.6209261e-06,-1.8693527797946806e-08,-6.415853134636679e-08,-2.9438496602170097e-09,0.0019633332170951937,-9.782709715475444e-07,-9.088858579446151e-07,-0.0009816280924472896,-1.0253615872694692e-07,-0.000981706055040267,0.0019633332170951937,-9.767990467174359e-07,-9.409651236177985e-07,-9.79742896377653e-07,-0.0009816280924472896,-9.318939482797352e-08,-8.768065922714317e-07,-1.1188292262592032e-07,-0.000981706055040267
0.15,3,4.65625,0.0,0.0,0.99707913,1.854045e-06,1.5946105e-06,-1.812532567462802e-08,-6.292968597870069e-08,-3.8429610572053834e-09,0.0019102370456862486,-9.553048720465062e-07,-8.862841410204637e-07,-0.0009550799037686275,-9.864186001623933e-08,-0.0009551563270726557,0.0019102370456862486,-9.533833915179035e-07,-9.177489840098141e-07,-9.57226352575109e-07,-0.0009550799037686275,-8.957919717892532e-08,-8.548192980311134e-07,-1.0770452285355334e-07,-0.0009551563270726557
0.15,3,4.6875,0.0,0.0,0.997138,1.8240455e-06,1.5709871e-06,-1.7607611084083504e-08,-5.907052495486131e-08,-4.59564403391499e-09,0.0018589279226248548,-9.328314596611283e-07,-8.665950633978911e-07,-0.000929426751743135,-9.490070046839496e-08,-0.0009295009381445886,0.0018589279226248548,-9.305336376441709e-07,-8.961303258753217e-07,-9.351292816780858e-07,-0.000929426751743135,-8.609689492635321e-08,-8.370598009204604e-07,-1.0370450601043671e-07,-0.0009295009381445886
0.15,3,4.71875,0.0,0.0,0.9971953,1.7901482e-06,1.5394467e-06,-1.711691974596273e-08,-5.8227631015753643e-08,-5.354877336390335e-09,0.0018093318828002608,-9.111582117084829e-07,-8.443495515922145e-07,-0.0009046302572880642,-9.13712513798948e-08,-0.0009047026732921228,0.0018093318828002608,-9.084807730402877e-07,-8.734633671000913e-07,-9.138356503766781e-07,-0.0009046302572880642,-8.281279150691343e-08,-8.152357360843377e-07,-9.992971125287616e-08,-0.0009047026732921228
0.15,3,4.75,0.0,0.0,0.9972511,1.763478e-06,1.5154676e-06,-1.6667951775441387e-08,-5.5803596323976846e-08,-6.166276302283294e-09,0.0017613826914981007,-8.901683187964278e-07,-8.249068202697445e-07,-0.0008806565466000728,-8.794492441185659e-08,-0.0008807273094334139,0.0017613826914981007,-8.870851806452862e-07,-8.528086184317329e-07,-8.932514569475695e-07,-0.0008806565466000728,-7.96109485241359e-08,-7.970050221077561e-07,-9.627890029957728e-08,-0.0008807273094334139
0.15,3,4.78125,0.0,0.0,0.9973054,1.7370819e-06,1.4914726e-06,-1.6198995356360955e-08,-5.441734081651061e-08,-6.858595347257815e-09,0.001715016858032041,-8.696700311297762e-07,-8.054781756848561e-07,-0.0008574739900819022,-8.470993471723621e-08,-0.0008575429841107477,0.001715016858032041,-8.662407334561473e-07,-8.326868460931114e-07,-8.730993288034051e-07,-0.0008574739900819022,-7.661043703905573e-08,-7.782695052766008e-07,-9.280943239541668e-08,-0.0008575429841107477
0.15,3,4.8125,0.0,0.0,0.99735826,1.7101279e-06,1.4676765e-06,-1.579910147752662e-08,-5.2148789994057275e-08,-7.487367192937112e-09,0.0016701696870571325,-8.498648772337189e-07,-7.87175294732483e-07,-0.0008350513471142526,-8.161053632366091e-08,-0.0008351187477117313,0.0016701696870571325,-8.461211936372504e-07,-8.132496897295116e-07,-8.536085608301875e-07,-0.0008350513471142526,-7.37109855848976e-08,-7.611008997354543e-07,-8.951008706242422e-08,-0.0008351187477117313
0.15,3,4.84375,0.0,0.0,0.9974098,1.6810402e-06,1.4412485e-06,-1.537652123364446e-08,-5.144301821178622e-08,-8.1892398806193e-09,0.0016267823991928318,-8.307416590663591e-07,-7.691031986321135e-07,-0.0008133580628840796,-7.86554991685437e-08,-0.0008134234633197144,0.0016267823991928318,-8.266470391260494e-07,-7.948247077380066e-07,-8.348362790066687e-07,-0.0008133580628840796,-7.096723855172147e-08,-7.433816895262204e-07,-8.634375978536593e-08,-0.0008134234633197144
0.15,3,4.875,0.0,0.0,0.99746,1.6623629e-06,1.4255795e-06,-1.5005264189765343e-08,-4.7818049124650564e-08,-8.644609194056671e-09,0.0015847962014362074,-8.119108011733897e-07,-7.517934999568698e-07,-0.0007923654982836461,-7.577232892511305e-08,-0.0007924302962366078,0.0015847962014362074,-8.075884965763613e-07,-7.757025245191951e-07,-8.16233105770418e-07,-0.0007923654982836461,-6.826969683023038e-08,-7.278844753945445e-07,-8.327496101999572e-08,-0.0007924302962366078
0.15,3,4.90625,0.0,0.0,0.9975089,1.6326269e-06,1.3973852e-06,-1.4627497815241199e-08,-4.657175001895821e-08,-9.287052116322293e-09,0.0015441604534299144,-7.937975030500798e-07,-7.35080238702793e-07,-0.0007720483324428701,-7.305290031108219e-08,-0.0007721110733909582,0.0015441604534299144,-7.891539769919187e-07,-7.583661137122721e-07,-7.98441029108241e-07,-0.0007720483324428701,-6.573915140346159e-08,-7.117943636933139e-07,-8.036664921870279e-08,-0.0007721110733909582
0.15,3,4.9375,0.0,0.0,0.9975565,1.6132744e-06,1.3822413e-06,-1.4150983987631493e-08,-4.3803593113329745e-08,-9.887236211020018e-09,0.001504820102885971,-7.761198566571452e-07,-7.178091069630154e-07,-0.0007523794471373131,-7.046092091638812e-08,-0.0007524400735176482,0.001504820102885971,-7.711762385516352e-07,-7.397109035196803e-07,-7.810634747626552e-07,-0.0007523794471373131,-6.338542892257238e-08,-6.959073104063505e-07,-7.753641291020387e-08,-0.0007524400735176482
0.15,3,4.96875,0.0,0.0,0.997603,1.5839998e-06,1.3546176e-06,-1.3785477633173563e-08,-4.420032121140263e-08,-1.0335344967880855e-08,0.0014667279210487834,-7.591365274446475e-07,-7.009066533787879e-07,-0.0007333347044339878,-6.797157243789722e-08,-0.0007333938571502888,0.0014667279210487834,-7.539688549607071e-07,-7.230068139844892e-07,-7.643041999285879e-07,-0.0007333347044339878,-6.107883362131044e-08,-6.788064927730866e-07,-7.4864311254484e-08,-0.0007333938571502888
0.15,3,5.0,0.0,0.0,0.9976482,1.5617717e-06,1.3354182e-06,-1.3482197492480693e-08,-4.421138124038036e-08,-1.084618835307913e-08,0.001429836132496587,-7.423425726259611e-07,-6.844425106415961e-07,-0.0007148885278289404,-6.558212953188219e-08,-0.0007149471970088891,0.001429836132496587,-7.369194784494215e-07,-7.065482012617863e-07,-7.477656668025006e-07,-0.0007148885278289404,-5.8841030785641846e-08,-6.623368200214059e-07,-7.232322827812254e-08,-0.0007149471970088891
0.15,3,5.03125,0.0,0.0,0.99769235,1.5387491e-06,1.314718e-06,-1.3064331818234912e-08,-3.929678863681587e-08,-1.1358403642224187e-08,0.0013940996813658763,-7.262487459509131e-07,-6.707858897844342e-07,-0.0006970214752139825,-6.327565518941878e-08,-0.0006970786136952887,0.0013940996813658763,-7.20569544129801e-07,-6.904342841028421e-07,-7.319279477720252e-07,-0.0006970214752139825,-5.674348928030133e-08,-6.511374954660263e-07,-6.980782109853624e-08,-0.0006970786136952887
0.15,3,5.0625,0.0,0.0,0.9977353,1.5145527e-06,1.2923676e-06,-1.2747764970900445e-08,-4.0079397701635886e-08,-1.1874956374778242e-08,0.0013594734512328462,-7.10461784359461e-07,-6.553361315076643e-07,-0.0006797098817686577,-6.109949491795862e-08,-0.0006797646751981231,0.0013594734512328462,-7.045243061720718e-07,-6.753758303584823e-07,-7.163992625468501e-07,-0.0006797098817686577,-5.4725612432508395e-08,-6.352964326568464e-07,-6.747337740340884e-08,-0.0006797646751981231
0.15,3,5.09375,0.0,0.0,0.99777734,1.4947268e-06,1.2754517e-06,-1.2444113814001536e-08,-3.838208261403063e-08,-1.198467298804142e-08,0.0013259197199202086,-6.95093958862425e-07,-6.407400851502485e-07,-0.0006629330825653913,-5.898956229700514e-08,-0.0006629871612917721,0.0013259197199202086,-6.891016223684043e-07,-6.599311264572638e-07,-7.010862953564458e-07,-0.0006629330825653913,-5.2767505390004374e-08,-6.215490438432332e-07,-6.521161920400591e-08,-0.0006629871612917721
0.15,3,5.125,0.0,0.0,0.99781823,1.473966e-06,1.2576228e-06,-1.210162959148749e-08,-3.600854098269736e-08,-1.25539233804164e-08,0.0012933957144869827,-6.802656290739263e-07,-6.275357616184661e-07,-0.000646671960630316,-5.695365850268597e-08,-0.0006467247430915622,0.0012933957144869827,-6.739886673837181e-07,-6.455400321098148e-07,-6.865425907641345e-07,-0.000646671960630316,-5.090284370694222e-08,-6.095314911271175e-07,-6.300447329842971e-08,-0.0006467247430915622
0.15,3,5.15625,0.0,0.0,0.99785817,1.4513079e-06,1.2372018e-06,-1.1775868744912706e-08,-3.4589418335448764e-08,-1.29598710232404e-08,0.0012618670042501869,-6.659028015871854e-07,-6.147185779783749e-07,-0.0006309076129458858,-5.503139869646699e-08,-0.0006309593906754401,0.0012618670042501869,-6.594228660755652e-07,-6.320132871460993e-07,-6.723827370988056e-07,-0.0006309076129458858,-4.914346432401064e-08,-5.974238688106505e-07,-6.091933306892334e-08,-0.0006309593906754401
0.15,3,5.1875,0.0,0.0,0.9978971,1.4310644e-06,1.2200429e-06,-1.1490323340696516e-08,-3.400853003647942e-08,-1.3380580922152082e-08,0.0012312934237318704,-6.518596805260573e-07,-6.008191505896591e-07,-0.0006156214124561983,-5.316178881880013e-08,-0.0006156724769703732,0.0012312934237318704,-6.451693900649813e-07,-6.178234156078988e-07,-6.585499709871334e-07,-0.0006156214124561983,-4.741662714845187e-08,-5.838148855714194e-07,-5.890695048914839e-08,-0.0006156724769703732
0.15,3,5.21875,0.0,0.0,0.9979351,1.4063656e-06,1.1963507e-06,-1.1194589250620697e-08,-3.243217879317557e-08,-1.3891176079886382e-08,0.0012016425850126314,-6.382140809042385e-07,-5.882247597188407e-07,-0.0006007961748600967,-5.136928038548935e-08,-0.0006008458863355163,0.0012016425850126314,-6.312684928642953e-07,-6.044408491154285e-07,-6.451596689441817e-07,-0.0006007961748600967,-4.5771985760179e-08,-5.720086703222529e-07,-5.69665750107997e-08,-0.0006008458863355163
0.15,3,5.25,0.0,0.0,0.9979722,1.3849715e-06,1.1790917e-06,-1.0940565052758137e-08,-3.018083563673265e-08,-1.3933393532673073e-08,0.0011728795192256433,-6.248012733977296e-07,-5.758602630090626e-07,-0.0005864159294081951,-4.966019481945265e-08,-0.0005864644629120467,0.0011728795192256433,-6.178345766313931e-07,-5.90950680827429e-07,-6.317679701640661e-07,-0.0005864159294081951,-4.4189912293073584e-08,-5.607698451906963e-07,-5.513047734583172e-08,-0.0005864644629120467
0.15,3,5.28125,0.0,0.0,0.99800843,1.3704549e-06,1.1659477e-06,-1.0620325194390977e-08,-2.9729101245085923e-08,-1.4378923961276633e-08,0.0011449747188910162,-6.11887698721169e-07,-5.641344869152599e-07,-0.0005724633616017668,-4.801978490587462e-08,-0.0005725112414314921,0.0011449747188910162,-6.046982367405307e-07,-5.789990375378029e-07,-6.190771607018073e-07,-0.0005724633616017668,-4.270962230867913e-08,-5.49269936292717e-07,-5.332994750307011e-08,-0.0005725112414314921
0.15,3,5.3125,0.0,0.0,0.9980438,1.3523849e-06,1.1495457e-06,-1.0379681421605804e-08,-3.046490081997375e-08,-1.4463444856225357e-08,0.0011178958788854547,-5.992282293514051e-07,-5.508093153132928e-07,-0.0005589254612915873,-4.642937544185096e-08,-0.0005589709998380704,0.0011178958788854547,-5.919965069232924e-07,-5.660417657232797e-07,-6.064599517795178e-07,-0.0005589254612915873,-4.123953473104806e-08,-5.355768649033059e-07,-5.161921615265386e-08,-0.0005589709998380704
0.15,3,5.34375,0.0,0.0,0.99807835,1.3314473e-06,1.1301398e-06,-1.0122046635921682e-08,-2.7470651411579767e-08,-1.4742146307167433e-08,0.0010916158146847127,-5.868818359264894e-07,-5.405730263081037e-07,-0.0005457847951006239,-4.4905458218373866e-08,-0.0005458307285230261,0.0010916158146847127,-5.795107627729057e-07,-5.543083520138936e-07,-5.942529090800731e-07,-0.0005457847951006239,-3.9844434900413025e-08,-5.268377006023138e-07,-4.996648153633471e-08,-0.0005458307285230261
0.15,3,5.375,0.0,0.0,0.998112,1.307631e-06,1.109926e-06,-9.841113508357677e-09,-2.810963736091048e-08,-1.4965359912102105e-08,0.0010661036232893044,-5.749364721403647e-07,-5.286559834026132e-07,-0.0005330294038381997,-4.346550232077148e-08,-0.0005330739862909922,0.0010661036232893044,-5.674537921843137e-07,-5.427108020830684e-07,-5.824191520964158e-07,-0.0005330294038381997,-3.854494556659264e-08,-5.14601164722158e-07,-4.8386059074950315e-08,-0.0005330739862909922
0.15,3,5.40625,0.0,0.0,0.9981449,1.2929443e-06,1.096946e-06,-9.637217900603217e-09,-2.6560906218311888e-08,-1.5305829962421235e-08,0.001041333651790894,-5.633350409508083e-07,-5.175500732454528e-07,-0.0005206451809342,-4.205505835342218e-08,-0.0005206888202415118,0.001041333651790894,-5.556821259695977e-07,-5.308305263546087e-07,-5.709879559320189e-07,-0.0005206451809342,-3.723644940312057e-08,-5.042696201362968e-07,-4.687366730372379e-08,-0.0005206888202415118
0.15,3,5.4375,0.0,0.0,0.9981771,1.2765194e-06,1.0833223e-06,-9.365563469773772e-09,-2.5007905033331548e-08,-1.557713823826124e-08,0.0010172809611038933,-5.520294456096511e-07,-5.075796459833661e-07,-0.0005086195980385994,-4.0691947315044585e-08,-0.0005086620617282577,0.0010172809611038933,-5.442408764905204e-07,-5.200835985000318e-07,-5.598180147287817e-07,-0.0005086195980385994,-3.60091655801577e-08,-4.950756934667003e-07,-4.537472904993147e-08,-0.0005086620617282577
0.15,3,5.46875,0.0,0.0,0.9982085,1.2609148e-06,1.0688264e-06,-9.131708639389469e-09,-2.3246881463632975e-08,-1.5693772690872658e-08,0.00099391946863377,-5.409690653801648e-07,-4.970609371105335e-07,-0.0004969395557674167,-3.938119915004943e-08,-0.0004969806695624113,0.00099391946863377,-5.331221790347285e-07,-5.0868437784235e-07,-5.488159517256011e-07,-0.0004969395557674167,-3.48153448303547e-08,-4.85437496378717e-07,-4.394705346974417e-08,-0.0004969806695624113
0.15,3,5.5,0.0,0.0,0.9982392,1.2420546e-06,1.0517108e-06,-8.92454597912649e-09,-2.380991969780583e-08,-1.601604803156396e-08,0.0009712261429496161,-5.301580182404841e-07,-4.867847028268413e-07,-0.0004855933057396988,-3.812624217508151e-08,-0.0004856342923342501,0.0009712261429496161,-5.221499942247021e-07,-4.986896626757442e-07,-5.381660422562661e-07,-0.0004855933057396988,-3.3663969185518264e-08,-4.748797429779384e-07,-4.2588515164644755e-08,-0.0004856342923342501
0.15,3,5.53125,0.0,0.0,0.99826926,1.2272966e-06,1.0391755e-06,-8.70958026384064e-09,-2.3087916038499806e-08,-1.618615892020974e-08,0.0009491786796701034,-5.197708840519861e-07,-4.7668358281055545e-07,-0.00047456946301491763,-3.692688889895071e-08,-0.0004746094496167841,0.0009491786796701034,-5.116778045918813e-07,-4.882275408298054e-07,-5.27863963512091e-07,-0.00047456946301491763,-3.257209876703039e-08,-4.6513962479130555e-07,-4.128167903087103e-08,-0.0004746094496167841
0.15,3,5.5625,0.0,0.0,0.9982986,1.2100886e-06,1.0241959e-06,-8.466141535206132e-09,-2.2711587498852864e-08,-1.628733195840513e-08,0.0009277539931635201,-5.09404854962812e-07,-4.6692281700476943e-07,-0.00046385753229523255,-3.579439141339721e-08,-0.00046389710129274324,0.0009277539931635201,-5.012611889836094e-07,-4.782786107541959e-07,-5.175485209420145e-07,-0.00046385753229523255,-3.156132064579414e-08,-4.55567023255343e-07,-4.0027462181000274e-08,-0.00046389710129274324
0.15,3,5.59375,0.0,0.0,0.99832726,1.195631e-06,1.0111689e-06,-8.248401392788561e-09,-2.0236120618422125e-08,-1.6467508216311093e-08,0.0009069311287353624,-4.993899027317338e-07,-4.5807570380317905e-07,-0.0004534465124665786,-3.4667876462623776e-08,-0.0004534848492530233,0.0009069311287353624,-4.911561486235783e-07,-4.681937641123901e-07,-5.076236568398894e-07,-0.0004534465124665786,-3.0543675766229496e-08,-4.47957643493968e-07,-3.879207715901806e-08,-0.0004534848492530233
0.15,3,5.625,0.0,0.0,0.99835527,1.1774007e-06,9.942845e-07,-8.081867523018651e-09,-2.0900049027471556e-08,-1.6711126649029788e-08,0.0008866908015840134,-4.89807804752941e-07,-4.487373322252912e-07,-0.00044332676119353156,-3.356850169944928e-08,-0.00044336380785063145,0.0008866908015840134,-4.814522414284261e-07,-4.59187356739027e-07,-4.981633680774559e-07,-0.00044332676119353156,-2.9527567937939953e-08,-4.3828730771155544e-07,-3.7609435460958605e-08,-0.00044336380785063145
0.15,3,5.65625,0.0,0.0,0.9983826,1.1557846e-06,9.756682e-07,-7.89437797409445e-09,-1.984318420667451e-08,-1.6887947789184202e-08,0.000867012723528772,-4.802953695136805e-07,-4.397869245478499e-07,-0.0004334879011101914,-3.2549150591789624e-08,-0.00043352453103400216,0.000867012723528772,-4.718513956190884e-07,-4.4970851665118716e-07,-4.887393434082726e-07,-0.0004334879011101914,-2.86019616047424e-08,-4.2986533244451265e-07,-3.649633957883685e-08,-0.00043352453103400216
0.15,3,5.6875,0.0,0.0,0.99840945,1.1472696e-06,9.680664e-07,-7.681769720595689e-09,-1.843361704271585e-08,-1.6829358799594417e-08,0.0008478772330251516,-4.7102928890860183e-07,-4.31667755693042e-07,-0.00042392115023908485,-3.156019095511991e-08,-0.00042395736370116704,0.0008478772330251516,-4.626146095088046e-07,-4.408845642143999e-07,-4.79443968308399e-07,-0.00042392115023908485,-2.7719306094822066e-08,-4.2245094717168407e-07,-3.5401075815417755e-08,-0.00042395736370116704
0.15,3,5.71875,0.0,0.0,0.9984356,1.1337124e-06,9.563499e-07,-7.496364514786259e-09,-1.6875174638659183e-08,-1.7122020628949127e-08,0.0008292697260937378,-4.620896284473336e-07,-4.236012293994698e-07,-0.00041461690603390787,-3.057657201063313e-08,-0.00041465244136122404,0.0008292697260937378,-4.5352861813285905e-07,-4.320388167187994e-07,-4.706506387618082e-07,-0.00041461690603390787,-2.682838975324e-08,-4.151636420801402e-07,-3.432475426802626e-08,-0.00041465244136122404
0.15,3,5.75,0.0,0.0,0.9984613,1.1140388e-06,9.390461e-07,-7.319557085899752e-09,-1.644845016381168e-08,-1.7112151937107218e-08,0.0008111705269707135,-4.5324199356433097e-07,-4.1488150060958024e-07,-0.0004055677765582139,-2.965740280292642e-08,-0.00040560240117312914,0.0008111705269707135,-4.4468591759577736e-07,-4.231057256914861e-07,-4.617980695328846e-07,-0.0004055677765582139,-2.5997624259976545e-08,-4.066572755276744e-07,-3.33171813458763e-08,-0.00040560240117312914
0.15,3,5.78125,0.0,0.0,0.99848634,1.1004547e-06,9.2703056e-07,-7.115917349099056e-09,-1.6862885077322822e-08,-1.7247986741638992e-08,0.0007935625190100062,-4.446249618907146e-07,-4.0663630749969453e-07,-0.00039676406798811354,-2.8772554428734844e-08,-0.0003967981313822888,0.0007935625190100062,-4.360009685198951e-07,-4.1506775003835594e-07,-4.532489552615341e-07,-0.00039676406798811354,-2.5214595754185316e-08,-3.982048649610331e-07,-3.233051310328437e-08,-0.0003967981313822888
0.15,3,5.8125,0.0,0.0,0.9985109,1.091535e-06,9.200546e-07,-6.966521528528331e-09,-1.5469525807467605e-08,-1.7278410871529202e-08,0.0007764307973429155,-4.3636104422318503e-07,-3.986993606542189e-07,-0.0003881986475015115,-2.7913840500258926e-08,-0.0003882317133533039,0.0007764307973429155,-4.2772183878742043e-07,-4.064341235579527e-07,-4.4500024965894963e-07,-0.0003881986475015115,-2.443057973599476e-08,-3.909645977504851e-07,-3.139710126452309e-08,-0.0003882317133533039
0.15,3,5.84375,0.0,0.0,0.9985349,1.0735512e-06,9.028979e-07,-6.802058312668801e-09,-1.5062962143208894e-08,-1.728975753365091e-08,0.0007597591189667033,-4.2812635078336175e-07,-3.9141285003690946e-07,-0.00037986336521547844,-2.709309137842187e-08,-0.0003798960449349904,0.0007597591189667033,-4.194814720165363e-07,-3.989443311085139e-07,-4.367712295501872e-07,-0.00037986336521547844,-2.369206222208747e-08,-3.83881368965305e-07,-3.049412053475627e-08,-0.0003798960449349904
0.15,3,5.875,0.0,0.0,0.99855834,1.0597232e-06,8.9144606e-07,-6.643816042700397e-09,-1.4682434017638255e-08,-1.7603846744345688e-08,0.0007435332263305734,-4.20215607881205e-07,-3.8359190013665084e-07,-0.000371750975744919,-2.629087659340376e-08,-0.00037178257106088686,0.0007435332263305734,-4.1141368450903215e-07,-3.9093311714546997e-07,-4.2901753125337784e-07,-0.000371750975744919,-2.2968968572053563e-08,-3.762506831278317e-07,-2.961278461475396e-08,-0.00037178257106088686
0.15,3,5.90625,0.0,0.0,0.99858135,1.0532725e-06,8.8520255e-07,-6.479654183843371e-09,-1.4823110996073081e-08,-1.7612526001176067e-08,0.0007277395072918212,-4.1244266773456936e-07,-3.763510426875853e-07,-0.00036385435280128004,-2.5508225569715725e-08,-0.00036388530048574804,0.0007277395072918212,-4.036364047339813e-07,-3.8376259818562186e-07,-4.212489307351574e-07,-0.00036385435280128004,-2.226839847779404e-08,-3.689394871895488e-07,-2.874805266163741e-08,-0.00036388530048574804
0.15,3,5.9375,0.0,0.0,0.9986039,1.0366149e-06,8.717142e-07,-6.324267360968477e-09,-1.3127460048593443e-08,-1.754669297971453e-08,0.0007123637767873191,-4.047442815169363e-07,-3.697861496632741e-07,-0.00035616649094721164,-2.4750552717265326e-08,-0.00035619711134987,0.0007123637767873191,-3.9597093502707903e-07,-3.7634987968757083e-07,-4.1351762800679356e-07,-0.00035616649094721164,-2.1588419036781088e-08,-3.632224196389774e-07,-2.7912686397749565e-08,-0.00035619711134987
0.15,3,5.96875,0.0,0.0,0.99862593,1.0213462e-06,8.575706e-07,-6.155853690372392e-09,-1.177875265154075e-08,-1.7833173047139095e-08,0.0006973916865392477,-3.97413945147077e-07,-3.633529833725759e-07,-0.0003486812641846867,-2.4043092324534045e-08,-0.00034871117915570365,0.0006973916865392477,-3.8849735862350743e-07,-3.692423596983463e-07,-4.063305316706465e-07,-0.0003486812641846867,-2.096516547934785e-08,-3.5746360704680554e-07,-2.712101916972024e-08,-0.00034871117915570365
0.15,3,6.0,0.0,0.0,0.99864745,1.0066661e-06,8.443364e-07,-6.040483387353274e-09,-1.316282538464642e-08,-1.772504405804596e-08,0.0006828129173628017,-3.901729725456983e-07,-3.5579492009580476e-07,-0.0003413917083500321,-2.334523040544356e-08,-0.00034142126732949785,0.0006828129173628017,-3.8131045051667534e-07,-3.62376332788128e-07,-3.990354945747213e-07,-0.0003413917083500321,-2.0324988711766922e-08,-3.4921350740348155e-07,-2.6365472099120196e-08,-0.00034142126732949785
0.15,3,6.03125,0.0,0.0,0.9986686,1.0022468e-06,8.421688e-07,-5.911222901750922e-09,-1.2594744986575788e-08,-1.7716195806514535e-08,0.0006686129155470712,-3.8311047635909885e-07,-3.484886817988343e-07,-0.00033429188514392123,-2.2670731158142357e-08,-0.0003343209136962726,0.0006686129155470712,-3.742523784558416e-07,-3.547860542921222e-07,-3.919685742623561e-07,-0.00033429188514392123,-1.9715119707266896e-08,-3.421913093055464e-07,-2.5626342609017818e-08,-0.0003343209136962726
0.15,3,6.0625,0.0,0.0,0.99868923,9.908385e-07,8.31414e-07,-5.743997314301783e-09,-1.1704058013750239e-08,-1.7770626329591558e-08,0.0006547802860766908,-3.762074881366416e-07,-3.4276815706993943e-07,-0.0003273759231264575,-2.203143297138633e-08,-0.0003274039848761973,0.0006547802860766908,-3.6732217497184583e-07,-3.4862018607681455e-07,-3.850928013014374e-07,-0.0003273759231264575,-1.915943431423544e-08,-3.369161280630643e-07,-2.490343162853722e-08,-0.0003274039848761973
0.15,3,6.09375,0.0,0.0,0.9987095,9.733362e-07,8.1538747e-07,-5.633859549724913e-09,-1.2120717951584698e-08,-1.78810150056833e-08,0.0006413044695785797,-3.694737441812092e-07,-3.3589240469517393e-07,-0.00032063854181259765,-2.140867377634374e-08,-0.0003206664227398206,0.0006413044695785797,-3.6053323667836756e-07,-3.419527636709663e-07,-3.7841425168405086e-07,-0.00032063854181259765,-1.8591744001481285e-08,-3.298320457193816e-07,-2.4225603551206198e-08,-0.0003206664227398206
0.15,3,6.125,0.0,0.0,0.99872935,9.570783e-07,8.013193e-07,-5.4545398980138885e-09,-1.0206955233679716e-08,-1.784282429814245e-08,0.0006281742248413873,-3.628363900218647e-07,-3.305196215116227e-07,-0.000314073713794032,-2.0804686731327538e-08,-0.0003141005991613646,0.0006281742248413873,-3.5391497787279347e-07,-3.3562309912846255e-07,-3.717578021709359e-07,-0.000314073713794032,-1.8077416782320594e-08,-3.2541614389478284e-07,-2.3531956680334482e-08,-0.0003141005991613646
0.15,3,6.15625,0.0,0.0,0.9987487,9.512189e-07,7.9653717e-07,-5.392373046906305e-09,-1.0473527420340467e-08,-1.7861150134447176e-08,0.0006153788012346686,-3.563623475542793e-07,-3.244774165675479e-07,-0.000307676033508337,-2.0214111717609996e-08,-0.00030770273838738176,0.0006153788012346686,-3.474317724870557e-07,-3.2971418027771815e-07,-3.652929226215029e-07,-0.000307676033508337,-1.7517925194156844e-08,-3.192406528573777e-07,-2.291029824106315e-08,-0.00030770273838738176
0.15,3,6.1875,0.0,0.0,0.9987678,9.3993594e-07,7.8755977e-07,-5.181595478723341e-09,-1.015608991064489e-08,-1.7922216985621496e-08,0.0006029084562944476,-3.5012127145128393e-07,-3.180080053122734e-07,-0.00030144092247882584,-1.9668072342198992e-08,-0.0003014670395763624,0.0006029084562944476,-3.411601629584732e-07,-3.2308605026759585e-07,-3.590823799440947e-07,-0.00030144092247882584,-1.707727460283732e-08,-3.1292996035695096e-07,-2.2258870081560663e-08,-0.0003014670395763624
0.15,3,6.21875,0.0,0.0,0.99878645,9.253013e-07,7.7379195e-07,-5.120759045528639e-09,-8.77422686996988e-09,-1.7910969252475694e-08,0.0005907519042257781,-3.439911640706249e-07,-3.1293364201293744e-07,-0.00029536320206574184,-1.9104473169143988e-08,-0.0002953888479509031,0.0005907519042257781,-3.3503567944438706e-07,-3.173207554479224e-07,-3.5294664869686275e-07,-0.00029536320206574184,-1.654409364637967e-08,-3.085465285779525e-07,-2.1664852691908308e-08,-0.0002953888479509031
0.15,3,6.25,0.0,0.0,0.9988047,9.1853207e-07,7.680924e-07,-4.980005694862791e-09,-9.835043795686292e-09,-1.786777715439777e-08,0.0005789012589883461,-3.380212550335837e-07,-3.063759514842723e-07,-0.0002894380566083529,-1.8576891512186685e-08,-0.00028946343515869174,0.0005789012589883461,-3.290873664563848e-07,-3.1129347338211544e-07,-3.469551436107826e-07,-0.0002894380566083529,-1.608688866475529e-08,-3.0145842958642915e-07,-2.106689435961808e-08,-0.00028946343515869174
0.15,3,6.28125,0.0,0.0,0.9988226,9.0878075e-07,7.587387e-07,-4.874065606251966e-09,-8.769482470597813e-09,-1.7903059038189804e-08,0.0005673467404040851,-3.321354491850402e-07,-3.01168713132897e-07,-0.00028366088738607486,-1.8061721582365896e-08,-0.0002836857659163662,0.0005673467404040851,-3.231839196659453e-07,-3.055534543681959e-07,-3.410869787041351e-07,-0.00028366088738607486,-1.5624688779239913e-08,-2.967839718975981e-07,-2.049875438549188e-08,-0.0002836857659163662
0.15,3,6.3125,0.0,0.0,0.99884015,8.95409e-07,7.468666e-07,-4.767259126968828e-09,-7.148934055031895e-09,-1.7828911730484193e-08,0.000556079469681163,-3.2632089793589226e-07,-2.963474179735928e-07,-0.0002780274874398074,-1.757720286282052e-08,-0.0002780518078828284,0.000556079469681163,-3.1740644207065016e-07,-2.999218850011087e-07,-3.3523535380113436e-07,-0.0002780274874398074,-1.5193573299336106e-08,-2.9277295094607683e-07,-1.9960832426304934e-08,-0.0002780518078828284
0.15,3,6.34375,0.0,0.0,0.9988574,8.8386184e-07,7.372872e-07,-4.642435703859616e-09,-7.010894393082601e-09,-1.7770592894368652e-08,0.0005450904237102663,-3.206765207756625e-07,-2.915009505651022e-07,-0.00027253328682895446,-1.7096509045075867e-08,-0.000272557282151821,0.0005450904237102663,-3.1179122432847817e-07,-2.950063977616435e-07,-3.295618172228468e-07,-0.00027253328682895446,-1.477529119314606e-08,-2.879955033685609e-07,-1.9417726897005675e-08,-0.000272557282151821
0.15,3,6.375,0.0,0.0,0.99887425,8.7728205e-07,7.318262e-07,-4.567814448937896e-09,-7.10370659898782e-09,-1.7896120461333717e-08,0.0005343728208191054,-3.152320527479341e-07,-2.8637793140860447e-07,-0.000267174720984061,-1.662390922449697e-08,-0.0002671980420731413,0.0005343728208191054,-3.0628399251726723e-07,-2.899297847080984e-07,-3.2418011297860095e-07,-0.000267174720984061,-1.434000200002802e-08,-2.8282607810911056e-07,-1.8907816448965917e-08,-0.0002671980420731413
0.15,3,6.40625,0.0,0.0,0.9988908,8.654721e-07,7.21936e-07,-4.463159531447529e-09,-5.492598820631598e-09,-1.779705806140839e-08,0.0005239174080706281,-3.0988921324240636e-07,-2.816370436185803e-07,-0.00026194710404061727,-1.6186146914547704e-08,-0.0002619698965423913,0.0005239174080706281,-3.0099068421170216e-07,-2.843833430288961e-07,-3.1878774227311055e-07,-0.00026194710404061727,-1.395456714882394e-08,-2.788907442082645e-07,-1.8417726680271468e-08,-0.0002619698965423913
0.15,3,6.4375,0.0,0.0,0.99890697,8.5441354e-07,7.1138675e-07,-4.354170638938017e-09,-6.440796801470859e-09,-1.7823788087153298e-08,0.0005137165368227711,-3.046020817951283e-07,-2.763507890947344e-07,-0.0002568466415218525,-1.5751229406087e-08,-0.00025686966226125436,0.0005137165368227711,-2.9569018775155165e-07,-2.7957118749546983e-07,-3.1351397583870495e-07,-0.0002568466415218525,-1.3574144086617992e-08,-2.7313039069399897e-07,-1.792831472555601e-08,-0.00025686966226125436
0.15,3,6.46875,0.0,0.0,0.9989229,8.45386e-07,7.045203e-07,-4.25337056380985e-09,-6.368512969691549e-09,-1.7815339680601048e-08,0.0005037629993081619,-2.9949323698022875e-07,-2.7143262536607126e-07,-0.00025187042822546893,-1.533272281106665e-08,-0.0002518926295844437,0.0005037629993081619,-2.905855671399282e-07,-2.7461688185091704e-07,-3.0840090682052927e-07,-0.00025187042822546893,-1.3206037529161726e-08,-2.682483688812255e-07,-1.7459408092971576e-08,-0.0002518926295844437
0.15,3,6.5,0.0,0.0,0.99893844,8.356441e-07,6.961203e-07,-4.133939944281719e-09,-5.989108812931728e-09,-1.7692745053781616e-08,0.0004940499714531973,-2.9445829463800555e-07,-2.669157356007589e-07,-0.0002470141783153859,-1.493013779198005e-08,-0.0002470357350338764,0.0004940499714531973,-2.8561192211111475e-07,-2.6991029000722477e-07,-3.0330466716489636e-07,-0.0002470141783153859,-1.286316781983919e-08,-2.6392118119429305e-07,-1.699710776412091e-08,-0.0002470357350338764
0.15,3,6.53125,0.0,0.0,0.99895376,8.252906e-07,6.8682425e-07,-4.057740525301146e-09,-5.855745346800803e-09,-1.7793310364106157e-08,0.000484570432370492,-2.8953082211289905e-07,-2.6211282225075365e-07,-0.00024227423636485413,-1.4536922259498206e-08,-0.0002422956433211299,0.000484570432370492,-2.80634166930846e-07,-2.6504069492415405e-07,-2.9842747729495213e-07,-0.00024227423636485413,-1.2508051996847633e-08,-2.5918494957735325e-07,-1.656579252214878e-08,-0.0002422956433211299
0.15,3,6.5625,0.0,0.0,0.9989688,8.211162e-07,6.8334316e-07,-3.983626722952769e-09,-5.6768661142888276e-09,-1.7631662101798458e-08,0.0004753171054065874,-2.8467245629136073e-07,-2.577195874148904e-07,-0.00023764815676522087,-1.415014788731816e-08,-0.00023766894840849683,0.0004753171054065874,-2.758566252404615e-07,-2.605580204720348e-07,-2.9348828734225996e-07,-0.00023764815676522087,-1.2158334525841775e-08,-2.54881154357746e-07,-1.6141961248794545e-08,-0.00023766894840849683
0.15,3,6.59375,0.0,0.0,0.99898344,8.055823e-07,6.6869256e-07,-3.861364164260131e-09,-4.696318707902406e-09,-1.7677455625407534e-08,0.0004662839737578951,-2.799833327653205e-07,-2.5355820327097907e-07,-0.00023313150583640735,-1.3788798387936855e-08,-0.0002331522934539339,0.0004662839737578951,-2.711446049526167e-07,-2.5590636262493027e-07,-2.8882206057802425e-07,-0.00023313150583640735,-1.185811630580679e-08,-2.5121004391702787e-07,-1.571948047006692e-08,-0.0002331522934539339
0.15,3,6.625,0.0,0.0,0.9989979,8.0121197e-07,6.6582044e-07,-3.787597338401178e-09,-5.489648256169787e-09,-1.7598810821603506e-08,0.00045746441850902896,-2.753829766894103e-07,-2.4870185914707617e-07,-0.00022872207937099244,-1.3429743221661484e-08,-0.00022874254292338815,0.00045746441850902896,-2.6658357127860854e-07,-2.5144668327516106e-07,-2.8418238210021205e-07,-0.00022872207937099244,-1.1535944552460895e-08,-2.459570350189913e-07,-1.5323541890862073e-08,-0.00022874254292338815
0.15,3,6.65625,0.0,0.0,0.99901205,7.8811536e-07,6.5416134e-07,-3.725045620431907e-09,-5.219257726338635e-09,-1.766857158781829e-08,0.0004488531393529085,-2.709216002664069e-07,-2.446394548905479e-07,-0.0002244167910965169,-1.3069666100323221e-08,-0.0002244366687496404,0.0004488531393529085,-2.620873144724978e-07,-2.4724908375371724e-07,-2.7975588606031607e-07,-0.0002244167910965169,-1.1207143290107267e-08,-2.420298260273786e-07,-1.4932188910539174e-08,-0.0002244366687496404
0.15,3,6.6875,0.0,0.0,0.99902594,7.843743e-07,6.51965e-07,-3.634843318735671e-09,-4.089208944480188e-09,-1.7534442628915656e-08,0.00044044359559953193,-2.66439541625028e-07,-2.4088785123341493e-07,-0.00022021228281339804,-1.274783602138609e-08,-0.0002202317056322831,0.00044044359559953193,-2.576723203105702e-07,-2.42932455705655e-07,-2.7520676293948585e-07,-0.00022021228281339804,-1.0930414362018254e-08,-2.3884324676117484e-07,-1.4565257680753925e-08,-0.0002202317056322831
0.15,3,6.71875,0.0,0.0,0.9990396,7.7418844e-07,6.4294574e-07,-3.5542904557175426e-09,-3.743374076765394e-09,-1.748617230783937e-08,0.00043223062482812893,-2.6212661188633154e-07,-2.3704454966060284e-07,-0.0002161057118550452,-1.2417291346706065e-08,-0.00021612481090112407,0.00043223062482812893,-2.5338352573241185e-07,-2.3891623669898554e-07,-2.708696980402512e-07,-0.0002161057118550452,-1.0640146118847294e-08,-2.3517286262222015e-07,-1.4194436574564836e-08,-0.00021612481090112407
0.15,3,6.75,0.0,0.0,0.999053,7.6735944e-07,6.3674656e-07,-3.4522400828724533e-09,-4.764075637784214e-09,-1.75035810433033e-08,0.0004242084939763413,-2.5790123456463865e-07,-2.3226290203956891e-07,-0.00021209461909580445,-1.2111419076675414e-08,-0.00021211365639532383,0.0004242084939763413,-2.49149444042987e-07,-2.3464493985846102e-07,-2.666530250862903e-07,-0.00021209461909580445,-1.0385299035239187e-08,-2.298808642206768e-07,-1.383753911811164e-08,-0.00021211365639532383
0.15,3,6.78125,0.0,0.0,0.9990661,7.573797e-07,6.2827064e-07,-3.3954430581745708e-09,-3.5281314708407625e-09,-1.742376948882967e-08,0.00041637136629171095,-2.538152480981612e-07,-2.2900685387955227e-07,-0.00020817646435647007,-1.1791830731853244e-08,-0.00020819495978619419,0.00041637136629171095,-2.451033633537464e-07,-2.3077091961497265e-07,-2.6252713284257605e-07,-0.00020817646435647007,-1.0094109202765959e-08,-2.2724278814413188e-07,-1.348955226094053e-08,-0.00020819495978619419
0.15,3,6.8125,0.0,0.0,0.999079,7.472993e-07,6.1901807e-07,-3.3247897606716523e-09,-3.6152128926939236e-09,-1.7373335434923867e-08,0.0004087146687702242,-2.4970699030634266e-07,-2.2536778902284822e-07,-0.00020434846671636754,-1.149541295044688e-08,-0.00020436649312130596,0.0004087146687702242,-2.4102032258888073e-07,-2.2717539546919518e-07,-2.583936580238046e-07,-0.00020434846671636754,-9.833018070111053e-09,-2.2356018257650126e-07,-1.3157807830782705e-08,-0.00020436649312130596
0.15,3,6.84375,0.0,0.0,0.9990916,7.44678e-07,6.168825e-07,-3.233863384298789e-09,-3.3954605440516834e-09,-1.735708645209241e-08,0.00040123407590792436,-2.4574332366242356e-07,-2.2178007287976893e-07,-0.0002006080991470997,-1.1203448305603355e-08,-0.0002006259476503213,0.00040123407590792436,-2.3706478043637735e-07,-2.2347780315179477e-07,-2.5442186688846976e-07,-0.0002006080991470997,-9.58651661345396e-09,-2.200823426077431e-07,-1.2820379997752749e-08,-0.0002006259476503213
0.15,3,6.875,0.0,0.0,0.9991041,7.3097556e-07,6.045873e-07,-3.1554166600981535e-09,-2.8253455580965967e-09,-1.721495035646094e-08,0.0003939233826068065,-2.4181852618702194e-07,-2.1851049802386205e-07,-0.00019695304536819226,-1.0948151177838847e-08,-0.00019697064329101757,0.0003939233826068065,-2.3321105100879147e-07,-2.1992317080291035e-07,-2.504260013652524e-07,-0.00019695304536819226,-9.37044284778977e-09,-2.1709782524481375e-07,-1.2525859507887924e-08,-0.00019697064329101757
0.15,3,6.90625,0.0,0.0,0.9991163,7.2913696e-07,6.037286e-07,-3.094406264997915e-09,-2.4431499374993502e-09,-1.7072789222860813e-08,0.00038677864190043466,-2.380101791517043e-07,-2.1483681444688015e-07,-0.00019338070514996386,-1.0655250944034147e-08,-0.00019339815443576963,0.00038677864190043466,-2.294737845402739e-07,-2.1605838941562983e-07,-2.465465737631347e-07,-0.00019338070514996386,-9.108047811535189e-09,-2.1361523947813048e-07,-1.2202454076533104e-08,-0.00019339815443576963
0.15,3,6.9375,0.0,0.0,0.9991283,7.179854e-07,5.9419995e-07,-3.021790126160758e-09,-2.292623913657159e-09,-1.705358031635492e-08,0.0003797959191486084,-2.342568288902995e-07,-2.113023867301864e-07,-0.00018988931658116726,-1.0396470458597237e-08,-0.00018990629716428688,0.0003797959191486084,-2.2573003873212205e-07,-2.12448698687015e-07,-2.4278361904847697e-07,-0.00018988931658116726,-8.885575395516858e-09,-2.1015607477335783e-07,-1.1907365521677616e-08,-0.00018990629716428688
0.15,3,6.96875,0.0,0.0,0.99914,7.1411216e-07,5.9181303e-07,-2.976912239150342e-09,-1.8505802003374993e-09,-1.694213406857616e-08,0.0003729700168998082,-2.3060589928839976e-07,-2.0790509238289743e-07,-0.00018647649768308312,-1.0143656156491121e-08,-0.00018649325702113442,0.0003729700168998082,-2.2213483225411168e-07,-2.0883038248306618e-07,-2.3907696632268784e-07,-0.00018647649768308312,-8.65520003691595e-09,-2.0697980228272868e-07,-1.1632112276066292e-08,-0.00018649325702113442
0.15,3,7.0,0.0,0.0,0.9991516,7.0248757e-07,5.8030355e-07,-2.905324582639073e-09,-2.1343598515639016e-09,-1.688921979441755e-08,0.00036629674179244204,-2.2703624140983284e-07,-2.0451233174862663e-07,-0.00018314009446275808,-9.892072500564857e-09,-0.00018315657442099614,0.00036629674179244204,-2.1859163151262406e-07,-2.0557951167440858e-07,-2.354808513070416e-07,-0.00018314009446275808,-8.43941020924532e-09,-2.0344515182284468e-07,-1.1344734791884394e-08,-0.00018315657442099614
0.15,3,7.03125,0.0,0.0,0.9991629,6.969376e-07,5.7612675e-07,-2.842618680482141e-09,-1.4422793282484019e-09,-1.69069499747921e-08,0.00035977267514529336,-2.235088451242812e-07,-2.0134743686871085e-07,-0.00017987816461266612,-9.653008568001544e-09,-0.0001798942925013544,0.00035977267514529336,-2.1505537013688514e-07,-2.0206857653283505e-07,-2.3196232011167724e-07,-0.00017987816461266612,-8.231699227760473e-09,-2.0062629720458665e-07,-1.1074317908242614e-08,-0.0001798942925013544
0.15,3,7.0625,0.0,0.0,0.9991741,6.859395e-07,5.664943e-07,-2.788176045023707e-09,-1.7679824996044181e-09,-1.682008223265305e-08,0.00035339266767104617,-2.200830433483561e-07,-1.9795033056308853e-07,-0.0001766884529847068,-9.415961831486558e-09,-0.00017670441804770867,0.00035339266767104617,-2.1167300223202956e-07,-1.9883432181289074e-07,-2.284930844646826e-07,-0.0001766884529847068,-8.021873808974705e-09,-1.9706633931328632e-07,-1.0810049853998411e-08,-0.00017670441804770867
0.15,3,7.09375,0.0,0.0,0.999185,6.802661e-07,5.612286e-07,-2.716028485253428e-09,-9.721588363286555e-10,-1.6743714392758327e-08,0.0003471541781529409,-2.1669470646954174e-07,-1.9502483225041948e-07,-0.00017356941342733468,-9.19222505862052e-09,-0.00017358496834948118,0.0003471541781529409,-2.0832284927316258e-07,-1.955109116685838e-07,-2.250665636659209e-07,-0.00017356941342733468,-7.834210815993805e-09,-1.9453875283225515e-07,-1.0550239301247233e-08,-0.00017358496834948118
0.15,3,7.125,0.0,0.0,0.99919575,6.7499917e-07,5.564399e-07,-2.676999479552032e-09,-1.4996477194951932e-09,-1.663348271614104e-08,0.0003410529955707089,-2.1335210394731312e-07,-1.9157958850351203e-07,-0.00017051883806464802,-8.966934857131223e-09,-0.0001705340411173181,0.0003410529955707089,-2.050353625892426e-07,-1.9232941236325962e-07,-2.2166884530538364e-07,-0.00017051883806464802,-7.628435117355207e-09,-1.9082976464376443e-07,-1.030543459690724e-08,-0.0001705340411173181
0.15,3,7.15625,0.0,0.0,0.99920636,6.640768e-07,5.468187e-07,-2.624254380376959e-09,-8.620705575781919e-10,-1.6622504770286975e-08,0.00033508527627958314,-2.1011153984125993e-07,-1.8884261186895277e-07,-0.00016753484888402747,-8.748877589328862e-09,-0.00016755020944783246,0.00033508527627958314,-2.0180028745611645e-07,-1.8927364714774186e-07,-2.1842279222640342e-07,-0.00016753484888402747,-7.436750399140383e-09,-1.8841157659016367e-07,-1.0061004779517342e-08,-0.00016755020944783246
0.15,3,7.1875,0.0,0.0,0.9992167,6.6280336e-07,5.465379e-07,-2.55791577760049e-09,-1.1836647780159794e-09,-1.650236127844531e-08,0.00032924713700401356,-2.0691852704985854e-07,-1.8589566660800146e-07,-0.00016461631863474643,-8.545158452428797e-09,-0.00016463108007098678,0.00032924713700401356,-1.9866734641063588e-07,-1.8648749899700945e-07,-2.151697076890812e-07,-0.00016461631863474643,-7.266200563628552e-09,-1.8530383421899347e-07,-9.824116341229042e-09,-0.00016463108007098678
0.15,3,7.21875,0.0,0.0,0.9992269,6.55977e-07,5.404959e-07,-2.502490220586764e-09,-7.771728462399618e-10,-1.6450914043274277e-08,0.00032353645928621423,-2.0380073410252654e-07,-1.8308593614130522e-07,-0.00016176095192246056,-8.350495021319278e-09,-0.00016177568181537235,0.00032353645928621423,-1.955752770808894e-07,-1.834745225644252e-07,-2.1202619112416367e-07,-0.00016176095192246056,-7.0992499110258955e-09,-1.8269734971818524e-07,-9.60174013161266e-09,-0.00016177568181537235
0.15,3,7.25,0.0,0.0,0.99923694,6.4583844e-07,5.3164143e-07,-2.4435426570137563e-09,-3.700715055986138e-10,-1.6394119449588058e-08,0.00031794898986518307,-2.0074203510167334e-07,-1.8025199057445214e-07,-0.00015896727662657108,-8.152221758859769e-09,-0.0001589818295155625,0.00031794898986518307,-1.925449753768793e-07,-1.8043702632725145e-07,-2.0893909482646737e-07,-0.00015896727662657108,-6.930450430352891e-09,-1.8006695482165283e-07,-9.373993087366647e-09,-0.0001589818295155625
0.15,3,7.28125,0.0,0.0,0.9992468,6.451133e-07,5.3089684e-07,-2.400238232676971e-09,-7.18251772741465e-10,-1.631134430317069e-08,0.0003124817188350122,-1.9773092523226414e-07,-1.7736346453046096e-07,-0.00015623377341963092,-7.960334778738448e-09,-0.00015624790197804814,0.0003124817188350122,-1.895752530806788e-07,-1.777225904168317e-07,-2.058865973838495e-07,-0.00015623377341963092,-6.7602156623999625e-09,-1.7700433864409023e-07,-9.160453895076933e-09,-0.00015624790197804814
0.15,3,7.3125,0.0,0.0,0.9992565,6.358397e-07,5.2262493e-07,-2.3496726712208225e-09,-6.582200815687523e-10,-1.6211462795198998e-08,0.0003071315684396725,-1.9481260591236048e-07,-1.7473862830002176e-07,-0.00015355885945962671,-7.77124652687677e-09,-0.00015357281112529495,0.0003071315684396725,-1.8670687451476098e-07,-1.7506773834080613e-07,-2.0291833730995998e-07,-0.00015355885945962671,-6.596410191266359e-09,-1.7440951825923738e-07,-8.946082862487182e-09,-0.00015357281112529495
0.15,3,7.34375,0.0,0.0,0.99926597,6.25113e-07,5.1325276e-07,-2.279570977409284e-09,-4.468966571856501e-11,-1.6141972678026942e-08,0.00030189559650991085,-1.9192645989120759e-07,-1.7215785966223613e-07,-0.00015094088927652754,-7.603296241948007e-09,-0.00015095466410205773,0.00030189559650991085,-1.8385547355219412e-07,-1.721802044950954e-07,-1.9999744623022106e-07,-0.00015094088927652754,-6.463510753243365e-09,-1.7213551482937685e-07,-8.743081730652649e-09,-0.00015095466410205773
0.15,3,7.375,0.0,0.0,0.9992753,6.1976897e-07,5.092364e-07,-2.242126161437156e-09,-1.5811139708290416e-10,-1.6068895488199376e-08,0.0002967708246533387,-1.8908724902668263e-07,-1.6935777812182744e-07,-0.00014837863515098252,-7.425182350483811e-09,-0.00014839213132505292,0.0002967708246533387,-1.8105280128258294e-07,-1.694368338203689e-07,-1.9712169677078232e-07,-0.00014837863515098252,-6.304119269765233e-09,-1.69278722423286e-07,-8.546245431202389e-09,-0.00014839213132505292
0.15,3,7.40625,0.0,0.0,0.99928457,6.142793e-07,5.040373e-07,-2.1916368951862414e-09,-2.559138372000341e-10,-1.5955859921412186e-08,0.0002917548477608632,-1.863168050813627e-07,-1.6686832161265619e-07,-0.00014587072039462482,-7.256218485096741e-09,-0.00014588405438325307,0.0002917548477608632,-1.783388751206566e-07,-1.669962785312562e-07,-1.942947350420688e-07,-0.00014587072039462482,-6.16040003750362e-09,-1.6674036469405617e-07,-8.352036932689861e-09,-0.00014588405438325307
0.15,3,7.4375,0.0,0.0,0.99929357,6.013365e-07,4.925812e-07,-2.1411844700844904e-09,8.339066329826617e-11,-1.5999270070917446e-08,0.0002868438843258679,-1.835799950175808e-07,-1.643898302227699e-07,-0.00014341547268698383,-7.091504165960855e-09,-0.00014342846991617365,0.0002868438843258679,-1.7558035998212207e-07,-1.6434813489112077e-07,-1.9157963005303952e-07,-0.00014341547268698383,-6.02091193091861e-09,-1.6443152555441903e-07,-8.1620964010031e-09,-0.00014342846991617365
0.15,3,7.46875,0.0,0.0,0.99930245,6.010897e-07,4.927045e-07,-2.1136234033201614e-09,-1.7288580102573468e-10,-1.584995422558485e-08,0.00028203638681690603,-1.809093991841019e-07,-1.6203002044860003e-07,-0.00014101165229502094,-6.923555037235453e-09,-0.00014102456019474217,0.00028203638681690603,-1.7298442207130948e-07,-1.621164633491129e-07,-1.8883437629689434e-07,-0.00014101165229502094,-5.866743335575372e-09,-1.6194357754808716e-07,-7.980366738895533e-09,-0.00014102456019474217
0.15,3,7.5,0.0,0.0,0.99931115,5.991957e-07,4.9160434e-07,-2.059049691193653e-09,7.789870937972149e-10,-1.5788760457582246e-08,0.0002773289379710362,-1.7827870889736524e-07,-1.5987499768336817e-07,-0.000138658161366607,-6.76966753472921e-09,-0.00013867074715278924,0.0002773289379710362,-1.7038432866857411e-07,-1.5948550413646956e-07,-1.8617308912615636e-07,-0.000138658161366607,-5.740142689132383e-09,-1.6026449123026677e-07,-7.799192380326036e-09,-0.00013867074715278924
0.15,3,7.53125,0.0,0.0,0.9993198,5.867772e-07,4.803071e-07,-2.0079387096102563e-09,-7.222618559683163e-11,-1.571527515683847e-08,0.0002727195675514965,-1.757403769345592e-07,-1.5704330313836664e-07,-0.00013635353531146397,-6.616998201800628e-09,-0.00013636601730841023,0.0002727195675514965,-1.6788273935613995e-07,-1.5707941623116506e-07,-1.8359801451297842e-07,-0.00013635353531146397,-5.6130288469955e-09,-1.5700719004556823e-07,-7.620967556605756e-09,-0.00013636601730841023
0.15,3,7.5625,0.0,0.0,0.9993282,5.970749e-07,4.912906e-07,-1.9822895407184773e-09,1.099107734303152e-09,-1.5592254412734134e-08,0.00026820586168683005,-1.7321562686695773e-07,-1.5511233386904496e-07,-0.00013409677087035436,-6.46404698514006e-09,-0.00013410909091428428,0.00026820586168683005,-1.6541949966059066e-07,-1.5456278000189339e-07,-1.810117540733248e-07,-0.00013409677087035436,-5.4729022147808216e-09,-1.5566188773619654e-07,-7.455191755499299e-09,-0.00013410909091428428
0.15,3,7.59375,0.0,0.0,0.9993366,5.7804465e-07,4.7313125e-07,-1.9253212745409397e-09,1.4408751223952444e-12,-1.5531470486562955e-08,0.0002637850223730833,-1.7070368105431008e-07,-1.5244388342629692e-07,-0.0001318865414345756,-6.316111647054339e-09,-0.00013189859770508817,0.0002637850223730833,-1.629379458110286e-07,-1.5244316298873573e-07,-1.7846941629759156e-07,-0.0001318865414345756,-5.353451009783869e-09,-1.5244460386385812e-07,-7.278772284324809e-09,-0.00013189859770508817
0.15,3,7.625,0.0,0.0,0.9993447,5.76918e-07,4.7255307e-07,-1.8829118242472175e-09,1.6693558430055477e-09,-1.5515840313076897e-08,0.0002594549141951546,-1.6828628709259644e-07,-1.5062355049257165e-07,-0.0001297215318882089,-6.1854328440807504e-09,-0.00012973336808283053,0.0002594549141951546,-1.60528366936058e-07,-1.4978887257106888e-07,-1.7604420724913488e-07,-0.0001297215318882089,-5.243976931957142e-09,-1.5145822841407442e-07,-7.126888756204359e-09,-0.00012973336808283053
0.15,3,7.65625,0.0,0.0,0.99935275,5.754165e-07,4.7198074e-07,-1.8509144120200795e-09,1.0383395902260287e-09,-1.5402692663027656e-08,0.0002552135984456305,-1.6589731269454495e-07,-1.4825239916364818e-07,-0.0001276008456420729,-6.0451525329809975e-09,-0.00012761266552792285,0.0002552135984456305,-1.5819596636303113e-07,-1.4773322936853517e-07,-1.7359865902605878e-07,-0.0001276008456420729,-5.119695326970958e-09,-1.487715689587612e-07,-6.970609738991037e-09,-0.00012761266552792285
0.15,3,7.6875,0.0,0.0,0.9993607,5.5865235e-07,4.559958e-07,-1.8080739232952266e-09,7.136370672663496e-10,-1.5357649811559944e-08,0.00025105872412944756,-1.635349120669569e-07,-1.4591927833459623e-07,-0.00012552348197802067,-5.915260389654744e-09,-0.00012553505276453013,0.00025105872412944756,-1.5585608716117694e-07,-1.4556245980096305e-07,-1.7121373697273688e-07,-0.00012552348197802067,-5.0112234280071306e-09,-1.462760968682294e-07,-6.819297351302357e-09,-0.00012553505276453013
0.15,3,7.71875,0.0,0.0,0.9993685,5.5394725e-07,4.518177e-07,-1.7691740710634339e-09,4.0432467859625575e-10,-1.518858486183693e-08,0.00024698799097538915,-1.6122951224269754e-07,-1.436519219466512e-07,-0.0001234882767325787,-5.776257353376816e-09,-0.00012349952569824224,0.00024698799097538915,-1.5363521981177908e-07,-1.4344975960735307e-07,-1.68823804673616e-07,-0.0001234882767325787,-4.891670317845099e-09,-1.4385408428594932e-07,-6.660844388908533e-09,-0.00012349952569824224
0.15,3,7.75,0.0,0.0,0.9993761,5.5635854e-07,4.5577877e-07,-1.7441075182193463e-09,7.212884652955096e-10,-1.5177743907780164e-08,0.00024299953128243366,-1.589824467814503e-07,-1.4166809370168637e-07,-0.00012149419263888524,-5.654285083408903e-09,-0.00012150525078893275,0.00024299953128243366,-1.5139357482756022e-07,-1.4130744946903862e-07,-1.6657131873534038e-07,-0.00012149419263888524,-4.78223132429923e-09,-1.4202873793433412e-07,-6.526338842518576e-09,-0.00012150525078893275
0.15,3,7.78125,0.0,0.0,0.9993836,5.5021746e-07,4.5020988e-07,-1.7032074193192221e-09,1.4318006924331802e-09,-1.50657025190266e-08,0.000239091236772725,-1.5678223764742515e-07,-1.3984989731307944e-07,-0.00011954013389810746,-5.533342844634385e-09,-0.00011955119044423373,0.000239091236772725,-1.4924938638791185e-07,-1.3913399696686285e-07,-1.6431508890693845e-07,-0.00011954013389810746,-4.681739134974774e-09,-1.4056579765929603e-07,-6.384946554293996e-09,-0.00011955119044423373
0.15,3,7.8125,0.0,0.0,0.9993911,5.4426994e-07,4.441249e-07,-1.665747145802182e-09,1.255035032638656e-09,-1.5066551757722188e-08,0.00023526140398894002,-1.5459686569612146e-07,-1.3787649565725517e-07,-0.00011762537813823429,-5.413379507193504e-09,-0.00011763611297365942,0.00023526140398894002,-1.4706358981726037e-07,-1.3724897814093584e-07,-1.6213014157498255e-07,-0.00011762537813823429,-4.580505934292413e-09,-1.385040131735745e-07,-6.246253080094595e-09,-0.00011763611297365942
0.15,3,7.84375,0.0,0.0,0.99939835,5.5150514e-07,4.5264397e-07,-1.6162095993807859e-09,1.1952614288067757e-09,-1.490778392298684e-08,0.00023150829269746008,-1.5247908435134054e-07,-1.3592861764157133e-07,-0.00011574883790449358,-5.2951883928035776e-09,-0.00011575941113486098,0.00023150829269746008,-1.4502519238984712e-07,-1.3533098692716794e-07,-1.5993297631283396e-07,-0.00011574883790449358,-4.487083593113185e-09,-1.3652624835597472e-07,-6.1032931924939705e-09,-0.00011575941113486098
0.15,3,7.875,0.0,0.0,0.99940556,5.332024e-07,4.3502894e-07,-1.6012124735116044e-09,1.6454058721944572e-09,-1.4797843112021971e-08,0.0002278292279716326,-1.5034172705533108e-07,-1.3404206221101646e-07,-0.00011390948072353572,-5.181413298240077e-09,-0.00011392000879800024,0.0002278292279716326,-1.429428054993201e-07,-1.3321935927491924e-07,-1.5774064861134206e-07,-0.00011390948072353572,-4.380807061484275e-09,-1.348647651471137e-07,-5.982019534995879e-09,-0.00011392000879800024
0.15,3,7.90625,0.0,0.0,0.9994126,5.361576e-07,4.3858444e-07,-1.560957791816404e-09,1.4990747256265861e-09,-1.4756514540665221e-08,0.00022422356598089926,-1.4828146181711268e-07,-1.3209943025395215e-07,-0.000112106563265043,-5.073084770207425e-09,-0.00011211685704174776,0.00022422356598089926,-1.4090320454678007e-07,-1.3134989289113885e-07,-1.556597190874453e-07,-0.000112106563265043,-4.292605874299223e-09,-1.3284896761676544e-07,-5.853563666115627e-09,-0.00011211685704174776
0.15,3,7.9375,0.0,0.0,0.99941957,5.2836435e-07,4.3152005e-07,-1.5405830852016113e-09,1.8634136839080443e-09,-1.4717819123826468e-08,0.0002206886807184505,-1.4626734698811275e-07,-1.303905832950367e-07,-0.00011033923075806786,-4.96212565855085e-09,-0.00011034942851235156,0.0002206886807184505,-1.3890843742619952e-07,-1.2945887645308268e-07,-1.5362625655002598e-07,-0.00011033923075806786,-4.1918341159500445e-09,-1.3132229013699073e-07,-5.732417201151656e-09,-0.00011034942851235156
0.15,3,7.96875,0.0,0.0,0.99942636,5.124762e-07,4.1651134e-07,-1.4998465717959214e-09,1.5798621372448748e-09,-1.4550239039814203e-08,0.00021722352619293027,-1.4425510719725908e-07,-1.2832928418628545e-07,-0.00010860669766083089,-4.8583614038955796e-09,-0.00010861674849192388,0.00021722352619293027,-1.3697998767735198e-07,-1.27539353117663e-07,-1.5153022671716618e-07,-0.00010860669766083089,-4.108438117997619e-09,-1.291192152549079e-07,-5.60828468979354e-09,-0.00010861674849192388
0.15,3,8.0,0.0,0.0,0.9994331,5.1678086e-07,4.212415e-07,-1.4753573907813795e-09,1.493583840299058e-09,-1.4503837584761768e-08,0.00021382603434828406,-1.4229381532296224e-07,-1.2640973290016427e-07,-0.00010690802509920627,-4.7535055897328675e-09,-0.0001069179654183334,0.00021382603434828406,-1.3504189653058135e-07,-1.2566294098001474e-07,-1.4954573411534312e-07,-0.00010690802509920627,-4.015826894342178e-09,-1.271565248203138e-07,-5.491184285123557e-09,-0.0001069179654183334
0.15,3,8.03125,0.0,0.0,0.9994397,5.211605e-07,4.2658374e-07,-1.446995859857034e-09,2.026118489150753e-09,-1.44106063807887e-08,0.00021049468554997213,-1.4037553098084248e-07,-1.249581047060436e-07,-0.00010524247480966746,-4.656907338145499e-09,-0.00010525215185057048,0.00021049468554997213,-1.3317022779044813e-07,-1.2394504546146823e-07,-1.4758083417123683e-07,-0.00010524247480966746,-3.933409408216982e-09,-1.2597116395061898e-07,-5.380405268074016e-09,-0.00010525215185057048
0.15,3,8.0625,0.0,0.0,0.99944633,5.157823e-07,4.2179644e-07,-1.4095923083485402e-09,1.6354060829965413e-09,-1.4301571088593608e-08,0.00020722804290611817,-1.3848004464735473e-07,-1.230423415194257e-07,-0.00010360928498108409,-4.557071023037336e-09,-0.00010361896798361726,0.00020722804290611817,-1.3132925910305793e-07,-1.2222463847792742e-07,-1.4563083019165154e-07,-0.00010360928498108409,-3.852274868863066e-09,-1.2386004456092396e-07,-5.261867177211606e-09,-0.00010361896798361726
0.15,3,8.09375,0.0,0.0,0.9994527,5.165643e-07,4.2264304e-07,-1.3795790296548729e-09,2.183489217517519e-09,-1.4220552246066269e-08,0.00020402470933330013,-1.366312814710265e-07,-1.214911036582158e-07,-0.00010200758276427457,-4.461680318794013e-09,-0.00010201695889083343,0.00020402470933330013,-1.2952100534799338e-07,-1.2039935904945703e-07,-1.4374155759405965e-07,-0.00010200758276427457,-3.7718908039665764e-09,-1.2258284826697455e-07,-5.151469833621449e-09,-0.00010201695889083343
0.15,3,8.125,0.0,0.0,0.999459,5.1264806e-07,4.2011422e-07,-1.3576946843058013e-09,2.317359917605971e-09,-1.416620873331034e-08,0.00020088305174757043,-1.3480819526884587e-07,-1.1988920674143878e-07,-0.0001004368857802155,-4.374149897443737e-09,-0.00010044612968066339,0.00020088305174757043,-1.277250909021907e-07,-1.1873052678263579e-07,-1.4189129963550104e-07,-0.0001004368857802155,-3.6953025552908365e-09,-1.2104788670024176e-07,-5.052997239596638e-09,-0.00010044612968066339
0.15,3,8.15625,0.0,0.0,0.9994652,5.098557e-07,4.179905e-07,-1.3295619993085816e-09,1.7313327783962437e-09,-1.4079575703818017e-08,0.00019780163626340747,-1.3299168800014882e-07,-1.1790840224051326e-07,-9.889622961015951e-05,-4.28311924688339e-09,-9.890532676035624e-05,0.00019780163626340747,-1.2595190014823981e-07,-1.1704273585131514e-07,-1.4003147585205783e-07,-9.889622961015951e-05,-3.6183382472290996e-09,-1.1877406862971138e-07,-4.947900246537681e-09,-9.890532676035624e-05
0.15,3,8.1875,0.0,0.0,0.99947137,4.831013e-07,3.9183075e-07,-1.3045616854574088e-09,1.7789668306774438e-09,-1.4022033699439976e-08,0.00019477920066577302,-1.3126756233488017e-07,-1.1634125226094648e-07,-9.738510688456805e-05,-4.193300339238118e-09,-9.739412279332378e-05,0.00019477920066577302,-1.2425654548516019e-07,-1.1545176884560776e-07,-1.3827857918460016e-07,-9.738510688456805e-05,-3.5410194965094133e-09,-1.172307356762852e-07,-4.845581181966822e-09,-9.739412279332378e-05
0.15,3,8.21875,0.0,0.0,0.99947745,4.844064e-07,3.9357215e-07,-1.2738306069207399e-09,2.358179435876578e-09,-1.3936812931768542e-08,0.00019181425902308445,-1.2951803701786253e-07,-1.149174729244486e-07,-9.590270213615361e-05,-4.107958832979777e-09,-9.591154951835271e-05,0.00019181425902308445,-1.2254963055197826e-07,-1.1373838320651031e-07,-1.364864434837468e-07,-9.590270213615361e-05,-3.4710435295194067e-09,-1.1609656264238689e-07,-4.7448741364401466e-09,-9.591154951835271e-05
0.15,3,8.25,0.0,0.0,0.99948335,4.881815e-07,3.979803e-07,-1.2545345813889334e-09,2.755573145151683e-09,-1.3826447110109718e-08,0.00018890565903301442,-1.2782085792217962e-07,-1.1361484303387096e-07,-9.444845368930858e-05,-4.0248834478636255e-09,-9.445727081301122e-05,0.00018890565903301442,-1.2090763436712476e-07,-1.1223705646129511e-07,-1.3473408147723448e-07,-9.444845368930858e-05,-3.3976161571691588e-09,-1.149926296064468e-07,-4.652150738558092e-09,-9.445727081301122e-05
0.15,3,8.28125,0.0,0.0,0.99948925,4.835125e-07,3.9400462e-07,-1.2176889983467917e-09,1.975001785900455e-09,-1.3766051248295392e-08,0.00018605189461064296,-1.2614585549380872e-07,-1.1169406355484161e-07,-9.302163712345351e-05,-3.942434824031406e-09,-9.303027121800873e-05,0.00018605189461064296,-1.1926282986966102e-07,-1.1070656266189138e-07,-1.3302888111795642e-07,-9.302163712345351e-05,-3.3335903248580103e-09,-1.1268156444779184e-07,-4.551279323204802e-09,-9.303027121800873e-05
0.15,3,8.3125,0.0,0.0,0.999495,4.8344197e-07,3.9389434e-07,-1.1975718789100404e-09,2.1983866300379572e-09,-1.3650346746183991e-08,0.00018325212516556375,-1.2446604489994487e-07,-1.103187368553574e-07,-9.162171657041144e-05,-3.856877039182298e-09,-9.163024041864475e-05,0.00018325212516556375,-1.1764087152685287e-07,-1.0921954354033842e-07,-1.3129121827303687e-07,-9.162171657041144e-05,-3.258091099727278e-09,-1.1141793017037637e-07,-4.455662978637318e-09,-9.163024041864475e-05
0.15,3,8.34375,0.0,0.0,0.99950075,4.6898327e-07,3.8114524e-07,-1.1854290018944568e-09,2.174889314372492e-09,-1.3629419763320106e-08,0.00018050460627023774,-1.229046235906086e-07,-1.0893498335272006e-07,-9.024811062880274e-05,-3.778690267871904e-09,-9.025645149448729e-05,0.00018050460627023774,-1.1608991370894856e-07,-1.0784753869553382e-07,-1.2971933347226866e-07,-9.024811062880274e-05,-3.1859757669246754e-09,-1.1002242800990631e-07,-4.371404768819132e-09,-9.025645149448729e-05
0.15,3,8.375,0.0,0.0,0.9995063,4.783417e-07,3.9069516e-07,-1.1485237328112121e-09,2.4217843911500782e-09,-1.3457303815618798e-08,0.00017780852178892175,-1.212598831454714e-07,-1.0745912548078192e-07,-8.890014914483727e-05,-3.705803501682838e-09,-8.89083870860345e-05,0.00017780852178892175,-1.1453123123766201e-07,-1.0624823328520688e-07,-1.279885350532808e-07,-8.890014914483727e-05,-3.131541635277232e-09,-1.0867001767635696e-07,-4.280065368088444e-09,-8.89083870860345e-05
0.15,3,8.40625,0.0,0.0,0.9995118,4.651584e-07,3.7773174e-07,-1.1284661028361574e-09,2.5955233305026697e-09,-1.3449173855006197e-08,0.00017516252629970822,-1.1973964439529854e-07,-1.0616313773803796e-07,-8.757718075702566e-05,-3.634463864214617e-09,-8.758538127918807e-05,0.00017516252629970822,-1.1301505746779544e-07,-1.0486537607278662e-07,-1.2646423132280164e-07,-8.757718075702566e-05,-3.070230812796538e-09,-1.0746089940328929e-07,-4.1986969156326956e-09,-8.758538127918807e-05
0.15,3,8.4375,0.0,0.0,0.9995172,4.7364944e-07,3.874274e-07,-1.1074673991515291e-09,2.646176008064163e-09,-1.334890734006679e-08,0.00017256584122537187,-1.1818732819295386e-07,-1.0476587902185497e-07,-8.627890450894421e-05,-3.556646706867546e-09,-8.628683480357043e-05,0.00017256584122537187,-1.1151287452292047e-07,-1.0344279101782289e-07,-1.2486178186298726e-07,-8.627890450894421e-05,-3.0029130072917816e-09,-1.0608896702588705e-07,-4.110380406443311e-09,-8.628683480357043e-05
0.15,3,8.46875,0.0,0.0,0.99952257,4.6200216e-07,3.7639307e-07,-1.075465853959262e-09,1.8677152865747768e-09,-1.3258839248681063e-08,0.00017001695790554942,-1.1667622837066991e-07,-1.0298025805900333e-07,-8.500454323505204e-05,-3.4923542645089634e-09,-8.501247980975721e-05,0.00017001695790554942,-1.1004680874632938e-07,-1.0204640041571594e-07,-1.2330564799501045e-07,-8.500454323505204e-05,-2.9546213375293323e-09,-1.0391411570229072e-07,-4.0300871914885944e-09,-8.501247980975721e-05
0.15,3,8.5,0.0,0.0,0.9995279,4.4585744e-07,3.6049659e-07,-1.05594122843804e-09,2.5519789083385002e-09,-1.3163231845041005e-08,0.0001675151487567205,-1.1517621770305915e-07,-1.0191464967463794e-07,-8.37536903137368e-05,-3.427005768854625e-09,-8.376149494502741e-05,0.0001675151487567205,-1.0859460178053865e-07,-1.0063866022046869e-07,-1.2175783362557965e-07,-8.37536903137368e-05,-2.899035154635605e-09,-1.0319063912880719e-07,-3.954976383073645e-09,-8.376149494502741e-05
0.15,3,8.53125,0.0,0.0,0.99953306,4.4514826e-07,3.6008242e-07,-1.0320707316384143e-09,2.3343441187879304e-09,-1.3093854237507057e-08,0.0001650590453230235,-1.13722647611656e-07,-1.0030629401893868e-07,-8.252569744987651e-05,-3.358549292605125e-09,-8.253336288267514e-05,0.0001650590453230235,-1.0717572049290247e-07,-9.913912195954472e-08,-1.2026957473040953e-07,-8.252569744987651e-05,-2.842513926785918e-09,-1.0147346607833265e-07,-3.874584658424332e-09,-8.253336288267514e-05
0.15,3,8.5625,0.0,0.0,0.9995382,4.432774e-07,3.5912527e-07,-1.0138584034067991e-09,2.6118524397168155e-09,-1.3010126609858867e-08,0.00016264797384842218,-1.1226326013774777e-07,-9.93480464590377e-08,-8.132016931304366e-05,-3.2926267697832993e-09,-8.132776104935284e-05,0.00016264797384842218,-1.0575819683281834e-07,-9.80421202391793e-08,-1.1876832344267721e-07,-8.132016931304366e-05,-2.7856975680798997e-09,-1.0065397267889611e-07,-3.799555971486699e-09,-8.132776104935284e-05
0.15,3,8.59375,0.0,0.0,0.9995432,4.3724447e-07,3.5432055e-07,-1.0014202933962633e-09,2.715023778146258e-09,-1.29817691070573e-08,0.00016028076396243894,-1.1086314763056638e-07,-9.797701985374263e-08,-8.013660837104836e-05,-3.224654869292225e-09,-8.014414825863857e-05,0.00016028076396243894,-1.0437226307703773e-07,-9.66195079646695e-08,-1.1735403218409503e-07,-8.013660837104836e-05,-2.7239447225940933e-09,-9.933453174281576e-08,-3.725365015990357e-09,-8.014414825863857e-05
0.15,3,8.625,0.0,0.0,0.9995482,4.432132e-07,3.600058e-07,-9.789584611363616e-10,2.3386256858457487e-09,-1.2871712264525212e-08,0.00015795643175237507,-1.0947415970134194e-07,-9.665137998290485e-08,-7.897446445925184e-05,-3.160044270313344e-09,-7.898197434516599e-05,0.00015795643175237507,-1.0303830356907934e-07,-9.548206713998197e-08,-1.1591001583360455e-07,-7.897446445925184e-05,-2.670565039745163e-09,-9.782069282582772e-08,-3.6495235008815246e-09,-7.898197434516599e-05
0.15,3,8.65625,0.0,0.0,0.9995531,4.399301e-07,3.5761607e-07,-9.606234454745985e-10,2.6097914494088194e-09,-1.2798282974160334e-08,0.0001556741213195106,-1.0809662114766007e-07,-9.53594062986726e-08,-7.783346993738553e-05,-3.09945495746312e-09,-7.78407606629692e-05,0.0001556741213195106,-1.016974796605799e-07,-9.405451057396819e-08,-1.1449576263474024e-07,-7.783346993738553e-05,-2.619143234725821e-09,-9.6664302023377e-08,-3.5797666802004193e-09,-7.78407606629692e-05
0.15,3,8.6875,0.0,0.0,0.9995579,4.3195138e-07,3.4981645e-07,-9.410782737394492e-10,2.757880879443702e-09,-1.270736586948465e-08,0.00015343304926102377,-1.0676721527706591e-07,-9.423893195623727e-08,-7.671295588379002e-05,-3.0432300633073716e-09,-7.67201584357688e-05,0.00015343304926102377,-1.0041353234232359e-07,-9.285999151651542e-08,-1.1312089821180824e-07,-7.671295588379002e-05,-2.572690926437647e-09,-9.561787239595912e-08,-3.513769200177096e-09,-7.67201584357688e-05
0.15,3,8.71875,0.0,0.0,0.9995627,4.3828484e-07,3.569433e-07,-9.246422857250598e-10,2.833862233932302e-09,-1.2641129193604738e-08,0.00015123206421829676,-1.0539970309370573e-07,-9.30313641273197e-08,-7.561249988328622e-05,-2.9858066098435872e-09,-7.561958517452976e-05,0.00015123206421829676,-9.907913849690336e-08,-9.161443301035355e-08,-1.117202676905081e-07,-7.561249988328622e-05,-2.5234854669810573e-09,-9.444829524428585e-08,-3.448127752706117e-09,-7.561958517452976e-05
0.15,3,8.75,0.0,0.0,0.9995674,4.1613035e-07,3.352553e-07,-9.008580549485132e-10,2.7487275933637677e-09,-1.2555936663172511e-08,0.0001490706085439733,-1.0413302491193169e-07,-9.189581933895558e-08,-7.453179435471225e-05,-2.9296871044622605e-09,-7.453879150614582e-05,0.0001490706085439733,-9.785505658034543e-08,-9.05214555422737e-08,-1.1041099324351795e-07,-7.453179435471225e-05,-2.479258076988004e-09,-9.327018313563747e-08,-3.380116131936517e-09,-7.453879150614582e-05
0.15,3,8.78125,0.0,0.0,0.999572,4.2572327e-07,3.453901e-07,-8.806416935741232e-10,2.701221352072712e-09,-1.2454848928526827e-08,0.00014694754327368009,-1.0283945134113506e-07,-9.069067583435285e-08,-7.347034943784459e-05,-2.8722172899951965e-09,-7.347725119016916e-05,0.00014694754327368009,-9.661202687687165e-08,-8.93400651583165e-08,-1.0906687580539848e-07,-7.347034943784459e-05,-2.431896443208135e-09,-9.204128651038921e-08,-3.312538136782258e-09,-7.347725119016916e-05
0.15,3,8.8125,0.0,0.0,0.99957657,4.147746e-07,3.351109e-07,-8.645905190854506e-10,2.835939168707182e-09,-1.2436349134104495e-08,0.00014486204601815364,-1.0158806911463896e-07,-8.951683268747208e-08,-7.242764532064762e-05,-2.8169915907136952e-09,-7.243442258633389e-05,0.00014486204601815364,-9.536989454758671e-08,-8.809886310311849e-08,-1.078062436816912e-07,-7.242764532064762e-05,-2.38469633117097e-09,-9.093480227182567e-08,-3.2492868502564205e-09,-7.243442258633389e-05
0.15,3,8.84375,0.0,0.0,0.9995811,4.091033e-07,3.2999068e-07,-8.492398083113158e-10,2.9631287954713908e-09,-1.2331523265951376e-08,0.0001428136265823358,-1.0033107295312612e-07,-8.833801836174418e-08,-7.14034717467526e-05,-2.764674576806323e-09,-7.141023368091199e-05,0.0001428136265823358,-9.416531132015044e-08,-8.685645396400848e-08,-1.0649683458610181e-07,-7.14034717467526e-05,-2.340054672650665e-09,-8.981958275947988e-08,-3.189294480961981e-09,-7.141023368091199e-05
0.15,3,8.875,0.0,0.0,0.99958545,3.9350803e-07,3.14789e-07,-8.318617797839468e-10,2.815037246573426e-09,-1.2201234562297415e-08,0.00014080132822831635,-9.908127353628173e-08,-8.72443079411744e-08,-7.039728691059096e-05,-2.7091952823148047e-09,-7.040397532082437e-05,0.00014080132822831635,-9.298065625513302e-08,-8.583678931788769e-08,-1.0518189081743044e-07,-7.039728691059096e-05,-2.2932643924228314e-09,-8.865182656446111e-08,-3.125126172206778e-09,-7.040397532082437e-05
0.15,3,8.90625,0.0,0.0,0.99958986,4.0274955e-07,3.242888e-07,-8.166353505017565e-10,2.9643395260499556e-09,-1.2187848000879678e-08,0.00013882414775457253,-9.790586384373051e-08,-8.622439968987213e-08,-6.940883538540087e-05,-2.6583912643296926e-09,-6.941547211424584e-05,0.00013882414775457253,-9.181193984329067e-08,-8.474222992684716e-08,-1.0399978784417035e-07,-6.940883538540087e-05,-2.2500735890788144e-09,-8.770656945289711e-08,-3.066708939580571e-09,-6.941547211424584e-05
0.15,3,8.9375,0.0,0.0,0.99959415,3.9171692e-07,3.1408055e-07,-8.013173288093692e-10,2.8528169949718573e-09,-1.206910501970655e-08,0.00013688189643131041,-9.66936986480311e-08,-8.51507209483292e-08,-6.843762284725188e-05,-2.6131809926833755e-09,-6.844414242661515e-05,0.00013688189643131041,-9.065914613817783e-08,-8.372431245084327e-08,-1.0272825115788438e-07,-6.843762284725188e-05,-2.212522328278691e-09,-8.657712944581513e-08,-3.01383965708806e-09,-6.844414242661515e-05
0.15,3,8.96875,0.0,0.0,0.99959844,4.049192e-07,3.279631e-07,-7.766427123265772e-10,3.2363482540374183e-09,-1.2055962695394125e-08,0.0001349733347656987,-9.556235471789516e-08,-8.41978554180416e-08,-6.748350244864418e-05,-2.562352425548929e-09,-6.748991944414597e-05,0.0001349733347656987,-8.95343733701981e-08,-8.257968129102289e-08,-1.0159033606559222e-07,-6.748350244864418e-05,-2.1740310693856403e-09,-8.581602954506031e-08,-2.9506737817122175e-09,-6.748991944414597e-05
0.15,3,9.0,0.0,0.0,0.9996026,3.963937e-07,3.1978792e-07,-7.681360978328226e-10,3.3209932968366164e-09,-1.1959158737532259e-08,0.0001330979487239219,-9.440929467949443e-08,-8.326662287128176e-08,-6.65457876968555e-05,-2.5153878232435974e-09,-6.655209484683356e-05,0.0001330979487239219,-8.84297153107283e-08,-8.160612622286345e-08,-1.0038887404826056e-07,-6.65457876968555e-05,-2.131319774327186e-09,-8.492711951970007e-08,-2.8994558721600087e-09,-6.655209484683356e-05
0.15,3,9.03125,0.0,0.0,0.9996067,3.9398333e-07,3.1771282e-07,-7.482581646845766e-10,3.2252332117808707e-09,-1.1914369657447252e-08,0.00013125510854975625,-9.329010773602528e-08,-8.212398988247208e-08,-6.562448494960344e-05,-2.4749932070705465e-09,-6.563066044052901e-05,0.00013125510854975625,-8.733292290730166e-08,-8.051137327658164e-08,-9.924729256474891e-08,-6.562448494960344e-05,-2.100864124728258e-09,-8.373660648836251e-08,-2.8491222894128348e-09,-6.563066044052901e-05
0.15,3,9.0625,0.0,0.0,0.99961084,3.9487065e-07,3.1898338e-07,-7.318457437627463e-10,2.895941448070264e-09,-1.181692758262201e-08,0.00012944400575270066,-9.215763268933509e-08,-8.097013733264946e-08,-6.471894815382597e-05,-2.4262339271418785e-09,-6.472510113744945e-05,0.00012944400575270066,-8.624916889802409e-08,-7.952216660861433e-08,-9.80660964806461e-08,-6.471894815382597e-05,-2.0603110552605054e-09,-8.24181080566846e-08,-2.7921567990232517e-09,-6.472510113744945e-05
0.15,3,9.09375,0.0,0.0,0.99961483,3.8197385e-07,3.0701386e-07,-7.225102827188143e-10,2.9967272550266908e-09,-1.175602166538341e-08,0.0001276641076714,-9.106811913108167e-08,-7.996808503569422e-08,-6.382905035852043e-05,-2.3767302896431764e-09,-6.38350717092283e-05,0.0001276641076714,-8.519010829838997e-08,-7.846972140818087e-08,-9.694612996377338e-08,-6.382905035852043e-05,-2.0154751482837692e-09,-8.146644866320756e-08,-2.7379854310025835e-09,-6.38350717092283e-05
0.15,3,9.125,0.0,0.0,0.99961877,3.884521e-07,3.1365605e-07,-7.045924120709221e-10,2.806334325041799e-09,-1.1656022086029916e-08,0.00012591461836854168,-8.99770716783992e-08,-7.901164357003835e-08,-6.29544080269313e-05,-2.3351477498753876e-09,-6.296034141344159e-05,0.00012591461836854168,-8.414906063538424e-08,-7.760847640751745e-08,-9.580508272141416e-08,-6.29544080269313e-05,-1.9828515438399265e-09,-8.041481073255925e-08,-2.6874439559108486e-09,-6.296034141344159e-05
0.15,3,9.15625,0.0,0.0,0.9996227,3.8778848e-07,3.134291e-07,-7.001477126643556e-10,3.2272660656499687e-09,-1.1597588859480265e-08,0.00012419524935045317,-8.892432987517452e-08,-7.813012250717362e-08,-6.209462188372483e-05,-2.2902212197194568e-09,-6.2100554629741e-05,0.00012419524935045317,-8.312553544543438e-08,-7.651648947434864e-08,-9.472312430491465e-08,-6.209462188372483e-05,-1.940147363387279e-09,-7.97437555399986e-08,-2.6402950760516346e-09,-6.2100554629741e-05
0.15,3,9.1875,0.0,0.0,0.9996266,3.6951909e-07,2.9561082e-07,-6.757528926685141e-10,3.299479680295305e-09,-1.1534629949191852e-08,0.00012250491175413818,-8.788239844446649e-08,-7.722111282074889e-08,-6.124957700796141e-05,-2.251919624119005e-09,-6.12553999858913e-05,0.00012250491175413818,-8.211508346987056e-08,-7.557137298060124e-08,-9.364971341906242e-08,-6.124957700796141e-05,-1.914043177784748e-09,-7.887085266089654e-08,-2.5897960704532623e-09,-6.12553999858913e-05
0.15,3,9.21875,0.0,0.0,0.99963033,3.6674948e-07,2.933097e-07,-6.645229825528185e-10,2.927884818690736e-09,-1.1466998039516362e-08,0.0001208434144619264,-8.685044024629153e-08,-7.617139558966527e-08,-6.041887984427848e-05,-2.208027194297666e-09,-6.042459306751198e-05,0.0001208434144619264,-8.111694122653335e-08,-7.47074531803199e-08,-9.258393926604971e-08,-6.041887984427848e-05,-1.875765703021257e-09,-7.763533799901064e-08,-2.5402886855740753e-09,-6.042459306751198e-05
0.15,3,9.25,0.0,0.0,0.9996341,3.76547e-07,3.03815e-07,-6.550021701001859e-10,2.7532595911808865e-09,-1.1380964456111562e-08,0.00011921008869775901,-8.584189292319393e-08,-7.50975375047268e-08,-5.9602151432470136e-05,-2.169428578635538e-09,-5.960787132742945e-05,0.00011921008869775901,-8.015141069513815e-08,-7.372090770913636e-08,-9.153237515124971e-08,-5.9602151432470136e-05,-1.8419274935854452e-09,-7.647416730031725e-08,-2.496929663685631e-09,-5.960787132742945e-05
0.15,3,9.28125,0.0,0.0,0.99963784,3.7334658e-07,3.0095535e-07,-6.442941826656165e-10,3.058841023633179e-09,-1.1296843369089404e-08,0.00011760404237170542,-8.483464377789728e-08,-7.430815917764899e-08,-5.8799194066228586e-05,-2.1320449895455355e-09,-5.880485516048279e-05,0.00011760404237170542,-7.918622209335258e-08,-7.27787386658324e-08,-9.048306546244198e-08,-5.8799194066228586e-05,-1.8098978982127273e-09,-7.583757968946558e-08,-2.4541920808783437e-09,-5.880485516048279e-05
0.15,3,9.3125,0.0,0.0,0.9996415,3.633338e-07,2.9140037e-07,-6.280794766961066e-10,3.2774951268794267e-09,-1.1261803881735714e-08,0.00011602503878762552,-8.384651239194597e-08,-7.362088770081185e-08,-5.800974402889201e-05,-2.094421416461891e-09,-5.8015273574620104e-05,0.00011602503878762552,-7.821561045107811e-08,-7.198214013737214e-08,-8.947741433281382e-08,-5.800974402889201e-05,-1.7803816781138376e-09,-7.525963526425157e-08,-2.408461154809944e-09,-5.8015273574620104e-05
0.15,3,9.34375,0.0,0.0,0.99964505,3.6927509e-07,2.976941e-07,-6.049943472087073e-10,3.1832988119026844e-09,-1.1168463353683315e-08,0.00011447253560722612,-8.287614795035028e-08,-7.268275789034871e-08,-5.723357952807639e-05,-2.0582987659283514e-09,-5.723900663944432e-05,0.00011447253560722612,-7.729191627350862e-08,-7.109110848439737e-08,-8.846037962719194e-08,-5.723357952807639e-05,-1.7558015923239978e-09,-7.427440729630005e-08,-2.360795939532705e-09,-5.723900663944432e-05
0.15,3,9.375,0.0,0.0,0.99964863,3.670052e-07,2.962066e-07,-6.008747027061955e-10,3.1330615321226033e-09,-1.1087526665078042e-08,0.00011294591349611787,-8.19153114103292e-08,-7.178102940931893e-08,-5.6470276030895494e-05,-2.021250828034788e-09,-5.647566620206945e-05,0.00011294591349611787,-7.637154807779017e-08,-7.021449864325763e-08,-8.745907474286822e-08,-5.6470276030895494e-05,-1.7208134766816903e-09,-7.334756017538023e-08,-2.3216881793878858e-09,-5.647566620206945e-05
0.15,3,9.40625,0.0,0.0,0.9996521,3.5904634e-07,2.8847222e-07,-5.93356259993036e-10,3.1339415987686537e-09,-1.1051564559361757e-08,0.00011144461217097324,-8.098334913430067e-08,-7.101335035954619e-08,-5.571971317465586e-05,-1.9875968080868434e-09,-5.572495727765238e-05,0.00011144461217097324,-7.54575668546198e-08,-6.944637956016186e-08,-8.650913141398155e-08,-5.571971317465586e-05,-1.6909186780903254e-09,-7.258032115893052e-08,-2.2842749380833614e-09,-5.572495727765238e-05
0.15,3,9.4375,0.0,0.0,0.99965554,3.5569778e-07,2.8520637e-07,-5.857893624111512e-10,3.382318316192594e-09,-1.0951681398144381e-08,0.00010996837582510043,-8.004611228865237e-08,-7.00631072170239e-08,-5.498152941510172e-05,-1.947907968672985e-09,-5.498670385655763e-05,0.00010996837582510043,-7.457027158958018e-08,-6.83719480589276e-08,-8.552195298772456e-08,-5.498152941510172e-05,-1.6550132874674096e-09,-7.17542663751202e-08,-2.2408026498785608e-09,-5.498670385655763e-05
0.15,3,9.46875,0.0,0.0,0.999659,3.6053342e-07,2.9106408e-07,-5.664703341411214e-10,2.9470950375996407e-09,-1.0932674510781955e-08,0.0001085162110193846,-7.913546707005537e-08,-6.92064556586557e-08,-5.425562614695964e-05,-1.9171932947724835e-09,-5.426073821526913e-05,0.0001085162110193846,-7.366912981466439e-08,-6.773290813985589e-08,-8.460180432544635e-08,-5.425562614695964e-05,-1.6339581277019228e-09,-7.068000317745553e-08,-2.2004284618430442e-09,-5.426073821526913e-05
0.15,3,9.5,0.0,0.0,0.99966234,3.5884608e-07,2.8955802e-07,-5.55262681774455e-10,3.231870321055997e-09,-1.0844136412284795e-08,0.00010708822483124908,-7.82315910544696e-08,-6.843985349595017e-08,-5.354154527004023e-05,-1.878306220056417e-09,-5.354662771457867e-05,0.00010708822483124908,-7.28095228483272e-08,-6.682391833542217e-08,-8.3653659260612e-08,-5.354154527004023e-05,-1.6006748791691896e-09,-7.005578865647817e-08,-2.1559375609436445e-09,-5.354662771457867e-05
0.15,3,9.53125,0.0,0.0,0.99966574,3.4719858e-07,2.7820835e-07,-5.426751371983131e-10,3.3285506256600908e-09,-1.0767467884946784e-08,0.00010568357348854883,-7.734440779016223e-08,-6.769328374993046e-08,-5.28392748668864e-05,-1.8486807903682524e-09,-5.284429131827577e-05,0.00010568357348854883,-7.196067384768884e-08,-6.602900843710041e-08,-8.272814173263562e-08,-5.28392748668864e-05,-1.5773432217690959e-09,-6.93575590627605e-08,-2.120018358967409e-09,-5.284429131827577e-05
0.15,3,9.5625,0.0,0.0,0.99966896,3.5640352e-07,2.877646e-07,-5.350751316599478e-10,3.3957233652936395e-09,-1.0690617867010127e-08,0.00010430182991394768,-7.647299166587292e-08,-6.681428581735035e-08,-5.214844347200046e-05,-1.8161535559595713e-09,-5.215341940510822e-05,0.00010430182991394768,-7.112768273236786e-08,-6.511642413470353e-08,-8.181830059937799e-08,-5.214844347200046e-05,-1.5486159901295974e-09,-6.851214749999717e-08,-2.083691121789545e-09,-5.215341940510822e-05
0.15,3,9.59375,0.0,0.0,0.99967223,3.5279513e-07,2.844191e-07,-5.270653728322054e-10,2.983069404900496e-09,-1.062796421867824e-08,0.00010294282058664287,-7.562183097684875e-08,-6.601344135850398e-08,-5.14689062735888e-05,-1.7854646134580284e-09,-5.147382714563242e-05,0.00010294282058664287,-7.030784886750963e-08,-6.452190665605373e-08,-8.093581308618787e-08,-5.14689062735888e-05,-1.5219319270419257e-09,-6.750497606095422e-08,-2.048997299874131e-09,-5.147382714563242e-05
0.15,3,9.625,0.0,0.0,0.99967545,3.3962442e-07,2.7172035e-07,-5.117665975952403e-10,2.8542902102390833e-09,-1.0562791499887263e-08,0.00010160565613346814,-7.476494282222907e-08,-6.521395056424573e-08,-5.0800382389024214e-05,-1.756500757935133e-09,-5.080522274436855e-05,0.00010160565613346814,-6.948354707228543e-08,-6.378680545912618e-08,-8.00463385721727e-08,-5.0800382389024214e-05,-1.5006174591375128e-09,-6.664109566936527e-08,-2.012384056732753e-09,-5.080522274436855e-05
0.15,3,9.65625,0.0,0.0,0.99967855,3.4149997e-07,2.7428922e-07,-5.007753894278346e-10,3.1108672536437525e-09,-1.0485063563237809e-08,0.00010029021038290321,-7.394673577511737e-08,-6.455377827541787e-08,-5.014269966085903e-05,-1.725314230982124e-09,-5.014749952461049e-05,0.00010029021038290321,-6.870420399349847e-08,-6.2998344648596e-08,-7.918926755673628e-08,-5.014269966085903e-05,-1.4749265362682068e-09,-6.610921190223975e-08,-1.9757019256960414e-09,-5.014749952461049e-05
0.15,3,9.6875,0.0,0.0,0.99968165,3.2857787e-07,2.6166e-07,-4.897165828541725e-10,3.244815376314574e-09,-1.0412435106075038e-08,9.899603144460523e-05,-7.311263426672143e-08,-6.388021763982164e-08,-4.9495654454993494e-05,-1.6956928719360982e-09,-4.95003592669055e-05,9.899603144460523e-05,-6.790641671368391e-08,-6.225780995166436e-08,-7.831885181975895e-08,-4.9495654454993494e-05,-1.450834580509012e-09,-6.550262532797893e-08,-1.9405511633631845e-09,-4.95003592669055e-05
0.15,3,9.71875,0.0,0.0,0.99968475,3.317271e-07,2.6525606e-07,-4.821146231328709e-10,3.276633148364467e-09,-1.0362588006482514e-08,9.772269250598545e-05,-7.230904976783815e-08,-6.32111342771598e-08,-4.885899247476403e-05,-1.6701528561093915e-09,-4.886371138266349e-05,9.772269250598545e-05,-6.71277557645969e-08,-6.157281770297757e-08,-7.749034377107941e-08,-4.885899247476403e-05,-1.429095544542956e-09,-6.484945085134203e-08,-1.911210167675827e-09,-4.886371138266349e-05
0.15,3,9.75,0.0,0.0,0.9996878,3.2376875e-07,2.5749426e-07,-4.705246414322679e-10,3.1411167568532524e-09,-1.0325758846348735e-08,9.646973805860996e-05,-7.150692024500235e-08,-6.23897747828524e-08,-4.82325773414306e-05,-1.6401067335539523e-09,-4.8237204852050923e-05,9.646973805860996e-05,-6.634404082182799e-08,-6.081921640442578e-08,-7.666979966817672e-08,-4.82325773414306e-05,-1.4048444128378183e-09,-6.396033316127903e-08,-1.8753690542700862e-09,-4.8237204852050923e-05
0.15,3,9.78125,0.0,0.0,0.9996908,3.3362716e-07,2.681244e-07,-4.581858194718444e-10,3.1400194708169405e-09,-1.023751791778726e-08,9.523684945162911e-05,-7.071879202687847e-08,-6.167230556571255e-08,-4.761614051430197e-05,-1.6112759198951899e-09,-4.762068391103985e-05,9.523684945162911e-05,-6.560003306798484e-08,-6.010229583030408e-08,-7.58375509857721e-08,-4.761614051430197e-05,-1.3821830101592677e-09,-6.324231530112102e-08,-1.840368829631112e-09,-4.762068391103985e-05
0.15,3,9.8125,0.0,0.0,0.99969375,3.3499404e-07,2.697654e-07,-4.5533252777564125e-10,3.1689094205484777e-09,-1.0186210797098744e-08,9.402355635277585e-05,-6.993488575374601e-08,-6.098809971545152e-08,-4.7009490154181434e-05,-1.581236892424836e-09,-4.701402584325907e-05,9.402355635277585e-05,-6.484178035519664e-08,-5.940364500517728e-08,-7.502799115229538e-08,-4.7009490154181434e-05,-1.3535706285370153e-09,-6.257255442572576e-08,-1.8089031563126566e-09,-4.701402584325907e-05
0.15,3,9.84375,0.0,0.0,0.9996966,3.3169624e-07,2.6689884e-07,-4.48492364726633e-10,3.0521213770349934e-09,-1.0115245296807383e-08,9.282955172243423e-05,-6.916643019354925e-08,-6.026343265651871e-08,-4.641252478624258e-05,-1.5591032392297361e-09,-4.6417005482267756e-05,9.282955172243423e-05,-6.410880754514556e-08,-5.873737196800122e-08,-7.422405284195294e-08,-4.641252478624258e-05,-1.3348570568664196e-09,-6.178949334503621e-08,-1.7833494215930526e-09,-4.6417005482267756e-05
0.15,3,9.875,0.0,0.0,0.99969953,3.2144828e-07,2.56729e-07,-4.3311906710067575e-10,3.3140598905474663e-09,-1.0021000285191607e-08,9.165445070796058e-05,-6.84033693539504e-08,-5.967365489955404e-08,-4.582505064907152e-05,-1.5366699909944944e-09,-4.582943270335687e-05,9.165445070796058e-05,-6.339286921135459e-08,-5.801662495428031e-08,-7.34138694965462e-08,-4.582505064907152e-05,-1.3201104574441565e-09,-6.133068484482778e-08,-1.7532295245448323e-09,-4.582943270335687e-05
0.15,3,9.90625,0.0,0.0,0.9997024,3.2754753e-07,2.6344776e-07,-4.223151121782707e-10,3.252455812046719e-09,-9.988292291424435e-09,9.049799602383604e-05,-6.765515843911667e-08,-5.9022998178831927e-08,-4.524676187871537e-05,-1.5084565872488712e-09,-4.525119081794245e-05,9.049799602383604e-05,-6.266101229340446e-08,-5.739677027280857e-08,-7.264930458482889e-08,-4.524676187871537e-05,-1.2972990311597358e-09,-6.064922608485529e-08,-1.7196141433380066e-09,-4.525119081794245e-05
0.15,3,9.9375,0.0,0.0,0.9997052,3.1850902e-07,2.5495763e-07,-4.1394941120709294e-10,2.877766830497626e-09,-9.934326931266039e-09,8.935956027889599e-05,-6.692998027280227e-08,-5.8240817024191125e-08,-4.467762449428401e-05,-1.4827243965328813e-09,-4.468194753018737e-05,8.935956027889599e-05,-6.196281680716925e-08,-5.680193360894231e-08,-7.189714373843529e-08,-4.467762449428401e-05,-1.2757496909293349e-09,-5.967970043943994e-08,-1.6896991021364278e-09,-4.468194753018737e-05
0.15,3,9.96875,0.0,0.0,0.999708,3.1586106e-07,2.523574e-07,-4.1535618389872933e-10,3.344165512891628e-09,-9.873160203292721e-09,8.823910557451305e-05,-6.620797646274471e-08,-5.7710918952438045e-08,-4.411742218787259e-05,-1.4580773757617887e-09,-4.412169389765135e-05,8.823910557451305e-05,-6.127139636109835e-08,-5.603883619599223e-08,-7.114455656439107e-08,-4.411742218787259e-05,-1.250399283812424e-09,-5.938300170888386e-08,-1.6657554677111533e-09,-4.412169389765135e-05
0.15,3,10.0,0.0,0.0,0.9997107,3.1386682e-07,2.5100766e-07,-4.0132423008735693e-10,2.99851258666467e-09,-9.804579442634096e-09,8.713608731048721e-05,-6.549168876962512e-08,-5.6992345660953486e-08,-4.356596098038062e-05,-1.4350155705412373e-09,-4.3570155904319014e-05,8.713608731048721e-05,-6.058939904830807e-08,-5.549308936762115e-08,-7.039397849094216e-08,-4.356596098038062e-05,-1.2343534554975588e-09,-5.849160195428582e-08,-1.6356776855849158e-09,-4.3570155904319014e-05
0.15,3,10.03125,0.0,0.0,0.99971336,3.0631452e-07,2.4362328e-07,-3.9365666135558904e-10,3.4465090807195764e-09,-9.7282821536687e-09,8.605035768636171e-05,-6.478809540021154e-08,-5.645469766320954e-08,-4.3023066981923295e-05,-1.410016195278803e-09,-4.3027228783934106e-05,8.605035768636171e-05,-5.992395432337719e-08,-5.473144312284975e-08,-6.965223647704589e-08,-4.3023066981923295e-05,-1.2131878646010085e-09,-5.8177952203569325e-08,-1.6068445259565976e-09,-4.3027228783934106e-05
0.15,3,10.0625,0.0,0.0,0.9997161,3.0159336e-07,2.393384e-07,-3.83569666226178e-10,3.0324672592309894e-09,-9.66452515626916e-09,8.498135011766753e-05,-6.40976178169549e-08,-5.5688170595348353e-08,-4.2488665533854193e-05,-1.3859465494255383e-09,-4.2492761478319554e-05,8.498135011766753e-05,-5.9265355238820316e-08,-5.417193696573286e-08,-6.892988039508948e-08,-4.2488665533854193e-05,-1.1941617163124493e-09,-5.720440422496385e-08,-1.5777313825386273e-09,-4.2492761478319554e-05
0.15,3,10.09375,0.0,0.0,0.9997187,2.990143e-07,2.3733595e-07,-3.7131994285848893e-10,3.0916240935286614e-09,-9.61538528806245e-09,8.392905324156649e-05,-6.341065856844594e-08,-5.5116728831391024e-08,-4.1962480764142746e-05,-1.364230282384425e-09,-4.1966609083226466e-05,8.392905324156649e-05,-5.860296592441472e-08,-5.357091678462669e-08,-6.821835121247717e-08,-4.1962480764142746e-05,-1.1785703109551805e-09,-5.6662540878155355e-08,-1.5498902538136695e-09,-4.1966609083226466e-05
0.15,3,10.125,0.0,0.0,0.99972135,2.9981027e-07,2.3829219e-07,-3.744723105008566e-10,3.1691863780723684e-09,-9.584628268060957e-09,8.289297952721562e-05,-6.274773068754975e-08,-5.450187723848636e-08,-4.144449463153802e-05,-1.3387365342704832e-09,-4.144846615671775e-05,8.289297952721562e-05,-5.795541655351927e-08,-5.2917284049450175e-08,-6.754004482158022e-08,-4.144449463153802e-05,-1.1515003790200549e-09,-5.6086470427522543e-08,-1.5259726895209115e-09,-4.144846615671775e-05
0.15,3,10.15625,0.0,0.0,0.9997239,3.066175e-07,2.459036e-07,-3.7003378512421897e-10,3.3886236941822127e-09,-9.501961331200357e-09,8.187277204351872e-05,-6.207327422498385e-08,-5.402139826792472e-08,-4.09344457810697e-05,-1.3191153710879734e-09,-4.0938362380696604e-05,8.187277204351872e-05,-5.7322293559383675e-08,-5.232708642083361e-08,-6.682425489058403e-08,-4.09344457810697e-05,-1.134098478525864e-09,-5.5715710115015826e-08,-1.504132263650083e-09,-4.0938362380696604e-05
0.15,3,10.1875,0.0,0.0,0.9997265,3.0508053e-07,2.4432637e-07,-3.479452435232262e-10,3.1242036589101496e-09,-9.43005953880883e-09,8.086829269614683e-05,-6.142227890757937e-08,-5.3369762759822e-08,-4.043221024888088e-05,-1.2990633860081416e-09,-4.0436090120764506e-05,8.086829269614683e-05,-5.670724913817496e-08,-5.180766093036693e-08,-6.613730867698379e-08,-4.043221024888088e-05,-1.1250907642465285e-09,-5.493186458927708e-08,-1.4730360077697547e-09,-4.0436090120764506e-05
0.15,3,10.21875,0.0,0.0,0.999729,3.0453452e-07,2.4410954e-07,-3.4674617627663694e-10,3.5182325117503208e-09,-9.394334460819227e-09,7.987914113130731e-05,-6.078457144536606e-08,-5.2863363840442324e-08,-3.993761986395134e-05,-1.275752757088654e-09,-3.994152849738618e-05,7.987914113130731e-05,-5.608740421495645e-08,-5.1104247584567164e-08,-6.548173867577568e-08,-3.993761986395134e-05,-1.1023796689503356e-09,-5.4622480096317485e-08,-1.4491258452269725e-09,-3.994152849738618e-05
0.15,3,10.25,0.0,0.0,0.9997315,2.8723406e-07,2.2694701e-07,-3.3554254614756454e-10,3.243340721819786e-09,-9.322475144067134e-09,7.890511849431049e-05,-6.011563994897775e-08,-5.2205379331961776e-08,-3.945062710496801e-05,-1.2571795458501435e-09,-3.945447719412892e-05,7.890511849431049e-05,-5.5454402376944184e-08,-5.058370897105188e-08,-6.477687752101132e-08,-3.945062710496801e-05,-1.0894082727763612e-09,-5.382704969287167e-08,-1.4249508189239258e-09,-3.945447719412892e-05
0.15,3,10.28125,0.0,0.0,0.9997339,2.9015044e-07,2.3046758e-07,-3.2530594495548074e-10,3.2198001762456005e-09,-9.257024346853238e-09,7.794589586794217e-05,-5.9502499367874756e-08,-5.1685260619009315e-08,-3.897108121506398e-05,-1.2380358496427572e-09,-3.8974840023976075e-05,7.794589586794217e-05,-5.487398719444814e-08,-5.0075360530886515e-08,-6.413101154130138e-08,-3.897108121506398e-05,-1.0753828771650168e-09,-5.3295160707132115e-08,-1.4006888221204975e-09,-3.8974840023976075e-05
0.15,3,10.3125,0.0,0.0,0.99973625,2.979768e-07,2.3850725e-07,-3.272629385673751e-10,3.025055733739488e-09,-9.222871602679517e-09,7.700124400776423e-05,-5.888735125868804e-08,-5.1033357479610174e-08,-3.8498715476819145e-05,-1.2178101439719937e-09,-3.850247032369795e-05,7.700124400776423e-05,-5.427591545734828e-08,-4.952082961274043e-08,-6.34987870600278e-08,-3.8498715476819145e-05,-1.0541786746883061e-09,-5.254588534647992e-08,-1.3814416132556812e-09,-3.850247032369795e-05
0.15,3,10.34375,0.0,0.0,0.9997387,2.9453707e-07,2.3540916e-07,-3.209787412159729e-10,3.1904365898778315e-09,-9.158076512081199e-09,7.607081109782315e-05,-5.8261577048311156e-08,-5.052931211665021e-08,-3.8033546714393897e-05,-1.1964621796787313e-09,-3.803723575757186e-05,7.607081109782315e-05,-5.3682538792270557e-08,-4.8934093821711294e-08,-6.284061530435176e-08,-3.8033546714393897e-05,-1.0359728090707449e-09,-5.2124530411589126e-08,-1.3569515502867178e-09,-3.803723575757186e-05
0.15,3,10.375,0.0,0.0,0.9997411,2.8416855e-07,2.254469e-07,-3.08585730122849e-10,3.1525872803487274e-09,-9.109261173028581e-09,7.5154353035099e-05,-5.766262872805262e-08,-4.995359940872249e-08,-3.757533938188207e-05,-1.1809976409562681e-09,-3.757897717910327e-05,7.5154353035099e-05,-5.3107998141538326e-08,-4.8377305768548123e-08,-6.221725931456691e-08,-3.757533938188207e-05,-1.0267047758948436e-09,-5.152989304889685e-08,-1.3352905060176926e-09,-3.757897717910327e-05
0.15,3,10.40625,0.0,0.0,0.9997434,2.9512142e-07,2.3687436e-07,-3.068822319032209e-10,3.3511364610701343e-09,-9.036056184049003e-09,7.425175624649599e-05,-5.7064703768491205e-08,-4.9471127607138914e-08,-3.7124088668019215e-05,-1.1611398786321939e-09,-3.712766794909265e-05,7.425175624649599e-05,-5.25466756764667e-08,-4.7795559376603847e-08,-6.15827318605157e-08,-3.7124088668019215e-05,-1.0076987626805834e-09,-5.114669583767398e-08,-1.3145809945838043e-09,-3.712766794909265e-05
0.15,3,10.4375,0.0,0.0,0.9997457,2.804601e-07,2.2219996e-07,-2.9975260910369166e-10,3.2404014877687336e-09,-8.982064632147876e-09,7.336258661844739e-05,-5.6470877403564117e-08,-4.89763551896445e-08,-3.667952964731628e-05,-1.1403949670046512e-09,-3.668308315884202e-05,7.336258661844739e-05,-5.197984508749018e-08,-4.7356154445760135e-08,-6.096190971963805e-08,-3.667952964731628e-05,-9.905186624528054e-10,-5.059655593352887e-08,-1.290271271556497e-09,-3.668308315884202e-05
0.15,3,10.46875,0.0,0.0,0.999748,2.696409e-07,2.1191143e-07,-2.932521259651306e-10,3.0829049750668983e-09,-8.945320814500213e-09,7.248686165167153e-05,-5.590430038539459e-08,-4.846214069947465e-08,-3.624164852296979e-05,-1.1253635661590173e-09,-3.6245158081255364e-05,7.248686165167153e-05,-5.143163997814448e-08,-4.69206882119412e-08,-6.03769607926447e-08,-3.624164852296979e-05,-9.78737503176452e-10,-5.00035931870081e-08,-1.2719896291415826e-09,-3.6245158081255364e-05
0.15,3,10.5,0.0,0.0,0.9997502,2.8612834e-07,2.2871563e-07,-2.8641386088317606e-10,2.94673011339686e-09,-8.896807394839318e-09,7.162392535762889e-05,-5.5328992747151937e-08,-4.7893125481975664e-08,-3.581027201514148e-05,-1.1079310207480193e-09,-3.581373034816204e-05,7.162392535762889e-05,-5.088058904973228e-08,-4.6419760425277234e-08,-5.97773964445716e-08,-3.581027201514148e-05,-9.647240903064313e-10,-4.9366490538674094e-08,-1.2511379511896074e-09,-3.581373034816204e-05
0.15,3,10.53125,0.0,0.0,0.99975246,2.8590392e-07,2.2852264e-07,-2.780156271281584e-10,3.0039053071213265e-09,-8.81862638916361e-09,7.077402149244369e-05,-5.4749171371042195e-08,-4.7373748976359443e-08,-3.538528351888266e-05,-1.0882224788951974e-09,-3.538873064918701e-05,7.077402149244369e-05,-5.033985817646039e-08,-4.587179632279878e-08,-5.9158484565624e-08,-3.538528351888266e-05,-9.492146653311182e-10,-4.8875701629920107e-08,-1.2272302924592766e-09,-3.538873064918701e-05
0.15,3,10.5625,0.0,0.0,0.99975467,2.773436e-07,2.2027452e-07,-2.7823481408786486e-10,3.1921808547733833e-09,-8.748090283564795e-09,6.99366178299795e-05,-5.420518986536986e-08,-4.696329378425031e-08,-3.496664345292846e-05,-1.073355158805856e-09,-3.496999571274649e-05,6.99366178299795e-05,-4.983114472358746e-08,-4.536720335686362e-08,-5.857923500715226e-08,-3.496664345292846e-05,-9.342377517619236e-10,-4.8559384211637e-08,-1.2124725658497885e-09,-3.496999571274649e-05
0.15,3,10.59375,0.0,0.0,0.9997569,2.7680036e-07,2.2022036e-07,-2.687388071916043e-10,3.0019345218750394e-09,-8.689858845233712e-09,6.91115256717268e-05,-5.365767928617973e-08,-4.6363460493846576e-08,-3.455407940992611e-05,-1.0541993300695337e-09,-3.4557449581154505e-05,6.91115256717268e-05,-4.931274986356288e-08,-4.4862493232909056e-08,-5.800260870879659e-08,-3.455407940992611e-05,-9.198299264737315e-10,-4.7864427754784096e-08,-1.1885687336653358e-09,-3.4557449581154505e-05
0.15,3,10.625,0.0,0.0,0.99975896,2.6835085e-07,2.1213333e-07,-2.613790951696605e-10,3.1728375331376403e-09,-8.645496703049292e-09,6.829859955549819e-05,-5.311327018039984e-08,-4.6027282653024004e-08,-3.414765644168321e-05,-1.0413056628700749e-09,-3.415098268338665e-05,6.829859955549819e-05,-4.8790521828875194e-08,-4.4440863886455184e-08,-5.7436018531924486e-08,-3.414765644168321e-05,-9.106161152852446e-10,-4.7613701419592824e-08,-1.1719952104549051e-09,-3.415098268338665e-05
0.15,3,10.65625,0.0,0.0,0.99976104,2.6288183e-07,2.0685529e-07,-2.517518448787485e-10,3.004553309023572e-09,-8.608134664300283e-09,6.749758249623193e-05,-5.258425574313958e-08,-4.538660612432531e-08,-3.374717722163882e-05,-1.0304215960424689e-09,-3.375045953839934e-05,6.749758249623193e-05,-4.828018841098944e-08,-4.388432946981352e-08,-5.688832307528972e-08,-3.374717722163882e-05,-9.045456736030946e-10,-4.688888277883709e-08,-1.1562975184818431e-09,-3.375045953839934e-05
0.15,3,10.6875,0.0,0.0,0.9997632,2.684009e-07,2.1267293e-07,-2.5540352497908686e-10,3.265811879190765e-09,-8.547912874051766e-09,6.670838653635063e-05,-5.2035683945766964e-08,-4.507639528935813e-08,-3.335255778148082e-05,-1.0074773824459506e-09,-3.335580345371609e-05,6.670838653635063e-05,-4.776172750874108e-08,-4.344348934976275e-08,-5.630964038279285e-08,-3.335255778148082e-05,-8.797756199564071e-10,-4.6709301228953513e-08,-1.135179144935494e-09,-3.335580345371609e-05
0.15,3,10.71875,0.0,0.0,0.9997653,2.6670534e-07,2.1171033e-07,-2.471811104661826e-10,3.0144060320616464e-09,-8.506666285502875e-09,6.59306181862245e-05,-5.1518148984296786e-08,-4.445469748911287e-08,-3.296365176403397e-05,-9.918744117092904e-10,-3.296689717589851e-05,6.59306181862245e-05,-4.726481584154535e-08,-4.294749447308205e-08,-5.5771482127048224e-08,-3.296365176403397e-05,-8.682838564761991e-10,-4.5961900505143695e-08,-1.1154649669423817e-09,-3.296689717589851e-05
0.15,3,10.75,0.0,0.0,0.9997673,2.5717313e-07,2.019169e-07,-2.448497365179858e-10,3.0904099929448127e-09,-8.435849487019081e-09,6.516412847231475e-05,-5.1008674329619416e-08,-4.411251122972327e-08,-3.258046119411055e-05,-9.765452782846412e-10,-3.258366997022933e-05,6.516412847231475e-05,-4.6790749586109875e-08,-4.256730623325086e-08,-5.522659907312896e-08,-3.258046119411055e-05,-8.541204100256483e-10,-4.5657716226195675e-08,-1.0989701465436341e-09,-3.258366997022933e-05
0.15,3,10.78125,0.0,0.0,0.99976933,2.691998e-07,2.1427293e-07,-2.360437160232084e-10,2.8610276983157532e-09,-8.399995600400542e-09,6.440873993990943e-05,-5.04931816325205e-08,-4.354365131991475e-08,-3.220281864348046e-05,-9.632601901502115e-10,-3.220594713131763e-05,6.440873993990943e-05,-4.629318383232023e-08,-4.211313747075687e-08,-5.469317943272077e-08,-3.220281864348046e-05,-8.452383321386073e-10,-4.4974165169072626e-08,-1.0812820481618157e-09,-3.220594713131763e-05
0.15,3,10.8125,0.0,0.0,0.99977136,2.620797e-07,2.0774338e-07,-2.3398256404711586e-10,3.235550810505312e-09,-8.344085785862057e-09,6.366437090862169e-05,-5.000247972004041e-08,-4.325406444851188e-08,-3.183062679590069e-05,-9.49484012628202e-10,-3.183372956989444e-05,6.366437090862169e-05,-4.583043682710938e-08,-4.163628904325922e-08,-5.417452261297144e-08,-3.183062679590069e-05,-8.324927306046441e-10,-4.4871839853764534e-08,-1.06647529465176e-09,-3.183372956989444e-05
0.15,3,10.84375,0.0,0.0,0.9997733,2.5630806e-07,2.0212983e-07,-2.2647211848710763e-10,2.9477751174053165e-09,-8.266713456771247e-09,6.293063153942416e-05,-4.950341476571695e-08,-4.269077280598109e-08,-3.146377173018866e-05,-9.37557862734436e-10,-3.146686334779424e-05,6.293063153942416e-05,-4.5370058037331323e-08,-4.121688524727843e-08,-5.363677149410257e-08,-3.146377173018866e-05,-8.243218034908822e-10,-4.4164660364683745e-08,-1.0507939219779898e-09,-3.146686334779424e-05
0.15,3,10.875,0.0,0.0,0.9997753,2.6594782e-07,2.122843e-07,-2.1979383408660602e-10,3.0500391055595223e-09,-8.240024930257012e-09,6.220743892027631e-05,-4.90006722864968e-08,-4.229516453548516e-08,-3.110223363351073e-05,-9.203282405542961e-10,-3.110527407875571e-05,6.220743892027631e-05,-4.4880659821368296e-08,-4.07701449827054e-08,-5.312068475162531e-08,-3.110223363351073e-05,-8.104313235109931e-10,-4.382018408826492e-08,-1.030225157597599e-09,-3.110527407875571e-05
0.15,3,10.90625,0.0,0.0,0.9997772,2.5960287e-07,2.060583e-07,-2.1434694905104025e-10,3.1664493254867873e-09,-8.214113886726641e-09,6.149467159007787e-05,-4.853118869547725e-08,-4.195667152014497e-08,-3.0745853784250714e-05,-9.084916983065133e-10,-3.074884306320197e-05,6.149467159007787e-05,-4.442413175211393e-08,-4.0373446857401574e-08,-5.2638245638840573e-08,-3.0745853784250714e-05,-8.013182237809932e-10,-4.353989618288836e-08,-1.0156651728320334e-09,-3.074884306320197e-05
0.15,3,10.9375,0.0,0.0,0.99977916,2.5984343e-07,2.0670359e-07,-2.0734479988198501e-10,2.9337704670741945e-09,-8.123818347241768e-09,6.079205639855905e-05,-4.805364403747485e-08,-4.1405614520837565e-08,-3.0394560832666214e-05,-8.971994929578942e-10,-3.0397538965333975e-05,6.079205639855905e-05,-4.3991734863853965e-08,-3.993872928730047e-08,-5.211555321109573e-08,-3.0394560832666214e-05,-7.935270930169017e-10,-4.287249975437466e-08,-1.0008718928988867e-09,-3.0397538965333975e-05
0.15,3,10.96875,0.0,0.0,0.999781,2.5654475e-07,2.0366825e-07,-2.1086841256481273e-10,2.930355325552565e-09,-8.080883916999752e-09,6.0099501388574846e-05,-4.757362526755369e-08,-4.098595207927718e-08,-3.004826176207401e-05,-8.805821499006239e-10,-3.005120692477063e-05,6.0099501388574846e-05,-4.3533183309053813e-08,-3.95207744165009e-08,-5.1614067226053565e-08,-3.004826176207401e-05,-7.751479436182175e-10,-4.245112974205346e-08,-9.860163561830303e-10,-3.005120692477063e-05
0.15,3,11.0,0.0,0.0,0.99978286,2.5588133e-07,2.0324498e-07,-2.06670213081584e-10,3.047266508815179e-09,-8.056822185666492e-09,5.941673248454314e-05,-4.711900015417719e-08,-4.0592138417176586e-08,-2.970692075242142e-05,-8.661657468842638e-10,-2.9709840224048377e-05,5.941673248454314e-05,-4.309058906134394e-08,-3.9068505162768996e-08,-5.1147411247010435e-08,-2.970692075242142e-05,-7.628306403434718e-10,-4.2115771671584175e-08,-9.695008534250558e-10,-2.9709840224048377e-05
0.15,3,11.03125,0.0,0.0,0.9997847,2.53021e-07,2.006947e-07,-1.95376677357607e-10,2.9636493287304923e-09,-7.982232004653274e-09,5.874369255940261e-05,-4.665029361457144e-08,-4.0143583532068896e-08,-2.9370412052658848e-05,-8.543287463154235e-10,-2.9373240354025902e-05,5.874369255940261e-05,-4.26591776122448e-08,-3.866175886770365e-08,-5.064140961689808e-08,-2.9370412052658848e-05,-7.5664040763662e-10,-4.162540819643414e-08,-9.52017084994227e-10,-2.9373240354025902e-05
0.15,3,11.0625,0.0,0.0,0.99978656,2.404529e-07,1.8847736e-07,-1.8946527429025413e-10,3.04794053295531e-09,-7.956534795942302e-09,5.8080041972420615e-05,-4.620368145129046e-08,-3.979894693416322e-08,-2.9038645197238666e-05,-8.435662084547204e-10,-2.904146600609651e-05,5.8080041972420615e-05,-4.222541405331931e-08,-3.827497666768556e-08,-5.018194884926161e-08,-2.9038645197238666e-05,-7.488335713095933e-10,-4.132291720064087e-08,-9.382988455998475e-10,-2.904146600609651e-05
0.15,3,11.09375,0.0,0.0,0.99978834,2.4599598e-07,1.9429386e-07,-1.893910354675639e-10,3.161536764609491e-09,-7.87156996609619e-09,5.742581098354188e-05,-4.57488338557369e-08,-3.948177861057774e-08,-2.8711518470122683e-05,-8.289296490392813e-10,-2.8714324513194985e-05,5.742581098354188e-05,-4.18130488726888e-08,-3.7901010228272997e-08,-4.968461883878499e-08,-2.8711518470122683e-05,-7.342341313054993e-10,-4.106254699288249e-08,-9.236251667730632e-10,-2.8714324513194985e-05
0.15,3,11.125,0.0,0.0,0.9997902,2.3709399e-07,1.8551437e-07,-1.8509226260238296e-10,2.9876025323546343e-09,-7.848163971495612e-09,5.6780781236167536e-05,-4.531194649545852e-08,-3.895695339571345e-08,-2.8389022282971646e-05,-8.186522686961725e-10,-2.839178445978813e-05,5.6780781236167536e-05,-4.1387864509710715e-08,-3.746315212953613e-08,-4.9236028481206327e-08,-2.8389022282971646e-05,-7.26106137394981e-10,-4.0450754661890766e-08,-9.11198399997364e-10,-2.839178445978813e-05
0.15,3,11.15625,0.0,0.0,0.99979186,2.4083062e-07,1.8933764e-07,-1.810314829018742e-10,2.7120753235215463e-09,-7.801878392454492e-09,5.614482394689004e-05,-4.488048962330618e-08,-3.856111228878604e-08,-2.807101837777239e-05,-8.063556039687215e-10,-2.8073780347923846e-05,5.614482394689004e-05,-4.097955042707893e-08,-3.720507462702527e-08,-4.878142881953342e-08,-2.807101837777239e-05,-7.158398625177844e-10,-3.9917149950546816e-08,-8.968713454196586e-10,-2.8073780347923846e-05
0.15,3,11.1875,0.0,0.0,0.9997936,2.450397e-07,1.9393005e-07,-1.7522041910673133e-10,3.014756229817369e-09,-7.758329720166984e-09,5.5517658309407573e-05,-4.445122936151807e-08,-3.825230233934353e-08,-2.7757498931647366e-05,-7.926069433826532e-10,-2.776021522355983e-05,5.5517658309407573e-05,-4.057206450143458e-08,-3.6744924224434844e-08,-4.8330394221601564e-08,-2.7757498931647366e-05,-7.049967338292875e-10,-3.975968045425221e-08,-8.802171529360189e-10,-2.776021522355983e-05
0.15,3,11.21875,0.0,0.0,0.9997954,2.407764e-07,1.8982965e-07,-1.7166558605324097e-10,2.9718263652082997e-09,-7.699756199286005e-09,5.489934233630835e-05,-4.4019315296751e-08,-3.7844822896318455e-08,-2.7448306870336757e-05,-7.825449394707659e-10,-2.7450984762330223e-05,5.489934233630835e-05,-4.0169437197108e-08,-3.6358909713714305e-08,-4.7869193396394004e-08,-2.7448306870336757e-05,-6.967121464441454e-10,-3.9330736078922604e-08,-8.683777324973864e-10,-2.7450984762330223e-05
0.15,3,11.25,0.0,0.0,0.9997971,2.4158285e-07,1.9106363e-07,-1.6957251956637364e-10,2.9290432910159664e-09,-7.651292226769216e-09,5.428957441744667e-05,-4.3600369576138955e-08,-3.746416859341826e-08,-2.714346469524441e-05,-7.715437483678614e-10,-2.714610964818725e-05,5.428957441744667e-05,-3.9774723462754347e-08,-3.5999646947910274e-08,-4.742601568952356e-08,-2.714346469524441e-05,-6.867574885846745e-10,-3.892869023892624e-08,-8.563300081510482e-10,-2.714610964818725e-05
0.15,3,11.28125,0.0,0.0,0.9997988,2.4096028e-07,1.9074821e-07,-1.6440785839056857e-10,2.825033072250072e-09,-7.607926464646588e-09,5.3688186598348404e-05,-4.318121542260253e-08,-3.7083088913924506e-08,-2.684276545794279e-05,-7.5974268336832e-10,-2.6845401121580973e-05,5.3688186598348404e-05,-3.937725219027924e-08,-3.567057237779947e-08,-4.6985178654925826e-08,-2.684276545794279e-05,-6.775387541730358e-10,-3.849560545004954e-08,-8.419466125636043e-10,-2.6845401121580973e-05
0.15,3,11.3125,0.0,0.0,0.99980044,2.298221e-07,1.7973528e-07,-1.6235305816885781e-10,3.007987216922678e-09,-7.569718338913331e-09,5.309514487571035e-05,-4.2778446995568424e-08,-3.677426976040684e-08,-2.6546280967023745e-05,-7.48739879772182e-10,-2.6548901888263813e-05,5.309514487571035e-05,-3.899358782611176e-08,-3.52702761519455e-08,-4.656330616502509e-08,-2.6546280967023745e-05,-6.675633506877531e-10,-3.827826336886818e-08,-8.299164088566109e-10,-2.6548901888263813e-05
0.15,3,11.34375,0.0,0.0,0.9998021,2.3579629e-07,1.8615525e-07,-1.5674477152696504e-10,2.903454892855354e-09,-7.51288160783504e-09,5.251029236983621e-05,-4.23775934028397e-08,-3.636616642484427e-08,-2.625385847250806e-05,-7.389762452945838e-10,-2.6256431912056437e-05,5.251029236983621e-05,-3.862115259892218e-08,-3.491443897841659e-08,-4.613403420675722e-08,-2.625385847250806e-05,-6.606038595311013e-10,-3.7817893871271944e-08,-8.173486310580663e-10,-2.6256431912056437e-05
0.15,3,11.375,0.0,0.0,0.9998037,2.3726099e-07,1.8771868e-07,-1.5066485321648423e-10,2.98837071678021e-09,-7.473915310913463e-09,5.1933441725683475e-05,-4.1974417544396155e-08,-3.605772400848126e-08,-2.5965475188063533e-05,-7.284606778857147e-10,-2.5968028433181244e-05,5.1933441725683475e-05,-3.8237459888939423e-08,-3.456353865009115e-08,-4.5711375199852886e-08,-2.5965475188063533e-05,-6.531282512774726e-10,-3.755190936687136e-08,-8.037931044939568e-10,-2.5968028433181244e-05
0.15,3,11.40625,0.0,0.0,0.99980533,2.2371935e-07,1.7456932e-07,-1.5052465850300708e-10,2.855329952363675e-09,-7.4373699866481745e-09,5.13645737398212e-05,-4.158645397416882e-08,-3.563005586700556e-08,-2.56810283663631e-05,-7.187562637301763e-10,-2.568355596319944e-05,5.13645737398212e-05,-3.7867768980844735e-08,-3.420239089082372e-08,-4.530513896749291e-08,-2.56810283663631e-05,-6.434939344786728e-10,-3.7057720843187395e-08,-7.940185929816799e-10,-2.568355596319944e-05
0.15,3,11.4375,0.0,0.0,0.99980694,2.3098718e-07,1.8193307e-07,-1.4616292700022813e-10,2.8603806893868437e-09,-7.405258263347138e-09,5.080340938717594e-05,-4.118437575954661e-08,-3.531249595171819e-08,-2.5400455435762102e-05,-7.068694198717791e-10,-2.5402962844568173e-05,5.080340938717594e-05,-3.748174662787304e-08,-3.3882305607024765e-08,-4.488700489122018e-08,-2.5400455435762102e-05,-6.33787956371665e-10,-3.674268629641161e-08,-7.799508833718932e-10,-2.5402962844568173e-05
0.15,3,11.46875,0.0,0.0,0.9998085,2.291799e-07,1.8066147e-07,-1.4226853640375234e-10,2.9128310898041967e-09,-7.324603088228974e-09,5.024991777186896e-05,-4.079857327199785e-08,-3.499745452238805e-08,-2.512371361277864e-05,-6.982493062300985e-10,-2.5126188105781537e-05,5.024991777186896e-05,-3.713627172788336e-08,-3.354103897748595e-08,-4.446087481611234e-08,-2.512371361277864e-05,-6.271150380282223e-10,-3.6453870067290145e-08,-7.693835744319746e-10,-2.5126188105781537e-05
0.15,3,11.5,0.0,0.0,0.99981004,2.2366211e-07,1.7503874e-07,-1.384464539826879e-10,2.8962451549047934e-09,-7.306330867522468e-09,4.970393303225422e-05,-4.043505329954522e-08,-3.466324069822908e-08,-2.4850741672483226e-05,-6.878159637399028e-10,-2.4853203255903954e-05,4.970393303225422e-05,-3.6781887865783985e-08,-3.321511812077668e-08,-4.408821873330645e-08,-2.4850741672483226e-05,-6.185927367485588e-10,-3.6111363275681476e-08,-7.570391907312467e-10,-2.4853203255903954e-05
0.15,3,11.53125,0.0,0.0,0.99981165,2.3031896e-07,1.8233106e-07,-1.3629961399032895e-10,2.959802779522189e-09,-7.241953425560094e-09,4.9165321436191785e-05,-4.0054316837547585e-08,-3.438077047749233e-08,-2.4581463045791493e-05,-6.784073586404949e-10,-2.4583875345426045e-05,4.9165321436191785e-05,-3.643334012476754e-08,-3.290086908773124e-08,-4.367529355032763e-08,-2.4581463045791493e-05,-6.102575516453304e-10,-3.586067186725343e-08,-7.465571656356594e-10,-2.4583875345426045e-05
0.15,3,11.5625,0.0,0.0,0.99981314,2.3586531e-07,1.8788954e-07,-1.3328640438797865e-10,2.8923336308917788e-09,-7.209522179142528e-09,4.8634033932603345e-05,-3.968939772377715e-08,-3.402986259732861e-08,-2.4315804664505685e-05,-6.685045421738698e-10,-2.43182095193734e-05,4.8634033932603345e-05,-3.6084636634205886e-08,-3.258369578188272e-08,-4.3294158813348413e-08,-2.4315804664505685e-05,-6.018613399798805e-10,-3.54760294127745e-08,-7.351477443678591e-10,-2.43182095193734e-05
0.15,3,11.59375,0.0,0.0,0.9998147,2.2196636e-07,1.7437334e-07,-1.2815678913937986e-10,2.7997354111826054e-09,-7.160527036494598e-09,4.8109858698324424e-05,-3.9301156750301096e-08,-3.364473199553025e-08,-2.4053757074132827e-05,-6.596207096716311e-10,-2.405614721216292e-05,4.8109858698324424e-05,-3.5720893232053796e-08,-3.2244864289938946e-08,-4.2881420268548395e-08,-2.4053757074132827e-05,-5.955423151019412e-10,-3.504459970112155e-08,-7.23699104241321e-10,-2.405614721216292e-05
0.15,3,11.625,0.0,0.0,0.9998161,2.2536432e-07,1.7803497e-07,-1.2525747482278323e-10,2.914049946239181e-09,-7.116422097741638e-09,4.7592814551403705e-05,-3.894963949517623e-08,-3.3429390362444193e-08,-2.3795229485039815e-05,-6.505228693875597e-10,-2.3797579441368486e-05,4.7592814551403705e-05,-3.539142844630541e-08,-3.19723653893246e-08,-4.250785054404705e-08,-2.3795229485039815e-05,-5.878941319761681e-10,-3.4886415335563784e-08,-7.131516067989513e-10,-2.3797579441368486e-05
0.15,3,11.65625,0.0,0.0,0.99981767,2.1905134e-07,1.7185663e-07,-1.2133667964621983e-10,2.912201454906781e-09,-7.06859109125043e-09,4.7082621835491025e-05,-3.8583699815155064e-08,-3.302882410588748e-08,-2.354014448647558e-05,-6.401223035148844e-10,-2.3542494282118503e-05,4.7082621835491025e-05,-3.504940426952985e-08,-3.1572723378434087e-08,-4.211799536078028e-08,-2.354014448647558e-05,-5.794539636917744e-10,-3.448492483334087e-08,-7.007906433379943e-10,-2.3542494282118503e-05
0.15,3,11.6875,0.0,0.0,0.99981904,2.1892987e-07,1.7179377e-07,-1.225892014937842e-10,2.8486246040441694e-09,-7.019133744978127e-09,4.657923386338671e-05,-3.823775810234516e-08,-3.272874796549549e-08,-2.3288483503324026e-05,-6.308465282604865e-10,-2.3290794941915228e-05,4.657923386338671e-05,-3.47281912298561e-08,-3.1304435663473407e-08,-4.1747324974834225e-08,-2.3288483503324026e-05,-5.695519275135944e-10,-3.4153060267517576e-08,-6.921411290073786e-10,-2.3290794941915228e-05
0.15,3,11.71875,0.0,0.0,0.99982053,2.175481e-07,1.7087885e-07,-1.168364434046891e-10,2.8474304556195488e-09,-6.986187026292826e-09,4.6082624908347965e-05,-3.7882959213084485e-08,-3.23945978003196e-08,-2.3040180476147322e-05,-6.232908193231493e-10,-2.3042448103213946e-05,4.6082624908347965e-05,-3.438986569993807e-08,-3.097088257250982e-08,-4.13760527262309e-08,-2.3040180476147322e-05,-5.648725976208047e-10,-3.381831302812937e-08,-6.817090410254938e-10,-2.3042448103213946e-05
0.15,3,11.75,0.0,0.0,0.99982196,2.2612205e-07,1.7974176e-07,-1.166841480513723e-10,2.860308552632266e-09,-6.968265665833616e-09,4.559260876533817e-05,-3.754411971891976e-08,-3.217331892835094e-08,-2.2795199573208512e-05,-6.142225096086569e-10,-2.2797437942782315e-05,4.559260876533817e-05,-3.405998688600295e-08,-3.0743164652034805e-08,-4.102825255183657e-08,-2.2795199573208512e-05,-5.558804355829708e-10,-3.360347320466707e-08,-6.725645836343431e-10,-2.2797437942782315e-05
0.15,3,11.78125,0.0,0.0,0.9998234,2.2619166e-07,1.7975174e-07,-1.1127573605525807e-10,2.7750750534779586e-09,-6.907729979798024e-09,4.510909669629484e-05,-3.719954900007559e-08,-3.179404843526298e-08,-2.2553432865793982e-05,-6.059169025571335e-10,-2.2555647437135456e-05,4.510909669629484e-05,-3.374568401017658e-08,-3.0406510908524004e-08,-4.0653413989974604e-08,-2.2553432865793982e-05,-5.502790345295045e-10,-3.318158596200196e-08,-6.615547705847625e-10,-2.2555647437135456e-05
0.15,3,11.8125,0.0,0.0,0.9998248,2.1520736e-07,1.6897718e-07,-1.0710451780028898e-10,2.9118116159362824e-09,-6.876584297190472e-09,4.463198333310315e-05,-3.6863378506179635e-08,-3.15548208801035e-08,-2.231487090187986e-05,-5.98483139348932e-10,-2.2317081686096543e-05,4.463198333310315e-05,-3.34250863575844e-08,-3.009891507213536e-08,-4.030167065477487e-08,-2.231487090187986e-05,-5.449308804487876e-10,-3.301072668807164e-08,-6.520353982490765e-10,-2.2317081686096543e-05
0.15,3,11.84375,0.0,0.0,0.9998262,2.1890912e-07,1.7303142e-07,-1.0415813289719588e-10,2.8485471134382778e-09,-6.823669923285261e-09,4.416109678791191e-05,-3.6531822554832007e-08,-3.128123664046208e-08,-2.2079454830623302e-05,-5.906922775449064e-10,-2.208164364116821e-05,4.416109678791191e-05,-3.3119987593189376e-08,-2.9856963083742943e-08,-3.994365751647464e-08,-2.2079454830623302e-05,-5.386132110963085e-10,-3.270551019718122e-08,-6.427713439935044e-10,-2.208164364116821e-05
0.15,3,11.875,0.0,0.0,0.9998275,2.0643512e-07,1.6090638e-07,-1.081618644797796e-10,2.807402762850322e-09,-6.784662135879473e-09,4.369645393983686e-05,-3.619830980705413e-08,-3.093491759298354e-08,-2.184715550191774e-05,-5.806010219608964e-10,-2.184928414032638e-05,4.369645393983686e-05,-3.2805978739114394e-08,-2.953121621155838e-08,-3.959064087499387e-08,-2.184715550191774e-05,-5.265200897210066e-10,-3.23386189744087e-08,-6.346819542007862e-10,-2.184928414032638e-05
0.15,3,11.90625,0.0,0.0,0.99982893,2.172226e-07,1.7167972e-07,-1.0050197430496648e-10,2.6750664919312887e-09,-6.7562619390733786e-09,4.3237915295240865e-05,-3.5874636883246833e-08,-3.060862845856472e-08,-2.161788753020988e-05,-5.745670398158502e-10,-2.1620021484215448e-05,4.3237915295240865e-05,-3.2496505913710144e-08,-2.9271095212599074e-08,-3.925276785278352e-08,-2.161788753020988e-05,-5.24316052663367e-10,-3.194616170453036e-08,-6.248180269683335e-10,-2.1620021484215448e-05
0.15,3,11.9375,0.0,0.0,0.99983025,2.0590186e-07,1.60872e-07,-9.83996769360492e-11,2.75012285819802e-09,-6.7146294797322455e-09,4.2785398586782115e-05,-3.5549817602545035e-08,-3.0363946050864364e-08,-2.1391622472011326e-05,-5.673692245291076e-10,-2.1393752647529082e-05,4.2785398586782115e-05,-3.219250286267891e-08,-2.8988884621765354e-08,-3.890713234241116e-08,-2.1391622472011326e-05,-5.18169386061083e-10,-3.1739007479963374e-08,-6.165690629971322e-10,-2.1393752647529082e-05
0.15,3,11.96875,0.0,0.0,0.9998316,2.1118325e-07,1.6620739e-07,-9.534842625902762e-11,2.7890939416248546e-09,-6.662508186985303e-09,4.233872486293861e-05,-3.522715099372435e-08,-3.0053558374426914e-08,-2.116832039393933e-05,-5.585512916009763e-10,-2.1170417689420305e-05,4.233872486293861e-05,-3.18958969002317e-08,-2.8659011403614487e-08,-3.8558405087217004e-08,-2.116832039393933e-05,-5.108770784714625e-10,-3.144810534523934e-08,-6.062255047304901e-10,-2.1170417689420305e-05
0.15,3,12.0,0.0,0.0,0.9998329,2.0498419e-07,1.604144e-07,-9.026768748133325e-11,2.729630397992942e-09,-6.628259471911898e-09,4.1897928409275614e-05,-3.4919356106007647e-08,-2.9774222410694933e-08,-2.094790748561393e-05,-5.513601524881635e-10,-2.09500064636093e-05,4.1897928409275614e-05,-3.16052263700517e-08,-2.8409407211698462e-08,-3.8233485841963595e-08,-2.094790748561393e-05,-5.062263087474969e-10,-3.1139037609691404e-08,-5.964939962288301e-10,-2.09500064636093e-05
