time,step,surface,wing_uid,segment_uid,station_id,half,span_index,span_coordinate,span_coordinate_absolute,min_span_edge,max_span_edge,chord_index,chord_fraction,panel_chord,panel_circulation,pressure_jump_coefficient,pressure_jump_coefficient_type,panel_force_x,panel_force_y,panel_force_z,panel_force_units,force_density,unsteady_force_x,unsteady_force_y,unsteady_force_z,relative_velocity_x,relative_velocity_y,relative_velocity_z,relative_velocity_units,bound_x,bound_y,bound_z,span_coordinate_normalized
0.006,1,blade_0,blade_0_RotorFlow_OpenVSP_Blade_0,RotorFlow_OpenVSP_Blade_0_segment_0,blade_0_RotorFlow_OpenVSP_Blade_0:RotorFlow_OpenVSP_Blade_0_segment_0:orig:0,orig,0,1.1065503358840942,1.1065503358840942,0.9848408102989197,1.2279489040374756,0,0.08333330601453781,0.09896692633628845,-2.6803460121154785,-21.404752731323242,circulation_proxy,8.485921859741211,-1.3231894969940186,-9.095821380615234,N,1.225,8.53628921508789,-1.255663514137268,-3.5147135257720947,7.4853949546813965,0.04064049571752548,-0.0680445209145546,m/s,-0.16013817489147186,1.1136350631713867,-0.5375143885612488,-0.9514419920838167
0.006,1,blade_0,blade_0_RotorFlow_OpenVSP_Blade_0,RotorFlow_OpenVSP_Blade_0_segment_0,blade_0_RotorFlow_OpenVSP_Blade_0:RotorFlow_OpenVSP_Blade_0_segment_0:orig:0,orig,0,1.1065503358840942,1.1065503358840942,0.9848408102989197,1.2279489040374756,1,0.24999992549419403,0.09896694868803024,-1.1198838949203491,-27.177738189697266,circulation_proxy,15.661397933959961,-1.757290005683899,-6.780298233032227,N,1.225,14.948293685913086,-1.667452096939087,-6.15477991104126,2.100045680999756,0.7849686145782471,2.2813589572906494,m/s,-0.12245860695838928,1.1136353015899658,-0.44600093364715576,-0.9514419920838167
0.006,1,blade_0,blade_0_RotorFlow_OpenVSP_Blade_0,RotorFlow_OpenVSP_Blade_0_segment_0,blade_0_RotorFlow_OpenVSP_Blade_0:RotorFlow_OpenVSP_Blade_0_segment_0:orig:0,orig,0,1.1065503358840942,1.1065503358840942,0.9848408102989197,1.2279489040374756,2,0.4166666269302368,0.09896694868803024,-0.7448152899742126,-31.80107879638672,circulation_proxy,19.05465316772461,-1.3930222988128662,-7.9304046630859375,N,1.225,18.50922393798828,-1.3475056886672974,-7.6209492683410645,1.5463261604309082,0.6526256203651428,2.62947416305542,m/s,-0.0847790390253067,1.113635540008545,-0.35448750853538513,-0.9514419920838167
0.006,1,blade_0,blade_0_RotorFlow_OpenVSP_Blade_0,RotorFlow_OpenVSP_Blade_0_segment_0,blade_0_RotorFlow_OpenVSP_Blade_0:RotorFlow_OpenVSP_Blade_0_segment_0:orig:0,orig,0,1.1065503358840942,1.1065503358840942,0.9848408102989197,1.2279489040374756,3,0.5833332538604736,0.09896697849035263,-0.5849891304969788,-35.59173583984375,circulation_proxy,21.617929458618164,-0.7332658767700195,-8.931727409362793,N,1.225,21.1629695892334,-0.7134129405021667,-8.713600158691406,1.3604540824890137,0.46023455262184143,2.79569149017334,m/s,-0.047099463641643524,1.113635778427124,-0.2629740834236145,-0.9514419920838167
0.006,1,blade_0,blade_0_RotorFlow_OpenVSP_Blade_0,RotorFlow_OpenVSP_Blade_0_segment_0,blade_0_RotorFlow_OpenVSP_Blade_0:RotorFlow_OpenVSP_Blade_0_segment_0:orig:0,orig,0,1.1065503358840942,1.1065503358840942,0.9848408102989197,1.2279489040374756,4,0.7499999403953552,0.09896693378686905,-0.5161296725273132,-39.02162170410156,circulation_proxy,23.842531204223633,0.12679147720336914,-9.826559066772461,N,1.225,23.4277400970459,0.1286250650882721,-9.646096229553223,1.258143424987793,0.2472238689661026,2.889313220977783,m/s,-0.00941989291459322,1.1136358976364136,-0.17146062850952148,-0.9514419920838167
0.006,1,blade_0,blade_0_RotorFlow_OpenVSP_Blade_0,RotorFlow_OpenVSP_Blade_0_segment_0,blade_0_RotorFlow_OpenVSP_Blade_0:RotorFlow_OpenVSP_Blade_0_segment_0:orig:0,orig,0,1.1065503358840942,1.1065503358840942,0.9848408102989197,1.2279489040374756,5,0.9166666865348816,0.09896696358919144,-0.482776015996933,-42.266632080078125,circulation_proxy,25.895416259765625,1.1547468900680542,-10.680207252502441,N,1.225,25.5131893157959,1.1412084102630615,-10.504755973815918,1.3048362731933594,0.018683699890971184,2.844081163406372,m/s,0.028259679675102234,1.1136361360549927,-0.07994720339775085,-0.9514419920838167
0.006,1,blade_0,blade_0_RotorFlow_OpenVSP_Blade_0,RotorFlow_OpenVSP_Blade_0_segment_1,blade_0_RotorFlow_OpenVSP_Blade_0:RotorFlow_OpenVSP_Blade_0_segment_1:orig:0,orig,0,1.3330210447311401,1.3330210447311401,1.2117726802825928,1.4546509981155396,0,0.08333323895931244,0.0971132144331932,-3.4962799549102783,-28.11862564086914,circulation_proxy,10.7491455078125,-1.0030555725097656,-12.33370590209961,N,1.225,11.223487854003906,-1.1558489799499512,-3.6954264640808105,8.865096092224121,-0.07922975718975067,-0.4881986379623413,m/s,-0.12907853722572327,1.3409078121185303,-0.5377699136734009,-0.8610877949073384
0.006,1,blade_0,blade_0_RotorFlow_OpenVSP_Blade_0,RotorFlow_OpenVSP_Blade_0_segment_1,blade_0_RotorFlow_OpenVSP_Blade_0:RotorFlow_OpenVSP_Blade_0_segment_1:orig:0,orig,0,1.3330210447311401,1.3330210447311401,1.2117726802825928,1.4546509981155396,1,0.24999992549419403,0.09711327403783798,-1.5938465595245361,-36.603309631347656,circulation_proxy,20.90750503540039,-1.628875494003296,-7.463200569152832,N,1.225,20.08108901977539,-1.5647337436676025,-6.611865997314453,1.977806568145752,0.6621215343475342,1.8700283765792847,m/s,-0.09870711714029312,1.3409080505371094,-0.4455280303955078,-0.8610877949073384
0.006,1,blade_0,blade_0_RotorFlow_OpenVSP_Blade_0,RotorFlow_OpenVSP_Blade_0_segment_1,blade_0_RotorFlow_OpenVSP_Blade_0:RotorFlow_OpenVSP_Blade_0_segment_1:orig:0,orig,0,1.3330210447311401,1.3330210447311401,1.2117726802825928,1.4546509981155396,2,0.41666656732559204,0.09711327403783798,-1.1083835363388062,-43.54177474975586,circulation_proxy,26.017391204833984,-1.3214341402053833,-8.738138198852539,N,1.225,25.344619750976562,-1.2843981981277466,-8.344926834106445,1.3108267784118652,0.590331494808197,2.187180995941162,m/s,-0.06833569705486298,1.3409082889556885,-0.35328614711761475,-0.8610877949073384
0.006,1,blade_0,blade_0_RotorFlow_OpenVSP_Blade_0,RotorFlow_OpenVSP_Blade_0_segment_1,blade_0_RotorFlow_OpenVSP_Blade_0:RotorFlow_OpenVSP_Blade_0_segment_1:orig:0,orig,0,1.3330210447311401,1.3330210447311401,1.2117726802825928,1.4546509981155396,3,0.5833332538604736,0.09711330384016037,-0.8654581904411316,-49.12825012207031,circulation_proxy,29.867870330810547,-0.6958995461463928,-9.914021492004395,N,1.225,29.308870315551758,-0.6798552870750427,-9.650191307067871,1.1103863716125488,0.448352187871933,2.325406789779663,m/s,-0.03796427696943283,1.3409085273742676,-0.2610442638397217,-0.8610877949073384
0.006,1,blade_0,blade_0_RotorFlow_OpenVSP_Blade_0,RotorFlow_OpenVSP_Blade_0_segment_1,blade_0_RotorFlow_OpenVSP_Blade_0:RotorFlow_OpenVSP_Blade_0_segment_1:orig:0,orig,0,1.3330210447311401,1.3330210447311401,1.2117726802825928,1.4546509981155396,4,0.7499999403953552,0.09711325913667679,-0.6980504989624023,-53.66944885253906,circulation_proxy,32.93735122680664,0.140752375125885,-10.898431777954102,N,1.225,32.47576141357422,0.1413773000240326,-10.692920684814453,1.0593996047973633,0.281426340341568,2.3786098957061768,m/s,-0.007592855487018824,1.3409087657928467,-0.1688023954629898,-0.8610877949073384
0.006,1,blade_0,blade_0_RotorFlow_OpenVSP_Blade_0,RotorFlow_OpenVSP_Blade_0_segment_1,blade_0_RotorFlow_OpenVSP_Blade_0:RotorFlow_OpenVSP_Blade_0_segment_1:orig:0,orig,0,1.3330210447311401,1.3330210447311401,1.2117726802825928,1.4546509981155396,5,0.916666567325592,0.09711328893899918,-0.5138790011405945,-56.93681335449219,circulation_proxy,35.204742431640625,1.122041940689087,-11.6514892578125,N,1.225,34.8723258972168,1.1130201816558838,-11.482011795043945,1.182403564453125,0.10566992312669754,2.3248186111450195,m/s,0.022778566926717758,1.3409088850021362,-0.07656050473451614,-0.8610877949073384
0.006,1,blade_0,blade_0_RotorFlow_OpenVSP_Blade_0,RotorFlow_OpenVSP_Blade_0_segment_2,blade_0_RotorFlow_OpenVSP_Blade_0:RotorFlow_OpenVSP_Blade_0_segment_2:orig:0,orig,0,1.5599141120910645,1.5599141120910645,1.4389476776123047,1.6815820932388306,0,0.08333335816860199,0.09523905813694,-3.9124703407287598,-31.69521713256836,circulation_proxy,11.858890533447266,-0.6189151406288147,-14.011857986450195,N,1.225,12.518664360046387,-0.9433412551879883,-3.3825430870056152,9.747081756591797,-0.12423297017812729,-0.6088040471076965,m/s,-0.10558159649372101,1.5681805610656738,-0.5336547493934631,-0.7705650908871007
0.006,1,blade_0,blade_0_RotorFlow_OpenVSP_Blade_0,RotorFlow_OpenVSP_Blade_0_segment_2,blade_0_RotorFlow_OpenVSP_Blade_0:RotorFlow_OpenVSP_Blade_0_segment_2:orig:0,orig,0,1.5599141120910645,1.5599141120910645,1.4389476776123047,1.6815820932388306,1,0.2499999701976776,0.09523905813694,-1.8271715641021729,-41.41794967651367,circulation_proxy,23.33211898803711,-1.316472053527832,-7.035374641418457,N,1.225,22.537921905517578,-1.2828099727630615,-6.089746952056885,1.8943872451782227,0.5171546339988708,1.5726144313812256,m/s,-0.08073887228965759,1.568180799484253,-0.4417128562927246,-0.7705650908871007
0.006,1,blade_0,blade_0_RotorFlow_OpenVSP_Blade_0,RotorFlow_OpenVSP_Blade_0_segment_2,blade_0_RotorFlow_OpenVSP_Blade_0:RotorFlow_OpenVSP_Blade_0_segment_2:orig:0,orig,0,1.5599141120910645,1.5599141120910645,1.4389476776123047,1.6815820932388306,2,0.4166666865348816,0.09523908793926239,-1.2839155197143555,-49.44690704345703,circulation_proxy,29.249462127685547,-1.0783164501190186,-8.13240909576416,N,1.225,28.59482765197754,-1.054976224899292,-7.726325988769531,1.1587672233581543,0.47840699553489685,1.8405163288116455,m/s,-0.05589614063501358,1.568181037902832,-0.3497709333896637,-0.7705650908871007
0.006,1,blade_0,blade_0_RotorFlow_OpenVSP_Blade_0,RotorFlow_OpenVSP_Blade_0_segment_2,blade_0_RotorFlow_OpenVSP_Blade_0:RotorFlow_OpenVSP_Blade_0_segment_2:orig:0,orig,0,1.5599141120910645,1.5599141120910645,1.4389476776123047,1.6815820932388306,3,0.5833333730697632,0.09523905813694,-0.9921241402626038,-55.81729507446289,circulation_proxy,33.675559997558594,-0.5632942914962769,-9.214722633361816,N,1.225,33.13869094848633,-0.5533400774002075,-8.954079627990723,0.9536595344543457,0.38055822253227234,1.9498051404953003,m/s,-0.031053410843014717,1.5681812763214111,-0.2578289806842804,-0.7705650908871007
0.006,1,blade_0,blade_0_RotorFlow_OpenVSP_Blade_0,RotorFlow_OpenVSP_Blade_0_segment_2,blade_0_RotorFlow_OpenVSP_Blade_0:RotorFlow_OpenVSP_Blade_0_segment_2:orig:0,orig,0,1.5599141120910645,1.5599141120910645,1.4389476776123047,1.6815820932388306,4,0.7500000596046448,0.0952390804886818,-0.7703890800476074,-60.77018356323242,circulation_proxy,37.088226318359375,0.1304037868976593,-10.101998329162598,N,1.225,36.66184997558594,0.13006138801574707,-9.90604019165039,0.9150071144104004,0.2611059248447418,1.9913750886917114,m/s,-0.006210682447999716,1.5681815147399902,-0.16588705778121948,-0.7705650908871007
0.006,1,blade_0,blade_0_RotorFlow_OpenVSP_Blade_0,RotorFlow_OpenVSP_Blade_0_segment_2,blade_0_RotorFlow_OpenVSP_Blade_0:RotorFlow_OpenVSP_Blade_0_segment_2:orig:0,orig,0,1.5599141120910645,1.5599141120910645,1.4389476776123047,1.6815820932388306,5,0.9166666865348816,0.0952390655875206,-0.5270081758499146,-64.03919219970703,circulation_proxy,39.45716094970703,0.9385251998901367,-10.736844062805176,N,1.225,39.16979217529297,0.9323980808258057,-10.583686828613281,1.0417499542236328,0.13246788084506989,1.9599214792251587,m/s,0.01863204687833786,1.5681816339492798,-0.07394511997699738,-0.7705650908871007
0.006,1,blade_0,blade_0_RotorFlow_OpenVSP_Blade_0,RotorFlow_OpenVSP_Blade_0_segment_3,blade_0_RotorFlow_OpenVSP_Blade_0:RotorFlow_OpenVSP_Blade_0_segment_3:orig:0,orig,0,1.7870110273361206,1.7870110273361206,1.6662509441375732,1.908625602722168,0,0.08333327621221542,0.0933554545044899,-4.130776882171631,-33.71535873413086,circulation_proxy,12.388056755065918,-0.3057161569595337,-14.853759765625,N,1.225,13.090744018554688,-0.7469872236251831,-2.9562394618988037,10.33566665649414,-0.13641896843910217,-0.6155014038085938,m/s,-0.08739842474460602,1.7954531908035278,-0.5270763635635376,-0.6799610584155988
0.006,1,blade_0,blade_0_RotorFlow_OpenVSP_Blade_0,RotorFlow_OpenVSP_Blade_0_segment_3,blade_0_RotorFlow_OpenVSP_Blade_0:RotorFlow_OpenVSP_Blade_0_segment_3:orig:0,orig,0,1.7870110273361206,1.7870110273361206,1.6662509441375732,1.908625602722168,1,0.24999994039535522,0.09335551410913467,-1.9453433752059937,-43.978668212890625,circulation_proxy,24.340831756591797,-1.0274713039398193,-6.321824073791504,N,1.225,23.619260787963867,-1.016472339630127,-5.3338623046875,1.8455872535705566,0.3988066017627716,1.343509554862976,m/s,-0.06683408468961716,1.795453429222107,-0.43601396679878235,-0.6799610584155988
0.006,1,blade_0,blade_0_RotorFlow_OpenVSP_Blade_0,RotorFlow_OpenVSP_Blade_0_segment_3,blade_0_RotorFlow_OpenVSP_Blade_0:RotorFlow_OpenVSP_Blade_0_segment_3:orig:0,orig,0,1.7870110273361206,1.7870110273361206,1.6662509441375732,1.908625602722168,2,0.4166666865348816,0.09335548430681229,-1.3694417476654053,-52.511924743652344,circulation_proxy,30.609785079956055,-0.8474485278129578,-7.17719841003418,N,1.225,30.014101028442383,-0.834588885307312,-6.777989387512207,1.0611286163330078,0.3779294490814209,1.5712026357650757,m/s,-0.04626975208520889,1.795453667640686,-0.3449515700340271,-0.6799610584155988
0.006,1,blade_0,blade_0_RotorFlow_OpenVSP_Blade_0,RotorFlow_OpenVSP_Blade_0_segment_3,blade_0_RotorFlow_OpenVSP_Blade_0:RotorFlow_OpenVSP_Blade_0_segment_3:orig:0,orig,0,1.7870110273361206,1.7870110273361206,1.6662509441375732,1.908625602722168,3,0.5833333134651184,0.09335548430681229,-1.051046371459961,-59.22917175292969,circulation_proxy,35.275875091552734,-0.4385002851486206,-8.103174209594727,N,1.225,34.791568756103516,-0.43304604291915894,-7.856871128082275,0.8481197357177734,0.3097989559173584,1.6607950925827026,m/s,-0.02570541761815548,1.7954539060592651,-0.25388920307159424,-0.6799610584155988
0.006,1,blade_0,blade_0_RotorFlow_OpenVSP_Blade_0,RotorFlow_OpenVSP_Blade_0_segment_3,blade_0_RotorFlow_OpenVSP_Blade_0:RotorFlow_OpenVSP_Blade_0_segment_3:orig:0,orig,0,1.7870110273361206,1.7870110273361206,1.6662509441375732,1.908625602722168,4,0.75,0.09335549920797348,-0.802238941192627,-64.348388671875,circulation_proxy,38.82241439819336,0.11432700604200363,-8.862711906433105,N,1.225,38.4442024230957,0.1134115606546402,-8.681735038757324,0.8112092018127441,0.22426138818264008,1.6964226961135864,m/s,-0.005141083616763353,1.7954541444778442,-0.162826806306839,-0.6799610584155988
0.006,1,blade_0,blade_0_RotorFlow_OpenVSP_Blade_0,RotorFlow_OpenVSP_Blade_0_segment_3,blade_0_RotorFlow_OpenVSP_Blade_0:RotorFlow_OpenVSP_Blade_0_segment_3:orig:0,orig,0,1.7870110273361206,1.7870110273361206,1.6662509441375732,1.908625602722168,5,0.9166667461395264,0.09335549920797348,-0.5321679711341858,-67.60140228271484,circulation_proxy,41.2265510559082,0.756507396697998,-9.393067359924316,N,1.225,40.9781379699707,0.7521891593933105,-9.25396728515625,0.9372329711914062,0.13022534549236298,1.67779541015625,m/s,0.015423251315951347,1.7954543828964233,-0.07176443934440613,-0.6799610584155988
0.006,1,blade_0,blade_0_RotorFlow_OpenVSP_Blade_0,RotorFlow_OpenVSP_Blade_0_segment_4,blade_0_RotorFlow_OpenVSP_Blade_0:RotorFlow_OpenVSP_Blade_0_segment_4:orig:0,orig,0,2.014213800430298,2.014213800430298,1.8936258554458618,2.135728359222412,0,0.0833333432674408,0.09146735072135925,-4.237538814544678,-34.85536193847656,circulation_proxy,12.57494831085205,-0.07098746299743652,-15.213163375854492,N,1.225,13.248649597167969,-0.5883173942565918,-2.5339913368225098,10.739673614501953,-0.13308319449424744,-0.5760769844055176,m/s,-0.0730275884270668,2.022726058959961,-0.5190359950065613,-0.5893147922220371
0.006,1,blade_0,blade_0_RotorFlow_OpenVSP_Blade_0,RotorFlow_OpenVSP_Blade_0_segment_4,blade_0_RotorFlow_OpenVSP_Blade_0:RotorFlow_OpenVSP_Blade_0_segment_4:orig:0,orig,0,2.014213800430298,2.014213800430298,1.8936258554458618,2.135728359222412,1,0.25,0.09146735072135925,-2.0021400451660156,-45.29534912109375,circulation_proxy,24.566905975341797,-0.7957156300544739,-5.580528736114502,N,1.225,23.9245548248291,-0.8001323938369751,-4.575910568237305,1.8155956268310547,0.3099697232246399,1.1622499227523804,m/s,-0.05584462732076645,2.02272629737854,-0.42919713258743286,-0.5893147922220371
0.006,1,blade_0,blade_0_RotorFlow_OpenVSP_Blade_0,RotorFlow_OpenVSP_Blade_0_segment_4,blade_0_RotorFlow_OpenVSP_Blade_0:RotorFlow_OpenVSP_Blade_0_segment_4:orig:0,orig,0,2.014213800430298,2.014213800430298,1.8936258554458618,2.135728359222412,2,0.4166666865348816,0.09146735072135925,-1.4089710712432861,-54.036376953125,circulation_proxy,30.945858001708984,-0.661001443862915,-6.204812526702881,N,1.225,30.416257858276367,-0.6552845239639282,-5.817542552947998,0.9961380958557129,0.2988365590572357,1.3578267097473145,m/s,-0.038661666214466095,2.022726535797119,-0.33935827016830444,-0.5893147922220371
0.006,1,blade_0,blade_0_RotorFlow_OpenVSP_Blade_0,RotorFlow_OpenVSP_Blade_0_segment_4,blade_0_RotorFlow_OpenVSP_Blade_0:RotorFlow_OpenVSP_Blade_0_segment_4:orig:0,orig,0,2.014213800430298,2.014213800430298,1.8936258554458618,2.135728359222412,3,0.5833333730697632,0.09146735072135925,-1.0764896869659424,-60.886436462402344,circulation_proxy,35.67829513549805,-0.3388168215751648,-6.973299503326416,N,1.225,35.25027084350586,-0.3363567590713501,-6.742114543914795,0.775505542755127,0.24995176494121552,1.4331446886062622,m/s,-0.021478703245520592,2.022726535797119,-0.2495194375514984,-0.5893147922220371
0.006,1,blade_0,blade_0_RotorFlow_OpenVSP_Blade_0,RotorFlow_OpenVSP_Blade_0_segment_4,blade_0_RotorFlow_OpenVSP_Blade_0:RotorFlow_OpenVSP_Blade_0_segment_4:orig:0,orig,0,2.014213800430298,2.014213800430298,1.8936258554458618,2.135728359222412,4,0.7500000596046448,0.09146732836961746,-0.8140297532081604,-66.05066680908203,circulation_proxy,39.24842071533203,0.09810826927423477,-7.610432147979736,N,1.225,38.91720199584961,0.09686731547117233,-7.443470478057861,0.7373223304748535,0.18722796440124512,1.4640908241271973,m/s,-0.004295740742236376,2.0227267742156982,-0.1596805900335312,-0.5893147922220371
0.006,1,blade_0,blade_0_RotorFlow_OpenVSP_Blade_0,RotorFlow_OpenVSP_Blade_0_segment_4,blade_0_RotorFlow_OpenVSP_Blade_0:RotorFlow_OpenVSP_Blade_0_segment_4:orig:0,orig,0,2.014213800430298,2.014213800430298,1.8936258554458618,2.135728359222412,5,0.9166667461395264,0.09146735072135925,-0.531598687171936,-69.26513671875,circulation_proxy,41.642398834228516,0.6049866080284119,-8.05133056640625,N,1.225,41.4276008605957,0.6018320918083191,-7.923620700836182,0.8617277145385742,0.11728925257921219,1.4522665739059448,m/s,0.01288722176104784,2.0227270126342773,-0.06984172016382217,-0.5893147922220371
0.006,1,blade_0,blade_0_RotorFlow_OpenVSP_Blade_0,RotorFlow_OpenVSP_Blade_0_segment_5,blade_0_RotorFlow_OpenVSP_Blade_0:RotorFlow_OpenVSP_Blade_0_segment_5:orig:0,orig,0,2.2414753437042236,2.2414753437042236,2.1210436820983887,2.3628642559051514,0,0.083333320915699,0.08957679569721222,-4.278789520263672,-35.47724914550781,circulation_proxy,12.550786018371582,0.10077536106109619,-15.297615051269531,N,1.225,13.163622856140137,-0.46508145332336426,-2.1533069610595703,11.02840805053711,-0.12298759818077087,-0.5194798707962036,m/s,-0.06145835295319557,2.2499988079071045,-0.5100884437561035,-0.49864507870305236
0.006,1,blade_0,blade_0_RotorFlow_OpenVSP_Blade_0,RotorFlow_OpenVSP_Blade_0_segment_5,blade_0_RotorFlow_OpenVSP_Blade_0:RotorFlow_OpenVSP_Blade_0_segment_5:orig:0,orig,0,2.2414753437042236,2.2414753437042236,2.1210436820983887,2.3628642559051514,1,0.24999994039535522,0.08957679569721222,-2.024125576019287,-45.890411376953125,circulation_proxy,24.346464157104492,-0.6172423958778381,-4.8976521492004395,N,1.225,23.778682708740234,-0.6319307088851929,-3.8897180557250977,1.7971317768096924,0.2446218878030777,1.0159108638763428,m/s,-0.046997565776109695,2.2499990463256836,-0.4216865599155426,-0.49864507870305236
0.006,1,blade_0,blade_0_RotorFlow_OpenVSP_Blade_0,RotorFlow_OpenVSP_Blade_0_segment_5,blade_0_RotorFlow_OpenVSP_Blade_0:RotorFlow_OpenVSP_Blade_0_segment_5:orig:0,orig,0,2.2414753437042236,2.2414753437042236,2.1210436820983887,2.3628642559051514,2,0.41666659712791443,0.08957679569721222,-1.4230327606201172,-54.67610168457031,circulation_proxy,30.69936752319336,-0.5170684456825256,-5.32029914855957,N,1.225,30.232337951660156,-0.5161100625991821,-4.945409774780273,0.952019214630127,0.23882554471492767,1.1853975057601929,m/s,-0.03253677487373352,2.2499992847442627,-0.3332847058773041,-0.49864507870305236
0.006,1,blade_0,blade_0_RotorFlow_OpenVSP_Blade_0,RotorFlow_OpenVSP_Blade_0_segment_5,blade_0_RotorFlow_OpenVSP_Blade_0:RotorFlow_OpenVSP_Blade_0_segment_5:orig:0,orig,0,2.2414753437042236,2.2414753437042236,2.1210436820983887,2.3628642559051514,3,0.5833332538604736,0.0895768254995346,-1.0835349559783936,-61.5417366027832,circulation_proxy,35.40092468261719,-0.26270267367362976,-5.947263240814209,N,1.225,35.0251579284668,-0.26220205426216125,-5.7294182777404785,0.7248587608337402,0.2025267332792282,1.2498664855957031,m/s,-0.018075985834002495,2.2499992847442627,-0.24488283693790436,-0.49864507870305236
0.006,1,blade_0,blade_0_RotorFlow_OpenVSP_Blade_0,RotorFlow_OpenVSP_Blade_0_segment_5,blade_0_RotorFlow_OpenVSP_Blade_0:RotorFlow_OpenVSP_Blade_0_segment_5:orig:0,orig,0,2.2414753437042236,2.2414753437042236,2.1210436820983887,2.3628642559051514,4,0.7499999403953552,0.08957680314779282,-0.8144779801368713,-66.68183135986328,circulation_proxy,38.931068420410156,0.08344054967164993,-6.476180076599121,N,1.225,38.64201354980469,0.08201872557401657,-6.321066856384277,0.6844649314880371,0.15518008172512054,1.276924967765808,m/s,-0.0036151972599327564,2.249999523162842,-0.15648098289966583,-0.49864507870305236
0.006,1,blade_0,blade_0_RotorFlow_OpenVSP_Blade_0,RotorFlow_OpenVSP_Blade_0_segment_5,blade_0_RotorFlow_OpenVSP_Blade_0:RotorFlow_OpenVSP_Blade_0_segment_5:orig:0,orig,0,2.2414753437042236,2.2414753437042236,2.1210436820983887,2.3628642559051514,5,0.9166665077209473,0.08957680314779282,-0.5270029902458191,-69.8388900756836,circulation_proxy,41.284645080566406,0.4847642481327057,-6.841399192810059,N,1.225,41.09857940673828,0.48237910866737366,-6.722911834716797,0.8067407608032227,0.10191860049962997,1.2689167261123657,m/s,0.010845592245459557,2.249999761581421,-0.06807911396026611,-0.49864507870305236
0.006,1,blade_0,blade_0_RotorFlow_OpenVSP_Blade_0,RotorFlow_OpenVSP_Blade_0_segment_6,blade_0_RotorFlow_OpenVSP_Blade_0:RotorFlow_OpenVSP_Blade_0_segment_6:orig:0,orig,0,2.468770742416382,2.468770742416382,2.348487615585327,2.590019464492798,0,0.08333337306976318,0.08768495917320251,-4.2801833152771,-35.78368377685547,circulation_proxy,12.392730712890625,0.22597503662109375,-15.226761817932129,N,1.225,12.933382987976074,-0.37027817964553833,-1.8223810195922852,11.244501113891602,-0.11062366515398026,-0.4584563970565796,m/s,-0.051996275782585144,2.477271556854248,-0.5005559325218201,-0.4079618580026881
0.006,1,blade_0,blade_0_RotorFlow_OpenVSP_Blade_0,RotorFlow_OpenVSP_Blade_0_segment_6,blade_0_RotorFlow_OpenVSP_Blade_0:RotorFlow_OpenVSP_Blade_0_segment_6:orig:0,orig,0,2.468770742416382,2.468770742416382,2.348487615585327,2.590019464492798,1,0.25,0.08768495917320251,-2.0253682136535645,-46.04966735839844,circulation_proxy,23.865697860717773,-0.4810583293437958,-4.296313762664795,N,1.225,23.364524841308594,-0.5025821328163147,-3.2921853065490723,1.7863948345184326,0.19634558260440826,0.8958209753036499,m/s,-0.03976185992360115,2.477271795272827,-0.4137287139892578,-0.4079618580026881
0.006,1,blade_0,blade_0_RotorFlow_OpenVSP_Blade_0,RotorFlow_OpenVSP_Blade_0_segment_6,blade_0_RotorFlow_OpenVSP_Blade_0:RotorFlow_OpenVSP_Blade_0_segment_6:orig:0,orig,0,2.468770742416382,2.468770742416382,2.348487615585327,2.590019464492798,2,0.4166666865348816,0.08768492937088013,-1.422106385231018,-54.784278869628906,circulation_proxy,30.11275863647461,-0.4071526825428009,-4.548583507537842,N,1.225,29.701698303222656,-0.40936949849128723,-4.185125350952148,0.9218463897705078,0.19348657131195068,1.0437594652175903,m/s,-0.02752744033932686,2.4772720336914062,-0.32690146565437317,-0.4079618580026881
0.006,1,blade_0,blade_0_RotorFlow_OpenVSP_Blade_0,RotorFlow_OpenVSP_Blade_0_segment_6,blade_0_RotorFlow_OpenVSP_Blade_0:RotorFlow_OpenVSP_Blade_0_segment_6:orig:0,orig,0,2.468770742416382,2.468770742416382,2.348487615585327,2.590019464492798,3,0.5833333730697632,0.08768495917320251,-1.0797593593597412,-61.59634017944336,circulation_proxy,34.72629928588867,-0.20520730316638947,-5.053321361541748,N,1.225,34.39677429199219,-0.20599479973316193,-4.846687316894531,0.689204216003418,0.16564038395881653,1.0997216701507568,m/s,-0.015293022617697716,2.4772722721099854,-0.24007420241832733,-0.4079618580026881
0.006,1,blade_0,blade_0_RotorFlow_OpenVSP_Blade_0,RotorFlow_OpenVSP_Blade_0_segment_6,blade_0_RotorFlow_OpenVSP_Blade_0:RotorFlow_OpenVSP_Blade_0_segment_6:orig:0,orig,0,2.468770742416382,2.468770742416382,2.348487615585327,2.590019464492798,4,0.75,0.08768495917320251,-0.8080970048904419,-66.67048645019531,circulation_proxy,38.17851638793945,0.0706990510225296,-5.489328384399414,N,1.225,37.92616271972656,0.06918081641197205,-5.343997001647949,0.6462550163269043,0.12887541949748993,1.1234971284866333,m/s,-0.0030586044304072857,2.4772722721099854,-0.15324696898460388,-0.4079618580026881
0.006,1,blade_0,blade_0_RotorFlow_OpenVSP_Blade_0,RotorFlow_OpenVSP_Blade_0_segment_6,blade_0_RotorFlow_OpenVSP_Blade_0:RotorFlow_OpenVSP_Blade_0_segment_6:orig:0,orig,0,2.468770742416382,2.468770742416382,2.348487615585327,2.590019464492798,5,0.9166666865348816,0.08768495172262192,-0.5196611285209656,-69.75628662109375,circulation_proxy,40.47199249267578,0.39053162932395935,-5.790862083435059,N,1.225,40.31034851074219,0.3886685073375702,-5.679943084716797,0.7660789489746094,0.0873136818408966,1.1178900003433228,m/s,0.009175813756883144,2.4772725105285645,-0.06641972810029984,-0.4079618580026881
0.006,1,blade_0,blade_0_RotorFlow_OpenVSP_Blade_0,RotorFlow_OpenVSP_Blade_0_segment_7,blade_0_RotorFlow_OpenVSP_Blade_0:RotorFlow_OpenVSP_Blade_0_segment_7:orig:0,orig,0,2.696086883544922,2.696086883544922,2.5759482383728027,2.8171865940093994,0,0.08333341032266617,0.08579239994287491,-4.256422996520996,-35.89117431640625,circulation_proxy,12.147714614868164,0.31747815012931824,-15.068309783935547,N,1.225,12.61475944519043,-0.2971874177455902,-1.5388959646224976,11.4138822555542,-0.09822728484869003,-0.3984781503677368,m/s,-0.04415300115942955,2.7045443058013916,-0.4906340539455414,-0.317270361775704
0.006,1,blade_0,blade_0_RotorFlow_OpenVSP_Blade_0,RotorFlow_OpenVSP_Blade_0_segment_7,blade_0_RotorFlow_OpenVSP_Blade_0:RotorFlow_OpenVSP_Blade_0_segment_7:orig:0,orig,0,2.696086883544922,2.696086883544922,2.5759482383728027,2.8171865940093994,1,0.25000011920928955,0.08579234033823013,-2.013700485229492,-45.935325622558594,circulation_proxy,23.23047637939453,-0.37686264514923096,-3.776240587234497,N,1.225,22.78769302368164,-0.4029504358768463,-2.7799105644226074,1.7809979915618896,0.16013094782829285,0.7956928610801697,m/s,-0.0337640605866909,2.7045445442199707,-0.4054730534553528,-0.317270361775704
0.006,1,blade_0,blade_0_RotorFlow_OpenVSP_Blade_0,RotorFlow_OpenVSP_Blade_0_segment_7,blade_0_RotorFlow_OpenVSP_Blade_0:RotorFlow_OpenVSP_Blade_0_segment_7:orig:0,orig,0,2.696086883544922,2.696086883544922,2.5759482383728027,2.8171865940093994,2,0.416666716337204,0.08579234033823013,-1.4119341373443604,-54.55972671508789,circulation_proxy,29.323579788208008,-0.3230494260787964,-3.886277675628662,N,1.225,28.961570739746094,-0.3274022340774536,-3.5330727100372314,0.9011631011962891,0.15889360010623932,0.925582230091095,m/s,-0.023375118151307106,2.70454478263855,-0.3203120529651642,-0.317270361775704
0.006,1,blade_0,blade_0_RotorFlow_OpenVSP_Blade_0,RotorFlow_OpenVSP_Blade_0_segment_7,blade_0_RotorFlow_OpenVSP_Blade_0:RotorFlow_OpenVSP_Blade_0_segment_7:orig:0,orig,0,2.696086883544922,2.696086883544922,2.5759482383728027,2.8171865940093994,3,0.5833333730697632,0.08579234033823013,-1.0693168640136719,-61.27571105957031,circulation_proxy,33.8148193359375,-0.1616957038640976,-4.287086486816406,N,1.225,33.525550842285156,-0.16333739459514618,-4.089840888977051,0.6638126373291016,0.13691933453083038,0.9746412634849548,m/s,-0.012986177578568459,2.704545021057129,-0.23515106737613678,-0.317270361775704
0.006,1,blade_0,blade_0_RotorFlow_OpenVSP_Blade_0,RotorFlow_OpenVSP_Blade_0_segment_7,blade_0_RotorFlow_OpenVSP_Blade_0:RotorFlow_OpenVSP_Blade_0_segment_7:orig:0,orig,0,2.696086883544922,2.696086883544922,2.5759482383728027,2.8171865940093994,4,0.75,0.08579235523939133,-0.7974502444267273,-66.25753784179688,circulation_proxy,37.16604995727539,0.05980333313345909,-4.644247055053711,N,1.225,36.945335388183594,0.05823895335197449,-4.507026672363281,0.6182594299316406,0.1076568216085434,0.9956823587417603,m/s,-0.0025972353760153055,2.704545021057129,-0.14999006688594818,-0.317270361775704
0.006,1,blade_0,blade_0_RotorFlow_OpenVSP_Blade_0,RotorFlow_OpenVSP_Blade_0_segment_7,blade_0_RotorFlow_OpenVSP_Blade_0:RotorFlow_OpenVSP_Blade_0_segment_7:orig:0,orig,0,2.696086883544922,2.696086883544922,2.5759482383728027,2.8171865940093994,5,0.9166666865348816,0.08579234778881073,-0.5104783773422241,-69.26251220703125,circulation_proxy,39.386905670166016,0.31660211086273193,-4.892278671264648,N,1.225,39.24603271484375,0.31510236859321594,-4.787693977355957,0.7354683876037598,0.0744958370923996,0.9917352199554443,m/s,0.00779170636087656,2.704545259475708,-0.06482905894517899,-0.317270361775704
0.006,1,blade_0,blade_0_RotorFlow_OpenVSP_Blade_0,RotorFlow_OpenVSP_Blade_0_segment_8,blade_0_RotorFlow_OpenVSP_Blade_0:RotorFlow_OpenVSP_Blade_0_segment_8:orig:0,orig,0,2.9234158992767334,2.9234158992767334,2.803420305252075,3.0443615913391113,0,0.08333331346511841,0.08389929682016373,-4.216170787811279,-35.86870574951172,circulation_proxy,11.84481143951416,0.38460659980773926,-14.860800743103027,N,1.225,12.241785049438477,-0.24043935537338257,-1.2973172664642334,11.552692413330078,-0.08678485453128815,-0.3421213626861572,m/s,-0.037577152252197266,2.931817054748535,-0.48044586181640625,-0.22657372901495587
0.006,1,blade_0,blade_0_RotorFlow_OpenVSP_Blade_0,RotorFlow_OpenVSP_Blade_0_segment_8,blade_0_RotorFlow_OpenVSP_Blade_0:RotorFlow_OpenVSP_Blade_0_segment_8:orig:0,orig,0,2.9234158992767334,2.9234158992767334,2.803420305252075,3.0443615913391113,1,0.2500000596046448,0.08389929682016373,-1.993661880493164,-45.64237594604492,circulation_proxy,22.502899169921875,-0.29654866456985474,-3.329500436782837,N,1.225,22.111042022705078,-0.32568928599357605,-2.343207597732544,1.7796132564544678,0.1324326992034912,0.7109569907188416,m/s,-0.028735468164086342,2.9318172931671143,-0.397013783454895,-0.22657372901495587
0.006,1,blade_0,blade_0_RotorFlow_OpenVSP_Blade_0,RotorFlow_OpenVSP_Blade_0_segment_8,blade_0_RotorFlow_OpenVSP_Blade_0:RotorFlow_OpenVSP_Blade_0_segment_8:orig:0,orig,0,2.9234158992767334,2.9234158992767334,2.803420305252075,3.0443615913391113,2,0.4166666567325592,0.08389926701784134,-1.3958159685134888,-54.11859893798828,circulation_proxy,28.412628173828125,-0.25824064016342163,-3.3212766647338867,N,1.225,28.093387603759766,-0.26404404640197754,-2.9771859645843506,0.8872957229614258,0.1320957988500595,0.8254456520080566,m/s,-0.019893785938620567,2.9318175315856934,-0.3135816752910614,-0.22657372901495587
0.006,1,blade_0,blade_0_RotorFlow_OpenVSP_Blade_0,RotorFlow_OpenVSP_Blade_0_segment_8,blade_0_RotorFlow_OpenVSP_Blade_0:RotorFlow_OpenVSP_Blade_0_segment_8:orig:0,orig,0,2.9234158992767334,2.9234158992767334,2.803420305252075,3.0443615913391113,3,0.5833333134651184,0.08389929682016373,-1.054612159729004,-60.7111930847168,circulation_proxy,32.76077651977539,-0.12853604555130005,-3.6342077255249023,N,1.225,32.50642776489258,-0.13074952363967896,-3.444854736328125,0.6457953453063965,0.11434406787157059,0.8688004016876221,m/s,-0.011052103713154793,2.9318177700042725,-0.23014958202838898,-0.22657372901495587
0.006,1,blade_0,blade_0_RotorFlow_OpenVSP_Blade_0,RotorFlow_OpenVSP_Blade_0_segment_8,blade_0_RotorFlow_OpenVSP_Blade_0:RotorFlow_OpenVSP_Blade_0_segment_8:orig:0,orig,0,2.9234158992767334,2.9234158992767334,2.803420305252075,3.0443615913391113,4,0.75,0.08389928191900253,-0.7840676307678223,-65.58381652832031,circulation_proxy,35.99723434448242,0.05053935572504997,-3.924720525741577,N,1.225,35.8037109375,0.04895881190896034,-3.794283866882324,0.5976743698120117,0.09056147933006287,0.8878447413444519,m/s,-0.0022104205563664436,2.9318177700042725,-0.14671747386455536,-0.22657372901495587
0.006,1,blade_0,blade_0_RotorFlow_OpenVSP_Blade_0,RotorFlow_OpenVSP_Blade_0_segment_8,blade_0_RotorFlow_OpenVSP_Blade_0:RotorFlow_OpenVSP_Blade_0_segment_8:orig:0,orig,0,2.9234158992767334,2.9234158992767334,2.803420305252075,3.0443615913391113,5,0.9166666269302368,0.08389928936958313,-0.5000677704811096,-68.50146484375,circulation_proxy,38.13764953613281,0.2582433521747589,-4.127749443054199,N,1.225,38.01451110839844,0.25700289011001587,-4.028573036193848,0.7120575904846191,0.06361812353134155,0.8848983645439148,m/s,0.006631262134760618,2.9318180084228516,-0.06328538060188293,-0.22657372901495587
0.006,1,blade_0,blade_0_RotorFlow_OpenVSP_Blade_0,RotorFlow_OpenVSP_Blade_0_segment_9,blade_0_RotorFlow_OpenVSP_Blade_0:RotorFlow_OpenVSP_Blade_0_segment_9:orig:0,orig,0,3.150753974914551,3.150753974914551,3.0308995246887207,3.271540880203247,0,0.083333320915699,0.08200593292713165,-4.164648532867432,-35.75791931152344,circulation_proxy,11.503213882446289,0.4338989555835724,-14.625711441040039,N,1.225,11.835251808166504,-0.19598999619483948,-1.0916266441345215,11.670860290527344,-0.07665032148361206,-0.2898941934108734,m/s,-0.03201044350862503,3.1590898036956787,-0.4700712561607361,-0.13587348165637375
0.006,1,blade_0,blade_0_RotorFlow_OpenVSP_Blade_0,RotorFlow_OpenVSP_Blade_0_segment_9,blade_0_RotorFlow_OpenVSP_Blade_0:RotorFlow_OpenVSP_Blade_0_segment_9:orig:0,orig,0,3.150753974914551,3.150753974914551,3.0308995246887207,3.271540880203247,1,0.2500000298023224,0.08200599253177643,-1.967960000038147,-45.22798156738281,circulation_proxy,21.72036361694336,-0.23408545553684235,-2.9462006092071533,N,1.225,21.372961044311523,-0.2652541697025299,-1.9713395833969116,1.7811830043792725,0.11084035784006119,0.6382889747619629,m/s,-0.024478575214743614,3.159090042114258,-0.3884119391441345,-0.13587348165637375
0.006,1,blade_0,blade_0_RotorFlow_OpenVSP_Blade_0,RotorFlow_OpenVSP_Blade_0_segment_9,blade_0_RotorFlow_OpenVSP_Blade_0:RotorFlow_OpenVSP_Blade_0_segment_9:orig:0,orig,0,3.150753974914551,3.150753974914551,3.0308995246887207,3.271540880203247,2,0.416666716337204,0.08200590312480927,-1.3757166862487793,-53.53044128417969,circulation_proxy,27.428667068481445,-0.2078559249639511,-2.839768409729004,N,1.225,27.146738052368164,-0.21464833617210388,-2.5038864612579346,0.8782720565795898,0.11100424826145172,0.7394411563873291,m/s,-0.01694670505821705,3.159090280532837,-0.30675259232521057,-0.13587348165637375
0.006,1,blade_0,blade_0_RotorFlow_OpenVSP_Blade_0,RotorFlow_OpenVSP_Blade_0_segment_9,blade_0_RotorFlow_OpenVSP_Blade_0:RotorFlow_OpenVSP_Blade_0_segment_9:orig:0,orig,0,3.150753974914551,3.150753974914551,3.0308995246887207,3.271540880203247,3,0.5833333134651184,0.08200594782829285,-1.0370793342590332,-59.98147964477539,circulation_proxy,31.621122360229492,-0.10304263234138489,-3.07851505279541,N,1.225,31.397132873535156,-0.10563986003398895,-2.8959226608276367,0.6330313682556152,0.09639248996973038,0.7779250144958496,m/s,-0.009414836764335632,3.159090518951416,-0.225093275308609,-0.13587348165637375
0.006,1,blade_0,blade_0_RotorFlow_OpenVSP_Blade_0,RotorFlow_OpenVSP_Blade_0_segment_9,blade_0_RotorFlow_OpenVSP_Blade_0:RotorFlow_OpenVSP_Blade_0_segment_9:orig:0,orig,0,3.150753974914551,3.150753974914551,3.0308995246887207,3.271540880203247,4,0.7499999403953552,0.08200594782829285,-0.7688827514648438,-64.73371887207031,circulation_proxy,34.734519958496094,0.042669739574193954,-3.312703847885132,N,1.225,34.5645751953125,0.041091691702604294,-3.1880719661712646,0.5823192596435547,0.07674144953489304,0.7949997186660767,m/s,-0.0018829673063009977,3.159090757369995,-0.14343394339084625,-0.13587348165637375
0.006,1,blade_0,blade_0_RotorFlow_OpenVSP_Blade_0,RotorFlow_OpenVSP_Blade_0_segment_9,blade_0_RotorFlow_OpenVSP_Blade_0:RotorFlow_OpenVSP_Blade_0_segment_9:orig:0,orig,0,3.150753974914551,3.150753974914551,3.0308995246887207,3.271540880203247,5,0.9166666269302368,0.08200594037771225,-0.4888366758823395,-67.55970764160156,circulation_proxy,36.78999710083008,0.21180206537246704,-3.4778454303741455,N,1.225,36.68211364746094,0.21075116097927094,-3.383384943008423,0.6938533782958984,0.0545029491186142,0.7930583357810974,m/s,0.0056489016860723495,3.159090757369995,-0.0617746077477932,-0.13587348165637375
0.006,1,blade_0,blade_0_RotorFlow_OpenVSP_Blade_0,RotorFlow_OpenVSP_Blade_0_segment_10,blade_0_RotorFlow_OpenVSP_Blade_0:RotorFlow_OpenVSP_Blade_0_segment_10:orig:0,orig,0,3.37809681892395,3.37809681892395,3.2583837509155273,3.498723268508911,0,0.0833333432674408,0.08011240512132645,-4.105082035064697,-35.58458709716797,circulation_proxy,11.135198593139648,0.4699568748474121,-14.374842643737793,N,1.225,11.408241271972656,-0.16085021197795868,-0.9163064956665039,11.774547576904297,-0.06787042319774628,-0.24205993115901947,m/s,-0.027259306982159615,3.3863625526428223,-0.45956355333328247,-0.04517133187787905
0.006,1,blade_0,blade_0_RotorFlow_OpenVSP_Blade_0,RotorFlow_OpenVSP_Blade_0_segment_10,blade_0_RotorFlow_OpenVSP_Blade_0:RotorFlow_OpenVSP_Blade_0_segment_10:orig:0,orig,0,3.37809681892395,3.37809681892395,3.2583837509155273,3.498723268508911,1,0.2499999701976776,0.08011243492364883,-1.9382410049438477,-44.727237701416016,circulation_proxy,20.905906677246094,-0.18505701422691345,-2.6168034076690674,N,1.225,20.59746742248535,-0.21754327416419983,-1.6543829441070557,1.7848844528198242,0.09368770569562912,0.5751889944076538,m/s,-0.020845351740717888,3.3863627910614014,-0.37970829010009766,-0.04517133187787905
0.006,1,blade_0,blade_0_RotorFlow_OpenVSP_Blade_0,RotorFlow_OpenVSP_Blade_0_segment_10,blade_0_RotorFlow_OpenVSP_Blade_0:RotorFlow_OpenVSP_Blade_0_segment_10:orig:0,orig,0,3.37809681892395,3.37809681892395,3.2583837509155273,3.498723268508911,2,0.4166666567325592,0.08011243492364883,-1.3528293371200562,-52.83796691894531,circulation_proxy,26.40179443359375,-0.168317049741745,-2.428917169570923,N,1.225,26.152538299560547,-0.175781711935997,-2.100565195083618,0.8727540969848633,0.09413344413042068,0.6646594405174255,m/s,-0.01443139836192131,3.3863630294799805,-0.29985305666923523,-0.04517133187787905
0.006,1,blade_0,blade_0_RotorFlow_OpenVSP_Blade_0,RotorFlow_OpenVSP_Blade_0_segment_10,blade_0_RotorFlow_OpenVSP_Blade_0:RotorFlow_OpenVSP_Blade_0_segment_10:orig:0,orig,0,3.37809681892395,3.37809681892395,3.2583837509155273,3.498723268508911,3,0.5833333134651184,0.08011240512132645,-1.0175952911376953,-59.13494110107422,circulation_proxy,30.431203842163086,-0.08326021581888199,-2.6050374507904053,N,1.225,30.233692169189453,-0.08611315488815308,-2.428363084793091,0.6240777969360352,0.08193010836839676,0.6990031599998474,m/s,-0.008017443120479584,3.3863632678985596,-0.2199978232383728,-0.04517133187787905
0.006,1,blade_0,blade_0_RotorFlow_OpenVSP_Blade_0,RotorFlow_OpenVSP_Blade_0_segment_10,blade_0_RotorFlow_OpenVSP_Blade_0:RotorFlow_OpenVSP_Blade_0_segment_10:orig:0,orig,0,3.37809681892395,3.37809681892395,3.2583837509155273,3.498723268508911,4,0.75,0.08011243492364883,-0.7524715065956116,-63.759159088134766,circulation_proxy,33.41697311401367,0.03597637265920639,-2.791611909866333,N,1.225,33.26750564575195,0.03441261872649193,-2.6720378398895264,0.5708475112915039,0.0654786080121994,0.714407205581665,m/s,-0.0016034886939451098,3.3863635063171387,-0.140142560005188,-0.04517133187787905
0.006,1,blade_0,blade_0_RotorFlow_OpenVSP_Blade_0,RotorFlow_OpenVSP_Blade_0_segment_10,blade_0_RotorFlow_OpenVSP_Blade_0:RotorFlow_OpenVSP_Blade_0_segment_10:orig:0,orig,0,3.37809681892395,3.37809681892395,3.2583837509155273,3.498723268508911,5,0.9166666865348816,0.08011242002248764,-0.47705385088920593,-66.49056243896484,circulation_proxy,35.385009765625,0.17452770471572876,-2.9247782230377197,N,1.225,35.290313720703125,0.17361846566200256,-2.834510326385498,0.6794853210449219,0.04689691588282585,0.7132924795150757,m/s,0.004810465965420008,3.3863635063171387,-0.060287315398454666,-0.04517133187787905
0.006,1,blade_0,blade_0_RotorFlow_OpenVSP_Blade_0,RotorFlow_OpenVSP_Blade_0_segment_11,blade_0_RotorFlow_OpenVSP_Blade_0:RotorFlow_OpenVSP_Blade_0_segment_11:orig:0,orig,0,3.6054437160491943,3.6054437160491943,3.4858717918395996,3.7259085178375244,0,0.083333320915699,0.07821878790855408,-4.039422988891602,-35.36423110961914,circulation_proxy,10.74920654296875,0.496021032333374,-14.114232063293457,N,1.225,10.968968391418457,-0.13281579315662384,-0.7665908336639404,11.867656707763672,-0.06037047877907753,-0.19823922216892242,m/s,-0.02317609265446663,3.6136350631713867,-0.4489593207836151,0.045532434957541376
0.006,1,blade_0,blade_0_RotorFlow_OpenVSP_Blade_0,RotorFlow_OpenVSP_Blade_0_segment_11,blade_0_RotorFlow_OpenVSP_Blade_0:RotorFlow_OpenVSP_Blade_0_segment_11:orig:0,orig,0,3.6054437160491943,3.6054437160491943,3.4858717918395996,3.7259085178375244,1,0.25000008940696716,0.07821879535913467,-1.9055184125900269,-44.16146469116211,circulation_proxy,20.07384490966797,-0.14623188972473145,-2.3329782485961914,N,1.225,19.799686431884766,-0.17953407764434814,-1.3837462663650513,1.7902848720550537,0.07981642335653305,0.5198717713356018,m/s,-0.017722895368933678,3.613635301589966,-0.37093088030815125,0.045532434957541376
0.006,1,blade_0,blade_0_RotorFlow_OpenVSP_Blade_0,RotorFlow_OpenVSP_Blade_0_segment_11,blade_0_RotorFlow_OpenVSP_Blade_0:RotorFlow_OpenVSP_Blade_0_segment_11:orig:0,orig,0,3.6054437160491943,3.6054437160491943,3.4858717918395996,3.7259085178375244,2,0.416666716337204,0.07821876555681229,-1.3278812170028687,-52.06709671020508,circulation_proxy,25.35086441040039,-0.13700497150421143,-2.0776286125183105,N,1.225,25.13031578063965,-0.1449202597141266,-1.7562897205352783,0.8699097633361816,0.08042143285274506,0.5990368127822876,m/s,-0.012269696220755577,3.613635540008545,-0.292902410030365,0.045532434957541376
0.006,1,blade_0,blade_0_RotorFlow_OpenVSP_Blade_0,RotorFlow_OpenVSP_Blade_0_segment_11,blade_0_RotorFlow_OpenVSP_Blade_0:RotorFlow_OpenVSP_Blade_0_segment_11:orig:0,orig,0,3.6054437160491943,3.6054437160491943,3.4858717918395996,3.7259085178375244,3,0.5833333134651184,0.07821876555681229,-0.9967003464698792,-58.20089340209961,circulation_proxy,29.21308135986328,-0.0677666887640953,-2.200843095779419,N,1.225,29.038787841796875,-0.07078704982995987,-2.029442548751831,0.6180238723754883,0.07012099027633667,0.6296912431716919,m/s,-0.006816498003900051,3.613635778427124,-0.21487396955490112,0.045532434957541376
0.006,1,blade_0,blade_0_RotorFlow_OpenVSP_Blade_0,RotorFlow_OpenVSP_Blade_0_segment_11,blade_0_RotorFlow_OpenVSP_Blade_0:RotorFlow_OpenVSP_Blade_0_segment_11:orig:0,orig,0,3.6054437160491943,3.6054437160491943,3.4858717918395996,3.7259085178375244,4,0.75,0.07821879535913467,-0.7351986169815063,-62.691776275634766,circulation_proxy,32.0689697265625,0.03027276135981083,-2.3470983505249023,N,1.225,31.937379837036133,0.028730841353535652,-2.2320170402526855,0.562288761138916,0.05621038004755974,0.643701434135437,m/s,-0.0013632995542138815,3.613636016845703,-0.13684551417827606,0.045532434957541376
0.006,1,blade_0,blade_0_RotorFlow_OpenVSP_Blade_0,RotorFlow_OpenVSP_Blade_0_segment_11,blade_0_RotorFlow_OpenVSP_Blade_0:RotorFlow_OpenVSP_Blade_0_segment_11:orig:0,orig,0,3.6054437160491943,3.6054437160491943,3.4858717918395996,3.7259085178375244,5,0.9166666865348816,0.07821877300739288,-0.4648934602737427,-65.3266830444336,circulation_proxy,33.94846725463867,0.14436113834381104,-2.453225612640381,N,1.225,33.865257263183594,0.14356015622615814,-2.3667521476745605,0.6679878234863281,0.04053882881999016,0.6431643962860107,m/s,0.004089898895472288,3.613636016845703,-0.0588170625269413,0.045532434957541376
0.006,1,blade_0,blade_0_RotorFlow_OpenVSP_Blade_0,RotorFlow_OpenVSP_Blade_0_segment_12,blade_0_RotorFlow_OpenVSP_Blade_0:RotorFlow_OpenVSP_Blade_0_segment_12:orig:0,orig,0,3.8327932357788086,3.8327932357788086,3.713362216949463,3.953094720840454,0,0.0833333283662796,0.07632507383823395,-3.968813419342041,-35.105777740478516,circulation_proxy,10.350512504577637,0.5143478512763977,-13.845706939697266,N,1.225,10.522607803344727,-0.11025476455688477,-0.6384806632995605,11.951949119567871,-0.05404360592365265,-0.1582944393157959,m/s,-0.019646381959319115,3.8409078121185303,-0.4382840096950531,0.13623724812391375
0.006,1,blade_0,blade_0_RotorFlow_OpenVSP_Blade_0,RotorFlow_OpenVSP_Blade_0_segment_12,blade_0_RotorFlow_OpenVSP_Blade_0:RotorFlow_OpenVSP_Blade_0_segment_12:orig:0,orig,0,3.8327932357788086,3.8327932357788086,3.713362216949463,3.953094720840454,1,0.2500000596046448,0.07632504403591156,-1.8703742027282715,-43.54296875,circulation_proxy,19.23297119140625,-0.11524306982755661,-2.0873708724975586,N,1.225,18.989107131958008,-0.14898917078971863,-1.1522027254104614,1.7966361045837402,0.06837195158004761,0.4709759056568146,m/s,-0.015023703686892986,3.8409080505371094,-0.3620990812778473,0.13623724812391375
0.006,1,blade_0,blade_0_RotorFlow_OpenVSP_Blade_0,RotorFlow_OpenVSP_Blade_0_segment_12,blade_0_RotorFlow_OpenVSP_Blade_0:RotorFlow_OpenVSP_Blade_0_segment_12:orig:0,orig,0,3.8327932357788086,3.8327932357788086,3.713362216949463,3.953094720840454,2,0.416666716337204,0.07632504403591156,-1.301304817199707,-51.23295593261719,circulation_proxy,24.28748321533203,-0.1119946762919426,-1.7764252424240112,N,1.225,24.092266082763672,-0.12019897997379303,-1.4618477821350098,0.8688182830810547,0.06909342855215073,0.5409619808197021,m/s,-0.010401026345789433,3.8409082889556885,-0.2859141528606415,0.13623724812391375
0.006,1,blade_0,blade_0_RotorFlow_OpenVSP_Blade_0,RotorFlow_OpenVSP_Blade_0_segment_12,blade_0_RotorFlow_OpenVSP_Blade_0:RotorFlow_OpenVSP_Blade_0_segment_12:orig:0,orig,0,3.8327932357788086,3.8327932357788086,3.713362216949463,3.953094720840454,3,0.5833333730697632,0.07632504403591156,-0.9747134447097778,-57.196533203125,circulation_proxy,27.980438232421875,-0.05552637204527855,-1.854961633682251,N,1.225,27.826610565185547,-0.058649927377700806,-1.6884371042251587,0.6139016151428223,0.0603434257209301,0.5682263374328613,m/s,-0.005778347607702017,3.8409085273742676,-0.20972922444343567,0.13623724812391375
0.006,1,blade_0,blade_0_RotorFlow_OpenVSP_Blade_0,RotorFlow_OpenVSP_Blade_0_segment_12,blade_0_RotorFlow_OpenVSP_Blade_0:RotorFlow_OpenVSP_Blade_0_segment_12:orig:0,orig,0,3.8327932357788086,3.8327932357788086,3.713362216949463,3.953094720840454,4,0.7500000596046448,0.07632504403591156,-0.7172805666923523,-61.550132751464844,circulation_proxy,30.70555877685547,0.02540045790374279,-1.967063069343567,N,1.225,30.58977699279785,0.023886002600193024,-1.856097936630249,0.5557074546813965,0.04850910231471062,0.5804928541183472,m/s,-0.001155669568106532,3.8409087657928467,-0.13354428112506866,0.13623724812391375
0.006,1,blade_0,blade_0_RotorFlow_OpenVSP_Blade_0,RotorFlow_OpenVSP_Blade_0_segment_12,blade_0_RotorFlow_OpenVSP_Blade_0:RotorFlow_OpenVSP_Blade_0_segment_12:orig:0,orig,0,3.8327932357788086,3.8327932357788086,3.713362216949463,3.953094720840454,5,0.9166666269302368,0.07632505148649216,-0.4524651765823364,-64.08719635009766,circulation_proxy,32.496498107910156,0.11975523829460144,-2.050325632095337,N,1.225,32.42332458496094,0.11903876066207886,-1.9673526287078857,0.6585812568664551,0.035198602825403214,0.5810999870300293,m/s,0.0034670087043195963,3.8409087657928467,-0.057359352707862854,0.13623724812391375
0.006,1,blade_0,blade_0_RotorFlow_OpenVSP_Blade_0,RotorFlow_OpenVSP_Blade_0_segment_13,blade_0_RotorFlow_OpenVSP_Blade_0:RotorFlow_OpenVSP_Blade_0_segment_13:orig:0,orig,0,4.060144901275635,4.060144901275635,3.940854549407959,4.180281639099121,0,0.0833333358168602,0.07443127036094666,-3.8937764167785645,-34.81291198730469,circulation_proxy,9.942719459533691,0.5265213251113892,-13.568619728088379,N,1.225,10.072145462036133,-0.0919482409954071,-0.5286468267440796,12.0281982421875,-0.04879279434680939,-0.12169773876667023,m/s,-0.016580231487751007,4.068181037902832,-0.42755576968193054,0.22694291737924677
0.006,1,blade_0,blade_0_RotorFlow_OpenVSP_Blade_0,RotorFlow_OpenVSP_Blade_0_segment_13,blade_0_RotorFlow_OpenVSP_Blade_0:RotorFlow_OpenVSP_Blade_0_segment_13:orig:0,orig,0,4.060144901275635,4.060144901275635,3.940854549407959,4.180281639099121,1,0.2500000596046448,0.07443130016326904,-1.833084225654602,-42.877254486083984,circulation_proxy,18.388168334960938,-0.09032953530550003,-1.8739206790924072,N,1.225,18.17121696472168,-0.12423848360776901,-0.9537344574928284,1.8036243915557861,0.05873234197497368,0.4274013638496399,m/s,-0.012679001316428185,4.068181037902832,-0.35322681069374084,0.22694291737924677
0.006,1,blade_0,blade_0_RotorFlow_OpenVSP_Blade_0,RotorFlow_OpenVSP_Blade_0_segment_13,blade_0_RotorFlow_OpenVSP_Blade_0:RotorFlow_OpenVSP_Blade_0_segment_13:orig:0,orig,0,4.060144901275635,4.060144901275635,3.940854549407959,4.180281639099121,2,0.4166666865348816,0.07443125545978546,-1.2732982635498047,-50.34241485595703,circulation_proxy,23.218185424804688,-0.09185545146465302,-1.5174968242645264,N,1.225,23.045469284057617,-0.10022974759340286,-1.2095645666122437,0.8690395355224609,0.05954914167523384,0.4890534579753876,m/s,-0.008777770213782787,4.06818151473999,-0.27889785170555115,0.22694291737924677
0.006,1,blade_0,blade_0_RotorFlow_OpenVSP_Blade_0,RotorFlow_OpenVSP_Blade_0_segment_13,blade_0_RotorFlow_OpenVSP_Blade_0:RotorFlow_OpenVSP_Blade_0_segment_13:orig:0,orig,0,4.060144901275635,4.060144901275635,3.940854549407959,4.180281639099121,3,0.5833333730697632,0.07443127036094666,-0.9517911076545715,-56.12977981567383,circulation_proxy,26.74114227294922,-0.04577338695526123,-1.5583431720733643,N,1.225,26.60538673400879,-0.048953428864479065,-1.3964109420776367,0.6112875938415527,0.052092619240283966,0.5134923458099365,m/s,-0.00487653911113739,4.06818151473999,-0.20456889271736145,0.22694291737924677
0.006,1,blade_0,blade_0_RotorFlow_OpenVSP_Blade_0,RotorFlow_OpenVSP_Blade_0_segment_13,blade_0_RotorFlow_OpenVSP_Blade_0:RotorFlow_OpenVSP_Blade_0_segment_13:orig:0,orig,0,4.060144901275635,4.060144901275635,3.940854549407959,4.180281639099121,4,0.7500000596046448,0.07443127036094666,-0.6988269686698914,-60.34284210205078,circulation_proxy,29.335708618164062,0.02122940868139267,-1.641506552696228,N,1.225,29.23373031616211,0.019746335223317146,-1.5343624353408813,0.5507321357727051,0.04198979213833809,0.524761438369751,m/s,-0.0009753077756613493,4.06818151473999,-0.13023993372917175,0.22694291737924677
0.006,1,blade_0,blade_0_RotorFlow_OpenVSP_Blade_0,RotorFlow_OpenVSP_Blade_0_segment_13,blade_0_RotorFlow_OpenVSP_Blade_0:RotorFlow_OpenVSP_Blade_0_segment_13:orig:0,orig,0,4.060144901275635,4.060144901275635,3.940854549407959,4.180281639099121,5,0.9166666269302368,0.07443126291036606,-0.43982815742492676,-62.781192779541016,circulation_proxy,31.03835678100586,0.09953908622264862,-1.7053909301757812,N,1.225,30.974031448364258,0.09889009594917297,-1.6257038116455078,0.650693416595459,0.030661292374134064,0.5255010724067688,m/s,0.002925923326984048,4.068181991577148,-0.05591098219156265,0.22694291737924677
0.006,1,blade_0,blade_0_RotorFlow_OpenVSP_Blade_0,RotorFlow_OpenVSP_Blade_0_segment_14,blade_0_RotorFlow_OpenVSP_Blade_0:RotorFlow_OpenVSP_Blade_0_segment_14:orig:0,orig,0,4.287497520446777,4.287497520446777,4.16834831237793,4.407469749450684,0,0.08333335071802139,0.07253746688365936,-3.8142409324645996,-34.484100341796875,circulation_proxy,9.52781867980957,0.533568263053894,-13.27906322479248,N,1.225,9.618825912475586,-0.07697489857673645,-0.4343262016773224,12.095272064208984,-0.044575706124305725,-0.08781564980745316,m/s,-0.01390602346509695,4.2954535484313965,-0.41678768396377563,0.31764896711856233
0.006,1,blade_0,blade_0_RotorFlow_OpenVSP_Blade_0,RotorFlow_OpenVSP_Blade_0_segment_14,blade_0_RotorFlow_OpenVSP_Blade_0:RotorFlow_OpenVSP_Blade_0_segment_14:orig:0,orig,0,4.287497520446777,4.287497520446777,4.16834831237793,4.407469749450684,1,0.2500000596046448,0.07253746688365936,-1.7936159372329712,-42.163082122802734,circulation_proxy,17.54120445251465,-0.07017935812473297,-1.6872572898864746,N,1.225,17.34828758239746,-0.10402072966098785,-0.7833402752876282,1.8105754852294922,0.05038633570075035,0.38830357789993286,m/s,-0.01063401810824871,4.2954535484313965,-0.3443240821361542,0.31764896711856233
0.006,1,blade_0,blade_0_RotorFlow_OpenVSP_Blade_0,RotorFlow_OpenVSP_Blade_0_segment_14,blade_0_RotorFlow_OpenVSP_Blade_0:RotorFlow_OpenVSP_Blade_0_segment_14:orig:0,orig,0,4.287497520446777,4.287497520446777,4.16834831237793,4.407469749450684,2,0.41666674613952637,0.07253743708133698,-1.2438530921936035,-49.394187927246094,circulation_proxy,22.145414352416992,-0.07551483809947968,-1.2942227125167847,N,1.225,21.992774963378906,-0.0839654803276062,-0.9930565357208252,0.8699655532836914,0.05131293833255768,0.4423646926879883,m/s,-0.007362012751400471,4.295454025268555,-0.2718604505062103,0.31764896711856233
0.006,1,blade_0,blade_0_RotorFlow_OpenVSP_Blade_0,RotorFlow_OpenVSP_Blade_0_segment_14,blade_0_RotorFlow_OpenVSP_Blade_0:RotorFlow_OpenVSP_Blade_0_segment_14:orig:0,orig,0,4.287497520446777,4.287497520446777,4.16834831237793,4.407469749450684,3,0.5833333134651184,0.07253743708133698,-0.9279320240020752,-54.99959945678711,circulation_proxy,25.498125076293945,-0.037938572466373444,-1.3033703565597534,N,1.225,25.378440856933594,-0.04113855957984924,-1.1459323167800903,0.6095552444458008,0.044980935752391815,0.46430039405822754,m/s,-0.0040900069288909435,4.295454025268555,-0.19939686357975006,0.31764896711856233
0.006,1,blade_0,blade_0_RotorFlow_OpenVSP_Blade_0,RotorFlow_OpenVSP_Blade_0_segment_14,blade_0_RotorFlow_OpenVSP_Blade_0:RotorFlow_OpenVSP_Blade_0_segment_14:orig:0,orig,0,4.287497520446777,4.287497520446777,4.16834831237793,4.407469749450684,4,0.7500000596046448,0.07253745198249817,-0.6798507571220398,-59.069190979003906,circulation_proxy,27.962553024291992,0.017650742083787918,-1.3620322942733765,N,1.225,27.872922897338867,0.016202794387936592,-1.2585678100585938,0.5466537475585938,0.036383483558893204,0.47406435012817383,m/s,-0.0008180013974197209,4.295454025268555,-0.1269332617521286,0.31764896711856233
0.006,1,blade_0,blade_0_RotorFlow_OpenVSP_Blade_0,RotorFlow_OpenVSP_Blade_0_segment_14,blade_0_RotorFlow_OpenVSP_Blade_0:RotorFlow_OpenVSP_Blade_0_segment_14:orig:0,orig,0,4.287497520446777,4.287497520446777,4.16834831237793,4.407469749450684,5,0.9166666269302368,0.07253744453191757,-0.4270005226135254,-61.40803909301758,circulation_proxy,29.577747344970703,0.08281603455543518,-1.4095418453216553,N,1.225,29.521228790283203,0.08222214877605438,-1.3329949378967285,0.6438431739807129,0.026753826066851616,0.4755846858024597,m/s,0.0024540042504668236,4.295454502105713,-0.05446963757276535,0.31764896711856233
0.006,1,blade_0,blade_0_RotorFlow_OpenVSP_Blade_0,RotorFlow_OpenVSP_Blade_0_segment_15,blade_0_RotorFlow_OpenVSP_Blade_0:RotorFlow_OpenVSP_Blade_0_segment_15:orig:0,orig,0,4.514852046966553,4.514852046966553,4.395843505859375,4.634658336639404,0,0.08333339542150497,0.07064361870288849,-3.7293262481689453,-34.110198974609375,circulation_proxy,9.105271339416504,0.5360172390937805,-12.968307495117188,N,1.225,9.161651611328125,-0.06462759524583817,-0.3531993329524994,12.149638175964355,-0.041456300765275955,-0.05627412721514702,m/s,-0.011566058732569218,4.522726535797119,-0.405989408493042,0.4083557778258429
0.006,1,blade_0,blade_0_RotorFlow_OpenVSP_Blade_0,RotorFlow_OpenVSP_Blade_0_segment_15,blade_0_RotorFlow_OpenVSP_Blade_0:RotorFlow_OpenVSP_Blade_0_segment_15:orig:0,orig,0,4.514852046966553,4.514852046966553,4.395843505859375,4.634658336639404,1,0.2500000596046448,0.0706435889005661,-1.751547932624817,-41.39006423950195,circulation_proxy,16.689760208129883,-0.053803376853466034,-1.5225532054901123,N,1.225,16.518468856811523,-0.08736871182918549,-0.6368182897567749,1.8166613578796387,0.04283447563648224,0.35294485092163086,m/s,-0.008844633586704731,4.522726535797119,-0.33539825677871704,0.4083557778258429
0.006,1,blade_0,blade_0_RotorFlow_OpenVSP_Blade_0,RotorFlow_OpenVSP_Blade_0_segment_15,blade_0_RotorFlow_OpenVSP_Blade_0:RotorFlow_OpenVSP_Blade_0_segment_15:orig:0,orig,0,4.514852046966553,4.514852046966553,4.395843505859375,4.634658336639404,2,0.416666716337204,0.0706435889005661,-1.2126832008361816,-48.37664794921875,circulation_proxy,21.066619873046875,-0.06215888634324074,-1.1009505987167358,N,1.225,20.931922912597656,-0.0706058219075203,-0.8069663047790527,0.870974063873291,0.04391142725944519,0.40032124519348145,m/s,-0.00612320750951767,4.522727012634277,-0.2648071050643921,0.4083557778258429
0.006,1,blade_0,blade_0_RotorFlow_OpenVSP_Blade_0,RotorFlow_OpenVSP_Blade_0_segment_15,blade_0_RotorFlow_OpenVSP_Blade_0:RotorFlow_OpenVSP_Blade_0_segment_15:orig:0,orig,0,4.514852046966553,4.514852046966553,4.395843505859375,4.634658336639404,3,0.5833333730697632,0.0706435889005661,-0.9029490947723389,-53.793216705322266,circulation_proxy,24.248451232910156,-0.031592320650815964,-1.0836033821105957,N,1.225,24.14320182800293,-0.034781258553266525,-0.9307669997215271,0.6080770492553711,0.038626790046691895,0.419548898935318,m/s,-0.0034017818979918957,4.522727012634277,-0.19421593844890594,0.4083557778258429
0.006,1,blade_0,blade_0_RotorFlow_OpenVSP_Blade_0,RotorFlow_OpenVSP_Blade_0_segment_15,blade_0_RotorFlow_OpenVSP_Blade_0:RotorFlow_OpenVSP_Blade_0_segment_15:orig:0,orig,0,4.514852046966553,4.514852046966553,4.395843505859375,4.634658336639404,4,0.7500000596046448,0.0706436038017273,-0.6602455973625183,-57.715850830078125,circulation_proxy,26.583438873291016,0.014573181979358196,-1.1216235160827637,N,1.225,26.504606246948242,0.013164341449737549,-1.021803855895996,0.5430521965026855,0.03137737885117531,0.4293197691440582,m/s,-0.0006803564028814435,4.522727012634277,-0.123624786734581,0.4083557778258429
0.006,1,blade_0,blade_0_RotorFlow_OpenVSP_Blade_0,RotorFlow_OpenVSP_Blade_0_segment_15,blade_0_RotorFlow_OpenVSP_Blade_0:RotorFlow_OpenVSP_Blade_0_segment_15:orig:0,orig,0,4.514852046966553,4.514852046966553,4.395843505859375,4.634658336639404,5,0.9166666269302368,0.0706435814499855,-0.41394704580307007,-59.95454788208008,circulation_proxy,28.11179542541504,0.06888967007398605,-1.15532386302948,N,1.225,28.062191009521484,0.06834199279546738,-1.0818517208099365,0.6374821662902832,0.023301424458622932,0.43057122826576233,m/s,0.0020410690922290087,4.5227274894714355,-0.053033627569675446,0.4083557778258429
0.006,1,blade_0,blade_0_RotorFlow_OpenVSP_Blade_0,RotorFlow_OpenVSP_Blade_0_segment_16,blade_0_RotorFlow_OpenVSP_Blade_0:RotorFlow_OpenVSP_Blade_0_segment_16:orig:0,orig,0,4.74220609664917,4.74220609664917,4.62333869934082,4.861847400665283,0,0.08333337306976318,0.06874972581863403,-3.636798858642578,-33.669097900390625,circulation_proxy,8.670845031738281,0.5337728261947632,-12.619270324707031,N,1.225,8.696685791015625,-0.0543515682220459,-0.2833075523376465,12.183103561401367,-0.03946816176176071,-0.027401912957429886,m/s,-0.009513357654213905,4.749999046325684,-0.3951680660247803,0.4990623982911323
0.006,1,blade_0,blade_0_RotorFlow_OpenVSP_Blade_0,RotorFlow_OpenVSP_Blade_0_segment_16,blade_0_RotorFlow_OpenVSP_Blade_0:RotorFlow_OpenVSP_Blade_0_segment_16:orig:0,orig,0,4.74220609664917,4.74220609664917,4.62333869934082,4.861847400665283,1,0.2499999850988388,0.06874972581863403,-1.7057576179504395,-40.531856536865234,circulation_proxy,15.826131820678711,-0.040458858013153076,-1.3750200271606445,N,1.225,15.674562454223633,-0.07352401316165924,-0.5106216073036194,1.8204035758972168,0.03565596789121628,0.3205661177635193,m/s,-0.007274920586496592,4.749999046325684,-0.3264547884464264,0.4990623982911323
0.006,1,blade_0,blade_0_RotorFlow_OpenVSP_Blade_0,RotorFlow_OpenVSP_Blade_0_segment_16,blade_0_RotorFlow_OpenVSP_Blade_0:RotorFlow_OpenVSP_Blade_0_segment_16:orig:0,orig,0,4.74220609664917,4.74220609664917,4.62333869934082,4.861847400665283,2,0.4166666567325592,0.06874969601631165,-1.1790155172348022,-47.25912857055664,circulation_proxy,19.97191047668457,-0.05115906894207001,-0.9326367378234863,N,1.225,19.85360336303711,-0.05952415242791176,-0.6467608213424683,0.8710770606994629,0.03696374222636223,0.3615698218345642,m/s,-0.005036483518779278,4.749999523162842,-0.2577415108680725,0.4990623982911323
0.006,1,blade_0,blade_0_RotorFlow_OpenVSP_Blade_0,RotorFlow_OpenVSP_Blade_0_segment_16,blade_0_RotorFlow_OpenVSP_Blade_0:RotorFlow_OpenVSP_Blade_0_segment_16:orig:0,orig,0,4.74220609664917,4.74220609664917,4.62333869934082,4.861847400665283,3,0.5833333134651184,0.06874972581863403,-0.8763194680213928,-52.4773063659668,circulation_proxy,22.98111343383789,-0.026404334232211113,-0.8934838771820068,N,1.225,22.888948440551758,-0.029551921412348747,-0.7456415891647339,0.6060528755187988,0.032693587243556976,0.378512978553772,m/s,-0.002798046451061964,4.749999523162842,-0.18902823328971863,0.4990623982911323
0.006,1,blade_0,blade_0_RotorFlow_OpenVSP_Blade_0,RotorFlow_OpenVSP_Blade_0_segment_16,blade_0_RotorFlow_OpenVSP_Blade_0:RotorFlow_OpenVSP_Blade_0_segment_16:orig:0,orig,0,4.74220609664917,4.74220609664917,4.62333869934082,4.861847400665283,4,0.75,0.06874972581863403,-0.6397145986557007,-56.24821472167969,circulation_proxy,25.186159133911133,0.011918141506612301,-0.9142130017280579,N,1.225,25.117216110229492,0.010554340668022633,-0.8182307481765747,0.5389289855957031,0.02675013244152069,0.3874838948249817,m/s,-0.0005596092669293284,4.749999523162842,-0.12031496316194534,0.4990623982911323
0.006,1,blade_0,blade_0_RotorFlow_OpenVSP_Blade_0,RotorFlow_OpenVSP_Blade_0_segment_16,blade_0_RotorFlow_OpenVSP_Blade_0:RotorFlow_OpenVSP_Blade_0_segment_16:orig:0,orig,0,4.74220609664917,4.74220609664917,4.62333869934082,4.861847400665283,5,0.9166666865348816,0.06874971836805344,-0.400569885969162,-58.38603210449219,circulation_proxy,26.62838363647461,0.057206567376852036,-0.9364059567451477,N,1.225,26.58501625061035,0.05669917166233063,-0.8660464882850647,0.6308698654174805,0.020147060975432396,0.388998806476593,m/s,0.0016788278007879853,4.75,-0.05160168558359146,0.4990623982911323
0.006,1,blade_0,blade_0_RotorFlow_OpenVSP_Blade_0,RotorFlow_OpenVSP_Blade_0_segment_17,blade_0_RotorFlow_OpenVSP_Blade_0:RotorFlow_OpenVSP_Blade_0_segment_17:orig:0,orig,0,4.9695611000061035,4.9695611000061035,4.850834369659424,5.089036464691162,0,0.0833333358168602,0.06685584038496017,-3.53157377243042,-33.11070251464844,circulation_proxy,8.21465015411377,0.5257382392883301,-12.196287155151367,N,1.225,8.213733673095703,-0.04569102078676224,-0.22293955087661743,12.177383422851562,-0.038819994777441025,-0.0009206184186041355,m/s,-0.007709297817200422,4.977271556854248,-0.3843289911746979,0.5897693992404042
0.006,1,blade_0,blade_0_RotorFlow_OpenVSP_Blade_0,RotorFlow_OpenVSP_Blade_0_segment_17,blade_0_RotorFlow_OpenVSP_Blade_0:RotorFlow_OpenVSP_Blade_0_segment_17:orig:0,orig,0,4.9695611000061035,4.9695611000061035,4.850834369659424,5.089036464691162,1,0.2500000298023224,0.06685584038496017,-1.6536965370178223,-39.52875518798828,circulation_proxy,14.93065071105957,-0.02960069850087166,-1.2388670444488525,N,1.225,14.797813415527344,-0.06186332926154137,-0.40164607763290405,1.818610668182373,0.028363734483718872,0.2896422743797302,m/s,-0.005895345471799374,4.977271556854248,-0.31749776005744934,0.5897693992404042
0.006,1,blade_0,blade_0_RotorFlow_OpenVSP_Blade_0,RotorFlow_OpenVSP_Blade_0_segment_17,blade_0_RotorFlow_OpenVSP_Blade_0:RotorFlow_OpenVSP_Blade_0_segment_17:orig:0,orig,0,4.9695611000061035,4.9695611000061035,4.850834369659424,5.089036464691162,2,0.4166666567325592,0.06685581058263779,-1.1410948038101196,-45.97242736816406,circulation_proxy,18.836755752563477,-0.04202049970626831,-0.784289538860321,N,1.225,18.733829498291016,-0.050206560641527176,-0.5084790587425232,0.8682904243469238,0.030005410313606262,0.32491469383239746,m/s,-0.004081393126398325,4.977272033691406,-0.2506665289402008,0.5897693992404042
0.006,1,blade_0,blade_0_RotorFlow_OpenVSP_Blade_0,RotorFlow_OpenVSP_Blade_0_segment_17,blade_0_RotorFlow_OpenVSP_Blade_0:RotorFlow_OpenVSP_Blade_0_segment_17:orig:0,orig,0,4.9695611000061035,4.9695611000061035,4.850834369659424,5.089036464691162,3,0.5833333134651184,0.06685584038496017,-0.8468663692474365,-50.976402282714844,circulation_proxy,21.66812515258789,-0.022114653140306473,-0.7278134822845459,N,1.225,21.58812713623047,-0.025182658806443214,-0.5859510898590088,0.6017436981201172,0.026792334392666817,0.33990955352783203,m/s,-0.0022674405481666327,4.977272033691406,-0.18383532762527466,0.5897693992404042
0.006,1,blade_0,blade_0_RotorFlow_OpenVSP_Blade_0,RotorFlow_OpenVSP_Blade_0_segment_17,blade_0_RotorFlow_OpenVSP_Blade_0:RotorFlow_OpenVSP_Blade_0_segment_17:orig:0,orig,0,4.9695611000061035,4.9695611000061035,4.850834369659424,5.089036464691162,4,0.7499999403953552,0.06685584038496017,-0.6176037192344666,-54.587913513183594,circulation_proxy,23.740859985351562,0.009614890441298485,-0.7343595623970032,N,1.225,23.681089401245117,0.008306409232318401,-0.6427592039108276,0.5327363014221191,0.022196320816874504,0.3479331433773041,m/s,-0.0004534881154540926,4.977272033691406,-0.11700409650802612,0.5897693992404042
0.006,1,blade_0,blade_0_RotorFlow_OpenVSP_Blade_0,RotorFlow_OpenVSP_Blade_0_segment_17,blade_0_RotorFlow_OpenVSP_Blade_0:RotorFlow_OpenVSP_Blade_0_segment_17:orig:0,orig,0,4.9695611000061035,4.9695611000061035,4.850834369659424,5.089036464691162,5,0.9166667461395264,0.06685584038496017,-0.3866725265979767,-56.624176025390625,circulation_proxy,25.096824645996094,0.04730943217873573,-0.7472070455551147,N,1.225,25.059226989746094,0.04683905839920044,-0.6801647543907166,0.6227402687072754,0.01710340939462185,0.3493556082248688,m/s,0.0013604643754661083,4.9772725105285645,-0.050172872841358185,0.5897693992404042
0.006,1,blade_0,blade_0_RotorFlow_OpenVSP_Blade_0,RotorFlow_OpenVSP_Blade_0_segment_18,blade_0_RotorFlow_OpenVSP_Blade_0:RotorFlow_OpenVSP_Blade_0_segment_18:orig:0,orig,0,5.196916580200195,5.196916580200195,5.078330993652344,5.316226005554199,0,0.08333337306976318,0.06496194005012512,-3.4021034240722656,-32.32072067260742,circulation_proxy,7.710970401763916,0.5088152885437012,-11.6233491897583,N,1.225,7.689419746398926,-0.038236185908317566,-0.1705433577299118,12.091249465942383,-0.039433833211660385,0.020868346095085144,m/s,-0.0061218454502522945,5.204544544219971,-0.3734762966632843,0.6804765904316673
0.006,1,blade_0,blade_0_RotorFlow_OpenVSP_Blade_0,RotorFlow_OpenVSP_Blade_0_segment_18,blade_0_RotorFlow_OpenVSP_Blade_0:RotorFlow_OpenVSP_Blade_0_segment_18:orig:0,orig,0,5.196916580200195,5.196916580200195,5.078330993652344,5.316226005554199,1,0.24999995529651642,0.06496191024780273,-1.5895248651504517,-38.2443962097168,circulation_proxy,13.95887565612793,-0.020866017788648605,-1.1057173013687134,N,1.225,13.845194816589355,-0.051825352013111115,-0.3070716857910156,1.8047943115234375,0.020632056519389153,0.257698655128479,m/s,-0.004681411199271679,5.204544544219971,-0.308530330657959,0.6804765904316673
0.006,1,blade_0,blade_0_RotorFlow_OpenVSP_Blade_0,RotorFlow_OpenVSP_Blade_0_segment_18,blade_0_RotorFlow_OpenVSP_Blade_0:RotorFlow_OpenVSP_Blade_0_segment_18:orig:0,orig,0,5.196916580200195,5.196916580200195,5.078330993652344,5.316226005554199,2,0.4166666269302368,0.06496196985244751,-1.0949039459228516,-44.35847854614258,circulation_proxy,17.60471534729004,-0.0343330092728138,-0.6502313613891602,N,1.225,17.51744270324707,-0.0421898253262043,-0.38851869106292725,0.8586273193359375,0.022735273465514183,0.28700533509254456,m/s,-0.0032409769482910633,5.204545021057129,-0.24358436465263367,0.6804765904316673
0.006,1,blade_0,blade_0_RotorFlow_OpenVSP_Blade_0,RotorFlow_OpenVSP_Blade_0_segment_18,blade_0_RotorFlow_OpenVSP_Blade_0:RotorFlow_OpenVSP_Blade_0_segment_18:orig:0,orig,0,5.196916580200195,5.196916580200195,5.078330993652344,5.316226005554199,3,0.5833333134651184,0.06496194005012512,-0.8119286298751831,-49.11848068237305,circulation_proxy,20.245182037353516,-0.018503768369555473,-0.5812408924102783,N,1.225,20.177461624145508,-0.02143235318362713,-0.4475151300430298,0.5916194915771484,0.02065395936369896,0.30005306005477905,m/s,-0.0018005428137257695,5.204545021057129,-0.17863839864730835,0.6804765904316673
0.006,1,blade_0,blade_0_RotorFlow_OpenVSP_Blade_0,RotorFlow_OpenVSP_Blade_0_segment_18,blade_0_RotorFlow_OpenVSP_Blade_0:RotorFlow_OpenVSP_Blade_0_segment_18:orig:0,orig,0,5.196916580200195,5.196916580200195,5.078330993652344,5.316226005554199,4,0.7499999403953552,0.06496194005012512,-0.5924986600875854,-52.557167053222656,circulation_proxy,22.17881202697754,0.007593677379190922,-0.5767468810081482,N,1.225,22.128324508666992,0.006360368803143501,-0.4907834529876709,0.5211324691772461,0.01749604009091854,0.3063173294067383,m/s,-0.0003601085627451539,5.204545021057129,-0.11369243264198303,0.6804765904316673
0.006,1,blade_0,blade_0_RotorFlow_OpenVSP_Blade_0,RotorFlow_OpenVSP_Blade_0_segment_18,blade_0_RotorFlow_OpenVSP_Blade_0:RotorFlow_OpenVSP_Blade_0_segment_18:orig:0,orig,0,5.196916580200195,5.196916580200195,5.078330993652344,5.316226005554199,5,0.9166666865348816,0.06496194005012512,-0.3719128370285034,-54.49216842651367,circulation_proxy,23.447280883789062,0.03878863900899887,-0.5825615525245667,N,1.225,23.415313720703125,0.03835516795516014,-0.5193273425102234,0.610682487487793,0.013979549519717693,0.30881112813949585,m/s,0.0010803256882354617,5.204545497894287,-0.048746462911367416,0.6804765904316673
0.006,1,blade_0,blade_0_RotorFlow_OpenVSP_Blade_0,RotorFlow_OpenVSP_Blade_0_segment_19,blade_0_RotorFlow_OpenVSP_Blade_0:RotorFlow_OpenVSP_Blade_0_segment_19:orig:0,orig,0,5.424272060394287,5.424272060394287,5.305828094482422,5.543415546417236,0,0.08333329111337662,0.06306799501180649,-3.2211873531341553,-31.02743148803711,circulation_proxy,7.102910995483398,0.47545838356018066,-10.731456756591797,N,1.225,7.068883895874023,-0.03154660761356354,-0.1246090829372406,11.82711410522461,-0.04052271693944931,0.03600502759218216,m/s,-0.004724214319139719,5.431817054748535,-0.36261308193206787,0.7711837816229304
0.006,1,blade_0,blade_0_RotorFlow_OpenVSP_Blade_0,RotorFlow_OpenVSP_Blade_0_segment_19,blade_0_RotorFlow_OpenVSP_Blade_0:RotorFlow_OpenVSP_Blade_0_segment_19:orig:0,orig,0,5.424272060394287,5.424272060394287,5.305828094482422,5.543415546417236,1,0.24999994039535522,0.06306805461645126,-1.4991658926010132,-36.353240966796875,circulation_proxy,12.80711555480957,-0.014131197705864906,-0.9600892066955566,N,1.225,12.715086936950684,-0.042801447212696075,-0.22413906455039978,1.7633132934570312,0.012706832028925419,0.22099322080612183,m/s,-0.0036126344930380583,5.431817054748535,-0.29955485463142395,0.7711837816229304
0.006,1,blade_0,blade_0_RotorFlow_OpenVSP_Blade_0,RotorFlow_OpenVSP_Blade_0_segment_19,blade_0_RotorFlow_OpenVSP_Blade_0:RotorFlow_OpenVSP_Blade_0_segment_19:orig:0,orig,0,5.424272060394287,5.424272060394287,5.305828094482422,5.543415546417236,2,0.4166666567325592,0.06306802481412888,-1.0306271314620972,-42.038551330566406,circulation_proxy,16.14338493347168,-0.02773136831820011,-0.5221318602561951,N,1.225,16.07343864440918,-0.03496766835451126,-0.28333979845046997,0.8322610855102539,0.015284081920981407,0.24424700438976288,m/s,-0.0025010546669363976,5.431817531585693,-0.23649661242961884,0.7711837816229304
0.006,1,blade_0,blade_0_RotorFlow_OpenVSP_Blade_0,RotorFlow_OpenVSP_Blade_0_segment_19,blade_0_RotorFlow_OpenVSP_Blade_0:RotorFlow_OpenVSP_Blade_0_segment_19:orig:0,orig,0,5.424272060394287,5.424272060394287,5.305828094482422,5.543415546417236,3,0.5833333134651184,0.06306802481412888,-0.7650240659713745,-46.49126052856445,circulation_proxy,18.560354232788086,-0.015364144928753376,-0.4469187259674072,N,1.225,18.506183624267578,-0.018034622073173523,-0.32622379064559937,0.5666952133178711,0.014327243901789188,0.254661500453949,m/s,-0.001389474724419415,5.431817531585693,-0.17343837022781372,0.7711837816229304
0.006,1,blade_0,blade_0_RotorFlow_OpenVSP_Blade_0,RotorFlow_OpenVSP_Blade_0_segment_19,blade_0_RotorFlow_OpenVSP_Blade_0:RotorFlow_OpenVSP_Blade_0_segment_19:orig:0,orig,0,5.424272060394287,5.424272060394287,5.305828094482422,5.543415546417236,4,0.75,0.06306803971529007,-0.5610962510108948,-49.731201171875,circulation_proxy,20.33767318725586,0.005772329401224852,-0.4352198839187622,N,1.225,20.297117233276367,0.004657567944377661,-0.35779422521591187,0.49564218521118164,0.012551738880574703,0.25979554653167725,m/s,-0.0002778949565254152,5.431817531585693,-0.1103801429271698,0.7711837816229304
0.006,1,blade_0,blade_0_RotorFlow_OpenVSP_Blade_0,RotorFlow_OpenVSP_Blade_0_segment_19,blade_0_RotorFlow_OpenVSP_Blade_0:RotorFlow_OpenVSP_Blade_0_segment_19:orig:0,orig,0,5.424272060394287,5.424272060394287,5.305828094482422,5.543415546417236,5,0.9166666865348816,0.06306803226470947,-0.35572609305381775,-51.56999969482422,circulation_proxy,21.514198303222656,0.031212663277983665,-0.43709778785705566,N,1.225,21.48819923400879,0.030820975080132484,-0.37879031896591187,0.5887317657470703,0.010598146356642246,0.2625886797904968,m/s,0.0008336848695762455,5.431818008422852,-0.04732191190123558,0.7711837816229304
0.006,1,blade_0,blade_0_RotorFlow_OpenVSP_Blade_0,RotorFlow_OpenVSP_Blade_0_segment_20,blade_0_RotorFlow_OpenVSP_Blade_0:RotorFlow_OpenVSP_Blade_0_segment_20:orig:0,orig,0,5.651628494262695,5.651628494262695,5.533324718475342,5.770605087280273,0,0.08333327621221542,0.06117410585284233,-2.9209187030792236,-28.544822692871094,circulation_proxy,6.254571914672852,0.4086199700832367,-9.149587631225586,N,1.225,6.2178754806518555,-0.02499622479081154,-0.0835656076669693,11.148218154907227,-0.04009640961885452,0.043206557631492615,m/s,-0.0034938394092023373,5.659090042114258,-0.351741760969162,0.861891353298176
0.006,1,blade_0,blade_0_RotorFlow_OpenVSP_Blade_0,RotorFlow_OpenVSP_Blade_0_segment_20,blade_0_RotorFlow_OpenVSP_Blade_0:RotorFlow_OpenVSP_Blade_0_segment_20:orig:0,orig,0,5.651628494262695,5.651628494262695,5.533324718475342,5.770605087280273,1,0.25,0.061174120754003525,-1.3453460931777954,-33.01768493652344,circulation_proxy,11.220074653625488,-0.00961189903318882,-0.7709016799926758,N,1.225,11.154398918151855,-0.03390587493777275,-0.1499101221561432,1.657954216003418,0.00557177048176527,0.1755635291337967,m/s,-0.0026717595756053925,5.659090518951416,-0.2905731499195099,0.861891353298176
0.006,1,blade_0,blade_0_RotorFlow_OpenVSP_Blade_0,RotorFlow_OpenVSP_Blade_0_segment_20,blade_0_RotorFlow_OpenVSP_Blade_0:RotorFlow_OpenVSP_Blade_0_segment_20:orig:0,orig,0,5.651628494262695,5.651628494262695,5.533324718475342,5.770605087280273,2,0.4166666269302368,0.061174120754003525,-0.9210398197174072,-38.02311706542969,circulation_proxy,14.118831634521484,-0.021795157343149185,-0.38519781827926636,N,1.225,14.069673538208008,-0.027784381061792374,-0.18909041583538055,0.764793872833252,0.008376220241189003,0.19196681678295135,m/s,-0.0018496797420084476,5.659090518951416,-0.22940456867218018,0.861891353298176
0.006,1,blade_0,blade_0_RotorFlow_OpenVSP_Blade_0,RotorFlow_OpenVSP_Blade_0_segment_20,blade_0_RotorFlow_OpenVSP_Blade_0:RotorFlow_OpenVSP_Blade_0_segment_20:orig:0,orig,0,5.651628494262695,5.651628494262695,5.533324718475342,5.770605087280273,3,0.5833333134651184,0.061174120754003525,-0.6876798868179321,-42.008174896240234,circulation_proxy,16.225221633911133,-0.012433362193405628,-0.3137056827545166,N,1.225,16.187114715576172,-0.014578104950487614,-0.2175479382276535,0.5022554397583008,0.008231960237026215,0.19922344386577606,m/s,-0.0010275999084115028,5.659090518951416,-0.16823598742485046,0.861891353298176
0.006,1,blade_0,blade_0_RotorFlow_OpenVSP_Blade_0,RotorFlow_OpenVSP_Blade_0_segment_20,blade_0_RotorFlow_OpenVSP_Blade_0:RotorFlow_OpenVSP_Blade_0_segment_20:orig:0,orig,0,5.651628494262695,5.651628494262695,5.533324718475342,5.770605087280273,4,0.7499999403953552,0.061174117028713226,-0.5141668915748596,-44.9906005859375,circulation_proxy,17.798763275146484,0.004022502340376377,-0.3004690408706665,N,1.225,17.769603729248047,0.0031324762385338545,-0.23881596326828003,0.4306941032409668,0.007459771819412708,0.20380403101444244,m/s,-0.00020551997295115143,5.659090518951416,-0.10706738382577896,0.861891353298176
0.006,1,blade_0,blade_0_RotorFlow_OpenVSP_Blade_0,RotorFlow_OpenVSP_Blade_0_segment_20,blade_0_RotorFlow_OpenVSP_Blade_0:RotorFlow_OpenVSP_Blade_0_segment_20:orig:0,orig,0,5.651628494262695,5.651628494262695,5.533324718475342,5.770605087280273,5,0.9166666865348816,0.061174120754003525,-0.3372363746166229,-46.759273529052734,circulation_proxy,18.87161636352539,0.023972829803824425,-0.30400195717811584,N,1.225,18.852336883544922,0.023638663813471794,-0.2533673644065857,0.5392923355102539,0.006707950960844755,0.20538155734539032,m/s,0.0006165599334053695,5.659090995788574,-0.045898787677288055,0.861891353298176
0.006,1,blade_0,blade_0_RotorFlow_OpenVSP_Blade_0,RotorFlow_OpenVSP_Blade_0_segment_21,blade_0_RotorFlow_OpenVSP_Blade_0:RotorFlow_OpenVSP_Blade_0_segment_21:orig:0,orig,0,5.878984451293945,5.878984451293945,5.760822296142578,5.9977946281433105,0,0.083333320915699,0.059280190616846085,-2.3080732822418213,-22.900157928466797,circulation_proxy,4.791153907775879,0.27292755246162415,-6.110791206359863,N,1.225,4.761379241943359,-0.017302513122558594,-0.04557798057794571,9.438573837280273,-0.03468487784266472,0.0446753203868866,m/s,-0.0024115813430398703,5.886362552642822,-0.3408641815185547,0.9525987347314304
0.006,1,blade_0,blade_0_RotorFlow_OpenVSP_Blade_0,RotorFlow_OpenVSP_Blade_0_segment_21,blade_0_RotorFlow_OpenVSP_Blade_0:RotorFlow_OpenVSP_Blade_0_segment_21:orig:0,orig,0,5.878984451293945,5.878984451293945,5.760822296142578,5.9977946281433105,1,0.2500000596046448,0.05928022041916847,-1.0101537704467773,-25.723669052124023,circulation_proxy,8.466837882995605,-0.0078071895986795425,-0.47398263216018677,N,1.225,8.432369232177734,-0.023243235424160957,-0.08071836084127426,1.3983449935913086,0.0003345369186718017,0.12257315218448639,m/s,-0.0018441504798829556,5.8863630294799805,-0.2815867066383362,0.9525987347314304
0.006,1,blade_0,blade_0_RotorFlow_OpenVSP_Blade_0,RotorFlow_OpenVSP_Blade_0_segment_21,blade_0_RotorFlow_OpenVSP_Blade_0:RotorFlow_OpenVSP_Blade_0_segment_21:orig:0,orig,0,5.878984451293945,5.878984451293945,5.760822296142578,5.9977946281433105,2,0.416666716337204,0.059280190616846085,-0.6734798550605774,-29.255083084106445,circulation_proxy,10.540933609008789,-0.015549198724329472,-0.2113463282585144,N,1.225,10.516326904296875,-0.018947213888168335,-0.1006670594215393,0.5902867317199707,0.002541257068514824,0.13131311535835266,m/s,-0.0012767196167260408,5.8863630294799805,-0.22230921685695648,0.9525987347314304
0.006,1,blade_0,blade_0_RotorFlow_OpenVSP_Blade_0,RotorFlow_OpenVSP_Blade_0_segment_21,blade_0_RotorFlow_OpenVSP_Blade_0:RotorFlow_OpenVSP_Blade_0_segment_21:orig:0,orig,0,5.878984451293945,5.878984451293945,5.760822296142578,5.9977946281433105,3,0.5833333730697632,0.05928020551800728,-0.5118185877799988,-32.23261260986328,circulation_proxy,12.054569244384766,-0.009069003164768219,-0.16091221570968628,N,1.225,12.03528118133545,-0.010090470314025879,-0.11520716547966003,0.3207521438598633,0.002447265898808837,0.13541266322135925,m/s,-0.0007092886371538043,5.8863630294799805,-0.16303174197673798,0.9525987347314304
0.006,1,blade_0,blade_0_RotorFlow_OpenVSP_Blade_0,RotorFlow_OpenVSP_Blade_0_segment_21,blade_0_RotorFlow_OpenVSP_Blade_0:RotorFlow_OpenVSP_Blade_0_segment_21:orig:0,orig,0,5.878984451293945,5.878984451293945,5.760822296142578,5.9977946281433105,4,0.75,0.05928019806742668,-0.4155535399913788,-34.75925064086914,circulation_proxy,13.260452270507812,0.00206276448443532,-0.1527576744556427,N,1.225,13.244482040405273,0.0016882672207430005,-0.12678219377994537,0.2245197296142578,0.0019319341517984867,0.13807043433189392,m/s,-0.0001418577303411439,5.8863630294799805,-0.10375425219535828,0.9525987347314304
0.006,1,blade_0,blade_0_RotorFlow_OpenVSP_Blade_0,RotorFlow_OpenVSP_Blade_0_segment_21,blade_0_RotorFlow_OpenVSP_Blade_0:RotorFlow_OpenVSP_Blade_0_segment_21:orig:0,orig,0,5.878984451293945,5.878984451293945,5.760822296142578,5.9977946281433105,5,0.9166667461395264,0.05928020179271698,-0.31634747982025146,-36.60184097290039,circulation_proxy,14.195115089416504,0.015733513981103897,-0.1692979633808136,N,1.225,14.182833671569824,0.015514113008975983,-0.1357644945383072,0.3807411193847656,0.001569921849295497,0.1394568681716919,m/s,0.0004255731764715165,5.886363506317139,-0.044476769864559174,0.9525987347314304
0.012,2,blade_0,blade_0_RotorFlow_OpenVSP_Blade_0,RotorFlow_OpenVSP_Blade_0_segment_0,blade_0_RotorFlow_OpenVSP_Blade_0:RotorFlow_OpenVSP_Blade_0_segment_0:orig:0,orig,0,1.1065503358840942,1.1065503358840942,0.9848407506942749,1.2279489040374756,0,0.08333330601453781,0.09896695613861084,-2.6696887016296387,-7.652961730957031,circulation_proxy,-0.040439289063215256,-0.06919999420642853,-5.5461602210998535,N,1.225,-0.03394109010696411,0.004992876201868057,0.013974747620522976,7.494607925415039,0.08908488601446152,-0.009947765618562698,m/s,-0.16013817489147186,1.1136258840560913,-0.5375335216522217,-0.9514419688809288
0.012,2,blade_0,blade_0_RotorFlow_OpenVSP_Blade_0,RotorFlow_OpenVSP_Blade_0_segment_0,blade_0_RotorFlow_OpenVSP_Blade_0:RotorFlow_OpenVSP_Blade_0_segment_0:orig:0,orig,0,1.1065503358840942,1.1065503358840942,0.9848407506942749,1.2279489040374756,1,0.25,0.09896694868803024,-1.1134922504425049,-3.109520435333252,circulation_proxy,0.6613040566444397,-0.08422663807868958,-0.6017180681228638,N,1.225,-0.06561124324798584,0.00729617103934288,0.027014516294002533,2.1271305084228516,0.828481137752533,2.338702917098999,m/s,-0.12245860695838928,1.1136276721954346,-0.4460200369358063,-0.9514419688809288
0.012,2,blade_0,blade_0_RotorFlow_OpenVSP_Blade_0,RotorFlow_OpenVSP_Blade_0_segment_0,blade_0_RotorFlow_OpenVSP_Blade_0:RotorFlow_OpenVSP_Blade_0_segment_0:orig:0,orig,0,1.1065503358840942,1.1065503358840942,0.9848407506942749,1.2279489040374756,2,0.4166666567325592,0.09896697849035263,-0.7391164302825928,-1.9887564182281494,circulation_proxy,0.46372485160827637,-0.039696771651506424,-0.27509844303131104,N,1.225,-0.0905463844537735,0.006560433655977249,0.03728127107024193,1.5752549171447754,0.6914511322975159,2.6926651000976562,m/s,-0.0847790390253067,1.1136294603347778,-0.35450661182403564,-0.9514419688809288
0.012,2,blade_0,blade_0_RotorFlow_OpenVSP_Blade_0,RotorFlow_OpenVSP_Blade_0_segment_0,blade_0_RotorFlow_OpenVSP_Blade_0:RotorFlow_OpenVSP_Blade_0_segment_0:orig:0,orig,0,1.1065503358840942,1.1065503358840942,0.9848407506942749,1.2279489040374756,3,0.5833333134651184,0.09896694868803024,-0.579655110836029,-1.4914870262145996,circulation_proxy,0.3483542501926422,-0.016369694843888283,-0.17388916015625,N,1.225,-0.11358334869146347,0.0037954230792820454,0.04676652327179909,1.3898963928222656,0.49177372455596924,2.864773988723755,m/s,-0.047099463641643524,1.113631248474121,-0.262993186712265,-0.9514419688809288
0.012,2,blade_0,blade_0_RotorFlow_OpenVSP_Blade_0,RotorFlow_OpenVSP_Blade_0_segment_0,blade_0_RotorFlow_OpenVSP_Blade_0:RotorFlow_OpenVSP_Blade_0_segment_0:orig:0,orig,0,1.1065503358840942,1.1065503358840942,0.9848407506942749,1.2279489040374756,4,0.75,0.09896693378686905,-0.5112766623497009,-1.2602463960647583,circulation_proxy,0.286704957485199,-0.002637989353388548,-0.12752023339271545,N,1.225,-0.13470062613487244,-0.0007680817507207394,0.05546140670776367,1.2879600524902344,0.269010066986084,2.9634146690368652,m/s,-0.00941989291459322,1.1136329174041748,-0.171479731798172,-0.9514419688809288
0.012,2,blade_0,blade_0_RotorFlow_OpenVSP_Blade_0,RotorFlow_OpenVSP_Blade_0_segment_0,blade_0_RotorFlow_OpenVSP_Blade_0:RotorFlow_OpenVSP_Blade_0_segment_0:orig:0,orig,0,1.1065503358840942,1.1065503358840942,0.9848407506942749,1.2279489040374756,5,0.9166666865348816,0.09896695613861084,-0.4787595868110657,-1.1376219987869263,circulation_proxy,0.23679722845554352,0.006933135911822319,-0.11512480676174164,N,1.225,-0.1526438146829605,-0.00684434175491333,0.06284941732883453,1.3344340324401855,0.02886444330215454,2.922226667404175,m/s,0.028259679675102234,1.113634705543518,-0.07996630668640137,-0.9514419688809288
0.012,2,blade_0,blade_0_RotorFlow_OpenVSP_Blade_0,RotorFlow_OpenVSP_Blade_0_segment_1,blade_0_RotorFlow_OpenVSP_Blade_0:RotorFlow_OpenVSP_Blade_0_segment_1:orig:0,orig,0,1.3330210447311401,1.3330210447311401,1.2117726802825928,1.454651117324829,0,0.08333324640989304,0.0971132144331932,-3.481295347213745,-10.165802001953125,circulation_proxy,-0.43579185009002686,0.1470368355512619,-8.58528995513916,N,1.225,-0.04810245335102081,0.004954094998538494,0.01583804376423359,8.870534896850586,-0.03159381076693535,-0.4003545939922333,m/s,-0.12907853722572327,1.3408986330032349,-0.5377929210662842,-0.8610877727787731
0.012,2,blade_0,blade_0_RotorFlow_OpenVSP_Blade_0,RotorFlow_OpenVSP_Blade_0_segment_1,blade_0_RotorFlow_OpenVSP_Blade_0:RotorFlow_OpenVSP_Blade_0_segment_1:orig:0,orig,0,1.3330210447311401,1.3330210447311401,1.2117726802825928,1.454651117324829,1,0.24999995529651642,0.09711327403783798,-1.5842713117599487,-4.510262489318848,circulation_proxy,0.7664985656738281,-0.05983547493815422,-0.8269972801208496,N,1.225,-0.0948747843503952,0.007370572537183762,0.031238185241818428,2.0088257789611816,0.7043250203132629,1.9610166549682617,m/s,-0.09870711714029312,1.3409004211425781,-0.4455510377883911,-0.8610877727787731
0.012,2,blade_0,blade_0_RotorFlow_OpenVSP_Blade_0,RotorFlow_OpenVSP_Blade_0_segment_1,blade_0_RotorFlow_OpenVSP_Blade_0:RotorFlow_OpenVSP_Blade_0_segment_1:orig:0,orig,0,1.3330210447311401,1.3330210447311401,1.2117726802825928,1.454651117324829,2,0.4166666269302368,0.09711327403783798,-1.0997520685195923,-3.024442672729492,circulation_proxy,0.5655643343925476,-0.03184899315237999,-0.3562929630279541,N,1.225,-0.13282977044582367,0.006700911093503237,0.04373519495129585,1.3453922271728516,0.6274448037147522,2.2884039878845215,m/s,-0.06833569705486298,1.3409022092819214,-0.35330915451049805,-0.8610877727787731
0.012,2,blade_0,blade_0_RotorFlow_OpenVSP_Blade_0,RotorFlow_OpenVSP_Blade_0_segment_1,blade_0_RotorFlow_OpenVSP_Blade_0:RotorFlow_OpenVSP_Blade_0_segment_1:orig:0,orig,0,1.3330210447311401,1.3330210447311401,1.2117726802825928,1.454651117324829,3,0.5833333134651184,0.09711330384016037,-0.8574970960617065,-2.256411075592041,circulation_proxy,0.4126862585544586,-0.012854168191552162,-0.2146236002445221,N,1.225,-0.1676206886768341,0.003855716437101364,0.05519045144319534,1.1466403007507324,0.47805988788604736,2.4365484714508057,m/s,-0.03796427696943283,1.3409039974212646,-0.261067271232605,-0.8610877727787731
0.012,2,blade_0,blade_0_RotorFlow_OpenVSP_Blade_0,RotorFlow_OpenVSP_Blade_0_segment_1,blade_0_RotorFlow_OpenVSP_Blade_0:RotorFlow_OpenVSP_Blade_0_segment_1:orig:0,orig,0,1.3330210447311401,1.3330210447311401,1.2117726802825928,1.454651117324829,4,0.75,0.09711326658725739,-0.6911357045173645,-1.7181438207626343,circulation_proxy,0.28163987398147583,-0.001583680510520935,-0.14529219269752502,N,1.225,-0.1983359307050705,-0.0008917062077671289,0.06530379503965378,1.0965447425842285,0.3015074133872986,2.498178005218506,m/s,-0.007592855487018824,1.3409059047698975,-0.1688254028558731,-0.8610877727787731
0.012,2,blade_0,blade_0_RotorFlow_OpenVSP_Blade_0,RotorFlow_OpenVSP_Blade_0_segment_1,blade_0_RotorFlow_OpenVSP_Blade_0:RotorFlow_OpenVSP_Blade_0_segment_1:orig:0,orig,0,1.3330210447311401,1.3330210447311401,1.2117726802825928,1.454651117324829,5,0.9166666865348816,0.09711327403783798,-0.5088178515434265,-1.144167184829712,circulation_proxy,0.12495894730091095,0.0022606411948800087,-0.09995462000370026,N,1.225,-0.22198189795017242,-0.007103596813976765,0.07308956980705261,1.2191858291625977,0.11444969475269318,2.450571060180664,m/s,0.022778566926717758,1.3409075736999512,-0.07658350467681885,-0.8610877727787731
0.012,2,blade_0,blade_0_RotorFlow_OpenVSP_Blade_0,RotorFlow_OpenVSP_Blade_0_segment_2,blade_0_RotorFlow_OpenVSP_Blade_0:RotorFlow_OpenVSP_Blade_0_segment_2:orig:0,orig,0,1.559913992881775,1.559913992881775,1.4389475584030151,1.681581974029541,0,0.0833333358168602,0.09523908793926239,-3.895582437515259,-11.600478172302246,circulation_proxy,-0.5902785658836365,0.3160460591316223,-10.567066192626953,N,1.225,-0.05403594300150871,0.004072117153555155,0.014600442722439766,9.74917984008789,-0.08265049010515213,-0.4964917004108429,m/s,-0.10558159649372101,1.5681713819503784,-0.5336816310882568,-0.7705651173953589
0.012,2,blade_0,blade_0_RotorFlow_OpenVSP_Blade_0,RotorFlow_OpenVSP_Blade_0_segment_2,blade_0_RotorFlow_OpenVSP_Blade_0:RotorFlow_OpenVSP_Blade_0_segment_2:orig:0,orig,0,1.559913992881775,1.559913992881775,1.4389475584030151,1.681581974029541,1,0.2500000298023224,0.09523908793926239,-1.816163182258606,-5.277390956878662,circulation_proxy,0.7420669198036194,-0.031176086515188217,-0.9256393313407898,N,1.225,-0.10727175325155258,0.006087388377636671,0.02898472733795643,1.9259419441223145,0.5535411834716797,1.6919227838516235,m/s,-0.08073887228965759,1.5681731700897217,-0.4417397677898407,-0.7705651173953589
0.012,2,blade_0,blade_0_RotorFlow_OpenVSP_Blade_0,RotorFlow_OpenVSP_Blade_0_segment_2,blade_0_RotorFlow_OpenVSP_Blade_0:RotorFlow_OpenVSP_Blade_0_segment_2:orig:0,orig,0,1.559913992881775,1.559913992881775,1.4389475584030151,1.681581974029541,2,0.4166666865348816,0.09523905813694,-1.273995280265808,-3.5815675258636475,circulation_proxy,0.5456940531730652,-0.019623396918177605,-0.3744119703769684,N,1.225,-0.1507539600133896,0.005536999553442001,0.04073364660143852,1.1946601867675781,0.5099326372146606,1.9732561111450195,m/s,-0.05589614063501358,1.5681750774383545,-0.3497978448867798,-0.7705651173953589
0.012,2,blade_0,blade_0_RotorFlow_OpenVSP_Blade_0,RotorFlow_OpenVSP_Blade_0_segment_2,blade_0_RotorFlow_OpenVSP_Blade_0:RotorFlow_OpenVSP_Blade_0_segment_2:orig:0,orig,0,1.559913992881775,1.559913992881775,1.4389475584030151,1.681581974029541,3,0.5833333134651184,0.0952390730381012,-0.9830881357192993,-2.6458749771118164,circulation_proxy,0.38141873478889465,-0.007599538657814264,-0.21709850430488586,N,1.225,-0.19024905562400818,0.003150461707264185,0.05140528082847595,0.9917101860046387,0.4053961932659149,2.0952060222625732,m/s,-0.031053410843014717,1.5681768655776978,-0.2578558921813965,-0.7705651173953589
0.012,2,blade_0,blade_0_RotorFlow_OpenVSP_Blade_0,RotorFlow_OpenVSP_Blade_0_segment_2,blade_0_RotorFlow_OpenVSP_Blade_0:RotorFlow_OpenVSP_Blade_0_segment_2:orig:0,orig,0,1.559913992881775,1.559913992881775,1.4389475584030151,1.681581974029541,4,0.7499999403953552,0.0952390730381012,-0.7627258896827698,-1.930323839187622,circulation_proxy,0.23078405857086182,-0.0005480202962644398,-0.14168334007263184,N,1.225,-0.22440862655639648,-0.0008190255612134933,0.06063526123762131,0.954226016998291,0.27755701541900635,2.147266387939453,m/s,-0.006210682447999716,1.568178653717041,-0.16591395437717438,-0.7705651173953589
0.012,2,blade_0,blade_0_RotorFlow_OpenVSP_Blade_0,RotorFlow_OpenVSP_Blade_0_segment_2,blade_0_RotorFlow_OpenVSP_Blade_0:RotorFlow_OpenVSP_Blade_0_segment_2:orig:0,orig,0,1.559913992881775,1.559913992881775,1.4389475584030151,1.681581974029541,5,0.9166666269302368,0.0952390730381012,-0.5216296911239624,-1.1665658950805664,circulation_proxy,0.05833116173744202,0.0005337819457054138,-0.08974455296993256,N,1.225,-0.2497924268245697,-0.005961299873888493,0.06749409437179565,1.0805082321166992,0.13925769925117493,2.123107433319092,m/s,0.01863204687833786,1.5681803226470947,-0.07397202402353287,-0.7705651173953589
0.012,2,blade_0,blade_0_RotorFlow_OpenVSP_Blade_0,RotorFlow_OpenVSP_Blade_0_segment_3,blade_0_RotorFlow_OpenVSP_Blade_0:RotorFlow_OpenVSP_Blade_0_segment_3:orig:0,orig,0,1.7870110273361206,1.7870110273361206,1.6662508249282837,1.908625602722168,0,0.08333337306976318,0.09335548430681229,-4.113713264465332,-12.502962112426758,circulation_proxy,-0.6077858805656433,0.4319496750831604,-11.832703590393066,N,1.225,-0.05407588183879852,0.0030859000980854034,0.012211732566356659,10.334957122802734,-0.1034805104136467,-0.4868711531162262,m/s,-0.08739842474460602,1.795444130897522,-0.5271071791648865,-0.679961038440653
0.012,2,blade_0,blade_0_RotorFlow_OpenVSP_Blade_0,RotorFlow_OpenVSP_Blade_0_segment_3,blade_0_RotorFlow_OpenVSP_Blade_0:RotorFlow_OpenVSP_Blade_0_segment_3:orig:0,orig,0,1.7870110273361206,1.7870110273361206,1.6662508249282837,1.908625602722168,1,0.2499999701976776,0.09335548430681229,-1.934125304222107,-5.746077537536621,circulation_proxy,0.6837748289108276,-0.00988881103694439,-0.9730198979377747,N,1.225,-0.10765205323696136,0.004618908278644085,0.02431063912808895,1.8750886917114258,0.42714476585388184,1.4817543029785156,m/s,-0.06683408468961716,1.7954459190368652,-0.4360447824001312,-0.679961038440653
0.012,2,blade_0,blade_0_RotorFlow_OpenVSP_Blade_0,RotorFlow_OpenVSP_Blade_0_segment_3,blade_0_RotorFlow_OpenVSP_Blade_0:RotorFlow_OpenVSP_Blade_0_segment_3:orig:0,orig,0,1.7870110273361206,1.7870110273361206,1.6662508249282837,1.908625602722168,2,0.4166666269302368,0.09335548430681229,-1.3593604564666748,-3.916491985321045,circulation_proxy,0.49759960174560547,-0.010437771677970886,-0.37454476952552795,N,1.225,-0.15145273506641388,0.004192554857581854,0.03420202061533928,1.0949931144714355,0.4020548164844513,1.7243576049804688,m/s,-0.04626975208520889,1.7954477071762085,-0.344982385635376,-0.679961038440653
0.012,2,blade_0,blade_0_RotorFlow_OpenVSP_Blade_0,RotorFlow_OpenVSP_Blade_0_segment_3,blade_0_RotorFlow_OpenVSP_Blade_0:RotorFlow_OpenVSP_Blade_0_segment_3:orig:0,orig,0,1.7870110273361206,1.7870110273361206,1.6662508249282837,1.908625602722168,3,0.5833332538604736,0.09335549920797348,-1.0419436693191528,-2.881448268890381,circulation_proxy,0.3374815285205841,-0.0038622678257524967,-0.21137264370918274,N,1.225,-0.19094988703727722,0.0023570568300783634,0.0431215800344944,0.8840951919555664,0.32848042249679565,1.8277064561843872,m/s,-0.02570541761815548,1.7954494953155518,-0.2539200186729431,-0.679961038440653
0.012,2,blade_0,blade_0_RotorFlow_OpenVSP_Blade_0,RotorFlow_OpenVSP_Blade_0_segment_3,blade_0_RotorFlow_OpenVSP_Blade_0:RotorFlow_OpenVSP_Blade_0_segment_3:orig:0,orig,0,1.7870110273361206,1.7870110273361206,1.6662508249282837,1.908625602722168,4,0.7499999403953552,0.09335549920797348,-0.7946332097053528,-2.0702693462371826,circulation_proxy,0.1893036961555481,0.0001729537034407258,-0.1366909295320511,N,1.225,-0.22466802597045898,-0.0006797663518227637,0.05073609948158264,0.8481693267822266,0.23637083172798157,1.874434471130371,m/s,-0.005141083616763353,1.7954514026641846,-0.16285760700702667,-0.679961038440653
0.012,2,blade_0,blade_0_RotorFlow_OpenVSP_Blade_0,RotorFlow_OpenVSP_Blade_0_segment_3,blade_0_RotorFlow_OpenVSP_Blade_0:RotorFlow_OpenVSP_Blade_0_segment_3:orig:0,orig,0,1.7870110273361206,1.7870110273361206,1.6662508249282837,1.908625602722168,5,0.9166666269302368,0.09335549920797348,-0.5269665718078613,-1.2116034030914307,circulation_proxy,0.024029240012168884,7.391581311821938e-05,-0.08682265877723694,N,1.225,-0.2491857260465622,-0.004585084039717913,0.056272927671670914,0.9736742973327637,0.13494423031806946,1.8634473085403442,m/s,0.015423251315951347,1.7954531908035278,-0.07179524004459381,-0.679961038440653
0.012,2,blade_0,blade_0_RotorFlow_OpenVSP_Blade_0,RotorFlow_OpenVSP_Blade_0_segment_4,blade_0_RotorFlow_OpenVSP_Blade_0:RotorFlow_OpenVSP_Blade_0_segment_4:orig:0,orig,0,2.014214038848877,2.014214038848877,1.8936259746551514,2.135728597640991,0,0.0833333432674408,0.09146735072135925,-4.2213616371154785,-13.103631973266602,circulation_proxy,-0.5608202219009399,0.5081623792648315,-12.616246223449707,N,1.225,-0.050577886402606964,0.0022461197804659605,0.009673699736595154,10.736898422241211,-0.10895867645740509,-0.4382685720920563,m/s,-0.0730275884270668,2.022717237472534,-0.5190706849098206,-0.589314678203892
0.012,2,blade_0,blade_0_RotorFlow_OpenVSP_Blade_0,RotorFlow_OpenVSP_Blade_0_segment_4,blade_0_RotorFlow_OpenVSP_Blade_0:RotorFlow_OpenVSP_Blade_0_segment_4:orig:0,orig,0,2.014214038848877,2.014214038848877,1.8936259746551514,2.135728597640991,1,0.25,0.09146735072135925,-1.991453766822815,-6.05608606338501,circulation_proxy,0.6202208995819092,0.0046571409329771996,-0.9940053820610046,N,1.225,-0.10084828734397888,0.003362497081980109,0.01928861066699028,1.8417859077453613,0.33025941252708435,1.3110535144805908,m/s,-0.05584462732076645,2.022718906402588,-0.42923182249069214,-0.589314678203892
0.012,2,blade_0,blade_0_RotorFlow_OpenVSP_Blade_0,RotorFlow_OpenVSP_Blade_0_segment_4,blade_0_RotorFlow_OpenVSP_Blade_0:RotorFlow_OpenVSP_Blade_0_segment_4:orig:0,orig,0,2.014214038848877,2.014214038848877,1.8936259746551514,2.135728597640991,2,0.4166666865348816,0.09146731346845627,-1.3993927240371704,-4.139634609222412,circulation_proxy,0.44773510098457336,-0.004234529100358486,-0.3690534830093384,N,1.225,-0.1419333517551422,0.0030440865084528923,0.0271467175334692,1.0263190269470215,0.315759539604187,1.521679401397705,m/s,-0.038661666214466095,2.0227208137512207,-0.3393929600715637,-0.589314678203892
0.012,2,blade_0,blade_0_RotorFlow_OpenVSP_Blade_0,RotorFlow_OpenVSP_Blade_0_segment_4,blade_0_RotorFlow_OpenVSP_Blade_0:RotorFlow_OpenVSP_Blade_0_segment_4:orig:0,orig,0,2.014214038848877,2.014214038848877,1.8936259746551514,2.135728597640991,3,0.5833333730697632,0.09146738052368164,-1.0678974390029907,-3.044020414352417,circulation_proxy,0.29856252670288086,-0.0014352317666634917,-0.20460659265518188,N,1.225,-0.17877863347530365,0.0016916998429223895,0.03419392183423042,0.8075385093688965,0.2627865970134735,1.6107573509216309,m/s,-0.021478703245520592,2.0227222442626953,-0.24955414235591888,-0.589314678203892
0.012,2,blade_0,blade_0_RotorFlow_OpenVSP_Blade_0,RotorFlow_OpenVSP_Blade_0_segment_4,blade_0_RotorFlow_OpenVSP_Blade_0:RotorFlow_OpenVSP_Blade_0_segment_4:orig:0,orig,0,2.014214038848877,2.014214038848877,1.8936259746551514,2.135728597640991,4,0.7500000596046448,0.09146732836961746,-0.8069237470626831,-2.177957534790039,circulation_proxy,0.16070027649402618,0.0006555623840540648,-0.13270747661590576,N,1.225,-0.20994924008846283,-0.0005347004625946283,0.0401558019220829,0.770106315612793,0.19534358382225037,1.6525895595550537,m/s,-0.004295740742236376,2.022724151611328,-0.15971529483795166,-0.589314678203892
0.012,2,blade_0,blade_0_RotorFlow_OpenVSP_Blade_0,RotorFlow_OpenVSP_Blade_0_segment_4,blade_0_RotorFlow_OpenVSP_Blade_0:RotorFlow_OpenVSP_Blade_0_segment_4:orig:0,orig,0,2.014214038848877,2.014214038848877,1.8936259746551514,2.135728597640991,5,0.9166666269302368,0.09146735072135925,-0.5268230438232422,-1.2665600776672363,circulation_proxy,0.009308144450187683,6.434833630919456e-05,-0.08685852587223053,N,1.225,-0.2322874218225479,-0.0033822243567556143,0.044428348541259766,0.8939113616943359,0.12023849040269852,1.6481420993804932,m/s,0.01288722176104784,2.022725820541382,-0.06987641751766205,-0.589314678203892
0.012,2,blade_0,blade_0_RotorFlow_OpenVSP_Blade_0,RotorFlow_OpenVSP_Blade_0_segment_5,blade_0_RotorFlow_OpenVSP_Blade_0:RotorFlow_OpenVSP_Blade_0_segment_5:orig:0,orig,0,2.2414751052856445,2.2414751052856445,2.1210434436798096,2.3628640174865723,0,0.0833333283662796,0.08957679569721222,-4.263996124267578,-13.524975776672363,circulation_proxy,-0.4881936311721802,0.5573813915252686,-13.085701942443848,N,1.225,-0.04551161453127861,0.0016080897767096758,0.007444770075380802,11.024333000183105,-0.10650643706321716,-0.37725597620010376,m/s,-0.06145835295319557,2.2499899864196777,-0.510127067565918,-0.49864515600497056
0.012,2,blade_0,blade_0_RotorFlow_OpenVSP_Blade_0,RotorFlow_OpenVSP_Blade_0_segment_5,blade_0_RotorFlow_OpenVSP_Blade_0:RotorFlow_OpenVSP_Blade_0_segment_5:orig:0,orig,0,2.2414751052856445,2.2414751052856445,2.1210434436798096,2.3628640174865723,1,0.2500000596046448,0.0895768254995346,-2.014331817626953,-6.2743120193481445,circulation_proxy,0.5602377653121948,0.014431294053792953,-1.0006957054138184,N,1.225,-0.09081251919269562,0.0024059899151325226,0.014855075627565384,1.8198761940002441,0.2580483853816986,1.169743537902832,m/s,-0.046997565776109695,2.2499918937683105,-0.42172515392303467,-0.49864515600497056
0.012,2,blade_0,blade_0_RotorFlow_OpenVSP_Blade_0,RotorFlow_OpenVSP_Blade_0_segment_5,blade_0_RotorFlow_OpenVSP_Blade_0:RotorFlow_OpenVSP_Blade_0_segment_5:orig:0,orig,0,2.2414751052856445,2.2414751052856445,2.1210434436798096,2.3628640174865723,2,0.416666716337204,0.08957679569721222,-1.4142802953720093,-4.29907751083374,circulation_proxy,0.40260475873947144,-0.00010565575212240219,-0.36192265152931213,N,1.225,-0.1277821809053421,0.002171632368117571,0.020902585238218307,0.9782934188842773,0.24972739815711975,1.3538954257965088,m/s,-0.03253677487373352,2.2499935626983643,-0.33332329988479614,-0.49864515600497056
0.012,2,blade_0,blade_0_RotorFlow_OpenVSP_Blade_0,RotorFlow_OpenVSP_Blade_0_segment_5,blade_0_RotorFlow_OpenVSP_Blade_0:RotorFlow_OpenVSP_Blade_0_segment_5:orig:0,orig,0,2.2414751052856445,2.2414751052856445,2.1210434436798096,2.3628640174865723,3,0.5833333134651184,0.0895768254995346,-1.0757211446762085,-3.1644577980041504,circulation_proxy,0.26661181449890137,0.0001360510941594839,-0.19825796782970428,N,1.225,-0.16079559922218323,0.0011936527444049716,0.02630293369293213,0.7526354789733887,0.21056866645812988,1.4315015077590942,m/s,-0.018075985834002495,2.249994993209839,-0.24492143094539642,-0.49864515600497056
0.012,2,blade_0,blade_0_RotorFlow_OpenVSP_Blade_0,RotorFlow_OpenVSP_Blade_0_segment_5,blade_0_RotorFlow_OpenVSP_Blade_0:RotorFlow_OpenVSP_Blade_0_segment_5:orig:0,orig,0,2.2414751052856445,2.2414751052856445,2.1210434436798096,2.3628640174865723,4,0.7500000596046448,0.08957679569721222,-0.8080546259880066,-2.264650344848633,circulation_proxy,0.14140787720680237,0.0009733923361636698,-0.1294182389974594,N,1.225,-0.1885683238506317,-0.00040879478910937905,0.030846048146486282,0.7128119468688965,0.16007812321186066,1.4690250158309937,m/s,-0.0036151972599327564,2.2499969005584717,-0.1565195769071579,-0.49864515600497056
0.012,2,blade_0,blade_0_RotorFlow_OpenVSP_Blade_0,RotorFlow_OpenVSP_Blade_0_segment_5,blade_0_RotorFlow_OpenVSP_Blade_0:RotorFlow_OpenVSP_Blade_0_segment_5:orig:0,orig,0,2.2414751052856445,2.2414751052856445,2.1210434436798096,2.3628640174865723,5,0.9166666865348816,0.08957680314779282,-0.5227323174476624,-1.3218731880187988,circulation_proxy,0.005205035209655762,0.00017682532779872417,-0.08748164772987366,N,1.225,-0.2082935869693756,-0.002450117375701666,0.034072745591402054,0.8344006538391113,0.10349557548761368,1.4677813053131104,m/s,0.010845592245459557,2.2499985694885254,-0.06811771541833878,-0.49864515600497056
0.012,2,blade_0,blade_0_RotorFlow_OpenVSP_Blade_0,RotorFlow_OpenVSP_Blade_0_segment_6,blade_0_RotorFlow_OpenVSP_Blade_0:RotorFlow_OpenVSP_Blade_0_segment_6:orig:0,orig,0,2.468770980834961,2.468770980834961,2.3484878540039062,2.590019702911377,0,0.08333337306976318,0.08768495917320251,-4.266944408416748,-13.83594799041748,circulation_proxy,-0.4084199368953705,0.5886439681053162,-13.351147651672363,N,1.225,-0.04000384360551834,0.0011453924234956503,0.005636732093989849,11.239727020263672,-0.100272998213768,-0.31443244218826294,m/s,-0.051996275782585144,2.4772629737854004,-0.5005984306335449,-0.40796174614085207
0.012,2,blade_0,blade_0_RotorFlow_OpenVSP_Blade_0,RotorFlow_OpenVSP_Blade_0_segment_6,blade_0_RotorFlow_OpenVSP_Blade_0:RotorFlow_OpenVSP_Blade_0_segment_6:orig:0,orig,0,2.468770980834961,2.468770980834961,2.3484878540039062,2.590019702911377,1,0.25,0.08768495917320251,-2.0165960788726807,-6.436100482940674,circulation_proxy,0.5064920783042908,0.02100123092532158,-0.9993806481361389,N,1.225,-0.07984412461519241,0.0017121945274993777,0.011250429786741734,1.8059518337249756,0.20437121391296387,1.0516568422317505,m/s,-0.03976185992360115,2.477264642715454,-0.41377121210098267,-0.40796174614085207
0.012,2,blade_0,blade_0_RotorFlow_OpenVSP_Blade_0,RotorFlow_OpenVSP_Blade_0_segment_6,blade_0_RotorFlow_OpenVSP_Blade_0:RotorFlow_OpenVSP_Blade_0_segment_6:orig:0,orig,0,2.468770980834961,2.468770980834961,2.3484878540039062,2.590019702911377,2,0.4166666865348816,0.08768492937088013,-1.4142829179763794,-4.418678283691406,circulation_proxy,0.36329561471939087,0.0026620524004101753,-0.35448986291885376,N,1.225,-0.11231975257396698,0.001541093923151493,0.01582641899585724,0.944465160369873,0.19973668456077576,1.2136273384094238,m/s,-0.02752744033932686,2.477266311645508,-0.326943963766098,-0.40796174614085207
0.012,2,blade_0,blade_0_RotorFlow_OpenVSP_Blade_0,RotorFlow_OpenVSP_Blade_0_segment_6,blade_0_RotorFlow_OpenVSP_Blade_0:RotorFlow_OpenVSP_Blade_0_segment_6:orig:0,orig,0,2.468770980834961,2.468770980834961,2.3484878540039062,2.590019702911377,3,0.5833333730697632,0.08768495917320251,-1.0727970600128174,-3.257146120071411,circulation_proxy,0.24057354032993317,0.0011679104063659906,-0.19251038134098053,N,1.225,-0.14123766124248505,0.0008386924164369702,0.019901113584637642,0.7130575180053711,0.17004360258579254,1.281989574432373,m/s,-0.015293022617697716,2.4772682189941406,-0.24011670053005219,-0.40796174614085207
0.012,2,blade_0,blade_0_RotorFlow_OpenVSP_Blade_0,RotorFlow_OpenVSP_Blade_0_segment_6,blade_0_RotorFlow_OpenVSP_Blade_0:RotorFlow_OpenVSP_Blade_0_segment_6:orig:0,orig,0,2.468770980834961,2.468770980834961,2.3484878540039062,2.590019702911377,4,0.75,0.08768495917320251,-0.8023974299430847,-2.335153341293335,circulation_proxy,0.12801702320575714,0.0011795180616900325,-0.12640833854675293,N,1.225,-0.1654709130525589,-0.0003078733861912042,0.023315735161304474,0.6705126762390137,0.13137713074684143,1.315638780593872,m/s,-0.0030586044304072857,2.4772696495056152,-0.15328946709632874,-0.40796174614085207
0.012,2,blade_0,blade_0_RotorFlow_OpenVSP_Blade_0,RotorFlow_OpenVSP_Blade_0_segment_6,blade_0_RotorFlow_OpenVSP_Blade_0:RotorFlow_OpenVSP_Blade_0_segment_6:orig:0,orig,0,2.468770980834961,2.468770980834961,2.3484878540039062,2.590019702911377,5,0.9166666865348816,0.08768495172262192,-0.5158905386924744,-1.3726612329483032,circulation_proxy,0.006349116563796997,0.00029640865977853537,-0.08776269853115082,N,1.225,-0.18260620534420013,-0.001764425658620894,0.02573021873831749,0.7895994186401367,0.08790162205696106,1.316206932067871,m/s,0.009175813756883144,2.477271318435669,-0.06646222621202469,-0.40796174614085207
0.012,2,blade_0,blade_0_RotorFlow_OpenVSP_Blade_0,RotorFlow_OpenVSP_Blade_0_segment_7,blade_0_RotorFlow_OpenVSP_Blade_0:RotorFlow_OpenVSP_Blade_0_segment_7:orig:0,orig,0,2.696086883544922,2.696086883544922,2.575948715209961,2.8171868324279785,0,0.08333335071802139,0.08579237014055252,-4.2447285652160645,-14.076552391052246,circulation_proxy,-0.3298536539077759,0.6079335808753967,-13.481874465942383,N,1.225,-0.03465878963470459,0.0008165886392816901,0.004228069446980953,11.408852577209473,-0.09259418398141861,-0.25389471650123596,m/s,-0.04415300115942955,2.704535961151123,-0.490680456161499,-0.31727034611319566
0.012,2,blade_0,blade_0_RotorFlow_OpenVSP_Blade_0,RotorFlow_OpenVSP_Blade_0_segment_7,blade_0_RotorFlow_OpenVSP_Blade_0:RotorFlow_OpenVSP_Blade_0_segment_7:orig:0,orig,0,2.696086883544922,2.696086883544922,2.575948715209961,2.8171868324279785,1,0.2500000596046448,0.08579237014055252,-2.0059449672698975,-6.561273574829102,circulation_proxy,0.45915162563323975,0.025438277050852776,-0.9933760762214661,N,1.225,-0.06919770687818527,0.00121982058044523,0.008441529236733913,1.7977890968322754,0.16406242549419403,0.9521036744117737,m/s,-0.0337640605866909,2.7045376300811768,-0.4055194556713104,-0.31727034611319566
0.012,2,blade_0,blade_0_RotorFlow_OpenVSP_Blade_0,RotorFlow_OpenVSP_Blade_0_segment_7,blade_0_RotorFlow_OpenVSP_Blade_0:RotorFlow_OpenVSP_Blade_0_segment_7:orig:0,orig,0,2.696086883544922,2.696086883544922,2.575948715209961,2.8171868324279785,2,0.416666716337204,0.08579231053590775,-1.4050278663635254,-4.511618614196777,circulation_proxy,0.3292551636695862,0.00454037357121706,-0.3471827208995819,N,1.225,-0.09732654690742493,0.0010952693410217762,0.011873017996549606,0.9205832481384277,0.1616775244474411,1.0952644348144531,m/s,-0.023375118151307106,2.7045392990112305,-0.3203584551811218,-0.31727034611319566
0.012,2,blade_0,blade_0_RotorFlow_OpenVSP_Blade_0,RotorFlow_OpenVSP_Blade_0_segment_7,blade_0_RotorFlow_OpenVSP_Blade_0:RotorFlow_OpenVSP_Blade_0_segment_7:orig:0,orig,0,2.696086883544922,2.696086883544922,2.575948715209961,2.8171868324279785,3,0.5833333134651184,0.08579235523939133,-1.0631831884384155,-3.330131769180298,circulation_proxy,0.2189485877752304,0.001856149872764945,-0.18722955882549286,N,1.225,-0.12232710421085358,0.0005908841849304736,0.014922886155545712,0.6842279434204102,0.1386503428220749,1.1559879779815674,m/s,-0.012986177578568459,2.704540967941284,-0.23519746959209442,-0.31727034611319566
0.012,2,blade_0,blade_0_RotorFlow_OpenVSP_Blade_0,RotorFlow_OpenVSP_Blade_0_segment_7,blade_0_RotorFlow_OpenVSP_Blade_0:RotorFlow_OpenVSP_Blade_0_segment_7:orig:0,orig,0,2.696086883544922,2.696086883544922,2.575948715209961,2.8171868324279785,4,0.75,0.08579234778881073,-0.7924376130104065,-2.3924624919891357,circulation_proxy,0.11811530590057373,0.0013099389616400003,-0.12344345450401306,N,1.225,-0.1432420313358307,-0.00023010741278994828,0.017474355176091194,0.6389303207397461,0.1084231361746788,1.1861956119537354,m/s,-0.0025972353760153055,2.704542398452759,-0.15003646910190582,-0.31727034611319566
0.012,2,blade_0,blade_0_RotorFlow_OpenVSP_Blade_0,RotorFlow_OpenVSP_Blade_0_segment_7,blade_0_RotorFlow_OpenVSP_Blade_0:RotorFlow_OpenVSP_Blade_0_segment_7:orig:0,orig,0,2.696086883544922,2.696086883544922,2.575948715209961,2.8171868324279785,5,0.9166666865348816,0.08579234033823013,-0.5071670413017273,-1.4170076847076416,circulation_proxy,0.009675785899162292,0.0003898473223671317,-0.08744902908802032,N,1.225,-0.15800713002681732,-0.0012713050236925483,0.019275596365332603,0.7554283142089844,0.07439202815294266,1.1880669593811035,m/s,0.00779170636087656,2.7045440673828125,-0.06487545371055603,-0.31727034611319566
0.012,2,blade_0,blade_0_RotorFlow_OpenVSP_Blade_0,RotorFlow_OpenVSP_Blade_0_segment_8,blade_0_RotorFlow_OpenVSP_Blade_0:RotorFlow_OpenVSP_Blade_0_segment_8:orig:0,orig,0,2.9234161376953125,2.9234161376953125,2.8034205436706543,3.0443615913391113,0,0.08333337306976318,0.08389932662248611,-4.205936908721924,-14.27086067199707,circulation_proxy,-0.2565787434577942,0.6191374063491821,-13.52157211303711,N,1.225,-0.02971438504755497,0.0005836706841364503,0.003148957621306181,11.547748565673828,-0.08472329378128052,-0.1975773423910141,m/s,-0.037577152252197266,2.9318087100982666,-0.4804961681365967,-0.22657361930984724
0.012,2,blade_0,blade_0_RotorFlow_OpenVSP_Blade_0,RotorFlow_OpenVSP_Blade_0_segment_8,blade_0_RotorFlow_OpenVSP_Blade_0:RotorFlow_OpenVSP_Blade_0_segment_8:orig:0,orig,0,2.9234161376953125,2.9234161376953125,2.8034205436706543,3.0443615913391113,1,0.2500000596046448,0.08389926701784134,-1.9868619441986084,-6.661834716796875,circulation_proxy,0.4175848364830017,0.028446480631828308,-0.9846243858337402,N,1.225,-0.059363946318626404,0.0008716799202375114,0.006291051860898733,1.7940673828125,0.13331358134746552,0.8672327995300293,m/s,-0.028735468164086342,2.9318103790283203,-0.39706408977508545,-0.22657361930984724
0.012,2,blade_0,blade_0_RotorFlow_OpenVSP_Blade_0,RotorFlow_OpenVSP_Blade_0_segment_8,blade_0_RotorFlow_OpenVSP_Blade_0:RotorFlow_OpenVSP_Blade_0_segment_8:orig:0,orig,0,2.9234161376953125,2.9234161376953125,2.8034205436706543,3.0443615913391113,2,0.4166666567325592,0.08389926701784134,-1.389760971069336,-4.585983753204346,circulation_proxy,0.2996707856655121,0.005830972455441952,-0.34020760655403137,N,1.225,-0.0835256278514862,0.0007814514683559537,0.008851583115756512,0.9039969444274902,0.1323370486497879,0.9943202137947083,m/s,-0.019893785938620567,2.931812047958374,-0.31363198161125183,-0.22657361930984724
0.012,2,blade_0,blade_0_RotorFlow_OpenVSP_Blade_0,RotorFlow_OpenVSP_Blade_0_segment_8,blade_0_RotorFlow_OpenVSP_Blade_0:RotorFlow_OpenVSP_Blade_0_segment_8:orig:0,orig,0,2.9234161376953125,2.9234161376953125,2.8034205436706543,3.0443615913391113,3,0.5833333134651184,0.08389929682016373,-1.04923677444458,-3.3886168003082275,circulation_proxy,0.2005966156721115,0.0023217611014842987,-0.18237733840942383,N,1.225,-0.10499726235866547,0.00041865173261612654,0.011127032339572906,0.6633086204528809,0.11414304375648499,1.0486598014831543,m/s,-0.011052103713154793,2.9318137168884277,-0.2301998734474182,-0.22657361930984724
0.012,2,blade_0,blade_0_RotorFlow_OpenVSP_Blade_0,RotorFlow_OpenVSP_Blade_0_segment_8,blade_0_RotorFlow_OpenVSP_Blade_0:RotorFlow_OpenVSP_Blade_0_segment_8:orig:0,orig,0,2.9234161376953125,2.9234161376953125,2.8034205436706543,3.0443615913391113,4,0.75,0.08389929682016373,-0.7796732783317566,-2.4390766620635986,circulation_proxy,0.11033710092306137,0.0013897743774577975,-0.12050488591194153,N,1.225,-0.12295601516962051,-0.00017125076556112617,0.0130302170291543,0.6153149604797363,0.09009715914726257,1.0760420560836792,m/s,-0.0022104205563664436,2.9318151473999023,-0.1467677652835846,-0.22657361930984724
0.012,2,blade_0,blade_0_RotorFlow_OpenVSP_Blade_0,RotorFlow_OpenVSP_Blade_0_segment_8,blade_0_RotorFlow_OpenVSP_Blade_0:RotorFlow_OpenVSP_Blade_0_segment_8:orig:0,orig,0,2.9234161376953125,2.9234161376953125,2.8034205436706543,3.0443615913391113,5,0.9166666269302368,0.08389928936958313,-0.49716293811798096,-1.4547094106674194,circulation_proxy,0.013602405786514282,0.0004535834304988384,-0.08657620847225189,N,1.225,-0.13564354181289673,-0.0009189919801428914,0.01437478605657816,0.7290420532226562,0.06302951276302338,1.0786727666854858,m/s,0.006631262134760618,2.931816816329956,-0.06333567202091217,-0.22657361930984724
0.012,2,blade_0,blade_0_RotorFlow_OpenVSP_Blade_0,RotorFlow_OpenVSP_Blade_0_segment_9,blade_0_RotorFlow_OpenVSP_Blade_0:RotorFlow_OpenVSP_Blade_0_segment_9:orig:0,orig,0,3.150753974914551,3.150753974914551,3.0308995246887207,3.271541118621826,0,0.083333320915699,0.08200593292713165,-4.155738830566406,-14.43342113494873,circulation_proxy,-0.18954285979270935,0.6247169375419617,-13.497386932373047,N,1.225,-0.025319930166006088,0.00041933421744033694,0.0023353819269686937,11.666158676147461,-0.07730388641357422,-0.14549271762371063,m/s,-0.03201044350862503,3.1590816974639893,-0.4701254367828369,-0.13587346815069687
0.012,2,blade_0,blade_0_RotorFlow_OpenVSP_Blade_0,RotorFlow_OpenVSP_Blade_0_segment_9,blade_0_RotorFlow_OpenVSP_Blade_0:RotorFlow_OpenVSP_Blade_0_segment_9:orig:0,orig,0,3.150753974914551,3.150753974914551,3.0308995246887207,3.271541118621826,1,0.2499999701976776,0.08200596272945404,-1.9620232582092285,-6.744922637939453,circulation_proxy,0.3809323012828827,0.030476899817585945,-0.9740663766860962,N,1.225,-0.050630711019039154,0.0006263746181502938,0.004669923335313797,1.7936370372772217,0.10943765193223953,0.7942222952842712,m/s,-0.024478575214743614,3.159083366394043,-0.38846611976623535,-0.13587346815069687
0.012,2,blade_0,blade_0_RotorFlow_OpenVSP_Blade_0,RotorFlow_OpenVSP_Blade_0_segment_9,blade_0_RotorFlow_OpenVSP_Blade_0:RotorFlow_OpenVSP_Blade_0_segment_9:orig:0,orig,0,3.150753974914551,3.150753974914551,3.0308995246887207,3.271541118621826,2,0.4166666865348816,0.08200593292713165,-1.370429515838623,-4.64669942855835,circulation_proxy,0.2736343741416931,0.00672382116317749,-0.3335098624229431,N,1.225,-0.07127974927425385,0.0005609997897408903,0.0065744975581765175,0.8926501274108887,0.10937189310789108,0.9073092341423035,m/s,-0.01694670505821705,3.1590850353240967,-0.3068067729473114,-0.13587346815069687
0.012,2,blade_0,blade_0_RotorFlow_OpenVSP_Blade_0,RotorFlow_OpenVSP_Blade_0_segment_9,blade_0_RotorFlow_OpenVSP_Blade_0:RotorFlow_OpenVSP_Blade_0_segment_9:orig:0,orig,0,3.150753974914551,3.150753974914551,3.0308995246887207,3.271541118621826,3,0.5833333134651184,0.08200593292713165,-1.032382845878601,-3.435969114303589,circulation_proxy,0.18459850549697876,0.0026385285891592503,-0.1778291016817093,N,1.225,-0.08963435888290405,0.0002989103377331048,0.00826744269579649,0.6480894088745117,0.09478491544723511,0.9562196135520935,m/s,-0.009414836764335632,3.1590867042541504,-0.22514747083187103,-0.13587346815069687
0.012,2,blade_0,blade_0_RotorFlow_OpenVSP_Blade_0,RotorFlow_OpenVSP_Blade_0_segment_9,blade_0_RotorFlow_OpenVSP_Blade_0:RotorFlow_OpenVSP_Blade_0_segment_9:orig:0,orig,0,3.150753974914551,3.150753974914551,3.0308995246887207,3.271541118621826,4,0.7499999403953552,0.08200594782829285,-0.7650406360626221,-2.4769387245178223,circulation_proxy,0.10376160591840744,0.0014349555131047964,-0.1175471693277359,N,1.225,-0.10500281304121017,-0.0001271110522793606,0.009684962220489979,0.597449779510498,0.07538963109254837,0.9812303781509399,m/s,-0.0018829673063009977,3.159088373184204,-0.14348813891410828,-0.13587346815069687
0.012,2,blade_0,blade_0_RotorFlow_OpenVSP_Blade_0,RotorFlow_OpenVSP_Blade_0_segment_9,blade_0_RotorFlow_OpenVSP_Blade_0:RotorFlow_OpenVSP_Blade_0_segment_9:orig:0,orig,0,3.150753974914551,3.150753974914551,3.0308995246887207,3.271541118621826,5,0.9166666865348816,0.08200594782829285,-0.4862932860851288,-1.486252784729004,circulation_proxy,0.017335444688796997,0.0004923761589452624,-0.0852384939789772,N,1.225,-0.11587050557136536,-0.0006671544397249818,0.010687358677387238,0.7083101272583008,0.053582813590765,0.9842314720153809,m/s,0.0056489016860723495,3.1590898036956787,-0.06182880327105522,-0.13587346815069687
0.012,2,blade_0,blade_0_RotorFlow_OpenVSP_Blade_0,RotorFlow_OpenVSP_Blade_0_segment_10,blade_0_RotorFlow_OpenVSP_Blade_0:RotorFlow_OpenVSP_Blade_0_segment_10:orig:0,orig,0,3.37809681892395,3.37809681892395,3.2583839893341064,3.4987235069274902,0,0.08333328366279602,0.08011240512132645,-4.097346305847168,-14.573379516601562,circulation_proxy,-0.1292954534292221,0.626288890838623,-13.426637649536133,N,1.225,-0.021497994661331177,0.0003031402302440256,0.0017267074435949326,11.770277976989746,-0.07062608748674393,-0.09777936339378357,m/s,-0.027259306982159615,3.386354684829712,-0.4596216380596161,-0.04517131945066199
0.012,2,blade_0,blade_0_RotorFlow_OpenVSP_Blade_0,RotorFlow_OpenVSP_Blade_0_segment_10,blade_0_RotorFlow_OpenVSP_Blade_0:RotorFlow_OpenVSP_Blade_0_segment_10:orig:0,orig,0,3.37809681892395,3.37809681892395,3.2583839893341064,3.4987235069274902,1,0.2499999701976776,0.08011243492364883,-1.9330729246139526,-6.815152168273926,circulation_proxy,0.3483889698982239,0.03182598575949669,-0.9622810482978821,N,1.225,-0.043025948107242584,0.00045296887401491404,0.003455824451521039,1.7957663536071777,0.09053940325975418,0.7307686805725098,m/s,-0.020845351740717888,3.3863563537597656,-0.3797663748264313,-0.04517131945066199
0.012,2,blade_0,blade_0_RotorFlow_OpenVSP_Blade_0,RotorFlow_OpenVSP_Blade_0_segment_10,blade_0_RotorFlow_OpenVSP_Blade_0:RotorFlow_OpenVSP_Blade_0_segment_10:orig:0,orig,0,3.37809681892395,3.37809681892395,3.2583839893341064,3.4987235069274902,2,0.4166666567325592,0.08011242002248764,-1.3482232093811035,-4.6970438957214355,circulation_proxy,0.2504430413246155,0.0073425122536718845,-0.32706934213638306,N,1.225,-0.060614511370658875,0.00040550672565586865,0.004868534859269857,0.88525390625,0.09109309315681458,0.8314712643623352,m/s,-0.01443139836192131,3.3863577842712402,-0.29991114139556885,-0.04517131945066199
0.012,2,blade_0,blade_0_RotorFlow_OpenVSP_Blade_0,RotorFlow_OpenVSP_Blade_0_segment_10,blade_0_RotorFlow_OpenVSP_Blade_0:RotorFlow_OpenVSP_Blade_0_segment_10:orig:0,orig,0,3.37809681892395,3.37809681892395,3.2583839893341064,3.4987235069274902,3,0.5833332538604736,0.08011242002248764,-1.0134996175765991,-3.4745514392852783,circulation_proxy,0.17027345299720764,0.0028535709716379642,-0.1735129952430725,N,1.225,-0.07626306265592575,0.0002152511733584106,0.006125427782535553,0.637087345123291,0.07928631454706192,0.8755057454109192,m/s,-0.008017443120479584,3.386359453201294,-0.22005592286586761,-0.04517131945066199
0.012,2,blade_0,blade_0_RotorFlow_OpenVSP_Blade_0,RotorFlow_OpenVSP_Blade_0_segment_10,blade_0_RotorFlow_OpenVSP_Blade_0:RotorFlow_OpenVSP_Blade_0_segment_10:orig:0,orig,0,3.37809681892395,3.37809681892395,3.2583839893341064,3.4987235069274902,4,0.75,0.08011242747306824,-0.7491171956062317,-2.5075693130493164,circulation_proxy,0.09783968329429626,0.0014563649892807007,-0.11458069086074829,N,1.225,-0.08938156068325043,-9.413946827407926e-05,0.0071791065856814384,0.5838809013366699,0.06348054111003876,0.8985999226570129,m/s,-0.0016034886939451098,3.3863611221313477,-0.1402006596326828,-0.04517131945066199
0.012,2,blade_0,blade_0_RotorFlow_OpenVSP_Blade_0,RotorFlow_OpenVSP_Blade_0_segment_10,blade_0_RotorFlow_OpenVSP_Blade_0:RotorFlow_OpenVSP_Blade_0_segment_10:orig:0,orig,0,3.37809681892395,3.37809681892395,3.2583839893341064,3.4987235069274902,5,0.9166666269302368,0.08011242002248764,-0.47482535243034363,-1.5122541189193726,circulation_proxy,0.020513519644737244,0.0005124034942127764,-0.08355351537466049,N,1.225,-0.09868281334638596,-0.00048656697617843747,0.007926191203296185,0.6918463706970215,0.045741599053144455,0.9019622802734375,m/s,0.004810465965420008,3.3863625526428223,-0.06034540757536888,-0.04517131945066199
0.012,2,blade_0,blade_0_RotorFlow_OpenVSP_Blade_0,RotorFlow_OpenVSP_Blade_0_segment_11,blade_0_RotorFlow_OpenVSP_Blade_0:RotorFlow_OpenVSP_Blade_0_segment_11:orig:0,orig,0,3.6054437160491943,3.6054437160491943,3.4858720302581787,3.7259085178375244,0,0.083333320915699,0.07821879535913467,-4.032733917236328,-14.696471214294434,circulation_proxy,-0.07534077763557434,0.6248842477798462,-13.319905281066895,N,1.225,-0.018164027482271194,0.00021995758288539946,0.0012694294564425945,11.863683700561523,-0.06482250243425369,-0.053960639983415604,m/s,-0.02317609265446663,3.6136274337768555,-0.4490213096141815,0.045532446306279374
0.012,2,blade_0,blade_0_RotorFlow_OpenVSP_Blade_0,RotorFlow_OpenVSP_Blade_0_segment_11,blade_0_RotorFlow_OpenVSP_Blade_0:RotorFlow_OpenVSP_Blade_0_segment_11:orig:0,orig,0,3.6054437160491943,3.6054437160491943,3.4858720302581787,3.7259085178375244,1,0.25000008940696716,0.07821879535913467,-1.901031494140625,-6.8756103515625,circulation_proxy,0.3193787634372711,0.032682038843631744,-0.9494128823280334,N,1.225,-0.036403290927410126,0.0003290124877821654,0.0025441215839236975,1.7995970249176025,0.07527518272399902,0.6751351952552795,m/s,-0.017722895368933678,3.61362886428833,-0.37099286913871765,0.045532446306279374
0.012,2,blade_0,blade_0_RotorFlow_OpenVSP_Blade_0,RotorFlow_OpenVSP_Blade_0_segment_11,blade_0_RotorFlow_OpenVSP_Blade_0:RotorFlow_OpenVSP_Blade_0_segment_11:orig:0,orig,0,3.6054437160491943,3.6054437160491943,3.4858720302581787,3.7259085178375244,2,0.416666716337204,0.07821876555681229,-1.3238729238510132,-4.739309787750244,circulation_proxy,0.22972260415554047,0.0077629052102565765,-0.32073429226875305,N,1.225,-0.05134906247258186,0.00029470608569681644,0.003588641993701458,0.8806014060974121,0.07627486437559128,0.7649219632148743,m/s,-0.012269696220755577,3.613630533218384,-0.2929643988609314,0.045532446306279374
0.012,2,blade_0,blade_0_RotorFlow_OpenVSP_Blade_0,RotorFlow_OpenVSP_Blade_0_segment_11,blade_0_RotorFlow_OpenVSP_Blade_0:RotorFlow_OpenVSP_Blade_0_segment_11:orig:0,orig,0,3.6054437160491943,3.6054437160491943,3.4858720302581787,3.7259085178375244,3,0.5833333134651184,0.07821876555681229,-0.9931302666664124,-3.5061521530151367,circulation_proxy,0.1574000120162964,0.0029953219927847385,-0.16933956742286682,N,1.225,-0.06467344611883163,0.00015619481564499438,0.004519850946962833,0.629119873046875,0.06667042523622513,0.8046736717224121,m/s,-0.006816498003900051,3.6136322021484375,-0.21493595838546753,0.045532446306279374
0.012,2,blade_0,blade_0_RotorFlow_OpenVSP_Blade_0,RotorFlow_OpenVSP_Blade_0_segment_11,blade_0_RotorFlow_OpenVSP_Blade_0:RotorFlow_OpenVSP_Blade_0_segment_11:orig:0,orig,0,3.6054437160491943,3.6054437160491943,3.4858720302581787,3.7259085178375244,4,0.75,0.07821878790855408,-0.7322654724121094,-2.532236337661743,circulation_proxy,0.09233978390693665,0.001460778177715838,-0.11158498376607895,N,1.225,-0.07587110996246338,-6.951189425308257e-05,0.005302427802234888,0.573397159576416,0.05371802672743797,0.8258703351020813,m/s,-0.0013632995542138815,3.613633632659912,-0.13690750300884247,0.045532446306279374
0.012,2,blade_0,blade_0_RotorFlow_OpenVSP_Blade_0,RotorFlow_OpenVSP_Blade_0_segment_11,blade_0_RotorFlow_OpenVSP_Blade_0:RotorFlow_OpenVSP_Blade_0_segment_11:orig:0,orig,0,3.6054437160491943,3.6054437160491943,3.4858720302581787,3.7259085178375244,5,0.9166666865348816,0.07821877300739288,-0.46293747425079346,-1.5334787368774414,circulation_proxy,0.023048095405101776,0.0005191517411731184,-0.08160398155450821,N,1.225,-0.08383752405643463,-0.00035621545976027846,0.005859185941517353,0.6784934997558594,0.03920699283480644,0.829555094242096,m/s,0.004089898895472288,3.6136350631713867,-0.058879055082798004,0.045532446306279374
0.012,2,blade_0,blade_0_RotorFlow_OpenVSP_Blade_0,RotorFlow_OpenVSP_Blade_0_segment_12,blade_0_RotorFlow_OpenVSP_Blade_0:RotorFlow_OpenVSP_Blade_0_segment_12:orig:0,orig,0,3.8327934741973877,3.8327934741973877,3.713362693786621,3.953094959259033,0,0.08333339542150497,0.07632507383823395,-3.9630239009857178,-14.805593490600586,circulation_proxy,-0.02764829248189926,0.6211411952972412,-13.183147430419922,N,1.225,-0.01534989196807146,0.0001608504680916667,0.0009313833434134722,11.948332786560059,-0.05994880571961403,-0.013969304040074348,m/s,-0.019646381959319115,3.840900182723999,-0.4383499026298523,0.13623735351515473
0.012,2,blade_0,blade_0_RotorFlow_OpenVSP_Blade_0,RotorFlow_OpenVSP_Blade_0_segment_12,blade_0_RotorFlow_OpenVSP_Blade_0:RotorFlow_OpenVSP_Blade_0_segment_12:orig:0,orig,0,3.8327934741973877,3.8327934741973877,3.713362693786621,3.953094959259033,1,0.2500000596046448,0.07632507383823395,-1.8664755821228027,-6.927663326263428,circulation_proxy,0.2932010591030121,0.03317610174417496,-0.935587465763092,N,1.225,-0.03080383874475956,0.00024088937789201736,0.0018690815195441246,1.804727554321289,0.06264371424913406,0.625952959060669,m/s,-0.015023703686892986,3.8409018516540527,-0.3621649742126465,0.13623735351515473
0.012,2,blade_0,blade_0_RotorFlow_OpenVSP_Blade_0,RotorFlow_OpenVSP_Blade_0_segment_12,blade_0_RotorFlow_OpenVSP_Blade_0:RotorFlow_OpenVSP_Blade_0_segment_12:orig:0,orig,0,3.8327934741973877,3.8327934741973877,3.713362693786621,3.953094959259033,2,0.416666716337204,0.07632501423358917,-1.297818660736084,-4.774547100067139,circulation_proxy,0.21090076863765717,0.008040622808039188,-0.3144597113132477,N,1.225,-0.04349227622151375,0.00021594030840788037,0.002638980047777295,0.8780884742736816,0.06399978697299957,0.7060274481773376,m/s,-0.010401026345789433,3.8409032821655273,-0.2859800457954407,0.13623735351515473
0.012,2,blade_0,blade_0_RotorFlow_OpenVSP_Blade_0,RotorFlow_OpenVSP_Blade_0_segment_12,blade_0_RotorFlow_OpenVSP_Blade_0:RotorFlow_OpenVSP_Blade_0_segment_12:orig:0,orig,0,3.8327934741973877,3.8327934741973877,3.713362693786621,3.953094959259033,3,0.5833333730697632,0.07632504403591156,-0.971604585647583,-3.531611919403076,circulation_proxy,0.14557787775993347,0.0030845538713037968,-0.16527040302753448,N,1.225,-0.05481456592679024,0.000114446971565485,0.0033259850461035967,0.623507022857666,0.05619977414608002,0.7420859932899475,m/s,-0.005778347607702017,3.840904951095581,-0.20979511737823486,0.13623735351515473
0.012,2,blade_0,blade_0_RotorFlow_OpenVSP_Blade_0,RotorFlow_OpenVSP_Blade_0_segment_12,blade_0_RotorFlow_OpenVSP_Blade_0:RotorFlow_OpenVSP_Blade_0_segment_12:orig:0,orig,0,3.8327934741973877,3.8327934741973877,3.713362693786621,3.953094959259033,4,0.7500000596046448,0.07632505148649216,-0.7147217988967896,-2.5516576766967773,circulation_proxy,0.08697366714477539,0.001453083474189043,-0.10856770724058151,N,1.225,-0.0643460601568222,-5.1186543714720756e-05,0.0039043305441737175,0.5652666091918945,0.04559129476547241,0.7611187100410461,m/s,-0.001155669568106532,3.8409063816070557,-0.13361017405986786,0.13623735351515473
0.012,2,blade_0,blade_0_RotorFlow_OpenVSP_Blade_0,RotorFlow_OpenVSP_Blade_0_segment_12,blade_0_RotorFlow_OpenVSP_Blade_0:RotorFlow_OpenVSP_Blade_0_segment_12:orig:0,orig,0,3.8327934741973877,3.8327934741973877,3.713362693786621,3.953094959259033,5,0.9166666269302368,0.07632504403591156,-0.4507531225681305,-1.5504354238510132,circulation_proxy,0.024874411523342133,0.0005165329203009605,-0.07946328818798065,N,1.225,-0.07114584743976593,-0.00026182146393693984,0.004316927399486303,0.6675186157226562,0.033713359385728836,0.7653544545173645,m/s,0.0034670087043195963,3.8409078121185303,-0.05742524191737175,0.13623735351515473
0.012,2,blade_0,blade_0_RotorFlow_OpenVSP_Blade_0,RotorFlow_OpenVSP_Blade_0_segment_13,blade_0_RotorFlow_OpenVSP_Blade_0:RotorFlow_OpenVSP_Blade_0_segment_13:orig:0,orig,0,4.060145378112793,4.060145378112793,3.940854787826538,4.180281639099121,0,0.0833333358168602,0.07443127036094666,-3.888789176940918,-14.902188301086426,circulation_proxy,0.015044564381241798,0.6154380440711975,-13.019245147705078,N,1.225,-0.012900643050670624,0.00011778109183069319,0.0006771014886908233,12.024999618530273,-0.05610135942697525,0.023158419877290726,m/s,-0.016580231487751007,4.068173885345459,-0.4276255667209625,0.2269431168129806
0.012,2,blade_0,blade_0_RotorFlow_OpenVSP_Blade_0,RotorFlow_OpenVSP_Blade_0_segment_13,blade_0_RotorFlow_OpenVSP_Blade_0:RotorFlow_OpenVSP_Blade_0_segment_13:orig:0,orig,0,4.060145378112793,4.060145378112793,3.940854787826538,4.180281639099121,1,0.2500000298023224,0.07443130016326904,-1.829704999923706,-6.9723968505859375,circulation_proxy,0.26966747641563416,0.03338904306292534,-0.9207313060760498,N,1.225,-0.025940747931599617,0.00017676058632787317,0.0013615232892334461,1.810631513595581,0.05186200141906738,0.5823274850845337,m/s,-0.012679001316428185,4.068174839019775,-0.3532966077327728,0.2269431168129806
0.012,2,blade_0,blade_0_RotorFlow_OpenVSP_Blade_0,RotorFlow_OpenVSP_Blade_0_segment_13,blade_0_RotorFlow_OpenVSP_Blade_0:RotorFlow_OpenVSP_Blade_0_segment_13:orig:0,orig,0,4.060145378112793,4.060145378112793,3.940854787826538,4.180281639099121,2,0.4166666567325592,0.07443124055862427,-1.2702677249908447,-4.803717136383057,circulation_proxy,0.19387254118919373,0.008208355866372585,-0.30811524391174316,N,1.225,-0.036694470793008804,0.00015880631690379232,0.001925943186506629,0.8770351409912109,0.05355075001716614,0.6536113619804382,m/s,-0.008777770213782787,4.068176746368408,-0.27896764874458313,0.2269431168129806
0.012,2,blade_0,blade_0_RotorFlow_OpenVSP_Blade_0,RotorFlow_OpenVSP_Blade_0_segment_13,blade_0_RotorFlow_OpenVSP_Blade_0:RotorFlow_OpenVSP_Blade_0_segment_13:orig:0,orig,0,4.060145378112793,4.060145378112793,3.940854787826538,4.180281639099121,3,0.5833333134651184,0.07443127036094666,-0.9490800499916077,-3.5518062114715576,circulation_proxy,0.13472124934196472,0.003133488120511174,-0.16122165322303772,N,1.225,-0.04632117599248886,8.441114914603531e-05,0.0024312122259289026,0.6195263862609863,0.04729538410902023,0.6862376928329468,m/s,-0.00487653911113739,4.068178176879883,-0.20463867485523224,0.2269431168129806
0.012,2,blade_0,blade_0_RotorFlow_OpenVSP_Blade_0,RotorFlow_OpenVSP_Blade_0_segment_13,blade_0_RotorFlow_OpenVSP_Blade_0:RotorFlow_OpenVSP_Blade_0_segment_13:orig:0,orig,0,4.060145378112793,4.060145378112793,3.940854787826538,4.180281639099121,4,0.7500000596046448,0.07443125545978546,-0.6965894103050232,-2.5665595531463623,circulation_proxy,0.08193303644657135,0.001436372403986752,-0.10552794486284256,N,1.225,-0.05444745346903801,-3.749259121832438e-05,0.002857730956748128,0.558901309967041,0.03867221623659134,0.703785240650177,m/s,-0.0009753077756613493,4.068179130554199,-0.13030971586704254,0.2269431168129806
0.012,2,blade_0,blade_0_RotorFlow_OpenVSP_Blade_0,RotorFlow_OpenVSP_Blade_0_segment_13,blade_0_RotorFlow_OpenVSP_Blade_0:RotorFlow_OpenVSP_Blade_0_segment_13:orig:0,orig,0,4.060145378112793,4.060145378112793,3.940854787826538,4.180281639099121,5,0.9166666269302368,0.07443127036094666,-0.4383256733417511,-1.5637112855911255,circulation_proxy,0.026121173053979874,0.0005077815731056035,-0.0771777331829071,N,1.225,-0.060261841863393784,-0.00019287051691208035,0.00316290813498199,0.6582827568054199,0.02902926877140999,0.7080449461936951,m/s,0.002925923326984048,4.068181037902832,-0.05598077178001404,0.2269431168129806
0.012,2,blade_0,blade_0_RotorFlow_OpenVSP_Blade_0,RotorFlow_OpenVSP_Blade_0_segment_14,blade_0_RotorFlow_OpenVSP_Blade_0:RotorFlow_OpenVSP_Blade_0_segment_14:orig:0,orig,0,4.2874979972839355,4.2874979972839355,4.16834831237793,4.407469749450684,0,0.08333335816860199,0.07253746688365936,-3.809943199157715,-14.984872817993164,circulation_proxy,0.052904583513736725,0.6078828573226929,-12.826793670654297,N,1.225,-0.010838096961379051,8.67406270117499e-05,0.0004893793957307935,12.092363357543945,-0.05339818075299263,0.057560477405786514,m/s,-0.01390602346509695,4.295446395874023,-0.4168613851070404,0.31764916547378996
0.012,2,blade_0,blade_0_RotorFlow_OpenVSP_Blade_0,RotorFlow_OpenVSP_Blade_0_segment_14,blade_0_RotorFlow_OpenVSP_Blade_0:RotorFlow_OpenVSP_Blade_0_segment_14:orig:0,orig,0,4.2874979972839355,4.2874979972839355,4.16834831237793,4.407469749450684,1,0.2500000596046448,0.07253743708133698,-1.7906886339187622,-7.009087562561035,circulation_proxy,0.2481343299150467,0.03337075561285019,-0.9044904112815857,N,1.225,-0.021832983940839767,0.0001304608886130154,0.0009858388220891356,1.8165903091430664,0.04226590320467949,0.5431671142578125,m/s,-0.01063401810824871,4.295447826385498,-0.34439778327941895,0.31764916547378996
0.012,2,blade_0,blade_0_RotorFlow_OpenVSP_Blade_0,RotorFlow_OpenVSP_Blade_0_segment_14,blade_0_RotorFlow_OpenVSP_Blade_0:RotorFlow_OpenVSP_Blade_0_segment_14:orig:0,orig,0,4.2874979972839355,4.2874979972839355,4.16834831237793,4.407469749450684,2,0.4166666269302368,0.07253743708133698,-1.2412210702896118,-4.8264079093933105,circulation_proxy,0.17818954586982727,0.008289149031043053,-0.30152273178100586,N,1.225,-0.03093152493238449,0.00011750137491617352,0.0013966730330139399,0.8768424987792969,0.04431145638227463,0.6065254211425781,m/s,-0.007362012751400471,4.295449256896973,-0.2719341516494751,0.31764916547378996
0.012,2,blade_0,blade_0_RotorFlow_OpenVSP_Blade_0,RotorFlow_OpenVSP_Blade_0_segment_14,blade_0_RotorFlow_OpenVSP_Blade_0:RotorFlow_OpenVSP_Blade_0_segment_14:orig:0,orig,0,4.2874979972839355,4.2874979972839355,4.16834831237793,4.407469749450684,3,0.5833333134651184,0.07253746688365936,-0.9255750179290771,-3.566617965698242,circulation_proxy,0.12459352612495422,0.0031503380741924047,-0.15709294378757477,N,1.225,-0.03908956050872803,6.274811312323436e-05,0.0017650395166128874,0.6165995597839355,0.03945128247141838,0.6360946893692017,m/s,-0.0040900069288909435,4.295450687408447,-0.19947054982185364,0.31764916547378996
0.012,2,blade_0,blade_0_RotorFlow_OpenVSP_Blade_0,RotorFlow_OpenVSP_Blade_0_segment_14,blade_0_RotorFlow_OpenVSP_Blade_0:RotorFlow_OpenVSP_Blade_0_segment_14:orig:0,orig,0,4.2874979972839355,4.2874979972839355,4.16834831237793,4.407469749450684,4,0.7500000596046448,0.07253743708133698,-0.6778988838195801,-2.577090263366699,circulation_proxy,0.0770389586687088,0.001412237179465592,-0.1024133563041687,N,1.225,-0.045994143933057785,-2.727964056248311e-05,0.0020768102258443832,0.5536599159240723,0.03260156139731407,0.6523621082305908,m/s,-0.0008180013974197209,4.295451641082764,-0.12700694799423218,0.31764916547378996
0.012,2,blade_0,blade_0_RotorFlow_OpenVSP_Blade_0,RotorFlow_OpenVSP_Blade_0_segment_14,blade_0_RotorFlow_OpenVSP_Blade_0:RotorFlow_OpenVSP_Blade_0_segment_14:orig:0,orig,0,4.2874979972839355,4.2874979972839355,4.16834831237793,4.407469749450684,5,0.9166666865348816,0.07253744453191757,-0.4256831407546997,-1.5736045837402344,circulation_proxy,0.026837147772312164,0.0004947807174175978,-0.07476778328418732,N,1.225,-0.050959110260009766,-0.00014229559747036546,0.002300999127328396,0.6502432823181152,0.024946605786681175,0.6565873622894287,m/s,0.0024540042504668236,4.2954535484313965,-0.05454332381486893,0.31764916547378996
0.012,2,blade_0,blade_0_RotorFlow_OpenVSP_Blade_0,RotorFlow_OpenVSP_Blade_0_segment_15,blade_0_RotorFlow_OpenVSP_Blade_0:RotorFlow_OpenVSP_Blade_0_segment_15:orig:0,orig,0,4.514852046966553,4.514852046966553,4.395843505859375,4.634658336639404,0,0.0833333283662796,0.07064361870288849,-3.7256529331207275,-15.049459457397461,circulation_proxy,0.0859309732913971,0.598322331905365,-12.599769592285156,N,1.225,-0.009024056605994701,6.366292655002326e-05,0.0003478939179331064,12.147037506103516,-0.052132945507764816,0.0890653058886528,m/s,-0.011566058732569218,4.522719383239746,-0.40606698393821716,0.4083557848605663
0.012,2,blade_0,blade_0_RotorFlow_OpenVSP_Blade_0,RotorFlow_OpenVSP_Blade_0_segment_15,blade_0_RotorFlow_OpenVSP_Blade_0:RotorFlow_OpenVSP_Blade_0_segment_15:orig:0,orig,0,4.514852046966553,4.514852046966553,4.395843505859375,4.634658336639404,1,0.2500000596046448,0.0706435889005661,-1.7490264177322388,-7.035994052886963,circulation_proxy,0.22848927974700928,0.03314150124788284,-0.8863050937652588,N,1.225,-0.018225746229290962,9.605921513866633e-05,0.0007026351522654295,1.8218226432800293,0.03311914950609207,0.5079611539840698,m/s,-0.008844633586704731,4.522720813751221,-0.3354758322238922,0.4083557848605663
0.012,2,blade_0,blade_0_RotorFlow_OpenVSP_Blade_0,RotorFlow_OpenVSP_Blade_0_segment_15,blade_0_RotorFlow_OpenVSP_Blade_0:RotorFlow_OpenVSP_Blade_0_segment_15:orig:0,orig,0,4.514852046966553,4.514852046966553,4.395843505859375,4.634658336639404,2,0.4166666865348816,0.07064356654882431,-1.2104047536849976,-4.84165620803833,circulation_proxy,0.16380688548088074,0.008293401449918747,-0.2944253385066986,N,1.225,-0.025887560099363327,8.68738570716232e-05,0.000998014584183693,0.8768396377563477,0.0356251485645771,0.5640175342559814,m/s,-0.00612320750951767,4.522722244262695,-0.26488468050956726,0.4083557848605663
0.012,2,blade_0,blade_0_RotorFlow_OpenVSP_Blade_0,RotorFlow_OpenVSP_Blade_0_segment_15,blade_0_RotorFlow_OpenVSP_Blade_0:RotorFlow_OpenVSP_Blade_0_segment_15:orig:0,orig,0,4.514852046966553,4.514852046966553,4.395843505859375,4.634658336639404,3,0.5833333134651184,0.0706436038017273,-0.9009022116661072,-3.575570821762085,circulation_proxy,0.11523913592100143,0.003138704923912883,-0.15274038910865784,N,1.225,-0.03278081864118576,4.675630043493584e-05,0.0012637628242373466,0.6140956878662109,0.03213190287351608,0.5908786654472351,m/s,-0.0034017818979918957,4.52272367477417,-0.1942935287952423,0.4083557848605663
0.012,2,blade_0,blade_0_RotorFlow_OpenVSP_Blade_0,RotorFlow_OpenVSP_Blade_0_segment_15,blade_0_RotorFlow_OpenVSP_Blade_0:RotorFlow_OpenVSP_Blade_0_segment_15:orig:0,orig,0,4.514852046966553,4.514852046966553,4.395843505859375,4.634658336639404,4,0.7500000596046448,0.0706436038017273,-0.6585438251495361,-2.5832011699676514,circulation_proxy,0.07244717329740524,0.0013812759425491095,-0.09915532171726227,N,1.225,-0.038637883961200714,-1.960665213118773e-05,0.0014895652420818806,0.5489530563354492,0.026991084218025208,0.6062731146812439,m/s,-0.0006803564028814435,4.5227251052856445,-0.12370237708091736,0.4083557848605663
0.012,2,blade_0,blade_0_RotorFlow_OpenVSP_Blade_0,RotorFlow_OpenVSP_Blade_0_segment_15,blade_0_RotorFlow_OpenVSP_Blade_0:RotorFlow_OpenVSP_Blade_0_segment_15:orig:0,orig,0,4.514852046966553,4.514852046966553,4.395843505859375,4.634658336639404,5,0.9166666269302368,0.0706435889005661,-0.41279366612434387,-1.5805021524429321,circulation_proxy,0.02724820375442505,0.0004791226820088923,-0.07222915440797806,N,1.225,-0.042863570153713226,-0.00010467179527040571,0.0016524756792932749,0.6428298950195312,0.0212489552795887,0.6101970076560974,m/s,0.0020410690922290087,4.522726535797119,-0.05311121419072151,0.4083557848605663
0.012,2,blade_0,blade_0_RotorFlow_OpenVSP_Blade_0,RotorFlow_OpenVSP_Blade_0_segment_16,blade_0_RotorFlow_OpenVSP_Blade_0:RotorFlow_OpenVSP_Blade_0_segment_16:orig:0,orig,0,4.74220609664917,4.74220609664917,4.62333869934082,4.861847400665283,0,0.08333330601453781,0.06874969601631165,-3.633702039718628,-15.085365295410156,circulation_proxy,0.11489111930131912,0.5860999822616577,-12.322965621948242,N,1.225,-0.0074054342694580555,4.628577153198421e-05,0.000241242436459288,12.180767059326172,-0.05263407155871391,0.1183798685669899,m/s,-0.009513357654213905,4.749992370605469,-0.39524954557418823,0.49906240424734266
0.012,2,blade_0,blade_0_RotorFlow_OpenVSP_Blade_0,RotorFlow_OpenVSP_Blade_0_segment_16,blade_0_RotorFlow_OpenVSP_Blade_0:RotorFlow_OpenVSP_Blade_0_segment_16:orig:0,orig,0,4.74220609664917,4.74220609664917,4.62333869934082,4.861847400665283,1,0.25,0.06874975562095642,-1.7036060094833374,-7.047900676727295,circulation_proxy,0.21006591618061066,0.03268412873148918,-0.8648863434791565,N,1.225,-0.015019426122307777,7.019388431217521e-05,0.0004892783472314477,1.824686050415039,0.023802541196346283,0.47550034523010254,m/s,-0.007274920586496592,4.749993324279785,-0.32653626799583435,0.49906240424734266
0.012,2,blade_0,blade_0_RotorFlow_OpenVSP_Blade_0,RotorFlow_OpenVSP_Blade_0_segment_16,blade_0_RotorFlow_OpenVSP_Blade_0:RotorFlow_OpenVSP_Blade_0_segment_16:orig:0,orig,0,4.74220609664917,4.74220609664917,4.62333869934082,4.861847400665283,2,0.4166666865348816,0.06874969601631165,-1.1770602464675903,-4.8460187911987305,circulation_proxy,0.15030133724212646,0.008220594376325607,-0.28631606698036194,N,1.225,-0.02141089178621769,6.385396409314126e-05,0.0006974907009862363,0.8759503364562988,0.026922691613435745,0.5248218774795532,m/s,-0.005036483518779278,4.749995231628418,-0.25782299041748047,0.49906240424734266
0.012,2,blade_0,blade_0_RotorFlow_OpenVSP_Blade_0,RotorFlow_OpenVSP_Blade_0_segment_16,blade_0_RotorFlow_OpenVSP_Blade_0:RotorFlow_OpenVSP_Blade_0_segment_16:orig:0,orig,0,4.74220609664917,4.74220609664917,4.62333869934082,4.861847400665283,3,0.5833333730697632,0.06874972581863403,-0.8745541572570801,-3.576511859893799,circulation_proxy,0.10627330839633942,0.003098153043538332,-0.1478741466999054,N,1.225,-0.027190638706088066,3.4749067708617076e-05,0.0008857749053277075,0.611025333404541,0.024885449558496475,0.5487102270126343,m/s,-0.002798046451061964,4.749996185302734,-0.1891097128391266,0.49906240424734266
0.012,2,blade_0,blade_0_RotorFlow_OpenVSP_Blade_0,RotorFlow_OpenVSP_Blade_0_segment_16,blade_0_RotorFlow_OpenVSP_Blade_0:RotorFlow_OpenVSP_Blade_0_segment_16:orig:0,orig,0,4.74220609664917,4.74220609664917,4.62333869934082,4.861847400665283,4,0.7500000596046448,0.06874972581863403,-0.6382388472557068,-2.583883047103882,circulation_proxy,0.06784649938344955,0.0013422648189589381,-0.0955781564116478,N,1.225,-0.0321284681558609,-1.3820150343235582e-05,0.001046632882207632,0.5437884330749512,0.021520134061574936,0.5629446506500244,m/s,-0.0005596092669293284,4.749997615814209,-0.1203964501619339,0.49906240424734266
0.012,2,blade_0,blade_0_RotorFlow_OpenVSP_Blade_0,RotorFlow_OpenVSP_Blade_0_segment_16,blade_0_RotorFlow_OpenVSP_Blade_0:RotorFlow_OpenVSP_Blade_0_segment_16:orig:0,orig,0,4.74220609664917,4.74220609664917,4.62333869934082,4.861847400665283,5,0.9166667461395264,0.06874971091747284,-0.39956313371658325,-1.58433198928833,circulation_proxy,0.027404285967350006,0.00046120566548779607,-0.06950949877500534,N,1.225,-0.03571327030658722,-7.638811803190038e-05,0.0011634144466370344,0.6352806091308594,0.017739644274115562,0.5675002336502075,m/s,0.0016788278007879853,4.749999046325684,-0.05168317258358002,0.49906240424734266
0.012,2,blade_0,blade_0_RotorFlow_OpenVSP_Blade_0,RotorFlow_OpenVSP_Blade_0_segment_17,blade_0_RotorFlow_OpenVSP_Blade_0:RotorFlow_OpenVSP_Blade_0_segment_17:orig:0,orig,0,4.9695611000061035,4.9695611000061035,4.850834369659424,5.089036464691162,0,0.08333326876163483,0.06685581058263779,-3.529010057449341,-15.068459510803223,circulation_proxy,0.13788270950317383,0.5696991682052612,-11.962760925292969,N,1.225,-0.005962682887911797,3.3171756513183936e-05,0.0001618402311578393,12.175497055053711,-0.055378034710884094,0.14376437664031982,m/s,-0.007709297817200422,4.977264881134033,-0.3844143748283386,0.589769404118097
0.012,2,blade_0,blade_0_RotorFlow_OpenVSP_Blade_0,RotorFlow_OpenVSP_Blade_0_segment_17,blade_0_RotorFlow_OpenVSP_Blade_0:RotorFlow_OpenVSP_Blade_0_segment_17:orig:0,orig,0,4.9695611000061035,4.9695611000061035,4.850834369659424,5.089036464691162,1,0.24999994039535522,0.06685584038496017,-1.6518927812576294,-7.03286600112915,circulation_proxy,0.19139866530895233,0.031929004937410355,-0.837698757648468,N,1.225,-0.012145071290433407,5.0581184041220695e-05,0.0003296437207609415,1.8222641944885254,0.01354581955820322,0.44311416149139404,m/s,-0.005895345471799374,4.977266311645508,-0.3175831437110901,0.589769404118097
0.012,2,blade_0,blade_0_RotorFlow_OpenVSP_Blade_0,RotorFlow_OpenVSP_Blade_0_segment_17,blade_0_RotorFlow_OpenVSP_Blade_0:RotorFlow_OpenVSP_Blade_0_segment_17:orig:0,orig,0,4.9695611000061035,4.9695611000061035,4.850834369659424,5.089036464691162,2,0.4166666269302368,0.06685584038496017,-1.1394469738006592,-4.831408500671387,circulation_proxy,0.13673873245716095,0.008055169135332108,-0.2762655019760132,N,1.225,-0.017376337200403214,4.6315584768308327e-05,0.00047163275303319097,0.8724179267883301,0.017508285120129585,0.4863567650318146,m/s,-0.004081393126398325,4.977267742156982,-0.25075191259384155,0.589769404118097
0.012,2,blade_0,blade_0_RotorFlow_OpenVSP_Blade_0,RotorFlow_OpenVSP_Blade_0_segment_17,blade_0_RotorFlow_OpenVSP_Blade_0:RotorFlow_OpenVSP_Blade_0_segment_17:orig:0,orig,0,4.9695611000061035,4.9695611000061035,4.850834369659424,5.089036464691162,3,0.5833333134651184,0.06685584038496017,-0.8453699946403503,-3.5642080307006836,circulation_proxy,0.09738010913133621,0.0030216416344046593,-0.14200003445148468,N,1.225,-0.022133929654955864,2.5551547878421843e-05,0.0006007651682011783,0.6059250831604004,0.017115870490670204,0.5081867575645447,m/s,-0.0022674405481666327,4.977268695831299,-0.1839207112789154,0.589769404118097
0.012,2,blade_0,blade_0_RotorFlow_OpenVSP_Blade_0,RotorFlow_OpenVSP_Blade_0_segment_17,blade_0_RotorFlow_OpenVSP_Blade_0:RotorFlow_OpenVSP_Blade_0_segment_17:orig:0,orig,0,4.9695611000061035,4.9695611000061035,4.850834369659424,5.089036464691162,4,0.7499999403953552,0.06685584038496017,-0.6163480281829834,-2.5765092372894287,circulation_proxy,0.06308803707361221,0.0012918803840875626,-0.09139154106378555,N,1.225,-0.02621542476117611,-9.436413165531121e-06,0.0007115470361895859,0.5367484092712402,0.015761440619826317,0.5206557512283325,m/s,-0.0004534881154540926,4.977270126342773,-0.11708948016166687,0.589769404118097
0.012,2,blade_0,blade_0_RotorFlow_OpenVSP_Blade_0,RotorFlow_OpenVSP_Blade_0_segment_17,blade_0_RotorFlow_OpenVSP_Blade_0:RotorFlow_OpenVSP_Blade_0_segment_17:orig:0,orig,0,4.9695611000061035,4.9695611000061035,4.850834369659424,5.089036464691162,5,0.9166667461395264,0.06685584038496017,-0.38580989837646484,-1.5847479104995728,circulation_proxy,0.02720683068037033,0.0004406114458106458,-0.06648506969213486,N,1.225,-0.029195137321949005,-5.4738538892706856e-05,0.000792423845268786,0.6263260841369629,0.014182929880917072,0.5251837968826294,m/s,0.0013604643754661083,4.977271556854248,-0.05025825649499893,0.589769404118097
0.012,2,blade_0,blade_0_RotorFlow_OpenVSP_Blade_0,RotorFlow_OpenVSP_Blade_0_segment_18,blade_0_RotorFlow_OpenVSP_Blade_0:RotorFlow_OpenVSP_Blade_0_segment_18:orig:0,orig,0,5.1969170570373535,5.1969170570373535,5.078330993652344,5.316226005554199,0,0.08333329856395721,0.06496191024780273,-3.4000933170318604,-14.94397258758545,circulation_proxy,0.15117105841636658,0.5456171035766602,-11.444714546203613,N,1.225,-0.004543237388134003,2.2593292669625953e-05,0.00010076396574731916,12.089794158935547,-0.06041019782423973,0.16160979866981506,m/s,-0.0061218454502522945,5.204538345336914,-0.37356558442115784,0.6804767844728293
0.012,2,blade_0,blade_0_RotorFlow_OpenVSP_Blade_0,RotorFlow_OpenVSP_Blade_0_segment_18,blade_0_RotorFlow_OpenVSP_Blade_0:RotorFlow_OpenVSP_Blade_0_segment_18:orig:0,orig,0,5.1969170570373535,5.1969170570373535,5.078330993652344,5.316226005554199,1,0.24999988079071045,0.06496194005012512,-1.5880776643753052,-6.963594913482666,circulation_proxy,0.17040130496025085,0.03067275881767273,-0.7990139126777649,N,1.225,-0.009327876381576061,3.4775675885612145e-05,0.00020688162476290017,1.8076462745666504,0.0019306752365082502,0.4065784215927124,m/s,-0.004681411199271679,5.2045392990112305,-0.3086196184158325,0.6804767844728293
0.012,2,blade_0,blade_0_RotorFlow_OpenVSP_Blade_0,RotorFlow_OpenVSP_Blade_0_segment_18,blade_0_RotorFlow_OpenVSP_Blade_0:RotorFlow_OpenVSP_Blade_0_segment_18:orig:0,orig,0,5.1969170570373535,5.1969170570373535,5.078330993652344,5.316226005554199,2,0.4166666269302368,0.06496194005012512,-1.0935627222061157,-4.779324054718018,circulation_proxy,0.12150342017412186,0.007740441709756851,-0.2620887756347656,N,1.225,-0.013449987396597862,3.220712096663192e-05,0.0002983063168358058,0.8618407249450684,0.007001122459769249,0.44347575306892395,m/s,-0.0032409769482910633,5.204540729522705,-0.2436736524105072,0.6804767844728293
0.012,2,blade_0,blade_0_RotorFlow_OpenVSP_Blade_0,RotorFlow_OpenVSP_Blade_0_segment_18,blade_0_RotorFlow_OpenVSP_Blade_0:RotorFlow_OpenVSP_Blade_0_segment_18:orig:0,orig,0,5.1969170570373535,5.1969170570373535,5.078330993652344,5.316226005554199,3,0.5833333134651184,0.06496194005012512,-0.8106996417045593,-3.5266880989074707,circulation_proxy,0.08712079375982285,0.0028861199971288443,-0.1338774412870407,N,1.225,-0.01723913848400116,1.8112954421667382e-05,0.00038234589737839997,0.5948576927185059,0.008513092994689941,0.4625639021396637,m/s,-0.0018005428137257695,5.20454216003418,-0.17872768640518188,0.6804767844728293
0.012,2,blade_0,blade_0_RotorFlow_OpenVSP_Blade_0,RotorFlow_OpenVSP_Blade_0_segment_18,blade_0_RotorFlow_OpenVSP_Blade_0:RotorFlow_OpenVSP_Blade_0_segment_18:orig:0,orig,0,5.1969170570373535,5.1969170570373535,5.078330993652344,5.316226005554199,4,0.75,0.06496194005012512,-0.591459333896637,-2.5550355911254883,circulation_proxy,0.057319276034832,0.0012204821687191725,-0.08586877584457397,N,1.225,-0.020514653995633125,-6.076310910430038e-06,0.00045499391853809357,0.524233341217041,0.009455188177525997,0.47280991077423096,m/s,-0.0003601085627451539,5.204543113708496,-0.11378171294927597,0.6804767844728293
0.012,2,blade_0,blade_0_RotorFlow_OpenVSP_Blade_0,RotorFlow_OpenVSP_Blade_0_segment_18,blade_0_RotorFlow_OpenVSP_Blade_0:RotorFlow_OpenVSP_Blade_0_segment_18:orig:0,orig,0,5.1969170570373535,5.1969170570373535,5.078330993652344,5.316226005554199,5,0.916666567325592,0.06496194005012512,-0.37119245529174805,-1.5808186531066895,circulation_proxy,0.02648920565843582,0.00041584583232179284,-0.06288561224937439,N,1.225,-0.022926248610019684,-3.768169699469581e-05,0.0005084810545668006,0.6134190559387207,0.010370406322181225,0.4782320559024811,m/s,0.0010803256882354617,5.204544544219971,-0.04883574694395065,0.6804767844728293
0.012,2,blade_0,blade_0_RotorFlow_OpenVSP_Blade_0,RotorFlow_OpenVSP_Blade_0_segment_19,blade_0_RotorFlow_OpenVSP_Blade_0:RotorFlow_OpenVSP_Blade_0_segment_19:orig:0,orig,0,5.424272060394287,5.424272060394287,5.305827617645264,5.543415069580078,0,0.08333329111337662,0.06306802481412888,-3.219747304916382,-14.57893180847168,circulation_proxy,0.14856837689876556,0.5058997869491577,-10.601366996765137,N,1.225,-0.0031601819209754467,1.4104029105510563e-05,5.57069324713666e-05,11.826202392578125,-0.06640993058681488,0.16608873009681702,m/s,-0.004724214319139719,5.4318108558654785,-0.3627062737941742,0.7711837843435837
0.012,2,blade_0,blade_0_RotorFlow_OpenVSP_Blade_0,RotorFlow_OpenVSP_Blade_0_segment_19,blade_0_RotorFlow_OpenVSP_Blade_0:RotorFlow_OpenVSP_Blade_0_segment_19:orig:0,orig,0,5.424272060394287,5.424272060394287,5.305827617645264,5.543415069580078,1,0.2500000298023224,0.06306802481412888,-1.4980831146240234,-6.771381378173828,circulation_proxy,0.14287441968917847,0.028441913425922394,-0.7362177968025208,N,1.225,-0.006588673684746027,2.207933721365407e-05,0.0001161434265668504,1.765406608581543,-0.01030922494828701,0.3579491972923279,m/s,-0.0036126344930380583,5.431811809539795,-0.2996480464935303,0.7711837843435837
0.012,2,blade_0,blade_0_RotorFlow_OpenVSP_Blade_0,RotorFlow_OpenVSP_Blade_0_segment_19,blade_0_RotorFlow_OpenVSP_Blade_0:RotorFlow_OpenVSP_Blade_0_segment_19:orig:0,orig,0,5.424272060394287,5.424272060394287,5.305827617645264,5.543415069580078,2,0.4166666567325592,0.06306802481412888,-1.0296036005020142,-4.641984462738037,circulation_proxy,0.1014985740184784,0.0071413698606193066,-0.23906837403774261,N,1.225,-0.00962756760418415,2.081293860101141e-05,0.00016971280274447054,0.8345837593078613,-0.004032962489873171,0.38754430413246155,m/s,-0.0025010546669363976,5.4318132400512695,-0.23658978939056396,0.7711837843435837
0.012,2,blade_0,blade_0_RotorFlow_OpenVSP_Blade_0,RotorFlow_OpenVSP_Blade_0_segment_19,blade_0_RotorFlow_OpenVSP_Blade_0:RotorFlow_OpenVSP_Blade_0_segment_19:orig:0,orig,0,5.424272060394287,5.424272060394287,5.305827617645264,5.543415069580078,3,0.5833333134651184,0.06306803971529007,-0.7640750408172607,-3.432486057281494,circulation_proxy,0.07330281287431717,0.0026349336840212345,-0.12082644551992416,N,1.225,-0.012459957972168922,1.200235874421196e-05,0.00021964176266919822,0.5690245628356934,-0.0005471936892718077,0.40314966440200806,m/s,-0.001389474724419415,5.431814670562744,-0.17353154718875885,0.7711837843435837
0.012,2,blade_0,blade_0_RotorFlow_OpenVSP_Blade_0,RotorFlow_OpenVSP_Blade_0_segment_19,blade_0_RotorFlow_OpenVSP_Blade_0:RotorFlow_OpenVSP_Blade_0_segment_19:orig:0,orig,0,5.424272060394287,5.424272060394287,5.305827617645264,5.543415069580078,4,0.75,0.06306803226470947,-0.560286283493042,-2.5035271644592285,circulation_proxy,0.049252092838287354,0.0011052293702960014,-0.07739277184009552,N,1.225,-0.014930762350559235,-3.5533223581296625e-06,0.00026319705648347735,0.4978318214416504,0.0027295993641018867,0.41149821877479553,m/s,-0.0002778949565254152,5.4318156242370605,-0.11047332733869553,0.7711837843435837
0.012,2,blade_0,blade_0_RotorFlow_OpenVSP_Blade_0,RotorFlow_OpenVSP_Blade_0_segment_19,blade_0_RotorFlow_OpenVSP_Blade_0:RotorFlow_OpenVSP_Blade_0_segment_19:orig:0,orig,0,5.424272060394287,5.424272060394287,5.305827617645264,5.543415069580078,5,0.9166666865348816,0.06306803226470947,-0.3551613688468933,-1.569997787475586,circulation_proxy,0.02447425201535225,0.00038263038732111454,-0.05810641869902611,N,1.225,-0.01676349714398384,-2.4134378691087477e-05,0.00029550446197390556,0.5906276702880859,0.006222602445632219,0.41708704829216003,m/s,0.0008336848695762455,5.431817054748535,-0.04741509258747101,0.7711837843435837
0.012,2,blade_0,blade_0_RotorFlow_OpenVSP_Blade_0,RotorFlow_OpenVSP_Blade_0_segment_20,blade_0_RotorFlow_OpenVSP_Blade_0:RotorFlow_OpenVSP_Blade_0_segment_20:orig:0,orig,0,5.651628494262695,5.651628494262695,5.5333251953125,5.770605087280273,0,0.08333335816860199,0.06117413565516472,-2.920072078704834,-13.63390064239502,circulation_proxy,0.12455099076032639,0.43288689851760864,-9.063375473022461,N,1.225,-0.001802243641577661,7.2455386543879285e-06,2.4221273633884266e-05,11.148050308227539,-0.06980302184820175,0.15208156406879425,m/s,-0.0034938394092023373,5.659083843231201,-0.3518388271331787,0.861891354940305
0.012,2,blade_0,blade_0_RotorFlow_OpenVSP_Blade_0,RotorFlow_OpenVSP_Blade_0_segment_20,blade_0_RotorFlow_OpenVSP_Blade_0:RotorFlow_OpenVSP_Blade_0_segment_20:orig:0,orig,0,5.651628494262695,5.651628494262695,5.5333251953125,5.770605087280273,1,0.25,0.06117410585284233,-1.3446345329284668,-6.27073860168457,circulation_proxy,0.10490672290325165,0.024136800318956375,-0.6211650371551514,N,1.225,-0.003918059635907412,1.1841839295811951e-05,5.265678555588238e-05,1.659329891204834,-0.020788375288248062,0.28987371921539307,m/s,-0.0026717595756053925,5.659085750579834,-0.2906702160835266,0.861891354940305
0.012,2,blade_0,blade_0_RotorFlow_OpenVSP_Blade_0,RotorFlow_OpenVSP_Blade_0_segment_20,blade_0_RotorFlow_OpenVSP_Blade_0:RotorFlow_OpenVSP_Blade_0_segment_20:orig:0,orig,0,5.651628494262695,5.651628494262695,5.5333251953125,5.770605087280273,2,0.4166666865348816,0.061174120754003525,-0.9203383326530457,-4.284269332885742,circulation_proxy,0.07390062510967255,0.005922905169427395,-0.19627539813518524,N,1.225,-0.005916074849665165,1.159390012617223e-05,7.950935105327517e-05,0.7662835121154785,-0.01370222307741642,0.3110756278038025,m/s,-0.0018496797420084476,5.65908670425415,-0.2295016497373581,0.861891354940305
0.012,2,blade_0,blade_0_RotorFlow_OpenVSP_Blade_0,RotorFlow_OpenVSP_Blade_0_segment_20,blade_0_RotorFlow_OpenVSP_Blade_0:RotorFlow_OpenVSP_Blade_0_segment_20:orig:0,orig,0,5.651628494262695,5.651628494262695,5.5333251953125,5.770605087280273,3,0.5833333134651184,0.061174120754003525,-0.6870157718658447,-3.189955234527588,circulation_proxy,0.05384525656700134,0.002119319746270776,-0.09624499082565308,N,1.225,-0.00782654620707035,6.955023764021462e-06,0.00010518528142711148,0.5037217140197754,-0.008734749630093575,0.32223057746887207,m/s,-0.0010275999084115028,5.659087657928467,-0.16833306849002838,0.861891354940305
0.012,2,blade_0,blade_0_RotorFlow_OpenVSP_Blade_0,RotorFlow_OpenVSP_Blade_0_segment_20,blade_0_RotorFlow_OpenVSP_Blade_0:RotorFlow_OpenVSP_Blade_0_segment_20:orig:0,orig,0,5.651628494262695,5.651628494262695,5.5333251953125,5.770605087280273,4,0.75,0.061174117028713226,-0.5135930180549622,-2.375926971435547,circulation_proxy,0.03760681301355362,0.0008836719207465649,-0.06165038049221039,N,1.225,-0.009518739767372608,-1.7616248442209326e-06,0.0001279278949368745,0.43204784393310547,-0.003725833958014846,0.3295200765132904,m/s,-0.00020551997295115143,5.659088611602783,-0.10716446489095688,0.861891354940305
0.012,2,blade_0,blade_0_RotorFlow_OpenVSP_Blade_0,RotorFlow_OpenVSP_Blade_0_segment_20,blade_0_RotorFlow_OpenVSP_Blade_0:RotorFlow_OpenVSP_Blade_0_segment_20:orig:0,orig,0,5.651628494262695,5.651628494262695,5.5333251953125,5.770605087280273,5,0.9166666865348816,0.061174120754003525,-0.3368322551250458,-1.547324776649475,circulation_proxy,0.020457878708839417,0.00033069291384890676,-0.050534073263406754,N,1.225,-0.010786893777549267,-1.3583764484792482e-05,0.00014497150550596416,0.5404176712036133,0.001752648502588272,0.3331916034221649,m/s,0.0006165599334053695,5.659090042114258,-0.04599586874246597,0.861891354940305
0.012,2,blade_0,blade_0_RotorFlow_OpenVSP_Blade_0,RotorFlow_OpenVSP_Blade_0_segment_21,blade_0_RotorFlow_OpenVSP_Blade_0:RotorFlow_OpenVSP_Blade_0_segment_21:orig:0,orig,0,5.878984451293945,5.878984451293945,5.76082181930542,5.9977946281433105,0,0.083333320915699,0.059280190616846085,-2.3077619075775146,-11.12119197845459,circulation_proxy,0.08118080347776413,0.289880633354187,-6.064879894256592,N,1.225,-0.0006423424929380417,2.334331384190591e-06,6.148741704237182e-06,9.439201354980469,-0.06511285901069641,0.1242348849773407,m/s,-0.0024115813430398703,5.886356830596924,-0.3409651517868042,0.9525987352950374
0.012,2,blade_0,blade_0_RotorFlow_OpenVSP_Blade_0,RotorFlow_OpenVSP_Blade_0_segment_21,blade_0_RotorFlow_OpenVSP_Blade_0:RotorFlow_OpenVSP_Blade_0_segment_21:orig:0,orig,0,5.878984451293945,5.878984451293945,5.76082181930542,5.9977946281433105,1,0.2499999850988388,0.05928020551800728,-1.009795904159546,-4.86299467086792,circulation_proxy,0.05634313449263573,0.015358210541307926,-0.3933635950088501,N,1.225,-0.001594706904143095,4.354286829766352e-06,1.5265171896317042e-05,1.3991565704345703,-0.02655801549553871,0.2050347626209259,m/s,-0.0018441504798829556,5.886358261108398,-0.2816876769065857,0.9525987352950374
0.012,2,blade_0,blade_0_RotorFlow_OpenVSP_Blade_0,RotorFlow_OpenVSP_Blade_0_segment_21,blade_0_RotorFlow_OpenVSP_Blade_0:RotorFlow_OpenVSP_Blade_0_segment_21:orig:0,orig,0,5.878984451293945,5.878984451293945,5.76082181930542,5.9977946281433105,2,0.416666716337204,0.05928020551800728,-0.6730926632881165,-3.237593412399292,circulation_proxy,0.03804345056414604,0.003365830285474658,-0.1107477992773056,N,1.225,-0.002639536978676915,4.701579200627748e-06,2.5266768716392107e-05,0.5910739898681641,-0.0199139341711998,0.21647606790065765,m/s,-0.0012767196167260408,5.886359214782715,-0.2224102020263672,0.9525987352950374
0.012,2,blade_0,blade_0_RotorFlow_OpenVSP_Blade_0,RotorFlow_OpenVSP_Blade_0_segment_21,blade_0_RotorFlow_OpenVSP_Blade_0:RotorFlow_OpenVSP_Blade_0_segment_21:orig:0,orig,0,5.878984451293945,5.878984451293945,5.76082181930542,5.9977946281433105,3,0.5833333730697632,0.059280190616846085,-0.511435866355896,-2.4558420181274414,circulation_proxy,0.02802288345992565,0.00100911024492234,-0.045742738991975784,N,1.225,-0.0036951438523828983,3.0422959298448404e-06,3.537153315846808e-05,0.32148265838623047,-0.01475626789033413,0.2224196344614029,m/s,-0.0007092886371538043,5.886360168457031,-0.16313272714614868,0.9525987352950374
0.012,2,blade_0,blade_0_RotorFlow_OpenVSP_Blade_0,RotorFlow_OpenVSP_Blade_0_segment_21,blade_0_RotorFlow_OpenVSP_Blade_0:RotorFlow_OpenVSP_Blade_0_segment_21:orig:0,orig,0,5.878984451293945,5.878984451293945,5.76082181930542,5.9977946281433105,4,0.75,0.05928020179271698,-0.41521185636520386,-1.9896726608276367,circulation_proxy,0.021612733602523804,0.0003715317288879305,-0.025987373664975166,N,1.225,-0.004663758911192417,-6.425179321922769e-07,4.46436351921875e-05,0.2251906394958496,-0.009392539970576763,0.22717119753360748,m/s,-0.0001418577303411439,5.886361122131348,-0.10385522991418839,0.9525987352950374
0.012,2,blade_0,blade_0_RotorFlow_OpenVSP_Blade_0,RotorFlow_OpenVSP_Blade_0_segment_21,blade_0_RotorFlow_OpenVSP_Blade_0:RotorFlow_OpenVSP_Blade_0_segment_21:orig:0,orig,0,5.878984451293945,5.878984451293945,5.76082181930542,5.9977946281433105,5,0.9166667461395264,0.05928020179271698,-0.3161003887653351,-1.5101414918899536,circulation_proxy,0.014799218624830246,0.00021921911684330553,-0.03349914774298668,N,1.225,-0.00540819950401783,-5.946542387391673e-06,5.1769835408777e-05,0.3812408447265625,-0.003426352748647332,0.22959497570991516,m/s,0.0004255731764715165,5.886362552642822,-0.04457775130867958,0.9525987352950374
0.018,3,blade_0,blade_0_RotorFlow_OpenVSP_Blade_0,RotorFlow_OpenVSP_Blade_0_segment_0,blade_0_RotorFlow_OpenVSP_Blade_0:RotorFlow_OpenVSP_Blade_0_segment_0:orig:0,orig,0,1.1065503358840942,1.1065503358840942,0.9848407506942749,1.2279490232467651,0,0.08333330601453781,0.09896697849035263,-2.659705877304077,-7.6275787353515625,circulation_proxy,0.00398833304643631,-0.07613113522529602,-5.528566360473633,N,1.225,-0.031793009489774704,0.004677495453506708,0.013090083375573158,7.505125045776367,0.13636258244514465,0.04647061228752136,m/s,-0.16013817489147186,1.1136008501052856,-0.5375853776931763,-0.9514419688809288
0.018,3,blade_0,blade_0_RotorFlow_OpenVSP_Blade_0,RotorFlow_OpenVSP_Blade_0_segment_0,blade_0_RotorFlow_OpenVSP_Blade_0:RotorFlow_OpenVSP_Blade_0_segment_0:orig:0,orig,0,1.1065503358840942,1.1065503358840942,0.9848407506942749,1.2279490232467651,1,0.25,0.09896691888570786,-1.107272744178772,-3.0970335006713867,circulation_proxy,0.6780167818069458,-0.08625015616416931,-0.606350302696228,N,1.225,-0.062197886407375336,0.006915281061083078,0.025608792901039124,2.154088020324707,0.8711449503898621,2.3946595191955566,m/s,-0.12245860695838928,1.1136069297790527,-0.44607189297676086,-0.9514419688809288
0.018,3,blade_0,blade_0_RotorFlow_OpenVSP_Blade_0,RotorFlow_OpenVSP_Blade_0_segment_0,blade_0_RotorFlow_OpenVSP_Blade_0:RotorFlow_OpenVSP_Blade_0_segment_0:orig:0,orig,0,1.1065503358840942,1.1065503358840942,0.9848407506942749,1.2279490232467651,2,0.4166666567325592,0.09896697849035263,-0.7333680391311646,-1.9776690006256104,circulation_proxy,0.475471168756485,-0.04065392166376114,-0.2792770266532898,N,1.225,-0.08710833638906479,0.006308842916041613,0.03586539626121521,1.6038398742675781,0.7295921444892883,2.7543859481811523,m/s,-0.0847790390253067,1.1136130094528198,-0.35455846786499023,-0.9514419688809288
0.018,3,blade_0,blade_0_RotorFlow_OpenVSP_Blade_0,RotorFlow_OpenVSP_Blade_0_segment_0,blade_0_RotorFlow_OpenVSP_Blade_0:RotorFlow_OpenVSP_Blade_0_segment_0:orig:0,orig,0,1.1065503358840942,1.1065503358840942,0.9848407506942749,1.2279490232467651,3,0.5833333134651184,0.09896694868803024,-0.574117124080658,-1.4798812866210938,circulation_proxy,0.3574792742729187,-0.016757061704993248,-0.17732559144496918,N,1.225,-0.11084797978401184,0.0037009441293776035,0.04564009606838226,1.418968677520752,0.5229307413101196,2.932485342025757,m/s,-0.047099463641643524,1.1136189699172974,-0.2630450427532196,-0.9514419688809288
0.018,3,blade_0,blade_0_RotorFlow_OpenVSP_Blade_0,RotorFlow_OpenVSP_Blade_0_segment_0,blade_0_RotorFlow_OpenVSP_Blade_0:RotorFlow_OpenVSP_Blade_0_segment_0:orig:0,orig,0,1.1065503358840942,1.1065503358840942,0.9848407506942749,1.2279490232467651,4,0.75,0.09896694868803024,-0.5061318874359131,-1.2479395866394043,circulation_proxy,0.29431459307670593,-0.002670898102223873,-0.13044831156730652,N,1.225,-0.13311123847961426,-0.0007619268144480884,0.05480702966451645,1.317361831665039,0.29080599546432495,3.03645396232605,m/s,-0.00941989291459322,1.113624930381775,-0.1715315729379654,-0.9514419688809288
0.018,3,blade_0,blade_0_RotorFlow_OpenVSP_Blade_0,RotorFlow_OpenVSP_Blade_0_segment_0,blade_0_RotorFlow_OpenVSP_Blade_0:RotorFlow_OpenVSP_Blade_0_segment_0:orig:0,orig,0,1.1065503358840942,1.1065503358840942,0.9848407506942749,1.2279490232467651,5,0.9166666865348816,0.09896695613861084,-0.4744734764099121,-1.1259205341339111,circulation_proxy,0.24396778643131256,0.007167481817305088,-0.1175958588719368,N,1.225,-0.15222392976284027,-0.006826985627412796,0.06267685443162918,1.3636016845703125,0.03946118429303169,2.99989914894104,m/s,0.028259679675102234,1.113631010055542,-0.08001814782619476,-0.9514419688809288
0.018,3,blade_0,blade_0_RotorFlow_OpenVSP_Blade_0,RotorFlow_OpenVSP_Blade_0_segment_1,blade_0_RotorFlow_OpenVSP_Blade_0:RotorFlow_OpenVSP_Blade_0_segment_1:orig:0,orig,0,1.3330209255218506,1.3330209255218506,1.2117724418640137,1.4546509981155396,0,0.0833333283662796,0.09711327403783798,-3.4671120643615723,-10.128154754638672,circulation_proxy,-0.35010164976119995,0.13626869022846222,-8.552637100219727,N,1.225,-0.04553012549877167,0.004689865279942751,0.014990860596299171,8.87759780883789,0.015133730135858059,-0.3153582513332367,m/s,-0.12907853722572327,1.3408735990524292,-0.537855327129364,-0.8610878203392704
0.018,3,blade_0,blade_0_RotorFlow_OpenVSP_Blade_0,RotorFlow_OpenVSP_Blade_0_segment_1,blade_0_RotorFlow_OpenVSP_Blade_0:RotorFlow_OpenVSP_Blade_0_segment_1:orig:0,orig,0,1.3330209255218506,1.3330209255218506,1.2117724418640137,1.4546509981155396,1,0.2499999701976776,0.09711327403783798,-1.574857473373413,-4.4888410568237305,circulation_proxy,0.8038240671157837,-0.06309352815151215,-0.8350470662117004,N,1.225,-0.0909268856048584,0.007062631659209728,0.029937980696558952,2.0395708084106445,0.7459083795547485,2.0492584705352783,m/s,-0.09870711714029312,1.3408796787261963,-0.44561347365379333,-0.8610878203392704
0.018,3,blade_0,blade_0_RotorFlow_OpenVSP_Blade_0,RotorFlow_OpenVSP_Blade_0_segment_1,blade_0_RotorFlow_OpenVSP_Blade_0:RotorFlow_OpenVSP_Blade_0_segment_1:orig:0,orig,0,1.3330209255218506,1.3330209255218506,1.2117724418640137,1.4546509981155396,2,0.4166666269302368,0.09711327403783798,-1.0909945964813232,-3.0045881271362305,circulation_proxy,0.5934545993804932,-0.033479031175374985,-0.36398768424987793,N,1.225,-0.12911105155944824,0.0065112123265862465,0.04251047223806381,1.379450798034668,0.6640880703926086,2.3866939544677734,m/s,-0.06833569705486298,1.3408857583999634,-0.35337159037590027,-0.8610878203392704
0.018,3,blade_0,blade_0_RotorFlow_OpenVSP_Blade_0,RotorFlow_OpenVSP_Blade_0_segment_1,blade_0_RotorFlow_OpenVSP_Blade_0:RotorFlow_OpenVSP_Blade_0_segment_1:orig:0,orig,0,1.3330209255218506,1.3330209255218506,1.2117724418640137,1.4546509981155396,3,0.5833333134651184,0.09711327403783798,-0.849212110042572,-2.2360780239105225,circulation_proxy,0.43514102697372437,-0.013545804657042027,-0.22104081511497498,N,1.225,-0.1650780439376831,0.0037948274984955788,0.05435309186577797,1.1822819709777832,0.5075546503067017,2.544816255569458,m/s,-0.03796427696943283,1.3408918380737305,-0.2611297070980072,-0.8610878203392704
0.018,3,blade_0,blade_0_RotorFlow_OpenVSP_Blade_0,RotorFlow_OpenVSP_Blade_0_segment_1,blade_0_RotorFlow_OpenVSP_Blade_0:RotorFlow_OpenVSP_Blade_0_segment_1:orig:0,orig,0,1.3330209255218506,1.3330209255218506,1.2117724418640137,1.4546509981155396,4,0.75,0.09711327403783798,-0.6837963461875916,-1.6978728771209717,circulation_proxy,0.29960429668426514,-0.0016518591437488794,-0.1502465307712555,N,1.225,-0.19750401377677917,-0.0008899677777662873,0.06502992659807205,1.1330161094665527,0.3217222988605499,2.6151795387268066,m/s,-0.007592855487018824,1.340898036956787,-0.16888782382011414,-0.8610878203392704
0.018,3,blade_0,blade_0_RotorFlow_OpenVSP_Blade_0,RotorFlow_OpenVSP_Blade_0_segment_1,blade_0_RotorFlow_OpenVSP_Blade_0:RotorFlow_OpenVSP_Blade_0_segment_1:orig:0,orig,0,1.3330209255218506,1.3330209255218506,1.2117724418640137,1.4546509981155396,5,0.916666567325592,0.09711328893899918,-0.5033791065216064,-1.1268357038497925,circulation_proxy,0.13777126371860504,0.002547860611230135,-0.10289348661899567,N,1.225,-0.22281871736049652,-0.007130935322493315,0.07336543500423431,1.2551302909851074,0.12371379137039185,2.574535369873047,m/s,0.022778566926717758,1.3409039974212646,-0.07664592564105988,-0.8610878203392704
0.018,3,blade_0,blade_0_RotorFlow_OpenVSP_Blade_0,RotorFlow_OpenVSP_Blade_0_segment_2,blade_0_RotorFlow_OpenVSP_Blade_0:RotorFlow_OpenVSP_Blade_0_segment_2:orig:0,orig,0,1.559913992881775,1.559913992881775,1.4389474391937256,1.6815818548202515,0,0.08333335816860199,0.09523905813694,-3.879445791244507,-11.55590534210205,circulation_proxy,-0.4691217541694641,0.30363184213638306,-10.524116516113281,N,1.225,-0.05163217708468437,0.00389162078499794,0.013950759544968605,9.753074645996094,-0.0414481982588768,-0.38756927847862244,m/s,-0.10558159649372101,1.5681465864181519,-0.5337546467781067,-0.7705651173953589
0.018,3,blade_0,blade_0_RotorFlow_OpenVSP_Blade_0,RotorFlow_OpenVSP_Blade_0_segment_2,blade_0_RotorFlow_OpenVSP_Blade_0:RotorFlow_OpenVSP_Blade_0_segment_2:orig:0,orig,0,1.559913992881775,1.559913992881775,1.4389474391937256,1.6815818548202515,1,0.2499999701976776,0.09523905813694,-1.80522882938385,-5.2500786781311035,circulation_proxy,0.7982245683670044,-0.03484098240733147,-0.9353331923484802,N,1.225,-0.1038292869925499,0.005891076754778624,0.02805430255830288,1.957296371459961,0.5897395014762878,1.8077517747879028,m/s,-0.08073887228965759,1.5681525468826294,-0.44181278347969055,-0.7705651173953589
0.018,3,blade_0,blade_0_RotorFlow_OpenVSP_Blade_0,RotorFlow_OpenVSP_Blade_0_segment_2,blade_0_RotorFlow_OpenVSP_Blade_0:RotorFlow_OpenVSP_Blade_0_segment_2:orig:0,orig,0,1.559913992881775,1.559913992881775,1.4389474391937256,1.6815818548202515,2,0.4166666865348816,0.09523908793926239,-1.263841986656189,-3.5555319786071777,circulation_proxy,0.5881081819534302,-0.021464837715029716,-0.3837830424308777,N,1.225,-0.14797872304916382,0.005433553829789162,0.03998353332281113,1.230055332183838,0.5413482785224915,2.102257013320923,m/s,-0.05589614063501358,1.568158745765686,-0.34987086057662964,-0.7705651173953589
0.018,3,blade_0,blade_0_RotorFlow_OpenVSP_Blade_0,RotorFlow_OpenVSP_Blade_0_segment_2,blade_0_RotorFlow_OpenVSP_Blade_0:RotorFlow_OpenVSP_Blade_0_segment_2:orig:0,orig,0,1.559913992881775,1.559913992881775,1.4389474391937256,1.6815818548202515,3,0.5833333730697632,0.09523905813694,-0.9736113548278809,-2.619229793548584,circulation_proxy,0.4153282642364502,-0.008378838188946247,-0.2247692346572876,N,1.225,-0.1891299933195114,0.0031302955467253923,0.05110275745391846,1.0290980339050293,0.43028879165649414,2.2368874549865723,m/s,-0.031053410843014717,1.5681648254394531,-0.25792890787124634,-0.7705651173953589
0.018,3,blade_0,blade_0_RotorFlow_OpenVSP_Blade_0,RotorFlow_OpenVSP_Blade_0_segment_2,blade_0_RotorFlow_OpenVSP_Blade_0:RotorFlow_OpenVSP_Blade_0_segment_2:orig:0,orig,0,1.559913992881775,1.559913992881775,1.4389474391937256,1.6815818548202515,4,0.7500000596046448,0.0952390730381012,-0.7545273303985596,-1.904037356376648,circulation_proxy,0.2568325996398926,-0.0006283255643211305,-0.14726538956165314,N,1.225,-0.22546909749507904,-0.0008241164032369852,0.06092184782028198,0.9926033020019531,0.29428043961524963,2.2998135089874268,m/s,-0.006210682447999716,1.5681709051132202,-0.16598695516586304,-0.7705651173953589
0.018,3,blade_0,blade_0_RotorFlow_OpenVSP_Blade_0,RotorFlow_OpenVSP_Blade_0_segment_2,blade_0_RotorFlow_OpenVSP_Blade_0:RotorFlow_OpenVSP_Blade_0_segment_2:orig:0,orig,0,1.559913992881775,1.559913992881775,1.4389474391937256,1.6815818548202515,5,0.9166666865348816,0.0952390655875206,-0.5157864093780518,-1.1440656185150146,circulation_proxy,0.0748196542263031,0.0008000298403203487,-0.09257649630308151,N,1.225,-0.2529096007347107,-0.00603574188426137,0.06833662837743759,1.118246078491211,0.1465650051832199,2.283740520477295,m/s,0.01863204687833786,1.5681768655776978,-0.07404503226280212,-0.7705651173953589
0.018,3,blade_0,blade_0_RotorFlow_OpenVSP_Blade_0,RotorFlow_OpenVSP_Blade_0_segment_3,blade_0_RotorFlow_OpenVSP_Blade_0:RotorFlow_OpenVSP_Blade_0_segment_3:orig:0,orig,0,1.7870107889175415,1.7870107889175415,1.6662507057189941,1.9086257219314575,0,0.08333337306976318,0.09335551410913467,-4.0972676277160645,-12.455779075622559,circulation_proxy,-0.4617510437965393,0.419561505317688,-11.784523010253906,N,1.225,-0.05211745947599411,0.0029746885411441326,0.011769330129027367,10.336155891418457,-0.07034413516521454,-0.3614136874675751,m/s,-0.08739842474460602,1.7954195737838745,-0.5271907448768616,-0.6799611335616474
0.018,3,blade_0,blade_0_RotorFlow_OpenVSP_Blade_0,RotorFlow_OpenVSP_Blade_0_segment_3,blade_0_RotorFlow_OpenVSP_Blade_0:RotorFlow_OpenVSP_Blade_0_segment_3:orig:0,orig,0,1.7870107889175415,1.7870107889175415,1.6662507057189941,1.9086257219314575,1,0.25,0.09335551410913467,-1.9228662252426147,-5.715611934661865,circulation_proxy,0.7533985376358032,-0.013394918292760849,-0.9827290177345276,N,1.225,-0.10517080128192902,0.004511719103902578,0.023750098422169685,1.9045586585998535,0.4557749330997467,1.6165603399276733,m/s,-0.06683408468961716,1.7954256534576416,-0.4361283779144287,-0.6799611335616474
0.018,3,blade_0,blade_0_RotorFlow_OpenVSP_Blade_0,RotorFlow_OpenVSP_Blade_0_segment_3,blade_0_RotorFlow_OpenVSP_Blade_0:RotorFlow_OpenVSP_Blade_0_segment_3:orig:0,orig,0,1.7870107889175415,1.7870107889175415,1.6662507057189941,1.9086257219314575,2,0.416666716337204,0.09335548430681229,-1.348933458328247,-3.886744737625122,circulation_proxy,0.5498738288879395,-0.01217858400195837,-0.3839595317840576,N,1.225,-0.15010833740234375,0.00415425281971693,0.03389822319149971,1.1285085678100586,0.42645740509033203,1.8737729787826538,m/s,-0.04626975208520889,1.7954316139221191,-0.34506598114967346,-0.6799611335616474
0.018,3,blade_0,blade_0_RotorFlow_OpenVSP_Blade_0,RotorFlow_OpenVSP_Blade_0_segment_3,blade_0_RotorFlow_OpenVSP_Blade_0:RotorFlow_OpenVSP_Blade_0_segment_3:orig:0,orig,0,1.7870107889175415,1.7870107889175415,1.6662507057189941,1.9086257219314575,3,0.5833333730697632,0.09335548430681229,-1.0323010683059692,-2.8507602214813232,circulation_proxy,0.3786599636077881,-0.004590375814586878,-0.21892081201076508,N,1.225,-0.1916811466217041,0.002365006599575281,0.043286606669425964,0.9195194244384766,0.3474787473678589,1.990877628326416,m/s,-0.02570541761815548,1.7954376935958862,-0.2540036141872406,-0.6799611335616474
0.018,3,blade_0,blade_0_RotorFlow_OpenVSP_Blade_0,RotorFlow_OpenVSP_Blade_0_segment_3,blade_0_RotorFlow_OpenVSP_Blade_0:RotorFlow_OpenVSP_Blade_0_segment_3:orig:0,orig,0,1.7870107889175415,1.7870107889175415,1.6662507057189941,1.9086257219314575,4,0.75,0.09335549175739288,-0.7864101529121399,-2.0398597717285156,circulation_proxy,0.21998263895511627,9.495043195784092e-05,-0.141940176486969,N,1.225,-0.2279246300458908,-0.0006903279572725296,0.05147156864404678,0.8844137191772461,0.2488775998353958,2.0491557121276855,m/s,-0.005141083616763353,1.7954437732696533,-0.16294118762016296,-0.6799611335616474
0.018,3,blade_0,blade_0_RotorFlow_OpenVSP_Blade_0,RotorFlow_OpenVSP_Blade_0_segment_3,blade_0_RotorFlow_OpenVSP_Blade_0:RotorFlow_OpenVSP_Blade_0_segment_3:orig:0,orig,0,1.7870107889175415,1.7870107889175415,1.6662507057189941,1.9086257219314575,5,0.9166667461395264,0.09335549920797348,-0.5212433338165283,-1.1851269006729126,circulation_proxy,0.04205474257469177,0.0002894704230129719,-0.08916598558425903,N,1.225,-0.2547515034675598,-0.0046873013488948345,0.05753004923462868,1.0091290473937988,0.140164315700531,2.046499729156494,m/s,0.015423251315951347,1.7954498529434204,-0.0718788281083107,-0.6799611335616474
0.018,3,blade_0,blade_0_RotorFlow_OpenVSP_Blade_0,RotorFlow_OpenVSP_Blade_0_segment_4,blade_0_RotorFlow_OpenVSP_Blade_0:RotorFlow_OpenVSP_Blade_0_segment_4:orig:0,orig,0,2.014214038848877,2.014214038848877,1.8936259746551514,2.1357288360595703,0,0.0833333432674408,0.09146735072135925,-4.205647945404053,-13.05691146850586,circulation_proxy,-0.400259792804718,0.496700644493103,-12.566964149475098,N,1.225,-0.049128804355859756,0.0021822054404765368,0.009396436624228954,10.736096382141113,-0.08411829173564911,-0.30305859446525574,m/s,-0.0730275884270668,2.022693157196045,-0.5191648602485657,-0.589314678203892
0.018,3,blade_0,blade_0_RotorFlow_OpenVSP_Blade_0,RotorFlow_OpenVSP_Blade_0_segment_4,blade_0_RotorFlow_OpenVSP_Blade_0:RotorFlow_OpenVSP_Blade_0_segment_4:orig:0,orig,0,2.014214038848877,2.014214038848877,1.8936259746551514,2.1357288360595703,1,0.25,0.09146735072135925,-1.9806214570999146,-6.024658203125,circulation_proxy,0.6978670358657837,0.0015606952365487814,-1.0028460025787354,N,1.225,-0.09937227517366409,0.003312739310786128,0.019006147980690002,1.8682003021240234,0.3512589931488037,1.4569499492645264,m/s,-0.05584462732076645,2.0226988792419434,-0.42932599782943726,-0.589314678203892
0.018,3,blade_0,blade_0_RotorFlow_OpenVSP_Blade_0,RotorFlow_OpenVSP_Blade_0_segment_4,blade_0_RotorFlow_OpenVSP_Blade_0:RotorFlow_OpenVSP_Blade_0_segment_4:orig:0,orig,0,2.014214038848877,2.014214038848877,1.8936259746551514,2.1357288360595703,2,0.4166666865348816,0.09146735072135925,-1.3893829584121704,-4.108327388763428,circulation_proxy,0.5054889917373657,-0.005748756695538759,-0.3776611387729645,N,1.225,-0.14195679128170013,0.0030438252724707127,0.02715105563402176,1.056429386138916,0.3332914412021637,1.682385802268982,m/s,-0.038661666214466095,2.022705078125,-0.33948713541030884,-0.589314678203892
0.018,3,blade_0,blade_0_RotorFlow_OpenVSP_Blade_0,RotorFlow_OpenVSP_Blade_0_segment_4,blade_0_RotorFlow_OpenVSP_Blade_0:RotorFlow_OpenVSP_Blade_0_segment_4:orig:0,orig,0,2.014214038848877,2.014214038848877,1.8936259746551514,2.1357288360595703,3,0.5833333730697632,0.09146735072135925,-1.0586954355239868,-3.011396884918213,circulation_proxy,0.343403160572052,-0.0020608846098184586,-0.21138130128383636,N,1.225,-0.18115663528442383,0.0017134766094386578,0.03464866802096367,0.8392672538757324,0.27615928649902344,1.7851625680923462,m/s,-0.021478703245520592,2.0227105617523193,-0.2496483027935028,-0.589314678203892
0.018,3,blade_0,blade_0_RotorFlow_OpenVSP_Blade_0,RotorFlow_OpenVSP_Blade_0_segment_4,blade_0_RotorFlow_OpenVSP_Blade_0:RotorFlow_OpenVSP_Blade_0_segment_4:orig:0,orig,0,2.014214038848877,2.014214038848877,1.8936259746551514,2.1357288360595703,4,0.7500000596046448,0.09146732836961746,-0.7991493940353394,-2.1453442573547363,circulation_proxy,0.19332650303840637,0.0005861642421223223,-0.13724222779273987,N,1.225,-0.215052992105484,-0.0005481229745782912,0.04113199561834335,0.8023891448974609,0.20394004881381989,1.8383296728134155,m/s,-0.004295740742236376,2.022716760635376,-0.15980945527553558,-0.589314678203892
0.018,3,blade_0,blade_0_RotorFlow_OpenVSP_Blade_0,RotorFlow_OpenVSP_Blade_0_segment_4,blade_0_RotorFlow_OpenVSP_Blade_0:RotorFlow_OpenVSP_Blade_0_segment_4:orig:0,orig,0,2.014214038848877,2.014214038848877,1.8936259746551514,2.1357288360595703,5,0.9166667461395264,0.09146735072135925,-0.5214959979057312,-1.237642526626587,circulation_proxy,0.027469411492347717,0.0002292816061526537,-0.08865140378475189,N,1.225,-0.23981107771396637,-0.003491508075967431,0.045867521315813065,0.9252810478210449,0.12363282591104507,1.8418940305709839,m/s,0.01288722176104784,2.0227224826812744,-0.06997058540582657,-0.589314678203892
0.018,3,blade_0,blade_0_RotorFlow_OpenVSP_Blade_0,RotorFlow_OpenVSP_Blade_0_segment_5,blade_0_RotorFlow_OpenVSP_Blade_0:RotorFlow_OpenVSP_Blade_0_segment_5:orig:0,orig,0,2.2414753437042236,2.2414753437042236,2.1210434436798096,2.3628642559051514,0,0.0833333283662796,0.08957679569721222,-4.249573230743408,-13.480862617492676,circulation_proxy,-0.3201434016227722,0.5471660494804382,-13.038200378417969,N,1.225,-0.044371768832206726,0.001568152685649693,0.00725823687389493,11.022236824035645,-0.08896143734455109,-0.23672279715538025,m/s,-0.06145835295319557,2.2499661445617676,-0.5102317929267883,-0.49864506088397603
0.018,3,blade_0,blade_0_RotorFlow_OpenVSP_Blade_0,RotorFlow_OpenVSP_Blade_0_segment_5,blade_0_RotorFlow_OpenVSP_Blade_0:RotorFlow_OpenVSP_Blade_0_segment_5:orig:0,orig,0,2.2414753437042236,2.2414753437042236,2.1210434436798096,2.3628642559051514,1,0.2499999701976776,0.08957679569721222,-2.004321336746216,-6.243800640106201,circulation_proxy,0.6423436403274536,0.011782786808907986,-1.0083787441253662,N,1.225,-0.08995845168828964,0.0023829026613384485,0.014715258963406086,1.8429396152496338,0.27246689796447754,1.3216278553009033,m/s,-0.046997565776109695,2.249972343444824,-0.4218299090862274,-0.49864506088397603
0.018,3,blade_0,blade_0_RotorFlow_OpenVSP_Blade_0,RotorFlow_OpenVSP_Blade_0_segment_5,blade_0_RotorFlow_OpenVSP_Blade_0:RotorFlow_OpenVSP_Blade_0_segment_5:orig:0,orig,0,2.2414753437042236,2.2414753437042236,2.1210434436798096,2.3628642559051514,2,0.4166666269302368,0.08957679569721222,-1.405030608177185,-4.268084526062012,circulation_proxy,0.46314018964767456,-0.0013824854977428913,-0.3694460988044739,N,1.225,-0.12868063151836395,0.0021862646099179983,0.02104945480823517,1.0045838356018066,0.26145413517951965,1.5201212167739868,m/s,-0.03253677487373352,2.2499780654907227,-0.3334280550479889,-0.49864506088397603
0.018,3,blade_0,blade_0_RotorFlow_OpenVSP_Blade_0,RotorFlow_OpenVSP_Blade_0_segment_5,blade_0_RotorFlow_OpenVSP_Blade_0:RotorFlow_OpenVSP_Blade_0_segment_5:orig:0,orig,0,2.2414753437042236,2.2414753437042236,2.1210434436798096,2.3628642559051514,3,0.5833333134651184,0.089576855301857,-1.0672485828399658,-3.1317341327667236,circulation_proxy,0.31306731700897217,-0.00038594077341258526,-0.20410507917404175,N,1.225,-0.16423144936561584,0.001218585530295968,0.0268649160861969,0.7802739143371582,0.21927420794963837,1.610910177230835,m/s,-0.018075985834002495,2.249983549118042,-0.24502617120742798,-0.49864506088397603
0.018,3,blade_0,blade_0_RotorFlow_OpenVSP_Blade_0,RotorFlow_OpenVSP_Blade_0_segment_5,blade_0_RotorFlow_OpenVSP_Blade_0:RotorFlow_OpenVSP_Blade_0_segment_5:orig:0,orig,0,2.2414753437042236,2.2414753437042236,2.1210434436798096,2.3628642559051514,4,0.7500000596046448,0.08957678079605103,-0.8009389638900757,-2.2315969467163086,circulation_proxy,0.17460814118385315,0.0009140924084931612,-0.13321025669574738,N,1.225,-0.19481384754180908,-0.00042262941133230925,0.03186771273612976,0.7407417297363281,0.16549061238765717,1.6590189933776855,m/s,-0.0036151972599327564,2.2499895095825195,-0.15662431716918945,-0.49864506088397603
0.018,3,blade_0,blade_0_RotorFlow_OpenVSP_Blade_0,RotorFlow_OpenVSP_Blade_0_segment_5,blade_0_RotorFlow_OpenVSP_Blade_0:RotorFlow_OpenVSP_Blade_0_segment_5:orig:0,orig,0,2.2414753437042236,2.2414753437042236,2.1210434436798096,2.3628642559051514,5,0.9166666865348816,0.08957680314779282,-0.5178988575935364,-1.2920444011688232,circulation_proxy,0.023024573922157288,0.0003032032400369644,-0.08882514387369156,N,1.225,-0.216983824968338,-0.0025521134957671165,0.03549441695213318,0.8613576889038086,0.10544048249721527,1.665338397026062,m/s,0.010845592245459557,2.249995470046997,-0.06822246313095093,-0.49864506088397603
0.018,3,blade_0,blade_0_RotorFlow_OpenVSP_Blade_0,RotorFlow_OpenVSP_Blade_0_segment_6,blade_0_RotorFlow_OpenVSP_Blade_0:RotorFlow_OpenVSP_Blade_0_segment_6:orig:0,orig,0,2.468770980834961,2.468770980834961,2.348487615585327,2.590019464492798,0,0.08333337306976318,0.0876849889755249,-4.254010200500488,-13.7953519821167,circulation_proxy,-0.23724180459976196,0.5796924233436584,-13.307068824768066,N,1.225,-0.039083145558834076,0.0011192872188985348,0.005506948567926884,11.23699951171875,-0.08862173557281494,-0.17111511528491974,m/s,-0.051996275782585144,2.4772396087646484,-0.5007137656211853,-0.40796174614085207
0.018,3,blade_0,blade_0_RotorFlow_OpenVSP_Blade_0,RotorFlow_OpenVSP_Blade_0_segment_6,blade_0_RotorFlow_OpenVSP_Blade_0:RotorFlow_OpenVSP_Blade_0_segment_6:orig:0,orig,0,2.468770980834961,2.468770980834961,2.348487615585327,2.590019464492798,1,0.2500000596046448,0.08768492937088013,-2.0075576305389404,-6.407363414764404,circulation_proxy,0.5906959176063538,0.01876675710082054,-1.0059500932693481,N,1.225,-0.0794222429394722,0.0017027411377057433,0.011190902441740036,1.8259639739990234,0.2135642021894455,1.2065740823745728,m/s,-0.03976185992360115,2.477245330810547,-0.41388654708862305,-0.40796174614085207
0.018,3,blade_0,blade_0_RotorFlow_OpenVSP_Blade_0,RotorFlow_OpenVSP_Blade_0_segment_6,blade_0_RotorFlow_OpenVSP_Blade_0:RotorFlow_OpenVSP_Blade_0_segment_6:orig:0,orig,0,2.468770980834961,2.468770980834961,2.348487615585327,2.590019464492798,2,0.41666674613952637,0.08768495917320251,-1.4059290885925293,-4.389011383056641,circulation_proxy,0.42496418952941895,0.001597434631548822,-0.3609550893306732,N,1.225,-0.11376816779375076,0.001560441218316555,0.016030436381697655,0.9672341346740723,0.20693692564964294,1.3822492361068726,m/s,-0.02752744033932686,2.4772510528564453,-0.3270592987537384,-0.40796174614085207
0.018,3,blade_0,blade_0_RotorFlow_OpenVSP_Blade_0,RotorFlow_OpenVSP_Blade_0_segment_6,blade_0_RotorFlow_OpenVSP_Blade_0:RotorFlow_OpenVSP_Blade_0_segment_6:orig:0,orig,0,2.468770980834961,2.468770980834961,2.348487615585327,2.590019464492798,3,0.5833333730697632,0.08768495917320251,-1.065155267715454,-3.2254347801208496,circulation_proxy,0.2874869704246521,0.0007359465816989541,-0.19746805727481842,N,1.225,-0.14527159929275513,0.0008621755405329168,0.02046947553753853,0.7368502616882324,0.1751720905303955,1.463062047958374,m/s,-0.015293022617697716,2.477257013320923,-0.24023202061653137,-0.40796174614085207
0.018,3,blade_0,blade_0_RotorFlow_OpenVSP_Blade_0,RotorFlow_OpenVSP_Blade_0_segment_6,blade_0_RotorFlow_OpenVSP_Blade_0:RotorFlow_OpenVSP_Blade_0_segment_6:orig:0,orig,0,2.468770980834961,2.468770980834961,2.348487615585327,2.590019464492798,4,0.7500000596046448,0.08768493682146072,-0.7959904670715332,-2.3026933670043945,circulation_proxy,0.1611347794532776,0.001129431533627212,-0.12954632937908173,N,1.225,-0.17233142256736755,-0.0003209032292943448,0.024282436817884445,0.6944360733032227,0.13438460230827332,1.506648302078247,m/s,-0.0030586044304072857,2.477262496948242,-0.15340478718280792,-0.40796174614085207
0.018,3,blade_0,blade_0_RotorFlow_OpenVSP_Blade_0,RotorFlow_OpenVSP_Blade_0_segment_6,blade_0_RotorFlow_OpenVSP_Blade_0:RotorFlow_OpenVSP_Blade_0_segment_6:orig:0,orig,0,2.468770980834961,2.468770980834961,2.348487615585327,2.590019464492798,5,0.9166667461395264,0.08768495172262192,-0.5115565061569214,-1.3428826332092285,circulation_proxy,0.0236903578042984,0.00039475050289183855,-0.08877400308847427,N,1.225,-0.19187870621681213,-0.0018538645235821605,0.02703685127198696,0.812563419342041,0.08877994865179062,1.5142203569412231,m/s,0.009175813756883144,2.4772682189941406,-0.06657755374908447,-0.40796174614085207
0.018,3,blade_0,blade_0_RotorFlow_OpenVSP_Blade_0,RotorFlow_OpenVSP_Blade_0_segment_7,blade_0_RotorFlow_OpenVSP_Blade_0:RotorFlow_OpenVSP_Blade_0_segment_7:orig:0,orig,0,2.696086883544922,2.696086883544922,2.575948715209961,2.8171868324279785,0,0.08333335816860199,0.08579237014055252,-4.233269691467285,-14.039593696594238,circulation_proxy,-0.15802080929279327,0.6001425385475159,-13.441927909851074,N,1.225,-0.033960677683353424,0.0008003332768566906,0.0041428664699196815,11.405974388122559,-0.0855310708284378,-0.10904963314533234,m/s,-0.04415300115942955,2.7045130729675293,-0.49080637097358704,-0.31727034611319566
0.018,3,blade_0,blade_0_RotorFlow_OpenVSP_Blade_0,RotorFlow_OpenVSP_Blade_0_segment_7,blade_0_RotorFlow_OpenVSP_Blade_0:RotorFlow_OpenVSP_Blade_0_segment_7:orig:0,orig,0,2.696086883544922,2.696086883544922,2.575948715209961,2.8171868324279785,1,0.2500000298023224,0.08579234033823013,-1.9978913068771362,-6.534540176391602,circulation_proxy,0.544028103351593,0.02356056682765484,-0.9990025162696838,N,1.225,-0.06914812326431274,0.0012186109088361263,0.008435424417257309,1.8152453899383545,0.16924941539764404,1.1086009740829468,m/s,-0.0337640605866909,2.7045187950134277,-0.40564537048339844,-0.31727034611319566
0.018,3,blade_0,blade_0_RotorFlow_OpenVSP_Blade_0,RotorFlow_OpenVSP_Blade_0_segment_7,blade_0_RotorFlow_OpenVSP_Blade_0:RotorFlow_OpenVSP_Blade_0_segment_7:orig:0,orig,0,2.696086883544922,2.696086883544922,2.575948715209961,2.8171868324279785,2,0.41666677594184875,0.08579234033823013,-1.3975750207901,-4.483583927154541,circulation_proxy,0.3910323977470398,0.003655325621366501,-0.35272204875946045,N,1.225,-0.0991927832365036,0.0011158414417877793,0.012100632302463055,0.940361499786377,0.16546781361103058,1.2647488117218018,m/s,-0.023375118151307106,2.704524278640747,-0.32048436999320984,-0.31727034611319566
0.018,3,blade_0,blade_0_RotorFlow_OpenVSP_Blade_0,RotorFlow_OpenVSP_Blade_0_segment_7,blade_0_RotorFlow_OpenVSP_Blade_0:RotorFlow_OpenVSP_Blade_0_segment_7:orig:0,orig,0,2.696086883544922,2.696086883544922,2.575948715209961,2.8171868324279785,3,0.5833333730697632,0.08579234033823013,-1.0563675165176392,-3.2998099327087402,circulation_proxy,0.26563194394111633,0.001499393954873085,-0.19144238531589508,N,1.225,-0.1267559826374054,0.0006118941819295287,0.015463143587112427,0.7048177719116211,0.14111952483654022,1.337263584136963,m/s,-0.012986177578568459,2.7045300006866455,-0.23532336950302124,-0.31727034611319566
0.018,3,blade_0,blade_0_RotorFlow_OpenVSP_Blade_0,RotorFlow_OpenVSP_Blade_0_segment_7,blade_0_RotorFlow_OpenVSP_Blade_0:RotorFlow_OpenVSP_Blade_0_segment_7:orig:0,orig,0,2.696086883544922,2.696086883544922,2.575948715209961,2.8171868324279785,4,0.7500000596046448,0.08579234033823013,-0.78672856092453,-2.361114263534546,circulation_proxy,0.15088437497615814,0.0012681169901043177,-0.12607921659946442,N,1.225,-0.15040768682956696,-0.00024183301138691604,0.018348518759012222,0.6595916748046875,0.10966216772794724,1.3771268129348755,m/s,-0.0025972353760153055,2.704535484313965,-0.15016236901283264,-0.31727034611319566
0.018,3,blade_0,blade_0_RotorFlow_OpenVSP_Blade_0,RotorFlow_OpenVSP_Blade_0_segment_7,blade_0_RotorFlow_OpenVSP_Blade_0:RotorFlow_OpenVSP_Blade_0_segment_7:orig:0,orig,0,2.696086883544922,2.696086883544922,2.575948715209961,2.8171868324279785,5,0.9166667461395264,0.08579234778881073,-0.5033105611801147,-1.3878602981567383,circulation_proxy,0.026528090238571167,0.00046780554112046957,-0.08822576701641083,N,1.225,-0.1674777865409851,-0.0013473851140588522,0.02043100632727146,0.7750077247619629,0.07450272887945175,1.3850153684616089,m/s,0.00779170636087656,2.704540967941284,-0.06500136107206345,-0.31727034611319566
0.018,3,blade_0,blade_0_RotorFlow_OpenVSP_Blade_0,RotorFlow_OpenVSP_Blade_0_segment_8,blade_0_RotorFlow_OpenVSP_Blade_0:RotorFlow_OpenVSP_Blade_0_segment_8:orig:0,orig,0,2.9234161376953125,2.9234161376953125,2.8034205436706543,3.0443615913391113,0,0.08333335816860199,0.08389932662248611,-4.1958794593811035,-14.23751163482666,circulation_proxy,-0.0851864442229271,0.6123567819595337,-13.485899925231934,N,1.225,-0.029202105477452278,0.0005737524479627609,0.0030946419574320316,11.54491901397705,-0.08119158446788788,-0.05159808695316315,m/s,-0.037577152252197266,2.931786298751831,-0.4806326627731323,-0.22657361930984724
0.018,3,blade_0,blade_0_RotorFlow_OpenVSP_Blade_0,RotorFlow_OpenVSP_Blade_0_segment_8,blade_0_RotorFlow_OpenVSP_Blade_0:RotorFlow_OpenVSP_Blade_0_segment_8:orig:0,orig,0,2.9234161376953125,2.9234161376953125,2.8034205436706543,3.0443615913391113,1,0.2500000298023224,0.08389929682016373,-1.9797382354736328,-6.637124538421631,circulation_proxy,0.5022968053817749,0.02686452306807041,-0.9894129037857056,N,1.225,-0.059619128704071045,0.000875143043231219,0.006318054161965847,1.8092918395996094,0.13547547161579132,1.0245647430419922,m/s,-0.028735468164086342,2.9317917823791504,-0.3972005844116211,-0.22657361930984724
0.018,3,blade_0,blade_0_RotorFlow_OpenVSP_Blade_0,RotorFlow_OpenVSP_Blade_0_segment_8,blade_0_RotorFlow_OpenVSP_Blade_0:RotorFlow_OpenVSP_Blade_0_segment_8:orig:0,orig,0,2.9234161376953125,2.9234161376953125,2.8034205436706543,3.0443615913391113,2,0.416666716337204,0.08389926701784134,-1.3831560611724854,-4.55968713760376,circulation_proxy,0.3610266447067261,0.005092140287160873,-0.3449341654777527,N,1.225,-0.085690438747406,0.0008013562764972448,0.009080961346626282,0.9211912155151367,0.13358864188194275,1.164032220840454,m/s,-0.019893785938620567,2.931797504425049,-0.3137684762477875,-0.22657361930984724
0.018,3,blade_0,blade_0_RotorFlow_OpenVSP_Blade_0,RotorFlow_OpenVSP_Blade_0_segment_8,blade_0_RotorFlow_OpenVSP_Blade_0:RotorFlow_OpenVSP_Blade_0_segment_8:orig:0,orig,0,2.9234161376953125,2.9234161376953125,2.8034205436706543,3.0443615913391113,3,0.5833333134651184,0.08389928191900253,-1.0431935787200928,-3.3599023818969727,circulation_proxy,0.24668309092521667,0.0020254887640476227,-0.18593737483024597,N,1.225,-0.10962685197591782,0.00043680667295120656,0.011617632582783699,0.681096076965332,0.11466682702302933,1.2293461561203003,m/s,-0.011052103713154793,2.931802988052368,-0.23033636808395386,-0.22657361930984724
0.018,3,blade_0,blade_0_RotorFlow_OpenVSP_Blade_0,RotorFlow_OpenVSP_Blade_0_segment_8,blade_0_RotorFlow_OpenVSP_Blade_0:RotorFlow_OpenVSP_Blade_0_segment_8:orig:0,orig,0,2.9234161376953125,2.9234161376953125,2.8034205436706543,3.0443615913391113,4,0.7499999403953552,0.08389928936958313,-0.7746073007583618,-2.4091224670410156,circulation_proxy,0.14247125387191772,0.0013543698005378246,-0.12268736958503723,N,1.225,-0.1301848590373993,-0.000181487703230232,0.013796298764646053,0.6330099105834961,0.09006757289171219,1.265589952468872,m/s,-0.0022104205563664436,2.9318082332611084,-0.14690425992012024,-0.22657361930984724
0.018,3,blade_0,blade_0_RotorFlow_OpenVSP_Blade_0,RotorFlow_OpenVSP_Blade_0_segment_8,blade_0_RotorFlow_OpenVSP_Blade_0:RotorFlow_OpenVSP_Blade_0_segment_8:orig:0,orig,0,2.9234161376953125,2.9234161376953125,2.8034205436706543,3.0443615913391113,5,0.916666567325592,0.08389928936958313,-0.49373605847358704,-1.4265340566635132,circulation_proxy,0.030015036463737488,0.0005164658650755882,-0.08717432618141174,N,1.225,-0.14503666758537292,-0.000982545199804008,0.015370268374681473,0.7456984519958496,0.0626014992594719,1.2738813161849976,m/s,0.006631262134760618,2.931813955307007,-0.06347215920686722,-0.22657361930984724
0.018,3,blade_0,blade_0_RotorFlow_OpenVSP_Blade_0,RotorFlow_OpenVSP_Blade_0_segment_9,blade_0_RotorFlow_OpenVSP_Blade_0:RotorFlow_OpenVSP_Blade_0_segment_9:orig:0,orig,0,3.150753974914551,3.150753974914551,3.0308997631073,3.271541118621826,0,0.08333338052034378,0.08200596272945404,-4.146961688995361,-14.403512954711914,circulation_proxy,-0.019508538767695427,0.618817925453186,-13.465996742248535,N,1.225,-0.024943217635154724,0.00041320238960906863,0.002300616353750229,11.663630485534668,-0.07647513598203659,0.001195065677165985,m/s,-0.03201044350862503,3.159059762954712,-0.4702725112438202,-0.13587346815069687
0.018,3,blade_0,blade_0_RotorFlow_OpenVSP_Blade_0,RotorFlow_OpenVSP_Blade_0_segment_9,blade_0_RotorFlow_OpenVSP_Blade_0:RotorFlow_OpenVSP_Blade_0_segment_9:orig:0,orig,0,3.150753974914551,3.150753974914551,3.0308997631073,3.271541118621826,1,0.2500000298023224,0.08200593292713165,-1.9557524919509888,-6.722272872924805,circulation_proxy,0.4650605022907257,0.029136110097169876,-0.9781190156936646,N,1.225,-0.051078591495752335,0.0006316774524748325,0.004711203742772341,1.8068947792053223,0.10930801928043365,0.9520716071128845,m/s,-0.024478575214743614,3.1590652465820312,-0.38861319422721863,-0.13587346815069687
0.018,3,blade_0,blade_0_RotorFlow_OpenVSP_Blade_0,RotorFlow_OpenVSP_Blade_0_segment_9,blade_0_RotorFlow_OpenVSP_Blade_0:RotorFlow_OpenVSP_Blade_0_segment_9:orig:0,orig,0,3.150753974914551,3.150753974914551,3.0308997631073,3.271541118621826,2,0.4166666865348816,0.08200593292713165,-1.3645938634872437,-4.622198104858398,circulation_proxy,0.3343198299407959,0.006102367304265499,-0.33752134442329407,N,1.225,-0.07360228896141052,0.0005789840361103415,0.006788690574467182,0.9075751304626465,0.10872896760702133,1.076995849609375,m/s,-0.01694670505821705,3.1590707302093506,-0.3069538474082947,-0.13587346815069687
0.018,3,blade_0,blade_0_RotorFlow_OpenVSP_Blade_0,RotorFlow_OpenVSP_Blade_0_segment_9,blade_0_RotorFlow_OpenVSP_Blade_0:RotorFlow_OpenVSP_Blade_0_segment_9:orig:0,orig,0,3.150753974914551,3.150753974914551,3.0308997631073,3.271541118621826,3,0.5833333134651184,0.08200593292713165,-1.0270326137542725,-3.408890724182129,circulation_proxy,0.22991523146629333,0.0023903166875243187,-0.18081781268119812,N,1.225,-0.09433425217866898,0.0003143269568681717,0.00870092399418354,0.663424015045166,0.09387962520122528,1.1360870599746704,m/s,-0.009414836764335632,3.15907621383667,-0.2252945452928543,-0.13587346815069687
0.018,3,blade_0,blade_0_RotorFlow_OpenVSP_Blade_0,RotorFlow_OpenVSP_Blade_0_segment_9,blade_0_RotorFlow_OpenVSP_Blade_0:RotorFlow_OpenVSP_Blade_0_segment_9:orig:0,orig,0,3.150753974914551,3.150753974914551,3.0308997631073,3.271541118621826,4,0.75,0.08200595527887344,-0.760547399520874,-2.4484167098999023,circulation_proxy,0.13522502779960632,0.0014046721626073122,-0.11935967952013016,N,1.225,-0.11216961592435837,-0.00013593677431344986,0.010346000082790852,0.6126594543457031,0.07443862408399582,1.1694426536560059,m/s,-0.0018829673063009977,3.1590816974639893,-0.14363521337509155,-0.13587346815069687
0.018,3,blade_0,blade_0_RotorFlow_OpenVSP_Blade_0,RotorFlow_OpenVSP_Blade_0_segment_9,blade_0_RotorFlow_OpenVSP_Blade_0:RotorFlow_OpenVSP_Blade_0_segment_9:orig:0,orig,0,3.150753974914551,3.150753974914551,3.0308997631073,3.271541118621826,5,0.9166666865348816,0.08200594037771225,-0.48324885964393616,-1.4591177701950073,circulation_proxy,0.03332310914993286,0.0005436249193735421,-0.08570227026939392,N,1.225,-0.12507665157318115,-0.0007201097323559225,0.011536523699760437,0.7225356101989746,0.05277476832270622,1.1776798963546753,m/s,0.0056489016860723495,3.1590869426727295,-0.0619758702814579,-0.13587346815069687
0.018,3,blade_0,blade_0_RotorFlow_OpenVSP_Blade_0,RotorFlow_OpenVSP_Blade_0_segment_10,blade_0_RotorFlow_OpenVSP_Blade_0:RotorFlow_OpenVSP_Blade_0_segment_10:orig:0,orig,0,3.37809681892395,3.37809681892395,3.2583837509155273,3.4987237453460693,0,0.0833333432674408,0.08011243492364883,-4.0897111892700195,-14.546658515930176,circulation_proxy,0.03896272927522659,0.6211342215538025,-13.39901065826416,N,1.225,-0.02121838927268982,0.00029927684227004647,0.0017042350955307484,11.767921447753906,-0.0719081237912178,0.049517031759023666,m/s,-0.027259306982159615,3.3863332271575928,-0.459779292345047,-0.04517131945066199
0.018,3,blade_0,blade_0_RotorFlow_OpenVSP_Blade_0,RotorFlow_OpenVSP_Blade_0_segment_10,blade_0_RotorFlow_OpenVSP_Blade_0:RotorFlow_OpenVSP_Blade_0_segment_10:orig:0,orig,0,3.37809681892395,3.37809681892395,3.2583837509155273,3.4987237453460693,1,0.2500000298023224,0.08011243492364883,-1.9275671243667603,-6.794475078582764,circulation_proxy,0.4317253530025482,0.030680447816848755,-0.96566241979599,N,1.225,-0.04359300062060356,0.00045873672934249043,0.0035013488959521055,1.8072457313537598,0.08863938599824905,0.8891128301620483,m/s,-0.020845351740717888,3.386338710784912,-0.3799240291118622,-0.04517131945066199
0.018,3,blade_0,blade_0_RotorFlow_OpenVSP_Blade_0,RotorFlow_OpenVSP_Blade_0_segment_10,blade_0_RotorFlow_OpenVSP_Blade_0:RotorFlow_OpenVSP_Blade_0_segment_10:orig:0,orig,0,3.37809681892395,3.37809681892395,3.2583837509155273,3.4987237453460693,2,0.4166666567325592,0.08011239022016525,-1.343075156211853,-4.674307346343994,circulation_proxy,0.31028828024864197,0.006815006025135517,-0.33042457699775696,N,1.225,-0.06299953907728195,0.0004212096391711384,0.005060079973191023,0.898106575012207,0.08901268988847733,1.001003623008728,m/s,-0.01443139836192131,3.3863437175750732,-0.30006879568099976,-0.04517131945066199
0.018,3,blade_0,blade_0_RotorFlow_OpenVSP_Blade_0,RotorFlow_OpenVSP_Blade_0_segment_10,blade_0_RotorFlow_OpenVSP_Blade_0:RotorFlow_OpenVSP_Blade_0_segment_10:orig:0,orig,0,3.37809681892395,3.37809681892395,3.2583837509155273,3.4987237453460693,3,0.5833332538604736,0.08011242002248764,-1.0087671279907227,-3.449122190475464,circulation_proxy,0.21481701731681824,0.002643260173499584,-0.17600736021995544,N,1.225,-0.08092078566551208,0.0002281765191582963,0.006499524228274822,0.650275707244873,0.0773056149482727,1.054742693901062,m/s,-0.008017443120479584,3.3863492012023926,-0.22021357715129852,-0.04517131945066199
0.018,3,blade_0,blade_0_RotorFlow_OpenVSP_Blade_0,RotorFlow_OpenVSP_Blade_0_segment_10,blade_0_RotorFlow_OpenVSP_Blade_0:RotorFlow_OpenVSP_Blade_0_segment_10:orig:0,orig,0,3.37809681892395,3.37809681892395,3.2583837509155273,3.4987237453460693,4,0.75,0.08011243492364883,-0.7451319694519043,-2.4805068969726562,circulation_proxy,0.12858319282531738,0.0014299380127340555,-0.11606864631175995,N,1.225,-0.09638058394193649,-0.00010164927516598254,0.007741271052509546,0.5968832969665527,0.06185375526547432,1.0853077173233032,m/s,-0.0016034886939451098,3.386354684829712,-0.1403583139181137,-0.04517131945066199
0.018,3,blade_0,blade_0_RotorFlow_OpenVSP_Blade_0,RotorFlow_OpenVSP_Blade_0_segment_10,blade_0_RotorFlow_OpenVSP_Blade_0:RotorFlow_OpenVSP_Blade_0_segment_10:orig:0,orig,0,3.37809681892395,3.37809681892395,3.2583837509155273,3.4987237453460693,5,0.9166666865348816,0.08011242002248764,-0.47211459279060364,-1.4862080812454224,circulation_proxy,0.036117151379585266,0.0005545413587242365,-0.08390222489833832,N,1.225,-0.1076040267944336,-0.0005305319791659713,0.008642766624689102,0.7039279937744141,0.0446612574160099,1.093714714050293,m/s,0.004810465965420008,3.386359691619873,-0.06050305441021919,-0.04517131945066199
0.018,3,blade_0,blade_0_RotorFlow_OpenVSP_Blade_0,RotorFlow_OpenVSP_Blade_0_segment_11,blade_0_RotorFlow_OpenVSP_Blade_0:RotorFlow_OpenVSP_Blade_0_segment_11:orig:0,orig,0,3.6054437160491943,3.6054437160491943,3.4858717918395996,3.7259082794189453,0,0.083333320915699,0.07821876555681229,-4.026087760925293,-14.672418594360352,circulation_proxy,0.09100084006786346,0.6203694343566895,-13.295831680297852,N,1.225,-0.01804749295115471,0.00021860511333215982,0.001261274446733296,11.861710548400879,-0.06782519072294235,0.09411364793777466,m/s,-0.02317609265446663,3.6136064529418945,-0.44918954372406006,0.045532446306279374
0.018,3,blade_0,blade_0_RotorFlow_OpenVSP_Blade_0,RotorFlow_OpenVSP_Blade_0_segment_11,blade_0_RotorFlow_OpenVSP_Blade_0:RotorFlow_OpenVSP_Blade_0_segment_11:orig:0,orig,0,3.6054437160491943,3.6054437160491943,3.4858717918395996,3.7259082794189453,1,0.24999995529651642,0.07821879535913467,-1.8961890935897827,-6.8564019203186035,circulation_proxy,0.4015501141548157,0.03170368820428848,-0.9523187279701233,N,1.225,-0.037212345749139786,0.00033615497522987425,0.0026006484404206276,1.8097577095031738,0.0719527080655098,0.8339036107063293,m/s,-0.017722895368933678,3.6136116981506348,-0.3711611032485962,0.045532446306279374
0.018,3,blade_0,blade_0_RotorFlow_OpenVSP_Blade_0,RotorFlow_OpenVSP_Blade_0_segment_11,blade_0_RotorFlow_OpenVSP_Blade_0:RotorFlow_OpenVSP_Blade_0_segment_11:orig:0,orig,0,3.6054437160491943,3.6054437160491943,3.4858717918395996,3.7259082794189453,2,0.4166666567325592,0.07821876555681229,-1.3193295001983643,-4.717860221862793,circulation_proxy,0.28846248984336853,0.007315788418054581,-0.3236086070537567,N,1.225,-0.05393257364630699,0.00030932980007492006,0.0037691823672503233,0.8919191360473633,0.07304935157299042,0.9343960285186768,m/s,-0.012269696220755577,3.613616943359375,-0.29313263297080994,0.045532446306279374
0.018,3,blade_0,blade_0_RotorFlow_OpenVSP_Blade_0,RotorFlow_OpenVSP_Blade_0_segment_11,blade_0_RotorFlow_OpenVSP_Blade_0:RotorFlow_OpenVSP_Blade_0_segment_11:orig:0,orig,0,3.6054437160491943,3.6054437160491943,3.4858717918395996,3.7259082794189453,3,0.5833332538604736,0.07821876555681229,-0.9889445900917053,-3.481964111328125,circulation_proxy,0.20092500746250153,0.002817480592057109,-0.1714565008878708,N,1.225,-0.0694095641374588,0.00016745620814617723,0.004850836470723152,0.6406574249267578,0.06384686380624771,0.9832890629768372,m/s,-0.006816498003900051,3.6136221885681152,-0.21510419249534607,0.045532446306279374
0.018,3,blade_0,blade_0_RotorFlow_OpenVSP_Blade_0,RotorFlow_OpenVSP_Blade_0_segment_11,blade_0_RotorFlow_OpenVSP_Blade_0:RotorFlow_OpenVSP_Blade_0_segment_11:orig:0,orig,0,3.6054437160491943,3.6054437160491943,3.4858717918395996,3.7259082794189453,4,0.75,0.07821879535913467,-0.728732168674469,-2.506324291229248,circulation_proxy,0.1222073882818222,0.0014376342296600342,-0.11281394958496094,N,1.225,-0.08279307186603546,-7.596248178742826e-05,0.005786187946796417,0.5846161842346191,0.051567722111940384,1.0111677646636963,m/s,-0.0013632995542138815,3.6136271953582764,-0.137075737118721,0.045532446306279374
0.018,3,blade_0,blade_0_RotorFlow_OpenVSP_Blade_0,RotorFlow_OpenVSP_Blade_0_segment_11,blade_0_RotorFlow_OpenVSP_Blade_0:RotorFlow_OpenVSP_Blade_0_segment_11:orig:0,orig,0,3.6054437160491943,3.6054437160491943,3.4858717918395996,3.7259082794189453,5,0.9166666269302368,0.07821877300739288,-0.4605257511138916,-1.508316993713379,circulation_proxy,0.038188934326171875,0.0005536621902137995,-0.08186495304107666,N,1.225,-0.09254071116447449,-0.00039318029303103685,0.006467448081821203,0.6888298988342285,0.0379207506775856,1.0198566913604736,m/s,0.004089898895472288,3.6136324405670166,-0.059047285467386246,0.045532446306279374
0.018,3,blade_0,blade_0_RotorFlow_OpenVSP_Blade_0,RotorFlow_OpenVSP_Blade_0_segment_12,blade_0_RotorFlow_OpenVSP_Blade_0:RotorFlow_OpenVSP_Blade_0_segment_12:orig:0,orig,0,3.8327932357788086,3.8327932357788086,3.713362693786621,3.953094720840454,0,0.0833333283662796,0.07632507383823395,-3.957258462905884,-14.784133911132812,circulation_proxy,0.1367451250553131,0.6171665787696838,-13.162132263183594,N,1.225,-0.015286038629710674,0.00016022460476960987,0.0009275011252611876,11.946573257446289,-0.0644451156258583,0.1349601447582245,m/s,-0.019646381959319115,3.8408796787261963,-0.43852871656417847,0.13623725839416023
0.018,3,blade_0,blade_0_RotorFlow_OpenVSP_Blade_0,RotorFlow_OpenVSP_Blade_0_segment_12,blade_0_RotorFlow_OpenVSP_Blade_0:RotorFlow_OpenVSP_Blade_0_segment_12:orig:0,orig,0,3.8327932357788086,3.8327932357788086,3.713362693786621,3.953094720840454,1,0.2500000596046448,0.07632504403591156,-1.862221121788025,-6.910090923309326,circulation_proxy,0.37437954545021057,0.03232993930578232,-0.9379987120628357,N,1.225,-0.03166089206933975,0.00024744338588789105,0.0019210728351026773,1.8135461807250977,0.058084044605493546,0.785425066947937,m/s,-0.015023703686892986,3.8408849239349365,-0.36234378814697266,0.13623725839416023
0.018,3,blade_0,blade_0_RotorFlow_OpenVSP_Blade_0,RotorFlow_OpenVSP_Blade_0_segment_12,blade_0_RotorFlow_OpenVSP_Blade_0:RotorFlow_OpenVSP_Blade_0_segment_12:orig:0,orig,0,3.8327932357788086,3.8327932357788086,3.713362693786621,3.953094720840454,2,0.4166666567325592,0.07632501423358917,-1.2938052415847778,-4.754578113555908,circulation_proxy,0.2686694860458374,0.007656179368495941,-0.3168559968471527,N,1.225,-0.046062178909778595,0.00022852129768580198,0.002794903703033924,0.8878622055053711,0.059792324900627136,0.8755878806114197,m/s,-0.010401026345789433,3.8408899307250977,-0.28615885972976685,0.13623725839416023
0.018,3,blade_0,blade_0_RotorFlow_OpenVSP_Blade_0,RotorFlow_OpenVSP_Blade_0_segment_12,blade_0_RotorFlow_OpenVSP_Blade_0:RotorFlow_OpenVSP_Blade_0_segment_12:orig:0,orig,0,3.8327932357788086,3.8327932357788086,3.713362693786621,3.953094720840454,3,0.5833332538604736,0.07632504403591156,-0.9678952693939209,-3.508815050125122,circulation_proxy,0.18817782402038574,0.002931677969172597,-0.16701598465442657,N,1.225,-0.05944540724158287,0.0001239589328179136,0.00360696529969573,0.6334004402160645,0.05266205966472626,0.9201138019561768,m/s,-0.005778347607702017,3.840895175933838,-0.20997393131256104,0.13623725839416023
0.018,3,blade_0,blade_0_RotorFlow_OpenVSP_Blade_0,RotorFlow_OpenVSP_Blade_0_segment_12,blade_0_RotorFlow_OpenVSP_Blade_0:RotorFlow_OpenVSP_Blade_0_segment_12:orig:0,orig,0,3.8327932357788086,3.8327932357788086,3.713362693786621,3.953094720840454,4,0.7499999403953552,0.07632505893707275,-0.7115803360939026,-2.526992082595825,circulation_proxy,0.11626206338405609,0.0014324100920930505,-0.10958028584718704,N,1.225,-0.07105246186256409,-5.662440526066348e-05,0.004311257507652044,0.5749249458312988,0.04298649728298187,0.9461265206336975,m/s,-0.001155669568106532,3.840900182723999,-0.13378898799419403,0.13623725839416023
0.018,3,blade_0,blade_0_RotorFlow_OpenVSP_Blade_0,RotorFlow_OpenVSP_Blade_0_segment_12,blade_0_RotorFlow_OpenVSP_Blade_0:RotorFlow_OpenVSP_Blade_0_segment_12:orig:0,orig,0,3.8327932357788086,3.8327932357788086,3.713362693786621,3.953094720840454,5,0.9166666269302368,0.07632504403591156,-0.4486001133918762,-1.5262256860733032,circulation_proxy,0.03962622582912445,0.0005450324388220906,-0.07964638620615005,N,1.225,-0.07953844964504242,-0.0002927119203377515,0.004826180171221495,0.6762700080871582,0.032255858182907104,0.9543278217315674,m/s,0.0034670087043195963,3.84090518951416,-0.05760405212640762,0.13623725839416023
0.018,3,blade_0,blade_0_RotorFlow_OpenVSP_Blade_0,RotorFlow_OpenVSP_Blade_0_segment_13,blade_0_RotorFlow_OpenVSP_Blade_0:RotorFlow_OpenVSP_Blade_0_segment_13:orig:0,orig,0,4.060144901275635,4.060144901275635,3.940854787826538,4.180281639099121,0,0.0833333358168602,0.07443127036094666,-3.8837661743164062,-14.88272476196289,circulation_proxy,0.17741894721984863,0.6119226813316345,-13.000866889953613,N,1.225,-0.01299315970391035,0.0001186574372695759,0.0006819519912824035,12.02344799041748,-0.06204792112112045,0.17316775023937225,m/s,-0.016580231487751007,4.0681538581848145,-0.42781496047973633,0.2269429265709916
0.018,3,blade_0,blade_0_RotorFlow_OpenVSP_Blade_0,RotorFlow_OpenVSP_Blade_0_segment_13,blade_0_RotorFlow_OpenVSP_Blade_0:RotorFlow_OpenVSP_Blade_0_segment_13:orig:0,orig,0,4.060144901275635,4.060144901275635,3.940854787826538,4.180281639099121,1,0.2500000596046448,0.07443130016326904,-1.8259592056274414,-6.9559006690979,circulation_proxy,0.3494412899017334,0.03265714272856712,-0.9227319955825806,N,1.225,-0.027014359831809998,0.00018395710503682494,0.0014178642304614186,1.8183321952819824,0.04611000046133995,0.7423241138458252,m/s,-0.012679001316428185,4.0681586265563965,-0.35348600149154663,0.2269429265709916
0.018,3,blade_0,blade_0_RotorFlow_OpenVSP_Blade_0,RotorFlow_OpenVSP_Blade_0_segment_13,blade_0_RotorFlow_OpenVSP_Blade_0:RotorFlow_OpenVSP_Blade_0_segment_13:orig:0,orig,0,4.060144901275635,4.060144901275635,3.940854787826538,4.180281639099121,2,0.4166666865348816,0.07443124055862427,-1.2667211294174194,-4.784732818603516,circulation_proxy,0.25033384561538696,0.007878000847995281,-0.31010907888412476,N,1.225,-0.03941695764660835,0.0001704473397694528,0.002068828558549285,0.8855133056640625,0.048396848142147064,0.8230922818183899,m/s,-0.008777770213782787,4.068163871765137,-0.27915704250335693,0.2269429265709916
0.018,3,blade_0,blade_0_RotorFlow_OpenVSP_Blade_0,RotorFlow_OpenVSP_Blade_0_segment_13,blade_0_RotorFlow_OpenVSP_Blade_0:RotorFlow_OpenVSP_Blade_0_segment_13:orig:0,orig,0,4.060144901275635,4.060144901275635,3.940854787826538,4.180281639099121,3,0.5833333134651184,0.07443127036094666,-0.9457919001579285,-3.5299930572509766,circulation_proxy,0.17628589272499084,0.003001837758347392,-0.16266825795173645,N,1.225,-0.05098101496696472,9.277887147618458e-05,0.0026757840532809496,0.6280865669250488,0.043057411909103394,0.8640682697296143,m/s,-0.00487653911113739,4.068168640136719,-0.20482806861400604,0.2269429265709916
0.018,3,blade_0,blade_0_RotorFlow_OpenVSP_Blade_0,RotorFlow_OpenVSP_Blade_0_segment_13,blade_0_RotorFlow_OpenVSP_Blade_0:RotorFlow_OpenVSP_Blade_0_segment_13:orig:0,orig,0,4.060144901275635,4.060144901275635,3.940854787826538,4.180281639099121,4,0.7500000596046448,0.07443127036094666,-0.6937975287437439,-2.5428431034088135,circulation_proxy,0.1103133112192154,0.0014176502590999007,-0.10634064674377441,N,1.225,-0.06103796884417534,-4.2113158997381106e-05,0.003203642787411809,0.5671463012695312,0.03563949838280678,0.887615978717804,m/s,-0.0009753077756613493,4.068172931671143,-0.13049910962581635,0.2269429265709916
0.018,3,blade_0,blade_0_RotorFlow_OpenVSP_Blade_0,RotorFlow_OpenVSP_Blade_0_segment_13,blade_0_RotorFlow_OpenVSP_Blade_0:RotorFlow_OpenVSP_Blade_0_segment_13:orig:0,orig,0,4.060144901275635,4.060144901275635,3.940854787826538,4.180281639099121,5,0.9166666269302368,0.07443126291036606,-0.43640419840812683,-1.540251612663269,circulation_proxy,0.04041746258735657,0.0005311331478878856,-0.07729708403348923,N,1.225,-0.06841633468866348,-0.00021897812257520854,0.003590915584936738,0.6656894683837891,0.027402333915233612,0.8959308862686157,m/s,0.002925923326984048,4.068178653717041,-0.05617016181349754,0.2269429265709916
0.018,3,blade_0,blade_0_RotorFlow_OpenVSP_Blade_0,RotorFlow_OpenVSP_Blade_0_segment_14,blade_0_RotorFlow_OpenVSP_Blade_0:RotorFlow_OpenVSP_Blade_0_segment_14:orig:0,orig,0,4.2874979972839355,4.2874979972839355,4.16834831237793,4.407469749450684,0,0.08333335816860199,0.07253746688365936,-3.8055639266967773,-14.967207908630371,circulation_proxy,0.21297138929367065,0.6047620177268982,-12.810636520385742,N,1.225,-0.011043725535273552,8.840953523758799e-05,0.0004986603744328022,12.090930938720703,-0.06089088320732117,0.2085476666688919,m/s,-0.01390602346509695,4.295426845550537,-0.41706135869026184,0.31764916547378996
0.018,3,blade_0,blade_0_RotorFlow_OpenVSP_Blade_0,RotorFlow_OpenVSP_Blade_0_segment_14,blade_0_RotorFlow_OpenVSP_Blade_0:RotorFlow_OpenVSP_Blade_0_segment_14:orig:0,orig,0,4.2874979972839355,4.2874979972839355,4.16834831237793,4.407469749450684,1,0.2500000596046448,0.07253746688365936,-1.787390947341919,-6.993650436401367,circulation_proxy,0.3267146348953247,0.032732877880334854,-0.9061417579650879,N,1.225,-0.023041605949401855,0.0001375860592816025,0.0010404061758890748,1.8233060836791992,0.03520220145583153,0.704224705696106,m/s,-0.01063401810824871,4.295431613922119,-0.3445977568626404,0.31764916547378996
0.018,3,blade_0,blade_0_RotorFlow_OpenVSP_Blade_0,RotorFlow_OpenVSP_Blade_0_segment_14,blade_0_RotorFlow_OpenVSP_Blade_0:RotorFlow_OpenVSP_Blade_0_segment_14:orig:0,orig,0,4.2874979972839355,4.2874979972839355,4.16834831237793,4.407469749450684,2,0.4166666865348816,0.07253740727901459,-1.2380839586257935,-4.808402061462402,circulation_proxy,0.2335290014743805,0.00800270400941372,-0.3031718134880066,N,1.225,-0.033724844455718994,0.0001279969437746331,0.0015227962285280228,0.8841757774353027,0.03810989856719971,0.7765135169029236,m/s,-0.007362012751400471,4.295436382293701,-0.27213412523269653,0.31764916547378996
0.018,3,blade_0,blade_0_RotorFlow_OpenVSP_Blade_0,RotorFlow_OpenVSP_Blade_0_segment_14,blade_0_RotorFlow_OpenVSP_Blade_0:RotorFlow_OpenVSP_Blade_0_segment_14:orig:0,orig,0,4.2874979972839355,4.2874979972839355,4.16834831237793,4.407469749450684,3,0.5833333134651184,0.07253746688365936,-0.9226586222648621,-3.5457699298858643,circulation_proxy,0.1651180386543274,0.003036137204617262,-0.15827576816082,N,1.225,-0.043716322630643845,7.007166277617216e-05,0.0019739519339054823,0.6239485740661621,0.034446749836206436,0.8137553930282593,m/s,-0.0040900069288909435,4.295441627502441,-0.19967052340507507,0.31764916547378996
0.018,3,blade_0,blade_0_RotorFlow_OpenVSP_Blade_0,RotorFlow_OpenVSP_Blade_0_segment_14,blade_0_RotorFlow_OpenVSP_Blade_0:RotorFlow_OpenVSP_Blade_0_segment_14:orig:0,orig,0,4.2874979972839355,4.2874979972839355,4.16834831237793,4.407469749450684,4,0.7500000596046448,0.07253743708133698,-0.6754155158996582,-2.554290294647217,circulation_proxy,0.10456740111112595,0.0013950790744274855,-0.10305587947368622,N,1.225,-0.05242887884378433,-3.116598236374557e-05,0.0023673642426729202,0.5606541633605957,0.029091255739331245,0.8353196978569031,m/s,-0.0008180013974197209,4.295445919036865,-0.1272069215774536,0.31764916547378996
0.018,3,blade_0,blade_0_RotorFlow_OpenVSP_Blade_0,RotorFlow_OpenVSP_Blade_0_segment_14,blade_0_RotorFlow_OpenVSP_Blade_0:RotorFlow_OpenVSP_Blade_0_segment_14:orig:0,orig,0,4.2874979972839355,4.2874979972839355,4.16834831237793,4.407469749450684,5,0.9166666865348816,0.07253744453191757,-0.4239674508571625,-1.550896406173706,circulation_proxy,0.04072074964642525,0.0005139738786965609,-0.07483498007059097,N,1.225,-0.05884294584393501,-0.00016432188567705452,0.0026569918263703585,0.656463623046875,0.023126473650336266,0.8436439037322998,m/s,0.0024540042504668236,4.2954511642456055,-0.054743293672800064,0.31764916547378996
0.018,3,blade_0,blade_0_RotorFlow_OpenVSP_Blade_0,RotorFlow_OpenVSP_Blade_0_segment_15,blade_0_RotorFlow_OpenVSP_Blade_0:RotorFlow_OpenVSP_Blade_0_segment_15:orig:0,orig,0,4.514852046966553,4.514852046966553,4.395843505859375,4.634658336639404,0,0.08333339542150497,0.07064361870288849,-3.7218546867370605,-15.03346061706543,circulation_proxy,0.2443953901529312,0.5955397486686707,-12.58565616607666,N,1.225,-0.00933096930384636,6.584488437511027e-05,0.000359723053406924,12.145708084106445,-0.061510153114795685,0.24193984270095825,m/s,-0.011566058732569218,4.522700309753418,-0.40627753734588623,0.4083557848605663
0.018,3,blade_0,blade_0_RotorFlow_OpenVSP_Blade_0,RotorFlow_OpenVSP_Blade_0_segment_15,blade_0_RotorFlow_OpenVSP_Blade_0:RotorFlow_OpenVSP_Blade_0_segment_15:orig:0,orig,0,4.514852046966553,4.514852046966553,4.395843505859375,4.634658336639404,1,0.2500000596046448,0.0706435889005661,-1.746127963066101,-7.021496772766113,circulation_proxy,0.3055214285850525,0.032583288848400116,-0.8875920176506042,N,1.225,-0.019561760127544403,0.000103021040558815,0.0007541360682807863,1.8275322914123535,0.02449209615588188,0.6696662902832031,m/s,-0.008844633586704731,4.522705078125,-0.3356863856315613,0.4083557848605663
0.018,3,blade_0,blade_0_RotorFlow_OpenVSP_Blade_0,RotorFlow_OpenVSP_Blade_0_segment_15,blade_0_RotorFlow_OpenVSP_Blade_0:RotorFlow_OpenVSP_Blade_0_segment_15:orig:0,orig,0,4.514852046966553,4.514852046966553,4.395843505859375,4.634658336639404,2,0.4166666865348816,0.07064356654882431,-1.2076340913772583,-4.824521064758301,circulation_proxy,0.21789517998695374,0.00804364588111639,-0.29574868083000183,N,1.225,-0.02874259650707245,9.636254253564402e-05,0.0011080773547291756,0.8830761909484863,0.028151486068964005,0.7344406247138977,m/s,-0.00612320750951767,4.522709846496582,-0.26509523391723633,0.4083557848605663
0.018,3,blade_0,blade_0_RotorFlow_OpenVSP_Blade_0,RotorFlow_OpenVSP_Blade_0_segment_15,blade_0_RotorFlow_OpenVSP_Blade_0:RotorFlow_OpenVSP_Blade_0_segment_15:orig:0,orig,0,4.514852046966553,4.514852046966553,4.395843505859375,4.634658336639404,3,0.5833333134651184,0.0706436038017273,-0.898317813873291,-3.5556070804595947,circulation_proxy,0.15459810197353363,0.0030389362946152687,-0.15367324650287628,N,1.225,-0.03736056387424469,5.320540731190704e-05,0.0014403185341507196,0.6202812194824219,0.026190858334302902,0.7681246399879456,m/s,-0.0034017818979918957,4.522714614868164,-0.19450408220291138,0.4083557848605663
0.018,3,blade_0,blade_0_RotorFlow_OpenVSP_Blade_0,RotorFlow_OpenVSP_Blade_0_segment_15,blade_0_RotorFlow_OpenVSP_Blade_0:RotorFlow_OpenVSP_Blade_0_segment_15:orig:0,orig,0,4.514852046966553,4.514852046966553,4.395843505859375,4.634658336639404,4,0.7500000596046448,0.0706436038017273,-0.6563353538513184,-2.561260461807251,circulation_proxy,0.09917288273572922,0.0013653620844706893,-0.09964988380670547,N,1.225,-0.04490160197019577,-2.2842434191261418e-05,0.0017310449620708823,0.5548257827758789,0.022879788652062416,0.7887874841690063,m/s,-0.0006803564028814435,4.522719383239746,-0.12391293048858643,0.4083557848605663
0.018,3,blade_0,blade_0_RotorFlow_OpenVSP_Blade_0,RotorFlow_OpenVSP_Blade_0_segment_15,blade_0_RotorFlow_OpenVSP_Blade_0:RotorFlow_OpenVSP_Blade_0_segment_15:orig:0,orig,0,4.514852046966553,4.514852046966553,4.395843505859375,4.634658336639404,5,0.9166666269302368,0.0706435889005661,-0.4112597703933716,-1.5584800243377686,circulation_proxy,0.0407111793756485,0.0004948099376633763,-0.0722501203417778,N,1.225,-0.05048014968633652,-0.00012328557204455137,0.0019461154006421566,0.6479787826538086,0.01918123848736286,0.7965620160102844,m/s,0.0020410690922290087,4.522724151611328,-0.05332176387310028,0.4083557848605663
0.018,3,blade_0,blade_0_RotorFlow_OpenVSP_Blade_0,RotorFlow_OpenVSP_Blade_0_segment_16,blade_0_RotorFlow_OpenVSP_Blade_0:RotorFlow_OpenVSP_Blade_0_segment_16:orig:0,orig,0,4.74220609664917,4.74220609664917,4.62333869934082,4.861847400665283,0,0.08333337306976318,0.06874972581863403,-3.630418062210083,-15.070756912231445,circulation_proxy,0.26980340480804443,0.5836326479911804,-12.310702323913574,N,1.225,-0.007852987386286259,4.909499330096878e-05,0.0002558198175393045,12.17954158782959,-0.06445375084877014,0.2716371715068817,m/s,-0.009513357654213905,4.749973773956299,-0.39547067880630493,0.49906240424734266
0.018,3,blade_0,blade_0_RotorFlow_OpenVSP_Blade_0,RotorFlow_OpenVSP_Blade_0_segment_16,blade_0_RotorFlow_OpenVSP_Blade_0:RotorFlow_OpenVSP_Blade_0_segment_16:orig:0,orig,0,4.74220609664917,4.74220609664917,4.62333869934082,4.861847400665283,1,0.2499999850988388,0.06874972581863403,-1.7010763883590698,-7.0341901779174805,circulation_proxy,0.28524792194366455,0.032197702676057816,-0.8659122586250305,N,1.225,-0.016519730910658836,7.714689854765311e-05,0.0005381490336731076,1.8295955657958984,0.013048154301941395,0.6376957893371582,m/s,-0.007274920586496592,4.749978065490723,-0.32675740122795105,0.49906240424734266
0.018,3,blade_0,blade_0_RotorFlow_OpenVSP_Blade_0,RotorFlow_OpenVSP_Blade_0_segment_16,blade_0_RotorFlow_OpenVSP_Blade_0:RotorFlow_OpenVSP_Blade_0_segment_16:orig:0,orig,0,4.74220609664917,4.74220609664917,4.62333869934082,4.861847400665283,2,0.4166666567325592,0.06874969601631165,-1.17462956905365,-4.82965087890625,circulation_proxy,0.2028120458126068,0.008004017174243927,-0.2873815894126892,N,1.225,-0.0243478212505579,7.254333468154073e-05,0.0007931622094474733,0.8812704086303711,0.017710082232952118,0.695167601108551,m/s,-0.005036483518779278,4.749983310699463,-0.25804412364959717,0.49906240424734266
0.018,3,blade_0,blade_0_RotorFlow_OpenVSP_Blade_0,RotorFlow_OpenVSP_Blade_0_segment_16,blade_0_RotorFlow_OpenVSP_Blade_0:RotorFlow_OpenVSP_Blade_0_segment_16:orig:0,orig,0,4.74220609664917,4.74220609664917,4.62333869934082,4.861847400665283,3,0.5833333134651184,0.06874972581863403,-0.8722808361053467,-3.5573956966400146,circulation_proxy,0.1445394903421402,0.0030111800879240036,-0.14862874150276184,N,1.225,-0.031722310930490494,4.0478735172655433e-05,0.001033398904837668,0.6163134574890137,0.017618926241993904,0.7262014150619507,m/s,-0.002798046451061964,4.749987602233887,-0.1893308460712433,0.49906240424734266
0.018,3,blade_0,blade_0_RotorFlow_OpenVSP_Blade_0,RotorFlow_OpenVSP_Blade_0_segment_16,blade_0_RotorFlow_OpenVSP_Blade_0:RotorFlow_OpenVSP_Blade_0_segment_16:orig:0,orig,0,4.74220609664917,4.74220609664917,4.62333869934082,4.861847400665283,4,0.75,0.06874972581863403,-0.6362891793251038,-2.5628395080566406,circulation_proxy,0.09378649294376373,0.0013276621466502547,-0.09596315026283264,N,1.225,-0.03819394111633301,-1.6471602066303603e-05,0.0012442254228517413,0.5487408638000488,0.016556864604353905,0.745265543460846,m/s,-0.0005596092669293284,4.7499918937683105,-0.1206175833940506,0.49906240424734266
0.018,3,blade_0,blade_0_RotorFlow_OpenVSP_Blade_0,RotorFlow_OpenVSP_Blade_0_segment_16,blade_0_RotorFlow_OpenVSP_Blade_0:RotorFlow_OpenVSP_Blade_0_segment_16:orig:0,orig,0,4.74220609664917,4.74220609664917,4.62333869934082,4.861847400665283,5,0.9166666865348816,0.06874971836805344,-0.39820346236228943,-1.5631403923034668,circulation_proxy,0.04045962169766426,0.0004740516596939415,-0.06949853152036667,N,1.225,-0.04299721494317055,-9.197855251841247e-05,0.001400704262778163,0.6394948959350586,0.015316878445446491,0.7528838515281677,m/s,0.0016788278007879853,4.749996662139893,-0.05190430209040642,0.49906240424734266
0.018,3,blade_0,blade_0_RotorFlow_OpenVSP_Blade_0,RotorFlow_OpenVSP_Blade_0_segment_17,blade_0_RotorFlow_OpenVSP_Blade_0:RotorFlow_OpenVSP_Blade_0_segment_17:orig:0,orig,0,4.9695611000061035,4.9695611000061035,4.850834369659424,5.089036464691162,0,0.0833333358168602,0.06685584038496017,-3.526242971420288,-15.05558967590332,circulation_proxy,0.28803250193595886,0.5675286054611206,-11.952339172363281,N,1.225,-0.006435682997107506,3.5811295674648136e-05,0.00017467679572291672,12.174310684204102,-0.07055370509624481,0.2965826690196991,m/s,-0.007709297817200422,4.9772467613220215,-0.38464608788490295,0.589769404118097
0.018,3,blade_0,blade_0_RotorFlow_OpenVSP_Blade_0,RotorFlow_OpenVSP_Blade_0_segment_17,blade_0_RotorFlow_OpenVSP_Blade_0:RotorFlow_OpenVSP_Blade_0_segment_17:orig:0,orig,0,4.9695611000061035,4.9695611000061035,4.850834369659424,5.089036464691162,1,0.2500000298023224,0.06685584038496017,-1.6497268676757812,-7.020379066467285,circulation_proxy,0.26421505212783813,0.03150482848286629,-0.838441014289856,N,1.225,-0.013618025928735733,5.666947618010454e-05,0.00036962024751119316,1.8262815475463867,-0.00015704426914453506,0.6048999428749084,m/s,-0.005895345471799374,4.9772515296936035,-0.3178148567676544,0.589769404118097
0.018,3,blade_0,blade_0_RotorFlow_OpenVSP_Blade_0,RotorFlow_OpenVSP_Blade_0_segment_17,blade_0_RotorFlow_OpenVSP_Blade_0:RotorFlow_OpenVSP_Blade_0_segment_17:orig:0,orig,0,4.9695611000061035,4.9695611000061035,4.850834369659424,5.089036464691162,2,0.4166666567325592,0.06685581058263779,-1.1373522281646729,-4.8163323402404785,circulation_proxy,0.18752971291542053,0.007866375148296356,-0.2770739793777466,N,1.225,-0.020169157534837723,5.3704519814345986e-05,0.0005474336794577539,0.8767695426940918,0.005849071778357029,0.6561083793640137,m/s,-0.004081393126398325,4.9772562980651855,-0.2509836256504059,0.589769404118097
0.018,3,blade_0,blade_0_RotorFlow_OpenVSP_Blade_0,RotorFlow_OpenVSP_Blade_0_segment_17,blade_0_RotorFlow_OpenVSP_Blade_0:RotorFlow_OpenVSP_Blade_0_segment_17:orig:0,orig,0,4.9695611000061035,4.9695611000061035,4.850834369659424,5.089036464691162,3,0.5833333134651184,0.06685584038496017,-0.8434022665023804,-3.546509027481079,circulation_proxy,0.1341525763273239,0.002945574000477791,-0.14255781471729279,N,1.225,-0.02636873349547386,3.0391631298698485e-05,0.0007157059153541923,0.6101837158203125,0.008010722696781158,0.6838028430938721,m/s,-0.0022674405481666327,4.977260112762451,-0.18415242433547974,0.589769404118097
0.018,3,blade_0,blade_0_RotorFlow_OpenVSP_Blade_0,RotorFlow_OpenVSP_Blade_0_segment_17,blade_0_RotorFlow_OpenVSP_Blade_0:RotorFlow_OpenVSP_Blade_0_segment_17:orig:0,orig,0,4.9695611000061035,4.9695611000061035,4.850834369659424,5.089036464691162,4,0.7499999403953552,0.06685584038496017,-0.6146508455276489,-2.556915044784546,circulation_proxy,0.08795235306024551,0.0012782658450305462,-0.09165669977664948,N,1.225,-0.03184124082326889,-1.149738636740949e-05,0.000864245172124356,0.5406684875488281,0.009613331407308578,0.7001768350601196,m/s,-0.0004534881154540926,4.977264881134033,-0.1173211932182312,0.589769404118097
0.018,3,blade_0,blade_0_RotorFlow_OpenVSP_Blade_0,RotorFlow_OpenVSP_Blade_0_segment_17,blade_0_RotorFlow_OpenVSP_Blade_0:RotorFlow_OpenVSP_Blade_0_segment_17:orig:0,orig,0,4.9695611000061035,4.9695611000061035,4.850834369659424,5.089036464691162,5,0.9166667461395264,0.06685584038496017,-0.3846195638179779,-1.5648945569992065,circulation_proxy,0.0399932898581028,0.0004513717722147703,-0.06645302474498749,N,1.225,-0.03592647984623909,-6.737088551744819e-05,0.0009751312318257987,0.6296753883361816,0.011246977373957634,0.7090604901313782,m/s,0.0013604643754661083,4.977269172668457,-0.05048996955156326,0.589769404118097
0.018,3,blade_0,blade_0_RotorFlow_OpenVSP_Blade_0,RotorFlow_OpenVSP_Blade_0_segment_18,blade_0_RotorFlow_OpenVSP_Blade_0:RotorFlow_OpenVSP_Blade_0_segment_18:orig:0,orig,0,5.196916580200195,5.196916580200195,5.078330993652344,5.316225528717041,0,0.08333329856395721,0.06496191024780273,-3.397886037826538,-14.933258056640625,circulation_proxy,0.29327625036239624,0.5437684059143066,-11.436641693115234,N,1.225,-0.004988884553313255,2.481462615833152e-05,0.00011064670979976654,12.088972091674805,-0.08000704646110535,0.3114708960056305,m/s,-0.0061218454502522945,5.204521179199219,-0.3738078773021698,0.6804765942308404
0.018,3,blade_0,blade_0_RotorFlow_OpenVSP_Blade_0,RotorFlow_OpenVSP_Blade_0_segment_18,blade_0_RotorFlow_OpenVSP_Blade_0:RotorFlow_OpenVSP_Blade_0_segment_18:orig:0,orig,0,5.196916580200195,5.196916580200195,5.078330993652344,5.316225528717041,1,0.2499999850988388,0.06496196985244751,-1.586299180984497,-6.952735424041748,circulation_proxy,0.23889265954494476,0.03031410649418831,-0.7995656132698059,N,1.225,-0.010671917349100113,3.975047366111539e-05,0.000236689142184332,1.8108978271484375,-0.01564612425863743,0.5644673109054565,m/s,-0.004681411199271679,5.204524993896484,-0.3088619112968445,0.6804765942308404
0.018,3,blade_0,blade_0_RotorFlow_OpenVSP_Blade_0,RotorFlow_OpenVSP_Blade_0_segment_18,blade_0_RotorFlow_OpenVSP_Blade_0:RotorFlow_OpenVSP_Blade_0_segment_18:orig:0,orig,0,5.196916580200195,5.196916580200195,5.078330993652344,5.316225528717041,2,0.4166666567325592,0.06496191024780273,-1.091822624206543,-4.766042232513428,circulation_proxy,0.1690995842218399,0.007581074256449938,-0.26268818974494934,N,1.225,-0.015944423153996468,3.8139260141178966e-05,0.0003536285075824708,0.8653149604797363,-0.007872468791902065,0.6085038781166077,m/s,-0.0032409769482910633,5.204529285430908,-0.24391594529151917,0.6804765942308404
0.018,3,blade_0,blade_0_RotorFlow_OpenVSP_Blade_0,RotorFlow_OpenVSP_Blade_0_segment_18,blade_0_RotorFlow_OpenVSP_Blade_0:RotorFlow_OpenVSP_Blade_0_segment_18:orig:0,orig,0,5.196916580200195,5.196916580200195,5.078330993652344,5.316225528717041,3,0.5833333134651184,0.06496194005012512,-0.809050977230072,-3.5109901428222656,circulation_proxy,0.12181356549263,0.002821196336299181,-0.13429296016693115,N,1.225,-0.02098103053867817,2.2007645384292118e-05,0.00046533613931387663,0.598259449005127,-0.0030612535774707794,0.6338731050491333,m/s,-0.0018005428137257695,5.20453405380249,-0.17896997928619385,0.6804765942308404
0.018,3,blade_0,blade_0_RotorFlow_OpenVSP_Blade_0,RotorFlow_OpenVSP_Blade_0_segment_18,blade_0_RotorFlow_OpenVSP_Blade_0:RotorFlow_OpenVSP_Blade_0_segment_18:orig:0,orig,0,5.196916580200195,5.196916580200195,5.078330993652344,5.316225528717041,4,0.75,0.06496194005012512,-0.5900301933288574,-2.537602663040161,circulation_proxy,0.08102249354124069,0.0012083989568054676,-0.08606556057929993,N,1.225,-0.02545304410159588,-7.566194653918501e-06,0.000564522750210017,0.5273647308349609,0.0016951293218880892,0.648198664188385,m/s,-0.0003601085627451539,5.204537868499756,-0.11402400583028793,0.6804765942308404
0.018,3,blade_0,blade_0_RotorFlow_OpenVSP_Blade_0,RotorFlow_OpenVSP_Blade_0_segment_18,blade_0_RotorFlow_OpenVSP_Blade_0:RotorFlow_OpenVSP_Blade_0_segment_18:orig:0,orig,0,5.196916580200195,5.196916580200195,5.078330993652344,5.316225528717041,5,0.916666567325592,0.06496194005012512,-0.37018194794654846,-1.5630848407745361,circulation_proxy,0.03882681578397751,0.00042479607509449124,-0.06284420937299728,N,1.225,-0.028813457116484642,-4.736843766295351e-05,0.0006390555063262582,0.6159629821777344,0.0067571247927844524,0.6563477516174316,m/s,0.0010803256882354617,5.20454216003418,-0.049078039824962616,0.6804765942308404
0.018,3,blade_0,blade_0_RotorFlow_OpenVSP_Blade_0,RotorFlow_OpenVSP_Blade_0_segment_19,blade_0_RotorFlow_OpenVSP_Blade_0:RotorFlow_OpenVSP_Blade_0_segment_19:orig:0,orig,0,5.424272060394287,5.424272060394287,5.305827617645264,5.543415546417236,0,0.08333337306976318,0.06306805461645126,-3.2181763648986816,-14.571141242980957,circulation_proxy,0.27406153082847595,0.5044330954551697,-10.596146583557129,N,1.225,-0.0034474229905754328,1.5388830433948897e-05,6.076957652112469e-05,11.825990676879883,-0.09078945219516754,0.30539438128471375,m/s,-0.004724214319139719,5.431794166564941,-0.3629591464996338,0.7711837843435837
0.018,3,blade_0,blade_0_RotorFlow_OpenVSP_Blade_0,RotorFlow_OpenVSP_Blade_0_segment_19,blade_0_RotorFlow_OpenVSP_Blade_0:RotorFlow_OpenVSP_Blade_0_segment_19:orig:0,orig,0,5.424272060394287,5.424272060394287,5.305827617645264,5.543415546417236,1,0.2500000298023224,0.06306799501180649,-1.4967344999313354,-6.763025283813477,circulation_proxy,0.20328834652900696,0.028156377375125885,-0.7366039752960205,N,1.225,-0.007556435186415911,2.5293200451415032e-05,0.00013320172729436308,1.7678651809692383,-0.032114289700984955,0.5047142505645752,m/s,-0.0036126344930380583,5.431797981262207,-0.29990091919898987,0.7711837843435837
0.018,3,blade_0,blade_0_RotorFlow_OpenVSP_Blade_0,RotorFlow_OpenVSP_Blade_0_segment_19,blade_0_RotorFlow_OpenVSP_Blade_0:RotorFlow_OpenVSP_Blade_0_segment_19:orig:0,orig,0,5.424272060394287,5.424272060394287,5.305827617645264,5.543415546417236,2,0.4166666567325592,0.06306802481412888,-1.028248906135559,-4.631457328796387,circulation_proxy,0.14335179328918457,0.007014438509941101,-0.2394692450761795,N,1.225,-0.011515824124217033,2.4861206838977523e-05,0.00020299751486163586,0.8371438980102539,-0.022415688261389732,0.5402786731719971,m/s,-0.0025010546669363976,5.431802272796631,-0.23684266209602356,0.7711837843435837
0.018,3,blade_0,blade_0_RotorFlow_OpenVSP_Blade_0,RotorFlow_OpenVSP_Blade_0_segment_19,blade_0_RotorFlow_OpenVSP_Blade_0:RotorFlow_OpenVSP_Blade_0_segment_19:orig:0,orig,0,5.424272060394287,5.424272060394287,5.305827617645264,5.543415546417236,3,0.5833333134651184,0.06306803971529007,-0.7627740502357483,-3.419847011566162,circulation_proxy,0.10390005260705948,0.0025827260687947273,-0.12109967321157455,N,1.225,-0.015361286699771881,1.4766311323910486e-05,0.0002707851235754788,0.5714983940124512,-0.014792767353355885,0.5612542033195496,m/s,-0.001389474724419415,5.431806564331055,-0.17378441989421844,0.7711837843435837
0.018,3,blade_0,blade_0_RotorFlow_OpenVSP_Blade_0,RotorFlow_OpenVSP_Blade_0_segment_19,blade_0_RotorFlow_OpenVSP_Blade_0:RotorFlow_OpenVSP_Blade_0_segment_19:orig:0,orig,0,5.424272060394287,5.424272060394287,5.305827617645264,5.543415546417236,4,0.75,0.06306803226470947,-0.5591480731964111,-2.489346742630005,circulation_proxy,0.07056421041488647,0.0010949954157695174,-0.07752162218093872,N,1.225,-0.018812132999300957,-4.5006163418293e-06,0.00033161748433485627,0.5001091957092285,-0.0067862821742892265,0.5740348100662231,m/s,-0.0002778949565254152,5.43181037902832,-0.11072620004415512,0.7711837843435837
0.018,3,blade_0,blade_0_RotorFlow_OpenVSP_Blade_0,RotorFlow_OpenVSP_Blade_0_segment_19,blade_0_RotorFlow_OpenVSP_Blade_0:RotorFlow_OpenVSP_Blade_0_segment_19:orig:0,orig,0,5.424272060394287,5.424272060394287,5.305827617645264,5.543415546417236,5,0.9166666865348816,0.06306803226470947,-0.35435065627098083,-1.5554906129837036,circulation_proxy,0.03593461960554123,0.00038981399848125875,-0.0580630749464035,N,1.225,-0.0214235782623291,-3.0855426302878186e-05,0.00037765316665172577,0.592376708984375,0.0018662246875464916,0.5814172029495239,m/s,0.0008336848695762455,5.431814670562744,-0.0476679652929306,0.7711837843435837
0.018,3,blade_0,blade_0_RotorFlow_OpenVSP_Blade_0,RotorFlow_OpenVSP_Blade_0_segment_20,blade_0_RotorFlow_OpenVSP_Blade_0:RotorFlow_OpenVSP_Blade_0_segment_20:orig:0,orig,0,5.651628017425537,5.651628017425537,5.533324718475342,5.770604610443115,0,0.08333335816860199,0.06117413565516472,-2.919184684753418,-13.629548072814941,circulation_proxy,0.22332829236984253,0.431862473487854,-9.061286926269531,N,1.225,-0.0018890309147536755,7.5956359069095924e-06,2.5387264031451195e-05,11.14870548248291,-0.09801889210939407,0.27242758870124817,m/s,-0.0034938394092023373,5.659067630767822,-0.35210227966308594,0.8618911646983161
0.018,3,blade_0,blade_0_RotorFlow_OpenVSP_Blade_0,RotorFlow_OpenVSP_Blade_0_segment_20,blade_0_RotorFlow_OpenVSP_Blade_0:RotorFlow_OpenVSP_Blade_0_segment_20:orig:0,orig,0,5.651628017425537,5.651628017425537,5.533324718475342,5.770604610443115,1,0.25,0.06117410585284233,-1.3437433242797852,-6.265382766723633,circulation_proxy,0.15156233310699463,0.0239365566521883,-0.6214138865470886,N,1.225,-0.004415861796587706,1.3323491657502018e-05,5.9346410125726834e-05,1.6610126495361328,-0.04589854180812836,0.4151163697242737,m/s,-0.0026717595756053925,5.659072399139404,-0.29093366861343384,0.8618911646983161
0.018,3,blade_0,blade_0_RotorFlow_OpenVSP_Blade_0,RotorFlow_OpenVSP_Blade_0_segment_20,blade_0_RotorFlow_OpenVSP_Blade_0:RotorFlow_OpenVSP_Blade_0_segment_20:orig:0,orig,0,5.651628017425537,5.651628017425537,5.533324718475342,5.770604610443115,2,0.4166666865348816,0.061174120754003525,-0.919396162033081,-4.277144908905029,circulation_proxy,0.10614711046218872,0.0058339061215519905,-0.19650180637836456,N,1.225,-0.0070526874624192715,1.3795311133435462e-05,9.47842636378482e-05,0.7679548263549805,-0.03482000157237053,0.4411555528640747,m/s,-0.0018496797420084476,5.65907621383667,-0.22976510226726532,0.8618911646983161
0.018,3,blade_0,blade_0_RotorFlow_OpenVSP_Blade_0,RotorFlow_OpenVSP_Blade_0_segment_20,blade_0_RotorFlow_OpenVSP_Blade_0:RotorFlow_OpenVSP_Blade_0_segment_20:orig:0,orig,0,5.651628017425537,5.651628017425537,5.533324718475342,5.770604610443115,3,0.5833333134651184,0.061174120754003525,-0.6860883831977844,-3.1811442375183105,circulation_proxy,0.07760486006736755,0.0020822740625590086,-0.0963955968618393,N,1.225,-0.009695570915937424,8.591884579800535e-06,0.00013030374248046428,0.5052971839904785,-0.025045914575457573,0.45646533370018005,m/s,-0.0010275999084115028,5.6590800285339355,-0.1685965210199356,0.8618911646983161
0.018,3,blade_0,blade_0_RotorFlow_OpenVSP_Blade_0,RotorFlow_OpenVSP_Blade_0_segment_20,blade_0_RotorFlow_OpenVSP_Blade_0:RotorFlow_OpenVSP_Blade_0_segment_20:orig:0,orig,0,5.651628017425537,5.651628017425537,5.533324718475342,5.770604610443115,4,0.75,0.061174117028713226,-0.5127705335617065,-2.3658878803253174,circulation_proxy,0.05438041314482689,0.0008758953190408647,-0.06171005964279175,N,1.225,-0.012104657478630543,-2.259285565742175e-06,0.0001626816374482587,0.4333982467651367,-0.014545534737408161,0.4654995799064636,m/s,-0.00020551997295115143,5.659083843231201,-0.1074279174208641,0.8618911646983161
0.018,3,blade_0,blade_0_RotorFlow_OpenVSP_Blade_0,RotorFlow_OpenVSP_Blade_0_segment_20,blade_0_RotorFlow_OpenVSP_Blade_0:RotorFlow_OpenVSP_Blade_0_segment_20:orig:0,orig,0,5.651628017425537,5.651628017425537,5.533324718475342,5.770604610443115,5,0.9166666865348816,0.061174120754003525,-0.33624398708343506,-1.5370209217071533,circulation_proxy,0.030222835019230843,0.00033593008993193507,-0.05049550533294678,N,1.225,-0.013939624652266502,-1.7564205336384475e-05,0.00018734372861217707,0.5414071083068848,-0.0031515792943537235,0.47173264622688293,m/s,0.0006165599334053695,5.659088134765625,-0.0462593212723732,0.8618911646983161
0.018,3,blade_0,blade_0_RotorFlow_OpenVSP_Blade_0,RotorFlow_OpenVSP_Blade_0_segment_21,blade_0_RotorFlow_OpenVSP_Blade_0:RotorFlow_OpenVSP_Blade_0_segment_21:orig:0,orig,0,5.878984451293945,5.878984451293945,5.760822296142578,5.9977946281433105,0,0.08333331346511841,0.059280190616846085,-2.307494878768921,-11.12013053894043,circulation_proxy,0.14088629186153412,0.2893504500389099,-6.065270900726318,N,1.225,-0.0005508600734174252,2.002122528210748e-06,5.2729315029864665e-06,9.440752983093262,-0.09403935819864273,0.21566420793533325,m/s,-0.0024115813430398703,5.886341094970703,-0.34123918414115906,0.9525987352950374
0.018,3,blade_0,blade_0_RotorFlow_OpenVSP_Blade_0,RotorFlow_OpenVSP_Blade_0_segment_21,blade_0_RotorFlow_OpenVSP_Blade_0:RotorFlow_OpenVSP_Blade_0_segment_21:orig:0,orig,0,5.878984451293945,5.878984451293945,5.760822296142578,5.9977946281433105,1,0.2500000298023224,0.059280235320329666,-1.009348750114441,-4.860682010650635,circulation_proxy,0.08320967853069305,0.01525515504181385,-0.39353740215301514,N,1.225,-0.0016572538297623396,4.50700827059336e-06,1.5863706721575e-05,1.4003067016601562,-0.05223006010055542,0.29994210600852966,m/s,-0.0018441504798829556,5.886344909667969,-0.28196170926094055,0.9525987352950374
0.018,3,blade_0,blade_0_RotorFlow_OpenVSP_Blade_0,RotorFlow_OpenVSP_Blade_0_segment_21,blade_0_RotorFlow_OpenVSP_Blade_0:RotorFlow_OpenVSP_Blade_0_segment_21:orig:0,orig,0,5.878984451293945,5.878984451293945,5.760822296142578,5.9977946281433105,2,0.41666674613952637,0.05928020551800728,-0.6725631952285767,-3.2340087890625,circulation_proxy,0.05599711835384369,0.003321553347632289,-0.11085595190525055,N,1.225,-0.0030571515671908855,5.426561529020546e-06,2.9264099794090725e-05,0.5920863151550293,-0.041422370821237564,0.314089298248291,m/s,-0.0012767196167260408,5.886348724365234,-0.22268423438072205,0.9525987352950374
0.018,3,blade_0,blade_0_RotorFlow_OpenVSP_Blade_0,RotorFlow_OpenVSP_Blade_0_segment_21,blade_0_RotorFlow_OpenVSP_Blade_0:RotorFlow_OpenVSP_Blade_0_segment_21:orig:0,orig,0,5.878984451293945,5.878984451293945,5.760822296142578,5.9977946281433105,3,0.5833333730697632,0.059280190616846085,-0.51088947057724,-2.451099395751953,circulation_proxy,0.04144065082073212,0.0009908729698508978,-0.04581816494464874,N,1.225,-0.004547910764813423,3.7276040529832244e-06,4.353441181592643e-05,0.32239246368408203,-0.03131485357880592,0.3226102590560913,m/s,-0.0007092886371538043,5.8863525390625,-0.16340675950050354,0.9525987352950374
0.018,3,blade_0,blade_0_RotorFlow_OpenVSP_Blade_0,RotorFlow_OpenVSP_Blade_0_segment_21,blade_0_RotorFlow_OpenVSP_Blade_0:RotorFlow_OpenVSP_Blade_0_segment_21:orig:0,orig,0,5.878984451293945,5.878984451293945,5.760822296142578,5.9977946281433105,4,0.7499999403953552,0.05928020179271698,-0.41471293568611145,-1.9840807914733887,circulation_proxy,0.03196883574128151,0.00036784211988560855,-0.026027720421552658,N,1.225,-0.005952456034719944,-8.330992500305001e-07,5.697967208107002e-05,0.22591495513916016,-0.020339006558060646,0.32814210653305054,m/s,-0.0001418577303411439,5.886356353759766,-0.10412926226854324,0.9525987352950374
0.018,3,blade_0,blade_0_RotorFlow_OpenVSP_Blade_0,RotorFlow_OpenVSP_Blade_0_segment_21,blade_0_RotorFlow_OpenVSP_Blade_0:RotorFlow_OpenVSP_Blade_0_segment_21:orig:0,orig,0,5.878984451293945,5.878984451293945,5.760822296142578,5.9977946281433105,5,0.9166666269302368,0.05928020179271698,-0.3157328963279724,-1.5042997598648071,circulation_proxy,0.022148065268993378,0.00022292332141660154,-0.0334852896630764,N,1.225,-0.00705405417829752,-7.764379915897734e-06,6.752510671503842e-05,0.3817100524902344,-0.008346247486770153,0.3321574330329895,m/s,0.0004255731764715165,5.8863606452941895,-0.04485178366303444,0.9525987352950374
