time,step,surface,wing_uid,segment_uid,station_id,half,span_index,span_coordinate,span_coordinate_absolute,min_span_edge,max_span_edge,chord_index,chord_fraction,panel_chord,panel_circulation,pressure_jump_coefficient,panel_force_x,panel_force_y,panel_force_z,span_coordinate_normalized
0.0,0,blade_0,blade_0_RotorFlow_OpenVSP_Blade_0,RotorFlow_OpenVSP_Blade_0_segment_0,blade_0_RotorFlow_OpenVSP_Blade_0:RotorFlow_OpenVSP_Blade_0_segment_0:orig:0,orig,0,1.1065503358840942,1.1065503358840942,0.9848407506942749,1.2279490232467651,0,0.08333330601453781,0.09896689653396606,-1.969813585281372,-5.686789035797119,0.13095106184482574,-0.06847573816776276,-3.553809881210327,-0.9514419688809288
0.0,0,blade_0,blade_0_RotorFlow_OpenVSP_Blade_0,RotorFlow_OpenVSP_Blade_0_segment_0,blade_0_RotorFlow_OpenVSP_Blade_0:RotorFlow_OpenVSP_Blade_0_segment_0:orig:0,orig,0,1.1065503358840942,1.1065503358840942,0.9848407506942749,1.2279490232467651,1,0.24999992549419403,0.09896694868803024,-0.6314985156059265,-1.8231152296066284,0.3623100817203522,-0.04613059386610985,-0.38356420397758484,-0.9514419688809288
0.0,0,blade_0,blade_0_RotorFlow_OpenVSP_Blade_0,RotorFlow_OpenVSP_Blade_0_segment_0,blade_0_RotorFlow_OpenVSP_Blade_0:RotorFlow_OpenVSP_Blade_0_segment_0:orig:0,orig,0,1.1065503358840942,1.1065503358840942,0.9848407506942749,1.2279490232467651,2,0.41666656732559204,0.09896697849035263,-0.2232118844985962,-0.6444050669670105,0.13960854709148407,-0.011698989197611809,-0.11729960888624191,-0.9514419688809288
0.0,0,blade_0,blade_0_RotorFlow_OpenVSP_Blade_0,RotorFlow_OpenVSP_Blade_0_segment_0,blade_0_RotorFlow_OpenVSP_Blade_0:RotorFlow_OpenVSP_Blade_0_segment_0:orig:0,orig,0,1.1065503358840942,1.1065503358840942,0.9848407506942749,1.2279490232467651,3,0.5833332538604736,0.09896694868803024,0.057252004742622375,0.1652846336364746,-0.035468053072690964,0.001474610180594027,0.03208643198013306,-0.9514419688809288
0.0,0,blade_0,blade_0_RotorFlow_OpenVSP_Blade_0,RotorFlow_OpenVSP_Blade_0_segment_0,blade_0_RotorFlow_OpenVSP_Blade_0:RotorFlow_OpenVSP_Blade_0_segment_0:orig:0,orig,0,1.1065503358840942,1.1065503358840942,0.9848407506942749,1.2279490232467651,4,0.7499999403953552,0.09896694868803024,0.3776702582836151,1.09032142162323,-0.20881621539592743,-0.0010534764733165503,0.27108410000801086,-0.9514419688809288
0.0,0,blade_0,blade_0_RotorFlow_OpenVSP_Blade_0,RotorFlow_OpenVSP_Blade_0_segment_0,blade_0_RotorFlow_OpenVSP_Blade_0:RotorFlow_OpenVSP_Blade_0_segment_0:orig:0,orig,0,1.1065503358840942,1.1065503358840942,0.9848407506942749,1.2279490232467651,5,0.916666567325592,0.09896696358919144,1.047526240348816,3.024172782897949,-0.2374897450208664,-0.03302803635597229,1.549721598625183,-0.9514419688809288
0.0,0,blade_0,blade_0_RotorFlow_OpenVSP_Blade_0,RotorFlow_OpenVSP_Blade_0_segment_1,blade_0_RotorFlow_OpenVSP_Blade_0:RotorFlow_OpenVSP_Blade_0_segment_1:orig:0,orig,0,1.3330209255218506,1.3330209255218506,1.2117726802825928,1.4546509981155396,0,0.0833333358168602,0.09711327403783798,-2.359795093536377,-6.94268798828125,-0.04529891163110733,0.058681339025497437,-4.740835189819336,-0.8610878203392704
0.0,0,blade_0,blade_0_RotorFlow_OpenVSP_Blade_0,RotorFlow_OpenVSP_Blade_0_segment_1,blade_0_RotorFlow_OpenVSP_Blade_0:RotorFlow_OpenVSP_Blade_0_segment_1:orig:0,orig,0,1.3330209255218506,1.3330209255218506,1.2117726802825928,1.4546509981155396,1,0.25,0.09711327403783798,-0.8124536275863647,-2.3902974128723145,0.3646596074104309,-0.02696133404970169,-0.49181997776031494,-0.8610878203392704
0.0,0,blade_0,blade_0_RotorFlow_OpenVSP_Blade_0,RotorFlow_OpenVSP_Blade_0_segment_1,blade_0_RotorFlow_OpenVSP_Blade_0:RotorFlow_OpenVSP_Blade_0_segment_1:orig:0,orig,0,1.3330209255218506,1.3330209255218506,1.2117726802825928,1.4546509981155396,2,0.4166666865348816,0.09711327403783798,-0.29537537693977356,-0.8690156936645508,0.14487268030643463,-0.007158971857279539,-0.1536053866147995,-0.8610878203392704
0.0,0,blade_0,blade_0_RotorFlow_OpenVSP_Blade_0,RotorFlow_OpenVSP_Blade_0_segment_1,blade_0_RotorFlow_OpenVSP_Blade_0:RotorFlow_OpenVSP_Blade_0_segment_1:orig:0,orig,0,1.3330209255218506,1.3330209255218506,1.2117726802825928,1.4546509981155396,3,0.5833333730697632,0.09711327403783798,0.08452349156141281,0.24867422878742218,-0.04057200253009796,0.0008082403219304979,0.0485118143260479,-0.8610878203392704
0.0,0,blade_0,blade_0_RotorFlow_OpenVSP_Blade_0,RotorFlow_OpenVSP_Blade_0_segment_1,blade_0_RotorFlow_OpenVSP_Blade_0:RotorFlow_OpenVSP_Blade_0_segment_1:orig:0,orig,0,1.3330209255218506,1.3330209255218506,1.2117726802825928,1.4546509981155396,4,0.7500000596046448,0.09711327403783798,0.5078235268592834,1.494053602218628,-0.20987477898597717,-0.0034580628853291273,0.3946574032306671,-0.8610878203392704
0.0,0,blade_0,blade_0_RotorFlow_OpenVSP_Blade_0,RotorFlow_OpenVSP_Blade_0_segment_1,blade_0_RotorFlow_OpenVSP_Blade_0:RotorFlow_OpenVSP_Blade_0_segment_1:orig:0,orig,0,1.3330209255218506,1.3330209255218506,1.2117726802825928,1.4546509981155396,5,0.9166666865348816,0.09711327403783798,1.3102508783340454,3.8548529148101807,-0.14031510055065155,-0.03106987103819847,2.215588331222534,-0.8610878203392704
0.0,0,blade_0,blade_0_RotorFlow_OpenVSP_Blade_0,RotorFlow_OpenVSP_Blade_0_segment_2,blade_0_RotorFlow_OpenVSP_Blade_0:RotorFlow_OpenVSP_Blade_0_segment_2:orig:0,orig,0,1.5599141120910645,1.5599141120910645,1.4389477968215942,1.6815820932388306,0,0.0833333432674408,0.09523908793926239,-2.487107753753662,-7.461245536804199,-0.10994233191013336,0.14055989682674408,-5.237854480743408,-0.7705650698348616
0.0,0,blade_0,blade_0_RotorFlow_OpenVSP_Blade_0,RotorFlow_OpenVSP_Blade_0_segment_2,blade_0_RotorFlow_OpenVSP_Blade_0:RotorFlow_OpenVSP_Blade_0_segment_2:orig:0,orig,0,1.5599141120910645,1.5599141120910645,1.4389477968215942,1.6815820932388306,1,0.2500000596046448,0.09523908793926239,-0.8680670857429504,-2.6041741371154785,0.3170122802257538,-0.010361222550272942,-0.5171266794204712,-0.7705650698348616
0.0,0,blade_0,blade_0_RotorFlow_OpenVSP_Blade_0,RotorFlow_OpenVSP_Blade_0_segment_2,blade_0_RotorFlow_OpenVSP_Blade_0:RotorFlow_OpenVSP_Blade_0_segment_2:orig:0,orig,0,1.5599141120910645,1.5599141120910645,1.4389477968215942,1.6815820932388306,2,0.41666674613952637,0.09523905813694,-0.3166784942150116,-0.9500258564949036,0.1260388195514679,-0.002925268840044737,-0.16034896671772003,-0.7705650698348616
0.0,0,blade_0,blade_0_RotorFlow_OpenVSP_Blade_0,RotorFlow_OpenVSP_Blade_0_segment_2,blade_0_RotorFlow_OpenVSP_Blade_0:RotorFlow_OpenVSP_Blade_0_segment_2:orig:0,orig,0,1.5599141120910645,1.5599141120910645,1.4389477968215942,1.6815820932388306,3,0.5833333134651184,0.09523905813694,0.09467119723558426,0.28401070833206177,-0.03668100759387016,0.00010235706577077508,0.05356093496084213,-0.7705650698348616
0.0,0,blade_0,blade_0_RotorFlow_OpenVSP_Blade_0,RotorFlow_OpenVSP_Blade_0_segment_2,blade_0_RotorFlow_OpenVSP_Blade_0:RotorFlow_OpenVSP_Blade_0_segment_2:orig:0,orig,0,1.5599141120910645,1.5599141120910645,1.4389477968215942,1.6815820932388306,4,0.75,0.0952390730381012,0.5490909814834595,1.6472560167312622,-0.18125617504119873,-0.004737939219921827,0.43044301867485046,-0.7705650698348616
0.0,0,blade_0,blade_0_RotorFlow_OpenVSP_Blade_0,RotorFlow_OpenVSP_Blade_0_segment_2,blade_0_RotorFlow_OpenVSP_Blade_0:RotorFlow_OpenVSP_Blade_0_segment_2:orig:0,orig,0,1.5599141120910645,1.5599141120910645,1.4389477968215942,1.6815820932388306,5,0.9166666865348816,0.0952390730381012,1.3902548551559448,4.170721530914307,-0.08866303414106369,-0.026669619604945183,2.453305244445801,-0.7705650698348616
0.0,0,blade_0,blade_0_RotorFlow_OpenVSP_Blade_0,RotorFlow_OpenVSP_Blade_0_segment_3,blade_0_RotorFlow_OpenVSP_Blade_0:RotorFlow_OpenVSP_Blade_0_segment_3:orig:0,orig,0,1.7870110273361206,1.7870110273361206,1.6662507057189941,1.908625602722168,0,0.08333338797092438,0.09335548430681229,-2.5221750736236572,-7.719111919403076,-0.12570664286613464,0.1880696415901184,-5.441734790802002,-0.679961038440653
0.0,0,blade_0,blade_0_RotorFlow_OpenVSP_Blade_0,RotorFlow_OpenVSP_Blade_0_segment_3,blade_0_RotorFlow_OpenVSP_Blade_0:RotorFlow_OpenVSP_Blade_0_segment_3:orig:0,orig,0,1.7870110273361206,1.7870110273361206,1.6662507057189941,1.908625602722168,1,0.25,0.09335548430681229,-0.8833292126655579,-2.703427314758301,0.26897719502449036,0.00010972946620313451,-0.5179576277732849,-0.679961038440653
0.0,0,blade_0,blade_0_RotorFlow_OpenVSP_Blade_0,RotorFlow_OpenVSP_Blade_0_segment_3,blade_0_RotorFlow_OpenVSP_Blade_0:RotorFlow_OpenVSP_Blade_0_segment_3:orig:0,orig,0,1.7870110273361206,1.7870110273361206,1.6662507057189941,1.908625602722168,2,0.4166666865348816,0.09335548430681229,-0.3221644163131714,-0.9859836101531982,0.10672184079885483,-0.00026672828244045377,-0.1588897556066513,-0.679961038440653
0.0,0,blade_0,blade_0_RotorFlow_OpenVSP_Blade_0,RotorFlow_OpenVSP_Blade_0_segment_3,blade_0_RotorFlow_OpenVSP_Blade_0:RotorFlow_OpenVSP_Blade_0_segment_3:orig:0,orig,0,1.7870110273361206,1.7870110273361206,1.6662507057189941,1.908625602722168,3,0.5833333730697632,0.09335551410913467,0.09805121272802353,0.3000854551792145,-0.031528811901807785,-0.0003539755125530064,0.05434515327215195,-0.679961038440653
0.0,0,blade_0,blade_0_RotorFlow_OpenVSP_Blade_0,RotorFlow_OpenVSP_Blade_0_segment_3,blade_0_RotorFlow_OpenVSP_Blade_0:RotorFlow_OpenVSP_Blade_0_segment_3:orig:0,orig,0,1.7870110273361206,1.7870110273361206,1.6662507057189941,1.908625602722168,4,0.75,0.09335549175739288,0.5608373284339905,1.7164413928985596,-0.15279856324195862,-0.0053588710725307465,0.437308132648468,-0.679961038440653
0.0,0,blade_0,blade_0_RotorFlow_OpenVSP_Blade_0,RotorFlow_OpenVSP_Blade_0_segment_3,blade_0_RotorFlow_OpenVSP_Blade_0:RotorFlow_OpenVSP_Blade_0_segment_3:orig:0,orig,0,1.7870110273361206,1.7870110273361206,1.6662507057189941,1.908625602722168,5,0.9166667461395264,0.09335549920797348,1.4112110137939453,4.319007873535156,-0.06041311100125313,-0.02329658716917038,2.536320686340332,-0.679961038440653
0.0,0,blade_0,blade_0_RotorFlow_OpenVSP_Blade_0,RotorFlow_OpenVSP_Blade_0_segment_4,blade_0_RotorFlow_OpenVSP_Blade_0:RotorFlow_OpenVSP_Blade_0_segment_4:orig:0,orig,0,2.014214038848877,2.014214038848877,1.8936258554458618,2.135728597640991,0,0.0833333432674408,0.09146731346845627,-2.5171756744384766,-7.862842082977295,-0.12206987291574478,0.21504658460617065,-5.505295276641846,-0.589314678203892
0.0,0,blade_0,blade_0_RotorFlow_OpenVSP_Blade_0,RotorFlow_OpenVSP_Blade_0_segment_4,blade_0_RotorFlow_OpenVSP_Blade_0:RotorFlow_OpenVSP_Blade_0_segment_4:orig:0,orig,0,2.014214038848877,2.014214038848877,1.8936258554458618,2.135728597640991,1,0.2499999701976776,0.09146735072135925,-0.8824830651283264,-2.7565906047821045,0.2277526557445526,0.006481692660599947,-0.510503351688385,-0.589314678203892
0.0,0,blade_0,blade_0_RotorFlow_OpenVSP_Blade_0,RotorFlow_OpenVSP_Blade_0_segment_4,blade_0_RotorFlow_OpenVSP_Blade_0:RotorFlow_OpenVSP_Blade_0_segment_4:orig:0,orig,0,2.014214038848877,2.014214038848877,1.8936258554458618,2.135728597640991,2,0.41666656732559204,0.09146731346845627,-0.3217035233974457,-1.0048977136611938,0.09020242840051651,0.0013382617617025971,-0.15522357821464539,-0.589314678203892
0.0,0,blade_0,blade_0_RotorFlow_OpenVSP_Blade_0,RotorFlow_OpenVSP_Blade_0_segment_4,blade_0_RotorFlow_OpenVSP_Blade_0:RotorFlow_OpenVSP_Blade_0_segment_4:orig:0,orig,0,2.014214038848877,2.014214038848877,1.8936258554458618,2.135728597640991,3,0.5833332538604736,0.09146735072135925,0.09865900874137878,0.30817869305610657,-0.026799136772751808,-0.0006280161906033754,0.053688015788793564,-0.589314678203892
0.0,0,blade_0,blade_0_RotorFlow_OpenVSP_Blade_0,RotorFlow_OpenVSP_Blade_0_segment_4,blade_0_RotorFlow_OpenVSP_Blade_0:RotorFlow_OpenVSP_Blade_0_segment_4:orig:0,orig,0,2.014214038848877,2.014214038848877,1.8936258554458618,2.135728597640991,4,0.7499999403953552,0.09146735072135925,0.5609852075576782,1.752335548400879,-0.12865297496318817,-0.005647218320518732,0.4341643452644348,-0.589314678203892
0.0,0,blade_0,blade_0_RotorFlow_OpenVSP_Blade_0,RotorFlow_OpenVSP_Blade_0_segment_4,blade_0_RotorFlow_OpenVSP_Blade_0:RotorFlow_OpenVSP_Blade_0_segment_4:orig:0,orig,0,2.014214038848877,2.014214038848877,1.8936258554458618,2.135728597640991,5,0.9166666269302368,0.09146734327077866,1.4079331159591675,4.397925853729248,-0.0437760204076767,-0.020932868123054504,2.553271770477295,-0.589314678203892
0.0,0,blade_0,blade_0_RotorFlow_OpenVSP_Blade_0,RotorFlow_OpenVSP_Blade_0_segment_5,blade_0_RotorFlow_OpenVSP_Blade_0:RotorFlow_OpenVSP_Blade_0_segment_5:orig:0,orig,0,2.2414753437042236,2.2414753437042236,2.1210439205169678,2.3628644943237305,0,0.0833333283662796,0.08957679569721222,-2.492440938949585,-7.949893474578857,-0.11138807982206345,0.22998923063278198,-5.4961466789245605,-0.49864506088397603
0.0,0,blade_0,blade_0_RotorFlow_OpenVSP_Blade_0,RotorFlow_OpenVSP_Blade_0_segment_5,blade_0_RotorFlow_OpenVSP_Blade_0:RotorFlow_OpenVSP_Blade_0_segment_5:orig:0,orig,0,2.2414753437042236,2.2414753437042236,2.1210439205169678,2.3628644943237305,1,0.2500000596046448,0.0895768254995346,-0.8741195797920227,-2.7880923748016357,0.1933223307132721,0.010375039651989937,-0.5001779198646545,-0.49864506088397603
0.0,0,blade_0,blade_0_RotorFlow_OpenVSP_Blade_0,RotorFlow_OpenVSP_Blade_0_segment_5,blade_0_RotorFlow_OpenVSP_Blade_0:RotorFlow_OpenVSP_Blade_0_segment_5:orig:0,orig,0,2.2414753437042236,2.2414753437042236,2.1210439205169678,2.3628644943237305,2,0.416666716337204,0.08957679569721222,-0.3185662627220154,-1.016099452972412,0.07646254450082779,0.0023140041157603264,-0.1510848104953766,-0.49864506088397603
0.0,0,blade_0,blade_0_RotorFlow_OpenVSP_Blade_0,RotorFlow_OpenVSP_Blade_0_segment_5,blade_0_RotorFlow_OpenVSP_Blade_0:RotorFlow_OpenVSP_Blade_0_segment_5:orig:0,orig,0,2.2414753437042236,2.2414753437042236,2.1210439205169678,2.3628644943237305,3,0.5833333134651184,0.08957681059837341,0.09799673408269882,0.3125704824924469,-0.02275265008211136,-0.000790582038462162,0.052549488842487335,-0.49864506088397603
0.0,0,blade_0,blade_0_RotorFlow_OpenVSP_Blade_0,RotorFlow_OpenVSP_Blade_0_segment_5,blade_0_RotorFlow_OpenVSP_Blade_0:RotorFlow_OpenVSP_Blade_0_segment_5:orig:0,orig,0,2.2414753437042236,2.2414753437042236,2.1210439205169678,2.3628644943237305,4,0.75,0.08957679569721222,0.5558120012283325,1.7728188037872314,-0.10868507623672485,-0.005762056447565556,0.4272676408290863,-0.49864506088397603
0.0,0,blade_0,blade_0_RotorFlow_OpenVSP_Blade_0,RotorFlow_OpenVSP_Blade_0_segment_5,blade_0_RotorFlow_OpenVSP_Blade_0:RotorFlow_OpenVSP_Blade_0_segment_5:orig:0,orig,0,2.2414753437042236,2.2414753437042236,2.1210439205169678,2.3628644943237305,5,0.9166666865348816,0.08957680314779282,1.3930915594100952,4.443406581878662,-0.03325154632329941,-0.01925812102854252,2.538553237915039,-0.49864506088397603
0.0,0,blade_0,blade_0_RotorFlow_OpenVSP_Blade_0,RotorFlow_OpenVSP_Blade_0_segment_6,blade_0_RotorFlow_OpenVSP_Blade_0:RotorFlow_OpenVSP_Blade_0_segment_6:orig:0,orig,0,2.468770980834961,2.468770980834961,2.3484878540039062,2.590019702911377,0,0.08333337306976318,0.08768495917320251,-2.4570281505584717,-8.006026268005371,-0.09880687296390533,0.23772534728050232,-5.446630954742432,-0.40796174614085207
0.0,0,blade_0,blade_0_RotorFlow_OpenVSP_Blade_0,RotorFlow_OpenVSP_Blade_0_segment_6,blade_0_RotorFlow_OpenVSP_Blade_0:RotorFlow_OpenVSP_Blade_0_segment_6:orig:0,orig,0,2.468770980834961,2.468770980834961,2.3484878540039062,2.590019702911377,1,0.25,0.08768495917320251,-0.8618258833885193,-2.8081893920898438,0.16457439959049225,0.012766838073730469,-0.4889507591724396,-0.40796174614085207
0.0,0,blade_0,blade_0_RotorFlow_OpenVSP_Blade_0,RotorFlow_OpenVSP_Blade_0_segment_6,blade_0_RotorFlow_OpenVSP_Blade_0:RotorFlow_OpenVSP_Blade_0_segment_6:orig:0,orig,0,2.468770980834961,2.468770980834961,2.3484878540039062,2.590019702911377,2,0.4166666865348816,0.08768492937088013,-0.31405502557754517,-1.0233230590820312,0.0650242492556572,0.0029124526772648096,-0.14698702096939087,-0.40796174614085207
0.0,0,blade_0,blade_0_RotorFlow_OpenVSP_Blade_0,RotorFlow_OpenVSP_Blade_0_segment_6,blade_0_RotorFlow_OpenVSP_Blade_0:RotorFlow_OpenVSP_Blade_0_segment_6:orig:0,orig,0,2.468770980834961,2.468770980834961,2.3484878540039062,2.590019702911377,3,0.5833333730697632,0.08768497407436371,0.09668591618537903,0.3150431215763092,-0.019341932609677315,-0.0008859202498570085,0.05126209184527397,-0.40796174614085207
0.0,0,blade_0,blade_0_RotorFlow_OpenVSP_Blade_0,RotorFlow_OpenVSP_Blade_0_segment_6,blade_0_RotorFlow_OpenVSP_Blade_0:RotorFlow_OpenVSP_Blade_0_segment_6:orig:0,orig,0,2.468770980834961,2.468770980834961,2.3484878540039062,2.590019702911377,4,0.7500000596046448,0.08768494427204132,0.5478942394256592,1.7852689027786255,-0.09214111417531967,-0.005781627260148525,0.41889646649360657,-0.40796174614085207
0.0,0,blade_0,blade_0_RotorFlow_OpenVSP_Blade_0,RotorFlow_OpenVSP_Blade_0_segment_6,blade_0_RotorFlow_OpenVSP_Blade_0:RotorFlow_OpenVSP_Blade_0_segment_6:orig:0,orig,0,2.468770980834961,2.468770980834961,2.3484878540039062,2.590019702911377,5,0.9166666865348816,0.08768495172262192,1.3721036911010742,4.470888137817383,-0.026096852496266365,-0.018025055527687073,2.507188558578491,-0.40796174614085207
0.0,0,blade_0,blade_0_RotorFlow_OpenVSP_Blade_0,RotorFlow_OpenVSP_Blade_0_segment_7,blade_0_RotorFlow_OpenVSP_Blade_0:RotorFlow_OpenVSP_Blade_0_segment_7:orig:0,orig,0,2.696087121963501,2.696087121963501,2.575948476791382,2.8171868324279785,0,0.08333329856395721,0.08579234033823013,-2.415393829345703,-8.043988227844238,-0.08633925020694733,0.2410011887550354,-5.373293876647949,-0.31727025099220113
0.0,0,blade_0,blade_0_RotorFlow_OpenVSP_Blade_0,RotorFlow_OpenVSP_Blade_0_segment_7,blade_0_RotorFlow_OpenVSP_Blade_0:RotorFlow_OpenVSP_Blade_0_segment_7:orig:0,orig,0,2.696087121963501,2.696087121963501,2.575948476791382,2.8171868324279785,1,0.2500000298023224,0.08579234033823013,-0.847291111946106,-2.8217341899871826,0.14041557908058167,0.014227982610464096,-0.4775518476963043,-0.31727025099220113
0.0,0,blade_0,blade_0_RotorFlow_OpenVSP_Blade_0,RotorFlow_OpenVSP_Blade_0_segment_7,blade_0_RotorFlow_OpenVSP_Blade_0:RotorFlow_OpenVSP_Blade_0_segment_7:orig:0,orig,0,2.696087121963501,2.696087121963501,2.575948476791382,2.8171868324279785,2,0.4166666567325592,0.08579234033823013,-0.30876895785331726,-1.028293490409851,0.05543499439954758,0.0032788333483040333,-0.14306631684303284,-0.31727025099220113
0.0,0,blade_0,blade_0_RotorFlow_OpenVSP_Blade_0,RotorFlow_OpenVSP_Blade_0_segment_7,blade_0_RotorFlow_OpenVSP_Blade_0:RotorFlow_OpenVSP_Blade_0_segment_7:orig:0,orig,0,2.696087121963501,2.696087121963501,2.575948476791382,2.8171868324279785,3,0.5833333730697632,0.08579234033823013,0.09501583129167557,0.31643128395080566,-0.016467031091451645,-0.0009399764239788055,0.04994557052850723,-0.31727025099220113
0.0,0,blade_0,blade_0_RotorFlow_OpenVSP_Blade_0,RotorFlow_OpenVSP_Blade_0_segment_7,blade_0_RotorFlow_OpenVSP_Blade_0:RotorFlow_OpenVSP_Blade_0_segment_7:orig:0,orig,0,2.696087121963501,2.696087121963501,2.575948476791382,2.8171868324279785,4,0.7500000596046448,0.08579235523939133,0.5384250283241272,1.7931169271469116,-0.07830066978931427,-0.005746250040829182,0.4099329710006714,-0.31727025099220113
0.0,0,blade_0,blade_0_RotorFlow_OpenVSP_Blade_0,RotorFlow_OpenVSP_Blade_0_segment_7,blade_0_RotorFlow_OpenVSP_Blade_0:RotorFlow_OpenVSP_Blade_0_segment_7:orig:0,orig,0,2.696087121963501,2.696087121963501,2.575948476791382,2.8171868324279785,5,0.9166666865348816,0.08579234033823013,1.3475673198699951,4.487804412841797,-0.021036570891737938,-0.017075682058930397,2.4663968086242676,-0.31727025099220113
0.0,0,blade_0,blade_0_RotorFlow_OpenVSP_Blade_0,RotorFlow_OpenVSP_Blade_0_segment_8,blade_0_RotorFlow_OpenVSP_Blade_0:RotorFlow_OpenVSP_Blade_0_segment_8:orig:0,orig,0,2.9234158992767334,2.9234158992767334,2.803420066833496,3.0443615913391113,0,0.08333331346511841,0.08389926701784134,-2.369917869567871,-8.070623397827148,-0.07483216375112534,0.24143654108047485,-5.285142421722412,-0.22657371443084173
0.0,0,blade_0,blade_0_RotorFlow_OpenVSP_Blade_0,RotorFlow_OpenVSP_Blade_0_segment_8,blade_0_RotorFlow_OpenVSP_Blade_0:RotorFlow_OpenVSP_Blade_0_segment_8:orig:0,orig,0,2.9234158992767334,2.9234158992767334,2.803420066833496,3.0443615913391113,1,0.25,0.08389932662248611,-0.8313905000686646,-2.831252098083496,0.11995075643062592,0.015096270479261875,-0.4662342071533203,-0.22657371443084173
0.0,0,blade_0,blade_0_RotorFlow_OpenVSP_Blade_0,RotorFlow_OpenVSP_Blade_0_segment_8,blade_0_RotorFlow_OpenVSP_Blade_0:RotorFlow_OpenVSP_Blade_0_segment_8:orig:0,orig,0,2.9234158992767334,2.9234158992767334,2.803420066833496,3.0443615913391113,2,0.4166666567325592,0.08389926701784134,-0.30301156640052795,-1.0318889617919922,0.04733073338866234,0.0034981928765773773,-0.13933362066745758,-0.22657371443084173
0.0,0,blade_0,blade_0_RotorFlow_OpenVSP_Blade_0,RotorFlow_OpenVSP_Blade_0_segment_8,blade_0_RotorFlow_OpenVSP_Blade_0:RotorFlow_OpenVSP_Blade_0_segment_8:orig:0,orig,0,2.9234158992767334,2.9234158992767334,2.803420066833496,3.0443615913391113,3,0.5833333134651184,0.08389928191900253,0.09313203394412994,0.3171558976173401,-0.014032091945409775,-0.0009679939248599112,0.048640795052051544,-0.22657371443084173
0.0,0,blade_0,blade_0_RotorFlow_OpenVSP_Blade_0,RotorFlow_OpenVSP_Blade_0_segment_8,blade_0_RotorFlow_OpenVSP_Blade_0:RotorFlow_OpenVSP_Blade_0_segment_8:orig:0,orig,0,2.9234158992767334,2.9234158992767334,2.803420066833496,3.0443615913391113,4,0.75,0.08389928936958313,0.5280172228813171,1.7981326580047607,-0.06670686602592468,-0.005677855107933283,0.4007643759250641,-0.22657371443084173
0.0,0,blade_0,blade_0_RotorFlow_OpenVSP_Blade_0,RotorFlow_OpenVSP_Blade_0_segment_8,blade_0_RotorFlow_OpenVSP_Blade_0:RotorFlow_OpenVSP_Blade_0_segment_8:orig:0,orig,0,2.9234158992767334,2.9234158992767334,2.803420066833496,3.0443615913391113,5,0.9166666269302368,0.08389928936958313,1.320841908454895,4.49805212020874,-0.017269205302000046,-0.016309920698404312,2.419896364212036,-0.22657371443084173
0.0,0,blade_0,blade_0_RotorFlow_OpenVSP_Blade_0,RotorFlow_OpenVSP_Blade_0_segment_9,blade_0_RotorFlow_OpenVSP_Blade_0:RotorFlow_OpenVSP_Blade_0_segment_9:orig:0,orig,0,3.1507537364959717,3.1507537364959717,3.0308992862701416,3.271540880203247,0,0.08333338052034378,0.08200596272945404,-2.321946620941162,-8.089818000793457,-0.06444935500621796,0.24000617861747742,-5.187365531921387,-0.13587356327169137
0.0,0,blade_0,blade_0_RotorFlow_OpenVSP_Blade_0,RotorFlow_OpenVSP_Blade_0_segment_9,blade_0_RotorFlow_OpenVSP_Blade_0:RotorFlow_OpenVSP_Blade_0_segment_9:orig:0,orig,0,3.1507537364959717,3.1507537364959717,3.0308992862701416,3.271540880203247,1,0.2500000298023224,0.08200593292713165,-0.8146113157272339,-2.8381614685058594,0.10249657183885574,0.015576972626149654,-0.45507457852363586,-0.13587356327169137
0.0,0,blade_0,blade_0_RotorFlow_OpenVSP_Blade_0,RotorFlow_OpenVSP_Blade_0_segment_9,blade_0_RotorFlow_OpenVSP_Blade_0:RotorFlow_OpenVSP_Blade_0_segment_9:orig:0,orig,0,3.1507537364959717,3.1507537364959717,3.0308992862701416,3.271540880203247,2,0.4166666567325592,0.08200594782829285,-0.29695364832878113,-1.034606695175171,0.04042710363864899,0.0036219877656549215,-0.13576780259609222,-0.13587356327169137
0.0,0,blade_0,blade_0_RotorFlow_OpenVSP_Blade_0,RotorFlow_OpenVSP_Blade_0_segment_9,blade_0_RotorFlow_OpenVSP_Blade_0:RotorFlow_OpenVSP_Blade_0_segment_9:orig:0,orig,0,3.1507537364959717,3.1507537364959717,3.0308992862701416,3.271540880203247,3,0.5833333730697632,0.08200594782829285,0.09111176431179047,0.31743958592414856,-0.011957477778196335,-0.0009791147895157337,0.04735758528113365,-0.13587356327169137
0.0,0,blade_0,blade_0_RotorFlow_OpenVSP_Blade_0,RotorFlow_OpenVSP_Blade_0_segment_9,blade_0_RotorFlow_OpenVSP_Blade_0:RotorFlow_OpenVSP_Blade_0_segment_9:orig:0,orig,0,3.1507537364959717,3.1507537364959717,3.0308992862701416,3.271540880203247,4,0.7499999403953552,0.08200594782829285,0.5170064568519592,1.8012856245040894,-0.056864894926548004,-0.005588768515735865,0.3915226459503174,-0.13587356327169137
0.0,0,blade_0,blade_0_RotorFlow_OpenVSP_Blade_0,RotorFlow_OpenVSP_Blade_0_segment_9,blade_0_RotorFlow_OpenVSP_Blade_0:RotorFlow_OpenVSP_Blade_0_segment_9:orig:0,orig,0,3.1507537364959717,3.1507537364959717,3.0308992862701416,3.271540880203247,5,0.9166666269302368,0.08200594037771225,1.2926925420761108,4.503828525543213,-0.014334077015519142,-0.015665408223867416,2.3697385787963867,-0.13587356327169137
0.0,0,blade_0,blade_0_RotorFlow_OpenVSP_Blade_0,RotorFlow_OpenVSP_Blade_0_segment_10,blade_0_RotorFlow_OpenVSP_Blade_0:RotorFlow_OpenVSP_Blade_0_segment_10:orig:0,orig,0,3.37809681892395,3.37809681892395,3.2583837509155273,3.4987237453460693,0,0.0833333432674408,0.08011243492364883,-2.2722856998443604,-8.103917121887207,-0.05524188652634621,0.2373158037662506,-5.083028793334961,-0.04517131945066199
0.0,0,blade_0,blade_0_RotorFlow_OpenVSP_Blade_0,RotorFlow_OpenVSP_Blade_0_segment_10,blade_0_RotorFlow_OpenVSP_Blade_0:RotorFlow_OpenVSP_Blade_0_segment_10:orig:0,orig,0,3.37809681892395,3.37809681892395,3.2583837509155273,3.4987237453460693,1,0.2500000298023224,0.08011243492364883,-0.7972411513328552,-2.8432939052581787,0.08751104027032852,0.015797998756170273,-0.4440762996673584,-0.04517131945066199
0.0,0,blade_0,blade_0_RotorFlow_OpenVSP_Blade_0,RotorFlow_OpenVSP_Blade_0_segment_10,blade_0_RotorFlow_OpenVSP_Blade_0:RotorFlow_OpenVSP_Blade_0_segment_10:orig:0,orig,0,3.37809681892395,3.37809681892395,3.2583837509155273,3.4987237453460693,2,0.4166666567325592,0.08011240512132645,-0.29069337248802185,-1.036733865737915,0.03450676053762436,0.0036820201203227043,-0.13233493268489838,-0.04517131945066199
0.0,0,blade_0,blade_0_RotorFlow_OpenVSP_Blade_0,RotorFlow_OpenVSP_Blade_0_segment_10,blade_0_RotorFlow_OpenVSP_Blade_0:RotorFlow_OpenVSP_Blade_0_segment_10:orig:0,orig,0,3.37809681892395,3.37809681892395,3.2583837509155273,3.4987237453460693,3,0.5833333134651184,0.08011240512132645,0.08899982273578644,0.31741052865982056,-0.010179758071899414,-0.0009790031472221017,0.04609663039445877,-0.04517131945066199
0.0,0,blade_0,blade_0_RotorFlow_OpenVSP_Blade_0,RotorFlow_OpenVSP_Blade_0_segment_10,blade_0_RotorFlow_OpenVSP_Blade_0:RotorFlow_OpenVSP_Blade_0_segment_10:orig:0,orig,0,3.37809681892395,3.37809681892395,3.2583837509155273,3.4987237453460693,4,0.75,0.08011244237422943,0.5055907964706421,1.8031470775604248,-0.048424262553453445,-0.005486225243657827,0.3822668790817261,-0.04517131945066199
0.0,0,blade_0,blade_0_RotorFlow_OpenVSP_Blade_0,RotorFlow_OpenVSP_Blade_0_segment_10,blade_0_RotorFlow_OpenVSP_Blade_0:RotorFlow_OpenVSP_Blade_0_segment_10:orig:0,orig,0,3.37809681892395,3.37809681892395,3.2583837509155273,3.4987237453460693,5,0.9166666865348816,0.08011242002248764,1.2635689973831177,4.506413459777832,-0.012033606879413128,-0.015102274715900421,2.3171257972717285,-0.04517131945066199
0.0,0,blade_0,blade_0_RotorFlow_OpenVSP_Blade_0,RotorFlow_OpenVSP_Blade_0_segment_11,blade_0_RotorFlow_OpenVSP_Blade_0:RotorFlow_OpenVSP_Blade_0_segment_11:orig:0,orig,0,3.6054437160491943,3.6054437160491943,3.485872268676758,3.7259082794189453,0,0.0833333283662796,0.07821875810623169,-2.2214343547821045,-8.114364624023438,-0.047155819833278656,0.2337564378976822,-4.974048137664795,0.045532446306279374
0.0,0,blade_0,blade_0_RotorFlow_OpenVSP_Blade_0,RotorFlow_OpenVSP_Blade_0_segment_11,blade_0_RotorFlow_OpenVSP_Blade_0:RotorFlow_OpenVSP_Blade_0_segment_11:orig:0,orig,0,3.6054437160491943,3.6054437160491943,3.485872268676758,3.7259082794189453,1,0.2499999850988388,0.07821876555681229,-0.7794573903083801,-2.847169876098633,0.0745563879609108,0.01584128476679325,-0.43320631980895996,0.045532446306279374
0.0,0,blade_0,blade_0_RotorFlow_OpenVSP_Blade_0,RotorFlow_OpenVSP_Blade_0_segment_11,blade_0_RotorFlow_OpenVSP_Blade_0:RotorFlow_OpenVSP_Blade_0_segment_11:orig:0,orig,0,3.6054437160491943,3.6054437160491943,3.485872268676758,3.7259082794189453,2,0.4166666567325592,0.07821879535913467,-0.2842904329299927,-1.0384440422058105,0.029400670900940895,0.0036984942853450775,-0.1290043592453003,0.045532446306279374
0.0,0,blade_0,blade_0_RotorFlow_OpenVSP_Blade_0,RotorFlow_OpenVSP_Blade_0_segment_11,blade_0_RotorFlow_OpenVSP_Blade_0:RotorFlow_OpenVSP_Blade_0_segment_11:orig:0,orig,0,3.6054437160491943,3.6054437160491943,3.485872268676758,3.7259082794189453,3,0.5833333134651184,0.07821876555681229,0.08682467043399811,0.3171495795249939,-0.008648092858493328,-0.0009712562896311283,0.04485442861914635,0.045532446306279374
0.0,0,blade_0,blade_0_RotorFlow_OpenVSP_Blade_0,RotorFlow_OpenVSP_Blade_0_segment_11,blade_0_RotorFlow_OpenVSP_Blade_0:RotorFlow_OpenVSP_Blade_0_segment_11:orig:0,orig,0,3.6054437160491943,3.6054437160491943,3.485872268676758,3.7259082794189453,4,0.7500001192092896,0.07821878790855408,0.4938874840736389,1.804051399230957,-0.04118853807449341,-0.005374739412218332,0.37301871180534363,0.045532446306279374
0.0,0,blade_0,blade_0_RotorFlow_OpenVSP_Blade_0,RotorFlow_OpenVSP_Blade_0_segment_11,blade_0_RotorFlow_OpenVSP_Blade_0:RotorFlow_OpenVSP_Blade_0_segment_11:orig:0,orig,0,3.6054437160491943,3.6054437160491943,3.485872268676758,3.7259082794189453,5,0.9166667461395264,0.07821877300739288,1.2337490320205688,4.506587028503418,-0.010083860717713833,-0.014594025909900665,2.2627475261688232,0.045532446306279374
0.0,0,blade_0,blade_0_RotorFlow_OpenVSP_Blade_0,RotorFlow_OpenVSP_Blade_0_segment_12,blade_0_RotorFlow_OpenVSP_Blade_0:RotorFlow_OpenVSP_Blade_0_segment_12:orig:0,orig,0,3.8327934741973877,3.8327934741973877,3.713362693786621,3.953094959259033,0,0.0833333283662796,0.07632504403591156,-2.1697041988372803,-8.122045516967773,-0.04005648195743561,0.2295762002468109,-4.861583232879639,0.13623735351515473
0.0,0,blade_0,blade_0_RotorFlow_OpenVSP_Blade_0,RotorFlow_OpenVSP_Blade_0_segment_12,blade_0_RotorFlow_OpenVSP_Blade_0:RotorFlow_OpenVSP_Blade_0_segment_12:orig:0,orig,0,3.8327934741973877,3.8327934741973877,3.713362693786621,3.953094959259033,1,0.2499999850988388,0.07632504403591156,-0.7613667845726013,-2.8500916957855225,0.06334582716226578,0.015759455040097237,-0.4224272668361664,0.13623735351515473
0.0,0,blade_0,blade_0_RotorFlow_OpenVSP_Blade_0,RotorFlow_OpenVSP_Blade_0_segment_12,blade_0_RotorFlow_OpenVSP_Blade_0:RotorFlow_OpenVSP_Blade_0_segment_12:orig:0,orig,0,3.8327934741973877,3.8327934741973877,3.713362693786621,3.953094959259033,2,0.4166666567325592,0.07632505893707275,-0.27778348326683044,-1.0398513078689575,0.02496897615492344,0.003684623632580042,-0.12574709951877594,0.13623735351515473
0.0,0,blade_0,blade_0_RotorFlow_OpenVSP_Blade_0,RotorFlow_OpenVSP_Blade_0_segment_12,blade_0_RotorFlow_OpenVSP_Blade_0:RotorFlow_OpenVSP_Blade_0_segment_12:orig:0,orig,0,3.8327934741973877,3.8327934741973877,3.713362693786621,3.953094959259033,3,0.5833333730697632,0.07632505893707275,0.08460181951522827,0.3166974186897278,-0.007322529796510935,-0.0009581450140103698,0.04362507537007332,0.13623735351515473
0.0,0,blade_0,blade_0_RotorFlow_OpenVSP_Blade_0,RotorFlow_OpenVSP_Blade_0_segment_12,blade_0_RotorFlow_OpenVSP_Blade_0:RotorFlow_OpenVSP_Blade_0_segment_12:orig:0,orig,0,3.8327934741973877,3.8327934741973877,3.713362693786621,3.953094959259033,4,0.7500000596046448,0.07632503658533096,0.48197126388549805,1.8042058944702148,-0.03486828878521919,-0.0052568065002560616,0.36376482248306274,0.13623735351515473
0.0,0,blade_0,blade_0_RotorFlow_OpenVSP_Blade_0,RotorFlow_OpenVSP_Blade_0_segment_12,blade_0_RotorFlow_OpenVSP_Blade_0:RotorFlow_OpenVSP_Blade_0_segment_12:orig:0,orig,0,3.8327934741973877,3.8327934741973877,3.713362693786621,3.953094959259033,5,0.9166666269302368,0.07632504403591156,1.2034043073654175,4.504809856414795,-0.008576706051826477,-0.014124064706265926,2.2070555686950684,0.13623735351515473
0.0,0,blade_0,blade_0_RotorFlow_OpenVSP_Blade_0,RotorFlow_OpenVSP_Blade_0_segment_13,blade_0_RotorFlow_OpenVSP_Blade_0:RotorFlow_OpenVSP_Blade_0_segment_13:orig:0,orig,0,4.060144901275635,4.060144901275635,3.940854787826538,4.180281639099121,0,0.0833333283662796,0.07443127036094666,-2.117281198501587,-8.127464294433594,-0.033749815076589584,0.2249392718076706,-4.7462944984436035,0.2269429265709916
0.0,0,blade_0,blade_0_RotorFlow_OpenVSP_Blade_0,RotorFlow_OpenVSP_Blade_0_segment_13,blade_0_RotorFlow_OpenVSP_Blade_0:RotorFlow_OpenVSP_Blade_0_segment_13:orig:0,orig,0,4.060144901275635,4.060144901275635,3.940854787826538,4.180281639099121,1,0.2500000596046448,0.07443130016326904,-0.7430345416069031,-2.8522353172302246,0.053542785346508026,0.01558811403810978,-0.41168180108070374,0.2269429265709916
0.0,0,blade_0,blade_0_RotorFlow_OpenVSP_Blade_0,RotorFlow_OpenVSP_Blade_0_segment_13,blade_0_RotorFlow_OpenVSP_Blade_0:RotorFlow_OpenVSP_Blade_0_segment_13:orig:0,orig,0,4.060144901275635,4.060144901275635,3.940854787826538,4.180281639099121,2,0.4166666865348816,0.07443127036094666,-0.27119365334510803,-1.0410127639770508,0.021110612899065018,0.0036489127669483423,-0.12253621220588684,0.2269429265709916
0.0,0,blade_0,blade_0_RotorFlow_OpenVSP_Blade_0,RotorFlow_OpenVSP_Blade_0_segment_13,blade_0_RotorFlow_OpenVSP_Blade_0:RotorFlow_OpenVSP_Blade_0_segment_13:orig:0,orig,0,4.060144901275635,4.060144901275635,3.940854787826538,4.180281639099121,3,0.5833333134651184,0.07443127036094666,0.08234170079231262,0.3160795271396637,-0.006170394364744425,-0.0009411872597411275,0.042402688413858414,0.2269429265709916
0.0,0,blade_0,blade_0_RotorFlow_OpenVSP_Blade_0,RotorFlow_OpenVSP_Blade_0_segment_13,blade_0_RotorFlow_OpenVSP_Blade_0:RotorFlow_OpenVSP_Blade_0_segment_13:orig:0,orig,0,4.060144901275635,4.060144901275635,3.940854787826538,4.180281639099121,4,0.75,0.07443127036094666,0.46988460421562195,1.803714394569397,-0.029475394636392593,-0.005134213250130415,0.3545049726963043,0.2269429265709916
0.0,0,blade_0,blade_0_RotorFlow_OpenVSP_Blade_0,RotorFlow_OpenVSP_Blade_0_segment_13,blade_0_RotorFlow_OpenVSP_Blade_0:RotorFlow_OpenVSP_Blade_0_segment_13:orig:0,orig,0,4.060144901275635,4.060144901275635,3.940854787826538,4.180281639099121,5,0.9166666269302368,0.07443126291036606,1.1726340055465698,4.501311302185059,-0.0072296434082090855,-0.01367961522191763,2.150249481201172,0.2269429265709916
0.0,0,blade_0,blade_0_RotorFlow_OpenVSP_Blade_0,RotorFlow_OpenVSP_Blade_0_segment_14,blade_0_RotorFlow_OpenVSP_Blade_0:RotorFlow_OpenVSP_Blade_0_segment_14:orig:0,orig,0,4.2874979972839355,4.2874979972839355,4.16834831237793,4.407469749450684,0,0.08333328366279602,0.07253743708133698,-2.064253091812134,-8.130788803100586,-0.028142491355538368,0.2199469953775406,-4.628429889678955,0.31764916547378996
0.0,0,blade_0,blade_0_RotorFlow_OpenVSP_Blade_0,RotorFlow_OpenVSP_Blade_0_segment_14,blade_0_RotorFlow_OpenVSP_Blade_0:RotorFlow_OpenVSP_Blade_0_segment_14:orig:0,orig,0,4.2874979972839355,4.2874979972839355,4.16834831237793,4.407469749450684,1,0.2499999850988388,0.07253746688365936,-0.7244887351989746,-2.8536534309387207,0.04496104642748833,0.015349717810750008,-0.4009033143520355,0.31764916547378996
0.0,0,blade_0,blade_0_RotorFlow_OpenVSP_Blade_0,RotorFlow_OpenVSP_Blade_0_segment_14,blade_0_RotorFlow_OpenVSP_Blade_0:RotorFlow_OpenVSP_Blade_0_segment_14:orig:0,orig,0,4.2874979972839355,4.2874979972839355,4.16834831237793,4.407469749450684,2,0.4166666567325592,0.07253743708133698,-0.2645292282104492,-1.0419416427612305,0.01773710362613201,0.003597007133066654,-0.11934234201908112,0.31764916547378996
0.0,0,blade_0,blade_0_RotorFlow_OpenVSP_Blade_0,RotorFlow_OpenVSP_Blade_0_segment_14,blade_0_RotorFlow_OpenVSP_Blade_0:RotorFlow_OpenVSP_Blade_0_segment_14:orig:0,orig,0,4.2874979972839355,4.2874979972839355,4.16834831237793,4.407469749450684,3,0.5833333134651184,0.07253745198249817,0.08004876226186752,0.31530019640922546,-0.00516562070697546,-0.0009213335579261184,0.04117988795042038,0.31764916547378996
0.0,0,blade_0,blade_0_RotorFlow_OpenVSP_Blade_0,RotorFlow_OpenVSP_Blade_0_segment_14,blade_0_RotorFlow_OpenVSP_Blade_0:RotorFlow_OpenVSP_Blade_0_segment_14:orig:0,orig,0,4.2874979972839355,4.2874979972839355,4.16834831237793,4.407469749450684,4,0.7499998807907104,0.07253744453191757,0.45764681696891785,1.8026031255722046,-0.02469484508037567,-0.005007567349821329,0.34518685936927795,0.31764916547378996
0.0,0,blade_0,blade_0_RotorFlow_OpenVSP_Blade_0,RotorFlow_OpenVSP_Blade_0_segment_14,blade_0_RotorFlow_OpenVSP_Blade_0:RotorFlow_OpenVSP_Blade_0_segment_14:orig:0,orig,0,4.2874979972839355,4.2874979972839355,4.16834831237793,4.407469749450684,5,0.916666567325592,0.07253744453191757,1.1414839029312134,4.49613618850708,-0.006119709927588701,-0.013252089731395245,2.092409372329712,0.31764916547378996
0.0,0,blade_0,blade_0_RotorFlow_OpenVSP_Blade_0,RotorFlow_OpenVSP_Blade_0_segment_15,blade_0_RotorFlow_OpenVSP_Blade_0:RotorFlow_OpenVSP_Blade_0_segment_15:orig:0,orig,0,4.514852046966553,4.514852046966553,4.395843505859375,4.634658336639404,0,0.0833333283662796,0.07064361870288849,-2.010596990585327,-8.131750106811523,-0.02323363535106182,0.21465060114860535,-4.50768518447876,0.4083557848605663
0.0,0,blade_0,blade_0_RotorFlow_OpenVSP_Blade_0,RotorFlow_OpenVSP_Blade_0_segment_15,blade_0_RotorFlow_OpenVSP_Blade_0:RotorFlow_OpenVSP_Blade_0_segment_15:orig:0,orig,0,4.514852046966553,4.514852046966553,4.395843505859375,4.634658336639404,1,0.2500000596046448,0.0706435889005661,-0.7057203054428101,-2.8542487621307373,0.037478405982255936,0.015057510696351528,-0.3899894952774048,0.4083557848605663
0.0,0,blade_0,blade_0_RotorFlow_OpenVSP_Blade_0,RotorFlow_OpenVSP_Blade_0_segment_15,blade_0_RotorFlow_OpenVSP_Blade_0:RotorFlow_OpenVSP_Blade_0_segment_15:orig:0,orig,0,4.514852046966553,4.514852046966553,4.395843505859375,4.634658336639404,2,0.4166666865348816,0.07064356654882431,-0.25778552889823914,-1.042600393295288,0.014775261282920837,0.0035321407485753298,-0.11612508445978165,0.4083557848605663
0.0,0,blade_0,blade_0_RotorFlow_OpenVSP_Blade_0,RotorFlow_OpenVSP_Blade_0_segment_15,blade_0_RotorFlow_OpenVSP_Blade_0:RotorFlow_OpenVSP_Blade_0_segment_15:orig:0,orig,0,4.514852046966553,4.514852046966553,4.395843505859375,4.634658336639404,3,0.5833333134651184,0.0706435889005661,0.07772316038608551,0.3143472373485565,-0.004287011921405792,-0.0008991173235699534,0.03994552791118622,0.4083557848605663
0.0,0,blade_0,blade_0_RotorFlow_OpenVSP_Blade_0,RotorFlow_OpenVSP_Blade_0_segment_15,blade_0_RotorFlow_OpenVSP_Blade_0:RotorFlow_OpenVSP_Blade_0_segment_15:orig:0,orig,0,4.514852046966553,4.514852046966553,4.395843505859375,4.634658336639404,4,0.7499999403953552,0.0706435963511467,0.44525086879730225,1.8007936477661133,-0.020537741482257843,-0.004876967053860426,0.3357584774494171,0.4083557848605663
0.0,0,blade_0,blade_0_RotorFlow_OpenVSP_Blade_0,RotorFlow_OpenVSP_Blade_0_segment_15,blade_0_RotorFlow_OpenVSP_Blade_0:RotorFlow_OpenVSP_Blade_0_segment_15:orig:0,orig,0,4.514852046966553,4.514852046966553,4.395843505859375,4.634658336639404,5,0.9166666269302368,0.0706435889005661,1.1099358797073364,4.489077568054199,-0.005114555824548006,-0.012834207154810429,2.033376932144165,0.4083557848605663
0.0,0,blade_0,blade_0_RotorFlow_OpenVSP_Blade_0,RotorFlow_OpenVSP_Blade_0_segment_16,blade_0_RotorFlow_OpenVSP_Blade_0:RotorFlow_OpenVSP_Blade_0_segment_16:orig:0,orig,0,4.74220609664917,4.74220609664917,4.623338222503662,4.861847400665283,0,0.08333337306976318,0.06874972581863403,-1.9561301469802856,-8.129404067993164,-0.01890459470450878,0.20904265344142914,-4.383037567138672,0.49906240424734266
0.0,0,blade_0,blade_0_RotorFlow_OpenVSP_Blade_0,RotorFlow_OpenVSP_Blade_0_segment_16,blade_0_RotorFlow_OpenVSP_Blade_0:RotorFlow_OpenVSP_Blade_0_segment_16:orig:0,orig,0,4.74220609664917,4.74220609664917,4.623338222503662,4.861847400665283,1,0.2499999850988388,0.06874972581863403,-0.6866500377655029,-2.8536219596862793,0.03084821254014969,0.01471708808094263,-0.3787410855293274,0.49906240424734266
0.0,0,blade_0,blade_0_RotorFlow_OpenVSP_Blade_0,RotorFlow_OpenVSP_Blade_0_segment_16,blade_0_RotorFlow_OpenVSP_Blade_0:RotorFlow_OpenVSP_Blade_0_segment_16:orig:0,orig,0,4.74220609664917,4.74220609664917,4.623338222503662,4.861847400665283,2,0.4166666567325592,0.06874969601631165,-0.2509292662143707,-1.0428274869918823,0.012173584662377834,0.003455517580732703,-0.1128203272819519,0.49906240424734266
0.0,0,blade_0,blade_0_RotorFlow_OpenVSP_Blade_0,RotorFlow_OpenVSP_Blade_0_segment_16,blade_0_RotorFlow_OpenVSP_Blade_0:RotorFlow_OpenVSP_Blade_0_segment_16:orig:0,orig,0,4.74220609664917,4.74220609664917,4.623338222503662,4.861847400665283,3,0.5833333134651184,0.06874972581863403,0.0753578394651413,0.313176691532135,-0.003517463570460677,-0.0008746724925003946,0.03868160769343376,0.49906240424734266
0.0,0,blade_0,blade_0_RotorFlow_OpenVSP_Blade_0,RotorFlow_OpenVSP_Blade_0_segment_16,blade_0_RotorFlow_OpenVSP_Blade_0:RotorFlow_OpenVSP_Blade_0_segment_16:orig:0,orig,0,4.74220609664917,4.74220609664917,4.623338222503662,4.861847400665283,4,0.75,0.06874971836805344,0.4326495826244354,1.7980316877365112,-0.01683436520397663,-0.004741198383271694,0.32609477639198303,0.49906240424734266
0.0,0,blade_0,blade_0_RotorFlow_OpenVSP_Blade_0,RotorFlow_OpenVSP_Blade_0_segment_16,blade_0_RotorFlow_OpenVSP_Blade_0:RotorFlow_OpenVSP_Blade_0_segment_16:orig:0,orig,0,4.74220609664917,4.74220609664917,4.623338222503662,4.861847400665283,5,0.9166666865348816,0.06874971836805344,1.0778751373291016,4.479499340057373,-0.004295485094189644,-0.01241851132363081,1.9727023839950562,0.49906240424734266
0.0,0,blade_0,blade_0_RotorFlow_OpenVSP_Blade_0,RotorFlow_OpenVSP_Blade_0_segment_17,blade_0_RotorFlow_OpenVSP_Blade_0:RotorFlow_OpenVSP_Blade_0_segment_17:orig:0,orig,0,4.9695611000061035,4.9695611000061035,4.850834846496582,5.089036464691162,0,0.0833333358168602,0.06685584038496017,-1.9002960920333862,-8.121081352233887,-0.014871498569846153,0.20301944017410278,-4.251637935638428,0.589769404118097
0.0,0,blade_0,blade_0_RotorFlow_OpenVSP_Blade_0,RotorFlow_OpenVSP_Blade_0_segment_17,blade_0_RotorFlow_OpenVSP_Blade_0:RotorFlow_OpenVSP_Blade_0_segment_17:orig:0,orig,0,4.9695611000061035,4.9695611000061035,4.850834846496582,5.089036464691162,1,0.2500000298023224,0.06685584038496017,-0.6670569181442261,-2.8507261276245117,0.025027800351381302,0.014321397058665752,-0.36676087975502014,0.589769404118097
0.0,0,blade_0,blade_0_RotorFlow_OpenVSP_Blade_0,RotorFlow_OpenVSP_Blade_0_segment_17,blade_0_RotorFlow_OpenVSP_Blade_0:RotorFlow_OpenVSP_Blade_0_segment_17:orig:0,orig,0,4.9695611000061035,4.9695611000061035,4.850834846496582,5.089036464691162,2,0.4166666567325592,0.06685581058263779,-0.2438701093196869,-1.0422006845474243,0.009873343631625175,0.003365269862115383,-0.10929176211357117,0.589769404118097
0.0,0,blade_0,blade_0_RotorFlow_OpenVSP_Blade_0,RotorFlow_OpenVSP_Blade_0_segment_17,blade_0_RotorFlow_OpenVSP_Blade_0:RotorFlow_OpenVSP_Blade_0_segment_17:orig:0,orig,0,4.9695611000061035,4.9695611000061035,4.850834846496582,5.089036464691162,3,0.5833333134651184,0.06685584038496017,0.0729324147105217,0.3116830587387085,-0.002841757610440254,-0.000847536779474467,0.03734991326928139,0.589769404118097
0.0,0,blade_0,blade_0_RotorFlow_OpenVSP_Blade_0,RotorFlow_OpenVSP_Blade_0_segment_17,blade_0_RotorFlow_OpenVSP_Blade_0:RotorFlow_OpenVSP_Blade_0_segment_17:orig:0,orig,0,4.9695611000061035,4.9695611000061035,4.850834846496582,5.089036464691162,4,0.7499999403953552,0.06685583293437958,0.41969868540763855,1.7936192750930786,-0.013689152896404266,-0.004596821963787079,0.3159312605857849,0.589769404118097
0.0,0,blade_0,blade_0_RotorFlow_OpenVSP_Blade_0,RotorFlow_OpenVSP_Blade_0_segment_17,blade_0_RotorFlow_OpenVSP_Blade_0:RotorFlow_OpenVSP_Blade_0_segment_17:orig:0,orig,0,4.9695611000061035,4.9695611000061035,4.850834846496582,5.089036464691162,5,0.916666567325592,0.06685584038496017,1.0449674129486084,4.465759754180908,-0.0036511055659502745,-0.011994032189249992,1.909111738204956,0.589769404118097
0.0,0,blade_0,blade_0_RotorFlow_OpenVSP_Blade_0,RotorFlow_OpenVSP_Blade_0_segment_18,blade_0_RotorFlow_OpenVSP_Blade_0:RotorFlow_OpenVSP_Blade_0_segment_18:orig:0,orig,0,5.196916580200195,5.196916580200195,5.078330993652344,5.316226005554199,0,0.08333329856395721,0.06496194005012512,-1.8415486812591553,-8.099461555480957,-0.01137220486998558,0.19624999165534973,-4.1060590744018555,0.6804765942308404
0.0,0,blade_0,blade_0_RotorFlow_OpenVSP_Blade_0,RotorFlow_OpenVSP_Blade_0_segment_18,blade_0_RotorFlow_OpenVSP_Blade_0:RotorFlow_OpenVSP_Blade_0_segment_18:orig:0,orig,0,5.196916580200195,5.196916580200195,5.078330993652344,5.316226005554199,1,0.2500000596046448,0.06496194005012512,-0.6463028192520142,-2.8425559997558594,0.019893521443009377,0.01383850909769535,-0.3530772626399994,0.6804765942308404
0.0,0,blade_0,blade_0_RotorFlow_OpenVSP_Blade_0,RotorFlow_OpenVSP_Blade_0_segment_18,blade_0_RotorFlow_OpenVSP_Blade_0:RotorFlow_OpenVSP_Blade_0_segment_18:orig:0,orig,0,5.196916580200195,5.196916580200195,5.078330993652344,5.316226005554199,2,0.4166666567325592,0.06496194005012512,-0.23634469509124756,-1.0394864082336426,0.007834210060536861,0.003252744674682617,-0.10520970821380615,0.6804765942308404
0.0,0,blade_0,blade_0_RotorFlow_OpenVSP_Blade_0,RotorFlow_OpenVSP_Blade_0_segment_18,blade_0_RotorFlow_OpenVSP_Blade_0:RotorFlow_OpenVSP_Blade_0_segment_18:orig:0,orig,0,5.196916580200195,5.196916580200195,5.078330993652344,5.316226005554199,3,0.5833333730697632,0.06496195495128632,0.07038317620754242,0.30955779552459717,-0.002246188698336482,-0.0008157900301739573,0.035854533314704895,0.6804765942308404
0.0,0,blade_0,blade_0_RotorFlow_OpenVSP_Blade_0,RotorFlow_OpenVSP_Blade_0_segment_18,blade_0_RotorFlow_OpenVSP_Blade_0:RotorFlow_OpenVSP_Blade_0_segment_18:orig:0,orig,0,5.196916580200195,5.196916580200195,5.078330993652344,5.316226005554199,4,0.7500001192092896,0.06496192514896393,0.40598779916763306,1.7856076955795288,-0.010860244743525982,-0.004433623049408197,0.3045431971549988,0.6804765942308404
0.0,0,blade_0,blade_0_RotorFlow_OpenVSP_Blade_0,RotorFlow_OpenVSP_Blade_0_segment_18,blade_0_RotorFlow_OpenVSP_Blade_0:RotorFlow_OpenVSP_Blade_0_segment_18:orig:0,orig,0,5.196916580200195,5.196916580200195,5.078330993652344,5.316226005554199,5,0.9166667461395264,0.06496194750070572,1.0102732181549072,4.443362712860107,-0.003256289754062891,-0.011537160724401474,1.8392318487167358,0.6804765942308404
0.0,0,blade_0,blade_0_RotorFlow_OpenVSP_Blade_0,RotorFlow_OpenVSP_Blade_0_segment_19,blade_0_RotorFlow_OpenVSP_Blade_0:RotorFlow_OpenVSP_Blade_0_segment_19:orig:0,orig,0,5.424272060394287,5.424272060394287,5.305827617645264,5.543415069580078,0,0.08333336561918259,0.06306805461645126,-1.775073528289795,-8.041533470153809,-0.008153939619660378,0.18770311772823334,-3.9244353771209717,0.7711837843435837
0.0,0,blade_0,blade_0_RotorFlow_OpenVSP_Blade_0,RotorFlow_OpenVSP_Blade_0_segment_19,blade_0_RotorFlow_OpenVSP_Blade_0:RotorFlow_OpenVSP_Blade_0_segment_19:orig:0,orig,0,5.424272060394287,5.424272060394287,5.305827617645264,5.543415069580078,1,0.25,0.06306799501180649,-0.6223222017288208,-2.8192801475524902,0.015276817604899406,0.013164124451577663,-0.3349154591560364,0.7711837843435837
0.0,0,blade_0,blade_0_RotorFlow_OpenVSP_Blade_0,RotorFlow_OpenVSP_Blade_0_segment_19,blade_0_RotorFlow_OpenVSP_Blade_0:RotorFlow_OpenVSP_Blade_0_segment_19:orig:0,orig,0,5.424272060394287,5.424272060394287,5.305827617645264,5.543415069580078,2,0.4166666567325592,0.06306805461645126,-0.22747910022735596,-1.0305380821228027,0.00601306464523077,0.00308879092335701,-0.09960015118122101,0.7711837843435837
0.0,0,blade_0,blade_0_RotorFlow_OpenVSP_Blade_0,RotorFlow_OpenVSP_Blade_0_segment_19,blade_0_RotorFlow_OpenVSP_Blade_0:RotorFlow_OpenVSP_Blade_0_segment_19:orig:0,orig,0,5.424272060394287,5.424272060394287,5.305827617645264,5.543415069580078,3,0.5833333730697632,0.06306803971529007,0.06750307977199554,0.30580613017082214,-0.0017182710580527782,-0.0007730699726380408,0.03390752896666527,0.7711837843435837
0.0,0,blade_0,blade_0_RotorFlow_OpenVSP_Blade_0,RotorFlow_OpenVSP_Blade_0_segment_19,blade_0_RotorFlow_OpenVSP_Blade_0:RotorFlow_OpenVSP_Blade_0_segment_19:orig:0,orig,0,5.424272060394287,5.424272060394287,5.305827617645264,5.543415069580078,4,0.75,0.06306802481412888,0.3901675343513489,1.7675588130950928,-0.008377140387892723,-0.004219808615744114,0.2897287607192993,0.7711837843435837
0.0,0,blade_0,blade_0_RotorFlow_OpenVSP_Blade_0,RotorFlow_OpenVSP_Blade_0_segment_19,blade_0_RotorFlow_OpenVSP_Blade_0:RotorFlow_OpenVSP_Blade_0_segment_19:orig:0,orig,0,5.424272060394287,5.424272060394287,5.305827617645264,5.543415069580078,5,0.9166666865348816,0.06306803226470947,0.9708016514778137,4.397979259490967,-0.002519570989534259,-0.01097990944981575,1.752547025680542,0.7711837843435837
0.0,0,blade_0,blade_0_RotorFlow_OpenVSP_Blade_0,RotorFlow_OpenVSP_Blade_0_segment_20,blade_0_RotorFlow_OpenVSP_Blade_0:RotorFlow_OpenVSP_Blade_0_segment_20:orig:0,orig,0,5.651628017425537,5.651628017425537,5.533324241638184,5.770605564117432,0,0.08333335816860199,0.06117413565516472,-1.6826229095458984,-7.85870361328125,-0.00466509722173214,0.17376665771007538,-3.631110668182373,0.8618911646983161
0.0,0,blade_0,blade_0_RotorFlow_OpenVSP_Blade_0,RotorFlow_OpenVSP_Blade_0_segment_20,blade_0_RotorFlow_OpenVSP_Blade_0:RotorFlow_OpenVSP_Blade_0_segment_20:orig:0,orig,0,5.651628017425537,5.651628017425537,5.533324241638184,5.770605564117432,1,0.25,0.06117410585284233,-0.5868021249771118,-2.7406651973724365,0.011096655391156673,0.011932485736906528,-0.3029434084892273,0.8618911646983161
0.0,0,blade_0,blade_0_RotorFlow_OpenVSP_Blade_0,RotorFlow_OpenVSP_Blade_0_segment_20,blade_0_RotorFlow_OpenVSP_Blade_0:RotorFlow_OpenVSP_Blade_0_segment_20:orig:0,orig,0,5.651628017425537,5.651628017425537,5.533324241638184,5.770605564117432,2,0.4166666865348816,0.06117413565516472,-0.21364404261112213,-0.9978261590003967,0.004330267198383808,0.0027663647197186947,-0.08900286257266998,0.8618911646983161
0.0,0,blade_0,blade_0_RotorFlow_OpenVSP_Blade_0,RotorFlow_OpenVSP_Blade_0_segment_20,blade_0_RotorFlow_OpenVSP_Blade_0:RotorFlow_OpenVSP_Blade_0_segment_20:orig:0,orig,0,5.651628017425537,5.651628017425537,5.533324241638184,5.770605564117432,3,0.5833333134651184,0.06117411330342293,0.0634218156337738,0.29621219635009766,-0.0012395197991281748,-0.0006950872484594584,0.030441386625170708,0.8618911646983161
0.0,0,blade_0,blade_0_RotorFlow_OpenVSP_Blade_0,RotorFlow_OpenVSP_Blade_0_segment_20,blade_0_RotorFlow_OpenVSP_Blade_0:RotorFlow_OpenVSP_Blade_0_segment_20:orig:0,orig,0,5.651628017425537,5.651628017425537,5.533324241638184,5.770605564117432,4,0.75,0.061174120754003525,0.3666899502277374,1.712628722190857,-0.006042896304279566,-0.0038333323318511248,0.2631089687347412,0.8618911646983161
0.0,0,blade_0,blade_0_RotorFlow_OpenVSP_Blade_0,RotorFlow_OpenVSP_Blade_0_segment_20,blade_0_RotorFlow_OpenVSP_Blade_0:RotorFlow_OpenVSP_Blade_0_segment_20:orig:0,orig,0,5.651628017425537,5.651628017425537,5.533324241638184,5.770605564117432,5,0.9166666865348816,0.061174120754003525,0.9147948026657104,4.272557258605957,-0.002461167750880122,-0.010078509338200092,1.610101342201233,0.8618911646983161
0.0,0,blade_0,blade_0_RotorFlow_OpenVSP_Blade_0,RotorFlow_OpenVSP_Blade_0_segment_21,blade_0_RotorFlow_OpenVSP_Blade_0:RotorFlow_OpenVSP_Blade_0_segment_21:orig:0,orig,0,5.878984451293945,5.878984451293945,5.760822296142578,5.9977946281433105,0,0.08333339542150497,0.05928022041916847,-1.4705421924591064,-7.087606906890869,-0.0002408154250588268,0.13891077041625977,-2.9016568660736084,0.9525987352950374
0.0,0,blade_0,blade_0_RotorFlow_OpenVSP_Blade_0,RotorFlow_OpenVSP_Blade_0_segment_21,blade_0_RotorFlow_OpenVSP_Blade_0:RotorFlow_OpenVSP_Blade_0_segment_21:orig:0,orig,0,5.878984451293945,5.878984451293945,5.760822296142578,5.9977946281433105,1,0.2500000298023224,0.059280190616846085,-0.49334970116615295,-2.377810478210449,0.006839575711637735,0.008660954423248768,-0.2195834368467331,0.9525987352950374
0.0,0,blade_0,blade_0_RotorFlow_OpenVSP_Blade_0,RotorFlow_OpenVSP_Blade_0_segment_21,blade_0_RotorFlow_OpenVSP_Blade_0:RotorFlow_OpenVSP_Blade_0_segment_21:orig:0,orig,0,5.878984451293945,5.878984451293945,5.760822296142578,5.9977946281433105,2,0.4166666567325592,0.05928020551800728,-0.17429211735725403,-0.8400400876998901,0.002570305485278368,0.0018425238085910678,-0.05920209735631943,0.9525987352950374
0.0,0,blade_0,blade_0_RotorFlow_OpenVSP_Blade_0,RotorFlow_OpenVSP_Blade_0_segment_21,blade_0_RotorFlow_OpenVSP_Blade_0:RotorFlow_OpenVSP_Blade_0_segment_21:orig:0,orig,0,5.878984451293945,5.878984451293945,5.760822296142578,5.9977946281433105,3,0.5833333730697632,0.05928020551800728,0.05287204310297966,0.25482872128486633,-0.0007572924951091409,-0.0004704405728261918,0.020585402846336365,0.9525987352950374
0.0,0,blade_0,blade_0_RotorFlow_OpenVSP_Blade_0,RotorFlow_OpenVSP_Blade_0_segment_21,blade_0_RotorFlow_OpenVSP_Blade_0:RotorFlow_OpenVSP_Blade_0_segment_21:orig:0,orig,0,5.878984451293945,5.878984451293945,5.760822296142578,5.9977946281433105,4,0.7499999403953552,0.05928020179271698,0.30394142866134644,1.4649142026901245,-0.003838582895696163,-0.0026872693561017513,0.18441060185432434,0.9525987352950374
0.0,0,blade_0,blade_0_RotorFlow_OpenVSP_Blade_0,RotorFlow_OpenVSP_Blade_0_segment_21,blade_0_RotorFlow_OpenVSP_Blade_0:RotorFlow_OpenVSP_Blade_0_segment_21:orig:0,orig,0,5.878984451293945,5.878984451293945,5.760822296142578,5.9977946281433105,5,0.9166666269302368,0.05928020179271698,0.778599739074707,3.7526369094848633,-0.002719936426728964,-0.00766388326883316,1.2251017093658447,0.9525987352950374
0.12,30,blade_0,blade_0_RotorFlow_OpenVSP_Blade_0,RotorFlow_OpenVSP_Blade_0_segment_0,blade_0_RotorFlow_OpenVSP_Blade_0:RotorFlow_OpenVSP_Blade_0_segment_0:orig:0,orig,0,1.1065503358840942,1.1065503358840942,0.9848406910896301,1.2279493808746338,0,0.08333328366279602,0.09896690398454666,-2.4352025985717773,-7.0303521156311035,0.48754435777664185,-0.22983694076538086,-4.9388604164123535,-0.9514419595347087
0.12,30,blade_0,blade_0_RotorFlow_OpenVSP_Blade_0,RotorFlow_OpenVSP_Blade_0_segment_0,blade_0_RotorFlow_OpenVSP_Blade_0:RotorFlow_OpenVSP_Blade_0_segment_0:orig:0,orig,0,1.1065503358840942,1.1065503358840942,0.9848406910896301,1.2279493808746338,1,0.24999988079071045,0.09896694123744965,-0.9659759402275085,-2.788740634918213,0.7832959890365601,-0.10857310146093369,-0.5981724262237549,-0.9514419595347087
0.12,30,blade_0,blade_0_RotorFlow_OpenVSP_Blade_0,RotorFlow_OpenVSP_Blade_0_segment_0,blade_0_RotorFlow_OpenVSP_Blade_0:RotorFlow_OpenVSP_Blade_0_segment_0:orig:0,orig,0,1.1065503358840942,1.1065503358840942,0.9848406910896301,1.2279493808746338,2,0.41666653752326965,0.09896700829267502,-0.5973183512687683,-1.7244371175765991,0.5402979254722595,-0.050212010741233826,-0.2919091582298279,-0.9514419595347087
0.12,30,blade_0,blade_0_RotorFlow_OpenVSP_Blade_0,RotorFlow_OpenVSP_Blade_0_segment_0,blade_0_RotorFlow_OpenVSP_Blade_0:RotorFlow_OpenVSP_Blade_0_segment_0:orig:0,orig,0,1.1065503358840942,1.1065503358840942,0.9848406910896301,1.2279493808746338,3,0.5833332538604736,0.09896697849035263,-0.4330514967441559,-1.2502048015594482,0.4137026369571686,-0.021512562409043312,-0.19601581990718842,-0.9514419595347087
0.12,30,blade_0,blade_0_RotorFlow_OpenVSP_Blade_0,RotorFlow_OpenVSP_Blade_0_segment_0,blade_0_RotorFlow_OpenVSP_Blade_0:RotorFlow_OpenVSP_Blade_0_segment_0:orig:0,orig,0,1.1065503358840942,1.1065503358840942,0.9848406910896301,1.2279493808746338,4,0.7499999403953552,0.09896697103977203,-0.360169380903244,-1.0397967100143433,0.35902729630470276,-0.0043468354269862175,-0.15813235938549042,-0.9514419595347087
0.12,30,blade_0,blade_0_RotorFlow_OpenVSP_Blade_0,RotorFlow_OpenVSP_Blade_0_segment_0,blade_0_RotorFlow_OpenVSP_Blade_0:RotorFlow_OpenVSP_Blade_0_segment_0:orig:0,orig,0,1.1065503358840942,1.1065503358840942,0.9848406910896301,1.2279493808746338,5,0.9166666865348816,0.09896696358919144,-0.3288925588130951,-0.9495016932487488,0.33206862211227417,0.009075784124433994,-0.16009385883808136,-0.9514419595347087
0.12,30,blade_0,blade_0_RotorFlow_OpenVSP_Blade_0,RotorFlow_OpenVSP_Blade_0_segment_1,blade_0_RotorFlow_OpenVSP_Blade_0:RotorFlow_OpenVSP_Blade_0_segment_1:orig:0,orig,0,1.3330210447311401,1.3330210447311401,1.2117726802825928,1.4546513557434082,0,0.08333329856395721,0.097113236784935,-3.0869202613830566,-9.08194637298584,0.545054018497467,-0.10971450060606003,-7.256985187530518,-0.8610877902906106
0.12,30,blade_0,blade_0_RotorFlow_OpenVSP_Blade_0,RotorFlow_OpenVSP_Blade_0_segment_1,blade_0_RotorFlow_OpenVSP_Blade_0:RotorFlow_OpenVSP_Blade_0_segment_1:orig:0,orig,0,1.3330210447311401,1.3330210447311401,1.2117726802825928,1.4546513557434082,1,0.24999992549419403,0.09711328893899918,-1.3198050260543823,-3.8829615116119385,1.0408121347427368,-0.0979623943567276,-0.7952192425727844,-0.8610877902906106
0.12,30,blade_0,blade_0_RotorFlow_OpenVSP_Blade_0,RotorFlow_OpenVSP_Blade_0_segment_1,blade_0_RotorFlow_OpenVSP_Blade_0:RotorFlow_OpenVSP_Blade_0_segment_1:orig:0,orig,0,1.3330210447311401,1.3330210447311401,1.2117726802825928,1.4546513557434082,2,0.41666659712791443,0.09711327403783798,-0.8386911153793335,-2.4674899578094482,0.7524693608283997,-0.04877769947052002,-0.37402933835983276,-0.8610877902906106
0.12,30,blade_0,blade_0_RotorFlow_OpenVSP_Blade_0,RotorFlow_OpenVSP_Blade_0_segment_1,blade_0_RotorFlow_OpenVSP_Blade_0:RotorFlow_OpenVSP_Blade_0_segment_1:orig:0,orig,0,1.3330210447311401,1.3330210447311401,1.2117726802825928,1.4546513557434082,3,0.5833332538604736,0.09711332619190216,-0.5841711759567261,-1.7186729907989502,0.5683732628822327,-0.0208695400506258,-0.23885631561279297,-0.8610877902906106
0.12,30,blade_0,blade_0_RotorFlow_OpenVSP_Blade_0,RotorFlow_OpenVSP_Blade_0_segment_1,blade_0_RotorFlow_OpenVSP_Blade_0:RotorFlow_OpenVSP_Blade_0_segment_1:orig:0,orig,0,1.3330210447311401,1.3330210447311401,1.2117726802825928,1.4546513557434082,4,0.75,0.09711327403783798,-0.4114914834499359,-1.2106376886367798,0.428772509098053,-0.003829935332760215,-0.17001943290233612,-0.8610877902906106
0.12,30,blade_0,blade_0_RotorFlow_OpenVSP_Blade_0,RotorFlow_OpenVSP_Blade_0_segment_1,blade_0_RotorFlow_OpenVSP_Blade_0:RotorFlow_OpenVSP_Blade_0_segment_1:orig:0,orig,0,1.3330210447311401,1.3330210447311401,1.2117726802825928,1.4546513557434082,5,0.9166666865348816,0.09711328893899918,-0.24416427314281464,-0.7183488607406616,0.2660667598247528,0.004902978427708149,-0.12169212102890015,-0.8610877902906106
0.12,30,blade_0,blade_0_RotorFlow_OpenVSP_Blade_0,RotorFlow_OpenVSP_Blade_0_segment_2,blade_0_RotorFlow_OpenVSP_Blade_0:RotorFlow_OpenVSP_Blade_0_segment_2:orig:0,orig,0,1.5599141120910645,1.5599141120910645,1.438948154449463,1.6815822124481201,0,0.08333336561918259,0.0952390655875206,-3.373656988143921,-10.120867729187012,0.7598894834518433,-0.005253543611615896,-8.545393943786621,-0.7705651142548459
0.12,30,blade_0,blade_0_RotorFlow_OpenVSP_Blade_0,RotorFlow_OpenVSP_Blade_0_segment_2,blade_0_RotorFlow_OpenVSP_Blade_0:RotorFlow_OpenVSP_Blade_0_segment_2:orig:0,orig,0,1.5599141120910645,1.5599141120910645,1.438948154449463,1.6815822124481201,1,0.24999995529651642,0.0952390655875206,-1.4652966260910034,-4.39584493637085,1.157680630683899,-0.07560236006975174,-0.8581636548042297,-0.7705651142548459
0.12,30,blade_0,blade_0_RotorFlow_OpenVSP_Blade_0,RotorFlow_OpenVSP_Blade_0_segment_2,blade_0_RotorFlow_OpenVSP_Blade_0:RotorFlow_OpenVSP_Blade_0_segment_2:orig:0,orig,0,1.5599141120910645,1.5599141120910645,1.438948154449463,1.6815822124481201,2,0.41666659712791443,0.0952390655875206,-0.9308609962463379,-2.7925543785095215,0.8329740166664124,-0.03897795081138611,-0.3849050998687744,-0.7705651142548459
0.12,30,blade_0,blade_0_RotorFlow_OpenVSP_Blade_0,RotorFlow_OpenVSP_Blade_0_segment_2,blade_0_RotorFlow_OpenVSP_Blade_0:RotorFlow_OpenVSP_Blade_0_segment_2:orig:0,orig,0,1.5599141120910645,1.5599141120910645,1.438948154449463,1.6815822124481201,3,0.5833332538604736,0.09523909538984299,-0.6280021071434021,-1.8839865922927856,0.6096264719963074,-0.01641969382762909,-0.2350190281867981,-0.7705651142548459
0.12,30,blade_0,blade_0_RotorFlow_OpenVSP_Blade_0,RotorFlow_OpenVSP_Blade_0_segment_2,blade_0_RotorFlow_OpenVSP_Blade_0:RotorFlow_OpenVSP_Blade_0_segment_2:orig:0,orig,0,1.5599141120910645,1.5599141120910645,1.438948154449463,1.6815822124481201,4,0.7499999403953552,0.09523908793926239,-0.4004095792770386,-1.201216220855713,0.4167371392250061,-0.00285704736597836,-0.15100251138210297,-0.7705651142548459
0.12,30,blade_0,blade_0_RotorFlow_OpenVSP_Blade_0,RotorFlow_OpenVSP_Blade_0_segment_2,blade_0_RotorFlow_OpenVSP_Blade_0:RotorFlow_OpenVSP_Blade_0_segment_2:orig:0,orig,0,1.5599141120910645,1.5599141120910645,1.438948154449463,1.6815822124481201,5,0.9166666269302368,0.0952390804886818,-0.17275062203407288,-0.5182465314865112,0.18854771554470062,0.002419986529275775,-0.07754164934158325,-0.7705651142548459
0.12,30,blade_0,blade_0_RotorFlow_OpenVSP_Blade_0,RotorFlow_OpenVSP_Blade_0_segment_3,blade_0_RotorFlow_OpenVSP_Blade_0:RotorFlow_OpenVSP_Blade_0_segment_3:orig:0,orig,0,1.7870110273361206,1.7870110273361206,1.6662505865097046,1.9086259603500366,0,0.08333329856395721,0.09335550665855408,-3.507333755493164,-10.734186172485352,1.0176900625228882,0.0708041563630104,-9.27667236328125,-0.6799611097929591
0.12,30,blade_0,blade_0_RotorFlow_OpenVSP_Blade_0,RotorFlow_OpenVSP_Blade_0_segment_3,blade_0_RotorFlow_OpenVSP_Blade_0:RotorFlow_OpenVSP_Blade_0_segment_3:orig:0,orig,0,1.7870110273361206,1.7870110273361206,1.6662505865097046,1.9086259603500366,1,0.2499999701976776,0.0933554396033287,-1.5311497449874878,-4.68608283996582,1.2239642143249512,-0.056556135416030884,-0.8748449087142944,-0.6799611097929591
0.12,30,blade_0,blade_0_RotorFlow_OpenVSP_Blade_0,RotorFlow_OpenVSP_Blade_0_segment_3,blade_0_RotorFlow_OpenVSP_Blade_0:RotorFlow_OpenVSP_Blade_0_segment_3:orig:0,orig,0,1.7870110273361206,1.7870110273361206,1.6662505865097046,1.9086259603500366,2,0.4166666567325592,0.09335552901029587,-0.9719324111938477,-2.9745960235595703,0.875392735004425,-0.030406925827264786,-0.3776077330112457,-0.6799611097929591
0.12,30,blade_0,blade_0_RotorFlow_OpenVSP_Blade_0,RotorFlow_OpenVSP_Blade_0_segment_3,blade_0_RotorFlow_OpenVSP_Blade_0:RotorFlow_OpenVSP_Blade_0_segment_3:orig:0,orig,0,1.7870110273361206,1.7870110273361206,1.6662505865097046,1.9086259603500366,3,0.5833333134651184,0.09335549920797348,-0.6484158039093018,-1.984475016593933,0.6360442638397217,-0.012940002605319023,-0.22613373398780823,-0.6799611097929591
0.12,30,blade_0,blade_0_RotorFlow_OpenVSP_Blade_0,RotorFlow_OpenVSP_Blade_0_segment_3,blade_0_RotorFlow_OpenVSP_Blade_0:RotorFlow_OpenVSP_Blade_0_segment_3:orig:0,orig,0,1.7870110273361206,1.7870110273361206,1.6662505865097046,1.9086259603500366,4,0.75,0.09335551410913467,-0.399319589138031,-1.222116470336914,0.42446210980415344,-0.0023156350944191217,-0.14421166479587555,-0.6799611097929591
0.12,30,blade_0,blade_0_RotorFlow_OpenVSP_Blade_0,RotorFlow_OpenVSP_Blade_0_segment_3,blade_0_RotorFlow_OpenVSP_Blade_0:RotorFlow_OpenVSP_Blade_0_segment_3:orig:0,orig,0,1.7870110273361206,1.7870110273361206,1.6662505865097046,1.9086259603500366,5,0.9166667461395264,0.09335549920797348,-0.1380966752767563,-0.4226445257663727,0.15753871202468872,0.001394290360622108,-0.06439371407032013,-0.6799611097929591
0.12,30,blade_0,blade_0_RotorFlow_OpenVSP_Blade_0,RotorFlow_OpenVSP_Blade_0_segment_4,blade_0_RotorFlow_OpenVSP_Blade_0:RotorFlow_OpenVSP_Blade_0_segment_4:orig:0,orig,0,2.0142135620117188,2.0142135620117188,1.8936262130737305,2.135728120803833,0,0.08333338052034378,0.09146741032600403,-3.5727574825286865,-11.160125732421875,1.2663015127182007,0.1255122870206833,-9.725530624389648,-0.589314966743035
0.12,30,blade_0,blade_0_RotorFlow_OpenVSP_Blade_0,RotorFlow_OpenVSP_Blade_0_segment_4,blade_0_RotorFlow_OpenVSP_Blade_0:RotorFlow_OpenVSP_Blade_0_segment_4:orig:0,orig,0,2.0142135620117188,2.0142135620117188,1.8936262130737305,2.135728120803833,1,0.25000008940696716,0.09146735072135925,-1.566332221031189,-4.8927130699157715,1.2699246406555176,-0.04205344244837761,-0.8742809891700745,-0.589314966743035
0.12,30,blade_0,blade_0_RotorFlow_OpenVSP_Blade_0,RotorFlow_OpenVSP_Blade_0_segment_4,blade_0_RotorFlow_OpenVSP_Blade_0:RotorFlow_OpenVSP_Blade_0_segment_4:orig:0,orig,0,2.0142135620117188,2.0142135620117188,1.8936262130737305,2.135728120803833,2,0.416666716337204,0.09146735072135925,-0.9982202053070068,-3.1181156635284424,0.9063543677330017,-0.02391422539949417,-0.36446651816368103,-0.589314966743035
0.12,30,blade_0,blade_0_RotorFlow_OpenVSP_Blade_0,RotorFlow_OpenVSP_Blade_0_segment_4,blade_0_RotorFlow_OpenVSP_Blade_0:RotorFlow_OpenVSP_Blade_0_segment_4:orig:0,orig,0,2.0142135620117188,2.0142135620117188,1.8936262130737305,2.135728120803833,3,0.5833333730697632,0.09146733582019806,-0.6701139807701111,-2.0932185649871826,0.6635170578956604,-0.010456891730427742,-0.21319761872291565,-0.589314966743035
0.12,30,blade_0,blade_0_RotorFlow_OpenVSP_Blade_0,RotorFlow_OpenVSP_Blade_0_segment_4,blade_0_RotorFlow_OpenVSP_Blade_0:RotorFlow_OpenVSP_Blade_0_segment_4:orig:0,orig,0,2.0142135620117188,2.0142135620117188,1.8936262130737305,2.135728120803833,4,0.75,0.09146735072135925,-0.42390647530555725,-1.3241461515426636,0.45880886912345886,-0.0020000170916318893,-0.1344929337501526,-0.589314966743035
0.12,30,blade_0,blade_0_RotorFlow_OpenVSP_Blade_0,RotorFlow_OpenVSP_Blade_0_segment_4,blade_0_RotorFlow_OpenVSP_Blade_0:RotorFlow_OpenVSP_Blade_0_segment_4:orig:0,orig,0,2.0142135620117188,2.0142135620117188,1.8936262130737305,2.135728120803833,5,0.9166666269302368,0.09146736562252045,-0.19910529255867004,-0.6219401359558105,0.2334153801202774,0.0014917987864464521,-0.08598741888999939,-0.589314966743035
0.12,30,blade_0,blade_0_RotorFlow_OpenVSP_Blade_0,RotorFlow_OpenVSP_Blade_0_segment_5,blade_0_RotorFlow_OpenVSP_Blade_0:RotorFlow_OpenVSP_Blade_0_segment_5:orig:0,orig,0,2.241475820541382,2.241475820541382,2.1210436820983887,2.3628642559051514,0,0.0833333358168602,0.089576855301857,-3.605682134628296,-11.500680923461914,1.4904766082763672,0.1660129725933075,-10.035594940185547,-0.49864499589107153
0.12,30,blade_0,blade_0_RotorFlow_OpenVSP_Blade_0,RotorFlow_OpenVSP_Blade_0_segment_5,blade_0_RotorFlow_OpenVSP_Blade_0:RotorFlow_OpenVSP_Blade_0_segment_5:orig:0,orig,0,2.241475820541382,2.241475820541382,2.1210436820983887,2.3628642559051514,1,0.25000011920928955,0.0895768478512764,-1.5877152681350708,-5.064176082611084,1.3048484325408936,-0.031047647818922997,-0.8700992465019226,-0.49864499589107153
0.12,30,blade_0,blade_0_RotorFlow_OpenVSP_Blade_0,RotorFlow_OpenVSP_Blade_0_segment_5,blade_0_RotorFlow_OpenVSP_Blade_0:RotorFlow_OpenVSP_Blade_0_segment_5:orig:0,orig,0,2.241475820541382,2.241475820541382,2.1210436820983887,2.3628642559051514,2,0.41666674613952637,0.08957681059837341,-1.016982078552246,-3.243767261505127,0.9291053414344788,-0.018930234014987946,-0.3529411256313324,-0.49864499589107153
0.12,30,blade_0,blade_0_RotorFlow_OpenVSP_Blade_0,RotorFlow_OpenVSP_Blade_0_segment_5,blade_0_RotorFlow_OpenVSP_Blade_0:RotorFlow_OpenVSP_Blade_0_segment_5:orig:0,orig,0,2.241475820541382,2.241475820541382,2.1210436820983887,2.3628642559051514,3,0.5833333730697632,0.08957677334547043,-0.6865817308425903,-2.18992280960083,0.6814115047454834,-0.00848436076194048,-0.20222987234592438,-0.49864499589107153
0.12,30,blade_0,blade_0_RotorFlow_OpenVSP_Blade_0,RotorFlow_OpenVSP_Blade_0_segment_5,blade_0_RotorFlow_OpenVSP_Blade_0:RotorFlow_OpenVSP_Blade_0_segment_5:orig:0,orig,0,2.241475820541382,2.241475820541382,2.1210436820983887,2.3628642559051514,4,0.75,0.08957681804895401,-0.4388229548931122,-1.399670124053955,0.47056901454925537,-0.0016859510214999318,-0.12366849184036255,-0.49864499589107153
0.12,30,blade_0,blade_0_RotorFlow_OpenVSP_Blade_0,RotorFlow_OpenVSP_Blade_0_segment_5,blade_0_RotorFlow_OpenVSP_Blade_0:RotorFlow_OpenVSP_Blade_0_segment_5:orig:0,orig,0,2.241475820541382,2.241475820541382,2.1210436820983887,2.3628642559051514,5,0.9166666269302368,0.08957681804895401,-0.2306547909975052,-0.7356967329978943,0.26735979318618774,0.0011690021492540836,-0.09741922467947006,-0.49864499589107153
0.12,30,blade_0,blade_0_RotorFlow_OpenVSP_Blade_0,RotorFlow_OpenVSP_Blade_0_segment_6,blade_0_RotorFlow_OpenVSP_Blade_0:RotorFlow_OpenVSP_Blade_0_segment_6:orig:0,orig,0,2.468770742416382,2.468770742416382,2.3484878540039062,2.590019464492798,0,0.0833333283662796,0.08768494427204132,-3.6189873218536377,-11.792176246643066,1.691003680229187,0.19661560654640198,-10.261528015136719,-0.40796199346673534
0.12,30,blade_0,blade_0_RotorFlow_OpenVSP_Blade_0,RotorFlow_OpenVSP_Blade_0_segment_6,blade_0_RotorFlow_OpenVSP_Blade_0:RotorFlow_OpenVSP_Blade_0_segment_6:orig:0,orig,0,2.468770742416382,2.468770742416382,2.3484878540039062,2.590019464492798,1,0.2499999701976776,0.0876849815249443,-1.6016416549682617,-5.218817234039307,1.3346548080444336,-0.022607717663049698,-0.8669182062149048,-0.40796199346673534
0.12,30,blade_0,blade_0_RotorFlow_OpenVSP_Blade_0,RotorFlow_OpenVSP_Blade_0_segment_6,blade_0_RotorFlow_OpenVSP_Blade_0:RotorFlow_OpenVSP_Blade_0_segment_6:orig:0,orig,0,2.468770742416382,2.468770742416382,2.3484878540039062,2.590019464492798,2,0.416666716337204,0.0876849964261055,-1.034304141998291,-3.37019419670105,0.9513912796974182,-0.015113326720893383,-0.3471989929676056,-0.40796199346673534
0.12,30,blade_0,blade_0_RotorFlow_OpenVSP_Blade_0,RotorFlow_OpenVSP_Blade_0_segment_6,blade_0_RotorFlow_OpenVSP_Blade_0:RotorFlow_OpenVSP_Blade_0_segment_6:orig:0,orig,0,2.468770742416382,2.468770742416382,2.3484878540039062,2.590019464492798,3,0.5833333730697632,0.08768492937088013,-0.7084535956382751,-2.308439016342163,0.7063180804252625,-0.00702893128618598,-0.20304124057292938,-0.40796199346673534
0.12,30,blade_0,blade_0_RotorFlow_OpenVSP_Blade_0,RotorFlow_OpenVSP_Blade_0_segment_6,blade_0_RotorFlow_OpenVSP_Blade_0:RotorFlow_OpenVSP_Blade_0_segment_6:orig:0,orig,0,2.468770742416382,2.468770742416382,2.3484878540039062,2.590019464492798,4,0.75,0.08768496662378311,-0.46169596910476685,-1.5043985843658447,0.5015895962715149,-0.0015552961267530918,-0.13502676784992218,-0.40796199346673534
0.12,30,blade_0,blade_0_RotorFlow_OpenVSP_Blade_0,RotorFlow_OpenVSP_Blade_0_segment_6,blade_0_RotorFlow_OpenVSP_Blade_0:RotorFlow_OpenVSP_Blade_0_segment_6:orig:0,orig,0,2.468770742416382,2.468770742416382,2.3484878540039062,2.590019464492798,5,0.9166666269302368,0.08768495172262192,-0.21348677575588226,-0.6956292986869812,0.2581149637699127,0.0008112283539958298,-0.08624394237995148,-0.40796199346673534
0.12,30,blade_0,blade_0_RotorFlow_OpenVSP_Blade_0,RotorFlow_OpenVSP_Blade_0_segment_7,blade_0_RotorFlow_OpenVSP_Blade_0:RotorFlow_OpenVSP_Blade_0_segment_7:orig:0,orig,0,2.696087598800659,2.696087598800659,2.5759482383728027,2.8171868324279785,0,0.08333335816860199,0.08579231053590775,-3.611020088195801,-12.025786399841309,1.8684179782867432,0.21925729513168335,-10.392446517944336,-0.3172702399135065
0.12,30,blade_0,blade_0_RotorFlow_OpenVSP_Blade_0,RotorFlow_OpenVSP_Blade_0_segment_7,blade_0_RotorFlow_OpenVSP_Blade_0:RotorFlow_OpenVSP_Blade_0_segment_7:orig:0,orig,0,2.696087598800659,2.696087598800659,2.5759482383728027,2.8171868324279785,1,0.2499999701976776,0.08579237014055252,-1.60226309299469,-5.336015701293945,1.3545832633972168,-0.015963993966579437,-0.8591867089271545,-0.3172702399135065
0.12,30,blade_0,blade_0_RotorFlow_OpenVSP_Blade_0,RotorFlow_OpenVSP_Blade_0_segment_7,blade_0_RotorFlow_OpenVSP_Blade_0:RotorFlow_OpenVSP_Blade_0_segment_7:orig:0,orig,0,2.696087598800659,2.696087598800659,2.5759482383728027,2.8171868324279785,2,0.416666716337204,0.08579234778881073,-1.0372047424316406,-3.4542033672332764,0.9612496495246887,-0.011987786740064621,-0.33861324191093445,-0.3172702399135065
0.12,30,blade_0,blade_0_RotorFlow_OpenVSP_Blade_0,RotorFlow_OpenVSP_Blade_0_segment_7,blade_0_RotorFlow_OpenVSP_Blade_0:RotorFlow_OpenVSP_Blade_0_segment_7:orig:0,orig,0,2.696087598800659,2.696087598800659,2.5759482383728027,2.8171868324279785,3,0.5833333134651184,0.08579234033823013,-0.7106310725212097,-2.3666152954101562,0.7110514640808105,-0.005724931135773659,-0.19637005031108856,-0.3172702399135065
0.12,30,blade_0,blade_0_RotorFlow_OpenVSP_Blade_0,RotorFlow_OpenVSP_Blade_0_segment_7,blade_0_RotorFlow_OpenVSP_Blade_0:RotorFlow_OpenVSP_Blade_0_segment_7:orig:0,orig,0,2.696087598800659,2.696087598800659,2.5759482383728027,2.8171868324279785,4,0.7500000596046448,0.08579236268997192,-0.45910781621932983,-1.5289666652679443,0.4988412857055664,-0.001335251028649509,-0.12873952090740204,-0.3172702399135065
0.12,30,blade_0,blade_0_RotorFlow_OpenVSP_Blade_0,RotorFlow_OpenVSP_Blade_0_segment_7,blade_0_RotorFlow_OpenVSP_Blade_0:RotorFlow_OpenVSP_Blade_0_segment_7:orig:0,orig,0,2.696087598800659,2.696087598800659,2.5759482383728027,2.8171868324279785,5,0.9166667461395264,0.08579236268997192,-0.20243443548679352,-0.6741673350334167,0.2440893054008484,0.0005098164547234774,-0.0786738395690918,-0.3172702399135065
0.12,30,blade_0,blade_0_RotorFlow_OpenVSP_Blade_0,RotorFlow_OpenVSP_Blade_0_segment_8,blade_0_RotorFlow_OpenVSP_Blade_0:RotorFlow_OpenVSP_Blade_0_segment_8:orig:0,orig,0,2.9234161376953125,2.9234161376953125,2.803419828414917,3.0443618297576904,0,0.0833333283662796,0.08389929682016373,-3.5844204425811768,-12.20654010772705,2.0236754417419434,0.23544497787952423,-10.433621406555176,-0.22657382543293267
0.12,30,blade_0,blade_0_RotorFlow_OpenVSP_Blade_0,RotorFlow_OpenVSP_Blade_0_segment_8,blade_0_RotorFlow_OpenVSP_Blade_0:RotorFlow_OpenVSP_Blade_0_segment_8:orig:0,orig,0,2.9234161376953125,2.9234161376953125,2.803419828414917,3.0443618297576904,1,0.25,0.08389932662248611,-1.5921289920806885,-5.421902656555176,1.3664401769638062,-0.010739332996308804,-0.8459310531616211,-0.22657382543293267
0.12,30,blade_0,blade_0_RotorFlow_OpenVSP_Blade_0,RotorFlow_OpenVSP_Blade_0_segment_8,blade_0_RotorFlow_OpenVSP_Blade_0:RotorFlow_OpenVSP_Blade_0_segment_8:orig:0,orig,0,2.9234161376953125,2.9234161376953125,2.803419828414917,3.0443618297576904,2,0.4166666865348816,0.08389925211668015,-1.0309727191925049,-3.510921001434326,0.963462769985199,-0.009478364139795303,-0.3274480104446411,-0.22657382543293267
0.12,30,blade_0,blade_0_RotorFlow_OpenVSP_Blade_0,RotorFlow_OpenVSP_Blade_0_segment_8,blade_0_RotorFlow_OpenVSP_Blade_0:RotorFlow_OpenVSP_Blade_0_segment_8:orig:0,orig,0,2.9234161376953125,2.9234161376953125,2.803419828414917,3.0443618297576904,3,0.5833333730697632,0.08389932662248611,-0.7053402662277222,-2.4019951820373535,0.7086939811706543,-0.004662445280700922,-0.18735279142856598,-0.22657382543293267
0.12,30,blade_0,blade_0_RotorFlow_OpenVSP_Blade_0,RotorFlow_OpenVSP_Blade_0_segment_8,blade_0_RotorFlow_OpenVSP_Blade_0:RotorFlow_OpenVSP_Blade_0_segment_8:orig:0,orig,0,2.9234161376953125,2.9234161376953125,2.803419828414917,3.0443618297576904,4,0.75,0.08389927446842194,-0.4530372619628906,-1.5427930355072021,0.492329478263855,-0.0011498634703457355,-0.1213030219078064,-0.22657382543293267
0.12,30,blade_0,blade_0_RotorFlow_OpenVSP_Blade_0,RotorFlow_OpenVSP_Blade_0_segment_8,blade_0_RotorFlow_OpenVSP_Blade_0:RotorFlow_OpenVSP_Blade_0_segment_8:orig:0,orig,0,2.9234161376953125,2.9234161376953125,2.803419828414917,3.0443618297576904,5,0.9166666269302368,0.08389931172132492,-0.1948457509279251,-0.663536012172699,0.2341720312833786,0.0003005247563123703,-0.07292760908603668,-0.22657382543293267
0.12,30,blade_0,blade_0_RotorFlow_OpenVSP_Blade_0,RotorFlow_OpenVSP_Blade_0_segment_9,blade_0_RotorFlow_OpenVSP_Blade_0:RotorFlow_OpenVSP_Blade_0_segment_9:orig:0,orig,0,3.15075421333313,3.15075421333313,3.0308997631073,3.2715413570404053,0,0.08333330601453781,0.08200592547655106,-3.544790506362915,-12.35029411315918,2.1598644256591797,0.24679364264011383,-10.409231185913086,-0.13587360611370985
0.12,30,blade_0,blade_0_RotorFlow_OpenVSP_Blade_0,RotorFlow_OpenVSP_Blade_0_segment_9,blade_0_RotorFlow_OpenVSP_Blade_0:RotorFlow_OpenVSP_Blade_0_segment_9:orig:0,orig,0,3.15075421333313,3.15075421333313,3.0308997631073,3.2715413570404053,1,0.2500000596046448,0.0820060446858406,-1.5754069089889526,-5.488818168640137,1.3739129304885864,-0.006631349213421345,-0.8296277523040771,-0.13587360611370985
0.12,30,blade_0,blade_0_RotorFlow_OpenVSP_Blade_0,RotorFlow_OpenVSP_Blade_0_segment_9,blade_0_RotorFlow_OpenVSP_Blade_0:RotorFlow_OpenVSP_Blade_0_segment_9:orig:0,orig,0,3.15075421333313,3.15075421333313,3.0308997631073,3.2715413570404053,2,0.41666674613952637,0.08200587332248688,-1.0201442241668701,-3.5542547702789307,0.962677538394928,-0.0074816131964325905,-0.3157863914966583,-0.13587360611370985
0.12,30,blade_0,blade_0_RotorFlow_OpenVSP_Blade_0,RotorFlow_OpenVSP_Blade_0_segment_9,blade_0_RotorFlow_OpenVSP_Blade_0:RotorFlow_OpenVSP_Blade_0_segment_9:orig:0,orig,0,3.15075421333313,3.15075421333313,3.0308997631073,3.2715413570404053,3,0.5833333134651184,0.08200595527887344,-0.6971063613891602,-2.4287657737731934,0.7044460773468018,-0.003815359203144908,-0.17836521565914154,-0.13587360611370985
0.12,30,blade_0,blade_0_RotorFlow_OpenVSP_Blade_0,RotorFlow_OpenVSP_Blade_0_segment_9,blade_0_RotorFlow_OpenVSP_Blade_0:RotorFlow_OpenVSP_Blade_0_segment_9:orig:0,orig,0,3.15075421333313,3.15075421333313,3.0308997631073,3.2715413570404053,4,0.7500000596046448,0.08200596272945404,-0.44596371054649353,-1.5537675619125366,0.48564043641090393,-0.000999761396087706,-0.11430240422487259,-0.13587360611370985
0.12,30,blade_0,blade_0_RotorFlow_OpenVSP_Blade_0,RotorFlow_OpenVSP_Blade_0_segment_9,blade_0_RotorFlow_OpenVSP_Blade_0:RotorFlow_OpenVSP_Blade_0_segment_9:orig:0,orig,0,3.15075421333313,3.15075421333313,3.0308997631073,3.2715413570404053,5,0.9166666269302368,0.08200594782829285,-0.1886521428823471,-0.6572768688201904,0.22642214596271515,0.00014988885959610343,-0.06816675513982773,-0.13587360611370985
0.12,30,blade_0,blade_0_RotorFlow_OpenVSP_Blade_0,RotorFlow_OpenVSP_Blade_0_segment_10,blade_0_RotorFlow_OpenVSP_Blade_0:RotorFlow_OpenVSP_Blade_0_segment_10:orig:0,orig,0,3.3780972957611084,3.3780972957611084,3.2583839893341064,3.4987242221832275,0,0.08333335071802139,0.08011244237422943,-3.4963066577911377,-12.469284057617188,2.2809855937957764,0.2544865012168884,-10.339447975158691,-0.04517138925419634
0.12,30,blade_0,blade_0_RotorFlow_OpenVSP_Blade_0,RotorFlow_OpenVSP_Blade_0_segment_10,blade_0_RotorFlow_OpenVSP_Blade_0:RotorFlow_OpenVSP_Blade_0_segment_10:orig:0,orig,0,3.3780972957611084,3.3780972957611084,3.2583839893341064,3.4987242221832275,1,0.2500000596046448,0.08011247217655182,-1.5545161962509155,-5.54404878616333,1.3796731233596802,-0.0033941823057830334,-0.8118078708648682,-0.04517138925419634
0.12,30,blade_0,blade_0_RotorFlow_OpenVSP_Blade_0,RotorFlow_OpenVSP_Blade_0_segment_10,blade_0_RotorFlow_OpenVSP_Blade_0:RotorFlow_OpenVSP_Blade_0_segment_10:orig:0,orig,0,3.3780972957611084,3.3780972957611084,3.2583839893341064,3.4987242221832275,2,0.41666674613952637,0.08011236041784286,-1.0066882371902466,-3.5902724266052246,0.9611480236053467,-0.005890289321541786,-0.30433446168899536,-0.04517138925419634
0.12,30,blade_0,blade_0_RotorFlow_OpenVSP_Blade_0,RotorFlow_OpenVSP_Blade_0_segment_10,blade_0_RotorFlow_OpenVSP_Blade_0:RotorFlow_OpenVSP_Blade_0_segment_10:orig:0,orig,0,3.3780972957611084,3.3780972957611084,3.2583839893341064,3.4987242221832275,3,0.5833333730697632,0.08011244237422943,-0.6874719262123108,-2.451810836791992,0.7001941204071045,-0.003139600157737732,-0.16991475224494934,-0.04517138925419634
0.12,30,blade_0,blade_0_RotorFlow_OpenVSP_Blade_0,RotorFlow_OpenVSP_Blade_0_segment_10,blade_0_RotorFlow_OpenVSP_Blade_0:RotorFlow_OpenVSP_Blade_0_segment_10:orig:0,orig,0,3.3780972957611084,3.3780972957611084,3.2583839893341064,3.4987242221832275,4,0.7500000596046448,0.08011242747306824,-0.438833087682724,-1.5650616884231567,0.4799415171146393,-0.0008786661201156676,-0.10805530101060867,-0.04517138925419634
0.12,30,blade_0,blade_0_RotorFlow_OpenVSP_Blade_0,RotorFlow_OpenVSP_Blade_0_segment_10,blade_0_RotorFlow_OpenVSP_Blade_0:RotorFlow_OpenVSP_Blade_0_segment_10:orig:0,orig,0,3.3780972957611084,3.3780972957611084,3.2583839893341064,3.4987242221832275,5,0.9166666865348816,0.08011242747306824,-0.18395528197288513,-0.6560611724853516,0.22094914317131042,3.781040868489072e-05,-0.06445101648569107,-0.04517138925419634
0.12,30,blade_0,blade_0_RotorFlow_OpenVSP_Blade_0,RotorFlow_OpenVSP_Blade_0_segment_11,blade_0_RotorFlow_OpenVSP_Blade_0:RotorFlow_OpenVSP_Blade_0_segment_11:orig:0,orig,0,3.6054439544677734,3.6054439544677734,3.485872745513916,3.7259085178375244,0,0.08333335071802139,0.07821875810623169,-3.441399574279785,-12.570603370666504,2.389669418334961,0.2594378590583801,-10.236403465270996,0.045532254419810556
0.12,30,blade_0,blade_0_RotorFlow_OpenVSP_Blade_0,RotorFlow_OpenVSP_Blade_0_segment_11,blade_0_RotorFlow_OpenVSP_Blade_0:RotorFlow_OpenVSP_Blade_0_segment_11:orig:0,orig,0,3.6054439544677734,3.6054439544677734,3.485872745513916,3.7259085178375244,1,0.2500000596046448,0.07821881771087646,-1.5307048559188843,-5.591291904449463,1.3847390413284302,-0.0008302457863464952,-0.7931162714958191,0.045532254419810556
0.12,30,blade_0,blade_0_RotorFlow_OpenVSP_Blade_0,RotorFlow_OpenVSP_Blade_0_segment_11,blade_0_RotorFlow_OpenVSP_Blade_0:RotorFlow_OpenVSP_Blade_0_segment_11:orig:0,orig,0,3.6054439544677734,3.6054439544677734,3.485872745513916,3.7259085178375244,2,0.416666716337204,0.0782187283039093,-0.991443395614624,-3.62150502204895,0.959723174571991,-0.004614007193595171,-0.2932492792606354,0.045532254419810556
0.12,30,blade_0,blade_0_RotorFlow_OpenVSP_Blade_0,RotorFlow_OpenVSP_Blade_0_segment_11,blade_0_RotorFlow_OpenVSP_Blade_0:RotorFlow_OpenVSP_Blade_0_segment_11:orig:0,orig,0,3.6054439544677734,3.6054439544677734,3.485872745513916,3.7259085178375244,3,0.5833333730697632,0.07821876555681229,-0.6768997311592102,-2.4725513458251953,0.6965342164039612,-0.0025962970685213804,-0.1620323657989502,0.045532254419810556
0.12,30,blade_0,blade_0_RotorFlow_OpenVSP_Blade_0,RotorFlow_OpenVSP_Blade_0_segment_11,blade_0_RotorFlow_OpenVSP_Blade_0:RotorFlow_OpenVSP_Blade_0_segment_11:orig:0,orig,0,3.6054439544677734,3.6054439544677734,3.485872745513916,3.7259085178375244,4,0.75,0.07821878790855408,-0.43160974979400635,-1.5765659809112549,0.4753393828868866,-0.000779679452534765,-0.10244857519865036,0.045532254419810556
0.12,30,blade_0,blade_0_RotorFlow_OpenVSP_Blade_0,RotorFlow_OpenVSP_Blade_0_segment_11,blade_0_RotorFlow_OpenVSP_Blade_0:RotorFlow_OpenVSP_Blade_0_segment_11:orig:0,orig,0,3.6054439544677734,3.6054439544677734,3.485872745513916,3.7259085178375244,5,0.9166666865348816,0.07821878790855408,-0.18010470271110535,-0.6578788757324219,0.2170265018939972,-4.738661300507374e-05,-0.06140366196632385,0.045532254419810556
0.12,30,blade_0,blade_0_RotorFlow_OpenVSP_Blade_0,RotorFlow_OpenVSP_Blade_0_segment_12,blade_0_RotorFlow_OpenVSP_Blade_0:RotorFlow_OpenVSP_Blade_0_segment_12:orig:0,orig,0,3.8327934741973877,3.8327934741973877,3.7133631706237793,3.9530954360961914,0,0.08333335816860199,0.07632508873939514,-3.3813576698303223,-12.657727241516113,2.4873764514923096,0.2621944844722748,-10.106218338012695,0.13623703954541214
0.12,30,blade_0,blade_0_RotorFlow_OpenVSP_Blade_0,RotorFlow_OpenVSP_Blade_0_segment_12,blade_0_RotorFlow_OpenVSP_Blade_0:RotorFlow_OpenVSP_Blade_0_segment_12:orig:0,orig,0,3.8327934741973877,3.8327934741973877,3.7133631706237793,3.9530954360961914,1,0.2500000596046448,0.07632508873939514,-1.5045603513717651,-5.632150173187256,1.3895962238311768,0.0012065632035955787,-0.773711085319519,0.13623703954541214
0.12,30,blade_0,blade_0_RotorFlow_OpenVSP_Blade_0,RotorFlow_OpenVSP_Blade_0_segment_12,blade_0_RotorFlow_OpenVSP_Blade_0:RotorFlow_OpenVSP_Blade_0_segment_12:orig:0,orig,0,3.8327934741973877,3.8327934741973877,3.7133631706237793,3.9530954360961914,2,0.416666716337204,0.07632502913475037,-0.9747936725616455,-3.6490323543548584,0.9587600231170654,-0.0035829085391014814,-0.2824667990207672,0.13623703954541214
0.12,30,blade_0,blade_0_RotorFlow_OpenVSP_Blade_0,RotorFlow_OpenVSP_Blade_0_segment_12,blade_0_RotorFlow_OpenVSP_Blade_0:RotorFlow_OpenVSP_Blade_0_segment_12:orig:0,orig,0,3.8327934741973877,3.8327934741973877,3.7133631706237793,3.9530954360961914,3,0.5833333134651184,0.07632508873939514,-0.6656575798988342,-2.4918131828308105,0.6936765313148499,-0.002155733061954379,-0.15459831058979034,0.13623703954541214
0.12,30,blade_0,blade_0_RotorFlow_OpenVSP_Blade_0,RotorFlow_OpenVSP_Blade_0_segment_12,blade_0_RotorFlow_OpenVSP_Blade_0:RotorFlow_OpenVSP_Blade_0_segment_12:orig:0,orig,0,3.8327934741973877,3.8327934741973877,3.7133631706237793,3.9530954360961914,4,0.7500000596046448,0.07632505148649216,-0.4245414733886719,-1.5892235040664673,0.4720017910003662,-0.0006977684097364545,-0.09735707193613052,0.13623703954541214
0.12,30,blade_0,blade_0_RotorFlow_OpenVSP_Blade_0,RotorFlow_OpenVSP_Blade_0_segment_12,blade_0_RotorFlow_OpenVSP_Blade_0:RotorFlow_OpenVSP_Blade_0_segment_12:orig:0,orig,0,3.8327934741973877,3.8327934741973877,3.7133631706237793,3.9530954360961914,5,0.9166666269302368,0.07632505148649216,-0.1774483323097229,-0.6642580032348633,0.21505355834960938,-0.0001131720855482854,-0.058997731655836105,0.13623703954541214
0.12,30,blade_0,blade_0_RotorFlow_OpenVSP_Blade_0,RotorFlow_OpenVSP_Blade_0_segment_13,blade_0_RotorFlow_OpenVSP_Blade_0:RotorFlow_OpenVSP_Blade_0_segment_13:orig:0,orig,0,4.060144901275635,4.060144901275635,3.9408552646636963,4.180281639099121,0,0.08333330601453781,0.07443126291036606,-3.316685676574707,-12.731537818908691,2.5756053924560547,0.2631424069404602,-9.951210021972656,0.22694258563874353
0.12,30,blade_0,blade_0_RotorFlow_OpenVSP_Blade_0,RotorFlow_OpenVSP_Blade_0_segment_13,blade_0_RotorFlow_OpenVSP_Blade_0:RotorFlow_OpenVSP_Blade_0_segment_13:orig:0,orig,0,4.060144901275635,4.060144901275635,3.9408552646636963,4.180281639099121,1,0.24999994039535522,0.07443129271268845,-1.476225733757019,-5.666686534881592,1.3943090438842773,0.0028255986981093884,-0.7535086870193481,0.22694258563874353
0.12,30,blade_0,blade_0_RotorFlow_OpenVSP_Blade_0,RotorFlow_OpenVSP_Blade_0_segment_13,blade_0_RotorFlow_OpenVSP_Blade_0:RotorFlow_OpenVSP_Blade_0_segment_13:orig:0,orig,0,4.060144901275635,4.060144901275635,3.9408552646636963,4.180281639099121,2,0.4166666865348816,0.07443127781152725,-0.9566540718078613,-3.672243118286133,0.9581409096717834,-0.0027452551294118166,-0.27179041504859924,0.22694258563874353
0.12,30,blade_0,blade_0_RotorFlow_OpenVSP_Blade_0,RotorFlow_OpenVSP_Blade_0_segment_13,blade_0_RotorFlow_OpenVSP_Blade_0:RotorFlow_OpenVSP_Blade_0_segment_13:orig:0,orig,0,4.060144901275635,4.060144901275635,3.9408552646636963,4.180281639099121,3,0.5833333730697632,0.07443133741617203,-0.6533687114715576,-2.508040189743042,0.6914131045341492,-0.0017950903857126832,-0.14738430082798004,0.22694258563874353
0.12,30,blade_0,blade_0_RotorFlow_OpenVSP_Blade_0,RotorFlow_OpenVSP_Blade_0_segment_13,blade_0_RotorFlow_OpenVSP_Blade_0:RotorFlow_OpenVSP_Blade_0_segment_13:orig:0,orig,0,4.060144901275635,4.060144901275635,3.9408552646636963,4.180281639099121,4,0.7500000596046448,0.07443125545978546,-0.4168179929256439,-1.6000113487243652,0.4693138301372528,-0.0006279861554503441,-0.09246540814638138,0.22694258563874353
0.12,30,blade_0,blade_0_RotorFlow_OpenVSP_Blade_0,RotorFlow_OpenVSP_Blade_0_segment_13,blade_0_RotorFlow_OpenVSP_Blade_0:RotorFlow_OpenVSP_Blade_0_segment_13:orig:0,orig,0,4.060144901275635,4.060144901275635,3.9408552646636963,4.180281639099121,5,0.9166666269302368,0.07443126291036606,-0.17460322380065918,-0.6702376008033752,0.2135801762342453,-0.00016262994904536754,-0.05662481486797333,0.22694258563874353
0.12,30,blade_0,blade_0_RotorFlow_OpenVSP_Blade_0,RotorFlow_OpenVSP_Blade_0_segment_14,blade_0_RotorFlow_OpenVSP_Blade_0:RotorFlow_OpenVSP_Blade_0_segment_14:orig:0,orig,0,4.2874979972839355,4.2874979972839355,4.1683478355407715,4.407470703125,0,0.0833333432674408,0.07253745943307877,-3.247701644897461,-12.792215347290039,2.6539876461029053,0.2625297009944916,-9.7728910446167,0.31764879757883846
0.12,30,blade_0,blade_0_RotorFlow_OpenVSP_Blade_0,RotorFlow_OpenVSP_Blade_0_segment_14,blade_0_RotorFlow_OpenVSP_Blade_0:RotorFlow_OpenVSP_Blade_0_segment_14:orig:0,orig,0,4.2874979972839355,4.2874979972839355,4.1683478355407715,4.407470703125,1,0.2499999850988388,0.07253741472959518,-1.4459160566329956,-5.695252418518066,1.3980365991592407,0.00411211559548974,-0.7323615550994873,0.31764879757883846
0.12,30,blade_0,blade_0_RotorFlow_OpenVSP_Blade_0,RotorFlow_OpenVSP_Blade_0_segment_14,blade_0_RotorFlow_OpenVSP_Blade_0:RotorFlow_OpenVSP_Blade_0_segment_14:orig:0,orig,0,4.2874979972839355,4.2874979972839355,4.1683478355407715,4.407470703125,2,0.41666659712791443,0.07253744453191757,-0.9373055696487427,-3.691908121109009,0.9574569463729858,-0.0020593239460140467,-0.2611140012741089,0.31764879757883846
0.12,30,blade_0,blade_0_RotorFlow_OpenVSP_Blade_0,RotorFlow_OpenVSP_Blade_0_segment_14,blade_0_RotorFlow_OpenVSP_Blade_0:RotorFlow_OpenVSP_Blade_0_segment_14:orig:0,orig,0,4.2874979972839355,4.2874979972839355,4.1683478355407715,4.407470703125,3,0.5833333134651184,0.07253748178482056,-0.6404793858528137,-2.522752523422241,0.6896393299102783,-0.0014973407378420234,-0.14032137393951416,0.31764879757883846
0.12,30,blade_0,blade_0_RotorFlow_OpenVSP_Blade_0,RotorFlow_OpenVSP_Blade_0_segment_14,blade_0_RotorFlow_OpenVSP_Blade_0:RotorFlow_OpenVSP_Blade_0_segment_14:orig:0,orig,0,4.2874979972839355,4.2874979972839355,4.1683478355407715,4.407470703125,4,0.7500000596046448,0.07253747433423996,-0.4092442989349365,-1.6119521856307983,0.46780094504356384,-0.0005683674826286733,-0.08781120926141739,0.31764879757883846
0.12,30,blade_0,blade_0_RotorFlow_OpenVSP_Blade_0,RotorFlow_OpenVSP_Blade_0_segment_14,blade_0_RotorFlow_OpenVSP_Blade_0:RotorFlow_OpenVSP_Blade_0_segment_14:orig:0,orig,0,4.2874979972839355,4.2874979972839355,4.1683478355407715,4.407470703125,5,0.9166666865348816,0.07253742963075638,-0.17299439013004303,-0.6813995242118835,0.21410076320171356,-0.00020122737623751163,-0.05470317602157593,0.31764879757883846
0.12,30,blade_0,blade_0_RotorFlow_OpenVSP_Blade_0,RotorFlow_OpenVSP_Blade_0_segment_15,blade_0_RotorFlow_OpenVSP_Blade_0:RotorFlow_OpenVSP_Blade_0_segment_15:orig:0,orig,0,4.514852046966553,4.514852046966553,4.395843505859375,4.6346588134765625,0,0.08333339542150497,0.07064366340637207,-3.174067497253418,-12.837335586547852,2.720423698425293,0.2604883015155792,-9.56811237335205,0.40835539000279836
0.12,30,blade_0,blade_0_RotorFlow_OpenVSP_Blade_0,RotorFlow_OpenVSP_Blade_0_segment_15,blade_0_RotorFlow_OpenVSP_Blade_0:RotorFlow_OpenVSP_Blade_0_segment_15:orig:0,orig,0,4.514852046966553,4.514852046966553,4.395843505859375,4.6346588134765625,1,0.25000011920928955,0.0706436038017273,-1.413549780845642,-5.717026710510254,1.3995184898376465,0.005131916143000126,-0.7100799083709717,0.40835539000279836
0.12,30,blade_0,blade_0_RotorFlow_OpenVSP_Blade_0,RotorFlow_OpenVSP_Blade_0_segment_15,blade_0_RotorFlow_OpenVSP_Blade_0:RotorFlow_OpenVSP_Blade_0_segment_15:orig:0,orig,0,4.514852046966553,4.514852046966553,4.395843505859375,4.6346588134765625,2,0.416666716337204,0.07064354419708252,-0.9167251586914062,-3.7076492309570312,0.9554333686828613,-0.0014896281063556671,-0.25042614340782166,0.40835539000279836
0.12,30,blade_0,blade_0_RotorFlow_OpenVSP_Blade_0,RotorFlow_OpenVSP_Blade_0_segment_15,blade_0_RotorFlow_OpenVSP_Blade_0:RotorFlow_OpenVSP_Blade_0_segment_15:orig:0,orig,0,4.514852046966553,4.514852046966553,4.395843505859375,4.6346588134765625,3,0.5833333134651184,0.0706436038017273,-0.6269012093544006,-2.535468578338623,0.686842679977417,-0.001244903076440096,-0.13354043662548065,0.40835539000279836
0.12,30,blade_0,blade_0_RotorFlow_OpenVSP_Blade_0,RotorFlow_OpenVSP_Blade_0_segment_15,blade_0_RotorFlow_OpenVSP_Blade_0:RotorFlow_OpenVSP_Blade_0_segment_15:orig:0,orig,0,4.514852046966553,4.514852046966553,4.395843505859375,4.6346588134765625,4,0.7499999403953552,0.07064364105463028,-0.4012574851512909,-1.6228636503219604,0.46542319655418396,-0.0005161163280718029,-0.08352745324373245,0.40835539000279836
0.12,30,blade_0,blade_0_RotorFlow_OpenVSP_Blade_0,RotorFlow_OpenVSP_Blade_0_segment_15,blade_0_RotorFlow_OpenVSP_Blade_0:RotorFlow_OpenVSP_Blade_0_segment_15:orig:0,orig,0,4.514852046966553,4.514852046966553,4.395843505859375,4.6346588134765625,5,0.9166666865348816,0.0706435963511467,-0.170660138130188,-0.6902258992195129,0.21349932253360748,-0.00023364934895653278,-0.05284428596496582,0.40835539000279836
0.12,30,blade_0,blade_0_RotorFlow_OpenVSP_Blade_0,RotorFlow_OpenVSP_Blade_0_segment_16,blade_0_RotorFlow_OpenVSP_Blade_0:RotorFlow_OpenVSP_Blade_0_segment_16:orig:0,orig,0,4.74220609664917,4.74220609664917,4.623338222503662,4.8618483543396,0,0.0833333358168602,0.06874974071979523,-3.0940041542053223,-12.858246803283691,2.7723381519317627,0.25681060552597046,-9.326651573181152,0.4990619824267582
0.12,30,blade_0,blade_0_RotorFlow_OpenVSP_Blade_0,RotorFlow_OpenVSP_Blade_0_segment_16,blade_0_RotorFlow_OpenVSP_Blade_0:RotorFlow_OpenVSP_Blade_0_segment_16:orig:0,orig,0,4.74220609664917,4.74220609664917,4.623338222503662,4.8618483543396,1,0.2500000596046448,0.06874977052211761,-1.3781501054763794,-5.727396488189697,1.3973751068115234,0.005909456871449947,-0.6854712963104248,0.4990619824267582
0.12,30,blade_0,blade_0_RotorFlow_OpenVSP_Blade_0,RotorFlow_OpenVSP_Blade_0_segment_16,blade_0_RotorFlow_OpenVSP_Blade_0:RotorFlow_OpenVSP_Blade_0_segment_16:orig:0,orig,0,4.74220609664917,4.74220609664917,4.623338222503662,4.8618483543396,2,0.416666716337204,0.06874966621398926,-0.8942044377326965,-3.7161922454833984,0.9514270424842834,-0.0010215021902695298,-0.2390666902065277,0.4990619824267582
0.12,30,blade_0,blade_0_RotorFlow_OpenVSP_Blade_0,RotorFlow_OpenVSP_Blade_0_segment_16,blade_0_RotorFlow_OpenVSP_Blade_0:RotorFlow_OpenVSP_Blade_0_segment_16:orig:0,orig,0,4.74220609664917,4.74220609664917,4.623338222503662,4.8618483543396,3,0.5833333730697632,0.06874974071979523,-0.6122146248817444,-2.544278144836426,0.6832423806190491,-0.0010331734083592892,-0.12646721303462982,0.4990619824267582
0.12,30,blade_0,blade_0_RotorFlow_OpenVSP_Blade_0,RotorFlow_OpenVSP_Blade_0_segment_16,blade_0_RotorFlow_OpenVSP_Blade_0:RotorFlow_OpenVSP_Blade_0_segment_16:orig:0,orig,0,4.74220609664917,4.74220609664917,4.623338222503662,4.8618483543396,4,0.75,0.06874974817037582,-0.39304429292678833,-1.6334367990493774,0.4632519781589508,-0.0004691806389018893,-0.0791110023856163,0.4990619824267582
0.12,30,blade_0,blade_0_RotorFlow_OpenVSP_Blade_0,RotorFlow_OpenVSP_Blade_0_segment_16,blade_0_RotorFlow_OpenVSP_Blade_0:RotorFlow_OpenVSP_Blade_0_segment_16:orig:0,orig,0,4.74220609664917,4.74220609664917,4.623338222503662,4.8618483543396,5,0.9166667461395264,0.06874973326921463,-0.16928985714912415,-0.7035449743270874,0.21437297761440277,-0.00025790443760342896,-0.051127828657627106,0.4990619824267582
0.12,30,blade_0,blade_0_RotorFlow_OpenVSP_Blade_0,RotorFlow_OpenVSP_Blade_0_segment_17,blade_0_RotorFlow_OpenVSP_Blade_0:RotorFlow_OpenVSP_Blade_0_segment_17:orig:0,orig,0,4.969560623168945,4.969560623168945,4.850833415985107,5.08903694152832,0,0.08333331346511841,0.06685583293437958,-3.003627061843872,-12.836264610290527,2.804898262023926,0.25096285343170166,-9.025838851928711,0.5897687650926505
0.12,30,blade_0,blade_0_RotorFlow_OpenVSP_Blade_0,RotorFlow_OpenVSP_Blade_0_segment_17,blade_0_RotorFlow_OpenVSP_Blade_0:RotorFlow_OpenVSP_Blade_0_segment_17:orig:0,orig,0,4.969560623168945,4.969560623168945,4.850833415985107,5.08903694152832,1,0.2499999850988388,0.06685586273670197,-1.33755362033844,-5.716150283813477,1.3884800672531128,0.006447708234190941,-0.6564018726348877,0.5897687650926505
0.12,30,blade_0,blade_0_RotorFlow_OpenVSP_Blade_0,RotorFlow_OpenVSP_Blade_0_segment_17,blade_0_RotorFlow_OpenVSP_Blade_0:RotorFlow_OpenVSP_Blade_0_segment_17:orig:0,orig,0,4.969560623168945,4.969560623168945,4.850833415985107,5.08903694152832,2,0.41666659712791443,0.06685583293437958,-0.8679817914962769,-3.7093966007232666,0.9434460401535034,-0.0006468862993642688,-0.22597496211528778,0.5897687650926505
0.12,30,blade_0,blade_0_RotorFlow_OpenVSP_Blade_0,RotorFlow_OpenVSP_Blade_0_segment_17,blade_0_RotorFlow_OpenVSP_Blade_0:RotorFlow_OpenVSP_Blade_0_segment_17:orig:0,orig,0,4.969560623168945,4.969560623168945,4.850833415985107,5.08903694152832,3,0.5833333134651184,0.06685584783554077,-0.5948797464370728,-2.5422704219818115,0.6773663759231567,-0.0008564172312617302,-0.11831557750701904,0.5897687650926505
0.12,30,blade_0,blade_0_RotorFlow_OpenVSP_Blade_0,RotorFlow_OpenVSP_Blade_0_segment_17,blade_0_RotorFlow_OpenVSP_Blade_0:RotorFlow_OpenVSP_Blade_0_segment_17:orig:0,orig,0,4.969560623168945,4.969560623168945,4.850833415985107,5.08903694152832,4,0.75,0.06685587763786316,-0.3832598924636841,-1.637893795967102,0.4601684808731079,-0.00042413201299495995,-0.0739157423377037,0.5897687650926505
0.12,30,blade_0,blade_0_RotorFlow_OpenVSP_Blade_0,RotorFlow_OpenVSP_Blade_0_segment_17,blade_0_RotorFlow_OpenVSP_Blade_0:RotorFlow_OpenVSP_Blade_0_segment_17:orig:0,orig,0,4.969560623168945,4.969560623168945,4.850833415985107,5.08903694152832,5,0.9166666865348816,0.06685582548379898,-0.16776613891124725,-0.7169634103775024,0.21579986810684204,-0.0002688214008230716,-0.04880110174417496,0.5897687650926505
0.12,30,blade_0,blade_0_RotorFlow_OpenVSP_Blade_0,RotorFlow_OpenVSP_Blade_0_segment_18,blade_0_RotorFlow_OpenVSP_Blade_0:RotorFlow_OpenVSP_Blade_0_segment_18:orig:0,orig,0,5.196916580200195,5.196916580200195,5.0783305168151855,5.316225528717041,0,0.08333326876163483,0.06496191769838333,-2.8964829444885254,-12.739256858825684,2.8005146980285645,0.24201132357120514,-8.629926681518555,0.6804761184843402
0.12,30,blade_0,blade_0_RotorFlow_OpenVSP_Blade_0,RotorFlow_OpenVSP_Blade_0_segment_18,blade_0_RotorFlow_OpenVSP_Blade_0:RotorFlow_OpenVSP_Blade_0_segment_18:orig:0,orig,0,5.196916580200195,5.196916580200195,5.0783305168151855,5.316225528717041,1,0.24999994039535522,0.06496191769838333,-1.2884924411773682,-5.667023181915283,1.3638807535171509,0.0067456853576004505,-0.6200929284095764,0.6804761184843402
0.12,30,blade_0,blade_0_RotorFlow_OpenVSP_Blade_0,RotorFlow_OpenVSP_Blade_0_segment_18,blade_0_RotorFlow_OpenVSP_Blade_0:RotorFlow_OpenVSP_Blade_0_segment_18:orig:0,orig,0,5.196916580200195,5.196916580200195,5.0783305168151855,5.316225528717041,2,0.41666659712791443,0.06496195495128632,-0.8358184695243835,-3.676079034805298,0.9248074889183044,-0.0003482959291432053,-0.21005646884441376,0.6804761184843402
0.12,30,blade_0,blade_0_RotorFlow_OpenVSP_Blade_0,RotorFlow_OpenVSP_Blade_0_segment_18,blade_0_RotorFlow_OpenVSP_Blade_0:RotorFlow_OpenVSP_Blade_0_segment_18:orig:0,orig,0,5.196916580200195,5.196916580200195,5.0783305168151855,5.316225528717041,3,0.5833332538604736,0.06496196985244751,-0.573461651802063,-2.522186279296875,0.6640951037406921,-0.0007040095515549183,-0.10847390443086624,0.6804761184843402
0.12,30,blade_0,blade_0_RotorFlow_OpenVSP_Blade_0,RotorFlow_OpenVSP_Blade_0_segment_18,blade_0_RotorFlow_OpenVSP_Blade_0:RotorFlow_OpenVSP_Blade_0_segment_18:orig:0,orig,0,5.196916580200195,5.196916580200195,5.0783305168151855,5.316225528717041,4,0.7500000596046448,0.06496196985244751,-0.37124869227409363,-1.6328177452087402,0.45275813341140747,-0.0003779095713980496,-0.06758120656013489,0.6804761184843402
0.12,30,blade_0,blade_0_RotorFlow_OpenVSP_Blade_0,RotorFlow_OpenVSP_Blade_0_segment_18,blade_0_RotorFlow_OpenVSP_Blade_0:RotorFlow_OpenVSP_Blade_0_segment_18:orig:0,orig,0,5.196916580200195,5.196916580200195,5.0783305168151855,5.316225528717041,5,0.9166666865348816,0.06496192514896393,-0.16616947948932648,-0.7308433651924133,0.21639759838581085,-0.00026940982206724584,-0.04588223621249199,0.6804761184843402
0.12,30,blade_0,blade_0_RotorFlow_OpenVSP_Blade_0,RotorFlow_OpenVSP_Blade_0_segment_19,blade_0_RotorFlow_OpenVSP_Blade_0:RotorFlow_OpenVSP_Blade_0_segment_19:orig:0,orig,0,5.4242730140686035,5.4242730140686035,5.3058271408081055,5.54341459274292,0,0.08333331346511841,0.06306803971529007,-2.757688522338867,-12.49303150177002,2.7240209579467773,0.22779102623462677,-8.060571670532227,0.7711836621179623
0.12,30,blade_0,blade_0_RotorFlow_OpenVSP_Blade_0,RotorFlow_OpenVSP_Blade_0_segment_19,blade_0_RotorFlow_OpenVSP_Blade_0:RotorFlow_OpenVSP_Blade_0_segment_19:orig:0,orig,0,5.4242730140686035,5.4242730140686035,5.3058271408081055,5.54341459274292,1,0.24999994039535522,0.06306801736354828,-1.2232147455215454,-5.541476726531982,1.3045105934143066,0.006763756740838289,-0.5709212422370911,0.7711836621179623
0.12,30,blade_0,blade_0_RotorFlow_OpenVSP_Blade_0,RotorFlow_OpenVSP_Blade_0_segment_19,blade_0_RotorFlow_OpenVSP_Blade_0:RotorFlow_OpenVSP_Blade_0_segment_19:orig:0,orig,0,5.4242730140686035,5.4242730140686035,5.3058271408081055,5.54341459274292,2,0.41666656732559204,0.06306805461645126,-0.7921663522720337,-3.588714599609375,0.8813957571983337,-0.00011119534610770643,-0.18932324647903442,0.7711836621179623
0.12,30,blade_0,blade_0_RotorFlow_OpenVSP_Blade_0,RotorFlow_OpenVSP_Blade_0_segment_19,blade_0_RotorFlow_OpenVSP_Blade_0:RotorFlow_OpenVSP_Blade_0_segment_19:orig:0,orig,0,5.4242730140686035,5.4242730140686035,5.3058271408081055,5.54341459274292,3,0.5833332538604736,0.06306804716587067,-0.5438385605812073,-2.463726758956909,0.6326756477355957,-0.0005642587784677744,-0.09575612843036652,0.7711836621179623
0.12,30,blade_0,blade_0_RotorFlow_OpenVSP_Blade_0,RotorFlow_OpenVSP_Blade_0_segment_19,blade_0_RotorFlow_OpenVSP_Blade_0:RotorFlow_OpenVSP_Blade_0_segment_19:orig:0,orig,0,5.4242730140686035,5.4242730140686035,5.3058271408081055,5.54341459274292,4,0.7499998211860657,0.06306801736354828,-0.3538322448730469,-1.6029508113861084,0.43306446075439453,-0.0003247343411203474,-0.059106193482875824,0.7711836621179623
0.12,30,blade_0,blade_0_RotorFlow_OpenVSP_Blade_0,RotorFlow_OpenVSP_Blade_0_segment_19,blade_0_RotorFlow_OpenVSP_Blade_0:RotorFlow_OpenVSP_Blade_0_segment_19:orig:0,orig,0,5.4242730140686035,5.4242730140686035,5.3058271408081055,5.54341459274292,5,0.9166664481163025,0.06306805461645126,-0.1618429571390152,-0.7331896424293518,0.2111266851425171,-0.0002532032085582614,-0.041313767433166504,0.7711836621179623
0.12,30,blade_0,blade_0_RotorFlow_OpenVSP_Blade_0,RotorFlow_OpenVSP_Blade_0_segment_20,blade_0_RotorFlow_OpenVSP_Blade_0:RotorFlow_OpenVSP_Blade_0_segment_20:orig:0,orig,0,5.651628494262695,5.651628494262695,5.533323764801025,5.770605564117432,0,0.08333331346511841,0.061174146831035614,-2.5432920455932617,-11.878463745117188,2.501739263534546,0.20210985839366913,-7.103665351867676,0.8618908252677194
0.12,30,blade_0,blade_0_RotorFlow_OpenVSP_Blade_0,RotorFlow_OpenVSP_Blade_0_segment_20,blade_0_RotorFlow_OpenVSP_Blade_0:RotorFlow_OpenVSP_Blade_0_segment_20:orig:0,orig,0,5.651628494262695,5.651628494262695,5.533323764801025,5.770605564117432,1,0.25000008940696716,0.06117413192987442,-1.1187353134155273,-5.225062370300293,1.1706711053848267,0.006279854569584131,-0.4932030737400055,0.8618908252677194
0.12,30,blade_0,blade_0_RotorFlow_OpenVSP_Blade_0,RotorFlow_OpenVSP_Blade_0_segment_20,blade_0_RotorFlow_OpenVSP_Blade_0:RotorFlow_OpenVSP_Blade_0_segment_20:orig:0,orig,0,5.651628494262695,5.651628494262695,5.533323764801025,5.770605564117432,2,0.416666716337204,0.06117413565516472,-0.722007691860199,-3.3721425533294678,0.7851500511169434,4.872640420217067e-05,-0.15823034942150116,0.8618908252677194
0.12,30,blade_0,blade_0_RotorFlow_OpenVSP_Blade_0,RotorFlow_OpenVSP_Blade_0_segment_20,blade_0_RotorFlow_OpenVSP_Blade_0:RotorFlow_OpenVSP_Blade_0_segment_20:orig:0,orig,0,5.651628494262695,5.651628494262695,5.533323764801025,5.770605564117432,3,0.583333432674408,0.06117413938045502,-0.4978984296321869,-2.3254384994506836,0.5645231604576111,-0.00042872302583418787,-0.0777810737490654,0.8618908252677194
0.12,30,blade_0,blade_0_RotorFlow_OpenVSP_Blade_0,RotorFlow_OpenVSP_Blade_0_segment_20,blade_0_RotorFlow_OpenVSP_Blade_0:RotorFlow_OpenVSP_Blade_0_segment_20:orig:0,orig,0,5.651628494262695,5.651628494262695,5.533323764801025,5.770605564117432,4,0.7500000596046448,0.06117410957813263,-0.3286202847957611,-1.534824252128601,0.39055395126342773,-0.00026138609973713756,-0.04815490171313286,0.8618908252677194
0.12,30,blade_0,blade_0_RotorFlow_OpenVSP_Blade_0,RotorFlow_OpenVSP_Blade_0_segment_20,blade_0_RotorFlow_OpenVSP_Blade_0:RotorFlow_OpenVSP_Blade_0_segment_20:orig:0,orig,0,5.651628494262695,5.651628494262695,5.533323764801025,5.770605564117432,5,0.9166666865348816,0.06117413192987442,-0.15402333438396454,-0.719367265701294,0.19369517266750336,-0.00023719723685644567,-0.036233089864254,0.8618908252677194
0.12,30,blade_0,blade_0_RotorFlow_OpenVSP_Blade_0,RotorFlow_OpenVSP_Blade_0_segment_21,blade_0_RotorFlow_OpenVSP_Blade_0:RotorFlow_OpenVSP_Blade_0_segment_21:orig:0,orig,0,5.878984451293945,5.878984451293945,5.7608232498168945,5.997796058654785,0,0.0833333432674408,0.05928025022149086,-2.085118293762207,-10.049689292907715,1.9519906044006348,0.1453201025724411,-5.089724540710449,0.9525981786594091
0.12,30,blade_0,blade_0_RotorFlow_OpenVSP_Blade_0,RotorFlow_OpenVSP_Blade_0_segment_21,blade_0_RotorFlow_OpenVSP_Blade_0:RotorFlow_OpenVSP_Blade_0_segment_21:orig:0,orig,0,5.878984451293945,5.878984451293945,5.7608232498168945,5.997796058654785,1,0.25000008940696716,0.059280164539813995,-0.8780962228775024,-4.232185363769531,0.8496991395950317,0.004431620705872774,-0.33378222584724426,0.9525981786594091
0.12,30,blade_0,blade_0_RotorFlow_OpenVSP_Blade_0,RotorFlow_OpenVSP_Blade_0_segment_21,blade_0_RotorFlow_OpenVSP_Blade_0:RotorFlow_OpenVSP_Blade_0_segment_21:orig:0,orig,0,5.878984451293945,5.878984451293945,5.7608232498168945,5.997796058654785,2,0.416666716337204,0.05928024649620056,-0.5590007901191711,-2.694228172302246,0.5499407649040222,1.5515803170274012e-05,-0.09627220779657364,0.9525981786594091
0.12,30,blade_0,blade_0_RotorFlow_OpenVSP_Blade_0,RotorFlow_OpenVSP_Blade_0_segment_21,blade_0_RotorFlow_OpenVSP_Blade_0:RotorFlow_OpenVSP_Blade_0_segment_21:orig:0,orig,0,5.878984451293945,5.878984451293945,5.7608232498168945,5.997796058654785,3,0.583333432674408,0.05928019806742668,-0.40416380763053894,-1.9479585886001587,0.40430688858032227,-0.0003050733939744532,-0.042285725474357605,0.9525981786594091
0.12,30,blade_0,blade_0_RotorFlow_OpenVSP_Blade_0,RotorFlow_OpenVSP_Blade_0_segment_21,blade_0_RotorFlow_OpenVSP_Blade_0:RotorFlow_OpenVSP_Blade_0_segment_21:orig:0,orig,0,5.878984451293945,5.878984451293945,5.7608232498168945,5.997796058654785,4,0.7500000596046448,0.05928022414445877,-0.3121475279331207,-1.5044647455215454,0.31697434186935425,-0.0001667956676101312,-0.027824055403470993,0.9525981786594091
0.12,30,blade_0,blade_0_RotorFlow_OpenVSP_Blade_0,RotorFlow_OpenVSP_Blade_0_segment_21,blade_0_RotorFlow_OpenVSP_Blade_0:RotorFlow_OpenVSP_Blade_0_segment_21:orig:0,orig,0,5.878984451293945,5.878984451293945,5.7608232498168945,5.997796058654785,5,0.9166666865348816,0.059280190616846085,-0.21476024389266968,-1.0350855588912964,0.2195984274148941,-0.00030438072280958295,-0.04209652543067932,0.9525981786594091
0.24,60,blade_0,blade_0_RotorFlow_OpenVSP_Blade_0,RotorFlow_OpenVSP_Blade_0_segment_0,blade_0_RotorFlow_OpenVSP_Blade_0:RotorFlow_OpenVSP_Blade_0_segment_0:orig:0,orig,0,1.1065500974655151,1.1065500974655151,0.9848403930664062,1.2279490232467651,0,0.08333330601453781,0.09896691888570786,-2.397632360458374,-6.921886444091797,1.3504562377929688,-0.8999423384666443,-4.990443229675293,-0.9514419432601622
0.24,60,blade_0,blade_0_RotorFlow_OpenVSP_Blade_0,RotorFlow_OpenVSP_Blade_0_segment_0,blade_0_RotorFlow_OpenVSP_Blade_0:RotorFlow_OpenVSP_Blade_0_segment_0:orig:0,orig,0,1.1065500974655151,1.1065500974655151,0.9848403930664062,1.2279490232467651,1,0.24999995529651642,0.09896691888570786,-0.9904438853263855,-2.859379291534424,1.1372886896133423,-0.2318907082080841,-0.7214992046356201,-0.9514419432601622
0.24,60,blade_0,blade_0_RotorFlow_OpenVSP_Blade_0,RotorFlow_OpenVSP_Blade_0_segment_0,blade_0_RotorFlow_OpenVSP_Blade_0:RotorFlow_OpenVSP_Blade_0_segment_0:orig:0,orig,0,1.1065500974655151,1.1065500974655151,0.9848403930664062,1.2279490232467651,2,0.41666656732559204,0.09896697849035263,-0.6402388215065002,-1.848347544670105,0.7882922887802124,-0.11425264179706573,-0.387596994638443,-0.9514419432601622
0.24,60,blade_0,blade_0_RotorFlow_OpenVSP_Blade_0,RotorFlow_OpenVSP_Blade_0_segment_0,blade_0_RotorFlow_OpenVSP_Blade_0:RotorFlow_OpenVSP_Blade_0_segment_0:orig:0,orig,0,1.1065500974655151,1.1065500974655151,0.9848403930664062,1.2279490232467651,3,0.5833332538604736,0.09896700829267502,-0.4848845601081848,-1.399844765663147,0.615078330039978,-0.06134645268321037,-0.27630072832107544,-0.9514419432601622
0.24,60,blade_0,blade_0_RotorFlow_OpenVSP_Blade_0,RotorFlow_OpenVSP_Blade_0_segment_0,blade_0_RotorFlow_OpenVSP_Blade_0:RotorFlow_OpenVSP_Blade_0_segment_0:orig:0,orig,0,1.1065500974655151,1.1065500974655151,0.9848403930664062,1.2279490232467651,4,0.75,0.09896699339151382,-0.417983740568161,-1.2067046165466309,0.5390276312828064,-0.030873427167534828,-0.22951631247997284,-0.9514419432601622
0.24,60,blade_0,blade_0_RotorFlow_OpenVSP_Blade_0,RotorFlow_OpenVSP_Blade_0_segment_0,blade_0_RotorFlow_OpenVSP_Blade_0:RotorFlow_OpenVSP_Blade_0_segment_0:orig:0,orig,0,1.1065500974655151,1.1065500974655151,0.9848403930664062,1.2279490232467651,5,0.9166666865348816,0.09896694123744965,-0.3980567753314972,-1.1491767168045044,0.5089199542999268,-0.009349898435175419,-0.22009167075157166,-0.9514419432601622
0.24,60,blade_0,blade_0_RotorFlow_OpenVSP_Blade_0,RotorFlow_OpenVSP_Blade_0_segment_1,blade_0_RotorFlow_OpenVSP_Blade_0:RotorFlow_OpenVSP_Blade_0_segment_1:orig:0,orig,0,1.3330210447311401,1.3330210447311401,1.2117726802825928,1.4546515941619873,0,0.0833333358168602,0.09711329638957977,-3.118868827819824,-9.175935745239258,1.900024652481079,-1.0836669206619263,-7.643543243408203,-0.8610876928612963
0.24,60,blade_0,blade_0_RotorFlow_OpenVSP_Blade_0,RotorFlow_OpenVSP_Blade_0_segment_1,blade_0_RotorFlow_OpenVSP_Blade_0:RotorFlow_OpenVSP_Blade_0_segment_1:orig:0,orig,0,1.3330210447311401,1.3330210447311401,1.2117726802825928,1.4546515941619873,1,0.25000008940696716,0.09711330384016037,-1.3821805715560913,-4.066473960876465,1.66981840133667,-0.26193180680274963,-0.9940375089645386,-0.8610876928612963
0.24,60,blade_0,blade_0_RotorFlow_OpenVSP_Blade_0,RotorFlow_OpenVSP_Blade_0_segment_1,blade_0_RotorFlow_OpenVSP_Blade_0:RotorFlow_OpenVSP_Blade_0_segment_1:orig:0,orig,0,1.3330210447311401,1.3330210447311401,1.2117726802825928,1.4546515941619873,2,0.4166666865348816,0.09711325168609619,-0.9187359809875488,-2.702988386154175,1.1961580514907837,-0.13258343935012817,-0.5182792544364929,-0.8610876928612963
0.24,60,blade_0,blade_0_RotorFlow_OpenVSP_Blade_0,RotorFlow_OpenVSP_Blade_0_segment_1,blade_0_RotorFlow_OpenVSP_Blade_0:RotorFlow_OpenVSP_Blade_0_segment_1:orig:0,orig,0,1.3330210447311401,1.3330210447311401,1.2117726802825928,1.4546515941619873,3,0.5833333134651184,0.09711330384016037,-0.6779056191444397,-1.994446873664856,0.9198257327079773,-0.07151021808385849,-0.3552333116531372,-0.8610876928612963
0.24,60,blade_0,blade_0_RotorFlow_OpenVSP_Blade_0,RotorFlow_OpenVSP_Blade_0_segment_1,blade_0_RotorFlow_OpenVSP_Blade_0:RotorFlow_OpenVSP_Blade_0_segment_1:orig:0,orig,0,1.3330210447311401,1.3330210447311401,1.2117726802825928,1.4546515941619873,4,0.75,0.09711330384016037,-0.51700359582901,-1.5210615396499634,0.7219481468200684,-0.03477511182427406,-0.2674695551395416,-0.8610876928612963
0.24,60,blade_0,blade_0_RotorFlow_OpenVSP_Blade_0,RotorFlow_OpenVSP_Blade_0_segment_1,blade_0_RotorFlow_OpenVSP_Blade_0:RotorFlow_OpenVSP_Blade_0_segment_1:orig:0,orig,0,1.3330210447311401,1.3330210447311401,1.2117726802825928,1.4546515941619873,5,0.9166666269302368,0.09711330384016037,-0.36584919691085815,-1.0763545036315918,0.5154070854187012,-0.011445035226643085,-0.19956830143928528,-0.8610876928612963
0.24,60,blade_0,blade_0_RotorFlow_OpenVSP_Blade_0,RotorFlow_OpenVSP_Blade_0_segment_2,blade_0_RotorFlow_OpenVSP_Blade_0:RotorFlow_OpenVSP_Blade_0_segment_2:orig:0,orig,0,1.559913992881775,1.559913992881775,1.4389480352401733,1.6815824508666992,0,0.0833333283662796,0.0952390655875206,-3.476593255996704,-10.429673194885254,2.5444388389587402,-1.1482656002044678,-9.314825057983398,-0.7705650783782373
0.24,60,blade_0,blade_0_RotorFlow_OpenVSP_Blade_0,RotorFlow_OpenVSP_Blade_0_segment_2,blade_0_RotorFlow_OpenVSP_Blade_0:RotorFlow_OpenVSP_Blade_0_segment_2:orig:0,orig,0,1.559913992881775,1.559913992881775,1.4389480352401733,1.6815824508666992,1,0.2499999701976776,0.09523902088403702,-1.562593698501587,-4.687735557556152,2.0185129642486572,-0.25151705741882324,-1.1057101488113403,-0.7705650783782373
0.24,60,blade_0,blade_0_RotorFlow_OpenVSP_Blade_0,RotorFlow_OpenVSP_Blade_0_segment_2,blade_0_RotorFlow_OpenVSP_Blade_0:RotorFlow_OpenVSP_Blade_0_segment_2:orig:0,orig,0,1.559913992881775,1.559913992881775,1.4389480352401733,1.6815824508666992,2,0.41666656732559204,0.0952390804886818,-1.0396298170089722,-3.1188573837280273,1.4336193799972534,-0.1261744350194931,-0.5519852638244629,-0.7705650783782373
0.24,60,blade_0,blade_0_RotorFlow_OpenVSP_Blade_0,RotorFlow_OpenVSP_Blade_0_segment_2,blade_0_RotorFlow_OpenVSP_Blade_0:RotorFlow_OpenVSP_Blade_0_segment_2:orig:0,orig,0,1.559913992881775,1.559913992881775,1.4389480352401733,1.6815824508666992,3,0.5833333134651184,0.09523911774158478,-0.7515109777450562,-2.2545087337493896,1.0743296146392822,-0.06768223643302917,-0.3642861545085907,-0.7705650783782373
0.24,60,blade_0,blade_0_RotorFlow_OpenVSP_Blade_0,RotorFlow_OpenVSP_Blade_0_segment_2,blade_0_RotorFlow_OpenVSP_Blade_0:RotorFlow_OpenVSP_Blade_0_segment_2:orig:0,orig,0,1.559913992881775,1.559913992881775,1.4389480352401733,1.6815824508666992,4,0.75,0.09523909538984299,-0.5437132120132446,-1.6311224699020386,0.7965496778488159,-0.032815881073474884,-0.2587033212184906,-0.7705650783782373
0.24,60,blade_0,blade_0_RotorFlow_OpenVSP_Blade_0,RotorFlow_OpenVSP_Blade_0_segment_2,blade_0_RotorFlow_OpenVSP_Blade_0:RotorFlow_OpenVSP_Blade_0_segment_2:orig:0,orig,0,1.559913992881775,1.559913992881775,1.4389480352401733,1.6815824508666992,5,0.9166666865348816,0.0952390655875206,-0.3476485013961792,-1.0429348945617676,0.5150392651557922,-0.011623308062553406,-0.1747579574584961,-0.7705650783782373
0.24,60,blade_0,blade_0_RotorFlow_OpenVSP_Blade_0,RotorFlow_OpenVSP_Blade_0_segment_3,blade_0_RotorFlow_OpenVSP_Blade_0:RotorFlow_OpenVSP_Blade_0_segment_3:orig:0,orig,0,1.7870107889175415,1.7870107889175415,1.6662507057189941,1.9086261987686157,0,0.08333338797092438,0.09335556626319885,-3.65921688079834,-11.199016571044922,3.2086446285247803,-1.163317084312439,-10.341201782226562,-0.6799611354816273
0.24,60,blade_0,blade_0_RotorFlow_OpenVSP_Blade_0,RotorFlow_OpenVSP_Blade_0_segment_3,blade_0_RotorFlow_OpenVSP_Blade_0:RotorFlow_OpenVSP_Blade_0_segment_3:orig:0,orig,0,1.7870107889175415,1.7870107889175415,1.6662507057189941,1.9086261987686157,1,0.2499999701976776,0.0933554396033287,-1.6470316648483276,-5.0407395362854,2.2796523571014404,-0.2324928343296051,-1.1465646028518677,-0.6799611354816273
0.24,60,blade_0,blade_0_RotorFlow_OpenVSP_Blade_0,RotorFlow_OpenVSP_Blade_0_segment_3,blade_0_RotorFlow_OpenVSP_Blade_0:RotorFlow_OpenVSP_Blade_0_segment_3:orig:0,orig,0,1.7870107889175415,1.7870107889175415,1.6662507057189941,1.9086261987686157,2,0.4166666269302368,0.09335548430681229,-1.0889452695846558,-3.3327150344848633,1.5951557159423828,-0.11470256745815277,-0.5488982200622559,-0.6799611354816273
0.24,60,blade_0,blade_0_RotorFlow_OpenVSP_Blade_0,RotorFlow_OpenVSP_Blade_0_segment_3,blade_0_RotorFlow_OpenVSP_Blade_0:RotorFlow_OpenVSP_Blade_0_segment_3:orig:0,orig,0,1.7870107889175415,1.7870107889175415,1.6662507057189941,1.9086261987686157,3,0.5833333134651184,0.09335556626319885,-0.7720900177955627,-2.362977981567383,1.1704163551330566,-0.0610538087785244,-0.349230021238327,-0.6799611354816273
0.24,60,blade_0,blade_0_RotorFlow_OpenVSP_Blade_0,RotorFlow_OpenVSP_Blade_0_segment_3,blade_0_RotorFlow_OpenVSP_Blade_0:RotorFlow_OpenVSP_Blade_0_segment_3:orig:0,orig,0,1.7870107889175415,1.7870107889175415,1.6662507057189941,1.9086261987686157,4,0.75,0.09335552155971527,-0.5358635783195496,-1.640008807182312,0.8359774351119995,-0.0293717198073864,-0.23534885048866272,-0.6799611354816273
0.24,60,blade_0,blade_0_RotorFlow_OpenVSP_Blade_0,RotorFlow_OpenVSP_Blade_0_segment_3,blade_0_RotorFlow_OpenVSP_Blade_0:RotorFlow_OpenVSP_Blade_0_segment_3:orig:0,orig,0,1.7870107889175415,1.7870107889175415,1.6662507057189941,1.9086261987686157,5,0.9166667461395264,0.09335549175739288,-0.316407173871994,-0.9683634638786316,0.5058508515357971,-0.010407383553683758,-0.14555497467517853,-0.6799611354816273
0.24,60,blade_0,blade_0_RotorFlow_OpenVSP_Blade_0,RotorFlow_OpenVSP_Blade_0_segment_4,blade_0_RotorFlow_OpenVSP_Blade_0:RotorFlow_OpenVSP_Blade_0_segment_4:orig:0,orig,0,2.0142133235931396,2.0142133235931396,1.893626093864441,2.135728359222412,0,0.08333335071802139,0.09146738052368164,-3.7519285678863525,-11.719801902770996,3.8459489345550537,-1.1571675539016724,-10.975245475769043,-0.5893150064430176
0.24,60,blade_0,blade_0_RotorFlow_OpenVSP_Blade_0,RotorFlow_OpenVSP_Blade_0_segment_4,blade_0_RotorFlow_OpenVSP_Blade_0:RotorFlow_OpenVSP_Blade_0_segment_4:orig:0,orig,0,2.0142133235931396,2.0142133235931396,1.893626093864441,2.135728359222412,1,0.2500001788139343,0.09146751463413239,-1.6887332201004028,-5.2750444412231445,2.4973130226135254,-0.21359582245349884,-1.1553537845611572,-0.5893150064430176
0.24,60,blade_0,blade_0_RotorFlow_OpenVSP_Blade_0,RotorFlow_OpenVSP_Blade_0_segment_4,blade_0_RotorFlow_OpenVSP_Blade_0:RotorFlow_OpenVSP_Blade_0_segment_4:orig:0,orig,0,2.0142133235931396,2.0142133235931396,1.893626093864441,2.135728359222412,2,0.4166669249534607,0.09146725386381149,-1.1133949756622314,-3.4778878688812256,1.7281768321990967,-0.10390698164701462,-0.5352369546890259,-0.5893150064430176
0.24,60,blade_0,blade_0_RotorFlow_OpenVSP_Blade_0,RotorFlow_OpenVSP_Blade_0_segment_4,blade_0_RotorFlow_OpenVSP_Blade_0:RotorFlow_OpenVSP_Blade_0_segment_4:orig:0,orig,0,2.0142133235931396,2.0142133235931396,1.893626093864441,2.135728359222412,3,0.583333432674408,0.09146735072135925,-0.7844142317771912,-2.4502553939819336,1.2545746564865112,-0.05539922043681145,-0.3332984745502472,-0.5893150064430176
0.24,60,blade_0,blade_0_RotorFlow_OpenVSP_Blade_0,RotorFlow_OpenVSP_Blade_0_segment_4,blade_0_RotorFlow_OpenVSP_Blade_0:RotorFlow_OpenVSP_Blade_0_segment_4:orig:0,orig,0,2.0142133235931396,2.0142133235931396,1.893626093864441,2.135728359222412,4,0.7500001192092896,0.09146732091903687,-0.5382248759269714,-1.681240200996399,0.8828252553939819,-0.027181265875697136,-0.22096049785614014,-0.5893150064430176
0.24,60,blade_0,blade_0_RotorFlow_OpenVSP_Blade_0,RotorFlow_OpenVSP_Blade_0_segment_4,blade_0_RotorFlow_OpenVSP_Blade_0:RotorFlow_OpenVSP_Blade_0_segment_4:orig:0,orig,0,2.0142133235931396,2.0142133235931396,1.893626093864441,2.135728359222412,5,0.9166667461395264,0.09146738052368164,-0.3087448179721832,-0.9644181728363037,0.5171632766723633,-0.010315538384020329,-0.1336786448955536,-0.5893150064430176
0.24,60,blade_0,blade_0_RotorFlow_OpenVSP_Blade_0,RotorFlow_OpenVSP_Blade_0_segment_5,blade_0_RotorFlow_OpenVSP_Blade_0:RotorFlow_OpenVSP_Blade_0_segment_5:orig:0,orig,0,2.2414753437042236,2.2414753437042236,2.1210432052612305,2.3628640174865723,0,0.08333335071802139,0.0895768404006958,-3.798248529434204,-12.114892959594727,4.442387580871582,-1.1436500549316406,-11.388689041137695,-0.49864514472700333
0.24,60,blade_0,blade_0_RotorFlow_OpenVSP_Blade_0,RotorFlow_OpenVSP_Blade_0_segment_5,blade_0_RotorFlow_OpenVSP_Blade_0:RotorFlow_OpenVSP_Blade_0_segment_5:orig:0,orig,0,2.2414753437042236,2.2414753437042236,2.1210432052612305,2.3628640174865723,1,0.25000008940696716,0.08957690000534058,-1.7104541063308716,-5.455660820007324,2.691840410232544,-0.1969883292913437,-1.1502704620361328,-0.49864514472700333
0.24,60,blade_0,blade_0_RotorFlow_OpenVSP_Blade_0,RotorFlow_OpenVSP_Blade_0_segment_5,blade_0_RotorFlow_OpenVSP_Blade_0:RotorFlow_OpenVSP_Blade_0_segment_5:orig:0,orig,0,2.2414753437042236,2.2414753437042236,2.1210432052612305,2.3628640174865723,2,0.4166668951511383,0.08957690000534058,-1.1273720264434814,-3.5958633422851562,1.8486567735671997,-0.09467386454343796,-0.5187079310417175,-0.49864514472700333
0.24,60,blade_0,blade_0_RotorFlow_OpenVSP_Blade_0,RotorFlow_OpenVSP_Blade_0_segment_5,blade_0_RotorFlow_OpenVSP_Blade_0:RotorFlow_OpenVSP_Blade_0_segment_5:orig:0,orig,0,2.2414753437042236,2.2414753437042236,2.1210432052612305,2.3628640174865723,3,0.5833334922790527,0.08957666158676147,-0.7932544350624084,-2.5301692485809326,1.334867238998413,-0.050666410475969315,-0.3177076280117035,-0.49864514472700333
0.24,60,blade_0,blade_0_RotorFlow_OpenVSP_Blade_0,RotorFlow_OpenVSP_Blade_0_segment_5,blade_0_RotorFlow_OpenVSP_Blade_0:RotorFlow_OpenVSP_Blade_0_segment_5:orig:0,orig,0,2.2414753437042236,2.2414753437042236,2.1210432052612305,2.3628640174865723,4,0.7500000596046448,0.08957687020301819,-0.5431341528892517,-1.7323800325393677,0.9343143701553345,-0.025321662425994873,-0.2081093043088913,-0.49864514472700333
0.24,60,blade_0,blade_0_RotorFlow_OpenVSP_Blade_0,RotorFlow_OpenVSP_Blade_0_segment_5,blade_0_RotorFlow_OpenVSP_Blade_0:RotorFlow_OpenVSP_Blade_0_segment_5:orig:0,orig,0,2.2414753437042236,2.2414753437042236,2.1210432052612305,2.3628640174865723,5,0.9166667461395264,0.08957675099372864,-0.3118551969528198,-0.9946942925453186,0.5464461445808411,-0.010164512321352959,-0.12547284364700317,-0.49864514472700333
0.24,60,blade_0,blade_0_RotorFlow_OpenVSP_Blade_0,RotorFlow_OpenVSP_Blade_0_segment_6,blade_0_RotorFlow_OpenVSP_Blade_0:RotorFlow_OpenVSP_Blade_0_segment_6:orig:0,orig,0,2.468770742416382,2.468770742416382,2.348487615585327,2.5900192260742188,0,0.08333339542150497,0.0876850113272667,-3.8191957473754883,-12.44452953338623,4.999696254730225,-1.1287755966186523,-11.67703628540039,-0.407961966077776
0.24,60,blade_0,blade_0_RotorFlow_OpenVSP_Blade_0,RotorFlow_OpenVSP_Blade_0_segment_6,blade_0_RotorFlow_OpenVSP_Blade_0:RotorFlow_OpenVSP_Blade_0_segment_6:orig:0,orig,0,2.468770742416382,2.468770742416382,2.348487615585327,2.5900192260742188,1,0.2500000596046448,0.08768491446971893,-1.7219160795211792,-5.6107258796691895,2.8736863136291504,-0.18291690945625305,-1.1395624876022339,-0.407961966077776
0.24,60,blade_0,blade_0_RotorFlow_OpenVSP_Blade_0,RotorFlow_OpenVSP_Blade_0_segment_6,blade_0_RotorFlow_OpenVSP_Blade_0:RotorFlow_OpenVSP_Blade_0_segment_6:orig:0,orig,0,2.468770742416382,2.468770742416382,2.348487615585327,2.5900192260742188,2,0.41666683554649353,0.08768504112958908,-1.1364389657974243,-3.7029902935028076,1.9641374349594116,-0.08700041472911835,-0.5025545358657837,-0.407961966077776
0.24,60,blade_0,blade_0_RotorFlow_OpenVSP_Blade_0,RotorFlow_OpenVSP_Blade_0_segment_6,blade_0_RotorFlow_OpenVSP_Blade_0:RotorFlow_OpenVSP_Blade_0_segment_6:orig:0,orig,0,2.468770742416382,2.468770742416382,2.348487615585327,2.5900192260742188,3,0.5833333730697632,0.08768483251333237,-0.800922155380249,-2.609743118286133,1.4156270027160645,-0.046856578439474106,-0.30448657274246216,-0.407961966077776
0.24,60,blade_0,blade_0_RotorFlow_OpenVSP_Blade_0,RotorFlow_OpenVSP_Blade_0_segment_6,blade_0_RotorFlow_OpenVSP_Blade_0:RotorFlow_OpenVSP_Blade_0_segment_6:orig:0,orig,0,2.468770742416382,2.468770742416382,2.348487615585327,2.5900192260742188,4,0.7500001192092896,0.08768503367900848,-0.5492133498191833,-1.7895654439926147,0.9901710152626038,-0.023982146754860878,-0.19901315867900848,-0.407961966077776
0.24,60,blade_0,blade_0_RotorFlow_OpenVSP_Blade_0,RotorFlow_OpenVSP_Blade_0_segment_6,blade_0_RotorFlow_OpenVSP_Blade_0:RotorFlow_OpenVSP_Blade_0_segment_6:orig:0,orig,0,2.468770742416382,2.468770742416382,2.348487615585327,2.5900192260742188,5,0.9166667461395264,0.08768489211797714,-0.31438592076301575,-1.0244016647338867,0.577998697757721,-0.010195852257311344,-0.12048802524805069,-0.407961966077776
0.24,60,blade_0,blade_0_RotorFlow_OpenVSP_Blade_0,RotorFlow_OpenVSP_Blade_0_segment_7,blade_0_RotorFlow_OpenVSP_Blade_0:RotorFlow_OpenVSP_Blade_0_segment_7:orig:0,orig,0,2.696087598800659,2.696087598800659,2.5759479999542236,2.817186117172241,0,0.08333329111337662,0.08579233288764954,-3.823429584503174,-12.733170509338379,5.521730422973633,-1.113971471786499,-11.882308959960938,-0.31727022654291176
0.24,60,blade_0,blade_0_RotorFlow_OpenVSP_Blade_0,RotorFlow_OpenVSP_Blade_0_segment_7,blade_0_RotorFlow_OpenVSP_Blade_0:RotorFlow_OpenVSP_Blade_0_segment_7:orig:0,orig,0,2.696087598800659,2.696087598800659,2.5759479999542236,2.817186117172241,1,0.25,0.08579239249229431,-1.7264634370803833,-5.74963903427124,3.0465986728668213,-0.1709326058626175,-1.1257803440093994,-0.31727022654291176
0.24,60,blade_0,blade_0_RotorFlow_OpenVSP_Blade_0,RotorFlow_OpenVSP_Blade_0_segment_7,blade_0_RotorFlow_OpenVSP_Blade_0:RotorFlow_OpenVSP_Blade_0_segment_7:orig:0,orig,0,2.696087598800659,2.696087598800659,2.5759479999542236,2.817186117172241,2,0.416666716337204,0.08579231053590775,-1.142114520072937,-3.803586006164551,2.0767152309417725,-0.08052856475114822,-0.4869209825992584,-0.31727022654291176
0.24,60,blade_0,blade_0_RotorFlow_OpenVSP_Blade_0,RotorFlow_OpenVSP_Blade_0_segment_7,blade_0_RotorFlow_OpenVSP_Blade_0:RotorFlow_OpenVSP_Blade_0_segment_7:orig:0,orig,0,2.696087598800659,2.696087598800659,2.5759479999542236,2.817186117172241,3,0.5833333730697632,0.08579230308532715,-0.8081516623497009,-2.6913890838623047,1.4984207153320312,-0.04368944093585014,-0.2926616370677948,-0.31727022654291176
0.24,60,blade_0,blade_0_RotorFlow_OpenVSP_Blade_0,RotorFlow_OpenVSP_Blade_0_segment_7,blade_0_RotorFlow_OpenVSP_Blade_0:RotorFlow_OpenVSP_Blade_0_segment_7:orig:0,orig,0,2.696087598800659,2.696087598800659,2.5759479999542236,2.817186117172241,4,0.7500000596046448,0.0857924222946167,-0.5585194230079651,-1.86003577709198,1.0538970232009888,-0.022947557270526886,-0.19195757806301117,-0.31727022654291176
0.24,60,blade_0,blade_0_RotorFlow_OpenVSP_Blade_0,RotorFlow_OpenVSP_Blade_0_segment_7,blade_0_RotorFlow_OpenVSP_Blade_0:RotorFlow_OpenVSP_Blade_0_segment_7:orig:0,orig,0,2.696087598800659,2.696087598800659,2.5759479999542236,2.817186117172241,5,0.9166666865348816,0.08579228073358536,-0.32567620277404785,-1.0846004486083984,0.625278115272522,-0.010418719612061977,-0.11892478913068771,-0.31727022654291176
0.24,60,blade_0,blade_0_RotorFlow_OpenVSP_Blade_0,RotorFlow_OpenVSP_Blade_0_segment_8,blade_0_RotorFlow_OpenVSP_Blade_0:RotorFlow_OpenVSP_Blade_0_segment_8:orig:0,orig,0,2.9234158992767334,2.9234158992767334,2.803420305252075,3.0443613529205322,0,0.08333323150873184,0.08389921486377716,-3.8128154277801514,-12.984338760375977,6.008147716522217,-1.0983664989471436,-12.012866973876953,-0.2265739212023745
0.24,60,blade_0,blade_0_RotorFlow_OpenVSP_Blade_0,RotorFlow_OpenVSP_Blade_0_segment_8,blade_0_RotorFlow_OpenVSP_Blade_0:RotorFlow_OpenVSP_Blade_0_segment_8:orig:0,orig,0,2.9234158992767334,2.9234158992767334,2.803420305252075,3.0443613529205322,1,0.2500000298023224,0.08389938622713089,-1.7234255075454712,-5.869021415710449,3.2075002193450928,-0.16035881638526917,-1.1083816289901733,-0.2265739212023745
0.24,60,blade_0,blade_0_RotorFlow_OpenVSP_Blade_0,RotorFlow_OpenVSP_Blade_0_segment_8,blade_0_RotorFlow_OpenVSP_Blade_0:RotorFlow_OpenVSP_Blade_0_segment_8:orig:0,orig,0,2.9234158992767334,2.9234158992767334,2.803420305252075,3.0443613529205322,2,0.416666716337204,0.08389927446842194,-1.1414953470230103,-3.887298345565796,2.1799356937408447,-0.07475441694259644,-0.4704933166503906,-0.2265739212023745
0.24,60,blade_0,blade_0_RotorFlow_OpenVSP_Blade_0,RotorFlow_OpenVSP_Blade_0_segment_8,blade_0_RotorFlow_OpenVSP_Blade_0:RotorFlow_OpenVSP_Blade_0_segment_8:orig:0,orig,0,2.9234158992767334,2.9234158992767334,2.803420305252075,3.0443613529205322,3,0.5833332538604736,0.08389924466609955,-0.8088328242301941,-2.7544360160827637,1.5712264776229858,-0.04070977121591568,-0.28000903129577637,-0.2265739212023745
0.24,60,blade_0,blade_0_RotorFlow_OpenVSP_Blade_0,RotorFlow_OpenVSP_Blade_0_segment_8,blade_0_RotorFlow_OpenVSP_Blade_0:RotorFlow_OpenVSP_Blade_0_segment_8:orig:0,orig,0,2.9234158992767334,2.9234158992767334,2.803420305252075,3.0443613529205322,4,0.75,0.08389932662248611,-0.5595971345901489,-1.9056755304336548,1.1040681600570679,-0.021727241575717926,-0.18298177421092987,-0.2265739212023745
0.24,60,blade_0,blade_0_RotorFlow_OpenVSP_Blade_0,RotorFlow_OpenVSP_Blade_0_segment_8,blade_0_RotorFlow_OpenVSP_Blade_0:RotorFlow_OpenVSP_Blade_0_segment_8:orig:0,orig,0,2.9234158992767334,2.9234158992767334,2.803420305252075,3.0443613529205322,5,0.9166666865348816,0.08389924466609955,-0.32601335644721985,-1.1102206707000732,0.6533041596412659,-0.010241327807307243,-0.11369001865386963,-0.2265739212023745
0.24,60,blade_0,blade_0_RotorFlow_OpenVSP_Blade_0,RotorFlow_OpenVSP_Blade_0_segment_9,blade_0_RotorFlow_OpenVSP_Blade_0:RotorFlow_OpenVSP_Blade_0_segment_9:orig:0,orig,0,3.1507537364959717,3.1507537364959717,3.030900001525879,3.271540641784668,0,0.08333330601453781,0.08200593292713165,-3.788630247116089,-13.199847221374512,6.4578351974487305,-1.0810927152633667,-12.072641372680664,-0.13587381102377633
0.24,60,blade_0,blade_0_RotorFlow_OpenVSP_Blade_0,RotorFlow_OpenVSP_Blade_0_segment_9,blade_0_RotorFlow_OpenVSP_Blade_0:RotorFlow_OpenVSP_Blade_0_segment_9:orig:0,orig,0,3.1507537364959717,3.1507537364959717,3.030900001525879,3.271540641784668,1,0.25000011920928955,0.08200608193874359,-1.7133386135101318,-5.969378471374512,3.3550217151641846,-0.1507875770330429,-1.0872583389282227,-0.13587381102377633
0.24,60,blade_0,blade_0_RotorFlow_OpenVSP_Blade_0,RotorFlow_OpenVSP_Blade_0_segment_9,blade_0_RotorFlow_OpenVSP_Blade_0:RotorFlow_OpenVSP_Blade_0_segment_9:orig:0,orig,0,3.1507537364959717,3.1507537364959717,3.030900001525879,3.271540641784668,2,0.41666680574417114,0.08200587332248688,-1.1353152990341187,-3.955518960952759,2.2728216648101807,-0.06949636340141296,-0.45319271087646484,-0.13587381102377633
0.24,60,blade_0,blade_0_RotorFlow_OpenVSP_Blade_0,RotorFlow_OpenVSP_Blade_0_segment_9,blade_0_RotorFlow_OpenVSP_Blade_0:RotorFlow_OpenVSP_Blade_0_segment_9:orig:0,orig,0,3.1507537364959717,3.1507537364959717,3.030900001525879,3.271540641784668,3,0.5833333730697632,0.08200596272945404,-0.8046128749847412,-2.8033254146575928,1.6347204446792603,-0.03790948912501335,-0.26688504219055176,-0.13587381102377633
0.24,60,blade_0,blade_0_RotorFlow_OpenVSP_Blade_0,RotorFlow_OpenVSP_Blade_0_segment_9,blade_0_RotorFlow_OpenVSP_Blade_0:RotorFlow_OpenVSP_Blade_0_segment_9:orig:0,orig,0,3.1507537364959717,3.1507537364959717,3.030900001525879,3.271540641784668,4,0.7499999403953552,0.08200596272945404,-0.5563584566116333,-1.9383902549743652,1.1456584930419922,-0.02049221470952034,-0.17360293865203857,-0.13587381102377633
0.24,60,blade_0,blade_0_RotorFlow_OpenVSP_Blade_0,RotorFlow_OpenVSP_Blade_0_segment_9,blade_0_RotorFlow_OpenVSP_Blade_0:RotorFlow_OpenVSP_Blade_0_segment_9:orig:0,orig,0,3.1507537364959717,3.1507537364959717,3.030900001525879,3.271540641784668,5,0.9166666865348816,0.08200593292713165,-0.322709858417511,-1.1243431568145752,0.6735262870788574,-0.009986129589378834,-0.10816903412342072,-0.13587381102377633
0.24,60,blade_0,blade_0_RotorFlow_OpenVSP_Blade_0,RotorFlow_OpenVSP_Blade_0_segment_10,blade_0_RotorFlow_OpenVSP_Blade_0:RotorFlow_OpenVSP_Blade_0_segment_10:orig:0,orig,0,3.3780975341796875,3.3780975341796875,3.258383274078369,3.498723268508911,0,0.08333335816860199,0.08011246472597122,-3.7526135444641113,-13.383376121520996,6.871800899505615,-1.0620055198669434,-12.068650245666504,-0.04517132282139015
0.24,60,blade_0,blade_0_RotorFlow_OpenVSP_Blade_0,RotorFlow_OpenVSP_Blade_0_segment_10,blade_0_RotorFlow_OpenVSP_Blade_0:RotorFlow_OpenVSP_Blade_0_segment_10:orig:0,orig,0,3.3780975341796875,3.3780975341796875,3.258383274078369,3.498723268508911,1,0.2500002086162567,0.08011258393526077,-1.6972706317901611,-6.053162097930908,3.490149736404419,-0.1420046091079712,-1.0627899169921875,-0.04517132282139015
0.24,60,blade_0,blade_0_RotorFlow_OpenVSP_Blade_0,RotorFlow_OpenVSP_Blade_0_segment_10,blade_0_RotorFlow_OpenVSP_Blade_0:RotorFlow_OpenVSP_Blade_0_segment_10:orig:0,orig,0,3.3780975341796875,3.3780975341796875,3.258383274078369,3.498723268508911,2,0.4166669547557831,0.08011234551668167,-1.124637246131897,-4.010929107666016,2.356966257095337,-0.06467264890670776,-0.4351915121078491,-0.04517132282139015
0.24,60,blade_0,blade_0_RotorFlow_OpenVSP_Blade_0,RotorFlow_OpenVSP_Blade_0_segment_10,blade_0_RotorFlow_OpenVSP_Blade_0:RotorFlow_OpenVSP_Blade_0_segment_10:orig:0,orig,0,3.3780975341796875,3.3780975341796875,3.258383274078369,3.498723268508911,3,0.5833335518836975,0.08011246472597122,-0.7967564463615417,-2.8415639400482178,1.6912896633148193,-0.03528676554560661,-0.25353753566741943,-0.04517132282139015
0.24,60,blade_0,blade_0_RotorFlow_OpenVSP_Blade_0,RotorFlow_OpenVSP_Blade_0_segment_10,blade_0_RotorFlow_OpenVSP_Blade_0:RotorFlow_OpenVSP_Blade_0_segment_10:orig:0,orig,0,3.3780975341796875,3.3780975341796875,3.258383274078369,3.498723268508911,4,0.7500002384185791,0.08011246472597122,-0.5502616763114929,-1.9624613523483276,1.181756854057312,-0.019275378435850143,-0.16413119435310364,-0.04517132282139015
0.24,60,blade_0,blade_0_RotorFlow_OpenVSP_Blade_0,RotorFlow_OpenVSP_Blade_0_segment_10,blade_0_RotorFlow_OpenVSP_Blade_0:RotorFlow_OpenVSP_Blade_0_segment_10:orig:0,orig,0,3.3780975341796875,3.3780975341796875,3.258383274078369,3.498723268508911,5,0.9166668057441711,0.08011231571435928,-0.3174656331539154,-1.1322163343429565,0.6897382736206055,-0.009679073467850685,-0.10265833139419556,-0.04517132282139015
0.24,60,blade_0,blade_0_RotorFlow_OpenVSP_Blade_0,RotorFlow_OpenVSP_Blade_0_segment_11,blade_0_RotorFlow_OpenVSP_Blade_0:RotorFlow_OpenVSP_Blade_0_segment_11:orig:0,orig,0,3.6054437160491943,3.6054437160491943,3.485872745513916,3.725907802581787,0,0.0833333283662796,0.07821876555681229,-3.706573247909546,-13.539217948913574,7.252009391784668,-1.0411198139190674,-12.009099006652832,0.04553211659051125
0.24,60,blade_0,blade_0_RotorFlow_OpenVSP_Blade_0,RotorFlow_OpenVSP_Blade_0_segment_11,blade_0_RotorFlow_OpenVSP_Blade_0:RotorFlow_OpenVSP_Blade_0_segment_11:orig:0,orig,0,3.6054437160491943,3.6054437160491943,3.485872745513916,3.725907802581787,1,0.24999991059303284,0.07821876555681229,-1.6762499809265137,-6.122936725616455,3.6138877868652344,-0.13385993242263794,-1.0354214906692505,0.04553211659051125
0.24,60,blade_0,blade_0_RotorFlow_OpenVSP_Blade_0,RotorFlow_OpenVSP_Blade_0_segment_11,blade_0_RotorFlow_OpenVSP_Blade_0:RotorFlow_OpenVSP_Blade_0_segment_11:orig:0,orig,0,3.6054437160491943,3.6054437160491943,3.485872745513916,3.725907802581787,2,0.41666656732559204,0.07821876555681229,-1.1103399991989136,-4.055804252624512,2.4335100650787354,-0.06021559238433838,-0.4166346490383148,0.04553211659051125
0.24,60,blade_0,blade_0_RotorFlow_OpenVSP_Blade_0,RotorFlow_OpenVSP_Blade_0_segment_11,blade_0_RotorFlow_OpenVSP_Blade_0:RotorFlow_OpenVSP_Blade_0_segment_11:orig:0,orig,0,3.6054437160491943,3.6054437160491943,3.485872745513916,3.725907802581787,3,0.5833333730697632,0.07821888476610184,-0.7860434651374817,-2.871222734451294,1.742327094078064,-0.032818280160427094,-0.2400340735912323,0.04553211659051125
0.24,60,blade_0,blade_0_RotorFlow_OpenVSP_Blade_0,RotorFlow_OpenVSP_Blade_0_segment_11,blade_0_RotorFlow_OpenVSP_Blade_0:RotorFlow_OpenVSP_Blade_0_segment_11:orig:0,orig,0,3.6054437160491943,3.6054437160491943,3.485872745513916,3.725907802581787,4,0.7500001788139343,0.07821876555681229,-0.5419343709945679,-1.9795554876327515,1.2137904167175293,-0.018064595758914948,-0.15448640286922455,0.04553211659051125
0.24,60,blade_0,blade_0_RotorFlow_OpenVSP_Blade_0,RotorFlow_OpenVSP_Blade_0_segment_11,blade_0_RotorFlow_OpenVSP_Blade_0:RotorFlow_OpenVSP_Blade_0_segment_11:orig:0,orig,0,3.6054437160491943,3.6054437160491943,3.485872745513916,3.725907802581787,5,0.9166667461395264,0.07821870595216751,-0.31087636947631836,-1.1355572938919067,0.7035766839981079,-0.009277992881834507,-0.09676099568605423,0.04553211659051125
0.24,60,blade_0,blade_0_RotorFlow_OpenVSP_Blade_0,RotorFlow_OpenVSP_Blade_0_segment_12,blade_0_RotorFlow_OpenVSP_Blade_0:RotorFlow_OpenVSP_Blade_0_segment_12:orig:0,orig,0,3.8327934741973877,3.8327934741973877,3.7133629322052,3.9530951976776123,0,0.08333336561918259,0.07632508873939514,-3.6523187160491943,-13.672039031982422,7.599509239196777,-1.0187418460845947,-11.902876853942871,0.13623698281668548
0.24,60,blade_0,blade_0_RotorFlow_OpenVSP_Blade_0,RotorFlow_OpenVSP_Blade_0_segment_12,blade_0_RotorFlow_OpenVSP_Blade_0:RotorFlow_OpenVSP_Blade_0_segment_12:orig:0,orig,0,3.8327934741973877,3.8327934741973877,3.7133629322052,3.9530951976776123,1,0.25000008940696716,0.07632508873939514,-1.6513808965682983,-6.181756019592285,3.7269513607025146,-0.12625695765018463,-1.0058163404464722,0.13623698281668548
0.24,60,blade_0,blade_0_RotorFlow_OpenVSP_Blade_0,RotorFlow_OpenVSP_Blade_0_segment_12,blade_0_RotorFlow_OpenVSP_Blade_0:RotorFlow_OpenVSP_Blade_0_segment_12:orig:0,orig,0,3.8327934741973877,3.8327934741973877,3.7133629322052,3.9530951976776123,2,0.4166666865348816,0.07632499933242798,-1.0934371948242188,-4.093162536621094,2.503488779067993,-0.056076619774103165,-0.3977579176425934,0.13623698281668548
0.24,60,blade_0,blade_0_RotorFlow_OpenVSP_Blade_0,RotorFlow_OpenVSP_Blade_0_segment_12,blade_0_RotorFlow_OpenVSP_Blade_0:RotorFlow_OpenVSP_Blade_0_segment_12:orig:0,orig,0,3.8327934741973877,3.8327934741973877,3.7133629322052,3.9530951976776123,3,0.5833335518836975,0.07632523775100708,-0.7735517621040344,-2.8956973552703857,1.7889999151229858,-0.030495431274175644,-0.2265370786190033,0.13623698281668548
0.24,60,blade_0,blade_0_RotorFlow_OpenVSP_Blade_0,RotorFlow_OpenVSP_Blade_0_segment_12,blade_0_RotorFlow_OpenVSP_Blade_0:RotorFlow_OpenVSP_Blade_0_segment_12:orig:0,orig,0,3.8327934741973877,3.8327934741973877,3.7133629322052,3.9530951976776123,4,0.7500004172325134,0.07632496953010559,-0.5326277613639832,-1.993834376335144,1.2434818744659424,-0.016881227493286133,-0.14489543437957764,0.13623698281668548
0.24,60,blade_0,blade_0_RotorFlow_OpenVSP_Blade_0,RotorFlow_OpenVSP_Blade_0_segment_12,blade_0_RotorFlow_OpenVSP_Blade_0:RotorFlow_OpenVSP_Blade_0_segment_12:orig:0,orig,0,3.8327934741973877,3.8327934741973877,3.7133629322052,3.9530951976776123,5,0.9166667461395264,0.07632496953010559,-0.3044314682483673,-1.139606237411499,0.7175893187522888,-0.008830379694700241,-0.09085816890001297,0.13623698281668548
0.24,60,blade_0,blade_0_RotorFlow_OpenVSP_Blade_0,RotorFlow_OpenVSP_Blade_0_segment_13,blade_0_RotorFlow_OpenVSP_Blade_0:RotorFlow_OpenVSP_Blade_0_segment_13:orig:0,orig,0,4.060145378112793,4.060145378112793,3.940855026245117,4.180280685424805,0,0.0833333283662796,0.07443130016326904,-3.5911917686462402,-13.785259246826172,7.914029598236084,-0.9949618577957153,-11.756560325622559,0.2269427051314234
0.24,60,blade_0,blade_0_RotorFlow_OpenVSP_Blade_0,RotorFlow_OpenVSP_Blade_0_segment_13,blade_0_RotorFlow_OpenVSP_Blade_0:RotorFlow_OpenVSP_Blade_0_segment_13:orig:0,orig,0,4.060145378112793,4.060145378112793,3.940855026245117,4.180280685424805,1,0.2500000596046448,0.07443132996559143,-1.6233893632888794,-6.2315897941589355,3.829237461090088,-0.11910878866910934,-0.9744381308555603,0.2269427051314234
0.24,60,blade_0,blade_0_RotorFlow_OpenVSP_Blade_0,RotorFlow_OpenVSP_Blade_0_segment_13,blade_0_RotorFlow_OpenVSP_Blade_0:RotorFlow_OpenVSP_Blade_0_segment_13:orig:0,orig,0,4.060145378112793,4.060145378112793,3.940855026245117,4.180280685424805,2,0.41666677594184875,0.07443121075630188,-1.0745720863342285,-4.124890327453613,2.56674861907959,-0.05221572518348694,-0.3787555396556854,0.2269427051314234
0.24,60,blade_0,blade_0_RotorFlow_OpenVSP_Blade_0,RotorFlow_OpenVSP_Blade_0_segment_13,blade_0_RotorFlow_OpenVSP_Blade_0:RotorFlow_OpenVSP_Blade_0_segment_13:orig:0,orig,0,4.060145378112793,4.060145378112793,3.940855026245117,4.180280685424805,3,0.5833336114883423,0.07443144917488098,-0.7598706483840942,-2.9168570041656494,1.831552267074585,-0.028311939910054207,-0.21323560178279877,0.2269427051314234
0.24,60,blade_0,blade_0_RotorFlow_OpenVSP_Blade_0,RotorFlow_OpenVSP_Blade_0_segment_13,blade_0_RotorFlow_OpenVSP_Blade_0:RotorFlow_OpenVSP_Blade_0_segment_13:orig:0,orig,0,4.060145378112793,4.060145378112793,3.940855026245117,4.180280685424805,4,0.7500003576278687,0.0744311511516571,-0.5228809118270874,-2.007150888442993,1.2710553407669067,-0.015748947858810425,-0.13560926914215088,0.2269427051314234
0.24,60,blade_0,blade_0_RotorFlow_OpenVSP_Blade_0,RotorFlow_OpenVSP_Blade_0_segment_13,blade_0_RotorFlow_OpenVSP_Blade_0:RotorFlow_OpenVSP_Blade_0_segment_13:orig:0,orig,0,4.060145378112793,4.060145378112793,3.940855026245117,4.180280685424805,5,0.9166666269302368,0.07443121075630188,-0.298425555229187,-1.1455469131469727,0.7318024039268494,-0.00839546974748373,-0.08537434041500092,0.2269427051314234
0.24,60,blade_0,blade_0_RotorFlow_OpenVSP_Blade_0,RotorFlow_OpenVSP_Blade_0_segment_14,blade_0_RotorFlow_OpenVSP_Blade_0:RotorFlow_OpenVSP_Blade_0_segment_14:orig:0,orig,0,4.287497043609619,4.287497043609619,4.168347358703613,4.407471656799316,0,0.08333330601453781,0.07253749668598175,-3.5236425399780273,-13.879096984863281,8.194828033447266,-0.9697501063346863,-11.572783470153809,0.3176483323252098
0.24,60,blade_0,blade_0_RotorFlow_OpenVSP_Blade_0,RotorFlow_OpenVSP_Blade_0_segment_14,blade_0_RotorFlow_OpenVSP_Blade_0:RotorFlow_OpenVSP_Blade_0_segment_14:orig:0,orig,0,4.287497043609619,4.287497043609619,4.168347358703613,4.407471656799316,1,0.2500000596046448,0.07253743708133698,-1.592527151107788,-6.272729873657227,3.9196712970733643,-0.11232734471559525,-0.9414781332015991,0.3176483323252098
0.24,60,blade_0,blade_0_RotorFlow_OpenVSP_Blade_0,RotorFlow_OpenVSP_Blade_0_segment_14,blade_0_RotorFlow_OpenVSP_Blade_0:RotorFlow_OpenVSP_Blade_0_segment_14:orig:0,orig,0,4.287497043609619,4.287497043609619,4.168347358703613,4.407471656799316,2,0.4166666865348816,0.07253744453191757,-1.0539262294769287,-4.151259422302246,2.622652530670166,-0.04859643429517746,-0.35981056094169617,0.3176483323252098
0.24,60,blade_0,blade_0_RotorFlow_OpenVSP_Blade_0,RotorFlow_OpenVSP_Blade_0_segment_14,blade_0_RotorFlow_OpenVSP_Blade_0:RotorFlow_OpenVSP_Blade_0_segment_14:orig:0,orig,0,4.287497043609619,4.287497043609619,4.168347358703613,4.407471656799316,3,0.5833333134651184,0.07253749668598175,-0.7450830340385437,-2.934769868850708,1.869092583656311,-0.02626407891511917,-0.20032228529453278,0.3176483323252098
0.24,60,blade_0,blade_0_RotorFlow_OpenVSP_Blade_0,RotorFlow_OpenVSP_Blade_0_segment_14,blade_0_RotorFlow_OpenVSP_Blade_0:RotorFlow_OpenVSP_Blade_0_segment_14:orig:0,orig,0,4.287497043609619,4.287497043609619,4.168347358703613,4.407471656799316,4,0.7500000596046448,0.07253749668598175,-0.5124968886375427,-2.018648147583008,1.2954413890838623,-0.014687081798911095,-0.12683860957622528,0.3176483323252098
0.24,60,blade_0,blade_0_RotorFlow_OpenVSP_Blade_0,RotorFlow_OpenVSP_Blade_0_segment_14,blade_0_RotorFlow_OpenVSP_Blade_0:RotorFlow_OpenVSP_Blade_0_segment_14:orig:0,orig,0,4.287497043609619,4.287497043609619,4.168347358703613,4.407471656799316,5,0.9166668057441711,0.07253743708133698,-0.2918713390827179,-1.1496381759643555,0.7435086369514465,-0.007989338599145412,-0.08033859729766846,0.3176483323252098
0.24,60,blade_0,blade_0_RotorFlow_OpenVSP_Blade_0,RotorFlow_OpenVSP_Blade_0_segment_15,blade_0_RotorFlow_OpenVSP_Blade_0:RotorFlow_OpenVSP_Blade_0_segment_15:orig:0,orig,0,4.5148515701293945,4.5148515701293945,4.3958420753479,4.6346588134765625,0,0.08333336561918259,0.07064364850521088,-3.449032783508301,-13.949420928955078,8.437861442565918,-0.9424152970314026,-11.346320152282715,0.40835510097041444
0.24,60,blade_0,blade_0_RotorFlow_OpenVSP_Blade_0,RotorFlow_OpenVSP_Blade_0_segment_15,blade_0_RotorFlow_OpenVSP_Blade_0:RotorFlow_OpenVSP_Blade_0_segment_15:orig:0,orig,0,4.5148515701293945,4.5148515701293945,4.3958420753479,4.6346588134765625,1,0.2500002384185791,0.07064376771450043,-1.5584133863449097,-6.302905559539795,3.9960877895355225,-0.10578159987926483,-0.9064815640449524,0.40835510097041444
0.24,60,blade_0,blade_0_RotorFlow_OpenVSP_Blade_0,RotorFlow_OpenVSP_Blade_0_segment_15,blade_0_RotorFlow_OpenVSP_Blade_0:RotorFlow_OpenVSP_Blade_0_segment_15:orig:0,orig,0,4.5148515701293945,4.5148515701293945,4.3958420753479,4.6346588134765625,2,0.41666698455810547,0.07064347714185715,-1.0310847759246826,-4.170175075531006,2.6694066524505615,-0.04514748975634575,-0.3406215012073517,0.40835510097041444
0.24,60,blade_0,blade_0_RotorFlow_OpenVSP_Blade_0,RotorFlow_OpenVSP_Blade_0_segment_15,blade_0_RotorFlow_OpenVSP_Blade_0:RotorFlow_OpenVSP_Blade_0_segment_15:orig:0,orig,0,4.5148515701293945,4.5148515701293945,4.3958420753479,4.6346588134765625,3,0.5833332538604736,0.07064353674650192,-0.7287576794624329,-2.9474244117736816,1.9002634286880493,-0.024311644956469536,-0.1875777691602707,0.40835510097041444
0.24,60,blade_0,blade_0_RotorFlow_OpenVSP_Blade_0,RotorFlow_OpenVSP_Blade_0_segment_15,blade_0_RotorFlow_OpenVSP_Blade_0:RotorFlow_OpenVSP_Blade_0_segment_15:orig:0,orig,0,4.5148515701293945,4.5148515701293945,4.3958420753479,4.6346588134765625,4,0.75,0.07064376771450043,-0.5009995698928833,-2.026261329650879,1.3153610229492188,-0.013665000908076763,-0.11833177506923676,0.40835510097041444
0.24,60,blade_0,blade_0_RotorFlow_OpenVSP_Blade_0,RotorFlow_OpenVSP_Blade_0_segment_15,blade_0_RotorFlow_OpenVSP_Blade_0:RotorFlow_OpenVSP_Blade_0_segment_15:orig:0,orig,0,4.5148515701293945,4.5148515701293945,4.3958420753479,4.6346588134765625,5,0.9166667461395264,0.07064353674650192,-0.28439539670944214,-1.1502231359481812,0.7517969608306885,-0.00758926197886467,-0.07551496475934982,0.40835510097041444
0.24,60,blade_0,blade_0_RotorFlow_OpenVSP_Blade_0,RotorFlow_OpenVSP_Blade_0_segment_16,blade_0_RotorFlow_OpenVSP_Blade_0:RotorFlow_OpenVSP_Blade_0_segment_16:orig:0,orig,0,4.74220609664917,4.74220609664917,4.623337745666504,4.8618483543396,0,0.08333346247673035,0.06874971091747284,-3.3658154010772705,-13.987863540649414,8.635226249694824,-0.9120462536811829,-11.067342758178711,0.4990618696156191
0.24,60,blade_0,blade_0_RotorFlow_OpenVSP_Blade_0,RotorFlow_OpenVSP_Blade_0_segment_16,blade_0_RotorFlow_OpenVSP_Blade_0:RotorFlow_OpenVSP_Blade_0_segment_16:orig:0,orig,0,4.74220609664917,4.74220609664917,4.623337745666504,4.8618483543396,1,0.25000011920928955,0.0687498226761818,-1.5202622413635254,-6.317989349365234,4.054255962371826,-0.09932280331850052,-0.8685964941978455,0.4990618696156191
0.24,60,blade_0,blade_0_RotorFlow_OpenVSP_Blade_0,RotorFlow_OpenVSP_Blade_0_segment_16,blade_0_RotorFlow_OpenVSP_Blade_0:RotorFlow_OpenVSP_Blade_0_segment_16:orig:0,orig,0,4.74220609664917,4.74220609664917,4.623337745666504,4.8618483543396,2,0.4166668951511383,0.06874965131282806,-1.0055012702941895,-4.178728103637695,2.704197883605957,-0.04179811477661133,-0.32084545493125916,0.4990618696156191
0.24,60,blade_0,blade_0_RotorFlow_OpenVSP_Blade_0,RotorFlow_OpenVSP_Blade_0_segment_16,blade_0_RotorFlow_OpenVSP_Blade_0:RotorFlow_OpenVSP_Blade_0_segment_16:orig:0,orig,0,4.74220609664917,4.74220609664917,4.623337745666504,4.8618483543396,3,0.583333432674408,0.06874971091747284,-0.7103859186172485,-2.952265739440918,1.9227956533432007,-0.022403758019208908,-0.17466522753238678,0.4990618696156191
0.24,60,blade_0,blade_0_RotorFlow_OpenVSP_Blade_0,RotorFlow_OpenVSP_Blade_0_segment_16,blade_0_RotorFlow_OpenVSP_Blade_0:RotorFlow_OpenVSP_Blade_0_segment_16:orig:0,orig,0,4.74220609664917,4.74220609664917,4.623337745666504,4.8618483543396,4,0.7500000596046448,0.06874977052211761,-0.4879414439201355,-2.027815341949463,1.3290258646011353,-0.012643669731914997,-0.10975369811058044,0.4990618696156191
0.24,60,blade_0,blade_0_RotorFlow_OpenVSP_Blade_0,RotorFlow_OpenVSP_Blade_0_segment_16,blade_0_RotorFlow_OpenVSP_Blade_0:RotorFlow_OpenVSP_Blade_0_segment_16:orig:0,orig,0,4.74220609664917,4.74220609664917,4.623337745666504,4.8618483543396,5,0.9166667461395264,0.06874959170818329,-0.27575579285621643,-1.1460049152374268,0.7557623386383057,-0.007168678101152182,-0.07064656913280487,0.4990618696156191
0.24,60,blade_0,blade_0_RotorFlow_OpenVSP_Blade_0,RotorFlow_OpenVSP_Blade_0_segment_17,blade_0_RotorFlow_OpenVSP_Blade_0:RotorFlow_OpenVSP_Blade_0_segment_17:orig:0,orig,0,4.969560146331787,4.969560146331787,4.850834846496582,5.0890374183654785,0,0.08333328366279602,0.0668557807803154,-3.2700862884521484,-13.97501277923584,8.773856163024902,-0.8764805197715759,-10.710262298583984,0.5897684480189207
0.24,60,blade_0,blade_0_RotorFlow_OpenVSP_Blade_0,RotorFlow_OpenVSP_Blade_0_segment_17,blade_0_RotorFlow_OpenVSP_Blade_0:RotorFlow_OpenVSP_Blade_0_segment_17:orig:0,orig,0,4.969560146331787,4.969560146331787,4.850834846496582,5.0890374183654785,1,0.24999985098838806,0.0668557807803154,-1.4762629270553589,-6.3089447021484375,4.08791446685791,-0.09270187467336655,-0.8257229924201965,0.5897684480189207
0.24,60,blade_0,blade_0_RotorFlow_OpenVSP_Blade_0,RotorFlow_OpenVSP_Blade_0_segment_17,blade_0_RotorFlow_OpenVSP_Blade_0:RotorFlow_OpenVSP_Blade_0_segment_17:orig:0,orig,0,4.969560146331787,4.969560146331787,4.850834846496582,5.0890374183654785,2,0.41666656732559204,0.06685584038496017,-0.9760451316833496,-4.171214580535889,2.722806215286255,-0.038432929664850235,-0.29957929253578186,0.5897684480189207
0.24,60,blade_0,blade_0_RotorFlow_OpenVSP_Blade_0,RotorFlow_OpenVSP_Blade_0_segment_17,blade_0_RotorFlow_OpenVSP_Blade_0:RotorFlow_OpenVSP_Blade_0_segment_17:orig:0,orig,0,4.969560146331787,4.969560146331787,4.850834846496582,5.0890374183654785,3,0.5833332538604736,0.06685584038496017,-0.689434289932251,-2.9463577270507812,1.9345064163208008,-0.02048076130449772,-0.16109628975391388,0.5897684480189207
0.24,60,blade_0,blade_0_RotorFlow_OpenVSP_Blade_0,RotorFlow_OpenVSP_Blade_0_segment_17,blade_0_RotorFlow_OpenVSP_Blade_0:RotorFlow_OpenVSP_Blade_0_segment_17:orig:0,orig,0,4.969560146331787,4.969560146331787,4.850834846496582,5.0890374183654785,4,0.7500000596046448,0.06685595214366913,-0.473384290933609,-2.023045778274536,1.3359476327896118,-0.011593570001423359,-0.10084120184183121,0.5897684480189207
0.24,60,blade_0,blade_0_RotorFlow_OpenVSP_Blade_0,RotorFlow_OpenVSP_Blade_0_segment_17,blade_0_RotorFlow_OpenVSP_Blade_0:RotorFlow_OpenVSP_Blade_0_segment_17:orig:0,orig,0,4.969560146331787,4.969560146331787,4.850834846496582,5.0890374183654785,5,0.9166666865348816,0.06685572117567062,-0.26663902401924133,-1.1395072937011719,0.7568284869194031,-0.006716127507388592,-0.06563856452703476,0.5897684480189207
0.24,60,blade_0,blade_0_RotorFlow_OpenVSP_Blade_0,RotorFlow_OpenVSP_Blade_0_segment_18,blade_0_RotorFlow_OpenVSP_Blade_0:RotorFlow_OpenVSP_Blade_0_segment_18:orig:0,orig,0,5.196915626525879,5.196915626525879,5.078330039978027,5.316225528717041,0,0.08333337306976318,0.06496196985244751,-3.153308868408203,-13.868812561035156,8.82396411895752,-0.8315045237541199,-10.22239875793457,0.6804755971479315
0.24,60,blade_0,blade_0_RotorFlow_OpenVSP_Blade_0,RotorFlow_OpenVSP_Blade_0_segment_18,blade_0_RotorFlow_OpenVSP_Blade_0:RotorFlow_OpenVSP_Blade_0_segment_18:orig:0,orig,0,5.196915626525879,5.196915626525879,5.078330039978027,5.316225528717041,1,0.24999980628490448,0.06496173143386841,-1.4224600791931152,-6.256255149841309,4.082320690155029,-0.0854923203587532,-0.7738100290298462,0.6804755971479315
0.24,60,blade_0,blade_0_RotorFlow_OpenVSP_Blade_0,RotorFlow_OpenVSP_Blade_0_segment_18,blade_0_RotorFlow_OpenVSP_Blade_0:RotorFlow_OpenVSP_Blade_0_segment_18:orig:0,orig,0,5.196915626525879,5.196915626525879,5.078330039978027,5.316225528717041,2,0.4166663885116577,0.06496208906173706,-0.9403706789016724,-4.135909557342529,2.716384172439575,-0.03487415239214897,-0.2753090560436249,0.6804755971479315
0.24,60,blade_0,blade_0_RotorFlow_OpenVSP_Blade_0,RotorFlow_OpenVSP_Blade_0_segment_18,blade_0_RotorFlow_OpenVSP_Blade_0:RotorFlow_OpenVSP_Blade_0_segment_18:orig:0,orig,0,5.196915626525879,5.196915626525879,5.078330039978027,5.316225528717041,3,0.5833331346511841,0.06496191024780273,-0.6647677421569824,-2.923769235610962,1.930653691291809,-0.01844640076160431,-0.14604797959327698,0.6804755971479315
0.24,60,blade_0,blade_0_RotorFlow_OpenVSP_Blade_0,RotorFlow_OpenVSP_Blade_0_segment_18,blade_0_RotorFlow_OpenVSP_Blade_0:RotorFlow_OpenVSP_Blade_0_segment_18:orig:0,orig,0,5.196915626525879,5.196915626525879,5.078330039978027,5.316225528717041,4,0.7500000596046448,0.06496196985244751,-0.4572910666465759,-2.011247396469116,1.3351508378982544,-0.0104598393663764,-0.09110274910926819,0.6804755971479315
0.24,60,blade_0,blade_0_RotorFlow_OpenVSP_Blade_0,RotorFlow_OpenVSP_Blade_0_segment_18,blade_0_RotorFlow_OpenVSP_Blade_0:RotorFlow_OpenVSP_Blade_0_segment_18:orig:0,orig,0,5.196915626525879,5.196915626525879,5.078330039978027,5.316225528717041,5,0.9166664481163025,0.06496196985244751,-0.25808507204055786,-1.1351040601730347,0.7577138543128967,-0.006198750343173742,-0.0602240152657032,0.6804755971479315
0.24,60,blade_0,blade_0_RotorFlow_OpenVSP_Blade_0,RotorFlow_OpenVSP_Blade_0_segment_19,blade_0_RotorFlow_OpenVSP_Blade_0:RotorFlow_OpenVSP_Blade_0_segment_19:orig:0,orig,0,5.4242730140686035,5.4242730140686035,5.305826187133789,5.54341459274292,0,0.083333320915699,0.0630679652094841,-2.993952751159668,-13.563385009765625,8.713485717773438,-0.7672064900398254,-9.477669715881348,0.7711835072445543
0.24,60,blade_0,blade_0_RotorFlow_OpenVSP_Blade_0,RotorFlow_OpenVSP_Blade_0_segment_19,blade_0_RotorFlow_OpenVSP_Blade_0:RotorFlow_OpenVSP_Blade_0_segment_19:orig:0,orig,0,5.4242730140686035,5.4242730140686035,5.305826187133789,5.54341459274292,1,0.24999980628490448,0.06306802481412888,-1.348254919052124,-6.107939720153809,4.001577377319336,-0.07673559337854385,-0.7032088041305542,0.7711835072445543
0.24,60,blade_0,blade_0_RotorFlow_OpenVSP_Blade_0,RotorFlow_OpenVSP_Blade_0_segment_19,blade_0_RotorFlow_OpenVSP_Blade_0:RotorFlow_OpenVSP_Blade_0_segment_19:orig:0,orig,0,5.4242730140686035,5.4242730140686035,5.305826187133789,5.54341459274292,2,0.4166664183139801,0.06306807696819305,-0.8918517231941223,-4.040313243865967,2.6618008613586426,-0.030731845647096634,-0.24454641342163086,0.7711835072445543
0.24,60,blade_0,blade_0_RotorFlow_OpenVSP_Blade_0,RotorFlow_OpenVSP_Blade_0_segment_19,blade_0_RotorFlow_OpenVSP_Blade_0:RotorFlow_OpenVSP_Blade_0_segment_19:orig:0,orig,0,5.4242730140686035,5.4242730140686035,5.305826187133789,5.54341459274292,3,0.5833332538604736,0.06306802481412888,-0.633004903793335,-2.8676741123199463,1.8982027769088745,-0.016103070229291916,-0.12777814269065857,0.7711835072445543
0.24,60,blade_0,blade_0_RotorFlow_OpenVSP_Blade_0,RotorFlow_OpenVSP_Blade_0_segment_19,blade_0_RotorFlow_OpenVSP_Blade_0:RotorFlow_OpenVSP_Blade_0_segment_19:orig:0,orig,0,5.4242730140686035,5.4242730140686035,5.305826187133789,5.54341459274292,4,0.7499998211860657,0.0630679652094841,-0.4392682909965515,-1.9899996519088745,1.323502779006958,-0.009175204671919346,-0.07993561029434204,0.7711835072445543
0.24,60,blade_0,blade_0_RotorFlow_OpenVSP_Blade_0,RotorFlow_OpenVSP_Blade_0_segment_19,blade_0_RotorFlow_OpenVSP_Blade_0:RotorFlow_OpenVSP_Blade_0_segment_19:orig:0,orig,0,5.4242730140686035,5.4242730140686035,5.305826187133789,5.54341459274292,5,0.9166665077209473,0.06306813657283783,-0.2517651319503784,-1.1405584812164307,0.762304961681366,-0.005672507919371128,-0.054888784885406494,0.7711835072445543
0.24,60,blade_0,blade_0_RotorFlow_OpenVSP_Blade_0,RotorFlow_OpenVSP_Blade_0_segment_20,blade_0_RotorFlow_OpenVSP_Blade_0:RotorFlow_OpenVSP_Blade_0_segment_20:orig:0,orig,0,5.651628017425537,5.651628017425537,5.533323764801025,5.770605564117432,0,0.0833330973982811,0.061174146831035614,-2.731992244720459,-12.75978946685791,8.245889663696289,-0.6592005491256714,-8.164122581481934,0.8618904661316621
0.24,60,blade_0,blade_0_RotorFlow_OpenVSP_Blade_0,RotorFlow_OpenVSP_Blade_0_segment_20,blade_0_RotorFlow_OpenVSP_Blade_0:RotorFlow_OpenVSP_Blade_0_segment_20:orig:0,orig,0,5.651628017425537,5.651628017425537,5.533323764801025,5.770605564117432,1,0.24999994039535522,0.061174146831035614,-1.2210350036621094,-5.702852725982666,3.738612174987793,-0.0640186071395874,-0.5893614292144775,0.8618904661316621
0.24,60,blade_0,blade_0_RotorFlow_OpenVSP_Blade_0,RotorFlow_OpenVSP_Blade_0_segment_20,blade_0_RotorFlow_OpenVSP_Blade_0:RotorFlow_OpenVSP_Blade_0_segment_20:orig:0,orig,0,5.651628017425537,5.651628017425537,5.533323764801025,5.770605564117432,2,0.41666680574417114,0.06117420271039009,-0.8073692321777344,-3.770820379257202,2.483354330062866,-0.024895908311009407,-0.19717097282409668,0.8618904661316621
0.24,60,blade_0,blade_0_RotorFlow_OpenVSP_Blade_0,RotorFlow_OpenVSP_Blade_0_segment_20,blade_0_RotorFlow_OpenVSP_Blade_0:RotorFlow_OpenVSP_Blade_0_segment_20:orig:0,orig,0,5.651628017425537,5.651628017425537,5.533323764801025,5.770605564117432,3,0.5833334922790527,0.06117402762174606,-0.5799080729484558,-2.708470106124878,1.7909959554672241,-0.012751848436892033,-0.0999608039855957,0.8618904661316621
0.24,60,blade_0,blade_0_RotorFlow_OpenVSP_Blade_0,RotorFlow_OpenVSP_Blade_0_segment_20,blade_0_RotorFlow_OpenVSP_Blade_0:RotorFlow_OpenVSP_Blade_0_segment_20:orig:0,orig,0,5.651628017425537,5.651628017425537,5.533323764801025,5.770605564117432,4,0.7499999403953552,0.061174143105745316,-0.41503503918647766,-1.9384242296218872,1.2869192361831665,-0.0072596753016114235,-0.0629824548959732,0.8618904661316621
0.24,60,blade_0,blade_0_RotorFlow_OpenVSP_Blade_0,RotorFlow_OpenVSP_Blade_0_segment_20,blade_0_RotorFlow_OpenVSP_Blade_0:RotorFlow_OpenVSP_Blade_0_segment_20:orig:0,orig,0,5.651628017425537,5.651628017425537,5.533323764801025,5.770605564117432,5,0.916666567325592,0.061174146831035614,-0.2538582980632782,-1.1856470108032227,0.7903582453727722,-0.004879510495811701,-0.047560229897499084,0.8618904661316621
0.24,60,blade_0,blade_0_RotorFlow_OpenVSP_Blade_0,RotorFlow_OpenVSP_Blade_0_segment_21,blade_0_RotorFlow_OpenVSP_Blade_0:RotorFlow_OpenVSP_Blade_0_segment_21:orig:0,orig,0,5.878983974456787,5.878983974456787,5.760822296142578,5.997796535491943,0,0.08333361148834229,0.059280313551425934,-2.1841533184051514,-10.526998519897461,6.816717624664307,-0.4514274001121521,-5.569539546966553,0.9525978055025758
0.24,60,blade_0,blade_0_RotorFlow_OpenVSP_Blade_0,RotorFlow_OpenVSP_Blade_0_segment_21,blade_0_RotorFlow_OpenVSP_Blade_0:RotorFlow_OpenVSP_Blade_0_segment_21:orig:0,orig,0,5.878983974456787,5.878983974456787,5.760822296142578,5.997796535491943,1,0.2500001788139343,0.05928019434213638,-0.9284111261367798,-4.474687099456787,2.9244225025177,-0.041458610445261,-0.3748311698436737,0.9525978055025758
0.24,60,blade_0,blade_0_RotorFlow_OpenVSP_Blade_0,RotorFlow_OpenVSP_Blade_0_segment_21,blade_0_RotorFlow_OpenVSP_Blade_0:RotorFlow_OpenVSP_Blade_0_segment_21:orig:0,orig,0,5.878983974456787,5.878983974456787,5.760822296142578,5.997796535491943,2,0.4166668951511383,0.05928025394678116,-0.5986142754554749,-2.8851537704467773,1.892557978630066,-0.014714444987475872,-0.11083751171827316,0.9525978055025758
0.24,60,blade_0,blade_0_RotorFlow_OpenVSP_Blade_0,RotorFlow_OpenVSP_Blade_0_segment_21,blade_0_RotorFlow_OpenVSP_Blade_0:RotorFlow_OpenVSP_Blade_0_segment_21:orig:0,orig,0,5.878983974456787,5.878983974456787,5.760822296142578,5.997796535491943,3,0.5833334922790527,0.05928013473749161,-0.4408283531665802,-2.124673843383789,1.398614764213562,-0.006727717816829681,-0.04851076006889343,0.9525978055025758
0.24,60,blade_0,blade_0_RotorFlow_OpenVSP_Blade_0,RotorFlow_OpenVSP_Blade_0_segment_21,blade_0_RotorFlow_OpenVSP_Blade_0:RotorFlow_OpenVSP_Blade_0_segment_21:orig:0,orig,0,5.878983974456787,5.878983974456787,5.760822296142578,5.997796535491943,4,0.75,0.059280313551425934,-0.3509056568145752,-1.69126558303833,1.1174172163009644,-0.0033628649543970823,-0.028114311397075653,0.9525978055025758
0.24,60,blade_0,blade_0_RotorFlow_OpenVSP_Blade_0,RotorFlow_OpenVSP_Blade_0_segment_21,blade_0_RotorFlow_OpenVSP_Blade_0:RotorFlow_OpenVSP_Blade_0_segment_21:orig:0,orig,0,5.878983974456787,5.878983974456787,5.760822296142578,5.997796535491943,5,0.9166667461395264,0.05928019434213638,-0.2663080096244812,-1.2835315465927124,0.851167619228363,-0.0028871027752757072,-0.03028865158557892,0.9525978055025758
0.36,90,blade_0,blade_0_RotorFlow_OpenVSP_Blade_0,RotorFlow_OpenVSP_Blade_0_segment_0,blade_0_RotorFlow_OpenVSP_Blade_0:RotorFlow_OpenVSP_Blade_0_segment_0:orig:0,orig,0,1.106549859046936,1.106549859046936,0.9848402142524719,1.2279491424560547,0,0.08333318680524826,0.09896676987409592,-2.148590326309204,-6.202919960021973,2.426149845123291,-2.0961310863494873,-4.075706481933594,-0.9514419687724823
0.36,90,blade_0,blade_0_RotorFlow_OpenVSP_Blade_0,RotorFlow_OpenVSP_Blade_0_segment_0,blade_0_RotorFlow_OpenVSP_Blade_0:RotorFlow_OpenVSP_Blade_0_segment_0:orig:0,orig,0,1.106549859046936,1.106549859046936,0.9848402142524719,1.2279491424560547,1,0.24999967217445374,0.09896699339151382,-0.9173529744148254,-2.6483664512634277,1.5103915929794312,-0.48857972025871277,-0.7226478457450867,-0.9514419687724823
0.36,90,blade_0,blade_0_RotorFlow_OpenVSP_Blade_0,RotorFlow_OpenVSP_Blade_0_segment_0,blade_0_RotorFlow_OpenVSP_Blade_0:RotorFlow_OpenVSP_Blade_0_segment_0:orig:0,orig,0,1.106549859046936,1.106549859046936,0.9848402142524719,1.2279491424560547,2,0.4166664779186249,0.09896695613861084,-0.6112728118896484,-1.7647241353988647,1.052037000656128,-0.26587173342704773,-0.4310445487499237,-0.9514419687724823
0.36,90,blade_0,blade_0_RotorFlow_OpenVSP_Blade_0,RotorFlow_OpenVSP_Blade_0_segment_0,blade_0_RotorFlow_OpenVSP_Blade_0:RotorFlow_OpenVSP_Blade_0_segment_0:orig:0,orig,0,1.106549859046936,1.106549859046936,0.9848402142524719,1.2279491424560547,3,0.5833331942558289,0.09896713495254517,-0.4758645296096802,-1.3738024234771729,0.8342886567115784,-0.17080198228359222,-0.3303872346878052,-0.9514419687724823
0.36,90,blade_0,blade_0_RotorFlow_OpenVSP_Blade_0,RotorFlow_OpenVSP_Blade_0_segment_0,blade_0_RotorFlow_OpenVSP_Blade_0:RotorFlow_OpenVSP_Blade_0_segment_0:orig:0,orig,0,1.106549859046936,1.106549859046936,0.9848402142524719,1.2279491424560547,4,0.75,0.09896692633628845,-0.42112869024276733,-1.2157847881317139,0.7438443303108215,-0.11990667134523392,-0.2922162413597107,-0.9514419687724823
0.36,90,blade_0,blade_0_RotorFlow_OpenVSP_Blade_0,RotorFlow_OpenVSP_Blade_0_segment_0,blade_0_RotorFlow_OpenVSP_Blade_0:RotorFlow_OpenVSP_Blade_0_segment_0:orig:0,orig,0,1.106549859046936,1.106549859046936,0.9848402142524719,1.2279491424560547,5,0.916666567325592,0.09896694123744965,-0.41331106424331665,-1.1932153701782227,0.7210044860839844,-0.08908635377883911,-0.29171237349510193,-0.9514419687724823
0.36,90,blade_0,blade_0_RotorFlow_OpenVSP_Blade_0,RotorFlow_OpenVSP_Blade_0_segment_1,blade_0_RotorFlow_OpenVSP_Blade_0:RotorFlow_OpenVSP_Blade_0_segment_1:orig:0,orig,0,1.3330211639404297,1.3330211639404297,1.2117727994918823,1.4546513557434082,0,0.08333320170640945,0.09711316972970963,-2.8449060916900635,-8.369929313659668,3.6621603965759277,-2.926331043243408,-6.4090447425842285,-0.8610875789151625
0.36,90,blade_0,blade_0_RotorFlow_OpenVSP_Blade_0,RotorFlow_OpenVSP_Blade_0_segment_1,blade_0_RotorFlow_OpenVSP_Blade_0:RotorFlow_OpenVSP_Blade_0_segment_1:orig:0,orig,0,1.3330211639404297,1.3330211639404297,1.2117727994918823,1.4546513557434082,1,0.2499999701976776,0.09711334109306335,-1.2877012491226196,-3.7885079383850098,2.3548474311828613,-0.615863561630249,-1.0141479969024658,-0.8610875789151625
0.36,90,blade_0,blade_0_RotorFlow_OpenVSP_Blade_0,RotorFlow_OpenVSP_Blade_0_segment_1,blade_0_RotorFlow_OpenVSP_Blade_0:RotorFlow_OpenVSP_Blade_0_segment_1:orig:0,orig,0,1.3330211639404297,1.3330211639404297,1.2117727994918823,1.4546513557434082,2,0.41666659712791443,0.09711319208145142,-0.8722812533378601,-2.566316843032837,1.670186996459961,-0.33543911576271057,-0.5844114422798157,-0.8610875789151625
0.36,90,blade_0,blade_0_RotorFlow_OpenVSP_Blade_0,RotorFlow_OpenVSP_Blade_0_segment_1,blade_0_RotorFlow_OpenVSP_Blade_0:RotorFlow_OpenVSP_Blade_0_segment_1:orig:0,orig,0,1.3330211639404297,1.3330211639404297,1.2117727994918823,1.4546513557434082,3,0.5833331346511841,0.09711335599422455,-0.6537705659866333,-1.9234387874603271,1.2855393886566162,-0.21027958393096924,-0.42423567175865173,-0.8610875789151625
0.36,90,blade_0,blade_0_RotorFlow_OpenVSP_Blade_0,RotorFlow_OpenVSP_Blade_0_segment_1,blade_0_RotorFlow_OpenVSP_Blade_0:RotorFlow_OpenVSP_Blade_0_segment_1:orig:0,orig,0,1.3330211639404297,1.3330211639404297,1.2117727994918823,1.4546513557434082,4,0.7500001192092896,0.09711331874132156,-0.5058910250663757,-1.4883673191070557,1.0154720544815063,-0.13405385613441467,-0.32994982600212097,-0.8610875789151625
0.36,90,blade_0,blade_0_RotorFlow_OpenVSP_Blade_0,RotorFlow_OpenVSP_Blade_0_segment_1,blade_0_RotorFlow_OpenVSP_Blade_0:RotorFlow_OpenVSP_Blade_0_segment_1:orig:0,orig,0,1.3330211639404297,1.3330211639404297,1.2117727994918823,1.4546513557434082,5,0.9166666865348816,0.097113236784935,-0.3758067786693573,-1.1056512594223022,0.7648929357528687,-0.07834398001432419,-0.24856460094451904,-0.8610875789151625
0.36,90,blade_0,blade_0_RotorFlow_OpenVSP_Blade_0,RotorFlow_OpenVSP_Blade_0_segment_2,blade_0_RotorFlow_OpenVSP_Blade_0:RotorFlow_OpenVSP_Blade_0_segment_2:orig:0,orig,0,1.559913992881775,1.559913992881775,1.4389480352401733,1.6815823316574097,0,0.083333320915699,0.09523903578519821,-3.2249977588653564,-9.674898147583008,4.883986949920654,-3.4304959774017334,-8.024946212768555,-0.7705650152215514
0.36,90,blade_0,blade_0_RotorFlow_OpenVSP_Blade_0,RotorFlow_OpenVSP_Blade_0_segment_2,blade_0_RotorFlow_OpenVSP_Blade_0:RotorFlow_OpenVSP_Blade_0_segment_2:orig:0,orig,0,1.559913992881775,1.559913992881775,1.4389480352401733,1.6815823316574097,1,0.24999986588954926,0.09523893147706985,-1.4767335653305054,-4.430161952972412,2.9965946674346924,-0.6498004198074341,-1.1552104949951172,-0.7705650152215514
0.36,90,blade_0,blade_0_RotorFlow_OpenVSP_Blade_0,RotorFlow_OpenVSP_Blade_0_segment_2,blade_0_RotorFlow_OpenVSP_Blade_0:RotorFlow_OpenVSP_Blade_0_segment_2:orig:0,orig,0,1.559913992881775,1.559913992881775,1.4389480352401733,1.6815823316574097,2,0.4166663885116577,0.09523901343345642,-1.0023252964019775,-3.0069470405578613,2.1144542694091797,-0.3486197888851166,-0.6419394016265869,-0.7705650152215514
0.36,90,blade_0,blade_0_RotorFlow_OpenVSP_Blade_0,RotorFlow_OpenVSP_Blade_0_segment_2,blade_0_RotorFlow_OpenVSP_Blade_0:RotorFlow_OpenVSP_Blade_0_segment_2:orig:0,orig,0,1.559913992881775,1.559913992881775,1.4389480352401733,1.6815823316574097,3,0.5833330750465393,0.09523912519216537,-0.741675853729248,-2.225003480911255,1.5999995470046997,-0.21712835133075714,-0.4533997178077698,-0.7705650152215514
0.36,90,blade_0,blade_0_RotorFlow_OpenVSP_Blade_0,RotorFlow_OpenVSP_Blade_0_segment_2,blade_0_RotorFlow_OpenVSP_Blade_0:RotorFlow_OpenVSP_Blade_0_segment_2:orig:0,orig,0,1.559913992881775,1.559913992881775,1.4389480352401733,1.6815823316574097,4,0.7499998807907104,0.0952390655875206,-0.5547895431518555,-1.6643515825271606,1.2176498174667358,-0.13684795796871185,-0.3396388292312622,-0.7705650152215514
0.36,90,blade_0,blade_0_RotorFlow_OpenVSP_Blade_0,RotorFlow_OpenVSP_Blade_0_segment_2,blade_0_RotorFlow_OpenVSP_Blade_0:RotorFlow_OpenVSP_Blade_0_segment_2:orig:0,orig,0,1.559913992881775,1.559913992881775,1.4389480352401733,1.6815823316574097,5,0.916666567325592,0.09523912519216537,-0.3849046230316162,-1.1547013521194458,0.8576412200927734,-0.07725442200899124,-0.23782777786254883,-0.7705650152215514
0.36,90,blade_0,blade_0_RotorFlow_OpenVSP_Blade_0,RotorFlow_OpenVSP_Blade_0_segment_3,blade_0_RotorFlow_OpenVSP_Blade_0:RotorFlow_OpenVSP_Blade_0_segment_3:orig:0,orig,0,1.7870107889175415,1.7870107889175415,1.6662508249282837,1.9086259603500366,0,0.08333351463079453,0.09335558861494064,-3.4467239379882812,-10.548680305480957,6.074688911437988,-3.7454488277435303,-9.1375150680542,-0.6799610755568163
0.36,90,blade_0,blade_0_RotorFlow_OpenVSP_Blade_0,RotorFlow_OpenVSP_Blade_0_segment_3,blade_0_RotorFlow_OpenVSP_Blade_0:RotorFlow_OpenVSP_Blade_0_segment_3:orig:0,orig,0,1.7870107889175415,1.7870107889175415,1.6662508249282837,1.9086259603500366,1,0.25000014901161194,0.0933554396033287,-1.5805729627609253,-4.837342739105225,3.530177593231201,-0.6496273875236511,-1.2241278886795044,-0.6799610755568163
0.36,90,blade_0,blade_0_RotorFlow_OpenVSP_Blade_0,RotorFlow_OpenVSP_Blade_0_segment_3,blade_0_RotorFlow_OpenVSP_Blade_0:RotorFlow_OpenVSP_Blade_0_segment_3:orig:0,orig,0,1.7870107889175415,1.7870107889175415,1.6662508249282837,1.9086259603500366,2,0.41666653752326965,0.09335533529520035,-1.070050835609436,-3.2748939990997314,2.4653096199035645,-0.34177181124687195,-0.6572474837303162,-0.6799610755568163
0.36,90,blade_0,blade_0_RotorFlow_OpenVSP_Blade_0,RotorFlow_OpenVSP_Blade_0_segment_3,blade_0_RotorFlow_OpenVSP_Blade_0:RotorFlow_OpenVSP_Blade_0_segment_3:orig:0,orig,0,1.7870107889175415,1.7870107889175415,1.6662508249282837,1.9086259603500366,3,0.5833330750465393,0.09335553646087646,-0.7848801016807556,-2.402122735977173,1.8389499187469482,-0.2113369107246399,-0.45327404141426086,-0.6799610755568163
0.36,90,blade_0,blade_0_RotorFlow_OpenVSP_Blade_0,RotorFlow_OpenVSP_Blade_0_segment_3,blade_0_RotorFlow_OpenVSP_Blade_0:RotorFlow_OpenVSP_Blade_0_segment_3:orig:0,orig,0,1.7870107889175415,1.7870107889175415,1.6662508249282837,1.9086259603500366,4,0.7499999403953552,0.09335553646087646,-0.5763250589370728,-1.7638407945632935,1.3658298254013062,-0.13238884508609772,-0.33063045144081116,-0.6799610755568163
0.36,90,blade_0,blade_0_RotorFlow_OpenVSP_Blade_0,RotorFlow_OpenVSP_Blade_0_segment_3,blade_0_RotorFlow_OpenVSP_Blade_0:RotorFlow_OpenVSP_Blade_0_segment_3:orig:0,orig,0,1.7870107889175415,1.7870107889175415,1.6662508249282837,1.9086259603500366,5,0.9166666269302368,0.09335552901029587,-0.3850860893726349,-1.178554654121399,0.9190429449081421,-0.0745496153831482,-0.22385354340076447,-0.6799610755568163
0.36,90,blade_0,blade_0_RotorFlow_OpenVSP_Blade_0,RotorFlow_OpenVSP_Blade_0_segment_4,blade_0_RotorFlow_OpenVSP_Blade_0:RotorFlow_OpenVSP_Blade_0_segment_4:orig:0,orig,0,2.0142130851745605,2.0142130851745605,1.8936258554458618,2.135728359222412,0,0.08333328366279602,0.09146735817193985,-3.573268175125122,-11.161727905273438,7.20920467376709,-3.934502124786377,-9.880496978759766,-0.5893150448725344
0.36,90,blade_0,blade_0_RotorFlow_OpenVSP_Blade_0,RotorFlow_OpenVSP_Blade_0_segment_4,blade_0_RotorFlow_OpenVSP_Blade_0:RotorFlow_OpenVSP_Blade_0_segment_4:orig:0,orig,0,2.0142130851745605,2.0142130851745605,1.8936258554458618,2.135728359222412,1,0.2500002384185791,0.09146759659051895,-1.6353886127471924,-5.1084089279174805,3.994081974029541,-0.6342144012451172,-1.2501459121704102,-0.5893150448725344
0.36,90,blade_0,blade_0_RotorFlow_OpenVSP_Blade_0,RotorFlow_OpenVSP_Blade_0_segment_4,blade_0_RotorFlow_OpenVSP_Blade_0:RotorFlow_OpenVSP_Blade_0_segment_4:orig:0,orig,0,2.0142130851745605,2.0142130851745605,1.8936258554458618,2.135728359222412,2,0.41666683554649353,0.09146714210510254,-1.10128653049469,-3.4400691986083984,2.7590396404266357,-0.3267989754676819,-0.6501664519309998,-0.5893150448725344
0.36,90,blade_0,blade_0_RotorFlow_OpenVSP_Blade_0,RotorFlow_OpenVSP_Blade_0_segment_4,blade_0_RotorFlow_OpenVSP_Blade_0:RotorFlow_OpenVSP_Blade_0_segment_4:orig:0,orig,0,2.0142130851745605,2.0142130851745605,1.8936258554458618,2.135728359222412,3,0.5833333134651184,0.09146732836961746,-0.798905611038208,-2.4955222606658936,2.0300850868225098,-0.19987423717975616,-0.4375165104866028,-0.5893150448725344
0.36,90,blade_0,blade_0_RotorFlow_OpenVSP_Blade_0,RotorFlow_OpenVSP_Blade_0_segment_4,blade_0_RotorFlow_OpenVSP_Blade_0:RotorFlow_OpenVSP_Blade_0_segment_4:orig:0,orig,0,2.0142130851745605,2.0142130851745605,1.8936258554458618,2.135728359222412,4,0.7499999403953552,0.09146730601787567,-0.5743399262428284,-1.794052243232727,1.4754706621170044,-0.12362255156040192,-0.3101239800453186,-0.5893150448725344
0.36,90,blade_0,blade_0_RotorFlow_OpenVSP_Blade_0,RotorFlow_OpenVSP_Blade_0_segment_4,blade_0_RotorFlow_OpenVSP_Blade_0:RotorFlow_OpenVSP_Blade_0_segment_4:orig:0,orig,0,2.0142130851745605,2.0142130851745605,1.8936258554458618,2.135728359222412,5,0.916666567325592,0.09146752208471298,-0.3682776391506195,-1.1503775119781494,0.9554437398910522,-0.06816156208515167,-0.2015271782875061,-0.5893150448725344
0.36,90,blade_0,blade_0_RotorFlow_OpenVSP_Blade_0,RotorFlow_OpenVSP_Blade_0_segment_5,blade_0_RotorFlow_OpenVSP_Blade_0:RotorFlow_OpenVSP_Blade_0_segment_5:orig:0,orig,0,2.2414753437042236,2.2414753437042236,2.1210436820983887,2.362863540649414,0,0.08333329856395721,0.08957675099372864,-3.642899513244629,-11.619402885437012,8.282570838928223,-4.044272422790527,-10.3736572265625,-0.49864509126979817
0.36,90,blade_0,blade_0_RotorFlow_OpenVSP_Blade_0,RotorFlow_OpenVSP_Blade_0_segment_5,blade_0_RotorFlow_OpenVSP_Blade_0:RotorFlow_OpenVSP_Blade_0_segment_5:orig:0,orig,0,2.2414753437042236,2.2414753437042236,2.1210436820983887,2.362863540649414,1,0.25000014901161194,0.08957696706056595,-1.6638730764389038,-5.307081699371338,4.416470527648926,-0.6129286289215088,-1.2521486282348633,-0.49864509126979817
0.36,90,blade_0,blade_0_RotorFlow_OpenVSP_Blade_0,RotorFlow_OpenVSP_Blade_0_segment_5,blade_0_RotorFlow_OpenVSP_Blade_0:RotorFlow_OpenVSP_Blade_0_segment_5:orig:0,orig,0,2.2414753437042236,2.2414753437042236,2.1210436820983887,2.362863540649414,2,0.41666674613952637,0.08957666903734207,-1.1163644790649414,-3.560762882232666,3.026254653930664,-0.3100411295890808,-0.6338047981262207,-0.49864509126979817
0.36,90,blade_0,blade_0_RotorFlow_OpenVSP_Blade_0,RotorFlow_OpenVSP_Blade_0_segment_5,blade_0_RotorFlow_OpenVSP_Blade_0:RotorFlow_OpenVSP_Blade_0_segment_5:orig:0,orig,0,2.2414753437042236,2.2414753437042236,2.1210436820983887,2.362863540649414,3,0.5833333134651184,0.089576855301857,-0.8049842715263367,-2.567577362060547,2.2082040309906006,-0.1882271021604538,-0.41873663663864136,-0.49864509126979817
0.36,90,blade_0,blade_0_RotorFlow_OpenVSP_Blade_0,RotorFlow_OpenVSP_Blade_0_segment_5,blade_0_RotorFlow_OpenVSP_Blade_0:RotorFlow_OpenVSP_Blade_0_segment_5:orig:0,orig,0,2.2414753437042236,2.2414753437042236,2.1210436820983887,2.362863540649414,4,0.75,0.08957672119140625,-0.5730845332145691,-1.8279128074645996,1.5866252183914185,-0.11586198210716248,-0.2916816771030426,-0.49864509126979817
0.36,90,blade_0,blade_0_RotorFlow_OpenVSP_Blade_0,RotorFlow_OpenVSP_Blade_0_segment_5,blade_0_RotorFlow_OpenVSP_Blade_0:RotorFlow_OpenVSP_Blade_0_segment_5:orig:0,orig,0,2.2414753437042236,2.2414753437042236,2.1210436820983887,2.362863540649414,5,0.9166666269302368,0.08957680314779282,-0.36120349168777466,-1.152095079421997,1.008111834526062,-0.06347569823265076,-0.18544645607471466,-0.49864509126979817
0.36,90,blade_0,blade_0_RotorFlow_OpenVSP_Blade_0,RotorFlow_OpenVSP_Blade_0_segment_6,blade_0_RotorFlow_OpenVSP_Blade_0:RotorFlow_OpenVSP_Blade_0_segment_6:orig:0,orig,0,2.468770742416382,2.468770742416382,2.3484880924224854,2.590019702911377,0,0.08333327621221542,0.08768489211797714,-3.678823709487915,-11.98715591430664,9.298755645751953,-4.1068434715271,-10.707216262817383,-0.4079619158552721
0.36,90,blade_0,blade_0_RotorFlow_OpenVSP_Blade_0,RotorFlow_OpenVSP_Blade_0_segment_6,blade_0_RotorFlow_OpenVSP_Blade_0:RotorFlow_OpenVSP_Blade_0_segment_6:orig:0,orig,0,2.468770742416382,2.468770742416382,2.3484880924224854,2.590019702911377,1,0.25000011920928955,0.08768515288829803,-1.6780853271484375,-5.467892169952393,4.812734127044678,-0.590011715888977,-1.2410029172897339,-0.4079619158552721
0.36,90,blade_0,blade_0_RotorFlow_OpenVSP_Blade_0,RotorFlow_OpenVSP_Blade_0_segment_6,blade_0_RotorFlow_OpenVSP_Blade_0:RotorFlow_OpenVSP_Blade_0_segment_6:orig:0,orig,0,2.468770742416382,2.468770742416382,2.3484880924224854,2.590019702911377,2,0.41666677594184875,0.087684765458107,-1.1237457990646362,-3.661642074584961,3.2799477577209473,-0.2935127913951874,-0.6134605407714844,-0.4079619158552721
0.36,90,blade_0,blade_0_RotorFlow_OpenVSP_Blade_0,RotorFlow_OpenVSP_Blade_0_segment_6,blade_0_RotorFlow_OpenVSP_Blade_0:RotorFlow_OpenVSP_Blade_0_segment_6:orig:0,orig,0,2.468770742416382,2.468770742416382,2.3484880924224854,2.590019702911377,3,0.5833333134651184,0.08768507093191147,-0.8082035183906555,-2.6334617137908936,2.382631540298462,-0.17721860110759735,-0.3993992805480957,-0.4079619158552721
0.36,90,blade_0,blade_0_RotorFlow_OpenVSP_Blade_0,RotorFlow_OpenVSP_Blade_0_segment_6,blade_0_RotorFlow_OpenVSP_Blade_0:RotorFlow_OpenVSP_Blade_0_segment_6:orig:0,orig,0,2.468770742416382,2.468770742416382,2.3484880924224854,2.590019702911377,4,0.7500004768371582,0.08768504858016968,-0.5735263824462891,-1.8687870502471924,1.7040561437606812,-0.10894940793514252,-0.2750360667705536,-0.4079619158552721
0.36,90,blade_0,blade_0_RotorFlow_OpenVSP_Blade_0,RotorFlow_OpenVSP_Blade_0_segment_6,blade_0_RotorFlow_OpenVSP_Blade_0:RotorFlow_OpenVSP_Blade_0_segment_6:orig:0,orig,0,2.468770742416382,2.468770742416382,2.3484880924224854,2.590019702911377,5,0.9166668057441711,0.08768481016159058,-0.3608327805995941,-1.175746202468872,1.0793641805648804,-0.0597120076417923,-0.17296835780143738,-0.4079619158552721
0.36,90,blade_0,blade_0_RotorFlow_OpenVSP_Blade_0,RotorFlow_OpenVSP_Blade_0_segment_7,blade_0_RotorFlow_OpenVSP_Blade_0:RotorFlow_OpenVSP_Blade_0_segment_7:orig:0,orig,0,2.696087121963501,2.696087121963501,2.5759472846984863,2.817186117172241,0,0.08333349972963333,0.08579247444868088,-3.69374680519104,-12.301268577575684,10.263381004333496,-4.1410651206970215,-10.938250541687012,-0.3172703697973107
0.36,90,blade_0,blade_0_RotorFlow_OpenVSP_Blade_0,RotorFlow_OpenVSP_Blade_0_segment_7,blade_0_RotorFlow_OpenVSP_Blade_0:RotorFlow_OpenVSP_Blade_0_segment_7:orig:0,orig,0,2.696087121963501,2.696087121963501,2.5759472846984863,2.817186117172241,1,0.2500004172325134,0.08579256385564804,-1.6837941408157349,-5.607525825500488,5.189879894256592,-0.5672127604484558,-1.222589135169983,-0.3172703697973107
0.36,90,blade_0,blade_0_RotorFlow_OpenVSP_Blade_0,RotorFlow_OpenVSP_Blade_0_segment_7,blade_0_RotorFlow_OpenVSP_Blade_0:RotorFlow_OpenVSP_Blade_0_segment_7:orig:0,orig,0,2.696087121963501,2.696087121963501,2.5759472846984863,2.817186117172241,2,0.4166671633720398,0.08579239249229431,-1.12686026096344,-3.752781391143799,3.524057626724243,-0.2778824269771576,-0.5917410254478455,-0.3172703697973107
0.36,90,blade_0,blade_0_RotorFlow_OpenVSP_Blade_0,RotorFlow_OpenVSP_Blade_0_segment_7,blade_0_RotorFlow_OpenVSP_Blade_0:RotorFlow_OpenVSP_Blade_0_segment_7:orig:0,orig,0,2.696087121963501,2.696087121963501,2.5759472846984863,2.817186117172241,3,0.5833337306976318,0.08579205721616745,-0.8100590109825134,-2.697748899459839,2.553896188735962,-0.16714610159397125,-0.38085445761680603,-0.3172703697973107
0.36,90,blade_0,blade_0_RotorFlow_OpenVSP_Blade_0,RotorFlow_OpenVSP_Blade_0_segment_7,blade_0_RotorFlow_OpenVSP_Blade_0:RotorFlow_OpenVSP_Blade_0_segment_7:orig:0,orig,0,2.696087121963501,2.696087121963501,2.5759472846984863,2.817186117172241,4,0.7500001788139343,0.08579254150390625,-0.5747917294502258,-1.9142247438430786,1.823091745376587,-0.10302048921585083,-0.26069268584251404,-0.3172703697973107
0.36,90,blade_0,blade_0_RotorFlow_OpenVSP_Blade_0,RotorFlow_OpenVSP_Blade_0_segment_7,blade_0_RotorFlow_OpenVSP_Blade_0:RotorFlow_OpenVSP_Blade_0_segment_7:orig:0,orig,0,2.696087121963501,2.696087121963501,2.5759472846984863,2.817186117172241,5,0.916666567325592,0.08579228073358536,-0.36153531074523926,-1.2040221691131592,1.152055263519287,-0.05695776641368866,-0.16362567245960236,-0.3172703697973107
0.36,90,blade_0,blade_0_RotorFlow_OpenVSP_Blade_0,RotorFlow_OpenVSP_Blade_0_segment_8,blade_0_RotorFlow_OpenVSP_Blade_0:RotorFlow_OpenVSP_Blade_0_segment_8:orig:0,orig,0,2.9234158992767334,2.9234158992767334,2.803420066833496,3.0443613529205322,0,0.08333324640989304,0.08389927446842194,-3.6937525272369385,-12.578866958618164,11.179532051086426,-4.155828952789307,-11.095224380493164,-0.22657387745004662
0.36,90,blade_0,blade_0_RotorFlow_OpenVSP_Blade_0,RotorFlow_OpenVSP_Blade_0_segment_8,blade_0_RotorFlow_OpenVSP_Blade_0:RotorFlow_OpenVSP_Blade_0_segment_8:orig:0,orig,0,2.9234158992767334,2.9234158992767334,2.803420066833496,3.0443613529205322,1,0.2500002384185791,0.08389940857887268,-1.6830536127090454,-5.7315354347229,5.549405574798584,-0.5448618531227112,-1.199232578277588,-0.22657387745004662
0.36,90,blade_0,blade_0_RotorFlow_OpenVSP_Blade_0,RotorFlow_OpenVSP_Blade_0_segment_8,blade_0_RotorFlow_OpenVSP_Blade_0:RotorFlow_OpenVSP_Blade_0_segment_8:orig:0,orig,0,2.9234158992767334,2.9234158992767334,2.803420066833496,3.0443613529205322,2,0.41666698455810547,0.08389927446842194,-1.125845193862915,-3.834002733230591,3.7572669982910156,-0.26290953159332275,-0.5688565969467163,-0.22657387745004662
0.36,90,blade_0,blade_0_RotorFlow_OpenVSP_Blade_0,RotorFlow_OpenVSP_Blade_0_segment_8,blade_0_RotorFlow_OpenVSP_Blade_0:RotorFlow_OpenVSP_Blade_0_segment_8:orig:0,orig,0,2.9234158992767334,2.9234158992767334,2.803420066833496,3.0443613529205322,3,0.5833336710929871,0.08389922976493835,-0.8088984489440918,-2.754660129547119,2.7174875736236572,-0.15743409097194672,-0.3620641231536865,-0.22657387745004662
0.36,90,blade_0,blade_0_RotorFlow_OpenVSP_Blade_0,RotorFlow_OpenVSP_Blade_0_segment_8,blade_0_RotorFlow_OpenVSP_Blade_0:RotorFlow_OpenVSP_Blade_0_segment_8:orig:0,orig,0,2.9234158992767334,2.9234158992767334,2.803420066833496,3.0443613529205322,4,0.7500000596046448,0.08389922976493835,-0.5734910368919373,-1.9529927968978882,1.9358946084976196,-0.09708958119153976,-0.24617138504981995,-0.22657387745004662
0.36,90,blade_0,blade_0_RotorFlow_OpenVSP_Blade_0,RotorFlow_OpenVSP_Blade_0_segment_8,blade_0_RotorFlow_OpenVSP_Blade_0:RotorFlow_OpenVSP_Blade_0_segment_8:orig:0,orig,0,2.9234158992767334,2.9234158992767334,2.803420066833496,3.0443613529205322,5,0.9166667461395264,0.08389918506145477,-0.3600557744503021,-1.2261511087417603,1.21986722946167,-0.05393153801560402,-0.15390636026859283,-0.22657387745004662
0.36,90,blade_0,blade_0_RotorFlow_OpenVSP_Blade_0,RotorFlow_OpenVSP_Blade_0_segment_9,blade_0_RotorFlow_OpenVSP_Blade_0:RotorFlow_OpenVSP_Blade_0_segment_9:orig:0,orig,0,3.1507532596588135,3.1507532596588135,3.030900001525879,3.271540641784668,0,0.0833331048488617,0.0820055603981018,-3.682114839553833,-12.828798294067383,12.049118995666504,-4.1553635597229,-11.194071769714355,-0.1358739607486499
0.36,90,blade_0,blade_0_RotorFlow_OpenVSP_Blade_0,RotorFlow_OpenVSP_Blade_0_segment_9,blade_0_RotorFlow_OpenVSP_Blade_0:RotorFlow_OpenVSP_Blade_0_segment_9:orig:0,orig,0,3.1507532596588135,3.1507532596588135,3.030900001525879,3.271540641784668,1,0.2499995082616806,0.08200612664222717,-1.6771208047866821,-5.843189716339111,5.89225435256958,-0.5230416059494019,-1.1722607612609863,-0.1358739607486499
0.36,90,blade_0,blade_0_RotorFlow_OpenVSP_Blade_0,RotorFlow_OpenVSP_Blade_0_segment_9,blade_0_RotorFlow_OpenVSP_Blade_0:RotorFlow_OpenVSP_Blade_0_segment_9:orig:0,orig,0,3.1507532596588135,3.1507532596588135,3.030900001525879,3.271540641784668,2,0.4166666567325592,0.08200591057538986,-1.121457815170288,-3.9072370529174805,3.980017900466919,-0.2485608160495758,-0.5452805161476135,-0.1358739607486499
0.36,90,blade_0,blade_0_RotorFlow_OpenVSP_Blade_0,RotorFlow_OpenVSP_Blade_0_segment_9,blade_0_RotorFlow_OpenVSP_Blade_0:RotorFlow_OpenVSP_Blade_0_segment_9:orig:0,orig,0,3.1507532596588135,3.1507532596588135,3.030900001525879,3.271540641784668,3,0.583333432674408,0.08200602233409882,-0.8053423166275024,-2.8058648109436035,2.873955249786377,-0.14809773862361908,-0.3433016538619995,-0.1358739607486499
0.36,90,blade_0,blade_0_RotorFlow_OpenVSP_Blade_0,RotorFlow_OpenVSP_Blade_0_segment_9,blade_0_RotorFlow_OpenVSP_Blade_0:RotorFlow_OpenVSP_Blade_0_segment_9:orig:0,orig,0,3.1507532596588135,3.1507532596588135,3.030900001525879,3.271540641784668,4,0.7500001788139343,0.0820058211684227,-0.5704820156097412,-1.9876010417938232,2.0439436435699463,-0.09133470058441162,-0.2319696992635727,-0.1358739607486499
0.36,90,blade_0,blade_0_RotorFlow_OpenVSP_Blade_0,RotorFlow_OpenVSP_Blade_0_segment_9,blade_0_RotorFlow_OpenVSP_Blade_0:RotorFlow_OpenVSP_Blade_0_segment_9:orig:0,orig,0,3.1507532596588135,3.1507532596588135,3.030900001525879,3.271540641784668,5,0.916666567325592,0.08200584352016449,-0.35729625821113586,-1.244845986366272,1.2839248180389404,-0.05093095451593399,-0.1445223093032837,-0.1358739607486499
0.36,90,blade_0,blade_0_RotorFlow_OpenVSP_Blade_0,RotorFlow_OpenVSP_Blade_0_segment_10,blade_0_RotorFlow_OpenVSP_Blade_0:RotorFlow_OpenVSP_Blade_0_segment_10:orig:0,orig,0,3.3780972957611084,3.3780972957611084,3.258383274078369,3.498722791671753,0,0.08333329111337662,0.0801122859120369,-3.6607532501220703,-13.055793762207031,12.87248420715332,-4.142218589782715,-11.244039535522461,-0.045171380660705585
0.36,90,blade_0,blade_0_RotorFlow_OpenVSP_Blade_0,RotorFlow_OpenVSP_Blade_0_segment_10,blade_0_RotorFlow_OpenVSP_Blade_0:RotorFlow_OpenVSP_Blade_0_segment_10:orig:0,orig,0,3.3780972957611084,3.3780972957611084,3.258383274078369,3.498722791671753,1,0.24999961256980896,0.0801122859120369,-1.666857361793518,-5.944717884063721,6.218515872955322,-0.5016986131668091,-1.1424623727798462,-0.045171380660705585
0.36,90,blade_0,blade_0_RotorFlow_OpenVSP_Blade_0,RotorFlow_OpenVSP_Blade_0_segment_10,blade_0_RotorFlow_OpenVSP_Blade_0:RotorFlow_OpenVSP_Blade_0_segment_10:orig:0,orig,0,3.3780972957611084,3.3780972957611084,3.258383274078369,3.498722791671753,2,0.41666629910469055,0.08011245727539062,-1.1141502857208252,-3.973522424697876,4.192066669464111,-0.23472630977630615,-0.5211661458015442,-0.045171380660705585
0.36,90,blade_0,blade_0_RotorFlow_OpenVSP_Blade_0,RotorFlow_OpenVSP_Blade_0_segment_10,blade_0_RotorFlow_OpenVSP_Blade_0:RotorFlow_OpenVSP_Blade_0_segment_10:orig:0,orig,0,3.3780972957611084,3.3780972957611084,3.258383274078369,3.498722791671753,3,0.5833331346511841,0.08011268079280853,-0.7996603846549988,-2.8519129753112793,3.022782325744629,-0.13907171785831451,-0.324583500623703,-0.045171380660705585
0.36,90,blade_0,blade_0_RotorFlow_OpenVSP_Blade_0,RotorFlow_OpenVSP_Blade_0_segment_10,blade_0_RotorFlow_OpenVSP_Blade_0:RotorFlow_OpenVSP_Blade_0_segment_10:orig:0,orig,0,3.3780972957611084,3.3780972957611084,3.258383274078369,3.498722791671753,4,0.7499999403953552,0.0801122859120369,-0.5658895373344421,-2.0182013511657715,2.146243095397949,-0.0857095718383789,-0.2179940640926361,-0.045171380660705585
0.36,90,blade_0,blade_0_RotorFlow_OpenVSP_Blade_0,RotorFlow_OpenVSP_Blade_0_segment_10,blade_0_RotorFlow_OpenVSP_Blade_0:RotorFlow_OpenVSP_Blade_0_segment_10:orig:0,orig,0,3.3780972957611084,3.3780972957611084,3.258383274078369,3.498722791671753,5,0.9166666865348816,0.08011246472597122,-0.35333430767059326,-1.2601367235183716,1.3433916568756104,-0.04796720668673515,-0.13544414937496185,-0.045171380660705585
0.36,90,blade_0,blade_0_RotorFlow_OpenVSP_Blade_0,RotorFlow_OpenVSP_Blade_0_segment_11,blade_0_RotorFlow_OpenVSP_Blade_0:RotorFlow_OpenVSP_Blade_0_segment_11:orig:0,orig,0,3.6054437160491943,3.6054437160491943,3.485872745513916,3.725908041000366,0,0.08333341032266617,0.07821884751319885,-3.63079833984375,-13.262415885925293,13.648837089538574,-4.1172308921813965,-11.250060081481934,0.04553215063672001
0.36,90,blade_0,blade_0_RotorFlow_OpenVSP_Blade_0,RotorFlow_OpenVSP_Blade_0_segment_11,blade_0_RotorFlow_OpenVSP_Blade_0:RotorFlow_OpenVSP_Blade_0_segment_11:orig:0,orig,0,3.6054437160491943,3.6054437160491943,3.485872745513916,3.725908041000366,1,0.24999991059303284,0.07821846008300781,-1.6526503562927246,-6.03675651550293,6.526771068572998,-0.480664998292923,-1.1101266145706177,0.04553215063672001
0.36,90,blade_0,blade_0_RotorFlow_OpenVSP_Blade_0,RotorFlow_OpenVSP_Blade_0_segment_11,blade_0_RotorFlow_OpenVSP_Blade_0:RotorFlow_OpenVSP_Blade_0_segment_11:orig:0,orig,0,3.6054437160491943,3.6054437160491943,3.485872745513916,3.725908041000366,2,0.4166662096977234,0.07821875810623169,-1.104263424873352,-4.033608436584473,4.392536163330078,-0.22133219242095947,-0.49666109681129456,0.04553215063672001
0.36,90,blade_0,blade_0_RotorFlow_OpenVSP_Blade_0,RotorFlow_OpenVSP_Blade_0_segment_11,blade_0_RotorFlow_OpenVSP_Blade_0:RotorFlow_OpenVSP_Blade_0_segment_11:orig:0,orig,0,3.6054437160491943,3.6054437160491943,3.485872745513916,3.725908041000366,3,0.5833332538604736,0.07821927219629288,-0.7921569347381592,-2.8935396671295166,3.1635024547576904,-0.13033609092235565,-0.30600109696388245,0.04553215063672001
0.36,90,blade_0,blade_0_RotorFlow_OpenVSP_Blade_0,RotorFlow_OpenVSP_Blade_0_segment_11,blade_0_RotorFlow_OpenVSP_Blade_0:RotorFlow_OpenVSP_Blade_0_segment_11:orig:0,orig,0,3.6054437160491943,3.6054437160491943,3.485872745513916,3.725908041000366,4,0.7500001788139343,0.07821869850158691,-0.5600326657295227,-2.045665979385376,2.242698907852173,-0.08026348799467087,-0.20439746975898743,0.04553215063672001
0.36,90,blade_0,blade_0_RotorFlow_OpenVSP_Blade_0,RotorFlow_OpenVSP_Blade_0_segment_11,blade_0_RotorFlow_OpenVSP_Blade_0:RotorFlow_OpenVSP_Blade_0_segment_11:orig:0,orig,0,3.6054437160491943,3.6054437160491943,3.485872745513916,3.725908041000366,5,0.9166667461395264,0.07821865379810333,-0.34835031628608704,-1.2724415063858032,1.3978064060211182,-0.04513540118932724,-0.12687449157238007,0.04553215063672001
0.36,90,blade_0,blade_0_RotorFlow_OpenVSP_Blade_0,RotorFlow_OpenVSP_Blade_0_segment_12,blade_0_RotorFlow_OpenVSP_Blade_0:RotorFlow_OpenVSP_Blade_0_segment_12:orig:0,orig,0,3.8327929973602295,3.8327929973602295,3.713362693786621,3.9530954360961914,0,0.08333336561918259,0.07632510364055634,-3.592717409133911,-13.44892692565918,14.374469757080078,-4.080480098724365,-11.213552474975586,0.13623682338552315
0.36,90,blade_0,blade_0_RotorFlow_OpenVSP_Blade_0,RotorFlow_OpenVSP_Blade_0_segment_12,blade_0_RotorFlow_OpenVSP_Blade_0:RotorFlow_OpenVSP_Blade_0_segment_12:orig:0,orig,0,3.8327929973602295,3.8327929973602295,3.713362693786621,3.9530954360961914,1,0.24999992549419403,0.0763249322772026,-1.6346906423568726,-6.119290828704834,6.815417766571045,-0.4597582519054413,-1.0753101110458374,0.13623682338552315
0.36,90,blade_0,blade_0_RotorFlow_OpenVSP_Blade_0,RotorFlow_OpenVSP_Blade_0_segment_12,blade_0_RotorFlow_OpenVSP_Blade_0:RotorFlow_OpenVSP_Blade_0_segment_12:orig:0,orig,0,3.8327929973602295,3.8327929973602295,3.713362693786621,3.9530954360961914,2,0.41666629910469055,0.0763249322772026,-1.0916616916656494,-4.086519718170166,4.579409122467041,-0.20816905796527863,-0.47151073813438416,0.13623682338552315
0.36,90,blade_0,blade_0_RotorFlow_OpenVSP_Blade_0,RotorFlow_OpenVSP_Blade_0_segment_12,blade_0_RotorFlow_OpenVSP_Blade_0:RotorFlow_OpenVSP_Blade_0_segment_12:orig:0,orig,0,3.8327929973602295,3.8327929973602295,3.713362693786621,3.9530954360961914,3,0.5833333134651184,0.07632550597190857,-0.7825199365615845,-2.9292585849761963,3.2936699390411377,-0.12168369442224503,-0.28713712096214294,0.13623682338552315
0.36,90,blade_0,blade_0_RotorFlow_OpenVSP_Blade_0,RotorFlow_OpenVSP_Blade_0_segment_12,blade_0_RotorFlow_OpenVSP_Blade_0:RotorFlow_OpenVSP_Blade_0_segment_12:orig:0,orig,0,3.8327929973602295,3.8327929973602295,3.713362693786621,3.9530954360961914,4,0.7500002384185791,0.07632502168416977,-0.5524362325668335,-2.067983865737915,2.3308796882629395,-0.07473733276128769,-0.19052031636238098,0.13623682338552315
0.36,90,blade_0,blade_0_RotorFlow_OpenVSP_Blade_0,RotorFlow_OpenVSP_Blade_0_segment_12,blade_0_RotorFlow_OpenVSP_Blade_0:RotorFlow_OpenVSP_Blade_0_segment_12:orig:0,orig,0,3.8327929973602295,3.8327929973602295,3.713362693786621,3.9530954360961914,5,0.9166667461395264,0.0763249322772026,-0.34230393171310425,-1.2813785076141357,1.4468810558319092,-0.04210375249385834,-0.11793644726276398,0.13623682338552315
0.36,90,blade_0,blade_0_RotorFlow_OpenVSP_Blade_0,RotorFlow_OpenVSP_Blade_0_segment_13,blade_0_RotorFlow_OpenVSP_Blade_0:RotorFlow_OpenVSP_Blade_0_segment_13:orig:0,orig,0,4.060144901275635,4.060144901275635,3.940855026245117,4.180282115936279,0,0.08333354443311691,0.07443162798881531,-3.546919107437134,-13.615254402160645,15.046346664428711,-4.0316619873046875,-11.135519981384277,0.2269425424647557
0.36,90,blade_0,blade_0_RotorFlow_OpenVSP_Blade_0,RotorFlow_OpenVSP_Blade_0_segment_13,blade_0_RotorFlow_OpenVSP_Blade_0:RotorFlow_OpenVSP_Blade_0_segment_13:orig:0,orig,0,4.060144901275635,4.060144901275635,3.940855026245117,4.180282115936279,1,0.250000536441803,0.0744311660528183,-1.6131373643875122,-6.1922502517700195,7.082212924957275,-0.43881940841674805,-1.03804349899292,0.2269425424647557
0.36,90,blade_0,blade_0_RotorFlow_OpenVSP_Blade_0,RotorFlow_OpenVSP_Blade_0_segment_13,blade_0_RotorFlow_OpenVSP_Blade_0:RotorFlow_OpenVSP_Blade_0_segment_13:orig:0,orig,0,4.060144901275635,4.060144901275635,3.940855026245117,4.180282115936279,2,0.41666698455810547,0.07443136721849442,-1.0766850709915161,-4.132992744445801,4.751866817474365,-0.19522610306739807,-0.44586125016212463,0.2269425424647557
0.36,90,blade_0,blade_0_RotorFlow_OpenVSP_Blade_0,RotorFlow_OpenVSP_Blade_0_segment_13,blade_0_RotorFlow_OpenVSP_Blade_0:RotorFlow_OpenVSP_Blade_0_segment_13:orig:0,orig,0,4.060144901275635,4.060144901275635,3.940855026245117,4.180282115936279,3,0.5833338499069214,0.07443162798881531,-0.7712161540985107,-2.9604012966156006,3.4137625694274902,-0.11318062990903854,-0.2682288587093353,0.2269425424647557
0.36,90,blade_0,blade_0_RotorFlow_OpenVSP_Blade_0,RotorFlow_OpenVSP_Blade_0_segment_13,blade_0_RotorFlow_OpenVSP_Blade_0:RotorFlow_OpenVSP_Blade_0_segment_13:orig:0,orig,0,4.060144901275635,4.060144901275635,3.940855026245117,4.180282115936279,4,0.7500001788139343,0.07443083077669144,-0.5438283681869507,-2.08756947517395,2.412280559539795,-0.06930851191282272,-0.17683281004428864,0.2269425424647557
0.36,90,blade_0,blade_0_RotorFlow_OpenVSP_Blade_0,RotorFlow_OpenVSP_Blade_0_segment_13,blade_0_RotorFlow_OpenVSP_Blade_0:RotorFlow_OpenVSP_Blade_0_segment_13:orig:0,orig,0,4.060144901275635,4.060144901275635,3.940855026245117,4.180282115936279,5,0.916666567325592,0.07443149387836456,-0.33587783575057983,-1.2893075942993164,1.492217779159546,-0.03917341306805611,-0.10938841849565506,0.2269425424647557
0.36,90,blade_0,blade_0_RotorFlow_OpenVSP_Blade_0,RotorFlow_OpenVSP_Blade_0_segment_14,blade_0_RotorFlow_OpenVSP_Blade_0:RotorFlow_OpenVSP_Blade_0_segment_14:orig:0,orig,0,4.287497520446777,4.287497520446777,4.168346405029297,4.407472610473633,0,0.08333370089530945,0.0725378543138504,-3.4934844970703125,-13.760241508483887,15.660162925720215,-3.970539093017578,-11.015751838684082,0.31764854690683264
0.36,90,blade_0,blade_0_RotorFlow_OpenVSP_Blade_0,RotorFlow_OpenVSP_Blade_0_segment_14,blade_0_RotorFlow_OpenVSP_Blade_0:RotorFlow_OpenVSP_Blade_0_segment_14:orig:0,orig,0,4.287497520446777,4.287497520446777,4.168346405029297,4.407472610473633,1,0.2500004768371582,0.07253728061914444,-1.5881098508834839,-6.255344867706299,7.324831485748291,-0.4177689254283905,-0.998469352722168,0.31764854690683264
0.36,90,blade_0,blade_0_RotorFlow_OpenVSP_Blade_0,RotorFlow_OpenVSP_Blade_0_segment_14,blade_0_RotorFlow_OpenVSP_Blade_0:RotorFlow_OpenVSP_Blade_0_segment_14:orig:0,orig,0,4.287497520446777,4.287497520446777,4.168346405029297,4.407472610473633,2,0.41666683554649353,0.07253775000572205,-1.0594838857650757,-4.173133373260498,4.908730506896973,-0.18249759078025818,-0.4198755919933319,0.31764854690683264
0.36,90,blade_0,blade_0_RotorFlow_OpenVSP_Blade_0,RotorFlow_OpenVSP_Blade_0_segment_14,blade_0_RotorFlow_OpenVSP_Blade_0:RotorFlow_OpenVSP_Blade_0_segment_14:orig:0,orig,0,4.287497520446777,4.287497520446777,4.168346405029297,4.407472610473633,3,0.5833339691162109,0.0725376084446907,-0.7583584189414978,-2.9870550632476807,3.5226550102233887,-0.10484152287244797,-0.2493918091058731,0.31764854690683264
0.36,90,blade_0,blade_0_RotorFlow_OpenVSP_Blade_0,RotorFlow_OpenVSP_Blade_0_segment_14,blade_0_RotorFlow_OpenVSP_Blade_0:RotorFlow_OpenVSP_Blade_0_segment_14:orig:0,orig,0,4.287497520446777,4.287497520446777,4.168346405029297,4.407472610473633,4,0.7500000596046448,0.07253696769475937,-0.5341120362281799,-2.10380220413208,2.4856317043304443,-0.06397013366222382,-0.16332906484603882,0.31764854690683264
0.36,90,blade_0,blade_0_RotorFlow_OpenVSP_Blade_0,RotorFlow_OpenVSP_Blade_0_segment_14,blade_0_RotorFlow_OpenVSP_Blade_0:RotorFlow_OpenVSP_Blade_0_segment_14:orig:0,orig,0,4.287497520446777,4.287497520446777,4.168346405029297,4.407472610473633,5,0.9166663289070129,0.0725378692150116,-0.3286265730857849,-1.2944040298461914,1.5315059423446655,-0.03625212237238884,-0.10096368938684464,0.31764854690683264
0.36,90,blade_0,blade_0_RotorFlow_OpenVSP_Blade_0,RotorFlow_OpenVSP_Blade_0_segment_15,blade_0_RotorFlow_OpenVSP_Blade_0:RotorFlow_OpenVSP_Blade_0_segment_15:orig:0,orig,0,4.5148515701293945,4.5148515701293945,4.395842552185059,4.634659290313721,0,0.08333303779363632,0.07064376026391983,-3.431417226791382,-13.878152847290039,16.204757690429688,-3.893988609313965,-10.846508979797363,0.40835512207459834
0.36,90,blade_0,blade_0_RotorFlow_OpenVSP_Blade_0,RotorFlow_OpenVSP_Blade_0_segment_15,blade_0_RotorFlow_OpenVSP_Blade_0:RotorFlow_OpenVSP_Blade_0_segment_15:orig:0,orig,0,4.5148515701293945,4.5148515701293945,4.395842552185059,4.634659290313721,1,0.2500000596046448,0.0706433653831482,-1.559185266494751,-6.306062698364258,7.538646697998047,-0.39627382159233093,-0.955965518951416,0.40835512207459834
0.36,90,blade_0,blade_0_RotorFlow_OpenVSP_Blade_0,RotorFlow_OpenVSP_Blade_0_segment_15,blade_0_RotorFlow_OpenVSP_Blade_0:RotorFlow_OpenVSP_Blade_0_segment_15:orig:0,orig,0,4.5148515701293945,4.5148515701293945,4.395842552185059,4.634659290313721,2,0.4166663587093353,0.07064354419708252,-1.0397281646728516,-4.2051286697387695,5.046451091766357,-0.1698300540447235,-0.3932858407497406,0.40835512207459834
0.36,90,blade_0,blade_0_RotorFlow_OpenVSP_Blade_0,RotorFlow_OpenVSP_Blade_0_segment_15,blade_0_RotorFlow_OpenVSP_Blade_0:RotorFlow_OpenVSP_Blade_0_segment_15:orig:0,orig,0,4.5148515701293945,4.5148515701293945,4.395842552185059,4.634659290313721,3,0.5833330750465393,0.07064389437437057,-0.7438890933990479,-3.0086073875427246,3.618727445602417,-0.09662728011608124,-0.23057332634925842,0.40835512207459834
0.36,90,blade_0,blade_0_RotorFlow_OpenVSP_Blade_0,RotorFlow_OpenVSP_Blade_0_segment_15,blade_0_RotorFlow_OpenVSP_Blade_0:RotorFlow_OpenVSP_Blade_0_segment_15:orig:0,orig,0,4.5148515701293945,4.5148515701293945,4.395842552185059,4.634659290313721,4,0.7499999403953552,0.07064364850521088,-0.5234649777412415,-2.1171247959136963,2.5506184101104736,-0.05875043198466301,-0.15009209513664246,0.40835512207459834
0.36,90,blade_0,blade_0_RotorFlow_OpenVSP_Blade_0,RotorFlow_OpenVSP_Blade_0_segment_15,blade_0_RotorFlow_OpenVSP_Blade_0:RotorFlow_OpenVSP_Blade_0_segment_15:orig:0,orig,0,4.5148515701293945,4.5148515701293945,4.395842552185059,4.634659290313721,5,0.9166669845581055,0.07064347714185715,-0.3208710253238678,-1.29774808883667,1.5653811693191528,-0.03345359116792679,-0.09294361621141434,0.40835512207459834
0.36,90,blade_0,blade_0_RotorFlow_OpenVSP_Blade_0,RotorFlow_OpenVSP_Blade_0_segment_16,blade_0_RotorFlow_OpenVSP_Blade_0:RotorFlow_OpenVSP_Blade_0_segment_16:orig:0,orig,0,4.74220609664917,4.74220609664917,4.623337268829346,4.8618483543396,0,0.08333415538072586,0.06875014305114746,-3.3580706119537354,-13.955589294433594,16.66193389892578,-3.796436071395874,-10.61225414276123,0.4990618874842603
0.36,90,blade_0,blade_0_RotorFlow_OpenVSP_Blade_0,RotorFlow_OpenVSP_Blade_0_segment_16,blade_0_RotorFlow_OpenVSP_Blade_0:RotorFlow_OpenVSP_Blade_0_segment_16:orig:0,orig,0,4.74220609664917,4.74220609664917,4.623337268829346,4.8618483543396,1,0.250000536441803,0.06874943524599075,-1.525017499923706,-6.33778715133667,7.714056015014648,-0.373782217502594,-0.9093153476715088,0.4990618874842603
0.36,90,blade_0,blade_0_RotorFlow_OpenVSP_Blade_0,RotorFlow_OpenVSP_Blade_0_segment_16,blade_0_RotorFlow_OpenVSP_Blade_0:RotorFlow_OpenVSP_Blade_0_segment_16:orig:0,orig,0,4.74220609664917,4.74220609664917,4.623337268829346,4.8618483543396,2,0.41666659712791443,0.06874939054250717,-1.016445517539978,-4.224226474761963,5.158785820007324,-0.15690936148166656,-0.3653903305530548,0.4990618874842603
0.36,90,blade_0,blade_0_RotorFlow_OpenVSP_Blade_0,RotorFlow_OpenVSP_Blade_0_segment_16,blade_0_RotorFlow_OpenVSP_Blade_0:RotorFlow_OpenVSP_Blade_0_segment_16:orig:0,orig,0,4.74220609664917,4.74220609664917,4.623337268829346,4.8618483543396,3,0.5833334922790527,0.06875018775463104,-0.7269241809844971,-3.020975351333618,3.6966800689697266,-0.08823942393064499,-0.21104614436626434,0.4990618874842603
0.36,90,blade_0,blade_0_RotorFlow_OpenVSP_Blade_0,RotorFlow_OpenVSP_Blade_0_segment_16,blade_0_RotorFlow_OpenVSP_Blade_0:RotorFlow_OpenVSP_Blade_0_segment_16:orig:0,orig,0,4.74220609664917,4.74220609664917,4.623337268829346,4.8618483543396,4,0.7500006556510925,0.06874961405992508,-0.5112777948379517,-2.124802827835083,2.6039698123931885,-0.053341060876846313,-0.1363208144903183,0.4990618874842603
0.36,90,blade_0,blade_0_RotorFlow_OpenVSP_Blade_0,RotorFlow_OpenVSP_Blade_0_segment_16,blade_0_RotorFlow_OpenVSP_Blade_0:RotorFlow_OpenVSP_Blade_0_segment_16:orig:0,orig,0,4.74220609664917,4.74220609664917,4.623337268829346,4.8618483543396,5,0.9166672825813293,0.06874939054250717,-0.31293725967407227,-1.3005300760269165,1.5956999063491821,-0.030444441363215446,-0.08447090536355972,0.4990618874842603
0.36,90,blade_0,blade_0_RotorFlow_OpenVSP_Blade_0,RotorFlow_OpenVSP_Blade_0_segment_17,blade_0_RotorFlow_OpenVSP_Blade_0:RotorFlow_OpenVSP_Blade_0_segment_17:orig:0,orig,0,4.969559669494629,4.969559669494629,4.850834846496582,5.089037895202637,0,0.08333456516265869,0.06685642898082733,-3.2689030170440674,-13.969820976257324,16.998451232910156,-3.6675102710723877,-10.28383731842041,0.5897682724101297
0.36,90,blade_0,blade_0_RotorFlow_OpenVSP_Blade_0,RotorFlow_OpenVSP_Blade_0_segment_17,blade_0_RotorFlow_OpenVSP_Blade_0:RotorFlow_OpenVSP_Blade_0_segment_17:orig:0,orig,0,4.969559669494629,4.969559669494629,4.850834846496582,5.089037895202637,1,0.25000137090682983,0.0668557658791542,-1.4834195375442505,-6.339529991149902,7.8353962898254395,-0.3494056165218353,-0.8563514351844788,0.5897682724101297
0.36,90,blade_0,blade_0_RotorFlow_OpenVSP_Blade_0,RotorFlow_OpenVSP_Blade_0_segment_17,blade_0_RotorFlow_OpenVSP_Blade_0:RotorFlow_OpenVSP_Blade_0_segment_17:orig:0,orig,0,4.969559669494629,4.969559669494629,4.850834846496582,5.089037895202637,2,0.41666731238365173,0.06685531884431839,-0.9882819652557373,-4.223542213439941,5.235142230987549,-0.14345626533031464,-0.3355671763420105,0.5897682724101297
0.36,90,blade_0,blade_0_RotorFlow_OpenVSP_Blade_0,RotorFlow_OpenVSP_Blade_0_segment_17,blade_0_RotorFlow_OpenVSP_Blade_0:RotorFlow_OpenVSP_Blade_0_segment_17:orig:0,orig,0,4.969559669494629,4.969559669494629,4.850834846496582,5.089037895202637,3,0.583333432674408,0.06685593724250793,-0.7067429423332214,-3.0203235149383545,3.750530481338501,-0.07961618900299072,-0.1906946897506714,0.5897682724101297
0.36,90,blade_0,blade_0_RotorFlow_OpenVSP_Blade_0,RotorFlow_OpenVSP_Blade_0_segment_17,blade_0_RotorFlow_OpenVSP_Blade_0:RotorFlow_OpenVSP_Blade_0_segment_17:orig:0,orig,0,4.969559669494629,4.969559669494629,4.850834846496582,5.089037895202637,4,0.7500007748603821,0.06685607135295868,-0.4973073899745941,-2.125279426574707,2.6427829265594482,-0.04783033952116966,-0.12225377559661865,0.5897682724101297
0.36,90,blade_0,blade_0_RotorFlow_OpenVSP_Blade_0,RotorFlow_OpenVSP_Blade_0_segment_17,blade_0_RotorFlow_OpenVSP_Blade_0:RotorFlow_OpenVSP_Blade_0_segment_17:orig:0,orig,0,4.969559669494629,4.969559669494629,4.850834846496582,5.089037895202637,5,0.9166673421859741,0.06685549765825272,-0.30445411801338196,-1.301118016242981,1.6196815967559814,-0.027412455528974533,-0.0760066881775856,0.5897682724101297
0.36,90,blade_0,blade_0_RotorFlow_OpenVSP_Blade_0,RotorFlow_OpenVSP_Blade_0_segment_18,blade_0_RotorFlow_OpenVSP_Blade_0:RotorFlow_OpenVSP_Blade_0_segment_18:orig:0,orig,0,5.196915149688721,5.196915149688721,5.078330039978027,5.316226482391357,0,0.08333414047956467,0.06496267020702362,-3.1538140773773193,-13.870885848999023,17.148113250732422,-3.487081289291382,-9.803828239440918,0.6804754183035843
0.36,90,blade_0,blade_0_RotorFlow_OpenVSP_Blade_0,RotorFlow_OpenVSP_Blade_0_segment_18,blade_0_RotorFlow_OpenVSP_Blade_0:RotorFlow_OpenVSP_Blade_0_segment_18:orig:0,orig,0,5.196915149688721,5.196915149688721,5.078330039978027,5.316226482391357,1,0.25000062584877014,0.06496144086122513,-1.4294352531433105,-6.286961078643799,7.868926525115967,-0.32147276401519775,-0.7927939295768738,0.6804754183035843
0.36,90,blade_0,blade_0_RotorFlow_OpenVSP_Blade_0,RotorFlow_OpenVSP_Blade_0_segment_18,blade_0_RotorFlow_OpenVSP_Blade_0:RotorFlow_OpenVSP_Blade_0_segment_18:orig:0,orig,0,5.196915149688721,5.196915149688721,5.078330039978027,5.316226482391357,2,0.4166666269302368,0.06496196985244751,-0.9517689943313599,-4.186048984527588,5.252300262451172,-0.1287783533334732,-0.3021315932273865,0.6804754183035843
0.36,90,blade_0,blade_0_RotorFlow_OpenVSP_Blade_0,RotorFlow_OpenVSP_Blade_0_segment_18,blade_0_RotorFlow_OpenVSP_Blade_0:RotorFlow_OpenVSP_Blade_0_segment_18:orig:0,orig,0,5.196915149688721,5.196915149688721,5.078330039978027,5.316226482391357,3,0.5833333730697632,0.06496196240186691,-0.6810075044631958,-2.995192289352417,3.764381170272827,-0.07037656009197235,-0.16858071088790894,0.6804754183035843
0.36,90,blade_0,blade_0_RotorFlow_OpenVSP_Blade_0,RotorFlow_OpenVSP_Blade_0_segment_18,blade_0_RotorFlow_OpenVSP_Blade_0:RotorFlow_OpenVSP_Blade_0_segment_18:orig:0,orig,0,5.196915149688721,5.196915149688721,5.078330039978027,5.316226482391357,4,0.7500006556510925,0.06496254354715347,-0.4801822602748871,-2.111908197402954,2.6576857566833496,-0.04195719212293625,-0.10721652954816818,0.6804754183035843
0.36,90,blade_0,blade_0_RotorFlow_OpenVSP_Blade_0,RotorFlow_OpenVSP_Blade_0_segment_18,blade_0_RotorFlow_OpenVSP_Blade_0:RotorFlow_OpenVSP_Blade_0_segment_18:orig:0,orig,0,5.196915149688721,5.196915149688721,5.078330039978027,5.316226482391357,5,0.9166669845581055,0.06496163457632065,-0.2949715554714203,-1.2973439693450928,1.634395956993103,-0.024207288399338722,-0.06714815646409988,0.6804754183035843
0.36,90,blade_0,blade_0_RotorFlow_OpenVSP_Blade_0,RotorFlow_OpenVSP_Blade_0_segment_19,blade_0_RotorFlow_OpenVSP_Blade_0:RotorFlow_OpenVSP_Blade_0_segment_19:orig:0,orig,0,5.4242730140686035,5.4242730140686035,5.305826187133789,5.543415069580078,0,0.08333337306976318,0.06306806951761246,-2.9901344776153564,-13.546064376831055,16.961902618408203,-3.211693048477173,-9.048120498657227,0.77118351540652
0.36,90,blade_0,blade_0_RotorFlow_OpenVSP_Blade_0,RotorFlow_OpenVSP_Blade_0_segment_19,blade_0_RotorFlow_OpenVSP_Blade_0:RotorFlow_OpenVSP_Blade_0_segment_19:orig:0,orig,0,5.4242730140686035,5.4242730140686035,5.305826187133789,5.543415069580078,1,0.24999986588954926,0.06306784600019455,-1.3511943817138672,-6.121273517608643,7.7372331619262695,-0.28638821840286255,-0.7093123197555542,0.77118351540652
0.36,90,blade_0,blade_0_RotorFlow_OpenVSP_Blade_0,RotorFlow_OpenVSP_Blade_0_segment_19,blade_0_RotorFlow_OpenVSP_Blade_0:RotorFlow_OpenVSP_Blade_0_segment_19:orig:0,orig,0,5.4242730140686035,5.4242730140686035,5.305826187133789,5.543415069580078,2,0.416666716337204,0.06306841969490051,-0.8987685441970825,-4.071625709533691,5.157020568847656,-0.11155974864959717,-0.26184719800949097,0.77118351540652
0.36,90,blade_0,blade_0_RotorFlow_OpenVSP_Blade_0,RotorFlow_OpenVSP_Blade_0_segment_19,blade_0_RotorFlow_OpenVSP_Blade_0:RotorFlow_OpenVSP_Blade_0_segment_19:orig:0,orig,0,5.4242730140686035,5.4242730140686035,5.305826187133789,5.543415069580078,3,0.5833333134651184,0.06306766718626022,-0.644317626953125,-2.918940305709839,3.702141284942627,-0.05978643521666527,-0.14287500083446503,0.77118351540652
0.36,90,blade_0,blade_0_RotorFlow_OpenVSP_Blade_0,RotorFlow_OpenVSP_Blade_0_segment_19,blade_0_RotorFlow_OpenVSP_Blade_0:RotorFlow_OpenVSP_Blade_0_segment_19:orig:0,orig,0,5.4242730140686035,5.4242730140686035,5.305826187133789,5.543415069580078,4,0.7500003576278687,0.06306837499141693,-0.45698633790016174,-2.070253610610962,2.628836154937744,-0.03536523878574371,-0.0902906283736229,0.77118351540652
0.36,90,blade_0,blade_0_RotorFlow_OpenVSP_Blade_0,RotorFlow_OpenVSP_Blade_0_segment_19,blade_0_RotorFlow_OpenVSP_Blade_0:RotorFlow_OpenVSP_Blade_0_segment_19:orig:0,orig,0,5.4242730140686035,5.4242730140686035,5.305826187133789,5.543415069580078,5,0.9166666269302368,0.06306784600019455,-0.28348666429519653,-1.2842707633972168,1.6326406002044678,-0.020777078345417976,-0.05774211511015892,0.77118351540652
0.36,90,blade_0,blade_0_RotorFlow_OpenVSP_Blade_0,RotorFlow_OpenVSP_Blade_0_segment_20,blade_0_RotorFlow_OpenVSP_Blade_0:RotorFlow_OpenVSP_Blade_0_segment_20:orig:0,orig,0,5.651627063751221,5.651627063751221,5.533323287963867,5.770605564117432,0,0.08333276212215424,0.061173681169748306,-2.7202937602996826,-12.70524787902832,16.063119888305664,-2.745215892791748,-7.741042137145996,0.8618900905742857
0.36,90,blade_0,blade_0_RotorFlow_OpenVSP_Blade_0,RotorFlow_OpenVSP_Blade_0_segment_20,blade_0_RotorFlow_OpenVSP_Blade_0:RotorFlow_OpenVSP_Blade_0_segment_20:orig:0,orig,0,5.651627063751221,5.651627063751221,5.533323287963867,5.770605564117432,1,0.24999937415122986,0.06117429956793785,-1.2171361446380615,-5.684628963470459,7.234685897827148,-0.23609714210033417,-0.5849458575248718,0.8618900905742857
0.36,90,blade_0,blade_0_RotorFlow_OpenVSP_Blade_0,RotorFlow_OpenVSP_Blade_0_segment_20,blade_0_RotorFlow_OpenVSP_Blade_0:RotorFlow_OpenVSP_Blade_0_segment_20:orig:0,orig,0,5.651627063751221,5.651627063751221,5.533323287963867,5.770605564117432,2,0.4166664779186249,0.0611744299530983,-0.8063750863075256,-3.7661631107330322,4.79982328414917,-0.08852307498455048,-0.2066037803888321,0.8618900905742857
0.36,90,blade_0,blade_0_RotorFlow_OpenVSP_Blade_0,RotorFlow_OpenVSP_Blade_0_segment_20,blade_0_RotorFlow_OpenVSP_Blade_0:RotorFlow_OpenVSP_Blade_0_segment_20:orig:0,orig,0,5.651627063751221,5.651627063751221,5.533323287963867,5.770605564117432,3,0.5833329558372498,0.06117381155490875,-0.5816735625267029,-2.7167253494262695,3.4656975269317627,-0.04617328569293022,-0.10941888391971588,0.8618900905742857
0.36,90,blade_0,blade_0_RotorFlow_OpenVSP_Blade_0,RotorFlow_OpenVSP_Blade_0_segment_20,blade_0_RotorFlow_OpenVSP_Blade_0:RotorFlow_OpenVSP_Blade_0_segment_20:orig:0,orig,0,5.651627063751221,5.651627063751221,5.533323287963867,5.770605564117432,4,0.7499993443489075,0.06117425486445427,-0.4210111200809479,-1.9663318395614624,2.5103070735931396,-0.027371039614081383,-0.06971531361341476,0.8618900905742857
0.36,90,blade_0,blade_0_RotorFlow_OpenVSP_Blade_0,RotorFlow_OpenVSP_Blade_0_segment_20,blade_0_RotorFlow_OpenVSP_Blade_0:RotorFlow_OpenVSP_Blade_0_segment_20:orig:0,orig,0,5.651627063751221,5.651627063751221,5.533323287963867,5.770605564117432,5,0.9166666865348816,0.06117412447929382,-0.26921311020851135,-1.2573622465133667,1.6063538789749146,-0.017557255923748016,-0.04888876900076866,0.8618900905742857
0.36,90,blade_0,blade_0_RotorFlow_OpenVSP_Blade_0,RotorFlow_OpenVSP_Blade_0_segment_21,blade_0_RotorFlow_OpenVSP_Blade_0:RotorFlow_OpenVSP_Blade_0_segment_21:orig:0,orig,0,5.878983020782471,5.878983020782471,5.7608232498168945,5.997796535491943,0,0.08333279937505722,0.05927978456020355,-2.170239210128784,-10.460030555725098,13.319425582885742,-1.8693362474441528,-5.259644508361816,0.9525974267096364
0.36,90,blade_0,blade_0_RotorFlow_OpenVSP_Blade_0,RotorFlow_OpenVSP_Blade_0_segment_21,blade_0_RotorFlow_OpenVSP_Blade_0:RotorFlow_OpenVSP_Blade_0_segment_21:orig:0,orig,0,5.878983020782471,5.878983020782471,5.7608232498168945,5.997796535491943,1,0.2499995231628418,0.059280358254909515,-0.9198923707008362,-4.433616638183594,5.667165279388428,-0.1503642052412033,-0.368198424577713,0.9525974267096364
0.36,90,blade_0,blade_0_RotorFlow_OpenVSP_Blade_0,RotorFlow_OpenVSP_Blade_0_segment_21,blade_0_RotorFlow_OpenVSP_Blade_0:RotorFlow_OpenVSP_Blade_0_segment_21:orig:0,orig,0,5.878983020782471,5.878983020782471,5.7608232498168945,5.997796535491943,2,0.41666561365127563,0.05928018316626549,-0.5898104310035706,-2.8427250385284424,3.636119842529297,-0.05099383369088173,-0.11562154442071915,0.9525974267096364
0.36,90,blade_0,blade_0_RotorFlow_OpenVSP_Blade_0,RotorFlow_OpenVSP_Blade_0_segment_21,blade_0_RotorFlow_OpenVSP_Blade_0:RotorFlow_OpenVSP_Blade_0_segment_21:orig:0,orig,0,5.878983020782471,5.878983020782471,5.7608232498168945,5.997796535491943,3,0.5833328366279602,0.059280309826135635,-0.429980605840683,-2.0723845958709717,2.6515445709228516,-0.024022219702601433,-0.05466916039586067,0.9525974267096364
0.36,90,blade_0,blade_0_RotorFlow_OpenVSP_Blade_0,RotorFlow_OpenVSP_Blade_0_segment_21,blade_0_RotorFlow_OpenVSP_Blade_0:RotorFlow_OpenVSP_Blade_0_segment_21:orig:0,orig,0,5.878983020782471,5.878983020782471,5.7608232498168945,5.997796535491943,4,0.75,0.0592804029583931,-0.3367960751056671,-1.6232590675354004,2.0772173404693604,-0.013559031300246716,-0.034048255532979965,0.9525974267096364
0.36,90,blade_0,blade_0_RotorFlow_OpenVSP_Blade_0,RotorFlow_OpenVSP_Blade_0_segment_21,blade_0_RotorFlow_OpenVSP_Blade_0:RotorFlow_OpenVSP_Blade_0_segment_21:orig:0,orig,0,5.878983020782471,5.878983020782471,5.7608232498168945,5.997796535491943,5,0.9166672825813293,0.05927995964884758,-0.2486761212348938,-1.1985554695129395,1.5339064598083496,-0.012008781544864178,-0.03405199944972992,0.9525974267096364
0.48,120,blade_0,blade_0_RotorFlow_OpenVSP_Blade_0,RotorFlow_OpenVSP_Blade_0_segment_0,blade_0_RotorFlow_OpenVSP_Blade_0:RotorFlow_OpenVSP_Blade_0_segment_0:orig:0,orig,0,-1.1065499782562256,1.1065499782562256,-1.2279491424560547,-0.9848403334617615,0,0.08333314955234528,0.09896674752235413,-1.8113994598388672,-5.2294602394104,3.1612231731414795,-3.121903419494629,-2.2180378437042236,-0.6994701935236015
0.48,120,blade_0,blade_0_RotorFlow_OpenVSP_Blade_0,RotorFlow_OpenVSP_Blade_0_segment_0,blade_0_RotorFlow_OpenVSP_Blade_0:RotorFlow_OpenVSP_Blade_0_segment_0:orig:0,orig,0,-1.1065499782562256,1.1065499782562256,-1.2279491424560547,-0.9848403334617615,1,0.24999985098838806,0.09896713495254517,-0.802148163318634,-2.3157706260681152,1.7457921504974365,-0.7945550084114075,-0.45898088812828064,-0.6994701935236015
0.48,120,blade_0,blade_0_RotorFlow_OpenVSP_Blade_0,RotorFlow_OpenVSP_Blade_0_segment_0,blade_0_RotorFlow_OpenVSP_Blade_0:RotorFlow_OpenVSP_Blade_0_segment_0:orig:0,orig,0,-1.1065499782562256,1.1065499782562256,-1.2279491424560547,-0.9848403334617615,2,0.4166664481163025,0.09896688908338547,-0.5487090945243835,-1.5841058492660522,1.2306116819381714,-0.47653400897979736,-0.3119260370731354,-0.6994701935236015
0.48,120,blade_0,blade_0_RotorFlow_OpenVSP_Blade_0,RotorFlow_OpenVSP_Blade_0_segment_0,blade_0_RotorFlow_OpenVSP_Blade_0:RotorFlow_OpenVSP_Blade_0_segment_0:orig:0,orig,0,-1.1065499782562256,1.1065499782562256,-1.2279491424560547,-0.9848403334617615,3,0.5833332538604736,0.09896710515022278,-0.4327611029148102,-1.2493648529052734,0.9841516017913818,-0.33993005752563477,-0.2638861835002899,-0.6994701935236015
0.48,120,blade_0,blade_0_RotorFlow_OpenVSP_Blade_0,RotorFlow_OpenVSP_Blade_0_segment_0,blade_0_RotorFlow_OpenVSP_Blade_0:RotorFlow_OpenVSP_Blade_0_segment_0:orig:0,orig,0,-1.1065499782562256,1.1065499782562256,-1.2279491424560547,-0.9848403334617615,4,0.75,0.09896694123744965,-0.3827958106994629,-1.1051188707351685,0.8767353296279907,-0.26973405480384827,-0.2511177361011505,-0.6994701935236015
0.48,120,blade_0,blade_0_RotorFlow_OpenVSP_Blade_0,RotorFlow_OpenVSP_Blade_0_segment_0,blade_0_RotorFlow_OpenVSP_Blade_0:RotorFlow_OpenVSP_Blade_0_segment_0:orig:0,orig,0,-1.1065499782562256,1.1065499782562256,-1.2279491424560547,-0.9848403334617615,5,0.916666567325592,0.09896694868803024,-0.37671107053756714,-1.0875523090362549,0.8594018220901489,-0.23481564223766327,-0.26446306705474854,-0.6994701935236015
0.48,120,blade_0,blade_0_RotorFlow_OpenVSP_Blade_0,RotorFlow_OpenVSP_Blade_0_segment_1,blade_0_RotorFlow_OpenVSP_Blade_0:RotorFlow_OpenVSP_Blade_0_segment_1:orig:0,orig,0,-1.3330212831497192,1.3330212831497192,-1.4546509981155396,-1.2117727994918823,0,0.083333320915699,0.0971132442355156,-2.4410760402679443,-7.181824684143066,4.946534633636475,-4.6063923835754395,-3.675147771835327,-0.7536456633023778
0.48,120,blade_0,blade_0_RotorFlow_OpenVSP_Blade_0,RotorFlow_OpenVSP_Blade_0_segment_1,blade_0_RotorFlow_OpenVSP_Blade_0:RotorFlow_OpenVSP_Blade_0_segment_1:orig:0,orig,0,-1.3330212831497192,1.3330212831497192,-1.4546509981155396,-1.2117727994918823,1,0.25000008940696716,0.09711340814828873,-1.1303750276565552,-3.3256406784057617,2.8108463287353516,-1.050478458404541,-0.6717744469642639,-0.7536456633023778
0.48,120,blade_0,blade_0_RotorFlow_OpenVSP_Blade_0,RotorFlow_OpenVSP_Blade_0_segment_1,blade_0_RotorFlow_OpenVSP_Blade_0:RotorFlow_OpenVSP_Blade_0_segment_1:orig:0,orig,0,-1.3330212831497192,1.3330212831497192,-1.4546509981155396,-1.2117727994918823,2,0.4166668653488159,0.09711325168609619,-0.7800298929214478,-2.294904947280884,1.9967306852340698,-0.6226322650909424,-0.4339166581630707,-0.7536456633023778
0.48,120,blade_0,blade_0_RotorFlow_OpenVSP_Blade_0,RotorFlow_OpenVSP_Blade_0_segment_1,blade_0_RotorFlow_OpenVSP_Blade_0:RotorFlow_OpenVSP_Blade_0_segment_1:orig:0,orig,0,-1.3330212831497192,1.3330212831497192,-1.4546509981155396,-1.2117727994918823,3,0.5833335518836975,0.09711325168609619,-0.5929253697395325,-1.7444298267364502,1.5425117015838623,-0.42888855934143066,-0.3439743220806122,-0.7536456633023778
0.48,120,blade_0,blade_0_RotorFlow_OpenVSP_Blade_0,RotorFlow_OpenVSP_Blade_0_segment_1,blade_0_RotorFlow_OpenVSP_Blade_0:RotorFlow_OpenVSP_Blade_0_segment_1:orig:0,orig,0,-1.3330212831497192,1.3330212831497192,-1.4546509981155396,-1.2117727994918823,4,0.7500002980232239,0.09711341559886932,-0.464017391204834,-1.3651708364486694,1.221068024635315,-0.3062383830547333,-0.2869907319545746,-0.7536456633023778
0.48,120,blade_0,blade_0_RotorFlow_OpenVSP_Blade_0,RotorFlow_OpenVSP_Blade_0_segment_1,blade_0_RotorFlow_OpenVSP_Blade_0:RotorFlow_OpenVSP_Blade_0_segment_1:orig:0,orig,0,-1.3330212831497192,1.3330212831497192,-1.4546509981155396,-1.2117727994918823,5,0.9166668057441711,0.09711300581693649,-0.35181373357772827,-1.0350643396377563,0.9326227307319641,-0.20864634215831757,-0.23057232797145844,-0.7536456633023778
0.48,120,blade_0,blade_0_RotorFlow_OpenVSP_Blade_0,RotorFlow_OpenVSP_Blade_0_segment_2,blade_0_RotorFlow_OpenVSP_Blade_0:RotorFlow_OpenVSP_Blade_0_segment_2:orig:0,orig,0,-1.559913992881775,1.559913992881775,-1.6815824508666992,-1.438948392868042,0,0.08333328366279602,0.09523902088403702,-2.806075096130371,-8.418144226074219,6.64508581161499,-5.609385967254639,-4.767794609069824,-0.8079219396937487
0.48,120,blade_0,blade_0_RotorFlow_OpenVSP_Blade_0,RotorFlow_OpenVSP_Blade_0_segment_2,blade_0_RotorFlow_OpenVSP_Blade_0:RotorFlow_OpenVSP_Blade_0_segment_2:orig:0,orig,0,-1.559913992881775,1.559913992881775,-1.6815824508666992,-1.438948392868042,1,0.24999985098838806,0.09523902833461761,-1.3063087463378906,-3.9188878536224365,3.674265146255493,-1.1526108980178833,-0.7907453179359436,-0.8079219396937487
0.48,120,blade_0,blade_0_RotorFlow_OpenVSP_Blade_0,RotorFlow_OpenVSP_Blade_0_segment_2,blade_0_RotorFlow_OpenVSP_Blade_0:RotorFlow_OpenVSP_Blade_0_segment_2:orig:0,orig,0,-1.559913992881775,1.559913992881775,-1.6815824508666992,-1.438948392868042,2,0.4166666269302368,0.0952390655875206,-0.8993739485740662,-2.698094367980957,2.591465950012207,-0.6693981289863586,-0.48871245980262756,-0.8079219396937487
0.48,120,blade_0,blade_0_RotorFlow_OpenVSP_Blade_0,RotorFlow_OpenVSP_Blade_0_segment_2,blade_0_RotorFlow_OpenVSP_Blade_0:RotorFlow_OpenVSP_Blade_0_segment_2:orig:0,orig,0,-1.559913992881775,1.559913992881775,-1.6815824508666992,-1.438948392868042,3,0.5833331942558289,0.09523890167474747,-0.6736353635787964,-2.0208890438079834,1.967155933380127,-0.4545522928237915,-0.37397006154060364,-0.8079219396937487
0.48,120,blade_0,blade_0_RotorFlow_OpenVSP_Blade_0,RotorFlow_OpenVSP_Blade_0_segment_2,blade_0_RotorFlow_OpenVSP_Blade_0:RotorFlow_OpenVSP_Blade_0_segment_2:orig:0,orig,0,-1.559913992881775,1.559913992881775,-1.6815824508666992,-1.438948392868042,4,0.7499998807907104,0.09523915499448776,-0.5097400546073914,-1.529203176498413,1.5028796195983887,-0.31672757863998413,-0.298378586769104,-0.8079219396937487
0.48,120,blade_0,blade_0_RotorFlow_OpenVSP_Blade_0,RotorFlow_OpenVSP_Blade_0_segment_2,blade_0_RotorFlow_OpenVSP_Blade_0:RotorFlow_OpenVSP_Blade_0_segment_2:orig:0,orig,0,-1.559913992881775,1.559913992881775,-1.6815824508666992,-1.438948392868042,5,0.916666567325592,0.0952390655875206,-0.36269015073776245,-1.0880593061447144,1.0778950452804565,-0.20479156076908112,-0.22271600365638733,-0.8079219396937487
0.48,120,blade_0,blade_0_RotorFlow_OpenVSP_Blade_0,RotorFlow_OpenVSP_Blade_0_segment_3,blade_0_RotorFlow_OpenVSP_Blade_0:RotorFlow_OpenVSP_Blade_0_segment_3:orig:0,orig,0,-1.7870110273361206,1.7870110273361206,-1.908625841140747,-1.6662509441375732,0,0.08333347737789154,0.09335558861494064,-3.0370519161224365,-9.294881820678711,8.29171085357666,-6.312981128692627,-5.585480690002441,-0.8622470937467848
0.48,120,blade_0,blade_0_RotorFlow_OpenVSP_Blade_0,RotorFlow_OpenVSP_Blade_0_segment_3,blade_0_RotorFlow_OpenVSP_Blade_0:RotorFlow_OpenVSP_Blade_0_segment_3:orig:0,orig,0,-1.7870110273361206,1.7870110273361206,-1.908625841140747,-1.6662509441375732,1,0.25000011920928955,0.09335542470216751,-1.411329746246338,-4.3193745613098145,4.436345100402832,-1.190748691558838,-0.8603838086128235,-0.8622470937467848
0.48,120,blade_0,blade_0_RotorFlow_OpenVSP_Blade_0,RotorFlow_OpenVSP_Blade_0_segment_3,blade_0_RotorFlow_OpenVSP_Blade_0:RotorFlow_OpenVSP_Blade_0_segment_3:orig:0,orig,0,-1.7870110273361206,1.7870110273361206,-1.908625841140747,-1.6662509441375732,2,0.41666653752326965,0.09335542470216751,-0.9675554037094116,-2.9612033367156982,3.1013708114624023,-0.6769117116928101,-0.5119336843490601,-0.8622470937467848
0.48,120,blade_0,blade_0_RotorFlow_OpenVSP_Blade_0,RotorFlow_OpenVSP_Blade_0_segment_3,blade_0_RotorFlow_OpenVSP_Blade_0:RotorFlow_OpenVSP_Blade_0_segment_3:orig:0,orig,0,-1.7870110273361206,1.7870110273361206,-1.908625841140747,-1.6662509441375732,3,0.5833331942558289,0.09335552155971527,-0.718765914440155,-2.1997809410095215,2.328415870666504,-0.45469918847084045,-0.3813445270061493,-0.8622470937467848
0.48,120,blade_0,blade_0_RotorFlow_OpenVSP_Blade_0,RotorFlow_OpenVSP_Blade_0_segment_3,blade_0_RotorFlow_OpenVSP_Blade_0:RotorFlow_OpenVSP_Blade_0_segment_3:orig:0,orig,0,-1.7870110273361206,1.7870110273361206,-1.908625841140747,-1.6662509441375732,4,0.7499999403953552,0.09335551410913467,-0.5362553000450134,-1.6412079334259033,1.7500401735305786,-0.3131096661090851,-0.2960970997810364,-0.8622470937467848
0.48,120,blade_0,blade_0_RotorFlow_OpenVSP_Blade_0,RotorFlow_OpenVSP_Blade_0_segment_3,blade_0_RotorFlow_OpenVSP_Blade_0:RotorFlow_OpenVSP_Blade_0_segment_3:orig:0,orig,0,-1.7870110273361206,1.7870110273361206,-1.908625841140747,-1.6662509441375732,5,0.9166665077209473,0.09335558861494064,-0.37324637174606323,-1.142318606376648,1.2258139848709106,-0.19794891774654388,-0.2129085659980774,-0.8622470937467848
0.48,120,blade_0,blade_0_RotorFlow_OpenVSP_Blade_0,RotorFlow_OpenVSP_Blade_0_segment_4,blade_0_RotorFlow_OpenVSP_Blade_0:RotorFlow_OpenVSP_Blade_0_segment_4:orig:0,orig,0,-2.0142133235931396,2.0142133235931396,-2.135728359222412,-1.8936254978179932,0,0.08333367109298706,0.09146764129400253,-3.185879945755005,-9.951622009277344,9.87336254119873,-6.804777145385742,-6.189604759216309,-0.9165974280654279
0.48,120,blade_0,blade_0_RotorFlow_OpenVSP_Blade_0,RotorFlow_OpenVSP_Blade_0_segment_4,blade_0_RotorFlow_OpenVSP_Blade_0:RotorFlow_OpenVSP_Blade_0_segment_4:orig:0,orig,0,-2.0142133235931396,2.0142133235931396,-2.135728359222412,-1.8936254978179932,1,0.25000038743019104,0.09146721661090851,-1.4751173257827759,-4.607793807983398,5.128177642822266,-1.1946355104446411,-0.8979815244674683,-0.9165974280654279
0.48,120,blade_0,blade_0_RotorFlow_OpenVSP_Blade_0,RotorFlow_OpenVSP_Blade_0_segment_4,blade_0_RotorFlow_OpenVSP_Blade_0:RotorFlow_OpenVSP_Blade_0_segment_4:orig:0,orig,0,-2.0142133235931396,2.0142133235931396,-2.135728359222412,-1.8936254978179932,2,0.41666680574417114,0.09146730601787567,-1.0057719945907593,-3.1417064666748047,3.5526294708251953,-0.6645122170448303,-0.516427755355835,-0.9165974280654279
0.48,120,blade_0,blade_0_RotorFlow_OpenVSP_Blade_0,RotorFlow_OpenVSP_Blade_0_segment_4,blade_0_RotorFlow_OpenVSP_Blade_0:RotorFlow_OpenVSP_Blade_0_segment_4:orig:0,orig,0,-2.0142133235931396,2.0142133235931396,-2.135728359222412,-1.8936254978179932,3,0.5833335518836975,0.09146741032600403,-0.7409827709197998,-2.3145878314971924,2.640047073364258,-0.4407704770565033,-0.37512028217315674,-0.9165974280654279
0.48,120,blade_0,blade_0_RotorFlow_OpenVSP_Blade_0,RotorFlow_OpenVSP_Blade_0_segment_4,blade_0_RotorFlow_OpenVSP_Blade_0:RotorFlow_OpenVSP_Blade_0_segment_4:orig:0,orig,0,-2.0142133235931396,2.0142133235931396,-2.135728359222412,-1.8936254978179932,4,0.7500001788139343,0.09146729856729507,-0.5462196469306946,-1.7062137126922607,1.9585237503051758,-0.29971444606781006,-0.28423354029655457,-0.9165974280654279
0.48,120,blade_0,blade_0_RotorFlow_OpenVSP_Blade_0,RotorFlow_OpenVSP_Blade_0_segment_4,blade_0_RotorFlow_OpenVSP_Blade_0:RotorFlow_OpenVSP_Blade_0_segment_4:orig:0,orig,0,-2.0142133235931396,2.0142133235931396,-2.135728359222412,-1.8936254978179932,5,0.9166668653488159,0.09146731346845627,-0.375405877828598,-1.1726465225219727,1.3540414571762085,-0.18729524314403534,-0.19977575540542603,-0.9165974280654279
0.48,120,blade_0,blade_0_RotorFlow_OpenVSP_Blade_0,RotorFlow_OpenVSP_Blade_0_segment_5,blade_0_RotorFlow_OpenVSP_Blade_0:RotorFlow_OpenVSP_Blade_0_segment_5:orig:0,orig,0,-2.2414753437042236,2.2414753437042236,-2.362863540649414,-2.1210439205169678,0,0.08333339542150497,0.08957687765359879,-3.2822999954223633,-10.469220161437988,11.387351036071777,-7.149209022521973,-6.636313438415527,-0.9709620492618389
0.48,120,blade_0,blade_0_RotorFlow_OpenVSP_Blade_0,RotorFlow_OpenVSP_Blade_0_segment_5,blade_0_RotorFlow_OpenVSP_Blade_0:RotorFlow_OpenVSP_Blade_0_segment_5:orig:0,orig,0,-2.2414753437042236,2.2414753437042236,-2.362863540649414,-2.1210439205169678,1,0.2500002086162567,0.08957680314779282,-1.5141868591308594,-4.829652309417725,5.770780563354492,-1.1800599098205566,-0.9150597453117371,-0.9709620492618389
0.48,120,blade_0,blade_0_RotorFlow_OpenVSP_Blade_0,RotorFlow_OpenVSP_Blade_0_segment_5,blade_0_RotorFlow_OpenVSP_Blade_0:RotorFlow_OpenVSP_Blade_0_segment_5:orig:0,orig,0,-2.2414753437042236,2.2414753437042236,-2.362863540649414,-2.1210439205169678,2,0.41666680574417114,0.08957677334547043,-1.0272600650787354,-3.2765512466430664,3.9665451049804688,-0.6431649923324585,-0.5108017325401306,-0.9709620492618389
0.48,120,blade_0,blade_0_RotorFlow_OpenVSP_Blade_0,RotorFlow_OpenVSP_Blade_0_segment_5,blade_0_RotorFlow_OpenVSP_Blade_0:RotorFlow_OpenVSP_Blade_0_segment_5:orig:0,orig,0,-2.2414753437042236,2.2414753437042236,-2.362863540649414,-2.1210439205169678,3,0.5833336114883423,0.08957706391811371,-0.7511920928955078,-2.395996332168579,2.9214301109313965,-0.42152583599090576,-0.3629609942436218,-0.9709620492618389
0.48,120,blade_0,blade_0_RotorFlow_OpenVSP_Blade_0,RotorFlow_OpenVSP_Blade_0_segment_5,blade_0_RotorFlow_OpenVSP_Blade_0:RotorFlow_OpenVSP_Blade_0_segment_5:orig:0,orig,0,-2.2414753437042236,2.2414753437042236,-2.362863540649414,-2.1210439205169678,4,0.7500002384185791,0.08957662433385849,-0.5472798347473145,-1.745607852935791,2.1400632858276367,-0.2829042971134186,-0.2688980996608734,-0.9709620492618389
0.48,120,blade_0,blade_0_RotorFlow_OpenVSP_Blade_0,RotorFlow_OpenVSP_Blade_0_segment_5,blade_0_RotorFlow_OpenVSP_Blade_0:RotorFlow_OpenVSP_Blade_0_segment_5:orig:0,orig,0,-2.2414753437042236,2.2414753437042236,-2.362863540649414,-2.1210439205169678,5,0.9166666865348816,0.08957669883966446,-0.3693244457244873,-1.1779991388320923,1.451824426651001,-0.1731673777103424,-0.1835198849439621,-0.9709620492618389
0.48,120,blade_0,blade_0_RotorFlow_OpenVSP_Blade_0,RotorFlow_OpenVSP_Blade_0_segment_6,blade_0_RotorFlow_OpenVSP_Blade_0:RotorFlow_OpenVSP_Blade_0_segment_6:orig:0,orig,0,2.46877121925354,2.46877121925354,2.3484880924224854,2.590020179748535,0,0.08333338797092438,0.087685227394104,-3.3454060554504395,-10.900699615478516,12.840456008911133,-7.395547389984131,-6.973075866699219,0.1558024229175892
0.48,120,blade_0,blade_0_RotorFlow_OpenVSP_Blade_0,RotorFlow_OpenVSP_Blade_0_segment_6,blade_0_RotorFlow_OpenVSP_Blade_0:RotorFlow_OpenVSP_Blade_0_segment_6:orig:0,orig,0,2.46877121925354,2.46877121925354,2.3484880924224854,2.590020179748535,1,0.25000032782554626,0.08768492192029953,-1.5392011404037476,-5.015363693237305,6.3819684982299805,-1.1563740968704224,-0.9195877313613892,0.1558024229175892
0.48,120,blade_0,blade_0_RotorFlow_OpenVSP_Blade_0,RotorFlow_OpenVSP_Blade_0_segment_6,blade_0_RotorFlow_OpenVSP_Blade_0:RotorFlow_OpenVSP_Blade_0_segment_6:orig:0,orig,0,2.46877121925354,2.46877121925354,2.3484880924224854,2.590020179748535,2,0.41666677594184875,0.08768486231565475,-1.0410432815551758,-3.392158269882202,4.362809181213379,-0.6190624833106995,-0.5004609823226929,0.1558024229175892
0.48,120,blade_0,blade_0_RotorFlow_OpenVSP_Blade_0,RotorFlow_OpenVSP_Blade_0_segment_6,blade_0_RotorFlow_OpenVSP_Blade_0:RotorFlow_OpenVSP_Blade_0_segment_6:orig:0,orig,0,2.46877121925354,2.46877121925354,2.3484880924224854,2.590020179748535,3,0.5833335518836975,0.08768517524003983,-0.7584992051124573,-2.471501588821411,3.196652889251709,-0.4025344252586365,-0.34998220205307007,0.1558024229175892
0.48,120,blade_0,blade_0_RotorFlow_OpenVSP_Blade_0,RotorFlow_OpenVSP_Blade_0_segment_6,blade_0_RotorFlow_OpenVSP_Blade_0:RotorFlow_OpenVSP_Blade_0_segment_6:orig:0,orig,0,2.46877121925354,2.46877121925354,2.3484880924224854,2.590020179748535,4,0.7500003576278687,0.08768515288829803,-0.5498119592666626,-1.791513442993164,2.32631254196167,-0.26888740062713623,-0.25607550144195557,0.1558024229175892
0.48,120,blade_0,blade_0_RotorFlow_OpenVSP_Blade_0,RotorFlow_OpenVSP_Blade_0_segment_6,blade_0_RotorFlow_OpenVSP_Blade_0:RotorFlow_OpenVSP_Blade_0_segment_6:orig:0,orig,0,2.46877121925354,2.46877121925354,2.3484880924224854,2.590020179748535,5,0.9166669249534607,0.08768470585346222,-0.3666393756866455,-1.194667935371399,1.5564863681793213,-0.16344429552555084,-0.17211951315402985,0.1558024229175892
0.48,120,blade_0,blade_0_RotorFlow_OpenVSP_Blade_0,RotorFlow_OpenVSP_Blade_0_segment_7,blade_0_RotorFlow_OpenVSP_Blade_0:RotorFlow_OpenVSP_Blade_0_segment_7:orig:0,orig,0,2.696086883544922,2.696086883544922,2.57594633102417,2.817186117172241,0,0.08333361893892288,0.08579277992248535,-3.3854830265045166,-11.274618148803711,14.237807273864746,-7.572803974151611,-7.229769706726074,0.21017987663894158
0.48,120,blade_0,blade_0_RotorFlow_OpenVSP_Blade_0,RotorFlow_OpenVSP_Blade_0_segment_7,blade_0_RotorFlow_OpenVSP_Blade_0:RotorFlow_OpenVSP_Blade_0_segment_7:orig:0,orig,0,2.696086883544922,2.696086883544922,2.57594633102417,2.817186117172241,1,0.250000536441803,0.08579221367835999,-1.5544809103012085,-5.176896095275879,6.967795372009277,-1.127220869064331,-0.9153178334236145,0.21017987663894158
0.48,120,blade_0,blade_0_RotorFlow_OpenVSP_Blade_0,RotorFlow_OpenVSP_Blade_0_segment_7,blade_0_RotorFlow_OpenVSP_Blade_0:RotorFlow_OpenVSP_Blade_0_segment_7:orig:0,orig,0,2.696086883544922,2.696086883544922,2.57594633102417,2.817186117172241,2,0.4166671335697174,0.08579252660274506,-1.049144983291626,-3.4939606189727783,4.74393367767334,-0.5933722257614136,-0.48679569363594055,0.21017987663894158
0.48,120,blade_0,blade_0_RotorFlow_OpenVSP_Blade_0,RotorFlow_OpenVSP_Blade_0_segment_7,blade_0_RotorFlow_OpenVSP_Blade_0:RotorFlow_OpenVSP_Blade_0_segment_7:orig:0,orig,0,2.696086883544922,2.696086883544922,2.57594633102417,2.817186117172241,3,0.5833334922790527,0.08579204976558685,-0.7625813484191895,-2.5396337509155273,3.463346481323242,-0.383164644241333,-0.3358185589313507,0.21017987663894158
0.48,120,blade_0,blade_0_RotorFlow_OpenVSP_Blade_0,RotorFlow_OpenVSP_Blade_0_segment_7,blade_0_RotorFlow_OpenVSP_Blade_0:RotorFlow_OpenVSP_Blade_0_segment_7:orig:0,orig,0,2.696086883544922,2.696086883544922,2.57594633102417,2.817186117172241,4,0.7500002384185791,0.08579271286725998,-0.5509234666824341,-1.8347327709197998,2.5090863704681396,-0.25514891743659973,-0.24338331818580627,0.21017987663894158
0.48,120,blade_0,blade_0_RotorFlow_OpenVSP_Blade_0,RotorFlow_OpenVSP_Blade_0_segment_7,blade_0_RotorFlow_OpenVSP_Blade_0:RotorFlow_OpenVSP_Blade_0_segment_7:orig:0,orig,0,2.696086883544922,2.696086883544922,2.57594633102417,2.817186117172241,5,0.9166670441627502,0.08579210191965103,-0.3639708161354065,-1.212135672569275,1.6608704328536987,-0.15465147793293,-0.16198325157165527,0.21017987663894158
0.48,120,blade_0,blade_0_RotorFlow_OpenVSP_Blade_0,RotorFlow_OpenVSP_Blade_0_segment_8,blade_0_RotorFlow_OpenVSP_Blade_0:RotorFlow_OpenVSP_Blade_0_segment_8:orig:0,orig,0,2.9234161376953125,2.9234161376953125,2.8034207820892334,3.0443615913391113,0,0.08333320915699005,0.08389931172132492,-3.408029556274414,-11.605849266052246,15.579751014709473,-7.696392059326172,-7.422851085662842,0.2645605812666124
0.48,120,blade_0,blade_0_RotorFlow_OpenVSP_Blade_0,RotorFlow_OpenVSP_Blade_0_segment_8,blade_0_RotorFlow_OpenVSP_Blade_0:RotorFlow_OpenVSP_Blade_0_segment_8:orig:0,orig,0,2.9234161376953125,2.9234161376953125,2.8034207820892334,3.0443615913391113,1,0.25000014901161194,0.08389917016029358,-1.5620207786560059,-5.319380760192871,7.528884410858154,-1.0940580368041992,-0.904121458530426,0.2645605812666124
0.48,120,blade_0,blade_0_RotorFlow_OpenVSP_Blade_0,RotorFlow_OpenVSP_Blade_0_segment_8,blade_0_RotorFlow_OpenVSP_Blade_0:RotorFlow_OpenVSP_Blade_0_segment_8:orig:0,orig,0,2.9234161376953125,2.9234161376953125,2.8034207820892334,3.0443615913391113,2,0.41666680574417114,0.08389949053525925,-1.0519980192184448,-3.5825111865997314,5.107577800750732,-0.5661026239395142,-0.4701351821422577,0.2645605812666124
0.48,120,blade_0,blade_0_RotorFlow_OpenVSP_Blade_0,RotorFlow_OpenVSP_Blade_0_segment_8,blade_0_RotorFlow_OpenVSP_Blade_0:RotorFlow_OpenVSP_Blade_0_segment_8:orig:0,orig,0,2.9234161376953125,2.9234161376953125,2.8034207820892334,3.0443615913391113,3,0.5833335518836975,0.08389907330274582,-0.7625964879989624,-2.5969860553741455,3.715825319290161,-0.3626236021518707,-0.319887638092041,0.2645605812666124
0.48,120,blade_0,blade_0_RotorFlow_OpenVSP_Blade_0,RotorFlow_OpenVSP_Blade_0_segment_8,blade_0_RotorFlow_OpenVSP_Blade_0:RotorFlow_OpenVSP_Blade_0_segment_8:orig:0,orig,0,2.9234161376953125,2.9234161376953125,2.8034207820892334,3.0443615913391113,4,0.7500002980232239,0.08389957994222641,-0.5486790537834167,-1.8684889078140259,2.679497241973877,-0.24009667336940765,-0.22931483387947083,0.2645605812666124
0.48,120,blade_0,blade_0_RotorFlow_OpenVSP_Blade_0,RotorFlow_OpenVSP_Blade_0_segment_8,blade_0_RotorFlow_OpenVSP_Blade_0:RotorFlow_OpenVSP_Blade_0_segment_8:orig:0,orig,0,2.9234161376953125,2.9234161376953125,2.8034207820892334,3.0443615913391113,5,0.916667103767395,0.08389896899461746,-0.3596417009830475,-1.2247440814971924,1.7590636014938354,-0.1445101946592331,-0.15078260004520416,0.2645605812666124
0.48,120,blade_0,blade_0_RotorFlow_OpenVSP_Blade_0,RotorFlow_OpenVSP_Blade_0_segment_9,blade_0_RotorFlow_OpenVSP_Blade_0:RotorFlow_OpenVSP_Blade_0_segment_9:orig:0,orig,0,3.1507537364959717,3.1507537364959717,3.0308997631073,3.271541118621826,0,0.08333338797092438,0.08200574666261673,-3.417212724685669,-11.905830383300781,16.86797523498535,-7.778457164764404,-7.566079616546631,0.3189432820648297
0.48,120,blade_0,blade_0_RotorFlow_OpenVSP_Blade_0,RotorFlow_OpenVSP_Blade_0_segment_9,blade_0_RotorFlow_OpenVSP_Blade_0:RotorFlow_OpenVSP_Blade_0_segment_9:orig:0,orig,0,3.1507537364959717,3.1507537364959717,3.0308997631073,3.271541118621826,1,0.2499995231628418,0.08200594782829285,-1.5638574361801147,-5.448585510253906,8.067720413208008,-1.0584025382995605,-0.8879027962684631,0.3189432820648297
0.48,120,blade_0,blade_0_RotorFlow_OpenVSP_Blade_0,RotorFlow_OpenVSP_Blade_0_segment_9,blade_0_RotorFlow_OpenVSP_Blade_0:RotorFlow_OpenVSP_Blade_0_segment_9:orig:0,orig,0,3.1507537364959717,3.1507537364959717,3.0308997631073,3.271541118621826,2,0.4166663587093353,0.08200609683990479,-1.0515559911727905,-3.6636857986450195,5.457862377166748,-0.5384388566017151,-0.4518120586872101,0.3189432820648297
0.48,120,blade_0,blade_0_RotorFlow_OpenVSP_Blade_0,RotorFlow_OpenVSP_Blade_0_segment_9,blade_0_RotorFlow_OpenVSP_Blade_0:RotorFlow_OpenVSP_Blade_0_segment_9:orig:0,orig,0,3.1507537364959717,3.1507537364959717,3.0308997631073,3.271541118621826,3,0.5833334922790527,0.08200602233409882,-0.7607874274253845,-2.650632619857788,3.9604599475860596,-0.34226804971694946,-0.3035842478275299,0.3189432820648297
0.48,120,blade_0,blade_0_RotorFlow_OpenVSP_Blade_0,RotorFlow_OpenVSP_Blade_0_segment_9,blade_0_RotorFlow_OpenVSP_Blade_0:RotorFlow_OpenVSP_Blade_0_segment_9:orig:0,orig,0,3.1507537364959717,3.1507537364959717,3.0308997631073,3.271541118621826,4,0.7499999403953552,0.08200584352016449,-0.5458813905715942,-1.9018902778625488,2.8468525409698486,-0.2256917953491211,-0.21578764915466309,0.3189432820648297
0.48,120,blade_0,blade_0_RotorFlow_OpenVSP_Blade_0,RotorFlow_OpenVSP_Blade_0_segment_9,blade_0_RotorFlow_OpenVSP_Blade_0:RotorFlow_OpenVSP_Blade_0_segment_9:orig:0,orig,0,3.1507537364959717,3.1507537364959717,3.0308997631073,3.271541118621826,5,0.9166667461395264,0.08200600743293762,-0.3554717004299164,-1.2384865283966064,1.8560189008712769,-0.1353645771741867,-0.14075787365436554,0.3189432820648297
0.48,120,blade_0,blade_0_RotorFlow_OpenVSP_Blade_0,RotorFlow_OpenVSP_Blade_0_segment_10,blade_0_RotorFlow_OpenVSP_Blade_0:RotorFlow_OpenVSP_Blade_0_segment_10:orig:0,orig,0,3.3780972957611084,3.3780972957611084,3.258382797241211,3.498723030090332,0,0.08333355188369751,0.08011246472597122,-3.4155659675598145,-12.18132495880127,18.101627349853516,-7.826933860778809,-7.668487548828125,0.37332740869915154
0.48,120,blade_0,blade_0_RotorFlow_OpenVSP_Blade_0,RotorFlow_OpenVSP_Blade_0_segment_10,blade_0_RotorFlow_OpenVSP_Blade_0:RotorFlow_OpenVSP_Blade_0_segment_10:orig:0,orig,0,3.3780972957611084,3.3780972957611084,3.258382797241211,3.498723030090332,1,0.24999955296516418,0.08011209964752197,-1.56122624874115,-5.5680060386657715,8.584940910339355,-1.0211654901504517,-0.8679128885269165,0.37332740869915154
0.48,120,blade_0,blade_0_RotorFlow_OpenVSP_Blade_0,RotorFlow_OpenVSP_Blade_0_segment_10,blade_0_RotorFlow_OpenVSP_Blade_0:RotorFlow_OpenVSP_Blade_0_segment_10:orig:0,orig,0,3.3780972957611084,3.3780972957611084,3.258382797241211,3.498723030090332,2,0.41666629910469055,0.08011265099048615,-1.0483523607254028,-3.7388505935668945,5.794170379638672,-0.5105129480361938,-0.43218234181404114,0.37332740869915154
0.48,120,blade_0,blade_0_RotorFlow_OpenVSP_Blade_0,RotorFlow_OpenVSP_Blade_0_segment_10,blade_0_RotorFlow_OpenVSP_Blade_0:RotorFlow_OpenVSP_Blade_0_segment_10:orig:0,orig,0,3.3780972957611084,3.3780972957611084,3.258382797241211,3.498723030090332,3,0.5833337306976318,0.08011281490325928,-0.7572183609008789,-2.70054292678833,4.195430278778076,-0.3219742476940155,-0.28689199686050415,0.37332740869915154
0.48,120,blade_0,blade_0_RotorFlow_OpenVSP_Blade_0,RotorFlow_OpenVSP_Blade_0_segment_10,blade_0_RotorFlow_OpenVSP_Blade_0:RotorFlow_OpenVSP_Blade_0_segment_10:orig:0,orig,0,3.3780972957611084,3.3780972957611084,3.258382797241211,3.498723030090332,4,0.7499998211860657,0.0801117792725563,-0.5420141220092773,-1.9330638647079468,3.007436990737915,-0.2114519327878952,-0.20234912633895874,0.37332740869915154
0.48,120,blade_0,blade_0_RotorFlow_OpenVSP_Blade_0,RotorFlow_OpenVSP_Blade_0_segment_10,blade_0_RotorFlow_OpenVSP_Blade_0:RotorFlow_OpenVSP_Blade_0_segment_10:orig:0,orig,0,3.3780972957611084,3.3780972957611084,3.258382797241211,3.498723030090332,5,0.916666567325592,0.08011279255151749,-0.3506987988948822,-1.2507323026657104,1.9475599527359009,-0.1264047473669052,-0.13106630742549896,0.37332740869915154
0.48,120,blade_0,blade_0_RotorFlow_OpenVSP_Blade_0,RotorFlow_OpenVSP_Blade_0_segment_11,blade_0_RotorFlow_OpenVSP_Blade_0:RotorFlow_OpenVSP_Blade_0_segment_11:orig:0,orig,0,3.6054439544677734,3.6054439544677734,3.485872983932495,3.7259085178375244,0,0.08333324640989304,0.0782187432050705,-3.404513359069824,-12.435870170593262,19.277690887451172,-7.8456501960754395,-7.734975337982178,0.4277122767682478
0.48,120,blade_0,blade_0_RotorFlow_OpenVSP_Blade_0,RotorFlow_OpenVSP_Blade_0_segment_11,blade_0_RotorFlow_OpenVSP_Blade_0:RotorFlow_OpenVSP_Blade_0_segment_11:orig:0,orig,0,3.6054439544677734,3.6054439544677734,3.485872983932495,3.7259085178375244,1,0.24999935925006866,0.07821821421384811,-1.554474949836731,-5.678162097930908,9.077788352966309,-0.9825096130371094,-0.8447059988975525,0.4277122767682478
0.48,120,blade_0,blade_0_RotorFlow_OpenVSP_Blade_0,RotorFlow_OpenVSP_Blade_0_segment_11,blade_0_RotorFlow_OpenVSP_Blade_0:RotorFlow_OpenVSP_Blade_0_segment_11:orig:0,orig,0,3.6054439544677734,3.6054439544677734,3.485872983932495,3.7259085178375244,2,0.4166654646396637,0.07821926474571228,-1.042621374130249,-3.808420419692993,6.114645481109619,-0.4824521541595459,-0.4115363657474518,0.4277122767682478
0.48,120,blade_0,blade_0_RotorFlow_OpenVSP_Blade_0,RotorFlow_OpenVSP_Blade_0_segment_11,blade_0_RotorFlow_OpenVSP_Blade_0:RotorFlow_OpenVSP_Blade_0_segment_11:orig:0,orig,0,3.6054439544677734,3.6054439544677734,3.485872983932495,3.7259085178375244,3,0.583333432674408,0.07821926474571228,-0.7519239783287048,-2.746579647064209,4.418693542480469,-0.3016829192638397,-0.2698340117931366,0.4277122767682478
0.48,120,blade_0,blade_0_RotorFlow_OpenVSP_Blade_0,RotorFlow_OpenVSP_Blade_0_segment_11,blade_0_RotorFlow_OpenVSP_Blade_0:RotorFlow_OpenVSP_Blade_0_segment_11:orig:0,orig,0,3.6054439544677734,3.6054439544677734,3.485872983932495,3.7259085178375244,4,0.7499995231628418,0.07821807265281677,-0.536961555480957,-1.9614084959030151,3.1590042114257812,-0.19721318781375885,-0.18886049091815948,0.4277122767682478
0.48,120,blade_0,blade_0_RotorFlow_OpenVSP_Blade_0,RotorFlow_OpenVSP_Blade_0_segment_11,blade_0_RotorFlow_OpenVSP_Blade_0:RotorFlow_OpenVSP_Blade_0_segment_11:orig:0,orig,0,3.6054439544677734,3.6054439544677734,3.485872983932495,3.7259085178375244,5,0.9166660308837891,0.07821939885616302,-0.3452896773815155,-1.2612497806549072,2.032538652420044,-0.1174972727894783,-0.12154193967580795,0.4277122767682478
0.48,120,blade_0,blade_0_RotorFlow_OpenVSP_Blade_0,RotorFlow_OpenVSP_Blade_0_segment_12,blade_0_RotorFlow_OpenVSP_Blade_0:RotorFlow_OpenVSP_Blade_0_segment_12:orig:0,orig,0,3.8327934741973877,3.8327934741973877,3.7133634090423584,3.9530954360961914,0,0.08333355188369751,0.07632531225681305,-3.384864091873169,-12.670816421508789,20.39215087890625,-7.836441516876221,-7.767972469329834,0.4820978292386742
0.48,120,blade_0,blade_0_RotorFlow_OpenVSP_Blade_0,RotorFlow_OpenVSP_Blade_0_segment_12,blade_0_RotorFlow_OpenVSP_Blade_0:RotorFlow_OpenVSP_Blade_0_segment_12:orig:0,orig,0,3.8327934741973877,3.8327934741973877,3.7133634090423584,3.9530954360961914,1,0.24999988079071045,0.07632463425397873,-1.5440188646316528,-5.779893398284912,9.54483699798584,-0.9425138235092163,-0.8185907602310181,0.4820978292386742
0.48,120,blade_0,blade_0_RotorFlow_OpenVSP_Blade_0,RotorFlow_OpenVSP_Blade_0_segment_12,blade_0_RotorFlow_OpenVSP_Blade_0:RotorFlow_OpenVSP_Blade_0_segment_12:orig:0,orig,0,3.8327934741973877,3.8327934741973877,3.7133634090423584,3.9530954360961914,2,0.41666659712791443,0.07632564753293991,-1.0343549251556396,-3.8719615936279297,6.416933059692383,-0.45409807562828064,-0.38988715410232544,0.4820978292386742
0.48,120,blade_0,blade_0_RotorFlow_OpenVSP_Blade_0,RotorFlow_OpenVSP_Blade_0_segment_12,blade_0_RotorFlow_OpenVSP_Blade_0:RotorFlow_OpenVSP_Blade_0_segment_12:orig:0,orig,0,3.8327934741973877,3.8327934741973877,3.7133634090423584,3.9530954360961914,3,0.5833340287208557,0.07632515579462051,-0.7449702620506287,-2.7887091636657715,4.629040718078613,-0.2813931405544281,-0.252478688955307,0.4820978292386742
0.48,120,blade_0,blade_0_RotorFlow_OpenVSP_Blade_0,RotorFlow_OpenVSP_Blade_0_segment_12,blade_0_RotorFlow_OpenVSP_Blade_0:RotorFlow_OpenVSP_Blade_0_segment_12:orig:0,orig,0,3.8327934741973877,3.8327934741973877,3.7133634090423584,3.9530954360961914,4,0.7499997019767761,0.07632429897785187,-0.5308005213737488,-1.9870119094848633,3.3008158206939697,-0.18301191926002502,-0.17536194622516632,0.4820978292386742
0.48,120,blade_0,blade_0_RotorFlow_OpenVSP_Blade_0,RotorFlow_OpenVSP_Blade_0_segment_12,blade_0_RotorFlow_OpenVSP_Blade_0:RotorFlow_OpenVSP_Blade_0_segment_12:orig:0,orig,0,3.8327934741973877,3.8327934741973877,3.7133634090423584,3.9530954360961914,5,0.9166660308837891,0.07632565498352051,-0.339275598526001,-1.27003014087677,2.1103382110595703,-0.10870132595300674,-0.1122259870171547,0.4820978292386742
0.48,120,blade_0,blade_0_RotorFlow_OpenVSP_Blade_0,RotorFlow_OpenVSP_Blade_0_segment_13,blade_0_RotorFlow_OpenVSP_Blade_0:RotorFlow_OpenVSP_Blade_0_segment_13:orig:0,orig,0,4.060144901275635,4.060144901275635,3.940855026245117,4.1802825927734375,0,0.08333342522382736,0.07443162798881531,-3.356905221939087,-12.8858642578125,21.438508987426758,-7.7990031242370605,-7.768037796020508,0.5364838379766541
0.48,120,blade_0,blade_0_RotorFlow_OpenVSP_Blade_0,RotorFlow_OpenVSP_Blade_0_segment_13,blade_0_RotorFlow_OpenVSP_Blade_0:RotorFlow_OpenVSP_Blade_0_segment_13:orig:0,orig,0,4.060144901275635,4.060144901275635,3.940855026245117,4.1802825927734375,1,0.2500002980232239,0.0744311511516571,-1.5297563076019287,-5.8721818923950195,9.982084274291992,-0.9011992812156677,-0.7898451685905457,0.5364838379766541
0.48,120,blade_0,blade_0_RotorFlow_OpenVSP_Blade_0,RotorFlow_OpenVSP_Blade_0_segment_13,blade_0_RotorFlow_OpenVSP_Blade_0:RotorFlow_OpenVSP_Blade_0_segment_13:orig:0,orig,0,4.060144901275635,4.060144901275635,3.940855026245117,4.1802825927734375,2,0.4166671335697174,0.07443176954984665,-1.023716688156128,-3.9296457767486572,6.699916362762451,-0.42561736702919006,-0.3674778640270233,0.5364838379766541
0.48,120,blade_0,blade_0_RotorFlow_OpenVSP_Blade_0,RotorFlow_OpenVSP_Blade_0_segment_13,blade_0_RotorFlow_OpenVSP_Blade_0:RotorFlow_OpenVSP_Blade_0_segment_13:orig:0,orig,0,4.060144901275635,4.060144901275635,3.940855026245117,4.1802825927734375,3,0.5833339691162109,0.0744311586022377,-0.7362462282180786,-2.8261830806732178,4.824860095977783,-0.26107871532440186,-0.234841987490654,0.5364838379766541
0.48,120,blade_0,blade_0_RotorFlow_OpenVSP_Blade_0,RotorFlow_OpenVSP_Blade_0_segment_13,blade_0_RotorFlow_OpenVSP_Blade_0:RotorFlow_OpenVSP_Blade_0_segment_13:orig:0,orig,0,4.060144901275635,4.060144901275635,3.940855026245117,4.1802825927734375,4,0.7499992847442627,0.0744304284453392,-0.5235114097595215,-2.0095903873443604,3.4328742027282715,-0.16889901459217072,-0.1619124859571457,0.5364838379766541
0.48,120,blade_0,blade_0_RotorFlow_OpenVSP_Blade_0,RotorFlow_OpenVSP_Blade_0_segment_13,blade_0_RotorFlow_OpenVSP_Blade_0:RotorFlow_OpenVSP_Blade_0_segment_13:orig:0,orig,0,4.060144901275635,4.060144901275635,3.940855026245117,4.1802825927734375,5,0.9166653752326965,0.07443215698003769,-0.3327217400074005,-1.2771811485290527,2.1820290088653564,-0.1000249981880188,-0.10311213880777359,0.5364838379766541
0.48,120,blade_0,blade_0_RotorFlow_OpenVSP_Blade_0,RotorFlow_OpenVSP_Blade_0_segment_14,blade_0_RotorFlow_OpenVSP_Blade_0:RotorFlow_OpenVSP_Blade_0_segment_14:orig:0,orig,0,4.2874979972839355,4.2874979972839355,4.168346405029297,4.407472610473633,0,0.08333359658718109,0.0725378543138504,-3.320563316345215,-13.079133987426758,22.40967559814453,-7.732485294342041,-7.7344889640808105,0.5908702459487434
0.48,120,blade_0,blade_0_RotorFlow_OpenVSP_Blade_0,RotorFlow_OpenVSP_Blade_0_segment_14,blade_0_RotorFlow_OpenVSP_Blade_0:RotorFlow_OpenVSP_Blade_0_segment_14:orig:0,orig,0,4.2874979972839355,4.2874979972839355,4.168346405029297,4.407472610473633,1,0.2500000298023224,0.07253734022378922,-1.5116511583328247,-5.954179763793945,10.38569164276123,-0.8584513664245605,-0.7585332989692688,0.5908702459487434
0.48,120,blade_0,blade_0_RotorFlow_OpenVSP_Blade_0,RotorFlow_OpenVSP_Blade_0_segment_14,blade_0_RotorFlow_OpenVSP_Blade_0:RotorFlow_OpenVSP_Blade_0_segment_14:orig:0,orig,0,4.2874979972839355,4.2874979972839355,4.168346405029297,4.407472610473633,2,0.41666674613952637,0.07253779470920563,-1.0104897022247314,-3.9801504611968994,6.959738254547119,-0.39689329266548157,-0.3443075120449066,0.5908702459487434
0.48,120,blade_0,blade_0_RotorFlow_OpenVSP_Blade_0,RotorFlow_OpenVSP_Blade_0_segment_14,blade_0_RotorFlow_OpenVSP_Blade_0:RotorFlow_OpenVSP_Blade_0_segment_14:orig:0,orig,0,4.2874979972839355,4.2874979972839355,4.168346405029297,4.407472610473633,3,0.5833331942558289,0.0725373849272728,-0.7257314920425415,-2.858551502227783,5.0039896965026855,-0.24072982370853424,-0.21695590019226074,0.5908702459487434
0.48,120,blade_0,blade_0_RotorFlow_OpenVSP_Blade_0,RotorFlow_OpenVSP_Blade_0_segment_14,blade_0_RotorFlow_OpenVSP_Blade_0:RotorFlow_OpenVSP_Blade_0_segment_14:orig:0,orig,0,4.2874979972839355,4.2874979972839355,4.168346405029297,4.407472610473633,4,0.7499987483024597,0.07253696769475937,-0.5149279236793518,-2.028238296508789,3.5522046089172363,-0.15473172068595886,-0.14837418496608734,0.5908702459487434
0.48,120,blade_0,blade_0_RotorFlow_OpenVSP_Blade_0,RotorFlow_OpenVSP_Blade_0_segment_14,blade_0_RotorFlow_OpenVSP_Blade_0:RotorFlow_OpenVSP_Blade_0_segment_14:orig:0,orig,0,4.2874979972839355,4.2874979972839355,4.168346405029297,4.407472610473633,5,0.9166659116744995,0.07253838330507278,-0.3255138397216797,-1.2821342945098877,2.24558424949646,-0.0913192555308342,-0.09404129534959793,0.5908702459487434
0.48,120,blade_0,blade_0_RotorFlow_OpenVSP_Blade_0,RotorFlow_OpenVSP_Blade_0_segment_15,blade_0_RotorFlow_OpenVSP_Blade_0:RotorFlow_OpenVSP_Blade_0_segment_15:orig:0,orig,0,4.5148515701293945,4.5148515701293945,4.395842552185059,4.634657859802246,0,0.08333409577608109,0.07064390182495117,-3.275205373764038,-13.246337890625,23.29014015197754,-7.632389068603516,-7.663272380828857,0.6452567679877209
0.48,120,blade_0,blade_0_RotorFlow_OpenVSP_Blade_0,RotorFlow_OpenVSP_Blade_0_segment_15,blade_0_RotorFlow_OpenVSP_Blade_0:RotorFlow_OpenVSP_Blade_0_segment_15:orig:0,orig,0,4.5148515701293945,4.5148515701293945,4.395842552185059,4.634657859802246,1,0.25000065565109253,0.07064353674650192,-1.4894037246704102,-6.023819923400879,10.748820304870605,-0.8139209747314453,-0.7244653701782227,0.6452567679877209
0.48,120,blade_0,blade_0_RotorFlow_OpenVSP_Blade_0,RotorFlow_OpenVSP_Blade_0_segment_15,blade_0_RotorFlow_OpenVSP_Blade_0:RotorFlow_OpenVSP_Blade_0_segment_15:orig:0,orig,0,4.5148515701293945,4.5148515701293945,4.395842552185059,4.634657859802246,2,0.4166671335697174,0.07064349204301834,-0.9944261312484741,-4.021909713745117,7.1913347244262695,-0.36781972646713257,-0.320349782705307,0.6452567679877209
0.48,120,blade_0,blade_0_RotorFlow_OpenVSP_Blade_0,RotorFlow_OpenVSP_Blade_0_segment_15,blade_0_RotorFlow_OpenVSP_Blade_0:RotorFlow_OpenVSP_Blade_0_segment_15:orig:0,orig,0,4.5148515701293945,4.5148515701293945,4.395842552185059,4.634657859802246,3,0.5833336114883423,0.07064355164766312,-0.7131857872009277,-2.884443998336792,5.162133693695068,-0.2203621119260788,-0.19887249171733856,0.6452567679877209
0.48,120,blade_0,blade_0_RotorFlow_OpenVSP_Blade_0,RotorFlow_OpenVSP_Blade_0_segment_15,blade_0_RotorFlow_OpenVSP_Blade_0:RotorFlow_OpenVSP_Blade_0_segment_15:orig:0,orig,0,4.5148515701293945,4.5148515701293945,4.395842552185059,4.634657859802246,4,0.7500002384185791,0.07064356654882431,-0.5049142241477966,-2.042099714279175,3.6558167934417725,-0.14064796268939972,-0.13489459455013275,0.6452567679877209
0.48,120,blade_0,blade_0_RotorFlow_OpenVSP_Blade_0,RotorFlow_OpenVSP_Blade_0_segment_15,blade_0_RotorFlow_OpenVSP_Blade_0:RotorFlow_OpenVSP_Blade_0_segment_15:orig:0,orig,0,4.5148515701293945,4.5148515701293945,4.395842552185059,4.634657859802246,5,0.9166668057441711,0.07064351439476013,-0.31723785400390625,-1.2830531597137451,2.296804189682007,-0.0828038826584816,-0.0852062851190567,0.6452567679877209
0.48,120,blade_0,blade_0_RotorFlow_OpenVSP_Blade_0,RotorFlow_OpenVSP_Blade_0_segment_16,blade_0_RotorFlow_OpenVSP_Blade_0:RotorFlow_OpenVSP_Blade_0_segment_16:orig:0,orig,0,4.742205619812012,4.742205619812012,4.623335838317871,4.861848831176758,0,0.08333432674407959,0.06875062733888626,-3.218980312347412,-13.377458572387695,24.059242248535156,-7.490942001342773,-7.546688079833984,0.6996434040935868
0.48,120,blade_0,blade_0_RotorFlow_OpenVSP_Blade_0,RotorFlow_OpenVSP_Blade_0_segment_16,blade_0_RotorFlow_OpenVSP_Blade_0:RotorFlow_OpenVSP_Blade_0_segment_16:orig:0,orig,0,4.742205619812012,4.742205619812012,4.623335838317871,4.861848831176758,1,0.2500017285346985,0.06874991953372955,-1.4621795415878296,-6.076597213745117,11.06058406829834,-0.7672505378723145,-0.6874350905418396,0.6996434040935868
0.48,120,blade_0,blade_0_RotorFlow_OpenVSP_Blade_0,RotorFlow_OpenVSP_Blade_0_segment_16,blade_0_RotorFlow_OpenVSP_Blade_0:RotorFlow_OpenVSP_Blade_0_segment_16:orig:0,orig,0,4.742205619812012,4.742205619812012,4.623335838317871,4.861848831176758,2,0.4166678190231323,0.06874853372573853,-0.9750840067863464,-4.0523834228515625,7.388655662536621,-0.33831438422203064,-0.29559093713760376,0.6996434040935868
0.48,120,blade_0,blade_0_RotorFlow_OpenVSP_Blade_0,RotorFlow_OpenVSP_Blade_0_segment_16,blade_0_RotorFlow_OpenVSP_Blade_0:RotorFlow_OpenVSP_Blade_0_segment_16:orig:0,orig,0,4.742205619812012,4.742205619812012,4.623335838317871,4.861848831176758,3,0.5833330750465393,0.06875025480985641,-0.6982985138893127,-2.9020090103149414,5.294944763183594,-0.19989365339279175,-0.18053777515888214,0.6996434040935868
0.48,120,blade_0,blade_0_RotorFlow_OpenVSP_Blade_0,RotorFlow_OpenVSP_Blade_0_segment_16,blade_0_RotorFlow_OpenVSP_Blade_0:RotorFlow_OpenVSP_Blade_0_segment_16:orig:0,orig,0,4.742205619812012,4.742205619812012,4.623335838317871,4.861848831176758,4,0.7500004172325134,0.06874994188547134,-0.49326232075691223,-2.0499229431152344,3.7409589290618896,-0.1266157478094101,-0.12144233286380768,0.6996434040935868
0.48,120,blade_0,blade_0_RotorFlow_OpenVSP_Blade_0,RotorFlow_OpenVSP_Blade_0_segment_16,blade_0_RotorFlow_OpenVSP_Blade_0:RotorFlow_OpenVSP_Blade_0_segment_16:orig:0,orig,0,4.742205619812012,4.742205619812012,4.623335838317871,4.861848831176758,5,0.9166669845581055,0.06874954700469971,-0.3077923655509949,-1.2791454792022705,2.333919048309326,-0.07439451664686203,-0.07651756703853607,0.6996434040935868
0.48,120,blade_0,blade_0_RotorFlow_OpenVSP_Blade_0,RotorFlow_OpenVSP_Blade_0_segment_17,blade_0_RotorFlow_OpenVSP_Blade_0:RotorFlow_OpenVSP_Blade_0_segment_17:orig:0,orig,0,4.969559669494629,4.969559669494629,4.850833892822266,5.08903694152832,0,0.08333445340394974,0.06685660034418106,-3.147754669189453,-13.452052116394043,24.670549392700195,-7.288843154907227,-7.36503267288208,0.7540300401994527
0.48,120,blade_0,blade_0_RotorFlow_OpenVSP_Blade_0,RotorFlow_OpenVSP_Blade_0_segment_17,blade_0_RotorFlow_OpenVSP_Blade_0:RotorFlow_OpenVSP_Blade_0_segment_17:orig:0,orig,0,4.969559669494629,4.969559669494629,4.850833892822266,5.08903694152832,1,0.25000202655792236,0.06685586273670197,-1.427807331085205,-6.1018571853637695,11.299403190612793,-0.71676105260849,-0.645922064781189,0.7540300401994527
0.48,120,blade_0,blade_0_RotorFlow_OpenVSP_Blade_0,RotorFlow_OpenVSP_Blade_0_segment_17,blade_0_RotorFlow_OpenVSP_Blade_0:RotorFlow_OpenVSP_Blade_0_segment_17:orig:0,orig,0,4.969559669494629,4.969559669494629,4.850833892822266,5.08903694152832,2,0.41666701436042786,0.0668550357222557,-0.9508261680603027,-4.063488006591797,7.534915924072266,-0.3077007532119751,-0.26945099234580994,0.7540300401994527
0.48,120,blade_0,blade_0_RotorFlow_OpenVSP_Blade_0,RotorFlow_OpenVSP_Blade_0_segment_17,blade_0_RotorFlow_OpenVSP_Blade_0:RotorFlow_OpenVSP_Blade_0_segment_17:orig:0,orig,0,4.969559669494629,4.969559669494629,4.850833892822266,5.08903694152832,3,0.5833333730697632,0.0668562650680542,-0.6799595355987549,-2.9058480262756348,5.391111373901367,-0.178995743393898,-0.1616707295179367,0.7540300401994527
0.48,120,blade_0,blade_0_RotorFlow_OpenVSP_Blade_0,RotorFlow_OpenVSP_Blade_0_segment_17,blade_0_RotorFlow_OpenVSP_Blade_0:RotorFlow_OpenVSP_Blade_0_segment_17:orig:0,orig,0,4.969559669494629,4.969559669494629,4.850833892822266,5.08903694152832,4,0.7500009536743164,0.06685607135295868,-0.47928157448768616,-2.0482447147369385,3.800224781036377,-0.11245527118444443,-0.10784744471311569,0.7540300401994527
0.48,120,blade_0,blade_0_RotorFlow_OpenVSP_Blade_0,RotorFlow_OpenVSP_Blade_0_segment_17,blade_0_RotorFlow_OpenVSP_Blade_0:RotorFlow_OpenVSP_Blade_0_segment_17:orig:0,orig,0,4.969559669494629,4.969559669494629,4.850833892822266,5.08903694152832,5,0.9166672825813293,0.06685535609722137,-0.2968752980232239,-1.2687318325042725,2.3532052040100098,-0.06617086380720139,-0.06804537773132324,0.7540300401994527
0.48,120,blade_0,blade_0_RotorFlow_OpenVSP_Blade_0,RotorFlow_OpenVSP_Blade_0_segment_18,blade_0_RotorFlow_OpenVSP_Blade_0:RotorFlow_OpenVSP_Blade_0_segment_18:orig:0,orig,0,5.196915626525879,5.196915626525879,5.078330993652344,5.316226959228516,0,0.08333318680524826,0.06496188044548035,-3.052809238433838,-13.4268159866333,25.041831970214844,-6.989654541015625,-7.080681324005127,0.8084171325728722
0.48,120,blade_0,blade_0_RotorFlow_OpenVSP_Blade_0,RotorFlow_OpenVSP_Blade_0_segment_18,blade_0_RotorFlow_OpenVSP_Blade_0:RotorFlow_OpenVSP_Blade_0_segment_18:orig:0,orig,0,5.196915626525879,5.196915626525879,5.078330993652344,5.316226959228516,1,0.24999898672103882,0.06496112793684006,-1.3818799257278442,-6.077832221984863,11.421083450317383,-0.6593167781829834,-0.5969658493995667,0.8084171325728722
0.48,120,blade_0,blade_0_RotorFlow_OpenVSP_Blade_0,RotorFlow_OpenVSP_Blade_0_segment_18,blade_0_RotorFlow_OpenVSP_Blade_0:RotorFlow_OpenVSP_Blade_0_segment_18:orig:0,orig,0,5.196915626525879,5.196915626525879,5.078330993652344,5.316226959228516,2,0.41666650772094727,0.06496289372444153,-0.9185598492622375,-4.039931774139404,7.5993571281433105,-0.27459582686424255,-0.2406664341688156,0.8084171325728722
0.48,120,blade_0,blade_0_RotorFlow_OpenVSP_Blade_0,RotorFlow_OpenVSP_Blade_0_segment_18,blade_0_RotorFlow_OpenVSP_Blade_0:RotorFlow_OpenVSP_Blade_0_segment_18:orig:0,orig,0,5.196915626525879,5.196915626525879,5.078330993652344,5.316226959228516,3,0.5833337903022766,0.06496140360832214,-0.6558422446250916,-2.884535789489746,5.427443504333496,-0.15676763653755188,-0.14142228662967682,0.8084171325728722
0.48,120,blade_0,blade_0_RotorFlow_OpenVSP_Blade_0,RotorFlow_OpenVSP_Blade_0_segment_18,blade_0_RotorFlow_OpenVSP_Blade_0:RotorFlow_OpenVSP_Blade_0_segment_18:orig:0,orig,0,5.196915626525879,5.196915626525879,5.078330993652344,5.316226959228516,4,0.7500009536743164,0.06496237963438034,-0.4615378975868225,-2.0299129486083984,3.81886887550354,-0.09750230610370636,-0.09346677362918854,0.8084171325728722
0.48,120,blade_0,blade_0_RotorFlow_OpenVSP_Blade_0,RotorFlow_OpenVSP_Blade_0_segment_18,blade_0_RotorFlow_OpenVSP_Blade_0:RotorFlow_OpenVSP_Blade_0_segment_18:orig:0,orig,0,5.196915626525879,5.196915626525879,5.078330993652344,5.316226959228516,5,0.9166672825813293,0.06496132910251617,-0.2840232849121094,-1.2491971254348755,2.3489341735839844,-0.05752153694629669,-0.05919107422232628,0.8084171325728722
0.48,120,blade_0,blade_0_RotorFlow_OpenVSP_Blade_0,RotorFlow_OpenVSP_Blade_0_segment_19,blade_0_RotorFlow_OpenVSP_Blade_0:RotorFlow_OpenVSP_Blade_0_segment_19:orig:0,orig,0,5.424272060394287,5.424272060394287,5.305826663970947,5.543415069580078,0,0.08333274722099304,0.06306743621826172,-2.9144511222839355,-13.20333194732666,24.980607986450195,-6.513785362243652,-6.611845016479492,0.86280433901318
0.48,120,blade_0,blade_0_RotorFlow_OpenVSP_Blade_0,RotorFlow_OpenVSP_Blade_0_segment_19,blade_0_RotorFlow_OpenVSP_Blade_0:RotorFlow_OpenVSP_Blade_0_segment_19:orig:0,orig,0,5.424272060394287,5.424272060394287,5.305826663970947,5.543415069580078,1,0.24999816715717316,0.06306704133749008,-1.314323902130127,-5.95431661605835,11.329511642456055,-0.5885269045829773,-0.5344858169555664,0.86280433901318
0.48,120,blade_0,blade_0_RotorFlow_OpenVSP_Blade_0,RotorFlow_OpenVSP_Blade_0_segment_19,blade_0_RotorFlow_OpenVSP_Blade_0:RotorFlow_OpenVSP_Blade_0_segment_19:orig:0,orig,0,5.424272060394287,5.424272060394287,5.305826663970947,5.543415069580078,2,0.4166644811630249,0.06306862831115723,-0.8715099692344666,-3.9481253623962402,7.51741361618042,-0.23663833737373352,-0.20706476271152496,0.86280433901318
0.48,120,blade_0,blade_0_RotorFlow_OpenVSP_Blade_0,RotorFlow_OpenVSP_Blade_0_segment_19,blade_0_RotorFlow_OpenVSP_Blade_0:RotorFlow_OpenVSP_Blade_0_segment_19:orig:0,orig,0,5.424272060394287,5.424272060394287,5.305826663970947,5.543415069580078,3,0.5833327770233154,0.06306830048561096,-0.6221280097961426,-2.8183867931365967,5.366166114807129,-0.13189205527305603,-0.11855578422546387,0.86280433901318
0.48,120,blade_0,blade_0_RotorFlow_OpenVSP_Blade_0,RotorFlow_OpenVSP_Blade_0_segment_19,blade_0_RotorFlow_OpenVSP_Blade_0:RotorFlow_OpenVSP_Blade_0_segment_19:orig:0,orig,0,5.424272060394287,5.424272060394287,5.305826663970947,5.543415069580078,4,0.7499995231628418,0.06306774914264679,-0.4387994408607483,-1.987882375717163,3.7832608222961426,-0.08101341873407364,-0.07757485657930374,0.86280433901318
0.48,120,blade_0,blade_0_RotorFlow_OpenVSP_Blade_0,RotorFlow_OpenVSP_Blade_0_segment_19,blade_0_RotorFlow_OpenVSP_Blade_0:RotorFlow_OpenVSP_Blade_0_segment_19:orig:0,orig,0,5.424272060394287,5.424272060394287,5.305826663970947,5.543415069580078,5,0.9166663885116577,0.06306812912225723,-0.27079999446868896,-1.2267911434173584,2.3329036235809326,-0.04825602099299431,-0.0497889406979084,0.86280433901318
0.48,120,blade_0,blade_0_RotorFlow_OpenVSP_Blade_0,RotorFlow_OpenVSP_Blade_0_segment_20,blade_0_RotorFlow_OpenVSP_Blade_0:RotorFlow_OpenVSP_Blade_0_segment_20:orig:0,orig,0,5.651627063751221,5.651627063751221,5.533324241638184,5.77060604095459,0,0.08333329111337662,0.06117421016097069,-2.6795334815979004,-12.51476764678955,23.974912643432617,-5.671438217163086,-5.762651443481445,0.9171912032528227
0.48,120,blade_0,blade_0_RotorFlow_OpenVSP_Blade_0,RotorFlow_OpenVSP_Blade_0_segment_20,blade_0_RotorFlow_OpenVSP_Blade_0:RotorFlow_OpenVSP_Blade_0_segment_20:orig:0,orig,0,5.651627063751221,5.651627063751221,5.533324241638184,5.77060604095459,1,0.24999892711639404,0.06117337942123413,-1.1963255405426025,-5.587516784667969,10.747208595275879,-0.4893307685852051,-0.4441724121570587,0.9171912032528227
0.48,120,blade_0,blade_0_RotorFlow_OpenVSP_Blade_0,RotorFlow_OpenVSP_Blade_0_segment_20,blade_0_RotorFlow_OpenVSP_Blade_0:RotorFlow_OpenVSP_Blade_0_segment_20:orig:0,orig,0,5.651627063751221,5.651627063751221,5.533324241638184,5.77060604095459,2,0.4166650176048279,0.06117405369877815,-0.7894836664199829,-3.6872947216033936,7.0952887535095215,-0.18796993792057037,-0.16329805552959442,0.9171912032528227
0.48,120,blade_0,blade_0_RotorFlow_OpenVSP_Blade_0,RotorFlow_OpenVSP_Blade_0_segment_20,blade_0_RotorFlow_OpenVSP_Blade_0:RotorFlow_OpenVSP_Blade_0_segment_20:orig:0,orig,0,5.651627063751221,5.651627063751221,5.533324241638184,5.77060604095459,3,0.5833320617675781,0.06117439642548561,-0.56554114818573,-2.641353130340576,5.081715106964111,-0.10127314925193787,-0.09019185602664948,0.9171912032528227
0.48,120,blade_0,blade_0_RotorFlow_OpenVSP_Blade_0,RotorFlow_OpenVSP_Blade_0_segment_20,blade_0_RotorFlow_OpenVSP_Blade_0:RotorFlow_OpenVSP_Blade_0_segment_20:orig:0,orig,0,5.651627063751221,5.651627063751221,5.533324241638184,5.77060604095459,4,0.7499986886978149,0.061173878610134125,-0.40487006306648254,-1.8909567594528198,3.6354596614837646,-0.06154478341341019,-0.058778781443834305,0.9171912032528227
0.48,120,blade_0,blade_0_RotorFlow_OpenVSP_Blade_0,RotorFlow_OpenVSP_Blade_0_segment_20,blade_0_RotorFlow_OpenVSP_Blade_0:RotorFlow_OpenVSP_Blade_0_segment_20:orig:0,orig,0,5.651627063751221,5.651627063751221,5.533324241638184,5.77060604095459,5,0.9166661500930786,0.06117458641529083,-0.25553542375564575,-1.1934714317321777,2.2917447090148926,-0.03843281790614128,-0.03987807035446167,0.9171912032528227
0.48,120,blade_0,blade_0_RotorFlow_OpenVSP_Blade_0,RotorFlow_OpenVSP_Blade_0_segment_21,blade_0_RotorFlow_OpenVSP_Blade_0:RotorFlow_OpenVSP_Blade_0_segment_21:orig:0,orig,0,5.878983974456787,5.878983974456787,5.760824203491211,5.997795104980469,0,0.08333369344472885,0.05928043648600578,-2.1729495525360107,-10.472977638244629,20.28968048095703,-3.972574234008789,-4.0289998054504395,0.9715785237600187
0.48,120,blade_0,blade_0_RotorFlow_OpenVSP_Blade_0,RotorFlow_OpenVSP_Blade_0_segment_21,blade_0_RotorFlow_OpenVSP_Blade_0:RotorFlow_OpenVSP_Blade_0_segment_21:orig:0,orig,0,5.878983974456787,5.878983974456787,5.760824203491211,5.997795104980469,1,0.25000065565109253,0.0592801570892334,-0.9236433506011963,-4.4517107009887695,8.649703025817871,-0.31917816400527954,-0.28643566370010376,0.9715785237600187
0.48,120,blade_0,blade_0_RotorFlow_OpenVSP_Blade_0,RotorFlow_OpenVSP_Blade_0_segment_21,blade_0_RotorFlow_OpenVSP_Blade_0:RotorFlow_OpenVSP_Blade_0_segment_21:orig:0,orig,0,5.878983974456787,5.878983974456787,5.760824203491211,5.997795104980469,2,0.4166662395000458,0.059279609471559525,-0.5950362682342529,-2.8679399490356445,5.576630592346191,-0.1116657704114914,-0.09438848495483398,0.9715785237600187
0.48,120,blade_0,blade_0_RotorFlow_OpenVSP_Blade_0,RotorFlow_OpenVSP_Blade_0_segment_21,blade_0_RotorFlow_OpenVSP_Blade_0:RotorFlow_OpenVSP_Blade_0_segment_21:orig:0,orig,0,5.878983974456787,5.878983974456787,5.760824203491211,5.997795104980469,3,0.5833327770233154,0.0592806413769722,-0.4369654655456543,-2.1060378551483154,4.096468448638916,-0.055821873247623444,-0.048032037913799286,0.9715785237600187
0.48,120,blade_0,blade_0_RotorFlow_OpenVSP_Blade_0,RotorFlow_OpenVSP_Blade_0_segment_21,blade_0_RotorFlow_OpenVSP_Blade_0:RotorFlow_OpenVSP_Blade_0_segment_21:orig:0,orig,0,5.878983974456787,5.878983974456787,5.760824203491211,5.997795104980469,4,0.7500007152557373,0.05928047001361847,-0.34613707661628723,-1.6682779788970947,3.244699478149414,-0.033823538571596146,-0.03194674104452133,0.9715785237600187
0.48,120,blade_0,blade_0_RotorFlow_OpenVSP_Blade_0,RotorFlow_OpenVSP_Blade_0_segment_21,blade_0_RotorFlow_OpenVSP_Blade_0:RotorFlow_OpenVSP_Blade_0_segment_21:orig:0,orig,0,5.878983974456787,5.878983974456787,5.760824203491211,5.997795104980469,5,0.9166668057441711,0.059279780834913254,-0.26175788044929504,-1.2616100311279297,2.4523627758026123,-0.02875162847340107,-0.03038053959608078,0.9715785237600187
