FoamFile
{
    version     2.0;
    format      ascii;
    class       faceList;
    location    "constant/polyMesh";
    object      faces;
}
// * * * * * * * * * * * * * * * * * * * * * * * * * * * * * * * * * //

7356
(
4(1 8 52 45)
4(7 51 52 8)
4(44 45 52 51)
4(2 9 53 46)
4(8 52 53 9)
4(45 46 53 52)
4(8 15 59 52)
4(14 58 59 15)
4(51 52 59 58)
4(45 52 96 89)
4(51 95 96 52)
4(88 89 96 95)
4(89 96 140 133)
4(95 139 140 96)
4(132 133 140 139)
4(46 53 97 90)
4(52 96 97 53)
4(89 90 97 96)
4(53 54 47 46)
4(47 54 98 91)
4(90 91 98 97)
4(90 97 141 134)
4(96 140 141 97)
4(133 134 141 140)
4(91 98 142 135)
4(134 135 142 141)
4(52 59 103 96)
4(58 102 103 59)
4(95 96 103 102)
4(64 65 59 58)
4(64 108 109 65)
4(102 103 109 108)
4(96 103 147 140)
4(102 146 147 103)
4(139 140 147 146)
4(108 152 153 109)
4(146 147 153 152)
4(59 60 53 52)
4(96 97 104 103)
4(140 141 148 147)
4(133 140 184 177)
4(139 183 184 140)
4(176 177 184 183)
4(177 184 228 221)
4(183 227 228 184)
4(220 221 228 227)
4(134 141 185 178)
4(140 184 185 141)
4(177 178 185 184)
4(135 142 186 179)
4(178 179 186 185)
4(178 185 229 222)
4(184 228 229 185)
4(221 222 229 228)
4(179 186 230 223)
4(222 223 230 229)
4(140 147 191 184)
4(146 190 191 147)
4(183 184 191 190)
4(152 196 197 153)
4(190 191 197 196)
4(184 191 235 228)
4(190 234 235 191)
4(227 228 235 234)
4(196 240 241 197)
4(234 235 241 240)
4(184 185 192 191)
4(228 229 236 235)
4(221 228 272 265)
4(227 271 272 228)
4(264 265 272 271)
4(265 272 316 309)
4(271 315 316 272)
4(308 309 316 315)
4(222 229 273 266)
4(228 272 273 229)
4(265 266 273 272)
4(223 230 274 267)
4(266 267 274 273)
4(266 273 317 310)
4(272 316 317 273)
4(309 310 317 316)
4(267 274 318 311)
4(310 311 318 317)
4(228 235 279 272)
4(234 278 279 235)
4(271 272 279 278)
4(240 284 285 241)
4(278 279 285 284)
4(272 279 323 316)
4(278 322 323 279)
4(315 316 323 322)
4(284 328 329 285)
4(322 323 329 328)
4(272 273 280 279)
4(316 317 324 323)
4(309 316 360 353)
4(315 359 360 316)
4(352 353 360 359)
4(353 360 404 397)
4(359 403 404 360)
4(396 397 404 403)
4(310 317 361 354)
4(316 360 361 317)
4(353 354 361 360)
4(311 318 362 355)
4(354 355 362 361)
4(354 361 405 398)
4(360 404 405 361)
4(397 398 405 404)
4(355 362 406 399)
4(398 399 406 405)
4(316 323 367 360)
4(322 366 367 323)
4(359 360 367 366)
4(328 372 373 329)
4(366 367 373 372)
4(360 367 411 404)
4(366 410 411 367)
4(403 404 411 410)
4(372 416 417 373)
4(410 411 417 416)
4(360 361 368 367)
4(404 405 412 411)
4(397 404 448 441)
4(403 447 448 404)
4(440 441 448 447)
4(441 448 492 485)
4(447 491 492 448)
4(484 485 492 491)
4(398 405 449 442)
4(404 448 449 405)
4(441 442 449 448)
4(399 406 450 443)
4(442 443 450 449)
4(442 449 493 486)
4(448 492 493 449)
4(485 486 493 492)
4(443 450 494 487)
4(486 487 494 493)
4(404 411 455 448)
4(410 454 455 411)
4(447 448 455 454)
4(416 460 461 417)
4(454 455 461 460)
4(448 455 499 492)
4(454 498 499 455)
4(491 492 499 498)
4(460 504 505 461)
4(498 499 505 504)
4(448 449 456 455)
4(492 493 500 499)
4(485 492 536 529)
4(491 535 536 492)
4(528 529 536 535)
4(529 536 580 573)
4(535 579 580 536)
4(572 573 580 579)
4(486 493 537 530)
4(492 536 537 493)
4(529 530 537 536)
4(487 494 538 531)
4(530 531 538 537)
4(530 537 581 574)
4(536 580 581 537)
4(573 574 581 580)
4(531 538 582 575)
4(574 575 582 581)
4(492 499 543 536)
4(498 542 543 499)
4(535 536 543 542)
4(504 548 549 505)
4(542 543 549 548)
4(536 543 587 580)
4(542 586 587 543)
4(579 580 587 586)
4(548 592 593 549)
4(586 587 593 592)
4(536 537 544 543)
4(580 581 588 587)
4(49 56 12 5)
4(12 56 57 13)
4(49 50 57 56)
4(56 62 18 12)
4(18 62 63 19)
4(56 57 63 62)
4(22 66 67 23)
4(62 63 67 66)
4(98 99 92 91)
4(92 99 143 136)
4(135 136 143 142)
4(99 100 93 92)
4(93 100 144 137)
4(99 143 144 100)
4(136 137 144 143)
4(93 100 56 49)
4(56 100 101 57)
4(93 94 101 100)
4(100 144 145 101)
4(137 138 145 144)
4(105 106 100 99)
4(100 106 150 144)
4(143 144 150 149)
4(100 106 62 56)
4(62 106 107 63)
4(100 101 107 106)
4(66 110 111 67)
4(106 107 111 110)
4(106 150 151 107)
4(144 145 151 150)
4(110 154 155 111)
4(150 151 155 154)
4(136 143 187 180)
4(179 180 187 186)
4(137 144 188 181)
4(143 187 188 144)
4(180 181 188 187)
4(180 187 231 224)
4(223 224 231 230)
4(181 188 232 225)
4(187 231 232 188)
4(224 225 232 231)
4(144 188 189 145)
4(181 182 189 188)
4(188 232 233 189)
4(225 226 233 232)
4(144 150 194 188)
4(187 188 194 193)
4(188 194 238 232)
4(231 232 238 237)
4(150 194 195 151)
4(188 189 195 194)
4(154 198 199 155)
4(194 195 199 198)
4(194 238 239 195)
4(232 233 239 238)
4(198 242 243 199)
4(238 239 243 242)
4(224 231 275 268)
4(267 268 275 274)
4(225 232 276 269)
4(231 275 276 232)
4(268 269 276 275)
4(268 275 319 312)
4(311 312 319 318)
4(269 276 320 313)
4(275 319 320 276)
4(312 313 320 319)
4(232 276 277 233)
4(269 270 277 276)
4(276 320 321 277)
4(313 314 321 320)
4(232 238 282 276)
4(275 276 282 281)
4(276 282 326 320)
4(319 320 326 325)
4(238 282 283 239)
4(276 277 283 282)
4(242 286 287 243)
4(282 283 287 286)
4(282 326 327 283)
4(320 321 327 326)
4(286 330 331 287)
4(326 327 331 330)
4(312 319 363 356)
4(355 356 363 362)
4(313 320 364 357)
4(319 363 364 320)
4(356 357 364 363)
4(356 363 407 400)
4(399 400 407 406)
4(357 364 408 401)
4(363 407 408 364)
4(400 401 408 407)
4(320 364 365 321)
4(357 358 365 364)
4(364 408 409 365)
4(401 402 409 408)
4(320 326 370 364)
4(363 364 370 369)
4(364 370 414 408)
4(407 408 414 413)
4(326 370 371 327)
4(364 365 371 370)
4(330 374 375 331)
4(370 371 375 374)
4(370 414 415 371)
4(408 409 415 414)
4(374 418 419 375)
4(414 415 419 418)
4(400 407 451 444)
4(443 444 451 450)
4(401 408 452 445)
4(407 451 452 408)
4(444 445 452 451)
4(444 451 495 488)
4(487 488 495 494)
4(445 452 496 489)
4(451 495 496 452)
4(488 489 496 495)
4(408 452 453 409)
4(445 446 453 452)
4(452 496 497 453)
4(489 490 497 496)
4(408 414 458 452)
4(451 452 458 457)
4(452 458 502 496)
4(495 496 502 501)
4(414 458 459 415)
4(452 453 459 458)
4(418 462 463 419)
4(458 459 463 462)
4(458 502 503 459)
4(496 497 503 502)
4(462 506 507 463)
4(502 503 507 506)
4(488 495 539 532)
4(531 532 539 538)
4(489 496 540 533)
4(495 539 540 496)
4(532 533 540 539)
4(532 539 583 576)
4(575 576 583 582)
4(533 540 584 577)
4(539 583 584 540)
4(576 577 584 583)
4(496 540 541 497)
4(533 534 541 540)
4(540 584 585 541)
4(577 578 585 584)
4(496 502 546 540)
4(539 540 546 545)
4(540 546 590 584)
4(583 584 590 589)
4(502 546 547 503)
4(540 541 547 546)
4(506 550 551 507)
4(546 547 551 550)
4(546 590 591 547)
4(584 585 591 590)
4(550 594 595 551)
4(590 591 595 594)
4(31 75 74 30)
4(31 38 82 75)
4(74 75 82 81)
4(32 76 75 31)
4(32 39 83 76)
4(75 76 83 82)
4(33 40 84 77)
4(76 77 84 83)
4(112 113 109 108)
4(112 156 157 113)
4(152 153 157 156)
4(118 119 113 112)
4(113 119 163 157)
4(118 162 163 119)
4(156 157 163 162)
4(119 120 114 113)
4(119 163 164 120)
4(157 158 164 163)
4(75 119 118 74)
4(75 82 126 119)
4(118 119 126 125)
4(119 126 170 163)
4(162 163 170 169)
4(76 120 119 75)
4(76 83 127 120)
4(119 120 127 126)
4(77 84 128 121)
4(120 121 128 127)
4(120 127 171 164)
4(163 164 171 170)
4(121 128 172 165)
4(164 165 172 171)
4(156 200 201 157)
4(196 197 201 200)
4(157 163 207 201)
4(162 206 207 163)
4(200 201 207 206)
4(200 244 245 201)
4(240 241 245 244)
4(201 207 251 245)
4(206 250 251 207)
4(244 245 251 250)
4(163 207 208 164)
4(201 202 208 207)
4(207 251 252 208)
4(245 246 252 251)
4(163 170 214 207)
4(206 207 214 213)
4(207 214 258 251)
4(250 251 258 257)
4(164 171 215 208)
4(207 208 215 214)
4(165 172 216 209)
4(208 209 216 215)
4(208 215 259 252)
4(251 252 259 258)
4(209 216 260 253)
4(252 253 260 259)
4(244 288 289 245)
4(284 285 289 288)
4(245 251 295 289)
4(250 294 295 251)
4(288 289 295 294)
4(288 332 333 289)
4(328 329 333 332)
4(289 295 339 333)
4(294 338 339 295)
4(332 333 339 338)
4(251 295 296 252)
4(289 290 296 295)
4(295 339 340 296)
4(333 334 340 339)
4(251 258 302 295)
4(294 295 302 301)
4(295 302 346 339)
4(338 339 346 345)
4(252 259 303 296)
4(295 296 303 302)
4(253 260 304 297)
4(296 297 304 303)
4(296 303 347 340)
4(339 340 347 346)
4(297 304 348 341)
4(340 341 348 347)
4(332 376 377 333)
4(372 373 377 376)
4(333 339 383 377)
4(338 382 383 339)
4(376 377 383 382)
4(376 420 421 377)
4(416 417 421 420)
4(377 383 427 421)
4(382 426 427 383)
4(420 421 427 426)
4(339 383 384 340)
4(377 378 384 383)
4(383 427 428 384)
4(421 422 428 427)
4(339 346 390 383)
4(382 383 390 389)
4(383 390 434 427)
4(426 427 434 433)
4(340 347 391 384)
4(383 384 391 390)
4(341 348 392 385)
4(384 385 392 391)
4(384 391 435 428)
4(427 428 435 434)
4(385 392 436 429)
4(428 429 436 435)
4(420 464 465 421)
4(460 461 465 464)
4(421 427 471 465)
4(426 470 471 427)
4(464 465 471 470)
4(464 508 509 465)
4(504 505 509 508)
4(465 471 515 509)
4(470 514 515 471)
4(508 509 515 514)
4(427 471 472 428)
4(465 466 472 471)
4(471 515 516 472)
4(509 510 516 515)
4(427 434 478 471)
4(470 471 478 477)
4(471 478 522 515)
4(514 515 522 521)
4(428 435 479 472)
4(471 472 479 478)
4(429 436 480 473)
4(472 473 480 479)
4(472 479 523 516)
4(515 516 523 522)
4(473 480 524 517)
4(516 517 524 523)
4(508 552 553 509)
4(548 549 553 552)
4(509 515 559 553)
4(514 558 559 515)
4(552 553 559 558)
4(552 596 597 553)
4(592 593 597 596)
4(553 559 603 597)
4(558 602 603 559)
4(596 597 603 602)
4(515 559 560 516)
4(553 554 560 559)
4(559 603 604 560)
4(597 598 604 603)
4(515 522 566 559)
4(558 559 566 565)
4(559 566 610 603)
4(602 603 610 609)
4(516 523 567 560)
4(559 560 567 566)
4(517 524 568 561)
4(560 561 568 567)
4(560 567 611 604)
4(603 604 611 610)
4(561 568 612 605)
4(604 605 612 611)
4(36 80 79 35)
4(79 86 42 35)
4(79 80 87 86)
4(78 79 72 71)
4(72 79 123 116)
4(78 122 123 79)
4(115 116 123 122)
4(116 123 167 160)
4(122 166 167 123)
4(159 160 167 166)
4(116 117 111 110)
4(116 160 161 117)
4(154 155 161 160)
4(123 124 117 116)
4(123 167 168 124)
4(160 161 168 167)
4(128 129 122 121)
4(122 129 173 166)
4(165 166 173 172)
4(129 130 123 122)
4(123 130 174 167)
4(166 167 174 173)
4(80 124 123 79)
4(123 130 86 79)
4(123 124 131 130)
4(167 168 175 174)
4(160 167 211 204)
4(166 210 211 167)
4(203 204 211 210)
4(204 211 255 248)
4(210 254 255 211)
4(247 248 255 254)
4(160 204 205 161)
4(198 199 205 204)
4(167 211 212 168)
4(204 205 212 211)
4(204 248 249 205)
4(242 243 249 248)
4(211 255 256 212)
4(248 249 256 255)
4(166 173 217 210)
4(209 210 217 216)
4(167 174 218 211)
4(210 211 218 217)
4(210 217 261 254)
4(253 254 261 260)
4(211 218 262 255)
4(254 255 262 261)
4(211 212 219 218)
4(255 256 263 262)
4(248 255 299 292)
4(254 298 299 255)
4(291 292 299 298)
4(292 299 343 336)
4(298 342 343 299)
4(335 336 343 342)
4(248 292 293 249)
4(286 287 293 292)
4(255 299 300 256)
4(292 293 300 299)
4(292 336 337 293)
4(330 331 337 336)
4(299 343 344 300)
4(336 337 344 343)
4(254 261 305 298)
4(297 298 305 304)
4(255 262 306 299)
4(298 299 306 305)
4(298 305 349 342)
4(341 342 349 348)
4(299 306 350 343)
4(342 343 350 349)
4(299 300 307 306)
4(343 344 351 350)
4(336 343 387 380)
4(342 386 387 343)
4(379 380 387 386)
4(380 387 431 424)
4(386 430 431 387)
4(423 424 431 430)
4(336 380 381 337)
4(374 375 381 380)
4(343 387 388 344)
4(380 381 388 387)
4(380 424 425 381)
4(418 419 425 424)
4(387 431 432 388)
4(424 425 432 431)
4(342 349 393 386)
4(385 386 393 392)
4(343 350 394 387)
4(386 387 394 393)
4(386 393 437 430)
4(429 430 437 436)
4(387 394 438 431)
4(430 431 438 437)
4(387 388 395 394)
4(431 432 439 438)
4(424 431 475 468)
4(430 474 475 431)
4(467 468 475 474)
4(468 475 519 512)
4(474 518 519 475)
4(511 512 519 518)
4(424 468 469 425)
4(462 463 469 468)
4(431 475 476 432)
4(468 469 476 475)
4(468 512 513 469)
4(506 507 513 512)
4(475 519 520 476)
4(512 513 520 519)
4(430 437 481 474)
4(473 474 481 480)
4(431 438 482 475)
4(474 475 482 481)
4(474 481 525 518)
4(517 518 525 524)
4(475 482 526 519)
4(518 519 526 525)
4(475 476 483 482)
4(519 520 527 526)
4(512 519 563 556)
4(518 562 563 519)
4(555 556 563 562)
4(556 563 607 600)
4(562 606 607 563)
4(599 600 607 606)
4(512 556 557 513)
4(550 551 557 556)
4(519 563 564 520)
4(556 557 564 563)
4(556 600 601 557)
4(594 595 601 600)
4(563 607 608 564)
4(600 601 608 607)
4(518 525 569 562)
4(561 562 569 568)
4(519 526 570 563)
4(562 563 570 569)
4(562 569 613 606)
4(605 606 613 612)
4(563 570 614 607)
4(606 607 614 613)
4(563 564 571 570)
4(607 608 615 614)
4(573 580 624 617)
4(579 623 624 580)
4(616 617 624 623)
4(617 624 668 661)
4(623 667 668 624)
4(660 661 668 667)
4(574 581 625 618)
4(580 624 625 581)
4(617 618 625 624)
4(575 582 626 619)
4(618 619 626 625)
4(618 625 669 662)
4(624 668 669 625)
4(661 662 669 668)
4(619 626 670 663)
4(662 663 670 669)
4(580 587 631 624)
4(586 630 631 587)
4(623 624 631 630)
4(592 636 637 593)
4(630 631 637 636)
4(624 631 675 668)
4(630 674 675 631)
4(667 668 675 674)
4(636 680 681 637)
4(674 675 681 680)
4(624 625 632 631)
4(668 669 676 675)
4(661 668 712 705)
4(667 711 712 668)
4(704 705 712 711)
4(705 712 756 749)
4(711 755 756 712)
4(748 749 756 755)
4(662 669 713 706)
4(668 712 713 669)
4(705 706 713 712)
4(663 670 714 707)
4(706 707 714 713)
4(706 713 757 750)
4(712 756 757 713)
4(749 750 757 756)
4(707 714 758 751)
4(750 751 758 757)
4(668 675 719 712)
4(674 718 719 675)
4(711 712 719 718)
4(680 724 725 681)
4(718 719 725 724)
4(712 719 763 756)
4(718 762 763 719)
4(755 756 763 762)
4(724 768 769 725)
4(762 763 769 768)
4(712 713 720 719)
4(756 757 764 763)
4(749 756 800 793)
4(755 799 800 756)
4(792 793 800 799)
4(793 800 844 837)
4(799 843 844 800)
4(836 837 844 843)
4(750 757 801 794)
4(756 800 801 757)
4(793 794 801 800)
4(751 758 802 795)
4(794 795 802 801)
4(794 801 845 838)
4(800 844 845 801)
4(837 838 845 844)
4(795 802 846 839)
4(838 839 846 845)
4(756 763 807 800)
4(762 806 807 763)
4(799 800 807 806)
4(768 812 813 769)
4(806 807 813 812)
4(800 807 851 844)
4(806 850 851 807)
4(843 844 851 850)
4(812 856 857 813)
4(850 851 857 856)
4(800 801 808 807)
4(844 845 852 851)
4(837 844 888 881)
4(843 887 888 844)
4(880 881 888 887)
4(881 888 932 925)
4(887 931 932 888)
4(924 925 932 931)
4(838 845 889 882)
4(844 888 889 845)
4(881 882 889 888)
4(839 846 890 883)
4(882 883 890 889)
4(882 889 933 926)
4(888 932 933 889)
4(925 926 933 932)
4(883 890 934 927)
4(926 927 934 933)
4(844 851 895 888)
4(850 894 895 851)
4(887 888 895 894)
4(856 900 901 857)
4(894 895 901 900)
4(888 895 939 932)
4(894 938 939 895)
4(931 932 939 938)
4(900 944 945 901)
4(938 939 945 944)
4(888 889 896 895)
4(932 933 940 939)
4(925 932 976 969)
4(931 975 976 932)
4(968 969 976 975)
4(969 976 1020 1013)
4(975 1019 1020 976)
4(1012 1013 1020 1019)
4(926 933 977 970)
4(932 976 977 933)
4(969 970 977 976)
4(927 934 978 971)
4(970 971 978 977)
4(970 977 1021 1014)
4(976 1020 1021 977)
4(1013 1014 1021 1020)
4(971 978 1022 1015)
4(1014 1015 1022 1021)
4(932 939 983 976)
4(938 982 983 939)
4(975 976 983 982)
4(944 988 989 945)
4(982 983 989 988)
4(976 983 1027 1020)
4(982 1026 1027 983)
4(1019 1020 1027 1026)
4(988 1032 1033 989)
4(1026 1027 1033 1032)
4(976 977 984 983)
4(1020 1021 1028 1027)
4(1013 1020 1064 1057)
4(1019 1063 1064 1020)
4(1056 1057 1064 1063)
4(1057 1064 1108 1101)
4(1063 1107 1108 1064)
4(1100 1101 1108 1107)
4(1014 1021 1065 1058)
4(1020 1064 1065 1021)
4(1057 1058 1065 1064)
4(1015 1022 1066 1059)
4(1058 1059 1066 1065)
4(1058 1065 1109 1102)
4(1064 1108 1109 1065)
4(1101 1102 1109 1108)
4(1059 1066 1110 1103)
4(1102 1103 1110 1109)
4(1020 1027 1071 1064)
4(1026 1070 1071 1027)
4(1063 1064 1071 1070)
4(1032 1076 1077 1033)
4(1070 1071 1077 1076)
4(1064 1071 1115 1108)
4(1070 1114 1115 1071)
4(1107 1108 1115 1114)
4(1076 1120 1121 1077)
4(1114 1115 1121 1120)
4(1064 1065 1072 1071)
4(1108 1109 1116 1115)
4(1101 1108 1152 1145)
4(1107 1151 1152 1108)
4(1102 1109 1153 1146)
4(1108 1152 1153 1109)
4(1108 1115 1159 1152)
4(1114 1158 1159 1115)
4(576 583 627 620)
4(619 620 627 626)
4(577 584 628 621)
4(583 627 628 584)
4(620 621 628 627)
4(620 627 671 664)
4(663 664 671 670)
4(621 628 672 665)
4(627 671 672 628)
4(664 665 672 671)
4(584 628 629 585)
4(621 622 629 628)
4(628 672 673 629)
4(665 666 673 672)
4(584 590 634 628)
4(627 628 634 633)
4(628 634 678 672)
4(671 672 678 677)
4(590 634 635 591)
4(628 629 635 634)
4(594 638 639 595)
4(634 635 639 638)
4(634 678 679 635)
4(672 673 679 678)
4(638 682 683 639)
4(678 679 683 682)
4(664 671 715 708)
4(707 708 715 714)
4(665 672 716 709)
4(671 715 716 672)
4(708 709 716 715)
4(708 715 759 752)
4(751 752 759 758)
4(709 716 760 753)
4(715 759 760 716)
4(752 753 760 759)
4(672 716 717 673)
4(709 710 717 716)
4(716 760 761 717)
4(753 754 761 760)
4(672 678 722 716)
4(715 716 722 721)
4(716 722 766 760)
4(759 760 766 765)
4(678 722 723 679)
4(716 717 723 722)
4(682 726 727 683)
4(722 723 727 726)
4(722 766 767 723)
4(760 761 767 766)
4(726 770 771 727)
4(766 767 771 770)
4(752 759 803 796)
4(795 796 803 802)
4(753 760 804 797)
4(759 803 804 760)
4(796 797 804 803)
4(796 803 847 840)
4(839 840 847 846)
4(797 804 848 841)
4(803 847 848 804)
4(840 841 848 847)
4(760 804 805 761)
4(797 798 805 804)
4(804 848 849 805)
4(841 842 849 848)
4(760 766 810 804)
4(803 804 810 809)
4(804 810 854 848)
4(847 848 854 853)
4(766 810 811 767)
4(804 805 811 810)
4(770 814 815 771)
4(810 811 815 814)
4(810 854 855 811)
4(848 849 855 854)
4(814 858 859 815)
4(854 855 859 858)
4(840 847 891 884)
4(883 884 891 890)
4(841 848 892 885)
4(847 891 892 848)
4(884 885 892 891)
4(884 891 935 928)
4(927 928 935 934)
4(885 892 936 929)
4(891 935 936 892)
4(928 929 936 935)
4(848 892 893 849)
4(885 886 893 892)
4(892 936 937 893)
4(929 930 937 936)
4(848 854 898 892)
4(891 892 898 897)
4(892 898 942 936)
4(935 936 942 941)
4(854 898 899 855)
4(892 893 899 898)
4(858 902 903 859)
4(898 899 903 902)
4(898 942 943 899)
4(936 937 943 942)
4(902 946 947 903)
4(942 943 947 946)
4(928 935 979 972)
4(971 972 979 978)
4(929 936 980 973)
4(935 979 980 936)
4(972 973 980 979)
4(972 979 1023 1016)
4(1015 1016 1023 1022)
4(973 980 1024 1017)
4(979 1023 1024 980)
4(1016 1017 1024 1023)
4(936 980 981 937)
4(973 974 981 980)
4(980 1024 1025 981)
4(1017 1018 1025 1024)
4(936 942 986 980)
4(979 980 986 985)
4(980 986 1030 1024)
4(1023 1024 1030 1029)
4(942 986 987 943)
4(980 981 987 986)
4(946 990 991 947)
4(986 987 991 990)
4(986 1030 1031 987)
4(1024 1025 1031 1030)
4(990 1034 1035 991)
4(1030 1031 1035 1034)
4(1016 1023 1067 1060)
4(1059 1060 1067 1066)
4(1017 1024 1068 1061)
4(1023 1067 1068 1024)
4(1060 1061 1068 1067)
4(1024 1068 1069 1025)
4(1061 1062 1069 1068)
4(1105 1112 1068 1061)
4(1068 1112 1113 1069)
4(1105 1106 1113 1112)
4(1024 1030 1074 1068)
4(1067 1068 1074 1073)
4(1030 1074 1075 1031)
4(1068 1069 1075 1074)
4(1034 1078 1079 1035)
4(1074 1075 1079 1078)
4(1112 1118 1074 1068)
4(1074 1118 1119 1075)
4(1112 1113 1119 1118)
4(1078 1122 1123 1079)
4(1118 1119 1123 1122)
4(1149 1156 1112 1105)
4(1112 1156 1157 1113)
4(1156 1162 1118 1112)
4(1118 1162 1163 1119)
4(1122 1166 1167 1123)
4(596 640 641 597)
4(636 637 641 640)
4(597 603 647 641)
4(602 646 647 603)
4(640 641 647 646)
4(640 684 685 641)
4(680 681 685 684)
4(641 647 691 685)
4(646 690 691 647)
4(684 685 691 690)
4(603 647 648 604)
4(641 642 648 647)
4(647 691 692 648)
4(685 686 692 691)
4(603 610 654 647)
4(646 647 654 653)
4(647 654 698 691)
4(690 691 698 697)
4(604 611 655 648)
4(647 648 655 654)
4(605 612 656 649)
4(648 649 656 655)
4(648 655 699 692)
4(691 692 699 698)
4(649 656 700 693)
4(692 693 700 699)
4(684 728 729 685)
4(724 725 729 728)
4(685 691 735 729)
4(690 734 735 691)
4(728 729 735 734)
4(728 772 773 729)
4(768 769 773 772)
4(729 735 779 773)
4(734 778 779 735)
4(772 773 779 778)
4(691 735 736 692)
4(729 730 736 735)
4(735 779 780 736)
4(773 774 780 779)
4(691 698 742 735)
4(734 735 742 741)
4(735 742 786 779)
4(778 779 786 785)
4(692 699 743 736)
4(735 736 743 742)
4(693 700 744 737)
4(736 737 744 743)
4(736 743 787 780)
4(779 780 787 786)
4(737 744 788 781)
4(780 781 788 787)
4(772 816 817 773)
4(812 813 817 816)
4(773 779 823 817)
4(778 822 823 779)
4(816 817 823 822)
4(816 860 861 817)
4(856 857 861 860)
4(817 823 867 861)
4(822 866 867 823)
4(860 861 867 866)
4(779 823 824 780)
4(817 818 824 823)
4(823 867 868 824)
4(861 862 868 867)
4(779 786 830 823)
4(822 823 830 829)
4(823 830 874 867)
4(866 867 874 873)
4(780 787 831 824)
4(823 824 831 830)
4(781 788 832 825)
4(824 825 832 831)
4(824 831 875 868)
4(867 868 875 874)
4(825 832 876 869)
4(868 869 876 875)
4(860 904 905 861)
4(900 901 905 904)
4(861 867 911 905)
4(866 910 911 867)
4(904 905 911 910)
4(904 948 949 905)
4(944 945 949 948)
4(905 911 955 949)
4(910 954 955 911)
4(948 949 955 954)
4(867 911 912 868)
4(905 906 912 911)
4(911 955 956 912)
4(949 950 956 955)
4(867 874 918 911)
4(910 911 918 917)
4(911 918 962 955)
4(954 955 962 961)
4(868 875 919 912)
4(911 912 919 918)
4(869 876 920 913)
4(912 913 920 919)
4(912 919 963 956)
4(955 956 963 962)
4(913 920 964 957)
4(956 957 964 963)
4(948 992 993 949)
4(988 989 993 992)
4(949 955 999 993)
4(954 998 999 955)
4(992 993 999 998)
4(992 1036 1037 993)
4(1032 1033 1037 1036)
4(993 999 1043 1037)
4(998 1042 1043 999)
4(1036 1037 1043 1042)
4(955 999 1000 956)
4(993 994 1000 999)
4(999 1043 1044 1000)
4(1037 1038 1044 1043)
4(955 962 1006 999)
4(998 999 1006 1005)
4(999 1006 1050 1043)
4(1042 1043 1050 1049)
4(956 963 1007 1000)
4(999 1000 1007 1006)
4(957 964 1008 1001)
4(1000 1001 1008 1007)
4(1000 1007 1051 1044)
4(1043 1044 1051 1050)
4(1001 1008 1052 1045)
4(1044 1045 1052 1051)
4(1036 1080 1081 1037)
4(1076 1077 1081 1080)
4(1037 1043 1087 1081)
4(1042 1086 1087 1043)
4(1080 1081 1087 1086)
4(1043 1087 1088 1044)
4(1081 1082 1088 1087)
4(1043 1050 1094 1087)
4(1086 1087 1094 1093)
4(1087 1131 1130 1086)
4(1087 1094 1138 1131)
4(1130 1131 1138 1137)
4(1044 1051 1095 1088)
4(1087 1088 1095 1094)
4(1045 1052 1096 1089)
4(1088 1089 1096 1095)
4(1088 1132 1131 1087)
4(1088 1095 1139 1132)
4(1131 1132 1139 1138)
4(1089 1096 1140 1133)
4(1132 1133 1140 1139)
4(1131 1175 1174 1130)
4(1131 1138 1182 1175)
4(1132 1176 1175 1131)
4(1132 1139 1183 1176)
4(1133 1140 1184 1177)
4(600 607 651 644)
4(606 650 651 607)
4(643 644 651 650)
4(644 651 695 688)
4(650 694 695 651)
4(687 688 695 694)
4(600 644 645 601)
4(638 639 645 644)
4(607 651 652 608)
4(644 645 652 651)
4(644 688 689 645)
4(682 683 689 688)
4(651 695 696 652)
4(688 689 696 695)
4(606 613 657 650)
4(649 650 657 656)
4(607 614 658 651)
4(650 651 658 657)
4(650 657 701 694)
4(693 694 701 700)
4(651 658 702 695)
4(694 695 702 701)
4(651 652 659 658)
4(695 696 703 702)
4(688 695 739 732)
4(694 738 739 695)
4(731 732 739 738)
4(732 739 783 776)
4(738 782 783 739)
4(775 776 783 782)
4(688 732 733 689)
4(726 727 733 732)
4(695 739 740 696)
4(732 733 740 739)
4(732 776 777 733)
4(770 771 777 776)
4(739 783 784 740)
4(776 777 784 783)
4(694 701 745 738)
4(737 738 745 744)
4(695 702 746 739)
4(738 739 746 745)
4(738 745 789 782)
4(781 782 789 788)
4(739 746 790 783)
4(782 783 790 789)
4(739 740 747 746)
4(783 784 791 790)
4(776 783 827 820)
4(782 826 827 783)
4(819 820 827 826)
4(820 827 871 864)
4(826 870 871 827)
4(863 864 871 870)
4(776 820 821 777)
4(814 815 821 820)
4(783 827 828 784)
4(820 821 828 827)
4(820 864 865 821)
4(858 859 865 864)
4(827 871 872 828)
4(864 865 872 871)
4(782 789 833 826)
4(825 826 833 832)
4(783 790 834 827)
4(826 827 834 833)
4(826 833 877 870)
4(869 870 877 876)
4(827 834 878 871)
4(870 871 878 877)
4(827 828 835 834)
4(871 872 879 878)
4(864 871 915 908)
4(870 914 915 871)
4(907 908 915 914)
4(908 915 959 952)
4(914 958 959 915)
4(951 952 959 958)
4(864 908 909 865)
4(902 903 909 908)
4(871 915 916 872)
4(908 909 916 915)
4(908 952 953 909)
4(946 947 953 952)
4(915 959 960 916)
4(952 953 960 959)
4(870 877 921 914)
4(913 914 921 920)
4(871 878 922 915)
4(914 915 922 921)
4(914 921 965 958)
4(957 958 965 964)
4(915 922 966 959)
4(958 959 966 965)
4(915 916 923 922)
4(959 960 967 966)
4(952 959 1003 996)
4(958 1002 1003 959)
4(995 996 1003 1002)
4(996 1003 1047 1040)
4(1002 1046 1047 1003)
4(1039 1040 1047 1046)
4(952 996 997 953)
4(990 991 997 996)
4(959 1003 1004 960)
4(996 997 1004 1003)
4(996 1040 1041 997)
4(1034 1035 1041 1040)
4(1003 1047 1048 1004)
4(1040 1041 1048 1047)
4(958 965 1009 1002)
4(1001 1002 1009 1008)
4(959 966 1010 1003)
4(1002 1003 1010 1009)
4(1002 1009 1053 1046)
4(1045 1046 1053 1052)
4(1003 1010 1054 1047)
4(1046 1047 1054 1053)
4(1003 1004 1011 1010)
4(1047 1048 1055 1054)
4(1040 1047 1091 1084)
4(1046 1090 1091 1047)
4(1083 1084 1091 1090)
4(1084 1091 1135 1128)
4(1090 1134 1135 1091)
4(1127 1128 1135 1134)
4(1040 1084 1085 1041)
4(1078 1079 1085 1084)
4(1047 1091 1092 1048)
4(1084 1085 1092 1091)
4(1046 1053 1097 1090)
4(1089 1090 1097 1096)
4(1047 1054 1098 1091)
4(1090 1091 1098 1097)
4(1091 1092 1099 1098)
4(1092 1136 1135 1091)
4(1135 1142 1098 1091)
4(1135 1136 1143 1142)
4(1136 1180 1179 1135)
4(1179 1186 1142 1135)
3(9 1220 2)
3(53 1220 9)
3(46 1220 53)
3(2 1220 46)
4(3 10 54 47)
3(10 3 1220)
3(54 10 1220)
3(47 54 1220)
3(3 47 1220)
3(47 46 1220)
3(53 54 1220)
3(53 10 1220)
3(9 10 1220)
3(2 3 1220)
3(58 1221 14)
3(59 1221 58)
3(15 1221 59)
3(14 1221 15)
4(20 64 65 21)
3(64 20 1221)
3(65 64 1221)
3(21 65 1221)
3(20 21 1221)
3(65 59 1221)
3(58 64 1221)
3(21 15 1221)
3(59 21 1221)
3(20 14 1221)
3(52 1222 8)
3(53 1222 52)
3(9 1222 53)
3(8 1222 9)
3(15 1222 8)
3(59 1222 15)
3(52 1222 59)
3(60 53 1222)
3(59 60 1222)
3(16 9 1222)
3(60 16 1222)
3(9 60 1222)
3(15 60 1222)
3(15 16 1222)
3(16 8 1222)
3(10 1223 3)
3(54 1223 10)
3(47 1223 54)
3(3 1223 47)
3(4 11 1188)
3(11 4 1223)
3(1188 11 1223)
3(4 1188 1223)
3(11 55 1188)
3(55 11 1223)
3(1188 55 1223)
3(55 48 1188)
3(48 55 1223)
3(1188 48 1223)
3(48 4 1188)
3(4 48 1223)
3(47 48 1189)
3(48 47 1223)
3(1189 48 1223)
3(47 1189 1223)
3(48 55 1189)
3(1189 55 1223)
3(55 54 1189)
3(54 55 1223)
3(1189 54 1223)
3(54 47 1189)
3(10 11 1223)
3(3 4 1223)
3(11 1224 4)
3(1188 1224 11)
3(4 1224 1188)
3(55 1224 11)
3(1188 1224 55)
3(48 1224 55)
3(1188 1224 48)
3(4 1224 48)
3(12 5 1224)
3(56 12 1224)
3(49 56 1224)
3(5 49 1224)
4(11 55 56 12)
3(56 55 1224)
3(11 12 1224)
4(48 49 56 55)
3(49 48 1224)
3(4 5 1224)
3(55 1225 11)
3(56 1225 55)
3(12 1225 56)
3(11 1225 12)
3(18 12 1225)
3(62 18 1225)
3(56 62 1225)
3(55 56 1190)
3(1190 56 1225)
3(55 1190 1225)
3(56 62 1190)
3(1190 62 1225)
3(62 61 1190)
3(61 62 1225)
3(1190 61 1225)
3(61 55 1190)
3(55 61 1225)
3(61 17 1225)
3(17 62 1225)
3(17 18 1225)
3(11 17 1225)
3(61 11 1225)
3(54 1226 47)
3(98 1226 54)
3(91 1226 98)
3(47 1226 91)
3(48 1226 47)
3(1189 1226 48)
3(47 1226 1189)
3(55 1226 48)
3(1189 1226 55)
3(54 1226 55)
3(1189 1226 54)
3(48 55 1191)
3(1191 55 1226)
3(48 1191 1226)
3(55 99 1191)
3(99 55 1226)
3(1191 99 1226)
3(99 92 1191)
3(92 99 1226)
3(1191 92 1226)
3(92 48 1191)
3(48 92 1226)
3(92 91 1226)
3(98 99 1226)
3(49 1227 48)
3(56 1227 49)
3(55 1227 56)
3(48 1227 55)
3(1191 1227 55)
3(48 1227 1191)
3(99 1227 55)
3(1191 1227 99)
3(92 1227 99)
3(1191 1227 92)
3(48 1227 92)
3(100 56 1227)
3(93 100 1227)
3(49 93 1227)
4(55 99 100 56)
3(100 99 1227)
3(93 92 1227)
3(56 1228 55)
3(1190 1228 56)
3(55 1228 1190)
3(62 1228 56)
3(1190 1228 62)
3(61 1228 62)
3(1190 1228 61)
3(55 1228 61)
3(99 1228 55)
3(100 1228 99)
3(56 1228 100)
3(106 62 1228)
3(100 106 1228)
3(105 106 1228)
3(99 105 1228)
3(61 105 1228)
3(64 1229 20)
3(65 1229 64)
3(21 1229 65)
3(20 1229 21)
3(24 68 1192)
3(68 24 1229)
3(1192 68 1229)
3(24 1192 1229)
3(68 69 1192)
3(69 68 1229)
3(1192 69 1229)
3(69 25 1192)
3(25 69 1229)
3(1192 25 1229)
3(25 24 1192)
3(24 25 1229)
3(64 65 1193)
3(1193 65 1229)
3(64 1193 1229)
3(65 69 1193)
3(69 65 1229)
3(1193 69 1229)
3(69 68 1193)
3(1193 68 1229)
3(68 64 1193)
3(64 68 1229)
3(25 21 1229)
3(24 20 1229)
3(68 1230 24)
3(1192 1230 68)
3(24 1230 1192)
3(69 1230 68)
3(1192 1230 69)
3(25 1230 69)
3(1192 1230 25)
3(24 1230 25)
4(25 31 75 69)
3(31 25 1230)
3(75 31 1230)
3(69 75 1230)
3(74 30 1230)
3(75 74 1230)
3(30 31 1230)
4(68 69 75 74)
3(68 74 1230)
3(30 24 1230)
3(31 1231 25)
3(75 1231 31)
3(69 1231 75)
3(25 1231 69)
3(76 75 1231)
3(32 76 1231)
3(31 32 1231)
3(69 70 1194)
3(70 69 1231)
3(1194 70 1231)
3(69 1194 1231)
3(70 76 1194)
3(76 70 1231)
3(1194 76 1231)
3(76 75 1194)
3(1194 75 1231)
3(75 69 1194)
3(32 26 1231)
3(26 76 1231)
3(26 70 1231)
3(70 25 1231)
3(26 25 1231)
3(108 1232 64)
3(109 1232 108)
3(65 1232 109)
3(64 1232 65)
3(1193 1232 65)
3(64 1232 1193)
3(69 1232 65)
3(1193 1232 69)
3(68 1232 69)
3(1193 1232 68)
3(64 1232 68)
3(68 112 1195)
3(112 68 1232)
3(1195 112 1232)
3(68 1195 1232)
3(112 113 1195)
3(113 112 1232)
3(1195 113 1232)
3(113 69 1195)
3(69 113 1232)
3(1195 69 1232)
3(69 68 1195)
3(113 109 1232)
3(108 112 1232)
3(69 1233 68)
3(75 1233 69)
3(74 1233 75)
3(68 1233 74)
3(112 1233 68)
3(1195 1233 112)
3(68 1233 1195)
3(113 1233 112)
3(1195 1233 113)
3(69 1233 113)
3(1195 1233 69)
4(69 75 119 113)
3(119 75 1233)
3(113 119 1233)
3(118 74 1233)
3(119 118 1233)
3(112 118 1233)
3(70 1234 69)
3(1194 1234 70)
3(69 1234 1194)
3(76 1234 70)
3(1194 1234 76)
3(75 1234 76)
3(1194 1234 75)
3(69 1234 75)
3(119 1234 75)
3(113 1234 119)
3(69 1234 113)
3(120 119 1234)
3(76 120 1234)
3(114 113 1234)
3(120 114 1234)
3(70 114 1234)
3(28 35 1196)
3(35 28 1235)
3(1196 35 1235)
3(28 1196 1235)
3(35 79 1196)
3(79 35 1235)
3(1196 79 1235)
3(79 72 1196)
3(72 79 1235)
3(1196 72 1235)
3(72 28 1196)
3(28 72 1235)
3(34 78 1197)
3(78 34 1235)
3(1197 78 1235)
3(34 1197 1235)
3(78 79 1197)
3(79 78 1235)
3(1197 79 1235)
3(79 35 1197)
3(1197 35 1235)
3(35 34 1197)
3(34 35 1235)
3(72 71 1235)
3(71 78 1235)
3(27 34 1235)
3(78 27 1235)
3(71 27 1235)
3(72 27 1235)
3(28 27 1235)
3(66 1236 22)
3(67 1236 66)
3(23 1236 67)
3(22 1236 23)
3(28 72 1198)
3(72 28 1236)
3(1198 72 1236)
3(28 1198 1236)
3(72 73 1198)
3(73 72 1236)
3(1198 73 1236)
3(73 29 1198)
3(29 73 1236)
3(1198 29 1236)
3(29 28 1198)
3(28 29 1236)
3(66 67 1199)
3(1199 67 1236)
3(66 1199 1236)
3(67 73 1199)
3(73 67 1236)
3(1199 73 1236)
3(73 72 1199)
3(1199 72 1236)
3(72 66 1199)
3(66 72 1236)
3(22 28 1236)
3(28 66 1236)
3(23 29 1236)
3(35 1237 28)
3(1196 1237 35)
3(28 1237 1196)
3(79 1237 35)
3(1196 1237 79)
3(72 1237 79)
3(1196 1237 72)
3(28 1237 72)
3(1198 1237 72)
3(28 1237 1198)
3(73 1237 72)
3(1198 1237 73)
3(29 1237 73)
3(1198 1237 29)
3(28 1237 29)
3(80 79 1237)
3(36 80 1237)
3(35 36 1237)
4(72 73 80 79)
3(80 73 1237)
3(29 36 1237)
3(40 1238 33)
3(84 1238 40)
3(77 1238 84)
3(33 1238 77)
3(34 41 1200)
3(41 34 1238)
3(1200 41 1238)
3(34 1200 1238)
3(41 85 1200)
3(85 41 1238)
3(1200 85 1238)
3(85 78 1200)
3(78 85 1238)
3(1200 78 1238)
3(78 34 1200)
3(34 78 1238)
3(77 78 1201)
3(78 77 1238)
3(1201 78 1238)
3(77 1201 1238)
3(78 85 1201)
3(1201 85 1238)
3(85 84 1201)
3(84 85 1238)
3(1201 84 1238)
3(84 77 1201)
3(34 77 1238)
3(34 33 1238)
3(41 40 1238)
3(78 1239 34)
3(1197 1239 78)
3(34 1239 1197)
3(79 1239 78)
3(1197 1239 79)
3(35 1239 79)
3(1197 1239 35)
3(34 1239 35)
3(41 1239 34)
3(1200 1239 41)
3(34 1239 1200)
3(85 1239 41)
3(1200 1239 85)
3(78 1239 85)
3(1200 1239 78)
3(42 35 1239)
3(86 42 1239)
3(79 86 1239)
4(78 79 86 85)
3(85 86 1239)
3(42 41 1239)
3(110 1240 66)
3(111 1240 110)
3(67 1240 111)
3(66 1240 67)
3(1199 1240 67)
3(66 1240 1199)
3(73 1240 67)
3(1199 1240 73)
3(72 1240 73)
3(1199 1240 72)
3(66 1240 72)
3(72 116 1202)
3(116 72 1240)
3(1202 116 1240)
3(72 1202 1240)
3(116 117 1202)
3(117 116 1240)
3(1202 117 1240)
3(117 73 1202)
3(73 117 1240)
3(1202 73 1240)
3(73 72 1202)
3(117 111 1240)
3(110 116 1240)
3(73 1241 72)
3(80 1241 73)
3(79 1241 80)
3(72 1241 79)
3(123 1241 79)
3(116 1241 123)
3(72 1241 116)
3(1202 1241 116)
3(72 1241 1202)
3(117 1241 116)
3(1202 1241 117)
3(73 1241 117)
3(1202 1241 73)
3(124 123 1241)
3(80 124 1241)
3(124 117 1241)
3(84 1242 77)
3(128 1242 84)
3(121 1242 128)
3(77 1242 121)
3(78 1242 77)
3(1201 1242 78)
3(77 1242 1201)
3(85 1242 78)
3(1201 1242 85)
3(84 1242 85)
3(1201 1242 84)
3(78 85 1203)
3(1203 85 1242)
3(78 1203 1242)
3(85 129 1203)
3(129 85 1242)
3(1203 129 1242)
3(129 122 1203)
3(122 129 1242)
3(1203 122 1242)
3(122 78 1203)
3(78 122 1242)
3(122 121 1242)
3(128 129 1242)
3(79 1243 78)
3(86 1243 79)
3(85 1243 86)
3(78 1243 85)
3(122 1243 78)
3(123 1243 122)
3(79 1243 123)
3(1203 1243 85)
3(78 1243 1203)
3(129 1243 85)
3(1203 1243 129)
3(122 1243 129)
3(1203 1243 122)
3(130 86 1243)
3(123 130 1243)
3(129 130 1243)
3(1103 1244 1102)
3(1110 1244 1103)
3(1109 1244 1110)
3(1102 1244 1109)
3(1153 1244 1109)
3(1146 1244 1153)
3(1102 1244 1146)
4(1103 1110 1154 1147)
3(1154 1110 1244)
3(1147 1154 1244)
3(1103 1147 1244)
3(1154 1153 1244)
3(1109 1154 1244)
3(1147 1146 1244)
3(1115 1245 1114)
3(1121 1245 1115)
3(1120 1245 1121)
3(1114 1245 1120)
3(1158 1245 1114)
3(1159 1245 1158)
3(1115 1245 1159)
4(1120 1164 1165 1121)
3(1164 1120 1245)
3(1165 1164 1245)
3(1121 1165 1245)
3(1115 1165 1245)
3(1159 1165 1245)
3(1158 1164 1245)
3(1109 1246 1108)
3(1116 1246 1109)
3(1115 1246 1116)
3(1108 1246 1115)
3(1152 1246 1108)
3(1153 1246 1152)
3(1109 1246 1153)
3(1159 1246 1115)
3(1152 1246 1159)
3(1153 1116 1246)
3(1160 1116 1246)
3(1153 1160 1246)
3(1160 1159 1246)
3(1159 1116 1246)
3(1160 1152 1246)
3(1066 1247 1059)
3(1110 1247 1066)
3(1103 1247 1110)
3(1059 1247 1103)
3(1060 1247 1059)
3(1067 1247 1060)
3(1066 1247 1067)
3(1060 1067 1204)
3(1204 1067 1247)
3(1060 1204 1247)
3(1067 1111 1204)
3(1111 1067 1247)
3(1204 1111 1247)
3(1111 1104 1204)
3(1104 1111 1247)
3(1204 1104 1247)
3(1104 1060 1204)
3(1060 1104 1247)
3(1103 1104 1205)
3(1104 1103 1247)
3(1205 1104 1247)
3(1103 1205 1247)
3(1104 1111 1205)
3(1205 1111 1247)
3(1111 1110 1205)
3(1110 1111 1247)
3(1205 1110 1247)
3(1110 1103 1205)
3(1061 1248 1060)
3(1068 1248 1061)
3(1067 1248 1068)
3(1060 1248 1067)
3(1204 1248 1067)
3(1060 1248 1204)
3(1111 1248 1067)
3(1204 1248 1111)
3(1104 1248 1111)
3(1204 1248 1104)
3(1060 1248 1104)
3(1112 1068 1248)
3(1105 1112 1248)
3(1061 1105 1248)
4(1067 1111 1112 1068)
3(1112 1111 1248)
4(1104 1105 1112 1111)
3(1105 1104 1248)
3(1111 1249 1067)
3(1112 1249 1111)
3(1068 1249 1112)
3(1067 1249 1068)
3(1074 1249 1068)
3(1073 1249 1074)
3(1067 1249 1073)
3(1118 1074 1249)
3(1112 1118 1249)
3(1111 1112 1206)
3(1206 1112 1249)
3(1111 1206 1249)
3(1112 1118 1206)
3(1206 1118 1249)
3(1118 1117 1206)
3(1117 1118 1249)
3(1206 1117 1249)
3(1117 1111 1206)
3(1111 1117 1249)
3(1073 1117 1249)
3(1110 1250 1103)
3(1154 1250 1110)
3(1147 1250 1154)
3(1103 1250 1147)
3(1104 1250 1103)
3(1205 1250 1104)
3(1103 1250 1205)
3(1111 1250 1104)
3(1205 1250 1111)
3(1110 1250 1111)
3(1205 1250 1110)
3(1104 1111 1207)
3(1207 1111 1250)
3(1104 1207 1250)
3(1111 1155 1207)
3(1155 1111 1250)
3(1207 1155 1250)
3(1155 1148 1207)
3(1148 1155 1250)
3(1207 1148 1250)
3(1148 1104 1207)
3(1104 1148 1250)
3(1155 1154 1250)
3(1148 1147 1250)
3(1105 1251 1104)
3(1112 1251 1105)
3(1111 1251 1112)
3(1104 1251 1111)
3(1207 1251 1111)
3(1104 1251 1207)
3(1155 1251 1111)
3(1207 1251 1155)
3(1148 1251 1155)
3(1207 1251 1148)
3(1104 1251 1148)
3(1156 1112 1251)
3(1149 1156 1251)
3(1105 1149 1251)
4(1111 1155 1156 1112)
3(1156 1155 1251)
3(1149 1148 1251)
3(1112 1252 1111)
3(1206 1252 1112)
3(1111 1252 1206)
3(1118 1252 1112)
3(1206 1252 1118)
3(1117 1252 1118)
3(1206 1252 1117)
3(1111 1252 1117)
3(1155 1252 1111)
3(1156 1252 1155)
3(1112 1252 1156)
3(1162 1118 1252)
3(1156 1162 1252)
3(1162 1161 1252)
3(1161 1118 1252)
3(1161 1117 1252)
3(1117 1155 1252)
3(1161 1155 1252)
3(1120 1253 1076)
3(1121 1253 1120)
3(1077 1253 1121)
3(1076 1253 1077)
3(1081 1253 1077)
3(1080 1253 1081)
3(1076 1253 1080)
3(1080 1124 1208)
3(1124 1080 1253)
3(1208 1124 1253)
3(1080 1208 1253)
3(1124 1125 1208)
3(1125 1124 1253)
3(1208 1125 1253)
3(1125 1081 1208)
3(1081 1125 1253)
3(1208 1081 1253)
3(1081 1080 1208)
3(1120 1121 1209)
3(1209 1121 1253)
3(1120 1209 1253)
3(1121 1125 1209)
3(1125 1121 1253)
3(1209 1125 1253)
3(1125 1124 1209)
3(1209 1124 1253)
3(1124 1120 1209)
3(1120 1124 1253)
3(1081 1254 1080)
3(1087 1254 1081)
3(1086 1254 1087)
3(1080 1254 1086)
3(1124 1254 1080)
3(1208 1254 1124)
3(1080 1254 1208)
3(1125 1254 1124)
3(1208 1254 1125)
3(1081 1254 1125)
3(1208 1254 1081)
4(1081 1087 1131 1125)
3(1131 1087 1254)
3(1125 1131 1254)
3(1130 1086 1254)
3(1131 1130 1254)
4(1124 1125 1131 1130)
3(1124 1130 1254)
3(1087 1255 1081)
3(1131 1255 1087)
3(1125 1255 1131)
3(1081 1255 1125)
3(1082 1255 1081)
3(1088 1255 1082)
3(1087 1255 1088)
3(1132 1131 1255)
3(1088 1132 1255)
3(1125 1126 1210)
3(1126 1125 1255)
3(1210 1126 1255)
3(1125 1210 1255)
3(1126 1132 1210)
3(1132 1126 1255)
3(1210 1132 1255)
3(1132 1131 1210)
3(1210 1131 1255)
3(1131 1125 1210)
3(1082 1126 1255)
3(1164 1256 1120)
3(1165 1256 1164)
3(1121 1256 1165)
3(1120 1256 1121)
3(1209 1256 1121)
3(1120 1256 1209)
3(1125 1256 1121)
3(1209 1256 1125)
3(1124 1256 1125)
3(1209 1256 1124)
3(1120 1256 1124)
3(1124 1168 1211)
3(1168 1124 1256)
3(1211 1168 1256)
3(1124 1211 1256)
3(1168 1169 1211)
3(1169 1168 1256)
3(1211 1169 1256)
3(1169 1125 1211)
3(1125 1169 1256)
3(1211 1125 1256)
3(1125 1124 1211)
3(1165 1169 1256)
3(1164 1168 1256)
3(1125 1257 1124)
3(1131 1257 1125)
3(1130 1257 1131)
3(1124 1257 1130)
3(1168 1257 1124)
3(1211 1257 1168)
3(1124 1257 1211)
3(1169 1257 1168)
3(1211 1257 1169)
3(1125 1257 1169)
3(1211 1257 1125)
4(1125 1131 1175 1169)
3(1175 1131 1257)
3(1169 1175 1257)
3(1174 1130 1257)
3(1175 1174 1257)
3(1168 1174 1257)
3(1126 1258 1125)
3(1210 1258 1126)
3(1125 1258 1210)
3(1132 1258 1126)
3(1210 1258 1132)
3(1131 1258 1132)
3(1210 1258 1131)
3(1125 1258 1131)
3(1175 1258 1131)
3(1169 1258 1175)
3(1125 1258 1169)
3(1176 1175 1258)
3(1132 1176 1258)
3(1126 1170 1258)
3(1170 1132 1258)
3(1170 1176 1258)
3(1169 1170 1258)
3(1126 1169 1258)
3(1122 1259 1078)
3(1123 1259 1122)
3(1079 1259 1123)
3(1078 1259 1079)
3(1085 1259 1079)
3(1084 1259 1085)
3(1078 1259 1084)
3(1084 1128 1212)
3(1128 1084 1259)
3(1212 1128 1259)
3(1084 1212 1259)
3(1128 1129 1212)
3(1129 1128 1259)
3(1212 1129 1259)
3(1129 1085 1212)
3(1085 1129 1259)
3(1212 1085 1259)
3(1085 1084 1212)
3(1122 1123 1213)
3(1213 1123 1259)
3(1122 1213 1259)
3(1123 1129 1213)
3(1129 1123 1259)
3(1213 1129 1259)
3(1129 1128 1213)
3(1213 1128 1259)
3(1128 1122 1213)
3(1122 1128 1259)
3(1091 1260 1084)
3(1135 1260 1091)
3(1128 1260 1135)
3(1084 1260 1128)
3(1085 1260 1084)
3(1092 1260 1085)
3(1091 1260 1092)
3(1212 1260 1128)
3(1084 1260 1212)
3(1129 1260 1128)
3(1212 1260 1129)
3(1085 1260 1129)
3(1212 1260 1085)
3(1136 1135 1260)
3(1092 1136 1260)
4(1128 1129 1136 1135)
3(1136 1129 1260)
3(1096 1261 1089)
3(1140 1261 1096)
3(1133 1261 1140)
3(1089 1261 1133)
3(1090 1261 1089)
3(1097 1261 1090)
3(1096 1261 1097)
3(1090 1097 1214)
3(1214 1097 1261)
3(1090 1214 1261)
3(1097 1141 1214)
3(1141 1097 1261)
3(1214 1141 1261)
3(1141 1134 1214)
3(1134 1141 1261)
3(1214 1134 1261)
3(1134 1090 1214)
3(1090 1134 1261)
3(1133 1134 1215)
3(1134 1133 1261)
3(1215 1134 1261)
3(1133 1215 1261)
3(1134 1141 1215)
3(1215 1141 1261)
3(1141 1140 1215)
3(1140 1141 1261)
3(1215 1140 1261)
3(1140 1133 1215)
3(1134 1262 1090)
3(1135 1262 1134)
3(1091 1262 1135)
3(1090 1262 1091)
3(1098 1262 1091)
3(1097 1262 1098)
3(1090 1262 1097)
3(1214 1262 1097)
3(1090 1262 1214)
3(1141 1262 1097)
3(1214 1262 1141)
3(1134 1262 1141)
3(1214 1262 1134)
3(1142 1098 1262)
3(1135 1142 1262)
4(1134 1135 1142 1141)
3(1141 1142 1262)
3(1128 1263 1127)
3(1135 1263 1128)
3(1134 1263 1135)
3(1127 1263 1134)
3(1128 1135 1216)
3(1216 1135 1263)
3(1128 1216 1263)
3(1135 1179 1216)
3(1179 1135 1263)
3(1216 1179 1263)
3(1179 1172 1216)
3(1172 1179 1263)
3(1216 1172 1263)
3(1172 1128 1216)
3(1128 1172 1263)
3(1134 1178 1217)
3(1178 1134 1263)
3(1217 1178 1263)
3(1134 1217 1263)
3(1178 1179 1217)
3(1179 1178 1263)
3(1217 1179 1263)
3(1179 1135 1217)
3(1217 1135 1263)
3(1135 1134 1217)
3(1171 1127 1263)
3(1134 1171 1263)
3(1178 1171 1263)
3(1171 1172 1263)
3(1128 1171 1263)
3(1166 1264 1122)
3(1167 1264 1166)
3(1123 1264 1167)
3(1122 1264 1123)
3(1213 1264 1123)
3(1122 1264 1213)
3(1129 1264 1123)
3(1213 1264 1129)
3(1128 1264 1129)
3(1213 1264 1128)
3(1122 1264 1128)
3(1128 1172 1218)
3(1172 1128 1264)
3(1218 1172 1264)
3(1128 1218 1264)
3(1172 1173 1218)
3(1173 1172 1264)
3(1218 1173 1264)
3(1173 1129 1218)
3(1129 1173 1264)
3(1218 1129 1264)
3(1129 1128 1218)
3(1172 1122 1264)
3(1172 1166 1264)
3(1173 1167 1264)
3(1129 1265 1128)
3(1136 1265 1129)
3(1135 1265 1136)
3(1128 1265 1135)
3(1216 1265 1135)
3(1128 1265 1216)
3(1179 1265 1135)
3(1216 1265 1179)
3(1172 1265 1179)
3(1216 1265 1172)
3(1128 1265 1172)
3(1218 1265 1172)
3(1128 1265 1218)
3(1173 1265 1172)
3(1218 1265 1173)
3(1129 1265 1173)
3(1218 1265 1129)
3(1180 1179 1265)
3(1136 1180 1265)
3(1180 1173 1265)
3(1140 1266 1133)
3(1184 1266 1140)
3(1177 1266 1184)
3(1133 1266 1177)
3(1134 1266 1133)
3(1215 1266 1134)
3(1133 1266 1215)
3(1141 1266 1134)
3(1215 1266 1141)
3(1140 1266 1141)
3(1215 1266 1140)
3(1134 1141 1219)
3(1219 1141 1266)
3(1134 1219 1266)
3(1141 1185 1219)
3(1185 1141 1266)
3(1219 1185 1266)
3(1185 1178 1219)
3(1178 1185 1266)
3(1219 1178 1266)
3(1178 1134 1219)
3(1134 1178 1266)
3(1177 1178 1266)
3(1178 1133 1266)
3(1184 1185 1266)
3(1135 1267 1134)
3(1142 1267 1135)
3(1141 1267 1142)
3(1134 1267 1141)
3(1178 1267 1134)
3(1217 1267 1178)
3(1134 1267 1217)
3(1179 1267 1178)
3(1217 1267 1179)
3(1135 1267 1179)
3(1217 1267 1135)
3(1219 1267 1141)
3(1134 1267 1219)
3(1185 1267 1141)
3(1219 1267 1185)
3(1178 1267 1185)
3(1219 1267 1178)
3(1186 1142 1267)
3(1179 1186 1267)
3(1185 1186 1267)
4(53 97 98 54)
4(97 141 142 98)
4(59 65 109 103)
4(103 109 153 147)
4(53 60 104 97)
4(59 103 104 60)
4(97 104 148 141)
4(103 147 148 104)
4(141 185 186 142)
4(185 229 230 186)
4(147 153 197 191)
4(191 197 241 235)
4(141 148 192 185)
4(147 191 192 148)
4(185 192 236 229)
4(191 235 236 192)
4(229 273 274 230)
4(273 317 318 274)
4(235 241 285 279)
4(279 285 329 323)
4(229 236 280 273)
4(235 279 280 236)
4(273 280 324 317)
4(279 323 324 280)
4(317 361 362 318)
4(361 405 406 362)
4(323 329 373 367)
4(367 373 417 411)
4(317 324 368 361)
4(323 367 368 324)
4(361 368 412 405)
4(367 411 412 368)
4(405 449 450 406)
4(449 493 494 450)
4(411 417 461 455)
4(455 461 505 499)
4(405 412 456 449)
4(411 455 456 412)
4(449 456 500 493)
4(455 499 500 456)
4(493 537 538 494)
4(537 581 582 538)
4(499 505 549 543)
4(543 549 593 587)
4(493 500 544 537)
4(499 543 544 500)
4(537 544 588 581)
4(543 587 588 544)
4(18 62 66 22)
4(98 142 143 99)
4(99 143 149 105)
4(105 149 150 106)
4(62 106 110 66)
4(106 150 154 110)
4(142 186 187 143)
4(186 230 231 187)
4(143 187 193 149)
4(149 193 194 150)
4(187 231 237 193)
4(193 237 238 194)
4(150 194 198 154)
4(194 238 242 198)
4(230 274 275 231)
4(274 318 319 275)
4(231 275 281 237)
4(237 281 282 238)
4(275 319 325 281)
4(281 325 326 282)
4(238 282 286 242)
4(282 326 330 286)
4(318 362 363 319)
4(362 406 407 363)
4(319 363 369 325)
4(325 369 370 326)
4(363 407 413 369)
4(369 413 414 370)
4(326 370 374 330)
4(370 414 418 374)
4(406 450 451 407)
4(450 494 495 451)
4(407 451 457 413)
4(413 457 458 414)
4(451 495 501 457)
4(457 501 502 458)
4(414 458 462 418)
4(458 502 506 462)
4(494 538 539 495)
4(538 582 583 539)
4(495 539 545 501)
4(501 545 546 502)
4(539 583 589 545)
4(545 589 590 546)
4(502 546 550 506)
4(546 590 594 550)
4(32 33 77 76)
4(109 113 157 153)
4(114 120 164 158)
4(113 114 158 157)
4(76 77 121 120)
4(120 121 165 164)
4(153 157 201 197)
4(197 201 245 241)
4(158 164 208 202)
4(157 158 202 201)
4(202 208 252 246)
4(201 202 246 245)
4(164 165 209 208)
4(208 209 253 252)
4(241 245 289 285)
4(285 289 333 329)
4(246 252 296 290)
4(245 246 290 289)
4(290 296 340 334)
4(289 290 334 333)
4(252 253 297 296)
4(296 297 341 340)
4(329 333 377 373)
4(373 377 421 417)
4(334 340 384 378)
4(333 334 378 377)
4(378 384 428 422)
4(377 378 422 421)
4(340 341 385 384)
4(384 385 429 428)
4(417 421 465 461)
4(461 465 509 505)
4(422 428 472 466)
4(421 422 466 465)
4(466 472 516 510)
4(465 466 510 509)
4(428 429 473 472)
4(472 473 517 516)
4(505 509 553 549)
4(549 553 597 593)
4(510 516 560 554)
4(509 510 554 553)
4(554 560 604 598)
4(553 554 598 597)
4(516 517 561 560)
4(560 561 605 604)
4(71 115 122 78)
4(71 72 116 115)
4(115 159 166 122)
4(115 116 160 159)
4(110 154 160 116)
4(121 122 166 165)
4(159 203 210 166)
4(159 160 204 203)
4(203 247 254 210)
4(203 204 248 247)
4(154 198 204 160)
4(198 242 248 204)
4(165 166 210 209)
4(209 210 254 253)
4(247 291 298 254)
4(247 248 292 291)
4(291 335 342 298)
4(291 292 336 335)
4(242 286 292 248)
4(286 330 336 292)
4(253 254 298 297)
4(297 298 342 341)
4(335 379 386 342)
4(335 336 380 379)
4(379 423 430 386)
4(379 380 424 423)
4(330 374 380 336)
4(374 418 424 380)
4(341 342 386 385)
4(385 386 430 429)
4(423 467 474 430)
4(423 424 468 467)
4(467 511 518 474)
4(467 468 512 511)
4(418 462 468 424)
4(462 506 512 468)
4(429 430 474 473)
4(473 474 518 517)
4(511 555 562 518)
4(511 512 556 555)
4(555 599 606 562)
4(555 556 600 599)
4(506 550 556 512)
4(550 594 600 556)
4(517 518 562 561)
4(561 562 606 605)
4(581 625 626 582)
4(625 669 670 626)
4(587 593 637 631)
4(631 637 681 675)
4(581 588 632 625)
4(587 631 632 588)
4(625 632 676 669)
4(631 675 676 632)
4(669 713 714 670)
4(713 757 758 714)
4(675 681 725 719)
4(719 725 769 763)
4(669 676 720 713)
4(675 719 720 676)
4(713 720 764 757)
4(719 763 764 720)
4(757 801 802 758)
4(801 845 846 802)
4(763 769 813 807)
4(807 813 857 851)
4(757 764 808 801)
4(763 807 808 764)
4(801 808 852 845)
4(807 851 852 808)
4(845 889 890 846)
4(889 933 934 890)
4(851 857 901 895)
4(895 901 945 939)
4(845 852 896 889)
4(851 895 896 852)
4(889 896 940 933)
4(895 939 940 896)
4(933 977 978 934)
4(977 1021 1022 978)
4(939 945 989 983)
4(983 989 1033 1027)
4(933 940 984 977)
4(939 983 984 940)
4(977 984 1028 1021)
4(983 1027 1028 984)
4(1021 1065 1066 1022)
4(1065 1109 1110 1066)
4(1027 1033 1077 1071)
4(1071 1077 1121 1115)
4(1021 1028 1072 1065)
4(1027 1071 1072 1028)
4(1065 1072 1116 1109)
4(1071 1115 1116 1072)
4(582 626 627 583)
4(626 670 671 627)
4(583 627 633 589)
4(589 633 634 590)
4(627 671 677 633)
4(633 677 678 634)
4(590 634 638 594)
4(634 678 682 638)
4(670 714 715 671)
4(714 758 759 715)
4(671 715 721 677)
4(677 721 722 678)
4(715 759 765 721)
4(721 765 766 722)
4(678 722 726 682)
4(722 766 770 726)
4(758 802 803 759)
4(802 846 847 803)
4(759 803 809 765)
4(765 809 810 766)
4(803 847 853 809)
4(809 853 854 810)
4(766 810 814 770)
4(810 854 858 814)
4(846 890 891 847)
4(890 934 935 891)
4(847 891 897 853)
4(853 897 898 854)
4(891 935 941 897)
4(897 941 942 898)
4(854 898 902 858)
4(898 942 946 902)
4(934 978 979 935)
4(978 1022 1023 979)
4(935 979 985 941)
4(941 985 986 942)
4(979 1023 1029 985)
4(985 1029 1030 986)
4(942 986 990 946)
4(986 1030 1034 990)
4(1022 1066 1067 1023)
4(1023 1067 1073 1029)
4(1029 1073 1074 1030)
4(1030 1074 1078 1034)
4(1074 1118 1122 1078)
4(1118 1162 1166 1122)
4(593 597 641 637)
4(637 641 685 681)
4(598 604 648 642)
4(597 598 642 641)
4(642 648 692 686)
4(641 642 686 685)
4(604 605 649 648)
4(648 649 693 692)
4(681 685 729 725)
4(725 729 773 769)
4(686 692 736 730)
4(685 686 730 729)
4(730 736 780 774)
4(729 730 774 773)
4(692 693 737 736)
4(736 737 781 780)
4(769 773 817 813)
4(813 817 861 857)
4(774 780 824 818)
4(773 774 818 817)
4(818 824 868 862)
4(817 818 862 861)
4(780 781 825 824)
4(824 825 869 868)
4(857 861 905 901)
4(901 905 949 945)
4(862 868 912 906)
4(861 862 906 905)
4(906 912 956 950)
4(905 906 950 949)
4(868 869 913 912)
4(912 913 957 956)
4(945 949 993 989)
4(989 993 1037 1033)
4(950 956 1000 994)
4(949 950 994 993)
4(994 1000 1044 1038)
4(993 994 1038 1037)
4(956 957 1001 1000)
4(1000 1001 1045 1044)
4(1033 1037 1081 1077)
4(1038 1044 1088 1082)
4(1037 1038 1082 1081)
4(1044 1045 1089 1088)
4(1088 1089 1133 1132)
4(1132 1133 1177 1176)
4(599 643 650 606)
4(599 600 644 643)
4(643 687 694 650)
4(643 644 688 687)
4(594 638 644 600)
4(638 682 688 644)
4(605 606 650 649)
4(649 650 694 693)
4(687 731 738 694)
4(687 688 732 731)
4(731 775 782 738)
4(731 732 776 775)
4(682 726 732 688)
4(726 770 776 732)
4(693 694 738 737)
4(737 738 782 781)
4(775 819 826 782)
4(775 776 820 819)
4(819 863 870 826)
4(819 820 864 863)
4(770 814 820 776)
4(814 858 864 820)
4(781 782 826 825)
4(825 826 870 869)
4(863 907 914 870)
4(863 864 908 907)
4(907 951 958 914)
4(907 908 952 951)
4(858 902 908 864)
4(902 946 952 908)
4(869 870 914 913)
4(913 914 958 957)
4(951 995 1002 958)
4(951 952 996 995)
4(995 1039 1046 1002)
4(995 996 1040 1039)
4(946 990 996 952)
4(990 1034 1040 996)
4(957 958 1002 1001)
4(1001 1002 1046 1045)
4(1039 1083 1090 1046)
4(1039 1040 1084 1083)
4(1083 1127 1134 1090)
4(1083 1084 1128 1127)
4(1034 1078 1084 1040)
4(1045 1046 1090 1089)
3(9 16 60)
3(9 60 53)
3(15 59 60)
3(15 60 16)
3(17 61 62)
3(17 62 18)
4(54 98 99 55)
4(55 99 105 61)
4(61 105 106 62)
3(26 32 76)
3(26 76 70)
4(65 69 113 109)
4(70 76 120 114)
4(69 70 114 113)
3(28 22 66)
3(28 66 72)
3(34 78 77)
3(34 77 33)
4(66 110 116 72)
4(77 78 122 121)
3(1153 1109 1116)
3(1153 1116 1160)
3(1159 1160 1116)
3(1159 1116 1115)
4(1066 1110 1111 1067)
4(1067 1111 1117 1073)
4(1073 1117 1118 1074)
3(1161 1162 1118)
3(1161 1118 1117)
4(1077 1081 1125 1121)
4(1082 1088 1132 1126)
4(1081 1082 1126 1125)
3(1170 1126 1132)
3(1170 1132 1176)
4(1078 1122 1128 1084)
4(1089 1090 1134 1133)
3(1172 1128 1122)
3(1172 1122 1166)
3(1178 1177 1133)
3(1178 1133 1134)
4(0 7 8 1)
4(1 8 9 2)
4(7 14 15 8)
4(5 12 13 6)
4(12 18 19 13)
4(18 22 23 19)
4(30 37 38 31)
4(31 38 39 32)
4(32 39 40 33)
4(35 42 43 36)
4(1144 1145 1152 1151)
4(1145 1146 1153 1152)
4(1151 1152 1159 1158)
4(1149 1150 1157 1156)
4(1156 1157 1163 1162)
4(1162 1163 1167 1166)
4(1174 1175 1182 1181)
4(1175 1176 1183 1182)
4(1176 1177 1184 1183)
4(1179 1180 1187 1186)
3(53 54 10)
3(53 10 9)
4(2 9 10 3)
3(59 15 21)
3(59 21 65)
4(14 20 21 15)
3(16 9 8)
3(16 8 15)
4(10 54 55 11)
4(3 10 11 4)
4(4 11 12 5)
3(61 17 11)
3(61 11 55)
4(11 17 18 12)
4(21 25 69 65)
4(20 24 25 21)
4(24 30 31 25)
3(70 69 25)
3(70 25 26)
4(25 31 32 26)
3(78 34 27)
3(78 27 71)
3(72 71 27)
3(72 27 28)
4(27 34 35 28)
4(22 28 29 23)
4(28 35 36 29)
4(33 40 41 34)
4(34 41 42 35)
3(1109 1153 1154)
3(1109 1154 1110)
4(1146 1147 1154 1153)
3(1115 1121 1165)
3(1115 1165 1159)
4(1158 1159 1165 1164)
3(1160 1159 1152)
3(1160 1152 1153)
4(1110 1154 1155 1111)
4(1147 1148 1155 1154)
4(1148 1149 1156 1155)
3(1117 1111 1155)
3(1117 1155 1161)
4(1155 1156 1162 1161)
4(1121 1125 1169 1165)
4(1164 1165 1169 1168)
4(1168 1169 1175 1174)
3(1126 1170 1169)
3(1126 1169 1125)
4(1169 1170 1176 1175)
3(1134 1127 1171)
3(1134 1171 1178)
3(1128 1172 1171)
3(1128 1171 1127)
4(1171 1172 1179 1178)
4(1166 1167 1173 1172)
4(1172 1173 1180 1179)
4(1177 1178 1185 1184)
4(1178 1179 1186 1185)
4(0 44 51 7)
4(7 51 58 14)
4(44 88 95 51)
4(88 132 139 95)
4(51 95 102 58)
4(58 102 108 64)
4(95 139 146 102)
4(102 146 152 108)
4(132 176 183 139)
4(176 220 227 183)
4(139 183 190 146)
4(146 190 196 152)
4(183 227 234 190)
4(190 234 240 196)
4(220 264 271 227)
4(264 308 315 271)
4(227 271 278 234)
4(234 278 284 240)
4(271 315 322 278)
4(278 322 328 284)
4(308 352 359 315)
4(352 396 403 359)
4(315 359 366 322)
4(322 366 372 328)
4(359 403 410 366)
4(366 410 416 372)
4(396 440 447 403)
4(440 484 491 447)
4(403 447 454 410)
4(410 454 460 416)
4(447 491 498 454)
4(454 498 504 460)
4(484 528 535 491)
4(528 572 579 535)
4(491 535 542 498)
4(498 542 548 504)
4(535 579 586 542)
4(542 586 592 548)
4(30 74 81 37)
4(108 152 156 112)
4(112 156 162 118)
4(74 118 125 81)
4(118 162 169 125)
4(152 196 200 156)
4(156 200 206 162)
4(196 240 244 200)
4(200 244 250 206)
4(162 206 213 169)
4(206 250 257 213)
4(240 284 288 244)
4(244 288 294 250)
4(284 328 332 288)
4(288 332 338 294)
4(250 294 301 257)
4(294 338 345 301)
4(328 372 376 332)
4(332 376 382 338)
4(372 416 420 376)
4(376 420 426 382)
4(338 382 389 345)
4(382 426 433 389)
4(416 460 464 420)
4(420 464 470 426)
4(460 504 508 464)
4(464 508 514 470)
4(426 470 477 433)
4(470 514 521 477)
4(504 548 552 508)
4(508 552 558 514)
4(548 592 596 552)
4(552 596 602 558)
4(514 558 565 521)
4(558 602 609 565)
4(572 616 623 579)
4(616 660 667 623)
4(579 623 630 586)
4(586 630 636 592)
4(623 667 674 630)
4(630 674 680 636)
4(660 704 711 667)
4(704 748 755 711)
4(667 711 718 674)
4(674 718 724 680)
4(711 755 762 718)
4(718 762 768 724)
4(748 792 799 755)
4(792 836 843 799)
4(755 799 806 762)
4(762 806 812 768)
4(799 843 850 806)
4(806 850 856 812)
4(836 880 887 843)
4(880 924 931 887)
4(843 887 894 850)
4(850 894 900 856)
4(887 931 938 894)
4(894 938 944 900)
4(924 968 975 931)
4(968 1012 1019 975)
4(931 975 982 938)
4(938 982 988 944)
4(975 1019 1026 982)
4(982 1026 1032 988)
4(1012 1056 1063 1019)
4(1056 1100 1107 1063)
4(1019 1063 1070 1026)
4(1026 1070 1076 1032)
4(1063 1107 1114 1070)
4(1070 1114 1120 1076)
4(1100 1144 1151 1107)
4(1107 1151 1158 1114)
4(592 636 640 596)
4(596 640 646 602)
4(636 680 684 640)
4(640 684 690 646)
4(602 646 653 609)
4(646 690 697 653)
4(680 724 728 684)
4(684 728 734 690)
4(724 768 772 728)
4(728 772 778 734)
4(690 734 741 697)
4(734 778 785 741)
4(768 812 816 772)
4(772 816 822 778)
4(812 856 860 816)
4(816 860 866 822)
4(778 822 829 785)
4(822 866 873 829)
4(856 900 904 860)
4(860 904 910 866)
4(900 944 948 904)
4(904 948 954 910)
4(866 910 917 873)
4(910 954 961 917)
4(944 988 992 948)
4(948 992 998 954)
4(988 1032 1036 992)
4(992 1036 1042 998)
4(954 998 1005 961)
4(998 1042 1049 1005)
4(1032 1076 1080 1036)
4(1036 1080 1086 1042)
4(1042 1086 1093 1049)
4(1086 1130 1137 1093)
4(1130 1174 1181 1137)
4(14 58 64 20)
4(20 64 68 24)
4(24 68 74 30)
4(64 108 112 68)
4(68 112 118 74)
4(1114 1158 1164 1120)
4(1076 1120 1124 1080)
4(1080 1124 1130 1086)
4(1120 1164 1168 1124)
4(1124 1168 1174 1130)
4(6 13 57 50)
4(13 19 63 57)
4(19 23 67 63)
4(50 57 101 94)
4(94 101 145 138)
4(57 63 107 101)
4(63 67 111 107)
4(101 107 151 145)
4(107 111 155 151)
4(138 145 189 182)
4(182 189 233 226)
4(145 151 195 189)
4(151 155 199 195)
4(189 195 239 233)
4(195 199 243 239)
4(226 233 277 270)
4(270 277 321 314)
4(233 239 283 277)
4(239 243 287 283)
4(277 283 327 321)
4(283 287 331 327)
4(314 321 365 358)
4(358 365 409 402)
4(321 327 371 365)
4(327 331 375 371)
4(365 371 415 409)
4(371 375 419 415)
4(402 409 453 446)
4(446 453 497 490)
4(409 415 459 453)
4(415 419 463 459)
4(453 459 503 497)
4(459 463 507 503)
4(490 497 541 534)
4(534 541 585 578)
4(497 503 547 541)
4(503 507 551 547)
4(541 547 591 585)
4(547 551 595 591)
4(36 43 87 80)
4(111 117 161 155)
4(117 124 168 161)
4(80 87 131 124)
4(124 131 175 168)
4(155 161 205 199)
4(161 168 212 205)
4(199 205 249 243)
4(205 212 256 249)
4(168 175 219 212)
4(212 219 263 256)
4(243 249 293 287)
4(249 256 300 293)
4(287 293 337 331)
4(293 300 344 337)
4(256 263 307 300)
4(300 307 351 344)
4(331 337 381 375)
4(337 344 388 381)
4(375 381 425 419)
4(381 388 432 425)
4(344 351 395 388)
4(388 395 439 432)
4(419 425 469 463)
4(425 432 476 469)
4(463 469 513 507)
4(469 476 520 513)
4(432 439 483 476)
4(476 483 527 520)
4(507 513 557 551)
4(513 520 564 557)
4(551 557 601 595)
4(557 564 608 601)
4(520 527 571 564)
4(564 571 615 608)
4(578 585 629 622)
4(622 629 673 666)
4(585 591 635 629)
4(591 595 639 635)
4(629 635 679 673)
4(635 639 683 679)
4(666 673 717 710)
4(710 717 761 754)
4(673 679 723 717)
4(679 683 727 723)
4(717 723 767 761)
4(723 727 771 767)
4(754 761 805 798)
4(798 805 849 842)
4(761 767 811 805)
4(767 771 815 811)
4(805 811 855 849)
4(811 815 859 855)
4(842 849 893 886)
4(886 893 937 930)
4(849 855 899 893)
4(855 859 903 899)
4(893 899 943 937)
4(899 903 947 943)
4(930 937 981 974)
4(974 981 1025 1018)
4(937 943 987 981)
4(943 947 991 987)
4(981 987 1031 1025)
4(987 991 1035 1031)
4(1018 1025 1069 1062)
4(1062 1069 1113 1106)
4(1025 1031 1075 1069)
4(1031 1035 1079 1075)
4(1069 1075 1119 1113)
4(1075 1079 1123 1119)
4(1106 1113 1157 1150)
4(1113 1119 1163 1157)
4(1119 1123 1167 1163)
4(595 601 645 639)
4(601 608 652 645)
4(639 645 689 683)
4(645 652 696 689)
4(608 615 659 652)
4(652 659 703 696)
4(683 689 733 727)
4(689 696 740 733)
4(727 733 777 771)
4(733 740 784 777)
4(696 703 747 740)
4(740 747 791 784)
4(771 777 821 815)
4(777 784 828 821)
4(815 821 865 859)
4(821 828 872 865)
4(784 791 835 828)
4(828 835 879 872)
4(859 865 909 903)
4(865 872 916 909)
4(903 909 953 947)
4(909 916 960 953)
4(872 879 923 916)
4(916 923 967 960)
4(947 953 997 991)
4(953 960 1004 997)
4(991 997 1041 1035)
4(997 1004 1048 1041)
4(960 967 1011 1004)
4(1004 1011 1055 1048)
4(1035 1041 1085 1079)
4(1041 1048 1092 1085)
4(1048 1055 1099 1092)
4(1092 1099 1143 1136)
4(1136 1143 1187 1180)
4(23 29 73 67)
4(29 36 80 73)
4(67 73 117 111)
4(73 80 124 117)
4(1079 1085 1129 1123)
4(1085 1092 1136 1129)
4(1123 1129 1173 1167)
4(1129 1136 1180 1173)
4(0 1 45 44)
4(1 2 46 45)
4(44 45 89 88)
4(88 89 133 132)
4(45 46 90 89)
4(46 47 91 90)
4(89 90 134 133)
4(90 91 135 134)
4(132 133 177 176)
4(176 177 221 220)
4(133 134 178 177)
4(134 135 179 178)
4(177 178 222 221)
4(178 179 223 222)
4(220 221 265 264)
4(264 265 309 308)
4(221 222 266 265)
4(222 223 267 266)
4(265 266 310 309)
4(266 267 311 310)
4(308 309 353 352)
4(352 353 397 396)
4(309 310 354 353)
4(310 311 355 354)
4(353 354 398 397)
4(354 355 399 398)
4(396 397 441 440)
4(440 441 485 484)
4(397 398 442 441)
4(398 399 443 442)
4(441 442 486 485)
4(442 443 487 486)
4(484 485 529 528)
4(528 529 573 572)
4(485 486 530 529)
4(486 487 531 530)
4(529 530 574 573)
4(530 531 575 574)
4(5 6 50 49)
4(91 92 136 135)
4(92 93 137 136)
4(49 50 94 93)
4(93 94 138 137)
4(135 136 180 179)
4(136 137 181 180)
4(179 180 224 223)
4(180 181 225 224)
4(137 138 182 181)
4(181 182 226 225)
4(223 224 268 267)
4(224 225 269 268)
4(267 268 312 311)
4(268 269 313 312)
4(225 226 270 269)
4(269 270 314 313)
4(311 312 356 355)
4(312 313 357 356)
4(355 356 400 399)
4(356 357 401 400)
4(313 314 358 357)
4(357 358 402 401)
4(399 400 444 443)
4(400 401 445 444)
4(443 444 488 487)
4(444 445 489 488)
4(401 402 446 445)
4(445 446 490 489)
4(487 488 532 531)
4(488 489 533 532)
4(531 532 576 575)
4(532 533 577 576)
4(489 490 534 533)
4(533 534 578 577)
4(37 81 82 38)
4(38 82 83 39)
4(39 83 84 40)
4(81 125 126 82)
4(125 169 170 126)
4(82 126 127 83)
4(83 127 128 84)
4(126 170 171 127)
4(127 171 172 128)
4(169 213 214 170)
4(213 257 258 214)
4(170 214 215 171)
4(171 215 216 172)
4(214 258 259 215)
4(215 259 260 216)
4(257 301 302 258)
4(301 345 346 302)
4(258 302 303 259)
4(259 303 304 260)
4(302 346 347 303)
4(303 347 348 304)
4(345 389 390 346)
4(389 433 434 390)
4(346 390 391 347)
4(347 391 392 348)
4(390 434 435 391)
4(391 435 436 392)
4(433 477 478 434)
4(477 521 522 478)
4(434 478 479 435)
4(435 479 480 436)
4(478 522 523 479)
4(479 523 524 480)
4(521 565 566 522)
4(565 609 610 566)
4(522 566 567 523)
4(523 567 568 524)
4(566 610 611 567)
4(567 611 612 568)
4(42 86 87 43)
4(128 172 173 129)
4(129 173 174 130)
4(86 130 131 87)
4(130 174 175 131)
4(172 216 217 173)
4(173 217 218 174)
4(216 260 261 217)
4(217 261 262 218)
4(174 218 219 175)
4(218 262 263 219)
4(260 304 305 261)
4(261 305 306 262)
4(304 348 349 305)
4(305 349 350 306)
4(262 306 307 263)
4(306 350 351 307)
4(348 392 393 349)
4(349 393 394 350)
4(392 436 437 393)
4(393 437 438 394)
4(350 394 395 351)
4(394 438 439 395)
4(436 480 481 437)
4(437 481 482 438)
4(480 524 525 481)
4(481 525 526 482)
4(438 482 483 439)
4(482 526 527 483)
4(524 568 569 525)
4(525 569 570 526)
4(568 612 613 569)
4(569 613 614 570)
4(526 570 571 527)
4(570 614 615 571)
4(572 573 617 616)
4(616 617 661 660)
4(573 574 618 617)
4(574 575 619 618)
4(617 618 662 661)
4(618 619 663 662)
4(660 661 705 704)
4(704 705 749 748)
4(661 662 706 705)
4(662 663 707 706)
4(705 706 750 749)
4(706 707 751 750)
4(748 749 793 792)
4(792 793 837 836)
4(749 750 794 793)
4(750 751 795 794)
4(793 794 838 837)
4(794 795 839 838)
4(836 837 881 880)
4(880 881 925 924)
4(837 838 882 881)
4(838 839 883 882)
4(881 882 926 925)
4(882 883 927 926)
4(924 925 969 968)
4(968 969 1013 1012)
4(925 926 970 969)
4(926 927 971 970)
4(969 970 1014 1013)
4(970 971 1015 1014)
4(1012 1013 1057 1056)
4(1056 1057 1101 1100)
4(1013 1014 1058 1057)
4(1014 1015 1059 1058)
4(1057 1058 1102 1101)
4(1058 1059 1103 1102)
4(1100 1101 1145 1144)
4(1101 1102 1146 1145)
4(575 576 620 619)
4(576 577 621 620)
4(619 620 664 663)
4(620 621 665 664)
4(577 578 622 621)
4(621 622 666 665)
4(663 664 708 707)
4(664 665 709 708)
4(707 708 752 751)
4(708 709 753 752)
4(665 666 710 709)
4(709 710 754 753)
4(751 752 796 795)
4(752 753 797 796)
4(795 796 840 839)
4(796 797 841 840)
4(753 754 798 797)
4(797 798 842 841)
4(839 840 884 883)
4(840 841 885 884)
4(883 884 928 927)
4(884 885 929 928)
4(841 842 886 885)
4(885 886 930 929)
4(927 928 972 971)
4(928 929 973 972)
4(971 972 1016 1015)
4(972 973 1017 1016)
4(929 930 974 973)
4(973 974 1018 1017)
4(1015 1016 1060 1059)
4(1016 1017 1061 1060)
4(1017 1018 1062 1061)
4(1061 1062 1106 1105)
4(1105 1106 1150 1149)
4(609 653 654 610)
4(653 697 698 654)
4(610 654 655 611)
4(611 655 656 612)
4(654 698 699 655)
4(655 699 700 656)
4(697 741 742 698)
4(741 785 786 742)
4(698 742 743 699)
4(699 743 744 700)
4(742 786 787 743)
4(743 787 788 744)
4(785 829 830 786)
4(829 873 874 830)
4(786 830 831 787)
4(787 831 832 788)
4(830 874 875 831)
4(831 875 876 832)
4(873 917 918 874)
4(917 961 962 918)
4(874 918 919 875)
4(875 919 920 876)
4(918 962 963 919)
4(919 963 964 920)
4(961 1005 1006 962)
4(1005 1049 1050 1006)
4(962 1006 1007 963)
4(963 1007 1008 964)
4(1006 1050 1051 1007)
4(1007 1051 1052 1008)
4(1049 1093 1094 1050)
4(1093 1137 1138 1094)
4(1050 1094 1095 1051)
4(1051 1095 1096 1052)
4(1094 1138 1139 1095)
4(1095 1139 1140 1096)
4(1137 1181 1182 1138)
4(1138 1182 1183 1139)
4(1139 1183 1184 1140)
4(612 656 657 613)
4(613 657 658 614)
4(656 700 701 657)
4(657 701 702 658)
4(614 658 659 615)
4(658 702 703 659)
4(700 744 745 701)
4(701 745 746 702)
4(744 788 789 745)
4(745 789 790 746)
4(702 746 747 703)
4(746 790 791 747)
4(788 832 833 789)
4(789 833 834 790)
4(832 876 877 833)
4(833 877 878 834)
4(790 834 835 791)
4(834 878 879 835)
4(876 920 921 877)
4(877 921 922 878)
4(920 964 965 921)
4(921 965 966 922)
4(878 922 923 879)
4(922 966 967 923)
4(964 1008 1009 965)
4(965 1009 1010 966)
4(1008 1052 1053 1009)
4(1009 1053 1054 1010)
4(966 1010 1011 967)
4(1010 1054 1055 1011)
4(1052 1096 1097 1053)
4(1053 1097 1098 1054)
4(1054 1098 1099 1055)
4(1098 1142 1143 1099)
4(1142 1186 1187 1143)
4(2 3 47 46)
4(3 4 48 47)
4(4 5 49 48)
4(47 48 92 91)
4(48 49 93 92)
4(40 84 85 41)
4(41 85 86 42)
4(84 128 129 85)
4(85 129 130 86)
4(1102 1103 1147 1146)
4(1059 1060 1104 1103)
4(1060 1061 1105 1104)
4(1103 1104 1148 1147)
4(1104 1105 1149 1148)
4(1096 1140 1141 1097)
4(1097 1141 1142 1098)
4(1140 1184 1185 1141)
4(1141 1185 1186 1142)
4(53 97 1436 1388)
4(97 98 1437 1436)
4(98 54 1389 1437)
4(54 53 1388 1389)
4(97 141 1484 1436)
4(141 142 1485 1484)
4(142 98 1437 1485)
4(59 65 1399 1393)
4(65 109 1447 1399)
4(109 103 1441 1447)
4(103 59 1393 1441)
4(109 153 1495 1447)
4(153 147 1489 1495)
4(147 103 1441 1489)
4(53 60 1394 1388)
4(60 104 1442 1394)
4(104 97 1436 1442)
4(103 104 1442 1441)
4(60 59 1393 1394)
4(104 148 1490 1442)
4(148 141 1484 1490)
4(147 148 1490 1489)
4(141 185 1532 1484)
4(185 186 1533 1532)
4(186 142 1485 1533)
4(185 229 1580 1532)
4(229 230 1581 1580)
4(230 186 1533 1581)
4(153 197 1543 1495)
4(197 191 1537 1543)
4(191 147 1489 1537)
4(197 241 1591 1543)
4(241 235 1585 1591)
4(235 191 1537 1585)
4(148 192 1538 1490)
4(192 185 1532 1538)
4(191 192 1538 1537)
4(192 236 1586 1538)
4(236 229 1580 1586)
4(235 236 1586 1585)
4(229 273 1628 1580)
4(273 274 1629 1628)
4(274 230 1581 1629)
4(273 317 1676 1628)
4(317 318 1677 1676)
4(318 274 1629 1677)
4(241 285 1639 1591)
4(285 279 1633 1639)
4(279 235 1585 1633)
4(285 329 1687 1639)
4(329 323 1681 1687)
4(323 279 1633 1681)
4(236 280 1634 1586)
4(280 273 1628 1634)
4(279 280 1634 1633)
4(280 324 1682 1634)
4(324 317 1676 1682)
4(323 324 1682 1681)
4(317 361 1724 1676)
4(361 362 1725 1724)
4(362 318 1677 1725)
4(361 405 1772 1724)
4(405 406 1773 1772)
4(406 362 1725 1773)
4(329 373 1735 1687)
4(373 367 1729 1735)
4(367 323 1681 1729)
4(373 417 1783 1735)
4(417 411 1777 1783)
4(411 367 1729 1777)
4(324 368 1730 1682)
4(368 361 1724 1730)
4(367 368 1730 1729)
4(368 412 1778 1730)
4(412 405 1772 1778)
4(411 412 1778 1777)
4(405 449 1820 1772)
4(449 450 1821 1820)
4(450 406 1773 1821)
4(449 493 1868 1820)
4(493 494 1869 1868)
4(494 450 1821 1869)
4(417 461 1831 1783)
4(461 455 1825 1831)
4(455 411 1777 1825)
4(461 505 1879 1831)
4(505 499 1873 1879)
4(499 455 1825 1873)
4(412 456 1826 1778)
4(456 449 1820 1826)
4(455 456 1826 1825)
4(456 500 1874 1826)
4(500 493 1868 1874)
4(499 500 1874 1873)
4(493 537 1916 1868)
4(537 538 1917 1916)
4(538 494 1869 1917)
4(537 581 1964 1916)
4(581 582 1965 1964)
4(582 538 1917 1965)
4(505 549 1927 1879)
4(549 543 1921 1927)
4(543 499 1873 1921)
4(549 593 1975 1927)
4(593 587 1969 1975)
4(587 543 1921 1969)
4(500 544 1922 1874)
4(544 537 1916 1922)
4(543 544 1922 1921)
4(544 588 1970 1922)
4(588 581 1964 1970)
4(587 588 1970 1969)
4(18 62 1396 1314)
4(62 66 1400 1396)
4(66 22 1322 1400)
4(22 18 1314 1322)
4(142 143 1486 1485)
4(143 99 1438 1486)
4(99 98 1437 1438)
4(143 149 1491 1486)
4(149 105 1443 1491)
4(105 99 1438 1443)
4(149 150 1492 1491)
4(150 106 1444 1492)
4(106 105 1443 1444)
4(62 106 1444 1396)
4(106 110 1448 1444)
4(110 66 1400 1448)
4(150 154 1496 1492)
4(154 110 1448 1496)
4(186 187 1534 1533)
4(187 143 1486 1534)
4(230 231 1582 1581)
4(231 187 1534 1582)
4(187 193 1539 1534)
4(193 149 1491 1539)
4(193 194 1540 1539)
4(194 150 1492 1540)
4(231 237 1587 1582)
4(237 193 1539 1587)
4(237 238 1588 1587)
4(238 194 1540 1588)
4(194 198 1544 1540)
4(198 154 1496 1544)
4(238 242 1592 1588)
4(242 198 1544 1592)
4(274 275 1630 1629)
4(275 231 1582 1630)
4(318 319 1678 1677)
4(319 275 1630 1678)
4(275 281 1635 1630)
4(281 237 1587 1635)
4(281 282 1636 1635)
4(282 238 1588 1636)
4(319 325 1683 1678)
4(325 281 1635 1683)
4(325 326 1684 1683)
4(326 282 1636 1684)
4(282 286 1640 1636)
4(286 242 1592 1640)
4(326 330 1688 1684)
4(330 286 1640 1688)
4(362 363 1726 1725)
4(363 319 1678 1726)
4(406 407 1774 1773)
4(407 363 1726 1774)
4(363 369 1731 1726)
4(369 325 1683 1731)
4(369 370 1732 1731)
4(370 326 1684 1732)
4(407 413 1779 1774)
4(413 369 1731 1779)
4(413 414 1780 1779)
4(414 370 1732 1780)
4(370 374 1736 1732)
4(374 330 1688 1736)
4(414 418 1784 1780)
4(418 374 1736 1784)
4(450 451 1822 1821)
4(451 407 1774 1822)
4(494 495 1870 1869)
4(495 451 1822 1870)
4(451 457 1827 1822)
4(457 413 1779 1827)
4(457 458 1828 1827)
4(458 414 1780 1828)
4(495 501 1875 1870)
4(501 457 1827 1875)
4(501 502 1876 1875)
4(502 458 1828 1876)
4(458 462 1832 1828)
4(462 418 1784 1832)
4(502 506 1880 1876)
4(506 462 1832 1880)
4(538 539 1918 1917)
4(539 495 1870 1918)
4(582 583 1966 1965)
4(583 539 1918 1966)
4(539 545 1923 1918)
4(545 501 1875 1923)
4(545 546 1924 1923)
4(546 502 1876 1924)
4(583 589 1971 1966)
4(589 545 1923 1971)
4(589 590 1972 1971)
4(590 546 1924 1972)
4(546 550 1928 1924)
4(550 506 1880 1928)
4(590 594 1976 1972)
4(594 550 1928 1976)
4(32 33 1341 1340)
4(33 77 1410 1341)
4(77 76 1409 1410)
4(76 32 1340 1409)
4(109 113 1451 1447)
4(113 157 1499 1451)
4(157 153 1495 1499)
4(114 120 1457 1452)
4(120 164 1505 1457)
4(164 158 1500 1505)
4(158 114 1452 1500)
4(113 114 1452 1451)
4(158 157 1499 1500)
4(77 121 1458 1410)
4(121 120 1457 1458)
4(120 76 1409 1457)
4(121 165 1506 1458)
4(165 164 1505 1506)
4(157 201 1547 1499)
4(201 197 1543 1547)
4(201 245 1595 1547)
4(245 241 1591 1595)
4(164 208 1553 1505)
4(208 202 1548 1553)
4(202 158 1500 1548)
4(202 201 1547 1548)
4(208 252 1601 1553)
4(252 246 1596 1601)
4(246 202 1548 1596)
4(246 245 1595 1596)
4(165 209 1554 1506)
4(209 208 1553 1554)
4(209 253 1602 1554)
4(253 252 1601 1602)
4(245 289 1643 1595)
4(289 285 1639 1643)
4(289 333 1691 1643)
4(333 329 1687 1691)
4(252 296 1649 1601)
4(296 290 1644 1649)
4(290 246 1596 1644)
4(290 289 1643 1644)
4(296 340 1697 1649)
4(340 334 1692 1697)
4(334 290 1644 1692)
4(334 333 1691 1692)
4(253 297 1650 1602)
4(297 296 1649 1650)
4(297 341 1698 1650)
4(341 340 1697 1698)
4(333 377 1739 1691)
4(377 373 1735 1739)
4(377 421 1787 1739)
4(421 417 1783 1787)
4(340 384 1745 1697)
4(384 378 1740 1745)
4(378 334 1692 1740)
4(378 377 1739 1740)
4(384 428 1793 1745)
4(428 422 1788 1793)
4(422 378 1740 1788)
4(422 421 1787 1788)
4(341 385 1746 1698)
4(385 384 1745 1746)
4(385 429 1794 1746)
4(429 428 1793 1794)
4(421 465 1835 1787)
4(465 461 1831 1835)
4(465 509 1883 1835)
4(509 505 1879 1883)
4(428 472 1841 1793)
4(472 466 1836 1841)
4(466 422 1788 1836)
4(466 465 1835 1836)
4(472 516 1889 1841)
4(516 510 1884 1889)
4(510 466 1836 1884)
4(510 509 1883 1884)
4(429 473 1842 1794)
4(473 472 1841 1842)
4(473 517 1890 1842)
4(517 516 1889 1890)
4(509 553 1931 1883)
4(553 549 1927 1931)
4(553 597 1979 1931)
4(597 593 1975 1979)
4(516 560 1937 1889)
4(560 554 1932 1937)
4(554 510 1884 1932)
4(554 553 1931 1932)
4(560 604 1985 1937)
4(604 598 1980 1985)
4(598 554 1932 1980)
4(598 597 1979 1980)
4(517 561 1938 1890)
4(561 560 1937 1938)
4(561 605 1986 1938)
4(605 604 1985 1986)
4(71 115 1453 1405)
4(115 122 1459 1453)
4(122 78 1411 1459)
4(78 71 1405 1411)
4(71 72 1406 1405)
4(72 116 1454 1406)
4(116 115 1453 1454)
4(115 159 1501 1453)
4(159 166 1507 1501)
4(166 122 1459 1507)
4(116 160 1502 1454)
4(160 159 1501 1502)
4(154 160 1502 1496)
4(116 110 1448 1454)
4(121 122 1459 1458)
4(166 165 1506 1507)
4(159 203 1549 1501)
4(203 210 1555 1549)
4(210 166 1507 1555)
4(160 204 1550 1502)
4(204 203 1549 1550)
4(203 247 1597 1549)
4(247 254 1603 1597)
4(254 210 1555 1603)
4(204 248 1598 1550)
4(248 247 1597 1598)
4(198 204 1550 1544)
4(242 248 1598 1592)
4(210 209 1554 1555)
4(254 253 1602 1603)
4(247 291 1645 1597)
4(291 298 1651 1645)
4(298 254 1603 1651)
4(248 292 1646 1598)
4(292 291 1645 1646)
4(291 335 1693 1645)
4(335 342 1699 1693)
4(342 298 1651 1699)
4(292 336 1694 1646)
4(336 335 1693 1694)
4(286 292 1646 1640)
4(330 336 1694 1688)
4(298 297 1650 1651)
4(342 341 1698 1699)
4(335 379 1741 1693)
4(379 386 1747 1741)
4(386 342 1699 1747)
4(336 380 1742 1694)
4(380 379 1741 1742)
4(379 423 1789 1741)
4(423 430 1795 1789)
4(430 386 1747 1795)
4(380 424 1790 1742)
4(424 423 1789 1790)
4(374 380 1742 1736)
4(418 424 1790 1784)
4(386 385 1746 1747)
4(430 429 1794 1795)
4(423 467 1837 1789)
4(467 474 1843 1837)
4(474 430 1795 1843)
4(424 468 1838 1790)
4(468 467 1837 1838)
4(467 511 1885 1837)
4(511 518 1891 1885)
4(518 474 1843 1891)
4(468 512 1886 1838)
4(512 511 1885 1886)
4(462 468 1838 1832)
4(506 512 1886 1880)
4(474 473 1842 1843)
4(518 517 1890 1891)
4(511 555 1933 1885)
4(555 562 1939 1933)
4(562 518 1891 1939)
4(512 556 1934 1886)
4(556 555 1933 1934)
4(555 599 1981 1933)
4(599 606 1987 1981)
4(606 562 1939 1987)
4(556 600 1982 1934)
4(600 599 1981 1982)
4(550 556 1934 1928)
4(594 600 1982 1976)
4(562 561 1938 1939)
4(606 605 1986 1987)
4(581 625 2012 1964)
4(625 626 2013 2012)
4(626 582 1965 2013)
4(625 669 2060 2012)
4(669 670 2061 2060)
4(670 626 2013 2061)
4(593 637 2023 1975)
4(637 631 2017 2023)
4(631 587 1969 2017)
4(637 681 2071 2023)
4(681 675 2065 2071)
4(675 631 2017 2065)
4(588 632 2018 1970)
4(632 625 2012 2018)
4(631 632 2018 2017)
4(632 676 2066 2018)
4(676 669 2060 2066)
4(675 676 2066 2065)
4(669 713 2108 2060)
4(713 714 2109 2108)
4(714 670 2061 2109)
4(713 757 2156 2108)
4(757 758 2157 2156)
4(758 714 2109 2157)
4(681 725 2119 2071)
4(725 719 2113 2119)
4(719 675 2065 2113)
4(725 769 2167 2119)
4(769 763 2161 2167)
4(763 719 2113 2161)
4(676 720 2114 2066)
4(720 713 2108 2114)
4(719 720 2114 2113)
4(720 764 2162 2114)
4(764 757 2156 2162)
4(763 764 2162 2161)
4(757 801 2204 2156)
4(801 802 2205 2204)
4(802 758 2157 2205)
4(801 845 2252 2204)
4(845 846 2253 2252)
4(846 802 2205 2253)
4(769 813 2215 2167)
4(813 807 2209 2215)
4(807 763 2161 2209)
4(813 857 2263 2215)
4(857 851 2257 2263)
4(851 807 2209 2257)
4(764 808 2210 2162)
4(808 801 2204 2210)
4(807 808 2210 2209)
4(808 852 2258 2210)
4(852 845 2252 2258)
4(851 852 2258 2257)
4(845 889 2300 2252)
4(889 890 2301 2300)
4(890 846 2253 2301)
4(889 933 2348 2300)
4(933 934 2349 2348)
4(934 890 2301 2349)
4(857 901 2311 2263)
4(901 895 2305 2311)
4(895 851 2257 2305)
4(901 945 2359 2311)
4(945 939 2353 2359)
4(939 895 2305 2353)
4(852 896 2306 2258)
4(896 889 2300 2306)
4(895 896 2306 2305)
4(896 940 2354 2306)
4(940 933 2348 2354)
4(939 940 2354 2353)
4(933 977 2396 2348)
4(977 978 2397 2396)
4(978 934 2349 2397)
4(977 1021 2444 2396)
4(1021 1022 2445 2444)
4(1022 978 2397 2445)
4(945 989 2407 2359)
4(989 983 2401 2407)
4(983 939 2353 2401)
4(989 1033 2455 2407)
4(1033 1027 2449 2455)
4(1027 983 2401 2449)
4(940 984 2402 2354)
4(984 977 2396 2402)
4(983 984 2402 2401)
4(984 1028 2450 2402)
4(1028 1021 2444 2450)
4(1027 1028 2450 2449)
4(1021 1065 2492 2444)
4(1065 1066 2493 2492)
4(1066 1022 2445 2493)
4(1065 1109 2540 2492)
4(1109 1110 2541 2540)
4(1110 1066 2493 2541)
4(1033 1077 2503 2455)
4(1077 1071 2497 2503)
4(1071 1027 2449 2497)
4(1077 1121 2551 2503)
4(1121 1115 2545 2551)
4(1115 1071 2497 2545)
4(1028 1072 2498 2450)
4(1072 1065 2492 2498)
4(1071 1072 2498 2497)
4(1072 1116 2546 2498)
4(1116 1109 2540 2546)
4(1115 1116 2546 2545)
4(626 627 2014 2013)
4(627 583 1966 2014)
4(670 671 2062 2061)
4(671 627 2014 2062)
4(627 633 2019 2014)
4(633 589 1971 2019)
4(633 634 2020 2019)
4(634 590 1972 2020)
4(671 677 2067 2062)
4(677 633 2019 2067)
4(677 678 2068 2067)
4(678 634 2020 2068)
4(634 638 2024 2020)
4(638 594 1976 2024)
4(678 682 2072 2068)
4(682 638 2024 2072)
4(714 715 2110 2109)
4(715 671 2062 2110)
4(758 759 2158 2157)
4(759 715 2110 2158)
4(715 721 2115 2110)
4(721 677 2067 2115)
4(721 722 2116 2115)
4(722 678 2068 2116)
4(759 765 2163 2158)
4(765 721 2115 2163)
4(765 766 2164 2163)
4(766 722 2116 2164)
4(722 726 2120 2116)
4(726 682 2072 2120)
4(766 770 2168 2164)
4(770 726 2120 2168)
4(802 803 2206 2205)
4(803 759 2158 2206)
4(846 847 2254 2253)
4(847 803 2206 2254)
4(803 809 2211 2206)
4(809 765 2163 2211)
4(809 810 2212 2211)
4(810 766 2164 2212)
4(847 853 2259 2254)
4(853 809 2211 2259)
4(853 854 2260 2259)
4(854 810 2212 2260)
4(810 814 2216 2212)
4(814 770 2168 2216)
4(854 858 2264 2260)
4(858 814 2216 2264)
4(890 891 2302 2301)
4(891 847 2254 2302)
4(934 935 2350 2349)
4(935 891 2302 2350)
4(891 897 2307 2302)
4(897 853 2259 2307)
4(897 898 2308 2307)
4(898 854 2260 2308)
4(935 941 2355 2350)
4(941 897 2307 2355)
4(941 942 2356 2355)
4(942 898 2308 2356)
4(898 902 2312 2308)
4(902 858 2264 2312)
4(942 946 2360 2356)
4(946 902 2312 2360)
4(978 979 2398 2397)
4(979 935 2350 2398)
4(1022 1023 2446 2445)
4(1023 979 2398 2446)
4(979 985 2403 2398)
4(985 941 2355 2403)
4(985 986 2404 2403)
4(986 942 2356 2404)
4(1023 1029 2451 2446)
4(1029 985 2403 2451)
4(1029 1030 2452 2451)
4(1030 986 2404 2452)
4(986 990 2408 2404)
4(990 946 2360 2408)
4(1030 1034 2456 2452)
4(1034 990 2408 2456)
4(1066 1067 2494 2493)
4(1067 1023 2446 2494)
4(1067 1073 2499 2494)
4(1073 1029 2451 2499)
4(1073 1074 2500 2499)
4(1074 1030 2452 2500)
4(1074 1078 2504 2500)
4(1078 1034 2456 2504)
4(1074 1118 2548 2500)
4(1118 1122 2552 2548)
4(1122 1078 2504 2552)
4(1118 1162 2622 2548)
4(1162 1166 2630 2622)
4(1166 1122 2552 2630)
4(597 641 2027 1979)
4(641 637 2023 2027)
4(641 685 2075 2027)
4(685 681 2071 2075)
4(604 648 2033 1985)
4(648 642 2028 2033)
4(642 598 1980 2028)
4(642 641 2027 2028)
4(648 692 2081 2033)
4(692 686 2076 2081)
4(686 642 2028 2076)
4(686 685 2075 2076)
4(605 649 2034 1986)
4(649 648 2033 2034)
4(649 693 2082 2034)
4(693 692 2081 2082)
4(685 729 2123 2075)
4(729 725 2119 2123)
4(729 773 2171 2123)
4(773 769 2167 2171)
4(692 736 2129 2081)
4(736 730 2124 2129)
4(730 686 2076 2124)
4(730 729 2123 2124)
4(736 780 2177 2129)
4(780 774 2172 2177)
4(774 730 2124 2172)
4(774 773 2171 2172)
4(693 737 2130 2082)
4(737 736 2129 2130)
4(737 781 2178 2130)
4(781 780 2177 2178)
4(773 817 2219 2171)
4(817 813 2215 2219)
4(817 861 2267 2219)
4(861 857 2263 2267)
4(780 824 2225 2177)
4(824 818 2220 2225)
4(818 774 2172 2220)
4(818 817 2219 2220)
4(824 868 2273 2225)
4(868 862 2268 2273)
4(862 818 2220 2268)
4(862 861 2267 2268)
4(781 825 2226 2178)
4(825 824 2225 2226)
4(825 869 2274 2226)
4(869 868 2273 2274)
4(861 905 2315 2267)
4(905 901 2311 2315)
4(905 949 2363 2315)
4(949 945 2359 2363)
4(868 912 2321 2273)
4(912 906 2316 2321)
4(906 862 2268 2316)
4(906 905 2315 2316)
4(912 956 2369 2321)
4(956 950 2364 2369)
4(950 906 2316 2364)
4(950 949 2363 2364)
4(869 913 2322 2274)
4(913 912 2321 2322)
4(913 957 2370 2322)
4(957 956 2369 2370)
4(949 993 2411 2363)
4(993 989 2407 2411)
4(993 1037 2459 2411)
4(1037 1033 2455 2459)
4(956 1000 2417 2369)
4(1000 994 2412 2417)
4(994 950 2364 2412)
4(994 993 2411 2412)
4(1000 1044 2465 2417)
4(1044 1038 2460 2465)
4(1038 994 2412 2460)
4(1038 1037 2459 2460)
4(957 1001 2418 2370)
4(1001 1000 2417 2418)
4(1001 1045 2466 2418)
4(1045 1044 2465 2466)
4(1037 1081 2507 2459)
4(1081 1077 2503 2507)
4(1044 1088 2513 2465)
4(1088 1082 2508 2513)
4(1082 1038 2460 2508)
4(1082 1081 2507 2508)
4(1045 1089 2514 2466)
4(1089 1088 2513 2514)
4(1089 1133 2562 2514)
4(1133 1132 2561 2562)
4(1132 1088 2513 2561)
4(1133 1177 2649 2562)
4(1177 1176 2648 2649)
4(1176 1132 2561 2648)
4(599 643 2029 1981)
4(643 650 2035 2029)
4(650 606 1987 2035)
4(600 644 2030 1982)
4(644 643 2029 2030)
4(643 687 2077 2029)
4(687 694 2083 2077)
4(694 650 2035 2083)
4(644 688 2078 2030)
4(688 687 2077 2078)
4(638 644 2030 2024)
4(682 688 2078 2072)
4(650 649 2034 2035)
4(694 693 2082 2083)
4(687 731 2125 2077)
4(731 738 2131 2125)
4(738 694 2083 2131)
4(688 732 2126 2078)
4(732 731 2125 2126)
4(731 775 2173 2125)
4(775 782 2179 2173)
4(782 738 2131 2179)
4(732 776 2174 2126)
4(776 775 2173 2174)
4(726 732 2126 2120)
4(770 776 2174 2168)
4(738 737 2130 2131)
4(782 781 2178 2179)
4(775 819 2221 2173)
4(819 826 2227 2221)
4(826 782 2179 2227)
4(776 820 2222 2174)
4(820 819 2221 2222)
4(819 863 2269 2221)
4(863 870 2275 2269)
4(870 826 2227 2275)
4(820 864 2270 2222)
4(864 863 2269 2270)
4(814 820 2222 2216)
4(858 864 2270 2264)
4(826 825 2226 2227)
4(870 869 2274 2275)
4(863 907 2317 2269)
4(907 914 2323 2317)
4(914 870 2275 2323)
4(864 908 2318 2270)
4(908 907 2317 2318)
4(907 951 2365 2317)
4(951 958 2371 2365)
4(958 914 2323 2371)
4(908 952 2366 2318)
4(952 951 2365 2366)
4(902 908 2318 2312)
4(946 952 2366 2360)
4(914 913 2322 2323)
4(958 957 2370 2371)
4(951 995 2413 2365)
4(995 1002 2419 2413)
4(1002 958 2371 2419)
4(952 996 2414 2366)
4(996 995 2413 2414)
4(995 1039 2461 2413)
4(1039 1046 2467 2461)
4(1046 1002 2419 2467)
4(996 1040 2462 2414)
4(1040 1039 2461 2462)
4(990 996 2414 2408)
4(1034 1040 2462 2456)
4(1002 1001 2418 2419)
4(1046 1045 2466 2467)
4(1039 1083 2509 2461)
4(1083 1090 2515 2509)
4(1090 1046 2467 2515)
4(1040 1084 2510 2462)
4(1084 1083 2509 2510)
4(1083 1127 2557 2509)
4(1127 1134 2563 2557)
4(1134 1090 2515 2563)
4(1084 1128 2558 2510)
4(1128 1127 2557 2558)
4(1078 1084 2510 2504)
4(1090 1089 2514 2515)
4(9 16 1312 1301)
4(16 60 1394 1312)
4(60 9 1301 1394)
4(53 9 1301 1388)
4(15 59 1393 1311)
4(60 15 1311 1394)
4(16 15 1311 1312)
4(17 61 1395 1313)
4(61 62 1396 1395)
4(62 17 1313 1396)
4(18 17 1313 1314)
4(99 55 1390 1438)
4(55 54 1389 1390)
4(105 61 1395 1443)
4(61 55 1390 1395)
4(26 32 1340 1330)
4(76 26 1330 1409)
4(76 70 1404 1409)
4(70 26 1330 1404)
4(65 69 1403 1399)
4(69 113 1451 1403)
4(114 70 1404 1452)
4(69 70 1404 1403)
4(28 22 1322 1332)
4(66 28 1332 1400)
4(66 72 1406 1400)
4(72 28 1332 1406)
4(34 78 1411 1342)
4(78 77 1410 1411)
4(77 34 1342 1410)
4(33 34 1342 1341)
4(1153 1109 2540 2609)
4(1116 1153 2609 2546)
4(1116 1160 2620 2546)
4(1160 1153 2609 2620)
4(1159 1160 2620 2619)
4(1116 1159 2619 2546)
4(1115 1159 2619 2545)
4(1110 1111 2542 2541)
4(1111 1067 2494 2542)
4(1111 1117 2547 2542)
4(1117 1073 2499 2547)
4(1117 1118 2548 2547)
4(1161 1162 2622 2621)
4(1118 1161 2621 2548)
4(1117 1161 2621 2547)
4(1081 1125 2555 2507)
4(1125 1121 2551 2555)
4(1132 1126 2556 2561)
4(1126 1082 2508 2556)
4(1126 1125 2555 2556)
4(1170 1126 2556 2638)
4(1132 1170 2638 2561)
4(1176 1170 2638 2648)
4(1122 1128 2558 2552)
4(1134 1133 2562 2563)
4(1172 1128 2558 2640)
4(1122 1172 2640 2552)
4(1166 1172 2640 2630)
4(1178 1177 2649 2650)
4(1133 1178 2650 2562)
4(1134 1178 2650 2563)
4(0 7 1299 1274)
4(7 8 1300 1299)
4(8 1 1277 1300)
4(1 0 1274 1277)
4(8 9 1301 1300)
4(9 2 1280 1301)
4(2 1 1277 1280)
4(7 14 1310 1299)
4(14 15 1311 1310)
4(15 8 1300 1311)
4(5 12 1304 1289)
4(12 13 1307 1304)
4(13 6 1296 1307)
4(6 5 1289 1296)
4(12 18 1314 1304)
4(18 19 1317 1314)
4(19 13 1307 1317)
4(22 23 1325 1322)
4(23 19 1317 1325)
4(30 37 1353 1338)
4(37 38 1356 1353)
4(38 31 1339 1356)
4(31 30 1338 1339)
4(38 39 1359 1356)
4(39 32 1340 1359)
4(32 31 1339 1340)
4(39 40 1362 1359)
4(40 33 1341 1362)
4(35 42 1368 1343)
4(42 43 1375 1368)
4(43 36 1346 1375)
4(36 35 1343 1346)
4(1144 1145 2585 2582)
4(1145 1152 2608 2585)
4(1152 1151 2607 2608)
4(1151 1144 2582 2607)
4(1145 1146 2588 2585)
4(1146 1153 2609 2588)
4(1153 1152 2608 2609)
4(1152 1159 2619 2608)
4(1159 1158 2618 2619)
4(1158 1151 2607 2618)
4(1149 1150 2604 2597)
4(1150 1157 2615 2604)
4(1157 1156 2612 2615)
4(1156 1149 2597 2612)
4(1157 1163 2625 2615)
4(1163 1162 2622 2625)
4(1162 1156 2612 2622)
4(1163 1167 2633 2625)
4(1167 1166 2630 2633)
4(1174 1175 2647 2646)
4(1175 1182 2664 2647)
4(1182 1181 2661 2664)
4(1181 1174 2646 2661)
4(1175 1176 2648 2647)
4(1176 1183 2667 2648)
4(1183 1182 2664 2667)
4(1177 1184 2670 2649)
4(1184 1183 2667 2670)
4(1179 1180 2654 2651)
4(1180 1187 2683 2654)
4(1187 1186 2676 2683)
4(1186 1179 2651 2676)
4(54 10 1302 1389)
4(10 53 1388 1302)
4(10 9 1301 1302)
4(10 3 1283 1302)
4(3 2 1280 1283)
4(15 21 1321 1311)
4(21 59 1393 1321)
4(21 65 1399 1321)
4(14 20 1320 1310)
4(20 21 1321 1320)
4(8 16 1312 1300)
4(55 11 1303 1390)
4(11 10 1302 1303)
4(11 4 1286 1303)
4(4 3 1283 1286)
4(11 12 1304 1303)
4(5 4 1286 1289)
4(17 11 1303 1313)
4(11 61 1395 1303)
4(21 25 1329 1321)
4(25 69 1403 1329)
4(20 24 1328 1320)
4(24 25 1329 1328)
4(24 30 1338 1328)
4(31 25 1329 1339)
4(25 70 1404 1329)
4(25 26 1330 1329)
4(34 27 1331 1342)
4(27 78 1411 1331)
4(27 71 1405 1331)
4(27 72 1406 1331)
4(27 28 1332 1331)
4(34 35 1343 1342)
4(35 28 1332 1343)
4(28 29 1335 1332)
4(29 23 1325 1335)
4(36 29 1335 1346)
4(40 41 1365 1362)
4(41 34 1342 1365)
4(41 42 1368 1365)
4(1153 1154 2610 2609)
4(1154 1109 2540 2610)
4(1154 1110 2541 2610)
4(1146 1147 2591 2588)
4(1147 1154 2610 2591)
4(1121 1165 2629 2551)
4(1165 1115 2545 2629)
4(1165 1159 2619 2629)
4(1165 1164 2628 2629)
4(1164 1158 2618 2628)
4(1152 1160 2620 2608)
4(1154 1155 2611 2610)
4(1155 1111 2542 2611)
4(1147 1148 2594 2591)
4(1148 1155 2611 2594)
4(1148 1149 2597 2594)
4(1156 1155 2611 2612)
4(1155 1117 2547 2611)
4(1155 1161 2621 2611)
4(1125 1169 2637 2555)
4(1169 1165 2629 2637)
4(1169 1168 2636 2637)
4(1168 1164 2628 2636)
4(1169 1175 2647 2637)
4(1174 1168 2636 2646)
4(1170 1169 2637 2638)
4(1169 1126 2556 2637)
4(1127 1171 2639 2557)
4(1171 1134 2563 2639)
4(1171 1178 2650 2639)
4(1172 1171 2639 2640)
4(1171 1128 2558 2639)
4(1172 1179 2651 2640)
4(1179 1178 2650 2651)
4(1167 1173 2643 2633)
4(1173 1172 2640 2643)
4(1173 1180 2654 2643)
4(1178 1185 2673 2650)
4(1185 1184 2670 2673)
4(1186 1185 2673 2676)
4(0 44 1378 1273)
4(44 51 1387 1378)
4(51 7 1298 1387)
4(7 0 1273 1298)
4(51 58 1392 1387)
4(58 14 1309 1392)
4(14 7 1298 1309)
4(44 88 1426 1378)
4(88 95 1435 1426)
4(95 51 1387 1435)
4(88 132 1474 1426)
4(132 139 1483 1474)
4(139 95 1435 1483)
4(95 102 1440 1435)
4(102 58 1392 1440)
4(102 108 1446 1440)
4(108 64 1398 1446)
4(64 58 1392 1398)
4(139 146 1488 1483)
4(146 102 1440 1488)
4(146 152 1494 1488)
4(152 108 1446 1494)
4(132 176 1522 1474)
4(176 183 1531 1522)
4(183 139 1483 1531)
4(176 220 1570 1522)
4(220 227 1579 1570)
4(227 183 1531 1579)
4(183 190 1536 1531)
4(190 146 1488 1536)
4(190 196 1542 1536)
4(196 152 1494 1542)
4(227 234 1584 1579)
4(234 190 1536 1584)
4(234 240 1590 1584)
4(240 196 1542 1590)
4(220 264 1618 1570)
4(264 271 1627 1618)
4(271 227 1579 1627)
4(264 308 1666 1618)
4(308 315 1675 1666)
4(315 271 1627 1675)
4(271 278 1632 1627)
4(278 234 1584 1632)
4(278 284 1638 1632)
4(284 240 1590 1638)
4(315 322 1680 1675)
4(322 278 1632 1680)
4(322 328 1686 1680)
4(328 284 1638 1686)
4(308 352 1714 1666)
4(352 359 1723 1714)
4(359 315 1675 1723)
4(352 396 1762 1714)
4(396 403 1771 1762)
4(403 359 1723 1771)
4(359 366 1728 1723)
4(366 322 1680 1728)
4(366 372 1734 1728)
4(372 328 1686 1734)
4(403 410 1776 1771)
4(410 366 1728 1776)
4(410 416 1782 1776)
4(416 372 1734 1782)
4(396 440 1810 1762)
4(440 447 1819 1810)
4(447 403 1771 1819)
4(440 484 1858 1810)
4(484 491 1867 1858)
4(491 447 1819 1867)
4(447 454 1824 1819)
4(454 410 1776 1824)
4(454 460 1830 1824)
4(460 416 1782 1830)
4(491 498 1872 1867)
4(498 454 1824 1872)
4(498 504 1878 1872)
4(504 460 1830 1878)
4(484 528 1906 1858)
4(528 535 1915 1906)
4(535 491 1867 1915)
4(528 572 1954 1906)
4(572 579 1963 1954)
4(579 535 1915 1963)
4(535 542 1920 1915)
4(542 498 1872 1920)
4(542 548 1926 1920)
4(548 504 1878 1926)
4(579 586 1968 1963)
4(586 542 1920 1968)
4(586 592 1974 1968)
4(592 548 1926 1974)
4(30 74 1408 1337)
4(74 81 1415 1408)
4(81 37 1352 1415)
4(37 30 1337 1352)
4(152 156 1498 1494)
4(156 112 1450 1498)
4(112 108 1446 1450)
4(156 162 1504 1498)
4(162 118 1456 1504)
4(118 112 1450 1456)
4(74 118 1456 1408)
4(118 125 1463 1456)
4(125 81 1415 1463)
4(162 169 1511 1504)
4(169 125 1463 1511)
4(196 200 1546 1542)
4(200 156 1498 1546)
4(200 206 1552 1546)
4(206 162 1504 1552)
4(240 244 1594 1590)
4(244 200 1546 1594)
4(244 250 1600 1594)
4(250 206 1552 1600)
4(206 213 1559 1552)
4(213 169 1511 1559)
4(250 257 1607 1600)
4(257 213 1559 1607)
4(284 288 1642 1638)
4(288 244 1594 1642)
4(288 294 1648 1642)
4(294 250 1600 1648)
4(328 332 1690 1686)
4(332 288 1642 1690)
4(332 338 1696 1690)
4(338 294 1648 1696)
4(294 301 1655 1648)
4(301 257 1607 1655)
4(338 345 1703 1696)
4(345 301 1655 1703)
4(372 376 1738 1734)
4(376 332 1690 1738)
4(376 382 1744 1738)
4(382 338 1696 1744)
4(416 420 1786 1782)
4(420 376 1738 1786)
4(420 426 1792 1786)
4(426 382 1744 1792)
4(382 389 1751 1744)
4(389 345 1703 1751)
4(426 433 1799 1792)
4(433 389 1751 1799)
4(460 464 1834 1830)
4(464 420 1786 1834)
4(464 470 1840 1834)
4(470 426 1792 1840)
4(504 508 1882 1878)
4(508 464 1834 1882)
4(508 514 1888 1882)
4(514 470 1840 1888)
4(470 477 1847 1840)
4(477 433 1799 1847)
4(514 521 1895 1888)
4(521 477 1847 1895)
4(548 552 1930 1926)
4(552 508 1882 1930)
4(552 558 1936 1930)
4(558 514 1888 1936)
4(592 596 1978 1974)
4(596 552 1930 1978)
4(596 602 1984 1978)
4(602 558 1936 1984)
4(558 565 1943 1936)
4(565 521 1895 1943)
4(602 609 1991 1984)
4(609 565 1943 1991)
4(572 616 2002 1954)
4(616 623 2011 2002)
4(623 579 1963 2011)
4(616 660 2050 2002)
4(660 667 2059 2050)
4(667 623 2011 2059)
4(623 630 2016 2011)
4(630 586 1968 2016)
4(630 636 2022 2016)
4(636 592 1974 2022)
4(667 674 2064 2059)
4(674 630 2016 2064)
4(674 680 2070 2064)
4(680 636 2022 2070)
4(660 704 2098 2050)
4(704 711 2107 2098)
4(711 667 2059 2107)
4(704 748 2146 2098)
4(748 755 2155 2146)
4(755 711 2107 2155)
4(711 718 2112 2107)
4(718 674 2064 2112)
4(718 724 2118 2112)
4(724 680 2070 2118)
4(755 762 2160 2155)
4(762 718 2112 2160)
4(762 768 2166 2160)
4(768 724 2118 2166)
4(748 792 2194 2146)
4(792 799 2203 2194)
4(799 755 2155 2203)
4(792 836 2242 2194)
4(836 843 2251 2242)
4(843 799 2203 2251)
4(799 806 2208 2203)
4(806 762 2160 2208)
4(806 812 2214 2208)
4(812 768 2166 2214)
4(843 850 2256 2251)
4(850 806 2208 2256)
4(850 856 2262 2256)
4(856 812 2214 2262)
4(836 880 2290 2242)
4(880 887 2299 2290)
4(887 843 2251 2299)
4(880 924 2338 2290)
4(924 931 2347 2338)
4(931 887 2299 2347)
4(887 894 2304 2299)
4(894 850 2256 2304)
4(894 900 2310 2304)
4(900 856 2262 2310)
4(931 938 2352 2347)
4(938 894 2304 2352)
4(938 944 2358 2352)
4(944 900 2310 2358)
4(924 968 2386 2338)
4(968 975 2395 2386)
4(975 931 2347 2395)
4(968 1012 2434 2386)
4(1012 1019 2443 2434)
4(1019 975 2395 2443)
4(975 982 2400 2395)
4(982 938 2352 2400)
4(982 988 2406 2400)
4(988 944 2358 2406)
4(1019 1026 2448 2443)
4(1026 982 2400 2448)
4(1026 1032 2454 2448)
4(1032 988 2406 2454)
4(1012 1056 2482 2434)
4(1056 1063 2491 2482)
4(1063 1019 2443 2491)
4(1056 1100 2530 2482)
4(1100 1107 2539 2530)
4(1107 1063 2491 2539)
4(1063 1070 2496 2491)
4(1070 1026 2448 2496)
4(1070 1076 2502 2496)
4(1076 1032 2454 2502)
4(1107 1114 2544 2539)
4(1114 1070 2496 2544)
4(1114 1120 2550 2544)
4(1120 1076 2502 2550)
4(1100 1144 2581 2530)
4(1144 1151 2606 2581)
4(1151 1107 2539 2606)
4(1151 1158 2617 2606)
4(1158 1114 2544 2617)
4(636 640 2026 2022)
4(640 596 1978 2026)
4(640 646 2032 2026)
4(646 602 1984 2032)
4(680 684 2074 2070)
4(684 640 2026 2074)
4(684 690 2080 2074)
4(690 646 2032 2080)
4(646 653 2039 2032)
4(653 609 1991 2039)
4(690 697 2087 2080)
4(697 653 2039 2087)
4(724 728 2122 2118)
4(728 684 2074 2122)
4(728 734 2128 2122)
4(734 690 2080 2128)
4(768 772 2170 2166)
4(772 728 2122 2170)
4(772 778 2176 2170)
4(778 734 2128 2176)
4(734 741 2135 2128)
4(741 697 2087 2135)
4(778 785 2183 2176)
4(785 741 2135 2183)
4(812 816 2218 2214)
4(816 772 2170 2218)
4(816 822 2224 2218)
4(822 778 2176 2224)
4(856 860 2266 2262)
4(860 816 2218 2266)
4(860 866 2272 2266)
4(866 822 2224 2272)
4(822 829 2231 2224)
4(829 785 2183 2231)
4(866 873 2279 2272)
4(873 829 2231 2279)
4(900 904 2314 2310)
4(904 860 2266 2314)
4(904 910 2320 2314)
4(910 866 2272 2320)
4(944 948 2362 2358)
4(948 904 2314 2362)
4(948 954 2368 2362)
4(954 910 2320 2368)
4(910 917 2327 2320)
4(917 873 2279 2327)
4(954 961 2375 2368)
4(961 917 2327 2375)
4(988 992 2410 2406)
4(992 948 2362 2410)
4(992 998 2416 2410)
4(998 954 2368 2416)
4(1032 1036 2458 2454)
4(1036 992 2410 2458)
4(1036 1042 2464 2458)
4(1042 998 2416 2464)
4(998 1005 2423 2416)
4(1005 961 2375 2423)
4(1042 1049 2471 2464)
4(1049 1005 2423 2471)
4(1076 1080 2506 2502)
4(1080 1036 2458 2506)
4(1080 1086 2512 2506)
4(1086 1042 2464 2512)
4(1086 1093 2519 2512)
4(1093 1049 2471 2519)
4(1086 1130 2560 2512)
4(1130 1137 2567 2560)
4(1137 1093 2519 2567)
4(1130 1174 2645 2560)
4(1174 1181 2660 2645)
4(1181 1137 2567 2660)
4(64 20 1319 1398)
4(20 14 1309 1319)
4(64 68 1402 1398)
4(68 24 1327 1402)
4(24 20 1319 1327)
4(68 74 1408 1402)
4(30 24 1327 1337)
4(112 68 1402 1450)
4(1158 1164 2627 2617)
4(1164 1120 2550 2627)
4(1120 1124 2554 2550)
4(1124 1080 2506 2554)
4(1124 1130 2560 2554)
4(1164 1168 2635 2627)
4(1168 1124 2554 2635)
4(1168 1174 2645 2635)
4(6 13 1306 1295)
4(13 57 1391 1306)
4(57 50 1386 1391)
4(50 6 1295 1386)
4(13 19 1316 1306)
4(19 63 1397 1316)
4(63 57 1391 1397)
4(19 23 1324 1316)
4(23 67 1401 1324)
4(67 63 1397 1401)
4(57 101 1439 1391)
4(101 94 1434 1439)
4(94 50 1386 1434)
4(101 145 1487 1439)
4(145 138 1482 1487)
4(138 94 1434 1482)
4(63 107 1445 1397)
4(107 101 1439 1445)
4(67 111 1449 1401)
4(111 107 1445 1449)
4(107 151 1493 1445)
4(151 145 1487 1493)
4(111 155 1497 1449)
4(155 151 1493 1497)
4(145 189 1535 1487)
4(189 182 1530 1535)
4(182 138 1482 1530)
4(189 233 1583 1535)
4(233 226 1578 1583)
4(226 182 1530 1578)
4(151 195 1541 1493)
4(195 189 1535 1541)
4(155 199 1545 1497)
4(199 195 1541 1545)
4(195 239 1589 1541)
4(239 233 1583 1589)
4(199 243 1593 1545)
4(243 239 1589 1593)
4(233 277 1631 1583)
4(277 270 1626 1631)
4(270 226 1578 1626)
4(277 321 1679 1631)
4(321 314 1674 1679)
4(314 270 1626 1674)
4(239 283 1637 1589)
4(283 277 1631 1637)
4(243 287 1641 1593)
4(287 283 1637 1641)
4(283 327 1685 1637)
4(327 321 1679 1685)
4(287 331 1689 1641)
4(331 327 1685 1689)
4(321 365 1727 1679)
4(365 358 1722 1727)
4(358 314 1674 1722)
4(365 409 1775 1727)
4(409 402 1770 1775)
4(402 358 1722 1770)
4(327 371 1733 1685)
4(371 365 1727 1733)
4(331 375 1737 1689)
4(375 371 1733 1737)
4(371 415 1781 1733)
4(415 409 1775 1781)
4(375 419 1785 1737)
4(419 415 1781 1785)
4(409 453 1823 1775)
4(453 446 1818 1823)
4(446 402 1770 1818)
4(453 497 1871 1823)
4(497 490 1866 1871)
4(490 446 1818 1866)
4(415 459 1829 1781)
4(459 453 1823 1829)
4(419 463 1833 1785)
4(463 459 1829 1833)
4(459 503 1877 1829)
4(503 497 1871 1877)
4(463 507 1881 1833)
4(507 503 1877 1881)
4(497 541 1919 1871)
4(541 534 1914 1919)
4(534 490 1866 1914)
4(541 585 1967 1919)
4(585 578 1962 1967)
4(578 534 1914 1962)
4(503 547 1925 1877)
4(547 541 1919 1925)
4(507 551 1929 1881)
4(551 547 1925 1929)
4(547 591 1973 1925)
4(591 585 1967 1973)
4(551 595 1977 1929)
4(595 591 1973 1977)
4(36 43 1374 1345)
4(43 87 1423 1374)
4(87 80 1412 1423)
4(80 36 1345 1412)
4(111 117 1455 1449)
4(117 161 1503 1455)
4(161 155 1497 1503)
4(117 124 1460 1455)
4(124 168 1508 1460)
4(168 161 1503 1508)
4(87 131 1471 1423)
4(131 124 1460 1471)
4(124 80 1412 1460)
4(131 175 1519 1471)
4(175 168 1508 1519)
4(161 205 1551 1503)
4(205 199 1545 1551)
4(168 212 1556 1508)
4(212 205 1551 1556)
4(205 249 1599 1551)
4(249 243 1593 1599)
4(212 256 1604 1556)
4(256 249 1599 1604)
4(175 219 1567 1519)
4(219 212 1556 1567)
4(219 263 1615 1567)
4(263 256 1604 1615)
4(249 293 1647 1599)
4(293 287 1641 1647)
4(256 300 1652 1604)
4(300 293 1647 1652)
4(293 337 1695 1647)
4(337 331 1689 1695)
4(300 344 1700 1652)
4(344 337 1695 1700)
4(263 307 1663 1615)
4(307 300 1652 1663)
4(307 351 1711 1663)
4(351 344 1700 1711)
4(337 381 1743 1695)
4(381 375 1737 1743)
4(344 388 1748 1700)
4(388 381 1743 1748)
4(381 425 1791 1743)
4(425 419 1785 1791)
4(388 432 1796 1748)
4(432 425 1791 1796)
4(351 395 1759 1711)
4(395 388 1748 1759)
4(395 439 1807 1759)
4(439 432 1796 1807)
4(425 469 1839 1791)
4(469 463 1833 1839)
4(432 476 1844 1796)
4(476 469 1839 1844)
4(469 513 1887 1839)
4(513 507 1881 1887)
4(476 520 1892 1844)
4(520 513 1887 1892)
4(439 483 1855 1807)
4(483 476 1844 1855)
4(483 527 1903 1855)
4(527 520 1892 1903)
4(513 557 1935 1887)
4(557 551 1929 1935)
4(520 564 1940 1892)
4(564 557 1935 1940)
4(557 601 1983 1935)
4(601 595 1977 1983)
4(564 608 1988 1940)
4(608 601 1983 1988)
4(527 571 1951 1903)
4(571 564 1940 1951)
4(571 615 1999 1951)
4(615 608 1988 1999)
4(585 629 2015 1967)
4(629 622 2010 2015)
4(622 578 1962 2010)
4(629 673 2063 2015)
4(673 666 2058 2063)
4(666 622 2010 2058)
4(591 635 2021 1973)
4(635 629 2015 2021)
4(595 639 2025 1977)
4(639 635 2021 2025)
4(635 679 2069 2021)
4(679 673 2063 2069)
4(639 683 2073 2025)
4(683 679 2069 2073)
4(673 717 2111 2063)
4(717 710 2106 2111)
4(710 666 2058 2106)
4(717 761 2159 2111)
4(761 754 2154 2159)
4(754 710 2106 2154)
4(679 723 2117 2069)
4(723 717 2111 2117)
4(683 727 2121 2073)
4(727 723 2117 2121)
4(723 767 2165 2117)
4(767 761 2159 2165)
4(727 771 2169 2121)
4(771 767 2165 2169)
4(761 805 2207 2159)
4(805 798 2202 2207)
4(798 754 2154 2202)
4(805 849 2255 2207)
4(849 842 2250 2255)
4(842 798 2202 2250)
4(767 811 2213 2165)
4(811 805 2207 2213)
4(771 815 2217 2169)
4(815 811 2213 2217)
4(811 855 2261 2213)
4(855 849 2255 2261)
4(815 859 2265 2217)
4(859 855 2261 2265)
4(849 893 2303 2255)
4(893 886 2298 2303)
4(886 842 2250 2298)
4(893 937 2351 2303)
4(937 930 2346 2351)
4(930 886 2298 2346)
4(855 899 2309 2261)
4(899 893 2303 2309)
4(859 903 2313 2265)
4(903 899 2309 2313)
4(899 943 2357 2309)
4(943 937 2351 2357)
4(903 947 2361 2313)
4(947 943 2357 2361)
4(937 981 2399 2351)
4(981 974 2394 2399)
4(974 930 2346 2394)
4(981 1025 2447 2399)
4(1025 1018 2442 2447)
4(1018 974 2394 2442)
4(943 987 2405 2357)
4(987 981 2399 2405)
4(947 991 2409 2361)
4(991 987 2405 2409)
4(987 1031 2453 2405)
4(1031 1025 2447 2453)
4(991 1035 2457 2409)
4(1035 1031 2453 2457)
4(1025 1069 2495 2447)
4(1069 1062 2490 2495)
4(1062 1018 2442 2490)
4(1069 1113 2543 2495)
4(1113 1106 2538 2543)
4(1106 1062 2490 2538)
4(1031 1075 2501 2453)
4(1075 1069 2495 2501)
4(1035 1079 2505 2457)
4(1079 1075 2501 2505)
4(1075 1119 2549 2501)
4(1119 1113 2543 2549)
4(1079 1123 2553 2505)
4(1123 1119 2549 2553)
4(1113 1157 2614 2543)
4(1157 1150 2603 2614)
4(1150 1106 2538 2603)
4(1119 1163 2624 2549)
4(1163 1157 2614 2624)
4(1123 1167 2632 2553)
4(1167 1163 2624 2632)
4(601 645 2031 1983)
4(645 639 2025 2031)
4(608 652 2036 1988)
4(652 645 2031 2036)
4(645 689 2079 2031)
4(689 683 2073 2079)
4(652 696 2084 2036)
4(696 689 2079 2084)
4(615 659 2047 1999)
4(659 652 2036 2047)
4(659 703 2095 2047)
4(703 696 2084 2095)
4(689 733 2127 2079)
4(733 727 2121 2127)
4(696 740 2132 2084)
4(740 733 2127 2132)
4(733 777 2175 2127)
4(777 771 2169 2175)
4(740 784 2180 2132)
4(784 777 2175 2180)
4(703 747 2143 2095)
4(747 740 2132 2143)
4(747 791 2191 2143)
4(791 784 2180 2191)
4(777 821 2223 2175)
4(821 815 2217 2223)
4(784 828 2228 2180)
4(828 821 2223 2228)
4(821 865 2271 2223)
4(865 859 2265 2271)
4(828 872 2276 2228)
4(872 865 2271 2276)
4(791 835 2239 2191)
4(835 828 2228 2239)
4(835 879 2287 2239)
4(879 872 2276 2287)
4(865 909 2319 2271)
4(909 903 2313 2319)
4(872 916 2324 2276)
4(916 909 2319 2324)
4(909 953 2367 2319)
4(953 947 2361 2367)
4(916 960 2372 2324)
4(960 953 2367 2372)
4(879 923 2335 2287)
4(923 916 2324 2335)
4(923 967 2383 2335)
4(967 960 2372 2383)
4(953 997 2415 2367)
4(997 991 2409 2415)
4(960 1004 2420 2372)
4(1004 997 2415 2420)
4(997 1041 2463 2415)
4(1041 1035 2457 2463)
4(1004 1048 2468 2420)
4(1048 1041 2463 2468)
4(967 1011 2431 2383)
4(1011 1004 2420 2431)
4(1011 1055 2479 2431)
4(1055 1048 2468 2479)
4(1041 1085 2511 2463)
4(1085 1079 2505 2511)
4(1048 1092 2516 2468)
4(1092 1085 2511 2516)
4(1055 1099 2527 2479)
4(1099 1092 2516 2527)
4(1099 1143 2575 2527)
4(1143 1136 2564 2575)
4(1136 1092 2516 2564)
4(1143 1187 2682 2575)
4(1187 1180 2653 2682)
4(1180 1136 2564 2653)
4(23 29 1334 1324)
4(29 73 1407 1334)
4(73 67 1401 1407)
4(29 36 1345 1334)
4(80 73 1407 1412)
4(73 117 1455 1407)
4(1085 1129 2559 2511)
4(1129 1123 2553 2559)
4(1136 1129 2559 2564)
4(1129 1173 2642 2559)
4(1173 1167 2632 2642)
4(1180 1173 2642 2653)
4(0 1 1276 1272)
4(1 45 1379 1276)
4(45 44 1377 1379)
4(44 0 1272 1377)
4(1 2 1279 1276)
4(2 46 1380 1279)
4(46 45 1379 1380)
4(45 89 1427 1379)
4(89 88 1425 1427)
4(88 44 1377 1425)
4(89 133 1475 1427)
4(133 132 1473 1475)
4(132 88 1425 1473)
4(46 90 1428 1380)
4(90 89 1427 1428)
4(46 47 1381 1380)
4(47 91 1429 1381)
4(91 90 1428 1429)
4(90 134 1476 1428)
4(134 133 1475 1476)
4(91 135 1477 1429)
4(135 134 1476 1477)
4(133 177 1523 1475)
4(177 176 1521 1523)
4(176 132 1473 1521)
4(177 221 1571 1523)
4(221 220 1569 1571)
4(220 176 1521 1569)
4(134 178 1524 1476)
4(178 177 1523 1524)
4(135 179 1525 1477)
4(179 178 1524 1525)
4(178 222 1572 1524)
4(222 221 1571 1572)
4(179 223 1573 1525)
4(223 222 1572 1573)
4(221 265 1619 1571)
4(265 264 1617 1619)
4(264 220 1569 1617)
4(265 309 1667 1619)
4(309 308 1665 1667)
4(308 264 1617 1665)
4(222 266 1620 1572)
4(266 265 1619 1620)
4(223 267 1621 1573)
4(267 266 1620 1621)
4(266 310 1668 1620)
4(310 309 1667 1668)
4(267 311 1669 1621)
4(311 310 1668 1669)
4(309 353 1715 1667)
4(353 352 1713 1715)
4(352 308 1665 1713)
4(353 397 1763 1715)
4(397 396 1761 1763)
4(396 352 1713 1761)
4(310 354 1716 1668)
4(354 353 1715 1716)
4(311 355 1717 1669)
4(355 354 1716 1717)
4(354 398 1764 1716)
4(398 397 1763 1764)
4(355 399 1765 1717)
4(399 398 1764 1765)
4(397 441 1811 1763)
4(441 440 1809 1811)
4(440 396 1761 1809)
4(441 485 1859 1811)
4(485 484 1857 1859)
4(484 440 1809 1857)
4(398 442 1812 1764)
4(442 441 1811 1812)
4(399 443 1813 1765)
4(443 442 1812 1813)
4(442 486 1860 1812)
4(486 485 1859 1860)
4(443 487 1861 1813)
4(487 486 1860 1861)
4(485 529 1907 1859)
4(529 528 1905 1907)
4(528 484 1857 1905)
4(529 573 1955 1907)
4(573 572 1953 1955)
4(572 528 1905 1953)
4(486 530 1908 1860)
4(530 529 1907 1908)
4(487 531 1909 1861)
4(531 530 1908 1909)
4(530 574 1956 1908)
4(574 573 1955 1956)
4(531 575 1957 1909)
4(575 574 1956 1957)
4(5 6 1294 1288)
4(6 50 1385 1294)
4(50 49 1383 1385)
4(49 5 1288 1383)
4(91 92 1430 1429)
4(92 136 1478 1430)
4(136 135 1477 1478)
4(92 93 1431 1430)
4(93 137 1479 1431)
4(137 136 1478 1479)
4(50 94 1433 1385)
4(94 93 1431 1433)
4(93 49 1383 1431)
4(94 138 1481 1433)
4(138 137 1479 1481)
4(136 180 1526 1478)
4(180 179 1525 1526)
4(137 181 1527 1479)
4(181 180 1526 1527)
4(180 224 1574 1526)
4(224 223 1573 1574)
4(181 225 1575 1527)
4(225 224 1574 1575)
4(138 182 1529 1481)
4(182 181 1527 1529)
4(182 226 1577 1529)
4(226 225 1575 1577)
4(224 268 1622 1574)
4(268 267 1621 1622)
4(225 269 1623 1575)
4(269 268 1622 1623)
4(268 312 1670 1622)
4(312 311 1669 1670)
4(269 313 1671 1623)
4(313 312 1670 1671)
4(226 270 1625 1577)
4(270 269 1623 1625)
4(270 314 1673 1625)
4(314 313 1671 1673)
4(312 356 1718 1670)
4(356 355 1717 1718)
4(313 357 1719 1671)
4(357 356 1718 1719)
4(356 400 1766 1718)
4(400 399 1765 1766)
4(357 401 1767 1719)
4(401 400 1766 1767)
4(314 358 1721 1673)
4(358 357 1719 1721)
4(358 402 1769 1721)
4(402 401 1767 1769)
4(400 444 1814 1766)
4(444 443 1813 1814)
4(401 445 1815 1767)
4(445 444 1814 1815)
4(444 488 1862 1814)
4(488 487 1861 1862)
4(445 489 1863 1815)
4(489 488 1862 1863)
4(402 446 1817 1769)
4(446 445 1815 1817)
4(446 490 1865 1817)
4(490 489 1863 1865)
4(488 532 1910 1862)
4(532 531 1909 1910)
4(489 533 1911 1863)
4(533 532 1910 1911)
4(532 576 1958 1910)
4(576 575 1957 1958)
4(533 577 1959 1911)
4(577 576 1958 1959)
4(490 534 1913 1865)
4(534 533 1911 1913)
4(534 578 1961 1913)
4(578 577 1959 1961)
4(37 81 1414 1351)
4(81 82 1416 1414)
4(82 38 1355 1416)
4(38 37 1351 1355)
4(82 83 1417 1416)
4(83 39 1358 1417)
4(39 38 1355 1358)
4(83 84 1418 1417)
4(84 40 1361 1418)
4(40 39 1358 1361)
4(81 125 1462 1414)
4(125 126 1464 1462)
4(126 82 1416 1464)
4(125 169 1510 1462)
4(169 170 1512 1510)
4(170 126 1464 1512)
4(126 127 1465 1464)
4(127 83 1417 1465)
4(127 128 1466 1465)
4(128 84 1418 1466)
4(170 171 1513 1512)
4(171 127 1465 1513)
4(171 172 1514 1513)
4(172 128 1466 1514)
4(169 213 1558 1510)
4(213 214 1560 1558)
4(214 170 1512 1560)
4(213 257 1606 1558)
4(257 258 1608 1606)
4(258 214 1560 1608)
4(214 215 1561 1560)
4(215 171 1513 1561)
4(215 216 1562 1561)
4(216 172 1514 1562)
4(258 259 1609 1608)
4(259 215 1561 1609)
4(259 260 1610 1609)
4(260 216 1562 1610)
4(257 301 1654 1606)
4(301 302 1656 1654)
4(302 258 1608 1656)
4(301 345 1702 1654)
4(345 346 1704 1702)
4(346 302 1656 1704)
4(302 303 1657 1656)
4(303 259 1609 1657)
4(303 304 1658 1657)
4(304 260 1610 1658)
4(346 347 1705 1704)
4(347 303 1657 1705)
4(347 348 1706 1705)
4(348 304 1658 1706)
4(345 389 1750 1702)
4(389 390 1752 1750)
4(390 346 1704 1752)
4(389 433 1798 1750)
4(433 434 1800 1798)
4(434 390 1752 1800)
4(390 391 1753 1752)
4(391 347 1705 1753)
4(391 392 1754 1753)
4(392 348 1706 1754)
4(434 435 1801 1800)
4(435 391 1753 1801)
4(435 436 1802 1801)
4(436 392 1754 1802)
4(433 477 1846 1798)
4(477 478 1848 1846)
4(478 434 1800 1848)
4(477 521 1894 1846)
4(521 522 1896 1894)
4(522 478 1848 1896)
4(478 479 1849 1848)
4(479 435 1801 1849)
4(479 480 1850 1849)
4(480 436 1802 1850)
4(522 523 1897 1896)
4(523 479 1849 1897)
4(523 524 1898 1897)
4(524 480 1850 1898)
4(521 565 1942 1894)
4(565 566 1944 1942)
4(566 522 1896 1944)
4(565 609 1990 1942)
4(609 610 1992 1990)
4(610 566 1944 1992)
4(566 567 1945 1944)
4(567 523 1897 1945)
4(567 568 1946 1945)
4(568 524 1898 1946)
4(610 611 1993 1992)
4(611 567 1945 1993)
4(611 612 1994 1993)
4(612 568 1946 1994)
4(42 86 1420 1367)
4(86 87 1422 1420)
4(87 43 1373 1422)
4(43 42 1367 1373)
4(172 173 1515 1514)
4(173 129 1467 1515)
4(129 128 1466 1467)
4(173 174 1516 1515)
4(174 130 1468 1516)
4(130 129 1467 1468)
4(86 130 1468 1420)
4(130 131 1470 1468)
4(131 87 1422 1470)
4(174 175 1518 1516)
4(175 131 1470 1518)
4(216 217 1563 1562)
4(217 173 1515 1563)
4(217 218 1564 1563)
4(218 174 1516 1564)
4(260 261 1611 1610)
4(261 217 1563 1611)
4(261 262 1612 1611)
4(262 218 1564 1612)
4(218 219 1566 1564)
4(219 175 1518 1566)
4(262 263 1614 1612)
4(263 219 1566 1614)
4(304 305 1659 1658)
4(305 261 1611 1659)
4(305 306 1660 1659)
4(306 262 1612 1660)
4(348 349 1707 1706)
4(349 305 1659 1707)
4(349 350 1708 1707)
4(350 306 1660 1708)
4(306 307 1662 1660)
4(307 263 1614 1662)
4(350 351 1710 1708)
4(351 307 1662 1710)
4(392 393 1755 1754)
4(393 349 1707 1755)
4(393 394 1756 1755)
4(394 350 1708 1756)
4(436 437 1803 1802)
4(437 393 1755 1803)
4(437 438 1804 1803)
4(438 394 1756 1804)
4(394 395 1758 1756)
4(395 351 1710 1758)
4(438 439 1806 1804)
4(439 395 1758 1806)
4(480 481 1851 1850)
4(481 437 1803 1851)
4(481 482 1852 1851)
4(482 438 1804 1852)
4(524 525 1899 1898)
4(525 481 1851 1899)
4(525 526 1900 1899)
4(526 482 1852 1900)
4(482 483 1854 1852)
4(483 439 1806 1854)
4(526 527 1902 1900)
4(527 483 1854 1902)
4(568 569 1947 1946)
4(569 525 1899 1947)
4(569 570 1948 1947)
4(570 526 1900 1948)
4(612 613 1995 1994)
4(613 569 1947 1995)
4(613 614 1996 1995)
4(614 570 1948 1996)
4(570 571 1950 1948)
4(571 527 1902 1950)
4(614 615 1998 1996)
4(615 571 1950 1998)
4(573 617 2003 1955)
4(617 616 2001 2003)
4(616 572 1953 2001)
4(617 661 2051 2003)
4(661 660 2049 2051)
4(660 616 2001 2049)
4(574 618 2004 1956)
4(618 617 2003 2004)
4(575 619 2005 1957)
4(619 618 2004 2005)
4(618 662 2052 2004)
4(662 661 2051 2052)
4(619 663 2053 2005)
4(663 662 2052 2053)
4(661 705 2099 2051)
4(705 704 2097 2099)
4(704 660 2049 2097)
4(705 749 2147 2099)
4(749 748 2145 2147)
4(748 704 2097 2145)
4(662 706 2100 2052)
4(706 705 2099 2100)
4(663 707 2101 2053)
4(707 706 2100 2101)
4(706 750 2148 2100)
4(750 749 2147 2148)
4(707 751 2149 2101)
4(751 750 2148 2149)
4(749 793 2195 2147)
4(793 792 2193 2195)
4(792 748 2145 2193)
4(793 837 2243 2195)
4(837 836 2241 2243)
4(836 792 2193 2241)
4(750 794 2196 2148)
4(794 793 2195 2196)
4(751 795 2197 2149)
4(795 794 2196 2197)
4(794 838 2244 2196)
4(838 837 2243 2244)
4(795 839 2245 2197)
4(839 838 2244 2245)
4(837 881 2291 2243)
4(881 880 2289 2291)
4(880 836 2241 2289)
4(881 925 2339 2291)
4(925 924 2337 2339)
4(924 880 2289 2337)
4(838 882 2292 2244)
4(882 881 2291 2292)
4(839 883 2293 2245)
4(883 882 2292 2293)
4(882 926 2340 2292)
4(926 925 2339 2340)
4(883 927 2341 2293)
4(927 926 2340 2341)
4(925 969 2387 2339)
4(969 968 2385 2387)
4(968 924 2337 2385)
4(969 1013 2435 2387)
4(1013 1012 2433 2435)
4(1012 968 2385 2433)
4(926 970 2388 2340)
4(970 969 2387 2388)
4(927 971 2389 2341)
4(971 970 2388 2389)
4(970 1014 2436 2388)
4(1014 1013 2435 2436)
4(971 1015 2437 2389)
4(1015 1014 2436 2437)
4(1013 1057 2483 2435)
4(1057 1056 2481 2483)
4(1056 1012 2433 2481)
4(1057 1101 2531 2483)
4(1101 1100 2529 2531)
4(1100 1056 2481 2529)
4(1014 1058 2484 2436)
4(1058 1057 2483 2484)
4(1015 1059 2485 2437)
4(1059 1058 2484 2485)
4(1058 1102 2532 2484)
4(1102 1101 2531 2532)
4(1059 1103 2533 2485)
4(1103 1102 2532 2533)
4(1101 1145 2584 2531)
4(1145 1144 2580 2584)
4(1144 1100 2529 2580)
4(1102 1146 2587 2532)
4(1146 1145 2584 2587)
4(576 620 2006 1958)
4(620 619 2005 2006)
4(577 621 2007 1959)
4(621 620 2006 2007)
4(620 664 2054 2006)
4(664 663 2053 2054)
4(621 665 2055 2007)
4(665 664 2054 2055)
4(578 622 2009 1961)
4(622 621 2007 2009)
4(622 666 2057 2009)
4(666 665 2055 2057)
4(664 708 2102 2054)
4(708 707 2101 2102)
4(665 709 2103 2055)
4(709 708 2102 2103)
4(708 752 2150 2102)
4(752 751 2149 2150)
4(709 753 2151 2103)
4(753 752 2150 2151)
4(666 710 2105 2057)
4(710 709 2103 2105)
4(710 754 2153 2105)
4(754 753 2151 2153)
4(752 796 2198 2150)
4(796 795 2197 2198)
4(753 797 2199 2151)
4(797 796 2198 2199)
4(796 840 2246 2198)
4(840 839 2245 2246)
4(797 841 2247 2199)
4(841 840 2246 2247)
4(754 798 2201 2153)
4(798 797 2199 2201)
4(798 842 2249 2201)
4(842 841 2247 2249)
4(840 884 2294 2246)
4(884 883 2293 2294)
4(841 885 2295 2247)
4(885 884 2294 2295)
4(884 928 2342 2294)
4(928 927 2341 2342)
4(885 929 2343 2295)
4(929 928 2342 2343)
4(842 886 2297 2249)
4(886 885 2295 2297)
4(886 930 2345 2297)
4(930 929 2343 2345)
4(928 972 2390 2342)
4(972 971 2389 2390)
4(929 973 2391 2343)
4(973 972 2390 2391)
4(972 1016 2438 2390)
4(1016 1015 2437 2438)
4(973 1017 2439 2391)
4(1017 1016 2438 2439)
4(930 974 2393 2345)
4(974 973 2391 2393)
4(974 1018 2441 2393)
4(1018 1017 2439 2441)
4(1016 1060 2486 2438)
4(1060 1059 2485 2486)
4(1017 1061 2487 2439)
4(1061 1060 2486 2487)
4(1018 1062 2489 2441)
4(1062 1061 2487 2489)
4(1062 1106 2537 2489)
4(1106 1105 2535 2537)
4(1105 1061 2487 2535)
4(1106 1150 2602 2537)
4(1150 1149 2596 2602)
4(1149 1105 2535 2596)
4(609 653 2038 1990)
4(653 654 2040 2038)
4(654 610 1992 2040)
4(653 697 2086 2038)
4(697 698 2088 2086)
4(698 654 2040 2088)
4(654 655 2041 2040)
4(655 611 1993 2041)
4(655 656 2042 2041)
4(656 612 1994 2042)
4(698 699 2089 2088)
4(699 655 2041 2089)
4(699 700 2090 2089)
4(700 656 2042 2090)
4(697 741 2134 2086)
4(741 742 2136 2134)
4(742 698 2088 2136)
4(741 785 2182 2134)
4(785 786 2184 2182)
4(786 742 2136 2184)
4(742 743 2137 2136)
4(743 699 2089 2137)
4(743 744 2138 2137)
4(744 700 2090 2138)
4(786 787 2185 2184)
4(787 743 2137 2185)
4(787 788 2186 2185)
4(788 744 2138 2186)
4(785 829 2230 2182)
4(829 830 2232 2230)
4(830 786 2184 2232)
4(829 873 2278 2230)
4(873 874 2280 2278)
4(874 830 2232 2280)
4(830 831 2233 2232)
4(831 787 2185 2233)
4(831 832 2234 2233)
4(832 788 2186 2234)
4(874 875 2281 2280)
4(875 831 2233 2281)
4(875 876 2282 2281)
4(876 832 2234 2282)
4(873 917 2326 2278)
4(917 918 2328 2326)
4(918 874 2280 2328)
4(917 961 2374 2326)
4(961 962 2376 2374)
4(962 918 2328 2376)
4(918 919 2329 2328)
4(919 875 2281 2329)
4(919 920 2330 2329)
4(920 876 2282 2330)
4(962 963 2377 2376)
4(963 919 2329 2377)
4(963 964 2378 2377)
4(964 920 2330 2378)
4(961 1005 2422 2374)
4(1005 1006 2424 2422)
4(1006 962 2376 2424)
4(1005 1049 2470 2422)
4(1049 1050 2472 2470)
4(1050 1006 2424 2472)
4(1006 1007 2425 2424)
4(1007 963 2377 2425)
4(1007 1008 2426 2425)
4(1008 964 2378 2426)
4(1050 1051 2473 2472)
4(1051 1007 2425 2473)
4(1051 1052 2474 2473)
4(1052 1008 2426 2474)
4(1049 1093 2518 2470)
4(1093 1094 2520 2518)
4(1094 1050 2472 2520)
4(1093 1137 2566 2518)
4(1137 1138 2568 2566)
4(1138 1094 2520 2568)
4(1094 1095 2521 2520)
4(1095 1051 2473 2521)
4(1095 1096 2522 2521)
4(1096 1052 2474 2522)
4(1138 1139 2569 2568)
4(1139 1095 2521 2569)
4(1139 1140 2570 2569)
4(1140 1096 2522 2570)
4(1137 1181 2659 2566)
4(1181 1182 2663 2659)
4(1182 1138 2568 2663)
4(1182 1183 2666 2663)
4(1183 1139 2569 2666)
4(1183 1184 2669 2666)
4(1184 1140 2570 2669)
4(656 657 2043 2042)
4(657 613 1995 2043)
4(657 658 2044 2043)
4(658 614 1996 2044)
4(700 701 2091 2090)
4(701 657 2043 2091)
4(701 702 2092 2091)
4(702 658 2044 2092)
4(658 659 2046 2044)
4(659 615 1998 2046)
4(702 703 2094 2092)
4(703 659 2046 2094)
4(744 745 2139 2138)
4(745 701 2091 2139)
4(745 746 2140 2139)
4(746 702 2092 2140)
4(788 789 2187 2186)
4(789 745 2139 2187)
4(789 790 2188 2187)
4(790 746 2140 2188)
4(746 747 2142 2140)
4(747 703 2094 2142)
4(790 791 2190 2188)
4(791 747 2142 2190)
4(832 833 2235 2234)
4(833 789 2187 2235)
4(833 834 2236 2235)
4(834 790 2188 2236)
4(876 877 2283 2282)
4(877 833 2235 2283)
4(877 878 2284 2283)
4(878 834 2236 2284)
4(834 835 2238 2236)
4(835 791 2190 2238)
4(878 879 2286 2284)
4(879 835 2238 2286)
4(920 921 2331 2330)
4(921 877 2283 2331)
4(921 922 2332 2331)
4(922 878 2284 2332)
4(964 965 2379 2378)
4(965 921 2331 2379)
4(965 966 2380 2379)
4(966 922 2332 2380)
4(922 923 2334 2332)
4(923 879 2286 2334)
4(966 967 2382 2380)
4(967 923 2334 2382)
4(1008 1009 2427 2426)
4(1009 965 2379 2427)
4(1009 1010 2428 2427)
4(1010 966 2380 2428)
4(1052 1053 2475 2474)
4(1053 1009 2427 2475)
4(1053 1054 2476 2475)
4(1054 1010 2428 2476)
4(1010 1011 2430 2428)
4(1011 967 2382 2430)
4(1054 1055 2478 2476)
4(1055 1011 2430 2478)
4(1096 1097 2523 2522)
4(1097 1053 2475 2523)
4(1097 1098 2524 2523)
4(1098 1054 2476 2524)
4(1098 1099 2526 2524)
4(1099 1055 2478 2526)
4(1098 1142 2572 2524)
4(1142 1143 2574 2572)
4(1143 1099 2526 2574)
4(1142 1186 2675 2572)
4(1186 1187 2681 2675)
4(1187 1143 2574 2681)
4(2 3 1282 1279)
4(3 47 1381 1282)
4(3 4 1285 1282)
4(4 48 1382 1285)
4(48 47 1381 1382)
4(4 5 1288 1285)
4(49 48 1382 1383)
4(48 92 1430 1382)
4(84 85 1419 1418)
4(85 41 1364 1419)
4(41 40 1361 1364)
4(85 86 1420 1419)
4(42 41 1364 1367)
4(129 85 1419 1467)
4(1103 1147 2590 2533)
4(1147 1146 2587 2590)
4(1060 1104 2534 2486)
4(1104 1103 2533 2534)
4(1105 1104 2534 2535)
4(1104 1148 2593 2534)
4(1148 1147 2590 2593)
4(1149 1148 2593 2596)
4(1140 1141 2571 2570)
4(1141 1097 2523 2571)
4(1141 1142 2572 2571)
4(1184 1185 2672 2669)
4(1185 1141 2571 2672)
4(1185 1186 2675 2672)
4(7 1299 1297 1298)
4(0 1273 1271 1274)
4(1276 1275 1277 1)
4(1274 1270 1272 0)
4(1279 1278 1280 2)
4(14 1310 1308 1309)
4(1306 1305 1307 13)
4(1296 1293 1295 6)
4(1294 1292 1296 6)
4(1289 1287 1288 5)
4(1316 1315 1317 19)
4(1324 1323 1325 23)
4(37 1353 1350 1352)
4(30 1337 1336 1338)
4(38 1356 1354 1355)
4(37 1351 1349 1353)
4(39 1359 1357 1358)
4(40 1362 1360 1361)
4(43 1375 1371 1373)
4(42 1367 1366 1368)
4(1374 1372 1375 43)
4(1346 1344 1345 36)
4(1145 2585 2583 2584)
4(1144 2580 2578 2582)
4(2606 2605 2607 1151)
4(2582 2579 2581 1144)
4(1146 2588 2586 2587)
4(2617 2616 2618 1158)
4(1150 2604 2600 2602)
4(1149 2596 2595 2597)
4(1157 2615 2613 2614)
4(1150 2603 2601 2604)
4(1163 2625 2623 2624)
4(1167 2633 2631 2632)
4(2663 2662 2664 1182)
4(2661 2657 2659 1181)
4(2660 2658 2661 1181)
4(2646 2644 2645 1174)
4(2666 2665 2667 1183)
4(2669 2668 2670 1184)
4(1187 2683 2680 2682)
4(1180 2653 2652 2654)
4(2681 2679 2683 1187)
4(2676 2674 2675 1186)
4(1282 1281 1283 3)
4(20 1320 1318 1319)
4(1285 1284 1286 4)
4(24 1328 1326 1327)
4(1334 1333 1335 29)
4(41 1365 1363 1364)
4(1147 2591 2589 2590)
4(2627 2626 2628 1164)
4(1148 2594 2592 2593)
4(2635 2634 2636 1168)
4(1173 2643 2641 2642)
4(2672 2671 2673 1185)
4(44 1378 1376 1377)
4(0 1272 1269 1273)
4(88 1426 1424 1425)
4(132 1474 1472 1473)
4(176 1522 1520 1521)
4(220 1570 1568 1569)
4(264 1618 1616 1617)
4(308 1666 1664 1665)
4(352 1714 1712 1713)
4(396 1762 1760 1761)
4(440 1810 1808 1809)
4(484 1858 1856 1857)
4(528 1906 1904 1905)
4(572 1954 1952 1953)
4(1414 1413 1415 81)
4(1352 1348 1351 37)
4(1462 1461 1463 125)
4(1510 1509 1511 169)
4(1558 1557 1559 213)
4(1606 1605 1607 257)
4(1654 1653 1655 301)
4(1702 1701 1703 345)
4(1750 1749 1751 389)
4(1798 1797 1799 433)
4(1846 1845 1847 477)
4(1894 1893 1895 521)
4(1942 1941 1943 565)
4(1990 1989 1991 609)
4(616 2002 2000 2001)
4(660 2050 2048 2049)
4(704 2098 2096 2097)
4(748 2146 2144 2145)
4(792 2194 2192 2193)
4(836 2242 2240 2241)
4(880 2290 2288 2289)
4(924 2338 2336 2337)
4(968 2386 2384 2385)
4(1012 2434 2432 2433)
4(1056 2482 2480 2481)
4(1100 2530 2528 2529)
4(1144 2581 2577 2580)
4(2038 2037 2039 653)
4(2086 2085 2087 697)
4(2134 2133 2135 741)
4(2182 2181 2183 785)
4(2230 2229 2231 829)
4(2278 2277 2279 873)
4(2326 2325 2327 917)
4(2374 2373 2375 961)
4(2422 2421 2423 1005)
4(2470 2469 2471 1049)
4(2518 2517 2519 1093)
4(2566 2565 2567 1137)
4(2659 2656 2660 1181)
4(1385 1384 1386 50)
4(1295 1291 1294 6)
4(1433 1432 1434 94)
4(1481 1480 1482 138)
4(1529 1528 1530 182)
4(1577 1576 1578 226)
4(1625 1624 1626 270)
4(1673 1672 1674 314)
4(1721 1720 1722 358)
4(1769 1768 1770 402)
4(1817 1816 1818 446)
4(1865 1864 1866 490)
4(1913 1912 1914 534)
4(1961 1960 1962 578)
4(87 1423 1421 1422)
4(43 1373 1370 1374)
4(131 1471 1469 1470)
4(175 1519 1517 1518)
4(219 1567 1565 1566)
4(263 1615 1613 1614)
4(307 1663 1661 1662)
4(351 1711 1709 1710)
4(395 1759 1757 1758)
4(439 1807 1805 1806)
4(483 1855 1853 1854)
4(527 1903 1901 1902)
4(571 1951 1949 1950)
4(615 1999 1997 1998)
4(2009 2008 2010 622)
4(2057 2056 2058 666)
4(2105 2104 2106 710)
4(2153 2152 2154 754)
4(2201 2200 2202 798)
4(2249 2248 2250 842)
4(2297 2296 2298 886)
4(2345 2344 2346 930)
4(2393 2392 2394 974)
4(2441 2440 2442 1018)
4(2489 2488 2490 1062)
4(2537 2536 2538 1106)
4(2602 2599 2603 1150)
4(659 2047 2045 2046)
4(703 2095 2093 2094)
4(747 2143 2141 2142)
4(791 2191 2189 2190)
4(835 2239 2237 2238)
4(879 2287 2285 2286)
4(923 2335 2333 2334)
4(967 2383 2381 2382)
4(1011 2431 2429 2430)
4(1055 2479 2477 2478)
4(1099 2527 2525 2526)
4(1143 2575 2573 2574)
4(1187 2682 2678 2681)
4(1388 1436 1437 1389)
4(1436 1484 1485 1437)
4(1393 1399 1447 1441)
4(1441 1447 1495 1489)
4(1388 1394 1442 1436)
4(1393 1441 1442 1394)
4(1436 1442 1490 1484)
4(1441 1489 1490 1442)
4(1484 1532 1533 1485)
4(1532 1580 1581 1533)
4(1489 1495 1543 1537)
4(1537 1543 1591 1585)
4(1484 1490 1538 1532)
4(1489 1537 1538 1490)
4(1532 1538 1586 1580)
4(1537 1585 1586 1538)
4(1580 1628 1629 1581)
4(1628 1676 1677 1629)
4(1585 1591 1639 1633)
4(1633 1639 1687 1681)
4(1580 1586 1634 1628)
4(1585 1633 1634 1586)
4(1628 1634 1682 1676)
4(1633 1681 1682 1634)
4(1676 1724 1725 1677)
4(1724 1772 1773 1725)
4(1681 1687 1735 1729)
4(1729 1735 1783 1777)
4(1676 1682 1730 1724)
4(1681 1729 1730 1682)
4(1724 1730 1778 1772)
4(1729 1777 1778 1730)
4(1772 1820 1821 1773)
4(1820 1868 1869 1821)
4(1777 1783 1831 1825)
4(1825 1831 1879 1873)
4(1772 1778 1826 1820)
4(1777 1825 1826 1778)
4(1820 1826 1874 1868)
4(1825 1873 1874 1826)
4(1868 1916 1917 1869)
4(1916 1964 1965 1917)
4(1873 1879 1927 1921)
4(1921 1927 1975 1969)
4(1868 1874 1922 1916)
4(1873 1921 1922 1874)
4(1916 1922 1970 1964)
4(1921 1969 1970 1922)
4(1314 1396 1400 1322)
4(1437 1485 1486 1438)
4(1438 1486 1491 1443)
4(1443 1491 1492 1444)
4(1396 1444 1448 1400)
4(1444 1492 1496 1448)
4(1485 1533 1534 1486)
4(1533 1581 1582 1534)
4(1486 1534 1539 1491)
4(1491 1539 1540 1492)
4(1534 1582 1587 1539)
4(1539 1587 1588 1540)
4(1492 1540 1544 1496)
4(1540 1588 1592 1544)
4(1581 1629 1630 1582)
4(1629 1677 1678 1630)
4(1582 1630 1635 1587)
4(1587 1635 1636 1588)
4(1630 1678 1683 1635)
4(1635 1683 1684 1636)
4(1588 1636 1640 1592)
4(1636 1684 1688 1640)
4(1677 1725 1726 1678)
4(1725 1773 1774 1726)
4(1678 1726 1731 1683)
4(1683 1731 1732 1684)
4(1726 1774 1779 1731)
4(1731 1779 1780 1732)
4(1684 1732 1736 1688)
4(1732 1780 1784 1736)
4(1773 1821 1822 1774)
4(1821 1869 1870 1822)
4(1774 1822 1827 1779)
4(1779 1827 1828 1780)
4(1822 1870 1875 1827)
4(1827 1875 1876 1828)
4(1780 1828 1832 1784)
4(1828 1876 1880 1832)
4(1869 1917 1918 1870)
4(1917 1965 1966 1918)
4(1870 1918 1923 1875)
4(1875 1923 1924 1876)
4(1918 1966 1971 1923)
4(1923 1971 1972 1924)
4(1876 1924 1928 1880)
4(1924 1972 1976 1928)
4(1340 1341 1410 1409)
4(1447 1451 1499 1495)
4(1452 1457 1505 1500)
4(1451 1452 1500 1499)
4(1409 1410 1458 1457)
4(1457 1458 1506 1505)
4(1495 1499 1547 1543)
4(1543 1547 1595 1591)
4(1500 1505 1553 1548)
4(1499 1500 1548 1547)
4(1548 1553 1601 1596)
4(1547 1548 1596 1595)
4(1505 1506 1554 1553)
4(1553 1554 1602 1601)
4(1591 1595 1643 1639)
4(1639 1643 1691 1687)
4(1596 1601 1649 1644)
4(1595 1596 1644 1643)
4(1644 1649 1697 1692)
4(1643 1644 1692 1691)
4(1601 1602 1650 1649)
4(1649 1650 1698 1697)
4(1687 1691 1739 1735)
4(1735 1739 1787 1783)
4(1692 1697 1745 1740)
4(1691 1692 1740 1739)
4(1740 1745 1793 1788)
4(1739 1740 1788 1787)
4(1697 1698 1746 1745)
4(1745 1746 1794 1793)
4(1783 1787 1835 1831)
4(1831 1835 1883 1879)
4(1788 1793 1841 1836)
4(1787 1788 1836 1835)
4(1836 1841 1889 1884)
4(1835 1836 1884 1883)
4(1793 1794 1842 1841)
4(1841 1842 1890 1889)
4(1879 1883 1931 1927)
4(1927 1931 1979 1975)
4(1884 1889 1937 1932)
4(1883 1884 1932 1931)
4(1932 1937 1985 1980)
4(1931 1932 1980 1979)
4(1889 1890 1938 1937)
4(1937 1938 1986 1985)
4(1405 1453 1459 1411)
4(1405 1406 1454 1453)
4(1453 1501 1507 1459)
4(1453 1454 1502 1501)
4(1448 1496 1502 1454)
4(1458 1459 1507 1506)
4(1501 1549 1555 1507)
4(1501 1502 1550 1549)
4(1549 1597 1603 1555)
4(1549 1550 1598 1597)
4(1496 1544 1550 1502)
4(1544 1592 1598 1550)
4(1506 1507 1555 1554)
4(1554 1555 1603 1602)
4(1597 1645 1651 1603)
4(1597 1598 1646 1645)
4(1645 1693 1699 1651)
4(1645 1646 1694 1693)
4(1592 1640 1646 1598)
4(1640 1688 1694 1646)
4(1602 1603 1651 1650)
4(1650 1651 1699 1698)
4(1693 1741 1747 1699)
4(1693 1694 1742 1741)
4(1741 1789 1795 1747)
4(1741 1742 1790 1789)
4(1688 1736 1742 1694)
4(1736 1784 1790 1742)
4(1698 1699 1747 1746)
4(1746 1747 1795 1794)
4(1789 1837 1843 1795)
4(1789 1790 1838 1837)
4(1837 1885 1891 1843)
4(1837 1838 1886 1885)
4(1784 1832 1838 1790)
4(1832 1880 1886 1838)
4(1794 1795 1843 1842)
4(1842 1843 1891 1890)
4(1885 1933 1939 1891)
4(1885 1886 1934 1933)
4(1933 1981 1987 1939)
4(1933 1934 1982 1981)
4(1880 1928 1934 1886)
4(1928 1976 1982 1934)
4(1890 1891 1939 1938)
4(1938 1939 1987 1986)
4(1964 2012 2013 1965)
4(2012 2060 2061 2013)
4(1969 1975 2023 2017)
4(2017 2023 2071 2065)
4(1964 1970 2018 2012)
4(1969 2017 2018 1970)
4(2012 2018 2066 2060)
4(2017 2065 2066 2018)
4(2060 2108 2109 2061)
4(2108 2156 2157 2109)
4(2065 2071 2119 2113)
4(2113 2119 2167 2161)
4(2060 2066 2114 2108)
4(2065 2113 2114 2066)
4(2108 2114 2162 2156)
4(2113 2161 2162 2114)
4(2156 2204 2205 2157)
4(2204 2252 2253 2205)
4(2161 2167 2215 2209)
4(2209 2215 2263 2257)
4(2156 2162 2210 2204)
4(2161 2209 2210 2162)
4(2204 2210 2258 2252)
4(2209 2257 2258 2210)
4(2252 2300 2301 2253)
4(2300 2348 2349 2301)
4(2257 2263 2311 2305)
4(2305 2311 2359 2353)
4(2252 2258 2306 2300)
4(2257 2305 2306 2258)
4(2300 2306 2354 2348)
4(2305 2353 2354 2306)
4(2348 2396 2397 2349)
4(2396 2444 2445 2397)
4(2353 2359 2407 2401)
4(2401 2407 2455 2449)
4(2348 2354 2402 2396)
4(2353 2401 2402 2354)
4(2396 2402 2450 2444)
4(2401 2449 2450 2402)
4(2444 2492 2493 2445)
4(2492 2540 2541 2493)
4(2449 2455 2503 2497)
4(2497 2503 2551 2545)
4(2444 2450 2498 2492)
4(2449 2497 2498 2450)
4(2492 2498 2546 2540)
4(2497 2545 2546 2498)
4(1965 2013 2014 1966)
4(2013 2061 2062 2014)
4(1966 2014 2019 1971)
4(1971 2019 2020 1972)
4(2014 2062 2067 2019)
4(2019 2067 2068 2020)
4(1972 2020 2024 1976)
4(2020 2068 2072 2024)
4(2061 2109 2110 2062)
4(2109 2157 2158 2110)
4(2062 2110 2115 2067)
4(2067 2115 2116 2068)
4(2110 2158 2163 2115)
4(2115 2163 2164 2116)
4(2068 2116 2120 2072)
4(2116 2164 2168 2120)
4(2157 2205 2206 2158)
4(2205 2253 2254 2206)
4(2158 2206 2211 2163)
4(2163 2211 2212 2164)
4(2206 2254 2259 2211)
4(2211 2259 2260 2212)
4(2164 2212 2216 2168)
4(2212 2260 2264 2216)
4(2253 2301 2302 2254)
4(2301 2349 2350 2302)
4(2254 2302 2307 2259)
4(2259 2307 2308 2260)
4(2302 2350 2355 2307)
4(2307 2355 2356 2308)
4(2260 2308 2312 2264)
4(2308 2356 2360 2312)
4(2349 2397 2398 2350)
4(2397 2445 2446 2398)
4(2350 2398 2403 2355)
4(2355 2403 2404 2356)
4(2398 2446 2451 2403)
4(2403 2451 2452 2404)
4(2356 2404 2408 2360)
4(2404 2452 2456 2408)
4(2445 2493 2494 2446)
4(2446 2494 2499 2451)
4(2451 2499 2500 2452)
4(2452 2500 2504 2456)
4(2500 2548 2552 2504)
4(2548 2622 2630 2552)
4(1975 1979 2027 2023)
4(2023 2027 2075 2071)
4(1980 1985 2033 2028)
4(1979 1980 2028 2027)
4(2028 2033 2081 2076)
4(2027 2028 2076 2075)
4(1985 1986 2034 2033)
4(2033 2034 2082 2081)
4(2071 2075 2123 2119)
4(2119 2123 2171 2167)
4(2076 2081 2129 2124)
4(2075 2076 2124 2123)
4(2124 2129 2177 2172)
4(2123 2124 2172 2171)
4(2081 2082 2130 2129)
4(2129 2130 2178 2177)
4(2167 2171 2219 2215)
4(2215 2219 2267 2263)
4(2172 2177 2225 2220)
4(2171 2172 2220 2219)
4(2220 2225 2273 2268)
4(2219 2220 2268 2267)
4(2177 2178 2226 2225)
4(2225 2226 2274 2273)
4(2263 2267 2315 2311)
4(2311 2315 2363 2359)
4(2268 2273 2321 2316)
4(2267 2268 2316 2315)
4(2316 2321 2369 2364)
4(2315 2316 2364 2363)
4(2273 2274 2322 2321)
4(2321 2322 2370 2369)
4(2359 2363 2411 2407)
4(2407 2411 2459 2455)
4(2364 2369 2417 2412)
4(2363 2364 2412 2411)
4(2412 2417 2465 2460)
4(2411 2412 2460 2459)
4(2369 2370 2418 2417)
4(2417 2418 2466 2465)
4(2455 2459 2507 2503)
4(2460 2465 2513 2508)
4(2459 2460 2508 2507)
4(2465 2466 2514 2513)
4(2513 2514 2562 2561)
4(2561 2562 2649 2648)
4(1981 2029 2035 1987)
4(1981 1982 2030 2029)
4(2029 2077 2083 2035)
4(2029 2030 2078 2077)
4(1976 2024 2030 1982)
4(2024 2072 2078 2030)
4(1986 1987 2035 2034)
4(2034 2035 2083 2082)
4(2077 2125 2131 2083)
4(2077 2078 2126 2125)
4(2125 2173 2179 2131)
4(2125 2126 2174 2173)
4(2072 2120 2126 2078)
4(2120 2168 2174 2126)
4(2082 2083 2131 2130)
4(2130 2131 2179 2178)
4(2173 2221 2227 2179)
4(2173 2174 2222 2221)
4(2221 2269 2275 2227)
4(2221 2222 2270 2269)
4(2168 2216 2222 2174)
4(2216 2264 2270 2222)
4(2178 2179 2227 2226)
4(2226 2227 2275 2274)
4(2269 2317 2323 2275)
4(2269 2270 2318 2317)
4(2317 2365 2371 2323)
4(2317 2318 2366 2365)
4(2264 2312 2318 2270)
4(2312 2360 2366 2318)
4(2274 2275 2323 2322)
4(2322 2323 2371 2370)
4(2365 2413 2419 2371)
4(2365 2366 2414 2413)
4(2413 2461 2467 2419)
4(2413 2414 2462 2461)
4(2360 2408 2414 2366)
4(2408 2456 2462 2414)
4(2370 2371 2419 2418)
4(2418 2419 2467 2466)
4(2461 2509 2515 2467)
4(2461 2462 2510 2509)
4(2509 2557 2563 2515)
4(2509 2510 2558 2557)
4(2456 2504 2510 2462)
4(2466 2467 2515 2514)
3(1301 1312 1394)
3(1301 1394 1388)
3(1311 1393 1394)
3(1311 1394 1312)
3(1313 1395 1396)
3(1313 1396 1314)
4(1389 1437 1438 1390)
4(1390 1438 1443 1395)
4(1395 1443 1444 1396)
3(1330 1340 1409)
3(1330 1409 1404)
4(1399 1403 1451 1447)
4(1404 1409 1457 1452)
4(1403 1404 1452 1451)
3(1332 1322 1400)
3(1332 1400 1406)
3(1342 1411 1410)
3(1342 1410 1341)
4(1400 1448 1454 1406)
4(1410 1411 1459 1458)
3(2609 2540 2546)
3(2609 2546 2620)
3(2619 2620 2546)
3(2619 2546 2545)
4(2493 2541 2542 2494)
4(2494 2542 2547 2499)
4(2499 2547 2548 2500)
3(2621 2622 2548)
3(2621 2548 2547)
4(2503 2507 2555 2551)
4(2508 2513 2561 2556)
4(2507 2508 2556 2555)
3(2638 2556 2561)
3(2638 2561 2648)
4(2504 2552 2558 2510)
4(2514 2515 2563 2562)
3(2640 2558 2552)
3(2640 2552 2630)
3(2650 2649 2562)
3(2650 2562 2563)
4(1274 1299 1300 1277)
4(1277 1300 1301 1280)
4(1299 1310 1311 1300)
4(1289 1304 1307 1296)
4(1304 1314 1317 1307)
4(1314 1322 1325 1317)
4(1338 1353 1356 1339)
4(1339 1356 1359 1340)
4(1340 1359 1362 1341)
4(1343 1368 1375 1346)
4(2582 2585 2608 2607)
4(2585 2588 2609 2608)
4(2607 2608 2619 2618)
4(2597 2604 2615 2612)
4(2612 2615 2625 2622)
4(2622 2625 2633 2630)
4(2646 2647 2664 2661)
4(2647 2648 2667 2664)
4(2648 2649 2670 2667)
4(2651 2654 2683 2676)
3(1388 1389 1302)
3(1388 1302 1301)
4(1280 1301 1302 1283)
3(1393 1311 1321)
3(1393 1321 1399)
4(1310 1320 1321 1311)
3(1312 1301 1300)
3(1312 1300 1311)
4(1302 1389 1390 1303)
4(1283 1302 1303 1286)
4(1286 1303 1304 1289)
3(1395 1313 1303)
3(1395 1303 1390)
4(1303 1313 1314 1304)
4(1321 1329 1403 1399)
4(1320 1328 1329 1321)
4(1328 1338 1339 1329)
3(1404 1403 1329)
3(1404 1329 1330)
4(1329 1339 1340 1330)
3(1411 1342 1331)
3(1411 1331 1405)
3(1406 1405 1331)
3(1406 1331 1332)
4(1331 1342 1343 1332)
4(1322 1332 1335 1325)
4(1332 1343 1346 1335)
4(1341 1362 1365 1342)
4(1342 1365 1368 1343)
3(2540 2609 2610)
3(2540 2610 2541)
4(2588 2591 2610 2609)
3(2545 2551 2629)
3(2545 2629 2619)
4(2618 2619 2629 2628)
3(2620 2619 2608)
3(2620 2608 2609)
4(2541 2610 2611 2542)
4(2591 2594 2611 2610)
4(2594 2597 2612 2611)
3(2547 2542 2611)
3(2547 2611 2621)
4(2611 2612 2622 2621)
4(2551 2555 2637 2629)
4(2628 2629 2637 2636)
4(2636 2637 2647 2646)
3(2556 2638 2637)
3(2556 2637 2555)
4(2637 2638 2648 2647)
3(2563 2557 2639)
3(2563 2639 2650)
3(2558 2640 2639)
3(2558 2639 2557)
4(2639 2640 2651 2650)
4(2630 2633 2643 2640)
4(2640 2643 2654 2651)
4(2649 2650 2673 2670)
4(2650 2651 2676 2673)
4(1274 1271 1297 1299)
4(1277 1275 1270 1274)
4(1280 1278 1275 1277)
4(1299 1297 1308 1310)
4(1307 1305 1293 1296)
4(1296 1292 1287 1289)
4(1317 1315 1305 1307)
4(1325 1323 1315 1317)
4(1338 1336 1350 1353)
4(1353 1349 1354 1356)
4(1356 1354 1357 1359)
4(1359 1357 1360 1362)
4(1368 1366 1371 1375)
4(1375 1372 1344 1346)
4(2582 2578 2583 2585)
4(2607 2605 2579 2582)
4(2585 2583 2586 2588)
4(2618 2616 2605 2607)
4(2597 2595 2600 2604)
4(2604 2601 2613 2615)
4(2615 2613 2623 2625)
4(2625 2623 2631 2633)
4(2664 2662 2657 2661)
4(2661 2658 2644 2646)
4(2667 2665 2662 2664)
4(2670 2668 2665 2667)
4(2654 2652 2680 2683)
4(2683 2679 2674 2676)
4(1283 1281 1278 1280)
4(1310 1308 1318 1320)
4(1286 1284 1281 1283)
4(1289 1287 1284 1286)
4(1320 1318 1326 1328)
4(1328 1326 1336 1338)
4(1335 1333 1323 1325)
4(1346 1344 1333 1335)
4(1362 1360 1363 1365)
4(1365 1363 1366 1368)
4(2588 2586 2589 2591)
4(2628 2626 2616 2618)
4(2591 2589 2592 2594)
4(2594 2592 2595 2597)
4(2636 2634 2626 2628)
4(2646 2644 2634 2636)
4(2633 2631 2641 2643)
4(2643 2641 2652 2654)
4(2673 2671 2668 2670)
4(2676 2674 2671 2673)
4(1274 1270 1268 1271)
4(1296 1293 1290 1292)
4(1353 1350 1347 1349)
4(1375 1371 1369 1372)
4(2582 2579 2576 2578)
4(2604 2600 2598 2601)
4(2661 2657 2655 2658)
4(2683 2680 2677 2679)
4(1273 1378 1387 1298)
4(1298 1387 1392 1309)
4(1378 1426 1435 1387)
4(1426 1474 1483 1435)
4(1387 1435 1440 1392)
4(1392 1440 1446 1398)
4(1435 1483 1488 1440)
4(1440 1488 1494 1446)
4(1474 1522 1531 1483)
4(1522 1570 1579 1531)
4(1483 1531 1536 1488)
4(1488 1536 1542 1494)
4(1531 1579 1584 1536)
4(1536 1584 1590 1542)
4(1570 1618 1627 1579)
4(1618 1666 1675 1627)
4(1579 1627 1632 1584)
4(1584 1632 1638 1590)
4(1627 1675 1680 1632)
4(1632 1680 1686 1638)
4(1666 1714 1723 1675)
4(1714 1762 1771 1723)
4(1675 1723 1728 1680)
4(1680 1728 1734 1686)
4(1723 1771 1776 1728)
4(1728 1776 1782 1734)
4(1762 1810 1819 1771)
4(1810 1858 1867 1819)
4(1771 1819 1824 1776)
4(1776 1824 1830 1782)
4(1819 1867 1872 1824)
4(1824 1872 1878 1830)
4(1858 1906 1915 1867)
4(1906 1954 1963 1915)
4(1867 1915 1920 1872)
4(1872 1920 1926 1878)
4(1915 1963 1968 1920)
4(1920 1968 1974 1926)
4(1337 1408 1415 1352)
4(1446 1494 1498 1450)
4(1450 1498 1504 1456)
4(1408 1456 1463 1415)
4(1456 1504 1511 1463)
4(1494 1542 1546 1498)
4(1498 1546 1552 1504)
4(1542 1590 1594 1546)
4(1546 1594 1600 1552)
4(1504 1552 1559 1511)
4(1552 1600 1607 1559)
4(1590 1638 1642 1594)
4(1594 1642 1648 1600)
4(1638 1686 1690 1642)
4(1642 1690 1696 1648)
4(1600 1648 1655 1607)
4(1648 1696 1703 1655)
4(1686 1734 1738 1690)
4(1690 1738 1744 1696)
4(1734 1782 1786 1738)
4(1738 1786 1792 1744)
4(1696 1744 1751 1703)
4(1744 1792 1799 1751)
4(1782 1830 1834 1786)
4(1786 1834 1840 1792)
4(1830 1878 1882 1834)
4(1834 1882 1888 1840)
4(1792 1840 1847 1799)
4(1840 1888 1895 1847)
4(1878 1926 1930 1882)
4(1882 1930 1936 1888)
4(1926 1974 1978 1930)
4(1930 1978 1984 1936)
4(1888 1936 1943 1895)
4(1936 1984 1991 1943)
4(1954 2002 2011 1963)
4(2002 2050 2059 2011)
4(1963 2011 2016 1968)
4(1968 2016 2022 1974)
4(2011 2059 2064 2016)
4(2016 2064 2070 2022)
4(2050 2098 2107 2059)
4(2098 2146 2155 2107)
4(2059 2107 2112 2064)
4(2064 2112 2118 2070)
4(2107 2155 2160 2112)
4(2112 2160 2166 2118)
4(2146 2194 2203 2155)
4(2194 2242 2251 2203)
4(2155 2203 2208 2160)
4(2160 2208 2214 2166)
4(2203 2251 2256 2208)
4(2208 2256 2262 2214)
4(2242 2290 2299 2251)
4(2290 2338 2347 2299)
4(2251 2299 2304 2256)
4(2256 2304 2310 2262)
4(2299 2347 2352 2304)
4(2304 2352 2358 2310)
4(2338 2386 2395 2347)
4(2386 2434 2443 2395)
4(2347 2395 2400 2352)
4(2352 2400 2406 2358)
4(2395 2443 2448 2400)
4(2400 2448 2454 2406)
4(2434 2482 2491 2443)
4(2482 2530 2539 2491)
4(2443 2491 2496 2448)
4(2448 2496 2502 2454)
4(2491 2539 2544 2496)
4(2496 2544 2550 2502)
4(2530 2581 2606 2539)
4(2539 2606 2617 2544)
4(1974 2022 2026 1978)
4(1978 2026 2032 1984)
4(2022 2070 2074 2026)
4(2026 2074 2080 2032)
4(1984 2032 2039 1991)
4(2032 2080 2087 2039)
4(2070 2118 2122 2074)
4(2074 2122 2128 2080)
4(2118 2166 2170 2122)
4(2122 2170 2176 2128)
4(2080 2128 2135 2087)
4(2128 2176 2183 2135)
4(2166 2214 2218 2170)
4(2170 2218 2224 2176)
4(2214 2262 2266 2218)
4(2218 2266 2272 2224)
4(2176 2224 2231 2183)
4(2224 2272 2279 2231)
4(2262 2310 2314 2266)
4(2266 2314 2320 2272)
4(2310 2358 2362 2314)
4(2314 2362 2368 2320)
4(2272 2320 2327 2279)
4(2320 2368 2375 2327)
4(2358 2406 2410 2362)
4(2362 2410 2416 2368)
4(2406 2454 2458 2410)
4(2410 2458 2464 2416)
4(2368 2416 2423 2375)
4(2416 2464 2471 2423)
4(2454 2502 2506 2458)
4(2458 2506 2512 2464)
4(2464 2512 2519 2471)
4(2512 2560 2567 2519)
4(2560 2645 2660 2567)
4(1309 1392 1398 1319)
4(1319 1398 1402 1327)
4(1327 1402 1408 1337)
4(1398 1446 1450 1402)
4(1402 1450 1456 1408)
4(2544 2617 2627 2550)
4(2502 2550 2554 2506)
4(2506 2554 2560 2512)
4(2550 2627 2635 2554)
4(2554 2635 2645 2560)
4(1298 1297 1271 1273)
4(1309 1308 1297 1298)
4(1352 1350 1336 1337)
4(2581 2579 2605 2606)
4(2606 2605 2616 2617)
4(2645 2644 2658 2660)
4(1319 1318 1308 1309)
4(1327 1326 1318 1319)
4(1337 1336 1326 1327)
4(2617 2616 2626 2627)
4(2627 2626 2634 2635)
4(2635 2634 2644 2645)
4(1273 1269 1376 1378)
4(1378 1376 1424 1426)
4(1426 1424 1472 1474)
4(1474 1472 1520 1522)
4(1522 1520 1568 1570)
4(1570 1568 1616 1618)
4(1618 1616 1664 1666)
4(1666 1664 1712 1714)
4(1714 1712 1760 1762)
4(1762 1760 1808 1810)
4(1810 1808 1856 1858)
4(1858 1856 1904 1906)
4(1906 1904 1952 1954)
4(1415 1413 1348 1352)
4(1463 1461 1413 1415)
4(1511 1509 1461 1463)
4(1559 1557 1509 1511)
4(1607 1605 1557 1559)
4(1655 1653 1605 1607)
4(1703 1701 1653 1655)
4(1751 1749 1701 1703)
4(1799 1797 1749 1751)
4(1847 1845 1797 1799)
4(1895 1893 1845 1847)
4(1943 1941 1893 1895)
4(1991 1989 1941 1943)
4(1954 1952 2000 2002)
4(2002 2000 2048 2050)
4(2050 2048 2096 2098)
4(2098 2096 2144 2146)
4(2146 2144 2192 2194)
4(2194 2192 2240 2242)
4(2242 2240 2288 2290)
4(2290 2288 2336 2338)
4(2338 2336 2384 2386)
4(2386 2384 2432 2434)
4(2434 2432 2480 2482)
4(2482 2480 2528 2530)
4(2530 2528 2577 2581)
4(2039 2037 1989 1991)
4(2087 2085 2037 2039)
4(2135 2133 2085 2087)
4(2183 2181 2133 2135)
4(2231 2229 2181 2183)
4(2279 2277 2229 2231)
4(2327 2325 2277 2279)
4(2375 2373 2325 2327)
4(2423 2421 2373 2375)
4(2471 2469 2421 2423)
4(2519 2517 2469 2471)
4(2567 2565 2517 2519)
4(2660 2656 2565 2567)
4(1273 1271 1268 1269)
4(1352 1348 1347 1350)
4(2581 2577 2576 2579)
4(2660 2658 2655 2656)
4(1295 1306 1391 1386)
4(1306 1316 1397 1391)
4(1316 1324 1401 1397)
4(1386 1391 1439 1434)
4(1434 1439 1487 1482)
4(1391 1397 1445 1439)
4(1397 1401 1449 1445)
4(1439 1445 1493 1487)
4(1445 1449 1497 1493)
4(1482 1487 1535 1530)
4(1530 1535 1583 1578)
4(1487 1493 1541 1535)
4(1493 1497 1545 1541)
4(1535 1541 1589 1583)
4(1541 1545 1593 1589)
4(1578 1583 1631 1626)
4(1626 1631 1679 1674)
4(1583 1589 1637 1631)
4(1589 1593 1641 1637)
4(1631 1637 1685 1679)
4(1637 1641 1689 1685)
4(1674 1679 1727 1722)
4(1722 1727 1775 1770)
4(1679 1685 1733 1727)
4(1685 1689 1737 1733)
4(1727 1733 1781 1775)
4(1733 1737 1785 1781)
4(1770 1775 1823 1818)
4(1818 1823 1871 1866)
4(1775 1781 1829 1823)
4(1781 1785 1833 1829)
4(1823 1829 1877 1871)
4(1829 1833 1881 1877)
4(1866 1871 1919 1914)
4(1914 1919 1967 1962)
4(1871 1877 1925 1919)
4(1877 1881 1929 1925)
4(1919 1925 1973 1967)
4(1925 1929 1977 1973)
4(1345 1374 1423 1412)
4(1449 1455 1503 1497)
4(1455 1460 1508 1503)
4(1412 1423 1471 1460)
4(1460 1471 1519 1508)
4(1497 1503 1551 1545)
4(1503 1508 1556 1551)
4(1545 1551 1599 1593)
4(1551 1556 1604 1599)
4(1508 1519 1567 1556)
4(1556 1567 1615 1604)
4(1593 1599 1647 1641)
4(1599 1604 1652 1647)
4(1641 1647 1695 1689)
4(1647 1652 1700 1695)
4(1604 1615 1663 1652)
4(1652 1663 1711 1700)
4(1689 1695 1743 1737)
4(1695 1700 1748 1743)
4(1737 1743 1791 1785)
4(1743 1748 1796 1791)
4(1700 1711 1759 1748)
4(1748 1759 1807 1796)
4(1785 1791 1839 1833)
4(1791 1796 1844 1839)
4(1833 1839 1887 1881)
4(1839 1844 1892 1887)
4(1796 1807 1855 1844)
4(1844 1855 1903 1892)
4(1881 1887 1935 1929)
4(1887 1892 1940 1935)
4(1929 1935 1983 1977)
4(1935 1940 1988 1983)
4(1892 1903 1951 1940)
4(1940 1951 1999 1988)
4(1962 1967 2015 2010)
4(2010 2015 2063 2058)
4(1967 1973 2021 2015)
4(1973 1977 2025 2021)
4(2015 2021 2069 2063)
4(2021 2025 2073 2069)
4(2058 2063 2111 2106)
4(2106 2111 2159 2154)
4(2063 2069 2117 2111)
4(2069 2073 2121 2117)
4(2111 2117 2165 2159)
4(2117 2121 2169 2165)
4(2154 2159 2207 2202)
4(2202 2207 2255 2250)
4(2159 2165 2213 2207)
4(2165 2169 2217 2213)
4(2207 2213 2261 2255)
4(2213 2217 2265 2261)
4(2250 2255 2303 2298)
4(2298 2303 2351 2346)
4(2255 2261 2309 2303)
4(2261 2265 2313 2309)
4(2303 2309 2357 2351)
4(2309 2313 2361 2357)
4(2346 2351 2399 2394)
4(2394 2399 2447 2442)
4(2351 2357 2405 2399)
4(2357 2361 2409 2405)
4(2399 2405 2453 2447)
4(2405 2409 2457 2453)
4(2442 2447 2495 2490)
4(2490 2495 2543 2538)
4(2447 2453 2501 2495)
4(2453 2457 2505 2501)
4(2495 2501 2549 2543)
4(2501 2505 2553 2549)
4(2538 2543 2614 2603)
4(2543 2549 2624 2614)
4(2549 2553 2632 2624)
4(1977 1983 2031 2025)
4(1983 1988 2036 2031)
4(2025 2031 2079 2073)
4(2031 2036 2084 2079)
4(1988 1999 2047 2036)
4(2036 2047 2095 2084)
4(2073 2079 2127 2121)
4(2079 2084 2132 2127)
4(2121 2127 2175 2169)
4(2127 2132 2180 2175)
4(2084 2095 2143 2132)
4(2132 2143 2191 2180)
4(2169 2175 2223 2217)
4(2175 2180 2228 2223)
4(2217 2223 2271 2265)
4(2223 2228 2276 2271)
4(2180 2191 2239 2228)
4(2228 2239 2287 2276)
4(2265 2271 2319 2313)
4(2271 2276 2324 2319)
4(2313 2319 2367 2361)
4(2319 2324 2372 2367)
4(2276 2287 2335 2324)
4(2324 2335 2383 2372)
4(2361 2367 2415 2409)
4(2367 2372 2420 2415)
4(2409 2415 2463 2457)
4(2415 2420 2468 2463)
4(2372 2383 2431 2420)
4(2420 2431 2479 2468)
4(2457 2463 2511 2505)
4(2463 2468 2516 2511)
4(2468 2479 2527 2516)
4(2516 2527 2575 2564)
4(2564 2575 2682 2653)
4(1324 1334 1407 1401)
4(1334 1345 1412 1407)
4(1401 1407 1455 1449)
4(1407 1412 1460 1455)
4(2505 2511 2559 2553)
4(2511 2516 2564 2559)
4(2553 2559 2642 2632)
4(2559 2564 2653 2642)
4(1295 1293 1305 1306)
4(1306 1305 1315 1316)
4(1316 1315 1323 1324)
4(1345 1344 1372 1374)
4(2614 2613 2601 2603)
4(2624 2623 2613 2614)
4(2632 2631 2623 2624)
4(2682 2680 2652 2653)
4(1324 1323 1333 1334)
4(1334 1333 1344 1345)
4(2642 2641 2631 2632)
4(2653 2652 2641 2642)
4(1386 1384 1291 1295)
4(1434 1432 1384 1386)
4(1482 1480 1432 1434)
4(1530 1528 1480 1482)
4(1578 1576 1528 1530)
4(1626 1624 1576 1578)
4(1674 1672 1624 1626)
4(1722 1720 1672 1674)
4(1770 1768 1720 1722)
4(1818 1816 1768 1770)
4(1866 1864 1816 1818)
4(1914 1912 1864 1866)
4(1962 1960 1912 1914)
4(1374 1370 1421 1423)
4(1423 1421 1469 1471)
4(1471 1469 1517 1519)
4(1519 1517 1565 1567)
4(1567 1565 1613 1615)
4(1615 1613 1661 1663)
4(1663 1661 1709 1711)
4(1711 1709 1757 1759)
4(1759 1757 1805 1807)
4(1807 1805 1853 1855)
4(1855 1853 1901 1903)
4(1903 1901 1949 1951)
4(1951 1949 1997 1999)
4(2010 2008 1960 1962)
4(2058 2056 2008 2010)
4(2106 2104 2056 2058)
4(2154 2152 2104 2106)
4(2202 2200 2152 2154)
4(2250 2248 2200 2202)
4(2298 2296 2248 2250)
4(2346 2344 2296 2298)
4(2394 2392 2344 2346)
4(2442 2440 2392 2394)
4(2490 2488 2440 2442)
4(2538 2536 2488 2490)
4(2603 2599 2536 2538)
4(1999 1997 2045 2047)
4(2047 2045 2093 2095)
4(2095 2093 2141 2143)
4(2143 2141 2189 2191)
4(2191 2189 2237 2239)
4(2239 2237 2285 2287)
4(2287 2285 2333 2335)
4(2335 2333 2381 2383)
4(2383 2381 2429 2431)
4(2431 2429 2477 2479)
4(2479 2477 2525 2527)
4(2527 2525 2573 2575)
4(2575 2573 2678 2682)
4(1295 1291 1290 1293)
4(1374 1372 1369 1370)
4(2603 2601 2598 2599)
4(2682 2678 2677 2680)
4(1272 1276 1379 1377)
4(1276 1279 1380 1379)
4(1377 1379 1427 1425)
4(1425 1427 1475 1473)
4(1379 1380 1428 1427)
4(1380 1381 1429 1428)
4(1427 1428 1476 1475)
4(1428 1429 1477 1476)
4(1473 1475 1523 1521)
4(1521 1523 1571 1569)
4(1475 1476 1524 1523)
4(1476 1477 1525 1524)
4(1523 1524 1572 1571)
4(1524 1525 1573 1572)
4(1569 1571 1619 1617)
4(1617 1619 1667 1665)
4(1571 1572 1620 1619)
4(1572 1573 1621 1620)
4(1619 1620 1668 1667)
4(1620 1621 1669 1668)
4(1665 1667 1715 1713)
4(1713 1715 1763 1761)
4(1667 1668 1716 1715)
4(1668 1669 1717 1716)
4(1715 1716 1764 1763)
4(1716 1717 1765 1764)
4(1761 1763 1811 1809)
4(1809 1811 1859 1857)
4(1763 1764 1812 1811)
4(1764 1765 1813 1812)
4(1811 1812 1860 1859)
4(1812 1813 1861 1860)
4(1857 1859 1907 1905)
4(1905 1907 1955 1953)
4(1859 1860 1908 1907)
4(1860 1861 1909 1908)
4(1907 1908 1956 1955)
4(1908 1909 1957 1956)
4(1288 1294 1385 1383)
4(1429 1430 1478 1477)
4(1430 1431 1479 1478)
4(1383 1385 1433 1431)
4(1431 1433 1481 1479)
4(1477 1478 1526 1525)
4(1478 1479 1527 1526)
4(1525 1526 1574 1573)
4(1526 1527 1575 1574)
4(1479 1481 1529 1527)
4(1527 1529 1577 1575)
4(1573 1574 1622 1621)
4(1574 1575 1623 1622)
4(1621 1622 1670 1669)
4(1622 1623 1671 1670)
4(1575 1577 1625 1623)
4(1623 1625 1673 1671)
4(1669 1670 1718 1717)
4(1670 1671 1719 1718)
4(1717 1718 1766 1765)
4(1718 1719 1767 1766)
4(1671 1673 1721 1719)
4(1719 1721 1769 1767)
4(1765 1766 1814 1813)
4(1766 1767 1815 1814)
4(1813 1814 1862 1861)
4(1814 1815 1863 1862)
4(1767 1769 1817 1815)
4(1815 1817 1865 1863)
4(1861 1862 1910 1909)
4(1862 1863 1911 1910)
4(1909 1910 1958 1957)
4(1910 1911 1959 1958)
4(1863 1865 1913 1911)
4(1911 1913 1961 1959)
4(1351 1414 1416 1355)
4(1355 1416 1417 1358)
4(1358 1417 1418 1361)
4(1414 1462 1464 1416)
4(1462 1510 1512 1464)
4(1416 1464 1465 1417)
4(1417 1465 1466 1418)
4(1464 1512 1513 1465)
4(1465 1513 1514 1466)
4(1510 1558 1560 1512)
4(1558 1606 1608 1560)
4(1512 1560 1561 1513)
4(1513 1561 1562 1514)
4(1560 1608 1609 1561)
4(1561 1609 1610 1562)
4(1606 1654 1656 1608)
4(1654 1702 1704 1656)
4(1608 1656 1657 1609)
4(1609 1657 1658 1610)
4(1656 1704 1705 1657)
4(1657 1705 1706 1658)
4(1702 1750 1752 1704)
4(1750 1798 1800 1752)
4(1704 1752 1753 1705)
4(1705 1753 1754 1706)
4(1752 1800 1801 1753)
4(1753 1801 1802 1754)
4(1798 1846 1848 1800)
4(1846 1894 1896 1848)
4(1800 1848 1849 1801)
4(1801 1849 1850 1802)
4(1848 1896 1897 1849)
4(1849 1897 1898 1850)
4(1894 1942 1944 1896)
4(1942 1990 1992 1944)
4(1896 1944 1945 1897)
4(1897 1945 1946 1898)
4(1944 1992 1993 1945)
4(1945 1993 1994 1946)
4(1367 1420 1422 1373)
4(1466 1514 1515 1467)
4(1467 1515 1516 1468)
4(1420 1468 1470 1422)
4(1468 1516 1518 1470)
4(1514 1562 1563 1515)
4(1515 1563 1564 1516)
4(1562 1610 1611 1563)
4(1563 1611 1612 1564)
4(1516 1564 1566 1518)
4(1564 1612 1614 1566)
4(1610 1658 1659 1611)
4(1611 1659 1660 1612)
4(1658 1706 1707 1659)
4(1659 1707 1708 1660)
4(1612 1660 1662 1614)
4(1660 1708 1710 1662)
4(1706 1754 1755 1707)
4(1707 1755 1756 1708)
4(1754 1802 1803 1755)
4(1755 1803 1804 1756)
4(1708 1756 1758 1710)
4(1756 1804 1806 1758)
4(1802 1850 1851 1803)
4(1803 1851 1852 1804)
4(1850 1898 1899 1851)
4(1851 1899 1900 1852)
4(1804 1852 1854 1806)
4(1852 1900 1902 1854)
4(1898 1946 1947 1899)
4(1899 1947 1948 1900)
4(1946 1994 1995 1947)
4(1947 1995 1996 1948)
4(1900 1948 1950 1902)
4(1948 1996 1998 1950)
4(1953 1955 2003 2001)
4(2001 2003 2051 2049)
4(1955 1956 2004 2003)
4(1956 1957 2005 2004)
4(2003 2004 2052 2051)
4(2004 2005 2053 2052)
4(2049 2051 2099 2097)
4(2097 2099 2147 2145)
4(2051 2052 2100 2099)
4(2052 2053 2101 2100)
4(2099 2100 2148 2147)
4(2100 2101 2149 2148)
4(2145 2147 2195 2193)
4(2193 2195 2243 2241)
4(2147 2148 2196 2195)
4(2148 2149 2197 2196)
4(2195 2196 2244 2243)
4(2196 2197 2245 2244)
4(2241 2243 2291 2289)
4(2289 2291 2339 2337)
4(2243 2244 2292 2291)
4(2244 2245 2293 2292)
4(2291 2292 2340 2339)
4(2292 2293 2341 2340)
4(2337 2339 2387 2385)
4(2385 2387 2435 2433)
4(2339 2340 2388 2387)
4(2340 2341 2389 2388)
4(2387 2388 2436 2435)
4(2388 2389 2437 2436)
4(2433 2435 2483 2481)
4(2481 2483 2531 2529)
4(2435 2436 2484 2483)
4(2436 2437 2485 2484)
4(2483 2484 2532 2531)
4(2484 2485 2533 2532)
4(2529 2531 2584 2580)
4(2531 2532 2587 2584)
4(1957 1958 2006 2005)
4(1958 1959 2007 2006)
4(2005 2006 2054 2053)
4(2006 2007 2055 2054)
4(1959 1961 2009 2007)
4(2007 2009 2057 2055)
4(2053 2054 2102 2101)
4(2054 2055 2103 2102)
4(2101 2102 2150 2149)
4(2102 2103 2151 2150)
4(2055 2057 2105 2103)
4(2103 2105 2153 2151)
4(2149 2150 2198 2197)
4(2150 2151 2199 2198)
4(2197 2198 2246 2245)
4(2198 2199 2247 2246)
4(2151 2153 2201 2199)
4(2199 2201 2249 2247)
4(2245 2246 2294 2293)
4(2246 2247 2295 2294)
4(2293 2294 2342 2341)
4(2294 2295 2343 2342)
4(2247 2249 2297 2295)
4(2295 2297 2345 2343)
4(2341 2342 2390 2389)
4(2342 2343 2391 2390)
4(2389 2390 2438 2437)
4(2390 2391 2439 2438)
4(2343 2345 2393 2391)
4(2391 2393 2441 2439)
4(2437 2438 2486 2485)
4(2438 2439 2487 2486)
4(2439 2441 2489 2487)
4(2487 2489 2537 2535)
4(2535 2537 2602 2596)
4(1990 2038 2040 1992)
4(2038 2086 2088 2040)
4(1992 2040 2041 1993)
4(1993 2041 2042 1994)
4(2040 2088 2089 2041)
4(2041 2089 2090 2042)
4(2086 2134 2136 2088)
4(2134 2182 2184 2136)
4(2088 2136 2137 2089)
4(2089 2137 2138 2090)
4(2136 2184 2185 2137)
4(2137 2185 2186 2138)
4(2182 2230 2232 2184)
4(2230 2278 2280 2232)
4(2184 2232 2233 2185)
4(2185 2233 2234 2186)
4(2232 2280 2281 2233)
4(2233 2281 2282 2234)
4(2278 2326 2328 2280)
4(2326 2374 2376 2328)
4(2280 2328 2329 2281)
4(2281 2329 2330 2282)
4(2328 2376 2377 2329)
4(2329 2377 2378 2330)
4(2374 2422 2424 2376)
4(2422 2470 2472 2424)
4(2376 2424 2425 2377)
4(2377 2425 2426 2378)
4(2424 2472 2473 2425)
4(2425 2473 2474 2426)
4(2470 2518 2520 2472)
4(2518 2566 2568 2520)
4(2472 2520 2521 2473)
4(2473 2521 2522 2474)
4(2520 2568 2569 2521)
4(2521 2569 2570 2522)
4(2566 2659 2663 2568)
4(2568 2663 2666 2569)
4(2569 2666 2669 2570)
4(1994 2042 2043 1995)
4(1995 2043 2044 1996)
4(2042 2090 2091 2043)
4(2043 2091 2092 2044)
4(1996 2044 2046 1998)
4(2044 2092 2094 2046)
4(2090 2138 2139 2091)
4(2091 2139 2140 2092)
4(2138 2186 2187 2139)
4(2139 2187 2188 2140)
4(2092 2140 2142 2094)
4(2140 2188 2190 2142)
4(2186 2234 2235 2187)
4(2187 2235 2236 2188)
4(2234 2282 2283 2235)
4(2235 2283 2284 2236)
4(2188 2236 2238 2190)
4(2236 2284 2286 2238)
4(2282 2330 2331 2283)
4(2283 2331 2332 2284)
4(2330 2378 2379 2331)
4(2331 2379 2380 2332)
4(2284 2332 2334 2286)
4(2332 2380 2382 2334)
4(2378 2426 2427 2379)
4(2379 2427 2428 2380)
4(2426 2474 2475 2427)
4(2427 2475 2476 2428)
4(2380 2428 2430 2382)
4(2428 2476 2478 2430)
4(2474 2522 2523 2475)
4(2475 2523 2524 2476)
4(2476 2524 2526 2478)
4(2524 2572 2574 2526)
4(2572 2675 2681 2574)
4(1279 1282 1381 1380)
4(1282 1285 1382 1381)
4(1285 1288 1383 1382)
4(1381 1382 1430 1429)
4(1382 1383 1431 1430)
4(1361 1418 1419 1364)
4(1364 1419 1420 1367)
4(1418 1466 1467 1419)
4(1419 1467 1468 1420)
4(2532 2533 2590 2587)
4(2485 2486 2534 2533)
4(2486 2487 2535 2534)
4(2533 2534 2593 2590)
4(2534 2535 2596 2593)
4(2522 2570 2571 2523)
4(2523 2571 2572 2524)
4(2570 2669 2672 2571)
4(2571 2672 2675 2572)
4(1272 1270 1275 1276)
4(1276 1275 1278 1279)
4(1288 1287 1292 1294)
4(1355 1354 1349 1351)
4(1358 1357 1354 1355)
4(1361 1360 1357 1358)
4(1373 1371 1366 1367)
4(2584 2583 2578 2580)
4(2587 2586 2583 2584)
4(2602 2600 2595 2596)
4(2659 2657 2662 2663)
4(2663 2662 2665 2666)
4(2666 2665 2668 2669)
4(2675 2674 2679 2681)
4(1279 1278 1281 1282)
4(1282 1281 1284 1285)
4(1285 1284 1287 1288)
4(1364 1363 1360 1361)
4(1367 1366 1363 1364)
4(2590 2589 2586 2587)
4(2593 2592 2589 2590)
4(2596 2595 2592 2593)
4(2669 2668 2671 2672)
4(2672 2671 2674 2675)
4(1377 1376 1269 1272)
4(1425 1424 1376 1377)
4(1473 1472 1424 1425)
4(1521 1520 1472 1473)
4(1569 1568 1520 1521)
4(1617 1616 1568 1569)
4(1665 1664 1616 1617)
4(1713 1712 1664 1665)
4(1761 1760 1712 1713)
4(1809 1808 1760 1761)
4(1857 1856 1808 1809)
4(1905 1904 1856 1857)
4(1953 1952 1904 1905)
4(1351 1348 1413 1414)
4(1414 1413 1461 1462)
4(1462 1461 1509 1510)
4(1510 1509 1557 1558)
4(1558 1557 1605 1606)
4(1606 1605 1653 1654)
4(1654 1653 1701 1702)
4(1702 1701 1749 1750)
4(1750 1749 1797 1798)
4(1798 1797 1845 1846)
4(1846 1845 1893 1894)
4(1894 1893 1941 1942)
4(1942 1941 1989 1990)
4(2001 2000 1952 1953)
4(2049 2048 2000 2001)
4(2097 2096 2048 2049)
4(2145 2144 2096 2097)
4(2193 2192 2144 2145)
4(2241 2240 2192 2193)
4(2289 2288 2240 2241)
4(2337 2336 2288 2289)
4(2385 2384 2336 2337)
4(2433 2432 2384 2385)
4(2481 2480 2432 2433)
4(2529 2528 2480 2481)
4(2580 2577 2528 2529)
4(1990 1989 2037 2038)
4(2038 2037 2085 2086)
4(2086 2085 2133 2134)
4(2134 2133 2181 2182)
4(2182 2181 2229 2230)
4(2230 2229 2277 2278)
4(2278 2277 2325 2326)
4(2326 2325 2373 2374)
4(2374 2373 2421 2422)
4(2422 2421 2469 2470)
4(2470 2469 2517 2518)
4(2518 2517 2565 2566)
4(2566 2565 2656 2659)
4(1294 1291 1384 1385)
4(1385 1384 1432 1433)
4(1433 1432 1480 1481)
4(1481 1480 1528 1529)
4(1529 1528 1576 1577)
4(1577 1576 1624 1625)
4(1625 1624 1672 1673)
4(1673 1672 1720 1721)
4(1721 1720 1768 1769)
4(1769 1768 1816 1817)
4(1817 1816 1864 1865)
4(1865 1864 1912 1913)
4(1913 1912 1960 1961)
4(1422 1421 1370 1373)
4(1470 1469 1421 1422)
4(1518 1517 1469 1470)
4(1566 1565 1517 1518)
4(1614 1613 1565 1566)
4(1662 1661 1613 1614)
4(1710 1709 1661 1662)
4(1758 1757 1709 1710)
4(1806 1805 1757 1758)
4(1854 1853 1805 1806)
4(1902 1901 1853 1854)
4(1950 1949 1901 1902)
4(1998 1997 1949 1950)
4(1961 1960 2008 2009)
4(2009 2008 2056 2057)
4(2057 2056 2104 2105)
4(2105 2104 2152 2153)
4(2153 2152 2200 2201)
4(2201 2200 2248 2249)
4(2249 2248 2296 2297)
4(2297 2296 2344 2345)
4(2345 2344 2392 2393)
4(2393 2392 2440 2441)
4(2441 2440 2488 2489)
4(2489 2488 2536 2537)
4(2537 2536 2599 2602)
4(2046 2045 1997 1998)
4(2094 2093 2045 2046)
4(2142 2141 2093 2094)
4(2190 2189 2141 2142)
4(2238 2237 2189 2190)
4(2286 2285 2237 2238)
4(2334 2333 2285 2286)
4(2382 2381 2333 2334)
4(2430 2429 2381 2382)
4(2478 2477 2429 2430)
4(2526 2525 2477 2478)
4(2574 2573 2525 2526)
4(2681 2678 2573 2574)
4(1272 1269 1268 1270)
4(1294 1292 1290 1291)
4(1351 1349 1347 1348)
4(1373 1370 1369 1371)
4(2580 2578 2576 2577)
4(2602 2599 2598 2600)
4(2659 2656 2655 2657)
4(2681 2679 2677 2678)
)
