FoamFile
{
    version     2.0;
    format      ascii;
    class       vectorField;
    location    "constant/polyMesh";
    object      points;
}
// * * * * * * * * * * * * * * * * * * * * * * * * * * * * * * * * * //

2684
(
(-1.4535587310614246 -1.453550750874955 -6.5437058790801617)
(-0.86362745742223523 -1.2983453672412906 -6.5164242381749435)
(-0.31971844170470604 -1.1082937011677647 -6.4873291583325399)
(0.018934334144168178 -1.1302755391230459 -6.5063353705381868)
(0.44183691068599429 -1.2432777102695936 -6.536309159038372)
(0.89166256290277379 -1.3646258412259751 -6.5255072645283763)
(1.4605291444610899 -1.4640003804484363 -6.548148332228612)
(-1.2979967777020673 -0.86359819094574253 -6.5149985064371814)
(-0.60828100631419069 -0.60660240288526535 -6.484215358901662)
(-0.25499002268821119 -0.60820038751464467 -6.4463896722635825)
(-0.021384887099253909 -0.80621025409312597 -6.5440425150174049)
(0.44819025107188748 -0.77735155902228059 -6.5232521797504415)
(0.79918704975378307 -0.88278097707482583 -6.4803443310639812)
(1.409546165502864 -0.95191726971153812 -6.5267548889055611)
(-1.1140955608496432 -0.32166780052088328 -6.4817849950753832)
(-0.60765996574159187 -0.26421786904804395 -6.4440808973976811)
(-0.386775881768195 -0.38510442563157177 -6.4787998745475939)
(0.49265668491922893 -0.44688794453498792 -6.4535555635889725)
(0.73747861840493734 -0.40247831052119704 -6.4475906615237868)
(1.3143759348020074 -0.43894093504680698 -6.4897703730724734)
(-1.1352335068427701 0.023667021446010756 -6.4971159437944372)
(-0.79567879175657552 0.023348183356592181 -6.5342499418466158)
(0.84392282536256857 0.082337127411163682 -6.4550508950934544)
(1.2258640289871692 0.076029284010901227 -6.4835549974378068)
(-1.2444798615419759 0.44040199193035984 -6.5305216461864166)
(-0.78320637809812932 0.44812332515673203 -6.5189779107324606)
(-0.44680429564253049 0.49158089534268723 -6.4529619132161571)
(0.50025121068799738 0.4840480629234486 -6.6372239912273168)
(0.81821380412158029 0.3586759754340445 -6.6200011506839394)
(1.2234966321746086 0.4355529677862513 -6.5453019133985153)
(-1.3644406514758791 0.89155010225526676 -6.5255111794464238)
(-0.88234885225638104 0.79891598153224752 -6.4803505846662626)
(-0.40107449771542064 0.73589977539945162 -6.4479629384680575)
(0.070589873538793035 0.86614302058537018 -6.4471149507884329)
(0.39043554042903955 0.6666159665929573 -6.6009563199008578)
(0.82330035674675417 0.81226033784439244 -6.5727940528248867)
(1.2852121754788923 0.84639590452004043 -6.5452476042388934)
(-1.4638698872455422 1.4604463101269629 -6.5481540748369085)
(-0.95159482279440422 1.4093159447433528 -6.5267546563768182)
(-0.43819535666439308 1.3125001498293785 -6.4898145411038524)
(0.082210681830949484 1.2211375027771809 -6.4774203475794714)
(0.44044596224576371 1.2303831738702007 -6.5265267350428093)
(0.84717024162681087 1.2799029214572422 -6.5384374635746108)
(1.4488373902614822 1.4483349973988189 -6.5514937710384782)
(-1.4800722098150974 -1.4800695425506536 -6.1047408602213267)
(-0.8928586854698245 -1.3480929490230176 -6.1160166665002667)
(-0.31107468015937134 -1.1494560358545785 -6.1897462843807993)
(0.039376663641101692 -1.1778883815681773 -6.2212015869121071)
(0.45502183608634 -1.2834688819470139 -6.191765368996295)
(0.86821542366700166 -1.3644528118855039 -6.148349395044943)
(1.4690335072688328 -1.4793431758052862 -6.1083172228759608)
(-1.3476498302416346 -0.89354226864080522 -6.1142731918924733)
(-0.66541585679334481 -0.66916450552992635 -6.1876893951861769)
(-0.18420934041432574 -0.64166407554369254 -6.2388973792832845)
(0.078130413987317987 -0.85220785028487367 -6.2475472278473037)
(0.41559449616208061 -0.84837722453618758 -6.2159651161982028)
(0.77172842749069104 -0.90684319016355552 -6.1765094144343129)
(1.4352677079430536 -0.98165164425637841 -6.1157541720657029)
(-1.1524204331154255 -0.31571153390295464 -6.1840538261635638)
(-0.64780824061961428 -0.21274774605258276 -6.2300564622691921)
(-0.39445357980479984 -0.39429423705198136 -6.3240192118283556)
(0.42486733572815333 -0.51373577170095075 -6.2522989235297501)
(0.68846903507952439 -0.41790023184037606 -6.2052269666627158)
(1.3620557196164531 -0.46028218551534272 -6.1148763259270078)
(-1.1818711286820469 0.040422839612049385 -6.2132606254541587)
(-0.85788472148240047 0.080508513020828856 -6.2400776192362972)
(0.84664944378952123 0.13138246506407311 -6.2240336889088468)
(1.2748334961451069 0.10395296941659191 -6.1562124086961143)
(-1.2833749604443978 0.45499045934863208 -6.1917817375620352)
(-0.85261639655314392 0.41542369484811642 -6.2139061388341812)
(-0.51404989026536296 0.42412768178907195 -6.251316639547408)
(0.51336371259243996 0.51062984936262656 -6.3096864432256874)
(0.79874449969523487 0.45267163956367867 -6.2919494724419858)
(1.275921228026955 0.46807416591053974 -6.1887313169321576)
(-1.3643333067958439 0.86817009128273825 -6.1483711930248477)
(-0.90654790297433641 0.77160848856437336 -6.1765471222247239)
(-0.41666703046004416 0.68759057794467293 -6.2056084733855412)
(0.12287254340261329 0.83422711651476389 -6.2110432981255315)
(0.45801474461565667 0.79145401841150886 -6.2849887823669226)
(0.86995319795005122 0.86850014893008298 -6.241269663730697)
(1.3473677049294643 0.88393161507379003 -6.1609613905446272)
(-1.4792604679225687 1.4689916533021361 -6.1083336083710682)
(-0.98144315754110734 1.4351462967000206 -6.1157827431451679)
(-0.4596681040940892 1.3606660222497431 -6.1151796324151775)
(0.10423376888981932 1.271284083117628 -6.1569796297927306)
(0.46914570111190818 1.2748065841054432 -6.1888548326777739)
(0.88472891638383955 1.3465550457481987 -6.161016759097155)
(1.4653668231695147 1.4650393192921449 -6.1195772913951911)
(-1.4956673381254277 -1.4956659900585376 -5.6263989878861471)
(-0.98437911774502895 -1.4637406132042163 -5.6476315644562387)
(-0.47416086224791487 -1.4403251888882946 -5.6744862620899035)
(0.055561670056726929 -1.391788910609647 -5.7471008984305199)
(0.47554775045453068 -1.3452971895738188 -5.798218815834689)
(0.9158267893451375 -1.4103471149700355 -5.7172839230476882)
(1.4798819558064269 -1.4902518758772429 -5.6365553411630538)
(-1.4637396230712274 -0.98437673300479223 -5.6476328916789607)
(-0.946149642595014 -0.94615087432784739 -5.685419976371386)
(-0.41791581542069622 -0.8557933204161523 -5.7458676694270565)
(0.058030532268015543 -0.96361753498429525 -5.8075300342881082)
(0.45104068393126706 -0.92230003878767264 -5.8500575185675192)
(0.84482273106401962 -0.94880317420125049 -5.7808610894098083)
(1.447865247363507 -0.99318620940758762 -5.6529681320615897)
(-1.4403144636331691 -0.47415603615338697 -5.6744928182345769)
(-0.85577331059918982 -0.41791067776992508 -5.7458778193648516)
(-0.53331232759937175 -0.53331890764030399 -5.7742164607838768)
(0.53374244769462609 -0.58103430821121149 -5.8291904306920443)
(0.81540006818583233 -0.47457142071806291 -5.7732412967677256)
(1.4317940949330803 -0.48980190912379279 -5.6690805175090233)
(-1.3917528564251167 0.055568893952847608 -5.7471183706013393)
(-0.96354477351702461 0.058045774689673292 -5.807559465682985)
(0.96633209068626635 0.057537007223637394 -5.7858988879660691)
(1.3926523828786128 0.055749000116619297 -5.733870120808894)
(-1.3452310437703434 0.47555246992306238 -5.7982467489755374)
(-0.92212404282383098 0.4510376293564955 -5.8501042157409247)
(-0.58064380581215969 0.53370954564906925 -5.8292430026383926)
(0.56395752337437466 0.56269683984839736 -5.7926192473714098)
(0.94320766218192598 0.4596508001274292 -5.8301565875181502)
(1.3479143406051333 0.48716541881617886 -5.7902730293415958)
(-1.4102673926857532 0.91581920970581976 -5.7173130855633536)
(-0.94858809781667308 0.8447755763655338 -5.7809079708299391)
(-0.47407996500966748 0.81524223309134347 -5.7732552588839319)
(0.058412233891133147 0.96570698129925092 -5.7858430963516394)
(0.46071293709359168 0.94219477446409794 -5.8301961327463472)
(0.93683346327136796 0.93599259517380784 -5.7922606836712776)
(1.4045000442985605 0.93243647051206069 -5.7236497399439887)
(-1.4901970636058002 1.4798662083200629 -5.6365740319267355)
(-0.99303610581542223 1.4478032491796466 -5.6530025283213217)
(-0.48947938281032705 1.4316032721331398 -5.6691328447970157)
(0.056328519896248853 1.3921840469826265 -5.7339390103168082)
(0.48786463703462518 1.3472598566661111 -5.7903390592086916)
(0.93292434840958316 1.4040292964945091 -5.7236799442031669)
(1.4807848050124304 1.4805847526078029 -5.6471636515718302)
(-1.5053582353611425 -1.5053564771793773 -5.1144879079832686)
(-1.0013238254012888 -1.480062118532965 -5.1260837927167326)
(-0.49283086136634829 -1.4615761888030487 -5.141732628249021)
(0.0080786332728489535 -1.455984449208183 -5.153688967488546)
(0.49667267326433329 -1.4564402091359572 -5.1530905793862729)
(0.98961523907083548 -1.4735297905187148 -5.1401044463745835)
(1.4963356613342498 -1.5021325095211593 -5.1215232668934014)
(-1.4800615325306457 -1.0013181371050497 -5.1260863043466536)
(-0.97181865728058781 -0.97181415606940169 -5.1466461818186904)
(-0.44447575607303175 -0.88255946457699319 -5.1776679558246572)
(0.0084629308142129406 -0.95825860885142378 -5.189194708643341)
(0.44701968010281884 -0.88725921398624386 -5.1874158521012106)
(0.95688516700023851 -0.97554534419967287 -5.1591663082612316)
(1.4692460237279017 -1.0034341377668474 -5.1322940669841355)
(-1.4615676673851592 -0.4928167375140538 -5.1417431869952841)
(-0.8825519792806773 -0.44444652892458719 -5.1776850169715782)
(-0.56173576454597951 -0.56172056214066968 -5.190410167347145)
(0.55720409801720738 -0.5733454405330215 -5.1948547858528684)
(0.87494856370580742 -0.45418036408230844 -5.1764602172454044)
(1.4549453395999574 -0.49867086486246365 -5.1420683856441967)
(-1.4559595272701187 0.0081030711751000004 -5.1537102702744573)
(-0.95820966648968764 0.0085239460113948895 -5.1892335357416446)
(0.95893492913774414 0.00618708239523761 -5.1784683232670963)
(1.4551384704009558 0.0063646398537459542 -5.1490714170046186)
(-1.4563973303851379 0.49669765952946549 -5.1531189847551353)
(-0.88713173360242892 0.44708529292604621 -5.1874633128438088)
(-0.57308384918192845 0.55729172555340201 -5.1948924142887156)
(0.57389408172666279 0.57326130083832993 -5.2011974723160819)
(0.88951084533161651 0.45747360539099163 -5.1837234409939228)
(1.4573431466271725 0.5022402132338839 -5.1498989456644129)
(-1.4734807369369534 0.98962641727513845 -5.1401313947997069)
(-0.97540549844977065 0.9568877769066495 -5.1592101059816411)
(-0.45383625595332822 0.87492101453339544 -5.176483636434547)
(0.0067269755760997543 0.95870533924219048 -5.1784562635003413)
(0.45807205335481171 0.88908880476790364 -5.1836787666011235)
(0.97313439607303898 0.97275020650429378 -5.1651991198177551)
(1.4722113270784027 0.99770807601053946 -5.1416653469456364)
(-1.502097168438252 1.4963335727300913 -5.1215400089860212)
(-1.0033349082072374 1.4692242727704055 -5.1323240468641886)
(-0.49846899046445886 1.4548668839614398 -5.1421063300095504)
(0.0066617285013797767 1.4549703882359826 -5.1491098291668758)
(0.50254762403913356 1.4571207369313732 -5.1499281882683619)
(0.9979284580962311 1.4720217789356014 -5.1416787264236925)
(1.498835897129398 1.4987351898470112 -5.1255969869994775)
(-1.5103601067440473 -1.5103580869901501 -4.5881089826649708)
(-1.0091075308312512 -1.4881785485682029 -4.5918895857316144)
(-0.5026593923774425 -1.4729049498982407 -4.5971900506161081)
(0.00076517879119467752 -1.4708298732785823 -4.5997358251602547)
(0.50274459126236004 -1.4728827418093116 -4.5976971388336532)
(1.0070839423775375 -1.4879201531045205 -4.5930144573398008)
(1.5084329863516897 -1.5100743918202535 -4.5891517575148519)
(-1.4881786891127395 -1.009100729818585 -4.5918923076250078)
(-0.98366681900909458 -0.98365991103475869 -4.5980208199005572)
(-0.4564178258111628 -0.89464904281290214 -4.6082078540357436)
(0.00030726009828532796 -0.96931612080620999 -4.6097817773316629)
(0.45534209743972864 -0.89587649140803938 -4.607120815495934)
(0.98075044762740515 -0.98507190805866918 -4.5977397477204587)
(1.4857960905223648 -1.0100562793727703 -4.5921338452051677)
(-1.4728996292479353 -0.50264365515516796 -4.5972010106162591)
(-0.89465024569442764 -0.45638680008989896 -4.6082233596734019)
(-0.57335033632787347 -0.57332907952904855 -4.6133697291299613)
(0.57143916556325769 -0.5758787766812522 -4.6097394728132164)
(0.89303740228451589 -0.4587001748693969 -4.6041647202740794)
(1.4714931728278893 -0.5042545683062879 -4.5956859766190519)
(-1.4708137377282047 0.00079096042195366673 -4.5997562834363244)
(-0.96928774235930115 0.00036524752508388866 -4.6098150468871815)
(0.96933077757109321 0.00016263331144767204 -4.6045949748141508)
(1.4706258814884117 0.00050458228309060299 -4.5973672151102143)
(-1.4728557060496441 0.50277161365396694 -4.5977220113178356)
(-0.89579649798050442 0.45540834839100686 -4.6071611119002025)
(-0.57571223788716253 0.57152667510802757 -4.6097801414991357)
(0.5756935572645222 0.57536351520712714 -4.60934270555168)
(0.89612604075755209 0.45845056935589612 -4.6045954172731056)
(1.4730529460780188 0.50457003014804302 -4.596098494998655)
(-1.4878908070776529 1.0070996953168696 -4.5930363146828181)
(-0.98498739210815345 0.98077175980612952 -4.5977760759669195)
(-0.45849159226236064 0.89305774220435463 -4.6041957803599995)
(0.00047074035682878254 0.96925390927300681 -4.6046057932334943)
(0.45876107138857386 0.89593103582508371 -4.6045959159591732)
(0.98481486041733834 0.98464003499155339 -4.5977250401284619)
(1.4877295853339907 1.0095150788717264 -4.5927274966298253)
(-1.5100538907219898 1.5084363823771281 -4.589164731676453)
(-1.009998370057889 1.4857941478540113 -4.5921568037596936)
(-0.50414113041257802 1.4714712670681434 -4.5957129791599707)
(0.00066242951227384744 1.4705689888253857 -4.5973899797540145)
(0.5047239750176773 1.4729708124928433 -4.596112439602364)
(1.0096176294952179 1.4876544361750133 -4.5927334832315294)
(1.5096862739913983 1.5096431775766956 -4.5894988735335049)
(-1.5129945451190172 -1.5129929150590238 -4.0601170181647745)
(-1.0127192242387939 -1.4922454419740883 -4.0599406420693978)
(-0.50591930122873374 -1.478088381177467 -4.0611098869597155)
(-0.00037366133648092381 -1.4765056351345687 -4.0616971991531345)
(0.5052140843200833 -1.4783562143257145 -4.06072378000915)
(1.0121607796133254 -1.4925571237498487 -4.0595465610949431)
(1.5126914289592253 -1.513179089043756 -4.0599508419046124)
(-1.4922458971465533 -1.0127138465523351 -4.0599437091482491)
(-0.98891940856124494 -0.98891365183915614 -4.0586111007358552)
(-0.46039911068386818 -0.9000187156123699 -4.0596342186027172)
(-0.00097434878233625122 -0.97502542211488719 -4.05982749835497)
(0.45872061390672492 -0.90085185545386959 -4.0584034402501796)
(0.98802133421689697 -0.98972510569488426 -4.0574271549955689)
(1.4918314245677737 -1.0132344465357155 -4.0593300355125841)
(-1.478085780831242 -0.50590760570076387 -4.061120166643553)
(-0.90002200114298447 -0.46037793279279954 -4.0596476650090469)
(-0.5775584068798032 -0.57754278395606051 -4.0598168214307675)
(0.57601241245603618 -0.57893235303249424 -4.0573748576034765)
(0.89928524291049872 -0.4613709638322927 -4.0572170563466159)
(1.4778207410800817 -0.50645654578775445 -4.0599813045964446)
(-1.4764969598318995 -0.00035538473563211104 -4.0617155431643885)
(-0.97501131270999875 -0.00093667122117323948 -4.0598576226264074)
(0.97474506544647654 -0.00096678800055865349 -4.0572769444731209)
(1.4763971476727278 -0.0003884606345226152 -4.060439306927611)
(-1.4783416546266155 0.50523319734840311 -4.0607454556512641)
(-0.90080844775064983 0.45876436366063178 -4.0584419670376795)
(-0.57884135830889705 0.57606928495598997 -4.057419451009614)
(0.57771226736483894 0.57755038310122431 -4.0560980686052206)
(0.9003462647534004 0.45981317216681894 -4.0566848931328376)
(1.4782614348763976 0.50579434821644631 -4.0598043375569599)
(-1.4925417440152193 1.0121728677849031 -4.0595648059340919)
(-0.98968022300094849 0.98803977752628591 -4.0574587887009645)
(-0.46126009881147201 0.89930676245408259 -4.0572524861776973)
(-0.00080816174192326062 0.9747180670889356 -4.0573002268468983)
(0.459966393214299 0.90025786881502357 -4.0566944538483032)
(0.98917943001145425 0.98910128303320521 -4.0567668791773004)
(1.4924126198419043 1.0128547536728254 -4.0590938904303036)
(-1.5131684975913346 1.512695295535925 -4.0599612372095937)
(-1.013204484060793 1.491834536391605 -4.0593484799313186)
(-0.50639840833892991 1.4778169749955925 -4.0600029458769944)
(-0.00030929085135137507 1.4763784516192888 -4.0604573414128957)
(0.50586857826157683 1.4782302995842072 -4.059814977490821)
(1.0129013351276814 1.4923825772511352 -4.0590978852832427)
(1.5130867847554792 1.5130685605652363 -4.0597935003678991)
(-1.5141496259816494 -1.5141484156488771 -3.5369356360728026)
(-1.0143420681297493 -1.4940991366086094 -3.5358478846825383)
(-0.50711358903567394 -1.4804358291372497 -3.5356076649090249)
(-0.00053915996403273991 -1.4790081695242865 -3.5356523993165712)
(0.50623592959911745 -1.4806519123127797 -3.5353947040231537)
(1.0138780867660568 -1.4943661058300537 -3.5355901278988933)
(1.514007241068188 -1.5143175442994814 -3.5367798849294898)
(-1.4940996719194395 -1.0143387305272156 -3.5358513443030413)
(-0.99118398235553073 -0.99118051184533207 -3.5324601040222405)
(-0.46179010766811979 -0.9023964909376101 -3.530342429205132)
(-0.0011469763056545512 -0.97764751646706072 -3.5303818694285471)
(0.45997303323016075 -0.90310877957980584 -3.5297601858403089)
(0.99043004046891536 -0.99177515449354725 -3.5318547652700172)
(1.4938603415079363 -1.0146825699552044 -3.535497677792927)
(-1.4804348555636189 -0.50710686969940699 -3.5356176588866925)
(-0.90239832254143426 -0.46177901720038256 -3.5303552569985635)
(-0.5791967179959655 -0.57918884632245538 -3.5286277056752584)
(0.5776161440891785 -0.58037495824832008 -3.5275194685660085)
(0.90163794726787982 -0.46252216651974709 -3.5292514601449327)
(1.4801856868449144 -0.50742707454963798 -3.5350719435316122)
(-1.479004263402059 -0.00052902014848535406 -3.5356695025633189)
(-0.97764131177846803 -0.0011278175228128587 -3.5304113799534216)
(0.97716757214885996 -0.001151067949105463 -3.5292286450399506)
(1.4787643885628547 -0.00053913017609092534 -3.5350764794542968)
(-1.480645322383578 0.50624652872713627 -3.5354148110447503)
(-0.90308897205094107 0.45999545293398897 -3.5297989464159323)
(-0.58033305509863375 0.57764458130909202 -3.5275673452916028)
(0.57885720875514524 0.57878503674204596 -3.5267352624084256)
(0.90235287037018141 0.46069484310309461 -3.5288765003409113)
(1.4803958468807215 0.5065447833204475 -3.5349480146743546)
(-1.4943592283484235 1.0138851547957897 -3.5356068284469742)
(-0.99175436815472762 0.99044062269420219 -3.5318845200807649)
(-0.46247102823466857 0.90165014214609429 -3.5292892033760643)
(-0.0010786389702787148 0.97715765403470956 -3.5292563686796909)
(0.46076374389547919 0.90231493054770762 -3.5288885191095369)
(0.9910384177573055 0.99100488882775584 -3.5314522219393805)
(1.4941256947185821 1.0142103724121518 -3.535340349641297)
(-1.5143126702323952 1.5140099054758236 -3.5367892520302386)
(-1.0146687228809026 1.4938629302593325 -3.5355144752591565)
(-0.50740024305146547 1.4801857068455504 -3.5350920193221209)
(-0.00050294851220322734 1.4787580373943341 -3.5350933033653922)
(0.50657805317297122 1.480383911501403 -3.5349577241300816)
(1.0142306887830699 1.4941137714062735 -3.5353437171720263)
(1.5141782976110478 1.5141705704524195 -3.5366796443331894)
(-1.5146889595040434 -1.5146880260951723 -3.0206902922438088)
(-1.0150915779959673 -1.4948191586773949 -3.0198116775945008)
(-0.50764714760369278 -1.4813581402716467 -3.0193021876993775)
(-0.00056558497848246264 -1.4799995092823313 -3.0192005678213256)
(0.50671845558383866 -1.4815360660746779 -3.0192166430836576)
(1.0145829542048368 -1.495034725287085 -3.0197067824888033)
(1.5145160613357282 -1.5148186224750293 -3.0206244252367038)
(-1.4948195964943345 -1.0150895394337338 -3.0198153085950277)
(-0.99210838521010636 -0.99210655111924395 -3.0168612598606526)
(-0.46232307868290989 -0.90337592546819079 -3.0144373213435323)
(-0.0011528772381574313 -0.97873341363097144 -3.014444177143623)
(0.46048322615546439 -0.90402625570738881 -3.0142004514325293)
(0.99129770825043373 -0.992612463583741 -3.0166155498780203)
(1.4945277061493669 -1.015364727073079 -3.0196694294378372)
(-1.4813578395178313 -0.50764366632492053 -3.0193122904234126)
(-0.9033768160003024 -0.46231823204964229 -3.0144508126673073)
(-0.57985036400404044 -0.57984706937825525 -3.012620368626195)
(0.57824749654099794 -0.5809496990975932 -3.0121657194615885)
(0.90254596259591702 -0.46298325092744691 -3.0139958418481694)
(1.4810255279357176 -0.50790398428132211 -3.01908761158393)
(-1.4799979813600972 -0.00056064014216222063 -3.0192176298975024)
(-0.97873101169714449 -0.0011447088183769924 -3.0144749002881333)
(0.97815823875538888 -0.001155388024256087 -3.0139727891197476)
(1.4796616288617934 -0.00056381390208517373 -3.0189676050888545)
(-1.4815334414218821 0.50672372719827319 -3.0192365962638892)
(-0.90401826642077077 0.46049288182840858 -3.0142407365540795)
(-0.58093288507841356 0.57825934445238314 -3.0122172029606236)
(0.57938393417710887 0.57935503370558639 -3.0118211079667438)
(0.90319461141852453 0.46114287538772414 -3.013825494707425)
(1.4812012924062823 0.50697660636555775 -3.019031416786504)
(-1.4950319144761863 1.0145867925814258 -3.0197232398652583)
(-0.99260384413487424 0.99130279717736547 -3.0166453471423633)
(-0.46296254385571628 0.90255144536071119 -3.0140361058121146)
(-0.001126105480752676 0.97815471771211948 -3.0140032614904442)
(0.46117077306818988 0.90317959730511799 -3.0138387049216777)
(0.99181191164325344 0.99179832808048984 -3.0164406330840183)
(1.4947422996300193 1.0148540197222329 -3.019600953474769)
(-1.5148164053879598 1.5145177969760724 -3.0206336842090042)
(-1.0153587724317132 1.4945292248985609 -3.0196861453596711)
(-0.50789278014285344 1.481025960456251 -3.0191078401815723)
(-0.00054883677349394644 1.4796594779158958 -3.0189846947814072)
(0.50699046437299944 1.4811968265639264 -3.0190412916544442)
(1.0148626435160417 1.4947376243046913 -3.0196043561515649)
(1.5146462849002054 1.5146428662669464 -3.0205825506080686)
(-1.5148509760421314 -1.5148501012271476 -2.5105379422264802)
(-1.0154073923677898 -1.4949975157980162 -2.5101322619613238)
(-0.50789315234477395 -1.4815953116780991 -2.5097560914901158)
(-0.00056670869488106151 -1.4802612285347989 -2.5096558285336643)
(0.50695566430568795 -1.4817571453143072 -2.5097224860561265)
(1.0148797014634452 -1.4951912873348738 -2.5100912668810178)
(1.514659876412161 -1.5149642125123863 -2.5105120218263215)
(-1.4949979074553759 -1.0154058858111217 -2.5101360420493353)
(-0.9924081994205759 -0.9924071280383252 -2.5082481590385566)
(-0.46250788267382115 -0.9036752588512853 -2.5064936269047657)
(-0.0011372840157603988 -0.97905514397927029 -2.5064905852121089)
(0.46068225864359258 -0.90429613367448114 -2.5063988274964393)
(0.99157356456117818 -0.99287643600758313 -2.5081502440786179)
(1.494677217276758 -1.0156549593639004 -2.5100774441436)
(-1.4815951907052847 -0.5078912028940461 -2.5097665803092251)
(-0.90367553029144854 -0.46250570997632084 -2.5065073187714253)
(-0.58006369237473532 -0.58006243743494745 -2.5052000158401495)
(0.57847042749843025 -0.58112277388944278 -2.5050170165659087)
(0.90282076804562073 -0.46313651280810164 -2.5063230631795999)
(1.481224793730048 -0.50812967287610578 -2.5096746058984229)
(-1.4802605867062293 -0.00056429769430137861 -2.509673539104361)
(-0.9790539004799601 -0.0011338321297326322 -2.5065226229722253)
(0.97844418476850026 -0.0011379512226432943 -2.5063147337445479)
(1.4798834882778196 -0.0005639171777552382 -2.5095687983707458)
(-1.4817560840449147 0.5069584034896264 -2.5097432302183167)
(-0.90429266838349665 0.46068620226894164 -2.5064412048306002)
(-0.58111607379036934 0.57847485429665046 -2.5050718085794323)
(0.57955834175759668 0.5795475592186875 -2.5048993524313086)
(0.90344041392587582 0.46131790920658367 -2.5062639502418529)
(1.4813891352663109 0.50719777578758707 -2.5096548835274617)
(-1.4951900366606707 1.0148820865263317 -2.5101084037902024)
(-0.99287286957150411 0.99157604227318097 -2.5081809942362199)
(-0.46312858898504061 0.90282302722515162 -2.5063657173209304)
(-0.0011269668019796841 0.97844303839421209 -2.5063474066779952)
(0.46132847106843444 0.90343482597194291 -2.5062781110249768)
(0.99205529834120099 0.99204988776104153 -2.5080907103040722)
(1.494876251117679 1.0151324038683893 -2.5100542069680896)
(-1.5149629538175362 1.5146612342393724 -2.510521678899265)
(-1.015652198335296 1.4946781887035701 -2.5100946644476885)
(-0.50812519383974963 1.4812251492379644 -2.5096956019244874)
(-0.00055818913279009202 1.4798828295121844 -2.5095867765305511)
(0.50720338779380125 1.4813875395273102 -2.5096655135652548)
(1.015136348104287 1.4948743101523343 -2.5100580405780843)
(1.5147781191704626 1.5147762731616212 -2.5104985964488975)
(-1.5148965187535068 -1.5148953988333247 -2.0049223726395633)
(-1.0155211689946433 -1.4949757018553815 -2.0047993872582057)
(-0.50799593104531626 -1.4815667449406551 -2.0046011546240714)
(-0.00056332405067290037 -1.4802355646370389 -2.0045398723654171)
(0.50706115909138538 -1.4817224594337282 -2.0045863975251468)
(1.0149893870858042 -1.4951615413277901 -2.0047811488391263)
(1.5146996616707047 -1.5150039771903128 -2.0049104695172755)
(-1.4949761081267934 -1.0155195938567232 -2.0048033334921818)
(-0.99244763047384854 -0.99244683873290074 -2.0038022988404807)
(-0.46254764691196087 -0.90369116871553301 -2.0027840926273819)
(-0.0011250731497677788 -0.97905917669398845 -2.0027798788862614)
(0.46073771817760817 -0.90430026914690553 -2.002743003510417)
(0.99160843419939582 -0.99290185424058852 -2.0037589783125838)
(1.4946461342076931 -1.0157593210182865 -2.004776467877019)
(-1.4815666414482325 -0.50799439302582716 -2.0046121463525131)
(-0.90369049745140262 -0.46254633731913086 -2.002798266828798)
(-0.58009194334143777 -0.58009187477217539 -2.0020358481296872)
(0.57851239253883613 -0.58113428109533827 -2.00195649461206)
(0.90283238401762189 -0.46316316783404066 -2.0027170598043869)
(1.4811833792150497 -0.50822467566132024 -2.0045697802129485)
(-1.4802351956408717 -0.00056177044228251233 -2.0045585098739886)
(-0.97905805750579211 -0.0011232897299284575 -2.0028129647064223)
(0.97843682448902758 -0.0011258346210732892 -2.0027197551418849)
(1.479843496473046 -0.00056042625095741039 -2.0045094795832341)
(-1.4817219269508037 0.50706308938016109 -2.004608316525645)
(-0.90429866342090737 0.46073956432138086 -2.0027867310280469)
(-0.58113152018005154 0.57851403297481252 -2.002013084303488)
(0.57957608519221471 0.57957197438450969 -2.0019342479995843)
(0.90343725455302804 0.46136055440233542 -2.0027057395924297)
(1.4813418713560955 0.50729620395255115 -2.0045659068556945)
(-1.4951607594612979 1.014991469678834 -2.0047993183488821)
(-0.99290009852441241 0.99160987057382666 -2.0037907732365912)
(-0.46315998296793409 0.90283331801758693 -2.0027612920492261)
(-0.0011215920942293754 0.9784364513670355 -2.0027539569807566)
(0.46136471838791049 0.90343508917041382 -2.0027207068759072)
(0.99207483602425384 0.99207237776089996 -2.0037482137623162)
(1.4948377866238802 1.0152340482572315 -2.0047725213736332)
(-1.5150027487801561 1.5147011271646953 -2.0049207201729624)
(-1.0157574048955267 1.4946468848175256 -2.0047943259189935)
(-0.50822242466154099 1.4811836107754743 -2.0045916415153631)
(-0.00055788789214566287 1.4798432894436817 -2.0045285667360719)
(0.50729903446894553 1.4813412468609419 -2.0045776137903011)
(1.0152366139548628 1.4948367323325078 -2.004777001775615)
(1.5148130343922057 1.5148114352038797 -2.0049091913765849)
(-1.5149008196707408 -1.5148992166236495 -1.5021057407721616)
(-1.015555942906903 -1.4949142273576947 -1.5021025513298114)
(-0.50803494358780033 -1.4814807644379153 -1.5020197148346972)
(-0.00056100676618119766 -1.4801448231981236 -1.5019901588467406)
(0.50710287339199511 -1.4816342192799181 -1.5020112705581208)
(1.015023497193021 -1.4950972900737503 -1.502091872011833)
(1.5147020554246651 -1.5150063037144381 -1.5020984573452996)
(-1.4949147201219075 -1.0155539841871204 -1.502106645978784)
(-0.99241299192698118 -0.99241222711776922 -1.501648002035046)
(-0.46254112490486332 -0.90363048762795783 -1.5011396639596406)
(-0.0011188456514080146 -0.97898020622421889 -1.5011351352906028)
(0.4607398535223326 -0.90423543296128339 -1.5011172688417556)
(0.99157346481425646 -0.99286181724148614 -1.5016236625021488)
(1.49458190841449 -1.0157907196904861 -1.502090709372887)
(-1.4814807359871738 -0.50803329005686437 -1.5020312281361088)
(-0.90363044008497329 -0.46254048700009881 -1.501154306857909)
(-0.58006706030416322 -0.58006706725424761 -1.5007678233294126)
(0.57849474263709511 -0.58110227387937508 -1.5007244955367611)
(0.90277201979015653 -0.46315151221048667 -1.5011090282543826)
(1.4810932914187225 -0.50826081137732482 -1.5020062583142655)
(-1.480144622162098 -0.00055948809911259695 -1.5020097092775326)
(-0.97897989319543455 -0.0011180263368431899 -1.5011686146526206)
(0.97835479973275585 -0.0011198782656603387 -1.5011163481345342)
(1.4797479603678636 -0.00055815709609228353 -1.5019805509868496)
(-1.481633923000826 0.50710484248930354 -1.502034288635586)
(-0.90423484686722533 0.46074072660236565 -1.5011612674809574)
(-0.58110143360079902 0.57849521026198703 -1.5007813666363681)
(0.57954822410888618 0.57954646727436654 -1.5007378826047766)
(0.90337062685620162 0.46135705697895035 -1.5011159315789668)
(1.4812493397336421 0.50733509889770323 -1.5020085060469686)
(-1.4950966409698667 1.0150258600489857 -1.5021109988398103)
(-0.99286074522548784 0.99157448639961787 -1.5016561229936187)
(-0.46315018208337833 0.90277231097065957 -1.5011540364892695)
(-0.0011180730930597377 0.97835457875341758 -1.5011516355599051)
(0.46135899345698972 0.90336964417199739 -1.5011316001193671)
(0.99203366860411968 0.99203216246847026 -1.5016318189087785)
(1.4947706498285909 1.0152650429114887 -1.5020941761591167)
(-1.5150046799818293 1.5147039217274973 -1.5021092226200168)
(-1.015788688156444 1.4945825586766981 -1.5021090761349416)
(-0.50825893792890298 1.4810933805411046 -1.502028961065542)
(-0.00055626486627539246 1.4797478099563397 -1.5020008149088631)
(0.50733744192887664 1.4812489870496119 -1.5020213745923767)
(1.0152676066108284 1.4947698323364222 -1.5020993790338715)
(1.5148140048299343 1.5148120831902327 -1.5021019977924992)
(-1.5149021066510597 -1.5149001263702673 -1.0008206670188327)
(-1.0155659749604198 -1.4948683119710802 -1.0008418300125543)
(-0.50804921848245743 -1.4814131348595294 -1.000813012125543)
(-0.00056010041898325175 -1.4800716137056384 -1.0008003038611359)
(0.50711815193808552 -1.4815653097437149 -1.0008065917636539)
(1.0150331456153401 -1.4950499307891028 -1.0008336306575254)
(1.5147024832566534 -1.5150065903411516 -1.0008150560709566)
(-1.4948689651263236 -1.0155637122633758 -1.0008458604745702)
(-0.99237709746771452 -0.99237624872148655 -1.0006621486754446)
(-0.46252938884634159 -0.90357679892444231 -1.0004382533780267)
(-0.0011168157517594708 -0.97891161996909271 -1.0004324295419269)
(0.46073037278434076 -0.90417808323288595 -1.0004214478718043)
(0.99153690841431552 -0.99282283453890718 -1.0006441018179424)
(1.4945347956424886 -1.0157990371803278 -1.0008336770129926)
(-1.48141322800259 -0.50804747959837393 -1.0008248177151429)
(-0.90357750564304173 -0.46252917813006755 -1.0004521454944295)
(-0.58004269297982403 -0.5800425359703022 -1.0002777826874694)
(0.57847071815489548 -0.58107216033894804 -1.0002458752257555)
(0.90271697506561654 -0.4631363722107234 -1.0004187482455329)
(1.4810238442107395 -0.50827351873981219 -1.0008055177843092)
(-1.4800715903461525 -0.0005585602616618654 -1.0008205444579819)
(-0.97891212355719337 -0.0011165319175693474 -1.000465020018934)
(0.97828440588237209 -0.0011171371079529181 -1.0004264437503994)
(1.4796728057201041 -0.00055694787740592777 -1.000797743826058)
(-1.4815652307001466 0.50712028918311491 -1.0008303665010909)
(-0.90417822357826161 0.46073085770135058 -1.0004649436398263)
(-0.58107240511399871 0.57847076618748905 -1.000302081687511)
(0.57952054863910163 0.57951967106857438 -1.0002710678713633)
(0.90331314459483725 0.46134581987553941 -1.0004318974723769)
(1.4811788736549993 0.50734941835920733 -1.0008100056590175)
(-1.49504937509979 1.015035810414374 -1.0008532201941573)
(-0.99282209171442437 0.99153783429144127 -1.0006766698065168)
(-0.46313582023775651 0.90271701057544895 -1.0004638847302825)
(-0.0011162118038156935 0.9782842062905962 -1.0004624293821689)
(0.46134697997462526 0.90331260070369512 -1.0004481389216973)
(0.99199474789612796 0.99199356459133514 -1.0006590816254533)
(1.4947223502575637 1.0152735099210237 -1.0008398521520774)
(-1.5150047041526371 1.5147046163182158 -1.000825821490984)
(-1.0157968181259107 1.4945354498162895 -1.0008521033150748)
(-0.50827167548356722 1.481023849651804 -1.0008288231765901)
(-0.00055518117908683745 1.4796726528212862 -1.0008191035036089)
(0.5073517871125004 1.4811786528754589 -1.0008239156176562)
(1.015276258117646 1.4947216483816541 -1.000845594880192)
(1.5148139364587452 1.5148118404289339 -1.0008203679685588)
(-1.5149031203159997 -1.5149008123494871 -0.50026757349272732)
(-1.0155694446088448 -1.4948445505820787 -0.5002815203071046)
(-0.50805453698540215 -1.4813765632469831 -0.50027179123898791)
(-0.00055997013024975534 -1.4800313045511462 -0.50026549680794297)
(0.50712340426745095 -1.4815277148157593 -0.50026609752253404)
(1.0150360883160019 -1.4950250749812934 -0.50027428812456975)
(1.5147029031177321 -1.5150068067309066 -0.50026312548026464)
(-1.4948455103376397 -1.0155669207031932 -0.50028472533490698)
(-0.99235706883610297 -0.99235607964754824 -0.50022455962391643)
(-0.46252322491019776 -0.90354853122458856 -0.50014156308482238)
(-0.001116963052108802 -0.97887410537972874 -0.50013407133685261)
(0.46072295804379043 -0.90414557514893268 -0.50012637040221608)
(0.99151559076317386 -0.99280048437870561 -0.50020842340529137)
(1.4945101114198756 -1.0158012786745167 -0.50027448379851436)
(-1.4813768559829861 -0.50805262644546922 -0.50028332379568929)
(-0.90354876877098511 -0.46252271838205339 -0.50015499192398549)
(-0.58003057500047672 -0.58003056178029155 -0.5000881895405308)
(0.57845561734940099 -0.58105490060256992 -0.50005934313109124)
(0.90268529638049877 -0.46312709297825905 -0.50012480656133484)
(1.4809859443729032 -0.50827764389883801 -0.50026585766780385)
(-1.480031434024808 -0.00055817735681850528 -0.50028613175567871)
(-0.97887447655022108 -0.0011164151191259478 -0.50016604097788198)
(0.97824447078250609 -0.0011159027047646479 -0.50013099726041188)
(1.4796312939274106 -0.00055632429465168193 -0.50026470941351087)
(-1.4815278958939391 0.50712588756940213 -0.50028987977980788)
(-0.90414596668597957 0.46072368607491565 -0.50016936818299518)
(-0.58105531417880896 0.57845581520212808 -0.50011502232336458)
(0.57950449493077105 0.57950383939142958 -0.50008721610089724)
(0.90328061203829901 0.46133829487924427 -0.50013945466446752)
(1.4811405157149327 0.50735442552628318 -0.500271024054598)
(-1.4950247597355453 1.0150389490531047 -0.50029307376348175)
(-0.99279975228596551 0.99151666446006415 -0.50024074181191913)
(-0.4631265565190783 0.90268543785890698 -0.50016995095861105)
(-0.0011149975810734389 0.97824438260802415 -0.50016746783457788)
(0.46133935692421285 0.90328021096269762 -0.50015603504736583)
(0.99197256794424826 0.9919714564949349 -0.50022505168225329)
(1.4946971032647338 1.0152759602798853 -0.50028139341324929)
(-1.5150048597026142 1.5147050999146419 -0.50027266343309817)
(-1.0157988550085153 1.4945110276331155 -0.50029194701798407)
(-0.5082756664275413 1.4809861263480504 -0.5002890753596716)
(-0.0005543750229288491 1.4796312542303693 -0.50028676940758143)
(0.50735704064491627 1.4811405227413896 -0.50028520630768702)
(1.0152787962804506 1.4946966758174636 -0.50028662366705734)
(1.5148139243013965 1.5148120422408224 -0.50026835323394914)
(-1.5149036689309625 -1.5149015225766544 9.4140997102670765e-07)
(-1.0155705727380748 -1.4948377508948441 2.4393334539657419e-06)
(-0.50805623436120051 -1.4813656117066201 6.8471595699934329e-06)
(-0.00056012338777224058 -1.4800190314850949 1.1276365078506656e-05)
(0.50712474182446332 -1.4815163879803976 1.2174980469972785e-05)
(1.015036879005885 -1.4950178736207389 9.2333589123486104e-06)
(1.514703370116339 -1.5150072377291059 4.758808084329158e-06)
(-1.4948384978288278 -1.0155677099600826 -1.7444399203619954e-07)
(-0.99235119313506714 -0.99234999064959672 5.9890602470413778e-07)
(-0.46252181790721619 -0.9035402101374862 7.0153822034790815e-06)
(-0.0011174726801406291 -0.97886300577260288 1.6212314009965423e-05)
(0.46072035518016491 -0.90413594660198005 2.1576236113640678e-05)
(0.99150896341719252 -0.99279376736332436 1.6462067822652082e-05)
(1.4945028900797594 -1.0158019605335837 9.3348639532420119e-06)
(-1.4813658084146293 -0.50805352238761503 -4.5139717824646541e-06)
(-0.90354063914498739 -0.46252073494774476 -6.7924670606511753e-06)
(-0.58002777423846952 -0.58002724748341727 -2.265830423101948e-07)
(0.5784507518666836 -0.5810500400071108 2.8046039990653471e-05)
(0.90267540105911159 -0.46312440247986747 2.318051900300766e-05)
(1.4809744042402486 -0.50827883821727615 1.2734680035583756e-05)
(-1.4800191503779123 -0.00055760211603451959 -9.5759609187173744e-06)
(-0.97886318578556097 -0.0011162326414529238 -1.627034441479408e-05)
(0.97823209114204424 -0.0011156757216330693 1.9026482191361604e-05)
(1.4796185028412163 -0.00055620298013153713 1.215021295276203e-05)
(-1.4815163923024848 0.50712752357135127 -1.1327994284389409e-05)
(-0.90413579383624287 0.46072155456621749 -2.1769803034416003e-05)
(-0.58104965888014404 0.57845135034260953 -2.8193933938852611e-05)
(0.57949962224210838 0.57949893053568446 4.5587492324602091e-07)
(0.90327061070352599 0.461335839549323 8.7993060680746644e-06)
(1.4811288795947468 0.50735576099618962 7.4917052417453056e-06)
(-1.4950172447529284 1.0150398062985495 -8.6203339911758436e-06)
(-0.99279266202460037 0.99151025357305689 -1.5873737570955282e-05)
(-0.46312327510424572 0.90267584307395299 -2.2401453615744638e-05)
(-0.0011142738655578951 0.97823216242527333 -1.7942580965449317e-05)
(0.46133712601635679 0.90327021897255244 -7.9874939017565698e-06)
(0.99196583840225383 0.99196460338365811 2.2072750686247256e-07)
(1.4946897639283647 1.0152765806774871 2.4396928500897141e-06)
(-1.5150051389664674 1.5147055361641129 -3.7379565712841734e-06)
(-1.015799125066067 1.4945036622298484 -7.4513028353942468e-06)
(-0.50827609352035197 1.4809745952486248 -1.0363383945881377e-05)
(-0.00055361928237143698 1.4796185591242361 -1.0152542356242633e-05)
(0.50735856294011283 1.4811287903722754 -6.3961049588112662e-06)
(1.0152794740943025 1.4946890662498067 -1.9572631544118035e-06)
(1.5148143638067839 1.5148122397320827 1.548471198833945e-07)
(-1.5149029694815745 -1.5149010123439763 0.50026932785324452)
(-1.0155697184241164 -1.494844718672254 0.50028689269640703)
(-0.50805506895611063 -1.4813765837530486 0.5002854647542081)
(-0.00056024607791170522 -1.4800312393614536 0.50028759542769963)
(0.5071234785232569 -1.4815278531565803 0.50029049860786989)
(1.01503618358126 -1.4950253948916439 0.50029343630235634)
(1.5147029832465162 -1.5150069840159273 0.50027357059184085)
(-1.4948452416959948 -1.0155665964949627 0.50028328740347605)
(-0.9923572189285651 -0.99235582948981804 0.50022558922603677)
(-0.46252373333994168 -0.90354833598467699 0.50015539763901273)
(-0.0011175327367435872 -0.97887434309186427 0.50016646784601104)
(0.46072263382129969 -0.90414617868176594 0.50016973288117739)
(0.99151547027702136 -0.99280084407276847 0.5002414655861761)
(1.4945102478919421 -1.0158016473950564 0.50029380856353345)
(-1.4813766804537938 -0.50805162894589517 0.50027344700476106)
(-0.90354888283524404 -0.46252208353776664 0.50014135588370667)
(-0.58003101010470914 -0.5800300423849033 0.50008776723078718)
(0.57845533489651091 -0.58105576158821248 0.50011557528156725)
(0.90268507255954111 -0.4631276272957236 0.50017105456603328)
(1.4809858888996825 -0.50827814825671735 0.50029126720160622)
(-1.4800312924098795 -0.00055705644959830325 0.50026666345377946)
(-0.97887422705188754 -0.0011156221714749143 0.50013305179413392)
(0.97824436066541165 -0.0011162443674240345 0.50016871128542795)
(1.4796311285533967 -0.00055650374799874613 0.50028841625451648)
(-1.4815275951891222 0.50712644694252984 0.50026678897113519)
(-0.90414537859681787 0.46072422822714171 0.50012512102144968)
(-0.58105452298056937 0.57845625216472174 0.50005771441549263)
(0.57950455959792879 0.57950394215576839 0.50008774066331152)
(0.90328063228174782 0.46133821717778867 0.50015671800119244)
(1.481140567892786 0.50735460444207103 0.50028590632055947)
(-1.4950244199996954 1.0150390579245794 0.50027497728557713)
(-0.99279934548333815 0.99151689914733276 0.50020858449263061)
(-0.46312591100492684 0.90268574985204919 0.50012465198943101)
(-0.0011143985376990684 0.97824453018756274 0.50013140811475731)
(0.46133965153818773 0.90328026428226149 0.50013993267281665)
(0.99197273581012979 0.99197140913253512 0.50022541521889752)
(1.4946973773525689 1.0152760547932829 0.50028679161840184)
(-1.515004752596923 1.5147050712169046 0.50026410777531971)
(-1.0157984780665397 1.4945108463028327 0.50027583719636692)
(-0.50827472539665219 1.4809860855147399 0.50026750490345528)
(-0.00055336306688083536 1.4796312565021204 0.5002662485621352)
(0.50735748786680834 1.4811403431507406 0.50027213441024521)
(1.0152789067980723 1.4946964109602461 0.50028209012420843)
(1.5148141728261539 1.5148118423107868 0.50026864526430348)
(-1.514902168251745 -1.5149000234077699 1.0008219475787772)
(-1.015566291268875 -1.4948681848359666 1.0008474150946807)
(-0.50804966487583159 -1.4814129744278177 1.0008261992848664)
(-0.00056039866673303351 -1.4800714636363863 1.0008213454570911)
(0.50711811060826606 -1.4815652565500101 1.0008305521052314)
(1.0150332483126216 -1.4950500012898293 1.0008532378091528)
(1.5147025616522567 -1.5150067533632443 1.0008263814137035)
(-1.4948689410306359 -1.0155632114004567 1.0008428632566486)
(-0.99237729392285778 -0.99237588235246643 1.0006628095333516)
(-0.46253011866151389 -0.90357711194542423 1.0004524475085308)
(-0.0011175542083544897 -0.97891203781544522 1.0004653979592364)
(0.46072989006810161 -0.90417848676364831 1.0004653004752759)
(0.99153673808966403 -0.99282314940153782 1.0006772115361284)
(1.4945347060419802 -1.0157994141828859 1.0008534239085034)
(-1.4814132431021063 -0.50804636888887145 1.0008137815838587)
(-0.9035770757808399 -0.46252821681288225 1.0004376688631669)
(-0.58004296242441034 -0.58004219045641836 1.0002773197037274)
(0.57847028727647987 -0.58107289127102402 1.0003026211935029)
(0.90271667053134996 -0.46313687666334352 1.0004647515620462)
(1.4810236351366175 -0.50827392285839645 1.000830240740255)
(-1.4800715521099306 -0.00055724330872225503 1.0008008099227839)
(-0.97891156222915787 -0.0011154568544672998 1.0004308405860933)
(0.97828422335097709 -0.0011174011753753987 1.0004632864818013)
(1.4796725791659826 -0.00055710775248414557 1.0008199956734014)
(-1.4815650937630245 0.50712105028289955 1.0008070537181999)
(-0.90417769518625557 0.46073155923295622 1.0004196039047613)
(-0.58107161004752517 0.57847123340649953 1.0002433275485212)
(0.57952036817228902 0.5795199550450707 1.0002709937735976)
(0.90331302128906843 0.46134588586557468 1.0004483876492851)
(1.4811787441131214 0.50734954379879715 1.0008240971715934)
(-1.4950492421168777 1.0150359559598217 1.0008342881924652)
(-0.992821655331945 0.99153811510283585 1.0006438723612541)
(-0.46313514314422621 0.90271733617242345 1.0004178048100072)
(-0.0011156300990415764 0.97828440193945454 1.0004261846657432)
(0.4613471774040705 0.90331276401182237 1.0004319590803961)
(0.99199482085602164 0.99199362496936649 1.0006592905966523)
(1.4947223307562747 1.0152736870678221 1.0008454703914076)
(-1.5150045799131833 1.5147045452799832 1.0008158597477936)
(-1.0157963252556823 1.4945354651998031 1.0008343460045612)
(-0.50827067988453078 1.4810239889592844 1.0008062196884513)
(-0.00055405902129507245 1.4796727648727521 1.0007985947611635)
(0.50735235417154878 1.4811786664755275 1.0008109394736271)
(1.0152763283604962 1.4947216698535342 1.0008406233610629)
(1.5148139046661968 1.5148119263503528 1.000820616210732)
(-1.5149009169091705 -1.5148990388091057 1.5021064723610418)
(-1.0155560994648232 -1.494914037929608 1.5021074944726798)
(-0.50803507643204948 -1.4814805229974799 1.5020319144294847)
(-0.00056102317269141749 -1.4801445667487727 1.50200999158954)
(0.50710298690143085 -1.4816340310285656 1.5020341605809238)
(1.0150236707322984 -1.4950972344433848 1.5021107774525111)
(1.514702179379219 -1.5150063969126728 1.5021093649168886)
(-1.4949147889784693 -1.0155535809524034 1.5021031385366761)
(-0.99241314473533226 -0.99241188047297713 1.5016483653381596)
(-0.46254139989738174 -0.9036300412248528 1.5011544432706379)
(-0.0011190677384154343 -0.97897986934334191 1.5011688573197102)
(0.46073968711622798 -0.90423525137009142 1.5011615320990432)
(0.99157343911280493 -0.99286180740272456 1.501656419173657)
(1.4945818991811601 -1.0157908870924623 1.502109735488532)
(-1.4814808491223002 -0.50803262061994003 1.5020200979966893)
(-0.90363074445654656 -0.46253995903946687 1.5011390581899513)
(-0.58006755155929568 -0.58006646499875192 1.5007673424382624)
(0.57849452044222416 -0.58110220514798971 1.5007818536800455)
(0.90277188469000824 -0.4631514747227185 1.5011546074259674)
(1.4810931835958521 -0.50826092352664654 1.5020296675265061)
(-1.4801447181188803 -0.00055878074549339102 1.5019904590801549)
(-0.97898003945318102 -0.0011175059087867173 1.5011337692858731)
(0.97835462781890847 -0.0011196154054245178 1.501152087023182)
(1.4797477973225417 -0.00055807120765589274 1.5020011411526506)
(-1.4816339479508118 0.50710521290279775 1.5020116942752195)
(-0.90423485215986332 0.46074101948624013 1.5011156758517701)
(-0.5811014096579562 0.57849536445580119 1.5007221568514799)
(0.57954756831139997 0.57954713734800722 1.5007375969319146)
(0.90337025644686086 0.46135752003905617 1.5011316231020002)
(1.4812491695881356 0.50733535829398213 1.5020212292716169)
(-1.4950966046527252 1.015025866561944 1.5020924963331366)
(-0.99286059768772927 0.99157455261451977 1.5016233307731659)
(-0.4631500790169093 0.90277239002139409 1.501107894833611)
(-0.0011181271460706833 0.97835469619289306 1.501115755701548)
(0.46135868186405765 0.90336998792744017 1.5011157510265667)
(0.99203347185776924 0.99203242198837771 1.5016319297094984)
(1.494770504211169 1.0152653102362006 1.5020991276424225)
(-1.5150045591371109 1.5147038150784859 1.5020991062271469)
(-1.0157883623465147 1.494582519164358 1.5020910379972645)
(-0.50825842463316084 1.4810934191906431 1.5020065135737917)
(-0.00055579395832861672 1.4797478852908625 1.5019810631327568)
(0.50733758626467451 1.4812490806779355 1.5020093049631693)
(1.0152674906078665 1.4947699672880619 1.5020949205539713)
(1.5148138578986106 1.5148122582268535 1.5021022157643604)
(-1.5148965647654713 -1.5148952526315969 2.0049228352968935)
(-1.0155211387683283 -1.4949755291378732 2.00480369179588)
(-0.50799573015753852 -1.4815664857106645 2.0046123947902212)
(-0.00056296884697564636 -1.4802352499103009 2.0045585626980191)
(0.50706151816554101 -1.4817221882592886 2.0046081548338659)
(1.0149896733972124 -1.4951614137192433 2.0047990825723372)
(1.5146998401137619 -1.5150040074558673 2.0049206113299114)
(-1.4949761815276601 -1.0155193741939859 2.0047999808547434)
(-0.99244771802522636 -0.99244656670110021 2.0038025925508842)
(-0.4625475409036065 -0.90368999011172024 2.0027984589616761)
(-0.0011248529170216383 -0.97905817973811526 2.002813313978248)
(0.46073789337708426 -0.90429961950255833 2.0027871465243972)
(0.99160861766564112 -0.99290157951223768 2.0037909782804295)
(1.4946462534350575 -1.0157592967015385 2.0047945047929501)
(-1.4815667997870174 -0.50799415608502485 2.0046016964494773)
(-0.90369153139703351 -0.46254624940987304 2.0027837736682939)
(-0.58009269521037643 -0.58009100490424748 2.002035628449677)
(0.57851245134729401 -0.58113347479220523 2.0020138292817684)
(0.90283248129361959 -0.46316257604458944 2.0027618698159833)
(1.4811834210086452 -0.50822449134618253 2.0045918949759094)
(-1.4802353761102931 -0.00056162093196084756 2.0045403259457499)
(-0.97905889312394168 -0.0011233431166117747 2.0027790062691855)
(0.9784366918938322 -0.0011249947617995096 2.0027544030764717)
(1.4798434238754072 -0.00056004600352897033 2.0045286383545915)
(-1.4817220538835185 0.50706306084775099 2.0045868821508543)
(-0.90429919394296832 0.46073940604712327 2.002741867047594)
(-0.58113231649954644 0.57851383757831543 2.0019545906829141)
(0.57957494256416797 0.57957307774314426 2.0019340281261777)
(0.90343665632742876 0.46136145609142387 2.0027208067702773)
(1.481341692473173 0.50729665220441911 2.0045774394444007)
(-1.4951607922599728 1.0149913013501493 2.0047817723175267)
(-0.99290025366049195 0.99160966310624465 2.0037587764130924)
(-0.46316053657038647 0.90283310165817077 2.0027160210584376)
(-0.0011224021409420928 0.97843647861685701 2.002719065238205)
(0.46136382353855154 0.90343561916282034 2.0027054920688272)
(0.9920743761165286 0.99207281522388735 2.0037483318083402)
(1.4948375744819784 1.0152343882142751 2.0047768272124267)
(-1.5150026614609604 1.5147009689956117 2.0049111367712436)
(-1.0157573027647409 1.4946467257536116 2.0047769003790212)
(-0.5082224254903932 1.4811834931834893 2.0045701169049908)
(-0.00055807198610631492 1.4798432797730574 2.0045099717869013)
(0.50729871957872263 1.4813413588859778 2.0045666113977987)
(1.0152363132301634 1.4948369098832364 2.0047731900230201)
(1.5148128425173149 1.5148116205681226 2.00490942102331)
(-1.5148510041036558 -1.5148499779554128 2.5105383297004478)
(-1.0154073762322262 -1.4949973433097823 2.5101361412702139)
(-0.50789298031730234 -1.4815950786121903 2.5097665956341126)
(-0.00056635186393223791 -1.4802609636932365 2.5096735755171746)
(0.50695603422853797 -1.4817569319484243 2.5097432336006156)
(1.0148799921351248 -1.4951912057731211 2.5101082736029965)
(1.5146600611112375 -1.5149642403581893 2.5105214515809915)
(-1.4949979910161917 -1.0154056865334009 2.510133076757334)
(-0.9924083907142548 -0.9924067936080947 2.508248581117317)
(-0.46250828152483708 -0.90367460281300449 2.5065078841687707)
(-0.0011375160587674682 -0.9790545035665017 2.5065234503848162)
(0.46068221879603816 -0.9042954984642485 2.5064420875738813)
(0.99157377440848626 -0.99287619937473581 2.5081812272184263)
(1.4946773791149717 -1.0156549009220677 2.5100945304814695)
(-1.4815953351224276 -0.50789098800449783 2.5097570038736503)
(-0.90367603177053524 -0.46250525998414743 2.5064937316546727)
(-0.58006445737755241 -0.58006159972806215 2.5052003587077727)
(0.57847043424410416 -0.5811219609005478 2.5050732714329462)
(0.90282092275678383 -0.46313582531572078 2.5063666784781398)
(1.4812248921850364 -0.50812938018412579 2.5096955651315342)
(-1.4802607187300874 -0.00056419484183029001 2.50965657840863)
(-0.97905438125385891 -0.0011336670515841238 2.5064901006091502)
(0.97844403090412269 -0.0011368245187219628 2.5063482665070826)
(1.4798834326449664 -0.00056336544433952668 2.5095868050002292)
(-1.4817561600711955 0.50695831353918475 2.509723091059243)
(-0.90429327421628769 0.46068607941319595 2.5063979462213739)
(-0.58111705799666569 0.57847456251189555 2.5050151565793244)
(0.57955676493065833 0.57954899263853443 2.5048993331312919)
(0.90343961956133456 0.46131911509447365 2.5062785252523856)
(1.4813889200466832 0.5071983612120684 2.509665533809919)
(-1.4951900488513903 1.0148818866280671 2.5100919290460353)
(-0.99287309181700056 0.99157575282210209 2.5081502709108419)
(-0.46312944628508762 0.90282269090040967 2.5063220254082212)
(-0.0011283104763040001 0.9784430691613285 2.5063138975010317)
(0.46132708456808008 0.90343551209838824 2.506263676288663)
(0.99205462363603536 0.99205044006591669 2.5080909276516494)
(1.4948759922771047 1.015132785467511 2.5100580591652895)
(-1.5149628867588403 1.5146610765758362 2.5105127923812378)
(-1.015652213471558 1.4946779879525067 2.5100781766328595)
(-0.50812546610469322 1.4812249721027371 2.5096752616474447)
(-0.00055874146924456136 1.4798827885952461 2.5095694110813773)
(0.50720277893968402 1.4813876560600812 2.5096555081963201)
(1.0151359210746993 1.4948744929615003 2.5100547910161746)
(1.5147779168123379 1.5147764368557133 2.5104988617037507)
(-1.5146890708959089 -1.5146878458250224 3.0206906717256894)
(-1.0150918650842413 -1.4948188775585305 3.019815322768606)
(-0.50764756046938042 -1.481357851444514 3.0193121932240272)
(-0.00056587911810686287 -1.4799993484383176 3.019217528976561)
(0.50671841838546017 -1.4815360697456184 3.0192364603450295)
(1.0145830855426792 -1.495034810984879 3.0197229661286924)
(1.5145161923380717 -1.5148187178025165 3.0206332833313358)
(-1.4948197998362742 -1.0150891148411318 3.0198127155578418)
(-0.99210906005923105 -0.99210581479661109 3.0168619427753187)
(-0.46232473490732773 -0.90337480725348784 3.014451972018851)
(-0.0011543634766280758 -0.97873307802313703 3.0144763207859073)
(0.46048257149294286 -0.9040264256834476 3.0142420046574996)
(0.99129771396051991 -0.99261255866264075 3.016645316347331)
(1.4945278066477967 -1.0153647914145751 3.0196856502504659)
(-1.481358014148066 -0.50764305832451262 3.0193035111412145)
(-0.9033776751392828 -0.46231695170506965 3.0144380788392637)
(-0.57985238113086079 -0.57984524441177598 3.0126215363750135)
(0.5782472387869807 -0.58094985270844812 3.0122194812741063)
(0.90254598956087262 -0.46298290797772584 3.0140374846009172)
(1.4810255704459256 -0.50790376739569087 3.0191074837168173)
(-1.4799980033607627 -0.00056013899727021255 3.0192018169162229)
(-0.97873106601041326 -0.0011437559599607877 3.0144442355521326)
(0.97815793670062368 -0.0011541491809710924 3.0140048176564713)
(1.4796614924626441 -0.00056321455526160691 3.0189846107888716)
(-1.4815333439516654 0.50672390296149705 3.0192176828654635)
(-0.90401822969105017 0.46049311631425149 3.0141998734465414)
(-0.58093333058531893 0.57825907868826421 3.0121636595297514)
(0.57938162720763353 0.57935690295046649 3.011821595117226)
(0.9031934384318967 0.46114439755770054 3.01383973975922)
(1.4812009738439942 0.50697728237597861 3.0190414097574041)
(-1.4950318086463981 1.0145867367867893 3.0197077377990182)
(-0.99260390763181017 0.99130266916928733 3.0166161124199857)
(-0.46296354156508118 0.90255114413624804 3.0139947469231112)
(-0.0011281536108949664 0.97815485186688267 3.0139716569012434)
(0.46116866626091008 0.90318053622042416 3.0138252260361278)
(0.99181094371263556 0.99179901101475387 3.0164410378669468)
(1.4947419646465405 1.0148544334371667 3.0196045181858771)
(-1.5148163171166957 1.5145177084683017 3.02062539557051)
(-1.015358790853512 1.4945291034559252 3.0196705825115941)
(-0.50789319793037213 1.4810258581501778 3.0190886894338123)
(-0.00054969352438486579 1.4796595081449031 3.0189684926933729)
(0.50698956765420533 1.4811969946985111 3.0190321454812392)
(1.0148620831847679 1.4947378225005421 3.0196015481463534)
(1.5146460644021218 1.5146430127204504 3.0205828487277477)
(-1.5141499039607493 -1.5141481199283167 3.5369360312323215)
(-1.0143428540983701 -1.4940986496776196 3.5358514133474181)
(-0.50711488815810546 -1.4804353972716773 3.5356172905652206)
(-0.0005404128345133305 -1.4790080917211075 3.5356685556810059)
(0.50623529127602407 -1.4806521679834577 3.5354135029673257)
(1.013877991286761 -1.4943664044935849 3.5356055023726207)
(1.5140073117425286 -1.5143177520838007 3.5367882620000239)
(-1.4941000815433152 -1.0143379104437111 3.5358491330378117)
(-0.99118536765724419 -0.99117908135653654 3.5324612375879645)
(-0.46179351338297536 -0.90239452749934501 3.5303567371233973)
(-0.0011501689447235147 -0.97764735679278703 3.5304122979007926)
(0.45997145669969369 -0.90310968097270572 3.5297993380486483)
(0.99042977254796427 -0.99177560088404326 3.5318830147509241)
(1.4938603729530224 -1.0146828017405447 3.5355130417754004)
(-1.4804351242976066 -0.50710558395632133 3.5356097249847132)
(-0.90239999241023994 -0.46177635385841931 3.5303444344621417)
(-0.57920078261643415 -0.5791853182911989 3.5286301195383598)
(0.57761533614748684 -0.58037592720108544 3.5275695570347612)
(0.90163766411952584 -0.46252202017701693 3.529290376030338)
(1.4801856511042197 -0.5074269378266284 3.5350906770414929)
(-1.4790041865483032 -0.00052781345172337596 3.5356548965989751)
(-0.97764116871594609 -0.0011254853402658978 3.5303833951822234)
(0.97716691805278766 -0.0011494901507185275 3.5292587179411621)
(1.478764121890866 -0.00053841828754388338 3.5350924850360474)
(-1.4806450084651175 0.50624718611584518 3.5353971488243539)
(-0.90308838851684448 0.45999645465333339 3.5297610650957694)
(-0.58033325360570209 0.57764463445477243 3.5275181011047394)
(0.57885311718518773 0.5787881402718994 3.5267366622190259)
(0.90235092847143128 0.46069705571390662 3.5288904330064397)
(1.480395343576856 0.50654566860800643 3.5349574436106135)
(-1.4943589441427823 1.0138853325251049 3.5355922576039163)
(-0.99175424679860202 0.99044080482480723 3.531857061144954)
(-0.46247264912509845 0.9016501359885446 3.5292509686914144)
(-0.0010823753375159804 0.9771582216026069 3.5292272109128953)
(0.46075996435425637 0.90231657372103358 3.5288763579742275)
(0.99103687279039943 0.99100591933203974 3.5314528945237118)
(1.4941252036016681 1.0142109248888331 3.5353437152460083)
(-1.5143125151687327 1.5140099007250911 3.5367814713375201)
(-1.0146687162221928 1.4938629346642713 3.5354998405182463)
(-0.50740088629933244 1.4801857655195627 3.5350741197051634)
(-0.00050431898624549165 1.4787582466103186 3.5350782868715909)
(0.50657663289930499 1.4803842384942798 3.5349493793831797)
(1.0142298520087205 1.4941140786001392 3.5353412640116866)
(1.5141780135000231 1.5141707538111258 3.536679955833784)
(-1.5129950409494983 -1.5129925043635306 4.0601174488694074)
(-1.0127205829821146 -1.4922447321199088 4.0599441344923708)
(-0.50592150129531932 -1.4780877941398214 4.0611191507007804)
(-0.00037582607800652063 -1.4765056070456526 4.0617123929996453)
(0.50521287478086541 -1.4783566628508207 4.0607413120367184)
(1.0121604734652239 -1.4925575942021072 4.0595609937890602)
(1.5126914551061676 -1.5131794066164754 4.0599587687336092)
(-1.4922465582829589 -1.0127125840388695 4.0599419044042433)
(-0.98892156607850945 -0.98891141405487482 4.0586128386147049)
(-0.46040418538318129 -0.90001632041481794 4.0596489788948045)
(-0.00097933058308275617 -0.97502553347257592 4.0598556938004968)
(0.45871802220882074 -0.90085302580896942 4.05843861996882)
(0.98802082436644434 -0.98972568544983042 4.057453279983128)
(1.4918314125072389 -1.0132347524370782 4.0593444219561476)
(-1.4780861927039264 -0.50590547674663555 4.0611132212957264)
(-0.90002379870598337 -0.46037310016638483 4.0596394403718614)
(-0.57756354422167644 -0.57753722150340059 4.0598221919829891)
(0.57601109517621529 -0.5789334278963707 4.0574194681173923)
(0.89928476394947288 -0.46137050759708914 4.057252396231763)
(1.47782064566838 -0.5064562543648865 4.0599986704344539)
(-1.4764967981213051 -0.00035321423645107153 4.0617024585677859)
(-0.97501086109888235 -0.00093219262658962576 4.0598332619982687)
(0.97474419827608894 -0.00096428656732479301 4.0573043028683307)
(1.4763967279018275 -0.00038727210853808924 4.060454106129618)
(-1.4783410766394052 0.50523456265426914 4.0607294249192449)
(-0.90080757041880344 0.45876668501138285 4.0584087137740985)
(-0.57884155899750533 0.57607005348353779 4.0573765065021314)
(0.5777053572520533 0.57755529414356954 4.0561009800949446)
(0.90034315102313567 0.45981658875851528 4.0566981989977675)
(1.4782606499351392 0.50579585987522124 4.0598131106455266)
(-1.4925412004310679 1.0121733893032303 4.0595514170062375)
(-0.98967990044109366 0.98804046186339245 4.0574338462962922)
(-0.46126253069016787 0.89930731673848674 4.0572184773757396)
(-0.00081417380096543771 0.97471937800493291 4.0572745102804308)
(0.45996026052073047 0.90026074787406551 4.0566843136374171)
(0.98917698728293968 0.98910320381084627 4.0567677719168564)
(1.4924118482902566 1.0128557847989812 4.0590970466515337)
(-1.5131682112168841 1.5126953947213748 4.059954030123488)
(-1.0132044255804313 1.4918347097485813 4.0593350332059197)
(-0.50639936329057111 1.4778172927983748 4.059986646497225)
(-0.00031138956506834847 1.4763790252737574 4.0604437650959824)
(0.50586637024597858 1.478231053752401 4.0598074883121056)
(1.012900034217181 1.4923832646234507 4.059095707198324)
(1.5130863698240893 1.5130689482453106 4.0597937818682279)
(-1.51036077929895 -1.5103576561834919 4.5881094829704896)
(-1.0091094393678757 -1.4881777276839689 4.5918929082836515)
(-0.50266249490150317 -1.4729043119120169 4.5971986088666856)
(0.00076205182976943342 -1.4708299676003631 4.5997496456415448)
(0.50274266343527474 -1.4728834061256237 4.5977131039841774)
(1.0070832651596837 -1.4879207613086889 4.5930278608920654)
(1.5084328833341178 -1.5100747687697926 4.5891592906789649)
(-1.4881795354213376 -1.0090991050539868 4.5918909860442971)
(-0.98366982447086437 -0.98365689423309099 4.598022905007519)
(-0.45642444722082354 -0.89464538898733303 4.6082225116461082)
(0.00030068377969387494 -0.96931563101707807 4.6098065467291081)
(0.45533826536378202 -0.89587757814882141 4.6071502828561126)
(0.98074926261744322 -0.98507237907750378 4.5977631171412927)
(1.4857957673790323 -1.0100564653509747 4.5921471103203686)
(-1.4729000986599197 -0.50264052553956251 4.597195327781268)
(-0.8946536439227224 -0.45637986881247744 4.6082176608759369)
(-0.573357616175458 -0.57332150453103725 4.6133773029464935)
(0.57143701294967464 -0.57587956915071437 4.60977591011443)
(0.89303650111298472 -0.45869890843010686 4.6041946740063535)
(1.4714926627328639 -0.50425368106360069 4.5957016875404726)
(-1.4708132396283677 0.00079458949122029887 4.599745305087569)
(-0.96928780214525023 0.00037242635325740459 4.6097955850084666)
(0.96932959628384929 0.00016695775686877481 4.6046178032074412)
(1.4706249570346324 0.0005069507754176944 4.5973804847415849)
(-1.4728544569249993 0.50277433948890793 4.5977083045446205)
(-0.89579486391045382 0.45541291045464732 4.6071342308238599)
(-0.57571152199649633 0.57152954686839963 4.6097452783377237)
(0.57568459660841664 0.57537129598402503 4.6093462489453669)
(0.8961217658536329 0.45845624310264022 4.6046067142015001)
(1.4730515912662605 0.50457304043186268 4.5961063643533659)
(-1.487889638369092 1.0071010935401197 4.5930245800487999)
(-0.9849863380988173 0.98077369504877221 4.597754648704492)
(-0.4584938079720583 0.89305966541620785 4.6041673233458233)
(0.00046375637919158011 0.96925658059391895 4.6045846935690857)
(0.45875335968388387 0.89593620749999159 4.6045881118858505)
(0.98481128737485391 0.98464396416343369 4.5977258762939606)
(1.487728333224094 1.009517371663017 4.5927303495527916)
(-1.5100532865464711 1.5084368506345907 4.589158288372122)
(-1.0099980004233138 1.4857948565292267 4.5921450316062966)
(-0.50414215967822729 1.4714723229431048 4.5956988032551953)
(0.00065974537909757602 1.4705705373701199 4.5973782155611937)
(0.50472097031351126 1.4729726897084237 4.5961059205058916)
(1.009615778587426 1.4876561287522587 4.5927314694744199)
(1.5096856882263265 1.509644187279076 4.5894990360118797)
(-1.5053586720010099 -1.5053563981528906 5.1144886128950384)
(-1.001325830326818 -1.4800617424765998 5.1260866257769715)
(-0.49283485329785381 -1.4615760789665784 5.1417397002893006)
(0.008073923517998946 -1.4559852240938802 5.1537007949507085)
(0.49666907049744419 -1.4564415253324321 5.1531049311537709)
(0.98961347898346996 -1.4735307073233914 5.140117035112862)
(1.4963351994368341 -1.502132908979195 5.1215305515374858)
(-1.4800617741390973 -1.0013165260549277 5.12608575111547)
(-0.97182168220171794 -0.97181085375729204 5.1466480992240697)
(-0.44448408866582589 -0.88255420760632641 5.1776787906667812)
(0.0084537739954796652 -0.95825760512465341 5.1892140134192868)
(0.44701316411233061 -0.88726052270043976 5.1874400271564234)
(0.9568817360954146 -0.97554559504211347 5.1591870585577375)
(1.469244636102379 -1.0034340228424452 5.1323062587760377)
(-1.4615670057420429 -0.49281240350693339 5.1417393233021649)
(-0.88255672977913946 -0.44443740402661575 5.1776808415105284)
(-0.56174580741538804 -0.56171041920698606 5.1904153101588237)
(0.55719964917898968 -0.57334591048336359 5.1948832851863278)
(0.87494552805387882 -0.45417773471919565 5.1764841596999895)
(1.4549433728646057 -0.49866884172340131 5.1420824936964573)
(-1.4559569865360451 0.0081092812461020444 5.1537020900889514)
(-0.95820841392597011 0.008535028945559988 5.1892196029199953)
(0.95893141338868826 0.0061944851230783596 5.1784853104477859)
(1.4551359052829247 0.0063692665714832897 5.1490831876674754)
(-1.4563935226985689 0.49670342841586879 5.1531080678889287)
(-0.88712637588980847 0.44709388643984127 5.1874437263505326)
(-0.57307994006811702 0.55729837552496198 5.1948645866281691)
(0.57388424998366916 0.57327362313994756 5.2011986792244302)
(0.88950500906632823 0.45748385208507469 5.1837298560469982)
(1.4573402891694789 0.50224619131852255 5.1499059463557506)
(-1.4734775350295328 0.9896300919383173 5.1401215191857395)
(-0.97540130499577204 0.95689261862585639 5.1591930910135702)
(-0.45383602979746485 0.87492624814448638 5.1764595108697087)
(0.0067210464051231204 0.95871175478071846 5.1784395471225935)
(0.45806337952507603 0.88909782148563166 5.1836741443807908)
(0.97312936432777775 0.97275801168928167 5.1651996776585287)
(1.4722091240934092 0.99771301724430017 5.1416679556019602)
(-1.5020956414499984 1.4963350680785243 5.1215344867790575)
(-1.0033331507089602 1.4692263075998007 5.1323145624453463)
(-0.49846906116436707 1.4548696111618278 5.1420951502619463)
(0.0066589516237654384 1.4549742116880677 5.1491005580067801)
(0.50254398095203368 1.457125317745086 5.1499227683219377)
(0.99792615073509761 1.4720257930038514 5.1416766737281989)
(1.4988351643556932 1.4987376456475474 5.1255969564894546)
(-1.4956663782094086 -1.4956672738123746 5.6264000692697111)
(-0.98437962061656126 -1.4637424006962121 5.6476337179617406)
(-0.47416488743495999 -1.4403272023063944 5.6744912030770669)
(0.055553700019951024 -1.3917917001104301 5.74711063324831)
(0.47553858004465849 -1.3453007906010392 5.7982323122301178)
(0.91582218975398444 -1.4103488320119848 5.7172960255510272)
(1.479881096620103 -1.4902522170491084 5.6365621741090983)
(-1.4637369306121162 -0.98437645315091549 5.6476334630507896)
(-0.94614944837716375 -0.94614957114097376 5.6854216018223411)
(-0.417924487937127 -0.85578869820191683 5.7458734933242051)
(0.058017212073167915 -0.9636181680127226 5.8075428164697556)
(0.45102777030223656 -0.92230224795386784 5.8500763000158322)
(0.84481438087836691 -0.94880342978869836 5.7808796962349822)
(1.4478625745269631 -0.99318572613528655 5.6529789364659102)
(-1.4403094951631372 -0.47415110868372018 5.6744913558761478)
(-0.8557744629935351 -0.41789961492939459 5.7458754695010823)
(-0.53332166538915449 -0.53330702915063122 5.7742184080209569)
(0.53373144530904626 -0.58103190951934558 5.8292163407137441)
(0.81539186470586467 -0.47456686718419805 5.773264206089542)
(1.4317902762252686 -0.48979851540817243 5.6690929733869497)
(-1.3917427187158353 0.055579782795646501 5.7471126916337996)
(-0.96353463728241573 0.058062554651093869 5.8075513315520251)
(0.96632369086023984 0.057548155183861159 5.7859109895492642)
(1.3926465285307241 0.055757928377972429 5.7338806840558751)
(-1.3452170688786569 0.47556559979104662 5.7982370154543306)
(-0.92210690024419306 0.45105415807202814 5.8500918124688104)
(-0.5806289529961195 0.53372397441631803 5.8292275064706089)
(0.56394580317033538 0.56271639000933305 5.7926181850230156)
(0.94319735556274065 0.45966665770420712 5.8301620233954417)
(1.347907229670072 0.48717801999320531 5.7902801648772089)
(-1.4102579060690608 0.91582721648099097 5.7173040919804388)
(-0.94857397018446343 0.84478618822817009 5.7808955031023848)
(-0.47407011635084251 0.81525155060613097 5.7732436334523456)
(0.058408530525019861 0.96571722906790336 5.7858418089088444)
(0.46070460836626398 0.94221151293076244 5.8301938662905046)
(0.93682650548156932 0.93600677276786082 5.7922609267881606)
(1.4044956707007161 0.93244611336719796 5.7236526978230833)
(-1.4901936600186982 1.4798690606027387 5.6365694006162332)
(-0.99303142881734896 1.4478071908804409 5.6529955757248773)
(-0.4894772055022264 1.4316088843135264 5.6691252859770334)
(0.056325568845081241 1.3921934046888782 5.7339326540112259)
(0.48785928885972768 1.3472721686024209 5.7903337217576354)
(0.93292111294300906 1.404038196871257 5.7236771716770214)
(1.480783837854956 1.4805892281588389 5.6471634997374158)
(-1.480067424674844 -1.4800744605303693 6.1047421584473813)
(-0.8945574599846533 -1.348611303678303 6.1146523418894496)
(-0.3168627026576849 -1.1529254632068577 6.1837690866305195)
(0.036953641255268767 -1.1824204544377841 6.2133848602459762)
(0.45500983457202726 -1.2834723489993327 6.1917752808585211)
(0.86820912062969446 -1.364453954263612 6.1483588701694201)
(1.4690326325565337 -1.4793430715089066 6.1083228214596401)
(-1.3491388284704375 -0.89596809873754357 6.1143319242318848)
(-0.67192501420151174 -0.67415606832995423 6.1898221577807533)
(-0.21177167330451382 -0.65282393993260979 6.2296966694037836)
(0.076280502986809093 -0.8608384934226514 6.2400867456949483)
(0.41467685955097244 -0.85329104043037818 6.2139304235878212)
(0.77171760580992188 -0.90684216858084987 6.1765248543735334)
(1.4352653958185524 -0.98165048675235167 6.1157626334956268)
(-1.1562666294591808 -0.32005770302994063 6.1821427887869342)
(-0.65489783539825386 -0.2174074140219574 6.2285760557140586)
(-0.39789040962569411 -0.39947440268558532 6.322560505892862)
(0.42425468849479203 -0.51473682089013006 6.2514579290704431)
(0.68776306972800005 -0.41697560169065245 6.2058697380960091)
(1.3617826279181076 -0.46004538058998834 6.1153024990316256)
(-1.1858202248294434 0.035886484790690662 6.2114530603884264)
(-0.86391590360246628 0.074584887802439867 6.2386249353869481)
(0.83430029135318606 0.12731918916277019 6.215200011871139)
(1.271767003664507 0.1045522837169699 6.1585454051298738)
(-1.2833474214554872 0.45500589418358878 6.1917728080218319)
(-0.85504182712276289 0.41395688547831178 6.2134103309640611)
(-0.51473645560831538 0.42359930036740984 6.2510790080313772)
(0.511976554026775 0.50839360846377557 6.3117410834613183)
(0.79480283345820069 0.45132389370622561 6.2867722539964737)
(1.2759115178205702 0.46808960109016406 6.1887389407919278)
(-1.3643155402479972 0.86817997232205357 6.1483622886803682)
(-0.90652208005566615 0.77162220320163966 6.176536755780841)
(-0.41683350921419093 0.68758453380863382 6.2055857885304659)
(0.12293506876694781 0.83385987059752487 6.2111812539575615)
(0.45695505558006005 0.79014254980338061 6.2861783185758009)
(0.8699439126827414 0.86851883987992839 6.2412684378465633)
(1.3473597382153484 0.88394363208845128 6.16096442938177)
(-1.4792553357495253 1.4689952422499117 6.1083293089818786)
(-0.98143598353407768 1.435151490309361 6.115777396348542)
(-0.45967988738777177 1.3606456086623329 6.1152276836665242)
(0.10422276016460759 1.2712724888804479 6.1571010280888636)
(0.46913979664140049 1.2748241666079787 6.1888476670325012)
(0.88472319060762372 1.3465676178112371 6.1610124216122832)
(1.465363345087048 1.465044874165673 6.1195770846617377)
(-1.4535452556922108 -1.4535639195605372 6.5437067805359046)
(-0.86459997317114401 -1.2989228384561557 6.5153866160674028)
(-0.32341472138085597 -1.1143973068139359 6.4804095213360089)
(0.017934394095242331 -1.1366714892963901 6.496009163555672)
(0.43905409285775537 -1.2454208240334632 6.5308620653229905)
(0.89165641102331994 -1.3646247448891862 6.5255121991412821)
(1.4605283853883639 -1.4639991306989522 6.5481517539116876)
(-1.2995322084081375 -0.86567285588113296 6.5152441617352475)
(-0.61070910888047258 -0.6129048744452934 6.4845038561612878)
(-0.26430855264640096 -0.61301758281330243 6.4433250904203154)
(0.0048688253083357409 -0.81124309683941664 6.5309234499014943)
(0.44720017705393317 -0.7834815957978597 6.5195321190077307)
(0.79917789898974068 -0.88277560517673692 6.4803535481454242)
(1.4095494179954737 -0.95191350367620875 6.5267604927834695)
(-1.1182759506653059 -0.32584084885187037 6.4797602689224529)
(-0.61399953596276691 -0.26515541399997056 6.4418791072722419)
(-0.38787903475034535 -0.3895143966604509 6.4784223452250274)
(0.49189883380515376 -0.44757197548534944 6.45300968043259)
(0.73643211496440286 -0.40198089477709426 6.4480610694253606)
(1.3135984294459535 -0.43872396797149749 6.4900412532152281)
(-1.140455278167829 0.016889881220728035 6.4948239334067592)
(-0.81204888372896222 0.007784576231388428 6.5296258194458101)
(0.868807123757249 0.072818951672815518 6.4484799999926468)
(1.2230257666764583 0.080390512096915168 6.4783628905672428)
(-1.246724330686046 0.43819815650064542 6.5297782916916169)
(-0.78521849259704013 0.44637138495434675 6.51896644028003)
(-0.44738871209979764 0.49123543708580408 6.4528448824207265)
(0.49817612107286025 0.48576614811655749 6.6363014396296105)
(0.80373492881599973 0.36882249583235244 6.6182355655174474)
(1.2335426349912308 0.43404395603298279 6.5292243406614485)
(-1.3644221647695107 0.89156085177328581 6.5255005735632894)
(-0.8823206183219493 0.79893235827420661 6.4803393606649005)
(-0.40125641455809652 0.7357705556139964 6.4480936588241882)
(0.070607155376443242 0.8659849301270014 6.4472510394595535)
(0.38745079161900103 0.66204308706945514 6.6001611815173398)
(0.82134163688641337 0.81316577861015182 6.5714617700864792)
(1.2825158418821476 0.84362143282732538 6.5398999553537687)
(-1.4638671539549499 1.4604509103294272 6.5481490552965242)
(-0.9515915664313056 1.4093180764096187 6.5267499264104059)
(-0.4382210020678865 1.3124350225469672 6.4898660270861148)
(0.082217954555105652 1.2211201074309554 6.477636596955767)
(0.44067786961228633 1.2304052776976031 6.5265871937288971)
(0.84727088093205616 1.2798983183795809 6.5383293837868441)
(1.4488200168359893 1.4483377372341435 6.55149263407632)
(0.42228015241983718 -1.045030989399766 -6.3728296568068963)
(0.25577614565801554 -1.0460539455113107 -6.2308994716469552)
(0.58363104428563972 -0.67512341836966994 -6.2149832943817955)
(0.45206107947424468 -1.1328860746838558 -6.0280593863483416)
(-1.0500239548463257 0.42269960860698763 -6.3677634884494472)
(-1.0521479840944783 0.25608672945328331 -6.2248639668025358)
(-0.67567417184081546 0.58300206143564215 -6.2145273194644979)
(-1.1327813110537537 0.45204940723547266 -6.0280915293012454)
(0.82475830435559327 0.61837330619290354 -6.4455923819315837)
(0.63208714192071758 0.82722812801351797 -6.4274494804090061)
(1.0222142440330844 0.43360111151835012 -6.413006153764818)
(1.0640336735568272 0.28866078917958959 -6.2122859274646229)
(0.44392916039021874 1.0284317309182727 -6.3961514244524595)
(0.28944522413587931 1.0591093735848329 -6.2134502158706226)
(1.1366590402766157 0.46541306884546885 -6.0247428510765166)
(0.46655433836297533 1.1354827162896042 -6.0248554765115063)
(0.45204593422813766 -1.1328911309122767 6.0280750231532805)
(0.25403382053601298 -1.0526450591217829 6.2249334701295007)
(0.58317441170286588 -0.67631321581870008 6.2145190904076939)
(0.42134952865015263 -1.0503534787007971 6.3680497778548952)
(-1.1327568254431322 0.45206875474369257 6.0280796486062824)
(-1.0557654507432261 0.25295792679096313 6.2234455071325714)
(-0.67659897382724998 0.58260125693129994 6.2143468078813848)
(-1.0526661892771039 0.42078633954194034 6.3668492758105888)
(1.1366478462441698 0.46543124394628271 6.0247507390582555)
(1.0613239976145519 0.2891058799316189 6.2164693924166459)
(0.46654637596709342 1.1355023375511615 6.0248493074665728)
(0.28943642467796732 1.0589370447113522 6.2137247073621795)
(0.83264333381580757 0.62402008103640461 6.4284443514959744)
(0.63156215858767362 0.82687444073284988 6.4278522587007769)
(1.0330231381727621 0.43802753552254325 6.3995046784854797)
(0.44414227085980512 1.0282267880067379 6.396390413425979)
(-0.11085100622129758 -0.94615481286549563 -6.3627675164899804)
(-0.94994201318254234 -0.11197677044868772 -6.3526512907148796)
(-0.47797711190538839 -0.47750416701978626 -6.365031093825384)
(0.24382078628715143 -1.0092239132658563 -6.375785493414595)
(0.58525258176183848 -1.1179393528180781 -6.3705764328030092)
(0.59347373217871191 -0.65956565935074873 -6.3358478291059406)
(0.30550789636264236 -1.138273144331224 -6.0761538263813586)
(0.59113720996987928 -1.143116628252856 -6.0001470968352297)
(0.61719164612623667 -0.70530375522928201 -6.0856390770770181)
(-1.0169266325197146 0.24625434294936938 -6.3664006788485761)
(-1.1177486005398334 0.58516022935547896 -6.3705889481378142)
(-0.66071611777463446 0.5926554694682683 -6.3348464617557108)
(-1.13818629471314 0.30549233014696703 -6.0761771156513023)
(-1.1429923441450631 0.59111924845140906 -6.0001821767816876)
(-0.70493423991768311 0.61708900110259934 -6.0856921739589982)
(0.64929481356828078 0.63857076297151483 -6.4418410490195717)
(1.0318476284251157 0.27894212048250056 -6.359501857536471)
(1.0428079214719295 0.62870319813596232 -6.3959298000981448)
(0.27822251156476163 1.0400616051649914 -6.353443068831532)
(0.63662231600284513 1.0429967394957433 -6.3921967960116914)
(1.1413000215999698 0.32040279463425825 -6.0627562225822826)
(1.1398611128509624 0.61742724578733921 -6.0065642745516046)
(0.32155347108272259 1.1401492413165668 -6.0628736458745855)
(0.61846948438114291 1.1387861734649078 -6.0066471780746094)
(-0.11615307782102487 -0.95308339861464908 6.3517901096690101)
(-0.95693476438802805 -0.11886285708698212 6.3496135471094481)
(-0.48211073488941147 -0.48379449951851444 6.3639747945212131)
(0.30549265492648325 -1.1382776121396172 6.0761666362611182)
(0.59112446571100241 -1.1431205133111229 6.000162816805144)
(0.61717795801861652 -0.70530189121518161 6.0856613545747482)
(0.24236493032189318 -1.0181275548039488 6.3665521186855436)
(0.58523954084023844 -1.1179400014030461 6.370584986862621)
(0.59272878657078643 -0.66118636245088669 6.3348678154573417)
(-1.1381616120383362 0.30551181114781673 6.0761682028750945)
(-1.1429701418113125 0.59113558464560745 6.0001700488182941)
(-0.70490768488209687 0.61710508461786973 6.0856811535728159)
(-1.0219444433272822 0.24116793697096309 6.3648111461548922)
(-1.1177089255967321 0.58517530909844551 6.3705772453502938)
(-0.66170333002287662 0.59204566297147454 6.3346298994118255)
(1.1412887765297455 0.32042012678153586 6.0627659261734159)
(1.1398515024162965 0.61744412346502697 6.0065699655145961)
(0.32154637037853817 1.1401687720495499 6.062867888976057)
(0.61846231410901487 1.138804078816497 6.0066422884795498)
(0.64903693994120581 0.63897597087219082 6.4418739944281018)
(1.0437518473781273 0.27536844557036322 6.3567810789766916)
(1.0476953016252277 0.63085678296708725 6.3944480667062242)
(0.27826236705831803 1.0399862644357933 6.3536962673446942)
(0.63680532761621678 1.0429806773610693 6.3922391976891397)
(-2 -2 -7)
(-2 -2 -6.5686584189455326)
(-1.5408799900149652 -2 -7)
(-2 -1.5408799900149652 -7)
(-1.5299723655277364 -2 -6.5559691665076318)
(-2 -1.5299723730958594 -6.5559693309130465)
(-1.4249668966572024 -1.4249554995975167 -6.9774945877600167)
(-1.0401743726780177 -2 -7)
(-1.0403271605025286 -2 -6.5564000049489337)
(-0.87847473923566533 -1.3069093327150583 -6.8831751260954075)
(-0.54087999001496523 -2 -7)
(-0.53073889478251801 -2 -6.5583357992811111)
(-0.41433326521151914 -1.2015654203040314 -6.8745934028723061)
(-1.6653345369377348e-16 -2 -7)
(0.0004419712066021831 -2 -6.5592086698231569)
(0.022369670496748997 -1.2123704884154276 -6.9037033914918942)
(0.54087999001496523 -2 -7)
(0.53151042154345773 -2 -6.5583292755907472)
(0.44743287362011652 -1.2751513843189151 -6.9773997121105307)
(1.0401743726780177 -2 -7)
(1.0408420873237767 -2 -6.5563925465895094)
(0.93238556253892857 -1.3584513365380424 -6.9939726689710753)
(2 -2 -7)
(2 -2 -6.5686584189455326)
(1.5408799900149652 -2 -7)
(1.999990438072613 -1.5410333780521974 -7)
(1.530209795795695 -2 -6.5559653755867977)
(1.9999892970687378 -1.5301595607743266 -6.5560408852192387)
(1.4588021446051402 -1.4459361340158288 -6.9909106917370565)
(-2 -1.0401743726780177 -7)
(-2 -1.040328364421498 -6.5564008585463291)
(-1.3068985394900863 -0.87846061580912105 -6.8831878632780397)
(-0.5618614644591714 -0.56158646952052749 -6.8524992392020456)
(-0.13455969834031517 -0.26283154810848408 -6.5)
(-0.075180885115524385 -0.48292312070996801 -6.8671728021722407)
(0.27509284762458286 -0.45816392157054758 -6.9262291396489735)
(0.77618039053248189 -0.66160258843747155 -6.9183466250130854)
(1.9999980405886502 -1.0402058124889066 -7)
(1.9999877354104076 -1.0405889818005485 -6.5565260062699897)
(1.3760497665423466 -0.90563736823828944 -6.8902584947972638)
(-2 -0.54087999001496523 -7)
(-2 -0.53074099797855723 -6.5583377268479479)
(-1.2014834875540381 -0.41437268502407359 -6.8745944423951508)
(-0.46227568553222786 -0.22381838284300373 -6.5460830275396846)
(-0.222803565635359 -0.22283594169965093 -6.5)
(0.2869328232368924 -0.17636511583271314 -6.5)
(0.31305809684227903 -0.096826499998076548 -6.5)
(1.9999763303108944 -0.54125969832106957 -7)
(2.000007682487893 -0.53101707958667899 -6.5585059491991515)
(1.2489288404070829 -0.43061871194877099 -6.8272778552056756)
(-2 1.6653345369377348e-16 -7)
(-2 0.00044217654227861846 -6.5592114535733863)
(-1.2121846354176009 0.022262120489813606 -6.9036666182361888)
(-0.46069651899652558 -0.11587119734006833 -6.8257091902534208)
(0.73651628944922709 0.037826675901194866 -6.5936774833327441)
(1.9999971784476562 -4.5264053774141111e-05 -7)
(1.9999661501941526 0.00036141510067197588 -6.5594062375551214)
(1.2082749810533751 -0.0074478686258325584 -6.8267080612181648)
(-2 0.54087999001496523 -7)
(-2 0.53151384496180287 -6.5583323777828664)
(-1.2749006881811575 0.44724949503763334 -6.9773594232182248)
(-0.45765810894947245 0.2743094986566561 -6.9261583773797701)
(-0.17596383692524259 0.2866821147139671 -6.5)
(0.20374590666609071 0.18200954796037605 -7)
(0.71293415248469105 0.14410189251620076 -6.935978642565467)
(1.9999757032992624 0.54049020940690418 -7)
(2.0000083613832271 0.5315280916523738 -6.5585289660906883)
(1.2194048548570708 0.41523563863866753 -6.8847353809468981)
(-2 1.0401743726780177 -7)
(-2 1.0408460489476699 -6.5563956145457061)
(-1.3581898568365123 0.93217758647243054 -6.9939365847408226)
(-0.66074127739053756 0.77572293753112276 -6.9181955065271037)
(-0.094395303340480283 0.31125315825464989 -6.5)
(0.046447473476409845 0.75058935133220561 -6.5783014048796016)
(0.14773709904639709 0.65242292546334968 -6.9543087990275252)
(0.61558685496218335 0.610255713164781 -6.8977513115432094)
(1.9999977270828342 1.0401379164082454 -7)
(1.9999841114964307 1.040980057170322 -6.5565650557895232)
(1.3344998660049689 0.88194615122605058 -6.9179681842527447)
(-2 2 -7)
(-2 2 -6.5686584189455326)
(-1.5410228116741891 1.9999904301103371 -7)
(-2 1.5408799900149652 -7)
(-1.5301538795897929 1.9999892882022565 -6.5560403501286366)
(-2 1.5302121503750539 -6.5559676791304211)
(-1.4457530503175684 1.4586671454921236 -6.9908944070433243)
(-1.040203647247512 1.9999980389570362 -7)
(-1.0405818289644377 1.9999877246571083 -6.5565259004149574)
(-0.90519900634296346 1.3758040774222342 -6.8902350244998454)
(-0.54123354220501629 1.9999763106009982 -7)
(-0.5310049744542823 2.0000076888274534 -6.5585066052384882)
(-0.43002674399120755 1.248254254692682 -6.8270785133018377)
(-4.2146106165596997e-05 1.9999971760981321 -7)
(0.00037258809155074125 1.999966121683513 -6.5594079230147848)
(-0.0062513757645689854 1.2070294699577848 -6.826246144327512)
(0.5405170584002037 1.9999756830672499 -7)
(0.53154509075724254 2.000008368196053 -6.5585313417787177)
(0.41675254547852442 1.2183181659597662 -6.8845407542453056)
(1.0401404280882636 1.9999977251901622 -7)
(1.0409914328219503 1.9999840985670454 -6.5565675959709884)
(0.88329719166303011 1.3333594429043658 -6.9179615460939452)
(2 2 -7)
(2 2 -6.5686584189455326)
(1.5407277889310309 1.9999898025765885 -7)
(1.9999898110609811 1.5407165296757763 -7)
(1.5303021650520026 1.9999864476301004 -6.5560674414194091)
(1.9999864590170096 1.5302947051710531 -6.5560652197952223)
(1.4322805807813801 1.431690460324093 -6.9881181922545874)
(-2 -2 -6.0922218298170918)
(-1.5304461217801004 -2 -6.0952106939651118)
(-2 -1.5304460174605616 -6.0952103532483957)
(-1.0435068047932199 -2 -6.0982618295899762)
(-0.53101817500298099 -2 -6.1015344169075592)
(0.0007047560883835499 -2 -6.102877025041292)
(0.53225182008818561 -2 -6.1015054790187824)
(1.0443282705979366 -2 -6.0982210357726911)
(2 -2 -6.0922218298170918)
(1.5308292180872554 -2 -6.0951805468826601)
(1.9999989951533985 -1.5306713770906284 -6.0953200628683497)
(-2 -1.0435082624229448 -6.0982623795416542)
(-0.070565887428174573 -0.30862143610033166 -6.5)
(0.042379370300513544 -0.30123624599693821 -6.5)
(0.11233963429390542 -0.29701110457409363 -6.5)
(2.0000016305076525 -1.0438398699007922 -6.0984688571460355)
(-2 -0.53102062937902161 -6.101537218907632)
(-0.30856461590476231 -0.070643989955531616 -6.5)
(-0.3105908387067382 -0.31064449875185007 -6.3918219847222906)
(0.20987117996781351 -0.23852664208669128 -6.5)
(0.430850141786776 -0.17746211270691176 -6.3274795965691002)
(1.9999999460399129 -0.53127437724834314 -6.1018206326021822)
(-2 0.00070525666988702749 -6.1028819038901769)
(-0.30086662922823104 0.04215670922393093 -6.5)
(0.50626111629664416 0.063709066669183828 -6.3945277774296425)
(1.9999997406475174 0.00067363043423591213 -6.1032116733660287)
(-2 0.53225701551438753 -6.1015109409619877)
(-0.29682808856222931 0.11216486288263877 -6.5)
(-0.23737283673885101 0.20912059838323729 -6.5)
(0.23443188291988568 0.2305015665520681 -6.5)
(0.37022241126658484 0.22574346260781536 -6.5)
(1.9999999324511926 0.53244695621370819 -6.1018400759315217)
(-2 1.0443348920401507 -6.0982261075780562)
(-0.17651808449076761 0.43076336750498911 -6.3273486490767645)
(0.042593899831443627 0.51455150506192038 -6.3870133641757239)
(0.22634470183960115 0.36977572454819807 -6.5)
(2.0000021492703377 1.044611920665242 -6.0984958140553935)
(-2 2 -6.0922218298170918)
(-1.5306669478323824 1.9999989943366274 -6.0953188769615281)
(-2 1.5308333696148928 -6.0951839273857464)
(-1.0438333853386186 2.0000016319915788 -6.0984679183308348)
(-0.53126666448309057 1.9999999459590134 -6.1018215970504572)
(0.00068458127279180073 1.9999997403868954 -6.1032148113084155)
(0.53246118499814021 1.9999999324259679 -6.101844224536876)
(1.0446249200587168 2.0000021509604662 -6.0985000886008001)
(2 2 -6.0922218298170918)
(1.531033730862065 1.9999987895331399 -6.0953393822520283)
(1.9999987905720353 1.5310263299304538 -6.0953363325423551)
(-2 -2 -5.6352213775603142)
(-1.5330290956611325 -2 -5.6158218680886858)
(-2 -1.5330283172725789 -5.6158207211282933)
(-1.0471542715709847 -2 -5.6165553272875233)
(-0.53360243332708168 -2 -5.6202290455882649)
(0.00071703847782478335 -2 -5.6217116998352301)
(0.53485276317347841 -2 -5.6201727825343086)
(1.0479869566186992 -2 -5.6164786471902266)
(2 -2 -5.6352213775603142)
(1.5334192295689126 -2 -5.6157770561195992)
(1.999999871713571 -1.5332299680436705 -5.6159360105477205)
(-2 -1.0471543517934021 -5.6165548758531134)
(-0.17681166141546942 -0.43846538136147251 -5.8584194664995914)
(0.0070481690148242885 -0.47580213419708944 -5.8718842533075666)
(0.1871696378839714 -0.43223831125403167 -5.8643075982988861)
(2.0000000242148031 -1.04744807488105 -5.6167714612389901)
(-2 -0.53360340403879458 -5.6202313137039273)
(-0.43844110270692449 -0.17679931757207204 -5.8584968017685854)
(-0.33454015747625065 -0.33455078342631228 -5.8549589693620616)
(0.342460552976251 -0.33639636744506796 -5.8314318855714022)
(0.45141964700650428 -0.18466985999846389 -5.8110063694300926)
(1.9999997899381323 -0.53381483812076924 -5.6205382928500915)
(-2 0.00071598335427433633 -5.6217168258667032)
(-0.47577301374762654 0.007157421715615557 -5.8719616141291908)
(0.48846219046345907 0.010588462885277268 -5.8027523934167684)
(1.9999997969920877 0.00072386055501392783 -5.622075092542433)
(-2 0.53485857032258255 -5.6201786710248038)
(-0.43207456116988507 0.18736764384830132 -5.8644438557506939)
(-0.33601789410082195 0.34274837754428639 -5.831443768452937)
(0.33626637980195762 0.3356898305000604 -5.8553647397371789)
(0.44343742885102055 0.18500145869499834 -5.8422758337139005)
(1.9999997450072233 0.53507395417987003 -5.6205273610941981)
(-2 1.0479943854569587 -5.6164835845902923)
(-0.18393533341796231 0.45159576548579944 -5.8108636465309704)
(0.011622556310555764 0.48815471839215246 -5.8026480570619938)
(0.18681216140001219 0.44243751214941296 -5.8407672165263937)
(2.0000000267127875 1.0482813739046029 -5.6167575271431387)
(-2 2 -5.6352213775603142)
(-1.5332261560720413 1.9999998716137257 -5.6159340821285904)
(-2 1.5334240258881191 -5.6157801259752089)
(-1.0474425756629342 2.0000000242174885 -5.6167696925563311)
(-0.53380871620519477 1.9999997897554016 -5.6205388743521123)
(0.00073002643779212183 1.9999997968194392 -5.6220785333465386)
(0.53508591572990738 1.9999997448010833 -5.620531918409247)
(1.0482930904878203 2.0000000267336633 -5.6167616499738333)
(2 2 -5.6352213775603142)
(1.533624059955351 1.9999998392042497 -5.6159373008327966)
(1.9999998393532832 1.5336171165716821 -5.6159345407705201)
(-2 -2 -5.1009025204832463)
(-1.5345829561841891 -2 -5.1072504627259594)
(-2 -1.5345811422976212 -5.1072494009731573)
(-1.0496365731386117 -2 -5.1110313166451373)
(-0.5354798189695914 -2 -5.1142456955844917)
(0.00053796340030506451 -2 -5.1155343045327184)
(0.53641700866550679 -2 -5.1141823151515053)
(1.050259979896043 -2 -5.1109456643078293)
(2 -2 -5.1009025204832463)
(1.5348749705206306 -2 -5.1071913880421747)
(1.9999999925122716 -1.5347191746889079 -5.1073310218530183)
(-2 -1.0496343418994731 -5.1110305692706204)
(-0.19001031911243838 -0.45896925144078893 -5.2169201648352042)
(0.0005470636874081871 -0.49757051509189693 -5.2170961517073788)
(0.19077760816189279 -0.45922511885541978 -5.2121091652793083)
(2.0000000001772102 -1.049835531609167 -5.1111976882282733)
(-2 -0.5354780402772461 -5.1142470206631145)
(-0.45898247481517279 -0.18993307095421744 -5.2169569245658716)
(-0.35146196173548061 -0.35143144013525041 -5.2160345214150512)
(0.35236033120699434 -0.35175571678297901 -5.203947378326899)
(0.4605211016664445 -0.19055682985762512 -5.1959935223457103)
(1.9999999880945802 -0.53562087946447035 -5.1144915817576209)
(-2 0.00054100141362316918 -5.1155381366925008)
(-0.49756518999032412 0.00070107127097418314 -5.2171502814794533)
(0.49847820327242015 0.00031658073093442335 -5.1956364196271174)
(1.9999999907832211 0.00055138594919636587 -5.1158246804950505)
(-2 0.53642280567651102 -5.11418704266889)
(-0.4591181096777831 0.19101474506725546 -5.212158511867786)
(-0.35146856892969985 0.35263627188948776 -5.2039695631158356)
(0.35217014888431947 0.35145604918761691 -5.2032961374195121)
(0.45995490244525228 0.19041148180379422 -5.2007312924338809)
(1.9999999870910408 0.53657920664460701 -5.1144593188989154)
(-2 1.0502672408710443 -5.1109495546145567)
(-0.18999916722002383 0.46072752436093073 -5.1959544828508211)
(0.0011284407267628136 0.49844130114981305 -5.1954509653104157)
(0.19128412743402895 0.45955482308824186 -5.2006301740483174)
(2.0000000009871961 1.0504686985840204 -5.1111547259491905)
(-2 2 -5.1009025204832463)
(-1.5347157621483078 1.9999999925056688 -5.1073295768374214)
(-2 1.5348802042547489 -5.1071934207372838)
(-1.0498303569481631 2.0000000001766307 -5.1111961900397578)
(-0.53561539465408836 1.9999999880850998 -5.1144918731626383)
(0.00055818845327020711 1.9999999907751134 -5.1158274054630004)
(0.53658826759983336 1.9999999870801353 -5.114463118991738)
(1.0504782914936357 2.0000000009886443 -5.1111580206292295)
(2 2 -5.1009025204832463)
(1.5350197193193422 1.9999999907007593 -5.1073029330994029)
(1.9999999907087112 1.5350133046050622 -5.1073011666766668)
(-2 -2 -4.5948013963369778)
(-1.5355305840373863 -2 -4.5885214722906147)
(-2 -1.5355281153474534 -4.5885209806619303)
(-1.0510586300335663 -2 -4.5897019143622941)
(-0.53664061949211217 -2 -4.5919277189871348)
(0.00031115987309140915 -2 -4.5928100572220911)
(0.53718010395987326 -2 -4.5918787739685527)
(1.0514130233345516 -2 -4.5896345086118417)
(2 -2 -4.5948013963369778)
(1.535697477452356 -2 -4.5884793096749679)
(1.9999999996846076 -1.5356021432955578 -4.5885680939486493)
(-2 -1.0510512136383967 -4.5896925919069265)
(-0.19170823287315045 -0.46099735382962592 -4.6142753250767417)
(-0.0014343606686919468 -0.49987481407686973 -4.6132730520951757)
(0.18924573433054398 -0.46235588202589673 -4.6111964544022221)
(1.9999999998302016 -1.0511603776945471 -4.5897902659911578)
(-2 -0.53663695637891107 -4.5919287067977193)
(-0.46102217028653047 -0.19164277706129587 -4.6143002852734618)
(-0.35346496761259882 -0.35343222067724056 -4.6145419505558003)
(0.35174425607683635 -0.35497975405432242 -4.6083480514829818)
(0.46095658088521191 -0.1931405145295452 -4.6059130853496706)
(1.9999999993517197 -0.53671614923851585 -4.5920767746396454)
(-2 0.00031538529921861999 -4.5928125648717399)
(-0.4998735101397031 -0.0013207697711952993 -4.6133160562180189)
(0.49991246374882758 -0.0015379503584375587 -4.6049307003803506)
(1.999999999515643 0.00031787981114107474 -4.5929870931190662)
(-2 0.53719228264312702 -4.5918821200131426)
(-0.46228623638177835 0.18941197656993419 -4.6112181215863606)
(-0.35478798371172604 0.3519345982738411 -4.6083789648493854)
(0.35368747411529539 0.35327051691206712 -4.6054039462851861)
(0.46198222460587024 0.19046973411620777 -4.6051688917910107)
(1.9999999993110846 0.5372654071907339 -4.5920441645227834)
(-2 1.0514186741170859 -4.5896302779495812)
(-0.19279426341181219 0.46109818960473375 -4.6059180506258803)
(-0.0010692532665175004 0.49991015913645742 -4.6049174085676672)
(0.19096415370053599 0.46177539638589721 -4.6051539282917249)
(1.9999999998683187 1.0515204482233209 -4.5897470676697809)
(-2 2 -4.5948013963369778)
(-1.5355991479282081 1.9999999996843285 -4.5885674707323814)
(-2 1.5357021905381143 -4.5884810112423269)
(-1.0511558331262758 1.9999999998300757 -4.5897899996838154)
(-0.53671139329079964 1.9999999993511839 -4.5920773594715003)
(0.00032318743441150157 1.9999999995152187 -4.5929891282919675)
(0.53727856996899248 1.9999999993105155 -4.592047097011152)
(1.0515279482691755 1.9999999998681877 -4.5897499652690508)
(2 2 -4.5948013963369778)
(1.5357733876372806 1.9999999996273563 -4.5885427884578363)
(1.9999999996276894 1.5357682085767959 -4.5885412181828009)
(-2 -2 -4.0530998472953526)
(-1.5362624255307367 -2 -4.060476757901978)
(-2 -1.5362601030504359 -4.0604770163998767)
(-1.0521385912194381 -2 -4.0631711737624094)
(-0.53750031236245854 -2 -4.0644719019857654)
(0.0001374937027987648 -2 -4.0649514532202868)
(0.53774086758686557 -2 -4.0644443696046464)
(1.0522962300972367 -2 -4.0631348224044492)
(2 -2 -4.0530998472953526)
(1.5363351409953572 -2 -4.060452694207048)
(1.9999999999928404 -1.536292165279675 -4.0604962556925859)
(-2 -1.0521351188067649 -4.0631719905249675)
(-0.19207247868395161 -0.46097433453561037 -4.0531217240468758)
(-0.0019591492246381907 -0.4999859102898031 -4.0525553206436165)
(0.18877265636218393 -0.46265537069337859 -4.0516321631284784)
(1.9999999999914959 -1.0521832656069261 -4.0632151941041839)
(-2 -0.53749660750613126 -4.0644732136493529)
(-0.46100821491691024 -0.19204305478228123 -4.053144237230951)
(-0.35356028990351751 -0.35353991774910482 -4.0533102231697296)
(0.35139006601695594 -0.35544320157753029 -4.0505186980511008)
(0.46079701180178895 -0.19371100006870043 -4.0495206659305678)
(1.9999999999808589 -0.53753361725688542 -4.0645414749635034)
(-2 0.00014159868015172614 -4.0649533808985385)
(-0.49998622478919091 -0.001898588657214333 -4.0525952017115632)
(0.49998679261904894 -0.0020121298444975627 -4.0488788464950964)
(1.9999999999871441 0.00013762278067047537 -4.0650347099283692)
(-2 0.53774587011158392 -4.0644467734062921)
(-0.46261986072688921 0.18886254236197389 -4.051680110740981)
(-0.35534460314696409 0.35149063985330681 -4.0505649284204264)
(0.35365425105963971 0.35345082416172519 -4.0485678102276985)
(0.46218256488831999 0.19022168428973482 -4.0486166375829393)
(1.9999999999798657 0.5377730184094901 -4.0645206993758931)
(-2 1.0523015527239243 -4.063137043524045)
(-0.19353624801019439 0.46086978828392067 -4.0495573778080436)
(-0.0017768981391850266 0.49998712671790907 -4.0489040944884405)
(0.19046998230157358 0.46207997013680285 -4.0486285212081965)
(1.9999999999930873 1.0523376330733074 -4.0631880395382272)
(-2 2 -4.0530998472953526)
(-1.5362898549684585 1.999999999992834 -4.0604965024255595)
(-2 1.5363387532923292 -4.0604539396305537)
(-1.0521798642608615 1.9999999999914888 -4.0632159685621128)
(-0.53753011444588139 1.9999999999808404 -4.0645427120706143)
(0.00014146488433872042 1.9999999999871332 -4.0650365361173986)
(0.53777789877407922 1.9999999999798486 -4.0645229968638725)
(1.0523429802303965 1.9999999999930818 -4.0631901769334968)
(2 2 -4.0530998472953526)
(1.5363655882225016 1.9999999999926568 -4.06047963203536)
(1.9999999999926645 1.5363619299245981 -4.0604784328995347)
(-2 -2 -3.534027052409221)
(-1.5368203084352594 -2 -3.5376181386008452)
(-2 -1.5368185179167213 -3.5376191731971836)
(-1.0530415738806851 -2 -3.5394502736660551)
(-0.53821665367195637 -2 -3.5402049750054627)
(4.6682336330172803e-05 -2 -3.5404220056021276)
(0.53829885754719298 -2 -3.5401935339099526)
(1.0530942538442909 -2 -3.5394354700560315)
(2 -2 -3.5340270524092205)
(1.536844024732132 -2 -3.5376086769085329)
(1.999999999999942 -1.5368302378655041 -3.5376244718026539)
(-2 -1.0530388806775919 -3.5394520884632796)
(-0.19212884218298282 -0.46100699147812629 -3.5216809093720687)
(-0.002001770447176253 -0.49998818332768302 -3.5214313384246254)
(0.18876520918583456 -0.46265415123255316 -3.5210409988203279)
(1.9999999999997473 -1.0530569912123602 -3.5394653450831193)
(-2 -0.53821387688333289 -3.5402070096949272)
(-0.46100534773685697 -0.19211019784794833 -3.5217045884128408)
(-0.35355540467979651 -0.35355073584272256 -3.5217801248301059)
(0.35139681636924042 -0.35543607335795224 -3.5205832214617319)
(0.46079431667786308 -0.19372128715199924 -3.5201558152736712)
(1.9999999999997058 -0.53822916362791029 -3.5402298115634361)
(-2 4.9629834613325265e-05 -3.5404240112766177)
(-0.49998817447426763 -0.0019750790790855881 -3.5214702691394373)
(0.49998863939521726 -0.0020407084942122978 -3.5198402764507364)
(1.9999999999998077 4.4414456913755053e-05 -3.5404520765227865)
(-2 0.53830249613263903 -3.5401953759761065)
(-0.46264400526801736 0.18880339139012192 -3.5210924264645409)
(-0.35539678313357431 0.35143813138105806 -3.5206370858732674)
(0.35359523236009521 0.35351150272864096 -3.5196174289598301)
(0.46218476371543676 0.19022011712942596 -3.5196633999837079)
(1.9999999999996785 0.53830664536478967 -3.5402206408271688)
(-2 1.0530981698461614 -3.5394369360704823)
(-0.19364847075843608 0.46082454693778552 -3.5202033864585891)
(-0.0019422861410839504 0.49998887705207068 -3.5198746010833157)
(0.19032483483803805 0.46214154577107025 -3.5196891031669337)
(1.9999999999997549 1.0531051644306149 -3.5394536466770319)
(-2 2 -3.5340270524092205)
(-1.5368286277460368 1.9999999999999423 -3.5376255103752117)
(-2 1.5368466411835418 -3.537609462096508)
(-1.0530546737152617 1.9999999999997473 -3.5394671693278195)
(-0.53822695256734487 1.9999999999997053 -3.5402318550889258)
(4.6726195581330942e-05 1.9999999999998082 -3.5404540959971418)
(0.53830978161672316 1.9999999999996791 -3.5402224933541886)
(1.0531087811988338 1.9999999999997549 -3.5394551075741743)
(2 2 -3.534027052409221)
(1.5368535625214099 1.9999999999999787 -3.5376179001251802)
(1.9999999999999805 1.5368510794914905 -3.5376171199167512)
(-2 -2 -3.0147725217899306)
(-1.5373102164340959 -2 -3.0203050543675638)
(-2 -1.5373086818962589 -3.0203065539836356)
(-1.0537790915077627 -2 -3.022154101349138)
(-0.53878304177285063 -2 -3.022616086657465)
(1.1323831667197608e-05 -2 -3.0227075075880201)
(0.53880390359425323 -2 -3.0226125303258971)
(1.0537914399047896 -2 -3.0221496090367408)
(2 -2 -3.0147725217899306)
(1.5373152213136119 -2 -3.0203022409780842)
(1.9999999999999984 -1.5373129778673433 -3.020306495537135)
(-2 -1.0537769402697286 -3.0221566351355782)
(-0.19210647610522399 -0.46102586560035835 -3.0076952602324734)
(-0.0019458120952165819 -0.49998857571975869 -3.0075874556026583)
(0.18884263426080888 -0.46262976264430228 -3.007433845496541)
(1.9999999999999949 -1.0537835836688296 -3.0221578767826465)
(-2 -0.53878121245583754 -3.0226188435530603)
(-0.46102791951353334 -0.19210135512805632 -3.007721756818547)
(-0.353554741634311 -0.35355207593402938 -3.0077403494692794)
(0.35146221697524682 -0.35537131786696952 -3.0072568156965112)
(0.46082688479126377 -0.19364343118996388 -3.0070903155577384)
(1.9999999999999987 -0.53878720986797446 -3.0226226728476622)
(-2 1.2996895984885827e-05 -3.0227100362750803)
(-0.49998858639301397 -0.0019378183300139296 -3.0076364064430554)
(0.49998901523702066 -0.0019750991182645805 -3.0069632961144808)
(1.9999999999999987 9.3993221292094213e-06 -3.0227156399959316)
(-2 0.53880635960595336 -3.0226146543108849)
(-0.46262481912470865 0.18885479270657299 -3.0074969488101351)
(-0.3553574668988268 0.35147623324858762 -3.0073244817024918)
(0.3535685143728875 0.3535382356786661 -3.0068769454881537)
(0.46216575456671283 0.19026638520052047 -3.006891805087692)
(1.9999999999999982 0.53880437633811018 -3.0226197792421901)
(-2 1.0537944867751932 -3.0221512001396009)
(-0.19361842775132443 0.46083737232689398 -3.0071528650284813)
(-0.0019408520874335203 0.49998911406818614 -3.0070110401034804)
(0.19030422026067209 0.46215016049739055 -3.0069175949495652)
(1.9999999999999947 1.0537928794957547 -3.0221543077417032)
(-2 2 -3.0147725217899306)
(-1.5373116325734137 1.9999999999999984 -3.0203079889814641)
(-2 1.5373173687462156 -3.0203030883454094)
(-1.0537818231542837 1.9999999999999949 -3.0221604065334682)
(-0.53878594664171831 1.9999999999999987 -3.0226254364754537)
(1.0442580771594767e-05 1.9999999999999987 -3.0227181864628263)
(0.53880629073878272 1.9999999999999982 -3.0226219240712795)
(1.0537955646888229 1.9999999999999947 -3.0221559153859445)
(2 2 -3.0147725217899306)
(1.5373182038452118 1.9999999999999991 -3.0203051774504144)
(1.9999999999999987 1.5373162282344393 -3.0203043205690352)
(-2 -2 -2.5063842584636884)
(-1.5376355243437578 -2 -2.5099102803197475)
(-2 -1.5376339798254861 -2.5099117908637991)
(-1.0542827981621399 -2 -2.5112500918872889)
(-0.53916809804452559 -2 -2.5115809996787766)
(1.5510069760142428e-06 -2 -2.5116316484969539)
(0.53917216529674294 -2 -2.5115798562958722)
(1.0542841150443203 -2 -2.5112485815152348)
(2 -2 -2.5063842584636884)
(1.5376354140270858 -2 -2.509909290614313)
(2 -1.5376361968467722 -2.5099104790179201)
(-2 -1.0542808168798841 -2.5112528031154748)
(-0.19207814218746708 -0.46101912022997604 -2.5023443446417604)
(-0.0019020703917399062 -0.49998854908301926 -2.5022973273460578)
(0.18889436450965669 -0.46260650486141747 -2.5022403965439612)
(2 -1.0542839576648217 -2.511250716247337)
(-2 -0.5391668302070185 -2.5115842421841061)
(-0.46102812448439168 -0.19207967285614647 -2.5023725627590467)
(-0.35355417027345554 -0.35355278274221563 -2.5023657559321935)
(0.35150687641442618 -0.35532849112639292 -2.5021774248398403)
(0.46084903743852934 -0.19359031988576597 -2.5021214174102262)
(2 -0.53916935508066588 -2.5115822062146624)
(-2 2.3856965886679132e-06 -2.5116349728725451)
(-0.4999887689814082 -0.0018997466581260839 -2.5023486583408761)
(0.49998910511007338 -0.0019289158241390617 -2.5020811841192048)
(2 3.0807732039518644e-06 -2.5116332026846253)
(-2 0.53917392810505316 -2.5115829882252072)
(-0.46259989097108667 0.18889703899899238 -2.5023087468249492)
(-0.35532229673319055 0.35151146072080414 -2.5022517014958834)
(0.35355873244186359 0.35354804376972276 -2.5020663520982165)
(0.46215378866169021 0.19029537738060984 -2.5020626245219102)
(2 0.5391716373945582 -2.5115812501173718)
(-2 1.054286798887047 -2.5112511803760693)
(-0.19358150075035135 0.46085301509841159 -2.5021902820520308)
(-0.0019170945338019888 0.49998916271260169 -2.5021340530038705)
(0.19030793982220651 0.46214864765591745 -2.5020913303799439)
(2 1.0542838754938741 -2.5112494744967218)
(-2 2 -2.5063842584636884)
(-1.5376348018107306 2 -2.5099119781212957)
(-2 1.5376374334034157 -2.5099108027957802)
(-1.0542822850923668 2 -2.5112534116385374)
(-0.53916853738813653 2 -2.5115854397939548)
(9.2416262479634832e-07 2 -2.511636532226492)
(0.53917295563144807 2 -2.5115843997251863)
(1.0542862571240694 2 -2.5112520931205982)
(2 2 -2.5063842584636884)
(1.5376371902725183 2 -2.5099112040012566)
(2 1.5376353165445589 -2.5099096793334112)
(-2 -2 -2.0020129341745538)
(-1.5378341726595117 -2 -2.004304069552306)
(-2 -1.5378325446837509 -2.004305414661915)
(-1.0545842971111505 -2 -2.0051902452001729)
(-0.53939589697027823 -2 -2.0054235190861989)
(2.5805672363628656e-06 -2 -2.0054622719423247)
(0.53939717823731081 -2 -2.0054225791666673)
(1.0545837302486201 -2 -2.0051888739635517)
(2 -2 -2.0020129341745538)
(1.5378331848340194 -2 -2.0043030892296017)
(2 -1.5378343183933136 -2.0043040704719099)
(-2 -1.0545822567977121 -2.005192922324921)
(-0.19205899265971871 -0.46100548489412319 -2.0005998643660239)
(-0.0018786352385107923 -0.49998825255277868 -2.0005761889944913)
(0.18892075186144872 -0.46259678121424874 -2.0005539850026945)
(2 -1.054584558228604 -2.0051902894029574)
(-2 -0.53939475512675394 -2.0054272497080738)
(-0.46098736092881526 -0.19205080387883339 -2.0006283774903788)
(-0.35355218585002623 -0.35355465102510769 -2.000613914345911)
(0.35152817684906262 -0.35530812856082855 -2.0005326189475117)
(0.46085953679741293 -0.19356534608978646 -2.0005169043176014)
(2 -0.53939621265591753 -2.0054236437763731)
(-2 4.3162792780837807e-07 -2.0054667042015484)
(-0.49998804300000266 -0.0018758418883456107 -2.0006291349011427)
(0.4999890462601066 -0.0019074122291511395 -2.0005098617664721)
(2 2.2776127775861266e-06 -2.0054624558240328)
(-2 0.53939877177380513 -2.0054272367925923)
(-0.46259442297818376 0.18892220432337389 -2.0006240643734583)
(-0.35530523321739199 0.35152946505644039 -2.0006094987186103)
(0.35355562231265603 0.35355115841672502 -2.0005245608554976)
(0.46214858266331954 0.19030790897142694 -2.0005127835988765)
(2 0.53939692962002295 -2.0054227565030018)
(-2 1.0545863984869011 -2.0051929745768136)
(-0.19356205917698258 0.46086098889224175 -2.0005887635033579)
(-0.0019031236428582992 0.49998908735930131 -2.0005654943040425)
(0.19031255492775348 0.46214670295696431 -2.000543129897054)
(2 1.0545835531978429 -2.0051889958072513)
(-2 2 -2.0020129341745538)
(-1.5378327916337382 2 -2.0043054046865758)
(-2 1.5378352393160362 -2.0043055291813072)
(-1.0545827259789686 2 -2.0051929502515504)
(-0.53939537367054424 2 -2.0054273625909835)
(-2.1395219041140492e-07 2 -2.0054668891068053)
(0.53939822109335789 2 -2.0054274274667532)
(1.054586014338339 2 -2.005193113456051)
(2 2 -2.0020129341745538)
(1.5378350450711671 2 -2.0043055976387043)
(2 1.5378330912105451 -2.0043031465270427)
(-2 -2 -1.5006075729462927)
(-1.537950918481799 -2 -1.5016947299701033)
(-2 -1.5379441560072562 -1.501695935797652)
(-1.0547462631686937 -2 -1.5021727628611499)
(-0.53951990406679007 -2 -1.5023262319845683)
(2.6483339083192741e-06 -2 -1.5023513601798344)
(0.5395168166737272 -2 -1.5023247630994514)
(1.0547456169399472 -2 -1.5021710731428151)
(2 -2 -1.5006075729462927)
(1.5379448561073832 -2 -1.5016934061785236)
(2 -1.537950938207054 -1.501694724175517)
(-2 -1.0547440568897553 -1.502175679177868)
(-0.19204696463006168 -0.46099017384096425 -1.5001167525730728)
(-0.0018679084211414181 -0.49998766502270386 -1.5001015196388203)
(0.18893198393489985 -0.46259356867590246 -1.5000901143906986)
(2 -1.0547462963455851 -1.502172757238289)
(-2 -0.53951429507618975 -1.5023305666982429)
(-0.46099000390465661 -0.19204736497090488 -1.5001447078092782)
(-0.35355283056450676 -0.35355395068207379 -1.5001313466609916)
(0.35153675403068008 -0.35530010831931425 -1.5000817386428753)
(0.46086371628296402 -0.19355542898052921 -1.5000789104063899)
(2 -0.53951994187586116 -1.5023262328125568)
(-2 3.3928476227135919e-06 -1.502357465436396)
(-0.49998766284988083 -0.0018680683870246793 -1.5001554795772443)
(0.49998902357611952 -0.0018989181011798853 -1.5000828504667791)
(2 2.6108149170309614e-06 -1.5023513682851113)
(-2 0.53952292490681208 -1.5023317796575146)
(-0.46259353003132198 0.18893207802576037 -1.5001595347956596)
(-0.3552998870274241 0.35153697788781973 -1.5001584358320588)
(0.35355447917589977 0.35355230195981913 -1.5001081767503033)
(0.46214655958944223 0.19031280281835833 -1.5000933029984269)
(2 0.53951678046403073 -1.5023247749885431)
(-2 1.0547485006382296 -1.5021769589437157)
(-0.19355483365279971 0.46086396609039287 -1.5001517042796573)
(-0.001897714832237451 0.49998902777790538 -1.5001399489703591)
(0.19031445257985805 0.46214588099143095 -1.5001246395471237)
(2 1.0547455858646211 -1.502171084664655)
(-2 2 -1.5006075729462927)
(-1.5379442352855712 2 -1.5016959219964729)
(-2 1.5379520649143739 -1.5016969605615422)
(-1.0547442119338766 2 -1.5021756615006714)
(-0.53951450986938609 2 -1.5023305585162829)
(3.1552412532220356e-06 2 -1.5023574737049112)
(0.53952271203237512 2 -1.5023318008044737)
(1.0547483478856252 2 -1.502176982713197)
(2 2 -1.5006075729462927)
(1.5379519870851583 2 -1.5016969758286558)
(2 1.5379448376245768 -1.5016934133699407)
(-2 -2 -1.0001151524082839)
(-1.5380083347814717 -2 -1.0005922019128111)
(-2 -1.5380013378629125 -1.0005929065578867)
(-1.0548258200422278 -2 -1.0008145933145349)
(-0.53957687205849858 -2 -1.0009002210454563)
(2.7585885937499356e-06 -2 -1.0009159512941519)
(0.5395737942815908 -2 -1.0008987235195119)
(1.054825233871467 -2 -1.0008128874758266)
(2 -2 -1.0001151524082839)
(1.5380022452567434 -2 -1.0005908444306151)
(2 -1.5380083291035365 -1.0005922016241506)
(-2 -1.0548234198941306 -1.0008173737967336)
(-0.19204532737816657 -0.46098962277697264 -1.0000031720436637)
(-0.0018654934608885768 -0.49998807552697672 -0.99999564313709288)
(0.18893428175627561 -0.46258947365144099 -0.99998510452201639)
(2 -1.0548258067156879 -1.0008145930376706)
(-2 -0.53957091580257854 -1.0009057381008903)
(-0.46100751082111557 -0.19205408932755269 -1.00002994374275)
(-0.35355361045455846 -0.35355320639542559 -1.0000199040980697)
(0.35153915633683819 -0.35529563621450017 -0.99997994093593179)
(0.46086558254684107 -0.1935511099054246 -0.99997810517594965)
(2 -0.53957685041970682 -1.0009002206327779)
(-2 9.1012899591097876e-07 -1.0009245813903664)
(-0.49998828555213698 -0.001868217776333639 -1.0000431060191246)
(0.49998911057964518 -0.0018951822119389445 -0.9999851786514613)
(2 2.7839679171781077e-06 -1.0009159502646456)
(-2 0.53958050822476411 -1.0009083332092992)
(-0.46259150578885777 0.18893362105499142 -1.0000498903650965)
(-0.35529739484209361 0.35153901543032917 -1.0000528338254864)
(0.35355394139277141 0.35355283980484614 -1.0000138310864113)
(0.46214568907987452 0.19031501231648248 -0.99999786179560113)
(2 0.53957381553825401 -1.0008987221341499)
(-2 1.0548284827916132 -1.0008201297472479)
(-0.193551997850511 0.46086513701569543 -1.0000505747943031)
(-0.0018954879788938134 0.49998908286775801 -1.000042677556259)
(0.19031524399828681 0.46214556089601905 -1.0000325271974455)
(2 1.0548252467173183 -1.0008128865456789)
(-2 2 -1.0001151524082839)
(-1.5380013624023496 2 -1.0005929013415964)
(-2 1.5380095873037218 -1.0005947718999124)
(-1.0548234683690245 2 -1.0008173661223545)
(-0.53957098385287972 2 -1.0009057321684891)
(8.3409400168739363e-07 2 -1.0009245804230757)
(0.53958043989527638 2 -1.0009083374202448)
(1.0548284339018383 2 -1.0008201362737765)
(2 2 -1.0001151524082839)
(1.5380095625117236 2 -1.0005947765734804)
(2 1.5380022506133693 -1.0005908441575637)
(-2 -2 -0.50001192916962922)
(-1.5380346756267416 -2 -0.50017227301261746)
(-2 -1.5380275154445266 -0.50017145023429599)
(-1.0548606167293197 -2 -0.50024922060252708)
(-0.53960097752386948 -2 -0.50028721383921904)
(2.8029651026588874e-06 -2 -0.50029358790173772)
(0.53959786566945822 -2 -0.50028599368757642)
(1.0548600489207649 -2 -0.50024793897107633)
(2 -2 -0.50001192916962922)
(1.538028569830858 -2 -0.50017121273080889)
(2 -1.5380346696770402 -0.50017227407468157)
(-2 -1.0548578616455198 -0.50025072317951647)
(-0.19206458769785328 -0.46103432488380924 -0.49998633453649038)
(-0.0018696809651477539 -0.49998884309357594 -0.49997729069696284)
(0.18893272927545116 -0.4625852520315909 -0.4999665485397195)
(2 -1.0548606040723219 -0.50024922223096346)
(-2 -0.53959441790062279 -0.5002934991949064)
(-0.46102567276545048 -0.19206227129756923 -0.50000958922734928)
(-0.35355221678176385 -0.35355465076343839 -0.50000018158452075)
(0.35154013253424415 -0.35529389456308758 -0.49996224017198743)
(0.46086655912516322 -0.1935492173430442 -0.49996071716435392)
(2 -0.53960095850591094 -0.5002872149910067)
(-2 1.6124959705390757e-06 -0.50030487689592018)
(-0.49998864337866555 -0.0018699368192738187 -0.50002282224617378)
(0.49998923646613397 -0.0018933893448387534 -0.49996815923834353)
(2 2.8247468284674905e-06 -0.50029358761600173)
(-2 0.53960510214177704 -0.50029779819440567)
(-0.46259039841471411 0.18893364082770236 -0.50002998137866073)
(-0.3552958108748398 0.35153987014029914 -0.50003410491453149)
(0.35355385257490185 0.35355292863072008 -0.49999740310302804)
(0.46214531613492765 0.19031602999392339 -0.49998114271186084)
(2 0.53959788460056723 -0.50028599203480439)
(-2 1.0548634100541356 -0.50025518153260307)
(-0.19355006601025052 0.46086592601492765 -0.50003276989383483)
(-0.00189381111389527 0.49998921423689641 -0.5000257114608001)
(0.1903160507619461 0.46214527326409094 -0.50001607175272178)
(2 1.0548600614623853 -0.50024793700848014)
(-2 2 -0.50001192916962922)
(-1.5380275225715532 2 -0.50017144874901542)
(-2 1.5380359921032052 -0.50017412314989362)
(-1.0548578758196641 2 -0.50025072098351453)
(-0.53959443794153406 2 -0.50029349748856766)
(1.5900453482563704e-06 2 -0.50030487662416556)
(0.53960508204104785 2 -0.5002977994158796)
(1.0548633957849536 2 -0.50025518340671726)
(2 2 -0.50001192916962922)
(1.5380359849206264 2 -0.50017412448314857)
(2 1.5380285757053809 -0.5001712115135627)
(-2 -2 0)
(-1.5380421664234405 -2 -6.3650569705425795e-07)
(-2 -1.5380348836367492 6.7340553522529154e-07)
(-1.0548703448500334 -2 -5.2114738913878414e-06)
(-0.5396076941960416 -2 5.2278366440183278e-06)
(2.8228534993283393e-06 -2 9.5555298325493458e-06)
(0.53960454140491321 -2 5.1994553671378617e-06)
(1.0548697870635895 -2 -4.7255525416622246e-06)
(2 -2 0)
(1.5380360433055154 -2 -4.0803524123507948e-07)
(2 -1.5380421649295761 -6.3756971250632673e-07)
(-2 -1.0548671819404667 1.0350966724243688e-05)
(-0.19206879213390063 -0.46104148232494896 1.1338860292763612e-05)
(-0.0018709821088784284 -0.49998881915285392 2.313428934182967e-05)
(0.18893466125257691 -0.46259202101992819 3.1741930925045993e-05)
(2 -1.0548703415412852 -5.2130761414146792e-06)
(-2 -0.53960026361424551 9.1377337585010061e-07)
(-0.4610415542382949 -0.1920686180108882 -1.2298278153665656e-05)
(-0.35355384989859961 -0.35355293128740783 -1.903733127737929e-06)
(0.35153978649140094 -0.35529447635182121 3.6097474620626909e-05)
(0.46086648601261188 -0.19354905224128061 3.7950593282148277e-05)
(2 -0.53960768904565604 5.2266305859893111e-06)
(-2 2.3263369995714725e-06 -2.8303826051355765e-06)
(-0.49998881961180663 -0.0018708572070535935 -2.3995592652216185e-05)
(0.49998928801263931 -0.0018931402144394939 3.0957522911682388e-05)
(2 2.8288290974650481e-06 9.555526098142165e-06)
(-2 0.53961198544189215 -3.9438898626232201e-06)
(-0.4625919707230603 0.18893478340045997 -3.2223647078787491e-05)
(-0.35529432620572615 0.3515399371897141 -3.6019511047092978e-05)
(0.35355399842843821 0.35355278275689744 2.0470128916675275e-06)
(0.46214528155862206 0.19031612518781935 1.8235629389796791e-05)
(2 0.53960454652226708 5.2006546476307307e-06)
(-2 1.0548729547279116 5.423186049970137e-06)
(-0.19354877002726081 0.46086660428673953 -3.4596789976707807e-05)
(-0.0018927085442478004 0.49998928958696398 -2.985287062581248e-05)
(0.19031664204609255 0.46214506989375115 -1.6913366619380324e-05)
(2 1.0548697903288258 -4.7239543656017063e-06)
(-2 2 0)
(-1.5380348869256253 2 6.7340603032210275e-07)
(-2 1.538043319431776 6.760345537750532e-07)
(-1.0548671885222312 2 1.0350969716973476e-05)
(-0.53960027298091862 2 9.137757364564342e-07)
(2.315819139360105e-06 2 -2.8303839123710277e-06)
(0.53961197605561306 2 -3.9438897497203571e-06)
(1.0548729481112624 2 5.4231833062709525e-06)
(2 2 0)
(1.538043316123586 2 6.7603416666384568e-07)
(2 1.5380360447710582 -4.0697290893155827e-07)
(-2 -2 0.50001192916962922)
(-1.5380348708918197 -2 0.50017416004012538)
(-2 -1.538027560839337 0.50017385823394189)
(-1.0548609762984431 -2 0.50025535212016292)
(-0.53960134855523323 -2 0.50029874774711991)
(2.812702174519768e-06 -2 0.50030776346379446)
(0.53959826177118142 -2 0.50029809222630695)
(1.0548604425689638 -2 0.50025490355337243)
(2 -2 0.50001192916962922)
(1.538028792824006 -2 0.50017370839836628)
(2 -1.5380348762182692 0.50017415832482648)
(-2 -1.0548575612752873 0.50025268375726584)
(-0.19206245691593316 -0.46102559536305898 0.50000923455038215)
(-0.0018701125606037595 -0.49998864289685063 0.50002282697733613)
(0.18893348326786238 -0.46259046298766843 0.50003039240062186)
(2 -1.054860986669913 0.5002553495835157)
(-2 -0.53959349011885449 0.50029104493872245)
(-0.4610343558996805 -0.192064511241852 0.49998449460500349)
(-0.35355475615078624 -0.35355211118994151 0.49999916922456655)
(0.35153972872024625 -0.35529595193101932 0.50003491181373227)
(0.46086583293615685 -0.19355028785598058 0.50003388474351096)
(2 -0.53960136287599081 0.50029874578495193)
(-2 5.6993569018092013e-06 0.50029673499137794)
(-0.49998884341541922 -0.0018696276227620299 0.49997201394760343)
(0.49998921294257653 -0.0018941620292204496 0.50002975470024613)
(2 2.7967956310271017e-06 0.50030776316539727)
(-2 0.53960546738601789 0.50028827580818414)
(-0.46258521387657736 0.18893282192963964 0.49996109894455953)
(-0.35529374865447644 0.3515402799847257 0.4999574403958118)
(0.35355327201228232 0.35355350919462419 0.49999818943733648)
(0.46214544842645511 0.19031562289612333 0.50001716780346794)
(2 0.53959824735541717 0.50029809367134126)
(-2 1.0548632539937384 0.50024942558597696)
(-0.19354893222574804 0.46086667845532842 0.49995960046270144)
(-0.0018929968168119719 0.49998923824616937 0.49996797531998144)
(0.1903164427606456 0.46214514725708034 0.49998164326950578)
(2 1.0548604320856605 0.50025490574333886)
(-2 2 0.50001192916962922)
(-1.5380275679527038 2 0.50017385675188564)
(-2 1.5380358158534571 0.50017231178467858)
(-1.0548575754224363 2 0.50025268156638059)
(-0.53959351012166079 2 0.50029104323618168)
(5.6769490499147805e-06 2 0.50029673471516511)
(0.53960544732352878 2 0.50028827702635581)
(1.0548632397516498 2 0.50024942745552914)
(2 2 0.50001192916962922)
(1.5380358086844861 2 0.5001723131147463)
(2 1.5380287874217415 0.5001737099535456)
(-2 -2 1.0001151524082839)
(-1.5380085272511688 -2 1.0005948055885698)
(-2 -1.5380012431207608 1.0005926497094544)
(-1.0548262576555731 -2 1.0008202399400739)
(-0.53957720920532948 -2 1.0009087498002163)
(2.8023406533987893e-06 -2 1.0009257635586726)
(0.5395742196062161 -2 1.0009076049438663)
(1.0548257531745766 -2 1.0008190537032824)
(2 -2 1.0001151524082839)
(1.5380024936327819 -2 1.0005938269095487)
(2 -1.5380085495675555 1.0005948008260579)
(-2 -1.0548229211114424 1.0008158910640828)
(-0.19205424716701894 -0.46100744579438996 1.0000296878374841)
(-0.001868402180609097 -0.49998828511691901 1.0000432379992674)
(0.18893344372308282 -0.46259157845249171 1.0000502292885725)
(2 -1.0548263013252848 1.0008202329795504)
(-2 -0.53956979539521255 1.000901703323958)
(-0.46098966955771925 -0.19204521546300535 1.0000005801618077)
(-0.35355330961969333 -0.35355350704376193 1.0000187097085913)
(0.35153886887261132 -0.355297539921893 1.0000535301782232)
(0.46086503787079869 -0.19355223395138035 1.0000515062901181)
(2 -0.53957726983042453 1.000908744417808)
(-2 5.177781840262797e-06 1.0009177961872864)
(-0.49998807618222502 -0.0018653644805237755 0.99998897134337528)
(0.49998908145157417 -0.0018958294976160652 1.0000462288030532)
(2 2.7348444886587257e-06 1.0009257625032693)
(-2 0.53958091374247952 1.0009009440029619)
(-0.46258941007070464 0.18893443752149475 0.99997785647224946)
(-0.35529547915739568 0.35153931561128232 0.99997326115333607)
(0.35355309447894678 0.35355368672173054 1.0000137463588263)
(0.46214569895340279 0.19031490609147353 1.0000301703103076)
(2 0.53957415858707081 1.0009076084944415)
(-2 1.0548282571176588 1.0008148253459994)
(-0.19355086515796163 0.46086568499285596 0.99997541715633609)
(-0.0018948643776953733 0.49998911213333941 0.99998371498073313)
(0.19031533938997353 0.46214555551705438 0.99999718335879806)
(2 1.0548257090346462 1.000819059429815)
(-2 2 1.0001151524082839)
(-1.5380012676084922 2 1.0005926445026525)
(-2 1.5380094049400128 1.0005922745030003)
(-1.0548229694844711 2 1.0008158834046852)
(-0.53956986330258949 2 1.0009016974032692)
(5.1019067146182424e-06 2 1.000917795208754)
(0.53958084555642072 2 1.0009009482048712)
(1.054828208330288 2 1.0008148318589738)
(2 2 1.0001151524082839)
(1.5380093801998553 2 1.000592279166943)
(2 1.5380024709977853 1.0005938310986568)
(-2 -2 1.5006075729462927)
(-1.5379510890722869 -2 1.5016970112883468)
(-2 -1.5379439239667017 1.5016948096777352)
(-1.0547464811250662 -2 1.5021770509800279)
(-0.53952000333234484 -2 1.5023319046840402)
(2.7602312223211909e-06 -2 1.5023575705963097)
(0.53951712022471343 -2 1.5023305875356168)
(1.0547459879767938 -2 1.5021755850330782)
(2 -2 1.5006075729462927)
(1.5379451127953885 -2 1.5016958508679019)
(2 -1.537951161903591 1.501696999042347)
(-2 -1.0547435718900908 1.5021732573165698)
(-0.19204764578811612 -0.46098988746286934 1.5001444080989506)
(-0.0018683959291485785 -0.49998766162367086 1.5001555644036912)
(0.18893172126826613 -0.46259367602236079 1.5001598297568408)
(2 -1.0547466222703905 1.5021770357378015)
(-2 -0.53951355289463243 1.5023267736525769)
(-0.46099030854636908 -0.19204663982884557 1.5001142026941836)
(-0.35355417915926873 -0.35355260208549738 1.5001301743698152)
(0.35153663025119686 -0.35530023060102939 1.5001590552246422)
(0.46086373229656569 -0.19355539090863497 1.5001524251628222)
(2 -0.53952019671851559 1.5023318983819689)
(-2 4.1239739051817457e-06 1.5023526904557853)
(-0.49998766637362035 -0.0018675370667637942 1.5000977246013734)
(0.49998902520248434 -0.0018984100056057441 1.5001403713588055)
(2 2.5472071332274968e-06 1.5023575786874084)
(-2 0.53952319109868818 1.502326943678107)
(-0.46259342832488975 0.1889323269696398 1.5000857339288143)
(-0.35529982551684214 0.3515370402831357 1.5000777086788217)
(0.35355285503823392 0.35355392609990866 1.5001075230065222)
(0.46214616730660801 0.19031375426164701 1.5001246734031943)
(2 0.53951692843852406 1.5023306065443629)
(-2 1.0547483513784943 1.5021731365009852)
(-0.19355496296705874 0.46086391180645669 1.5000759376719215)
(-0.0018982787066988789 0.49998902589913724 1.5000809457036319)
(0.1903134985568494 0.46214627409416387 1.5000920272331755)
(2 1.0547458489621786 1.5021756061583333)
(-2 2 1.5006075729462927)
(-1.5379440030761817 2 1.5016947959056166)
(-2 1.5379518733323396 1.5016949004935076)
(-1.0547437266027366 2 1.5021732396850309)
(-0.53951376722563993 2 1.5023267655071533)
(3.8868809838100872e-06 2 1.5023526987308993)
(0.53952297868452159 2 1.5023269647997093)
(1.0547481989554777 2 1.502173160230714)
(2 2 1.5006075729462927)
(1.5379517956705873 2 1.5016949157320763)
(2 1.5379450412219364 1.5016958645033076)
(-2 -2 2.0020129341745538)
(-1.5378342456745491 -2 2.0043056657491172)
(-2 -1.5378323447710591 2.0043045437208726)
(-1.054584350565446 -2 2.0051931928826816)
(-0.53939579861401621 -2 2.0054273472408117)
(2.8629712891909347e-06 -2 2.0054663978904501)
(0.53939753195989293 -2 2.0054264235237644)
(1.0545840501973121 -2 2.0051918697041105)
(2 -2 2.0020129341745538)
(1.5378333822891244 -2 2.0043047252740229)
(2 -1.5378344762730252 2.004305659345702)
(-2 -1.0545819132884611 2.0051911824002207)
(-0.19205156101729606 -0.46098704565178589 2.0006284131030831)
(-0.0018768483403514757 -0.49998803899268568 2.000629622873956)
(0.18892099209116539 -0.46259491957901738 2.000624867482907)
(2 -1.0545847842729006 2.0051932263340357)
(-2 -0.53939435433953176 2.0054247422898386)
(-0.46100581079041103 -0.1920582079782735 2.000598163110328)
(-0.35355520093546772 -0.3535516361576535 2.0006132282437892)
(0.35152823770115266 -0.35530644782500359 2.0006105570635944)
(0.46086014776109568 -0.19356406429381517 2.0005898501067465)
(2 -0.53939636292517468 2.0054274641360021)
(-2 7.3855921427120902e-07 2.0054637636359161)
(-0.49998825608664721 -0.0018776423241866874 2.0005734998744753)
(0.49998907890590505 -0.0019056935274573237 2.0005662600442875)
(2 2.2796786655988408e-06 2.0054665820984527)
(-2 0.5393988294393578 2.0054243804936314)
(-0.46259632478956375 0.18892186551799764 2.0005506896438594)
(-0.35530704329504975 0.351529272998445 2.0005293134188431)
(0.35355326249712682 0.35355351824470416 2.0005239485802471)
(0.4621477899994399 0.19030991428838095 2.0005433148088869)
(2 0.53939703482389434 2.0054266092637159)
(-2 1.0545862708301652 2.0051907380828107)
(-0.1935634942748099 0.46086031393182691 2.0005141128937058)
(-0.0019049317754166707 0.49998905414678313 2.0005077860154703)
(0.19031053986957497 0.46214749943412337 2.0005114054862574)
(2 1.0545837006569747 2.0051920027565115)
(-2 2 2.0020129341745538)
(-1.5378325911765591 2 2.0043045338679373)
(-2 1.5378351124283138 2.0043043183442255)
(-1.0545823814158106 2 2.0051912105204686)
(-0.53939497144267512 2 2.0054248553376368)
(9.4543843855663117e-08 2 2.0054639485974852)
(0.53939828013124957 2 2.0054245711112482)
(1.0545858876476795 2 2.0051908768558624)
(2 2 2.0020129341745538)
(1.5378349186699201 2 2.0043043867245478)
(2 1.5378332038427884 2.004304790149225)
(-2 -2 2.5063842584636884)
(-1.5376355278840896 -2 2.509911426090583)
(-2 -1.5376338500415856 2.5099112716313994)
(-1.0542826976669089 -2 2.5112521953963753)
(-0.53916774483622831 -2 2.511583690353048)
(4.6021878145825687e-06 -2 2.5116345177441683)
(0.53917269005669766 -2 2.5115825186002834)
(1.0542844656718184 -2 2.5112506592560404)
(2 -2 2.506384258463688)
(1.5376355904455419 -2 2.5099104324887338)
(2 -1.5376363166951399 2.5099116205428627)
(-2 -1.0542806091179158 2.5112517849921554)
(-0.19208214924348399 -0.46102709473069803 2.5023736676202168)
(-0.0019032037773927474 -0.49998875588484598 2.5023504968443291)
(0.18889273496732378 -0.46260165531264824 2.50231119428806)
(2 -1.0542840939282427 2.5112528140345205)
(-2 -0.53916662732969944 2.5115828192393712)
(-0.46102008025467844 -0.19207583615105628 2.5023433676416911)
(-0.35355445371352179 -0.35355249960886675 2.5023659373827511)
(0.35150702946435736 -0.3553266846621479 2.5022545232450488)
(0.46084990317151903 -0.19358891811452622 2.5021930750309109)
(2 -0.53916934289038165 2.5115848935947596)
(-2 2.4973409118938422e-06 2.5116333453798632)
(-0.49998856072200021 -0.0018989480167789499 2.5022951058847736)
(0.4999891327282795 -0.00192683488022389 2.5021363220641804)
(2 3.2637285714344163e-06 2.5116360734563403)
(-2 0.53917391532313963 2.5115814373311678)
(-0.46260488994736976 0.18889830404742455 2.5022371703174411)
(-0.35532437239260772 0.35151103472823614 2.5021737181421648)
(0.3535560909274495 0.35355068529299172 2.5020660989017962)
(0.46215282298154264 0.1902978072181504 2.5020925210511606)
(2 0.53917182131982233 2.5115839198368004)
(-2 1.0542867070033715 2.5112499835002642)
(-0.1935832127334628 0.46085201938926046 2.5021178116811136)
(-0.0019194094776138857 0.49998913405917189 2.5020782293754524)
(0.19030540134174614 0.46214965846040484 2.5020608734419962)
(2 1.054283989376128 2.5112515615362083)
(-2 2 2.5063842584636884)
(-1.5376346701293551 2 2.509911459687733)
(-2 1.5376373507440413 2.5099101574442293)
(-1.0542820737837568 2 2.5112523948024785)
(-0.53916832990031482 2 2.5115840180167561)
(1.0405483887190927e-06 2 2.5116349053432705)
(0.53917294678083538 2 2.511582848877238)
(1.0542861678710438 1.9999999999999998 2.5112508960275179)
(2 2 2.5063842584636884)
(1.5376371088920866 2 2.5099105584679977)
(2 1.5376353765363036 2.5099108276635111)
(-2 -2 3.014772521789931)
(-1.537310182654692 -2 3.0203058785573864)
(-2 -1.5373086182389935 3.0203062867044332)
(-1.0537788902961787 -2 3.0221556035586694)
(-0.53878251141100553 -2 3.022618001238039)
(1.2088264707488475e-05 -2 3.0227095490948908)
(0.53880456367443041 -2 3.0226144306713683)
(1.0537918347021609 -2 3.0221510980704802)
(2 -2 3.014772521789931)
(1.537315394519714 -2 3.0203030593171438)
(1.9999999999999987 -1.537313082643414 3.0203073282652846)
(-2 -1.0537768423778495 3.0221561036096047)
(-0.1921092649800992 -0.46102462881056128 3.0077252090932425)
(-0.0019483355861100865 -0.49998854887166694 3.007641119659358)
(0.18884121863191011 -0.46263038650135474 3.0075026929147697)
(1.9999999999999958 -1.0537836650632724 3.022159392432437)
(-2 -0.53878112249972698 3.0226181050224179)
(-0.46102891723709744 -0.19209914225719874 3.0076948616088663)
(-0.35355733972519676 -0.35354947863985264 3.0077421793829124)
(0.35146190472763444 -0.3553716620864224 3.0073307852715869)
(0.46082715006676905 -0.19364280170672796 3.0071590415716565)
(1.9999999999999982 -0.53878708684611776 3.022624598929589)
(-2 1.3035398776125182e-05 3.0227092016020296)
(-0.49998860913207716 -0.0019362866280563215 3.0075845860832722)
(0.49998901971162169 -0.0019730764588684626 3.0070162932409428)
(1.9999999999999982 9.7047339665510332e-06 3.0227176866166525)
(-2 0.5388063328769811 3.02261387156523)
(-0.46262460417686174 0.18885520857019972 3.0074288724596068)
(-0.35535785396428959 0.3514758062427441 3.007250588215999)
(0.35356549182286273 0.35354125796022373 3.006876735863103)
(0.46216455673606405 0.19026929038391024 3.0069205243626071)
(1.9999999999999978 0.53880462875234136 3.0226216796811687)
(-2 1.0537944229867728 3.022150605813025)
(-0.19361997040512971 0.46083672366028855 3.0070838024666791)
(-0.0019436120267060405 0.49998910773963723 3.0069577221124049)
(0.19030037602531025 0.46215174496767303 3.00688861130554)
(1.9999999999999947 1.053792990027024 3.0221557961267154)
(-2 2 3.014772521789931)
(-1.5373115614869848 1.9999999999999987 3.0203077263667044)
(-2 1.5373173169025636 3.0203027716066169)
(-1.0537817121836754 1.9999999999999956 3.0221598823069731)
(-0.5387858410859756 1.999999999999998 3.022624704646975)
(1.0495644135971043e-05 1.9999999999999982 3.0227173558084237)
(0.53880627496054856 1.999999999999998 3.0226211426541227)
(1.0537955075810674 1.9999999999999944 3.0221553209791239)
(2 2 3.014772521789931)
(1.5373181550245143 1.9999999999999987 3.0203048604027831)
(1.9999999999999989 1.5373162611200042 3.0203051396357155)
(-2 -2 3.534027052409221)
(-1.5368202949879906 -2 3.5376187133715584)
(-2 -1.5368185140788413 3.5376190176264632)
(-1.0530414224698061 -2 3.5394513413929962)
(-0.53821621392493368 -2 3.5402063683188771)
(4.7334764506635825e-05 -2 3.5404235198627574)
(0.53829942099820383 -2 3.5401949531849692)
(1.053094590352494 -2 3.5394365740978397)
(2 -2 3.5340270524092201)
(1.5368441746154728 -2 3.5376092701660848)
(1.9999999999999429 -1.536830369580692 3.5376250862150194)
(-2 -1.0530388759593186 3.5394517914378492)
(-0.19213487871634366 -0.4609950859385753 3.5217135821089078)
(-0.0020064870889075965 -0.49998807187720035 3.5214778496158186)
(0.18876363082900136 -0.46266033448780525 3.5211018711102708)
(1.9999999999997473 -1.0530571401748112 3.5394664654850905)
(-2 -0.53821387886603256 3.5402066071325735)
(-0.46101429068502298 -0.19211127841200271 3.5216839450023509)
(-0.35356512268731316 -0.35354102549873884 3.5217830788830726)
(0.35139603147143544 -0.3554385302554513 3.5206480789426364)
(0.46079411278026744 -0.19372111807565276 3.520214906190561)
(1.9999999999997058 -0.53822916087226247 3.5402312361532577)
(-2 4.9611883333168875e-05 3.5404235701108093)
(-0.49998827045819066 -0.001972936221071934 3.5214270745914975)
(0.49998862413843043 -0.0020381256132116876 3.5198851220662752)
(1.9999999999998075 4.4573705695337346e-05 3.5404535825322694)
(-2 0.53830246082323729 3.5401949751110871)
(-0.46263853105050667 0.18880322647768855 3.5210330616291348)
(-0.3553960002066211 0.35143722488136164 3.5205728227592181)
(0.35359002050370425 0.35351670756361603 3.5196222393489704)
(0.46218286533269759 0.19022462038220109 3.5196954608254485)
(1.9999999999996787 0.53830676996223858 3.5402220236977557)
(-2 1.053098129312785 3.5394366397671733)
(-0.1936525598024062 0.46082310648835789 3.5201443117593434)
(-0.0019492044472501696 0.499988882128382 3.5198301654625852)
(0.19031869646078028 0.46214411406515543 3.5196576802430632)
(1.9999999999997549 1.053105192214739 3.5394547129507723)
(-2 2 3.534027052409221)
(-1.5368285941184734 1.9999999999999425 3.5376253740377814)
(-2 1.536846613691395 3.5376093072476169)
(-1.0530546195705139 1.9999999999997471 3.5394669018242086)
(-0.53822690109889149 1.9999999999997049 3.5402314795908292)
(4.6752496170679198e-05 1.9999999999998073 3.5404536721391695)
(0.53830977565907245 1.9999999999996785 3.5402221000009484)
(1.0531087564106432 1.9999999999997546 3.539454813095035)
(2 2 3.5340270524092205)
(1.5368535413693305 1.9999999999999789 3.5376177452865267)
(1.9999999999999796 1.5368510755922702 3.5376176925824665)
(-2 -2 4.0530998472953534)
(-1.5362625447032501 -2 4.0604772357601835)
(-2 -1.5362601846560149 4.0604768945690255)
(-1.0521386955332335 -2 4.0631720859289606)
(-0.53750022375621498 -2 4.0644731411638286)
(0.00013777340811866307 -2 4.0649528469604563)
(0.53774115909123965 -2 4.0644456861189129)
(1.0522964250713953 -2 4.0631358311759129)
(2 -2 4.0530998472953534)
(1.5363352306643823 -2 4.0604532404112677)
(1.9999999999928406 -1.5362924118230952 4.060496818393462)
(-2 -1.0521352522050214 4.063171743702739)
(-0.19208961155381812 -0.46098892964952048 4.0531486385647835)
(-0.0019691107650581094 -0.4999861087863558 4.052601359772197)
(0.18876773177578757 -0.46265898816347051 4.0516899162886739)
(1.9999999999914959 -1.0521836519642389 4.0632161992421638)
(-2 -0.53749673589300972 4.0644728972059339)
(-0.46099337596972423 -0.1920264717011359 4.0531217768696077)
(-0.35357069281266734 -0.35352950728931748 4.0533126738513348)
(0.3513889445408952 -0.3554458045496125 4.0505800775251135)
(0.46079718511625745 -0.19371038690780021 4.0495773848542287)
(1.999999999980858 -0.53753396034283663 4.0645427226202644)
(-2 0.00014151250821485146 4.0649530530096785)
(-0.49998600381372077 -0.001889791282960329 4.0525526156377518)
(0.49998678561602283 -0.0020080521379692543 4.0489243919543227)
(1.9999999999871445 0.0001374090709781936 4.0650359957725595)
(-2 0.53774583292654055 4.0644464815082424)
(-0.46261699478571244 0.18886558844801676 4.0516250484452296)
(-0.35534449427300663 0.35148923150978978 4.0505059205465495)
(0.35364211394900996 0.35346295583158255 4.0485689980493866)
(0.46217964438658465 0.19022865653324117 4.0486421692255963)
(1.9999999999798657 0.53777287163709675 4.0645218411793849)
(-2 1.0523015493412817 4.0631368201596647)
(-0.19354209474904585 0.46086744260929635 4.0495031332601092)
(-0.0017942392775131277 0.49998710720801864 4.0488613732686538)
(0.19045248538502593 0.46208721450259094 4.0486056670874344)
(1.9999999999930873 1.0523375168108307 4.0631888895528201)
(-2 2 4.0530998472953534)
(-1.5362898327379608 1.9999999999928342 4.0604964386750417)
(-2 1.5363387599800999 4.0604538169707389)
(-1.0521798325203366 1.9999999999914888 4.0632158100295195)
(-0.53753007746634296 1.9999999999808409 4.0645424767272038)
(0.00014150232898318916 1.9999999999871336 4.0650362624818088)
(0.53777793454550349 1.9999999999798481 4.0645227319545842)
(1.0523430110005254 1.9999999999930809 4.0631899633238753)
(2 2 4.0530998472953534)
(1.5363656067147535 1.9999999999926568 4.0604795116925638)
(1.9999999999926636 1.5363618617907753 4.0604788932897264)
(-2 -2 4.5948013963369778)
(-1.5355309800527972 -2 4.588521900539595)
(-2 -1.5355283983651273 4.5885208604378516)
(-1.0510590914679183 -2 4.5897027691809162)
(-0.53664084542782398 -2 4.5919291892410135)
(0.00031116032605059348 -2 4.5928119711285733)
(0.53718024405820186 -2 4.5918805849043469)
(1.0514131998527652 -2 4.5896358658500418)
(2 -2 4.594801396336976)
(1.5356975739262793 -2 4.5884800391344225)
(1.9999999996846038 -1.5356025879622148 4.5885686411080249)
(-2 -1.0510516502394236 4.5896923233767577)
(-0.19171963927704425 -0.46099056097591667 4.6143200171522096)
(-0.0014451134584415996 -0.49987395466594775 4.6133122082905516)
(0.18923783763768293 -0.4623592328204062 4.6112189082327868)
(1.9999999998302067 -1.0511610285250508 4.5897912082230938)
(-2 -0.53663735662374679 4.5919282581050291)
(-0.46102928216804584 -0.19163017153015482 4.6143037571367245)
(-0.35347534721306462 -0.3534216799620678 4.6145711920501258)
(0.35174280200921054 -0.35498120043865766 4.6083949929620243)
(0.46095747961734918 -0.19313845191629958 4.6059562694502478)
(1.999999999351721 -0.5367167363985923 4.5920780866610018)
(-2 0.00031520284173253458 4.5928120011778528)
(-0.49987436025483778 -0.0013096961203767775 4.6132810064603458)
(0.49991252432665251 -0.0015311834809728835 4.6049665322965962)
(1.9999999995156388 0.00031743452677951732 4.5929885916063613)
(-2 0.53719234104081182 4.5918815812179403)
(-0.46228314170936569 0.18941917288165816 4.611198914531764)
(-0.35478729774120077 0.35193527431568505 4.6083354415577444)
(0.35367034309886503 0.35328763498504689 4.6054303573882223)
(0.46198115120218974 0.19047241755390851 4.6051911583476457)
(1.9999999993110886 0.53726515118189078 4.5920454485420636)
(-2 1.0514188381717073 4.5896298197036511)
(-0.19279964907548419 0.46109597119078854 4.6058780021951913)
(-0.0010888938224892395 0.4999101302498779 4.6048862390620533)
(0.19094936903511031 0.46178152706652914 4.6051377243225033)
(1.9999999998683102 1.051520338956357 4.5897479881573222)
(-2 2 4.5948013963369778)
(-1.5355991449978033 1.9999999996843298 4.588567480779477)
(-2 1.5357023245044885 4.5884807207781551)
(-1.0511558311162943 1.9999999998300781 4.589789934313842)
(-0.53671137581044059 1.9999999993511797 4.5920771007887717)
(0.00032329660276667809 1.9999999995152196 4.5929886973737979)
(0.53727878694847464 1.999999999310512 4.5920466302138516)
(1.0515281791127937 1.9999999998681939 4.5897495376896265)
(2 2 4.5948013963369778)
(1.5357735413912237 1.9999999996273614 4.5885425080576043)
(1.9999999996276823 1.5357681605428437 4.5885417049317647)
(-2 -2 5.1009025204832472)
(-1.5345835719719729 -2 5.1072509460320052)
(-2 -1.5345818611734043 5.1072496398798606)
(-1.0496374206216732 -2 5.1110322750971857)
(-0.53548045519473741 -2 5.1142478376298524)
(0.00053806561587145323 -2 5.1155376931102854)
(0.53641797843187966 -2 5.1141856994140014)
(1.0502612407037817 -2 5.1109481811457158)
(2 -2 5.1009025204832472)
(1.5348757294036308 -2 5.1071927705201992)
(1.9999999925120731 -1.5347196617477801 5.1073316069071844)
(-2 -1.0496353932264715 5.1110304873480157)
(-0.19002208720328365 -0.45894716465602309 5.2169386339173647)
(0.00053448552148798345 -0.49756997121676289 5.21712385104858)
(0.19077080064375571 -0.4592294991680741 5.2121392389817611)
(2.0000000001772729 -1.0498363221050531 5.1111985797935295)
(-2 -0.53547887090170609 5.1142462327714062)
(-0.45900436114476062 -0.1899214324002779 5.2169455494738912)
(-0.35147857801833993 -0.35141463751257979 5.2160382016236753)
(0.35235928719801229 -0.351758027826998 5.2039764166876381)
(0.4605229920222923 -0.19055399213076832 5.1960184776977272)
(1.9999999880947545 -0.53562168596957094 5.114493204937741)
(-2 0.00054080420983488773 5.1155368669246508)
(-0.49756563191183156 0.00071629497339264928 5.2171288786065242)
(0.49847788423201578 0.00032703313855898396 5.195651806013279)
(1.9999999907830213 0.00055118041499987221 5.1158271035025722)
(-2 0.53642357935960683 5.1141857440918201)
(-0.45911273552612591 0.1910241371765363 5.2121263759287135)
(-0.35146024830497707 0.35264390784059929 5.2039337775462204)
(0.35215007302851248 0.35147689461017911 5.2032977436904195)
(0.45995132725946192 0.19041956998610857 5.2007404956788177)
(1.9999999870908958 0.53657989533015171 5.1144615952788319)
(-2 1.0502684770328548 5.1109481654046105)
(-0.19000152967700065 0.46072619941017939 5.1959224884072963)
(0.0011175664790669113 0.49844207663037704 5.195431207987113)
(0.19126860033235196 0.45956253001754632 5.2006193654439494)
(2.000000000986955 1.0504697597973554 5.111156349634089)
(-2 2 5.1009025204832472)
(-1.5347158972453017 1.9999999925056178 5.1073300545202294)
(-2 1.5348809764225113 5.1071923298970576)
(-1.0498305254265501 2.0000000001766267 5.111196475560865)
(-0.53561540899319882 1.999999988085027 5.1144914390977085)
(0.00055854064262933891 1.9999999907750945 5.1158263931741512)
(0.53658933036032874 1.9999999870802883 5.1144619687474915)
(1.0504796449652745 2.0000000009889036 5.1111567001106026)
(2 2 5.1009025204832472)
(1.5350205234923164 1.9999999907007902 5.107301866381837)
(1.9999999907087151 1.5350139555794613 5.1073020742026802)
(-2 -2 5.635221377560315)
(-1.5330298281134969 -2 5.6158231452987071)
(-2 -1.533029566916027 5.6158218434288862)
(-1.0471558376477665 -2 5.6165573385852516)
(-0.53360390081768061 -2 5.6202324083225896)
(0.00071732810771349561 -2 5.6217168030101838)
(0.53485562943069576 -2 5.6201780820407636)
(1.0479908314279756 -2 5.6164829913524752)
(2 -2 5.6352213775603124)
(1.5334216425137375 -2 5.6157798490266195)
(1.9999998717171754 -1.5332303338906068 5.6159373246005364)
(-2 -1.0471560761863188 5.6165554304902754)
(-0.1768315059202441 -0.4384402936842744 5.858428943524939)
(0.0070266538810621008 -0.47580413783405223 5.8718995765529929)
(0.1871612667018005 -0.43225099397935496 5.8643289337100057)
(2.0000000242126093 -1.0474492601161796 5.6167732192321838)
(-2 -0.53360464517582917 5.6202303265775813)
(-0.43846556492481192 -0.1767767609600836 5.8584923808970801)
(-0.33456314313107266 -0.33452697302634904 5.854960940097957)
(0.34245886246131496 -0.33640161235084659 5.8314508288168536)
(0.45142032040879182 -0.18466681929252418 5.8110203102574358)
(1.999999789943306 -0.53381619418914772 5.6205407481961407)
(-2 0.00071614312542490617 5.6217148327857318)
(-0.47577243540189001 0.0071779709622622062 5.8719383746017453)
(0.48845571263182591 0.010598023461355612 5.802762932247072)
(1.99999979699487 0.00072405607317397973 5.6220786830227309)
(-2 0.53486116445384391 5.6201763311352622)
(-0.43205495283124012 0.18738087879974513 5.8644693424118834)
(-0.33601897573328127 0.34275258556849275 5.8314394767876347)
(0.33627093259973956 0.33569265724953384 5.8553598279084431)
(0.44342251300161073 0.18503386625488683 5.8422376531887288)
(1.9999997450180211 0.53507670567416776 5.6205310049589006)
(-2 1.0479982167213373 5.6164807954562104)
(-0.18393944093579212 0.45160311389111735 5.8107278490733778)
(0.01161885918365514 0.48816351188564427 5.8026312710539427)
(0.18678666627185939 0.44245729761374186 5.8407961760138818)
(2.0000000267173754 1.0482851644660458 5.6167605736010326)
(-2 2 5.635221377560315)
(-1.5332265189467349 1.9999998716136076 5.615935513112241)
(-2 1.5334264735458891 5.6157778423437872)
(-1.0474429796680367 2.0000000242210301 5.61677076278065)
(-0.53380875310105103 1.999999789754016 5.6205383996819771)
(0.00073099004548875907 1.9999997968185723 5.6220769247931024)
(0.53508893982182326 1.9999997448007485 5.6205298092033127)
(1.0482971047333323 2.0000000267304672 5.6167589743576638)
(2 2 5.6352213775603142)
(1.5336265610679609 1.9999998392006975 5.6159350616800952)
(1.9999998393558571 1.5336194785330632 5.6159366505904886)
(-2 -2 6.0922218298170927)
(-1.5304471725351063 -2 6.0952130423486244)
(-2 -1.5304475156652477 6.0952119147693029)
(-1.0435090408353085 -2 6.0982649889186087)
(-0.53102037967939408 -2 6.1015381946470324)
(0.00070483879958870292 -2 6.1028819761633608)
(0.53225531721635144 -2 6.1015107805468229)
(1.0443332560680598 -2 6.0982260502053194)
(2 -2 6.0922218298170918)
(1.5308325744236997 -2 6.0951840112607432)
(1.9999989951387711 -1.5306719522809225 6.0953224121773033)
(-2 -1.0435101384396785 6.0982634122017476)
(-0.070597299111357245 -0.30860654750255434 6.5)
(0.042352603203100699 -0.30122768090447566 6.5)
(0.11230771217021233 -0.29700707309992286 6.5)
(2.0000016305030033 -1.0438415424901295 6.0984716834970909)
(-2 -0.53102186904124293 6.1015364002006116)
(-0.30857279212905964 -0.070600135196759686 6.5)
(-0.31061680250699947 -0.31061838990294971 6.3918165419697663)
(0.20983733397606236 -0.23850404343670834 6.5)
(0.43082803514124796 -0.17742956590962874 6.3276381242366266)
(1.9999999460317321 -0.53127627507506248 6.1018234010757562)
(-2 0.00070586870625706868 6.1028798441112313)
(-0.30087463431160411 0.04219262087473849 6.5)
(0.50684926482576198 0.050807685409696782 6.388913513195277)
(1.9999997405774175 0.00067379652729599566 6.103215008025912)
(-2 0.5322610125154813 6.1015084146951093)
(-0.29682391489939508 0.11221107206430324 6.5)
(-0.23738942797924073 0.20916494769745103 6.5)
(0.23436576900820083 0.23059636147085016 6.5)
(0.37023233867264205 0.22573202271409262 6.5)
(1.999999932425047 0.53245044880616077 6.1018436438945249)
(-2 1.0443406124933103 6.0982230414297289)
(-0.17648203393342934 0.43077265957715705 6.3275017254485872)
(0.042576573142605503 0.51511005122565723 6.3889575864611414)
(0.22637054383213215 0.36976933227221465 6.5)
(2.0000021491567068 1.0446168865679317 6.098499499511135)
(-2 2 6.0922218298170927)
(-1.5306674867914043 1.9999989943072052 6.0953207659744555)
(-2 1.5308370997218548 6.095181342463607)
(-1.0438338261927553 2.0000016319958589 6.0984694826348482)
(-0.53126658710503905 1.9999999459620739 6.1018213239520618)
(0.00068609261616899432 1.9999997404033449 6.1032131690690692)
(0.53246569460045134 1.9999999324747657 6.1018419559022119)
(1.0446308865034171 2.000002150988311 6.0984971564454815)
(2 2 6.0922218298170918)
(1.5310375479834828 1.9999987895543565 6.0953368512041415)
(1.999998790561526 1.5310296606675431 6.095339111872085)
(-2 -2 7)
(-2 -2 6.5686584189455326)
(-1.5408799900149652 -2 7)
(-2 -1.5408799900149652 7)
(-1.5299731604050919 -2 6.5559711673721726)
(-2 -1.5299733532146989 6.5559704735157487)
(-1.4249457660623268 -1.42497529583658 6.9774945100761743)
(-1.0401743726780177 -2 7)
(-1.040328929626259 -2 6.5564024370199068)
(-0.87844097633827745 -1.3069297763890126 6.883188275198699)
(-0.54087999001496501 -2 7)
(-0.53074086212142402 -2 6.5583381302801405)
(-0.41430630981340133 -1.2015851554234092 6.8746099389790425)
(-3.3306690738754696e-16 -2 7)
(0.00044174072652911392 -2 6.5592114335069738)
(0.022369523811145604 -1.2123742321315381 6.903708166928511)
(0.54087999001496567 -2 7)
(0.53151272611493461 -2 6.558332176635008)
(0.44742252792998094 -1.2751478631536735 6.9773986563133779)
(1.0401743726780173 -2 7)
(1.0408454142834516 -2 6.556395662388681)
(0.93237423509363759 -1.358458485613687 6.9939726139602705)
(2 -2 7)
(2 -2 6.5686584189455317)
(1.5408799900149655 -2 7)
(1.9999904382639979 -1.5410334906774488 7)
(1.5302118984937092 -2 6.5559678054389048)
(1.9999892972531346 -1.5301600399676007 6.5560428707404457)
(1.4587964085460112 -1.445934942338529 6.9909104085221676)
(-2 -1.0401743726780173 7)
(-2 -1.0403295814293934 6.5564016161627166)
(-1.306875491372109 -0.87849163885790504 6.8831738907284494)
(-0.56157566313381135 -0.56187120290897041 6.8524989822101654)
(-0.23183140943749775 -0.46378903573416996 6.5636829452413563)
(-0.12058444323383255 -0.46691828906399147 6.8297137015559812)
(0.27505708817499108 -0.45815262774111543 6.9262256517198377)
(0.77616102705938594 -0.66158977338283054 6.9183432226314876)
(1.9999980406278683 -1.0402058355678518 7)
(1.9999877356123792 -1.0405903567981611 6.556528207374142)
(1.3760772800184864 -0.90561827711412524 6.8902581692047322)
(-2 -0.54087999001496501 7)
(-2 -0.53074173353298104 6.5583372819404717)
(-1.201467837902001 -0.41439439135689166 6.8745725309076322)
(-0.46486026997984436 -0.23254637664216757 6.5627469846073989)
(-0.33960526912247835 -0.33968142172583105 6.5457488183981667)
(0.28691088872540754 -0.17636945071050619 6.5)
(0.31301362664191923 -0.096772945716093517 6.5)
(1.999976330784651 -0.54125997711472462 7)
(2.0000076823758897 -0.53101885688082273 6.5585076189179778)
(1.2490745182241727 -0.4306308880590734 6.8273086888915717)
(-2 3.3306690738754696e-16 7)
(-2 0.00044265594280641646 6.5592101726139243)
(-1.2122000945261853 0.022273128625992209 6.9036323939995281)
(-0.46674975252007406 -0.12092183544705103 6.8292261495220634)
(0.74834373670093435 0.033815195288473161 6.5990419867289178)
(1.9999971785041306 -4.5297287455170476e-05 7)
(1.9999661508433599 0.00036124306627692267 6.5594079481698184)
(1.2082372355817932 -0.0074317004564769164 6.8266937704013619)
(-2 0.54087999001496567 7)
(-2 0.53151691005797053 6.5583307977907639)
(-1.2749243897534397 0.4472731337525197 6.9773230722357358)
(-0.45733630405491082 0.2743870793528902 6.9260952585264617)
(-0.17594527146628677 0.28671396999834486 6.5)
(0.20366409248623496 0.18205140212590409 7)
(0.71184344511325315 0.14611759529598489 6.9457150183598131)
(1.9999757037855688 0.54048992322798672 7)
(2.0000083612118051 0.53153034031284563 6.5585307506207462)
(1.2193936642346821 0.41526550013088565 6.8847327525962383)
(-2 1.0401743726780177 7)
(-2 1.0408504654196573 6.5563937845510596)
(-1.3581951118527065 0.93219852837634931 6.9939004072776649)
(-0.66077666736584995 0.77577023892254526 6.9182158572622718)
(-0.094431788329866179 0.31131176997574911 6.5)
(0.047835357920221575 0.75253195475826506 6.5742118326415531)
(0.14564426608366693 0.65120616503529016 6.9533016469373568)
(0.61512891722948448 0.61014853575982042 6.8976422167136056)
(1.9999977271283274 1.0401378896366691 7)
(1.9999841117581874 1.0409833578970471 6.5565673261029209)
(1.3344628787567392 0.88197164821125662 6.9179653565902539)
(-2 2 7)
(-2 2 6.5686584189455326)
(-1.541022511951982 1.9999904299914477 7)
(-2 1.5408799900149655 7)
(-1.5301541607721842 1.9999892880653931 6.5560416856769468)
(-2 1.5302149279427282 6.5559661792418087)
(-1.4457538144802449 1.4586766242846805 6.9908909278421909)
(-1.0402035858290268 1.9999980389326737 7)
(-1.0405820294583619 1.9999877244840456 6.5565270006643681)
(-0.90521623188939271 1.3757847076024263 6.8902364052467924)
(-0.54123280026971687 1.9999763103066983 7)
(-0.53100465360046312 2.0000076889202805 6.5585065214008447)
(-0.43000765345930508 1.2481147957633711 6.8270454827939817)
(-4.2057663547090396e-05 1.9999971760630502 7)
(0.00037375915724981889 1.9999661212874713 6.5594069222107301)
(-0.0062675622974577069 1.2070787175575366 6.826256636192495)
(0.5405178199894185 1.9999756827651538 7)
(0.53154870494906592 2.0000083683639667 6.5585299387541909)
(0.41672362729112983 1.2183266290021484 6.8845358838561452)
(1.040140499333706 1.9999977251619014 7)
(1.0409961043835712 1.9999840983537485 6.5565658589080149)
(0.883265737813689 1.3333881972676629 6.9179609708177248)
(2 2 7)
(2 2 6.5686584189455326)
(1.5407281083071533 1.9999898024499032 7)
(1.9999898112649159 1.5407164096652626 7)
(1.5303050862751058 1.9999864474863434 6.556065984139483)
(1.9999864592866075 1.5302967644001755 6.5560672234645629)
(1.4322601242952213 1.4317047714677129 6.9881167315127284)
)
