FoamFile
{
    version     2.0;
    format      ascii;
    class       vectorField;
    location    "constant/polyMesh";
    object      points;
}
// * * * * * * * * * * * * * * * * * * * * * * * * * * * * * * * * * //

2684
(
(-1.4535587310895974 -1.4535507509046595 -6.5437058791264704)
(-0.86363365404730463 -1.2983513441495351 -6.5164209773910047)
(-0.31973596455695369 -1.1083145992196453 -6.4873083144373558)
(0.018906859969163383 -1.130298853355904 -6.5063146141956576)
(0.44182821041245013 -1.243285753148144 -6.5363029320267207)
(0.89166256753323991 -1.3646258550913537 -6.525507264777727)
(1.4605291528036504 -1.4640003983154704 -6.5481483320295668)
(-1.2997334518695434 -0.86505396956148717 -6.5150671045996509)
(-0.60860612659784163 -0.60915667098667259 -6.4841804273850085)
(-0.25499379533671979 -0.60822498685023418 -6.4463705457719245)
(-0.021452335736082503 -0.80625077825663949 -6.5440194782116405)
(0.448185886155474 -0.7773586865862635 -6.5232498892370536)
(0.79918707314386161 -0.88278101980440393 -6.4803443295543275)
(1.409546210264029 -0.95191734555240504 -6.526754887378555)
(-1.1199854835300485 -0.32512196520698844 -6.4818280450760488)
(-0.61207365489606846 -0.2608357282342626 -6.4408852417113813)
(-0.38712231560236776 -0.38707882397026955 -6.4786081299760756)
(0.49265780438379786 -0.44689174236514256 -6.4535538442539853)
(0.73680232671798196 -0.40196867405027764 -6.4479399976259097)
(1.3135829495984379 -0.4387772784403744 -6.489992053860214)
(-1.1406029367072752 0.020386260321545953 -6.4982254447314958)
(-0.8031540467681878 0.024310064830190256 -6.5274659208658425)
(0.86884316168961417 0.072916006412842349 -6.4485816403874185)
(1.223200561821906 0.080208756882050911 -6.4785411773584727)
(-1.2464248541769718 0.43985199137323555 -6.5303763079977308)
(-0.78441712498079674 0.44764716588695624 -6.5196949794695298)
(-0.44751304419034582 0.49154645070259523 -6.4528573207150659)
(0.49833532949909926 0.48570743638505676 -6.6362852576183275)
(0.80388423617729754 0.37167953630598372 -6.6159885845345068)
(1.2338934545042104 0.43392306014576992 -6.5294962746911711)
(-1.3644406386660592 0.89155009634203142 -6.5255111798605778)
(-0.88234880770851076 0.79891595958924499 -6.4803505879227545)
(-0.40135133456211014 0.73601796035275435 -6.448029029188513)
(0.070528227750852421 0.86609425887749913 -6.4469244550027094)
(0.38877288009348171 0.66443066338188284 -6.6001191706771447)
(0.82128961864014316 0.81317782536601291 -6.5713603627434605)
(1.2827458742588953 0.84360774228044766 -6.5399304704579055)
(-1.4638698702757167 1.4604463002037493 -6.5481540755816212)
(-0.95159474627466323 1.409315898202635 -6.5267546589962437)
(-0.43824187014198474 1.3124999411668479 -6.4897750517600121)
(0.082217448833003387 1.2210228966298351 -6.4771905232659863)
(0.44046116603619662 1.2301546049504757 -6.5261736601408789)
(0.84710326109933221 1.2796768068436821 -6.5381482465891887)
(1.4488387122880266 1.4483341136194592 -6.5514937585113397)
(-1.4800722098804293 -1.480069542617759 -6.1047408603671087)
(-0.89286769357629581 -1.34809945313734 -6.1160120060185905)
(-0.31109422204342857 -1.1494750812609065 -6.1897257501545093)
(0.039362547438480389 -1.177907777858143 -6.2211837424481962)
(0.45502183651994554 -1.2834688839007262 -6.1917653696987998)
(0.86821542665640239 -1.3644528184913003 -6.1483493947668784)
(1.469033512169305 -1.4793431840904989 -6.1083172214798678)
(-1.3495663858716487 -0.89537344868704938 -6.1141138893586415)
(-0.66700676260696734 -0.67218245961269507 -6.1868863097188269)
(-0.18424793763953601 -0.64169790529269788 -6.2388769006729623)
(0.078105614471352058 -0.852234674198728 -6.2475295362741985)
(0.41559132567052498 -0.84838952168988291 -6.2159603626858955)
(0.77172844098210058 -0.90684320777827787 -6.1765094122509305)
(1.4352677310617261 -0.98165167303367595 -6.1157541654625813)
(-1.1571408822236886 -0.31880085560168842 -6.1823788377214024)
(-0.65403695017069474 -0.22092314049456194 -6.2291034314803628)
(-0.39459789783830285 -0.39592827164839733 -6.3233053828607266)
(0.42486748978445177 -0.51373930246512922 -6.2522963472449851)
(0.68785997764313056 -0.41693050482378446 -6.2059538002552541)
(1.3618153848803669 -0.46007149656245511 -6.1152338116849734)
(-1.1867460972818833 0.039582119689289222 -6.2120716680161516)
(-0.86158644053255351 0.077433909897865305 -6.240133563177185)
(0.8342898335938802 0.12768776387944819 -6.2152558488312994)
(1.2718378680814308 0.10455291045430286 -6.1585978545243281)
(-1.2833749589292462 0.45499045853844211 -6.1917817385078138)
(-0.85489207395497668 0.41498555178638868 -6.2136412461661692)
(-0.51482643207251821 0.42402765014339233 -6.2509964703478467)
(0.51236365136613926 0.50822269320752622 -6.3114765857319988)
(0.7951543933790276 0.45112003500019038 -6.286653657274913)
(1.2759216966096252 0.46807404651220619 -6.1887312432144794)
(-1.3643333006747314 0.86817008822622144 -6.1483711954418396)
(-0.90654788239342898 0.77160847822221834 -6.1765471302769921)
(-0.41693760759950371 0.68767430351864367 -6.2055296249941083)
(0.12280726502704155 0.8340634252941449 -6.2109415534681336)
(0.45715835292525031 0.79034151080005233 -6.2858137016862434)
(0.8699540047672577 0.86849997687326341 -6.2412696176524829)
(1.3473682562175127 0.88393141135517395 -6.160961318094242)
(-1.4792604599981791 1.4689916484999779 -6.1083336113082085)
(-0.98144312521868615 1.4351462771192462 -6.1157827543046483)
(-0.4597274649671424 1.3606799915747634 -6.1151456679339375)
(0.10418269930797465 1.2712208288644222 -6.1568302313520267)
(0.46914613840241848 1.2748064464460902 -6.1888548787114308)
(0.88472944180224233 1.3465548250864872 -6.1610167776479878)
(1.4653671746312573 1.4650391472794868 -6.1195772690542549)
(-1.4956673382271761 -1.4956659901612759 -5.6263989882108847)
(-0.98437911796110011 -1.4637406134307984 -5.6476315652997489)
(-0.47416086260512452 -1.4403251892869811 -5.6744862636562905)
(0.05556166968046853 -1.3917889112417197 -5.7471009006729616)
(0.4755477504349942 -1.3452971906775493 -5.7982188181851928)
(0.9158267906891645 -1.4103471177955036 -5.7172839246641001)
(1.4798819579135063 -1.4902518789708941 -5.6365553414277674)
(-1.4637396232883584 -0.98437673322124031 -5.6476328925219912)
(-0.94614964293778792 -0.94615087468316783 -5.6854199782961476)
(-0.41791581602642774 -0.85579332079266002 -5.7458676732162806)
(0.058030531518400763 -0.96361753582830167 -5.8075300391368216)
(0.45104068476718506 -0.92230004126072551 -5.8500575241476351)
(0.844822737577683 -0.94880318140256115 -5.7808610923754529)
(1.4478652564602261 -0.99318621868877688 -5.6529681313197262)
(-1.4403144639837671 -0.47415603651322386 -5.6744928197980098)
(-0.85577331091503761 -0.41791067839028501 -5.7458778231408729)
(-0.53331232791568839 -0.5333189079715237 -5.7742164651563934)
(0.53374245249360708 -0.58103431386861737 -5.829190442090324)
(0.81540009839415406 -0.47457143560177428 -5.7732413044794688)
(1.4317941291954124 -0.48980193040991732 -5.6690805106025799)
(-1.3917528567910868 0.05556889351376585 -5.7471183728823014)
(-0.96354477385003956 0.058045773752678817 -5.8075594705992923)
(0.96633222210383563 0.057536990326892391 -5.7858988878984903)
(1.3926524719319038 0.05574897525441834 -5.7338701017652127)
(-1.3452310436879409 0.47555246945115265 -5.7982467517061069)
(-0.92212404140462612 0.45103762793614216 -5.8501042228708782)
(-0.58064380052392595 0.53370954230110323 -5.8292430172019163)
(0.56395778594047374 0.56269686710380651 -5.7926192924836331)
(0.94320788722290505 0.45965080561272625 -5.8301565775012474)
(1.3479144674492107 0.48716540219118765 -5.790273007274366)
(-1.4102673908925805 0.91581920864884503 -5.7173130892491049)
(-0.9485880897611807 0.84477557248279245 -5.7809079810189026)
(-0.47407993431550283 0.81524222153806258 -5.7732552830756667)
(0.058412359022236751 0.96570696157929148 -5.7858431393981116)
(0.46071315657158618 0.94219477672003604 -5.8301961646849749)
(0.93683369353595547 0.93599258080730297 -5.7922606666605203)
(1.4045001780949746 0.93243644218550159 -5.7236497187631024)
(-1.4901970612103539 1.4798662068703461 -5.6365740350172766)
(-0.99303609540059345 1.4478032433283663 -5.6530025381548343)
(-0.48947934625142964 1.4316032546434723 -5.6691328678701369)
(0.056328606417959913 1.3921840224718276 -5.7339390420215528)
(0.48786475506879734 1.3472598377289446 -5.7903390803045331)
(0.93292447607451923 1.4040292657126714 -5.7236799489576882)
(1.4807848842792639 1.480584729529443 -5.6471636437803037)
(-1.5053582354792265 -1.5053564772977259 -5.114487908534648)
(-1.0013238256655015 -1.4800621187955942 -5.1260837942049431)
(-0.49283086183725078 -1.4615761892851682 -5.1417326311581117)
(0.008078632692340465 -1.4559844500209298 -5.1536889721103245)
(0.49667267300647416 -1.4564402103527492 -5.1530905850589841)
(0.98961523955440656 -1.4735297920735269 -5.1401044511512781)
(1.4963356622066615 -1.5021325108396559 -5.121523269339523)
(-1.4800615327913915 -1.0013181373694575 -5.1260863058349324)
(-0.97181865771523257 -0.9718141565065509 -5.1466461852816812)
(-0.44447575692700986 -0.8825594650605233 -5.1776679631319986)
(0.0084629294818089548 -0.9582586098751531 -5.1891947196208408)
(0.44701967958704847 -0.88725921618669723 -5.1874158684741349)
(0.95688516922699152 -0.97554534754748379 -5.1591663200869498)
(1.4692460267868765 -1.0034341409366911 -5.1322940727482145)
(-1.4615676678570457 -0.49281673798487963 -5.1417431899064416)
(-0.88255197975210053 -0.44444652978139737 -5.1776850242786301)
(-0.5617357650261724 -0.56172056262393999 -5.190410175786746)
(0.55720409836048501 -0.57334544400719645 -5.1948548135006334)
(0.87494857081061728 -0.45418036909468346 -5.1764602434577203)
(1.4549453482033146 -0.49867087001353716 -5.1420683947594146)
(-1.4559595279965696 0.0081030705851185547 -5.1537102749500487)
(-0.95820966737784008 0.0085239446383313204 -5.1892335467829795)
(0.95893494967073178 0.0061870785599010616 -5.1784683567408134)
(1.4551384875807918 0.006364635496980825 -5.1490714275955947)
(-1.4563973311487377 0.49669765913650121 -5.1531189907411665)
(-0.88713173450746408 0.44708529168266742 -5.1874633299868727)
(-0.57308384994862249 0.55729172395188831 -5.1948924429599677)
(0.57389412114230154 0.57326130761380667 -5.2011975285893728)
(0.88951088089417119 0.4574736076787228 -5.1837234770896305)
(1.4573431711899842 0.50224021199832924 -5.1498989542774964)
(-1.4734807372914853 0.98962641716400901 -5.140131400448575)
(-0.97540549755166817 0.95688777632347011 -5.1592101208110757)
(-0.45383625111720882 0.87492101318743765 -5.1764836679330646)
(0.0067269928069652457 0.95870533939499902 -5.1784563063392506)
(0.45807208804354344 0.88908880940237744 -5.1836788108439631)
(0.97313443649678433 0.97275021028614694 -5.1651991389482896)
(1.4722113517363735 0.99770807624820379 -5.1416653520669211)
(-1.5020971683685502 1.4963335726643934 -5.1215400124932584)
(-1.0033349065254695 1.469224272031586 -5.132324056391468)
(-0.49846898384856492 1.454866881914338 -5.1421063477963296)
(0.0066617426471271834 1.4549703865861154 -5.1491098519797838)
(0.50254764520756912 1.4571207373154145 -5.1499282082812865)
(0.99792848090427455 1.4720217797002773 -5.1416787376359094)
(1.4988359120732846 1.4987351900059429 -5.1255969900107878)
(-1.5103601068445989 -1.5103580870906468 -4.5881089834245996)
(-1.0091075310626132 -1.4881785487945758 -4.5918895878165111)
(-0.50265939280126271 -1.4729049503292859 -4.5971900547845195)
(0.00076517824762920711 -1.4708298740235715 -4.5997358319652317)
(0.5027445909416639 -1.4728827428531563 -4.5976971474171515)
(1.0070839425574964 -1.4879201542099991 -4.5930144649046687)
(1.5084329867889477 -1.5100743926005205 -4.5891517617122828)
(-1.488178689338874 -1.0091007300494765 -4.5918923097099871)
(-0.9836668193962852 -0.98365991142173881 -4.5980208247885006)
(-0.45641782660413466 -0.89464904329793415 -4.6082078646197449)
(0.00030725885162343272 -0.96931612181696247 -4.6097817935779783)
(0.45534209656873559 -0.89587649328471652 -4.6071208400473918)
(0.98075044825772184 -0.98507191012813478 -4.5977397666143238)
(1.485796091663439 -1.0100562808938021 -4.5921338557441382)
(-1.4728996296765091 -0.50264365557695867 -4.5972010147864468)
(-0.89465024617730593 -0.45638680088130934 -4.6082233702594966)
(-0.57335033681711689 -0.57332908001819927 -4.6133697413206489)
(0.57143916485024848 -0.57587877941793997 -4.6097395136458772)
(0.89303740364694006 -0.45870017768257121 -4.6041647607018934)
(1.4714931751374059 -0.50425457019050346 -4.5956859950257076)
(-1.4708137384489084 0.00079095988404306178 -4.5997562902633264)
(-0.96928774333669809 0.00036524628048080141 -4.6098150631620465)
(0.96933078143550278 0.00016263137483585668 -4.6045950283035699)
(1.4706258852839589 0.00050458106344166559 -4.5973672396533454)
(-1.472855706990738 0.50277161332400389 -4.5977220199990274)
(-0.89579649960435948 0.45540834743464131 -4.6071611366710359)
(-0.57571224016083689 0.57152667416258451 -4.6097801826531004)
(0.57569356239291125 0.57536351717034051 -4.609342783412071)
(0.89612604648362948 0.45845057003751688 -4.6045954770336639)
(1.4730529509471109 0.50457003045057314 -4.5960985201873079)
(-1.4878908079560562 1.0070996954071938 -4.5930363224662933)
(-0.98498739345324915 0.9807717600374497 -4.5977760955355471)
(-0.4584915937691757 0.89305774261372284 -4.6041958218169627)
(0.00047074082549886445 0.96925391104417602 -4.604605848281567)
(0.45876107542025607 0.89593103846768507 -4.6045959768291365)
(0.98481486667032392 0.98464003764830488 -4.5977250788665396)
(1.4877295898815543 1.0095150804008299 -4.5927275156041514)
(-1.5100538912600296 1.5084363826545206 -4.5891647361108889)
(-1.0099983708071654 1.4857941484058423 -4.5921568150618057)
(-0.50414113076270994 1.4714712679994266 -4.5957129990623997)
(0.00066243044529577799 1.4705689903925876 -4.597390006226977)
(0.50472397769928923 1.4729708147322906 -4.5961124664268196)
(1.0096176331023146 1.4876544384642807 -4.5927335029692493)
(1.5096862766965855 1.5096431790627238 -4.5894988830897923)
(-1.5129945451619606 -1.5129929151015959 -4.0601170190498568)
(-1.0127192243411927 -1.4922454420720364 -4.0599406445199415)
(-0.505919301423433 -1.4780883813713999 -4.06110989190518)
(-0.00037366159602533061 -1.4765056354808019 -4.061697207309658)
(0.50521408415082847 -1.4783562148159786 -4.0607237904056133)
(1.0121607796669032 -1.4925571242617579 -4.0595465703708822)
(1.5126914291342848 -1.5131790893952832 -4.0599508471160171)
(-1.4922458972441497 -1.0127138466524084 -4.059943711598585)
(-0.98891940873206696 -0.98891365200777037 -4.0586111065105044)
(-0.46039911105454462 -0.90001871584115245 -4.0596342312823932)
(-0.00097434937414209166 -0.97502542260146519 -4.0598275179489418)
(0.45872061345336412 -0.90085185634014309 -4.0584034700036877)
(0.98802133438522066 -0.98972510661886204 -4.0574271781641169)
(1.4918314249691238 -1.0132344471805703 -4.0593300486668902)
(-1.4780857810214723 -0.50590760588847128 -4.0611201715891632)
(-0.90002200136975996 -0.46037793315514575 -4.0596476776908359)
(-0.57755840711505579 -0.57754278418813043 -4.0598168360525761)
(0.57601241203568843 -0.57893235431241685 -4.0573749070697867)
(0.8992852432305074 -0.46137096508898329 -4.0572171056675908)
(1.4778207417984239 -0.50645654654594874 -4.059981327667729)
(-1.4764969601652878 -0.00035538498082932773 -4.0617155513249914)
(-0.97501131317978973 -0.00093667179192119532 -4.0598576422319512)
(0.97474506643929426 -0.00096678892349335438 -4.0572770099681241)
(1.4763971487323684 -0.00038846113022714818 -4.0604393379463328)
(-1.4783416550897173 0.50523319719604098 -4.0607454660618938)
(-0.90080844857565923 0.45876436323764141 -4.0584419968339525)
(-0.57884135947985349 0.57606928456875051 -4.0574195005565352)
(0.57771226818147559 0.5775503835965895 -4.0560981624893797)
(0.9003462659953293 0.45981317222310986 -4.0566849664654567)
(1.4782614361251141 0.50579434830701919 -4.0598043698851836)
(-1.4925417444888556 1.0121728678426669 -4.0595648152351833)
(-0.98968022381192156 0.98803977769021323 -4.0574588119465123)
(-0.4612600998694979 0.89930676273920207 -4.0572525356342428)
(-0.00080816236033259478 0.9747180679425157 -4.0573002925165156)
(0.45996639361280955 0.90025786980875355 -4.0566945272841348)
(0.98917943124804519 0.98910128400285768 -4.0567669278038583)
(1.4924126209628477 1.0128547542800574 -4.0590939152496235)
(-1.5131684979109368 1.5126952956999031 -4.0599612424448983)
(-1.0132044846098593 1.4918345367519767 -4.0593484931595505)
(-0.50639840891801458 1.4778169756165696 -4.0600029690857475)
(-0.0003092911156032524 1.4763784525188752 -4.0604573725979964)
(0.50586857856507139 1.4782303006537021 -4.0598150099465711)
(1.0129013358711583 1.492382578240814 -4.0590979101533531)
(1.5130867854400223 1.5130685611933741 -4.0597935129654852)
(-1.5141496259381699 -1.5141484156043101 -3.5369356369563865)
(-1.0143420680353024 -1.4940991365090459 -3.5358478871372006)
(-0.50711358887662994 -1.4804358289543702 -3.5356076698769239)
(-0.00053915978082605398 -1.4790081692243191 -3.5356524075321332)
(0.50623592967802655 -1.4806519119216139 -3.5353947145243176)
(1.0138780866747663 -1.4943661054592516 -3.535590137296349)
(1.5140072409213481 -1.5143175440665118 -3.5367798902185044)
(-1.4940996718181772 -1.014338730425111 -3.5358513467564472)
(-0.99118398218525572 -0.99118051166804599 -3.5324601098213266)
(-0.4617901073685019 -0.90239649071098815 -3.5303424420108529)
(-0.0011469758835018461 -0.9776475160439615 -3.530381889242503)
(0.45997303347791868 -0.90310877887087582 -3.5297602159260437)
(0.99043004022071335 -0.99177515380923964 -3.531854788708384)
(1.4938603411540896 -1.0146825695271526 -3.535497691126527)
(-1.4804348553671975 -0.50710686951679107 -3.5356176638513164)
(-0.90239832230609307 -0.46177901686957501 -3.5303552698060239)
(-0.57919671778326764 -0.57918884609831545 -3.5286277204603387)
(0.57761614426254415 -0.58037495727278243 -3.5275195185560047)
(0.90163794685786769 -0.46252216566596865 -3.5292515099699386)
(1.4801856862282037 -0.50742707409770971 -3.5350719668857069)
(-1.4790042630627669 -0.00052901991887246286 -3.5356695107748006)
(-0.97764131129682141 -0.0011278170210506505 -3.5304113997806801)
(0.9771675712780985 -0.0011510675652602852 -3.5292287111771179)
(1.4787643877265999 -0.0005391300196285545 -3.5350765108597462)
(-1.4806453219288096 0.50624652885999666 -3.5354148215426688)
(-0.90308897117020615 0.45999545331004577 -3.5297989765363917)
(-0.58033305377121391 0.57764458166690735 -3.5275673953932016)
(0.5788572085418684 0.57878503573846107 -3.5267353570721944)
(0.90235286954555127 0.46069484256192067 -3.5288765744097477)
(1.4803958459929198 0.50654478300484596 -3.534948047481326)
(-1.4943592279142253 1.0138851547356555 -3.5356068378400085)
(-0.99175436725823818 0.99044062251151521 -3.5318845435256563)
(-0.46247102688739899 0.90165014180742475 -3.5292892533021174)
(-0.0010786378366895964 0.97715765303359359 -3.5292564349462952)
(0.4607637441218107 0.90231492929688317 -3.5288885932461698)
(0.99103841707189366 0.99100488774526108 -3.5314522712607488)
(1.4941256940073513 1.0142103718308553 -3.5353403749308066)
(-1.514312669961059 1.5140099053336287 -3.5367892573142732)
(-1.0146687223199633 1.4938629299101522 -3.5355144885888792)
(-0.50740024231103198 1.4801857062058839 -3.535092042684294)
(-0.00050294794471066051 1.4787580364676991 -3.5350933347915783)
(0.5065780532337264 1.480383910473269 -3.534957756959797)
(1.014230688410017 1.4941137705738428 -3.5353437424727634)
(1.5141782972156064 1.5141705699948349 -3.53667965720981)
(-1.5146889593768813 -1.5146880259655118 -3.0206902929904169)
(-1.0150915777117093 -1.4948191583849562 -3.019811679662288)
(-0.5076471471055567 -1.4813581397196631 -3.0193021918606755)
(-0.00056558437780154791 -1.4799995083471356 -3.0192005746467703)
(0.50671845587836617 -1.48153606481581 -3.0192166517502392)
(1.0145829539453066 -1.4950347240494954 -3.0197067902189603)
(1.514516060862205 -1.5148186216702344 -3.0206244295849607)
(-1.4948195961965085 -1.0150895391299841 -3.0198153106591774)
(-0.99210838470557539 -0.99210655059743202 -3.0168612647394935)
(-0.46232307773615444 -0.90337592478445683 -3.0144373320583688)
(-0.0011528758563420782 -0.97873341230429545 -3.0144441935857236)
(0.46048322700952415 -0.90402625344564824 -3.0142004761338828)
(0.99129770752698887 -0.99261246135633052 -3.0166155690129957)
(1.4945277050297809 -1.0153647256216523 -3.0196694403166204)
(-1.4813578389266018 -0.50764366576369579 -3.0193122945732558)
(-0.90337681528626779 -0.46231823101056885 -3.0144508233782945)
(-0.57985036334799422 -0.57984706869027913 -3.0126203810175465)
(0.5782474971405035 -0.58094969600196034 -3.0121657601821017)
(0.90254596134079557 -0.46298324820524356 -3.0139958821270314)
(1.4810255259833751 -0.50790398275064219 -3.0190876305043091)
(-1.4799979803099572 -0.00056063941487027869 -3.0192176367029955)
(-0.97873101017547104 -0.0011447071884822038 -3.0144749167371141)
(0.97815823602887253 -0.0011553868386658152 -3.0139728421247103)
(1.4796616261789151 -0.00056381331345421726 -3.0189676304067374)
(-1.4815334399798612 0.50672372763614082 -3.0192366049075972)
(-0.90401826358318293 0.46049288307925629 -3.0142407612868434)
(-0.58093288069236093 0.57825934568025728 -3.0122172438520178)
(0.57938393372976749 0.57935503030617708 -3.0118211833134456)
(0.90319460885293812 0.46114287360009126 -3.0138255538537875)
(1.4812012894907749 0.50697660541688194 -3.019031443219824)
(-1.4950319130623353 1.0145867923991092 -3.0197232475726032)
(-0.99260384127495427 0.99130279661939902 -3.0166453662459465)
(-0.46296253940678983 0.90255144431644418 -3.0140361462485048)
(-0.0011261016319596799 0.97815471446852786 -3.0140033147431566)
(0.46117077394311279 0.90317959321480568 -3.0138387642178328)
(0.99181190936291552 0.99179832462513318 -3.0164406727521813)
(1.4947422972100415 1.0148540178282599 -3.0196009739476968)
(-1.5148164044795949 1.514517796510805 -3.0206336885399119)
(-1.0153587706001279 1.4945292237763299 -3.019686156207448)
(-0.50789277776004116 1.4810259584070125 -3.0191078590798845)
(-0.00054883496567428858 1.4796594749338188 -3.0189847201064737)
(0.50699046451779617 1.4811968232224406 -3.0190413181191191)
(1.0148626422024603 1.4947376215432706 -3.0196043766457907)
(1.5146462835006267 1.5146428647021797 -3.0205825611044448)
(-1.5148509758709872 -1.5148501010513455 -2.5105379427388761)
(-1.0154073919870907 -1.4949975154038533 -2.5101322633586767)
(-0.50789315168144289 -1.4815953109379811 -2.5097560942334551)
(-0.00056670790698416795 -1.4802612272856592 -2.5096558328755538)
(0.50695566466501762 -1.4817571436334842 -2.5097224914076159)
(1.0148797010790764 -1.495191285678986 -2.510091271583506)
(1.5146598757563055 -1.5149642114318282 -2.5105120244691901)
(-1.4949979070490209 -1.0154058853912005 -2.5101360434398181)
(-0.99240819873990227 -0.9924071273236228 -2.5082481623098518)
(-0.4625078814071476 -0.90367525792870695 -2.5064936338933892)
(-0.0011372821972039648 -0.97905514221367829 -2.506490595530249)
(0.46068225965857235 -0.90429613074067983 -2.5063988422535899)
(0.99157356348240389 -0.99287643313309148 -2.5081502553184083)
(1.4946772157171329 -1.0156549574762057 -2.5100774505341343)
(-1.481595189879124 -0.50789120209826155 -2.5097665830288247)
(-0.90367552929343697 -0.46250570849890271 -2.5065073257399759)
(-0.58006369149230264 -0.58006243648281508 -2.5052000239753158)
(0.57847042798556036 -0.58112277011869418 -2.5050170398328779)
(0.90282076609366801 -0.46313650979982324 -2.5063230854040421)
(1.4812247910225906 -0.50812967106543683 -2.5096746166526902)
(-1.4802605852016377 -0.0005642966349590009 -2.509673543399856)
(-0.9790538982305319 -0.0011338297186690403 -2.5065226332570107)
(0.97844418104293318 -0.0011379510285089052 -2.5063147615863381)
(1.4798834846101587 -0.00056391686661181467 -2.5095688124106363)
(-1.4817560819603688 0.50695840415262117 -2.5097432355129707)
(-0.90429266400011166 0.46068620423424467 -2.5064412195491261)
(-0.58111606652522696 0.57847485640307084 -2.5050718319313421)
(0.57955834292238639 0.57954755213070797 -2.5048993900469476)
(0.9034404110344969 0.46131790502788828 -2.506263980691096)
(1.4813891313204421 0.50719777397316756 -2.509654898131727)
(-1.495190034625834 1.0148820862992329 -2.5101084084407672)
(-0.99287286524794338 0.99157604153734302 -2.5081810053624682)
(-0.46312858141554586 0.90282302576973428 -2.5063657396444183)
(-0.0011269594450203264 0.97844303318094794 -2.5063474347967176)
(0.4613284739460794 0.90343481894607736 -2.5062781416905673)
(0.99205529560745909 0.99204988230937929 -2.5080907319319223)
(1.4948762478528592 1.0151324009700797 -2.510054218528599)
(-1.5149629525191306 1.5146612335972918 -2.5105216815076772)
(-1.0156521956023492 1.494678187119814 -2.5100946707604659)
(-0.5081251900740229 1.4812251462717954 -2.5096956125891228)
(-0.00055818600216772651 1.4798828251115963 -2.5095867905278406)
(0.5072033884739503 1.4813875345860295 -2.5096655281940801)
(1.0151363464872312 1.4948743061305119 -2.5100580521688172)
(1.5147781172814261 1.5147762709225332 -2.5104986025706766)
(-1.5148965185977967 -1.5148953986704474 -2.0049223728952339)
(-1.0155211686568506 -1.4949757014975 -2.0047993879185455)
(-0.50799593047710179 -1.481566744289003 -2.0046011557985501)
(-0.00056332341671754688 -1.4802355635729882 -2.0045398739347098)
(0.50706115931132278 -1.4817224580260921 -2.0045863991648556)
(1.0149893866741713 -1.4951615399462386 -2.0047811501660027)
(1.5146996610693448 -1.5150039762867273 -2.0049104702695786)
(-1.4949761077479573 -1.01551959345544 -2.0048033341439115)
(-0.9924476298572199 -0.99244683806195844 -2.0038023003458552)
(-0.46254764581919872 -0.90369116789478032 -2.0027840955022023)
(-0.0011250716884529215 -0.97905917523359898 -2.0027798823028347)
(0.4607377187221669 -0.9043002669704453 -2.0027430068248107)
(0.99160843304688751 -0.99290185211787729 -2.0037589805867024)
(1.4946461327694593 -1.0157593195968042 -2.0047764692155439)
(-1.4815666406496502 -0.50799439223609633 -2.0046121474955938)
(-0.90369049649136124 -0.46254633585353028 -2.002798269666108)
(-0.58009194255963981 -0.58009187387137051 -2.0020358516078489)
(0.57851239219730577 -0.58113427904433224 -2.0019564972326558)
(0.90283238182912517 -0.46316316705154792 -2.0027170605607019)
(1.4811833767719864 -0.50822467475630229 -2.0045697816521346)
(-1.480235194134558 -0.00056176934557380931 -2.0045585113782933)
(-0.97905805514174638 -0.001123287179562879 -2.0028129680354443)
(0.97843682146663247 -0.0011258379900561839 -2.0027197525724825)
(1.4798434933103151 -0.00056042714338903898 -2.0045094806816337)
(-1.4817219248466817 0.50706309011674155 -2.0046083180838008)
(-0.90429865848609414 0.46073956663130555 -2.0027867341982648)
(-0.58113151111767636 0.57851403580563676 -2.0020130867827288)
(0.57957609060956805 0.57957196267774125 -2.0019342388628329)
(0.90343725371820316 0.461360546703939 -2.0027057353064626)
(1.4813418680546071 0.50729620118344676 -2.0045659079493063)
(-1.4951607574361587 1.0149914695302815 -2.0047993196046128)
(-0.99290009381539435 0.99160987000491629 -2.0037907753252613)
(-0.46315997312260926 0.90283331676542766 -2.0027612927268255)
(-0.0011215809947278284 0.9784364452409321 -2.0027539545548652)
(0.46136472483646618 0.90343507993158756 -2.002720702787836)
(0.99207483458910406 0.99207237139854376 -2.0037482146628331)
(1.4948377839073481 1.0152340450384709 -2.0047725228997839)
(-1.5150027475117902 1.514701126585061 -2.0049207208813691)
(-1.015757401994599 1.4946468833236595 -2.0047943271457598)
(-0.50822242024566344 1.4811836078384668 -2.004591642804276)
(-0.00055788367920471538 1.4798432849191225 -2.0045285677362403)
(0.50729903618076433 1.4813412417530221 -2.0045776148880612)
(1.0152366129844352 1.4948367282878017 -2.0047770033327041)
(1.5148130328146667 1.5148114330311944 -2.0049091926453917)
(-1.5149008195801643 -1.5148992165238246 -1.5021057408289642)
(-1.0155559427282521 -1.4949142271527192 -1.5021025514215931)
(-0.50803494333194199 -1.4814807641090355 -1.5020197147998839)
(-0.00056100656573490615 -1.4801448227449783 -1.5019901582766062)
(0.50710287332446735 -1.4816342187350466 -1.5020112693482777)
(1.0150234968607053 -1.4950972895409089 -1.502091870777297)
(1.5147020550839811 -1.5150063033553387 -1.502098456676797)
(-1.4949147198884696 -1.015553983924339 -1.5021066460643833)
(-0.99241299157878216 -0.99241222669813489 -1.5016480021894232)
(-0.46254112440446543 -0.90363048720329009 -1.5011396637107208)
(-0.0011188452213889734 -0.97898020572977762 -1.5011351333659002)
(0.46073985312019083 -0.90423543281084395 -1.5011172631237659)
(0.99157346391578183 -0.99286181704071397 -1.5016236578229876)
(1.4945819076186868 -1.0157907194717146 -1.5020907068440614)
(-1.4814807354580244 -0.50803328950138782 -1.5020312280780639)
(-0.90363043946253829 -0.4625404859796281 -1.5011543065763429)
(-0.58006705989595642 -0.58006706668390351 -1.5007678233241315)
(0.57849474103637588 -0.58110227566981465 -1.5007244813921938)
(0.90277201803752383 -0.46315151569518315 -1.5011090115380958)
(1.4810932902073393 -0.50826081228582365 -1.5020062525201379)
(-1.4801446210998952 -0.00055948726427003381 -1.5020097086578819)
(-0.97897989140159258 -0.0011180243475113275 -1.5011686126436594)
(0.97835479923904889 -0.0011198868042335969 -1.5011163204959486)
(1.4797479590958398 -0.00055815973346797637 -1.5019805420028787)
(-1.4816339214978169 0.50710484313144288 -1.5020342873630095)
(-0.90423484268976817 0.46074072875495242 -1.5011612616146288)
(-0.58110142481984417 0.57849521340479459 -1.500781352270468)
(0.57954823528750743 0.57954645199675725 -1.500737834049404)
(0.90337063011679586 0.46135704589575954 -1.5011158987061504)
(1.4812493385818495 0.50733509542478206 -1.502008496717905)
(-1.4950966395589871 1.0150258600763526 -1.5021109975518656)
(-0.99286074138326563 0.99157448630956013 -1.5016561181631676)
(-0.46315017193972652 0.90277231060654484 -1.5011540196190685)
(-0.0011180596276407287 0.97835457348238319 -1.5011516079245526)
(0.46135900382141426 0.90336963460557806 -1.5011315673521441)
(0.99203366984334185 0.99203215667954014 -1.5016318037428873)
(1.4947706488510495 1.0152650401606396 -1.5020941701035022)
(-1.5150046791288831 1.5147039214168696 -1.5021092219197878)
(-1.0157886858771228 1.4945825577979144 -1.5021090735199047)
(-0.50825893386527776 1.481093378615999 -1.5020289551474357)
(-0.00055626022932374342 1.4797478067260403 -1.5020008058355765)
(0.50733744481477272 1.4812489833266436 -1.5020213652557992)
(1.0152676070067215 1.4947698295030967 -1.5020993729981411)
(1.5148140042152884 1.5148120817591011 -1.5021019954637416)
(-1.5149021066421415 -1.5149001263510893 -1.0008206669840336)
(-1.0155659749775223 -1.4948683119580413 -1.0008418298505362)
(-0.50804921860234864 -1.4814131349271835 -1.0008130115684439)
(-0.00056010071968684572 -1.4800716139899646 -1.0008003023995236)
(0.50711815157656015 -1.4815653102281694 -1.000806589410459)
(1.0150331454286015 -1.4950499312566294 -1.0008336284327721)
(1.5147024832494065 -1.5150065906179271 -1.0008150548644965)
(-1.494868965082254 -1.0155637121876206 -1.0008458603128965)
(-0.99237709745795399 -0.99237624863262319 -1.0006621482479294)
(-0.46252938906533397 -0.90357679899370091 -1.0004382518702395)
(-0.0011168165243725381 -0.97891162063928794 -1.0004324254817938)
(0.46073037143241463 -0.90417808541020084 -1.0004214385408863)
(0.99153690798328065 -0.99282283650001446 -1.0006440943993939)
(1.494534795696314 -1.0157990383091509 -1.0008336729960274)
(-1.4814132278490326 -0.50804747938609685 -1.0008248171591669)
(-0.90357750549133864 -0.46252917776746749 -1.0004521439878806)
(-0.58004269303075595 -0.58004253584089416 -1.0002777813212134)
(0.57847071554334129 -0.58107216622999092 -1.0002458543172317)
(0.9027169742955371 -0.46313637987062117 -1.0004187245480827)
(1.481023844611441 -0.50827352148229854 -1.0008055091902004)
(-1.4800715899540418 -0.00055855985623715076 -1.0008205429984833)
(-0.9789121227636477 -0.001116530932156537 -1.0004650159618431)
(0.97828440860829635 -0.0011171496473306591 -1.0004264061855987)
(1.4796728068225944 -0.00055695192765586182 -1.0007977309886509)
(-1.4815652301202007 0.50712028961257871 -1.0008303641506218)
(-0.90417822119165103 0.46073085924155277 -1.0004649343137857)
(-0.58107239889454154 0.5784707690028289 -1.0003020607859088)
(0.57952056390075446 0.57951965575608166 -1.000271003552778)
(0.9033131519432992 0.46134580758672461 -1.0004318534029017)
(1.481178875119592 0.50734941480917506 -1.000809992458072)
(-1.4950493745943381 1.0150358106288699 -1.0008532179717291)
(-0.99282208959549823 0.99153783476573776 -1.0006766623925158)
(-0.46313581229002498 0.90271701139518612 -1.000463861038803)
(-0.0011161990436782121 0.97828420351012568 -1.0004623918215885)
(0.46134699232581494 0.90331259328789115 -1.0004480948536907)
(0.99199475187248765 0.99199356065360189 -1.0006590605004175)
(1.4947223513472254 1.0152735081993003 -1.0008398433839847)
(-1.5150047038836616 1.5147046163454996 -1.000825820285784)
(-1.0157968169540896 1.4945354497778849 -1.0008520993003962)
(-0.50827167264197048 1.4810238492493424 -1.0008288145852653)
(-0.00055517704154035147 1.47967265171648 -1.0008190906688164)
(0.50735179071144898 1.4811786514486742 -1.0008239024186336)
(1.0152762599178655 1.4947216473960927 -1.0008455861128738)
(1.514813936965647 1.5148118400282229 -1.0008203643843701)
(-1.5149031203671828 -1.514900812389768 -0.50026757347095152)
(-1.0155694447666046 -1.4948445507074752 -0.50028152019997318)
(-0.50805453736588402 -1.4813765635923195 -0.50027179084258544)
(-0.00055997075905999533 -1.4800313053372802 -0.50026549571674472)
(0.50712340374355591 -1.4815277159916647 -0.50026609575364511)
(1.0150360882669589 -1.4950250761180737 -0.50027428647881123)
(1.5147029033568282 -1.5150068074322358 -0.50026312460535571)
(-1.4948455104376852 -1.0155669207717777 -0.50028472523583623)
(-0.99235706907566623 -0.99235607980754237 -0.50022455936389743)
(-0.46252322562496717 -0.90354853164100979 -0.5001415621541061)
(-0.0011169645892294203 -0.97887410680902631 -0.50013406844343389)
(0.46072295623153875 -0.90414557870563306 -0.50012636327066096)
(0.99151559076962781 -0.99280048764752848 -0.50020841763706292)
(1.4945101121087239 -1.0158012806288095 -0.50027448072271641)
(-1.4813768561310279 -0.50805262651597327 -0.50028332342875281)
(-0.90354876899522218 -0.46252271856298116 -0.50015499103361916)
(-0.58003057537862546 -0.58003056198678582 -0.50008818884840645)
(0.57845561452987759 -0.58105490848407904 -0.50005932674361042)
(0.90268529658884122 -0.46312710229921361 -0.50012478776786418)
(1.4809859459464427 -0.50827764755274851 -0.50026585092396736)
(-1.480031434202089 -0.00055817733518803009 -0.50028613072550832)
(-0.9788744766782399 -0.0011164150755641582 -0.50016603818697392)
(0.9782444755240729 -0.001115915606826421 -0.50013096725489647)
(1.4796312966702923 -0.00055632867418431431 -0.50026469930509665)
(-1.4815278961085698 0.50712588777315615 -0.50028987808785408)
(-0.9041459662006035 0.4607236868451362 -0.5001693612264374)
(-0.58105531145714195 0.57845581715385486 -0.50011500619310423)
(0.57950450989290581 0.57950382784091403 -0.5000871641283664)
(0.90328062102257611 0.4613382844576801 -0.50013941938683437)
(1.4811405189338647 0.50735442259219776 -0.50027101380332084)
(-1.4950247599906388 1.0150389493767389 -0.50029307218272245)
(-0.99279975189321878 0.99151666529764071 -0.50024073621813392)
(-0.46312655216727938 0.90268543947373681 -0.50016993234957063)
(-0.0011149884158740582 0.97824438256889412 -0.50016743784788076)
(0.46133936801318692 0.90328020708850476 -0.5001559996723729)
(0.99197257329305311 0.99197145477758975 -0.50022503520382366)
(1.4946971057317591 1.0152759596548928 -0.50028138683906376)
(-1.515004859909026 1.5147051001891112 -0.50027266259597736)
(-1.0157988548913428 1.4945110282484761 -0.50029194403998334)
(-0.50827566508146682 1.4809861272161373 -0.50028906875456514)
(-0.00055437208762433576 1.4796312550142763 -0.50028675940186196)
(0.50735704410700366 1.4811405233790444 -0.50028519607268773)
(1.0152787988228023 1.4946966764174219 -0.50028661707620614)
(1.5148139255538509 1.5148120426714005 -0.50026835068000708)
(-1.5149036689976145 -1.5149015226264404 9.4136493650892605e-07)
(-1.0155705729296483 -1.49483775103931 2.4392268102232939e-06)
(-0.50805623479228368 -1.4813656120835477 6.8470387633509655e-06)
(-0.00056012405730889586 -1.4800190323147848 1.1276413045054057e-05)
(0.50712474130492013 -1.4815163892128191 1.2175237448175391e-05)
(1.0150368790027111 -1.495017874819863 9.2335879077684591e-06)
(1.5147033704041624 -1.5150072384737192 4.7588901117973093e-06)
(-1.4948384979697882 -1.0155677100570393 -1.7456740603744025e-07)
(-0.99235119344077083 -0.99234999085057818 5.9861398506166896e-07)
(-0.46252181869958531 -0.9035402105862147 7.0147963370903453e-06)
(-0.0011174742358975483 -0.97886300719842556 1.6212292661077488e-05)
(0.46072035353903251 -0.90413594995543289 2.1577981166132076e-05)
(0.99150896357773011 -0.99279377053913254 1.6463756862608592e-05)
(1.4945028908901081 -1.0158019624583297 9.3356663265417583e-06)
(-1.4813658086597474 -0.50805352253330771 -4.5141519350519466e-06)
(-0.90354063949045149 -0.46252073527726151 -6.7931297831280709e-06)
(-0.58002777469069222 -0.5800272477507703 -2.2758511341221718e-07)
(0.57845074960983878 -0.58105004684880435 2.8051584213428793e-05)
(0.90267540164669335 -0.46312441028331824 2.3187711924493871e-05)
(1.480974405990684 -0.50827884152152691 1.2736976189864357e-05)
(-1.480019150762431 -0.00055760222727248981 -9.576029571391198e-06)
(-0.97886318629484037 -0.0011162329737087716 -1.6270544963795097e-05)
(0.97823209560756785 -0.0011156855154723123 1.9039055608724431e-05)
(1.4796185057321067 -0.00055620657840229487 1.215391025402579e-05)
(-1.4815163928149957 0.50712752367055458 -1.132788081120023e-05)
(-0.90413579433793601 0.46072155485602123 -2.1768328906995869e-05)
(-0.58104965851710777 0.57845135142611137 -2.8188702402185777e-05)
(0.57949963305990859 0.57949892391032498 4.7953176428768473e-07)
(0.90327061816545018 0.46133583268835537 8.8145254149907263e-06)
(1.4811288829293843 0.50735575896668506 7.4952410663159386e-06)
(-1.4950172452816721 1.0150398066283897 -8.6202243832142478e-06)
(-0.99279266249233034 0.9915102544417036 -1.5872334281671896e-05)
(-0.46312327358442379 0.90267584470131634 -2.2394481381554643e-05)
(-0.0011142688304896509 0.97823216376964717 -1.7929970861009503e-05)
(0.46133713365555862 0.90327021785594863 -7.972118260141103e-06)
(0.99196584323373804 0.99196460307974865 2.2668189033486774e-07)
(1.494689766511065 1.0152765806728463 2.4414297165389898e-06)
(-1.5150051393347375 1.5147055365002402 -3.7379422815272956e-06)
(-1.0157991254429184 1.4945036630326198 -7.4506605426197248e-06)
(-0.50827609315208588 1.4809745965469778 -1.0361303043035508e-05)
(-0.00055361754680166575 1.4796185606481891 -1.0149002479788172e-05)
(0.50735856559895121 1.4811287918459262 -6.3926016581616896e-06)
(1.0152794764520308 1.4946890674430482 -1.9555080392266722e-06)
(1.5148143651385808 1.5148122404379367 1.5516746100507905e-07)
(-1.5149029695266953 -1.5149010123372029 0.50026932776285016)
(-1.0155697185785402 -1.4948447186893554 0.50028689244295921)
(-0.50805506931597444 -1.4813765838974511 0.50028546426209985)
(-0.00056024664779333322 -1.4800312398021451 0.50028759467614181)
(0.507123478013915 -1.4815278538788594 0.50029049765825828)
(1.0150361834265063 -1.4950253956132082 0.50029343537789239)
(1.514702983347441 -1.5150069844564009 0.5002735700225982)
(-1.4948452417824376 -1.0155665964507259 0.50028328711236458)
(-0.99235721917116348 -0.99235582943838885 0.5002255885301492)
(-0.46252373394028357 -0.90354833609694152 0.50015539593496527)
(-0.0011175338551538301 -0.97887434385513461 0.50016646557454236)
(0.46072263256723689 -0.90414618069725616 0.50016973022187394)
(0.99151547009600405 -0.99280084612665265 0.50024146382743673)
(1.4945102482449284 -1.0158016486364092 0.50029380743209917)
(-1.4813766805745652 -0.50805162884286115 0.50027344637924409)
(-0.90354888306667847 -0.46252208342782158 0.50014135398296555)
(-0.58003101047889849 -0.58003004230539934 0.5000877649520884)
(0.57845533331251453 -0.58105576566532335 0.50011557175461163)
(0.90268507267396814 -0.46312763206429947 0.50017105185972111)
(1.4809858898052444 -0.50827815048931213 0.50029126563693482)
(-1.4800312925582613 -0.00055705626403167868 0.50026666245032914)
(-0.97887422724993722 -0.0011156219653018808 0.50013304907914291)
(0.97824436312146368 -0.001116250294776043 0.50016870878803887)
(1.4796311302111631 -0.00055650627963484134 0.50028841433518112)
(-1.4815275953645526 0.50712644723409217 0.50026678772062816)
(-0.90414537864990741 0.46072422878670843 0.50012511777076907)
(-0.58105452250810219 0.57845625310419713 0.50005771020285505)
(0.57950456575963305 0.57950393839783454 0.50008773946563079)
(0.90328063662999047 0.46133821295033678 0.50015671568911313)
(1.4811405699075078 0.50735460285683598 0.50028590398046735)
(-1.4950244201847618 1.015039058250895 0.50027497612617733)
(-0.99279934544889292 0.99151689989783054 0.50020858222409481)
(-0.46312590984044999 0.90268575098648829 0.5001246487657004)
(-0.0011143954321051787 0.97824453105988374 0.50013140541543077)
(0.46133965617113432 0.9032802636042373 0.50013993038578108)
(0.99197273898492611 0.99197140857322941 0.50022541187407088)
(1.4946973789444369 1.0152760545368424 0.50028678916655067)
(-1.515004752741673 1.5147050714461536 0.50026410708643931)
(-1.0157984780968619 1.4945108468401433 0.50027583580647894)
(-0.50827472485174074 1.4809860863389157 0.50026750299439326)
(-0.00055336163980973518 1.4796312573838661 0.5002662463615819)
(0.50735748979616058 1.4811403438985611 0.50027213194552311)
(1.0152789083803471 1.4946964114969503 0.50028208765073168)
(1.5148141736369742 1.5148118426172692 0.50026864367677915)
(-1.5149021682967794 -1.5149000232533809 1.0008219475338884)
(-1.0155662915162251 -1.4948681845548057 1.0008474149770858)
(-0.5080496654769745 -1.4814129741363165 1.000826199057969)
(-0.00056039962814984079 -1.480071463528517 1.0008213450343664)
(0.50711810954306757 -1.4815652566579169 1.0008305514186342)
(1.0150332475406758 -1.495050001439312 1.0008532370153846)
(1.5147025613085137 -1.5150067534062805 1.0008263808876687)
(-1.4948689410705314 -1.0155632109314325 1.0008428630379658)
(-0.99237729430441823 -0.99237588157244694 1.000662809063867)
(-0.46253011957719342 -0.90357711126661722 1.0004524463549185)
(-0.0011175556650958214 -0.97891203774587066 1.0004653963513204)
(0.46072988811190968 -0.90417848774893073 1.0004652980565973)
(0.99153673662153263 -0.99282315068262306 1.0006772097049961)
(1.4945347053980225 -1.0157994148812175 1.0008534226733108)
(-1.4814132429842641 -0.50804636796027425 1.0008137809813182)
(-0.90357707596952452 -0.46252821525123722 1.0004376670274029)
(-0.58004296315246917 -0.58004218924377526 1.00027731784021)
(0.57847028496763386 -0.5810728938577896 1.0003026169899003)
(0.90271666905105352 -0.46313688025522975 1.0004647473325068)
(1.4810236344815439 -0.50827392480651779 1.0008302386571928)
(-1.4800715516312271 -0.00055724201873292439 1.0008008087826787)
(-0.9789115615122661 -0.0011154545901790984 1.0004308374040713)
(0.97828422346294108 -0.0011174066483703726 1.00046328045637)
(1.4796725789700913 -0.00055711073003843897 1.0008199927054693)
(-1.4815650929580439 0.5071210514788026 1.0008070521814731)
(-0.90417769311237317 0.46073156163241985 1.0004195994214506)
(-0.58107160622511789 0.57847123601757766 1.0002433204923686)
(0.57952037337776796 0.57951994941781748 1.0002709847570286)
(0.90331302369470523 0.4613458802571716 1.0004483804566695)
(1.4811787443996218 0.50734954092612305 1.0008240936336197)
(-1.495049241318503 1.0150359565864502 1.000834286774134)
(-0.99282165305064463 0.99153811624926047 1.0006438691455808)
(-0.46313513857176519 0.90271733724487535 1.0004177984060141)
(-0.0011156241895233197 0.97828440102404701 1.0004261770216583)
(0.4613471827524358 0.90331276076147393 1.0004319512695998)
(0.99199482318628962 0.99199362169289818 1.0006592849213518)
(1.4947223310827247 1.0152736852589226 1.0008454671619387)
(-1.5150045794499616 1.5147045453842507 1.0008158589399454)
(-1.015796323889163 1.4945354653528917 1.0008343441565037)
(-0.50827067730005182 1.4810239888584833 1.0008062167264047)
(-0.0005540557468642418 1.4796727640967051 1.0007985909697081)
(0.50735235684961988 1.4811786651138259 1.000810935431558)
(1.0152763295532199 1.4947216685377962 1.0008406199616096)
(1.514813904772812 1.5148119256085775 1.0008206143410421)
(-1.5149009171345267 -1.5148990383227443 1.5021064724922335)
(-1.0155561005132321 -1.4949140370657026 1.5021074949096216)
(-0.50803507884320953 -1.4814805221564058 1.5020319154441903)
(-0.000561026821546462 -1.4801445665416209 1.50200999323657)
(0.5071029830529199 -1.4816340314890486 1.5020341623975226)
(1.0150236680149627 -1.4950972349705478 1.5021107787071095)
(1.5147021781668024 -1.5150063970597913 1.5021093654510618)
(-1.4949147892392434 -1.0155535793663506 1.5021031387211734)
(-0.99241314641320288 -0.99241187781281348 1.5016483659991469)
(-0.46254140399286925 -0.90363003878056358 1.5011544452780528)
(-0.0011190738425034645 -0.97897986920997893 1.5011688609677971)
(0.46073967966790408 -0.90423525472179822 1.5011615368662938)
(0.99157343382577912 -0.99286181143477215 1.5016564222174289)
(1.4945818967907523 -1.0157908892379581 1.50210973678362)
(-1.4814808488487969 -0.5080326173808356 1.5020200980065452)
(-0.90363074554829304 -0.46253995328810121 1.501139057993462)
(-0.58006755499205487 -0.58006646031757969 1.5007673434079891)
(0.57849451182342249 -0.58110221354298797 1.5007818606931387)
(0.90277187889275878 -0.46315148583764049 1.5011546130771363)
(1.4810931808423375 -0.50826092950628154 1.5020296696477251)
(-1.4801447165362458 -0.00055877622894422163 1.5019904587454433)
(-0.9789800370827666 -0.0011174976108122188 1.5011337677598062)
(0.97835462668687068 -0.0011196322786424309 1.5011520923285855)
(1.4797477957534788 -0.00055808048995670961 1.5020011434660243)
(-1.4816339451704201 0.50710521702479028 1.5020116937274937)
(-0.90423484479193195 0.46074102808103284 1.5011156738503419)
(-0.58110139587053988 0.57849537384651051 1.5007221538094651)
(0.57954758371436677 0.57954711887566912 1.5007376001546264)
(0.90337026259635356 0.46135750211963711 1.5011316267739168)
(1.4812491695646599 0.5073353490178707 1.5020212309491294)
(-1.4950966018715564 1.0150258686520912 1.5020924959075668)
(-0.99286058974281788 0.9915745563890429 1.5016233299002701)
(-0.46315006297493683 0.90277239352433214 1.5011078930028996)
(-0.0011181072291075282 0.97835469250265217 1.5011157548606784)
(0.46135869860290146 0.9033699765810399 1.5011157520970817)
(0.99203347831791633 0.99203241083378424 1.5016319309138533)
(1.4947705046591291 1.0152653040940522 1.5020991283080509)
(-1.5150045575075002 1.5147038153852772 1.5020991060588937)
(-1.0157883575929967 1.4945825195096012 1.5020910377000833)
(-0.50825841582395548 1.4810934184961935 1.5020065132554159)
(-0.00055578316893781926 1.4797478821774159 1.5019810629993804)
(0.50733759464880468 1.4812490755908467 1.5020093050099987)
(1.0152674940369537 1.4947699625263338 1.5020949206208034)
(1.5148138580141475 1.5148122555812105 1.5021022158378308)
(-1.5148965657245788 -1.5148952513563017 2.0049228357314122)
(-1.0155211427795054 -1.4949755270729697 2.0048036931994919)
(-0.5079957391911577 -1.4815664843973591 2.0046123980794675)
(-0.000562982191279017 -1.4802352515630477 2.0045585683162184)
(0.50706150488332835 -1.4817221926903008 2.0046081615859213)
(1.0149896649529155 -1.4951614181308155 2.0047990878736024)
(1.5146998369683802 -1.5150040096494519 2.0049206139324625)
(-1.494976182814955 -1.0155193696126796 2.004799981774672)
(-0.99244772453234364 -0.99244655905628965 2.0038025952560869)
(-0.46254755755515847 -0.90368998323189564 2.0027984673641841)
(-0.0011248777991706774 -0.97905818263470956 2.0028133288027719)
(0.46073786523837779 -0.90429963667340663 2.002787166788385)
(0.99160860133712769 -0.99290159783059895 2.0037909913805203)
(1.4946462474955777 -1.0157593069318493 2.0047945112158332)
(-1.4815667996118129 -0.50799414637181806 2.0046016975840106)
(-0.90369153647424627 -0.46254623121661442 2.002783776119732)
(-0.58009270917988431 -0.58009098949178584 2.0020356347791788)
(0.57851241851712809 -0.58113351256576617 2.0020138612346954)
(0.90283246290945363 -0.46316262195618191 2.0027618973512089)
(1.4811834152212953 -0.50822451490343268 2.0045919059321373)
(-1.4802353720458128 -0.00056160718625147127 2.0045403270956692)
(-0.97905888693081256 -0.0011233167156026805 2.0027790069004761)
(0.97843669298006675 -0.0011250592468410522 2.0027544340638461)
(1.4798434231978117 -0.00056007941824409019 2.0045286520439736)
(-1.4817220462881995 0.50706307361911607 2.004586883481049)
(-0.90429917182387154 0.46073943391155747 2.0027418688230574)
(-0.58113227268886425 0.57851386937284544 2.0019545938753969)
(0.5795750013379104 0.57957301371420322 2.0019340591360311)
(0.90343668351339179 0.46136139320592273 2.0027208350746806)
(1.4813416972906479 0.50729662130875619 2.0045774524014086)
(-1.4951607846973682 1.014991308257793 2.0047817738681264)
(-0.9929002303108142 0.99160967601295802 2.0037587801884982)
(-0.46316048512824642 0.90283311523094834 2.0027160277971481)
(-0.0011223348895941822 0.97843646949262875 2.0027190782980333)
(0.46136388351832502 0.90343558361265297 2.0027055124626032)
(0.99207440221121446 0.99207278142095778 2.0037483478935143)
(1.4948375800758051 1.0152343697342816 2.0047768361115934)
(-1.515002657119001 1.5147009705448151 2.0049111379146822)
(-1.0157572889891293 1.4946467281385745 2.0047769032950398)
(-0.50822239842631167 1.4811834931433983 2.0045701221187957)
(-0.00055803714919599318 1.4798432727655211 2.0045099793947658)
(0.50729874850326584 1.481341345856011 2.0045666200860617)
(1.0152363272789346 1.4948368974512276 2.0047731972988232)
(1.5148128453707268 1.5148116137628038 2.0049094250552009)
(-1.5148510071149415 -1.5148499748526416 2.510538330502885)
(-1.0154073885046402 -1.4949973388190274 2.510136143750235)
(-0.50789300799347414 -1.4815950776719498 2.5097666015839826)
(-0.00056639260122051671 -1.4802609731358296 2.509673586072469)
(0.50695599463577534 -1.4817569506438679 2.5097432467039233)
(1.0148799682965866 -1.4951912239758218 2.5101082840509363)
(1.5146600532601533 -1.5149642501870737 2.5105214567330996)
(-1.494997995087322 -1.0154056744403384 2.5101330787744001)
(-0.99240841058654694 -0.99240677363542584 2.5082485865114883)
(-0.46250833550341375 -0.90367458509019516 2.5065079022119687)
(-0.0011375977494556405 -0.97905451892694906 2.5065234828343095)
(0.46068212918561835 -0.90429556163683267 2.5064421319619528)
(0.99157372852280956 -0.99287626324452027 2.508181254118937)
(1.4946773649820073 -1.0156549374292176 2.5100945436343562)
(-1.4815953350741424 -0.50789096152369217 2.5097570068339921)
(-0.9036760483304247 -0.46250520763897462 2.5064937369176894)
(-0.58006450273799703 -0.58006155431842987 2.5052003725422041)
(0.5784703278293426 -0.5811220943682921 2.5050733432758028)
(0.90282086927008687 -0.46313598186680782 2.5063667394457561)
(1.4812248811259565 -0.50812945796962372 2.5096955882385532)
(-1.4802607076436392 -0.00056415683422449819 2.5096565819648196)
(-0.97905436400971979 -0.0011335900630607305 2.5064901018719787)
(0.97844404393039286 -0.0011370383944824189 2.5063483362299417)
(1.4798834391375171 -0.00056347143478199802 2.5095868347038994)
(-1.4817561391110821 0.50695834925013905 2.5097230953206822)
(-0.90429320976532268 0.46068616138225565 2.5063979499966642)
(-0.58111692598481635 0.57847465947279797 2.5050151614376781)
(0.57955696100328002 0.57954878837878177 2.5048994005093226)
(0.90343971598071882 0.46131891474564951 2.5062785886841814)
(1.4813889437017196 0.50719826662545842 2.5096655627146647)
(-1.4951900281217827 1.0148819065816386 2.5100919337180114)
(-0.99287302574256242 0.99157579071451685 2.5081502810373104)
(-0.46312929121402846 0.90282273398701274 2.5063220393141843)
(-0.0011281010939725999 0.97844304452966324 2.506313924167558)
(0.46132727713536709 0.90343540466439565 2.5062637198496267)
(0.9920547113276118 0.99205034154542981 2.5080909640332854)
(1.4948760168171091 1.0151327315852736 2.5100580795135867)
(-1.5149628749200725 1.5146610817822062 2.510512795661584)
(-1.0156521746088356 1.4946779963928223 2.5100781843513351)
(-0.50812538751885872 1.4812249744296349 2.509675274522142)
(-0.00055863737348226666 1.4798827714036027 2.509569428975905)
(0.50720286883759624 1.4813876215630284 2.5096555282564443)
(1.0151359687365284 1.4948744596472006 2.5100548079190905)
(1.5147779300472537 1.5147764187002541 2.5104988711100571)
(-1.514689078501632 -1.5146878390162399 3.0206906727881169)
(-1.0150918962000834 -1.4948188689209376 3.0198153254429809)
(-0.50764763146835579 -1.4813578543244392 3.0193121997235934)
(-0.00056598445755141197 -1.479999380828819 3.0192175414963831)
(0.50671831627911257 -1.4815361279055383 3.0192364769344833)
(1.014583025100172 -1.4950348674547531 3.0197229794211791)
(1.5145161735547692 -1.5148187494942253 3.0206332897161157)
(-1.4948198096681076 -1.015089086483949 3.0198127193033892)
(-0.99210910987848733 -0.99210576870987466 3.0168619507953762)
(-0.46232487946090872 -0.90337476697472785 3.0144520005202868)
(-0.0011545864408162611 -0.9787331303888549 3.0144763734965645)
(0.46048232890884444 -0.90402661208423818 3.0142420778062089)
(0.99129759817366425 -0.99261274166309177 3.016645356012789)
(1.4945277741196321 -1.0153648980425878 3.0196856690710745)
(-1.4813580127790227 -0.50764299441281313 3.0193035181244845)
(-0.90337771738929573 -0.4623168192259432 3.0144380877522789)
(-0.57985250237217889 -0.57984512831039714 3.0126215588647391)
(0.57824694473153349 -0.58095024111007787 3.0122196061231694)
(0.90254584989069531 -0.46298335728398793 3.0140375890528093)
(1.4810255500840102 -0.5079039864196897 3.0191075199112043)
(-1.4799979730896751 -0.00056004581128071829 3.0192018267716194)
(-0.97873101797289441 -0.0011435572106847092 3.0144442381340846)
(0.97815798727798553 -0.0011547611046526483 3.0140049407941549)
(1.4796615222464298 -0.00056350914376882694 3.0189846599314616)
(-1.4815332879829894 0.5067239913242827 3.0192176947375411)
(-0.90401805551917591 0.46049332886336591 3.0141998802679311)
(-0.58093296896824098 0.57825933745115943 3.0121636615863672)
(0.57938219181939277 0.57935632002269233 3.0118217067623374)
(0.90319372238548445 0.46114383044637047 3.0138398506885129)
(1.4812010506945579 0.50697702055136995 3.0190414591300083)
(-1.4950317532160531 1.0145867867726368 3.0197077498325804)
(-0.99260373317052486 0.99130276408237206 3.0166161354015748)
(-0.46296311732427586 0.90255125698940897 3.013994767356313)
(-0.0011275703053026248 0.97815477933088746 3.0139716946631077)
(0.46116920926585314 0.90318023302786621 3.0138252950148257)
(0.99181119372893023 0.99179874034441828 3.0164411012129966)
(1.4947420422599098 1.0148542841031278 3.0196045534133491)
(-1.5148162849615314 1.5145177219476611 3.0206254035851337)
(-1.0153586870952194 1.4945291247329253 3.0196705996179793)
(-0.50789298784973858 1.4810258621315326 3.0190887155307902)
(-0.0005494121270808866 1.4796594595839236 3.0189685263991426)
(0.5069898157153786 1.4811968997790717 3.0190321817043451)
(1.0148622206723157 1.4947377307106076 3.0196015782605956)
(1.5146461072034743 1.5146429623019286 3.0205828652900228)
(-1.5141499197947479 -1.5141481071067413 3.5369360321005416)
(-1.0143429200482823 -1.4940986361089803 3.5358514132301)
(-0.50711504156319975 -1.4804354136255022 3.5356172898435094)
(-0.00054064424613051165 -1.4790081788750216 3.5356685579372376)
(0.50623506478005154 -1.480652317253969 3.5354135097313955)
(1.0138778573209806 -1.4943665511169506 3.5356055073990285)
(1.5140072717652733 -1.5143178374013302 3.5367882631771161)
(-1.4941001005417589 -1.0143378535886904 3.5358491397058325)
(-0.99118547129398282 -0.99117899112322227 3.5324612465784058)
(-0.46179383630596982 -0.90239445126492335 3.5303567682937094)
(-0.001150680036088033 -0.97764749873459711 3.5304123584605058)
(0.4599708986317701 -0.90311014370753051 3.5297994306428251)
(0.99042951836003945 -0.99177605066285912 3.5318830553268379)
(1.4938603067635223 -1.0146830704893954 3.535513058454995)
(-1.4804351163429659 -0.5071054519384729 3.5356097417700463)
(-0.90240007919321408 -0.46177606909424485 3.5303444526080918)
(-0.57920105094879404 -0.57918506859755137 3.5286301491639342)
(0.57761464499838777 -0.58037688507981777 3.5275697413627758)
(0.90163734926560934 -0.46252312835795395 3.5292905357002553)
(1.4801856218856946 -0.50742747725961423 3.5350907234143598)
(-1.4790041120230033 -0.00052761710910761289 3.5356549244183149)
(-0.97764104784440153 -0.0011250470532537492 3.5303834137930039)
(0.97716706991657765 -0.0011510136783562212 3.5292589268538777)
(1.4787642176396303 -0.00053914406767461426 3.5350925585925213)
(-1.4806448739891407 0.50624737444277734 3.5353971832352618)
(-0.90308797305083011 0.45999692571845968 3.5297610949059539)
(-0.58033238664243081 0.57764522225439296 3.5275181172195116)
(0.57885452985426289 0.57878666429011627 3.526736852516549)
(0.90235165106512982 0.46069563281727144 3.528890626773709)
(1.4803955531189767 0.50654501366720717 3.5349575230437833)
(-1.4943588090201974 1.0138854392622876 3.5355922905519339)
(-0.99175383410162965 0.99044100395922574 3.5318571200643043)
(-0.462471627099586 0.9016503762987107 3.5292510127226828)
(-0.0010809482239806933 0.97715800805293762 3.529227272169158)
(0.46076130592548381 0.9023157920839745 3.5288764729849595)
(0.99103749854087775 0.99100522909193312 3.53145300639813)
(1.49412541196837 1.0142105390409286 3.5353437740334375)
(-1.514312434287836 1.5140099284186224 3.5367814923544696)
(-1.0146684648724065 1.4938629739667113 3.5354998821457122)
(-0.50740038258350617 1.4801857545453263 3.5350741785465987)
(-0.00050364033429744354 1.4787581028949786 3.5350783571998701)
(0.50657724131919046 1.4803839804007253 3.5349494507296439)
(1.0142302008199076 1.4941138306406208 3.5353413208196858)
(1.5141781294857657 1.5141706161561315 3.53667998541385)
(-1.5129950677091724 -1.5129924847735692 4.0601174487182252)
(-1.012720697915761 -1.4922447173209075 4.0599441261811036)
(-0.50592177607634059 -1.4780878437836973 4.0611191278321046)
(-0.00037625032353866966 -1.4765058011003003 4.0617123605110796)
(0.50521245389773317 -1.4783569874005453 4.0607412805451295)
(1.0121602264331251 -1.4925579210889817 4.0595609641578054)
(1.5126913879169281 -1.5131796050754898 4.0599587473452372)
(-1.4922465870539789 -1.0127124905794738 4.0599419154646128)
(-0.98892174183471182 -0.98891127130898171 4.058612844296384)
(-0.46040477975298211 -0.90001621012242483 4.0596489878743496)
(-0.00098030357633254253 -0.97502585408706299 4.0598557210742676)
(0.4587169517163977 -0.90085400419884087 4.0584387007039711)
(0.98802036699670703 -0.9897266477400497 4.0574532926845519)
(1.4918313144305844 -1.013235348109208 4.0593444129139638)
(-1.4780861666231151 -0.50590525195321456 4.0611132572688984)
(-0.90002393866842534 -0.46037259892209692 4.0596394819184036)
(-0.57756402779849436 -0.57753678595298708 4.0598222204935359)
(0.57600974027553942 -0.57893544462504198 4.0574197225385999)
(0.89928419072701915 -0.46137287452229792 4.0572526507438837)
(1.4778206548456794 -0.50645743264624354 4.0599987144884091)
(-1.4764966413026859 -0.0003528717638111023 4.0617025250709258)
(-0.9750106003468364 -0.00093139582458602252 4.0598333383652134)
(0.97474461683276981 -0.0009676067267694495 4.0573047094496539)
(1.476397018358464 -0.00038887524100642695 4.0604542136734585)
(-1.4783407977442866 0.50523489436902924 4.0607295103013028)
(-0.90080672089165115 0.45876754302117762 4.0584088212963749)
(-0.57883978044093631 0.57607114665191539 4.0573765950349658)
(0.57770844517774533 0.57755195560766948 4.0561013769162928)
(0.90034478313966537 0.45981340160205758 4.0566985952811283)
(1.4782611798177272 0.5057943641352145 4.0598132433920187)
(-1.4925409119517541 1.0121735731630706 4.0595514989289478)
(-0.98967904595648371 0.9880407859984881 4.0574339903920666)
(-0.46126039924913498 0.89930769057318471 4.0572185906164027)
(-0.00081113895416758466 0.97471876061610141 4.0572746309188874)
(0.45996316506140467 0.90025889011818028 4.0566845430835272)
(0.98917839673239549 0.98910155157434954 4.0567679929341747)
(1.4924123582830093 1.0128548498014176 4.0590971510483449)
(-1.5131680307930446 1.5126954344583008 4.0599540830384093)
(-1.013203885737223 1.4918347439153299 4.0593351354609588)
(-0.50639829361981481 1.4778171792012194 4.0599867864036945)
(-0.00030993740392898372 1.4763785933136639 4.0604439257076965)
(0.50586770159648087 1.4782303620100823 4.0598076470047628)
(1.0129008291242674 1.4923826115291035 4.0590958301634412)
(1.5130866512004963 1.5130685840398566 4.0597938417659254)
(-1.5103608143867064 -1.5103576339921407 4.5881094812360201)
(-1.0091095973315873 -1.4881777240289376 4.5918928876385579)
(-0.50266288769575662 -1.4729044248741729 4.5971985491441041)
(0.00076142793277635124 -1.4708303326499894 4.5997495495208671)
(0.50274204061979733 -1.4728840110442756 4.5977129953171127)
(1.0070829157589511 -1.4879213918315337 4.5930277560604225)
(1.5084328129200448 -1.5100751697221169 4.5891592176725693)
(-1.4881795662707908 -1.0090989869130229 4.5918910015482375)
(-0.98367005511052208 -0.98365672772332569 4.5980229017803147)
(-0.45642531734646746 -0.89464529860224395 4.6082224528477775)
(0.00029919006462869255 -0.96931625183306824 4.6098064650694734)
(0.45533661908396511 -0.89587935229931137 4.6071502999205496)
(0.98074866348983902 -0.98507418378917788 4.5977630528728746)
(1.4857957249011338 -1.0100576321241697 4.5921470284090802)
(-1.4729000363880014 -0.5026402272860836 4.597195389124705)
(-0.89465380071079181 -0.4563791872460527 4.6082177460468055)
(-0.57335829172449382 -0.57332092994418937 4.6133773101622291)
(0.57143488910072848 -0.5758832002808757 4.6097762765757739)
(0.89303579771282438 -0.458703313319751 4.6041951353931978)
(1.4714929384421669 -0.5042559896876454 4.5957016866922755)
(-1.470812960808171 0.00079505658704311782 4.5997454289041748)
(-0.96928732371069781 0.00037356003572278432 4.6097957839236097)
(0.9693307552460162 0.00016054556710590542 4.6046187381802319)
(1.4706258402585872 0.00050372776643212852 4.5973806200678187)
(-1.4728539629322475 0.50277478917890117 4.5977084718138723)
(-0.89579339403138702 0.45541411144341859 4.6071344962310459)
(-0.57570844540233324 0.57153109017924264 4.609745523373749)
(0.57569051300286944 0.57536443226268286 4.6093471849796614)
(0.8961251152721964 0.45844974852770209 4.6046076760288415)
(1.4730529090441131 0.50456986591484343 4.5961065815995674)
(-1.4878891057361376 1.0071013189467519 4.5930247467025627)
(-0.98498480275816702 0.98077401432895372 4.5977549427011013)
(-0.4584899901445868 0.89305988413739557 4.6041675522475156)
(0.00046936473791918745 0.96925480731073022 4.6045848632530788)
(0.45875891022562509 0.89593203908328767 4.6045885249344485)
(0.98481421648933798 0.9846401783778016 4.5977263128584447)
(1.4877295263318933 1.0095152104535767 4.5927305332793251)
(-1.510052935658444 1.5084368672168342 4.5891584007879898)
(-1.0099969827379143 1.4857947635881639 4.5921452516894083)
(-0.50414015105872001 1.4714717947608325 4.5956991104126086)
(0.00066251020742454786 1.4705692512150157 4.5973785655875821)
(0.50472359251380683 1.4729708502721486 4.5961062574639833)
(1.0096174399739857 1.4876544408983876 4.5927317300837602)
(1.5096863266130813 1.5096432479008757 4.5894991590932763)
(-1.5053587039517333 -1.5053563849271474 5.1144886103321259)
(-1.001325985955136 -1.4800617705232153 5.1260866000645535)
(-0.49283526404275174 -1.4615762843253135 5.1417396185178408)
(0.0080732467207057582 -1.4559858114904765 5.1537006385646125)
(0.49666840111408872 -1.456442509238983 5.1531047227996831)
(0.98961315576735875 -1.4735317820857643 5.1401168258126191)
(1.4963352079587178 -1.5021336209017613 5.1215304079943857)
(-1.4800617887949687 -1.0013164286607437 5.1260857657564394)
(-0.97182188606732389 -0.97181074903578013 5.1466480880583703)
(-0.44448500441342631 -0.88255428375856904 5.1776786249030469)
(0.0084520735470216893 -0.95825869094776195 5.1892137123123101)
(0.4470113444849767 -0.88726336991689592 5.1874398538289261)
(0.95688135471078417 -0.97554859350187573 5.1591868464755182)
(1.4692448904041464 -1.0034360356970484 5.132306061323507)
(-1.4615668888598918 -0.49281213363286597 5.1417393934460005)
(-0.88255678400827797 -0.44443679366863958 5.1776809772806915)
(-0.56174644423143827 -0.56170995332556362 5.1904152751218628)
(0.55719727829718824 -0.57335160176398259 5.1948837691740852)
(0.87494541178774587 -0.45418493188403614 5.1764849395916483)
(1.4549445059030175 -0.49867293081051994 5.1420823719371889)
(-1.455956563210115 0.0081097194661995525 5.1537022547857125)
(-0.9582076400713555 0.0085361314193278144 5.189219976242649)
(0.95893475198724354 0.0061833937303203725 5.1784871903075267)
(1.4551384486762664 0.0063632043627946111 5.1490831858724064)
(-1.4563927631113422 0.49670382707732191 5.1531083167399991)
(-0.88712417962307943 0.44709493506572373 5.1874442378621204)
(-0.57307543227939017 0.5572996511043945 5.1948650513645545)
(0.57389424286636082 0.57326052853069698 5.2012007048839628)
(0.88951139943531277 0.45747144926721939 5.1837324781358536)
(1.4573436388210426 0.50223977641133266 5.1499060444307805)
(-1.4734766693927777 0.98963021088601355 5.1401217851318144)
(-0.97539889496196452 0.95689251204089676 5.1591935770795585)
(-0.45383017494624694 0.87492532649066068 5.1764598632555243)
(0.006730055755881835 0.95870671755197356 5.1784396825747212)
(0.45807302464599198 0.88908888025905453 5.1836741518142251)
(0.97313511387385254 0.97274974230834821 5.1652003291824249)
(1.472211902315715 0.9977082383681789 5.1416681296347173)
(-1.5020950432306781 1.4963349662244974 5.1215346751587205)
(-1.0033314769341704 1.4692258057106773 5.1323149407483193)
(-0.49846571495373848 1.4548679290733504 5.1420957086455923)
(0.0066637318965511172 1.4549706248199883 5.1491012704597852)
(0.50254873105590203 1.4571204758469638 5.1499234945594177)
(0.99792938671397591 1.4720215293287153 5.1416771895309328)
(1.4988365430215156 1.4987353396603134 5.1255971637562112)
(-1.4956663894905036 -1.4956672875163193 5.6264000677184418)
(-0.98437970098460281 -1.4637424887934289 5.6476337085773487)
(-0.47416513506673152 -1.4403275194374034 5.6744911635467066)
(0.055553259237034427 -1.3917926061584776 5.7471105089310415)
(0.47553812640189752 -1.3453023734164764 5.7982320889265342)
(0.91582210607953329 -1.4103506223401105 5.7172957686779249)
(1.4798813354109013 -1.4902533421822381 5.6365619885746678)
(-1.4637369032805843 -0.98437644370570543 5.6476334655871181)
(-0.94614950200430203 -0.94614964558109349 5.6854215954285632)
(-0.41792494515726097 -0.8557891065921398 5.7458733829078641)
(0.058016332588154154 -0.96361989609193555 5.8075425430486991)
(0.45102715960280271 -0.92230630274186487 5.8500759229251695)
(0.77698885919807203 -0.90175582826157497 5.8448803697327083)
(1.4169888078414465 -0.97893947058850372 5.6672617326789263)
(-1.4403093109744574 -0.4741510259122611 5.6744913864813347)
(-0.855774281012047 -0.41789951079519561 5.745875535372468)
(-0.533321876845814 -0.53330704048700273 5.7742183599991561)
(0.49845011159385982 -0.57777861656603879 5.8698304958350729)
(0.74237316276332033 -0.47883402915668266 5.8433140121368243)
(1.3684588452618021 -0.47087934602364573 5.6920144360370681)
(-1.3917420890789547 0.055579920630074463 5.7471128218686998)
(-0.96353351552429878 0.058062772682637556 5.8075516176173085)
(0.88425570176400492 0.089379358397644285 5.828292210757799)
(1.2612384861154984 0.10695781412065891 5.7929328837202743)
(-1.3452158932760165 0.47556566453858001 5.7982372757925118)
(-0.92210402927160162 0.45105389134662488 5.8500923757965531)
(-0.58062278698262182 0.53372272897394291 5.8292283365641611)
(0.5416863315408833 0.55291049338395526 5.8216782997035779)
(0.83919729435149548 0.45010407677959263 5.8200966922864854)
(1.2714911735948697 0.48906870712964573 5.7834427186687778)
(-1.41025653238835 0.91582696845645484 5.7173044165762814)
(-0.94857044476393115 0.84478507320824636 5.7808961171492976)
(-0.47406253670378701 0.81524801003970493 5.7732440268283982)
(0.058420910163672846 0.96570501965119071 5.7858413286842332)
(0.43820244362465949 0.87538893693851838 5.8135645779353267)
(0.87832023921587465 0.9002968954189432 5.8067537209163413)
(1.4045020819943512 0.9324355472546213 5.7236524355232898)
(-1.4901927566816315 1.4798686767743943 5.6365696433619599)
(-0.99302902791703462 1.4478059099501883 5.6529960709681024)
(-0.4894723304585783 1.431605150011489 5.6691261023616475)
(0.056333773248719854 1.3921840728895374 5.7339339477147302)
(0.48786881059612963 1.3472585224294777 5.790335265896978)
(0.93292755439359143 1.4040278787222671 5.7236780547792829)
(1.4807863817487212 1.4805846038479988 5.647163713850567)
(-1.4800673988636612 -1.4800745237503947 6.1047421591347435)
(-0.89502336966587337 -1.3479815483891564 6.114360468799152)
(-0.31832313208933022 -1.1527448394071647 6.1823226494795298)
(0.036848191225153523 -1.1839625943236762 6.2120499021813238)
(0.4550100163367341 -1.2834746044489793 6.1917752253197014)
(0.8682096941394376 -1.3644566703596996 6.1483587174440304)
(1.4690333564515461 -1.4793448029687033 6.1083226585266743)
(-1.3479216557198568 -0.89300069642557789 6.1148822000582195)
(-0.67149550542058845 -0.66629342183368623 6.1885196044670909)
(-0.22051004719016751 -0.65443727342995106 6.2300779077513759)
(0.074655692502280754 -0.86103514516139723 6.2401808486028836)
(0.41432525132058767 -0.85444735035668451 6.2136161668422183)
(0.73893627109188831 -0.87951603337731099 6.1711256515899784)
(1.3877333210393001 -0.95832634588577026 6.1137974592301498)
(-1.1480160376843558 -0.31282876721184921 6.1851457766588762)
(-0.65331446885201672 -0.21551029732128474 6.2332486987791276)
(-0.3961954813357515 -0.39388121371795054 6.3235820643939098)
(0.41445713245148169 -0.51528447036414482 6.2508664594327756)
(0.65724003052516333 -0.4169962934458607 6.2096605769390401)
(1.3209320470464461 -0.44769272925194536 6.1196250569836792)
(-1.1800583479164897 0.039970737823360518 6.2159641301530959)
(-0.85500153048467675 0.078075819132843893 6.2443596021381449)
(0.79929619080852621 0.13323530261918004 6.226184113120377)
(1.2074697101687919 0.12268376672206914 6.1539593452273724)
(-1.2833458206662309 0.45500523693481526 6.1917729590162374)
(-0.85146362806568032 0.41524810637068132 6.2146367252316708)
(-0.51357752888642494 0.42425850905398993 6.2515756271832599)
(0.49540706203120849 0.50841891428075936 6.3001739860544479)
(0.76977799858678009 0.45379998109223657 6.2638729248640512)
(1.2062241336657031 0.48874959304441756 6.1733015577363162)
(-1.3643135649114531 0.86817892088002602 6.1483625614647615)
(-0.90651741593014556 0.77161957295504657 6.1765373219413213)
(-0.41654706316534296 0.68745714181402862 6.2057235916169278)
(0.098374260279353892 0.88035299672177569 6.2194739311091469)
(0.44493763021213173 0.79351645441514662 6.2655409334337371)
(0.83016932249427089 0.85318663179990561 6.1954528188826181)
(1.2251870611914308 0.83465457925408848 6.172881587744171)
(-1.4792540160528977 1.4689942978097936 6.1083295529047064)
(-0.98143280222338214 1.4351489998162246 6.1157778615749114)
(-0.45975877626820016 1.3607859169010315 6.1151671436340242)
(0.10411394306880624 1.2716388822663667 6.1570670861067418)
(0.46915278645474356 1.2748029509429371 6.188850179397412)
(0.82644969255004952 1.2542604299831908 6.1731316018756299)
(1.4202260083372531 1.4255590642374383 6.1197885194279262)
(-1.4535451823626722 -1.4535640640404133 6.5437067851311177)
(-0.86505414043897377 -1.2984341719598402 6.515199155088097)
(-0.32557547448207608 -1.1163356822937143 6.4801285061311802)
(0.015445138811758158 -1.1381755486468212 6.4965637397781553)
(0.43852497561062348 -1.2459681887214094 6.5303167664628745)
(0.89165827370350237 -1.3646289670177372 6.5255123300815736)
(1.4605298628995578 -1.4640019047974799 6.54815176438498)
(-1.2977662423356433 -0.8634971125906018 6.5155616966351371)
(-0.6096458180400729 -0.60681931068961348 6.4852059160103712)
(-0.25920970121146064 -0.6137945710393039 6.4403352099382962)
(0.013603393072883121 -0.81332527596247695 6.5226674384760539)
(0.43885514726840519 -0.77066928637139431 6.5122759618328736)
(0.74670861709803149 -0.81026236473721081 6.4677689442154787)
(1.3736191329064888 -0.93331081159211005 6.5175645922208032)
(-1.112462464013424 -0.32255388661526285 6.482786262321949)
(-0.61244546113090126 -0.25393677654367175 6.4419461857940643)
(-0.38768577528139714 -0.3858719026107576 6.4791252263861887)
(0.47767533098972842 -0.44062358450849082 6.4496220387433389)
(0.70726041637272052 -0.39445552870725226 6.4440913533688731)
(1.2898513864882091 -0.42996884777183947 6.4847209833075627)
(-1.1332193598243749 0.016916156635366979 6.5013531909235924)
(-0.81438279861425333 0.016242659126362909 6.520862918567695)
(0.84702569698721597 0.077736556818767191 6.4457545812355272)
(1.1875899068049252 0.089764540101888682 6.4667292720116993)
(-1.2439039595848285 0.44011478685021943 6.5326090162478465)
(-0.77953312622262727 0.44730181750092524 6.5218396425352356)
(-0.44643562695927858 0.49161048099175059 6.4531620477701095)
(0.4895430287508537 0.49036753794767307 6.6193224400514641)
(0.81189368996366718 0.34458204483655874 6.6012606213224778)
(1.1909357259965732 0.42879695665446077 6.5168595961386417)
(-1.3644192147560636 0.89155825729581806 6.5255006365377781)
(-0.88231401086769468 0.79892636872467149 6.4803395061675388)
(-0.40092548796245409 0.73598074870641805 6.44788148248744)
(0.061473611471165035 0.93819373476386925 6.4607794188757124)
(0.40351656541711978 0.83324529684437543 6.5474513220689365)
(0.80417244262930021 0.80803625831255799 6.5427499601729799)
(1.2321461436159251 0.82720033919220637 6.5232153992928241)
(-1.4638651011267458 1.4604490145366777 6.5481491573511876)
(-0.95158662927189697 1.4093129876928714 6.526749955028821)
(-0.43831378099544238 1.3125794762909373 6.4898280263231509)
(0.09107556845674962 1.2436041885068121 6.4680454399523875)
(0.44336697393329388 1.2312538529723671 6.5003918130271225)
(0.825209764808714 1.2498413613998784 6.5145901175877787)
(1.4116531517255326 1.4157521146772856 6.5463925206543623)
(0.42227646625286913 -1.0450421859333205 -6.3728228048316753)
(0.25576726003495764 -1.0460724826362207 -6.2308865419955666)
(0.58363212086997263 -0.67512767292510234 -6.2149814330985533)
(0.45206107953088476 -1.132886075884584 -6.0280593882240971)
(-1.0528163289209418 0.4225857373579493 -6.3670003289736217)
(-1.0560866098299975 0.25520064259474606 -6.2237554398913861)
(-0.67654116014943322 0.58295039076196908 -6.2144786854623808)
(-1.1327813105226587 0.45204940658058418 -6.028091531466039)
(0.83304945243538708 0.62372494058602002 -6.4284559171586642)
(0.63151155365356082 0.82654789075902746 -6.4276477038856239)
(1.0334074971123202 0.43777785929059443 -6.3996858250135631)
(1.0615485894886849 0.28909036236086305 -6.2165647954861667)
(0.44384058074048971 1.0281642222188692 -6.3959550782148433)
(0.28940347583295017 1.0589231593886361 -6.213320178446045)
(1.1366593342128331 0.4654130616764896 -6.0247428122853313)
(0.46655460940752685 1.1354826991206595 -6.0248554999206094)
(0.45204559941754507 -1.1328936458419492 6.0280747784937008)
(0.25359620374713004 -1.0544682801793777 6.2235449819210862)
(0.56290154595256103 -0.66789347417478928 6.1957299289810361)
(0.42143839232375702 -1.0518905104904888 6.3669120465144244)
(-1.1327549953935609 0.45206852895587313 6.0280799635358786)
(-1.0503614775608117 0.25583489054651981 6.2262416691646756)
(-0.67489035737091019 0.58299130318477499 6.21490057321141)
(-1.0485730867840006 0.42268443043783943 6.3688852996017848)
(1.0268604096492946 0.47939026903439069 6.003964699778205)
(0.9990797919554042 0.29816065726796448 6.1876339295428746)
(0.46656076877879427 1.1354798413221716 6.0248516260591574)
(0.28972476136897796 1.0596113685415169 6.2134537256538245)
(0.81120729108498746 0.61211197265028583 6.4048625493381879)
(0.62275569838957434 0.82884087739851842 6.3900347750402693)
(0.99235509702718316 0.43130728029850401 6.3823460273688184)
(0.44492695301050189 1.0389049933887455 6.3681844772916998)
(-0.11088163258099128 -0.94618530881795082 -6.3627367464549582)
(-0.95521987427094912 -0.11522289956983166 -6.3518478441662767)
(-0.4796923719749801 -0.48045085127723591 -6.364503754787286)
(0.24380404849789017 -1.0092446620575879 -6.3757710987768306)
(0.58525258464769991 -1.1179393603388423 -6.3705764330004353)
(0.59347468661211156 -0.65957045862865116 -6.3358453604858171)
(0.30550789626999325 -1.1382731452411845 -6.0761538280350242)
(0.59113721098858341 -1.1431166308969447 -6.0001470984363241)
(0.61719165593348535 -0.70530376499791303 -6.0856390783007539)
(-1.0211562062751447 0.24432559679426519 -6.3664537086723678)
(-1.1177485933365845 0.58516022608730267 -6.3705889493587398)
(-0.66184533637786647 0.59256855436574063 -6.3346358514245775)
(-1.1381862943932861 0.30549232959766698 -6.0761771174159085)
(-1.1429923420915882 0.5911192471937583 -6.0001821797484087)
(-0.70493422679872808 0.61708899496629033 -6.0856921837133484)
(0.64940583347966307 0.63869555179763715 -6.4416784249868595)
(1.0440638500852464 0.27536884647341403 -6.3569788126659859)
(1.0480161418996055 0.63057081910295343 -6.3945518339573049)
(0.27809994763835244 1.0398843971457676 -6.3531096243707577)
(0.63671410543375062 1.0427520072548355 -6.391845811655517)
(1.1413003229431413 0.32040276859497951 -6.0627561751487393)
(1.1398614165289569 0.61742722389782556 -6.0065642350463113)
(0.32155375278052595 1.1401492033535388 -6.0628736862966912)
(0.61846976808060961 1.1387861427929815 -6.0066471872057043)
(-0.1174586360369472 -0.95333466349049445 6.3510585408317457)
(-0.94754959483962575 -0.11193136300009268 6.3568590402230685)
(-0.48079395388558072 -0.47773856594031155 6.3660326610996512)
(0.30549242614246358 -1.1382797238211175 6.0761664960009378)
(0.59112428793155103 -1.1431234157610848 6.0001625375867009)
(0.59173653469373555 -0.69693893853568312 6.0389332607002686)
(0.24103347858339907 -1.0193839704657306 6.3660133875204226)
(0.58524079149488661 -1.1179444453746845 6.3705850566874132)
(0.56752773962707004 -0.64334419018905353 6.325817024055068)
(-1.1381601118496854 0.30551153472936432 6.0761684029783742)
(-1.1429680026207703 0.59113517303348684 6.0001704306969339)
(-0.70490182869745466 0.6171026891028718 6.0856819603484205)
(-1.0136111073048213 0.24307095796633216 6.3703946482335674)
(-1.1177058659204389 0.5851732581006851 6.3705774169858147)
(-0.66006672666497623 0.59276248237378415 6.3350764564610067)
(1.0311618407797167 0.30479662744460173 6.0079192272422492)
(1.0491373138360989 0.66634684637105646 5.9870080402464421)
(0.321560899361165 1.1401472338069321 6.0628701919118315)
(0.61847543167689811 1.1387828645219995 6.0066440923739819)
(0.63179337968431792 0.64117846965319392 6.4109558625738465)
(0.99589298863861542 0.27885151330089131 6.3472382400746463)
(0.99449355454661648 0.62367151924367692 6.3796890112354614)
(0.27336113889197577 1.0631995831331846 6.339610566414887)
(0.6255446871181285 1.032619680750499 6.3650403593077218)
(-2 -2 -7)
(-2 -2 -6.5686584189455326)
(-1.5408799900149652 -2 -7)
(-2 -1.5408799900149652 -7)
(-1.5299723655277366 -2 -6.5559691665076318)
(-2 -1.5299723730958592 -6.5559693309130465)
(-1.4249668966572122 -1.4249554995975275 -6.9774945877600185)
(-1.0401743726780177 -2 -7)
(-1.0403271605025286 -2 -6.5564000049489346)
(-0.87847473923569808 -1.3069093327150767 -6.883175126095411)
(-0.54087999001496523 -2 -7)
(-0.5307388947825179 -2 -6.5583357992811102)
(-0.41433326526445308 -1.2015654203267105 -6.8745934028748614)
(-1.6653345369377348e-16 -2 -7)
(0.00044197120660211659 -2 -6.5592086698231569)
(0.022369670356252456 -1.2123704890929503 -6.9037033915553208)
(0.54087999001496523 -2 -7)
(0.53151042154345796 -2 -6.5583292755907472)
(0.44743287268283144 -1.2751513886508021 -6.9773997123120814)
(1.0401743726780177 -2 -7)
(1.0408420873237767 -2 -6.5563925465895094)
(0.93238556305319598 -1.3584513510815133 -6.9939726698918223)
(2 -2 -7)
(2 -2 -6.5686584189455326)
(1.5408799900149652 -2 -7)
(1.999990438072613 -1.5410333780521974 -7)
(1.5302097957956953 -2 -6.5559653755867986)
(1.9999892970687378 -1.5301595607743079 -6.5560408852192458)
(1.4588021475386801 -1.4459361537538826 -6.9909106931228413)
(-2 -1.0401743726780177 -7)
(-2 -1.040328364421498 -6.5564008585463291)
(-1.3068985394901085 -0.87846061580916002 -6.8831878632780477)
(-0.56186146445919538 -0.56158646952055258 -6.8524992392020563)
(-0.13455969834031517 -0.26283154810848408 -6.5)
(-0.075180885131776579 -0.48292312097212237 -6.8671728022662641)
(0.27509284617832924 -0.45816392673778522 -6.9262291413291708)
(0.7761804173139335 -0.66160266566044645 -6.9183466474738662)
(1.9999980405886502 -1.0402058124889066 -7)
(1.9999877354104076 -1.0405889818005116 -6.5565260062700075)
(1.3760498277193176 -0.90563752498940764 -6.8902585284561342)
(-2 -0.54087999001496523 -7)
(-2 -0.53074099797855723 -6.5583377268479479)
(-1.2014834875298062 -0.41437268499005941 -6.874594442391821)
(-0.46411138144302311 -0.2236250194085069 -6.5441984188211313)
(-0.222803565635359 -0.22283594169965093 -6.5)
(0.28693282323788843 -0.17636511584666392 -6.5)
(0.31305809684227903 -0.096826499998076548 -6.5)
(1.9999763303108944 -0.54125969832106957 -7)
(2.000007682487893 -0.53101707958662736 -6.55850594919918)
(1.2489292353752142 -0.43061952764600386 -6.827278036785728)
(-2 1.6653345369377348e-16 -7)
(-2 0.00044217654227841517 -6.5592114535733854)
(-1.212184634860457 0.022262120481425087 -6.9036666181614077)
(-0.46262714289576695 -0.117987101541931 -6.8255305554917962)
(0.74829886909252585 0.034122722221960222 -6.5992677973183795)
(1.9999971784476562 -4.5264053774141111e-05 -7)
(1.9999661501941526 0.00036141510073043248 -6.5594062375551552)
(1.2082766060431462 -0.0074501622555495917 -6.826708387813234)
(-2 0.54087999001496523 -7)
(-2 0.53151384496180287 -6.5583323777828655)
(-1.274900684344078 0.4472494946196221 -6.9773594229717997)
(-0.45765810402499896 0.27430949824403733 -6.9261583756818155)
(-0.17596383694172554 0.28668211471634453 -6.5)
(0.20376652953898322 0.18201477993379722 -7)
(0.71197991620042955 0.1467016905363287 -6.9460726305382758)
(1.9999757032992624 0.54049020940690418 -7)
(2.0000083613832271 0.53152809165242831 -6.558528966090722)
(1.2194096062543203 0.41523058458165651 -6.8847355795095542)
(-2 1.0401743726780177 -7)
(-2 1.0408460489476699 -6.5563956145457061)
(-1.3581898432150392 0.93217758302800369 -6.9939365839405125)
(-0.66074120852015006 0.77572290322982063 -6.918195487070391)
(-0.094395303340480283 0.31125315825464989 -6.5)
(0.046255856928675551 0.75037534686558116 -6.5782990724708608)
(0.14596301665432157 0.65171148367359377 -6.9536638161266788)
(0.61560215563646692 0.6102443545270323 -6.8977515154576405)
(1.9999977270828342 1.0401379164082454 -7)
(1.9999841114964307 1.040980057170362 -6.5565650557895498)
(1.3345054840733401 0.88194107510640962 -6.9179683797782197)
(-2 2 -7)
(-2 2 -6.5686584189455326)
(-1.5410228116741891 1.9999904301103371 -7)
(-2 1.5408799900149652 -7)
(-1.5301538795897742 1.9999892882022565 -6.5560403501286446)
(-2 1.5302121503750541 -6.5559676791304202)
(-1.4457530317481593 1.4586671388989769 -6.9908944057359221)
(-1.040203647247512 1.9999980389570362 -7)
(-1.0405818289644009 1.9999877246571083 -6.5565259004149761)
(-0.90519885915697895 1.3758039912055244 -6.8902349912244194)
(-0.54123354220501629 1.9999763106009982 -7)
(-0.53100497445423056 2.0000076888274534 -6.5585066052385166)
(-0.43002596435707507 1.2482537787984525 -6.8270783206449668)
(-4.2146106165596997e-05 1.9999971760981321 -7)
(0.00037258809160935772 1.9999661216835127 -6.5594079230148186)
(-0.0062490984987694301 1.2070278944456738 -6.8262458313150933)
(0.5405170584002037 1.9999756830672499 -7)
(0.53154509075729672 2.0000083681960534 -6.5585313417787514)
(0.41675827421899064 1.2183141279251339 -6.8845407680098019)
(1.0401404280882636 1.9999977251901622 -7)
(1.04099143282199 1.9999840985670454 -6.556567595971015)
(0.88330336653778663 1.3333560175138865 -6.9179616847360661)
(2 2 -7)
(2 2 -6.5686584189455326)
(1.5407277889310309 1.9999898025765885 -7)
(1.9999898110609811 1.5407165296757763 -7)
(1.5303021650520234 1.9999864476301004 -6.5560674414194242)
(1.9999864590170096 1.5302947051710736 -6.5560652197952374)
(1.4322840753306594 1.4316873465041873 -6.9881181867973119)
(-2 -2 -6.0922218298170918)
(-1.5304461217801009 -2 -6.0952106939651127)
(-2 -1.5304460174605614 -6.0952103532483966)
(-1.0435068047932199 -2 -6.0982618295899771)
(-0.5310181750029811 -2 -6.1015344169075592)
(0.00070475608838362471 -2 -6.102877025041292)
(0.53225182008818572 -2 -6.1015054790187833)
(1.0443282705979364 -2 -6.098221035772692)
(2 -2 -6.0922218298170918)
(1.5308292180872554 -2 -6.095180546882661)
(1.9999989951533985 -1.5306713770905984 -6.0953200628683648)
(-2 -1.0435082624229448 -6.0982623795416542)
(-0.070565887428174573 -0.30862143610033166 -6.5)
(0.042379370300513544 -0.30123624599693821 -6.5)
(0.11233963429415511 -0.29701110457757784 -6.5)
(2.0000016305076525 -1.0438398699007323 -6.0984688571460666)
(-2 -0.5310206293790215 -6.1015372189076311)
(-0.30856461590476231 -0.070643989955531616 -6.5)
(-0.31059083862857073 -0.31064449867404292 -6.3918219850915685)
(0.20987117996781351 -0.23852664208669128 -6.5)
(0.43085014009125711 -0.17746211376610527 -6.3274796018651269)
(1.9999999460399129 -0.53127437724825988 -6.1018206326022275)
(-2 0.00070525666988729898 -6.1028819038901752)
(-0.30086662922823104 0.04215670922393093 -6.5)
(0.50654654820239997 0.050618670576411312 -6.3886576705650135)
(1.9999997406475174 0.00067363043432939606 -6.1032116733660819)
(-2 0.53225701551438742 -6.1015109409619859)
(-0.29682808856574106 0.11216486288289071 -6.5)
(-0.23737283673885101 0.20912059838323729 -6.5)
(0.23443188291988568 0.2305015665520681 -6.5)
(0.37022241125431132 0.22574346259952574 -6.5)
(1.9999999324511926 0.53244695621379312 -6.1018400759315741)
(-2 1.0443348920401512 -6.0982261075780553)
(-0.17651808556511869 0.43076336579490637 -6.3273486543743713)
(0.042610706028635287 0.51506415412458195 -6.3868223326658331)
(0.2263447018111765 0.36977572455388397 -6.5)
(2.0000021492703377 1.0446119206653042 -6.0984958140554362)
(-2 2 -6.0922218298170918)
(-1.5306669478323522 1.9999989943366274 -6.0953188769615414)
(-2 1.5308333696148928 -6.0951839273857464)
(-1.0438333853385593 2.0000016319915788 -6.0984679183308641)
(-0.5312666644830073 1.9999999459590134 -6.1018215970505025)
(0.0006845812728848282 1.9999997403868954 -6.1032148113084697)
(0.53246118499822503 1.9999999324259674 -6.1018442245369293)
(1.0446249200587789 2.0000021509604662 -6.0985000886008427)
(2 2 -6.0922218298170918)
(1.5310337308620972 1.9999987895331399 -6.0953393822520505)
(1.9999987905720353 1.5310263299304858 -6.0953363325423782)
(-2 -2 -5.6352213775603142)
(-1.5330290956611325 -2 -5.6158218680886858)
(-2 -1.5330283172725789 -5.6158207211282933)
(-1.047154271570985 -2 -5.6165553272875242)
(-0.53360243332708146 -2 -5.6202290455882649)
(0.00071703847782470442 -2 -5.6217116998352301)
(0.53485276317347841 -2 -5.6201727825343086)
(1.0479869566186992 -2 -5.6164786471902257)
(2 -2 -5.6352213775603142)
(1.5334192295689126 -2 -5.6157770561195992)
(1.999999871713571 -1.5332299680436392 -5.6159360105477347)
(-2 -1.0471543517934019 -5.6165548758531134)
(-0.17681166216739938 -0.4384653803399472 -5.858419472850005)
(0.0070481669197387398 -0.47580213304109092 -5.8718842622894583)
(0.18716963459766678 -0.43223831093357773 -5.8643076112248052)
(2.0000000242148031 -1.0474480748809889 -5.6167714612390212)
(-2 -0.53360340403879458 -5.6202313137039264)
(-0.4384411016846938 -0.17679931832538198 -5.858496808120754)
(-0.3345401570809261 -0.33455078303122116 -5.854958974627932)
(0.34246054895717598 -0.33639636847764276 -5.8314319045631189)
(0.45141964412643437 -0.18466986265386193 -5.8110063946282313)
(1.9999997899381323 -0.53381483812068431 -5.6205382928501386)
(-2 0.00071598335427429773 -5.6217168258667023)
(-0.47577301259046828 0.007157419621251603 -5.8719616231182012)
(0.48846218926612767 0.010588459971045435 -5.8027524237695474)
(1.9999997969920877 0.00072386055510810943 -5.6220750925424872)
(-2 0.53485857032258244 -5.620178671024803)
(-0.43207456085137846 0.18736764055352423 -5.8644438686750711)
(-0.33601789514030916 0.34274837351136034 -5.8314437874317528)
(0.33626637786488356 0.33568982855478885 -5.85536477270663)
(0.44343742743404824 0.18500145639240401 -5.8422758661898158)
(1.9999997450072233 0.53507395417995451 -5.6205273610942506)
(-2 1.0479943854569587 -5.6164835845902914)
(-0.18393533608700763 0.45159576259156586 -5.8108636717061168)
(0.011622553389143373 0.48815471718488823 -5.8026480873798594)
(0.18681215909335561 0.44243751072776294 -5.8407672490369666)
(2.0000000267127875 1.0482813739046635 -5.6167575271431778)
(-2 2 -5.6352213775603142)
(-1.5332261560720102 1.9999998716137257 -5.6159340821286055)
(-2 1.5334240258881191 -5.6157801259752089)
(-1.0474425756628734 2.0000000242174885 -5.616769692556363)
(-0.53380871620511017 1.9999997897554014 -5.6205388743521594)
(0.00073002643788618482 1.9999997968194392 -5.6220785333465937)
(0.53508591572999198 1.9999997448010833 -5.6205319184092994)
(1.0482930904878807 2.0000000267336633 -5.6167616499738733)
(2 2 -5.6352213775603142)
(1.5336240599553819 1.9999998392042497 -5.6159373008328188)
(1.9999998393532832 1.533617116571713 -5.6159345407705414)
(-2 -2 -5.1009025204832463)
(-1.5345829561841891 -2 -5.1072504627259603)
(-2 -1.5345811422976214 -5.1072494009731573)
(-1.0496365731386117 -2 -5.1110313166451382)
(-0.53547981896959129 -2 -5.1142456955844917)
(0.00053796340030498873 -2 -5.1155343045327184)
(0.53641700866550701 -2 -5.1141823151515045)
(1.0502599798960432 -2 -5.1109456643078284)
(2 -2 -5.1009025204832463)
(1.5348749705206304 -2 -5.1071913880421747)
(1.9999999925122716 -1.5347191746888846 -5.1073310218530299)
(-2 -1.0496343418994731 -5.1110305692706204)
(-0.19001032037505147 -0.45896925062218008 -5.2169201782325789)
(0.00054706082510430111 -0.4975705147467413 -5.2170961707952106)
(0.19077760426993084 -0.45922511994976917 -5.2121091933072341)
(2.0000000001772102 -1.0498355316091208 -5.1111976882282972)
(-2 -0.53547804027724588 -5.1142470206631145)
(-0.45898247399596331 -0.18993307221832645 -5.2169569379650298)
(-0.3514619615603285 -0.35143143996069498 -5.21603453282777)
(0.35236032741896151 -0.35175571967966501 -5.2039474176421825)
(0.46052109933135493 -0.19055683395155637 -5.1959935737958558)
(1.9999999880945802 -0.53562087946440651 -5.1144915817576564)
(-2 0.00054100141362301555 -5.1155381366925008)
(-0.49756518964549956 0.00070106840548327381 -5.2171503005701032)
(0.49847820261413689 0.00031657696691683588 -5.1956364817530591)
(1.9999999907832211 0.00055138594926656753 -5.1158246804950913)
(-2 0.53642280567651102 -5.11418704266889)
(-0.45911811077454101 0.19101474117244557 -5.212158539899427)
(-0.35146857183119878 0.35263626809952492 -5.2039696024350102)
(0.35217014820579001 0.35145604849428247 -5.2032962093147228)
(0.45995490248091464 0.19041147957510768 -5.2007313617741664)
(1.9999999870910408 0.53657920664466907 -5.1144593188989536)
(-2 1.0502672408710443 -5.1109495546145567)
(-0.18999917131823696 0.46072752202457035 -5.1959545343060478)
(0.0011284369650014212 0.49844130048601321 -5.1954510274478647)
(0.19128412521037666 0.45955482311226792 -5.2006302433998481)
(2.0000000009871961 1.0504686985840639 -5.1111547259492172)
(-2 2 -5.1009025204832463)
(-1.5347157621482843 1.9999999925056688 -5.1073295768374347)
(-2 1.5348802042547489 -5.1071934207372829)
(-1.0498303569481173 2.0000000001766307 -5.1111961900397826)
(-0.53561539465402475 1.9999999880850998 -5.1144918731626747)
(0.00055818845334060306 1.9999999907751134 -5.1158274054630413)
(0.5365882675998952 1.9999999870801353 -5.1144631189917762)
(1.0504782914936792 2.0000000009886443 -5.1111580206292579)
(2 2 -5.1009025204832463)
(1.5350197193193638 1.9999999907007593 -5.1073029330994189)
(1.9999999907087112 1.5350133046050838 -5.1073011666766801)
(-2 -2 -4.5948013963369778)
(-1.5355305840373863 -2 -4.5885214722906147)
(-2 -1.5355281153474536 -4.5885209806619303)
(-1.051058630033566 -2 -4.5897019143622941)
(-0.53664061949211195 -2 -4.5919277189871357)
(0.00031115987309159027 -2 -4.592810057222092)
(0.53718010395987348 -2 -4.5918787739685527)
(1.0514130233345516 -2 -4.5896345086118417)
(2 -2 -4.5948013963369778)
(1.535697477452356 -2 -4.5884793096749688)
(1.9999999996846076 -1.5356021432955442 -4.5885680939486555)
(-2 -1.0510512136383965 -4.5896925919069265)
(-0.19170823411017301 -0.46099735327175256 -4.6142753453858569)
(-0.0014343633090234482 -0.49987481402165124 -4.6132730810068914)
(0.18924573087842064 -0.46235588338155459 -4.6111964968570325)
(1.9999999998302016 -1.0511603776945202 -4.589790265991172)
(-2 -0.53663695637891118 -4.5919287067977193)
(-0.46102216972828075 -0.19164277829868709 -4.6143003055849787)
(-0.35346496758473234 -0.35343222065108804 -4.6145419679307018)
(0.35174425295174777 -0.35497975706852475 -4.6083481108915203)
(0.46095657916744343 -0.19314051849209607 -4.6059131628074148)
(1.9999999993517197 -0.53671614923847877 -4.5920767746396658)
(-2 0.000315385299218727 -4.5928125648717399)
(-0.49987351008468106 -0.0013207724123661026 -4.6133160851343549)
(0.49991246363843633 -0.0015379538532076119 -4.604930793995452)
(1.999999999515643 0.00031787981118143075 -4.5929870931190901)
(-2 0.53719228264312691 -4.5918821200131426)
(-0.46228623773554073 0.18941197312523647 -4.6112181640335521)
(-0.3547879867221827 0.35193459515515169 -4.6083790242738063)
(0.35368747417787816 0.35327051696221573 -4.6054040551981279)
(0.46198222528184801 0.19046973228738615 -4.6051689966606082)
(1.9999999993110846 0.53726540719076876 -4.5920441645228038)
(-2 1.0514186741170859 -4.5896302779495821)
(-0.19279426736650784 0.46109818789317036 -4.6059181281039461)
(-0.0010692567473450214 0.4999101590290565 -4.6049175022053275)
(0.19096415188716967 0.46177539705829118 -4.6051540331749203)
(1.9999999998683187 1.0515204482233449 -4.5897470676697951)
(-2 2 -4.5948013963369778)
(-1.5355991479281947 1.9999999996843285 -4.5885674707323894)
(-2 1.5357021905381141 -4.5884810112423269)
(-1.0511558331262496 1.9999999998300757 -4.5897899996838305)
(-0.53671139329076267 1.9999999993511839 -4.5920773594715216)
(0.00032318743445154219 1.9999999995152187 -4.5929891282919915)
(0.53727856996902756 1.9999999993105155 -4.5920470970111733)
(1.0515279482691997 1.9999999998681877 -4.5897499652690668)
(2 2 -4.5948013963369778)
(1.5357733876372923 1.9999999996273563 -4.5885427884578434)
(1.9999999996276894 1.5357682085768072 -4.588541218182808)
(-2 -2 -4.0530998472953526)
(-1.5362624255307364 -2 -4.0604767579019772)
(-2 -1.5362601030504357 -4.0604770163998776)
(-1.0521385912194376 -2 -4.0631711737624086)
(-0.53750031236245843 -2 -4.0644719019857654)
(0.00013749370279902853 -2 -4.0649514532202877)
(0.53774086758686568 -2 -4.0644443696046473)
(1.0522962300972369 -2 -4.0631348224044501)
(2 -2 -4.0530998472953526)
(1.5363351409953572 -2 -4.060452694207048)
(1.9999999999928404 -1.5362921652796688 -4.0604962556925885)
(-2 -1.0521351188067649 -4.0631719905249675)
(-0.19207247931413512 -0.46097433427617629 -4.0531217492291285)
(-0.0019591505522980027 -0.49998591028975747 -4.0525553564301635)
(0.18877265464139262 -0.46265537140907348 -4.051632215585788)
(1.9999999999914959 -1.0521832656069141 -4.0632151941041919)
(-2 -0.53749660750613126 -4.0644732136493529)
(-0.46100821465854103 -0.19204305541015304 -4.053144262416513)
(-0.35356028990592825 -0.35353991774918014 -4.0533102447317715)
(0.3513900644734681 -0.35544320312839267 -4.0505187714100472)
(0.46079701096893438 -0.19371100209143438 -4.0495207615369218)
(1.9999999999808589 -0.53753361725686899 -4.0645414749635131)
(-2 0.00014159868015142508 -4.0649533808985385)
(-0.49998622478928667 -0.0018985899782358968 -4.0525952375094612)
(0.49998679254949607 -0.0020121316319277774 -4.0488789620247427)
(1.9999999999871441 0.00013762278068846754 -4.0650347099283799)
(-2 0.53774587011158403 -4.0644467734062921)
(-0.46261986143827072 0.18886254065196928 -4.0516801632214454)
(-0.35534460468459955 0.35149063832364463 -4.0505650018186543)
(0.35365425105559783 0.35345082412206308 -4.0485679446196388)
(0.46218256515032913 0.19022168330885555 -4.0486167669796025)
(1.9999999999798657 0.53777301840950531 -4.0645206993759011)
(-2 1.0523015527239243 -4.063137043524045)
(-0.19353625000604513 0.46086978746325186 -4.0495574734679334)
(-0.0017768998859071126 0.49998712664993122 -4.04890421007239)
(0.19046998136556395 0.46207997038133647 -4.048628650639384)
(1.9999999999930873 1.0523376330733176 -4.0631880395382325)
(-2 2 -4.0530998472953526)
(-1.5362898549684525 1.999999999992834 -4.060496502425563)
(-2 1.5363387532923292 -4.0604539396305537)
(-1.0521798642608498 1.9999999999914888 -4.0632159685621199)
(-0.53753011444586485 1.9999999999808404 -4.0645427120706241)
(0.00014146488435675512 1.9999999999871332 -4.0650365361174092)
(0.53777789877409443 1.9999999999798486 -4.0645229968638823)
(1.0523429802304067 1.9999999999930818 -4.063190176933503)
(2 2 -4.0530998472953526)
(1.5363655882225062 1.9999999999926568 -4.0604796320353627)
(1.9999999999926645 1.536361929924603 -4.0604784328995374)
(-2 -2 -3.534027052409221)
(-1.5368203084352592 -2 -3.5376181386008447)
(-2 -1.5368185179167211 -3.537619173197184)
(-1.0530415738806849 -2 -3.5394502736660547)
(-0.53821665367195626 -2 -3.5402049750054627)
(4.6682336330292038e-05 -2 -3.5404220056021281)
(0.53829885754719309 -2 -3.5401935339099531)
(1.0530942538442911 -2 -3.539435470056032)
(2 -2 -3.5340270524092205)
(1.536844024732132 -2 -3.5376086769085329)
(1.999999999999942 -1.5368302378655019 -3.5376244718026553)
(-2 -1.0530388806775919 -3.5394520884632801)
(-0.19212884180953305 -0.46100699163718051 -3.5216809351650538)
(-0.002001769653887289 -0.49998818333575074 -3.5214313750894193)
(0.18876521022664852 -0.46265415081329342 -3.5210410525387763)
(1.9999999999997473 -1.053056991212356 -3.5394653450831215)
(-2 -0.538213876883333 -3.5402070096949272)
(-0.46100534790123632 -0.19211019746228025 -3.5217046142152904)
(-0.35355540468346819 -0.35355073584303814 -3.5217801469184034)
(0.3513968173122054 -0.35543607243255887 -3.520583296521087)
(0.46079431718214636 -0.19372128595281909 -3.5201559129968381)
(1.9999999999997058 -0.53822916362790429 -3.5402298115634396)
(-2 4.9629834613221079e-05 -3.5404240112766172)
(-0.49998817448264071 -0.0019750782445941196 -3.5214703058379802)
(0.49998863939123117 -0.0020407074909899871 -3.5198403944283885)
(1.9999999999998077 4.4414456919998492e-05 -3.54045207652279)
(-2 0.53830249613263881 -3.540195375976106)
(-0.46264400481514556 0.18880339251294317 -3.5210924802879693)
(-0.3553967820919573 0.35143813244140437 -3.5206371611365181)
(0.35359523252840147 0.35351150253918523 -3.5196175661581663)
(0.4621847635330868 0.19022011753688592 -3.5196635320398451)
(1.9999999999996785 0.53830664536479478 -3.5402206408271724)
(-2 1.0530981698461612 -3.5394369360704823)
(-0.19364846931077895 0.46082454754637631 -3.5202034844707408)
(-0.0019422847574025635 0.49998887704939909 -3.5198747193564661)
(0.19032483567849809 0.4621415454100869 -3.5196892354378893)
(1.9999999999997549 1.0531051644306182 -3.5394536466770337)
(-2 2 -3.5340270524092205)
(-1.536828627746035 1.9999999999999423 -3.5376255103752126)
(-2 1.5368466411835415 -3.5376094620965084)
(-1.0530546737152577 1.9999999999997473 -3.5394671693278217)
(-0.53822695256733921 1.9999999999997053 -3.5402318550889293)
(4.6726195587515191e-05 1.9999999999998082 -3.5404540959971458)
(0.53830978161672838 1.9999999999996791 -3.5402224933541917)
(1.0531087811988371 1.9999999999997549 -3.539455107574176)
(2 2 -3.534027052409221)
(1.5368535625214115 1.9999999999999787 -3.5376179001251811)
(1.9999999999999805 1.5368510794914918 -3.5376171199167521)
(-2 -2 -3.0147725217899306)
(-1.5373102164340959 -2 -3.0203050543675638)
(-2 -1.5373086818962587 -3.0203065539836351)
(-1.0537790915077625 -2 -3.022154101349138)
(-0.53878304177285075 -2 -3.022616086657465)
(1.1323831667123071e-05 -2 -3.0227075075880201)
(0.53880390359425323 -2 -3.0226125303258971)
(1.0537914399047896 -2 -3.0221496090367408)
(2 -2 -3.0147725217899306)
(1.5373152213136119 -2 -3.0203022409780842)
(1.9999999999999984 -1.5373129778673429 -3.0203064955371355)
(-2 -1.0537769402697288 -3.0221566351355782)
(-0.19210647475511619 -0.46102586616390751 -3.0076952816397662)
(-0.0019458092333711251 -0.49998857573238809 -3.0075874859828673)
(0.18884263799234172 -0.46262976111445969 -3.0074338898137469)
(1.9999999999999949 -1.0537835836688285 -3.0221578767826474)
(-2 -0.53878121245583765 -3.0226188435530603)
(-0.46102792009939286 -0.19210135372385637 -3.0077217782451)
(-0.35355474164079703 -0.35355207592908644 -3.0077403677951233)
(0.35146222030980029 -0.35537131455243248 -3.0072568771890191)
(0.46082688652427067 -0.19364342701855974 -3.0070903949744916)
(1.9999999999999987 -0.5387872098679729 -3.0226226728476626)
(-2 1.2996895984816936e-05 -3.0227100362750798)
(-0.49998858640648997 -0.0019378152533293649 -3.0076364369415876)
(0.49998901530151818 -0.0019750958760753608 -3.0069633913233411)
(1.9999999999999987 9.3993221309705384e-06 -3.022715639995933)
(-2 0.53880635960595313 -3.0226146543108841)
(-0.46262481738643541 0.18885479694827575 -3.0074969934870595)
(-0.35535746279700703 0.35147623737968159 -3.0073245439190837)
(0.35356851564010028 0.35353823440616966 -3.0068770558569837)
(0.46216575430417717 0.19026638612919305 -3.0068919112665515)
(1.9999999999999982 0.53880437633811162 -3.0226197792421909)
(-2 1.0537944867751929 -3.0221512001396009)
(-0.19361842183887748 0.46083737479167369 -3.0071529455042572)
(-0.0019408461378448236 0.4999891141416799 -3.0070111364249064)
(0.1903042242835177 0.46215015895917799 -3.0069177018496154)
(1.9999999999999947 1.0537928794957556 -3.0221543077417041)
(-2 2 -3.0147725217899306)
(-1.5373116325734135 1.9999999999999984 -3.0203079889814646)
(-2 1.5373173687462156 -3.0203030883454094)
(-1.0537818231542828 1.9999999999999949 -3.0221604065334691)
(-0.53878594664171686 1.9999999999999987 -3.0226254364754541)
(1.0442580773192793e-05 1.9999999999999987 -3.0227181864628272)
(0.53880629073878417 1.9999999999999982 -3.0226219240712804)
(1.0537955646888237 1.9999999999999947 -3.022155915385945)
(2 2 -3.0147725217899306)
(1.5373182038452122 1.9999999999999991 -3.0203051774504144)
(1.9999999999999987 1.5373162282344395 -3.0203043205690352)
(-2 -2 -2.5063842584636884)
(-1.5376355243437578 -2 -2.5099102803197479)
(-2 -1.5376339798254859 -2.5099117908637991)
(-1.0542827981621399 -2 -2.5112500918872893)
(-0.53916809804452559 -2 -2.5115809996787766)
(1.5510069759873398e-06 -2 -2.5116316484969539)
(0.53917216529674306 -2 -2.5115798562958722)
(1.0542841150443203 -2 -2.5112485815152348)
(2 -2 -2.5063842584636884)
(1.5376354140270858 -2 -2.509909290614313)
(2 -1.5376361968467718 -2.5099104790179201)
(-2 -1.0542808168798838 -2.5112528031154739)
(-0.19207814034904402 -0.46101912099559894 -2.5023443579597675)
(-0.0019020665235186412 -0.49998854909793106 -2.5022973459226927)
(0.18889436944075039 -0.46260650283646093 -2.5022404227047486)
(2 -1.0542839576648211 -2.511250716247337)
(-2 -0.5391668302070185 -2.5115842421841057)
(-0.4610281253176079 -0.19207967085578873 -2.5023725760798743)
(-0.35355417028876962 -0.35355278272739044 -2.5023657673721056)
(0.35150688056554125 -0.35532848699350073 -2.5021774593411243)
(0.46084903927493182 -0.19359031544554695 -2.5021214594175887)
(2 -0.53916935508066477 -2.511582206214662)
(-2 2.3856965887403926e-06 -2.5116349728725447)
(-0.4999887689994309 -0.0018997420686247234 -2.5023486770575989)
(0.49998910519037476 -0.0019289140161920354 -2.5020812318118337)
(2 3.0807732048522278e-06 -2.5116332026846253)
(-2 0.53917392810505305 -2.5115829882252068)
(-0.46259988817821729 0.18889704580615066 -2.5023087735481964)
(-0.35532228950739331 0.35151146799851024 -2.5022517372673549)
(0.35355873791982917 0.35354803829034109 -2.5020664052073016)
(0.46215378984755995 0.19029537485939685 -2.5020626758781104)
(2 0.53917163739455931 -2.5115812501173722)
(-2 1.054286798887047 -2.5112511803760693)
(-0.19358148915803033 0.46085301993927397 -2.5021903260364136)
(-0.0019170812753847226 0.49998916283099343 -2.5021341028517119)
(0.1903079505886727 0.46214864336588996 -2.5020913831605234)
(2 1.0542838754938748 -2.5112494744967218)
(-2 2 -2.5063842584636884)
(-1.5376348018107304 2 -2.5099119781212957)
(-2 1.5376374334034157 -2.5099108027957802)
(-1.0542822850923668 2 -2.5112534116385379)
(-0.53916853738813675 2 -2.5115854397939552)
(9.2416262465386288e-07 2 -2.5116365322264924)
(0.53917295563144774 2 -2.5115843997251863)
(1.0542862571240694 2 -2.5112520931205982)
(2 2 -2.5063842584636884)
(1.5376371902725183 2 -2.5099112040012566)
(2 1.5376353165445591 -2.5099096793334112)
(-2 -2 -2.0020129341745538)
(-1.5378341726595117 -2 -2.0043040695523064)
(-2 -1.5378325446837506 -2.0043054146619141)
(-1.0545842971111505 -2 -2.0051902452001729)
(-0.53939589697027823 -2 -2.0054235190861993)
(2.5805672363519215e-06 -2 -2.0054622719423247)
(0.53939717823731081 -2 -2.0054225791666673)
(1.0545837302486201 -2 -2.0051888739635517)
(2 -2 -2.0020129341745538)
(1.5378331848340194 -2 -2.0043030892296017)
(2 -1.5378343183933114 -2.0043040704719091)
(-2 -1.0545822567977121 -2.0051929223249201)
(-0.19205899106322186 -0.46100548555864657 -2.0005998688367077)
(-0.0018786320292501792 -0.49998825256484464 -2.0005761941923117)
(0.18892075547199205 -0.46259677973062285 -2.0005539896057831)
(2 -1.0545845582285991 -2.0051902894029565)
(-2 -0.53939475512675394 -2.0054272497080734)
(-0.46098736173237992 -0.19205080194847765 -2.0006283819127004)
(-0.35355218587854825 -0.35355465099662692 -2.0006139183519909)
(0.35152817893986543 -0.35530812647148363 -2.0005326198715681)
(0.46085953658243844 -0.19356534654761207 -2.0005168978840304)
(2 -0.53939621265591065 -2.0054236437763717)
(-2 4.3162792780383104e-07 -2.0054667042015479)
(-0.49998804301877364 -0.0018758370687295049 -2.0006291401242149)
(0.49998904629279289 -0.0019074188670975124 -2.0005098460172386)
(2 2.2776127854863838e-06 -2.0054624558240324)
(-2 0.53939877177380513 -2.0054272367925923)
(-0.46259441966585635 0.18892221239922449 -2.0006240694020185)
(-0.35530522339737142 0.35152947495897552 -2.0006095008485678)
(0.35355563720235406 0.35355114352727551 -2.0005245350671963)
(0.46214858820899607 0.19030789581738222 -2.0005127602263206)
(2 0.53939692962002983 -2.0054227565030023)
(-2 1.0545863984869011 -2.0051929745768136)
(-0.19356204109541983 0.46086099646062578 -2.0005887591342288)
(-0.0019030998251194458 0.49998908748761806 -2.0005654809073552)
(0.190312577682658 0.46214669370156364 -2.0005431081026002)
(2 1.0545835531978474 -2.0051889958072522)
(-2 2 -2.0020129341745538)
(-1.5378327916337398 2 -2.0043054046865763)
(-2 1.5378352393160362 -2.0043055291813072)
(-1.0545827259789724 2 -2.0051929502515518)
(-0.53939537367054979 2 -2.0054273625909844)
(-2.1395219673260161e-07 2 -2.0054668891068053)
(0.53939822109335234 2 -2.0054274274667523)
(1.0545860143383352 2 -2.0051931134560501)
(2 2 -2.0020129341745538)
(1.5378350450711651 2 -2.0043055976387039)
(2 1.5378330912105473 -2.0043031465270431)
(-2 -2 -1.5006075729462927)
(-1.537950918481799 -2 -1.5016947299701033)
(-2 -1.5379441560072562 -1.5016959357976518)
(-1.0547462631686935 -2 -1.5021727628611501)
(-0.53951990406679007 -2 -1.5023262319845685)
(2.6483339083952166e-06 -2 -1.5023513601798346)
(0.53951681667372731 -2 -1.5023247630994514)
(1.0547456169399474 -2 -1.5021710731428148)
(2 -2 -1.5006075729462927)
(1.5379448561073834 -2 -1.5016934061785234)
(2 -1.5379509382070342 -1.501694724175511)
(-2 -1.0547440568897553 -1.5021756791778678)
(-0.19204696388608281 -0.46099017415054455 -1.5001167506079058)
(-0.0018679073470023674 -0.49998766502651504 -1.500101514606172)
(0.18893198384744153 -0.46259356870967644 -1.5000901015696337)
(2 -1.0547462963455445 -1.5021727572382797)
(-2 -0.53951429507618975 -1.5023305666982427)
(-0.46099000442304172 -0.19204736372550799 -1.5001447057792994)
(-0.35355283060485904 -0.35355395064168926 -1.5001313453814733)
(0.35153675127250894 -0.35530011104256226 -1.500081711066654)
(0.4608637120026417 -0.1935554391625969 -1.5000788612451872)
(2 -0.5395199418758021 -1.5023262328125491)
(-2 3.3928476226765385e-06 -1.502357465436396)
(-0.49998766286420282 -0.0018680647688925727 -1.5001554744705123)
(0.49998902350821106 -0.0018989390365030925 -1.50008277715924)
(2 2.6108149841417194e-06 -1.5023513682851102)
(-2 0.53952292490681197 -1.5023317796575146)
(-0.46259352705775009 0.18893208528081779 -1.5001595220955863)
(-0.35529987664390866 0.35153698837265096 -1.5001584088444448)
(0.35355450582926934 0.35355227530641525 -1.5001080772097997)
(0.46214657140172555 0.19031277415919082 -1.5000932105064799)
(2 0.5395167804640898 -1.5023247749885487)
(-2 1.0547485006382293 -1.5021769589437155)
(-0.19355481166824681 0.46086397531246437 -1.5001516562739357)
(-0.0018976820499585266 0.49998902787967076 -1.5001398770422378)
(0.19031448793817865 0.46214586641147604 -1.5001245479851921)
(2 1.0547455858646613 -1.502171084664663)
(-2 2 -1.5006075729462927)
(-1.5379442352855872 2 -1.5016959219964783)
(-2 1.5379520649143736 -1.501696960561542)
(-1.0547442119339097 2 -1.5021756615006792)
(-0.53951450986943428 2 -1.5023305585162894)
(3.1552411985947557e-06 2 -1.5023574737049121)
(0.53952271203232693 2 -1.5023318008044688)
(1.0547483478855921 2 -1.5021769827131903)
(2 2 -1.5006075729462927)
(1.5379519870851421 2 -1.5016969758286511)
(2 1.5379448376245963 -1.5016934133699462)
(-2 -2 -1.0001151524082839)
(-1.5380083347814715 -2 -1.0005922019128111)
(-2 -1.5380013378629125 -1.0005929065578867)
(-1.054825820042228 -2 -1.0008145933145352)
(-0.53957687205849869 -2 -1.0009002210454565)
(2.7585885936469872e-06 -2 -1.0009159512941521)
(0.5395737942815908 -2 -1.0008987235195121)
(1.054825233871467 -2 -1.0008128874758266)
(2 -2 -1.0001151524082839)
(1.5380022452567434 -2 -1.0005908444306151)
(2 -1.5380083291034004 -1.0005922016241109)
(-2 -1.0548234198941306 -1.0008173737967336)
(-0.19204532766635574 -0.46098962265707655 -1.0000031679735264)
(-0.0018654949436456396 -0.49998807552103841 -0.99999563453191687)
(0.18893427742707364 -0.46258947542538886 -0.99998508531349539)
(2 -1.0548258067154106 -1.0008145930376107)
(-2 -0.53957091580257843 -1.0009057381008903)
(-0.46100751093910586 -0.19205408904431678 -1.0000299396730969)
(-0.35355361049962164 -0.35355320635044224 -1.0000199011721453)
(0.35153914845676604 -0.35529564401889824 -0.99997990255670377)
(0.46086557445738974 -0.19355112919617076 -0.99997803940101293)
(2 -0.53957685041930614 -1.0009002206327298)
(-2 9.1012899581542731e-07 -1.0009245813903664)
(-0.49998828555821817 -0.0018682163073301386 -1.0000430974148535)
(0.49998911043994165 -0.0018952145902421205 -0.99998508245362472)
(2 2.7839683705758835e-06 -1.0009159502646383)
(-2 0.539580508224764 -1.0009083332092992)
(-0.46259150402532773 0.1889336253625174 -1.0000498711590931)
(-0.35529738706846509 0.3515390232902359 -1.0000527954509668)
(0.35355397366452157 0.35355280753345719 -1.0000137011454655)
(0.46214570495382085 0.19031497357556362 -0.99999774123495844)
(2 0.53957381553865591 -1.000898722134185)
(-2 1.0548284827916128 -1.0008201297472477)
(-0.1935519786104157 0.46086514510031051 -1.0000505090279603)
(-0.0018954556519708984 0.4999890829367038 -1.0000425813669735)
(0.19031528265270356 0.46214554486085058 -1.0000324066410173)
(2 1.0548252467175963 -1.0008128865457306)
(-2 2 -1.0001151524082839)
(-1.5380013624024609 2 -1.000592901341629)
(-2 1.5380095873037214 -1.0005947718999122)
(-1.0548234683692506 2 -1.0008173661224038)
(-0.53957098385320712 2 -1.0009057321685282)
(8.340936316988481e-07 2 -1.000924580423082)
(0.53958043989494886 2 -1.0009083374202159)
(1.0548284339016114 2 -1.0008201362737346)
(2 2 -1.0001151524082839)
(1.5380095625116119 2 -1.0005947765734513)
(2 1.5380022506135056 -1.0005908441575995)
(-2 -2 -0.50001192916962922)
(-1.5380346756267416 -2 -0.50017227301261746)
(-2 -1.5380275154445269 -0.50017145023429599)
(-1.0548606167293197 -2 -0.50024922060252708)
(-0.5396009775238696 -2 -0.50028721383921904)
(2.8029651025855157e-06 -2 -0.50029358790173784)
(0.53959786566945822 -2 -0.50028599368757642)
(1.0548600489207649 -2 -0.50024793897107633)
(2 -2 -0.50001192916962922)
(1.5380285698308578 -2 -0.50017121273080889)
(2 -1.5380346696762686 -0.5001722740744714)
(-2 -1.0548578616455195 -0.50025072317951647)
(-0.19206458868121401 -0.4610343244745343 -0.49998633250618485)
(-0.0018696840317398232 -0.4999888430818023 -0.49997728545114312)
(0.1889327227342544 -0.46258525471339101 -0.49996653545061465)
(2 -1.0548606040707638 -0.50024922223064883)
(-2 -0.53959441790062279 -0.50029349919490651)
(-0.46102567256555715 -0.19206227177796414 -0.50000958726498701)
(-0.35355221682248678 -0.35355465072275394 -0.50000018034919347)
(0.3515401226908399 -0.3552939043163415 -0.49996221243522393)
(0.46086655025199952 -0.19354923851064071 -0.49996066798172678)
(2 -0.5396009585036774 -0.50028721499075735)
(-2 1.6124959705122445e-06 -0.50030487689592018)
(-0.49998864337707577 -0.0018699373388389815 -0.50002281708196183)
(0.49998923634678899 -0.0018934214107497614 -0.49996808571879636)
(2 2.8247493468472543e-06 -0.50029358761596332)
(-2 0.53960510214177704 -0.50029779819440556)
(-0.46259039808688507 0.18893364163406032 -0.50002996818215617)
(-0.3552958075147391 0.3515398735461025 -0.50003407660942989)
(0.35355387923659531 0.35355290196927391 -0.4999973015680671)
(0.46214533054211421 0.19031599499727922 -0.4999810492459385)
(2 0.53959788460280844 -0.50028599203498547)
(-2 1.0548634100541354 -0.50025518153260295)
(-0.19355005499992303 0.46086593064837361 -0.50003271958119677)
(-0.0018937894457181368 0.49998921428698467 -0.50002563658493382)
(0.19031607980073992 0.46214526127200672 -0.50001597736921066)
(2 1.0548600614639503 -0.50024793700875037)
(-2 2 -0.50001192916962922)
(-1.5380275225721836 2 -0.50017144874918684)
(-2 1.538035992103205 -0.50017412314989351)
(-1.0548578758209357 2 -0.50025072098377132)
(-0.53959443794335871 2 -0.50029349748877061)
(1.5900432931798402e-06 2 -0.50030487662419776)
(0.53960508203922086 2 -0.50029779941573149)
(1.0548633957836766 2 -0.50025518340649688)
(2 2 -0.50001192916962922)
(1.5380359849199932 2 -0.50017412448299381)
(2 1.5380285757061578 -0.50017121151375243)
(-2 -2 0)
(-1.5380421664234403 -2 -6.365056970889251e-07)
(-2 -1.538034883636749 6.7340553520088672e-07)
(-1.0548703448500334 -2 -5.2114738914475411e-06)
(-0.53960769419604171 -2 5.2278366439784181e-06)
(2.8228534992297874e-06 -2 9.5555298325075905e-06)
(0.53960454140491321 -2 5.1994553671151155e-06)
(1.0548697870635895 -2 -4.7255525417341173e-06)
(2 -2 0)
(1.5380360433055154 -2 -4.080352412915635e-07)
(2 -1.5380421649258846 -6.3756878163257478e-07)
(-2 -1.0548671819404667 1.0350966724138658e-05)
(-0.19206879317187256 -0.46104148189290722 1.1336828074153192e-05)
(-0.0018709850417519399 -0.49998881914170568 2.3132700534502821e-05)
(0.18893465562677386 -0.46259202332702754 3.1742539686224728e-05)
(2 -1.0548703415338907 -5.2130747537507316e-06)
(-2 -0.53960026361424551 9.1377337575479648e-07)
(-0.46104155395148905 -0.19206861869995079 -1.2300382981264256e-05)
(-0.35355384993178995 -0.35355293125421761 -1.9057756818811999e-06)
(0.351539778790805 -0.35529448398503094 3.6103567302569941e-05)
(0.46086647963007921 -0.1935490674756376 3.7966010647990026e-05)
(2 -0.53960768903513812 5.2266316714384669e-06)
(-2 2.326336999511852e-06 -2.8303826051019166e-06)
(-0.49998881960713831 -0.0018708585044190473 -2.3997204863138336e-05)
(0.49998928792845249 -0.0018931615395970278 3.0984554101882216e-05)
(2 2.8288409194798757e-06 9.5555262688294107e-06)
(-2 0.53961198544189204 -3.9438898626135681e-06)
(-0.46259197118584822 0.18893478227692603 -3.2222684809668259e-05)
(-0.35529432606519418 0.35153993734272665 -3.601230175544073e-05)
(0.35355401336474873 0.35355276782054473 2.0888918948316547e-06)
(0.46214529038002333 0.19031610372753571 1.8272875898720152e-05)
(2 0.53960454653282752 5.200653860083265e-06)
(-2 1.0548729547279116 5.4231860499911299e-06)
(-0.1935487666442543 0.46086660571806043 -3.457940125217465e-05)
(-0.0018926993054565364 0.49998928959627981 -2.9823564174365512e-05)
(0.19031665661079289 0.46214506386506393 -1.6874584963951089e-05)
(2 1.0548697903362654 -4.7239555545878412e-06)
(-2 2 0)
(-1.5380348869286418 2 6.7340526949844367e-07)
(-2 1.538043319431776 6.7603455379406019e-07)
(-1.0548671885282681 2 1.0350968586872292e-05)
(-0.53960027298951008 2 9.1377485088200268e-07)
(2.315809492184253e-06 2 -2.8303840539910371e-06)
(0.53961197604700373 2 -3.9438891072550213e-06)
(1.0548729481051931 2 5.4231842735560052e-06)
(2 2 0)
(1.5380433161205516 2 6.760348520243348e-07)
(2 1.5380360447747816 -4.0697374929577506e-07)
(-2 -2 0.50001192916962922)
(-1.5380348708918195 -2 0.50017416004012527)
(-2 -1.5380275608393368 0.50017385823394178)
(-1.0548609762984429 -2 0.50025535212016281)
(-0.53960134855523323 -2 0.50029874774711991)
(2.8127021744137559e-06 -2 0.50030776346379435)
(0.53959826177118142 -2 0.50029809222630672)
(1.0548604425689638 -2 0.50025490355337232)
(2 -2 0.50001192916962922)
(1.538028792824006 -2 0.50017370839836628)
(2 -1.5380348762030538 0.50017415832836665)
(-2 -1.0548575612752871 0.50025268375726561)
(-0.19206245746025216 -0.46102559513659025 0.50000922939217418)
(-0.0018701140325631332 -0.4999886428912842 0.50002282016112753)
(0.18893348050888714 -0.4625904641193741 0.50003038346097273)
(2 -1.0548609866396483 0.50025534958875872)
(-2 -0.53959349011885449 0.50029104493872234)
(-0.46103435580192154 -0.19206451147709272 0.49998448929081651)
(-0.353554756214847 -0.35355211112602819 0.49999916462406674)
(0.35153972506252129 -0.35529595555894766 0.50003490125406602)
(0.46086583002564002 -0.19355029481299249 0.50003387393367671)
(2 -0.53960136283325222 0.50029874578902356)
(-2 5.6993569018855139e-06 0.50029673499137783)
(-0.49998884341359873 -0.0018696281505562976 0.49997200696460248)
(0.49998921287915904 -0.001894171326350182 0.50002974518295462)
(2 2.7968435348077507e-06 0.50030776316605874)
(-2 0.539605467386018 0.50028827580818425)
(-0.4625852141169351 0.18893282134621869 0.49996109013926582)
(-0.35529374886892107 0.35154027977510244 0.49995743060780579)
(0.35355327779352791 0.35355350341294978 0.49999818332112395)
(0.4621454519911653 0.19031561400973054 0.50001716031190868)
(2 0.5395982473983586 0.50029809366841049)
(-2 1.0548632539937384 0.50024942558597707)
(-0.19354893147940411 0.46086667877766296 0.499959591135819)
(-0.0018929939331411424 0.49998923822021557 0.4999679675594747)
(0.1903164479231314 0.46214514503182014 0.49998163697967574)
(2 1.054860432116153 0.50025490573886122)
(-2 2 0.50001192916962922)
(-1.5380275679651345 2 0.5001738567489924)
(-2 1.5380358158534571 0.50017231178467858)
(-1.0548575754471414 2 0.50025268156210012)
(-0.53959351015656543 2 0.50029104323285223)
(5.6769099594428111e-06 2 0.5002967347146271)
(0.53960544728851623 2 0.50028827702874212)
(1.0548632397267748 2 0.50024942745918388)
(2 2 0.50001192916962922)
(1.538035808671955 2 0.50017231311734434)
(2 1.538028787437115 0.50017370995035748)
(-2 -2 1.0001151524082839)
(-1.5380085272511685 -2 1.0005948055885696)
(-2 -1.5380012431207606 1.0005926497094542)
(-1.0548262576555731 -2 1.0008202399400739)
(-0.53957720920532948 -2 1.000908749800216)
(2.8023406533580665e-06 -2 1.0009257635586724)
(0.53957421960621588 -2 1.0009076049438661)
(1.0548257531745766 -2 1.0008190537032822)
(2 -2 1.0001151524082839)
(1.5380024936327819 -2 1.0005938269095485)
(2 -1.5380085495126374 1.0005948008377985)
(-2 -1.0548229211114424 1.0008158910640825)
(-0.19205424730747434 -0.46100744573601893 1.0000296831101936)
(-0.001868402216274833 -0.49998828511674048 1.0000432316598793)
(0.18893344344620658 -0.46259157856547245 1.0000502202493262)
(2 -1.0548263012167276 1.0008202329968363)
(-2 -0.53956979539521244 1.000901703323958)
(-0.46098966998544688 -0.19204521443562861 1.0000005746026486)
(-0.35355331000453932 -0.35355350665902646 1.000018705248769)
(0.35153886816956659 -0.35529754061656521 1.0000535178585683)
(0.46086503709360893 -0.1935522358013434 1.0000514907744804)
(2 -0.53957726967810804 1.0009087444311502)
(-2 5.177781840309117e-06 1.0009177961872866)
(-0.49998807618912977 -0.001865362698585809 0.99998896349416877)
(0.49998908144271881 -0.0018958326032653947 1.000046210769818)
(2 2.7350147929873384e-06 1.0009257625054819)
(-2 0.53958091374247952 1.0009009440029621)
(-0.46258940913096669 0.1889344398130037 0.99997784555433322)
(-0.3552954769474902 0.35153931784155179 0.99997324699403156)
(0.35355309762590259 0.35355368357302114 1.0000137261629236)
(0.4621457004710639 0.19031490241024762 1.0000301507399461)
(2 0.53957415874023085 1.0009076084849287)
(-2 1.054828257117659 1.0008148253459996)
(-0.19355086172133179 0.46086568643386966 0.99997540019879805)
(-0.001894860177007083 0.49998911214671077 0.99998369606056148)
(0.19031534353579424 0.46214555380887617 0.99999716339382649)
(2 1.0548257091441908 1.0008190594151096)
(-2 2 1.0001151524082839)
(-1.5380012676533497 2 1.0005926444930593)
(-2 1.538009404940013 1.0005922745030005)
(-1.0548229695730762 2 1.0008158833905725)
(-0.53956986342696656 2 1.0009016973923606)
(5.1017677472936197e-06 2 1.0009177952069548)
(0.5395808454315304 2 1.0009009482126203)
(1.0548282082409204 2 1.0008148318709795)
(2 2 1.0001151524082839)
(1.5380093801545331 2 1.0005922791755388)
(2 1.538002471053378 1.0005938310881126)
(-2 -2 1.5006075729462927)
(-1.5379510890722661 -2 1.5016970112883608)
(-2 -1.5379439239667116 1.5016948096777285)
(-1.05474648112502 -2 1.5021770509800569)
(-0.53952000333227423 -2 1.5023319046840786)
(2.7602312993601652e-06 -2 1.5023575705963426)
(0.53951712022477338 -2 1.5023305875356341)
(1.0547459879768284 -2 1.5021755850330833)
(2 -2 1.5006075729462927)
(1.5379451127954027 -2 1.5016958508679021)
(2 -1.5379511617277901 1.5016969990768372)
(-2 -1.0547435718901137 1.5021732573165558)
(-0.19204764783788916 -0.46098988660970919 1.5001444093649929)
(-0.001868397956649232 -0.49998766161547054 1.5001555671347051)
(0.1889317187939567 -0.46259367703420401 1.5001598334866397)
(2 -1.0547466219247885 1.5021770357884761)
(-2 -0.53951355289466907 1.5023267736525585)
(-0.46099031043986161 -0.19204663527934515 1.5001142002409777)
(-0.35355418142823447 -0.35355259981649961 1.5001301738541948)
(0.35153662727521978 -0.35530023353673873 1.5001590593270242)
(0.46086372978279433 -0.19355539686846548 1.5001524288990324)
(2 -0.53952019623639202 1.5023318984212304)
(-2 4.1239738632812823e-06 1.5023526904557698)
(-0.49998766640179043 -0.001867529789199933 1.5000977202515198)
(0.49998902521082295 -0.0018984192896118093 1.5001403739572832)
(2 2.5477450348294742e-06 1.5023575786947325)
(-2 0.53952319109865399 1.5023269436780995)
(-0.46259342453234575 0.18893233621711672 1.5000857279939341)
(-0.35529981657472864 0.35153704930225843 1.5000777018145957)
(0.35355286534825231 0.3535539157899491 1.5001075214677326)
(0.46214617203518121 0.19031374303590212 1.5001246741675232)
(2 0.53951692892379355 1.5023306065177604)
(-2 1.0547483513784737 1.5021731365009838)
(-0.19355494923454442 0.46086391755525752 1.5000759308220213)
(-0.0018982626246824424 0.49998902598435613 1.5000809399095894)
(0.19031351335578547 0.46214626809643478 1.5000920233507982)
(2 1.0547458493115967 1.502175606116078)
(-2 2 1.5006075729462927)
(-1.5379440032194573 2 1.501694795877619)
(-2 1.5379518733323307 1.5016949004935083)
(-1.0547437268841529 2 1.5021732396440315)
(-0.53951376761830516 2 1.5023267654755568)
(3.8864431159903954e-06 2 1.5023526987253888)
(0.53952297828958629 2 1.502326964821658)
(1.0547481986708529 2 1.5021731602653263)
(2 2 1.5006075729462927)
(1.5379517955253119 2 1.5016949157570825)
(2 1.5379450414003262 1.5016958644726766)
(-2 -2 2.0020129341745538)
(-1.5378342456741647 -2 2.004305665749369)
(-2 -1.5378323447712476 2.0043045437207549)
(-1.0545843505646173 -2 2.0051931928831928)
(-0.53939579861277043 -2 2.0054273472414841)
(2.8629726584892141e-06 -2 2.0054663978910554)
(0.53939753196099183 -2 2.0054264235241268)
(1.0545840501979715 -2 2.0051918697042468)
(2 -2 2.0020129341745538)
(1.5378333822894084 -2 2.00430472527405)
(2 -1.5378344757693689 2.0043056594380695)
(-2 -1.0545819132888778 2.0051911823999786)
(-0.19205157515480148 -0.46098703976799998 2.0006284282629645)
(-0.0018768670412423866 -0.4999880389197926 2.0006296472114178)
(0.18892096893733093 -0.46259492906506666 2.0006249014227144)
(2 -1.054584783288179 2.0051932264711274)
(-2 -0.53939435434018113 2.0054247422895184)
(-0.46100581788954204 -0.1920581909218447 2.0005981649184501)
(-0.35355521170912363 -0.35355162538456392 2.0006132356764801)
(0.35152821376683663 -0.35530647150639472 2.0006105995189603)
(0.46086013088318684 -0.1935641044713636 2.0005898983180224)
(2 -0.53939636155818704 2.0054274642469094)
(-2 7.385584683690707e-07 2.0054637636356318)
(-0.49998825618280962 -0.0018776174574063858 2.0005734986334121)
(0.49998907878415882 -0.0019057468534990781 2.0005663098459943)
(2 2.281201094186084e-06 2.0054665821291939)
(-2 0.53939882943872985 2.0054243804934706)
(-0.46259631200831963 0.18892189669395718 2.0005506883387878)
(-0.35530701242131207 0.35152930415957012 2.0005293154135333)
(0.35355330897158688 0.35355347177023394 2.0005239877020595)
(0.46214781336571281 0.19030985771763417 2.0005433614148758)
(2 0.53939703620213542 2.0054266092057329)
(-2 1.05458627082977 2.0051907380827618)
(-0.19356344469784584 0.4608603347145605 2.0005141215669773)
(-0.001904870168192789 0.49998905437406344 2.0005078041318232)
(0.19031060077012041 0.46214747438359194 2.0005114344246353)
(2 1.0545837016565249 2.0051920026532906)
(-2 2 2.0020129341745538)
(-1.5378325915822844 2 2.0043045337957563)
(-2 1.5378351124281369 2.0043043183442246)
(-1.0545823822079978 2 2.0051912104151066)
(-0.53939497254113355 2 2.0054248552559524)
(9.3320116825983823e-08 2 2.0054639485809531)
(0.53939827902135629 2 2.0054245711642675)
(1.0545858868407909 2 2.0051908769428377)
(2 2 2.0020129341745538)
(1.5378349182547493 2 2.0043043867885677)
(2 1.5378332043561209 2.0043047900718571)
(-2 -2 2.5063842584636884)
(-1.5376355278807248 -2 2.5099114260927364)
(-2 -1.5376338500432429 2.5099112716304015)
(-1.0542826976598065 -2 2.5112521954006528)
(-0.53916774482571383 -2 2.5115836903586644)
(4.6021994418812164e-06 -2 2.511634517749413)
(0.53917269006628854 -2 2.5115825186037304)
(1.0542844656778145 -2 2.5112506592575961)
(2 -2 2.506384258463688)
(1.537635590448216 -2 2.5099104324891837)
(2 -1.5376363154011337 2.5099116207772671)
(-2 -1.0542806091215038 2.5112517849901592)
(-0.19208220937380985 -0.46102706970705132 2.5023737087326809)
(-0.0019032880873542848 -0.49998875556506012 2.502350563020705)
(0.18889262957462949 -0.46260169850756228 2.5023112858073175)
(2 -1.054284091408918 2.5112528143969777)
(-2 -0.53916662733520027 2.5115828192367426)
(-0.46102010523199971 -0.19207577613851315 2.5023433698496897)
(-0.35355449511856524 -0.35355245820555048 2.5023659566075112)
(0.35150692244180082 -0.35532679061662703 2.5022546360671152)
(0.46084982996340124 -0.19358909253159168 2.5021932004327212)
(2 -0.53916933940700251 2.5115848939210297)
(-2 2.4973345665173949e-06 2.5116333453774407)
(-0.49998856104266592 -0.0018988638560072386 2.5022950970795526)
(0.49998913210300283 -0.0019270583013212253 2.5021364476360342)
(2 3.2676094629963086e-06 2.5116360736099592)
(-2 0.53917391531765857 2.5115814373296472)
(-0.46260484676355368 0.18889840939569885 2.5022371576374591)
(-0.35532426631639169 0.35151114183125554 2.5021737101521939)
(0.35355627180823385 0.3535505044060373 2.5020661869634702)
(0.46215291725230662 0.1902975787860729 2.5020926333463946)
(2 0.53917182485359583 2.5115839197748211)
(-2 1.0542867069997868 2.5112499834996638)
(-0.19358303800562651 0.46085209268056221 2.5021178178347308)
(-0.0019191856916261547 0.49998913479527712 2.5020782585761636)
(0.19030563006258516 0.46214956431564436 2.5020609317277129)
(2 1.0542839919611371 2.5112515613417314)
(-2 2 2.5063842584636884)
(-1.5376346711386324 2 2.5099114595238974)
(-2 1.5376373507423839 2.5099101574441098)
(-1.0542820757415541 2 2.5112523945618093)
(-0.53916833259886021 2 2.5115840178250792)
(1.0375391898371785e-06 2 2.5116349052919507)
(0.5391729440258668 2 2.5115828489816545)
(1.0542861658411105 1.9999999999999998 2.5112508962151727)
(2 2 2.5063842584636884)
(1.5376371078366839 2 2.5099105586100352)
(2 1.5376353778725227 2.5099108275027646)
(-2 -2 3.014772521789931)
(-1.5373101826360918 -2 3.0203058785690033)
(-2 -1.5373086182481976 3.0203062866991215)
(-1.0537788902575611 -2 3.0221556035813895)
(-0.53878251135454069 -2 3.0226180012678641)
(1.2088327499711766e-05 -2 3.0227095491236717)
(0.53880456372754071 -2 3.0226144306917742)
(1.0537918347366184 -2 3.0221510980809825)
(2 -2 3.014772521789931)
(1.5373153945356031 -2 3.0203030593208462)
(1.9999999999999987 -1.5373130796624896 3.0203073288583817)
(-2 -1.0537768423974343 3.0221561035991669)
(-0.19210946066021994 -0.4610245473997977 3.0077252927508629)
(-0.0019486175183504799 -0.49998854784652413 3.0076412567897433)
(0.18884086178466064 -0.4626305328152352 3.0075028821799421)
(1.9999999999999958 -1.0537836592791849 3.0221593934033475)
(-2 -0.53878112252936161 3.0226181050087031)
(-0.46102899364369021 -0.19209895863336257 3.0076948553684248)
(-0.3535574695867596 -0.35354934878863009 3.0077422142604622)
(0.3514615413247818 -0.35537202198507623 3.0073310157195943)
(0.46082690202926663 -0.19364339286991028 3.0071592917308956)
(1.9999999999999982 -0.53878707885792831 3.0226245999305568)
(-2 1.3035364448961107e-05 3.0227092015889458)
(-0.49998861006886325 -0.0019360296535227482 3.007584548098523)
(0.49998901746187707 -0.0019738297490178927 3.0070165331538345)
(1.9999999999999982 9.7136730913211201e-06 3.0227176873047839)
(-2 0.53880633284663704 3.0226138715562851)
(-0.46262447081718022 0.18885553379131947 3.0074288145785855)
(-0.35535752148229499 0.35147614190160692 3.0072505267539378)
(0.35356609080146478 0.35354065890728059 3.0068768687866538)
(0.46216487177088439 0.19026852620253451 3.0069207223424126)
(1.9999999999999978 0.53880463697373759 3.0226216798745833)
(-2 1.0537944229662328 3.0221506058088066)
(-0.19361941416071707 0.46083695696406635 3.0070837585449075)
(-0.0019428889814933376 0.49998910993302553 3.0069577198103272)
(0.19030112469177521 0.46215143646474133 3.0068886718556356)
(1.9999999999999947 1.0537929961134616 3.0221557959314582)
(-2 2 3.014772521789931)
(-1.5373115636597914 1.9999999999999987 3.0203077260311249)
(-2 1.537317316892771 3.0203027716053574)
(-1.0537817163682377 1.9999999999999956 3.0221598818091953)
(-0.5387858468295228 1.999999999999998 3.0226247042297931)
(1.048920273062023e-05 1.9999999999999982 3.0227173556559936)
(0.5388062689667974 1.9999999999999982 3.0226211428146712)
(1.0537955030746768 1.9999999999999944 3.022155321326025)
(2 2 3.014772521789931)
(1.5373181526445685 1.9999999999999987 3.020304860679754)
(1.9999999999999989 1.5373162642945466 3.0203051393916409)
(-2 -2 3.534027052409221)
(-1.5368202949152487 -2 3.537618713415521)
(-2 -1.5368185141149964 3.5376190176066822)
(-1.0530414223208058 -2 3.5394513414784821)
(-0.53821621370903072 -2 3.540206368431515)
(4.7335006010289441e-05 -2 3.5404235199748735)
(0.53829942120718977 -2 3.5401949532697481)
(1.0530945904926388 -2 3.539436574146158)
(2 -2 3.5340270524092201)
(1.5368441746820152 -2 3.5376092701857691)
(1.9999999999999429 -1.5368303634393752 3.537625087670127)
(-2 -1.0530388760351792 3.539451791399244)
(-0.19213539091808346 -0.4609948730705411 3.5217137180566453)
(-0.0020072446149336678 -0.49998806946470614 3.5214780771527772)
(0.18876265380198148 -0.46266073563284088 3.521102192461965)
(1.9999999999997473 -1.0530571282646168 3.5394664680343348)
(-2 -0.53821387897969197 3.5402066070816978)
(-0.4610144848128267 -0.19211081148999379 3.5216839270711748)
(-0.35356545441041654 -0.35354069384561304 3.5217831324064957)
(0.35139502488854124 -0.35543952802427314 3.5206484794133486)
(0.46079342050822797 -0.19372276957319523 3.5202153475025861)
(1.9999999999997058 -0.53822914435883251 3.540231239069433)
(-2 4.9611751087330151e-05 3.5404235700606259)
(-0.49998827256557943 -0.0019722727484777327 3.5214269957026363)
(0.49998861795936239 -0.0020402433996473891 3.5198855440938641)
(1.9999999999998075 4.4592380036304525e-05 3.5404535849808374)
(-2 0.53830246070387888 3.5401949750741313)
(-0.46263817884023178 0.18880408405619961 3.5210329337373305)
(-0.35539510596244139 0.35143812671278479 3.5205726667901707)
(0.3535917045224754 0.35351502294242682 3.519622426206372)
(0.4621837527591583 0.19022246690279959 3.5196957928207748)
(1.9999999999996787 0.53830678740766658 3.5402220250772838)
(-2 1.0530981292294868 3.5394366397472634)
(-0.19365103981431289 0.46082374319566466 3.520144164549655)
(-0.0019472002312249475 0.49998888736297409 3.5198300791002937)
(0.19032079131688812 0.46214324994680006 3.5196577119794048)
(1.9999999999997551 1.0531052053399472 3.5394547132763128)
(-2 2 3.534027052409221)
(-1.5368285981079683 1.9999999999999427 3.5376253734123808)
(-2 1.5368466136505987 3.5376093072401007)
(-1.0530546272146089 1.9999999999997471 3.5394669008573598)
(-0.53822691160245584 1.9999999999997049 3.5402314787322582)
(4.6740547581558889e-05 1.9999999999998073 3.5404536717473412)
(0.53830976425089583 1.9999999999996778 3.5402221001970058)
(1.0531087475891225 1.9999999999997546 3.5394548136687991)
(2 2 3.5340270524092205)
(1.5368535366131102 1.9999999999999789 3.5376177457542282)
(1.9999999999999805 1.5368510825160526 3.5376176924758078)
(-2 -2 4.0530998472953534)
(-1.5362625444912437 -2 4.0604772358850063)
(-2 -1.5362601847618944 4.0604768945138314)
(-1.0521386951021026 -2 4.0631720861695548)
(-0.53750022313478585 -2 4.0644731414833899)
(0.00013777410792927469 -2 4.0649528472882448)
(0.53774115970943437 -2 4.0644456863811209)
(1.0522964254981066 -2 4.0631358313381343)
(2 -2 4.0530998472953534)
(1.536335230872603 -2 4.060453240482512)
(1.9999999999928397 -1.5362924004740597 4.0604968218100685)
(-2 -1.0521352524253771 4.0631717435961319)
(-0.19209069113845431 -0.46098848236383377 4.0531487960470614)
(-0.0019707620195908212 -0.49998610589649517 4.0526016360428434)
(0.18876554379533453 -0.46265989054422996 4.0516903478175577)
(1.9999999999914959 -1.0521836298602389 4.0632162053338776)
(-2 -0.53749673622110394 4.0644728970642454)
(-0.46099377229631944 -0.19202551607141452 4.0531217760163436)
(-0.35357137173512698 -0.35352882873613645 4.053312742555887)
(0.35138664499038358 -0.35544809132340316 4.0505806933388433)
(0.46079558177585156 -0.19371422697315202 4.0495781594866314)
(1.999999999980858 -0.53753392938234767 4.0645427299872354)
(-2 0.00014151212444782173 4.0649530528651345)
(-0.49998600624428852 -0.0018883972244548453 4.0525525511348244)
(0.49998677553284815 -0.0020130281618211056 4.0489252054303622)
(1.9999999999871441 0.00013744466991881212 4.0650360025610324)
(-2 0.53774583257366648 4.0644464813945058)
(-0.46261622703933741 0.18886744854511325 4.0516249132333879)
(-0.35534249356921044 0.35149124147196747 4.0505057075961108)
(0.35364612687062319 0.35345893872272593 4.0485693709722721)
(0.46218175182772786 0.1902235465356435 4.048642841712323)
(1.9999999999798657 0.53777290557457491 4.064521845854201)
(-2 1.0523015490884109 4.0631368200915929)
(-0.19353861807899098 0.46086889140877763 4.049502879735881)
(-0.0017895749253243004 0.49998711249625899 4.048861193478781)
(0.19045743449869582 0.46208516742167166 4.0486057102894604)
(1.9999999999930866 1.052337542836707 4.0631888917646828)
(-2 2 4.0530998472953534)
(-1.5362898390015036 1.9999999999928348 4.0604964374846393)
(-2 1.5363387598531688 4.0604538169420961)
(-1.0521798445281876 1.9999999999914888 4.0632158082043279)
(-0.53753009415343345 1.9999999999808411 4.0645424750604713)
(0.00014148283988999245 1.9999999999871336 4.0650362616691789)
(0.53777791525784124 1.9999999999798492 4.0645227322241348)
(1.0523429955651511 1.9999999999930815 4.063189964280439)
(2 2 4.0530998472953534)
(1.5363655981892206 1.999999999992657 4.0604795125155393)
(1.9999999999926636 1.5363618757122079 4.0604788938928582)
(-2 -2 4.5948013963369778)
(-1.5355309795773335 -2 4.5885219008029088)
(-2 -1.5355283986035915 4.5885208603243361)
(-1.0510590905078445 -2 4.5897027696987456)
(-0.53664084404570755 -2 4.5919291899387948)
(0.00031116189461028511 -2 4.5928119718664373)
(0.53718024547000309 -2 4.5918805855244784)
(1.051413200851542 -2 4.5896358662604619)
(2 -2 4.594801396336976)
(1.5356975744242851 -2 4.5884800393352139)
(1.9999999996845961 -1.5356025688060209 4.5885686477796579)
(-2 -1.051051650732026 4.589692323152132)
(-0.19172142580963067 -0.46098982592539856 4.6143200750200943)
(-0.0014479961543980907 -0.4998739621864719 4.613312370497705)
(0.18923387645825926 -0.46236088994379776 4.6112193318457884)
(1.9999999998302016 -1.0511609909676982 4.5897912206398965)
(-2 -0.53663735735543472 4.5919282578015634)
(-0.46102989971737851 -0.19162867339575529 4.6143038588173919)
(-0.35347640939063196 -0.3534206189920529 4.6145712469681648)
(0.35173852428224262 -0.35498550095772691 4.6083959046137357)
(0.46095441905010692 -0.19314590472541057 4.6059578613110865)
(1.999999999351707 -0.53671668304587872 4.5920781019908414)
(-2 0.00031520198054074667 4.5928120008571423)
(-0.49987435407974784 -0.0013074090565745877 4.6132811397448474)
(0.49991255249853717 -0.0015409235960273935 4.6049685694394915)
(1.9999999995156277 0.00031749702513933443 4.5929886062993583)
(-2 0.5371923402358133 4.5918815809500479)
(-0.46228180186592188 0.18942236939511667 4.6111990060594756)
(-0.35478368034682201 0.35193886135712638 4.6083353664550897)
(0.35367848203178243 0.35327944514215603 4.605431478471341)
(0.46198537311356042 0.19046224316866947 4.605193051348925)
(1.999999999311072 0.53726521199680055 4.5920454595387641)
(-2 1.0514188375817011 4.5896298195288407)
(-0.19279308000054404 0.46109864659887217 4.6058776689597298)
(-0.0010799280645572553 0.49991006355369938 4.6048859218187737)
(0.19095912827220943 0.4617774101589609 4.6051379256241134)
(1.9999999998683065 1.0515203864513423 4.5897479943987305)
(-2 2 4.5948013963369778)
(-1.535599153867603 1.9999999996843387 4.5885674786937543)
(-2 1.5357023242023458 4.5884807206929112)
(-1.0511558482822676 1.9999999998300826 4.5897899309720369)
(-0.53671140022437325 1.9999999993511939 4.5920770978226928)
(0.00032326708372826284 1.9999999995152311 4.5929886960812949)
(0.53727875661198443 1.9999999993105273 4.5920466308862293)
(1.0515281540461405 1.9999999998681968 4.5897495394760206)
(2 2 4.5948013963369778)
(1.5357735272407838 1.9999999996273705 4.5885425093289438)
(1.9999999996276745 1.535768186286588 4.5885417077265034)
(-2 -2 5.1009025204832472)
(-1.5345835711530933 -2 5.1072509464725222)
(-2 -1.5345818615861873 5.1072496396938689)
(-1.0496374189647888 -2 5.1110322759531917)
(-0.53548045280536527 -2 5.1142478388067625)
(0.00053806835117995821 -2 5.1155376943950017)
(0.53641798093517801 -2 5.1141857005436648)
(1.0502612425122768 -2 5.1109481819363944)
(2 -2 5.1009025204832472)
(1.534875730323239 -2 5.1071927709102551)
(1.9999999925119032 -1.534719631355336 5.1073316184587965)
(-2 -1.0496353940797274 5.1110304869854799)
(-0.19002420148529858 -0.45894631485698872 5.2169383020818243)
(0.00053056870296198531 -0.4975700550623941 5.2171235678321697)
(0.19076515158133076 -0.45923204597429018 5.2121395085264277)
(2.0000000001772666 -1.0498362619698134 5.1111986004737586)
(-2 -0.53547887216977696 5.114246232269883)
(-0.45900498969933495 -0.18991987436114544 5.2169459001422691)
(-0.35147967159758564 -0.35141354935920088 5.2160381541766112)
(0.3523530116290241 -0.35176453090435356 5.2039776326510809)
(0.46051853148466837 -0.19056581017654214 5.1960214909329494)
(1.9999999880944859 -0.53562159969155843 5.1144932304450732)
(-2 0.0005408027067287923 5.1155368663739793)
(-0.49756556651608308 0.0007190039644484591 5.2171295076482327)
(0.4984783930040701 0.00031040211862090855 5.1956586188145097)
(1.9999999907828174 0.00055128269038774952 5.1158271282416425)
(-2 0.53642357793336992 5.1141857436055389)
(-0.45911087776752396 0.19102818841609331 5.212127009545072)
(-0.35145518425457939 0.35264870671332721 5.2039342511529076)
(0.35216312766077507 0.35146302622019915 5.203301140877918)
(0.45995885667890923 0.19040200574526533 5.2007461059784372)
(1.9999999870906107 0.53657999616024032 5.1144616145173165)
(-2 1.0502684759678227 5.1109481650637187)
(-0.18999164786516329 0.46072971423045966 5.1959223594855404)
(0.0011322681243556868 0.49844110938875247 5.1954289551642798)
(0.19128476133311012 0.45955458658979759 5.2006198837424185)
(2.0000000009869803 1.0504698395236918 5.1111563614568523)
(-2 2 5.1009025204832472)
(-1.5347159103273955 1.9999999925058034 5.107330050715742)
(-2 1.5348809758677702 5.1071923297292363)
(-1.0498305511478339 2.0000000001766285 5.1111964699304187)
(-0.53561544627678503 1.9999999880853183 5.1144914344584045)
(0.00055849470990100136 1.9999999907753181 5.1158263916908906)
(0.53658928240250625 1.9999999870805998 5.1144619705952978)
(1.0504796048756082 2.000000000988873 5.1111567035419707)
(2 2 5.1009025204832472)
(1.5350205007181426 1.999999990701008 5.1073018689734235)
(1.9999999907085217 1.535013999179033 5.1073020793338975)
(-2 -2 5.635221377560315)
(-1.5330298270285945 -2 5.615823145817961)
(-2 -1.5330295674650971 5.6158218432187308)
(-1.0471558354534611 -2 5.6165573396592476)
(-0.53360389764162808 -2 5.6202324098377563)
(0.00071733177536363591 -2 5.6217168047195161)
(0.5348556328368631 -2 5.6201780836072528)
(1.0479908339330455 -2 5.6164829925025046)
(2 -2 5.6352213775603124)
(1.5334216438041892 -2 5.6157798496515685)
(1.9999998717143352 -1.533230286315139 5.6159373388888856)
(-2 -1.0471560773203252 5.6165554300474758)
(-0.17683252918881584 -0.43844022495073892 5.8584274315729807)
(0.0070231975442633741 -0.47580463364582354 5.8718983805933203)
(0.18715587550768362 -0.43225522021411861 5.8643272141809408)
(2.0000000242131684 -1.04744916631122 5.6167732464829738)
(-2 -0.53360464686511566 5.6202303259454336)
(-0.43846549198350337 -0.17677645494155622 5.858493469350992)
(-0.33456354545548761 -0.33452661420545998 5.8549607596049906)
(0.34245224308076005 -0.33641015539264846 5.831452629221558)
(0.45141623120926283 -0.18468240816227424 5.8110260265100795)
(1.9999997899387023 -0.53381606009749083 5.62054078118787)
(-2 0.00071614110878972701 5.6217148320626622)
(-0.47577207290422047 0.0071795519284256724 5.8719394727366883)
(0.48846041176196942 0.010577571574735621 5.8027687740383405)
(1.9999997969902119 0.00072421412645694327 5.6220787149572509)
(-2 0.53486116251561266 5.6201763304624217)
(-0.43205226310692763 0.18738334368597542 5.8644719072036491)
(-0.33601310200478163 0.34275632016252716 5.8314405169612344)
(0.3362759607244038 0.33568045664608254 5.8553682024664111)
(0.44343888210198956 0.18499628609998719 5.8422784620721071)
(1.9999997450124876 0.53507686163561596 5.6205310302302491)
(-2 1.0479982152507556 5.6164807949544837)
(-0.18392783589986533 0.45160488705322221 5.8107268967252157)
(0.011635402867068654 0.48815619735719018 5.80263246827682)
(0.18681857365139817 0.44243542421811916 5.8407703783906495)
(2.0000000267181601 1.0482852879865923 5.6167605896747785)
(-2 2 5.635221377560315)
(-1.5332265421621081 1.9999998716167471 5.6159355080013693)
(-2 1.5334264727707692 5.6157778420632241)
(-1.0474430251950102 2.0000000242203919 5.6167707546564394)
(-0.53380881844582206 1.999999789759088 5.6205383936661386)
(0.00073091144095735797 1.9999997968235024 5.6220769237028421)
(0.5350888593884463 1.9999997448068194 5.6205298128624825)
(1.048297038729352 2.0000000267297637 5.616758980061185)
(2 2 5.6352213775603142)
(1.5336265239206068 1.9999998392045428 5.615935064833355)
(1.9999998393523879 1.5336195462547846 5.6159366596612488)
(-2 -2 6.0922218298170927)
(-1.5304471714831158 -2 6.0952130428366109)
(-2 -1.5304475162003865 6.0952119145762218)
(-1.0435090386914825 -2 6.0982649899059851)
(-0.53102037656081491 -2 6.1015381960816093)
(0.00070484243183496949 -2 6.1028819778365468)
(0.5322553206323265 -2 6.1015107821389538)
(1.0443332586178855 -2 6.0982260514214763)
(2 -2 6.0922218298170918)
(1.530832575755452 -2 6.095184011908227)
(1.9999989951166619 -1.5306718780400344 6.0953224274301778)
(-2 -1.043510139551397 6.0982634118063341)
(-0.070596587508355915 -0.30860776546548085 6.5)
(0.042356365803291635 -0.30123607371394906 6.5)
(0.1123099542851981 -0.2970115245707321 6.5)
(2.0000016305359445 -1.0438413977048562 6.0984717109403936)
(-2 -0.53102187070322637 6.1015363996148082)
(-0.30857208052605811 -0.070601353159685853 6.5)
(-0.31061623768889657 -0.31061903101914895 6.3918163718205783)
(0.20985047446096264 -0.2385307679888875 6.5)
(0.43082829587970617 -0.17745024945735749 6.327644279404411)
(1.9999999460301736 -0.53127607149305534 6.1018234330045464)
(-2 0.00070586670837281742 6.1028798434120235)
(-0.3008687783966924 0.042188528150733623 6.5)
(0.46151292837110602 0.028582418241983196 6.3252880080112073)
(1.9999997405751713 0.00067403037754499597 6.1032150384598616)
(-2 0.53226101057438913 6.1015084140120264)
(-0.29682233918454898 0.11220735027559953 6.5)
(-0.23737105420753854 0.2091489733589432 6.5)
(0.23443047080396928 0.23050377659685709 6.5)
(0.37023636514932301 0.22572617907811121 6.5)
(1.9999999324250317 0.53245067743004637 6.1018436679236361)
(-2 1.0443406110012676 6.098223040893207)
(-0.1764693107850196 0.43076708356545085 6.3275009808259082)
(0.043720643618625363 0.52639584493536307 6.3685531799512329)
(0.22637458593128384 0.36976454085884997 6.5)
(2.0000021492030315 1.0446170655291913 6.0984995146154723)
(-2 2 6.0922218298170927)
(-1.5306675321559478 1.9999989943315772 6.0953207596732693)
(-2 1.5308370989262594 6.0951813421717551)
(-1.0438339139614241 2.0000016319584306 6.0984694732043137)
(-0.5312667099311793 1.9999999459639444 6.1018213177545375)
(0.00068595169471425018 1.999999740409711 6.103213168722573)
(0.53246555510434945 1.9999999324773237 6.1018419609065155)
(1.0446307760484701 2.0000021509357362 6.0984971638397836)
(2 2 6.0922218298170918)
(1.5310374870357819 1.9999987895837692 6.0953368557980374)
(1.9999987905344037 1.531029758455249 6.0953391195528361)
(-2 -2 7)
(-2 -2 6.5686584189455326)
(-1.5408799900149652 -2 7)
(-2 -1.5408799900149652 7)
(-1.5299731597604995 -2 6.5559711676398793)
(-2 -1.5299733535437932 6.5559704734145843)
(-1.4249456343697726 -1.4249755325411724 6.977494519565556)
(-1.0401743726780177 -2 7)
(-1.0403289282922858 -2 6.5564024375977468)
(-0.87844067079839294 -1.3069305638078852 6.8831883127359159)
(-0.54087999001496501 -2 7)
(-0.53074086018655886 -2 6.5583381311488758)
(-0.41430511336048642 -1.2015875132657403 6.8746102914089242)
(-3.3306690738754696e-16 -2 7)
(0.00044174301110174049 -2 6.5592114345466124)
(0.022371476016483375 -1.2123786878061564 6.9037090417280496)
(0.54087999001496567 -2 7)
(0.53151272828664264 -2 6.5583321776467622)
(0.44742568093529994 -1.2751537196322476 6.9773995290820867)
(1.0401743726780173 -2 7)
(1.0408454159147895 -2 6.5563956631908349)
(0.93237785315166044 -1.3584647206273419 6.9939734503291779)
(2 -2 7)
(2 -2 6.5686584189455317)
(1.5408799900149655 -2 7)
(1.9999904380558879 -1.5410331698860009 7)
(1.5302118993455516 -2 6.5559678058825632)
(1.9999892970227744 -1.5301599073675474 6.5560428774005421)
(1.4587987495541432 -1.4459389307068018 6.9909107837065996)
(-2 -1.0401743726780173 7)
(-2 -1.040329582122808 6.5564016159377285)
(-1.3068749859013506 -0.87849212907020391 6.8831739042019553)
(-0.56157571076255608 -0.56187176214356049 6.8524990823268759)
(-0.22933576412031792 -0.46469733899993954 6.5605145051411524)
(-0.11932211795389305 -0.4647977964784944 6.8274810396739518)
(0.27507239044580839 -0.45816545010018472 6.926227720989834)
(0.77616814236797405 -0.66160852346794696 6.9183467488255088)
(1.9999980405852229 -1.0402057698318994 7)
(1.9999877353505979 -1.0405901709936305 6.556528226181034)
(1.3760817703367549 -0.90562747089004236 6.8902585964769791)
(-2 -0.54087999001496501 7)
(-2 -0.53074173456643281 6.5583372815917551)
(-1.2014660886903905 -0.4143959864604051 6.8745722441630646)
(-0.46385403281369686 -0.22691767687631267 6.5602907613756507)
(-0.33721606788118258 -0.33681472449779476 6.5459526783892947)
(0.28691403471085269 -0.17637730047380018 6.5)
(0.31304471529195488 -0.096829912843712312 6.5)
(1.9999763302694928 -0.54125918302441955 7)
(2.0000076825380466 -0.53101849987805294 6.5585076361295451)
(1.2490905041669988 -0.43064362904034459 6.8273133942488125)
(-2 3.3306690738754696e-16 7)
(-2 0.00044265468594030906 6.559210172183608)
(-1.2121969833744894 0.022270490073441066 6.9036315290922561)
(-0.46413887021735223 -0.11785825734587714 6.8274978467103571)
(0.39264546802079836 0.020374576958562249 6.5)
(1.9999971784427211 -4.5202627683704755e-05 7)
(1.9999661501010442 0.00036151752206050962 6.5594079667914515)
(1.2082609292684658 -0.0074594134514478277 6.8267045834270208)
(-2 0.54087999001496567 7)
(-2 0.53151690882625147 6.5583307973575362)
(-1.2749205045108969 0.44726890377216749 6.9773223331641017)
(-0.45732951927882581 0.27436987478185076 6.9260947695251067)
(-0.17594378366995606 0.2867084705516218 6.5)
(0.20379196990342674 0.18201228159698868 7)
(0.50590137189529916 0.18913069207893773 7)
(1.9999757032567642 0.54049073835379646 7)
(2.0000083613940474 0.53153072027002846 6.5585307674731643)
(1.2194146398052625 0.41522478254748996 6.8847367700133253)
(-2 1.0401743726780177 7)
(-2 1.0408504644671681 6.5563937841938378)
(-1.3581908590448108 0.9321938260027125 6.9938997832401091)
(-0.66076211415496466 0.77575901640814493 6.9182135212679468)
(-0.094392849749627666 0.31127092816863733 6.5)
(0.055236598711824368 0.73189698476388831 6.5947247564010443)
(0.13971367730686463 0.65873518683770793 6.8942267173065206)
(0.61525795126088567 0.60998061596993114 6.8976430563771558)
(1.9999977270788585 1.040137965890374 7)
(1.9999841114210102 1.0409835716288416 6.5565673338195705)
(1.3344845076554057 0.88193322871692637 6.9179644777599334)
(-2 2 7)
(-2 2 6.5686584189455326)
(-1.5410227736930699 1.9999904302223712 7)
(-2 1.5408799900149655 7)
(-1.5301542596139863 1.9999892883217196 6.5560416835671527)
(-2 1.5302149274357171 6.5559661790371075)
(-1.4457509653338054 1.4586735591299971 6.9908906423248709)
(-1.0402036394644956 1.9999980389799941 7)
(-1.0405821621362712 1.999987724775796 6.5565269928903813)
(-0.90520987070929693 1.3757780626115792 6.8902360057122198)
(-0.54123344818618047 1.9999763108783288 7)
(-0.53100491802227479 2.0000076887381661 6.5585065194082492)
(-0.42999939209508042 1.2480967961786948 6.8270417679981055)
(-4.2134898622259165e-05 1.9999971761311914 7)
(0.00037356661308399772 1.9999661220915661 6.5594069222482236)
(-0.0062479358871845182 1.207050750260062 6.8262499111612103)
(0.54051715490960461 1.9999756833519271 7)
(0.53154842490359111 2.0000083681563181 6.5585299406121775)
(0.41675673910376837 1.218298161161488 6.884535213936493)
(1.0401404371165621 1.9999977252167933 7)
(1.0409959528164765 1.9999840987353146 6.5565658655210513)
(0.88329621524576185 1.33335742019093 6.9179627954114791)
(2 2 7)
(2 2 6.5686584189455326)
(1.5407278294027151 1.9999898026959695 7)
(1.9999898110431591 1.5407167514922149 7)
(1.5303049729679721 1.9999864478166611 6.5560659849051701)
(1.9999864589881022 1.5302969181080359 6.5560672315130164)
(1.432273106723176 1.4316888862323349 6.9881172255657331)
)
