time,step,surface,lift,drag,lift_coefficient,drag_coefficient,panel_count,rotational_power,translational_power,power,force_x,force_y,force_z,moment_x,moment_y,moment_z,rotation_centre_x,rotation_centre_y,rotation_centre_z,translation_velocity_x,translation_velocity_y,translation_velocity_z,angular_velocity_x,angular_velocity_y,angular_velocity_z,position_x,position_y,position_z,centroid_x,centroid_y,centroid_z
0.0003125,2,rotor_0_blade_0,1.3137141466140747,-1.3137141466140747,698.152671836984,-698.152671836984,48,-3.0550323562917763,0.0,-3.0550323562917763,0.07304365187883377,0.01106896810233593,1.3137141466140747,0.136371976345179,0.01772004653441596,-0.0072933525121427496,0.16,0.16,0.0,0.0,0.0,0.0,0.0,0.0,418.87902047863906,0.02225301293539861,-0.019515368575017927,0.0,0.15387901663780212,0.24495579302310944,-0.0008833322790451348
0.0003125,2,rotor_0_blade_1,1.3137298822402954,-1.3137298822402954,698.1610342874587,-698.1610342874587,48,-3.0914027988343027,0.0,-3.0914027988343027,-0.07376477867364883,-0.011151936836540699,1.3137298822402954,-0.13637387517520394,-0.01772067015114355,-0.007380180547838992,0.16,0.16,0.0,0.0,0.0,0.0,0.0,0.0,418.87902047863906,0.02225301293539861,-0.019515368575017927,0.0,0.1661209911108017,0.07504424452781677,-0.0008833322790451348
0.000625,4,rotor_0_blade_0,1.2734707593917847,-1.2734707593917847,676.765958155453,-676.765958155453,48,-2.901771210102209,0.0,-2.901771210102209,0.0669541209936142,0.019558576866984367,1.2734707593917847,0.12924945688274986,0.03456003731846809,-0.006927468477142761,0.16,0.16,0.0,0.0,0.0,0.0,0.0,0.0,418.87902047863906,0.0468629150101524,-0.035959179422654225,0.0,0.14284242689609528,0.24342995882034302,-0.0008833322790451348
0.000625,4,rotor_0_blade_1,1.2734763622283936,-1.2734763622283936,676.7689356946371,-676.7689356946371,48,-2.918162062490266,0.0,-2.918162062490266,-0.0672907903790474,-0.01964229717850685,1.2734763622283936,-0.1292497789596243,-0.03456029209319061,-0.006966598754828494,0.16,0.16,0.0,0.0,0.0,0.0,0.0,0.0,418.87902047863906,0.0468629150101524,-0.035959179422654225,0.0,0.17715759575366974,0.07657000422477722,-0.0008833322790451348
0.0009375,6,rotor_0_blade_0,1.28547203540802,-1.28547203540802,683.1438470879752,-683.1438470879752,48,-2.846234385548055,0.0,-2.846234385548055,0.06215178966522217,0.027519064024090767,1.28547203540802,0.12505524858959838,0.051774877221400194,-0.006794884074871447,0.16,0.16,0.0,0.0,0.0,0.0,0.0,0.0,418.87902047863906,0.07340862397660851,-0.049050074380220215,0.0,0.13209940493106842,0.24047675728797913,-0.0008833322790451348
0.0009375,6,rotor_0_blade_1,1.2854691743850708,-1.2854691743850708,683.1423266424343,-683.1423266424343,48,-2.8364790514789933,0.0,-2.8364790514789933,-0.06190110743045807,-0.02741706185042858,1.2854691743850708,-0.1250555910818474,-0.05177480929545288,-0.006771594930292387,0.16,0.16,0.0,0.0,0.0,0.0,0.0,0.0,418.87902047863906,0.07340862397660851,-0.049050074380220215,0.0,0.1879006028175354,0.07952326536178589,-0.0008833322790451348
0.00125,8,rotor_0_blade_0,1.3044209480285645,-1.3044209480285645,693.2139479607832,-693.2139479607832,48,-2.8360844779594303,0.0,-2.8360844779594303,0.05761250853538513,0.0352049320936203,1.3044209480285645,0.11892267853268576,0.06863782596026545,-0.006770652955401613,0.16,0.16,0.0,0.0,0.0,0.0,0.0,0.0,418.87902047863906,0.10143593539448983,-0.05856406460551014,0.0,0.12183377891778946,0.2361464649438858,-0.0008833322790451348
0.00125,8,rotor_0_blade_1,1.304427146911621,-1.304427146911621,693.2172422594551,-693.2172422594551,48,-2.8128219170151607,0.0,-2.8128219170151607,-0.057117678225040436,-0.03492641821503639,1.304427146911621,-0.11892336984828786,-0.06863793531718759,-0.006715117681952759,0.16,0.16,0.0,0.0,0.0,0.0,0.0,0.0,418.87902047863906,0.10143593539448983,-0.05856406460551014,0.0,0.19816625118255615,0.08385350555181503,-0.0008833322790451348
0.0015625,10,rotor_0_blade_0,1.3201895952224731,-1.3201895952224731,701.5939469111304,-701.5939469111304,48,-2.793820728512346,0.0,-2.793820728512346,0.051656853407621384,0.041807860136032104,1.3201895952224731,0.11013826159389602,0.08448040382234966,-0.0066697556858301005,0.16,0.16,0.0,0.0,0.0,0.0,0.0,0.0,418.87902047863906,0.13046529419479772,-0.06433836308799287,0.0,0.11222117394208908,0.2305133044719696,-0.0008833322790451348
0.0015625,10,rotor_0_blade_1,1.3201862573623657,-1.3201862573623657,701.5921730579994,-701.5921730579994,48,-2.8000811960453653,0.0,-2.8000811960453653,-0.05182121321558952,-0.041930001229047775,1.3201862573623657,-0.11013807680452162,-0.08448050276257024,-0.0066847014511392955,0.16,0.16,0.0,0.0,0.0,0.0,0.0,0.0,418.87902047863906,0.13046529419479772,-0.06433836308799287,0.0,0.20777879655361176,0.08948665857315063,-0.0008833322790451348
0.001875,12,rotor_0_blade_0,1.3325594663619995,-1.3325594663619995,708.1677199108334,-708.1677199108334,48,-2.7899239799166433,0.0,-2.7899239799166433,0.045625753700733185,0.0480910949409008,1.3325594663619995,0.09896865008829417,0.09892460410159501,-0.006660452883815213,0.16,0.16,0.0,0.0,0.0,0.0,0.0,0.0,418.87902047863906,0.15999999999999998,-0.06627416997969512,0.0,0.10342607647180557,0.2236737161874771,-0.0008833322790451348
0.001875,12,rotor_0_blade_1,1.3325645923614502,-1.3325645923614502,708.1704440424274,-708.1704440424274,48,-2.7830650509384123,0.0,-2.7830650509384123,-0.045553434640169144,-0.04802259802818298,1.3325645923614502,-0.0989691696967418,-0.09892494510115016,-0.006644078397047187,0.16,0.16,0.0,0.0,0.0,0.0,0.0,0.0,418.87902047863906,0.15999999999999998,-0.06627416997969512,0.0,0.21657389402389526,0.09632626920938492,-0.0008833322790451348
0.0021875,14,rotor_0_blade_0,1.3424718379974365,-1.3424718379974365,713.4354935428353,-713.4354935428353,48,-2.7771378253916876,0.0,-2.7771378253916876,0.03871551528573036,0.0533536821603775,1.3424718379974365,0.08574990408069481,0.11169174464111516,-0.006629928188378461,0.16,0.16,0.0,0.0,0.0,0.0,0.0,0.0,418.87902047863906,0.1895347058052023,-0.06433836308799282,0.0,0.0955989882349968,0.21574461460113525,-0.0008833322790451348
0.0021875,14,rotor_0_blade_1,1.342452883720398,-1.342452883720398,713.4254205911271,-713.4254205911271,48,-2.7595689346190664,0.0,-2.7595689346190664,-0.03857396915555,-0.05317743495106697,1.342452883720398,-0.08574900118357853,-0.11169040938098605,-0.006587985551211897,0.16,0.16,0.0,0.0,0.0,0.0,0.0,0.0,418.87902047863906,0.1895347058052023,-0.06433836308799282,0.0,0.22440095245838165,0.10425539314746857,-0.0008833322790451348
0.0025,16,rotor_0_blade_0,1.3506160974502563,-1.3506160974502563,717.7636318305857,-717.7636318305857,48,-2.7680279769263776,0.0,-2.7680279769263776,0.03132658079266548,0.057823143899440765,1.3506160974502563,0.07079824871358337,0.12254599521674286,-0.006608180027167378,0.16,0.16,0.0,0.0,0.0,0.0,0.0,0.0,418.87902047863906,0.21856406460551014,-0.05856406460551006,0.0,0.08887381851673126,0.2068616896867752,-0.0008833322790451348
0.0025,16,rotor_0_blade_1,1.3506191968917847,-1.3506191968917847,717.7652789799216,-717.7652789799216,48,-2.7620837037867894,0.0,-2.7620837037867894,-0.03130394220352173,-0.057783883064985275,1.3506191968917847,-0.07079839216232714,-0.1225464405141291,-0.00659398912036857,0.16,0.16,0.0,0.0,0.0,0.0,0.0,0.0,418.87902047863906,0.21856406460551014,-0.05856406460551006,0.0,0.23112614452838898,0.11313829571008682,-0.0008833322790451348
0.0028125,18,rotor_0_blade_0,1.3575959205627441,-1.3575959205627441,721.4729487832062,-721.4729487832062,48,-2.749408650460762,0.0,-2.749408650460762,0.023369984701275826,0.061121273785829544,1.3575959205627441,0.05443243936013445,0.13130018845312041,-0.0065637296595067104,0.16,0.16,0.0,0.0,0.0,0.0,0.0,0.0,418.87902047863906,0.2465913760233915,-0.049050074380220104,0.0,0.08336562663316727,0.197176992893219,-0.0008833322790451348
0.0028125,18,rotor_0_blade_1,1.3575849533081055,-1.3575849533081055,721.4671204086329,-721.4671204086329,48,-2.748405234820388,0.0,-2.748405234820388,-0.02330220490694046,-0.06096276268362999,1.3575849533081055,-0.05443230171010965,-0.13129938340831598,-0.006561334181119592,0.16,0.16,0.0,0.0,0.0,0.0,0.0,0.0,418.87902047863906,0.2465913760233915,-0.049050074380220104,0.0,0.23663435876369476,0.12282303720712662,-0.0008833322790451348
0.003125,20,rotor_0_blade_0,1.3637775182724,-1.3637775182724,724.7580614299267,-724.7580614299267,48,-2.7504311934681493,0.0,-2.7504311934681493,0.015137020498514175,0.06349978595972061,1.3637775182724,0.03696960013988718,0.13780156322378,-0.006566170801118956,0.16,0.16,0.0,0.0,0.0,0.0,0.0,0.0,418.87902047863906,0.2731370849898476,-0.035959179422654086,0.0,0.07916867733001709,0.18685613572597504,-0.0008833322790451348
0.003125,20,rotor_0_blade_1,1.3637710809707642,-1.3637710809707642,724.7546404274598,-724.7546404274598,48,-2.7277421559209047,0.0,-2.7277421559209047,-0.014965832233428955,-0.0628967136144638,1.3637710809707642,-0.03696999754590404,-0.13780094277031354,-0.006512004713924333,0.16,0.16,0.0,0.0,0.0,0.0,0.0,0.0,418.87902047863906,0.2731370849898476,-0.035959179422654086,0.0,0.24083134531974792,0.13314390182495117,-0.0008833322790451348
0.0034375,22,rotor_0_blade_0,1.369468331336975,-1.369468331336975,727.7823543144922,-727.7823543144922,48,-2.7057196114344375,0.0,-2.7057196114344375,0.006544845178723335,0.06380502879619598,1.369468331336975,0.018732745862595684,0.1419396056186518,-0.006459429761707097,0.16,0.16,0.0,0.0,0.0,0.0,0.0,0.0,418.87902047863906,0.29774698706460145,-0.01951536857501776,0.0,0.07635478675365448,0.1760757714509964,-0.0008833322790451348
0.0034375,22,rotor_0_blade_1,1.3694789409637451,-1.3694789409637451,727.7879926333728,-727.7879926333728,48,-2.726772799975617,0.0,-2.726772799975617,-0.0066262464970350266,-0.06438974291086197,1.3694789409637451,-0.018732623797903893,-0.14194052728497028,-0.006509690547069712,0.16,0.16,0.0,0.0,0.0,0.0,0.0,0.0,418.87902047863906,0.29774698706460145,-0.01951536857501776,0.0,0.24364520609378815,0.14392425119876862,-0.0008833322790451348
0.00375,24,rotor_0_blade_0,1.3749425411224365,-1.3749425411224365,730.6915368012351,-730.6915368012351,48,-2.705974830844515,0.0,-2.705974830844515,-0.0018525231862440705,0.06408507376909256,1.3749425411224365,4.5812605770633993e-05,0.14364906717290632,-0.006460039053167398,0.16,0.16,0.0,0.0,0.0,0.0,0.0,0.0,418.87902047863906,0.32,1.942890293094024e-16,0.0,0.07497206330299377,0.16502031683921814,-0.0008833322790451348
0.00375,24,rotor_0_blade_1,1.3749574422836304,-1.3749574422836304,730.699455788427,-730.699455788427,48,-2.7180565543028465,0.0,-2.7180565543028465,0.0018481995211914182,-0.06440530717372894,1.3749574422836304,-4.5610595306292345e-05,-0.143650899712164,-0.006488882043309341,0.16,0.16,0.0,0.0,0.0,0.0,0.0,0.0,418.87902047863906,0.32,1.942890293094024e-16,0.0,0.24502791464328766,0.1549796611070633,-0.0008833322790451348
0.0040625,26,rotor_0_blade_0,1.3804466724395752,-1.3804466724395752,733.6166206142594,-733.6166206142594,48,-2.6888356051573297,0.0,-2.6888356051573297,-0.010148752480745316,0.06274426728487015,1.3804466724395752,-0.01876814194699575,0.14290726566987247,-0.006419122165834152,0.16,0.16,0.0,0.0,0.0,0.0,0.0,0.0,418.87902047863906,0.3395153685750179,0.02225301293539883,0.0,0.07504419982433319,0.15387901663780212,-0.0008833322790451348
0.0040625,26,rotor_0_blade_1,1.3804324865341187,-1.3804324865341187,733.6090817384527,-733.6090817384527,48,-2.699481527675058,0.0,-2.699481527675058,0.010188846848905087,-0.06310802698135376,1.3804324865341187,0.018768221867250353,-0.14290586470674235,-0.006444537433721199,0.16,0.16,0.0,0.0,0.0,0.0,0.0,0.0,418.87902047863906,0.3395153685750179,0.02225301293539883,0.0,0.24495582282543182,0.1661209911108017,-0.0008833322790451348
0.004375,28,rotor_0_blade_0,1.3861486911773682,-1.3861486911773682,736.6468685771933,-736.6468685771933,48,-2.6844336200002994,0.0,-2.6844336200002994,-0.01821047253906727,0.0606679767370224,1.3861486911773682,-0.037392636380913974,0.139724141201448,-0.006408613200376774,0.16,0.16,0.0,0.0,0.0,0.0,0.0,0.0,418.87902047863906,0.3559591794226542,0.04686291501015266,0.0,0.07656995207071304,0.14284242689609528,-0.0008833322790451348
0.004375,28,rotor_0_blade_1,1.386155366897583,-1.386155366897583,736.6504162834553,-736.6504162834553,48,-2.673706574176227,0.0,-2.673706574176227,0.018180714920163155,-0.060551438480615616,1.386155366897583,0.03739272062437181,-0.1397243297925328,-0.006383004264861658,0.16,0.16,0.0,0.0,0.0,0.0,0.0,0.0,418.87902047863906,0.3559591794226542,0.04686291501015266,0.0,0.2434300184249878,0.17715759575366974,-0.0008833322790451348
0.0046875,30,rotor_0_blade_0,1.3922677040100098,-1.3922677040100098,739.8987214777076,-739.8987214777076,48,-2.6550082730174935,0.0,-2.6550082730174935,-0.0257424246519804,0.05715273320674896,1.3922677040100098,-0.0555223301304415,0.1341577189985482,-0.006338365359009158,0.16,0.16,0.0,0.0,0.0,0.0,0.0,0.0,418.87902047863906,0.36905007438022014,0.07340862397660876,0.0,0.07952321320772171,0.13209937512874603,-0.0008833322790451348
0.0046875,30,rotor_0_blade_1,1.3922566175460815,-1.3922566175460815,739.8928297512367,-739.8928297512367,48,-2.654201828824559,0.0,-2.654201828824559,0.025712372735142708,-0.05707704648375511,1.3922566175460815,0.05552214670489861,-0.1341575958650715,-0.0063364401153146585,0.16,0.16,0.0,0.0,0.0,0.0,0.0,0.0,418.87902047863906,0.36905007438022014,0.07340862397660876,0.0,0.2404767870903015,0.187900573015213,-0.0008833322790451348
0.005,32,rotor_0_blade_0,1.3990813493728638,-1.3990813493728638,743.5197258851631,-743.5197258851631,48,-2.6258990265899445,0.0,-2.6258990265899445,-0.03258419781923294,0.052565671503543854,1.3990813493728638,-0.07287229095438338,0.1263054330438363,-0.0062688721521297905,0.16,0.16,0.0,0.0,0.0,0.0,0.0,0.0,418.87902047863906,0.37856406460551006,0.1014359353944901,0.0,0.08385346829891205,0.12183376401662827,-0.0008833322790451348
0.005,32,rotor_0_blade_1,1.3991018533706665,-1.3991018533706665,743.5306224115392,-743.5306224115392,48,-2.640856947116197,0.0,-2.640856947116197,0.03276823088526726,-0.052893515676259995,1.3991018533706665,0.07287371653070802,-0.126307491613103,-0.006304581556981722,0.16,0.16,0.0,0.0,0.0,0.0,0.0,0.0,418.87902047863906,0.37856406460551006,0.1014359353944901,0.0,0.23614652454853058,0.19816625118255615,-0.0008833322790451348
0.0053125,34,rotor_0_blade_0,1.406862735748291,-1.406862735748291,747.6550209968144,-747.6550209968144,48,-2.603736217475033,0.0,-2.603736217475033,-0.03885481134057045,0.0474136583507061,1.406862735748291,-0.08918379647480446,0.11629875617812027,-0.006215962342778186,0.16,0.16,0.0,0.0,0.0,0.0,0.0,0.0,418.87902047863906,0.3843383630879928,0.13046529419479802,0.0,0.08948659896850586,0.11222115904092789,-0.0008833322790451348
0.0053125,34,rotor_0_blade_1,1.4068694114685059,-1.4068694114685059,747.6585687030764,-747.6585687030764,48,-2.5958342247355755,0.0,-2.5958342247355755,0.03878134489059448,-0.04732007160782814,1.4068694114685059,0.08918443643818194,-0.11629938418627063,-0.006197097724706772,0.16,0.16,0.0,0.0,0.0,0.0,0.0,0.0,418.87902047863906,0.3843383630879928,0.13046529419479802,0.0,0.23051336407661438,0.20777882635593414,-0.0008833322790451348
0.005625,36,rotor_0_blade_0,1.4156438112258911,-1.4156438112258911,752.3215851212012,-752.3215851212012,48,-2.583147168006995,0.0,-2.583147168006995,-0.04439055174589157,0.04158632084727287,1.4156438112258911,-0.10421180265463405,0.10427882891129006,-0.006166809607832158,0.16,0.16,0.0,0.0,0.0,0.0,0.0,0.0,418.87902047863906,0.38627416997969505,0.1600000000000004,0.0,0.09632623940706253,0.10342606157064438,-0.0008833322790451348
0.005625,36,rotor_0_blade_1,1.415604829788208,-1.415604829788208,752.3008690507071,-752.3008690507071,48,-2.5815200221617065,0.0,-2.5815200221617065,0.044392094016075134,-0.041589923202991486,1.415604829788208,0.10420744924836174,-0.10427450196962504,-0.006162925083266022,0.16,0.16,0.0,0.0,0.0,0.0,0.0,0.0,418.87902047863906,0.38627416997969505,0.1600000000000004,0.0,0.2236737310886383,0.21657389402389526,-0.0008833322790451348
0.0059375,38,rotor_0_blade_0,1.425122857093811,-1.425122857093811,757.3590746056605,-757.3590746056605,48,-2.542140750976551,0.0,-2.542140750976551,-0.048863332718610764,0.03496839851140976,1.425122857093811,-0.11772209680438166,0.09040474719578578,-0.006068913998298916,0.16,0.16,0.0,0.0,0.0,0.0,0.0,0.0,418.87902047863906,0.38433836308799274,0.18953470580520265,0.0,0.10425536334514618,0.09559895843267441,-0.0008833322790451348
0.0059375,38,rotor_0_blade_1,1.4251316785812378,-1.4251316785812378,757.363762646078,-757.363762646078,48,-2.5355955538921595,0.0,-2.5355955538921595,0.04886401817202568,-0.03496924415230751,1.4251316785812378,0.11772236894867445,-0.09040472169347673,-0.006053288491256543,0.16,0.16,0.0,0.0,0.0,0.0,0.0,0.0,418.87902047863906,0.38433836308799274,0.18953470580520265,0.0,0.21574465930461884,0.22440098226070404,-0.0008833322790451348
0.00625,40,rotor_0_blade_0,1.4332876205444336,-1.4332876205444336,761.698109419787,-761.698109419787,48,-2.5314852218079973,0.0,-2.5314852218079973,-0.05341201648116112,0.028541844338178635,1.4332876205444336,-0.12936975174491674,0.07478882972642617,-0.006043475796222389,0.16,0.16,0.0,0.0,0.0,0.0,0.0,0.0,418.87902047863906,0.37856406460550995,0.21856406460551053,0.0,0.11313827335834503,0.08887378871440887,-0.0008833322790451348
0.00625,40,rotor_0_blade_1,1.4332754611968994,-1.4332754611968994,761.6916475262384,-761.6916475262384,48,-2.5285618839707205,0.0,-2.5285618839707205,0.05330557003617287,-0.028480833396315575,1.4332754611968994,0.1293686147710638,-0.07478821413047486,-0.0060364968412154356,0.16,0.16,0.0,0.0,0.0,0.0,0.0,0.0,418.87902047863906,0.37856406460550995,0.21856406460551053,0.0,0.2068617343902588,0.23112620413303375,-0.0008833322790451348
0.0065625,42,rotor_0_blade_0,1.4328595399856567,-1.4328595399856567,761.4706127557358,-761.4706127557358,48,-2.6238985019160737,0.0,-2.6238985019160737,-0.05938277393579483,0.022554244846105576,1.4328595399856567,-0.1383023693412087,0.0574403199148214,-0.006264096251270433,0.16,0.16,0.0,0.0,0.0,0.0,0.0,0.0,418.87902047863906,0.36905007438022,0.2465913760233918,0.0,0.12282300740480423,0.08336561173200607,-0.0008833322790451348
0.0065625,42,rotor_0_blade_1,1.432832956314087,-1.432832956314087,761.4564852825854,-761.4564852825854,48,-2.6142710454422096,0.0,-2.6142710454422096,0.059048280119895935,-0.022410200908780098,1.432832956314087,0.13829914507040075,-0.05743933676965082,-0.006241112391962169,0.16,0.16,0.0,0.0,0.0,0.0,0.0,0.0,418.87902047863906,0.36905007438022,0.2465913760233918,0.0,0.1971770077943802,0.23663437366485596,-0.0008833322790451348
0.006875,44,rotor_0_blade_0,1.4023503065109253,-1.4023503065109253,745.2569616193906,-745.2569616193906,48,-2.901987483895674,0.0,-2.901987483895674,-0.06846807897090912,0.016670668497681618,1.4023503065109253,-0.1419979720571992,0.03830637124393734,-0.006927984792792128,0.16,0.16,0.0,0.0,0.0,0.0,0.0,0.0,418.87902047863906,0.3559591794226539,0.2731370849898479,0.0,0.13314388692378998,0.0791686475276947,-0.0008833322790451348
0.006875,44,rotor_0_blade_1,1.402258276939392,-1.402258276939392,745.2080539544929,-745.2080539544929,48,-2.912475173662662,0.0,-2.912475173662662,0.06880802661180496,-0.016769977286458015,1.402258276939392,0.14199146034133242,-0.03830460070334707,-0.006953022307812586,0.16,0.16,0.0,0.0,0.0,0.0,0.0,0.0,418.87902047863906,0.3559591794226539,0.2731370849898479,0.0,0.18685613572597504,0.2408313751220703,-0.0008833322790451348
0.0071875,46,rotor_0_blade_0,1.3080263137817383,-1.3080263137817383,695.1299627498569,-695.1299627498569,48,-3.319930842879155,0.0,-3.319930842879155,-0.0792461559176445,0.009229506365954876,1.3080263137817383,-0.1361013454261124,0.018277935020386795,-0.007925751065511901,0.16,0.16,0.0,0.0,0.0,0.0,0.0,0.0,418.87902047863906,0.3395153685750175,0.29774698706460173,0.0,0.14392425119876862,0.0763547495007515,-0.0008833322790451348
0.0071875,46,rotor_0_blade_1,1.307996392250061,-1.307996392250061,695.1140614235754,-695.1140614235754,48,-3.332020877977064,0.0,-3.332020877977064,0.07961107045412064,-0.009284334257245064,1.307996392250061,0.13609839305506047,-0.01827729723810949,-0.007954613898231702,0.16,0.16,0.0,0.0,0.0,0.0,0.0,0.0,418.87902047863906,0.3395153685750175,0.29774698706460173,0.0,0.1760757714509964,0.24364525079727173,-0.0008833322790451348
0.0075,48,rotor_0_blade_0,1.162135362625122,-1.162135362625122,617.5985168037611,-617.5985168037611,48,-3.4534287343480496,0.0,-3.4534287343480496,-0.08251392096281052,-0.0009184865630231798,1.162135362625122,-0.1215359785855315,0.0003202483211024756,-0.0082444538053062,0.16,0.16,0.0,0.0,0.0,0.0,0.0,0.0,418.87902047863906,0.3199999999999995,0.3200000000000002,0.0,0.1549796462059021,0.07497203350067139,-0.0008833322790451348
0.0075,48,rotor_0_blade_1,1.1621755361557007,-1.1621755361557007,617.6198663932306,-617.6198663932306,48,-3.4429583446462315,0.0,-3.4429583446462315,0.08225908875465393,0.0009207036928273737,1.1621755361557007,0.1215397030184903,-0.00032022781464661684,-0.008219457591149058,0.16,0.16,0.0,0.0,0.0,0.0,0.0,0.0,418.87902047863906,0.3199999999999995,0.3200000000000002,0.0,0.16502031683921814,0.24502798914909363,-0.0008833322790451348
0.0078125,50,rotor_0_blade_0,1.0541799068450928,-1.0541799068450928,560.2272918029026,-560.2272918029026,48,-3.2827566417094327,0.0,-3.2827566417094327,-0.07771846652030945,-0.011169087141752243,1.0541799068450928,-0.10907859499106685,-0.014199136686097067,-0.007837004197437094,0.16,0.16,0.0,0.0,0.0,0.0,0.0,0.0,418.87902047863906,0.2977469870646008,0.3395153685750181,0.0,0.1661209911108017,0.0750441625714302,-0.0008833322790451348
0.0078125,50,rotor_0_blade_1,1.0541731119155884,-1.0541731119155884,560.2236807447431,-560.2236807447431,48,-3.2807817080810144,0.0,-3.2807817080810144,0.07766643166542053,0.011163379065692425,1.0541731119155884,0.1090788910474135,0.014199104831249414,-0.007832289390698476,0.16,0.16,0.0,0.0,0.0,0.0,0.0,0.0,418.87902047863906,0.2977469870646008,0.3395153685750181,0.0,0.15387901663780212,0.2449558675289154,-0.0008833322790451348
0.008125,52,rotor_0_blade_0,1.0229127407073975,-1.0229127407073975,543.6108493020246,-543.6108493020246,48,-3.181227651908621,0.0,-3.181227651908621,-0.07300464808940887,-0.020596515387296677,1.0229127407073975,-0.10339520566622601,-0.027649742943973342,-0.007594621588528206,0.16,0.16,0.0,0.0,0.0,0.0,0.0,0.0,418.87902047863906,0.2731370849898469,0.35595917942265437,0.0,0.17715758085250854,0.07656991481781006,-0.0008833322790451348
0.008125,52,rotor_0_blade_1,1.0229212045669556,-1.0229212045669556,543.6153472867496,-543.6153472867496,48,-3.17235406695146,0.0,-3.17235406695146,0.07282418757677078,0.020551085472106934,1.0229212045669556,0.10339614032541637,0.027649956004896815,-0.007573437464895035,0.16,0.16,0.0,0.0,0.0,0.0,0.0,0.0,418.87902047863906,0.2731370849898469,0.35595917942265437,0.0,0.14284242689609528,0.24343006312847137,-0.0008833322790451348
0.0084375,54,rotor_0_blade_0,1.026646375656128,-1.026646375656128,545.5950307328468,-545.5950307328468,48,-3.16318152056185,0.0,-3.16318152056185,-0.06912054121494293,-0.029749033972620964,1.026646375656128,-0.09946450208050853,-0.04117325311879992,-0.007551539623415343,0.16,0.16,0.0,0.0,0.0,0.0,0.0,0.0,418.87902047863906,0.24659137602339087,0.3690500743802202,0.0,0.1879005879163742,0.07952319085597992,-0.0008833322790451348
0.0084375,54,rotor_0_blade_1,1.026655673980713,-1.026655673980713,545.5999721808546,-545.5999721808546,48,-3.1557221653054426,0.0,-3.1557221653054426,0.06893011182546616,0.02967306785285473,1.026655673980713,0.09946472636340349,0.041173275221841284,-0.007533731724495307,0.16,0.16,0.0,0.0,0.0,0.0,0.0,0.0,418.87902047863906,0.24659137602339087,0.3690500743802202,0.0,0.13209939002990723,0.2404768317937851,-0.0008833322790451348
0.00875,56,rotor_0_blade_0,1.0349845886230469,-1.0349845886230469,550.026242557888,-550.026242557888,48,-3.183353905856069,0.0,-3.183353905856069,-0.06491618603467941,-0.038685716688632965,1.0349845886230469,-0.094016096905933,-0.05425460486759614,-0.007599697645918282,0.16,0.16,0.0,0.0,0.0,0.0,0.0,0.0,418.87902047863906,0.21856406460550948,0.37856406460551006,0.0,0.19816628098487854,0.08385343849658966,-0.0008833322790451348
0.00875,56,rotor_0_blade_1,1.0349634885787964,-1.0349634885787964,550.0150292720242,-550.0150292720242,48,-3.1778576918098373,0.0,-3.1778576918098373,0.06484520435333252,0.03864500671625137,1.0349634885787964,0.09401351063399123,0.05425306597515672,-0.007586576401412049,0.16,0.16,0.0,0.0,0.0,0.0,0.0,0.0,418.87902047863906,0.21856406460550948,0.37856406460551006,0.0,0.12183375656604767,0.23614653944969177,-0.0008833322790451348
0.0090625,58,rotor_0_blade_0,1.0417845249176025,-1.0417845249176025,553.6399614971269,-553.6399614971269,48,-3.1757732369012137,0.0,-3.1757732369012137,-0.059182778000831604,-0.0467444583773613,1.0417845249176025,-0.08665435617958225,-0.06646087760359035,-0.0075816001318766545,0.16,0.16,0.0,0.0,0.0,0.0,0.0,0.0,418.87902047863906,0.1895347058052016,0.3843383630879927,0.0,0.20777882635593414,0.08948656171560287,-0.0008833322790451348
0.0090625,58,rotor_0_blade_1,1.0418076515197754,-1.0418076515197754,553.6522517652488,-553.6522517652488,48,-3.1811407458680656,0.0,-3.1811407458680656,0.059288375079631805,0.04682381823658943,1.0418076515197754,0.08665602041097203,0.06646232666997866,-0.007594414115639122,0.16,0.16,0.0,0.0,0.0,0.0,0.0,0.0,418.87902047863906,0.1895347058052016,0.3843383630879927,0.0,0.1122211366891861,0.23051342368125916,-0.0008833322790451348
0.009375,60,rotor_0_blade_0,1.0471278429031372,-1.0471278429031372,556.4795836003755,-556.4795836003755,48,-3.1836396032445213,0.0,-3.1836396032445213,-0.0527128204703331,-0.054216768592596054,1.0471278429031372,-0.07758849205518305,-0.07754953855610608,-0.007600379698192291,0.16,0.16,0.0,0.0,0.0,0.0,0.0,0.0,418.87902047863906,0.15999999999999934,0.3862741699796948,0.0,0.21657395362854004,0.09632620960474014,-0.0008833322790451348
0.009375,60,rotor_0_blade_1,1.0471478700637817,-1.0471478700637817,556.4902267191615,-556.4902267191615,48,-3.195577332407713,0.0,-3.195577332407713,0.052900198847055435,0.05439893528819084,1.0471478700637817,0.07758971688887754,0.07755106097863894,-0.007628878927276504,0.16,0.16,0.0,0.0,0.0,0.0,0.0,0.0,418.87902047863906,0.15999999999999934,0.3862741699796948,0.0,0.10342606157064438,0.22367379069328308,-0.0008833322790451348
0.0096875,62,rotor_0_blade_0,1.051453709602356,-1.051453709602356,558.7784972581557,-558.7784972581557,48,-3.1983699580144513,0.0,-3.1983699580144513,-0.04541553929448128,-0.06093819811940193,1.051453709602356,-0.06704170461243042,-0.08732186848674099,-0.007635545829819266,0.16,0.16,0.0,0.0,0.0,0.0,0.0,0.0,418.87902047863906,0.13046529419479702,0.38433836308799246,0.0,0.22440102696418762,0.1042553260922432,-0.0008833322790451348
0.0096875,62,rotor_0_blade_1,1.051437258720398,-1.051437258720398,558.7697546962958,-558.7697546962958,48,-3.1920732274219796,0.0,-3.1920732274219796,0.04533350095152855,0.06083233654499054,1.051437258720398,0.06704075706367608,0.08732051379987392,-0.007620513492832618,0.16,0.16,0.0,0.0,0.0,0.0,0.0,0.0,418.87902047863906,0.13046529419479702,0.38433836308799246,0.0,0.09559895843267441,0.21574467420578003,-0.0008833322790451348
0.01,64,rotor_0_blade_0,1.055036187171936,-1.055036187171936,560.6823484829025,-560.6823484829025,48,-3.187479254180129,0.0,-3.187479254180129,-0.0369332954287529,-0.06612081080675125,1.055036187171936,-0.05523172733025107,-0.09560113154802455,-0.007609546189584532,0.16,0.16,0.0,0.0,0.0,0.0,0.0,0.0,418.87902047863906,0.10143593539448925,0.3785640646055096,0.0,0.23112621903419495,0.11313825100660324,-0.0008833322790451348
0.01,64,rotor_0_blade_1,1.0551011562347412,-1.0551011562347412,560.7168752670595,-560.7168752670595,48,-3.2007333729978145,0.0,-3.2007333729978145,0.03708576411008835,0.06637504696846008,1.0551011562347412,0.055234350775736706,0.09560642994161204,-0.007641188067476961,0.16,0.16,0.0,0.0,0.0,0.0,0.0,0.0,418.87902047863906,0.10143593539448925,0.3785640646055096,0.0,0.08887376636266708,0.20686177909374237,-0.0008833322790451348
0.0103125,66,rotor_0_blade_0,1.0580676794052124,-1.0580676794052124,562.2933872372387,-562.2933872372387,48,-3.196170014531236,0.0,-3.196170014531236,-0.028060873970389366,-0.0705602690577507,1.0580676794052124,-0.04238484546880739,-0.10224021717453959,-0.007630293851621118,0.16,0.16,0.0,0.0,0.0,0.0,0.0,0.0,418.87902047863906,0.07340862397660783,0.36905007438021953,0.0,0.23663440346717834,0.12282298505306244,-0.0008833322790451348
0.0103125,66,rotor_0_blade_1,1.0581012964248657,-1.0581012964248657,562.3112524723438,-562.3112524723438,48,-3.2007019469584446,0.0,-3.2007019469584446,0.028112564235925674,0.070681132376194,1.0581012964248657,0.04238475388034047,0.10224058694739328,-0.007641113043334348,0.16,0.16,0.0,0.0,0.0,0.0,0.0,0.0,418.87902047863906,0.07340862397660783,0.36905007438021953,0.0,0.08336558192968369,0.19717702269554138,-0.0008833322790451348
0.010625,68,rotor_0_blade_0,1.060660481452942,-1.060660481452942,563.671291008643,-563.671291008643,48,-3.1916285293052824,0.0,-3.1916285293052824,-0.01858699508011341,-0.07355377078056335,1.060660481452942,-0.028737682804323865,-0.10711874456503966,-0.007619451854280778,0.16,0.16,0.0,0.0,0.0,0.0,0.0,0.0,418.87902047863906,0.04686291501015187,0.3559591794226534,0.0,0.2408314049243927,0.1331438422203064,-0.0008833322790451348
0.010625,68,rotor_0_blade_1,1.0606383085250854,-1.0606383085250854,563.6595075557013,-563.6595075557013,48,-3.1948501851137467,0.0,-3.1948501851137467,0.018609734252095222,0.07363679260015488,1.0606383085250854,0.028737729536578112,0.10711850141068097,-0.007627142990983645,0.16,0.16,0.0,0.0,0.0,0.0,0.0,0.0,418.87902047863906,0.04686291501015187,0.3559591794226534,0.0,0.07916862517595291,0.18685616552829742,-0.0008833322790451348
0.0109375,70,rotor_0_blade_0,1.0628647804260254,-1.0628647804260254,564.842730945978,-564.842730945978,48,-3.201403186911457,0.0,-3.201403186911457,-0.008856470696628094,-0.07558227330446243,1.0628647804260254,-0.014536508803084734,-0.11014678252226741,-0.00764278713040658,0.16,0.16,0.0,0.0,0.0,0.0,0.0,0.0,418.87902047863906,0.022253012935398192,0.3395153685750171,0.0,0.24364528059959412,0.14392422139644623,-0.0008833322790451348
0.0109375,70,rotor_0_blade_1,1.0628551244735718,-1.0628551244735718,564.8375994422777,-564.8375994422777,48,-3.197593220657403,0.0,-3.197593220657403,0.00883787777274847,0.07546138018369675,1.0628551244735718,0.014536504781567264,0.11014567758279036,-0.00763369150597139,0.16,0.16,0.0,0.0,0.0,0.0,0.0,0.0,418.87902047863906,0.022253012935398192,0.3395153685750171,0.0,0.07635470479726791,0.1760757863521576,-0.0008833322790451348
0.01125,72,rotor_0_blade_0,1.06471586227417,-1.06471586227417,565.8264592109144,-565.8264592109144,48,-3.1982380638667673,0.0,-3.1982380638667673,0.0010884308721870184,-0.07599449902772903,1.06471586227417,-3.614462229764886e-05,-0.11126649175458582,-0.007635230955735733,0.16,0.16,0.0,0.0,0.0,0.0,0.0,0.0,418.87902047863906,-4.163336342344337e-16,0.319999999999999,0.0,0.24502800405025482,0.1549796313047409,-0.0008833322790451348
0.01125,72,rotor_0_blade_1,1.0647140741348267,-1.0647140741348267,565.8255089324514,-565.8255089324514,48,-3.1945528955391,0.0,-3.1945528955391,-0.0010898411273956299,0.0759102925658226,1.0647140741348267,3.622169139991108e-05,0.11126620421531261,-0.007626433264403624,0.16,0.16,0.0,0.0,0.0,0.0,0.0,0.0,418.87902047863906,-4.163336342344337e-16,0.319999999999999,0.0,0.0749719962477684,0.16502034664154053,-0.0008833322790451348
0.0115625,74,rotor_0_blade_0,1.0662060976028442,-1.0662060976028442,566.6184212820099,-566.6184212820099,48,-3.1924214919675498,0.0,-3.1924214919675498,0.01098268385976553,-0.07504694908857346,1.0662060976028442,0.014503615315073094,-0.11045100776937342,-0.007621344913191585,0.16,0.16,0.0,0.0,0.0,0.0,0.0,0.0,418.87902047863906,-0.019515368575018177,0.29774698706460045,0.0,0.2449558973312378,0.1661209911108017,-0.0008833322790451348
0.0115625,74,rotor_0_blade_1,1.0662250518798828,-1.0662250518798828,566.628494233718,-566.628494233718,48,-3.1965035161215716,0.0,-3.1965035161215716,-0.010995958931744099,0.07514885067939758,1.0662250518798828,-0.014504147847795159,0.1104540355074496,-0.007631090028020582,0.16,0.16,0.0,0.0,0.0,0.0,0.0,0.0,418.87902047863906,-0.019515368575018177,0.29774698706460045,0.0,0.07504413276910782,0.15387901663780212,-0.0008833322790451348
0.011875,76,rotor_0_blade_0,1.0673071146011353,-1.0673071146011353,567.2035394076509,-567.2035394076509,48,-3.1892734873414614,0.0,-3.1892734873414614,0.02066713571548462,-0.07289595156908035,1.0673071146011353,0.028820787722892618,-0.10770836813347055,-0.007613829605734814,0.16,0.16,0.0,0.0,0.0,0.0,0.0,0.0,418.87902047863906,-0.035959179422654364,0.2731370849898467,0.0,0.24343009293079376,0.17715761065483093,-0.0008833322790451348
0.011875,76,rotor_0_blade_1,1.0672805309295654,-1.0672805309295654,567.1894119345003,-567.1894119345003,48,-3.2040247061410843,0.0,-3.2040247061410843,-0.020747603848576546,0.07321448624134064,1.0672805309295654,-0.02881978515027382,0.10770423551713983,-0.007649045546563665,0.16,0.16,0.0,0.0,0.0,0.0,0.0,0.0,418.87902047863906,-0.035959179422654364,0.2731370849898467,0.0,0.07656988501548767,0.14284241199493408,-0.0008833322790451348
0.0121875,78,rotor_0_blade_0,1.0679947137832642,-1.0679947137832642,567.5689531526375,-567.5689531526375,48,-3.2038758936862055,0.0,-3.2038758936862055,0.03013412468135357,-0.0698992982506752,1.0679947137832642,0.04265511708633162,-0.10308031239406361,-0.0076486902829968504,0.16,0.16,0.0,0.0,0.0,0.0,0.0,0.0,418.87902047863906,-0.04905007438022024,0.24659137602339062,0.0,0.24047686159610748,0.1879006028175354,-0.0008833322790451348
0.0121875,78,rotor_0_blade_1,1.067997694015503,-1.067997694015503,567.5705369500758,-567.5705369500758,48,-3.198550090768151,0.0,-3.198550090768151,-0.030080607160925865,0.06976378709077835,1.067997694015503,-0.04265486343226841,0.10307993459808949,-0.007635975865091727,0.16,0.16,0.0,0.0,0.0,0.0,0.0,0.0,418.87902047863906,-0.04905007438022024,0.24659137602339062,0.0,0.07952314615249634,0.13209937512874603,-0.0008833322790451348
0.0125,80,rotor_0_blade_0,1.0682258605957031,-1.0682258605957031,567.6917924819594,-567.6917924819594,48,-3.201063104015001,0.0,-3.201063104015001,0.038938313722610474,-0.0652572512626648,1.0682258605957031,0.05575130790000745,-0.09664407372494062,-0.0076419752422961,0.16,0.16,0.0,0.0,0.0,0.0,0.0,0.0,418.87902047863906,-0.05856406460551011,0.21856406460550912,0.0,0.23614656925201416,0.19816629588603973,-0.0008833322790451348
0.0125,80,rotor_0_blade_1,1.0682623386383057,-1.0682623386383057,567.7111781626054,-567.7111781626054,48,-3.2006331080345554,0.0,-3.2006331080345554,-0.03893233835697174,0.06524614244699478,1.0682623386383057,-0.05575309564531137,0.09664718490674341,-0.007640948702509137,0.16,0.16,0.0,0.0,0.0,0.0,0.0,0.0,418.87902047863906,-0.05856406460551011,0.21856406460550912,0.0,0.08385340124368668,0.12183375656604767,-0.0008833322790451348
0.0128125,82,rotor_0_blade_0,1.0679486989974976,-1.0679486989974976,567.5444993201886,-567.5444993201886,48,-3.1926893522951802,0.0,-3.1926893522951802,0.046949293464422226,-0.05938652530312538,1.0679486989974976,0.0678642925807471,-0.08851052354343772,-0.007621984382619594,0.16,0.16,0.0,0.0,0.0,0.0,0.0,0.0,418.87902047863906,-0.0643383630879927,0.18953470580520151,0.0,0.23051342368125916,0.20777885615825653,-0.0008833322790451348
0.0128125,82,rotor_0_blade_1,1.0680303573608398,-1.0680303573608398,567.5878953700006,-567.5878953700006,48,-3.1971418997674297,0.0,-3.1971418997674297,-0.04701722040772438,0.0594770573079586,1.0680303573608398,-0.06786998938364523,0.08851744157349727,-0.007632614056712992,0.16,0.16,0.0,0.0,0.0,0.0,0.0,0.0,418.87902047863906,-0.0643383630879927,0.18953470580520151,0.0,0.08948653191328049,0.1122211217880249,-0.0008833322790451348
0.013125,84,rotor_0_blade_0,1.067152976989746,-1.067152976989746,567.1216254041369,-567.1216254041369,48,-3.1891116911377533,0.0,-3.1891116911377533,0.05426953732967377,-0.052724264562129974,1.067152976989746,0.07876946844769811,-0.07883085073270284,-0.007613443345750909,0.16,0.16,0.0,0.0,0.0,0.0,0.0,0.0,418.87902047863906,-0.0662741699796949,0.15999999999999928,0.0,0.22367380559444427,0.21657395362854004,-0.0008833322790451348
0.013125,84,rotor_0_blade_1,1.0671706199645996,-1.0671706199645996,567.1310014849722,-567.1310014849722,48,-3.1884446740687875,0.0,-3.1884446740687875,-0.05428363382816315,0.05273847281932831,1.0671706199645996,-0.07877108436400986,0.07883237963700192,-0.00761185095979612,0.16,0.16,0.0,0.0,0.0,0.0,0.0,0.0,418.87902047863906,-0.0662741699796949,0.15999999999999928,0.0,0.09632617235183716,0.10342604666948318,-0.0008833322790451348
0.0134375,86,rotor_0_blade_0,1.0659312009811401,-1.0659312009811401,566.4723318062922,-566.4723318062922,48,-3.1805122816611,0.0,-3.1805122816611,0.060557771474123,-0.045094508677721024,1.0659312009811401,0.08827961558739071,-0.06779883882623744,-0.007592913767862699,0.16,0.16,0.0,0.0,0.0,0.0,0.0,0.0,418.87902047863906,-0.06433836308799251,0.13046529419479685,0.0,0.21574470400810242,0.22440102696418762,-0.0008833322790451348
0.0134375,86,rotor_0_blade_1,1.0659239292144775,-1.0659239292144775,566.4684673405426,-566.4684673405426,48,-3.186209363115764,0.0,-3.186209363115764,-0.06066412851214409,0.045178771018981934,1.0659239292144775,-0.08827918906110183,0.06779838050835983,-0.007606514547983303,0.16,0.16,0.0,0.0,0.0,0.0,0.0,0.0,418.87902047863906,-0.06433836308799251,0.13046529419479685,0.0,0.10425528138875961,0.09559895098209381,-0.0008833322790451348
0.01375,88,rotor_0_blade_0,1.0645064115524292,-1.0645064115524292,565.715149926944,-565.715149926944,48,-3.183208737623318,0.0,-3.183208737623318,0.06608462333679199,-0.036909159272909164,1.0645064115524292,0.09627411863346366,-0.055647115041424396,-0.007599351082290948,0.16,0.16,0.0,0.0,0.0,0.0,0.0,0.0,418.87902047863906,-0.0585640646055097,0.10143593539448909,0.0,0.20686177909374237,0.23112629354000092,-0.0008833322790451348
0.01375,88,rotor_0_blade_1,1.0644694566726685,-1.0644694566726685,565.6955108387078,-565.6955108387078,48,-3.1783703437595907,0.0,-3.1783703437595907,-0.06599646061658859,0.03685777261853218,1.0644694566726685,-0.09627201649779767,0.05564612089036265,-0.007587800267790383,0.16,0.16,0.0,0.0,0.0,0.0,0.0,0.0,418.87902047863906,-0.0585640646055097,0.10143593539448909,0.0,0.11313822865486145,0.08887374401092529,-0.0008833322790451348
0.0140625,90,rotor_0_blade_0,1.0620285272598267,-1.0620285272598267,564.3983173847643,-564.3983173847643,48,-3.189796215589642,0.0,-3.189796215589642,0.07067973911762238,-0.02813817374408245,1.0620285272598267,0.10259775647497944,-0.04257564608292651,-0.00761507752750369,0.16,0.16,0.0,0.0,0.0,0.0,0.0,0.0,418.87902047863906,-0.04905007438021969,0.07340862397660784,0.0,0.19717702269554138,0.23663444817066193,-0.0008833322790451348
0.0140625,90,rotor_0_blade_1,1.0620449781417847,-1.0620449781417847,564.4070599466241,-564.4070599466241,48,-3.1844472238298196,0.0,-3.1844472238298196,-0.07053302973508835,0.0280748400837183,1.0620449781417847,-0.10259906060402937,0.04257625724955954,-0.007602307750316686,0.16,0.16,0.0,0.0,0.0,0.0,0.0,0.0,418.87902047863906,-0.04905007438021969,0.07340862397660784,0.0,0.12282296270132065,0.0833655521273613,-0.0008833322790451348
0.014375,92,rotor_0_blade_0,1.052335500717163,-1.052335500717163,559.2471112442282,-559.2471112442282,48,-3.23668495342023,0.0,-3.23668495342023,0.0749572366476059,-0.019072722643613815,1.052335500717163,0.10653123295731626,-0.028657245960028634,-0.00772701614351986,0.16,0.16,0.0,0.0,0.0,0.0,0.0,0.0,418.87902047863906,-0.03595917942265353,0.04686291501015169,0.0,0.1868561953306198,0.2408314198255539,-0.0008833322790451348
0.014375,92,rotor_0_blade_1,1.0523176193237305,-1.0523176193237305,559.2376084595978,-559.2376084595978,48,-3.2312939930867417,0.0,-3.2312939930867417,-0.07488398253917694,0.019052589312195778,1.0523176193237305,-0.10652886215994622,0.02865668102449618,-0.007714146173743555,0.16,0.16,0.0,0.0,0.0,0.0,0.0,0.0,418.87902047863906,-0.03595917942265353,0.04686291501015169,0.0,0.1331438422203064,0.07916858047246933,-0.0008833322790451348
0.0146875,94,rotor_0_blade_0,1.0209848880767822,-1.0209848880767822,542.5863224150751,-542.5863224150751,48,-3.2992779205563023,0.0,-3.2992779205563023,0.07819575816392899,-0.009439717046916485,1.0209848880767822,0.10623964688492747,-0.014139998231122644,-0.007876445845357277,0.16,0.16,0.0,0.0,0.0,0.0,0.0,0.0,418.87902047863906,-0.01951536857501715,0.022253012935397998,0.0,0.1760757863521576,0.2436452955007553,-0.0008833322790451348
0.0146875,94,rotor_0_blade_1,1.0209609270095825,-1.0209609270095825,542.5735886836704,-542.5735886836704,48,-3.2968124647681947,0.0,-3.2968124647681947,-0.07812105864286423,0.009428930468857288,1.0209609270095825,-0.10623736781401785,0.014139838411459079,-0.007870560003222499,0.16,0.16,0.0,0.0,0.0,0.0,0.0,0.0,418.87902047863906,-0.01951536857501715,0.022253012935397998,0.0,0.14392419159412384,0.07635467499494553,-0.0008833322790451348
0.015,96,rotor_0_blade_0,0.965401291847229,-0.965401291847229,513.0472965029408,-513.0472965029408,48,-3.292586978293689,0.0,-3.292586978293689,0.07848986983299255,0.000744722259696573,0.965401291847229,0.1011778449014258,-0.00015053910920598954,-0.007860472397331716,0.16,0.16,0.0,0.0,0.0,0.0,0.0,0.0,418.87902047863906,8.049116928532385e-16,-4.718447854656915e-16,0.0,0.16502033174037933,0.2450280338525772,-0.0008833322790451348
0.015,96,rotor_0_blade_1,0.9654170274734497,-0.9654170274734497,513.0556589534154,-513.0556589534154,48,-3.301890542068928,0.0,-3.301890542068928,-0.07873361557722092,-0.0007413041312247515,0.9654170274734497,-0.1011790683866478,0.0001503560671827005,-0.007882683019779716,0.16,0.16,0.0,0.0,0.0,0.0,0.0,0.0,418.87902047863906,8.049116928532385e-16,-4.718447854656915e-16,0.0,0.1549796313047409,0.07497196644544601,-0.0008833322790451348
0.0153125,98,rotor_0_blade_0,0.9153798222541809,-0.9153798222541809,486.4641751019819,-486.4641751019819,48,-3.2180178675507234,0.0,-3.2180178675507234,0.0760192796587944,0.010740188881754875,0.9153798222541809,0.09496801028903655,0.01240395674835078,-0.0076824517586810675,0.16,0.16,0.0,0.0,0.0,0.0,0.0,0.0,418.87902047863906,0.02225301293539958,-0.01951536857501837,0.0,0.15387901663780212,0.244955912232399,-0.0008833322790451348
0.0153125,98,rotor_0_blade_1,0.9153808355331421,-0.9153808355331421,486.4647135931109,-486.4647135931109,48,-3.216330491556176,0.0,-3.216330491556176,-0.07600541412830353,-0.010738044045865536,0.9153808355331421,-0.09496824654459336,-0.012403990660967746,-0.007678423445225265,0.16,0.16,0.0,0.0,0.0,0.0,0.0,0.0,418.87902047863906,0.02225301293539958,-0.01951536857501837,0.0,0.1661209762096405,0.07504409551620483,-0.0008833322790451348
0.015625,100,rotor_0_blade_0,0.8914096355438232,-0.8914096355438232,473.7255972771183,-473.7255972771183,48,-3.161190126294831,0.0,-3.161190126294831,0.07263664156198502,0.020226120948791504,0.8914096355438232,0.09018702829533451,0.02410860275643433,-0.007546785519796729,0.16,0.16,0.0,0.0,0.0,0.0,0.0,0.0,418.87902047863906,0.04686291501015338,-0.03595917942265456,0.0,0.14284241199493408,0.24343015253543854,-0.0008833322790451348
0.015625,100,rotor_0_blade_1,0.8913946151733398,-0.8913946151733398,473.7176149380288,-473.7176149380288,48,-3.159937352050548,0.0,-3.159937352050548,-0.07263513654470444,-0.020224470645189285,0.8913946151733398,-0.09018539737089919,-0.024108177748731533,-0.007543794741593392,0.16,0.16,0.0,0.0,0.0,0.0,0.0,0.0,418.87902047863906,0.04686291501015338,-0.03595917942265456,0.0,0.17715759575366974,0.07656983286142349,-0.0008833322790451348
0.0159375,102,rotor_0_blade_0,0.8831382989883423,-0.8831382989883423,469.3299258665947,-469.3299258665947,48,-3.1504238639220126,0.0,-3.1504238639220126,0.06902187317609787,0.029389342293143272,0.8831382989883423,0.08559553324370738,0.03541423637745227,-0.007521082961667855,0.16,0.16,0.0,0.0,0.0,0.0,0.0,0.0,418.87902047863906,0.07340862397660947,-0.04905007438022044,0.0,0.13209937512874603,0.24047690629959106,-0.0008833322790451348
0.0159375,102,rotor_0_blade_1,0.8831068873405457,-0.8831068873405457,469.313232641594,-469.313232641594,48,-3.149504723827509,0.0,-3.149504723827509,-0.0689854845404625,-0.029373345896601677,0.8831068873405457,-0.08559357212226879,-0.035413276756724614,-0.007518888676326341,0.16,0.16,0.0,0.0,0.0,0.0,0.0,0.0,418.87902047863906,0.07340862397660947,-0.04905007438022044,0.0,0.1879006028175354,0.07952310889959335,-0.0008833322790451348
0.01625,104,rotor_0_blade_0,0.8795602321624756,-0.8795602321624756,467.42841866205674,-467.42841866205674,48,-3.1498602075182167,0.0,-3.1498602075182167,0.06455916911363602,0.03812231123447418,0.8795602321624756,0.07999059993735202,0.046146999873843346,-0.007519737331124812,0.16,0.16,0.0,0.0,0.0,0.0,0.0,0.0,418.87902047863906,0.101435935394491,-0.05856406460551031,0.0,0.12183374166488647,0.23614661395549774,-0.0008833322790451348
0.01625,104,rotor_0_blade_1,0.879555881023407,-0.879555881023407,467.42610631779667,-467.42610631779667,48,-3.153752864874199,0.0,-3.153752864874199,-0.06458234041929245,-0.03813476860523224,0.879555881023407,-0.07999057597029155,-0.04614689620839068,-0.007529030366024325,0.16,0.16,0.0,0.0,0.0,0.0,0.0,0.0,418.87902047863906,0.101435935394491,-0.05856406460551031,0.0,0.19816631078720093,0.08385337144136429,-0.0008833322790451348
0.0165625,106,rotor_0_blade_0,0.8774321675300598,-0.8774321675300598,466.29749226319586,-466.29749226319586,48,-3.1545146905183783,0.0,-3.1545146905183783,0.05909650772809982,0.04626869037747383,0.8774321675300598,0.07314272361887594,0.05608969969221287,-0.007530849090780005,0.16,0.16,0.0,0.0,0.0,0.0,0.0,0.0,418.87902047863906,0.13046529419479883,-0.0643383630879929,0.0,0.1122211143374443,0.23051349818706512,-0.0008833322790451348
0.0165625,106,rotor_0_blade_1,0.877393364906311,-0.877393364906311,466.27687122054795,-466.27687122054795,48,-3.153168289577988,0.0,-3.153168289577988,-0.059072524309158325,-0.046250052750110626,0.877393364906311,-0.07314081950435243,-0.05608800845299997,-0.007527634795304305,0.16,0.16,0.0,0.0,0.0,0.0,0.0,0.0,418.87902047863906,0.13046529419479883,-0.0643383630879929,0.0,0.20777885615825653,0.0894864872097969,-0.0008833322790451348
0.016875,108,rotor_0_blade_0,0.8759996294975281,-0.8759996294975281,465.53619251050776,-465.53619251050776,48,-3.153419406965534,0.0,-3.153419406965534,0.0525214821100235,0.053553760051727295,0.8759996294975281,0.06510800446273976,0.06507179531948752,-0.007528234293907169,0.16,0.16,0.0,0.0,0.0,0.0,0.0,0.0,418.87902047863906,0.1600000000000011,-0.06627416997969504,0.0,0.1034260243177414,0.22367386519908905,-0.0008833322790451348
0.016875,108,rotor_0_blade_1,0.8760019540786743,-0.8760019540786743,465.5374278725097,-465.5374278725097,48,-3.1548645916511684,0.0,-3.1548645916511684,-0.0525566004216671,-0.053589027374982834,0.8760019540786743,-0.06510819669629975,-0.06507192824385272,-0.007531684418203161,0.16,0.16,0.0,0.0,0.0,0.0,0.0,0.0,418.87902047863906,0.1600000000000011,-0.06627416997969504,0.0,0.21657395362854004,0.09632614254951477,-0.0008833322790451348
0.0171875,110,rotor_0_blade_0,0.8749834299087524,-0.8749834299087524,464.99614925996354,-464.99614925996354,48,-3.153668322431668,0.0,-3.153668322431668,0.04510081186890602,0.05997363105416298,0.8749834299087524,0.056001746810364655,0.07294282644228163,-0.007528828535809879,0.16,0.16,0.0,0.0,0.0,0.0,0.0,0.0,418.87902047863906,0.18953470580520337,-0.06433836308799265,0.0,0.09559891372919083,0.2157447338104248,-0.0008833322790451348
0.0171875,110,rotor_0_blade_1,0.8749585151672363,-0.8749585151672363,464.98290871337855,-464.98290871337855,48,-3.1519802537773693,0.0,-3.1519802537773693,-0.04505740478634834,-0.05991875380277634,0.8749585151672363,-0.05600100233710872,-0.07294161984431564,-0.007524798568750726,0.16,0.16,0.0,0.0,0.0,0.0,0.0,0.0,418.87902047863906,0.18953470580520337,-0.06433836308799265,0.0,0.22440105676651,0.10425526648759842,-0.0008833322790451348
0.0175,112,rotor_0_blade_0,0.8742319345474243,-0.8742319345474243,464.5967788978977,-464.5967788978977,48,-3.154102185655605,0.0,-3.154102185655605,0.03689685836434364,0.06536243110895157,0.8742319345474243,0.04596659126815676,0.07956930256955429,-0.007529864307960608,0.16,0.16,0.0,0.0,0.0,0.0,0.0,0.0,418.87902047863906,0.21856406460551137,-0.058564064605509725,0.0,0.0888737216591835,0.20686180889606476,-0.0008833322790451348
0.0175,112,rotor_0_blade_1,0.8742499351501465,-0.8742499351501465,464.6063450344256,-464.6063450344256,48,-3.152537882078119,0.0,-3.152537882078119,-0.03687356784939766,-0.06532257795333862,0.8742499351501465,-0.045967318037989785,-0.07957066524717166,-0.00752612980825781,0.16,0.16,0.0,0.0,0.0,0.0,0.0,0.0,418.87902047863906,0.21856406460551137,-0.058564064605509725,0.0,0.23112629354000092,0.11313819885253906,-0.0008833322790451348
0.0178125,114,rotor_0_blade_0,0.8736274242401123,-0.8736274242401123,464.2755214254935,-464.2755214254935,48,-3.155888742924117,0.0,-3.155888742924117,0.028058843687176704,0.06963744759559631,0.8736274242401123,0.035165273987186906,0.0848359781959738,-0.007534129399266615,0.16,0.16,0.0,0.0,0.0,0.0,0.0,0.0,418.87902047863906,0.2465913760233926,-0.04905007438021966,0.0,0.08336551487445831,0.19717705249786377,-0.0008833322790451348
0.0178125,114,rotor_0_blade_1,0.8736240863800049,-0.8736240863800049,464.2737475723625,-464.2737475723625,48,-3.1548254941286187,0.0,-3.1548254941286187,-0.028041157871484756,-0.06959565728902817,0.8736240863800049,-0.03516527018908538,-0.08483587144621074,-0.007531591079743514,0.16,0.16,0.0,0.0,0.0,0.0,0.0,0.0,418.87902047863906,0.2465913760233926,-0.04905007438021966,0.0,0.2366344928741455,0.12282294034957886,-0.0008833322790451348
0.018125,116,rotor_0_blade_0,0.8730756640434265,-0.8730756640434265,463.98229716774887,-463.98229716774887,48,-3.155315843087653,0.0,-3.155315843087653,0.01872667856514454,0.07268950343132019,0.8730756640434265,0.023777270313887613,0.08864883923476093,-0.007532761701653568,0.16,0.16,0.0,0.0,0.0,0.0,0.0,0.0,418.87902047863906,0.27313708498984873,-0.03595917942265345,0.0,0.07916855812072754,0.1868561953306198,-0.0008833322790451348
0.018125,116,rotor_0_blade_1,0.8730775117874146,-0.8730775117874146,463.9832791221607,-463.9832791221607,48,-3.1543921172164566,0.0,-3.1543921172164566,-0.01873127371072769,-0.07270385324954987,0.8730775117874146,-0.023777331045368454,-0.08864926286103866,-0.007530556468576626,0.16,0.16,0.0,0.0,0.0,0.0,0.0,0.0,418.87902047863906,0.27313708498984873,-0.03595917942265345,0.0,0.24083144962787628,0.133143812417984,-0.0008833322790451348
0.0184375,118,rotor_0_blade_0,0.8724778294563293,-0.8724778294563293,463.6645874016067,-463.6645874016067,48,-3.1545429395926075,0.0,-3.1545429395926075,0.009077305905520916,0.0744924247264862,0.8724778294563293,0.011995590909991877,0.09093769162550666,-0.0075309165304770255,0.16,0.16,0.0,0.0,0.0,0.0,0.0,0.0,418.87902047863906,0.2977469870646024,-0.01951536857501701,0.0,0.07635464519262314,0.1760757863521576,-0.0008833322790451348
0.0184375,118,rotor_0_blade_1,0.8724722266197205,-0.8724722266197205,463.6616098624225,-463.6616098624225,48,-3.151497931989044,0.0,-3.151497931989044,-0.009068910963833332,-0.07443732023239136,0.8724722266197205,-0.011995592335412324,-0.09093715966559046,-0.007523647110299133,0.16,0.16,0.0,0.0,0.0,0.0,0.0,0.0,418.87902047863906,0.2977469870646024,-0.01951536857501701,0.0,0.2436453402042389,0.14392416179180145,-0.0008833322790451348
0.01875,120,rotor_0_blade_0,0.8717535734176636,-0.8717535734176636,463.2796929481278,-463.2796929481278,48,-3.155470566919218,0.0,-3.155470566919218,-0.0007213095086626709,0.07508322596549988,0.8717535734176636,2.3626102133105793e-05,0.09165760722521973,-0.007533131077592683,0.16,0.16,0.0,0.0,0.0,0.0,0.0,0.0,418.87902047863906,0.3200000000000009,9.992007221626409e-16,0.0,0.07497193664312363,0.16502036154270172,-0.0008833322790451348
0.01875,120,rotor_0_blade_1,0.8717630505561829,-0.8717630505561829,463.28472942398184,-463.28472942398184,48,-3.158029623913345,0.0,-3.158029623913345,0.0007204261492006481,-0.0751194953918457,0.8717630505561829,-2.359072038681641e-05,-0.09165913427646917,-0.007539240376146721,0.16,0.16,0.0,0.0,0.0,0.0,0.0,0.0,418.87902047863906,0.3200000000000009,9.992007221626409e-16,0.0,0.2450280785560608,0.1549796313047409,-0.0008833322790451348
0.0190625,122,rotor_0_blade_0,0.8708059191703796,-0.8708059191703796,462.77607703866664,-462.77607703866664,48,-3.156029246165014,0.0,-3.156029246165014,-0.010512596927583218,0.07434321194887161,0.8708059191703796,-0.011928242696374158,0.09078946477389263,-0.0075344648260462525,0.16,0.16,0.0,0.0,0.0,0.0,0.0,0.0,418.87902047863906,0.33951536857501874,0.02225301293539983,0.0,0.07504406571388245,0.15387903153896332,-0.0008833322790451348
0.0190625,122,rotor_0_blade_1,0.8707903623580933,-0.8707903623580933,462.7678096160382,-462.7678096160382,48,-3.1580113900616777,0.0,-3.1580113900616777,0.010514101013541222,-0.0743633508682251,0.8707903623580933,0.011928027445111084,-0.09078800232094915,-0.007539196846032355,0.16,0.16,0.0,0.0,0.0,0.0,0.0,0.0,418.87902047863906,0.33951536857501874,0.02225301293539983,0.0,0.24495597183704376,0.1661209762096405,-0.0008833322790451348
0.019375,124,rotor_0_blade_0,0.8695604801177979,-0.8695604801177979,462.1142080891611,-462.1142080891611,48,-3.153796671230186,0.0,-3.153796671230186,-0.020111573860049248,0.0722913146018982,0.8695604801177979,-0.02364621520224723,0.08834494104779697,-0.007529134945995738,0.16,0.16,0.0,0.0,0.0,0.0,0.0,0.0,418.87902047863906,0.35595917942265487,0.04686291501015369,0.0,0.0765698179602623,0.14284241199493408,-0.0008833322790451348
0.019375,124,rotor_0_blade_1,0.8695683479309082,-0.8695683479309082,462.1183893143984,-462.1183893143984,48,-3.1553061555863677,0.0,-3.1553061555863677,0.020115843042731285,-0.07230785489082336,0.8695683479309082,0.023646542072801632,-0.08834601041296972,-0.007532738574447832,0.16,0.16,0.0,0.0,0.0,0.0,0.0,0.0,418.87902047863906,0.35595917942265487,0.04686291501015369,0.0,0.2434302121400833,0.17715759575366974,-0.0008833322790451348
0.0196875,126,rotor_0_blade_0,0.8679714798927307,-0.8679714798927307,461.26975897095724,-461.26975897095724,48,-3.1538050201962666,0.0,-3.1538050201962666,-0.02936401590704918,0.06902877241373062,0.8679714798927307,-0.034918434913097006,0.0843669976151708,-0.00752915487768406,0.16,0.16,0.0,0.0,0.0,0.0,0.0,0.0,418.87902047863906,0.36905007438022075,0.07340862397661001,0.0,0.07952308654785156,0.13209937512874603,-0.0008833322790451348
0.0196875,126,rotor_0_blade_1,0.8679760098457336,-0.8679760098457336,461.2721663430636,-461.2721663430636,48,-3.1547996959246096,0.0,-3.1547996959246096,0.02937455102801323,-0.06905613094568253,0.8679760098457336,0.03491870544813537,-0.08436761605513803,-0.00753152949106815,0.16,0.16,0.0,0.0,0.0,0.0,0.0,0.0,418.87902047863906,0.36905007438022075,0.07340862397661001,0.0,0.24047695100307465,0.1879006177186966,-0.0008833322790451348
0.02,128,rotor_0_blade_0,0.8659987449645996,-0.8659987449645996,460.2213800945855,-460.2213800945855,48,-3.1488254460500444,0.0,-3.1488254460500444,-0.038054779171943665,0.0644940659403801,0.8659987449645996,-0.045538956065746435,0.07892759669977435,-0.007517267020086102,0.16,0.16,0.0,0.0,0.0,0.0,0.0,0.0,418.87902047863906,0.3785640646055104,0.10143593539449117,0.0,0.0838533341884613,0.12183372676372528,-0.0008833322790451348
0.02,128,rotor_0_blade_1,0.8659986853599548,-0.8659986853599548,460.22134841863675,-460.22134841863675,48,-3.1516136339729104,0.0,-3.1516136339729104,0.03808731585741043,-0.06455281376838684,0.8659986853599548,0.045539134614352966,-0.07892783283105251,-0.007523923328439001,0.16,0.16,0.0,0.0,0.0,0.0,0.0,0.0,418.87902047863906,0.3785640646055104,0.10143593539449117,0.0,0.23614665865898132,0.19816631078720093,-0.0008833322790451348
0.0203125,130,rotor_0_blade_0,0.8636089563369751,-0.8636089563369751,458.9513646046847,-458.9513646046847,48,-3.151822749767728,0.0,-3.151822749767728,-0.046172112226486206,0.059017542749643326,0.8636089563369751,-0.055311779544626516,0.07212659248000285,-0.0075244225556253585,0.16,0.16,0.0,0.0,0.0,0.0,0.0,0.0,418.87902047863906,0.38433836308799296,0.13046529419479921,0.0,0.08948647230863571,0.1122211143374443,-0.0008833322790451348
0.0203125,130,rotor_0_blade_1,0.8636149764060974,-0.8636149764060974,458.95456387551025,-458.95456387551025,48,-3.14712740616009,0.0,-3.14712740616009,0.04610495641827583,-0.0589277409017086,0.8636149764060974,0.05531241409710284,-0.07212747205907163,-0.007513213248455299,0.16,0.16,0.0,0.0,0.0,0.0,0.0,0.0,418.87902047863906,0.38433836308799296,0.13046529419479921,0.0,0.2305135279893875,0.20777887105941772,-0.0008833322790451348
0.020625,132,rotor_0_blade_0,0.8608512878417969,-0.8608512878417969,457.48584515898835,-457.48584515898835,48,-3.1450062548864453,0.0,-3.1450062548864453,-0.053343407809734344,0.052353885024785995,0.8608512878417969,-0.06406128832499147,0.06409833081507046,-0.007508149372801607,0.16,0.16,0.0,0.0,0.0,0.0,0.0,0.0,418.87902047863906,0.3862741699796951,0.1600000000000017,0.0,0.09632612019777298,0.1034260019659996,-0.0008833322790451348
0.020625,132,rotor_0_blade_1,0.8608490824699402,-0.8608490824699402,457.4846731488839,-457.4846731488839,48,-3.1427664528986266,0.0,-3.1427664528986266,0.053310856223106384,-0.05232050642371178,0.8608490824699402,0.06406112985528756,-0.06409825258023166,-0.007502802239432981,0.16,0.16,0.0,0.0,0.0,0.0,0.0,0.0,418.87902047863906,0.3862741699796951,0.1600000000000017,0.0,0.22367388010025024,0.21657396852970123,-0.0008833322790451348
0.0209375,134,rotor_0_blade_0,0.8578914999961853,-0.8578914999961853,455.91291257101994,-455.91291257101994,48,-3.1416789162220913,0.0,-3.1416789162220913,-0.05965853109955788,0.044902410358190536,0.8578914999961853,-0.07164520976594621,0.055008073646725976,-0.0075002059368650155,0.16,0.16,0.0,0.0,0.0,0.0,0.0,0.0,418.87902047863906,0.38433836308799263,0.18953470580520373,0.0,0.10425524413585663,0.09559889137744904,-0.0008833322790451348
0.0209375,134,rotor_0_blade_1,0.8578988909721375,-0.8578988909721375,455.9168403886672,-455.9168403886672,48,-3.1428699885334117,0.0,-3.1428699885334117,0.059662312269210815,-0.04490521550178528,0.8578988909721375,0.07164602041634024,-0.05500875806546158,-0.007503049412553914,0.16,0.16,0.0,0.0,0.0,0.0,0.0,0.0,418.87902047863906,0.38433836308799263,0.18953470580520373,0.0,0.215744748711586,0.22440105676651,-0.0008833322790451348
0.02125,136,rotor_0_blade_0,0.8553035855293274,-0.8553035855293274,454.5376062274146,-454.5376062274146,48,-3.135689338711889,0.0,-3.135689338711889,-0.06486827880144119,0.03665248677134514,0.8553035855293274,-0.07799940653101566,0.04506256299944888,-0.007485906873848304,0.16,0.16,0.0,0.0,0.0,0.0,0.0,0.0,418.87902047863906,0.3785640646055096,0.2185640646055117,0.0,0.11313819140195847,0.08887369930744171,-0.0008833322790451348
0.02125,136,rotor_0_blade_1,0.8552988767623901,-0.8552988767623901,454.5351038274619,-454.5351038274619,48,-3.136808298951378,0.0,-3.136808298951378,0.06491220742464066,-0.0366789810359478,0.8552988767623901,0.07799885165710549,-0.0450622280698293,-0.007488578194646874,0.16,0.16,0.0,0.0,0.0,0.0,0.0,0.0,418.87902047863906,0.3785640646055096,0.2185640646055117,0.0,0.20686183869838715,0.23112629354000092,-0.0008833322790451348
0.0215625,138,rotor_0_blade_0,0.8540864586830139,-0.8540864586830139,453.89078335357374,-453.89078335357374,48,-3.1290876822143496,0.0,-3.1290876822143496,-0.06900601089000702,0.027835329994559288,0.8540864586830139,-0.08316073864992442,0.03447394508161503,-0.007470146579885633,0.16,0.16,0.0,0.0,0.0,0.0,0.0,0.0,418.87902047863906,0.3690500743802194,0.2465913760233931,0.0,0.12282291054725647,0.08336548507213593,-0.0008833322790451348
0.0215625,138,rotor_0_blade_1,0.8540879487991333,-0.8540879487991333,453.89157525229297,-453.89157525229297,48,-3.1302466699957523,0.0,-3.1302466699957523,0.06904254108667374,-0.02785036526620388,0.8540879487991333,0.08316104330913592,-0.03447405995685415,-0.007472913459401534,0.16,0.16,0.0,0.0,0.0,0.0,0.0,0.0,418.87902047863906,0.3690500743802194,0.2465913760233931,0.0,0.19717708230018616,0.2366344928741455,-0.0008833322790451348
0.021875,140,rotor_0_blade_0,0.8544245958328247,-0.8544245958328247,454.07048101093415,-454.07048101093415,48,-3.1277152960404644,0.0,-3.1277152960404644,-0.07204502820968628,0.01859246753156185,0.8544245958328247,-0.08711876964119919,0.023373213250277147,-0.0074668702492345605,0.16,0.16,0.0,0.0,0.0,0.0,0.0,0.0,418.87902047863906,0.3559591794226533,0.27313708498984884,0.0,0.133143812417984,0.07916852831840515,-0.0008833322790451348
0.021875,140,rotor_0_blade_1,0.8544241786003113,-0.8544241786003113,454.07025927929277,-454.07025927929277,48,-3.129964312496162,0.0,-3.129964312496162,0.07209207862615585,-0.01860535517334938,0.8544241786003113,0.08711880505933531,-0.02337323502109435,-0.007472239380524851,0.16,0.16,0.0,0.0,0.0,0.0,0.0,0.0,418.87902047863906,0.3559591794226533,0.27313708498984884,0.0,0.1868562400341034,0.24083149433135986,-0.0008833322790451348
0.0221875,142,rotor_0_blade_0,0.8529880046844482,-0.8529880046844482,453.30702729372985,-453.30702729372985,48,-3.133602753252721,0.0,-3.133602753252721,-0.07397408783435822,0.009061124175786972,0.8529880046844482,-0.08942306699215392,0.011810936034969218,-0.007480925517998151,0.16,0.16,0.0,0.0,0.0,0.0,0.0,0.0,418.87902047863906,0.33951536857501674,0.2977469870646027,0.0,0.14392416179180145,0.07635461539030075,-0.0008833322790451348
0.0221875,142,rotor_0_blade_1,0.8529912233352661,-0.8529912233352661,453.3087377949633,-453.3087377949633,48,-3.1334365087958536,0.0,-3.1334365087958536,0.0739620104432106,-0.009059482254087925,0.8529912233352661,0.08942360232559934,-0.011811040043508587,-0.00748052863859207,0.16,0.16,0.0,0.0,0.0,0.0,0.0,0.0,418.87902047863906,0.33951536857501674,0.2977469870646027,0.0,0.17607581615447998,0.24364537000656128,-0.0008833322790451348
0.0225,144,rotor_0_blade_0,0.8450836539268494,-0.8450836539268494,449.1063846997703,-449.1063846997703,48,-3.1365582405199945,0.0,-3.1365582405199945,-0.07453128695487976,-0.0006464810576289892,0.8450836539268494,-0.08941129360860985,4.556009958829832e-05,-0.007487981224115627,0.16,0.16,0.0,0.0,0.0,0.0,0.0,0.0,418.87902047863906,0.3199999999999985,0.32000000000000123,0.0,0.1549796313047409,0.07497189939022064,-0.0008833322790451348
0.0225,144,rotor_0_blade_1,0.8450853824615479,-0.8450853824615479,449.10730330228455,-449.10730330228455,48,-3.136125666926876,0.0,-3.136125666926876,0.0745372474193573,0.0006467706989496946,0.8450853824615479,0.08941164721077831,-4.5583244975139485e-05,-0.00748694853073169,0.16,0.16,0.0,0.0,0.0,0.0,0.0,0.0,418.87902047863906,0.3199999999999985,0.32000000000000123,0.0,0.16502036154270172,0.24502810835838318,-0.0008833322790451348
0.0228125,146,rotor_0_blade_0,0.8324690461158752,-0.8324690461158752,442.40255025442616,-442.40255025442616,48,-3.1217713813231303,0.0,-3.1217713813231303,-0.07348458468914032,-0.0103092510253191,0.8324690461158752,-0.08728677978921082,-0.011447926254117564,-0.007452680198105855,0.16,0.16,0.0,0.0,0.0,0.0,0.0,0.0,418.87902047863906,0.2977469870646,0.3395153685750188,0.0,0.1661209762096405,0.07504403591156006,-0.0008833322790451348
0.0228125,146,rotor_0_blade_1,0.8324737548828125,-0.8324737548828125,442.40505265437884,-442.40505265437884,48,-3.119973080511177,0.0,-3.119973080511177,0.07343325018882751,0.010302959941327572,0.8324737548828125,0.08728741386074942,0.011447940298981251,-0.007448387071155028,0.16,0.16,0.0,0.0,0.0,0.0,0.0,0.0,418.87902047863906,0.2977469870646,0.3395153685750188,0.0,0.15387903153896332,0.24495598673820496,-0.0008833322790451348
0.023125,148,rotor_0_blade_0,0.8213902115821838,-0.8213902115821838,436.5148783050362,-436.5148783050362,48,-3.102910491597062,0.0,-3.102910491597062,-0.07109840959310532,-0.019694294780492783,0.8213902115821838,-0.08390323169991451,-0.022444886055441312,-0.00740765314064063,0.16,0.16,0.0,0.0,0.0,0.0,0.0,0.0,418.87902047863906,0.273137084989846,0.355959179422655,0.0,0.17715758085250854,0.07656976580619812,-0.0008833322790451348
0.023125,148,rotor_0_blade_1,0.8213930130004883,-0.8213930130004883,436.51636707462825,-436.51636707462825,48,-3.1028069865194183,0.0,-3.1028069865194183,0.07108345627784729,0.019691044464707375,0.8213930130004883,0.08390369870082212,0.022444975327851845,-0.007407406040469499,0.16,0.16,0.0,0.0,0.0,0.0,0.0,0.0,418.87902047863906,0.273137084989846,0.355959179422655,0.0,0.1428423970937729,0.2434302270412445,-0.0008833322790451348
0.0234375,150,rotor_0_blade_0,0.8138565421104431,-0.8138565421104431,432.51122843646425,-432.51122843646425,48,-3.091537179534381,0.0,-3.091537179534381,-0.06766252219676971,-0.028693493455648422,0.8138565421104431,-0.07957319857194185,-0.0329279183904069,-0.007380501358129096,0.16,0.16,0.0,0.0,0.0,0.0,0.0,0.0,418.87902047863906,0.24659137602339004,0.36905007438022064,0.0,0.1879006177186966,0.07952304929494858,-0.0008833322790451348
0.0234375,150,rotor_0_blade_1,0.8138597011566162,-0.8138597011566162,432.5129072617489,-432.5129072617489,48,-3.091687815323235,0.0,-3.091687815323235,0.06766291707754135,0.028693463653326035,0.8138597011566162,0.07957380178984333,0.03292816818155393,-0.007380860974585136,0.16,0.16,0.0,0.0,0.0,0.0,0.0,0.0,418.87902047863906,0.24659137602339004,0.36905007438022064,0.0,0.13209936022758484,0.24047695100307465,-0.0008833322790451348
0.02375,152,rotor_0_blade_0,0.8085014820098877,-0.8085014820098877,429.6653661713084,-429.6653661713084,48,-3.0835415928277627,0.0,-3.0835415928277627,-0.06314583867788315,-0.03716129809617996,0.8085014820098877,-0.07418007848713343,-0.04279748268027893,-0.007361413300919923,0.16,0.16,0.0,0.0,0.0,0.0,0.0,0.0,418.87902047863906,0.21856406460550848,0.3785640646055104,0.0,0.19816631078720093,0.08385329693555832,-0.0008833322790451348
0.02375,152,rotor_0_blade_1,0.8085006475448608,-0.8085006475448608,429.66492270802564,-429.66492270802564,48,-3.0810170729807074,0.0,-3.0810170729807074,0.06308923661708832,0.037130098789930344,0.8085006475448608,0.07418024518733222,0.042797511174695636,-0.007355386453731037,0.16,0.16,0.0,0.0,0.0,0.0,0.0,0.0,418.87902047863906,0.21856406460550848,0.3785640646055104,0.0,0.12183372676372528,0.2361466884613037,-0.0008833322790451348
0.0240625,154,rotor_0_blade_0,0.8042088150978088,-0.8042088150978088,427.3840960169919,-427.3840960169919,48,-3.0760679028379867,0.0,-3.0760679028379867,-0.057604335248470306,-0.04496432840824127,0.8042088150978088,-0.06766931051837788,-0.05189463966863681,-0.007343571180344784,0.16,0.16,0.0,0.0,0.0,0.0,0.0,0.0,418.87902047863906,0.18953470580520043,0.38433836308799296,0.0,0.2077789157629013,0.08948644250631332,-0.0008833322790451348
0.0240625,154,rotor_0_blade_1,0.8042161464691162,-0.8042161464691162,427.38799215869034,-427.38799215869034,48,-3.0772092920828302,0.0,-3.0772092920828302,0.057609621435403824,0.044968124479055405,0.8042161464691162,0.06767003843802964,0.05189514437447759,-0.007346296046449416,0.16,0.16,0.0,0.0,0.0,0.0,0.0,0.0,418.87902047863906,0.18953470580520043,0.38433836308799296,0.0,0.11222108453512192,0.2305135577917099,-0.0008833322790451348
0.024375,156,rotor_0_blade_0,0.8005651831626892,-0.8005651831626892,425.44774526880923,-425.44774526880923,48,-3.072498603672447,0.0,-3.072498603672447,-0.05116058886051178,-0.05200949311256409,0.8005651831626892,-0.060099979192288315,-0.06006972346088036,-0.007335050106261244,0.16,0.16,0.0,0.0,0.0,0.0,0.0,0.0,418.87902047863906,0.15999999999999837,0.386274169979695,0.0,0.21657396852970123,0.09632608294487,-0.0008833322790451348
0.024375,156,rotor_0_blade_1,0.800567090511322,-0.800567090511322,425.4487588991698,-425.4487588991698,48,-3.072050984647583,0.0,-3.072050984647583,0.05115679278969765,0.05200584977865219,0.800567090511322,0.060100264891186216,0.06006998314467914,-0.007333981494554807,0.16,0.16,0.0,0.0,0.0,0.0,0.0,0.0,418.87902047863906,0.15999999999999837,0.386274169979695,0.0,0.10342598706483841,0.22367392480373383,-0.0008833322790451348
0.0246875,158,rotor_0_blade_0,0.7974148988723755,-0.7974148988723755,423.7735763485786,-423.7735763485786,48,-3.067278526603288,0.0,-3.067278526603288,-0.04384465515613556,-0.058119036257267,0.7974148988723755,-0.05158295256377368,-0.06719248083975064,-0.007322588090228084,0.16,0.16,0.0,0.0,0.0,0.0,0.0,0.0,418.87902047863906,0.1304652941947959,0.3843383630879925,0.0,0.2244010716676712,0.10425522178411484,-0.0008833322790451348
0.0246875,158,rotor_0_blade_1,0.7974163293838501,-0.7974163293838501,423.774336571349,-423.774336571349,48,-3.0670460163499884,0.0,-3.0670460163499884,0.043832357972860336,0.058103423565626144,0.7974163293838501,0.051583179520398766,0.06719269690169305,-0.007322033012886101,0.16,0.16,0.0,0.0,0.0,0.0,0.0,0.0,418.87902047863906,0.1304652941947959,0.3843383630879925,0.0,0.09559886902570724,0.2157447785139084,-0.0008833322790451348
0.025,160,rotor_0_blade_0,0.7946820855140686,-0.7946820855140686,422.3212657735184,-422.3212657735184,48,-3.0632493304603843,0.0,-3.0632493304603843,-0.03581785038113594,-0.06322509050369263,0.7946820855140686,-0.042254676174873704,-0.07315219970871986,-0.007312969092985635,0.16,0.16,0.0,0.0,0.0,0.0,0.0,0.0,418.87902047863906,0.10143593539448795,0.3785640646055095,0.0,0.2311263233423233,0.11313816905021667,-0.0008833322790451348
0.025,160,rotor_0_blade_1,0.7946833372116089,-0.7946833372116089,422.32193096844253,-422.32193096844253,48,-3.064697849272122,0.0,-3.064697849272122,0.03583744168281555,0.06325790286064148,0.7946833372116089,0.04225487011373344,0.07315251044573078,-0.00731642717692138,0.16,0.16,0.0,0.0,0.0,0.0,0.0,0.0,418.87902047863906,0.10143593539448795,0.3785640646055095,0.0,0.08887368440628052,0.20686185359954834,-0.0008833322790451348
0.0253125,162,rotor_0_blade_0,0.792299211025238,-0.792299211025238,421.0549246936747,-421.0549246936747,48,-3.0581703858680336,0.0,-3.0581703858680336,-0.027216192334890366,-0.06724881380796432,0.792299211025238,-0.03226613655892573,-0.07785551786164573,-0.007300844005922198,0.16,0.16,0.0,0.0,0.0,0.0,0.0,0.0,418.87902047863906,0.07340862397660694,0.3690500743802194,0.0,0.2366345226764679,0.12282291054725647,-0.0008833322790451348
0.0253125,162,rotor_0_blade_1,0.792304277420044,-0.792304277420044,421.05761714932,-421.05761714932,48,-3.060820551948152,0.0,-3.060820551948152,0.027239462360739708,0.06730424612760544,0.792304277420044,0.0322664307888401,0.07785615164437842,-0.007307170811397178,0.16,0.16,0.0,0.0,0.0,0.0,0.0,0.0,418.87902047863906,0.07340862397660694,0.3690500743802194,0.0,0.08336546272039413,0.19717709720134735,-0.0008833322790451348
0.025625,164,rotor_0_blade_0,0.7902014851570129,-0.7902014851570129,419.9401213527367,-419.9401213527367,48,-3.057449956249708,0.0,-3.057449956249708,-0.018196776509284973,-0.07018044590950012,0.7902014851570129,-0.021780402886340335,-0.08122830224445692,-0.007299124106898603,0.16,0.16,0.0,0.0,0.0,0.0,0.0,0.0,418.87902047863906,0.04686291501015118,0.3559591794226533,0.0,0.24083149433135986,0.13314379751682281,-0.0008833322790451348
0.025625,164,rotor_0_blade_1,0.7902011871337891,-0.7902011871337891,419.9399629729928,-419.9399629729928,48,-3.057484283589367,0.0,-3.057484283589367,0.018198810517787933,0.0701877698302269,0.7902011871337891,0.021780491235807123,0.08122845385573443,-0.007299206057385452,0.16,0.16,0.0,0.0,0.0,0.0,0.0,0.0,418.87902047863906,0.04686291501015118,0.3559591794226533,0.0,0.07916849106550217,0.1868562400341034,-0.0008833322790451348
0.0259375,166,rotor_0_blade_0,0.7883034944534302,-0.7883034944534302,418.93146411611997,-418.93146411611997,48,-3.055876676112861,0.0,-3.055876676112861,-0.008875156752765179,-0.07189319282770157,0.7883034944534302,-0.010969582559551879,-0.08321495099292782,-0.00729536817723889,0.16,0.16,0.0,0.0,0.0,0.0,0.0,0.0,418.87902047863906,0.022253012935397387,0.33951536857501674,0.0,0.24364539980888367,0.14392414689064026,-0.0008833322790451348
0.0259375,166,rotor_0_blade_1,0.7883049249649048,-0.7883049249649048,418.93222433889036,-418.93222433889036,48,-3.0572794051310903,0.0,-3.0572794051310903,0.008880526758730412,0.0719277486205101,0.7883049249649048,0.01096961302809708,0.08321531664930379,-0.007298716946094935,0.16,0.16,0.0,0.0,0.0,0.0,0.0,0.0,418.87902047863906,0.022253012935397387,0.33951536857501674,0.0,0.07635458558797836,0.17607584595680237,-0.0008833322790451348
0.02625,168,rotor_0_blade_0,0.7865234613418579,-0.7865234613418579,417.98549358211494,-417.98549358211494,48,-3.051479844175655,0.0,-3.051479844175655,0.0005826327251270413,-0.07230690866708755,0.7865234613418579,-1.3452950079935978e-05,-0.0837818312374533,-0.007284871514187632,0.16,0.16,0.0,0.0,0.0,0.0,0.0,0.0,418.87902047863906,-8.881784197001252e-16,0.3199999999999988,0.0,0.24502810835838318,0.1549796313047409,-0.0008833322790451348
0.02625,168,rotor_0_blade_1,0.7865303754806519,-0.7865303754806519,417.989167992172,-417.989167992172,48,-3.0544474004762607,0.0,-3.0544474004762607,-0.0005814096075482666,0.0723966732621193,0.7865303754806519,1.342188783860132e-05,0.08378242413227605,-0.007291956032999804,0.16,0.16,0.0,0.0,0.0,0.0,0.0,0.0,418.87902047863906,-8.881784197001252e-16,0.3199999999999988,0.0,0.07497185468673706,0.1650203913450241,-0.0008833322790451348
0.0265625,170,rotor_0_blade_0,0.7847958207130432,-0.7847958207130432,417.0673662070769,-417.0673662070769,48,-3.051007297582604,0.0,-3.051007297582604,0.010011211037635803,-0.07160878926515579,0.7847958207130432,0.010903243223318933,-0.08291759425805133,-0.007283743392295752,0.16,0.16,0.0,0.0,0.0,0.0,0.0,0.0,418.87902047863906,-0.019515368575018732,0.2977469870646,0.0,0.24495601654052734,0.1661209762096405,-0.0008833322790451348
0.0265625,170,rotor_0_blade_1,0.7847999334335327,-0.7847999334335327,417.0695518475419,-417.0695518475419,48,-3.049799319906366,0.0,-3.049799319906366,-0.010006675496697426,0.0715683251619339,0.7847999334335327,-0.010903354721091978,0.08291891857320699,-0.0072808595580209825,0.16,0.16,0.0,0.0,0.0,0.0,0.0,0.0,418.87902047863906,-0.019515368575018732,0.2977469870646,0.0,0.07504400610923767,0.1538790464401245,-0.0008833322790451348
0.026875,172,rotor_0_blade_0,0.7830877900123596,-0.7830877900123596,416.1596602191835,-416.1596602191835,48,-3.047404031482881,0.0,-3.047404031482881,0.01924015022814274,-0.06957521289587021,0.7830877900123596,0.021595120107255603,-0.08064275074491693,-0.007275141228130056,0.16,0.16,0.0,0.0,0.0,0.0,0.0,0.0,418.87902047863906,-0.035959179422654974,0.273137084989846,0.0,0.2434302270412445,0.17715758085250854,-0.0008833322790451348
0.026875,172,rotor_0_blade_1,0.7830855846405029,-0.7830855846405029,416.1584882090791,-416.1584882090791,48,-3.0493352166657424,0.0,-3.0493352166657424,-0.019251205027103424,0.06961984187364578,0.7830855846405029,-0.021595065536326327,0.0806426198451341,-0.0072797515931482286,0.16,0.16,0.0,0.0,0.0,0.0,0.0,0.0,418.87902047863906,-0.035959179422654974,0.273137084989846,0.0,0.07656974345445633,0.1428423970937729,-0.0008833322790451348
0.0271875,174,rotor_0_blade_0,0.7813782691955566,-0.7813782691955566,415.2511623325709,-415.2511623325709,48,-3.0471694205080153,0.0,-3.0471694205080153,0.028140567243099213,-0.0664362832903862,0.7813782691955566,0.03188002215447988,-0.07699671104892249,-0.007274581135684754,0.16,0.16,0.0,0.0,0.0,0.0,0.0,0.0,418.87902047863906,-0.04905007438022066,0.24659137602339004,0.0,0.24047699570655823,0.1879006177186966,-0.0008833322790451348
0.0271875,174,rotor_0_blade_1,0.7813650965690613,-0.7813650965690613,415.2441619478932,-415.2441619478932,48,-3.0443905440481034,0.0,-3.0443905440481034,-0.02812494896352291,0.06639809161424637,0.7813650965690613,-0.03187948049680332,0.07699561056116079,-0.007267947056812203,0.16,0.16,0.0,0.0,0.0,0.0,0.0,0.0,418.87902047863906,-0.04905007438022066,0.24659137602339004,0.0,0.07952301949262619,0.13209936022758484,-0.0008833322790451348
0.0275,176,rotor_0_blade_0,0.7796693444252014,-0.7796693444252014,414.342981205446,-414.342981205446,48,-3.0401451959525123,0.0,-3.0401451959525123,0.0364856980741024,-0.06204923987388611,0.7796693444252014,0.04158329160505791,-0.07204711174069992,-0.007257812034793817,0.16,0.16,0.0,0.0,0.0,0.0,0.0,0.0,418.87902047863906,-0.05856406460551042,0.2185640646055085,0.0,0.2361467182636261,0.19816631078720093,-0.0008833322790451348
0.0275,176,rotor_0_blade_1,0.7796680927276611,-0.7796680927276611,414.34231601052187,-414.34231601052187,48,-3.0415662025462327,0.0,-3.0415662025462327,-0.03650227561593056,0.06207842379808426,0.7796680927276611,-0.04158342526565003,0.07204749154255838,-0.007261204438147169,0.16,0.16,0.0,0.0,0.0,0.0,0.0,0.0,418.87902047863906,-0.05856406460551042,0.2185640646055085,0.0,0.08385325968265533,0.12183371931314468,-0.0008833322790451348
0.0278125,178,rotor_0_blade_0,0.7780459523200989,-0.7780459523200989,413.4802550648031,-413.4802550648031,48,-3.0383715282476165,0.0,-3.0383715282476165,0.04422631859779358,-0.05669897422194481,0.7780459523200989,0.05054600428228305,-0.06588973416051049,-0.007253577715054267,0.16,0.16,0.0,0.0,0.0,0.0,0.0,0.0,418.87902047863906,-0.06433836308799298,0.18953470580520046,0.0,0.23051360249519348,0.2077789157629013,-0.0008833322790451348
0.0278125,178,rotor_0_blade_1,0.7780465483665466,-0.7780465483665466,413.48057182429073,-413.48057182429073,48,-3.038434028544382,0.0,-3.038434028544382,-0.04422658309340477,0.05669911950826645,0.7780465483665466,-0.050546174049363166,0.06589005167661487,-0.007253726923521892,0.16,0.16,0.0,0.0,0.0,0.0,0.0,0.0,418.87902047863906,-0.06433836308799298,0.18953470580520046,0.0,0.08948640525341034,0.11222107708454132,-0.0008833322790451348
0.028125,180,rotor_0_blade_0,0.776616096496582,-0.776616096496582,412.72038072980956,-412.72038072980956,48,-3.0348480878226383,0.0,-3.0348480878226383,0.05117195472121239,-0.05036469176411629,0.776616096496582,0.058626647389168236,-0.05863900808562087,-0.0072451661206493915,0.16,0.16,0.0,0.0,0.0,0.0,0.0,0.0,418.87902047863906,-0.06627416997969504,0.15999999999999837,0.0,0.22367392480373383,0.21657399833202362,-0.0008833322790451348
0.028125,180,rotor_0_blade_1,0.7766117453575134,-0.7766117453575134,412.7180683855495,-412.7180683855495,48,-3.0355121920108457,0.0,-3.0355121920108457,-0.051177430897951126,0.0503704771399498,0.7766117453575134,-0.058626251630363974,0.058638737858523,-0.0072467515526136094,0.16,0.16,0.0,0.0,0.0,0.0,0.0,0.0,418.87902047863906,-0.06627416997969504,0.15999999999999837,0.0,0.09632605314254761,0.10342597961425781,-0.0008833322790451348
0.0284375,182,rotor_0_blade_0,0.7756612300872803,-0.7756612300872803,412.2129320305475,-412.2129320305475,48,-3.0308241056251837,0.0,-3.0308241056251837,0.05719568580389023,-0.0431666299700737,0.7756612300872803,0.06571981658042157,-0.05043681325527982,-0.007235559570784811,0.16,0.16,0.0,0.0,0.0,0.0,0.0,0.0,418.87902047863906,-0.06433836308799251,0.1304652941947959,0.0,0.21574480831623077,0.22440113127231598,-0.0008833322790451348
0.0284375,182,rotor_0_blade_1,0.7756491303443909,-0.7756491303443909,412.20650181294764,-412.20650181294764,48,-3.0317273070386084,0.0,-3.0317273070386084,-0.05722285434603691,0.04318849742412567,0.7756491303443909,-0.06571917129079767,0.05043639183524525,-0.007237715805328122,0.16,0.16,0.0,0.0,0.0,0.0,0.0,0.0,418.87902047863906,-0.06433836308799251,0.1304652941947959,0.0,0.10425519198179245,0.09559884667396545,-0.0008833322790451348
0.02875,184,rotor_0_blade_0,0.7757726311683655,-0.7757726311683655,412.27213437879476,-412.27213437879476,48,-3.0284048514239976,0.0,-3.0284048514239976,0.06228204816579819,-0.035293493419885635,0.7757726311683655,0.07178161520543527,-0.04144694657711358,-0.007229784026814092,0.16,0.16,0.0,0.0,0.0,0.0,0.0,0.0,418.87902047863906,-0.05856406460550953,0.10143593539448796,0.0,0.20686188340187073,0.2311263531446457,-0.0008833322790451348
0.02875,184,rotor_0_blade_1,0.7757840156555176,-0.7757840156555176,412.27818448500943,-412.27818448500943,48,-3.027340413858814,0.0,-3.027340413858814,-0.0622781477868557,0.035291459411382675,0.7757840156555176,-0.07178319683849982,0.04144787952182698,-0.007227242869312417,0.16,0.16,0.0,0.0,0.0,0.0,0.0,0.0,418.87902047863906,-0.05856406460550953,0.10143593539448796,0.0,0.11313813924789429,0.08887365460395813,-0.0008833322790451348
0.0290625,186,rotor_0_blade_0,0.778005838394165,-0.778005838394165,413.45893715128227,-413.45893715128227,48,-3.0238708537384604,0.0,-3.0238708537384604,0.06625264883041382,-0.026809191331267357,0.778005838394165,0.07685164439861943,-0.03183213843007956,-0.007218959904659785,0.16,0.16,0.0,0.0,0.0,0.0,0.0,0.0,418.87902047863906,-0.04905007438021944,0.07340862397660694,0.0,0.19717712700366974,0.23663455247879028,-0.0008833322790451348
0.0290625,186,rotor_0_blade_1,0.7780076861381531,-0.7780076861381531,413.45991910569404,-413.45991910569404,48,-3.0224011324796516,0.0,-3.0224011324796516,-0.06622207909822464,0.026796311140060425,0.7780076861381531,-0.0768519022270046,0.03183230120439301,-0.007215451203610185,0.16,0.16,0.0,0.0,0.0,0.0,0.0,0.0,418.87902047863906,-0.04905007438021944,0.07340862397660694,0.0,0.12282288819551468,0.08336544036865234,-0.0008833322790451348
0.029375,188,rotor_0_blade_0,0.7830072641372681,-0.7830072641372681,416.116866012398,-416.116866012398,48,-3.021458733675001,0.0,-3.021458733675001,0.06913284212350845,-0.01790517196059227,0.7830072641372681,0.08094733983030994,-0.021685798580797878,-0.007213201392188325,0.16,0.16,0.0,0.0,0.0,0.0,0.0,0.0,418.87902047863906,-0.03595917942265317,0.04686291501015083,0.0,0.18685626983642578,0.24083149433135986,-0.0008833322790451348
0.029375,188,rotor_0_blade_1,0.7829781174659729,-0.7829781174659729,416.10137647345056,-416.10137647345056,48,-3.02327443658709,0.0,-3.02327443658709,-0.06917467713356018,0.017917323857545853,0.7829781174659729,-0.08094452026010383,0.02168515487724377,-0.007217536063593004,0.16,0.16,0.0,0.0,0.0,0.0,0.0,0.0,418.87902047863906,-0.03595917942265317,0.04686291501015083,0.0,0.13314376771450043,0.07916846126317978,-0.0008833322790451348
0.0296875,190,rotor_0_blade_0,0.7895931005477905,-0.7895931005477905,419.61680494366254,-419.61680494366254,48,-3.0319482447437824,0.0,-3.0319482447437824,0.07110606133937836,-0.00875082891434431,0.7895931005477905,0.08386046959311058,-0.011037431552836485,-0.007238243255246531,0.16,0.16,0.0,0.0,0.0,0.0,0.0,0.0,418.87902047863906,-0.01951536857501654,0.022253012935397026,0.0,0.17607584595680237,0.24364541471004486,-0.0008833322790451348
0.0296875,190,rotor_0_blade_1,0.7895917296409607,-0.7895917296409607,419.6160763968409,-419.6160763968409,48,-3.0316775116938306,0.0,-3.0316775116938306,-0.07110467553138733,0.008750672452151775,0.7895917296409607,-0.08386063007800931,0.011037546981145391,-0.007237596927699158,0.16,0.16,0.0,0.0,0.0,0.0,0.0,0.0,418.87902047863906,-0.01951536857501654,0.022253012935397026,0.0,0.14392416179180145,0.07635455578565598,-0.0008833322790451348
0.03,192,rotor_0_blade_0,0.7947627902030945,-0.7947627902030945,422.3641550081502,-422.3641550081502,48,-3.0452081166787806,0.0,-3.0452081166787806,0.07192346453666687,0.0006047299830242991,0.7947627902030945,0.08515633474217073,-2.5686267857713966e-06,-0.007269898867694837,0.16,0.16,0.0,0.0,0.0,0.0,0.0,0.0,418.87902047863906,1.4155343563970746e-15,-1.1934897514720433e-15,0.0,0.1650203913450241,0.24502815306186676,-0.0008833322790451348
0.03,192,rotor_0_blade_1,0.7947616577148438,-0.7947616577148438,422.3635531651236,-422.3635531651236,48,-3.0455456129227145,0.0,-3.0455456129227145,-0.07194767147302628,-0.000604518223553896,0.7947616577148438,-0.08515625360140382,2.6149970063225687e-06,-0.007270704580627292,0.16,0.16,0.0,0.0,0.0,0.0,0.0,0.0,418.87902047863906,1.4155343563970746e-15,-1.1934897514720433e-15,0.0,0.1549796164035797,0.07497182488441467,-0.0008833322790451348
0.0303125,194,rotor_0_blade_0,0.7960668206214905,-0.7960668206214905,423.0571614152946,-423.0571614152946,48,-3.053405886068281,0.0,-3.053405886068281,0.07146037369966507,0.010011665523052216,0.7960668206214905,0.0845096501093263,0.011116451066208337,-0.007289469600504833,0.16,0.16,0.0,0.0,0.0,0.0,0.0,0.0,418.87902047863906,0.0222530129354003,-0.019515368575019038,0.0,0.1538790762424469,0.24495603144168854,-0.0008833322790451348
0.0303125,194,rotor_0_blade_1,0.7960913777351379,-0.7960913777351379,423.070211906187,-423.070211906187,48,-3.05258802111131,0.0,-3.05258802111131,-0.07144204527139664,-0.010009149089455605,0.7960913777351379,-0.08451223398689328,-0.011116848439726249,-0.00728751709174458,0.16,0.16,0.0,0.0,0.0,0.0,0.0,0.0,418.87902047863906,0.0222530129354003,-0.019515368575019038,0.0,0.1661209762096405,0.07504396140575409,-0.0008833322790451348
0.030625,196,rotor_0_blade_0,0.7943292260169983,-0.7943292260169983,422.1337441568124,-422.1337441568124,48,-3.055332902878416,0.0,-3.055332902878416,0.06963618099689484,0.019272534176707268,0.7943292260169983,0.08207672797503623,0.021979002931186906,-0.007294070014266145,0.16,0.16,0.0,0.0,0.0,0.0,0.0,0.0,418.87902047863906,0.04686291501015437,-0.035959179422655224,0.0,0.14284244179725647,0.2434302568435669,-0.0008833322790451348
0.030625,196,rotor_0_blade_1,0.7943102121353149,-0.7943102121353149,422.1236395291554,-422.1236395291554,48,-3.0551180640399416,0.0,-3.0551180640399416,-0.06963736563920975,-0.019272832199931145,0.7943102121353149,-0.08207442765267974,-0.02197825973331339,-0.007293557124319476,0.16,0.16,0.0,0.0,0.0,0.0,0.0,0.0,418.87902047863906,0.04686291501015437,-0.035959179422655224,0.0,0.17715756595134735,0.07656970620155334,-0.0008833322790451348
0.0309375,198,rotor_0_blade_0,0.7919684052467346,-0.7919684052467346,420.8791231780128,-420.8791231780128,48,-3.049529150865708,0.0,-3.049529150865708,0.0664869099855423,0.02817748859524727,0.7919684052467346,0.07823901096756197,0.032391881309023055,-0.007280214576946616,0.16,0.16,0.0,0.0,0.0,0.0,0.0,0.0,418.87902047863906,0.07340862397661035,-0.049050074380220854,0.0,0.13209936022758484,0.24047702550888062,-0.0008833322790451348
0.0309375,198,rotor_0_blade_1,0.7919766902923584,-0.7919766902923584,420.8835261348915,-420.8835261348915,48,-3.051559051475627,0.0,-3.051559051475627,-0.06649652123451233,-0.028180956840515137,0.7919766902923584,-0.07823996784917822,-0.03239224517235605,-0.007285060607687423,0.16,0.16,0.0,0.0,0.0,0.0,0.0,0.0,418.87902047863906,0.07340862397661035,-0.049050074380220854,0.0,0.1879006177186966,0.0795229822397232,-0.0008833322790451348
0.03125,200,rotor_0_blade_0,0.7899675369262695,-0.7899675369262695,419.8157932538226,-419.8157932538226,48,-3.048433014188427,0.0,-3.048433014188427,0.06220659613609314,0.03659096360206604,0.7899675369262695,0.07317731051732501,0.04223079289485704,-0.0072775977433892115,0.16,0.16,0.0,0.0,0.0,0.0,0.0,0.0,418.87902047863906,0.10143593539449192,-0.058564064605510585,0.0,0.12183371931314468,0.23614679276943207,-0.0008833322790451348
0.03125,200,rotor_0_blade_1,0.7899544835090637,-0.7899544835090637,419.80885622104245,-419.80885622104245,48,-3.0491518834177747,0.0,-3.0491518834177747,-0.06222134083509445,-0.03659895434975624,0.7899544835090637,-0.07317618842654891,-0.042230094014995306,-0.007279313917258522,0.16,0.16,0.0,0.0,0.0,0.0,0.0,0.0,418.87902047863906,0.10143593539449192,-0.058564064605510585,0.0,0.19816632568836212,0.08385321497917175,-0.0008833322790451348
0.0315625,202,rotor_0_blade_0,0.7880625128746033,-0.7880625128746033,418.80339825525124,-418.80339825525124,48,-3.045007665444211,0.0,-3.045007665444211,0.056853458285331726,0.04435806721448898,0.7880625128746033,0.06692572470132302,0.05133319230531458,-0.0072694203256223775,0.16,0.16,0.0,0.0,0.0,0.0,0.0,0.0,418.87902047863906,0.13046529419479957,-0.06433836308799301,0.0,0.11222108453512192,0.23051363229751587,-0.0008833322790451348
0.0315625,202,rotor_0_blade_1,0.7880661487579346,-0.7880661487579346,418.8053304881261,-418.8053304881261,48,-3.048773442018178,0.0,-3.048773442018178,-0.05690395459532738,-0.04439559951424599,0.7880661487579346,-0.0669253802281177,-0.05133296911776038,-0.007278410454967275,0.16,0.16,0.0,0.0,0.0,0.0,0.0,0.0,418.87902047863906,0.13046529419479957,-0.06433836308799301,0.0,0.2077789455652237,0.08948637545108795,-0.0008833322790451348
0.031875,204,rotor_0_blade_0,0.7860721349716187,-0.7860721349716187,417.7456432980443,-417.7456432980443,48,-3.0450828425584997,0.0,-3.0450828425584997,0.050547294318675995,0.05136336013674736,0.7860721349716187,0.05955642401486864,0.059533101351526646,-0.007269599797762574,0.16,0.16,0.0,0.0,0.0,0.0,0.0,0.0,418.87902047863906,0.16000000000000128,-0.06627416997969504,0.0,0.10342594981193542,0.2236739844083786,-0.0008833322790451348
0.031875,204,rotor_0_blade_1,0.7860741019248962,-0.7860741019248962,417.7466886043536,-417.7466886043536,48,-3.048872541163039,0.0,-3.048872541163039,-0.05062267929315567,-0.05143658444285393,0.7860741019248962,-0.059556696961785734,-0.05953338285006114,-0.0072786470367486875,0.16,0.16,0.0,0.0,0.0,0.0,0.0,0.0,418.87902047863906,0.16000000000000128,-0.06627416997969504,0.0,0.216574028134346,0.09632602334022522,-0.0008833322790451348
0.0321875,206,rotor_0_blade_0,0.7839990854263306,-0.7839990854263306,416.64395379989617,-416.64395379989617,48,-3.046629248342969,0.0,-3.046629248342969,0.043408725410699844,0.05751124396920204,0.7839990854263306,0.05118906959111825,0.06668474306628634,-0.007273291569631937,0.16,0.16,0.0,0.0,0.0,0.0,0.0,0.0,418.87902047863906,0.18953470580520293,-0.06433836308799268,0.0,0.09559885412454605,0.21574485301971436,-0.0008833322790451348
0.0321875,206,rotor_0_blade_1,0.7840076684951782,-0.7840076684951782,416.64851513651877,-416.64851513651877,48,-3.0432717780715177,0.0,-3.0432717780715177,-0.04337216168642044,-0.057464879006147385,0.7840076684951782,-0.051189533222970575,-0.06668531352963572,-0.007265276199782154,0.16,0.16,0.0,0.0,0.0,0.0,0.0,0.0,418.87902047863906,0.18953470580520293,-0.06433836308799268,0.0,0.22440113127231598,0.10425516217947006,-0.0008833322790451348
0.0325,208,rotor_0_blade_0,0.7818857431411743,-0.7818857431411743,415.52085136038096,-415.52085136038096,48,-3.0389317638445683,0.0,-3.0389317638445683,0.03544757887721062,0.06253685057163239,0.7818857431411743,0.04197081231301718,0.07266560554690499,-0.007254915179022532,0.16,0.16,0.0,0.0,0.0,0.0,0.0,0.0,418.87902047863906,0.21856406460551014,-0.05856406460551003,0.0,0.08887363225221634,0.2068619281053543,-0.0008833322790451348
0.0325,208,rotor_0_blade_1,0.7819015383720398,-0.7819015383720398,415.5292454868044,-415.5292454868044,48,-3.03947947330215,0.0,-3.03947947330215,-0.03544359654188156,-0.06252980977296829,0.7819015383720398,-0.04197178041911042,-0.07266720357639404,-0.007256222739035816,0.16,0.16,0.0,0.0,0.0,0.0,0.0,0.0,418.87902047863906,0.21856406460551014,-0.05856406460551003,0.0,0.23112636804580688,0.1131381019949913,-0.0008833322790451348
0.0328125,210,rotor_0_blade_0,0.7798692584037781,-0.7798692584037781,414.4492223376136,-414.4492223376136,48,-3.0414414592022303,0.0,-3.0414414592022303,0.026974495500326157,0.06660173088312149,0.7798692584037781,0.03206970745963835,0.07738708070816454,-0.007260906635349932,0.16,0.16,0.0,0.0,0.0,0.0,0.0,0.0,418.87902047863906,0.24659137602339087,-0.049050074380220327,0.0,0.08336541801691055,0.19717714190483093,-0.0008833322790451348
0.0328125,210,rotor_0_blade_1,0.7798863649368286,-0.7798863649368286,414.45831333491,-414.45831333491,48,-3.0384254240684627,0.0,-3.0384254240684627,-0.02695283852517605,-0.06655101478099823,0.7798863649368286,-0.032070270694174084,-0.07738848160739213,-0.007253706381848762,0.16,0.16,0.0,0.0,0.0,0.0,0.0,0.0,418.87902047863906,0.24659137602339087,-0.049050074380220327,0.0,0.23663456737995148,0.12282286584377289,-0.0008833322790451348
0.033125,212,rotor_0_blade_0,0.7779593467712402,-0.7779593467712402,413.4342299112433,-413.4342299112433,48,-3.036205497731647,0.0,-3.036205497731647,0.018014851957559586,0.0694127231836319,0.7779593467712402,0.02165637877153854,0.08077404893023019,-0.0072484066981017,0.16,0.16,0.0,0.0,0.0,0.0,0.0,0.0,418.87902047863906,0.27313708498984646,-0.035959179422654725,0.0,0.07916846126317978,0.18685626983642578,-0.0008833322790451348
0.033125,212,rotor_0_blade_1,0.7779752612113953,-0.7779752612113953,413.4426873895643,-413.4426873895643,48,-3.0341656236566106,0.0,-3.0341656236566106,-0.018005451187491417,-0.06938014924526215,0.7779752612113953,-0.021656692377591172,-0.08077521941511313,-0.0072435368574667956,0.16,0.16,0.0,0.0,0.0,0.0,0.0,0.0,418.87902047863906,0.27313708498984646,-0.035959179422654725,0.0,0.24083153903484344,0.13314375281333923,-0.0008833322790451348
0.0334375,214,rotor_0_blade_0,0.7761669158935547,-0.7761669158935547,412.4816707798945,-412.4816707798945,48,-3.0288641292655054,0.0,-3.0288641292655054,0.008781218901276588,0.07101374119520187,0.7761669158935547,0.010909162026541156,0.08277498287575256,-0.00723088047189502,0.16,0.16,0.0,0.0,0.0,0.0,0.0,0.0,418.87902047863906,0.2977469870645998,-0.019515368575018954,0.0,0.07635452598333359,0.17607586085796356,-0.0008833322790451348
0.0334375,214,rotor_0_blade_1,0.7761709094047546,-0.7761709094047546,412.483793068462,-412.483793068462,48,-3.028865060516334,0.0,-3.028865060516334,-0.008780419826507568,-0.07100825756788254,0.7761709094047546,-0.010909255099854714,-0.08277521578318661,-0.0072308826950926094,0.16,0.16,0.0,0.0,0.0,0.0,0.0,0.0,418.87902047863906,0.2977469870645998,-0.019515368575018954,0.0,0.24364547431468964,0.14392414689064026,-0.0008833322790451348
0.03375,216,rotor_0_blade_0,0.7745441794395447,-0.7745441794395447,411.619293074688,-411.619293074688,48,-3.0314797203946395,0.0,-3.0314797203946395,-0.0005598104908131063,0.07153929024934769,0.7745441794395447,1.0415642916514939e-05,0.08336686069478955,-0.007237124735754655,0.16,0.16,0.0,0.0,0.0,0.0,0.0,0.0,418.87902047863906,0.3199999999999981,-1.6653345369377348e-15,0.0,0.07497180253267288,0.1650203913450241,-0.0008833322790451348
0.03375,216,rotor_0_blade_1,0.7745580077171326,-0.7745580077171326,411.62664189480216,-411.62664189480216,48,-3.028388982115881,0.0,-3.028388982115881,0.0005608664359897375,-0.07148931175470352,0.7745580077171326,-1.0432570528118726e-05,-0.08336805232953794,-0.007229746141631639,0.16,0.16,0.0,0.0,0.0,0.0,0.0,0.0,418.87902047863906,0.3199999999999981,-1.6653345369377348e-15,0.0,0.24502818286418915,0.15497960150241852,-0.0008833322790451348
0.0340625,218,rotor_0_blade_0,0.7730612754821777,-0.7730612754821777,410.83122714529105,-410.83122714529105,48,-3.024445968956751,0.0,-3.024445968956751,-0.009871414862573147,0.07069499045610428,0.7730612754821777,-0.010857393014190725,0.08254218909509187,-0.00722033289110736,0.16,0.16,0.0,0.0,0.0,0.0,0.0,0.0,418.87902047863906,0.3395153685750159,0.022253012935396194,0.0,0.0750439390540123,0.1538790762424469,-0.0008833322790451348
0.0340625,218,rotor_0_blade_1,0.7730637788772583,-0.7730637788772583,410.8325575351393,-410.8325575351393,48,-3.021866939111789,0.0,-3.021866939111789,0.009863434359431267,-0.07062920182943344,0.7730637788772583,0.010857328348058554,-0.08254228963014452,-0.0072141759108842515,0.16,0.16,0.0,0.0,0.0,0.0,0.0,0.0,418.87902047863906,0.3395153685750159,0.022253012935396194,0.0,0.24495606124401093,0.1661209762096405,-0.0008833322790451348
0.034375,220,rotor_0_blade_0,0.7717363834381104,-0.7717363834381104,410.12713415607783,-410.12713415607783,48,-3.022579802203796,0.0,-3.022579802203796,-0.018992461264133453,0.06872369349002838,0.7717363834381104,-0.021513041127451754,0.08031992434490162,-0.007215877746156863,0.16,0.16,0.0,0.0,0.0,0.0,0.0,0.0,418.87902047863906,0.35595917942265226,0.046862915010149206,0.0,0.07656968384981155,0.14284242689609528,-0.0008833322790451348
0.034375,220,rotor_0_blade_1,0.771750807762146,-0.771750807762146,410.1347997356797,-410.1347997356797,48,-3.02205286000947,0.0,-3.02205286000947,0.018988827243447304,-0.06871022284030914,0.771750807762146,0.021513296036183384,-0.0803209059296372,-0.007214619764332601,0.16,0.16,0.0,0.0,0.0,0.0,0.0,0.0,418.87902047863906,0.35595917942265226,0.046862915010149206,0.0,0.24343033134937286,0.17715756595134735,-0.0008833322790451348
0.0346875,222,rotor_0_blade_0,0.770603358745575,-0.770603358745575,409.52500604594854,-409.52500604594854,48,-3.0225830255418735,0.0,-3.0225830255418735,-0.027787622064352036,0.06563139706850052,0.770603358745575,-0.03178104131781944,0.07674478896649077,-0.007215885441309687,0.16,0.16,0.0,0.0,0.0,0.0,0.0,0.0,418.87902047863906,0.3690500743802184,0.07340862397660447,0.0,0.07952296733856201,0.13209936022758484,-0.0008833322790451348
0.0346875,222,rotor_0_blade_1,0.7706086039543152,-0.7706086039543152,409.5277935294401,-409.5277935294401,48,-3.0201893102797883,0.0,-3.0201893102797883,0.027764780446887016,-0.06557389348745346,0.7706086039543152,0.03178120064588175,-0.0767453427556551,-0.0072101708670649555,0.16,0.16,0.0,0.0,0.0,0.0,0.0,0.0,418.87902047863906,0.3690500743802184,0.07340862397660447,0.0,0.2404770702123642,0.1879006028175354,-0.0008833322790451348
0.035,224,rotor_0_blade_0,0.7697086930274963,-0.7697086930274963,409.04955005494213,-409.04955005494213,48,-3.0185544565876166,0.0,-3.0185544565876166,-0.03605194389820099,0.06132965534925461,0.7697086930274963,-0.0414946218325028,0.07188233761126421,-0.0072062679413698386,0.16,0.16,0.0,0.0,0.0,0.0,0.0,0.0,418.87902047863906,0.37856406460550873,0.10143593539448498,0.0,0.08385320007801056,0.12183371931314468,-0.0008833322790451348
0.035,224,rotor_0_blade_1,0.7697213292121887,-0.7697213292121887,409.0562653560809,-409.0562653560809,48,-3.0202256448288174,0.0,-3.0202256448288174,0.03606678918004036,-0.0613565593957901,0.7697213292121887,0.04149554641889885,-0.07188398824833954,-0.007210257609411201,0.16,0.16,0.0,0.0,0.0,0.0,0.0,0.0,418.87902047863906,0.37856406460550873,0.10143593539448498,0.0,0.23614679276943207,0.19816634058952332,-0.0008833322790451348
0.0353125,226,rotor_0_blade_0,0.7691264152526855,-0.7691264152526855,408.7401077114283,-408.7401077114283,48,-3.0185058434113268,0.0,-3.0185058434113268,-0.04375879094004631,0.056113455444574356,0.7691264152526855,-0.050501025282323975,0.06582087843618259,-0.00720615188596025,0.16,0.16,0.0,0.0,0.0,0.0,0.0,0.0,418.87902047863906,0.384338363087992,0.13046529419479205,0.0,0.08948633819818497,0.11222107708454132,-0.0008833322790451348
0.0353125,226,rotor_0_blade_1,0.7691288590431213,-0.7691288590431213,408.74140642532785,-408.74140642532785,48,-3.0157272662840833,0.0,-3.0157272662840833,0.043709781020879745,-0.05604745075106621,0.7691288590431213,0.05050101171979933,-0.06582105221071174,-0.007199518521691806,0.16,0.16,0.0,0.0,0.0,0.0,0.0,0.0,418.87902047863906,0.384338363087992,0.13046529419479205,0.0,0.23051367700099945,0.2077789455652237,-0.0008833322790451348
0.035625,228,rotor_0_blade_0,0.7690150141716003,-0.7690150141716003,408.6809053631811,-408.6809053631811,48,-3.0159735780402688,0.0,-3.0159735780402688,-0.050633832812309265,0.04984338581562042,0.7690150141716003,-0.05866763068956517,0.05867042837572718,-0.007200106547694885,0.16,0.16,0.0,0.0,0.0,0.0,0.0,0.0,418.87902047863906,0.3862741699796951,0.15999999999999368,0.0,0.09632598608732224,0.10342594981193542,-0.0008833322790451348
0.035625,228,rotor_0_blade_1,0.7690100073814392,-0.7690100073814392,408.6782445834846,-408.6782445834846,48,-3.0123751540379686,0.0,-3.0123751540379686,0.05056297406554222,-0.04977007955312729,0.7690100073814392,0.05866750076216718,-0.05867055384946774,-0.007191515943185286,0.16,0.16,0.0,0.0,0.0,0.0,0.0,0.0,418.87902047863906,0.3862741699796951,0.15999999999999368,0.0,0.2236739993095398,0.2165740430355072,-0.0008833322790451348
0.0359375,230,rotor_0_blade_0,0.7696372270584106,-0.7696372270584106,409.01157059236937,-409.01157059236937,48,-3.0108586732089306,0.0,-3.0108586732089306,-0.056581880897283554,0.04270470142364502,0.7696372270584106,-0.06589252466024274,0.05056033930345093,-0.0071878956118846035,0.16,0.16,0.0,0.0,0.0,0.0,0.0,0.0,418.87902047863906,0.38433836308799374,0.1895347058051954,0.0,0.10425513237714767,0.09559882432222366,-0.0008833322790451348
0.0359375,230,rotor_0_blade_1,0.7696480751037598,-0.7696480751037598,409.0173356150451,-409.0173356150451,48,-3.0109695881137597,0.0,-3.0109695881137597,0.05659666284918785,-0.04271695017814636,0.7696480751037598,0.06589341964577239,-0.050561019213812106,-0.007188160401715095,0.16,0.16,0.0,0.0,0.0,0.0,0.0,0.0,418.87902047863906,0.38433836308799374,0.1895347058051954,0.0,0.21574486792087555,0.22440113127231598,-0.0008833322790451348
0.03625,232,rotor_0_blade_0,0.7714211344718933,-0.7714211344718933,409.9596000630443,-409.9596000630443,48,-3.01308182193373,0.0,-3.01308182193373,-0.06172143295407295,0.03497673198580742,0.7714211344718933,-0.07211075337867678,0.0416285418320774,-0.007193202988516308,0.16,0.16,0.0,0.0,0.0,0.0,0.0,0.0,418.87902047863906,0.37856406460551206,0.21856406460550282,0.0,0.11313807964324951,0.08887361735105515,-0.0008833322790451348
0.03625,232,rotor_0_blade_1,0.771431565284729,-0.771431565284729,409.9651433540787,-409.9651433540787,48,-3.0111512441422716,0.0,-3.0111512441422716,0.061674341559410095,-0.03494876250624657,0.771431565284729,0.07211199464435893,-0.04162934895973129,-0.0071885940735382965,0.16,0.16,0.0,0.0,0.0,0.0,0.0,0.0,418.87902047863906,0.37856406460551206,0.21856406460550282,0.0,0.2068619579076767,0.23112639784812927,-0.0008833322790451348
0.0365625,234,rotor_0_blade_0,0.774732768535614,-0.774732768535614,411.71951577658973,-411.71951577658973,48,-3.007679798883493,0.0,-3.007679798883493,-0.06562905013561249,0.026555705815553665,0.774732768535614,-0.07727083150206618,0.031998709485080365,-0.007180306608449184,0.16,0.16,0.0,0.0,0.0,0.0,0.0,0.0,418.87902047863906,0.3690500743802233,0.24659137602338385,0.0,0.1228228434920311,0.08336539566516876,-0.0008833322790451348
0.0365625,234,rotor_0_blade_1,0.7747403979301453,-0.7747403979301453,411.72357029803203,-411.72357029803203,48,-3.0097870563907296,0.0,-3.0097870563907296,0.06565465778112411,-0.026566844433546066,0.7747403979301453,0.07727128734634224,-0.03199896112064995,-0.0071853373151788465,0.16,0.16,0.0,0.0,0.0,0.0,0.0,0.0,418.87902047863906,0.3690500743802233,0.24659137602338385,0.0,0.19717717170715332,0.23663456737995148,-0.0008833322790451348
0.036875,236,rotor_0_blade_0,0.7795056104660034,-0.7795056104660034,414.25596737418056,-414.25596737418056,48,-3.0137135894375273,0.0,-3.0137135894375273,-0.06867297738790512,0.017790034413337708,0.7795056104660034,-0.08128279874974016,0.021769728648849504,-0.0071947112223330195,0.16,0.16,0.0,0.0,0.0,0.0,0.0,0.0,418.87902047863906,0.35595917942265864,0.27313708498983985,0.0,0.13314375281333923,0.07916843146085739,-0.0008833322790451348
0.036875,236,rotor_0_blade_1,0.7795096635818481,-0.7795096635818481,414.25812133869675,-414.25812133869675,48,-3.016622557420345,0.0,-3.016622557420345,0.06872058659791946,-0.017803344875574112,0.7795096635818481,0.08128314324821696,-0.021769911473106637,-0.007201655871839442,0.16,0.16,0.0,0.0,0.0,0.0,0.0,0.0,418.87902047863906,0.35595917942265864,0.27313708498983985,0.0,0.18685626983642578,0.24083153903484344,-0.0008833322790451348
0.0371875,238,rotor_0_blade_0,0.7851033210754395,-0.7851033210754395,417.2307824267706,-417.2307824267706,48,-3.020094343847325,0.0,-3.020094343847325,-0.07055962830781937,0.00868507381528616,0.7851033210754395,-0.08399955550918436,0.011048858228214749,-0.007209944151407641,0.16,0.16,0.0,0.0,0.0,0.0,0.0,0.0,418.87902047863906,0.3395153685750236,0.2977469870645938,0.0,0.14392410218715668,0.0763544961810112,-0.0008833322790451348
0.0371875,238,rotor_0_blade_1,0.7851147651672363,-0.7851147651672363,417.236864208934,-417.236864208934,48,-3.023069319300261,0.0,-3.023069319300261,0.0706273540854454,-0.008694875985383987,0.7851147651672363,0.08400081423461858,-0.011049042615935334,-0.007217046382141317,0.16,0.16,0.0,0.0,0.0,0.0,0.0,0.0,418.87902047863906,0.3395153685750236,0.2977469870645938,0.0,0.17607590556144714,0.24364548921585083,-0.0008833322790451348
0.0375,240,rotor_0_blade_0,0.7906184792518616,-0.7906184792518616,420.161726290317,-420.161726290317,48,-3.035562701016479,0.0,-3.035562701016479,-0.07146722823381424,-0.0006026820046827197,0.7906184792518616,-0.08526316376559401,-7.124474425718439e-06,-0.007246872133982368,0.16,0.16,0.0,0.0,0.0,0.0,0.0,0.0,418.87902047863906,0.3200000000000071,0.31999999999999273,0.0,0.15497957170009613,0.0749717578291893,-0.0008833322790451348
0.0375,240,rotor_0_blade_1,0.7906138896942139,-0.7906138896942139,420.1592872422619,-420.1592872422619,48,-3.034100215310208,0.0,-3.034100215310208,0.07142940908670425,0.0006033462123014033,0.7906138896942139,0.0852622358192112,6.987406319277001e-06,-0.007243380706542054,0.16,0.16,0.0,0.0,0.0,0.0,0.0,0.0,418.87902047863906,0.3200000000000071,0.31999999999999273,0.0,0.1650204211473465,0.24502825736999512,-0.0008833322790451348
0.0378125,242,rotor_0_blade_0,0.7945324778556824,-0.7945324778556824,422.24175914211094,-422.24175914211094,48,-3.0410392035203837,0.0,-3.0410392035203837,-0.07099373638629913,-0.009954680688679218,0.7945324778556824,-0.08486902564608494,-0.011174316377335267,-0.007259946320647641,0.16,0.16,0.0,0.0,0.0,0.0,0.0,0.0,418.87902047863906,0.2977469870646099,0.33951536857501124,0.0,0.16612093150615692,0.07504387944936752,-0.0008833322790451348
0.0378125,242,rotor_0_blade_1,0.7945250868797302,-0.7945250868797302,422.23783132446374,-422.23783132446374,48,-3.042520098873905,0.0,-3.042520098873905,0.07102029770612717,0.00995753426104784,0.7945250868797302,0.08486788943108643,0.011174050075686566,-0.007263481697883363,0.16,0.16,0.0,0.0,0.0,0.0,0.0,0.0,418.87902047863906,0.2977469870646099,0.33951536857501124,0.0,0.1538790762424469,0.2449560910463333,-0.0008833322790451348
0.038125,244,rotor_0_blade_0,0.7958087921142578,-0.7958087921142578,422.92003623307835,-422.92003623307835,48,-3.0478422599414183,0.0,-3.0478422599414183,-0.06929034739732742,-0.019186459481716156,0.7958087921142578,-0.0827149337912094,-0.022158275240810064,-0.0072761874215107524,0.16,0.16,0.0,0.0,0.0,0.0,0.0,0.0,418.87902047863906,0.27313708498985745,0.35595917942264843,0.0,0.17715755105018616,0.07656963914632797,-0.0008833322790451348
0.038125,244,rotor_0_blade_1,0.7958099246025085,-0.7958099246025085,422.9206380761049,-422.9206380761049,48,-3.0532772305644773,0.0,-3.0532772305644773,0.06939182430505753,0.019211797043681145,0.7958099246025085,0.08271447169033785,0.02215809269132649,-0.007289162458114038,0.16,0.16,0.0,0.0,0.0,0.0,0.0,0.0,418.87902047863906,0.27313708498985745,0.35595917942264843,0.0,0.14284242689609528,0.24343034625053406,-0.0008833322790451348
0.0384375,246,rotor_0_blade_0,0.7954840064048767,-0.7954840064048767,422.74743398824194,-422.74743398824194,48,-3.0534661404574703,0.0,-3.0534661404574703,-0.06640253961086273,-0.02814800664782524,0.7954840064048767,-0.07900298465839656,-0.0327142453977966,-0.00728961344726307,0.16,0.16,0.0,0.0,0.0,0.0,0.0,0.0,418.87902047863906,0.24659137602340261,0.36905007438021553,0.0,0.1879006028175354,0.07952290773391724,-0.0008833322790451348
0.0384375,246,rotor_0_blade_1,0.7955024838447571,-0.7955024838447571,422.75725353236004,-422.75725353236004,48,-3.052794153617693,0.0,-3.052794153617693,0.06639453768730164,0.02814459428191185,0.7955024838447571,0.07900446012891991,0.03271483124243662,-0.007288009196854421,0.16,0.16,0.0,0.0,0.0,0.0,0.0,0.0,418.87902047863906,0.24659137602340261,0.36905007438021553,0.0,0.13209934532642365,0.24047711491584778,-0.0008833322790451348
0.03875,248,rotor_0_blade_0,0.7947747111320496,-0.7947747111320496,422.3704901979038,-422.3704901979038,48,-3.0554656920119823,0.0,-3.0554656920119823,-0.062249451875686646,-0.036621302366256714,0.7947747111320496,-0.0739602879335586,-0.042686981967228525,-0.007294387024971085,0.16,0.16,0.0,0.0,0.0,0.0,0.0,0.0,418.87902047863906,0.2185640646055224,0.37856406460550684,0.0,0.19816632568836212,0.08385317027568817,-0.0008833322790451348
0.03875,248,rotor_0_blade_1,0.7947728037834167,-0.7947728037834167,422.3694765675432,-422.3694765675432,48,-3.05632098283254,0.0,-3.05632098283254,0.0622621513903141,0.03662852197885513,0.7947728037834167,0.07396004755760201,0.042686724332478276,-0.007296428881399179,0.16,0.16,0.0,0.0,0.0,0.0,0.0,0.0,418.87902047863906,0.2185640646055224,0.37856406460550684,0.0,0.1218336969614029,0.23614683747291565,-0.0008833322790451348
0.0390625,250,rotor_0_blade_0,0.793983519077301,-0.793983519077301,421.95002365395845,-421.95002365395845,48,-3.0575371021626627,0.0,-3.0575371021626627,-0.057013221085071564,-0.04448717460036278,0.793983519077301,-0.0676994953194917,-0.05192933028785372,-0.007299332152440858,0.16,0.16,0.0,0.0,0.0,0.0,0.0,0.0,418.87902047863906,0.18953470580521553,0.38433836308799113,0.0,0.2077789157629013,0.08948630839586258,-0.0008833322790451348
0.0390625,250,rotor_0_blade_1,0.7940004467964172,-0.7940004467964172,421.95901962340855,-421.95901962340855,48,-3.052181718586989,0.0,-3.052181718586989,0.05691004544496536,0.044410042464733124,0.7940004467964172,0.06770071727047325,0.05193015820338627,-0.007286547115917534,0.16,0.16,0.0,0.0,0.0,0.0,0.0,0.0,418.87902047863906,0.18953470580521553,0.38433836308799113,0.0,0.11222106218338013,0.23051367700099945,-0.0008833322790451348
0.039375,252,rotor_0_blade_0,0.7930315136909485,-0.7930315136909485,421.4440954002373,-421.4440954002373,48,-3.0540424548404763,0.0,-3.0540424548404763,-0.05067066475749016,-0.05149618536233902,0.7930315136909485,-0.06030399701271043,-0.06028103281080497,-0.007290989296505526,0.16,0.16,0.0,0.0,0.0,0.0,0.0,0.0,418.87902047863906,0.16000000000001396,0.3862741699796951,0.0,0.216574028134346,0.09632597118616104,-0.0008833322790451348
0.039375,252,rotor_0_blade_1,0.793032705783844,-0.793032705783844,421.44472891921265,-421.44472891921265,48,-3.0546300995731537,0.0,-3.0546300995731537,0.0506826713681221,0.05150779336690903,0.793032705783844,0.0603042513585292,0.060281214685916996,-0.007292392194965338,0.16,0.16,0.0,0.0,0.0,0.0,0.0,0.0,418.87902047863906,0.16000000000001396,0.3862741699796951,0.0,0.10342591255903244,0.22367402911186218,-0.0008833322790451348
0.0396875,254,rotor_0_blade_0,0.7918107509613037,-0.7918107509613037,420.79534029352163,-420.79534029352163,48,-3.052597089198328,0.0,-3.052597089198328,-0.04348988085985184,-0.057630665600299835,0.7918107509613037,-0.05188135931275779,-0.06758482963981283,-0.007287538740207679,0.16,0.16,0.0,0.0,0.0,0.0,0.0,0.0,418.87902047863906,0.13046529419481215,0.3843383630879947,0.0,0.22440114617347717,0.10425509512424469,-0.0008833322790451348
0.0396875,254,rotor_0_blade_1,0.7917895913124084,-0.7917895913124084,420.784095331709,-420.784095331709,48,-3.0528350241999465,0.0,-3.0528350241999465,0.04349060729146004,0.05763165280222893,0.7917895913124084,0.051880068225546874,0.06758292619177642,-0.007288106768182312,0.16,0.16,0.0,0.0,0.0,0.0,0.0,0.0,418.87902047863906,0.13046529419481215,0.3843383630879947,0.0,0.09559879451990128,0.21574489772319794,-0.0008833322790451348
0.04,256,rotor_0_blade_0,0.7903236150741577,-0.7903236150741577,420.00502537176214,-420.00502537176214,48,-3.049969122948777,0.0,-3.049969122948777,-0.03555598109960556,-0.06273955851793289,0.7903236150741577,-0.042574135733507004,-0.07370560440301453,-0.007281264932924258,0.16,0.16,0.0,0.0,0.0,0.0,0.0,0.0,418.87902047863906,0.10143593539450454,0.378564064605514,0.0,0.23112639784812927,0.11313804239034653,-0.0008833322790451348
0.04,256,rotor_0_blade_1,0.7903136610984802,-0.7903136610984802,419.9997354883179,-419.9997354883179,48,-3.0540042887462167,0.0,-3.0540042887462167,0.035597749054431915,0.06280970573425293,0.7903136610984802,0.04257367807581972,0.07370464168855953,-0.007290898181667127,0.16,0.16,0.0,0.0,0.0,0.0,0.0,0.0,418.87902047863906,0.10143593539450454,0.378564064605514,0.0,0.08887358754873276,0.2068619579076767,-0.0008833322790451348
0.0403125,258,rotor_0_blade_0,0.7886587977409363,-0.7886587977409363,419.1202844467255,-419.1202844467255,48,-3.051157677030727,0.0,-3.051157677030727,-0.027052992954850197,-0.06681108474731445,0.7886587977409363,-0.032550460130109884,-0.07853903500819778,-0.007284102396783374,0.16,0.16,0.0,0.0,0.0,0.0,0.0,0.0,418.87902047863906,0.07340862397662318,0.3690500743802262,0.0,0.23663459718227386,0.12282281368970871,-0.0008833322790451348
0.0403125,258,rotor_0_blade_1,0.7886550426483154,-0.7886550426483154,419.1182888619531,-419.1182888619531,48,-3.0487438671021585,0.0,-3.0487438671021585,0.027034016326069832,0.06676685065031052,0.7886550426483154,0.03255043857309714,0.07853870377757373,-0.007278339850056135,0.16,0.16,0.0,0.0,0.0,0.0,0.0,0.0,418.87902047863906,0.07340862397662318,0.3690500743802262,0.0,0.08336536586284637,0.19717718660831451,-0.0008833322790451348
0.040625,260,rotor_0_blade_0,0.7868921756744385,-0.7868921756744385,418.18144100119326,-418.18144100119326,48,-3.045418960566989,0.0,-3.045418960566989,-0.018059195950627327,-0.06960791349411011,0.7868921756744385,-0.0219905037629849,-0.08200650761382923,-0.007270402220400273,0.16,0.16,0.0,0.0,0.0,0.0,0.0,0.0,418.87902047863906,0.04686291501016675,0.3559591794226624,0.0,0.24083159863948822,0.13314372301101685,-0.0008833322790451348
0.040625,260,rotor_0_blade_1,0.786885678768158,-0.786885678768158,418.17798832277754,-418.17798832277754,48,-3.045611925546485,0.0,-3.045611925546485,0.018061310052871704,0.06961525976657867,0.786885678768158,0.02199045797761289,0.08200590796942997,-0.007270862890355229,0.16,0.16,0.0,0.0,0.0,0.0,0.0,0.0,418.87902047863906,0.04686291501016675,0.3559591794226624,0.0,0.0791683942079544,0.18685628473758698,-0.0008833322790451348
0.0409375,262,rotor_0_blade_0,0.7851219773292542,-0.7851219773292542,417.2406969987349,-417.2406969987349,48,-3.0433127420036774,0.0,-3.0433127420036774,-0.00881301797926426,-0.07130366563796997,0.7851219773292542,-0.011081906668109539,-0.08405890631946306,-0.007265373993966529,0.16,0.16,0.0,0.0,0.0,0.0,0.0,0.0,418.87902047863906,0.022253012935412264,0.3395153685750283,0.0,0.24364551901817322,0.14392410218715668,-0.0008833322790451348
0.0409375,262,rotor_0_blade_1,0.7851040959358215,-0.7851040959358215,417.23119421410456,-417.23119421410456,48,-3.0414346554757956,0.0,-3.0414346554757956,0.008806093595921993,0.07125377655029297,0.7851040959358215,0.011081872123025475,0.08405747925298016,-0.007260890392649529,0.16,0.16,0.0,0.0,0.0,0.0,0.0,0.0,418.87902047863906,0.022253012935412264,0.3395153685750283,0.0,0.07635444402694702,0.17607590556144714,-0.0008833322790451348
0.04125,264,rotor_0_blade_0,0.7834592461585999,-0.7834592461585999,416.35706473190515,-416.35706473190515,48,-3.03917236624276,0.0,-3.03917236624276,0.0005682410555891693,-0.07169116288423538,0.7834592461585999,-1.3848754305362602e-05,-0.08467428293869972,-0.0072554895749374106,0.16,0.16,0.0,0.0,0.0,0.0,0.0,0.0,418.87902047863906,1.2628786905111156e-14,0.3200000000000125,0.0,0.24502825736999512,0.15497955679893494,-0.0008833322790451348
0.04125,264,rotor_0_blade_1,0.7834596037864685,-0.7834596037864685,416.35725478759775,-416.35725478759775,48,-3.039727011561754,0.0,-3.039727011561754,-0.0005674349376931787,0.07173004746437073,0.7834596037864685,1.381975217071459e-05,0.08467341307932488,-0.007256813693100121,0.16,0.16,0.0,0.0,0.0,0.0,0.0,0.0,418.87902047863906,1.2628786905111156e-14,0.3200000000000125,0.0,0.07497172057628632,0.1650204211473465,-0.0008833322790451348
0.0415625,266,rotor_0_blade_0,0.7819533944129944,-0.7819533944129944,415.5568035622325,-415.5568035622325,48,-3.0392476342692016,0.0,-3.0392476342692016,0.009915118105709553,-0.07097673416137695,0.7819533944129944,0.011026691957305722,-0.08384977452516862,-0.007255669264114385,0.16,0.16,0.0,0.0,0.0,0.0,0.0,0.0,418.87902047863906,-0.01951536857500663,0.29774698706461594,0.0,0.2449561357498169,0.16612093150615692,-0.0008833322790451348
0.0415625,266,rotor_0_blade_1,0.7819504141807556,-0.7819504141807556,415.5552197647941,-415.5552197647941,48,-3.0370911079085707,0.0,-3.0370911079085707,-0.009909134358167648,0.07092634588479996,0.7819504141807556,-0.011026565614670874,0.08384962254101792,-0.00725052093666135,0.16,0.16,0.0,0.0,0.0,0.0,0.0,0.0,418.87902047863906,-0.01951536857500663,0.29774698706461594,0.0,0.07504384219646454,0.1538790762424469,-0.0008833322790451348
0.041875,268,rotor_0_blade_0,0.7806816697120667,-0.7806816697120667,414.8809655193203,-414.8809655193203,48,-3.029360489462333,0.0,-3.029360489462333,0.019028211012482643,-0.06882266700267792,0.7806816697120667,0.02185622205531199,-0.0816096844700409,-0.007232065444578208,0.16,0.16,0.0,0.0,0.0,0.0,0.0,0.0,418.87902047863906,-0.03595917942264462,0.273137084989864,0.0,0.24343040585517883,0.17715756595134735,-0.0008833322790451348
0.041875,268,rotor_0_blade_1,0.7806833386421204,-0.7806833386421204,414.8818524458858,-414.8818524458858,48,-3.0320970356177046,0.0,-3.0320970356177046,-0.019043345004320145,0.06888145953416824,0.7806833386421204,-0.021856341736672415,0.08161021248113282,-0.007238598467292605,0.16,0.16,0.0,0.0,0.0,0.0,0.0,0.0,418.87902047863906,-0.03595917942264462,0.273137084989864,0.0,0.07656961679458618,0.14284242689609528,-0.0008833322790451348
0.0421875,270,rotor_0_blade_0,0.7797232270240784,-0.7797232270240784,414.3716162631322,-414.3716162631322,48,-3.032533299108572,0.0,-3.032533299108572,0.027864040806889534,-0.06579182296991348,0.7797232270240784,0.03229968976261187,-0.07800132171453271,-0.007239639969658537,0.16,0.16,0.0,0.0,0.0,0.0,0.0,0.0,418.87902047863906,-0.04905007438021261,0.2465913760234096,0.0,0.24047711491584778,0.1879006177186966,-0.0008833322790451348
0.0421875,270,rotor_0_blade_1,0.7797118425369263,-0.7797118425369263,414.3655661569175,-414.3655661569175,48,-3.029556235256365,0.0,-3.029556235256365,-0.027833109721541405,0.0657142624258995,0.7797118425369263,-0.032299239669659544,0.07800056911834465,-0.007232532753238852,0.16,0.16,0.0,0.0,0.0,0.0,0.0,0.0,418.87902047863906,-0.04905007438021261,0.2465913760234096,0.0,0.07952287048101425,0.13209936022758484,-0.0008833322790451348
0.0425,272,rotor_0_blade_0,0.7791026830673218,-0.7791026830673218,414.04183796050944,-414.04183796050944,48,-3.029919422353609,0.0,-3.029919422353609,0.03616902604699135,-0.061513565480709076,0.7791026830673218,0.04218888581470598,-0.07308730940195741,-0.007233399798565756,0.16,0.16,0.0,0.0,0.0,0.0,0.0,0.0,418.87902047863906,-0.058564064605504784,0.21856406460552974,0.0,0.23614685237407684,0.19816634058952332,-0.0008833322790451348
0.0425,272,rotor_0_blade_1,0.7790765762329102,-0.7790765762329102,414.0279638949491,-414.0279638949491,48,-3.0287963781134524,0.0,-3.0287963781134524,-0.03615101799368858,0.06148151680827141,0.7790765762329102,-0.04218791716619122,0.07308589221336173,-0.007230718727933779,0.16,0.16,0.0,0.0,0.0,0.0,0.0,0.0,418.87902047863906,-0.058564064605504784,0.21856406460552974,0.0,0.08385313302278519,0.1218336969614029,-0.0008833322790451348
0.0428125,274,rotor_0_blade_0,0.7788708806037903,-0.7788708806037903,413.918650195751,-413.918650195751,48,-3.0312152058026864,0.0,-3.0312152058026864,0.043877214193344116,-0.05624983832240105,0.7788708806037903,0.05136847818805339,-0.06695329271978365,-0.007236493253682216,0.16,0.16,0.0,0.0,0.0,0.0,0.0,0.0,418.87902047863906,-0.06433836308799004,0.18953470580522305,0.0,0.23051375150680542,0.2077789455652237,-0.0008833322790451348
0.0428125,274,rotor_0_blade_1,0.7788474559783936,-0.7788474559783936,413.90620154788525,-413.90620154788525,48,-3.0275823959701325,0.0,-3.0275823959701325,-0.04382402449846268,0.05617919936776161,0.7788474559783936,-0.05136745094948637,0.0669521884548163,-0.007227820559049759,0.16,0.16,0.0,0.0,0.0,0.0,0.0,0.0,418.87902047863906,-0.06433836308799004,0.18953470580522305,0.0,0.089486263692379,0.11222104728221893,-0.0008833322790451348
0.043125,276,rotor_0_blade_0,0.779130756855011,-0.779130756855011,414.0567573323791,-414.0567573323791,48,-3.027980986475298,0.0,-3.027980986475298,0.05079035460948944,-0.04998452588915825,0.779130756855011,0.05970123045302248,-0.059705946422664156,-0.007228772123787258,0.16,0.16,0.0,0.0,0.0,0.0,0.0,0.0,418.87902047863906,-0.06627416997969507,0.16000000000002157,0.0,0.22367407381534576,0.2165740430355072,-0.0008833322790451348
0.043125,276,rotor_0_blade_1,0.77910977602005,-0.77910977602005,414.0456073984128,-414.0456073984128,48,-3.027871402972645,0.0,-3.027871402972645,-0.050780635327100754,0.04997485876083374,0.77910977602005,-0.059699738026246306,0.05970459673609254,-0.007228510512445329,0.16,0.16,0.0,0.0,0.0,0.0,0.0,0.0,418.87902047863906,-0.06627416997969507,0.16000000000002157,0.0,0.09632593393325806,0.10342590510845184,-0.0008833322790451348
0.0434375,278,rotor_0_blade_0,0.7799758911132812,-0.7799758911132812,414.5058906099594,-414.5058906099594,48,-3.0291444818862185,0.0,-3.0291444818862185,0.056883495301008224,-0.042926035821437836,0.7799758911132812,0.06706501793636688,-0.05146247526145759,-0.007231549764475949,0.16,0.16,0.0,0.0,0.0,0.0,0.0,0.0,418.87902047863906,-0.06433836308799568,0.13046529419481973,0.0,0.21574492752552032,0.22440114617347717,-0.0008833322790451348
0.0434375,278,rotor_0_blade_1,0.7799584269523621,-0.7799584269523621,414.4966095569704,-414.4966095569704,48,-3.0258688544942283,0.0,-3.0258688544942283,-0.056831371039152145,0.04288502037525177,0.7799584269523621,-0.06706335516059425,0.05146133505200493,-0.007223729780108512,0.16,0.16,0.0,0.0,0.0,0.0,0.0,0.0,418.87902047863906,-0.06433836308799568,0.13046529419481973,0.0,0.1042550727725029,0.09559878706932068,-0.0008833322790451348
0.04375,280,rotor_0_blade_0,0.7814965844154358,-0.7814965844154358,415.3140390908752,-415.3140390908752,48,-3.028447586835966,0.0,-3.028447586835966,0.06195157393813133,-0.03510008752346039,0.7814965844154358,0.07335171159314499,-0.04234877286620617,-0.007229886050094989,0.16,0.16,0.0,0.0,0.0,0.0,0.0,0.0,418.87902047863906,-0.05856406460551594,0.10143593539451193,0.0,0.2068619728088379,0.23112641274929047,-0.0008833322790451348
0.04375,280,rotor_0_blade_1,0.7814738750457764,-0.7814738750457764,415.30197055439464,-415.30197055439464,48,-3.0278922658998484,0.0,-3.0278922658998484,-0.06196291744709015,0.03510699421167374,0.7814738750457764,-0.0733495909614225,0.04234760742324746,-0.007228560319015206,0.16,0.16,0.0,0.0,0.0,0.0,0.0,0.0,418.87902047863906,-0.05856406460551594,0.10143593539451193,0.0,0.11313800513744354,0.08887356519699097,-0.0008833322790451348
0.0440625,282,rotor_0_blade_0,0.78370201587677,-0.78370201587677,416.4860808712369,-416.4860808712369,48,-3.028848223180164,0.0,-3.028848223180164,0.06602485477924347,-0.026716599240899086,0.78370201587677,0.07845996989285732,-0.03249619962296978,-0.00723084249891341,0.16,0.16,0.0,0.0,0.0,0.0,0.0,0.0,418.87902047863906,-0.04905007438022907,0.07340862397663026,0.0,0.1971772015094757,0.23663464188575745,-0.0008833322790451348
0.0440625,282,rotor_0_blade_1,0.7836936712265015,-0.7836936712265015,416.4816462384094,-416.4816462384094,48,-3.027787485743492,0.0,-3.027787485743492,-0.06599549204111099,0.02670377679169178,0.7836936712265015,-0.0784592889056926,0.03249596976968933,-0.007228310174817875,0.16,0.16,0.0,0.0,0.0,0.0,0.0,0.0,418.87902047863906,-0.04905007438022907,0.07340862397663026,0.0,0.12282280623912811,0.08336533606052399,-0.0008833322790451348
0.044375,284,rotor_0_blade_0,0.7865611910820007,-0.7865611910820007,418.005544457685,-418.005544457685,48,-3.033315021612784,0.0,-3.033315021612784,0.06904856860637665,-0.01789114810526371,0.7865611910820007,0.08229784360412717,-0.0220469451619751,-0.007241506194668609,0.16,0.16,0.0,0.0,0.0,0.0,0.0,0.0,418.87902047863906,-0.03595917942266613,0.04686291501017338,0.0,0.18685632944107056,0.24083161354064941,-0.0008833322790451348
0.044375,284,rotor_0_blade_1,0.7865461707115173,-0.7865461707115173,417.9975621185955,-417.9975621185955,48,-3.0271668397293117,0.0,-3.0271668397293117,-0.06893512606620789,0.01785917580127716,0.7865461707115173,-0.08229678780818185,0.022046749486776988,-0.00722682849160187,0.16,0.16,0.0,0.0,0.0,0.0,0.0,0.0,418.87902047863906,-0.03595917942266613,0.04686291501017338,0.0,0.13314367830753326,0.07916835695505142,-0.0008833322790451348
0.0446875,286,rotor_0_blade_0,0.7900639772415161,-0.7900639772415161,419.8670449389291,-419.8670449389291,48,-3.03626438772162,0.0,-3.03626438772162,0.07086057960987091,-0.008726849220693111,0.7900639772415161,0.08479925640864037,-0.011158260450983894,-0.007248547287596744,0.16,0.16,0.0,0.0,0.0,0.0,0.0,0.0,418.87902047863906,-0.019515368575032832,0.02225301293541837,0.0,0.17607593536376953,0.2436455339193344,-0.0008833322790451348
0.0446875,286,rotor_0_blade_1,0.7900545001029968,-0.7900545001029968,419.86200846307503,-419.86200846307503,48,-3.036088893030154,0.0,-3.036088893030154,-0.07086002081632614,0.008726329542696476,0.7900545001029968,-0.08479814652164036,0.011158130984279186,-0.0072481283248822465,0.16,0.16,0.0,0.0,0.0,0.0,0.0,0.0,418.87902047863906,-0.019515368575032832,0.02225301293541837,0.0,0.1439240723848343,0.07635442167520523,-0.0008833322790451348
0.045,288,rotor_0_blade_0,0.7942320108413696,-0.7942320108413696,422.0820806843719,-422.0820806843719,48,-3.0410548965808077,0.0,-3.0410548965808077,0.07154580950737,0.0006038629217073321,0.7942320108413696,0.08592423108684656,5.441959231830652e-06,-0.007259983785069722,0.16,0.16,0.0,0.0,0.0,0.0,0.0,0.0,418.87902047863906,-1.7819079545233762e-14,1.812439087700568e-14,0.0,0.16502045094966888,0.2450282722711563,-0.0008833322790451348
0.045,288,rotor_0_blade_1,0.7942139506340027,-0.7942139506340027,422.0724828718952,-422.0724828718952,48,-3.0438078889243654,0.0,-3.0438078889243654,-0.0716409683227539,-0.0006021098815836012,0.7942139506340027,-0.0859230111735726,-5.480874709405756e-06,-0.0072665560701662925,0.16,0.16,0.0,0.0,0.0,0.0,0.0,0.0,418.87902047863906,-1.7819079545233762e-14,1.812439087700568e-14,0.0,0.15497955679893494,0.07497169822454453,-0.0008833322790451348
0.0453125,290,rotor_0_blade_0,0.7982199788093567,-0.7982199788093567,424.2014233885868,-424.2014233885868,48,-3.0511905221428375,0.0,-3.0511905221428375,0.07114648073911667,0.009977225214242935,0.7982199788093567,0.08555208287383108,0.011265460552267757,-0.007284180808712607,0.16,0.16,0.0,0.0,0.0,0.0,0.0,0.0,418.87902047863906,0.02225301293537807,-0.019515368575001885,0.0,0.1538790911436081,0.24495616555213928,-0.0008833322790451348
0.0453125,290,rotor_0_blade_1,0.7981534004211426,-0.7981534004211426,424.16604135381306,-424.16604135381306,48,-3.049475034837736,0.0,-3.049475034837736,-0.0711313784122467,-0.009975088760256767,0.7981534004211426,-0.08554548485625578,-0.011264396892053146,-0.007280085384446332,0.16,0.16,0.0,0.0,0.0,0.0,0.0,0.0,418.87902047863906,0.02225301293537807,-0.019515368575001885,0.0,0.16612094640731812,0.07504381239414215,-0.0008833322790451348
0.045625,292,rotor_0_blade_0,0.8007498979568481,-0.8007498979568481,425.545909034041,-425.545909034041,48,-3.0586808789361557,0.0,-3.0586808789361557,0.06948268413543701,0.019243065267801285,0.8007498979568481,0.08353522922674812,0.022380502983560237,-0.007302062718350284,0.16,0.16,0.0,0.0,0.0,0.0,0.0,0.0,418.87902047863906,0.0468629150101294,-0.03595917942264071,0.0,0.14284245669841766,0.24343045055866241,-0.0008833322790451348
0.045625,292,rotor_0_blade_1,0.8007378578186035,-0.8007378578186035,425.53951049238987,-425.53951049238987,48,-3.0531859513437163,0.0,-3.0531859513437163,-0.06934885680675507,-0.01920907013118267,0.8007378578186035,-0.0835343792908728,-0.022380159544674785,-0.007288944545026253,0.16,0.16,0.0,0.0,0.0,0.0,0.0,0.0,418.87902047863906,0.0468629150101294,-0.03595917942264071,0.0,0.17715756595134735,0.076569564640522,-0.0008833322790451348
0.0459375,294,rotor_0_blade_0,0.8017151951789856,-0.8017151951789856,426.0589010243374,-426.0589010243374,48,-3.0622963622453256,0.0,-3.0622963622453256,0.06651683151721954,0.028202936053276062,0.8017151951789856,0.07992362803226771,0.0330974492189144,-0.007310694048955094,0.16,0.16,0.0,0.0,0.0,0.0,0.0,0.0,418.87902047863906,0.07340862397658333,-0.049050074380209585,0.0,0.13209934532642365,0.24047717452049255,-0.0008833322790451348
0.0459375,294,rotor_0_blade_1,0.8017157912254333,-0.8017157912254333,426.0592177838251,-426.0592177838251,48,-3.063559965758697,0.0,-3.063559965758697,-0.0665384903550148,-0.028211485594511032,0.8017157912254333,-0.07992368043374574,-0.03309749760085932,-0.007313710680134014,0.16,0.16,0.0,0.0,0.0,0.0,0.0,0.0,418.87902047863906,0.07340862397658333,-0.049050074380209585,0.0,0.1879006028175354,0.07952284812927246,-0.0008833322790451348
0.04625,296,rotor_0_blade_0,0.8017826676368713,-0.8017826676368713,426.0947581983427,-426.0947581983427,48,-3.0679980361027903,0.0,-3.0679980361027903,0.062447138130664825,0.036742664873600006,0.8017826676368713,0.07488408997334968,0.04322120986757865,-0.007324305792629794,0.16,0.16,0.0,0.0,0.0,0.0,0.0,0.0,418.87902047863906,0.10143593539446287,-0.05856406460550273,0.0,0.1218336820602417,0.23614688217639923,-0.0008833322790451348
0.04625,296,rotor_0_blade_1,0.8017613887786865,-0.8017613887786865,426.0834498846325,-426.0834498846325,48,-3.062261682527529,0.0,-3.062261682527529,-0.062336426228284836,-0.03668080270290375,0.8017613887786865,-0.0748823728655368,-0.0432200451439514,-0.007310611257227409,0.16,0.16,0.0,0.0,0.0,0.0,0.0,0.0,418.87902047863906,0.10143593539446287,-0.05856406460550273,0.0,0.1981663703918457,0.0838531032204628,-0.0008833322790451348
0.0465625,298,rotor_0_blade_0,0.8013286590576172,-0.8013286590576172,425.85348249657744,-425.85348249657744,48,-3.064650900701059,0.0,-3.064650900701059,0.05708470940589905,0.044551949948072433,0.8013286590576172,0.06855845961504377,0.05258790241352671,-0.007316315095464043,0.16,0.16,0.0,0.0,0.0,0.0,0.0,0.0,418.87902047863906,0.13046529419476935,-0.06433836308798896,0.0,0.11222103983163834,0.2305137664079666,-0.0008833322790451348
0.0465625,298,rotor_0_blade_1,0.8013331890106201,-0.8013331890106201,425.85588986868385,-425.85588986868385,48,-3.067879272342664,0.0,-3.067879272342664,-0.05714781954884529,-0.044599346816539764,0.8013331890106201,-0.06856001788422773,-0.05258909065079015,-0.0073240222650375305,0.16,0.16,0.0,0.0,0.0,0.0,0.0,0.0,418.87902047863906,0.13046529419476935,-0.06433836308798896,0.0,0.20777897536754608,0.08948624134063721,-0.0008833322790451348
0.046875,300,rotor_0_blade_0,0.8004990816116333,-0.8004990816116333,425.4126166416256,-425.4126166416256,48,-3.067025938082772,0.0,-3.067025938082772,0.05084412544965744,0.05167830362915993,0.8004990816116333,0.0610697359648314,0.06104468396745124,-0.007321985079553958,0.16,0.16,0.0,0.0,0.0,0.0,0.0,0.0,418.87902047863906,0.15999999999997075,-0.06627416997969496,0.0,0.10342590510845184,0.22367410361766815,-0.0008833322790451348
0.046875,300,rotor_0_blade_1,0.8004987835884094,-0.8004987835884094,425.4124582618818,-425.4124582618818,48,-3.069608148092422,0.0,-3.069608148092422,-0.05089589208364487,-0.05172838270664215,0.8004987835884094,-0.06106990796791847,-0.06104482449320822,-0.007328149651861016,0.16,0.16,0.0,0.0,0.0,0.0,0.0,0.0,418.87902047863906,0.15999999999997075,-0.06627416997969496,0.0,0.2165740728378296,0.09632589668035507,-0.0008833322790451348
0.0471875,302,rotor_0_blade_0,0.7992997765541077,-0.7992997765541077,424.7752648764664,-424.7752648764664,48,-3.06197947089681,0.0,-3.06197947089681,0.04359786584973335,0.05778203532099724,0.7992997765541077,0.05254029005493172,0.06843956442892458,-0.007309937526587005,0.16,0.16,0.0,0.0,0.0,0.0,0.0,0.0,418.87902047863906,0.18953470580517345,-0.06433836308799645,0.0,0.09559875726699829,0.21574494242668152,-0.0008833322790451348
0.0471875,302,rotor_0_blade_1,0.799286425113678,-0.799286425113678,424.76816946394234,-424.76816946394234,48,-3.0658979257799106,0.0,-3.0658979257799106,-0.04364714026451111,-0.05784415453672409,0.799286425113678,-0.05253954716439825,-0.06843858152267812,-0.0073192921485459245,0.16,0.16,0.0,0.0,0.0,0.0,0.0,0.0,418.87902047863906,0.18953470580517345,-0.06433836308799645,0.0,0.22440122067928314,0.10425505042076111,-0.0008833322790451348
0.0475,304,rotor_0_blade_0,0.7977240681648254,-0.7977240681648254,423.9378794948378,-423.9378794948378,48,-3.064198530745379,0.0,-3.064198530745379,0.03569795936346054,0.0629945918917656,0.7977240681648254,0.04311471518790389,0.07463570928874047,-0.007315235141745752,0.16,0.16,0.0,0.0,0.0,0.0,0.0,0.0,418.87902047863906,0.2185640646054814,-0.05856406460551761,0.0,0.08887354284524918,0.20686200261116028,-0.0008833322790451348
0.0475,304,rotor_0_blade_1,0.7977213859558105,-0.7977213859558105,423.9364540771432,-423.9364540771432,48,-3.063513053784342,0.0,-3.063513053784342,-0.03569405898451805,-0.06298766285181046,0.7977213859558105,-0.04311472887162031,-0.07463564315379771,-0.007313598686044882,0.16,0.16,0.0,0.0,0.0,0.0,0.0,0.0,418.87902047863906,0.2185640646054814,-0.05856406460551761,0.0,0.23112644255161285,0.11313798278570175,-0.0008833322790451348
0.0478125,306,rotor_0_blade_0,0.7958583235740662,-0.7958583235740662,422.94635894650446,-422.94635894650446,48,-3.058212422973153,0.0,-3.058212422973153,0.027106158435344696,0.06695391982793808,0.7958583235740662,0.03296242601625049,0.07952434936854517,-0.007300944362118294,0.16,0.16,0.0,0.0,0.0,0.0,0.0,0.0,418.87902047863906,0.24659137602336334,-0.049050074380231595,0.0,0.08336532115936279,0.1971772164106369,-0.0008833322790451348
0.0478125,306,rotor_0_blade_1,0.7958740592002869,-0.7958740592002869,422.9547213969792,-422.9547213969792,48,-3.0608136235686043,0.0,-3.0608136235686043,-0.027129240334033966,-0.06700717657804489,0.7958740592002869,-0.03296302448123259,-0.07952586197403148,-0.007307154271109388,0.16,0.16,0.0,0.0,0.0,0.0,0.0,0.0,418.87902047863906,0.24659137602336334,-0.049050074380231595,0.0,0.23663468658924103,0.12282276898622513,-0.0008833322790451348
0.048125,308,rotor_0_blade_0,0.7938236594200134,-0.7938236594200134,421.8650687593629,-421.8650687593629,48,-3.0572113905327116,0.0,-3.0572113905327116,0.018121253699064255,0.06985259801149368,0.7938236594200134,0.02226744533557772,0.08302666979323854,-0.00729855457320192,0.16,0.16,0.0,0.0,0.0,0.0,0.0,0.0,418.87902047863906,0.2731370849898206,-0.03595917942266949,0.0,0.07916834205389023,0.18685632944107056,-0.0008833322790451348
0.048125,308,rotor_0_blade_1,0.7938275933265686,-0.7938275933265686,421.8671593719816,-421.8671593719816,48,-3.0582204148071335,0.0,-3.0582204148071335,-0.018125610426068306,-0.06986849009990692,0.7938275933265686,-0.0222676926643589,-0.0830273114925416,-0.007300963441216529,0.16,0.16,0.0,0.0,0.0,0.0,0.0,0.0,418.87902047863906,0.2731370849898206,-0.03595917942266949,0.0,0.2408316731452942,0.13314367830753326,-0.0008833322790451348
0.0484375,310,rotor_0_blade_0,0.7917668223381042,-0.7917668223381042,420.77199511927967,-420.77199511927967,48,-3.052212922497164,0.0,-3.052212922497164,0.008826321922242641,0.07144128531217575,0.7917668223381042,0.011221223554510124,0.08509361687649053,-0.007286621609765756,0.16,0.16,0.0,0.0,0.0,0.0,0.0,0.0,418.87902047863906,0.29774698706457603,-0.01951536857503694,0.0,0.07635439932346344,0.17607595026493073,-0.0008833322790451348
0.0484375,310,rotor_0_blade_1,0.7917802333831787,-0.7917802333831787,420.77912220775244,-420.77912220775244,48,-3.0530474948904036,0.0,-3.0530474948904036,-0.008826239965856075,-0.07143751531839371,0.7917802333831787,-0.01122156312913248,-0.08509581739260785,-0.007288614004592037,0.16,0.16,0.0,0.0,0.0,0.0,0.0,0.0,418.87902047863906,0.29774698706457603,-0.01951536857503694,0.0,0.24364563822746277,0.1439240574836731,-0.0008833322790451348
0.04875,312,rotor_0_blade_0,0.7897980809211731,-0.7897980809211731,419.72573853147543,-419.72573853147543,48,-3.0522759248062674,0.0,-3.0522759248062674,-0.0005707734962925315,0.07190883159637451,0.7897980809211731,1.6170662051856292e-05,0.08570183499978253,-0.007286772016699556,0.16,0.16,0.0,0.0,0.0,0.0,0.0,0.0,418.87902047863906,0.31999999999997686,-2.2620794126737565e-14,0.0,0.07497166842222214,0.16502046585083008,-0.0008833322790451348
0.04875,312,rotor_0_blade_1,0.7898091673851013,-0.7898091673851013,419.7316302579463,-419.7316302579463,48,-3.0513225457260726,0.0,-3.0513225457260726,0.000571412208955735,-0.07187674939632416,0.7898091673851013,-1.624509357820163e-05,-0.08570271419391104,-0.007284495991800755,0.16,0.16,0.0,0.0,0.0,0.0,0.0,0.0,418.87902047863906,0.31999999999997686,-2.2620794126737565e-14,0.0,0.2450283020734787,0.15497952699661255,-0.0008833322790451348
0.0490625,314,rotor_0_blade_0,0.7881354689598083,-0.7881354689598083,418.8421696165432,-418.8421696165432,48,-3.0429972596674686,0.0,-3.0429972596674686,-0.009919333271682262,0.070962093770504,0.7881354689598083,-0.011158523569236781,0.08486130993492334,-0.007264620835367542,0.16,0.16,0.0,0.0,0.0,0.0,0.0,0.0,418.87902047863906,0.33951536857499753,0.022253012935372657,0.0,0.07504379749298096,0.1538790911436081,-0.0008833322790451348
0.0490625,314,rotor_0_blade_1,0.7881284356117249,-0.7881284356117249,418.8384318545886,-418.8384318545886,48,-3.0460184636386294,0.0,-3.0460184636386294,0.009924394078552723,-0.07100433856248856,0.7881284356117249,0.011158332354251056,-0.08486101643108497,-0.007271833428559029,0.16,0.16,0.0,0.0,0.0,0.0,0.0,0.0,418.87902047863906,0.33951536857499753,0.022253012935372657,0.0,0.24495622515678406,0.16612094640731812,-0.0008833322790451348
0.049375,316,rotor_0_blade_0,0.7868578433990479,-0.7868578433990479,418.1631956547029,-418.1631956547029,48,-3.0450757622739033,0.0,-3.0450757622739033,-0.01908694952726364,0.06902587413787842,0.7868578433990479,-0.022120458843331674,0.08259612770276041,-0.007269582894828194,0.16,0.16,0.0,0.0,0.0,0.0,0.0,0.0,418.87902047863906,0.3559591794226371,0.046862915010123476,0.0,0.07656954973936081,0.14284242689609528,-0.0008833322790451348
0.049375,316,rotor_0_blade_1,0.7868818044662476,-0.7868818044662476,418.1759293861076,-418.1759293861076,48,-3.0405747127394704,0.0,-3.0405747127394704,0.019060416147112846,-0.06892163306474686,0.7868818044662476,0.022121000035476127,-0.08259852019760545,-0.007258837430590597,0.16,0.16,0.0,0.0,0.0,0.0,0.0,0.0,418.87902047863906,0.3559591794226371,0.046862915010123476,0.0,0.2434304803609848,0.17715756595134735,-0.0008833322790451348
0.0496875,318,rotor_0_blade_0,0.7861336469650269,-0.7861336469650269,417.7783328771728,-417.7783328771728,48,-3.0418296504999063,0.0,-3.0418296504999063,-0.027881868183612823,0.06581465899944305,0.7861336469650269,-0.032698301904648924,0.07896103391741478,-0.007261833373808288,0.16,0.16,0.0,0.0,0.0,0.0,0.0,0.0,418.87902047863906,0.36905007438020676,0.07340862397657699,0.0,0.07952281087636948,0.13209934532642365,-0.0008833322790451348
0.0496875,318,rotor_0_blade_1,0.7861450910568237,-0.7861450910568237,417.78441465933616,-417.78441465933616,48,-3.0374549611494075,0.0,-3.0374549611494075,0.027856484055519104,-0.06575076282024384,0.7861450910568237,0.032698141920258855,-0.07896083118063905,-0.007251389572288937,0.16,0.16,0.0,0.0,0.0,0.0,0.0,0.0,418.87902047863906,0.36905007438020676,0.07340862397657699,0.0,0.24047718942165375,0.1879006028175354,-0.0008833322790451348
0.05,320,rotor_0_blade_0,0.7859497666358948,-0.7859497666358948,417.68061257522373,-417.68061257522373,48,-3.0349142094732864,0.0,-3.0349142094732864,-0.036159105598926544,0.06147608533501625,0.7859497666358948,-0.042723348704985786,0.07400926954874766,-0.0072453239744625815,0.16,0.16,0.0,0.0,0.0,0.0,0.0,0.0,418.87902047863906,0.37856406460550074,0.10143593539445622,0.0,0.08385305851697922,0.1218336671590805,-0.0008833322790451348
0.05,320,rotor_0_blade_1,0.7859804034233093,-0.7859804034233093,417.6968940128904,-417.6968940128904,48,-3.0369220508675183,0.0,-3.0369220508675183,0.03617090359330177,-0.061496466398239136,0.7859804034233093,0.042724972610963925,-0.07401206920657247,-0.007250117342705129,0.16,0.16,0.0,0.0,0.0,0.0,0.0,0.0,418.87902047863906,0.37856406460550074,0.10143593539445622,0.0,0.2361469566822052,0.1981663703918457,-0.0008833322790451348
0.0503125,322,rotor_0_blade_0,0.7864543199539185,-0.7864543199539185,417.94874948154416,-417.94874948154416,48,-3.0369883914944036,0.0,-3.0369883914944036,-0.04389376938343048,0.05625259503722191,0.7864543199539185,-0.05204882519468976,0.06783568786066119,-0.007250275719285579,0.16,0.16,0.0,0.0,0.0,0.0,0.0,0.0,418.87902047863906,0.38433836308798786,0.1304652941947625,0.0,0.08948621153831482,0.11222101747989655,-0.0008833322790451348
0.0503125,322,rotor_0_blade_1,0.7864497303962708,-0.7864497303962708,417.94631043348903,-417.94631043348903,48,-3.0383683398969477,0.0,-3.0383683398969477,0.04390726238489151,-0.05627015233039856,0.7864497303962708,0.052048362214315226,-0.06783524556607842,-0.007253570103427729,0.16,0.16,0.0,0.0,0.0,0.0,0.0,0.0,418.87902047863906,0.38433836308798786,0.1304652941947625,0.0,0.2305138260126114,0.20777897536754608,-0.0008833322790451348
0.050625,324,rotor_0_blade_0,0.7875401973724365,-0.7875401973724365,418.525821916198,-418.525821916198,48,-3.0370165706218915,0.0,-3.0370165706218915,-0.050856176763772964,0.05003209784626961,0.7875401973724365,-0.06052374530869421,0.060525094349409954,-0.007250342991997055,0.16,0.16,0.0,0.0,0.0,0.0,0.0,0.0,418.87902047863906,0.38627416997969477,0.1599999999999638,0.0,0.09632588922977448,0.10342588275671005,-0.0008833322790451348
0.050625,324,rotor_0_blade_1,0.7875593304634094,-0.7875593304634094,418.53598989575255,-418.53598989575255,48,-3.036855879351894,0.0,-3.036855879351894,0.05085550248622894,-0.05003143474459648,0.7875593304634094,0.06052507954659894,-0.060526447051562404,-0.007249959369848078,0.16,0.16,0.0,0.0,0.0,0.0,0.0,0.0,418.87902047863906,0.38627416997969477,0.1599999999999638,0.0,0.22367414832115173,0.21657408773899078,-0.0008833322790451348
0.0509375,326,rotor_0_blade_0,0.7891879677772522,-0.7891879677772522,419.40150351988706,-419.40150351988706,48,-3.0408601402342326,0.0,-3.0408601402342326,-0.057017482817173004,0.04301249235868454,0.7891879677772522,-0.06801630710826566,0.052190781291408736,-0.007259518838540883,0.16,0.16,0.0,0.0,0.0,0.0,0.0,0.0,418.87902047863906,0.38433836308799724,0.18953470580516577,0.0,0.10425502806901932,0.0955987349152565,-0.0008833322790451348
0.0509375,326,rotor_0_blade_1,0.7892137169837952,-0.7892137169837952,419.4151875297548,-419.4151875297548,48,-3.0399360654535315,0.0,-3.0399360654535315,0.056999821215867996,-0.04299810156226158,0.7892137169837952,0.06801715878593693,-0.05219146898922112,-0.007257312772503855,0.16,0.16,0.0,0.0,0.0,0.0,0.0,0.0,418.87902047863906,0.38433836308799724,0.18953470580516577,0.0,0.2157450020313263,0.22440125048160553,-0.0008833322790451348
0.05125,328,rotor_0_blade_0,0.7912359833717346,-0.7912359833717346,420.48988911955263,-420.48988911955263,48,-3.042043049783214,0.0,-3.042043049783214,-0.06217820942401886,0.03521708771586418,0.7912359833717346,-0.07439226877498416,0.04295049607052927,-0.007262342827070148,0.16,0.16,0.0,0.0,0.0,0.0,0.0,0.0,418.87902047863906,0.3785640646055194,0.21856406460547387,0.0,0.11313797533512115,0.08887352049350739,-0.0008833322790451348
0.05125,328,rotor_0_blade_1,0.7912662029266357,-0.7912662029266357,420.50594882557795,-420.50594882557795,48,-3.0406518548150805,0.0,-3.0406518548150805,0.062164828181266785,-0.03520910069346428,0.7912662029266357,0.07439365229019865,-0.04295126843616049,-0.0072590215937304026,0.16,0.16,0.0,0.0,0.0,0.0,0.0,0.0,418.87902047863906,0.3785640646055194,0.21856406460547387,0.0,0.20686204731464386,0.23112647235393524,-0.0008833322790451348
0.0515625,330,rotor_0_blade_0,0.7935641407966614,-0.7935641407966614,421.7271516784274,-421.7271516784274,48,-3.044185929215139,0.0,-3.044185929215139,-0.06636244803667068,0.0268461424857378,0.7935641407966614,-0.0795373476440907,0.032946316284654505,-0.00726745857488076,0.16,0.16,0.0,0.0,0.0,0.0,0.0,0.0,418.87902047863906,0.36905007438023435,0.24659137602335612,0.0,0.12282275408506393,0.0833652913570404,-0.0008833322790451348
0.0515625,330,rotor_0_blade_1,0.7935617566108704,-0.7935617566108704,421.7258846404767,-421.7258846404767,48,-3.046090496164799,0.0,-3.046090496164799,0.06637787818908691,-0.026852844282984734,0.7935617566108704,0.07953685540920359,-0.032946249486414496,-0.007272005393548078,0.16,0.16,0.0,0.0,0.0,0.0,0.0,0.0,418.87902047863906,0.36905007438023435,0.24659137602335612,0.0,0.1971772462129593,0.2366347461938858,-0.0008833322790451348
0.051875,332,rotor_0_blade_0,0.7959485650062561,-0.7959485650062561,422.9943163329391,-422.9943163329391,48,-3.0491384985281664,0.0,-3.0491384985281664,-0.06943399459123611,0.017987743020057678,0.7959485650062561,-0.08334823875028642,0.02233565214545485,-0.0072792819631883636,0.16,0.16,0.0,0.0,0.0,0.0,0.0,0.0,418.87902047863906,0.3559591794226732,0.2731370849898138,0.0,0.13314366340637207,0.07916829735040665,-0.0008833322790451348
0.051875,332,rotor_0_blade_1,0.7959797382354736,-0.7959797382354736,423.0108828541447,-423.0108828541447,48,-3.0496298447980954,0.0,-3.0496298447980954,0.06946422159671783,-0.01799641363322735,0.7959797382354736,0.08335066487283109,-0.022336288034645612,-0.007280454966002798,0.16,0.16,0.0,0.0,0.0,0.0,0.0,0.0,418.87902047863906,0.3559591794226732,0.2731370849898138,0.0,0.18685635924339294,0.24083168804645538,-0.0008833322790451348
0.0521875,334,rotor_0_blade_0,0.7983976006507874,-0.7983976006507874,424.29581771591523,-424.29581771591523,48,-3.0534267089989386,0.0,-3.0534267089989386,-0.07135225832462311,0.00879088044166565,0.7983976006507874,-0.08576147134062469,0.011295317302367987,-0.007289519311589991,0.16,0.16,0.0,0.0,0.0,0.0,0.0,0.0,418.87902047863906,0.3395153685750415,0.2977469870645699,0.0,0.1439240574836731,0.07635436207056046,-0.0008833322790451348
0.0521875,334,rotor_0_blade_1,0.7984333634376526,-0.7984333634376526,424.314823285176,-424.314823285176,48,-3.0536314169011396,0.0,-3.0536314169011396,0.07134092599153519,-0.008789126761257648,0.7984333634376526,0.08576424355968096,-0.011295706392026733,-0.00729000801570787,0.16,0.16,0.0,0.0,0.0,0.0,0.0,0.0,418.87902047863906,0.3395153685750415,0.2977469870645699,0.0,0.17607596516609192,0.24364566802978516,-0.0008833322790451348
0.0525,336,rotor_0_blade_0,0.8007568717002869,-0.8007568717002869,425.54961512004684,-425.54961512004684,48,-3.0609383454297117,0.0,-3.0609383454297117,-0.07212171703577042,-0.0005976712564006448,0.8007568717002869,-0.0867223343668912,7.458081241244833e-06,-0.007307452022619991,0.16,0.16,0.0,0.0,0.0,0.0,0.0,0.0,418.87902047863906,0.32000000000002793,0.3199999999999714,0.0,0.15497954189777374,0.07497163116931915,-0.0008833322790451348
0.0525,336,rotor_0_blade_1,0.800735354423523,-0.800735354423523,425.5381801025416,-425.5381801025416,48,-3.0613041798687832,0.0,-3.0613041798687832,0.0721287950873375,0.0005971213686279953,0.800735354423523,0.08671886636188325,-7.673008085933533e-06,-0.007308325388009964,0.16,0.16,0.0,0.0,0.0,0.0,0.0,0.0,418.87902047863906,0.32000000000002793,0.3199999999999714,0.0,0.16502045094966888,0.24502834677696228,-0.0008833322790451348
0.0528125,338,rotor_0_blade_0,0.8024678230285645,-0.8024678230285645,426.45887322942986,-426.45887322942986,48,-3.062919159957962,0.0,-3.062919159957962,-0.07154965400695801,-0.010020919144153595,0.8024678230285645,-0.08614539937748818,-0.011329461769224605,-0.00731218086897278,0.16,0.16,0.0,0.0,0.0,0.0,0.0,0.0,418.87902047863906,0.2977469870646333,0.33951536857499287,0.0,0.16612093150615692,0.07504375278949738,-0.0008833322790451348
0.0528125,338,rotor_0_blade_1,0.8024834394454956,-0.8024834394454956,426.46717232800705,-426.46717232800705,48,-3.0636891547507155,0.0,-3.0636891547507155,0.07154294103384018,0.010020259767770767,0.8024834394454956,0.08614557162128382,0.011329359137124777,-0.0073140190961341065,0.16,0.16,0.0,0.0,0.0,0.0,0.0,0.0,418.87902047863906,0.2977469870646333,0.33951536857499287,0.0,0.1538790911436081,0.24495625495910645,-0.0008833322790451348
0.053125,340,rotor_0_blade_0,0.8030800819396973,-0.8030800819396973,426.7842485751739,-426.7842485751739,48,-3.064807827766342,0.0,-3.064807827766342,-0.06974028795957565,-0.019300445914268494,0.8030800819396973,-0.08398582976965885,-0.022487186697928034,-0.007316689731236214,0.16,0.16,0.0,0.0,0.0,0.0,0.0,0.0,418.87902047863906,0.27313708498988304,0.3559591794226333,0.0,0.17715756595134735,0.07656950503587723,-0.0008833322790451348
0.053125,340,rotor_0_blade_1,0.8030763864517212,-0.8030763864517212,426.7822846663503,-426.7822846663503,48,-3.0664456825783266,0.0,-3.0664456825783266,0.06973537802696228,0.019299281761050224,0.8030763864517212,0.08398497906575668,0.02248674441935645,-0.007320599821577126,0.16,0.16,0.0,0.0,0.0,0.0,0.0,0.0,418.87902047863906,0.27313708498988304,0.3559591794226333,0.0,0.14284244179725647,0.243430495262146,-0.0008833322790451348
0.0534375,342,rotor_0_blade_0,0.8024495840072632,-0.8024495840072632,426.44918038910686,-426.44918038910686,48,-3.066925471408946,0.0,-3.066925471408946,-0.06668568402528763,-0.02825790084898472,0.8024495840072632,-0.08027929326452925,-0.033230829306753445,-0.007321745233037627,0.16,0.16,0.0,0.0,0.0,0.0,0.0,0.0,418.87902047863906,0.24659137602342998,0.3690500743802039,0.0,0.1879006177186966,0.07952277362346649,-0.0008833322790451348
0.0534375,342,rotor_0_blade_1,0.8024674654006958,-0.8024674654006958,426.45868317373726,-426.45868317373726,48,-3.067217421730004,0.0,-3.067217421730004,0.06670735776424408,0.028266560286283493,0.8024674654006958,0.08028037262600678,0.033231203164999626,-0.007322442213088632,0.16,0.16,0.0,0.0,0.0,0.0,0.0,0.0,418.87902047863906,0.24659137602342998,0.3690500743802039,0.0,0.13209934532642365,0.24047724902629852,-0.0008833322790451348
0.05375,344,rotor_0_blade_0,0.800922155380249,-0.800922155380249,425.6374525259803,-425.6374525259803,48,-3.067077469040516,0.0,-3.067077469040516,-0.062459129840135574,-0.03673235699534416,0.800922155380249,-0.07514562588677687,-0.043358246513229205,-0.007322108100653666,0.16,0.16,0.0,0.0,0.0,0.0,0.0,0.0,418.87902047863906,0.21856406460555106,0.3785640646054988,0.0,0.1981663554906845,0.08385303616523743,-0.0008833322790451348
0.05375,344,rotor_0_blade_1,0.800968587398529,-0.800968587398529,425.6621280900705,-425.6621280900705,48,-3.0654646260335476,0.0,-3.0654646260335476,0.06241708993911743,0.0367090217769146,0.800968587398529,0.07514840603376896,0.04335987975266955,-0.007318257721598813,0.16,0.16,0.0,0.0,0.0,0.0,0.0,0.0,418.87902047863906,0.21856406460555106,0.3785640646054988,0.0,0.1218336671590805,0.23614700138568878,-0.0008833322790451348
0.0540625,346,rotor_0_blade_0,0.7988643646240234,-0.7988643646240234,424.54387207071676,-424.54387207071676,48,-3.0651533735393643,0.0,-3.0651533735393643,-0.05708868429064751,-0.04453202337026596,0.7988643646240234,-0.06872145329642496,-0.05269959959232158,-0.007317514661003829,0.16,0.16,0.0,0.0,0.0,0.0,0.0,0.0,418.87902047863906,0.18953470580524498,0.38433836308798686,0.0,0.20777899026870728,0.08948618173599243,-0.0008833322790451348
0.0540625,346,rotor_0_blade_1,0.7988866567611694,-0.7988866567611694,424.55571887555595,-424.55571887555595,48,-3.0633563687805996,0.0,-3.0633563687805996,0.05705447122454643,0.044506579637527466,0.7988866567611694,0.06872211293537786,0.05270003000962251,-0.007313224628152073,0.16,0.16,0.0,0.0,0.0,0.0,0.0,0.0,418.87902047863906,0.18953470580524498,0.38433836308798686,0.0,0.11222101747989655,0.2305138260126114,-0.0008833322790451348
0.054375,348,rotor_0_blade_0,0.7964514493942261,-0.7964514493942261,423.261566312694,-423.261566312694,48,-3.0595306611508457,0.0,-3.0595306611508457,-0.05068482831120491,-0.051493577659130096,0.7964514493942261,-0.06113806249470354,-0.0611003073252265,-0.007304091423950577,0.16,0.16,0.0,0.0,0.0,0.0,0.0,0.0,418.87902047863906,0.16000000000004372,0.3862741699796947,0.0,0.21657411754131317,0.09632585942745209,-0.0008833322790451348
0.054375,348,rotor_0_blade_1,0.7964631915092468,-0.7964631915092468,423.2678064746013,-423.2678064746013,48,-3.059983439078363,0.0,-3.059983439078363,0.05066186562180519,0.051471102982759476,0.7964631915092468,0.061138487561422164,0.06110058443683377,-0.007305172351629886,0.16,0.16,0.0,0.0,0.0,0.0,0.0,0.0,418.87902047863906,0.16000000000004372,0.3862741699796947,0.0,0.10342585295438766,0.22367417812347412,-0.0008833322790451348
0.0546875,350,rotor_0_blade_0,0.7937626838684082,-0.7937626838684082,421.8326642637733,-421.8326642637733,48,-3.0553861624086713,0.0,-3.0553861624086713,-0.04343099519610405,-0.05753255635499954,0.7937626838684082,-0.0525337341112122,-0.06841925339661821,-0.007294197162028749,0.16,0.16,0.0,0.0,0.0,0.0,0.0,0.0,418.87902047863906,0.1304652941948417,0.3843383630879982,0.0,0.22440125048160553,0.10425499081611633,-0.0008833322790451348
0.0546875,350,rotor_0_blade_1,0.7937853932380676,-0.7937853932380676,421.8447328002539,-421.8447328002539,48,-3.0580572998006126,0.0,-3.0580572998006126,0.04346833378076553,0.05757978931069374,0.7937853932380676,0.052535130212083725,0.06842106132820727,-0.007300574032822825,0.16,0.16,0.0,0.0,0.0,0.0,0.0,0.0,418.87902047863906,0.1304652941948417,0.3843383630879982,0.0,0.0955987200140953,0.2157450169324875,-0.0008833322790451348
0.055,352,rotor_0_blade_0,0.7909372448921204,-0.7909372448921204,420.33112926432784,-420.33112926432784,48,-3.053945551278398,0.0,-3.053945551278398,-0.03549863398075104,-0.0626107007265091,0.7909372448921204,-0.04306429254555634,-0.07453832767808097,-0.007290757956291907,0.16,0.16,0.0,0.0,0.0,0.0,0.0,0.0,418.87902047863906,0.10143593539453341,0.3785640646055213,0.0,0.23112647235393524,0.11313793808221817,-0.0008833322790451348
0.055,352,rotor_0_blade_1,0.7909564971923828,-0.7909564971923828,420.34136059577986,-420.34136059577986,48,-3.053475026216414,0.0,-3.053475026216414,0.035478975623846054,0.06257792562246323,0.7909564971923828,0.04306518231686574,0.07453973968095612,-0.007289634660449956,0.16,0.16,0.0,0.0,0.0,0.0,0.0,0.0,418.87902047863906,0.10143593539453341,0.3785640646055213,0.0,0.0888734683394432,0.20686207711696625,-0.0008833322790451348
0.0553125,354,rotor_0_blade_0,0.7881059050559998,-0.7881059050559998,418.82645834595434,-418.82645834595434,48,-3.044782684247687,0.0,-3.044782684247687,-0.02690327726304531,-0.06641695648431778,0.7881059050559998,-0.0328965738138355,-0.07935872964491382,-0.007268883222579435,0.16,0.16,0.0,0.0,0.0,0.0,0.0,0.0,418.87902047863906,0.07340862397665085,0.3690500743802372,0.0,0.23663479089736938,0.12282273173332214,-0.0008833322790451348
0.0553125,354,rotor_0_blade_1,0.7881156802177429,-0.7881156802177429,418.83165320155223,-418.83165320155223,48,-3.0479602423746193,0.0,-3.0479602423746193,0.026921503245830536,0.06645870208740234,0.7881156802177429,0.03289679763631966,0.07935920190577374,-0.007276469083822381,0.16,0.16,0.0,0.0,0.0,0.0,0.0,0.0,418.87902047863906,0.07340862397665085,0.3690500743802372,0.0,0.08336525410413742,0.19717727601528168,-0.0008833322790451348
0.055625,356,rotor_0_blade_0,0.7854780554771423,-0.7854780554771423,417.42992911667443,-417.42992911667443,48,-3.0435238768828947,0.0,-3.0435238768828947,-0.01796012744307518,-0.06918887048959732,0.7854780554771423,-0.022209979903631022,-0.08281359254540065,-0.007265878041361827,0.16,0.16,0.0,0.0,0.0,0.0,0.0,0.0,418.87902047863906,0.046862915010192754,0.35595917942267685,0.0,0.24083173274993896,0.13314364850521088,-0.0008833322790451348
0.055625,356,rotor_0_blade_1,0.785460889339447,-0.785460889339447,417.4208064434293,-417.4208064434293,48,-3.040956422472358,0.0,-3.040956422472358,0.017946207895874977,0.06913851946592331,0.785460889339447,0.022209572154890483,0.08281160960398036,-0.007259748695452827,0.16,0.16,0.0,0.0,0.0,0.0,0.0,0.0,418.87902047863906,0.046862915010192754,0.35595917942267685,0.0,0.07916826754808426,0.18685635924339294,-0.0008833322790451348
0.0559375,358,rotor_0_blade_0,0.7832056879997253,-0.7832056879997253,416.22231524584646,-416.22231524584646,48,-3.034649629604385,0.0,-3.034649629604385,-0.008731412701308727,-0.07061822712421417,0.7832056879997253,-0.011186582770499501,-0.08485604193757815,-0.0072446923365529076,0.16,0.16,0.0,0.0,0.0,0.0,0.0,0.0,418.87902047863906,0.02225301293543616,0.33951536857504594,0.0,0.24364568293094635,0.1439240425825119,-0.0008833322790451348
0.0559375,358,rotor_0_blade_1,0.7831997871398926,-0.7831997871398926,416.21917932691844,-416.21917932691844,48,-3.0347220983424092,0.0,-3.0347220983424092,0.008733181282877922,0.07062965631484985,0.7831997871398926,0.011186536451876523,0.0848554276034094,-0.007244865342921051,0.16,0.16,0.0,0.0,0.0,0.0,0.0,0.0,418.87902047863906,0.02225301293543616,0.33951536857504594,0.0,0.07635430991649628,0.17607596516609192,-0.0008833322790451348
0.05625,360,rotor_0_blade_0,0.7815468907356262,-0.7815468907356262,415.34077359163535,-415.34077359163535,48,-3.029685622578956,0.0,-3.029685622578956,0.000563005218282342,-0.07095042616128922,0.7815468907356262,-9.648425967696073e-06,-0.0854769736873905,-0.007232841642718309,0.16,0.16,0.0,0.0,0.0,0.0,0.0,0.0,418.87902047863906,3.405609128037668e-14,0.32000000000003315,0.0,0.24502834677696228,0.15497949719429016,-0.0008833322790451348
0.05625,360,rotor_0_blade_1,0.7815341353416443,-0.7815341353416443,415.333994938599,-415.333994938599,48,-3.027140929776902,0.0,-3.027140929776902,-0.000563941546715796,0.07087863981723785,0.7815341353416443,9.784338254151458e-06,0.08547547453326465,-0.0072267666361468495,0.16,0.16,0.0,0.0,0.0,0.0,0.0,0.0,418.87902047863906,3.405609128037668e-14,0.32000000000003315,0.0,0.07497157901525497,0.16502045094966888,-0.0008833322790451348
0.0565625,362,rotor_0_blade_0,0.7806693911552429,-0.7806693911552429,414.8744402738741,-414.8744402738741,48,-3.0251316919935123,0.0,-3.0251316919935123,0.009799008257687092,-0.07008654624223709,0.7806693911552429,0.011144515422618817,-0.08468244826657961,-0.0072219699342707475,0.16,0.16,0.0,0.0,0.0,0.0,0.0,0.0,418.87902047863906,-0.01951536857498809,0.2977469870646392,0.0,0.24495629966259003,0.16612093150615692,-0.0008833322790451348
0.0565625,362,rotor_0_blade_1,0.7806748747825623,-0.7806748747825623,414.87735446116073,-414.87735446116073,48,-3.029678934670067,0.0,-3.029678934670067,-0.009808807633817196,0.07016976922750473,0.7806748747825623,-0.011144550548669167,0.08468240548461567,-0.00723282567651193,0.16,0.16,0.0,0.0,0.0,0.0,0.0,0.0,418.87902047863906,-0.01951536857498809,0.2977469870646392,0.0,0.0750437006354332,0.1538790911436081,-0.0008833322790451348
0.056875,364,rotor_0_blade_0,0.7807329893112183,-0.7807329893112183,414.90823851120945,-414.90823851120945,48,-3.0218351354877844,0.0,-3.0218351354877844,0.018826724961400032,-0.06804797798395157,0.7807329893112183,0.022107024789746084,-0.08249867232304225,-0.007214099985324723,0.16,0.16,0.0,0.0,0.0,0.0,0.0,0.0,418.87902047863906,-0.03595917942262927,0.2731370849898895,0.0,0.24343052506446838,0.17715755105018616,-0.0008833322790451348
0.056875,364,rotor_0_blade_1,0.7807287573814392,-0.7807287573814392,414.9059895188469,-414.9059895188469,48,-3.0211199652260396,0.0,-3.0211199652260396,-0.018824797123670578,0.06803974509239197,0.7807287573814392,-0.022106975252035414,0.08249882620474729,-0.0072123926420900875,0.16,0.16,0.0,0.0,0.0,0.0,0.0,0.0,418.87902047863906,-0.03595917942262927,0.2731370849898895,0.0,0.07656945288181305,0.14284244179725647,-0.0008833322790451348
0.0571875,366,rotor_0_blade_0,0.7818109393119812,-0.7818109393119812,415.4810980446772,-415.4810980446772,48,-3.025046104141144,0.0,-3.025046104141144,0.02756452187895775,-0.06503406912088394,0.7818109393119812,0.03271682433335951,-0.07896736827507245,-0.007221765608324152,0.16,0.16,0.0,0.0,0.0,0.0,0.0,0.0,418.87902047863906,-0.04905007438020073,0.24659137602343686,0.0,0.24047724902629852,0.1879006177186966,-0.0008833322790451348
0.0571875,366,rotor_0_blade_1,0.7817912697792053,-0.7817912697792053,415.4706449815838,-415.4706449815838,48,-3.0245281866824896,0.0,-3.0245281866824896,-0.02756451442837715,0.06503508985042572,0.7817912697792053,-0.032715949435295204,0.07896554224101454,-0.007220529171469276,0.16,0.16,0.0,0.0,0.0,0.0,0.0,0.0,418.87902047863906,-0.04905007438020073,0.24659137602343686,0.0,0.07952272146940231,0.13209934532642365,-0.0008833322790451348
0.0575,368,rotor_0_blade_0,0.7838956117630005,-0.7838956117630005,416.58896435283503,-416.58896435283503,48,-3.0190593814253344,0.0,-3.0190593814253344,0.03576643019914627,-0.06077085807919502,0.7838956117630005,0.042816124876456446,-0.0741368395702006,-0.007207473360627028,0.16,0.16,0.0,0.0,0.0,0.0,0.0,0.0,418.87902047863906,-0.05856406460549657,0.2185640646055583,0.0,0.23614700138568878,0.1981663554906845,-0.0008833322790451348
0.0575,368,rotor_0_blade_1,0.7838881015777588,-0.7838881015777588,416.5849731832903,-416.5849731832903,48,-3.0232868059505926,0.0,-3.0232868059505926,-0.03580397367477417,0.06083840876817703,0.7838881015777588,-0.0428159216509812,0.07413653958920693,-0.007217565593273169,0.16,0.16,0.0,0.0,0.0,0.0,0.0,0.0,418.87902047863906,-0.05856406460549657,0.2185640646055583,0.0,0.08385299891233444,0.1218336671590805,-0.0008833322790451348
0.0578125,370,rotor_0_blade_0,0.7870225310325623,-0.7870225310325623,418.25071630114866,-418.25071630114866,48,-3.0247936387212557,0.0,-3.0247936387212557,0.04349208623170853,-0.05569912865757942,0.7870225310325623,0.05225867132190182,-0.0680799367892267,-0.007221162891531128,0.16,0.16,0.0,0.0,0.0,0.0,0.0,0.0,418.87902047863906,-0.0643383630879856,0.18953470580525245,0.0,0.2305138260126114,0.20777899026870728,-0.0008833322790451348
0.0578125,370,rotor_0_blade_1,0.7870092988014221,-0.7870092988014221,418.2436842405222,-418.2436842405222,48,-3.02345318644121,0.0,-3.02345318644121,-0.04346974194049835,0.05566932260990143,0.7870092988014221,-0.05225794031291386,0.06807919817937116,-0.007217962797435907,0.16,0.16,0.0,0.0,0.0,0.0,0.0,0.0,418.87902047863906,-0.0643383630879856,0.18953470580525245,0.0,0.08948614448308945,0.11222098767757416,-0.0008833322790451348
0.058125,372,rotor_0_blade_0,0.791061520576477,-0.791061520576477,420.39717361750894,-420.39717361750894,48,-3.0271146620198177,0.0,-3.0271146620198177,0.05047571286559105,-0.04961772263050079,0.791061520576477,0.06089713684709898,-0.06087287693587844,-0.007226703926496092,0.16,0.16,0.0,0.0,0.0,0.0,0.0,0.0,418.87902047863906,-0.06627416997969446,0.1600000000000513,0.0,0.22367419302463531,0.21657414734363556,-0.0008833322790451348
0.058125,372,rotor_0_blade_1,0.7910671830177307,-0.7910671830177307,420.40018283264186,-420.40018283264186,48,-3.030204666255474,0.0,-3.030204666255474,-0.050517965108156204,0.04966126009821892,0.7910671830177307,-0.06089768316962273,0.06087338938837874,-0.007234080768220285,0.16,0.16,0.0,0.0,0.0,0.0,0.0,0.0,418.87902047863906,-0.06627416997969446,0.1600000000000513,0.0,0.09632580727338791,0.10342583060264587,-0.0008833322790451348
0.0584375,374,rotor_0_blade_0,0.79579097032547,-0.79579097032547,422.9105651243967,-422.9105651243967,48,-3.035559019434311,0.0,-3.035559019434311,0.056731268763542175,-0.0427556186914444,0.79579097032547,0.06858487568100285,-0.05260557992015605,-0.007246863344852362,0.16,0.16,0.0,0.0,0.0,0.0,0.0,0.0,418.87902047863906,-0.06433836308799895,0.13046529419484926,0.0,0.21574504673480988,0.22440128028392792,-0.0008833322790451348
0.0584375,374,rotor_0_blade_1,0.7957658171653748,-0.7957658171653748,422.8971978740167,-422.8971978740167,48,-3.036714099673438,0.0,-3.036714099673438,-0.05676061287522316,0.04277965798974037,0.7957658171653748,-0.0685830707514217,0.05260418967475495,-0.007249620895798233,0.16,0.16,0.0,0.0,0.0,0.0,0.0,0.0,418.87902047863906,-0.06433836308799895,0.13046529419484926,0.0,0.10425493121147156,0.09559869766235352,-0.0008833322790451348
0.05875,376,rotor_0_blade_0,0.8007450699806213,-0.8007450699806213,425.5433432821908,-425.5433432821908,48,-3.042936596921074,0.0,-3.042936596921074,0.06211182102560997,-0.03514406085014343,0.8007450699806213,0.07516572701247667,-0.043380558388281344,-0.007264476013728288,0.16,0.16,0.0,0.0,0.0,0.0,0.0,0.0,418.87902047863906,-0.05856406460552305,0.1014359353945408,0.0,0.20686207711696625,0.23112648725509644,-0.0008833322790451348
0.05875,376,rotor_0_blade_1,0.8007262945175171,-0.8007262945175171,425.5333653583289,-425.5333653583289,48,-3.0440565128345054,0.0,-3.0440565128345054,-0.06211686506867409,0.0351470522582531,0.8007262945175171,-0.07516390689817283,0.043379614703084345,-0.007267149616030337,0.16,0.16,0.0,0.0,0.0,0.0,0.0,0.0,418.87902047863906,-0.05856406460552305,0.1014359353945408,0.0,0.11313792318105698,0.08887344598770142,-0.0008833322790451348
0.0590625,378,rotor_0_blade_0,0.8054064512252808,-0.8054064512252808,428.02056085558564,-428.02056085558564,48,-3.0534358475691254,0.0,-3.0534358475691254,0.06654540449380875,-0.02689080499112606,0.8054064512252808,0.08048671468986672,-0.033329786544622104,-0.007289541128319261,0.16,0.16,0.0,0.0,0.0,0.0,0.0,0.0,418.87902047863906,-0.049050074380239894,0.07340862397665794,0.0,0.19717729091644287,0.23663479089736938,-0.0008833322790451348
0.0590625,378,rotor_0_blade_1,0.8053893446922302,-0.8053893446922302,428.0114698582892,-428.0114698582892,48,-3.0546479907399746,0.0,-3.0546479907399746,-0.06655225902795792,0.026893574744462967,0.8053893446922302,-0.08048590334250362,0.033329539564029086,-0.007292434906979897,0.16,0.16,0.0,0.0,0.0,0.0,0.0,0.0,418.87902047863906,-0.049050074380239894,0.07340862397665794,0.0,0.12282270938158035,0.08336522430181503,-0.0008833322790451348
0.059375,380,rotor_0_blade_0,0.8092243075370789,-0.8092243075370789,430.0495004020169,-430.0495004020169,48,-3.0668491690333037,0.0,-3.0668491690333037,0.06991972774267197,-0.018093764781951904,0.8092243075370789,0.08441335703864183,-0.022618840910195885,-0.00732156307453383,0.16,0.16,0.0,0.0,0.0,0.0,0.0,0.0,418.87902047863906,-0.03595917942268048,0.04686291501019943,0.0,0.18685637414455414,0.24083176255226135,-0.0008833322790451348
0.059375,380,rotor_0_blade_1,0.8092100620269775,-0.8092100620269775,430.0419298502614,-430.0419298502614,48,-3.0646856855123694,0.0,-3.0646856855123694,-0.06990513950586319,0.018089689314365387,0.8092100620269775,-0.08441233647305543,0.022618557831029215,-0.007316398138084012,0.16,0.16,0.0,0.0,0.0,0.0,0.0,0.0,418.87902047863906,-0.03595917942268048,0.04686291501019943,0.0,0.1331436187028885,0.07916823029518127,-0.0008833322790451348
0.0596875,382,rotor_0_blade_0,0.8117246627807617,-0.8117246627807617,431.3782747768822,-431.3782747768822,48,-3.073613869250927,0.0,-3.073613869250927,0.07202060520648956,-0.008862943388521671,0.8117246627807617,0.08683337546667866,-0.011442277071610047,-0.007337712606706374,0.16,0.16,0.0,0.0,0.0,0.0,0.0,0.0,418.87902047863906,-0.019515368575050457,0.022253012935442296,0.0,0.1760759800672531,0.24364572763442993,-0.0008833322790451348
0.0596875,382,rotor_0_blade_1,0.8116757869720459,-0.8116757869720459,431.35230049889253,-431.35230049889253,48,-3.072592578303375,0.0,-3.072592578303375,-0.0720038115978241,0.008860453963279724,0.8116757869720459,-0.0868295718869233,0.011441972318665988,-0.007335274454166805,0.16,0.16,0.0,0.0,0.0,0.0,0.0,0.0,418.87902047863906,-0.019515368575050457,0.022253012935442296,0.0,0.1439240276813507,0.07635428011417389,-0.0008833322790451348
0.06,384,rotor_0_blade_0,0.8124436736106873,-0.8124436736106873,431.7603817468696,-431.7603817468696,48,-3.0793948336702104,0.0,-3.0793948336702104,0.07286422699689865,0.000603678054176271,0.8124436736106873,0.08765893218707312,-2.1106124117839037e-05,-0.007351513642653883,0.16,0.16,0.0,0.0,0.0,0.0,0.0,0.0,418.87902047863906,-3.838596107641479e-14,3.952393967665557e-14,0.0,0.16502048075199127,0.24502834677696228,-0.0008833322790451348
0.06,384,rotor_0_blade_1,0.8124471306800842,-0.8124471306800842,431.7622189518981,-431.7622189518981,48,-3.07927396488727,0.0,-3.07927396488727,-0.07285412400960922,-0.0006038698484189808,0.8124471306800842,-0.08766096008032138,2.1101760959777883e-05,-0.007351225089689826,0.16,0.16,0.0,0.0,0.0,0.0,0.0,0.0,418.87902047863906,-3.838596107641479e-14,3.952393967665557e-14,0.0,0.15497949719429016,0.07497154176235199,-0.0008833322790451348
0.0603125,386,rotor_0_blade_0,0.8112940192222595,-0.8112940192222595,431.14941604703404,-431.14941604703404,48,-3.0834435229738055,0.0,-3.0834435229738055,0.07235465943813324,0.010122290812432766,0.8112940192222595,0.08685736358086493,0.011403821517680346,-0.00736117917638954,0.16,0.16,0.0,0.0,0.0,0.0,0.0,0.0,418.87902047863906,0.022253012935354866,-0.01951536857498337,0.0,0.1538790911436081,0.2449563592672348,-0.0008833322790451348
0.0603125,386,rotor_0_blade_1,0.811279833316803,-0.811279833316803,431.14187717122724,-431.14187717122724,48,-3.0826613381360115,0.0,-3.0826613381360115,-0.07235540449619293,-0.010122038424015045,0.811279833316803,-0.0868577562184582,-0.011403893591721599,-0.007359311847639344,0.16,0.16,0.0,0.0,0.0,0.0,0.0,0.0,418.87902047863906,0.022253012935354866,-0.01951536857498337,0.0,0.16612091660499573,0.07504366338253021,-0.0008833322790451348
0.060625,388,rotor_0_blade_0,0.80815190076828,-0.80815190076828,429.4795867317846,-429.4795867317846,48,-3.0808433792013017,0.0,-3.0808433792013017,0.0704270452260971,0.019469043239951134,0.80815190076828,0.08442550437563152,0.022581497012987964,-0.007354971790377386,0.16,0.16,0.0,0.0,0.0,0.0,0.0,0.0,418.87902047863906,0.046862915010104006,-0.03595917942262539,0.0,0.14284244179725647,0.24343056976795197,-0.0008833322790451348
0.060625,388,rotor_0_blade_1,0.8081153631210327,-0.8081153631210327,429.4601693751899,-429.4601693751899,48,-3.0824561742839345,0.0,-3.0824561742839345,-0.07044735550880432,-0.019473971799016,0.8081153631210327,-0.08442252839583173,-0.022580616988819947,-0.007358822055021316,0.16,0.16,0.0,0.0,0.0,0.0,0.0,0.0,418.87902047863906,0.046862915010104006,-0.03595917942262539,0.0,0.17715755105018616,0.07656941562891006,-0.0008833322790451348
0.0609375,390,rotor_0_blade_0,0.8032881617546082,-0.8032881617546082,426.89482931232266,-426.89482931232266,48,-3.073980718299112,0.0,-3.073980718299112,0.06711461395025253,0.028410758823156357,0.8032881617546082,0.08043858094185002,0.03327038602001514,-0.007338588394297181,0.16,0.16,0.0,0.0,0.0,0.0,0.0,0.0,418.87902047863906,0.07340862397655615,-0.049050074380197706,0.0,0.13209934532642365,0.24047726392745972,-0.0008833322790451348
0.0609375,390,rotor_0_blade_1,0.8032822608947754,-0.8032822608947754,426.89169339339463,-426.89169339339463,48,-3.0777609455768893,0.0,-3.0777609455768893,-0.06721071898937225,-0.02844945900142193,0.8032822608947754,-0.08043941732643846,-0.033270793774286746,-0.007347613022156217,0.16,0.16,0.0,0.0,0.0,0.0,0.0,0.0,418.87902047863906,0.07340862397655615,-0.049050074380197706,0.0,0.18790064752101898,0.07952269911766052,-0.0008833322790451348
0.06125,392,rotor_0_blade_0,0.7972617745399475,-0.7972617745399475,423.6922008361938,-423.6922008361938,48,-3.066952996092191,0.0,-3.066952996092191,0.06263752281665802,0.03680044785141945,0.7972617745399475,0.0750384158782087,0.04326839730228311,-0.007321810943378559,0.16,0.16,0.0,0.0,0.0,0.0,0.0,0.0,418.87902047863906,0.10143593539443438,-0.05856406460549449,0.0,0.12183364480733871,0.23614706099033356,-0.0008833322790451348
0.06125,392,rotor_0_blade_1,0.7972610592842102,-0.7972610592842102,423.6918207248086,-423.6918207248086,48,-3.069653898493978,0.0,-3.069653898493978,-0.06267961114645004,-0.03682415559887886,0.7972610592842102,-0.07503934351871137,-0.04326892690151308,-0.007328258872899357,0.16,0.16,0.0,0.0,0.0,0.0,0.0,0.0,418.87902047863906,0.10143593539443438,-0.05856406460549449,0.0,0.1981664001941681,0.08385294675827026,-0.0008833322790451348
0.0615625,394,rotor_0_blade_0,0.7905453443527222,-0.7905453443527222,420.1228599011788,-420.1228599011788,48,-3.056748545305676,0.0,-3.056748545305676,0.05698026344180107,0.044404421001672745,0.7905453443527222,0.06837361597287957,0.052404556620662734,-0.007297449611615381,0.16,0.16,0.0,0.0,0.0,0.0,0.0,0.0,418.87902047863906,0.13046529419474004,-0.06433836308798452,0.0,0.11222098022699356,0.23051387071609497,-0.0008833322790451348
0.0615625,394,rotor_0_blade_1,0.7905319333076477,-0.7905319333076477,420.115732812706,-420.115732812706,48,-3.0579735642703856,0.0,-3.0579735642703856,-0.05700063705444336,-0.04441968351602554,0.7905319333076477,-0.06837336351660289,-0.05240432667975757,-0.007300374128969604,0.16,0.16,0.0,0.0,0.0,0.0,0.0,0.0,418.87902047863906,0.13046529419474004,-0.06433836308798452,0.0,0.20777904987335205,0.08948611468076706,-0.0008833322790451348
0.061875,396,rotor_0_blade_0,0.7836546301841736,-0.7836546301841736,416.46089849196636,-416.46089849196636,48,-3.04552874346625,0.0,-3.04552874346625,0.05036872997879982,0.05112150311470032,0.7836546301841736,0.06060848785142876,0.06054480231891076,-0.007270664307766538,0.16,0.16,0.0,0.0,0.0,0.0,0.0,0.0,418.87902047863906,0.1599999999999411,-0.06627416997969438,0.0,0.10342585295438766,0.2236742228269577,-0.0008833322790451348
0.061875,396,rotor_0_blade_1,0.7836291193962097,-0.7836291193962097,416.4473411858937,-416.4473411858937,48,-3.043757200969193,0.0,-3.043757200969193,-0.05033732205629349,-0.051091019064188004,0.7836291193962097,-0.06060706872436098,-0.06054321138003243,-0.007266435061586979,0.16,0.16,0.0,0.0,0.0,0.0,0.0,0.0,418.87902047863906,0.1599999999999411,-0.06627416997969438,0.0,0.21657414734363556,0.09632577747106552,-0.0008833322790451348
0.0621875,398,rotor_0_blade_0,0.7770208716392517,-0.7770208716392517,412.93549209789245,-412.93549209789245,48,-3.0304256944485854,0.0,-3.0304256944485854,0.0428963229060173,0.056770846247673035,0.7770208716392517,0.0519040472733663,0.06757762890667708,-0.007234608434162731,0.16,0.16,0.0,0.0,0.0,0.0,0.0,0.0,418.87902047863906,0.18953470580514317,-0.06433836308799987,0.0,0.09559868276119232,0.21574507653713226,-0.0008833322790451348
0.0621875,398,rotor_0_blade_1,0.7770178318023682,-0.7770178318023682,412.9338766245053,-412.9338766245053,48,-3.028471044571125,0.0,-3.028471044571125,-0.04288449510931969,-0.05675649270415306,0.7770178318023682,-0.051904096742010596,-0.06757759368589954,-0.0072299420513125545,0.16,0.16,0.0,0.0,0.0,0.0,0.0,0.0,418.87902047863906,0.18953470580514317,-0.06433836308799987,0.0,0.2244012951850891,0.10425493121147156,-0.0008833322790451348
0.0625,400,rotor_0_blade_0,0.7712128162384033,-0.7712128162384033,409.84889262210044,-409.84889262210044,48,-3.010992411666399,0.0,-3.010992411666399,0.034778740257024765,0.0612952746450901,0.7712128162384033,0.042434551804613065,0.07343510739272652,-0.007188214888933417,0.16,0.16,0.0,0.0,0.0,0.0,0.0,0.0,418.87902047863906,0.2185640646054518,-0.05856406460552496,0.0,0.08887344598770142,0.20686209201812744,-0.0008833322790451348
0.0625,400,rotor_0_blade_1,0.7711940407752991,-0.7711940407752991,409.83891469823857,-409.83891469823857,48,-3.013692606386076,0.0,-3.013692606386076,-0.03480364754796028,-0.06133686378598213,0.7711940407752991,-0.042433779175388195,-0.07343370095632047,-0.007194661128987625,0.16,0.16,0.0,0.0,0.0,0.0,0.0,0.0,418.87902047863906,0.2185640646054518,-0.05856406460552496,0.0,0.2311265468597412,0.11313788592815399,-0.0008833322790451348
0.0628125,402,rotor_0_blade_0,0.7665522694587708,-0.7665522694587708,407.3721185119884,-407.3721185119884,48,-3.0011742890507365,0.0,-3.0011742890507365,0.026289310306310654,0.06485161185264587,0.7665522694587708,0.03235617884146833,0.07805547566280764,-0.007164775847740942,0.16,0.16,0.0,0.0,0.0,0.0,0.0,0.0,418.87902047863906,0.24659137602333495,-0.04905007438024278,0.0,0.08336520195007324,0.19717730581760406,-0.0008833322790451348
0.0628125,402,rotor_0_blade_1,0.7665562629699707,-0.7665562629699707,407.3742408005558,-407.3742408005558,48,-2.9989274527570196,0.0,-2.9989274527570196,-0.026279833167791367,-0.06483011692762375,0.7665562629699707,-0.032356483915026324,-0.07805622747488081,-0.007159411921203992,0.16,0.16,0.0,0.0,0.0,0.0,0.0,0.0,418.87902047863906,0.24659137602333495,-0.04905007438024278,0.0,0.23663486540317535,0.12282268702983856,-0.0008833322790451348
0.063125,404,rotor_0_blade_0,0.7633251547813416,-0.7633251547813416,405.6571192937959,-405.6571192937959,48,-2.9895742241618635,0.0,-2.9895742241618635,0.017472438514232635,0.06727136671543121,0.7633251547813416,0.02182486982714942,0.08140111122899951,-0.007137082732732179,0.16,0.16,0.0,0.0,0.0,0.0,0.0,0.0,418.87902047863906,0.2731370849897939,-0.035959179422684284,0.0,0.07916820049285889,0.18685638904571533,-0.0008833322790451348
0.063125,404,rotor_0_blade_1,0.7633295059204102,-0.7633295059204102,405.65943163805593,-405.65943163805593,48,-2.989531487588257,0.0,-2.989531487588257,-0.017475610598921776,-0.06728380918502808,0.7633295059204102,-0.021825015424354062,-0.08140167079649532,-0.007136980706678074,0.16,0.16,0.0,0.0,0.0,0.0,0.0,0.0,418.87902047863906,0.2731370849897939,-0.035959179422684284,0.0,0.24083179235458374,0.1331435889005661,-0.0008833322790451348
0.0634375,406,rotor_0_blade_0,0.7615991830825806,-0.7615991830825806,404.73987884532335,-404.73987884532335,48,-2.9804574246709223,0.0,-2.9804574246709223,0.008488922379910946,0.06862035393714905,0.7615991830825806,0.01098805273849425,0.0834337037719314,-0.007115317977169764,0.16,0.16,0.0,0.0,0.0,0.0,0.0,0.0,418.87902047863906,0.29774698706455155,-0.019515368575055092,0.0,0.0763542577624321,0.1760759949684143,-0.0008833322790451348
0.0634375,406,rotor_0_blade_1,0.7616097927093506,-0.7616097927093506,404.74551716420405,-404.74551716420405,48,-2.9820205911964006,0.0,-2.9820205911964006,-0.008495504036545753,-0.06866880506277084,0.7616097927093506,-0.010988277626140783,-0.08343556063243503,-0.0071190497623608495,0.16,0.16,0.0,0.0,0.0,0.0,0.0,0.0,418.87902047863906,0.29774698706455155,-0.019515368575055092,0.0,0.24364575743675232,0.14392401278018951,-0.0008833322790451348
0.06375,408,rotor_0_blade_0,0.7613885998725891,-0.7613885998725891,404.6279677183263,-404.6279677183263,48,-2.9804087755624376,0.0,-2.9804087755624376,-0.0005473254714161158,0.0690375491976738,0.7613885998725891,-4.783962365942749e-06,0.08413381818646673,-0.007115201835978379,0.16,0.16,0.0,0.0,0.0,0.0,0.0,0.0,418.87902047863906,0.31999999999995493,-4.3798298321462426e-14,0.0,0.07497153431177139,0.16502051055431366,-0.0008833322790451348
0.06375,408,rotor_0_blade_1,0.761394739151001,-0.761394739151001,404.6312303410494,-404.6312303410494,48,-2.9778731997428665,0.0,-2.9778731997428665,0.0005479395040310919,-0.06898469477891922,0.761394739151001,4.7840108432607565e-06,-0.08413405021165205,-0.007109148594599344,0.16,0.16,0.0,0.0,0.0,0.0,0.0,0.0,418.87902047863906,0.31999999999995493,-4.3798298321462426e-14,0.0,0.24502845108509064,0.15497949719429016,-0.0008833322790451348
0.0640625,410,rotor_0_blade_0,0.7625282406806946,-0.7625282406806946,405.2336118587689,-405.2336118587689,48,-2.9796277992211033,0.0,-2.9796277992211033,-0.009552886709570885,0.06830032169818878,0.7625282406806946,-0.011002560487754259,0.08347959344849194,-0.007113337392300961,0.16,0.16,0.0,0.0,0.0,0.0,0.0,0.0,418.87902047863906,0.33951536857497855,0.022253012935348787,0.0,0.07504364848136902,0.1538791060447693,-0.0008833322790451348
0.0640625,410,rotor_0_blade_1,0.7625351548194885,-0.7625351548194885,405.2372862688259,-405.2372862688259,48,-2.977289329863082,0.0,-2.977289329863082,0.00954759307205677,-0.0682561993598938,0.7625351548194885,0.011002705106181307,-0.0834810069174288,-0.007107754707936991,0.16,0.16,0.0,0.0,0.0,0.0,0.0,0.0,418.87902047863906,0.33951536857497855,0.022253012935348787,0.0,0.24495640397071838,0.16612090170383453,-0.0008833322790451348
0.064375,412,rotor_0_blade_0,0.76494300365448,-0.76494300365448,406.51689957120345,-406.51689957120345,48,-2.9797967291219947,0.0,-2.9797967291219947,-0.018394699320197105,0.06646337360143661,0.76494300365448,-0.021850832142343974,0.08147716763456128,-0.007113740682732404,0.16,0.16,0.0,0.0,0.0,0.0,0.0,0.0,418.87902047863906,0.35595917942262145,0.046862915010097345,0.0,0.07656940072774887,0.14284245669841766,-0.0008833322790451348
0.064375,412,rotor_0_blade_1,0.7649606466293335,-0.7649606466293335,406.52627565203875,-406.52627565203875,48,-2.9778810661360833,0.0,-2.9778810661360833,0.01838475465774536,-0.06642220169305801,0.7649606466293335,0.021851382535137902,-0.08147916382926004,-0.007109167374229814,0.16,0.16,0.0,0.0,0.0,0.0,0.0,0.0,418.87902047863906,0.35595917942262145,0.046862915010097345,0.0,0.24343064427375793,0.17715756595134735,-0.0008833322790451348
0.0646875,414,rotor_0_blade_0,0.7685107588768005,-0.7685107588768005,408.4129268366045,-408.4129268366045,48,-2.9797614490104274,0.0,-2.9797614490104274,-0.026933876797556877,0.06351307779550552,0.7685107588768005,-0.03239364121094863,0.07814313912691477,-0.007113656457670173,0.16,0.16,0.0,0.0,0.0,0.0,0.0,0.0,418.87902047863906,0.36905007438019466,0.07340862397654903,0.0,0.07952265441417694,0.13209934532642365,-0.0008833322790451348
0.0646875,414,rotor_0_blade_1,0.7685214877128601,-0.7685214877128601,408.4186285073828,-408.4186285073828,48,-2.980347549794242,0.0,-2.980347549794242,0.026938846334815025,-0.06352522224187851,0.7685214877128601,0.03239416420555409,-0.07814437505328795,-0.007115055670223585,0.16,0.16,0.0,0.0,0.0,0.0,0.0,0.0,418.87902047863906,0.36905007438019466,0.07340862397654903,0.0,0.24047733843326569,0.18790064752101898,-0.0008833322790451348
0.065,416,rotor_0_blade_0,0.7731277346611023,-0.7731277346611023,410.86654582816726,-410.86654582816726,48,-2.9835920593439114,0.0,-2.9835920593439114,-0.03506840392947197,0.05955798178911209,0.7731277346611023,-0.04247483570832253,0.07351258796515034,-0.007122801366214666,0.16,0.16,0.0,0.0,0.0,0.0,0.0,0.0,418.87902047863906,0.3785640646054924,0.10143593539442691,0.0,0.08385292440652847,0.12183364480733871,-0.0008833322790451348
0.065,416,rotor_0_blade_1,0.7731342315673828,-0.7731342315673828,410.869998506583,-410.869998506583,48,-2.983032577714885,0.0,-2.983032577714885,0.035066157579422,-0.059554342180490494,0.7731342315673828,0.042475261344497896,-0.07351336021478815,-0.007121465702212236,0.16,0.16,0.0,0.0,0.0,0.0,0.0,0.0,418.87902047863906,0.3785640646054924,0.10143593539442691,0.0,0.23614707589149475,0.1981664001941681,-0.0008833322790451348
0.0653125,418,rotor_0_blade_0,0.7786634564399719,-0.7786634564399719,413.80841789403866,-413.80841789403866,48,-2.9917087652352765,0.0,-2.9917087652352765,-0.04271622374653816,0.05467812716960907,0.7786634564399719,-0.05193924570385522,0.06763791072846867,-0.0071421785741781745,0.16,0.16,0.0,0.0,0.0,0.0,0.0,0.0,418.87902047863906,0.3843383630879834,0.13046529419473235,0.0,0.08948608487844467,0.11222096532583237,-0.0008833322790451348
0.0653125,418,rotor_0_blade_1,0.7786791920661926,-0.7786791920661926,413.8167803445134,-413.8167803445134,48,-2.989262219148629,0.0,-2.989262219148629,0.04268202185630798,-0.054632045328617096,0.7786791920661926,0.0519400749771163,-0.06763903633557078,-0.0071363378756302935,0.16,0.16,0.0,0.0,0.0,0.0,0.0,0.0,418.87902047863906,0.3843383630879834,0.13046529419473235,0.0,0.23051396012306213,0.20777904987335205,-0.0008833322790451348
0.065625,420,rotor_0_blade_0,0.7849643230438232,-0.7849643230438232,417.15691411424376,-417.15691411424376,48,-2.9986585160696193,0.0,-2.9986585160696193,-0.049682438373565674,0.04881199076771736,0.7849643230438232,-0.060633290897443286,0.06058841743742207,-0.007158769882156314,0.16,0.16,0.0,0.0,0.0,0.0,0.0,0.0,418.87902047863906,0.3862741699796943,0.15999999999993336,0.0,0.09632575511932373,0.10342583060264587,-0.0008833322790451348
0.065625,420,rotor_0_blade_1,0.784976601600647,-0.784976601600647,417.16343935968996,-417.16343935968996,48,-2.997896857703003,0.0,-2.997896857703003,0.049674686044454575,-0.048803821206092834,0.784976601600647,0.06063397145478609,-0.06058912061046769,-0.007156951556746401,0.16,0.16,0.0,0.0,0.0,0.0,0.0,0.0,418.87902047863906,0.3862741699796943,0.15999999999993336,0.0,0.22367426753044128,0.21657416224479675,-0.0008833322790451348
0.0659375,422,rotor_0_blade_0,0.7916934490203857,-0.7916934490203857,420.73300202634636,-420.73300202634636,48,-3.007902731106014,0.0,-3.007902731106014,-0.05592335760593414,0.04212220758199692,0.7916934490203857,-0.0683973651403084,0.0524451954804943,-0.007180838819927014,0.16,0.16,0.0,0.0,0.0,0.0,0.0,0.0,418.87902047863906,0.3843383630880008,0.1895347058051355,0.0,0.10425491631031036,0.09559866040945053,-0.0008833322790451348
0.0659375,422,rotor_0_blade_1,0.7917271852493286,-0.7917271852493286,420.750930613349,-420.750930613349,48,-3.008350739139587,0.0,-3.008350739139587,0.05591905117034912,-0.042118512094020844,0.7917271852493286,0.06839914055926564,-0.05244650074091297,-0.007181908360323334,0.16,0.16,0.0,0.0,0.0,0.0,0.0,0.0,418.87902047863906,0.3843383630880008,0.1895347058051355,0.0,0.21574509143829346,0.2244013249874115,-0.0008833322790451348
0.06625,424,rotor_0_blade_0,0.7984061241149902,-0.7984061241149902,424.300347376589,-424.300347376589,48,-3.0192289688739464,0.0,-3.0192289688739464,-0.06131358444690704,0.03466765210032463,0.7984061241149902,-0.07507016832153066,0.04331239348962028,-0.007207878220838022,0.16,0.16,0.0,0.0,0.0,0.0,0.0,0.0,418.87902047863906,0.3785640646055269,0.21856406460544436,0.0,0.11313788592815399,0.08887342363595963,-0.0008833322790451348
0.06625,424,rotor_0_blade_1,0.7984386682510376,-0.7984386682510376,424.3176424446163,-424.3176424446163,48,-3.022424342533172,0.0,-3.022424342533172,0.06139291822910309,-0.0347149483859539,0.7984386682510376,0.07507257282893764,-0.04331367996993371,-0.007215506613531393,0.16,0.16,0.0,0.0,0.0,0.0,0.0,0.0,418.87902047863906,0.3785640646055269,0.21856406460544436,0.0,0.20686212182044983,0.2311265617609024,-0.0008833322790451348
0.0665625,426,rotor_0_blade_0,0.8045470714569092,-0.8045470714569092,427.5638570262498,-427.5638570262498,48,-3.034630985696724,0.0,-3.034630985696724,-0.06582825630903244,0.026579245924949646,0.8045470714569092,-0.08049077540726621,0.03332127694889867,-0.007244647827501966,0.16,0.16,0.0,0.0,0.0,0.0,0.0,0.0,418.87902047863906,0.3690500743802456,0.24659137602332787,0.0,0.12282267212867737,0.08336517959833145,-0.0008833322790451348
0.0665625,426,rotor_0_blade_1,0.8045900464057922,-0.8045900464057922,427.5866953853115,-427.5866953853115,48,-3.031809639170266,0.0,-3.031809639170266,0.0658036395907402,-0.026568006724119186,0.8045900464057922,0.08049511317208026,-0.03332309694080755,-0.007237912358814052,0.16,0.16,0.0,0.0,0.0,0.0,0.0,0.0,418.87902047863906,0.3690500743802456,0.24659137602332787,0.0,0.19717732071876526,0.23663488030433655,-0.0008833322790451348
0.066875,428,rotor_0_blade_0,0.8094180822372437,-0.8094180822372437,430.1524789114614,-430.1524789114614,48,-3.045058684729162,0.0,-3.045058684729162,-0.06924092769622803,0.017898457124829292,0.8094180822372437,-0.08449782338870801,0.022634323347080806,-0.007269542125193272,0.16,0.16,0.0,0.0,0.0,0.0,0.0,0.0,418.87902047863906,0.35595917942268807,0.2731370849897872,0.0,0.13314354419708252,0.0791681706905365,-0.0008833322790451348
0.066875,428,rotor_0_blade_1,0.8094478249549866,-0.8094478249549866,430.1682852098966,-430.1682852098966,48,-3.0503964332648206,0.0,-3.0503964332648206,0.06932588666677475,-0.017922645434737206,0.8094478249549866,0.08449996858647095,-0.022634936736020742,-0.007282285061159746,0.16,0.16,0.0,0.0,0.0,0.0,0.0,0.0,418.87902047863906,0.35595917942268807,0.2731370849897872,0.0,0.18685640394687653,0.24083183705806732,-0.0008833322790451348
0.0671875,430,rotor_0_blade_0,0.8122001886367798,-0.8122001886367798,431.6309854961526,-431.6309854961526,48,-3.0613305258195735,0.0,-3.0613305258195735,-0.07157867401838303,0.008797524496912956,0.8122001886367798,-0.0869362069512436,0.011452847007441801,-0.007308388284334445,0.16,0.16,0.0,0.0,0.0,0.0,0.0,0.0,418.87902047863906,0.3395153685750597,0.2977469870645455,0.0,0.14392401278018951,0.07635423541069031,-0.0008833322790451348
0.0671875,430,rotor_0_blade_1,0.8122269511222839,-0.8122269511222839,431.64520799714944,-431.64520799714944,48,-3.0604024093965165,0.0,-3.0604024093965165,0.07155658304691315,-0.008794212713837624,0.8122269511222839,0.08693838147974152,-0.011453222231991602,-0.00730617256958703,0.16,0.16,0.0,0.0,0.0,0.0,0.0,0.0,418.87902047863906,0.3395153685750597,0.2977469870645455,0.0,0.1760759800672531,0.2436457872390747,-0.0008833322790451348
0.0675,432,rotor_0_blade_0,0.8122413158416748,-0.8122413158416748,431.6528419008025,-431.6528419008025,48,-3.0707947251757592,0.0,-3.0707947251757592,-0.0725480169057846,-0.0006038449355401099,0.8122413158416748,-0.08769242218107744,2.3198156586118638e-05,-0.007330982395983606,0.16,0.16,0.0,0.0,0.0,0.0,0.0,0.0,418.87902047863906,0.32000000000004925,0.31999999999994955,0.0,0.15497949719429016,0.07497148960828781,-0.0008833322790451348
0.0675,432,rotor_0_blade_1,0.8122880458831787,-0.8122880458831787,431.67767584463655,-431.67767584463655,48,-3.070475107270596,0.0,-3.070475107270596,0.07255150377750397,0.0006041729357093573,0.8122880458831787,0.08769555823441681,-2.323315427905426e-05,-0.0073302193644409945,0.16,0.16,0.0,0.0,0.0,0.0,0.0,0.0,418.87902047863906,0.32000000000004925,0.31999999999994955,0.0,0.16502049565315247,0.2450285404920578,-0.0008833322790451348
0.0678125,434,rotor_0_blade_0,0.8091498017311096,-0.8091498017311096,430.00990546605703,-430.00990546605703,48,-3.0762520996678786,0.0,-3.0762520996678786,-0.07215951383113861,-0.010086506605148315,0.8091498017311096,-0.08672227636270792,-0.011377713885547138,-0.007344010917884472,0.16,0.16,0.0,0.0,0.0,0.0,0.0,0.0,418.87902047863906,0.2977469870646573,0.33951536857497394,0.0,0.16612090170383453,0.07504361122846603,-0.0008833322790451348
0.0678125,434,rotor_0_blade_1,0.8091922998428345,-0.8091922998428345,430.03249041752855,-430.03249041752855,48,-3.072945798835014,0.0,-3.072945798835014,0.0720917284488678,0.010078547522425652,0.8091922998428345,0.08672459616707358,0.011377949520321725,-0.007336117706070983,0.16,0.16,0.0,0.0,0.0,0.0,0.0,0.0,418.87902047863906,0.2977469870646573,0.33951536857497394,0.0,0.1538791060447693,0.24495641887187958,-0.0008833322790451348
0.068125,436,rotor_0_blade_0,0.8029463887214661,-0.8029463887214661,426.7131994220874,-426.7131994220874,48,-3.073577587167935,0.0,-3.073577587167935,-0.07024958729743958,-0.019399648532271385,0.8029463887214661,-0.0840636478661533,-0.022469613135306474,-0.007337625989613566,0.16,0.16,0.0,0.0,0.0,0.0,0.0,0.0,418.87902047863906,0.2731370849899093,0.3559591794226177,0.0,0.17715755105018616,0.07656936347484589,-0.0008833322790451348
0.068125,436,rotor_0_blade_1,0.8029880523681641,-0.8029880523681641,426.73534091027625,-426.73534091027625,48,-3.071663812474642,0.0,-3.071663812474642,0.07020317763090134,0.019387848675251007,0.8029880523681641,0.08406581526540532,0.02247013445645143,-0.007333057189077539,0.16,0.16,0.0,0.0,0.0,0.0,0.0,0.0,418.87902047863906,0.2731370849899093,0.3559591794226177,0.0,0.14284244179725647,0.24343067407608032,-0.0008833322790451348
0.0684375,438,rotor_0_blade_0,0.7940134406089783,-0.7940134406089783,421.96592498023995,-421.96592498023995,48,-3.0653964593786487,0.0,-3.0653964593786487,-0.06687091290950775,-0.028274761512875557,0.7940134406089783,-0.0798214490245681,-0.0329945166678012,-0.0073180949856975945,0.16,0.16,0.0,0.0,0.0,0.0,0.0,0.0,418.87902047863906,0.24659137602345804,0.3690500743801918,0.0,0.18790064752101898,0.07952262461185455,-0.0008833322790451348
0.0684375,438,rotor_0_blade_1,0.7940396070480347,-0.7940396070480347,421.97983072174907,-421.97983072174907,48,-3.0638269944526804,0.0,-3.0638269944526804,0.06684349477291107,0.02826390042901039,0.7940396070480347,0.07982277508248123,0.03299497824837674,-0.007314348164182936,0.16,0.16,0.0,0.0,0.0,0.0,0.0,0.0,418.87902047863906,0.24659137602345804,0.3690500743801918,0.0,0.13209933042526245,0.24047736823558807,-0.0008833322790451348
0.06875,440,rotor_0_blade_0,0.7831106185913086,-0.7831106185913086,416.1717921075616,-416.1717921075616,48,-3.0468663706517556,0.0,-3.0468663706517556,-0.06204262003302574,-0.03641195222735405,0.7831106185913086,-0.07415778473319015,-0.04273700387333767,-0.007273857657445348,0.16,0.16,0.0,0.0,0.0,0.0,0.0,0.0,418.87902047863906,0.21856406460558048,0.3785640646054905,0.0,0.1981663852930069,0.08385289460420609,-0.0008833322790451348
0.06875,440,rotor_0_blade_1,0.7831693887710571,-0.7831693887710571,416.2030245930468,-416.2030245930468,48,-3.0457729735928134,0.0,-3.0457729735928134,0.06204980984330177,0.03641586750745773,0.7831693887710571,0.07416161114751747,0.042739309227940205,-0.007271247364244957,0.16,0.16,0.0,0.0,0.0,0.0,0.0,0.0,418.87902047863906,0.21856406460558048,0.3785640646054905,0.0,0.12183362245559692,0.23614710569381714,-0.0008833322790451348
0.0690625,442,rotor_0_blade_0,0.7714769244194031,-0.7714769244194031,409.9892487510911,-409.9892487510911,48,-3.0192055946680534,0.0,-3.0192055946680534,-0.05600389093160629,-0.04360300302505493,0.7714769244194031,-0.06728464799280057,-0.05154800751080314,-0.007207822419031892,0.16,0.16,0.0,0.0,0.0,0.0,0.0,0.0,418.87902047863906,0.18953470580527523,0.3843383630879825,0.0,0.20777904987335205,0.08948605507612228,-0.0008833322790451348
0.0690625,442,rotor_0_blade_1,0.7715057730674744,-0.7715057730674744,410.00457991029475,-410.00457991029475,48,-3.021136956851223,0.0,-3.021136956851223,0.056033939123153687,0.043625619262456894,0.7715057730674744,0.0672861557775612,0.0515491435606633,-0.007212433206607175,0.16,0.16,0.0,0.0,0.0,0.0,0.0,0.0,418.87902047863906,0.18953470580527523,0.3843383630879825,0.0,0.11222092807292938,0.23051396012306213,-0.0008833322790451348
0.069375,444,rotor_0_blade_0,0.7604337334632874,-0.7604337334632874,404.1205190190643,-404.1205190190643,48,-2.993008963688122,0.0,-2.993008963688122,-0.049111489206552505,-0.04980890452861786,0.7604337334632874,-0.05941901405105092,-0.05934114345810743,-0.007145282569339736,0.16,0.16,0.0,0.0,0.0,0.0,0.0,0.0,418.87902047863906,0.16000000000007428,0.3862741699796944,0.0,0.21657416224479675,0.09632574021816254,-0.0008833322790451348
0.069375,444,rotor_0_blade_1,0.7604609131813049,-0.7604609131813049,404.13496325170246,-404.13496325170246,48,-2.9958122629511927,0.0,-2.9958122629511927,0.04915716499090195,0.04985355958342552,0.7604609131813049,0.05942002707925306,0.05934215775595931,-0.007151974953359989,0.16,0.16,0.0,0.0,0.0,0.0,0.0,0.0,418.87902047863906,0.16000000000007428,0.3862741699796944,0.0,0.1034257784485817,0.22367429733276367,-0.0008833322790451348
0.0696875,446,rotor_0_blade_0,0.7512310147285461,-0.7512310147285461,399.22987923309324,-399.22987923309324,48,-2.968875545944539,0.0,-2.968875545944539,-0.041600584983825684,-0.05502491816878319,0.7512310147285461,-0.05075828177913142,-0.06608175563268646,-0.007087668278425842,0.16,0.16,0.0,0.0,0.0,0.0,0.0,0.0,418.87902047863906,0.13046529419487204,0.38433836308800184,0.0,0.2244013398885727,0.10425486415624619,-0.0008833322790451348
0.0696875,446,rotor_0_blade_1,0.7512715458869934,-0.7512715458869934,399.25141887825544,-399.25141887825544,48,-2.9690536652763195,0.0,-2.9690536652763195,0.041604071855545044,0.055030129849910736,0.7512715458869934,0.05076033540574477,0.06608445719043747,-0.0070880935070075386,0.16,0.16,0.0,0.0,0.0,0.0,0.0,0.0,418.87902047863906,0.13046529419487204,0.38433836308800184,0.0,0.09559861570596695,0.21574512124061584,-0.0008833322790451348
0.07,448,rotor_0_blade_0,0.7446581721305847,-0.7446581721305847,395.7368456586601,-395.7368456586601,48,-2.945330448863272,0.0,-2.945330448863272,-0.03361355513334274,-0.05921939015388489,0.7446581721305847,-0.04145594114071903,-0.07175192048047446,-0.00703145849963491,0.16,0.16,0.0,0.0,0.0,0.0,0.0,0.0,418.87902047863906,0.101435935394563,0.37856406460552894,0.0,0.2311265915632248,0.11313784867525101,-0.0008833322790451348
0.07,448,rotor_0_blade_1,0.7446593046188354,-0.7446593046188354,395.7374475016867,-395.7374475016867,48,-2.947002348284219,0.0,-2.947002348284219,0.033631931990385056,0.05925004929304123,0.7446593046188354,0.04145546581229156,0.07175092607424971,-0.007035449865492853,0.16,0.16,0.0,0.0,0.0,0.0,0.0,0.0,418.87902047863906,0.101435935394563,0.37856406460552894,0.0,0.08887337893247604,0.20686215162277222,-0.0008833322790451348
0.0703125,450,rotor_0_blade_0,0.7409378886222839,-0.7409378886222839,393.7597596403619,-393.7597596403619,48,-2.9341610824133006,0.0,-2.9341610824133006,-0.025387734174728394,-0.06261541694402695,0.7409378886222839,-0.03162566246673183,-0.07632067469253188,-0.007004793601409144,0.16,0.16,0.0,0.0,0.0,0.0,0.0,0.0,418.87902047863906,0.07340862397667917,0.3690500743802486,0.0,0.23663486540317535,0.12282263487577438,-0.0008833322790451348
0.0703125,450,rotor_0_blade_1,0.7409527897834778,-0.7409527897834778,393.7676786275539,-393.7676786275539,48,-2.9325121106436365,0.0,-2.9325121106436365,0.025372231379151344,0.06258004158735275,0.7409527897834778,0.03162597607871952,0.07632126220152707,-0.007000856971286728,0.16,0.16,0.0,0.0,0.0,0.0,0.0,0.0,418.87902047863906,0.07340862397667917,0.3690500743802486,0.0,0.08336512744426727,0.19717735052108765,-0.0008833322790451348
0.070625,452,rotor_0_blade_0,0.7397088408470154,-0.7397088408470154,393.1066015767675,-393.1066015767675,48,-2.925435109761,0.0,-2.925435109761,-0.016893941909074783,-0.06504347175359726,0.7397088408470154,-0.021361858216877812,-0.07972315547988525,-0.006983961876195669,0.16,0.16,0.0,0.0,0.0,0.0,0.0,0.0,418.87902047863906,0.04686291501021933,0.35595917942269195,0.0,0.2408318817615509,0.13314354419708252,-0.0008833322790451348
0.070625,452,rotor_0_blade_1,0.7397239208221436,-0.7397239208221436,393.1146155918058,-393.1146155918058,48,-2.9276138548064266,0.0,-2.9276138548064266,0.01690678484737873,0.06508957594633102,0.7397239208221436,0.021362083563816744,0.07972402326881335,-0.006989163246851418,0.16,0.16,0.0,0.0,0.0,0.0,0.0,0.0,418.87902047863906,0.04686291501021933,0.35595917942269195,0.0,0.07916813343763351,0.1868564337491989,-0.0008833322790451348
0.0709375,454,rotor_0_blade_0,0.7403922080993652,-0.7403922080993652,393.46976632939163,-393.46976632939163,48,-2.9220702139011925,0.0,-2.9220702139011925,-0.008230010978877544,-0.06654001772403717,0.7403922080993652,-0.010771442788731659,-0.08188323618400996,-0.006975928779059501,0.16,0.16,0.0,0.0,0.0,0.0,0.0,0.0,418.87902047863906,0.02225301293546056,0.3395153685750645,0.0,0.2436457872390747,0.14392399787902832,-0.0008833322790451348
0.0709375,454,rotor_0_blade_1,0.7404009103775024,-0.7404009103775024,393.4743910179117,-393.4743910179117,48,-2.923242769947013,0.0,-2.923242769947013,0.008234390057623386,0.06657048314809799,0.7404009103775024,0.010771554863121558,0.08188378462106752,-0.00697872805042067,0.16,0.16,0.0,0.0,0.0,0.0,0.0,0.0,418.87902047863906,0.02225301293546056,0.3395153685750645,0.0,0.07635417580604553,0.1760760098695755,-0.0008833322790451348
0.07125,456,rotor_0_blade_0,0.7424183487892151,-0.7424183487892151,394.5465268558594,-394.5465268558594,48,-2.9231460786821906,0.0,-2.9231460786821906,0.0005347271799109876,-0.06704314798116684,0.7424183487892151,1.511537629161289e-05,-0.08273214584775215,-0.006978497217029416,0.16,0.16,0.0,0.0,0.0,0.0,0.0,0.0,418.87902047863906,5.5816462563029745e-14,0.3200000000000547,0.0,0.24502849578857422,0.15497948229312897,-0.0008833322790451348
0.07125,456,rotor_0_blade_1,0.7424373626708984,-0.7424373626708984,394.55663148351636,-394.55663148351636,48,-2.9262009550870967,0.0,-2.9262009550870967,-0.0005338899791240692,0.06710677593946457,0.7424373626708984,-1.5129532189290958e-05,0.08273342714641066,-0.006985790197235051,0.16,0.16,0.0,0.0,0.0,0.0,0.0,0.0,418.87902047863906,5.5816462563029745e-14,0.3200000000000547,0.0,0.07497144490480423,0.16502051055431366,-0.0008833322790451348
0.0715625,458,rotor_0_blade_0,0.7453952431678772,-0.7453952431678772,396.12855044112416,-396.12855044112416,48,-2.9246055110864906,0.0,-2.9246055110864906,0.009297776967287064,-0.06645223498344421,0.7453952431678772,0.010845809977336246,-0.08222655235054989,-0.006981981355248209,0.16,0.16,0.0,0.0,0.0,0.0,0.0,0.0,418.87902047863906,-0.019515368574969327,0.2977469870646634,0.0,0.24495644867420197,0.16612090170383453,-0.0008833322790451348
0.0715625,458,rotor_0_blade_1,0.7454088926315308,-0.7454088926315308,396.135804233392,-396.135804233392,48,-2.9275395827589294,0.0,-2.9275395827589294,-0.009304657578468323,0.06650900840759277,0.7454088926315308,-0.010845946450849337,0.08222756372911266,-0.006988985935399027,0.16,0.16,0.0,0.0,0.0,0.0,0.0,0.0,418.87902047863906,-0.019515368574969327,0.2977469870646634,0.0,0.07504356652498245,0.1538791060447693,-0.0008833322790451348
0.071875,460,rotor_0_blade_0,0.7491132616996765,-0.7491132616996765,398.1044327733692,-398.1044327733692,48,-2.930632226140821,0.0,-2.930632226140821,0.017942268401384354,-0.06481880694627762,0.7491132616996765,0.02155635421524687,-0.08035368610719147,-0.006996369077620754,0.16,0.16,0.0,0.0,0.0,0.0,0.0,0.0,418.87902047863906,-0.03595917942261384,0.27313708498991596,0.0,0.2434307187795639,0.17715756595134735,-0.0008833322790451348
0.071875,460,rotor_0_blade_1,0.7491430640220642,-0.7491430640220642,398.1202707477531,-398.1202707477531,48,-2.9274401026223638,0.0,-2.9274401026223638,-0.017928780987858772,0.06476429849863052,0.7491430640220642,-0.021557045745965012,0.08035627548082157,-0.006988748444066919,0.16,0.16,0.0,0.0,0.0,0.0,0.0,0.0,418.87902047863906,-0.03595917942261384,0.27313708498991596,0.0,0.07656930387020111,0.14284245669841766,-0.0008833322790451348
0.0721875,462,rotor_0_blade_0,0.7535288333892822,-0.7535288333892822,400.45101873404514,-400.45101873404514,48,-2.936701443661181,0.0,-2.936701443661181,0.02633432112634182,-0.06209865212440491,0.7535288333892822,0.03198021352139962,-0.07713192886581144,-0.0070108582671567325,0.16,0.16,0.0,0.0,0.0,0.0,0.0,0.0,418.87902047863906,-0.04905007438018888,0.24659137602346518,0.0,0.24047738313674927,0.18790064752101898,-0.0008833322790451348
0.0721875,462,rotor_0_blade_1,0.7535451054573059,-0.7535451054573059,400.45966626805875,-400.45966626805875,48,-2.9350042094183046,0.0,-2.9350042094183046,-0.026323383674025536,0.062072135508060455,0.7535451054573059,-0.03198076367922053,0.07713334163373933,-0.007006806418866653,0.16,0.16,0.0,0.0,0.0,0.0,0.0,0.0,418.87902047863906,-0.04905007438018888,0.24659137602346518,0.0,0.07952257245779037,0.13209933042526245,-0.0008833322790451348
0.0725,464,rotor_0_blade_0,0.7586008906364441,-0.7586008906364441,403.1464835944509,-403.1464835944509,48,-2.944414389639596,0.0,-2.944414389639596,0.034347858279943466,-0.05833834037184715,0.7586008906364441,0.041952211975534476,-0.07259963231522365,-0.007029271569330715,0.16,0.16,0.0,0.0,0.0,0.0,0.0,0.0,418.87902047863906,-0.05856406460548852,0.21856406460558792,0.0,0.23614712059497833,0.1981663852930069,-0.0008833322790451348
0.0725,464,rotor_0_blade_1,0.7586169242858887,-0.7586169242858887,403.15500442466947,-403.15500442466947,48,-2.9429281986090454,0.0,-2.9429281986090454,-0.03433496505022049,0.05831541866064072,0.7586169242858887,-0.04195307481168286,0.07260120011245139,-0.0070257235495973505,0.16,0.16,0.0,0.0,0.0,0.0,0.0,0.0,418.87902047863906,-0.05856406460548852,0.21856406460558792,0.0,0.0838528499007225,0.12183362245559692,-0.0008833322790451348
0.0728125,466,rotor_0_blade_0,0.7642661929130554,-0.7642661929130554,406.15721917294377,-406.15721917294377,48,-2.949458661205906,0.0,-2.949458661205906,0.041816603392362595,-0.0535295233130455,0.7642661929130554,0.0513114644870203,-0.06681527761981028,-0.007041313880641857,0.16,0.16,0.0,0.0,0.0,0.0,0.0,0.0,418.87902047863906,-0.06433836308798152,0.18953470580528287,0.0,0.23051396012306213,0.20777904987335205,-0.0008833322790451348
0.0728125,466,rotor_0_blade_1,0.7642344832420349,-0.7642344832420349,406.1403675681992,-406.1403675681992,48,-2.951552159547976,0.0,-2.951552159547976,-0.04184095934033394,0.05356243625283241,0.7642344832420349,-0.05130964602688583,0.066813127077407,-0.007046311739784285,0.16,0.16,0.0,0.0,0.0,0.0,0.0,0.0,418.87902047863906,-0.06433836308798152,0.18953470580528287,0.0,0.08948598802089691,0.11222092807292938,-0.0008833322790451348
0.073125,468,rotor_0_blade_0,0.7702667117118835,-0.7702667117118835,409.3461002873073,-409.3461002873073,48,-2.9597886429161906,0.0,-2.9597886429161906,0.04871895909309387,-0.04787333309650421,0.7702667117118835,0.05989173101056591,-0.05984493495194975,-0.007065974895410467,0.16,0.16,0.0,0.0,0.0,0.0,0.0,0.0,418.87902047863906,-0.0662741699796944,0.16000000000008197,0.0,0.22367431223392487,0.21657422184944153,-0.0008833322790451348
0.073125,468,rotor_0_blade_1,0.7702447772026062,-0.7702447772026062,409.33444353816077,-409.33444353816077,48,-2.9607676547710784,0.0,-2.9607676547710784,-0.04872945323586464,0.04788430407643318,0.7702447772026062,-0.05989101280697949,0.059844359943434206,-0.007068312114051231,0.16,0.16,0.0,0.0,0.0,0.0,0.0,0.0,418.87902047863906,-0.0662741699796944,0.16000000000008197,0.0,0.09632568061351776,0.1034257560968399,-0.0008833322790451348
0.0734375,470,rotor_0_blade_0,0.7762460112571716,-0.7762460112571716,412.52370476390956,-412.52370476390956,48,-2.9748569570876917,0.0,-2.9748569570876917,0.05493221431970596,-0.04138988256454468,0.7762460112571716,0.06752665712370055,-0.0517770900438115,-0.0071019478456773085,0.16,0.16,0.0,0.0,0.0,0.0,0.0,0.0,418.87902047863906,-0.06433836308800289,0.13046529419487968,0.0,0.21574513614177704,0.22440136969089508,-0.0008833322790451348
0.0734375,470,rotor_0_blade_1,0.7762393355369568,-0.7762393355369568,412.52015705764757,-412.52015705764757,48,-2.9682357179135215,0.0,-2.9682357179135215,-0.05483458563685417,0.04131222888827324,0.7762393355369568,-0.0675276833272142,0.05177793644549626,-0.0070861408015178646,0.16,0.16,0.0,0.0,0.0,0.0,0.0,0.0,418.87902047863906,-0.06433836308800289,0.13046529419487968,0.0,0.1042548194527626,0.09559860080480576,-0.0008833322790451348
0.07375,472,rotor_0_blade_0,0.7816920280456543,-0.7816920280456543,415.4179045268852,-415.4179045268852,48,-2.9792814954524935,0.0,-2.9792814954524935,0.060144636780023575,-0.03402130678296089,0.7816920280456543,0.07404450322235824,-0.04272145057239355,-0.007112510652952177,0.16,0.16,0.0,0.0,0.0,0.0,0.0,0.0,418.87902047863906,-0.05856406460553093,0.10143593539457044,0.0,0.2068621963262558,0.231126606464386,-0.0008833322790451348
0.07375,472,rotor_0_blade_1,0.7816601991653442,-0.7816601991653442,415.40098957024315,-415.40098957024315,48,-2.9814836380145,0.0,-2.9814836380145,-0.06017928943037987,0.03404208645224571,0.7816601991653442,-0.07404358468260956,0.04272097849301485,-0.007117767881064222,0.16,0.16,0.0,0.0,0.0,0.0,0.0,0.0,418.87902047863906,-0.05856406460553093,0.10143593539457044,0.0,0.11313782632350922,0.08887335658073425,-0.0008833322790451348
0.0740625,474,rotor_0_blade_0,0.7860932946205139,-0.7860932946205139,417.75688825985685,-417.75688825985685,48,-2.9922121553792316,0.0,-2.9922121553792316,0.06452909111976624,-0.026071548461914062,0.7860932946205139,0.07928207579009308,-0.03282184054832183,-0.007143380329623887,0.16,0.16,0.0,0.0,0.0,0.0,0.0,0.0,418.87902047863906,-0.04905007438025158,0.0734086239766863,0.0,0.19717736542224884,0.23663491010665894,-0.0008833322790451348
0.0740625,474,rotor_0_blade_1,0.7860791683197021,-0.7860791683197021,417.7493810599989,-417.7493810599989,48,-2.995147196950121,0.0,-2.995147196950121,-0.06456904858350754,0.026088600978255272,0.7860791683197021,-0.07928341456078049,0.03282240722796046,-0.007150387225236696,0.16,0.16,0.0,0.0,0.0,0.0,0.0,0.0,418.87902047863906,-0.04905007438025158,0.0734086239766863,0.0,0.12282261997461319,0.08336510509252548,-0.0008833322790451348
0.074375,476,rotor_0_blade_0,0.7889806032180786,-0.7889806032180786,419.2913028941235,-419.2913028941235,48,-3.0061834459454286,0.0,-3.0061834459454286,0.06785577535629272,-0.017560014501214027,0.7889806032180786,0.0830931516168933,-0.022257706374995537,-0.007176734328948638,0.16,0.16,0.0,0.0,0.0,0.0,0.0,0.0,418.87902047863906,-0.035959179422695775,0.046862915010226006,0.0,0.1868564337491989,0.24083192646503448,-0.0008833322790451348
0.074375,476,rotor_0_blade_1,0.7889168858528137,-0.7889168858528137,419.25744130489056,-419.25744130489056,48,-3.003837351028998,0.0,-3.003837351028998,-0.06780824065208435,0.017546653747558594,0.7889168858528137,-0.08308928866158924,0.02225679010877817,-0.007171133439904948,0.16,0.16,0.0,0.0,0.0,0.0,0.0,0.0,418.87902047863906,-0.035959179422695775,0.046862915010226006,0.0,0.13314349949359894,0.07916809618473053,-0.0008833322790451348
0.0746875,478,rotor_0_blade_0,0.7899406552314758,-0.7899406552314758,419.8015074009283,-419.8015074009283,48,-3.0117328384909934,0.0,-3.0117328384909934,0.06989999115467072,-0.008606824092566967,0.7899406552314758,0.08535732024135433,-0.011241743012408902,-0.007189982527770398,0.16,0.16,0.0,0.0,0.0,0.0,0.0,0.0,418.87902047863906,-0.01951536857506911,0.022253012935466665,0.0,0.1760760396718979,0.2436458021402359,-0.0008833322790451348
0.0746875,478,rotor_0_blade_1,0.7898763418197632,-0.7898763418197632,419.7673290522077,-419.7673290522077,48,-3.01299273202788,0.0,-3.01299273202788,-0.06990266591310501,0.008607104420661926,0.7898763418197632,-0.08535399055395117,0.011241361822818057,-0.007192990302032873,0.16,0.16,0.0,0.0,0.0,0.0,0.0,0.0,418.87902047863906,-0.01951536857506911,0.022253012935466665,0.0,0.14392396807670593,0.07635414600372314,-0.0008833322790451348
0.075,480,rotor_0_blade_0,0.7886583209037781,-0.7886583209037781,419.12003103913537,-419.12003103913537,48,-3.0213988132908773,0.0,-3.0213988132908773,0.07076667249202728,0.0005749246338382363,0.7886583209037781,0.08599706032173893,-1.6071437069556507e-05,-0.007213058342808446,0.16,0.16,0.0,0.0,0.0,0.0,0.0,0.0,418.87902047863906,-6.00908212078366e-14,6.125655538369301e-14,0.0,0.16502052545547485,0.24502858519554138,-0.0008833322790451348
0.075,480,rotor_0_blade_1,0.7885994911193848,-0.7885994911193848,419.0887668777014,-419.0887668777014,48,-3.020463629526432,0.0,-3.020463629526432,-0.07073821872472763,-0.000574826670344919,0.7885994911193848,-0.08599410045322457,1.6129789418002813e-05,-0.007210825756026285,0.16,0.16,0.0,0.0,0.0,0.0,0.0,0.0,418.87902047863906,-6.00908212078366e-14,6.125655538369301e-14,0.0,0.15497946739196777,0.07497140765190125,-0.0008833322790451348
0.0753125,482,rotor_0_blade_0,0.7849568128585815,-0.7849568128585815,417.152922944699,-417.152922944699,48,-3.0232687497109056,0.0,-3.0232687497109056,0.07022378593683243,0.009805693291127682,0.7849568128585815,0.08498908367024807,0.011160517300942896,-0.0072175224871761715,0.16,0.16,0.0,0.0,0.0,0.0,0.0,0.0,418.87902047863906,0.022253012935330524,-0.019515368574964637,0.0,0.15387913584709167,0.24495649337768555,-0.0008833322790451348
0.0753125,482,rotor_0_blade_1,0.7849240899085999,-0.7849240899085999,417.13553284882545,-417.13553284882545,48,-3.0202815703972337,0.0,-3.0202815703972337,-0.07014857232570648,-0.009796790778636932,0.7849240899085999,-0.08498835729635161,-0.0111604611870064,-0.00721039112187108,0.16,0.16,0.0,0.0,0.0,0.0,0.0,0.0,418.87902047863906,0.022253012935330524,-0.019515368574964637,0.0,0.16612087190151215,0.07504352927207947,-0.0008833322790451348
0.075625,484,rotor_0_blade_0,0.7789438366889954,-0.7789438366889954,413.95742155704295,-413.95742155704295,48,-3.0185991931958793,0.0,-3.0185991931958793,0.06822407990694046,0.018835360184311867,0.7789438366889954,0.08237645786812232,0.02203237999909979,-0.007206374742154971,0.16,0.16,0.0,0.0,0.0,0.0,0.0,0.0,418.87902047863906,0.046862915010077416,-0.03595917942260998,0.0,0.14284245669841766,0.2434307336807251,-0.0008833322790451348
0.075625,484,rotor_0_blade_1,0.778879702091217,-0.778879702091217,413.92333823616866,-413.92333823616866,48,-3.0170875500894647,0.0,-3.0170875500894647,-0.06819586455821991,-0.018828053027391434,0.778879702091217,-0.08237302337267739,-0.02203144617483846,-0.007202765960066321,0.16,0.16,0.0,0.0,0.0,0.0,0.0,0.0,418.87902047863906,0.046862915010077416,-0.03595917942260998,0.0,0.17715756595134735,0.07656928151845932,-0.0008833322790451348
0.0759375,486,rotor_0_blade_0,0.7709386348724365,-0.7709386348724365,409.70318325776805,-409.70318325776805,48,-3.0091698276200827,0.0,-3.0091698276200827,0.06486426293849945,0.027426915243268013,0.7709386348724365,0.07825390896548376,0.03236413796587786,-0.007183863790030842,0.16,0.16,0.0,0.0,0.0,0.0,0.0,0.0,418.87902047863906,0.07340862397652778,-0.04905007438018591,0.0,0.13209933042526245,0.24047744274139404,-0.0008833322790451348
0.0759375,486,rotor_0_blade_1,0.7709051370620728,-0.7709051370620728,409.6853813745605,-409.6853813745605,48,-3.0086236091073255,0.0,-3.0086236091073255,-0.06486357748508453,-0.027426470071077347,0.7709051370620728,-0.07825316799901426,-0.03236396560120565,-0.007182559789386138,0.16,0.16,0.0,0.0,0.0,0.0,0.0,0.0,418.87902047863906,0.07340862397652778,-0.04905007438018591,0.0,0.18790064752101898,0.07952253520488739,-0.0008833322790451348
0.07625,488,rotor_0_blade_0,0.7617944478988647,-0.7617944478988647,404.84364925348706,-404.84364925348706,48,-2.9883458398447624,0.0,-2.9883458398447624,0.06014192849397659,0.0353042408823967,0.7617944478988647,0.07277902407113913,0.04196458840868739,-0.007134150181190931,0.16,0.16,0.0,0.0,0.0,0.0,0.0,0.0,418.87902047863906,0.10143593539440471,-0.05856406460548649,0.0,0.12183362245559692,0.23614715039730072,-0.0008833322790451348
0.07625,488,rotor_0_blade_1,0.76177978515625,-0.76177978515625,404.83585697009016,-404.83585697009016,48,-2.9878808556757552,0.0,-2.9878808556757552,-0.06013874709606171,-0.035302579402923584,0.76177978515625,-0.0727800550480282,-0.04196531976444333,-0.007133040113256576,0.16,0.16,0.0,0.0,0.0,0.0,0.0,0.0,418.87902047863906,0.10143593539440471,-0.05856406460548649,0.0,0.19816641509532928,0.08385281264781952,-0.0008833322790451348
0.0765625,490,rotor_0_blade_0,0.7528500556945801,-0.7528500556945801,400.09029302947613,-400.09029302947613,48,-2.9680118943084706,0.0,-2.9680118943084706,0.05442174896597862,0.042384568601846695,0.7528500556945801,0.0661584962589683,0.05071245591368207,-0.007085606462020997,0.16,0.16,0.0,0.0,0.0,0.0,0.0,0.0,418.87902047863906,0.1304652941947088,-0.06433836308798035,0.0,0.11222092062234879,0.2305140346288681,-0.0008833322790451348
0.0765625,490,rotor_0_blade_1,0.7528191208839417,-0.7528191208839417,400.07385321206556,-400.07385321206556,48,-2.967969206698581,0.0,-2.967969206698581,-0.05441686511039734,-0.042380619794130325,0.7528191208839417,-0.06615785240874733,-0.0507119904672373,-0.007085504552859156,0.16,0.16,0.0,0.0,0.0,0.0,0.0,0.0,418.87902047863906,0.1304652941947088,-0.06433836308798035,0.0,0.20777906477451324,0.08948595821857452,-0.0008833322790451348
0.076875,492,rotor_0_blade_0,0.7452850341796875,-0.7452850341796875,396.06998161185226,-396.06998161185226,48,-2.9486950334605586,0.0,-2.9486950334605586,0.04789137840270996,0.04859061539173126,0.7452850341796875,0.0585786867054063,0.05853319248464846,-0.007039490853686545,0.16,0.16,0.0,0.0,0.0,0.0,0.0,0.0,418.87902047863906,0.1599999999999096,-0.06627416997969435,0.0,0.1034257560968399,0.22367437183856964,-0.0008833322790451348
0.076875,492,rotor_0_blade_1,0.7452533841133118,-0.7452533841133118,396.0531616830565,-396.0531616830565,48,-2.9507618021049256,0.0,-2.9507618021049256,-0.04792020469903946,-0.04861890524625778,0.7452533841133118,-0.05857773682704093,-0.05853226497450643,-0.00704442490037622,0.16,0.16,0.0,0.0,0.0,0.0,0.0,0.0,418.87902047863906,0.1599999999999096,-0.06627416997969435,0.0,0.21657423675060272,0.09632564336061478,-0.0008833322790451348
0.0771875,494,rotor_0_blade_0,0.7398703098297119,-0.7398703098297119,393.19241172197974,-393.19241172197974,48,-2.931536999511501,0.0,-2.931536999511501,0.04073458909988403,0.053904276341199875,0.7398703098297119,0.050191616220541684,0.06537635347999848,-0.006998529064935579,0.16,0.16,0.0,0.0,0.0,0.0,0.0,0.0,418.87902047863906,0.18953470580511356,-0.06433836308800375,0.0,0.09559857845306396,0.21574516594409943,-0.0008833322790451348
0.0771875,494,rotor_0_blade_1,0.7398629784584045,-0.7398629784584045,393.1885155802813,-393.1885155802813,48,-2.9320988686895397,0.0,-2.9320988686895397,-0.04074784740805626,-0.05392121523618698,0.7398629784584045,-0.0501922763496899,-0.06537731813503607,-0.0069998704287914165,0.16,0.16,0.0,0.0,0.0,0.0,0.0,0.0,418.87902047863906,0.18953470580511356,-0.06433836308800375,0.0,0.22440139949321747,0.10425479710102081,-0.0008833322790451348
0.0775,496,rotor_0_blade_0,0.7366798520088196,-0.7366798520088196,391.49689321227953,-391.49689321227953,48,-2.9173854232541214,0.0,-2.9173854232541214,0.03309688717126846,0.05833254009485245,0.7366798520088196,0.0411069139698882,0.07117701072328125,-0.006964744665227021,0.16,0.16,0.0,0.0,0.0,0.0,0.0,0.0,418.87902047863906,0.21856406460542296,-0.05856406460553268,0.0,0.08887334167957306,0.20686222612857819,-0.0008833322790451348
0.0775,496,rotor_0_blade_1,0.7366775870323181,-0.7366775870323181,391.4956895262264,-391.4956895262264,48,-2.920661215149862,0.0,-2.920661215149862,-0.03312837705016136,-0.05838547646999359,0.7366775870323181,-0.041107692359354756,-0.07117853356549775,-0.006972565042318233,0.16,0.16,0.0,0.0,0.0,0.0,0.0,0.0,418.87902047863906,0.21856406460542296,-0.05856406460553268,0.0,0.23112671077251434,0.11313778907060623,-0.0008833322790451348
0.0778125,498,rotor_0_blade_0,0.7352659702301025,-0.7352659702301025,390.7455080315558,-390.7455080315558,48,-2.914780334091812,0.0,-2.914780334091812,0.025118226185441017,0.06196841970086098,0.7352659702301025,0.03141955107735854,0.07584474673568453,-0.006958525472966371,0.16,0.16,0.0,0.0,0.0,0.0,0.0,0.0,418.87902047863906,0.24659137602330738,-0.04905007438025416,0.0,0.08336508274078369,0.19717739522457123,-0.0008833322790451348
0.0778125,498,rotor_0_blade_1,0.7352924942970276,-0.7352924942970276,390.7596038287575,-390.7596038287575,48,-2.9139174093563383,0.0,-2.9139174093563383,-0.025112489238381386,-0.06195497512817383,0.7352924942970276,-0.03142136665795483,-0.07584947227694346,-0.0069564653919088676,0.16,0.16,0.0,0.0,0.0,0.0,0.0,0.0,418.87902047863906,0.24659137602330738,-0.04905007438025416,0.0,0.23663495481014252,0.12282257527112961,-0.0008833322790451348
0.078125,500,rotor_0_blade_0,0.7350414395332336,-0.7350414395332336,390.6261847325471,-390.6261847325471,48,-2.9104974543580773,0.0,-2.9104974543580773,0.01676713488996029,0.06455894559621811,0.7350414395332336,0.021241340902612003,0.07928281238603964,-0.006948300850761991,0.16,0.16,0.0,0.0,0.0,0.0,0.0,0.0,418.87902047863906,0.2731370849897681,-0.03595917942269916,0.0,0.07916808873414993,0.1868564635515213,-0.0008833322790451348
0.078125,500,rotor_0_blade_1,0.7350212931632996,-0.7350212931632996,390.61547826186353,-390.61547826186353,48,-2.9123865798899895,0.0,-2.9123865798899895,-0.01677720621228218,-0.06459455192089081,0.7350212931632996,-0.02124113650745594,-0.07928199475191933,-0.006952810805759865,0.16,0.16,0.0,0.0,0.0,0.0,0.0,0.0,418.87902047863906,0.2731370849897681,-0.03595917942269916,0.0,0.24083198606967926,0.13314348459243774,-0.0008833322790451348
0.0784375,502,rotor_0_blade_0,0.7355986833572388,-0.7355986833572388,390.92232317757833,-390.92232317757833,48,-2.908695030503089,0.0,-2.908695030503089,0.008181207813322544,0.06611557304859161,0.7355986833572388,0.01071172927553463,0.08141636242269612,-0.0069439978807709695,0.16,0.16,0.0,0.0,0.0,0.0,0.0,0.0,418.87902047863906,0.29774698706452796,-0.019515368575073216,0.0,0.07635413110256195,0.1760760396718979,-0.0008833322790451348
0.0784375,502,rotor_0_blade_1,0.7356064319610596,-0.7356064319610596,390.92644105091813,-390.92644105091813,48,-2.9069065211639487,0.0,-2.9069065211639487,-0.00817458238452673,-0.06607036292552948,0.7356064319610596,-0.010711877540324226,-0.0814179561506251,-0.0069397281292396164,0.16,0.16,0.0,0.0,0.0,0.0,0.0,0.0,418.87902047863906,0.29774698706452796,-0.019515368575073216,0.0,0.24364587664604187,0.14392396807670593,-0.0008833322790451348
0.07875,504,rotor_0_blade_0,0.7367788553237915,-0.7367788553237915,391.54950696318303,-391.54950696318303,48,-2.9077669097381427,0.0,-2.9077669097381427,-0.0005248449742794037,0.06657486408948898,0.7367788553237915,-1.1163458486988738e-05,0.08220300255479394,-0.006941782155658057,0.16,0.16,0.0,0.0,0.0,0.0,0.0,0.0,418.87902047863906,0.31999999999993395,-6.486478021372477e-14,0.0,0.07497140020132065,0.16502054035663605,-0.0008833322790451348
0.07875,504,rotor_0_blade_1,0.7367928624153137,-0.7367928624153137,391.5569508111435,-391.5569508111435,48,-2.908819146825189,0.0,-2.908819146825189,0.000524891831446439,-0.06658973544836044,0.7367928624153137,1.1247561524851056e-05,-0.08220485225877121,-0.006944294186663679,0.16,0.16,0.0,0.0,0.0,0.0,0.0,0.0,418.87902047863906,0.31999999999993395,-6.486478021372477e-14,0.0,0.24502864480018616,0.15497945249080658,-0.0008833322790451348
0.0790625,506,rotor_0_blade_0,0.7386284470558167,-0.7386284470558167,392.5324433294002,-392.5324433294002,48,-2.909489118721887,0.0,-2.909489118721887,-0.009220602922141552,0.06596304476261139,0.7386284470558167,-0.01076306594799056,0.0816338618679754,-0.0069458936267500606,0.16,0.16,0.0,0.0,0.0,0.0,0.0,0.0,418.87902047863906,0.3395153685749605,0.02225301293532514,0.0,0.07504351437091827,0.15387913584709167,-0.0008833322790451348
0.0790625,506,rotor_0_blade_1,0.7386439442634583,-0.7386439442634583,392.5406790760799,-392.5406790760799,48,-2.9085625485087534,0.0,-2.9085625485087534,0.009218419902026653,-0.06593996286392212,0.7386439442634583,0.01076341606257847,-0.08163580178825898,-0.0069436816033069315,0.16,0.16,0.0,0.0,0.0,0.0,0.0,0.0,418.87902047863906,0.3395153685749605,0.02225301293532514,0.0,0.24495652318000793,0.16612087190151215,-0.0008833322790451348
0.079375,508,rotor_0_blade_0,0.7412473559379578,-0.7412473559379578,393.92422116636493,-393.92422116636493,48,-2.9093775330914475,0.0,-2.9093775330914475,-0.017762552946805954,0.06419941037893295,0.7412473559379578,-0.021382265150540106,0.0797216303928983,-0.006945627235680123,0.16,0.16,0.0,0.0,0.0,0.0,0.0,0.0,418.87902047863906,0.3559591794226066,0.04686291501007153,0.0,0.07656924426555634,0.14284245669841766,-0.0008833322790451348
0.079375,508,rotor_0_blade_1,0.7412502765655518,-0.7412502765655518,393.92577328785455,-393.92577328785455,48,-2.9102636641366075,0.0,-2.9102636641366075,0.017766570672392845,-0.06421501934528351,0.7412502765655518,0.02138248158069282,-0.0797220845979614,-0.006947742717721089,0.16,0.16,0.0,0.0,0.0,0.0,0.0,0.0,418.87902047863906,0.3559591794226066,0.04686291501007153,0.0,0.24343079328536987,0.17715756595134735,-0.0008833322790451348
0.0796875,510,rotor_0_blade_0,0.7446697950363159,-0.7446697950363159,395.74302246866984,-395.74302246866984,48,-2.9139229611224233,0.0,-2.9139229611224233,-0.02605116367340088,0.06145403906702995,0.7446697950363159,-0.031709449916252234,0.07648957878442454,-0.006956478645774097,0.16,0.16,0.0,0.0,0.0,0.0,0.0,0.0,418.87902047863906,0.36905007438018333,0.07340862397652151,0.0,0.079522505402565,0.13209933042526245,-0.0008833322790451348
0.0796875,510,rotor_0_blade_1,0.7446640133857727,-0.7446640133857727,395.73994990163936,-395.73994990163936,48,-2.9134628724320293,0.0,-2.9134628724320293,0.026044936850667,-0.06143869459629059,0.7446640133857727,0.03170920204453406,-0.0764888760361171,-0.006955380264934043,0.16,0.16,0.0,0.0,0.0,0.0,0.0,0.0,418.87902047863906,0.36905007438018333,0.07340862397652151,0.0,0.24047745764255524,0.18790064752101898,-0.0008833322790451348
0.08,512,rotor_0_blade_0,0.7488240599632263,-0.7488240599632263,397.95074106994724,-397.95074106994724,48,-2.919099928983559,0.0,-2.919099928983559,-0.03395087271928787,0.05768481269478798,0.7488240599632263,-0.04158501575582281,0.07197216346552794,-0.006968837746154011,0.16,0.16,0.0,0.0,0.0,0.0,0.0,0.0,418.87902047863906,0.37856406460548475,0.10143593539439816,0.0,0.08385277539491653,0.12183360755443573,-0.0008833322790451348
0.08,512,rotor_0_blade_1,0.7488443851470947,-0.7488443851470947,397.9615425684771,-397.9615425684771,48,-2.918128873382602,0.0,-2.918128873382602,0.03393923118710518,-0.05766395851969719,0.7488443851470947,0.041585987821115104,-0.07197364533349203,-0.006966519521670371,0.16,0.16,0.0,0.0,0.0,0.0,0.0,0.0,418.87902047863906,0.37856406460548475,0.10143593539439816,0.0,0.2361471951007843,0.19816642999649048,-0.0008833322790451348
0.0803125,514,rotor_0_blade_0,0.7535231709480286,-0.7535231709480286,400.44800951891216,-400.44800951891216,48,-2.927848037079036,0.0,-2.927848037079036,-0.04137307032942772,0.052985042333602905,0.7535231709480286,-0.050846763419909846,0.0662168842489977,-0.006989722315845472,0.16,0.16,0.0,0.0,0.0,0.0,0.0,0.0,418.87902047863906,0.3843383630879796,0.13046529419470285,0.0,0.08948595076799393,0.11222092062234879,-0.0008833322790451348
0.0803125,514,rotor_0_blade_1,0.7535451054573059,-0.7535451054573059,400.45966626805875,-400.45966626805875,48,-2.9266687742822337,0.0,-2.9266687742822337,0.041356898844242096,-0.052963171154260635,0.7535451054573059,0.05084763383261636,-0.06621785480012828,-0.00698690703329574,0.16,0.16,0.0,0.0,0.0,0.0,0.0,0.0,418.87902047863906,0.3843383630879796,0.13046529419470285,0.0,0.23051407933235168,0.20777909457683563,-0.0008833322790451348
0.080625,516,rotor_0_blade_0,0.7583786845207214,-0.7583786845207214,403.0283956574441,-403.0283956574441,48,-2.9389275297983444,0.0,-2.9389275297983444,-0.04820976033806801,0.04739822819828987,0.7583786845207214,-0.05932076726922657,0.05928015362942556,-0.007016172656343901,0.16,0.16,0.0,0.0,0.0,0.0,0.0,0.0,418.87902047863906,0.3862741699796943,0.15999999999990358,0.0,0.09632561355829239,0.10342574864625931,-0.0008833322790451348
0.080625,516,rotor_0_blade_1,0.7583918571472168,-0.7583918571472168,403.0353960421218,-403.0353960421218,48,-2.93674945179254,0.0,-2.93674945179254,0.04816533997654915,-0.04735249653458595,0.7583918571472168,0.059321276196456926,-0.059280670666366934,-0.007010972878127949,0.16,0.16,0.0,0.0,0.0,0.0,0.0,0.0,418.87902047863906,0.3862741699796943,0.15999999999990358,0.0,0.22367437183856964,0.21657423675060272,-0.0008833322790451348
0.0809375,518,rotor_0_blade_0,0.76287442445755,-0.76287442445755,405.4175857692129,-405.4175857692129,48,-2.9470974892849164,0.0,-2.9470974892849164,-0.05424072965979576,0.04089144617319107,0.76287442445755,-0.06682683158212978,0.05124545936333673,-0.007035676997901128,0.16,0.16,0.0,0.0,0.0,0.0,0.0,0.0,418.87902047863906,0.38433836308800473,0.18953470580510598,0.0,0.10425478219985962,0.09559856355190277,-0.0008833322790451348
0.0809375,518,rotor_0_blade_1,0.762903094291687,-0.762903094291687,405.4328219005703,-405.4328219005703,48,-2.9499328630490504,0.0,-2.9499328630490504,0.05428360775113106,-0.04092532768845558,0.762903094291687,0.06682722308857746,-0.051245671995313075,-0.007042445954152253,0.16,0.16,0.0,0.0,0.0,0.0,0.0,0.0,418.87902047863906,0.38433836308800473,0.18953470580510598,0.0,0.215745210647583,0.22440141439437866,-0.0008833322790451348
0.08125,520,rotor_0_blade_0,0.7665437459945679,-0.7665437459945679,407.36758885131457,-407.36758885131457,48,-2.9616857282816915,0.0,-2.9616857282816915,-0.05951465666294098,0.033694688230752945,0.7665437459945679,-0.07318722778957802,0.0422303347648503,-0.007070503853111269,0.16,0.16,0.0,0.0,0.0,0.0,0.0,0.0,418.87902047863906,0.3785640646055346,0.21856406460541558,0.0,0.11313777416944504,0.08887332677841187,-0.0008833322790451348
0.08125,520,rotor_0_blade_1,0.7665845155715942,-0.7665845155715942,407.3892552002718,-407.3892552002718,48,-2.960172397044222,0.0,-2.960172397044222,0.05948314815759659,-0.03367575258016586,0.7665845155715942,0.07318856809713734,-0.042231053661515194,-0.0070668910409065885,0.16,0.16,0.0,0.0,0.0,0.0,0.0,0.0,418.87902047863906,0.3785640646055346,0.21856406460541558,0.0,0.20686224102973938,0.23112671077251434,-0.0008833322790451348
0.0815625,522,rotor_0_blade_0,0.7689647078514099,-0.7689647078514099,408.654170862421,-408.654170862421,48,-2.970906038725918,0.0,-2.970906038725918,-0.06371314078569412,0.025770073756575584,0.7689647078514099,-0.07824109377237974,0.03239239411643139,-0.007092515722871875,0.16,0.16,0.0,0.0,0.0,0.0,0.0,0.0,418.87902047863906,0.36905007438025705,0.24659137602330033,0.0,0.12282257527112961,0.0833650603890419,-0.0008833322790451348
0.0815625,522,rotor_0_blade_1,0.769078254699707,-0.769078254699707,408.7145135448239,-408.7145135448239,48,-2.972606989255558,0.0,-2.972606989255558,0.06374756246805191,-0.025784334167838097,0.769078254699707,0.07824883858288438,-0.03239534263021574,-0.007096576443143081,0.16,0.16,0.0,0.0,0.0,0.0,0.0,0.0,418.87902047863906,0.36905007438025705,0.24659137602330033,0.0,0.19717739522457123,0.2366350293159485,-0.0008833322790451348
0.081875,524,rotor_0_blade_0,0.7700367569923401,-0.7700367569923401,409.2238944769607,-409.2238944769607,48,-2.976491750946699,0.0,-2.976491750946699,-0.06676817685365677,0.017302261665463448,0.7700367569923401,-0.08187351952442862,0.021928953401884693,-0.0071058506285312665,0.16,0.16,0.0,0.0,0.0,0.0,0.0,0.0,418.87902047863906,0.355959179422703,0.2731370849897614,0.0,0.13314346969127655,0.07916807383298874,-0.0008833322790451348
0.081875,524,rotor_0_blade_1,0.7701199650764465,-0.7701199650764465,409.26811410144074,-409.26811410144074,48,-2.976379862126278,0.0,-2.976379862126278,0.06676054745912552,-0.017299454659223557,0.7701199650764465,0.08187821397651093,-0.021930171902723485,-0.007105583513648567,0.16,0.16,0.0,0.0,0.0,0.0,0.0,0.0,418.87902047863906,0.355959179422703,0.2731370849897614,0.0,0.1868564784526825,0.24083198606967926,-0.0008833322790451348
0.0821875,526,rotor_0_blade_0,0.7697097063064575,-0.7697097063064575,409.05008854607115,-409.05008854607115,48,-2.980630520706506,0.0,-2.980630520706506,-0.06861606240272522,0.008467285893857479,0.7697097063064575,-0.08400005086026475,0.011055747155711159,-0.007115731213515155,0.16,0.16,0.0,0.0,0.0,0.0,0.0,0.0,418.87902047863906,0.3395153685750779,0.2977469870645218,0.0,0.14392396807670593,0.07635410875082016,-0.0008833322790451348
0.0821875,526,rotor_0_blade_1,0.7698007822036743,-0.7698007822036743,409.09848939578853,-409.09848939578853,48,-2.9831338010215,0.0,-2.9831338010215,0.06866571307182312,-0.008474022150039673,0.7698007822036743,0.08400519232715144,-0.011056329323346138,-0.007121707355056294,0.16,0.16,0.0,0.0,0.0,0.0,0.0,0.0,418.87902047863906,0.3395153685750779,0.2977469870645218,0.0,0.17607605457305908,0.24364590644836426,-0.0008833322790451348
0.0825,528,rotor_0_blade_0,0.7683373689651489,-0.7683373689651489,408.3207815016387,-408.3207815016387,48,-2.9801722117983553,0.0,-2.9801722117983553,-0.06916651874780655,-0.0005550342611968517,0.7683373689651489,-0.08460641167079738,1.0757165121530312e-06,-0.007114637081592227,0.16,0.16,0.0,0.0,0.0,0.0,0.0,0.0,418.87902047863906,0.32000000000007034,0.31999999999992845,0.0,0.15497943758964539,0.07497135549783707,-0.0008833322790451348
0.0825,528,rotor_0_blade_1,0.7684499621391296,-0.7684499621391296,408.3806173688613,-408.3806173688613,48,-2.982585897886166,0.0,-2.982585897886166,0.0692170113325119,0.0005547610926441848,0.7684499621391296,0.08461361996190737,-9.748701224882683e-07,-0.007120399332671436,0.16,0.16,0.0,0.0,0.0,0.0,0.0,0.0,418.87902047863906,0.32000000000007034,0.31999999999992845,0.0,0.16502052545547485,0.24502868950366974,-0.0008833322790451348
0.0828125,530,rotor_0_blade_0,0.7663795948028564,-0.7663795948028564,407.28035328840775,-407.28035328840775,48,-2.9819298203987388,0.0,-2.9819298203987388,-0.06853808462619781,-0.009576561860740185,0.7663795948028564,-0.08372124753118582,-0.011018688071478105,-0.007118833063043805,0.16,0.16,0.0,0.0,0.0,0.0,0.0,0.0,418.87902047863906,0.29774698706468095,0.3395153685749558,0.0,0.16612087190151215,0.07504348456859589,-0.0008833322790451348
0.0828125,530,rotor_0_blade_1,0.7664834856987,-0.7664834856987,407.3355644671102,-407.3355644671102,48,-2.9817065763819857,0.0,-2.9817065763819857,0.06852788478136063,0.00957555416971445,0.7664834856987,0.08372738894784444,0.011019514324155119,-0.007118300107212075,0.16,0.16,0.0,0.0,0.0,0.0,0.0,0.0,418.87902047863906,0.29774698706468095,0.3395153685749558,0.0,0.15387912094593048,0.24495655298233032,-0.0008833322790451348
0.083125,532,rotor_0_blade_0,0.7643199563026428,-0.7643199563026428,406.1857908787324,-406.1857908787324,48,-2.9759542295188517,0.0,-2.9759542295188517,-0.06654860824346542,-0.018396316096186638,0.7643199563026428,-0.08140578893519304,-0.021808113334006098,-0.007104567390647371,0.16,0.16,0.0,0.0,0.0,0.0,0.0,0.0,418.87902047863906,0.2731370849899365,0.3559591794226019,0.0,0.17715755105018616,0.07656920701265335,-0.0008833322790451348
0.083125,532,rotor_0_blade_1,0.7644111514091492,-0.7644111514091492,406.23425508034734,-406.23425508034734,48,-2.978737565343971,0.0,-2.978737565343971,0.06660134345293045,0.018410133197903633,0.7644111514091492,0.08141053950571962,0.02180943030758233,-0.007111212115470159,0.16,0.16,0.0,0.0,0.0,0.0,0.0,0.0,418.87902047863906,0.2731370849899365,0.3559591794226019,0.0,0.14284241199493408,0.24343080818653107,-0.0008833322790451348
0.0834375,534,rotor_0_blade_0,0.7625420689582825,-0.7625420689582825,405.240960678883,-405.240960678883,48,-2.973778544207402,0.0,-2.973778544207402,-0.06349055469036102,-0.026886017993092537,0.7625420689582825,-0.07773222711141178,-0.03219306238575144,-0.007099373324568427,0.16,0.16,0.0,0.0,0.0,0.0,0.0,0.0,418.87902047863906,0.24659137602348707,0.36905007438017967,0.0,0.18790064752101898,0.07952248305082321,-0.0008833322790451348
0.0834375,534,rotor_0_blade_1,0.762614369392395,-0.762614369392395,405.2793836047385,-405.2793836047385,48,-2.97555146583817,0.0,-2.97555146583817,0.06354567408561707,0.0269083920866251,0.762614369392395,0.0777351749752453,0.03219429563041452,-0.007103605863187196,0.16,0.16,0.0,0.0,0.0,0.0,0.0,0.0,418.87902047863906,0.24659137602348707,0.36905007438017967,0.0,0.13209931552410126,0.24047745764255524,-0.0008833322790451348
0.08375,536,rotor_0_blade_0,0.7611204981803894,-0.7611204981803894,404.4854893007682,-404.4854893007682,48,-2.9730737129403257,0.0,-2.9730737129403257,-0.059404317289590836,-0.03492061793804169,0.7611204981803894,-0.072767434598933,-0.04200726253814555,-0.007097690663865413,0.16,0.16,0.0,0.0,0.0,0.0,0.0,0.0,418.87902047863906,0.21856406460561084,0.37856406460548225,0.0,0.19816641509532928,0.08385274559259415,-0.0008833322790451348
0.08375,536,rotor_0_blade_1,0.761185348033905,-0.761185348033905,404.5199527330277,-404.5199527330277,48,-2.971481728580935,0.0,-2.971481728580935,0.059376511722803116,0.03490506112575531,0.761185348033905,0.0727699038688076,0.04200865855324571,-0.007093890081163583,0.16,0.16,0.0,0.0,0.0,0.0,0.0,0.0,418.87902047863906,0.21856406460561084,0.37856406460548225,0.0,0.12183357030153275,0.23614725470542908,-0.0008833322790451348
0.0840625,538,rotor_0_blade_0,0.7599533200263977,-0.7599533200263977,403.8652108719949,-403.8652108719949,48,-2.9704618005031858,0.0,-2.9704618005031858,-0.05427229404449463,-0.042322851717472076,0.7599533200263977,-0.06658669262653094,-0.05108750517576471,-0.007091455182236003,0.16,0.16,0.0,0.0,0.0,0.0,0.0,0.0,418.87902047863906,0.18953470580530637,0.3843383630879783,0.0,0.20777909457683563,0.08948589861392975,-0.0008833322790451348
0.0840625,538,rotor_0_blade_1,0.7600018382072449,-0.7600018382072449,403.890995094292,-403.890995094292,48,-2.97096844161189,0.0,-2.97096844161189,0.054291851818561554,0.04233727231621742,0.7600018382072449,0.06658792792696823,0.05108842113767538,-0.007092664698788361,0.16,0.16,0.0,0.0,0.0,0.0,0.0,0.0,418.87902047863906,0.18953470580530637,0.3843383630879783,0.0,0.1122208908200264,0.23051413893699646,-0.0008833322790451348
0.084375,540,rotor_0_blade_0,0.7587199807167053,-0.7587199807167053,403.2097721400892,-403.2097721400892,48,-2.9699103440835235,0.0,-2.9699103440835235,-0.048272036015987396,-0.04902767390012741,0.7587199807167053,-0.059275572897511716,-0.059266557031953916,-0.007090138677009668,0.16,0.16,0.0,0.0,0.0,0.0,0.0,0.0,418.87902047863906,0.1600000000001041,0.3862741699796943,0.0,0.2165742665529251,0.09632558375597,-0.0008833322790451348
0.084375,540,rotor_0_blade_1,0.7587822675704956,-0.7587822675704956,403.2428735065517,-403.2428735065517,48,-2.9696395191177705,0.0,-2.9696395191177705,0.048265278339385986,0.049021441489458084,0.7587822675704956,0.05927880419469069,0.05926972015995446,-0.007089492130029483,0.16,0.16,0.0,0.0,0.0,0.0,0.0,0.0,418.87902047863906,0.1600000000001041,0.3862741699796943,0.0,0.10342571139335632,0.22367441654205322,-0.0008833322790451348
0.0846875,542,rotor_0_blade_0,0.7572845816612244,-0.7572845816612244,402.4469519418603,-402.4469519418603,48,-2.9656213164830145,0.0,-2.9656213164830145,-0.04139840230345726,-0.054824039340019226,0.7572845816612244,-0.05096200082681738,-0.0664017633733402,-0.00707989937785449,0.16,0.16,0.0,0.0,0.0,0.0,0.0,0.0,418.87902047863906,0.1304652941949016,0.38433836308800573,0.0,0.22440141439437866,0.10425474494695663,-0.0008833322790451348
0.0846875,542,rotor_0_blade_1,0.7573186755180359,-0.7573186755180359,402.4650705845555,-402.4650705845555,48,-2.9662995303098856,0.0,-2.9662995303098856,0.041404325515031815,0.054831404238939285,0.7573186755180359,0.05096304051822738,0.06640304139923696,-0.0070815184940997864,0.16,0.16,0.0,0.0,0.0,0.0,0.0,0.0,418.87902047863906,0.1304652941949016,0.38433836308800573,0.0,0.09559853374958038,0.2157452404499054,-0.0008833322790451348
0.085,544,rotor_0_blade_0,0.7554712891578674,-0.7554712891578674,401.48330622844276,-401.48330622844276,48,-2.9643312367952444,0.0,-2.9643312367952444,-0.033857736736536026,-0.05969710275530815,0.7554712891578674,-0.041788469362438976,-0.0723607720466833,-0.007076819539465123,0.16,0.16,0.0,0.0,0.0,0.0,0.0,0.0,418.87902047863906,0.10143593539459181,0.3785640646055366,0.0,0.23112668097019196,0.11313772946596146,-0.0008833322790451348
0.085,544,rotor_0_blade_1,0.7554938197135925,-0.7554938197135925,401.495279737077,-401.495279737077,48,-2.964482638662747,0.0,-2.964482638662747,0.033864475786685944,0.05970867723226547,0.7554938197135925,0.04178879427299734,0.07236123327382976,-0.0070771809847992185,0.16,0.16,0.0,0.0,0.0,0.0,0.0,0.0,418.87902047863906,0.10143593539459181,0.3785640646055366,0.0,0.08887328952550888,0.20686227083206177,-0.0008833322790451348
0.0853125,546,rotor_0_blade_0,0.7533197402954102,-0.7533197402954102,400.3398995057673,-400.3398995057673,48,-2.9565507938252176,0.0,-2.9565507938252176,-0.02569788135588169,-0.06341072916984558,0.7533197402954102,-0.03192481060617907,-0.07704704400533888,-0.007058245100093258,0.16,0.16,0.0,0.0,0.0,0.0,0.0,0.0,418.87902047863906,0.07340862397670675,0.36905007438025994,0.0,0.2366349846124649,0.12282252311706543,-0.0008833322790451348
0.0853125,546,rotor_0_blade_1,0.7533289194107056,-0.7533289194107056,400.3447776018775,-400.3447776018775,48,-2.960021638789743,0.0,-2.960021638789743,0.025727391242980957,0.06347883492708206,0.7533289194107056,0.03192480665432419,0.07704696245103795,-0.007066531132085406,0.16,0.16,0.0,0.0,0.0,0.0,0.0,0.0,418.87902047863906,0.07340862397670675,0.36905007438025994,0.0,0.08336501568555832,0.19717742502689362,-0.0008833322790451348
0.085625,548,rotor_0_blade_0,0.7510511875152588,-0.7510511875152588,399.1343128956604,-399.1343128956604,48,-2.9544163140443764,0.0,-2.9544163140443764,-0.017169823870062828,-0.06609313935041428,0.7510511875152588,-0.0215533240828705,-0.08040294470320337,-0.007053149404972499,0.16,0.16,0.0,0.0,0.0,0.0,0.0,0.0,418.87902047863906,0.0468629150102452,0.3559591794227068,0.0,0.24083195626735687,0.13314343988895416,-0.0008833322790451348
0.085625,548,rotor_0_blade_1,0.7510464191436768,-0.7510464191436768,399.131778819759,-399.131778819759,48,-2.952870929898514,0.0,-2.952870929898514,0.017163749784231186,0.06607162952423096,0.7510464191436768,0.02155314502428745,0.0804018654622309,-0.007049460072085651,0.16,0.16,0.0,0.0,0.0,0.0,0.0,0.0,418.87902047863906,0.0468629150102452,0.3559591794227068,0.0,0.07916801422834396,0.1868564784526825,-0.0008833322790451348
0.0859375,550,rotor_0_blade_0,0.7489592432975769,-0.7489592432975769,398.0225821217529,-398.0225821217529,48,-2.9463356566393175,0.0,-2.9463356566393175,-0.008361446671187878,-0.06750784069299698,0.7489592432975769,-0.010854640548621782,-0.0823993885893178,-0.00703385825643079,0.16,0.16,0.0,0.0,0.0,0.0,0.0,0.0,418.87902047863906,0.022253012935484262,0.33951536857508247,0.0,0.24364593625068665,0.14392393827438354,-0.0008833322790451348
0.0859375,550,rotor_0_blade_1,0.7489469647407532,-0.7489469647407532,398.0160568763067,-398.0160568763067,48,-2.945250780727298,0.0,-2.945250780727298,0.008358658291399479,0.06748860329389572,0.7489469647407532,0.010854545948221854,0.08239804581835485,-0.0070312683059702025,0.16,0.16,0.0,0.0,0.0,0.0,0.0,0.0,418.87902047863906,0.022253012935484262,0.33951536857508247,0.0,0.07635405659675598,0.17607606947422028,-0.0008833322790451348
0.08625,552,rotor_0_blade_0,0.7473976612091064,-0.7473976612091064,397.19270393998227,-397.19270393998227,48,-2.939849047708139,0.0,-2.939849047708139,0.0005238954909145832,-0.06778523325920105,0.7473976612091064,-2.1439846034710387e-06,-0.08303519465764644,-0.007018372618301274,0.16,0.16,0.0,0.0,0.0,0.0,0.0,0.0,418.87902047863906,7.696621118213898e-14,0.32000000000007567,0.0,0.24502868950366974,0.1549794226884842,-0.0008833322790451348
0.08625,552,rotor_0_blade_1,0.7473848462104797,-0.7473848462104797,397.1858936109972,-397.1858936109972,48,-2.9396486829688495,0.0,-2.9396486829688495,-0.0005237340228632092,0.06777890026569366,0.7473848462104797,2.202939840511416e-06,0.08303425827203488,-0.0070178942827210855,0.16,0.16,0.0,0.0,0.0,0.0,0.0,0.0,418.87902047863906,7.696621118213898e-14,0.32000000000007567,0.0,0.07497130334377289,0.16502054035663605,-0.0008833322790451348
0.0865625,554,rotor_0_blade_0,0.7466928362846375,-0.7466928362846375,396.8181358458017,-396.8181358458017,48,-2.9341194477919728,0.0,-2.9341194477919728,0.009343216195702553,-0.06692031025886536,0.7466928362846375,0.010841979858243348,-0.08232540873085421,-0.007004694206072323,0.16,0.16,0.0,0.0,0.0,0.0,0.0,0.0,418.87902047863906,-0.01951536857495112,0.297746987064687,0.0,0.24495656788349152,0.16612085700035095,-0.0008833322790451348
0.0865625,554,rotor_0_blade_1,0.7466772794723511,-0.7466772794723511,396.80986842317327,-396.80986842317327,48,-2.9351363866666156,0.0,-2.9351363866666156,-0.009344635531306267,0.06693413853645325,0.7466772794723511,-0.010841858695659548,0.08232503854522227,-0.007007121968803148,0.16,0.16,0.0,0.0,0.0,0.0,0.0,0.0,418.87902047863906,-0.01951536857495112,0.297746987064687,0.0,0.07504343241453171,0.1538791060447693,-0.0008833322790451348
0.086875,556,rotor_0_blade_0,0.7470647692680359,-0.7470647692680359,397.01579376611346,-397.01579376611346,48,-2.9327678262850623,0.0,-2.9327678262850623,0.017974456772208214,-0.06501553952693939,0.7470647692680359,0.02152488861885032,-0.0802926920851356,-0.007001467447412111,0.16,0.16,0.0,0.0,0.0,0.0,0.0,0.0,418.87902047863906,-0.03595917942259888,0.2731370849899417,0.0,0.24343083798885345,0.17715755105018616,-0.0008833322790451348
0.086875,556,rotor_0_blade_1,0.7470434904098511,-0.7470434904098511,397.00448545240334,-397.00448545240334,48,-2.9346128348570923,0.0,-2.9346128348570923,-0.017983712255954742,0.06505218148231506,0.7470434904098511,-0.021524604617090427,0.08029203622198311,-0.007005872080926393,0.16,0.16,0.0,0.0,0.0,0.0,0.0,0.0,418.87902047863906,-0.03595917942259888,0.2731370849899417,0.0,0.07656916230916977,0.14284242689609528,-0.0008833322790451348
0.0871875,558,rotor_0_blade_0,0.7485541105270386,-0.7485541105270386,397.8072806979774,-397.8072806979774,48,-2.933005411865504,0.0,-2.933005411865504,0.026292189955711365,-0.06205720454454422,0.7485541105270386,0.03189575983983154,-0.0769593765346673,-0.0070020346412051305,0.16,0.16,0.0,0.0,0.0,0.0,0.0,0.0,418.87902047863906,-0.04905007438017736,0.24659137602349263,0.0,0.2404775619506836,0.18790066242218018,-0.0008833322790451348
0.0871875,558,rotor_0_blade_1,0.7485482692718506,-0.7485482692718506,397.8041764549981,-397.8041764549981,48,-2.9345496193632727,0.0,-2.9345496193632727,-0.026305627077817917,0.0620904341340065,0.7485482692718506,-0.03189599236113842,0.07695996863492889,-0.007005721165051573,0.16,0.16,0.0,0.0,0.0,0.0,0.0,0.0,418.87902047863906,-0.04905007438017736,0.24659137602349263,0.0,0.07952243834733963,0.13209930062294006,-0.0008833322790451348
0.0875,560,rotor_0_blade_0,0.7510687112808228,-0.7510687112808228,399.1436256245982,-399.1436256245982,48,-2.9375305902694926,0.0,-2.9375305902694926,0.03421375900506973,-0.058158211410045624,0.7510687112808228,0.041800696279728614,-0.07235523355915813,-0.007012837708875642,0.16,0.16,0.0,0.0,0.0,0.0,0.0,0.0,418.87902047863906,-0.05856406460548072,0.21856406460561661,0.0,0.23614729940891266,0.19816641509532928,-0.0008833322790451348
0.0875,560,rotor_0_blade_1,0.7510382533073425,-0.7510382533073425,399.1274392147778,-399.1274392147778,48,-2.9366752846240023,0.0,-2.9366752846240023,-0.034196849912405014,0.058128006756305695,0.7510382533073425,-0.041799899636872334,0.072354141699397,-0.00701079581705563,0.16,0.16,0.0,0.0,0.0,0.0,0.0,0.0,418.87902047863906,-0.05856406460548072,0.21856406460561661,0.0,0.08385271579027176,0.12183357030153275,-0.0008833322790451348
0.0878125,562,rotor_0_blade_0,0.7543399333953857,-0.7543399333953857,400.8820650448789,-400.8820650448789,48,-2.9427315218830516,0.0,-2.9427315218830516,0.041582729667425156,-0.05327253043651581,0.7543399333953857,0.05107632493429215,-0.06651822783069324,-0.007025254018500355,0.16,0.16,0.0,0.0,0.0,0.0,0.0,0.0,418.87902047863906,-0.06433836308797752,0.18953470580531231,0.0,0.23051418364048004,0.20777909457683563,-0.0008833322790451348
0.0878125,562,rotor_0_blade_1,0.7543239593505859,-0.7543239593505859,400.8735758906091,-400.8735758906091,48,-2.9438860011251444,0.0,-2.9438860011251444,-0.04160265624523163,0.05329914763569832,0.7543239593505859,-0.051076695051292025,0.06651883143721811,-0.007028010134671496,0.16,0.16,0.0,0.0,0.0,0.0,0.0,0.0,418.87902047863906,-0.06433836308797752,0.18953470580531231,0.0,0.08948586136102676,0.1122208684682846,-0.0008833322790451348
0.088125,564,rotor_0_blade_0,0.758069634437561,-0.758069634437561,402.8641558630825,-402.8641558630825,48,-2.9516776614198674,0.0,-2.9516776614198674,0.04833928868174553,-0.04753723740577698,0.758069634437561,0.059555482367766144,-0.05951060383301148,-0.007046611353433466,0.16,0.16,0.0,0.0,0.0,0.0,0.0,0.0,418.87902047863906,-0.06627416997969429,0.1600000000001117,0.0,0.2236744612455368,0.2165743112564087,-0.0008833322790451348
0.088125,564,rotor_0_blade_1,0.7580159306526184,-0.7580159306526184,402.83561583324257,-402.83561583324257,48,-2.9524426958577465,0.0,-2.9524426958577465,-0.048358749598264694,0.04755744710564613,0.7580159306526184,-0.059553433520659636,0.0595087806524379,-0.007048437738619826,0.16,0.16,0.0,0.0,0.0,0.0,0.0,0.0,418.87902047863906,-0.06627416997969429,0.1600000000001117,0.0,0.09632553905248642,0.10342569649219513,-0.0008833322790451348
0.0884375,566,rotor_0_blade_0,0.7620065212249756,-0.7620065212249756,404.9563522792033,-404.9563522792033,48,-2.959819659977679,0.0,-2.959819659977679,0.054307665675878525,-0.04094699025154114,0.7620065212249756,0.0670756094554474,-0.05142521928837371,-0.007066048943190309,0.16,0.16,0.0,0.0,0.0,0.0,0.0,0.0,418.87902047863906,-0.06433836308800667,0.13046529419490918,0.0,0.21574528515338898,0.22440141439437866,-0.0008833322790451348
0.0884375,566,rotor_0_blade_1,0.7619824409484863,-0.7619824409484863,404.94355519590107,-404.94355519590107,48,-2.9578520689592436,0.0,-2.9578520689592436,-0.0542721264064312,0.04091884568333626,0.7619824409484863,-0.06707649073886919,0.05142595232642941,-0.0070613516656418,0.16,0.16,0.0,0.0,0.0,0.0,0.0,0.0,418.87902047863906,-0.06433836308800667,0.13046529419490918,0.0,0.10425473749637604,0.09559851884841919,-0.0008833322790451348
0.08875,568,rotor_0_blade_0,0.7660044431686401,-0.7660044431686401,407.0809848668625,-407.0809848668625,48,-2.967227935177479,0.0,-2.967227935177479,0.059378981590270996,-0.03360985964536667,0.7660044431686401,0.07348925704178728,-0.04238631489983387,-0.007083734897457807,0.16,0.16,0.0,0.0,0.0,0.0,0.0,0.0,418.87902047863906,-0.05856406460553851,0.10143593539459919,0.0,0.20686228573322296,0.23112671077251434,-0.0008833322790451348
0.08875,568,rotor_0_blade_1,0.7659288644790649,-0.7659288644790649,407.04081976382474,-407.04081976382474,48,-2.9683922465792274,0.0,-2.9683922465792274,-0.05940115451812744,0.0336231030523777,0.7659288644790649,-0.07348658362974217,0.042384954856719205,-0.007086514486181105,0.16,0.16,0.0,0.0,0.0,0.0,0.0,0.0,418.87902047863906,-0.05856406460553851,0.10143593539459919,0.0,0.11313771456480026,0.08887325972318649,-0.0008833322790451348
0.0890625,570,rotor_0_blade_0,0.7699379324913025,-0.7699379324913025,409.17137575390353,-409.17137575390353,48,-2.975857224451402,0.0,-2.975857224451402,0.06349130719900131,-0.025661272928118706,0.7699379324913025,0.07866488960393977,-0.03254223785938821,-0.007104335808107528,0.16,0.16,0.0,0.0,0.0,0.0,0.0,0.0,418.87902047863906,-0.04905007438026282,0.07340862397671381,0.0,0.1971774697303772,0.2366350144147873,-0.0008833322790451348
0.0890625,570,rotor_0_blade_1,0.7698361873626709,-0.7698361873626709,409.1173049093567,-409.1173049093567,48,-2.975442765484878,0.0,-2.975442765484878,-0.0634906217455864,0.025661399587988853,0.7698361873626709,-0.07866017321019193,0.032540486310838355,-0.007103346360209061,0.16,0.16,0.0,0.0,0.0,0.0,0.0,0.0,418.87902047863906,-0.04905007438026282,0.07340862397671381,0.0,0.12282252311706543,0.08336499333381653,-0.0008833322790451348
0.089375,572,rotor_0_blade_0,0.7736939191818237,-0.7736939191818237,411.1674356655137,-411.1674356655137,48,-2.985133859945548,0.0,-2.985133859945548,0.06657791882753372,-0.017224030569195747,0.7736939191818237,0.08249038380790055,-0.02206242773035365,-0.007126482144019853,0.16,0.16,0.0,0.0,0.0,0.0,0.0,0.0,418.87902047863906,-0.03595917942271051,0.04686291501025182,0.0,0.18685652315616608,0.24083203077316284,-0.0008833322790451348
0.089375,572,rotor_0_blade_1,0.7735854387283325,-0.7735854387283325,411.1097854387561,-411.1097854387561,48,-2.985442651262882,0.0,-2.985442651262882,-0.06658115237951279,0.0172251146286726,0.7735854387283325,-0.08248516377229977,0.022061182689326653,-0.007127219328987917,0.16,0.16,0.0,0.0,0.0,0.0,0.0,0.0,418.87902047863906,-0.03595917942271051,0.04686291501025182,0.0,0.13314345479011536,0.07916798442602158,-0.0008833322790451348
0.0896875,574,rotor_0_blade_0,0.7771309018135071,-0.7771309018135071,412.993965899318,-412.993965899318,48,-2.9943637542301094,0.0,-2.9943637542301094,0.06856319308280945,-0.008422858081758022,0.7771309018135071,0.08487606050795277,-0.01113462569036044,-0.0071485168935139076,0.16,0.16,0.0,0.0,0.0,0.0,0.0,0.0,418.87902047863906,-0.019515368575087066,0.022253012935490313,0.0,0.17607609927654266,0.24364595115184784,-0.0008833322790451348
0.0896875,574,rotor_0_blade_1,0.7770028710365295,-0.7770028710365295,412.92592596136456,-412.92592596136456,48,-2.993192987403964,0.0,-2.993192987403964,-0.06852863729000092,0.008418179117143154,0.7770028710365295,-0.08486918444253871,0.011133864378129821,-0.007145721893600071,0.16,0.16,0.0,0.0,0.0,0.0,0.0,0.0,418.87902047863906,-0.019515368575087066,0.022253012935490313,0.0,0.14392390847206116,0.07635403424501419,-0.0008833322790451348
0.09,576,rotor_0_blade_0,0.7801491618156433,-0.7801491618156433,414.59797259302775,-414.59797259302775,48,-3.0020948048625704,0.0,-3.0020948048625704,0.06935996562242508,0.0006014924147166312,0.7801491618156433,0.08576666897466413,3.7916702263012154e-05,-0.007166973417365656,0.16,0.16,0.0,0.0,0.0,0.0,0.0,0.0,418.87902047863906,-8.096301407078954e-14,8.235079285157099e-14,0.0,0.16502058506011963,0.24502873420715332,-0.0008833322790451348
0.09,576,rotor_0_blade_1,0.7800015211105347,-0.7800015211105347,414.5195112679296,-414.5195112679296,48,-3.000184988777136,0.0,-3.000184988777136,-0.06931036710739136,-0.0006015432300046086,0.7800015211105347,-0.08575894542368781,-3.7746198560316295e-05,-0.0071624140673097565,0.16,0.16,0.0,0.0,0.0,0.0,0.0,0.0,418.87902047863906,-8.096301407078954e-14,8.235079285157099e-14,0.0,0.1549794226884842,0.0749712809920311,-0.0008833322790451348
