/*--------------------------------*- C++ -*----------------------------------*\
| =========                 |                                                 |
| \\      /  F ield         | OpenFOAM: The Open Source CFD Toolbox           |
|  \\    /   O peration     | Version:  2412                                  |
|   \\  /    A nd           | Website:  www.openfoam.com                      |
|    \\/     M anipulation  |                                                 |
\*---------------------------------------------------------------------------*/
FoamFile
{
    version     2.0;
    format      ascii;
    arch        "LSB;label=32;scalar=64";
    class       faceList;
    location    "constant/polyMesh";
    object      faces;
}
// * * * * * * * * * * * * * * * * * * * * * * * * * * * * * * * * * * * * * //


5825
(
4(0 2 3 1)
4(2 6 7 3)
4(0 1 5 4)
4(0 4 6 2)
4(4 5 7 6)
4(1 3 7 5)
4(1 0 2191 1948)
4(0 2 1706 2191)
4(3 1 1948 1466)
4(2 3 1466 1706)
4(0 2191 1705 2189)
4(1 1464 2193 1948)
4(0 2189 1464 1)
4(0 2191 1947 2190)
4(0 2190 1463 2189)
4(2 1706 2194 1465)
4(2 1465 2190 0)
4(24 1709 2200 1475)
4(2 1706 1709 24)
4(24 1475 1465 2)
4(26 1710 2201 1477)
4(24 1709 1710 26)
4(26 1477 1475 24)
4(32 1713 2202 1479)
4(26 1710 1713 32)
4(32 1479 1477 26)
4(34 1714 2203 1481)
4(32 1713 1714 34)
4(34 1481 1479 32)
4(367 1741 2226 1529)
4(34 1714 1741 367)
4(367 1529 1481 34)
4(369 1742 2227 1531)
4(367 1741 1742 369)
4(369 1531 1529 367)
4(375 1745 2228 1533)
4(369 1742 1745 375)
4(375 1533 1531 369)
4(377 1746 2229 1535)
4(375 1745 1746 377)
4(377 1535 1533 375)
4(415 2232 2013 2231)
4(377 1746 2232 415)
4(415 2231 1535 377)
4(415 2232 1749 2230)
4(415 2230 1553 2231)
4(416 2014 2234 1554)
4(415 2232 2014 416)
4(416 1554 2230 415)
4(419 2017 2236 1555)
4(416 2014 2017 419)
4(419 1555 1554 416)
4(420 2018 2237 1556)
4(419 2017 2018 420)
4(420 1556 1555 419)
4(423 2021 2238 1557)
4(420 2018 2021 423)
4(423 1557 1556 420)
4(424 2022 2239 1558)
4(423 2021 2022 424)
4(424 1558 1557 423)
4(581 2049 2248 1579)
4(424 2022 2049 581)
4(581 1579 1558 424)
4(582 2050 2249 1580)
4(581 2049 2050 582)
4(582 1580 1579 581)
4(585 2053 2250 1581)
4(582 2050 2053 585)
4(585 1581 1580 582)
4(586 2054 2251 1582)
4(585 2053 2054 586)
4(586 1582 1581 585)
4(589 2254 1870 2252)
4(586 2054 2254 589)
4(589 2252 1582 586)
4(589 2254 2057 2253)
4(589 2253 1583 2252)
4(578 1867 2247 1578)
4(589 2254 1867 578)
4(578 1578 2253 589)
4(577 1866 2246 1577)
4(578 1867 1866 577)
4(577 1577 1578 578)
4(574 1863 2245 1576)
4(577 1866 1863 574)
4(574 1576 1577 577)
4(573 1862 2244 1575)
4(574 1863 1862 573)
4(573 1575 1576 574)
4(258 1835 2221 1528)
4(573 1862 1835 258)
4(258 1528 1575 573)
4(257 1834 2220 1527)
4(258 1835 1834 257)
4(257 1527 1528 258)
4(254 1831 2219 1526)
4(257 1834 1831 254)
4(254 1526 1527 257)
4(253 1830 2218 1525)
4(254 1831 1830 253)
4(253 1525 1526 254)
4(218 1827 2216 1508)
4(253 1830 1827 218)
4(218 1508 1525 253)
4(217 2214 1991 2213)
4(218 1827 2214 217)
4(217 2213 1508 218)
4(217 2214 1826 2212)
4(217 2212 1507 2213)
4(211 1988 2211 1505)
4(217 2214 1988 211)
4(211 1505 2212 217)
4(209 1987 2210 1503)
4(211 1988 1987 209)
4(209 1503 1505 211)
4(203 1984 2209 1501)
4(209 1987 1984 203)
4(203 1501 1503 209)
4(201 1983 2208 1499)
4(203 1984 1983 201)
4(201 1499 1501 203)
4(18 1956 2199 1473)
4(201 1983 1956 18)
4(18 1473 1499 201)
4(16 1955 2198 1471)
4(18 1956 1955 16)
4(16 1471 1473 18)
4(10 1952 2197 1469)
4(16 1955 1952 10)
4(10 1469 1471 16)
4(8 1951 2196 1467)
4(10 1952 1951 8)
4(8 1467 1469 10)
4(8 1951 1948 1)
4(1 1464 1467 8)
4(9 8 1951 1468)
4(3 9 1468 1466)
4(1 8 9 3)
4(11 10 1952 1470)
4(9 11 1470 1468)
4(8 10 11 9)
4(17 16 1955 1472)
4(11 17 1472 1470)
4(10 16 17 11)
4(19 18 1956 1474)
4(17 19 1474 1472)
4(16 18 19 17)
4(202 201 1983 1500)
4(19 202 1500 1474)
4(18 201 202 19)
4(204 203 1984 1502)
4(202 204 1502 1500)
4(201 203 204 202)
4(210 209 1987 1504)
4(204 210 1504 1502)
4(203 209 210 204)
4(212 211 1988 1506)
4(210 212 1506 1504)
4(209 211 212 210)
4(212 218 1827 1506)
4(211 217 218 212)
4(230 253 1830 1514)
4(230 1514 1506 212)
4(212 218 253 230)
4(232 254 1831 1516)
4(232 1516 1514 230)
4(230 253 254 232)
4(246 257 1834 1522)
4(246 1522 1516 232)
4(232 254 257 246)
4(248 258 1835 1524)
4(248 1524 1522 246)
4(246 257 258 248)
4(550 573 1862 1564)
4(550 1564 1524 248)
4(248 258 573 550)
4(552 574 1863 1566)
4(552 1566 1564 550)
4(550 573 574 552)
4(566 577 1866 1572)
4(566 1572 1566 552)
4(552 574 577 566)
4(568 578 1867 1574)
4(568 1574 1572 566)
4(566 577 578 568)
4(586 2054 1574 568)
4(568 578 589 586)
4(567 1573 1574 568)
4(585 2053 1573 567)
4(567 568 586 585)
4(565 1571 1572 566)
4(567 1573 1571 565)
4(565 566 568 567)
4(551 1565 1566 552)
4(565 1571 1565 551)
4(551 552 566 565)
4(549 1563 1564 550)
4(551 1565 1563 549)
4(549 550 552 551)
4(247 1523 1524 248)
4(549 1563 1523 247)
4(247 248 550 549)
4(245 1521 1522 246)
4(247 1523 1521 245)
4(245 246 248 247)
4(231 1515 1516 232)
4(245 1521 1515 231)
4(231 232 246 245)
4(229 1513 1514 230)
4(231 1515 1513 229)
4(229 230 232 231)
4(229 1513 1504 210)
4(210 212 230 229)
4(222 229 1513 1510)
4(222 1510 1502 204)
4(204 210 229 222)
4(224 231 1515 1512)
4(224 1512 1510 222)
4(222 229 231 224)
4(238 245 1521 1518)
4(238 1518 1512 224)
4(224 231 245 238)
4(240 247 1523 1520)
4(240 1520 1518 238)
4(238 245 247 240)
4(542 549 1563 1560)
4(542 1560 1520 240)
4(240 247 549 542)
4(544 551 1565 1562)
4(544 1562 1560 542)
4(542 549 551 544)
4(558 565 1571 1568)
4(558 1568 1562 544)
4(544 551 565 558)
4(560 567 1573 1570)
4(560 1570 1568 558)
4(558 565 567 560)
4(582 2050 1570 560)
4(560 567 585 582)
4(559 1569 1570 560)
4(581 2049 1569 559)
4(559 560 582 581)
4(557 1567 1568 558)
4(559 1569 1567 557)
4(557 558 560 559)
4(543 1561 1562 544)
4(557 1567 1561 543)
4(543 544 558 557)
4(541 1559 1560 542)
4(543 1561 1559 541)
4(541 542 544 543)
4(239 1519 1520 240)
4(541 1559 1519 239)
4(239 240 542 541)
4(237 1517 1518 238)
4(239 1519 1517 237)
4(237 238 240 239)
4(223 1511 1512 224)
4(237 1517 1511 223)
4(223 224 238 237)
4(221 1509 1510 222)
4(223 1511 1509 221)
4(221 222 224 223)
4(221 1509 1500 202)
4(202 204 222 221)
4(49 221 1509 1488)
4(49 1488 1474 19)
4(19 202 221 49)
4(51 223 1511 1490)
4(51 1490 1488 49)
4(49 221 223 51)
4(65 237 1517 1496)
4(65 1496 1490 51)
4(51 223 237 65)
4(67 239 1519 1498)
4(67 1498 1496 65)
4(65 237 239 67)
4(392 541 1559 1542)
4(392 1542 1498 67)
4(67 239 541 392)
4(394 543 1561 1544)
4(394 1544 1542 392)
4(392 541 543 394)
4(408 557 1567 1550)
4(408 1550 1544 394)
4(394 543 557 408)
4(410 559 1569 1552)
4(410 1552 1550 408)
4(408 557 559 410)
4(424 2022 1552 410)
4(410 559 581 424)
4(409 1551 1552 410)
4(423 2021 1551 409)
4(409 410 424 423)
4(407 1549 1550 408)
4(409 1551 1549 407)
4(407 408 410 409)
4(393 1543 1544 394)
4(407 1549 1543 393)
4(393 394 408 407)
4(391 1541 1542 392)
4(393 1543 1541 391)
4(391 392 394 393)
4(66 1497 1498 67)
4(391 1541 1497 66)
4(66 67 392 391)
4(64 1495 1496 65)
4(66 1497 1495 64)
4(64 65 67 66)
4(50 1489 1490 51)
4(64 1495 1489 50)
4(50 51 65 64)
4(48 1487 1488 49)
4(50 1489 1487 48)
4(48 49 51 50)
4(48 1487 1472 17)
4(17 19 49 48)
4(41 48 1487 1484)
4(41 1484 1470 11)
4(11 17 48 41)
4(43 50 1489 1486)
4(43 1486 1484 41)
4(41 48 50 43)
4(57 64 1495 1492)
4(57 1492 1486 43)
4(43 50 64 57)
4(59 66 1497 1494)
4(59 1494 1492 57)
4(57 64 66 59)
4(384 391 1541 1538)
4(384 1538 1494 59)
4(59 66 391 384)
4(386 393 1543 1540)
4(386 1540 1538 384)
4(384 391 393 386)
4(400 407 1549 1546)
4(400 1546 1540 386)
4(386 393 407 400)
4(402 409 1551 1548)
4(402 1548 1546 400)
4(400 407 409 402)
4(420 2018 1548 402)
4(402 409 423 420)
4(401 1547 1548 402)
4(419 2017 1547 401)
4(401 402 420 419)
4(399 1545 1546 400)
4(401 1547 1545 399)
4(399 400 402 401)
4(385 1539 1540 386)
4(399 1545 1539 385)
4(385 386 400 399)
4(383 1537 1538 384)
4(385 1539 1537 383)
4(383 384 386 385)
4(58 1493 1494 59)
4(383 1537 1493 58)
4(58 59 384 383)
4(56 1491 1492 57)
4(58 1493 1491 56)
4(56 57 59 58)
4(42 1485 1486 43)
4(56 1491 1485 42)
4(42 43 57 56)
4(40 1483 1484 41)
4(42 1485 1483 40)
4(40 41 43 42)
4(40 1483 1468 9)
4(9 11 41 40)
4(25 40 1483 1476)
4(25 1476 1466 3)
4(3 9 40 25)
4(27 42 1485 1478)
4(27 1478 1476 25)
4(25 40 42 27)
4(33 56 1491 1480)
4(33 1480 1478 27)
4(27 42 56 33)
4(35 58 1493 1482)
4(35 1482 1480 33)
4(33 56 58 35)
4(368 383 1537 1530)
4(368 1530 1482 35)
4(35 58 383 368)
4(370 385 1539 1532)
4(370 1532 1530 368)
4(368 383 385 370)
4(376 399 1545 1534)
4(376 1534 1532 370)
4(370 385 399 376)
4(378 401 1547 1536)
4(378 1536 1534 376)
4(376 399 401 378)
4(416 2014 1536 378)
4(378 401 419 416)
4(377 1746 1536 378)
4(377 378 416 415)
4(375 1745 1534 376)
4(375 376 378 377)
4(369 1742 1532 370)
4(369 370 376 375)
4(367 1741 1530 368)
4(367 368 370 369)
4(34 1714 1482 35)
4(34 35 368 367)
4(32 1713 1480 33)
4(32 33 35 34)
4(26 1710 1478 27)
4(26 27 33 32)
4(24 1709 1476 25)
4(24 25 27 26)
4(2 3 25 24)
4(2 6 28 24)
4(3 25 29 7)
4(6 7 29 28)
4(24 28 29 25)
4(28 24 1475 1711)
4(6 28 1711 1708)
4(6 1708 1465 2)
4(30 26 1477 1712)
4(28 30 1712 1711)
4(24 26 30 28)
4(36 32 1479 1715)
4(30 36 1715 1712)
4(26 32 36 30)
4(38 34 1481 1716)
4(36 38 1716 1715)
4(32 34 38 36)
4(371 367 1529 1743)
4(38 371 1743 1716)
4(34 367 371 38)
4(373 369 1531 1744)
4(371 373 1744 1743)
4(367 369 373 371)
4(379 375 1533 1747)
4(373 379 1747 1744)
4(369 375 379 373)
4(381 377 1535 1748)
4(379 381 1748 1747)
4(375 377 381 379)
4(417 415 2231 2015)
4(377 415 417 381)
4(381 417 2015 1748)
4(417 1750 2235 2015)
4(415 2230 1750 417)
4(513 1767 2240 2025)
4(417 1750 1767 513)
4(513 2025 2015 417)
4(515 1768 2241 2027)
4(513 1767 1768 515)
4(515 2027 2025 513)
4(517 1769 2242 2029)
4(515 1768 1769 517)
4(517 2029 2027 515)
4(519 1770 2243 2031)
4(517 1769 1770 519)
4(519 2031 2029 517)
4(1079 1817 2296 2134)
4(519 1770 1817 1079)
4(1079 2134 2031 519)
4(1081 1818 2297 2136)
4(1079 1817 1818 1081)
4(1081 2136 2134 1079)
4(1083 1819 2298 2138)
4(1081 1818 1819 1083)
4(1083 2138 2136 1081)
4(1085 1820 2299 2140)
4(1083 1819 1820 1085)
4(1085 2140 2138 1083)
4(1132 2304 1674 2305)
4(1085 1820 2304 1132)
4(1132 2305 2140 1085)
4(1132 2306 2158 2305)
4(1132 2304 1825 2306)
4(1113 1824 2303 1656)
4(1132 2306 1824 1113)
4(1113 1656 2305 1132)
4(1111 1823 2302 1654)
4(1113 1824 1823 1111)
4(1111 1654 1656 1113)
4(1109 1822 2301 1652)
4(1111 1823 1822 1109)
4(1109 1652 1654 1111)
4(1107 1821 2300 1650)
4(1109 1822 1821 1107)
4(1107 1650 1652 1109)
4(838 1800 2278 1602)
4(1107 1821 1800 838)
4(838 1602 1650 1107)
4(836 1799 2277 1600)
4(838 1800 1799 836)
4(836 1600 1602 838)
4(834 1798 2276 1598)
4(836 1799 1798 834)
4(834 1598 1600 836)
4(832 1797 2275 1596)
4(834 1798 1797 832)
4(832 1596 1598 834)
4(822 1796 2270 1586)
4(832 1797 1796 822)
4(822 1586 1596 832)
4(820 2267 2103 2266)
4(822 1796 2267 820)
4(820 2266 1586 822)
4(820 2267 1795 2265)
4(820 2265 1584 2266)
4(821 2104 2269 1585)
4(820 2267 2104 821)
4(821 1585 2265 820)
4(824 2105 2271 1588)
4(821 2104 2105 824)
4(824 1588 1585 821)
4(825 2106 2272 1589)
4(824 2105 2106 825)
4(825 1589 1588 824)
4(828 2107 2273 1592)
4(825 2106 2107 828)
4(828 1592 1589 825)
4(829 2108 2274 1593)
4(828 2107 2108 829)
4(829 1593 1592 828)
4(961 2129 2283 1620)
4(829 2108 2129 961)
4(961 1620 1593 829)
4(962 2130 2284 1621)
4(961 2129 2130 962)
4(962 1621 1620 961)
4(965 2131 2285 1624)
4(962 2130 2131 965)
4(965 1624 1621 962)
4(966 2132 2286 1625)
4(965 2131 2132 966)
4(966 1625 1624 965)
4(969 2289 1916 2287)
4(966 2132 2289 969)
4(969 2287 1625 966)
4(969 2289 2133 2288)
4(969 2288 1628 2287)
4(970 1917 2291 1629)
4(969 2289 1917 970)
4(970 1629 2288 969)
4(987 1918 2292 1646)
4(970 1917 1918 987)
4(987 1646 1629 970)
4(988 1919 2293 1647)
4(987 1918 1919 988)
4(988 1647 1646 987)
4(989 1920 2294 1648)
4(988 1919 1920 989)
4(989 1648 1647 988)
4(990 1921 2295 1649)
4(989 1920 1921 990)
4(990 1649 1648 989)
4(1250 1942 2317 1696)
4(990 1921 1942 1250)
4(1250 1696 1649 990)
4(1251 1943 2318 1697)
4(1250 1942 1943 1251)
4(1251 1697 1696 1250)
4(1252 1944 2319 1698)
4(1251 1943 1944 1252)
4(1252 1698 1697 1251)
4(1253 1945 2320 1699)
4(1252 1944 1945 1253)
4(1253 1699 1698 1252)
4(1258 2327 2188 2326)
4(1253 1945 2327 1258)
4(1258 2326 1699 1253)
4(1258 2327 1946 2325)
4(1258 2325 1704 2326)
4(1257 2187 2324 1703)
4(1258 2327 2187 1257)
4(1257 1703 2325 1258)
4(1256 2186 2323 1702)
4(1257 2187 2186 1256)
4(1256 1702 1703 1257)
4(1255 2185 2322 1701)
4(1256 2186 2185 1255)
4(1255 1701 1702 1256)
4(1254 2184 2321 1700)
4(1255 2185 2184 1254)
4(1254 1700 1701 1255)
4(1137 2163 2312 1679)
4(1254 2184 2163 1137)
4(1137 1679 1700 1254)
4(1136 2162 2311 1678)
4(1137 2163 2162 1136)
4(1136 1678 1679 1137)
4(1135 2161 2310 1677)
4(1136 2162 2161 1135)
4(1135 1677 1678 1136)
4(1134 2160 2309 1676)
4(1135 2161 2160 1134)
4(1134 1676 1677 1135)
4(1133 2159 2308 1675)
4(1134 2160 2159 1133)
4(1133 1675 1676 1134)
4(1133 2159 2306 1132)
4(1132 2304 1675 1133)
4(1114 1133 2159 1657)
4(1114 1657 1824 1113)
4(1113 1132 1133 1114)
4(1126 1134 2160 1668)
4(1126 1668 1657 1114)
4(1114 1133 1134 1126)
4(1127 1135 2161 1669)
4(1127 1669 1668 1126)
4(1126 1134 1135 1127)
4(1130 1136 2162 1672)
4(1130 1672 1669 1127)
4(1127 1135 1136 1130)
4(1131 1137 2163 1673)
4(1131 1673 1672 1130)
4(1130 1136 1137 1131)
4(1244 1254 2184 1690)
4(1244 1690 1673 1131)
4(1131 1137 1254 1244)
4(1245 1255 2185 1691)
4(1245 1691 1690 1244)
4(1244 1254 1255 1245)
4(1248 1256 2186 1694)
4(1248 1694 1691 1245)
4(1245 1255 1256 1248)
4(1249 1257 2187 1695)
4(1249 1695 1694 1248)
4(1248 1256 1257 1249)
4(1253 1945 1695 1249)
4(1249 1257 1258 1253)
4(1247 1693 1695 1249)
4(1252 1944 1693 1247)
4(1247 1249 1253 1252)
4(1246 1692 1694 1248)
4(1247 1693 1692 1246)
4(1246 1248 1249 1247)
4(1243 1689 1691 1245)
4(1246 1692 1689 1243)
4(1243 1245 1248 1246)
4(1242 1688 1690 1244)
4(1243 1689 1688 1242)
4(1242 1244 1245 1243)
4(1129 1671 1673 1131)
4(1242 1688 1671 1129)
4(1129 1131 1244 1242)
4(1128 1670 1672 1130)
4(1129 1671 1670 1128)
4(1128 1130 1131 1129)
4(1125 1667 1669 1127)
4(1128 1670 1667 1125)
4(1125 1127 1130 1128)
4(1124 1666 1668 1126)
4(1125 1667 1666 1124)
4(1124 1126 1127 1125)
4(1112 1655 1657 1114)
4(1124 1666 1655 1112)
4(1112 1114 1126 1124)
4(1112 1655 1823 1111)
4(1111 1113 1114 1112)
4(1110 1112 1655 1653)
4(1110 1653 1822 1109)
4(1109 1111 1112 1110)
4(1117 1124 1666 1660)
4(1117 1660 1653 1110)
4(1110 1112 1124 1117)
4(1118 1125 1667 1661)
4(1118 1661 1660 1117)
4(1117 1124 1125 1118)
4(1121 1128 1670 1664)
4(1121 1664 1661 1118)
4(1118 1125 1128 1121)
4(1122 1129 1671 1665)
4(1122 1665 1664 1121)
4(1121 1128 1129 1122)
4(1236 1242 1688 1682)
4(1236 1682 1665 1122)
4(1122 1129 1242 1236)
4(1237 1243 1689 1683)
4(1237 1683 1682 1236)
4(1236 1242 1243 1237)
4(1240 1246 1692 1686)
4(1240 1686 1683 1237)
4(1237 1243 1246 1240)
4(1241 1247 1693 1687)
4(1241 1687 1686 1240)
4(1240 1246 1247 1241)
4(1251 1943 1687 1241)
4(1241 1247 1252 1251)
4(1239 1685 1687 1241)
4(1250 1942 1685 1239)
4(1239 1241 1251 1250)
4(1238 1684 1686 1240)
4(1239 1685 1684 1238)
4(1238 1240 1241 1239)
4(1235 1681 1683 1237)
4(1238 1684 1681 1235)
4(1235 1237 1240 1238)
4(1234 1680 1682 1236)
4(1235 1681 1680 1234)
4(1234 1236 1237 1235)
4(1120 1663 1665 1122)
4(1234 1680 1663 1120)
4(1120 1122 1236 1234)
4(1119 1662 1664 1121)
4(1120 1663 1662 1119)
4(1119 1121 1122 1120)
4(1116 1659 1661 1118)
4(1119 1662 1659 1116)
4(1116 1118 1121 1119)
4(1115 1658 1660 1117)
4(1116 1659 1658 1115)
4(1115 1117 1118 1116)
4(1108 1651 1653 1110)
4(1115 1658 1651 1108)
4(1108 1110 1117 1115)
4(1108 1651 1821 1107)
4(1107 1109 1110 1108)
4(839 1108 1651 1603)
4(838 839 1603 1800)
4(838 1107 1108 839)
4(850 1115 1658 1614)
4(839 850 1614 1603)
4(839 1108 1115 850)
4(851 1116 1659 1615)
4(850 851 1615 1614)
4(850 1115 1116 851)
4(854 1119 1662 1618)
4(851 854 1618 1615)
4(851 1116 1119 854)
4(855 1120 1663 1619)
4(854 855 1619 1618)
4(854 1119 1120 855)
4(981 1234 1680 1640)
4(981 1640 1619 855)
4(855 1120 1234 981)
4(982 1235 1681 1641)
4(982 1641 1640 981)
4(981 1234 1235 982)
4(985 1238 1684 1644)
4(985 1644 1641 982)
4(982 1235 1238 985)
4(986 1239 1685 1645)
4(986 1645 1644 985)
4(985 1238 1239 986)
4(990 1921 1645 986)
4(986 1239 1250 990)
4(984 1643 1645 986)
4(989 1920 1643 984)
4(984 986 990 989)
4(983 1642 1644 985)
4(984 1643 1642 983)
4(983 985 986 984)
4(980 1639 1641 982)
4(983 1642 1639 980)
4(980 982 985 983)
4(979 1638 1640 981)
4(980 1639 1638 979)
4(979 981 982 980)
4(855 853 1617 1619)
4(979 1638 1617 853)
4(853 855 981 979)
4(852 1616 1618 854)
4(853 1617 1616 852)
4(852 854 855 853)
4(849 1613 1615 851)
4(852 1616 1613 849)
4(849 851 854 852)
4(848 1612 1614 850)
4(849 1613 1612 848)
4(848 850 851 849)
4(837 1601 1603 839)
4(848 1612 1601 837)
4(837 839 850 848)
4(837 1601 1799 836)
4(836 838 839 837)
4(835 837 1601 1599)
4(835 1599 1798 834)
4(834 836 837 835)
4(842 848 1612 1606)
4(842 1606 1599 835)
4(835 837 848 842)
4(843 849 1613 1607)
4(843 1607 1606 842)
4(842 848 849 843)
4(846 852 1616 1610)
4(846 1610 1607 843)
4(843 849 852 846)
4(853 1617 1611 847)
4(847 1611 1610 846)
4(846 852 853 847)
4(973 979 1638 1632)
4(973 1632 1611 847)
4(847 853 979 973)
4(974 980 1639 1633)
4(974 1633 1632 973)
4(973 979 980 974)
4(977 983 1642 1636)
4(977 1636 1633 974)
4(974 980 983 977)
4(978 984 1643 1637)
4(978 1637 1636 977)
4(977 983 984 978)
4(988 1919 1637 978)
4(978 984 989 988)
4(976 1635 1637 978)
4(987 1918 1635 976)
4(976 978 988 987)
4(975 1634 1636 977)
4(976 1635 1634 975)
4(975 977 978 976)
4(972 1631 1633 974)
4(975 1634 1631 972)
4(972 974 977 975)
4(971 1630 1632 973)
4(972 1631 1630 971)
4(971 973 974 972)
4(847 845 1609 1611)
4(971 1630 1609 845)
4(845 847 973 971)
4(844 1608 1610 846)
4(845 1609 1608 844)
4(844 846 847 845)
4(841 1605 1607 843)
4(844 1608 1605 841)
4(841 843 846 844)
4(840 1604 1606 842)
4(841 1605 1604 840)
4(840 842 843 841)
4(833 1597 1599 835)
4(840 1604 1597 833)
4(833 835 842 840)
4(833 1597 1797 832)
4(832 834 835 833)
4(823 833 1597 1587)
4(823 1587 1796 822)
4(822 832 833 823)
4(826 840 1604 1590)
4(826 1590 1587 823)
4(823 833 840 826)
4(827 841 1605 1591)
4(827 1591 1590 826)
4(826 840 841 827)
4(830 844 1608 1594)
4(830 1594 1591 827)
4(827 841 844 830)
4(845 1609 1595 831)
4(831 1595 1594 830)
4(830 844 845 831)
4(963 971 1630 1622)
4(963 1622 1595 831)
4(831 845 971 963)
4(964 972 1631 1623)
4(964 1623 1622 963)
4(963 971 972 964)
4(967 975 1634 1626)
4(967 1626 1623 964)
4(964 972 975 967)
4(968 976 1635 1627)
4(968 1627 1626 967)
4(967 975 976 968)
4(970 1917 1627 968)
4(968 976 987 970)
4(966 2132 1627 968)
4(966 968 970 969)
4(965 2131 1626 967)
4(965 967 968 966)
4(962 2130 1623 964)
4(962 964 967 965)
4(961 2129 1622 963)
4(961 963 964 962)
4(831 829 2108 1595)
4(829 831 963 961)
4(828 2107 1594 830)
4(828 830 831 829)
4(825 2106 1591 827)
4(825 827 830 828)
4(824 2105 1590 826)
4(824 826 827 825)
4(821 2104 1587 823)
4(821 823 826 824)
4(820 822 823 821)
4(700 701 821 820)
4(700 820 822 702)
4(700 702 703 701)
4(702 822 823 703)
4(701 703 823 821)
4(820 700 1777 2265)
4(701 2086 1777 700)
4(701 821 1585 2086)
4(700 1777 2264 2085)
4(700 2085 2266 820)
4(696 1775 2263 2083)
4(700 1777 1775 696)
4(696 2083 2085 700)
4(692 1773 2262 2081)
4(696 1775 1773 692)
4(692 2081 2083 696)
4(688 1771 2261 2079)
4(692 1773 1771 688)
4(688 2079 2081 692)
4(84 1723 2207 1965)
4(688 1771 1723 84)
4(84 1965 2079 688)
4(80 1721 2206 1963)
4(84 1723 1721 80)
4(80 1963 1965 84)
4(76 1719 2205 1961)
4(80 1721 1719 76)
4(76 1961 1963 80)
4(72 1717 2204 1959)
4(76 1719 1717 72)
4(72 1959 1961 76)
4(4 1707 2195 1949)
4(72 1717 1707 4)
4(4 1949 1959 72)
4(4 1707 2189 0)
4(0 2190 1949 4)
4(5 4 1707 1950)
4(1 5 1950 1464)
4(73 72 1717 1960)
4(4 72 73 5)
4(5 73 1960 1950)
4(77 76 1719 1962)
4(72 76 77 73)
4(73 77 1962 1960)
4(81 80 1721 1964)
4(76 80 81 77)
4(77 81 1964 1962)
4(85 84 1723 1966)
4(80 84 85 81)
4(81 85 1966 1964)
4(689 688 1771 2080)
4(84 688 689 85)
4(85 689 2080 1966)
4(693 692 1773 2082)
4(688 692 693 689)
4(689 693 2082 2080)
4(697 696 1775 2084)
4(692 696 697 693)
4(693 697 2084 2082)
4(697 701 2086 2084)
4(696 700 701 697)
4(724 701 2086 2097)
4(720 724 2097 2095)
4(720 2095 2084 697)
4(697 701 724 720)
4(724 824 1588 2097)
4(701 821 824 724)
4(725 825 1589 2098)
4(725 2098 2097 724)
4(724 824 825 725)
4(732 828 1592 2101)
4(732 2101 2098 725)
4(725 825 828 732)
4(829 1593 2102 733)
4(733 2102 2101 732)
4(732 828 829 733)
4(876 961 1620 2119)
4(733 829 961 876)
4(733 876 2119 2102)
4(877 962 1621 2120)
4(876 961 962 877)
4(876 877 2120 2119)
4(884 965 1624 2123)
4(877 962 965 884)
4(877 884 2123 2120)
4(885 966 1625 2124)
4(884 965 966 885)
4(884 885 2124 2123)
4(894 969 2287 1898)
4(885 966 969 894)
4(885 894 1898 2124)
4(894 2128 2282 1898)
4(969 2288 2128 894)
4(892 2127 2281 1896)
4(894 2128 2127 892)
4(892 1896 1898 894)
4(890 2126 2280 1894)
4(892 2127 2126 890)
4(890 1894 1896 892)
4(888 2125 2279 1892)
4(890 2126 2125 888)
4(888 1892 1894 890)
4(299 2012 2225 1844)
4(888 2125 2012 299)
4(299 1844 1892 888)
4(297 2011 2224 1842)
4(299 2012 2011 297)
4(297 1842 1844 299)
4(295 2010 2223 1840)
4(297 2011 2010 295)
4(295 1840 1842 297)
4(293 2009 2222 1838)
4(295 2010 2009 293)
4(293 1838 1840 295)
4(219 1992 2217 1828)
4(293 2009 1992 219)
4(219 1828 1838 293)
4(219 1992 2213 217)
4(217 2212 1828 219)
4(220 219 1992 1829)
4(218 220 1829 1508)
4(217 219 220 218)
4(294 293 2009 1839)
4(219 293 294 220)
4(220 294 1839 1829)
4(296 295 2010 1841)
4(293 295 296 294)
4(294 296 1841 1839)
4(298 297 2011 1843)
4(295 297 298 296)
4(296 298 1843 1841)
4(300 299 2012 1845)
4(297 299 300 298)
4(298 300 1845 1843)
4(889 888 2125 1893)
4(299 888 889 300)
4(300 889 1893 1845)
4(891 890 2126 1895)
4(888 890 891 889)
4(889 891 1895 1893)
4(893 892 2127 1897)
4(890 892 893 891)
4(891 893 1897 1895)
4(894 2128 1899 895)
4(892 894 895 893)
4(895 1899 1897 893)
4(895 970 1629 1899)
4(894 969 970 895)
4(955 987 1646 1910)
4(895 970 987 955)
4(955 1910 1899 895)
4(956 988 1647 1911)
4(955 987 988 956)
4(956 1911 1910 955)
4(959 989 1648 1914)
4(956 988 989 959)
4(959 1914 1911 956)
4(960 990 1649 1915)
4(959 989 990 960)
4(960 1915 1914 959)
4(1208 1250 1696 1932)
4(960 990 1250 1208)
4(1208 1932 1915 960)
4(1209 1251 1697 1933)
4(1208 1250 1251 1209)
4(1209 1933 1932 1208)
4(1212 1252 1698 1936)
4(1209 1251 1252 1212)
4(1212 1936 1933 1209)
4(1213 1253 1699 1937)
4(1212 1252 1253 1213)
4(1213 1937 1936 1212)
4(1233 1258 2326 2183)
4(1213 1253 1258 1233)
4(1233 2183 1937 1213)
4(1233 1941 2316 2183)
4(1258 2325 1941 1233)
4(1232 1940 2315 2182)
4(1233 1941 1940 1232)
4(1232 2182 2183 1233)
4(1231 1939 2314 2181)
4(1232 1940 1939 1231)
4(1231 2181 2182 1232)
4(1230 1938 2313 2180)
4(1231 1939 1938 1230)
4(1230 2180 2181 1231)
4(687 1891 2260 2078)
4(1230 1938 1891 687)
4(687 2078 2180 1230)
4(686 1890 2259 2077)
4(687 1891 1890 686)
4(686 2077 2078 687)
4(685 1889 2258 2076)
4(686 1890 1889 685)
4(685 2076 2077 686)
4(684 1888 2257 2075)
4(685 1889 1888 684)
4(684 2075 2076 685)
4(590 1871 2256 2058)
4(684 1888 1871 590)
4(590 2058 2075 684)
4(590 1871 2252 589)
4(589 2253 2058 590)
4(588 590 1871 2056)
4(588 2056 1582 586)
4(586 589 590 588)
4(673 684 1888 2064)
4(673 2064 2056 588)
4(588 590 684 673)
4(675 685 1889 2066)
4(675 2066 2064 673)
4(673 684 685 675)
4(681 686 1890 2072)
4(681 2072 2066 675)
4(675 685 686 681)
4(683 687 1891 2074)
4(683 2074 2072 681)
4(681 686 687 683)
4(1219 1230 1938 2169)
4(1219 2169 2074 683)
4(683 687 1230 1219)
4(1221 1231 1939 2171)
4(1221 2171 2169 1219)
4(1219 1230 1231 1221)
4(1227 1232 1940 2177)
4(1227 2177 2171 1221)
4(1221 1231 1232 1227)
4(1229 1233 1941 2179)
4(1229 2179 2177 1227)
4(1227 1232 1233 1229)
4(1257 1703 2179 1229)
4(1229 1233 1258 1257)
4(1228 2178 2179 1229)
4(1256 1702 2178 1228)
4(1228 1229 1257 1256)
4(1226 2176 2177 1227)
4(1228 2178 2176 1226)
4(1226 1227 1229 1228)
4(1220 2170 2171 1221)
4(1226 2176 2170 1220)
4(1220 1221 1227 1226)
4(1218 2168 2169 1219)
4(1220 2170 2168 1218)
4(1218 1219 1221 1220)
4(682 2073 2074 683)
4(1218 2168 2073 682)
4(682 683 1219 1218)
4(680 2071 2072 681)
4(682 2073 2071 680)
4(680 681 683 682)
4(674 2065 2066 675)
4(680 2071 2065 674)
4(674 675 681 680)
4(672 2063 2064 673)
4(674 2065 2063 672)
4(672 673 675 674)
4(587 2055 2056 588)
4(672 2063 2055 587)
4(587 588 673 672)
4(587 2055 1581 585)
4(585 586 588 587)
4(584 587 2055 2052)
4(584 2052 1580 582)
4(582 585 587 584)
4(669 672 2063 2060)
4(669 2060 2052 584)
4(584 587 672 669)
4(671 674 2065 2062)
4(671 2062 2060 669)
4(669 672 674 671)
4(677 680 2071 2068)
4(677 2068 2062 671)
4(671 674 680 677)
4(679 682 2073 2070)
4(679 2070 2068 677)
4(677 680 682 679)
4(1215 1218 2168 2165)
4(1215 2165 2070 679)
4(679 682 1218 1215)
4(1217 1220 2170 2167)
4(1217 2167 2165 1215)
4(1215 1218 1220 1217)
4(1223 1226 2176 2173)
4(1223 2173 2167 1217)
4(1217 1220 1226 1223)
4(1225 1228 2178 2175)
4(1225 2175 2173 1223)
4(1223 1226 1228 1225)
4(1255 1701 2175 1225)
4(1225 1228 1256 1255)
4(1224 2174 2175 1225)
4(1254 1700 2174 1224)
4(1224 1225 1255 1254)
4(1222 2172 2173 1223)
4(1224 2174 2172 1222)
4(1222 1223 1225 1224)
4(1216 2166 2167 1217)
4(1222 2172 2166 1216)
4(1216 1217 1223 1222)
4(1214 2164 2165 1215)
4(1216 2166 2164 1214)
4(1214 1215 1217 1216)
4(678 2069 2070 679)
4(1214 2164 2069 678)
4(678 679 1215 1214)
4(676 2067 2068 677)
4(678 2069 2067 676)
4(676 677 679 678)
4(670 2061 2062 671)
4(676 2067 2061 670)
4(670 671 677 676)
4(668 2059 2060 669)
4(670 2061 2059 668)
4(668 669 671 670)
4(583 2051 2052 584)
4(668 2059 2051 583)
4(583 584 669 668)
4(583 2051 1579 581)
4(581 582 584 583)
4(426 583 2051 2024)
4(426 2024 1558 424)
4(424 581 583 426)
4(528 668 2059 2038)
4(528 2038 2024 426)
4(426 583 668 528)
4(530 670 2061 2040)
4(530 2040 2038 528)
4(528 668 670 530)
4(538 676 2067 2046)
4(538 2046 2040 530)
4(530 670 676 538)
4(540 678 2069 2048)
4(540 2048 2046 538)
4(538 676 678 540)
4(1094 1214 2164 2147)
4(1094 2147 2048 540)
4(540 678 1214 1094)
4(1096 1216 2166 2149)
4(1096 2149 2147 1094)
4(1094 1214 1216 1096)
4(1104 1222 2172 2155)
4(1104 2155 2149 1096)
4(1096 1216 1222 1104)
4(1106 1224 2174 2157)
4(1106 2157 2155 1104)
4(1104 1222 1224 1106)
4(1137 1679 2157 1106)
4(1106 1224 1254 1137)
4(1105 2156 2157 1106)
4(1136 1678 2156 1105)
4(1105 1106 1137 1136)
4(1103 2154 2155 1104)
4(1105 2156 2154 1103)
4(1103 1104 1106 1105)
4(1095 2148 2149 1096)
4(1103 2154 2148 1095)
4(1095 1096 1104 1103)
4(1093 2146 2147 1094)
4(1095 2148 2146 1093)
4(1093 1094 1096 1095)
4(540 539 2047 2048)
4(1093 2146 2047 539)
4(539 540 1094 1093)
4(537 2045 2046 538)
4(539 2047 2045 537)
4(537 538 540 539)
4(529 2039 2040 530)
4(537 2045 2039 529)
4(529 530 538 537)
4(527 2037 2038 528)
4(529 2039 2037 527)
4(527 528 530 529)
4(425 2023 2024 426)
4(527 2037 2023 425)
4(425 426 528 527)
4(425 2023 1557 423)
4(423 424 426 425)
4(422 425 2023 2020)
4(422 2020 1556 420)
4(420 423 425 422)
4(523 527 2037 2034)
4(523 2034 2020 422)
4(422 425 527 523)
4(526 529 2039 2036)
4(526 2036 2034 523)
4(523 527 529 526)
4(533 537 2045 2042)
4(533 2042 2036 526)
4(526 529 537 533)
4(539 2047 2044 536)
4(536 2044 2042 533)
4(533 537 539 536)
4(1089 1093 2146 2143)
4(1089 2143 2044 536)
4(536 539 1093 1089)
4(1092 1095 2148 2145)
4(1092 2145 2143 1089)
4(1089 1093 1095 1092)
4(1099 1103 2154 2151)
4(1099 2151 2145 1092)
4(1092 1095 1103 1099)
4(1102 1105 2156 2153)
4(1102 2153 2151 1099)
4(1099 1103 1105 1102)
4(1135 1677 2153 1102)
4(1102 1105 1136 1135)
4(1101 2152 2153 1102)
4(1134 1676 2152 1101)
4(1101 1102 1135 1134)
4(1098 2150 2151 1099)
4(1101 2152 2150 1098)
4(1098 1099 1102 1101)
4(1091 2144 2145 1092)
4(1098 2150 2144 1091)
4(1091 1092 1099 1098)
4(1088 2142 2143 1089)
4(1091 2144 2142 1088)
4(1088 1089 1092 1091)
4(536 535 2043 2044)
4(1088 2142 2043 535)
4(535 536 1089 1088)
4(532 2041 2042 533)
4(535 2043 2041 532)
4(532 533 536 535)
4(525 2035 2036 526)
4(532 2041 2035 525)
4(525 526 533 532)
4(522 2033 2034 523)
4(525 2035 2033 522)
4(522 523 526 525)
4(421 2019 2020 422)
4(522 2033 2019 421)
4(421 422 523 522)
4(421 2019 1555 419)
4(419 420 422 421)
4(418 421 2019 2016)
4(418 2016 1554 416)
4(416 419 421 418)
4(514 522 2033 2026)
4(514 2026 2016 418)
4(418 421 522 514)
4(516 525 2035 2028)
4(516 2028 2026 514)
4(514 522 525 516)
4(518 532 2041 2030)
4(518 2030 2028 516)
4(516 525 532 518)
4(535 2043 2032 520)
4(520 2032 2030 518)
4(518 532 535 520)
4(1080 1088 2142 2135)
4(1080 2135 2032 520)
4(520 535 1088 1080)
4(1082 1091 2144 2137)
4(1082 2137 2135 1080)
4(1080 1088 1091 1082)
4(1084 1098 2150 2139)
4(1084 2139 2137 1082)
4(1082 1091 1098 1084)
4(1086 1101 2152 2141)
4(1086 2141 2139 1084)
4(1084 1098 1101 1086)
4(1133 1675 2141 1086)
4(1086 1101 1134 1133)
4(1085 1820 2141 1086)
4(1085 1086 1133 1132)
4(1083 1819 2139 1084)
4(1083 1084 1086 1085)
4(1081 1818 2137 1082)
4(1081 1082 1084 1083)
4(1079 1817 2135 1080)
4(1079 1080 1082 1081)
4(520 519 1770 2032)
4(519 520 1080 1079)
4(517 1769 2030 518)
4(517 518 520 519)
4(515 1768 2028 516)
4(515 516 518 517)
4(513 1767 2026 514)
4(513 514 516 515)
4(417 1750 2016 418)
4(417 418 514 513)
4(415 416 418 417)
4(381 382 418 417)
4(377 378 382 381)
4(378 416 418 382)
4(381 437 513 417)
4(382 418 514 438)
4(437 438 514 513)
4(381 382 438 437)
4(437 513 2025 1756)
4(437 1756 1748 381)
4(441 515 2027 1758)
4(441 1758 1756 437)
4(437 513 515 441)
4(453 517 2029 1764)
4(453 1764 1758 441)
4(441 515 517 453)
4(519 2031 1766 457)
4(457 1766 1764 453)
4(453 517 519 457)
4(1001 1079 2134 1806)
4(1001 1806 1766 457)
4(457 519 1079 1001)
4(1005 1081 2136 1808)
4(1005 1808 1806 1001)
4(1001 1079 1081 1005)
4(1017 1083 2138 1814)
4(1017 1814 1808 1005)
4(1005 1081 1083 1017)
4(1021 1085 2140 1816)
4(1021 1816 1814 1017)
4(1017 1083 1085 1021)
4(1113 1656 1816 1021)
4(1021 1085 1132 1113)
4(1019 1815 1816 1021)
4(1111 1654 1815 1019)
4(1019 1021 1113 1111)
4(1015 1813 1814 1017)
4(1019 1815 1813 1015)
4(1015 1017 1021 1019)
4(1003 1807 1808 1005)
4(1015 1813 1807 1003)
4(1003 1005 1017 1015)
4(999 1805 1806 1001)
4(1003 1807 1805 999)
4(999 1001 1005 1003)
4(457 455 1765 1766)
4(999 1805 1765 455)
4(455 457 1001 999)
4(451 1763 1764 453)
4(455 1765 1763 451)
4(451 453 457 455)
4(439 1757 1758 441)
4(451 1763 1757 439)
4(439 441 453 451)
4(435 1755 1756 437)
4(439 1757 1755 435)
4(435 437 441 439)
4(435 1755 1747 379)
4(379 381 437 435)
4(429 435 1755 1752)
4(429 1752 1744 373)
4(373 379 435 429)
4(433 439 1757 1754)
4(433 1754 1752 429)
4(429 435 439 433)
4(445 451 1763 1760)
4(445 1760 1754 433)
4(433 439 451 445)
4(455 1765 1762 449)
4(449 1762 1760 445)
4(445 451 455 449)
4(993 999 1805 1802)
4(993 1802 1762 449)
4(449 455 999 993)
4(997 1003 1807 1804)
4(997 1804 1802 993)
4(993 999 1003 997)
4(1009 1015 1813 1810)
4(1009 1810 1804 997)
4(997 1003 1015 1009)
4(1013 1019 1815 1812)
4(1013 1812 1810 1009)
4(1009 1015 1019 1013)
4(1109 1652 1812 1013)
4(1013 1019 1111 1109)
4(1011 1811 1812 1013)
4(1107 1650 1811 1011)
4(1011 1013 1109 1107)
4(1007 1809 1810 1009)
4(1011 1811 1809 1007)
4(1007 1009 1013 1011)
4(995 1803 1804 997)
4(1007 1809 1803 995)
4(995 997 1009 1007)
4(991 1801 1802 993)
4(995 1803 1801 991)
4(991 993 997 995)
4(449 447 1761 1762)
4(991 1801 1761 447)
4(447 449 993 991)
4(443 1759 1760 445)
4(447 1761 1759 443)
4(443 445 449 447)
4(431 1753 1754 433)
4(443 1759 1753 431)
4(431 433 445 443)
4(427 1751 1752 429)
4(431 1753 1751 427)
4(427 429 433 431)
4(427 1751 1743 371)
4(371 373 429 427)
4(130 427 1751 1730)
4(130 1730 1716 38)
4(38 371 427 130)
4(134 431 1753 1732)
4(134 1732 1730 130)
4(130 427 431 134)
4(146 443 1759 1738)
4(146 1738 1732 134)
4(134 431 443 146)
4(447 1761 1740 150)
4(150 1740 1738 146)
4(146 443 447 150)
4(746 991 1801 1784)
4(150 746 1784 1740)
4(150 447 991 746)
4(750 995 1803 1786)
4(746 750 1786 1784)
4(746 991 995 750)
4(762 1007 1809 1792)
4(750 762 1792 1786)
4(750 995 1007 762)
4(766 1011 1811 1794)
4(762 766 1794 1792)
4(762 1007 1011 766)
4(766 838 1602 1794)
4(766 1011 1107 838)
4(764 1793 1794 766)
4(836 1600 1793 764)
4(764 766 838 836)
4(760 1791 1792 762)
4(764 1793 1791 760)
4(760 762 766 764)
4(748 1785 1786 750)
4(760 1791 1785 748)
4(748 750 762 760)
4(744 1783 1784 746)
4(748 1785 1783 744)
4(744 746 750 748)
4(148 1739 1740 150)
4(744 1783 1739 148)
4(148 150 746 744)
4(144 1737 1738 146)
4(148 1739 1737 144)
4(144 146 150 148)
4(132 1731 1732 134)
4(144 1737 1731 132)
4(132 134 146 144)
4(128 1729 1730 130)
4(132 1731 1729 128)
4(128 130 134 132)
4(128 1729 1715 36)
4(36 38 130 128)
4(122 128 1729 1726)
4(122 1726 1712 30)
4(30 36 128 122)
4(126 132 1731 1728)
4(126 1728 1726 122)
4(122 128 132 126)
4(138 144 1737 1734)
4(138 1734 1728 126)
4(126 132 144 138)
4(142 148 1739 1736)
4(142 1736 1734 138)
4(138 144 148 142)
4(738 744 1783 1780)
4(738 1780 1736 142)
4(142 148 744 738)
4(742 748 1785 1782)
4(742 1782 1780 738)
4(738 744 748 742)
4(754 760 1791 1788)
4(754 1788 1782 742)
4(742 748 760 754)
4(758 764 1793 1790)
4(758 1790 1788 754)
4(754 760 764 758)
4(834 1598 1790 758)
4(758 764 836 834)
4(756 1789 1790 758)
4(832 1596 1789 756)
4(756 758 834 832)
4(752 1787 1788 754)
4(756 1789 1787 752)
4(752 754 758 756)
4(740 1781 1782 742)
4(752 1787 1781 740)
4(740 742 754 752)
4(736 1779 1780 738)
4(740 1781 1779 736)
4(736 738 742 740)
4(140 1735 1736 142)
4(736 1779 1735 140)
4(140 142 738 736)
4(136 1733 1734 138)
4(140 1735 1733 136)
4(136 138 142 140)
4(124 1727 1728 126)
4(136 1733 1727 124)
4(124 126 138 136)
4(120 1725 1726 122)
4(124 1727 1725 120)
4(120 122 126 124)
4(120 1725 1711 28)
4(28 30 122 120)
4(74 120 1725 1718)
4(74 1718 1708 6)
4(6 28 120 74)
4(78 124 1727 1720)
4(78 1720 1718 74)
4(74 120 124 78)
4(82 136 1733 1722)
4(82 1722 1720 78)
4(78 124 136 82)
4(86 140 1735 1724)
4(86 1724 1722 82)
4(82 136 140 86)
4(690 736 1779 1772)
4(690 1772 1724 86)
4(86 140 736 690)
4(694 740 1781 1774)
4(694 1774 1772 690)
4(690 736 740 694)
4(698 752 1787 1776)
4(698 1776 1774 694)
4(694 740 752 698)
4(702 756 1789 1778)
4(702 1778 1776 698)
4(698 752 756 702)
4(822 1586 1778 702)
4(702 756 832 822)
4(700 2085 1778 702)
4(696 2083 1776 698)
4(696 698 702 700)
4(692 2081 1774 694)
4(692 694 698 696)
4(688 2079 1772 690)
4(688 690 694 692)
4(84 1965 1724 86)
4(84 86 690 688)
4(80 1963 1722 82)
4(80 82 86 84)
4(76 1961 1720 78)
4(76 78 82 80)
4(72 1959 1718 74)
4(72 74 78 76)
4(4 1949 1708 6)
4(4 6 74 72)
4(72 73 75 74)
4(6 74 75 7)
4(5 7 75 73)
4(76 77 79 78)
4(74 78 79 75)
4(73 75 79 77)
4(80 81 83 82)
4(78 82 83 79)
4(77 79 83 81)
4(84 85 87 86)
4(82 86 87 83)
4(81 83 87 85)
4(688 689 691 690)
4(86 690 691 87)
4(85 87 691 689)
4(692 693 695 694)
4(689 691 695 693)
4(690 694 695 691)
4(696 697 699 698)
4(693 695 699 697)
4(694 698 699 695)
4(698 702 703 699)
4(697 699 703 701)
4(702 703 757 756)
4(699 753 757 703)
4(698 752 753 699)
4(752 756 757 753)
4(756 832 833 757)
4(703 757 833 823)
4(758 834 835 759)
4(757 759 835 833)
4(756 758 759 757)
4(764 836 837 765)
4(759 765 837 835)
4(758 764 765 759)
4(766 838 839 767)
4(765 767 839 837)
4(764 766 767 765)
4(1011 1107 1108 1012)
4(767 1012 1108 839)
4(766 1011 1012 767)
4(1013 1109 1110 1014)
4(1012 1014 1110 1108)
4(1011 1013 1014 1012)
4(1019 1111 1112 1020)
4(1014 1020 1112 1110)
4(1013 1019 1020 1014)
4(1021 1113 1114 1022)
4(1020 1022 1114 1112)
4(1019 1021 1022 1020)
4(1022 1086 1133 1114)
4(1021 1085 1086 1022)
4(1100 1101 1134 1126)
4(1022 1100 1126 1114)
4(1022 1086 1101 1100)
4(1067 1102 1135 1127)
4(1100 1067 1127 1126)
4(1100 1101 1102 1067)
4(1077 1105 1136 1130)
4(1067 1077 1130 1127)
4(1067 1102 1105 1077)
4(1078 1106 1137 1131)
4(1077 1078 1131 1130)
4(1077 1105 1106 1078)
4(1188 1224 1254 1244)
4(1078 1188 1244 1131)
4(1078 1106 1224 1188)
4(1189 1225 1255 1245)
4(1188 1189 1245 1244)
4(1188 1224 1225 1189)
4(1196 1228 1256 1248)
4(1189 1196 1248 1245)
4(1189 1225 1228 1196)
4(1197 1229 1257 1249)
4(1196 1197 1249 1248)
4(1196 1228 1229 1197)
4(1197 1213 1253 1249)
4(1197 1229 1233 1213)
4(1195 1212 1252 1247)
4(1195 1247 1249 1197)
4(1195 1197 1213 1212)
4(1181 1209 1251 1241)
4(1181 1241 1247 1195)
4(1181 1195 1212 1209)
4(1179 1208 1250 1239)
4(1179 1239 1241 1181)
4(1179 1181 1209 1208)
4(944 986 1239 1179)
4(944 960 990 986)
4(944 1179 1208 960)
4(1178 1238 1239 1179)
4(943 985 1238 1178)
4(943 944 986 985)
4(943 1178 1179 944)
4(1180 1240 1241 1181)
4(1178 1238 1240 1180)
4(1178 1180 1181 1179)
4(1194 1246 1247 1195)
4(1180 1240 1246 1194)
4(1180 1194 1195 1181)
4(1194 1246 1248 1196)
4(1194 1196 1197 1195)
4(1187 1194 1246 1243)
4(1187 1243 1245 1189)
4(1187 1189 1196 1194)
4(1173 1237 1243 1187)
4(1173 1180 1240 1237)
4(1173 1187 1194 1180)
4(1186 1242 1243 1187)
4(1172 1236 1242 1186)
4(1172 1173 1237 1236)
4(1172 1186 1187 1173)
4(1186 1242 1244 1188)
4(1186 1188 1189 1187)
4(1076 1186 1242 1129)
4(1076 1129 1131 1078)
4(1076 1078 1188 1186)
4(1066 1172 1236 1122)
4(1066 1122 1129 1076)
4(1066 1076 1186 1172)
4(1170 1172 1236 1234)
4(1064 1170 1234 1120)
4(1064 1120 1122 1066)
4(1064 1066 1172 1170)
4(1171 1173 1237 1235)
4(1170 1171 1235 1234)
4(1170 1172 1173 1171)
4(1171 1178 1238 1235)
4(1171 1173 1180 1178)
4(936 982 1235 1171)
4(936 943 985 982)
4(936 1171 1178 943)
4(935 981 1234 1170)
4(935 936 982 981)
4(935 1170 1171 936)
4(819 1064 1170 935)
4(819 855 1120 1064)
4(819 935 981 855)
4(815 1060 1166 931)
4(931 1166 1170 935)
4(1060 1064 1170 1166)
4(815 819 1064 1060)
4(815 931 935 819)
4(931 815 1395 1429)
4(1060 1446 1395 815)
4(1060 1166 1457 1446)
4(1166 931 1429 1457)
4(813 1393 1427 929)
4(815 1395 1393 813)
4(931 929 1427 1429)
4(813 929 931 815)
4(799 1387 1423 915)
4(813 1393 1387 799)
4(929 915 1423 1427)
4(799 915 929 813)
4(797 1385 1421 913)
4(799 1387 1385 797)
4(915 913 1421 1423)
4(797 913 915 799)
4(731 1370 1402 874)
4(797 1385 1370 731)
4(913 874 1402 1421)
4(731 874 913 797)
4(719 1368 1400 862)
4(731 1370 1368 719)
4(874 862 1400 1402)
4(719 862 874 731)
4(715 1366 1398 858)
4(719 1368 1366 715)
4(862 858 1398 1400)
4(715 858 862 719)
4(119 1267 1295 283)
4(715 1366 1267 119)
4(858 283 1295 1398)
4(119 283 858 715)
4(115 1265 1294 279)
4(119 1267 1265 115)
4(283 279 1294 1295)
4(115 279 283 119)
4(267 103 1261 1293)
4(115 1265 1261 103)
4(279 267 1293 1294)
4(103 267 279 115)
4(103 1261 1271 165)
4(267 305 1301 1293)
4(305 165 1271 1301)
4(103 165 305 267)
4(102 1260 1270 164)
4(103 1261 1260 102)
4(165 164 1270 1271)
4(102 164 165 103)
4(157 95 1259 1268)
4(102 1260 1259 95)
4(164 157 1268 1270)
4(95 157 164 102)
4(95 1259 1262 107)
4(185 107 1262 1280)
4(157 185 1280 1268)
4(95 107 185 157)
4(114 102 1260 1264)
4(107 114 1264 1262)
4(95 102 114 107)
4(114 115 1265 1264)
4(102 103 115 114)
4(118 119 1267 1266)
4(118 1266 1264 114)
4(114 115 119 118)
4(714 715 1366 1365)
4(118 119 715 714)
4(118 714 1365 1266)
4(718 719 1368 1367)
4(714 715 719 718)
4(714 718 1367 1365)
4(730 731 1370 1369)
4(718 719 731 730)
4(718 730 1369 1367)
4(796 797 1385 1384)
4(730 731 797 796)
4(796 1384 1369 730)
4(798 799 1387 1386)
4(796 797 799 798)
4(798 1386 1384 796)
4(812 813 1393 1392)
4(812 1392 1386 798)
4(798 799 813 812)
4(815 1395 1394 814)
4(814 1394 1392 812)
4(812 813 815 814)
4(1060 1446 1445 1059)
4(814 815 1060 1059)
4(1059 1445 1394 814)
4(1035 1440 1445 1059)
4(1036 1441 1440 1035)
4(1060 1446 1441 1036)
4(1035 1059 1060 1036)
4(1028 1435 1443 1052)
4(1035 1440 1435 1028)
4(1028 1052 1059 1035)
4(1059 1052 1443 1445)
4(807 787 1382 1389)
4(1028 1435 1382 787)
4(1052 807 1389 1443)
4(787 807 1052 1028)
4(785 1381 1388 805)
4(787 1382 1381 785)
4(807 805 1388 1389)
4(785 805 807 787)
4(775 1373 1383 791)
4(785 1381 1373 775)
4(805 791 1383 1388)
4(775 791 805 785)
4(775 1373 1377 779)
4(791 798 1386 1383)
4(779 1377 1386 798)
4(775 779 798 791)
4(777 771 1372 1375)
4(771 775 1373 1372)
4(777 1375 1377 779)
4(771 777 779 775)
4(769 1371 1374 776)
4(771 1372 1371 769)
4(776 1374 1375 777)
4(769 776 777 771)
4(192 189 1282 1284)
4(769 1371 1282 189)
4(192 1284 1374 776)
4(189 192 776 769)
4(111 1263 1266 118)
4(189 1282 1263 111)
4(118 1266 1284 192)
4(111 118 192 189)
4(107 111 1263 1262)
4(107 114 118 111)
4(185 189 1282 1280)
4(107 111 189 185)
4(191 189 1282 1283)
4(187 1281 1280 185)
4(187 191 1283 1281)
4(185 189 191 187)
4(191 771 1372 1283)
4(189 769 771 191)
4(781 771 1372 1378)
4(198 1290 1283 191)
4(198 781 1378 1290)
4(191 771 781 198)
4(781 785 1381 1378)
4(771 775 785 781)
4(787 1382 1380 783)
4(783 1380 1378 781)
4(781 785 787 783)
4(1024 1028 1435 1434)
4(783 1024 1434 1380)
4(783 787 1028 1024)
4(1031 1035 1440 1436)
4(1031 1436 1434 1024)
4(1024 1028 1035 1031)
4(1036 1441 1438 1033)
4(1031 1033 1438 1436)
4(1031 1035 1036 1033)
4(1038 1036 1441 1442)
4(1033 1034 1439 1438)
4(1034 1038 1442 1439)
4(1033 1036 1038 1034)
4(1062 1060 1446 1447)
4(1038 1062 1447 1442)
4(1036 1060 1062 1038)
4(1168 1166 1457 1459)
4(1062 1168 1459 1447)
4(1060 1166 1168 1062)
4(1166 1457 1458 1167)
4(1168 1169 1460 1459)
4(1169 1167 1458 1460)
4(1166 1167 1169 1168)
4(932 931 1429 1430)
4(1167 932 1430 1458)
4(931 932 1167 1166)
4(929 1427 1428 930)
4(932 930 1428 1430)
4(929 930 932 931)
4(915 1423 1424 916)
4(930 916 1424 1428)
4(915 916 930 929)
4(913 1421 1422 914)
4(916 914 1422 1424)
4(913 914 916 915)
4(874 1402 1403 875)
4(914 875 1403 1422)
4(874 875 914 913)
4(862 1400 1401 863)
4(875 863 1401 1403)
4(862 863 875 874)
4(858 1398 1399 859)
4(863 859 1399 1401)
4(858 859 863 862)
4(283 1295 1296 284)
4(859 284 1296 1399)
4(283 284 859 858)
4(283 1295 1321 334)
4(284 335 1322 1296)
4(283 334 335 284)
4(334 1321 1322 335)
4(279 1294 1319 332)
4(279 332 334 283)
4(334 332 1319 1321)
4(332 305 1301 1319)
4(267 305 332 279)
4(305 1301 1302 306)
4(333 306 1302 1320)
4(332 333 1320 1319)
4(305 306 333 332)
4(301 1297 1298 302)
4(301 305 1301 1297)
4(306 302 1298 1302)
4(301 302 306 305)
4(303 301 1297 1299)
4(302 304 1300 1298)
4(304 303 1299 1300)
4(301 303 304 302)
4(307 305 1301 1303)
4(303 307 1303 1299)
4(301 305 307 303)
4(165 1271 1273 167)
4(307 167 1273 1303)
4(165 167 307 305)
4(164 1270 1272 166)
4(167 166 1272 1273)
4(164 166 167 165)
4(159 157 1268 1269)
4(166 159 1269 1272)
4(157 159 166 164)
4(159 187 1281 1269)
4(157 185 187 159)
4(194 187 1281 1286)
4(173 1274 1269 159)
4(173 194 1286 1274)
4(159 187 194 173)
4(194 198 1290 1286)
4(187 191 198 194)
4(193 1285 1286 194)
4(193 197 1289 1285)
4(197 198 1290 1289)
4(193 194 198 197)
4(195 193 1285 1287)
4(196 1288 1286 194)
4(196 195 1287 1288)
4(193 195 196 194)
4(199 197 1289 1291)
4(195 199 1291 1287)
4(193 197 199 195)
4(198 1290 1292 200)
4(200 1292 1291 199)
4(197 198 200 199)
4(200 783 1380 1292)
4(198 781 783 200)
4(783 1380 1379 782)
4(782 1379 1291 199)
4(199 200 783 782)
4(1024 1434 1433 1023)
4(1023 1433 1379 782)
4(782 783 1024 1023)
4(491 1343 1433 1023)
4(491 492 1344 1343)
4(492 1024 1434 1344)
4(491 1023 1024 492)
4(199 491 1343 1291)
4(199 782 1023 491)
4(487 491 1343 1341)
4(487 1341 1287 195)
4(195 199 491 487)
4(488 492 1344 1342)
4(488 1342 1341 487)
4(487 491 492 488)
4(492 1344 1348 498)
4(495 1345 1342 488)
4(498 1348 1345 495)
4(488 492 498 495)
4(1031 1436 1348 498)
4(492 1024 1031 498)
4(1032 1031 1436 1437)
4(499 1032 1437 1349)
4(498 499 1349 1348)
4(498 1031 1032 499)
4(1032 1034 1439 1437)
4(1031 1033 1034 1032)
4(500 1034 1439 1350)
4(499 500 1350 1349)
4(499 1032 1034 500)
4(1138 1034 1439 1449)
4(500 626 1359 1350)
4(626 1138 1449 1359)
4(500 1034 1138 626)
4(1140 1038 1442 1451)
4(1138 1140 1451 1449)
4(1034 1038 1140 1138)
4(1140 1168 1459 1451)
4(1038 1062 1168 1140)
4(1141 1169 1460 1452)
4(1141 1452 1451 1140)
4(1140 1168 1169 1141)
4(1169 1460 1462 1176)
4(1148 1456 1452 1141)
4(1141 1169 1176 1148)
4(1176 1462 1456 1148)
4(1167 1458 1461 1174)
4(1174 1461 1462 1176)
4(1167 1174 1176 1169)
4(939 932 1430 1432)
4(939 1432 1461 1174)
4(932 939 1174 1167)
4(930 1428 1431 937)
4(930 937 939 932)
4(937 1431 1432 939)
4(916 1424 1426 923)
4(916 923 937 930)
4(923 1426 1431 937)
4(914 1422 1425 921)
4(914 921 923 916)
4(921 1425 1426 923)
4(897 1405 1409 901)
4(897 901 921 914)
4(914 1422 1405 897)
4(921 901 1409 1425)
4(896 1404 1406 898)
4(901 898 1406 1409)
4(897 1405 1404 896)
4(896 898 901 897)
4(335 1322 1327 340)
4(898 340 1327 1406)
4(896 1404 1322 335)
4(335 340 898 896)
4(333 1320 1323 336)
4(340 336 1323 1327)
4(333 336 340 335)
4(335 1322 1320 333)
4(306 1302 1306 312)
4(336 312 1306 1323)
4(306 312 336 333)
4(302 1298 1304 308)
4(312 308 1304 1306)
4(302 308 312 306)
4(310 304 1300 1305)
4(308 310 1305 1304)
4(302 304 310 308)
4(304 1300 1309 317)
4(310 324 1315 1305)
4(324 317 1309 1315)
4(304 317 324 310)
4(316 303 1299 1308)
4(317 316 1308 1309)
4(303 316 317 304)
4(320 307 1303 1311)
4(316 320 1311 1308)
4(303 307 320 316)
4(167 1273 1277 181)
4(320 181 1277 1311)
4(167 181 320 307)
4(166 1272 1276 180)
4(181 180 1276 1277)
4(166 180 181 167)
4(180 173 1274 1276)
4(159 173 180 166)
4(175 173 1274 1275)
4(180 182 1278 1276)
4(182 175 1275 1278)
4(173 175 182 180)
4(175 196 1288 1275)
4(173 194 196 175)
4(488 196 1288 1342)
4(175 196 488 464)
4(464 1336 1275 175)
4(464 488 1342 1336)
4(195 487 488 196)
4(463 487 488 464)
4(174 195 487 463)
4(174 463 464 175)
4(174 175 196 195)
4(487 488 490 489)
4(465 489 490 466)
4(463 487 489 465)
4(463 465 466 464)
4(464 466 490 488)
4(491 492 494 493)
4(489 493 494 490)
4(487 491 493 489)
4(488 490 494 492)
4(1023 1024 1026 1025)
4(493 1025 1026 494)
4(491 1023 1025 493)
4(492 494 1026 1024)
4(1027 1028 1030 1029)
4(1023 1027 1029 1025)
4(1025 1029 1030 1026)
4(1023 1024 1028 1027)
4(1024 1026 1030 1028)
4(1051 1052 1054 1053)
4(1029 1053 1054 1030)
4(1028 1030 1054 1052)
4(1027 1028 1052 1051)
4(1027 1051 1053 1029)
4(1055 1056 1058 1057)
4(1053 1057 1058 1054)
4(1052 1054 1058 1056)
4(1051 1055 1057 1053)
4(1051 1052 1056 1055)
4(1057 1117 1118 1058)
4(1056 1058 1118 1116)
4(1055 1056 1116 1115)
4(1055 1115 1117 1057)
4(1057 1123 1074 1058)
4(1123 1124 1125 1074)
4(1058 1074 1125 1118)
4(1057 1117 1124 1123)
4(1123 1074 1067 1100)
4(1046 1039 1071 1068)
4(1068 1071 1067 1074)
4(1054 1068 1074 1058)
4(1030 1046 1068 1054)
4(1014 1057 1123 1020)
4(1020 1123 1100 1022)
4(1010 1053 1057 1014)
4(998 1029 1053 1010)
8(998 1004 1006 1090 1039 1046 1030 1029)
4(1090 1097 1071 1039)
4(1097 1100 1067 1071)
4(1018 1022 1100 1097)
4(1006 1018 1097 1090)
4(1010 1014 1020 1016)
4(1016 1020 1022 1018)
4(1004 1016 1018 1006)
4(998 1010 1016 1004)
4(1074 1067 1127 1125)
4(1123 1124 1126 1100)
4(1075 1077 1130 1128)
4(1074 1075 1128 1125)
4(1074 1067 1077 1075)
4(1075 1076 1129 1128)
4(1075 1077 1078 1076)
4(1065 1121 1128 1075)
4(1065 1066 1122 1121)
4(1065 1075 1076 1066)
4(1058 1065 1121 1118)
4(1058 1074 1075 1065)
4(1063 1065 1121 1119)
4(1056 1063 1119 1116)
4(1056 1058 1065 1063)
4(1063 1064 1120 1119)
4(1063 1065 1066 1064)
4(818 854 1119 1063)
4(818 819 855 854)
4(818 1063 1064 819)
4(811 1056 1063 818)
4(811 818 854 851)
4(811 851 1116 1056)
4(818 811 1391 1397)
4(1063 1448 1444 1056)
4(1056 1444 1391 811)
4(818 1397 1448 1063)
4(809 1390 1396 816)
4(809 816 818 811)
4(811 1391 1390 809)
4(816 1396 1397 818)
4(812 805 1388 1392)
4(805 812 816 809)
4(809 1390 1388 805)
4(816 812 1392 1396)
4(791 798 812 805)
4(795 802 816 809)
4(798 812 816 802)
4(791 798 802 795)
4(791 795 809 805)
4(809 849 852 816)
4(802 816 852 846)
4(795 802 846 843)
4(795 843 849 809)
4(816 818 854 852)
4(809 849 851 811)
4(817 819 855 853)
4(816 818 819 817)
4(816 817 853 852)
4(933 935 981 979)
4(817 933 979 853)
4(817 819 935 933)
4(934 936 982 980)
4(933 934 980 979)
4(933 935 936 934)
4(941 943 985 983)
4(934 941 983 980)
4(934 936 943 941)
4(942 944 986 984)
4(941 942 984 983)
4(941 943 944 942)
4(942 959 989 984)
4(942 944 960 959)
4(928 956 988 978)
4(928 978 984 942)
4(928 942 959 956)
4(926 955 987 976)
4(926 976 978 928)
4(926 928 956 955)
4(887 968 976 926)
4(887 895 970 968)
4(887 926 955 895)
4(925 975 976 926)
4(886 967 975 925)
4(886 887 968 967)
4(886 925 926 887)
4(927 977 978 928)
4(925 975 977 927)
4(925 927 928 926)
4(927 977 983 941)
4(927 941 942 928)
4(920 974 980 934)
4(920 927 977 974)
4(920 934 941 927)
4(919 973 979 933)
4(919 920 974 973)
4(919 933 934 920)
4(803 919 973 847)
4(803 817 933 919)
4(803 847 853 817)
4(917 919 973 971)
4(801 917 971 845)
4(801 803 919 917)
4(801 845 847 803)
4(918 920 974 972)
4(917 918 972 971)
4(917 919 920 918)
4(918 925 975 972)
4(918 920 927 925)
4(879 964 972 918)
4(879 886 967 964)
4(879 918 925 886)
4(878 963 971 917)
4(878 879 964 963)
4(878 917 918 879)
4(735 878 963 831)
4(735 801 917 878)
4(735 831 845 801)
4(876 878 963 961)
4(733 735 878 876)
4(733 829 831 735)
4(877 879 964 962)
4(876 878 879 877)
4(884 886 967 965)
4(877 879 886 884)
4(885 887 968 966)
4(884 886 887 885)
4(885 887 895 894)
4(881 892 894 885)
4(881 883 893 892)
4(881 885 887 883)
4(883 887 895 893)
4(881 2122 2124 885)
4(892 1896 2122 881)
4(880 2121 2123 884)
4(881 2122 2121 880)
4(880 884 885 881)
4(873 2118 2120 877)
4(880 2121 2118 873)
4(873 877 884 880)
4(872 2117 2119 876)
4(873 2118 2117 872)
4(872 876 877 873)
4(729 2100 2102 733)
4(872 2117 2100 729)
4(729 733 876 872)
4(728 2099 2101 732)
4(729 2100 2099 728)
4(728 732 733 729)
4(721 2096 2098 725)
4(728 2099 2096 721)
4(721 725 732 728)
4(721 2096 2095 720)
4(720 724 725 721)
4(708 2089 2095 720)
4(709 2090 2089 708)
4(709 721 2096 2090)
4(708 720 721 709)
4(708 2089 2082 693)
4(693 697 720 708)
4(704 708 2089 2087)
4(704 2087 2080 689)
4(689 693 708 704)
4(705 709 2090 2088)
4(705 2088 2087 704)
4(704 708 709 705)
4(716 709 2090 2093)
4(712 716 2093 2091)
4(712 2091 2088 705)
4(705 709 716 712)
4(716 728 2099 2093)
4(709 721 728 716)
4(717 729 2100 2094)
4(717 2094 2093 716)
4(716 728 729 717)
4(860 872 2117 2111)
4(860 2111 2094 717)
4(717 729 872 860)
4(861 873 2118 2112)
4(861 2112 2111 860)
4(860 872 873 861)
4(868 880 2121 2115)
4(868 2115 2112 861)
4(861 873 880 868)
4(869 881 2122 2116)
4(869 2116 2115 868)
4(868 880 881 869)
4(890 1894 2116 869)
4(869 881 892 890)
4(865 2114 2116 869)
4(888 1892 2114 865)
4(865 869 890 888)
4(864 2113 2115 868)
4(865 2114 2113 864)
4(864 868 869 865)
4(857 2110 2112 861)
4(864 2113 2110 857)
4(857 861 868 864)
4(856 2109 2111 860)
4(857 2110 2109 856)
4(856 860 861 857)
4(713 2092 2094 717)
4(856 2109 2092 713)
4(713 717 860 856)
4(713 2092 2091 712)
4(712 716 717 713)
4(116 1981 2091 712)
4(117 1982 1981 116)
4(117 713 2092 1982)
4(116 712 713 117)
4(109 1978 2088 705)
4(116 1981 1978 109)
4(109 705 712 116)
4(108 1977 2087 704)
4(109 1978 1977 108)
4(108 704 705 109)
4(108 1977 1966 85)
4(85 689 704 108)
4(104 108 1977 1975)
4(104 1975 1964 81)
4(81 85 108 104)
4(105 109 1978 1976)
4(105 1976 1975 104)
4(104 108 109 105)
4(112 116 1981 1979)
4(112 1979 1976 105)
4(105 109 116 112)
4(113 117 1982 1980)
4(113 1980 1979 112)
4(112 116 117 113)
4(281 117 1982 2003)
4(277 281 2003 2001)
4(277 2001 1980 113)
4(113 117 281 277)
4(281 856 2109 2003)
4(117 713 856 281)
4(282 857 2110 2004)
4(282 2004 2003 281)
4(281 856 857 282)
4(289 864 2113 2007)
4(289 2007 2004 282)
4(282 857 864 289)
4(290 865 2114 2008)
4(290 2008 2007 289)
4(289 864 865 290)
4(299 1844 2008 290)
4(290 865 888 299)
4(286 2006 2008 290)
4(297 1842 2006 286)
4(286 290 299 297)
4(285 2005 2007 289)
4(286 2006 2005 285)
4(285 289 290 286)
4(278 2002 2004 282)
4(285 2005 2002 278)
4(278 282 289 285)
4(278 2002 2001 277)
4(277 281 282 278)
4(265 1995 2001 277)
4(266 1996 1995 265)
4(266 278 2002 1996)
4(265 277 278 266)
4(101 1974 1980 113)
4(265 1995 1974 101)
4(101 113 277 265)
4(100 1973 1979 112)
4(101 1974 1973 100)
4(100 112 113 101)
4(93 1970 1976 105)
4(100 1973 1970 93)
4(93 105 112 100)
4(92 1969 1975 104)
4(93 1970 1969 92)
4(92 104 105 93)
4(92 1969 1962 77)
4(77 81 104 92)
4(88 92 1969 1967)
4(88 1967 1960 73)
4(73 77 92 88)
4(89 93 1970 1968)
4(89 1968 1967 88)
4(88 92 93 89)
4(96 100 1973 1971)
4(96 1971 1968 89)
4(89 93 100 96)
4(97 101 1974 1972)
4(97 1972 1971 96)
4(96 100 101 97)
4(261 265 1995 1993)
4(261 1993 1972 97)
4(97 101 265 261)
4(262 266 1996 1994)
4(262 1994 1993 261)
4(261 265 266 262)
4(273 266 1996 1999)
4(269 273 1999 1997)
4(269 1997 1994 262)
4(262 266 273 269)
4(273 285 2005 1999)
4(266 278 285 273)
4(274 286 2006 2000)
4(274 2000 1999 273)
4(273 285 286 274)
4(295 1840 2000 274)
4(274 286 297 295)
4(270 1998 2000 274)
4(293 1838 1998 270)
4(270 274 295 293)
4(270 1998 1997 269)
4(269 273 274 270)
4(213 1989 1997 269)
4(214 1990 1989 213)
4(214 270 1998 1990)
4(213 269 270 214)
4(206 1986 1994 262)
4(213 1989 1986 206)
4(206 262 269 213)
4(205 1985 1993 261)
4(206 1986 1985 205)
4(205 261 262 206)
4(21 1958 1972 97)
4(205 1985 1958 21)
4(21 97 261 205)
4(20 1957 1971 96)
4(21 1958 1957 20)
4(20 96 97 21)
4(13 1954 1968 89)
4(20 1957 1954 13)
4(13 89 96 20)
4(12 1953 1967 88)
4(13 1954 1953 12)
4(12 88 89 13)
4(12 1953 1950 5)
4(5 73 88 12)
4(8 12 1953 1467)
4(1 5 12 8)
4(10 13 1954 1469)
4(8 12 13 10)
4(16 20 1957 1471)
4(10 13 20 16)
4(18 21 1958 1473)
4(16 20 21 18)
4(201 205 1985 1499)
4(18 21 205 201)
4(203 206 1986 1501)
4(201 205 206 203)
4(209 213 1989 1503)
4(203 206 213 209)
4(211 214 1990 1505)
4(209 213 214 211)
4(219 214 1990 1828)
4(211 214 219 217)
4(214 270 293 219)
4(270 293 294 272)
4(216 272 294 220)
4(214 270 272 216)
4(214 216 220 219)
4(274 295 296 276)
4(272 276 296 294)
4(270 274 276 272)
4(286 297 298 288)
4(276 288 298 296)
4(274 286 288 276)
4(290 299 300 292)
4(288 292 300 298)
4(286 290 292 288)
4(865 888 889 867)
4(292 867 889 300)
4(290 865 867 292)
4(869 890 891 871)
4(867 871 891 889)
4(865 869 871 867)
4(871 883 893 891)
4(869 881 883 871)
4(891 947 953 893)
4(871 902 947 891)
4(871 883 922 902)
4(902 922 953 947)
4(883 893 953 922)
4(893 1897 1908 953)
4(947 953 1908 1902)
4(947 1902 1895 891)
4(953 955 1910 1908)
4(893 895 955 953)
4(954 956 1911 1909)
4(953 954 1909 1908)
4(953 955 956 954)
4(957 959 1914 1912)
4(957 1912 1909 954)
4(954 956 959 957)
4(958 960 1915 1913)
4(958 1913 1912 957)
4(957 959 960 958)
4(1206 1208 1932 1930)
4(1206 1930 1913 958)
4(958 960 1208 1206)
4(1207 1209 1933 1931)
4(1207 1931 1930 1206)
4(1206 1208 1209 1207)
4(1210 1212 1936 1934)
4(1210 1934 1931 1207)
4(1207 1209 1212 1210)
4(1211 1213 1937 1935)
4(1211 1935 1934 1210)
4(1210 1212 1213 1211)
4(1232 2182 1935 1211)
4(1211 1213 1233 1232)
4(1205 1929 1935 1211)
4(1231 2181 1929 1205)
4(1205 1211 1232 1231)
4(1204 1928 1934 1210)
4(1205 1929 1928 1204)
4(1204 1210 1211 1205)
4(1201 1925 1931 1207)
4(1204 1928 1925 1201)
4(1201 1207 1210 1204)
4(1200 1924 1930 1206)
4(1201 1925 1924 1200)
4(1200 1206 1207 1201)
4(952 1907 1913 958)
4(1200 1924 1907 952)
4(952 958 1206 1200)
4(951 1906 1912 957)
4(951 952 1907 1906)
4(951 957 958 952)
4(954 948 1903 1909)
4(948 951 1906 1903)
4(948 954 957 951)
4(948 1903 1902 947)
4(947 953 954 948)
4(945 1900 1902 947)
4(946 1901 1900 945)
4(946 948 1903 1901)
4(945 947 948 946)
4(945 1900 1893 889)
4(889 891 947 945)
4(361 945 1900 1856)
4(361 1856 1845 300)
4(300 889 945 361)
4(362 946 1901 1857)
4(362 1857 1856 361)
4(361 945 946 362)
4(949 946 1901 1904)
4(365 949 1904 1860)
4(365 1860 1857 362)
4(362 946 949 365)
4(949 951 1906 1904)
4(946 948 951 949)
4(952 1907 1905 950)
4(950 1905 1904 949)
4(949 951 952 950)
4(1198 1200 1924 1922)
4(1198 1922 1905 950)
4(950 952 1200 1198)
4(1199 1201 1925 1923)
4(1199 1923 1922 1198)
4(1198 1200 1201 1199)
4(1202 1204 1928 1926)
4(1202 1926 1923 1199)
4(1199 1201 1204 1202)
4(1203 1205 1929 1927)
4(1203 1927 1926 1202)
4(1202 1204 1205 1203)
4(1230 2180 1927 1203)
4(1203 1205 1231 1230)
4(667 1887 1927 1203)
4(687 2078 1887 667)
4(667 1203 1230 687)
4(666 1886 1926 1202)
4(667 1887 1886 666)
4(666 1202 1203 667)
4(663 1883 1923 1199)
4(666 1886 1883 663)
4(663 1199 1202 666)
4(662 1882 1922 1198)
4(663 1883 1882 662)
4(662 1198 1199 663)
4(950 366 1861 1905)
4(662 1882 1861 366)
4(366 950 1198 662)
4(366 1861 1860 365)
4(365 949 950 366)
4(363 1858 1860 365)
4(364 1859 1858 363)
4(364 366 1861 1859)
4(363 365 366 364)
4(360 1855 1857 362)
4(363 1858 1855 360)
4(360 362 365 363)
4(359 1854 1856 361)
4(360 1855 1854 359)
4(359 361 362 360)
4(359 1854 1843 298)
4(298 300 361 359)
4(353 359 1854 1848)
4(353 1848 1841 296)
4(296 298 359 353)
4(354 360 1855 1849)
4(354 1849 1848 353)
4(353 359 360 354)
4(357 363 1858 1852)
4(357 1852 1849 354)
4(354 360 363 357)
4(358 364 1859 1853)
4(358 1853 1852 357)
4(357 363 364 358)
4(660 364 1859 1880)
4(654 660 1880 1874)
4(654 1874 1853 358)
4(358 364 660 654)
4(660 662 1882 1880)
4(364 366 662 660)
4(661 663 1883 1881)
4(661 1881 1880 660)
4(660 662 663 661)
4(664 666 1886 1884)
4(664 1884 1881 661)
4(661 663 666 664)
4(665 667 1887 1885)
4(665 1885 1884 664)
4(664 666 667 665)
4(686 2077 1885 665)
4(665 667 687 686)
4(659 1879 1885 665)
4(685 2076 1879 659)
4(659 665 686 685)
4(658 1878 1884 664)
4(659 1879 1878 658)
4(658 664 665 659)
4(655 1875 1881 661)
4(658 1878 1875 655)
4(655 661 664 658)
4(655 1875 1874 654)
4(654 660 661 655)
4(652 1872 1874 654)
4(653 1873 1872 652)
4(653 655 1875 1873)
4(652 654 655 653)
4(356 1851 1853 358)
4(652 1872 1851 356)
4(356 358 654 652)
4(355 1850 1852 357)
4(356 1851 1850 355)
4(355 357 358 356)
4(352 1847 1849 354)
4(355 1850 1847 352)
4(352 354 357 355)
4(351 1846 1848 353)
4(352 1847 1846 351)
4(351 353 354 352)
4(351 1846 1839 294)
4(294 296 353 351)
4(255 351 1846 1832)
4(255 1832 1829 220)
4(220 294 351 255)
4(256 352 1847 1833)
4(256 1833 1832 255)
4(255 351 352 256)
4(259 355 1850 1836)
4(259 1836 1833 256)
4(256 352 355 259)
4(260 356 1851 1837)
4(260 1837 1836 259)
4(259 355 356 260)
4(575 652 1872 1864)
4(575 1864 1837 260)
4(260 356 652 575)
4(576 653 1873 1865)
4(576 1865 1864 575)
4(575 652 653 576)
4(656 653 1873 1876)
4(579 656 1876 1868)
4(579 1868 1865 576)
4(576 653 656 579)
4(656 658 1878 1876)
4(653 655 658 656)
4(657 659 1879 1877)
4(657 1877 1876 656)
4(656 658 659 657)
4(684 2075 1877 657)
4(657 659 685 684)
4(580 1869 1877 657)
4(580 657 684 590)
4(590 2058 1869 580)
4(580 1869 1868 579)
4(579 656 657 580)
4(577 1577 1868 579)
4(578 580 1869 1578)
4(577 579 580 578)
4(574 1576 1865 576)
4(574 576 579 577)
4(573 1575 1864 575)
4(573 575 576 574)
4(258 1528 1837 260)
4(258 260 575 573)
4(257 1527 1836 259)
4(257 259 260 258)
4(254 1526 1833 256)
4(254 256 259 257)
4(253 1525 1832 255)
4(253 255 256 254)
4(218 220 255 253)
4(216 220 255 234)
4(230 234 255 253)
4(212 216 234 230)
4(212 218 220 216)
4(272 294 351 309)
4(234 309 351 255)
4(216 272 309 234)
4(276 296 353 313)
4(309 313 353 351)
4(272 276 313 309)
4(288 298 359 337)
4(313 337 359 353)
4(276 288 337 313)
4(292 300 361 341)
4(288 292 341 337)
4(337 341 361 359)
4(867 889 945 899)
4(292 867 899 341)
4(341 899 945 361)
4(899 902 947 945)
4(867 871 902 899)
4(899 902 904 900)
4(900 904 948 946)
4(899 900 946 945)
4(902 947 948 904)
4(899 1407 1408 900)
4(904 1412 1410 902)
4(902 1410 1407 899)
4(904 900 1408 1412)
4(341 1328 1329 342)
4(899 1407 1328 341)
4(900 342 1329 1408)
4(341 342 900 899)
4(337 1324 1326 339)
4(341 1328 1324 337)
4(342 339 1326 1329)
4(337 339 342 341)
4(336 1323 1325 338)
4(336 337 1324 1323)
4(339 338 1325 1326)
4(336 338 339 337)
4(312 1306 1307 314)
4(338 314 1307 1325)
4(312 314 338 336)
4(314 310 1305 1307)
4(308 310 314 312)
4(328 324 1315 1317)
4(314 328 1317 1307)
4(310 324 328 314)
4(324 1315 1316 326)
4(328 330 1318 1317)
4(324 326 330 328)
4(330 326 1316 1318)
4(317 1309 1310 319)
4(317 319 326 324)
4(326 319 1310 1316)
4(321 317 1309 1312)
4(323 321 1312 1314)
4(319 323 1314 1310)
4(317 321 323 319)
4(321 320 1311 1312)
4(316 320 321 317)
4(320 1311 1313 322)
4(323 322 1313 1314)
4(320 322 323 321)
4(181 1277 1279 183)
4(322 183 1279 1313)
4(181 183 322 320)
4(183 182 1278 1279)
4(180 182 183 181)
4(182 1278 1337 471)
4(472 471 1337 1338)
4(183 472 1338 1279)
4(182 471 472 183)
4(471 464 1336 1337)
4(175 464 471 182)
4(495 1345 1337 471)
4(464 488 495 471)
4(496 495 1345 1346)
4(473 1339 1337 471)
4(473 496 1346 1339)
4(471 495 496 473)
4(496 499 1349 1346)
4(495 498 499 496)
4(497 500 1350 1347)
4(497 1347 1346 496)
4(496 499 500 497)
4(624 626 1359 1357)
4(624 1357 1347 497)
4(497 500 626 624)
4(626 1359 1360 627)
4(625 1358 1357 624)
4(624 626 627 625)
4(625 627 1360 1358)
4(1139 1138 1449 1450)
4(626 1138 1139 627)
4(627 1139 1450 1360)
4(1139 1141 1452 1450)
4(1138 1140 1141 1139)
4(1148 1456 1454 1144)
4(1139 1141 1148 1144)
4(1144 1454 1450 1139)
4(1142 1453 1454 1144)
4(1142 1144 1148 1146)
4(1146 1148 1456 1455)
4(1146 1455 1453 1142)
4(634 632 1363 1364)
4(1144 634 1364 1454)
4(1142 1453 1363 632)
4(632 634 1144 1142)
4(628 1361 1362 630)
4(634 630 1362 1364)
4(632 1363 1361 628)
4(628 630 634 632)
4(623 1356 1358 625)
4(630 625 1358 1362)
4(623 625 630 628)
4(628 1361 1356 623)
4(596 1352 1354 598)
4(625 598 1354 1358)
4(596 598 625 623)
4(596 623 1356 1352)
4(595 1351 1353 597)
4(598 597 1353 1354)
4(596 1352 1351 595)
4(595 597 598 596)
4(472 1338 1340 474)
4(597 474 1340 1353)
4(595 1351 1338 472)
4(472 474 597 595)
4(474 473 1339 1340)
4(471 473 474 472)
4(474 497 1347 1340)
4(473 496 497 474)
4(597 624 1357 1353)
4(474 497 624 597)
4(597 624 625 598)
4(624 625 637 636)
4(611 636 637 612)
4(598 612 637 625)
4(597 624 636 611)
4(597 611 612 598)
4(626 627 641 640)
4(625 637 641 627)
4(636 640 641 637)
4(624 626 640 636)
4(1138 1139 1151 1150)
4(640 1150 1151 641)
4(627 641 1151 1139)
4(626 1138 1150 640)
4(1140 1141 1155 1154)
4(1139 1151 1155 1141)
4(1150 1154 1155 1151)
4(1138 1140 1154 1150)
4(1168 1169 1183 1182)
4(1140 1168 1182 1154)
4(1154 1182 1183 1155)
4(1141 1155 1183 1169)
4(1182 1186 1187 1183)
4(1168 1172 1186 1182)
4(1169 1183 1187 1173)
4(1168 1169 1173 1172)
4(1184 1188 1189 1185)
4(1182 1186 1188 1184)
4(1182 1184 1185 1183)
4(1183 1185 1189 1187)
4(1185 1223 1225 1189)
4(1184 1222 1223 1185)
4(1184 1188 1224 1222)
4(1192 1226 1228 1196)
4(1185 1223 1226 1192)
4(1185 1192 1196 1189)
4(1193 1227 1229 1197)
4(1192 1226 1227 1193)
4(1192 1193 1197 1196)
4(1193 1227 1232 1211)
4(1193 1211 1213 1197)
4(1165 1221 1231 1205)
4(1165 1193 1227 1221)
4(1165 1205 1211 1193)
4(1161 1219 1230 1203)
4(1161 1165 1221 1219)
4(1161 1203 1205 1165)
4(651 1161 1219 683)
4(651 667 1203 1161)
4(651 683 687 667)
4(1160 1161 1219 1218)
4(650 651 1161 1160)
4(650 1160 1218 682)
4(650 682 683 651)
4(1164 1165 1221 1220)
4(1160 1161 1165 1164)
4(1160 1164 1220 1218)
4(1164 1192 1226 1220)
4(1164 1165 1193 1192)
4(1157 1185 1223 1217)
4(1157 1164 1192 1185)
4(1157 1217 1220 1164)
4(1156 1184 1222 1216)
4(1156 1157 1185 1184)
4(1156 1216 1217 1157)
4(1073 1184 1222 1104)
4(1050 1156 1184 1073)
4(1050 1096 1216 1156)
4(1050 1073 1104 1096)
4(1073 1184 1188 1078)
4(1073 1078 1106 1104)
4(1070 1182 1186 1076)
4(1070 1073 1184 1182)
4(1070 1076 1078 1073)
4(1062 1070 1182 1168)
4(1062 1066 1076 1070)
4(1062 1168 1172 1066)
4(1048 1070 1182 1154)
4(1038 1048 1154 1140)
4(1038 1062 1070 1048)
4(1154 1156 1184 1182)
4(1048 1050 1156 1154)
4(1048 1070 1073 1050)
4(1155 1157 1185 1183)
4(1154 1156 1157 1155)
4(1183 1190 1192 1185)
4(1162 1164 1192 1190)
4(1155 1162 1190 1183)
4(1155 1157 1164 1162)
4(1190 1192 1196 1194)
4(1183 1190 1194 1187)
4(1191 1193 1197 1195)
4(1190 1192 1193 1191)
4(1190 1191 1195 1194)
4(1191 1210 1212 1195)
4(1191 1193 1211 1210)
4(1177 1191 1210 1207)
4(1177 1181 1195 1191)
4(1177 1207 1209 1181)
4(1163 1191 1210 1204)
4(1149 1163 1204 1201)
4(1149 1177 1191 1163)
4(1149 1201 1207 1177)
4(1163 1165 1205 1204)
4(1163 1191 1193 1165)
4(1159 1202 1204 1163)
4(1159 1161 1203 1202)
4(1159 1163 1165 1161)
4(1145 1159 1202 1199)
4(1145 1149 1163 1159)
4(1145 1199 1201 1149)
4(649 1159 1202 666)
4(635 649 666 663)
4(635 1145 1159 649)
4(635 663 1199 1145)
4(649 1159 1161 651)
4(649 651 667 666)
4(1158 1159 1161 1160)
4(648 1158 1160 650)
4(648 650 651 649)
4(648 649 1159 1158)
4(1162 1163 1165 1164)
4(1158 1162 1164 1160)
4(1158 1159 1163 1162)
4(1162 1163 1191 1190)
4(1176 1177 1191 1190)
4(1148 1176 1190 1162)
4(1148 1162 1163 1149)
4(1148 1149 1177 1176)
4(1176 1180 1194 1190)
4(1176 1177 1181 1180)
4(1169 1183 1190 1176)
4(1169 1176 1180 1173)
4(1141 1155 1162 1148)
4(1151 1155 1162 1158)
4(1139 1151 1158 1144)
4(1144 1158 1162 1148)
4(1153 1157 1164 1160)
4(1151 1155 1157 1153)
4(1151 1153 1160 1158)
4(1153 1215 1218 1160)
4(1153 1157 1217 1215)
4(643 1153 1215 679)
4(643 650 1160 1153)
4(643 679 682 650)
4(1152 1153 1215 1214)
4(642 1152 1214 678)
4(642 643 1153 1152)
4(642 678 679 643)
4(1152 1156 1216 1214)
4(1152 1153 1157 1156)
4(1045 1094 1214 1152)
4(1045 1152 1156 1050)
4(1045 1050 1096 1094)
4(512 642 1152 1045)
4(512 540 678 642)
4(512 1045 1094 540)
4(1042 1150 1152 1045)
4(640 642 1152 1150)
4(510 512 642 640)
4(510 640 1150 1042)
4(510 1042 1045 512)
4(1150 1152 1156 1154)
4(1042 1150 1154 1048)
4(1042 1048 1050 1045)
4(1150 1152 1153 1151)
4(641 643 1153 1151)
4(640 642 643 641)
4(641 648 1158 1151)
4(641 643 650 648)
4(627 634 1144 1139)
4(627 641 648 634)
4(634 648 1158 1144)
4(634 1364 1360 627)
4(625 627 634 630)
4(637 641 648 644)
4(625 637 644 630)
4(630 644 648 634)
4(639 643 650 646)
4(637 641 643 639)
4(637 639 646 644)
4(644 646 650 648)
4(646 680 682 650)
4(639 677 680 646)
4(639 643 679 677)
4(647 681 683 651)
4(646 680 681 647)
4(646 647 651 650)
4(647 681 686 665)
4(647 665 667 651)
4(622 675 685 659)
4(622 647 681 675)
4(622 659 665 647)
4(618 673 684 657)
4(618 622 675 673)
4(618 657 659 622)
4(572 618 673 588)
4(572 580 657 618)
4(572 588 590 580)
4(617 618 673 672)
4(571 617 672 587)
4(571 572 618 617)
4(571 587 588 572)
4(621 622 675 674)
4(617 621 674 672)
4(617 618 622 621)
4(621 646 680 674)
4(621 622 647 646)
4(614 639 677 671)
4(614 671 674 621)
4(614 621 646 639)
4(638 639 677 676)
4(613 638 676 670)
4(613 670 671 614)
4(613 614 639 638)
4(638 642 678 676)
4(638 639 643 642)
4(507 538 676 638)
4(507 638 642 512)
4(507 512 540 538)
4(486 530 670 613)
4(486 613 638 507)
4(486 507 538 530)
4(609 668 670 613)
4(481 528 668 609)
4(481 609 613 486)
4(481 486 530 528)
4(610 669 671 614)
4(609 668 669 610)
4(609 610 614 613)
4(610 669 672 617)
4(610 617 621 614)
4(564 610 669 584)
4(564 584 587 571)
4(564 571 617 610)
4(563 609 668 583)
4(563 583 584 564)
4(563 564 610 609)
4(414 563 609 481)
4(414 481 528 426)
4(414 426 583 563)
4(478 607 609 481)
4(412 478 481 414)
4(412 561 607 478)
4(561 563 609 607)
4(412 414 563 561)
4(484 611 613 486)
4(478 607 611 484)
4(478 484 486 481)
4(607 609 613 611)
4(504 636 638 507)
4(611 613 638 636)
4(484 611 636 504)
4(484 504 507 486)
4(636 638 642 640)
4(504 636 640 510)
4(504 510 512 507)
4(636 638 639 637)
4(612 614 639 637)
4(611 613 614 612)
4(619 621 646 644)
4(612 614 621 619)
4(612 619 644 637)
4(644 645 647 646)
4(620 622 647 645)
4(619 621 622 620)
4(619 620 645 644)
4(645 647 651 649)
4(644 645 649 648)
4(645 664 666 649)
4(645 647 665 664)
4(631 645 664 661)
4(631 635 649 645)
4(631 661 663 635)
4(620 645 664 658)
4(606 620 658 655)
4(606 631 645 620)
4(606 655 661 631)
4(620 622 659 658)
4(616 656 658 620)
4(616 618 657 656)
4(616 620 622 618)
4(602 616 656 653)
4(602 653 655 606)
4(602 606 620 616)
4(570 616 656 579)
4(556 570 579 576)
4(556 576 653 602)
4(556 602 616 570)
4(570 616 618 572)
4(570 572 580 579)
4(615 616 618 617)
4(569 615 617 571)
4(569 570 616 615)
4(569 571 572 570)
4(615 619 621 617)
4(615 616 620 619)
4(608 615 619 612)
4(608 612 614 610)
4(608 610 617 615)
4(598 605 619 612)
4(594 598 612 608)
4(594 608 615 601)
4(601 615 619 605)
4(594 601 605 598)
4(605 619 644 630)
4(598 605 630 625)
4(630 631 645 644)
4(605 619 620 606)
4(605 606 631 630)
4(634 635 649 648)
4(630 631 635 634)
4(1144 1145 1159 1158)
4(634 635 1145 1144)
4(1144 1145 1149 1148)
4(1146 1147 1149 1148)
4(1143 1145 1149 1147)
4(1142 1143 1147 1146)
4(1142 1144 1145 1143)
4(1146 1174 1176 1148)
4(1147 1149 1177 1175)
4(1174 1175 1177 1176)
4(1146 1147 1175 1174)
4(1174 1461 1455 1146)
4(911 1419 1455 1146)
4(911 939 1432 1419)
4(911 1146 1174 939)
4(907 1415 1453 1142)
4(907 1142 1146 911)
4(907 911 1419 1415)
4(632 349 1335 1363)
4(349 632 1142 907)
4(349 907 1415 1335)
4(345 1332 1361 628)
4(345 628 632 349)
4(349 1335 1332 345)
4(330 1318 1355 603)
4(330 603 628 345)
4(345 1332 1318 330)
4(628 603 1355 1361)
4(323 1314 1352 596)
4(323 596 603 330)
4(330 1318 1314 323)
4(603 596 1352 1355)
4(322 1313 1351 595)
4(322 595 596 323)
4(183 472 595 322)
4(468 472 595 591)
4(318 591 595 322)
4(179 468 591 318)
4(179 318 322 183)
4(179 183 472 468)
4(470 474 597 593)
4(468 470 593 591)
4(591 593 597 595)
4(468 472 474 470)
4(474 597 611 484)
4(470 474 484 478)
4(470 478 607 593)
4(593 607 611 597)
4(497 624 636 504)
4(474 497 504 484)
4(500 626 640 510)
4(497 500 510 504)
4(1034 1138 1150 1042)
4(500 1034 1042 510)
4(1034 1038 1048 1042)
4(1037 1038 1048 1047)
4(1041 1047 1048 1042)
4(1032 1037 1047 1041)
4(1032 1041 1042 1034)
4(1032 1034 1038 1037)
4(1061 1062 1070 1069)
4(1047 1069 1070 1048)
4(1037 1061 1069 1047)
4(1037 1038 1062 1061)
4(1069 1075 1076 1070)
4(1061 1065 1075 1069)
4(1061 1062 1066 1065)
4(1072 1077 1078 1073)
4(1069 1072 1073 1070)
4(1069 1075 1077 1072)
4(1072 1077 1105 1103)
4(1072 1103 1104 1073)
4(1071 1099 1103 1072)
4(1071 1072 1077 1067)
4(1071 1067 1102 1099)
4(1049 1095 1103 1072)
4(1039 1092 1095 1049)
4(1039 1049 1072 1071)
4(1039 1071 1099 1092)
4(1049 1095 1096 1050)
4(1049 1050 1073 1072)
4(1044 1049 1095 1093)
4(1044 1093 1094 1045)
4(1044 1045 1050 1049)
4(1043 1089 1093 1044)
4(1043 1039 1092 1089)
4(1043 1044 1049 1039)
4(511 539 1093 1044)
4(501 1043 1089 536)
4(501 536 539 511)
4(501 511 1044 1043)
4(511 512 1045 1044)
4(511 539 540 512)
4(1041 1042 1045 1044)
4(509 511 512 510)
4(509 1041 1044 511)
4(509 510 1042 1041)
4(1047 1048 1050 1049)
4(1041 1047 1049 1044)
4(1047 1069 1072 1049)
4(1068 1069 1072 1071)
4(1046 1047 1069 1068)
4(1046 1039 1049 1047)
4(1068 1069 1075 1074)
4(1054 1068 1069 1061)
4(1054 1061 1065 1058)
4(1030 1037 1061 1054)
4(1030 1046 1047 1037)
4(1052 1059 1061 1054)
4(1028 1030 1037 1035)
4(1035 1037 1061 1059)
4(1052 1059 1063 1056)
4(1059 1061 1065 1063)
4(1052 1443 1444 1056)
4(1063 1448 1445 1059)
4(811 807 1389 1391)
4(807 811 1056 1052)
4(805 809 811 807)
4(808 809 811 810)
4(806 810 811 807)
4(804 808 810 806)
4(804 805 809 808)
4(804 806 807 805)
4(810 850 851 811)
4(808 809 849 848)
4(808 848 850 810)
4(810 850 1115 1055)
4(810 1055 1056 811)
4(1012 1108 1115 1055)
4(767 1012 1055 810)
4(767 810 850 839)
4(1014 1110 1117 1057)
4(1012 1014 1057 1055)
4(1020 1112 1124 1123)
4(1008 1051 1055 1012)
4(1008 1010 1053 1051)
4(1008 1012 1014 1010)
4(806 1051 1055 810)
4(763 1008 1051 806)
4(763 806 810 767)
4(763 767 1012 1008)
4(806 1051 1052 807)
4(786 806 1051 1027)
4(786 787 807 806)
4(786 1027 1028 787)
4(996 1008 1051 1027)
4(751 786 806 763)
4(751 996 1027 786)
4(751 763 1008 996)
4(996 998 1029 1027)
4(996 1008 1010 998)
4(994 998 1029 1025)
4(992 1023 1027 996)
4(992 994 1025 1023)
4(992 996 998 994)
4(1087 1090 1039 1043)
4(1002 1006 1090 1087)
4(458 1002 1087 534)
4(534 1087 1043 501)
8(450 456 458 534 501 508 494 493)
4(508 501 1043 1040)
4(1040 1043 1039 1046)
4(1026 1040 1046 1030)
4(494 508 1040 1026)
4(450 493 1025 994)
4(456 1000 1002 458)
4(1000 1004 1006 1002)
4(994 998 1004 1000)
4(450 994 1000 456)
4(1090 1039 1092 1091)
4(1087 1090 1091 1088)
4(1087 1088 1089 1043)
4(1097 1071 1099 1098)
4(1090 1097 1098 1091)
4(1097 1100 1101 1098)
4(1018 1084 1098 1097)
4(1018 1022 1086 1084)
4(1006 1082 1091 1090)
4(1006 1018 1084 1082)
4(1002 1080 1088 1087)
4(1002 1006 1082 1080)
4(534 535 1088 1087)
4(458 520 535 534)
4(458 1002 1080 520)
4(534 535 536 501)
4(531 505 501 534)
4(531 534 535 532)
4(531 532 533 505)
4(505 533 536 501)
4(454 458 534 531)
4(442 454 531 524)
4(524 531 505 475)
4(502 505 501 508)
4(490 502 508 494)
4(466 482 502 490)
4(482 475 505 502)
8(434 440 442 524 475 482 466 465)
4(446 450 456 452)
4(452 456 458 454)
4(440 452 454 442)
4(434 446 452 440)
4(446 489 493 450)
4(434 465 489 446)
4(454 518 532 531)
4(454 458 520 518)
4(524 525 532 531)
4(442 516 525 524)
4(442 454 518 516)
4(475 526 533 505)
4(524 525 526 475)
4(505 506 537 533)
4(485 529 537 506)
4(475 526 529 485)
4(475 485 506 505)
4(506 537 539 511)
4(505 506 511 501)
4(506 537 538 507)
4(506 507 512 511)
4(485 529 530 486)
4(485 486 507 506)
4(480 485 529 527)
4(480 527 528 481)
4(480 481 486 485)
4(479 523 527 480)
4(479 480 485 475)
4(479 475 526 523)
4(413 425 527 480)
4(406 479 523 422)
4(406 422 425 413)
4(406 413 480 479)
4(413 414 481 480)
4(413 425 426 414)
4(477 478 481 480)
4(411 412 478 477)
4(411 477 480 413)
4(411 413 414 412)
4(483 484 486 485)
4(477 483 485 480)
4(477 478 484 483)
4(503 504 507 506)
4(483 503 506 485)
4(483 484 504 503)
4(503 509 511 506)
4(503 504 510 509)
4(508 509 511 501)
4(502 503 509 508)
4(502 505 506 503)
4(1040 1041 1044 1043)
4(508 509 1041 1040)
4(1040 1041 1047 1046)
4(1026 1040 1041 1032)
4(1026 1032 1037 1030)
4(499 509 1041 1032)
4(494 508 509 499)
4(494 499 1032 1026)
4(499 509 510 500)
4(496 499 509 503)
4(496 503 504 497)
4(490 502 503 496)
4(490 496 499 494)
4(482 502 503 483)
4(466 473 496 490)
4(466 482 483 473)
4(473 483 503 496)
4(482 475 485 483)
4(476 482 475 479)
4(476 477 483 482)
4(476 479 480 477)
4(521 524 475 479)
4(438 442 524 521)
4(382 438 521 405)
4(405 521 479 406)
4(436 440 442 438)
4(430 461 465 434)
4(461 462 466 465)
4(462 476 482 466)
4(430 434 440 436)
4(374 430 436 380)
4(380 436 438 382)
4(380 382 405 403)
4(403 405 406 404)
4(404 406 479 476)
4(390 404 476 462)
4(389 403 404 390)
4(374 380 403 389)
4(374 389 461 430)
4(389 390 462 461)
4(521 524 525 522)
4(521 522 523 479)
4(438 514 522 521)
4(438 442 516 514)
4(405 421 522 521)
4(382 418 421 405)
4(405 421 422 406)
4(402 420 422 406)
4(401 405 421 419)
4(401 402 406 405)
4(409 423 425 413)
4(402 409 413 406)
4(410 424 426 414)
4(409 410 414 413)
4(559 581 583 563)
4(410 559 563 414)
4(560 582 584 564)
4(559 560 564 563)
4(567 585 587 571)
4(560 567 571 564)
4(568 586 588 572)
4(567 568 572 571)
4(578 589 590 580)
4(568 578 580 572)
4(566 577 579 570)
4(566 570 572 568)
4(552 574 576 556)
4(552 556 570 566)
4(554 575 576 556)
4(550 554 556 552)
4(550 573 575 554)
4(600 652 653 602)
4(554 575 652 600)
4(554 600 602 556)
4(604 654 655 606)
4(600 604 606 602)
4(600 652 654 604)
4(629 660 661 631)
4(604 629 631 606)
4(604 654 660 629)
4(633 662 663 635)
4(629 633 635 631)
4(629 660 662 633)
4(1143 1198 1199 1145)
4(633 662 1198 1143)
4(633 1143 1145 635)
4(1147 1200 1201 1149)
4(1143 1198 1200 1147)
4(1175 1206 1207 1177)
4(1147 1200 1206 1175)
4(1175 1206 1208 1179)
4(1175 1179 1181 1177)
4(940 1175 1206 958)
4(940 944 1179 1175)
4(940 958 960 944)
4(912 1147 1200 952)
4(912 952 958 940)
4(912 940 1175 1147)
4(908 1143 1198 950)
4(908 912 1147 1143)
4(908 950 952 912)
4(350 908 1143 633)
4(350 633 662 366)
4(350 366 950 908)
4(907 908 1143 1142)
4(632 1142 1143 633)
4(349 632 633 350)
4(349 350 908 907)
4(907 908 912 911)
4(911 912 1147 1146)
4(912 911 1419 1420)
4(907 908 1416 1415)
4(908 912 1420 1416)
4(909 1417 1418 910)
4(912 910 1418 1420)
4(909 910 912 911)
4(911 1419 1417 909)
4(903 1411 1412 904)
4(910 904 1412 1418)
4(909 1417 1411 903)
4(903 904 910 909)
4(901 1409 1410 902)
4(903 1411 1409 901)
4(901 902 904 903)
4(898 1406 1407 899)
4(898 899 902 901)
4(340 1327 1328 341)
4(340 341 899 898)
4(336 337 341 340)
4(291 292 341 340)
4(287 336 337 288)
4(287 291 340 336)
4(287 288 292 291)
4(866 867 899 898)
4(291 866 898 340)
4(291 292 867 866)
4(870 871 902 901)
4(866 870 901 898)
4(866 867 871 870)
4(882 883 922 921)
4(870 882 921 901)
4(870 871 883 882)
4(901 921 922 902)
4(921 925 926 922)
4(882 886 925 921)
4(882 883 887 886)
4(883 922 926 887)
4(923 927 928 924)
4(921 925 927 923)
4(921 923 924 922)
4(922 924 928 926)
4(937 941 942 938)
4(923 927 941 937)
4(924 938 942 928)
4(923 937 938 924)
4(939 943 944 940)
4(937 941 943 939)
4(938 940 944 942)
4(937 939 940 938)
4(1174 1178 1179 1175)
4(939 943 1178 1174)
4(939 1174 1175 940)
4(1174 1178 1180 1176)
4(1167 1174 1178 1171)
4(1167 1171 1173 1169)
4(932 936 1171 1167)
4(932 939 943 936)
4(1166 1170 1171 1167)
4(931 932 936 935)
4(1166 1170 1172 1168)
4(1060 1064 1066 1062)
4(1059 1060 1064 1063)
4(1059 1061 1062 1060)
4(814 818 1063 1059)
4(814 815 819 818)
4(814 818 1397 1394)
4(812 814 818 816)
4(813 815 819 817)
4(812 813 817 816)
4(929 931 935 933)
4(813 929 933 817)
4(930 932 936 934)
4(929 930 934 933)
4(930 937 941 934)
4(916 920 934 930)
4(916 923 927 920)
4(915 919 933 929)
4(915 916 920 919)
4(799 915 919 803)
4(799 803 817 813)
4(913 915 919 917)
4(797 913 917 801)
4(797 801 803 799)
4(914 916 920 918)
4(913 914 918 917)
4(914 921 925 918)
4(875 914 921 882)
4(875 882 886 879)
4(875 879 918 914)
4(863 875 914 897)
4(863 897 901 870)
4(863 870 882 875)
4(863 1401 1405 897)
4(859 1399 1404 896)
4(859 896 897 863)
4(284 335 896 859)
4(859 866 898 896)
4(284 291 866 859)
4(284 335 340 291)
4(859 866 870 863)
4(861 868 870 863)
4(864 866 870 868)
4(857 859 866 864)
4(857 861 863 859)
4(873 880 882 875)
4(868 870 882 880)
4(861 873 875 863)
4(880 882 886 884)
4(873 877 879 875)
4(880 882 883 881)
4(868 870 871 869)
4(864 866 867 865)
4(289 864 866 291)
4(289 291 292 290)
4(282 857 859 284)
4(282 284 291 289)
4(856 857 859 858)
4(281 856 858 283)
4(281 283 284 282)
4(860 861 863 862)
4(856 860 862 858)
4(872 873 875 874)
4(860 872 874 862)
4(874 878 879 875)
4(872 876 878 874)
4(874 878 917 913)
4(731 874 878 735)
4(731 735 801 797)
4(729 731 874 872)
4(729 733 735 731)
4(717 719 862 860)
4(717 729 731 719)
4(713 715 858 856)
4(713 717 719 715)
4(117 713 715 119)
4(117 119 283 281)
4(712 713 715 714)
4(116 118 119 117)
4(116 712 714 118)
4(716 717 719 718)
4(712 716 718 714)
4(728 729 731 730)
4(716 728 730 718)
4(732 733 735 734)
4(728 732 734 730)
4(730 734 735 731)
4(734 830 831 735)
4(732 828 830 734)
4(800 844 845 801)
4(734 830 844 800)
4(734 800 801 735)
4(802 846 847 803)
4(800 802 803 801)
4(800 844 846 802)
4(802 816 817 803)
4(798 799 803 802)
4(796 800 802 798)
4(796 797 801 800)
4(793 800 802 795)
4(789 796 800 793)
4(789 791 798 796)
4(789 793 795 791)
4(793 800 844 841)
4(793 841 843 795)
4(727 827 841 793)
4(727 734 830 827)
4(727 793 800 734)
4(792 840 841 793)
4(726 826 840 792)
4(726 727 827 826)
4(726 792 793 727)
4(794 842 843 795)
4(792 840 842 794)
4(792 794 795 793)
4(794 842 848 808)
4(794 808 809 795)
4(765 837 848 808)
4(759 765 808 794)
4(759 794 842 835)
4(765 767 810 808)
4(761 804 808 765)
4(761 763 806 804)
4(761 765 767 763)
4(790 804 808 794)
4(755 761 804 790)
4(755 790 794 759)
4(755 759 765 761)
4(790 804 805 791)
4(790 791 795 794)
4(784 804 805 785)
4(774 790 804 784)
4(774 775 791 790)
4(774 784 785 775)
4(784 804 806 786)
4(784 786 787 785)
4(749 784 804 761)
4(749 751 786 784)
4(749 761 763 751)
4(743 774 790 755)
4(743 749 784 774)
4(743 755 761 749)
4(753 788 790 755)
4(772 774 790 788)
4(741 772 788 753)
4(741 743 774 772)
4(741 753 755 743)
4(757 792 794 759)
4(788 790 794 792)
4(753 788 792 757)
4(753 757 759 755)
4(757 792 840 833)
4(703 726 826 823)
4(703 757 792 726)
4(724 726 826 824)
4(701 703 726 724)
4(725 727 827 825)
4(724 726 727 725)
4(725 727 734 732)
4(723 727 734 730)
4(721 723 730 728)
4(721 725 727 723)
4(730 796 800 734)
4(723 789 796 730)
4(723 727 793 789)
4(718 778 796 730)
4(711 773 778 718)
4(773 789 796 778)
4(711 723 789 773)
4(711 718 730 723)
4(778 796 1384 1376)
4(778 1376 1367 718)
4(779 1377 1376 778)
4(778 796 798 779)
4(776 1374 1376 778)
4(776 778 779 777)
4(776 1374 1365 714)
4(714 718 778 776)
4(118 714 776 192)
4(707 714 776 769)
4(111 118 714 707)
4(111 707 769 189)
4(769 773 778 776)
4(707 711 773 769)
4(707 714 718 711)
4(773 778 779 775)
4(769 773 775 771)
4(773 789 791 775)
4(788 789 791 790)
4(772 773 789 788)
4(772 774 775 773)
4(788 789 793 792)
4(722 726 792 788)
4(722 788 789 723)
4(722 723 727 726)
4(699 753 788 722)
4(699 722 726 703)
4(710 772 788 722)
4(695 710 722 699)
4(695 741 772 710)
4(695 699 753 741)
4(710 772 773 711)
4(710 711 723 722)
4(768 772 773 769)
4(706 710 772 768)
4(706 768 769 707)
4(706 707 711 710)
4(770 774 775 771)
4(768 772 774 770)
4(768 770 771 769)
4(780 784 785 781)
4(770 774 784 780)
4(770 780 781 771)
4(782 786 787 783)
4(780 784 786 782)
4(780 782 783 781)
4(782 786 1027 1023)
4(747 992 1023 782)
4(747 782 786 751)
4(747 751 996 992)
4(448 992 1023 491)
4(151 448 491 199)
4(151 199 782 747)
4(151 747 992 448)
4(448 992 994 450)
4(448 450 493 491)
4(991 992 994 993)
4(449 993 994 450)
4(447 449 450 448)
4(447 448 992 991)
4(995 996 998 997)
4(993 997 998 994)
4(991 992 996 995)
4(1007 1008 1010 1009)
4(997 1009 1010 998)
4(995 996 1008 1007)
4(1009 1013 1014 1010)
4(1007 1008 1012 1011)
4(1015 1019 1020 1016)
4(1009 1015 1016 1010)
4(1017 1021 1022 1018)
4(1015 1017 1018 1016)
4(1017 1083 1084 1018)
4(1005 1081 1082 1006)
4(1005 1006 1018 1017)
4(1001 1079 1080 1002)
4(1001 1002 1006 1005)
4(457 458 1002 1001)
4(457 519 520 458)
4(999 1000 1002 1001)
4(455 456 1000 999)
4(455 457 458 456)
4(1003 1004 1006 1005)
4(999 1000 1004 1003)
4(1003 1004 1016 1015)
4(997 1003 1004 998)
4(993 999 1000 994)
4(449 455 456 450)
4(451 455 456 452)
4(445 451 452 446)
4(445 446 450 449)
4(453 457 458 454)
4(451 453 454 452)
4(453 517 518 454)
4(441 515 516 442)
4(441 442 454 453)
4(437 438 442 441)
4(439 440 442 441)
4(435 436 440 439)
4(435 437 438 436)
4(439 440 452 451)
4(433 434 446 445)
4(433 439 440 434)
4(443 444 446 445)
4(432 434 446 444)
4(431 432 444 443)
4(431 433 434 432)
4(444 446 450 448)
4(443 444 448 447)
4(444 487 491 448)
4(444 446 489 487)
4(147 444 487 195)
4(147 151 448 444)
4(147 195 199 151)
4(432 444 487 463)
4(135 147 444 432)
4(135 432 463 174)
4(135 174 195 147)
4(432 434 465 463)
4(459 461 465 463)
4(428 432 434 430)
4(428 430 461 459)
4(428 459 463 432)
4(460 462 466 464)
4(459 461 462 460)
4(459 460 464 463)
4(464 471 473 466)
4(462 466 473 469)
4(460 462 469 467)
4(467 469 473 471)
4(460 467 471 464)
4(488 495 496 490)
4(492 498 499 494)
4(1024 1031 1032 1026)
4(1031 1032 1037 1035)
4(1035 1036 1038 1037)
4(469 477 483 473)
4(462 476 477 469)
4(473 474 484 483)
4(469 477 478 470)
4(469 470 474 473)
4(398 412 478 470)
4(397 469 477 411)
4(397 398 470 469)
4(397 411 412 398)
4(547 561 607 593)
4(398 412 561 547)
4(398 547 593 470)
4(593 594 608 607)
4(561 607 608 562)
4(548 562 608 594)
4(547 561 562 548)
4(547 548 594 593)
4(607 611 612 608)
4(593 594 598 597)
4(607 609 610 608)
4(562 564 610 608)
4(561 563 564 562)
4(562 569 615 608)
4(562 564 571 569)
4(555 569 615 601)
4(548 555 601 594)
4(548 562 569 555)
4(601 602 616 615)
4(555 556 602 601)
4(555 569 570 556)
4(601 602 606 605)
4(603 604 606 605)
4(599 600 604 603)
4(599 603 605 601)
4(599 601 602 600)
4(628 629 631 630)
4(603 604 629 628)
4(603 628 630 605)
4(632 633 635 634)
4(628 629 633 632)
4(346 629 633 350)
4(345 628 629 346)
4(345 346 350 349)
4(346 629 660 364)
4(346 364 366 350)
4(331 604 654 358)
4(331 346 629 604)
4(331 358 364 346)
4(327 600 652 356)
4(327 331 604 600)
4(327 356 358 331)
4(252 327 600 554)
4(252 260 356 327)
4(252 554 575 260)
4(326 327 600 599)
4(251 252 327 326)
4(251 326 599 553)
4(553 599 600 554)
4(251 553 554 252)
4(330 331 604 603)
4(326 327 331 330)
4(326 330 603 599)
4(330 331 346 345)
4(328 343 345 330)
4(328 329 344 343)
4(343 344 346 345)
4(329 331 346 344)
4(328 330 331 329)
4(343 345 1332 1330)
4(343 1330 1317 328)
4(347 349 1335 1333)
4(343 347 1333 1330)
4(343 345 349 347)
4(905 907 1415 1413)
4(347 349 907 905)
4(347 905 1413 1333)
4(906 908 1416 1414)
4(905 907 908 906)
4(906 1414 1413 905)
4(910 1418 1414 906)
4(906 908 912 910)
4(900 1408 1414 906)
4(900 906 910 904)
4(342 1329 1334 348)
4(342 348 906 900)
4(348 1334 1414 906)
4(339 1326 1331 344)
4(339 344 348 342)
4(344 1331 1334 348)
4(338 1325 1330 343)
4(338 343 344 339)
4(344 343 1330 1331)
4(314 328 343 338)
4(315 329 344 339)
4(314 328 329 315)
4(314 315 339 338)
4(339 360 363 344)
4(329 344 363 357)
4(315 329 357 354)
4(315 354 360 339)
4(342 362 365 348)
4(344 348 365 363)
4(339 360 362 342)
4(900 946 949 906)
4(348 906 949 365)
4(342 362 946 900)
4(904 948 951 910)
4(906 910 951 949)
4(924 954 957 938)
4(910 938 957 951)
4(904 924 938 910)
4(904 948 954 924)
4(938 942 959 957)
4(924 954 956 928)
4(938 940 958 957)
4(910 912 952 951)
4(910 938 940 912)
4(906 908 950 949)
4(348 906 908 350)
4(348 350 366 365)
4(347 348 906 905)
4(347 349 350 348)
4(348 1334 1333 347)
4(343 347 348 344)
4(344 346 350 348)
4(344 346 364 363)
4(329 331 358 357)
4(325 355 357 329)
4(325 327 356 355)
4(325 329 331 327)
4(311 325 355 352)
4(311 315 329 325)
4(311 352 354 315)
4(250 325 355 259)
4(236 311 325 250)
4(236 250 259 256)
4(236 256 352 311)
4(250 325 327 252)
4(250 252 260 259)
4(324 325 327 326)
4(249 250 325 324)
4(249 324 326 251)
4(249 251 252 250)
4(324 325 329 328)
4(310 324 325 311)
4(310 311 315 314)
4(235 310 324 249)
4(235 236 311 310)
4(235 249 250 236)
4(242 317 324 249)
4(228 235 310 304)
4(228 304 317 242)
4(228 242 249 235)
4(244 319 326 251)
4(242 317 319 244)
4(242 244 251 249)
4(319 326 599 592)
4(546 592 599 553)
4(244 319 592 546)
4(244 546 553 251)
4(319 326 330 323)
4(592 596 603 599)
4(319 323 596 592)
4(596 603 605 598)
4(592 594 601 599)
4(592 596 598 594)
4(596 603 628 623)
4(553 555 601 599)
4(546 592 594 548)
4(546 548 555 553)
4(553 555 556 554)
4(551 555 556 552)
4(549 553 555 551)
4(549 550 554 553)
4(565 569 570 566)
4(551 555 569 565)
4(565 569 571 567)
4(558 565 569 562)
4(558 562 564 560)
4(544 548 562 558)
4(544 551 555 548)
4(557 561 562 558)
4(543 547 561 557)
4(543 544 548 547)
4(557 561 563 559)
4(408 557 561 412)
4(408 412 414 410)
4(394 543 547 398)
4(394 398 412 408)
4(396 545 547 398)
4(392 541 545 396)
4(541 543 547 545)
4(392 396 398 394)
4(545 547 593 591)
4(396 545 591 468)
4(396 468 470 398)
4(591 592 594 593)
4(545 546 592 591)
4(545 547 548 546)
4(591 592 596 595)
4(318 591 592 319)
4(318 319 323 322)
4(243 318 591 545)
4(243 545 546 244)
4(243 244 319 318)
4(71 396 545 243)
4(71 243 318 179)
4(71 179 468 396)
4(239 541 545 243)
4(67 239 243 71)
4(67 71 396 392)
4(541 545 546 542)
4(240 542 546 244)
4(239 240 244 243)
4(542 544 548 546)
4(542 549 553 546)
4(247 549 553 251)
4(240 247 251 244)
4(248 550 554 252)
4(247 248 252 251)
4(248 258 260 252)
4(246 257 259 250)
4(246 250 252 248)
4(232 254 256 236)
4(232 236 250 246)
4(234 255 256 236)
4(230 234 236 232)
4(309 351 352 311)
4(234 309 311 236)
4(313 353 354 315)
4(309 313 315 311)
4(337 359 360 339)
4(313 337 339 315)
4(341 361 362 342)
4(312 313 337 336)
4(312 314 315 313)
4(275 287 336 312)
4(275 312 313 276)
4(275 276 288 287)
4(280 287 336 333)
4(268 280 333 306)
4(268 306 312 275)
4(268 275 287 280)
4(280 284 335 333)
4(280 287 291 284)
4(332 334 335 333)
4(279 332 333 280)
4(279 280 284 283)
4(267 305 306 268)
4(267 268 280 279)
4(264 302 306 268)
4(263 267 305 301)
4(263 301 302 264)
4(263 264 268 267)
4(271 308 312 275)
4(264 302 308 271)
4(264 271 275 268)
4(308 312 313 309)
4(271 308 309 272)
4(271 272 276 275)
4(308 310 311 309)
4(233 308 310 235)
4(233 234 309 308)
4(233 235 236 234)
4(226 233 308 302)
4(226 302 304 228)
4(226 228 235 233)
4(215 233 308 271)
4(208 264 302 226)
4(208 215 271 264)
4(208 226 233 215)
4(215 216 272 271)
4(215 233 234 216)
4(269 270 272 271)
4(213 269 271 215)
4(213 215 216 214)
4(273 274 276 275)
4(269 273 275 271)
4(285 286 288 287)
4(273 285 287 275)
4(285 289 291 287)
4(278 280 287 285)
4(278 282 284 280)
4(266 278 280 268)
4(266 268 275 273)
4(277 278 280 279)
4(265 277 279 267)
4(265 267 268 266)
4(277 281 283 279)
4(113 115 279 277)
4(113 117 119 115)
4(101 103 267 265)
4(101 113 115 103)
4(99 103 267 263)
4(261 263 267 265)
4(97 99 263 261)
4(97 101 103 99)
4(161 165 305 301)
4(99 161 301 263)
4(99 103 165 161)
4(163 167 307 303)
4(161 163 303 301)
4(161 165 167 163)
4(177 181 320 316)
4(163 177 316 303)
4(163 167 181 177)
4(316 318 322 320)
4(177 179 318 316)
4(177 181 183 179)
4(316 318 319 317)
4(241 316 318 243)
4(241 242 317 316)
4(241 243 244 242)
4(69 241 316 177)
4(69 71 243 241)
4(69 177 179 71)
4(227 241 316 303)
4(55 227 303 163)
4(55 69 241 227)
4(55 163 177 69)
4(227 228 304 303)
4(227 241 242 228)
4(225 301 303 227)
4(225 226 302 301)
4(225 227 228 226)
4(53 225 301 161)
4(53 55 227 225)
4(53 161 163 55)
4(207 225 301 263)
4(23 53 225 207)
4(23 207 263 99)
4(23 99 161 53)
4(207 208 264 263)
4(207 225 226 208)
4(261 262 264 263)
4(206 208 264 262)
4(205 207 208 206)
4(205 261 263 207)
4(262 264 268 266)
4(262 264 271 269)
4(206 208 215 213)
4(204 208 215 210)
4(209 210 215 213)
4(203 206 208 204)
4(222 226 233 229)
4(210 229 233 215)
4(204 208 226 222)
4(224 228 235 231)
4(229 231 235 233)
4(222 226 228 224)
4(238 242 249 245)
4(231 245 249 235)
4(224 228 242 238)
4(245 247 251 249)
4(238 242 244 240)
4(245 246 250 249)
4(231 232 236 235)
4(229 230 234 233)
4(210 212 216 215)
4(211 212 216 214)
4(237 241 243 239)
4(237 238 242 241)
4(65 237 241 69)
4(65 69 71 67)
4(223 237 241 227)
4(51 223 227 55)
4(51 55 69 65)
4(223 224 228 227)
4(221 225 227 223)
4(221 222 226 225)
4(49 221 225 53)
4(49 53 55 51)
4(202 221 225 207)
4(19 202 207 23)
4(19 23 53 49)
4(202 204 208 207)
4(201 205 207 202)
4(21 205 207 23)
4(18 21 23 19)
4(21 97 99 23)
4(96 97 99 98)
4(22 98 99 23)
4(20 96 98 22)
4(20 22 23 21)
4(100 101 103 102)
4(98 102 103 99)
4(96 100 102 98)
4(112 113 115 114)
4(100 112 114 102)
4(112 116 118 114)
4(109 116 118 111)
4(105 109 111 107)
4(105 107 114 112)
4(705 712 714 707)
4(109 705 707 111)
4(709 716 718 711)
4(705 709 711 707)
4(709 721 723 711)
4(720 721 723 722)
4(708 720 722 710)
4(708 710 711 709)
4(720 724 726 722)
4(697 699 722 720)
4(693 695 710 708)
4(691 695 710 706)
4(689 691 706 704)
4(704 706 710 708)
4(737 741 772 768)
4(691 737 768 706)
4(691 695 741 737)
4(739 743 774 770)
4(737 739 770 768)
4(737 741 743 739)
4(745 749 784 780)
4(739 745 780 770)
4(739 743 749 745)
4(745 747 782 780)
4(745 749 751 747)
4(197 199 782 780)
4(149 197 780 745)
4(149 745 747 151)
4(149 151 199 197)
4(197 198 781 780)
4(190 770 780 197)
4(190 191 771 770)
4(190 197 198 191)
4(143 190 770 739)
4(143 739 745 149)
4(143 149 197 190)
4(188 190 770 768)
4(141 188 768 737)
4(141 737 739 143)
4(141 143 190 188)
4(188 189 769 768)
4(188 190 191 189)
4(110 706 768 188)
4(110 188 189 111)
4(110 111 707 706)
4(87 691 737 141)
4(87 141 188 110)
4(87 110 706 691)
4(690 691 737 736)
4(140 736 737 141)
4(86 140 141 87)
4(694 695 741 740)
4(736 740 741 737)
4(740 752 753 741)
4(752 753 755 754)
4(742 754 755 743)
4(740 742 743 741)
4(754 758 759 755)
4(760 764 765 761)
4(754 760 761 755)
4(762 766 767 763)
4(760 762 763 761)
4(762 1007 1008 763)
4(750 995 996 751)
4(750 751 763 762)
4(746 991 992 747)
4(746 747 751 750)
4(150 151 747 746)
4(150 447 448 151)
4(744 745 747 746)
4(148 149 745 744)
4(148 150 151 149)
4(748 749 751 750)
4(744 745 749 748)
4(748 749 761 760)
4(742 748 749 743)
4(738 744 745 739)
4(738 739 743 742)
4(142 143 739 738)
4(142 148 149 143)
4(736 737 739 738)
4(140 142 143 141)
4(138 142 143 139)
4(137 139 143 141)
4(136 137 141 140)
4(136 138 139 137)
4(144 148 149 145)
4(139 145 149 143)
4(138 144 145 139)
4(146 150 151 147)
4(145 147 151 149)
4(144 146 147 145)
4(146 443 444 147)
4(134 431 432 135)
4(134 135 147 146)
4(427 431 432 428)
4(131 428 432 135)
4(130 427 428 131)
4(130 131 135 134)
4(429 433 434 430)
4(427 429 430 428)
4(429 435 436 430)
4(379 435 436 380)
4(373 374 430 429)
4(373 379 380 374)
4(379 381 382 380)
4(376 378 382 380)
4(375 376 380 379)
4(378 382 405 401)
4(399 401 405 403)
4(376 399 403 380)
4(400 402 406 404)
4(399 400 404 403)
4(404 411 413 406)
4(407 409 413 411)
4(400 407 411 404)
4(404 411 477 476)
4(390 397 469 462)
4(390 404 411 397)
4(395 397 469 467)
4(388 395 467 460)
4(388 460 462 390)
4(388 390 397 395)
4(467 468 470 469)
4(395 396 468 467)
4(395 397 398 396)
4(467 468 472 471)
4(178 182 471 467)
4(178 467 468 179)
4(178 179 183 182)
4(171 460 467 178)
4(171 175 464 460)
4(171 178 182 175)
4(70 395 467 178)
4(63 171 460 388)
4(63 388 395 70)
4(63 70 178 171)
4(70 395 396 71)
4(70 71 179 178)
4(391 395 396 392)
4(66 70 395 391)
4(66 67 71 70)
4(393 397 398 394)
4(391 395 397 393)
4(407 411 412 408)
4(393 397 411 407)
4(386 390 404 400)
4(386 393 397 390)
4(385 389 403 399)
4(385 386 390 389)
4(370 385 389 374)
4(370 374 380 376)
4(372 387 389 374)
4(368 372 374 370)
4(368 383 387 372)
4(383 385 389 387)
4(387 389 461 459)
4(372 387 459 428)
4(372 428 430 374)
4(387 388 460 459)
4(387 389 390 388)
4(170 171 460 459)
4(62 170 459 387)
4(62 387 388 63)
4(62 63 171 170)
4(170 174 463 459)
4(170 171 175 174)
4(131 428 459 170)
4(131 170 174 135)
4(39 131 428 372)
4(39 372 387 62)
4(39 62 170 131)
4(371 427 428 372)
4(38 371 372 39)
4(38 39 131 130)
4(371 373 374 372)
4(369 373 374 370)
4(367 368 372 371)
4(35 368 372 39)
4(34 35 39 38)
4(58 383 387 62)
4(35 58 62 39)
4(383 387 388 384)
4(59 384 388 63)
4(58 59 63 62)
4(384 386 390 388)
4(384 391 395 388)
4(59 66 70 63)
4(61 68 70 63)
4(64 66 70 68)
4(57 64 68 61)
4(57 61 63 59)
4(169 176 178 171)
4(61 68 176 169)
4(68 70 178 176)
4(61 169 171 63)
4(176 178 182 180)
4(169 176 180 173)
4(169 173 175 171)
4(176 177 181 180)
4(176 178 179 177)
4(162 166 180 176)
4(162 176 177 163)
4(162 163 167 166)
4(155 169 176 162)
4(155 159 173 169)
4(155 162 166 159)
4(54 68 176 162)
4(47 61 68 54)
4(47 155 169 61)
4(47 54 162 155)
4(68 176 177 69)
4(54 68 69 55)
4(54 55 163 162)
4(68 70 71 69)
4(64 65 69 68)
4(50 54 68 64)
4(50 51 55 54)
4(43 47 61 57)
4(43 50 54 47)
4(46 47 61 60)
4(56 60 61 57)
4(42 46 60 56)
4(42 43 47 46)
4(154 155 169 168)
4(46 154 168 60)
4(60 168 169 61)
4(46 47 155 154)
4(158 159 173 172)
4(168 172 173 169)
4(154 158 172 168)
4(154 155 159 158)
4(186 187 194 193)
4(172 193 194 173)
4(158 186 193 172)
4(158 159 187 186)
4(186 190 197 193)
4(186 187 191 190)
4(145 149 197 193)
4(139 145 193 186)
4(139 186 190 143)
4(145 147 195 193)
4(172 174 195 193)
4(133 135 174 172)
4(133 172 193 145)
4(133 145 147 135)
4(172 174 175 173)
4(168 172 174 170)
4(168 170 171 169)
4(129 168 172 133)
4(129 131 170 168)
4(129 133 135 131)
4(127 158 172 133)
4(123 154 158 127)
4(123 129 168 154)
4(123 127 133 129)
4(127 158 186 139)
4(127 139 145 133)
4(137 184 186 139)
4(125 156 184 137)
4(156 158 186 184)
4(125 127 158 156)
4(125 137 139 127)
4(184 186 190 188)
4(137 184 188 141)
4(184 185 189 188)
4(184 186 187 185)
4(106 110 188 184)
4(106 184 185 107)
4(106 107 111 110)
4(83 137 184 106)
4(83 87 141 137)
4(83 106 110 87)
4(94 156 184 106)
4(79 125 156 94)
4(79 83 137 125)
4(79 94 106 83)
4(156 184 185 157)
4(94 156 157 95)
4(94 95 107 106)
4(156 158 159 157)
4(153 155 159 157)
4(152 153 157 156)
4(152 156 158 154)
4(152 154 155 153)
4(160 162 166 164)
4(153 160 164 157)
4(153 155 162 160)
4(160 161 165 164)
4(160 162 163 161)
4(98 102 164 160)
4(98 160 161 99)
4(91 153 160 98)
4(91 95 157 153)
4(91 98 102 95)
4(45 153 160 52)
4(22 52 160 98)
4(15 45 52 22)
4(15 91 153 45)
4(15 22 98 91)
4(52 54 162 160)
4(45 47 54 52)
4(45 153 155 47)
4(52 53 161 160)
4(52 54 55 53)
4(22 52 53 23)
4(48 52 53 49)
4(17 22 52 48)
4(17 19 23 22)
4(48 52 54 50)
4(41 48 52 45)
4(41 45 47 43)
4(11 15 45 41)
4(11 17 22 15)
4(14 15 45 44)
4(40 44 45 41)
4(9 14 44 40)
4(9 11 15 14)
4(90 91 153 152)
4(44 152 153 45)
4(14 90 152 44)
4(14 15 91 90)
4(90 94 156 152)
4(90 91 95 94)
4(121 125 156 152)
4(75 121 152 90)
4(75 79 125 121)
4(75 90 94 79)
4(121 123 154 152)
4(121 125 127 123)
4(31 123 154 46)
4(29 31 46 44)
4(44 46 154 152)
4(29 44 152 121)
4(29 121 123 31)
4(37 129 168 60)
4(31 37 60 46)
4(31 123 129 37)
4(60 62 170 168)
4(37 39 62 60)
4(37 129 131 39)
4(60 62 63 61)
4(56 60 62 58)
4(33 56 60 37)
4(33 37 39 35)
4(27 42 46 31)
4(27 31 37 33)
4(40 42 46 44)
4(25 40 44 29)
4(25 29 31 27)
4(44 45 47 46)
4(7 14 44 29)
4(3 9 14 7)
4(7 75 121 29)
4(7 14 90 75)
4(74 75 121 120)
4(28 120 121 29)
4(78 79 125 124)
4(120 124 125 121)
4(82 83 137 136)
4(124 136 137 125)
4(126 138 139 127)
4(124 126 127 125)
4(132 144 145 133)
4(126 132 133 127)
4(132 134 135 133)
4(128 129 133 132)
4(128 130 131 129)
4(122 128 129 123)
4(122 123 127 126)
4(36 128 129 37)
4(30 36 37 31)
4(30 31 123 122)
4(36 38 39 37)
4(32 33 37 36)
4(26 27 31 30)
4(28 29 31 30)
4(120 121 123 122)
4(73 88 90 75)
4(12 14 90 88)
4(5 7 14 12)
4(77 92 94 79)
4(88 90 94 92)
4(81 104 106 83)
4(92 94 106 104)
4(85 108 110 87)
4(104 106 110 108)
4(108 110 706 704)
4(704 705 707 706)
4(108 110 111 109)
4(104 106 107 105)
4(93 95 107 105)
4(92 94 95 93)
4(93 95 102 100)
4(89 91 98 96)
4(89 93 95 91)
4(13 89 91 15)
4(13 15 22 20)
4(88 89 91 90)
4(12 14 15 13)
4(10 11 15 13)
4(8 12 14 9)
4(16 17 22 20)
4(909 937 939 911)
4(909 910 938 937)
4(911 939 940 912)
4(937 1431 1417 909)
4(923 1426 1411 903)
4(903 909 937 923)
4(901 903 923 921)
4(903 923 924 904)
4(902 904 924 922)
4(922 953 954 924)
4(922 953 955 926)
4(1259 1262 1264 1260)
4(1260 1264 1265 1261)
4(1262 1263 1266 1264)
4(1264 1266 1267 1265)
4(1259 1260 1270 1268)
4(1260 1261 1271 1270)
4(1268 1270 1272 1269)
4(1270 1271 1273 1272)
4(1269 1272 1276 1274)
4(1272 1273 1277 1276)
4(1274 1276 1278 1275)
4(1276 1277 1279 1278)
4(1259 1268 1280 1262)
4(1268 1269 1281 1280)
4(1262 1280 1282 1263)
4(1280 1281 1283 1282)
4(1269 1274 1286 1281)
4(1274 1275 1288 1286)
4(1285 1286 1288 1287)
4(1281 1286 1290 1283)
4(1285 1289 1290 1286)
4(1285 1287 1291 1289)
4(1291 1343 1433 1379)
4(1343 1344 1434 1433)
4(1380 1434 1435 1382)
4(1379 1433 1434 1380)
4(1348 1349 1437 1436)
4(1344 1348 1436 1434)
4(1434 1436 1440 1435)
4(1438 1439 1442 1441)
4(1436 1438 1441 1440)
4(1436 1437 1439 1438)
4(1349 1350 1439 1437)
4(1261 1265 1294 1293)
4(1265 1267 1295 1294)
4(1297 1298 1300 1299)
4(1261 1293 1301 1271)
4(1297 1301 1302 1298)
4(1297 1299 1303 1301)
4(1271 1301 1303 1273)
4(1298 1304 1305 1300)
4(1298 1302 1306 1304)
4(1382 1435 1443 1389)
4(1304 1306 1307 1305)
4(1299 1300 1309 1308)
4(1299 1308 1311 1303)
4(1273 1303 1311 1277)
4(1277 1311 1313 1279)
4(1309 1310 1314 1312)
4(1308 1309 1312 1311)
4(1311 1312 1314 1313)
4(1300 1305 1315 1309)
4(1309 1315 1316 1310)
4(1305 1307 1317 1315)
4(1389 1443 1444 1391)
4(1315 1317 1318 1316)
4(1293 1294 1319 1301)
4(1301 1319 1320 1302)
4(1294 1295 1321 1319)
4(1319 1321 1322 1320)
4(1295 1296 1322 1321)
4(1302 1320 1323 1306)
4(1306 1323 1325 1307)
4(1323 1324 1326 1325)
4(1435 1440 1445 1443)
4(1320 1322 1327 1323)
4(1323 1327 1328 1324)
4(1441 1442 1447 1446)
4(1440 1441 1446 1445)
4(1307 1325 1330 1317)
4(1325 1326 1331 1330)
4(1394 1397 1448 1445)
4(1317 1330 1332 1318)
4(1330 1333 1335 1332)
4(1394 1445 1446 1395)
4(1330 1331 1334 1333)
4(1443 1445 1448 1444)
4(1324 1328 1329 1326)
4(1326 1329 1334 1331)
4(1275 1278 1337 1336)
4(1278 1279 1338 1337)
4(1337 1338 1340 1339)
4(1275 1336 1342 1288)
4(1287 1288 1342 1341)
4(1287 1341 1343 1291)
4(1341 1342 1344 1343)
4(1337 1339 1346 1345)
4(1336 1337 1345 1342)
4(1345 1346 1349 1348)
4(1342 1345 1348 1344)
4(1339 1340 1347 1346)
4(1346 1347 1350 1349)
4(1391 1444 1448 1397)
4(1335 1415 1453 1363)
4(1363 1453 1454 1364)
4(1415 1419 1455 1453)
4(1415 1416 1420 1419)
4(1453 1455 1456 1454)
4(1279 1313 1351 1338)
4(1313 1314 1352 1351)
4(1338 1351 1353 1340)
4(1350 1359 1449 1439)
4(1351 1352 1354 1353)
4(1310 1316 1318 1314)
4(1314 1318 1355 1352)
4(1359 1360 1450 1449)
4(1318 1332 1361 1355)
4(1352 1356 1358 1354)
4(1352 1355 1361 1356)
4(1356 1361 1362 1358)
4(1332 1335 1363 1361)
4(1361 1363 1364 1362)
4(1340 1353 1357 1347)
4(1353 1354 1358 1357)
4(1347 1357 1359 1350)
4(1439 1449 1451 1442)
4(1357 1358 1360 1359)
4(1358 1362 1364 1360)
4(1449 1450 1452 1451)
4(1360 1364 1454 1450)
4(1450 1454 1456 1452)
4(1395 1446 1457 1429)
4(1429 1457 1458 1430)
4(1446 1447 1459 1457)
4(1457 1459 1460 1458)
4(1419 1432 1461 1455)
4(1455 1461 1462 1456)
4(1430 1458 1461 1432)
4(1266 1365 1366 1267)
4(1365 1367 1368 1366)
4(1458 1460 1462 1461)
4(1442 1451 1459 1447)
4(1367 1369 1370 1368)
4(1451 1452 1460 1459)
4(1282 1283 1372 1371)
4(1266 1284 1374 1365)
4(1282 1371 1374 1284)
4(1263 1282 1284 1266)
4(1365 1374 1376 1367)
4(1452 1456 1462 1460)
4(1374 1375 1377 1376)
4(1372 1373 1377 1375)
4(1371 1372 1375 1374)
4(1283 1290 1378 1372)
4(1290 1292 1380 1378)
4(1291 1379 1380 1292)
4(1289 1291 1292 1290)
4(1372 1378 1381 1373)
4(1378 1380 1382 1381)
4(1367 1376 1384 1369)
4(1376 1377 1386 1384)
4(1373 1383 1386 1377)
4(1369 1384 1385 1370)
4(1384 1386 1387 1385)
4(1373 1381 1388 1383)
4(1381 1382 1389 1388)
4(1388 1389 1391 1390)
4(1388 1390 1396 1392)
4(1383 1388 1392 1386)
4(1386 1392 1393 1387)
4(1392 1396 1397 1394)
4(1392 1394 1395 1393)
4(1390 1391 1397 1396)
4(1267 1366 1398 1295)
4(1295 1398 1399 1296)
4(1366 1368 1400 1398)
4(1398 1400 1401 1399)
4(1368 1370 1402 1400)
4(1400 1402 1403 1401)
4(1296 1399 1404 1322)
4(1322 1404 1406 1327)
4(1327 1406 1407 1328)
4(1399 1401 1405 1404)
4(1404 1405 1409 1406)
4(1406 1409 1410 1407)
4(1333 1413 1415 1335)
4(1333 1334 1414 1413)
4(1413 1414 1416 1415)
4(1370 1385 1421 1402)
4(1402 1421 1422 1403)
4(1385 1387 1423 1421)
4(1421 1423 1424 1422)
4(1401 1403 1422 1405)
4(1405 1422 1425 1409)
4(1409 1425 1426 1411)
4(1409 1411 1412 1410)
4(1422 1424 1426 1425)
4(1387 1393 1427 1423)
4(1423 1427 1428 1424)
4(1393 1395 1429 1427)
4(1427 1429 1430 1428)
4(1411 1426 1431 1417)
4(1411 1417 1418 1412)
4(1417 1431 1432 1419)
4(1417 1419 1420 1418)
4(1424 1428 1431 1426)
4(1428 1430 1432 1431)
4(1328 1407 1408 1329)
4(1407 1410 1412 1408)
4(1329 1408 1414 1334)
4(1408 1412 1418 1414)
4(1414 1418 1420 1416)
4(2191 1706 1466 1948)
4(1948 1466 1468 1951)
4(1951 1468 1470 1952)
4(1952 1470 1472 1955)
4(1955 1472 1474 1956)
4(1706 1709 1476 1466)
4(1709 1710 1478 1476)
4(2108 2129 1622 1595)
4(1710 1713 1480 1478)
4(2129 2130 1623 1622)
4(1713 1714 1482 1480)
4(1466 1476 1483 1468)
4(2130 2131 1626 1623)
4(1468 1483 1484 1470)
4(1476 1478 1485 1483)
4(2131 2132 1627 1626)
4(1483 1485 1486 1484)
4(2132 2289 1917 1627)
4(1470 1484 1487 1472)
4(1472 1487 1488 1474)
4(1595 1622 1630 1609)
4(1484 1486 1489 1487)
4(1487 1489 1490 1488)
4(1622 1623 1631 1630)
4(1478 1480 1491 1485)
4(1485 1491 1492 1486)
4(1609 1630 1632 1611)
4(1480 1482 1493 1491)
4(1491 1493 1494 1492)
4(1630 1631 1633 1632)
4(1486 1492 1495 1489)
4(1489 1495 1496 1490)
4(1623 1626 1634 1631)
4(1492 1494 1497 1495)
4(1495 1497 1498 1496)
4(1626 1627 1635 1634)
4(1631 1634 1636 1633)
4(1634 1635 1637 1636)
4(1611 1632 1638 1617)
4(1632 1633 1639 1638)
4(1617 1638 1640 1619)
4(1638 1639 1641 1640)
4(1633 1636 1642 1639)
4(1636 1637 1643 1642)
4(1639 1642 1644 1641)
4(1642 1643 1645 1644)
4(1627 1917 1918 1635)
4(1635 1918 1919 1637)
4(1637 1919 1920 1643)
4(1643 1920 1921 1645)
4(1956 1474 1500 1983)
4(1983 1500 1502 1984)
4(1984 1502 1504 1987)
4(1987 1504 1506 1988)
4(1988 1506 1827 2214)
4(1474 1488 1509 1500)
4(1500 1509 1510 1502)
4(1488 1490 1511 1509)
4(1509 1511 1512 1510)
4(1502 1510 1513 1504)
4(1504 1513 1514 1506)
4(1510 1512 1515 1513)
4(1513 1515 1516 1514)
4(1490 1496 1517 1511)
4(1511 1517 1518 1512)
4(1496 1498 1519 1517)
4(1517 1519 1520 1518)
4(1512 1518 1521 1515)
4(1515 1521 1522 1516)
4(1518 1520 1523 1521)
4(1521 1523 1524 1522)
4(1506 1514 1830 1827)
4(1514 1516 1831 1830)
4(1516 1522 1834 1831)
4(1522 1524 1835 1834)
4(1714 1741 1530 1482)
4(1741 1742 1532 1530)
4(1742 1745 1534 1532)
4(1745 1746 1536 1534)
4(1482 1530 1537 1493)
4(1493 1537 1538 1494)
4(1530 1532 1539 1537)
4(1537 1539 1540 1538)
4(1494 1538 1541 1497)
4(1497 1541 1542 1498)
4(1538 1540 1543 1541)
4(1541 1543 1544 1542)
4(1532 1534 1545 1539)
4(1539 1545 1546 1540)
4(1534 1536 1547 1545)
4(1545 1547 1548 1546)
4(1540 1546 1549 1543)
4(1543 1549 1550 1544)
4(1546 1548 1551 1549)
4(1549 1551 1552 1550)
4(1746 2232 2014 1536)
4(1536 2014 2017 1547)
4(1547 2017 2018 1548)
4(1548 2018 2021 1551)
4(1551 2021 2022 1552)
4(1800 1603 1651 1821)
4(1821 1651 1653 1822)
4(1822 1653 1655 1823)
4(1823 1655 1657 1824)
4(1603 1614 1658 1651)
4(1614 1615 1659 1658)
4(1651 1658 1660 1653)
4(1658 1659 1661 1660)
4(1615 1618 1662 1659)
4(1618 1619 1663 1662)
4(1659 1662 1664 1661)
4(1662 1663 1665 1664)
4(1498 1542 1559 1519)
4(1519 1559 1560 1520)
4(1542 1544 1561 1559)
4(1653 1660 1666 1655)
4(1559 1561 1562 1560)
4(1520 1560 1563 1523)
4(1523 1563 1564 1524)
4(1660 1661 1667 1666)
4(1560 1562 1565 1563)
4(1563 1565 1566 1564)
4(1544 1550 1567 1561)
4(1655 1666 1668 1657)
4(1561 1567 1568 1562)
4(1550 1552 1569 1567)
4(1567 1569 1570 1568)
4(1666 1667 1669 1668)
4(1562 1568 1571 1565)
4(1565 1571 1572 1566)
4(1661 1664 1670 1667)
4(1568 1570 1573 1571)
4(1571 1573 1574 1572)
4(1664 1665 1671 1670)
4(1524 1564 1862 1835)
4(1667 1670 1672 1669)
4(1564 1566 1863 1862)
4(1670 1671 1673 1672)
4(1824 1657 2159 2306)
4(1566 1572 1866 1863)
4(1657 1668 2160 2159)
4(1668 1669 2161 2160)
4(1572 1574 1867 1866)
4(1669 1672 2162 2161)
4(1672 1673 2163 2162)
4(1552 2022 2049 1569)
4(1569 2049 2050 1570)
4(1570 2050 2053 1573)
4(1573 2053 2054 1574)
4(1574 2054 2254 1867)
4(2267 2104 1587 1796)
4(2104 2105 1590 1587)
4(2105 2106 1591 1590)
4(2106 2107 1594 1591)
4(2107 2108 1595 1594)
4(1796 1587 1597 1797)
4(1797 1597 1599 1798)
4(1798 1599 1601 1799)
4(1799 1601 1603 1800)
4(1587 1590 1604 1597)
4(1590 1591 1605 1604)
4(1597 1604 1606 1599)
4(1604 1605 1607 1606)
4(1591 1594 1608 1605)
4(1594 1595 1609 1608)
4(1605 1608 1610 1607)
4(1608 1609 1611 1610)
4(1599 1606 1612 1601)
4(1606 1607 1613 1612)
4(1601 1612 1614 1603)
4(1612 1613 1615 1614)
4(1607 1610 1616 1613)
4(1610 1611 1617 1616)
4(1613 1616 1618 1615)
4(1616 1617 1619 1618)
4(1619 1640 1680 1663)
4(1640 1641 1681 1680)
4(1663 1680 1682 1665)
4(1680 1681 1683 1682)
4(1641 1644 1684 1681)
4(1644 1645 1685 1684)
4(1681 1684 1686 1683)
4(1684 1685 1687 1686)
4(1665 1682 1688 1671)
4(1682 1683 1689 1688)
4(1671 1688 1690 1673)
4(1688 1689 1691 1690)
4(1683 1686 1692 1689)
4(1686 1687 1693 1692)
4(1689 1692 1694 1691)
4(1692 1693 1695 1694)
4(1645 1921 1942 1685)
4(1685 1942 1943 1687)
4(1687 1943 1944 1693)
4(1693 1944 1945 1695)
4(1673 1690 2184 2163)
4(1690 1691 2185 2184)
4(1691 1694 2186 2185)
4(1694 1695 2187 2186)
4(1695 1945 2327 2187)
4(1948 2193 1705 2191)
4(2191 1947 2194 1706)
4(1951 2196 2193 1948)
4(1706 2194 2200 1709)
4(1952 2197 2196 1951)
4(1955 2198 2197 1952)
4(1956 2199 2198 1955)
4(1983 2208 2199 1956)
4(1709 2200 2201 1710)
4(1710 2201 2202 1713)
4(1713 2202 2203 1714)
4(1714 2203 2226 1741)
4(1984 2209 2208 1983)
4(1987 2210 2209 1984)
4(1988 2211 2210 1987)
4(2214 1826 2211 1988)
4(1827 2216 1991 2214)
4(1830 2218 2216 1827)
4(1831 2219 2218 1830)
4(1834 2220 2219 1831)
4(1835 2221 2220 1834)
4(1862 2244 2221 1835)
4(1741 2226 2227 1742)
4(1742 2227 2228 1745)
4(1745 2228 2229 1746)
4(1746 2229 2013 2232)
4(2232 1749 2234 2014)
4(2014 2234 2236 2017)
4(2017 2236 2237 2018)
4(2018 2237 2238 2021)
4(2021 2238 2239 2022)
4(2022 2239 2248 2049)
4(1863 2245 2244 1862)
4(1866 2246 2245 1863)
4(1867 2247 2246 1866)
4(2254 2057 2247 1867)
4(2049 2248 2249 2050)
4(2050 2249 2250 2053)
4(2053 2250 2251 2054)
4(2054 2251 1870 2254)
4(2267 1795 2269 2104)
4(1796 2270 2103 2267)
4(2104 2269 2271 2105)
4(1797 2275 2270 1796)
4(2105 2271 2272 2106)
4(2106 2272 2273 2107)
4(2107 2273 2274 2108)
4(2108 2274 2283 2129)
4(1798 2276 2275 1797)
4(1799 2277 2276 1798)
4(1800 2278 2277 1799)
4(1821 2300 2278 1800)
4(2129 2283 2284 2130)
4(2130 2284 2285 2131)
4(2131 2285 2286 2132)
4(2132 2286 1916 2289)
4(2289 2133 2291 1917)
4(1917 2291 2292 1918)
4(1918 2292 2293 1919)
4(1919 2293 2294 1920)
4(1920 2294 2295 1921)
4(1921 2295 2317 1942)
4(1822 2301 2300 1821)
4(1823 2302 2301 1822)
4(1824 2303 2302 1823)
4(2306 2158 2303 1824)
4(2159 2308 1825 2306)
4(2160 2309 2308 2159)
4(2161 2310 2309 2160)
4(2162 2311 2310 2161)
4(2163 2312 2311 2162)
4(2184 2321 2312 2163)
4(1942 2317 2318 1943)
4(1943 2318 2319 1944)
4(1944 2319 2320 1945)
4(1945 2320 2188 2327)
4(2185 2322 2321 2184)
4(2186 2323 2322 2185)
4(2187 2324 2323 2186)
4(2327 1946 2324 2187)
4(2191 1705 2192 1947)
4(2214 1991 2215 1826)
4(2232 2013 2233 1749)
4(2254 1870 2255 2057)
4(2267 2103 2268 1795)
4(2289 1916 2290 2133)
4(2306 1825 2307 2158)
4(2327 2188 2328 1946)
4(2190 1949 1708 1465)
4(1465 1708 1711 1475)
4(1475 1711 1712 1477)
4(1477 1712 1715 1479)
4(1479 1715 1716 1481)
4(1949 1959 1718 1708)
4(1959 1961 1720 1718)
4(1961 1963 1722 1720)
4(1963 1965 1724 1722)
4(1740 1784 1801 1761)
4(1761 1801 1802 1762)
4(1708 1718 1725 1711)
4(1711 1725 1726 1712)
4(1784 1786 1803 1801)
4(1718 1720 1727 1725)
4(1725 1727 1728 1726)
4(1712 1726 1729 1715)
4(1801 1803 1804 1802)
4(1715 1729 1730 1716)
4(1726 1728 1731 1729)
4(1729 1731 1732 1730)
4(1762 1802 1805 1765)
4(1720 1722 1733 1727)
4(1727 1733 1734 1728)
4(1722 1724 1735 1733)
4(1765 1805 1806 1766)
4(1733 1735 1736 1734)
4(1728 1734 1737 1731)
4(1731 1737 1738 1732)
4(1802 1804 1807 1805)
4(1734 1736 1739 1737)
4(1737 1739 1740 1738)
4(1805 1807 1808 1806)
4(1786 1792 1809 1803)
4(1803 1809 1810 1804)
4(1792 1794 1811 1809)
4(1809 1811 1812 1810)
4(1804 1810 1813 1807)
4(1807 1813 1814 1808)
4(1810 1812 1815 1813)
4(1813 1815 1816 1814)
4(1481 1716 1743 1529)
4(1529 1743 1744 1531)
4(1531 1744 1747 1533)
4(1533 1747 1748 1535)
4(1766 1806 2134 2031)
4(1806 1808 2136 2134)
4(1808 1814 2138 2136)
4(1814 1816 2140 2138)
4(1535 1748 2015 2231)
4(1716 1730 1751 1743)
4(1743 1751 1752 1744)
4(1730 1732 1753 1751)
4(1751 1753 1754 1752)
4(1744 1752 1755 1747)
4(1747 1755 1756 1748)
4(1752 1754 1757 1755)
4(1755 1757 1758 1756)
4(1732 1738 1759 1753)
4(1753 1759 1760 1754)
4(1738 1740 1761 1759)
4(1759 1761 1762 1760)
4(1754 1760 1763 1757)
4(1757 1763 1764 1758)
4(1760 1762 1765 1763)
4(1763 1765 1766 1764)
4(1794 1602 1650 1811)
4(1748 1756 2025 2015)
4(1811 1650 1652 1812)
4(1756 1758 2027 2025)
4(1812 1652 1654 1815)
4(1758 1764 2029 2027)
4(1815 1654 1656 1816)
4(1764 1766 2031 2029)
4(1816 1656 2305 2140)
4(1965 2079 1772 1724)
4(2079 2081 1774 1772)
4(2081 2083 1776 1774)
4(2083 2085 1778 1776)
4(1724 1772 1779 1735)
4(1735 1779 1780 1736)
4(1772 1774 1781 1779)
4(1779 1781 1782 1780)
4(1736 1780 1783 1739)
4(1739 1783 1784 1740)
4(1780 1782 1785 1783)
4(1783 1785 1786 1784)
4(1774 1776 1787 1781)
4(1781 1787 1788 1782)
4(1776 1778 1789 1787)
4(1787 1789 1790 1788)
4(1782 1788 1791 1785)
4(1785 1791 1792 1786)
4(1788 1790 1793 1791)
4(1791 1793 1794 1792)
4(2085 2266 1586 1778)
4(1778 1586 1596 1789)
4(1789 1596 1598 1790)
4(1790 1598 1600 1793)
4(1793 1600 1602 1794)
4(1465 2194 1947 2190)
4(2190 1463 2195 1949)
4(1475 2200 2194 1465)
4(1949 2195 2204 1959)
4(1477 2201 2200 1475)
4(1479 2202 2201 1477)
4(1481 2203 2202 1479)
4(1529 2226 2203 1481)
4(1959 2204 2205 1961)
4(1961 2205 2206 1963)
4(1963 2206 2207 1965)
4(1965 2207 2261 2079)
4(1531 2227 2226 1529)
4(1533 2228 2227 1531)
4(1535 2229 2228 1533)
4(2231 2013 2229 1535)
4(2015 2235 1553 2231)
4(2025 2240 2235 2015)
4(2027 2241 2240 2025)
4(2029 2242 2241 2027)
4(2031 2243 2242 2029)
4(2134 2296 2243 2031)
4(2079 2261 2262 2081)
4(2081 2262 2263 2083)
4(2083 2263 2264 2085)
4(2085 2264 1584 2266)
4(2266 2103 2270 1586)
4(1586 2270 2275 1596)
4(1596 2275 2276 1598)
4(1598 2276 2277 1600)
4(1600 2277 2278 1602)
4(1602 2278 2300 1650)
4(2136 2297 2296 2134)
4(2138 2298 2297 2136)
4(2140 2299 2298 2138)
4(2305 1674 2299 2140)
4(1650 2300 2301 1652)
4(1652 2301 2302 1654)
4(1654 2302 2303 1656)
4(1656 2303 2158 2305)
4(2190 1947 2192 1463)
4(2231 1553 2233 2013)
4(2266 1584 2268 2103)
4(2305 2158 2307 1674)
4(1897 1908 1910 1899)
4(1908 1909 1911 1910)
4(1903 1906 1912 1909)
4(1906 1907 1913 1912)
4(1909 1912 1914 1911)
4(1912 1913 1915 1914)
4(2128 1899 1629 2288)
4(1899 1910 1646 1629)
4(1910 1911 1647 1646)
4(1911 1914 1648 1647)
4(1914 1915 1649 1648)
4(2213 1508 1829 1992)
4(1508 1525 1832 1829)
4(1525 1526 1833 1832)
4(1526 1527 1836 1833)
4(1527 1528 1837 1836)
4(1992 1829 1839 2009)
4(2009 1839 1841 2010)
4(2010 1841 1843 2011)
4(2011 1843 1845 2012)
4(1829 1832 1846 1839)
4(1832 1833 1847 1846)
4(1839 1846 1848 1841)
4(1846 1847 1849 1848)
4(1833 1836 1850 1847)
4(1836 1837 1851 1850)
4(1847 1850 1852 1849)
4(1850 1851 1853 1852)
4(1841 1848 1854 1843)
4(1848 1849 1855 1854)
4(1843 1854 1856 1845)
4(1854 1855 1857 1856)
4(1849 1852 1858 1855)
4(1852 1853 1859 1858)
4(1855 1858 1860 1857)
4(1858 1859 1861 1860)
4(1528 1575 1864 1837)
4(1575 1576 1865 1864)
4(1576 1577 1868 1865)
4(1577 1578 1869 1868)
4(1578 2253 2058 1869)
4(1837 1864 1872 1851)
4(1864 1865 1873 1872)
4(1851 1872 1874 1853)
4(1872 1873 1875 1874)
4(1865 1868 1876 1873)
4(1868 1869 1877 1876)
4(1873 1876 1878 1875)
4(1876 1877 1879 1878)
4(1853 1874 1880 1859)
4(1874 1875 1881 1880)
4(1859 1880 1882 1861)
4(1880 1881 1883 1882)
4(1875 1878 1884 1881)
4(1878 1879 1885 1884)
4(1881 1884 1886 1883)
4(1884 1885 1887 1886)
4(1869 2058 2075 1877)
4(1877 2075 2076 1879)
4(1879 2076 2077 1885)
4(1885 2077 2078 1887)
4(1861 1882 1922 1905)
4(1882 1883 1923 1922)
4(1905 1922 1924 1907)
4(1922 1923 1925 1924)
4(1883 1886 1926 1923)
4(1886 1887 1927 1926)
4(1923 1926 1928 1925)
4(1926 1927 1929 1928)
4(1907 1924 1930 1913)
4(1924 1925 1931 1930)
4(1913 1930 1932 1915)
4(1930 1931 1933 1932)
4(1925 1928 1934 1931)
4(1928 1929 1935 1934)
4(1931 1934 1936 1933)
4(1934 1935 1937 1936)
4(2012 1845 1893 2125)
4(2125 1893 1895 2126)
4(2126 1895 1897 2127)
4(2127 1897 1899 2128)
4(1887 2078 2180 1927)
4(1927 2180 2181 1929)
4(1929 2181 2182 1935)
4(1935 2182 2183 1937)
4(1845 1856 1900 1893)
4(1856 1857 1901 1900)
4(1893 1900 1902 1895)
4(1900 1901 1903 1902)
4(1915 1932 1696 1649)
4(1857 1860 1904 1901)
4(1932 1933 1697 1696)
4(1860 1861 1905 1904)
4(1933 1936 1698 1697)
4(1936 1937 1699 1698)
4(1901 1904 1906 1903)
4(1904 1905 1907 1906)
4(1895 1902 1908 1897)
4(1902 1903 1909 1908)
4(1937 2183 2326 1699)
4(2213 1991 2216 1508)
4(1992 2217 1507 2213)
4(1508 2216 2218 1525)
4(2009 2222 2217 1992)
4(1525 2218 2219 1526)
4(1526 2219 2220 1527)
4(1527 2220 2221 1528)
4(1528 2221 2244 1575)
4(2010 2223 2222 2009)
4(2011 2224 2223 2010)
4(2012 2225 2224 2011)
4(2125 2279 2225 2012)
4(1575 2244 2245 1576)
4(1576 2245 2246 1577)
4(1577 2246 2247 1578)
4(1578 2247 2057 2253)
4(2253 1583 2256 2058)
4(2058 2256 2257 2075)
4(2075 2257 2258 2076)
4(2076 2258 2259 2077)
4(2077 2259 2260 2078)
4(2078 2260 2313 2180)
4(2126 2280 2279 2125)
4(2127 2281 2280 2126)
4(2128 2282 2281 2127)
4(2288 1628 2282 2128)
4(1629 2291 2133 2288)
4(1646 2292 2291 1629)
4(1647 2293 2292 1646)
4(1648 2294 2293 1647)
4(1649 2295 2294 1648)
4(1696 2317 2295 1649)
4(2180 2313 2314 2181)
4(2181 2314 2315 2182)
4(2182 2315 2316 2183)
4(2183 2316 1704 2326)
4(1697 2318 2317 1696)
4(1698 2319 2318 1697)
4(1699 2320 2319 1698)
4(2326 2188 2320 1699)
4(2213 1507 2215 1991)
4(2253 2057 2255 1583)
4(2288 2133 2290 1628)
4(2326 1704 2328 2188)
4(2189 1464 1950 1707)
4(1464 1467 1953 1950)
4(1467 1469 1954 1953)
4(1469 1471 1957 1954)
4(1471 1473 1958 1957)
4(2102 2119 1620 1593)
4(2119 2120 1621 1620)
4(2120 2123 1624 1621)
4(2123 2124 1625 1624)
4(2124 1898 2287 1625)
4(1707 1950 1960 1717)
4(1717 1960 1962 1719)
4(1719 1962 1964 1721)
4(1721 1964 1966 1723)
4(1950 1953 1967 1960)
4(1953 1954 1968 1967)
4(1960 1967 1969 1962)
4(1967 1968 1970 1969)
4(1954 1957 1971 1968)
4(1957 1958 1972 1971)
4(1968 1971 1973 1970)
4(1971 1972 1974 1973)
4(1962 1969 1975 1964)
4(1969 1970 1976 1975)
4(1964 1975 1977 1966)
4(1975 1976 1978 1977)
4(1970 1973 1979 1976)
4(1973 1974 1980 1979)
4(1976 1979 1981 1978)
4(1979 1980 1982 1981)
4(1473 1499 1985 1958)
4(1499 1501 1986 1985)
4(1501 1503 1989 1986)
4(1503 1505 1990 1989)
4(1505 2212 1828 1990)
4(1958 1985 1993 1972)
4(1985 1986 1994 1993)
4(1972 1993 1995 1974)
4(1993 1994 1996 1995)
4(1986 1989 1997 1994)
4(1989 1990 1998 1997)
4(1994 1997 1999 1996)
4(1997 1998 2000 1999)
4(1974 1995 2001 1980)
4(1995 1996 2002 2001)
4(1980 2001 2003 1982)
4(2001 2002 2004 2003)
4(1996 1999 2005 2002)
4(1999 2000 2006 2005)
4(2002 2005 2007 2004)
4(2005 2006 2008 2007)
4(1990 1828 1838 1998)
4(1998 1838 1840 2000)
4(2000 1840 1842 2006)
4(2006 1842 1844 2008)
4(1770 1817 2135 2032)
4(1817 1818 2137 2135)
4(1818 1819 2139 2137)
4(1819 1820 2141 2139)
4(2230 1750 2016 1554)
4(2032 2135 2142 2043)
4(1554 2016 2019 1555)
4(2043 2142 2143 2044)
4(1555 2019 2020 1556)
4(1556 2020 2023 1557)
4(2135 2137 2144 2142)
4(1557 2023 2024 1558)
4(2142 2144 2145 2143)
4(2044 2143 2146 2047)
4(2047 2146 2147 2048)
4(2143 2145 2148 2146)
4(2146 2148 2149 2147)
4(2137 2139 2150 2144)
4(2144 2150 2151 2145)
4(2139 2141 2152 2150)
4(2150 2152 2153 2151)
4(2145 2151 2154 2148)
4(2148 2154 2155 2149)
4(2151 2153 2156 2154)
4(2154 2156 2157 2155)
4(1750 1767 2026 2016)
4(1767 1768 2028 2026)
4(1768 1769 2030 2028)
4(1769 1770 2032 2030)
4(2016 2026 2033 2019)
4(2019 2033 2034 2020)
4(2026 2028 2035 2033)
4(2033 2035 2036 2034)
4(2020 2034 2037 2023)
4(2023 2037 2038 2024)
4(2034 2036 2039 2037)
4(2037 2039 2040 2038)
4(2028 2030 2041 2035)
4(2035 2041 2042 2036)
4(2030 2032 2043 2041)
4(2041 2043 2044 2042)
4(2036 2042 2045 2039)
4(2039 2045 2046 2040)
4(2042 2044 2047 2045)
4(2045 2047 2048 2046)
4(1820 2304 1675 2141)
4(2141 1675 1676 2152)
4(2152 1676 1677 2153)
4(2153 1677 1678 2156)
4(1558 2024 2051 1579)
4(2156 1678 1679 2157)
4(1579 2051 2052 1580)
4(1580 2052 2055 1581)
4(1581 2055 2056 1582)
4(1582 2056 1871 2252)
4(2024 2038 2059 2051)
4(2051 2059 2060 2052)
4(2038 2040 2061 2059)
4(2059 2061 2062 2060)
4(2052 2060 2063 2055)
4(2055 2063 2064 2056)
4(2060 2062 2065 2063)
4(2063 2065 2066 2064)
4(2040 2046 2067 2061)
4(2061 2067 2068 2062)
4(2046 2048 2069 2067)
4(2067 2069 2070 2068)
4(2062 2068 2071 2065)
4(2065 2071 2072 2066)
4(2068 2070 2073 2071)
4(2071 2073 2074 2072)
4(2056 2064 1888 1871)
4(2064 2066 1889 1888)
4(2066 2072 1890 1889)
4(2072 2074 1891 1890)
4(1723 1966 2080 1771)
4(1771 2080 2082 1773)
4(1773 2082 2084 1775)
4(1775 2084 2086 1777)
4(1966 1977 2087 2080)
4(1977 1978 2088 2087)
4(2080 2087 2089 2082)
4(2087 2088 2090 2089)
4(1978 1981 2091 2088)
4(1981 1982 2092 2091)
4(2088 2091 2093 2090)
4(2091 2092 2094 2093)
4(2082 2089 2095 2084)
4(2089 2090 2096 2095)
4(2084 2095 2097 2086)
4(2095 2096 2098 2097)
4(2090 2093 2099 2096)
4(2093 2094 2100 2099)
4(2096 2099 2101 2098)
4(2099 2100 2102 2101)
4(1777 2086 1585 2265)
4(2086 2097 1588 1585)
4(2097 2098 1589 1588)
4(2098 2101 1592 1589)
4(2101 2102 1593 1592)
4(2048 2147 2164 2069)
4(2069 2164 2165 2070)
4(1982 2003 2109 2092)
4(2147 2149 2166 2164)
4(2003 2004 2110 2109)
4(2164 2166 2167 2165)
4(2092 2109 2111 2094)
4(2070 2165 2168 2073)
4(2109 2110 2112 2111)
4(2073 2168 2169 2074)
4(2004 2007 2113 2110)
4(2007 2008 2114 2113)
4(2165 2167 2170 2168)
4(2110 2113 2115 2112)
4(2113 2114 2116 2115)
4(2168 2170 2171 2169)
4(2094 2111 2117 2100)
4(2149 2155 2172 2166)
4(2111 2112 2118 2117)
4(2166 2172 2173 2167)
4(2100 2117 2119 2102)
4(2117 2118 2120 2119)
4(2155 2157 2174 2172)
4(2112 2115 2121 2118)
4(2115 2116 2122 2121)
4(2172 2174 2175 2173)
4(2118 2121 2123 2120)
4(2121 2122 2124 2123)
4(2167 2173 2176 2170)
4(2008 1844 1892 2114)
4(2170 2176 2177 2171)
4(2114 1892 1894 2116)
4(2173 2175 2178 2176)
4(2116 1894 1896 2122)
4(2176 2178 2179 2177)
4(2074 2169 1938 1891)
4(2122 1896 1898 2124)
4(2169 2171 1939 1938)
4(2171 2177 1940 1939)
4(2177 2179 1941 1940)
4(2157 1679 1700 2174)
4(2174 1700 1701 2175)
4(2175 1701 1702 2178)
4(2178 1702 1703 2179)
4(2179 1703 2325 1941)
4(2189 1705 2193 1464)
4(1707 2195 1463 2189)
4(1464 2193 2196 1467)
4(1717 2204 2195 1707)
4(1467 2196 2197 1469)
4(1469 2197 2198 1471)
4(1471 2198 2199 1473)
4(1473 2199 2208 1499)
4(1719 2205 2204 1717)
4(1721 2206 2205 1719)
4(1723 2207 2206 1721)
4(1771 2261 2207 1723)
4(1499 2208 2209 1501)
4(1501 2209 2210 1503)
4(1503 2210 2211 1505)
4(1505 2211 1826 2212)
4(2212 1507 2217 1828)
4(1828 2217 2222 1838)
4(1838 2222 2223 1840)
4(1840 2223 2224 1842)
4(1842 2224 2225 1844)
4(1844 2225 2279 1892)
4(1554 2234 1749 2230)
4(2230 1553 2235 1750)
4(1555 2236 2234 1554)
4(1750 2235 2240 1767)
4(1556 2237 2236 1555)
4(1557 2238 2237 1556)
4(1558 2239 2238 1557)
4(1579 2248 2239 1558)
4(1767 2240 2241 1768)
4(1768 2241 2242 1769)
4(1769 2242 2243 1770)
4(1770 2243 2296 1817)
4(1580 2249 2248 1579)
4(1581 2250 2249 1580)
4(1582 2251 2250 1581)
4(2252 1870 2251 1582)
4(1871 2256 1583 2252)
4(1888 2257 2256 1871)
4(1889 2258 2257 1888)
4(1890 2259 2258 1889)
4(1891 2260 2259 1890)
4(1938 2313 2260 1891)
4(1773 2262 2261 1771)
4(1775 2263 2262 1773)
4(1777 2264 2263 1775)
4(2265 1584 2264 1777)
4(1585 2269 1795 2265)
4(1588 2271 2269 1585)
4(1589 2272 2271 1588)
4(1592 2273 2272 1589)
4(1593 2274 2273 1592)
4(1620 2283 2274 1593)
4(1892 2279 2280 1894)
4(1894 2280 2281 1896)
4(1896 2281 2282 1898)
4(1898 2282 1628 2287)
4(1621 2284 2283 1620)
4(1624 2285 2284 1621)
4(1625 2286 2285 1624)
4(2287 1916 2286 1625)
4(1817 2296 2297 1818)
4(1818 2297 2298 1819)
4(1819 2298 2299 1820)
4(1820 2299 1674 2304)
4(2304 1825 2308 1675)
4(1675 2308 2309 1676)
4(1676 2309 2310 1677)
4(1677 2310 2311 1678)
4(1678 2311 2312 1679)
4(1679 2312 2321 1700)
4(1939 2314 2313 1938)
4(1940 2315 2314 1939)
4(1941 2316 2315 1940)
4(2325 1704 2316 1941)
4(1700 2321 2322 1701)
4(1701 2322 2323 1702)
4(1702 2323 2324 1703)
4(1703 2324 1946 2325)
4(2189 1463 2192 1705)
4(2212 1826 2215 1507)
4(2230 1749 2233 1553)
4(2252 1583 2255 1870)
4(2265 1795 2268 1584)
4(2287 1628 2290 1916)
4(2304 1674 2307 1825)
4(2325 1946 2328 1704)
)


// ************************************************************************* //
