/*--------------------------------*- C++ -*----------------------------------*\
| =========                 |                                                 |
| \\      /  F ield         | OpenFOAM: The Open Source CFD Toolbox           |
|  \\    /   O peration     | Version:  2412                                  |
|   \\  /    A nd           | Website:  www.openfoam.com                      |
|    \\/     M anipulation  |                                                 |
\*---------------------------------------------------------------------------*/
FoamFile
{
    version     2.0;
    format      ascii;
    arch        "LSB;label=32;scalar=64";
    class       vectorField;
    location    "constant/polyMesh";
    object      points;
}
// * * * * * * * * * * * * * * * * * * * * * * * * * * * * * * * * * * * * * //


2329
(
(-1.27535922991714 -1.27539685111437 -1.27536987902309)
(-1.04178913322909 -1.27459137888426 -1.27457077789532)
(-1.27484828772786 -1.04220742807389 -1.27487237105888)
(-1.04024279483331 -1.04046306068251 -1.27342635862469)
(-1.27449620067825 -1.27456268196925 -1.04181182936234)
(-1.03910723791084 -1.27227274400794 -1.03931143259644)
(-1.27324216933358 -1.04038827309976 -1.04026974811275)
(-1.03529986116329 -1.03577257654302 -1.03572748698319)
(-0.795353752622887 -1.27360025432927 -1.27367723681824)
(-0.792125034160551 -1.03852899977678 -1.27144502344108)
(-0.536681068228491 -1.27267505211834 -1.27292370158129)
(-0.532725961074466 -1.03668084893276 -1.26988538626935)
(-0.78991647717315 -1.26875259521423 -1.03642537531466)
(-0.530096190457955 -1.26570190852586 -1.03411362407303)
(-0.782624532661904 -1.02947929695042 -1.03023489047186)
(-0.521107096120423 -1.02383370390401 -1.02626688471511)
(-0.269659773900347 -1.27193266478895 -1.27224970038494)
(-0.26632289503786 -1.03519881919476 -1.26860561466895)
(0.00145584887616174 -1.27138172360501 -1.27148090395464)
(0.0028815246039061 -1.0338244891392 -1.26670490620219)
(-0.264455476730704 -1.26402532515319 -1.03268339227187)
(0.00334820113947718 -1.26315632797462 -1.03110944069561)
(-0.257036174033708 -1.02032886456722 -1.02380318840428)
(0.00728898422892169 -1.01728227198246 -1.01905110322205)
(-1.27445227499662 -0.796346190185117 -1.27449461580709)
(-1.03910449105275 -0.793337764537611 -1.27214345501773)
(-1.27421320765646 -0.538139182113774 -1.27427687833087)
(-1.03832222750306 -0.534944512104852 -1.27136093774272)
(-1.27178416716915 -0.79319115434222 -1.03909917116163)
(-1.03192590019763 -0.786537953893987 -1.03260496791665)
(-1.27078514560039 -0.534746954492502 -1.03826380678162)
(-1.02962280047007 -0.528086122950448 -1.03057845531501)
(-1.2741347259697 -0.271316010745641 -1.27421348817066)
(-1.03802904779963 -0.269285586013624 -1.27120185747171)
(-1.27415128126425 0.000111658988952577 -1.27423656276216)
(-1.03799025323257 -8.94388906631273e-05 -1.27116099456642)
(-1.27045276802467 -0.269112663562731 -1.03791564932952)
(-1.02863311000588 -0.265217049919783 -1.02979114332389)
(-1.27031909336812 4.15823995068461e-05 -1.03779759136195)
(-1.02845323076847 -0.000688205613504436 -1.02958487358907)
(-0.790136082692675 -0.790770830499171 -1.26954672415138)
(-0.530408429677613 -0.788568173367221 -1.26774793748494)
(-0.788944804734268 -0.532575258547507 -1.26857564299792)
(-0.529236900697061 -0.530829493957655 -1.26688611189512)
(-0.77742762386045 -0.779069733637149 -1.02583120257012)
(-0.515400499522043 -0.772619505626095 -1.02175125413576)
(-0.77431533935252 -0.521779725001634 -1.02344985715467)
(-0.512542866498712 -0.516813722855324 -1.01991403243305)
(-0.264420248885238 -0.786844169148022 -1.26619422892343)
(0.00371628419739382 -0.785215673046981 -1.26347469576915)
(-0.263736334376664 -0.529681656814301 -1.26547727403679)
(0.00357750742899252 -0.528724956092271 -1.2626511719577)
(-0.252624546159518 -0.768495106930306 -1.01938472979862)
(0.00970507363643541 -0.764263677059759 -1.01168220718066)
(-0.251113307517286 -0.513898646729736 -1.01846700222015)
(0.00896803100997531 -0.511489637915394 -1.01063911602997)
(-0.788472863190414 -0.268020104751848 -1.26842536365805)
(-0.528895663360058 -0.267305796448977 -1.26689586240643)
(-0.788532702241068 -0.000458545480305186 -1.2683691900746)
(-0.529207116020743 -0.000831077939996854 -1.26682976955231)
(-0.772948785263563 -0.262175667507874 -1.02255929205541)
(-0.511530010427446 -0.260214816204925 -1.01927455319554)
(-0.772906852500692 -0.00191799121000999 -1.02212465793896)
(-0.511918313275331 -0.00302578987556547 -1.01836687083908)
(-0.263881843201858 -0.267135173105566 -1.26588302566927)
(0.00279379079480722 -0.267267365613118 -1.26358611177975)
(-0.264589639079622 -0.00143005320648975 -1.2662167779804)
(0.00180861048552887 -0.00236868659034581 -1.26484026110288)
(-0.251307718378876 -0.259518546748931 -1.01885346285766)
(0.00674964599487694 -0.260009591898546 -1.01335508624681)
(-0.252527119460526 -0.0041629788450458 -1.01839793940297)
(0.00415842210155102 -0.00603534619200602 -1.01651770028023)
(-1.27347336831209 -1.27352000470347 -0.795440122626755)
(-1.03575864375181 -1.26863097626963 -0.79038014927009)
(-1.27091872898897 -1.03830051331312 -0.792207505073838)
(-1.02876700280425 -1.02919656679354 -0.783451543152848)
(-1.27267573672172 -1.27264904539878 -0.537013553684009)
(-1.03294656487553 -1.26554725535011 -0.531061394112589)
(-1.26913882881656 -1.03645612933159 -0.533171750536606)
(-1.02356593930214 -1.02341259261505 -0.522632888539213)
(-1.27239875862928 -1.27232129737875 -0.270489491660431)
(-1.03192995451962 -1.26452545699055 -0.266256120799622)
(-1.26856250457268 -1.03565924093074 -0.267685642420573)
(-1.02168792210696 -1.02107591180838 -0.259896319903351)
(-1.27266939446463 -1.27262264077939 0.000213461549176949)
(-1.03254119293598 -1.26533700462413 0.000921088559635703)
(-1.26879097557615 -1.03588098293925 0.00058578690299722)
(-1.02233063966685 -1.02203743092876 0.00239451128977811)
(-0.782265794044572 -1.26062352799197 -0.783777901959167)
(-0.519983713818695 -1.25364775549794 -0.778281812501809)
(-0.768215003105792 -1.01482900750557 -0.771276081312967)
(-0.50158313791437 -1.00123650456243 -0.762668228619774)
(-0.775255937602944 -1.25335723303334 -0.52242837478235)
(-0.510009361865736 -1.24376505615286 -0.514544974009954)
(-0.756051176228937 -1.0006623077008 -0.506160003509455)
(-0.447357515619562 -0.942218815303048 -0.4604799994193)
(-0.256811408340459 -1.25120422846309 -0.776219787929677)
(0.00584293601105415 -1.25097081535598 -0.774615254138726)
(-0.241988152330528 -0.995855915132189 -0.761645599029356)
(0.0126586187669817 -0.993997283384274 -0.75687544918524)
(-0.249037006081194 -1.24310822920241 -0.512037369312477)
(0.00850571087885217 -1.24402243414643 -0.510947672863247)
(-0.208556220799252 -0.946270106012204 -0.468494640304366)
(0.0185246767940969 -0.946270946676387 -0.466242396393569)
(-0.772952804158413 -1.25135902516237 -0.260031168863676)
(-0.507005336203365 -1.24270129198266 -0.253091262781811)
(-0.752916136160289 -0.995891824832489 -0.247074120483654)
(-0.448147377284788 -0.943065538466298 -0.220718420655419)
(-0.774955382752453 -1.25380601157005 0.00245895118367363)
(-0.510566835707562 -1.24617879021569 0.00622158248943008)
(-0.755202741562669 -0.999967657271009 0.00672576241841973)
(-0.451160576091109 -0.948249907247048 0.00723497862872066)
(-0.247085269960121 -1.24593575100411 -0.249277223747443)
(0.00987785239670383 -1.24839203165416 -0.249277876013507)
(-0.203723009642178 -1.00679444849062 -0.213252754775836)
(0.0187927878826941 -1.00580036334891 -0.210322082900365)
(-0.250513860931644 -1.25003672206664 0.00975576678115634)
(0.00884613523765547 -1.2545308100796 0.00767333870243729)
(-0.226500504697639 -0.970110686701772 0.0394084533946683)
(0.0194217966800447 -1.01717035040254 0.0191812050083366)
(-1.26843927048481 -0.790258847445846 -0.790026106726801)
(-1.0232577840466 -0.778471654886347 -0.778366983351154)
(-1.26667437573052 -0.531802099871252 -0.788495775356303)
(-1.01947481889034 -0.520837770790501 -0.775202087485501)
(-1.26587892388959 -0.787740010705143 -0.53053042547847)
(-1.01660073955806 -0.771422803450144 -0.516703284950189)
(-1.26325572794981 -0.529270400086747 -0.528623321858508)
(-1.01041406234192 -0.513844139109786 -0.512419926775739)
(-1.26584264902734 -0.267314394972502 -0.787699906219005)
(-1.01742437426818 -0.261269658861726 -0.773777398897708)
(-1.26546507500786 -4.55277121686644e-05 -0.787473567696811)
(-1.01677912193793 -0.00144594893032043 -0.773409564155175)
(-1.26158519443667 -0.265746338419051 -0.52749419894473)
(-1.0053555478353 -0.256779615084137 -0.509965830031383)
(-1.26067929009615 -7.1963178960778e-05 -0.527182301599619)
(-1.00308411190119 -0.00186386307638444 -0.509416642297655)
(-1.26491100249369 -0.78649757086517 -0.265702778507718)
(-1.01412399608809 -0.768257833826991 -0.255218250388918)
(-1.26162613927662 -0.527928597755144 -0.264234423342969)
(-1.00548208429154 -0.509941411397424 -0.251445582161731)
(-1.26510080462001 -0.786624574480573 0.000933389914919182)
(-1.01462032973985 -0.769075975853885 0.00374464272196313)
(-1.26172850514686 -0.528065388088886 0.00113683024884819)
(-1.00600248286718 -0.5109496209393 0.00423703168709595)
(-1.259127317716 -0.264938297682246 -0.263280850637289)
(-0.996717382903692 -0.253855951644989 -0.248744164794128)
(-1.25756759433899 -0.000267697807441167 -0.263004696290966)
(-0.991790977962427 -0.00292916076763191 -0.247695756654572)
(-1.25894815128505 -0.265179146318408 0.00121368992454118)
(-0.996580733833454 -0.255411839101842 0.0046479890034552)
(-1.25693995473009 -0.000649312668549402 0.00111908377382778)
(-0.989585653578844 -0.0047588504317814 0.0045602020958546)
(-0.760021682296196 -0.762931517669729 -0.764441899923732)
(-0.492516953435464 -0.748194683828379 -0.758075766594067)
(-0.755711567588261 -0.509062052851007 -0.761453299618278)
(-0.489384074346703 -0.498774487356325 -0.757622366613166)
(-0.747920197334471 -0.747354760423197 -0.498144382318253)
(-0.446769871036028 -0.701432847038802 -0.464131033108064)
(-0.743075349128246 -0.496681216579795 -0.495132926642069)
(-0.447907512765263 -0.471745769183658 -0.466132860560006)
(-0.234652117989548 -0.741359738918848 -0.762687268769938)
(0.0157788605826023 -0.738737229129476 -0.756145955509464)
(-0.233075220565323 -0.493524747442844 -0.76677815311746)
(0.0126940345060487 -0.491542443789727 -0.763514309103867)
(-0.197446796927864 -0.692625885389348 -0.536213923528566)
(0.022714918650307 -0.695263751198659 -0.540193532898499)
(-0.194861453511908 -0.465861719364347 -0.543380372045147)
(0.0207666494271925 -0.466650306317645 -0.557207090061674)
(-0.753330155707281 -0.256426447001927 -0.760221068822822)
(-0.487776028423181 -0.253301842230632 -0.756624659619205)
(-0.752684629874093 -0.00456746094518044 -0.759319642359364)
(-0.4876655440222 -0.00796787821995844 -0.753522991944151)
(-0.7378117651782 -0.250504629179275 -0.495253707464963)
(-0.447693314202021 -0.246273483091231 -0.468226032713813)
(-0.734274289486741 -0.00632261529211149 -0.495377489106905)
(-0.445391046105709 -0.0201975780605919 -0.466431783866789)
(-0.233102896459406 -0.252019374529175 -0.766842422377551)
(0.00965349007135717 -0.251510225013948 -0.769179091043016)
(-0.234825442483497 -0.00991568677171615 -0.761987271572961)
(0.0072992522750598 -0.0114519949888355 -0.770068441520045)
(-0.193684050621173 -0.245918155805039 -0.539027546494846)
(0.0202984316101299 -0.244773117928755 -0.559208008430784)
(-0.19583678157862 -0.0255526647601693 -0.528556059804733)
(0.0196584606160945 -0.0252658654061031 -0.552772410672361)
(-0.747305635403152 -0.741715320327015 -0.239053135942632)
(-0.502784402609722 -0.690660297369039 -0.209386908147288)
(-0.743017291593396 -0.491468081745616 -0.235859529869391)
(-0.517298180756173 -0.466248710450052 -0.208081074864406)
(-0.748357391018674 -0.745548426524944 0.0113312303650714)
(-0.459262893318702 -0.713489373012371 0.0357406574213782)
(-0.745468593867152 -0.495263645479107 0.0130849824210503)
(-0.516833502593357 -0.469193183109432 0.0220002193338805)
(-0.298826818447615 -0.792569124641745 0.128289355331483)
(-0.69558486632392 -0.225156095453479 -0.216110477149662)
(-0.525733517075329 -0.248976642226417 -0.227774435134313)
(-0.691196306660502 -0.00696131435405165 -0.225146719275545)
(-0.519932171845036 -0.0154947906269916 -0.297943685338117)
(-0.697330382929313 -0.233205077589523 0.00806856503441942)
(-0.532958543535709 -0.261851388297328 0.0426506145338314)
(-0.690265133394105 -0.0298790788763641 0.0275819522379141)
(-0.538016642497386 -0.124974208503054 0.114036386257561)
(0.272035334380534 -1.27079753885878 -1.27045399506484)
(0.270930657934633 -1.03270401379575 -1.26444832934118)
(0.537796783429112 -1.27084878304988 -1.27014342404453)
(0.534629678693082 -1.03266462784392 -1.26346047882407)
(0.270298279920578 -1.26288588265249 -1.02941621483506)
(0.533757770364734 -1.26382952890629 -1.02922658006259)
(0.269231578672356 -1.015016122193 -1.01271170203034)
(0.527187815184975 -1.01575439506537 -1.01017745631103)
(0.7952022004366 -1.27163686360915 -1.27089298644647)
(0.791390949483808 -1.03429038425744 -1.26504290282943)
(1.04098759088407 -1.27300236679246 -1.27248991024635)
(1.03834536943657 -1.03720800112676 -1.26873717504752)
(0.790841204600367 -1.26628532379694 -1.03150383981758)
(1.03805847907392 -1.26972095560985 -1.03542941697719)
(0.781770353133129 -1.02035703130215 -1.01455725263532)
(1.03141353234994 -1.02868794908712 -1.02488947245075)
(1.27468284969716 -1.27452532164536 -1.2742957960799)
(1.27344064867932 -1.04056026450159 -1.27254304770943)
(1.27326383105626 -1.27293125935884 -1.03970867110888)
(1.27058753506202 -1.03704520182391 -1.03540383875688)
(0.270223575133076 -0.783819719965913 -1.26006558972783)
(0.532446148147735 -0.783599857979687 -1.25820942392771)
(0.269120323964181 -0.527802427232167 -1.2587769353132)
(0.530627849795127 -0.527565117867074 -1.25624525362137)
(0.268287591421809 -0.760114080292291 -1.00057969200183)
(0.521655366308463 -0.759477026729374 -0.994954891800703)
(0.264598554997928 -0.508541722378768 -0.998518065104126)
(0.516149654672348 -0.506949398050483 -0.990840187261539)
(0.788632075526955 -0.785530267293628 -1.25995322145182)
(1.03624027330765 -0.789440194683911 -1.265114066925)
(0.786762177941116 -0.529035503443114 -1.25763003781321)
(1.03496835915959 -0.53233524414764 -1.26323575530112)
(0.773799253316758 -0.76486968667806 -0.999212283484219)
(1.02541793430081 -0.776741483008467 -1.01458160760256)
(0.769119946915641 -0.511124772306686 -0.993112412938403)
(1.02265092082357 -0.5212898824162 -1.00956862045609)
(0.267870274533441 -0.267360867498502 -1.25992362823818)
(0.529290089770008 -0.267494948485261 -1.25706888516405)
(0.267014870446988 -0.00331793748416223 -1.26197527701723)
(0.528844111368608 -0.00387481226828996 -1.25933707192637)
(0.260328640323526 -0.260058789251803 -1.00223927498794)
(0.511302498975999 -0.25991432570764 -0.992502237003921)
(0.25815564765853 -0.0083935131141972 -1.00836897813214)
(0.51045173034267 -0.0107261785004604 -0.998406703555929)
(0.785742374715871 -0.268074741335054 -1.25795663083179)
(1.03448879502133 -0.269287824944653 -1.26328345159943)
(0.78567646254151 -0.0036273009811501 -1.2599288727037)
(1.03466406474308 -0.00251073078661485 -1.26462994531433)
(0.765756707848218 -0.261761988735613 -0.993112236137948)
(1.02128970705446 -0.265029804581594 -1.00934930051706)
(0.764888439560218 -0.0105501432141316 -0.998284366044343)
(1.02079562023943 -0.00647051768102655 -1.01275060801993)
(1.27248114318633 -0.794469943532259 -1.27105372646877)
(1.27201594668224 -0.536914008480547 -1.27029549673596)
(1.26818634108121 -0.789218296124481 -1.03166630443679)
(1.26707008339052 -0.532096577117991 -1.0296153028936)
(1.27192833421329 -0.271323457817152 -1.27031250416006)
(1.27219963551002 -0.00114732482761301 -1.27102233797199)
(1.26685014358143 -0.269049305047271 -1.02952160290507)
(1.26692909824246 -0.00240252979182662 -1.03090145795172)
(0.267874303708639 -1.25229710267612 -0.773176640440656)
(0.529499753885287 -1.25636966788071 -0.774957433758975)
(0.265780731232835 -0.995178225307838 -0.747088642896227)
(0.519135309617171 -1.00113429812849 -0.74404712757791)
(0.266048439185604 -1.24549310307176 -0.510766986923251)
(0.526180490435288 -1.25203513387618 -0.514755881216043)
(0.24539751692624 -0.948464116544123 -0.452724357431252)
(0.515106204789873 -0.999508357819619 -0.484595142538513)
(0.78704234813241 -1.26140842746032 -0.779661848902967)
(1.03511389794202 -1.26630840887656 -0.785568920415183)
(0.772505949935378 -1.00846390266737 -0.752060591274249)
(1.02393395843846 -1.02012359837291 -0.768219323103593)
(0.783890572554789 -1.25905961484492 -0.520365119844986)
(1.03226501825021 -1.26420092778454 -0.526218182188647)
(0.766896048757114 -1.00598048622636 -0.492677777554161)
(1.01676649078693 -1.01449743713365 -0.506637813807986)
(0.266652681599797 -1.24679962949555 -0.251349138052422)
(0.523866235104233 -1.25066241967379 -0.254178548274781)
(0.260670166610742 -0.958631240365059 -0.218905834934752)
(0.514898357316672 -1.00533040695526 -0.23744135501493)
(0.266397359500494 -1.25121760118375 0.0045321778953645)
(0.521097450797147 -1.25003951758421 0.00465060837913536)
(0.265688192601033 -0.964726359037034 -0.000449345474281598)
(0.482900779479479 -0.964512331282695 0.0211296963465163)
(0.780453459154513 -1.25795528814497 -0.257830000513411)
(1.02987364326331 -1.26369010268823 -0.262276948249639)
(0.760762691967454 -1.00874653048173 -0.240052051530598)
(1.00959497690763 -1.01317293052348 -0.247081240949582)
(0.777465491740202 -1.25671735091766 0.004085670836169)
(1.02860037671753 -1.26388661084703 0.00258617299428705)
(0.755869569468716 -1.0125464108708 0.00725765409551882)
(1.00636779185157 -1.01590355690281 0.00672226016808764)
(1.27165782040091 -1.27129053863934 -0.792432921158497)
(1.26688405627903 -1.03342808934216 -0.784989090612261)
(1.26998228971601 -1.26999287575084 -0.533547423352091)
(1.26204869125071 -1.02953276509165 -0.523883660606059)
(1.26864684181414 -1.26942032805904 -0.26757164281928)
(1.25766150723399 -1.02700489094746 -0.259200412147756)
(1.26818879988775 -1.26955529558276 0.00139229855858304)
(1.25620478491588 -1.02708243894226 0.00385179775775574)
(0.281355462299283 -0.70835726592146 -0.695340328144235)
(0.50756315122778 -0.715010414580782 -0.683748483205513)
(0.26344467074927 -0.479669814670117 -0.702847261845391)
(0.50070629025368 -0.474298623506562 -0.730328267442555)
(0.262476622714775 -0.726469924745305 -0.472035151548959)
(0.503132607100609 -0.777193096665176 -0.434868497913619)
(0.172464808374547 -0.466309174170678 -0.551048776035898)
(0.735881367376015 -0.712735767928378 -0.683833369249405)
(1.01585447338184 -0.764137395356403 -0.751311499388925)
(0.741996394522527 -0.477401209002337 -0.679506712098998)
(1.01498586318577 -0.510239201404253 -0.743503904387767)
(0.741043992881543 -0.717354330496362 -0.442292059012428)
(1.00744512639528 -0.756073926730618 -0.48867118823385)
(0.808039819243036 -0.467645070512257 -0.431415104391172)
(1.0111780564613 -0.502597499533154 -0.481100680865309)
(0.259275345566597 -0.261066679424888 -0.711833369410966)
(0.46605938845957 -0.241803928604071 -0.697445558002344)
(0.242844181314345 -0.0107936477487993 -0.762643489879755)
(0.485574472200422 -0.0354503137121778 -0.70092661435535)
(0.215841606249002 -0.22737649511673 -0.560059625706212)
(0.352614174117387 -0.156553440342665 -0.558517398953648)
(0.225925616235144 -0.0192733212351792 -0.562422910574317)
(0.431334114038206 -0.0135470506346804 -0.546113200388806)
(0.73474989052127 -0.256236748894806 -0.678306174376287)
(1.01348479387788 -0.26045476428848 -0.743412715932243)
(0.717506958922053 -0.0385987854188206 -0.685561609401732)
(1.00928608695897 -0.00964209311106643 -0.748830022704441)
(0.80233169521455 -0.246900194086389 -0.428704323145131)
(1.01297236342708 -0.255770468400854 -0.48151327722608)
(0.725136850870581 -0.0207833174312073 -0.453001224137435)
(1.00666003727913 -0.00985512406613522 -0.488517937231452)
(0.354535521407061 -0.800874709363647 -0.213286551240195)
(0.505255974573477 -0.795786170564848 -0.214351146482258)
(0.361828377908187 -0.807101893779212 -0.0814507787028699)
(0.506350279223655 -0.805023411461141 -0.00388834292572405)
(0.736317856054534 -0.731426447265606 -0.21863097699035)
(0.958080501253648 -0.721396898566881 -0.206164920141729)
(0.813797328972086 -0.465205386170497 -0.271479116071559)
(0.967183386154294 -0.488501674410646 -0.207579476259999)
(0.712672748242831 -0.795460583071741 0.0161737131970314)
(0.954486228308603 -0.732820181914395 0.0196956667214881)
(1.00679218511769 -0.489866139387882 0.0242642910402657)
(0.811468460238371 -0.228314640294862 -0.21159259731955)
(0.971172435104537 -0.265147610609613 -0.202342854247251)
(0.788902613964263 -0.0222868813797197 -0.210810072375352)
(1.01111634477188 -0.0079028796396209 -0.238425519216969)
(0.815546771965009 -0.155996594647488 0.00654943248903795)
(0.971002946478652 -0.250080149970479 0.0141825251216074)
(0.807499066332759 -0.0141375844220057 0.0021093674021473)
(1.01582979455081 -0.0074137726925302 0.000977549255240769)
(1.26330629677038 -0.784358767942225 -0.778868394270485)
(1.26225408300847 -0.527942872406108 -0.775679458810937)
(1.25606100619022 -0.778907587451273 -0.51560997630571)
(1.25521896300983 -0.52409691821395 -0.511939635525147)
(1.2623601719176 -0.267287404090384 -0.775680914978132)
(1.26225620230205 -0.00351999838761018 -0.7780041698533)
(1.25696551901272 -0.266494105374091 -0.512814205447497)
(1.2587597120259 -0.004746211465644 -0.517227690104379)
(1.24938527864731 -0.774868568661182 -0.251391001840221)
(1.24917824420603 -0.52123872953298 -0.248347732953201)
(1.24838451422647 -0.775016275875299 0.00667812790415403)
(1.24952391205489 -0.520440814339953 0.00725726826701522)
(1.25253424611545 -0.266031014730943 -0.250329489243464)
(1.25693367616943 -0.0056925568674566 -0.255759538297755)
(1.25194864053696 -0.265154790867325 0.00520000690143678)
(1.25532869752846 -0.00726369462704795 0.0029431389490908)
(-1.27358892163677 0.272097259938647 -1.27370319214184)
(-1.03768230767975 0.270055891200492 -1.27068455302619)
(-1.27372133673487 0.539156162271314 -1.27388939782618)
(-1.0384108576549 0.536333985183274 -1.27235279119801)
(-1.2697728984928 0.270194740510405 -1.03749973442928)
(-1.02846796387051 0.264769284578758 -1.02957731562833)
(-1.27142578534769 0.536443277998508 -1.0384439597081)
(-1.01472853870681 0.544225943772185 -1.0170557073192)
(-1.27447854256727 0.796848710584947 -1.27466759117839)
(-1.04012932492656 0.794487166886068 -1.27524359614293)
(-1.27457983570622 1.04200355589216 -1.27472087738649)
(-1.04084095036552 1.04084131199699 -1.2750391542017)
(-1.27443065990374 0.794485699886136 -1.04035805819254)
(-1.03522912844919 0.788706526871812 -1.03763794368849)
(-1.2744528414789 1.04071575102332 -1.04100047405625)
(-1.02113544016951 1.02121737175532 -1.02312587891042)
(-0.789183659729196 0.268049562744541 -1.26817474944469)
(-0.53066233867209 0.267023803868774 -1.2661812295397)
(-0.790632279418807 0.533683889158187 -1.27125169119139)
(-0.532274449612006 0.532261107411185 -1.26786010673299)
(-0.774486212621929 0.25869275899014 -1.02241056701593)
(-0.514725549014757 0.256441143401662 -1.01731610790608)
(-0.778237909889593 0.521121934845884 -1.02781807269326)
(-0.533740014062815 0.534029482025592 -1.00587867504926)
(-0.266055431093083 0.265759081539773 -1.26582539013538)
(0.000914677805303458 0.264158373162163 -1.26571730778408)
(-0.267323838726015 0.530766426516436 -1.26624452052894)
(0.000356053357234921 0.529289194062385 -1.26666384974179)
(-0.255222488365359 0.254631452868723 -1.01679258888225)
(0.00225444551346177 0.252030358754451 -1.01762573460257)
(-0.257129151214434 0.515573101450256 -1.01759810092838)
(0.00146058798661266 0.513133812466072 -1.01847373611577)
(-0.792598798308572 0.792616047043958 -1.27562598604749)
(-0.533792645496931 0.79079632138434 -1.27134765154145)
(-0.794526881443586 1.04018630050402 -1.27528523471297)
(-0.536454093837187 1.03859384327736 -1.27247824069507)
(-0.785153243727566 0.785294148042147 -1.08650757484377)
(-0.521262002183581 0.77901680948043 -1.02807940939463)
(-0.788732533593255 1.03549351736019 -1.0377689041519)
(-0.544453637434293 1.01548544920407 -1.01743966618215)
(-0.268337620613874 0.789538341742083 -1.26838311405452)
(6.72551009223421e-05 0.789006877131504 -1.26859782225733)
(-0.270265015502936 1.03803198786725 -1.27092059416533)
(-0.000148747639624341 1.03847334728254 -1.27148897034736)
(-0.259360916334373 0.776029101371486 -1.02303501381313)
(0.000838819012182364 0.775033929416724 -1.0230360394512)
(-0.265296041779835 1.02989024223028 -1.03034174369315)
(0.000123927221449497 1.03035295899281 -1.03067605760923)
(-1.27505932752591 1.27505851337389 -1.27511626072142)
(-1.04201421058873 1.27458906837638 -1.27473095590632)
(-1.27444520075401 1.27444679748941 -1.04200254895554)
(-1.04074938027459 1.27450291868425 -1.04104169453338)
(-0.79688484961511 1.27452247073701 -1.2747060907171)
(-0.539230750487971 1.27383402842428 -1.27397928996921)
(-0.794613236324388 1.27463409228607 -1.0405158255885)
(-0.536689350058108 1.27191051590106 -1.03879075671232)
(-0.27220021841589 1.27378808702348 -1.27385797313714)
(-0.000206390322716042 1.27441985678465 -1.2744490864503)
(-0.270488178156393 1.27058206790304 -1.03805889360199)
(-0.000245711638577464 1.2713543225011 -1.038531563255)
(-1.26497293381707 0.268735440135483 -0.787691885650864)
(-1.01727068644489 0.259570347283191 -0.774080265267928)
(-1.26845946911029 0.534425685904981 -0.789491689205429)
(-1.02232700659635 0.522212927219305 -0.778993580747654)
(-1.25995473522903 0.267848509031513 -0.528091359612642)
(-1.00386199373292 0.255834573191731 -0.511217236352044)
(-1.26432072268161 0.533247744879199 -0.53059517614676)
(-0.982178559351325 0.54997148355582 -0.51805434952795)
(-1.27381753273154 0.792719148220198 -0.792274211260694)
(-1.08188186406572 0.785453148593896 -0.786942278373551)
(-1.27375002630835 1.03947613248828 -0.79396548129841)
(-1.03439673788019 1.03457303075128 -0.789643845999366)
(-1.27122178169523 0.791297774224857 -0.533636951813289)
(-1.02573874606973 0.780672409105562 -0.526008314638514)
(-1.27184710878797 1.03797895548675 -0.53596757280144)
(-0.998138506984045 0.998936396031011 -0.529482662090051)
(-1.25684231296134 0.266862029084836 -0.263787871648655)
(-0.992858909045161 0.252098979059695 -0.24970389391135)
(-1.26207003236335 0.532138161834007 -0.26571950672272)
(-1.00606678518683 0.51562077405481 -0.255851015833304)
(-1.25596225016516 0.266369877505486 0.000839909086966257)
(-0.989403575168284 0.250666792553667 0.00305759759561713)
(-1.26139502988118 0.531694992107282 0.000518584613045832)
(-0.973874683815718 0.546462864603501 0.00148519146214464)
(-1.27004990094047 0.790499065292775 -0.267929778463907)
(-1.07512132552138 0.781437928033165 -0.263290856435176)
(-1.27129563055989 1.03752488432994 -0.269644456436389)
(-1.02976020543095 1.03077378158899 -0.265910147838169)
(-1.26975133485429 0.790236387454163 0.000280820294509852)
(-1.02283750077682 0.778866061716969 0.000693208533956657)
(-1.27122002458918 1.03744490506629 0.000139352029696328)
(-0.996321307293554 0.997788030852374 0.000477708812065041)
(-0.755477457584196 0.247853591459878 -0.759842532037021)
(-0.492260436399844 0.242170227774935 -0.749968775327634)
(-0.76063958722539 0.453695630836114 -0.7650132254729)
(-0.498758571275054 0.500388658997282 -0.754686913966203)
(-0.736647975780644 0.24107333496306 -0.49518187675367)
(-0.444997929000363 0.211522580436792 -0.454347492123138)
(-0.749192610667453 0.500344714163573 -0.503769088404104)
(-0.521346209692289 0.52639302209093 -0.492618942296839)
(-0.239117161343958 0.238837666433713 -0.752896482974907)
(0.00535597412268172 0.235444599975242 -0.762241434725741)
(-0.242496975350882 0.495282476573348 -0.750131000882409)
(0.00475600157559606 0.492063850675294 -0.754373444568191)
(-0.217629867745307 0.219757689963822 -0.465217616897088)
(0.0167143764063768 0.199215475747613 -0.535776928514352)
(-0.206712083837899 0.449480193954868 -0.449024760870132)
(0.0163693758773066 0.451457823572894 -0.46259472309923)
(-0.551167673274749 0.988596197823231 -0.520523069258274)
(-0.453610501538254 0.763707957847755 -0.765515266996752)
(-0.248453068798363 0.760149550239322 -0.760726795429666)
(0.00292778516819397 0.758909186484808 -0.76102965737749)
(-0.522823966477961 1.02487510328678 -0.78011819529124)
(-0.260490159796311 1.02170451664557 -0.77595341898305)
(0.00077303726600237 1.02235079188968 -0.775934167288005)
(-0.499536729350268 0.75714754957183 -0.505320422330346)
(-0.240907995847773 0.749697388147252 -0.496315879377242)
(0.00591876379577062 0.750374342953091 -0.496222054553886)
(-0.2581609122278 1.01604723498797 -0.515999813701811)
(0.00155983323570867 1.01767049100402 -0.515176614628331)
(-0.686483918054793 0.21746355371051 -0.215563458182777)
(-0.46100613420288 0.240357198850299 -0.228328918320293)
(-0.734741253598743 0.445434569818586 -0.243392265909785)
(-0.482875391392234 0.496796539378446 -0.236176457146123)
(-0.679686893390727 0.22537615142737 0.00791380628160743)
(-0.445965132010625 0.297190580151585 0.0114860134255795)
(-0.73626421218159 0.500688126098002 0.00344463755727508)
(-0.517031195347877 0.535349995888128 0.00600355217941985)
(-0.290251649099262 0.302597468552825 -0.202514190145566)
(-0.212128199654472 0.46151329691628 -0.213108746428683)
(0.0258954492227977 0.51488586575268 -0.211876310660666)
(-0.29136357967368 0.309986777212252 0.0128152243745976)
(-0.210044989865049 0.462127379727108 0.00876063856397752)
(0.0302190498443528 0.512714800525784 0.0101436126688389)
(-0.548651966377089 0.986948730743155 0.00132549216028695)
(-0.442363334793008 0.752630394990955 -0.246148239197666)
(-0.237582869715094 0.749329264228921 -0.241440150617049)
(0.00805185390864038 0.754705587324062 -0.240853232251647)
(-0.518400616545322 1.01835911731713 -0.259003476302797)
(-0.256594195519053 1.01463537839216 -0.255911455423702)
(0.00223576393226409 1.01708273511833 -0.255319407981847)
(-0.495325874012926 0.755482074138292 0.00318685495921481)
(-0.236871545086367 0.749982540697407 0.0050521174565008)
(0.00831613076834951 0.756887586343269 0.00583710295865499)
(-0.256059526774846 1.01459405229316 0.00200855368725957)
(0.00253968463131574 1.01745001115105 0.00199101503697841)
(-1.27378556559022 1.27380262153985 -0.796311483260183)
(-1.03953108351087 1.27392113761139 -0.794067575823401)
(-1.27289368300568 1.2729414751351 -0.53855089050695)
(-1.03803851961098 1.27222120336223 -0.536122264598735)
(-1.27265864709115 1.27273921047375 -0.27154430130945)
(-1.03757473275954 1.27187106388087 -0.26977130264371)
(-1.2727343838875 1.2728291175723 5.26410321799349e-05)
(-1.03749301493593 1.2718882257629 0.000125942662492648)
(-0.785631518316801 1.08272582074645 -0.787376809410149)
(-0.79302059093956 1.2744618650063 -0.792686451262847)
(-0.535040357877429 1.26995866914273 -0.790414992112736)
(-0.780352740722977 1.02786854278359 -0.526629023535014)
(-0.79184316390738 1.27261810364792 -0.534312890494091)
(-0.534447105975553 1.2675649558283 -0.532168707407983)
(-0.269380414132993 1.26738647578492 -0.789138214772685)
(-0.000193895607047769 1.26840298031609 -0.789274580857967)
(-0.269036552687242 1.26509112686688 -0.530545526740208)
(-0.000109519442671326 1.26673055925584 -0.530131144487041)
(-0.781347450481428 1.07849189491105 -0.263929897483219)
(-0.791245322173059 1.27218923766411 -0.268503772246122)
(-0.533872823431089 1.26704998890218 -0.267116292433682)
(-0.77817056853419 1.02665851956218 0.000665363501516446)
(-0.791066650226941 1.27221479246986 0.000244454336955073)
(-0.533649949846989 1.26707805949367 0.000432804041056164)
(-0.268608758283839 1.26462891428318 -0.266046885050493)
(2.71437972299733e-05 1.26649423905432 -0.265741842443003)
(-0.26839711050382 1.26466274851946 0.000592821732548272)
(0.000161238750080183 1.2666011448886 0.000580121132095622)
(0.266700037513932 0.263106509398813 -1.26407025337205)
(0.529384223356548 0.262685679099528 -1.2623127822708)
(0.266903573349396 0.528751357565766 -1.26606959070295)
(0.530657729418195 0.528900909429564 -1.26541442929728)
(0.257806538800491 0.250007322675721 -1.01411187353498)
(0.513015434785457 0.248606411786601 -1.00842639967051)
(0.258775015374769 0.512677453932197 -1.0180828031528)
(0.516742152326391 0.513667264139619 -1.01723912093635)
(0.786777011417321 0.263578749427008 -1.26297212565717)
(1.03563214900899 0.266079275837894 -1.26681347607698)
(0.788762154909934 0.530229031663746 -1.26637903319626)
(1.03733017765483 0.53295195852286 -1.26939138213188)
(0.768753122292768 0.250701757335835 -1.00918543078033)
(1.02325858961719 0.257469645357156 -1.01961248153481)
(0.774742876319793 0.517311462957241 -1.01972633933944)
(1.02782601492964 0.52400475151332 -1.0268901785074)
(0.267716943896339 0.788945760292072 -1.26852211594392)
(0.532558856003356 0.789412955047222 -1.26855388050867)
(0.269131247744286 1.03857168334953 -1.27157290258459)
(0.534988432727575 1.03889407935441 -1.27176593913337)
(0.261319487815822 0.775290131171837 -1.02346679949794)
(0.522059608920838 0.776823854323802 -1.02436490892666)
(0.264936042366503 1.03069748932715 -1.03110843114675)
(0.528446776676394 1.03168744800804 -1.03207484948153)
(0.791169595257419 0.790730156506601 -1.26967265139633)
(1.03927836509092 0.79286446613449 -1.27191450478435)
(0.793641524163785 1.03973104531547 -1.27263303804573)
(1.04096099569946 1.0408881673051 -1.27399318548743)
(0.781111398465035 0.780489163676264 -1.02742388723108)
(1.03282132340127 0.786079039961247 -1.03277979293668)
(0.787748617176296 1.03408450627232 -1.03436298704909)
(1.03756936714753 1.03747067088005 -1.03763192001684)
(1.27258288848143 0.269787520103248 -1.27193947355714)
(1.2733942456143 0.537049283352749 -1.27314564438299)
(1.267581853199 0.26587343341364 -1.03327134838338)
(1.26920035214599 0.532500745925772 -1.03607681245467)
(1.27429012413361 0.795940655068587 -1.2742270020362)
(1.27503250653265 1.04225438058975 -1.2750217972146)
(1.27151980862336 0.792443276089491 -1.03869812878481)
(1.2737513385877 1.04064899092681 -1.04072215900608)
(0.271273264682429 1.27443497028728 -1.27446208437863)
(0.538180127346518 1.27451904957569 -1.27454551396466)
(0.269115065410262 1.27153317705642 -1.0387420711258)
(0.535003001348881 1.27177946260336 -1.03910645554183)
(0.796480191416467 1.27476036522076 -1.27477971817023)
(1.04240551924623 1.27514091910993 -1.27515189073064)
(0.793682099635333 1.27268198389079 -1.03992394912906)
(1.04101061776389 1.27404578001909 -1.04102444076097)
(1.27557108750257 1.27556354951972 -1.27556835931736)
(1.27506730866685 1.27505298595354 -1.04232384306865)
(0.246596608929251 0.234815013269916 -0.761193373185199)
(0.492470605354387 0.234546558160605 -0.748026536361266)
(0.249521120193245 0.492912554791043 -0.756511577813175)
(0.499597066324926 0.495441819830693 -0.754944477966385)
(0.230289192342655 0.202523958910929 -0.548389424240115)
(0.472937066308347 0.221487843468814 -0.491816078694304)
(0.234647234815421 0.458187516516641 -0.473279472978849)
(0.463067853951816 0.457947879032012 -0.47201794391939)
(0.747722285835991 0.23759981880737 -0.743602115667156)
(1.00987426982677 0.248840797126692 -0.759320653959295)
(0.757490004271236 0.502261249403243 -0.75841362222055)
(1.01649438594513 0.514281495744511 -0.770391554697541)
(0.704600241940256 0.204453454961178 -0.460230376323642)
(1.0021805543859 0.242972338969767 -0.498914757588475)
(0.743120648329594 0.489824159215165 -0.496910292752508)
(1.00623215559522 0.504951291591568 -0.50844214766356)
(0.254893751294894 0.759978307423013 -0.762883581378418)
(0.510213779325014 0.762544708065782 -0.76519023681333)
(0.261409066202169 1.0229805614394 -0.776832901442966)
(0.522267948784197 1.02429761679234 -0.778583262304971)
(0.250703918872188 0.752597190344806 -0.499661531735597)
(0.500711019900027 0.75307713221034 -0.502827268279997)
(0.25920322323596 1.01863504206677 -0.516320326609153)
(0.517694306931011 1.01957948137041 -0.518258295471376)
(0.769402906808662 0.76890315802074 -0.770713434522783)
(1.02501895454295 0.77855603524289 -0.779544082041319)
(0.781451279878335 1.02768933415607 -0.782025206437934)
(1.03317499765974 1.03309710849978 -0.78712285788942)
(0.758551241257221 0.758392599409062 -0.508338987729968)
(1.01739649694509 0.771015652342274 -0.518062562723251)
(0.776240871438465 1.02280057936842 -0.521651835102889)
(1.02925527266072 1.02925578676722 -0.527033548333762)
(0.545005374621978 0.295132896057877 -0.321442975373432)
(0.238470900316364 0.530033586946031 -0.220206272067121)
(0.475922781167633 0.475877506122192 -0.24195428231414)
(0.242681889493877 0.535886065384038 0.00848528054194446)
(0.462552706908495 0.52983904768524 0.00728028950116831)
(0.718574620503572 0.214833594352823 -0.235174023864948)
(1.00438953651932 0.239906978206381 -0.245927247311736)
(0.703075330445124 0.449506229089327 -0.221767352849443)
(1.00209874114296 0.498342765654199 -0.250311280501671)
(0.780043422218252 0.194564909931176 0.00725870080291236)
(1.01058622277386 0.236458958088358 0.00134984325919337)
(0.709606974644892 0.45102904792669 0.00806550348994806)
(1.00448873238038 0.495608117627728 0.00174803496123909)
(0.250487989529101 0.759031323930288 -0.244485721882526)
(0.497132868340272 0.754637574100786 -0.247412549226539)
(0.25849087044579 1.01849313086736 -0.256331088194106)
(0.515629195091194 1.0187453051504 -0.257811987727837)
(0.250484807861641 0.764913163527846 0.00358146824176088)
(0.497076345152057 0.760378431742443 0.001432699163327)
(0.258515746206295 1.01936131225852 0.00127570755554927)
(0.515406051920976 1.01945974596126 0.000605308143306022)
(0.752308542696921 0.753558333669668 -0.250063015780866)
(1.01272380528125 0.765759812784177 -0.25660462926664)
(0.773563993045474 1.02089981979823 -0.259931988691529)
(1.02717774755658 1.02724173473244 -0.263419703435062)
(0.751872389939011 0.754205738351429 0.00154795976549379)
(1.0122638389988 0.764103579821724 0.00115340985639299)
(0.773141855322687 1.0208333076446 0.000437386751427123)
(1.02678560409648 1.02669898475702 0.000402620721515066)
(1.26264097304872 0.262589924236601 -0.781701008873618)
(1.26456047925706 0.528476459067183 -0.785758698548951)
(1.25972217544339 0.260198848389982 -0.522303871092545)
(1.2612235883229 0.52511751754524 -0.526319977731384)
(1.26798593032943 0.789166126487473 -0.789591107734164)
(1.27174019114603 1.03887546392277 -0.7929512153878)
(1.26507160244592 0.786165498176436 -0.530146481572697)
(1.26998868969583 1.03717822472973 -0.533924416359013)
(1.25928806462488 0.258576615613596 -0.260480598366726)
(1.26013491539937 0.522816641817677 -0.263090419689465)
(1.25877445539272 0.256208335909339 0.00150580323736409)
(1.26035682963398 0.521414841983878 0.000712986557657783)
(1.26375963078963 0.784183869324826 -0.26557044167642)
(1.26916388467017 1.03616269237014 -0.268212020900536)
(1.26368211177136 0.783337258094883 0.000445647733234272)
(1.26903823562671 1.03581429090871 0.000228378391130213)
(0.267683004037069 1.26869694423333 -0.789610345136561)
(0.532669327646208 1.26899668114658 -0.790274890479531)
(0.266838332880455 1.26716146335469 -0.530459055767285)
(0.531065498651766 1.26736964531788 -0.531169513404099)
(0.79142618968428 1.27022224753797 -0.791562253257532)
(1.03957087401113 1.27236364043325 -0.793475662579869)
(0.789665997369507 1.2685616510882 -0.532474483496587)
(1.03829609937351 1.27104625146049 -0.53458907095464)
(0.26653255778982 1.26705362607835 -0.26598487855048)
(0.530324106910184 1.26713679462068 -0.266489073187076)
(0.266547780606635 1.2672425320994 0.000406301764827255)
(0.530209364276447 1.26729481938587 0.000232984230856364)
(0.788776050545685 1.26811143575882 -0.267325331856044)
(1.03765095107267 1.27056035442455 -0.268735158810189)
(0.788593820795543 1.26813642664451 0.000159823337505881)
(1.03753018158197 1.27050043583383 0.000130769662619948)
(1.27448135231727 1.27446209265186 -0.796253173865937)
(1.2739714216492 1.27395262729189 -0.537850428982112)
(1.27370828808041 1.27368749563573 -0.271023123187967)
(1.27375672039851 1.27371493389652 7.73444138245198e-05)
(-1.27294619280987 -1.27297248074898 0.271035257349685)
(-1.03400088477236 -1.26692999833033 0.268481031279757)
(-1.26929249566222 -1.03661130866413 0.268908698137998)
(-1.02426736910834 -1.02463195996445 0.264669252534806)
(-1.27346354220506 -1.2735349890473 0.537720458731003)
(-1.03582163272576 -1.26873458455749 0.533685271001618)
(-1.27013489468843 -1.03765480202734 0.534334377734115)
(-1.0271214126613 -1.0278283057635 0.526775745742134)
(-1.27408938469799 -1.27416307522549 0.79604492204721)
(-1.03777165109263 -1.27077650138103 0.792334095772639)
(-1.27157617458128 -1.03900622693825 0.792922627856779)
(-1.03096327123229 -1.03168804219106 0.78562023574)
(-1.27474184753742 -1.2747974223862 1.04208384304081)
(-1.03967969231248 -1.27290437602453 1.03993953054393)
(-1.2733229994936 -1.04044977739736 1.04036107751105)
(-1.03536078555882 -1.03594813063698 1.03563176350868)
(-0.7794605961444 -1.25833710668536 0.266464847404365)
(-0.516238910457258 -1.2509536134687 0.265971847072329)
(-0.76122388205042 -1.00777279222943 0.260957356656704)
(-0.498583664874709 -0.995689163578727 0.262446444739441)
(-0.783534580890312 -1.26222221355687 0.529951652854941)
(-0.519650140630508 -1.25431671426826 0.525404779082879)
(-0.768449934093473 -1.01523715320631 0.518778500919719)
(-0.504033619693337 -1.00133643964995 0.510355509163277)
(-0.253644874902014 -1.25184158197803 0.265186083590744)
(0.00710435325890338 -1.25788126566858 0.261449410847973)
(-0.228859565935458 -0.971207987078667 0.259992635115495)
(0.0198778931328238 -1.02734832173359 0.246145402160218)
(-0.253568393846964 -1.25121126481931 0.520179980227999)
(0.00767287673602605 -1.25506550597859 0.516460997606736)
(-0.223081673999442 -0.968091674788989 0.486725698186018)
(0.0248999948400995 -1.02679202014237 0.476211786788191)
(-0.786568947138282 -1.26543781765168 0.788080084437634)
(-0.522183679796942 -1.25745653311369 0.781527272875396)
(-0.774688940668152 -1.02190282627241 0.77673027692634)
(-0.50704910965744 -1.00790909188349 0.764605256448905)
(-0.790136145871239 -1.26934467578383 1.03678860300667)
(-0.527856219970081 -1.26409908165973 1.03205661728989)
(-0.781860586727276 -1.02932334809266 1.02875273688145)
(-0.516560035561783 -1.02038150582802 1.02028177737763)
(-0.254381754625284 -1.25142420558921 0.775090741755705)
(0.0081796031886003 -1.25066785227541 0.772245254381488)
(-0.211140937181556 -0.962526145313101 0.723949386985517)
(0.0268083413126944 -0.964082447133278 0.729146594646456)
(-0.260489712033542 -1.25948926915461 1.0280620607436)
(0.0054151819690781 -1.257450786725 1.02646812367938)
(-0.250042461838049 -1.01208027759172 1.01553541257265)
(0.00973797009517854 -1.00819815943533 1.01635197292362)
(-1.26581203158136 -0.787590979066469 0.267460710419824)
(-1.01651742918207 -0.771935806743368 0.261772091747881)
(-1.26288721816142 -0.529138739645365 0.266205959689205)
(-1.01003345111386 -0.514691658310711 0.258780416932768)
(-1.26694854977756 -0.788970640736011 0.531768238254102)
(-1.01950809420819 -0.775461971177786 0.520572979051084)
(-1.26461256167081 -0.530534913574594 0.529531580234466)
(-1.01450562160308 -0.518180090202443 0.515002025998708)
(-1.26051384102836 -0.265989111645744 0.265129073429194)
(-1.00298352817821 -0.258630616883767 0.255649749632781)
(-1.2585310452954 -0.00087711781568859 0.264466168548435)
(-0.995800907720013 -0.00505803744704199 0.25272655419679)
(-1.26304436641489 -0.266878403498311 0.527733917678293)
(-1.01078068009403 -0.260809388481984 0.509925646782701)
(-1.26165987742465 -0.000894811685875203 0.526792575550693)
(-1.00670246481961 -0.00437657137864256 0.506617943424465)
(-1.26886041862384 -0.790737859999721 0.790276273395826)
(-1.02411356575935 -0.779883148828769 0.778477024436779)
(-1.26698669978628 -0.532194509464374 0.787841075628499)
(-1.01942326993049 -0.521595664977494 0.771610350855859)
(-1.27140056050387 -0.792890574142184 1.03847386189596)
(-1.03028237446113 -0.785443958292719 1.02994292669323)
(-1.26997786739023 -0.534345976118112 1.03657180135286)
(-1.02626898510408 -0.526446795866212 1.02403153340454)
(-1.26611832624195 -0.267852407905851 0.786030070579118)
(-1.01762452771278 -0.262662439626313 0.766416283464117)
(-1.26549917215517 -0.000821762679530012 0.785217138675071)
(-1.01687231890279 -0.0038929253707593 0.764257671597104)
(-1.26944333532772 -0.269103966973783 1.03523676120952)
(-1.02466808750611 -0.264919590381442 1.01964659875374)
(-1.26923776859911 -0.000602103227587077 1.03470409221526)
(-1.02455675574185 -0.00282073432934309 1.01799132951923)
(-0.750082833091402 -0.752566582431405 0.257711890248223)
(-0.460405368150488 -0.715961363175925 0.246488526655635)
(-0.747066041452289 -0.501846497299627 0.254683063284974)
(-0.469859640657771 -0.493263543253191 0.260530881746212)
(-0.755171618363174 -0.759332691879909 0.508408033033989)
(-0.498336651796373 -0.749683336767035 0.500948745983844)
(-0.748980014010783 -0.505336425922447 0.498448712177051)
(-0.462586200279651 -0.48685960730777 0.474633804071103)
(-0.304935279225153 -0.737510091954245 0.278705748293209)
(-0.319777547965637 -0.584023824815365 0.34484385113446)
(-0.294300254114 -0.730252568449025 0.48416111397887)
(-0.30717123961362 -0.574615266445284 0.47802054515567)
(-0.746384234962142 -0.259416786343491 0.252043167456898)
(-0.527607763095532 -0.257320387073224 0.244944274639872)
(-0.694943587292221 -0.0102871014445004 0.226638657389545)
(-0.532371033479365 -0.0495225653609043 0.249087493121513)
(-0.751270242585112 -0.258381531244715 0.4894809269942)
(-0.518170879971251 -0.248283979657208 0.455258428198738)
(-0.747545867299781 -0.0117734414682665 0.483953159196095)
(-0.527220659126479 -0.0273501857147466 0.45100358534343)
(-0.761978686568514 -0.766189100059756 0.763639765862148)
(-0.496304954781293 -0.753748791131836 0.750602846590568)
(-0.752481094666858 -0.508399956718571 0.74925642411201)
(-0.449847864908217 -0.474753020289859 0.704731381343784)
(-0.772575924169322 -0.775941254972917 1.01823043838638)
(-0.506925266731812 -0.766806054834523 1.00859733873241)
(-0.763497089480916 -0.516031765893484 1.00512731155427)
(-0.495739391987935 -0.507821026273065 0.992490095643383)
(-0.219399519073186 -0.727332807371167 0.728920135309946)
(0.0288362251038716 -0.711701166678412 0.797101119764044)
(-0.220520706589766 -0.496459230205119 0.736571458001977)
(0.0270896503532369 -0.480150589483811 0.812359151776663)
(-0.244727939080503 -0.760276255891044 1.01022149045368)
(0.0109515277582172 -0.75656156857843 1.02000036717732)
(-0.238374264472102 -0.506101688307654 1.00317694241014)
(0.0123845567662904 -0.505964676357708 1.02487941658645)
(-0.75328312789342 -0.25820274185015 0.73766052764334)
(-0.462251441001768 -0.252870299108833 0.696959729379014)
(-0.755634515174841 -0.0104237967840061 0.732183028185173)
(-0.523550211534512 -0.0249443548874205 0.670236726258465)
(-0.760239318375109 -0.259616823471798 0.993414908750477)
(-0.461069236398489 -0.234508629957434 0.931077707874792)
(-0.761528513604427 -0.0075110943891412 0.988248665601286)
(-0.473792000828569 -0.0166619229636068 0.921268647388343)
(-0.173528820482036 -0.254490857327963 0.797053069368203)
(0.0356143517480352 -0.250965267728609 0.821822258712724)
(-0.104918931854538 -0.0182093090333209 0.803522319350978)
(0.0397414654693325 -0.0194278020046676 0.81343306824175)
(-0.229859859966685 -0.233710924108497 0.953277447282657)
(0.0183649376691259 -0.257690028855454 1.0248283003071)
(-0.216245736360087 -0.0135210288547644 0.948548235787304)
(0.0205469609567943 -0.00903209167463153 1.01624864782594)
(-1.27536444072074 -1.27539550401055 1.27538838455877)
(-1.04165441974271 -1.27449645122116 1.27445936918344)
(-1.27465149787955 -1.04201296735043 1.27466403974816)
(-1.03951028477151 -1.03984071950478 1.27257385984536)
(-0.794666706413247 -1.27307061496184 1.27301153231529)
(-0.535206403719374 -1.27128187088241 1.27137059735788)
(-0.790315295493025 -1.03704422092663 1.26925063444242)
(-0.529887267878379 -1.03399908258378 1.26638702638517)
(-0.268064142416216 -1.26975690614006 1.27026189036036)
(0.00211104833152508 -1.26896577092905 1.26986602498851)
(-0.263818852155224 -1.03169717475935 1.26550859345157)
(0.00346190211625425 -1.03045769427171 1.26584477739506)
(-1.2738542870082 -0.795876782266614 1.27375525781304)
(-1.03712453645511 -0.791855694655513 1.2695901207673)
(-1.27320167680335 -0.537607428679103 1.27282589130076)
(-1.03491521070135 -0.533123381455262 1.2663720875393)
(-1.27287741828657 -0.271122960118617 1.27214906397834)
(-1.03376731126007 -0.268513842272266 1.26400315914409)
(-1.27284946246645 -0.000274585669367645 1.27194611805722)
(-1.03363052053426 -0.00136025088969883 1.26309855085443)
(-0.786126985455096 -0.787734428908685 1.26407493417181)
(-0.525450942415844 -0.784249624305854 1.26057348656323)
(-0.781301469203408 -0.527993776762145 1.25706507688321)
(-0.519889521437396 -0.523868819568265 1.25111235911048)
(-0.26103731803305 -0.782356382610672 1.26148347029335)
(0.0040363099311675 -0.781769342692558 1.26448373952567)
(-0.258246403680231 -0.523141455097872 1.25456599797148)
(0.00439220994868364 -0.52479134884462 1.26296675928741)
(-0.778007508928093 -0.26523939857397 1.25054218334978)
(-0.515241097029093 -0.262042919340827 1.24092782234393)
(-0.77774531992459 -0.00341502369701908 1.24785933772973)
(-0.514719643876353 -0.00507194467845023 1.23617228202724)
(-0.255193917283296 -0.261958109853888 1.24630023874441)
(0.00540603985876163 -0.2644762568849 1.26020577284959)
(-0.254537626899902 -0.00490912068854817 1.24139101801063)
(0.00575057462417249 -0.00409207254935405 1.25685977802199)
(0.264890577120532 -1.2555278163136 0.258942293911799)
(0.520005156636776 -1.25049233057508 0.260427317064863)
(0.242897487447443 -1.01427398817546 0.24257459383394)
(0.486001423616784 -0.965483218391665 0.24441993907565)
(0.264716410285778 -1.25345584731916 0.514100314608656)
(0.520442441107584 -1.24901699187362 0.515158690278538)
(0.24667191611201 -1.01766451380135 0.469634643203036)
(0.488790807649674 -0.963842524086673 0.470668798343736)
(0.776936292097256 -1.2556245152545 0.263523549786512)
(1.02867387100345 -1.26364173182787 0.26661302993537)
(0.757962982122885 -1.01241842597549 0.252505822578093)
(1.00752067029299 -1.01654891086716 0.258538298495893)
(0.777924741408466 -1.25436801437815 0.521487139234845)
(1.02983107502457 -1.26323796128781 0.528520365746761)
(0.76060900292324 -1.00538337918198 0.500728585095773)
(1.01112911673707 -1.01470650321612 0.513129413495235)
(0.266075799375366 -1.24928931513453 0.770193999765988)
(0.522624303979228 -1.2488160190215 0.770640263142017)
(0.254153891071508 -0.958386858588021 0.722132481390382)
(0.482428850317895 -0.955334026934238 0.710110650141341)
(0.268550429085583 -1.25652051742517 1.02527180001765)
(0.528812813034785 -1.25750122854891 1.02536738860488)
(0.264423809960712 -1.00684260949196 1.01473725417863)
(0.518311811876809 -1.00885975280819 1.01161285476764)
(0.780475350822975 -1.25566177199465 0.777622567908919)
(1.03220067825671 -1.26456076524882 0.785943937208716)
(0.763230496688689 -1.00372095280877 0.7557879980104)
(1.01806673950856 -1.01816373392421 0.771192596666296)
(0.786266602086155 -1.26233664814211 1.02941376382449)
(1.0358073801795 -1.26825445321705 1.03500069403656)
(0.774482367862204 -1.01695392070714 1.01604309716838)
(1.02773471056333 -1.02763461224359 1.0264174758383)
(1.26825026303477 -1.26953494953836 0.269952987488872)
(1.25679392821808 -1.02757840245453 0.265677561092745)
(1.26902200802992 -1.26971784606411 0.5348648156461)
(1.25894723254458 -1.02840971456381 0.526669158817718)
(1.27045446384775 -1.27063765783815 0.792712252153883)
(1.26361459408123 -1.03181769663679 0.785392395313979)
(1.27236068883813 -1.27237943055418 1.03956951899687)
(1.26894523767188 -1.03646647083727 1.03572575984663)
(0.5641700050743 -0.809135659408449 0.234617386163069)
(0.565327116813694 -0.799659702523574 0.451575602767587)
(0.721603578741827 -0.802285571979336 0.236072992532162)
(0.960159883987022 -0.736907273719133 0.242007697529247)
(1.01313553189482 -0.489799917451496 0.237616457969522)
(0.740661789838474 -0.741819486746178 0.481054298907128)
(0.965982973008636 -0.729459007426754 0.474832703157924)
(0.805456215440223 -0.479598954315602 0.558228197080586)
(0.975533737733235 -0.49417183739829 0.484984365731712)
(0.818522794698469 -0.147738460607949 0.125449097816302)
(0.971577363455737 -0.245978472703978 0.218397587391552)
(0.81607618289442 -0.0155352109365294 0.204125955756302)
(0.972722643019667 -0.0398730822502458 0.244141526818627)
(0.81028685563448 -0.263274207906572 0.560541238264198)
(0.974025101427569 -0.2688845519521 0.486539247601671)
(0.808576354803334 -0.0305955597803692 0.478538438216119)
(0.970409971730374 -0.0481596021614552 0.473323624022139)
(0.251638928922312 -0.706478084512714 0.790034231247182)
(0.491070212103148 -0.723981390527672 0.719261297518885)
(0.247925299378606 -0.476791263094876 0.807686349766939)
(0.469565048496889 -0.477560182953846 0.782382290828732)
(0.262087556417684 -0.755785424006272 1.02059159401373)
(0.512137661458415 -0.758181136394577 1.0115060707054)
(0.260508076227643 -0.506221201516933 1.03102321717679)
(0.508618692001437 -0.508248885972096 1.01986709800564)
(0.721333250634829 -0.720577067755438 0.712137740260736)
(1.00699576614907 -0.7640963587912 0.761291028661442)
(0.723737847173284 -0.486254410877812 0.72509964491728)
(1.00600684389562 -0.513036214413712 0.762541807044651)
(0.76575178456961 -0.765443179529571 1.0097724475271)
(1.02081408025667 -0.77732180311953 1.02017262259922)
(0.762031842034278 -0.513624469954381 1.01190494128311)
(1.0180385674098 -0.522941495721112 1.01892696987512)
(0.24741822761647 -0.250700977369313 0.81690684412851)
(0.468658742535064 -0.253049165227018 0.792604942420773)
(0.249821855093391 -0.0253978234841555 0.814773371100442)
(0.472206182003329 -0.0303889195055054 0.795049012644029)
(0.260262127184782 -0.258963127266639 1.03543459561236)
(0.50764378887801 -0.260627046281713 1.02569650370222)
(0.26026271145017 -0.0114044600523799 1.03089449489727)
(0.508435059427516 -0.0138146034988985 1.02461626769404)
(0.726781404565334 -0.257674088924108 0.73047011067055)
(1.00742053781994 -0.265274333941439 0.763956586576822)
(0.728212147261125 -0.029517334858621 0.724821704680121)
(1.00757361144588 -0.0170231617674975 0.759697514572793)
(0.762051949452491 -0.263263461885124 1.01510152385953)
(1.01805081696701 -0.266665310841877 1.01963465235699)
(0.762834674894194 -0.0127414569945621 1.01450361689519)
(1.01851324194185 -0.00869074590774716 1.01912695380164)
(1.24933794462105 -0.775853820906756 0.262316086779932)
(1.24988616580799 -0.520887116389431 0.260316329795992)
(1.25120645258231 -0.777276033438627 0.520175447190493)
(1.24997630483343 -0.523397418230229 0.518095846260594)
(1.25048327554086 -0.266618354615261 0.259125295315837)
(1.25208707977308 -0.0110373428499972 0.260068701880001)
(1.25022848369901 -0.269388088291827 0.517803803676394)
(1.25159964892873 -0.0125209934302699 0.51842411014477)
(1.25791969165018 -0.782705906716981 0.780213833075341)
(1.25631573931866 -0.528121592045394 0.779007565641969)
(1.26601188305073 -0.789137772741238 1.03315355851581)
(1.26477584158755 -0.532684136038537 1.0323217299134)
(1.25660986887568 -0.270049095762239 0.779059247709039)
(1.25740968586453 -0.00869217298002848 0.778811134711716)
(1.26481576317327 -0.270184478480953 1.03239066624747)
(1.26514540561791 -0.00414908456044789 1.03233176801977)
(0.271301575695015 -1.26848943247111 1.26934397935593)
(0.53606526791183 -1.26885796822521 1.26924047693017)
(0.269276271485864 -1.03001930120087 1.26546793413536)
(0.531680992862507 -1.03074652633636 1.26471781919563)
(0.793440113380872 -1.27027806323082 1.27021208285466)
(1.03991116704277 -1.27233203304301 1.27213809467616)
(0.788619884760739 -1.03319558540027 1.26580142871254)
(1.03666938071324 -1.03674110022279 1.26908410620227)
(1.27425568793414 -1.27427493555366 1.27415658197062)
(1.27275493587273 -1.04037450764477 1.27261020590959)
(0.268019284279862 -0.781898004410742 1.26530405414764)
(0.529108261505238 -0.78291675423723 1.26373453553479)
(0.26740672348308 -0.52636391468965 1.26705218763506)
(0.527842412528806 -0.527498016690282 1.26535950257534)
(0.785593604186271 -0.785543405441873 1.26364231732459)
(1.03434263605307 -0.789610040274484 1.26691653718594)
(0.784148490207987 -0.529593390638372 1.26394807862268)
(1.03321599178386 -0.532871728600559 1.26638073828303)
(0.267416429041993 -0.266460429971435 1.26798736521004)
(0.527546975602896 -0.267446767071728 1.26702616061791)
(0.267423576101297 -0.00422056866849418 1.26631707470661)
(0.527648520105861 -0.00476018656080525 1.26650832203973)
(0.783971002901636 -0.268487018909606 1.26508076325556)
(1.03315171802373 -0.269781793489352 1.26679357783123)
(0.784233127287981 -0.00448588500773741 1.26509392872896)
(1.03343019674128 -0.00322258362671936 1.26691873498612)
(1.2716616919591 -0.794523911037203 1.27159432055053)
(1.27119555805768 -0.537164193519566 1.27128628064997)
(1.27120544064696 -0.271640817534223 1.27138427914524)
(1.27146423462473 -0.00159005480087504 1.27156636642848)
(-1.25719488538226 0.266584148812647 0.264791101735268)
(-0.994056327651085 0.251599935751201 0.25273518585002)
(-1.26207477294767 0.531982297249882 0.266362218886922)
(-1.00624149954485 0.515436236245934 0.25769129299029)
(-1.26024143391879 0.267260352779836 0.527554243598904)
(-1.00492253108311 0.2541838194665 0.50840550922976)
(-1.26423765021244 0.532836572689632 0.53032476634429)
(-0.982187618294989 0.549065449062187 0.51703049935296)
(-1.27000397341649 0.790413423387123 0.268324802572253)
(-1.07520079026198 0.781490183683342 0.264267042010223)
(-1.27128769694029 1.03749718269631 0.269863417235849)
(-1.0298566432982 1.03085988380268 0.266583163256494)
(-1.27112624154366 0.791076024924749 0.533636946065994)
(-1.02565976659294 0.780284635654975 0.526035127274944)
(-1.27182455705445 1.03789509676292 0.536044918513458)
(-0.998137256137368 0.998730432761604 0.529626477898178)
(-1.26466879846721 0.26782523270129 0.785671416272498)
(-1.01643406473258 0.256663551790956 0.766277321053973)
(-1.26806137165041 0.533669900179314 0.788300165486159)
(-1.0213065954414 0.520042400649045 0.774726967593164)
(-1.2687177476768 0.269106803793705 1.03482402109062)
(-1.02480841813523 0.261014779060703 1.01962576583973)
(-1.27060909378605 0.535429698777395 1.03677942917666)
(-1.01218854681953 0.541052756080457 1.01137344847429)
(-1.27358406490995 0.792299328463835 0.791850524689024)
(-1.08147526026189 0.784576674291909 0.785939148488989)
(-1.27368114899667 1.03931556091064 0.793889711320029)
(-1.03424004569345 1.03411964851658 0.789240684696814)
(-1.27400015682359 0.793894417431642 1.03966289129395)
(-1.03404205649479 0.787048502281677 1.03550158052701)
(-1.27431170064383 1.04048979373306 1.04081314295314)
(-1.0207643521835 1.02053805205763 1.0223994242035)
(-0.684187157725848 0.215466706377876 0.222222992481454)
(-0.458853683606269 0.237722665637063 0.241317666938955)
(-0.735211641340926 0.445638060047605 0.248268252103991)
(-0.482889036060863 0.499420314873423 0.24645002803058)
(-0.741252741062684 0.238609701258073 0.487543758134865)
(-0.461879123637499 0.220022874488134 0.460433013756408)
(-0.749621243971992 0.499239068671784 0.501480189498529)
(-0.522997865813158 0.530735938268135 0.493910340965761)
(-0.232604426653031 0.303839445294898 0.250099790219071)
(-0.207480800804649 0.459097118621629 0.227639389650768)
(-0.0838630864357605 0.310658664261142 0.326048043258509)
(0.0089124229851716 0.464485200291633 0.247213720408814)
(-0.225249531475412 0.293272865948205 0.464058955317684)
(-0.0730073730138484 0.30309875888765 0.46116792207582)
(-0.237127850141177 0.496227390288616 0.485575103823219)
(0.0164966272708701 0.458384142756731 0.464159560030337)
(-0.551013492654352 0.9883847420147 0.521362623678532)
(-0.443161704317897 0.754125569119591 0.2523650501151)
(-0.238338228968511 0.749086507761163 0.249964742800389)
(0.00730798718482389 0.75242674630791 0.248718460773149)
(-0.518506224521223 1.01849853849357 0.261325234772616)
(-0.256451539065392 1.01443242333564 0.259106410477263)
(0.0026058886112419 1.01672400738684 0.258032610243939)
(-0.500925127321894 0.759562471997529 0.508238609881927)
(-0.24141822467116 0.751128266362198 0.49988686896781)
(0.00801851111768497 0.748906278382436 0.49513688480334)
(-0.257401993724123 1.01541575599474 0.517008397450951)
(0.00288589365165495 1.01638893287891 0.514877378779586)
(-0.754020051475652 0.240528703615229 0.737909237735641)
(-0.467212990734892 0.212675531394443 0.68675941026446)
(-0.756682008416415 0.447336998758716 0.75139898477038)
(-0.493623915537689 0.495788342473725 0.738714540206527)
(-0.763512030980298 0.247361220079697 0.99355696206112)
(-0.47088601023129 0.208628310773478 0.925945460152504)
(-0.770542362932592 0.511902187949825 1.01135178635503)
(-0.523136034897514 0.520526878309265 0.980812036407969)
(-0.199529826289177 0.229053456055442 0.710799427162084)
(0.0153530069997406 0.226911598043141 0.729565449764376)
(-0.236180817164479 0.492701762001677 0.732963787899542)
(0.033238895979577 0.449707622233022 0.700951103037468)
(-0.23928889155436 0.210365093310985 0.937203645745536)
(0.0145052268176459 0.240893123329715 1.00163083450812)
(-0.246476083044383 0.500389552369963 0.990546425558017)
(0.00943732475871082 0.497809663536634 0.998288065651501)
(-0.543241513257896 1.0136729655707 1.01518613132213)
(-0.452733705428431 0.76322641052192 0.762583570713096)
(-0.24492389573705 0.757112287964084 0.755047310751399)
(0.00895155487613138 0.751430842151165 0.750329650427631)
(-0.522052005096329 1.02389850303144 0.779194537147493)
(-0.258811688779938 1.01989979436053 0.774195369236004)
(0.00294521022211209 1.01937753247393 0.772632195798871)
(-0.517665924057419 0.773912396060375 1.02002841084762)
(-0.25420939555245 0.768470094404772 1.01208342161722)
(0.0058289355516293 0.764779132458992 1.01072164302727)
(-0.263360267559486 1.02706419787266 1.02694701929027)
(0.00205485501233269 1.026489923818 1.02632806946097)
(-1.27266324803091 1.27273571758625 0.271632089889514)
(-1.03758912061436 1.27187073988035 0.269984318739725)
(-1.27289720624935 1.27292282110737 0.538595902771888)
(-1.03805084186939 1.27218591682918 0.536232611165518)
(-1.27377772432861 1.27376304006217 0.796310668271222)
(-1.03951352389337 1.27382845523 0.794055664365923)
(-1.27441919691928 1.2743924881321 1.04197076655703)
(-1.04068358182209 1.27436372468486 1.0409393864622)
(-0.781495035015411 1.07863980425138 0.264957169660476)
(-0.791260428878215 1.27218877435671 0.268925405634965)
(-0.533840388184152 1.26701361656534 0.267852990314915)
(-0.780359985705983 1.02764180321677 0.526901086070615)
(-0.79184299118712 1.27256459655198 0.534543021405683)
(-0.5343276887143 1.26743292952429 0.532544589999621)
(-0.268468347369154 1.26450948533578 0.267000039438872)
(0.000255907659570186 1.26633079475587 0.266566950184222)
(-0.268678714673544 1.26477306853628 0.530888736748916)
(0.000403697188410775 1.26623745335678 0.530135881432859)
(-0.785420084851229 1.08215110123268 0.78687480660713)
(-0.792953092399227 1.27429761234617 0.792660495345334)
(-0.534779928153772 1.26963840853358 0.790309815688557)
(-0.788072796145136 1.03436342715819 1.03645376697485)
(-0.794459358446737 1.27436586618988 1.04028497337255)
(-0.536334518052741 1.27142274102325 1.03832764923745)
(-0.268811391309942 1.26677297977803 0.788757995936115)
(0.000504143342667292 1.26747535758287 0.788443308165912)
(-0.269896606104617 1.26977283903763 1.03724774363204)
(0.000363611972489977 1.270228013607 1.03735689569326)
(-1.27242946383402 0.271278022163035 1.27171124648206)
(-1.03384668653321 0.267240397389197 1.26366615840742)
(-1.27288787035466 0.538332258927255 1.27258477276695)
(-1.03571580492626 0.533570434125415 1.26781760806434)
(-1.27404270074565 0.796342265708875 1.27406226309499)
(-1.03881229950171 0.792906496706545 1.27322409379141)
(-1.27442999983807 1.04180696509728 1.27453289552121)
(-1.04043924884173 1.04029035414487 1.27445338037536)
(-0.779770184068581 0.260526945288656 1.25018081334821)
(-0.518474727132931 0.254796392840365 1.23862912007334)
(-0.784647740273861 0.526926627247691 1.26022856153874)
(-0.524955091680963 0.52184660395922 1.25103435304615)
(-0.258116861012191 0.254322284016194 1.24158515494379)
(0.00407601574468851 0.257348103894536 1.25433633637838)
(-0.262464867515113 0.520209107045153 1.24998498948552)
(0.00257840649762097 0.521190137935047 1.25623511212871)
(-0.782516819791476 0.781601739341454 1.08131596670405)
(-0.790200571918163 0.78940013109418 1.27126931408497)
(-0.530869291287107 0.786119466180431 1.26483919214154)
(-0.79380832844725 1.03911436669475 1.27404289283063)
(-0.535436118425204 1.03692641861745 1.27047722199324)
(-0.265689162930478 0.784070725644867 1.26115901453496)
(0.00178388280204345 0.783410145181078 1.2621945401939)
(-0.269098269746331 1.03577879415817 1.26831386715063)
(0.000768916076239752 1.03579680019644 1.26862847908001)
(-1.27502955330267 1.2750134996219 1.27508043037287)
(-1.04193737939396 1.27446712450192 1.27461980767883)
(-0.796728968753443 1.2742775283857 1.27445967839454)
(-0.538956267303493 1.27341000720551 1.27353318238029)
(-0.27183220111351 1.27315118465054 1.27318789431855)
(0.000112647470788759 1.27360384082919 1.27360606945736)
(0.244964053827644 0.525949509632203 0.230701918209511)
(0.467250776508033 0.529133069476932 0.229581015447579)
(0.251953030966523 0.511293956250598 0.453538071614641)
(0.473251868856976 0.517572458193726 0.454914437856727)
(0.796803008845628 0.192413708443516 0.228218070545505)
(1.01203856230515 0.231992662345676 0.246600893068321)
(0.719664627673745 0.452642301413783 0.233713895690081)
(1.00767780343899 0.495100157344982 0.251236265516065)
(0.795228556953087 0.192844867590177 0.458664368696469)
(1.0085367052538 0.230673995468775 0.497283091242203)
(0.723729689899286 0.451261684814086 0.464764189473603)
(1.00804775642651 0.495455278827098 0.50340677605799)
(0.250387769444456 0.762121153015649 0.246850582921796)
(0.498795681776522 0.76116296087222 0.246158681767704)
(0.258989938335286 1.01863574848101 0.257463193038489)
(0.516188380184178 1.01915427983057 0.257765743820922)
(0.253507748696989 0.754419374112714 0.493195316933387)
(0.501836131761117 0.755173959411198 0.494205893692193)
(0.260359294306605 1.01743473062502 0.514358343665413)
(0.518089386509005 1.01832931001775 0.515496842707262)
(0.754397765980438 0.754918753161352 0.24990605178619)
(1.01365062180744 0.764168846580397 0.257406726269475)
(0.773934724831341 1.02078615523787 0.259841023669609)
(1.02723018312715 1.02669238183612 0.263647396880445)
(0.756833196343897 0.753551294235335 0.500868603135754)
(1.0153026799033 0.765082423521737 0.514467152576058)
(0.775755745432806 1.02093190986964 0.519321648196166)
(1.02841129355696 1.02734392757145 0.525780692847506)
(0.253859072933077 0.202416869145528 0.792812145089735)
(0.475834683207716 0.19724860813199 0.784657620283827)
(0.25715098763658 0.451020145922902 0.710748094929578)
(0.482390236474936 0.452129761120503 0.712105416754782)
(0.259974458914823 0.239522841765092 1.01683105748211)
(0.509144198838342 0.237692119317214 1.01555688390956)
(0.261018326018149 0.497322952270001 1.0056518619875)
(0.512005612461959 0.497645140779155 1.00713709372447)
(0.726460385883598 0.203044930304611 0.71634503596664)
(1.0083749300766 0.237974677670344 0.756993919751541)
(0.719131823881665 0.447845232129727 0.708159306570802)
(1.01055319190012 0.501353181233411 0.760978748181298)
(0.763111835977723 0.241463341637754 1.01042680314775)
(1.01900957890284 0.251820790045931 1.01806704060581)
(0.766114857917726 0.502597371610727 1.00901136065828)
(1.02145860957092 0.515234196982379 1.01984607745164)
(0.258355684403309 0.751575196619926 0.749822485521514)
(0.508220095185752 0.752732138042223 0.751690144791099)
(0.262742191057035 1.0194295512824 0.772331076843331)
(0.52190106565394 1.02041986169349 0.773758132562793)
(0.262974195336743 0.764000144618961 1.01175542955482)
(0.519259140160456 0.765249867639181 1.01345681101924)
(0.265751184023319 1.02627396031724 1.02634753451275)
(0.527599464908354 1.02712663870948 1.0274173986484)
(0.762819925181641 0.756432373608592 0.75819252915334)
(1.01950034777497 0.769535014649267 0.772311653065357)
(0.779665402085788 1.02367160650588 0.777884488566002)
(1.03122491170322 1.02991096268658 0.784511438909368)
(0.775345156804623 0.769787807189566 1.01780917469192)
(1.02802044992466 0.779187125575061 1.02681016330137)
(0.785704660673946 1.02988899016079 1.03038416049433)
(1.03553577202985 1.03444307327228 1.03498475678734)
(1.25681289261107 0.253228775806964 0.262047537588779)
(1.26047344217445 0.520666630472776 0.263740741595835)
(1.25621582151854 0.252899427663757 0.521345057528398)
(1.26060145738771 0.521157186633491 0.525232728815965)
(1.26392139837174 0.783219465910196 0.265966622130519)
(1.26910069032461 1.03576835989006 0.268447515016513)
(1.2643948645178 0.783859114827051 0.529249159020398)
(1.2694640285202 1.03613038602394 0.533536519001172)
(1.2596359842 0.257119147043772 0.780184037738072)
(1.26252587100786 0.524100316758382 0.783353762579615)
(1.26563395086711 0.2633084558251 1.03245068733099)
(1.26694046489331 0.529398880781461 1.03378786887842)
(1.26616635526068 0.786013028809767 0.787482085777382)
(1.27067965706757 1.03730704567739 0.791906624469448)
(1.2695498841907 0.789802180378424 1.03653394878851)
(1.27264688170503 1.03920780502514 1.03955681394657)
(0.266759923999688 1.26693658098956 0.266421803345132)
(0.530472811660367 1.26705333169782 0.26661450497634)
(0.267247946696753 1.26661929733113 0.53002271788402)
(0.531178779843045 1.26681436845828 0.530509106817145)
(0.788816490168786 1.26798389378794 0.26738644819967)
(1.03761400170632 1.27040011639048 0.268841579563752)
(0.789491641044287 1.26797364676616 0.531912420491771)
(1.03801352630596 1.27052547900904 0.534289570383457)
(0.268116432680775 1.26758614373373 0.788389715598131)
(0.532592405337115 1.26782118337508 0.788941328961516)
(0.269396724240464 1.27021722065565 1.03733975210886)
(0.534782631439158 1.27042290801468 1.03769269817466)
(0.790930783593069 1.26909191208319 0.790437455373515)
(1.03899257630014 1.27147490250882 0.792764628263901)
(0.793091759726211 1.27144633950756 1.03872658121263)
(1.0403848387939 1.27312735564536 1.04022083380762)
(1.27366296794998 1.27357847921206 0.271116209083806)
(1.27377735452931 1.27365070141941 0.537762490816341)
(1.27412219383565 1.27398271652252 0.795953079711537)
(1.274687271326 1.27457447741105 1.041949859666)
(0.267137694561751 0.259133975764806 1.26280331202082)
(0.527918694672569 0.259347473177153 1.26392956566084)
(0.267192374561865 0.522624626706782 1.26091116766205)
(0.528945429943237 0.523445704125297 1.26220750053814)
(0.784642860448276 0.260844609053169 1.26387834827995)
(1.03377982824327 0.264269473220382 1.26660483342579)
(0.785971571954846 0.525654332648972 1.26351668570308)
(1.03486711176913 0.529947377068509 1.26709448483511)
(0.268000675297832 0.783591634154256 1.2634133254559)
(0.531249397917403 0.784399970958442 1.26428776235508)
(0.269356004136093 1.0357438183943 1.2687760925936)
(0.534362395145744 1.03615027691582 1.26919036287556)
(0.788854508844332 0.78644366273624 1.26605288438306)
(1.03715034268746 0.789976268646248 1.26937419754764)
(0.792451206007406 1.03735626828416 1.27046320922267)
(1.03980984905189 1.03923567660883 1.27250213867238)
(1.27157379249773 0.268928078248223 1.27151238665409)
(1.27212256112976 0.53572144996257 1.27196471963366)
(1.27316406889834 0.79463721251047 1.2730266150814)
(1.2743804521973 1.04146397609091 1.27431100156464)
(0.271372919755774 1.27352850370007 1.2735460103597)
(0.537995202503114 1.27361953086727 1.27366074509559)
(0.796100201621871 1.27397183450607 1.27403060274786)
(1.04201924675275 1.27457336678534 1.27463313160599)
(1.27533466054389 1.27527341021782 1.27531297364834)
(-0.303017702801838 -0.773047577924914 -0.319544249276144)
(-0.142134038719681 -0.813151723345163 -0.356038333321514)
(0.0288972342706412 -0.771047156102192 -0.320421738315768)
(-0.266359576902372 -0.751375009000217 -0.167489619257835)
(-0.234450968407746 -0.736424793075879 -0.0451496961020421)
(-0.130439017124134 -0.827810002665586 -0.156159118456366)
(0.0134706234208685 -0.769757897156972 -0.150627962492402)
(-0.167166617787839 -0.856659264637196 0.0327360741627434)
(0.0200898229908549 -0.797458638883052 0.0374903322162719)
(-0.302109095909679 -0.615883814678703 -0.339731716032003)
(-0.306292777381064 -0.433504946764582 -0.338199356659393)
(-0.132476481541556 -0.617798007917848 -0.363850060450373)
(0.0464825147786705 -0.622249022685425 -0.410925959980637)
(-0.126155307933107 -0.43384893444682 -0.348028678201292)
(0.0498065194691223 -0.440896762582467 -0.391794326290576)
(-0.300307113120918 -0.238031968267427 -0.310743476604934)
(-0.288842236281265 -0.0513863244350615 -0.289553210940092)
(-0.12269653685007 -0.244229193130221 -0.335761986051551)
(0.0550366155468473 -0.247777493611022 -0.379261040540897)
(-0.122673187027367 -0.0528016679013926 -0.322444084001179)
(0.0511931434675035 -0.0525917618363951 -0.363918260503182)
(-0.298103798539392 -0.594845885076477 -0.164718926241064)
(-0.367509491303855 -0.422895671270683 -0.164605159443749)
(-0.255412253670101 -0.60943833875174 0.016163453010844)
(-0.324719252481715 -0.41156368316548 0.0173000052598602)
(-0.203132087008625 -0.708277543967443 0.102417575921213)
(-0.468613078368402 -0.104702774406459 -0.112049119875453)
(-0.455249721322052 -0.218008899484915 -0.184334544014582)
(-0.531723375289369 -0.00530339046716499 -0.123335875308595)
(-0.450495904526208 -0.0261736863887241 -0.258240450634055)
(-0.439715867342215 -0.105538480227716 -0.0371027688816641)
(-0.395050726120116 -0.212744799750755 0.0143621862662373)
(-0.46517504571316 -0.0126384364505068 0.012211058863849)
(-0.423166825111616 -0.0936411819423956 0.0828814328801879)
(0.146319123213019 -0.72063439600328 -0.288553306776323)
(0.16148717607326 -0.72237906343112 -0.15419383201067)
(0.206419795421595 -0.737142351902147 0.0331897106924021)
(0.326482236815326 -0.709452449022252 0.106082375730967)
(0.371755731646383 -0.562330722078713 -0.490138405396881)
(0.491221626792853 -0.574461474236701 -0.496255853625786)
(0.359262844287769 -0.441925856987673 -0.464274841203811)
(0.490962946015695 -0.422998498143366 -0.492106914545228)
(0.273066160679695 -0.673152965274975 -0.414966030982164)
(0.462231754600862 -0.601953348870447 -0.343079801430052)
(0.212457092168926 -0.449402186214738 -0.431524621201445)
(0.620539640790481 -0.556018742755433 -0.477711466642548)
(0.659010683989658 -0.409952573170225 -0.519938852583948)
(0.619673411808018 -0.552834926063964 -0.339439356627708)
(0.702854363876502 -0.41201755931847 -0.348399560532083)
(0.35452967780464 -0.328777761620836 -0.454649212939229)
(0.459812603837003 -0.268749769190721 -0.474062511034532)
(0.489546256703892 -0.157241301625774 -0.47679329623718)
(0.247841592577197 -0.255890898064595 -0.424571426985587)
(0.369112960674506 -0.192076832849886 -0.447884023420331)
(0.230241204692743 -0.0498775488180825 -0.4056280731643)
(0.419357611789139 -0.0635808620498777 -0.454239466388934)
(0.613192529074599 -0.246415812612279 -0.480196292402346)
(0.574159270936875 -0.149632599768894 -0.45910540655469)
(0.628883528656567 -0.25655256409824 -0.325666035952324)
(0.565383200611542 -0.0820171615263225 -0.354340588944002)
(0.306206394230586 -0.672205715370919 -0.183586745225591)
(0.4626690210616 -0.625171857865381 -0.165700716598743)
(0.315939924220122 -0.690491214832926 -0.0463076334937772)
(0.437120360455452 -0.66303606306596 0.0316971294722759)
(0.64772589451695 -0.57481417528231 -0.147832525869803)
(0.75914596746509 -0.557789998329452 -0.0668652300144156)
(0.739192731174959 -0.426298760299529 -0.197491163776443)
(0.766317474469247 -0.442788197706818 -0.0652166798217614)
(0.611736957696268 -0.606664753943181 0.0400794605877529)
(0.758975726346353 -0.582047720318731 0.0473464243167385)
(0.783542623262526 -0.446607942350607 0.0602578060839353)
(0.669169432917983 -0.264942201594589 -0.139155760055906)
(0.716565270813089 -0.350373693340804 -0.0453366976480004)
(0.597907230548743 -0.0693500099635451 -0.157429214514972)
(0.682729790251616 -0.201821025284459 0.0266321797332734)
(0.7320630304425 -0.326232682368475 0.0588509249373998)
(0.631247353783102 -0.0541826041267775 0.0279683887423886)
(-0.281509121182035 0.0922009460858648 -0.288302742159649)
(-0.143002558025648 0.15252150232174 -0.314790437744892)
(0.0422526881812225 0.137054240592546 -0.347840990043515)
(-0.0892127698905449 0.288064286070244 -0.295067493594645)
(0.0237963629261833 0.311464161089682 -0.338341613396711)
(-0.541366214313259 0.140690408849378 -0.109792078453233)
(-0.402762138880327 0.178581662706155 -0.20050840005038)
(-0.476950097580358 0.121060501711068 0.0225554017958696)
(-0.348928298393644 0.146787206858052 0.00733533319644135)
(-0.221222451927539 0.227967679512565 -0.165493477875156)
(-0.0754777427954064 0.266665388062337 -0.156531215828922)
(0.0689822452183938 0.309798119033957 -0.16785123030808)
(-0.207974601562606 0.192823168677371 0.00961426404518005)
(-0.0620997214887587 0.241022490761202 0.0029614660596276)
(0.0860996190945355 0.287595881771896 0.0110898999421454)
(0.224445505434409 0.151331821578619 -0.389778552472597)
(0.431917149205658 0.170376658150799 -0.437819858278891)
(0.189232481794033 0.353587121093854 -0.387009676774083)
(0.368384036326065 0.376169673220966 -0.413001059360731)
(0.5239922185468 0.0696885781778978 -0.323813557696289)
(0.468387195466218 0.233657553168814 -0.276245679152576)
(0.229472732510077 0.368375301586155 -0.185012697473108)
(0.434074859235522 0.393136998073908 -0.202124643817752)
(0.246768695518109 0.339478124837639 0.0112889617271733)
(0.407831043846832 0.409464357304849 0.015175837297219)
(0.526482157375109 0.126225305165228 -0.173131918417365)
(0.495344297277057 0.261588326970971 -0.108417401667753)
(0.573213607449205 0.10833957611051 0.0274691721283966)
(0.527193836206403 0.274156132107964 0.0298692821177634)
(-0.141689588939097 -0.852642460746529 0.241884836135938)
(0.0330288099298847 -0.825592730268471 0.230078378151406)
(-0.10908175498242 -0.82804569109288 0.430909307583883)
(0.0564076849971423 -0.855197069593203 0.41625914025483)
(-0.0855213981422544 -0.817499536403587 0.588877873627756)
(0.0790379866274119 -0.851171250773373 0.62571495558473)
(-0.244463975804485 -0.56123307652477 0.155040816893291)
(-0.278218794855454 -0.425187961464621 0.222125445965171)
(-0.260755884702948 -0.364067436109099 0.407713839805943)
(-0.191463977779851 -0.65732377339365 0.242797641466783)
(-0.223478891328098 -0.530950862008158 0.307734409377981)
(-0.147932720513267 -0.665296539715544 0.434706291466718)
(-0.202259225844073 -0.510681703735296 0.442636440499115)
(-0.349944994034892 -0.225932086285478 0.212291831963117)
(-0.463930836412189 0.0199194145344196 0.115073386741369)
(-0.422169253273297 -0.0407764717958592 0.204778370135995)
(-0.3171514563317 -0.210006671652199 0.395907545796121)
(-0.380429736764338 -0.0510430708128636 0.396426499167642)
(-0.252058127335851 -0.338364427413302 0.546639422962087)
(-0.120716043903458 -0.670492226877525 0.620958132549928)
(0.0558719800957661 -0.643867575516308 0.626821950879968)
(-0.183835171741759 -0.457536781974412 0.658791214171611)
(0.0358201392714429 -0.442006322861472 0.643282030364441)
(-0.288858781814188 -0.203288882723039 0.581048371690561)
(-0.342720835672041 -0.0513174213882958 0.550600018664828)
(-0.297367713756866 -0.131113448311726 0.672371353758774)
(-0.334085481298522 -0.0425443770679979 0.674269869380618)
(-0.151050547341594 -0.2144445503493 0.702336693883109)
(0.0380667778594923 -0.233177301592022 0.65550278845604)
(-0.108776292912855 -0.0295215936091732 0.704778611789095)
(0.0490141385982431 -0.0303694415030722 0.670212820571572)
(-0.239601152037251 -0.130334525839913 0.725082941044362)
(-0.236491149298397 -0.0301312425070419 0.73455789745255)
(0.188213833999695 -0.770872744150377 0.22693469158201)
(0.334657900667944 -0.725167090241707 0.234902360591193)
(0.205095749276812 -0.793254932134846 0.402943385383782)
(0.347468713361377 -0.750643107887776 0.39185786574294)
(0.249694556813238 -0.795170281374943 0.569847300886378)
(0.359744450496011 -0.771217348739211 0.528130654160629)
(0.48039087325842 -0.676864369867591 0.226221565231022)
(0.494825803828133 -0.712232487894079 0.400430479286809)
(0.632991942133503 -0.625821448217087 0.224101382114838)
(0.783312327504566 -0.598285051727912 0.196707721881191)
(0.809873103323967 -0.445076675120479 0.207274715895836)
(0.681595214814781 -0.660143605784678 0.43925487526067)
(0.840422437956256 -0.621750489276865 0.351478500259919)
(0.727090207611589 -0.450368308982697 0.483789115337431)
(0.880641198585967 -0.450535591193721 0.379007131482229)
(0.70216365193498 -0.187359919175505 0.144219012163162)
(0.747654977575571 -0.285439235049743 0.211594169334532)
(0.67641521923063 -0.0733595046382812 0.218557504954384)
(0.722507804909769 -0.185484449401114 0.268150087694628)
(0.732459191405783 -0.257438227300014 0.496958948942277)
(0.811277782021907 -0.283488386956619 0.358120862423723)
(0.74537146933575 -0.0712519957887917 0.422104575081315)
(0.754139084150984 -0.185292957692471 0.346085527037881)
(0.229878837326183 -0.624364836981933 0.580982527502892)
(0.414700862428647 -0.636657940634078 0.548927638310617)
(0.220554592528504 -0.434642307488595 0.597786900436035)
(0.394826806724254 -0.432878266178252 0.556856443449432)
(0.555797806735285 -0.574356837538656 0.522366220193208)
(0.560014244727907 -0.430372308542962 0.520238011389015)
(0.220711811238171 -0.238480943627614 0.612235323600109)
(0.397519820821889 -0.24181227977016 0.570573650870838)
(0.229077191082043 -0.0419474571364164 0.624875575231782)
(0.406862983401443 -0.05051275092555 0.581420678626181)
(0.569861648986569 -0.248972144740925 0.532602920879941)
(0.586556874865324 -0.0566712538756203 0.551850408466624)
(-0.468144784514461 0.104999364164447 0.118306022461217)
(-0.369981546163674 0.131020297294465 0.191420526159283)
(-0.338464581242815 0.114133758752231 0.41289527945151)
(-0.163334451582855 0.177114559987747 0.211029639236459)
(-0.0528476667226766 0.225330442389311 0.133772224422795)
(-0.0370248863417035 0.207734585050455 0.288453192718442)
(0.0700736947543975 0.253970625417777 0.206451987795468)
(-0.173750732331449 0.142270401178461 0.418192949543516)
(-0.0200515073240894 0.191749393445657 0.42725316089542)
(0.123123209125618 0.241928624191485 0.393387023335864)
(-0.328416039762625 0.0905594291328462 0.577008761008488)
(-0.36491973005708 0.0737919283751025 0.689140596881792)
(-0.182485205683912 0.129788976603842 0.633299486079245)
(0.0445833539681497 0.201409871189804 0.643552899966588)
(0.145034461351829 0.243072423434531 0.524083962156075)
(-0.261880516892631 0.0818087303768517 0.725186994797737)
(0.254065755103475 0.312576395777216 0.202866264287461)
(0.417231602434284 0.377382903223633 0.206893825907492)
(0.270205339839166 0.2896135468276 0.386665356775292)
(0.430225839940284 0.34537338506968 0.392686500190333)
(0.609993397971486 0.109883662672979 0.216769998871253)
(0.570885887344813 0.288537332231948 0.20670266642465)
(0.652679296202866 0.125223731322998 0.398899312318642)
(0.614318463334184 0.316297120227272 0.395658162972299)
(0.242117924773339 0.143078018010867 0.64080529501256)
(0.420626721230623 0.137096616416979 0.592818612652382)
(0.259163429568398 0.295106852153593 0.556140895607998)
(0.429261350991536 0.330858516872864 0.585621498790776)
(0.597296459829542 0.136813512119502 0.571766671120127)
(0.61591237846565 0.32045866952476 0.586192292486141)
(-1.5 -1.5 -1.28403138758444)
(-1.04546119174433 -1.5 -1.27730758112224)
(-1.5 -1.04546237560406 -1.27730679224706)
(-1.04662637743932 -1.04662454334404 -1.5)
(-0.803278228083102 -1.5 -1.27836538151755)
(-0.802610644165551 -1.0482272561876 -1.5)
(-0.543374021122368 -1.5 -1.27891302813485)
(-0.544266370938416 -1.04923366213819 -1.5)
(-0.275589925848337 -1.5 -1.27908666046501)
(-0.274982149754813 -1.04955496892878 -1.5)
(-2.12047876126985e-06 -1.5 -1.27919380597002)
(3.77158834772518e-07 -1.04963247682701 -1.5)
(-1.5 -0.803279659080328 -1.27836473146284)
(-1.0482286160367 -0.802608538528401 -1.5)
(-1.5 -0.543374623763782 -1.27891274585877)
(-1.04923415677222 -0.544265624089437 -1.5)
(-1.5 -0.275589130572028 -1.2790864899191)
(-1.04955520681066 -0.274983733980614 -1.5)
(-1.5 -2.12479199133824e-07 -1.27919374541142)
(-1.04963267368277 -1.04257974643745e-06 -1.5)
(-0.804267077265742 -0.804265700364512 -1.5)
(-0.545560913075599 -0.805368645512899 -1.5)
(-0.805368855794181 -0.545560964190233 -1.5)
(-0.546475868874871 -0.546476647756299 -1.5)
(-0.275635348943001 -0.805756731021875 -1.5)
(1.34180425650446e-06 -0.805825616894694 -1.5)
(-0.27613707258522 -0.546823544804701 -1.5)
(2.06185804863326e-06 -0.546885081226034 -1.5)
(-0.805756624709898 -0.27563769814456 -1.5)
(-0.546822814249543 -0.276139350007775 -1.5)
(-0.805825566329833 -2.56658248131393e-06 -1.5)
(-0.546884537913441 -1.14091013892906e-06 -1.5)
(-0.276339034171932 -0.276340621110171 -1.5)
(1.88518254907395e-06 -0.276379806384458 -1.5)
(-0.276378597531126 -1.55126140926576e-07 -1.5)
(3.01679917789095e-06 -1.66661193693158e-07 -1.5)
(0.275587669453687 -1.5 -1.27908653306951)
(0.274984269610554 -1.04955476100531 -1.5)
(0.543373040853058 -1.5 -1.27891293296617)
(0.544267443247111 -1.04923283011266 -1.5)
(0.803277902247776 -1.5 -1.27836530066818)
(0.802611053003747 -1.04822573740154 -1.5)
(1.04546108361427 -1.5 -1.27730754725266)
(1.04662673726115 -1.04662272441131 -1.5)
(1.5 -1.5 -1.28403138758444)
(1.5 -1.0454611643369 -1.27730757080816)
(0.275639127845266 -0.805756508949553 -1.5)
(0.545562968686144 -0.805367981676066 -1.5)
(0.276141512458026 -0.54682338382069 -1.5)
(0.546478498513999 -0.546476222058133 -1.5)
(0.804267908954014 -0.804264746993687 -1.5)
(1.04822906231972 -0.802607471998444 -1.5)
(0.805370144875851 -0.545560383401606 -1.5)
(1.04923476881371 -0.544264894011515 -1.5)
(0.276343121970038 -0.276340580554051 -1.5)
(0.546825489310754 -0.276139061364481 -1.5)
(0.27638243470883 -2.54703105672625e-07 -1.5)
(0.54688713545044 -9.72229675969405e-07 -1.5)
(0.805758171829545 -0.275636807055874 -1.5)
(1.0495560109764 -0.274982380853398 -1.5)
(0.805827118176221 4.0933187782795e-07 -1.5)
(1.04963354716986 6.76988833819263e-07 -1.5)
(1.5 -0.80327816064252 -1.2783653647105)
(1.5 -0.54337389047736 -1.27891300696278)
(1.5 -0.275589732773646 -1.2790866442748)
(1.5 -1.89968466195923e-06 -1.27919380260797)
(-1.5 0.275589724820914 -1.27908642996529)
(-1.04955514668636 0.274980936868801 -1.5)
(-1.5 0.543374913002584 -1.27891226579382)
(-1.04923412846072 0.544264665942974 -1.5)
(-1.5 0.803279726194926 -1.27836359911115)
(-1.04822861228783 0.802608414064528 -1.5)
(-1.5 1.0454625837227 -1.2773053648078)
(-1.04662635956635 1.04662457777598 -1.5)
(-0.805756676709329 0.275635589135609 -1.5)
(-0.546822914610482 0.276138978457977 -1.5)
(-0.805368914595564 0.545560558068682 -1.5)
(-0.54647595233793 0.546477193366653 -1.5)
(-0.27633908768736 0.276341617426199 -1.5)
(1.89960376916437e-06 0.27638117109774 -1.5)
(-0.276137105076922 0.546824766435181 -1.5)
(2.08164188104423e-06 0.546886477080614 -1.5)
(-0.804267098268211 0.804265978572428 -1.5)
(-0.545560937800022 0.805369383836689 -1.5)
(-0.802610642381579 1.04822752985749 -1.5)
(-0.544266373214107 1.04923417369094 -1.5)
(-0.275635357720868 0.805757758433057 -1.5)
(1.35797549384863e-06 0.805826724616401 -1.5)
(-0.274982147518034 1.04955561448649 -1.5)
(3.86707945105514e-07 1.04963316219224 -1.5)
(-1.5 1.5 -1.28403138758444)
(-1.04546235485417 1.5 -1.27730676185677)
(-0.803279627707459 1.5 -1.27836468549583)
(-0.543374582767805 1.5 -1.27891267749222)
(-0.275589079209661 1.5 -1.27908638913362)
(-1.58716315926586e-07 1.5 -1.27919360269992)
(0.276343201773119 0.276341415684375 -1.5)
(0.546825539873011 0.276138862882388 -1.5)
(0.2761415838851 0.546824527643387 -1.5)
(0.5464785933296 0.546476800214462 -1.5)
(0.805758131756484 0.275636137972495 -1.5)
(1.04955592496432 0.274982060986306 -1.5)
(0.805370148405035 0.545560527875989 -1.5)
(1.04923471949767 0.544264976607555 -1.5)
(0.275639171600028 0.805757528575308 -1.5)
(0.545563029107864 0.805368790467916 -1.5)
(0.274984290207409 1.04955542649443 -1.5)
(0.544267477554493 1.04923342630977 -1.5)
(0.804267957800898 0.804265301469345 -1.5)
(1.04822908284805 0.802607809024581 -1.5)
(0.80261109477329 1.04822621982405 -1.5)
(1.04662677421162 1.04662306272124 -1.5)
(1.5 0.275587862317088 -1.27908654272861)
(1.5 0.543373171205663 -1.27891294814978)
(1.5 0.803277969145271 -1.27836531249102)
(1.5 1.0454611105816 -1.27730755397673)
(0.275589769119721 1.5 -1.27908624968345)
(0.543374941613016 1.5 -1.27891206828331)
(0.803279728995585 1.5 -1.27836341708128)
(1.04546257746287 1.5 -1.27730522800971)
(1.5 1.5 -1.28403138758444)
(-1.5 -1.5 1.28403138758443)
(-1.04545988172534 -1.5 1.27730789556267)
(-1.5 -1.04546239712989 1.27730679871336)
(-1.04662463435105 -1.04662664850609 1.5)
(-0.803277509562464 -1.5 1.27836547655841)
(-0.543373473649049 -1.5 1.27891324980264)
(-0.802608421941875 -1.04822894986015 1.5)
(-0.544264482770633 -1.04923444029177 1.5)
(-0.275588766228938 -1.5 1.27908694182352)
(6.71569307410166e-07 -1.5 1.27919412508453)
(-0.274980477278112 -1.04955540056063 1.5)
(1.64203154963331e-06 -1.04963286684798 1.5)
(-1.5 -0.803279861244833 1.27836483812658)
(-1.04822745418975 -0.802611288725139 1.5)
(-1.5 -0.543375253690528 1.27891295587378)
(-1.04923402957299 -0.544267831608384 1.5)
(-1.5 -0.275590420472787 1.27908670703125)
(-1.0495554617574 -0.274984871067186 1.5)
(-1.5 -7.50212948949305e-07 1.27919377459751)
(-1.04963293576494 -1.16810623348703e-06 1.5)
(-0.804265744155963 -0.804267869827574 1.5)
(-0.545560057625015 -0.805369634825193 1.5)
(-0.80536897127857 -0.545562727259873 1.5)
(-0.546476448349076 -0.54647751280934 1.5)
(-0.275634797079721 -0.805757240415929 1.5)
(3.4907854480299e-06 -0.805825946879391 1.5)
(-0.276137991298093 -0.546823991507522 1.5)
(2.21917448438019e-06 -0.546885195693336 1.5)
(-0.805757336004751 -0.275638725089145 1.5)
(-0.546824033699723 -0.276139948883216 1.5)
(-0.805826360890819 -2.87717129814167e-06 1.5)
(-0.546885960724931 -1.4820368378562e-06 1.5)
(-0.276340675912899 -0.276340865584897 1.5)
(1.14095401440656e-06 -0.276379572717496 1.5)
(-0.27638052040995 -2.63919057870066e-07 1.5)
(8.73061464043182e-07 1.88508763615497e-06 1.5)
(0.27558894129448 -1.5 1.27908669522951)
(0.543373879264762 -1.5 1.27891259838058)
(0.274984199095848 -1.04955533838079 1.5)
(0.544265823231298 -1.04923421971568 1.5)
(0.803278635296396 -1.5 1.27836400277393)
(1.04546146323038 -1.5 1.27730604950681)
(0.80260856228434 -1.04822861338319 1.5)
(1.04662452716484 -1.04662634090747 1.5)
(1.5 -1.5 1.28403138758443)
(1.5 -1.04546000687344 1.27730736267919)
(0.275638490091529 -0.805756839419896 1.5)
(0.545561477076612 -0.805368943147561 1.5)
(0.276140313676099 -0.546823162227312 1.5)
(0.5464773678059 -0.54647601040995 1.5)
(0.804265979194926 -0.804267083262954 1.5)
(1.0482274037346 -0.802610616851476 1.5)
(0.805369117380737 -0.545560938596404 1.5)
(1.04923394018774 -0.544266352675211 1.5)
(0.276341516129776 -0.276339530877824 1.5)
(0.546824242482136 -0.27613728040191 1.5)
(0.276380456652818 1.31753441829706e-06 1.5)
(0.546885596709121 1.82109282236449e-06 1.5)
(0.805757212323419 -0.27563540182443 1.5)
(1.0495552615181 -0.274982140471195 1.5)
(0.805825979218102 1.27221133916382e-06 1.5)
(1.04963270172812 3.7969898051669e-07 1.5)
(1.5 -0.803277553058305 1.27836501439343)
(1.5 -0.543373406726819 1.27891298940571)
(1.5 -0.275588648404444 1.27908686359338)
(1.5 6.53857637275205e-07 1.27919419427121)
(-1.5 0.27558843033767 1.27908626031872)
(-1.04955514564713 0.27498157604329 1.5)
(-1.5 0.543374265987895 1.27891206443442)
(-1.04923321851935 0.544266037104995 1.5)
(-1.5 0.803279487165643 1.27836343742947)
(-1.04822611389362 0.802610473809126 1.5)
(-1.5 1.04546251336539 1.27730525517553)
(-1.04662300787976 1.04662651910688 1.5)
(-0.80575725192199 0.275635817527017 1.5)
(-0.546824263595575 0.276138752489086 1.5)
(-0.805368625800137 0.545561262867509 1.5)
(-0.546476692926469 0.546477054374579 1.5)
(-0.276341096916744 0.276341430896237 1.5)
(6.38584094157428e-07 0.276381459562448 1.5)
(-0.276138734479748 0.546824476415129 1.5)
(1.12349690012064e-06 0.546886477726034 1.5)
(-0.804265214332431 0.804267208518713 1.5)
(-0.545560472029529 0.805369440152827 1.5)
(-0.802607761793498 1.04822876061225 1.5)
(-0.544264950140655 1.0492343945656 1.5)
(-0.27563609788823 0.805757572739017 1.5)
(1.5551935259004e-06 0.805826737635898 1.5)
(-0.274982052708467 1.04955565189495 1.5)
(-6.76787271216593e-07 1.04963335399184 1.5)
(-1.5 1.5 1.28403138758443)
(-1.04546233810181 1.5 1.27730681072458)
(-0.803279623211397 1.5 1.27836483546781)
(-0.543374581585555 1.5 1.27891292175045)
(-0.275589085504965 1.5 1.27908668434936)
(-1.6296712444549e-07 1.5 1.27919391808785)
(0.276340945106437 0.276342618330641 1.5)
(0.546823681512168 0.276141292308552 1.5)
(0.276139212937728 0.546825127997126 1.5)
(0.546476353652905 0.546478335546312 1.5)
(0.805756724922754 0.275639061698841 1.5)
(1.04955490035179 0.274984269476628 1.5)
(0.805368086183227 0.545562919968827 1.5)
(1.0492329032132 0.54426744353322 1.5)
(0.275636847259797 0.805757952502079 1.5)
(0.545560426776946 0.805370045599961 1.5)
(0.274982383763959 1.04955589864046 1.5)
(0.544264904751109 1.04923471899801 1.5)
(0.804264789638757 0.804267880697906 1.5)
(1.04822577137485 0.802611054917225 1.5)
(0.802607487840647 1.04822904965259 1.5)
(1.04662273905024 1.0466267399586 1.5)
(1.5 0.275588734886409 1.27908691620573)
(1.5 0.543373431649075 1.27891322641037)
(1.5 0.803277595245612 1.27836547848799)
(1.5 1.04546000793817 1.2773079167246)
(0.275589772397346 1.5 1.27908656500292)
(0.543374950510883 1.5 1.27891236487154)
(0.803279753792739 1.5 1.27836366814736)
(1.04546259940632 1.5 1.27730541027146)
(1.5 1.5 1.28403138758443)
(-1.28403138758444 -1.5 -1.5)
(-1.27730757425211 -1.04546116807829 -1.5)
(-1.27730677919213 -1.5 -1.04546235984589)
(-1.5 -1.04662641673507 -1.04662461674546)
(-1.27836536911152 -0.803278166223028 -1.5)
(-1.27891301167065 -0.543373897532282 -1.5)
(-1.5 -0.802610699138579 -1.04822737560831)
(-1.5 -0.544266439669002 -1.04923384027324)
(-1.2790866484991 -0.275589740935353 -1.5)
(-1.27919380588332 -1.90814675951626e-06 -1.5)
(-1.5 -0.274982229314383 -1.04955522286812)
(-1.5 2.95874636126313e-07 -1.0496328181289)
(-1.27836470428527 -1.5 -0.803279633306549)
(-1.5 -1.04822867359853 -0.802608706549906)
(-1.27891269462453 -1.5 -0.543374589008863)
(-1.5 -1.04923422282397 -0.544265933699471)
(-1.27908640607432 -1.5 -0.275589088471137)
(-1.5 -1.04955526527118 -0.274984185901425)
(-1.27919362512896 -1.5 -1.71011946976939e-07)
(-1.5 -1.04963271850615 -1.55978630721414e-06)
(-1.5 -0.804267153769172 -0.804265961650781)
(-1.5 -0.545561004412779 -0.805369015173999)
(-1.5 -0.805368942359733 -0.545561433067345)
(-1.5 -0.546475972815469 -0.546477290065571)
(-1.5 -0.275635450433202 -0.805757230435304)
(-1.5 1.24419554423745e-06 -0.805826250293907)
(-1.5 -0.27613718871575 -0.546824377276908)
(-1.5 1.95694958264215e-06 -0.546886069347067)
(-1.5 -0.805756713055502 -0.27563837573494)
(-1.5 -0.546822948660927 -0.276140265827751)
(-1.5 -0.805825679008704 -3.34416967528456e-06)
(-1.5 -0.546884806260922 -2.195182835621e-06)
(-1.5 -0.276339229473821 -0.276341779240441)
(-1.5 1.67494100935342e-06 -0.27638108875927)
(-1.5 -0.276379101987174 -1.46904578902848e-06)
(-1.5 2.38193235213248e-06 -1.55961805356804e-06)
(-1.2790865448865 0.275587854451191 -1.5)
(-1.27891294933148 0.543373164584839 -1.5)
(-1.5 0.274984204160594 -1.04955517501989)
(-1.5 0.544267410531051 -1.04923326484386)
(-1.27836531302596 0.803277964259172 -1.5)
(-1.2773075541086 1.0454611074031 -1.5)
(-1.5 0.802611053568038 -1.04822612169186)
(-1.5 1.04662675444428 -1.04662300210682)
(-1.28403138758444 1.5 -1.5)
(-1.27730756578227 1.5 -1.04546112315764)
(-1.5 0.275639059877902 -0.805757221469361)
(-1.5 0.545562947275652 -0.805368651766563)
(-1.5 0.276141464444846 -0.546824338101455)
(-1.5 0.546478523146139 -0.546476807372452)
(-1.5 0.804267919391079 -0.80426525702314)
(-1.5 1.04822907556079 -0.802607784656544)
(-1.5 0.805370150080943 -0.545560505160969)
(-1.5 1.04923472626151 -0.544264824109199)
(-1.5 0.276343010995549 -0.276341523736137)
(-1.5 0.546825467326758 -0.276139018283242)
(-1.5 0.276381930309701 -2.04334127689835e-08)
(-1.5 0.546886867225525 7.93444999747164e-07)
(-1.5 0.805758134038469 -0.275635865482096)
(-1.5 1.04955591996242 -0.274981378992187)
(-1.5 0.805827005655485 2.02679394946954e-06)
(-1.5 1.04963350248352 2.27457827946442e-06)
(-1.27836533913041 1.5 -0.803277933022138)
(-1.2789129325887 1.5 -0.54337310198853)
(-1.27908654810335 1.5 -0.27558801512711)
(-1.27919380285922 1.5 1.51355569440541e-06)
(-1.27908628250945 -1.5 0.275589755927552)
(-1.5 -1.04955519564871 0.274980475350221)
(-1.27891211156776 -1.5 0.54337492988536)
(-1.5 -1.04923420623912 0.544264348247164)
(-1.27836346426074 -1.5 0.803279722932903)
(-1.5 -1.04822871645374 0.80260825236152)
(-1.27730526835501 -1.5 1.04546257486755)
(-1.5 -1.04662645704228 1.04662452409094)
(-1.5 -0.805756879825848 0.275634885153678)
(-1.5 -0.546823522020297 0.276138007043166)
(-1.5 -0.805369263993474 0.545560064047862)
(-1.5 -0.546477085673088 0.546476483952785)
(-1.5 -0.276340368582654 0.276340389700723)
(-1.5 2.08948834144126e-07 0.276379888290945)
(-1.5 -0.27613956173827 0.546823870440012)
(-1.5 -1.15022734908008e-06 0.546885488084056)
(-1.5 -0.80426755044782 0.804265729105493)
(-1.5 -0.545562407158963 0.805369043939774)
(-1.5 -0.802611055888981 1.04822746165175)
(-1.5 -0.544267625015152 1.0492341183329)
(-1.5 -0.275638488129825 0.805757301450605)
(-1.5 -2.70462731475805e-06 0.805826089837411)
(-1.5 -0.274984748540177 1.04955549896892)
(-1.5 -2.9840014113612e-06 1.04963281943205)
(-1.28403138758444 -1.5 1.5)
(-1.27730684086187 -1.04546250460315 1.5)
(-1.27836482077337 -0.803279984343362 1.5)
(-1.27891289508477 -0.543375355330486 1.5)
(-1.27908666693125 -0.275590470616276 1.5)
(-1.27919380981205 -7.69823476465963e-07 1.5)
(-1.5 0.276341836651344 0.276340541364828)
(-1.5 0.546824820167288 0.276138961203033)
(-1.5 0.276139059191778 0.546823635454472)
(-1.5 0.546477331519996 0.546476281299804)
(-1.5 0.805757878191078 0.27563710590022)
(-1.5 1.04955590861636 0.274983072543421)
(-1.5 0.805369707306581 0.545560431161325)
(-1.5 1.04923461825496 0.544265054751515)
(-1.5 0.275636007701825 0.805756771828764)
(-1.5 0.545561489852471 0.805368089734007)
(-1.5 0.274981675045384 1.04955487244854)
(-1.5 0.544266189711704 1.04923286803482)
(-1.5 0.80426741870696 0.804264779484056)
(-1.5 1.04822890789986 0.802607490219158)
(-1.5 0.802610625713423 1.04822578420765)
(-1.5 1.04662662026145 1.0466227654608)
(-1.27908663945845 1.5 0.27558958021866)
(-1.27891302306691 1.5 0.543373960103778)
(-1.27836533854214 1.5 0.803278197209822)
(-1.27730755934888 1.5 1.04546115210362)
(-1.27908637546832 0.275588390213115 1.5)
(-1.27891222196841 0.54337418804819 1.5)
(-1.27836359102304 0.803279409589233 1.5)
(-1.27730537125445 1.04546245972415 1.5)
(-1.28403138758444 1.5 1.5)
(1.28403138758443 -1.5 -1.5)
(1.27730789287656 -1.04545983011284 -1.5)
(1.27730679350569 -1.5 -1.04546233662317)
(1.5 -1.04662453617168 -1.04662637050482)
(1.27836547392338 -0.803277423410889 -1.5)
(1.27891324622542 -0.543373349205014 -1.5)
(1.5 -0.802608527939112 -1.04822860704232)
(1.5 -0.544265610510314 -1.04923414715523)
(1.27908695991814 -0.275588654086096 -1.5)
(1.27919421509001 6.2407292743921e-07 -1.5)
(1.5 -0.274983718363593 -1.04955519804481)
(1.5 -1.02640754512201e-06 -1.04963266680414)
(1.27836481664495 -1.5 -0.803279623264292)
(1.5 -1.04822724607502 -0.802610634067293)
(1.27891290492558 -1.5 -0.54337458522504)
(1.5 -1.04923364971483 -0.544266361222084)
(1.27908667137691 -1.5 -0.275589100278742)
(1.5 -1.04955495663547 -0.274982157221696)
(1.27919392253522 -1.5 -2.29091557957053e-07)
(1.5 -1.04963247578406 3.0154739072757e-07)
(1.5 -0.804265685231409 -0.80426706388022)
(1.5 -0.545560944634355 -0.805368841150177)
(1.5 -0.805368625779963 -0.54556089839264)
(1.5 -0.546476621111654 -0.54647585086976)
(1.5 -0.275637675618905 -0.805756611080966)
(1.5 -2.54337699855631e-06 -0.805825555437336)
(1.5 -0.276139318391194 -0.546822796221944)
(1.5 -1.10819462149072e-06 -0.546884523169456)
(1.5 -0.805756705911031 -0.275635347735938)
(1.5 -0.546823505465843 -0.276137060068601)
(1.5 -0.805825589972147 1.28508784233778e-06)
(1.5 -0.546885017952888 2.04263262345463e-06)
(1.5 -0.27634056996969 -0.27633901564711)
(1.5 -1.00610896734588e-07 -0.27637858077502)
(1.5 -0.276379698217024 1.89579128249065e-06)
(1.5 -3.55753511429727e-08 3.03082739742307e-06)
(1.27908691383273 0.275588707165028 -1.5)
(1.27891322090409 0.543373415442221 -1.5)
(1.5 0.274980951909583 -1.04955514202475)
(1.5 0.544264678468858 -1.0492341257301)
(1.2783654749895 0.803277588245258 -1.5)
(1.27730791507017 1.04546000531488 -1.5)
(1.5 0.80260842335016 -1.04822861092339)
(1.5 1.04662458374319 -1.04662635902792)
(1.28403138758443 1.5 -1.5)
(1.27730789551562 1.5 -1.04545982965371)
(1.5 0.275635610448198 -0.805756669148599)
(1.5 0.545560575509029 -0.805368909950564)
(1.5 0.276139007569185 -0.546822904434955)
(1.5 0.546477215842185 -0.546475945981856)
(1.5 0.804265991279947 -0.804267095709606)
(1.5 1.04822753791131 -0.80261064115761)
(1.5 0.805369399259827 -0.545560934051077)
(1.5 1.04923418305076 -0.544266371208466)
(1.5 0.276341663787661 -0.276339076359241)
(1.5 0.546824798399689 -0.276137098173312)
(1.5 0.276381271843935 1.90615902813992e-06)
(1.5 0.546886531178047 2.08722434596746e-06)
(1.5 0.80575777748165 -0.275635353396592)
(1.5 1.04955562478243 -0.274982144947676)
(1.5 0.805826750107184 1.36228050718427e-06)
(1.5 1.04963317363465 3.89523406724073e-07)
(1.27836547716574 1.5 -0.803277422016682)
(1.27891324950471 1.5 -0.543373345859205)
(1.27908696300924 1.5 -0.275588648736827)
(1.27919421807617 1.5 6.3043211667272e-07)
(1.27908665537061 -1.5 0.27558954170415)
(1.5 -1.04955480309037 0.27498402589876)
(1.27891281060721 -1.5 0.543374250183739)
(1.5 -1.04923296241472 0.544266928620182)
(1.27836485222247 -1.5 0.803278247701945)
(1.5 -1.04822596325278 0.802610281164407)
(1.27730687577934 -1.5 1.04546071545194)
(1.5 -1.04662298969041 1.04662592522537)
(1.5 -0.805756501859822 0.275638926807072)
(1.5 -0.54682328944166 0.276141411339536)
(1.5 -0.805368038651177 0.5455625326584)
(1.5 -0.546476133710339 0.546478256419598)
(1.5 -0.276340370988671 0.276343096502763)
(1.5 1.48098476672e-08 0.276382438459914)
(1.5 -0.276138798046728 0.546825396821566)
(1.5 -6.29925748463195e-07 0.54688712268815)
(1.5 -0.804264891158785 0.804267255124685)
(1.5 -0.545560350931112 0.805369769725771)
(1.5 -0.802607670409992 1.048228361774)
(1.5 -0.54426495589148 1.04923437100854)
(1.5 -0.275636628842622 0.805758024435931)
(1.5 -1.25682293231349e-06 0.805827090315275)
(1.5 -0.274982319794016 1.04955585635435)
(1.5 7.95340555208884e-07 1.0496335156197)
(1.28403138758443 -1.5 1.5)
(1.27730676201281 -1.04546232666012 1.5)
(1.27836475786361 -0.80327960845272 1.5)
(1.27891280745307 -0.543374569165244 1.5)
(1.27908652562837 -0.275589072412292 1.5)
(1.2791937101805 -1.53883588130784e-07 1.5)
(1.5 0.276341617688625 0.276343207489185)
(1.5 0.546824620781775 0.276141587192889)
(1.5 0.276139120280195 0.546825550742109)
(1.5 0.54647691426241 0.546478604659245)
(1.5 0.805757561527193 0.275639176653221)
(1.5 1.04955543898539 0.274984293359782)
(1.5 0.805368825422891 0.545563036209586)
(1.5 1.04923343837467 0.544267481367734)
(1.5 0.275636332412402 0.805758146521333)
(1.5 0.545560613118027 0.805370165687026)
(1.5 0.274982152213052 1.04955593594089)
(1.5 0.544265019098984 1.04923473156241)
(1.5 0.804265329487536 0.804267966045928)
(1.5 1.04822622929982 0.802611098773721)
(1.5 0.802607825741638 1.04822908957243)
(1.5 1.04662306857799 1.04662677734163)
(1.27908691655402 1.5 0.275588712593788)
(1.27891322297447 1.5 0.543373418872203)
(1.27836547621812 1.5 0.803277589938539)
(1.2773079156602 1.5 1.04546000602028)
(1.27908631918126 0.275589772959736 1.5)
(1.27891210745367 0.543374943897997 1.5)
(1.27836343648385 0.803279731297205 1.5)
(1.27730523683128 1.04546257883233 1.5)
(1.28403138758443 1.5 1.5)
(-1.5 -1.28403138758444 -1.5)
(-1.04546235655962 -1.2773067675148 -1.5)
(-1.5 -1.2773075953255 -1.04546120301394)
(-1.04662458657037 -1.5 -1.04662638644098)
(-0.803279630424691 -1.27836468912669 -1.5)
(-0.543374587723393 -1.27891267822217 -1.5)
(-0.802608651136355 -1.5 -1.04822863244562)
(-0.544265844638162 -1.5 -1.04923417757703)
(-0.275589086768706 -1.27908638867895 -1.5)
(-1.67488766220391e-07 -1.27919360304271 -1.5)
(-0.274984063027584 -1.5 -1.04955522222597)
(-1.41850206890388e-06 -1.5 -1.04963267385154)
(-1.5 -1.27836540077587 -0.803278248377781)
(-1.04822731029917 -1.5 -0.802610650474439)
(-1.5 -1.27891304928177 -0.543374052472943)
(-1.04923371636056 -1.5 -0.544266373085094)
(-1.5 -1.27908667953258 -0.275589968410948)
(-1.04955501859926 -1.5 -0.274982151154192)
(-1.5 -1.27919382196497 -2.16892763954265e-06)
(-1.04963252909081 -1.5 3.7193485230494e-07)
(-0.804265838162445 -1.5 -0.80426708783186)
(-0.545561230219933 -1.5 -0.805368868563369)
(-0.805368777540898 -1.5 -0.54556091484307)
(-0.546476896422818 -1.5 -0.54647586960733)
(-0.275638092013154 -1.5 -0.805756633995091)
(-3.01546159220583e-06 -1.5 -0.805825566566379)
(-0.276139713591041 -1.5 -0.546822814309516)
(-1.55382330420581e-06 -1.5 -0.546884538196966)
(-0.805756839756753 -1.5 -0.27563534751942)
(-0.546823737287458 -1.5 -0.276137067866078)
(-0.805825712563377 -1.5 1.33827317868948e-06)
(-0.54688522968035 -1.5 2.06199741195657e-06)
(-0.27634089383411 -1.5 -0.276339029567546)
(-4.62101659759936e-07 -1.5 -0.276378598083404)
(-0.276380001017609 -1.5 1.88715350574221e-06)
(-3.80470239495382e-07 -1.5 3.01454034240958e-06)
(0.275589761074787 -1.27908625106242 -1.5)
(0.543374935176586 -1.27891206977684 -1.5)
(0.274980607587709 -1.5 -1.04955513156967)
(0.544264445003866 -1.5 -1.04923410786187)
(0.803279724390077 -1.278363418042 -1.5)
(1.04546257445306 -1.27730522836269 -1.5)
(0.802608301032916 -1.5 -1.04822859599117)
(1.04662453420943 -1.5 -1.04662635061025)
(1.5 -1.28403138758444 -1.5)
(1.5 -1.27730676389295 -1.04546235279611)
(0.275635194745162 -1.5 -0.80575666788845)
(0.54556029116668 -1.5 -0.805368902292532)
(0.276138613875837 -1.5 -0.546822915507771)
(0.546476943090234 -1.5 -0.546475953687034)
(0.804265839851288 -1.5 -0.804267088186168)
(1.04822747505285 -1.5 -0.802610636513117)
(0.805369250368952 -1.5 -0.545560939464521)
(1.04923411882292 -1.5 -0.544266374957398)
(0.276341343244392 -1.5 -0.276339095861132)
(0.546824572169565 -1.5 -0.276137120418157)
(0.276380975612499 -1.5 1.88332554479308e-06)
(0.546886332623978 -1.5 2.03771398433938e-06)
(0.805757649917358 -1.5 -0.275635378457924)
(1.04955556816833 -1.5 -0.274982168961905)
(0.80582664693152 -1.5 1.27872821718883e-06)
(1.04963314148981 -1.5 2.91138530950712e-07)
(1.5 -1.27836468413666 -0.803279624933067)
(1.5 -1.27891267246701 -0.543374583069878)
(1.5 -1.2790863849229 -0.275589093881706)
(1.5 -1.27919361122544 -2.21139563310473e-07)
(-1.5 1.28403138758443 -1.5)
(-1.04546233989726 1.27730680536684 -1.5)
(-1.5 1.27730790772444 -1.0454599736225)
(-1.04662637075759 1.5 -1.04662447615181)
(-0.803279625890589 1.27836483214446 -1.5)
(-0.543374583887988 1.27891292132127 -1.5)
(-0.802610642311803 1.5 -1.04822719693794)
(-0.544266367934729 1.5 -1.04923362847291)
(-0.275589086543789 1.27908668496877 -1.5)
(-1.63319775714806e-07 1.27919391774546 -1.5)
(-0.274982139851577 1.5 -1.04955495647704)
(3.92038095027393e-07 1.5 -1.04963247200567)
(-1.5 1.27836547735366 -0.803277567059619)
(-1.04822859377206 1.5 -0.802608172875496)
(-1.5 1.27891320882881 -0.543373294503247)
(-1.04923408329795 1.5 -0.544264334473561)
(-1.5 1.27908687765221 -0.275588142945432)
(-1.04955511196916 1.5 -0.274980832584802)
(-1.5 1.27919419899582 2.95965378855825e-07)
(-1.04963266747506 1.5 9.18571214290006e-07)
(-0.80426708283754 1.5 -0.804265362079341)
(-0.545560928041684 1.5 -0.805368433391466)
(-0.80536886101863 1.5 -0.545559656520283)
(-0.546475932896598 1.5 -0.546475774182229)
(-0.275635350595812 1.5 -0.805756638219577)
(1.35502316821047e-06 1.5 -0.805825583568759)
(-0.276137107088201 1.5 -0.546823154475493)
(2.06021604949651e-06 1.5 -0.546884944227328)
(-0.80575661899741 1.5 -0.275634687771123)
(-0.546822876494183 1.5 -0.27613725394348)
(-0.805825556652225 1.5 1.41944530582107e-06)
(-0.546884525122163 1.5 2.928675727498e-06)
(-0.27633909120996 1.5 -0.276339659592532)
(1.87766815387682e-06 1.5 -0.276379480970509)
(-0.276378582422784 1.5 2.22183998778917e-06)
(3.03284634863429e-06 1.5 2.69524907664351e-07)
(0.275589771844125 1.27908656345978 -1.5)
(0.543374949689158 1.27891236307647 -1.5)
(0.274984284410009 1.5 -1.04955475618778)
(0.544267455065691 1.5 -1.04923282519052)
(0.803279753002493 1.2783636668744 -1.5)
(1.04546259891633 1.27730540960903 -1.5)
(0.802611061391943 1.5 -1.04822573403209)
(1.04662674263688 1.5 -1.0466227228734)
(1.5 1.28403138758443 -1.5)
(1.5 1.27730680824165 -1.04546233974598)
(0.275639145491401 1.5 -0.805756491678929)
(0.545562983541937 1.5 -0.805367968176012)
(0.276141526899232 1.5 -0.546823332576607)
(0.546478513341596 1.5 -0.546476192050146)
(0.804267919392281 1.5 -0.804264737879658)
(1.04822906891201 1.5 -0.802607467542365)
(0.8053701554929 1.5 -0.545560364251879)
(1.04923477548042 1.5 -0.544264884461474)
(0.276343130970869 1.5 -0.276340471967616)
(0.546825502771294 1.5 -0.276139011409114)
(0.276382449832836 1.5 -1.12480220266366e-07)
(0.546887148200557 1.5 -9.12752275394883e-07)
(0.805758181810336 1.5 -0.275636776727198)
(1.04955601731891 1.5 -0.274982365701029)
(0.805827127719604 1.5 4.44756378120066e-07)
(1.04963355333493 1.5 6.94679768479528e-07)
(1.5 1.278364835991 -0.803279625522033)
(1.5 1.27891292569775 -0.543374583030994)
(1.5 1.27908668948089 -0.275589085423263)
(1.5 1.27919392219167 -1.61954289506956e-07)
(-1.5 -1.27908654929495 0.275587624801035)
(-1.04955482909572 -1.5 0.274984259864947)
(-1.5 -1.27891295335306 0.543373007959142)
(-1.04923291983605 -1.5 0.544267433141138)
(-1.5 -1.27836532379901 0.803277885538419)
(-1.04822583816535 -1.5 0.802611047617872)
(-1.5 -1.27730756716453 1.04546107791377)
(-1.04662281274072 -1.5 1.04662673767836)
(-0.805756619689488 -1.5 0.275639116957534)
(-0.546823536894408 -1.5 0.276141504252485)
(-0.805368125595101 -1.5 0.545562955744493)
(-0.546476417822073 -1.5 0.546478486968607)
(-0.276340765238822 -1.5 0.276343117884511)
(-4.51634587742897e-07 -1.5 0.27638242684958)
(-0.276139287449156 -1.5 0.546825482382717)
(-1.16752223479021e-06 -1.5 0.546887114449411)
(-0.804264911703697 -1.5 0.804267901334216)
(-0.545560612282977 -1.5 0.805370137908114)
(-0.802607618935441 -1.5 1.04822906230183)
(-0.544265102351137 -1.5 1.04923476931234)
(-0.275637040310919 -1.5 0.805758162894573)
(3.2527121582738e-07 -1.5 0.805827046901696)
(-0.274982563559076 -1.5 1.04955599099857)
(7.04073959401486e-07 -1.5 1.04963343706849)
(-1.5 -1.28403138758444 1.5)
(-1.04546119819784 -1.27730767253622 1.5)
(-0.803278058107614 -1.27836547898089 1.5)
(-0.543373163535182 -1.27891305425167 1.5)
(-0.275587682348096 -1.2790866244831 1.5)
(2.17684172841993e-06 -1.27919388282247 1.5)
(0.276341235816439 -1.5 0.276343160213875)
(0.546824412370704 -1.5 0.276141450807016)
(0.276138747536315 -1.5 0.54682541661018)
(0.546476813811904 -1.5 0.546478225072984)
(0.805757523028082 -1.5 0.275638907650571)
(1.04955551425522 -1.5 0.274983960250812)
(0.805369099519993 -1.5 0.545562263327428)
(1.04923400300392 -1.5 0.544266452765127)
(0.275636247938902 -1.5 0.805757875737732)
(0.54556090269268 -1.5 0.805369411537236)
(0.274982310715232 -1.5 1.049555611106)
(0.544265624059404 -1.5 1.0492337982026)
(0.804266386444956 -1.5 0.8042662755857)
(1.04822781349663 -1.5 0.802608893738028)
(0.802609369835666 -1.5 1.04822696291292)
(1.04662518411976 -1.5 1.04662403042492)
(1.5 -1.27908629647864 0.275589592339816)
(1.5 -1.27891218043711 0.543374584862695)
(1.5 -1.27836359988245 0.803279205626722)
(1.5 -1.27730538092689 1.0454620291786)
(0.275589917859424 -1.27908672053116 1.5)
(0.543373907221552 -1.27891305055814 1.5)
(0.803278090500099 -1.27836532682456 1.5)
(1.04546109465915 -1.27730754674108 1.5)
(1.5 -1.28403138758444 1.5)
(-1.5 1.27908696068048 0.275589220563127)
(-1.04955522948596 1.5 0.274983838281777)
(-1.5 1.2789132166794 0.543373471967154)
(-1.04923419088509 1.5 0.544265955484421)
(-1.5 1.27836542913392 0.803277441316961)
(-1.04822862528564 1.5 0.802608779457914)
(-1.5 1.27730786610233 1.04545985649331)
(-1.04662635956291 1.5 1.04662464458929)
(-0.80575666379841 1.5 0.27563859952047)
(-0.546822827498891 1.5 0.276141074515339)
(-0.805368892265739 1.5 0.545561865640151)
(-0.54647586545879 1.5 0.546478066822762)
(-0.276339001156122 1.5 0.276342578929573)
(1.93833382297723e-06 1.5 0.276381496510932)
(-0.276137043464659 1.5 0.54682515668151)
(2.11197188429938e-06 1.5 0.546886614078233)
(-0.804267078345128 1.5 0.804266316552957)
(-0.545560903650213 1.5 0.805369595663461)
(-0.802610633885068 1.5 1.04822758867571)
(-0.544266362375005 1.5 1.04923420696136)
(-0.275635333314579 1.5 0.805757851050437)
(1.36883489667513e-06 1.5 0.805826757941298)
(-0.274982140994731 1.5 1.04955562669912)
(3.89216033427969e-07 1.5 1.04963316701281)
(-1.5 1.28403138758443 1.5)
(-1.04545998267728 1.27730782228278 1.5)
(-0.803277564998635 1.2783653553993 1.5)
(-0.543373404614081 1.27891309621603 1.5)
(-0.275588704889544 1.27908680652674 1.5)
(-6.27631375547308e-07 1.2791941381832 1.5)
(0.276343222278557 1.5 0.276341524284487)
(0.546825551297768 1.5 0.27613891285545)
(0.276141596560456 1.5 0.546824578969868)
(0.54647860137304 1.5 0.546476830353453)
(0.805758140397718 1.5 0.275636168320094)
(1.04955593064943 1.5 0.274982076170056)
(0.805370154902574 1.5 0.545560547170746)
(1.0492347238835 1.5 0.544264986305296)
(0.275639176710477 1.5 0.805757546030264)
(0.545563033440823 1.5 0.805368804272165)
(0.274984291835587 1.5 1.04955543155027)
(0.544267479579761 1.5 1.0492334316307)
(0.804267961717981 1.5 0.80426531092407)
(1.04822908552458 1.5 0.802607813801601)
(0.802611096734705 1.5 1.04822622364212)
(1.04662677551952 1.5 1.04662306466885)
(1.5 1.27908656764571 0.275589773383397)
(1.5 1.27891236674935 0.543374951276072)
(1.5 1.27836366968402 0.803279754571479)
(1.5 1.27730541142661 1.04546260007152)
(0.275588651668559 1.2790869156088 1.5)
(0.543373351596397 1.27891322711808 1.5)
(0.803277428737146 1.27836546986572 1.5)
(1.04545983554013 1.27730789475607 1.5)
(1.5 1.28403138758443 1.5)
(-1.27742201585832 -1.5 -1.2774224241655)
(-1.5 -1.27742243154593 -1.27742202094222)
(-1.27742242169245 -1.27742200964706 -1.5)
(-1.5 -1.5 -1.5)
(-1.0450359998172 -1.5 -1.5)
(-1.5 -1.0450359998172 -1.5)
(-1.5 -1.5 -1.0450359998172)
(-0.814418559548317 -1.5 -1.5)
(-0.542992948816057 -1.5 -1.5)
(-0.280387171963884 -1.5 -1.5)
(-5.82867087928207e-15 -1.5 -1.5)
(-1.5 -0.814418559548317 -1.5)
(-1.5 -0.542992948816057 -1.5)
(-1.5 -0.280387171963884 -1.5)
(-1.5 -5.82867087928207e-15 -1.5)
(-1.5 -1.5 -0.814418559548316)
(-1.5 -1.5 -0.542992948816057)
(-1.5 -1.5 -0.280387171963884)
(-1.5 -1.5 -5.82867087928207e-15)
(0.280387171963873 -1.5 -1.5)
(0.542992948816047 -1.5 -1.5)
(0.814418559548309 -1.5 -1.5)
(1.04503599981719 -1.5 -1.5)
(1.27742199132777 -1.5 -1.27742240218591)
(1.5 -1.27742200775089 -1.27742241981498)
(1.27742266606938 -1.27742089433662 -1.5)
(1.5 -1.5 -1.5)
(1.5 -1.0450359998172 -1.5)
(1.5 -1.5 -1.0450359998172)
(1.5 -0.814418559548317 -1.5)
(1.5 -0.542992948816058 -1.5)
(1.5 -0.280387171963884 -1.5)
(1.5 -5.99520433297585e-15 -1.5)
(1.5 -1.5 -0.814418559548317)
(1.5 -1.5 -0.542992948816058)
(1.5 -1.5 -0.280387171963884)
(1.5 -1.5 -6.13398221105399e-15)
(-1.5 0.280387171963873 -1.5)
(-1.5 0.542992948816047 -1.5)
(-1.5 0.814418559548309 -1.5)
(-1.5 1.04503599981719 -1.5)
(-1.2774224204634 1.5 -1.27742200539734)
(-1.5 1.27742267618675 -1.27742096607377)
(-1.27742240465978 1.27742199760538 -1.5)
(-1.5 1.5 -1.5)
(-1.0450359998172 1.5 -1.5)
(-1.5 1.5 -1.0450359998172)
(-0.814418559548317 1.5 -1.5)
(-0.542992948816058 1.5 -1.5)
(-0.280387171963884 1.5 -1.5)
(-6.21724893790088e-15 1.5 -1.5)
(-1.5 1.5 -0.814418559548317)
(-1.5 1.5 -0.542992948816058)
(-1.5 1.5 -0.280387171963884)
(-1.5 1.5 -6.13398221105399e-15)
(1.5 0.280387171963872 -1.5)
(1.5 0.542992948816047 -1.5)
(1.5 0.814418559548309 -1.5)
(1.5 1.04503599981719 -1.5)
(0.280387171963873 1.5 -1.5)
(0.542992948816047 1.5 -1.5)
(0.814418559548309 1.5 -1.5)
(1.04503599981719 1.5 -1.5)
(1.27742266752318 1.5 -1.27742089428413)
(1.5 1.2774219991236 -1.27742240467643)
(1.27742268341005 1.27742098874129 -1.5)
(1.5 1.5 -1.5)
(1.5 1.5 -1.0450359998172)
(1.5 1.5 -0.814418559548317)
(1.5 1.5 -0.542992948816058)
(1.5 1.5 -0.280387171963884)
(1.5 1.5 -6.24500451351651e-15)
(-1.5 -1.5 0.280387171963873)
(-1.5 -1.5 0.542992948816047)
(-1.5 -1.5 0.814418559548309)
(-1.5 -1.5 1.04503599981719)
(-1.2774209172753 -1.5 1.27742266777357)
(-1.5 -1.27742241331383 1.2774219910889)
(-1.27742204149459 -1.27742247694761 1.5)
(-1.5 -1.5 1.5)
(-1.0450359998172 -1.5 1.5)
(-1.5 -1.0450359998172 1.5)
(-0.814418559548317 -1.5 1.5)
(-0.542992948816058 -1.5 1.5)
(-0.280387171963884 -1.5 1.5)
(-6.21724893790088e-15 -1.5 1.5)
(-1.5 -0.814418559548317 1.5)
(-1.5 -0.542992948816058 1.5)
(-1.5 -0.280387171963884 1.5)
(-1.5 -6.21724893790088e-15 1.5)
(1.5 -1.5 0.280387171963873)
(1.5 -1.5 0.542992948816047)
(1.5 -1.5 0.814418559548309)
(1.5 -1.5 1.04503599981719)
(0.280387171963873 -1.5 1.5)
(0.542992948816047 -1.5 1.5)
(0.814418559548309 -1.5 1.5)
(1.04503599981719 -1.5 1.5)
(1.27742192760482 -1.5 1.27742149136764)
(1.5 -1.2774210120536 1.27742231322792)
(1.27742197828603 -1.27742239700915 1.5)
(1.5 -1.5 1.5)
(1.5 -1.0450359998172 1.5)
(1.5 -0.814418559548317 1.5)
(1.5 -0.542992948816058 1.5)
(1.5 -0.280387171963884 1.5)
(1.5 -6.21724893790088e-15 1.5)
(-1.5 1.5 0.280387171963873)
(-1.5 1.5 0.542992948816047)
(-1.5 1.5 0.814418559548309)
(-1.5 1.5 1.04503599981719)
(-1.5 0.280387171963873 1.5)
(-1.5 0.542992948816047 1.5)
(-1.5 0.814418559548309 1.5)
(-1.5 1.04503599981719 1.5)
(-1.27742240421388 1.5 1.27742200166271)
(-1.5 1.27742265478912 1.27742091230289)
(-1.27742097308009 1.27742263359604 1.5)
(-1.5 1.5 1.5)
(-1.0450359998172 1.5 1.5)
(-0.814418559548317 1.5 1.5)
(-0.542992948816058 1.5 1.5)
(-0.280387171963884 1.5 1.5)
(-6.24500451351651e-15 1.5 1.5)
(1.5 1.5 0.280387171963872)
(1.5 1.5 0.542992948816047)
(1.5 1.5 0.814418559548308)
(1.5 1.5 1.04503599981719)
(1.5 0.280387171963873 1.5)
(1.5 0.542992948816047 1.5)
(1.5 0.814418559548309 1.5)
(1.5 1.04503599981719 1.5)
(0.280387171963872 1.5 1.5)
(0.542992948816047 1.5 1.5)
(0.814418559548309 1.5 1.5)
(1.04503599981719 1.5 1.5)
(1.27742268363085 1.5 1.2774209889941)
(1.5 1.27742098960481 1.27742268403324)
(1.27742089755888 1.2774226682824 1.5)
(1.5 1.5 1.5)
)


// ************************************************************************* //
