/*--------------------------------*- C++ -*----------------------------------*\
| =========                 |                                                 |
| \\      /  F ield         | OpenFOAM: The Open Source CFD Toolbox           |
|  \\    /   O peration     | Version:  2412                                  |
|   \\  /    A nd           | Website:  www.openfoam.com                      |
|    \\/     M anipulation  |                                                 |
\*---------------------------------------------------------------------------*/
FoamFile
{
    version     2.0;
    format      ascii;
    arch        "LSB;label=32;scalar=64";
    class       vectorField;
    location    "constant/polyMesh";
    object      points;
}
// * * * * * * * * * * * * * * * * * * * * * * * * * * * * * * * * * * * * * //


2684
(
(-1.45356152813029 -1.45355214649972 -6.54369994302221)
(-0.864404897139507 -1.29808795868838 -6.51539337030343)
(-1.29849353166644 -0.864444431742192 -6.51548332007239)
(-0.609667231427093 -0.610376466206802 -6.48490740999259)
(-1.4800705726868 -1.48006689658067 -6.10473573353005)
(-0.894368676461577 -1.347686476574 -6.11470967384852)
(-1.34811515860712 -0.894364889033432 -6.11474201892179)
(-0.669883606529699 -0.670513532566931 -6.19073872657265)
(-0.324025531251158 -1.11300212904435 -6.48007872203725)
(-0.262611862171388 -0.612866280578305 -6.44299225154082)
(0.0148384379778321 -1.13611529440714 -6.49604956622581)
(-0.0059764383837063 -0.816197858277519 -6.53051517357533)
(-0.317053575969604 -1.15150755304274 -6.18400380463446)
(0.0351833657551218 -1.18165714731901 -6.21390481158529)
(-0.209723827365601 -0.652319754960934 -6.23085417066902)
(0.074140347296366 -0.860956010023061 -6.2406539896901)
(-1.1145377135884 -0.323292127106986 -6.48116502186245)
(-0.610903818216426 -0.264194047614053 -6.44352586163472)
(-1.13670668565431 0.0189679135335822 -6.49690579668448)
(-0.810237916035492 0.00626118514837386 -6.53156552045556)
(-1.15302449327607 -0.316759220413705 -6.18418094550326)
(-0.650830593243447 -0.211949727214515 -6.23063280696)
(-1.18258289569045 0.0377836435904503 -6.21383102498742)
(-0.86041225126528 0.0769534604645559 -6.24060710022464)
(-0.386885084394874 -0.387958559423288 -6.47885013595381)
(-0.396963500542449 -0.397926605784733 -6.32345061823191)
(-1.49566724170495 -1.4956661449041 -5.62639841947964)
(-0.984376618736237 -1.46373240827166 -5.64762894550238)
(-1.46373271176383 -0.984374391320029 -5.6476300867988)
(-0.946141476923369 -0.946140651777614 -5.68541172310536)
(-1.50535944154821 -1.50535904057115 -5.11449022002638)
(-1.00132509987391 -1.4800635090334 -5.12608711692996)
(-1.48006301803869 -1.00132126515379 -5.12608984404697)
(-0.971821353034962 -0.971816509656938 -5.14665094025667)
(-0.474152352497082 -1.44030733340733 -5.67448258726834)
(0.0555772807190894 -1.39177372891536 -5.74709653474759)
(-0.417896970142505 -0.85579380537197 -5.74585676555937)
(0.0580600748346088 -0.96362991038715 -5.80751804770715)
(-0.492830191390616 -1.46157760725595 -5.14173630129225)
(0.008081742265977 -1.45599018079951 -5.15369135542768)
(-0.444476205084582 -0.88256714310347 -5.17767236226307)
(0.00846896690468036 -0.95827826635953 -5.18919333144851)
(-1.44029793324167 -0.474147736077766 -5.67448849017459)
(-0.855775422094627 -0.41789000775129 -5.74586725324634)
(-1.39173790008279 0.0555844246070455 -5.74711295358529)
(-0.963557579091816 0.0580764423859591 -5.80754672020874)
(-1.46156954405595 -0.49281781204342 -5.14174694771494)
(-0.882560753828352 -0.444445893030875 -5.17769015864304)
(-1.45596531655548 0.0081046935831127 -5.15371254615657)
(-0.958230003112194 0.00853130953692467 -5.18923380053861)
(-0.533303034064032 -0.533308034279831 -5.77421398925893)
(-0.561742080058227 -0.561725219432922 -5.19041518018932)
(-1.51036089188359 -1.51036059613301 -4.58811186851375)
(-1.00910893003396 -1.48818088857571 -4.59189444751285)
(-1.4881806450757 -1.00910456835669 -4.59189760214716)
(-0.983670080112122 -0.983663522900359 -4.59802981438219)
(-1.51299462197855 -1.51299452878103 -4.06011942299087)
(-1.01271977549829 -1.49224649025405 -4.05994494435244)
(-1.49224651604734 -1.0127166131849 -4.05994830037682)
(-0.98892075193514 -0.988915468901612 -4.05861944953772)
(-0.50266083184068 -1.47290823646055 -4.59719588107575)
(0.000764404150182696 -1.47083516177282 -4.59974066776986)
(-0.456421254952098 -0.894653925349736 -4.60821963879625)
(0.000304441712592973 -0.969325059490161 -4.60978898403242)
(-0.505920520062292 -1.47808963971366 -4.06111535122969)
(-0.000375144618600075 -1.47650765754815 -4.06170229341627)
(-0.460401785284421 -0.900020228991852 -4.05964654523874)
(-0.000978292710294135 -0.97502860220174 -4.0598371141392)
(-1.47290296625565 -0.502647381265811 -4.59720749297016)
(-0.894655605287017 -0.456389511183093 -4.60823641590239)
(-1.47081883530079 0.0007880599992659 -4.59976192088604)
(-0.969296294679362 0.000363658020277945 -4.60982623493698)
(-1.47808696299667 -0.505910921209513 -4.06112621936363)
(-0.900023717873477 -0.460380220443562 -4.0596611638239)
(-1.47649871534215 -0.000358815868048479 -4.06172149235429)
(-0.975013902018279 -0.000939826982336005 -4.05987066896737)
(-0.573354748047387 -0.573332193080772 -4.61338643237592)
(-0.577560410691661 -0.577543910454266 -4.05983385715774)
(-1.51414943229362 -1.51414943859535 -3.53693728059343)
(-1.01434217178758 -1.49409943109005 -3.53585103338496)
(-1.49409959558919 -1.01434060325397 -3.53585444193323)
(-0.99118426924008 -0.991181243196364 -3.53246611781204)
(-1.51468878415351 -1.5146888630883 -3.02069124827501)
(-1.01509161458404 -1.494819303139 -3.01981371423888)
(-1.49481939655203 -1.01509103866473 -3.01981695988932)
(-0.992108377127793 -0.992106991281718 -3.0168648858884)
(-0.507114352051054 -1.48043594419717 -3.53561182697925)
(-0.000540368694869779 -1.4790085717301 -3.5356565061356)
(-0.461791682888902 -0.902396630115284 -3.53035189568965)
(-0.00114991717403597 -0.977648259941564 -3.53039010927382)
(-0.50764765723828 -1.48135799678226 -3.01930497904848)
(-0.000566397143919387 -1.47999945464446 -3.01920343127524)
(-0.462323914497714 -0.903375725843629 -3.01444325768054)
(-0.00115467841726286 -0.978733442195642 -3.0144495258213)
(-1.48043488359341 -0.507109340689613 -3.53562191759418)
(-0.902398530731402 -0.461780487093963 -3.5303654631455)
(-1.47900447937605 -0.000531791485713237 -3.53567394234161)
(-0.977641691777787 -0.0011304845219443 -3.53042165551377)
(-1.48135761255398 -0.50764560765276 -3.01931457755225)
(-0.903376589009369 -0.462319200810541 -3.01445694657337)
(-1.47999782521776 -0.000562809384141126 -3.01922004342888)
(-0.978730810355451 -0.00114663334751921 -3.01448095847459)
(-0.579197537417863 -0.579189171354317 -3.52864043387465)
(-0.579850585153313 -0.579847096450937 -3.01262821823593)
(-1.51485088282417 -1.51485097527825 -2.51053845656221)
(-1.01540750402392 -1.4949977411251 -2.51013354589217)
(-1.49499776368136 -1.01540737866133 -2.51013666400447)
(-0.992408176654119 -0.992407631974694 -2.50825000436589)
(-1.51489628828378 -1.51489638260668 -2.00492271171761)
(-1.01552117827529 -1.49497604018741 -2.00480037272628)
(-1.49497600132579 -1.01552124919828 -2.00480337480979)
(-0.992447613482231 -0.992447501494099 -2.00380314088161)
(-0.507893653931013 -1.48159521118088 -2.50975796128223)
(-0.000567376956072445 -1.48026113999283 -2.50965785244114)
(-0.462508339037446 -0.903675174696877 -2.50649670571431)
(-0.00113825698488083 -0.979055085336065 -2.50649352643541)
(-0.507996418625114 -1.48156672060823 -2.00460268536742)
(-0.000564045374776459 -1.48023551367105 -2.00454170962267)
(-0.462547905699094 -0.903691241627927 -2.00278562386901)
(-0.00112557266943849 -0.979059162703347 -2.00278154346706)
(-1.4815950268975 -0.507893003517296 -2.509767328646)
(-0.903675367876292 -0.462506530788612 -2.50651013679293)
(-1.48026047871172 -0.0005661727840654 -2.50967424029792)
(-0.979053805667108 -0.00113523198744967 -2.50652519109655)
(-1.48156656975775 -0.507996354445712 -2.00461191936736)
(-0.903690442411417 -0.462547162630801 -2.00279922060105)
(-1.48023519310229 -0.000563828874926176 -2.00455803566656)
(-0.979058089172282 -0.00112444904625651 -2.00281360052035)
(-0.580063772562729 -0.580062543227306 -2.50520381319288)
(-0.580091993876132 -0.58009209611996 -2.00203740707741)
(-1.51490020352996 -1.51490032429971 -1.50210616521774)
(-1.01555561384922 -1.49491465197705 -1.50210362821934)
(-1.49491457437503 -1.01555583383271 -1.50210648033136)
(-0.992412916723511 -0.992413025575579 -1.50164848577311)
(-1.51490122273042 -1.51490138087393 -1.00082151775843)
(-1.0155654142266 -1.49486882169036 -1.00084329868714)
(-1.49486872525016 -1.01556575340237 -1.00084594507756)
(-0.992376932408317 -0.992377154770689 -1.00066274498578)
(-0.508035214652317 -1.48148079723916 -1.50202139202973)
(-0.000561683240060819 -1.48014478645772 -1.50199228923932)
(-0.462541258382795 -0.903630663339732 -1.50114064026106)
(-0.00111909871852509 -0.978980243774174 -1.50113639776443)
(-0.508049318727828 -1.48141322340831 -1.00081514844302)
(-0.000560669119006034 -1.48007162016158 -1.00080289954125)
(-0.462529440828069 -0.903577042025294 -1.00043922491327)
(-0.00111693650243284 -0.978911711623395 -1.00043372926112)
(-1.48148072503034 -0.508035435644513 -1.50203038235236)
(-0.903630438568411 -0.46254135714322 -1.50115443787864)
(-1.48014467481009 -0.000561858704601258 -1.50200837168289)
(-0.978980002677624 -0.00111912870049638 -1.50116832367245)
(-1.48141326307465 -0.508049650854916 -1.00082372888086)
(-0.903577507764773 -0.462530089518452 -1.0004520725733)
(-1.48007168010421 -0.000560902762514338 -1.00081848691541)
(-0.97891226850257 -0.00111763972515166 -1.00046435884567)
(-0.580067094782515 -0.58006736304989 -1.50076847125613)
(-0.580042712399043 -0.580042877424915 -1.00027823317146)
(-1.51490210799249 -1.51490227016255 -0.500269337990983)
(-1.01556883266781 -1.49484513739353 -0.500283503179076)
(-1.49484505082181 -1.01556917876778 -0.500286003136842)
(-0.992356868505199 -0.992357096062361 -0.500225526716478)
(-1.51490282182244 -1.51490292785609 -1.37627451512329e-06)
(-1.01556997784467 -1.49483837227811 1.73329071234685e-07)
(-1.49483835236947 -1.01557017918577 -2.30419136775656e-06)
(-0.992351073798534 -0.992351117143335 -6.06685565306131e-07)
(-0.50805452525556 -1.48137672020888 -0.500274417970238)
(-0.000560351514853806 -1.48003138445348 -0.500268411508329)
(-0.462523245766188 -0.903548827566653 -0.500142742480279)
(-0.0011170314452124 -0.978874236468626 -0.500135529668251)
(-0.508056114079718 -1.48136582968114 3.93617659043277e-06)
(-0.000560410171561429 -1.48001910477866 8.31498374207623e-06)
(-0.462521855772909 -0.903540543662395 5.66862147737823e-06)
(-0.00111757365915384 -0.978863129275864 1.46443330951707e-05)
(-1.48137679885372 -0.508054859847237 -0.500282729208507)
(-0.903548769572847 -0.462523711780859 -0.500155046563983)
(-1.4800315187986 -0.000560570486588675 -0.500283625044732)
(-0.978874623539575 -0.0011176037985555 -0.500165332447247)
(-1.48136590626544 -0.508056322185 -4.3798308942411e-06)
(-0.903540682637595 -0.462521878153686 -6.99201213349432e-06)
(-1.48001921828748 -0.000560563429459322 -6.95334234153411e-06)
(-0.978863316164963 -0.00111759669907363 -1.56380873952006e-05)
(-0.5800305951458 -0.580030943041543 -0.500088745033355)
(-0.58002781735521 -0.580027669134195 -9.14975660876172e-07)
(0.438348988689512 -1.24542111624834 -6.53127350615554)
(0.439755281243381 -0.770858029236843 -6.51258813483089)
(0.891683432206193 -1.36463630031157 -6.52550348101406)
(0.748707768431359 -0.811340931618339 -6.46841693779593)
(0.455050415634259 -1.28344581961647 -6.19175744401802)
(0.868231422083526 -1.36446537307182 -6.14834827961655)
(0.414233222135572 -0.853168027427683 -6.21405541846753)
(0.740922272411107 -0.880630049215518 -6.17122798302776)
(1.46053853581749 -1.4640163077764 -6.54814937633113)
(1.37584913204471 -0.934220005802006 -6.5180036268779)
(1.46904063567951 -1.47935823764538 -6.10831856355234)
(1.39096954810328 -0.959564874214755 -6.11389276543151)
(0.479849246538005 -0.441460480329361 -6.4498037820173)
(0.709465282003442 -0.395708951380348 -6.44427937236016)
(0.416603816460373 -0.516127452053356 -6.25066126601578)
(0.65908650825391 -0.418180157903857 -6.20916033676037)
(0.816646975197198 0.0840230631759144 -6.45436618792162)
(0.808670605898899 0.136211926801816 -6.22707541450331)
(1.29170694895351 -0.430836598884703 -6.4851308230865)
(1.19032047123683 0.0853868203203798 -6.47481091256946)
(1.32415321081857 -0.449198979763463 -6.11964345337857)
(1.2142440507664 0.11826142407335 -6.1530238505768)
(0.475561552510482 -1.34530528275992 -5.79821852543417)
(0.915835210483048 -1.41036549119938 -5.7172849047069)
(0.451066945057032 -0.922340047128765 -5.85004842459439)
(0.778753514741527 -0.903075472721019 -5.84436811313016)
(0.496676667451338 -1.45645170313241 -5.15309189714084)
(0.989618762790072 -1.47354199551697 -5.14010579512041)
(0.447025528098518 -0.887287398749217 -5.18741121221365)
(0.956889157568391 -0.975569184576731 -5.15916491612633)
(1.47988609841596 -1.49026466691443 -5.63655648586901)
(1.41946375737216 -0.979862539716487 -5.66698114903341)
(1.49633787725795 -1.50214075381411 -5.12152437243046)
(1.46924795215765 -1.00344993084529 -5.13229426097246)
(0.500522767073194 -0.578466637654266 -5.86936113839043)
(0.745591626636678 -0.480172116213611 -5.84259299687437)
(0.891822326606267 0.0865422535740828 -5.82787556440789)
(0.557206810139173 -0.573379123963207 -5.19484803422324)
(0.87495019090705 -0.454211791111426 -5.17645496005511)
(0.958933356960159 0.00615621282922693 -5.17846499037171)
(1.37416952209123 -0.472551767073355 -5.69163588895393)
(1.2727241369753 0.103098821104622 -5.79214646659214)
(1.45494598853153 -0.498691453743725 -5.14206795921813)
(1.45513683114292 0.0063427137371514 -5.1490718370168)
(0.502744921687506 -1.47288948156709 -4.59770048254066)
(1.00708509553613 -1.48792620042256 -4.59301680187436)
(0.455339586347791 -0.895889170476926 -4.60712414046256)
(0.98075015600129 -0.985083477160559 -4.59774211410962)
(0.505213200573107 -1.47835882133271 -4.06072769668804)
(1.01216079840274 -1.4925595206556 -4.05954916998717)
(0.458716721289873 -0.900857206889001 -4.05840989434726)
(0.988019677846096 -0.989730137912909 -4.05743075491121)
(1.50843400839486 -1.51007835444254 -4.58915304117979)
(1.48579629779435 -1.0100641810469 -4.59213526290585)
(1.51269176184399 -1.51318071119065 -4.0599521490282)
(1.4918308727415 -1.01323807629994 -4.05933189804449)
(0.571435040364995 -0.575894886817862 -4.60974180611016)
(0.893035518228401 -0.458715740850834 -4.6041668947649)
(0.969330206387766 0.00014761674101019 -4.60459707367994)
(0.576007760980279 -0.578940186407507 -4.0573810310817)
(0.899282715804522 -0.461378761778934 -4.05722152404915)
(0.9747442105119 -0.000974536018765328 -4.05728091519776)
(1.4714930087828 -0.504264991600381 -4.59568745816826)
(1.47062554180819 0.000494185783530207 -4.59736900035998)
(1.47781999900793 -0.506461713335146 -4.05998350173048)
(1.47639666615095 -0.000393605606787119 -4.06044161801772)
(0.506234990075305 -1.48065267163156 -3.53539797718819)
(1.01387782050423 -1.49436693874218 -3.53559230104612)
(0.459969916577236 -0.903110927148253 -3.52976628690093)
(0.990428471486102 -0.991777338457645 -3.5318579479044)
(0.506717880962496 -1.48153623806629 -3.01921902676737)
(1.01458289942699 -1.4950350145629 -3.01970845090062)
(0.460481293528191 -0.904027147926842 -3.01420455299519)
(0.991296707174021 -0.99261346225495 -3.01661782204928)
(1.51400734534972 -1.51431817193672 -3.53678102736346)
(1.49385972160032 -1.01468425564484 -3.53549935483892)
(1.51451624424116 -1.51481887844395 -3.02062539792564)
(1.49452731963306 -1.01536557035262 -3.01967074914976)
(0.577612582423888 -0.580378863600507 -3.52752549011682)
(0.901635895284205 -0.462526168698468 -3.52925549228105)
(0.977166682092252 -0.00115516738184655 -3.52923218072583)
(0.578245333323329 -0.58095164523964 -3.01216976690679)
(0.902544665042769 -0.462985295347897 -3.01399861040444)
(0.978157571268143 -0.00115748311110853 -3.01397515196787)
(1.48018491577069 -0.507429700142269 -3.53507394614016)
(1.47876384688967 -0.000541765743797794 -3.53507853841766)
(1.4810249795619 -0.507905411408371 -3.01908917191021)
(1.47966121043191 -0.000565243680462776 -3.01896919162667)
(0.506955381270436 -1.48175719894051 -2.50972431247997)
(1.01487994440675 -1.49519139272049 -2.51009272487455)
(0.460681277057465 -0.904296513209977 -2.50640121281149)
(0.991573112170575 -0.992876909959554 -2.50815181200229)
(0.50706096585609 -1.48172253853507 -2.00458822754011)
(1.01498985258108 -1.49516155801328 -2.00478278787615)
(0.460737314032625 -0.904300443052864 -2.00274446894361)
(0.991608342616666 -0.992902047415014 -2.00376028441461)
(1.5146602229844 -1.51496432301877 -2.51051300442622)
(1.49467708330572 -1.01565542169222 -2.51007857091004)
(1.51470013981113 -1.51500382976567 -2.00491169424149)
(1.49464615783449 -1.01575941645241 -2.00477771333252)
(0.578469343852642 -0.581123678321681 -2.50501927927597)
(0.902820097545795 -0.463137500267984 -2.50632476056087)
(0.978443805945578 -0.00113893211908044 -2.50631615947382)
(0.578511960255006 -0.581134657973785 -2.00195771959093)
(0.90283210072513 -0.463163574632368 -2.00271821979444)
(0.978436614218531 -0.00112618247308541 -2.00272081225043)
(1.48122447664467 -0.508130522367626 -2.50967588710742)
(1.47988322964929 -0.000564739676243473 -2.50957014475408)
(1.48118321003077 -0.508225060385182 -2.00457118196549)
(1.47984331433105 -0.000560811736952306 -2.00451104009067)
(0.507102717846481 -1.48163435303599 -1.50201348952537)
(1.01502409805312 -1.49509726125913 -1.5020938716086)
(0.460739746626034 -0.904235538990634 -1.50111846117116)
(0.991573572698329 -0.992861847803956 -1.5016250300915)
(0.507118075600252 -1.4815655325369 -1.00080912719973)
(1.01503382829038 -1.49504993905037 -1.00083566485506)
(0.460730414328666 -0.904178202655486 -1.00042264542001)
(0.991537137973573 -0.992822823003811 -1.00064552963143)
(1.51470259999189 -1.51500575470748 -1.50209999852847)
(1.49458199822313 -1.01579038028471 -1.50209230835844)
(1.51470304328995 -1.51500585541738 -1.00081653023841)
(1.49453493565762 -1.01579850480255 -1.00083554130786)
(0.578494636189369 -0.581102412686281 -1.5007253302463)
(0.902771930530712 -0.463151602560271 -1.50111011136831)
(0.978354660963725 -0.00111986436491025 -1.50111745376668)
(0.578470753108207 -0.581072215064994 -1.0002466653856)
(0.902716990485424 -0.463136323076993 -1.00041996854504)
(0.978284316342125 -0.00111693701179416 -1.00042778869937)
(1.48109317373683 -0.508260735768965 -1.50200817310496)
(1.47974775213831 -0.000558181018510705 -1.50198275718215)
(1.48102377698908 -0.508273170829758 -1.00080816207193)
(1.47967258145053 -0.000556642978226399 -1.00080089698651)
(0.507123508117207 -1.48152810924282 -0.500268220096432)
(1.01503676305742 -1.49502530604945 -0.500275193415521)
(0.460723044455465 -0.904145713568841 -0.500127591278468)
(0.991515862314791 -0.992800463013976 -0.500209703849085)
(0.507124697686506 -1.48151658867462 1.06790569569179e-05)
(1.01503741322865 -1.49501782284003 9.44901058205078e-06)
(0.460720380409222 -0.90413603577371 2.0351368658425e-05)
(0.991509145204026 -0.992793640613449 1.53202977222835e-05)
(1.51470343883175 -1.51500605641619 -0.500263421473311)
(1.49451047347306 -1.01580069068923 -0.500275703993439)
(1.51470383499337 -1.51500639754123 5.52489174641957e-06)
(1.49450303313802 -1.01580119975185 8.81768603454985e-06)
(0.578455691784044 -0.581054930540685 -0.5000601975597)
(0.902685366213787 -0.463126998456973 -0.500126161247907)
(0.978244435244493 -0.00111565360661613 -0.500132563953096)
(0.578450803780088 -0.581050055381121 2.71419124967439e-05)
(0.902675457871045 -0.463124271255908 2.1776726688022e-05)
(0.978232085187601 -0.00111546423333333 1.73912350638974e-05)
(1.48098604219463 -0.508277327845528 -0.500268851284786)
(1.47963113924975 -0.000555934079111732 -0.500268755690138)
(1.48097443808163 -0.508278298920906 9.83372206454086e-06)
(1.47961846298397 -0.000555919694889141 7.81303360314345e-06)
(-1.24522715844721 0.439449667280254 -6.53112001016644)
(-0.783062606383644 0.44736037471744 -6.51971131765233)
(-1.36444945186274 0.89157176702018 -6.52550604868535)
(-0.882387778303156 0.798946396921633 -6.48034248703707)
(-1.28335050986639 0.455019469920404 -6.19177272110064)
(-0.853035042942954 0.414840612253835 -6.21407721208936)
(-1.36434415257712 0.868186561351835 -6.14836806159441)
(-0.906588896773691 0.771631309239981 -6.17653925295789)
(-0.446888352036432 0.491615450953908 -6.45301932774519)
(-0.401244135938275 0.735991241807499 -6.44789922495009)
(-0.514203679975563 0.424104814505798 -6.25144596713725)
(-0.416877005407603 0.687683035673462 -6.20554306849525)
(0.0796370068595457 0.928555037657523 -6.46101827617886)
(0.097032033290793 0.872837371567263 -6.21110931633367)
(-1.46388500206513 1.46045608227385 -6.54815401876885)
(-0.951627682457503 1.40932734271213 -6.52675339850536)
(-1.47927511962405 1.46899891588357 -6.10833328292604)
(-0.981472227717702 1.4351534802865 -6.1157806075936)
(-0.438373189098166 1.31265544733996 -6.48981301562777)
(0.0994462096958467 1.23781535445386 -6.47005787120084)
(-0.459832166137642 1.36081584948635 -6.1151364205906)
(0.104009056664178 1.27164599009995 -6.1569617222396)
(-1.34523825083783 0.475566445343338 -5.79824502118833)
(-0.922161713126591 0.451064640692447 -5.85009336215681)
(-1.41028467369973 0.915827629981176 -5.7173119961975)
(-0.948626107977443 0.844788848105948 -5.78090179411975)
(-1.45640840842838 0.496700258563413 -5.15311962641385)
(-0.887158668880302 0.447092800281844 -5.18746049748556)
(-1.47349267863763 0.989628563362328 -5.14013143118391)
(-0.975427400059345 0.956891954322214 -5.15920869431551)
(-0.580707715445504 0.533735149309089 -5.82921397035504)
(-0.474127463111489 0.815248755677646 -5.77323419871046)
(0.0583771082202334 0.965679262121987 -5.78583090304817)
(-0.573113079914772 0.5572968906877 -5.19488720387152)
(-0.45385983062095 0.874922660520082 -5.17647769685427)
(0.00671136337213022 0.958698106524669 -5.17845277458239)
(-1.49021017866416 1.47987005374445 -5.63657369219183)
(-0.993060223731299 1.44780711556646 -5.65300066378199)
(-1.50210649341461 1.49633474839376 -5.12154026030865)
(-1.00335118048878 1.46922580944261 -5.13232418834127)
(-0.489507920407047 1.43160003712258 -5.66912944322065)
(0.0562985146068524 1.39216134000326 -5.73393719510079)
(-0.498487008950448 1.45486606729353 -5.14210589308523)
(0.00664617105541919 1.45496432479787 -5.14911018514405)
(-1.47286207514741 0.502769574001701 -4.59772578047854)
(-0.89580746423284 0.455407270946507 -4.60716997405702)
(-1.48789694756364 1.0070985296317 -4.59303834827464)
(-0.984998018372366 0.980771468378639 -4.59777996969754)
(-1.47834389232283 0.50523011004878 -4.06075011290871)
(-0.900812399480757 0.458761262658382 -4.05845323395759)
(-1.49254426573286 1.01217067270148 -4.05956762319249)
(-0.989684846397932 0.988037814404622 -4.05746422560013)
(-0.575724207396881 0.571525091861501 -4.60979053515685)
(-0.458502483707515 0.893056499630489 -4.60420218430464)
(0.000463297335751373 0.969251218523141 -4.604610867613)
(-0.578846569746285 0.576066206723306 -4.05743271437919)
(-0.461265616141215 0.899304720204623 -4.0572611187169)
(-0.000812639072487499 0.974716439711427 -4.05730693670483)
(-1.51005928594759 1.50843589562932 -4.58916575214836)
(-1.01000767660824 1.48579401891907 -4.59215888341232)
(-1.51317144087724 1.51269418369287 -4.05996251111716)
(-1.01320970830969 1.49183360505633 -4.05935102275609)
(-0.50415145504913 1.47147072323144 -4.59571548589356)
(0.000653530656295406 1.47056715870638 -4.59739246061649)
(-0.506404512898432 1.4778160939575 -4.06000619074389)
(-0.000314856216717556 1.47637743875016 -4.06046030306122)
(-1.48064585077214 0.506243899142326 -3.53541842775183)
(-0.903090373768728 0.4599925949775 -3.52980783683178)
(-1.49436022841138 1.01388313242463 -3.53560904263919)
(-0.991756529207071 0.990438591465106 -3.53188883236057)
(-1.4815335308593 0.506721651861435 -3.01923855617743)
(-0.904018817900777 0.460490766325728 -3.01424587722132)
(-1.49503245926895 1.01458517059057 -3.01972439084098)
(-0.992605096448955 0.991301235134469 -3.01664778566287)
(-0.580335656608199 0.577641802084798 -3.52757775040306)
(-0.462474185872741 0.901648226025936 -3.5292960202265)
(-0.00108169172391386 0.977156435012662 -3.52926166645557)
(-0.580934284692063 0.578257329401922 -3.01222309807904)
(-0.462964494090304 0.9025500307778 -3.01403991033818)
(-0.00112820381797455 0.978153878766912 -3.01400616978565)
(-1.51431439499891 1.5140087938279 -3.53679018491005)
(-1.01467187944927 1.49386190467592 -3.53551631283538)
(-1.51481763583602 1.51451687981364 -3.02063405640096)
(-1.01536097882515 1.49452840701698 -3.0196869731627)
(-0.507404111183903 1.48018481379769 -3.53509441323571)
(-0.000506605255096368 1.47875729081715 -3.53509552133744)
(-0.507895474531589 1.48102528765528 -3.01910896579951)
(-0.000551426194565323 1.47965897390276 -3.01898573483291)
(-1.48175617731469 0.506956689057659 -2.50974369773509)
(-0.904293075391725 0.460684773604162 -2.50644329567724)
(-1.49519051945135 1.01488075512476 -2.51010854412485)
(-0.992873852525667 0.991574927937955 -2.50818183385903)
(-1.48172214609386 0.507061230584599 -2.00460764513659)
(-0.904299057143703 0.460738507791957 -2.00278713507602)
(-1.49516130492389 1.01499001638684 -2.00479864150709)
(-0.992901065567532 0.991608968347023 -2.00379055987156)
(-0.581116986803913 0.578473677634845 -2.50507421220983)
(-0.46312996267063 0.90282222356035 -2.50636712782886)
(-0.00112844795047404 0.978442658076861 -2.50634839673078)
(-0.581132175684604 0.578513373578786 -2.00201377760762)
(-0.463161097676393 0.902832879835976 -2.00276146883234)
(-0.00112278846772549 0.978436338779372 -2.00275397071109)
(-1.51496405789398 1.51466045633383 -2.51052154547211)
(-1.01565407610964 1.49467758070684 -2.51009467789466)
(-1.51500388824943 1.51470017744083 -2.00492017503974)
(-1.01575927185448 1.49464636357217 -2.00479379370364)
(-0.508127377195116 1.48122473653527 -2.50969567575661)
(-0.000560244755834716 1.47988257885341 -2.50958677385278)
(-0.50822449599647 1.48118338555297 -2.00459100254814)
(-0.000559875313894398 1.47984321433593 -2.00452780420894)
(-1.48163425031851 0.507102525425319 -1.50203274008204)
(-0.904235267925818 0.460739778709326 -1.50116085249644)
(-1.49509727653885 1.01502392200727 -1.50210959723447)
(-0.99286178350174 0.99157359416427 -1.50165526782396)
(-1.48156560096302 0.507117742441061 -1.00082796215843)
(-0.904178685195073 0.460729907830425 -1.00046419198686)
(-1.49505010694441 1.01503349084933 -1.00085107788603)
(-0.992823232660377 0.991536888752066 -1.00067542167793)
(-0.581101989319757 0.57849478988268 -1.50078138700796)
(-0.463151229189967 0.902772048743939 -1.50115366000128)
(-0.00111920357432008 0.978354603986427 -1.50115119924063)
(-0.581072956021469 0.578470431176975 -1.00030203003717)
(-0.463136918439563 0.902716829256937 -1.00046340553075)
(-0.00111739229247758 0.978284315845317 -1.00046195626195)
(-1.51500591305621 1.51470251445669 -1.50210829128645)
(-1.01579067552723 1.49458202189985 -1.50210814362565)
(-1.51500604686243 1.51470290001211 -1.00082446482504)
(-1.01579897499348 1.49453487952031 -1.00085081401347)
(-0.508261043576814 1.48109327962148 -1.50202778646111)
(-0.000558393034112752 1.4797478140344 -1.50199941707261)
(-0.508273917565194 1.48102382277392 -1.00082722890781)
(-0.000557497121724621 1.4796726934953 -1.00081715776434)
(-1.48152826259251 0.507123204368858 -0.500286693083839)
(-0.904146454420608 0.460722674936866 -0.500168609611842)
(-1.49502553207676 1.01503645176119 -0.500290323392937)
(-0.99280097973486 0.991515650127581 -0.500239299181524)
(-1.48151671646318 0.507124543240956 -7.86544499642439e-06)
(-0.904136234519058 0.460720425829533 -2.11308295905543e-05)
(-1.49501799838414 1.015037266301 -5.69616714757304e-06)
(-0.992793920620983 0.991509147284647 -1.44227051067161e-05)
(-0.581055915325496 0.578455505746775 -0.500115406453237)
(-0.463127742443315 0.902685263441008 -0.500169729013036)
(-0.00111629204633022 0.978244476869325 -0.500167222472531)
(-0.581050199116518 0.578450944551672 -2.89654150853839e-05)
(-0.463124513777306 0.902675547773236 -2.23804302695363e-05)
(-0.00111570037622325 0.978232156886851 -1.7781947361864e-05)
(-1.51500626806376 1.51470333662895 -0.500270884644819)
(-1.01580120966534 1.49451044395275 -0.500290298834734)
(-1.51500661749958 1.51470375360349 -1.74152261641497e-06)
(-1.01580162017379 1.49450302152306 -5.57161242071419e-06)
(-0.50827821035101 1.48098607795064 -0.500287164516205)
(-0.00055707641686107 1.47963126932637 -0.500284545020623)
(-0.508278932712941 1.48097445842087 -8.28269816197102e-06)
(-0.000556647978536093 1.47961852891884 -7.91297013097436e-06)
(0.482961108593527 0.470464042944382 -6.62880009069053)
(0.831992394318434 0.236171244849129 -6.62780806636521)
(0.426175744553121 0.790448045435656 -6.53869337936505)
(0.798611535446154 0.784772641725103 -6.55763451023923)
(0.505239026136007 0.49771731560396 -6.29895923886817)
(0.765425856303089 0.44605480052309 -6.27607478240188)
(0.460167240209753 0.765741231134198 -6.2668343674465)
(0.842917466141005 0.842334491015369 -6.19700564000523)
(1.1819689381762 0.438001616179077 -6.53200088315981)
(1.23616660828409 0.823725233050398 -6.52999882526217)
(1.22131644296294 0.483503897979793 -6.17442594363089)
(1.23541264443153 0.829436287311156 -6.17525821781699)
(0.455652372739022 1.22178629835308 -6.49998618616029)
(0.83641553937712 1.24374646645521 -6.51476141301305)
(0.469085423955553 1.27472244730144 -6.1888648990983)
(0.833164116307666 1.25063800885338 -6.17405881494987)
(1.41580069656924 1.4138645404228 -6.54759251095709)
(1.42432933671052 1.42454885791316 -6.120846190197)
(0.546061870848255 0.548588470422016 -5.82352721051361)
(0.847259580492413 0.446111153616744 -5.82064281081042)
(0.442295422705713 0.869385465678066 -5.81424209777656)
(0.885322260813609 0.895401170411109 -5.80902097225476)
(0.573888169456949 0.573235647524334 -5.201200286261)
(0.889505671455644 0.457444900049177 -5.18372483183961)
(0.458061321840757 0.8890703655591 -5.18368072359535)
(0.973123811513374 0.972727145499195 -5.16520366323257)
(1.2823129425716 0.487099087241946 -5.78369973965128)
(1.40447609801128 0.932387290259297 -5.72366106205604)
(1.45733872893989 0.502219522263598 -5.14990179485257)
(1.47220452950462 0.997691329199442 -5.14167050646859)
(0.48783188360427 1.34721768743953 -5.79034233973489)
(0.932895159569232 1.40398656604753 -5.72368976536229)
(0.502534758766132 1.4571093702742 -5.14993064694756)
(0.997917809103189 1.47200852012691 -5.14168313000972)
(1.48076778028526 1.48055901148977 -5.64717347593106)
(1.49882907030052 1.49872549635435 -5.12560160914884)
(0.575693509438993 0.575354346431291 -4.60934731559184)
(0.896125789035862 0.458439011783218 -4.60459861641597)
(0.458757511161877 0.895925346681812 -4.6046002585631)
(0.984812016489421 0.984632873016452 -4.5977282451213)
(0.577712444052309 0.577546591543973 -4.05610346692319)
(0.900346287957017 0.459807873338678 -4.05668893934644)
(0.459964306535209 0.900255682358424 -4.0566993356071)
(0.989178103845222 0.989098720371904 -4.05676963646954)
(1.47305215809475 0.504561805517012 -4.59610090127105)
(1.48772784206047 1.00950980244143 -4.59273021387179)
(1.4782610925295 0.505790750022111 -4.05980660816062)
(1.49241187609238 1.01285302270108 -4.05909580147492)
(0.504717167150105 1.47296771165794 -4.5961148433218)
(1.00961283928515 1.48765091315717 -4.59273578625265)
(0.505864284283748 1.47822918071512 -4.05981726321125)
(1.01289844381118 1.492381540816 -4.05909954580977)
(1.50968355358446 1.50964062706981 -4.58950090463135)
(1.51308524583182 1.51306802510534 -4.05979469633948)
(0.57885690171179 0.578783210665003 -3.52673976025775)
(0.902352558295241 0.460692177971999 -3.52887999296771)
(0.460762073304973 0.902313822318261 -3.52889234949157)
(0.991037376303217 0.991003747460711 -3.53145434991634)
(0.579383442679977 0.57935413845011 -3.01182371941636)
(0.903194190014308 0.461141574852501 -3.01382769373089)
(0.461169461798564 0.9031790124381 -3.01384087743038)
(0.991811051071637 0.991797843502428 -3.01644197903088)
(1.48039548077396 0.506543113319072 -3.53494989797005)
(1.49412512882145 1.01420981608776 -3.53534178976009)
(1.48120097731407 0.506975871814129 -3.01903284271146)
(1.49474182477245 1.01485402699173 -3.01960203054244)
(0.506575204380938 1.48038330148021 -3.53495938120571)
(1.01422872664988 1.49411335044409 -3.53534486210369)
(0.506988395098807 1.48119649012911 -3.01904207275026)
(1.01486118809091 1.4947374926771 -3.01960495667211)
(1.5141772265246 1.51417057060412 -3.53668047948242)
(1.514645473404 1.5146431116889 -3.02058312199282)
(0.579557939460936 0.57954727298289 -2.50490044928031)
(0.903440096288419 0.461317409092718 -2.50626511344697)
(0.461327478783219 0.903434645732902 -2.50627893314587)
(0.992054567450055 0.992049833668472 -2.50809141809089)
(0.579575729506829 0.57957199985723 -2.00193471094033)
(0.903436981744306 0.46136051618985 -2.00270651752509)
(0.461363852587084 0.903435148558753 -2.00272081191028)
(0.992074104167553 0.992072622917593 -2.00374856526036)
(1.48138891215791 0.507197579760402 -2.50965614243896)
(1.49487582817238 1.0151328085506 -2.51005515630691)
(1.48134169474231 0.507296366026757 -2.00456738920378)
(1.49483733649866 1.01523475746693 -2.00477362415078)
(0.507201724564823 1.48138743350033 -2.50966546448998)
(1.01513514200897 1.49487439290918 -2.51005811954372)
(0.507297298100425 1.48134132183485 -2.00457686466483)
(1.01523524308229 1.49483697970967 -2.00477662765906)
(1.51477741744918 1.5147767221229 -2.51049900861072)
(1.51481212843026 1.51481205960488 -2.00490954624864)
(0.579547879442577 0.579546652092508 -1.50073813567841)
(0.903370358110061 0.461357286237644 -1.50111668780103)
(0.461358113596775 0.903369830775286 -1.50113136950413)
(0.992032839310457 0.992032595311936 -1.5016320301396)
(0.579520204161151 0.579519923698696 -1.00027131070953)
(0.903312893823179 0.461346193918407 -1.00043276535612)
(0.4613460464235 0.903312847919456 -1.00044783131595)
(0.99199385667235 0.99199408602986 -1.00065921769352)
(1.48124916190363 0.507335505072571 -1.50201058042957)
(1.49477012639735 1.01526597332048 -1.50209562152935)
(1.48117869896454 0.507350070382064 -1.00081281926356)
(1.49472182001316 1.01527457417372 -1.00084153613894)
(0.507335312412053 1.48124915419438 -1.5020200275608)
(1.01526574683663 1.49477017009935 -1.50209861025685)
(0.507349333421901 1.48117883596164 -1.00082209098283)
(1.01527407347733 1.49472198987334 -1.0008445532376)
(1.51481264981193 1.51481281844638 -1.50210235143396)
(1.51481235497665 1.51481258354644 -1.00082065584452)
(0.579504136553968 0.579504099066979 -0.500087525829791)
(0.903280391612656 0.461338695873814 -0.500140401767704)
(0.461338330853441 0.903280446528287 -0.500155803378282)
(0.991971654848683 0.991971975887643 -0.500225088448056)
(0.579499231401985 0.579499159728292 8.92323315145512e-08)
(0.903270383922671 0.461336156246881 7.84605066892485e-06)
(0.461336001060846 0.903270413256439 -7.81071492151342e-06)
(0.991964855598422 0.991965057080382 2.38232590675513e-07)
(1.48114051875697 0.5073552415632 -0.500273968454088)
(1.49469680594712 1.01527701475544 -0.500282363943122)
(1.48112886025282 0.507356232663921 4.85657762654829e-06)
(1.49468925743491 1.01527746624894 2.3698444871767e-06)
(0.507354326122308 1.48114067602141 -0.500283273372319)
(1.01527653120832 1.49469697367016 -0.500285547396703)
(0.507355658672588 1.4811289694436 -4.63566356553174e-06)
(1.01527712192862 1.49468938614817 -9.77839994815988e-07)
(1.51481242179841 1.51481265305638 -0.500268155234554)
(1.51481272827612 1.51481289346214 8.46122488504242e-07)
(-1.51490229505996 -1.51490231236502 0.500267722579244)
(-1.01556916125018 -1.49484534207866 0.500284806775381)
(-1.49484540017937 -1.01556914998841 0.500282265402506)
(-0.992357185111553 -0.992357009468626 0.500224541413714)
(-1.51490142738407 -1.51490137198984 1.00082131549749)
(-1.01556580005028 -1.49486878157154 1.00084580855346)
(-1.49486888105844 -1.01556563843594 1.00084314403545)
(-0.992377273941148 -0.992377006511544 1.00066215432553)
(-0.508054929317043 -1.48137682553152 0.50028271190431)
(-0.00056059199382185 -1.48003128289394 0.500284796586238)
(-0.462523810426426 -0.903548681629575 0.500154084121565)
(-0.00111770818109187 -0.978874443241466 0.500164933901152)
(-0.508049572415684 -1.48141320948672 1.00082397785952)
(-0.00056073853943784 -1.48007151202577 1.00081902801519)
(-0.462530254987096 -0.903577433146525 1.00045141101859)
(-0.00111782325055161 -0.978912131856699 1.00046412572164)
(-1.4813768955976 -0.50805485985606 0.500274179172775)
(-0.903548957399958 -0.462523330507742 0.500141202506293)
(-1.48003132373079 -0.00056047727115062 0.500269103680409)
(-0.978874327434607 -0.00111711562472083 0.50013362761016)
(-1.48141328117811 -0.508049276831751 1.00081507554283)
(-0.903577119787699 -0.462529414003753 1.00043770898386)
(-1.48007151838178 -0.000560372445482314 1.00080276943334)
(-0.978911626258009 -0.00111690349299469 1.00043140438317)
(-0.580031077179888 -0.580030486199851 0.500087082618415)
(-0.580043038208914 -0.580042615531671 1.00027684299462)
(-1.51490039464742 -1.51490029546093 1.50210622287091)
(-1.01555594359186 -1.49491455940849 1.50210640561626)
(-1.49491469428609 -1.01555571608743 1.50210365322153)
(-0.992413179222705 -0.992412845403882 1.5016481122997)
(-1.5148964795202 -1.51489632940979 2.00492269135918)
(-1.01552152451923 -1.49497591794485 2.00480313670835)
(-1.4949761201282 -1.01552116707835 2.00480041119519)
(-0.992447860810434 -0.992447321256131 2.00380286238854)
(-0.508035412328314 -1.48148068908296 1.50203035897279)
(-0.000561735526657975 -1.48014460037991 1.50200847137626)
(-0.462541666198356 -0.903630288962194 1.50115394943787)
(-0.00111953563010472 -0.978979944691317 1.5011681594359)
(-0.507996811752656 -1.48156650168464 2.00461166598531)
(-0.000564446098108018 -1.48023524332478 2.00455795453475)
(-0.462548007750884 -0.903690115361899 2.00279893922589)
(-0.00112567523200835 -0.979058199025659 2.00281365389662)
(-1.48148083049624 -0.508035033425104 1.50202119522158)
(-0.903630746933563 -0.462541009156421 1.50113939583424)
(-1.48014467353486 -0.000561270581730576 1.50199184870024)
(-0.978980075294033 -0.00111880847950497 1.50113442340696)
(-1.48156673518894 -0.507996184419498 2.00460253836886)
(-0.903691494792238 -0.462547183352165 2.00278474223572)
(-1.48023534159136 -0.000563630483978089 2.00454135426752)
(-0.979058905356094 -0.0011246100739541 2.00278009664857)
(-0.580067632391892 -0.580066831190557 1.5007673601841)
(-0.580092782640901 -0.580091298868514 2.00203668047963)
(-1.51485112799374 -1.51485085670785 2.51053834584595)
(-1.01540801711927 -1.49499757539095 2.51013628518887)
(-1.49499794275045 -1.01540720540322 2.51013363036133)
(-0.992408584275766 -0.992407365401531 2.50824980010468)
(-1.51468914761441 -1.51468863565621 3.02069109478879)
(-1.01509244578921 -1.49481902644754 3.0198164432129)
(-1.49481974618681 -1.01509059815026 3.01981390071765)
(-0.992109274739191 -0.992106370604608 3.01686471111707)
(-0.507894424211216 -1.48159494951154 2.50976695279696)
(-0.000568246104301263 -1.48026087207475 2.50967407675867)
(-0.462508956832549 -0.903674584056739 2.50651012449642)
(-0.00113882145377453 -0.97905444101132 2.50652566034857)
(-0.507648941047527 -1.48135768580719 3.01931395564367)
(-0.000567766687348689 -1.47999924162742 3.01921956181754)
(-0.462325666265938 -0.903374735404293 3.01445702464319)
(-0.00115630951201488 -0.978733008996264 3.01448169528443)
(-1.48159522570996 -0.507892835104136 2.50975799002348)
(-0.903675934896075 -0.462506232125201 2.50649606566497)
(-1.48026067479704 -0.000566101251746026 2.50965771927457)
(-0.979054388735825 -0.00113521532736719 2.50649232601257)
(-1.48135792201785 -0.507645065124702 3.01930529289645)
(-0.903377578703282 -0.462318253932335 3.01444271754972)
(-1.47999803524599 -0.000562408436562176 3.01920371097206)
(-0.978731215649913 -0.00114604772334138 3.01444844915)
(-0.58006454863969 -0.580061858277264 2.50520342396406)
(-0.579852550303371 -0.579845612834737 3.01262783511782)
(-1.51414996132092 -1.51414910631199 3.5369370916882)
(-1.01434341439968 -1.49409899927698 3.53585366401191)
(-1.49410019822591 -1.0143398214656 3.53585139632437)
(-0.991185866643566 -0.99118006747248 3.53246588705458)
(-1.51299532470506 -1.51299414006717 4.06011914667608)
(-1.01272144081129 -1.49224590981107 4.05994728543194)
(-1.49224737896993 -1.01271551907866 4.05994525480151)
(-0.988923079317001 -0.988913674730331 4.05861894742084)
(-0.507116231714049 -1.48043554118973 3.53562060797743)
(-0.000542249289970285 -1.47900839439646 3.5356723513336)
(-0.461794965317641 -0.902394885856435 3.53036504485041)
(-0.00115289236451363 -0.977647932731024 3.5304214554069)
(-0.505922970399447 -1.47808912927713 4.06112359852077)
(-0.000377463089208718 -1.47650746368784 4.06171743768277)
(-0.460406530032155 -0.900018376077819 4.0596587897658)
(-0.000982469161226882 -0.975028365892187 4.05986700736549)
(-1.48043538438575 -0.507108237311565 3.53561276570821)
(-0.902400308952922 -0.461778426031835 3.53035176397492)
(-1.47900473896701 -0.000530850096744119 3.53565788029003)
(-0.977642038427519 -0.00112894244296524 3.53038987821251)
(-1.47808767389233 -0.505909182238281 4.06111733619543)
(-0.900025789355218 -0.460376438630881 4.05964777492622)
(-1.47649901724249 -0.000357192086788326 4.06170608243274)
(-0.975014285529247 -0.000936724367468496 4.05984012503211)
(-0.57920136205973 -0.57918618970765 3.52864010011828)
(-0.57756545956189 -0.577539554536834 4.05983320415725)
(-1.51036159465552 -1.51036030209983 4.58811138440289)
(-1.00911082849009 -1.48818032622308 4.59189604741105)
(-1.48818151503591 -1.00910331522286 4.59189462965264)
(-0.983672985092457 -0.983661179750019 4.59802865219511)
(-1.50535938213672 -1.50535941527033 5.1144894589003)
(-1.00132630930668 -1.48006385923382 5.12608739367488)
(-1.48006264398204 -1.00132051890642 5.12608734121609)
(-0.971823470589939 -0.971814559591932 5.14664888060626)
(-0.502663792253442 -1.47290775293731 4.59720278303983)
(0.000761543012607516 -1.47083505607622 4.59975416718635)
(-0.456427181357736 -0.894650861159334 4.60822989163278)
(0.000299162959989812 -0.969324054957122 4.60981583067714)
(-0.492833384403982 -1.46157803257228 5.14174065970715)
(0.00807764413623813 -1.45599095056525 5.153701844849)
(-0.444483418722189 -0.882562909555171 5.1776777237321)
(0.00846119517856087 -0.958277105755411 5.18921390122045)
(-1.47290359436213 -0.502644912566928 4.59719936165126)
(-0.89465903104379 -0.456384029139164 4.60822313647108)
(-1.47081874436855 0.000790764703798248 4.59974822126763)
(-0.96929714550303 0.000368847074378596 4.60979877525049)
(-1.46156850403971 -0.492814598624 5.14174059707239)
(-0.88256500901951 -0.444438684797068 5.17767778168282)
(-1.45596290253914 0.00810956771613958 5.15370200704712)
(-0.958228943537916 0.00854005196794431 5.18921333058368)
(-0.573361544851812 -0.573325986258327 4.61338404862222)
(-0.561751249868622 -0.561716754987721 5.19040915604797)
(-1.46847509128919 -1.46849297688004 5.62767883476737)
(-0.93545119493647 -1.39975648075742 5.65638066247821)
(-1.39983835394941 -0.935949592159614 5.65580177864443)
(-0.839796507204954 -0.843011262715978 5.72373932732201)
(-1.43467821293721 -1.43487642343341 6.09817425894665)
(-0.862008679634209 -1.3065058157758 6.11722776827973)
(-1.30827413091598 -0.866889601181747 6.1160078189415)
(-0.630606081380076 -0.641915863852587 6.19640722125735)
(-0.415783069942102 -1.31802721190919 5.70911062587608)
(0.0837582563820732 -1.21952836546305 5.81871541934871)
(-0.332524817428107 -0.757350699481846 5.80896738198512)
(0.0822966593438558 -0.851584936774632 5.85121964073218)
(-0.288525329150378 -1.08463314861478 6.18918267313043)
(0.0502666876468017 -1.09282767965196 6.2123200842012)
(-0.203553695131331 -0.622655977670093 6.24365471630841)
(0.0783965590492786 -0.796170881114575 6.24277965757882)
(-1.32112079307353 -0.417902564776666 5.70607913414328)
(-0.758435114612495 -0.341422515918891 5.80010069773892)
(-1.22323171357613 0.084302365659724 5.81689475579461)
(-0.858502384619735 0.0822969491228609 5.84996555818843)
(-1.09863788602276 -0.29714869906781 6.18351684637879)
(-0.607264653207358 -0.201533848763999 6.23842744240277)
(-1.1027995414834 0.0555303375316065 6.2043568924746)
(-0.797436389392465 0.0857741645917461 6.23575731177256)
(-0.496086800553507 -0.499440984360666 5.83210242549916)
(-0.382106071525722 -0.387369639654523 6.33030406577357)
(-1.42103264498817 -1.42132927045078 6.53427949004394)
(-0.846435461723726 -1.27492518921408 6.51320575833081)
(-1.27766458046809 -0.850382817074149 6.51286872261506)
(-0.588830822939301 -0.595379550294793 6.48409971300078)
(-0.30464511008198 -1.07026597853169 6.47454386107176)
(0.024450156811492 -1.07383322289793 6.48357328408695)
(-0.24340728568491 -0.595742936261939 6.44186724732377)
(0.0126249787777915 -0.782489665887821 6.50957644715622)
(-1.08068983538569 -0.306190210689207 6.47615876447043)
(-0.586273151253491 -0.2552601831134 6.44138871464961)
(-1.08091526743949 0.0401613030543159 6.4816422008804)
(-0.725128453549827 0.0402153568361086 6.54735225009773)
(-0.376409471162745 -0.380916710760185 6.48000478302006)
(0.507123185973279 -1.48152785157803 0.500288787541723)
(1.01503653879783 -1.4950250527484 0.500293040509177)
(0.46072255801575 -0.904146220946353 0.500168507200085)
(0.991515530156494 -0.992800630659086 0.500240239502822)
(0.507117827706115 -1.48156536834253 1.00082872388816)
(1.01503346513952 -1.49504988768538 1.00085209816451)
(0.460729716996753 -0.904178561468862 1.00046420942546)
(0.991536725826738 -0.992823022703645 1.00067595338808)
(1.51470336231697 -1.51500606970636 0.500273621866127)
(1.4945101569302 -1.0158007639508 0.500292618589078)
(1.51470286186433 -1.51500590654688 1.00082551944846)
(1.49453477619685 -1.01579866464963 1.00085166971229)
(0.578455341283807 -0.581055787590646 0.500114679335645)
(0.902685100348782 -0.463127495188145 0.500169689809501)
(0.978244376170459 -0.00111610522164208 0.500167201091124)
(0.578470229349292 -0.581072976297393 1.00030184763536)
(0.902716677578804 -0.463136852421274 1.00046357664512)
(0.978284254922878 -0.00111738094786242 1.0004620806512)
(1.48098587898904 -0.508277368305478 0.500288332348048)
(1.47963118804498 -0.000556221952066671 0.500284627505973)
(1.48102375181893 -0.5082733958372 1.00082769613004)
(1.47967265646794 -0.000556929400241032 1.00081732816289)
(0.507102462455879 -1.48163416520636 1.50203295689579)
(1.01502371594482 -1.49509724011144 1.5021098990313)
(0.460739334437255 -0.904235392496525 1.5011608913971)
(0.99157330189141 -0.992861882400257 1.50165550345112)
(0.507060519278623 -1.48172232650554 2.00460773383416)
(1.01498945867528 -1.49516151628661 2.0047987578606)
(0.460737182542945 -0.90429983536693 2.00278741240887)
(0.991608216955047 -0.99290187215912 2.00379076409017)
(1.51470238748742 -1.51500588479214 1.50210857627962)
(1.49458190644909 -1.01579060828439 1.50210842873015)
(1.51469992804576 -1.51500398898625 2.00492022702284)
(1.49464611886333 -1.01575963371481 2.00479388502312)
(0.578494318363257 -0.581102405579027 1.50078145854028)
(0.902771796530693 -0.463151668026786 1.50115387207975)
(0.978354613342692 -0.00111980092003818 1.50115135067276)
(0.578511920516329 -0.581133889871342 2.00201430520433)
(0.902832143561865 -0.463163075829918 2.00276191174379)
(0.978436538950077 -0.0011254771138335 2.00275432630269)
(1.4810932193131 -0.508260917649854 1.50202806986996)
(1.47974781033045 -0.000558271872456426 1.50199966623666)
(1.48118328307065 -0.508225152297251 2.00459121416354)
(1.47984332807788 -0.000560739315701553 2.00452808745746)
(0.506954653094028 -1.48175702510583 2.50974373370651)
(1.01487947820966 -1.49519136565469 2.51010860031046)
(0.460680915127817 -0.904295837039313 2.5064440423589)
(0.99157295299221 -0.992876707030208 2.50818208832821)
(0.506716857653313 -1.48153618412958 3.01923826775036)
(1.01458232767329 -1.49503507442772 3.01972414662326)
(0.460480407208366 -0.904027063744534 3.01424693717068)
(0.991296355033736 -0.992613430176558 3.01664775515565)
(1.51466000185187 -1.51496448028386 2.51052149723812)
(1.49467702271769 -1.01565560980431 2.5100946463575)
(1.51451600236011 -1.5148190386574 3.02063377520006)
(1.49452717763959 -1.01536574769121 3.01968660694599)
(0.578469249068298 -0.581122783995231 2.50507559051172)
(0.90282011839778 -0.463136795993783 2.50636808128302)
(0.978443611507645 -0.00113782047637968 2.50634926268398)
(0.578244963841066 -0.580951423615679 3.01222539556222)
(0.90254446474248 -0.462984708010498 3.01404134901873)
(0.978157079813197 -0.00115609683478823 3.0140077511312)
(1.48122449788301 -0.508130521348754 2.50969577854095)
(1.47988315093456 -0.000564501472175891 2.50958703761737)
(1.48102486360733 -0.507905346553841 3.01910874719611)
(1.4796609624814 -0.000564837660676054 3.01898578902264)
(0.506233722806771 -1.48065273551627 3.53541691231899)
(1.01387720204135 -1.49436708867409 3.53560775182534)
(0.459968432136199 -0.903111350323547 3.52980794750386)
(0.990427954892504 -0.991777391111125 3.5318873733225)
(0.505211785464956 -1.47835891222724 4.06074595887742)
(1.01216021699138 -1.49255967660028 4.05956415513206)
(0.458714737634113 -0.900857288977872 4.05844988897586)
(0.988019065176116 -0.989729843785679 4.05745923023444)
(1.51400711754632 -1.51431834386269 3.53678924796534)
(1.4938595286523 -1.01468436870607 3.53551491222623)
(1.51269159086982 -1.51318087265547 4.05996013199156)
(1.49183063728273 -1.01323791826147 4.05934699576338)
(0.577611976328309 -0.580379100702275 3.52757999176595)
(0.901635506235715 -0.462525357299586 3.52929730774659)
(0.977165726111844 -0.00115286881829984 3.52926400904793)
(0.576007153005597 -0.578939543971649 4.057433300094)
(0.899282233995145 -0.461376544473427 4.0572617507528)
(0.974742521815496 -0.000969766018731454 4.05731148162848)
(1.48018466307495 -0.507429383216833 3.53509312591166)
(1.47876334697392 -0.000540870584070728 3.53509476578726)
(1.47781952068727 -0.506460586659146 4.06000213366432)
(1.47639561153728 -0.000391379932655207 4.06045743374763)
(0.502743154422441 -1.47288965034509 4.59771727562929)
(1.00708436514421 -1.48792632586799 4.59303082292054)
(0.45533695834108 -0.895888451940118 4.60716096895633)
(0.980748918094279 -0.98508237083575 4.59776893242303)
(0.496673365404129 -1.45645256545208 5.15310617476107)
(0.989616975763169 -1.47354234435372 5.14011819525207)
(0.44702025337754 -0.887286524119928 5.18744316532327)
(0.95688543580071 -0.97556727987617 5.15918894695101)
(1.50843379560007 -1.51007843962441 4.58916055369529)
(1.48579562849765 -1.01006340788137 4.59214959043938)
(1.49633726072513 -1.50214070030642 5.12153100400125)
(1.46924578959026 -1.00344818253325 5.13230722269835)
(0.571434287542736 -0.575892027785743 4.60979068659089)
(0.893034186620639 -0.458710348078976 4.60420508735939)
(0.969326055398304 0.000157762489042812 4.60462658161059)
(0.557203779474822 -0.573373662481921 5.19489307874648)
(0.874944866933493 -0.454201107999103 5.17649110879174)
(0.95891993448239 0.00617764769006538 5.17849468751295)
(1.47149148783258 -0.504262102437479 4.59570539283137)
(1.47062256232605 0.000499333017576126 4.59738452513986)
(1.45494103117083 -0.498685094075307 5.14208474779825)
(1.45512749337869 0.00635459071379667 5.149087097628)
(0.455803637891825 -1.24771799710017 5.79998237066286)
(0.915830373281092 -1.41036670263436 5.71729557717517)
(0.432280375116012 -0.80790391167062 5.85642775686347)
(0.776605003182823 -0.859317732587917 5.83054676425279)
(0.444457655043743 -1.16927727994595 6.17079085001807)
(0.774701465312279 -1.19959621957596 6.15826513654159)
(0.404252356652556 -0.782291235879669 6.19905539128171)
(0.720820502727091 -0.827988605443384 6.1640658436614)
(1.47988484327978 -1.49026438618898 5.63656167630334)
(1.44786529747345 -0.993208397585178 5.65297766715708)
(1.46903920826209 -1.47935758834403 6.10832202197252)
(1.43527055818584 -0.981679002537692 6.11576054633315)
(0.512862954052611 -0.541948133680732 5.85681082904497)
(0.815395235862814 -0.474614486450821 5.77325543466478)
(0.966279045352245 0.0575209911470942 5.78591628557803)
(0.421403345664035 -0.490199281596677 6.2425970654611)
(0.688325138238728 -0.41797712274073 6.20524399729741)
(0.84481121130731 0.124008965486661 6.22073089511042)
(1.43178251670043 -0.489824428011235 5.66909297951542)
(1.39261349354821 0.0557310942319663 5.73388395392622)
(1.36191863043841 -0.460388527881376 6.11472015366617)
(1.27452007649347 0.103708431823776 6.15582979205177)
(0.421547185369766 -1.14553680497553 6.49664242324272)
(0.794617217965182 -1.19857363410989 6.48942933314967)
(0.432022751684615 -0.728487841385801 6.49627813554329)
(0.721827056611556 -0.773718351778375 6.45483313104574)
(1.4605378723759 -1.4640154710934 6.54815139365262)
(1.40956030230039 -0.951948987245402 6.5267597250037)
(0.481489454110023 -0.431868183334293 6.44546761674437)
(0.712343968865585 -0.392651512106445 6.44234863145487)
(0.870919662949534 0.0736041471827313 6.44641939796084)
(1.31427844738582 -0.439025087903453 6.48957003273387)
(1.2268398191369 0.0773998139637561 6.47557089092899)
(-1.48152787341096 0.507123297596518 0.500269758832461)
(-0.904145760230397 0.460723016060864 0.500125713582983)
(-1.4950251244983 1.01503658815748 0.500277535227607)
(-0.992800591130091 0.99151573673704 0.500209881018401)
(-1.48156533234956 0.507118143155413 1.00080912970305)
(-0.904178069806691 0.460730379243471 1.00042017679276)
(-1.49504989401195 1.0150336403014 1.00083613729669)
(-0.992822863576027 0.991536997583062 1.0006449060204)
(-0.581054998286264 0.578455749757931 0.500057207915835)
(-0.463127177802002 0.90268535412048 0.50012482734407)
(-0.00111589233043898 0.978244466943709 0.500131684438628)
(-0.581072134326279 0.578470733812461 1.00024326674326)
(-0.463136404900551 0.902716942045307 1.00041816162924)
(-0.00111708397073138 0.978284316241182 1.00042653372539)
(-1.51500625942522 1.51470331558559 0.50026596780356)
(-1.0158010296256 1.49451015574136 0.500277635625696)
(-1.51500602697772 1.51470290129683 1.00081731942092)
(-1.01579883162317 1.49453480276906 1.00083582476462)
(-0.508277696344034 1.48098586611246 0.50026948509412)
(-0.000556486161407022 1.47963117289418 0.500268325277511)
(-0.508273581938264 1.48102372928866 1.00080783989554)
(-0.000557098855087965 1.47967261208781 1.00080026234043)
(-1.48163415767138 0.507102868177448 1.50201303294219)
(-0.904235230782477 0.460739924901681 1.50111627454075)
(-1.49509722895689 1.01502394851745 1.50209367752375)
(-0.992861742465659 0.991573553061428 1.50162411053431)
(-1.48172224012665 0.507061258693698 2.0045878335554)
(-0.904299610208433 0.460738274312377 2.00274277762055)
(-1.49516138189946 1.01498988404397 2.00478256899738)
(-0.992901348724546 0.991608728700595 2.00375948392548)
(-0.58110198466537 0.57849481807184 1.50072240140451)
(-0.463151305026608 0.90277197956172 1.50110831227322)
(-0.00111948798267935 0.978354580107615 1.50111610986235)
(-0.581133036606704 0.578513094096519 2.00195534090635)
(-0.463161806978167 0.902832588529483 2.00271662879873)
(-0.00112375496168267 0.978436289465911 2.00271952766646)
(-1.51500593067852 1.51470245999444 1.5021000971725)
(-1.01579068780013 1.49458192303478 1.50209209825808)
(-1.51500393465903 1.51470006088533 2.00491174883611)
(-1.0157594298253 1.49464619185346 2.00477757763307)
(-0.508261075565374 1.48109315301035 1.50200763896857)
(-0.000558474053930995 1.47974772155834 1.50198219178364)
(-0.508224826633908 1.4811832040377 2.00457082961222)
(-0.000560335729619124 1.47984311809551 2.00451067720715)
(-1.48175633723118 0.5069566113391 2.50972411561045)
(-0.904293844987738 0.460684573916067 2.50639972299302)
(-1.49519063108068 1.0148806025152 2.51009268024068)
(-0.992874272127637 0.991574665090006 2.50815125267946)
(-1.48153365271632 0.506721785004102 3.01921925717848)
(-0.904019258679202 0.460490774639656 3.01420314594626)
(-1.49503253973141 1.01458515083194 3.01970877875694)
(-0.992605526902601 0.99130113581271 3.01661774974263)
(-0.581118171361479 0.578473313415735 2.5050169129183)
(-0.463131033720673 0.902821887990041 2.50632318795971)
(-0.00112995542329722 0.978442710393938 2.50631478560446)
(-0.580935324503973 0.578256902598067 3.01216698512186)
(-0.462965985753386 0.902549812524222 3.01399688065221)
(-0.00113063262872368 0.978154203880224 3.01397340923486)
(-1.51496411033727 1.5146603465141 2.51051322166863)
(-1.01565430420802 1.49467741844379 2.51007870515473)
(-1.51481768004864 1.51451684538329 3.02062588263951)
(-1.01536124918872 1.49452836229036 3.01967130782488)
(-0.508127889582669 1.48122458772126 2.5096758614982)
(-0.000560976341022319 1.47988255233717 2.50957000757401)
(-0.507896197227857 1.48102529247037 3.01908957230824)
(-0.000552540378330475 1.47965912340521 3.01896938375938)
(-1.48064592755268 0.506244364320207 3.53539946922065)
(-0.903090624128216 0.459992938583719 3.52976593576187)
(-1.49436026612063 1.0138832684455 3.53559371498303)
(-0.991757092636468 0.990438676111924 3.53185943989563)
(-1.47834388306357 0.505230980443429 4.06073200708864)
(-0.90081301335079 0.458762298026144 4.0584134539925)
(-1.49254422673187 1.01217093515623 4.0595529696188)
(-0.989685763487453 0.988038068714855 4.05743631968023)
(-0.580337036690045 0.577641198894179 3.52752298403809)
(-0.462476917236161 0.901648119061121 3.52925410466899)
(-0.00108660743559264 0.977157295926041 3.52922988635332)
(-0.578849202694251 0.576065557098005 4.05738116589544)
(-0.461270629233523 0.899304745508699 4.05722176452057)
(-0.000821993110501022 0.974718233533178 4.05727734650551)
(-1.51431443229739 1.51400882340568 3.53678217486613)
(-1.0146722855673 1.49386197342466 3.535500997165)
(-1.51317146319461 1.51269422752428 4.05995483441768)
(-1.01321041397552 1.49183374112246 4.05933642423182)
(-0.507405359795909 1.48018500365803 3.53507551387783)
(-0.000508626642831057 1.47875771534373 3.53507965277514)
(-0.506406825493445 1.4778165097305 4.05998828115626)
(-0.000318685833428152 1.47637837264515 4.06044532249909)
(-1.47286147870925 0.502771318290448 4.59770980631305)
(-0.895807920151001 0.455409669406866 4.60713554686286)
(-1.48789650795625 1.00709925759378 4.59302525715959)
(-0.984999089030355 0.980772482875193 4.5977554788606)
(-1.45640529910158 0.496704596423958 5.15310700421477)
(-0.887155738588589 0.447098736406304 5.1874371490552)
(-1.47349054193503 0.989631173140708 5.14012058187056)
(-0.97542692494044 0.956896083024265 5.15918973767818)
(-0.575727959792734 0.571525171952267 4.60974661091636)
(-0.458510409154937 0.89305738540331 4.60416855989994)
(0.0004476608157068 0.96925528973502 4.60458586215341)
(-0.573115883528864 0.557299779602062 5.19485865472529)
(-0.453871323307749 0.874927418947156 5.17645445296298)
(0.00668412252314161 0.958710151660276 5.17843613913596)
(-1.51005919350277 1.5084361172965 4.58915876306027)
(-1.0100087495735 1.4857945814721 4.5921457931037)
(-1.50210580938144 1.49633579523732 5.12153426178686)
(-1.0033521688459 1.46922815181637 5.1323135053025)
(-0.504155535185105 1.47147203888679 4.59569960540317)
(0.000646368694874631 1.47056976542729 4.59737918614271)
(-0.498493994774362 1.45487087100511 5.14209342047999)
(0.00663187158841481 1.45497302940268 5.14909962718384)
(-1.24945815229701 0.454367958558515 5.79941589108179)
(-0.811924944703782 0.431493440958982 5.85593620796774)
(-1.41027656345429 0.915834795192432 5.71730220837597)
(-0.860930024610558 0.775949165727604 5.83044244903343)
(-1.1743944313907 0.442951645411794 6.16795308341677)
(-0.787149784359137 0.404661696719765 6.19673809136478)
(-1.20163955189909 0.772984208337191 6.1573829049087)
(-0.831391442175746 0.719627315033519 6.1632554431354)
(-0.543017303990938 0.512098558235865 5.85628797747779)
(-0.474140302932321 0.815263195290776 5.77323096437351)
(0.0583210767276455 0.965718069447562 5.78583345195903)
(-0.491740004705275 0.420403316075588 6.2415618898792)
(-0.416525606682864 0.687424967513101 6.20587428577)
(0.122373159854877 0.833645578338974 6.21041456646215)
(-1.49020798527825 1.47987248278473 5.63656863982678)
(-0.993060316101038 1.44781311603689 5.65299256880365)
(-1.47927146250389 1.46900228856002 6.1083285549233)
(-0.981471881672966 1.43516288802172 6.11577424042135)
(-0.489520044462795 1.43161370323217 5.6691206898912)
(0.0562652751041232 1.39219047573331 5.73393032615085)
(-0.459704289863192 1.36065136339867 6.11515188284537)
(0.10413989920774 1.27123435339386 6.15683546210162)
(-1.14973705046822 0.424136278330189 6.49208549335946)
(-0.734833252521714 0.433871631147363 6.49163230218169)
(-1.20077481531926 0.792406378468052 6.48673096749837)
(-0.777716226496498 0.721054721924268 6.45284543499818)
(-0.432688402102249 0.480841434605389 6.44475995634765)
(-0.391476942302156 0.711855440787698 6.44249628992265)
(0.0703527442170386 0.866123476969478 6.44679188226664)
(-1.46388410972961 1.46046015068589 6.54814865840926)
(-0.951632812782904 1.40933343167312 6.52674833105488)
(-0.438207541295367 1.31249427565546 6.48977722510419)
(0.0824795809362372 1.22106812781515 6.47718426183834)
(0.57950415113073 0.579504126872116 0.500087373906685)
(0.903280401215383 0.461338420819021 0.500155822353679)
(0.461338498618331 0.903280422452295 0.500140096823573)
(0.991971718087186 0.991971764439494 0.500225377460668)
(0.579519981716257 0.579520090411764 1.0002706900157)
(0.903312826117507 0.461345993829117 1.00044764982391)
(0.461346080858156 0.903312869573719 1.00043210628354)
(0.991993901302209 0.991993869816067 1.00065919347383)
(1.48114047748996 0.507354749226156 0.500283434326915)
(1.49469666203392 1.01527671194626 0.500286367571369)
(1.48117877573273 0.507349657463743 1.00082217594813)
(1.4947218792013 1.01527416164286 1.00084471973063)
(0.507354560927686 1.4811405238655 0.500273774755205)
(1.01527654139994 1.49469673561407 0.500283018918257)
(0.507349562433973 1.48117875369227 1.00081231229078)
(1.01527413417357 1.49472188780053 1.00084143987601)
(1.51481243466047 1.51481251542918 0.50026913876513)
(1.51481236845924 1.51481239392173 1.00082083122662)
(0.579547216171332 0.579547205125302 1.5007374364208)
(0.903370081368506 0.46135750299045 1.50113117465639)
(0.461357699210797 0.903370035198498 1.50111590647973)
(0.992032707036405 0.992032554632617 1.50163188223374)
(0.579574586170558 0.579573027729579 2.0019341731301)
(0.90343645147181 0.46136124321574 2.00272079066656)
(0.461362901242698 0.903435584091904 2.00270578258769)
(0.992073713141524 0.992072816820027 2.00374845982332)
(1.48124917067818 0.507335287776627 1.50202021644336)
(1.49477014685969 1.01526564616144 1.50209876832034)
(1.48134160533317 0.507296340496826 2.00457712493668)
(1.49483725696667 1.01523457273012 2.00477682806868)
(0.507335212234586 1.48124910280185 1.50201022022729)
(1.01526569624785 1.49477008792492 1.50209551294181)
(0.507296877712789 1.48134132194452 2.00456718539303)
(1.01523501589591 1.49483696769205 2.00477360461792)
(1.51481265881379 1.5148126121322 1.50210244673389)
(1.5148120787768 1.51481190405966 2.00490968018066)
(0.57955630833112 0.579548722888187 2.50490013272962)
(0.903439304869274 0.46131855296498 2.50627924564203)
(0.461326013227252 0.903435335265242 2.50626439527884)
(0.992053915238587 0.992050256263766 2.50809140201403)
(0.57938089612808 0.579356295016788 3.01182360214899)
(0.903192901214644 0.461143237252453 3.01384167892594)
(0.461167081152931 0.903180145673199 3.013826835005)
(0.991809981250777 0.991798580977884 3.01644206903988)
(1.481388705475 0.507197756492079 2.50966577413643)
(1.49487563905294 1.01513278779312 2.51005833498634)
(1.48120059563743 0.506976315461449 3.0190422930442)
(1.49474148488774 1.01485423403066 3.0196051307364)
(0.507201048157665 1.48138752837486 2.5096560381195)
(1.0151347553846 1.49487447247136 2.51005520759492)
(0.506987344895893 1.48119674810526 3.019032942439)
(1.01486058615736 1.494737696467 3.01960217652041)
(1.51477729906768 1.51477664775805 2.5104991628245)
(1.5146452759751 1.5146431400093 3.02058327363316)
(0.578851878759393 0.578787190592622 3.52673999341043)
(0.902350087365141 0.460695113846626 3.52889377755304)
(0.460757316420229 0.902316036226852 3.52887892498257)
(0.991035367756629 0.991005177354317 3.53145457115446)
(0.577702761299551 0.577554087480385 4.05610421624332)
(0.900341496429827 0.459813503933097 4.05670246998831)
(0.45995517631434 0.900260075765096 4.05668697579842)
(0.989174068001017 0.989101769549974 4.05677008429044)
(1.48039475610501 0.506544149929491 3.53495912517831)
(1.49412447348039 1.01421045087873 3.53534482358695)
(1.47825952918296 0.505793171892356 4.0598156768107)
(1.49241044073502 1.01285459416932 4.05909884040557)
(0.506573279013545 1.48038387028898 3.53495058053295)
(1.0142276260374 1.49411381346493 3.53534222171777)
(0.505860545763233 1.4782304667737 4.05980898175716)
(1.01289621081153 1.49238266207478 4.05909709075429)
(1.51417686145045 1.51417076995528 3.53668063477276)
(1.51308445271899 1.51306860944321 4.0597948858981)
(0.575675667523279 0.575368833998414 4.60934924123215)
(0.896115808504428 0.458450614237187 4.60461226113967)
(0.458741097642216 0.895934517745283 4.60459005256948)
(0.984803207634582 0.984640093747411 4.5977292208026)
(0.573851422205425 0.573267540217309 5.20120457057409)
(0.889481097896671 0.457471745387389 5.1837395127283)
(0.45802839963943 0.8890928159221 5.18367456765147)
(0.97310182117484 0.972746609526881 5.16520552557012)
(1.47304805552031 0.50456743222287 4.59611003039969)
(1.48772416397111 1.00951376918489 4.59273338326746)
(1.45732649528281 0.502233433449202 5.14991121313602)
(1.47219397731108 0.997702127846467 5.14167385526371)
(0.504709713111545 1.47297122023983 4.59610745897267)
(1.00960792393595 1.48765402126308 4.59273360583875)
(0.502518287410253 1.45712057212453 5.14992444893116)
(0.997905671287498 1.47201810576762 5.14168122709629)
(1.50968154946164 1.50964233372881 4.58950113209618)
(1.49882350875971 1.49873062868841 5.12560179618513)
(0.563841815751136 0.562713722621511 5.79262926750064)
(0.943112291209373 0.459644399685977 5.83017447102122)
(0.460600277628139 0.942203292629986 5.83019550208486)
(0.936736536207532 0.935979040698778 5.79227288508958)
(0.5130695713042 0.509976134310915 6.30947024100428)
(0.805303776120299 0.451047188374816 6.28398111148698)
(0.458137721302247 0.790529748162793 6.28421733539176)
(0.869746658665226 0.868469636944959 6.24129662722579)
(1.34785357306311 0.487146255154236 5.79028588078765)
(1.4044456880254 0.932416480588308 5.72366372188702)
(1.27579196868206 0.468043419491267 6.18875093374413)
(1.34725931116789 0.883893064548482 6.1609848057547)
(0.487788228721267 1.34725688126437 5.7903387702506)
(0.932863191981781 1.40401520460822 5.72368855889909)
(0.469005414596153 1.27480302466493 6.18886248995777)
(0.88461424682783 1.34652659085841 6.16103661504167)
(1.48075469371908 1.48057101135292 5.64717354799993)
(1.46531424451063 1.46501182912176 6.11959491885043)
(0.501123092767714 0.478187286629447 6.63957343408169)
(0.832192653012755 0.350178644652829 6.60963402374495)
(0.385922927975382 0.656976346448318 6.60011221850443)
(0.828241327873297 0.805723949834073 6.571713396829)
(1.23081597564037 0.422346995722775 6.53349184004088)
(1.28517395054285 0.842540258750802 6.53991622393403)
(0.441703671870226 1.23015239061542 6.52512264068844)
(0.847651660526214 1.2797979451172 6.53662745293987)
(1.44877117225324 1.44828055687183 6.55153149723102)
(0.42067703338009 -1.05002679279146 -6.36835033877558)
(0.253019976544626 -1.05220557856191 -6.22522714540443)
(0.565759331302799 -0.668909619499505 -6.19574305013223)
(0.452084401988438 -1.13290115854246 -6.02805734358896)
(0.433283721798632 -1.00527379309556 6.0060671630287)
(0.245518426488096 -0.959763872719404 6.19840290323982)
(0.567076429862884 -0.630029156242726 6.18575919243858)
(0.415305077069945 -0.957194256834536 6.34287594689898)
(-1.05016232998235 0.421741442925085 -6.36828681133874)
(-1.05259705232195 0.254598385654064 -6.22532929839772)
(-0.67586143413089 0.582980288338982 -6.21456539052919)
(-1.13279468575002 0.452073347157742 -6.02808873158019)
(0.799796828522755 0.602860734559484 -6.4223961601567)
(0.640386947272685 0.810639702367492 -6.38919508222503)
(-1.00979402032783 0.431330035639462 6.00496964345442)
(-0.968517817197286 0.247865588885507 6.19273004025886)
(0.974548661404727 0.429250420790033 -6.39903635258601)
(1.00332300894818 0.291401506987515 -6.18723696487393)
(0.457392322550464 1.02245392019523 -6.36878888091612)
(0.289544768464378 1.05961997102081 -6.21327351212374)
(-0.632663800176145 0.566021553386717 6.18477848579986)
(1.04093257996043 0.474777962467705 -6.00546075115436)
(-0.96437247060787 0.416739422639505 6.33833952981959)
(0.466504152382705 1.13540851341877 -6.02485959181089)
(1.13654005639199 0.465393451013712 6.02475914900706)
(1.06390129700457 0.288190868656277 6.21181964070527)
(0.466423604110438 1.13548970828769 6.02485562167075)
(0.28950613892615 1.05911646998635 6.21312482332776)
(0.840314798898562 0.613344169310929 6.42993506781556)
(0.63437400291531 0.828458609774111 6.42406421685096)
(1.03950620927388 0.426697623056725 6.39981023728494)
(0.445235758801294 1.02814644686067 6.3945024076583)
(-0.117942331029684 -0.952939396323014 -6.35198439206942)
(-0.952679043444735 -0.115328123792448 -6.35267270472996)
(-0.479698873589468 -0.480779603026086 -6.36530654573648)
(0.240307478212403 -1.01762087036075 -6.36711067159759)
(0.585289419786974 -1.11793360238376 -6.37056617808116)
(0.570543055265241 -0.644213589244187 -6.32599996084861)
(0.305541156522112 -1.13825188361476 -6.07614331384773)
(0.591156355035392 -1.14314232683583 -6.00014591827398)
(0.594566883254946 -0.698105399046172 -6.03866679739917)
(-1.01798348077072 0.243215155316013 -6.36718271851065)
(-1.11773990802945 0.585197089407417 -6.37057802536405)
(-0.660763928845235 0.592563541082941 -6.33496762675039)
(-1.13816392242278 0.305526272036166 -6.0761661454014)
(-1.14301592696364 0.591138986197161 -6.00017988801596)
(-0.704999201051827 0.61711443349083 -6.08567799745735)
(0.641949749736108 0.618153001216458 -6.41886554608104)
(0.984848480442493 0.283514190467604 -6.34809749968514)
(0.994977357738225 0.614688566902194 -6.37893276147215)
(0.280844637068424 1.05414929842114 -6.33764768689846)
(0.638666282251064 1.01946478971034 -6.36606878761835)
(1.04404210374339 0.30027344590432 -6.00973005320139)
(1.06109897312151 0.661709378444878 -5.98971922568516)
(0.321502298441844 1.14008103872948 -6.06287414159539)
(0.618417883642812 1.13870596293359 -6.00665608648722)
(-0.10301413475359 -0.897349135236622 6.35333167009428)
(-0.901021135929018 -0.10040835987335 6.34711052487736)
(-0.458943633787019 -0.46838532749923 6.36954963924857)
(0.263938871944044 -0.992817974824951 6.02559800113325)
(0.602275608924441 -1.03562090896301 5.98565879882506)
(0.602387604058154 -0.654095401502052 6.0228779168141)
(0.236972624129854 -0.940748806529199 6.35137399842156)
(0.579121335348564 -0.980278408426576 6.33211803181725)
(0.56795898983301 -0.609810909660388 6.31690400818121)
(-1.00102816059256 0.263348549951308 6.02265223897349)
(-1.03803118327048 0.600996000439858 5.98535642474033)
(-0.655894193381358 0.601342257859341 6.02265914536589)
(-0.948027071573953 0.245829466526401 6.34455538704956)
(-0.985128982778361 0.578074156151442 6.32924861731819)
(-0.612838804998915 0.566847408650751 6.31541287138682)
(1.14118456848134 0.320383529937 6.06277284029128)
(1.13974302510495 0.617402017783216 6.00658163133837)
(0.321421485808891 1.14016174316125 6.06286978694071)
(0.618343176529426 1.13878026268767 6.00665378338851)
(0.653257160475588 0.63447604084467 6.43805686481263)
(1.04245783759255 0.272341923188206 6.35701824364798)
(1.04881750394191 0.628266168365081 6.39294689011739)
(0.278292292012348 1.04002542971189 6.35265116561675)
(0.638097526617239 1.0435902271582 6.39028493866252)
(-2 -2 -6.56865841894554)
(-1.04032889336369 -2 -6.55640289717813)
(-2 -1.04033098584196 -6.55640290582728)
(-0.561976970293326 -0.561702569177483 -6.85249727105248)
(-0.530740271516207 -2 -6.55833848094157)
(-0.200516061128226 -0.446822512410953 -6.5078918138087)
(0.000441773381986031 -2 -6.55921115169179)
(-0.0440060465919661 -0.557173058349348 -6.71066396555722)
(-0.0702670954833546 -0.308767238064509 -6.5)
(0.0424135004647893 -0.301432316527152 -6.5)
(-2 -0.530743078795186 -6.55833840225422)
(-0.451900560265489 -0.20237767267895 -6.50775146842427)
(-2 0.000441807973860658 -6.5592108638969)
(-0.555242692806165 -0.039734300438162 -6.70857266570462)
(-0.308708100489797 -0.0703467452966591 -6.5)
(-0.30106102047267 0.0421887967049376 -6.5)
(-0.321057507148925 -0.321713315804453 -6.5131930666306)
(-0.310710475330678 -0.310778367116153 -6.39178033091886)
(-0.176822994981407 -0.438511264674205 -5.85846233110967)
(0.00713558945454494 -0.47605737672271 -5.87189262276294)
(-0.190010195036223 -0.458978957034659 -5.21691231921071)
(0.000548891542142762 -0.497595546861642 -5.2171000072092)
(-0.438488039906695 -0.176808129389696 -5.85853860396393)
(-0.476040708594385 0.00724735098262956 -5.87197252253914)
(-0.458994040198175 -0.189929036498026 -5.21695080760623)
(-0.497591237691997 0.000708357762657617 -5.21716308189836)
(-0.334579279480844 -0.334588913461086 -5.85488036475829)
(-0.351467800926017 -0.351434489973418 -5.2160420590652)
(-0.191712182010433 -0.460995831744714 -4.61429066925425)
(-0.00144294589816036 -0.499875783188852 -4.61328703547615)
(-0.192076460517624 -0.460972685202116 -4.0531423973222)
(-0.00196655748145957 -0.499985893091845 -4.05257337008201)
(-0.461022165360464 -0.191643149637219 -4.61431908809407)
(-0.49987450749434 -0.00132458459458237 -4.61333909849495)
(-0.46100753991371 -0.192044691373218 -4.05316738377898)
(-0.499986218789882 -0.00190276171503271 -4.05261896742158)
(-0.353466463436401 -0.353431198707795 -4.61458559661318)
(-0.353561132397836 -0.353539106811165 -4.05333260282518)
(-0.192131516569986 -0.461005875743901 -3.52170171212177)
(-0.00200665476810363 -0.499988167520327 -3.5214461084826)
(-0.192107958649126 -0.461025241946693 -3.00770536442465)
(-0.00194851165645897 -0.499988566247763 -3.00759617129739)
(-0.461004764501687 -0.19211159662451 -3.52172702833181)
(-0.499988164917315 -0.00197833772127042 -3.52149192338282)
(-0.461027547030268 -0.192102237894621 -3.00773254995404)
(-0.499988579842879 -0.00193981679554077 -3.00764639955465)
(-0.353555861002687 -0.353550278449944 -3.52179875825019)
(-0.353554957827243 -0.353551849845883 -3.007751211896)
(-0.192078805919115 -0.461018837250566 -2.50234864876686)
(-0.0019032857015582 -0.499988544453593 -2.50230113102811)
(-0.192059248818289 -0.461005371552198 -2.00060142880482)
(-0.00187909467755542 -0.499988250527766 -2.00057759521717)
(-0.461027931407734 -0.192080122493514 -2.5023769531824)
(-0.499988765443331 -0.00190074585242278 -2.50235262934323)
(-0.46098728683879 -0.192050975239956 -2.00062995611565)
(-0.499988041482559 -0.00187624081585955 -2.00063056476077)
(-0.353554249804484 -0.353552691578236 -2.5023702705944)
(-0.353552217142482 -0.353554607711058 -2.00061554094258)
(-0.192047065504993 -0.46099012526807 -1.50011732171188)
(-0.00186806775088981 -0.499987664089923 -1.50010203402206)
(-0.192045383835123 -0.460989595598442 -1.00000352051886)
(-0.00186555857670185 -0.499988075069657 -0.999995954012838)
(-0.460989980974559 -0.19204740869609 -1.50014531626253)
(-0.499987662273767 -0.00186820488378307 -1.50015607567253)
(-0.461007506019074 -0.192054088115356 -1.00003041340784)
(-0.499988285297423 -0.00186827207624291 -1.00004367176687)
(-0.353552851862294 -0.3535539172861 -1.50013194754723)
(-0.353553632657309 -0.353553172101598 -1.00002030188788)
(-0.1920646365366 -0.461034297238644 -0.499986749123721)
(-0.00186972689989792 -0.499988842768735 -0.499977659801781)
(-0.192068842753139 -0.4610414539596 1.08074764814056e-05)
(-0.00187102687144034 -0.499988818845721 2.26417116694314e-05)
(-0.46102567627693 -0.192062247359683 -0.500010238578681)
(-0.499988643179885 -0.00186996348442184 -0.500023761334456)
(-0.461041567479196 -0.192068569267853 -1.31122457713973e-05)
(-0.499988819588241 -0.0018708319606074 -2.52269825554523e-05)
(-0.353552245463795 -0.353554609964293 -0.500000680472306)
(-0.353553886685842 -0.353552882398863 -2.5322711526999e-06)
(0.531511739339955 -2 -6.55833260348147)
(0.275134631002864 -0.458254926027756 -6.92619565663131)
(1.04084419204364 -2 -6.55639658522379)
(0.776202119627608 -0.661632283776674 -6.91832891093027)
(0.112631692644625 -0.297276844432626 -6.5)
(2 -2 -6.56865841894554)
(2 -1.04060879076783 -6.55652820460756)
(0.287093619742485 -0.176598007361521 -6.5)
(0.313105286151426 -0.0970232642391086 -6.5)
(0.209930537246092 -0.238737631474164 -6.5)
(0.430880612397566 -0.177579066672846 -6.32730859166785)
(0.392704178305937 0.0202508696346575 -6.5)
(0.461528781386296 0.0284965518206335 -6.32527775791118)
(2 -0.53105202669245 -6.55850824809785)
(2 0.00033592268218703 -6.55940820410361)
(0.18717993731504 -0.432343469116053 -5.86427724329951)
(0.190771988524739 -0.459251593611432 -5.21209995906623)
(0.34249200944921 -0.336441356337368 -5.83142243341861)
(0.451421553607774 -0.184729160958702 -5.81095252333897)
(0.488465888201025 0.0105343845189019 -5.80272340204883)
(0.352348029049862 -0.351777375647401 -5.20393623491596)
(0.460512724009334 -0.190584662874641 -5.19598209515187)
(0.498478655884719 0.000286585364486268 -5.19562801991967)
(0.189232753328073 -0.462363243278048 -4.61118346194732)
(0.188763501163325 -0.462659212562639 -4.05164654160064)
(0.351732440797724 -0.354992453501886 -4.60835316895418)
(0.460949434503412 -0.193157896663004 -4.60591696859007)
(0.499912381940239 -0.00155498139910519 -4.60493536601805)
(0.351381900205201 -0.355451383033152 -4.05052902491548)
(0.460792539008111 -0.193721645178105 -4.04952844470774)
(0.499986735975783 -0.00202208519002691 -4.04888559740725)
(0.188759341174893 -0.462656564053145 -3.52105270327346)
(0.188839481849693 -0.462631053919289 -3.00744082081823)
(0.351391844256373 -0.355441005888606 -3.52059188716309)
(0.460791720793571 -0.193727449205913 -3.52016194702528)
(0.499988615618439 -0.00204623085049804 -3.51984499359315)
(0.351459620746207 -0.355373887760108 -3.00726206988392)
(0.460825557809855 -0.193646571398982 -3.00709409002615)
(0.499989006108706 -0.00197777180091813 -3.00696609107045)
(0.18889295719364 -0.462607079827869 -2.5022435409705)
(0.18892023341594 -0.462596993035507 -2.0005551682206)
(0.351505739965955 -0.355329614835509 -2.50217986142586)
(0.460848468924796 -0.193591653493693 -2.5021231890294)
(0.499989101844166 -0.0019300042557537 -2.50208242201175)
(0.351527772736226 -0.355308527599212 -2.00053355461301)
(0.460859342477313 -0.19356578814485 -2.00051760795015)
(0.499989045385789 -0.001907735415909 -2.00051038033442)
(0.188931824378736 -0.462593633272424 -1.50009055975678)
(0.188934238133526 -0.462589490787953 -0.999985385525525)
(0.351536648343152 -0.355300212060955 -1.5000821141602)
(0.4608636735251 -0.193555509850994 -1.50007922867623)
(0.49998902350676 -0.00189893239174091 -1.50008313387256)
(0.351539147423614 -0.355295643547099 -0.999980200758276)
(0.460865588475211 -0.193551074547649 -0.999978357357429)
(0.499989110814465 -0.00189510198880702 -0.999985444565536)
(0.188932713178987 -0.46258525651551 -0.499966892346962)
(0.188934652592094 -0.46259202213741 3.13365712079204e-05)
(0.351540145424865 -0.355293879533521 -0.499962558401546)
(0.460866575274249 -0.193549157349996 -0.499961018579785)
(0.499989237007914 -0.00189329248471212 -0.499968485094867)
(0.351539808253415 -0.35529445224719 3.5793847183994e-05)
(0.460866501628341 -0.193548993506666 3.76805715278481e-05)
(0.499989288562603 -0.00189305637216994 3.06792689130634e-05)
(-2 0.531516469044572 -6.55833149709827)
(-0.45774341259221 0.274352000667361 -6.92612618813639)
(-2 1.04085048052303 -6.55639515269328)
(-0.660793485735569 0.775754998364772 -6.91818788397172)
(-0.297080027547809 0.112451102584348 -6.5)
(-0.176155171482952 0.286831162942254 -6.5)
(-0.0945613948886695 0.311265410130099 -6.5)
(-0.237573840724983 0.209167659887368 -6.5)
(-0.176606143141814 0.430800637983264 -6.32715066573981)
(0.101764071690469 0.743140737273763 -6.64062585594922)
(0.0295157528579515 0.460921373448615 -6.32326711669818)
(-2 2 -6.56865841894554)
(-1.04060284199161 2 -6.55652765947096)
(-0.53104085330495 2 -6.55850740974746)
(0.000346744651521886 2 -6.5594073313886)
(-0.432182410453526 0.187379067387887 -5.86437280041787)
(-0.459142676628908 0.19101458183323 -5.21215968687012)
(-0.336063970476019 0.342769930090506 -5.8314537706349)
(-0.183982042277343 0.451607148003043 -5.81069186736048)
(0.0116038337655168 0.488150718318006 -5.80261808879821)
(-0.351482987411565 0.352630631735045 -5.20396917349962)
(-0.190011833027641 0.460724667230274 -5.19595405658835)
(0.0011217477497698 0.498440672807351 -5.19544961889957)
(-0.462290470386295 0.18940647058277 -4.61124282922121)
(-0.462622157193258 0.188857143358845 -4.05170345967599)
(-0.354794701614056 0.351928742234116 -4.60840105503545)
(-0.192801776573979 0.46109508638644 -4.60593663164388)
(-0.00107354826382569 0.499910017070985 -4.60493078895655)
(-0.355349435021401 0.351485846423121 -4.05058561588439)
(-0.193541993274571 0.460867363454348 -4.04957413797526)
(-0.00178082983494595 0.499987081570952 -4.04891605319655)
(-0.462645267912821 0.188800330758292 -3.52111270984501)
(-0.462625827494998 0.188852330707178 -3.00750570146576)
(-0.355400091941622 0.35143479936595 -3.52065526245904)
(-0.193652606981202 0.46082280137619 -3.52021889028465)
(-0.00194547685231433 0.499988859989054 -3.5198873754948)
(-0.355359496370815 0.351474183023788 -3.00733162950047)
(-0.193620858531425 0.460836343344454 -3.00715822443971)
(-0.0019427633059113 0.499989106856783 -3.00701490546388)
(-0.462600393848571 0.188895808059962 -2.50231209242257)
(-0.462594630220348 0.188921697009244 -2.00062527688542)
(-0.355323315606936 0.351510430000741 -2.50225433962124)
(-0.193582730435855 0.460852490257611 -2.50219222468139)
(-0.00191810403124536 0.499989159242836 -2.5021353976975)
(-0.355305665169276 0.351529027513415 -2.00061046483652)
(-0.193562602547268 0.460860752130595 -2.00058949514727)
(-0.0019036139443362 0.499989085515988 -2.00056603514382)
(-0.462593607584544 0.188931886732318 -1.50016010360048)
(-0.462591542635202 0.188933529399603 -1.00005056718291)
(-0.355300061690444 0.351536800634249 -1.50015896187052)
(-0.193555070370229 0.460863858044354 -1.50015217297526)
(-0.0018979595018594 0.499989026578471 -1.50014035180115)
(-0.355297478128573 0.351538930266457 -1.00005359551219)
(-0.193552107759563 0.460865082105415 -1.00005132697104)
(-0.00189561092791143 0.49998908203784 -1.00004332398416)
(-0.462590426351152 0.188933567957768 -0.500031318116724)
(-0.462591972251791 0.188934773880347 -3.40558947534824e-05)
(-0.355295871326044 0.35153980788581 -0.500035705981209)
(-0.193550120246685 0.460865894216324 -0.500034355398592)
(-0.00189387333361829 0.499989213803814 -0.500029792142969)
(-0.35529435907768 0.351539901518378 -4.09831857187209e-05)
(-0.193548844452948 0.460866564156704 -3.95329145315094e-05)
(-0.00189282125745612 0.499989288853842 -3.15825200547514e-05)
(0.203729269464684 0.181899066471796 -7)
(0.505902068020265 0.189038052633256 -7)
(0.256195628320841 0.53384191812528 -6.80189103097742)
(0.615516627362583 0.610146909201166 -6.8983451406699)
(0.234382063280719 0.230379034407098 -6.5)
(0.370241979171268 0.225679517911197 -6.5)
(0.226341103307067 0.369758557040002 -6.5)
(2 0.531495103023489 -6.55853182242014)
(2 1.04096336484714 -6.55656924655001)
(0.531513541659296 2 -6.55853038430184)
(1.04097720202529 2 -6.5565675124629)
(2 2 -6.56865841894554)
(0.33626692461576 0.335656319448565 -5.85537956595052)
(0.44344705557133 0.184949274366383 -5.84228280191501)
(0.186805953027583 0.442419515856581 -5.8407654402535)
(0.35217877775754 0.35144371952649 -5.2033025877023)
(0.459963184624002 0.190388157088427 -5.20073106882345)
(0.191286583683423 0.459551222656938 -5.20063423733088)
(0.35369270520441 0.353264999791082 -4.6054124181771)
(0.461987108627983 0.190457536490921 -4.60517490353709)
(0.19096545378802 0.461774629758736 -4.60516397016883)
(0.35365677041913 0.353448251054798 -4.04857512262647)
(0.462185276779843 0.190215004210977 -4.04862321626564)
(0.190469644721951 0.462080063901444 -4.04863711909625)
(0.353596070370309 0.353510643099084 -3.51962664328324)
(0.462186076634305 0.190216888359539 -3.51967255530448)
(0.190323934212033 0.462141897777002 -3.51969474783245)
(0.353568783518566 0.353537952594643 -3.00687920550389)
(0.462166354435884 0.190264902849451 -3.00689413111293)
(0.190303446268577 0.462150466571765 -3.00692040441304)
(0.353558746728548 0.353548017119069 -2.50206720095511)
(0.462154006369188 0.190294825281736 -2.50206354851784)
(0.190307440427855 0.462148841867827 -2.5020923042762)
(0.353555537473889 0.353551231130362 -2.0005249279366)
(0.462148617945549 0.190307799126543 -2.00051318615897)
(0.190312252503188 0.462146816299025 -2.00054354480794)
(0.353554370599064 0.353552398433927 -1.50010847253174)
(0.462146524973726 0.190312862430274 -1.50009357877011)
(0.190314258475634 0.462145949685625 -1.50012498029031)
(0.353553842273226 0.353552926821573 -1.00001422512465)
(0.462145636986827 0.190315114228179 -0.999998172101803)
(0.190315119850551 0.462145600730386 -1.0000330393528)
(0.353553761561085 0.353553007546399 -0.499997952979621)
(0.462145263668932 0.190316133541058 -0.499981542667295)
(0.190315960110172 0.462145299265773 -0.500016931619627)
(0.353553895665613 0.353552873419088 1.40312432204541e-06)
(0.462145229459993 0.19031622802871 1.7822315818893e-05)
(0.190316516263509 0.462145110058227 -1.79896332970802e-05)
(-0.19206250635304 -0.461025568129662 0.500008660372073)
(-0.00187015436782222 -0.499988642531787 0.500022270632469)
(-0.192054298245128 -0.461007417732555 1.00002924630245)
(-0.00186845749983039 -0.499988284596251 1.00004278848962)
(-0.46103437328705 -0.192064452930531 0.499983719481845)
(-0.499988843543404 -0.00186957230581397 0.499970971152245)
(-0.460989677941887 -0.192045188360132 1.00000008214083)
(-0.499988076138775 -0.00186536503848509 0.999988394848644)
(-0.353554794582152 -0.353552060681303 0.499998527253565)
(-0.353553338153638 -0.353553466421377 1.00001825521946)
(-0.192047725866545 -0.46098984789982 1.5001444421376)
(-0.00186853427780985 -0.499987660788168 1.50015553865769)
(-0.192051752388343 -0.460986962638827 2.00062965436812)
(-0.00187724801263175 -0.499988037303377 2.00063070259838)
(-0.460990281207805 -0.192046694631132 1.50011428796103)
(-0.499987665844088 -0.0018676796320181 1.50009776457311)
(-0.461005707975788 -0.192058442280601 2.00059946346762)
(-0.499988254352945 -0.00187810129589117 2.00057465764389)
(-0.353554187006247 -0.353552582140417 1.5001302523882)
(-0.353555179319652 -0.353551645531478 2.00061455252427)
(-0.192082621902807 -0.461026891164973 2.50237762972231)
(-0.00190423193600004 -0.499988752069389 2.50235417815859)
(-0.192110299034623 -0.461024192864095 3.00773451505957)
(-0.0019505813829728 -0.499988541249465 3.00765027941985)
(-0.461019818724836 -0.192076448645578 2.50234719883151)
(-0.499988556373193 -0.00190011025802109 2.50229850934533)
(-0.461028366396227 -0.192100451245369 3.0077031953637)
(-0.499988600520672 -0.00193878632352117 3.00759194030842)
(-0.353554390692158 -0.353552550976147 2.50236995371067)
(-0.353557226371403 -0.353549582214335 3.00775116237226)
(-0.192136826447969 -0.460994274417908 3.52172983932245)
(-0.00201059423444163 -0.499988058933329 3.52149800845816)
(-0.192092393782113 -0.460987777977011 4.05316912906513)
(-0.00197491084816044 -0.499986097603942 4.05262336349863)
(-0.461013315846142 -0.192113617138502 3.52169802781546)
(-0.499988256377087 -0.00197746063770351 3.52143938639191)
(-0.460991991348843 -0.192029826270727 4.05313915162536)
(-0.499985991904998 -0.00189649813399184 4.0525677345362)
(-0.353564971009775 -0.353541176686356 3.52179847236304)
(-0.353570509358667 -0.353529724717276 4.05333178665605)
(-0.191722136247121 -0.460989701726475 4.61431341441973)
(-0.00145080463415157 -0.499874913038659 4.61333314047454)
(-0.190019767206551 -0.458957734975016 5.21692420360756)
(0.000539719877983045 -0.497595193147584 5.21713445592613)
(-0.461028157494932 -0.191633430798589 4.61429271945452)
(-0.499875376497647 -0.00131707639805875 4.61329146573793)
(-0.45901534405401 -0.189919842787176 5.21692512823085)
(-0.497591437112697 0.000718698588867529 5.21712615517812)
(-0.353475455519918 -0.353422167806437 4.61458351729942)
(-0.351483329223928 -0.351419263226575 5.21603201069594)
(-0.176843213283672 -0.438488547017004 5.85845297804867)
(0.00711494259418275 -0.476061212901333 5.87190811453502)
(-0.0702998318001087 -0.308751741698083 6.5)
(0.0423870713098327 -0.301429033210347 6.5)
(-0.438513892772357 -0.176788471046046 5.8585110113433)
(-0.476036085561927 0.00726284631375502 5.87193678649971)
(-0.308717626761648 -0.0703031360008252 6.5)
(-0.301077258496442 0.0422268549588007 6.5)
(-0.334603889183091 -0.33456734347529 5.85485666340444)
(-0.310757079513806 -0.310758806737416 6.39169573480147)
(-2 -2 6.56865841894553)
(-1.04032860805913 -2 6.55640163653285)
(-2 -1.04033198911399 6.55640262301761)
(-0.561693301701968 -0.561989051300926 6.85249769491184)
(-0.530740425886612 -2 6.55833690135754)
(0.000442506105312161 -2 6.55921023375614)
(-0.195432439639209 -0.440162844931796 6.50291013787297)
(-0.0355154703797972 -0.547928763444284 6.69495695463013)
(-2 -0.530744006011434 6.5583380327936)
(-0.467430178514959 -0.195952178845881 6.50754648706509)
(-2 0.000441169455605694 6.55921052652727)
(-0.516671924863101 -0.0377734568300286 6.7019807698629)
(-0.310114094771529 -0.313246042671305 6.51185843061713)
(0.188933465506836 -0.462590468151185 0.500029982710323)
(0.188933395105089 -0.462591597551724 1.00004984285805)
(0.351539736944358 -0.35529594183446 0.500034670616743)
(0.460865845074946 -0.193550237585586 0.500033683105322)
(0.499989213474145 -0.00189407140574592 0.500029572503089)
(0.351538845268521 -0.355297562071171 1.00005323666989)
(0.460865037455319 -0.193552213792338 1.00005125112018)
(0.499989081974105 -0.00189575114009451 1.00004598887859)
(0.188931570097736 -0.462593737265703 1.50015974503468)
(0.188920513337982 -0.462595115332959 2.00062573848575)
(0.351536523086883 -0.355300335863797 1.5001589311826)
(0.460863684833404 -0.193555483001883 1.50015227595344)
(0.499989025209143 -0.00189843858944047 1.50014018817313)
(0.351527851820979 -0.355306828708859 2.00061119894328)
(0.46085995820421 -0.193564494965739 2.00059027083601)
(0.499989077964265 -0.00190601129317052 2.00056649105886)
(0.188891464891733 -0.462602174309576 2.50231437737679)
(0.188838406333667 -0.462631538365157 3.0075111996537)
(0.351505969311358 -0.355327732700743 2.50225706894422)
(0.460849365571351 -0.193590177984935 2.50219496043775)
(0.499989132954336 -0.00192699009122644 2.50213754387263)
(0.351459521448964 -0.355374021149701 3.0073381490215)
(0.460825919708817 -0.193645711781866 3.00716483828252)
(0.499989011087174 -0.0019755838704386 3.00702038043174)
(0.188758460270691 -0.462662460474125 3.52112170398345)
(0.188760442908912 -0.462662060628489 4.05171220293349)
(0.351391559880502 -0.355442966402355 3.52066669119747)
(0.460791762271051 -0.193726694255176 3.52023098207668)
(0.499988601904776 -0.00204299261346917 3.51989800378066)
(0.351382350022462 -0.355452422457469 4.05060024673535)
(0.460793601535294 -0.193718900271757 4.04959385558964)
(0.499986731708162 -0.0020152947486848 4.04893565234959)
(0.189230305414152 -0.462364280198644 4.61124295029173)
(0.190770560123609 -0.459253466863009 5.21215111180226)
(0.351734696428113 -0.354990175325239 4.60841796177043)
(0.460952805318143 -0.193149787764189 4.60597706025945)
(0.49991238025689 -0.00154017589669912 4.60498143281952)
(0.352353740606339 -0.351772173993628 5.20399716643733)
(0.460519471744403 -0.190568149867062 5.19604298556811)
(0.498477093156754 0.00031559777785184 5.19567425880573)
(0.187172316978443 -0.432352560145333 5.86432222196875)
(0.112595384827745 -0.29725845844587 6.5)
(0.342496392804421 -0.33643335293364 5.83149291627493)
(0.451427648843815 -0.184704506448307 5.81102735851726)
(0.488450086361822 0.0105814803629949 5.80278890987547)
(0.209893398021853 -0.238727953097212 6.5)
(0.430895431135821 -0.177561497730027 6.32726783981616)
(0.461486257452601 0.0285649524431142 6.32531960165247)
(0.531514060519422 -2 6.55833172364374)
(1.04084681666785 -2 6.55639578939601)
(0.275112863708786 -0.458251367877508 6.92619625504754)
(0.776195653161764 -0.66165672348264 6.91834068509847)
(2 -2 6.56865841894553)
(2 -1.04060847126003 6.55652782905273)
(0.287063089485061 -0.176549191277034 6.5)
(0.313043668558094 -0.0969883977317838 6.5)
(0.683820177384203 0.0233003814012286 6.61576637777781)
(2 -0.53105235097672 6.55850742647535)
(2 0.00033598317477751 6.55940763980753)
(-0.462585199117905 0.188932852492288 0.499959683748)
(-0.462589426224603 0.188934395980672 0.999977175575341)
(-0.3552937719966 0.351540253649799 0.499955787156968)
(-0.193549048943083 0.460866620824913 0.499957988988771)
(-0.00189318433294117 0.499989237111143 0.49996668297776)
(-0.355295552798487 0.351539239721686 0.999972496913718)
(-0.19355101392244 0.460865613836102 0.999974666791495)
(-0.00189506744490286 0.499989111088151 0.999983078912482)
(-0.462593508299912 0.188932129483567 1.50008568353306)
(-0.462596551630307 0.188921310298137 2.00055160453906)
(-0.355300010557652 0.351536852482532 1.50007755618265)
(-0.193555223407204 0.460863793816023 1.50007570929404)
(-0.00189855458122239 0.499989024571228 1.5000806866149)
(-0.355307507284535 0.351528803357637 2.0005299371567)
(-0.193564073046508 0.460860062374533 2.00051446357583)
(-0.00190545180097769 0.499989052059809 2.00050793292369)
(-0.462605452270975 0.188896927799954 2.50223995566301)
(-0.46262581733735 0.18885224692483 3.00743490054782)
(-0.355325491390329 0.351509903190035 2.50217579114252)
(-0.193584547639852 0.460851450476726 2.50211920743156)
(-0.00192052071806941 0.499989130120955 2.50207912326264)
(-0.35536025106582 0.351473384716651 3.00725511797269)
(-0.19362279307252 0.460835530120226 3.00708706653967)
(-0.00194588391401689 0.499989099247671 3.0069601157705)
(-0.462640760422675 0.18879780611217 3.52104300992338)
(-0.462620492763949 0.188857275175371 4.05163697742484)
(-0.355400438816028 0.35143275165894 3.52058011324535)
(-0.19365783326573 0.460820883541702 3.52014947261174)
(-0.00195350076990268 0.499988861583039 3.51983403581711)
(-0.355351784948495 0.351481964088012 4.0505140725871)
(-0.193551189377008 0.46086361810414 4.04950894463157)
(-0.00180198012532355 0.499987055071156 4.04886629239688)
(-0.46228982003677 0.189407954177673 4.61118439629804)
(-0.459140012764991 0.191017546126852 5.21211737613106)
(-0.354799250027174 0.351924230077244 4.60833964406196)
(-0.192815825086273 0.461089315055785 4.60588131296446)
(-0.0011041730198846 0.499910018119293 4.60488979363957)
(-0.351483797502323 0.352629497689847 5.20392877517695)
(-0.19003268590967 0.460716134759007 5.19591895317224)
(0.00108424573311344 0.498441836723236 5.19542510813131)
(-0.432161870428271 0.187384555373204 5.86444211711362)
(-0.297094374411619 0.11249890805367 6.5)
(-0.336070564918259 0.342771578928321 5.83144510839161)
(-0.184014704083086 0.451594885256224 5.81069214669078)
(0.0115389632013282 0.488163108706527 5.80262328355401)
(-0.237614981125622 0.209219395216812 6.5)
(-0.176628713858569 0.430752703618796 6.3274531114653)
(0.0294006823737122 0.460914412877938 6.32351793012215)
(-2 0.531516120225338 6.55833125049856)
(-0.457387678323746 0.274399214228703 6.92605201448516)
(-2 1.0408503302876 6.55639499911391)
(-0.660811646347145 0.775785906039677 6.91820023244198)
(-0.176218761947072 0.28687869052529 6.5)
(-0.0946468135197476 0.31133678279041 6.5)
(0.108592940611033 0.74532811927962 6.65157072001033)
(-2 2 6.56865841894553)
(-1.04060302393739 2 6.55652777962378)
(-0.53104118928622 2 6.55850751385506)
(0.000346537653510523 2 6.55940741627322)
(0.353553153107618 0.353553615994513 0.499997606770344)
(0.462145391436334 0.190315737798741 0.500016822956825)
(0.190316266642968 0.462145208139004 0.499980783368981)
(0.353552972217464 0.35355379687995 1.00001333213179)
(0.46214564322555 0.190315018377513 1.00002985734958)
(0.190315149202545 0.462145622434372 0.999996680740369)
(0.353552740566935 0.353554028467939 1.5001072914807)
(0.46214613467104 0.190313809598504 1.50012446177606)
(0.190313281338597 0.462146352181109 1.50009177460111)
(0.353553170576988 0.353553598034828 2.00052397105006)
(0.462147823327636 0.190309808987224 2.00054340717184)
(0.190310219443772 0.46214762005213 2.00051144235335)
(0.353556059096658 0.353550704757908 2.50206666388967)
(0.462153020085184 0.190297304968566 2.50209330870242)
(0.190304826796054 0.462149883648234 2.50206149468532)
(0.353565559469226 0.353541176337716 3.00687875468569)
(0.462165089929436 0.190267969575635 3.00692330994522)
(0.190299280901816 0.462152183253711 3.00689048199589)
(0.353590173993041 0.353516532484369 3.51962602470942)
(0.462183855930916 0.190222173197329 3.51970083456496)
(0.190316510720867 0.462144995529212 3.5196658362508)
(0.353641823697647 0.353463191051006 4.04857467190899)
(0.462181029724651 0.190225186313602 4.04864964621176)
(0.190448411761035 0.46208884994212 4.04861026854835)
(0.353669002401903 0.35328867848509 4.60541341062948)
(0.461982327367591 0.190468947368412 4.60520096939722)
(0.190939869813198 0.461785242253991 4.60514204215382)
(0.352137353045003 0.351484380380843 5.20330835985984)
(0.459948778730527 0.190417632023785 5.20075779106777)
(0.191243383895631 0.459570531473412 5.20062068118611)
(0.336204136400051 0.335711173109843 5.85538295594752)
(0.443400850849636 0.185014826939075 5.84231048161486)
(0.186728727723738 0.442460548507019 5.84076959500408)
(0.234251507611846 0.230472888830277 6.5)
(0.370162234428767 0.225760432432928 6.5)
(0.226200584565718 0.369829213405476 6.5)
(0.200909039242622 0.184998804560327 7)
(0.604639342325771 0.235972825769098 6.79997020206103)
(0.244840649662473 0.527767576681159 6.794254766444)
(0.61536955451371 0.609638920784324 6.89824050860564)
(2 0.531496958554836 6.55853090857309)
(2 1.04096550572544 6.55656824104014)
(0.531513251969992 2 6.55853046138691)
(1.04097707953401 2 6.55656758312801)
(2 2 6.56865841894553)
(-1.54087999001499 -2 -7)
(-1.30693664529343 -0.878461909137808 -6.88319920656581)
(-1.53044747109707 -2 -6.09521353105329)
(-2 -1.04351266926465 -6.09826550997965)
(-1.20160644150862 -0.414331181544722 -6.87451415938308)
(-1.2123235951671 0.0222918797352236 -6.9035967786064)
(-2 -0.531024371274386 -6.10153827906556)
(-2 0.000704059511885205 -6.10288109462055)
(-1.53302962663977 -2 -5.61582398071145)
(-2 -1.04715987901572 -5.61655800041174)
(-1.53458269317722 -2 -5.10725137513963)
(-2 -1.0496405832475 -5.11103333400043)
(-2 -0.533608541432837 -5.62023268021911)
(-2 0.000713162435701878 -5.62171645762812)
(-2 -0.535484073040666 -5.11424885569189)
(-2 0.000536871205871367 -5.11553869466605)
(-1.53552991494858 -2 -4.58852182583037)
(-2 -1.05105719494689 -4.58969485971541)
(-1.53626183907098 -2 -4.06047709788432)
(-2 -1.05213995532322 -4.06317334711937)
(-2 -0.53664283206308 -4.59193067084616)
(-2 0.000311127359543526 -4.59281371710885)
(-2 -0.537501385155534 -4.06447452424398)
(-2 0.000138007529135383 -4.06495430711747)
(-1.53681997925215 -2 -3.53761858613991)
(-2 -1.05304253013639 -3.53945239266913)
(-1.53731008205334 -2 -3.02030552478666)
(-2 -1.05378000353258 -3.02215622471766)
(-2 -0.538217497961361 -3.54020732685949)
(-2 4.68044178920062e-05 -3.54042425821104)
(-2 -0.53878420786432 -3.02261835345455)
(-2 1.06234703692767e-05 -3.02270958271738)
(-1.53763557475394 -2 -2.50991076411264)
(-2 -1.05428386217466 -2.51125214360853)
(-1.53783441737768 -2 -2.00430468332829)
(-2 -1.05458553520649 -2.00519223733204)
(-2 -0.539169756209334 -2.51158328369081)
(-2 9.3878110007972e-08 -2.511633914325)
(-2 -0.539397944400475 -2.00542596128693)
(-2 -2.08574165501413e-06 -2.00546503095592)
(-1.53794626222488 -2 -1.50169551740996)
(-2 -1.05474763779667 -1.50217487970645)
(-1.53800369641384 -2 -1.00059331083032)
(-2 -1.05482732753369 -1.00081705550607)
(-2 -0.539517926926964 -1.50232878751333)
(-2 -2.48992491322416e-06 -1.50235497156645)
(-2 -0.539575030014864 -1.00090351288796)
(-2 3.19904374754601e-07 -1.00092069411302)
(-1.53803002591828 -2 -0.500173658018201)
(-2 -1.05486220031548 -0.500252072645735)
(-1.53803747616091 -2 -2.38650337372452e-06)
(-2 -1.0548718532952 -8.21624209495929e-06)
(-2 -0.539599147117119 -0.500291258390128)
(-2 3.77171890925112e-07 -0.500299181906136)
(-2 -0.539605565669691 1.9327460353197e-07)
(-2 6.64818589071519e-07 3.86064682412694e-06)
(-1.27493750736359 0.447308032135403 -6.97732916510636)
(-1.35820542664359 0.932201759094501 -6.99395040551794)
(-2 0.532259940194957 -6.10150964435398)
(-2 1.04434030937255 -6.09822507506824)
(-1.54105198908618 2 -7)
(-1.530678100332 2 -6.09532164563284)
(-2 0.534859216199578 -5.62017769286037)
(-2 1.0479969935784 -5.61648244971945)
(-2 0.536420829236849 -5.11418693970909)
(-2 1.05026620319845 -5.11094898799684)
(-1.53323524151999 2 -5.61593679950365)
(-1.5347231418481 2 -5.10733137717733)
(-2 0.537182997181185 -4.59188270402287)
(-2 1.05141626779139 -4.5896303129322)
(-2 0.537743277577011 -4.06444735101115)
(-2 1.05229940817124 -4.06313737461466)
(-1.5356048449817 2 -4.58856877902136)
(-1.53629391085728 2 -4.06049713888635)
(-2 0.538300327069319 -3.54019563457024)
(-2 1.05309642124793 -3.53943723559899)
(-2 0.53880447275711 -3.02261438797753)
(-2 1.05379297955044 -3.02215116799186)
(-1.5368314387536 2 -3.5376255490321)
(-1.5373138512747 2 -3.02030766460406)
(-2 0.539172164142687 -2.51158210099602)
(-2 1.05428546533038 -2.5112506268782)
(-2 0.53939691675398 -2.00542562526745)
(-2 1.05458511749323 -2.00519178859187)
(-1.53763691271706 2 -2.50991163814566)
(-1.53783499096709 2 -2.00430523151835)
(-2 0.53951645259836 -1.502328921564)
(-2 1.05474707571311 -1.50217498475369)
(-2 0.539573413658398 -1.00090377041718)
(-2 1.05482670873631 -1.00081690077891)
(-1.53794656119799 2 -1.50169590573575)
(-1.53800382547694 2 -1.00059291957605)
(-2 0.53959740498919 -0.500290836208936)
(-2 1.05486136134282 -0.50025017861849)
(-2 0.539604065499605 4.26417030687088e-06)
(-2 1.05487092768793 1.13670669011784e-05)
(-1.53803012592384 2 -0.500171311428284)
(-1.53803760966038 2 3.97869704009452e-06)
(-1.5380302204312 -2 0.500172501780366)
(-2 -1.05486229851105 0.500252554869408)
(-1.53800396624852 -2 1.00059337162555)
(-2 -1.05482743711638 1.00081790907252)
(-2 -0.539598799789267 0.500294150589168)
(-2 -1.92860557509368e-06 0.500302713274691)
(-2 -0.539574427270587 1.00090504297934)
(-2 1.52014755906935e-06 1.00092193674081)
(-1.53794664852353 -2 1.50169583427032)
(-2 -1.05474760922362 1.50217527531431)
(-1.53783482800991 -2 2.0043048185848)
(-2 -1.05458539783732 2.0051919361376)
(-2 -0.539517361298545 1.50232913201703)
(-2 1.32257120393395e-06 1.5023550387537)
(-2 -0.539397599467802 2.0054256597768)
(-2 -1.6444363925425e-06 2.00546475776953)
(-1.53763597112504 -2 2.5099108425236)
(-2 -1.05428355189205 2.51125149432262)
(-1.53731042702983 -2 3.02030560727888)
(-2 -1.05377955947206 3.02215544557495)
(-2 -0.53916945268935 2.51158266350535)
(-2 2.94762720140435e-07 2.51163344975644)
(-2 -0.538783832082253 3.02261763067472)
(-2 1.08225010002794e-05 3.02270904647392)
(-1.5368203042473 -2 3.53761862967591)
(-2 -1.05304214029619 3.53945172036837)
(-1.53626223053983 -2 4.06047715083114)
(-2 -1.05213983345127 4.06317280236719)
(-2 -0.538217161969523 3.54020665496392)
(-2 4.69900427289589e-05 3.54042375624013)
(-2 -0.537501302604984 4.06447397392782)
(-2 0.0001380263079615 4.06495388433749)
(-1.535530451556 -2 4.58852169733188)
(-2 -1.05105754525626 4.58969439979388)
(-1.53458310791812 -2 5.10725059237243)
(-2 -1.04964153802405 5.11103286870396)
(-2 -0.536643198586244 4.59193019277696)
(-2 0.000310838842675456 4.59281333048798)
(-2 -0.535485004684578 5.11424834657212)
(-2 0.000536198635949633 5.1155382595625)
(-1.53302949604465 -2 5.61582259929073)
(-2 -1.04716134856812 5.6165575009376)
(-1.53044689119948 -2 6.09521246363943)
(-2 -1.04351421884291 6.09826505011882)
(-2 -0.533609939276092 5.62023209741594)
(-2 0.000712181554637603 5.62171593968328)
(-2 -0.531025822716827 6.10153770947951)
(-2 0.000703054854096016 6.10288057717203)
(-1.54087999001499 -2 7)
(-1.30691441768568 -0.878495247146135 6.88317473922416)
(-1.20159164233253 -0.414354783062602 6.87448595330593)
(-1.21234096438944 0.0222999959996766 6.90356341382661)
(-2 0.539597940649234 0.500294485528477)
(-2 1.05486149622444 0.500254350933687)
(-2 0.539574073808555 1.00090463452707)
(-2 1.05482677918492 1.00081787094669)
(-1.53803034919668 2 0.50017482014474)
(-1.53800400947865 2 1.00059382811019)
(-2 0.539516941574357 1.50232875536363)
(-2 1.05474703434301 1.50217481454761)
(-2 0.539397085657926 2.00542541011333)
(-2 1.05458502378963 2.00519163323956)
(-1.53794660630232 2 1.50169578508039)
(-1.53783499804148 2 2.00430503747718)
(-2 0.539172187642522 2.51158182234058)
(-2 1.05428538894385 2.5112504703689)
(-2 0.538804518199871 3.02261406824306)
(-2 1.05379295982268 3.02215100381346)
(-1.53763690722356 2 2.50991149195502)
(-1.53731384935239 2 3.0203075840017)
(-2 0.538300387803811 3.54019532995722)
(-2 1.05309642780993 3.53943707580635)
(-2 0.537743260402555 4.06444708234661)
(-2 1.05229939002872 4.06313722562521)
(-1.53683144665833 2 3.53762550506836)
(-1.53629392318376 2 4.0604971350306)
(-2 0.537182819821023 4.59188244169584)
(-2 1.05141618520966 4.589630157918)
(-2 0.536420449371161 5.11418662903741)
(-2 1.05026603726053 5.11094879752598)
(-1.53560486398434 2 4.588568792306)
(-1.53472317116346 2 5.10733144914226)
(-2 0.534858675374471 5.62017731503525)
(-2 1.04799676125204 5.61648221532512)
(-2 0.532259390842941 6.1015092647911)
(-2 1.04434007359732 6.09822483948453)
(-1.53323523369431 2 5.61593692682733)
(-1.53067816975484 2 6.09532178726288)
(-1.2749649668932 0.447328819727941 6.97728984022449)
(-1.35822534388523 0.932219305733462 6.99391349894537)
(-1.54105232694183 2 7)
(1.54087999001499 -2 -7)
(1.37606006867371 -0.905674125386876 -6.89025001375584)
(1.53083138521483 -2 -6.09518484198229)
(2 -1.0438566587259 -6.09847210578221)
(1.24894579065175 -0.430676463273974 -6.82730921909737)
(1.20826087070644 -0.00753489221359286 -6.82681762278713)
(2 -0.531295670291413 -6.10182359667893)
(2 0.00065199448960229 -6.10321472192961)
(1.53342128216705 -2 -5.6157807733047)
(2 -1.04745901616406 -5.61677380748975)
(1.53487712172189 -2 -5.10719337907479)
(2 -1.04984182785992 -5.11119859929436)
(2 -0.533828900141671 -5.62054055999291)
(2 0.000709721455539007 -5.62207766197736)
(2 -0.535629400701017 -5.11449267003756)
(2 0.00054292358450026 -5.11582616967169)
(1.53569972504311 -2 -4.58848051139153)
(2 -1.05116362716591 -4.58979067397622)
(1.53633706217832 -2 -4.06045355819609)
(2 -1.0521848649313 -4.06321568923855)
(2 -0.536720936773073 -4.59207749516911)
(2 0.000313291349026472 -4.59298824808868)
(2 -0.537536195623563 -4.06454222918831)
(2 0.000135284411840914 -4.0650358267504)
(1.53684546890598 -2 -3.53760926407313)
(2 -1.05305780623651 -3.53946596992429)
(1.5373164828428 -2 -3.02030280639629)
(2 -1.05378404807536 -3.02215855454337)
(2 -0.53823055429535 -3.54023058175004)
(2 4.3218945771488e-05 -3.54045301812038)
(2 -0.538788004955561 -3.02262345828765)
(2 8.81272042971699e-06 -3.02271654250697)
(1.53763676729532 -2 -2.50991023416533)
(2 -1.05428436519438 -2.51125148669769)
(1.53783469551977 -2 -2.00430466209061)
(2 -1.05458510835686 -2.00519144581837)
(2 -0.539169959553119 -2.51158319784352)
(2 3.01949721586054e-07 -2.51163441905114)
(2 -0.539396974825868 -2.0054252358721)
(2 1.88890313960324e-06 -2.00546446026023)
(1.53794647320724 -2 -1.50169565653437)
(2 -1.0547470849865 -1.5021747950567)
(1.5380038171647 -2 -1.0005929498746)
(2 -1.0548268607111 -1.00081748285217)
(2 -0.539516765111987 -1.50232875781066)
(2 -9.75625050453364e-07 -1.50235485540429)
(2 -0.539573893427375 -1.00090487673218)
(2 2.00443062410362e-06 -1.0009222182293)
(1.53803006163088 -2 -0.500171565715434)
(2 -1.05486159862626 -0.500252147303101)
(1.53803741252608 -2 8.67573101755189e-07)
(2 -1.05487106836603 8.63644018480612e-06)
(2 -0.539597847808995 -0.500294197201584)
(2 2.28653787622364e-06 -0.500303321255352)
(2 -0.539604097342737 -3.0015031512384e-07)
(2 -6.11836881146607e-07 -4.45951258647421e-06)
(1.21938077666073 0.415174373001279 -6.88482995449767)
(1.3344754449887 0.881900799500228 -6.91808166702083)
(2 0.532428782683529 -6.10184488648932)
(2 1.04459984116559 -6.09850206540767)
(1.54069669824614 2 -7)
(1.53102962132856 2 -6.09533888061244)
(2 0.535062753207363 -5.62053156969994)
(2 1.04827442819865 -5.6167628447625)
(2 0.536573136947052 -5.11446185431005)
(2 1.05046555210959 -5.11115788697159)
(1.53362062956095 2 -5.61593653306424)
(1.53501563721241 2 -5.10730251414647)
(2 0.537262800003269 -4.59204594582695)
(2 1.05151992294334 -4.58974908913618)
(2 0.537772187157769 -4.0645222029347)
(2 1.05233823363474 -4.0631895736331)
(1.53576975730169 2 -4.5885426735316)
(1.53636308132107 2 -4.06047981175193)
(2 0.538306534051428 -3.54022177300418)
(2 1.05310604119437 -3.53945471443751)
(2 0.538804687079294 -3.02262080979949)
(2 1.05379398686962 -3.02215526874552)
(1.53685192753157 2 -3.53761813700819)
(1.53731705303941 2 -3.02030524007591)
(2 0.539172317378112 -2.51158270154627)
(2 1.0542853633798 -2.51125091511408)
(2 0.539397764188364 -2.00542514089099)
(2 1.054585379814 -2.00519135635126)
(1.53763633187043 2 -2.50991095184989)
(1.53783433147588 2 -2.00430496788846)
(2 0.539517575948351 -1.50232867136998)
(2 1.0547476092425 -1.50217469514403)
(2 0.539574777270236 -1.00090482220402)
(2 1.0548274861839 -1.00081739588151)
(1.53794620931794 2 -1.50169582859492)
(1.538003682447 2 -1.00059349305644)
(2 0.539599049178639 -0.500294181644017)
(2 1.05486226813072 -0.50025207943391)
(2 0.539605488319494 -2.66971191466856e-07)
(2 1.05487165369762 8.72105393665437e-06)
(1.53803004422143 2 -0.50017354086439)
(1.53803732520627 2 6.39253290435617e-07)
(1.53803001961519 -2 0.500174622570597)
(2 -1.05486153927196 0.500252527242798)
(1.53800358411446 -2 1.00059381445413)
(2 -1.05482698897598 1.00081748542694)
(2 -0.539597593702051 0.500291341655739)
(2 2.38756252532625e-06 0.500298818069222)
(2 -0.539573881430037 1.00090385433246)
(2 1.95963980069056e-06 1.00092076392096)
(1.53794605879557 -2 1.50169585946609)
(2 -1.05474766666115 1.50217513567989)
(1.5378342525439 -2 2.0043049787277)
(2 -1.05458593682668 2.00519223658066)
(2 -0.539517390356376 1.50232918680396)
(2 1.33350141369221e-06 1.50235541372942)
(2 -0.53939809544873 2.00542625282541)
(2 7.03902455135922e-07 2.00546563026493)
(1.53763635654899 -2 2.50991060778312)
(2 -1.05428513661594 2.51125236886549)
(1.53731614937783 -2 3.02030314502333)
(2 -1.05378456622161 3.02215931733422)
(2 -0.539171108426168 2.51158428723487)
(2 1.49991898705222e-06 2.51163558995386)
(2 -0.538788772435166 3.0226243754612)
(2 7.95416532672074e-06 3.02271747590028)
(1.53684522226047 -2 3.53760952968705)
(2 -1.05305813545841 3.53946655783483)
(1.53633690842563 -2 4.06045389358389)
(2 -1.05218526132995 4.06321622827748)
(2 -0.538230972295044 3.54023128326742)
(2 4.28067495433513e-05 3.54045371479859)
(2 -0.537536609606577 4.06454286930518)
(2 0.000134970918987628 4.06503647798331)
(1.53569978782802 -2 4.58848099745885)
(2 -1.05116422879488 4.58979105771147)
(1.53487782610983 -2 5.10719352926009)
(2 -1.04984245938831 5.11119825150037)
(2 -0.536721527080515 4.59207808797332)
(2 0.000312839185504334 4.59298904310339)
(2 -0.535630253253235 5.11449273428586)
(2 0.000542352596858045 5.11582685660786)
(1.53342306048729 -2 5.61578017523158)
(2 -1.04745944157721 5.6167727634087)
(1.53083363646059 -2 6.09518413757963)
(2 -1.04385664417094 6.09847122321867)
(2 -0.533830069726522 5.62053981438143)
(2 0.000709143330900071 5.62207773051398)
(2 -0.531296740064881 6.10182255277861)
(2 0.000651701834669108 6.10321418003723)
(1.54087999001499 -2 7)
(1.37608478762405 -0.905655800439762 6.89025008260183)
(1.24909072224054 -0.430678474155908 6.82734085703084)
(1.20822530455528 -0.00753294115979622 6.82680624324724)
(2 0.539598717294516 0.500291426905062)
(2 1.05486184170989 0.5002526529345)
(2 0.539574312180617 1.00090398313654)
(2 1.0548268160511 1.00081766038223)
(1.53802989224354 2 0.500172556284306)
(1.53800362781792 2 1.00059313820692)
(2 0.539516846081396 1.50232933378372)
(2 1.05474686217179 1.5021753314656)
(2 0.539396645191611 2.00542633587521)
(2 1.05458454254022 2.00519234829843)
(1.53794621256832 2 1.50169560927188)
(1.5378343044835 2 2.0043048052369)
(2 0.53917121010357 2.51158384037472)
(2 1.05428465152286 2.51125184796424)
(2 0.53880397984825 3.02262168125023)
(2 1.05379356099641 3.02215598501694)
(1.53763629882226 2 2.50991083369784)
(1.5373170252768 2 3.02030516754688)
(2 0.538306220059253 3.54022240555608)
(2 1.05310585617198 3.53945522303598)
(2 0.537772003171899 4.06452282403813)
(2 1.05233813332459 4.06319009505548)
(1.53685190732173 2 3.5376180997221)
(1.53636306912213 2 4.06047979819211)
(2 0.537262537056911 4.59204671308426)
(2 1.05151982700992 4.58974971227525)
(2 0.536573174519761 5.11446234274011)
(2 1.0504660265843 5.1111578999878)
(1.53576975604904 2 4.58854268174581)
(1.53501564911477 2 5.10730254680088)
(2 0.535063902760792 5.62053107044647)
(2 1.04827639958232 5.61676157911407)
(2 0.532430719512427 6.10184379266049)
(2 1.04460263171738 6.09850044306032)
(1.53362064509703 2 5.615936588484)
(1.53102961157929 2 6.09533894111866)
(1.21937486208108 0.415132367469465 6.88481807893443)
(1.33443969678327 0.881826949729436 6.91807817886352)
(1.54069633823602 2 7)
(-2 -1.54087999001499 -7)
(-0.878477920136597 -1.3069476421989 -6.88317584623445)
(-2 -1.53044901163944 -6.09521327000882)
(-1.04350877436853 -2 -6.09826592053415)
(-0.414292758656935 -1.2016882434311 -6.87450656907517)
(0.0223980601332108 -1.21250992519288 -6.90363358716301)
(-0.531019651397332 -2 -6.10153829842873)
(0.00070463560604554 -2 -6.10288082703485)
(-2 -1.53303189265881 -5.61582356031603)
(-1.04715519573886 -2 -5.6165584226698)
(-2 -1.53458511947108 -5.10725150534096)
(-1.04963643398204 -2 -5.11103275131174)
(-0.533603194810383 -2 -5.62023215188618)
(0.000717331671074924 -2 -5.62171493735654)
(-0.535479829851358 -2 -5.11424733815365)
(0.000538691663792432 -2 -5.11553617807888)
(-2 -1.53553189585288 -4.58852254434108)
(-1.05105801134546 -2 -4.58970262324418)
(-2 -1.53626315460879 -4.06047786332675)
(-1.05213803791957 -2 -4.06317183197329)
(-0.53664028480858 -2 -4.59192871491156)
(0.000312094358478465 -2 -4.59281134712226)
(-0.537500008835815 -2 -4.06447278045685)
(0.000138284573093942 -2 -4.06495259699662)
(-2 -1.53682082339483 -3.53761934465188)
(-1.05304127432527 -2 -3.53945099842804)
(-2 -1.53731065748596 -3.02030630396271)
(-1.05377902788591 -2 -3.02215486284458)
(-0.53821652242762 -2 -3.54020582346726)
(4.71622714764455e-05 -2 -3.54042296963391)
(-0.538783142649266 -2 -3.02261696574192)
(1.14812737851328e-05 -2 -3.02270846937585)
(-2 -1.53763598035456 -2.50991146891509)
(-1.05428304834404 -2 -2.51125094857955)
(-2 -1.53783469142947 -2.00430518590493)
(-1.05458493082117 -2 -2.00519140732113)
(-0.539168620697906 -2 -2.51158210691606)
(1.2653615093717e-06 -2 -2.51163297604192)
(-0.539397003116522 -2 -2.00542516407258)
(-1.0228868117815e-06 -2 -2.00546439123482)
(-2 -1.53794644800836 -1.50169576818289)
(-1.05474721876902 -2 -1.50217447843785)
(-2 -1.53800385688764 -1.00059334966262)
(-1.05482696685849 -2 -1.00081702607519)
(-0.539517258558288 -2 -1.50232845006506)
(-1.71087041903055e-06 -2 -1.50235471925957)
(-0.539574463550702 -2 -1.00090357993978)
(-2.02821060078238e-06 -2 -1.00092081996612)
(-2 -1.53803020521939 -0.500173565798538)
(-1.05486180281457 -2 -0.500252282533983)
(-2 -1.53803766344922 -2.24338222981419e-06)
(-1.0548714388962 -2 -8.51595337829735e-06)
(-0.539598526100467 -2 -0.50029160392793)
(-1.97687819596216e-06 -2 -0.50029957349857)
(-0.539604923577386 -2 -2.42330682175102e-07)
(1.40100072918139e-06 -2 3.40067133307418e-06)
(0.447490307183489 -1.27518942796971 -6.97736976708379)
(0.932408013678833 -1.3584787021529 -6.99398759498647)
(0.532253657188021 -2 -6.10151066543058)
(1.0443312682257 -2 -6.09822725441605)
(2 -1.54106284701036 -7)
(2 -1.53068059302695 -6.09532247056695)
(0.53485478467732 -2 -5.62017729262369)
(1.0479899335963 -2 -5.6164839265017)
(0.536419276015505 -2 -5.11418494916788)
(1.05026305135202 -2 -5.11094870027133)
(2 -1.53323583324113 -5.6159378163903)
(2 -1.53472234295922 -5.10733161395113)
(0.53718248625845 -2 -4.59188050563539)
(1.05141898923029 -2 -4.58963823985533)
(0.53774286485949 -2 -4.06444579400097)
(1.05229892306459 -2 -4.0631362197624)
(2 -1.5356035334657 -4.58856827630646)
(2 -1.53629271248768 -4.06049647998697)
(0.538300265127501 -2 -3.5401946290432)
(1.05309624671885 -2 -3.53943646847556)
(0.538804923889704 -2 -3.02261357460998)
(1.05379309713843 -2 -3.02215056426735)
(2 -1.536830485561 -3.53762485124222)
(2 -1.53731311755077 -3.02030691609815)
(0.539172950113485 -2 -2.51158138910652)
(1.05428578978564 -2 -2.51125007355812)
(0.539397691570004 -2 -2.00542510470734)
(1.05458549409918 -2 -2.00519134952081)
(2 -1.53763635755607 -2.5099109241355)
(2 -1.53783458111094 -2.00430469039592)
(0.539517071398835 -2 -1.50232869088337)
(1.05474743490224 -2 -1.50217475109231)
(0.539573988624359 -2 -1.00090384799512)
(1.05482708458719 -2 -1.00081688007924)
(2 -1.53794627062808 -1.5016956846669)
(2 -1.53800363522642 -1.00059321044879)
(0.539598034740422 -2 -0.500291127237161)
(1.05486177188462 -2 -0.500250306076158)
(0.539604681823671 -2 3.92869683723028e-06)
(1.05487131140327 -2 1.12066816441631e-05)
(2 -1.53802999195737 -0.500172323001977)
(2 -1.53803735396583 -1.99191267555894e-07)
(-2 1.54087999001499 -7)
(-0.905229779856082 1.3758112958914 -6.89022590531008)
(-2 1.53083723739861 -6.09518321466138)
(-1.04385312544983 2 -6.09847075419871)
(-0.430067255079555 1.248262974428 -6.82709856805852)
(-0.00631804430764176 1.20701150924486 -6.82630115905623)
(-0.531290787442512 2 -6.10182247214677)
(0.000661459193000361 2 -6.1032139973802)
(-2 1.53342583409971 -5.61577925814355)
(-1.04745844579153 2 -5.61677244095538)
(-2 1.53487938970691 -5.1071928284743)
(-1.0498429746524 2 -5.11119849199466)
(-0.53382750879689 2 -5.62053994126084)
(0.000712540160623504 2 -5.6220781000861)
(-0.535629790995244 2 -5.11449330482194)
(0.000545090809378314 2 -5.11582779956843)
(-2 1.53570049844668 -4.58848081579809)
(-1.05116537979842 2 -4.58979182944768)
(-2 1.53633733316989 -4.06045406810018)
(-1.05218658103674 2 -4.06321699335371)
(-0.536721904422918 2 -4.59207891057736)
(0.000313948643152972 2 -4.59299004707939)
(-0.537537342387364 2 -4.06454368443437)
(0.000135217792136989 2 -4.06503722560398)
(-2 1.53684557025909 -3.53760968554479)
(-1.05305928930687 2 -3.53946724930866)
(-2 1.53731647742826 -3.02030315419819)
(-1.053785354182 2 -3.02215986845124)
(-0.538231867312656 2 -3.54023193632151)
(4.2473067406524e-05 2 -3.54045415377043)
(-0.53878958333569 2 -3.02262480181599)
(7.35215473687051e-06 2 -3.0227176109772)
(-2 1.53763667637525 -2.50991056466549)
(-1.05428553727224 2 -2.51125271770489)
(-2 1.53783456397341 -2.00430492351728)
(-1.05458608677318 2 -2.00519234760608)
(-0.539171737877762 2 -2.51158443366439)
(-1.66486871854831e-06 2 -2.51163541992513)
(-0.539398645958564 2 -2.00542612675643)
(-2.80935790294972e-06 2 -2.00546519900937)
(-2 1.53794631741109 -1.50169581439524)
(-1.05474780305527 2 -1.50217508919596)
(-2 1.53800364087444 -1.00059299850648)
(-1.05482730717223 2 -1.00081658013029)
(-0.539518045315245 2 -1.50232890164997)
(3.22984326136219e-07 2 -1.50235488798051)
(-0.539574790574084 2 -1.00090326863658)
(7.34240863361327e-07 2 -1.00092064251365)
(-2 1.53802987115166 -0.500171539079176)
(-1.05486198804363 2 -0.500249455292828)
(-2 1.53803724322373 9.13482983663062e-07)
(-1.05487162278194 2 1.2229912912729e-05)
(-0.539598612028224 2 -0.500289976221933)
(-1.91158992319493e-06 2 -0.500299601402839)
(-0.539604973587444 2 5.16088011708252e-06)
(-1.62813055839292e-06 2 3.03426529444061e-06)
(0.416704960466826 1.21828812242585 -6.88462381058932)
(0.883255980963857 1.33335075044429 -6.91808126587273)
(0.53244398032856 2 -6.10184313799486)
(1.04461531860107 2 -6.09849942173919)
(2 1.54068512832693 -7)
(2 1.53102044346377 -6.09534071065101)
(0.53507325556935 2 -5.62053112842452)
(1.04828579226749 2 -5.61676082134048)
(0.536578112402394 2 -5.11446311318057)
(1.05047110146495 2 -5.11115767750614)
(2 1.53361389078585 -5.61593826146014)
(2 1.53501216174189 -5.10730331298763)
(0.537264695440637 2 -4.59204764808348)
(1.05152195439042 2 -4.58975011028155)
(0.53777276768179 2 -4.06452348381813)
(1.05233883446455 2 -4.06319052821656)
(2 1.53576849711007 -4.5885425405744)
(2 1.5363627510384 -4.06047940269815)
(0.538306250369383 2 -3.54022264897846)
(1.05310597682966 2 -3.53945539194947)
(0.538803740749332 2 -3.02262158389367)
(1.05379356280472 2 -3.02215585610081)
(2 1.53685194247393 -3.53761775925621)
(2 1.53731720016713 -3.02030489601559)
(0.539170923825274 2 -2.51158346486018)
(1.05428472769284 2 -2.51125150832498)
(0.53939628403039 2 -2.00542575300004)
(1.05458466216625 2 -2.00519187257075)
(2 1.53763654048065 -2.50991059367864)
(2 1.53783457418706 -2.00430465865031)
(0.539516292192632 2 -1.50232875402808)
(1.05474688606836 2 -1.50217490591911)
(0.539573592886281 2 -1.0009041493216)
(1.05482677155655 2 -1.00081763423022)
(2 1.53794650649988 -1.50169563429429)
(2 1.53800395089591 -1.00059313729444)
(0.53959799095727 2 -0.500293089475308)
(1.05486163590844 2 -0.500253244499414)
(0.539604686504018 2 -2.33084680302749e-06)
(1.05487119850993 2 6.80026200932252e-06)
(2 1.53803026255938 -0.500172253559697)
(2 1.53803751479255 -1.29110741646501e-07)
(-2 -1.53803035942722 0.500172643216257)
(-1.05486198315315 -2 0.500252277847077)
(-2 -1.53800400248625 1.0005935071969)
(-1.05482733428725 -2 1.00081767760188)
(-0.539598309323396 -2 0.500293796324179)
(-1.38074434594924e-06 -2 0.500302386093532)
(-0.539574252818054 -2 1.00090483050056)
(1.70472769167058e-06 -2 1.00092182854377)
(-2 -1.53794656648188 1.50169599739718)
(-1.0547477526855 -2 1.5021750282067)
(-2 -1.53783465717761 2.00430503577919)
(-1.05458574534219 -2 2.00519165068163)
(-0.539517553122301 -2 1.50232899508063)
(1.09519209599305e-06 -2 1.5023550879685)
(-0.539398107111068 -2 2.00542549465658)
(-2.23537221425011e-06 -2 2.00546483890592)
(-2 -1.53763578561594 2.50991110136251)
(-1.05428398110099 -2 2.51125114394951)
(-2 -1.53731036531276 3.02030585178661)
(-1.05377985238084 -2 3.02215502915299)
(-0.539170152571332 -2 2.51158240988492)
(-5.6356229908149e-07 -2 2.51163345960127)
(-0.538784530557191 -2 3.02261725709655)
(9.80489032078468e-06 -2 3.0227089041966)
(-2 -1.53682056008016 3.53761892019522)
(-1.05304196498663 -2 3.53945113462149)
(-2 -1.53626305986613 4.06047753363314)
(-1.05213874889107 -2 4.06317197441686)
(-0.538217570235218 -2 3.54020608370943)
(4.59730775297777e-05 -2 3.54042334556338)
(-0.537500872927815 -2 4.06447305756853)
(0.000137477553755494 -2 4.06495303303362)
(-2 -1.53553211124044 4.58852226061091)
(-1.05105876567117 -2 4.58970245112036)
(-2 -1.53458573527001 5.10725123368687)
(-1.04963701226555 -2 5.11103152083796)
(-0.536640932769579 -2 4.59192884259953)
(0.000311702830527974 -2 4.59281191718583)
(-0.535480204846867 -2 5.11424664551126)
(0.000538934195407473 -2 5.11553651544586)
(-2 -1.53303281067187 5.61582330498475)
(-1.04715540774714 -2 5.61655612611945)
(-2 -1.53045003409984 6.09521303079865)
(-1.04350857254527 -2 6.09826370508543)
(-0.533603465562546 -2 5.62023032448495)
(0.000718161006096575 -2 5.62171450128536)
(-0.531019848255483 -2 6.10153609809676)
(0.000705726209666467 -2 6.10287974715347)
(-2 -1.54087999001499 7)
(-0.878442455737918 -1.30696875098354 6.88319972009358)
(-0.414264378940942 -1.20171018662996 6.87453006665368)
(0.0224002631276317 -1.21251699524764 6.90363936908802)
(0.539598372419241 -2 0.500294284693833)
(1.0548617401746 -2 0.500254278676528)
(0.539574184188251 -2 1.00090465204682)
(1.05482680375831 -2 1.00081794575712)
(2 -1.53803002216708 0.500173912248589)
(2 -1.53800384501523 1.00059362765874)
(0.539516702001596 -2 1.50232894573349)
(1.05474683106544 -2 1.50217501049797)
(0.539396540676542 -2 2.00542566060334)
(1.05458462741965 -2 2.00519187754507)
(2 -1.53794659184511 1.50169590092163)
(2 -1.53783498094888 2.0043051326994)
(0.539171401502701 -2 2.51158202482459)
(1.0542848415463 -2 2.5112506861552)
(0.538803550099469 -2 3.02261412244365)
(1.05379229855019 -2 3.02215110154903)
(2 -1.53763670965634 2.50991141671884)
(2 -1.53731336177119 3.02030734847096)
(0.538299303838577 -2 3.54019508356934)
(1.05309567367213 -2 3.53943690776499)
(0.537742279358796 -2 4.06444635258985)
(1.05229858298842 -2 4.06313676103342)
(2 -1.53683066397914 3.53762518090737)
(2 -1.53629294910678 4.06049679368169)
(0.537182347745413 -2 4.59188128232615)
(1.05141901444097 -2 4.58963896563734)
(0.536420160478538 -2 5.114185482053)
(1.05026417088124 -2 5.11094892760557)
(2 -1.53560393029712 4.58856850869946)
(2 -1.53472264055849 5.10733141785973)
(0.534857351702848 -2 5.62017684603136)
(1.04799296508121 -2 5.61648295443409)
(0.53225698142231 -2 6.10150962411708)
(1.04433509349784 -2 6.0982259368101)
(2 -1.53323558220874 5.61593726117369)
(2 -1.53067988015548 6.09532227505847)
(0.447482590224493 -1.27518994435131 6.97736885866748)
(0.932399977956651 -1.35847947611211 6.99398715286924)
(2 -1.54106226124574 7)
(-2 1.53802992374268 0.500174631427109)
(-1.0548622146151 2 0.500254988861568)
(-2 1.53800359429272 1.00059375730784)
(-1.05482750904687 2 1.00081814766343)
(-0.539598625727964 2 0.500295179556947)
(1.35956714126591e-06 2 0.500302088525916)
(-0.539574874379753 2 1.00090494952025)
(8.37381839878844e-07 2 1.00092166176383)
(-2 1.53794617532723 1.50169574641549)
(-1.05474789311478 2 1.50217492095389)
(-2 1.53783445575231 2.00430484177043)
(-1.0545861132617 2 2.00519200330589)
(-0.539518157612776 2 1.50232878637073)
(2.49354600188241e-07 2 1.50235482952505)
(-0.539398699232102 2 2.00542571085166)
(-2.87450588428817e-06 2 2.00546478471649)
(-2 1.53763661519228 2.50991049420098)
(-1.05428554012992 2 2.51125244416132)
(-2 1.53731645608999 3.02030308625875)
(-1.05378536020388 2 3.02215970584342)
(-0.539171762803967 2 2.51158408018485)
(-1.71503036460479e-06 2 2.51163505094756)
(-0.53878960567276 2 3.02262458581049)
(7.3103954792267e-06 2 3.02271738183875)
(-2 1.53684556673048 3.53760961828723)
(-1.05305930642727 2 3.53946716639201)
(-2 1.53633732525099 4.06045400235642)
(-1.0521866087846 2 4.06321696215504)
(-0.538231895865373 2 3.54023182429168)
(4.2434574439816e-05 2 3.5404540346066)
(-0.537537377335967 2 4.06454364017886)
(0.000135182990003729 2 4.06503717918271)
(-2 1.535700472021 4.58848074423739)
(-1.05116541576037 2 4.58979184973701)
(-2 1.53487933838679 5.1071927396045)
(-1.0498430206039 2 5.11119858412503)
(-0.536721944102014 2 4.59207892638663)
(0.000313920872000711 2 4.59299006144291)
(-0.535629838800753 2 5.11449339077061)
(0.000545067638226006 2 5.11582787745379)
(-2 1.53342576383727 5.61577914644047)
(-1.04745851586826 2 5.61677260789404)
(-2 1.5308371654685 6.09518310457912)
(-1.04385325117838 2 6.09847094093297)
(-0.533827584995405 2 5.62054008953759)
(0.000712497584869066 2 5.6220782283909)
(-0.531290934951939 2 6.10182263162231)
(0.000661340937086612 2 6.10321413171659)
(-2 1.54087999001499 7)
(-0.905259613282659 1.37579499949807 6.8902287269457)
(-0.430084300964677 1.24812772331196 6.82707148995403)
(-0.00635835659345378 1.2070476027322 6.82631946608083)
(0.539598119773139 2 0.500292108906794)
(1.05486159365314 2 0.500251185372156)
(0.539573746621499 2 1.00090399766577)
(1.05482674244665 2 1.00081693154979)
(2 1.53803001401456 0.5001740034963)
(2 1.53800360428667 1.00059374678411)
(0.539516287320779 2 1.50232862670567)
(1.05474690344002 2 1.5021746554451)
(0.53939622695653 2 2.00542538439725)
(1.05458461850463 2 2.00519158419304)
(2 1.53794606095418 1.50169603270824)
(2 1.53783416143568 2.00430521888357)
(0.539170860649914 2 2.51158314352843)
(1.05428467124472 2 2.51125127820882)
(0.538803688270114 2 3.02262138367373)
(1.05379351561324 2 3.02215571358424)
(2 1.5376362260173 2.50991112314512)
(2 1.53731702000076 3.02030530832742)
(0.538306208546264 2 3.54022254525558)
(1.05310594152094 2 3.53945531842373)
(0.537772737805423 2 4.06452344488134)
(1.0523388122207 2 4.06319050129423)
(2 1.53685186371512 3.53761804504547)
(2 1.53636269810203 4.06047970953706)
(0.53726468273988 2 4.59204766386412)
(1.05152195026132 2 4.58975012429547)
(0.536578117260381 2 5.11446318568149)
(1.05047111788162 2 5.11115773607748)
(2 1.53576848344027 4.58854293522423)
(2 1.53501252806804 5.10730330060208)
(0.535073253836453 2 5.6205312461694)
(1.04828581113794 2 5.61676091777721)
(0.532443908753655 2 6.10184326252041)
(1.04461528732485 2 6.09849952679168)
(2 1.53361511727246 5.61593742602948)
(2 1.53102215794685 6.09533977473281)
(0.416674570984603 1.21824369983975 6.88462426653963)
(0.883236212388755 1.33326182199263 6.91807411310211)
(2 1.54068575250235 7)
(-1.52997359548923 -2 -6.55597122520018)
(-2 -1.52997421551467 -6.55597131048073)
(-1.42497731935758 -1.42496560845106 -6.97749725067109)
(-2 -2 -7)
(-1.04017437267788 -2 -7)
(-2 -1.04017437267788 -7)
(-2 -2 -6.09222182981669)
(-0.540879990014999 -2 -7)
(-9.2148511043888e-15 -2 -7)
(-2 -0.540879990014999 -7)
(-2 -9.2148511043888e-15 -7)
(-2 -2 -5.63522137756033)
(-2 -2 -5.10090252048266)
(-2 -2 -4.594801396337)
(-2 -2 -4.0530998472949)
(-2 -2 -3.53402705240925)
(-2 -2 -3.01477252178974)
(-2 -2 -2.50638425846372)
(-2 -2 -2.00201293417453)
(-2 -2 -1.50060757294633)
(-2 -2 -1.00011515240831)
(-2 -2 -0.500011929169661)
(-2 -2 -3.32511795875234e-14)
(0.540879990014983 -2 -7)
(1.04017437267786 -2 -7)
(1.53021137066591 -2 -6.55596815678081)
(2 -1.53017365968441 -6.55604294936971)
(1.45881088156479 -1.44594819157995 -6.99091071151615)
(2 -2 -7)
(2 -1.04021185120971 -7)
(2 -2 -6.09222182981669)
(2 -0.541332646069959 -7)
(2 -5.395981192724e-05 -7)
(2 -2 -5.63522137756033)
(2 -2 -5.10090252048266)
(2 -2 -4.594801396337)
(2 -2 -4.0530998472949)
(2 -2 -3.53402705240925)
(2 -2 -3.01477252178974)
(2 -2 -2.50638425846372)
(2 -2 -2.00201293417453)
(2 -2 -1.50060757294633)
(2 -2 -1.00011515240831)
(2 -2 -0.500011929169662)
(2 -2 -3.26405569239796e-14)
(-2 0.540879990014983 -7)
(-2 1.04017437267786 -7)
(-1.53016874366555 2 -6.55604254985511)
(-2 1.53021519752926 -6.55596748417025)
(-1.44576361556558 1.45867600222806 -6.99089453931965)
(-2 2 -7)
(-1.04020962622524 2 -7)
(-2 2 -6.09222182981669)
(-0.541305768257633 2 -7)
(-5.07558342997538e-05 2 -7)
(-2 2 -5.63522137756033)
(-2 2 -5.10090252048266)
(-2 2 -4.594801396337)
(-2 2 -4.0530998472949)
(-2 2 -3.53402705240925)
(-2 2 -3.01477252178974)
(-2 2 -2.50638425846372)
(-2 2 -2.00201293417453)
(-2 2 -1.50060757294633)
(-2 2 -1.00011515240831)
(-2 2 -0.500011929169662)
(-2 2 -3.26405569239796e-14)
(2 0.540415329267331 -7)
(2 1.04013091149182 -7)
(0.540442919074686 2 -7)
(1.0401334924738 2 -7)
(1.53029180748268 2 -6.55606709266152)
(2 1.53028273449997 -6.55606775653097)
(1.4322637882414 1.43167377543463 -6.98819825115727)
(2 2 -7)
(2 2 -6.09222182981669)
(2 2 -5.63522137756033)
(2 2 -5.10090252048266)
(2 2 -4.594801396337)
(2 2 -4.0530998472949)
(2 2 -3.53402705240925)
(2 2 -3.01477252178974)
(2 2 -2.50638425846372)
(2 2 -2.00201293417453)
(2 2 -1.50060757294633)
(2 2 -1.00011515240831)
(2 2 -0.500011929169662)
(2 2 -3.26405569239796e-14)
(-2 -2 0.500011929169597)
(-2 -2 1.00011515240824)
(-2 -2 1.50060757294626)
(-2 -2 2.00201293417446)
(-2 -2 2.50638425846366)
(-2 -2 3.01477252178968)
(-2 -2 3.53402705240919)
(-2 -2 4.05309984729485)
(-2 -2 4.59480139633695)
(-2 -2 5.10090252048262)
(-2 -2 5.6352213775603)
(-2 -2 6.09222182981666)
(-1.52997296867469 -2 6.55597078238342)
(-2 -1.52997487515079 6.55597118287452)
(-1.42495608374224 -1.42498603293369 6.97749722138774)
(-2 -2 7)
(-1.04017437267788 -2 7)
(-2 -1.04017437267788 7)
(-0.540879990014999 -2 7)
(-1.09356967925578e-14 -2 7)
(-2 -0.540879990014999 7)
(-2 -1.09356967925578e-14 7)
(2 -2 0.500011929169597)
(2 -2 1.00011515240825)
(2 -2 1.50060757294626)
(2 -2 2.00201293417446)
(2 -2 2.50638425846366)
(2 -2 3.01477252178968)
(2 -2 3.53402705240919)
(2 -2 4.05309984729485)
(2 -2 4.59480139633695)
(2 -2 5.10090252048262)
(2 -2 5.6352213775603)
(2 -2 6.09222182981666)
(0.540879990014983 -2 7)
(1.04017437267786 -2 7)
(1.53021269802193 -2 6.55596797024331)
(2 -1.5301727989623 6.55604306992405)
(1.45880597494558 -1.44594866717901 6.99091087955231)
(2 -2 7)
(2 -1.04021173117597 7)
(2 -0.541331196062441 7)
(2 -5.37869633498445e-05 7)
(-2 2 0.500011929169597)
(-2 2 1.00011515240825)
(-2 2 1.50060757294626)
(-2 2 2.00201293417446)
(-2 2 2.50638425846366)
(-2 2 3.01477252178968)
(-2 2 3.53402705240919)
(-2 2 4.05309984729485)
(-2 2 4.59480139633696)
(-2 2 5.10090252048262)
(-2 2 5.6352213775603)
(-2 2 6.09222182981666)
(-2 0.540879990014983 7)
(-2 1.04017437267786 7)
(-1.53016887926581 2 6.55604264694801)
(-2 1.53021515162257 6.55596741269889)
(-1.44576760657748 1.45868453127261 6.99089088695717)
(-2 2 7)
(-1.04020969545796 2 7)
(-0.541306604588833 2 7)
(-5.08555294104207e-05 2 7)
(2 2 0.500011929169597)
(2 2 1.00011515240825)
(2 2 1.50060757294626)
(2 2 2.00201293417446)
(2 2 2.50638425846366)
(2 2 3.01477252178968)
(2 2 3.53402705240919)
(2 2 4.05309984729485)
(2 2 4.59480139633695)
(2 2 5.10090252048262)
(2 2 5.6352213775603)
(2 2 6.09222182981666)
(2 0.540416817685645 7)
(2 1.04013105073095 7)
(0.540442060589017 2 7)
(1.04013341216385 2 7)
(1.53029170646561 2 6.55606713010039)
(2 1.53028388773065 6.55606741737185)
(1.43225280444341 1.43163724726195 6.98819669035339)
(2 2 7)
)


// ************************************************************************* //
