FoamFile
{
    version     2.0;
    format      ascii;
    class       faceList;
    location    "constant/polyMesh";
    object      faces;
}
// * * * * * * * * * * * * * * * * * * * * * * * * * * * * * * * * * //

5724
(
4(1 12 133 122)
4(11 132 133 12)
4(121 122 133 132)
4(2 13 134 123)
4(12 133 134 13)
4(122 123 134 133)
4(3 14 135 124)
4(13 134 135 14)
4(123 124 135 134)
4(4 15 136 125)
4(14 135 136 15)
4(124 125 136 135)
4(5 16 137 126)
4(15 136 137 16)
4(125 126 137 136)
4(12 23 144 133)
4(22 143 144 23)
4(132 133 144 143)
4(23 34 155 144)
4(33 154 155 34)
4(143 144 155 154)
4(34 45 166 155)
4(44 165 166 45)
4(154 155 166 165)
4(45 56 177 166)
4(55 176 177 56)
4(165 166 177 176)
4(13 24 145 134)
4(23 144 145 24)
4(133 134 145 144)
4(14 25 146 135)
4(24 145 146 25)
4(134 135 146 145)
4(24 35 156 145)
4(34 155 156 35)
4(144 145 156 155)
4(25 36 157 146)
4(35 156 157 36)
4(145 146 157 156)
4(15 26 147 136)
4(25 146 147 26)
4(135 136 147 146)
4(16 27 148 137)
4(26 147 148 27)
4(136 137 148 147)
4(26 37 158 147)
4(36 157 158 37)
4(146 147 158 157)
4(27 38 159 148)
4(37 158 159 38)
4(147 148 159 158)
4(35 46 167 156)
4(45 166 167 46)
4(155 156 167 166)
4(36 47 168 157)
4(46 167 168 47)
4(156 157 168 167)
4(46 57 178 167)
4(56 177 178 57)
4(166 167 178 177)
4(47 58 179 168)
4(57 178 179 58)
4(167 168 179 178)
4(37 48 169 158)
4(47 168 169 48)
4(157 158 169 168)
4(38 49 170 159)
4(48 169 170 49)
4(158 159 170 169)
4(48 59 180 169)
4(58 179 180 59)
4(168 169 180 179)
4(49 60 181 170)
4(59 180 181 60)
4(169 170 181 180)
4(122 133 254 243)
4(132 253 254 133)
4(242 243 254 253)
4(243 254 375 364)
4(253 374 375 254)
4(363 364 375 374)
4(364 375 471 460)
4(374 470 471 375)
4(459 460 471 470)
4(460 471 567 556)
4(470 566 567 471)
4(555 556 567 566)
4(123 134 255 244)
4(133 254 255 134)
4(243 244 255 254)
4(124 135 256 245)
4(134 255 256 135)
4(244 245 256 255)
4(244 255 376 365)
4(254 375 376 255)
4(364 365 376 375)
4(245 256 377 366)
4(255 376 377 256)
4(365 366 377 376)
4(125 136 257 246)
4(135 256 257 136)
4(245 246 257 256)
4(126 137 258 247)
4(136 257 258 137)
4(246 247 258 257)
4(246 257 378 367)
4(256 377 378 257)
4(366 367 378 377)
4(247 258 379 368)
4(257 378 379 258)
4(367 368 379 378)
4(365 376 472 461)
4(375 471 472 376)
4(460 461 472 471)
4(366 377 473 462)
4(376 472 473 377)
4(461 462 473 472)
4(461 472 568 557)
4(471 567 568 472)
4(556 557 568 567)
4(462 473 569 558)
4(472 568 569 473)
4(557 558 569 568)
4(367 378 474 463)
4(377 473 474 378)
4(462 463 474 473)
4(368 379 475 464)
4(378 474 475 379)
4(463 464 475 474)
4(463 474 570 559)
4(473 569 570 474)
4(558 559 570 569)
4(464 475 571 560)
4(474 570 571 475)
4(559 560 571 570)
4(133 144 265 254)
4(143 264 265 144)
4(253 254 265 264)
4(144 155 276 265)
4(154 275 276 155)
4(264 265 276 275)
4(254 265 386 375)
4(264 385 386 265)
4(374 375 386 385)
4(265 276 397 386)
4(275 396 397 276)
4(385 386 397 396)
4(155 166 287 276)
4(165 286 287 166)
4(275 276 287 286)
4(166 177 298 287)
4(176 297 298 177)
4(286 287 298 297)
4(276 287 403 397)
4(286 402 403 287)
4(396 397 403 402)
4(287 298 409 403)
4(297 408 409 298)
4(402 403 409 408)
4(375 386 482 471)
4(385 481 482 386)
4(470 471 482 481)
4(386 397 493 482)
4(396 492 493 397)
4(481 482 493 492)
4(471 482 578 567)
4(481 577 578 482)
4(566 567 578 577)
4(482 493 589 578)
4(492 588 589 493)
4(577 578 589 588)
4(397 403 499 493)
4(402 498 499 403)
4(492 493 499 498)
4(403 409 505 499)
4(408 504 505 409)
4(498 499 505 504)
4(493 499 595 589)
4(498 594 595 499)
4(588 589 595 594)
4(499 505 601 595)
4(504 600 601 505)
4(594 595 601 600)
4(134 145 266 255)
4(144 265 266 145)
4(254 255 266 265)
4(135 146 267 256)
4(145 266 267 146)
4(255 256 267 266)
4(145 156 277 266)
4(155 276 277 156)
4(265 266 277 276)
4(146 157 278 267)
4(156 277 278 157)
4(255 266 387 376)
4(265 386 387 266)
4(375 376 387 386)
4(256 267 388 377)
4(376 377 388 387)
4(276 397 398 277)
4(386 387 398 397)
4(136 147 268 257)
4(146 267 268 147)
4(256 257 268 267)
4(137 148 269 258)
4(147 268 269 148)
4(257 258 269 268)
4(147 158 279 268)
4(157 278 279 158)
4(148 159 280 269)
4(158 279 280 159)
4(257 268 389 378)
4(377 378 389 388)
4(258 269 390 379)
4(378 379 390 389)
4(156 167 288 277)
4(166 287 288 167)
4(276 277 288 287)
4(157 168 289 278)
4(167 288 289 168)
4(167 178 299 288)
4(177 298 299 178)
4(287 288 299 298)
4(168 179 300 289)
4(178 299 300 179)
4(287 403 404 288)
4(397 398 404 403)
4(298 409 410 299)
4(403 404 410 409)
4(158 169 290 279)
4(168 289 290 169)
4(159 170 291 280)
4(169 290 291 170)
4(169 180 301 290)
4(179 300 301 180)
4(170 181 302 291)
4(180 301 302 181)
4(376 387 483 472)
4(386 482 483 387)
4(471 472 483 482)
4(377 388 484 473)
4(472 473 484 483)
4(397 493 494 398)
4(482 483 494 493)
4(472 483 579 568)
4(482 578 579 483)
4(567 568 579 578)
4(473 484 580 569)
4(568 569 580 579)
4(493 589 590 494)
4(578 579 590 589)
4(378 389 485 474)
4(473 474 485 484)
4(379 390 486 475)
4(474 475 486 485)
4(474 485 581 570)
4(569 570 581 580)
4(475 486 582 571)
4(570 571 582 581)
4(403 499 500 404)
4(493 494 500 499)
4(409 505 506 410)
4(499 500 506 505)
4(499 595 596 500)
4(589 590 596 595)
4(505 601 602 506)
4(595 596 602 601)
4(6 17 138 127)
4(16 137 138 17)
4(126 127 138 137)
4(7 18 139 128)
4(17 138 139 18)
4(127 128 139 138)
4(8 19 140 129)
4(18 139 140 19)
4(128 129 140 139)
4(9 20 141 130)
4(19 140 141 20)
4(129 130 141 140)
4(20 141 142 21)
4(130 131 142 141)
4(17 28 149 138)
4(27 148 149 28)
4(137 138 149 148)
4(18 29 150 139)
4(28 149 150 29)
4(138 139 150 149)
4(28 39 160 149)
4(38 159 160 39)
4(148 149 160 159)
4(29 40 161 150)
4(39 160 161 40)
4(149 150 161 160)
4(19 30 151 140)
4(29 150 151 30)
4(139 140 151 150)
4(20 31 152 141)
4(30 151 152 31)
4(140 141 152 151)
4(30 41 162 151)
4(40 161 162 41)
4(150 151 162 161)
4(31 42 163 152)
4(41 162 163 42)
4(151 152 163 162)
4(39 50 171 160)
4(49 170 171 50)
4(159 160 171 170)
4(40 51 172 161)
4(50 171 172 51)
4(160 161 172 171)
4(50 61 182 171)
4(60 181 182 61)
4(170 171 182 181)
4(51 62 183 172)
4(61 182 183 62)
4(171 172 183 182)
4(41 52 173 162)
4(51 172 173 52)
4(161 162 173 172)
4(42 53 174 163)
4(52 173 174 53)
4(162 163 174 173)
4(52 63 184 173)
4(62 183 184 63)
4(172 173 184 183)
4(53 64 185 174)
4(63 184 185 64)
4(173 174 185 184)
4(31 152 153 32)
4(141 142 153 152)
4(42 163 164 43)
4(152 153 164 163)
4(53 174 175 54)
4(163 164 175 174)
4(64 185 186 65)
4(174 175 186 185)
4(127 138 259 248)
4(137 258 259 138)
4(247 248 259 258)
4(128 139 260 249)
4(138 259 260 139)
4(248 249 260 259)
4(248 259 380 369)
4(258 379 380 259)
4(368 369 380 379)
4(249 260 381 370)
4(259 380 381 260)
4(369 370 381 380)
4(129 140 261 250)
4(139 260 261 140)
4(249 250 261 260)
4(130 141 262 251)
4(140 261 262 141)
4(250 251 262 261)
4(250 261 382 371)
4(260 381 382 261)
4(370 371 382 381)
4(251 262 383 372)
4(261 382 383 262)
4(371 372 383 382)
4(369 380 476 465)
4(379 475 476 380)
4(464 465 476 475)
4(370 381 477 466)
4(380 476 477 381)
4(465 466 477 476)
4(465 476 572 561)
4(475 571 572 476)
4(560 561 572 571)
4(466 477 573 562)
4(476 572 573 477)
4(561 562 573 572)
4(371 382 478 467)
4(381 477 478 382)
4(466 467 478 477)
4(372 383 479 468)
4(382 478 479 383)
4(467 468 479 478)
4(467 478 574 563)
4(477 573 574 478)
4(562 563 574 573)
4(468 479 575 564)
4(478 574 575 479)
4(563 564 575 574)
4(141 262 263 142)
4(251 252 263 262)
4(262 383 384 263)
4(372 373 384 383)
4(383 479 480 384)
4(468 469 480 479)
4(479 575 576 480)
4(564 565 576 575)
4(138 149 270 259)
4(148 269 270 149)
4(258 259 270 269)
4(139 150 271 260)
4(149 270 271 150)
4(259 260 271 270)
4(149 160 281 270)
4(159 280 281 160)
4(150 161 282 271)
4(160 281 282 161)
4(259 270 391 380)
4(379 380 391 390)
4(260 271 392 381)
4(380 381 392 391)
4(140 151 272 261)
4(150 271 272 151)
4(260 261 272 271)
4(141 152 273 262)
4(151 272 273 152)
4(261 262 273 272)
4(151 162 283 272)
4(161 282 283 162)
4(152 163 284 273)
4(162 283 284 163)
4(272 273 284 283)
4(261 272 393 382)
4(381 382 393 392)
4(262 273 394 383)
4(272 393 394 273)
4(382 383 394 393)
4(273 284 400 394)
4(283 399 400 284)
4(393 394 400 399)
4(160 171 292 281)
4(170 291 292 171)
4(161 172 293 282)
4(171 292 293 172)
4(171 182 303 292)
4(181 302 303 182)
4(172 183 304 293)
4(182 303 304 183)
4(162 173 294 283)
4(172 293 294 173)
4(163 174 295 284)
4(173 294 295 174)
4(283 284 295 294)
4(173 184 305 294)
4(183 304 305 184)
4(174 185 306 295)
4(184 305 306 185)
4(294 295 306 305)
4(284 295 406 400)
4(294 405 406 295)
4(399 400 406 405)
4(295 306 412 406)
4(305 411 412 306)
4(405 406 412 411)
4(380 391 487 476)
4(475 476 487 486)
4(381 392 488 477)
4(476 477 488 487)
4(476 487 583 572)
4(571 572 583 582)
4(477 488 584 573)
4(572 573 584 583)
4(382 393 489 478)
4(477 478 489 488)
4(383 394 490 479)
4(393 489 490 394)
4(478 479 490 489)
4(394 400 496 490)
4(399 495 496 400)
4(489 490 496 495)
4(478 489 585 574)
4(573 574 585 584)
4(479 490 586 575)
4(489 585 586 490)
4(574 575 586 585)
4(490 496 592 586)
4(495 591 592 496)
4(585 586 592 591)
4(400 406 502 496)
4(405 501 502 406)
4(495 496 502 501)
4(406 412 508 502)
4(411 507 508 412)
4(501 502 508 507)
4(496 502 598 592)
4(501 597 598 502)
4(591 592 598 597)
4(502 508 604 598)
4(507 603 604 508)
4(597 598 604 603)
4(152 273 274 153)
4(262 263 274 273)
4(163 284 285 164)
4(273 274 285 284)
4(273 394 395 274)
4(383 384 395 394)
4(284 400 401 285)
4(394 395 401 400)
4(174 295 296 175)
4(284 285 296 295)
4(185 306 307 186)
4(295 296 307 306)
4(295 406 407 296)
4(400 401 407 406)
4(306 412 413 307)
4(406 407 413 412)
4(394 490 491 395)
4(479 480 491 490)
4(400 496 497 401)
4(490 491 497 496)
4(490 586 587 491)
4(575 576 587 586)
4(496 592 593 497)
4(586 587 593 592)
4(406 502 503 407)
4(496 497 503 502)
4(412 508 509 413)
4(502 503 509 508)
4(502 598 599 503)
4(592 593 599 598)
4(508 604 605 509)
4(598 599 605 604)
4(56 67 188 177)
4(66 187 188 67)
4(176 177 188 187)
4(67 78 199 188)
4(77 198 199 78)
4(187 188 199 198)
4(78 89 210 199)
4(88 209 210 89)
4(198 199 210 209)
4(89 100 221 210)
4(99 220 221 100)
4(209 210 221 220)
4(57 68 189 178)
4(67 188 189 68)
4(177 178 189 188)
4(58 69 190 179)
4(68 189 190 69)
4(178 179 190 189)
4(68 79 200 189)
4(78 199 200 79)
4(188 189 200 199)
4(69 80 201 190)
4(79 200 201 80)
4(189 190 201 200)
4(59 70 191 180)
4(69 190 191 70)
4(179 180 191 190)
4(60 71 192 181)
4(70 191 192 71)
4(180 181 192 191)
4(70 81 202 191)
4(80 201 202 81)
4(190 191 202 201)
4(71 82 203 192)
4(81 202 203 82)
4(191 192 203 202)
4(79 90 211 200)
4(89 210 211 90)
4(199 200 211 210)
4(80 91 212 201)
4(90 211 212 91)
4(200 201 212 211)
4(90 101 222 211)
4(100 221 222 101)
4(210 211 222 221)
4(91 102 223 212)
4(101 222 223 102)
4(211 212 223 222)
4(81 92 213 202)
4(91 212 213 92)
4(201 202 213 212)
4(82 93 214 203)
4(92 213 214 93)
4(202 203 214 213)
4(92 103 224 213)
4(102 223 224 103)
4(212 213 224 223)
4(93 104 225 214)
4(103 224 225 104)
4(213 214 225 224)
4(100 111 232 221)
4(220 221 232 231)
4(101 112 233 222)
4(221 222 233 232)
4(102 113 234 223)
4(222 223 234 233)
4(103 114 235 224)
4(223 224 235 234)
4(104 115 236 225)
4(224 225 236 235)
4(177 188 309 298)
4(187 308 309 188)
4(297 298 309 308)
4(188 199 320 309)
4(198 319 320 199)
4(308 309 320 319)
4(298 309 415 409)
4(308 414 415 309)
4(408 409 415 414)
4(309 320 421 415)
4(319 420 421 320)
4(414 415 421 420)
4(199 210 331 320)
4(209 330 331 210)
4(319 320 331 330)
4(210 221 342 331)
4(220 341 342 221)
4(330 331 342 341)
4(320 331 427 421)
4(330 426 427 331)
4(420 421 427 426)
4(331 342 438 427)
4(341 437 438 342)
4(426 427 438 437)
4(409 415 511 505)
4(414 510 511 415)
4(504 505 511 510)
4(415 421 517 511)
4(420 516 517 421)
4(510 511 517 516)
4(505 511 607 601)
4(510 606 607 511)
4(600 601 607 606)
4(511 517 613 607)
4(516 612 613 517)
4(606 607 613 612)
4(421 427 523 517)
4(426 522 523 427)
4(516 517 523 522)
4(427 438 534 523)
4(437 533 534 438)
4(522 523 534 533)
4(517 523 619 613)
4(522 618 619 523)
4(612 613 619 618)
4(523 534 630 619)
4(533 629 630 534)
4(618 619 630 629)
4(178 189 310 299)
4(188 309 310 189)
4(298 299 310 309)
4(179 190 311 300)
4(189 310 311 190)
4(189 200 321 310)
4(199 320 321 200)
4(309 310 321 320)
4(190 201 322 311)
4(200 321 322 201)
4(309 415 416 310)
4(409 410 416 415)
4(320 421 422 321)
4(415 416 422 421)
4(180 191 312 301)
4(190 311 312 191)
4(181 192 313 302)
4(191 312 313 192)
4(191 202 323 312)
4(201 322 323 202)
4(192 203 324 313)
4(202 323 324 203)
4(200 211 332 321)
4(210 331 332 211)
4(320 321 332 331)
4(201 212 333 322)
4(211 332 333 212)
4(211 222 343 332)
4(221 342 343 222)
4(331 332 343 342)
4(212 223 344 333)
4(222 343 344 223)
4(332 333 344 343)
4(331 427 428 332)
4(421 422 428 427)
4(332 343 439 428)
4(342 438 439 343)
4(427 428 439 438)
4(333 344 440 429)
4(343 439 440 344)
4(428 429 440 439)
4(202 213 334 323)
4(212 333 334 213)
4(203 214 335 324)
4(213 334 335 214)
4(213 224 345 334)
4(223 344 345 224)
4(333 334 345 344)
4(214 225 346 335)
4(224 345 346 225)
4(334 335 346 345)
4(334 345 441 430)
4(344 440 441 345)
4(429 430 441 440)
4(335 346 442 431)
4(345 441 442 346)
4(430 431 442 441)
4(415 511 512 416)
4(505 506 512 511)
4(421 517 518 422)
4(511 512 518 517)
4(511 607 608 512)
4(601 602 608 607)
4(517 613 614 518)
4(607 608 614 613)
4(427 523 524 428)
4(517 518 524 523)
4(428 439 535 524)
4(438 534 535 439)
4(523 524 535 534)
4(429 440 536 525)
4(439 535 536 440)
4(524 525 536 535)
4(523 619 620 524)
4(613 614 620 619)
4(524 535 631 620)
4(534 630 631 535)
4(619 620 631 630)
4(525 536 632 621)
4(535 631 632 536)
4(620 621 632 631)
4(430 441 537 526)
4(440 536 537 441)
4(525 526 537 536)
4(431 442 538 527)
4(441 537 538 442)
4(526 527 538 537)
4(526 537 633 622)
4(536 632 633 537)
4(621 622 633 632)
4(527 538 634 623)
4(537 633 634 538)
4(622 623 634 633)
4(221 232 353 342)
4(341 342 353 352)
4(342 353 449 438)
4(437 438 449 448)
4(438 449 545 534)
4(533 534 545 544)
4(534 545 641 630)
4(629 630 641 640)
4(222 233 354 343)
4(342 343 354 353)
4(223 234 355 344)
4(343 344 355 354)
4(343 354 450 439)
4(438 439 450 449)
4(344 355 451 440)
4(439 440 451 450)
4(224 235 356 345)
4(344 345 356 355)
4(225 236 357 346)
4(345 346 357 356)
4(345 356 452 441)
4(440 441 452 451)
4(346 357 453 442)
4(441 442 453 452)
4(439 450 546 535)
4(534 535 546 545)
4(440 451 547 536)
4(535 536 547 546)
4(535 546 642 631)
4(630 631 642 641)
4(536 547 643 632)
4(631 632 643 642)
4(441 452 548 537)
4(536 537 548 547)
4(442 453 549 538)
4(537 538 549 548)
4(537 548 644 633)
4(632 633 644 643)
4(538 549 645 634)
4(633 634 645 644)
4(61 72 193 182)
4(71 192 193 72)
4(181 182 193 192)
4(62 73 194 183)
4(72 193 194 73)
4(182 183 194 193)
4(72 83 204 193)
4(82 203 204 83)
4(192 193 204 203)
4(73 84 205 194)
4(83 204 205 84)
4(193 194 205 204)
4(63 74 195 184)
4(73 194 195 74)
4(183 184 195 194)
4(64 75 196 185)
4(74 195 196 75)
4(184 185 196 195)
4(74 85 206 195)
4(84 205 206 85)
4(194 195 206 205)
4(75 86 207 196)
4(85 206 207 86)
4(195 196 207 206)
4(83 94 215 204)
4(93 214 215 94)
4(203 204 215 214)
4(84 95 216 205)
4(94 215 216 95)
4(204 205 216 215)
4(94 105 226 215)
4(104 225 226 105)
4(214 215 226 225)
4(95 106 227 216)
4(105 226 227 106)
4(215 216 227 226)
4(85 96 217 206)
4(95 216 217 96)
4(205 206 217 216)
4(86 97 218 207)
4(96 217 218 97)
4(206 207 218 217)
4(96 107 228 217)
4(106 227 228 107)
4(216 217 228 227)
4(97 108 229 218)
4(107 228 229 108)
4(217 218 229 228)
4(75 196 197 76)
4(185 186 197 196)
4(86 207 208 87)
4(196 197 208 207)
4(97 218 219 98)
4(207 208 219 218)
4(108 229 230 109)
4(218 219 230 229)
4(105 116 237 226)
4(225 226 237 236)
4(106 117 238 227)
4(226 227 238 237)
4(107 118 239 228)
4(227 228 239 238)
4(108 119 240 229)
4(228 229 240 239)
4(229 230 241 240)
4(182 193 314 303)
4(192 313 314 193)
4(183 194 315 304)
4(193 314 315 194)
4(193 204 325 314)
4(203 324 325 204)
4(194 205 326 315)
4(204 325 326 205)
4(184 195 316 305)
4(194 315 316 195)
4(185 196 317 306)
4(195 316 317 196)
4(305 306 317 316)
4(195 206 327 316)
4(205 326 327 206)
4(196 207 328 317)
4(206 327 328 207)
4(316 317 328 327)
4(306 317 418 412)
4(316 417 418 317)
4(411 412 418 417)
4(317 328 424 418)
4(327 423 424 328)
4(417 418 424 423)
4(204 215 336 325)
4(214 335 336 215)
4(205 216 337 326)
4(215 336 337 216)
4(215 226 347 336)
4(225 346 347 226)
4(335 336 347 346)
4(216 227 348 337)
4(226 347 348 227)
4(336 337 348 347)
4(336 347 443 432)
4(346 442 443 347)
4(431 432 443 442)
4(337 348 444 433)
4(347 443 444 348)
4(432 433 444 443)
4(206 217 338 327)
4(216 337 338 217)
4(207 218 339 328)
4(217 338 339 218)
4(327 328 339 338)
4(217 228 349 338)
4(227 348 349 228)
4(337 338 349 348)
4(218 229 350 339)
4(228 349 350 229)
4(338 339 350 349)
4(328 339 435 424)
4(338 434 435 339)
4(423 424 435 434)
4(338 349 445 434)
4(348 444 445 349)
4(433 434 445 444)
4(339 350 446 435)
4(349 445 446 350)
4(434 435 446 445)
4(412 418 514 508)
4(417 513 514 418)
4(507 508 514 513)
4(418 424 520 514)
4(423 519 520 424)
4(513 514 520 519)
4(508 514 610 604)
4(513 609 610 514)
4(603 604 610 609)
4(514 520 616 610)
4(519 615 616 520)
4(609 610 616 615)
4(432 443 539 528)
4(442 538 539 443)
4(527 528 539 538)
4(433 444 540 529)
4(443 539 540 444)
4(528 529 540 539)
4(528 539 635 624)
4(538 634 635 539)
4(623 624 635 634)
4(529 540 636 625)
4(539 635 636 540)
4(624 625 636 635)
4(424 435 531 520)
4(434 530 531 435)
4(519 520 531 530)
4(434 445 541 530)
4(444 540 541 445)
4(529 530 541 540)
4(435 446 542 531)
4(445 541 542 446)
4(530 531 542 541)
4(520 531 627 616)
4(530 626 627 531)
4(615 616 627 626)
4(530 541 637 626)
4(540 636 637 541)
4(625 626 637 636)
4(531 542 638 627)
4(541 637 638 542)
4(626 627 638 637)
4(196 317 318 197)
4(306 307 318 317)
4(207 328 329 208)
4(317 318 329 328)
4(317 418 419 318)
4(412 413 419 418)
4(328 424 425 329)
4(418 419 425 424)
4(218 339 340 219)
4(328 329 340 339)
4(229 350 351 230)
4(339 340 351 350)
4(339 435 436 340)
4(424 425 436 435)
4(350 446 447 351)
4(435 436 447 446)
4(418 514 515 419)
4(508 509 515 514)
4(424 520 521 425)
4(514 515 521 520)
4(514 610 611 515)
4(604 605 611 610)
4(520 616 617 521)
4(610 611 617 616)
4(435 531 532 436)
4(520 521 532 531)
4(446 542 543 447)
4(531 532 543 542)
4(531 627 628 532)
4(616 617 628 627)
4(542 638 639 543)
4(627 628 639 638)
4(226 237 358 347)
4(346 347 358 357)
4(227 238 359 348)
4(347 348 359 358)
4(347 358 454 443)
4(442 443 454 453)
4(348 359 455 444)
4(443 444 455 454)
4(228 239 360 349)
4(348 349 360 359)
4(229 240 361 350)
4(349 350 361 360)
4(349 360 456 445)
4(444 445 456 455)
4(350 361 457 446)
4(445 446 457 456)
4(443 454 550 539)
4(538 539 550 549)
4(444 455 551 540)
4(539 540 551 550)
4(539 550 646 635)
4(634 635 646 645)
4(540 551 647 636)
4(635 636 647 646)
4(445 456 552 541)
4(540 541 552 551)
4(446 457 553 542)
4(541 542 553 552)
4(541 552 648 637)
4(636 637 648 647)
4(542 553 649 638)
4(637 638 649 648)
4(350 351 362 361)
4(446 447 458 457)
4(542 543 554 553)
4(638 639 650 649)
4(556 567 663 652)
4(566 662 663 567)
4(651 652 663 662)
4(652 663 759 748)
4(662 758 759 663)
4(747 748 759 758)
4(748 759 855 844)
4(758 854 855 759)
4(843 844 855 854)
4(844 855 976 965)
4(854 975 976 855)
4(964 965 976 975)
4(557 568 664 653)
4(567 663 664 568)
4(652 653 664 663)
4(558 569 665 654)
4(568 664 665 569)
4(653 654 665 664)
4(653 664 760 749)
4(663 759 760 664)
4(748 749 760 759)
4(654 665 761 750)
4(664 760 761 665)
4(749 750 761 760)
4(559 570 666 655)
4(569 665 666 570)
4(654 655 666 665)
4(560 571 667 656)
4(570 666 667 571)
4(655 656 667 666)
4(655 666 762 751)
4(665 761 762 666)
4(750 751 762 761)
4(656 667 763 752)
4(666 762 763 667)
4(751 752 763 762)
4(749 760 856 845)
4(759 855 856 760)
4(844 845 856 855)
4(750 761 857 846)
4(760 856 857 761)
4(845 846 857 856)
4(845 856 977 966)
4(855 976 977 856)
4(965 966 977 976)
4(846 857 978 967)
4(856 977 978 857)
4(966 967 978 977)
4(751 762 858 847)
4(761 857 858 762)
4(846 847 858 857)
4(752 763 859 848)
4(762 858 859 763)
4(847 848 859 858)
4(847 858 979 968)
4(857 978 979 858)
4(967 968 979 978)
4(848 859 980 969)
4(858 979 980 859)
4(968 969 980 979)
4(567 578 674 663)
4(577 673 674 578)
4(662 663 674 673)
4(578 589 685 674)
4(588 684 685 589)
4(673 674 685 684)
4(663 674 770 759)
4(673 769 770 674)
4(758 759 770 769)
4(674 685 781 770)
4(684 780 781 685)
4(769 770 781 780)
4(589 595 691 685)
4(594 690 691 595)
4(684 685 691 690)
4(595 601 697 691)
4(600 696 697 601)
4(690 691 697 696)
4(685 691 787 781)
4(690 786 787 691)
4(780 781 787 786)
4(691 697 793 787)
4(696 792 793 697)
4(786 787 793 792)
4(759 770 866 855)
4(769 865 866 770)
4(854 855 866 865)
4(770 781 877 866)
4(780 876 877 781)
4(865 866 877 876)
4(855 866 987 976)
4(865 986 987 866)
4(975 976 987 986)
4(866 877 998 987)
4(876 997 998 877)
4(986 987 998 997)
4(781 787 888 877)
4(786 887 888 787)
4(876 877 888 887)
4(787 793 899 888)
4(792 898 899 793)
4(887 888 899 898)
4(877 888 1009 998)
4(887 1008 1009 888)
4(997 998 1009 1008)
4(888 899 1020 1009)
4(898 1019 1020 899)
4(1008 1009 1020 1019)
4(568 579 675 664)
4(578 674 675 579)
4(663 664 675 674)
4(569 580 676 665)
4(664 665 676 675)
4(589 685 686 590)
4(674 675 686 685)
4(664 675 771 760)
4(674 770 771 675)
4(759 760 771 770)
4(665 676 772 761)
4(760 761 772 771)
4(685 781 782 686)
4(770 771 782 781)
4(570 581 677 666)
4(665 666 677 676)
4(571 582 678 667)
4(666 667 678 677)
4(666 677 773 762)
4(761 762 773 772)
4(667 678 774 763)
4(762 763 774 773)
4(595 691 692 596)
4(685 686 692 691)
4(601 697 698 602)
4(691 692 698 697)
4(691 787 788 692)
4(781 782 788 787)
4(697 793 794 698)
4(787 788 794 793)
4(760 771 867 856)
4(770 866 867 771)
4(855 856 867 866)
4(761 772 868 857)
4(856 857 868 867)
4(781 877 878 782)
4(866 867 878 877)
4(856 867 988 977)
4(866 987 988 867)
4(976 977 988 987)
4(857 868 989 978)
4(867 988 989 868)
4(977 978 989 988)
4(867 878 999 988)
4(877 998 999 878)
4(987 988 999 998)
4(868 879 1000 989)
4(878 999 1000 879)
4(988 989 1000 999)
4(762 773 869 858)
4(857 858 869 868)
4(763 774 870 859)
4(858 859 870 869)
4(858 869 990 979)
4(868 989 990 869)
4(978 979 990 989)
4(859 870 991 980)
4(869 990 991 870)
4(979 980 991 990)
4(869 880 1001 990)
4(879 1000 1001 880)
4(989 990 1001 1000)
4(870 881 1002 991)
4(880 1001 1002 881)
4(990 991 1002 1001)
4(787 888 889 788)
4(877 878 889 888)
4(793 899 900 794)
4(888 889 900 899)
4(878 889 1010 999)
4(888 1009 1010 889)
4(998 999 1010 1009)
4(879 890 1011 1000)
4(889 1010 1011 890)
4(999 1000 1011 1010)
4(889 900 1021 1010)
4(899 1020 1021 900)
4(1009 1010 1021 1020)
4(890 901 1022 1011)
4(900 1021 1022 901)
4(1010 1011 1022 1021)
4(880 891 1012 1001)
4(890 1011 1012 891)
4(1000 1001 1012 1011)
4(881 892 1013 1002)
4(891 1012 1013 892)
4(1001 1002 1013 1012)
4(891 902 1023 1012)
4(901 1022 1023 902)
4(1011 1012 1023 1022)
4(892 903 1024 1013)
4(902 1023 1024 903)
4(1012 1013 1024 1023)
4(965 976 1097 1086)
4(975 1096 1097 976)
4(966 977 1098 1087)
4(976 1097 1098 977)
4(967 978 1099 1088)
4(977 1098 1099 978)
4(968 979 1100 1089)
4(978 1099 1100 979)
4(969 980 1101 1090)
4(979 1100 1101 980)
4(976 987 1108 1097)
4(986 1107 1108 987)
4(987 998 1119 1108)
4(997 1118 1119 998)
4(998 1009 1130 1119)
4(1008 1129 1130 1009)
4(1009 1020 1141 1130)
4(1019 1140 1141 1020)
4(977 988 1109 1098)
4(987 1108 1109 988)
4(978 989 1110 1099)
4(988 1109 1110 989)
4(988 999 1120 1109)
4(998 1119 1120 999)
4(989 1000 1121 1110)
4(999 1120 1121 1000)
4(979 990 1111 1100)
4(989 1110 1111 990)
4(980 991 1112 1101)
4(990 1111 1112 991)
4(990 1001 1122 1111)
4(1000 1121 1122 1001)
4(991 1002 1123 1112)
4(1001 1122 1123 1002)
4(999 1010 1131 1120)
4(1009 1130 1131 1010)
4(1000 1011 1132 1121)
4(1010 1131 1132 1011)
4(1010 1021 1142 1131)
4(1020 1141 1142 1021)
4(1011 1022 1143 1132)
4(1021 1142 1143 1022)
4(1001 1012 1133 1122)
4(1011 1132 1133 1012)
4(1002 1013 1134 1123)
4(1012 1133 1134 1013)
4(1012 1023 1144 1133)
4(1022 1143 1144 1023)
4(1013 1024 1145 1134)
4(1023 1144 1145 1024)
4(561 572 668 657)
4(571 667 668 572)
4(656 657 668 667)
4(562 573 669 658)
4(572 668 669 573)
4(657 658 669 668)
4(657 668 764 753)
4(667 763 764 668)
4(752 753 764 763)
4(658 669 765 754)
4(668 764 765 669)
4(753 754 765 764)
4(563 574 670 659)
4(573 669 670 574)
4(658 659 670 669)
4(564 575 671 660)
4(574 670 671 575)
4(659 660 671 670)
4(659 670 766 755)
4(669 765 766 670)
4(754 755 766 765)
4(660 671 767 756)
4(670 766 767 671)
4(755 756 767 766)
4(753 764 860 849)
4(763 859 860 764)
4(848 849 860 859)
4(754 765 861 850)
4(764 860 861 765)
4(849 850 861 860)
4(849 860 981 970)
4(859 980 981 860)
4(969 970 981 980)
4(850 861 982 971)
4(860 981 982 861)
4(970 971 982 981)
4(755 766 862 851)
4(765 861 862 766)
4(850 851 862 861)
4(756 767 863 852)
4(766 862 863 767)
4(851 852 863 862)
4(851 862 983 972)
4(861 982 983 862)
4(971 972 983 982)
4(852 863 984 973)
4(862 983 984 863)
4(972 973 984 983)
4(575 671 672 576)
4(660 661 672 671)
4(671 767 768 672)
4(756 757 768 767)
4(767 863 864 768)
4(852 853 864 863)
4(863 984 985 864)
4(973 974 985 984)
4(572 583 679 668)
4(667 668 679 678)
4(573 584 680 669)
4(668 669 680 679)
4(668 679 775 764)
4(763 764 775 774)
4(669 680 776 765)
4(764 765 776 775)
4(574 585 681 670)
4(669 670 681 680)
4(575 586 682 671)
4(585 681 682 586)
4(670 671 682 681)
4(586 592 688 682)
4(591 687 688 592)
4(681 682 688 687)
4(670 681 777 766)
4(765 766 777 776)
4(671 682 778 767)
4(681 777 778 682)
4(766 767 778 777)
4(682 688 784 778)
4(687 783 784 688)
4(777 778 784 783)
4(592 598 694 688)
4(597 693 694 598)
4(687 688 694 693)
4(598 604 700 694)
4(603 699 700 604)
4(693 694 700 699)
4(688 694 790 784)
4(693 789 790 694)
4(783 784 790 789)
4(694 700 796 790)
4(699 795 796 700)
4(789 790 796 795)
4(764 775 871 860)
4(859 860 871 870)
4(765 776 872 861)
4(860 861 872 871)
4(860 871 992 981)
4(870 991 992 871)
4(980 981 992 991)
4(861 872 993 982)
4(871 992 993 872)
4(981 982 993 992)
4(871 882 1003 992)
4(881 1002 1003 882)
4(991 992 1003 1002)
4(872 883 1004 993)
4(882 1003 1004 883)
4(992 993 1004 1003)
4(766 777 873 862)
4(861 862 873 872)
4(767 778 874 863)
4(777 873 874 778)
4(862 863 874 873)
4(778 784 885 874)
4(783 884 885 784)
4(873 874 885 884)
4(862 873 994 983)
4(872 993 994 873)
4(982 983 994 993)
4(863 874 995 984)
4(873 994 995 874)
4(983 984 995 994)
4(873 884 1005 994)
4(883 1004 1005 884)
4(993 994 1005 1004)
4(874 885 1006 995)
4(884 1005 1006 885)
4(994 995 1006 1005)
4(882 893 1014 1003)
4(892 1013 1014 893)
4(1002 1003 1014 1013)
4(883 894 1015 1004)
4(893 1014 1015 894)
4(1003 1004 1015 1014)
4(893 904 1025 1014)
4(903 1024 1025 904)
4(1013 1014 1025 1024)
4(894 905 1026 1015)
4(904 1025 1026 905)
4(1014 1015 1026 1025)
4(784 790 896 885)
4(789 895 896 790)
4(884 885 896 895)
4(790 796 907 896)
4(795 906 907 796)
4(895 896 907 906)
4(884 895 1016 1005)
4(894 1015 1016 895)
4(1004 1005 1016 1015)
4(885 896 1017 1006)
4(895 1016 1017 896)
4(1005 1006 1017 1016)
4(895 906 1027 1016)
4(905 1026 1027 906)
4(1015 1016 1027 1026)
4(896 907 1028 1017)
4(906 1027 1028 907)
4(1016 1017 1028 1027)
4(586 682 683 587)
4(671 672 683 682)
4(592 688 689 593)
4(682 683 689 688)
4(682 778 779 683)
4(767 768 779 778)
4(688 784 785 689)
4(778 779 785 784)
4(598 694 695 599)
4(688 689 695 694)
4(604 700 701 605)
4(694 695 701 700)
4(694 790 791 695)
4(784 785 791 790)
4(700 796 797 701)
4(790 791 797 796)
4(778 874 875 779)
4(863 864 875 874)
4(784 885 886 785)
4(874 875 886 885)
4(874 995 996 875)
4(984 985 996 995)
4(885 1006 1007 886)
4(995 996 1007 1006)
4(790 896 897 791)
4(885 886 897 896)
4(796 907 908 797)
4(896 897 908 907)
4(896 1017 1018 897)
4(1006 1007 1018 1017)
4(907 1028 1029 908)
4(1017 1018 1029 1028)
4(970 981 1102 1091)
4(980 1101 1102 981)
4(971 982 1103 1092)
4(981 1102 1103 982)
4(972 983 1104 1093)
4(982 1103 1104 983)
4(973 984 1105 1094)
4(983 1104 1105 984)
4(984 1105 1106 985)
4(981 992 1113 1102)
4(991 1112 1113 992)
4(982 993 1114 1103)
4(992 1113 1114 993)
4(992 1003 1124 1113)
4(1002 1123 1124 1003)
4(993 1004 1125 1114)
4(1003 1124 1125 1004)
4(983 994 1115 1104)
4(993 1114 1115 994)
4(984 995 1116 1105)
4(994 1115 1116 995)
4(994 1005 1126 1115)
4(1004 1125 1126 1005)
4(995 1006 1127 1116)
4(1005 1126 1127 1006)
4(1003 1014 1135 1124)
4(1013 1134 1135 1014)
4(1004 1015 1136 1125)
4(1014 1135 1136 1015)
4(1014 1025 1146 1135)
4(1024 1145 1146 1025)
4(1015 1026 1147 1136)
4(1025 1146 1147 1026)
4(1005 1016 1137 1126)
4(1015 1136 1137 1016)
4(1006 1017 1138 1127)
4(1016 1137 1138 1017)
4(1016 1027 1148 1137)
4(1026 1147 1148 1027)
4(1017 1028 1149 1138)
4(1027 1148 1149 1028)
4(995 1116 1117 996)
4(1006 1127 1128 1007)
4(1017 1138 1139 1018)
4(1028 1149 1150 1029)
4(601 607 703 697)
4(606 702 703 607)
4(696 697 703 702)
4(607 613 709 703)
4(612 708 709 613)
4(702 703 709 708)
4(697 703 799 793)
4(702 798 799 703)
4(792 793 799 798)
4(703 709 805 799)
4(708 804 805 709)
4(798 799 805 804)
4(613 619 715 709)
4(618 714 715 619)
4(708 709 715 714)
4(619 630 726 715)
4(629 725 726 630)
4(714 715 726 725)
4(709 715 811 805)
4(714 810 811 715)
4(804 805 811 810)
4(715 726 822 811)
4(725 821 822 726)
4(810 811 822 821)
4(793 799 910 899)
4(798 909 910 799)
4(898 899 910 909)
4(799 805 921 910)
4(804 920 921 805)
4(909 910 921 920)
4(899 910 1031 1020)
4(909 1030 1031 910)
4(1019 1020 1031 1030)
4(910 921 1042 1031)
4(920 1041 1042 921)
4(1030 1031 1042 1041)
4(805 811 932 921)
4(810 931 932 811)
4(920 921 932 931)
4(811 822 943 932)
4(821 942 943 822)
4(931 932 943 942)
4(921 932 1053 1042)
4(931 1052 1053 932)
4(1041 1042 1053 1052)
4(932 943 1064 1053)
4(942 1063 1064 943)
4(1052 1053 1064 1063)
4(607 703 704 608)
4(697 698 704 703)
4(613 709 710 614)
4(703 704 710 709)
4(703 799 800 704)
4(793 794 800 799)
4(709 805 806 710)
4(799 800 806 805)
4(619 715 716 620)
4(709 710 716 715)
4(620 631 727 716)
4(630 726 727 631)
4(715 716 727 726)
4(621 632 728 717)
4(631 727 728 632)
4(716 717 728 727)
4(715 811 812 716)
4(805 806 812 811)
4(716 727 823 812)
4(726 822 823 727)
4(811 812 823 822)
4(717 728 824 813)
4(727 823 824 728)
4(812 813 824 823)
4(622 633 729 718)
4(632 728 729 633)
4(717 718 729 728)
4(623 634 730 719)
4(633 729 730 634)
4(718 719 730 729)
4(718 729 825 814)
4(728 824 825 729)
4(813 814 825 824)
4(719 730 826 815)
4(729 825 826 730)
4(814 815 826 825)
4(799 910 911 800)
4(899 900 911 910)
4(805 921 922 806)
4(910 911 922 921)
4(900 911 1032 1021)
4(910 1031 1032 911)
4(1020 1021 1032 1031)
4(901 912 1033 1022)
4(911 1032 1033 912)
4(1021 1022 1033 1032)
4(911 922 1043 1032)
4(921 1042 1043 922)
4(1031 1032 1043 1042)
4(912 923 1044 1033)
4(922 1043 1044 923)
4(1032 1033 1044 1043)
4(902 913 1034 1023)
4(912 1033 1034 913)
4(1022 1023 1034 1033)
4(903 914 1035 1024)
4(913 1034 1035 914)
4(1023 1024 1035 1034)
4(913 924 1045 1034)
4(923 1044 1045 924)
4(1033 1034 1045 1044)
4(914 925 1046 1035)
4(924 1045 1046 925)
4(1034 1035 1046 1045)
4(811 932 933 812)
4(921 922 933 932)
4(812 823 944 933)
4(822 943 944 823)
4(932 933 944 943)
4(813 824 945 934)
4(823 944 945 824)
4(933 934 945 944)
4(922 933 1054 1043)
4(932 1053 1054 933)
4(1042 1043 1054 1053)
4(923 934 1055 1044)
4(933 1054 1055 934)
4(1043 1044 1055 1054)
4(933 944 1065 1054)
4(943 1064 1065 944)
4(1053 1054 1065 1064)
4(934 945 1066 1055)
4(944 1065 1066 945)
4(1054 1055 1066 1065)
4(814 825 946 935)
4(824 945 946 825)
4(934 935 946 945)
4(815 826 947 936)
4(825 946 947 826)
4(935 936 947 946)
4(924 935 1056 1045)
4(934 1055 1056 935)
4(1044 1045 1056 1055)
4(925 936 1057 1046)
4(935 1056 1057 936)
4(1045 1046 1057 1056)
4(935 946 1067 1056)
4(945 1066 1067 946)
4(1055 1056 1067 1066)
4(936 947 1068 1057)
4(946 1067 1068 947)
4(1056 1057 1068 1067)
4(630 641 737 726)
4(725 726 737 736)
4(726 737 833 822)
4(821 822 833 832)
4(822 833 954 943)
4(942 943 954 953)
4(943 954 1075 1064)
4(1063 1064 1075 1074)
4(631 642 738 727)
4(726 727 738 737)
4(632 643 739 728)
4(727 728 739 738)
4(727 738 834 823)
4(822 823 834 833)
4(728 739 835 824)
4(823 824 835 834)
4(633 644 740 729)
4(728 729 740 739)
4(634 645 741 730)
4(729 730 741 740)
4(729 740 836 825)
4(824 825 836 835)
4(730 741 837 826)
4(825 826 837 836)
4(823 834 955 944)
4(943 944 955 954)
4(824 835 956 945)
4(944 945 956 955)
4(944 955 1076 1065)
4(1064 1065 1076 1075)
4(945 956 1077 1066)
4(1065 1066 1077 1076)
4(825 836 957 946)
4(945 946 957 956)
4(826 837 958 947)
4(946 947 958 957)
4(946 957 1078 1067)
4(1066 1067 1078 1077)
4(947 958 1079 1068)
4(1067 1068 1079 1078)
4(1020 1031 1152 1141)
4(1030 1151 1152 1031)
4(1031 1042 1163 1152)
4(1041 1162 1163 1042)
4(1042 1053 1174 1163)
4(1052 1173 1174 1053)
4(1053 1064 1185 1174)
4(1063 1184 1185 1064)
4(1021 1032 1153 1142)
4(1031 1152 1153 1032)
4(1022 1033 1154 1143)
4(1032 1153 1154 1033)
4(1032 1043 1164 1153)
4(1042 1163 1164 1043)
4(1033 1044 1165 1154)
4(1043 1164 1165 1044)
4(1023 1034 1155 1144)
4(1033 1154 1155 1034)
4(1024 1035 1156 1145)
4(1034 1155 1156 1035)
4(1034 1045 1166 1155)
4(1044 1165 1166 1045)
4(1035 1046 1167 1156)
4(1045 1166 1167 1046)
4(1043 1054 1175 1164)
4(1053 1174 1175 1054)
4(1044 1055 1176 1165)
4(1054 1175 1176 1055)
4(1054 1065 1186 1175)
4(1064 1185 1186 1065)
4(1055 1066 1187 1176)
4(1065 1186 1187 1066)
4(1045 1056 1177 1166)
4(1055 1176 1177 1056)
4(1046 1057 1178 1167)
4(1056 1177 1178 1057)
4(1056 1067 1188 1177)
4(1066 1187 1188 1067)
4(1057 1068 1189 1178)
4(1067 1188 1189 1068)
4(1064 1075 1196 1185)
4(1065 1076 1197 1186)
4(1066 1077 1198 1187)
4(1067 1078 1199 1188)
4(1068 1079 1200 1189)
4(604 610 706 700)
4(609 705 706 610)
4(699 700 706 705)
4(610 616 712 706)
4(615 711 712 616)
4(705 706 712 711)
4(700 706 802 796)
4(705 801 802 706)
4(795 796 802 801)
4(706 712 808 802)
4(711 807 808 712)
4(801 802 808 807)
4(624 635 731 720)
4(634 730 731 635)
4(719 720 731 730)
4(625 636 732 721)
4(635 731 732 636)
4(720 721 732 731)
4(720 731 827 816)
4(730 826 827 731)
4(815 816 827 826)
4(721 732 828 817)
4(731 827 828 732)
4(816 817 828 827)
4(616 627 723 712)
4(626 722 723 627)
4(711 712 723 722)
4(626 637 733 722)
4(636 732 733 637)
4(721 722 733 732)
4(627 638 734 723)
4(637 733 734 638)
4(722 723 734 733)
4(712 723 819 808)
4(722 818 819 723)
4(807 808 819 818)
4(722 733 829 818)
4(732 828 829 733)
4(817 818 829 828)
4(723 734 830 819)
4(733 829 830 734)
4(818 819 830 829)
4(904 915 1036 1025)
4(914 1035 1036 915)
4(1024 1025 1036 1035)
4(905 916 1037 1026)
4(915 1036 1037 916)
4(1025 1026 1037 1036)
4(915 926 1047 1036)
4(925 1046 1047 926)
4(1035 1036 1047 1046)
4(916 927 1048 1037)
4(926 1047 1048 927)
4(1036 1037 1048 1047)
4(796 802 918 907)
4(801 917 918 802)
4(906 907 918 917)
4(802 808 929 918)
4(807 928 929 808)
4(917 918 929 928)
4(906 917 1038 1027)
4(916 1037 1038 917)
4(1026 1027 1038 1037)
4(907 918 1039 1028)
4(917 1038 1039 918)
4(1027 1028 1039 1038)
4(917 928 1049 1038)
4(927 1048 1049 928)
4(1037 1038 1049 1048)
4(918 929 1050 1039)
4(928 1049 1050 929)
4(1038 1039 1050 1049)
4(816 827 948 937)
4(826 947 948 827)
4(936 937 948 947)
4(817 828 949 938)
4(827 948 949 828)
4(937 938 949 948)
4(926 937 1058 1047)
4(936 1057 1058 937)
4(1046 1047 1058 1057)
4(927 938 1059 1048)
4(937 1058 1059 938)
4(1047 1048 1059 1058)
4(937 948 1069 1058)
4(947 1068 1069 948)
4(1057 1058 1069 1068)
4(938 949 1070 1059)
4(948 1069 1070 949)
4(1058 1059 1070 1069)
4(808 819 940 929)
4(818 939 940 819)
4(928 929 940 939)
4(818 829 950 939)
4(828 949 950 829)
4(938 939 950 949)
4(819 830 951 940)
4(829 950 951 830)
4(939 940 951 950)
4(928 939 1060 1049)
4(938 1059 1060 939)
4(1048 1049 1060 1059)
4(929 940 1061 1050)
4(939 1060 1061 940)
4(1049 1050 1061 1060)
4(939 950 1071 1060)
4(949 1070 1071 950)
4(1059 1060 1071 1070)
4(940 951 1072 1061)
4(950 1071 1072 951)
4(1060 1061 1072 1071)
4(610 706 707 611)
4(700 701 707 706)
4(616 712 713 617)
4(706 707 713 712)
4(706 802 803 707)
4(796 797 803 802)
4(712 808 809 713)
4(802 803 809 808)
4(627 723 724 628)
4(712 713 724 723)
4(638 734 735 639)
4(723 724 735 734)
4(723 819 820 724)
4(808 809 820 819)
4(734 830 831 735)
4(819 820 831 830)
4(802 918 919 803)
4(907 908 919 918)
4(808 929 930 809)
4(918 919 930 929)
4(918 1039 1040 919)
4(1028 1029 1040 1039)
4(929 1050 1051 930)
4(1039 1040 1051 1050)
4(819 940 941 820)
4(929 930 941 940)
4(830 951 952 831)
4(940 941 952 951)
4(940 1061 1062 941)
4(1050 1051 1062 1061)
4(951 1072 1073 952)
4(1061 1062 1073 1072)
4(635 646 742 731)
4(730 731 742 741)
4(636 647 743 732)
4(731 732 743 742)
4(731 742 838 827)
4(826 827 838 837)
4(732 743 839 828)
4(827 828 839 838)
4(637 648 744 733)
4(732 733 744 743)
4(638 649 745 734)
4(733 734 745 744)
4(733 744 840 829)
4(828 829 840 839)
4(734 745 841 830)
4(829 830 841 840)
4(827 838 959 948)
4(947 948 959 958)
4(828 839 960 949)
4(948 949 960 959)
4(948 959 1080 1069)
4(1068 1069 1080 1079)
4(949 960 1081 1070)
4(1069 1070 1081 1080)
4(829 840 961 950)
4(949 950 961 960)
4(830 841 962 951)
4(950 951 962 961)
4(950 961 1082 1071)
4(1070 1071 1082 1081)
4(951 962 1083 1072)
4(1071 1072 1083 1082)
4(734 735 746 745)
4(830 831 842 841)
4(951 952 963 962)
4(1072 1073 1084 1083)
4(1025 1036 1157 1146)
4(1035 1156 1157 1036)
4(1026 1037 1158 1147)
4(1036 1157 1158 1037)
4(1036 1047 1168 1157)
4(1046 1167 1168 1047)
4(1037 1048 1169 1158)
4(1047 1168 1169 1048)
4(1027 1038 1159 1148)
4(1037 1158 1159 1038)
4(1028 1039 1160 1149)
4(1038 1159 1160 1039)
4(1038 1049 1170 1159)
4(1048 1169 1170 1049)
4(1039 1050 1171 1160)
4(1049 1170 1171 1050)
4(1047 1058 1179 1168)
4(1057 1178 1179 1058)
4(1048 1059 1180 1169)
4(1058 1179 1180 1059)
4(1058 1069 1190 1179)
4(1068 1189 1190 1069)
4(1059 1070 1191 1180)
4(1069 1190 1191 1070)
4(1049 1060 1181 1170)
4(1059 1180 1181 1060)
4(1050 1061 1182 1171)
4(1060 1181 1182 1061)
4(1060 1071 1192 1181)
4(1070 1191 1192 1071)
4(1061 1072 1193 1182)
4(1071 1192 1193 1072)
4(1039 1160 1161 1040)
4(1050 1171 1172 1051)
4(1061 1182 1183 1062)
4(1072 1193 1194 1073)
4(1069 1080 1201 1190)
4(1070 1081 1202 1191)
4(1071 1082 1203 1192)
4(1072 1083 1204 1193)
4(266 267 278 277)
4(266 387 388 267)
4(266 277 398 387)
4(267 268 279 278)
4(268 269 280 279)
4(267 388 389 268)
4(268 389 390 269)
4(277 278 289 288)
4(288 289 300 299)
4(277 288 404 398)
4(288 299 410 404)
4(278 279 290 289)
4(279 280 291 290)
4(289 290 301 300)
4(290 291 302 301)
4(387 483 484 388)
4(387 398 494 483)
4(483 579 580 484)
4(483 494 590 579)
4(388 484 485 389)
4(389 485 486 390)
4(484 580 581 485)
4(485 581 582 486)
4(398 404 500 494)
4(404 410 506 500)
4(494 500 596 590)
4(500 506 602 596)
4(269 270 281 280)
4(270 271 282 281)
4(269 390 391 270)
4(270 391 392 271)
4(271 272 283 282)
4(271 392 393 272)
4(272 393 399 283)
4(280 281 292 291)
4(281 282 293 292)
4(291 292 303 302)
4(292 293 304 303)
4(282 283 294 293)
4(293 294 305 304)
4(283 399 405 294)
4(294 405 411 305)
4(390 486 487 391)
4(391 487 488 392)
4(486 582 583 487)
4(487 583 584 488)
4(392 488 489 393)
4(393 489 495 399)
4(488 584 585 489)
4(489 585 591 495)
4(399 495 501 405)
4(405 501 507 411)
4(495 591 597 501)
4(501 597 603 507)
4(299 300 311 310)
4(310 311 322 321)
4(299 310 416 410)
4(310 321 422 416)
4(300 301 312 311)
4(301 302 313 312)
4(311 312 323 322)
4(312 313 324 323)
4(321 322 333 332)
4(321 332 428 422)
4(332 333 429 428)
4(322 323 334 333)
4(323 324 335 334)
4(333 334 430 429)
4(334 335 431 430)
4(410 416 512 506)
4(416 422 518 512)
4(506 512 608 602)
4(512 518 614 608)
4(422 428 524 518)
4(428 429 525 524)
4(518 524 620 614)
4(524 525 621 620)
4(429 430 526 525)
4(430 431 527 526)
4(525 526 622 621)
4(526 527 623 622)
4(302 303 314 313)
4(303 304 315 314)
4(313 314 325 324)
4(314 315 326 325)
4(304 305 316 315)
4(315 316 327 326)
4(305 411 417 316)
4(316 417 423 327)
4(324 325 336 335)
4(325 326 337 336)
4(335 336 432 431)
4(336 337 433 432)
4(326 327 338 337)
4(327 423 434 338)
4(337 338 434 433)
4(411 507 513 417)
4(417 513 519 423)
4(507 603 609 513)
4(513 609 615 519)
4(431 432 528 527)
4(432 433 529 528)
4(527 528 624 623)
4(528 529 625 624)
4(423 519 530 434)
4(433 434 530 529)
4(519 615 626 530)
4(529 530 626 625)
4(579 675 676 580)
4(579 590 686 675)
4(675 771 772 676)
4(675 686 782 771)
4(580 676 677 581)
4(581 677 678 582)
4(676 772 773 677)
4(677 773 774 678)
4(590 596 692 686)
4(596 602 698 692)
4(686 692 788 782)
4(692 698 794 788)
4(771 867 868 772)
4(771 782 878 867)
4(867 878 879 868)
4(772 868 869 773)
4(773 869 870 774)
4(868 879 880 869)
4(869 880 881 870)
4(782 788 889 878)
4(788 794 900 889)
4(878 889 890 879)
4(889 900 901 890)
4(879 890 891 880)
4(880 891 892 881)
4(890 901 902 891)
4(891 902 903 892)
4(582 678 679 583)
4(583 679 680 584)
4(678 774 775 679)
4(679 775 776 680)
4(584 680 681 585)
4(585 681 687 591)
4(680 776 777 681)
4(681 777 783 687)
4(591 687 693 597)
4(597 693 699 603)
4(687 783 789 693)
4(693 789 795 699)
4(774 870 871 775)
4(775 871 872 776)
4(870 881 882 871)
4(871 882 883 872)
4(776 872 873 777)
4(777 873 884 783)
4(872 883 884 873)
4(881 892 893 882)
4(882 893 894 883)
4(892 903 904 893)
4(893 904 905 894)
4(783 884 895 789)
4(789 895 906 795)
4(883 894 895 884)
4(894 905 906 895)
4(602 608 704 698)
4(608 614 710 704)
4(698 704 800 794)
4(704 710 806 800)
4(614 620 716 710)
4(620 621 717 716)
4(710 716 812 806)
4(716 717 813 812)
4(621 622 718 717)
4(622 623 719 718)
4(717 718 814 813)
4(718 719 815 814)
4(794 800 911 900)
4(800 806 922 911)
4(900 911 912 901)
4(911 922 923 912)
4(901 912 913 902)
4(902 913 914 903)
4(912 923 924 913)
4(913 924 925 914)
4(806 812 933 922)
4(812 813 934 933)
4(922 933 934 923)
4(813 814 935 934)
4(814 815 936 935)
4(923 934 935 924)
4(924 935 936 925)
4(603 699 705 609)
4(609 705 711 615)
4(699 795 801 705)
4(705 801 807 711)
4(623 624 720 719)
4(624 625 721 720)
4(719 720 816 815)
4(720 721 817 816)
4(615 711 722 626)
4(625 626 722 721)
4(711 807 818 722)
4(721 722 818 817)
4(903 914 915 904)
4(904 915 916 905)
4(914 925 926 915)
4(915 926 927 916)
4(795 906 917 801)
4(801 917 928 807)
4(905 916 917 906)
4(916 927 928 917)
4(815 816 937 936)
4(816 817 938 937)
4(925 936 937 926)
4(926 937 938 927)
4(807 928 939 818)
4(817 818 939 938)
4(927 938 939 928)
4(0 11 12 1)
4(1 12 13 2)
4(2 13 14 3)
4(3 14 15 4)
4(4 15 16 5)
4(11 22 23 12)
4(22 33 34 23)
4(33 44 45 34)
4(44 55 56 45)
4(12 23 24 13)
4(13 24 25 14)
4(23 34 35 24)
4(24 35 36 25)
4(14 25 26 15)
4(15 26 27 16)
4(25 36 37 26)
4(26 37 38 27)
4(34 45 46 35)
4(35 46 47 36)
4(45 56 57 46)
4(46 57 58 47)
4(36 47 48 37)
4(37 48 49 38)
4(47 58 59 48)
4(48 59 60 49)
4(5 16 17 6)
4(6 17 18 7)
4(7 18 19 8)
4(8 19 20 9)
4(9 20 21 10)
4(16 27 28 17)
4(17 28 29 18)
4(27 38 39 28)
4(28 39 40 29)
4(18 29 30 19)
4(19 30 31 20)
4(29 40 41 30)
4(30 41 42 31)
4(38 49 50 39)
4(39 50 51 40)
4(49 60 61 50)
4(50 61 62 51)
4(40 51 52 41)
4(41 52 53 42)
4(51 62 63 52)
4(52 63 64 53)
4(20 31 32 21)
4(31 42 43 32)
4(42 53 54 43)
4(53 64 65 54)
4(55 66 67 56)
4(66 77 78 67)
4(77 88 89 78)
4(88 99 100 89)
4(56 67 68 57)
4(57 68 69 58)
4(67 78 79 68)
4(68 79 80 69)
4(58 69 70 59)
4(59 70 71 60)
4(69 80 81 70)
4(70 81 82 71)
4(78 89 90 79)
4(79 90 91 80)
4(89 100 101 90)
4(90 101 102 91)
4(80 91 92 81)
4(81 92 93 82)
4(91 102 103 92)
4(92 103 104 93)
4(99 110 111 100)
4(100 111 112 101)
4(101 112 113 102)
4(102 113 114 103)
4(103 114 115 104)
4(60 71 72 61)
4(61 72 73 62)
4(71 82 83 72)
4(72 83 84 73)
4(62 73 74 63)
4(63 74 75 64)
4(73 84 85 74)
4(74 85 86 75)
4(82 93 94 83)
4(83 94 95 84)
4(93 104 105 94)
4(94 105 106 95)
4(84 95 96 85)
4(85 96 97 86)
4(95 106 107 96)
4(96 107 108 97)
4(64 75 76 65)
4(75 86 87 76)
4(86 97 98 87)
4(97 108 109 98)
4(104 115 116 105)
4(105 116 117 106)
4(106 117 118 107)
4(107 118 119 108)
4(108 119 120 109)
4(1085 1086 1097 1096)
4(1086 1087 1098 1097)
4(1087 1088 1099 1098)
4(1088 1089 1100 1099)
4(1089 1090 1101 1100)
4(1096 1097 1108 1107)
4(1107 1108 1119 1118)
4(1118 1119 1130 1129)
4(1129 1130 1141 1140)
4(1097 1098 1109 1108)
4(1098 1099 1110 1109)
4(1108 1109 1120 1119)
4(1109 1110 1121 1120)
4(1099 1100 1111 1110)
4(1100 1101 1112 1111)
4(1110 1111 1122 1121)
4(1111 1112 1123 1122)
4(1119 1120 1131 1130)
4(1120 1121 1132 1131)
4(1130 1131 1142 1141)
4(1131 1132 1143 1142)
4(1121 1122 1133 1132)
4(1122 1123 1134 1133)
4(1132 1133 1144 1143)
4(1133 1134 1145 1144)
4(1090 1091 1102 1101)
4(1091 1092 1103 1102)
4(1092 1093 1104 1103)
4(1093 1094 1105 1104)
4(1094 1095 1106 1105)
4(1101 1102 1113 1112)
4(1102 1103 1114 1113)
4(1112 1113 1124 1123)
4(1113 1114 1125 1124)
4(1103 1104 1115 1114)
4(1104 1105 1116 1115)
4(1114 1115 1126 1125)
4(1115 1116 1127 1126)
4(1123 1124 1135 1134)
4(1124 1125 1136 1135)
4(1134 1135 1146 1145)
4(1135 1136 1147 1146)
4(1125 1126 1137 1136)
4(1126 1127 1138 1137)
4(1136 1137 1148 1147)
4(1137 1138 1149 1148)
4(1105 1106 1117 1116)
4(1116 1117 1128 1127)
4(1127 1128 1139 1138)
4(1138 1139 1150 1149)
4(1140 1141 1152 1151)
4(1151 1152 1163 1162)
4(1162 1163 1174 1173)
4(1173 1174 1185 1184)
4(1141 1142 1153 1152)
4(1142 1143 1154 1153)
4(1152 1153 1164 1163)
4(1153 1154 1165 1164)
4(1143 1144 1155 1154)
4(1144 1145 1156 1155)
4(1154 1155 1166 1165)
4(1155 1156 1167 1166)
4(1163 1164 1175 1174)
4(1164 1165 1176 1175)
4(1174 1175 1186 1185)
4(1175 1176 1187 1186)
4(1165 1166 1177 1176)
4(1166 1167 1178 1177)
4(1176 1177 1188 1187)
4(1177 1178 1189 1188)
4(1184 1185 1196 1195)
4(1185 1186 1197 1196)
4(1186 1187 1198 1197)
4(1187 1188 1199 1198)
4(1188 1189 1200 1199)
4(1145 1146 1157 1156)
4(1146 1147 1158 1157)
4(1156 1157 1168 1167)
4(1157 1158 1169 1168)
4(1147 1148 1159 1158)
4(1148 1149 1160 1159)
4(1158 1159 1170 1169)
4(1159 1160 1171 1170)
4(1167 1168 1179 1178)
4(1168 1169 1180 1179)
4(1178 1179 1190 1189)
4(1179 1180 1191 1190)
4(1169 1170 1181 1180)
4(1170 1171 1182 1181)
4(1180 1181 1192 1191)
4(1181 1182 1193 1192)
4(1149 1150 1161 1160)
4(1160 1161 1172 1171)
4(1171 1172 1183 1182)
4(1182 1183 1194 1193)
4(1189 1190 1201 1200)
4(1190 1191 1202 1201)
4(1191 1192 1203 1202)
4(1192 1193 1204 1203)
4(1193 1194 1205 1204)
4(0 121 132 11)
4(11 132 143 22)
4(22 143 154 33)
4(33 154 165 44)
4(44 165 176 55)
4(121 242 253 132)
4(242 363 374 253)
4(363 459 470 374)
4(459 555 566 470)
4(132 253 264 143)
4(143 264 275 154)
4(253 374 385 264)
4(264 385 396 275)
4(154 275 286 165)
4(165 286 297 176)
4(275 396 402 286)
4(286 402 408 297)
4(374 470 481 385)
4(385 481 492 396)
4(470 566 577 481)
4(481 577 588 492)
4(396 492 498 402)
4(402 498 504 408)
4(492 588 594 498)
4(498 594 600 504)
4(55 176 187 66)
4(66 187 198 77)
4(77 198 209 88)
4(88 209 220 99)
4(99 220 231 110)
4(176 297 308 187)
4(187 308 319 198)
4(297 408 414 308)
4(308 414 420 319)
4(198 319 330 209)
4(209 330 341 220)
4(319 420 426 330)
4(330 426 437 341)
4(408 504 510 414)
4(414 510 516 420)
4(504 600 606 510)
4(510 606 612 516)
4(420 516 522 426)
4(426 522 533 437)
4(516 612 618 522)
4(522 618 629 533)
4(220 341 352 231)
4(341 437 448 352)
4(437 533 544 448)
4(533 629 640 544)
4(555 651 662 566)
4(651 747 758 662)
4(747 843 854 758)
4(843 964 975 854)
4(566 662 673 577)
4(577 673 684 588)
4(662 758 769 673)
4(673 769 780 684)
4(588 684 690 594)
4(594 690 696 600)
4(684 780 786 690)
4(690 786 792 696)
4(758 854 865 769)
4(769 865 876 780)
4(854 975 986 865)
4(865 986 997 876)
4(780 876 887 786)
4(786 887 898 792)
4(876 997 1008 887)
4(887 1008 1019 898)
4(964 1085 1096 975)
4(975 1096 1107 986)
4(986 1107 1118 997)
4(997 1118 1129 1008)
4(1008 1129 1140 1019)
4(600 696 702 606)
4(606 702 708 612)
4(696 792 798 702)
4(702 798 804 708)
4(612 708 714 618)
4(618 714 725 629)
4(708 804 810 714)
4(714 810 821 725)
4(792 898 909 798)
4(798 909 920 804)
4(898 1019 1030 909)
4(909 1030 1041 920)
4(804 920 931 810)
4(810 931 942 821)
4(920 1041 1052 931)
4(931 1052 1063 942)
4(629 725 736 640)
4(725 821 832 736)
4(821 942 953 832)
4(942 1063 1074 953)
4(1019 1140 1151 1030)
4(1030 1151 1162 1041)
4(1041 1162 1173 1052)
4(1052 1173 1184 1063)
4(1063 1184 1195 1074)
4(10 21 142 131)
4(21 32 153 142)
4(32 43 164 153)
4(43 54 175 164)
4(54 65 186 175)
4(131 142 263 252)
4(252 263 384 373)
4(373 384 480 469)
4(469 480 576 565)
4(142 153 274 263)
4(153 164 285 274)
4(263 274 395 384)
4(274 285 401 395)
4(164 175 296 285)
4(175 186 307 296)
4(285 296 407 401)
4(296 307 413 407)
4(384 395 491 480)
4(395 401 497 491)
4(480 491 587 576)
4(491 497 593 587)
4(401 407 503 497)
4(407 413 509 503)
4(497 503 599 593)
4(503 509 605 599)
4(65 76 197 186)
4(76 87 208 197)
4(87 98 219 208)
4(98 109 230 219)
4(109 120 241 230)
4(186 197 318 307)
4(197 208 329 318)
4(307 318 419 413)
4(318 329 425 419)
4(208 219 340 329)
4(219 230 351 340)
4(329 340 436 425)
4(340 351 447 436)
4(413 419 515 509)
4(419 425 521 515)
4(509 515 611 605)
4(515 521 617 611)
4(425 436 532 521)
4(436 447 543 532)
4(521 532 628 617)
4(532 543 639 628)
4(230 241 362 351)
4(351 362 458 447)
4(447 458 554 543)
4(543 554 650 639)
4(565 576 672 661)
4(661 672 768 757)
4(757 768 864 853)
4(853 864 985 974)
4(576 587 683 672)
4(587 593 689 683)
4(672 683 779 768)
4(683 689 785 779)
4(593 599 695 689)
4(599 605 701 695)
4(689 695 791 785)
4(695 701 797 791)
4(768 779 875 864)
4(779 785 886 875)
4(864 875 996 985)
4(875 886 1007 996)
4(785 791 897 886)
4(791 797 908 897)
4(886 897 1018 1007)
4(897 908 1029 1018)
4(974 985 1106 1095)
4(985 996 1117 1106)
4(996 1007 1128 1117)
4(1007 1018 1139 1128)
4(1018 1029 1150 1139)
4(605 611 707 701)
4(611 617 713 707)
4(701 707 803 797)
4(707 713 809 803)
4(617 628 724 713)
4(628 639 735 724)
4(713 724 820 809)
4(724 735 831 820)
4(797 803 919 908)
4(803 809 930 919)
4(908 919 1040 1029)
4(919 930 1051 1040)
4(809 820 941 930)
4(820 831 952 941)
4(930 941 1062 1051)
4(941 952 1073 1062)
4(639 650 746 735)
4(735 746 842 831)
4(831 842 963 952)
4(952 963 1084 1073)
4(1029 1040 1161 1150)
4(1040 1051 1172 1161)
4(1051 1062 1183 1172)
4(1062 1073 1194 1183)
4(1073 1084 1205 1194)
4(0 1 122 121)
4(1 2 123 122)
4(2 3 124 123)
4(3 4 125 124)
4(4 5 126 125)
4(121 122 243 242)
4(242 243 364 363)
4(363 364 460 459)
4(459 460 556 555)
4(122 123 244 243)
4(123 124 245 244)
4(243 244 365 364)
4(244 245 366 365)
4(124 125 246 245)
4(125 126 247 246)
4(245 246 367 366)
4(246 247 368 367)
4(364 365 461 460)
4(365 366 462 461)
4(460 461 557 556)
4(461 462 558 557)
4(366 367 463 462)
4(367 368 464 463)
4(462 463 559 558)
4(463 464 560 559)
4(5 6 127 126)
4(6 7 128 127)
4(7 8 129 128)
4(8 9 130 129)
4(9 10 131 130)
4(126 127 248 247)
4(127 128 249 248)
4(247 248 369 368)
4(248 249 370 369)
4(128 129 250 249)
4(129 130 251 250)
4(249 250 371 370)
4(250 251 372 371)
4(368 369 465 464)
4(369 370 466 465)
4(464 465 561 560)
4(465 466 562 561)
4(370 371 467 466)
4(371 372 468 467)
4(466 467 563 562)
4(467 468 564 563)
4(130 131 252 251)
4(251 252 373 372)
4(372 373 469 468)
4(468 469 565 564)
4(110 231 232 111)
4(111 232 233 112)
4(112 233 234 113)
4(113 234 235 114)
4(114 235 236 115)
4(231 352 353 232)
4(352 448 449 353)
4(448 544 545 449)
4(544 640 641 545)
4(232 353 354 233)
4(233 354 355 234)
4(353 449 450 354)
4(354 450 451 355)
4(234 355 356 235)
4(235 356 357 236)
4(355 451 452 356)
4(356 452 453 357)
4(449 545 546 450)
4(450 546 547 451)
4(545 641 642 546)
4(546 642 643 547)
4(451 547 548 452)
4(452 548 549 453)
4(547 643 644 548)
4(548 644 645 549)
4(115 236 237 116)
4(116 237 238 117)
4(117 238 239 118)
4(118 239 240 119)
4(119 240 241 120)
4(236 357 358 237)
4(237 358 359 238)
4(357 453 454 358)
4(358 454 455 359)
4(238 359 360 239)
4(239 360 361 240)
4(359 455 456 360)
4(360 456 457 361)
4(453 549 550 454)
4(454 550 551 455)
4(549 645 646 550)
4(550 646 647 551)
4(455 551 552 456)
4(456 552 553 457)
4(551 647 648 552)
4(552 648 649 553)
4(240 361 362 241)
4(361 457 458 362)
4(457 553 554 458)
4(553 649 650 554)
4(555 556 652 651)
4(651 652 748 747)
4(747 748 844 843)
4(843 844 965 964)
4(556 557 653 652)
4(557 558 654 653)
4(652 653 749 748)
4(653 654 750 749)
4(558 559 655 654)
4(559 560 656 655)
4(654 655 751 750)
4(655 656 752 751)
4(748 749 845 844)
4(749 750 846 845)
4(844 845 966 965)
4(845 846 967 966)
4(750 751 847 846)
4(751 752 848 847)
4(846 847 968 967)
4(847 848 969 968)
4(964 965 1086 1085)
4(965 966 1087 1086)
4(966 967 1088 1087)
4(967 968 1089 1088)
4(968 969 1090 1089)
4(560 561 657 656)
4(561 562 658 657)
4(656 657 753 752)
4(657 658 754 753)
4(562 563 659 658)
4(563 564 660 659)
4(658 659 755 754)
4(659 660 756 755)
4(752 753 849 848)
4(753 754 850 849)
4(848 849 970 969)
4(849 850 971 970)
4(754 755 851 850)
4(755 756 852 851)
4(850 851 972 971)
4(851 852 973 972)
4(564 565 661 660)
4(660 661 757 756)
4(756 757 853 852)
4(852 853 974 973)
4(969 970 1091 1090)
4(970 971 1092 1091)
4(971 972 1093 1092)
4(972 973 1094 1093)
4(973 974 1095 1094)
4(640 736 737 641)
4(736 832 833 737)
4(832 953 954 833)
4(953 1074 1075 954)
4(641 737 738 642)
4(642 738 739 643)
4(737 833 834 738)
4(738 834 835 739)
4(643 739 740 644)
4(644 740 741 645)
4(739 835 836 740)
4(740 836 837 741)
4(833 954 955 834)
4(834 955 956 835)
4(954 1075 1076 955)
4(955 1076 1077 956)
4(835 956 957 836)
4(836 957 958 837)
4(956 1077 1078 957)
4(957 1078 1079 958)
4(1074 1195 1196 1075)
4(1075 1196 1197 1076)
4(1076 1197 1198 1077)
4(1077 1198 1199 1078)
4(1078 1199 1200 1079)
4(645 741 742 646)
4(646 742 743 647)
4(741 837 838 742)
4(742 838 839 743)
4(647 743 744 648)
4(648 744 745 649)
4(743 839 840 744)
4(744 840 841 745)
4(837 958 959 838)
4(838 959 960 839)
4(958 1079 1080 959)
4(959 1080 1081 960)
4(839 960 961 840)
4(840 961 962 841)
4(960 1081 1082 961)
4(961 1082 1083 962)
4(649 745 746 650)
4(745 841 842 746)
4(841 962 963 842)
4(962 1083 1084 963)
4(1079 1200 1201 1080)
4(1080 1201 1202 1081)
4(1081 1202 1203 1082)
4(1082 1203 1204 1083)
4(1083 1204 1205 1084)
4(266 267 1490 1489)
4(267 278 1499 1490)
4(278 277 1498 1499)
4(277 266 1489 1498)
4(266 387 1586 1489)
4(387 388 1587 1586)
4(388 267 1490 1587)
4(277 398 1595 1498)
4(398 387 1586 1595)
4(267 268 1491 1490)
4(268 279 1500 1491)
4(279 278 1499 1500)
4(268 269 1492 1491)
4(269 280 1501 1492)
4(280 279 1500 1501)
4(388 389 1588 1587)
4(389 268 1491 1588)
4(389 390 1589 1588)
4(390 269 1492 1589)
4(278 289 1508 1499)
4(289 288 1507 1508)
4(288 277 1498 1507)
4(289 300 1517 1508)
4(300 299 1516 1517)
4(299 288 1507 1516)
4(288 404 1599 1507)
4(404 398 1595 1599)
4(299 410 1603 1516)
4(410 404 1599 1603)
4(279 290 1509 1500)
4(290 289 1508 1509)
4(280 291 1510 1501)
4(291 290 1509 1510)
4(290 301 1518 1509)
4(301 300 1517 1518)
4(291 302 1519 1510)
4(302 301 1518 1519)
4(387 483 1658 1586)
4(483 484 1659 1658)
4(484 388 1587 1659)
4(398 494 1667 1595)
4(494 483 1658 1667)
4(483 579 1730 1658)
4(579 580 1731 1730)
4(580 484 1659 1731)
4(494 590 1739 1667)
4(590 579 1730 1739)
4(484 485 1660 1659)
4(485 389 1588 1660)
4(485 486 1661 1660)
4(486 390 1589 1661)
4(580 581 1732 1731)
4(581 485 1660 1732)
4(581 582 1733 1732)
4(582 486 1661 1733)
4(404 500 1671 1599)
4(500 494 1667 1671)
4(410 506 1675 1603)
4(506 500 1671 1675)
4(500 596 1743 1671)
4(596 590 1739 1743)
4(506 602 1747 1675)
4(602 596 1743 1747)
4(269 270 1493 1492)
4(270 281 1502 1493)
4(281 280 1501 1502)
4(270 271 1494 1493)
4(271 282 1503 1494)
4(282 281 1502 1503)
4(390 391 1590 1589)
4(391 270 1493 1590)
4(391 392 1591 1590)
4(392 271 1494 1591)
4(271 272 1495 1494)
4(272 283 1504 1495)
4(283 282 1503 1504)
4(392 393 1592 1591)
4(393 272 1495 1592)
4(393 399 1596 1592)
4(399 283 1504 1596)
4(281 292 1511 1502)
4(292 291 1510 1511)
4(282 293 1512 1503)
4(293 292 1511 1512)
4(292 303 1520 1511)
4(303 302 1519 1520)
4(293 304 1521 1512)
4(304 303 1520 1521)
4(283 294 1513 1504)
4(294 293 1512 1513)
4(294 305 1522 1513)
4(305 304 1521 1522)
4(399 405 1600 1596)
4(405 294 1513 1600)
4(405 411 1604 1600)
4(411 305 1522 1604)
4(486 487 1662 1661)
4(487 391 1590 1662)
4(487 488 1663 1662)
4(488 392 1591 1663)
4(582 583 1734 1733)
4(583 487 1662 1734)
4(583 584 1735 1734)
4(584 488 1663 1735)
4(488 489 1664 1663)
4(489 393 1592 1664)
4(489 495 1668 1664)
4(495 399 1596 1668)
4(584 585 1736 1735)
4(585 489 1664 1736)
4(585 591 1740 1736)
4(591 495 1668 1740)
4(495 501 1672 1668)
4(501 405 1600 1672)
4(501 507 1676 1672)
4(507 411 1604 1676)
4(591 597 1744 1740)
4(597 501 1672 1744)
4(597 603 1748 1744)
4(603 507 1676 1748)
4(300 311 1526 1517)
4(311 310 1525 1526)
4(310 299 1516 1525)
4(311 322 1535 1526)
4(322 321 1534 1535)
4(321 310 1525 1534)
4(310 416 1607 1525)
4(416 410 1603 1607)
4(321 422 1611 1534)
4(422 416 1607 1611)
4(301 312 1527 1518)
4(312 311 1526 1527)
4(302 313 1528 1519)
4(313 312 1527 1528)
4(312 323 1536 1527)
4(323 322 1535 1536)
4(313 324 1537 1528)
4(324 323 1536 1537)
4(322 333 1544 1535)
4(333 332 1543 1544)
4(332 321 1534 1543)
4(332 428 1615 1543)
4(428 422 1611 1615)
4(333 429 1616 1544)
4(429 428 1615 1616)
4(323 334 1545 1536)
4(334 333 1544 1545)
4(324 335 1546 1537)
4(335 334 1545 1546)
4(334 430 1617 1545)
4(430 429 1616 1617)
4(335 431 1618 1546)
4(431 430 1617 1618)
4(416 512 1679 1607)
4(512 506 1675 1679)
4(422 518 1683 1611)
4(518 512 1679 1683)
4(512 608 1751 1679)
4(608 602 1747 1751)
4(518 614 1755 1683)
4(614 608 1751 1755)
4(428 524 1687 1615)
4(524 518 1683 1687)
4(429 525 1688 1616)
4(525 524 1687 1688)
4(524 620 1759 1687)
4(620 614 1755 1759)
4(525 621 1760 1688)
4(621 620 1759 1760)
4(430 526 1689 1617)
4(526 525 1688 1689)
4(431 527 1690 1618)
4(527 526 1689 1690)
4(526 622 1761 1689)
4(622 621 1760 1761)
4(527 623 1762 1690)
4(623 622 1761 1762)
4(303 314 1529 1520)
4(314 313 1528 1529)
4(304 315 1530 1521)
4(315 314 1529 1530)
4(314 325 1538 1529)
4(325 324 1537 1538)
4(315 326 1539 1530)
4(326 325 1538 1539)
4(305 316 1531 1522)
4(316 315 1530 1531)
4(316 327 1540 1531)
4(327 326 1539 1540)
4(411 417 1608 1604)
4(417 316 1531 1608)
4(417 423 1612 1608)
4(423 327 1540 1612)
4(325 336 1547 1538)
4(336 335 1546 1547)
4(326 337 1548 1539)
4(337 336 1547 1548)
4(336 432 1619 1547)
4(432 431 1618 1619)
4(337 433 1620 1548)
4(433 432 1619 1620)
4(327 338 1549 1540)
4(338 337 1548 1549)
4(423 434 1621 1612)
4(434 338 1549 1621)
4(434 433 1620 1621)
4(507 513 1680 1676)
4(513 417 1608 1680)
4(513 519 1684 1680)
4(519 423 1612 1684)
4(603 609 1752 1748)
4(609 513 1680 1752)
4(609 615 1756 1752)
4(615 519 1684 1756)
4(432 528 1691 1619)
4(528 527 1690 1691)
4(433 529 1692 1620)
4(529 528 1691 1692)
4(528 624 1763 1691)
4(624 623 1762 1763)
4(529 625 1764 1692)
4(625 624 1763 1764)
4(519 530 1693 1684)
4(530 434 1621 1693)
4(530 529 1692 1693)
4(615 626 1765 1756)
4(626 530 1693 1765)
4(626 625 1764 1765)
4(579 675 1802 1730)
4(675 676 1803 1802)
4(676 580 1731 1803)
4(590 686 1811 1739)
4(686 675 1802 1811)
4(675 771 1874 1802)
4(771 772 1875 1874)
4(772 676 1803 1875)
4(686 782 1883 1811)
4(782 771 1874 1883)
4(676 677 1804 1803)
4(677 581 1732 1804)
4(677 678 1805 1804)
4(678 582 1733 1805)
4(772 773 1876 1875)
4(773 677 1804 1876)
4(773 774 1877 1876)
4(774 678 1805 1877)
4(596 692 1815 1743)
4(692 686 1811 1815)
4(602 698 1819 1747)
4(698 692 1815 1819)
4(692 788 1887 1815)
4(788 782 1883 1887)
4(698 794 1891 1819)
4(794 788 1887 1891)
4(771 867 1946 1874)
4(867 868 1947 1946)
4(868 772 1875 1947)
4(782 878 1955 1883)
4(878 867 1946 1955)
4(878 879 1956 1955)
4(879 868 1947 1956)
4(868 869 1948 1947)
4(869 773 1876 1948)
4(869 870 1949 1948)
4(870 774 1877 1949)
4(879 880 1957 1956)
4(880 869 1948 1957)
4(880 881 1958 1957)
4(881 870 1949 1958)
4(788 889 1964 1887)
4(889 878 1955 1964)
4(794 900 1973 1891)
4(900 889 1964 1973)
4(889 890 1965 1964)
4(890 879 1956 1965)
4(900 901 1974 1973)
4(901 890 1965 1974)
4(890 891 1966 1965)
4(891 880 1957 1966)
4(891 892 1967 1966)
4(892 881 1958 1967)
4(901 902 1975 1974)
4(902 891 1966 1975)
4(902 903 1976 1975)
4(903 892 1967 1976)
4(678 679 1806 1805)
4(679 583 1734 1806)
4(679 680 1807 1806)
4(680 584 1735 1807)
4(774 775 1878 1877)
4(775 679 1806 1878)
4(775 776 1879 1878)
4(776 680 1807 1879)
4(680 681 1808 1807)
4(681 585 1736 1808)
4(681 687 1812 1808)
4(687 591 1740 1812)
4(776 777 1880 1879)
4(777 681 1808 1880)
4(777 783 1884 1880)
4(783 687 1812 1884)
4(687 693 1816 1812)
4(693 597 1744 1816)
4(693 699 1820 1816)
4(699 603 1748 1820)
4(783 789 1888 1884)
4(789 693 1816 1888)
4(789 795 1892 1888)
4(795 699 1820 1892)
4(870 871 1950 1949)
4(871 775 1878 1950)
4(871 872 1951 1950)
4(872 776 1879 1951)
4(881 882 1959 1958)
4(882 871 1950 1959)
4(882 883 1960 1959)
4(883 872 1951 1960)
4(872 873 1952 1951)
4(873 777 1880 1952)
4(873 884 1961 1952)
4(884 783 1884 1961)
4(883 884 1961 1960)
4(892 893 1968 1967)
4(893 882 1959 1968)
4(893 894 1969 1968)
4(894 883 1960 1969)
4(903 904 1977 1976)
4(904 893 1968 1977)
4(904 905 1978 1977)
4(905 894 1969 1978)
4(884 895 1970 1961)
4(895 789 1888 1970)
4(895 906 1979 1970)
4(906 795 1892 1979)
4(894 895 1970 1969)
4(905 906 1979 1978)
4(608 704 1823 1751)
4(704 698 1819 1823)
4(614 710 1827 1755)
4(710 704 1823 1827)
4(704 800 1895 1823)
4(800 794 1891 1895)
4(710 806 1899 1827)
4(806 800 1895 1899)
4(620 716 1831 1759)
4(716 710 1827 1831)
4(621 717 1832 1760)
4(717 716 1831 1832)
4(716 812 1903 1831)
4(812 806 1899 1903)
4(717 813 1904 1832)
4(813 812 1903 1904)
4(622 718 1833 1761)
4(718 717 1832 1833)
4(623 719 1834 1762)
4(719 718 1833 1834)
4(718 814 1905 1833)
4(814 813 1904 1905)
4(719 815 1906 1834)
4(815 814 1905 1906)
4(800 911 1982 1895)
4(911 900 1973 1982)
4(806 922 1991 1899)
4(922 911 1982 1991)
4(911 912 1983 1982)
4(912 901 1974 1983)
4(922 923 1992 1991)
4(923 912 1983 1992)
4(912 913 1984 1983)
4(913 902 1975 1984)
4(913 914 1985 1984)
4(914 903 1976 1985)
4(923 924 1993 1992)
4(924 913 1984 1993)
4(924 925 1994 1993)
4(925 914 1985 1994)
4(812 933 2000 1903)
4(933 922 1991 2000)
4(813 934 2001 1904)
4(934 933 2000 2001)
4(934 923 1992 2001)
4(814 935 2002 1905)
4(935 934 2001 2002)
4(815 936 2003 1906)
4(936 935 2002 2003)
4(935 924 1993 2002)
4(936 925 1994 2003)
4(699 705 1824 1820)
4(705 609 1752 1824)
4(705 711 1828 1824)
4(711 615 1756 1828)
4(795 801 1896 1892)
4(801 705 1824 1896)
4(801 807 1900 1896)
4(807 711 1828 1900)
4(624 720 1835 1763)
4(720 719 1834 1835)
4(625 721 1836 1764)
4(721 720 1835 1836)
4(720 816 1907 1835)
4(816 815 1906 1907)
4(721 817 1908 1836)
4(817 816 1907 1908)
4(711 722 1837 1828)
4(722 626 1765 1837)
4(722 721 1836 1837)
4(807 818 1909 1900)
4(818 722 1837 1909)
4(818 817 1908 1909)
4(914 915 1986 1985)
4(915 904 1977 1986)
4(915 916 1987 1986)
4(916 905 1978 1987)
4(925 926 1995 1994)
4(926 915 1986 1995)
4(926 927 1996 1995)
4(927 916 1987 1996)
4(906 917 1988 1979)
4(917 801 1896 1988)
4(917 928 1997 1988)
4(928 807 1900 1997)
4(916 917 1988 1987)
4(927 928 1997 1996)
4(816 937 2004 1907)
4(937 936 2003 2004)
4(817 938 2005 1908)
4(938 937 2004 2005)
4(937 926 1995 2004)
4(938 927 1996 2005)
4(928 939 2006 1997)
4(939 818 1909 2006)
4(939 938 2005 2006)
4(0 11 1249 1212)
4(11 12 1250 1249)
4(12 1 1215 1250)
4(1 0 1212 1215)
4(12 13 1251 1250)
4(13 2 1218 1251)
4(2 1 1215 1218)
4(13 14 1252 1251)
4(14 3 1221 1252)
4(3 2 1218 1221)
4(14 15 1253 1252)
4(15 4 1224 1253)
4(4 3 1221 1224)
4(15 16 1254 1253)
4(16 5 1227 1254)
4(5 4 1224 1227)
4(11 22 1264 1249)
4(22 23 1265 1264)
4(23 12 1250 1265)
4(22 33 1279 1264)
4(33 34 1280 1279)
4(34 23 1265 1280)
4(33 44 1294 1279)
4(44 45 1295 1294)
4(45 34 1280 1295)
4(44 55 1309 1294)
4(55 56 1310 1309)
4(56 45 1295 1310)
4(23 24 1266 1265)
4(24 13 1251 1266)
4(24 25 1267 1266)
4(25 14 1252 1267)
4(34 35 1281 1280)
4(35 24 1266 1281)
4(35 36 1282 1281)
4(36 25 1267 1282)
4(25 26 1268 1267)
4(26 15 1253 1268)
4(26 27 1269 1268)
4(27 16 1254 1269)
4(36 37 1283 1282)
4(37 26 1268 1283)
4(37 38 1284 1283)
4(38 27 1269 1284)
4(45 46 1296 1295)
4(46 35 1281 1296)
4(46 47 1297 1296)
4(47 36 1282 1297)
4(56 57 1311 1310)
4(57 46 1296 1311)
4(57 58 1312 1311)
4(58 47 1297 1312)
4(47 48 1298 1297)
4(48 37 1283 1298)
4(48 49 1299 1298)
4(49 38 1284 1299)
4(58 59 1313 1312)
4(59 48 1298 1313)
4(59 60 1314 1313)
4(60 49 1299 1314)
4(16 17 1255 1254)
4(17 6 1230 1255)
4(6 5 1227 1230)
4(17 18 1256 1255)
4(18 7 1233 1256)
4(7 6 1230 1233)
4(18 19 1257 1256)
4(19 8 1236 1257)
4(8 7 1233 1236)
4(19 20 1258 1257)
4(20 9 1239 1258)
4(9 8 1236 1239)
4(20 21 1261 1258)
4(21 10 1246 1261)
4(10 9 1239 1246)
4(27 28 1270 1269)
4(28 17 1255 1270)
4(28 29 1271 1270)
4(29 18 1256 1271)
4(38 39 1285 1284)
4(39 28 1270 1285)
4(39 40 1286 1285)
4(40 29 1271 1286)
4(29 30 1272 1271)
4(30 19 1257 1272)
4(30 31 1273 1272)
4(31 20 1258 1273)
4(40 41 1287 1286)
4(41 30 1272 1287)
4(41 42 1288 1287)
4(42 31 1273 1288)
4(49 50 1300 1299)
4(50 39 1285 1300)
4(50 51 1301 1300)
4(51 40 1286 1301)
4(60 61 1315 1314)
4(61 50 1300 1315)
4(61 62 1316 1315)
4(62 51 1301 1316)
4(51 52 1302 1301)
4(52 41 1287 1302)
4(52 53 1303 1302)
4(53 42 1288 1303)
4(62 63 1317 1316)
4(63 52 1302 1317)
4(63 64 1318 1317)
4(64 53 1303 1318)
4(31 32 1276 1273)
4(32 21 1261 1276)
4(42 43 1291 1288)
4(43 32 1276 1291)
4(53 54 1306 1303)
4(54 43 1291 1306)
4(64 65 1321 1318)
4(65 54 1306 1321)
4(55 66 1324 1309)
4(66 67 1325 1324)
4(67 56 1310 1325)
4(66 77 1339 1324)
4(77 78 1340 1339)
4(78 67 1325 1340)
4(77 88 1354 1339)
4(88 89 1355 1354)
4(89 78 1340 1355)
4(88 99 1369 1354)
4(99 100 1370 1369)
4(100 89 1355 1370)
4(67 68 1326 1325)
4(68 57 1311 1326)
4(68 69 1327 1326)
4(69 58 1312 1327)
4(78 79 1341 1340)
4(79 68 1326 1341)
4(79 80 1342 1341)
4(80 69 1327 1342)
4(69 70 1328 1327)
4(70 59 1313 1328)
4(70 71 1329 1328)
4(71 60 1314 1329)
4(80 81 1343 1342)
4(81 70 1328 1343)
4(81 82 1344 1343)
4(82 71 1329 1344)
4(89 90 1356 1355)
4(90 79 1341 1356)
4(90 91 1357 1356)
4(91 80 1342 1357)
4(100 101 1371 1370)
4(101 90 1356 1371)
4(101 102 1372 1371)
4(102 91 1357 1372)
4(91 92 1358 1357)
4(92 81 1343 1358)
4(92 93 1359 1358)
4(93 82 1344 1359)
4(102 103 1373 1372)
4(103 92 1358 1373)
4(103 104 1374 1373)
4(104 93 1359 1374)
4(99 110 1388 1369)
4(110 111 1391 1388)
4(111 100 1370 1391)
4(111 112 1394 1391)
4(112 101 1371 1394)
4(112 113 1397 1394)
4(113 102 1372 1397)
4(113 114 1400 1397)
4(114 103 1373 1400)
4(114 115 1403 1400)
4(115 104 1374 1403)
4(71 72 1330 1329)
4(72 61 1315 1330)
4(72 73 1331 1330)
4(73 62 1316 1331)
4(82 83 1345 1344)
4(83 72 1330 1345)
4(83 84 1346 1345)
4(84 73 1331 1346)
4(73 74 1332 1331)
4(74 63 1317 1332)
4(74 75 1333 1332)
4(75 64 1318 1333)
4(84 85 1347 1346)
4(85 74 1332 1347)
4(85 86 1348 1347)
4(86 75 1333 1348)
4(93 94 1360 1359)
4(94 83 1345 1360)
4(94 95 1361 1360)
4(95 84 1346 1361)
4(104 105 1375 1374)
4(105 94 1360 1375)
4(105 106 1376 1375)
4(106 95 1361 1376)
4(95 96 1362 1361)
4(96 85 1347 1362)
4(96 97 1363 1362)
4(97 86 1348 1363)
4(106 107 1377 1376)
4(107 96 1362 1377)
4(107 108 1378 1377)
4(108 97 1363 1378)
4(75 76 1336 1333)
4(76 65 1321 1336)
4(86 87 1351 1348)
4(87 76 1336 1351)
4(97 98 1366 1363)
4(98 87 1351 1366)
4(108 109 1381 1378)
4(109 98 1366 1381)
4(115 116 1406 1403)
4(116 105 1375 1406)
4(116 117 1409 1406)
4(117 106 1376 1409)
4(117 118 1412 1409)
4(118 107 1377 1412)
4(118 119 1415 1412)
4(119 108 1378 1415)
4(119 120 1422 1415)
4(120 109 1381 1422)
4(1085 1086 2082 2079)
4(1086 1097 2117 2082)
4(1097 1096 2116 2117)
4(1096 1085 2079 2116)
4(1086 1087 2085 2082)
4(1087 1098 2118 2085)
4(1098 1097 2117 2118)
4(1087 1088 2088 2085)
4(1088 1099 2119 2088)
4(1099 1098 2118 2119)
4(1088 1089 2091 2088)
4(1089 1100 2120 2091)
4(1100 1099 2119 2120)
4(1089 1090 2094 2091)
4(1090 1101 2121 2094)
4(1101 1100 2120 2121)
4(1097 1108 2132 2117)
4(1108 1107 2131 2132)
4(1107 1096 2116 2131)
4(1108 1119 2147 2132)
4(1119 1118 2146 2147)
4(1118 1107 2131 2146)
4(1119 1130 2162 2147)
4(1130 1129 2161 2162)
4(1129 1118 2146 2161)
4(1130 1141 2177 2162)
4(1141 1140 2176 2177)
4(1140 1129 2161 2176)
4(1098 1109 2133 2118)
4(1109 1108 2132 2133)
4(1099 1110 2134 2119)
4(1110 1109 2133 2134)
4(1109 1120 2148 2133)
4(1120 1119 2147 2148)
4(1110 1121 2149 2134)
4(1121 1120 2148 2149)
4(1100 1111 2135 2120)
4(1111 1110 2134 2135)
4(1101 1112 2136 2121)
4(1112 1111 2135 2136)
4(1111 1122 2150 2135)
4(1122 1121 2149 2150)
4(1112 1123 2151 2136)
4(1123 1122 2150 2151)
4(1120 1131 2163 2148)
4(1131 1130 2162 2163)
4(1121 1132 2164 2149)
4(1132 1131 2163 2164)
4(1131 1142 2178 2163)
4(1142 1141 2177 2178)
4(1132 1143 2179 2164)
4(1143 1142 2178 2179)
4(1122 1133 2165 2150)
4(1133 1132 2164 2165)
4(1123 1134 2166 2151)
4(1134 1133 2165 2166)
4(1133 1144 2180 2165)
4(1144 1143 2179 2180)
4(1134 1145 2181 2166)
4(1145 1144 2180 2181)
4(1090 1091 2097 2094)
4(1091 1102 2122 2097)
4(1102 1101 2121 2122)
4(1091 1092 2100 2097)
4(1092 1103 2123 2100)
4(1103 1102 2122 2123)
4(1092 1093 2103 2100)
4(1093 1104 2124 2103)
4(1104 1103 2123 2124)
4(1093 1094 2106 2103)
4(1094 1105 2125 2106)
4(1105 1104 2124 2125)
4(1094 1095 2113 2106)
4(1095 1106 2128 2113)
4(1106 1105 2125 2128)
4(1102 1113 2137 2122)
4(1113 1112 2136 2137)
4(1103 1114 2138 2123)
4(1114 1113 2137 2138)
4(1113 1124 2152 2137)
4(1124 1123 2151 2152)
4(1114 1125 2153 2138)
4(1125 1124 2152 2153)
4(1104 1115 2139 2124)
4(1115 1114 2138 2139)
4(1105 1116 2140 2125)
4(1116 1115 2139 2140)
4(1115 1126 2154 2139)
4(1126 1125 2153 2154)
4(1116 1127 2155 2140)
4(1127 1126 2154 2155)
4(1124 1135 2167 2152)
4(1135 1134 2166 2167)
4(1125 1136 2168 2153)
4(1136 1135 2167 2168)
4(1135 1146 2182 2167)
4(1146 1145 2181 2182)
4(1136 1147 2183 2168)
4(1147 1146 2182 2183)
4(1126 1137 2169 2154)
4(1137 1136 2168 2169)
4(1127 1138 2170 2155)
4(1138 1137 2169 2170)
4(1137 1148 2184 2169)
4(1148 1147 2183 2184)
4(1138 1149 2185 2170)
4(1149 1148 2184 2185)
4(1106 1117 2143 2128)
4(1117 1116 2140 2143)
4(1117 1128 2158 2143)
4(1128 1127 2155 2158)
4(1128 1139 2173 2158)
4(1139 1138 2170 2173)
4(1139 1150 2188 2173)
4(1150 1149 2185 2188)
4(1141 1152 2192 2177)
4(1152 1151 2191 2192)
4(1151 1140 2176 2191)
4(1152 1163 2207 2192)
4(1163 1162 2206 2207)
4(1162 1151 2191 2206)
4(1163 1174 2222 2207)
4(1174 1173 2221 2222)
4(1173 1162 2206 2221)
4(1174 1185 2237 2222)
4(1185 1184 2236 2237)
4(1184 1173 2221 2236)
4(1142 1153 2193 2178)
4(1153 1152 2192 2193)
4(1143 1154 2194 2179)
4(1154 1153 2193 2194)
4(1153 1164 2208 2193)
4(1164 1163 2207 2208)
4(1154 1165 2209 2194)
4(1165 1164 2208 2209)
4(1144 1155 2195 2180)
4(1155 1154 2194 2195)
4(1145 1156 2196 2181)
4(1156 1155 2195 2196)
4(1155 1166 2210 2195)
4(1166 1165 2209 2210)
4(1156 1167 2211 2196)
4(1167 1166 2210 2211)
4(1164 1175 2223 2208)
4(1175 1174 2222 2223)
4(1165 1176 2224 2209)
4(1176 1175 2223 2224)
4(1175 1186 2238 2223)
4(1186 1185 2237 2238)
4(1176 1187 2239 2224)
4(1187 1186 2238 2239)
4(1166 1177 2225 2210)
4(1177 1176 2224 2225)
4(1167 1178 2226 2211)
4(1178 1177 2225 2226)
4(1177 1188 2240 2225)
4(1188 1187 2239 2240)
4(1178 1189 2241 2226)
4(1189 1188 2240 2241)
4(1185 1196 2258 2237)
4(1196 1195 2255 2258)
4(1195 1184 2236 2255)
4(1186 1197 2261 2238)
4(1197 1196 2258 2261)
4(1187 1198 2264 2239)
4(1198 1197 2261 2264)
4(1188 1199 2267 2240)
4(1199 1198 2264 2267)
4(1189 1200 2270 2241)
4(1200 1199 2267 2270)
4(1146 1157 2197 2182)
4(1157 1156 2196 2197)
4(1147 1158 2198 2183)
4(1158 1157 2197 2198)
4(1157 1168 2212 2197)
4(1168 1167 2211 2212)
4(1158 1169 2213 2198)
4(1169 1168 2212 2213)
4(1148 1159 2199 2184)
4(1159 1158 2198 2199)
4(1149 1160 2200 2185)
4(1160 1159 2199 2200)
4(1159 1170 2214 2199)
4(1170 1169 2213 2214)
4(1160 1171 2215 2200)
4(1171 1170 2214 2215)
4(1168 1179 2227 2212)
4(1179 1178 2226 2227)
4(1169 1180 2228 2213)
4(1180 1179 2227 2228)
4(1179 1190 2242 2227)
4(1190 1189 2241 2242)
4(1180 1191 2243 2228)
4(1191 1190 2242 2243)
4(1170 1181 2229 2214)
4(1181 1180 2228 2229)
4(1171 1182 2230 2215)
4(1182 1181 2229 2230)
4(1181 1192 2244 2229)
4(1192 1191 2243 2244)
4(1182 1193 2245 2230)
4(1193 1192 2244 2245)
4(1150 1161 2203 2188)
4(1161 1160 2200 2203)
4(1161 1172 2218 2203)
4(1172 1171 2215 2218)
4(1172 1183 2233 2218)
4(1183 1182 2230 2233)
4(1183 1194 2248 2233)
4(1194 1193 2245 2248)
4(1190 1201 2273 2242)
4(1201 1200 2270 2273)
4(1191 1202 2276 2243)
4(1202 1201 2273 2276)
4(1192 1203 2279 2244)
4(1203 1202 2276 2279)
4(1193 1204 2282 2245)
4(1204 1203 2279 2282)
4(1194 1205 2289 2248)
4(1205 1204 2282 2289)
4(0 121 1425 1211)
4(121 132 1438 1425)
4(132 11 1248 1438)
4(11 0 1211 1248)
4(132 143 1440 1438)
4(143 22 1263 1440)
4(22 11 1248 1263)
4(143 154 1442 1440)
4(154 33 1278 1442)
4(33 22 1263 1278)
4(154 165 1444 1442)
4(165 44 1293 1444)
4(44 33 1278 1293)
4(165 176 1446 1444)
4(176 55 1308 1446)
4(55 44 1293 1308)
4(121 242 1473 1425)
4(242 253 1486 1473)
4(253 132 1438 1486)
4(242 363 1570 1473)
4(363 374 1583 1570)
4(374 253 1486 1583)
4(363 459 1642 1570)
4(459 470 1655 1642)
4(470 374 1583 1655)
4(459 555 1714 1642)
4(555 566 1727 1714)
4(566 470 1655 1727)
4(253 264 1488 1486)
4(264 143 1440 1488)
4(264 275 1497 1488)
4(275 154 1442 1497)
4(374 385 1585 1583)
4(385 264 1488 1585)
4(385 396 1594 1585)
4(396 275 1497 1594)
4(275 286 1506 1497)
4(286 165 1444 1506)
4(286 297 1515 1506)
4(297 176 1446 1515)
4(396 402 1598 1594)
4(402 286 1506 1598)
4(402 408 1602 1598)
4(408 297 1515 1602)
4(470 481 1657 1655)
4(481 385 1585 1657)
4(481 492 1666 1657)
4(492 396 1594 1666)
4(566 577 1729 1727)
4(577 481 1657 1729)
4(577 588 1738 1729)
4(588 492 1666 1738)
4(492 498 1670 1666)
4(498 402 1598 1670)
4(498 504 1674 1670)
4(504 408 1602 1674)
4(588 594 1742 1738)
4(594 498 1670 1742)
4(594 600 1746 1742)
4(600 504 1674 1746)
4(176 187 1448 1446)
4(187 66 1323 1448)
4(66 55 1308 1323)
4(187 198 1450 1448)
4(198 77 1338 1450)
4(77 66 1323 1338)
4(198 209 1452 1450)
4(209 88 1353 1452)
4(88 77 1338 1353)
4(209 220 1454 1452)
4(220 99 1368 1454)
4(99 88 1353 1368)
4(220 231 1458 1454)
4(231 110 1387 1458)
4(110 99 1368 1387)
4(297 308 1524 1515)
4(308 187 1448 1524)
4(308 319 1533 1524)
4(319 198 1450 1533)
4(408 414 1606 1602)
4(414 308 1524 1606)
4(414 420 1610 1606)
4(420 319 1533 1610)
4(319 330 1542 1533)
4(330 209 1452 1542)
4(330 341 1551 1542)
4(341 220 1454 1551)
4(420 426 1614 1610)
4(426 330 1542 1614)
4(426 437 1623 1614)
4(437 341 1551 1623)
4(504 510 1678 1674)
4(510 414 1606 1678)
4(510 516 1682 1678)
4(516 420 1610 1682)
4(600 606 1750 1746)
4(606 510 1678 1750)
4(606 612 1754 1750)
4(612 516 1682 1754)
4(516 522 1686 1682)
4(522 426 1614 1686)
4(522 533 1695 1686)
4(533 437 1623 1695)
4(612 618 1758 1754)
4(618 522 1686 1758)
4(618 629 1767 1758)
4(629 533 1695 1767)
4(341 352 1555 1551)
4(352 231 1458 1555)
4(437 448 1627 1623)
4(448 352 1555 1627)
4(533 544 1699 1695)
4(544 448 1627 1699)
4(629 640 1771 1767)
4(640 544 1699 1771)
4(555 651 1786 1714)
4(651 662 1799 1786)
4(662 566 1727 1799)
4(651 747 1858 1786)
4(747 758 1871 1858)
4(758 662 1799 1871)
4(747 843 1930 1858)
4(843 854 1943 1930)
4(854 758 1871 1943)
4(843 964 2027 1930)
4(964 975 2040 2027)
4(975 854 1943 2040)
4(662 673 1801 1799)
4(673 577 1729 1801)
4(673 684 1810 1801)
4(684 588 1738 1810)
4(758 769 1873 1871)
4(769 673 1801 1873)
4(769 780 1882 1873)
4(780 684 1810 1882)
4(684 690 1814 1810)
4(690 594 1742 1814)
4(690 696 1818 1814)
4(696 600 1746 1818)
4(780 786 1886 1882)
4(786 690 1814 1886)
4(786 792 1890 1886)
4(792 696 1818 1890)
4(854 865 1945 1943)
4(865 769 1873 1945)
4(865 876 1954 1945)
4(876 780 1882 1954)
4(975 986 2042 2040)
4(986 865 1945 2042)
4(986 997 2044 2042)
4(997 876 1954 2044)
4(876 887 1963 1954)
4(887 786 1886 1963)
4(887 898 1972 1963)
4(898 792 1890 1972)
4(997 1008 2046 2044)
4(1008 887 1963 2046)
4(1008 1019 2048 2046)
4(1019 898 1972 2048)
4(964 1085 2078 2027)
4(1085 1096 2115 2078)
4(1096 975 2040 2115)
4(1096 1107 2130 2115)
4(1107 986 2042 2130)
4(1107 1118 2145 2130)
4(1118 997 2044 2145)
4(1118 1129 2160 2145)
4(1129 1008 2046 2160)
4(1129 1140 2175 2160)
4(1140 1019 2048 2175)
4(696 702 1822 1818)
4(702 606 1750 1822)
4(702 708 1826 1822)
4(708 612 1754 1826)
4(792 798 1894 1890)
4(798 702 1822 1894)
4(798 804 1898 1894)
4(804 708 1826 1898)
4(708 714 1830 1826)
4(714 618 1758 1830)
4(714 725 1839 1830)
4(725 629 1767 1839)
4(804 810 1902 1898)
4(810 714 1830 1902)
4(810 821 1911 1902)
4(821 725 1839 1911)
4(898 909 1981 1972)
4(909 798 1894 1981)
4(909 920 1990 1981)
4(920 804 1898 1990)
4(1019 1030 2050 2048)
4(1030 909 1981 2050)
4(1030 1041 2052 2050)
4(1041 920 1990 2052)
4(920 931 1999 1990)
4(931 810 1902 1999)
4(931 942 2008 1999)
4(942 821 1911 2008)
4(1041 1052 2054 2052)
4(1052 931 1999 2054)
4(1052 1063 2056 2054)
4(1063 942 2008 2056)
4(725 736 1843 1839)
4(736 640 1771 1843)
4(821 832 1915 1911)
4(832 736 1843 1915)
4(942 953 2012 2008)
4(953 832 1915 2012)
4(1063 1074 2060 2056)
4(1074 953 2012 2060)
4(1140 1151 2190 2175)
4(1151 1030 2050 2190)
4(1151 1162 2205 2190)
4(1162 1041 2052 2205)
4(1162 1173 2220 2205)
4(1173 1052 2054 2220)
4(1173 1184 2235 2220)
4(1184 1063 2056 2235)
4(1184 1195 2254 2235)
4(1195 1074 2060 2254)
4(10 21 1260 1245)
4(21 142 1439 1260)
4(142 131 1437 1439)
4(131 10 1245 1437)
4(21 32 1275 1260)
4(32 153 1441 1275)
4(153 142 1439 1441)
4(32 43 1290 1275)
4(43 164 1443 1290)
4(164 153 1441 1443)
4(43 54 1305 1290)
4(54 175 1445 1305)
4(175 164 1443 1445)
4(54 65 1320 1305)
4(65 186 1447 1320)
4(186 175 1445 1447)
4(142 263 1487 1439)
4(263 252 1485 1487)
4(252 131 1437 1485)
4(263 384 1584 1487)
4(384 373 1582 1584)
4(373 252 1485 1582)
4(384 480 1656 1584)
4(480 469 1654 1656)
4(469 373 1582 1654)
4(480 576 1728 1656)
4(576 565 1726 1728)
4(565 469 1654 1726)
4(153 274 1496 1441)
4(274 263 1487 1496)
4(164 285 1505 1443)
4(285 274 1496 1505)
4(274 395 1593 1496)
4(395 384 1584 1593)
4(285 401 1597 1505)
4(401 395 1593 1597)
4(175 296 1514 1445)
4(296 285 1505 1514)
4(186 307 1523 1447)
4(307 296 1514 1523)
4(296 407 1601 1514)
4(407 401 1597 1601)
4(307 413 1605 1523)
4(413 407 1601 1605)
4(395 491 1665 1593)
4(491 480 1656 1665)
4(401 497 1669 1597)
4(497 491 1665 1669)
4(491 587 1737 1665)
4(587 576 1728 1737)
4(497 593 1741 1669)
4(593 587 1737 1741)
4(407 503 1673 1601)
4(503 497 1669 1673)
4(413 509 1677 1605)
4(509 503 1673 1677)
4(503 599 1745 1673)
4(599 593 1741 1745)
4(509 605 1749 1677)
4(605 599 1745 1749)
4(65 76 1335 1320)
4(76 197 1449 1335)
4(197 186 1447 1449)
4(76 87 1350 1335)
4(87 208 1451 1350)
4(208 197 1449 1451)
4(87 98 1365 1350)
4(98 219 1453 1365)
4(219 208 1451 1453)
4(98 109 1380 1365)
4(109 230 1455 1380)
4(230 219 1453 1455)
4(109 120 1421 1380)
4(120 241 1470 1421)
4(241 230 1455 1470)
4(197 318 1532 1449)
4(318 307 1523 1532)
4(208 329 1541 1451)
4(329 318 1532 1541)
4(318 419 1609 1532)
4(419 413 1605 1609)
4(329 425 1613 1541)
4(425 419 1609 1613)
4(219 340 1550 1453)
4(340 329 1541 1550)
4(230 351 1552 1455)
4(351 340 1550 1552)
4(340 436 1622 1550)
4(436 425 1613 1622)
4(351 447 1624 1552)
4(447 436 1622 1624)
4(419 515 1681 1609)
4(515 509 1677 1681)
4(425 521 1685 1613)
4(521 515 1681 1685)
4(515 611 1753 1681)
4(611 605 1749 1753)
4(521 617 1757 1685)
4(617 611 1753 1757)
4(436 532 1694 1622)
4(532 521 1685 1694)
4(447 543 1696 1624)
4(543 532 1694 1696)
4(532 628 1766 1694)
4(628 617 1757 1766)
4(543 639 1768 1696)
4(639 628 1766 1768)
4(241 362 1567 1470)
4(362 351 1552 1567)
4(362 458 1639 1567)
4(458 447 1624 1639)
4(458 554 1711 1639)
4(554 543 1696 1711)
4(554 650 1783 1711)
4(650 639 1768 1783)
4(576 672 1800 1728)
4(672 661 1798 1800)
4(661 565 1726 1798)
4(672 768 1872 1800)
4(768 757 1870 1872)
4(757 661 1798 1870)
4(768 864 1944 1872)
4(864 853 1942 1944)
4(853 757 1870 1942)
4(864 985 2041 1944)
4(985 974 2039 2041)
4(974 853 1942 2039)
4(587 683 1809 1737)
4(683 672 1800 1809)
4(593 689 1813 1741)
4(689 683 1809 1813)
4(683 779 1881 1809)
4(779 768 1872 1881)
4(689 785 1885 1813)
4(785 779 1881 1885)
4(599 695 1817 1745)
4(695 689 1813 1817)
4(605 701 1821 1749)
4(701 695 1817 1821)
4(695 791 1889 1817)
4(791 785 1885 1889)
4(701 797 1893 1821)
4(797 791 1889 1893)
4(779 875 1953 1881)
4(875 864 1944 1953)
4(785 886 1962 1885)
4(886 875 1953 1962)
4(875 996 2043 1953)
4(996 985 2041 2043)
4(886 1007 2045 1962)
4(1007 996 2043 2045)
4(791 897 1971 1889)
4(897 886 1962 1971)
4(797 908 1980 1893)
4(908 897 1971 1980)
4(897 1018 2047 1971)
4(1018 1007 2045 2047)
4(908 1029 2049 1980)
4(1029 1018 2047 2049)
4(985 1106 2127 2041)
4(1106 1095 2112 2127)
4(1095 974 2039 2112)
4(996 1117 2142 2043)
4(1117 1106 2127 2142)
4(1007 1128 2157 2045)
4(1128 1117 2142 2157)
4(1018 1139 2172 2047)
4(1139 1128 2157 2172)
4(1029 1150 2187 2049)
4(1150 1139 2172 2187)
4(611 707 1825 1753)
4(707 701 1821 1825)
4(617 713 1829 1757)
4(713 707 1825 1829)
4(707 803 1897 1825)
4(803 797 1893 1897)
4(713 809 1901 1829)
4(809 803 1897 1901)
4(628 724 1838 1766)
4(724 713 1829 1838)
4(639 735 1840 1768)
4(735 724 1838 1840)
4(724 820 1910 1838)
4(820 809 1901 1910)
4(735 831 1912 1840)
4(831 820 1910 1912)
4(803 919 1989 1897)
4(919 908 1980 1989)
4(809 930 1998 1901)
4(930 919 1989 1998)
4(919 1040 2051 1989)
4(1040 1029 2049 2051)
4(930 1051 2053 1998)
4(1051 1040 2051 2053)
4(820 941 2007 1910)
4(941 930 1998 2007)
4(831 952 2009 1912)
4(952 941 2007 2009)
4(941 1062 2055 2007)
4(1062 1051 2053 2055)
4(952 1073 2057 2009)
4(1073 1062 2055 2057)
4(650 746 1855 1783)
4(746 735 1840 1855)
4(746 842 1927 1855)
4(842 831 1912 1927)
4(842 963 2024 1927)
4(963 952 2009 2024)
4(963 1084 2072 2024)
4(1084 1073 2057 2072)
4(1040 1161 2202 2051)
4(1161 1150 2187 2202)
4(1051 1172 2217 2053)
4(1172 1161 2202 2217)
4(1062 1183 2232 2055)
4(1183 1172 2217 2232)
4(1073 1194 2247 2057)
4(1194 1183 2232 2247)
4(1084 1205 2288 2072)
4(1205 1194 2247 2288)
4(0 1 1214 1210)
4(1 122 1426 1214)
4(122 121 1424 1426)
4(121 0 1210 1424)
4(1 2 1217 1214)
4(2 123 1427 1217)
4(123 122 1426 1427)
4(2 3 1220 1217)
4(3 124 1428 1220)
4(124 123 1427 1428)
4(3 4 1223 1220)
4(4 125 1429 1223)
4(125 124 1428 1429)
4(4 5 1226 1223)
4(5 126 1430 1226)
4(126 125 1429 1430)
4(122 243 1474 1426)
4(243 242 1472 1474)
4(242 121 1424 1472)
4(243 364 1571 1474)
4(364 363 1569 1571)
4(363 242 1472 1569)
4(364 460 1643 1571)
4(460 459 1641 1643)
4(459 363 1569 1641)
4(460 556 1715 1643)
4(556 555 1713 1715)
4(555 459 1641 1713)
4(123 244 1475 1427)
4(244 243 1474 1475)
4(124 245 1476 1428)
4(245 244 1475 1476)
4(244 365 1572 1475)
4(365 364 1571 1572)
4(245 366 1573 1476)
4(366 365 1572 1573)
4(125 246 1477 1429)
4(246 245 1476 1477)
4(126 247 1478 1430)
4(247 246 1477 1478)
4(246 367 1574 1477)
4(367 366 1573 1574)
4(247 368 1575 1478)
4(368 367 1574 1575)
4(365 461 1644 1572)
4(461 460 1643 1644)
4(366 462 1645 1573)
4(462 461 1644 1645)
4(461 557 1716 1644)
4(557 556 1715 1716)
4(462 558 1717 1645)
4(558 557 1716 1717)
4(367 463 1646 1574)
4(463 462 1645 1646)
4(368 464 1647 1575)
4(464 463 1646 1647)
4(463 559 1718 1646)
4(559 558 1717 1718)
4(464 560 1719 1647)
4(560 559 1718 1719)
4(5 6 1229 1226)
4(6 127 1431 1229)
4(127 126 1430 1431)
4(6 7 1232 1229)
4(7 128 1432 1232)
4(128 127 1431 1432)
4(7 8 1235 1232)
4(8 129 1433 1235)
4(129 128 1432 1433)
4(8 9 1238 1235)
4(9 130 1434 1238)
4(130 129 1433 1434)
4(9 10 1244 1238)
4(10 131 1436 1244)
4(131 130 1434 1436)
4(127 248 1479 1431)
4(248 247 1478 1479)
4(128 249 1480 1432)
4(249 248 1479 1480)
4(248 369 1576 1479)
4(369 368 1575 1576)
4(249 370 1577 1480)
4(370 369 1576 1577)
4(129 250 1481 1433)
4(250 249 1480 1481)
4(130 251 1482 1434)
4(251 250 1481 1482)
4(250 371 1578 1481)
4(371 370 1577 1578)
4(251 372 1579 1482)
4(372 371 1578 1579)
4(369 465 1648 1576)
4(465 464 1647 1648)
4(370 466 1649 1577)
4(466 465 1648 1649)
4(465 561 1720 1648)
4(561 560 1719 1720)
4(466 562 1721 1649)
4(562 561 1720 1721)
4(371 467 1650 1578)
4(467 466 1649 1650)
4(372 468 1651 1579)
4(468 467 1650 1651)
4(467 563 1722 1650)
4(563 562 1721 1722)
4(468 564 1723 1651)
4(564 563 1722 1723)
4(131 252 1484 1436)
4(252 251 1482 1484)
4(252 373 1581 1484)
4(373 372 1579 1581)
4(373 469 1653 1581)
4(469 468 1651 1653)
4(469 565 1725 1653)
4(565 564 1723 1725)
4(110 231 1457 1386)
4(231 232 1459 1457)
4(232 111 1390 1459)
4(111 110 1386 1390)
4(232 233 1460 1459)
4(233 112 1393 1460)
4(112 111 1390 1393)
4(233 234 1461 1460)
4(234 113 1396 1461)
4(113 112 1393 1396)
4(234 235 1462 1461)
4(235 114 1399 1462)
4(114 113 1396 1399)
4(235 236 1463 1462)
4(236 115 1402 1463)
4(115 114 1399 1402)
4(231 352 1554 1457)
4(352 353 1556 1554)
4(353 232 1459 1556)
4(352 448 1626 1554)
4(448 449 1628 1626)
4(449 353 1556 1628)
4(448 544 1698 1626)
4(544 545 1700 1698)
4(545 449 1628 1700)
4(544 640 1770 1698)
4(640 641 1772 1770)
4(641 545 1700 1772)
4(353 354 1557 1556)
4(354 233 1460 1557)
4(354 355 1558 1557)
4(355 234 1461 1558)
4(449 450 1629 1628)
4(450 354 1557 1629)
4(450 451 1630 1629)
4(451 355 1558 1630)
4(355 356 1559 1558)
4(356 235 1462 1559)
4(356 357 1560 1559)
4(357 236 1463 1560)
4(451 452 1631 1630)
4(452 356 1559 1631)
4(452 453 1632 1631)
4(453 357 1560 1632)
4(545 546 1701 1700)
4(546 450 1629 1701)
4(546 547 1702 1701)
4(547 451 1630 1702)
4(641 642 1773 1772)
4(642 546 1701 1773)
4(642 643 1774 1773)
4(643 547 1702 1774)
4(547 548 1703 1702)
4(548 452 1631 1703)
4(548 549 1704 1703)
4(549 453 1632 1704)
4(643 644 1775 1774)
4(644 548 1703 1775)
4(644 645 1776 1775)
4(645 549 1704 1776)
4(236 237 1464 1463)
4(237 116 1405 1464)
4(116 115 1402 1405)
4(237 238 1465 1464)
4(238 117 1408 1465)
4(117 116 1405 1408)
4(238 239 1466 1465)
4(239 118 1411 1466)
4(118 117 1408 1411)
4(239 240 1467 1466)
4(240 119 1414 1467)
4(119 118 1411 1414)
4(240 241 1469 1467)
4(241 120 1420 1469)
4(120 119 1414 1420)
4(357 358 1561 1560)
4(358 237 1464 1561)
4(358 359 1562 1561)
4(359 238 1465 1562)
4(453 454 1633 1632)
4(454 358 1561 1633)
4(454 455 1634 1633)
4(455 359 1562 1634)
4(359 360 1563 1562)
4(360 239 1466 1563)
4(360 361 1564 1563)
4(361 240 1467 1564)
4(455 456 1635 1634)
4(456 360 1563 1635)
4(456 457 1636 1635)
4(457 361 1564 1636)
4(549 550 1705 1704)
4(550 454 1633 1705)
4(550 551 1706 1705)
4(551 455 1634 1706)
4(645 646 1777 1776)
4(646 550 1705 1777)
4(646 647 1778 1777)
4(647 551 1706 1778)
4(551 552 1707 1706)
4(552 456 1635 1707)
4(552 553 1708 1707)
4(553 457 1636 1708)
4(647 648 1779 1778)
4(648 552 1707 1779)
4(648 649 1780 1779)
4(649 553 1708 1780)
4(361 362 1566 1564)
4(362 241 1469 1566)
4(457 458 1638 1636)
4(458 362 1566 1638)
4(553 554 1710 1708)
4(554 458 1638 1710)
4(649 650 1782 1780)
4(650 554 1710 1782)
4(556 652 1787 1715)
4(652 651 1785 1787)
4(651 555 1713 1785)
4(652 748 1859 1787)
4(748 747 1857 1859)
4(747 651 1785 1857)
4(748 844 1931 1859)
4(844 843 1929 1931)
4(843 747 1857 1929)
4(844 965 2028 1931)
4(965 964 2026 2028)
4(964 843 1929 2026)
4(557 653 1788 1716)
4(653 652 1787 1788)
4(558 654 1789 1717)
4(654 653 1788 1789)
4(653 749 1860 1788)
4(749 748 1859 1860)
4(654 750 1861 1789)
4(750 749 1860 1861)
4(559 655 1790 1718)
4(655 654 1789 1790)
4(560 656 1791 1719)
4(656 655 1790 1791)
4(655 751 1862 1790)
4(751 750 1861 1862)
4(656 752 1863 1791)
4(752 751 1862 1863)
4(749 845 1932 1860)
4(845 844 1931 1932)
4(750 846 1933 1861)
4(846 845 1932 1933)
4(845 966 2029 1932)
4(966 965 2028 2029)
4(846 967 2030 1933)
4(967 966 2029 2030)
4(751 847 1934 1862)
4(847 846 1933 1934)
4(752 848 1935 1863)
4(848 847 1934 1935)
4(847 968 2031 1934)
4(968 967 2030 2031)
4(848 969 2032 1935)
4(969 968 2031 2032)
4(965 1086 2081 2028)
4(1086 1085 2077 2081)
4(1085 964 2026 2077)
4(966 1087 2084 2029)
4(1087 1086 2081 2084)
4(967 1088 2087 2030)
4(1088 1087 2084 2087)
4(968 1089 2090 2031)
4(1089 1088 2087 2090)
4(969 1090 2093 2032)
4(1090 1089 2090 2093)
4(561 657 1792 1720)
4(657 656 1791 1792)
4(562 658 1793 1721)
4(658 657 1792 1793)
4(657 753 1864 1792)
4(753 752 1863 1864)
4(658 754 1865 1793)
4(754 753 1864 1865)
4(563 659 1794 1722)
4(659 658 1793 1794)
4(564 660 1795 1723)
4(660 659 1794 1795)
4(659 755 1866 1794)
4(755 754 1865 1866)
4(660 756 1867 1795)
4(756 755 1866 1867)
4(753 849 1936 1864)
4(849 848 1935 1936)
4(754 850 1937 1865)
4(850 849 1936 1937)
4(849 970 2033 1936)
4(970 969 2032 2033)
4(850 971 2034 1937)
4(971 970 2033 2034)
4(755 851 1938 1866)
4(851 850 1937 1938)
4(756 852 1939 1867)
4(852 851 1938 1939)
4(851 972 2035 1938)
4(972 971 2034 2035)
4(852 973 2036 1939)
4(973 972 2035 2036)
4(565 661 1797 1725)
4(661 660 1795 1797)
4(661 757 1869 1797)
4(757 756 1867 1869)
4(757 853 1941 1869)
4(853 852 1939 1941)
4(853 974 2038 1941)
4(974 973 2036 2038)
4(970 1091 2096 2033)
4(1091 1090 2093 2096)
4(971 1092 2099 2034)
4(1092 1091 2096 2099)
4(972 1093 2102 2035)
4(1093 1092 2099 2102)
4(973 1094 2105 2036)
4(1094 1093 2102 2105)
4(974 1095 2111 2038)
4(1095 1094 2105 2111)
4(640 736 1842 1770)
4(736 737 1844 1842)
4(737 641 1772 1844)
4(736 832 1914 1842)
4(832 833 1916 1914)
4(833 737 1844 1916)
4(832 953 2011 1914)
4(953 954 2013 2011)
4(954 833 1916 2013)
4(953 1074 2059 2011)
4(1074 1075 2061 2059)
4(1075 954 2013 2061)
4(737 738 1845 1844)
4(738 642 1773 1845)
4(738 739 1846 1845)
4(739 643 1774 1846)
4(833 834 1917 1916)
4(834 738 1845 1917)
4(834 835 1918 1917)
4(835 739 1846 1918)
4(739 740 1847 1846)
4(740 644 1775 1847)
4(740 741 1848 1847)
4(741 645 1776 1848)
4(835 836 1919 1918)
4(836 740 1847 1919)
4(836 837 1920 1919)
4(837 741 1848 1920)
4(954 955 2014 2013)
4(955 834 1917 2014)
4(955 956 2015 2014)
4(956 835 1918 2015)
4(1075 1076 2062 2061)
4(1076 955 2014 2062)
4(1076 1077 2063 2062)
4(1077 956 2015 2063)
4(956 957 2016 2015)
4(957 836 1919 2016)
4(957 958 2017 2016)
4(958 837 1920 2017)
4(1077 1078 2064 2063)
4(1078 957 2016 2064)
4(1078 1079 2065 2064)
4(1079 958 2017 2065)
4(1074 1195 2253 2059)
4(1195 1196 2257 2253)
4(1196 1075 2061 2257)
4(1196 1197 2260 2257)
4(1197 1076 2062 2260)
4(1197 1198 2263 2260)
4(1198 1077 2063 2263)
4(1198 1199 2266 2263)
4(1199 1078 2064 2266)
4(1199 1200 2269 2266)
4(1200 1079 2065 2269)
4(741 742 1849 1848)
4(742 646 1777 1849)
4(742 743 1850 1849)
4(743 647 1778 1850)
4(837 838 1921 1920)
4(838 742 1849 1921)
4(838 839 1922 1921)
4(839 743 1850 1922)
4(743 744 1851 1850)
4(744 648 1779 1851)
4(744 745 1852 1851)
4(745 649 1780 1852)
4(839 840 1923 1922)
4(840 744 1851 1923)
4(840 841 1924 1923)
4(841 745 1852 1924)
4(958 959 2018 2017)
4(959 838 1921 2018)
4(959 960 2019 2018)
4(960 839 1922 2019)
4(1079 1080 2066 2065)
4(1080 959 2018 2066)
4(1080 1081 2067 2066)
4(1081 960 2019 2067)
4(960 961 2020 2019)
4(961 840 1923 2020)
4(961 962 2021 2020)
4(962 841 1924 2021)
4(1081 1082 2068 2067)
4(1082 961 2020 2068)
4(1082 1083 2069 2068)
4(1083 962 2021 2069)
4(745 746 1854 1852)
4(746 650 1782 1854)
4(841 842 1926 1924)
4(842 746 1854 1926)
4(962 963 2023 2021)
4(963 842 1926 2023)
4(1083 1084 2071 2069)
4(1084 963 2023 2071)
4(1200 1201 2272 2269)
4(1201 1080 2066 2272)
4(1201 1202 2275 2272)
4(1202 1081 2067 2275)
4(1202 1203 2278 2275)
4(1203 1082 2068 2278)
4(1203 1204 2281 2278)
4(1204 1083 2069 2281)
4(1204 1205 2287 2281)
4(1205 1084 2071 2287)
4(11 1249 1247 1248)
4(0 1211 1209 1212)
4(1214 1213 1215 1)
4(1212 1208 1210 0)
4(1217 1216 1218 2)
4(1220 1219 1221 3)
4(1223 1222 1224 4)
4(1226 1225 1227 5)
4(22 1264 1262 1263)
4(33 1279 1277 1278)
4(44 1294 1292 1293)
4(55 1309 1307 1308)
4(1229 1228 1230 6)
4(1232 1231 1233 7)
4(1235 1234 1236 8)
4(1238 1237 1239 9)
4(1260 1259 1261 21)
4(1246 1243 1245 10)
4(1244 1242 1246 10)
4(1275 1274 1276 32)
4(1290 1289 1291 43)
4(1305 1304 1306 54)
4(1320 1319 1321 65)
4(66 1324 1322 1323)
4(77 1339 1337 1338)
4(88 1354 1352 1353)
4(99 1369 1367 1368)
4(110 1388 1385 1387)
4(111 1391 1389 1390)
4(110 1386 1384 1388)
4(112 1394 1392 1393)
4(113 1397 1395 1396)
4(114 1400 1398 1399)
4(115 1403 1401 1402)
4(1335 1334 1336 76)
4(1350 1349 1351 87)
4(1365 1364 1366 98)
4(1380 1379 1381 109)
4(116 1406 1404 1405)
4(117 1409 1407 1408)
4(118 1412 1410 1411)
4(119 1415 1413 1414)
4(120 1422 1418 1420)
4(1421 1419 1422 120)
4(1086 2082 2080 2081)
4(1085 2077 2075 2079)
4(2115 2114 2116 1096)
4(2079 2076 2078 1085)
4(1087 2085 2083 2084)
4(1088 2088 2086 2087)
4(1089 2091 2089 2090)
4(1090 2094 2092 2093)
4(2130 2129 2131 1107)
4(2145 2144 2146 1118)
4(2160 2159 2161 1129)
4(2175 2174 2176 1140)
4(1091 2097 2095 2096)
4(1092 2100 2098 2099)
4(1093 2103 2101 2102)
4(1094 2106 2104 2105)
4(1095 2113 2109 2111)
4(1106 2128 2126 2127)
4(1095 2112 2110 2113)
4(1117 2143 2141 2142)
4(1128 2158 2156 2157)
4(1139 2173 2171 2172)
4(1150 2188 2186 2187)
4(2190 2189 2191 1151)
4(2205 2204 2206 1162)
4(2220 2219 2221 1173)
4(2235 2234 2236 1184)
4(2257 2256 2258 1196)
4(2255 2251 2253 1195)
4(2254 2252 2255 1195)
4(2260 2259 2261 1197)
4(2263 2262 2264 1198)
4(2266 2265 2267 1199)
4(2269 2268 2270 1200)
4(1161 2203 2201 2202)
4(1172 2218 2216 2217)
4(1183 2233 2231 2232)
4(1194 2248 2246 2247)
4(2272 2271 2273 1201)
4(2275 2274 2276 1202)
4(2278 2277 2279 1203)
4(2281 2280 2282 1204)
4(1205 2289 2286 2288)
4(2287 2285 2289 1205)
4(121 1425 1423 1424)
4(0 1210 1207 1211)
4(242 1473 1471 1472)
4(363 1570 1568 1569)
4(459 1642 1640 1641)
4(555 1714 1712 1713)
4(1457 1456 1458 231)
4(1387 1383 1386 110)
4(1554 1553 1555 352)
4(1626 1625 1627 448)
4(1698 1697 1699 544)
4(1770 1769 1771 640)
4(651 1786 1784 1785)
4(747 1858 1856 1857)
4(843 1930 1928 1929)
4(964 2027 2025 2026)
4(1085 2078 2074 2077)
4(1842 1841 1843 736)
4(1914 1913 1915 832)
4(2011 2010 2012 953)
4(2059 2058 2060 1074)
4(2253 2250 2254 1195)
4(1436 1435 1437 131)
4(1245 1241 1244 10)
4(1484 1483 1485 252)
4(1581 1580 1582 373)
4(1653 1652 1654 469)
4(1725 1724 1726 565)
4(241 1470 1468 1469)
4(120 1420 1417 1421)
4(362 1567 1565 1566)
4(458 1639 1637 1638)
4(554 1711 1709 1710)
4(650 1783 1781 1782)
4(1797 1796 1798 661)
4(1869 1868 1870 757)
4(1941 1940 1942 853)
4(2038 2037 2039 974)
4(2111 2108 2112 1095)
4(746 1855 1853 1854)
4(842 1927 1925 1926)
4(963 2024 2022 2023)
4(1084 2072 2070 2071)
4(1205 2288 2284 2287)
4(1489 1490 1499 1498)
4(1489 1586 1587 1490)
4(1489 1498 1595 1586)
4(1490 1491 1500 1499)
4(1491 1492 1501 1500)
4(1490 1587 1588 1491)
4(1491 1588 1589 1492)
4(1498 1499 1508 1507)
4(1507 1508 1517 1516)
4(1498 1507 1599 1595)
4(1507 1516 1603 1599)
4(1499 1500 1509 1508)
4(1500 1501 1510 1509)
4(1508 1509 1518 1517)
4(1509 1510 1519 1518)
4(1586 1658 1659 1587)
4(1586 1595 1667 1658)
4(1658 1730 1731 1659)
4(1658 1667 1739 1730)
4(1587 1659 1660 1588)
4(1588 1660 1661 1589)
4(1659 1731 1732 1660)
4(1660 1732 1733 1661)
4(1595 1599 1671 1667)
4(1599 1603 1675 1671)
4(1667 1671 1743 1739)
4(1671 1675 1747 1743)
4(1492 1493 1502 1501)
4(1493 1494 1503 1502)
4(1492 1589 1590 1493)
4(1493 1590 1591 1494)
4(1494 1495 1504 1503)
4(1494 1591 1592 1495)
4(1495 1592 1596 1504)
4(1501 1502 1511 1510)
4(1502 1503 1512 1511)
4(1510 1511 1520 1519)
4(1511 1512 1521 1520)
4(1503 1504 1513 1512)
4(1512 1513 1522 1521)
4(1504 1596 1600 1513)
4(1513 1600 1604 1522)
4(1589 1661 1662 1590)
4(1590 1662 1663 1591)
4(1661 1733 1734 1662)
4(1662 1734 1735 1663)
4(1591 1663 1664 1592)
4(1592 1664 1668 1596)
4(1663 1735 1736 1664)
4(1664 1736 1740 1668)
4(1596 1668 1672 1600)
4(1600 1672 1676 1604)
4(1668 1740 1744 1672)
4(1672 1744 1748 1676)
4(1516 1517 1526 1525)
4(1525 1526 1535 1534)
4(1516 1525 1607 1603)
4(1525 1534 1611 1607)
4(1517 1518 1527 1526)
4(1518 1519 1528 1527)
4(1526 1527 1536 1535)
4(1527 1528 1537 1536)
4(1534 1535 1544 1543)
4(1534 1543 1615 1611)
4(1543 1544 1616 1615)
4(1535 1536 1545 1544)
4(1536 1537 1546 1545)
4(1544 1545 1617 1616)
4(1545 1546 1618 1617)
4(1603 1607 1679 1675)
4(1607 1611 1683 1679)
4(1675 1679 1751 1747)
4(1679 1683 1755 1751)
4(1611 1615 1687 1683)
4(1615 1616 1688 1687)
4(1683 1687 1759 1755)
4(1687 1688 1760 1759)
4(1616 1617 1689 1688)
4(1617 1618 1690 1689)
4(1688 1689 1761 1760)
4(1689 1690 1762 1761)
4(1519 1520 1529 1528)
4(1520 1521 1530 1529)
4(1528 1529 1538 1537)
4(1529 1530 1539 1538)
4(1521 1522 1531 1530)
4(1530 1531 1540 1539)
4(1522 1604 1608 1531)
4(1531 1608 1612 1540)
4(1537 1538 1547 1546)
4(1538 1539 1548 1547)
4(1546 1547 1619 1618)
4(1547 1548 1620 1619)
4(1539 1540 1549 1548)
4(1540 1612 1621 1549)
4(1548 1549 1621 1620)
4(1604 1676 1680 1608)
4(1608 1680 1684 1612)
4(1676 1748 1752 1680)
4(1680 1752 1756 1684)
4(1618 1619 1691 1690)
4(1619 1620 1692 1691)
4(1690 1691 1763 1762)
4(1691 1692 1764 1763)
4(1612 1684 1693 1621)
4(1620 1621 1693 1692)
4(1684 1756 1765 1693)
4(1692 1693 1765 1764)
4(1730 1802 1803 1731)
4(1730 1739 1811 1802)
4(1802 1874 1875 1803)
4(1802 1811 1883 1874)
4(1731 1803 1804 1732)
4(1732 1804 1805 1733)
4(1803 1875 1876 1804)
4(1804 1876 1877 1805)
4(1739 1743 1815 1811)
4(1743 1747 1819 1815)
4(1811 1815 1887 1883)
4(1815 1819 1891 1887)
4(1874 1946 1947 1875)
4(1874 1883 1955 1946)
4(1946 1955 1956 1947)
4(1875 1947 1948 1876)
4(1876 1948 1949 1877)
4(1947 1956 1957 1948)
4(1948 1957 1958 1949)
4(1883 1887 1964 1955)
4(1887 1891 1973 1964)
4(1955 1964 1965 1956)
4(1964 1973 1974 1965)
4(1956 1965 1966 1957)
4(1957 1966 1967 1958)
4(1965 1974 1975 1966)
4(1966 1975 1976 1967)
4(1733 1805 1806 1734)
4(1734 1806 1807 1735)
4(1805 1877 1878 1806)
4(1806 1878 1879 1807)
4(1735 1807 1808 1736)
4(1736 1808 1812 1740)
4(1807 1879 1880 1808)
4(1808 1880 1884 1812)
4(1740 1812 1816 1744)
4(1744 1816 1820 1748)
4(1812 1884 1888 1816)
4(1816 1888 1892 1820)
4(1877 1949 1950 1878)
4(1878 1950 1951 1879)
4(1949 1958 1959 1950)
4(1950 1959 1960 1951)
4(1879 1951 1952 1880)
4(1880 1952 1961 1884)
4(1951 1960 1961 1952)
4(1958 1967 1968 1959)
4(1959 1968 1969 1960)
4(1967 1976 1977 1968)
4(1968 1977 1978 1969)
4(1884 1961 1970 1888)
4(1888 1970 1979 1892)
4(1960 1969 1970 1961)
4(1969 1978 1979 1970)
4(1747 1751 1823 1819)
4(1751 1755 1827 1823)
4(1819 1823 1895 1891)
4(1823 1827 1899 1895)
4(1755 1759 1831 1827)
4(1759 1760 1832 1831)
4(1827 1831 1903 1899)
4(1831 1832 1904 1903)
4(1760 1761 1833 1832)
4(1761 1762 1834 1833)
4(1832 1833 1905 1904)
4(1833 1834 1906 1905)
4(1891 1895 1982 1973)
4(1895 1899 1991 1982)
4(1973 1982 1983 1974)
4(1982 1991 1992 1983)
4(1974 1983 1984 1975)
4(1975 1984 1985 1976)
4(1983 1992 1993 1984)
4(1984 1993 1994 1985)
4(1899 1903 2000 1991)
4(1903 1904 2001 2000)
4(1991 2000 2001 1992)
4(1904 1905 2002 2001)
4(1905 1906 2003 2002)
4(1992 2001 2002 1993)
4(1993 2002 2003 1994)
4(1748 1820 1824 1752)
4(1752 1824 1828 1756)
4(1820 1892 1896 1824)
4(1824 1896 1900 1828)
4(1762 1763 1835 1834)
4(1763 1764 1836 1835)
4(1834 1835 1907 1906)
4(1835 1836 1908 1907)
4(1756 1828 1837 1765)
4(1764 1765 1837 1836)
4(1828 1900 1909 1837)
4(1836 1837 1909 1908)
4(1976 1985 1986 1977)
4(1977 1986 1987 1978)
4(1985 1994 1995 1986)
4(1986 1995 1996 1987)
4(1892 1979 1988 1896)
4(1896 1988 1997 1900)
4(1978 1987 1988 1979)
4(1987 1996 1997 1988)
4(1906 1907 2004 2003)
4(1907 1908 2005 2004)
4(1994 2003 2004 1995)
4(1995 2004 2005 1996)
4(1900 1997 2006 1909)
4(1908 1909 2006 2005)
4(1996 2005 2006 1997)
4(1212 1249 1250 1215)
4(1215 1250 1251 1218)
4(1218 1251 1252 1221)
4(1221 1252 1253 1224)
4(1224 1253 1254 1227)
4(1249 1264 1265 1250)
4(1264 1279 1280 1265)
4(1279 1294 1295 1280)
4(1294 1309 1310 1295)
4(1250 1265 1266 1251)
4(1251 1266 1267 1252)
4(1265 1280 1281 1266)
4(1266 1281 1282 1267)
4(1252 1267 1268 1253)
4(1253 1268 1269 1254)
4(1267 1282 1283 1268)
4(1268 1283 1284 1269)
4(1280 1295 1296 1281)
4(1281 1296 1297 1282)
4(1295 1310 1311 1296)
4(1296 1311 1312 1297)
4(1282 1297 1298 1283)
4(1283 1298 1299 1284)
4(1297 1312 1313 1298)
4(1298 1313 1314 1299)
4(1227 1254 1255 1230)
4(1230 1255 1256 1233)
4(1233 1256 1257 1236)
4(1236 1257 1258 1239)
4(1239 1258 1261 1246)
4(1254 1269 1270 1255)
4(1255 1270 1271 1256)
4(1269 1284 1285 1270)
4(1270 1285 1286 1271)
4(1256 1271 1272 1257)
4(1257 1272 1273 1258)
4(1271 1286 1287 1272)
4(1272 1287 1288 1273)
4(1284 1299 1300 1285)
4(1285 1300 1301 1286)
4(1299 1314 1315 1300)
4(1300 1315 1316 1301)
4(1286 1301 1302 1287)
4(1287 1302 1303 1288)
4(1301 1316 1317 1302)
4(1302 1317 1318 1303)
4(1258 1273 1276 1261)
4(1273 1288 1291 1276)
4(1288 1303 1306 1291)
4(1303 1318 1321 1306)
4(1309 1324 1325 1310)
4(1324 1339 1340 1325)
4(1339 1354 1355 1340)
4(1354 1369 1370 1355)
4(1310 1325 1326 1311)
4(1311 1326 1327 1312)
4(1325 1340 1341 1326)
4(1326 1341 1342 1327)
4(1312 1327 1328 1313)
4(1313 1328 1329 1314)
4(1327 1342 1343 1328)
4(1328 1343 1344 1329)
4(1340 1355 1356 1341)
4(1341 1356 1357 1342)
4(1355 1370 1371 1356)
4(1356 1371 1372 1357)
4(1342 1357 1358 1343)
4(1343 1358 1359 1344)
4(1357 1372 1373 1358)
4(1358 1373 1374 1359)
4(1369 1388 1391 1370)
4(1370 1391 1394 1371)
4(1371 1394 1397 1372)
4(1372 1397 1400 1373)
4(1373 1400 1403 1374)
4(1314 1329 1330 1315)
4(1315 1330 1331 1316)
4(1329 1344 1345 1330)
4(1330 1345 1346 1331)
4(1316 1331 1332 1317)
4(1317 1332 1333 1318)
4(1331 1346 1347 1332)
4(1332 1347 1348 1333)
4(1344 1359 1360 1345)
4(1345 1360 1361 1346)
4(1359 1374 1375 1360)
4(1360 1375 1376 1361)
4(1346 1361 1362 1347)
4(1347 1362 1363 1348)
4(1361 1376 1377 1362)
4(1362 1377 1378 1363)
4(1318 1333 1336 1321)
4(1333 1348 1351 1336)
4(1348 1363 1366 1351)
4(1363 1378 1381 1366)
4(1374 1403 1406 1375)
4(1375 1406 1409 1376)
4(1376 1409 1412 1377)
4(1377 1412 1415 1378)
4(1378 1415 1422 1381)
4(2079 2082 2117 2116)
4(2082 2085 2118 2117)
4(2085 2088 2119 2118)
4(2088 2091 2120 2119)
4(2091 2094 2121 2120)
4(2116 2117 2132 2131)
4(2131 2132 2147 2146)
4(2146 2147 2162 2161)
4(2161 2162 2177 2176)
4(2117 2118 2133 2132)
4(2118 2119 2134 2133)
4(2132 2133 2148 2147)
4(2133 2134 2149 2148)
4(2119 2120 2135 2134)
4(2120 2121 2136 2135)
4(2134 2135 2150 2149)
4(2135 2136 2151 2150)
4(2147 2148 2163 2162)
4(2148 2149 2164 2163)
4(2162 2163 2178 2177)
4(2163 2164 2179 2178)
4(2149 2150 2165 2164)
4(2150 2151 2166 2165)
4(2164 2165 2180 2179)
4(2165 2166 2181 2180)
4(2094 2097 2122 2121)
4(2097 2100 2123 2122)
4(2100 2103 2124 2123)
4(2103 2106 2125 2124)
4(2106 2113 2128 2125)
4(2121 2122 2137 2136)
4(2122 2123 2138 2137)
4(2136 2137 2152 2151)
4(2137 2138 2153 2152)
4(2123 2124 2139 2138)
4(2124 2125 2140 2139)
4(2138 2139 2154 2153)
4(2139 2140 2155 2154)
4(2151 2152 2167 2166)
4(2152 2153 2168 2167)
4(2166 2167 2182 2181)
4(2167 2168 2183 2182)
4(2153 2154 2169 2168)
4(2154 2155 2170 2169)
4(2168 2169 2184 2183)
4(2169 2170 2185 2184)
4(2125 2128 2143 2140)
4(2140 2143 2158 2155)
4(2155 2158 2173 2170)
4(2170 2173 2188 2185)
4(2176 2177 2192 2191)
4(2191 2192 2207 2206)
4(2206 2207 2222 2221)
4(2221 2222 2237 2236)
4(2177 2178 2193 2192)
4(2178 2179 2194 2193)
4(2192 2193 2208 2207)
4(2193 2194 2209 2208)
4(2179 2180 2195 2194)
4(2180 2181 2196 2195)
4(2194 2195 2210 2209)
4(2195 2196 2211 2210)
4(2207 2208 2223 2222)
4(2208 2209 2224 2223)
4(2222 2223 2238 2237)
4(2223 2224 2239 2238)
4(2209 2210 2225 2224)
4(2210 2211 2226 2225)
4(2224 2225 2240 2239)
4(2225 2226 2241 2240)
4(2236 2237 2258 2255)
4(2237 2238 2261 2258)
4(2238 2239 2264 2261)
4(2239 2240 2267 2264)
4(2240 2241 2270 2267)
4(2181 2182 2197 2196)
4(2182 2183 2198 2197)
4(2196 2197 2212 2211)
4(2197 2198 2213 2212)
4(2183 2184 2199 2198)
4(2184 2185 2200 2199)
4(2198 2199 2214 2213)
4(2199 2200 2215 2214)
4(2211 2212 2227 2226)
4(2212 2213 2228 2227)
4(2226 2227 2242 2241)
4(2227 2228 2243 2242)
4(2213 2214 2229 2228)
4(2214 2215 2230 2229)
4(2228 2229 2244 2243)
4(2229 2230 2245 2244)
4(2185 2188 2203 2200)
4(2200 2203 2218 2215)
4(2215 2218 2233 2230)
4(2230 2233 2248 2245)
4(2241 2242 2273 2270)
4(2242 2243 2276 2273)
4(2243 2244 2279 2276)
4(2244 2245 2282 2279)
4(2245 2248 2289 2282)
4(1212 1209 1247 1249)
4(1215 1213 1208 1212)
4(1218 1216 1213 1215)
4(1221 1219 1216 1218)
4(1224 1222 1219 1221)
4(1227 1225 1222 1224)
4(1249 1247 1262 1264)
4(1264 1262 1277 1279)
4(1279 1277 1292 1294)
4(1294 1292 1307 1309)
4(1230 1228 1225 1227)
4(1233 1231 1228 1230)
4(1236 1234 1231 1233)
4(1239 1237 1234 1236)
4(1261 1259 1243 1246)
4(1246 1242 1237 1239)
4(1276 1274 1259 1261)
4(1291 1289 1274 1276)
4(1306 1304 1289 1291)
4(1321 1319 1304 1306)
4(1309 1307 1322 1324)
4(1324 1322 1337 1339)
4(1339 1337 1352 1354)
4(1354 1352 1367 1369)
4(1369 1367 1385 1388)
4(1388 1384 1389 1391)
4(1391 1389 1392 1394)
4(1394 1392 1395 1397)
4(1397 1395 1398 1400)
4(1400 1398 1401 1403)
4(1336 1334 1319 1321)
4(1351 1349 1334 1336)
4(1366 1364 1349 1351)
4(1381 1379 1364 1366)
4(1403 1401 1404 1406)
4(1406 1404 1407 1409)
4(1409 1407 1410 1412)
4(1412 1410 1413 1415)
4(1415 1413 1418 1422)
4(1422 1419 1379 1381)
4(2079 2075 2080 2082)
4(2116 2114 2076 2079)
4(2082 2080 2083 2085)
4(2085 2083 2086 2088)
4(2088 2086 2089 2091)
4(2091 2089 2092 2094)
4(2131 2129 2114 2116)
4(2146 2144 2129 2131)
4(2161 2159 2144 2146)
4(2176 2174 2159 2161)
4(2094 2092 2095 2097)
4(2097 2095 2098 2100)
4(2100 2098 2101 2103)
4(2103 2101 2104 2106)
4(2106 2104 2109 2113)
4(2113 2110 2126 2128)
4(2128 2126 2141 2143)
4(2143 2141 2156 2158)
4(2158 2156 2171 2173)
4(2173 2171 2186 2188)
4(2191 2189 2174 2176)
4(2206 2204 2189 2191)
4(2221 2219 2204 2206)
4(2236 2234 2219 2221)
4(2258 2256 2251 2255)
4(2255 2252 2234 2236)
4(2261 2259 2256 2258)
4(2264 2262 2259 2261)
4(2267 2265 2262 2264)
4(2270 2268 2265 2267)
4(2188 2186 2201 2203)
4(2203 2201 2216 2218)
4(2218 2216 2231 2233)
4(2233 2231 2246 2248)
4(2273 2271 2268 2270)
4(2276 2274 2271 2273)
4(2279 2277 2274 2276)
4(2282 2280 2277 2279)
4(2248 2246 2286 2289)
4(2289 2285 2280 2282)
4(1212 1208 1206 1209)
4(1246 1243 1240 1242)
4(1388 1385 1382 1384)
4(1422 1418 1416 1419)
4(2079 2076 2073 2075)
4(2113 2109 2107 2110)
4(2255 2251 2249 2252)
4(2289 2286 2283 2285)
4(1211 1425 1438 1248)
4(1248 1438 1440 1263)
4(1263 1440 1442 1278)
4(1278 1442 1444 1293)
4(1293 1444 1446 1308)
4(1425 1473 1486 1438)
4(1473 1570 1583 1486)
4(1570 1642 1655 1583)
4(1642 1714 1727 1655)
4(1438 1486 1488 1440)
4(1440 1488 1497 1442)
4(1486 1583 1585 1488)
4(1488 1585 1594 1497)
4(1442 1497 1506 1444)
4(1444 1506 1515 1446)
4(1497 1594 1598 1506)
4(1506 1598 1602 1515)
4(1583 1655 1657 1585)
4(1585 1657 1666 1594)
4(1655 1727 1729 1657)
4(1657 1729 1738 1666)
4(1594 1666 1670 1598)
4(1598 1670 1674 1602)
4(1666 1738 1742 1670)
4(1670 1742 1746 1674)
4(1308 1446 1448 1323)
4(1323 1448 1450 1338)
4(1338 1450 1452 1353)
4(1353 1452 1454 1368)
4(1368 1454 1458 1387)
4(1446 1515 1524 1448)
4(1448 1524 1533 1450)
4(1515 1602 1606 1524)
4(1524 1606 1610 1533)
4(1450 1533 1542 1452)
4(1452 1542 1551 1454)
4(1533 1610 1614 1542)
4(1542 1614 1623 1551)
4(1602 1674 1678 1606)
4(1606 1678 1682 1610)
4(1674 1746 1750 1678)
4(1678 1750 1754 1682)
4(1610 1682 1686 1614)
4(1614 1686 1695 1623)
4(1682 1754 1758 1686)
4(1686 1758 1767 1695)
4(1454 1551 1555 1458)
4(1551 1623 1627 1555)
4(1623 1695 1699 1627)
4(1695 1767 1771 1699)
4(1714 1786 1799 1727)
4(1786 1858 1871 1799)
4(1858 1930 1943 1871)
4(1930 2027 2040 1943)
4(1727 1799 1801 1729)
4(1729 1801 1810 1738)
4(1799 1871 1873 1801)
4(1801 1873 1882 1810)
4(1738 1810 1814 1742)
4(1742 1814 1818 1746)
4(1810 1882 1886 1814)
4(1814 1886 1890 1818)
4(1871 1943 1945 1873)
4(1873 1945 1954 1882)
4(1943 2040 2042 1945)
4(1945 2042 2044 1954)
4(1882 1954 1963 1886)
4(1886 1963 1972 1890)
4(1954 2044 2046 1963)
4(1963 2046 2048 1972)
4(2027 2078 2115 2040)
4(2040 2115 2130 2042)
4(2042 2130 2145 2044)
4(2044 2145 2160 2046)
4(2046 2160 2175 2048)
4(1746 1818 1822 1750)
4(1750 1822 1826 1754)
4(1818 1890 1894 1822)
4(1822 1894 1898 1826)
4(1754 1826 1830 1758)
4(1758 1830 1839 1767)
4(1826 1898 1902 1830)
4(1830 1902 1911 1839)
4(1890 1972 1981 1894)
4(1894 1981 1990 1898)
4(1972 2048 2050 1981)
4(1981 2050 2052 1990)
4(1898 1990 1999 1902)
4(1902 1999 2008 1911)
4(1990 2052 2054 1999)
4(1999 2054 2056 2008)
4(1767 1839 1843 1771)
4(1839 1911 1915 1843)
4(1911 2008 2012 1915)
4(2008 2056 2060 2012)
4(2048 2175 2190 2050)
4(2050 2190 2205 2052)
4(2052 2205 2220 2054)
4(2054 2220 2235 2056)
4(2056 2235 2254 2060)
4(1248 1247 1209 1211)
4(1263 1262 1247 1248)
4(1278 1277 1262 1263)
4(1293 1292 1277 1278)
4(1308 1307 1292 1293)
4(1323 1322 1307 1308)
4(1338 1337 1322 1323)
4(1353 1352 1337 1338)
4(1368 1367 1352 1353)
4(1387 1385 1367 1368)
4(2078 2076 2114 2115)
4(2115 2114 2129 2130)
4(2130 2129 2144 2145)
4(2145 2144 2159 2160)
4(2160 2159 2174 2175)
4(2175 2174 2189 2190)
4(2190 2189 2204 2205)
4(2205 2204 2219 2220)
4(2220 2219 2234 2235)
4(2235 2234 2252 2254)
4(1211 1207 1423 1425)
4(1425 1423 1471 1473)
4(1473 1471 1568 1570)
4(1570 1568 1640 1642)
4(1642 1640 1712 1714)
4(1458 1456 1383 1387)
4(1555 1553 1456 1458)
4(1627 1625 1553 1555)
4(1699 1697 1625 1627)
4(1771 1769 1697 1699)
4(1714 1712 1784 1786)
4(1786 1784 1856 1858)
4(1858 1856 1928 1930)
4(1930 1928 2025 2027)
4(2027 2025 2074 2078)
4(1843 1841 1769 1771)
4(1915 1913 1841 1843)
4(2012 2010 1913 1915)
4(2060 2058 2010 2012)
4(2254 2250 2058 2060)
4(1211 1209 1206 1207)
4(1387 1383 1382 1385)
4(2078 2074 2073 2076)
4(2254 2252 2249 2250)
4(1245 1260 1439 1437)
4(1260 1275 1441 1439)
4(1275 1290 1443 1441)
4(1290 1305 1445 1443)
4(1305 1320 1447 1445)
4(1437 1439 1487 1485)
4(1485 1487 1584 1582)
4(1582 1584 1656 1654)
4(1654 1656 1728 1726)
4(1439 1441 1496 1487)
4(1441 1443 1505 1496)
4(1487 1496 1593 1584)
4(1496 1505 1597 1593)
4(1443 1445 1514 1505)
4(1445 1447 1523 1514)
4(1505 1514 1601 1597)
4(1514 1523 1605 1601)
4(1584 1593 1665 1656)
4(1593 1597 1669 1665)
4(1656 1665 1737 1728)
4(1665 1669 1741 1737)
4(1597 1601 1673 1669)
4(1601 1605 1677 1673)
4(1669 1673 1745 1741)
4(1673 1677 1749 1745)
4(1320 1335 1449 1447)
4(1335 1350 1451 1449)
4(1350 1365 1453 1451)
4(1365 1380 1455 1453)
4(1380 1421 1470 1455)
4(1447 1449 1532 1523)
4(1449 1451 1541 1532)
4(1523 1532 1609 1605)
4(1532 1541 1613 1609)
4(1451 1453 1550 1541)
4(1453 1455 1552 1550)
4(1541 1550 1622 1613)
4(1550 1552 1624 1622)
4(1605 1609 1681 1677)
4(1609 1613 1685 1681)
4(1677 1681 1753 1749)
4(1681 1685 1757 1753)
4(1613 1622 1694 1685)
4(1622 1624 1696 1694)
4(1685 1694 1766 1757)
4(1694 1696 1768 1766)
4(1455 1470 1567 1552)
4(1552 1567 1639 1624)
4(1624 1639 1711 1696)
4(1696 1711 1783 1768)
4(1726 1728 1800 1798)
4(1798 1800 1872 1870)
4(1870 1872 1944 1942)
4(1942 1944 2041 2039)
4(1728 1737 1809 1800)
4(1737 1741 1813 1809)
4(1800 1809 1881 1872)
4(1809 1813 1885 1881)
4(1741 1745 1817 1813)
4(1745 1749 1821 1817)
4(1813 1817 1889 1885)
4(1817 1821 1893 1889)
4(1872 1881 1953 1944)
4(1881 1885 1962 1953)
4(1944 1953 2043 2041)
4(1953 1962 2045 2043)
4(1885 1889 1971 1962)
4(1889 1893 1980 1971)
4(1962 1971 2047 2045)
4(1971 1980 2049 2047)
4(2039 2041 2127 2112)
4(2041 2043 2142 2127)
4(2043 2045 2157 2142)
4(2045 2047 2172 2157)
4(2047 2049 2187 2172)
4(1749 1753 1825 1821)
4(1753 1757 1829 1825)
4(1821 1825 1897 1893)
4(1825 1829 1901 1897)
4(1757 1766 1838 1829)
4(1766 1768 1840 1838)
4(1829 1838 1910 1901)
4(1838 1840 1912 1910)
4(1893 1897 1989 1980)
4(1897 1901 1998 1989)
4(1980 1989 2051 2049)
4(1989 1998 2053 2051)
4(1901 1910 2007 1998)
4(1910 1912 2009 2007)
4(1998 2007 2055 2053)
4(2007 2009 2057 2055)
4(1768 1783 1855 1840)
4(1840 1855 1927 1912)
4(1912 1927 2024 2009)
4(2009 2024 2072 2057)
4(2049 2051 2202 2187)
4(2051 2053 2217 2202)
4(2053 2055 2232 2217)
4(2055 2057 2247 2232)
4(2057 2072 2288 2247)
4(1245 1243 1259 1260)
4(1260 1259 1274 1275)
4(1275 1274 1289 1290)
4(1290 1289 1304 1305)
4(1305 1304 1319 1320)
4(1320 1319 1334 1335)
4(1335 1334 1349 1350)
4(1350 1349 1364 1365)
4(1365 1364 1379 1380)
4(1380 1379 1419 1421)
4(2127 2126 2110 2112)
4(2142 2141 2126 2127)
4(2157 2156 2141 2142)
4(2172 2171 2156 2157)
4(2187 2186 2171 2172)
4(2202 2201 2186 2187)
4(2217 2216 2201 2202)
4(2232 2231 2216 2217)
4(2247 2246 2231 2232)
4(2288 2286 2246 2247)
4(1437 1435 1241 1245)
4(1485 1483 1435 1437)
4(1582 1580 1483 1485)
4(1654 1652 1580 1582)
4(1726 1724 1652 1654)
4(1421 1417 1468 1470)
4(1470 1468 1565 1567)
4(1567 1565 1637 1639)
4(1639 1637 1709 1711)
4(1711 1709 1781 1783)
4(1798 1796 1724 1726)
4(1870 1868 1796 1798)
4(1942 1940 1868 1870)
4(2039 2037 1940 1942)
4(2112 2108 2037 2039)
4(1783 1781 1853 1855)
4(1855 1853 1925 1927)
4(1927 1925 2022 2024)
4(2024 2022 2070 2072)
4(2072 2070 2284 2288)
4(1245 1241 1240 1243)
4(1421 1419 1416 1417)
4(2112 2110 2107 2108)
4(2288 2284 2283 2286)
4(1210 1214 1426 1424)
4(1214 1217 1427 1426)
4(1217 1220 1428 1427)
4(1220 1223 1429 1428)
4(1223 1226 1430 1429)
4(1424 1426 1474 1472)
4(1472 1474 1571 1569)
4(1569 1571 1643 1641)
4(1641 1643 1715 1713)
4(1426 1427 1475 1474)
4(1427 1428 1476 1475)
4(1474 1475 1572 1571)
4(1475 1476 1573 1572)
4(1428 1429 1477 1476)
4(1429 1430 1478 1477)
4(1476 1477 1574 1573)
4(1477 1478 1575 1574)
4(1571 1572 1644 1643)
4(1572 1573 1645 1644)
4(1643 1644 1716 1715)
4(1644 1645 1717 1716)
4(1573 1574 1646 1645)
4(1574 1575 1647 1646)
4(1645 1646 1718 1717)
4(1646 1647 1719 1718)
4(1226 1229 1431 1430)
4(1229 1232 1432 1431)
4(1232 1235 1433 1432)
4(1235 1238 1434 1433)
4(1238 1244 1436 1434)
4(1430 1431 1479 1478)
4(1431 1432 1480 1479)
4(1478 1479 1576 1575)
4(1479 1480 1577 1576)
4(1432 1433 1481 1480)
4(1433 1434 1482 1481)
4(1480 1481 1578 1577)
4(1481 1482 1579 1578)
4(1575 1576 1648 1647)
4(1576 1577 1649 1648)
4(1647 1648 1720 1719)
4(1648 1649 1721 1720)
4(1577 1578 1650 1649)
4(1578 1579 1651 1650)
4(1649 1650 1722 1721)
4(1650 1651 1723 1722)
4(1434 1436 1484 1482)
4(1482 1484 1581 1579)
4(1579 1581 1653 1651)
4(1651 1653 1725 1723)
4(1386 1457 1459 1390)
4(1390 1459 1460 1393)
4(1393 1460 1461 1396)
4(1396 1461 1462 1399)
4(1399 1462 1463 1402)
4(1457 1554 1556 1459)
4(1554 1626 1628 1556)
4(1626 1698 1700 1628)
4(1698 1770 1772 1700)
4(1459 1556 1557 1460)
4(1460 1557 1558 1461)
4(1556 1628 1629 1557)
4(1557 1629 1630 1558)
4(1461 1558 1559 1462)
4(1462 1559 1560 1463)
4(1558 1630 1631 1559)
4(1559 1631 1632 1560)
4(1628 1700 1701 1629)
4(1629 1701 1702 1630)
4(1700 1772 1773 1701)
4(1701 1773 1774 1702)
4(1630 1702 1703 1631)
4(1631 1703 1704 1632)
4(1702 1774 1775 1703)
4(1703 1775 1776 1704)
4(1402 1463 1464 1405)
4(1405 1464 1465 1408)
4(1408 1465 1466 1411)
4(1411 1466 1467 1414)
4(1414 1467 1469 1420)
4(1463 1560 1561 1464)
4(1464 1561 1562 1465)
4(1560 1632 1633 1561)
4(1561 1633 1634 1562)
4(1465 1562 1563 1466)
4(1466 1563 1564 1467)
4(1562 1634 1635 1563)
4(1563 1635 1636 1564)
4(1632 1704 1705 1633)
4(1633 1705 1706 1634)
4(1704 1776 1777 1705)
4(1705 1777 1778 1706)
4(1634 1706 1707 1635)
4(1635 1707 1708 1636)
4(1706 1778 1779 1707)
4(1707 1779 1780 1708)
4(1467 1564 1566 1469)
4(1564 1636 1638 1566)
4(1636 1708 1710 1638)
4(1708 1780 1782 1710)
4(1713 1715 1787 1785)
4(1785 1787 1859 1857)
4(1857 1859 1931 1929)
4(1929 1931 2028 2026)
4(1715 1716 1788 1787)
4(1716 1717 1789 1788)
4(1787 1788 1860 1859)
4(1788 1789 1861 1860)
4(1717 1718 1790 1789)
4(1718 1719 1791 1790)
4(1789 1790 1862 1861)
4(1790 1791 1863 1862)
4(1859 1860 1932 1931)
4(1860 1861 1933 1932)
4(1931 1932 2029 2028)
4(1932 1933 2030 2029)
4(1861 1862 1934 1933)
4(1862 1863 1935 1934)
4(1933 1934 2031 2030)
4(1934 1935 2032 2031)
4(2026 2028 2081 2077)
4(2028 2029 2084 2081)
4(2029 2030 2087 2084)
4(2030 2031 2090 2087)
4(2031 2032 2093 2090)
4(1719 1720 1792 1791)
4(1720 1721 1793 1792)
4(1791 1792 1864 1863)
4(1792 1793 1865 1864)
4(1721 1722 1794 1793)
4(1722 1723 1795 1794)
4(1793 1794 1866 1865)
4(1794 1795 1867 1866)
4(1863 1864 1936 1935)
4(1864 1865 1937 1936)
4(1935 1936 2033 2032)
4(1936 1937 2034 2033)
4(1865 1866 1938 1937)
4(1866 1867 1939 1938)
4(1937 1938 2035 2034)
4(1938 1939 2036 2035)
4(1723 1725 1797 1795)
4(1795 1797 1869 1867)
4(1867 1869 1941 1939)
4(1939 1941 2038 2036)
4(2032 2033 2096 2093)
4(2033 2034 2099 2096)
4(2034 2035 2102 2099)
4(2035 2036 2105 2102)
4(2036 2038 2111 2105)
4(1770 1842 1844 1772)
4(1842 1914 1916 1844)
4(1914 2011 2013 1916)
4(2011 2059 2061 2013)
4(1772 1844 1845 1773)
4(1773 1845 1846 1774)
4(1844 1916 1917 1845)
4(1845 1917 1918 1846)
4(1774 1846 1847 1775)
4(1775 1847 1848 1776)
4(1846 1918 1919 1847)
4(1847 1919 1920 1848)
4(1916 2013 2014 1917)
4(1917 2014 2015 1918)
4(2013 2061 2062 2014)
4(2014 2062 2063 2015)
4(1918 2015 2016 1919)
4(1919 2016 2017 1920)
4(2015 2063 2064 2016)
4(2016 2064 2065 2017)
4(2059 2253 2257 2061)
4(2061 2257 2260 2062)
4(2062 2260 2263 2063)
4(2063 2263 2266 2064)
4(2064 2266 2269 2065)
4(1776 1848 1849 1777)
4(1777 1849 1850 1778)
4(1848 1920 1921 1849)
4(1849 1921 1922 1850)
4(1778 1850 1851 1779)
4(1779 1851 1852 1780)
4(1850 1922 1923 1851)
4(1851 1923 1924 1852)
4(1920 2017 2018 1921)
4(1921 2018 2019 1922)
4(2017 2065 2066 2018)
4(2018 2066 2067 2019)
4(1922 2019 2020 1923)
4(1923 2020 2021 1924)
4(2019 2067 2068 2020)
4(2020 2068 2069 2021)
4(1780 1852 1854 1782)
4(1852 1924 1926 1854)
4(1924 2021 2023 1926)
4(2021 2069 2071 2023)
4(2065 2269 2272 2066)
4(2066 2272 2275 2067)
4(2067 2275 2278 2068)
4(2068 2278 2281 2069)
4(2069 2281 2287 2071)
4(1210 1208 1213 1214)
4(1214 1213 1216 1217)
4(1217 1216 1219 1220)
4(1220 1219 1222 1223)
4(1223 1222 1225 1226)
4(1226 1225 1228 1229)
4(1229 1228 1231 1232)
4(1232 1231 1234 1235)
4(1235 1234 1237 1238)
4(1238 1237 1242 1244)
4(1390 1389 1384 1386)
4(1393 1392 1389 1390)
4(1396 1395 1392 1393)
4(1399 1398 1395 1396)
4(1402 1401 1398 1399)
4(1405 1404 1401 1402)
4(1408 1407 1404 1405)
4(1411 1410 1407 1408)
4(1414 1413 1410 1411)
4(1420 1418 1413 1414)
4(2081 2080 2075 2077)
4(2084 2083 2080 2081)
4(2087 2086 2083 2084)
4(2090 2089 2086 2087)
4(2093 2092 2089 2090)
4(2096 2095 2092 2093)
4(2099 2098 2095 2096)
4(2102 2101 2098 2099)
4(2105 2104 2101 2102)
4(2111 2109 2104 2105)
4(2253 2251 2256 2257)
4(2257 2256 2259 2260)
4(2260 2259 2262 2263)
4(2263 2262 2265 2266)
4(2266 2265 2268 2269)
4(2269 2268 2271 2272)
4(2272 2271 2274 2275)
4(2275 2274 2277 2278)
4(2278 2277 2280 2281)
4(2281 2280 2285 2287)
4(1424 1423 1207 1210)
4(1472 1471 1423 1424)
4(1569 1568 1471 1472)
4(1641 1640 1568 1569)
4(1713 1712 1640 1641)
4(1386 1383 1456 1457)
4(1457 1456 1553 1554)
4(1554 1553 1625 1626)
4(1626 1625 1697 1698)
4(1698 1697 1769 1770)
4(1785 1784 1712 1713)
4(1857 1856 1784 1785)
4(1929 1928 1856 1857)
4(2026 2025 1928 1929)
4(2077 2074 2025 2026)
4(1770 1769 1841 1842)
4(1842 1841 1913 1914)
4(1914 1913 2010 2011)
4(2011 2010 2058 2059)
4(2059 2058 2250 2253)
4(1244 1241 1435 1436)
4(1436 1435 1483 1484)
4(1484 1483 1580 1581)
4(1581 1580 1652 1653)
4(1653 1652 1724 1725)
4(1469 1468 1417 1420)
4(1566 1565 1468 1469)
4(1638 1637 1565 1566)
4(1710 1709 1637 1638)
4(1782 1781 1709 1710)
4(1725 1724 1796 1797)
4(1797 1796 1868 1869)
4(1869 1868 1940 1941)
4(1941 1940 2037 2038)
4(2038 2037 2108 2111)
4(1854 1853 1781 1782)
4(1926 1925 1853 1854)
4(2023 2022 1925 1926)
4(2071 2070 2022 2023)
4(2287 2284 2070 2071)
4(1210 1207 1206 1208)
4(1244 1242 1240 1241)
4(1386 1384 1382 1383)
4(1420 1417 1416 1418)
4(2077 2075 2073 2074)
4(2111 2108 2107 2109)
4(2253 2250 2249 2251)
4(2287 2285 2283 2284)
)
