FoamFile
{
    version     2.0;
    format      ascii;
    class       vectorField;
    location    "constant/polyMesh";
    object      points;
}
// * * * * * * * * * * * * * * * * * * * * * * * * * * * * * * * * * //

2290
(
(-1.2739982166095791 -1.273998218574504 -1.2739982241015371)
(-1.0394678997404554 -1.2719388002575991 -1.2719387745255522)
(-0.79288643425716376 -1.2702089597056676 -1.2702086946877831)
(-0.53508682119407769 -1.2693473376467701 -1.2693468317239363)
(-0.26957392828434096 -1.2692216254235862 -1.2692209278529298)
(-5.0997667447663653e-07 -1.2693845120164731 -1.2693837247029507)
(0.26957306325261188 -1.2692215832159313 -1.2692208759299852)
(0.53508628920886492 -1.2693472135427872 -1.2693467318348122)
(0.79288628423866292 -1.2702087646133768 -1.2702086163879418)
(1.0394680579380975 -1.2719386147782523 -1.271938722611238)
(1.2739984151909081 -1.2739980645416296 -1.2739982350106214)
(-1.2719387584474886 -1.0394679042241368 -1.2719388110699799)
(-1.034842710096405 -1.0348427091026413 -1.2676056380703313)
(-0.78585931374124474 -1.0308342602466185 -1.2636147994607339)
(-0.52810542039451425 -1.0286541823560038 -1.261746593223857)
(-0.26522599415257869 -1.0282038215388762 -1.2616856441984221)
(5.0794620358798892e-07 -1.0282723042926281 -1.2619156843488246)
(0.26522699099762348 -1.0282037161321034 -1.2616856474096583)
(0.52810633306321653 -1.0286539462906543 -1.2617465715008855)
(0.78586017378480622 -1.030833972189499 -1.2636147627047558)
(1.0348435310833048 -1.0348424737021509 -1.2676055489883313)
(1.2719393069675022 -1.0394676086691135 -1.2719387052103843)
(-1.2702086726779347 -0.79288644065747416 -1.2702089732994384)
(-1.030833744504676 -0.78585940865690618 -1.2636148931477296)
(-0.78000414686694741 -0.78000499772353704 -1.2582872989196101)
(-0.52231926540511309 -0.77678793173090932 -1.2565043744686717)
(-0.2616684028434389 -0.77599143845057161 -1.2571341046202935)
(1.2693683360959218e-06 -0.77598535755544851 -1.2576745925965021)
(0.26167079272952054 -0.77599124379616258 -1.2571341383019188)
(0.52232126917625232 -0.77678758655566216 -1.2565043986443185)
(0.78000576687142953 -0.78000466587175066 -1.2582872878724034)
(1.0308350244916793 -0.78585921093851985 -1.2636147506210667)
(1.2702094213371429 -0.79288616880030682 -1.27020863419758)
(-1.2693468106975709 -0.53508682722478429 -1.2693473498730166)
(-1.0286531293511898 -0.52810597699197959 -1.2617467667771403)
(-0.7767863372523286 -0.52232080680302417 -1.25650438396338)
(-0.51905995632975033 -0.51906228635407448 -1.2558669069852468)
(-0.2596065571398522 -0.51814288240428386 -1.2577019950169408)
(1.6520284337323554e-06 -0.51807819959767465 -1.2586953417505837)
(0.25960967156281028 -0.51814253165444601 -1.2577020537484935)
(0.51906257240444487 -0.51906167991126484 -1.25586697647065)
(0.7767883954482494 -0.5223202136611661 -1.2565044065924604)
(1.0286546465221491 -0.52810565120734054 -1.2617465841481785)
(1.2693476281592686 -0.53508673974381493 -1.2693468057645079)
(-1.2692209135976644 -0.26957393178804767 -1.2692216338168196)
(-1.0282023961837321 -0.26522722517778213 -1.2616858999559097)
(-0.77598940717480758 -0.26167089528699689 -1.2571340911525537)
(-0.51814025405679887 -0.25960976982374456 -1.25770193664163)
(-0.25895316580159244 -0.2589564527440173 -1.2605783435609912)
(1.747658744985503e-06 -0.2588806825586612 -1.2619461153295948)
(0.25895644607273216 -0.25895587053243824 -1.2605784074079727)
(0.51814306512551334 -0.25960868949422039 -1.2577020441915976)
(0.77599171563672309 -0.26166974950002103 -1.2571341286701951)
(1.0282041037358289 -0.26522657351714529 -1.2616856401226697)
(1.2692218131183202 -0.26957406608976375 -1.2692209094301665)
(-1.2693837177950413 -5.1083374621313515e-07 -1.2693845168142486)
(-1.0282707107772153 -1.3246647746524565e-06 -1.2619159718676229)
(-0.77598320357412043 -1.9282700507508577e-06 -1.2576745627981178)
(-0.5180756613750569 -2.1077755562003142e-06 -1.2586952498282009)
(-0.25887766480297092 -1.9518832554063503e-06 -1.2619460894518446)
(1.6878029293586339e-06 -1.6547693629589966e-06 -1.2634489584458459)
(0.25888081407787145 -1.2306668051090264e-06 -1.2619460887721645)
(0.51807841194656312 -7.6794769274246555e-07 -1.258695276880857)
(0.77598561338517535 -4.322144921894977e-07 -1.2576745030370891)
(1.0282725660403635 -4.3937868613244668e-07 -1.2619155911192719)
(1.2693846983646861 -9.0211254319405576e-07 -1.2693836588222103)
(-1.2692208734926325 0.26957306366787342 -1.2692215856711566)
(-1.0282023305569528 0.26522482144607318 -1.2616858944271512)
(-0.77598939687537161 0.26166745117944168 -1.2571341112571186)
(-0.51814036611846781 0.25960602637421082 -1.2577019588248568)
(-0.25895334056651542 0.25895295306792271 -1.2605783447186423)
(1.5462553441293603e-06 0.25887764858313972 -1.2619460761062178)
(0.25895625446769366 0.25895348585769939 -1.2605782989717516)
(0.51814291575119786 0.25960705130076162 -1.2577018751085445)
(0.77599161569907182 0.26166868943265953 -1.2571339351737272)
(1.0282040771611565 0.2652255486163303 -1.2616854605986889)
(1.2692218395447603 0.26957232419337118 -1.2692207553230317)
(-1.2693467311692537 0.53508628971514471 -1.2693472146266056)
(-1.0286530510522049 0.52810418722368446 -1.2617467499601034)
(-0.77678634905033384 0.52231824933358251 -1.2565043810412349)
(-0.51906010081897858 0.51905948877657393 -1.2558668868078386)
(-0.25960680756354554 0.51814013938873527 -1.2577019379372743)
(1.3909324860644778e-06 0.51807565226961738 -1.2586952413071764)
(0.25960945112565414 0.51814035729374941 -1.2577019150296591)
(0.51906238018082462 0.51905998160195788 -1.255866794114791)
(0.77678824756508658 0.52231890331933495 -1.2565041953487974)
(1.0286545648393906 0.52810443278421926 -1.2617463712990078)
(1.2693476277079327 0.53508519269794774 -1.2693465856636976)
(-1.2702086162225106 0.79288628448170662 -1.2702087649660414)
(-1.0308336716723028 0.78585831664497918 -1.2636148766173665)
(-0.78000412576852918 0.78000330912181248 -1.2582873230490637)
(-0.52231931268252973 0.77678598843860702 -1.2565044015470261)
(-0.26166851587667972 0.77598933878493781 -1.2571341140433387)
(1.1558892674644328e-06 0.77598321331500508 -1.2576745856315505)
(0.26167073118544276 0.77598936729790324 -1.2571341141565717)
(0.52232122262339409 0.77678606809014328 -1.2565043305780004)
(0.78000571116416184 0.78000338412789849 -1.2582871763063423)
(1.0308349706000017 0.78585802502268298 -1.2636146125917751)
(1.2702094097964061 0.79288494840273227 -1.2702084739425754)
(-1.2719387225699688 1.0394680580112863 -1.2719386148425884)
(-1.0348426555627817 1.0348421639299927 -1.2676056518197518)
(-0.78585923934860447 1.030833259947896 -1.2636149246104735)
(-0.52810527178419542 1.028652936291127 -1.2617468048837379)
(-0.26522573029751123 1.0282023566472147 -1.2616859299177341)
(8.5966284090258083e-07 1.0282707084985816 -1.2619160163429537)
(0.26522741645552189 1.0282022981000345 -1.2616859400498386)
(0.5281067796915474 1.0286527903530343 -1.2617467496392272)
(0.78586053232445119 1.0308329622864607 -1.2636148164118095)
(1.0348437544620657 1.0348415410860667 -1.2676055056691466)
(1.2719394082034339 1.0394667800261208 -1.2719386226525939)
(-1.2739982350033987 1.2739984152079695 -1.273998064542097)
(-1.0394680336267845 1.2719385879657752 -1.271938798772648)
(-0.79288655450450662 1.2702084907377986 -1.2702089893370596)
(-0.53508662611042834 1.2693467241091965 -1.2693473739438061)
(-0.26957324800894833 1.2692208785865648 -1.2692216573361566)
(6.1433194819063286e-07 1.2693836867905377 -1.2693845521064742)
(0.26957450646701409 1.2692208291544866 -1.2692216236471714)
(0.53508783029466378 1.2693465772256476 -1.2693472349940049)
(0.79288766095241769 1.2702082062588447 -1.2702087717164845)
(1.0394690467455054 1.2719380975393242 -1.2719386038239988)
(1.2739988912039137 1.2739976302196403 -1.2739980856014439)
(-1.2719387943727805 -1.2719387613404494 -1.0394679169927679)
(-1.0348426978756156 -1.2676056119999441 -1.0348427476304138)
(-0.78585939528042481 -1.263614859962253 -1.030833796573065)
(-0.52810596699737999 -1.2617467366993771 -1.028653179523608)
(-0.26522722160329398 -1.261685879285255 -1.0282024306761455)
(-1.3259062474832439e-06 -1.2619159600827621 -1.0282707282254486)
(0.26522481878293347 -1.2616858884196467 -1.0282023373705811)
(0.5281041852705296 -1.2617467473742157 -1.0286530532673814)
(0.78585831574875853 -1.2636148758718884 -1.0308336723205682)
(1.0348421636298548 -1.2676056517518637 -1.0348426557184585)
(1.2719385878861993 -1.2719387988073669 -1.0394680336464506)
(-1.2676056019358226 -1.0348427192409047 -1.0348427356705758)
(-1.0233677741871521 -1.0233678010825999 -1.0233678641414146)
(-0.76814171769691608 -1.0123973394910446 -1.0123972154044967)
(-0.51096831737753201 -1.0074641647061136 -1.0074638581345696)
(-0.25496622344005915 -1.006940586970948 -1.0069401725236422)
(-1.2903296715653656e-07 -1.0071556617575501 -1.0071552262940242)
(0.25496601545291697 -1.0069405434189711 -1.0069401873094048)
(0.51096822845670797 -1.0074640810349254 -1.0074638712213926)
(0.76814175124773176 -1.0123972778980836 -1.0123971781107146)
(1.0233678774470214 -1.0233678250045921 -1.0233677424787095)
(1.2676056902494182 -1.0348426852939872 -1.0348427017194957)
(-1.2636147491082355 -0.78585932960642735 -1.0308342956233241)
(-1.012397079310555 -0.7681417608563087 -1.0123974273941312)
(-0.75074898993376482 -0.75074942590051663 -0.99643929347637594)
(-0.49395995431717765 -0.74288405796226675 -0.99244418915883825)
(-0.24488277698942409 -0.74194050857882399 -0.99414067833451214)
(6.0342295312050542e-07 -0.74199670595731448 -0.99490511734967235)
(0.24488390613003508 -0.74194038294249809 -0.99414075357258691)
(0.49396089787513914 -0.74288384105450644 -0.9924442930607722)
(0.75074972737588874 -0.75074926936086228 -0.99643930496594313)
(1.0123976101255818 -0.76814182424579547 -1.0123971853966183)
(1.2636150267600137 -0.78585940380203623 -1.0308337586573701)
(-1.2617465441664657 -0.5281054373483306 -1.0286542156867369)
(-1.0074637223712628 -0.51096835697720799 -1.0074642479879561)
(-0.74288340400647079 -0.49396062987374256 -0.99244422177566038)
(-0.48535176820385317 -0.48535270966444394 -0.99432226267987822)
(-0.2392173610191157 -0.48370741735261569 -1.0006669851291852)
(8.7873328372470305e-07 -0.48353878063318734 -1.0023519045314122)
(0.23921898257191387 -0.48370718217243619 -1.0006670925504064)
(0.48535307611323347 -0.48535233155050633 -0.99432242681339067)
(0.74288440178203874 -0.49396038551938665 -0.99244426332441027)
(1.0074644380982951 -0.51096856648244748 -1.0074638672701224)
(1.2617468977204327 -0.52810606028617268 -1.0286531637605503)
(-1.2616856103150829 -0.26522600517383321 -1.0282038451523265)
(-1.0069400798889918 -0.25496624128197287 -1.0069406457085746)
(-0.74193986617530572 -0.24488372665017821 -0.99414063566054311)
(-0.48370657787538501 -0.23921866062292974 -1.0006668622883155)
(-0.23765261334273288 -0.23765376298638313 -1.0105279200860173)
(8.2315309793412617e-07 -0.23743200707885462 -1.0130061895445461)
(0.23765413273932806 -0.23765342983028664 -1.0105280237341725)
(0.48370781711574456 -0.23921814822361351 -1.0006670335642971)
(0.74194085912472241 -0.24488343319072789 -0.9941406636015766)
(1.0069408412047038 -0.25496667123698952 -1.0069401329956134)
(1.2616860204349021 -0.26522743579002245 -1.028202400081019)
(-1.261915667613231 5.0421660343150099e-07 -1.0282723179535354)
(-1.0071551802471985 -1.2839729589611548e-07 -1.0071556969040443)
(-0.74199619053993704 -5.3017250430976992e-07 -0.99490498956730233)
(-0.48353819903495499 -6.3616148753171953e-07 -1.0023516699178761)
(-0.23743121061299749 -5.248108283419789e-07 -1.0130060793584084)
(6.4578601222803345e-07 -3.381778904132382e-07 -1.0157488201719989)
(0.23743241768079637 -1.7412675582841042e-07 -1.0130061384874005)
(0.48353923340462174 -1.0198425548502144e-07 -1.0023517753252646)
(0.741997095719516 -2.5774489238218623e-07 -0.99490494078571823)
(1.0071559279817464 -7.6601471307030655e-07 -1.0071550760135413)
(1.2619160998751868 -1.6593188217894905e-06 -1.0282706462340387)
(-1.2616856413755682 0.26522699108365544 -1.0282037230263326)
(-1.0069401698315215 0.25496602167746918 -1.0069405623986201)
(-0.74194005949324315 0.24488277486807297 -0.99414054648363104)
(-0.48370687745904872 0.2392175402068755 -1.0006667632804482)
(-0.23765296431555991 0.23765285381754903 -1.0105278103535285)
(5.0017031423543745e-07 0.23743142041396309 -1.013006044810612)
(0.23765391170228045 0.23765311814155693 -1.0105278217410221)
(0.48370772428126957 0.23921795247042929 -1.0006667817402308)
(0.74194084855243447 0.24488294379556386 -0.99414041067916026)
(1.0069408574289591 0.25496524751750427 -1.0069399223454265)
(1.2616860511658967 0.26522438892154443 -1.0282021991201762)
(-1.2617465698380355 0.52810633375599014 -1.0286539492485711)
(-1.0074638658115616 0.51096823254958035 -1.0074640890255375)
(-0.7428837230499139 0.4939599180882106 -0.99244403721722363)
(-0.48535223286039836 0.48535189731307882 -0.99432203673429764)
(-0.23921786407098927 0.48370677082642566 -1.0006667316429405)
(4.4445089823069717e-07 0.48353833939153573 -1.0023516050048151)
(0.23921870191445535 0.48370690713181336 -1.000666726532661)
(0.48535297117931508 0.48535212289636748 -0.99432201048022262)
(0.74288440811785939 0.49395994116801545 -0.99244387105001219)
(1.0074644809067967 0.5109674006175241 -1.0074635604864084)
(1.2617469609162928 0.52810369183810757 -1.0286528915642794)
(-1.2636147623326039 0.78586017410392439 -1.0308339731380092)
(-1.0123971766909734 0.76814175275573648 -1.0123972799541983)
(-0.75074922173199754 0.75074894074040066 -0.99643915595614907)
(-0.49396024232519065 0.7428834653048797 -0.99244403400916703)
(-0.24488299170526848 0.7419399838494326 -0.9941405171322264)
(5.2435114853213727e-07 0.7419962669206086 -0.99490493000966373)
(0.24488396752045732 0.74194002780701174 -0.99414051031880024)
(0.49396106644367133 0.74288353333224555 -0.99244399364730485)
(0.75074993638506682 0.75074882512862429 -0.99643900725423684)
(1.0123977974194214 0.76814093279083773 -1.0123969435239941)
(1.2636151664985065 0.78585780759043844 -1.0308335362730876)
(-1.2676055489364724 1.0348435311741839 -1.0348424738864614)
(-1.0233677423189538 1.0233678779693531 -1.0233678251709069)
(-0.76814166356300695 1.0123970340452058 -1.0123973536536248)
(-0.5109680759692361 1.0074637187945259 -1.0074641532869451)
(-0.25496565276620997 1.0069401119852732 -1.0069405856987079)
(7.48731027282179e-07 1.0071551956432068 -1.0071556752406621)
(0.25496705259945807 1.0069401224877239 -1.0069405561707587)
(0.51096925773370527 1.0074637046120309 -1.0074640679952842)
(0.76814264209401617 1.0123968487276402 -1.0123971928936577)
(1.0233685401858756 1.0233671759304708 -1.0233676348255933)
(1.2676060639397526 1.034841717192571 -1.034842541469374)
(-1.2719387052204332 1.2719393069985641 -1.039467608679979)
(-1.0348427017738844 1.2676056904198636 -1.0348426852014354)
(-0.78585929776428975 1.263614723872335 -1.0308342768255307)
(-0.52810529077813495 1.2617465184416081 -1.0286541935711231)
(-0.26522567426966198 1.2616855971030501 -1.0282038330466601)
(1.0090520548011739e-06 1.261915652388063 -1.0282723213253719)
(0.26522759852180494 1.2616856059558241 -1.0282037331051219)
(0.52810695202524827 1.2617464839077561 -1.0286539509674699)
(0.78586071553577841 1.2636145892734514 -1.0308339497493275)
(1.0348439272485219 1.2676052633865209 -1.0348424363707431)
(1.2719395128244317 1.2719382951645153 -1.0394677182459258)
(-1.2702089499327509 -1.270208675116391 -0.79288645952408332)
(-1.0308342434218332 -1.2636147600070515 -0.78585936902183962)
(-0.7800049810246753 -1.2582872477029161 -0.78000422417489834)
(-0.52232079853513635 -1.256504336897561 -0.7767864124338012)
(-0.26167089688378015 -1.2571340587188737 -0.77598945996806323)
(-1.9349682263102019e-06 -1.2576745445175872 -0.77598323178666551)
(0.26166744433083577 -1.2571341021999913 -0.77598940916763659)
(0.52231824470040933 -1.2565043774706175 -0.77678635366995863)
(0.78000330679546426 -1.2582873223586111 -0.78000412722216683)
(1.0308332590305544 -1.2636149248075867 -0.78585923965085225)
(1.2702084904687698 -1.2702089895081847 -0.79288655451607304)
(-1.2636148418925877 -1.0308337564029719 -0.78585944979088174)
(-1.0123972924777951 -1.0123971188519381 -0.76814185801060442)
(-0.75074935851582558 -0.99643915150523177 -0.75074921393691618)
(-0.49396058179019697 -0.99244408745954871 -0.74288362982290934)
(-0.24488371843391316 -0.99414054437055344 -0.74194002062176878)
(-5.4757112242891093e-07 -0.99490493527820656 -0.74199627068479801)
(0.2448827543982395 -0.99414051622044919 -0.74194009319277698)
(0.49395990615662294 -0.99244402558493416 -0.74288373486392234)
(0.7507489357131546 -0.99643915452070808 -0.75074922479357864)
(1.0123970319888542 -1.0123973545348985 -0.76814166367192038)
(1.2636147232423058 -1.0308342773856398 -0.78585929755085671)
(-1.2582872261269915 -0.78000417151335022 -0.78000505550501009)
(-0.9964390751740464 -0.75074906983658152 -0.75074957722506708)
(-0.68192519488564984 -0.68192548585545809 -0.68192589250578828)
(-0.44057859758951218 -0.68027546560571661 -0.68027608790302907)
(-0.2169491603724237 -0.6816625978592501 -0.6816634197401259)
(3.2442561809370438e-07 -0.68200159042955844 -0.68200257628637106)
(0.21694980027636865 -0.68166246695169164 -0.6816635853701799)
(0.44057918429673648 -0.68027513991270827 -0.68027637511108519)
(0.68192563842709508 -0.68192513797223742 -0.68192612961958299)
(0.99643926202690447 -0.75074939467564561 -0.75074921696174735)
(1.25828730664142 -0.78000501118995635 -0.78000419886034444)
(-1.2565043021463884 -0.52231929464654703 -0.77678798902531909)
(-0.99244396745820307 -0.49396003971966673 -0.74288421295330243)
(-0.6802754332969585 -0.44057882162575812 -0.68027588876318368)
(-0.42722671004678175 -0.42722660413416497 -0.73941094971582355)
(-0.20920252054005989 -0.42514666012418062 -0.74734490546224186)
(4.6015907267590861e-07 -0.4248562005568759 -0.74860884391806004)
(0.20920329489979048 -0.42514641665581659 -0.74734504964361925)
(0.42722719411527571 -0.42722612779175517 -0.73941126326062145)
(0.68027576083710972 -0.44057836225367975 -0.68027627402362678)
(0.99244427279008329 -0.49396062597778273 -0.74288368258085824)
(1.2565044336132873 -0.5223208510333337 -0.77678641634308332)
(-1.2571340537451701 -0.26166842379368388 -0.77599148061089673)
(-0.99414052999866676 -0.24488282246655474 -0.7419406221260475)
(-0.68166307193981135 -0.21694920632601486 -0.68166284775369068)
(-0.42514733291632817 -0.20920247187622448 -0.74734454731179434)
(-0.20715552329094636 -0.20715495790266486 -0.75892031125995107)
(1.8674464496125365e-07 -0.20683637372942676 -0.76079720238815174)
(0.20715578118282468 -0.20715463169378509 -0.7589204293198053)
(0.42514734772193491 -0.20920194301053502 -0.7473448945403055)
(0.68166304310017656 -0.21694887266193835 -0.6816633100957975)
(0.99414077361899911 -0.24488381982704097 -0.74193996979531573)
(1.2571341689202415 -0.26167099403239386 -0.7759894326104041)
(-1.2576745669829461 1.2605245554228595e-06 -0.77598538218157542)
(-0.99490504502014754 5.9558457606891102e-07 -0.74199677390321339)
(-0.68200239577834387 3.8767248035503907e-07 -0.68200174728182861)
(-0.42485737616776803 4.6808570460833698e-07 -0.74860832597479787)
(-0.20683754268857832 6.824327739018976e-07 -0.76079711322524135)
(-2.0888252973659538e-07 8.8757776780037934e-07 -0.76286135069421923)
(0.20683713997205821 9.9920779890114164e-07 -0.76079716118570018)
(0.4248569731195917 9.5403728776928542e-07 -0.74860860597456469)
(0.68200216758210497 5.7036850299591049e-07 -0.68200216312977557)
(0.99490520186928189 -7.2056872941692052e-07 -0.74199605774845856)
(1.2576746616750574 -2.077627620569733e-06 -0.77598313975390332)
(-1.2571341288470157 0.26167079082296074 -0.77599125593038254)
(-0.99414072629265071 0.24488391041503096 -0.74194041812917444)
(-0.68166351732116426 0.21694985041619255 -0.68166255415051846)
(-0.4251479472252796 0.20920334555433828 -0.74734437943692811)
(-0.2071562187703207 0.207156270052409 -0.75892023485713533)
(-4.8254498775587851e-07 0.20683805906249633 -0.76079708469522089)
(0.207155355963971 0.20715650625701695 -0.75892023781309159)
(0.42514726284739013 0.20920374064845046 -0.74734459479226278)
(0.68166315419568924 0.21694997769524127 -0.68166288890746363)
(0.9941408164278478 0.24488253959603917 -0.7419397238635308)
(1.2571342277681388 0.2616672754201993 -0.77598925514894013)
(-1.256504396063385 0.52232126901892451 -0.77678759162203648)
(-0.99244428535291307 0.4939609004402411 -0.74288385533874224)
(-0.68027635321619484 0.44057919457431438 -0.68027516442322988)
(-0.42722779111393988 0.4272273804014598 -0.73941025976255759)
(-0.20920361916668892 0.42514793342736817 -0.74734429841823768)
(-5.6023466931016952e-07 0.42485775632329154 -0.74860816860949997)
(0.20920260549046935 0.42514807194604759 -0.74734429324329943)
(0.42722698747508436 0.42722769940352529 -0.73941039769923489)
(0.68027588576788489 0.44057935876742355 -0.6802753641488597)
(0.99244435863858316 0.493959690250524 -0.74288328675922888)
(1.2565045189428823 0.52231807277437925 -0.77678617754166956)
(-1.2582872874557871 0.78000576679900002 -0.78000466754922793)
(-0.99643930383603019 0.75074972784956007 -0.7507492731631773)
(-0.68192612796931973 0.68192564286770341 -0.68192514004494842)
(-0.44057964800760929 0.68027591050048219 -0.68027516979640879)
(-0.21695004026207743 0.6816634873151266 -0.68166245976620987)
(-3.5854500472637387e-07 0.68200263608410927 -0.68200151974496692)
(0.21694937722893806 0.68166353916004785 -0.68166246347683734)
(0.4405790909181298 0.68027613946582177 -0.68027524534189054)
(0.68192583829082021 0.68192575987366832 -0.68192518026312032)
(0.99643952660295998 0.75074873381126994 -0.75074888093353964)
(1.2582874983377179 0.78000314813570959 -0.78000399218525129)
(-1.263614750705349 1.030835024482182 -0.78585921133632475)
(-1.0123971859229355 1.0123976104916355 -0.76814182470705294)
(-0.75074921883489543 0.99643926451293652 -0.75074939279617048)
(-0.49396021209756791 0.99244412983811825 -0.74288397687482)
(-0.24488293829045532 0.99414065313790123 -0.74194045878615311)
(5.8238607657939978e-07 0.99490509506577773 -0.74199669149865932)
(0.24488401398167012 0.99414068850461845 -0.74194039150116242)
(0.49396110416881561 0.99244416852905171 -0.74288384807329555)
(0.75074997906840812 0.99643911264402962 -0.75074918082249176)
(1.0123978445309416 1.0123968515829045 -0.76814154511623001)
(1.2636151974067569 1.0308331218239646 -0.78585914160832115)
(-1.2702086342907408 1.2702094213778936 -0.79288616885872099)
(-1.0308337590235963 1.263615027018316 -0.78585940372433183)
(-0.78000419978160673 1.2582873076050238 -0.78000501018029056)
(-0.52231931155085543 1.2565043545595036 -0.77678792451328504)
(-0.26166839548164111 1.2571340859102675 -0.77599143120813163)
(1.3467993562540914e-06 1.2576745718940192 -0.77598535814237657)
(0.26167092671283915 1.25713410528834 -0.77599124805189534)
(0.52232143401863429 1.2565043457144265 -0.77678757938532739)
(0.78000593308838384 1.2582872000720111 -0.78000461405436883)
(1.0308351657180397 1.2636145912577488 -0.78585911522373486)
(1.2702095129105326 1.2702083798628601 -0.79288624746814174)
(-1.2693473272677018 -1.2693468116871534 -0.53508684682838126)
(-1.0286541662106186 -1.2617465519636752 -0.5281054760551912)
(-0.77678791934539959 -1.2565043196502328 -0.52231934339104225)
(-0.51906228577956459 -1.2558668556594721 -0.51906003317833782)
(-0.2596097791736216 -1.2577019011210284 -0.51814030980208403)
(-2.1201810066519278e-06 -1.2586952303113434 -0.51807569316548951)
(0.25960601538298622 -1.2577019499480846 -0.51814038146877339)
(0.51905948083868381 -1.2558668842120064 -0.51906010716483808)
(0.77678598373443319 -1.2565044019289719 -0.52231931459090974)
(1.0286529340965613 -1.2617468057497172 -0.52810527196331436)
(1.2693467233923805 -1.269347374355396 -0.53508662597314505)
(-1.2617467166411522 -1.0286531398400085 -0.52810602096039205)
(-1.0074641171380758 -1.0074637594025395 -0.51096845687390202)
(-0.74288400257392007 -0.99244404066432057 -0.49396017744121723)
(-0.48535268728570929 -0.99432212322264535 -0.48535199521049133)
(-0.23921867674888916 -1.0006667716708597 -0.48370673844058498)
(-6.7071539571091077e-07 -1.0023516185444963 -0.48353828885081912)
(0.23921750667901998 -1.0006667361680561 -0.48370692029399459)
(0.48535187477529962 -0.99432203000086672 -0.48535224939874383)
(0.74288345271702694 -0.992444037705422 -0.49396024566155472)
(1.0074637129950001 -1.007464157109994 -0.51096807506019937)
(1.2617465166916528 -1.0286541950869315 -0.52810529001673767)
(-1.2565043115975012 -0.77678636286368286 -0.52232087117322024)
(-0.99244400701004942 -0.74288349110703811 -0.49396079673204862)
(-0.68027526248021597 -0.68027575744004776 -0.44057919184243194)
(-0.42722650789947875 -0.73941063929356576 -0.42722727031121366)
(-0.20920250028428347 -0.74734439663847307 -0.42514767825216226)
(3.4727814831291004e-07 -0.74860822185345377 -0.42485756166913735)
(0.20920325306678053 -0.74734430901356652 -0.42514802987680433)
(0.42722734415643981 -0.7394102529071408 -0.42722782150481847)
(0.6802758886059791 -0.68027518588135594 -0.44057964517201603)
(0.99244412108925795 -0.74288398603570638 -0.49396020691228149)
(1.2565043518915648 -0.77678792777174088 -0.52231930946376748)
(-1.2558668337466734 -0.51905998977905909 -0.51906235319732041)
(-0.99432204442803596 -0.48535187311174355 -0.48535289256767361)
(-0.7394104058547798 -0.42722700504625416 -0.42722702937065404)
(0.73941079423235312 -0.42722626918559881 -0.4272276756273502)
(0.99432226367763499 -0.48535262546939872 -0.48535214535985638)
(1.2558669242995635 -0.51906228473188021 -0.51906006885378142)
(-1.2577019424729972 -0.25960658362831879 -0.51814293347634588)
(-1.0006668407149146 -0.23921742816633965 -0.48370755698733525)
(-0.74734465523857796 -0.20920264385816209 -0.42514695437114819)
(0.74734464272350043 -0.20920217456657347 -0.4251476859944987)
(1.0006669503876104 -0.23921860727636915 -0.48370674663842445)
(1.2577019866044248 -0.25960978383381667 -0.51814030778826348)
(-1.2586953146992954 1.6385426277534809e-06 -0.51807822978970353)
(-1.0023518345502203 8.5400250167573521e-07 -0.48353886355825504)
(-0.74860871456177902 4.3842118549811127e-07 -0.42485637120270103)
(0.74860855406948601 6.6915236376398346e-07 -0.42485709064286492)
(1.0023518278030266 -6.2956905350422532e-07 -0.4835380583152924)
(1.2586953248038544 -2.1426457758599859e-06 -0.5180756028153779)
(-1.2577020435405419 0.25960966654603557 -0.51814254630505385)
(-1.0006670660581387 0.23921897528286129 -0.48370722322853477)
(-0.74734500167993823 0.20920328856557641 -0.42514649830484685)
(0.74734472409149189 0.20920348407100647 -0.42514711392903803)
(1.0006669768362728 0.2392175037771474 -0.48370646894369468)
(1.2577020534269223 0.2596059729667457 -0.51814021021404044)
(-1.2558669738256407 0.51906257043592507 -0.51906168601103841)
(-0.99432242089356426 0.48535307196976407 -0.48535234846655195)
(-0.73941125494284266 0.42722718243485541 -0.42722615911021622)
(0.73941076227436997 0.42722748517099074 -0.42722658423390319)
(0.99432230838879732 0.48535184254811514 -0.48535170312718534)
(1.2558670005828327 0.5190594278065831 -0.51905991509291383)
(-1.2565044064920809 0.77678839456366822 -0.52232021586804922)
(-0.99244426488738946 0.74288439955218133 -0.49396039118593915)
(-0.68027628549298247 0.68027575564456944 -0.4405783658210366)
(-0.42722770259822601 0.73941080490859756 -0.42722624380911545)
(-0.20920354265808316 0.74734496134310091 -0.42514649458827225)
(-5.1977450896308064e-07 0.74860886318816933 -0.42485618310547657)
(0.20920258584689477 0.7473449799125782 -0.42514655324923439)
(0.42722687374452117 0.73941108163592828 -0.42722642499123453)
(0.68027575986677846 0.68027602743070703 -0.44057852297272149)
(0.99244434457024122 0.74288341958390003 -0.49395986897184035)
(1.2565045404435939 0.77678593498131765 -0.52231919703997276)
(-1.2617465845420635 1.0286546463086359 -0.5281056518770797)
(-1.0074638695336755 1.0074644380309723 -0.51096856787651657)
(-0.74288368893324863 0.99244427481638409 -0.4939606251141645)
(-0.48535215673323268 0.99432227158740449 -0.48535261342947078)
(-0.23921777081094669 1.0006669951938354 -0.48370735993309683)
(5.1876339920639558e-07 1.002351896654293 -0.48353878919480586)
(0.23921873410766772 1.0006670428051891 -0.48370725149851745)
(0.48535297142226985 0.99432234164584443 -0.48535240473367947)
(0.7428844132806538 0.99244415118336615 -0.49396027747360705)
(1.0074645095051957 1.0074636904757801 -0.51096806837655295)
(1.2617470002198419 1.0286528963918808 -0.5281052526553186)
(-1.2693468059959803 1.2693476281966294 -0.53508673988989441)
(-1.0286531646506925 1.2617468980179853 -0.52810606042100483)
(-0.77678641832659034 1.2565044346522618 -0.52232085001407791)
(-0.51906007249060615 1.2558669270036689 -0.5190622801054775)
(-0.25960668233017564 1.2577020011776396 -0.51814287225375144)
(1.5466281121992442e-06 1.2586953332902224 -0.51807820703361573)
(0.2596096072908618 1.2577020300905508 -0.51814255341460203)
(0.51906255701052995 1.2558669419244992 -0.51906168320436541)
(0.77678841910386354 1.2565043560834437 -0.52232012537333838)
(1.0286546928697828 1.2617464940696568 -0.52810541943189937)
(1.2693476829317472 1.2693466912693634 -0.53508649500668093)
(-1.2692216183827179 -1.2692209134603449 -0.26957394644413968)
(-1.0282038122358605 -1.2616856139777914 -0.26522603302062303)
(-0.77599143486071753 -1.2571340634810111 -0.26166845763873259)
(-0.5181428893039286 -1.2577019556567932 -0.25960661283263303)
(-0.25895646637828645 -1.2605783162547091 -0.25895320859300663)
(-1.9664478917158501e-06 -1.2619460753054632 -0.25887769127190335)
(0.25895293987383977 -1.2605783398014925 -0.25895335443560502)
(0.5181401282988829 -1.2577019383261445 -0.25960681323587864)
(0.77598933086052346 -1.257134116254311 -0.26166851683417475)
(1.0282023523153567 -1.2616859315349527 -0.26522572951009693)
(1.2692208769631821 -1.269221657884382 -0.26957324730363452)
(-1.261685865544028 -1.0282024027224412 -0.26522725849943196)
(-1.006940561392806 -1.0069401036567811 -0.25496631298202677)
(-0.74194049112723959 -0.99414057502752851 -0.24488291665769493)
(-0.48370742813245671 -1.0006668886711245 -0.23921750873217901)
(-0.2376537942166668 -1.0105278598078806 -0.23765272712079002)
(-5.6265970665124454e-07 -1.0130060487001267 -0.23743128089674265)
(0.23765281639572797 -1.0105277991145138 -0.23765300097145781)
(0.48370673777999401 -1.0006667374176637 -0.23921787717798138)
(0.74193995964893245 -0.99414052948546672 -0.24488299068982028)
(1.0069400995726072 -1.0069405934793321 -0.25496564830071827)
(1.2616855930337123 -1.0282038354852276 -0.26522567181315387)
(-1.2571340409072662 -0.77598942576907337 -0.26167094550374126)
(-0.99414050174125246 -0.74193992743865167 -0.24488384834058249)
(-0.68166257255798834 -0.68166323883508551 -0.2169494274073141)
(-0.42514667939661127 -0.74734476412596107 -0.20920281354925549)
(-0.20715500915386043 -0.75892025319836831 -0.20715574477382831)
(6.0124160720931297e-07 -0.76079708101028332 -0.20683767363568265)
(0.20715619718815553 -0.75892021783028973 -0.20715628589436003)
(0.42514786668959714 -0.74734432830421527 -0.20920364272052949)
(0.68166342431506366 -0.68166251594484029 -0.21695002300929644)
(0.99414063258179541 -0.7419404787669267 -0.24488292527051522)
(1.2571340795139789 -0.77599143727312592 -0.26166839011596577)
(-1.2577018848989434 -0.51814028054035721 -0.25960982403851807)
(-1.0006667277650887 -0.48370665861542123 -0.23921879965298865)
(-0.74734433835678815 -0.4251475234528348 -0.20920273682856272)
(0.74734491695063943 -0.42514656498543985 -0.20920349171722352)
(1.0006669763191178 -0.4837073920960836 -0.23921774955480557)
(1.2577019943557377 -0.51814288252633212 -0.25960667405278254)
(-1.260578305550021 -0.25895318894347574 -0.25895649580134805)
(-1.0105278301879514 -0.2376526747638357 -0.23765387428203311)
(-0.7589202096248151 -0.20715564376469087 -0.20715516316742827)
(0.75892039811921319 -0.20715493332876175 -0.20715600150788577)
(1.010527963351199 -0.23765376870022578 -0.23765282812104932)
(1.2605783669006418 -0.25895646362151631 -0.25895323978592893)
(-1.2619460951780608 1.7338554016109453e-06 -0.25888070867650309)
(-1.013006145151216 7.907619316120662e-07 -0.23743207487784854)
(-0.76079715310151741 1.2726598674211997e-07 -0.20683649687183564)
(0.76079719907423604 5.9335112872864471e-07 -0.20683730197617439)
(1.0130061663388872 -5.7264920080325743e-07 -0.23743109219841732)
(1.2619461360822517 -1.9793466753681432e-06 -0.25887761805465281)
(-1.2605783996522077 0.25895643939176949 -0.25895588337005776)
(-1.0105280071214631 0.23765411668440165 -0.23765346379019997)
(-0.75892041122206932 0.2071557513422243 -0.2071546928419801)
(0.75892033618089549 0.20715612704727682 -0.20715533274995246)
(1.0105279484730876 0.23765275984282747 -0.23765254637901478)
(1.2605784158549971 0.25895290587245506 -0.25895318547755808)
(-1.2577020423997722 0.5181430617920092 -0.25960869504306844)
(-1.0006670319358026 0.48370780754326848 -0.23921816358014847)
(-0.74734489885165811 0.42514732515613168 -0.2092019695670051)
(0.74734458753983213 0.4251477305716681 -0.20920240573749216)
(1.000666944201555 0.48370665164167492 -0.23921733831973133)
(1.257702034373076 0.51814008087284436 -0.25960663080447899)
(-1.2571341289933498 0.77599171404450495 -0.26166975177742946)
(-0.99414066802617274 0.7419408544968582 -0.24488344026087666)
(-0.68166333866094142 0.68166303489703706 -0.21694889088128377)
(-0.42514773100130521 0.74734465417780849 -0.20920218182514819)
(-0.20715603771236676 0.75892040196932742 -0.20715485341589032)
(-3.7361239853435368e-07 0.76079722634051228 -0.20683646491967092)
(0.20715532174875567 0.7589204050977072 -0.20715494006218044)
(0.42514707025921544 0.74734489533091242 -0.20920239018524026)
(0.68166293849431425 0.68166331556426596 -0.21694904137542279)
(0.99414077909789167 0.74193988960044699 -0.24488270204242837)
(1.257134233188455 0.77598928757060881 -0.26166845132962296)
(-1.2616856407379116 1.0282041032689082 -0.26522657435516844)
(-1.006940136684362 1.0069408404699434 -0.25496667386668764)
(-0.74193997995133176 0.99414077429342107 -0.24488382254288588)
(-0.48370676226179316 1.0006669541326325 -0.2392185978055682)
(-0.23765285329271887 1.0105279728983365 -0.23765372863419532)
(5.7020448262536105e-07 1.0130062060684957 -0.23743206289929739)
(0.23765392023311807 1.0105280113259865 -0.23765357020075437)
(0.48370768294741417 1.0006670088890546 -0.23921826803343793)
(0.74194080784442051 0.99414062998223551 -0.24488325541923728)
(1.0069408567437999 1.0069400704400087 -0.25496585815344264)
(1.2616860783212323 1.0282023235218589 -0.26522583694262752)
(-1.2692209097363332 1.2692218130959851 -0.26957406629859476)
(-1.0282024013115669 1.2616860205629183 -0.26522743619575562)
(-0.77598943537315168 1.2571341695159872 -0.26167099345354328)
(-0.51814031267605676 1.2577019883183989 -0.2596097788188485)
(-0.25895325046882067 1.260578372260184 -0.25895644988915739)
(1.6547714567737015e-06 1.2619461229718214 -0.2588807069498944)
(0.25895636707729891 1.2605784006313727 -0.2589559174999217)
(0.5181430152269858 1.2577020307068087 -0.25960870280760928)
(0.77599169892536124 1.2571341064578141 -0.2616696094109186)
(1.028204119059916 1.2616855965852811 -0.26522615296713919)
(1.2692218489434317 1.2692208630020052 -0.26957333748875367)
(-1.2693845092209299 -1.2693837173913465 -5.1894810884980935e-07)
(-1.0282723020543261 -1.2619156686734254 4.8876454620747078e-07)
(-0.77598536025799647 -1.2576745706700849 1.2413551006597301e-06)
(-0.518078208817915 -1.2586953203606583 1.6213391784460074e-06)
(-0.25888069546050313 -1.2619461009312656 1.7214507681863334e-06)
(-1.6685885725203908e-06 -1.2634489526853563 1.6696647436309497e-06)
(0.2588776341819522 -1.2619460769859345 1.5362846602223756e-06)
(0.51807563783139954 -1.2586952455504228 1.3879730788417255e-06)
(0.77598320124655051 -1.2576745897220256 1.1575957578092988e-06)
(1.0282707009289971 -1.2619160183498292 8.6268991877566648e-07)
(1.2693836835490975 -1.2693845524523022 6.1628843969069314e-07)
(-1.2619159549199599 -1.0282707138614084 -1.3433217041676493e-06)
(-1.0071556577383156 -1.0071551913723198 -1.6811155411494694e-07)
(-0.74199671453298333 -0.99490506444823246 5.4193101898039608e-07)
(-0.48353880451497022 -1.0023518545076107 8.0530005141382643e-07)
(-0.23743203813937649 -1.0130061597283657 7.570284525290627e-07)
(-3.7237195467387796e-07 -1.0157488093588338 6.0015398956232702e-07)
(0.23743138128962388 -1.0130060489371535 4.772994773635103e-07)
(0.48353829563085582 -1.0023516220687845 4.4298279385651673e-07)
(0.74199622894905137 -0.99490494913543748 5.3638608752543115e-07)
(1.0071551736240876 -1.0071556854371606 7.6113363726287853e-07)
(1.2619156439838417 -1.0282723238044498 1.0153880073866806e-06)
(-1.2576745378752521 -0.77598321357882805 -1.9570636146694353e-06)
(-0.99490492998661895 -0.74199622181728442 -5.9752214783166668e-07)
(-0.68200163549922455 -0.68200246446226021 2.6587928492471936e-07)
(-0.42485625362152885 -0.74860875359151513 3.3494574887965589e-07)
(-0.20683642323723325 -0.76079716891298421 5.6653342161636089e-08)
(8.3044506187304745e-07 -0.76286133981247695 -2.9381792229256354e-07)
(0.20683798917712626 -0.76079709095581427 -5.2001270643350916e-07)
(0.42485765785798463 -0.74860822691025986 -5.5240991417813967e-07)
(0.68200252936172578 -0.68200161099567602 -3.1038384265547059e-07)
(0.99490505724528444 -0.74199671967265779 6.1231730832944642e-07)
(1.2576745578686739 -0.77598536580496513 1.3601425079348695e-06)
(-1.2586952237268623 -0.51807567670625421 -2.1399897506511889e-06)
(-1.00235161076736 -0.48353824365168779 -7.1496394876344183e-07)
(-0.74860824200890586 -0.4248574702148345 3.2206149917779481e-07)
(0.74860878224719563 -0.42485629817209342 -4.2702367192802571e-07)
(1.0023518582256947 -0.48353884041570927 5.662607113487983e-07)
(1.2586953166145403 -0.51807822252846847 1.5672373111647042e-06)
(-1.2619460697123568 -0.25887767947479884 -1.9786445239200479e-06)
(-1.0130060385096717 -0.23743124957080741 -5.9131836686703021e-07)
(-0.7607970681415045 -0.20683761619513341 5.6081368494248496e-07)
(0.76079721928040711 -0.20683664711657015 -2.906548902253947e-07)
(1.0130061788334508 -0.23743213914356892 6.2866623590403237e-07)
(1.261946107317045 -0.25888073135255207 1.6811488387502571e-06)
(-1.2634489476016109 1.6777506198530079e-06 -1.6718059611398051e-06)
(-1.0157487990532734 6.2051625392654797e-07 -3.8124602853156775e-07)
(-0.76286132838303433 -2.5425543836825326e-07 8.0908880106811409e-07)
(0.76286138194504993 4.5034999100398987e-07 1.5521097438547793e-08)
(1.01574884984609 -5.2969490763922489e-07 7.5115595462964257e-07)
(1.2634489751156448 -1.7265726525855785e-06 1.7278949386440035e-06)
(-1.2619460845790029 0.25888080821947945 -1.2394648442777545e-06)
(-1.0130061310169856 0.23743240235202268 -1.9688315000022938e-07)
(-0.76079715405167569 0.20683711196096607 9.5831294313029891e-07)
(0.76079715014408489 0.20683761567639022 3.9345429327271308e-07)
(1.0130061346442256 0.23743119609095109 8.8560031425051478e-07)
(1.2619461241356751 0.25887756149111307 1.6857184225241295e-06)
(-1.2586952761471342 0.51807840851802645 -7.720205776502731e-07)
(-1.0023517762738439 0.48353922317599796 -1.1347280718526642e-07)
(-0.74860861351934116 0.42485695034475557 9.3559353659192213e-07)
(0.7486084627189481 0.42485732582102814 6.0940941734935472e-07)
(1.0023517831731819 0.48353811674729658 9.1054893091094269e-07)
(1.2586953213334526 0.51807556339259286 1.538582394988719e-06)
(-1.2576745035299925 0.77598561151689227 -4.3407830328801023e-07)
(-0.99490494513960481 0.74199708976532674 -2.6431648082747561e-07)
(-0.68200218608467755 0.68200215267751818 5.4129830358018442e-07)
(-0.42485713773703293 0.74860854778286456 6.3272176100033495e-07)
(-0.20683735017900917 0.76079718951667341 6.8032293874982497e-07)
(-7.2641014899413325e-08 0.76286140465596886 7.1865514981658829e-07)
(0.20683714834845535 0.76079721995758098 6.3407989470652681e-07)
(0.42485685435806875 0.74860868591729846 4.7974244057717719e-07)
(0.68200203198133713 0.68200229527319767 4.896633316348042e-07)
(0.99490516728921241 0.74199609264909305 6.9832848485079646e-07)
(1.2576746906947573 0.77598313617029546 1.15916224570356e-06)
(-1.2619155916635305 1.028272565313284 -4.4013037078446948e-07)
(-1.0071550792673116 1.0071559259632437 -7.6881072888501656e-07)
(-0.74199606779575511 0.99490519924566134 -7.2469057677340687e-07)
(-0.48353807733758636 1.0023518263024804 -6.2162740797205851e-07)
(-0.23743112648313766 1.0130061706552669 -5.2640199783328401e-07)
(6.7787814894346154e-07 1.0157488728157404 -4.2853724030803009e-07)
(0.23743239558580551 1.0130061776944321 -3.3702486436880397e-07)
(0.48353916881744785 1.0023518118238703 -2.075709195324682e-07)
(0.74199703277674467 0.99490496904933856 1.5520489483888955e-08)
(1.007155918607987 1.007155082011415 3.2328718740926021e-07)
(1.2619161484414574 1.0282706427630208 6.2096839444428231e-07)
(-1.2693836590671712 1.2693846982122987 -9.0229766366509145e-07)
(-1.0282706473684895 1.2619160995719556 -1.6597269794152436e-06)
(-0.77598314275155933 1.2576746613912544 -2.0771238214423171e-06)
(-0.51807560906729166 1.2586953252493323 -2.1372087599148826e-06)
(-0.2588776320243481 1.2619461398670819 -1.9625053963683026e-06)
(1.6956438757959047e-06 1.2634489883068503 -1.6927232206684351e-06)
(0.25888079930534796 1.2619461073287035 -1.2865681111445815e-06)
(0.51807838304937814 1.2586952893787831 -7.7228908222301551e-07)
(0.77598558949015961 1.2576745065031676 -2.3720419854711405e-07)
(1.0282725716586647 1.2619155778301026 1.4993844083682761e-07)
(1.2693847353236272 1.2693836299326926 2.6413012811296599e-07)
(-1.2692215828181042 -1.2692208732330816 0.26957306007121479)
(-1.0282037170598055 -1.2616856415071209 0.26522698381071691)
(-0.77599124782707407 -1.2571341298833461 0.26167078102104846)
(-0.51814253924746378 -1.2577020458123616 0.25960965669797148)
(-0.25895588099100342 -1.2605784036003709 0.2589564311074688)
(-1.24393848037474e-06 -1.2619460908981279 0.2588808020722283)
(0.25895346913321349 -1.2605783061211986 0.25895624783918125)
(0.51814033819629723 -1.2577019238164202 0.25960945124199858)
(0.77598934977896317 -1.2571341205655746 0.26167073644512751)
(1.0282022861626177 -1.2616859425507079 0.26522742258995624)
(1.2692208236633709 -1.2692216237314402 0.26957451010899464)
(-1.2616858880581647 -1.0282023317557891 0.26522481299353351)
(-1.0069405477866065 -1.0069401740392012 0.25496600247518991)
(-0.74194039631630826 -0.99414073336396336 0.24488388231730093)
(-0.48370720315558835 -1.0006670737759376 0.23921894706111993)
(-0.23765345645882152 -1.0105280158011167 0.23765409444823915)
(-2.0843831470031271e-07 -1.0130061435423077 0.23743238822650806)
(0.23765307178597364 -1.0105278387537577 0.23765389978987683)
(0.48370684952674148 -1.0006667519342869 0.23921871356024091)
(0.74193997337215822 -0.99414053300124661 0.24488399509273434)
(1.0069400874528665 -1.006940567061007 0.25496707710146271)
(1.2616855911824729 -1.0282037351297519 0.26522761059435362)
(-1.2571341018450934 -0.77598940122511806 0.26166743776240398)
(-0.99414052451288604 -0.74194007276537799 0.24488274173928004)
(-0.68166251390746102 -0.68166354458417722 0.21694978665325176)
(-0.42514645958127439 -0.74734501630102357 0.20920322966190175)
(-0.20715467958463107 -0.75892042001871607 0.20715570644981629)
(9.3455717965242047e-07 -0.76079716690804899 0.2068370858722087)
(0.2071564159942921 -0.75892025545469854 0.20715534038364594)
(0.42514794760064362 -0.74734434664110916 0.20920265054489204)
(0.68166341094472327 -0.68166254964022432 0.21694947496993811)
(0.99414062563756445 -0.7419404221774184 0.24488407222572328)
(1.2571340792275232 -0.77599125607245312 0.26167095265786589)
(-1.2577019488312817 -0.51814037324743789 0.25960601077941237)
(-1.0006667415042394 -0.48370689812211431 0.23921750047212564)
(-0.74734434877834932 -0.42514798916710161 0.20920327000202465)
(0.74734487075817946 -0.42514668749011425 0.20920275734737029)
(1.0006669686300365 -0.48370731290673807 0.23921882960889934)
(1.2577019965321652 -0.51814257238776928 0.25960964821167476)
(-1.2605783369947552 -0.25895334804188452 0.25895293938437508)
(-1.0105277951092673 -0.23765298466220325 0.23765281853361173)
(-0.75892021807252097 -0.20715625681649658 0.20715620453161596)
(0.75892035067917607 -0.20715516675442602 0.20715553711452378)
(1.0105279435898817 -0.23765367180382363 0.23765404282962793)
(1.260578366443889 -0.25895595129484761 0.25895641960187576)
(-1.2619460718599098 1.5403466685978695e-06 0.2588776392256123)
(-1.0130060371781135 4.8452193240205998e-07 0.23743139585986539)
(-0.76079707669060326 -5.1090055338230689e-07 0.2068380136414382)
(0.76079714811531152 2.750560523286788e-07 0.20683738473006455)
(1.0130061178309926 -4.8642217801049548e-07 0.2374325404587424)
(1.2619460779748377 -1.3386975965326564e-06 0.25888086130550758)
(-1.2605782975921782 0.25895625032150477 0.25895348064062185)
(-1.0105278202608889 0.23765390020734423 0.23765310429085812)
(-0.75892023706859324 0.20715533481382448 0.20715648135919004)
(0.75892029813555428 0.20715581384297482 0.20715607909751316)
(1.0105278782639848 0.23765279040826065 0.23765424390475429)
(1.2605783266418775 0.25895336912863515 0.25895637360270829)
(-1.2577018752984852 0.51814291287953729 0.25960704876130974)
(-1.0006667843963639 0.48370771539279922 0.2392179455068198)
(-0.74734460335954223 0.42514724388902192 0.20920373098711559)
(0.74734458286805194 0.42514746826537186 0.20920359593838811)
(1.0006668797415226 0.48370660914972369 0.23921908799765967)
(1.2577019797094025 0.51814024836061556 0.25960956579084038)
(-1.2571339357919036 0.77599161387926618 0.26166868829207801)
(-0.99414041452535273 0.74194084227192825 0.2448829402257848)
(-0.68166290428796406 0.68166313538635748 0.21694996783156562)
(-0.42514716512642142 0.74734470410043696 0.20920348624316501)
(-0.20715543619605417 0.75892033412232074 0.20715622059204375)
(2.1522510012562945e-07 0.76079719276848767 0.20683787144918889)
(0.20715575894801258 0.75892036894052173 0.2071562234862761)
(0.4251472943991772 0.7473447307269443 0.20920345280048491)
(0.68166298342176534 0.68166309282362447 0.21695009133144344)
(0.9941407331456571 0.74193979405369759 0.24488405704479874)
(1.2571342102114818 0.77598927035136245 0.26167069055588843)
(-1.2616854610350161 1.0282040762890279 0.2652255482023681)
(-1.0069399249294289 1.0069408544771417 0.2549652462701002)
(-0.74193973351461373 0.99414081131282217 0.2448825396221283)
(-0.48370649365922669 1.0006669724977646 0.23921751764265015)
(-0.23765259806999839 1.0105279515255905 0.23765281346104294)
(7.8474487931294579e-07 1.0130061540609703 0.23743131614328009)
(0.23765406394157099 1.0105279214674197 0.23765298894336981)
(0.48370772856605232 1.0006668679601052 0.23921791993075309)
(0.74194077537479508 0.99414047150651375 0.24488330073684583)
(1.0069408185020687 1.006939942321579 0.25496646427746711)
(1.2616860840188244 1.0282021975656011 0.2652270670969748)
(-1.269220755489042 1.2692218392876531 0.26957232411845317)
(-1.028202200093064 1.2616860505089416 0.26522438891651456)
(-0.7759892583950212 1.2571342268457488 0.26166727681091539)
(-0.51814021839031721 1.2577020531798326 0.2596059799494812)
(-0.25895320422044038 1.2605784187565123 0.25895292622622135)
(1.6455225963843412e-06 1.2619461344990928 0.25887760489083955)
(0.25895629994807989 1.2605783479598955 0.25895344210737548)
(0.51814290812506991 1.2577019138151913 0.25960707334503375)
(0.77599158587330308 1.2571339566073503 0.26166892195352348)
(1.0282040720742727 1.2616854554180204 0.26522622949789654)
(1.269221872006145 1.2692207250169076 0.26957380221623878)
(-1.2693472137304544 -1.2693467310800399 0.53508628824893245)
(-1.0286539474147072 -1.2617465698999211 0.52810633050632894)
(-0.77678758939678283 -1.2565043966002294 0.52232126419285585)
(-0.51906168509477879 -1.2558669755386569 0.51906256495084391)
(-0.2596086979642141 -1.2577020467947257 0.51814305640061964)
(-7.8136400992120936e-07 -1.2586952849458828 0.51807840419114104)
(0.25960703167720378 -1.2577018881405315 0.5181429121758141)
(0.51905995753332657 -1.2558668081030393 0.5190623833570418)
(0.77678604523579142 -1.2565043404678318 0.52232123110025197)
(1.0286527744709573 -1.261746753699311 0.52810678832872127)
(1.2693465698747162 -1.269347235417065 0.53508783510380864)
(-1.2617467479824906 -1.028653051556236 0.52810418366105782)
(-1.0074640846984493 -1.0074638676747349 0.51096822358289651)
(-0.74288384969651633 -0.99244428881054469 0.49396088624510914)
(-0.48535234587651943 -0.99432242590758479 0.48535305655218836)
(-0.23921817090008529 -1.0006670415690473 0.48370779404640346)
(-1.3874722203620349e-07 -1.0023517956970893 0.48353921460953619)
(0.2392178955237223 -1.0006668141587709 0.48370772084568248)
(0.48535204810480931 -0.99432204791425349 0.48535299402941257)
(0.74288346063747157 -0.99244402277599697 0.4939611078728488)
(1.0074636567575839 -1.0074640814815496 0.51096929276280989)
(1.261746463557883 -1.0286539536717632 0.52810696854223371)
(-1.2565043781599095 -0.77678635089701176 0.52231824349944356)
(-0.99244403111891577 -0.74288372905671241 0.49395990219101266)
(-0.68027515591369825 -0.68027636683981174 0.44057916093086169)
(-0.42722615638103983 -0.73941126452990169 0.42722715121880672)
(-0.20920198795152542 -0.74734491135794623 0.425147300064042)
(8.7944866757928841e-07 -0.74860863955545121 0.42485693426555671)
(0.20920362093477637 -0.74734464171743609 0.42514725618289345)
(0.42722753119611295 -0.73941046306854163 0.42722705038766307)
(0.68027595484513503 -0.6802753243660391 0.44057924418105887)
(0.99244407803161694 -0.74288388193159349 0.49396118902108621)
(1.2565043085326102 -0.77678758858466423 0.52232147033125043)
(-1.2558668838189022 -0.51906010400347447 0.51905948174473504)
(-0.99432203139354691 -0.48535224273253041 0.4853518777980762)
(-0.73941025570963725 -0.42722781258289066 0.42722733999195589)
(0.73941085697408926 -0.42722655678864474 0.42722715943101186)
(0.99432222355062616 -0.48535247124452935 0.4853531123297945)
(1.2558668920362506 -0.51906170451417388 0.51906261504112672)
(-1.2577019357872843 -0.25960681124546409 0.51814013287982985)
(-1.0006667290723639 -0.23921787499400782 0.48370675272584196)
(-0.74734430038671995 -0.2092036412960562 0.42514789720666313)
(0.7473446935985919 -0.20920261871706353 0.42514742754183588)
(1.0006668894582365 -0.23921837982952515 0.48370786521281617)
(1.2577019783194885 -0.25960874185402472 0.5181430902175953)
(-1.2586952404860119 1.3875155185361088e-06 0.51807564748792301)
(-1.0023516056790609 4.3434768297150039e-07 0.48353832590049906)
(-0.74860817462657747 -5.8024559440941759e-07 0.42485772909165914)
(0.74860850608537588 1.1687172079416497e-07 0.42485725432796967)
(1.0023517082030977 -3.827149923189832e-07 0.48353938287061671)
(1.258695244977567 -8.3649404056251875e-07 0.51807847185573852)
(-1.2577019154029403 0.25960944820737042 0.51814035447532802)
(-1.0006667301781704 0.23921869282354263 0.48370689918648879)
(-0.74734430309953859 0.20920258711117018 0.42514805562026381)
(0.74734457382258923 0.20920292750517963 0.42514778607245185)
(1.0006668007330513 0.23921765933384448 0.48370798946889554)
(1.257701884274167 0.25960697674127076 0.51814301347659564)
(-1.2558667951103446 0.51906237782472142 0.51905998033260503)
(-0.99432201621667682 0.48535296310393289 0.48535211992703253)
(-0.73941041362432669 0.42722696872714055 0.42722769534396993)
(0.73941058926814018 0.42722694418984547 0.4272277486199762)
(0.99432212421590427 0.48535184607675286 0.48535326702288678)
(1.2558668409614107 0.51905990806354751 0.51906246439398906)
(-1.2565041962947379 0.77678824595128038 0.52231890297051953)
(-0.99244387660112399 0.74288440225643448 0.49395994129812437)
(-0.68027539055870045 0.68027586984407429 0.44057936929430958)
(-0.42722665075966865 0.73941074804314888 0.42722752914563239)
(-0.20920254320018095 0.74734457543931831 0.42514783861235306)
(3.4771033345128155e-07 0.74860844543391125 0.42485755392901564)
(0.2092031487472491 0.7473445522821448 0.42514789982950318)
(0.42722708655479397 0.73941056207470945 0.42722769389672527)
(0.68027568034989561 0.68027553702609 0.44057971172445265)
(0.99244418815906821 0.74288330895129728 0.49396109889997752)
(1.256504416921352 0.77678599295452455 0.52232115802359669)
(-1.2617463718357103 1.0286545640359199 0.52810443280910091)
(-1.007463563702528 1.0074644782165967 0.51096740155904197)
(-0.74288329844593948 0.99244435392710839 0.49395969621621666)
(-0.48535173341241455 0.99432230393019316 0.48535186437362232)
(-0.23921740375320724 1.0006669435171958 0.48370671028207102)
(7.829975124211408e-07 1.0023517890428715 0.48353824407269647)
(0.23921886736759346 1.0006668923313415 0.48370684143858533)
(0.48535295257637695 0.99432214036402833 0.48535218290909216)
(0.74288428179894384 0.99244394314886941 0.49396034056975224)
(1.0074643748224728 1.007463529909236 0.51096857118427919)
(1.2617469248801791 1.028652692718022 0.52810635144733142)
(-1.2693465858449731 1.269347627461374 0.53508519277192357)
(-1.0286528926223015 1.2617469602798068 0.52810369240124644)
(-0.77678618121317244 1.2565045180570376 0.52231807539129371)
(-0.51905992476926566 1.2558670003267893 0.51905943645925634)
(-0.25960665324486498 1.2577020366628013 0.51814010353880335)
(1.4914732654885965e-06 1.2586953288042835 0.51807561277404213)
(0.25960948145908591 1.2577019932476838 0.51814033653802494)
(0.51906234502592274 1.2558668564434212 0.51906003056941064)
(0.77678818402553196 1.256504226416838 0.52231914093428944)
(1.0286545270772116 1.2617463414236034 0.52810510633948438)
(1.2693476307484806 1.2693464584752343 0.5350867607536911)
(-1.2702087647346896 -1.2702086162358921 0.79288628389575566)
(-1.0308339727537266 -1.2636147624988421 0.78586017271790787)
(-0.78000466736852381 -1.2582872880314853 0.78000576458812509)
(-0.52232021688393004 -1.2565044082300441 0.77678839182769621)
(-0.26166975600556314 -1.2571341337444846 0.77599171127586353)
(-4.4441226144595336e-07 -1.2576745135752829 0.77598560996759147)
(0.26166866986795323 -1.2571339510545396 0.77599161607266809)
(0.52231887846315161 -1.2565042124817407 0.77678825370890836)
(0.78000336044148599 -1.2582871890212586 0.78000572113504274)
(1.0308329460285766 -1.2636148223824553 0.78586054123018834)
(1.2702081989041893 -1.2702087730106837 0.79288766553796441)
(-1.2636148761440098 -1.0308336719876656 0.78585831518505023)
(-1.0123972793138059 -1.0123971779024639 0.76814174881637087)
(-0.75074927335378083 -0.99643930641309864 0.75074972132293738)
(-0.49396039410808995 -0.99244426950319042 0.7428843920532161)
(-0.24488345056003286 -0.99414067887413138 0.74194084809231231)
(-2.9154669428828328e-07 -0.99490496927151151 0.7419970889248465)
(0.24488288592016738 -0.99414045271759421 0.74194085628662809)
(0.49395986257974217 -0.9924439178032215 0.74288443904251911)
(0.75074874903885624 -0.99643904312996578 0.75074998086539801)
(1.012396799303251 -1.0123972102769161 0.76814267719088747)
(1.263614568545262 -1.030833954177327 0.78586073153623193)
(-1.258287322437655 -0.7800041267133293 0.78000330668448481)
(-0.99643915567732799 -0.75074922512303255 0.75074893366366025)
(-0.68192514521343595 -0.68192613763779419 0.68192562595623829)
(-0.44057837784108622 -0.68027629692951652 0.68027574119720713)
(-0.21694890624383029 -0.68166335290708813 0.68166302157593328)
(4.9721121019447039e-07 -0.68200223076201338 0.68200215397043806)
(0.2169498377251215 -0.68166297963112399 0.68166317286145828)
(0.44057914264871068 -0.68027547637229735 0.68027598629881436)
(0.68192553840017933 -0.68192527577939632 0.68192600186149788)
(0.99643901675503166 -0.75074921785529725 0.75075006273471612)
(1.2582871614253823 -0.78000462487256306 0.78000596864552385)
(-1.2565044010606616 -0.52231931429582534 0.77678598544688215)
(-0.99244403496043465 -0.49396024788493587 0.74288345660258526)
(-0.68027518190118474 -0.44057966274727411 0.68027589155036305)
(-0.42722626832396349 -0.42722772326766095 0.73941079557888256)
(-0.2092021949196311 -0.42514776136306709 0.74734464381766674)
(5.906787619251036e-07 -0.4248572011166879 0.74860857077775145)
(0.20920330273813778 -0.42514726032622152 0.74734478770722435)
(0.42722717973537061 -0.42722676195094428 0.73941096080614344)
(0.68027571668850606 -0.44057866743354718 0.68027604898431204)
(0.99244402034243628 -0.49396034094506874 0.74288455091230021)
(1.25650430315252 -0.52232014651422054 0.77678847630414605)
(-1.2571341139829129 -0.26166851787896983 0.77598933594626274)
(-0.99414051986159735 -0.24488299844539244 0.74193997573393333)
(-0.68166247776364597 -0.21695005848126897 0.68166347098821134)
(-0.42514653349553727 -0.20920357430918632 0.74734495767696241)
(-0.20715491038937373 -0.20715609247256686 0.75892040735692001)
(5.5969776717804121e-07 -0.20683742599439181 0.76079722933029559)
(0.20715595469880976 -0.20715552786416944 0.75892043654377483)
(0.42514741256603511 -0.20920264049156104 0.74734483708141253)
(0.68166299777176209 -0.21694924972187107 0.68166329083679378)
(0.99414049215668532 -0.24488335559244123 0.74194098693457466)
(1.2571340502662633 -0.26166964608213067 0.77599177377633133)
(-1.2576745861759049 1.1537730259560119e-06 0.7759832111865872)
(-0.99490493463938023 5.1714758850414377e-07 0.74199626087466508)
(-0.68200154312068506 -3.7900687708397607e-07 0.6820026241165309)
(-0.42485624260408611 -5.597571953556979e-07 0.74860886670864724)
(-0.20683659944755969 -4.4357331279581969e-07 0.76079725755988459)
(4.6097317460067067e-07 -1.6664077623351758e-07 0.76286146001784605)
(0.20683747615231979 1.0522703508715481e-07 0.76079730493383291)
(0.42485702454881019 2.4013257484030437e-07 0.74860875208360722)
(0.68200200721117799 1.5697491033556111e-07 0.68200242797569222)
(0.99490485000521267 -1.4571983004973976e-07 0.7419972489979586)
(1.257674459766347 -2.9897478007190337e-07 0.77598568060276119)
(-1.2571341152609805 0.26167072910563399 0.77598936611865343)
(-0.99414051670010828 0.24488396014985872 0.74194002469916809)
(-0.68166249168345427 0.2169493555106059 0.68166353352796261)
(-0.42514663090348553 0.20920254311013775 0.74734499285417877)
(-0.2071551330587757 0.20715525079930835 0.75892045939016195)
(2.6915088878302906e-07 0.20683703246089158 0.76079730326375683)
(0.20715569591191718 0.20715560084537937 0.75892052476113236)
(0.4251472092944939 0.20920299906583528 0.74734497644905629)
(0.6816628471517534 0.21694954464625299 0.6816634911599091)
(0.99414039747584426 0.24488304466324223 0.74194104716557663)
(1.2571339282205114 0.26166882493708143 0.77599169688999126)
(-1.2565043319213294 0.52232122079915289 0.77678606778701864)
(-0.9924440010125315 0.49396105953743757 0.74288353346862501)
(-0.68027527690638723 0.44057906859855195 0.68027614356267241)
(-0.42722650798457534 0.42722683316640053 0.73941110900112095)
(-0.20920258095775074 0.42514700558166163 0.74734496998306144)
(1.1461256349543092e-07 0.4248567284328526 0.7486088267005665)
(0.20920286925291665 0.42514709072350909 0.74734501040962253)
(0.42722683863819877 0.42722685182070008 0.73941127958485031)
(0.6802754879180104 0.44057885063625168 0.68027641615729761)
(0.99244392741980447 0.4939599957692648 0.74288460853484806)
(1.2565042155858526 0.52231901508413725 0.77678830983218627)
(-1.2582871774220272 0.78000570991699925 0.78000338434757399)
(-0.99643901358103326 0.75074993164328341 0.75074882729571313)
(-0.68192520967345183 0.6819258214121835 0.68192577288122536)
(-0.44057859093704571 0.68027573470936964 0.68027606685073327)
(-0.21694918434620242 0.68166289801575941 0.68166340654050428)
(2.1115767162432907e-07 0.68200195727917146 0.68200248664467567)
(0.21694960249805839 0.68166285590763476 0.68166347565107288)
(0.4405789604787585 0.68027548110029668 0.68027633880494431)
(0.68192546720695124 0.68192533040048375 0.68192625145719343)
(0.99643913367838088 0.75074885558893478 0.75074990532503705)
(1.2582872323433596 0.78000345502541324 0.78000563866875972)
(-1.2636146132136992 1.030834970022001 0.78585802533190585)
(-1.0123969469788066 1.0123977955215913 0.76814093474461509)
(-0.75074889241135778 0.99643952312608397 0.75074874140476699)
(-0.49395989729543494 0.99244434033151308 0.74288344109628535)
(-0.24488276402266351 0.99414077458708294 0.74193994133974428)
(5.7352152394232747e-07 0.99490516220408565 0.74199620492885887)
(0.24488383820537429 0.99414072676126852 0.7419400095168196)
(0.49396079224542871 0.99244417792438777 0.74288363208580754)
(0.75074959742699288 0.99643912004718349 0.7507491875694623)
(1.0123975056884298 1.0123968661519036 0.76814191305475621)
(1.2636150009127751 1.0308329683926669 0.78586007536388847)
(-1.2702084741554749 1.2702094096381575 0.79288494856748459)
(-1.0308335373450446 1.2636151661052906 0.78585780841470343)
(-0.78000399565588274 1.2582874978203309 0.78000315104602935)
(-0.52231920606631255 1.2565045404052022 0.77678594325741268)
(-0.26166847269767146 1.2571342349989716 0.77598930829025459)
(1.1134820168262616e-06 1.2576746962586789 0.77598318219034534)
(0.26167060897888034 1.2571342196493878 0.77598935513544653)
(0.52232104469437224 1.2565044257952793 0.7767861126863741)
(0.78000552213267449 1.2582872351914915 0.78000357795816799)
(1.0308348290486029 1.2636145595824413 0.78585859149856307)
(1.2702093549092994 1.2702081298885517 0.79288634293359328)
(-1.2719386148099241 -1.2719387226103311 1.0394680578116384)
(-1.0348424738988931 -1.2676055490992106 1.0348435306841994)
(-0.78585921158565808 -1.2636147511670379 1.0308350236514665)
(-0.52810565291547629 -1.2617465858961789 1.0286546452590819)
(-0.26522657762726315 -1.2616856445401656 1.0282041025331035)
(-4.4801019479651094e-07 -1.2619155999675487 1.0282725661995946)
(0.26522553404394011 -1.2616854740875623 1.0282040805070625)
(0.5281044140695802 -1.2617463863040286 1.028654571922117)
(0.78585800735997358 -1.2636146243233384 1.0308349792011475)
(1.0348415291879214 -1.2676055117551144 1.0348437611574619)
(1.2719380922966528 -1.271938605570339 1.0394690498804127)
(-1.267605651778533 -1.0348426557654753 1.0348421634290013)
(-1.0233678253908909 -1.0233677430423149 1.0233678766288188)
(-0.76814182574694789 -1.0123971875735651 1.0123976082113779)
(-0.51096857058208578 -1.0074638730312229 1.0074644352764333)
(-0.25496668141688372 -1.0069401455856111 1.0069408390606798)
(-7.8859532699412926e-07 -1.0071550992459744 1.00715593061918)
(0.25496520669598921 -1.0069399570489754 1.0069408712941008)
(0.51096734494950602 -1.007463599593067 1.0074645084870197)
(0.76814087916868801 -1.012396974525561 1.0123978298853544)
(1.0233671407047846 -1.023367651065562 1.0233685641900354)
(1.2676052484312736 -1.0348424413110233 1.0348439380033432)
(-1.2636149246209045 -0.78585923984976813 1.0308332591122131)
(-1.0123973544468099 -0.76814166534326589 1.0123970317347559)
(-0.75074939570264831 -0.75074922275636957 0.99643926076716605)
(-0.49396063068877261 -0.74288369593549874 0.99244427070920394)
(-0.24488383506365943 -0.74193999517938181 0.99414077366252052)
(-7.5940951610800611e-07 -0.74199610044931041 0.99490521248053576)
(0.24488246354350204 -0.74193978540002481 0.99414085179318479)
(0.49395958160301123 -0.74288335593777066 0.99244442460632731)
(0.7507486281980259 -0.75074893657652642 0.99643960212555349)
(1.0123967835549812 -0.76814157515096249 1.0123978987488595)
(1.2636145629844444 -0.78585912505711231 1.0308351895142707)
(-1.2617468050358991 -0.52810527260646178 1.0286529352777471)
(-1.0074641549775825 -0.51096807886178341 1.0074637160934918)
(-0.74288398258456889 -0.49396021869628276 0.9924441259728447)
(-0.48535262402295143 -0.48535216885179294 0.99432226852480154)
(-0.23921861881611262 -0.48370678501626552 1.0006669575644724)
(-6.7535856607646438e-07 -0.4835381182270328 1.0023518513157987)
(0.23921740173736775 -0.48370655332747065 1.0006670395216919)
(0.48535169069551792 -0.48535179789891947 0.99432241827627943)
(0.74288327147323963 -0.49395994738121224 0.99244446759882066)
(1.0074635958522686 -0.5109681132746684 1.0074645970941145)
(1.2617464548493034 -0.52810543571248059 1.0286547312942003)
(-1.2616859303059944 -0.26522573134702276 1.0282023557182727)
(-1.0069405884602451 -0.25496565644789992 1.0069401096955279)
(-0.74194046792195845 -0.24488294716526349 0.99414065074214031)
(-0.48370737953854664 -0.23921778838744145 1.0006669962600296)
(-0.23765376871743563 -0.23765288377571714 1.010527984383897)
(-6.1242093073871073e-07 -0.2374311722306211 1.013006208301233)
(0.23765265189021761 -0.23765265706326183 1.0105280405061472)
(0.48370648433662422 -0.23921746454435633 1.000667093324827)
(0.74193972736884273 -0.24488281059423164 0.99414094208375192)
(1.0069399684074538 -0.25496592404518642 1.0069409728670575)
(1.2616855548249046 -0.26522617912134061 1.0282041704117491)
(-1.2619160170279726 8.5848105866107027e-07 1.0282707078757387)
(-1.0071556791159093 7.4454931288034376e-07 1.0071551943425501)
(-0.74199670438539767 5.7199916762146197e-07 0.99490509521714898)
(-0.48353882087557987 4.9769533623685025e-07 1.0023519041153404)
(-0.23743213088275297 5.3394182919323796e-07 1.013006229335333)
(-5.6001445602159305e-07 6.2474688930502786e-07 1.015748926965494)
(0.23743109697794046 7.1817541318075495e-07 1.0130062693582729)
(0.48353795897231028 7.1730842181316756e-07 1.0023519801312235)
(0.74199594407991587 5.274031688942693e-07 0.9949053750021164)
(1.0071549937948656 2.1644593297190373e-07 1.0071560656185028)
(1.2619155439278329 1.0570679640636849e-07 1.0282726369343385)
(-1.2616859410013275 0.26522741522524745 1.0282022979001593)
(-1.0069405610012081 0.25496704818245591 1.0069401225606578)
(-0.74194040745043166 0.24488400313051217 0.99414069191653476)
(-0.48370729268388457 0.23921871266076411 1.0006670574123269)
(-0.23765366050652081 0.2376538819250969 1.0105280486480084)
(-5.0827566898913046e-07 0.23743233347595449 1.013006257304963)
(0.23765271036227112 0.23765397922507675 1.0105280846129867)
(0.483706484868761 0.2392187816233064 1.0006671565259269)
(0.74193968784791819 0.24488378195676228 0.99414101193653748)
(1.0069398875668725 0.25496629196433107 1.0069410092220688)
(1.2616854369257031 0.26522615878661981 1.0282041547124805)
(-1.2617467506703706 0.52810677859210453 1.0286527905392366)
(-1.007464073108796 0.51096925368105539 1.007463706041702)
(-0.74288386460075018 0.49396109452279469 0.99244417497396853)
(-0.48535244682836975 0.48535295330710626 0.99432236177996924)
(-0.2392183607502209 0.48370764975696523 1.0006670578119685)
(-3.8776356109382348e-07 0.48353911012612638 1.0023519176851738)
(0.23921761644814704 0.48370764250304454 1.0006670835080078)
(0.4853517834939422 0.48535286006192513 0.99432248072515206)
(0.74288326808063665 0.4939607292315224 0.99244453217633721)
(1.0074635161134258 0.5109683418712927 1.0074646005546748)
(1.2617463378910421 0.52810501464934723 1.0286546211850809)
(-1.2636148172407098 0.78586053159233182 1.0308329626527106)
(-1.012397197027278 0.76814263942644845 1.0123968507110321)
(-0.75074919393640505 0.75074997306159141 0.99643911982107236)
(-0.49396031001937224 0.74288440277137391 0.9924441712756169)
(-0.24488332760497852 0.74194078931973262 0.99414067853813892)
(-1.3014602798233632e-07 0.74199700028332116 0.99490507640688974)
(0.24488304633417243 0.74194072784365805 0.99414068526903632)
(0.49395999602140894 0.74288422819429056 0.9924442691817319)
(0.75074886475102376 0.75074955577102698 0.99643945208588525)
(1.0123968752312855 0.76814169404648169 1.0123977115173255)
(1.2636145628314761 0.78585850312146577 1.0308349142419526)
(-1.2676055061345497 1.034843754147081 1.0348415413919765)
(-1.0233676370808378 1.0233685391687881 1.0233671773991868)
(-0.76814155216745217 1.0123978425149014 1.0123968565117525)
(-0.51096808595273946 1.0074645065675363 1.0074637039220267)
(-0.25496589853129875 1.0069408529356771 1.0069401035576377)
(2.3826418219657919e-07 1.0071559141369804 1.0071551564224077)
(0.25496631328075348 1.0069408138604035 1.0069400850511205)
(0.51096836505108378 1.0074643684148892 1.0074637378913911)
(0.76814171330505687 1.0123974959449109 1.0123970763006809)
(1.0233677356819979 1.0233677263509577 1.0233678675927029)
(1.2676055648667179 1.0348418555929948 1.0348433587268357)
(-1.2719386228175789 1.271939408130045 1.0394667801687409)
(-1.0348425422150547 1.2676060637619715 1.0348417178147251)
(-0.78585914392066325 1.263615197185924 1.0308331238392787)
(-0.52810525874740954 1.2617470003277367 1.0286529019719217)
(-0.26522585203342869 1.2616860798050626 1.0282023377691805)
(5.8760695947207564e-07 1.2619161529821781 1.0282706753120121)
(0.26522700745338429 1.2616860919158024 1.0282022581166963)
(0.52810627060857218 1.2617469325677768 1.0286527775524337)
(0.78585999519203753 1.2636150037488414 1.0308330541337707)
(1.0348433022312873 1.267605562580242 1.0348419160957438)
(1.2719391655685053 1.2719382066560567 1.0394677802287802)
(-1.2739980645460602 -1.2739982350271186 1.2739984151615913)
(-1.0394676087200483 -1.2719387053010904 1.2719393068808384)
(-0.7928861690078316 -1.2702086345142287 1.2702094211687176)
(-0.53508674040425697 -1.2693468066778872 1.2693476279789586)
(-0.26957406792989891 -1.269220911718401 1.2692218132776072)
(-9.0627399612630555e-07 -1.2693836635121063 1.2693846996365452)
(0.26957231704059426 -1.2692207626695986 1.2692218427021125)
(0.53508518361346158 -1.2693465940785544 1.2693476325086235)
(0.79288493999583476 -1.2702084807870866 1.2702094146988279)
(1.0394667744772479 -1.2719386264378914 1.2719394115821068)
(1.2739976278397476 -1.2739980868400107 1.2739988926167927)
(-1.2719387987936417 -1.0394680337147391 1.2719385878508815)
(-1.0348426853479964 -1.0348427020562552 1.267605690131097)
(-0.78585940415837252 -1.0308337597012356 1.263615026511705)
(-0.52810606162026763 -1.028653166380249 1.2617468975093908)
(-0.26522743989648773 -1.0282024059625083 1.2616860211771972)
(-1.6693499710444815e-06 -1.0282706576372533 1.2619161037692828)
(0.26522437054745013 -1.0282022166662086 1.2616860606330671)
(0.52810366727626645 -1.0286529116598395 1.2617469754807928)
(0.78585778402950546 -1.0308335527691117 1.2636151816176269)
(1.0348417013218758 -1.0348425507891366 1.2676060745721067)
(1.2719382883021102 -1.0394677214608579 1.2719395174075308)
(-1.2702089893989159 -0.79288655470116498 1.2702084905517659)
(-1.0308342771899119 -0.78585929839304058 1.263614723425738)
(-0.78000501115991361 -0.78000420123008485 1.2582873068789546)
(-0.522320852281699 -0.77678642157102873 1.256504434090806)
(-0.26167099988854253 -0.7759894430525669 1.2571341712577713)
(-2.0942368805891565e-06 -0.77598315865869549 1.2576746702462225)
(0.26166724281495046 -0.7759892834104255 1.2571342476223617)
(0.52231802745586653 -0.77678620969629752 1.2565045492981599)
(0.78000310367742587 -0.78000401884271697 1.2582875300061571)
(1.0308330915477479 -0.78585915712616561 1.2636152199592632)
(1.2702083667554485 -0.79288625317137817 1.2702095228418846)
(-1.2693473740749321 -0.53508662642440263 1.269346723897318)
(-1.0286541942613412 -0.52810529179626009 1.261746517984992)
(-0.77678792637442606 -0.52231931394972697 1.2565043539818239)
(-0.51906228420701206 -0.51906007753163219 1.2558669270810194)
(-0.25960978923425682 -0.51814032296562218 1.257701992110881)
(-2.1633611937584007e-06 -0.51807562797300144 1.2586953397007743)
(0.25960592880136013 -0.51814024634195588 1.2577020855816601)
(0.51905936463140145 -0.51905995589557119 1.2558670487955155)
(0.77678587245768815 -0.52231923150541382 1.256504590592038)
(1.0286528538193764 -0.52810527365764748 1.2617470361813612)
(1.2693466729519778 -0.53508650340017483 1.2693476990255739)
(-1.2692216575651232 -0.26957324841328811 1.2692208784228705)
(-1.028203834148218 -0.26522567560478222 1.2616855968524088)
(-0.77599143433296758 -0.26166839874567643 1.2571340859961271)
(-0.51814287944444304 -0.2596066890708178 1.2577020028736063)
(-0.25895646671649586 -0.25895326286814208 1.2605783793323679)
(-2.0003780930831494e-06 -0.25887765220749526 1.2619461606706928)
(0.25895285698321457 -0.25895323175625029 1.2605784624620726)
(0.51814000985485786 -0.25960668275766896 1.2577021010360705)
(0.77598921794154818 -0.2616684965194423 1.2571343014742025)
(1.0282022770988344 -0.26522586604617621 1.2616861273280278)
(1.269220843636051 -0.26957335014406458 1.2692218711854006)
(-1.26938455245195 6.1386728482035191e-07 1.2693836867401287)
(-1.0282723228785016 1.0075084285882108e-06 1.2619156525238948)
(-0.77598536275764896 1.34298145381892e-06 1.257674573065932)
(-0.51807821823789324 1.5387349300913233e-06 1.2586953375100234)
(-0.2588807323264114 1.6405064086275067e-06 1.2619461349845955)
(-1.7454425866834933e-06 1.6730516256106831e-06 1.2634490181139735)
(0.25887751462993941 1.6154748742856773e-06 1.2619461931856126)
(0.51807549583570112 1.4600593355139357e-06 1.2586954130864225)
(0.77598307257918508 1.0890265448142145e-06 1.2576747820680216)
(1.0282706030594231 5.7402819442914366e-07 1.2619162136237108)
(1.269383614935599 2.4280142036509078e-07 1.2693847652677561)
(-1.2692216240914984 0.26957450598038185 1.2692208292454887)
(-1.0282037350138691 0.26522759692194303 1.2616856065459505)
(-0.77599125382383183 0.26167092283746274 1.2571341076461362)
(-0.51814256785299573 0.25960959928287941 1.2577020370801959)
(-0.25895595023975126 0.25895635208141421 1.2605784186091555)
(-1.3531877442116147e-06 0.25888077439122037 1.2619461491708408)
(0.25895333054485026 0.25895626561998819 1.2605784275006253)
(0.51814019464726468 0.25960944503345157 1.2577021050766419)
(0.77598922427474681 0.26167058099721224 1.2571343315147205)
(1.028202173110802 0.26522699270063216 1.2616861696611872)
(1.2692207183394746 0.26957376820767259 1.2692219115612708)
(-1.2693472354553363 0.53508782986739245 1.2693465774235269)
(-1.0286539529038792 0.52810695064411295 1.2617464848160911)
(-0.77678758522732394 0.52232143079356963 1.2565043488034242)
(-0.51906169800745583 0.51906255046284178 1.2558669505857016)
(-0.25960873704020004 0.51814300272323155 1.257702052703066)
(-8.4321995055466892e-07 0.51807836166391641 1.2586953401273688)
(0.25960695304232595 0.51814287787409741 1.2577020092264617)
(0.51905987648021001 0.5190623118801575 1.2558669892041303)
(0.77678597036950192 0.52232101832864142 1.2565045572799347)
(1.0286526854860312 0.52810625625670227 1.2617470230348338)
(1.2693464598236239 0.53508671754669401 1.2693476760574776)
(-1.2702087720803301 0.79288766067619454 1.2702082064741345)
(-1.030833951268191 0.78586071466629925 1.2636145901793336)
(-0.78000461861916603 0.78000593115445904 1.2582872029807173)
(-0.52232013708236913 0.77678841539884802 1.2565043641449651)
(-0.26166963735659998 0.77599169226610221 1.2571341272015777)
(-2.9700354526804307e-07 0.77598557882813113 1.2576745546046488)
(0.26166881825392668 0.77599157131780006 1.2571340465942829)
(0.52231900610039839 0.77678816736091294 1.2565043509839782)
(0.78000345203638988 0.78000550725008666 1.258287358192024)
(1.0308329720903016 0.78585998560456427 1.263615088218351)
(1.2702081347201084 0.79288630236355007 1.2702093951543747)
(-1.2719386040296281 1.0394690466315235 1.2719380976908861)
(-1.0348424372316232 1.034843926911702 1.2676052640052236)
(-0.78585911782698792 1.0308351650432306 1.2636145932120824)
(-0.5281054262942444 1.0286546918381239 1.2617464995427923)
(-0.26522617009932981 1.0282041179664709 1.2616856109796206)
(1.1200687334567139e-07 1.0282725713670342 1.2619156114234436)
(0.26522616262013765 1.0282040730010731 1.2616855178938595)
(0.52810501852940472 1.0286545276179895 1.2617464274555608)
(0.78585850853930861 1.0308348274052606 1.2636146444593297)
(1.0348418612137003 1.0348432990654652 1.2676056209858484)
(1.2719382102953716 1.0394677531480361 1.2719391913800302)
(-1.2739980856770547 1.2739988911809634 1.2739976302865308)
(-1.0394677185641257 1.2719395127704349 1.2719382954348311)
(-0.79288624845153044 1.2702095128573567 1.2702083807209543)
(-0.53508649773765726 1.2693476830905897 1.2693466937337874)
(-0.26957334471426792 1.269221850009546 1.269220869659365)
(2.4766150038754708e-07 1.2693847384879338 1.2693836455822431)
(0.26957377304282304 1.2692218776514221 1.2692207539427705)
(0.53508672252434863 1.2693476368832544 1.2693464980347429)
(0.79288630662798443 1.2702093585828917 1.2702081688314251)
(1.0394677558012024 1.2719391660133483 1.2719382334765459)
(1.2739981131761597 1.2739981121247921 1.2739981237629232)
(-1.5 -1.5 -1.5)
(-1.5 -1.5 -1.2840313875844345)
(-1.2840313875844345 -1.5 -1.5)
(-1.5 -1.2840313875844345 -1.5)
(-1.277421654188228 -1.5 -1.2774218733441161)
(-1.5 -1.2774218733441158 -1.2774216541882277)
(-1.2774218733441158 -1.2774216541882277 -1.5)
(-1.0450359998171936 -1.5 -1.5)
(-1.0454607185823503 -1.5 -1.2773066854398309)
(-1.0454616565085844 -1.277306594181592 -1.5)
(-0.81441855954831266 -1.5 -1.5)
(-0.80327792465899839 -1.5 -1.2783643394747093)
(-0.80327925243023868 -1.2783650217981877 -1.5)
(-0.54299294881605231 -1.5 -1.5)
(-0.543374094850407 -1.5 -1.2789120825597073)
(-0.54337453344631081 -1.2789133349407127 -1.5)
(-0.28038717196387825 -1.5 -1.5)
(-0.27559006100824457 -1.5 -1.2790859677837894)
(-0.27558907136959815 -1.2790871440611822 -1.5)
(0 -1.5 -1.5)
(-2.3643919389116861e-06 -1.5 -1.2791932282550451)
(-3.1606459938674788e-08 -1.279194384491726 -1.5)
(0.28038717196387841 -1.5 -1.5)
(0.27558676876131422 -1.5 -1.2790857626066161)
(0.27559002975816826 -1.279087029434897 -1.5)
(0.54299294881605231 -1.5 -1.5)
(0.54337167088624561 -1.5 -1.2789117947912152)
(0.54337529900603987 -1.2789128205879612 -1.5)
(0.81441855954831288 -1.5 -1.5)
(0.80327669182423822 -1.5 -1.2783641355376014)
(0.80328014967156924 -1.2783640855420297 -1.5)
(1.0450359998171936 -1.5 -1.5)
(1.0454603093830188 -1.5 -1.2773066492663421)
(1.0454629349296307 -1.2773057478641017 -1.5)
(1.5 -1.5 -1.5)
(1.5 -1.5 -1.2840313875844345)
(1.2840313875844345 -1.5 -1.5)
(1.5 -1.2840313875844345 -1.5)
(1.2774216012165494 -1.5 -1.2774218741710825)
(1.5 -1.277421654188228 -1.2774218733441158)
(1.2774228799079976 -1.2774211807726628 -1.5)
(-1.5 -1.0450359998171936 -1.5)
(-1.5 -1.0454616565085844 -1.277306594181592)
(-1.2773066854398307 -1.0454607185823503 -1.5)
(-1.0466251792216998 -1.0466243845628582 -1.5)
(-0.80260994807452324 -1.048227967981112 -1.5)
(-0.54426622957822324 -1.049234987124209 -1.5)
(-0.27498204068267018 -1.0495564752701796 -1.5)
(1.0684067726761021e-06 -1.0496360097701682 -1.5)
(0.27498475318072957 -1.0495562926935826 -1.5)
(0.54426810159367522 -1.0492342820682721 -1.5)
(0.8026117844167211 -1.0482270091574772 -1.5)
(1.0466273753175011 -1.0466236889599343 -1.5)
(1.5 -1.0450359998171936 -1.5)
(1.5 -1.0454607185823503 -1.2773066854398309)
(1.27730826709023 -1.0454603563897324 -1.5)
(-1.5 -0.81441855954831288 -1.5)
(-1.5 -0.80327925243023879 -1.2783650217981875)
(-1.2783643394747091 -0.8032779246589985 -1.5)
(-1.0482271832443992 -0.80260877805477671 -1.5)
(-0.80426608454346138 -0.80426690224321795 -1.5)
(-0.54556054653847497 -0.8053706424894308 -1.5)
(-0.27563507225460465 -0.80575898837784121 -1.5)
(2.1952813509532635e-06 -0.80582980408200722 -1.5)
(0.27563978577442927 -0.80575872115857106 -1.5)
(0.54556382337372133 -0.80536998531981674 -1.5)
(0.80426883582456599 -0.80426639551680823 -1.5)
(1.0482298521245295 -0.80260864983912306 -1.5)
(1.5 -0.81441855954831288 -1.5)
(1.5 -0.8032779246589985 -1.2783643394747093)
(1.2783659222825661 -0.8032780532722269 -1.5)
(-1.5 -0.54299294881605231 -1.5)
(-1.5 -0.54337453344631081 -1.2789133349407127)
(-1.2789120825597071 -0.54337409485040711 -1.5)
(-1.0492327909482266 -0.54426637095017771 -1.5)
(-0.80536776580462954 -0.54556271178104598 -1.5)
(-0.54647526691753601 -0.54647930770684694 -1.5)
(-0.2761365904712631 -0.5468265436778289 -1.5)
(2.665808126901282e-06 -0.54688805694251819 -1.5)
(0.27614230665928119 -0.54682609183325881 -1.5)
(0.5464794879178374 -0.54647831382616163 -1.5)
(0.80537114453060943 -0.54556174397698076 -1.5)
(1.0492355673600051 -0.54426573527809774 -1.5)
(1.5 -0.54299294881605231 -1.5)
(1.5 -0.54337409485040711 -1.2789120825597073)
(1.2789136941743433 -0.54337378550352033 -1.5)
(-1.5 -0.28038717196387841 -1.5)
(-1.5 -0.2755890713695982 -1.2790871440611822)
(-1.2790859677837894 -0.27559006100824468 -1.5)
(-1.0495541412119682 -0.27498470854462237 -1.5)
(-0.80575562464782746 -0.27563978382351179 -1.5)
(-0.54682209738167764 -0.27614254725007004 -1.5)
(-0.27633838533277277 -0.27634422994155727 -1.5)
(2.5945520100107627e-06 -0.2763833050347036 -1.5)
(0.27634398388879744 -0.27634343556057955 -1.5)
(0.54682648764509467 -0.27614058954052545 -1.5)
(0.8057591495951435 -0.27563708452939295 -1.5)
(1.0495567717572745 -0.27498222609748318 -1.5)
(1.5 -0.28038717196387841 -1.5)
(1.5 -0.27559006100824462 -1.2790859677837894)
(1.2790873663378814 -0.2755885872778901 -1.5)
(-1.5 0 -1.5)
(-1.5 -3.1606460081697571e-08 -1.279194384491726)
(-1.2791932282550451 -2.3643919390227943e-06 -1.5)
(-1.0496316895498081 -2.3261082030934657e-06 -1.5)
(-0.80582454107445445 -4.9561383949305665e-06 -1.5)
(-0.54688371670200209 -4.5914113852431839e-06 -1.5)
(-0.27637789061588308 -4.0151697167848742e-06 -1.5)
(3.7203033639892614e-06 -3.8641254695304264e-06 -1.5)
(0.27638320126318661 -1.9866783018236785e-06 -1.5)
(0.54688800600087839 -7.5498605477812236e-07 -1.5)
(0.80582993800383951 5.0803220891635412e-07 -1.5)
(1.0496363293916657 1.1598704212596027e-06 -1.5)
(1.5 0 -1.5)
(1.5 -2.364391939047321e-06 -1.2791932282550451)
(1.2791946773293639 -4.5488225776099853e-08 -1.5)
(-1.5 0.28038717196387825 -1.5)
(-1.5 0.2755900297581681 -1.279087029434897)
(-1.2790857626066163 0.2755867687613141 -1.5)
(-1.0495538387910404 0.27497889243116974 -1.5)
(-0.80575541652253035 0.27563272367792047 -1.5)
(-0.5468220557633251 0.27613556366978637 -1.5)
(-0.276338460242187 0.27633800284282339 -1.5)
(2.4871917857697304e-06 0.2763776754536893 -1.5)
(0.27634379013926885 0.2763386310999269 -1.5)
(0.54682621998855108 0.27613752516925083 -1.5)
(0.80575894030152739 0.27563616512155742 -1.5)
(1.049556714253244 0.27498254582075116 -1.5)
(1.5 0.2803871719638783 -1.5)
(1.5 0.27558676876131416 -1.2790857626066161)
(1.2790874106115389 0.27558900084231663 -1.5)
(-1.5 0.54299294881605231 -1.5)
(-1.5 0.54337529900603965 -1.2789128205879612)
(-1.2789117947912154 0.54337167088624561 -1.5)
(-1.0492323912118477 0.54426218321071473 -1.5)
(-0.80536746593325259 0.54555765920073906 -1.5)
(-0.54647520336029765 0.54647425554034301 -1.5)
(-0.27613666951955457 0.54682179332533087 -1.5)
(2.4786272188710545e-06 0.5468835317186298 -1.5)
(0.27614200380519233 0.54682195033004344 -1.5)
(0.54647909143734186 0.54647503326336411 -1.5)
(0.80537076966827925 0.54555967240631276 -1.5)
(1.0492353135207944 0.5442646255051814 -1.5)
(1.5 0.54299294881605231 -1.5)
(1.5 0.54337167088624561 -1.2789117947912154)
(1.2789135776626595 0.54337325056951391 -1.5)
(-1.5 0.81441855954831266 -1.5)
(-1.5 0.80328014967156913 -1.2783640855420297)
(-1.2783641355376016 0.80327669182423822 -1.5)
(-1.0482268916526141 0.80260634858180291 -1.5)
(-0.80426580736961806 0.80426374778488474 -1.5)
(-0.54556042316624376 0.80536727155629295 -1.5)
(-0.27563515046216441 0.80575558079191711 -1.5)
(1.5304878923654576e-06 0.80582449894107111 -1.5)
(0.27563938434006691 0.80575545623776668 -1.5)
(0.54556334601802658 0.80536712413490885 -1.5)
(0.8042683310183838 0.80426412988944218 -1.5)
(1.0482293552752204 0.80260695040603136 -1.5)
(1.5 0.81441855954831277 -1.5)
(1.5 0.80327669182423822 -1.2783641355376014)
(1.278365578369832 0.80327701854681699 -1.5)
(-1.5 1.0450359998171936 -1.5)
(-1.5 1.0454629349296307 -1.2773057478641014)
(-1.2773066492663421 1.0454603093830188 -1.5)
(-1.0466250124225709 1.0466232590280855 -1.5)
(-0.80260970213514926 1.0482261549435956 -1.5)
(-0.54426609509781376 1.0492328651994911 -1.5)
(-0.27498210871457451 1.0495542135818192 -1.5)
(3.8715785884870234e-07 1.0496316777380688 -1.5)
(0.2749843167739508 1.0495539830784351 -1.5)
(0.54426759406027514 1.0492322047732059 -1.5)
(0.80261125926636079 1.0482252623611752 -1.5)
(1.0466268136025683 1.046622164286269 -1.5)
(1.5 1.0450359998171936 -1.5)
(1.5 1.0454603093830186 -1.2773066492663419)
(1.2773078394719113 1.045459324063529 -1.5)
(-1.5 1.5 -1.5)
(-1.5 1.5 -1.2840313875844345)
(-1.2840313875844345 1.5 -1.5)
(-1.5 1.2840313875844345 -1.5)
(-1.2774218733441158 1.5 -1.277421654188228)
(-1.5 1.2774228799079974 -1.2774211807726628)
(-1.2774218741710828 1.2774216012165496 -1.5)
(-1.0450359998171936 1.5 -1.5)
(-1.0454616565085841 1.5 -1.277306594181592)
(-1.0454615678232224 1.2773061618243873 -1.5)
(-0.81441855954831288 1.5 -1.5)
(-0.80327925243023868 1.5 -1.2783650217981875)
(-0.80327907014326583 1.2783641768140883 -1.5)
(-0.54299294881605231 1.5 -1.5)
(-0.54337453344631081 1.5 -1.2789133349407127)
(-0.54337444846849769 1.2789122955217604 -1.5)
(-0.28038717196387841 1.5 -1.5)
(-0.2755890713695982 1.5 -1.2790871440611822)
(-0.27558910231737549 1.2790860029486459 -1.5)
(0 1.5 -1.5)
(-3.1606459987809899e-08 1.5 -1.2791943844917262)
(-2.1508568990270115e-07 1.2791931705900996 -1.5)
(0.28038717196387825 1.5 -1.5)
(0.27559002975816821 1.5 -1.2790870294348973)
(0.27558972122983172 1.2790858141533152 -1.5)
(0.54299294881605231 1.5 -1.5)
(0.54337529900603976 1.5 -1.2789128205879612)
(0.54337495957841719 1.2789117101124889 -1.5)
(0.81441855954831277 1.5 -1.5)
(0.80328014967156924 1.5 -1.2783640855420297)
(0.80327979911984027 1.2783631536628028 -1.5)
(1.0450359998171936 1.5 -1.5)
(1.0454629349296309 1.5 -1.2773057478641017)
(1.0454625779074289 1.2773048848955075 -1.5)
(1.5 1.5 -1.5)
(1.5 1.5 -1.2840313875844345)
(1.2840313875844345 1.5 -1.5)
(1.5 1.2840313875844345 -1.5)
(1.2774228799079976 1.5 -1.2774211807726628)
(1.5 1.2774216012165494 -1.2774218741710823)
(1.2774225963892536 1.2774205471405351 -1.5)
(-1.5 -1.5 -1.0450359998171936)
(-1.277306594181592 -1.5 -1.0454616565085841)
(-1.5 -1.2773066854398307 -1.0454607185823503)
(-1.0466243845628582 -1.5 -1.0466251792216996)
(-0.80260877805477671 -1.5 -1.0482271832443992)
(-0.54426637095017771 -1.5 -1.0492327909482269)
(-0.2749847085446222 -1.5 -1.0495541412119682)
(-2.3261082030175792e-06 -1.5 -1.0496316895498081)
(0.2749788924311698 -1.5 -1.0495538387910404)
(0.54426218321071473 -1.5 -1.0492323912118475)
(0.80260634858180291 -1.5 -1.0482268916526138)
(1.0466232590280855 -1.5 -1.0466250124225709)
(1.5 -1.5 -1.0450359998171936)
(1.2773061618243873 -1.5 -1.0454615678232224)
(1.5 -1.277306594181592 -1.0454616565085844)
(-1.5 -1.0466251792216998 -1.046624384562858)
(1.5 -1.0466243845628582 -1.0466251792216998)
(-1.5 -0.80260994807452335 -1.0482279679811117)
(1.5 -0.80260877805477682 -1.0482271832443992)
(-1.5 -0.54426622957822335 -1.049234987124209)
(1.5 -0.54426637095017782 -1.0492327909482266)
(-1.5 -0.27498204068267029 -1.0495564752701796)
(1.5 -0.27498470854462237 -1.0495541412119682)
(-1.5 1.0684067725957134e-06 -1.049636009770168)
(1.5 -2.3261082030511217e-06 -1.0496316895498081)
(-1.5 0.27498475318072946 -1.0495562926935824)
(1.5 0.27497889243116969 -1.0495538387910404)
(-1.5 0.544268101593675 -1.0492342820682719)
(1.5 0.54426218321071473 -1.0492323912118475)
(-1.5 0.80261178441672099 -1.0482270091574772)
(1.5 0.80260634858180291 -1.0482268916526136)
(-1.5 1.0466273753175011 -1.0466236889599343)
(1.5 1.0466232590280855 -1.0466250124225707)
(-1.5 1.5 -1.0450359998171936)
(-1.2773066854398307 1.5 -1.0454607185823503)
(-1.5 1.27730826709023 -1.0454603563897324)
(-1.0466251792216996 1.5 -1.0466243845628582)
(-0.80260994807452313 1.5 -1.048227967981112)
(-0.54426622957822324 1.5 -1.049234987124209)
(-0.27498204068267024 1.5 -1.0495564752701796)
(1.0684067726634648e-06 1.5 -1.0496360097701685)
(0.27498475318072946 1.5 -1.0495562926935826)
(0.54426810159367522 1.5 -1.0492342820682721)
(0.8026117844167211 1.5 -1.0482270091574772)
(1.0466273753175013 1.5 -1.0466236889599341)
(1.5 1.5 -1.0450359998171936)
(1.27730826709023 1.5 -1.0454603563897324)
(1.5 1.2773061618243873 -1.0454615678232222)
(-1.5 -1.5 -0.81441855954831266)
(-1.2783650217981877 -1.5 -0.80327925243023857)
(-1.5 -1.2783643394747093 -0.80327792465899828)
(-1.048227967981112 -1.5 -0.80260994807452302)
(-0.80426690224321784 -1.5 -0.80426608454346138)
(-0.54556271178104576 -1.5 -0.80536776580462965)
(-0.27563978382351167 -1.5 -0.80575562464782746)
(-4.9561383948333559e-06 -1.5 -0.80582454107445445)
(0.27563272367792058 -1.5 -0.80575541652253024)
(0.54555765920073906 -1.5 -0.80536746593325226)
(0.80426374778488474 -1.5 -0.80426580736961784)
(1.0482261549435956 -1.5 -0.80260970213514926)
(1.5 -1.5 -0.81441855954831288)
(1.2783641768140883 -1.5 -0.80327907014326572)
(1.5 -1.2783650217981877 -0.80327925243023879)
(-1.5 -1.0482271832443992 -0.80260877805477659)
(1.5 -1.048227967981112 -0.80260994807452324)
(-1.5 -0.8042660845434616 -0.80426690224321773)
(-0.4999970952401715 -0.49999997740046398 -0.500002927322446)
(-0.33372868384823606 -0.49999865965427914 -0.50000124646184996)
(-0.16706301737919069 -0.49999839550612291 -0.50000160939312377)
(4.4921056865005944e-07 -0.4999981743542205 -0.50000182538350801)
(0.16706464066963689 -0.49999845697695283 -0.50000155218703202)
(0.33373011079244153 -0.49999779243278469 -0.50000209163299181)
(0.49999823779634189 -0.49999901441927408 -0.50000274769587338)
(1.5 -0.80426690224321795 -0.80426608454346138)
(-1.5 -0.54556054653847508 -0.80537064248943069)
(-0.49999979528353689 -0.33372935032775303 -0.50000012379627834)
(-0.33368442304915569 -0.33368353652389454 -0.49999988106487719)
(-0.16701828500362367 -0.33367046020211572 -0.4999999367034354)
(7.7171762322799579e-07 -0.33366475719596717 -0.49999989734621791)
(0.16701873193846511 -0.33367005755893547 -0.50000001260396765)
(0.33368439265515604 -0.33368252532511622 -0.50000002469823568)
(0.49999887476493005 -0.33372713747551996 -0.50000126562827407)
(1.5 -0.54556271178104598 -0.80536776580462965)
(-1.5 -0.27563507225460471 -0.8057589883778411)
(-0.5000010709313143 -0.1670632415572289 -0.4999989323738212)
(-0.33367257838039022 -0.16701731077491533 -0.50000004533805076)
(-0.16700596654821237 -0.16700386051435806 -0.50000000278283396)
(1.2346931687683267e-07 -0.16699792776587022 -0.50000000095065533)
(0.16700519625077143 -0.1670034209773123 -0.49999999895969305)
(0.33367148948355269 -0.1670163439046719 -0.49999992705394608)
(0.49999898627648393 -0.16706167662418037 -0.50000100032686734)
(1.5 -0.27563978382351179 -0.80575562464782746)
(-1.5 2.1952813509527468e-06 -0.805829804082007)
(-0.50000110770165507 1.3460325715165241e-06 -0.49999889205024167)
(-0.33366769454559608 1.7997973170186724e-06 -0.50000009957087643)
(-0.1670009293854314 2.1862123385697262e-06 -0.49999999911168835)
(-1.4101305417500121e-06 2.4813307979691455e-06 -0.500000000000001)
(0.16699910545724883 2.607244780341932e-06 -0.50000000225439112)
(0.33366590980271427 2.6794530213224897e-06 -0.49999994680702109)
(0.4999996526530473 2.6642093217535236e-06 -0.50000034733738519)
(1.5 -4.9561383949089722e-06 -0.80582454107445434)
(-1.5 0.2756397857744291 -0.80575872115857072)
(-0.50000144572027438 0.16706463308183556 -0.49999856344530713)
(-0.33367357804768843 0.16701981801341459 -0.49999999517077875)
(-0.1670070797661263 0.16700719959696581 -0.50000000451277582)
(-1.8368021354981064e-06 0.16700177275151493 -0.49999999766664238)
(0.16700448539483462 0.16700755741704529 -0.49999999823893437)
(0.33367136279106485 0.16702060951533873 -0.49999998554392605)
(0.49999987759752029 0.16706584605116159 -0.50000012444144193)
(1.5 0.27563272367792047 -0.80575541652253024)
(-1.5 0.54556382337372122 -0.80536998531981652)
(-0.50000204530601144 0.33373011184846341 -0.4999978389206618)
(-0.33368660312626625 0.33368573996225687 -0.49999989512232201)
(-0.1670204432261134 0.3336735868371038 -0.5000000879415365)
(-2.1117341380789947e-06 0.33366833318602096 -0.50000009308966953)
(0.16701736055716532 0.33367383234549236 -0.50000008561960707)
(0.33368403108942596 0.33368644351353099 -0.50000011560505464)
(0.50000018320742445 0.33373174014103824 -0.49999982342562138)
(1.5 0.54555765920073918 -0.80536746593325237)
(-1.5 0.80426883582456588 -0.80426639551680812)
(-0.50000274108648712 0.49999823931464532 -0.49999901951050263)
(-0.33373222850744061 0.50000163719469359 -0.49999833783821424)
(-0.16706586722554437 0.50000193399813531 -0.49999807014403019)
(-2.2425598031305599e-06 0.50000205390803709 -0.49999794605364356)
(0.16706259113267824 0.50000193840051244 -0.49999805563087985)
(0.33372887776080179 0.50000176872136837 -0.49999836459913072)
(0.50000107726579035 0.50000011737133176 -0.49999880530872626)
(1.5 0.80426374778488474 -0.80426580736961772)
(-1.5 1.0482298521245295 -0.80260864983912306)
(1.5 1.0482261549435956 -0.80260970213514904)
(-1.5 1.5 -0.81441855954831288)
(-1.2783643394747091 1.5 -0.80327792465899839)
(-1.5 1.2783659222825661 -0.80327805327222701)
(-1.048227183244399 1.5 -0.80260877805477671)
(-0.80426608454346127 1.5 -0.80426690224321784)
(-0.54556054653847497 1.5 -0.80537064248943091)
(-0.2756350722546046 1.5 -0.80575898837784121)
(2.1952813509396542e-06 1.5 -0.80582980408200722)
(0.27563978577442927 1.5 -0.80575872115857095)
(0.54556382337372133 1.5 -0.80536998531981652)
(0.80426883582456599 1.5 -0.80426639551680812)
(1.0482298521245297 1.5 -0.80260864983912306)
(1.5 1.5 -0.81441855954831288)
(1.2783659222825661 1.5 -0.8032780532722269)
(1.5 1.2783641768140883 -0.80327907014326572)
(-1.5 -1.5 -0.54299294881605231)
(-1.2789133349407129 -1.5 -0.5433745334463107)
(-1.5 -1.2789120825597073 -0.54337409485040711)
(-1.049234987124209 -1.5 -0.54426622957822313)
(-0.8053706424894308 -1.5 -0.54556054653847497)
(-0.54647930770684672 -1.5 -0.54647526691753601)
(-0.27614254725006993 -1.5 -0.54682209738167775)
(-4.5914113852106011e-06 -1.5 -0.5468837167020022)
(0.27613556366978642 -1.5 -0.5468220557633251)
(0.54647425554034301 -1.5 -0.54647520336029753)
(0.80536727155629295 -1.5 -0.54556042316624365)
(1.0492328651994913 -1.5 -0.54426609509781376)
(1.5 -1.5 -0.54299294881605231)
(1.2789122955217604 -1.5 -0.54337444846849769)
(1.5 -1.2789133349407127 -0.54337453344631081)
(-1.5 -1.0492327909482269 -0.54426637095017771)
(1.5 -1.049234987124209 -0.54426622957822335)
(-1.5 -0.80536776580462976 -0.54556271178104587)
(-0.49999893980571003 -0.5000012345512399 -0.33373039305176072)
(-0.33368338489921712 -0.50000005752246401 -0.3336855128608498)
(-0.16701722595045645 -0.50000006771567118 -0.33367312737188287)
(9.2209651797310427e-07 -0.50000010257044536 -0.33366794373688374)
(0.16701979928205665 -0.49999999551762631 -0.33367368719009194)
(0.33368570235387573 -0.49999989509812198 -0.33368664542220322)
(0.50000159636492247 -0.49999837880470061 -0.33373222582532097)
(1.5 -0.80537064248943091 -0.54556054653847508)
(-1.5 -0.54647526691753612 -0.54647930770684683)
(-0.50000006137052733 -0.33368506825616778 -0.33368437658650724)
(0.50000008020384246 -0.33368272145942407 -0.33368628567772041)
(1.5 -0.54647930770684694 -0.54647526691753601)
(-1.5 -0.2761365904712631 -0.54682654367782868)
(-0.49999995763988397 -0.1670185715471362 -0.3336709579588617)
(0.50000006144174669 -0.16701649521746198 -0.3336730572383052)
(1.5 -0.27614254725006998 -0.54682209738167764)
(-1.5 2.6658081269153843e-06 -0.54688805694251796)
(-0.49999990036633574 6.7484793154647633e-07 -0.33366499636348457)
(0.50000005321461516 2.4793432136748397e-06 -0.33366712138119536)
(1.5 -4.5914113852604312e-06 -0.54688371670200209)
(-1.5 0.27614230665928119 -0.5468260918332587)
(-0.50000001295118324 0.16701869760326551 -0.33367016444279701)
(0.50000001604500222 0.16702034713349972 -0.33367214221983205)
(1.5 0.27613556366978637 -0.5468220557633251)
(-1.5 0.5464794879178374 -0.54647831382616152)
(-0.50000002482591532 0.33368436226226289 -0.33368256575758237)
(0.49999992403152177 0.33368606802938383 -0.33368426081851849)
(1.5 0.54647425554034301 -0.54647520336029753)
(-1.5 0.80537114453060943 -0.54556174397698065)
(-0.50000130244261187 0.49999883792641059 -0.3337271389932468)
(-0.33368633497043909 0.50000008005172214 -0.33368267820485203)
(-0.16702031803522066 0.49999991544380973 -0.33367009387105623)
(-2.0696217548592162e-06 0.49999990693658242 -0.33366465379254168)
(0.16701726394748842 0.49999990942313738 -0.33367030968832012)
(0.33368367046683373 0.49999996036489158 -0.33368326584498192)
(0.49999869360146476 0.50000116634427172 -0.3337285421319211)
(1.5 0.80536727155629306 -0.54556042316624354)
(-1.5 1.0492355673600051 -0.54426573527809763)
(1.5 1.0492328651994911 -0.54426609509781365)
(-1.5 1.5 -0.54299294881605231)
(-1.2789120825597071 1.5 -0.54337409485040711)
(-1.5 1.2789136941743433 -0.54337378550352033)
(-1.0492327909482266 1.5 -0.54426637095017782)
(-0.80536776580462965 1.5 -0.54556271178104598)
(-0.54647526691753601 1.5 -0.54647930770684694)
(-0.27613659047126299 1.5 -0.54682654367782879)
(2.6658081269386366e-06 1.5 -0.54688805694251819)
(0.27614230665928124 1.5 -0.5468260918332587)
(0.54647948791783751 1.5 -0.54647831382616152)
(0.80537114453060954 1.5 -0.54556174397698065)
(1.0492355673600051 1.5 -0.54426573527809763)
(1.5 1.5 -0.54299294881605231)
(1.2789136941743433 1.5 -0.54337378550352033)
(1.5 1.2789122955217602 -0.54337444846849769)
(-1.5 -1.5 -0.28038717196387825)
(-1.2790871440611824 -1.5 -0.27558907136959809)
(-1.5 -1.2790859677837894 -0.27559006100824457)
(-1.0495564752701796 -1.5 -0.27498204068267024)
(-0.80575898837784121 -1.5 -0.2756350722546046)
(-0.54682654367782868 -1.5 -0.27613659047126304)
(-0.27634422994155716 -1.5 -0.27633838533277272)
(-4.0151697167480723e-06 -1.5 -0.27637789061588308)
(0.27633800284282345 -1.5 -0.27633846024218689)
(0.54682179332533087 -1.5 -0.27613666951955451)
(0.80575558079191711 -1.5 -0.27563515046216441)
(1.0495542135818194 -1.5 -0.2749821087145744)
(1.5 -1.5 -0.28038717196387841)
(1.2790860029486459 -1.5 -0.27558910231737554)
(1.5 -1.2790871440611822 -0.27558907136959826)
(-1.5 -1.0495541412119682 -0.27498470854462226)
(1.5 -1.0495564752701796 -0.27498204068267029)
(-1.5 -0.80575562464782757 -0.27563978382351173)
(-0.4999985118843 -0.50000147973442599 -0.16706365939226334)
(-0.33367051119769769 -0.49999994161029843 -0.16701888899864445)
(-0.16700389236409424 -0.49999999878779589 -0.16700632995657416)
(2.1487100701600644e-06 -0.49999999894659303 -0.16700111913667454)
(0.16700714290817043 -0.50000000451552562 -0.16700716558775552)
(0.33367349713696021 -0.50000008752758951 -0.16702046259479075)
(0.50000183265823983 -0.49999817148531212 -0.16706583914310047)
(1.5 -0.80575898837784121 -0.27563507225460465)
(-1.5 -0.54682209738167775 -0.27614254725006998)
(-0.50000005103486667 -0.33367294497487143 -0.16701777819267655)
(0.49999991585758552 -0.33367020086936366 -0.1670202400023364)
(1.5 -0.54682654367782879 -0.27613659047126315)
(-1.5 -0.27633838533277272 -0.27634422994155716)
(-0.49999999842946619 -0.16700616151830963 -0.16700417911052931)
(0.49999999652411381 -0.16700362516177858 -0.16700669799925147)
(1.5 -0.27634422994155722 -0.27633838533277277)
(-1.5 2.5945520100058131e-06 -0.27638330503470354)
(-0.50000000080853424 3.923615392749006e-08 -0.16699810351656827)
(0.49999999778599163 1.4039736789584274e-06 -0.16700046402425256)
(1.5 -4.0151697167739602e-06 -0.27637789061588308)
(-1.5 0.27634398388879744 -0.27634343556057955)
(-0.49999999895685188 0.16700515394426821 -0.16700350347777537)
(0.49999999868935674 0.16700712276875165 -0.16700559127133602)
(1.5 0.27633800284282339 -0.27633846024218695)
(-1.5 0.54682648764509467 -0.27614058954052545)
(-0.49999992694328887 0.33367143798198023 -0.16701637263728991)
(0.50000008480502633 0.33367324193329956 -0.16701813703008647)
(1.5 0.54682179332533087 -0.27613666951955457)
(-1.5 0.80575914959514361 -0.27563708452939295)
(-0.50000106949775391 0.49999891710513999 -0.16706167038453043)
(-0.33367313877272448 0.50000006155270216 -0.16701645320731912)
(-0.1670068143322459 0.49999999653034993 -0.1670035294288798)
(-1.7091977485514421e-06 0.50000000236902209 -0.16699796622818289)
(0.16700440429610389 0.50000000307272063 -0.16700386698406533)
(0.33367099617903073 0.49999991857610332 -0.16701728092553597)
(0.49999875421899725 0.50000124961713976 -0.16706305191421938)
(1.5 0.80575558079191723 -0.27563515046216441)
(-1.5 1.0495567717572745 -0.27498222609748313)
(1.5 1.0495542135818194 -0.27498210871457451)
(-1.5 1.5 -0.28038717196387841)
(-1.2790859677837894 1.5 -0.27559006100824468)
(-1.5 1.2790873663378814 -0.2755885872778901)
(-1.0495541412119682 1.5 -0.27498470854462226)
(-0.80575562464782746 1.5 -0.27563978382351184)
(-0.54682209738167764 1.5 -0.27614254725006998)
(-0.27633838533277266 1.5 -0.27634422994155722)
(2.5945520100603069e-06 1.5 -0.2763833050347036)
(0.2763439838887975 1.5 -0.27634343556057955)
(0.54682648764509478 1.5 -0.27614058954052539)
(0.80575914959514361 1.5 -0.2756370845293929)
(1.0495567717572742 1.5 -0.27498222609748307)
(1.5 1.5 -0.28038717196387841)
(1.2790873663378812 1.5 -0.27558858727789004)
(1.5 1.2790860029486459 -0.27558910231737554)
(-1.5 -1.5 0)
(-1.279194384491726 -1.5 -3.1606460060310413e-08)
(-1.5 -1.2791932282550451 -2.3643919389818149e-06)
(-1.0496360097701682 -1.5 1.0684067726552558e-06)
(-0.805829804082007 -1.5 2.1952813509009096e-06)
(-0.54688805694251796 -1.5 2.6658081269182989e-06)
(-0.27638330503470354 -1.5 2.5945520099833324e-06)
(-3.8641254694861604e-06 -1.5 3.7203033640131452e-06)
(0.27637767545368935 -1.5 2.4871917858042377e-06)
(0.5468835317186298 -1.5 2.4786272188696383e-06)
(0.80582449894107122 -1.5 1.5304878924070507e-06)
(1.0496316777380688 -1.5 3.8715785881133061e-07)
(1.5 -1.5 0)
(1.2791931705900996 -1.5 -2.1508568978237504e-07)
(1.5 -1.2791943844917262 -3.160646002642486e-08)
(-1.5 -1.0496316895498081 -2.3261082029901641e-06)
(1.5 -1.0496360097701682 1.0684067726810848e-06)
(-1.5 -0.80582454107445456 -4.9561383948722517e-06)
(-0.49999873371392783 -0.50000126603491901 1.1293536979932298e-06)
(-0.33366482888920251 -0.49999989892102303 4.9305415252950879e-07)
(-0.16699799077161451 -0.50000000092591168 -8.1931900112946447e-08)
(2.4134893311512219e-06 -0.50000000000000533 -1.5335831574517466e-06)
(0.16700167728520066 -0.49999999786279548 -1.8858016235315759e-06)
(0.33366818983557872 -0.50000009013816105 -2.087301239399273e-06)
(0.50000141363077966 -0.49999858634547972 -2.1499917905006132e-06)
(1.5 -0.80582980408200711 2.1952813509031712e-06)
(-1.5 -0.54688371670200209 -4.5914113851863997e-06)
(-0.50000010106474591 -0.3336678505873058 1.5712421225048761e-06)
(0.49999990987144349 -0.33366482447095652 -1.9100653836250087e-06)
(1.5 -0.54688805694251807 2.6658081269116899e-06)
(-1.5 -0.27637789061588308 -4.015169716753296e-06)
(-0.49999999906087822 -0.16700103231548158 2.009966733864836e-06)
(0.50000000214661133 -0.16699813361136964 -1.4970815796550017e-06)
(1.5 -0.2763833050347036 2.5945520099520006e-06)
(-1.5 3.7203033640115642e-06 -3.8641254695195208e-06)
(-0.50000000000000455 -1.4653917279933591e-06 2.3725495064751791e-06)
(0.5000000000000191 1.1655824398224339e-06 -9.7098763458516142e-07)
(1.5 -3.8641254695164249e-06 3.7203033639920825e-06)
(-1.5 0.27638320126318666 -1.9866783018087605e-06)
(-0.50000000225379893 0.16699907275366846 2.5549168608312553e-06)
(0.49999999739087458 0.16700125740434341 5.0858475053039958e-07)
(1.5 0.27637767545368935 2.487191785779556e-06)
(-1.5 0.54688800600087839 -7.549860547229514e-07)
(-0.49999994672647802 0.33366586787900276 2.6650780095317993e-06)
(0.50000003113826008 0.33366762160466545 9.5788861159566454e-07)
(1.5 0.54688353171862991 2.4786272188213489e-06)
(-1.5 0.80582993800383951 5.0803220898658352e-07)
(-0.50000040359552433 0.49999959639452191 2.6794855476741757e-06)
(-0.33366720753518514 0.50000005329462438 1.6390138850079153e-06)
(-0.16700060866640751 0.49999999778454657 1.5110613049687205e-06)
(-2.8372010311792917e-07 0.5000000000000121 2.3265979077746866e-06)
(0.16699908884708758 0.50000000264561018 2.0778831601867847e-06)
(0.33366570149436869 0.49999996890150661 8.3345830546579442e-07)
(0.49999932690831544 0.50000067285171468 4.1325296793724835e-07)
(1.5 0.80582449894107133 1.5304878923195035e-06)
(-1.5 1.0496363293916657 1.1598704212615306e-06)
(1.5 1.049631677738069 3.8715785885632246e-07)
(-1.5 1.5 0)
(-1.2791932282550451 1.5 -2.3643919389352111e-06)
(-1.5 1.2791946773293641 -4.5488225804827081e-08)
(-1.0496316895498081 1.5 -2.3261082030420872e-06)
(-0.80582454107445445 1.5 -4.9561383948793955e-06)
(-0.54688371670200209 1.5 -4.5914113851775956e-06)
(-0.27637789061588303 1.5 -4.0151697167520932e-06)
(3.7203033640744497e-06 1.5 -3.8641254695031062e-06)
(0.27638320126318672 1.5 -1.9866783017642926e-06)
(0.5468880060008785 1.5 -7.549860546643058e-07)
(0.80582993800383951 1.5 5.0803220902547885e-07)
(1.0496363293916655 1.5 1.1598704212768587e-06)
(1.5 1.5 0)
(1.2791946773293639 1.5 -4.5488225792721498e-08)
(1.5 1.2791931705900996 -2.1508568979799306e-07)
(-1.5 -1.5 0.28038717196387841)
(-1.2790870294348968 -1.5 0.27559002975816821)
(-1.5 -1.2790857626066163 0.27558676876131427)
(-1.0495562926935824 -1.5 0.27498475318072951)
(-0.80575872115857072 -1.5 0.2756397857744291)
(-0.54682609183325859 -1.5 0.27614230665928108)
(-0.2763434355605795 -1.5 0.27634398388879738)
(-1.9866783017280387e-06 -1.5 0.27638320126318661)
(0.27633863109992696 -1.5 0.27634379013926885)
(0.54682195033004344 -1.5 0.27614200380519233)
(0.80575545623776668 -1.5 0.27563938434006685)
(1.0495539830784351 -1.5 0.2749843167739508)
(1.5 -1.5 0.28038717196387825)
(1.2790858141533155 -1.5 0.27558972122983161)
(1.5 -1.279087029434897 0.27559002975816821)
(-1.5 -1.0495538387910404 0.27497889243116974)
(1.5 -1.0495562926935826 0.27498475318072951)
(-1.5 -0.80575541652253035 0.27563272367792052)
(-0.49999850692978448 -0.50000150223653073 0.16706452255415755)
(-0.33367011331600199 -0.50000001280474238 0.16701859912143599)
(-0.16700348838096157 -0.49999999896489422 0.16700508106692055)
(2.5142729624515208e-06 -0.50000000245589638 0.16699902418640242)
(0.16700741841748851 -0.5000000010248562 0.16700446298508309)
(0.33367364005736394 -0.50000007222024867 0.16701743885826104)
(0.50000175427355287 -0.49999824427460182 0.16706279944620511)
(1.5 -0.80575872115857095 0.27563978577442921)
(-1.5 -0.5468220557633251 0.27613556366978642)
(-0.49999999531933231 -0.33367364082457562 0.16701970526978879)
(0.49999992676977184 -0.33367052161755922 0.16701757303599402)
(1.5 -0.5468260918332587 0.27614230665928119)
(-1.5 -0.27633846024218695 0.27633800284282339)
(-0.50000000451133197 -0.16700712957218722 0.16700710900057211)
(0.50000000236200548 -0.16700411374619342 0.1670047801679706)
(1.5 -0.27634343556057955 0.27634398388879744)
(-1.5 2.4871917857924432e-06 0.2763776754536893)
(-0.49999999766642855 -1.8698468838891337e-06 0.16700171259096458)
(0.50000000288357915 8.409281160385797e-07 0.16699953657356331)
(1.5 -1.9866783017689851e-06 0.27638320126318661)
(-1.5 0.27634379013926885 0.2763386310999269)
(-0.49999999823907226 0.1670044628317422 0.16700752654959486)
(0.50000000099836761 0.16700658839602711 0.16700570817282165)
(1.5 0.27633863109992701 0.27634379013926885)
(-1.5 0.54682621998855108 0.27613752516925089)
(-0.49999998549423935 0.33367133670686766 0.16702060550971157)
(0.50000008588335632 0.33367279987701703 0.16701924304519866)
(1.5 0.54682195033004355 0.27614200380519227)
(-1.5 0.80575894030152728 0.27563616512155742)
(-0.50000016330652686 0.49999983873009218 0.16706586989583516)
(-0.33367222765046473 0.50000001609231359 0.16702040727611869)
(-0.16700577064645397 0.49999999867641076 0.16700725442673889)
(1.6064544085431849e-07 0.49999999690145647 0.16700152162728998)
(0.16700513150179663 0.49999999578594601 0.16700708774246731)
(0.33367144591294079 0.49999990636808223 0.16701994271516343)
(0.49999910276308646 0.50000088826339872 0.16706495210981451)
(1.5 0.8057554562377669 0.27563938434006691)
(-1.5 1.049556714253244 0.27498254582075121)
(1.5 1.0495539830784353 0.2749843167739508)
(-1.5 1.5 0.2803871719638783)
(-1.2790857626066161 1.5 0.27558676876131416)
(-1.5 1.2790874106115389 0.27558900084231663)
(-1.0495538387910404 1.5 0.27497889243116974)
(-0.80575541652253024 1.5 0.27563272367792052)
(-0.5468220557633251 1.5 0.27613556366978648)
(-0.27633846024218689 1.5 0.27633800284282345)
(2.4871917858694762e-06 1.5 0.27637767545368935)
(0.27634379013926896 1.5 0.27633863109992696)
(0.54682621998855108 1.5 0.27613752516925094)
(0.80575894030152728 1.5 0.27563616512155747)
(1.049556714253244 1.5 0.27498254582075127)
(1.5 1.5 0.28038717196387825)
(1.2790874106115389 1.5 0.27558900084231674)
(1.5 1.2790858141533155 0.27558972122983166)
(-1.5 -1.5 0.54299294881605231)
(-1.278912820587961 -1.5 0.54337529900603976)
(-1.5 -1.2789117947912154 0.54337167088624561)
(-1.0492342820682719 -1.5 0.54426810159367511)
(-0.80536998531981652 -1.5 0.54556382337372133)
(-0.54647831382616152 -1.5 0.54647948791783729)
(-0.27614058954052534 -1.5 0.54682648764509456)
(-7.5498605466020849e-07 -1.5 0.54688800600087839)
(0.27613752516925094 -1.5 0.54682621998855108)
(0.54647503326336422 -1.5 0.54647909143734175)
(0.80536712413490874 -1.5 0.54556334601802647)
(1.0492322047732059 -1.5 0.54426759406027503)
(1.5 -1.5 0.54299294881605231)
(1.2789117101124892 -1.5 0.54337495957841719)
(1.5 -1.2789128205879612 0.54337529900603976)
(-1.5 -1.0492323912118477 0.54426218321071473)
(1.5 -1.0492342820682721 0.54426810159367522)
(-1.5 -0.80536746593325248 0.54555765920073906)
(-0.49999781727067133 -0.50000206667259828 0.33373004781556181)
(-0.33368256846506072 -0.50000002458717718 0.3336843184344519)
(-0.1670164150478837 -0.49999992659954379 0.33367140896981706)
(2.5532081864403468e-06 -0.4999999438906727 0.33366583387487131)
(0.16702039534160773 -0.49999997061016799 0.33367132692100893)
(0.33368612840660622 -0.50000003700042561 0.33368412973541239)
(0.50000151129281223 -0.49999857827516053 0.33372930055063427)
(1.5 -0.80536998531981663 0.54556382337372133)
(-1.5 -0.54647520336029753 0.54647425554034301)
(-0.49999989509426163 -0.3336866360211535 0.33368567876235894)
(0.50000000383371335 -0.33368351636042815 0.33368417548214685)
(1.5 -0.54647831382616152 0.5464794879178374)
(-1.5 -0.27613666951955451 0.54682179332533087)
(-0.50000008786477768 -0.16702047370875062 0.3336735372431161)
(0.4999999473456212 -0.1670176014934355 0.33367156245925511)
(1.5 -0.27614058954052545 0.54682648764509456)
(-1.5 2.4786272188729425e-06 0.54688353171862991)
(-0.50000009301636927 -2.1377474032482946e-06 0.33366829556323135)
(0.49999999221345509 3.2656346644764337e-07 0.33366632557865794)
(1.5 -7.5498605473252107e-07 0.54688800600087839)
(-1.5 0.27614200380519227 0.54682195033004344)
(-0.50000008555736664 0.1670173361303362 0.33367380822890352)
(0.49999994118967933 0.16701907672389604 0.33367220808310399)
(1.5 0.27613752516925094 0.54682621998855108)
(-1.5 0.54647909143734175 0.54647503326336422)
(-0.50000011549390644 0.33368400117531577 0.33368643797226755)
(0.50000003662800063 0.33368486693590732 0.33368547659066711)
(1.5 0.54647503326336433 0.54647909143734175)
(-1.5 0.80537076966827925 0.54555967240631287)
(-0.49999986745553182 0.5000001394591479 0.33373177125238701)
(-0.33368435904646598 0.49999992441875729 0.33368613650050782)
(-0.16701835678919807 0.50000008569323751 0.33367338769062177)
(5.1091479257469304e-07 0.50000003774391377 0.33366791773883669)
(0.16701844112232014 0.50000012934988181 0.33367342668211242)
(0.33368433198430303 0.50000013738089877 0.33368617282974056)
(0.49999960701088642 0.50000062404998136 0.33373144406434951)
(1.5 0.80536712413490885 0.54556334601802647)
(-1.5 1.0492353135207944 0.5442646255051814)
(1.5 1.0492322047732059 0.54426759406027514)
(-1.5 1.5 0.54299294881605231)
(-1.2789117947912154 1.5 0.54337167088624561)
(-1.5 1.2789135776626595 0.54337325056951391)
(-1.0492323912118477 1.5 0.54426218321071484)
(-0.80536746593325248 1.5 0.54555765920073918)
(-0.54647520336029753 1.5 0.54647425554034301)
(-0.27613666951955446 1.5 0.54682179332533087)
(2.4786272189012822e-06 1.5 0.5468835317186298)
(0.27614200380519238 1.5 0.54682195033004344)
(0.54647909143734186 1.5 0.54647503326336422)
(0.80537076966827925 1.5 0.54555967240631287)
(1.0492353135207944 1.5 0.54426462550518151)
(1.5 1.5 0.54299294881605231)
(1.2789135776626595 1.5 0.54337325056951391)
(1.5 1.2789117101124892 0.54337495957841719)
(-1.5 -1.5 0.81441855954831288)
(-1.2783640855420297 -1.5 0.80328014967156924)
(-1.5 -1.2783641355376014 0.80327669182423822)
(-1.0482270091574772 -1.5 0.8026117844167211)
(-0.80426639551680812 -1.5 0.80426883582456599)
(-0.54556174397698065 -1.5 0.80537114453060932)
(-0.2756370845293929 -1.5 0.80575914959514339)
(5.0803220902409988e-07 -1.5 0.80582993800383951)
(0.27563616512155747 -1.5 0.80575894030152728)
(0.54555967240631287 -1.5 0.80537076966827925)
(0.80426412988944218 -1.5 0.80426833101838369)
(1.0482252623611754 -1.5 0.80261125926636079)
(1.5 -1.5 0.81441855954831277)
(1.2783631536628028 -1.5 0.80327979911984027)
(1.5 -1.2783640855420297 0.80328014967156913)
(-1.5 -1.0482268916526138 0.80260634858180291)
(1.5 -1.0482270091574772 0.8026117844167211)
(-1.5 -0.80426580736961784 0.80426374778488474)
(-0.49999904481689628 -0.50000277449471342 0.49999818059936041)
(-0.33372717279504344 -0.50000132129868646 0.49999881910300126)
(-0.16706173106676714 -0.5000010783207236 0.49999890828181115)
(2.5433945128669103e-06 -0.5000004572162372 0.49999954277298703)
(0.16706557397576141 -0.50000024833894463 0.4999997547573703)
(0.33373111965454494 -0.49999987385046429 0.50000009146760893)
(0.49999935554231201 -0.49999909520210833 0.50000154920973272)
(1.5 -0.80426639551680812 0.80426883582456599)
(-1.5 -0.54556042316624365 0.80536727155629306)
(-0.49999838546739367 -0.33373225935430373 0.50000158981613296)
(-0.33368272320359749 -0.33368635589777368 0.50000008031868792)
(-0.16701651765875192 -0.33367316781190809 0.50000006189660873)
(2.3769519398625757e-06 -0.33366727543011515 0.50000005612848253)
(0.1670200474919748 -0.33367233358368792 0.5000000318143607)
(0.3336855281114296 -0.33368448475137574 0.49999995917783768)
(0.50000017806639629 -0.33372884583456852 0.4999997669651044)
(1.5 -0.54556174397698065 0.80537114453060943)
(-1.5 -0.27563515046216441 0.80575558079191734)
(-0.49999811676645195 -0.1670659004955026 0.50000188737524187)
(-0.33367014583505783 -0.16702036208744964 0.49999991551956507)
(-0.16700360147630328 -0.16700688229195773 0.49999999652436883)
(1.3369129580277262e-06 -0.1670007139008568 0.49999999758121022)
(0.16700684321794174 -0.16700590483635191 0.49999999661292188)
(0.3336727074839288 -0.16701849781301698 0.50000005125050229)
(0.50000018118463563 -0.16706339103465753 0.49999981706989599)
(1.5 -0.27563708452939295 0.8057591495951435)
(-1.5 1.5304878923632112e-06 0.80582449894107133)
(-0.49999799200018524 -2.2765855306020458e-06 0.50000200796259353)
(-0.33366472822818782 -2.1285081304008512e-06 0.49999990701053637)
(-0.16699810234142945 -1.8050795718733278e-06 0.50000000237035369)
(2.0424687252871534e-06 -4.2324659677842446e-07 0.50000000000002343)
(0.16700096876681475 -1.1315806142438018e-08 0.49999999706969506)
(0.33366707766731357 3.4878291065779414e-07 0.50000000776243403)
(0.5000000268699647 -1.7186949793901111e-07 0.4999999728922857)
(1.5 5.0803220897811838e-07 0.80582993800383951)
(-1.5 0.27563938434006696 0.80575545623776679)
(-0.49999810010675938 0.16706255300820186 0.50000189392800654)
(-0.33367040798750663 0.16701719881487584 0.49999990948854883)
(-0.16700408040377637 0.167004288888563 0.50000000308534887)
(7.5882442348104284e-07 0.16699890414179303 0.50000000310539772)
(0.16700631701745514 0.16700487190443766 0.50000000321315163)
(0.33367227556558937 0.16701816073891618 0.50000006778374306)
(0.49999975459678253 0.16706391151028938 0.50000025558342331)
(1.5 0.27563616512155747 0.80575894030152728)
(-1.5 0.54556334601802658 0.80536712413490885)
(-0.49999840239354976 0.33372881660984949 0.50000173052721053)
(-0.33368337454055813 0.33368359683585996 0.49999996008891617)
(-0.16701753140914191 0.33367086472905949 0.4999999176860257)
(3.1447646513096509e-07 0.33366546051088114 0.49999996226639443)
(0.16701895953706977 0.33367102187196818 0.49999986955392922)
(0.33368456931898621 0.33368374791230077 0.49999982601985976)
(0.49999921925663388 0.33372905974295253 0.50000060500324617)
(1.5 0.54555967240631276 0.80537076966827914)
(-1.5 0.8042683310183838 0.8042641298894424)
(-0.49999887220611122 0.50000099328619163 0.50000013445361591)
(-0.33372865414893066 0.49999862613149426 0.50000123393220097)
(-0.16706328705867976 0.49999862013358959 0.50000138370018454)
(-8.2841208292393187e-08 0.49999906129590527 0.50000093846232829)
(0.16706401252822511 0.49999857794161928 0.50000142067945985)
(0.33372935635120959 0.4999984817298635 0.50000146266517764)
(0.49999941770266554 0.49999698830931277 0.50000359393807503)
(1.5 0.80426412988944218 0.80426833101838369)
(-1.5 1.0482293552752204 0.80260695040603147)
(1.5 1.0482252623611752 0.80261125926636079)
(-1.5 1.5 0.81441855954831277)
(-1.2783641355376016 1.5 0.80327669182423822)
(-1.5 1.278365578369832 0.80327701854681699)
(-1.0482268916526138 1.5 0.80260634858180291)
(-0.80426580736961784 1.5 0.80426374778488474)
(-0.54556042316624365 1.5 0.80536727155629306)
(-0.27563515046216436 1.5 0.805755580791917)
(1.5304878923872733e-06 1.5 0.80582449894107111)
(0.27563938434006691 1.5 0.80575545623776679)
(0.54556334601802658 1.5 0.80536712413490885)
(0.80426833101838369 1.5 0.80426412988944229)
(1.0482293552752204 1.5 0.80260695040603136)
(1.5 1.5 0.81441855954831266)
(1.278365578369832 1.5 0.80327701854681699)
(1.5 1.2783631536628028 0.80327979911984027)
(-1.5 -1.5 1.0450359998171936)
(-1.2773057478641017 -1.5 1.0454629349296307)
(-1.5 -1.2773066492663419 1.0454603093830188)
(-1.0466236889599343 -1.5 1.0466273753175013)
(-0.80260864983912306 -1.5 1.0482298521245297)
(-0.54426573527809774 -1.5 1.0492355673600051)
(-0.27498222609748302 -1.5 1.0495567717572742)
(1.1598704213174903e-06 -1.5 1.0496363293916655)
(0.27498254582075121 -1.5 1.049556714253244)
(0.54426462550518151 -1.5 1.0492353135207944)
(0.80260695040603136 -1.5 1.0482293552752204)
(1.0466221642862688 -1.5 1.046626813602568)
(1.5 -1.5 1.0450359998171936)
(1.2773048848955073 -1.5 1.0454625779074287)
(1.5 -1.2773057478641017 1.0454629349296307)
(-1.5 -1.0466250124225707 1.0466232590280855)
(1.5 -1.0466236889599343 1.0466273753175011)
(-1.5 -0.80260970213514926 1.0482261549435956)
(1.5 -0.80260864983912295 1.0482298521245295)
(-1.5 -0.54426609509781376 1.0492328651994913)
(1.5 -0.54426573527809774 1.0492355673600051)
(-1.5 -0.27498210871457446 1.0495542135818194)
(1.5 -0.27498222609748318 1.0495567717572745)
(-1.5 3.8715785890298698e-07 1.049631677738069)
(1.5 1.1598704212466904e-06 1.0496363293916657)
(-1.5 0.27498431677395074 1.0495539830784351)
(1.5 0.27498254582075116 1.049556714253244)
(-1.5 0.54426759406027514 1.0492322047732059)
(1.5 0.5442646255051814 1.0492353135207944)
(-1.5 0.80261125926636079 1.0482252623611754)
(1.5 0.80260695040603147 1.0482293552752204)
(-1.5 1.046626813602568 1.0466221642862688)
(1.5 1.046622164286269 1.0466268136025683)
(-1.5 1.5 1.0450359998171936)
(-1.2773066492663421 1.5 1.0454603093830186)
(-1.5 1.2773078394719113 1.0454593240635293)
(-1.0466250124225707 1.5 1.0466232590280855)
(-0.80260970213514926 1.5 1.0482261549435956)
(-0.54426609509781365 1.5 1.0492328651994913)
(-0.27498210871457446 1.5 1.0495542135818192)
(3.871578588969235e-07 1.5 1.0496316777380688)
(0.2749843167739508 1.5 1.0495539830784353)
(0.54426759406027503 1.5 1.0492322047732061)
(0.8026112592663609 1.5 1.0482252623611754)
(1.0466268136025683 1.5 1.046622164286269)
(1.5 1.5 1.0450359998171936)
(1.2773078394719113 1.5 1.0454593240635293)
(1.5 1.2773048848955073 1.0454625779074291)
(-1.5 -1.5 1.5)
(-1.5 -1.5 1.2840313875844345)
(-1.2840313875844345 -1.5 1.5)
(-1.5 -1.2840313875844345 1.5)
(-1.2774211807726628 -1.5 1.2774228799079976)
(-1.5 -1.2774218741710825 1.2774216012165494)
(-1.277421654188228 -1.2774218733441158 1.5)
(-1.0450359998171936 -1.5 1.5)
(-1.0454603563897324 -1.5 1.27730826709023)
(-1.0454607185823506 -1.2773066854398307 1.5)
(-0.81441855954831288 -1.5 1.5)
(-0.80327805327222701 -1.5 1.2783659222825663)
(-0.8032779246589985 -1.2783643394747091 1.5)
(-0.54299294881605231 -1.5 1.5)
(-0.54337378550352022 -1.5 1.2789136941743433)
(-0.54337409485040722 -1.2789120825597071 1.5)
(-0.28038717196387841 -1.5 1.5)
(-0.27558858727789015 -1.5 1.2790873663378812)
(-0.27559006100824474 -1.2790859677837894 1.5)
(0 -1.5 1.5)
(-4.5488225729524688e-08 -1.5 1.2791946773293639)
(-2.3643919390548457e-06 -1.2791932282550451 1.5)
(0.2803871719638783 -1.5 1.5)
(0.27558900084231669 -1.5 1.2790874106115389)
(0.27558676876131416 -1.2790857626066163 1.5)
(0.54299294881605231 -1.5 1.5)
(0.54337325056951391 -1.5 1.2789135776626595)
(0.54337167088624549 -1.2789117947912156 1.5)
(0.81441855954831277 -1.5 1.5)
(0.80327701854681699 -1.5 1.278365578369832)
(0.80327669182423811 -1.2783641355376016 1.5)
(1.0450359998171936 -1.5 1.5)
(1.045459324063529 -1.5 1.2773078394719111)
(1.0454603093830186 -1.2773066492663421 1.5)
(1.5 -1.5 1.5)
(1.5 -1.5 1.2840313875844345)
(1.2840313875844345 -1.5 1.5)
(1.5 -1.2840313875844345 1.5)
(1.2774205471405351 -1.5 1.2774225963892534)
(1.5 -1.2774211807726625 1.2774228799079974)
(1.2774216012165494 -1.2774218741710825 1.5)
(-1.5 -1.0450359998171936 1.5)
(-1.5 -1.0454615678232222 1.2773061618243873)
(-1.2773065941815922 -1.0454616565085841 1.5)
(-1.0466243845628582 -1.0466251792216996 1.5)
(-0.80260877805477682 -1.0482271832443992 1.5)
(-0.54426637095017782 -1.0492327909482266 1.5)
(-0.27498470854462237 -1.049554141211968 1.5)
(-2.3261082030373743e-06 -1.0496316895498081 1.5)
(0.27497889243116963 -1.0495538387910404 1.5)
(0.54426218321071462 -1.0492323912118477 1.5)
(0.80260634858180269 -1.0482268916526138 1.5)
(1.0466232590280853 -1.0466250124225709 1.5)
(1.5 -1.0450359998171936 1.5)
(1.5 -1.0454603563897324 1.2773082670902298)
(1.2773061618243873 -1.0454615678232224 1.5)
(-1.5 -0.81441855954831288 1.5)
(-1.5 -0.80327907014326583 1.2783641768140883)
(-1.2783650217981877 -0.80327925243023868 1.5)
(-1.048227967981112 -0.80260994807452324 1.5)
(-0.80426690224321795 -0.80426608454346138 1.5)
(-0.54556271178104598 -0.80536776580462965 1.5)
(-0.27563978382351184 -0.80575562464782735 1.5)
(-4.95613839496082e-06 -0.80582454107445445 1.5)
(0.27563272367792041 -0.80575541652253024 1.5)
(0.54555765920073906 -0.80536746593325237 1.5)
(0.80426374778488463 -0.80426580736961784 1.5)
(1.0482261549435956 -0.80260970213514915 1.5)
(1.5 -0.81441855954831288 1.5)
(1.5 -0.8032780532722269 1.2783659222825661)
(1.2783641768140883 -0.80327907014326572 1.5)
(-1.5 -0.54299294881605231 1.5)
(-1.5 -0.54337444846849769 1.2789122955217604)
(-1.2789133349407127 -0.5433745334463107 1.5)
(-1.049234987124209 -0.54426622957822335 1.5)
(-0.80537064248943091 -0.54556054653847508 1.5)
(-0.54647930770684705 -0.54647526691753601 1.5)
(-0.27614254725007009 -0.54682209738167764 1.5)
(-4.5914113852882452e-06 -0.54688371670200209 1.5)
(0.27613556366978631 -0.5468220557633251 1.5)
(0.5464742555403429 -0.54647520336029753 1.5)
(0.80536727155629295 -0.54556042316624365 1.5)
(1.0492328651994913 -0.54426609509781376 1.5)
(1.5 -0.54299294881605231 1.5)
(1.5 -0.54337378550352022 1.2789136941743431)
(1.2789122955217604 -0.54337444846849769 1.5)
(-1.5 -0.28038717196387841 1.5)
(-1.5 -0.27558910231737549 1.2790860029486462)
(-1.2790871440611822 -0.27558907136959826 1.5)
(-1.0495564752701796 -0.27498204068267024 1.5)
(-0.80575898837784132 -0.27563507225460465 1.5)
(-0.5468265436778289 -0.2761365904712631 1.5)
(-0.27634422994155733 -0.27633838533277277 1.5)
(-4.0151697168677513e-06 -0.27637789061588308 1.5)
(0.27633800284282334 -0.27633846024218695 1.5)
(0.54682179332533087 -0.27613666951955451 1.5)
(0.80575558079191723 -0.27563515046216441 1.5)
(1.0495542135818194 -0.2749821087145744 1.5)
(1.5 -0.28038717196387841 1.5)
(1.5 -0.27558858727789021 1.2790873663378814)
(1.2790860029486462 -0.27558910231737554 1.5)
(-1.5 0 1.5)
(-1.5 -2.1508568985368166e-07 1.2791931705900996)
(-1.2791943844917262 -3.1606460079304703e-08 1.5)
(-1.0496360097701682 1.0684067726353817e-06 1.5)
(-0.80582980408200722 2.1952813508663159e-06 1.5)
(-0.5468880569425183 2.6658081268824796e-06 1.5)
(-0.27638330503470376 2.5945520100070319e-06 1.5)
(-3.8641254696092343e-06 3.720303364004162e-06 1.5)
(0.2763776754536893 2.487191785810936e-06 1.5)
(0.5468835317186298 2.4786272188885263e-06 1.5)
(0.80582449894107122 1.5304878924057052e-06 1.5)
(1.0496316777380688 3.8715785886958255e-07 1.5)
(1.5 0 1.5)
(1.5 -4.5488225854038107e-08 1.2791946773293641)
(1.2791931705900996 -2.1508568983568221e-07 1.5)
(-1.5 0.28038717196387825 1.5)
(-1.5 0.27558972122983161 1.2790858141533155)
(-1.279087029434897 0.27559002975816821 1.5)
(-1.0495562926935826 0.2749847531807294 1.5)
(-0.80575872115857095 0.2756397857744291 1.5)
(-0.54682609183325881 0.27614230665928113 1.5)
(-0.27634343556057961 0.27634398388879744 1.5)
(-1.9866783018686877e-06 0.27638320126318666 1.5)
(0.2763386310999269 0.27634379013926891 1.5)
(0.54682195033004344 0.27614200380519233 1.5)
(0.80575545623776679 0.27563938434006691 1.5)
(1.0495539830784351 0.27498431677395085 1.5)
(1.5 0.28038717196387825 1.5)
(1.5 0.27558900084231658 1.2790874106115389)
(1.2790858141533152 0.27558972122983166 1.5)
(-1.5 0.54299294881605231 1.5)
(-1.5 0.54337495957841719 1.2789117101124892)
(-1.2789128205879612 0.54337529900603954 1.5)
(-1.0492342820682721 0.544268101593675 1.5)
(-0.80536998531981663 0.54556382337372122 1.5)
(-0.54647831382616163 0.5464794879178374 1.5)
(-0.27614058954052545 0.54682648764509456 1.5)
(-7.5498605477065725e-07 0.54688800600087839 1.5)
(0.27613752516925089 0.54682621998855108 1.5)
(0.54647503326336422 0.54647909143734186 1.5)
(0.80536712413490896 0.54556334601802658 1.5)
(1.0492322047732061 0.54426759406027514 1.5)
(1.5 0.54299294881605231 1.5)
(1.5 0.54337325056951391 1.2789135776626595)
(1.2789117101124892 0.54337495957841719 1.5)
(-1.5 0.81441855954831277 1.5)
(-1.5 0.80327979911984015 1.2783631536628031)
(-1.2783640855420297 0.80328014967156913 1.5)
(-1.0482270091574772 0.80261178441672087 1.5)
(-0.80426639551680812 0.80426883582456576 1.5)
(-0.54556174397698076 0.80537114453060932 1.5)
(-0.27563708452939295 0.80575914959514339 1.5)
(5.0803220897070483e-07 0.80582993800383951 1.5)
(0.27563616512155747 0.80575894030152728 1.5)
(0.54555967240631276 0.80537076966827914 1.5)
(0.80426412988944229 0.80426833101838358 1.5)
(1.0482252623611754 0.80261125926636079 1.5)
(1.5 0.81441855954831266 1.5)
(1.5 0.80327701854681699 1.2783655783698322)
(1.2783631536628031 0.80327979911984027 1.5)
(-1.5 1.0450359998171936 1.5)
(-1.5 1.0454625779074289 1.2773048848955073)
(-1.2773057478641017 1.0454629349296307 1.5)
(-1.0466236889599343 1.0466273753175011 1.5)
(-0.80260864983912306 1.0482298521245295 1.5)
(-0.54426573527809774 1.0492355673600049 1.5)
(-0.27498222609748313 1.0495567717572742 1.5)
(1.1598704212950045e-06 1.0496363293916655 1.5)
(0.27498254582075121 1.049556714253244 1.5)
(0.5442646255051814 1.0492353135207944 1.5)
(0.80260695040603136 1.0482293552752204 1.5)
(1.046622164286269 1.0466268136025683 1.5)
(1.5 1.0450359998171936 1.5)
(1.5 1.0454593240635293 1.2773078394719113)
(1.2773048848955075 1.0454625779074289 1.5)
(-1.5 1.5 1.5)
(-1.5 1.5 1.2840313875844345)
(-1.2840313875844345 1.5 1.5)
(-1.5 1.2840313875844345 1.5)
(-1.2774218741710823 1.5 1.2774216012165494)
(-1.5 1.2774225963892536 1.2774205471405351)
(-1.2774211807726628 1.2774228799079974 1.5)
(-1.0450359998171936 1.5 1.5)
(-1.0454615678232222 1.5 1.2773061618243871)
(-1.0454603563897324 1.27730826709023 1.5)
(-0.81441855954831288 1.5 1.5)
(-0.80327907014326572 1.5 1.2783641768140883)
(-0.80327805327222701 1.2783659222825661 1.5)
(-0.54299294881605231 1.5 1.5)
(-0.54337444846849781 1.5 1.2789122955217604)
(-0.54337378550352033 1.2789136941743431 1.5)
(-0.28038717196387841 1.5 1.5)
(-0.27558910231737549 1.5 1.2790860029486459)
(-0.27558858727789015 1.2790873663378812 1.5)
(0 1.5 1.5)
(-2.150856898111208e-07 1.5 1.2791931705900996)
(-4.5488225732548701e-08 1.2791946773293639 1.5)
(0.28038717196387825 1.5 1.5)
(0.27558972122983155 1.5 1.2790858141533155)
(0.27558900084231669 1.2790874106115389 1.5)
(0.54299294881605231 1.5 1.5)
(0.54337495957841719 1.5 1.2789117101124894)
(0.54337325056951391 1.2789135776626595 1.5)
(0.81441855954831266 1.5 1.5)
(0.80327979911984027 1.5 1.2783631536628031)
(0.80327701854681699 1.278365578369832 1.5)
(1.0450359998171936 1.5 1.5)
(1.0454625779074289 1.5 1.2773048848955075)
(1.0454593240635293 1.2773078394719113 1.5)
(1.5 1.5 1.5)
(1.5 1.5 1.2840313875844345)
(1.2840313875844345 1.5 1.5)
(1.5 1.2840313875844345 1.5)
(1.2774225963892536 1.5 1.2774205471405351)
(1.5 1.2774205471405351 1.2774225963892536)
(1.2774205471405351 1.2774225963892536 1.5)
)
