time,step,surface,wing_uid,segment_uid,station_id,half,span_index,span_coordinate,span_coordinate_absolute,min_span_edge,max_span_edge,local_chord,spanwise_station_width,circulation,circulation_magnitude,relative_speed,section_lift_coefficient_from_circulation,lift_per_span,drag_per_span,section_lift_coefficient,section_force_x,section_force_y,section_force_z,span_coordinate_normalized
0.03125,10,flat_plate,main_wing,segment_0,main_wing:segment_0:mirror:0,mirror,0,-0.3261663019657135,0.3261663019657135,-0.652332603931427,0.0,1.0,0.652332603931427,-2.080399751663208,2.080399751663208,9.95269775390625,0.41805745599914146,20.73137360314422,0.6596280167465052,0.4146274720628844,-1.4560331106185913,0.0,13.452024459838867,-0.0652332603931427
0.03125,10,flat_plate,main_wing,segment_0,main_wing:segment_0:mirror:1,mirror,1,-0.9455074667930603,0.9455074667930603,-1.2386823892593384,-0.652332603931427,1.0,0.5863497853279114,-2.059113025665283,2.059113025665283,9.951931953430176,0.4138117172225157,20.51998778897869,0.6404946318314642,0.41039975577957377,-1.3026164770126343,0.0,11.967063903808594,-0.18910149335861207
0.03125,10,flat_plate,main_wing,segment_0,main_wing:segment_0:mirror:2,mirror,2,-1.5022028684616089,1.5022028684616089,-1.765723466873169,-1.2386823892593384,1.0,0.5270410776138306,-2.032602548599243,2.032602548599243,9.951051712036133,0.4085201458938741,20.256259838918798,0.6217575105826781,0.40512519677837594,-1.1612927913665771,0.0,10.617589950561523,-0.3004405736923218
0.03125,10,flat_plate,main_wing,segment_0,main_wing:segment_0:mirror:3,mirror,3,-2.002588987350464,2.002588987350464,-2.239454746246338,-1.765723466873169,1.0,0.47373127937316895,-2.0033395290374756,2.0033395290374756,9.950166702270508,0.40267456596085727,19.96483324022786,0.6047631032724483,0.3992966648045572,-1.0325874090194702,0.0,9.405794143676758,-0.40051779747009275
0.03125,10,flat_plate,main_wing,segment_0,main_wing:segment_0:mirror:4,mirror,4,-2.452361822128296,2.452361822128296,-2.665268659591675,-2.239454746246338,1.0,0.4258139133453369,-1.9713243246078491,1.9713243246078491,9.949270248413086,0.3962751589589752,19.64564850088662,0.5895566096348825,0.3929129700177324,-0.9156390428543091,0.0,8.318917274475098,-0.49047236442565917
0.03125,10,flat_plate,main_wing,segment_0,main_wing:segment_0:mirror:5,mirror,5,-2.856640338897705,2.856640338897705,-3.0480120182037354,-2.665268659591675,1.0,0.38274335861206055,-1.936046838760376,1.936046838760376,9.948326110839844,0.3892206220804987,19.293462569113554,0.5769995434903371,0.3858692513822711,-0.8090225458145142,0.0,7.343315124511719,-0.571328067779541
0.03125,10,flat_plate,main_wing,segment_0,main_wing:segment_0:mirror:6,mirror,6,-3.2200264930725098,3.2200264930725098,-3.392040967941284,-3.0480120182037354,1.0,0.34402894973754883,-1.8963409662246704,1.8963409662246704,9.947250366210938,0.38127942826616845,18.896340189594216,0.5685587833146692,0.3779268037918843,-0.7110516428947449,0.0,6.464844226837158,-0.644005298614502
0.03125,10,flat_plate,main_wing,segment_0,main_wing:segment_0:mirror:7,mirror,7,-3.546656608581543,3.546656608581543,-3.7012720108032227,-3.392040967941284,1.0,0.3092310428619385,-1.8499244451522827,1.8499244451522827,9.945926666259766,0.3719963975660318,18.431200972940818,0.5655929977066684,0.36862401945881634,-0.6200202107429504,0.0,5.6683735847473145,-0.7093313217163086
0.03125,10,flat_plate,main_wing,segment_0,main_wing:segment_0:mirror:8,mirror,8,-3.8402483463287354,3.8402483463287354,-3.979224443435669,-3.7012720108032227,1.0,0.2779524326324463,-1.7930713891983032,1.7930713891983032,9.944206237792969,0.3606263479097473,17.860598715884695,0.5692098359616942,0.3572119743176939,-0.5342369675636292,0.0,4.938102722167969,-0.768049669265747
0.03125,10,flat_plate,main_wing,segment_0,main_wing:segment_0:mirror:9,mirror,9,-4.1041436195373535,4.1041436195373535,-4.229062557220459,-3.979224443435669,1.0,0.24983811378479004,-1.7201367616653442,1.7201367616653442,9.941850662231445,0.3460395493969852,17.128018002090727,0.5798439261394381,0.34256036004181456,-0.4520966708660126,0.0,4.257748126983643,-0.8208287239074707
0.03125,10,flat_plate,main_wing,segment_0,main_wing:segment_0:mirror:10,mirror,10,-4.34134578704834,4.34134578704834,-4.453629493713379,-4.229062557220459,1.0,0.22456693649291992,-1.6260535717010498,1.6260535717010498,9.93852424621582,0.3272223383305995,16.18259178783886,0.6009925979601438,0.3236518357567772,-0.3721158802509308,0.0,3.6174917221069336,-0.8682691574096679
0.03125,10,flat_plate,main_wing,segment_0,main_wing:segment_0:mirror:11,mirror,11,-4.554555416107178,4.554555416107178,-4.655481815338135,-4.453629493713379,1.0,0.20185232162475586,-1.4931985139846802,1.4931985139846802,9.934024810791016,0.3006230691839356,14.849412604829965,0.6233252109940227,0.2969882520965993,-0.2925606667995453,0.0,2.9857287406921387,-0.9109110832214355
0.03125,10,flat_plate,main_wing,segment_0,main_wing:segment_0:mirror:12,mirror,12,-4.746199131011963,4.746199131011963,-4.836916923522949,-4.655481815338135,1.0,0.18143510818481445,-1.2896698713302612,1.2896698713302612,9.928421020507812,0.25979354998470805,12.81213528074903,0.6274281176353145,0.25624270561498064,-0.21078814566135406,0.0,2.317791700363159,-0.9492398262023926
0.03125,10,flat_plate,main_wing,segment_0,main_wing:segment_0:mirror:13,mirror,13,-4.918458461761475,4.918458461761475,-5.0,-4.836916923522949,1.0,0.16308307647705078,-0.9569534063339233,0.9569534063339233,9.920637130737305,0.19292176373813247,9.4897367472663,0.5868176460804524,0.18979473494532598,-0.12061776220798492,0.0,1.5458730459213257,-0.9836916923522949
0.03125,10,flat_plate,main_wing,segment_0,main_wing:segment_0:orig:0,orig,0,0.3261663019657135,0.3261663019657135,0.0,0.652332603931427,1.0,0.652332603931427,2.080399513244629,2.080399513244629,9.95269775390625,0.41805740808879893,20.73137517802619,0.6596273153865702,0.4146275035605238,-1.456033706665039,0.0,13.452025413513184,0.0652332603931427
0.03125,10,flat_plate,main_wing,segment_0,main_wing:segment_0:orig:1,orig,1,0.9455074667930603,0.9455074667930603,0.652332603931427,1.2386823892593384,1.0,0.5863497853279114,2.059113025665283,2.059113025665283,9.951931953430176,0.4138117172225157,20.519989286430107,0.6404956635064795,0.41039978572860214,-1.302616000175476,0.0,11.96706485748291,0.18910149335861207
0.03125,10,flat_plate,main_wing,segment_0,main_wing:segment_0:orig:2,orig,2,1.5022028684616089,1.5022028684616089,1.2386823892593384,1.765723466873169,1.0,0.5270410776138306,2.032601833343506,2.032601833343506,9.951051712036133,0.40852000213907147,20.256254526243303,0.6217563071172018,0.40512509052486606,-1.1612930297851562,0.0,10.617587089538574,0.3004405736923218
0.03125,10,flat_plate,main_wing,segment_0,main_wing:segment_0:orig:3,orig,3,2.002588987350464,2.002588987350464,1.765723466873169,2.239454746246338,1.0,0.47373127937316895,2.0033395290374756,2.0033395290374756,9.950166702270508,0.40267456596085727,19.964829288207373,0.6047622937401387,0.39929658576414745,-1.0325875282287598,0.0,9.405792236328125,0.40051779747009275
0.03125,10,flat_plate,main_wing,segment_0,main_wing:segment_0:orig:4,orig,4,2.452361822128296,2.452361822128296,2.239454746246338,2.665268659591675,1.0,0.4258139133453369,1.9713244438171387,1.9713244438171387,9.949270248413086,0.39627518292239894,19.64565303400121,0.5895565399536026,0.3929130606800242,-0.915639340877533,0.0,8.31891918182373,0.49047236442565917
0.03125,10,flat_plate,main_wing,segment_0,main_wing:segment_0:orig:5,orig,5,2.856640338897705,2.856640338897705,2.665268659591675,3.0480120182037354,1.0,0.38274335861206055,1.936047077178955,1.936047077178955,9.948326110839844,0.38922067001189464,19.29346140041784,0.5769989074593523,0.3858692280083568,-0.8090227246284485,0.0,7.3433146476745605,0.571328067779541
0.03125,10,flat_plate,main_wing,segment_0,main_wing:segment_0:orig:6,orig,6,3.2200264930725098,3.2200264930725098,3.0480120182037354,3.392040967941284,1.0,0.34402894973754883,1.89634108543396,1.89634108543396,9.947250366210938,0.3812794522344582,18.89633879293276,0.5685587619841111,0.3779267758586552,-0.7110515832901001,0.0,6.46484375,0.644005298614502
0.03125,10,flat_plate,main_wing,segment_0,main_wing:segment_0:orig:7,orig,7,3.546656608581543,3.546656608581543,3.392040967941284,3.7012720108032227,1.0,0.3092310428619385,1.8499245643615723,1.8499245643615723,9.945926666259766,0.37199642153751156,18.431207134602843,0.5655934743809039,0.36862414269205684,-0.62002032995224,0.0,5.668375492095947,0.7093313217163086
0.03125,10,flat_plate,main_wing,segment_0,main_wing:segment_0:orig:8,orig,8,3.8402483463287354,3.8402483463287354,3.7012720108032227,3.979224443435669,1.0,0.2779524326324463,1.7930723428726196,1.7930723428726196,9.944206237792969,0.36062653971476294,17.860607150393832,0.5692114544533136,0.3572121430078766,-0.5342368483543396,0.0,4.93810510635376,0.768049669265747
0.03125,10,flat_plate,main_wing,segment_0,main_wing:segment_0:orig:9,orig,9,4.1041436195373535,4.1041436195373535,3.979224443435669,4.229062557220459,1.0,0.24983811378479004,1.720137119293213,1.720137119293213,9.941850662231445,0.3460396213409081,17.128023672121664,0.5798447230103193,0.3425604734424333,-0.4520966708660126,0.0,4.257749557495117,0.8208287239074707
0.03125,10,flat_plate,main_wing,segment_0,main_wing:segment_0:orig:10,orig,10,4.34134578704834,4.34134578704834,4.229062557220459,4.453629493713379,1.0,0.22456693649291992,1.626052975654602,1.626052975654602,9.93852424621582,0.32722221838392873,16.182585516682057,0.6009914485776997,0.32365171033364115,-0.37211593985557556,0.0,3.617490291595459,0.8682691574096679
0.03125,10,flat_plate,main_wing,segment_0,main_wing:segment_0:orig:11,orig,11,4.554555416107178,4.554555416107178,4.453629493713379,4.655481815338135,1.0,0.20185232162475586,1.493198275566101,1.493198275566101,9.934024810791016,0.30062302118353623,14.849411496815655,0.6233246079872466,0.29698822993631313,-0.29256075620651245,0.0,2.9857285022735596,0.9109110832214355
0.03125,10,flat_plate,main_wing,segment_0,main_wing:segment_0:orig:12,orig,12,4.746199131011963,4.746199131011963,4.655481815338135,4.836916923522949,1.0,0.18143510818481445,1.2896699905395508,1.2896699905395508,9.928421020507812,0.2597935739984539,12.81213528074903,0.6274281176353145,0.25624270561498064,-0.21078814566135406,0.0,2.317791700363159,0.9492398262023926
0.03125,10,flat_plate,main_wing,segment_0,main_wing:segment_0:orig:13,orig,13,4.918458461761475,4.918458461761475,4.836916923522949,5.0,1.0,0.16308307647705078,0.9569531083106995,0.9569531083106995,9.920637130737305,0.19292170365666392,9.489733121613057,0.5868171826628984,0.18979466243226115,-0.12061775475740433,0.0,1.545872449874878,0.9836916923522949
0.0625,20,flat_plate,main_wing,segment_0,main_wing:segment_0:mirror:0,mirror,0,-0.3261663019657135,0.3261663019657135,-0.652332603931427,0.0,1.0,0.652332603931427,-2.483537435531616,2.483537435531616,9.95516586303711,0.49894446153887423,24.753841853271236,0.8302730347253381,0.4950768370654247,-1.7109875679016113,0.0,16.065967559814453,-0.0652332603931427
0.0625,20,flat_plate,main_wing,segment_0,main_wing:segment_0:mirror:1,mirror,1,-0.9455074667930603,0.9455074667930603,-1.2386823892593384,-0.652332603931427,1.0,0.5863497853279114,-2.46596622467041,2.46596622467041,9.954683303833008,0.495438408115083,24.578955493831845,0.8177377050418712,0.4915791098766369,-1.5309299230575562,0.0,14.338340759277344,-0.18910149335861207
0.0625,20,flat_plate,main_wing,segment_0,main_wing:segment_0:mirror:2,mirror,2,-1.5022028684616089,1.5022028684616089,-1.765723466873169,-1.2386823892593384,1.0,0.5270410776138306,-2.4418606758117676,2.4418606758117676,9.954086303710938,0.49062477485280165,24.338447033608308,0.8056601163494146,0.48676894067216614,-1.364740014076233,0.0,12.761621475219727,-0.3004405736923218
0.0625,20,flat_plate,main_wing,segment_0,main_wing:segment_0:mirror:3,mirror,3,-2.002588987350464,2.002588987350464,-2.239454746246338,-1.765723466873169,1.0,0.47373127937316895,-2.414015293121338,2.414015293121338,9.953466415405273,0.4850602176916165,24.060127846893913,0.7965492943749302,0.4812025569378783,-1.2126219272613525,0.0,11.339627265930176,-0.40051779747009275
0.0625,20,flat_plate,main_wing,segment_0,main_wing:segment_0:mirror:4,mirror,4,-2.452361822128296,2.452361822128296,-2.665268659591675,-2.239454746246338,1.0,0.4258139133453369,-2.3823423385620117,2.3823423385620117,9.95277214050293,0.4787294042163469,23.74298552905434,0.7909920138837505,0.47485971058108684,-1.07351553440094,0.0,10.058578491210938,-0.49047236442565917
0.0625,20,flat_plate,main_wing,segment_0,main_wing:segment_0:mirror:5,mirror,5,-2.856640338897705,2.856640338897705,-3.0480120182037354,-2.665268659591675,1.0,0.38274335861206055,-2.345426321029663,2.345426321029663,9.951921463012695,0.47135145303279835,23.37269258088946,0.7893295630529366,0.4674538516177892,-0.9458362460136414,0.0,8.900729179382324,-0.571328067779541
0.0625,20,flat_plate,main_wing,segment_0,main_wing:segment_0:mirror:6,mirror,6,-3.2200264930725098,3.2200264930725098,-3.392040967941284,-3.0480120182037354,1.0,0.34402894973754883,-2.300769090652466,2.300769090652466,9.95080280303955,0.46242883839476306,22.92405761411003,0.7920869860658755,0.4584811522822006,-0.827745258808136,0.0,7.847712993621826,-0.644005298614502
0.0625,20,flat_plate,main_wing,segment_0,main_wing:segment_0:mirror:7,mirror,7,-3.546656608581543,3.546656608581543,-3.7012720108032227,-3.392040967941284,1.0,0.3092310428619385,-2.2446014881134033,2.2446014881134033,9.949258804321289,0.45120979004757605,22.359230971711902,0.799248769712556,0.44718461943423804,-0.7175189852714539,0.0,6.881277084350586,-0.7093313217163086
0.0625,20,flat_plate,main_wing,segment_0,main_wing:segment_0:mirror:8,mirror,8,-3.8402483463287354,3.8402483463287354,-3.979224443435669,-3.7012720108032227,1.0,0.2779524326324463,-2.171530246734619,2.171530246734619,9.947096824645996,0.43661588602499624,21.62427846726198,0.8099708312925751,0.43248556934523963,-0.6135604381561279,0.0,5.983359336853027,-0.768049669265747
0.0625,20,flat_plate,main_wing,segment_0,main_wing:segment_0:mirror:9,mirror,9,-4.1041436195373535,4.1041436195373535,-4.229062557220459,-3.979224443435669,1.0,0.24983811378479004,-2.073845863342285,2.073845863342285,9.944112777709961,0.41710022999555585,20.64245681888818,0.8217034595835241,0.4128491363777636,-0.5144586563110352,0.0,5.135653495788574,-0.8208287239074707
0.0625,20,flat_plate,main_wing,segment_0,main_wing:segment_0:mirror:10,mirror,10,-4.34134578704834,4.34134578704834,-4.453629493713379,-4.229062557220459,1.0,0.22456693649291992,-1.9421862363815308,1.9421862363815308,9.940166473388672,0.3907753942715259,19.32072622102322,0.8315768140214661,0.3864145244204644,-0.4189164638519287,0.0,4.322561264038086,-0.8682691574096679
0.0625,20,flat_plate,main_wing,segment_0,main_wing:segment_0:mirror:11,mirror,11,-4.554555416107178,4.554555416107178,-4.655481815338135,-4.453629493713379,1.0,0.20185232162475586,-1.7588213682174683,1.7588213682174683,9.935328483581543,0.35405399451542613,17.48347184759952,0.8290685050092929,0.34966943695199043,-0.325432151556015,0.0,3.5180251598358154,-0.9109110832214355
0.0625,20,flat_plate,main_wing,segment_0,main_wing:segment_0:mirror:12,mirror,12,-4.746199131011963,4.746199131011963,-4.836916923522949,-4.655481815338135,1.0,0.18143510818481445,-1.4954122304916382,1.4954122304916382,9.929837226867676,0.3011957187868949,14.849876929296265,0.7984435545473213,0.2969975385859253,-0.23151668906211853,0.0,2.68822979927063,-0.9492398262023926
0.0625,20,flat_plate,main_wing,segment_0,main_wing:segment_0:mirror:13,mirror,13,-4.918458461761475,4.918458461761475,-5.0,-4.836916923522949,1.0,0.16308307647705078,-1.0915007591247559,1.0915007591247559,9.921757698059082,0.22002165187692052,10.819578123369054,0.7125560008363422,0.21639156246738106,-0.1304946392774582,0.0,1.763490915298462,-0.9836916923522949
0.0625,20,flat_plate,main_wing,segment_0,main_wing:segment_0:orig:0,orig,0,0.3261663019657135,0.3261663019657135,0.0,0.652332603931427,1.0,0.652332603931427,2.4835381507873535,2.4835381507873535,9.95516586303711,0.49894460523426754,24.753847695006453,0.8302734866496174,0.49507695390012907,-1.7109878063201904,0.0,16.06597137451172,0.0652332603931427
0.0625,20,flat_plate,main_wing,segment_0,main_wing:segment_0:orig:1,orig,1,0.9455074667930603,0.9455074667930603,0.652332603931427,1.2386823892593384,1.0,0.5863497853279114,2.465965986251831,2.465965986251831,9.954683303833008,0.4954383602142966,24.578952357454355,0.8177366483363038,0.4915790471490871,-1.5309302806854248,0.0,14.338338851928711,0.18910149335861207
0.0625,20,flat_plate,main_wing,segment_0,main_wing:segment_0:orig:2,orig,2,1.5022028684616089,1.5022028684616089,1.2386823892593384,1.765723466873169,1.0,0.5270410776138306,2.441861391067505,2.441861391067505,9.954086303710938,0.4906249185637793,24.3384522833258,0.8056617677843488,0.486769045666516,-1.3647395372390747,0.0,12.761624336242676,0.3004405736923218
0.0625,20,flat_plate,main_wing,segment_0,main_wing:segment_0:orig:3,orig,3,2.002588987350464,2.002588987350464,1.765723466873169,2.239454746246338,1.0,0.47373127937316895,2.4140162467956543,2.4140162467956543,9.953466415405273,0.4850604093181869,24.060137744455815,0.7965511936106457,0.4812027548891163,-1.2126216888427734,0.0,11.339632034301758,0.40051779747009275
0.0625,20,flat_plate,main_wing,segment_0,main_wing:segment_0:orig:4,orig,4,2.452361822128296,2.452361822128296,2.239454746246338,2.665268659591675,1.0,0.4258139133453369,2.3823423385620117,2.3823423385620117,9.95277214050293,0.4787294042163469,23.742987785871037,0.7909920483510579,0.47485975571742073,-1.0735156536102295,0.0,10.058579444885254,0.49047236442565917
0.0625,20,flat_plate,main_wing,segment_0,main_wing:segment_0:orig:5,orig,5,2.856640338897705,2.856640338897705,2.665268659591675,3.0480120182037354,1.0,0.38274335861206055,2.345426559448242,2.345426559448242,9.951921463012695,0.47135150094687805,23.372692559216027,0.7893297172674385,0.46745385118432053,-0.9458361864089966,0.0,8.900729179382324,0.571328067779541
0.0625,20,flat_plate,main_wing,segment_0,main_wing:segment_0:orig:6,orig,6,3.2200264930725098,3.2200264930725098,3.0480120182037354,3.392040967941284,1.0,0.34402894973754883,2.300769567489624,2.300769567489624,9.95080280303955,0.46242893423369535,22.924060383320548,0.7920872002956243,0.45848120766641093,-0.8277453184127808,0.0,7.847713947296143,0.644005298614502
0.0625,20,flat_plate,main_wing,segment_0,main_wing:segment_0:orig:7,orig,7,3.546656608581543,3.546656608581543,3.392040967941284,3.7012720108032227,1.0,0.3092310428619385,2.2446014881134033,2.2446014881134033,9.949258804321289,0.45120979004757605,22.359229444709285,0.7992485551063335,0.4471845888941857,-0.7175189852714539,0.0,6.881276607513428,0.7093313217163086
0.0625,20,flat_plate,main_wing,segment_0,main_wing:segment_0:orig:8,orig,8,3.8402483463287354,3.8402483463287354,3.7012720108032227,3.979224443435669,1.0,0.2779524326324463,2.1715292930603027,2.1715292930603027,9.947096824645996,0.4366156942757184,21.62427009244193,0.8099687880910452,0.4324854018488386,-0.613560676574707,0.0,5.983356952667236,0.768049669265747
0.0625,20,flat_plate,main_wing,segment_0,main_wing:segment_0:orig:9,orig,9,4.1041436195373535,4.1041436195373535,3.979224443435669,4.229062557220459,1.0,0.24983811378479004,2.0738465785980225,2.0738465785980225,9.944112777709961,0.41710037385066956,20.642464212914668,0.8217057033344782,0.41284928425829337,-0.5144583582878113,0.0,5.135655403137207,0.8208287239074707
0.0625,20,flat_plate,main_wing,segment_0,main_wing:segment_0:orig:10,orig,10,4.34134578704834,4.34134578704834,4.229062557220459,4.453629493713379,1.0,0.22456693649291992,1.942185401916504,1.942185401916504,9.940166473388672,0.39077522637393003,19.320720079154242,0.8315747447083286,0.3864144015830848,-0.4189167320728302,0.0,4.322559833526611,0.8682691574096679
0.0625,20,flat_plate,main_wing,segment_0,main_wing:segment_0:orig:11,orig,11,4.554555416107178,4.554555416107178,4.453629493713379,4.655481815338135,1.0,0.20185232162475586,1.7588207721710205,1.7588207721710205,9.935328483581543,0.35405387453017373,17.483464788551668,0.8290678111151613,0.34966929577103334,-0.32543209195137024,0.0,3.518023729324341,0.9109110832214355
0.0625,20,flat_plate,main_wing,segment_0,main_wing:segment_0:orig:12,orig,12,4.746199131011963,4.746199131011963,4.655481815338135,4.836916923522949,1.0,0.18143510818481445,1.495411992073059,1.495411992073059,9.929837226867676,0.3011956707662529,14.849873036879389,0.7984429245672464,0.29699746073758776,-0.23151670396327972,0.0,2.6882290840148926,0.9492398262023926
0.0625,20,flat_plate,main_wing,segment_0,main_wing:segment_0:orig:13,orig,13,4.918458461761475,4.918458461761475,4.836916923522949,5.0,1.0,0.16308307647705078,1.0915005207061768,1.0915005207061768,9.921757698059082,0.2200216038171742,10.819575989941454,0.7125554241939716,0.21639151979882906,-0.13049468398094177,0.0,1.7634905576705933,0.9836916923522949
0.09375,30,flat_plate,main_wing,segment_0,main_wing:segment_0:mirror:0,mirror,0,-0.3261663019657135,0.3261663019657135,-0.652332603931427,0.0,1.0,0.652332603931427,-2.7416019439697266,2.7416019439697266,9.957380294799805,0.5506673166639051,27.335026525766164,0.883129443709499,0.5467005305153233,-1.9111815690994263,0.0,17.738170623779297,-0.0652332603931427
0.09375,30,flat_plate,main_wing,segment_0,main_wing:segment_0:mirror:1,mirror,1,-0.9455074667930603,0.9455074667930603,-1.2386823892593384,-0.652332603931427,1.0,0.5863497853279114,-2.726970672607422,2.726970672607422,9.957073211669922,0.5477454297335784,27.18903097722807,0.8762017284223916,0.5437806195445615,-1.709976077079773,0.0,15.858634948730469,-0.18910149335861207
0.09375,30,flat_plate,main_wing,segment_0,main_wing:segment_0:mirror:2,mirror,2,-1.5022028684616089,1.5022028684616089,-1.765723466873169,-1.2386823892593384,1.0,0.5270410776138306,-2.705348253250122,2.705348253250122,9.956615447998047,0.5434272855830904,26.972658355018602,0.8708515337520303,0.539453167100372,-1.523935079574585,0.0,14.141229629516602,-0.3004405736923218
0.09375,30,flat_plate,main_wing,segment_0,main_wing:segment_0:mirror:3,mirror,3,-2.002588987350464,2.002588987350464,-2.239454746246338,-1.765723466873169,1.0,0.47373127937316895,-2.6785061359405518,2.6785061359405518,9.956064224243164,0.5380652586427375,26.70349000566803,0.8688649496136436,0.5340698001133606,-1.3529757261276245,0.0,12.584451675415039,-0.40051779747009275
0.09375,30,flat_plate,main_wing,segment_0,main_wing:segment_0:mirror:4,mirror,4,-2.452361822128296,2.452361822128296,-2.665268659591675,-2.239454746246338,1.0,0.4258139133453369,-2.6458897590637207,2.6458897590637207,9.955366134643555,0.5315504670102131,26.375842494025665,0.8708191271818957,0.5275168498805133,-1.195882797241211,0.0,11.173505783081055,-0.49047236442565917
0.09375,30,flat_plate,main_wing,segment_0,main_wing:segment_0:mirror:5,mirror,5,-2.856640338897705,2.856640338897705,-3.0480120182037354,-2.665268659591675,1.0,0.38274335861206055,-2.6056039333343506,2.6056039333343506,9.954427719116211,0.5235065253084554,25.970547621279145,0.8770596160268898,0.5194109524255829,-1.0509663820266724,0.0,9.890037536621094,-0.571328067779541
0.09375,30,flat_plate,main_wing,segment_0,main_wing:segment_0:mirror:6,mirror,6,-3.2200264930725098,3.2200264930725098,-3.392040967941284,-3.0480120182037354,1.0,0.34402894973754883,-2.55448579788208,2.55448579788208,9.953117370605469,0.5133036621121821,25.455819098314603,0.8874922264129345,0.509116381966292,-0.9164621829986572,0.0,8.714803695678711,-0.644005298614502
0.09375,30,flat_plate,main_wing,segment_0,main_wing:segment_0:mirror:7,mirror,7,-3.546656608581543,3.546656608581543,-3.7012720108032227,-3.392040967941284,1.0,0.3092310428619385,-2.488086223602295,2.488086223602295,9.951290130615234,0.5000529963341487,24.787125392642952,0.90122135531413,0.49574250785285906,-0.7907811999320984,0.0,7.629139423370361,-0.7093313217163086
0.09375,30,flat_plate,main_wing,segment_0,main_wing:segment_0:mirror:8,mirror,8,-3.8402483463287354,3.8402483463287354,-3.979224443435669,-3.7012720108032227,1.0,0.2779524326324463,-2.4003372192382812,2.4003372192382812,9.948801040649414,0.4825379881316026,23.903962490006595,0.9163503179088212,0.4780792498001319,-0.6724659204483032,0.0,6.6149516105651855,-0.768049669265747
0.09375,30,flat_plate,main_wing,segment_0,main_wing:segment_0:mirror:9,mirror,9,-4.1041436195373535,4.1041436195373535,-4.229062557220459,-3.979224443435669,1.0,0.24983811378479004,-2.2829501628875732,2.2829501628875732,9.945524215698242,0.4590909666247884,22.72401599706396,0.9289466694714346,0.45448031994127924,-0.5603033304214478,0.0,5.654374122619629,-0.8208287239074707
0.09375,30,flat_plate,main_wing,segment_0,main_wing:segment_0:mirror:10,mirror,10,-4.34134578704834,4.34134578704834,-4.453629493713379,-4.229062557220459,1.0,0.22456693649291992,-2.125617265701294,2.125617265701294,9.941413879394531,0.4276287641754941,21.145076828280637,0.9342065743388626,0.42290153656561275,-0.4531111717224121,0.0,4.731470584869385,-0.8682691574096679
0.09375,30,flat_plate,main_wing,segment_0,main_wing:segment_0:mirror:11,mirror,11,-4.554555416107178,4.554555416107178,-4.655481815338135,-4.453629493713379,1.0,0.20185232162475586,-1.9112675189971924,1.9112675189971924,9.936538696289062,0.3846948273267394,18.998171775993658,0.9218115159129701,0.37996343551987316,-0.34944552183151245,0.0,3.8234007358551025,-0.9109110832214355
0.09375,30,flat_plate,main_wing,segment_0,main_wing:segment_0:mirror:12,mirror,12,-4.746199131011963,4.746199131011963,-4.836916923522949,-4.655481815338135,1.0,0.18143510818481445,-1.613361120223999,1.613361120223999,9.930973052978516,0.32491501318496013,16.0202962538138,0.8782375472037334,0.320405925076276,-0.24673427641391754,0.0,2.9005331993103027,-0.9492398262023926
0.09375,30,flat_plate,main_wing,segment_0,main_wing:segment_0:mirror:13,mirror,13,-4.918458461761475,4.918458461761475,-5.0,-4.836916923522949,1.0,0.16308307647705078,-1.1697070598602295,1.1697070598602295,9.922259330749512,0.23577433745059587,11.593700658234212,0.7756294015440888,0.23187401316468426,-0.1378786265850067,0.0,1.8899401426315308,-0.9836916923522949
0.09375,30,flat_plate,main_wing,segment_0,main_wing:segment_0:orig:0,orig,0,0.3261663019657135,0.3261663019657135,0.0,0.652332603931427,1.0,0.652332603931427,2.7416019439697266,2.7416019439697266,9.957380294799805,0.5506673166639051,27.335026576632014,0.8831290817801636,0.5467005315326403,-1.9111818075180054,0.0,17.738170623779297,0.0652332603931427
0.09375,30,flat_plate,main_wing,segment_0,main_wing:segment_0:orig:1,orig,1,0.9455074667930603,0.9455074667930603,0.652332603931427,1.2386823892593384,1.0,0.5863497853279114,2.7269701957702637,2.7269701957702637,9.957073211669922,0.5477453339550001,27.189027925735374,0.8762000677301466,0.5437805585147075,-1.7099767923355103,0.0,15.858633041381836,0.18910149335861207
0.09375,30,flat_plate,main_wing,segment_0,main_wing:segment_0:orig:2,orig,2,1.5022028684616089,1.5022028684616089,1.2386823892593384,1.765723466873169,1.0,0.5270410776138306,2.705348491668701,2.705348491668701,9.956615447998047,0.5434273334745813,26.9726636676941,0.8708527372175067,0.539453273353882,-1.5239348411560059,0.0,14.14123249053955,0.3004405736923218
0.09375,30,flat_plate,main_wing,segment_0,main_wing:segment_0:orig:3,orig,3,2.002588987350464,2.002588987350464,1.765723466873169,2.239454746246338,1.0,0.47373127937316895,2.6785061359405518,2.6785061359405518,9.956064224243164,0.5380652586427375,26.703490075710803,0.8688644512334097,0.534069801514216,-1.3529759645462036,0.0,12.584451675415039,0.40051779747009275
0.09375,30,flat_plate,main_wing,segment_0,main_wing:segment_0:orig:4,orig,4,2.452361822128296,2.452361822128296,2.239454746246338,2.665268659591675,1.0,0.4258139133453369,2.6458899974823,2.6458899974823,9.955366134643555,0.531550514907714,26.37584253298805,0.8708188499501068,0.527516850659761,-1.1958829164505005,0.0,11.173505783081055,0.49047236442565917
0.09375,30,flat_plate,main_wing,segment_0,main_wing:segment_0:orig:5,orig,5,2.856640338897705,2.856640338897705,2.665268659591675,3.0480120182037354,1.0,0.38274335861206055,2.6056039333343506,2.6056039333343506,9.954427719116211,0.5235065253084554,25.970547621279145,0.8770596160268898,0.5194109524255829,-1.0509663820266724,0.0,9.890037536621094,0.571328067779541
0.09375,30,flat_plate,main_wing,segment_0,main_wing:segment_0:orig:6,orig,6,3.2200264930725098,3.2200264930725098,3.0480120182037354,3.392040967941284,1.0,0.34402894973754883,2.5544862747192383,2.5544862747192383,9.953117370605469,0.5133037579288274,25.4558191465394,0.8874918832756692,0.509116382930788,-0.9164623022079468,0.0,8.714803695678711,0.644005298614502
0.09375,30,flat_plate,main_wing,segment_0,main_wing:segment_0:orig:7,orig,7,3.546656608581543,3.546656608581543,3.392040967941284,3.7012720108032227,1.0,0.3092310428619385,2.488086700439453,2.488086700439453,9.951290130615234,0.5000530921683877,24.787131420176088,0.9012227863650009,0.4957426284035218,-0.7907810211181641,0.0,7.629141330718994,0.7093313217163086
0.09375,30,flat_plate,main_wing,segment_0,main_wing:segment_0:orig:8,orig,8,3.8402483463287354,3.8402483463287354,3.7012720108032227,3.979224443435669,1.0,0.2779524326324463,2.400336742401123,2.400336742401123,9.948801040649414,0.48253789227338684,23.903959092327305,0.916349840396138,0.47807918184654613,-0.6724659204483032,0.0,6.614950656890869,0.768049669265747
0.09375,30,flat_plate,main_wing,segment_0,main_wing:segment_0:orig:9,orig,9,4.1041436195373535,4.1041436195373535,3.979224443435669,4.229062557220459,1.0,0.24983811378479004,2.282949447631836,2.282949447631836,9.945524215698242,0.4590908227900901,22.724012316652196,0.9289454294703127,0.4544802463330439,-0.5603035092353821,0.0,5.6543731689453125,0.8208287239074707
0.09375,30,flat_plate,main_wing,segment_0,main_wing:segment_0:orig:10,orig,10,4.34134578704834,4.34134578704834,4.229062557220459,4.453629493713379,1.0,0.22456693649291992,2.125617027282715,2.125617027282715,9.941413879394531,0.4276287162107716,21.145072549004425,0.9342065089834759,0.4229014509800885,-0.45311105251312256,0.0,4.731469631195068,0.8682691574096679
0.09375,30,flat_plate,main_wing,segment_0,main_wing:segment_0:orig:11,orig,11,4.554555416107178,4.554555416107178,4.453629493713379,4.655481815338135,1.0,0.20185232162475586,1.9112669229507446,1.9112669229507446,9.936538696289062,0.3846947073561005,18.998167097359218,0.9218108583737807,0.37996334194718434,-0.34944552183151245,0.0,3.823399782180786,0.9109110832214355
0.09375,30,flat_plate,main_wing,segment_0,main_wing:segment_0:orig:12,orig,12,4.746199131011963,4.746199131011963,4.655481815338135,4.836916923522949,1.0,0.18143510818481445,1.6133615970611572,1.6133615970611572,9.930973052978516,0.3249151092152596,16.02030005478902,0.8782388278249886,0.3204060010957804,-0.2467341423034668,0.0,2.90053391456604,0.9492398262023926
0.09375,30,flat_plate,main_wing,segment_0,main_wing:segment_0:orig:13,orig,13,4.918458461761475,4.918458461761475,4.836916923522949,5.0,1.0,0.16308307647705078,1.1697070598602295,1.1697070598602295,9.922259330749512,0.23577433745059587,11.593700061539897,0.7756283949885883,0.23187400123079793,-0.13787877559661865,0.0,1.8899400234222412,0.9836916923522949
0.125,40,flat_plate,main_wing,segment_0,main_wing:segment_0:mirror:0,mirror,0,-0.3261663019657135,0.3261663019657135,-0.652332603931427,0.0,1.0,0.652332603931427,-2.930131435394287,2.930131435394287,9.959192276000977,0.5884275258858351,29.223523531867677,0.8960406138926802,0.5844704706373536,-2.0742924213409424,0.0,18.95928192138672,-0.0652332603931427
0.125,40,flat_plate,main_wing,segment_0,main_wing:segment_0:mirror:1,mirror,1,-0.9455074667930603,0.9455074667930603,-1.2386823892593384,-0.652332603931427,1.0,0.5863497853279114,-2.9167661666870117,2.9167661666870117,9.958963394165039,0.5857569811725478,29.08987957353438,0.8925699790168397,0.5817975914706875,-1.8555890321731567,0.0,16.963685989379883,-0.18910149335861207
0.125,40,flat_plate,main_wing,segment_0,main_wing:segment_0:mirror:2,mirror,2,-1.5022028684616089,1.5022028684616089,-1.765723466873169,-1.2386823892593384,1.0,0.5270410776138306,-2.8959617614746094,2.8959617614746094,9.9585599899292,0.5816025136974042,28.881168605659287,0.8919973489583595,0.5776233721131857,-1.6528879404067993,0.0,15.13885498046875,-0.3004405736923218
0.125,40,flat_plate,main_wing,segment_0,main_wing:segment_0:mirror:3,mirror,3,-2.002588987350464,2.002588987350464,-2.239454746246338,-1.765723466873169,1.0,0.47373127937316895,-2.8686647415161133,2.8686647415161133,9.958002090454102,0.5761526690712508,28.60676159495774,0.8952576735443293,0.5721352318991548,-1.466078281402588,0.0,13.479056358337402,-0.40051779747009275
0.125,40,flat_plate,main_wing,segment_0,main_wing:segment_0:mirror:4,mirror,4,-2.452361822128296,2.452361822128296,-2.665268659591675,-2.239454746246338,1.0,0.4258139133453369,-2.8339345455169678,2.8339345455169678,9.957240104675293,0.5692208916778718,28.257081770465863,0.9029476825396046,0.5651416354093173,-1.293820858001709,0.0,11.968671798706055,-0.49047236442565917
0.125,40,flat_plate,main_wing,segment_0,main_wing:segment_0:mirror:5,mirror,5,-2.856640338897705,2.856640338897705,-3.0480120182037354,-2.665268659591675,1.0,0.38274335861206055,-2.7894840240478516,2.7894840240478516,9.956182479858398,0.5603521288789245,27.809116342458474,0.9151067845203305,0.5561823268491695,-1.1344819068908691,0.0,10.588915824890137,-0.571328067779541
0.125,40,flat_plate,main_wing,segment_0,main_wing:segment_0:mirror:6,mirror,6,-3.2200264930725098,3.2200264930725098,-3.392040967941284,-3.0480120182037354,1.0,0.34402894973754883,-2.731729507446289,2.731729507446289,9.954707145690918,0.5488317169890365,27.226902807813868,0.9312350290704976,0.5445380561562774,-0.9863585829734802,0.0,9.320272445678711,-0.644005298614502
0.125,40,flat_plate,main_wing,segment_0,main_wing:segment_0:mirror:7,mirror,7,-3.546656608581543,3.546656608581543,-3.7012720108032227,-3.392040967941284,1.0,0.3092310428619385,-2.656017541885376,2.656017541885376,9.952690124511719,0.5337285716037865,26.463969578439702,0.9499824311155036,0.529279391568794,-0.8480152487754822,0.0,8.144723892211914,-0.7093313217163086
0.125,40,flat_plate,main_wing,segment_0,main_wing:segment_0:mirror:8,mirror,8,-3.8402483463287354,3.8402483463287354,-3.979224443435669,-3.7012720108032227,1.0,0.2779524326324463,-2.55608868598938,2.55608868598938,9.950027465820312,0.5137852523060644,25.457995173045248,0.9687618595773083,0.509159903460905,-0.7181552052497864,0.0,7.044722557067871,-0.768049669265747
0.125,40,flat_plate,main_wing,segment_0,main_wing:segment_0:mirror:9,mirror,9,-4.1041436195373535,4.1041436195373535,-4.229062557220459,-3.979224443435669,1.0,0.24983811378479004,-2.4236133098602295,2.4236133098602295,9.946650505065918,0.4873225029120831,24.12636985716563,0.9831220547063392,0.4825273971433126,-0.5956608653068542,0.0,6.003209590911865,-0.8208287239074707
0.125,40,flat_plate,main_wing,segment_0,main_wing:segment_0:mirror:10,mirror,10,-4.34134578704834,4.34134578704834,-4.453629493713379,-4.229062557220459,1.0,0.22456693649291992,-2.2481179237365723,2.2481179237365723,9.94249153137207,0.45222425719810105,22.365307435674282,0.9874353686737513,0.4473061487134856,-0.4794107675552368,0.0,5.004490852355957,-0.8682691574096679
0.125,40,flat_plate,main_wing,segment_0,main_wing:segment_0:mirror:11,mirror,11,-4.554555416107178,4.554555416107178,-4.655481815338135,-4.453629493713379,1.0,0.20185232162475586,-2.0129947662353516,2.0129947662353516,9.937545776367188,0.40512915593758014,20.010443155652847,0.9716479624907298,0.4002088631130569,-0.36792096495628357,0.0,4.027141571044922,-0.9109110832214355
0.125,40,flat_plate,main_wing,segment_0,main_wing:segment_0:mirror:12,mirror,12,-4.746199131011963,4.746199131011963,-4.836916923522949,-4.655481815338135,1.0,0.18143510818481445,-1.6924084424972534,1.6924084424972534,9.93178939819336,0.3408063491167283,16.805736048639996,0.9230770761018046,0.33611472097279993,-0.2585110366344452,0.0,3.0427849292755127,-0.9492398262023926
0.125,40,flat_plate,main_wing,segment_0,main_wing:segment_0:mirror:13,mirror,13,-4.918458461761475,4.918458461761475,-5.0,-4.836916923522949,1.0,0.16308307647705078,-1.2226219177246094,1.2226219177246094,9.922462463378906,0.24643518123388672,12.117960327079174,0.8134541730670232,0.2423592065415835,-0.14366908371448517,0.0,1.9754644632339478,-0.9836916923522949
0.125,40,flat_plate,main_wing,segment_0,main_wing:segment_0:orig:0,orig,0,0.3261663019657135,0.3261663019657135,0.0,0.652332603931427,1.0,0.652332603931427,2.930131673812866,2.930131673812866,9.959192276000977,0.5884275737649347,29.22352673249747,0.8960388492434745,0.5844705346499494,-2.074293851852417,0.0,18.95928382873535,0.0652332603931427
0.125,40,flat_plate,main_wing,segment_0,main_wing:segment_0:orig:1,orig,1,0.9455074667930603,0.9455074667930603,0.652332603931427,1.2386823892593384,1.0,0.5863497853279114,2.91676664352417,2.91676664352417,9.958963394165039,0.5857570769329477,29.089885931174145,0.8925714884412971,0.5817977186234828,-1.855588674545288,0.0,16.96368980407715,0.18910149335861207
0.125,40,flat_plate,main_wing,segment_0,main_wing:segment_0:orig:2,orig,2,1.5022028684616089,1.5022028684616089,1.2386823892593384,1.765723466873169,1.0,0.5270410776138306,2.8959622383117676,2.8959622383117676,9.9585599899292,0.5816026094616832,28.88117228385195,0.8919971806681847,0.5776234456770389,-1.652888298034668,0.0,15.138856887817383,0.3004405736923218
0.125,40,flat_plate,main_wing,segment_0,main_wing:segment_0:orig:3,orig,3,2.002588987350464,2.002588987350464,1.765723466873169,2.239454746246338,1.0,0.47373127937316895,2.8686649799346924,2.8686649799346924,9.958002090454102,0.576152716956073,28.606765511956837,0.8952587322667563,0.5721353102391368,-1.4660780429840088,0.0,13.479058265686035,0.40051779747009275
0.125,40,flat_plate,main_wing,segment_0,main_wing:segment_0:orig:4,orig,4,2.452361822128296,2.452361822128296,2.239454746246338,2.665268659591675,1.0,0.4258139133453369,2.8339340686798096,2.8339340686798096,9.957240104675293,0.5692207959008988,28.257079786385873,0.9029457074497749,0.5651415957277175,-1.2938215732574463,0.0,11.968670845031738,0.49047236442565917
0.125,40,flat_plate,main_wing,segment_0,main_wing:segment_0:orig:5,orig,5,2.856640338897705,2.856640338897705,2.665268659591675,3.0480120182037354,1.0,0.38274335861206055,2.7894837856292725,2.7894837856292725,9.956182479858398,0.5603520809853509,27.80910850669368,0.9151088284854995,0.5561821701338736,-1.1344807147979736,0.0,10.588912963867188,0.571328067779541
0.125,40,flat_plate,main_wing,segment_0,main_wing:segment_0:orig:6,orig,6,3.2200264930725098,3.2200264930725098,3.0480120182037354,3.392040967941284,1.0,0.34402894973754883,2.731729030609131,2.731729030609131,9.954707145690918,0.5488316211876934,27.226897486404418,0.9312330564933069,0.5445379497280883,-0.9863590002059937,0.0,9.320270538330078,0.644005298614502
0.125,40,flat_plate,main_wing,segment_0,main_wing:segment_0:orig:7,orig,7,3.546656608581543,3.546656608581543,3.392040967941284,3.7012720108032227,1.0,0.3092310428619385,2.656017780303955,2.656017780303955,9.952690124511719,0.5337286195141657,26.463969578439702,0.9499824311155036,0.529279391568794,-0.8480152487754822,0.0,8.144723892211914,0.7093313217163086
0.125,40,flat_plate,main_wing,segment_0,main_wing:segment_0:orig:8,orig,8,3.8402483463287354,3.8402483463287354,3.7012720108032227,3.979224443435669,1.0,0.2779524326324463,2.556088924407959,2.556088924407959,9.950027465820312,0.5137853002292646,25.457998749791795,0.9687610629602583,0.5091599749958359,-0.718155562877655,0.0,7.0447235107421875,0.768049669265747
0.125,40,flat_plate,main_wing,segment_0,main_wing:segment_0:orig:9,orig,9,4.1041436195373535,4.1041436195373535,3.979224443435669,4.229062557220459,1.0,0.24983811378479004,2.4236137866973877,2.4236137866973877,9.946650505065918,0.4873225987910241,24.126377217989162,0.9831245347085824,0.48252754435978323,-0.5956605076789856,0.0,6.003211498260498,0.8208287239074707
0.125,40,flat_plate,main_wing,segment_0,main_wing:segment_0:orig:10,orig,10,4.34134578704834,4.34134578704834,4.229062557220459,4.453629493713379,1.0,0.22456693649291992,2.2481186389923096,2.2481186389923096,9.94249153137207,0.4522244010766721,22.365311604132355,0.9874362225411613,0.4473062320826471,-0.47941070795059204,0.0,5.004491806030273,0.8682691574096679
0.125,40,flat_plate,main_wing,segment_0,main_wing:segment_0:orig:11,orig,11,4.554555416107178,4.554555416107178,4.453629493713379,4.655481815338135,1.0,0.20185232162475586,2.0129947662353516,2.0129947662353516,9.937545776367188,0.40512915593758014,20.01044313510475,0.9716481086980561,0.400208862702095,-0.3679209351539612,0.0,4.027141571044922,0.9109110832214355
0.125,40,flat_plate,main_wing,segment_0,main_wing:segment_0:orig:12,orig,12,4.746199131011963,4.746199131011963,4.655481815338135,4.836916923522949,1.0,0.18143510818481445,1.692408800125122,1.692408800125122,9.93178939819336,0.340806421133533,16.805738605483892,0.9230777671890131,0.33611477210967783,-0.2585109770298004,0.0,3.042785406112671,0.9492398262023926
0.125,40,flat_plate,main_wing,segment_0,main_wing:segment_0:orig:13,orig,13,4.918458461761475,4.918458461761475,4.836916923522949,5.0,1.0,0.16308307647705078,1.2226219177246094,1.2226219177246094,9.922462463378906,0.24643518123388672,12.117960987355833,0.8134547272106477,0.24235921974711666,-0.1436690092086792,0.0,1.9754645824432373,0.9836916923522949
0.15625,50,flat_plate,main_wing,segment_0,main_wing:segment_0:mirror:0,mirror,0,-0.3261663019657135,0.3261663019657135,-0.652332603931427,0.0,1.0,0.652332603931427,-3.0749435424804688,3.0749435424804688,9.960665702819824,0.6174172759577635,30.675746774593676,0.8907360425965745,0.6135149354918735,-2.209562301635742,0.0,19.896913528442383,-0.0652332603931427
0.15625,50,flat_plate,main_wing,segment_0,main_wing:segment_0:mirror:1,mirror,1,-0.9455074667930603,0.9455074667930603,-1.2386823892593384,-0.652332603931427,1.0,0.5863497853279114,-3.0620861053466797,3.0620861053466797,9.96044635772705,0.6148491734953614,30.54687907934108,0.8898305186520088,0.6109375815868215,-1.9760768413543701,0.0,17.809459686279297,-0.18910149335861207
0.15625,50,flat_plate,main_wing,segment_0,main_wing:segment_0:mirror:2,mirror,2,-1.5022028684616089,1.5022028684616089,-1.765723466873169,-1.2386823892593384,1.0,0.5270410776138306,-3.041201591491699,3.041201591491699,9.960046768188477,0.6106801829897089,30.33691980046885,0.8928980543574154,0.606738396009377,-1.7591971158981323,0.0,15.89869499206543,-0.3004405736923218
0.15625,50,flat_plate,main_wing,segment_0,main_wing:segment_0:mirror:3,mirror,3,-2.002588987350464,2.002588987350464,-2.239454746246338,-1.765723466873169,1.0,0.47373127937316895,-3.012725830078125,3.012725830078125,9.959464073181152,0.6049975797775693,30.050159669593224,0.9003424453859942,0.6010031933918645,-1.5588570833206177,0.0,14.156519889831543,-0.40051779747009275
0.15625,50,flat_plate,main_wing,segment_0,main_wing:segment_0:mirror:4,mirror,4,-2.452361822128296,2.452361822128296,-2.665268659591675,-2.239454746246338,1.0,0.4258139133453369,-2.9753847122192383,2.9753847122192383,9.958633422851562,0.597548797286137,29.67367286578293,0.9125879983273085,0.5934734573156586,-1.3737056255340576,0.0,12.566576957702637,-0.49047236442565917
0.15625,50,flat_plate,main_wing,segment_0,main_wing:segment_0:mirror:5,mirror,5,-2.856640338897705,2.856640338897705,-3.0480120182037354,-2.665268659591675,1.0,0.38274335861206055,-2.9266443252563477,2.9266443252563477,9.957473754882812,0.5878286797032669,29.181987701428234,0.9295209687718261,0.5836397540285647,-1.202148199081421,0.0,11.110027313232422,-0.571328067779541
0.15625,50,flat_plate,main_wing,segment_0,main_wing:segment_0:mirror:6,mirror,6,-3.2200264930725098,3.2200264930725098,-3.392040967941284,-3.0480120182037354,1.0,0.34402894973754883,-2.862762928009033,2.862762928009033,9.955888748168945,0.5750893768344977,28.53767519476628,0.950237868375274,0.5707535038953256,-1.0426439046859741,0.0,9.76773738861084,-0.644005298614502
0.15625,50,flat_plate,main_wing,segment_0,main_wing:segment_0:mirror:7,mirror,7,-3.546656608581543,3.546656608581543,-3.7012720108032227,-3.392040967941284,1.0,0.3092310428619385,-2.7790284156799316,2.7790284156799316,9.953779220581055,0.5583865894742449,27.693701256467122,0.9731896927978149,0.5538740251293425,-0.8938322067260742,0.0,8.522293090820312,-0.7093313217163086
0.15625,50,flat_plate,main_wing,segment_0,main_wing:segment_0:mirror:8,mirror,8,-3.8402483463287354,3.8402483463287354,-3.979224443435669,-3.7012720108032227,1.0,0.2779524326324463,-2.6692216396331787,2.6692216396331787,9.951075553894043,0.5364689726606813,26.58825070617278,0.9953280234974111,0.5317650141234556,-0.7545651793479919,0.0,7.3568501472473145,-0.768049669265747
0.15625,50,flat_plate,main_wing,segment_0,main_wing:segment_0:mirror:9,mirror,9,-4.1041436195373535,4.1041436195373535,-4.229062557220459,-3.979224443435669,1.0,0.24983811378479004,-2.525148868560791,2.525148868560791,9.947683334350586,0.5076858166244875,25.140031964873096,1.0119888512478845,0.5028006392974619,-0.6237648129463196,0.0,6.255000114440918,-0.8208287239074707
0.15625,50,flat_plate,main_wing,segment_0,main_wing:segment_0:mirror:10,mirror,10,-4.34134578704834,4.34134578704834,-4.453629493713379,-4.229062557220459,1.0,0.22456693649291992,-2.336319923400879,2.336319923400879,9.943490982055664,0.46991945336242075,23.245112095126988,1.0170872105425837,0.46490224190253976,-0.5003138780593872,0.0,5.2010698318481445,-0.8682691574096679
0.15625,50,flat_plate,main_wing,segment_0,main_wing:segment_0:mirror:11,mirror,11,-4.554555416107178,4.554555416107178,-4.655481815338135,-4.453629493713379,1.0,0.20185232162475586,-2.0863187313079834,2.0863187313079834,9.938430786132812,0.4198487218362569,20.741045581715294,1.0006033032808672,0.4148209116343059,-0.382657527923584,0.0,4.1739935874938965,-0.9109110832214355
0.15625,50,flat_plate,main_wing,segment_0,main_wing:segment_0:mirror:12,mirror,12,-4.746199131011963,4.746199131011963,-4.836916923522949,-4.655481815338135,1.0,0.18143510818481445,-1.7496038675308228,1.7496038675308228,9.932442665100098,0.3523008239812861,17.374681292017375,0.9505405962962513,0.3474936258403475,-0.26794305443763733,0.0,3.145700454711914,-0.9492398262023926
0.15625,50,flat_plate,main_wing,segment_0,main_wing:segment_0:mirror:13,mirror,13,-4.918458461761475,4.918458461761475,-5.0,-4.836916923522949,1.0,0.16308307647705078,-1.261141061782837,1.261141061782837,9.922582626342773,0.25419613205028324,12.499889504893394,0.8382316237700066,0.24999779009786788,-0.14833618700504303,0.0,2.0377068519592285,-0.9836916923522949
0.15625,50,flat_plate,main_wing,segment_0,main_wing:segment_0:orig:0,orig,0,0.3261663019657135,0.3261663019657135,0.0,0.652332603931427,1.0,0.652332603931427,3.0749433040618896,3.0749433040618896,9.960665702819824,0.6174172280857464,30.675746825459527,0.8907356806672391,0.6135149365091905,-2.2095625400543213,0.0,19.896913528442383,0.0652332603931427
0.15625,50,flat_plate,main_wing,segment_0,main_wing:segment_0:orig:1,orig,1,0.9455074667930603,0.9455074667930603,0.652332603931427,1.2386823892593384,1.0,0.5863497853279114,3.0620858669281006,3.0620858669281006,9.96044635772705,0.6148491256222901,30.546872778291174,0.8898286065697664,0.6109374555658235,-1.9760774374008179,0.0,17.80945587158203,0.18910149335861207
0.15625,50,flat_plate,main_wing,segment_0,main_wing:segment_0:orig:2,orig,2,1.5022028684616089,1.5022028684616089,1.2386823892593384,1.765723466873169,1.0,0.5270410776138306,3.0412020683288574,3.0412020683288574,9.960046768188477,0.6106802787396928,30.336923352745508,0.8928987820061567,0.6067384670549102,-1.7591969966888428,0.0,15.898696899414062,0.3004405736923218
0.15625,50,flat_plate,main_wing,segment_0,main_wing:segment_0:orig:3,orig,3,2.002588987350464,2.002588987350464,1.765723466873169,2.239454746246338,1.0,0.47373127937316895,3.0127267837524414,3.0127267837524414,9.959464073181152,0.6049977712887409,30.05017163071884,0.9003441264125723,0.6010034326143768,-1.5588570833206177,0.0,14.156525611877441,0.40051779747009275
0.15625,50,flat_plate,main_wing,segment_0,main_wing:segment_0:orig:4,orig,4,2.452361822128296,2.452361822128296,2.239454746246338,2.665268659591675,1.0,0.4258139133453369,2.9753849506378174,2.9753849506378174,9.958633422851562,0.5975488451679234,29.673677145642007,0.9125897306526561,0.5934735429128402,-1.3737051486968994,0.0,12.56657886505127,0.49047236442565917
0.15625,50,flat_plate,main_wing,segment_0,main_wing:segment_0:orig:5,orig,5,2.856640338897705,2.856640338897705,2.665268659591675,3.0480120182037354,1.0,0.38274335861206055,2.9266436100006104,2.9266436100006104,9.957473754882812,0.5878285360411786,29.181982896604772,0.9295193499348984,0.5836396579320955,-1.2021485567092896,0.0,11.110025405883789,0.571328067779541
0.15625,50,flat_plate,main_wing,segment_0,main_wing:segment_0:orig:6,orig,6,3.2200264930725098,3.2200264930725098,3.0480120182037354,3.392040967941284,1.0,0.34402894973754883,2.862762451171875,2.862762451171875,9.955888748168945,0.5750892810445245,28.537666911247122,0.9502370541173958,0.5707533382249425,-1.0426437854766846,0.0,9.76773452758789,0.644005298614502
0.15625,50,flat_plate,main_wing,segment_0,main_wing:segment_0:orig:7,orig,7,3.546656608581543,3.546656608581543,3.392040967941284,3.7012720108032227,1.0,0.3092310428619385,2.7790274620056152,2.7790274620056152,9.953779220581055,0.5583863978536966,27.693695255759764,0.973188070871617,0.5538739051151953,-0.8938324451446533,0.0,8.52229118347168,0.7093313217163086
0.15625,50,flat_plate,main_wing,segment_0,main_wing:segment_0:orig:8,orig,8,3.8402483463287354,3.8402483463287354,3.7012720108032227,3.979224443435669,1.0,0.2779524326324463,2.669222831726074,2.669222831726074,9.951075553894043,0.536469212251445,26.588260779832478,0.9953303054552832,0.5317652155966496,-0.7545649409294128,0.0,7.356853008270264,0.768049669265747
0.15625,50,flat_plate,main_wing,segment_0,main_wing:segment_0:orig:9,orig,9,4.1041436195373535,4.1041436195373535,3.979224443435669,4.229062557220459,1.0,0.24983811378479004,2.52514910697937,2.52514910697937,9.947683334350586,0.5076858645589806,25.14003581129963,1.0119889099925605,0.5028007162259925,-0.6237649321556091,0.0,6.255001068115234,0.8208287239074707
0.15625,50,flat_plate,main_wing,segment_0,main_wing:segment_0:orig:10,orig,10,4.34134578704834,4.34134578704834,4.229062557220459,4.453629493713379,1.0,0.22456693649291992,2.3363196849823,2.3363196849823,9.943490982055664,0.4699194054077176,23.245109844670743,1.0170879663769137,0.4649021968934149,-0.5003136396408081,0.0,5.201069355010986,0.8682691574096679
0.15625,50,flat_plate,main_wing,segment_0,main_wing:segment_0:orig:11,orig,11,4.554555416107178,4.554555416107178,4.453629493713379,4.655481815338135,1.0,0.20185232162475586,2.0863194465637207,2.0863194465637207,9.938430786132812,0.4198488657736153,20.741052455830257,1.0006053130409347,0.4148210491166051,-0.38265731930732727,0.0,4.173995018005371,0.9109110832214355
0.15625,50,flat_plate,main_wing,segment_0,main_wing:segment_0:orig:12,orig,12,4.746199131011963,4.746199131011963,4.655481815338135,4.836916923522949,1.0,0.18143510818481445,1.7496042251586914,1.7496042251586914,9.932442665100098,0.3523008959933541,17.374687844150007,0.950541185392207,0.3474937568830001,-0.2679431140422821,0.0,3.1457016468048096,0.9492398262023926
0.15625,50,flat_plate,main_wing,segment_0,main_wing:segment_0:orig:13,orig,13,4.918458461761475,4.918458461761475,4.836916923522949,5.0,1.0,0.16308307647705078,1.2611411809921265,1.2611411809921265,9.922582626342773,0.25419615607815865,12.499890914461993,0.8382320986806288,0.24999781828923986,-0.14833614230155945,0.0,2.0377070903778076,0.9836916923522949
0.1875,60,flat_plate,main_wing,segment_0,main_wing:segment_0:mirror:0,mirror,0,-0.3261663019657135,0.3261663019657135,-0.652332603931427,0.0,1.0,0.652332603931427,-3.1895594596862793,3.1895594596862793,9.961847305297852,0.6403550188909293,31.826116712023328,0.8769480674089251,0.6365223342404666,-2.3229079246520996,0.0,20.638782501220703,-0.0652332603931427
0.1875,60,flat_plate,main_wing,segment_0,main_wing:segment_0:mirror:1,mirror,1,-0.9455074667930603,0.9455074667930603,-1.2386823892593384,-0.652332603931427,1.0,0.5863497853279114,-3.176818609237671,3.176818609237671,9.961636543273926,0.637810583720333,31.69818834395691,0.8780823125555917,0.6339637668791382,-2.076849937438965,0.0,18.477001190185547,-0.18910149335861207
0.1875,60,flat_plate,main_wing,segment_0,main_wing:segment_0:mirror:2,mirror,2,-1.5022028684616089,1.5022028684616089,-1.765723466873169,-1.2386823892593384,1.0,0.5270410776138306,-3.155372142791748,3.155372142791748,9.961225509643555,0.6335309123836225,31.48225542887987,0.8838572868009212,0.6296451085775974,-1.8479259014129639,0.0,16.49579620361328,-0.3004405736923218
0.1875,60,flat_plate,main_wing,segment_0,main_wing:segment_0:mirror:3,mirror,3,-2.002588987350464,2.002588987350464,-2.239454746246338,-1.765723466873169,1.0,0.47373127937316895,-3.125370979309082,3.125370979309082,9.960607528686523,0.6275462556491703,31.179758894416842,0.8948168710612866,0.6235951778883368,-1.6359244585037231,0.0,14.686074256896973,-0.40051779747009275
0.1875,60,flat_plate,main_wing,segment_0,main_wing:segment_0:mirror:4,mirror,4,-2.452361822128296,2.452361822128296,-2.665268659591675,-2.239454746246338,1.0,0.4258139133453369,-3.0852878093719482,3.0852878093719482,9.959723472595215,0.6195529058334411,30.775276690675415,0.9108276079465215,0.6155055338135083,-1.4397310018539429,0.0,13.030985832214355,-0.49047236442565917
0.1875,60,flat_plate,main_wing,segment_0,main_wing:segment_0:mirror:5,mirror,5,-2.856640338897705,2.856640338897705,-3.0480120182037354,-2.665268659591675,1.0,0.38274335861206055,-3.0324606895446777,3.0324606895446777,9.958500862121582,0.6090195163970966,30.24210355175757,0.9316594178892018,0.6048420710351514,-1.2578074932098389,0.0,11.511944770812988,-0.571328067779541
0.1875,60,flat_plate,main_wing,segment_0,main_wing:segment_0:mirror:6,mirror,6,-3.2200264930725098,3.2200264930725098,-3.392040967941284,-3.0480120182037354,1.0,0.34402894973754883,-2.9631359577178955,2.9631359577178955,9.956859588623047,0.5951948867700511,29.542714660663552,0.9562721698464879,0.5908542932132711,-1.0887089967727661,0.0,10.110424041748047,-0.644005298614502
0.1875,60,flat_plate,main_wing,segment_0,main_wing:segment_0:mirror:7,mirror,7,-3.546656608581543,3.546656608581543,-3.7012720108032227,-3.392040967941284,1.0,0.3092310428619385,-2.872650384902954,2.872650384902954,9.954720497131348,0.5771433533931497,28.63063149327267,0.9828698930544179,0.5726126298654534,-0.9311902523040771,0.0,8.80961799621582,-0.7093313217163086
0.1875,60,flat_plate,main_wing,segment_0,main_wing:segment_0:mirror:8,mirror,8,-3.8402483463287354,3.8402483463287354,-3.979224443435669,-3.7012720108032227,1.0,0.2779524326324463,-2.754901647567749,2.754901647567749,9.95199203491211,0.5536382340145389,27.445155713349667,1.0081952998886137,0.5489031142669933,-0.7841715812683105,0.0,7.5932087898254395,-0.768049669265747
0.1875,60,flat_plate,main_wing,segment_0,main_wing:segment_0:mirror:9,mirror,9,-4.1041436195373535,4.1041436195373535,-4.229062557220459,-3.979224443435669,1.0,0.24983811378479004,-2.601785182952881,2.601785182952881,9.94856071472168,0.5230475558344458,25.905908593432297,1.0273251770992553,0.518118171868646,-0.646600604057312,0.0,6.445016384124756,-0.8208287239074707
0.1875,60,flat_plate,main_wing,segment_0,main_wing:segment_0:mirror:10,mirror,10,-4.34134578704834,4.34134578704834,-4.453629493713379,-4.229062557220459,1.0,0.22456693649291992,-2.402827024459839,2.402827024459839,9.944297790527344,0.48325725457431573,23.909129773136925,1.0340160355931949,0.4781825954627385,-0.5173022150993347,0.0,5.349264144897461,-0.8682691574096679
0.1875,60,flat_plate,main_wing,segment_0,main_wing:segment_0:mirror:11,mirror,11,-4.554555416107178,4.554555416107178,-4.655481815338135,-4.453629493713379,1.0,0.20185232162475586,-2.141721487045288,2.141721487045288,9.939088821411133,0.43096938271273255,21.293468579523545,1.0182707409480998,0.4258693715904709,-0.39464491605758667,0.0,4.284912586212158,-0.9109110832214355
0.1875,60,flat_plate,main_wing,segment_0,main_wing:segment_0:mirror:12,mirror,12,-4.746199131011963,4.746199131011963,-4.836916923522949,-4.655481815338135,1.0,0.18143510818481445,-1.7930241823196411,1.7930241823196411,9.932865142822266,0.36102859679220045,17.80680667005004,0.9684659776347337,0.3561361334010008,-0.27563396096229553,0.0,3.223792791366577,-0.9492398262023926
0.1875,60,flat_plate,main_wing,segment_0,main_wing:segment_0:mirror:13,mirror,13,-4.918458461761475,4.918458461761475,-5.0,-4.836916923522949,1.0,0.16308307647705078,-1.2905654907226562,1.2905654907226562,9.922558784484863,0.2601275575692459,12.791698077037813,0.8554970732387059,0.25583396154075627,-0.15217100083827972,0.0,2.0852246284484863,-0.9836916923522949
0.1875,60,flat_plate,main_wing,segment_0,main_wing:segment_0:orig:0,orig,0,0.3261663019657135,0.3261663019657135,0.0,0.652332603931427,1.0,0.652332603931427,3.189558267593384,3.189558267593384,9.961847305297852,0.6403547795592353,31.826105384613847,0.8769446300550181,0.6365221076922769,-2.322909116744995,0.0,20.638774871826172,0.0652332603931427
0.1875,60,flat_plate,main_wing,segment_0,main_wing:segment_0:orig:1,orig,1,0.9455074667930603,0.9455074667930603,0.652332603931427,1.2386823892593384,1.0,0.5863497853279114,3.1768181324005127,3.1768181324005127,9.961636543273926,0.6378104879856299,31.698185122694625,0.878081859836702,0.6339637024538924,-2.076849937438965,0.0,18.476999282836914,0.18910149335861207
0.1875,60,flat_plate,main_wing,segment_0,main_wing:segment_0:orig:2,orig,2,1.5022028684616089,1.5022028684616089,1.2386823892593384,1.765723466873169,1.0,0.5270410776138306,3.155372142791748,3.155372142791748,9.961225509643555,0.6335309123836225,31.482251719208207,0.883857679075825,0.6296450343841642,-1.8479254245758057,0.0,16.49579429626465,0.3004405736923218
0.1875,60,flat_plate,main_wing,segment_0,main_wing:segment_0:orig:3,orig,3,2.002588987350464,2.002588987350464,1.765723466873169,2.239454746246338,1.0,0.47373127937316895,3.1253702640533447,3.1253702640533447,9.960607528686523,0.6275461120322805,31.179747003334004,0.8948146916544742,0.62359494006668,-1.6359246969223022,0.0,14.686068534851074,0.40051779747009275
0.1875,60,flat_plate,main_wing,segment_0,main_wing:segment_0:orig:4,orig,4,2.452361822128296,2.452361822128296,2.239454746246338,2.665268659591675,1.0,0.4258139133453369,3.085287094116211,3.085287094116211,9.959723472595215,0.6195527622038034,30.775270037112485,0.910826672849233,0.6155054007422497,-1.4397310018539429,0.0,13.030982971191406,0.49047236442565917
0.1875,60,flat_plate,main_wing,segment_0,main_wing:segment_0:orig:5,orig,5,2.856640338897705,2.856640338897705,2.665268659591675,3.0480120182037354,1.0,0.38274335861206055,3.0324597358703613,3.0324597358703613,9.958500862121582,0.6090193248674016,30.242093551988827,0.9316589560763844,0.6048418710397765,-1.2578071355819702,0.0,11.511940956115723,0.571328067779541
0.1875,60,flat_plate,main_wing,segment_0,main_wing:segment_0:orig:6,orig,6,3.2200264930725098,3.2200264930725098,3.0480120182037354,3.392040967941284,1.0,0.34402894973754883,2.963135004043579,2.963135004043579,9.956859588623047,0.5951946952087845,29.542706232469996,0.9562723850004048,0.5908541246493999,-1.088708519935608,0.0,10.110421180725098,0.644005298614502
0.1875,60,flat_plate,main_wing,segment_0,main_wing:segment_0:orig:7,orig,7,3.546656608581543,3.546656608581543,3.392040967941284,3.7012720108032227,1.0,0.3092310428619385,2.872649908065796,2.872649908065796,9.954720497131348,0.577143257591935,28.630622465385855,0.9828676510404477,0.5726124493077172,-0.931190550327301,0.0,8.809615135192871,0.7093313217163086
0.1875,60,flat_plate,main_wing,segment_0,main_wing:segment_0:orig:8,orig,8,3.8402483463287354,3.8402483463287354,3.7012720108032227,3.979224443435669,1.0,0.2779524326324463,2.7549004554748535,2.7549004554748535,9.95199203491211,0.5536379944458393,27.445145520311804,1.008193867350564,0.5489029104062361,-0.7841715812683105,0.0,7.59320592880249,0.768049669265747
0.1875,60,flat_plate,main_wing,segment_0,main_wing:segment_0:orig:9,orig,9,4.1041436195373535,4.1041436195373535,3.979224443435669,4.229062557220459,1.0,0.24983811378479004,2.6017842292785645,2.6017842292785645,9.94856071472168,0.523047364113383,25.90590275738659,1.0273255614848202,0.5181180551477318,-0.6466003060340881,0.0,6.445014953613281,0.8208287239074707
0.1875,60,flat_plate,main_wing,segment_0,main_wing:segment_0:orig:10,orig,10,4.34134578704834,4.34134578704834,4.229062557220459,4.453629493713379,1.0,0.22456693649291992,2.4028267860412598,2.4028267860412598,9.944297790527344,0.48325720662350324,23.909125493860714,1.0340159702378084,0.4781825098772143,-0.5173020958900452,0.0,5.3492631912231445,0.8682691574096679
0.1875,60,flat_plate,main_wing,segment_0,main_wing:segment_0:orig:11,orig,11,4.554555416107178,4.554555416107178,4.453629493713379,4.655481815338135,1.0,0.20185232162475586,2.141721725463867,2.141721725463867,9.939088821411133,0.4309694306886755,21.293473258157984,1.018271398487289,0.4258694651631597,-0.39464491605758667,0.0,4.284913539886475,0.9109110832214355
0.1875,60,flat_plate,main_wing,segment_0,main_wing:segment_0:orig:12,orig,12,4.746199131011963,4.746199131011963,4.655481815338135,4.836916923522949,1.0,0.18143510818481445,1.7930245399475098,1.7930245399475098,9.932865142822266,0.3610286688012056,17.80681192090031,0.9684663838473803,0.3561362384180062,-0.2756340205669403,0.0,3.2237937450408936,0.9492398262023926
0.1875,60,flat_plate,main_wing,segment_0,main_wing:segment_0:orig:13,orig,13,4.918458461761475,4.918458461761475,4.836916923522949,5.0,1.0,0.16308307647705078,1.2905659675598145,1.2905659675598145,9.922558784484863,0.26012765368097845,12.79170382976042,0.855498158539818,0.2558340765952084,-0.15217095613479614,0.0,2.0852255821228027,0.9836916923522949
0.21875,70,flat_plate,main_wing,segment_0,main_wing:segment_0:mirror:0,mirror,0,-0.3261663019657135,0.3261663019657135,-0.652332603931427,0.0,1.0,0.652332603931427,-3.2822425365448,3.2822425365448,9.962791442871094,0.6589001798072203,32.75692878369154,0.8592994615416736,0.6551385756738308,-2.4188144207000732,0.0,21.23847007751465,-0.0652332603931427
0.21875,70,flat_plate,main_wing,segment_0,main_wing:segment_0:mirror:1,mirror,1,-0.9455074667930603,0.9455074667930603,-1.2386823892593384,-0.652332603931427,1.0,0.5863497853279114,-3.269361972808838,3.269361972808838,9.962574005126953,0.6563287702809243,32.62740062086495,0.862097551247723,0.652548012417299,-2.161958932876587,0.0,19.01523780822754,-0.18910149335861207
0.21875,70,flat_plate,main_wing,segment_0,main_wing:segment_0:mirror:2,mirror,2,-1.5022028684616089,1.5022028684616089,-1.765723466873169,-1.2386823892593384,1.0,0.5270410776138306,-3.247110605239868,3.247110605239868,9.96214771270752,0.6518896725648663,32.40310852472473,0.8703086478269859,0.6480621704944945,-1.922541618347168,0.0,16.975406646728516,-0.3004405736923218
0.21875,70,flat_plate,main_wing,segment_0,main_wing:segment_0:mirror:3,mirror,3,-2.002588987350464,2.002588987350464,-2.239454746246338,-1.765723466873169,1.0,0.47373127937316895,-3.2154369354248047,3.2154369354248047,9.961502075195312,0.6455727080419768,32.08349430694967,0.8841481494053518,0.6416698861389933,-1.700513243675232,0.0,15.109332084655762,-0.40051779747009275
0.21875,70,flat_plate,main_wing,segment_0,main_wing:segment_0:mirror:4,mirror,4,-2.452361822128296,2.452361822128296,-2.665268659591675,-2.239454746246338,1.0,0.4258139133453369,-3.172711133956909,3.172711133956909,9.960580825805664,0.6370534388390515,31.652136195574045,0.9033763481386182,0.6330427239114809,-1.4948372840881348,0.0,13.400289535522461,-0.49047236442565917
0.21875,70,flat_plate,main_wing,segment_0,main_wing:segment_0:mirror:5,mirror,5,-2.856640338897705,2.856640338897705,-3.0480120182037354,-2.665268659591675,1.0,0.38274335861206055,-3.1161980628967285,3.1161980628967285,9.95932388305664,0.6257850632206428,31.081625756223772,0.9275759331749042,0.6216325151244755,-1.3040745258331299,0.0,11.82992172241211,-0.571328067779541
0.21875,70,flat_plate,main_wing,segment_0,main_wing:segment_0:mirror:6,mirror,6,-3.2200264930725098,3.2200264930725098,-3.392040967941284,-3.0480120182037354,1.0,0.34402894973754883,-3.042187213897705,3.042187213897705,9.957660675048828,0.6110244791772416,30.33489027515682,0.9555803127265119,0.6066978055031363,-1.1268737316131592,0.0,10.380270004272461,-0.644005298614502
0.21875,70,flat_plate,main_wing,segment_0,main_wing:segment_0:mirror:7,mirror,7,-3.546656608581543,3.546656608581543,-3.7012720108032227,-3.392040967941284,1.0,0.3092310428619385,-2.9460806846618652,2.9460806846618652,9.955512046813965,0.5918491526721001,29.36611169322848,0.9853910360005148,0.5873222338645696,-0.9620708227157593,0.0,9.03494644165039,-0.7093313217163086
0.21875,70,flat_plate,main_wing,segment_0,main_wing:segment_0:mirror:8,mirror,8,-3.8402483463287354,3.8402483463287354,-3.979224443435669,-3.7012720108032227,1.0,0.2779524326324463,-2.821892738342285,2.821892738342285,9.95276165008545,0.5670572324653345,28.11575410000146,1.0136151696644198,0.5623150820000292,-0.8086208701133728,0.0,7.777998924255371,-0.768049669265747
0.21875,70,flat_plate,main_wing,segment_0,main_wing:segment_0:mirror:9,mirror,9,-4.1041436195373535,4.1041436195373535,-4.229062557220459,-3.979224443435669,1.0,0.24983811378479004,-2.661607027053833,2.661607027053833,9.949297904968262,0.5350341405949335,26.504300017429056,1.0352370111058782,0.5300860003485811,-0.6654496788978577,0.0,6.593337535858154,-0.8208287239074707
0.21875,70,flat_plate,main_wing,segment_0,main_wing:segment_0:mirror:10,mirror,10,-4.34134578704834,4.34134578704834,-4.453629493713379,-4.229062557220459,1.0,0.22456693649291992,-2.454782247543335,2.454782247543335,9.944968223571777,0.4936732209410096,24.428324669131012,1.043845371728863,0.48856649338262026,-0.5313431024551392,0.0,5.465030670166016,-0.8682691574096679
0.21875,70,flat_plate,main_wing,segment_0,main_wing:segment_0:mirror:11,mirror,11,-4.554555416107178,4.554555416107178,-4.655481815338135,-4.453629493713379,1.0,0.20185232162475586,-2.1850905418395996,2.1850905418395996,9.939624786376953,0.43967264133238515,21.726271693204733,1.0294048742143924,0.43452543386409465,-0.4045778214931488,0.0,4.371737480163574,-0.9109110832214355
0.21875,70,flat_plate,main_wing,segment_0,main_wing:segment_0:mirror:12,mirror,12,-4.746199131011963,4.746199131011963,-4.836916923522949,-4.655481815338135,1.0,0.18143510818481445,-1.8271257877349854,1.8271257877349854,9.933191299438477,0.36788293563585606,18.146437507783332,0.9805352589714046,0.36292875015566667,-0.28204146027565,0.0,3.285118818283081,-0.9492398262023926
0.21875,70,flat_plate,main_wing,segment_0,main_wing:segment_0:mirror:13,mirror,13,-4.918458461761475,4.918458461761475,-5.0,-4.836916923522949,1.0,0.16308307647705078,-1.3137866258621216,1.3137866258621216,9.922500610351562,0.2648095832801512,13.022091409176157,0.8679873952643944,0.2604418281835231,-0.15538305044174194,0.0,2.122715711593628,-0.9836916923522949
0.21875,70,flat_plate,main_wing,segment_0,main_wing:segment_0:orig:0,orig,0,0.3261663019657135,0.3261663019657135,0.0,0.652332603931427,1.0,0.652332603931427,3.282242774963379,3.282242774963379,9.962791442871094,0.658900227669023,32.75693101787016,0.8593045735498431,0.6551386203574032,-2.418811321258545,0.0,21.23847198486328,0.0652332603931427
0.21875,70,flat_plate,main_wing,segment_0,main_wing:segment_0:orig:1,orig,1,0.9455074667930603,0.9455074667930603,0.652332603931427,1.2386823892593384,1.0,0.5863497853279114,3.2693610191345215,3.2693610191345215,9.962574005126953,0.6563285788295351,32.62739412175052,0.8620970484677286,0.6525478824350104,-2.161958694458008,0.0,19.015233993530273,0.18910149335861207
0.21875,70,flat_plate,main_wing,segment_0,main_wing:segment_0:orig:2,orig,2,1.5022028684616089,1.5022028684616089,1.2386823892593384,1.765723466873169,1.0,0.5270410776138306,3.2471108436584473,3.2471108436584473,9.96214771270752,0.6518897204297617,32.4031122658754,0.8703080315673533,0.648062245317508,-1.9225422143936157,0.0,16.97540855407715,0.3004405736923218
0.21875,70,flat_plate,main_wing,segment_0,main_wing:segment_0:orig:3,orig,3,2.002588987350464,2.002588987350464,1.765723466873169,2.239454746246338,1.0,0.47373127937316895,3.215437889099121,3.215437889099121,9.961502075195312,0.6455728995139675,32.08350609296834,0.884151076382515,0.6416701218593669,-1.7005126476287842,0.0,15.10933780670166,0.40051779747009275
0.21875,70,flat_plate,main_wing,segment_0,main_wing:segment_0:orig:4,orig,4,2.452361822128296,2.452361822128296,2.239454746246338,2.665268659591675,1.0,0.4258139133453369,3.172710657119751,3.172710657119751,9.960580825805664,0.6370533430942016,31.652133977719735,0.903376036439522,0.6330426795543947,-1.4948372840881348,0.0,13.400288581848145,0.49047236442565917
0.21875,70,flat_plate,main_wing,segment_0,main_wing:segment_0:orig:5,orig,5,2.856640338897705,2.856640338897705,2.665268659591675,3.0480120182037354,1.0,0.38274335861206055,3.116196870803833,3.116196870803833,9.95932388305664,0.6257848238283086,31.08161610322999,0.9275730039300534,0.6216323220645998,-1.3040751218795776,0.0,11.829917907714844,0.571328067779541
0.21875,70,flat_plate,main_wing,segment_0,main_wing:segment_0:orig:6,orig,6,3.2200264930725098,3.2200264930725098,3.0480120182037354,3.392040967941284,1.0,0.34402894973754883,3.042186975479126,3.042186975479126,9.957660675048828,0.6110244312907778,30.334892779130953,0.9555824142112189,0.606697855582619,-1.1268731355667114,0.0,10.380270957946777,0.644005298614502
0.21875,70,flat_plate,main_wing,segment_0,main_wing:segment_0:orig:7,orig,7,3.546656608581543,3.546656608581543,3.392040967941284,3.7012720108032227,1.0,0.3092310428619385,2.9460809230804443,2.9460809230804443,9.955512046813965,0.591849200568899,29.36612088206996,0.985392132762522,0.5873224176413993,-0.962070882320404,0.0,9.03494930267334,0.7093313217163086
0.21875,70,flat_plate,main_wing,segment_0,main_wing:segment_0:orig:8,orig,8,3.8402483463287354,3.8402483463287354,3.7012720108032227,3.979224443435669,1.0,0.2779524326324463,2.821892023086548,2.821892023086548,9.95276165008545,0.5670570887352296,28.11574748371014,1.0136129405093202,0.5623149496742028,-0.8086212277412415,0.0,7.777997016906738,0.768049669265747
0.21875,70,flat_plate,main_wing,segment_0,main_wing:segment_0:orig:9,orig,9,4.1041436195373535,4.1041436195373535,3.979224443435669,4.229062557220459,1.0,0.24983811378479004,2.6616086959838867,2.6616086959838867,9.949297904968262,0.5350344760819336,26.50431706072483,1.0352391654672322,0.5300863412144966,-0.6654497385025024,0.0,6.593341827392578,0.8208287239074707
0.21875,70,flat_plate,main_wing,segment_0,main_wing:segment_0:orig:10,orig,10,4.34134578704834,4.34134578704834,4.229062557220459,4.453629493713379,1.0,0.22456693649291992,2.454784870147705,2.454784870147705,9.944968223571777,0.49367374836438815,24.428354069973828,1.0438497717766855,0.4885670813994766,-0.5313430428504944,0.0,5.4650373458862305,0.8682691574096679
0.21875,70,flat_plate,main_wing,segment_0,main_wing:segment_0:orig:11,orig,11,4.554555416107178,4.554555416107178,4.453629493713379,4.655481815338135,1.0,0.20185232162475586,2.185091733932495,2.185091733932495,9.939624786376953,0.43967288119916503,21.726280824444515,1.0294077975733595,0.4345256164888903,-0.40457749366760254,0.0,4.371739387512207,0.9109110832214355
0.21875,70,flat_plate,main_wing,segment_0,main_wing:segment_0:orig:12,orig,12,4.746199131011963,4.746199131011963,4.655481815338135,4.836916923522949,1.0,0.18143510818481445,1.8271269798278809,1.8271269798278809,9.933191299438477,0.3678831756579919,18.146447986623457,0.9805362340569922,0.36292895973246914,-0.2820415496826172,0.0,3.285120725631714,0.9492398262023926
0.21875,70,flat_plate,main_wing,segment_0,main_wing:segment_0:orig:13,orig,13,4.918458461761475,4.918458461761475,4.836916923522949,5.0,1.0,0.16308307647705078,1.3137857913970947,1.3137857913970947,9.922500610351562,0.2648094150836331,13.022084196019078,0.8679861969821607,0.2604416839203816,-0.15538308024406433,0.0,2.1227145195007324,0.9836916923522949
0.25,80,flat_plate,main_wing,segment_0,main_wing:segment_0:mirror:0,mirror,0,-0.3261663019657135,0.3261663019657135,-0.652332603931427,0.0,1.0,0.652332603931427,-3.3583667278289795,3.3583667278289795,9.96353816986084,0.6741313518500598,33.52177451728559,0.8402593792159452,0.6704354903457118,-2.500552177429199,0.0,21.730819702148438,-0.0652332603931427
0.25,80,flat_plate,main_wing,segment_0,main_wing:segment_0:mirror:1,mirror,1,-0.9455074667930603,0.9455074667930603,-1.2386823892593384,-0.652332603931427,1.0,0.5863497853279114,-3.3452248573303223,3.3452248573303223,9.963312149047852,0.6715085921803645,33.389463189289266,0.8444170713661397,0.6677892637857853,-2.234412431716919,0.0,19.456281661987305,-0.18910149335861207
0.25,80,flat_plate,main_wing,segment_0,main_wing:segment_0:mirror:2,mirror,2,-1.5022028684616089,1.5022028684616089,-1.765723466873169,-1.2386823892593384,1.0,0.5270410776138306,-3.322068691253662,3.322068691253662,9.962874412536621,0.6668896050869397,33.15586679229307,0.8547097190905403,0.6631173358458614,-1.9858976602554321,0.0,17.367136001586914,-0.3004405736923218
0.25,80,flat_plate,main_wing,segment_0,main_wing:segment_0:mirror:3,mirror,3,-2.002588987350464,2.002588987350464,-2.239454746246338,-1.765723466873169,1.0,0.47373127937316895,-3.2887349128723145,3.2887349128723145,9.9622163772583,0.6602416145828397,32.81935113434249,0.871049099402307,0.6563870226868498,-1.7551738023757935,0.0,15.45367431640625,-0.40051779747009275
0.25,80,flat_plate,main_wing,segment_0,main_wing:segment_0:mirror:4,mirror,4,-2.452361822128296,2.452361822128296,-2.665268659591675,-2.239454746246338,1.0,0.4258139133453369,-3.2435288429260254,3.2435288429260254,9.961277961730957,0.6512274540248653,32.36282863378569,0.8931130812456518,0.6472565726757138,-1.5412819385528564,0.0,13.699358940124512,-0.49047236442565917
0.25,80,flat_plate,main_wing,segment_0,main_wing:segment_0:mirror:5,mirror,5,-2.856640338897705,2.856640338897705,-3.0480120182037354,-2.665268659591675,1.0,0.38274335861206055,-3.1837329864501953,3.1837329864501953,9.960012435913086,0.6393030143156294,31.759118915662697,0.9203084906493527,0.635182378313254,-1.3429174423217773,0.0,12.08631706237793,-0.571328067779541
0.25,80,flat_plate,main_wing,segment_0,main_wing:segment_0:mirror:6,mirror,6,-3.2200264930725098,3.2200264930725098,-3.392040967941284,-3.0480120182037354,1.0,0.34402894973754883,-3.1057052612304688,3.1057052612304688,9.95834732055664,0.6237390926945234,30.971838709658748,0.9512787661659728,0.619436774193175,-1.158836007118225,0.0,10.597060203552246,-0.644005298614502
0.25,80,flat_plate,main_wing,segment_0,main_wing:segment_0:mirror:7,mirror,7,-3.546656608581543,3.546656608581543,-3.7012720108032227,-3.392040967941284,1.0,0.3092310428619385,-3.0049057006835938,3.0049057006835938,9.956199645996094,0.6036250391768756,29.955737804682336,0.9839291949113588,0.5991147560936467,-0.9878939986228943,0.0,9.215439796447754,-0.7093313217163086
0.25,80,flat_plate,main_wing,segment_0,main_wing:segment_0:mirror:8,mirror,8,-3.8402483463287354,3.8402483463287354,-3.979224443435669,-3.7012720108032227,1.0,0.2779524326324463,-2.8754634857177734,2.8754634857177734,9.953441619873047,0.5777827600810199,28.652401476545233,1.014810724510725,0.5730480295309046,-0.8290511965751648,0.0,7.925755977630615,-0.768049669265747
0.25,80,flat_plate,main_wing,segment_0,main_wing:segment_0:mirror:9,mirror,9,-4.1041436195373535,4.1041436195373535,-4.229062557220459,-3.979224443435669,1.0,0.24983811378479004,-2.7094640731811523,2.7094640731811523,9.94994831085205,0.5446187233407107,26.983309268403378,1.038847900477192,0.5396661853680675,-0.6812118291854858,0.0,6.711973190307617,-0.8208287239074707
0.25,80,flat_plate,main_wing,segment_0,main_wing:segment_0:mirror:10,mirror,10,-4.34134578704834,4.34134578704834,-4.453629493713379,-4.229062557220459,1.0,0.22456693649291992,-2.496394634246826,2.496394634246826,9.945493698120117,0.5020152261960995,24.844324581290124,1.049415124609209,0.49688649162580245,-0.5431060194969177,0.0,5.55771541595459,-0.8682691574096679
0.25,80,flat_plate,main_wing,segment_0,main_wing:segment_0:mirror:11,mirror,11,-4.554555416107178,4.554555416107178,-4.655481815338135,-4.453629493713379,1.0,0.20185232162475586,-2.21993088722229,2.21993088722229,9.940006256103516,0.4466658933658465,22.074024425497097,1.0364605665611726,0.4414804885099419,-0.4129366874694824,0.0,4.4414472579956055,-0.9109110832214355
0.25,80,flat_plate,main_wing,segment_0,main_wing:segment_0:mirror:12,mirror,12,-4.746199131011963,4.746199131011963,-4.836916923522949,-4.655481815338135,1.0,0.18143510818481445,-1.8546347618103027,1.8546347618103027,9.933380126953125,0.37341463592598395,18.42038437233441,0.9889472601038357,0.3684076874466882,-0.2874474823474884,0.0,3.3345510959625244,-0.9492398262023926
0.25,80,flat_plate,main_wing,segment_0,main_wing:segment_0:mirror:13,mirror,13,-4.918458461761475,4.918458461761475,-5.0,-4.836916923522949,1.0,0.16308307647705078,-1.3325716257095337,1.3325716257095337,9.922374725341797,0.2685993348560277,13.208427131747792,0.8773263828219213,0.2641685426349558,-0.1581040620803833,0.0,2.153020143508911,-0.9836916923522949
0.25,80,flat_plate,main_wing,segment_0,main_wing:segment_0:orig:0,orig,0,0.3261663019657135,0.3261663019657135,0.0,0.652332603931427,1.0,0.652332603931427,3.3583662509918213,3.3583662509918213,9.96353816986084,0.6741312561336286,33.521774415553885,0.8402601030746166,0.6704354883110777,-2.500551700592041,0.0,21.730819702148438,0.0652332603931427
0.25,80,flat_plate,main_wing,segment_0,main_wing:segment_0:orig:1,orig,1,0.9455074667930603,0.9455074667930603,0.652332603931427,1.2386823892593384,1.0,0.5863497853279114,3.345224618911743,3.345224618911743,9.963312149047852,0.6715085443210632,33.38946008120671,0.8444158133316799,0.6677892016241341,-2.234412908554077,0.0,19.456279754638672,0.18910149335861207
0.25,80,flat_plate,main_wing,segment_0,main_wing:segment_0:orig:2,orig,2,1.5022028684616089,1.5022028684616089,1.2386823892593384,1.765723466873169,1.0,0.5270410776138306,3.3220713138580322,3.3220713138580322,9.962874412536621,0.6668901315623849,33.15589228780972,0.8547103329371502,0.6631178457561944,-1.9858992099761963,0.0,17.367149353027344,0.3004405736923218
0.25,80,flat_plate,main_wing,segment_0,main_wing:segment_0:orig:3,orig,3,2.002588987350464,2.002588987350464,1.765723466873169,2.239454746246338,1.0,0.47373127937316895,3.2887372970581055,3.2887372970581055,9.9622163772583,0.6602420932284946,32.81937579204285,0.8710472284630061,0.656387515840857,-1.755176305770874,0.0,15.453685760498047,0.40051779747009275
0.25,80,flat_plate,main_wing,segment_0,main_wing:segment_0:orig:4,orig,4,2.452361822128296,2.452361822128296,2.239454746246338,2.665268659591675,1.0,0.4258139133453369,3.2435312271118164,3.2435312271118164,9.961278915405273,0.6512278703682606,32.36285388735563,0.8931104108363536,0.6472570777471125,-1.5412845611572266,0.0,13.699369430541992,0.49047236442565917
0.25,80,flat_plate,main_wing,segment_0,main_wing:segment_0:orig:5,orig,5,2.856640338897705,2.856640338897705,2.665268659591675,3.0480120182037354,1.0,0.38274335861206055,3.1837363243103027,3.1837363243103027,9.960012435913086,0.6393036845678262,31.75915142574782,0.9203099144337589,0.6351830285149564,-1.3429186344146729,0.0,12.086329460144043,0.571328067779541
0.25,80,flat_plate,main_wing,segment_0,main_wing:segment_0:orig:6,orig,6,3.2200264930725098,3.2200264930725098,3.0480120182037354,3.392040967941284,1.0,0.34402894973754883,3.1057090759277344,3.1057090759277344,9.95834732055664,0.6237398588251157,30.971875167531085,0.9512782913486872,0.6194375033506216,-1.158837914466858,0.0,10.59707260131836,0.644005298614502
0.25,80,flat_plate,main_wing,segment_0,main_wing:segment_0:orig:7,orig,7,3.546656608581543,3.546656608581543,3.392040967941284,3.7012720108032227,1.0,0.3092310428619385,3.004909038543701,3.004909038543701,9.956199645996094,0.6036257096857497,29.955771854778135,0.9839306713676904,0.5991154370955627,-0.9878950119018555,0.0,9.215450286865234,0.7093313217163086
0.25,80,flat_plate,main_wing,segment_0,main_wing:segment_0:orig:8,orig,8,3.8402483463287354,3.8402483463287354,3.7012720108032227,3.979224443435669,1.0,0.2779524326324463,2.875467300415039,2.875467300415039,9.953441619873047,0.5777835265892111,28.652442696364837,1.014813269338591,0.5730488539272968,-0.8290520906448364,0.0,7.925767421722412,0.768049669265747
0.25,80,flat_plate,main_wing,segment_0,main_wing:segment_0:orig:9,orig,9,4.1041436195373535,4.1041436195373535,3.979224443435669,4.229062557220459,1.0,0.24983811378479004,2.709468126296997,2.709468126296997,9.949949264526367,0.5446194858413627,26.983350616209602,1.0388553979560116,0.539667012324192,-0.6812114119529724,0.0,6.711983680725098,0.8208287239074707
0.25,80,flat_plate,main_wing,segment_0,main_wing:segment_0:orig:10,orig,10,4.34134578704834,4.34134578704834,4.229062557220459,4.453629493713379,1.0,0.22456693649291992,2.496396541595459,2.496396541595459,9.945493698120117,0.5020156097564717,24.844345682156163,1.0494175540848705,0.49688691364312326,-0.5431061387062073,0.0,5.557720184326172,0.8682691574096679
0.25,80,flat_plate,main_wing,segment_0,main_wing:segment_0:orig:11,orig,11,4.554555416107178,4.554555416107178,4.453629493713379,4.655481815338135,1.0,0.20185232162475586,2.2199325561523438,2.2199325561523438,9.940008163452148,0.4466661434574446,22.074040574688535,1.0364644762289235,0.4414808114937707,-0.41293635964393616,0.0,4.441450595855713,0.9109110832214355
0.25,80,flat_plate,main_wing,segment_0,main_wing:segment_0:orig:12,orig,12,4.746199131011963,4.746199131011963,4.655481815338135,4.836916923522949,1.0,0.18143510818481445,1.8546357154846191,1.8546357154846191,9.933381080627441,0.3734147920895976,18.420393412729695,0.9889490282678852,0.3684078682545939,-0.28744739294052124,0.0,3.334552764892578,0.9492398262023926
0.25,80,flat_plate,main_wing,segment_0,main_wing:segment_0:orig:13,orig,13,4.918458461761475,4.918458461761475,4.836916923522949,5.0,1.0,0.16308307647705078,1.332571268081665,1.332571268081665,9.922374725341797,0.26859926277089113,13.2084241091471,0.8773268807186804,0.264168482182942,-0.15810391306877136,0.0,2.153019666671753,0.9836916923522949
0.28125,90,flat_plate,main_wing,segment_0,main_wing:segment_0:mirror:0,mirror,0,-0.3261663019657135,0.3261663019657135,-0.652332603931427,0.0,1.0,0.652332603931427,-3.4216833114624023,3.4216833114624023,9.964151382446289,0.6867987408321266,34.1581850703772,0.8214220341833669,0.683163701407544,-2.5704987049102783,0.0,22.140220642089844,-0.0652332603931427
0.28125,90,flat_plate,main_wing,segment_0,main_wing:segment_0:mirror:1,mirror,1,-0.9455074667930603,0.9455074667930603,-1.2386823892593384,-0.652332603931427,1.0,0.5863497853279114,-3.4081978797912598,3.4081978797912598,9.963920593261719,0.6841077963018122,34.02230415004767,0.8267415188706143,0.6804460830009533,-2.2963180541992188,0.0,19.822294235229492,-0.18910149335861207
0.28125,90,flat_plate,main_wing,segment_0,main_wing:segment_0:mirror:2,mirror,2,-1.5022028684616089,1.5022028684616089,-1.765723466873169,-1.2386823892593384,1.0,0.5270410776138306,-3.3841166496276855,3.3841166496276855,9.963471412658691,0.6793047341568383,33.77924531989174,0.8388106933917171,0.6755849063978349,-2.0399203300476074,0.0,17.69131851196289,-0.3004405736923218
0.28125,90,flat_plate,main_wing,segment_0,main_wing:segment_0:mirror:3,mirror,3,-2.002588987350464,2.002588987350464,-2.239454746246338,-1.765723466873169,1.0,0.47373127937316895,-3.3491628170013428,3.3491628170013428,9.96280288696289,0.6723334497331037,33.42626614970713,0.8573083193403984,0.6685253229941427,-1.8016341924667358,0.0,15.7374849319458,-0.40051779747009275
0.28125,90,flat_plate,main_wing,segment_0,main_wing:segment_0:mirror:4,mirror,4,-2.452361822128296,2.452361822128296,-2.665268659591675,-2.239454746246338,1.0,0.4258139133453369,-3.3016669750213623,3.3016669750213623,9.9618558883667,0.662861822539914,32.94657965211348,0.8817156838807811,0.6589315930422696,-1.5806820392608643,0.0,13.944833755493164,-0.49047236442565917
0.28125,90,flat_plate,main_wing,segment_0,main_wing:segment_0:mirror:5,mirror,5,-2.856640338897705,2.856640338897705,-3.0480120182037354,-2.665268659591675,1.0,0.38274335861206055,-3.2389590740203857,3.2389590740203857,9.960582733154297,0.6503553377935106,32.31344541581512,0.9114492904645349,0.6462689083163023,-1.3758028745651245,0.0,12.295945167541504,-0.571328067779541
0.28125,90,flat_plate,main_wing,segment_0,main_wing:segment_0:mirror:6,mirror,6,-3.2200264930725098,3.2200264930725098,-3.392040967941284,-3.0480120182037354,1.0,0.34402894973754883,-3.157478094100952,3.157478094100952,9.958917617797852,0.6341006553680367,31.49130585083781,0.9449618718490048,0.6298261170167563,-1.1858599185943604,0.0,10.773730278015137,-0.644005298614502
0.28125,90,flat_plate,main_wing,segment_0,main_wing:segment_0:mirror:7,mirror,7,-3.546656608581543,3.546656608581543,-3.7012720108032227,-3.392040967941284,1.0,0.3092310428619385,-3.052780866622925,3.052780866622925,9.956769943237305,0.6132070709731304,30.435871910674752,0.9801520333147817,0.608717438213495,-1.0097140073776245,0.0,9.3623046875,-0.7093313217163086
0.28125,90,flat_plate,main_wing,segment_0,main_wing:segment_0:mirror:8,mirror,8,-3.8402483463287354,3.8402483463287354,-3.979224443435669,-3.7012720108032227,1.0,0.2779524326324463,-2.9190220832824707,2.9190220832824707,9.954007148742676,0.586501906149662,29.08898290630037,1.013462485960029,0.5817796581260074,-0.8463107943534851,0.0,8.04587173461914,-0.768049669265747
0.28125,90,flat_plate,main_wing,segment_0,main_wing:segment_0:mirror:9,mirror,9,-4.1041436195373535,4.1041436195373535,-4.229062557220459,-3.979224443435669,1.0,0.24983811378479004,-2.748384952545166,2.748384952545166,9.950458526611328,0.5524137295170739,27.37307334821415,1.0397682857868389,0.547461466964283,-0.6945365071296692,0.0,6.808435440063477,-0.8208287239074707
0.28125,90,flat_plate,main_wing,segment_0,main_wing:segment_0:mirror:10,mirror,10,-4.34134578704834,4.34134578704834,-4.453629493713379,-4.229062557220459,1.0,0.22456693649291992,-2.5302939414978027,2.5302939414978027,9.945931434631348,0.5088098501639409,25.183402540463717,1.0522678686567066,0.5036680508092743,-0.5530690550804138,0.0,5.633209228515625,-0.8682691574096679
0.28125,90,flat_plate,main_wing,segment_0,main_wing:segment_0:mirror:11,mirror,11,-4.554555416107178,4.554555416107178,-4.655481815338135,-4.453629493713379,1.0,0.20185232162475586,-2.2483866214752197,2.2483866214752197,9.940315246582031,0.45237732721773094,22.358178611305267,1.0409738017479437,0.4471635722261053,-0.4200171232223511,0.0,4.498373031616211,-0.9109110832214355
0.28125,90,flat_plate,main_wing,segment_0,main_wing:segment_0:mirror:12,mirror,12,-4.746199131011963,4.746199131011963,-4.836916923522949,-4.655481815338135,1.0,0.18143510818481445,-1.877156376838684,1.877156376838684,9.933526992797852,0.37794357999926653,18.64476649304269,0.9948986704872946,0.37289532986085383,-0.2920440435409546,0.0,3.3750159740448,-0.9492398262023926
0.28125,90,flat_plate,main_wing,segment_0,main_wing:segment_0:mirror:13,mirror,13,-4.918458461761475,4.918458461761475,-5.0,-4.836916923522949,1.0,0.16308307647705078,-1.3480052947998047,1.3480052947998047,9.922249794006348,0.27171363809326454,13.36156046243681,0.8844287205198467,0.26723120924873617,-0.16043269634246826,0.0,2.1779117584228516,-0.9836916923522949
0.28125,90,flat_plate,main_wing,segment_0,main_wing:segment_0:orig:0,orig,0,0.3261663019657135,0.3261663019657135,0.0,0.652332603931427,1.0,0.652332603931427,3.4216842651367188,3.4216842651367188,9.964151382446289,0.686798932253208,34.158202697314564,0.8214226660975333,0.6831640539462913,-2.570499897003174,0.0,22.14023208618164,0.0652332603931427
0.28125,90,flat_plate,main_wing,segment_0,main_wing:segment_0:orig:1,orig,1,0.9455074667930603,0.9455074667930603,0.652332603931427,1.2386823892593384,1.0,0.5863497853279114,3.408200740814209,3.408200740814209,9.963920593261719,0.6841083705783577,34.02233359412709,0.8267423720783417,0.6804466718825418,-2.2963199615478516,0.0,19.822311401367188,0.18910149335861207
0.28125,90,flat_plate,main_wing,segment_0,main_wing:segment_0:orig:2,orig,2,1.5022028684616089,1.5022028684616089,1.2386823892593384,1.765723466873169,1.0,0.5270410776138306,3.384121894836426,3.384121894836426,9.963471412658691,0.6793057870446368,33.779296436841065,0.8388110251460204,0.6755859287368213,-2.039923906326294,0.0,17.69134521484375,0.3004405736923218
0.28125,90,flat_plate,main_wing,segment_0,main_wing:segment_0:orig:3,orig,3,2.002588987350464,2.002588987350464,1.765723466873169,2.239454746246338,1.0,0.47373127937316895,3.349170684814453,3.349170684814453,9.962800979614258,0.6723351578873208,33.42634124079447,0.8573092164465173,0.6685268248158894,-1.8016387224197388,0.0,15.737520217895508,0.40051779747009275
0.28125,90,flat_plate,main_wing,segment_0,main_wing:segment_0:orig:4,orig,4,2.452361822128296,2.452361822128296,2.239454746246338,2.665268659591675,1.0,0.4258139133453369,3.3016772270202637,3.3016772270202637,9.961854934692383,0.6628639442483947,32.946684790402756,0.8817078434960915,0.6589336958080552,-1.5806915760040283,0.0,13.944877624511719,0.49047236442565917
0.28125,90,flat_plate,main_wing,segment_0,main_wing:segment_0:orig:5,orig,5,2.856640338897705,2.856640338897705,2.665268659591675,3.0480120182037354,1.0,0.38274335861206055,3.2389748096466064,3.2389748096466064,9.960583686828613,0.6503584351044944,32.31360290467562,0.9114387138954694,0.6462720580935124,-1.3758152723312378,0.0,12.296004295349121,0.571328067779541
0.28125,90,flat_plate,main_wing,segment_0,main_wing:segment_0:orig:6,orig,6,3.2200264930725098,3.2200264930725098,3.0480120182037354,3.392040967941284,1.0,0.34402894973754883,3.157496452331543,3.157496452331543,9.958921432495117,0.6341040992710113,31.49149873850894,0.9449438414317296,0.6298299747701788,-1.1858752965927124,0.0,10.773795127868652,0.644005298614502
0.28125,90,flat_plate,main_wing,segment_0,main_wing:segment_0:orig:7,orig,7,3.546656608581543,3.546656608581543,3.392040967941284,3.7012720108032227,1.0,0.3092310428619385,3.0528006553649902,3.0528006553649902,9.956775665283203,0.6132106934997734,30.436086611384468,0.9801312104253171,0.6087217322276893,-1.0097296237945557,0.0,9.362369537353516,0.7093313217163086
0.28125,90,flat_plate,main_wing,segment_0,main_wing:segment_0:orig:8,orig,8,3.8402483463287354,3.8402483463287354,3.7012720108032227,3.979224443435669,1.0,0.2779524326324463,2.9190425872802734,2.9190425872802734,9.954015731811523,0.5865055201694038,29.089213898000054,1.0134460095771742,0.5817842779600011,-0.8463242650032043,0.0,8.045934677124023,0.768049669265747
0.28125,90,flat_plate,main_wing,segment_0,main_wing:segment_0:orig:9,orig,9,4.1041436195373535,4.1041436195373535,3.979224443435669,4.229062557220459,1.0,0.24983811378479004,2.7484052181243896,2.7484052181243896,9.950471878051758,0.5524170615841207,27.373302478774566,1.0397561591376212,0.5474660495754913,-0.6945474743843079,0.0,6.8084917068481445,0.8208287239074707
0.28125,90,flat_plate,main_wing,segment_0,main_wing:segment_0:orig:10,orig,10,4.34134578704834,4.34134578704834,4.229062557220459,4.453629493713379,1.0,0.22456693649291992,2.5303120613098145,2.5303120613098145,9.945945739746094,0.5088127620077706,25.183613998088454,1.052258454878287,0.5036722799617691,-0.553077757358551,0.0,5.633255958557129,0.8682691574096679
0.28125,90,flat_plate,main_wing,segment_0,main_wing:segment_0:orig:11,orig,11,4.554555416107178,4.554555416107178,4.453629493713379,4.655481815338135,1.0,0.20185232162475586,2.2484028339385986,2.2484028339385986,9.940329551696777,0.4523799381590532,22.358365290408816,1.0409694732744526,0.4471673058081763,-0.42002323269844055,0.0,4.498410224914551,0.9109110832214355
0.28125,90,flat_plate,main_wing,segment_0,main_wing:segment_0:orig:12,orig,12,4.746199131011963,4.746199131011963,4.655481815338135,4.836916923522949,1.0,0.18143510818481445,1.8771679401397705,1.8771679401397705,9.933540344238281,0.3779454001470036,18.644900734391996,0.9948971344852234,0.3728980146878399,-0.2920477092266083,0.0,3.375040054321289,0.9492398262023926
0.28125,90,flat_plate,main_wing,segment_0,main_wing:segment_0:orig:13,orig,13,4.918458461761475,4.918458461761475,4.836916923522949,5.0,1.0,0.16308307647705078,1.3480126857757568,1.3480126857757568,9.922264099121094,0.27171473613470193,13.36165027377831,0.8844304548728651,0.26723300547556617,-0.16043445467948914,0.0,2.1779263019561768,0.9836916923522949
0.3125,100,flat_plate,main_wing,segment_0,main_wing:segment_0:mirror:0,mirror,0,-0.3261663019657135,0.3261663019657135,-0.652332603931427,0.0,1.0,0.652332603931427,-3.4748504161834717,3.4748504161834717,9.964642524719238,0.6974360409946323,34.692727544005095,0.8031699601723788,0.693854550880102,-2.6308188438415527,0.0,22.483869552612305,-0.0652332603931427
0.3125,100,flat_plate,main_wing,segment_0,main_wing:segment_0:mirror:1,mirror,1,-0.9455074667930603,0.9455074667930603,-1.2386823892593384,-0.652332603931427,1.0,0.5863497853279114,-3.460965156555176,3.460965156555176,9.964408874511719,0.6946654237378977,34.55274507893433,0.809558406916298,0.6910549015786865,-2.349581480026245,0.0,20.128889083862305,-0.18910149335861207
0.3125,100,flat_plate,main_wing,segment_0,main_wing:segment_0:mirror:2,mirror,2,-1.5022028684616089,1.5022028684616089,-1.765723466873169,-1.2386823892593384,1.0,0.5270410776138306,-3.4359290599823,3.4359290599823,9.963957786560059,0.689671540884461,34.29997018181363,0.8231806873376366,0.6859994036362725,-2.086272954940796,0.0,17.961944580078125,-0.3004405736923218
0.3125,100,flat_plate,main_wing,segment_0,main_wing:segment_0:mirror:3,mirror,3,-2.002588987350464,2.002588987350464,-2.239454746246338,-1.765723466873169,1.0,0.47373127937316895,-3.3994736671447754,3.3994736671447754,9.963289260864258,0.6823998738043044,33.931780656586106,0.8435649440432513,0.6786356131317222,-1.8414103984832764,0.0,15.973726272583008,-0.40051779747009275
0.3125,100,flat_plate,main_wing,segment_0,main_wing:segment_0:mirror:4,mirror,4,-2.452361822128296,2.452361822128296,-2.665268659591675,-2.239454746246338,1.0,0.4258139133453369,-3.349942684173584,3.349942684173584,9.962346076965332,0.672520841635733,33.43153875288543,0.870063038422762,0.6686307750577086,-1.6143351793289185,0.0,14.148635864257812,-0.49047236442565917
0.3125,100,flat_plate,main_wing,segment_0,main_wing:segment_0:mirror:5,mirror,5,-2.856640338897705,2.856640338897705,-3.0480120182037354,-2.665268659591675,1.0,0.38274335861206055,-3.2847366333007812,3.2847366333007812,9.961082458496094,0.6595139929795752,32.773188113587416,0.902024610909944,0.6554637622717483,-1.4038643836975098,0.0,12.469694137573242,-0.571328067779541
0.3125,100,flat_plate,main_wing,segment_0,main_wing:segment_0:mirror:6,mirror,6,-3.2200264930725098,3.2200264930725098,-3.392040967941284,-3.0480120182037354,1.0,0.34402894973754883,-3.200338363647461,3.200338363647461,9.959419250488281,0.6426756988848638,31.921623026255546,0.9378288155630247,0.6384324605251109,-1.2088934183120728,0.0,10.919989585876465,-0.644005298614502
0.3125,100,flat_plate,main_wing,segment_0,main_wing:segment_0:mirror:7,mirror,7,-3.546656608581543,3.546656608581543,-3.7012720108032227,-3.392040967941284,1.0,0.3092310428619385,-3.092390775680542,3.092390775680542,9.957268714904785,0.6211323334182234,30.833390188651045,0.9752816408745869,0.6166678037730209,-1.0283132791519165,0.0,9.483823776245117,-0.7093313217163086
0.3125,100,flat_plate,main_wing,segment_0,main_wing:segment_0:mirror:8,mirror,8,-3.8402483463287354,3.8402483463287354,-3.979224443435669,-3.7012720108032227,1.0,0.2779524326324463,-2.955073356628418,2.955073356628418,9.95448112487793,0.5937172052580804,29.45056337996643,1.0107857755896117,0.5890112675993285,-0.8610347509384155,0.0,8.145292282104492,-0.768049669265747
0.3125,100,flat_plate,main_wing,segment_0,main_wing:segment_0:mirror:9,mirror,9,-4.1041436195373535,4.1041436195373535,-4.229062557220459,-3.979224443435669,1.0,0.24983811378479004,-2.7806248664855957,2.7806248664855957,9.950895309448242,0.5588692836202245,27.69612106290033,1.0391218843191552,0.5539224212580066,-0.7059290409088135,0.0,6.888337135314941,-0.8208287239074707
0.3125,100,flat_plate,main_wing,segment_0,main_wing:segment_0:mirror:10,mirror,10,-4.34134578704834,4.34134578704834,-4.453629493713379,-4.229062557220459,1.0,0.22456693649291992,-2.5584216117858887,2.5584216117858887,9.946300506591797,0.5144468760199481,25.464896743395965,1.053491258825834,0.5092979348679193,-0.5615947246551514,0.0,5.6958465576171875,-0.8682691574096679
0.3125,100,flat_plate,main_wing,segment_0,main_wing:segment_0:mirror:11,mirror,11,-4.554555416107178,4.554555416107178,-4.655481815338135,-4.453629493713379,1.0,0.20185232162475586,-2.2720563411712646,2.2720563411712646,9.940580368041992,0.4571275030330637,22.594661817934917,1.0437633691385295,0.4518932363586983,-0.4261029064655304,0.0,4.545721530914307,-0.9109110832214355
0.3125,100,flat_plate,main_wing,segment_0,main_wing:segment_0:mirror:12,mirror,12,-4.746199131011963,4.746199131011963,-4.836916923522949,-4.655481815338135,1.0,0.18143510818481445,-1.8959453105926514,1.8959453105926514,9.933650970458984,0.3817217488778044,18.832042317606785,0.9991964268533373,0.3766408463521357,-0.29600074887275696,0.0,3.4087722301483154,-0.9492398262023926
0.3125,100,flat_plate,main_wing,segment_0,main_wing:segment_0:mirror:13,mirror,13,-4.918458461761475,4.918458461761475,-5.0,-4.836916923522949,1.0,0.16308307647705078,-1.3609089851379395,1.3609089851379395,9.922143936157227,0.2743175253039132,13.489643036807895,0.8900022269703884,0.2697928607361579,-0.16243965923786163,0.0,2.198723077774048,-0.9836916923522949
0.3125,100,flat_plate,main_wing,segment_0,main_wing:segment_0:orig:0,orig,0,0.3261663019657135,0.3261663019657135,0.0,0.652332603931427,1.0,0.652332603931427,3.4748520851135254,3.4748520851135254,9.964642524719238,0.6974363759650137,34.692747812047884,0.8031728086600303,0.6938549562409577,-2.6308188438415527,0.0,22.483882904052734,0.0652332603931427
0.3125,100,flat_plate,main_wing,segment_0,main_wing:segment_0:orig:1,orig,1,0.9455074667930603,0.9455074667930603,0.652332603931427,1.2386823892593384,1.0,0.5863497853279114,3.4609687328338623,3.4609687328338623,9.964408874511719,0.6946661415484034,34.552774636193476,0.8095584548084547,0.6910554927238696,-2.349583864212036,0.0,20.12890625,0.18910149335861207
0.3125,100,flat_plate,main_wing,segment_0,main_wing:segment_0:orig:2,orig,2,1.5022028684616089,1.5022028684616089,1.2386823892593384,1.765723466873169,1.0,0.5270410776138306,3.4359326362609863,3.4359326362609863,9.963958740234375,0.6896721927172824,34.300003946606644,0.8231744690467567,0.6860000789321329,-2.0862786769866943,0.0,17.96196174621582,0.3004405736923218
0.3125,100,flat_plate,main_wing,segment_0,main_wing:segment_0:orig:3,orig,3,2.002588987350464,2.002588987350464,1.765723466873169,2.239454746246338,1.0,0.47373127937316895,3.3994810581207275,3.3994810581207275,9.963289260864258,0.6824013574460533,33.931859839779484,0.8435656539212116,0.6786371967955896,-1.841415286064148,0.0,15.973763465881348,0.40051779747009275
0.3125,100,flat_plate,main_wing,segment_0,main_wing:segment_0:orig:4,orig,4,2.452361822128296,2.452361822128296,2.239454746246338,2.665268659591675,1.0,0.4258139133453369,3.3499557971954346,3.3499557971954346,9.962345123291016,0.6725235385318175,33.431666225567376,0.8700572061018783,0.6686333245113475,-1.6143451929092407,0.0,14.148689270019531,0.49047236442565917
0.3125,100,flat_plate,main_wing,segment_0,main_wing:segment_0:orig:5,orig,5,2.856640338897705,2.856640338897705,2.665268659591675,3.0480120182037354,1.0,0.38274335861206055,3.284755229949951,3.284755229949951,9.961080551147461,0.6595178531251945,32.7733745180824,0.9020231305044351,0.655467490361648,-1.4038748741149902,0.0,12.469764709472656,0.571328067779541
0.3125,100,flat_plate,main_wing,segment_0,main_wing:segment_0:orig:6,orig,6,3.2200264930725098,3.2200264930725098,3.0480120182037354,3.392040967941284,1.0,0.34402894973754883,3.20035982131958,3.20035982131958,9.959419250488281,0.6426800079056167,31.921839510639423,0.9378221494882788,0.6384367902127884,-1.2089060544967651,0.0,10.920063018798828,0.644005298614502
0.3125,100,flat_plate,main_wing,segment_0,main_wing:segment_0:orig:7,orig,7,3.546656608581543,3.546656608581543,3.392040967941284,3.7012720108032227,1.0,0.3092310428619385,3.092421531677246,3.092421531677246,9.957270622253418,0.6211383920340621,30.833708564584057,0.9752765564602093,0.6166741712916811,-1.028328537940979,0.0,9.48392105102539,0.7093313217163086
0.3125,100,flat_plate,main_wing,segment_0,main_wing:segment_0:orig:8,orig,8,3.8402483463287354,3.8402483463287354,3.7012720108032227,3.979224443435669,1.0,0.2779524326324463,2.9551076889038086,2.9551076889038086,9.954484939575195,0.5937238755880657,29.4509202350225,1.0107859054012593,0.58901840470045,-0.8610485196113586,0.0,8.145390510559082,0.768049669265747
0.3125,100,flat_plate,main_wing,segment_0,main_wing:segment_0:orig:9,orig,9,4.1041436195373535,4.1041436195373535,3.979224443435669,4.229062557220459,1.0,0.24983811378479004,2.7806615829467773,2.7806615829467773,9.950900077819824,0.5588763953413151,27.6964981787154,1.0391264600409316,0.553929963574308,-0.7059410214424133,0.0,6.888430595397949,0.8208287239074707
0.3125,100,flat_plate,main_wing,segment_0,main_wing:segment_0:orig:10,orig,10,4.34134578704834,4.34134578704834,4.229062557220459,4.453629493713379,1.0,0.22456693649291992,2.5584557056427,2.5584557056427,9.946307182312012,0.5144533863165865,25.465245282771207,1.0534981623138984,0.5093049056554242,-0.5616040825843811,0.0,5.695924282073975,0.8682691574096679
0.3125,100,flat_plate,main_wing,segment_0,main_wing:segment_0:orig:11,orig,11,4.554555416107178,4.554555416107178,4.453629493713379,4.655481815338135,1.0,0.20185232162475586,2.272085428237915,2.272085428237915,9.940587043762207,0.457133048226496,22.594966325919618,1.04376933843707,0.4518993265183924,-0.42611026763916016,0.0,4.545782566070557,0.9109110832214355
0.3125,100,flat_plate,main_wing,segment_0,main_wing:segment_0:orig:12,orig,12,4.746199131011963,4.746199131011963,4.655481815338135,4.836916923522949,1.0,0.18143510818481445,1.8959695100784302,1.8959695100784302,9.9336576461792,0.3817263645697877,18.832294268739297,0.9992071211814177,0.37664588537478594,-0.2960051894187927,0.0,3.408817768096924,0.9492398262023926
0.3125,100,flat_plate,main_wing,segment_0,main_wing:segment_0:orig:13,orig,13,4.918458461761475,4.918458461761475,4.836916923522949,5.0,1.0,0.16308307647705078,1.360925555229187,1.360925555229187,9.922149658203125,0.2743207071270173,13.489815635121431,0.8900136586128345,0.2697963127024286,-0.16244173049926758,0.0,2.198751211166382,0.9836916923522949
0.34375,110,flat_plate,main_wing,segment_0,main_wing:segment_0:mirror:0,mirror,0,-0.3261663019657135,0.3261663019657135,-0.652332603931427,0.0,1.0,0.652332603931427,-3.519871950149536,3.519871950149536,9.965045928955078,0.7064436983520507,35.14547074828219,0.7861767174055716,0.7029094149656439,-2.6828994750976562,0.0,22.774791717529297,-0.0652332603931427
0.34375,110,flat_plate,main_wing,segment_0,main_wing:segment_0:mirror:1,mirror,1,-0.9455074667930603,0.9455074667930603,-1.2386823892593384,-0.652332603931427,1.0,0.5863497853279114,-3.5055971145629883,3.5055971145629883,9.964813232421875,0.7035951468025615,35.00149342154149,0.7934321567112419,0.7000298684308298,-2.3955647945404053,0.0,20.38813591003418,-0.18910149335861207
0.34375,110,flat_plate,main_wing,segment_0,main_wing:segment_0:mirror:2,mirror,2,-1.5022028684616089,1.5022028684616089,-1.765723466873169,-1.2386823892593384,1.0,0.5270410776138306,-3.479668617248535,3.479668617248535,9.964367866516113,0.6984223512946531,34.73968273244941,0.8083457286694248,0.6947936546489882,-2.1262683868408203,0.0,18.19034767150879,-0.3004405736923218
0.34375,110,flat_plate,main_wing,segment_0,main_wing:segment_0:mirror:3,mirror,3,-2.002588987350464,2.002588987350464,-2.239454746246338,-1.765723466873169,1.0,0.47373127937316895,-3.441844940185547,3.441844940185547,9.963706970214844,0.6908763877690256,34.357678993128374,0.8303554511172302,0.6871535798625675,-1.8756870031356812,0.0,16.172653198242188,-0.40051779747009275
0.34375,110,flat_plate,main_wing,segment_0,main_wing:segment_0:mirror:4,mirror,4,-2.452361822128296,2.452361822128296,-2.665268659591675,-2.239454746246338,1.0,0.4258139133453369,-3.3905081748962402,3.3905081748962402,9.962766647338867,0.6806358705193344,33.839184012591296,0.8587409928116749,0.6767836802518259,-1.6432671546936035,0.0,14.319856643676758,-0.49047236442565917
0.34375,110,flat_plate,main_wing,segment_0,main_wing:segment_0:mirror:5,mirror,5,-2.856640338897705,2.856640338897705,-3.0480120182037354,-2.665268659591675,1.0,0.38274335861206055,-3.3231005668640137,3.3231005668640137,9.961514472961426,0.6671878208647726,33.1586427584632,0.8925870559382425,0.663172855169264,-1.4279736280441284,0.0,12.615285873413086,-0.571328067779541
0.34375,110,flat_plate,main_wing,segment_0,main_wing:segment_0:mirror:6,mirror,6,-3.2200264930725098,3.2200264930725098,-3.392040967941284,-3.0480120182037354,1.0,0.34402894973754883,-3.2362124919891357,3.2362124919891357,9.959868431091309,0.6498504502101223,32.28198243795519,0.9304168612286767,0.6456396487591038,-1.2286723852157593,0.0,11.042402267456055,-0.644005298614502
0.34375,110,flat_plate,main_wing,segment_0,main_wing:segment_0:mirror:7,mirror,7,-3.546656608581543,3.546656608581543,-3.7012720108032227,-3.392040967941284,1.0,0.3092310428619385,-3.125501871109009,3.125501871109009,9.957721710205078,0.627754412519054,31.16587707510862,0.9698652787565023,0.6233175415021724,-1.044281005859375,0.0,9.585405349731445,-0.7093313217163086
0.34375,110,flat_plate,main_wing,segment_0,main_wing:segment_0:mirror:8,mirror,8,-3.8402483463287354,3.8402483463287354,-3.979224443435669,-3.7012720108032227,1.0,0.2779524326324463,-2.9852418899536133,2.9852418899536133,9.954917907714844,0.5997521863319668,29.753322596331348,1.007242850056935,0.595066451926627,-0.873721718788147,0.0,8.22848892211914,-0.768049669265747
0.34375,110,flat_plate,main_wing,segment_0,main_wing:segment_0:mirror:9,mirror,9,-4.1041436195373535,4.1041436195373535,-4.229062557220459,-3.979224443435669,1.0,0.24983811378479004,-2.8076491355895996,2.8076491355895996,9.951276779174805,0.5642791770127853,27.967065257500487,1.0374590713150265,0.5593413051500097,-0.7157613635063171,0.0,6.955312728881836,-0.8208287239074707
0.34375,110,flat_plate,main_wing,segment_0,main_wing:segment_0:mirror:10,mirror,10,-4.34134578704834,4.34134578704834,-4.453629493713379,-4.229062557220459,1.0,0.22456693649291992,-2.5820674896240234,2.5820674896240234,9.946609497070312,0.519185455181396,25.701644012773695,1.0535326309432047,0.5140328802554739,-0.5689847469329834,0.0,5.748496055603027,-0.8682691574096679
0.34375,110,flat_plate,main_wing,segment_0,main_wing:segment_0:mirror:11,mirror,11,-4.554555416107178,4.554555416107178,-4.655481815338135,-4.453629493713379,1.0,0.20185232162475586,-2.29201078414917,2.29201078414917,9.9407958984375,0.4611322488794744,22.794097206020126,1.0453693893431089,0.4558819441204025,-0.43138450384140015,0.0,4.585631370544434,-0.9109110832214355
0.34375,110,flat_plate,main_wing,segment_0,main_wing:segment_0:mirror:12,mirror,12,-4.746199131011963,4.746199131011963,-4.836916923522949,-4.655481815338135,1.0,0.18143510818481445,-1.911839246749878,1.911839246749878,9.933740615844727,0.3849182942627705,18.990495804463222,1.0022966513001124,0.37980991608926445,-0.2994448244571686,0.0,3.437319755554199,-0.9492398262023926
0.34375,110,flat_plate,main_wing,segment_0,main_wing:segment_0:mirror:13,mirror,13,-4.918458461761475,4.918458461761475,-5.0,-4.836916923522949,1.0,0.16308307647705078,-1.3718700408935547,1.3718700408935547,9.922039031982422,0.2765298617494866,13.598452256373534,0.8944313781408241,0.27196904512747067,-0.1641939878463745,0.0,2.216395854949951,-0.9836916923522949
0.34375,110,flat_plate,main_wing,segment_0,main_wing:segment_0:orig:0,orig,0,0.3261663019657135,0.3261663019657135,0.0,0.652332603931427,1.0,0.652332603931427,3.51987361907959,3.51987361907959,9.965045928955078,0.706444033308872,35.14548781569519,0.7861813305424287,0.7029097563139038,-2.6828980445861816,0.0,22.774803161621094,0.0652332603931427
0.34375,110,flat_plate,main_wing,segment_0,main_wing:segment_0:orig:1,orig,1,0.9455074667930603,0.9455074667930603,0.652332603931427,1.2386823892593384,1.0,0.5863497853279114,3.505596160888672,3.505596160888672,9.964813232421875,0.703594955394194,35.00149020027921,0.7934317039923521,0.7000298040055841,-2.3955647945404053,0.0,20.388134002685547,0.18910149335861207
0.34375,110,flat_plate,main_wing,segment_0,main_wing:segment_0:orig:2,orig,2,1.5022028684616089,1.5022028684616089,1.2386823892593384,1.765723466873169,1.0,0.5270410776138306,3.4796690940856934,3.4796690940856934,9.964366912841797,0.6984225138480586,34.73969386146441,0.8083445518447133,0.6947938772292882,-2.126269817352295,0.0,18.190353393554688,0.3004405736923218
0.34375,110,flat_plate,main_wing,segment_0,main_wing:segment_0:orig:3,orig,3,2.002588987350464,2.002588987350464,1.765723466873169,2.239454746246338,1.0,0.47373127937316895,3.441847801208496,3.441847801208496,9.963706016540527,0.690877028185047,34.357704316235086,0.8303488455657059,0.6871540863247018,-1.8756917715072632,0.0,16.172664642333984,0.40051779747009275
0.34375,110,flat_plate,main_wing,segment_0,main_wing:segment_0:orig:4,orig,4,2.452361822128296,2.452361822128296,2.239454746246338,2.665268659591675,1.0,0.4258139133453369,3.3905162811279297,3.3905162811279297,9.96276569366455,0.6806375629779193,33.839264014197795,0.8587349911409166,0.6767852802839559,-1.6432744264602661,0.0,14.319890022277832,0.49047236442565917
0.34375,110,flat_plate,main_wing,segment_0,main_wing:segment_0:orig:5,orig,5,2.856640338897705,2.856640338897705,2.665268659591675,3.0480120182037354,1.0,0.38274335861206055,3.323115110397339,3.323115110397339,9.96151351928711,0.6671908046830931,33.15878132811843,0.8925857722466325,0.6631756265623686,-1.4279814958572388,0.0,12.615338325500488,0.571328067779541
0.34375,110,flat_plate,main_wing,segment_0,main_wing:segment_0:orig:6,orig,6,3.2200264930725098,3.2200264930725098,3.0480120182037354,3.392040967941284,1.0,0.34402894973754883,3.236231803894043,3.236231803894043,9.959868431091309,0.6498543281539005,32.282181728378376,0.9304130274226197,0.6456436345675676,-1.2286832332611084,0.0,11.04246997833252,0.644005298614502
0.34375,110,flat_plate,main_wing,segment_0,main_wing:segment_0:orig:7,orig,7,3.546656608581543,3.546656608581543,3.392040967941284,3.7012720108032227,1.0,0.3092310428619385,3.1255319118499756,3.1255319118499756,9.957723617553711,0.6277603259323675,31.16617867877191,0.9698687372982207,0.6233235735754382,-1.04429292678833,0.0,9.585497856140137,0.7093313217163086
0.34375,110,flat_plate,main_wing,segment_0,main_wing:segment_0:orig:8,orig,8,3.8402483463287354,3.8402483463287354,3.7012720108032227,3.979224443435669,1.0,0.2779524326324463,2.9852781295776367,2.9852781295776367,9.954919815063477,0.5997593521668364,29.753688570021747,1.0072520571850316,0.5950737714004349,-0.8737333416938782,0.0,8.22859001159668,0.768049669265747
0.34375,110,flat_plate,main_wing,segment_0,main_wing:segment_0:orig:9,orig,9,4.1041436195373535,4.1041436195373535,3.979224443435669,4.229062557220459,1.0,0.24983811378479004,2.807684898376465,2.807684898376465,9.951278686523438,0.5642862564343182,27.96742463275777,1.0374664539525211,0.5593484926551554,-0.7157720327377319,0.0,6.95540189743042,0.8208287239074707
0.34375,110,flat_plate,main_wing,segment_0,main_wing:segment_0:orig:10,orig,10,4.34134578704834,4.34134578704834,4.229062557220459,4.453629493713379,1.0,0.22456693649291992,2.5821003913879395,2.5821003913879395,9.946613311767578,0.5191918717365084,25.701977500803427,1.0535398313620976,0.5140395500160685,-0.5689935684204102,0.0,5.748570442199707,0.8682691574096679
0.34375,110,flat_plate,main_wing,segment_0,main_wing:segment_0:orig:11,orig,11,4.554555416107178,4.554555416107178,4.453629493713379,4.655481815338135,1.0,0.20185232162475586,2.2920377254486084,2.2920377254486084,9.940797805786133,0.4611375807512163,22.794370727534186,1.0453751784420529,0.4558874145506837,-0.43139103055000305,0.0,4.585686206817627,0.9109110832214355
0.34375,110,flat_plate,main_wing,segment_0,main_wing:segment_0:orig:12,orig,12,4.746199131011963,4.746199131011963,4.655481815338135,4.836916923522949,1.0,0.18143510818481445,1.9118608236312866,1.9118608236312866,9.933744430541992,0.3849224906074968,18.990712415228273,1.0023038717215014,0.37981424830456545,-0.29944899678230286,0.0,3.437358856201172,0.9492398262023926
0.34375,110,flat_plate,main_wing,segment_0,main_wing:segment_0:orig:13,orig,13,4.918458461761475,4.918458461761475,4.836916923522949,5.0,1.0,0.16308307647705078,1.3718832731246948,1.3718832731246948,9.922039985656738,0.276532502410368,13.598585550121012,0.8944388544692402,0.27197171100242024,-0.16419580578804016,0.0,2.2164175510406494,0.9836916923522949
0.375,120,flat_plate,main_wing,segment_0,main_wing:segment_0:mirror:0,mirror,0,-0.3261663019657135,0.3261663019657135,-0.652332603931427,0.0,1.0,0.652332603931427,-3.55831241607666,3.55831241607666,9.965378761291504,0.7141349067229044,35.532109653669366,0.770261631366017,0.7106421930733873,-2.7282822132110596,0.0,23.023109436035156,-0.0652332603931427
0.375,120,flat_plate,main_wing,segment_0,main_wing:segment_0:mirror:1,mirror,1,-0.9455074667930603,0.9455074667930603,-1.2386823892593384,-0.652332603931427,1.0,0.5863497853279114,-3.543652057647705,3.543652057647705,9.9651460647583,0.7112092556635605,35.38420816107901,0.778269821939695,0.7076841632215802,-2.4355998039245605,0.0,20.609119415283203,-0.18910149335861207
0.375,120,flat_plate,main_wing,segment_0,main_wing:segment_0:mirror:2,mirror,2,-1.5022028684616089,1.5022028684616089,-1.765723466873169,-1.2386823892593384,1.0,0.5270410776138306,-3.5168864727020264,3.5168864727020264,9.964706420898438,0.7058685573167015,35.11392592412401,0.7943824803445899,0.7022785184824802,-2.1610066890716553,0.0,18.384645462036133,-0.3004405736923218
0.375,120,flat_plate,main_wing,segment_0,main_wing:segment_0:mirror:3,mirror,3,-2.002588987350464,2.002588987350464,-2.239454746246338,-1.765723466873169,1.0,0.47373127937316895,-3.4778170585632324,3.4778170585632324,9.96405029296875,0.6980729635653075,34.7193345117947,0.8178636866969937,0.6943866902358939,-1.9053913354873657,0.0,16.341489791870117,-0.40051779747009275
0.375,120,flat_plate,main_wing,segment_0,main_wing:segment_0:mirror:4,mirror,4,-2.452361822128296,2.452361822128296,-2.665268659591675,-2.239454746246338,1.0,0.4258139133453369,-3.4248902797698975,3.4248902797698975,9.96312141418457,0.687513508546399,34.18479674472961,0.8478834694006067,0.6836959348945922,-1.6683270931243896,0.0,14.464947700500488,-0.49047236442565917
0.375,120,flat_plate,main_wing,segment_0,main_wing:segment_0:mirror:5,mirror,5,-2.856640338897705,2.856640338897705,-3.0480120182037354,-2.665268659591675,1.0,0.38274335861206055,-3.3555963039398193,3.3555963039398193,9.961877822875977,0.6736875042241914,33.48522416911573,0.8834891943713925,0.6697044833823146,-1.4488180875778198,0.0,12.738581657409668,-0.571328067779541
0.375,120,flat_plate,main_wing,segment_0,main_wing:segment_0:mirror:6,mirror,6,-3.2200264930725098,3.2200264930725098,-3.392040967941284,-3.0480120182037354,1.0,0.34402894973754883,-3.2665908336639404,3.2665908336639404,9.96023941040039,0.655926167849539,32.58719464012743,0.9231090099655715,0.6517438928025485,-1.2457754611968994,0.0,11.146032333374023,-0.644005298614502
0.375,120,flat_plate,main_wing,segment_0,main_wing:segment_0:mirror:7,mirror,7,-3.546656608581543,3.546656608581543,-3.7012720108032227,-3.392040967941284,1.0,0.3092310428619385,-3.1535556316375732,3.1535556316375732,9.958097457885742,0.6333650870508998,31.447620779378006,0.9643705997796651,0.6289524155875601,-1.0580888986587524,0.0,9.6714448928833,-0.7093313217163086
0.375,120,flat_plate,main_wing,segment_0,main_wing:segment_0:mirror:8,mirror,8,-3.8402483463287354,3.8402483463287354,-3.979224443435669,-3.7012720108032227,1.0,0.2779524326324463,-3.0108041763305664,3.0108041763305664,9.955286026000977,0.6048654289725118,30.00987553052922,1.003550950501316,0.6001975106105845,-0.8846622705459595,0.0,8.298961639404297,-0.768049669265747
0.375,120,flat_plate,main_wing,segment_0,main_wing:segment_0:mirror:9,mirror,9,-4.1041436195373535,4.1041436195373535,-4.229062557220459,-3.979224443435669,1.0,0.24983811378479004,-2.8305745124816895,2.8305745124816895,9.951604843139648,0.5688679478532563,28.196931184830145,1.0354731236444166,0.5639386236966029,-0.7242453098297119,0.0,7.01211404800415,-0.8208287239074707
0.375,120,flat_plate,main_wing,segment_0,main_wing:segment_0:mirror:10,mirror,10,-4.34134578704834,4.34134578704834,-4.453629493713379,-4.229062557220459,1.0,0.22456693649291992,-2.60212779045105,2.60212779045105,9.94686222076416,0.5232057572928045,25.90248643557501,1.053144702587927,0.5180497287115002,-0.5753480792045593,0.0,5.793147563934326,-0.8682691574096679
0.375,120,flat_plate,main_wing,segment_0,main_wing:segment_0:mirror:11,mirror,11,-4.554555416107178,4.554555416107178,-4.655481815338135,-4.453629493713379,1.0,0.20185232162475586,-2.3089540004730225,2.3089540004730225,9.940960884094238,0.46453336400657225,22.9634112584474,1.0463766249313284,0.459268225168948,-0.43593961000442505,0.0,4.619503498077393,-0.9109110832214355
0.375,120,flat_plate,main_wing,segment_0,main_wing:segment_0:mirror:12,mirror,12,-4.746199131011963,4.746199131011963,-4.836916923522949,-4.655481815338135,1.0,0.18143510818481445,-1.925343632698059,1.925343632698059,9.933795928955078,0.3876350282344854,19.125094934973546,1.0046260137829295,0.38250189869947093,-0.3024250566959381,0.0,3.461561918258667,-0.9492398262023926
0.375,120,flat_plate,main_wing,segment_0,main_wing:segment_0:mirror:13,mirror,13,-4.918458461761475,4.918458461761475,-5.0,-4.836916923522949,1.0,0.16308307647705078,-1.3811891078948975,1.3811891078948975,9.921924591064453,0.27841153099244015,13.69093299185335,0.8980129585506713,0.273818659837067,-0.1657145917415619,0.0,2.231412410736084,-0.9836916923522949
0.375,120,flat_plate,main_wing,segment_0,main_wing:segment_0:orig:0,orig,0,0.3261663019657135,0.3261663019657135,0.0,0.652332603931427,1.0,0.652332603931427,3.55831241607666,3.55831241607666,9.965378761291504,0.7141349067229044,35.53210995886447,0.770259459790004,0.7106421991772893,-2.728283643722534,0.0,23.023109436035156,0.0652332603931427
0.375,120,flat_plate,main_wing,segment_0,main_wing:segment_0:orig:1,orig,1,0.9455074667930603,0.9455074667930603,0.652332603931427,1.2386823892593384,1.0,0.5863497853279114,3.5436530113220215,3.5436530113220215,9.9651460647583,0.711209447065535,35.38421545245149,0.7782646875106972,0.7076843090490299,-2.435603380203247,0.0,20.60912322998047,0.18910149335861207
0.375,120,flat_plate,main_wing,segment_0,main_wing:segment_0:orig:2,orig,2,1.5022028684616089,1.5022028684616089,1.2386823892593384,1.765723466873169,1.0,0.5270410776138306,3.5168914794921875,3.5168914794921875,9.964705467224121,0.705869629776803,35.11397748177934,0.7943796763126875,0.7022795496355867,-2.1610119342803955,0.0,18.384672164916992,0.3004405736923218
0.375,120,flat_plate,main_wing,segment_0,main_wing:segment_0:orig:3,orig,3,2.002588987350464,2.002588987350464,1.765723466873169,2.239454746246338,1.0,0.47373127937316895,3.4778261184692383,3.4778261184692383,9.964049339294434,0.6980748488978292,34.719420200871696,0.8178614992364878,0.694388404017434,-1.9053980112075806,0.0,16.341529846191406,0.40051779747009275
0.375,120,flat_plate,main_wing,segment_0,main_wing:segment_0:orig:4,orig,4,2.452361822128296,2.452361822128296,2.239454746246338,2.665268659591675,1.0,0.4258139133453369,3.4249038696289062,3.4249038696289062,9.96312141418457,0.6875162365787985,34.1849308320121,0.8478788494088001,0.683698616640242,-1.6683369874954224,0.0,14.465003967285156,0.49047236442565917
0.375,120,flat_plate,main_wing,segment_0,main_wing:segment_0:orig:5,orig,5,2.856640338897705,2.856640338897705,2.665268659591675,3.0480120182037354,1.0,0.38274335861206055,3.3556134700775146,3.3556134700775146,9.961877822875977,0.6736909505900274,33.48540087727007,0.8834850931500373,0.6697080175454013,-1.4488290548324585,0.0,12.738648414611816,0.571328067779541
0.375,120,flat_plate,main_wing,segment_0,main_wing:segment_0:orig:6,orig,6,3.2200264930725098,3.2200264930725098,3.0480120182037354,3.392040967941284,1.0,0.34402894973754883,3.2666120529174805,3.2666120529174805,9.960241317749023,0.6559303030332045,32.58741353203584,0.9231051316500626,0.6517482706407168,-1.245787262916565,0.0,11.146106719970703,0.644005298614502
0.375,120,flat_plate,main_wing,segment_0,main_wing:segment_0:orig:7,orig,7,3.546656608581543,3.546656608581543,3.392040967941284,3.7012720108032227,1.0,0.3092310428619385,3.153580665588379,3.153580665588379,9.958100318908691,0.6333699329379682,31.44788568132693,0.9643692895226996,0.6289577136265386,-1.058100700378418,0.0,9.671525955200195,0.7093313217163086
0.375,120,flat_plate,main_wing,segment_0,main_wing:segment_0:orig:8,orig,8,3.8402483463287354,3.8402483463287354,3.7012720108032227,3.979224443435669,1.0,0.2779524326324463,3.010833740234375,3.010833740234375,9.955289840698242,0.6048711365340221,30.010176291733202,1.0035557566974522,0.6002035258346641,-0.8846725821495056,0.0,8.299044609069824,0.768049669265747
0.375,120,flat_plate,main_wing,segment_0,main_wing:segment_0:orig:9,orig,9,4.1041436195373535,4.1041436195373535,3.979224443435669,4.229062557220459,1.0,0.24983811378479004,2.830603837966919,2.830603837966919,9.951608657836914,0.5688736234091786,28.19723050883776,1.0354826670061967,0.5639446101767551,-0.7242533564567566,0.0,7.01218843460083,0.8208287239074707
0.375,120,flat_plate,main_wing,segment_0,main_wing:segment_0:orig:10,orig,10,4.34134578704834,4.34134578704834,4.229062557220459,4.453629493713379,1.0,0.22456693649291992,2.6021535396575928,2.6021535396575928,9.946866989135742,0.5232106838263225,25.90275108579151,1.0531534856940425,0.5180550217158302,-0.5753543972969055,0.0,5.793206691741943,0.8682691574096679
0.375,120,flat_plate,main_wing,segment_0,main_wing:segment_0:orig:11,orig,11,4.554555416107178,4.554555416107178,4.453629493713379,4.655481815338135,1.0,0.20185232162475586,2.3089759349823,2.3089759349823,9.94096565246582,0.464537554137825,22.963636390865304,1.0463872428098242,0.4592727278173061,-0.4359438121318817,0.0,4.619548797607422,0.9109110832214355
0.375,120,flat_plate,main_wing,segment_0,main_wing:segment_0:orig:12,orig,12,4.746199131011963,4.746199131011963,4.655481815338135,4.836916923522949,1.0,0.18143510818481445,1.925358533859253,1.925358533859253,9.93380069732666,0.3876378422565689,19.125250658031398,1.0046321412853763,0.38250501316062796,-0.30242788791656494,0.0,3.461590051651001,0.9492398262023926
0.375,120,flat_plate,main_wing,segment_0,main_wing:segment_0:orig:13,orig,13,4.918458461761475,4.918458461761475,4.836916923522949,5.0,1.0,0.16308307647705078,1.381197214126587,1.381197214126587,9.921928405761719,0.2784130579544432,13.691018231144408,0.8980157111959536,0.27382036462288817,-0.16571608185768127,0.0,2.231426239013672,0.9836916923522949
