/*--------------------------------*- C++ -*----------------------------------*\
| =========                 |                                                 |
| \\      /  F ield         | OpenFOAM: The Open Source CFD Toolbox           |
|  \\    /   O peration     | Version:  2412                                  |
|   \\  /    A nd           | Website:  www.openfoam.com                      |
|    \\/     M anipulation  |                                                 |
\*---------------------------------------------------------------------------*/
FoamFile
{
    version     2.0;
    format      ascii;
    arch        "LSB;label=32;scalar=64";
    class       faceList;
    location    "constant/polyMesh";
    object      faces;
}
// * * * * * * * * * * * * * * * * * * * * * * * * * * * * * * * * * * * * * //


5724
(
4(0 2 3 1)
4(2 6 7 3)
4(0 1 5 4)
4(0 4 6 2)
4(4 5 7 6)
4(1 3 7 5)
4(1 0 2152 1909)
4(0 2 1667 2152)
4(3 1 1909 1427)
4(2 3 1427 1667)
4(0 2152 1666 2150)
4(1 1425 2154 1909)
4(0 2150 1425 1)
4(0 2152 1908 2151)
4(0 2151 1424 2150)
4(2 1667 2155 1426)
4(2 1426 2151 0)
4(24 1670 2161 1436)
4(2 1667 1670 24)
4(24 1436 1426 2)
4(26 1671 2162 1438)
4(24 1670 1671 26)
4(26 1438 1436 24)
4(32 1674 2163 1440)
4(26 1671 1674 32)
4(32 1440 1438 26)
4(34 1675 2164 1442)
4(32 1674 1675 34)
4(34 1442 1440 32)
4(351 1702 2187 1490)
4(34 1675 1702 351)
4(351 1490 1442 34)
4(353 1703 2188 1492)
4(351 1702 1703 353)
4(353 1492 1490 351)
4(359 1706 2189 1494)
4(353 1703 1706 359)
4(359 1494 1492 353)
4(361 1707 2190 1496)
4(359 1706 1707 361)
4(361 1496 1494 359)
4(399 2193 1974 2192)
4(361 1707 2193 399)
4(399 2192 1496 361)
4(399 2193 1710 2191)
4(399 2191 1514 2192)
4(400 1975 2195 1515)
4(399 2193 1975 400)
4(400 1515 2191 399)
4(403 1978 2197 1516)
4(400 1975 1978 403)
4(403 1516 1515 400)
4(404 1979 2198 1517)
4(403 1978 1979 404)
4(404 1517 1516 403)
4(407 1982 2199 1518)
4(404 1979 1982 407)
4(407 1518 1517 404)
4(408 1983 2200 1519)
4(407 1982 1983 408)
4(408 1519 1518 407)
4(553 2010 2209 1540)
4(408 1983 2010 553)
4(553 1540 1519 408)
4(554 2011 2210 1541)
4(553 2010 2011 554)
4(554 1541 1540 553)
4(557 2014 2211 1542)
4(554 2011 2014 557)
4(557 1542 1541 554)
4(558 2015 2212 1543)
4(557 2014 2015 558)
4(558 1543 1542 557)
4(561 2215 1831 2213)
4(558 2015 2215 561)
4(561 2213 1543 558)
4(561 2215 2018 2214)
4(561 2214 1544 2213)
4(550 1828 2208 1539)
4(561 2215 1828 550)
4(550 1539 2214 561)
4(549 1827 2207 1538)
4(550 1828 1827 549)
4(549 1538 1539 550)
4(546 1824 2206 1537)
4(549 1827 1824 546)
4(546 1537 1538 549)
4(545 1823 2205 1536)
4(546 1824 1823 545)
4(545 1536 1537 546)
4(246 1796 2182 1489)
4(545 1823 1796 246)
4(246 1489 1536 545)
4(245 1795 2181 1488)
4(246 1796 1795 245)
4(245 1488 1489 246)
4(242 1792 2180 1487)
4(245 1795 1792 242)
4(242 1487 1488 245)
4(241 1791 2179 1486)
4(242 1792 1791 241)
4(241 1486 1487 242)
4(206 1788 2177 1469)
4(241 1791 1788 206)
4(206 1469 1486 241)
4(205 2175 1952 2174)
4(206 1788 2175 205)
4(205 2174 1469 206)
4(205 2175 1787 2173)
4(205 2173 1468 2174)
4(199 1949 2172 1466)
4(205 2175 1949 199)
4(199 1466 2173 205)
4(197 1948 2171 1464)
4(199 1949 1948 197)
4(197 1464 1466 199)
4(191 1945 2170 1462)
4(197 1948 1945 191)
4(191 1462 1464 197)
4(189 1944 2169 1460)
4(191 1945 1944 189)
4(189 1460 1462 191)
4(18 1917 2160 1434)
4(189 1944 1917 18)
4(18 1434 1460 189)
4(16 1916 2159 1432)
4(18 1917 1916 16)
4(16 1432 1434 18)
4(10 1913 2158 1430)
4(16 1916 1913 10)
4(10 1430 1432 16)
4(8 1912 2157 1428)
4(10 1913 1912 8)
4(8 1428 1430 10)
4(8 1912 1909 1)
4(1 1425 1428 8)
4(9 8 1912 1429)
4(3 9 1429 1427)
4(1 8 9 3)
4(11 10 1913 1431)
4(9 11 1431 1429)
4(8 10 11 9)
4(17 16 1916 1433)
4(11 17 1433 1431)
4(10 16 17 11)
4(19 18 1917 1435)
4(17 19 1435 1433)
4(16 18 19 17)
4(190 189 1944 1461)
4(19 190 1461 1435)
4(18 189 190 19)
4(192 191 1945 1463)
4(190 192 1463 1461)
4(189 191 192 190)
4(198 197 1948 1465)
4(192 198 1465 1463)
4(191 197 198 192)
4(200 199 1949 1467)
4(198 200 1467 1465)
4(197 199 200 198)
4(200 206 1788 1467)
4(199 205 206 200)
4(218 241 1791 1475)
4(218 1475 1467 200)
4(200 206 241 218)
4(220 242 1792 1477)
4(220 1477 1475 218)
4(218 241 242 220)
4(234 245 1795 1483)
4(234 1483 1477 220)
4(220 242 245 234)
4(236 246 1796 1485)
4(236 1485 1483 234)
4(234 245 246 236)
4(522 545 1823 1525)
4(522 1525 1485 236)
4(236 246 545 522)
4(524 546 1824 1527)
4(524 1527 1525 522)
4(522 545 546 524)
4(538 549 1827 1533)
4(538 1533 1527 524)
4(524 546 549 538)
4(540 550 1828 1535)
4(540 1535 1533 538)
4(538 549 550 540)
4(558 2015 1535 540)
4(540 550 561 558)
4(539 1534 1535 540)
4(557 2014 1534 539)
4(539 540 558 557)
4(537 1532 1533 538)
4(539 1534 1532 537)
4(537 538 540 539)
4(523 1526 1527 524)
4(537 1532 1526 523)
4(523 524 538 537)
4(521 1524 1525 522)
4(523 1526 1524 521)
4(521 522 524 523)
4(235 1484 1485 236)
4(521 1524 1484 235)
4(235 236 522 521)
4(233 1482 1483 234)
4(235 1484 1482 233)
4(233 234 236 235)
4(219 1476 1477 220)
4(233 1482 1476 219)
4(219 220 234 233)
4(217 1474 1475 218)
4(219 1476 1474 217)
4(217 218 220 219)
4(217 1474 1465 198)
4(198 200 218 217)
4(210 217 1474 1471)
4(210 1471 1463 192)
4(192 198 217 210)
4(212 219 1476 1473)
4(212 1473 1471 210)
4(210 217 219 212)
4(226 233 1482 1479)
4(226 1479 1473 212)
4(212 219 233 226)
4(228 235 1484 1481)
4(228 1481 1479 226)
4(226 233 235 228)
4(514 521 1524 1521)
4(514 1521 1481 228)
4(228 235 521 514)
4(516 523 1526 1523)
4(516 1523 1521 514)
4(514 521 523 516)
4(530 537 1532 1529)
4(530 1529 1523 516)
4(516 523 537 530)
4(532 539 1534 1531)
4(532 1531 1529 530)
4(530 537 539 532)
4(554 2011 1531 532)
4(532 539 557 554)
4(531 1530 1531 532)
4(553 2010 1530 531)
4(531 532 554 553)
4(529 1528 1529 530)
4(531 1530 1528 529)
4(529 530 532 531)
4(515 1522 1523 516)
4(529 1528 1522 515)
4(515 516 530 529)
4(513 1520 1521 514)
4(515 1522 1520 513)
4(513 514 516 515)
4(227 1480 1481 228)
4(513 1520 1480 227)
4(227 228 514 513)
4(225 1478 1479 226)
4(227 1480 1478 225)
4(225 226 228 227)
4(211 1472 1473 212)
4(225 1478 1472 211)
4(211 212 226 225)
4(209 1470 1471 210)
4(211 1472 1470 209)
4(209 210 212 211)
4(209 1470 1461 190)
4(190 192 210 209)
4(49 209 1470 1449)
4(49 1449 1435 19)
4(19 190 209 49)
4(51 211 1472 1451)
4(51 1451 1449 49)
4(49 209 211 51)
4(65 225 1478 1457)
4(65 1457 1451 51)
4(51 211 225 65)
4(67 227 1480 1459)
4(67 1459 1457 65)
4(65 225 227 67)
4(376 513 1520 1503)
4(376 1503 1459 67)
4(67 227 513 376)
4(378 515 1522 1505)
4(378 1505 1503 376)
4(376 513 515 378)
4(392 529 1528 1511)
4(392 1511 1505 378)
4(378 515 529 392)
4(394 531 1530 1513)
4(394 1513 1511 392)
4(392 529 531 394)
4(408 1983 1513 394)
4(394 531 553 408)
4(393 1512 1513 394)
4(407 1982 1512 393)
4(393 394 408 407)
4(391 1510 1511 392)
4(393 1512 1510 391)
4(391 392 394 393)
4(377 1504 1505 378)
4(391 1510 1504 377)
4(377 378 392 391)
4(375 1502 1503 376)
4(377 1504 1502 375)
4(375 376 378 377)
4(66 1458 1459 67)
4(375 1502 1458 66)
4(66 67 376 375)
4(64 1456 1457 65)
4(66 1458 1456 64)
4(64 65 67 66)
4(50 1450 1451 51)
4(64 1456 1450 50)
4(50 51 65 64)
4(48 1448 1449 49)
4(50 1450 1448 48)
4(48 49 51 50)
4(48 1448 1433 17)
4(17 19 49 48)
4(41 48 1448 1445)
4(41 1445 1431 11)
4(11 17 48 41)
4(43 50 1450 1447)
4(43 1447 1445 41)
4(41 48 50 43)
4(57 64 1456 1453)
4(57 1453 1447 43)
4(43 50 64 57)
4(59 66 1458 1455)
4(59 1455 1453 57)
4(57 64 66 59)
4(368 375 1502 1499)
4(368 1499 1455 59)
4(59 66 375 368)
4(370 377 1504 1501)
4(370 1501 1499 368)
4(368 375 377 370)
4(384 391 1510 1507)
4(384 1507 1501 370)
4(370 377 391 384)
4(386 393 1512 1509)
4(386 1509 1507 384)
4(384 391 393 386)
4(404 1979 1509 386)
4(386 393 407 404)
4(385 1508 1509 386)
4(403 1978 1508 385)
4(385 386 404 403)
4(383 1506 1507 384)
4(385 1508 1506 383)
4(383 384 386 385)
4(369 1500 1501 370)
4(383 1506 1500 369)
4(369 370 384 383)
4(367 1498 1499 368)
4(369 1500 1498 367)
4(367 368 370 369)
4(58 1454 1455 59)
4(367 1498 1454 58)
4(58 59 368 367)
4(56 1452 1453 57)
4(58 1454 1452 56)
4(56 57 59 58)
4(42 1446 1447 43)
4(56 1452 1446 42)
4(42 43 57 56)
4(40 1444 1445 41)
4(42 1446 1444 40)
4(40 41 43 42)
4(40 1444 1429 9)
4(9 11 41 40)
4(25 40 1444 1437)
4(25 1437 1427 3)
4(3 9 40 25)
4(27 42 1446 1439)
4(27 1439 1437 25)
4(25 40 42 27)
4(33 56 1452 1441)
4(33 1441 1439 27)
4(27 42 56 33)
4(35 58 1454 1443)
4(35 1443 1441 33)
4(33 56 58 35)
4(352 367 1498 1491)
4(352 1491 1443 35)
4(35 58 367 352)
4(354 369 1500 1493)
4(354 1493 1491 352)
4(352 367 369 354)
4(360 383 1506 1495)
4(360 1495 1493 354)
4(354 369 383 360)
4(362 385 1508 1497)
4(362 1497 1495 360)
4(360 383 385 362)
4(400 1975 1497 362)
4(362 385 403 400)
4(361 1707 1497 362)
4(361 362 400 399)
4(359 1706 1495 360)
4(359 360 362 361)
4(353 1703 1493 354)
4(353 354 360 359)
4(351 1702 1491 352)
4(351 352 354 353)
4(34 1675 1443 35)
4(34 35 352 351)
4(32 1674 1441 33)
4(32 33 35 34)
4(26 1671 1439 27)
4(26 27 33 32)
4(24 1670 1437 25)
4(24 25 27 26)
4(2 3 25 24)
4(2 6 28 24)
4(6 7 29 28)
4(24 28 29 25)
4(3 25 29 7)
4(28 24 1436 1672)
4(6 28 1672 1669)
4(6 1669 1426 2)
4(30 26 1438 1673)
4(28 30 1673 1672)
4(24 26 30 28)
4(36 32 1440 1676)
4(30 36 1676 1673)
4(26 32 36 30)
4(38 34 1442 1677)
4(36 38 1677 1676)
4(32 34 38 36)
4(355 351 1490 1704)
4(38 355 1704 1677)
4(34 351 355 38)
4(357 353 1492 1705)
4(355 357 1705 1704)
4(351 353 357 355)
4(363 359 1494 1708)
4(357 363 1708 1705)
4(353 359 363 357)
4(365 361 1496 1709)
4(363 365 1709 1708)
4(359 361 365 363)
4(401 399 2192 1976)
4(361 399 401 365)
4(365 401 1976 1709)
4(401 1711 2196 1976)
4(399 2191 1711 401)
4(489 1728 2201 1986)
4(401 1711 1728 489)
4(489 1986 1976 401)
4(491 1729 2202 1988)
4(489 1728 1729 491)
4(491 1988 1986 489)
4(493 1730 2203 1990)
4(491 1729 1730 493)
4(493 1990 1988 491)
4(495 1731 2204 1992)
4(493 1730 1731 495)
4(495 1992 1990 493)
4(1035 1778 2257 2095)
4(495 1731 1778 1035)
4(1035 2095 1992 495)
4(1037 1779 2258 2097)
4(1035 1778 1779 1037)
4(1037 2097 2095 1035)
4(1039 1780 2259 2099)
4(1037 1779 1780 1039)
4(1039 2099 2097 1037)
4(1041 1781 2260 2101)
4(1039 1780 1781 1041)
4(1041 2101 2099 1039)
4(1083 2265 1635 2266)
4(1041 1781 2265 1083)
4(1083 2266 2101 1041)
4(1083 2267 2119 2266)
4(1083 2265 1786 2267)
4(1065 1785 2264 1617)
4(1083 2267 1785 1065)
4(1065 1617 2266 1083)
4(1063 1784 2263 1615)
4(1065 1785 1784 1063)
4(1063 1615 1617 1065)
4(1061 1783 2262 1613)
4(1063 1784 1783 1061)
4(1061 1613 1615 1063)
4(1059 1782 2261 1611)
4(1061 1783 1782 1059)
4(1059 1611 1613 1061)
4(795 1761 2239 1563)
4(1059 1782 1761 795)
4(795 1563 1611 1059)
4(793 1760 2238 1561)
4(795 1761 1760 793)
4(793 1561 1563 795)
4(791 1759 2237 1559)
4(793 1760 1759 791)
4(791 1559 1561 793)
4(789 1758 2236 1557)
4(791 1759 1758 789)
4(789 1557 1559 791)
4(779 1757 2231 1547)
4(789 1758 1757 779)
4(779 1547 1557 789)
4(777 2228 2064 2227)
4(779 1757 2228 777)
4(777 2227 1547 779)
4(777 2228 1756 2226)
4(777 2226 1545 2227)
4(778 2065 2230 1546)
4(777 2228 2065 778)
4(778 1546 2226 777)
4(781 2066 2232 1549)
4(778 2065 2066 781)
4(781 1549 1546 778)
4(782 2067 2233 1550)
4(781 2066 2067 782)
4(782 1550 1549 781)
4(785 2068 2234 1553)
4(782 2067 2068 785)
4(785 1553 1550 782)
4(786 2069 2235 1554)
4(785 2068 2069 786)
4(786 1554 1553 785)
4(921 2090 2244 1581)
4(786 2069 2090 921)
4(921 1581 1554 786)
4(922 2091 2245 1582)
4(921 2090 2091 922)
4(922 1582 1581 921)
4(925 2092 2246 1585)
4(922 2091 2092 925)
4(925 1585 1582 922)
4(926 2093 2247 1586)
4(925 2092 2093 926)
4(926 1586 1585 925)
4(929 2250 1877 2248)
4(926 2093 2250 929)
4(929 2248 1586 926)
4(929 2250 2094 2249)
4(929 2249 1589 2248)
4(930 1878 2252 1590)
4(929 2250 1878 930)
4(930 1590 2249 929)
4(947 1879 2253 1607)
4(930 1878 1879 947)
4(947 1607 1590 930)
4(948 1880 2254 1608)
4(947 1879 1880 948)
4(948 1608 1607 947)
4(949 1881 2255 1609)
4(948 1880 1881 949)
4(949 1609 1608 948)
4(950 1882 2256 1610)
4(949 1881 1882 950)
4(950 1610 1609 949)
4(1197 1903 2278 1657)
4(950 1882 1903 1197)
4(1197 1657 1610 950)
4(1198 1904 2279 1658)
4(1197 1903 1904 1198)
4(1198 1658 1657 1197)
4(1199 1905 2280 1659)
4(1198 1904 1905 1199)
4(1199 1659 1658 1198)
4(1200 1906 2281 1660)
4(1199 1905 1906 1200)
4(1200 1660 1659 1199)
4(1205 2288 2149 2287)
4(1200 1906 2288 1205)
4(1205 2287 1660 1200)
4(1205 2288 1907 2286)
4(1205 2286 1665 2287)
4(1204 2148 2285 1664)
4(1205 2288 2148 1204)
4(1204 1664 2286 1205)
4(1203 2147 2284 1663)
4(1204 2148 2147 1203)
4(1203 1663 1664 1204)
4(1202 2146 2283 1662)
4(1203 2147 2146 1202)
4(1202 1662 1663 1203)
4(1201 2145 2282 1661)
4(1202 2146 2145 1201)
4(1201 1661 1662 1202)
4(1088 2124 2273 1640)
4(1201 2145 2124 1088)
4(1088 1640 1661 1201)
4(1087 2123 2272 1639)
4(1088 2124 2123 1087)
4(1087 1639 1640 1088)
4(1086 2122 2271 1638)
4(1087 2123 2122 1086)
4(1086 1638 1639 1087)
4(1085 2121 2270 1637)
4(1086 2122 2121 1085)
4(1085 1637 1638 1086)
4(1084 2120 2269 1636)
4(1085 2121 2120 1084)
4(1084 1636 1637 1085)
4(1084 2120 2267 1083)
4(1083 2265 1636 1084)
4(1066 1084 2120 1618)
4(1066 1618 1785 1065)
4(1065 1083 1084 1066)
4(1077 1085 2121 1629)
4(1077 1629 1618 1066)
4(1066 1084 1085 1077)
4(1078 1086 2122 1630)
4(1078 1630 1629 1077)
4(1077 1085 1086 1078)
4(1081 1087 2123 1633)
4(1081 1633 1630 1078)
4(1078 1086 1087 1081)
4(1082 1088 2124 1634)
4(1082 1634 1633 1081)
4(1081 1087 1088 1082)
4(1191 1201 2145 1651)
4(1191 1651 1634 1082)
4(1082 1088 1201 1191)
4(1192 1202 2146 1652)
4(1192 1652 1651 1191)
4(1191 1201 1202 1192)
4(1195 1203 2147 1655)
4(1195 1655 1652 1192)
4(1192 1202 1203 1195)
4(1196 1204 2148 1656)
4(1196 1656 1655 1195)
4(1195 1203 1204 1196)
4(1200 1906 1656 1196)
4(1196 1204 1205 1200)
4(1194 1654 1656 1196)
4(1199 1905 1654 1194)
4(1194 1196 1200 1199)
4(1193 1653 1655 1195)
4(1194 1654 1653 1193)
4(1193 1195 1196 1194)
4(1190 1650 1652 1192)
4(1193 1653 1650 1190)
4(1190 1192 1195 1193)
4(1189 1649 1651 1191)
4(1190 1650 1649 1189)
4(1189 1191 1192 1190)
4(1080 1632 1634 1082)
4(1189 1649 1632 1080)
4(1080 1082 1191 1189)
4(1079 1631 1633 1081)
4(1080 1632 1631 1079)
4(1079 1081 1082 1080)
4(1076 1628 1630 1078)
4(1079 1631 1628 1076)
4(1076 1078 1081 1079)
4(1075 1627 1629 1077)
4(1076 1628 1627 1075)
4(1075 1077 1078 1076)
4(1064 1616 1618 1066)
4(1075 1627 1616 1064)
4(1064 1066 1077 1075)
4(1064 1616 1784 1063)
4(1063 1065 1066 1064)
4(1062 1064 1616 1614)
4(1062 1614 1783 1061)
4(1061 1063 1064 1062)
4(1069 1075 1627 1621)
4(1069 1621 1614 1062)
4(1062 1064 1075 1069)
4(1070 1076 1628 1622)
4(1070 1622 1621 1069)
4(1069 1075 1076 1070)
4(1073 1079 1631 1625)
4(1073 1625 1622 1070)
4(1070 1076 1079 1073)
4(1074 1080 1632 1626)
4(1074 1626 1625 1073)
4(1073 1079 1080 1074)
4(1183 1189 1649 1643)
4(1183 1643 1626 1074)
4(1074 1080 1189 1183)
4(1184 1190 1650 1644)
4(1184 1644 1643 1183)
4(1183 1189 1190 1184)
4(1187 1193 1653 1647)
4(1187 1647 1644 1184)
4(1184 1190 1193 1187)
4(1188 1194 1654 1648)
4(1188 1648 1647 1187)
4(1187 1193 1194 1188)
4(1198 1904 1648 1188)
4(1188 1194 1199 1198)
4(1186 1646 1648 1188)
4(1197 1903 1646 1186)
4(1186 1188 1198 1197)
4(1185 1645 1647 1187)
4(1186 1646 1645 1185)
4(1185 1187 1188 1186)
4(1182 1642 1644 1184)
4(1185 1645 1642 1182)
4(1182 1184 1187 1185)
4(1181 1641 1643 1183)
4(1182 1642 1641 1181)
4(1181 1183 1184 1182)
4(1072 1624 1626 1074)
4(1181 1641 1624 1072)
4(1072 1074 1183 1181)
4(1071 1623 1625 1073)
4(1072 1624 1623 1071)
4(1071 1073 1074 1072)
4(1068 1620 1622 1070)
4(1071 1623 1620 1068)
4(1068 1070 1073 1071)
4(1067 1619 1621 1069)
4(1068 1620 1619 1067)
4(1067 1069 1070 1068)
4(1060 1612 1614 1062)
4(1067 1619 1612 1060)
4(1060 1062 1069 1067)
4(1060 1612 1782 1059)
4(1059 1061 1062 1060)
4(796 1060 1612 1564)
4(795 796 1564 1761)
4(795 1059 1060 796)
4(807 1067 1619 1575)
4(796 807 1575 1564)
4(796 1060 1067 807)
4(808 1068 1620 1576)
4(807 808 1576 1575)
4(807 1067 1068 808)
4(811 1071 1623 1579)
4(808 811 1579 1576)
4(808 1068 1071 811)
4(812 1072 1624 1580)
4(811 812 1580 1579)
4(811 1071 1072 812)
4(941 1181 1641 1601)
4(941 1601 1580 812)
4(812 1072 1181 941)
4(942 1182 1642 1602)
4(942 1602 1601 941)
4(941 1181 1182 942)
4(945 1185 1645 1605)
4(945 1605 1602 942)
4(942 1182 1185 945)
4(946 1186 1646 1606)
4(946 1606 1605 945)
4(945 1185 1186 946)
4(950 1882 1606 946)
4(946 1186 1197 950)
4(944 1604 1606 946)
4(949 1881 1604 944)
4(944 946 950 949)
4(943 1603 1605 945)
4(944 1604 1603 943)
4(943 945 946 944)
4(940 1600 1602 942)
4(943 1603 1600 940)
4(940 942 945 943)
4(939 1599 1601 941)
4(940 1600 1599 939)
4(939 941 942 940)
4(812 810 1578 1580)
4(939 1599 1578 810)
4(810 812 941 939)
4(809 1577 1579 811)
4(810 1578 1577 809)
4(809 811 812 810)
4(806 1574 1576 808)
4(809 1577 1574 806)
4(806 808 811 809)
4(805 1573 1575 807)
4(806 1574 1573 805)
4(805 807 808 806)
4(794 1562 1564 796)
4(805 1573 1562 794)
4(794 796 807 805)
4(794 1562 1760 793)
4(793 795 796 794)
4(792 794 1562 1560)
4(792 1560 1759 791)
4(791 793 794 792)
4(799 805 1573 1567)
4(799 1567 1560 792)
4(792 794 805 799)
4(800 806 1574 1568)
4(800 1568 1567 799)
4(799 805 806 800)
4(803 809 1577 1571)
4(803 1571 1568 800)
4(800 806 809 803)
4(810 1578 1572 804)
4(804 1572 1571 803)
4(803 809 810 804)
4(933 939 1599 1593)
4(933 1593 1572 804)
4(804 810 939 933)
4(934 940 1600 1594)
4(934 1594 1593 933)
4(933 939 940 934)
4(937 943 1603 1597)
4(937 1597 1594 934)
4(934 940 943 937)
4(938 944 1604 1598)
4(938 1598 1597 937)
4(937 943 944 938)
4(948 1880 1598 938)
4(938 944 949 948)
4(936 1596 1598 938)
4(947 1879 1596 936)
4(936 938 948 947)
4(935 1595 1597 937)
4(936 1596 1595 935)
4(935 937 938 936)
4(932 1592 1594 934)
4(935 1595 1592 932)
4(932 934 937 935)
4(931 1591 1593 933)
4(932 1592 1591 931)
4(931 933 934 932)
4(804 802 1570 1572)
4(931 1591 1570 802)
4(802 804 933 931)
4(801 1569 1571 803)
4(802 1570 1569 801)
4(801 803 804 802)
4(798 1566 1568 800)
4(801 1569 1566 798)
4(798 800 803 801)
4(797 1565 1567 799)
4(798 1566 1565 797)
4(797 799 800 798)
4(790 1558 1560 792)
4(797 1565 1558 790)
4(790 792 799 797)
4(790 1558 1758 789)
4(789 791 792 790)
4(780 790 1558 1548)
4(780 1548 1757 779)
4(779 789 790 780)
4(783 797 1565 1551)
4(783 1551 1548 780)
4(780 790 797 783)
4(784 798 1566 1552)
4(784 1552 1551 783)
4(783 797 798 784)
4(787 801 1569 1555)
4(787 1555 1552 784)
4(784 798 801 787)
4(802 1570 1556 788)
4(788 1556 1555 787)
4(787 801 802 788)
4(923 931 1591 1583)
4(923 1583 1556 788)
4(788 802 931 923)
4(924 932 1592 1584)
4(924 1584 1583 923)
4(923 931 932 924)
4(927 935 1595 1587)
4(927 1587 1584 924)
4(924 932 935 927)
4(928 936 1596 1588)
4(928 1588 1587 927)
4(927 935 936 928)
4(930 1878 1588 928)
4(928 936 947 930)
4(926 2093 1588 928)
4(926 928 930 929)
4(925 2092 1587 927)
4(925 927 928 926)
4(922 2091 1584 924)
4(922 924 927 925)
4(921 2090 1583 923)
4(921 923 924 922)
4(788 786 2069 1556)
4(786 788 923 921)
4(785 2068 1555 787)
4(785 787 788 786)
4(782 2067 1552 784)
4(782 784 787 785)
4(781 2066 1551 783)
4(781 783 784 782)
4(778 2065 1548 780)
4(778 780 783 781)
4(777 779 780 778)
4(663 664 778 777)
4(663 777 779 665)
4(663 665 666 664)
4(665 779 780 666)
4(664 666 780 778)
4(777 663 1738 2226)
4(664 2047 1738 663)
4(664 778 1546 2047)
4(663 1738 2225 2046)
4(663 2046 2227 777)
4(659 1736 2224 2044)
4(663 1738 1736 659)
4(659 2044 2046 663)
4(655 1734 2223 2042)
4(659 1736 1734 655)
4(655 2042 2044 659)
4(651 1732 2222 2040)
4(655 1734 1732 651)
4(651 2040 2042 655)
4(84 1684 2168 1926)
4(651 1732 1684 84)
4(84 1926 2040 651)
4(80 1682 2167 1924)
4(84 1684 1682 80)
4(80 1924 1926 84)
4(76 1680 2166 1922)
4(80 1682 1680 76)
4(76 1922 1924 80)
4(72 1678 2165 1920)
4(76 1680 1678 72)
4(72 1920 1922 76)
4(4 1668 2156 1910)
4(72 1678 1668 4)
4(4 1910 1920 72)
4(4 1668 2150 0)
4(0 2151 1910 4)
4(5 4 1668 1911)
4(1 5 1911 1425)
4(73 72 1678 1921)
4(4 72 73 5)
4(5 73 1921 1911)
4(77 76 1680 1923)
4(72 76 77 73)
4(73 77 1923 1921)
4(81 80 1682 1925)
4(76 80 81 77)
4(77 81 1925 1923)
4(85 84 1684 1927)
4(80 84 85 81)
4(81 85 1927 1925)
4(652 651 1732 2041)
4(84 651 652 85)
4(85 652 2041 1927)
4(656 655 1734 2043)
4(651 655 656 652)
4(652 656 2043 2041)
4(660 659 1736 2045)
4(655 659 660 656)
4(656 660 2045 2043)
4(660 664 2047 2045)
4(659 663 664 660)
4(687 664 2047 2058)
4(683 687 2058 2056)
4(683 2056 2045 660)
4(660 664 687 683)
4(687 781 1549 2058)
4(664 778 781 687)
4(688 782 1550 2059)
4(688 2059 2058 687)
4(687 781 782 688)
4(695 785 1553 2062)
4(695 2062 2059 688)
4(688 782 785 695)
4(786 1554 2063 696)
4(696 2063 2062 695)
4(695 785 786 696)
4(833 921 1581 2080)
4(696 833 2080 2063)
4(696 786 921 833)
4(834 922 1582 2081)
4(833 834 2081 2080)
4(833 921 922 834)
4(841 925 1585 2084)
4(834 841 2084 2081)
4(834 922 925 841)
4(842 926 1586 2085)
4(841 925 926 842)
4(841 842 2085 2084)
4(851 929 2248 1859)
4(842 926 929 851)
4(842 851 1859 2085)
4(851 2089 2243 1859)
4(929 2249 2089 851)
4(849 2088 2242 1857)
4(851 2089 2088 849)
4(849 1857 1859 851)
4(847 2087 2241 1855)
4(849 2088 2087 847)
4(847 1855 1857 849)
4(845 2086 2240 1853)
4(847 2087 2086 845)
4(845 1853 1855 847)
4(287 1973 2186 1805)
4(845 2086 1973 287)
4(287 1805 1853 845)
4(285 1972 2185 1803)
4(287 1973 1972 285)
4(285 1803 1805 287)
4(283 1971 2184 1801)
4(285 1972 1971 283)
4(283 1801 1803 285)
4(281 1970 2183 1799)
4(283 1971 1970 281)
4(281 1799 1801 283)
4(207 1953 2178 1789)
4(281 1970 1953 207)
4(207 1789 1799 281)
4(207 1953 2174 205)
4(205 2173 1789 207)
4(208 207 1953 1790)
4(206 208 1790 1469)
4(205 207 208 206)
4(282 281 1970 1800)
4(208 282 1800 1790)
4(207 281 282 208)
4(284 283 1971 1802)
4(282 284 1802 1800)
4(281 283 284 282)
4(286 285 1972 1804)
4(284 286 1804 1802)
4(283 285 286 284)
4(288 287 1973 1806)
4(286 288 1806 1804)
4(285 287 288 286)
4(846 845 2086 1854)
4(846 1854 1806 288)
4(287 845 846 288)
4(848 847 2087 1856)
4(848 1856 1854 846)
4(845 847 848 846)
4(850 849 2088 1858)
4(850 1858 1856 848)
4(847 849 850 848)
4(851 2089 1860 852)
4(852 1860 1858 850)
4(849 851 852 850)
4(852 930 1590 1860)
4(851 929 930 852)
4(915 947 1607 1871)
4(915 1871 1860 852)
4(852 930 947 915)
4(916 948 1608 1872)
4(916 1872 1871 915)
4(915 947 948 916)
4(919 949 1609 1875)
4(919 1875 1872 916)
4(916 948 949 919)
4(920 950 1610 1876)
4(920 1876 1875 919)
4(919 949 950 920)
4(1155 1197 1657 1893)
4(920 950 1197 1155)
4(1155 1893 1876 920)
4(1156 1198 1658 1894)
4(1155 1197 1198 1156)
4(1156 1894 1893 1155)
4(1159 1199 1659 1897)
4(1156 1198 1199 1159)
4(1159 1897 1894 1156)
4(1160 1200 1660 1898)
4(1159 1199 1200 1160)
4(1160 1898 1897 1159)
4(1180 1205 2287 2144)
4(1160 1200 1205 1180)
4(1180 2144 1898 1160)
4(1180 1902 2277 2144)
4(1205 2286 1902 1180)
4(1179 1901 2276 2143)
4(1180 1902 1901 1179)
4(1179 2143 2144 1180)
4(1178 1900 2275 2142)
4(1179 1901 1900 1178)
4(1178 2142 2143 1179)
4(1177 1899 2274 2141)
4(1178 1900 1899 1177)
4(1177 2141 2142 1178)
4(650 1852 2221 2039)
4(1177 1899 1852 650)
4(650 2039 2141 1177)
4(649 1851 2220 2038)
4(650 1852 1851 649)
4(649 2038 2039 650)
4(648 1850 2219 2037)
4(649 1851 1850 648)
4(648 2037 2038 649)
4(647 1849 2218 2036)
4(648 1850 1849 647)
4(647 2036 2037 648)
4(562 1832 2217 2019)
4(647 1849 1832 562)
4(562 2019 2036 647)
4(562 1832 2213 561)
4(561 2214 2019 562)
4(560 562 1832 2017)
4(560 2017 1543 558)
4(558 561 562 560)
4(636 647 1849 2025)
4(636 2025 2017 560)
4(560 562 647 636)
4(638 648 1850 2027)
4(638 2027 2025 636)
4(636 647 648 638)
4(644 649 1851 2033)
4(644 2033 2027 638)
4(638 648 649 644)
4(646 650 1852 2035)
4(646 2035 2033 644)
4(644 649 650 646)
4(1166 1177 1899 2130)
4(1166 2130 2035 646)
4(646 650 1177 1166)
4(1168 1178 1900 2132)
4(1168 2132 2130 1166)
4(1166 1177 1178 1168)
4(1174 1179 1901 2138)
4(1174 2138 2132 1168)
4(1168 1178 1179 1174)
4(1176 1180 1902 2140)
4(1176 2140 2138 1174)
4(1174 1179 1180 1176)
4(1204 1664 2140 1176)
4(1176 1180 1205 1204)
4(1175 2139 2140 1176)
4(1203 1663 2139 1175)
4(1175 1176 1204 1203)
4(1173 2137 2138 1174)
4(1175 2139 2137 1173)
4(1173 1174 1176 1175)
4(1167 2131 2132 1168)
4(1173 2137 2131 1167)
4(1167 1168 1174 1173)
4(1165 2129 2130 1166)
4(1167 2131 2129 1165)
4(1165 1166 1168 1167)
4(645 2034 2035 646)
4(1165 2129 2034 645)
4(645 646 1166 1165)
4(643 2032 2033 644)
4(645 2034 2032 643)
4(643 644 646 645)
4(637 2026 2027 638)
4(643 2032 2026 637)
4(637 638 644 643)
4(635 2024 2025 636)
4(637 2026 2024 635)
4(635 636 638 637)
4(559 2016 2017 560)
4(635 2024 2016 559)
4(559 560 636 635)
4(559 2016 1542 557)
4(557 558 560 559)
4(556 559 2016 2013)
4(556 2013 1541 554)
4(554 557 559 556)
4(632 635 2024 2021)
4(632 2021 2013 556)
4(556 559 635 632)
4(634 637 2026 2023)
4(634 2023 2021 632)
4(632 635 637 634)
4(640 643 2032 2029)
4(640 2029 2023 634)
4(634 637 643 640)
4(642 645 2034 2031)
4(642 2031 2029 640)
4(640 643 645 642)
4(1162 1165 2129 2126)
4(1162 2126 2031 642)
4(642 645 1165 1162)
4(1164 1167 2131 2128)
4(1164 2128 2126 1162)
4(1162 1165 1167 1164)
4(1170 1173 2137 2134)
4(1170 2134 2128 1164)
4(1164 1167 1173 1170)
4(1172 1175 2139 2136)
4(1172 2136 2134 1170)
4(1170 1173 1175 1172)
4(1202 1662 2136 1172)
4(1172 1175 1203 1202)
4(1171 2135 2136 1172)
4(1201 1661 2135 1171)
4(1171 1172 1202 1201)
4(1169 2133 2134 1170)
4(1171 2135 2133 1169)
4(1169 1170 1172 1171)
4(1163 2127 2128 1164)
4(1169 2133 2127 1163)
4(1163 1164 1170 1169)
4(1161 2125 2126 1162)
4(1163 2127 2125 1161)
4(1161 1162 1164 1163)
4(641 2030 2031 642)
4(1161 2125 2030 641)
4(641 642 1162 1161)
4(639 2028 2029 640)
4(641 2030 2028 639)
4(639 640 642 641)
4(633 2022 2023 634)
4(639 2028 2022 633)
4(633 634 640 639)
4(631 2020 2021 632)
4(633 2022 2020 631)
4(631 632 634 633)
4(555 2012 2013 556)
4(631 2020 2012 555)
4(555 556 632 631)
4(555 2012 1540 553)
4(553 554 556 555)
4(410 555 2012 1985)
4(410 1985 1519 408)
4(408 553 555 410)
4(502 631 2020 1999)
4(502 1999 1985 410)
4(410 555 631 502)
4(504 633 2022 2001)
4(504 2001 1999 502)
4(502 631 633 504)
4(510 639 2028 2007)
4(510 2007 2001 504)
4(504 633 639 510)
4(512 641 2030 2009)
4(512 2009 2007 510)
4(510 639 641 512)
4(1048 1161 2125 2108)
4(1048 2108 2009 512)
4(512 641 1161 1048)
4(1050 1163 2127 2110)
4(1050 2110 2108 1048)
4(1048 1161 1163 1050)
4(1056 1169 2133 2116)
4(1056 2116 2110 1050)
4(1050 1163 1169 1056)
4(1058 1171 2135 2118)
4(1058 2118 2116 1056)
4(1056 1169 1171 1058)
4(1088 1640 2118 1058)
4(1058 1171 1201 1088)
4(1057 2117 2118 1058)
4(1087 1639 2117 1057)
4(1057 1058 1088 1087)
4(1055 2115 2116 1056)
4(1057 2117 2115 1055)
4(1055 1056 1058 1057)
4(1049 2109 2110 1050)
4(1055 2115 2109 1049)
4(1049 1050 1056 1055)
4(1047 2107 2108 1048)
4(1049 2109 2107 1047)
4(1047 1048 1050 1049)
4(512 511 2008 2009)
4(1047 2107 2008 511)
4(511 512 1048 1047)
4(509 2006 2007 510)
4(511 2008 2006 509)
4(509 510 512 511)
4(503 2000 2001 504)
4(509 2006 2000 503)
4(503 504 510 509)
4(501 1998 1999 502)
4(503 2000 1998 501)
4(501 502 504 503)
4(409 1984 1985 410)
4(501 1998 1984 409)
4(409 410 502 501)
4(409 1984 1518 407)
4(407 408 410 409)
4(406 409 1984 1981)
4(406 1981 1517 404)
4(404 407 409 406)
4(498 501 1998 1995)
4(498 1995 1981 406)
4(406 409 501 498)
4(500 503 2000 1997)
4(500 1997 1995 498)
4(498 501 503 500)
4(506 509 2006 2003)
4(506 2003 1997 500)
4(500 503 509 506)
4(511 2008 2005 508)
4(508 2005 2003 506)
4(506 509 511 508)
4(1044 1047 2107 2104)
4(1044 2104 2005 508)
4(508 511 1047 1044)
4(1046 1049 2109 2106)
4(1046 2106 2104 1044)
4(1044 1047 1049 1046)
4(1052 1055 2115 2112)
4(1052 2112 2106 1046)
4(1046 1049 1055 1052)
4(1054 1057 2117 2114)
4(1054 2114 2112 1052)
4(1052 1055 1057 1054)
4(1086 1638 2114 1054)
4(1054 1057 1087 1086)
4(1053 2113 2114 1054)
4(1085 1637 2113 1053)
4(1053 1054 1086 1085)
4(1051 2111 2112 1052)
4(1053 2113 2111 1051)
4(1051 1052 1054 1053)
4(1045 2105 2106 1046)
4(1051 2111 2105 1045)
4(1045 1046 1052 1051)
4(1043 2103 2104 1044)
4(1045 2105 2103 1043)
4(1043 1044 1046 1045)
4(508 507 2004 2005)
4(1043 2103 2004 507)
4(507 508 1044 1043)
4(505 2002 2003 506)
4(507 2004 2002 505)
4(505 506 508 507)
4(499 1996 1997 500)
4(505 2002 1996 499)
4(499 500 506 505)
4(497 1994 1995 498)
4(499 1996 1994 497)
4(497 498 500 499)
4(405 1980 1981 406)
4(497 1994 1980 405)
4(405 406 498 497)
4(405 1980 1516 403)
4(403 404 406 405)
4(402 405 1980 1977)
4(402 1977 1515 400)
4(400 403 405 402)
4(490 497 1994 1987)
4(490 1987 1977 402)
4(402 405 497 490)
4(492 499 1996 1989)
4(492 1989 1987 490)
4(490 497 499 492)
4(494 505 2002 1991)
4(494 1991 1989 492)
4(492 499 505 494)
4(507 2004 1993 496)
4(496 1993 1991 494)
4(494 505 507 496)
4(1036 1043 2103 2096)
4(1036 2096 1993 496)
4(496 507 1043 1036)
4(1038 1045 2105 2098)
4(1038 2098 2096 1036)
4(1036 1043 1045 1038)
4(1040 1051 2111 2100)
4(1040 2100 2098 1038)
4(1038 1045 1051 1040)
4(1042 1053 2113 2102)
4(1042 2102 2100 1040)
4(1040 1051 1053 1042)
4(1084 1636 2102 1042)
4(1042 1053 1085 1084)
4(1041 1781 2102 1042)
4(1041 1042 1084 1083)
4(1039 1780 2100 1040)
4(1039 1040 1042 1041)
4(1037 1779 2098 1038)
4(1037 1038 1040 1039)
4(1035 1778 2096 1036)
4(1035 1036 1038 1037)
4(496 495 1731 1993)
4(495 496 1036 1035)
4(493 1730 1991 494)
4(493 494 496 495)
4(491 1729 1989 492)
4(491 492 494 493)
4(489 1728 1987 490)
4(489 490 492 491)
4(401 1711 1977 402)
4(401 402 490 489)
4(399 400 402 401)
4(365 366 402 401)
4(362 400 402 366)
4(361 362 366 365)
4(365 421 489 401)
4(421 422 490 489)
4(366 402 490 422)
4(365 366 422 421)
4(421 489 1986 1717)
4(421 1717 1709 365)
4(425 491 1988 1719)
4(425 1719 1717 421)
4(421 489 491 425)
4(437 493 1990 1725)
4(437 1725 1719 425)
4(425 491 493 437)
4(495 1992 1727 441)
4(441 1727 1725 437)
4(437 493 495 441)
4(961 1035 2095 1767)
4(961 1767 1727 441)
4(441 495 1035 961)
4(965 1037 2097 1769)
4(965 1769 1767 961)
4(961 1035 1037 965)
4(977 1039 2099 1775)
4(977 1775 1769 965)
4(965 1037 1039 977)
4(981 1041 2101 1777)
4(981 1777 1775 977)
4(977 1039 1041 981)
4(1065 1617 1777 981)
4(981 1041 1083 1065)
4(979 1776 1777 981)
4(1063 1615 1776 979)
4(979 981 1065 1063)
4(975 1774 1775 977)
4(979 1776 1774 975)
4(975 977 981 979)
4(963 1768 1769 965)
4(975 1774 1768 963)
4(963 965 977 975)
4(959 1766 1767 961)
4(963 1768 1766 959)
4(959 961 965 963)
4(441 439 1726 1727)
4(959 1766 1726 439)
4(439 441 961 959)
4(435 1724 1725 437)
4(439 1726 1724 435)
4(435 437 441 439)
4(423 1718 1719 425)
4(435 1724 1718 423)
4(423 425 437 435)
4(419 1716 1717 421)
4(423 1718 1716 419)
4(419 421 425 423)
4(419 1716 1708 363)
4(363 365 421 419)
4(413 419 1716 1713)
4(413 1713 1705 357)
4(357 363 419 413)
4(417 423 1718 1715)
4(417 1715 1713 413)
4(413 419 423 417)
4(429 435 1724 1721)
4(429 1721 1715 417)
4(417 423 435 429)
4(439 1726 1723 433)
4(433 1723 1721 429)
4(429 435 439 433)
4(953 959 1766 1763)
4(953 1763 1723 433)
4(433 439 959 953)
4(957 963 1768 1765)
4(957 1765 1763 953)
4(953 959 963 957)
4(969 975 1774 1771)
4(969 1771 1765 957)
4(957 963 975 969)
4(973 979 1776 1773)
4(973 1773 1771 969)
4(969 975 979 973)
4(1061 1613 1773 973)
4(973 979 1063 1061)
4(971 1772 1773 973)
4(1059 1611 1772 971)
4(971 973 1061 1059)
4(967 1770 1771 969)
4(971 1772 1770 967)
4(967 969 973 971)
4(955 1764 1765 957)
4(967 1770 1764 955)
4(955 957 969 967)
4(951 1762 1763 953)
4(955 1764 1762 951)
4(951 953 957 955)
4(433 431 1722 1723)
4(951 1762 1722 431)
4(431 433 953 951)
4(427 1720 1721 429)
4(431 1722 1720 427)
4(427 429 433 431)
4(415 1714 1715 417)
4(427 1720 1714 415)
4(415 417 429 427)
4(411 1712 1713 413)
4(415 1714 1712 411)
4(411 413 417 415)
4(411 1712 1704 355)
4(355 357 413 411)
4(130 411 1712 1691)
4(130 1691 1677 38)
4(38 355 411 130)
4(134 415 1714 1693)
4(134 1693 1691 130)
4(130 411 415 134)
4(146 427 1720 1699)
4(146 1699 1693 134)
4(134 415 427 146)
4(431 1722 1701 150)
4(150 1701 1699 146)
4(146 427 431 150)
4(709 951 1762 1745)
4(150 709 1745 1701)
4(150 431 951 709)
4(713 955 1764 1747)
4(709 713 1747 1745)
4(709 951 955 713)
4(725 967 1770 1753)
4(713 725 1753 1747)
4(713 955 967 725)
4(729 971 1772 1755)
4(725 729 1755 1753)
4(725 967 971 729)
4(729 795 1563 1755)
4(729 971 1059 795)
4(727 1754 1755 729)
4(793 1561 1754 727)
4(727 729 795 793)
4(723 1752 1753 725)
4(727 1754 1752 723)
4(723 725 729 727)
4(711 1746 1747 713)
4(723 1752 1746 711)
4(711 713 725 723)
4(707 1744 1745 709)
4(711 1746 1744 707)
4(707 709 713 711)
4(148 1700 1701 150)
4(707 1744 1700 148)
4(148 150 709 707)
4(144 1698 1699 146)
4(148 1700 1698 144)
4(144 146 150 148)
4(132 1692 1693 134)
4(144 1698 1692 132)
4(132 134 146 144)
4(128 1690 1691 130)
4(132 1692 1690 128)
4(128 130 134 132)
4(128 1690 1676 36)
4(36 38 130 128)
4(122 128 1690 1687)
4(122 1687 1673 30)
4(30 36 128 122)
4(126 132 1692 1689)
4(126 1689 1687 122)
4(122 128 132 126)
4(138 144 1698 1695)
4(138 1695 1689 126)
4(126 132 144 138)
4(142 148 1700 1697)
4(142 1697 1695 138)
4(138 144 148 142)
4(701 707 1744 1741)
4(701 1741 1697 142)
4(142 148 707 701)
4(705 711 1746 1743)
4(705 1743 1741 701)
4(701 707 711 705)
4(717 723 1752 1749)
4(717 1749 1743 705)
4(705 711 723 717)
4(721 727 1754 1751)
4(721 1751 1749 717)
4(717 723 727 721)
4(791 1559 1751 721)
4(721 727 793 791)
4(719 1750 1751 721)
4(789 1557 1750 719)
4(719 721 791 789)
4(715 1748 1749 717)
4(719 1750 1748 715)
4(715 717 721 719)
4(703 1742 1743 705)
4(715 1748 1742 703)
4(703 705 717 715)
4(699 1740 1741 701)
4(703 1742 1740 699)
4(699 701 705 703)
4(140 1696 1697 142)
4(699 1740 1696 140)
4(140 142 701 699)
4(136 1694 1695 138)
4(140 1696 1694 136)
4(136 138 142 140)
4(124 1688 1689 126)
4(136 1694 1688 124)
4(124 126 138 136)
4(120 1686 1687 122)
4(124 1688 1686 120)
4(120 122 126 124)
4(120 1686 1672 28)
4(28 30 122 120)
4(74 120 1686 1679)
4(74 1679 1669 6)
4(6 28 120 74)
4(78 124 1688 1681)
4(78 1681 1679 74)
4(74 120 124 78)
4(82 136 1694 1683)
4(82 1683 1681 78)
4(78 124 136 82)
4(86 140 1696 1685)
4(86 1685 1683 82)
4(82 136 140 86)
4(653 699 1740 1733)
4(653 1733 1685 86)
4(86 140 699 653)
4(657 703 1742 1735)
4(657 1735 1733 653)
4(653 699 703 657)
4(661 715 1748 1737)
4(661 1737 1735 657)
4(657 703 715 661)
4(665 719 1750 1739)
4(665 1739 1737 661)
4(661 715 719 665)
4(779 1547 1739 665)
4(665 719 789 779)
4(663 2046 1739 665)
4(659 2044 1737 661)
4(659 661 665 663)
4(655 2042 1735 657)
4(655 657 661 659)
4(651 2040 1733 653)
4(651 653 657 655)
4(84 1926 1685 86)
4(84 86 653 651)
4(80 1924 1683 82)
4(80 82 86 84)
4(76 1922 1681 78)
4(76 78 82 80)
4(72 1920 1679 74)
4(72 74 78 76)
4(4 1910 1669 6)
4(4 6 74 72)
4(72 73 75 74)
4(5 7 75 73)
4(6 74 75 7)
4(76 77 79 78)
4(73 75 79 77)
4(74 78 79 75)
4(80 81 83 82)
4(77 79 83 81)
4(78 82 83 79)
4(84 85 87 86)
4(81 83 87 85)
4(82 86 87 83)
4(651 652 654 653)
4(85 87 654 652)
4(86 653 654 87)
4(655 656 658 657)
4(652 654 658 656)
4(653 657 658 654)
4(659 660 662 661)
4(657 661 662 658)
4(656 658 662 660)
4(661 665 666 662)
4(660 662 666 664)
4(665 666 720 719)
4(662 716 720 666)
4(661 715 716 662)
4(715 719 720 716)
4(719 789 790 720)
4(666 720 790 780)
4(721 791 792 722)
4(720 722 792 790)
4(719 721 722 720)
4(727 793 794 728)
4(722 728 794 792)
4(721 727 728 722)
4(729 795 796 730)
4(728 730 796 794)
4(727 729 730 728)
4(971 1059 1060 972)
4(730 972 1060 796)
4(729 971 972 730)
4(973 1061 1062 974)
4(972 974 1062 1060)
4(971 973 974 972)
4(979 1063 1064 980)
4(974 980 1064 1062)
4(973 979 980 974)
4(981 1065 1066 982)
4(980 982 1066 1064)
4(979 981 982 980)
4(982 1042 1084 1066)
4(981 1041 1042 982)
4(1025 1053 1085 1077)
4(982 1025 1077 1066)
4(982 1042 1053 1025)
4(1026 1054 1086 1078)
4(1025 1026 1078 1077)
4(1025 1053 1054 1026)
4(1033 1057 1087 1081)
4(1026 1033 1081 1078)
4(1026 1054 1057 1033)
4(1034 1058 1088 1082)
4(1033 1034 1082 1081)
4(1033 1057 1058 1034)
4(1135 1171 1201 1191)
4(1034 1135 1191 1082)
4(1034 1058 1171 1135)
4(1136 1172 1202 1192)
4(1135 1136 1192 1191)
4(1135 1171 1172 1136)
4(1143 1175 1203 1195)
4(1136 1143 1195 1192)
4(1136 1172 1175 1143)
4(1144 1176 1204 1196)
4(1143 1144 1196 1195)
4(1143 1175 1176 1144)
4(1144 1160 1200 1196)
4(1144 1176 1180 1160)
4(1142 1159 1199 1194)
4(1142 1194 1196 1144)
4(1142 1144 1160 1159)
4(1128 1156 1198 1188)
4(1128 1188 1194 1142)
4(1128 1142 1159 1156)
4(1126 1155 1197 1186)
4(1126 1186 1188 1128)
4(1126 1128 1156 1155)
4(904 946 1186 1126)
4(904 920 950 946)
4(904 1126 1155 920)
4(1125 1185 1186 1126)
4(903 945 1185 1125)
4(903 904 946 945)
4(903 1125 1126 904)
4(1127 1187 1188 1128)
4(1125 1185 1187 1127)
4(1125 1127 1128 1126)
4(1141 1193 1194 1142)
4(1127 1187 1193 1141)
4(1127 1141 1142 1128)
4(1141 1193 1195 1143)
4(1141 1143 1144 1142)
4(1134 1141 1193 1190)
4(1134 1190 1192 1136)
4(1134 1136 1143 1141)
4(1120 1184 1190 1134)
4(1120 1127 1187 1184)
4(1120 1134 1141 1127)
4(1133 1189 1190 1134)
4(1119 1183 1189 1133)
4(1119 1120 1184 1183)
4(1119 1133 1134 1120)
4(1133 1189 1191 1135)
4(1133 1135 1136 1134)
4(1032 1133 1189 1080)
4(1032 1080 1082 1034)
4(1032 1034 1135 1133)
4(1018 1119 1183 1074)
4(1018 1074 1080 1032)
4(1018 1032 1133 1119)
4(1117 1119 1183 1181)
4(1016 1117 1181 1072)
4(1016 1072 1074 1018)
4(1016 1018 1119 1117)
4(1118 1120 1184 1182)
4(1117 1118 1182 1181)
4(1117 1119 1120 1118)
4(1118 1125 1185 1182)
4(1118 1120 1127 1125)
4(896 942 1182 1118)
4(896 903 945 942)
4(896 1118 1125 903)
4(895 941 1181 1117)
4(895 1117 1118 896)
4(895 896 942 941)
4(776 1016 1117 895)
4(776 812 1072 1016)
4(776 895 941 812)
4(772 1012 1113 891)
4(1012 1016 1117 1113)
4(891 1113 1117 895)
4(772 891 895 776)
4(772 776 1016 1012)
4(772 1356 1377 891)
4(1012 1398 1356 772)
4(1012 1113 1415 1398)
4(1113 891 1377 1415)
4(889 770 1354 1375)
4(770 772 1356 1354)
4(891 889 1375 1377)
4(770 889 891 772)
4(756 1348 1371 875)
4(770 1354 1348 756)
4(889 875 1371 1375)
4(756 875 889 770)
4(754 1346 1369 873)
4(756 1348 1346 754)
4(875 873 1369 1371)
4(754 873 875 756)
4(740 1336 1359 855)
4(754 1346 1336 740)
4(873 855 1359 1369)
4(740 855 873 754)
4(738 1334 1357 853)
4(740 1336 1334 738)
4(855 853 1357 1359)
4(738 853 855 740)
4(184 1238 1263 317)
4(738 1334 1238 184)
4(853 317 1263 1357)
4(184 317 853 738)
4(182 1236 1261 315)
4(184 1238 1236 182)
4(317 315 1261 1263)
4(182 315 317 184)
4(164 1218 1247 293)
4(182 1236 1218 164)
4(315 293 1247 1261)
4(164 293 315 182)
4(160 1214 1243 289)
4(164 1218 1214 160)
4(293 289 1243 1247)
4(160 289 293 164)
4(160 1214 1216 162)
4(289 291 1245 1243)
4(291 162 1216 1245)
4(160 162 291 289)
4(159 1213 1215 161)
4(159 160 1214 1213)
4(162 161 1215 1216)
4(159 161 162 160)
4(153 1207 1209 155)
4(153 159 1213 1207)
4(161 155 1209 1215)
4(153 155 161 159)
4(154 152 1206 1208)
4(152 153 1207 1206)
4(155 154 1208 1209)
4(152 154 155 153)
4(152 1206 1210 156)
4(154 158 1212 1208)
4(158 156 1210 1212)
4(152 156 158 154)
4(157 153 1207 1211)
4(156 157 1211 1210)
4(152 153 157 156)
4(163 159 1213 1217)
4(157 163 1217 1211)
4(153 159 163 157)
4(163 164 1218 1217)
4(159 160 164 163)
4(181 182 1236 1235)
4(181 1235 1217 163)
4(163 164 182 181)
4(183 184 1238 1237)
4(183 1237 1235 181)
4(181 182 184 183)
4(737 738 1334 1333)
4(737 1333 1237 183)
4(183 184 738 737)
4(739 740 1336 1335)
4(739 1335 1333 737)
4(737 738 740 739)
4(753 754 1346 1345)
4(753 1345 1335 739)
4(739 740 754 753)
4(755 756 1348 1347)
4(755 1347 1345 753)
4(753 754 756 755)
4(769 770 1354 1353)
4(769 1353 1347 755)
4(755 756 770 769)
4(772 1356 1355 771)
4(771 1355 1353 769)
4(769 770 772 771)
4(1011 1012 1398 1397)
4(1011 1397 1355 771)
4(771 772 1012 1011)
4(1014 1012 1398 1400)
4(1013 1399 1397 1011)
4(1013 1014 1400 1399)
4(1011 1012 1014 1013)
4(1115 1113 1415 1417)
4(1014 1115 1417 1400)
4(1012 1113 1115 1014)
4(1113 1415 1416 1114)
4(1115 1116 1418 1417)
4(1116 1114 1416 1418)
4(1113 1114 1116 1115)
4(891 1377 1378 892)
4(1114 892 1378 1416)
4(891 892 1114 1113)
4(890 889 1375 1376)
4(892 890 1376 1378)
4(889 890 892 891)
4(875 1371 1372 876)
4(876 1372 1376 890)
4(875 876 890 889)
4(873 1369 1370 874)
4(876 874 1370 1372)
4(873 874 876 875)
4(855 1359 1360 856)
4(874 856 1360 1370)
4(855 856 874 873)
4(853 1357 1358 854)
4(856 854 1358 1360)
4(853 854 856 855)
4(317 1263 1264 318)
4(854 318 1264 1358)
4(317 318 854 853)
4(315 1261 1262 316)
4(318 316 1262 1264)
4(315 316 318 317)
4(293 1247 1248 294)
4(316 294 1248 1262)
4(293 294 316 315)
4(289 1243 1244 290)
4(294 290 1244 1248)
4(289 290 294 293)
4(292 291 1245 1246)
4(290 292 1246 1244)
4(289 291 292 290)
4(291 1245 1253 303)
4(292 304 1254 1246)
4(304 303 1253 1254)
4(291 303 304 292)
4(162 1216 1226 172)
4(303 172 1226 1253)
4(162 172 303 291)
4(161 1215 1225 171)
4(172 171 1225 1226)
4(161 171 172 162)
4(155 1209 1220 166)
4(171 166 1220 1225)
4(155 166 171 161)
4(165 154 1208 1219)
4(166 165 1219 1220)
4(154 165 166 155)
4(169 158 1212 1223)
4(165 169 1223 1219)
4(154 158 169 165)
4(158 1212 1231 177)
4(169 185 1239 1223)
4(185 177 1231 1239)
4(158 177 185 169)
4(156 1210 1229 175)
4(177 175 1229 1231)
4(156 175 177 158)
4(176 157 1211 1230)
4(175 176 1230 1229)
4(156 157 176 175)
4(176 181 1235 1230)
4(157 163 181 176)
4(179 183 1237 1233)
4(179 1233 1230 176)
4(176 181 183 179)
4(732 737 1333 1328)
4(732 1328 1233 179)
4(179 183 737 732)
4(735 739 1335 1331)
4(735 1331 1328 732)
4(732 737 739 735)
4(746 753 1345 1342)
4(746 1342 1331 735)
4(735 739 753 746)
4(748 755 1347 1344)
4(748 1344 1342 746)
4(746 753 755 748)
4(762 769 1353 1350)
4(762 1350 1344 748)
4(748 755 769 762)
4(771 1355 1352 764)
4(764 1352 1350 762)
4(762 769 771 764)
4(1004 1011 1397 1394)
4(1004 1394 1352 764)
4(764 771 1011 1004)
4(1006 1013 1399 1396)
4(1006 1396 1394 1004)
4(1004 1011 1013 1006)
4(1027 1013 1399 1403)
4(1020 1402 1396 1006)
4(1027 1403 1402 1020)
4(1006 1013 1027 1020)
4(1028 1014 1400 1404)
4(1028 1404 1403 1027)
4(1013 1014 1028 1027)
4(1129 1115 1417 1421)
4(1129 1421 1404 1028)
4(1014 1115 1129 1028)
4(1130 1116 1418 1422)
4(1130 1422 1421 1129)
4(1115 1116 1130 1129)
4(1116 1418 1420 1123)
4(1137 1423 1422 1130)
4(1123 1420 1423 1137)
4(1116 1123 1137 1130)
4(1114 1416 1419 1121)
4(1114 1121 1123 1116)
4(1121 1419 1420 1123)
4(892 1378 1380 899)
4(892 899 1121 1114)
4(899 1380 1419 1121)
4(890 1376 1379 897)
4(890 897 899 892)
4(897 1379 1380 899)
4(883 876 1372 1374)
4(876 883 897 890)
4(883 1374 1379 897)
4(874 1370 1373 881)
4(874 881 883 876)
4(881 1373 1374 883)
4(856 1360 1363 861)
4(856 861 881 874)
4(881 861 1363 1373)
4(854 1358 1361 857)
4(861 857 1361 1363)
4(854 857 861 856)
4(318 1264 1267 323)
4(857 323 1267 1361)
4(318 323 857 854)
4(316 1262 1265 319)
4(323 319 1265 1267)
4(316 319 323 318)
4(294 1248 1251 299)
4(319 299 1251 1265)
4(294 299 319 316)
4(290 1244 1249 295)
4(299 295 1249 1251)
4(290 295 299 294)
4(297 292 1246 1250)
4(295 297 1250 1249)
4(290 292 297 295)
4(307 304 1254 1257)
4(297 307 1257 1250)
4(292 304 307 297)
4(304 1254 1256 306)
4(307 309 1258 1257)
4(309 306 1256 1258)
4(304 306 309 307)
4(303 1253 1255 305)
4(306 305 1255 1256)
4(303 305 306 304)
4(172 1226 1228 174)
4(305 174 1228 1255)
4(172 174 305 303)
4(171 1225 1227 173)
4(174 173 1227 1228)
4(171 173 174 172)
4(166 1220 1222 168)
4(173 168 1222 1227)
4(166 168 173 171)
4(167 165 1219 1221)
4(168 167 1221 1222)
4(165 167 168 166)
4(170 169 1223 1224)
4(167 170 1224 1221)
4(165 169 170 167)
4(186 185 1239 1240)
4(170 186 1240 1224)
4(169 185 186 170)
4(185 1239 1241 187)
4(186 188 1242 1240)
4(188 187 1241 1242)
4(185 187 188 186)
4(177 1231 1234 180)
4(187 180 1234 1241)
4(177 180 187 185)
4(175 1229 1232 178)
4(180 178 1232 1234)
4(175 178 180 177)
4(178 179 1233 1232)
4(175 176 179 178)
4(731 732 1328 1327)
4(178 731 1327 1232)
4(178 179 732 731)
4(734 735 1331 1330)
4(731 734 1330 1327)
4(731 732 735 734)
4(745 746 1342 1341)
4(734 745 1341 1330)
4(734 735 746 745)
4(747 748 1344 1343)
4(747 1343 1341 745)
4(745 746 748 747)
4(761 762 1350 1349)
4(761 1349 1343 747)
4(747 748 762 761)
4(764 1352 1351 763)
4(763 1351 1349 761)
4(761 762 764 763)
4(1003 1004 1394 1393)
4(1003 1393 1351 763)
4(763 764 1004 1003)
4(1005 1006 1396 1395)
4(1005 1395 1393 1003)
4(1003 1004 1006 1005)
4(1020 1402 1401 1019)
4(1019 1401 1395 1005)
4(1005 1006 1020 1019)
4(991 1387 1401 1019)
4(992 1388 1387 991)
4(992 1020 1402 1388)
4(991 1019 1020 992)
4(986 1384 1395 1005)
4(991 1387 1384 986)
4(986 1005 1019 991)
4(985 1383 1393 1003)
4(986 1384 1383 985)
4(985 1003 1005 986)
4(763 744 1340 1351)
4(985 1383 1340 744)
4(744 763 1003 985)
4(743 1339 1349 761)
4(744 1340 1339 743)
4(743 761 763 744)
4(736 1332 1343 747)
4(743 1339 1332 736)
4(736 747 761 743)
4(736 1332 1330 734)
4(734 745 747 736)
4(733 736 1332 1329)
4(733 1329 1327 731)
4(731 734 736 733)
4(741 743 1339 1337)
4(741 1337 1329 733)
4(733 736 743 741)
4(744 1340 1338 742)
4(742 1338 1337 741)
4(741 743 744 742)
4(983 985 1383 1381)
4(983 1381 1338 742)
4(742 744 985 983)
4(984 986 1384 1382)
4(984 1382 1381 983)
4(983 985 986 984)
4(987 991 1387 1385)
4(987 1385 1382 984)
4(984 986 991 987)
4(988 992 1388 1386)
4(988 1386 1385 987)
4(987 991 992 988)
4(999 992 1388 1391)
4(995 1389 1386 988)
4(995 999 1391 1389)
4(988 992 999 995)
4(999 1027 1403 1391)
4(992 1020 1027 999)
4(1000 1028 1404 1392)
4(1000 1392 1391 999)
4(999 1027 1028 1000)
4(1101 1129 1421 1411)
4(1101 1411 1392 1000)
4(1000 1028 1129 1101)
4(1102 1130 1422 1412)
4(1102 1412 1411 1101)
4(1101 1129 1130 1102)
4(1137 1423 1414 1109)
4(1102 1130 1137 1109)
4(1109 1414 1412 1102)
4(1095 1408 1414 1109)
4(1123 1420 1408 1095)
4(1095 1109 1137 1123)
4(1091 1406 1413 1105)
4(1095 1408 1406 1091)
4(1109 1105 1413 1414)
4(1091 1105 1109 1095)
4(611 597 1320 1326)
4(1091 1406 1320 597)
4(1105 611 1326 1413)
4(597 611 1105 1091)
4(593 1318 1325 607)
4(597 1320 1318 593)
4(611 607 1325 1326)
4(593 607 611 597)
4(573 1310 1316 587)
4(593 1318 1310 573)
4(607 587 1316 1325)
4(573 587 607 593)
4(569 1308 1315 583)
4(573 1310 1308 569)
4(587 583 1315 1316)
4(569 583 587 573)
4(566 1306 1312 576)
4(569 1308 1306 566)
4(566 576 583 569)
4(583 576 1312 1315)
4(565 1305 1311 575)
4(566 1306 1305 565)
4(576 575 1311 1312)
4(565 575 576 566)
4(452 1282 1288 462)
4(565 1305 1282 452)
4(575 462 1288 1311)
4(452 462 575 565)
4(451 1281 1287 461)
4(452 1282 1281 451)
4(462 461 1287 1288)
4(451 461 462 452)
4(446 1276 1284 454)
4(451 1281 1276 446)
4(461 454 1284 1287)
4(446 454 461 451)
4(453 445 1275 1283)
4(446 1276 1275 445)
4(454 453 1283 1284)
4(445 453 454 446)
4(445 1275 1278 448)
4(457 448 1278 1285)
4(453 457 1285 1283)
4(445 448 457 453)
4(443 1273 1277 447)
4(445 1275 1273 443)
4(448 447 1277 1278)
4(443 447 448 445)
4(447 170 1224 1277)
4(443 1273 1221 167)
4(167 170 447 443)
4(469 186 1240 1291)
4(447 469 1291 1277)
4(170 186 469 447)
4(188 1242 1293 471)
4(469 471 1293 1291)
4(186 188 471 469)
4(742 188 1242 1338)
4(471 983 1381 1293)
4(188 742 983 471)
4(187 1241 1337 741)
4(187 741 742 188)
4(180 1234 1329 733)
4(180 733 741 187)
4(178 731 733 180)
4(700 731 733 702)
4(143 702 733 180)
4(141 178 731 700)
4(141 700 702 143)
4(141 143 180 178)
4(704 734 736 706)
4(700 731 734 704)
4(702 706 736 733)
4(700 704 706 702)
4(716 745 747 718)
4(704 734 745 716)
4(704 716 718 706)
4(706 718 747 736)
4(720 749 751 722)
4(718 722 751 747)
4(745 747 751 749)
4(716 745 749 720)
4(716 720 722 718)
4(722 792 799 751)
4(749 751 799 797)
4(720 749 797 790)
4(728 794 805 765)
4(751 765 805 799)
4(722 728 765 751)
4(730 796 807 767)
4(765 767 807 805)
4(728 730 767 765)
4(972 1060 1067 1007)
4(767 1007 1067 807)
4(730 972 1007 767)
4(974 1062 1069 1009)
4(1007 1009 1069 1067)
4(972 974 1009 1007)
4(980 1064 1075 1023)
4(1009 1023 1075 1069)
4(974 980 1023 1009)
4(1023 1025 1077 1075)
4(980 982 1025 1023)
4(1024 1026 1078 1076)
4(1023 1024 1076 1075)
4(1023 1025 1026 1024)
4(1031 1033 1081 1079)
4(1024 1031 1079 1076)
4(1024 1026 1033 1031)
4(1031 1032 1080 1079)
4(1031 1033 1034 1032)
4(1017 1073 1079 1031)
4(1017 1018 1074 1073)
4(1017 1031 1032 1018)
4(1010 1070 1076 1024)
4(1010 1017 1073 1070)
4(1010 1024 1031 1017)
4(1009 1010 1070 1069)
4(1009 1023 1024 1010)
4(1008 1010 1070 1068)
4(1007 1008 1068 1067)
4(1007 1009 1010 1008)
4(1015 1017 1073 1071)
4(1008 1015 1071 1068)
4(1008 1010 1017 1015)
4(1015 1016 1072 1071)
4(1015 1017 1018 1016)
4(775 811 1071 1015)
4(775 776 812 811)
4(775 1015 1016 776)
4(768 808 1068 1008)
4(768 775 811 808)
4(768 1008 1015 775)
4(767 1007 1008 768)
4(767 768 808 807)
4(1003 1007 1008 1004)
4(764 1004 1008 768)
4(763 764 768 767)
4(763 767 1007 1003)
4(1005 1009 1010 1006)
4(1003 1007 1009 1005)
4(1004 1006 1010 1008)
4(1019 1023 1024 1020)
4(1005 1009 1023 1019)
4(1006 1020 1024 1010)
4(1021 1025 1026 1022)
4(1019 1023 1025 1021)
4(1020 1022 1026 1024)
4(1019 1021 1022 1020)
4(1022 1052 1054 1026)
4(1021 1025 1053 1051)
4(1021 1051 1052 1022)
4(1029 1055 1057 1033)
4(1022 1052 1055 1029)
4(1022 1029 1033 1026)
4(1030 1056 1058 1034)
4(1029 1030 1034 1033)
4(1029 1055 1056 1030)
4(1131 1169 1171 1135)
4(1030 1056 1169 1131)
4(1030 1131 1135 1034)
4(1132 1170 1172 1136)
4(1131 1169 1170 1132)
4(1131 1132 1136 1135)
4(1139 1173 1175 1143)
4(1132 1170 1173 1139)
4(1132 1139 1143 1136)
4(1140 1174 1176 1144)
4(1139 1140 1144 1143)
4(1139 1173 1174 1140)
4(1158 1179 1180 1160)
4(1140 1158 1160 1144)
4(1140 1174 1179 1158)
4(1158 1896 1898 1160)
4(1179 2143 1896 1158)
4(1157 1895 1897 1159)
4(1158 1896 1895 1157)
4(1157 1159 1160 1158)
4(1154 1892 1894 1156)
4(1157 1895 1892 1154)
4(1154 1156 1159 1157)
4(1153 1891 1893 1155)
4(1154 1892 1891 1153)
4(1153 1155 1156 1154)
4(918 1874 1876 920)
4(1153 1891 1874 918)
4(918 920 1155 1153)
4(917 1873 1875 919)
4(918 1874 1873 917)
4(917 919 920 918)
4(914 1870 1872 916)
4(917 1873 1870 914)
4(914 916 919 917)
4(913 1869 1871 915)
4(914 1870 1869 913)
4(913 915 916 914)
4(913 1869 1858 850)
4(850 852 915 913)
4(907 913 1869 1863)
4(907 1863 1856 848)
4(848 850 913 907)
4(908 914 1870 1864)
4(908 1864 1863 907)
4(907 913 914 908)
4(911 917 1873 1867)
4(911 1867 1864 908)
4(908 914 917 911)
4(912 918 1874 1868)
4(912 1868 1867 911)
4(911 917 918 912)
4(1147 1153 1891 1885)
4(1147 1885 1868 912)
4(912 918 1153 1147)
4(1148 1154 1892 1886)
4(1148 1886 1885 1147)
4(1147 1153 1154 1148)
4(1151 1157 1895 1889)
4(1151 1889 1886 1148)
4(1148 1154 1157 1151)
4(1152 1158 1896 1890)
4(1152 1890 1889 1151)
4(1151 1157 1158 1152)
4(1178 2142 1890 1152)
4(1152 1158 1179 1178)
4(1150 1888 1890 1152)
4(1177 2141 1888 1150)
4(1150 1152 1178 1177)
4(1149 1887 1889 1151)
4(1150 1888 1887 1149)
4(1149 1151 1152 1150)
4(1146 1884 1886 1148)
4(1149 1887 1884 1146)
4(1146 1148 1151 1149)
4(1145 1883 1885 1147)
4(1146 1884 1883 1145)
4(1145 1147 1148 1146)
4(910 1866 1868 912)
4(1145 1883 1866 910)
4(910 912 1147 1145)
4(909 1865 1867 911)
4(910 1866 1865 909)
4(909 911 912 910)
4(906 1862 1864 908)
4(909 1865 1862 906)
4(906 908 911 909)
4(905 1861 1863 907)
4(906 1862 1861 905)
4(905 907 908 906)
4(905 1861 1854 846)
4(846 848 907 905)
4(345 905 1861 1817)
4(288 345 1817 1806)
4(288 846 905 345)
4(346 906 1862 1818)
4(345 346 1818 1817)
4(345 905 906 346)
4(349 909 1865 1821)
4(346 349 1821 1818)
4(346 906 909 349)
4(350 910 1866 1822)
4(349 350 1822 1821)
4(349 909 910 350)
4(625 1145 1883 1843)
4(625 1843 1822 350)
4(350 910 1145 625)
4(626 1146 1884 1844)
4(626 1844 1843 625)
4(625 1145 1146 626)
4(629 1149 1887 1847)
4(629 1847 1844 626)
4(626 1146 1149 629)
4(630 1150 1888 1848)
4(630 1848 1847 629)
4(629 1149 1150 630)
4(650 2039 1848 630)
4(630 1150 1177 650)
4(628 1846 1848 630)
4(649 2038 1846 628)
4(628 630 650 649)
4(627 1845 1847 629)
4(628 1846 1845 627)
4(627 629 630 628)
4(624 1842 1844 626)
4(627 1845 1842 624)
4(624 626 629 627)
4(623 1841 1843 625)
4(624 1842 1841 623)
4(623 625 626 624)
4(348 1820 1822 350)
4(623 1841 1820 348)
4(348 350 625 623)
4(347 1819 1821 349)
4(348 1820 1819 347)
4(347 349 350 348)
4(344 1816 1818 346)
4(347 1819 1816 344)
4(344 346 349 347)
4(343 1815 1817 345)
4(344 1816 1815 343)
4(343 345 346 344)
4(343 1815 1804 286)
4(286 288 345 343)
4(337 343 1815 1809)
4(337 1809 1802 284)
4(284 286 343 337)
4(338 344 1816 1810)
4(338 1810 1809 337)
4(337 343 344 338)
4(341 347 1819 1813)
4(341 1813 1810 338)
4(338 344 347 341)
4(342 348 1820 1814)
4(342 1814 1813 341)
4(341 347 348 342)
4(617 623 1841 1835)
4(617 1835 1814 342)
4(342 348 623 617)
4(618 624 1842 1836)
4(618 1836 1835 617)
4(617 623 624 618)
4(621 627 1845 1839)
4(621 1839 1836 618)
4(618 624 627 621)
4(622 628 1846 1840)
4(622 1840 1839 621)
4(621 627 628 622)
4(648 2037 1840 622)
4(622 628 649 648)
4(620 1838 1840 622)
4(647 2036 1838 620)
4(620 622 648 647)
4(619 1837 1839 621)
4(620 1838 1837 619)
4(619 621 622 620)
4(616 1834 1836 618)
4(619 1837 1834 616)
4(616 618 621 619)
4(615 1833 1835 617)
4(616 1834 1833 615)
4(615 617 618 616)
4(340 1812 1814 342)
4(615 1833 1812 340)
4(340 342 617 615)
4(339 1811 1813 341)
4(340 1812 1811 339)
4(339 341 342 340)
4(336 1808 1810 338)
4(339 1811 1808 336)
4(336 338 341 339)
4(335 1807 1809 337)
4(336 1808 1807 335)
4(335 337 338 336)
4(335 1807 1800 282)
4(282 284 337 335)
4(243 335 1807 1793)
4(243 1793 1790 208)
4(208 282 335 243)
4(244 336 1808 1794)
4(244 1794 1793 243)
4(243 335 336 244)
4(247 339 1811 1797)
4(247 1797 1794 244)
4(244 336 339 247)
4(248 340 1812 1798)
4(248 1798 1797 247)
4(247 339 340 248)
4(547 615 1833 1825)
4(547 1825 1798 248)
4(248 340 615 547)
4(548 616 1834 1826)
4(548 1826 1825 547)
4(547 615 616 548)
4(551 619 1837 1829)
4(551 1829 1826 548)
4(548 616 619 551)
4(552 620 1838 1830)
4(552 1830 1829 551)
4(551 619 620 552)
4(562 2019 1830 552)
4(552 620 647 562)
4(550 1539 1830 552)
4(550 552 562 561)
4(549 1538 1829 551)
4(549 551 552 550)
4(546 1537 1826 548)
4(546 548 551 549)
4(545 1536 1825 547)
4(545 547 548 546)
4(246 1489 1798 248)
4(246 248 547 545)
4(245 1488 1797 247)
4(245 247 248 246)
4(242 1487 1794 244)
4(242 244 247 245)
4(241 1486 1793 243)
4(241 243 244 242)
4(206 208 243 241)
4(204 208 243 222)
4(218 222 243 241)
4(200 204 222 218)
4(200 206 208 204)
4(260 282 335 296)
4(204 208 282 260)
4(222 296 335 243)
4(204 260 296 222)
4(264 284 337 300)
4(260 282 284 264)
4(296 300 337 335)
4(260 264 300 296)
4(276 286 343 320)
4(264 284 286 276)
4(300 320 343 337)
4(264 276 320 300)
4(280 288 345 324)
4(276 286 288 280)
4(320 324 345 343)
4(276 280 324 320)
4(824 846 905 858)
4(280 288 846 824)
4(324 858 905 345)
4(280 824 858 324)
4(828 848 907 862)
4(824 846 848 828)
4(824 828 862 858)
4(858 862 907 905)
4(840 850 913 882)
4(828 848 850 840)
4(828 840 882 862)
4(862 882 913 907)
4(844 852 915 886)
4(840 850 852 844)
4(840 844 886 882)
4(882 886 915 913)
4(886 936 947 915)
4(844 928 936 886)
4(844 852 930 928)
4(888 938 948 916)
4(886 936 938 888)
4(886 888 916 915)
4(902 944 949 919)
4(888 938 944 902)
4(888 902 919 916)
4(902 944 946 904)
4(902 904 920 919)
4(901 943 945 903)
4(901 902 944 943)
4(901 903 904 902)
4(894 901 943 940)
4(894 940 942 896)
4(894 896 903 901)
4(887 901 943 937)
4(880 887 937 934)
4(880 934 940 894)
4(880 894 901 887)
4(887 888 938 937)
4(887 901 902 888)
4(885 935 937 887)
4(885 886 936 935)
4(885 887 888 886)
4(878 885 935 932)
4(878 932 934 880)
4(878 880 887 885)
4(843 885 935 927)
4(836 924 932 878)
4(836 843 927 924)
4(836 878 885 843)
4(843 844 928 927)
4(843 885 886 844)
4(842 844 928 926)
4(841 843 844 842)
4(841 925 927 843)
4(842 844 852 851)
4(838 849 851 842)
4(838 840 850 849)
4(838 842 844 840)
4(838 2083 2085 842)
4(849 1857 2083 838)
4(837 2082 2084 841)
4(838 2083 2082 837)
4(837 841 842 838)
4(830 2079 2081 834)
4(837 2082 2079 830)
4(830 834 841 837)
4(829 2078 2080 833)
4(830 2079 2078 829)
4(829 833 834 830)
4(692 2061 2063 696)
4(829 2078 2061 692)
4(692 696 833 829)
4(691 2060 2062 695)
4(692 2061 2060 691)
4(691 695 696 692)
4(684 2057 2059 688)
4(691 2060 2057 684)
4(684 688 695 691)
4(684 2057 2056 683)
4(683 687 688 684)
4(671 2050 2056 683)
4(672 2051 2050 671)
4(672 684 2057 2051)
4(671 683 684 672)
4(671 2050 2043 656)
4(656 660 683 671)
4(667 671 2050 2048)
4(667 2048 2041 652)
4(652 656 671 667)
4(668 672 2051 2049)
4(668 2049 2048 667)
4(667 671 672 668)
4(679 672 2051 2054)
4(675 679 2054 2052)
4(675 2052 2049 668)
4(668 672 679 675)
4(679 691 2060 2054)
4(672 684 691 679)
4(680 692 2061 2055)
4(680 2055 2054 679)
4(679 691 692 680)
4(817 829 2078 2072)
4(817 2072 2055 680)
4(680 692 829 817)
4(818 830 2079 2073)
4(818 2073 2072 817)
4(817 829 830 818)
4(825 837 2082 2076)
4(825 2076 2073 818)
4(818 830 837 825)
4(826 838 2083 2077)
4(826 2077 2076 825)
4(825 837 838 826)
4(847 1855 2077 826)
4(826 838 849 847)
4(822 2075 2077 826)
4(845 1853 2075 822)
4(822 826 847 845)
4(821 2074 2076 825)
4(822 2075 2074 821)
4(821 825 826 822)
4(814 2071 2073 818)
4(821 2074 2071 814)
4(814 818 825 821)
4(813 2070 2072 817)
4(814 2071 2070 813)
4(813 817 818 814)
4(676 2053 2055 680)
4(813 2070 2053 676)
4(676 680 817 813)
4(676 2053 2052 675)
4(675 679 680 676)
4(116 1942 2052 675)
4(117 1943 1942 116)
4(117 676 2053 1943)
4(116 675 676 117)
4(109 1939 2049 668)
4(116 1942 1939 109)
4(109 668 675 116)
4(108 1938 2048 667)
4(109 1939 1938 108)
4(108 667 668 109)
4(108 1938 1927 85)
4(85 652 667 108)
4(104 108 1938 1936)
4(104 1936 1925 81)
4(81 85 108 104)
4(105 109 1939 1937)
4(105 1937 1936 104)
4(104 108 109 105)
4(112 116 1942 1940)
4(112 1940 1937 105)
4(105 109 116 112)
4(113 117 1943 1941)
4(113 1941 1940 112)
4(112 116 117 113)
4(269 117 1943 1964)
4(265 269 1964 1962)
4(265 1962 1941 113)
4(113 117 269 265)
4(269 813 2070 1964)
4(117 676 813 269)
4(270 814 2071 1965)
4(270 1965 1964 269)
4(269 813 814 270)
4(277 821 2074 1968)
4(277 1968 1965 270)
4(270 814 821 277)
4(278 822 2075 1969)
4(278 1969 1968 277)
4(277 821 822 278)
4(287 1805 1969 278)
4(278 822 845 287)
4(274 1967 1969 278)
4(285 1803 1967 274)
4(274 278 287 285)
4(273 1966 1968 277)
4(274 1967 1966 273)
4(273 277 278 274)
4(266 1963 1965 270)
4(273 1966 1963 266)
4(266 270 277 273)
4(266 1963 1962 265)
4(265 269 270 266)
4(253 1956 1962 265)
4(254 1957 1956 253)
4(254 266 1963 1957)
4(253 265 266 254)
4(101 1935 1941 113)
4(253 1956 1935 101)
4(101 113 265 253)
4(100 1934 1940 112)
4(101 1935 1934 100)
4(100 112 113 101)
4(93 1931 1937 105)
4(100 1934 1931 93)
4(93 105 112 100)
4(92 1930 1936 104)
4(93 1931 1930 92)
4(92 104 105 93)
4(92 1930 1923 77)
4(77 81 104 92)
4(88 92 1930 1928)
4(88 1928 1921 73)
4(73 77 92 88)
4(89 93 1931 1929)
4(89 1929 1928 88)
4(88 92 93 89)
4(96 100 1934 1932)
4(96 1932 1929 89)
4(89 93 100 96)
4(97 101 1935 1933)
4(97 1933 1932 96)
4(96 100 101 97)
4(249 253 1956 1954)
4(249 1954 1933 97)
4(97 101 253 249)
4(250 254 1957 1955)
4(250 1955 1954 249)
4(249 253 254 250)
4(261 254 1957 1960)
4(257 261 1960 1958)
4(257 1958 1955 250)
4(250 254 261 257)
4(261 273 1966 1960)
4(254 266 273 261)
4(262 274 1967 1961)
4(262 1961 1960 261)
4(261 273 274 262)
4(283 1801 1961 262)
4(262 274 285 283)
4(258 1959 1961 262)
4(281 1799 1959 258)
4(258 262 283 281)
4(258 1959 1958 257)
4(257 261 262 258)
4(201 1950 1958 257)
4(202 1951 1950 201)
4(202 258 1959 1951)
4(201 257 258 202)
4(194 1947 1955 250)
4(201 1950 1947 194)
4(194 250 257 201)
4(193 1946 1954 249)
4(194 1947 1946 193)
4(193 249 250 194)
4(21 1919 1933 97)
4(193 1946 1919 21)
4(21 97 249 193)
4(20 1918 1932 96)
4(21 1919 1918 20)
4(20 96 97 21)
4(13 1915 1929 89)
4(20 1918 1915 13)
4(13 89 96 20)
4(12 1914 1928 88)
4(13 1915 1914 12)
4(12 88 89 13)
4(12 1914 1911 5)
4(5 73 88 12)
4(8 12 1914 1428)
4(1 5 12 8)
4(10 13 1915 1430)
4(8 12 13 10)
4(16 20 1918 1432)
4(10 13 20 16)
4(18 21 1919 1434)
4(16 20 21 18)
4(189 193 1946 1460)
4(18 21 193 189)
4(191 194 1947 1462)
4(189 193 194 191)
4(197 201 1950 1464)
4(191 194 201 197)
4(199 202 1951 1466)
4(197 201 202 199)
4(207 202 1951 1789)
4(199 202 207 205)
4(202 258 281 207)
4(258 281 282 260)
4(202 258 260 204)
4(202 204 208 207)
4(262 283 284 264)
4(258 262 264 260)
4(274 285 286 276)
4(262 274 276 264)
4(278 287 288 280)
4(274 278 280 276)
4(822 845 846 824)
4(278 822 824 280)
4(826 847 848 828)
4(822 826 828 824)
4(826 838 840 828)
4(837 838 840 839)
4(827 839 840 828)
4(825 827 828 826)
4(825 837 839 827)
4(839 843 844 840)
4(837 841 843 839)
4(881 885 886 882)
4(839 843 885 881)
4(839 881 882 840)
4(883 887 888 884)
4(881 885 887 883)
4(881 883 884 882)
4(882 884 888 886)
4(897 901 902 898)
4(883 887 901 897)
4(883 897 898 884)
4(884 898 902 888)
4(899 903 904 900)
4(897 901 903 899)
4(897 899 900 898)
4(898 900 904 902)
4(1121 1125 1126 1122)
4(899 903 1125 1121)
4(899 1121 1122 900)
4(900 1122 1126 904)
4(1123 1127 1128 1124)
4(1121 1125 1127 1123)
4(1121 1123 1124 1122)
4(1122 1124 1128 1126)
4(1137 1141 1142 1138)
4(1124 1138 1142 1128)
4(1123 1127 1141 1137)
4(1123 1137 1138 1124)
4(1138 1140 1144 1142)
4(1137 1141 1143 1139)
4(1137 1139 1140 1138)
4(1138 1157 1159 1142)
4(1138 1140 1158 1157)
4(1124 1138 1157 1154)
4(1124 1154 1156 1128)
4(1110 1138 1157 1151)
4(1096 1124 1138 1110)
4(1096 1148 1154 1124)
4(1096 1110 1151 1148)
4(1112 1140 1158 1152)
4(1110 1138 1140 1112)
4(1110 1112 1152 1151)
4(1112 1168 1178 1152)
4(1112 1140 1174 1168)
4(1108 1166 1177 1150)
4(1108 1112 1168 1166)
4(1108 1150 1152 1112)
4(614 1108 1166 646)
4(614 630 1150 1108)
4(614 646 650 630)
4(1107 1108 1166 1165)
4(613 1107 1165 645)
4(613 614 1108 1107)
4(613 645 646 614)
4(1111 1112 1168 1167)
4(1107 1111 1167 1165)
4(1107 1108 1112 1111)
4(1111 1139 1173 1167)
4(1111 1112 1140 1139)
4(1104 1132 1170 1164)
4(1104 1164 1167 1111)
4(1104 1111 1139 1132)
4(1103 1131 1169 1163)
4(1103 1163 1164 1104)
4(1103 1104 1132 1131)
4(1002 1050 1163 1103)
4(1002 1103 1131 1030)
4(1002 1030 1056 1050)
4(1099 1161 1163 1103)
4(998 1048 1161 1099)
4(998 1099 1103 1002)
4(998 1002 1050 1048)
4(1100 1162 1164 1104)
4(1099 1161 1162 1100)
4(1099 1100 1104 1103)
4(1100 1162 1165 1107)
4(1100 1107 1111 1104)
4(606 1100 1162 642)
4(606 613 1107 1100)
4(606 642 645 613)
4(605 1099 1161 641)
4(605 606 1100 1099)
4(605 641 642 606)
4(488 605 1099 998)
4(488 998 1048 512)
4(488 512 641 605)
4(486 603 1097 996)
4(996 1097 1099 998)
4(486 996 998 488)
4(603 605 1099 1097)
4(486 488 605 603)
4(486 1302 1390 996)
4(486 603 1323 1302)
4(603 1097 1409 1323)
4(1097 996 1390 1409)
4(485 1301 1389 995)
4(485 486 1302 1301)
4(996 995 1389 1390)
4(485 995 996 486)
4(478 1298 1386 988)
4(478 485 1301 1298)
4(478 988 995 485)
4(477 1297 1385 987)
4(477 478 1298 1297)
4(477 987 988 478)
4(472 1294 1382 984)
4(472 477 1297 1294)
4(472 984 987 477)
4(471 472 1294 1293)
4(471 983 984 472)
4(470 472 1294 1292)
4(470 1292 1291 469)
4(469 471 472 470)
4(473 477 1297 1295)
4(473 1295 1292 470)
4(470 472 477 473)
4(474 478 1298 1296)
4(474 1296 1295 473)
4(473 477 478 474)
4(481 485 1301 1299)
4(481 1299 1296 474)
4(474 478 485 481)
4(482 486 1302 1300)
4(482 1300 1299 481)
4(481 485 486 482)
4(599 603 1323 1321)
4(599 1321 1300 482)
4(482 486 603 599)
4(603 1323 1324 604)
4(600 604 1324 1322)
4(600 1322 1321 599)
4(599 603 604 600)
4(1098 1097 1409 1410)
4(604 1098 1410 1324)
4(603 1097 1098 604)
4(1097 1409 1411 1101)
4(1097 1101 1102 1098)
4(1098 1102 1412 1410)
4(996 1390 1392 1000)
4(996 1000 1101 1097)
4(995 999 1000 996)
4(999 1000 1002 1001)
4(996 998 1002 1000)
4(997 1001 1002 998)
4(995 997 998 996)
4(995 999 1001 997)
4(1027 1028 1030 1029)
4(1000 1002 1030 1028)
4(1001 1029 1030 1002)
4(999 1027 1029 1001)
4(1028 1030 1034 1032)
4(1027 1031 1033 1029)
4(1027 1028 1032 1031)
4(1129 1131 1135 1133)
4(1028 1129 1133 1032)
4(1028 1030 1131 1129)
4(1130 1132 1136 1134)
4(1129 1130 1134 1133)
4(1129 1131 1132 1130)
4(1130 1137 1141 1134)
4(1130 1132 1139 1137)
4(1116 1120 1134 1130)
4(1116 1123 1127 1120)
4(1115 1119 1133 1129)
4(1115 1116 1120 1119)
4(1014 1115 1119 1018)
4(1014 1018 1032 1028)
4(1113 1115 1119 1117)
4(1012 1016 1018 1014)
4(1114 1116 1120 1118)
4(1113 1114 1118 1117)
4(1114 1121 1125 1118)
4(892 896 1118 1114)
4(892 899 903 896)
4(891 892 896 895)
4(893 894 896 895)
4(890 892 896 894)
4(889 890 894 893)
4(889 893 895 891)
4(893 939 941 895)
4(893 894 940 939)
4(774 893 939 810)
4(774 776 895 893)
4(774 810 812 776)
4(879 893 939 933)
4(760 879 933 804)
4(760 774 893 879)
4(760 804 810 774)
4(879 880 934 933)
4(879 893 894 880)
4(877 931 933 879)
4(877 878 932 931)
4(877 879 880 878)
4(758 877 931 802)
4(758 802 804 760)
4(758 760 879 877)
4(835 877 931 923)
4(698 788 802 758)
4(698 835 923 788)
4(698 758 877 835)
4(835 836 924 923)
4(835 877 878 836)
4(834 836 924 922)
4(833 921 923 835)
4(833 835 836 834)
4(834 836 843 841)
4(832 836 843 839)
4(830 832 839 837)
4(830 834 836 832)
4(874 878 885 881)
4(832 836 878 874)
4(832 874 881 839)
4(876 880 887 883)
4(874 878 880 876)
4(890 894 901 897)
4(876 880 894 890)
4(875 879 893 889)
4(875 876 880 879)
4(770 774 893 889)
4(756 875 879 760)
4(756 760 774 770)
4(770 774 776 772)
4(773 774 776 775)
4(771 775 776 772)
4(769 773 775 771)
4(769 770 774 773)
4(773 809 811 775)
4(773 774 810 809)
4(766 773 809 806)
4(766 768 775 773)
4(766 806 808 768)
4(759 773 809 803)
4(752 759 803 800)
4(752 766 773 759)
4(752 800 806 766)
4(759 760 804 803)
4(759 773 774 760)
4(757 801 803 759)
4(757 758 802 801)
4(757 759 760 758)
4(750 757 801 798)
4(750 752 759 757)
4(750 798 800 752)
4(697 757 801 787)
4(690 750 757 697)
4(690 697 787 784)
4(690 784 798 750)
4(697 698 788 787)
4(697 757 758 698)
4(696 698 788 786)
4(695 697 698 696)
4(695 785 787 697)
4(696 698 835 833)
4(694 698 835 831)
4(829 831 835 833)
4(692 694 831 829)
4(692 696 698 694)
4(754 758 877 873)
4(831 873 877 835)
4(694 698 758 754)
4(694 754 873 831)
4(873 875 879 877)
4(754 758 760 756)
4(873 874 878 877)
4(831 873 874 832)
4(831 832 836 835)
4(820 856 874 832)
4(819 831 873 855)
4(819 855 856 820)
4(819 820 832 831)
4(827 861 881 839)
4(820 856 861 827)
4(820 827 839 832)
4(861 881 882 862)
4(827 861 862 828)
4(861 881 883 863)
4(863 883 884 864)
4(861 863 864 862)
4(862 864 884 882)
4(861 1363 1364 863)
4(863 1364 1374 883)
4(857 1361 1362 859)
4(863 859 1362 1364)
4(857 859 863 861)
4(323 1267 1268 325)
4(859 325 1268 1362)
4(323 325 859 857)
4(319 1265 1266 321)
4(325 321 1266 1268)
4(319 321 325 323)
4(299 1251 1252 301)
4(321 301 1252 1266)
4(299 301 321 319)
4(301 297 1250 1252)
4(295 297 301 299)
4(311 307 1257 1259)
4(301 311 1259 1252)
4(297 307 311 301)
4(313 309 1258 1260)
4(311 313 1260 1259)
4(307 309 313 311)
4(309 1258 1307 567)
4(571 567 1307 1309)
4(313 571 1309 1260)
4(309 567 571 313)
4(306 1256 1304 564)
4(567 564 1304 1307)
4(306 564 567 309)
4(305 1255 1303 563)
4(564 563 1303 1304)
4(305 563 564 306)
4(174 1228 1280 450)
4(563 450 1280 1303)
4(174 450 563 305)
4(173 1227 1279 449)
4(450 449 1279 1280)
4(173 449 450 174)
4(168 1222 1274 444)
4(449 444 1274 1279)
4(168 444 449 173)
4(444 443 1273 1274)
4(167 443 444 168)
4(444 446 1276 1274)
4(443 445 446 444)
4(449 451 1281 1279)
4(444 446 451 449)
4(450 452 1282 1280)
4(449 451 452 450)
4(563 565 1305 1303)
4(450 452 565 563)
4(564 566 1306 1304)
4(563 565 566 564)
4(567 569 1308 1307)
4(564 566 569 567)
4(571 573 1310 1309)
4(567 569 573 571)
4(591 593 1318 1317)
4(591 1317 1309 571)
4(571 573 593 591)
4(597 1320 1319 595)
4(595 1319 1317 591)
4(591 593 597 595)
4(1089 1091 1406 1405)
4(1089 1405 1319 595)
4(595 597 1091 1089)
4(1093 1095 1408 1407)
4(1093 1407 1405 1089)
4(1089 1091 1095 1093)
4(1121 1419 1407 1093)
4(1093 1095 1123 1121)
4(871 1368 1407 1093)
4(899 1380 1368 871)
4(871 1093 1121 899)
4(867 1366 1405 1089)
4(867 871 1368 1366)
4(867 1089 1093 871)
4(595 333 1272 1319)
4(333 867 1366 1272)
4(333 595 1089 867)
4(329 1270 1317 591)
4(333 1272 1270 329)
4(329 591 595 333)
4(329 1270 1260 313)
4(313 571 591 329)
4(327 329 1270 1269)
4(327 1269 1259 311)
4(311 313 329 327)
4(331 333 1272 1271)
4(331 1271 1269 327)
4(327 329 333 331)
4(865 867 1366 1365)
4(865 1365 1271 331)
4(331 333 867 865)
4(871 1368 1367 869)
4(869 1367 1365 865)
4(865 867 871 869)
4(897 1379 1367 869)
4(869 871 899 897)
4(869 863 1364 1367)
4(863 869 897 883)
4(859 1362 1365 865)
4(859 865 869 863)
4(325 1268 1271 331)
4(325 331 865 859)
4(321 1266 1269 327)
4(321 327 331 325)
4(301 311 327 321)
4(321 322 328 327)
4(302 312 328 322)
4(311 327 328 312)
4(301 311 312 302)
4(301 302 322 321)
4(325 326 332 331)
4(327 331 332 328)
4(322 328 332 326)
4(321 322 326 325)
4(859 860 866 865)
4(331 865 866 332)
4(326 332 866 860)
4(325 326 860 859)
4(863 864 870 869)
4(859 860 864 863)
4(865 869 870 866)
4(860 866 870 864)
4(869 897 898 870)
4(864 870 898 884)
4(871 899 900 872)
4(869 871 872 870)
4(870 872 900 898)
4(1093 1121 1122 1094)
4(872 1094 1122 900)
4(871 1093 1094 872)
4(1095 1123 1124 1096)
4(1094 1096 1124 1122)
4(1093 1095 1096 1094)
4(1109 1137 1138 1110)
4(1095 1109 1110 1096)
4(1109 1137 1139 1111)
4(1109 1111 1112 1110)
4(1102 1130 1132 1104)
4(1102 1104 1111 1109)
4(1101 1129 1131 1103)
4(1101 1103 1104 1102)
4(1000 1002 1103 1101)
4(1097 1099 1103 1101)
4(1098 1100 1104 1102)
4(1097 1099 1100 1098)
4(1098 1105 1109 1102)
4(1105 1107 1111 1109)
4(1098 1100 1107 1105)
4(1105 1413 1410 1098)
4(604 611 1326 1324)
4(604 1098 1105 611)
4(607 1325 1322 600)
4(600 604 611 607)
4(580 1314 1322 600)
4(580 600 607 587)
4(587 1316 1314 580)
4(579 1313 1321 599)
4(579 599 600 580)
4(580 1314 1313 579)
4(466 1290 1300 482)
4(466 482 599 579)
4(579 1313 1290 466)
4(465 1289 1299 481)
4(466 1290 1289 465)
4(465 481 482 466)
4(458 1286 1296 474)
4(465 1289 1286 458)
4(458 474 481 465)
4(457 1285 1295 473)
4(458 1286 1285 457)
4(457 473 474 458)
4(448 1278 1292 470)
4(448 470 473 457)
4(447 469 470 448)
4(428 469 470 430)
4(418 430 470 448)
4(416 418 448 447)
4(416 447 469 428)
4(416 428 430 418)
4(432 471 472 434)
4(430 434 472 470)
4(428 432 434 430)
4(428 469 471 432)
4(952 983 984 954)
4(434 954 984 472)
4(432 471 983 952)
4(432 952 954 434)
4(956 985 986 958)
4(954 958 986 984)
4(952 983 985 956)
4(952 956 958 954)
4(968 1003 1005 970)
4(958 970 1005 986)
4(956 985 1003 968)
4(956 968 970 958)
4(970 974 1009 1005)
4(968 1003 1007 972)
4(968 972 974 970)
4(976 980 1023 1019)
4(970 976 1019 1005)
4(970 974 980 976)
4(978 982 1025 1021)
4(976 978 1021 1019)
4(976 980 982 978)
4(978 1040 1051 1021)
4(978 982 1042 1040)
4(993 1045 1051 1021)
4(966 993 1021 978)
4(966 1038 1045 993)
4(966 978 1040 1038)
4(994 1046 1052 1022)
4(993 994 1022 1021)
4(993 1045 1046 994)
4(1001 1049 1055 1029)
4(994 1046 1049 1001)
4(994 1001 1029 1022)
4(1001 1049 1050 1002)
4(997 1001 1049 1047)
4(997 1047 1048 998)
4(990 1044 1047 997)
4(990 997 1001 994)
4(990 994 1046 1044)
4(487 511 1047 997)
4(480 487 997 990)
4(480 990 1044 508)
4(480 508 511 487)
4(487 488 998 997)
4(487 511 512 488)
4(485 995 997 487)
4(485 487 488 486)
4(988 995 997 990)
4(478 988 990 480)
4(478 480 487 485)
4(992 999 1001 994)
4(988 992 994 990)
4(1020 1027 1029 1022)
4(992 1020 1022 994)
4(1020 1027 1031 1024)
4(1013 1027 1031 1017)
4(1006 1013 1017 1010)
4(1013 1014 1018 1017)
4(1011 1015 1017 1013)
4(1011 1012 1016 1015)
4(1004 1011 1015 1008)
4(771 1011 1015 775)
4(764 771 775 768)
4(762 769 773 766)
4(762 766 768 764)
4(755 769 773 759)
4(748 755 759 752)
4(748 752 766 762)
4(755 756 760 759)
4(753 757 759 755)
4(753 754 758 757)
4(746 753 757 750)
4(746 750 752 748)
4(693 753 757 697)
4(686 693 697 690)
4(686 690 750 746)
4(686 746 753 693)
4(693 753 754 694)
4(693 694 698 697)
4(682 740 754 694)
4(681 682 694 693)
4(681 693 753 739)
4(681 739 740 682)
4(682 740 855 819)
4(682 819 831 694)
4(815 853 855 819)
4(678 815 819 682)
4(678 738 853 815)
4(678 682 740 738)
4(816 854 856 820)
4(815 816 820 819)
4(815 853 854 816)
4(823 857 861 827)
4(816 854 857 823)
4(816 823 827 820)
4(857 861 862 858)
4(823 857 858 824)
4(823 824 828 827)
4(858 860 864 862)
4(857 859 860 858)
4(862 907 908 864)
4(860 864 908 906)
4(858 860 906 905)
4(882 913 914 884)
4(864 884 914 908)
4(884 888 916 914)
4(898 902 919 917)
4(884 898 917 914)
4(900 904 920 918)
4(898 900 918 917)
4(1122 1126 1155 1153)
4(900 1122 1153 918)
4(1122 1124 1154 1153)
4(1094 1147 1153 1122)
4(1094 1096 1148 1147)
4(872 1094 1147 912)
4(872 912 918 900)
4(1090 1094 1147 1145)
4(868 1090 1145 910)
4(868 872 1094 1090)
4(868 910 912 872)
4(1092 1096 1148 1146)
4(1090 1092 1146 1145)
4(1090 1094 1096 1092)
4(1106 1110 1151 1149)
4(1092 1106 1149 1146)
4(1092 1096 1110 1106)
4(1106 1108 1150 1149)
4(1106 1110 1112 1108)
4(612 629 1149 1106)
4(612 1106 1108 614)
4(612 614 630 629)
4(598 626 1146 1092)
4(598 612 629 626)
4(598 1092 1106 612)
4(596 625 1145 1090)
4(596 1090 1092 598)
4(596 598 626 625)
4(334 868 1090 596)
4(334 596 625 350)
4(334 350 910 868)
4(867 868 1090 1089)
4(595 1089 1090 596)
4(333 595 596 334)
4(333 334 868 867)
4(1089 1093 1094 1090)
4(867 868 872 871)
4(1091 1095 1096 1092)
4(1089 1091 1092 1090)
4(1105 1109 1110 1106)
4(1091 1105 1106 1092)
4(1105 1107 1108 1106)
4(611 1105 1107 613)
4(611 613 614 612)
4(611 612 1106 1105)
4(604 1098 1100 606)
4(604 606 613 611)
4(603 605 606 604)
4(601 605 606 602)
4(599 603 605 601)
4(599 601 602 600)
4(600 602 606 604)
4(602 640 642 606)
4(601 639 640 602)
4(601 605 641 639)
4(609 643 645 613)
4(602 640 643 609)
4(602 609 613 606)
4(610 644 646 614)
4(609 643 644 610)
4(609 610 614 613)
4(610 644 649 628)
4(610 628 630 614)
4(590 638 648 622)
4(590 610 644 638)
4(590 622 628 610)
4(586 636 647 620)
4(586 590 638 636)
4(586 620 622 590)
4(544 586 636 560)
4(544 552 620 586)
4(544 560 562 552)
4(585 586 636 635)
4(543 544 586 585)
4(543 585 635 559)
4(543 559 560 544)
4(589 590 638 637)
4(585 586 590 589)
4(585 589 637 635)
4(589 609 643 637)
4(589 590 610 609)
4(582 602 640 634)
4(582 589 609 602)
4(582 634 637 589)
4(581 601 639 633)
4(581 582 602 601)
4(581 633 634 582)
4(484 601 639 510)
4(468 581 601 484)
4(468 484 510 504)
4(468 504 633 581)
4(484 601 605 488)
4(484 488 512 510)
4(482 484 601 599)
4(482 486 488 484)
4(579 581 601 599)
4(466 468 581 579)
4(466 482 484 468)
4(580 582 602 600)
4(579 581 582 580)
4(600 607 609 602)
4(587 589 609 607)
4(580 582 589 587)
4(607 609 613 611)
4(608 610 614 612)
4(607 609 610 608)
4(607 608 612 611)
4(608 627 629 612)
4(608 610 628 627)
4(594 608 627 624)
4(594 598 612 608)
4(594 624 626 598)
4(588 608 627 621)
4(574 588 621 618)
4(574 594 608 588)
4(574 618 624 594)
4(588 590 622 621)
4(588 608 610 590)
4(584 619 621 588)
4(584 586 620 619)
4(584 588 590 586)
4(570 584 619 616)
4(570 616 618 574)
4(570 574 588 584)
4(542 584 619 551)
4(528 548 616 570)
4(528 542 551 548)
4(528 570 584 542)
4(542 584 586 544)
4(542 544 552 551)
4(583 584 586 585)
4(541 583 585 543)
4(541 542 584 583)
4(541 543 544 542)
4(587 588 590 589)
4(583 587 589 585)
4(583 584 588 587)
4(587 588 608 607)
4(593 594 608 607)
4(573 574 594 593)
4(573 587 588 574)
4(597 598 612 611)
4(593 594 598 597)
4(597 598 1092 1091)
4(595 597 598 596)
4(592 594 598 596)
4(591 593 594 592)
4(591 592 596 595)
4(592 623 625 596)
4(592 594 624 623)
4(330 592 623 348)
4(330 334 596 592)
4(330 348 350 334)
4(572 592 623 617)
4(314 572 617 342)
4(314 330 592 572)
4(314 342 348 330)
4(572 574 618 617)
4(572 592 594 574)
4(568 615 617 572)
4(568 570 616 615)
4(568 572 574 570)
4(310 568 615 340)
4(310 340 342 314)
4(310 314 572 568)
4(526 568 615 547)
4(240 248 340 310)
4(240 310 568 526)
4(240 526 547 248)
4(526 568 570 528)
4(526 528 548 547)
4(567 568 570 569)
4(525 526 568 567)
4(525 567 569 527)
4(525 527 528 526)
4(527 569 570 528)
4(571 572 574 573)
4(567 568 572 571)
4(569 573 574 570)
4(571 572 592 591)
4(329 330 592 591)
4(313 314 330 329)
4(313 571 572 314)
4(329 330 334 333)
4(331 332 334 333)
4(328 330 334 332)
4(327 329 330 328)
4(865 866 868 867)
4(332 334 868 866)
4(866 868 872 870)
4(870 911 912 872)
4(866 909 911 870)
4(866 868 910 909)
4(870 911 917 898)
4(864 870 911 908)
4(860 866 909 906)
4(332 866 909 349)
4(326 332 349 346)
4(326 346 906 860)
4(332 334 350 349)
4(328 347 349 332)
4(328 330 348 347)
4(322 328 347 344)
4(322 344 346 326)
4(312 328 347 341)
4(302 312 341 338)
4(302 338 344 322)
4(312 314 342 341)
4(312 328 330 314)
4(308 339 341 312)
4(308 310 340 339)
4(308 312 314 310)
4(298 308 339 336)
4(298 302 312 308)
4(298 336 338 302)
4(238 308 339 247)
4(224 298 308 238)
4(224 244 336 298)
4(224 238 247 244)
4(238 308 310 240)
4(238 240 248 247)
4(307 308 310 309)
4(239 309 310 240)
4(237 307 309 239)
4(237 238 308 307)
4(237 239 240 238)
4(311 312 314 313)
4(309 313 314 310)
4(307 308 312 311)
4(309 567 568 310)
4(239 309 567 525)
4(239 525 526 240)
4(518 564 567 525)
4(232 306 564 518)
4(232 518 525 239)
4(232 239 309 306)
4(520 566 569 527)
4(518 564 566 520)
4(518 520 527 525)
4(534 576 583 541)
4(520 566 576 534)
4(527 541 583 569)
4(520 534 541 527)
4(576 583 585 578)
4(536 578 585 543)
4(534 576 578 536)
4(534 536 543 541)
4(576 583 587 580)
4(578 582 589 585)
4(576 580 582 578)
4(576 1312 1314 580)
4(575 1311 1313 579)
4(575 579 580 576)
4(462 1288 1290 466)
4(462 466 579 575)
4(461 1287 1289 465)
4(461 465 466 462)
4(454 1284 1286 458)
4(454 458 465 461)
4(453 457 458 454)
4(457 458 460 459)
4(455 459 460 456)
4(453 457 459 455)
4(454 456 460 458)
4(453 455 456 454)
4(473 474 476 475)
4(459 475 476 460)
4(457 473 475 459)
4(458 460 476 474)
4(477 478 480 479)
4(473 477 479 475)
4(475 479 480 476)
4(474 476 480 478)
4(987 988 990 989)
4(479 989 990 480)
4(477 987 989 479)
4(991 992 994 993)
4(987 991 993 989)
4(989 993 994 990)
4(991 1019 1021 993)
4(964 991 1019 976)
4(964 966 993 991)
4(964 976 978 966)
4(958 964 991 986)
4(958 970 976 964)
4(960 964 991 987)
4(954 958 964 960)
4(954 960 987 984)
4(962 966 993 989)
4(960 964 966 962)
4(960 962 989 987)
4(989 1043 1045 993)
4(962 1036 1043 989)
4(962 966 1038 1036)
4(989 1043 1044 990)
4(479 989 1043 507)
4(479 507 508 480)
4(442 962 1036 496)
4(442 479 989 962)
4(442 496 507 479)
4(961 962 1036 1035)
4(441 442 962 961)
4(441 495 496 442)
4(965 966 1038 1037)
4(961 962 966 965)
4(977 978 1040 1039)
4(965 966 978 977)
4(977 978 982 981)
4(975 976 980 979)
4(975 977 978 976)
4(969 975 976 970)
4(969 970 974 973)
4(963 975 976 964)
4(957 963 964 958)
4(957 958 970 969)
4(963 965 966 964)
4(959 960 964 963)
4(959 961 962 960)
4(953 959 960 954)
4(953 954 958 957)
4(439 959 960 440)
4(434 440 960 954)
4(433 434 954 953)
4(433 439 440 434)
4(440 442 962 960)
4(439 441 442 440)
4(440 477 987 960)
4(440 442 479 477)
4(434 440 477 472)
4(436 440 477 473)
4(430 434 440 436)
4(430 436 473 470)
4(438 442 479 475)
4(436 440 442 438)
4(436 438 475 473)
4(475 505 507 479)
4(438 494 505 475)
4(438 442 496 494)
4(476 506 508 480)
4(475 505 506 476)
4(483 509 511 487)
4(476 506 509 483)
4(476 483 487 480)
4(483 509 510 484)
4(483 484 488 487)
4(467 483 509 503)
4(467 503 504 468)
4(467 468 484 483)
4(460 476 506 500)
4(460 500 503 467)
4(460 467 483 476)
4(459 475 505 499)
4(459 499 500 460)
4(426 492 499 459)
4(426 438 494 492)
4(426 459 475 438)
4(455 497 499 459)
4(422 426 492 490)
4(422 455 459 426)
4(422 490 497 455)
4(456 498 500 460)
4(455 497 498 456)
4(463 501 503 467)
4(456 498 501 463)
4(456 463 467 460)
4(464 502 504 468)
4(463 501 502 464)
4(463 464 468 467)
4(577 631 633 581)
4(464 502 631 577)
4(464 577 581 468)
4(578 632 634 582)
4(577 631 632 578)
4(577 578 582 581)
4(578 632 635 585)
4(536 578 632 556)
4(536 556 559 543)
4(535 577 631 555)
4(535 536 578 577)
4(535 555 556 536)
4(398 535 577 464)
4(398 410 555 535)
4(398 464 502 410)
4(462 575 577 464)
4(533 535 577 575)
4(396 533 575 462)
4(396 398 535 533)
4(396 462 464 398)
4(575 577 581 579)
4(462 466 468 464)
4(575 577 578 576)
4(533 534 576 575)
4(533 535 536 534)
4(519 565 575 533)
4(519 520 566 565)
4(519 533 534 520)
4(382 519 565 452)
4(382 396 533 519)
4(382 452 462 396)
4(517 519 565 563)
4(380 517 563 450)
4(380 382 519 517)
4(380 450 452 382)
4(517 518 564 563)
4(517 519 520 518)
4(231 305 563 517)
4(231 517 518 232)
4(231 232 306 305)
4(71 380 517 231)
4(71 174 450 380)
4(71 231 305 174)
4(376 380 517 513)
4(227 513 517 231)
4(67 71 380 376)
4(67 227 231 71)
4(378 382 519 515)
4(513 515 519 517)
4(376 380 382 378)
4(392 396 533 529)
4(515 529 533 519)
4(378 382 396 392)
4(394 398 535 531)
4(529 531 535 533)
4(392 396 398 394)
4(531 553 555 535)
4(394 398 410 408)
4(532 554 556 536)
4(531 532 536 535)
4(539 557 559 543)
4(532 539 543 536)
4(540 558 560 544)
4(539 540 544 543)
4(540 550 552 544)
4(538 549 551 542)
4(538 542 544 540)
4(524 546 548 528)
4(524 528 542 538)
4(522 545 547 526)
4(522 526 528 524)
4(236 240 526 522)
4(236 246 248 240)
4(521 525 526 522)
4(235 239 525 521)
4(235 236 240 239)
4(523 527 528 524)
4(521 525 527 523)
4(527 528 542 541)
4(537 541 542 538)
4(523 527 541 537)
4(569 570 584 583)
4(537 541 543 539)
4(530 537 541 534)
4(530 534 536 532)
4(516 520 534 530)
4(516 523 527 520)
4(529 533 534 530)
4(515 516 520 519)
4(514 516 520 518)
4(513 514 518 517)
4(514 521 525 518)
4(228 232 518 514)
4(228 235 239 232)
4(227 228 232 231)
4(229 230 232 231)
4(226 228 232 230)
4(225 226 230 229)
4(225 229 231 227)
4(230 232 306 304)
4(229 303 305 231)
4(229 230 304 303)
4(230 237 307 304)
4(230 232 239 237)
4(223 237 307 297)
4(216 223 297 292)
4(216 292 304 230)
4(216 230 237 223)
4(297 298 308 307)
4(223 224 298 297)
4(223 237 238 224)
4(297 298 302 301)
4(299 300 302 301)
4(296 298 302 300)
4(295 297 298 296)
4(295 296 300 299)
4(319 320 322 321)
4(300 302 322 320)
4(299 300 320 319)
4(323 324 326 325)
4(320 322 326 324)
4(319 320 324 323)
4(324 326 860 858)
4(323 324 858 857)
4(324 326 346 345)
4(320 322 344 343)
4(300 302 338 337)
4(296 298 336 335)
4(222 296 298 224)
4(222 224 244 243)
4(221 295 297 223)
4(221 222 296 295)
4(221 223 224 222)
4(214 221 295 290)
4(214 290 292 216)
4(214 216 223 221)
4(252 259 295 290)
4(196 252 290 214)
4(203 221 295 259)
4(196 203 259 252)
4(196 214 221 203)
4(256 263 299 294)
4(252 256 294 290)
4(259 295 299 263)
4(252 259 263 256)
4(268 275 319 316)
4(256 268 316 294)
4(263 299 319 275)
4(256 263 275 268)
4(272 279 323 318)
4(268 272 318 316)
4(268 275 279 272)
4(275 319 323 279)
4(279 323 857 823)
4(272 816 854 318)
4(272 279 823 816)
4(279 280 824 823)
4(279 323 324 280)
4(821 822 824 823)
4(277 821 823 279)
4(277 279 280 278)
4(821 825 827 823)
4(818 825 827 820)
4(814 818 820 816)
4(814 816 823 821)
4(818 830 832 820)
4(829 830 832 831)
4(817 829 831 819)
4(817 819 820 818)
4(680 682 819 817)
4(680 692 694 682)
4(813 815 819 817)
4(676 678 815 813)
4(676 680 682 678)
4(813 815 816 814)
4(271 815 816 272)
4(269 813 815 271)
4(269 271 272 270)
4(270 272 816 814)
4(271 815 853 317)
4(271 317 318 272)
4(119 271 815 678)
4(119 678 738 184)
4(119 184 317 271)
4(117 676 678 119)
4(117 119 271 269)
4(675 676 678 677)
4(118 677 678 119)
4(116 118 119 117)
4(116 675 677 118)
4(679 680 682 681)
4(677 681 682 678)
4(675 679 681 677)
4(691 692 694 693)
4(679 691 693 681)
4(691 695 697 693)
4(688 695 697 690)
4(684 688 690 686)
4(684 686 693 691)
4(688 782 784 690)
4(689 783 784 690)
4(687 781 783 689)
4(687 689 690 688)
4(749 797 798 750)
4(689 749 750 690)
4(689 783 797 749)
4(751 799 800 752)
4(749 751 752 750)
4(765 805 806 766)
4(751 765 766 752)
4(765 767 768 766)
4(761 765 767 763)
4(761 762 766 765)
4(726 730 767 763)
4(724 728 730 726)
4(724 761 765 728)
4(724 726 763 761)
4(726 968 1003 763)
4(726 730 972 968)
4(714 956 985 744)
4(714 726 968 956)
4(714 744 763 726)
4(710 952 983 742)
4(710 714 956 952)
4(710 742 744 714)
4(151 710 952 432)
4(151 432 471 188)
4(151 188 742 710)
4(709 710 952 951)
4(431 951 952 432)
4(150 431 432 151)
4(150 151 710 709)
4(713 714 956 955)
4(951 955 956 952)
4(709 710 714 713)
4(725 726 968 967)
4(955 967 968 956)
4(713 714 726 725)
4(967 971 972 968)
4(725 726 730 729)
4(967 969 970 968)
4(955 957 958 956)
4(951 953 954 952)
4(431 433 434 432)
4(429 433 434 430)
4(427 428 432 431)
4(427 429 430 428)
4(435 439 440 436)
4(429 435 436 430)
4(437 441 442 438)
4(435 437 438 436)
4(437 493 494 438)
4(425 491 492 426)
4(425 426 438 437)
4(421 422 426 425)
4(423 424 426 425)
4(420 422 426 424)
4(419 420 424 423)
4(419 421 422 420)
4(424 426 438 436)
4(423 424 436 435)
4(424 457 473 436)
4(424 426 459 457)
4(418 424 457 448)
4(418 430 436 424)
4(420 424 457 453)
4(414 420 453 445)
4(414 445 448 418)
4(414 418 424 420)
4(420 422 455 453)
4(366 422 455 389)
4(364 366 389 387)
4(387 389 455 453)
4(364 387 453 420)
4(364 420 422 366)
4(389 405 497 455)
4(366 402 405 389)
4(390 406 498 456)
4(389 405 406 390)
4(389 390 456 455)
4(397 409 501 463)
4(390 397 463 456)
4(390 406 409 397)
4(397 398 464 463)
4(397 409 410 398)
4(461 462 464 463)
4(395 461 463 397)
4(395 396 462 461)
4(395 397 398 396)
4(465 466 468 467)
4(461 465 467 463)
4(481 482 484 483)
4(465 481 483 467)
4(481 485 487 483)
4(474 476 483 481)
4(458 460 467 465)
4(454 456 463 461)
4(388 395 461 454)
4(388 454 456 390)
4(388 390 397 395)
4(381 395 461 451)
4(374 381 451 446)
4(374 446 454 388)
4(374 388 395 381)
4(381 382 452 451)
4(381 395 396 382)
4(379 449 451 381)
4(379 380 450 449)
4(379 381 382 380)
4(372 379 449 444)
4(372 374 381 379)
4(372 444 446 374)
4(70 379 449 173)
4(63 372 379 70)
4(63 168 444 372)
4(63 70 173 168)
4(70 379 380 71)
4(70 71 174 173)
4(375 379 380 376)
4(66 70 379 375)
4(66 67 71 70)
4(377 381 382 378)
4(375 379 381 377)
4(391 395 396 392)
4(377 381 395 391)
4(393 397 398 394)
4(391 395 397 393)
4(393 397 409 407)
4(386 390 406 404)
4(386 393 397 390)
4(385 389 405 403)
4(385 386 390 389)
4(362 385 389 366)
4(383 385 389 387)
4(360 364 366 362)
4(360 383 387 364)
4(387 388 390 389)
4(383 384 388 387)
4(384 386 390 388)
4(387 388 454 453)
4(373 445 453 387)
4(373 387 388 374)
4(373 374 446 445)
4(358 373 445 414)
4(358 414 420 364)
4(358 364 387 373)
4(412 443 445 414)
4(371 373 445 443)
4(356 358 373 371)
4(356 371 443 412)
4(356 412 414 358)
4(412 443 447 416)
4(412 416 418 414)
4(135 170 447 416)
4(131 412 443 167)
4(131 135 416 412)
4(131 167 170 135)
4(147 186 469 428)
4(135 147 428 416)
4(135 170 186 147)
4(147 151 432 428)
4(147 186 188 151)
4(146 427 428 147)
4(146 147 151 150)
4(415 427 428 416)
4(134 415 416 135)
4(134 135 147 146)
4(417 429 430 418)
4(415 417 418 416)
4(417 423 424 418)
4(413 419 420 414)
4(413 414 418 417)
4(363 419 420 364)
4(357 363 364 358)
4(357 358 414 413)
4(363 365 366 364)
4(359 360 364 363)
4(354 360 364 358)
4(353 354 358 357)
4(369 383 387 373)
4(354 369 373 358)
4(370 384 388 374)
4(369 370 374 373)
4(384 388 395 391)
4(370 377 381 374)
4(368 375 379 372)
4(368 372 374 370)
4(59 63 372 368)
4(59 66 70 63)
4(62 63 372 371)
4(367 371 372 368)
4(58 62 371 367)
4(58 59 63 62)
4(371 443 444 372)
4(62 167 443 371)
4(62 63 168 167)
4(371 373 374 372)
4(367 371 373 369)
4(352 367 371 356)
4(352 356 358 354)
4(39 62 371 356)
4(35 39 356 352)
4(35 58 62 39)
4(39 131 412 356)
4(39 62 167 131)
4(130 131 412 411)
4(355 411 412 356)
4(38 355 356 39)
4(38 39 131 130)
4(411 415 416 412)
4(130 131 135 134)
4(411 413 414 412)
4(355 357 358 356)
4(351 352 356 355)
4(34 35 39 38)
4(36 37 39 38)
4(33 35 39 37)
4(32 33 37 36)
4(128 129 131 130)
4(37 39 131 129)
4(36 37 129 128)
4(132 133 135 134)
4(129 131 135 133)
4(128 129 133 132)
4(144 145 147 146)
4(133 135 147 145)
4(132 133 145 144)
4(148 149 151 150)
4(145 147 151 149)
4(144 145 149 148)
4(707 708 710 709)
4(149 151 710 708)
4(148 149 708 707)
4(711 712 714 713)
4(708 710 714 712)
4(707 708 712 711)
4(723 724 726 725)
4(711 712 724 723)
4(712 714 726 724)
4(723 724 728 727)
4(718 724 728 722)
4(717 718 722 721)
4(717 723 724 718)
4(747 761 765 751)
4(718 724 761 747)
4(747 748 752 751)
4(745 746 750 749)
4(685 689 749 745)
4(685 686 690 689)
4(685 745 746 686)
4(666 689 749 720)
4(662 685 689 666)
4(662 716 745 685)
4(666 689 783 780)
4(664 666 689 687)
4(683 685 689 687)
4(660 662 685 683)
4(683 685 686 684)
4(673 685 686 674)
4(672 674 686 684)
4(671 673 674 672)
4(671 683 685 673)
4(674 735 746 686)
4(673 734 735 674)
4(673 685 745 734)
4(674 735 739 681)
4(674 681 693 686)
4(677 737 739 681)
4(670 732 737 677)
4(670 674 735 732)
4(670 677 681 674)
4(677 737 738 678)
4(118 677 737 183)
4(118 183 184 119)
4(111 670 732 179)
4(111 179 183 118)
4(111 118 677 670)
4(669 670 732 731)
4(110 669 731 178)
4(110 178 179 111)
4(110 111 670 669)
4(669 673 734 731)
4(669 670 674 673)
4(658 673 734 704)
4(654 669 673 658)
4(654 700 731 669)
4(654 658 704 700)
4(658 662 716 704)
4(658 673 685 662)
4(703 715 716 704)
4(657 703 704 658)
4(715 716 718 717)
4(705 717 718 706)
4(703 705 706 704)
4(706 712 724 718)
4(705 711 712 706)
4(712 724 761 743)
4(706 712 743 736)
4(712 714 744 743)
4(708 741 743 712)
4(708 710 742 741)
4(702 708 741 733)
4(702 706 712 708)
4(149 708 741 187)
4(143 149 187 180)
4(143 702 708 149)
4(149 151 188 187)
4(145 185 187 149)
4(145 147 186 185)
4(139 145 185 177)
4(139 143 149 145)
4(139 177 180 143)
4(133 145 185 169)
4(127 133 169 158)
4(127 139 145 133)
4(127 158 177 139)
4(133 135 170 169)
4(129 165 169 133)
4(129 131 167 165)
4(123 129 165 154)
4(123 154 158 127)
4(123 127 133 129)
4(37 129 165 60)
4(31 46 154 123)
4(46 60 165 154)
4(31 37 60 46)
4(31 123 129 37)
4(60 62 167 165)
4(37 39 62 60)
4(61 63 168 166)
4(60 61 166 165)
4(60 62 63 61)
4(68 70 173 171)
4(61 63 70 68)
4(61 68 171 166)
4(69 71 174 172)
4(68 70 71 69)
4(68 69 172 171)
4(69 229 303 172)
4(69 71 231 229)
4(215 229 303 291)
4(55 215 291 162)
4(55 69 229 215)
4(55 162 172 69)
4(215 216 292 291)
4(215 229 230 216)
4(213 289 291 215)
4(213 214 290 289)
4(213 215 216 214)
4(53 213 289 160)
4(53 160 162 55)
4(53 55 215 213)
4(99 251 289 160)
4(195 213 289 251)
4(23 99 160 53)
4(23 195 251 99)
4(23 53 213 195)
4(103 255 293 164)
4(251 289 293 255)
4(99 103 164 160)
4(99 251 255 103)
4(115 267 315 182)
4(255 293 315 267)
4(103 115 182 164)
4(103 255 267 115)
4(267 315 317 271)
4(115 119 184 182)
4(115 267 271 119)
4(267 315 316 268)
4(267 268 272 271)
4(255 293 294 256)
4(255 256 268 267)
4(251 289 290 252)
4(251 252 256 255)
4(195 196 252 251)
4(195 213 214 196)
4(249 250 252 251)
4(194 196 252 250)
4(193 249 251 195)
4(193 195 196 194)
4(253 254 256 255)
4(250 252 256 254)
4(249 253 255 251)
4(265 266 268 267)
4(254 256 268 266)
4(253 265 267 255)
4(266 268 272 270)
4(265 269 271 267)
4(270 277 279 272)
4(273 275 279 277)
4(266 268 275 273)
4(275 279 280 276)
4(273 275 276 274)
4(275 319 320 276)
4(263 299 300 264)
4(263 264 276 275)
4(259 295 296 260)
4(259 260 264 263)
4(203 204 260 259)
4(203 221 222 204)
4(257 258 260 259)
4(201 257 259 203)
4(201 203 204 202)
4(261 262 264 263)
4(257 261 263 259)
4(261 273 275 263)
4(254 256 263 261)
4(250 252 259 257)
4(194 196 203 201)
4(192 196 203 198)
4(197 198 203 201)
4(191 194 196 192)
4(210 214 221 217)
4(198 217 221 203)
4(192 196 214 210)
4(212 216 223 219)
4(217 219 223 221)
4(210 214 216 212)
4(226 230 237 233)
4(219 233 237 223)
4(212 216 230 226)
4(233 235 239 237)
4(234 236 240 238)
4(233 234 238 237)
4(234 245 247 238)
4(220 242 244 224)
4(220 224 238 234)
4(218 222 224 220)
4(219 223 224 220)
4(217 218 222 221)
4(198 200 204 203)
4(199 200 204 202)
4(211 215 229 225)
4(211 212 216 215)
4(65 69 229 225)
4(51 211 215 55)
4(51 55 69 65)
4(65 69 71 67)
4(64 68 70 66)
4(64 65 69 68)
4(57 64 68 61)
4(57 61 63 59)
4(47 54 68 61)
4(50 64 68 54)
4(43 50 54 47)
4(43 47 61 57)
4(54 68 171 161)
4(47 54 161 155)
4(47 155 166 61)
4(54 55 162 161)
4(54 68 69 55)
4(52 159 161 54)
4(52 53 160 159)
4(52 54 55 53)
4(45 52 159 153)
4(45 47 54 52)
4(45 153 155 47)
4(91 98 159 153)
4(22 52 159 98)
4(15 45 52 22)
4(15 22 98 91)
4(15 91 153 45)
4(95 102 163 157)
4(98 159 163 102)
4(91 98 102 95)
4(91 95 157 153)
4(107 114 181 176)
4(102 163 181 114)
4(95 102 114 107)
4(95 107 176 157)
4(114 181 183 118)
4(107 114 118 111)
4(107 111 179 176)
4(114 181 182 115)
4(114 115 119 118)
4(102 163 164 103)
4(102 103 115 114)
4(98 159 160 99)
4(98 99 103 102)
4(22 23 99 98)
4(22 52 53 23)
4(96 97 99 98)
4(21 23 99 97)
4(20 22 23 21)
4(20 96 98 22)
4(100 101 103 102)
4(97 99 103 101)
4(96 100 102 98)
4(112 113 115 114)
4(101 103 115 113)
4(100 112 114 102)
4(113 115 119 117)
4(112 116 118 114)
4(113 115 267 265)
4(101 103 255 253)
4(97 99 251 249)
4(21 23 195 193)
4(19 23 195 190)
4(189 190 195 193)
4(18 21 23 19)
4(49 53 213 209)
4(190 209 213 195)
4(19 23 53 49)
4(209 211 215 213)
4(49 53 55 51)
4(209 210 214 213)
4(190 192 196 195)
4(50 54 55 51)
4(48 52 54 50)
4(48 49 53 52)
4(41 48 52 45)
4(41 45 47 43)
4(17 48 52 22)
4(11 17 22 15)
4(11 15 45 41)
4(17 19 23 22)
4(16 20 22 17)
4(13 20 22 15)
4(10 13 15 11)
4(89 96 98 91)
4(13 89 91 15)
4(93 100 102 95)
4(89 93 95 91)
4(105 112 114 107)
4(93 105 107 95)
4(109 116 118 111)
4(105 109 111 107)
4(668 675 677 670)
4(109 668 670 111)
4(672 679 681 674)
4(668 672 674 670)
4(667 671 673 669)
4(667 669 670 668)
4(656 671 673 658)
4(652 654 669 667)
4(87 654 669 110)
4(108 110 669 667)
4(85 87 110 108)
4(87 654 700 141)
4(87 141 178 110)
4(653 654 700 699)
4(140 699 700 141)
4(86 140 141 87)
4(699 703 704 700)
4(701 705 706 702)
4(699 701 702 700)
4(701 707 708 702)
4(142 143 702 701)
4(142 148 149 143)
4(140 142 143 141)
4(138 142 143 139)
4(136 138 139 137)
4(137 139 143 141)
4(136 137 141 140)
4(138 144 145 139)
4(126 127 139 138)
4(126 132 133 127)
4(125 127 139 137)
4(124 125 137 136)
4(124 126 127 125)
4(137 175 177 139)
4(125 156 175 137)
4(125 127 158 156)
4(137 175 178 141)
4(106 175 178 110)
4(83 137 175 106)
4(83 106 110 87)
4(83 87 141 137)
4(106 175 176 107)
4(106 107 111 110)
4(94 106 175 156)
4(94 156 157 95)
4(94 95 107 106)
4(79 125 156 94)
4(79 94 106 83)
4(79 83 137 125)
4(121 125 156 152)
4(90 152 156 94)
4(75 90 94 79)
4(75 121 152 90)
4(75 79 125 121)
4(121 123 154 152)
4(121 125 127 123)
4(44 46 154 152)
4(29 31 46 44)
4(29 44 152 121)
4(29 121 123 31)
4(46 154 155 47)
4(44 46 47 45)
4(44 45 153 152)
4(46 60 61 47)
4(56 60 61 57)
4(42 46 60 56)
4(42 43 47 46)
4(56 60 62 58)
4(33 56 60 37)
4(27 42 46 31)
4(27 31 37 33)
4(40 42 46 44)
4(25 29 31 27)
4(25 40 44 29)
4(40 41 45 44)
4(14 15 45 44)
4(9 14 44 40)
4(9 11 15 14)
4(90 91 153 152)
4(14 90 152 44)
4(14 15 91 90)
4(90 91 95 94)
4(92 93 95 94)
4(88 92 94 90)
4(88 90 91 89)
4(104 105 107 106)
4(92 104 106 94)
4(108 109 111 110)
4(104 108 110 106)
4(81 83 106 104)
4(77 79 94 92)
4(73 75 90 88)
4(7 75 90 14)
4(5 7 14 12)
4(12 14 90 88)
4(7 75 121 29)
4(7 29 44 14)
4(74 75 121 120)
4(28 120 121 29)
4(78 79 125 124)
4(120 124 125 121)
4(82 83 137 136)
4(122 126 127 123)
4(120 122 123 121)
4(122 128 129 123)
4(30 31 123 122)
4(30 36 37 31)
4(28 30 31 29)
4(26 30 31 27)
4(3 9 14 7)
4(8 9 14 12)
4(12 13 15 14)
4(1354 1356 1377 1375)
4(1375 1377 1378 1376)
4(1364 1374 1379 1367)
4(1367 1379 1380 1368)
4(1372 1376 1379 1374)
4(1376 1378 1380 1379)
4(1206 1207 1209 1208)
4(1206 1210 1211 1207)
4(1206 1208 1212 1210)
4(1207 1213 1215 1209)
4(1213 1214 1216 1215)
4(1207 1211 1217 1213)
4(1213 1217 1218 1214)
4(1208 1209 1220 1219)
4(1219 1220 1222 1221)
4(1208 1219 1223 1212)
4(1219 1221 1224 1223)
4(1209 1215 1225 1220)
4(1215 1216 1226 1225)
4(1220 1225 1227 1222)
4(1225 1226 1228 1227)
4(1210 1229 1230 1211)
4(1210 1212 1231 1229)
4(1229 1232 1233 1230)
4(1229 1231 1234 1232)
4(1211 1230 1235 1217)
4(1217 1235 1236 1218)
4(1230 1233 1237 1235)
4(1235 1237 1238 1236)
4(1212 1223 1239 1231)
4(1223 1224 1240 1239)
4(1231 1239 1241 1234)
4(1239 1240 1242 1241)
4(1242 1293 1381 1338)
4(1293 1294 1382 1381)
4(1338 1381 1383 1340)
4(1381 1382 1384 1383)
4(1294 1297 1385 1382)
4(1214 1243 1245 1216)
4(1243 1244 1246 1245)
4(1297 1298 1386 1385)
4(1214 1218 1247 1243)
4(1243 1247 1248 1244)
4(1382 1385 1387 1384)
4(1244 1249 1250 1246)
4(1244 1248 1251 1249)
4(1249 1251 1252 1250)
4(1216 1245 1253 1226)
4(1245 1246 1254 1253)
4(1226 1253 1255 1228)
4(1385 1386 1388 1387)
4(1253 1254 1256 1255)
4(1246 1250 1257 1254)
4(1254 1257 1258 1256)
4(1298 1301 1389 1386)
4(1250 1252 1259 1257)
4(1257 1259 1260 1258)
4(1218 1236 1261 1247)
4(1301 1302 1390 1389)
4(1247 1261 1262 1248)
4(1236 1238 1263 1261)
4(1261 1263 1264 1262)
4(1386 1389 1391 1388)
4(1248 1262 1265 1251)
4(1251 1265 1266 1252)
4(1262 1264 1267 1265)
4(1389 1390 1392 1391)
4(1265 1267 1268 1266)
4(1252 1266 1269 1259)
4(1340 1383 1393 1351)
4(1259 1269 1270 1260)
4(1266 1268 1271 1269)
4(1383 1384 1395 1393)
4(1269 1271 1272 1270)
4(1351 1393 1394 1352)
4(1393 1395 1396 1394)
4(1352 1394 1397 1355)
4(1355 1397 1398 1356)
4(1394 1396 1399 1397)
4(1397 1399 1400 1398)
4(1384 1387 1401 1395)
4(1387 1388 1402 1401)
4(1395 1401 1402 1396)
4(1388 1391 1403 1402)
4(1391 1392 1404 1403)
4(1396 1402 1403 1399)
4(1399 1403 1404 1400)
4(1221 1222 1274 1273)
4(1273 1274 1276 1275)
4(1221 1273 1277 1224)
4(1273 1275 1278 1277)
4(1222 1227 1279 1274)
4(1227 1228 1280 1279)
4(1274 1279 1281 1276)
4(1279 1280 1282 1281)
4(1275 1276 1284 1283)
4(1275 1283 1285 1278)
4(1283 1284 1286 1285)
4(1276 1281 1287 1284)
4(1281 1282 1288 1287)
4(1284 1287 1289 1286)
4(1287 1288 1290 1289)
4(1224 1277 1291 1240)
4(1277 1278 1292 1291)
4(1240 1291 1293 1242)
4(1291 1292 1294 1293)
4(1278 1285 1295 1292)
4(1285 1286 1296 1295)
4(1292 1295 1297 1294)
4(1295 1296 1298 1297)
4(1286 1289 1299 1296)
4(1289 1290 1300 1299)
4(1296 1299 1301 1298)
4(1299 1300 1302 1301)
4(1272 1366 1405 1319)
4(1319 1405 1406 1320)
4(1228 1255 1303 1280)
4(1366 1368 1407 1405)
4(1255 1256 1304 1303)
4(1280 1303 1305 1282)
4(1303 1304 1306 1305)
4(1405 1407 1408 1406)
4(1256 1258 1307 1304)
4(1304 1307 1308 1306)
4(1258 1260 1309 1307)
4(1307 1309 1310 1308)
4(1302 1323 1409 1390)
4(1282 1305 1311 1288)
4(1305 1306 1312 1311)
4(1288 1311 1313 1290)
4(1323 1324 1410 1409)
4(1311 1312 1314 1313)
4(1306 1308 1315 1312)
4(1308 1310 1316 1315)
4(1390 1409 1411 1392)
4(1312 1315 1316 1314)
4(1260 1270 1317 1309)
4(1309 1317 1318 1310)
4(1409 1410 1412 1411)
4(1270 1272 1319 1317)
4(1317 1319 1320 1318)
4(1320 1406 1413 1326)
4(1290 1313 1321 1300)
4(1313 1314 1322 1321)
4(1300 1321 1323 1302)
4(1321 1322 1324 1323)
4(1324 1326 1413 1410)
4(1310 1318 1325 1316)
4(1314 1316 1325 1322)
4(1318 1320 1326 1325)
4(1322 1325 1326 1324)
4(1406 1408 1414 1413)
4(1410 1413 1414 1412)
4(1356 1398 1415 1377)
4(1377 1415 1416 1378)
4(1398 1400 1417 1415)
4(1415 1417 1418 1416)
4(1368 1380 1419 1407)
4(1407 1419 1420 1408)
4(1378 1416 1419 1380)
4(1416 1418 1420 1419)
4(1392 1411 1421 1404)
4(1411 1412 1422 1421)
4(1400 1404 1421 1417)
4(1417 1421 1422 1418)
4(1408 1420 1423 1414)
4(1412 1414 1423 1422)
4(1418 1422 1423 1420)
4(1232 1327 1328 1233)
4(1232 1234 1329 1327)
4(1327 1330 1331 1328)
4(1327 1329 1332 1330)
4(1233 1328 1333 1237)
4(1237 1333 1334 1238)
4(1328 1331 1335 1333)
4(1333 1335 1336 1334)
4(1234 1241 1337 1329)
4(1241 1242 1338 1337)
4(1329 1337 1339 1332)
4(1337 1338 1340 1339)
4(1330 1341 1342 1331)
4(1330 1332 1343 1341)
4(1341 1343 1344 1342)
4(1331 1342 1345 1335)
4(1335 1345 1346 1336)
4(1342 1344 1347 1345)
4(1345 1347 1348 1346)
4(1332 1339 1349 1343)
4(1339 1340 1351 1349)
4(1343 1349 1350 1344)
4(1349 1351 1352 1350)
4(1344 1350 1353 1347)
4(1347 1353 1354 1348)
4(1350 1352 1355 1353)
4(1353 1355 1356 1354)
4(1238 1334 1357 1263)
4(1263 1357 1358 1264)
4(1334 1336 1359 1357)
4(1357 1359 1360 1358)
4(1264 1358 1361 1267)
4(1267 1361 1362 1268)
4(1358 1360 1363 1361)
4(1361 1363 1364 1362)
4(1268 1362 1365 1271)
4(1271 1365 1366 1272)
4(1362 1364 1367 1365)
4(1365 1367 1368 1366)
4(1336 1346 1369 1359)
4(1359 1369 1370 1360)
4(1346 1348 1371 1369)
4(1369 1371 1372 1370)
4(1360 1370 1373 1363)
4(1363 1373 1374 1364)
4(1370 1372 1374 1373)
4(1348 1354 1375 1371)
4(1371 1375 1376 1372)
4(2152 1667 1427 1909)
4(1909 1427 1429 1912)
4(1912 1429 1431 1913)
4(1913 1431 1433 1916)
4(1916 1433 1435 1917)
4(1667 1670 1437 1427)
4(1670 1671 1439 1437)
4(1671 1674 1441 1439)
4(1674 1675 1443 1441)
4(1427 1437 1444 1429)
4(1429 1444 1445 1431)
4(1437 1439 1446 1444)
4(1444 1446 1447 1445)
4(1431 1445 1448 1433)
4(1433 1448 1449 1435)
4(1445 1447 1450 1448)
4(1448 1450 1451 1449)
4(1439 1441 1452 1446)
4(1446 1452 1453 1447)
4(1441 1443 1454 1452)
4(1452 1454 1455 1453)
4(1447 1453 1456 1450)
4(1450 1456 1457 1451)
4(1453 1455 1458 1456)
4(1456 1458 1459 1457)
4(2069 2090 1583 1556)
4(2090 2091 1584 1583)
4(2091 2092 1587 1584)
4(2092 2093 1588 1587)
4(2093 2250 1878 1588)
4(1556 1583 1591 1570)
4(1583 1584 1592 1591)
4(1570 1591 1593 1572)
4(1591 1592 1594 1593)
4(1584 1587 1595 1592)
4(1587 1588 1596 1595)
4(1592 1595 1597 1594)
4(1595 1596 1598 1597)
4(1572 1593 1599 1578)
4(1593 1594 1600 1599)
4(1578 1599 1601 1580)
4(1599 1600 1602 1601)
4(1594 1597 1603 1600)
4(1597 1598 1604 1603)
4(1600 1603 1605 1602)
4(1603 1604 1606 1605)
4(1588 1878 1879 1596)
4(1596 1879 1880 1598)
4(1598 1880 1881 1604)
4(1604 1881 1882 1606)
4(1917 1435 1461 1944)
4(1944 1461 1463 1945)
4(1945 1463 1465 1948)
4(1948 1465 1467 1949)
4(1949 1467 1788 2175)
4(1435 1449 1470 1461)
4(1461 1470 1471 1463)
4(1449 1451 1472 1470)
4(1470 1472 1473 1471)
4(1463 1471 1474 1465)
4(1465 1474 1475 1467)
4(1471 1473 1476 1474)
4(1474 1476 1477 1475)
4(1451 1457 1478 1472)
4(1472 1478 1479 1473)
4(1457 1459 1480 1478)
4(1478 1480 1481 1479)
4(1473 1479 1482 1476)
4(1476 1482 1483 1477)
4(1479 1481 1484 1482)
4(1482 1484 1485 1483)
4(1467 1475 1791 1788)
4(1475 1477 1792 1791)
4(1477 1483 1795 1792)
4(1483 1485 1796 1795)
4(1675 1702 1491 1443)
4(1702 1703 1493 1491)
4(1703 1706 1495 1493)
4(1706 1707 1497 1495)
4(1443 1491 1498 1454)
4(1454 1498 1499 1455)
4(1491 1493 1500 1498)
4(1498 1500 1501 1499)
4(1455 1499 1502 1458)
4(1458 1502 1503 1459)
4(1499 1501 1504 1502)
4(1502 1504 1505 1503)
4(1493 1495 1506 1500)
4(1500 1506 1507 1501)
4(1495 1497 1508 1506)
4(1506 1508 1509 1507)
4(1501 1507 1510 1504)
4(1504 1510 1511 1505)
4(1507 1509 1512 1510)
4(1510 1512 1513 1511)
4(1707 2193 1975 1497)
4(1497 1975 1978 1508)
4(1508 1978 1979 1509)
4(1509 1979 1982 1512)
4(1512 1982 1983 1513)
4(1761 1564 1612 1782)
4(1782 1612 1614 1783)
4(1783 1614 1616 1784)
4(1784 1616 1618 1785)
4(1564 1575 1619 1612)
4(1575 1576 1620 1619)
4(1612 1619 1621 1614)
4(1459 1503 1520 1480)
4(1619 1620 1622 1621)
4(1480 1520 1521 1481)
4(1503 1505 1522 1520)
4(1576 1579 1623 1620)
4(1520 1522 1523 1521)
4(1481 1521 1524 1484)
4(1579 1580 1624 1623)
4(1484 1524 1525 1485)
4(1521 1523 1526 1524)
4(1620 1623 1625 1622)
4(1524 1526 1527 1525)
4(1505 1511 1528 1522)
4(1623 1624 1626 1625)
4(1522 1528 1529 1523)
4(1511 1513 1530 1528)
4(1614 1621 1627 1616)
4(1528 1530 1531 1529)
4(1523 1529 1532 1526)
4(1621 1622 1628 1627)
4(1526 1532 1533 1527)
4(1529 1531 1534 1532)
4(1616 1627 1629 1618)
4(1532 1534 1535 1533)
4(1627 1628 1630 1629)
4(1485 1525 1823 1796)
4(1622 1625 1631 1628)
4(1525 1527 1824 1823)
4(1625 1626 1632 1631)
4(1527 1533 1827 1824)
4(1628 1631 1633 1630)
4(1533 1535 1828 1827)
4(1631 1632 1634 1633)
4(1513 1983 2010 1530)
4(1785 1618 2120 2267)
4(1618 1629 2121 2120)
4(1530 2010 2011 1531)
4(1629 1630 2122 2121)
4(1630 1633 2123 2122)
4(1531 2011 2014 1534)
4(1633 1634 2124 2123)
4(1534 2014 2015 1535)
4(1535 2015 2215 1828)
4(2228 2065 1548 1757)
4(2065 2066 1551 1548)
4(2066 2067 1552 1551)
4(2067 2068 1555 1552)
4(2068 2069 1556 1555)
4(1757 1548 1558 1758)
4(1758 1558 1560 1759)
4(1759 1560 1562 1760)
4(1760 1562 1564 1761)
4(1548 1551 1565 1558)
4(1551 1552 1566 1565)
4(1558 1565 1567 1560)
4(1565 1566 1568 1567)
4(1552 1555 1569 1566)
4(1555 1556 1570 1569)
4(1566 1569 1571 1568)
4(1569 1570 1572 1571)
4(1560 1567 1573 1562)
4(1567 1568 1574 1573)
4(1562 1573 1575 1564)
4(1573 1574 1576 1575)
4(1568 1571 1577 1574)
4(1571 1572 1578 1577)
4(1574 1577 1579 1576)
4(1577 1578 1580 1579)
4(1580 1601 1641 1624)
4(1601 1602 1642 1641)
4(1624 1641 1643 1626)
4(1641 1642 1644 1643)
4(1602 1605 1645 1642)
4(1605 1606 1646 1645)
4(1642 1645 1647 1644)
4(1645 1646 1648 1647)
4(1626 1643 1649 1632)
4(1643 1644 1650 1649)
4(1632 1649 1651 1634)
4(1649 1650 1652 1651)
4(1644 1647 1653 1650)
4(1647 1648 1654 1653)
4(1650 1653 1655 1652)
4(1653 1654 1656 1655)
4(1606 1882 1903 1646)
4(1646 1903 1904 1648)
4(1648 1904 1905 1654)
4(1654 1905 1906 1656)
4(1634 1651 2145 2124)
4(1651 1652 2146 2145)
4(1652 1655 2147 2146)
4(1655 1656 2148 2147)
4(1656 1906 2288 2148)
4(1909 2154 1666 2152)
4(2152 1908 2155 1667)
4(1912 2157 2154 1909)
4(1667 2155 2161 1670)
4(1913 2158 2157 1912)
4(1916 2159 2158 1913)
4(1917 2160 2159 1916)
4(1944 2169 2160 1917)
4(1670 2161 2162 1671)
4(1671 2162 2163 1674)
4(1674 2163 2164 1675)
4(1675 2164 2187 1702)
4(1945 2170 2169 1944)
4(1948 2171 2170 1945)
4(1949 2172 2171 1948)
4(2175 1787 2172 1949)
4(1788 2177 1952 2175)
4(1791 2179 2177 1788)
4(1792 2180 2179 1791)
4(1795 2181 2180 1792)
4(1796 2182 2181 1795)
4(1823 2205 2182 1796)
4(1702 2187 2188 1703)
4(1703 2188 2189 1706)
4(1706 2189 2190 1707)
4(1707 2190 1974 2193)
4(2193 1710 2195 1975)
4(1975 2195 2197 1978)
4(1978 2197 2198 1979)
4(1979 2198 2199 1982)
4(1982 2199 2200 1983)
4(1983 2200 2209 2010)
4(1824 2206 2205 1823)
4(1827 2207 2206 1824)
4(1828 2208 2207 1827)
4(2215 2018 2208 1828)
4(2010 2209 2210 2011)
4(2011 2210 2211 2014)
4(2014 2211 2212 2015)
4(2015 2212 1831 2215)
4(2228 1756 2230 2065)
4(1757 2231 2064 2228)
4(2065 2230 2232 2066)
4(1758 2236 2231 1757)
4(2066 2232 2233 2067)
4(2067 2233 2234 2068)
4(2068 2234 2235 2069)
4(2069 2235 2244 2090)
4(1759 2237 2236 1758)
4(1760 2238 2237 1759)
4(1761 2239 2238 1760)
4(1782 2261 2239 1761)
4(2090 2244 2245 2091)
4(2091 2245 2246 2092)
4(2092 2246 2247 2093)
4(2093 2247 1877 2250)
4(2250 2094 2252 1878)
4(1878 2252 2253 1879)
4(1879 2253 2254 1880)
4(1880 2254 2255 1881)
4(1881 2255 2256 1882)
4(1882 2256 2278 1903)
4(1783 2262 2261 1782)
4(1784 2263 2262 1783)
4(1785 2264 2263 1784)
4(2267 2119 2264 1785)
4(2120 2269 1786 2267)
4(2121 2270 2269 2120)
4(2122 2271 2270 2121)
4(2123 2272 2271 2122)
4(2124 2273 2272 2123)
4(2145 2282 2273 2124)
4(1903 2278 2279 1904)
4(1904 2279 2280 1905)
4(1905 2280 2281 1906)
4(1906 2281 2149 2288)
4(2146 2283 2282 2145)
4(2147 2284 2283 2146)
4(2148 2285 2284 2147)
4(2288 1907 2285 2148)
4(2152 1666 2153 1908)
4(2175 1952 2176 1787)
4(2193 1974 2194 1710)
4(2215 1831 2216 2018)
4(2228 2064 2229 1756)
4(2250 1877 2251 2094)
4(2267 1786 2268 2119)
4(2288 2149 2289 1907)
4(2151 1910 1669 1426)
4(1426 1669 1672 1436)
4(1436 1672 1673 1438)
4(1438 1673 1676 1440)
4(1440 1676 1677 1442)
4(1910 1920 1679 1669)
4(1920 1922 1681 1679)
4(1922 1924 1683 1681)
4(1924 1926 1685 1683)
4(1669 1679 1686 1672)
4(1672 1686 1687 1673)
4(1679 1681 1688 1686)
4(1686 1688 1689 1687)
4(1673 1687 1690 1676)
4(1676 1690 1691 1677)
4(1687 1689 1692 1690)
4(1690 1692 1693 1691)
4(1681 1683 1694 1688)
4(1688 1694 1695 1689)
4(1683 1685 1696 1694)
4(1694 1696 1697 1695)
4(1689 1695 1698 1692)
4(1692 1698 1699 1693)
4(1695 1697 1700 1698)
4(1698 1700 1701 1699)
4(1701 1745 1762 1722)
4(1722 1762 1763 1723)
4(1745 1747 1764 1762)
4(1762 1764 1765 1763)
4(1723 1763 1766 1726)
4(1726 1766 1767 1727)
4(1763 1765 1768 1766)
4(1766 1768 1769 1767)
4(1747 1753 1770 1764)
4(1764 1770 1771 1765)
4(1753 1755 1772 1770)
4(1770 1772 1773 1771)
4(1765 1771 1774 1768)
4(1768 1774 1775 1769)
4(1771 1773 1776 1774)
4(1774 1776 1777 1775)
4(1442 1677 1704 1490)
4(1490 1704 1705 1492)
4(1492 1705 1708 1494)
4(1494 1708 1709 1496)
4(1496 1709 1976 2192)
4(1677 1691 1712 1704)
4(1704 1712 1713 1705)
4(1691 1693 1714 1712)
4(1712 1714 1715 1713)
4(1705 1713 1716 1708)
4(1708 1716 1717 1709)
4(1713 1715 1718 1716)
4(1716 1718 1719 1717)
4(1693 1699 1720 1714)
4(1714 1720 1721 1715)
4(1699 1701 1722 1720)
4(1720 1722 1723 1721)
4(1727 1767 2095 1992)
4(1715 1721 1724 1718)
4(1718 1724 1725 1719)
4(1767 1769 2097 2095)
4(1721 1723 1726 1724)
4(1724 1726 1727 1725)
4(1769 1775 2099 2097)
4(1775 1777 2101 2099)
4(1709 1717 1986 1976)
4(1717 1719 1988 1986)
4(1719 1725 1990 1988)
4(1725 1727 1992 1990)
4(1755 1563 1611 1772)
4(1772 1611 1613 1773)
4(1773 1613 1615 1776)
4(1776 1615 1617 1777)
4(1777 1617 2266 2101)
4(1926 2040 1733 1685)
4(2040 2042 1735 1733)
4(2042 2044 1737 1735)
4(2044 2046 1739 1737)
4(1685 1733 1740 1696)
4(1696 1740 1741 1697)
4(1733 1735 1742 1740)
4(1740 1742 1743 1741)
4(1697 1741 1744 1700)
4(1700 1744 1745 1701)
4(1741 1743 1746 1744)
4(1744 1746 1747 1745)
4(1735 1737 1748 1742)
4(1742 1748 1749 1743)
4(1737 1739 1750 1748)
4(1748 1750 1751 1749)
4(1743 1749 1752 1746)
4(1746 1752 1753 1747)
4(1749 1751 1754 1752)
4(1752 1754 1755 1753)
4(2046 2227 1547 1739)
4(1739 1547 1557 1750)
4(1750 1557 1559 1751)
4(1751 1559 1561 1754)
4(1754 1561 1563 1755)
4(1426 2155 1908 2151)
4(2151 1424 2156 1910)
4(1436 2161 2155 1426)
4(1910 2156 2165 1920)
4(1438 2162 2161 1436)
4(1440 2163 2162 1438)
4(1442 2164 2163 1440)
4(1490 2187 2164 1442)
4(1920 2165 2166 1922)
4(1922 2166 2167 1924)
4(1924 2167 2168 1926)
4(1926 2168 2222 2040)
4(1492 2188 2187 1490)
4(1494 2189 2188 1492)
4(1496 2190 2189 1494)
4(2192 1974 2190 1496)
4(1976 2196 1514 2192)
4(1986 2201 2196 1976)
4(1988 2202 2201 1986)
4(1990 2203 2202 1988)
4(1992 2204 2203 1990)
4(2095 2257 2204 1992)
4(2040 2222 2223 2042)
4(2042 2223 2224 2044)
4(2044 2224 2225 2046)
4(2046 2225 1545 2227)
4(2227 2064 2231 1547)
4(1547 2231 2236 1557)
4(1557 2236 2237 1559)
4(1559 2237 2238 1561)
4(1561 2238 2239 1563)
4(1563 2239 2261 1611)
4(2097 2258 2257 2095)
4(2099 2259 2258 2097)
4(2101 2260 2259 2099)
4(2266 1635 2260 2101)
4(1611 2261 2262 1613)
4(1613 2262 2263 1615)
4(1615 2263 2264 1617)
4(1617 2264 2119 2266)
4(2151 1908 2153 1424)
4(2192 1514 2194 1974)
4(2227 1545 2229 2064)
4(2266 2119 2268 1635)
4(1806 1817 1861 1854)
4(1817 1818 1862 1861)
4(1854 1861 1863 1856)
4(1861 1862 1864 1863)
4(1818 1821 1865 1862)
4(1821 1822 1866 1865)
4(1862 1865 1867 1864)
4(1865 1866 1868 1867)
4(1856 1863 1869 1858)
4(1863 1864 1870 1869)
4(1858 1869 1871 1860)
4(1869 1870 1872 1871)
4(1864 1867 1873 1870)
4(1867 1868 1874 1873)
4(1870 1873 1875 1872)
4(1873 1874 1876 1875)
4(2089 1860 1590 2249)
4(1860 1871 1607 1590)
4(1871 1872 1608 1607)
4(1872 1875 1609 1608)
4(1875 1876 1610 1609)
4(2174 1469 1790 1953)
4(1469 1486 1793 1790)
4(1486 1487 1794 1793)
4(1487 1488 1797 1794)
4(1488 1489 1798 1797)
4(1953 1790 1800 1970)
4(1970 1800 1802 1971)
4(1971 1802 1804 1972)
4(1972 1804 1806 1973)
4(1790 1793 1807 1800)
4(1793 1794 1808 1807)
4(1800 1807 1809 1802)
4(1807 1808 1810 1809)
4(1794 1797 1811 1808)
4(1797 1798 1812 1811)
4(1808 1811 1813 1810)
4(1811 1812 1814 1813)
4(1802 1809 1815 1804)
4(1809 1810 1816 1815)
4(1804 1815 1817 1806)
4(1815 1816 1818 1817)
4(1810 1813 1819 1816)
4(1813 1814 1820 1819)
4(1816 1819 1821 1818)
4(1819 1820 1822 1821)
4(1489 1536 1825 1798)
4(1536 1537 1826 1825)
4(1537 1538 1829 1826)
4(1538 1539 1830 1829)
4(1539 2214 2019 1830)
4(1798 1825 1833 1812)
4(1825 1826 1834 1833)
4(1812 1833 1835 1814)
4(1833 1834 1836 1835)
4(1826 1829 1837 1834)
4(1829 1830 1838 1837)
4(1834 1837 1839 1836)
4(1837 1838 1840 1839)
4(1814 1835 1841 1820)
4(1835 1836 1842 1841)
4(1820 1841 1843 1822)
4(1841 1842 1844 1843)
4(1836 1839 1845 1842)
4(1839 1840 1846 1845)
4(1842 1845 1847 1844)
4(1845 1846 1848 1847)
4(1830 2019 2036 1838)
4(1838 2036 2037 1840)
4(1840 2037 2038 1846)
4(1846 2038 2039 1848)
4(1822 1843 1883 1866)
4(1843 1844 1884 1883)
4(1866 1883 1885 1868)
4(1883 1884 1886 1885)
4(1844 1847 1887 1884)
4(1847 1848 1888 1887)
4(1884 1887 1889 1886)
4(1887 1888 1890 1889)
4(1868 1885 1891 1874)
4(1885 1886 1892 1891)
4(1874 1891 1893 1876)
4(1891 1892 1894 1893)
4(1886 1889 1895 1892)
4(1889 1890 1896 1895)
4(1892 1895 1897 1894)
4(1895 1896 1898 1897)
4(1848 2039 2141 1888)
4(1888 2141 2142 1890)
4(1890 2142 2143 1896)
4(1896 2143 2144 1898)
4(1973 1806 1854 2086)
4(2086 1854 1856 2087)
4(2087 1856 1858 2088)
4(2088 1858 1860 2089)
4(1876 1893 1657 1610)
4(1893 1894 1658 1657)
4(1894 1897 1659 1658)
4(1897 1898 1660 1659)
4(1898 2144 2287 1660)
4(2174 1952 2177 1469)
4(1953 2178 1468 2174)
4(1469 2177 2179 1486)
4(1970 2183 2178 1953)
4(1486 2179 2180 1487)
4(1487 2180 2181 1488)
4(1488 2181 2182 1489)
4(1489 2182 2205 1536)
4(1971 2184 2183 1970)
4(1972 2185 2184 1971)
4(1973 2186 2185 1972)
4(2086 2240 2186 1973)
4(1536 2205 2206 1537)
4(1537 2206 2207 1538)
4(1538 2207 2208 1539)
4(1539 2208 2018 2214)
4(2214 1544 2217 2019)
4(2019 2217 2218 2036)
4(2036 2218 2219 2037)
4(2037 2219 2220 2038)
4(2038 2220 2221 2039)
4(2039 2221 2274 2141)
4(2087 2241 2240 2086)
4(2088 2242 2241 2087)
4(2089 2243 2242 2088)
4(2249 1589 2243 2089)
4(1590 2252 2094 2249)
4(1607 2253 2252 1590)
4(1608 2254 2253 1607)
4(1609 2255 2254 1608)
4(1610 2256 2255 1609)
4(1657 2278 2256 1610)
4(2141 2274 2275 2142)
4(2142 2275 2276 2143)
4(2143 2276 2277 2144)
4(2144 2277 1665 2287)
4(1658 2279 2278 1657)
4(1659 2280 2279 1658)
4(1660 2281 2280 1659)
4(2287 2149 2281 1660)
4(2174 1468 2176 1952)
4(2214 2018 2216 1544)
4(2249 2094 2251 1589)
4(2287 1665 2289 2149)
4(2150 1425 1911 1668)
4(1425 1428 1914 1911)
4(1428 1430 1915 1914)
4(1430 1432 1918 1915)
4(1432 1434 1919 1918)
4(1668 1911 1921 1678)
4(1678 1921 1923 1680)
4(1680 1923 1925 1682)
4(1682 1925 1927 1684)
4(1911 1914 1928 1921)
4(1914 1915 1929 1928)
4(1921 1928 1930 1923)
4(1928 1929 1931 1930)
4(1915 1918 1932 1929)
4(1918 1919 1933 1932)
4(1929 1932 1934 1931)
4(1932 1933 1935 1934)
4(1923 1930 1936 1925)
4(1930 1931 1937 1936)
4(1925 1936 1938 1927)
4(1936 1937 1939 1938)
4(1931 1934 1940 1937)
4(1934 1935 1941 1940)
4(2063 2080 1581 1554)
4(1937 1940 1942 1939)
4(1940 1941 1943 1942)
4(2080 2081 1582 1581)
4(2081 2084 1585 1582)
4(2084 2085 1586 1585)
4(2085 1859 2248 1586)
4(1434 1460 1946 1919)
4(1460 1462 1947 1946)
4(1462 1464 1950 1947)
4(1464 1466 1951 1950)
4(1466 2173 1789 1951)
4(1919 1946 1954 1933)
4(1946 1947 1955 1954)
4(1933 1954 1956 1935)
4(1954 1955 1957 1956)
4(1947 1950 1958 1955)
4(1950 1951 1959 1958)
4(1955 1958 1960 1957)
4(1958 1959 1961 1960)
4(1935 1956 1962 1941)
4(1956 1957 1963 1962)
4(1941 1962 1964 1943)
4(1962 1963 1965 1964)
4(1957 1960 1966 1963)
4(1960 1961 1967 1966)
4(1963 1966 1968 1965)
4(1966 1967 1969 1968)
4(1951 1789 1799 1959)
4(1959 1799 1801 1961)
4(1961 1801 1803 1967)
4(1967 1803 1805 1969)
4(2191 1711 1977 1515)
4(1515 1977 1980 1516)
4(1516 1980 1981 1517)
4(1517 1981 1984 1518)
4(1518 1984 1985 1519)
4(1731 1778 2096 1993)
4(1778 1779 2098 2096)
4(1779 1780 2100 2098)
4(1780 1781 2102 2100)
4(1993 2096 2103 2004)
4(2004 2103 2104 2005)
4(2096 2098 2105 2103)
4(2103 2105 2106 2104)
4(2005 2104 2107 2008)
4(2008 2107 2108 2009)
4(2104 2106 2109 2107)
4(2107 2109 2110 2108)
4(2098 2100 2111 2105)
4(2105 2111 2112 2106)
4(2100 2102 2113 2111)
4(2111 2113 2114 2112)
4(1711 1728 1987 1977)
4(2106 2112 2115 2109)
4(1728 1729 1989 1987)
4(2109 2115 2116 2110)
4(1729 1730 1991 1989)
4(2112 2114 2117 2115)
4(1730 1731 1993 1991)
4(2115 2117 2118 2116)
4(1977 1987 1994 1980)
4(1980 1994 1995 1981)
4(1987 1989 1996 1994)
4(1994 1996 1997 1995)
4(1981 1995 1998 1984)
4(1984 1998 1999 1985)
4(1995 1997 2000 1998)
4(1998 2000 2001 1999)
4(1989 1991 2002 1996)
4(1996 2002 2003 1997)
4(1991 1993 2004 2002)
4(2002 2004 2005 2003)
4(1997 2003 2006 2000)
4(2000 2006 2007 2001)
4(2003 2005 2008 2006)
4(2006 2008 2009 2007)
4(1519 1985 2012 1540)
4(1781 2265 1636 2102)
4(1540 2012 2013 1541)
4(2102 1636 1637 2113)
4(2113 1637 1638 2114)
4(1541 2013 2016 1542)
4(2114 1638 1639 2117)
4(2117 1639 1640 2118)
4(1542 2016 2017 1543)
4(1543 2017 1832 2213)
4(1985 1999 2020 2012)
4(2012 2020 2021 2013)
4(1999 2001 2022 2020)
4(2020 2022 2023 2021)
4(2013 2021 2024 2016)
4(2016 2024 2025 2017)
4(2021 2023 2026 2024)
4(2024 2026 2027 2025)
4(2001 2007 2028 2022)
4(2022 2028 2029 2023)
4(2007 2009 2030 2028)
4(2028 2030 2031 2029)
4(2023 2029 2032 2026)
4(2026 2032 2033 2027)
4(2029 2031 2034 2032)
4(2032 2034 2035 2033)
4(2017 2025 1849 1832)
4(2025 2027 1850 1849)
4(2027 2033 1851 1850)
4(2033 2035 1852 1851)
4(1684 1927 2041 1732)
4(1732 2041 2043 1734)
4(1734 2043 2045 1736)
4(1736 2045 2047 1738)
4(1927 1938 2048 2041)
4(1938 1939 2049 2048)
4(2041 2048 2050 2043)
4(2048 2049 2051 2050)
4(1939 1942 2052 2049)
4(1942 1943 2053 2052)
4(2049 2052 2054 2051)
4(2052 2053 2055 2054)
4(2043 2050 2056 2045)
4(2050 2051 2057 2056)
4(2045 2056 2058 2047)
4(2056 2057 2059 2058)
4(2051 2054 2060 2057)
4(2054 2055 2061 2060)
4(2057 2060 2062 2059)
4(2060 2061 2063 2062)
4(1738 2047 1546 2226)
4(2047 2058 1549 1546)
4(2009 2108 2125 2030)
4(2058 2059 1550 1549)
4(2030 2125 2126 2031)
4(2059 2062 1553 1550)
4(2108 2110 2127 2125)
4(2062 2063 1554 1553)
4(2125 2127 2128 2126)
4(2031 2126 2129 2034)
4(2034 2129 2130 2035)
4(2126 2128 2131 2129)
4(2129 2131 2132 2130)
4(2110 2116 2133 2127)
4(2127 2133 2134 2128)
4(2116 2118 2135 2133)
4(2133 2135 2136 2134)
4(2128 2134 2137 2131)
4(2131 2137 2138 2132)
4(2134 2136 2139 2137)
4(2137 2139 2140 2138)
4(1943 1964 2070 2053)
4(2035 2130 1899 1852)
4(1964 1965 2071 2070)
4(2130 2132 1900 1899)
4(2053 2070 2072 2055)
4(2132 2138 1901 1900)
4(2070 2071 2073 2072)
4(2138 2140 1902 1901)
4(1965 1968 2074 2071)
4(1968 1969 2075 2074)
4(2071 2074 2076 2073)
4(2074 2075 2077 2076)
4(2055 2072 2078 2061)
4(2072 2073 2079 2078)
4(2061 2078 2080 2063)
4(2078 2079 2081 2080)
4(2073 2076 2082 2079)
4(2076 2077 2083 2082)
4(2079 2082 2084 2081)
4(2082 2083 2085 2084)
4(1969 1805 1853 2075)
4(2075 1853 1855 2077)
4(2077 1855 1857 2083)
4(2083 1857 1859 2085)
4(2118 1640 1661 2135)
4(2135 1661 1662 2136)
4(2136 1662 1663 2139)
4(2139 1663 1664 2140)
4(2140 1664 2286 1902)
4(2150 1666 2154 1425)
4(1668 2156 1424 2150)
4(1425 2154 2157 1428)
4(1678 2165 2156 1668)
4(1428 2157 2158 1430)
4(1430 2158 2159 1432)
4(1432 2159 2160 1434)
4(1434 2160 2169 1460)
4(1680 2166 2165 1678)
4(1682 2167 2166 1680)
4(1684 2168 2167 1682)
4(1732 2222 2168 1684)
4(1460 2169 2170 1462)
4(1462 2170 2171 1464)
4(1464 2171 2172 1466)
4(1466 2172 1787 2173)
4(2173 1468 2178 1789)
4(1789 2178 2183 1799)
4(1799 2183 2184 1801)
4(1801 2184 2185 1803)
4(1803 2185 2186 1805)
4(1805 2186 2240 1853)
4(1515 2195 1710 2191)
4(2191 1514 2196 1711)
4(1516 2197 2195 1515)
4(1711 2196 2201 1728)
4(1517 2198 2197 1516)
4(1518 2199 2198 1517)
4(1519 2200 2199 1518)
4(1540 2209 2200 1519)
4(1728 2201 2202 1729)
4(1729 2202 2203 1730)
4(1730 2203 2204 1731)
4(1731 2204 2257 1778)
4(1541 2210 2209 1540)
4(1542 2211 2210 1541)
4(1543 2212 2211 1542)
4(2213 1831 2212 1543)
4(1832 2217 1544 2213)
4(1849 2218 2217 1832)
4(1850 2219 2218 1849)
4(1851 2220 2219 1850)
4(1852 2221 2220 1851)
4(1899 2274 2221 1852)
4(1734 2223 2222 1732)
4(1736 2224 2223 1734)
4(1738 2225 2224 1736)
4(2226 1545 2225 1738)
4(1546 2230 1756 2226)
4(1549 2232 2230 1546)
4(1550 2233 2232 1549)
4(1553 2234 2233 1550)
4(1554 2235 2234 1553)
4(1581 2244 2235 1554)
4(1853 2240 2241 1855)
4(1855 2241 2242 1857)
4(1857 2242 2243 1859)
4(1859 2243 1589 2248)
4(1582 2245 2244 1581)
4(1585 2246 2245 1582)
4(1586 2247 2246 1585)
4(2248 1877 2247 1586)
4(1778 2257 2258 1779)
4(1779 2258 2259 1780)
4(1780 2259 2260 1781)
4(1781 2260 1635 2265)
4(2265 1786 2269 1636)
4(1636 2269 2270 1637)
4(1637 2270 2271 1638)
4(1638 2271 2272 1639)
4(1639 2272 2273 1640)
4(1640 2273 2282 1661)
4(1900 2275 2274 1899)
4(1901 2276 2275 1900)
4(1902 2277 2276 1901)
4(2286 1665 2277 1902)
4(1661 2282 2283 1662)
4(1662 2283 2284 1663)
4(1663 2284 2285 1664)
4(1664 2285 1907 2286)
4(2150 1424 2153 1666)
4(2173 1787 2176 1468)
4(2191 1710 2194 1514)
4(2213 1544 2216 1831)
4(2226 1756 2229 1545)
4(2248 1589 2251 1877)
4(2265 1635 2268 1786)
4(2286 1907 2289 1665)
)


// ************************************************************************* //
