/*--------------------------------*- C++ -*----------------------------------*\
| =========                 |                                                 |
| \\      /  F ield         | OpenFOAM: The Open Source CFD Toolbox           |
|  \\    /   O peration     | Version:  2412                                  |
|   \\  /    A nd           | Website:  www.openfoam.com                      |
|    \\/     M anipulation  |                                                 |
\*---------------------------------------------------------------------------*/
FoamFile
{
    version     2.0;
    format      ascii;
    arch        "LSB;label=32;scalar=64";
    class       vectorField;
    location    "constant/polyMesh";
    object      points;
}
// * * * * * * * * * * * * * * * * * * * * * * * * * * * * * * * * * * * * * //


2290
(
(-1.27399842347616 -1.27399843202067 -1.27399843896246)
(-1.03946815414273 -1.27193878965924 -1.2719390788669)
(-1.27193905430342 -1.03946816703643 -1.27193880997489)
(-1.03484309847694 -1.03484263582645 -1.26760568737142)
(-1.27193877996499 -1.27193908023955 -1.03946818366601)
(-1.03484262224607 -1.26760567977983 -1.03484314380179)
(-1.26760564340461 -1.03484315196985 -1.03484268377669)
(-1.0233677787742 -1.02336786588784 -1.02336787249208)
(-0.792886524426091 -1.27020872551191 -1.27020908480208)
(-0.785859546433995 -1.03083381297874 -1.26361492265013)
(-0.535086683439907 -1.26934692893596 -1.26934723442337)
(-0.528105417800255 -1.02865342400762 -1.26174674483135)
(-0.785859124714764 -1.26361478276784 -1.03083432883024)
(-0.52810543539356 -1.26174655646508 -1.0286537570804)
(-0.768141586459962 -1.01239718425639 -1.01239732633942)
(-0.510967983026991 -1.00746385689959 -1.00746402973465)
(-0.269573641110675 -1.26922109667914 -1.26922131068572)
(-0.265225863029865 -1.02820278646943 -1.2616858076695)
(-1.64014952994118e-07 -1.26938394071561 -1.26938412106594)
(6.17921226592905e-07 -1.02827111726644 -1.26191588161782)
(-0.265226464148943 -1.26168564661263 -1.02820299624327)
(-3.81223775238609e-07 -1.26191574142877 -1.0282713203066)
(-0.25496570262538 -1.00694018104443 -1.0069403785877)
(4.87063110473848e-07 -1.00715522588833 -1.0071554740108)
(-1.27020905374219 -0.792886533144475 -1.27020875884774)
(-1.03083427400312 -0.785859126523362 -1.26361479475079)
(-1.26934720485748 -0.535086676397913 -1.26934697725726)
(-1.02865370970904 -0.528105402138835 -1.26174657191461)
(-1.26361486978547 -0.785859624284748 -1.03083389243942)
(-1.01239720726294 -0.768141724546454 -1.01239719770742)
(-1.26174669796842 -0.528105505222239 -1.02865354079903)
(-1.00746392816022 -0.510968129542147 -1.00746388621837)
(-1.26922129193583 -0.269573612530369 -1.26922116396419)
(-1.02820297297412 -0.265226385207029 -1.26168566893219)
(-1.26938411745294 -1.205096826426e-07 -1.26938402889977)
(-1.02827132545589 -2.74369981109746e-07 -1.26191577367226)
(-1.26168578297775 -0.265225942197531 -1.02820295074681)
(-1.00694033551359 -0.254965814141164 -1.00694024415596)
(-1.26191588519521 5.56749976898807e-07 -1.02827133314043)
(-1.00715548935656 4.14199753552905e-07 -1.00715532936782)
(-0.780004565251696 -0.780004262882298 -1.25828729035582)
(-0.52231948204614 -0.776786804534566 -1.25650439873843)
(-0.776786870961592 -0.52231971689227 -1.25650430830309)
(-0.519060351091814 -0.519060755412751 -1.25586687883227)
(-0.750749043195387 -0.750749159615329 -0.996439192033174)
(-0.493959883740737 -0.742883624053461 -0.992444149504868)
(-0.742883583679323 -0.493960151926635 -0.992444054573552)
(-0.48535188829213 -0.485352053663379 -0.994322174028587)
(-0.261668542979395 -0.775989976654217 -1.2571341204093)
(1.10712508698263e-06 -0.775983733451903 -1.25767461378639)
(-0.259606893162192 -0.518141076165457 -1.25770196485976)
(1.30284502533953e-06 -0.518076336604079 -1.25869530134841)
(-0.24488259555328 -0.74193995128998 -0.994140670242918)
(8.2696839783826e-07 -0.741996084726679 -0.99490514324212)
(-0.23921743206119 -0.483706650976857 -1.00066692234069)
(8.20905494894678e-07 -0.483537966345303 -1.00235185755819)
(-0.77598999226649 -0.261669468295643 -1.25713400756974)
(-0.518140749701662 -0.259607871509198 -1.25770191189505)
(-0.775983849098085 -2.59287484451892e-07 -1.25767452317581)
(-0.518076215332021 -1.38608449717914e-09 -1.25869526260026)
(-0.741940118868086 -0.244882996679622 -0.994140502275664)
(-0.483706792038883 -0.239217739589969 -1.00066682579566)
(-0.741996497352944 3.5210726825885e-07 -0.994904924360526)
(-0.4835384564449 4.27209398702263e-07 -1.00235170441641)
(-0.25895359914257 -0.258954339095977 -1.26057833040816)
(1.29922825974765e-06 -0.25887864011636 -1.26194608894593)
(-0.258878131599524 3.15385243362248e-07 -1.26194610655041)
(1.23857058711291e-06 4.59760595664105e-07 -1.2634489730386)
(-0.23765280192677 -0.237652766366014 -1.01052790154567)
(6.34650839893489e-07 -0.237431018613304 -1.01300616916813)
(-0.237431434055556 5.74530810771787e-07 -1.01300612295152)
(4.22626848260721e-07 7.01222665024093e-07 -1.01574885952124)
(-1.27020871244801 -1.27020909402245 -0.792886566316975)
(-1.03083379288117 -1.26361492741504 -0.785859606163797)
(-1.26361473354345 -1.03083435929149 -0.785859219301464)
(-1.01239705584241 -1.01239735788731 -0.768141730213524)
(-1.26934691456727 -1.26934725098523 -0.535086733342961)
(-1.02865340061276 -1.26174676147683 -0.528105480384375)
(-1.26174650209707 -1.02865380621787 -0.528105555682896)
(-1.00746371836101 -1.00746409214454 -0.510968147461709)
(-1.26922108488382 -1.26922133441522 -0.269573693708646)
(-1.0282027662394 -1.26168583651417 -0.26522591875044)
(-1.26168559645512 -1.02820306207982 -0.265226596832091)
(-1.00694006355102 -1.00694046587216 -0.25496585424594)
(-1.26938393344579 -1.26938415135635 -2.15294564578916e-07)
(-1.02827110391615 -1.26191592040354 5.71463781573467e-07)
(-1.26191569668725 -1.02827140434378 -5.13653278785831e-07)
(-1.0071551287096 -1.0071555766017 3.59641762903359e-07)
(-0.780004256148966 -1.2582872969323 -0.780004633453233)
(-0.522319755453534 -1.2565043177977 -0.776786924890138)
(-0.75074894830259 -0.996439237138325 -0.750749227591804)
(-0.493959934404257 -0.992444095146951 -0.742883734525415)
(-0.776786792963492 -1.25650441928501 -0.522319548313234)
(-0.519060788584556 -1.25586690169963 -0.519060399908622)
(-0.742883401685193 -0.992444231379739 -0.493960082071704)
(-0.485351828805765 -0.994322249873042 -0.485352042293399)
(-0.261669566225044 -1.25713401527744 -0.77599001291935)
(-3.91533042539555e-07 -1.25767452402972 -0.775983835440833)
(-0.244882839998932 -0.994140508619253 -0.741940177871758)
(4.56171053202226e-07 -0.994904888952951 -0.741996478675475)
(-0.25960796345788 -1.2577019311596 -0.518140765403773)
(-1.25770010177273e-07 -1.25869527287751 -0.518076199981459)
(-0.239217577937834 -1.00066686477076 -0.483706850648035)
(5.40853117942872e-07 -1.00235170121435 -0.483538437865766)
(-0.775989965346454 -1.25713415281653 -0.261668596963858)
(-0.518141101651619 -1.25770199472532 -0.25960693131789)
(-0.741939772042617 -0.994140772289334 -0.244882763305632)
(-0.483706470860131 -1.00066700761422 -0.239217557654411)
(-0.775983728196165 -1.25767465463771 1.06615920434164e-06)
(-0.51807636242465 -1.25869533483381 1.27462981328735e-06)
(-0.741995946664314 -0.994905248366231 6.98929336280171e-07)
(-0.483537835802819 -1.00235193590346 7.30362770066592e-07)
(-0.258954413551286 -1.26057835080724 -0.258953611032561)
(2.14370166066319e-07 -1.26194611324464 -0.258878120065349)
(-0.237652637008494 -1.01052794512453 -0.237652847693188)
(6.67152283322439e-07 -1.0130061240949 -0.237431412742248)
(-0.258878707175745 -1.26194610741479 1.29018669075068e-06)
(3.70176995275612e-07 -1.26344897282589 1.2458711704938e-06)
(-0.237430934974812 -1.0130062032992 6.08241137116383e-07)
(7.52810080132879e-07 -1.01574885042597 4.53068316433325e-07)
(-1.25828721920904 -0.780004694626098 -0.780004419509906)
(-0.996439007442984 -0.750749302244073 -0.750749192019988)
(-1.2565043370726 -0.52231963524541 -0.776787036737734)
(-0.992443991289629 -0.493960177928448 -0.742883711992413)
(-1.25650423220191 -0.776787019288344 -0.522319978252558)
(-0.992443851884759 -0.742883868153377 -0.493960238172865)
(-1.25586681353445 -0.519060532703738 -0.519061143811377)
(-0.994322005706674 -0.485352217183229 -0.485352255653249)
(-1.2571340921656 -0.261668690888626 -0.775990298532772)
(-0.994140607920297 -0.244882843191337 -0.741940122982534)
(-1.2576746310828 9.86351369809679e-07 -0.775984143324162)
(-0.99490517213704 6.4130706305815e-07 -0.741996348889514)
(-1.25770193726167 -0.259607075488229 -0.51814160468413)
(-1.00066685946968 -0.23921771262932 -0.483707001390468)
(-1.25869533124537 1.15270614236412e-06 -0.518076979845101)
(-1.00235189822796 6.14186635349012e-07 -0.483538478493404)
(-1.25713393506256 -0.775990137287939 -0.261669828285644)
(-0.994140312390654 -0.74194034427302 -0.244883139011082)
(-1.25770184815542 -0.518140947227947 -0.259608406242594)
(-1.00066667470101 -0.483707059486121 -0.239218045642841)
(-1.25767444855178 -0.775984003707131 -6.65845035895812e-07)
(-0.994904729675385 -0.741996659530684 1.88182050926342e-07)
(-1.25869518991577 -0.518076478147537 -6.06673487609649e-07)
(-1.00235154591606 -0.483538663452883 8.40462544213216e-08)
(-1.2605782986807 -0.258953825282333 -0.258955055225422)
(-1.01052783714465 -0.237653033792344 -0.2376532836643)
(-1.26194611575312 1.09533567747497e-06 -0.258879454149213)
(-1.0130061936354 4.67798718192802e-07 -0.237431762011023)
(-1.26194605413471 -0.25887850201289 -4.86967597246313e-07)
(-1.01300602781557 -0.237431628168 -7.90881417127298e-09)
(-1.26344895782176 8.31109828437759e-07 -4.07355728145736e-07)
(-1.01574882441968 2.70539536014955e-07 -1.31582937315175e-07)
(-0.681925028955056 -0.681925765702718 -0.681925586155782)
(-0.440578318102786 -0.680275727865036 -0.680275796385146)
(-0.680275382011375 -0.440578999826063 -0.68027566462542)
(-0.427226618871796 -0.427226740701406 -0.739410754223655)
(-0.680275041397231 -0.680276098710662 -0.440578887810528)
(-0.427226111724729 -0.73941094414694 -0.427226996650705)
(-0.73941035595502 -0.427227294506502 -0.427226862103895)
(-0.216948750338961 -0.681662740192412 -0.681663192256193)
(8.05045411521321e-07 -0.68200167127954 -0.682002419236507)
(-0.209202396763158 -0.425146724319955 -0.747344753263028)
(5.90127831356577e-07 -0.424856188080471 -0.748608731477245)
(-0.209201948312959 -0.747344585902366 -0.425147434899437)
(9.81330608371134e-07 -0.748608383862014 -0.424857364913041)
(-0.68166308826007 -0.216949230182596 -0.681662824203047)
(-0.42514730697219 -0.209202410380915 -0.747344556355218)
(-0.682002443349931 4.24847609120649e-07 -0.682001839396469)
(-0.424857376958553 5.93408975364113e-07 -0.748608401812355)
(-0.747344679002308 -0.209202872171763 -0.425147042097861)
(-0.748608766825864 2.55588066282522e-07 -0.424856719300301)
(-0.207155510278637 -0.207154863318015 -0.758920306013229)
(1.76963952111878e-07 -0.206836263649422 -0.76079720977445)
(-0.206837563617115 8.23339107867277e-07 -0.760797163306938)
(-2.60302200969301e-07 9.79983910078322e-07 -0.762861396924499)
(-0.6816623305185 -0.681663482472211 -0.216949214268568)
(-0.425146276315063 -0.747344933652225 -0.209202700286573)
(-0.747344296668073 -0.425147737906936 -0.209202639575913)
(-0.682001357489853 -0.68200266861225 4.11136520374333e-07)
(-0.424855863023082 -0.748608876484608 3.60307567547416e-07)
(-0.748608156684402 -0.424857613124732 3.37079697952658e-07)
(-0.207154508481983 -0.758920350390453 -0.207155612236433)
(1.12000138626119e-06 -0.760797155349561 -0.206837533182677)
(-0.206836018141643 -0.760797239495981 1.22384313062246e-07)
(1.1816074413102e-06 -0.762861382007044 -1.91827561757049e-07)
(-0.758920236696892 -0.20715578303983 -0.207155386151825)
(-0.760797238197654 6.1295120180882e-08 -0.206837145587843)
(-0.760797046452975 -0.206837628421245 2.12116491576236e-07)
(-0.762861355920809 -1.72661584802239e-07 -5.20647536732949e-08)
(0.269573482474442 -1.2692210740346 -1.26922132608052)
(0.265227045720704 -1.02820267037711 -1.26168586415269)
(0.535086751398086 -1.26934676781705 -1.26934724389538)
(0.528106321337094 -1.02865309253273 -1.26174678756913)
(0.265225919302486 -1.26168570835025 -1.02820302304984)
(0.528105295869156 -1.26174657359109 -1.02865381996117)
(0.254966611576143 -1.00694013136027 -1.00694047920319)
(0.510968707601661 -1.00746369303453 -1.00746418815264)
(0.792886650530781 -1.27020835415281 -1.27020914129797)
(0.785860064084149 -1.03083323073861 -1.26361499099023)
(1.03946826516139 -1.27193828909605 -1.27193919675252)
(1.03484336942319 -1.03484189552632 -1.2676058230539)
(0.785859219257691 -1.26361468225594 -1.03083442756279)
(1.03484274447584 -1.26760545542595 -1.03484332911896)
(0.768142062731767 -1.01239688658003 -1.01239751655122)
(1.02336802914343 -1.02336743189356 -1.02336816129329)
(1.27399848210162 -1.27399793124932 -1.27399866878265)
(1.27193917141038 -1.0394673358444 -1.27193913919895)
(1.27193885355042 -1.27193867150741 -1.03946864446777)
(1.26760573966344 -1.0348423855992 -1.03484336106635)
(0.261670576111688 -0.775989791925924 -1.25713417943854)
(0.522320952550064 -0.776786389815522 -1.2565044416516)
(0.259609262828178 -0.518140857036798 -1.25770200704022)
(0.519062069588044 -0.519060308090249 -1.25586691827995)
(0.244884084542618 -0.741939758587697 -0.994140809878053)
(0.493960973579058 -0.742883235216585 -0.992444369920556)
(0.239218893903425 -0.483706366410633 -1.00066705172916)
(0.485352929652406 -0.485351528699949 -0.994322393956221)
(0.780005380032258 -0.780003661482485 -1.25828735311134)
(1.03083465465909 -0.785858428693346 -1.26361491577725)
(0.776787856381381 -0.522319122987959 -1.25650437648964)
(1.02865417158761 -0.528104792865425 -1.26174668169125)
(0.750749695866193 -0.750748657374194 -0.996439437618492)
(1.01239751050129 -0.768141185558123 -1.01239749090893)
(0.742884198107105 -0.493959549941097 -0.992444302177948)
(1.00746421047849 -0.510967647959076 -1.00746411730933)
(0.258955930944635 -0.258954151005123 -1.26057834427418)
(0.518142451092622 -0.259607402128297 -1.25770195075851)
(0.258880318011598 4.37819069196849e-07 -1.2619461000491)
(0.518077770559918 3.92909632759841e-07 -1.25869527570434)
(0.237653919798408 -0.237652481071914 -1.01052798989318)
(0.48370756670493 -0.239217219632065 -1.0006669987432)
(0.237432162078582 7.82855597696377e-07 -1.01300617691829)
(0.483538934963089 8.22813871734912e-07 -1.00235183390256)
(0.775991012307115 -0.261668779582532 -1.25713408423243)
(1.02820348279877 -0.265225737344554 -1.26168575892747)
(0.775984803710675 4.18132201876475e-07 -1.25767454970278)
(1.02827184305442 3.3124665429346e-07 -1.26191579625222)
(0.741940576996815 -0.244882430270173 -0.994140706297032)
(1.00694056672187 -0.254965512209461 -1.00694038781712)
(0.741996786096683 7.72575617201052e-07 -0.994905082908449)
(1.00715567252124 4.9005056210541e-07 -1.0071554073394)
(1.27020917653949 -0.792885717877442 -1.27020905645505)
(1.26934733112652 -0.535086149675064 -1.26934718005534)
(1.26361494334071 -0.785858820878004 -1.03083445484238)
(1.26174673590618 -0.528105142420831 -1.02865382648053)
(1.26922146231165 -0.269573380891574 -1.2692212670851)
(1.26938433132585 -1.57791075813124e-07 -1.26938404977165)
(1.2616858382278 -0.265226236598945 -1.02820300915685)
(1.26191596648936 -2.6163486473163e-07 -1.02827127826284)
(0.261669079676479 -1.25713410753285 -0.775990087503032)
(0.522319759737831 -1.25650436296632 -0.77678706534618)
(0.24488371976771 -0.994140460933789 -0.741940351375325)
(0.493960692568967 -0.992443924948908 -0.742884025344886)
(0.259607979252331 -1.25770200080193 -0.518140908477556)
(0.519061183854098 -1.25586690287708 -0.51906060346474)
(0.23921864535518 -1.0006668012334 -0.483707097558689)
(0.485352789612007 -0.994322030691444 -0.485352450014603)
(0.780004487049031 -1.25828724629149 -0.780004797390773)
(1.03083401752107 -1.26361476876524 -0.785859850254568)
(0.750749485782133 -0.996438953319724 -0.750749558600403)
(1.0123973558226 -1.01239699623439 -0.768142131066851)
(0.776787268377666 -1.25650433927388 -0.522319759138731)
(1.02865376162072 -1.26174661235706 -0.528105732751416)
(0.742884099817959 -0.992443891194667 -0.493960517242026)
(1.00746410986514 -1.00746374205014 -0.510968573178741)
(0.258955011097076 -1.26057837428377 -0.258953753708924)
(0.518141879280893 -1.25770193553761 -0.259607147627592)
(0.237653950654104 -1.01052785993381 -0.237653127685007)
(0.483707647273886 -1.00066673885566 -0.239218009363738)
(0.258879574765349 -1.26194610631884 1.17408999483065e-06)
(0.518077318659335 -1.25869523356068 1.08460277097738e-06)
(0.237432400953328 -1.01300608834998 3.52901020250068e-07)
(0.483539118773512 -1.00235161361897 3.25524464663343e-07)
(0.775990654823747 -1.2571340227395 -0.261668814026308)
(1.02820323324159 -1.26168567103424 -0.265226131610522)
(0.74194061983677 -0.994140370099472 -0.244883216024921)
(1.00694053090248 -1.00694009273174 -0.254966213188689)
(0.775984518302437 -1.25767447705515 8.65513165533571e-07)
(1.02827163106506 -1.26191571070486 4.06675562780734e-07)
(0.741996852396518 -0.994904777101899 3.16883306030954e-07)
(1.0071556259052 -1.00715513543549 1.27754091999721e-07)
(1.2702088517234 -1.27020875410342 -0.792887149446373)
(1.26361487100257 -1.03083374799315 -0.785860047662559)
(1.26934711712862 -1.26934701046061 -0.535087233401984)
(1.26174668747902 -1.02865341048673 -0.528106241399977)
(1.26922131840273 -1.26922115220481 -0.269574016927855)
(1.261685790154 -1.02820276502607 -0.26522702625333)
(1.26938420449958 -1.26938392800961 -3.62286852042398e-07)
(1.26191591710172 -1.02827105494749 -6.72416982126084e-07)
(0.216950190580542 -0.68166246422195 -0.681663526649898)
(0.44057942342558 -0.680275034618139 -0.680276383670994)
(0.209203373808645 -0.4251463011099 -0.747344988817526)
(0.427227228943432 -0.427225898677922 -0.739411225280245)
(0.209203771848029 -0.747344432848921 -0.42514791059527)
(0.427227659660829 -0.739410297559814 -0.427227780701059)
(0.68192576411564 -0.681924887228702 -0.681926239535852)
(0.996439310868563 -0.750748778748249 -0.750749626572777)
(0.680275761729259 -0.440577974625033 -0.680276331161653)
(0.992444196432389 -0.493959691571625 -0.7428840638428)
(0.680276038291265 -0.680275054556236 -0.440579745386077)
(0.992444223927731 -0.74288331858201 -0.493960719156389)
(0.73941080809707 -0.427226014066135 -0.427227803752663)
(0.994322239070214 -0.485351659847321 -0.48535265060397)
(0.207155757370292 -0.207154478076079 -0.758920447170026)
(0.425147329228955 -0.209201669671763 -0.7473448944013)
(0.206837055842669 1.07657052930178e-06 -0.760797216956568)
(0.424856875544736 1.15100719204342e-06 -0.748608691667989)
(0.681663031223298 -0.2169483540822 -0.681663393951238)
(0.99414068439052 -0.244882587483018 -0.741940347897336)
(0.682002113055762 1.08880024440317e-06 -0.682002374575128)
(0.994905156830079 6.39884109504552e-07 -0.741996483934055)
(0.747344670682368 -0.20920178856555 -0.425147883370033)
(1.0006669241851 -0.239217364024313 -0.483707236712608)
(0.748608589323709 1.08628962982617e-06 -0.424857462198293)
(1.00235185582608 7.27524144010158e-07 -0.483538567573201)
(0.207156611836266 -0.758920278224098 -0.20715616018539)
(0.42514812369885 -0.74734435720727 -0.2092035629321)
(0.206838248576772 -0.760797113029474 -4.0050132879034e-07)
(0.424857807296629 -0.748608241620871 -4.53595945668767e-07)
(0.681663555011999 -0.681662396774618 -0.216950109000856)
(0.994140750197243 -0.741939744071751 -0.244883549839753)
(0.747344912497712 -0.425146365453383 -0.209203647275503)
(1.00066695723865 -0.483706403750188 -0.239218367345518)
(0.682002606075583 -0.682001498891081 -3.61010562140163e-07)
(0.994905174434302 -0.741995969666992 -6.38871932995277e-08)
(0.748608742231372 -0.424856134694133 -5.28886622157276e-07)
(1.0023518228954 -0.483537886288957 -8.01795240427255e-08)
(0.75892038375327 -0.207154600596581 -0.207156268399522)
(1.01052793747873 -0.237652546190592 -0.237653415567229)
(0.760797241520158 9.87555564629927e-07 -0.206837803255244)
(1.01300619308018 7.42853174660885e-07 -0.237431677645777)
(0.760797163604505 -0.20683634848406 -5.41012864931079e-07)
(1.01300612488975 -0.237430992633623 1.96839061630122e-08)
(0.762861373212448 8.3445913428605e-07 -5.14950956898366e-07)
(1.01574884324749 6.93040991373017e-07 1.44430335960108e-07)
(1.25828730743521 -0.780004094815188 -0.780005052862859)
(1.2565043556131 -0.52231950261244 -0.776787258920342)
(1.25650436253114 -0.776786662703138 -0.522320442386927)
(1.25586686239958 -0.51906053082387 -0.519061169988821)
(1.25713409000566 -0.261669278853226 -0.775990200276619)
(1.257674649551 -1.37010087317146e-07 -0.775983882492256)
(1.25770193617871 -0.259607639036525 -0.518141250412025)
(1.25869533949467 1.89017707413058e-07 -0.518076405822829)
(1.25713408337364 -0.775989847565653 -0.261670023622724)
(1.25770192734866 -0.518140875083113 -0.259608189495376)
(1.25767460627215 -0.775983628533239 -5.96778873072218e-07)
(1.25869527132899 -0.518076212886371 -1.94921760017508e-07)
(1.26057831244955 -0.258954132732948 -0.258954460103906)
(1.26194612448993 5.03690997532419e-07 -0.258878569933684)
(1.26194606293868 -0.258878515266581 2.71206317903339e-07)
(1.26344896997963 5.76016809035462e-07 6.58513359116236e-07)
(-1.26922133530385 0.269573527581312 -1.26922117937341)
(-1.02820304929948 0.265226020663409 -1.26168575116335)
(-1.26934725892247 0.535086789797774 -1.26934687887045)
(-1.02865385319668 0.52810537050493 -1.2617466231412)
(-1.26168589215444 0.265227006215245 -1.0282029253436)
(-1.00694053272185 0.254966562529653 -1.00694027480612)
(-1.26174682921593 0.528106306853349 -1.02865335381713)
(-1.0074642568422 0.510968677333627 -1.00746386234783)
(-1.27020915221893 0.792886682629899 -1.27020845245885)
(-1.03083444862217 0.785859269961699 -1.26361472591585)
(-1.27193919485682 1.0394682929459 -1.27193835497272)
(-1.03484331734273 1.0348427835704 -1.26760547530196)
(-1.26361502798369 0.785860075723252 -1.03083345058687)
(-1.0123975682836 0.768142063252296 -1.01239703587917)
(-1.26760583487374 1.03484339989173 -1.03484202739052)
(-1.0233681567103 1.02336806650411 -1.02336749996491)
(-0.775990123166783 0.261669200818086 -1.2571341179114)
(-0.518140941419401 0.259608089408479 -1.2577020050039)
(-0.776787104237242 0.522319842906413 -1.25650438491352)
(-0.519060633955211 0.519061254319228 -1.25586692289214)
(-0.741940408917537 0.24488363601287 -0.994140548181027)
(-0.483707152963194 0.239218538806693 -1.00066686126247)
(-0.742884089373429 0.493960620601103 -0.992444067000235)
(-0.48535250376517 0.485352682813647 -0.99432216472588)
(-0.258953776980096 0.258955098311479 -1.26057838587454)
(1.16236946285167e-06 0.258879651732384 -1.26194612938193)
(-0.259607162079278 0.51814193109936 -1.25770196627797)
(1.09396480256138e-06 0.518077360555638 -1.25869528038329)
(-0.237653186786808 0.237653852148305 -1.01052791438545)
(2.83050313409916e-07 0.237432338224631 -1.01300615406196)
(-0.239218066511708 0.483707534757651 -1.00066687267903)
(2.53221021637162e-07 0.483539031361655 -1.00235176098578)
(-0.780004811445522 0.780004540602645 -1.25828726775162)
(-0.522319748765392 0.776787312509071 -1.25650436170483)
(-0.785859796690681 1.03083406346745 -1.26361476831583)
(-0.528105600725172 1.02865380713121 -1.26174661186263)
(-0.750749587154497 0.750749457831502 -0.996439097799682)
(-0.493960508332883 0.742884045056935 -0.992444049171037)
(-0.768142051057123 1.0123973956994 -1.01239705816121)
(-0.510968361908292 1.00746414650862 -1.00746382516373)
(-0.26166876930138 0.775990683803037 -1.25713405899324)
(9.57237234786718e-07 0.77598452834495 -1.25767453531872)
(-0.265225904073658 1.02820326408638 -1.26168568798604)
(7.23430083542781e-07 1.02827162437034 -1.26191575988745)
(-0.244883180938125 0.741940551558203 -0.994140542370634)
(3.55163842622255e-07 0.741996788031725 -0.99490497057014)
(-0.2549658605678 1.00694054946404 -1.00694020749918)
(5.57444241138655e-07 1.00715561377897 -1.00715528761916)
(-1.27399865427377 1.27399850084842 -1.27399795565651)
(-1.03946859232294 1.27193888022242 -1.27193866161438)
(-1.27193911941624 1.27193920018946 -1.0394673597586)
(-1.03484328056878 1.26760578440304 -1.03484234939005)
(-0.792886987231289 1.27020889061901 -1.27020872143097)
(-0.535086853068429 1.26934716777966 -1.26934696712316)
(-0.785859780447055 1.26361493741035 -1.03083369840915)
(-0.528105594265121 1.26174677329505 -1.02865337974108)
(-0.269573361443549 1.26922135921795 -1.26922112731736)
(4.76339546248011e-07 1.26938419517632 -1.26938395602171)
(-0.265225901332903 1.26168586144009 -1.02820278152537)
(7.24410951748883e-07 1.26191592566306 -1.02827113612672)
(-1.25713424113712 0.261670496804639 -0.775990252334209)
(-0.994140897418559 0.24488395092332 -0.741940111566584)
(-1.25650453347864 0.522320920752923 -0.776786827241853)
(-0.992444485794251 0.493960891046064 -0.742883638847878)
(-1.25770209981537 0.25960916986041 -0.518141522140905)
(-1.00066716525746 0.239218754883135 -0.483707024117889)
(-1.25586705749915 0.519062036505914 -0.519060859308315)
(-0.994322545272489 0.485352856144641 -0.485352248368098)
(-1.25828744360313 0.780005389527326 -0.780003990521063)
(-0.996439538189739 0.750749680723015 -0.750749002102259)
(-1.26361496527251 1.03083469231682 -0.785858576804253)
(-1.01239752034783 1.01239756770576 -0.76814132198494)
(-1.25650451851379 0.776787863906276 -0.522319452292305)
(-0.992444440177147 0.742884201332785 -0.493960140791854)
(-1.26174677104667 1.02865420435582 -0.528104832127136)
(-1.00746418022056 1.00746429176972 -0.510967840182746)
(-1.26057844084728 0.258955791567639 -0.258954875175648)
(-1.01052808127083 0.237653814621441 -0.237653411908782)
(-1.2577020888189 0.518142373499907 -0.259607878322107)
(-1.00066712038637 0.483707518526226 -0.239218212014251)
(-1.26194611449985 0.258879982574637 -2.47670716119891e-07)
(-1.01300617795571 0.237432060504609 -2.48588822185022e-07)
(-1.25869529540222 0.518077563763773 2.57448656351689e-08)
(-1.00235183629785 0.483538880771794 -2.70557521350398e-07)
(-1.25713421261081 0.775990982064163 -0.261668954230037)
(-0.994140813415135 0.741940586755248 -0.244883226225332)
(-1.26168583326265 1.02820348149031 -0.265225584363373)
(-1.00694043724611 1.00694062920377 -0.254965728076809)
(-1.25767455940833 0.775984703269823 3.60597726220546e-07)
(-0.994905069212074 0.741996761712219 -1.01482798291544e-07)
(-1.26191579601074 1.02827180157671 5.83456136824673e-07)
(-1.00715538157901 1.00715566224021 2.70436378475153e-07)
(-0.681663560948291 0.216949893151591 -0.681662788143078)
(-0.425147953946047 0.209203419448509 -0.747344560286334)
(-0.680276406921172 0.440579173688818 -0.680275559793617)
(-0.427227812031254 0.427227310842868 -0.73941065842299)
(-0.747345042930447 0.209203150598959 -0.425147094471607)
(-0.739411280706101 0.427227072685062 -0.427226911449827)
(-0.207156255067084 0.207156312686655 -0.758920362705411)
(-5.55985951942659e-07 0.206838030025516 -0.76079719595035)
(-0.209203671480626 0.425147780732321 -0.747344649281588)
(-6.49044571008478e-07 0.42485752481043 -0.748608521839587)
(-0.681926254575614 0.681925609922196 -0.681925466168409)
(-0.440579732922032 0.680275819135024 -0.680275670015429)
(-0.750749558733465 0.996439376905503 -0.750748969375152)
(-0.493960497830621 0.992444288096877 -0.742883575227349)
(-0.680276367288274 0.680275695063895 -0.440578967582056)
(-0.427227785689592 0.739410754329312 -0.427227112736347)
(-0.742884025177276 0.99244430852109 -0.493960020179684)
(-0.485352467101361 0.994322360373127 -0.485352099806607)
(-0.216950131233605 0.681663330414298 -0.681662988337883)
(-4.6524091821265e-07 0.682002408343732 -0.682002076696062)
(-0.244883176665767 0.994140792212071 -0.741940050895474)
(3.62151728612592e-07 0.994905188561798 -0.741996307047287)
(-0.209203646568388 0.747344866446678 -0.425147451555592)
(-6.29660407066093e-07 0.748608709521282 -0.424857179181834)
(-0.239218049990784 1.0006670564405 -0.483706919238191)
(2.66414544885032e-07 1.00235189171568 -0.483538433303253)
(-0.758920527440516 0.207155711639917 -0.207155706140514)
(-0.747344975035733 0.425147318161724 -0.209203133939969)
(-0.760797220189373 0.206837169500904 -3.30225696221903e-07)
(-0.748608665424608 0.424856961923312 -5.23401404894236e-07)
(-0.681663427412436 0.681663087048488 -0.216949727703733)
(-0.425147834960648 0.747344762551939 -0.209203276203351)
(-0.74194031065209 0.994140789865968 -0.24488300576195)
(-0.483707081989298 1.00066704683152 -0.239217914114957)
(-0.682002283004757 0.682002161014785 -4.69755188178822e-07)
(-0.424857264698381 0.74860861249479 -5.94776265903582e-07)
(-0.741996394318998 0.994905172727555 1.92330850121158e-07)
(-0.483538387184111 1.00235187997853 1.45627494041109e-07)
(-0.207156206174518 0.758920481054967 -0.207156072661212)
(-5.5250523471953e-07 0.760797259001151 -0.206837725541189)
(-0.237653158770875 1.01052804702392 -0.237653193509484)
(2.8378769322164e-07 1.01300621402111 -0.237431684607336)
(-0.206837556147156 0.760797249708956 -6.75001190296454e-07)
(-3.23452174834024e-07 0.762861414719469 -6.92878757856466e-07)
(-0.237431423842742 1.01300621930886 5.65898160657941e-08)
(3.82963965744193e-07 1.01574888329264 -4.29027979306079e-08)
(-1.2702090425746 1.27020921878415 -0.792885643692368)
(-1.0308343783071 1.26361502370266 -0.785858659269483)
(-1.26934717648584 1.26934737954475 -0.535085803878151)
(-1.02865377175732 1.2617468511143 -0.528104666466681)
(-1.2692212673404 1.2692214933183 -0.269572695874028)
(-1.02820297789383 1.26168592024999 -0.265225380754322)
(-1.26938404669031 1.26938431674034 6.81891037312282e-07)
(-1.0282712511923 1.2619159633182 7.63294351339289e-07)
(-0.780004772892209 1.25828742191033 -0.780003955939153)
(-0.522319732659566 1.25650449805314 -0.776786623535148)
(-0.776787042873727 1.25650451558129 -0.522319078548867)
(-0.519060600453499 1.2558670396361 -0.519060325969521)
(-0.261668764901422 1.25713419507453 -0.775989922824667)
(9.57008777811158e-07 1.25767464612893 -0.775983779439991)
(-0.25960715397688 1.2577020712907 -0.51814092022002)
(1.08846030529366e-06 1.2586953415472 -0.518076404558795)
(-0.775990046799333 1.25713421987289 -0.261668437353108)
(-0.518140880776491 1.25770209858265 -0.259607057730378)
(-0.775983785398921 1.25767466010371 9.19757443030439e-07)
(-0.518076170465325 1.25869536309769 1.01190585183666e-06)
(-0.258953770433786 1.26057845556695 -0.258953966706318)
(1.14613006402947e-06 1.2619461357972 -0.258878673972795)
(-0.258878114733523 1.26194616704774 8.16633316923915e-07)
(1.22904682281141e-06 1.26344899272706 4.57863711847417e-07)
(0.258955843632106 0.258955119942732 -1.26057839233659)
(0.518142389267009 0.259608236876685 -1.25770200193493)
(0.259609133345856 0.518141846861293 -1.25770199523531)
(0.519062014047321 0.519061146766589 -1.25586693372743)
(0.237653653077326 0.237653939979467 -1.01052796213626)
(0.483707419107493 0.239218731870806 -1.0006669810417)
(0.239218470643524 0.48370751498235 -1.00066693350559)
(0.485352698457773 0.485352684800841 -0.994322296679089)
(0.775990983581381 0.261669544927325 -1.25713411044798)
(1.02820352316908 0.265226282518429 -1.26168575106642)
(0.776787863108183 0.522319781834735 -1.25650440679271)
(1.02865423979576 0.52810520422996 -1.26174669386163)
(0.7419405603907 0.244883832268562 -0.994140695020238)
(1.00694066534382 0.254966414461774 -1.00694036009114)
(0.742884166752566 0.493960596847382 -0.992444230601501)
(1.00746434049929 0.510968351588878 -1.00746403996803)
(0.261670512835552 0.775990563752014 -1.25713409892124)
(0.522320967194822 0.77678706704887 -1.25650437243593)
(0.26522725554867 1.02820315764444 -1.26168571652091)
(0.52810658427452 1.02865353388765 -1.2617465909923)
(0.24488377078336 0.741940485231334 -0.99414060296176)
(0.493960837079156 0.742883944064038 -0.99244416476208)
(0.254966837137181 1.00694049639409 -1.00694023158059)
(0.51096901475301 1.00746403077257 -1.00746384906562)
(0.780005451703244 0.780004203045617 -1.25828729468432)
(1.03083475874699 0.785858784746945 -1.26361485668605)
(0.785860331171994 1.03083360286352 -1.26361474462013)
(1.03484359046817 1.03484216061484 -1.26760557176401)
(0.750749726752798 0.750749292548779 -0.996439249682099)
(1.01239765898729 0.768141641838469 -1.01239730931792)
(0.768142400895728 1.01239718839081 -1.01239708911225)
(1.02336834277996 1.02336766099029 -1.02336771032487)
(1.2692215525467 0.269573130509965 -1.26922122814555)
(1.26934743038832 0.53508608262172 -1.26934714031257)
(1.26168598617847 0.265225897142388 -1.0282029417698)
(1.26174691755251 0.528105137331254 -1.02865371295106)
(1.27020926707488 0.792885808473033 -1.27020898857296)
(1.27193929669972 1.03946745349615 -1.27193896093644)
(1.26361509673726 0.78585898155659 -1.03083427286529)
(1.26760594082982 1.03484251261065 -1.03484300780244)
(0.26957431231753 1.26922130961247 -1.26922108567742)
(0.535087607208132 1.26934699130085 -1.26934680057828)
(0.265227253237392 1.26168585174723 -1.0282027112845)
(0.528106576756096 1.26174668308958 -1.02865316377335)
(0.792887418854563 1.27020857299962 -1.27020843417142)
(1.03946883732669 1.27193846044312 -1.27193841274044)
(0.785860319565951 1.26361478624676 -1.03083333861071)
(1.03484358101481 1.26760552539862 -1.0348420753995)
(1.27399875888434 1.27399801398032 -1.2739981482411)
(1.27193929657073 1.27193870257029 -1.03946776308777)
(0.20715521912621 0.207156436623212 -0.758920369139907)
(0.425147059870354 0.209203747899929 -0.747344843629937)
(0.2092024553086 0.425147790463472 -0.747344692141767)
(0.42722672259508 0.427227444738039 -0.739410990708023)
(0.681663009692354 0.216950310487117 -0.681663324465555)
(0.994140807351946 0.244883780879487 -0.741940237805015)
(0.680275628222543 0.44057940915604 -0.680276109307563)
(0.992444334705612 0.493960637321643 -0.742883839523117)
(0.747344720495802 0.209203752433509 -0.425147747135197)
(1.00066703699825 0.239218737306114 -0.483707033359662)
(0.739410664019771 0.427227533887169 -0.42722747895425)
(0.994322333825251 0.485352778642616 -0.485352269726029)
(0.216949236407482 0.681663256367475 -0.681663064301218)
(0.440578867483865 0.680275844838323 -0.680275975987827)
(0.244883783733773 0.994140731544364 -0.7419400886607)
(0.493960848055333 0.992444190195378 -0.742883656311126)
(0.209202486694345 0.747344760383593 -0.4251475415386)
(0.427226776105154 0.739410801882978 -0.427227387968584)
(0.239218493088739 1.00066696359288 -0.483706988052105)
(0.485352716265102 0.99432223322328 -0.485352231186542)
(0.681925580326113 0.681925692697898 -0.681925898977842)
(0.996439437656219 0.750749371964668 -0.750749287666623)
(0.750749718102196 0.996439224559142 -0.750749084217321)
(1.01239763491104 1.01239724222455 -0.768141580222915)
(0.680275625738131 0.680275917716807 -0.44057935393792)
(0.992444275103138 0.742884038057104 -0.493960235258241)
(0.742884143381421 0.99244416398845 -0.493960164506698)
(1.00746427796383 1.00746404881368 -0.510968021467374)
(0.758920426273422 0.207156400259014 -0.207156133145106)
(1.01052801163414 0.23765396144306 -0.237653153341255)
(0.747344652726246 0.425147841553173 -0.209203366287399)
(1.00066697747473 0.48370758555182 -0.239217892361632)
(0.760797184523094 0.20683789822562 -4.81323308808637e-07)
(1.01300616875117 0.237432320690812 2.6346291378751e-07)
(0.748608500743316 0.424857455182245 -4.07468896915231e-07)
(1.00235179880658 0.483539015363202 3.59680783650063e-07)
(0.207155215962194 0.758920349253981 -0.207156091665742)
(0.425147040210345 0.747344757347796 -0.209203348866265)
(0.237653650457744 1.01052793978587 -0.237653303631697)
(0.483707408619793 1.00066690849132 -0.239218072205314)
(0.20683697579918 0.760797173674613 -6.14747486187006e-07)
(0.424856802387363 0.748608619146379 -4.73695915931618e-07)
(0.237432101618739 1.01300614682936 -8.0058925650342e-08)
(0.483538869523416 1.00235178404162 -1.42366908019442e-08)
(0.681662930003065 0.681663306511326 -0.216949802599927)
(0.994140709154926 0.741940533417581 -0.244882992185037)
(0.74194051460456 0.994140662465185 -0.2448830968503)
(1.00694058634235 1.00694046466553 -0.254965730242863)
(0.682002023319483 0.6820023453101 -2.48352749979142e-07)
(0.994905086574599 0.741996752285275 4.36808519219817e-07)
(0.741996718338391 0.994905080457817 1.81288062544444e-07)
(1.00715562449446 1.0071555361929 4.6970836545604e-07)
(1.25713428051146 0.261669247115918 -0.775990040920382)
(1.25650456931591 0.522319824494395 -0.776786965526555)
(1.25770212185807 0.25960821918958 -0.518140925379586)
(1.25586705821695 0.519061321322121 -0.519060518295868)
(1.25828748549213 0.780004475268795 -0.780004635106127)
(1.2636150870098 1.0308339651182 -0.78585948881249)
(1.25650452506322 0.776787321214516 -0.522319595365726)
(1.26174687005242 1.02865376104511 -0.528105373341297)
(1.26057844823582 0.258955249821697 -0.258953886141602)
(1.25770205853395 0.518142019686162 -0.259607095166857)
(1.26194615162423 0.258879750958509 9.70280995112038e-07)
(1.2586953255526 0.518077432783952 1.11825486974124e-06)
(1.25713418581753 0.775990714372693 -0.261668665355249)
(1.26168590703443 1.02820323947729 -0.265225796080069)
(1.25767462545447 0.775984559509369 1.0041589422749e-06)
(1.26191595686031 1.02827160328198 7.0559822265559e-07)
(0.261670507696023 1.25713415833604 -0.775989905034254)
(0.52232095610391 1.25650437617149 -0.77678654490276)
(0.259609122239971 1.25770198884326 -0.518141057415945)
(0.519062004069849 1.2558668705807 -0.519060560129531)
(0.780005436244358 1.2582872583105 -0.780003833737729)
(1.03083474349002 1.26361477385052 -0.785858641528226)
(0.776787853598868 1.25650432841404 -0.522319353681969)
(1.02865422083903 1.26174663112542 -0.528104965463974)
(0.25895582542595 1.26057833476104 -0.258954403460285)
(0.518142390827106 1.25770192248765 -0.259607709928947)
(0.258880293111809 1.2619460894287 1.81099596825718e-07)
(0.518077738536095 1.25869525576204 9.29595249492265e-08)
(0.775990991916756 1.257134070073 -0.261669022003492)
(1.02820350131285 1.2616857747503 -0.265225801602066)
(0.775984771620155 1.25767454758662 2.16662276866092e-07)
(1.0282718254047 1.26191583414335 3.93631489258028e-07)
(1.27020926617438 1.2702087799365 -0.792886187302684)
(1.2693474124011 1.26934708523184 -0.535086352731241)
(1.2692215081723 1.26922131514508 -0.269573158931027)
(1.26938433569076 1.26938413979387 4.15680745373403e-07)
(-1.26922107192788 -1.26922136222745 0.269573436847126)
(-1.02820266782781 -1.26168590807287 0.265227008666668)
(-1.26168566619693 -1.02820312992707 0.265225800753782)
(-1.00694004841466 -1.00694058756262 0.254966512166329)
(-1.26934677186899 -1.26934728452952 0.535086717856822)
(-1.02865310542334 -1.26174683188117 0.52810629749879)
(-1.26174653563992 -1.02865395019329 0.528105208240977)
(-1.00746363001364 -1.00746429671716 0.510968644506564)
(-1.27020836443707 -1.27020918377546 0.79288663418307)
(-1.03083325636148 -1.26361503374203 0.785860058942562)
(-1.26361465485947 -1.03083457057551 0.785859175602194)
(-1.01239684816278 -1.01239762581522 0.768142044489757)
(-1.27193830410826 -1.27193923921791 1.03946826404078)
(-1.03484191992312 -1.26760586790909 1.0348433821976)
(-1.26760544670423 -1.03484346730984 1.03484274090884)
(-1.02336741403002 -1.02336827998 1.02336805244768)
(-0.775989803838577 -1.25713422283404 0.261670547039627)
(-0.518140904557961 -1.25770204053392 0.259609244802105)
(-0.741939656765268 -0.99414090218779 0.244883999234987)
(-0.483706291380737 -1.00066711115692 0.239218845144685)
(-0.776786429281942 -1.25650448253092 0.52232093898093)
(-0.51906039389341 -1.25586694947033 0.519062066254899)
(-0.742883178208597 -0.992444443764547 0.493960935778078)
(-0.485351520226016 -0.994322429996502 0.485352926609033)
(-0.258954240295456 -1.26057836036875 0.258955927054542)
(3.29464709739741e-07 -1.26194609386994 0.25888032226114)
(-0.237652461742853 -1.01052800860406 0.237653921563225)
(7.67158039999966e-07 -1.01300615311132 0.237432210988603)
(-0.259607531172404 -1.25770196612103 0.518142454643142)
(2.58569267257841e-07 -1.25869526819986 0.51807776392131)
(-0.239217280114754 -1.00066699747324 0.483707598310452)
(7.20585638222873e-07 -1.00235178959065 0.483538996199957)
(-0.780003716371252 -1.258287391116 0.780005389374703)
(-0.5223192177702 -1.2565044074627 0.776787875889979)
(-0.750748633472025 -0.996439507290739 0.750749710325626)
(-0.493959569432638 -0.992444336215305 0.742884243114057)
(-0.785858448450532 -1.26361495644349 1.03083469014311)
(-0.528104778738695 -1.26174671669537 1.02865422251259)
(-0.768141137994013 -1.01239758760424 1.01239757728618)
(-0.510967534357105 -1.00746419234674 1.00746431237294)
(-0.261668897217525 -1.25713410480446 0.775991023787086)
(3.27209745059481e-07 -1.25767455263142 0.775984770033545)
(-0.244882505659144 -0.994140705385962 0.741940631163568)
(6.61962828643961e-07 -0.994905038882602 0.741996827622613)
(-0.265225653133472 -1.26168579081066 1.02820350920572)
(4.99402636872787e-07 -1.26191582499096 1.02827178314365)
(-0.254965318087228 -1.00694043487603 1.00694065014684)
(7.1902303387314e-07 -1.00715541894796 1.0071556758598)
(-1.2571340297655 -0.775990328102467 0.261668826487547)
(-0.994140320574665 -0.741940540583397 0.244883498592566)
(-1.25770190767065 -0.518141366686833 0.259607527343633)
(-1.00066666100979 -0.483707356166589 0.239218245543527)
(-1.25650428520034 -0.776787391215541 0.522319568485259)
(-0.992443811910842 -0.742884224452037 0.493960542096728)
(-1.25586680418633 -0.519061282936015 0.519060837992275)
(-0.994321921504568 -0.485352761535501 0.485352501315409)
(-1.26057830084272 -0.258954458959718 0.258954354008043)
(-1.01052776681557 -0.237653420743699 0.237653343519104)
(-1.26194607106507 3.51047204267402e-07 0.258878834312648)
(-1.01300604928771 6.19215859108679e-08 0.237431604024489)
(-1.25770186092116 -0.259608246328613 0.518141370096097)
(-1.00066668128717 -0.239218422339059 0.483707197633215)
(-1.25869522225429 -2.00964764059119e-07 0.518076704150448)
(-1.0023516203244 -1.2284904397572e-07 0.483538522566011)
(-1.25828718318914 -0.780005173790531 0.780004389921549)
(-0.996438880289477 -0.750749773803019 0.750749425448971)
(-1.25650425858129 -0.522320566299792 0.776787084620012)
(-0.992443834598159 -0.493960885814145 0.742883960269763)
(-1.26361474119019 -0.785860202324006 1.0308340079717)
(-1.01239697268986 -0.768142366765353 1.01239737930995)
(-1.2617465821602 -0.528106456554078 1.02865372874818)
(-1.00746376145676 -0.510968963285943 1.00746410861835)
(-1.25713397419664 -0.261670126640123 0.775990354172391)
(-0.994140378257466 -0.244883739572022 0.741940372212589)
(-1.25767451165835 -6.54604975770107e-07 0.775984089856757)
(-0.994904868880822 -2.64899812264449e-07 0.741996491667185)
(-1.26168568394581 -0.265227246124465 1.0282031277509)
(-1.0069401937453 -0.254966737221631 1.00694046120897)
(-1.26191580071653 -8.30030214001715e-07 1.02827137045015)
(-1.00715532481433 -4.26201770403756e-07 1.00715544853035)
(-0.68166224117206 -0.681663690319155 0.21694991903866)
(-0.425146095561364 -0.747345062162494 0.209203257993846)
(-0.747344262296985 -0.425148079256126 0.209203251234234)
(-0.680274917848064 -0.680276464059946 0.440579291839582)
(-0.427225810498337 -0.739411215886813 0.427227224173257)
(-0.739410226266759 -0.427227881448529 0.42722732681397)
(-0.207154344913674 -0.758920450573879 0.207155768954287)
(1.16446867819142e-06 -0.760797183230158 0.206837177268184)
(-0.209201661239895 -0.747344839393581 0.425147409366389)
(1.09763755998075e-06 -0.748608607328841 0.424857037135139)
(-0.758920184411747 -0.207156222345998 0.207155835091819)
(-0.760797064766324 -4.02034690668782e-07 0.206837190425496)
(-0.747344359047224 -0.209203641842681 0.425147587284526)
(-0.748608306026164 -5.29730242542631e-07 0.424857067490554)
(-0.68192484585136 -0.681926288871404 0.681925743897782)
(-0.440577982273192 -0.680276267973862 0.680275824276196)
(-0.680275079925744 -0.440579804636516 0.680275925708724)
(-0.427226122549552 -0.427227663586355 0.73941082909418)
(-0.750748742885103 -0.750749788794849 0.996439390801429)
(-0.493959603111147 -0.742884169187028 0.992444326338904)
(-0.742883373892094 -0.493960961093384 0.992444280221226)
(-0.485351706797974 -0.485352792745311 0.994322353046334)
(-0.216948435490057 -0.681663251425631 0.681663129835291)
(9.21704715602101e-07 -0.682002152847618 0.682002220993878)
(-0.209201983704137 -0.425147563125244 0.74734473424464)
(7.56361333483294e-07 -0.424856927002748 0.748608632366385)
(-0.244882434588384 -0.74194037959432 0.994140801226346)
(7.87397792530176e-07 -0.741996420349384 0.994905195725176)
(-0.239217384851573 -0.483707239518357 1.00066703535233)
(6.65543940047905e-07 -0.483538390885267 1.00235189601646)
(-0.681662523263582 -0.216950203441679 0.681663316167484)
(-0.425146588744894 -0.209203501827055 0.747344854468095)
(-0.682001733998695 -4.99392489039519e-07 0.68200224873076)
(-0.42485648643038 -4.37587257319863e-07 0.7486086342696)
(-0.741939932145594 -0.244883868743954 0.994140739128774)
(-0.483706638582935 -0.239218559560273 1.00066701481408)
(-0.741996280758771 -4.16812731329763e-07 0.994905078630081)
(-0.483538295861033 -3.15811069366914e-07 1.00235182224349)
(-0.207154910236195 -0.207155829049338 0.758920404498316)
(5.37579162183596e-07 -0.206837012179248 0.760797240353149)
(-0.206836735606842 -9.37076332797188e-08 0.760797179207315)
(3.82981301743149e-07 3.53460232686842e-07 0.76286142420978)
(-0.237652796926349 -0.237653404524909 1.01052801877269)
(4.37032096737427e-07 -0.237431409402877 1.01300623209602)
(-0.237431447150477 7.46172306755055e-09 1.0130061857637)
(2.00526795402986e-07 4.20957658793519e-07 1.01574890122683)
(-1.27399795164156 -1.2739987124783 1.27399848620965)
(-1.0394673495021 -1.2719391960238 1.27193918701806)
(-1.27193869219252 -1.03946876322007 1.27193886535478)
(-1.03484239249366 -1.03484350058531 1.26760577233265)
(-0.792885641469601 -1.27020910899304 1.27020921854457)
(-0.535085818366009 -1.26934721431006 1.26934740256391)
(-0.7858586830019 -1.03083460356561 1.26361502242834)
(-0.528104599413403 -1.02865396795955 1.26174686704681)
(-0.269572666266892 -1.26922130717259 1.26922151540533)
(7.93882834814602e-07 -1.26938411222446 1.2693842776305)
(-0.26522512702342 -1.02820312735063 1.26168594788585)
(1.13546998546307e-06 -1.02827138352301 1.26191595147945)
(-1.27020878287447 -0.792887402899473 1.27020887777291)
(-1.03083379471251 -0.785860288884645 1.26361492061309)
(-1.26934705924353 -0.535087677596491 1.26934714939371)
(-1.02865354306177 -0.528106566291762 1.26174673867133)
(-1.26922124538226 -0.269574525927237 1.26922132537634)
(-1.02820301072343 -0.265227289847768 1.26168582293106)
(-1.2693840813659 -7.82694451296334e-07 1.26938407629491)
(-1.02827137824036 -8.02228207207739e-07 1.26191584406526)
(-0.78000403332181 -0.780005310467176 1.25828741158905)
(-0.522319065644201 -0.776787527471453 1.25650451914089)
(-0.776786789898865 -0.522320775855121 1.25650446328956)
(-0.519060444561243 -0.519061525703171 1.25586701563934)
(-0.26166823142783 -0.775990415274345 1.25713424859773)
(1.23566972315761e-06 -0.775984014840615 1.25767466108829)
(-0.259607094502548 -0.518141548884894 1.25770209875407)
(9.9369496963167e-07 -0.51807653793966 1.25869536599634)
(-0.775990199798973 -0.261670338685032 1.25713414804547)
(-0.518141186854169 -0.259608563368929 1.25770203080665)
(-0.775984120987231 -8.38146300745357e-07 1.25767459446083)
(-0.518076789274639 -5.39028343089082e-07 1.25869532052396)
(-0.258954199504105 -0.25895472262185 1.26057844576661)
(5.78351546997452e-07 -0.258878624783818 1.26194617329063)
(-0.258878964608799 5.98683633154518e-08 1.26194616014951)
(2.45530210024603e-07 6.6222512400127e-07 1.26344900877233)
(0.258955032134489 -1.26057835786817 0.258955835049336)
(0.518141813623933 -1.25770193064722 0.259609070607578)
(0.237653937029304 -1.01052787670957 0.237653741743418)
(0.483707547357946 -1.00066676085844 0.239218565283461)
(0.259608151663597 -1.25770196323008 0.518142330887845)
(0.519061167822386 -1.25586686235753 0.519061831482901)
(0.239218643656344 -1.00066687075468 0.483707508815299)
(0.485352647783742 -0.994322101442718 0.485352787237286)
(0.775990600151402 -1.25713401457075 0.261670325177008)
(1.02820325082712 -1.2616856297122 0.265226828314328)
(0.741940525302284 -0.994140380601353 0.244883748611658)
(1.00694053480694 -1.00694004615548 0.254966423671447)
(0.776787236558018 -1.25650427486729 0.522320577172288)
(1.02865381447349 -1.26174648067351 0.528105950525009)
(0.742883956685453 -0.992443928491167 0.493960807384854)
(1.0074640917013 -1.00746365908946 0.510968648602354)
(0.261669541154416 -1.25713408879884 0.775990840944047)
(0.522319944338319 -1.25650436373983 0.776787505770049)
(0.244883731975069 -0.994140591650129 0.741940586854759)
(0.493960550357075 -0.992444063928377 0.742884163646461)
(0.265226527969818 -1.26168577481764 1.02820330688252)
(0.528105573804207 -1.26174671845395 1.02865376687453)
(0.254966605564267 -1.0069403300206 1.00694058056814)
(0.510968485501531 -1.00746397223445 1.0074641932548)
(0.780004595967389 -1.25828723020253 0.780004790665706)
(1.03083413712217 -1.26361465764776 0.785859435245595)
(0.750749321822593 -0.996439060801866 0.750749613605658)
(1.01239728693021 -1.01239694849405 0.768142043538303)
(0.78585934721323 -1.26361487502971 1.03083396742734)
(1.03484281457638 -1.26760556156462 1.03484262174456)
(0.768141762337684 -1.01239722931483 1.01239743780232)
(1.0233677966722 -1.02336765812282 1.02336799419048)
(1.26922140878092 -1.26922100778378 0.269573445893346)
(1.26168590867513 -1.02820259056206 0.265225970926647)
(1.26934723149246 -1.26934671173713 0.5350867388912)
(1.26174677190317 -1.02865306565456 0.528105602051461)
(1.27020897454989 -1.2702083732545 0.792886501734596)
(1.26361489091292 -1.03083330930559 0.785859589102992)
(1.27193890801802 -1.27193840384268 1.03946798554763)
(1.26760563302506 -1.03484211044971 1.03484303056367)
(0.207156537195778 -0.758920264709289 0.207155447774287)
(0.425147957260594 -0.747344393708463 0.209202763456893)
(0.209203690320753 -0.747344649493761 0.425147346566963)
(0.427227417133521 -0.739410574784094 0.427227151514862)
(0.681663370895154 -0.681662487088336 0.216949482629026)
(0.994140708374377 -0.741939740531934 0.244883452588567)
(0.747344734896484 -0.425146539910533 0.209202772073353)
(1.00066687583608 -0.483706455964979 0.239218270371485)
(0.680275772065155 -0.680275347367801 0.440579279725524)
(0.992444113859413 -0.742883330653351 0.493960675688944)
(0.739410563677585 -0.427226396590208 0.427227278597524)
(0.994322063435786 -0.48535176321269 0.485352678022567)
(0.758920236145228 -0.207154837270984 0.20715541351912)
(1.01052782509418 -0.237652643690191 0.237653515953278)
(0.760797074842069 7.21021539914352e-07 0.206836986085177)
(1.01300606098233 6.13177374458873e-07 0.2374319994887)
(0.74734445303038 -0.209202168747937 0.425147464047177)
(1.0006667055573 -0.239217520978661 0.48370745131331)
(0.7486083688188 7.4331461521332e-07 0.424857067707346)
(1.00235161828254 5.46486007720753e-07 0.483538944194758)
(0.216950075947624 -0.681662949769882 0.6816632088736)
(0.440579141668865 -0.680275551242235 0.680276013631131)
(0.209203296421665 -0.425146983330077 0.747344820320369)
(0.427226986193803 -0.427226570034485 0.739411021338826)
(0.244883818305011 -0.741940072197744 0.994140798079866)
(0.493960542548265 -0.742883599133674 0.992444356347537)
(0.2392185381454 -0.483706690792416 1.00066704884555)
(0.485352448765846 -0.485351837302115 0.994322416680482)
(0.681925451411021 -0.681925314014885 0.681925970968596)
(0.996439110304053 -0.750748842603957 0.750749627810225)
(0.680275453693475 -0.440578488102431 0.68027612385792)
(0.992443925497317 -0.493959831995487 0.742884191789039)
(0.750749229752849 -0.750749056912321 0.996439469319892)
(1.01239714492939 -0.768141465323321 1.01239753746291)
(0.742883701286751 -0.493959858205002 0.992444403607948)
(1.00746381179898 -0.510967869039033 1.00746429905769)
(0.207155841967994 -0.207155060335909 0.758920433799215)
(0.425147191882096 -0.209202183796409 0.747344880958026)
(0.206837370135089 6.98045312911774e-07 0.760797271928859)
(0.424856871714293 8.70982316223193e-07 0.748608731966799)
(0.237653540106923 -0.237652675224575 1.01052804057306)
(0.483707082838393 -0.239217327491005 1.00066708385207)
(0.237431767228183 7.65766576807034e-07 1.01300623581659)
(0.483538446077767 9.45193367369451e-07 1.00235193353301)
(0.681662755348338 -0.216948760284438 0.68166334784865)
(0.99414037867932 -0.244882735998296 0.741940635588455)
(0.682001880464426 8.35204315779992e-07 0.682002365553084)
(0.99490484064578 5.2548462895971e-07 0.741996878433378)
(0.741940082005215 -0.244882527861662 0.994140870253322)
(1.00694015849829 -0.254965593182743 1.00694067476228)
(0.741996283811829 9.05448914068074e-07 0.99490526686201)
(1.00715524459616 5.74483859996922e-07 1.00715575526701)
(1.25713417172261 -0.77598974092221 0.261669142586462)
(1.25770196117608 -0.518140852231047 0.259608021498665)
(1.25650438017396 -0.776786432671386 0.522320027435976)
(1.255866814876 -0.519060447743804 0.519061302708418)
(1.26057829566007 -0.258954166720571 0.258955113064181)
(1.26194607312138 4.15990296303431e-07 0.258879896873774)
(1.25770183050892 -0.259607661777836 0.518141981375107)
(1.25869519266772 8.72816460113779e-08 0.518077596896167)
(1.25828723375989 -0.780003815799861 0.780004850276318)
(1.2565042263108 -0.522319395005641 0.776787462037509)
(1.26361474356917 -0.78585870300646 1.03083435715818)
(1.26174651539381 -0.52810512403698 1.02865399916561)
(1.25713391135828 -0.261669293344821 0.775990797810479)
(1.25767445005077 -2.28641931915297e-07 0.775984762614674)
(1.26168559412316 -0.265226245888887 1.02820343536001)
(1.26191570786263 -2.53868589632916e-07 1.02827185281506)
(0.269573974928085 -1.2692213132107 1.26922134573583)
(0.535086693393563 -1.26934724061029 1.26934704866202)
(0.265227025336808 -1.0282030268398 1.26168583870128)
(0.528105731752616 -1.02865375666833 1.26174671710707)
(0.792886318510895 -1.27020907809033 1.2702086979566)
(1.03946791287814 -1.27193901894166 1.27193865527144)
(0.785859211768449 -1.03083428816886 1.26361488877177)
(1.03484261733899 -1.03484301918974 1.26760570600482)
(1.27399829441109 -1.27399817812766 1.27399824509456)
(1.271938766518 -1.0394678109472 1.27193898413474)
(0.261670245493108 -0.775990075624928 1.25713415819275)
(0.522320190232761 -0.776786910605552 1.25650446144501)
(0.259608677978752 -0.518140881911728 1.25770203113513)
(0.519061281310107 -0.519060387928798 1.25586700994626)
(0.780004476931547 -0.78000456446759 1.25828742279372)
(1.03083388644255 -0.785859462514854 1.26361500473373)
(0.776787076618973 -0.522319468156343 1.25650452925229)
(1.02865353861187 -0.528105341864546 1.26174686211327)
(0.258955080211322 -0.258953795796396 1.26057841239611)
(0.518141582627538 -0.259606942400196 1.25770206231691)
(0.25887925067728 1.06620928373366e-06 1.26194613838545)
(0.518076773476869 1.24090040649893e-06 1.25869536536887)
(0.775990256347226 -0.261668525882895 1.25713423285074)
(1.02820290927939 -0.265225794426337 1.26168594621215)
(0.775983983939051 1.1180049043942e-06 1.25767470161885)
(1.02827122593582 6.74381704823118e-07 1.2619160229572)
(1.27020874410419 -0.792886254254113 1.27020905856063)
(1.2693469706903 -0.5350864943375 1.26934731006451)
(1.26922113916604 -0.269573470601169 1.26922149974511)
(1.26938396762944 -6.49447740377895e-09 1.26938435684003)
(-1.26057833242115 0.258955149296189 0.258954419286814)
(-1.0105278659085 0.237653490319658 0.237653023820295)
(-1.25770191151074 0.518141963454602 0.25960778650875)
(-1.00066685768294 0.48370732667498 0.239217751172231)
(-1.25770195848298 0.259608038334698 0.518141191443353)
(-1.00066680533411 0.239218181707465 0.483706857865176)
(-1.25586686231335 0.519061343504676 0.519060607808533)
(-0.994322139263992 0.485352541830784 0.485351961361111)
(-1.25713400532654 0.775990779140592 0.261669382843092)
(-0.994140554330171 0.741940493808902 0.244883038270076)
(-1.26168567598709 1.02820343329816 0.265226439097644)
(-1.00694025182148 1.00694058385185 0.25496619679521)
(-1.25650429928088 0.776787543238499 0.522319454226224)
(-0.992444057636023 0.74288407563854 0.49395999434833)
(-1.2617466056149 1.02865409600655 0.528105161650142)
(-1.00746391172427 1.00746423712235 0.51096814796588)
(-1.25713411674868 0.261669154972935 0.77599005823951)
(-0.994140532328305 0.244883267471661 0.741940081437479)
(-1.25650437064472 0.522320139401189 0.776786584365166)
(-0.9924440825189 0.493960543650653 0.742883489495425)
(-1.26168578837065 0.26522591853545 1.02820280364219)
(-1.0069402956172 0.254965991770505 1.00694026323716)
(-1.26174665805777 0.528105729795702 1.02865317802925)
(-1.0074639107439 0.510968461061379 1.00746378123442)
(-1.2582872561024 0.780005059896679 0.780003840659508)
(-0.996439155224808 0.750749579511036 0.750748908438688)
(-1.26361481785071 1.0308345885585 0.78585861769284)
(-1.01239723993798 1.01239755412848 0.768141481672666)
(-1.26361478224633 0.785859912554732 1.03083332227944)
(-1.01239713426312 0.768142111506348 1.01239698964118)
(-1.26760559260424 1.03484341346318 1.03484199883238)
(-1.02336774297595 1.02336820151122 1.02336756909026)
(-0.758920257253719 0.20715541002643 0.207155259313645)
(-0.747344671262339 0.425147232248037 0.209202318371576)
(-0.747344509376919 0.209202657905373 0.425147062107487)
(-0.739410745820745 0.427226996116372 0.427226487012611)
(-0.681663065843204 0.68166307006628 0.216948946047494)
(-0.425147356562243 0.747344697281813 0.209202258519729)
(-0.741940075997113 0.994140742212349 0.244883360013412)
(-0.483706795530446 1.00066697213217 0.239218185192619)
(-0.680275772944428 0.680275840076522 0.440578428781038)
(-0.427226996468305 0.739410838709966 0.427226417992859)
(-0.742883657967163 0.992444272034593 0.493960296817992)
(-0.485352029837825 0.994322283466601 0.485352328787643)
(-0.207155642244075 0.758920345368755 0.207154924808893)
(-8.05435840418867e-09 0.760797178136591 0.206836537775671)
(-0.237652863471176 1.01052796014827 0.237653316400745)
(5.21281741966417e-07 1.01300616301835 0.237431645479583)
(-0.209202758039639 0.747344739325458 0.425146728701741)
(2.22910818626493e-07 0.748608632465698 0.424856446171569)
(-0.239217628129628 1.00066694615304 0.483707070896609)
(5.84463845095667e-07 1.00235181906948 0.483538500571327)
(-0.681662813791261 0.216949310457102 0.681662935106448)
(-0.425147015489797 0.209202765290049 0.747344600597538)
(-0.680275731432387 0.440579090653573 0.680275332098244)
(-0.42722696377335 0.427227162229986 0.73941044018823)
(-0.741940129059832 0.244883136079467 0.994140567921867)
(-0.483706979340866 0.23921802129128 1.0006668657509)
(-0.742883721704458 0.493960457194943 0.992443997278169)
(-0.48535229792795 0.485352453607459 0.994322098380935)
(-0.207155314139293 0.207155695986958 0.758920253254741)
(2.55242634108338e-07 0.206837638412866 0.760797175379249)
(-0.209202757745658 0.425147524779475 0.747344480250433)
(1.68606841053145e-07 0.424857380751831 0.74860843556718)
(-0.23765322763064 0.237653444203659 1.01052790312807)
(1.62116382280281e-08 0.237432180370725 1.01300615012044)
(-0.239218121451699 0.483707318793383 1.00066682552235)
(-5.84649140975002e-08 0.483538977755929 1.00235172666028)
(-0.681925646794736 0.681925798714959 0.681925111853839)
(-0.440578992407375 0.680275932767778 0.680275295022531)
(-0.750749190387227 0.996439391743626 0.750749162294661)
(-0.493960130621876 0.992444256078044 0.742883770572222)
(-0.7507491473591 0.750749526214774 0.996439060642037)
(-0.493960262387661 0.742884018018895 0.992444025846564)
(-0.768141636030779 1.01239752721151 1.01239717410885)
(-0.510968129708799 1.00746419216426 1.00746397671169)
(-0.21694935691066 0.68166322787 0.681662712321164)
(2.07935796703307e-07 0.682002362861847 0.682001843118708)
(-0.244882914437931 0.994140716959142 0.741940233038709)
(4.66731893581512e-07 0.994905143967205 0.74199646181687)
(-0.244883233241069 0.741940473980429 0.994140541966062)
(1.47981825404653e-08 0.741996793352226 0.994904968155149)
(-0.254965914374809 1.00694053709113 1.00694037466883)
(2.30402476569802e-07 1.00715563700872 1.00715543531815)
(-1.26922121844065 1.26922149163296 0.269573818185649)
(-1.02820290555954 1.26168590087208 0.265226757433176)
(-1.26934712843769 1.26934734995437 0.535086428228177)
(-1.02865367569768 1.26174680356161 0.528105613672265)
(-1.27020898689459 1.2702091893856 0.792885875216739)
(-1.03083425409671 1.26361501355842 0.785859133633874)
(-1.27193897813666 1.27193922870049 1.03946741676233)
(-1.03484303125868 1.26760587499208 1.03484253440801)
(-0.77598996292134 1.25713417870926 0.261670100922354)
(-0.518140746458834 1.25770201547537 0.259608821446051)
(-0.77678687970707 1.25650444918546 0.522320257403424)
(-0.519060386680618 1.25586695294989 0.519061546305593)
(-0.258953594318007 1.26057838270891 0.258955419074077)
(1.28118017838144e-06 1.2619461259025 0.2588796009289)
(-0.259606953213799 1.25770199005304 0.518141996529351)
(1.22280591718579e-06 1.25869530268085 0.518077255579806)
(-0.780004597402923 1.25828740790611 0.780004604922263)
(-0.522319560855444 1.25650446030897 0.776787352727616)
(-0.785859525125188 1.26361502665348 1.03083399560767)
(-0.528105449335515 1.26174681770604 1.02865376205145)
(-0.261668665561461 1.25713414650662 0.775990638322501)
(9.58783831377097e-07 1.25767462000121 0.775984424629193)
(-0.265225935939361 1.26168587213891 1.02820319813201)
(5.18884691640825e-07 1.26191594686438 1.02827153643086)
(-1.26922120610131 0.269573155350027 1.26922111333964)
(-1.02820293859009 0.265225884763746 1.26168573626285)
(-1.26934691411127 0.535086793398974 1.26934680442275)
(-1.02865338424779 0.52810563775809 1.26174659061637)
(-1.27020853324153 0.792887010802681 1.27020842312352)
(-1.03083353053707 0.785859841212389 1.26361471570169)
(-1.27193848842521 1.03946866829819 1.27193836770082)
(-1.03484221623106 1.03484337501233 1.26760549256937)
(-0.775990259557382 0.261668960960136 1.25713411516413)
(-0.518141472351503 0.25960774151673 1.2577020028612)
(-0.776786877183714 0.522319955954645 1.25650435445154)
(-0.519060902846009 0.519061120169729 1.25586690406779)
(-0.258954655363476 0.258954892721405 1.26057839391452)
(7.89769176862132e-08 0.258879808762137 1.26194610948811)
(-0.259607864314287 0.518141768855584 1.25770198622524)
(8.98639925528411e-08 0.518077414980775 1.25869526468176)
(-0.780004096143075 0.780004928633028 1.2582872516304)
(-0.522319599826134 0.776787380789733 1.25650436616351)
(-0.785858821452874 1.03083451442472 1.26361478745244)
(-0.528105147752281 1.02865398702587 1.26174666712183)
(-0.261669176580884 0.775990619791049 1.25713410559259)
(1.11136896272651e-07 0.775984587529944 1.25767454130402)
(-0.265226050078076 1.02820330260586 1.26168577575636)
(6.5093612416911e-08 1.02827172722454 1.26191582059561)
(-1.27399819051691 1.2739987010741 1.273997977082)
(-1.0394678377821 1.27193922263998 1.27193870124271)
(-0.792886280441348 1.27020917881135 1.27020880050294)
(-0.535086464652611 1.26934731962263 1.26934710688373)
(-0.269573374191585 1.26922143792557 1.26922130030101)
(1.04838208451336e-07 1.26938429259982 1.26938412127479)
(0.758920265289063 0.20715618343964 0.20715533526734)
(1.01052788772123 0.237653816808524 0.237653665558617)
(0.74734459066748 0.425147682226833 0.20920264126003)
(1.00066689318525 0.48370745399939 0.239218546773067)
(0.747344564657173 0.209203496704025 0.425147284163563)
(1.00066682153007 0.239218553308062 0.483707502971708)
(0.739410706057012 0.427227367316843 0.427226916167514)
(0.994322178865531 0.485352615199923 0.485352777172854)
(0.207155583328931 0.758920357054664 0.207154988245571)
(0.425147228188832 0.747344755716895 0.209202432334979)
(0.237653788279304 1.01052794094752 0.237653197320672)
(0.483707450076974 1.0006669296579 0.239218062963728)
(0.209203072291309 0.747344775708422 0.425146806934046)
(0.427227097641329 0.739410807001585 0.427226649233326)
(0.239218665014398 1.00066696046593 0.483707004310941)
(0.485352757048574 0.994322264719035 0.485352273752312)
(0.681662973291232 0.681663233191753 0.216949301543241)
(0.994140665509082 0.74194044647932 0.244883768206553)
(0.741940497861684 0.994140668525053 0.24488341639432)
(1.00694056384528 1.00694043106895 0.254966567279821)
(0.680275776281698 0.680275855824215 0.440578869906704)
(0.992444176447498 0.742883921617669 0.493960792150356)
(0.742884102111859 0.992444182783508 0.493960401432518)
(1.00746421486975 1.00746399282618 0.510968628698347)
(0.20715569599437 0.207156279916095 0.758920420293274)
(0.425147199733607 0.20920369105182 0.747344816387606)
(0.209202967283352 0.425147819558161 0.747344633112129)
(0.427226977251508 0.427227561612407 0.73941074495766)
(0.237653215187249 0.23765405575288 1.01052797995859)
(0.483706897693357 0.239219020528339 1.00066703041184)
(0.239217973562662 0.483707692047421 1.00066689676659)
(0.485352117857886 0.485353040795052 0.994322268192532)
(0.681662883132012 0.216950213728473 0.681663218770755)
(0.994140506047037 0.244883713898767 0.741940655961399)
(0.680275689179877 0.440579437842987 0.680275789293327)
(0.992444066888825 0.493960605087209 0.742884224789641)
(0.741940025118887 0.24488414772909 0.994140839111965)
(1.00694019403244 0.254966653349579 1.00694070906551)
(0.742883569064548 0.493961009342683 0.992444303943139)
(1.0074637989327 0.510968685438705 1.00746434549543)
(0.216949650922584 0.681663330611252 0.681662820598898)
(0.440579085214428 0.680275964213391 0.680275582105743)
(0.244883744090518 0.994140759410866 0.74194020569091)
(0.493960713199021 0.992444270854877 0.742883752958072)
(0.244883228362421 0.74194065690045 0.994140574321044)
(0.493960200847833 0.742884275976512 0.992444127508509)
(0.254966324265078 1.00694062774035 1.00694033812146)
(0.51096841206931 1.00746429322018 1.00746392789875)
(0.681925656737555 0.681925768641179 0.681925576375627)
(0.996439206063045 0.750749350838757 0.750749657428078)
(0.750749535623876 0.996439309889806 0.750749263793986)
(1.01239745692892 1.01239722620786 0.768141970535308)
(0.750749070248274 0.750749708525566 0.996439302259063)
(1.01239706585218 0.768141978563594 1.012397571753)
(0.768141786400721 1.01239754002439 1.01239720509594)
(1.02336781328659 1.02336792574038 1.02336794597712)
(1.26057837822342 0.25895511614972 0.258955723251063)
(1.25770199599152 0.518141875875518 0.259609155640488)
(1.25770195910857 0.259608053153862 0.518142400979076)
(1.2558669040452 0.519061108896808 0.519062061360375)
(1.25713415670644 0.775990582898327 0.2616705177363)
(1.26168591531542 1.02820313015269 0.265227120417045)
(1.25650440744404 0.77678707045209 0.522320951203182)
(1.26174681542394 1.0286535030818 0.528106360268055)
(1.25713407715502 0.261669153870653 0.77599104276691)
(1.25650435518752 0.522319704791086 0.776787916452072)
(1.26168570284473 0.26522600892083 1.02820354796609)
(1.2617465667812 0.528105286764304 1.02865427184159)
(1.25828729353982 0.780004226786851 0.780005428252213)
(1.26361496993912 1.03083360032968 0.785860071487258)
(1.26361470697032 0.78585897596673 1.03083474400272)
(1.26760562070856 1.03484229846122 1.03484337360997)
(0.258955891682856 1.26057838087603 0.258954894298336)
(0.518142384259008 1.2577019817264 0.259608000474582)
(0.259609182045956 1.25770200787471 0.518141678397849)
(0.519061998803793 1.25586693061009 0.519061000671035)
(0.775990943549571 1.25713409782198 0.261669421376021)
(1.0282034788455 1.26168575585044 0.265226449714777)
(0.776787807636199 1.25650438918223 0.522319743017546)
(1.02865418353848 1.26174663208883 0.528105433753505)
(0.261670436632803 1.25713417835934 0.775990450785507)
(0.522320846464108 1.25650444046776 0.776786985725755)
(0.265226934504465 1.26168592773063 1.02820306231772)
(0.52810620421389 1.26174684023121 1.02865345276604)
(0.780005318754306 1.25828733304759 0.780004209110335)
(1.03083465884684 1.26361477247933 0.785859012899038)
(0.785859948117177 1.26361500128377 1.03083358068433)
(1.03484328608213 1.26760566964381 1.03484230891992)
(1.26922153005996 1.26922123480116 0.269573903202148)
(1.26934740863707 1.26934691873522 0.535086901043076)
(1.2702092496606 1.27020849320943 0.792886554926881)
(1.27193916609475 1.27193846613995 1.03946800915577)
(0.258954629913942 0.258955718469297 1.2605783655702)
(0.518141216343954 0.259609202484428 1.25770203928408)
(0.259607842970128 0.518142285092894 1.25770193931397)
(0.519060623142618 0.51906202357498 1.25586692097074)
(0.775990002602431 0.261670576952115 1.25713423882816)
(1.02820275777852 0.265227078477505 1.26168599069415)
(0.776786577357397 0.522320944920358 1.25650446984101)
(1.02865316638887 0.528106317725061 1.26174688647217)
(0.261669248938759 0.77599092159735 1.25713405432312)
(0.522319448632464 0.776787840027511 1.25650435077379)
(0.265226174371901 1.02820347636403 1.26168573446883)
(0.528105198095963 1.02865421006234 1.26174658948072)
(0.780003871880557 0.780005378236811 1.2582873337577)
(1.03083332726344 0.785860024942291 1.2636150309126)
(0.785858766030206 1.03083468991435 1.26361475818779)
(1.03484211438646 1.03484332946852 1.26760568510652)
(1.26922108852405 0.269573589842137 1.26922155246151)
(1.2693467726267 0.535086762519723 1.2693474475704)
(1.27020836137583 0.792886501921964 1.27020929401474)
(1.27193837069372 1.03946798181185 1.27193921311405)
(0.269573666419853 1.26922151434404 1.26922122054813)
(0.535086750610709 1.26934741766159 1.26934688607579)
(0.792886417881159 1.27020926126143 1.27020847660192)
(1.03946789994368 1.27193918375078 1.2719384704688)
(1.2739982174407 1.27399826018867 1.2739982778208)
(-0.499996746789357 -0.500002569153724 -0.500000684026932)
(-0.333728450571717 -0.499999869603541 -0.499999951592142)
(-0.499999641384493 -0.333730205779619 -0.500000422742924)
(-0.33368421121719 -0.333684373817794 -0.499999927737059)
(-0.49999873607372 -0.500001378296346 -0.333730021286806)
(-0.333683279125375 -0.499999950064654 -0.333684920846671)
(-0.500000122236541 -0.333685411211297 -0.333684613819277)
(-0.167062933721181 -0.499999199384206 -0.500000810036116)
(1.44095858410043e-06 -0.499999274757791 -0.500000725020124)
(-0.1670181304227 -0.333671236549686 -0.500000058448282)
(8.68717753316317e-07 -0.333665379489677 -0.499999961266164)
(-0.167017209132557 -0.499999950035615 -0.333672475594659)
(1.76349261619435e-06 -0.500000038656796 -0.333667403920483)
(-0.500000651500622 -0.167063816434495 -0.499999346558065)
(-0.33367232668077 -0.167018045072937 -0.499999941231723)
(-0.500001048040697 -1.7286858149148e-07 -0.499998951732404)
(-0.333667428683301 1.10401580988741e-06 -0.500000047648604)
(-0.500000057056093 -0.167018892963042 -0.333671599514224)
(-0.49999995232236 3.84495058543494e-07 -0.333665977231578)
(-0.167005802080196 -0.16700454258245 -0.500000002417573)
(2.27726390309618e-07 -0.16699851503678 -0.499999998386988)
(-0.167000796371714 1.51830042377561e-06 -0.500000001127746)
(-1.34307369497903e-06 1.84224999675683e-06 -0.500000000000002)
(-0.499998465380342 -0.500001526999816 -0.167063779536809)
(-0.333670482408414 -0.500000009286167 -0.167018657431648)
(-0.499999984045422 -0.333673004106511 -0.16701829780598)
(-0.499998240420015 -0.500001759340476 -1.92338262541071e-07)
(-0.333664829723436 -0.499999944239049 4.92068799004358e-07)
(-0.500000055764035 -0.333667789544335 8.30132818768954e-07)
(-0.167003941686184 -0.500000001397969 -0.167005930502783)
(2.0075412436032e-06 -0.500000001506235 -0.167000717529717)
(-0.166998095433754 -0.499999999314016 1.52407444838329e-07)
(2.17318850124004e-06 -0.500000000000001 -1.21003940230274e-06)
(-0.499999996180453 -0.167006138485774 -0.167005179228233)
(-0.499999998839313 1.33202016254206e-07 -0.166999641365467)
(-0.500000000706743 -0.167000797119499 7.53002809630227e-07)
(-0.5 -1.5174820364131e-07 -4.7628154977873e-07)
(0.167064616556745 -0.499998850665946 -0.500001151566027)
(0.333730059564808 -0.499998076972928 -0.500001912765326)
(0.167018796573886 -0.333670505035886 -0.500000034984888)
(0.333684433174105 -0.33368286528173 -0.499999965806289)
(0.167019691432141 -0.499999966901231 -0.333673320778649)
(0.333685548327464 -0.500000045177399 -0.333686418904012)
(0.499998153432768 -0.499999291464094 -0.500002555085954)
(0.499998856844655 -0.33372750403362 -0.500001084725204)
(0.500001385198472 -0.499998683305796 -0.333732035957716)
(0.499999989028396 -0.333683111504854 -0.333686170987449)
(0.167005277531044 -0.167003927245792 -0.499999996697414)
(0.333671558623306 -0.167016814742216 -0.500000026088044)
(0.166999141084523 1.06943766316276e-06 -0.499999999607274)
(0.333665905278706 2.0029702860096e-06 -0.500000011654227)
(0.499999491205364 -0.167062178926147 -0.500000505408395)
(0.499999570057982 1.99822528452247e-06 -0.500000429938748)
(0.499999970991043 -0.167017014613828 -0.33367309245572)
(0.4999999883447 1.81661784366778e-06 -0.333667447012205)
(0.167006916171554 -0.500000001622632 -0.167006829995564)
(0.333673205670234 -0.500000082537978 -0.16702018632523)
(0.16700131066059 -0.499999997266638 -1.54346503160744e-06)
(0.333667747338803 -0.500000063110308 -1.73042156991101e-06)
(0.500001450187503 -0.499998550889898 -0.167065608647914)
(0.499999918520595 -0.333670682810193 -0.167020122986024)
(0.500001396097383 -0.499998603890079 -1.82077739032467e-06)
(0.499999936889792 -0.333665393468636 -1.69947291578935e-06)
(0.500000001677767 -0.167004213428081 -0.167006853097181)
(0.500000000406994 1.62136430112346e-06 -0.167001066628879)
(0.500000002734467 -0.166998784439863 -1.63474066673922e-06)
(0.499999999999986 1.43098019193428e-06 -1.66036213278927e-06)
(-0.500000773931278 0.167064060023289 -0.499999228427379)
(-0.333673288903253 0.167019073197245 -0.500000024936396)
(-0.50000125067901 0.333729242119991 -0.499998725404603)
(-0.333686280780096 0.333684784305565 -0.500000122701388)
(-0.499999977021121 0.167018438611883 -0.333671483675723)
(-0.499999875752094 0.333684102423635 -0.333684296908488)
(-0.167006975940758 0.167006412869339 -0.499999998442874)
(-1.81510274066892e-06 0.167000939773877 -0.499999998258742)
(-0.167020339090341 0.333672512335756 -0.500000066091136)
(-2.11002727263699e-06 0.333667154937275 -0.5000000400133)
(-0.500002076324465 0.499997007591185 -0.50000091606246)
(-0.333731858862024 0.50000029694738 -0.499999904770631)
(-0.500001138546029 0.499998683366376 -0.333729517573241)
(-0.333686156304247 0.500000001553974 -0.333684933001632)
(-0.167065749163203 0.500000349741538 -0.499999643835445)
(-2.24245954577685e-06 0.500000381754249 -0.499999618244873)
(-0.167020264174772 0.499999928255026 -0.333672367801187)
(-2.09134174972472e-06 0.499999960035718 -0.333666966304781)
(-0.500000000030225 0.167005268838362 -0.167005556922662)
(-0.500000028366486 0.333671557563727 -0.167018877193911)
(-0.499999999728073 0.166999422916775 -8.48179109139452e-07)
(-0.500000005682639 0.33366614564911 -1.2338958468811e-06)
(-0.500000474849728 0.499999529157806 -0.167064539745916)
(-0.333673025672588 0.499999975326732 -0.167019411124674)
(-0.50000019822196 0.499999801778565 -1.62315361086842e-06)
(-0.333667157749107 0.499999994282707 -1.74952321750903e-06)
(-0.167006850906312 0.500000001527026 -0.167006512536857)
(-1.81969766879268e-06 0.500000001790967 -0.167000948779182)
(-0.167000738116029 0.500000000231022 -1.85967676573684e-06)
(-1.43656192912129e-06 0.500000000000003 -1.96208331686516e-06)
(0.167004439218485 0.167006653035949 -0.49999999934767)
(0.333671179256124 0.167019630107074 -0.499999993733679)
(0.167017241662336 0.333672550767189 -0.50000005123518)
(0.333683636720631 0.333685039409425 -0.50000003269202)
(0.499999482979445 0.167064904586163 -0.500000515537356)
(0.499998887920925 0.333730136482589 -0.500001116926555)
(0.500000004817052 0.167019528467194 -0.333672941266923)
(0.499999999734059 0.333685186421085 -0.333685779432508)
(0.167062509827651 0.500000214261693 -0.499999787381037)
(0.333728505611325 0.499999922345799 -0.5000001109226)
(0.167017241631782 0.499999950322032 -0.333672620059612)
(0.333683702522882 0.499999967596002 -0.333685607303889)
(0.499998861982518 0.499998144568963 -0.500002993399177)
(0.499999202068371 0.50000075970072 -0.333731111858956)
(0.499999996425262 0.167006406864427 -0.167006736427675)
(0.500000067939253 0.333672587625493 -0.167019845068296)
(0.499999997459573 0.167000586876715 -1.66523748126485e-06)
(0.5000000024037 0.333667049106791 -1.71459027873055e-06)
(0.167004390223152 0.500000004227502 -0.167006719468081)
(0.333671184358017 0.499999931995954 -0.16701985616874)
(0.166999018356827 0.500000002608383 -1.05304075241931e-06)
(0.333665871500737 0.499999997659878 -9.89072073901484e-07)
(0.499999206018666 0.500000793775848 -0.167065246868657)
(0.499999739636764 0.500000260166708 -8.98784115101938e-07)
(-0.499998519515965 -0.500001482650422 0.167064168378124)
(-0.333670158796994 -0.499999971687736 0.16701860145482)
(-0.500000030099775 -0.333673518698751 0.167018987292314)
(-0.499997977542551 -0.500002016303327 0.333729909313561)
(-0.333682713969966 -0.499999875630669 0.333684458003192)
(-0.500000139284795 -0.333686409450045 0.333685152272181)
(-0.167003666645695 -0.49999999985045 0.167005315127925)
(1.2576219114399e-06 -0.500000000254185 0.166999360924476)
(-0.167016705745266 -0.500000032422715 0.333671749889015)
(2.02842766399408e-06 -0.500000001324423 0.333666247755456)
(-0.499999998477734 -0.167006810834921 0.167005888227729)
(-0.499999998228697 -1.40854087562351e-06 0.166999882133622)
(-0.500000079100266 -0.167020062138898 0.33367253269626)
(-0.500000043605564 -1.58811649177073e-06 0.3336667852807)
(-0.499999357973002 -0.500002420353618 0.49999822165627)
(-0.333727497320604 -0.50000074278226 0.49999906252312)
(-0.499998959552768 -0.333731775167971 0.500001241001455)
(-0.333683245718176 -0.333685699449861 0.499999985084041)
(-0.16706223074346 -0.500000095743685 0.499999908044949)
(1.8289055606965e-06 -0.500000329869908 0.499999670130049)
(-0.167017188794946 -0.333672388881777 0.499999971069532)
(1.47913911267317e-06 -0.333666467276728 0.499999998632828)
(-0.499998936621532 -0.167065278468342 0.500001057363304)
(-0.333670919257477 -0.16701954342286 0.49999991560928)
(-0.499999186121301 -1.54633147007706e-06 0.500000813874024)
(-0.333665718369784 -1.15719128049971e-06 0.499999956441213)
(-0.167004460037747 -0.167005889302213 0.500000001672222)
(3.39168424274714e-07 -0.16699966368195 0.499999999688061)
(-0.166999018335346 -6.42465536729078e-07 0.500000001812468)
(1.13374507593809e-06 8.09081762639391e-07 0.500000000000002)
(0.167006867174723 -0.500000000090645 0.167004848146023)
(0.333672985999572 -0.500000096311248 0.167017877654491)
(0.167019612182618 -0.499999978276901 0.333671748081437)
(0.333685165943803 -0.500000000319854 0.333684582391382)
(0.500001119214 -0.499998877402596 0.167063260813576)
(0.499999900492344 -0.333671117121508 0.167017991776433)
(0.500000773777013 -0.499999402295414 0.333730101657419)
(0.500000141822656 -0.333684034268895 0.333684847833577)
(0.499999996913345 -0.167004652203556 0.167004895968937)
(0.499999997368876 3.58763571649613e-07 0.166999121904308)
(0.500000165840017 -0.167017780342651 0.333672028416329)
(0.500000110603912 1.2532432961445e-06 0.333666374478677)
(0.167064617296315 -0.500000135717266 0.499999871938718)
(0.333729639457143 -0.49999943678957 0.500000368058248)
(0.167018975729212 -0.333671647297386 0.500000028575958)
(0.333684391028601 -0.333684148605117 0.499999857870205)
(0.499997746404401 -0.500001298910888 0.500000954647189)
(0.499999279499538 -0.333729122828538 0.500000739292117)
(0.167005797683653 -0.167004952259574 0.50000000299538)
(0.333671752605264 -0.16701781322795 0.499999830516489)
(0.16700011110205 1.15053392350684e-06 0.500000002638395)
(0.333666372154636 1.31968457605451e-06 0.499999889404691)
(0.499999404752495 -0.167063109058433 0.500000590911055)
(0.499999556420061 1.37153750838316e-06 0.500000443359636)
(-0.499999999367564 0.167004913031983 0.167005090342531)
(-0.4999999977998 0.333671643745297 0.167017636257222)
(-0.500000047686068 0.167017905290281 0.333671784306078)
(-0.500000041541178 0.333684429917393 0.333683823841476)
(-0.500000486037974 0.499999512632467 0.167062596019201)
(-0.333672343378156 0.500000000886084 0.167017140450002)
(-0.499999950810553 0.500000037042884 0.333728278403554)
(-0.333684903563911 0.499999975336856 0.333683356300035)
(-0.167005969264597 0.499999996503583 0.167004091750772)
(-2.37343056724281e-08 0.499999997517402 0.166998416942127)
(-0.167018683991317 0.500000059445272 0.333670835613517)
(4.0407961933343e-07 0.499999988836346 0.333665413301909)
(-0.49999963361912 0.16706338428607 0.500000367791488)
(-0.333671554461794 0.167018308335912 0.499999953665747)
(-0.500000223269063 0.333729938376198 0.499999838285812)
(-0.333684656911012 0.333684927854152 0.499999983142779)
(-0.167004909449721 0.167005601094001 0.500000004128026)
(1.01944788356133e-06 0.16700028052403 0.50000000251538)
(-0.167018216286141 0.33367238006764 0.499999940554597)
(8.93991108201616e-07 0.333667033610449 0.500000011169796)
(-0.500002445667116 0.500000744564924 0.499996809719082)
(-0.333730067539974 0.50000055354605 0.499999396933711)
(-0.167063782582948 0.500000532182316 0.499999467679954)
(7.58225841096386e-07 0.50000052196061 0.499999477840146)
(0.499999996721566 0.167006156359035 0.167004667571495)
(0.500000085632099 0.333672436956687 0.167017573522178)
(0.500000007607179 0.167019204944428 0.333671640704752)
(0.500000076912838 0.333685044214859 0.333684064963482)
(0.167005073027236 0.499999998216265 0.167004129814418)
(0.333671586994214 0.499999904512499 0.16701729329486)
(0.167018498213056 0.500000082342262 0.3336709542866)
(0.333684569776582 0.500000060092594 0.333683731183839)
(0.499999394077944 0.500000594776996 0.167062732711245)
(0.499999684049681 0.500000515358333 0.333728897013125)
(0.16700581225635 0.167006192718516 0.500000005060604)
(0.33367197785239 0.16701931163106 0.499999997766844)
(0.167018855567056 0.333672571870579 0.499999922264151)
(0.333684780892535 0.333685166015829 0.499999863033108)
(0.499999780276979 0.167064621707502 0.500000225724553)
(0.499999969782038 0.333730240000106 0.499999931898432)
(0.167064092018869 0.500000526470401 0.499999478530483)
(0.333729852575156 0.500000330956572 0.499999567600654)
(0.500001936965523 0.499998578370135 0.49999948466448)
(-1.5 -1.5 -1.28403138758444)
(-1.04546119174433 -1.5 -1.27730758112224)
(-1.5 -1.04546237560406 -1.27730679224706)
(-1.04662637743932 -1.04662454334404 -1.5)
(-0.803278228083102 -1.5 -1.27836538151755)
(-0.802610644165551 -1.0482272561876 -1.5)
(-0.543374021122368 -1.5 -1.27891302813485)
(-0.544266370938416 -1.04923366213819 -1.5)
(-0.275589925848337 -1.5 -1.27908666046501)
(-0.274982149754813 -1.04955496892878 -1.5)
(-2.12047876126985e-06 -1.5 -1.27919380597002)
(3.77158834772518e-07 -1.04963247682701 -1.5)
(-1.5 -0.803279659080328 -1.27836473146284)
(-1.0482286160367 -0.802608538528401 -1.5)
(-1.5 -0.543374623763781 -1.27891274585877)
(-1.04923415677222 -0.544265624089437 -1.5)
(-1.5 -0.275589130572026 -1.27908648991911)
(-1.04955520681066 -0.274983733980614 -1.5)
(-1.5 -2.12479197515559e-07 -1.27919374541143)
(-1.04963267368277 -1.04257974643745e-06 -1.5)
(-0.804267077265742 -0.804265700364512 -1.5)
(-0.545560913075599 -0.805368645512899 -1.5)
(-0.805368855794181 -0.545560964190233 -1.5)
(-0.546475868874871 -0.546476647756299 -1.5)
(-0.275635348943001 -0.805756731021875 -1.5)
(1.34180425650446e-06 -0.805825616894694 -1.5)
(-0.27613707258522 -0.546823544804701 -1.5)
(2.06185804863326e-06 -0.546885081226034 -1.5)
(-0.805756624709898 -0.27563769814456 -1.5)
(-0.546822814249543 -0.276139350007775 -1.5)
(-0.805825566329833 -2.56658248131393e-06 -1.5)
(-0.546884537913441 -1.14091013892906e-06 -1.5)
(-0.276339034171932 -0.276340621110171 -1.5)
(1.88518254907395e-06 -0.276379806384458 -1.5)
(-0.276378597531126 -1.55126140926576e-07 -1.5)
(3.01679917789095e-06 -1.66661193693158e-07 -1.5)
(0.275587669453687 -1.5 -1.27908653306951)
(0.274984269610554 -1.04955476100531 -1.5)
(0.543373040853058 -1.5 -1.27891293296617)
(0.544267443247111 -1.04923283011266 -1.5)
(0.803277902247776 -1.5 -1.27836530066818)
(0.802611053003747 -1.04822573740154 -1.5)
(1.04546108361427 -1.5 -1.27730754725266)
(1.04662673726115 -1.04662272441131 -1.5)
(1.5 -1.5 -1.28403138758444)
(1.5 -1.04546117024088 -1.2773075895434)
(0.275639127845266 -0.805756508949553 -1.5)
(0.545562968686144 -0.805367981676066 -1.5)
(0.276141512458026 -0.54682338382069 -1.5)
(0.546478498513999 -0.546476222058133 -1.5)
(0.804267908954014 -0.804264746993687 -1.5)
(1.04822906231972 -0.802607471998444 -1.5)
(0.805370144875851 -0.545560383401606 -1.5)
(1.04923476881371 -0.544264894011515 -1.5)
(0.276343121970038 -0.276340580554051 -1.5)
(0.546825489310754 -0.276139061364481 -1.5)
(0.27638243470883 -2.54703105672625e-07 -1.5)
(0.54688713545044 -9.72229675969405e-07 -1.5)
(0.805758171829545 -0.275636807055874 -1.5)
(1.0495560109764 -0.274982380853398 -1.5)
(0.805827118176221 4.0933187782795e-07 -1.5)
(1.04963354716986 6.76988833819263e-07 -1.5)
(1.5 -0.803278179045842 -1.27836538728049)
(1.5 -0.543373934541007 -1.27891302581024)
(1.5 -0.275589808435195 -1.27908665152255)
(1.5 -1.99193182359531e-06 -1.27919379671429)
(-1.5 0.275589724820916 -1.27908642996529)
(-1.04955514668636 0.274980936868801 -1.5)
(-1.5 0.543374913002585 -1.27891226579383)
(-1.04923412846072 0.544264665942974 -1.5)
(-1.5 0.803279726194928 -1.27836359911115)
(-1.04822861228783 0.802608414064528 -1.5)
(-1.5 1.0454625837227 -1.2773053648078)
(-1.04662635956635 1.04662457777598 -1.5)
(-0.805756676709329 0.275635589135609 -1.5)
(-0.546822914610482 0.276138978457977 -1.5)
(-0.805368914595564 0.545560558068682 -1.5)
(-0.54647595233793 0.546477193366653 -1.5)
(-0.27633908768736 0.276341617426199 -1.5)
(1.89960376916437e-06 0.27638117109774 -1.5)
(-0.276137105076922 0.546824766435181 -1.5)
(2.08164188104423e-06 0.546886477080614 -1.5)
(-0.804267098268211 0.804265978572428 -1.5)
(-0.545560937800022 0.805369383836689 -1.5)
(-0.802610642381579 1.04822752985749 -1.5)
(-0.544266373214107 1.04923417369094 -1.5)
(-0.275635357720868 0.805757758433057 -1.5)
(1.35797549384863e-06 0.805826724616401 -1.5)
(-0.274982147518034 1.04955561448649 -1.5)
(3.86707945105514e-07 1.04963316219224 -1.5)
(-1.5 1.5 -1.28403138758444)
(-1.04546235485417 1.5 -1.27730676185677)
(-0.803279627707459 1.5 -1.27836468549583)
(-0.543374582767805 1.5 -1.27891267749222)
(-0.275589079209661 1.5 -1.27908638913362)
(-1.58716315926586e-07 1.5 -1.27919360269992)
(0.276343201773119 0.276341415684375 -1.5)
(0.546825539873011 0.276138862882388 -1.5)
(0.2761415838851 0.546824527643387 -1.5)
(0.5464785933296 0.546476800214462 -1.5)
(0.805758131756484 0.275636137972495 -1.5)
(1.04955592496432 0.274982060986306 -1.5)
(0.805370148405035 0.545560527875989 -1.5)
(1.04923471949767 0.544264976607555 -1.5)
(0.275639171600028 0.805757528575308 -1.5)
(0.545563029107864 0.805368790467916 -1.5)
(0.274984290207409 1.04955542649443 -1.5)
(0.544267477554493 1.04923342630977 -1.5)
(0.804267957800898 0.804265301469345 -1.5)
(1.04822908284805 0.802607809024581 -1.5)
(0.80261109477329 1.04822621982405 -1.5)
(1.04662677421162 1.04662306272124 -1.5)
(1.5 0.275587783161189 -1.27908652896943)
(1.5 0.543373123737773 -1.27891293420215)
(1.5 0.803277951112518 -1.27836530356835)
(1.5 1.04546110775527 -1.27730754974595)
(0.275589769119721 1.5 -1.27908624968345)
(0.543374941613016 1.5 -1.27891206828331)
(0.803279728995585 1.5 -1.27836341708128)
(1.04546257746287 1.5 -1.27730522800971)
(1.5 1.5 -1.28403138758444)
(-1.5 -1.5 1.28403138758443)
(-1.04545988172534 -1.5 1.27730789556267)
(-1.5 -1.04546239712989 1.27730679871335)
(-1.04662463435105 -1.04662664850609 1.5)
(-0.803277509562464 -1.5 1.27836547655841)
(-0.543373473649049 -1.5 1.27891324980264)
(-0.802608421941875 -1.04822894986015 1.5)
(-0.544264482770633 -1.04923444029177 1.5)
(-0.275588766228938 -1.5 1.27908694182352)
(6.71569307410166e-07 -1.5 1.27919412508453)
(-0.274980477278112 -1.04955540056063 1.5)
(1.64203154963331e-06 -1.04963286684798 1.5)
(-1.5 -0.803279861244831 1.27836483812658)
(-1.04822745418975 -0.802611288725139 1.5)
(-1.5 -0.543375253690527 1.27891295587377)
(-1.04923402957299 -0.544267831608384 1.5)
(-1.5 -0.275590420472785 1.27908670703124)
(-1.0495554617574 -0.274984871067186 1.5)
(-1.5 -7.50212947240227e-07 1.27919377459751)
(-1.04963293576494 -1.16810623348703e-06 1.5)
(-0.804265744155963 -0.804267869827574 1.5)
(-0.545560057625015 -0.805369634825193 1.5)
(-0.80536897127857 -0.545562727259873 1.5)
(-0.546476448349076 -0.54647751280934 1.5)
(-0.275634797079721 -0.805757240415929 1.5)
(3.4907854480299e-06 -0.805825946879391 1.5)
(-0.276137991298093 -0.546823991507522 1.5)
(2.21917448438019e-06 -0.546885195693336 1.5)
(-0.805757336004751 -0.275638725089145 1.5)
(-0.546824033699723 -0.276139948883216 1.5)
(-0.805826360890819 -2.87717129814167e-06 1.5)
(-0.546885960724931 -1.4820368378562e-06 1.5)
(-0.276340675912899 -0.276340865584897 1.5)
(1.14095401440656e-06 -0.276379572717496 1.5)
(-0.27638052040995 -2.63919057870066e-07 1.5)
(8.73061464043182e-07 1.88508763615497e-06 1.5)
(0.27558894129448 -1.5 1.27908669522951)
(0.543373879264762 -1.5 1.27891259838058)
(0.274984199095848 -1.04955533838079 1.5)
(0.544265823231298 -1.04923421971568 1.5)
(0.803278635296396 -1.5 1.27836400277393)
(1.04546146323038 -1.5 1.27730604950681)
(0.80260856228434 -1.04822861338319 1.5)
(1.04662452716484 -1.04662634090747 1.5)
(1.5 -1.5 1.28403138758443)
(1.5 -1.045460025516 1.2773073242258)
(0.275638490091529 -0.805756839419896 1.5)
(0.545561477076612 -0.805368943147561 1.5)
(0.276140313676099 -0.546823162227312 1.5)
(0.5464773678059 -0.54647601040995 1.5)
(0.804265979194926 -0.804267083262954 1.5)
(1.0482274037346 -0.802610616851476 1.5)
(0.805369117380737 -0.545560938596404 1.5)
(1.04923394018774 -0.544266352675211 1.5)
(0.276341516129776 -0.276339530877824 1.5)
(0.546824242482136 -0.27613728040191 1.5)
(0.276380456652818 1.31753441829706e-06 1.5)
(0.546885596709121 1.82109282236449e-06 1.5)
(0.805757212323419 -0.27563540182443 1.5)
(1.0495552615181 -0.274982140471195 1.5)
(0.805825979218102 1.27221133916382e-06 1.5)
(1.04963270172812 3.7969898051669e-07 1.5)
(1.5 -0.803277601392455 1.27836497660605)
(1.5 -0.543373661257102 1.27891299285855)
(1.5 -0.275589474523036 1.27908690424622)
(1.5 -5.87147425487803e-07 1.27919419868835)
(-1.5 0.275588430337671 1.27908626031871)
(-1.04955514564713 0.27498157604329 1.5)
(-1.5 0.543374265987896 1.27891206443442)
(-1.04923321851935 0.544266037104995 1.5)
(-1.5 0.803279487165643 1.27836343742946)
(-1.04822611389362 0.802610473809126 1.5)
(-1.5 1.0454625133654 1.27730525517553)
(-1.04662300787976 1.04662651910688 1.5)
(-0.80575725192199 0.275635817527017 1.5)
(-0.546824263595575 0.276138752489086 1.5)
(-0.805368625800137 0.545561262867509 1.5)
(-0.546476692926469 0.546477054374579 1.5)
(-0.276341096916744 0.276341430896237 1.5)
(6.38584094157428e-07 0.276381459562448 1.5)
(-0.276138734479748 0.546824476415129 1.5)
(1.12349690012064e-06 0.546886477726034 1.5)
(-0.804265214332431 0.804267208518713 1.5)
(-0.545560472029529 0.805369440152827 1.5)
(-0.802607761793498 1.04822876061225 1.5)
(-0.544264950140655 1.0492343945656 1.5)
(-0.27563609788823 0.805757572739017 1.5)
(1.5551935259004e-06 0.805826737635898 1.5)
(-0.274982052708467 1.04955565189495 1.5)
(-6.76787271216593e-07 1.04963335399184 1.5)
(-1.5 1.5 1.28403138758443)
(-1.04546233810181 1.5 1.27730681072458)
(-0.803279623211397 1.5 1.27836483546781)
(-0.543374581585555 1.5 1.27891292175045)
(-0.275589085504965 1.5 1.27908668434936)
(-1.6296712444549e-07 1.5 1.27919391808785)
(0.276340945106437 0.276342618330641 1.5)
(0.546823681512168 0.276141292308552 1.5)
(0.276139212937728 0.546825127997126 1.5)
(0.546476353652905 0.546478335546312 1.5)
(0.805756724922754 0.275639061698841 1.5)
(1.04955490035179 0.274984269476628 1.5)
(0.805368086183227 0.545562919968827 1.5)
(1.0492329032132 0.54426744353322 1.5)
(0.275636847259797 0.805757952502079 1.5)
(0.545560426776946 0.805370045599961 1.5)
(0.274982383763959 1.04955589864046 1.5)
(0.544264904751109 1.04923471899801 1.5)
(0.804264789638757 0.804267880697906 1.5)
(1.04822577137485 0.802611054917225 1.5)
(0.802607487840647 1.04822904965259 1.5)
(1.04662273905024 1.0466267399586 1.5)
(1.5 0.27558791936535 1.27908687755777)
(1.5 0.543373196592498 1.2789132084382)
(1.5 0.803277569472874 1.27836548592357)
(1.5 1.04546000985256 1.27730792168777)
(0.275589772397346 1.5 1.27908656500292)
(0.543374950510883 1.5 1.27891236487154)
(0.803279753792739 1.5 1.27836366814736)
(1.04546259940632 1.5 1.27730541027146)
(1.5 1.5 1.28403138758443)
(-1.28403138758444 -1.5 -1.5)
(-1.27730757425211 -1.04546116807829 -1.5)
(-1.27730677919213 -1.5 -1.04546235984589)
(-1.5 -1.04662641673507 -1.04662461674547)
(-1.27836536911152 -0.803278166223028 -1.5)
(-1.27891301167065 -0.543373897532282 -1.5)
(-1.5 -0.802610699138578 -1.04822737560831)
(-1.5 -0.544266439669 -1.04923384027325)
(-1.2790866484991 -0.275589740935353 -1.5)
(-1.27919380588332 -1.90814675951626e-06 -1.5)
(-1.5 -0.274982229314381 -1.04955522286813)
(-1.5 2.95874638676035e-07 -1.04963281812891)
(-1.27836470428527 -1.5 -0.803279633306549)
(-1.5 -1.04822867359853 -0.802608706549913)
(-1.27891269462453 -1.5 -0.543374589008863)
(-1.5 -1.04923422282397 -0.54426593369948)
(-1.27908640607432 -1.5 -0.275589088471137)
(-1.5 -1.04955526527117 -0.274984185901437)
(-1.27919362512896 -1.5 -1.71011946976939e-07)
(-1.5 -1.04963271850615 -1.55978632060978e-06)
(-1.5 -0.80426715376917 -0.804265961650793)
(-1.5 -0.545561004412779 -0.805369015174017)
(-1.5 -0.805368942359734 -0.545561433067364)
(-1.5 -0.546475972815495 -0.546477290065622)
(-1.5 -0.275635450433206 -0.805757230435331)
(-1.5 1.24419553929662e-06 -0.805826250293936)
(-1.5 -0.276137188715853 -0.546824377277042)
(-1.5 1.95694944455977e-06 -0.546886069347235)
(-1.5 -0.805756713055506 -0.275638375734967)
(-1.5 -0.546822948661029 -0.276140265827886)
(-1.5 -0.805825679008708 -3.3441697056114e-06)
(-1.5 -0.546884806261056 -2.19518300840628e-06)
(-1.5 -0.276339229474136 -0.276341779240794)
(-1.5 1.67494057186099e-06 -0.276381088759747)
(-1.5 -0.276379101987609 -1.46904626833434e-06)
(-1.5 2.38192738268611e-06 -1.5596230678198e-06)
(-1.2790865448865 0.275587854451191 -1.5)
(-1.27891294933148 0.543373164584839 -1.5)
(-1.5 0.274984204160597 -1.0495551750199)
(-1.5 0.544267410531054 -1.04923326484387)
(-1.27836531302596 0.803277964259172 -1.5)
(-1.2773075541086 1.0454611074031 -1.5)
(-1.5 0.80261105356804 -1.04822612169187)
(-1.5 1.04662675444428 -1.04662300210683)
(-1.28403138758444 1.5 -1.5)
(-1.27730756578227 1.5 -1.04546112315764)
(-1.5 0.275639059877901 -0.805757221469385)
(-1.5 0.545562947275655 -0.805368651766581)
(-1.5 0.276141464444779 -0.546824338101555)
(-1.5 0.546478523146129 -0.546476807372491)
(-1.5 0.804267919391083 -0.804265257023151)
(-1.5 1.0482290755608 -0.802607784656552)
(-1.5 0.805370150080946 -0.545560505160987)
(-1.5 1.04923472626152 -0.544264824109209)
(-1.5 0.27634301099527 -0.276341523736456)
(-1.5 0.546825467326691 -0.276139018283343)
(-1.5 0.276381930309266 -2.04338921027777e-08)
(-1.5 0.54688686722539 7.93444826932828e-07)
(-1.5 0.805758134038468 -0.275635865482121)
(-1.5 1.04955591996242 -0.274981378992199)
(-1.5 0.805827005655481 2.02679391907702e-06)
(-1.5 1.04963350248352 2.27457826600551e-06)
(-1.27836533913041 1.5 -0.803277933022138)
(-1.2789129325887 1.5 -0.54337310198853)
(-1.27908654810335 1.5 -0.27558801512711)
(-1.27919380285922 1.5 1.51355569440541e-06)
(-1.27908628250945 -1.5 0.275589755927552)
(-1.5 -1.04955519564871 0.274980475350208)
(-1.27891211156776 -1.5 0.54337492988536)
(-1.5 -1.04923420623912 0.544264348247154)
(-1.27836346426074 -1.5 0.803279722932903)
(-1.5 -1.04822871645374 0.802608252361512)
(-1.27730526835501 -1.5 1.04546257486755)
(-1.5 -1.04662645704228 1.04662452409094)
(-1.5 -0.805756879825848 0.275634885153653)
(-1.5 -0.546823522020364 0.276138007043065)
(-1.5 -0.805369263993471 0.545560064047845)
(-1.5 -0.546477085673098 0.546476483952746)
(-1.5 -0.276340368582933 0.276340389700404)
(-1.5 2.08948396636157e-07 0.276379888290468)
(-1.5 -0.276139561738338 0.546823870439912)
(-1.5 -1.15022748729632e-06 0.546885488083887)
(-1.5 -0.804267550447816 0.804265729105481)
(-1.5 -0.545562407158959 0.805369043939757)
(-1.5 -0.802611055888979 1.04822746165174)
(-1.5 -0.544267625015148 1.04923411833289)
(-1.5 -0.275638488129826 0.80575730145058)
(-1.5 -2.70462731969832e-06 0.805826089837382)
(-1.5 -0.274984748540173 1.04955549896891)
(-1.5 -2.98400140878745e-06 1.04963281943204)
(-1.28403138758444 -1.5 1.5)
(-1.27730684086187 -1.04546250460315 1.5)
(-1.27836482077337 -0.803279984343362 1.5)
(-1.27891289508477 -0.543375355330486 1.5)
(-1.27908666693125 -0.275590470616276 1.5)
(-1.27919380981205 -7.69823476465963e-07 1.5)
(-1.5 0.276341836651029 0.276340541364475)
(-1.5 0.546824820167186 0.276138961202898)
(-1.5 0.276139059191675 0.546823635454338)
(-1.5 0.546477331519971 0.546476281299754)
(-1.5 0.805757878191074 0.275637105900193)
(-1.5 1.04955590861636 0.274983072543409)
(-1.5 0.80536970730658 0.545560431161306)
(-1.5 1.04923461825496 0.544265054751506)
(-1.5 0.275636007701821 0.805756771828738)
(-1.5 0.54556148985247 0.805368089733988)
(-1.5 0.274981675045386 1.04955487244853)
(-1.5 0.544266189711706 1.04923286803481)
(-1.5 0.804267418706961 0.804264779484045)
(-1.5 1.04822890789986 0.802607490219152)
(-1.5 0.802610625713424 1.04822578420764)
(-1.5 1.04662662026145 1.0466227654608)
(-1.27908663945845 1.5 0.27558958021866)
(-1.27891302306691 1.5 0.543373960103778)
(-1.27836533854214 1.5 0.803278197209822)
(-1.27730755934888 1.5 1.04546115210362)
(-1.27908637546832 0.275588390213115 1.5)
(-1.27891222196841 0.54337418804819 1.5)
(-1.27836359102304 0.803279409589233 1.5)
(-1.27730537125445 1.04546245972415 1.5)
(-1.28403138758444 1.5 1.5)
(1.28403138758443 -1.5 -1.5)
(1.27730789287656 -1.04545983011284 -1.5)
(1.27730679350569 -1.5 -1.04546233662317)
(1.5 -1.04662455166793 -1.04662647396726)
(1.27836547392338 -0.803277423410889 -1.5)
(1.27891324622542 -0.543373349205014 -1.5)
(1.5 -0.802608552320448 -1.04822872419312)
(1.5 -0.54426566615601 -1.04923423810119)
(1.27908695991814 -0.275588654086096 -1.5)
(1.27919421509001 6.2407292743921e-07 -1.5)
(1.5 -0.274983822445713 -1.04955524059588)
(1.5 -1.15903676714408e-06 -1.04963266698178)
(1.27836481664495 -1.5 -0.803279623264292)
(1.5 -1.04822728016886 -0.802611050186571)
(1.27891290492558 -1.5 -0.54337458522504)
(1.5 -1.04923373284618 -0.544267634023631)
(1.27908667137691 -1.5 -0.275589100278742)
(1.5 -1.04955503804496 -0.274984856935031)
(1.27919392253522 -1.5 -2.29091557957053e-07)
(1.5 -1.04963242425198 -3.23090324243058e-06)
(1.5 -0.804265694582803 -0.804267520210859)
(1.5 -0.545560954707757 -0.805369188285068)
(1.5 -0.805368611111516 -0.545562367148457)
(1.5 -0.546476519495123 -0.546476970048512)
(1.5 -0.275637725860916 -0.80575678723286)
(1.5 -2.62908348325214e-06 -0.805825600447153)
(1.5 -0.276139241449789 -0.546823381153472)
(1.5 -1.06476307352641e-06 -0.546884745574301)
(1.5 -0.805756659956534 -0.275638499489323)
(1.5 -0.546823335899243 -0.276139515920176)
(1.5 -0.805825492991575 -2.8208217562109e-06)
(1.5 -0.546884877480903 -1.19750864995738e-06)
(1.5 -0.276340367124977 -0.276340334100732)
(1.5 6.73286568010412e-08 -0.276379132230291)
(1.5 -0.276379541447946 1.30959025991253e-07)
(1.5 1.20260679589082e-07 6.96404336947901e-07)
(1.27908691383273 0.275588707165028 -1.5)
(1.27891322090409 0.543373415442221 -1.5)
(1.5 0.274980836865223 -1.04955512135485)
(1.5 0.544264612009018 -1.04923410374158)
(1.2783654749895 0.803277588245258 -1.5)
(1.27730791507017 1.04546000531488 -1.5)
(1.5 0.802608401552053 -1.04822859646043)
(1.5 1.04662458422767 -1.04662635210164)
(1.28403138758443 1.5 -1.5)
(1.27730789551562 1.5 -1.04545982965371)
(1.5 0.275635532899803 -0.805756654777356)
(1.5 0.545560538213857 -0.805368884978146)
(1.5 0.276139041247212 -0.546822942485397)
(1.5 0.546477253637006 -0.546475923257743)
(1.5 0.804265990609703 -0.804267077996108)
(1.5 1.04822755166157 -0.80261063193085)
(1.5 0.805369442004104 -0.545560910804965)
(1.5 1.04923421830647 -0.544266357669816)
(1.5 0.276341811886497 -0.276339235759326)
(1.5 0.546824921141945 -0.276137092185258)
(1.5 0.27638143474781 1.67584709441013e-06)
(1.5 0.546886683158773 2.08461923530996e-06)
(1.5 0.805757866234582 -0.275635320349314)
(1.5 1.04955568094178 -0.274982124405345)
(1.5 0.805826861824281 1.40561411133607e-06)
(1.5 1.04963323945529 4.16833774835668e-07)
(1.27836547716574 1.5 -0.803277422016682)
(1.27891324950471 1.5 -0.543373345859205)
(1.27908696300924 1.5 -0.275588648736827)
(1.27919421807617 1.5 6.3043211667272e-07)
(1.27908665537061 -1.5 0.27558954170415)
(1.5 -1.04955464131015 0.274981299544197)
(1.27891281060721 -1.5 0.543374250183739)
(1.5 -1.04923284841431 0.544265606618701)
(1.27836485222247 -1.5 0.803278247701945)
(1.5 -1.04822595092125 0.802609813303503)
(1.27730687577934 -1.5 1.04546071545194)
(1.5 -1.04662300692675 1.04662577956803)
(1.5 -0.805756393758777 0.275635746301018)
(1.5 -0.546823256502366 0.276138926502322)
(1.5 -0.80536799263183 0.545561013629009)
(1.5 -0.546476232488549 0.546477086554808)
(1.5 -0.276340392469148 0.276341758516537)
(1.5 7.77485336663535e-10 0.276381885861108)
(1.5 -0.276139123888763 0.546824760194269)
(1.5 -1.09982183750015e-06 0.546886898077163)
(1.5 -0.804264921675014 0.804266738369795)
(1.5 -0.545560636058317 0.805369357153131)
(1.5 -0.802607731260018 1.04822820678948)
(1.5 -0.544265340713393 1.04923426309643)
(1.5 -0.275637493791419 0.805757797844578)
(1.5 -2.51891060657436e-06 0.805827042591675)
(1.5 -0.274983486617943 1.04955581932382)
(1.5 -2.75676021223857e-06 1.04963351297985)
(1.28403138758443 -1.5 1.5)
(1.27730676201281 -1.04546232666012 1.5)
(1.27836475786361 -0.80327960845272 1.5)
(1.27891280745307 -0.543374569165244 1.5)
(1.27908652562837 -0.275589072412292 1.5)
(1.2791937101805 -1.53883588130784e-07 1.5)
(1.5 0.276341664732446 0.276343064323812)
(1.5 0.546824727372366 0.276141614436544)
(1.5 0.276138860891309 0.546825560405613)
(1.5 0.546476916726335 0.546478659025708)
(1.5 0.805757662740835 0.27563922394409)
(1.5 1.04955549927939 0.274984322890542)
(1.5 0.805368891405661 0.545563079232968)
(1.5 1.04923348286903 0.544267507324042)
(1.5 0.275635513485774 0.805758201997783)
(1.5 0.545560415700103 0.805370231006372)
(1.5 0.274981010764297 1.04955594299242)
(1.5 0.544264676014335 1.04923475243333)
(1.5 0.804265348870189 0.804267999877865)
(1.5 1.04822625528822 0.802611118106919)
(1.5 0.802607805739317 1.0482291100146)
(1.5 1.04662307909679 1.04662678929328)
(1.27908691655402 1.5 0.275588712593788)
(1.27891322297447 1.5 0.543373418872203)
(1.27836547621812 1.5 0.803277589938539)
(1.2773079156602 1.5 1.04546000602028)
(1.27908631918126 0.275589772959736 1.5)
(1.27891210745367 0.543374943897997 1.5)
(1.27836343648385 0.803279731297205 1.5)
(1.27730523683128 1.04546257883233 1.5)
(1.28403138758443 1.5 1.5)
(-1.5 -1.28403138758444 -1.5)
(-1.04546235655962 -1.2773067675148 -1.5)
(-1.5 -1.2773075953255 -1.04546120301394)
(-1.04662458657037 -1.5 -1.04662638644098)
(-0.803279630424691 -1.27836468912669 -1.5)
(-0.543374587723393 -1.27891267822217 -1.5)
(-0.802608651136355 -1.5 -1.04822863244562)
(-0.544265844638162 -1.5 -1.04923417757703)
(-0.275589086768706 -1.27908638867895 -1.5)
(-1.67488766220391e-07 -1.27919360304271 -1.5)
(-0.274984063027584 -1.5 -1.04955522222597)
(-1.41850206890388e-06 -1.5 -1.04963267385154)
(-1.5 -1.27836540077587 -0.803278248377784)
(-1.04822731029917 -1.5 -0.802610650474439)
(-1.5 -1.27891304928177 -0.543374052472948)
(-1.04923371636056 -1.5 -0.544266373085094)
(-1.5 -1.27908667953258 -0.275589968410953)
(-1.04955501859926 -1.5 -0.274982151154192)
(-1.5 -1.27919382196497 -2.16892764553377e-06)
(-1.04963252909081 -1.5 3.7193485230494e-07)
(-0.804265838162445 -1.5 -0.80426708783186)
(-0.545561230219933 -1.5 -0.805368868563369)
(-0.805368777540898 -1.5 -0.54556091484307)
(-0.546476896422818 -1.5 -0.54647586960733)
(-0.275638092013154 -1.5 -0.805756633995091)
(-3.01546159220583e-06 -1.5 -0.805825566566379)
(-0.276139713591041 -1.5 -0.546822814309516)
(-1.55382330420581e-06 -1.5 -0.546884538196966)
(-0.805756839756753 -1.5 -0.27563534751942)
(-0.546823737287458 -1.5 -0.276137067866078)
(-0.805825712563377 -1.5 1.33827317868948e-06)
(-0.54688522968035 -1.5 2.06199741195657e-06)
(-0.27634089383411 -1.5 -0.276339029567546)
(-4.62101659759936e-07 -1.5 -0.276378598083404)
(-0.276380001017609 -1.5 1.88715350574221e-06)
(-3.80470239495382e-07 -1.5 3.01454034240958e-06)
(0.275589761074787 -1.27908625106242 -1.5)
(0.543374935176586 -1.27891206977684 -1.5)
(0.274980607587709 -1.5 -1.04955513156967)
(0.544264445003866 -1.5 -1.04923410786187)
(0.803279724390077 -1.278363418042 -1.5)
(1.04546257445306 -1.27730522836269 -1.5)
(0.802608301032916 -1.5 -1.04822859599117)
(1.04662453420943 -1.5 -1.04662635061025)
(1.5 -1.28403138758444 -1.5)
(1.5 -1.27730677519888 -1.04546241117347)
(0.275635194745162 -1.5 -0.80575666788845)
(0.54556029116668 -1.5 -0.805368902292532)
(0.276138613875837 -1.5 -0.546822915507771)
(0.546476943090234 -1.5 -0.546475953687034)
(0.804265839851288 -1.5 -0.804267088186168)
(1.04822747505285 -1.5 -0.802610636513117)
(0.805369250368952 -1.5 -0.545560939464521)
(1.04923411882292 -1.5 -0.544266374957398)
(0.276341343244392 -1.5 -0.276339095861132)
(0.546824572169565 -1.5 -0.276137120418157)
(0.276380975612499 -1.5 1.88332554479308e-06)
(0.546886332623978 -1.5 2.03771398433938e-06)
(0.805757649917358 -1.5 -0.275635378457924)
(1.04955556816833 -1.5 -0.274982168961905)
(0.80582664693152 -1.5 1.27872821718883e-06)
(1.04963314148981 -1.5 2.91138530950712e-07)
(1.5 -1.27836471982926 -0.803279861344319)
(1.5 -1.27891275507113 -0.543375282655933)
(1.5 -1.27908648204755 -0.27559053412182)
(1.5 -1.27919359179077 -2.10875754094021e-06)
(-1.5 1.28403138758443 -1.5)
(-1.04546233989726 1.27730680536684 -1.5)
(-1.5 1.27730790772444 -1.0454599736225)
(-1.04662637075759 1.5 -1.04662447615181)
(-0.803279625890589 1.27836483214446 -1.5)
(-0.543374583887988 1.27891292132127 -1.5)
(-0.802610642311803 1.5 -1.04822719693794)
(-0.544266367934729 1.5 -1.04923362847291)
(-0.275589086543789 1.27908668496877 -1.5)
(-1.63319775714806e-07 1.27919391774546 -1.5)
(-0.274982139851577 1.5 -1.04955495647704)
(3.92038095027393e-07 1.5 -1.04963247200567)
(-1.5 1.27836547735367 -0.803277567059622)
(-1.04822859377206 1.5 -0.802608172875496)
(-1.5 1.27891320882881 -0.543373294503252)
(-1.04923408329795 1.5 -0.544264334473561)
(-1.5 1.27908687765221 -0.275588142945438)
(-1.04955511196916 1.5 -0.274980832584802)
(-1.5 1.27919419899582 2.95965373002555e-07)
(-1.04963266747506 1.5 9.18571214290006e-07)
(-0.80426708283754 1.5 -0.804265362079341)
(-0.545560928041684 1.5 -0.805368433391466)
(-0.80536886101863 1.5 -0.545559656520283)
(-0.546475932896598 1.5 -0.546475774182229)
(-0.275635350595812 1.5 -0.805756638219577)
(1.35502316821047e-06 1.5 -0.805825583568759)
(-0.276137107088201 1.5 -0.546823154475493)
(2.06021604949651e-06 1.5 -0.546884944227328)
(-0.80575661899741 1.5 -0.275634687771123)
(-0.546822876494183 1.5 -0.27613725394348)
(-0.805825556652225 1.5 1.41944530582107e-06)
(-0.546884525122163 1.5 2.928675727498e-06)
(-0.27633909120996 1.5 -0.276339659592532)
(1.87766815387682e-06 1.5 -0.276379480970509)
(-0.276378582422784 1.5 2.22183998778917e-06)
(3.03284634863429e-06 1.5 2.69524907664351e-07)
(0.275589771844125 1.27908656345978 -1.5)
(0.543374949689158 1.27891236307647 -1.5)
(0.274984284410009 1.5 -1.04955475618778)
(0.544267455065691 1.5 -1.04923282519052)
(0.803279753002493 1.2783636668744 -1.5)
(1.04546259891633 1.27730540960903 -1.5)
(0.802611061391943 1.5 -1.04822573403209)
(1.04662674263688 1.5 -1.0466227228734)
(1.5 1.28403138758443 -1.5)
(1.5 1.27730681255389 -1.04546233737768)
(0.275639145491401 1.5 -0.805756491678929)
(0.545562983541937 1.5 -0.805367968176012)
(0.276141526899232 1.5 -0.546823332576607)
(0.546478513341596 1.5 -0.546476192050146)
(0.804267919392281 1.5 -0.804264737879658)
(1.04822906891201 1.5 -0.802607467542365)
(0.8053701554929 1.5 -0.545560364251879)
(1.04923477548042 1.5 -0.544264884461474)
(0.276343130970869 1.5 -0.276340471967616)
(0.546825502771294 1.5 -0.276139011409114)
(0.276382449832836 1.5 -1.12480220266366e-07)
(0.546887148200557 1.5 -9.12752275394883e-07)
(0.805758181810336 1.5 -0.275636776727198)
(1.04955601731891 1.5 -0.274982365701029)
(0.805827127719604 1.5 4.44756378120066e-07)
(1.04963355333493 1.5 6.94679768479528e-07)
(1.5 1.27836484645135 -0.803279622124814)
(1.5 1.2789129445055 -0.543374576960918)
(1.5 1.27908671548411 -0.275589076252005)
(1.5 1.27919395100739 -1.49441499588928e-07)
(-1.5 -1.27908654929494 0.27558762480103)
(-1.04955482909572 -1.5 0.274984259864947)
(-1.5 -1.27891295335306 0.543373007959137)
(-1.04923291983605 -1.5 0.544267433141138)
(-1.5 -1.278365323799 0.803277885538416)
(-1.04822583816535 -1.5 0.802611047617872)
(-1.5 -1.27730756716452 1.04546107791377)
(-1.04662281274072 -1.5 1.04662673767836)
(-0.805756619689488 -1.5 0.275639116957534)
(-0.546823536894408 -1.5 0.276141504252485)
(-0.805368125595101 -1.5 0.545562955744493)
(-0.546476417822073 -1.5 0.546478486968607)
(-0.276340765238822 -1.5 0.276343117884511)
(-4.51634587742897e-07 -1.5 0.27638242684958)
(-0.276139287449156 -1.5 0.546825482382717)
(-1.16752223479021e-06 -1.5 0.546887114449411)
(-0.804264911703697 -1.5 0.804267901334216)
(-0.545560612282977 -1.5 0.805370137908114)
(-0.802607618935441 -1.5 1.04822906230183)
(-0.544265102351137 -1.5 1.04923476931234)
(-0.275637040310919 -1.5 0.805758162894573)
(3.2527121582738e-07 -1.5 0.805827046901696)
(-0.274982563559076 -1.5 1.04955599099857)
(7.04073959401486e-07 -1.5 1.04963343706849)
(-1.5 -1.28403138758444 1.5)
(-1.04546119819784 -1.27730767253622 1.5)
(-0.803278058107614 -1.27836547898089 1.5)
(-0.543373163535182 -1.27891305425167 1.5)
(-0.275587682348096 -1.2790866244831 1.5)
(2.17684172841993e-06 -1.27919388282247 1.5)
(0.276341235816439 -1.5 0.276343160213875)
(0.546824412370704 -1.5 0.276141450807016)
(0.276138747536315 -1.5 0.54682541661018)
(0.546476813811904 -1.5 0.546478225072984)
(0.805757523028082 -1.5 0.275638907650571)
(1.04955551425522 -1.5 0.274983960250812)
(0.805369099519993 -1.5 0.545562263327428)
(1.04923400300392 -1.5 0.544266452765127)
(0.275636247938902 -1.5 0.805757875737732)
(0.54556090269268 -1.5 0.805369411537236)
(0.274982310715232 -1.5 1.049555611106)
(0.544265624059404 -1.5 1.0492337982026)
(0.804266386444956 -1.5 0.8042662755857)
(1.04822781349663 -1.5 0.802608893738028)
(0.802609369835666 -1.5 1.04822696291292)
(1.04662518411976 -1.5 1.04662403042492)
(1.5 -1.27908617068135 0.275588135669967)
(1.5 -1.27891209085249 0.543373854331984)
(1.5 -1.27836357541765 0.803278933055259)
(1.5 -1.27730538564209 1.04546194237621)
(0.275589917859424 -1.27908672053116 1.5)
(0.543373907221552 -1.27891305055814 1.5)
(0.803278090500099 -1.27836532682456 1.5)
(1.04546109465915 -1.27730754674108 1.5)
(1.5 -1.28403138758444 1.5)
(-1.5 1.27908696068048 0.275589220563121)
(-1.04955522948596 1.5 0.274983838281777)
(-1.5 1.2789132166794 0.543373471967149)
(-1.04923419088509 1.5 0.544265955484421)
(-1.5 1.27836542913392 0.803277441316958)
(-1.04822862528564 1.5 0.802608779457914)
(-1.5 1.27730786610233 1.04545985649331)
(-1.04662635956291 1.5 1.04662464458929)
(-0.80575666379841 1.5 0.27563859952047)
(-0.546822827498891 1.5 0.276141074515339)
(-0.805368892265739 1.5 0.545561865640151)
(-0.54647586545879 1.5 0.546478066822762)
(-0.276339001156122 1.5 0.276342578929573)
(1.93833382297723e-06 1.5 0.276381496510932)
(-0.276137043464659 1.5 0.54682515668151)
(2.11197188429938e-06 1.5 0.546886614078233)
(-0.804267078345128 1.5 0.804266316552957)
(-0.545560903650213 1.5 0.805369595663461)
(-0.802610633885068 1.5 1.04822758867571)
(-0.544266362375005 1.5 1.04923420696136)
(-0.275635333314579 1.5 0.805757851050437)
(1.36883489667513e-06 1.5 0.805826757941298)
(-0.274982140994731 1.5 1.04955562669912)
(3.89216033427969e-07 1.5 1.04963316701281)
(-1.5 1.28403138758443 1.5)
(-1.04545998267728 1.27730782228278 1.5)
(-0.803277564998635 1.2783653553993 1.5)
(-0.543373404614081 1.27891309621603 1.5)
(-0.275588704889544 1.27908680652674 1.5)
(-6.27631375547308e-07 1.2791941381832 1.5)
(0.276343222278557 1.5 0.276341524284487)
(0.546825551297768 1.5 0.27613891285545)
(0.276141596560456 1.5 0.546824578969868)
(0.54647860137304 1.5 0.546476830353453)
(0.805758140397718 1.5 0.275636168320094)
(1.04955593064943 1.5 0.274982076170056)
(0.805370154902574 1.5 0.545560547170746)
(1.0492347238835 1.5 0.544264986305296)
(0.275639176710477 1.5 0.805757546030264)
(0.545563033440823 1.5 0.805368804272165)
(0.274984291835587 1.5 1.04955543155027)
(0.544267479579761 1.5 1.0492334316307)
(0.804267961717981 1.5 0.80426531092407)
(1.04822908552458 1.5 0.802607813801601)
(0.802611096734705 1.5 1.04822622364212)
(1.04662677551952 1.5 1.04662306466885)
(1.5 1.27908659366504 0.275589787029383)
(1.5 1.27891238663293 0.543374963057042)
(1.5 1.27836368263383 0.803279763517706)
(1.5 1.27730541882863 1.04546260547972)
(0.275588651668559 1.2790869156088 1.5)
(0.543373351596397 1.27891322711808 1.5)
(0.803277428737146 1.27836546986572 1.5)
(1.04545983554013 1.27730789475607 1.5)
(1.5 1.28403138758443 1.5)
(-1.27742201585832 -1.5 -1.2774224241655)
(-1.5 -1.27742243154593 -1.27742202094222)
(-1.27742242169245 -1.27742200964706 -1.5)
(-1.5 -1.5 -1.5)
(-1.0450359998172 -1.5 -1.5)
(-1.5 -1.0450359998172 -1.5)
(-1.5 -1.5 -1.0450359998172)
(-0.814418559548317 -1.5 -1.5)
(-0.542992948816057 -1.5 -1.5)
(-0.280387171963884 -1.5 -1.5)
(-5.82867087928207e-15 -1.5 -1.5)
(-1.5 -0.814418559548317 -1.5)
(-1.5 -0.542992948816057 -1.5)
(-1.5 -0.280387171963884 -1.5)
(-1.5 -5.82867087928207e-15 -1.5)
(-1.5 -1.5 -0.814418559548316)
(-1.5 -1.5 -0.542992948816057)
(-1.5 -1.5 -0.280387171963884)
(-1.5 -1.5 -5.82867087928207e-15)
(0.280387171963873 -1.5 -1.5)
(0.542992948816047 -1.5 -1.5)
(0.814418559548309 -1.5 -1.5)
(1.04503599981719 -1.5 -1.5)
(1.27742199132777 -1.5 -1.27742240218591)
(1.5 -1.27742200974704 -1.27742242982472)
(1.27742266606938 -1.27742089433662 -1.5)
(1.5 -1.5 -1.5)
(1.5 -1.0450359998172 -1.5)
(1.5 -1.5 -1.0450359998172)
(1.5 -0.814418559548317 -1.5)
(1.5 -0.542992948816058 -1.5)
(1.5 -0.280387171963884 -1.5)
(1.5 -5.99520433297585e-15 -1.5)
(1.5 -1.5 -0.814418559548317)
(1.5 -1.5 -0.542992948816058)
(1.5 -1.5 -0.280387171963884)
(1.5 -1.5 -6.13398221105399e-15)
(-1.5 0.280387171963873 -1.5)
(-1.5 0.542992948816047 -1.5)
(-1.5 0.814418559548309 -1.5)
(-1.5 1.04503599981719 -1.5)
(-1.2774224204634 1.5 -1.27742200539734)
(-1.5 1.27742267618675 -1.27742096607377)
(-1.27742240465978 1.27742199760538 -1.5)
(-1.5 1.5 -1.5)
(-1.0450359998172 1.5 -1.5)
(-1.5 1.5 -1.0450359998172)
(-0.814418559548317 1.5 -1.5)
(-0.542992948816058 1.5 -1.5)
(-0.280387171963884 1.5 -1.5)
(-6.21724893790088e-15 1.5 -1.5)
(-1.5 1.5 -0.814418559548317)
(-1.5 1.5 -0.542992948816058)
(-1.5 1.5 -0.280387171963884)
(-1.5 1.5 -6.13398221105399e-15)
(1.5 0.280387171963872 -1.5)
(1.5 0.542992948816047 -1.5)
(1.5 0.814418559548309 -1.5)
(1.5 1.04503599981719 -1.5)
(0.280387171963873 1.5 -1.5)
(0.542992948816047 1.5 -1.5)
(0.814418559548309 1.5 -1.5)
(1.04503599981719 1.5 -1.5)
(1.27742266752318 1.5 -1.27742089428413)
(1.5 1.27742200027569 -1.27742240339333)
(1.27742268341005 1.27742098874129 -1.5)
(1.5 1.5 -1.5)
(1.5 1.5 -1.0450359998172)
(1.5 1.5 -0.814418559548317)
(1.5 1.5 -0.542992948816058)
(1.5 1.5 -0.280387171963884)
(1.5 1.5 -6.24500451351651e-15)
(-1.5 -1.5 0.280387171963873)
(-1.5 -1.5 0.542992948816047)
(-1.5 -1.5 0.814418559548309)
(-1.5 -1.5 1.04503599981719)
(-1.2774209172753 -1.5 1.27742266777357)
(-1.5 -1.27742241331383 1.2774219910889)
(-1.27742204149459 -1.27742247694761 1.5)
(-1.5 -1.5 1.5)
(-1.0450359998172 -1.5 1.5)
(-1.5 -1.0450359998172 1.5)
(-0.814418559548317 -1.5 1.5)
(-0.542992948816058 -1.5 1.5)
(-0.280387171963884 -1.5 1.5)
(-6.21724893790088e-15 -1.5 1.5)
(-1.5 -0.814418559548317 1.5)
(-1.5 -0.542992948816058 1.5)
(-1.5 -0.280387171963884 1.5)
(-1.5 -6.21724893790088e-15 1.5)
(1.5 -1.5 0.280387171963873)
(1.5 -1.5 0.542992948816047)
(1.5 -1.5 0.814418559548309)
(1.5 -1.5 1.04503599981719)
(0.280387171963873 -1.5 1.5)
(0.542992948816047 -1.5 1.5)
(0.814418559548309 -1.5 1.5)
(1.04503599981719 -1.5 1.5)
(1.27742192760482 -1.5 1.27742149136764)
(1.5 -1.27742102028436 1.27742228960313)
(1.27742197828603 -1.27742239700915 1.5)
(1.5 -1.5 1.5)
(1.5 -1.0450359998172 1.5)
(1.5 -0.814418559548317 1.5)
(1.5 -0.542992948816058 1.5)
(1.5 -0.280387171963884 1.5)
(1.5 -6.21724893790088e-15 1.5)
(-1.5 1.5 0.280387171963873)
(-1.5 1.5 0.542992948816047)
(-1.5 1.5 0.814418559548309)
(-1.5 1.5 1.04503599981719)
(-1.5 0.280387171963873 1.5)
(-1.5 0.542992948816047 1.5)
(-1.5 0.814418559548309 1.5)
(-1.5 1.04503599981719 1.5)
(-1.27742240421388 1.5 1.27742200166271)
(-1.5 1.27742265478912 1.27742091230289)
(-1.27742097308009 1.27742263359604 1.5)
(-1.5 1.5 1.5)
(-1.0450359998172 1.5 1.5)
(-0.814418559548317 1.5 1.5)
(-0.542992948816058 1.5 1.5)
(-0.280387171963884 1.5 1.5)
(-6.24500451351651e-15 1.5 1.5)
(1.5 1.5 0.280387171963872)
(1.5 1.5 0.542992948816047)
(1.5 1.5 0.814418559548308)
(1.5 1.5 1.04503599981719)
(1.5 0.280387171963873 1.5)
(1.5 0.542992948816047 1.5)
(1.5 0.814418559548309 1.5)
(1.5 1.04503599981719 1.5)
(0.280387171963872 1.5 1.5)
(0.542992948816047 1.5 1.5)
(0.814418559548309 1.5 1.5)
(1.04503599981719 1.5 1.5)
(1.27742268363085 1.5 1.2774209889941)
(1.5 1.277420992866 1.27742268658493)
(1.27742089755888 1.2774226682824 1.5)
(1.5 1.5 1.5)
)


// ************************************************************************* //
