time,step,surface,wing_uid,segment_uid,station_id,half,span_index,span_coordinate,span_coordinate_absolute,min_span_edge,max_span_edge,local_chord,spanwise_station_width,circulation,circulation_magnitude,relative_speed,section_lift_coefficient_from_circulation,lift_per_span,drag_per_span,section_lift_coefficient,section_force_x,section_force_y,section_force_z,span_coordinate_normalized
0.08,32,front_wing,front_wing_main_wing,segment_0,front_wing_main_wing:segment_0:mirror:17,mirror,17,-3.2566165924072266,3.2566165924072266,-3.2934212684631348,-3.2195146083831787,0.1060698926448822,0.017890002578496933,0.6647689342498779,0.6647689342498779,7.647326469421387,1.6390754723518994,-2.1492716735754933,-7.037650831026978,-1.3232840685581362,0.12590359151363373,0.09925790131092072,-0.03845047578215599,-0.822063485729875
0.08,32,front_wing,front_wing_main_wing,segment_0,front_wing_main_wing:segment_0:mirror:16,mirror,16,-3.27510404586792,3.27510404586792,-3.315721035003662,-3.233988046646118,0.11861118674278259,0.01908383145928383,1.0416184663772583,1.0416184663772583,7.707894325256348,2.2786481138584684,-3.7881239023287563,-9.97701520093496,-2.0857027925525036,0.1903996765613556,0.14420826733112335,-0.07229191809892654,-0.8267302495330197
0.08,32,front_wing,front_wing_main_wing,segment_0,front_wing_main_wing:segment_0:mirror:15,mirror,15,-3.2948241233825684,3.2948241233825684,-3.3395071029663086,-3.2494261264801025,0.13198509812355042,0.02035873755812645,1.3349528312683105,1.3349528312683105,7.723593711853027,2.619097080828521,-5.1498276214467795,-12.066080793675104,-2.548130645192369,0.24565017223358154,0.18148070573806763,-0.10484398901462555,-0.8317081630210095
0.08,32,front_wing,front_wing_main_wing,segment_0,front_wing_main_wing:segment_0:mirror:14,mirror,14,-3.315861225128174,3.315861225128174,-3.3648860454559326,-3.265897750854492,0.14625482261180878,0.02171654999256134,1.5853745937347412,1.5853745937347412,7.716301441192627,2.809587157993795,-6.341529587826864,-13.750257483842503,-2.8316379616121456,0.2986081540584564,0.2165137082338333,-0.137716144323349,-0.837018531220621
0.08,32,front_wing,front_wing_main_wing,segment_0,front_wing_main_wing:segment_0:mirror:13,mirror,13,-3.338304042816162,3.338304042816162,-3.3919596672058105,-3.2834653854370117,0.16148406267166138,0.02316688373684883,1.8098351955413818,1.8098351955413818,7.697792053222656,2.9118780541140663,-7.4522215091529524,-15.191827765202138,-3.013769175371807,0.3519473075866699,0.2513914406299591,-0.1726447492837906,-0.842683742465077
0.08,32,front_wing,front_wing_main_wing,segment_0,front_wing_main_wing:segment_0:mirror:12,mirror,12,-3.362243413925171,3.362243413925171,-3.4208366870880127,-3.3022072315216064,0.17772658169269562,0.024713195860385895,2.0175018310546875,2.0175018310546875,7.670377731323242,2.959884699757692,-8.499050181356422,-16.45094814541918,-3.1229994216813104,0.40655550360679626,0.28643321990966797,-0.2100386917591095,-0.8487267267408238
0.08,32,front_wing,front_wing_main_wing,segment_0,front_wing_main_wing:segment_0:mirror:11,mirror,11,-3.387782096862793,3.387782096862793,-3.4516427516937256,-3.3221988677978516,0.1950506865978241,0.02636324241757393,2.213671922683716,2.213671922683716,7.6370954513549805,2.9721282817065053,-9.539211417995263,-17.546236033115964,-3.1938821636388557,0.46257567405700684,0.3212096095085144,-0.25148454308509827,-0.8551734232188802
0.08,32,front_wing,front_wing_main_wing,segment_0,front_wing_main_wing:segment_0:mirror:10,mirror,10,-3.415025234222412,3.415025234222412,-3.4845058917999268,-3.343526601791382,0.21353010833263397,0.028123516589403152,2.4013824462890625,2.4013824462890625,7.596873760223389,2.9607197266051974,-10.55092405980966,-18.49130885325344,-3.226898276689105,0.5200406312942505,0.3560941219329834,-0.29672908782958984,-0.8620503729071798
0.08,32,front_wing,front_wing_main_wing,segment_0,front_wing_main_wing:segment_0:mirror:9,mirror,9,-3.444087505340576,3.444087505340576,-3.519564390182495,-3.3662800788879395,0.23324792087078094,0.02999991364777088,2.582099676132202,2.582099676132202,7.552131652832031,2.931673932662214,-11.580659503699255,-19.28964842533699,-3.242421046091576,0.5786877870559692,0.3898976147174835,-0.34741878509521484,-0.8693865241613147
0.08,32,front_wing,front_wing_main_wing,segment_0,front_wing_main_wing:segment_0:mirror:8,mirror,8,-3.4750888347625732,3.4750888347625732,-3.556960105895996,-3.390547275543213,0.25428229570388794,0.03200404718518257,2.756094455718994,2.756094455718994,7.508712291717529,2.8869715592804996,-12.622457796343415,-19.984316183140514,-3.2417662903869884,0.6395789980888367,0.423835813999176,-0.40396973490715027,-0.8772121493780888
0.08,32,front_wing,front_wing_main_wing,segment_0,front_wing_main_wing:segment_0:mirror:7,mirror,7,-3.5081610679626465,3.5081610679626465,-3.596855401992798,-3.4164376258850098,0.2767169177532196,0.03413942828774452,2.9227776527404785,2.9227776527404785,7.4564208984375,2.8330852772357686,-13.67779365714512,-20.462215659510186,-3.2280052649401214,0.6985683441162109,0.4536726772785187,-0.46695205569267273,-0.8855605301388793
0.08,32,front_wing,front_wing_main_wing,segment_0,front_wing_main_wing:segment_0:mirror:6,mirror,6,-3.543440341949463,3.543440341949463,-3.639411449432373,-3.4440579414367676,0.300650417804718,0.036419376730918884,3.0806918144226074,3.0806918144226074,7.400244235992432,2.769302420397519,-14.70566675245278,-20.750964275470803,-3.1943081291620223,0.7557371854782104,0.47985509037971497,-0.5355712175369263,-0.8944660313315094
0.08,32,front_wing,front_wing_main_wing,segment_0,front_wing_main_wing:segment_0:mirror:5,mirror,5,-3.5810751914978027,3.5810751914978027,-3.6848104000091553,-3.4735195636749268,0.32618245482444763,0.03884957358241081,3.2274837493896484,3.2274837493896484,7.3446221351623535,2.694412011261215,-15.790272196573213,-20.873439711915392,-3.1614252524009108,0.810924232006073,0.5009683966636658,-0.6134453415870667,-0.9039661473957584
0.08,32,front_wing,front_wing_main_wing,segment_0,front_wing_main_wing:segment_0:mirror:4,mirror,4,-3.6212215423583984,3.6212215423583984,-3.7332379817962646,-3.504948854446411,0.35341861844062805,0.04144424945116043,3.3598992824554443,3.3598992824554443,7.277810096740723,2.612559022243796,-16.85622267329408,-20.648797773252678,-3.1147610354725512,0.85577392578125,0.5102512240409851,-0.6985934972763062,-0.9141002384658407
0.08,32,front_wing,front_wing_main_wing,segment_0,front_wing_main_wing:segment_0:mirror:3,mirror,3,-3.664048671722412,3.664048671722412,-3.7848994731903076,-3.538475513458252,0.38247057795524597,0.04421047866344452,3.4736788272857666,3.4736788272857666,7.208123207092285,2.5199935184760567,-17.902773756578803,-20.153823078854636,-3.0568645080467354,0.8910101652145386,0.5081813931465149,-0.7914901971817017,-0.9249110349626924
0.08,32,front_wing,front_wing_main_wing,segment_0,front_wing_main_wing:segment_0:mirror:2,mirror,2,-3.709735870361328,3.709735870361328,-3.8400113582611084,-3.57424259185791,0.4134642481803894,0.04716164618730545,3.5634279251098633,3.5634279251098633,7.126900672912598,2.4185735893110967,-18.953623018520428,-19.21369039052413,-2.9936992887454235,0.9061492681503296,0.4846431016921997,-0.8938840627670288,-0.9364437950222911
0.08,32,front_wing,front_wing_main_wing,segment_0,front_wing_main_wing:segment_0:mirror:1,mirror,1,-3.758471965789795,3.758471965789795,-3.898801326751709,-3.612395763397217,0.4465290904045105,0.050310760736465454,3.6226441860198975,3.6226441860198975,7.02674674987793,2.309147190133929,-20.030753209580435,-17.640837390538394,-2.929553415355572,0.8875239491462708,0.4266188442707062,-1.0077624320983887,-0.9487461841282726
0.08,32,front_wing,front_wing_main_wing,segment_0,front_wing_main_wing:segment_0:mirror:0,mirror,0,-3.8104610443115234,3.8104610443115234,-3.961514711380005,-3.6530959606170654,0.481797456741333,0.05366892367601395,3.6446399688720703,3.6446399688720703,6.888193130493164,2.1964170722476952,-21.25437641887679,-15.048203460598243,-2.880963545087956,0.8076208829879761,0.3066421151161194,-1.1406995058059692,-0.9618697195205261
0.08,32,front_wing,front_wing_main_wing,segment_0,front_wing_main_wing:segment_0:orig:17,orig,17,3.2566165924072266,3.2566165924072266,3.2195146083831787,3.2934212684631348,0.1060698926448822,0.017890002578496933,-0.664768636226654,0.664768636226654,7.647326946258545,1.639074635334388,-2.149270840643182,-7.037649998094667,-1.3232835557304323,0.12590357661247253,-0.09925788640975952,-0.0384504608809948,0.822063485729875
0.08,32,front_wing,front_wing_main_wing,segment_0,front_wing_main_wing:segment_0:orig:16,orig,16,3.27510404586792,3.27510404586792,3.233988046646118,3.315721035003662,0.11861118674278259,0.01908383145928383,-1.0416182279586792,1.0416182279586792,7.707894325256348,2.278647592293171,-3.7881223406757702,-9.977016762587947,-2.085701932722129,0.19039970636367798,-0.14420831203460693,-0.07229188829660416,0.8267302495330197
0.08,32,front_wing,front_wing_main_wing,segment_0,front_wing_main_wing:segment_0:orig:15,orig,15,3.2948241233825684,3.2948241233825684,3.2494261264801025,3.3395071029663086,0.13198509812355042,0.02035873755812645,-1.3349531888961792,1.3349531888961792,7.723592758178711,2.619098105867221,-5.149830915129661,-12.066074938238872,-2.5481322749040607,0.245650053024292,-0.1814805567264557,-0.10484405606985092,0.8317081630210095
0.08,32,front_wing,front_wing_main_wing,segment_0,front_wing_main_wing:segment_0:orig:14,orig,14,3.315861225128174,3.315861225128174,3.265897750854492,3.3648860454559326,0.14625482261180878,0.02171654999256134,-1.5853747129440308,1.5853747129440308,7.716303825378418,2.809586501148349,-6.341524098497777,-13.750273951829765,-2.8316355105011937,0.2986085116863251,-0.2165139764547348,-0.13771602511405945,0.837018531220621
0.08,32,front_wing,front_wing_main_wing,segment_0,front_wing_main_wing:segment_0:orig:13,orig,13,3.338304042816162,3.338304042816162,3.2834653854370117,3.3919596672058105,0.16148406267166138,0.02316688373684883,-1.8098355531692505,1.8098355531692505,7.697788715362549,2.9118798921362967,-7.4522356597633665,-15.191802036819567,-3.013774898051068,0.35194671154022217,-0.2513909637928009,-0.17264507710933685,0.842683742465077
0.08,32,front_wing,front_wing_main_wing,segment_0,front_wing_main_wing:segment_0:orig:12,orig,12,3.362243413925171,3.362243413925171,3.3022072315216064,3.4208366870880127,0.17772658169269562,0.024713195860385895,-2.0175013542175293,2.0175013542175293,7.670377731323242,2.959884000188062,-8.49903993097271,-16.450958998766637,-3.1229956551495546,0.40655577182769775,-0.2864333689212799,-0.2100384384393692,0.8487267267408238
0.08,32,front_wing,front_wing_main_wing,segment_0,front_wing_main_wing:segment_0:orig:11,orig,11,3.387782096862793,3.387782096862793,3.3221988677978516,3.4516427516937256,0.1950506865978241,0.02636324241757393,-2.2136716842651367,2.2136716842651367,7.637094974517822,2.972128147170781,-9.539211417995263,-17.5462292504171,-3.1938821636388557,0.4625754952430725,-0.32120949029922485,-0.25148454308509827,0.8551734232188802
0.08,32,front_wing,front_wing_main_wing,segment_0,front_wing_main_wing:segment_0:orig:10,orig,10,3.415025234222412,3.415025234222412,3.343526601791382,3.4845058917999268,0.21353010833263397,0.028123516589403152,-2.401381731033325,2.401381731033325,7.596874713897705,2.960718473075832,-10.550911343481404,-18.491323688969736,-3.2268943875228575,0.5200410485267639,-0.35609450936317444,-0.2967287302017212,0.8620503729071798
0.08,32,front_wing,front_wing_main_wing,segment_0,front_wing_main_wing:segment_0:orig:9,orig,9,3.444087505340576,3.444087505340576,3.3662800788879395,3.519564390182495,0.23324792087078094,0.02999991364777088,-2.582099437713623,2.582099437713623,7.552130222320557,2.931674217278207,-11.580659503699255,-19.289640478028144,-3.242421046091576,0.5786875486373901,-0.3898974657058716,-0.34741878509521484,0.8693865241613147
0.08,32,front_wing,front_wing_main_wing,segment_0,front_wing_main_wing:segment_0:orig:8,orig,8,3.4750888347625732,3.4750888347625732,3.390547275543213,3.556960105895996,0.25428229570388794,0.03200404718518257,-2.7560946941375732,2.7560946941375732,7.5087103843688965,2.8869725423639316,-12.622467108391424,-19.984297559044496,-3.24176868195635,0.6395784020423889,-0.42383530735969543,-0.40397003293037415,0.8772121493780888
0.08,32,front_wing,front_wing_main_wing,segment_0,front_wing_main_wing:segment_0:orig:7,orig,7,3.5081610679626465,3.5081610679626465,3.4164376258850098,3.596855401992798,0.2767169177532196,0.03413942828774452,-2.9227776527404785,2.9227776527404785,7.456419944763184,2.8330856395866935,-13.677800640817404,-20.46220343808369,-3.2280069131102476,0.6985679268836975,-0.4536723494529724,-0.46695229411125183,0.8855605301388793
0.08,32,front_wing,front_wing_main_wing,segment_0,front_wing_main_wing:segment_0:orig:6,orig,6,3.543440341949463,3.543440341949463,3.4440579414367676,3.639411449432373,0.300650417804718,0.036419376730918884,-3.08069109916687,3.08069109916687,7.400247573852539,2.7693005283527232,-14.705650386262548,-20.750993734613225,-3.1943045741613965,0.7557382583618164,-0.47985586524009705,-0.5355706214904785,0.8944660313315094
0.08,32,front_wing,front_wing_main_wing,segment_0,front_wing_main_wing:segment_0:orig:5,orig,5,3.5810751914978027,3.5810751914978027,3.4735195636749268,3.6848104000091553,0.32618245482444763,0.03884957358241081,-3.2274837493896484,3.2274837493896484,7.344620704650879,2.694412536051732,-15.790278333540936,-20.873421301012225,-3.1614264811045385,0.8109235167503357,-0.5009679794311523,-0.6134455800056458,0.9039661473957584
0.08,32,front_wing,front_wing_main_wing,segment_0,front_wing_main_wing:segment_0:orig:4,orig,4,3.6212215423583984,3.6212215423583984,3.504948854446411,3.7332379817962646,0.35341861844062805,0.04144424945116043,-3.359898805618286,3.359898805618286,7.277810573577881,2.6125584802961725,-16.856206853220094,-20.64882509883501,-3.114758112175263,0.8557750582695007,-0.5102521181106567,-0.6985928416252136,0.9141002384658407
0.08,32,front_wing,front_wing_main_wing,segment_0,front_wing_main_wing:segment_0:orig:3,orig,3,3.664048671722412,3.664048671722412,3.538475513458252,3.7848994731903076,0.38247057795524597,0.04421047866344452,-3.473680019378662,3.473680019378662,7.2081217765808105,2.519994883398142,-17.902791283201573,-20.153801507626607,-3.056867500684179,0.8910092115402222,-0.5081806778907776,-0.7914909720420837,0.9249110349626924
0.08,32,front_wing,front_wing_main_wing,segment_0,front_wing_main_wing:segment_0:orig:2,orig,2,3.709735870361328,3.709735870361328,3.57424259185791,3.8400113582611084,0.4134642481803894,0.04716164618730545,-3.5634284019470215,3.5634284019470215,7.126899719238281,2.4185742365879936,-18.95362554619491,-19.213685335175164,-2.9936996879882116,0.9061490297317505,-0.48464277386665344,-0.8938841819763184,0.9364437950222911
0.08,32,front_wing,front_wing_main_wing,segment_0,front_wing_main_wing:segment_0:orig:1,orig,1,3.758471965789795,3.758471965789795,3.612395763397217,3.898801326751709,0.4465290904045105,0.050310760736465454,-3.6226441860198975,3.6226441860198975,7.02674674987793,2.309147190133929,-20.03075557903953,-17.64083146689066,-2.9295537618955603,0.8875236511230469,-0.4266186058521271,-1.0077625513076782,0.9487461841282726
0.08,32,front_wing,front_wing_main_wing,segment_0,front_wing_main_wing:segment_0:orig:0,orig,0,3.8104610443115234,3.8104610443115234,3.6530959606170654,3.961514711380005,0.481797456741333,0.05366892367601395,-3.644639492034912,3.644639492034912,6.8881940841674805,2.1964164807899493,-21.254371976481405,-15.048206792394785,-2.8809629429353025,0.8076210618019104,-0.30664220452308655,-1.1406992673873901,0.9618697195205261
0.16,64,front_wing,front_wing_main_wing,segment_0,front_wing_main_wing:segment_0:mirror:17,mirror,17,-3.222842216491699,3.222842216491699,-3.2596476078033447,-3.185739755630493,0.10607393085956573,0.017890047281980515,0.32223817706108093,0.32223817706108093,6.341655731201172,0.9580665175594661,-1.1815322501214516,-2.1242969287988336,-0.7274293427100943,0.038003772497177124,0.023549458011984825,-0.021137667819857597,-0.8205332721465278
0.16,64,front_wing,front_wing_main_wing,segment_0,front_wing_main_wing:segment_0:mirror:16,mirror,16,-3.2413296699523926,3.2413296699523926,-3.2819466590881348,-3.200212240219116,0.11861436814069748,0.01908385008573532,0.5057178735733032,0.5057178735733032,6.364274501800537,1.3398373982926157,-1.9767401775051134,-3.093687375336292,-1.0883440017050827,0.059039466083049774,0.03426733613014221,-0.03772381320595741,-0.8252401642817166
0.16,64,front_wing,front_wing_main_wing,segment_0,front_wing_main_wing:segment_0:mirror:15,mirror,15,-3.261049747467041,3.261049747467041,-3.3057329654693604,-3.215651035308838,0.1319860816001892,0.020358845591545105,0.6491410136222839,0.6491410136222839,6.370723724365234,1.5440172128147682,-2.621620424824283,-3.8043592027573103,-1.2971660526822932,0.07745236158370972,0.0431893952190876,-0.05337316542863846,-0.8302608815998893
0.16,64,front_wing,front_wing_main_wing,segment_0,front_wing_main_wing:segment_0:mirror:14,mirror,14,-3.2820873260498047,3.2820873260498047,-3.3311119079589844,-3.232123374938965,0.14625662565231323,0.02171662449836731,0.7721309065818787,0.7721309065818787,6.368459701538086,1.65794827728836,-3.184444598450093,-4.3930359865457005,-1.4219097969123984,0.09540191292762756,0.051606662571430206,-0.06915538758039474,-0.8356170337267985
0.16,64,front_wing,front_wing_main_wing,segment_0,front_wing_main_wing:segment_0:mirror:13,mirror,13,-3.3045291900634766,3.3045291900634766,-3.358185052871704,-3.2496891021728516,0.16148564219474792,0.023166794329881668,0.8828602433204651,0.8828602433204651,6.362512588500977,1.718538976333696,-3.7016605644603797,-4.9084437500613065,-1.496981990483552,0.11371290683746338,0.06007680669426918,-0.0857556089758873,-0.8413307158977646
0.16,64,front_wing,front_wing_main_wing,segment_0,front_wing_main_wing:segment_0:mirror:12,mirror,12,-3.3284687995910645,3.3284687995910645,-3.387061834335327,-3.268432855606079,0.17772546410560608,0.02471308410167694,0.9858080148696899,0.9858080148696899,6.3514299392700195,1.7466310305443782,-4.190960688394765,-5.362965316765423,-1.5399897435774088,0.1325354129076004,0.06841768324375153,-0.1035715639591217,-0.8474257229815941
0.16,64,front_wing,front_wing_main_wing,segment_0,front_wing_main_wing:segment_0:mirror:11,mirror,11,-3.3540077209472656,3.3540077209472656,-3.4178686141967773,-3.2884252071380615,0.19505108892917633,0.02636362612247467,1.083543062210083,1.083543062210083,6.339521884918213,1.7525535091075963,-4.6641129235097925,-5.781210275865305,-1.5616171710233215,0.15241366624832153,0.07697793841362,-0.12296292930841446,-0.8539279136877554
0.16,64,front_wing,front_wing_main_wing,segment_0,front_wing_main_wing:segment_0:mirror:10,mirror,10,-3.3812508583068848,3.3812508583068848,-3.450732469558716,-3.309751272201538,0.21353206038475037,0.0281229205429554,1.1775343418121338,1.1775343418121338,6.325211524963379,1.7436745680367773,-5.1340439350505065,-6.1587240695656185,-1.5701834248061894,0.1732013076543808,0.08547975867986679,-0.14438430964946747,-0.8608639965424599
0.16,64,front_wing,front_wing_main_wing,segment_0,front_wing_main_wing:segment_0:mirror:9,mirror,9,-3.4103126525878906,3.4103126525878906,-3.4857895374298096,-3.332505941390991,0.23324713110923767,0.030000364407896996,1.2685267925262451,1.2685267925262451,6.308087348937988,1.7243111276877345,-5.598318126365651,-6.491600100159422,-1.5674552880033152,0.1947503685951233,0.09367755800485611,-0.1679515838623047,-0.8682631081197562
0.16,64,front_wing,front_wing_main_wing,segment_0,front_wing_main_wing:segment_0:mirror:8,mirror,8,-3.441314935684204,3.441314935684204,-3.5231854915618896,-3.35677433013916,0.25428110361099243,0.03200336918234825,1.356657862663269,1.356657862663269,6.292315483093262,1.6958043895702568,-6.068089507904874,-6.798589055155149,-1.5584461086847072,0.2175777554512024,0.1018127053976059,-0.1941993087530136,-0.8761562667307671
0.16,64,front_wing,front_wing_main_wing,segment_0,front_wing_main_wing:segment_0:mirror:7,mirror,7,-3.474386692047119,3.474386692047119,-3.5630810260772705,-3.382662773132324,0.276716411113739,0.03413992002606392,1.4416265487670898,1.4416265487670898,6.273223876953125,1.6609519316428352,-6.531562634181419,-7.054757858291327,-1.5414735521259186,0.2408488690853119,0.10926102846860886,-0.22298702597618103,-0.8845763117224935
0.16,64,front_wing,front_wing_main_wing,segment_0,front_wing_main_wing:segment_0:mirror:6,mirror,6,-3.5096659660339355,3.5096659660339355,-3.6056361198425293,-3.4102842807769775,0.3006492853164673,0.0364191047847271,1.5227255821228027,1.5227255821228027,6.25478458404541,1.6194931178816019,-6.997119835878618,-7.269042843834999,-1.5198930684670562,0.2647320330142975,0.11585649102926254,-0.2548288404941559,-0.8935583890873818
0.16,64,front_wing,front_wing_main_wing,segment_0,front_wing_main_wing:segment_0:mirror:5,mirror,5,-3.547300338745117,3.547300338745117,-3.6510345935821533,-3.439744472503662,0.326181024312973,0.038849838078022,1.5987553596496582,1.5987553596496582,6.231807708740234,1.5730382127081814,-7.446496074189298,-7.409899283456363,-1.490895386882598,0.28787338733673096,0.12073414772748947,-0.28929516673088074,-0.9031400728657156
0.16,64,front_wing,front_wing_main_wing,segment_0,front_wing_main_wing:segment_0:mirror:4,mirror,4,-3.587446689605713,3.587446689605713,-3.6994645595550537,-3.471174478530884,0.35341957211494446,0.04144400358200073,1.6680455207824707,1.6680455207824707,6.208905220031738,1.520310401813417,-7.900020853857604,-7.483351430646541,-1.459793882223709,0.31014004349708557,0.12330405414104462,-0.32740849256515503,-0.9133613044444202
0.16,64,front_wing,front_wing_main_wing,segment_0,front_wing_main_wing:segment_0:mirror:3,mirror,3,-3.630274534225464,3.630274534225464,-3.751124858856201,-3.5047004222869873,0.38247236609458923,0.04421054571866989,1.7283214330673218,1.7283214330673218,6.184171199798584,1.461412928169338,-8.328736927307936,-7.4689953670802325,-1.4221093125603586,0.33020836114883423,0.1227550059556961,-0.36821800470352173,-0.9242652423738053
0.16,64,front_wing,front_wing_main_wing,segment_0,front_wing_main_wing:segment_0:mirror:2,mirror,2,-3.675961494445801,3.675961494445801,-3.806236982345581,-3.540468692779541,0.41346317529678345,0.04716184735298157,1.7766417264938354,1.7766417264938354,6.157073020935059,1.3957856005341505,-8.740281291054787,-7.3357179733950755,-1.3805192683058993,0.34596601128578186,0.11715149134397507,-0.41220781207084656,-0.9358971090448424
0.16,64,front_wing,front_wing_main_wing,segment_0,front_wing_main_wing:segment_0:mirror:1,mirror,1,-3.7246975898742676,3.7246975898742676,-3.86502742767334,-3.578622579574585,0.4465280771255493,0.050310418009757996,1.809273600578308,1.809273600578308,6.12342643737793,1.3233994967685214,-9.126914128736551,-7.02303692679062,-1.3348396264564633,0.35333192348480225,0.10297798365354538,-0.4591788649559021,-0.9483052833106917
0.16,64,front_wing,front_wing_main_wing,segment_0,front_wing_main_wing:segment_0:mirror:0,mirror,0,-3.776686429977417,3.776686429977417,-3.927741050720215,-3.6193222999572754,0.4817967414855957,0.05366888269782066,1.8216006755828857,1.8216006755828857,6.078032493591309,1.2441028884509882,-9.513766820292684,-6.429161127261468,-1.2895629368544586,0.34504589438438416,0.07338770478963852,-0.5105932354927063,-0.9615416039926818
0.16,64,front_wing,front_wing_main_wing,segment_0,front_wing_main_wing:segment_0:orig:17,orig,17,3.222842216491699,3.222842216491699,3.185739755630493,3.2596476078033447,0.10607393085956573,0.017890047281980515,-0.3222382962703705,0.3222382962703705,6.3416547775268555,0.9580670160646296,-1.1815329789354028,-2.124296720566276,-0.7274297914161312,0.038003768771886826,-0.02354944683611393,-0.021137680858373642,0.8205332721465278
0.16,64,front_wing,front_wing_main_wing,segment_0,front_wing_main_wing:segment_0:orig:16,orig,16,3.2413296699523926,3.2413296699523926,3.200212240219116,3.2819466590881348,0.11861436814069748,0.01908385008573532,-0.505717933177948,0.505717933177948,6.364274978637695,1.3398374558217665,-1.9767399822986806,-3.093688156162023,-1.0883438942292736,0.05903948098421097,-0.034267351031303406,-0.037723809480667114,0.8252401642817166
0.16,64,front_wing,front_wing_main_wing,segment_0,front_wing_main_wing:segment_0:orig:15,orig,15,3.261049747467041,3.261049747467041,3.215651035308838,3.3057329654693604,0.1319860816001892,0.020358845591545105,-0.6491411328315735,0.6491411328315735,6.370723724365234,1.5440174963605482,-2.6216202418428716,-3.8043606666086007,-1.2971659621439098,0.0774523913860321,-0.043189432471990585,-0.05337316170334816,0.8302608815998893
0.16,64,front_wing,front_wing_main_wing,segment_0,front_wing_main_wing:segment_0:orig:14,orig,14,3.2820873260498047,3.2820873260498047,3.232123374938965,3.3311119079589844,0.14625662565231323,0.02171662449836731,-0.7721312046051025,0.7721312046051025,6.368460178375244,1.657948793076353,-3.184445284613875,-4.393037015791373,-1.4219101032964392,0.09540193527936935,-0.0516066774725914,-0.06915540248155594,0.8356170337267985
0.16,64,front_wing,front_wing_main_wing,segment_0,front_wing_main_wing:segment_0:orig:13,orig,13,3.3045291900634766,3.3045291900634766,3.2496891021728516,3.358185052871704,0.16148564219474792,0.023166794329881668,-0.8828606009483337,0.8828606009483337,6.362512588500977,1.718539672477209,-3.7016621724904963,-4.908445358091423,-1.4969826407841624,0.11371294409036636,-0.060076817870140076,-0.08575564622879028,0.8413307158977646
0.16,64,front_wing,front_wing_main_wing,segment_0,front_wing_main_wing:segment_0:orig:12,orig,12,3.3284687995910645,3.3284687995910645,3.268432855606079,3.387061834335327,0.17772546410560608,0.02471308410167694,-0.9858083128929138,0.9858083128929138,6.351428985595703,1.7466318208335119,-4.190962798777425,-5.362962904899525,-1.5399905190482122,0.13253535330295563,-0.06841763108968735,-0.10357161611318588,0.8474257229815941
0.16,64,front_wing,front_wing_main_wing,segment_0,front_wing_main_wing:segment_0:orig:11,orig,11,3.3540077209472656,3.3540077209472656,3.2884252071380615,3.4178686141967773,0.19505108892917633,0.02636362612247467,-1.083543062210083,1.083543062210083,6.339521884918213,1.7525535091075963,-4.664112075684774,-5.781213667165376,-1.5616168871583878,0.1524137556552887,-0.07697803527116776,-0.12296290695667267,0.8539279136877554
0.16,64,front_wing,front_wing_main_wing,segment_0,front_wing_main_wing:segment_0:orig:10,orig,10,3.3812508583068848,3.3812508583068848,3.309751272201538,3.450732469558716,0.21353206038475037,0.0281229205429554,-1.177534580230713,1.177534580230713,6.325211048126221,1.7436750525333073,-5.134045524625228,-6.158721420274416,-1.5701839109578297,0.17320123314857483,-0.08547969162464142,-0.14438435435295105,0.8608639965424599
0.16,64,front_wing,front_wing_main_wing,segment_0,front_wing_main_wing:segment_0:orig:9,orig,9,3.4103126525878906,3.4103126525878906,3.332505941390991,3.4857895374298096,0.23324713110923767,0.030000364407896996,-1.2685267925262451,1.2685267925262451,6.308087348937988,1.7243111276877345,-5.598319119764331,-6.491600100159422,-1.5674555661418523,0.1947503685951233,-0.09367749840021133,-0.16795161366462708,0.8682631081197562
0.16,64,front_wing,front_wing_main_wing,segment_0,front_wing_main_wing:segment_0:orig:8,orig,8,3.441314935684204,3.441314935684204,3.35677433013916,3.5231854915618896,0.25428110361099243,0.03200336918234825,-1.35665762424469,1.35665762424469,6.292315483093262,1.6958040915501855,-6.068091835966196,-6.798585795869298,-1.558446706592517,0.21757765114307404,-0.10181260854005814,-0.19419938325881958,0.8761562667307671
0.16,64,front_wing,front_wing_main_wing,segment_0,front_wing_main_wing:segment_0:orig:7,orig,7,3.474386692047119,3.474386692047119,3.382662773132324,3.5630810260772705,0.276716411113739,0.03413992002606392,-1.4416260719299316,1.4416260719299316,6.273223876953125,1.660951382260889,-6.531559578868803,-7.054758731237789,-1.5414728310605545,0.24084889888763428,-0.10926108062267303,-0.22298692166805267,0.8845763117224935
0.16,64,front_wing,front_wing_main_wing,segment_0,front_wing_main_wing:segment_0:orig:6,orig,6,3.5096659660339355,3.5096659660339355,3.4102842807769775,3.6056361198425293,0.3006492853164673,0.0364191047847271,-1.5227248668670654,1.5227248668670654,6.25478458404541,1.6194923571721493,-6.99711247103802,-7.269042843834999,-1.5198914686988032,0.2647320330142975,-0.11585655808448792,-0.2548285722732544,0.8935583890873818
0.16,64,front_wing,front_wing_main_wing,segment_0,front_wing_main_wing:segment_0:orig:5,orig,5,3.547300338745117,3.547300338745117,3.439744472503662,3.6510345935821533,0.326181024312973,0.038849838078022,-1.598754644393921,1.598754644393921,6.231807708740234,1.5730375089578548,-7.4464907043791,-7.40989851634062,-1.4908943117695284,0.28787335753440857,-0.12073417752981186,-0.289294958114624,0.9031400728657156
0.16,64,front_wing,front_wing_main_wing,segment_0,front_wing_main_wing:segment_0:orig:4,orig,4,3.587446689605713,3.587446689605713,3.471174478530884,3.6994645595550537,0.35341957211494446,0.04144400358200073,-1.668044924736023,1.668044924736023,6.208905220031738,1.5203098585574908,-7.900017977463452,-7.483349273350927,-1.4597933507133924,0.3101399540901184,-0.12330402433872223,-0.3274083733558655,0.9133613044444202
0.16,64,front_wing,front_wing_main_wing,segment_0,front_wing_main_wing:segment_0:orig:3,orig,3,3.630274534225464,3.630274534225464,3.5047004222869873,3.751124858856201,0.38247236609458923,0.04421054571866989,-1.7283209562301636,1.7283209562301636,6.184171676635742,1.461412412287425,-8.328732882708817,-7.468999411679353,-1.422108621955994,0.33020853996276855,-0.12275517731904984,-0.3682178258895874,0.9242652423738053
0.16,64,front_wing,front_wing_main_wing,segment_0,front_wing_main_wing:segment_0:orig:2,orig,2,3.675961494445801,3.675961494445801,3.540468692779541,3.806236982345581,0.41346317529678345,0.04716184735298157,-1.776641845703125,1.776641845703125,6.157072067260742,1.395785910383192,-8.740283818718487,-7.3357179733950755,-1.3805196675480205,0.34596601128578186,-0.11715146899223328,-0.4122079312801361,0.9358971090448424
0.16,64,front_wing,front_wing_main_wing,segment_0,front_wing_main_wing:segment_0:orig:1,orig,1,3.7246975898742676,3.7246975898742676,3.578622579574585,3.86502742767334,0.4465280771255493,0.050310418009757996,-1.8092739582061768,1.8092739582061768,6.123425483703613,1.3233999644655543,-9.126917090580596,-7.023035149684193,-1.3348400596353824,0.3533318340778351,-0.10297784209251404,-0.45917901396751404,0.9483052833106917
0.16,64,front_wing,front_wing_main_wing,segment_0,front_wing_main_wing:segment_0:orig:0,orig,0,3.776686429977417,3.776686429977417,3.6193222999572754,3.927741050720215,0.4817967414855957,0.05366888269782066,-1.8216009140014648,1.8216009140014648,6.078033447265625,1.2441028560781975,-9.513765709692988,-6.429166680259944,-1.2895627863159567,0.34504619240760803,-0.07338792085647583,-0.5105931758880615,0.9615416039926818
0.24,96,front_wing,front_wing_main_wing,segment_0,front_wing_main_wing:segment_0:mirror:17,mirror,17,-3.225088119506836,3.225088119506836,-3.261892557144165,-3.187986135482788,0.10607291758060455,0.017889801412820816,-0.12042882293462753,0.12042882293462753,5.164620876312256,0.43966052725757215,0.6457015940629584,0.15263716102657562,0.39754037438758394,-0.002730648498982191,0.0030991462990641594,0.011551473289728165,-0.820636132232163
0.24,96,front_wing,front_wing_main_wing,segment_0,front_wing_main_wing:segment_0:mirror:16,mirror,16,-3.243575096130371,3.243575096130371,-3.284191846847534,-3.202455997467041,0.11861425638198853,0.019084597006440163,-0.18721798062324524,0.18721798062324524,5.1685004234313965,0.610767761662263,0.9867321428484286,0.2679445762307406,0.5432707004264337,-0.00511361425742507,0.004461188800632954,0.018831385299563408,-0.8253402148590043
0.24,96,front_wing,front_wing_main_wing,segment_0,front_wing_main_wing:segment_0:mirror:15,mirror,15,-3.2632951736450195,3.2632951736450195,-3.307978630065918,-3.2178971767425537,0.13198637962341309,0.020358478650450706,-0.2381056547164917,0.2381056547164917,5.169195175170898,0.6979875215782991,1.2433551161381078,0.36198405745719875,0.6152051574848761,-0.007369444705545902,0.005554801318794489,0.025312818586826324,-0.8303580647717113
0.24,96,front_wing,front_wing_main_wing,segment_0,front_wing_main_wing:segment_0:mirror:14,mirror,14,-3.2843334674835205,3.2843334674835205,-3.3333585262298584,-3.234367847442627,0.1462605893611908,0.021716400980949402,-0.2805492877960205,0.2805492877960205,5.168061256408691,0.7423080912652681,1.4556162397426036,0.4431865122141841,0.6499403072730771,-0.009624416008591652,0.006562940310686827,0.031610745936632156,-0.8357113399209903
0.24,96,front_wing,front_wing_main_wing,segment_0,front_wing_main_wing:segment_0:mirror:13,mirror,13,-3.3067750930786133,3.3067750930786133,-3.360431671142578,-3.2519330978393555,0.16148726642131805,0.02316766045987606,-0.31763899326324463,0.31763899326324463,5.166116714477539,0.7614849245080653,1.6399366041747885,0.5165474986700078,0.6631971860950667,-0.011967197060585022,0.007532804738730192,0.03799349442124367,-0.8414216982575481
0.24,96,front_wing,front_wing_main_wing,segment_0,front_wing_main_wing:segment_0:mirror:12,mirror,12,-3.330714702606201,3.330714702606201,-3.3893086910247803,-3.2706804275512695,0.177725687623024,0.024712558835744858,-0.3510473966598511,0.3510473966598511,5.163502216339111,0.7650700153052519,1.8047848517130718,0.5845545799518129,0.6631765058635697,-0.014445839449763298,0.008494053035974503,0.04460085183382034,-0.8475132243932346
0.24,96,front_wing,front_wing_main_wing,segment_0,front_wing_main_wing:segment_0:mirror:11,mirror,11,-3.3562536239624023,3.3562536239624023,-3.420114517211914,-3.290670394897461,0.19505372643470764,0.026363829150795937,-0.38169920444488525,0.38169920444488525,5.160521507263184,0.7584088745679844,1.9546525911841148,0.6493727944796842,0.6544390809565738,-0.01711995340883732,0.009435784071683884,0.05153212696313858,-0.8540117016027005
0.24,96,front_wing,front_wing_main_wing,segment_0,front_wing_main_wing:segment_0:mirror:10,mirror,10,-3.3834967613220215,3.3834967613220215,-3.452979326248169,-3.3119957447052,0.2135346531867981,0.028122898191213608,-0.4101272225379944,0.4101272225379944,5.157448768615723,0.7448096690364998,2.092414503662184,0.7119225351935434,0.6399311575468059,-0.02002132497727871,0.010365188121795654,0.058844760060310364,-0.8609438231585251
0.24,96,front_wing,front_wing_main_wing,segment_0,front_wing_main_wing:segment_0:mirror:9,mirror,9,-3.4125585556030273,3.4125585556030273,-3.488035202026367,-3.3347511291503906,0.2332485318183899,0.03000032529234886,-0.43658608198165894,0.43658608198165894,5.15413761138916,0.726314900414936,2.219322349723729,0.7734551978474016,0.6213772751104103,-0.023203907534480095,0.011251501739025116,0.0665803924202919,-0.8683387089944317
0.24,96,front_wing,front_wing_main_wing,segment_0,front_wing_main_wing:segment_0:mirror:8,mirror,8,-3.4435603618621826,3.4435603618621826,-3.5254297256469727,-3.3590192794799805,0.25428035855293274,0.032002948224544525,-0.46110087633132935,0.46110087633132935,5.150630950927734,0.7041297514574009,2.3349861234079636,0.8327563351455977,0.5996880394527425,-0.02665065787732601,0.012108574621379375,0.07472644001245499,-0.8762272383734722
0.24,96,front_wing,front_wing_main_wing,segment_0,front_wing_main_wing:segment_0:mirror:7,mirror,7,-3.4766318798065186,3.4766318798065186,-3.565326452255249,-3.3849079608917236,0.2767154574394226,0.034140005707740784,-0.4835788607597351,0.4835788607597351,5.147021293640137,0.6790596398695181,2.4392607558737147,0.8909603128981445,0.5756767731088975,-0.030417390167713165,0.0128815658390522,0.08327637612819672,-0.8846424138871993
0.24,96,front_wing,front_wing_main_wing,segment_0,front_wing_main_wing:segment_0:mirror:6,mirror,6,-3.5119118690490723,3.5119118690490723,-3.6078805923461914,-3.412529468536377,0.3006499409675598,0.03641925007104874,-0.5037893056869507,0.5037893056869507,5.14301872253418,0.6516279613389713,2.529698498949185,0.9475455641435164,0.5494922081132254,-0.034508898854255676,0.013522924855351448,0.09212972223758698,-0.8936195434552524
0.24,96,front_wing,front_wing_main_wing,segment_0,front_wing_main_wing:segment_0:mirror:5,mirror,5,-3.5495452880859375,3.5495452880859375,-3.653280258178711,-3.441987991333008,0.32618099451065063,0.038850054144859314,-0.5213961005210876,0.5213961005210876,5.139382839202881,0.6220540928160812,2.606287130592674,1.0029271056155245,0.5218161369059384,-0.03896377235651016,0.013990532606840134,0.10125439614057541,-0.9031955123270139
0.24,96,front_wing,front_wing_main_wing,segment_0,front_wing_main_wing:segment_0:mirror:4,mirror,4,-3.5896925926208496,3.5896925926208496,-3.7017107009887695,-3.4734201431274414,0.3534187078475952,0.041444409638643265,-0.5360080003738403,0.5360080003738403,5.135307788848877,0.5906704633957327,2.6654296495264918,1.0558095896063955,0.4925287518910333,-0.04375740513205528,0.014211366884410381,0.11046715825796127,-0.9134111490762247
0.24,96,front_wing,front_wing_main_wing,segment_0,front_wing_main_wing:segment_0:mirror:3,mirror,3,-3.6325201988220215,3.6325201988220215,-3.753371000289917,-3.506946325302124,0.3824724555015564,0.04420999810099602,-0.5472094416618347,0.5472094416618347,5.131168365478516,0.5576569879785228,2.70502583898875,1.1069265376260655,0.4618757406647658,-0.04893722012639046,0.014072475023567677,0.1195891872048378,-0.9243087989398403
0.24,96,front_wing,front_wing_main_wing,segment_0,front_wing_main_wing:segment_0:mirror:2,mirror,2,-3.6782073974609375,3.6782073974609375,-3.808483839035034,-3.5427138805389404,0.41346439719200134,0.04716229438781738,-0.554629921913147,0.554629921913147,5.126543045043945,0.523323893803022,2.7212920156915876,1.1582122383260958,0.4298242625075611,-0.05462394654750824,0.013331789523363113,0.1283423751592636,-0.93593408314736
0.24,96,front_wing,front_wing_main_wing,segment_0,front_wing_main_wing:segment_0:mirror:1,mirror,1,-3.7269434928894043,3.7269434928894043,-3.8672735691070557,-3.5808680057525635,0.44652941823005676,0.0503099225461483,-0.5581591129302979,0.5581591129302979,5.12166690826416,0.48812000688618185,2.7131964113647964,1.212335431845187,0.3968122364055128,-0.06099250167608261,0.011734919622540474,0.13650070130825043,-0.9483351709224843
0.24,96,front_wing,front_wing_main_wing,segment_0,front_wing_main_wing:segment_0:mirror:0,mirror,0,-3.7789323329925537,3.7789323329925537,-3.929985523223877,-3.621567487716675,0.48179715871810913,0.05366918817162514,-0.5590484142303467,0.5590484142303467,5.115297317504883,0.45367442731842966,2.6803724069466783,1.2820766263616135,0.36331623267073154,-0.06880801171064377,0.008528823032975197,0.14385341107845306,-0.9615639321471571
0.24,96,front_wing,front_wing_main_wing,segment_0,front_wing_main_wing:segment_0:orig:17,orig,17,3.225088119506836,3.225088119506836,3.187986135482788,3.261892557144165,0.10607291758060455,0.017889801412820816,0.12042880058288574,0.12042880058288574,5.164620876312256,0.4396604456560224,0.6457014899452487,0.15263720007071674,0.3975403102852282,-0.002730649197474122,-0.003099145134910941,0.011551471427083015,0.820636132232163
0.24,96,front_wing,front_wing_main_wing,segment_0,front_wing_main_wing:segment_0:orig:16,orig,16,3.243575096130371,3.243575096130371,3.202455997467041,3.284191846847534,0.11861425638198853,0.019084597006440163,0.18721799552440643,0.18721799552440643,5.1685004234313965,0.6107678102748421,0.9867321428484286,0.2679448446290808,0.5432707004264337,-0.00511361937969923,-0.00446118600666523,0.018831385299563408,0.8253402148590043
0.24,96,front_wing,front_wing_main_wing,segment_0,front_wing_main_wing:segment_0:orig:15,orig,15,3.2632951736450195,3.2632951736450195,3.2178971767425537,3.307978630065918,0.13198637962341309,0.020358478650450706,0.23810559511184692,0.23810559511184692,5.169195175170898,0.6979873468520906,1.243354750168689,0.3619837829801347,0.6152049764052545,-0.0073694391176104546,-0.005554804112762213,0.025312811136245728,0.8303580647717113
0.24,96,front_wing,front_wing_main_wing,segment_0,front_wing_main_wing:segment_0:orig:14,orig,14,3.2843334674835205,3.2843334674835205,3.234367847442627,3.3333585262298584,0.1462605893611908,0.021716400980949402,0.2805492579936981,0.2805492579936981,5.16806173324585,0.7423079439211109,1.4556162397426036,0.4431864264428286,0.6499403072730771,-0.009624414145946503,-0.006562941242009401,0.031610745936632156,0.8357113399209903
0.24,96,front_wing,front_wing_main_wing,segment_0,front_wing_main_wing:segment_0:orig:13,orig,13,3.3067750930786133,3.3067750930786133,3.2519330978393555,3.360431671142578,0.16148726642131805,0.02316766045987606,0.317639023065567,0.317639023065567,5.166116714477539,0.7614849959540139,1.6399364433777885,0.5165473780722578,0.6631971210680909,-0.011967194266617298,-0.007532805670052767,0.03799349069595337,0.8414216982575481
0.24,96,front_wing,front_wing_main_wing,segment_0,front_wing_main_wing:segment_0:orig:12,orig,12,3.330714702606201,3.330714702606201,3.2706804275512695,3.3893086910247803,0.177725687623024,0.024712558835744858,0.35104745626449585,0.35104745626449585,5.1635026931762695,0.7650700745547563,1.804785153202717,0.5845547683828412,0.6631766166473284,-0.014445844106376171,-0.008494051173329353,0.04460085928440094,0.8475132243932346
0.24,96,front_wing,front_wing_main_wing,segment_0,front_wing_main_wing:segment_0:orig:11,orig,11,3.3562536239624023,3.3562536239624023,3.290670394897461,3.420114517211914,0.19505372643470764,0.026363829150795937,0.38169920444488525,0.38169920444488525,5.1605224609375,0.7584087344125893,1.9546525911841148,0.6493733596920102,0.6544390809565738,-0.017119968309998512,-0.009435773827135563,0.05153212696313858,0.8540117016027005
0.24,96,front_wing,front_wing_main_wing,segment_0,front_wing_main_wing:segment_0:orig:10,orig,10,3.3834967613220215,3.3834967613220215,3.3119957447052,3.452979326248169,0.2135346531867981,0.028122898191213608,0.4101271331310272,0.4101271331310272,5.157448768615723,0.7448095066693855,2.092413973803523,0.7119224027288781,0.6399309954980981,-0.02002132125198841,-0.010365186259150505,0.05884474515914917,0.8609438231585251
0.24,96,front_wing,front_wing_main_wing,segment_0,front_wing_main_wing:segment_0:orig:9,orig,9,3.4125585556030273,3.4125585556030273,3.3347511291503906,3.488035202026367,0.2332485318183899,0.03000032529234886,0.436585932970047,0.436585932970047,5.154138565063477,0.7263145181251328,2.2193216046737483,0.773454825322411,0.6213770665074884,-0.0232038963586092,-0.011251499876379967,0.06658037006855011,0.8683387089944317
0.24,96,front_wing,front_wing_main_wing,segment_0,front_wing_main_wing:segment_0:orig:8,orig,8,3.4435603618621826,3.4435603618621826,3.3590192794799805,3.5254297256469727,0.25428035855293274,0.032002948224544525,0.4611007273197174,0.4611007273197174,5.150631427764893,0.7041294587202135,2.3349851921711857,0.8327558695272088,0.5996878002857718,-0.026650642976164818,-0.0121085774153471,0.0747264102101326,0.8762272383734722
0.24,96,front_wing,front_wing_main_wing,segment_0,front_wing_main_wing:segment_0:orig:7,orig,7,3.4766318798065186,3.4766318798065186,3.3849079608917236,3.565326452255249,0.2767154574394226,0.034140005707740784,0.483578622341156,0.483578622341156,5.147021293640137,0.6790593050731745,2.4392594464573083,0.890958457891569,0.5756764640805948,-0.03041732683777809,-0.012881592847406864,0.08327633142471313,0.8846424138871993
0.24,96,front_wing,front_wing_main_wing,segment_0,front_wing_main_wing:segment_0:orig:6,orig,6,3.5119118690490723,3.5119118690490723,3.412529468536377,3.6078805923461914,0.3006499409675598,0.03641925007104874,0.5037893652915955,0.5037893652915955,5.14301872253418,0.6516280384347982,2.529698498949185,0.9475464847449188,0.5494922081132254,-0.03450893238186836,-0.013522903434932232,0.09212972223758698,0.8936195434552524
0.24,96,front_wing,front_wing_main_wing,segment_0,front_wing_main_wing:segment_0:orig:5,orig,5,3.5495452880859375,3.5495452880859375,3.441987991333008,3.653280258178711,0.32618099451065063,0.038850054144859314,0.5213960409164429,0.5213960409164429,5.139382839202881,0.6220540217044768,2.606286747036936,1.0029269138376555,0.5218160601125678,-0.038963764905929565,-0.013990534469485283,0.10125438123941422,0.9031955123270139
0.24,96,front_wing,front_wing_main_wing,segment_0,front_wing_main_wing:segment_0:orig:4,orig,4,3.5896925926208496,3.5896925926208496,3.4734201431274414,3.7017107009887695,0.3534187078475952,0.041444409638643265,0.5360079407691956,0.5360079407691956,5.135307788848877,0.5906703977125655,2.665428750662126,1.0558094098335222,0.4925285857952805,-0.043757397681474686,-0.014211359433829784,0.11046712100505829,0.9134111490762247
0.24,96,front_wing,front_wing_main_wing,segment_0,front_wing_main_wing:segment_0:orig:3,orig,3,3.6325201988220215,3.6325201988220215,3.506946325302124,3.753371000289917,0.3824724555015564,0.04420999810099602,0.5472093820571899,0.5472093820571899,5.131168365478516,0.5576569272358818,2.705025670461699,1.1069264533625403,0.4618757118892342,-0.04893721640110016,-0.014072474092245102,0.1195891797542572,0.9243087989398403
0.24,96,front_wing,front_wing_main_wing,segment_0,front_wing_main_wing:segment_0:orig:2,orig,2,3.6782073974609375,3.6782073974609375,3.5427138805389404,3.808483839035034,0.41346439719200134,0.04716229438781738,0.5546298027038574,0.5546298027038574,5.126543045043945,0.5233237813224884,2.7212913837816526,1.1582119223711282,0.4298241626982719,-0.054623931646347046,-0.01333178486675024,0.12834234535694122,0.93593408314736
0.24,96,front_wing,front_wing_main_wing,segment_0,front_wing_main_wing:segment_0:orig:1,orig,1,3.7269434928894043,3.7269434928894043,3.5808680057525635,3.8672735691070557,0.44652941823005676,0.0503099225461483,0.5581588745117188,0.5581588745117188,5.12166690826416,0.4881197983849216,2.7131955228028324,1.2123346913768838,0.3968121064509475,-0.060992464423179626,-0.011734934523701668,0.13650065660476685,0.9483351709224843
0.24,96,front_wing,front_wing_main_wing,segment_0,front_wing_main_wing:segment_0:orig:0,orig,0,3.7789323329925537,3.7789323329925537,3.621567487716675,3.929985523223877,0.48179715871810913,0.05366918817162514,0.5590482950210571,0.5590482950210571,5.115297317504883,0.4536743305786755,2.6803715740016476,1.2820770428341288,0.3633161197675955,-0.06880803406238556,-0.008528796955943108,0.14385336637496948,0.9615639321471571
0.32,128,front_wing,front_wing_main_wing,segment_0,front_wing_main_wing:segment_0:mirror:17,mirror,17,-3.2625198364257812,3.2625198364257812,-3.2993264198303223,-3.2254183292388916,0.1060749888420105,0.01788986101746559,-0.5716003775596619,0.5716003775596619,5.05220365524292,2.133185677790362,4.094618111048664,-2.570150010213913,2.5208923862365715,0.04597962647676468,0.0723155289888382,0.07325214892625809,-0.8223281935617784
0.32,128,front_wing,front_wing_main_wing,segment_0,front_wing_main_wing:segment_0:mirror:16,mirror,16,-3.2810068130493164,3.2810068130493164,-3.3216235637664795,-3.2398874759674072,0.11861644685268402,0.01908458210527897,-0.8935738801956177,0.8935738801956177,5.110021114349365,2.948443812340024,6.018731876387926,-3.2869117057586714,3.3137060781725185,0.06272933632135391,0.10475274175405502,0.11486498266458511,-0.8269878930742587
0.32,128,front_wing,front_wing_main_wing,segment_0,front_wing_main_wing:segment_0:mirror:15,mirror,15,-3.300727367401123,3.300727367401123,-3.3454108238220215,-3.255328416824341,0.1319870799779892,0.020358851179480553,-1.1427617073059082,1.1427617073059082,5.121281623840332,3.3812368646634714,7.432636281086817,-3.694337321564582,3.6776073474186335,0.07521246373653412,0.13134437799453735,0.1513199359178543,-0.8319585196602182
0.32,128,front_wing,front_wing_main_wing,segment_0,front_wing_main_wing:segment_0:mirror:14,mirror,14,-3.321765661239624,3.321765661239624,-3.3707902431488037,-3.271798849105835,0.14626091718673706,0.02171584777534008,-1.354137897491455,1.354137897491455,5.114864826202393,3.6201822522783464,8.598912031257251,-3.985545099856269,3.83945084471419,0.08654949069023132,0.15633800625801086,0.18673266470432281,-0.8372612865506073
0.32,128,front_wing,front_wing_main_wing,segment_0,front_wing_main_wing:segment_0:mirror:13,mirror,13,-3.344207286834717,3.344207286834717,-3.397864580154419,-3.28936505317688,0.16148769855499268,0.023168107494711876,-1.5422985553741455,1.5422985553741455,5.094959259033203,3.7490245697653357,9.6048330786492,-4.184482054315696,3.8842240662849643,0.09694653004407883,0.1808866560459137,0.22252580523490906,-0.8429177675412086
0.32,128,front_wing,front_wing_main_wing,segment_0,front_wing_main_wing:segment_0:mirror:12,mirror,12,-3.3681466579437256,3.3681466579437256,-3.426740884780884,-3.308112382888794,0.177727609872818,0.024712640792131424,-1.7151976823806763,1.7151976823806763,5.068695068359375,3.807966433285664,10.51763399549787,-4.311830911902153,3.8647112515329276,0.1065567284822464,0.205408975481987,0.2599185109138489,-0.8489517599109356
0.32,128,front_wing,front_wing_main_wing,segment_0,front_wing_main_wing:segment_0:mirror:11,mirror,11,-3.393686056137085,3.393686056137085,-3.4575469493865967,-3.328101396560669,0.1950540542602539,0.026363791897892952,-1.8772798776626587,1.8772798776626587,5.033616542816162,3.824053069989587,11.318631339244945,-4.369234799635127,3.789595284235062,0.11518959701061249,0.2295016348361969,0.2984020411968231,-0.8553890440452778
0.32,128,front_wing,front_wing_main_wing,segment_0,front_wing_main_wing:segment_0:mirror:10,mirror,10,-3.420929431915283,3.420929431915283,-3.4904117584228516,-3.349428415298462,0.21353460848331451,0.028123335912823677,-2.0311570167541504,2.0311570167541504,4.995469093322754,3.808280628979215,12.052878276603243,-4.3583476376387456,3.686178789402202,0.12257127463817596,0.2536222040653229,0.33896714448928833,-0.8622558209886952
0.32,128,front_wing,front_wing_main_wing,segment_0,front_wing_main_wing:segment_0:mirror:9,mirror,9,-3.449990749359131,3.449990749359131,-3.525467872619629,-3.372182846069336,0.23324912786483765,0.029999718070030212,-2.1780898571014404,2.1780898571014404,4.954169750213623,3.76977019541794,12.74116688116262,-4.264061488729401,3.56732825584779,0.12792064249515533,0.27703189849853516,0.3822314143180847,-0.8695808157394722
0.32,128,front_wing,front_wing_main_wing,segment_0,front_wing_main_wing:segment_0:mirror:8,mirror,8,-3.4809927940368652,3.4809927940368652,-3.5628609657287598,-3.3964521884918213,0.2542792856693268,0.0320030152797699,-2.3182687759399414,2.3182687759399414,4.9093523025512695,3.7141428226250777,13.308921322763197,-4.135623177689848,3.4181079409609696,0.13235241174697876,0.2999042570590973,0.425925612449646,-0.8773949767790239
0.32,128,front_wing,front_wing_main_wing,segment_0,front_wing_main_wing:segment_0:mirror:7,mirror,7,-3.514063835144043,3.514063835144043,-3.6027579307556152,-3.422339916229248,0.27671289443969727,0.03413986414670944,-2.451219081878662,2.451219081878662,4.862057209014893,3.643868222593735,13.835847823358995,-3.8898937731535788,3.265354055752685,0.13280044496059418,0.3206426799297333,0.4723539650440216,-0.8857306347539547
0.32,128,front_wing,front_wing_main_wing,segment_0,front_wing_main_wing:segment_0:mirror:6,mirror,6,-3.549344062805176,3.549344062805176,-3.6453123092651367,-3.449962615966797,0.30064839124679565,0.03641965240240097,-2.5757558345794678,2.5757558345794678,4.811287879943848,3.561348385903455,14.26025277798633,-3.5695487241321535,3.097577905574448,0.1300017237663269,0.3388378918170929,0.519353449344635,-0.8946231250178028
0.32,128,front_wing,front_wing_main_wing,segment_0,front_wing_main_wing:segment_0:mirror:5,mirror,5,-3.586977481842041,3.586977481842041,-3.6907119750976562,-3.479419708251953,0.32618165016174316,0.03885052353143692,-2.6899287700653076,2.6899287700653076,4.75520133972168,3.4685051206352293,14.575687577681084,-3.1217444901445583,2.918256245420622,0.12128140777349472,0.35194364190101624,0.5662730932235718,-0.904108744430325
0.32,128,front_wing,front_wing_main_wing,segment_0,front_wing_main_wing:segment_0:mirror:4,mirror,4,-3.627124786376953,3.627124786376953,-3.7391445636749268,-3.5108509063720703,0.35341954231262207,0.041443824768066406,-2.7912535667419434,2.7912535667419434,4.693241119384766,3.3656260427213316,14.766079112686104,-2.55394988149205,2.7285287177792794,0.10584545135498047,0.3587615489959717,0.6119627952575684,-0.9142279964409847
0.32,128,front_wing,front_wing_main_wing,segment_0,front_wing_main_wing:segment_0:mirror:3,mirror,3,-3.669952154159546,3.669952154159546,-3.790801763534546,-3.544379472732544,0.38247162103652954,0.04420951381325722,-2.876521348953247,2.876521348953247,4.625436782836914,3.251963265022473,14.783892783264003,-1.8399174343228142,2.5243146400245275,0.08134185522794724,0.35594406723976135,0.6535887122154236,-0.9250227666644352
0.32,128,front_wing,front_wing_main_wing,segment_0,front_wing_main_wing:segment_0:mirror:2,mirror,2,-3.715639591217041,3.715639591217041,-3.845916271209717,-3.5801455974578857,0.41346287727355957,0.04716254770755768,-2.9419050216674805,2.9419050216674805,4.547989845275879,3.1289788988363747,14.627237383590966,-0.9081177873792466,2.310360151223594,0.04282914847135544,0.33880749344825745,0.6898577809333801,-0.9365384261753722
0.32,128,front_wing,front_wing_main_wing,segment_0,front_wing_main_wing:segment_0:mirror:1,mirror,1,-3.764376163482666,3.764376163482666,-3.9047060012817383,-3.618300437927246,0.4465300440788269,0.05030975863337517,-2.983220100402832,2.983220100402832,4.452216625213623,3.001154269177315,14.194272710773694,0.333328335156002,2.0759474620264426,-0.016769668087363243,0.2979714274406433,0.7141104340553284,-0.9488226296257614
0.32,128,front_wing,front_wing_main_wing,segment_0,front_wing_main_wing:segment_0:mirror:0,mirror,0,-3.8163645267486572,3.8163645267486572,-3.9674181938171387,-3.658998489379883,0.48179852962493896,0.05366948992013931,-2.997929573059082,2.997929573059082,4.31280517578125,2.885533439902483,13.308578716402831,2.1267056362435666,1.8039317636603651,-0.11413920670747757,0.21415792405605316,0.7142646312713623,-0.9619264570334721
0.32,128,front_wing,front_wing_main_wing,segment_0,front_wing_main_wing:segment_0:orig:17,orig,17,3.2625198364257812,3.2625198364257812,3.2254183292388916,3.2993264198303223,0.1060749888420105,0.01788986101746559,0.5716005563735962,0.5716005563735962,5.052203178405762,2.1331865464499833,4.094618527518115,-2.5701491772750114,2.5208926426401335,0.045979611575603485,-0.072315514087677,0.07325215637683868,0.8223281935617784
0.32,128,front_wing,front_wing_main_wing,segment_0,front_wing_main_wing:segment_0:orig:16,orig,16,3.2810068130493164,3.2810068130493164,3.2398874759674072,3.3216235637664795,0.11861644685268402,0.01908458210527897,0.8935735821723938,0.8935735821723938,5.110022068023682,2.9484422787174807,6.018731876387926,-3.2869148289417964,3.3137060781725185,0.06272939592599869,-0.1047527864575386,0.11486498266458511,0.8269878930742587
0.32,128,front_wing,front_wing_main_wing,segment_0,front_wing_main_wing:segment_0:orig:15,orig,15,3.300727367401123,3.300727367401123,3.255328416824341,3.3454108238220215,0.1319870799779892,0.020358851179480553,1.1427617073059082,1.1427617073059082,5.121283531188965,3.3812356053702746,7.432637744937706,-3.6943380534900263,3.6776080717200226,0.07521247863769531,-0.13134439289569855,0.1513199657201767,0.8319585196602182
0.32,128,front_wing,front_wing_main_wing,segment_0,front_wing_main_wing:segment_0:orig:14,orig,14,3.321765661239624,3.321765661239624,3.271798849105835,3.3707902431488037,0.14626091718673706,0.02171584777534008,1.354137897491455,1.354137897491455,5.114866256713867,3.6201812397959094,8.5989134036339,-3.985546472232918,3.839451457486208,0.08654952049255371,-0.15633805096149445,0.1867326945066452,0.8372612865506073
0.32,128,front_wing,front_wing_main_wing,segment_0,front_wing_main_wing:segment_0:orig:13,orig,13,3.344207286834717,3.344207286834717,3.28936505317688,3.397864580154419,0.16148769855499268,0.023168107494711876,1.5422989130020142,1.5422989130020142,5.094958305358887,3.749026140830971,9.60483372182479,-4.184474657796418,3.8842243263871525,0.0969463586807251,-0.18088655173778534,0.22252582013607025,0.8429177675412086
0.32,128,front_wing,front_wing_main_wing,segment_0,front_wing_main_wing:segment_0:orig:12,orig,12,3.3681466579437256,3.3681466579437256,3.308112382888794,3.426740884780884,0.177727609872818,0.024712640792131424,1.7151975631713867,1.7151975631713867,5.068698883056641,3.807963302754028,10.517643643134523,-4.311849905686815,3.864714796563106,0.106557197868824,-0.20540939271450043,0.259918749332428,0.8489517599109356
0.32,128,front_wing,front_wing_main_wing,segment_0,front_wing_main_wing:segment_0:orig:11,orig,11,3.393686056137085,3.393686056137085,3.328101396560669,3.4575469493865967,0.1950540542602539,0.026363791897892952,1.8772802352905273,1.8772802352905273,5.033618450164795,3.8240523494660157,11.318639252228689,-4.369244125651682,3.7895979335841736,0.11518984287977219,-0.2295019030570984,0.29840224981307983,0.8553890440452778
0.32,128,front_wing,front_wing_main_wing,segment_0,front_wing_main_wing:segment_0:orig:10,orig,10,3.420929431915283,3.420929431915283,3.349428415298462,3.4904117584228516,0.21353460848331451,0.028123335912823677,2.031158208847046,2.031158208847046,4.995467185974121,3.808284318134767,12.052880396004902,-4.358337570480868,3.68617943758708,0.12257099151611328,-0.2536221146583557,0.3389672040939331,0.8622558209886952
0.32,128,front_wing,front_wing_main_wing,segment_0,front_wing_main_wing:segment_0:orig:9,orig,9,3.449990749359131,3.449990749359131,3.372182846069336,3.525467872619629,0.23324912786483765,0.029999718070030212,2.178091049194336,2.178091049194336,4.954167366027832,3.7697740728526345,12.74116688116262,-4.2640455940080875,3.56732825584779,0.12792016565799713,-0.2770315408706665,0.3822314143180847,0.8695808157394722
0.32,128,front_wing,front_wing_main_wing,segment_0,front_wing_main_wing:segment_0:orig:8,orig,8,3.4809927940368652,3.4809927940368652,3.3964521884918213,3.5628609657287598,0.2542792856693268,0.0320030152797699,2.3182694911956787,2.3182694911956787,4.9093523025512695,3.7141439685499984,13.308924116467677,-4.135614796576408,3.4181086584634053,0.13235214352607727,-0.2999040484428406,0.42592570185661316,0.8773949767790239
0.32,128,front_wing,front_wing_main_wing,segment_0,front_wing_main_wing:segment_0:orig:7,orig,7,3.514063835144043,3.514063835144043,3.422339916229248,3.6027579307556152,0.27671289443969727,0.03413986414670944,2.451219081878662,2.451219081878662,4.862058639526367,3.643867150497388,13.835852188098446,-3.8899038120543192,3.26535508586084,0.13280078768730164,-0.32064294815063477,0.47235411405563354,0.8857306347539547
0.32,128,front_wing,front_wing_main_wing,segment_0,front_wing_main_wing:segment_0:orig:6,orig,6,3.549344062805176,3.549344062805176,3.449962615966797,3.6453123092651367,0.30064839124679565,0.03641965240240097,2.575756072998047,2.575756072998047,4.8112897872924805,3.561347303718864,14.260257687806238,-3.5695515881937654,3.097578972073752,0.13000182807445526,-0.338838130235672,0.5193536281585693,0.8946231250178028
0.32,128,front_wing,front_wing_main_wing,segment_0,front_wing_main_wing:segment_0:orig:5,orig,5,3.586977481842041,3.586977481842041,3.479419708251953,3.6907119750976562,0.32618165016174316,0.03885052353143692,2.6899285316467285,2.6899285316467285,4.755200386047363,3.468505508830889,14.575682975067835,-3.1217385451024455,2.9182553239131606,0.12128117680549622,-0.3519434928894043,0.5662729144096375,0.904108744430325
0.32,128,front_wing,front_wing_main_wing,segment_0,front_wing_main_wing:segment_0:orig:4,orig,4,3.627124786376953,3.627124786376953,3.5108509063720703,3.7391445636749268,0.35341954231262207,0.041443824768066406,2.7912535667419434,2.7912535667419434,4.693240165710449,3.365626726622219,14.766074798076259,-2.553941072496951,2.728527920510297,0.10584508627653122,-0.35876134037971497,0.611962616443634,0.9142279964409847
0.32,128,front_wing,front_wing_main_wing,segment_0,front_wing_main_wing:segment_0:orig:3,orig,3,3.669952154159546,3.669952154159546,3.544379472732544,3.790801763534546,0.38247162103652954,0.04420951381325722,2.8765206336975098,2.8765206336975098,4.625438690185547,3.251961115430806,14.78389952441988,-1.8399371522037555,2.52431579106091,0.08134272694587708,-0.35594481229782104,0.6535890102386475,0.9250227666644352
0.32,128,front_wing,front_wing_main_wing,segment_0,front_wing_main_wing:segment_0:orig:2,orig,2,3.715639591217041,3.715639591217041,3.5801455974578857,3.845916271209717,0.41346287727355957,0.04716254770755768,2.941904067993164,2.941904067993164,4.5479888916015625,3.128978540638375,14.627234855964803,-0.9081260811525975,2.310359751987114,0.04282953962683678,-0.33880770206451416,0.6898576617240906,0.9365384261753722
0.32,128,front_wing,front_wing_main_wing,segment_0,front_wing_main_wing:segment_0:orig:1,orig,1,3.764376163482666,3.764376163482666,3.618300437927246,3.9047060012817383,0.4465300440788269,0.05030975863337517,2.983219623565674,2.983219623565674,4.452217102050781,3.001153468046821,14.194264417501676,0.3333445144411412,2.075946249114915,-0.016770482063293457,-0.29797083139419556,0.7141100168228149,0.9488226296257614
0.32,128,front_wing,front_wing_main_wing,segment_0,front_wing_main_wing:segment_0:orig:0,orig,0,3.8163645267486572,3.8163645267486572,3.658998489379883,3.9674181938171387,0.48179852962493896,0.05366948992013931,2.9979281425476074,2.9979281425476074,4.312808036804199,2.88553014882353,13.308588711687,2.1266791209758398,1.8039331184865253,-0.11413778364658356,-0.21415884792804718,0.7142651677131653,0.9619264570334721
0.4,160,front_wing,front_wing_main_wing,segment_0,front_wing_main_wing:segment_0:mirror:17,mirror,17,-3.31490159034729,3.31490159034729,-3.351707935333252,-3.2778000831604004,0.10607448220252991,0.01789015531539917,-0.9474368095397949,0.9474368095397949,5.189141273498535,3.4424990934408672,7.43920812135387,-9.3352382332657,4.580044383992214,0.16700886189937592,0.19933415949344635,0.1330885887145996,-0.8246429832211485
0.4,160,front_wing,front_wing_main_wing,segment_0,front_wing_main_wing:segment_0:mirror:16,mirror,16,-3.3333888053894043,3.3333888053894043,-3.37400484085083,-3.2922704219818115,0.11861532181501389,0.019084449857473373,-1.4821735620498657,1.4821735620498657,5.315267562866211,4.701788997814984,10.748930058366842,-12.51485171706966,5.918046099322469,0.2388390600681305,0.2890379726886749,0.20513741672039032,-0.8292420193458326
0.4,160,front_wing,front_wing_main_wing,segment_0,front_wing_main_wing:segment_0:mirror:15,mirror,15,-3.35310959815979,3.35310959815979,-3.3977930545806885,-3.3077096939086914,0.13198909163475037,0.020358916372060776,-1.8967843055725098,1.8967843055725098,5.337954998016357,5.3843712303459625,13.138212881663588,-14.562063876758788,6.500580681205215,0.2964678406715393,0.3629125654697418,0.2674797773361206,-0.8341479307095402
0.4,160,front_wing,front_wing_main_wing,segment_0,front_wing_main_wing:segment_0:mirror:14,mirror,14,-3.374147653579712,3.374147653579712,-3.4231722354888916,-3.3241794109344482,0.14626285433769226,0.021715983748435974,-2.2492122650146484,2.2492122650146484,5.32718563079834,5.773359001128819,15.084041761159925,-16.141911091135533,6.734999687654628,0.3505374789237976,0.43216219544410706,0.3275648057460785,-0.8393815354817526
0.4,160,front_wing,front_wing_main_wing,segment_0,front_wing_main_wing:segment_0:mirror:13,mirror,13,-3.3965885639190674,3.3965885639190674,-3.4502463340759277,-3.3417470455169678,0.16148841381072998,0.023168589919805527,-2.563683032989502,2.563683032989502,5.289508819580078,6.002575211609819,16.770112124073705,-17.359554841716978,6.781854933205773,0.40219640731811523,0.5003823637962341,0.3885398507118225,-0.8449641263201447
0.4,160,front_wing,front_wing_main_wing,segment_0,front_wing_main_wing:segment_0:mirror:12,mirror,12,-3.4205288887023926,3.4205288887023926,-3.479124069213867,-3.3604934215545654,0.17772960662841797,0.024711938574910164,-2.853317975997925,2.853317975997925,5.236937046051025,6.131165442969008,18.210233855559167,-18.350660403263074,6.691286750451558,0.45348039269447327,0.5681195855140686,0.45001018047332764,-0.850919724189503
0.4,160,front_wing,front_wing_main_wing,segment_0,front_wing_main_wing:segment_0:mirror:11,mirror,11,-3.446068286895752,3.446068286895752,-3.5099291801452637,-3.3804829120635986,0.1950562596321106,0.02636396512389183,-3.12554931640625,3.12554931640625,5.174919128417969,6.192883244595214,19.53261759923629,-19.097309136906862,6.539649222694449,0.5034807920455933,0.635897159576416,0.5149572491645813,-0.8572731210979277
0.4,160,front_wing,front_wing_main_wing,segment_0,front_wing_main_wing:segment_0:mirror:10,mirror,10,-3.473311424255371,3.473311424255371,-3.542792797088623,-3.4018096923828125,0.21353347599506378,0.02812345325946808,-3.3846781253814697,3.3846781253814697,5.105745792388916,6.209007900084488,20.706366073183695,-19.630049387151075,6.332742310999474,0.5520647764205933,0.7038440704345703,0.5823345184326172,-0.8640503545850269
0.4,160,front_wing,front_wing_main_wing,segment_0,front_wing_main_wing:segment_0:mirror:9,mirror,9,-3.5023727416992188,3.5023727416992188,-3.577849864959717,-3.4245657920837402,0.23324692249298096,0.0299996268004179,-3.6328577995300293,3.6328577995300293,5.026895523071289,6.196730558748021,21.731190014707007,-19.90242921130836,6.084452222966437,0.5970654487609863,0.7689056396484375,0.6519275903701782,-0.871279893942399
0.4,160,front_wing,front_wing_main_wing,segment_0,front_wing_main_wing:segment_0:mirror:8,mirror,8,-3.5333750247955322,3.5333750247955322,-3.615243911743164,-3.4488344192504883,0.25428083539009094,0.03200322389602661,-3.8703970909118652,3.8703970909118652,4.942829132080078,6.158802721983658,22.637254737626296,-19.9334897797644,5.813852733086372,0.6379359364509583,0.8315955400466919,0.7244651317596436,-0.8789922843474886
0.4,160,front_wing,front_wing_main_wing,segment_0,front_wing_main_wing:segment_0:mirror:7,mirror,7,-3.566445827484131,3.566445827484131,-3.6551401615142822,-3.4747207164764404,0.2767145037651062,0.03413977846503258,-4.096452236175537,4.096452236175537,4.854783535003662,6.098683531011736,23.353890362052773,-19.74516186513205,5.511644683933566,0.6740954518318176,0.8903672099113464,0.7972966432571411,-0.8872192571982231
0.4,160,front_wing,front_wing_main_wing,segment_0,front_wing_main_wing:segment_0:mirror:6,mirror,6,-3.6017258167266846,3.6017258167266846,-3.6976940631866455,-3.502344846725464,0.3006489872932434,0.03641892969608307,-4.309114456176758,4.309114456176758,4.7565107345581055,6.026564359312213,23.910024128152116,-19.22724774992809,5.193667796885507,0.7002357840538025,0.9404095411300659,0.8707774877548218,-0.8959958059988593
0.4,160,front_wing,front_wing_main_wing,segment_0,front_wing_main_wing:segment_0:mirror:5,mirror,5,-3.6393587589263916,3.6393587589263916,-3.743093490600586,-3.5318002700805664,0.32618147134780884,0.038851384073495865,-4.505019187927246,4.505019187927246,4.652031421661377,5.937788357794975,24.241727729047092,-18.365580349347866,4.853535159144189,0.7135282158851624,0.978398859500885,0.9418246746063232,-0.905357695296968
0.4,160,front_wing,front_wing_main_wing,segment_0,front_wing_main_wing:segment_0:mirror:4,mirror,4,-3.679506778717041,3.679506778717041,-3.791527032852173,-3.5632336139678955,0.35341811180114746,0.04144349694252014,-4.679952621459961,4.679952621459961,4.532939910888672,5.842553363930628,24.30421404085824,-17.063834438481447,4.491037457275397,0.7071849703788757,0.9965305924415588,1.0072516202926636,-0.9153452565889802
0.4,160,front_wing,front_wing_main_wing,segment_0,front_wing_main_wing:segment_0:mirror:3,mirror,3,-3.722334146499634,3.722334146499634,-3.843184471130371,-3.5967624187469482,0.38247090578079224,0.044209495186805725,-4.828329563140869,4.828329563140869,4.40128231048584,5.736530020720682,24.058691224258464,-15.277455644018284,4.107972165480511,0.6754086017608643,0.9886234402656555,1.0636225938796997,-0.9259993551705453
0.4,160,front_wing,front_wing_main_wing,segment_0,front_wing_main_wing:segment_0:mirror:2,mirror,2,-3.768021583557129,3.768021583557129,-3.8982996940612793,-3.632528781890869,0.41346365213394165,0.04716302827000618,-4.943291187286377,4.943291187286377,4.249611854553223,5.626775501901031,23.455348240541305,-12.82602771245291,3.7047460795514584,0.6049143075942993,0.9413401484489441,1.1062252521514893,-0.937364948797979
0.4,160,front_wing,front_wing_main_wing,segment_0,front_wing_main_wing:segment_0:mirror:1,mirror,1,-3.8167576789855957,3.8167576789855957,-3.957087278366089,-3.670682430267334,0.4465310275554657,0.05030939728021622,-5.017103672027588,5.017103672027588,4.055772304534912,5.5406136052278825,22.259233254837937,-9.395026637144381,3.25546070229191,0.4726581275463104,0.8273088932037354,1.119848608970642,-0.9494889524913952
0.4,160,front_wing,front_wing_main_wing,segment_0,front_wing_main_wing:segment_0:mirror:0,mirror,0,-3.868746757507324,3.868746757507324,-4.019802093505859,-3.7113797664642334,0.48179978132247925,0.05366922914981842,-5.043661594390869,5.043661594390869,3.7658019065856934,5.559706504986759,20.146430513973893,-4.243946646024454,2.730771804096815,0.22776934504508972,0.5940629839897156,1.0812433958053589,-0.962422195798502
0.4,160,front_wing,front_wing_main_wing,segment_0,front_wing_main_wing:segment_0:orig:17,orig,17,3.31490159034729,3.31490159034729,3.2778000831604004,3.351707935333252,0.10607448220252991,0.01789015531539917,0.9474368691444397,0.9474368691444397,5.189140319824219,3.442499942685437,7.43920562257827,-9.3352365674153,4.580042845588803,0.16700883209705353,-0.19933412969112396,0.13308854401111603,0.8246429832211485
0.4,160,front_wing,front_wing_main_wing,segment_0,front_wing_main_wing:segment_0:orig:16,orig,16,3.3333888053894043,3.3333888053894043,3.2922704219818115,3.37400484085083,0.11861532181501389,0.019084449857473373,1.4821739196777344,1.4821739196777344,5.315264701843262,4.701792663102113,10.74892537355969,-12.5148384434494,5.918043520004849,0.2388388067483902,-0.2890377938747406,0.20513732731342316,0.8292420193458326
0.4,160,front_wing,front_wing_main_wing,segment_0,front_wing_main_wing:segment_0:orig:15,orig,15,3.35310959815979,3.35310959815979,3.3077096939086914,3.3977930545806885,0.13198909163475037,0.020358916372060776,1.8967835903167725,1.8967835903167725,5.337961196899414,5.384362947185079,13.138218737048392,-14.562077051374597,6.500583578357338,0.2964681088924408,-0.36291271448135376,0.26747989654541016,0.8341479307095402
0.4,160,front_wing,front_wing_main_wing,segment_0,front_wing_main_wing:segment_0:orig:14,orig,14,3.374147653579712,3.374147653579712,3.3241794109344482,3.4231722354888916,0.14626285433769226,0.021715983748435974,2.249211549758911,2.249211549758911,5.327188968658447,5.773353547768655,15.084048623000202,-16.14192344244803,6.7350027514549575,0.3505377471446991,-0.4321623742580414,0.32756495475769043,0.8393815354817526
0.4,160,front_wing,front_wing_main_wing,segment_0,front_wing_main_wing:segment_0:orig:13,orig,13,3.3965885639190674,3.3965885639190674,3.3417470455169678,3.4502463340759277,0.16148841381072998,0.023168589919805527,2.56368350982666,2.56368350982666,5.289504051208496,6.002581739260902,16.770101833478552,-17.359527828904707,6.781850771675845,0.4021957814693451,-0.5003818869590759,0.3885396122932434,0.8449641263201447
0.4,160,front_wing,front_wing_main_wing,segment_0,front_wing_main_wing:segment_0:orig:12,orig,12,3.4205288887023926,3.4205288887023926,3.3604934215545654,3.479124069213867,0.17772960662841797,0.024711938574910164,2.8533177375793457,2.8533177375793457,5.236937999725342,6.131163814141056,18.21023988550342,-18.350666433207326,6.691288966133487,0.4534805417060852,-0.5681196451187134,0.4500103294849396,0.850919724189503
0.4,160,front_wing,front_wing_main_wing,segment_0,front_wing_main_wing:segment_0:orig:11,orig,11,3.446068286895752,3.446068286895752,3.3804829120635986,3.5099291801452637,0.1950562596321106,0.02636396512389183,3.12554931640625,3.12554931640625,5.17492151260376,6.19288039141489,19.532619860073932,-19.09732270193272,6.539649979637806,0.5034811496734619,-0.6358974575996399,0.5149573087692261,0.8572731210979277
0.4,160,front_wing,front_wing_main_wing,segment_0,front_wing_main_wing:segment_0:orig:10,orig,10,3.473311424255371,3.473311424255371,3.4018096923828125,3.542792797088623,0.21353347599506378,0.02812345325946808,3.3846774101257324,3.3846774101257324,5.105746269226074,6.20900600811362,20.706370311969323,-19.63006422290078,6.332743607370697,0.5520651936531067,-0.7038443088531494,0.5823346376419067,0.8640503545850269
0.4,160,front_wing,front_wing_main_wing,segment_0,front_wing_main_wing:segment_0:orig:9,orig,9,3.5023727416992188,3.5023727416992188,3.4245657920837402,3.577849864959717,0.23324692249298096,0.0299996268004179,3.63285756111145,3.63285756111145,5.026893138885498,6.1967330910899046,21.731186041014592,-19.902417290231107,6.08445111038394,0.5970650911331177,-0.7689054012298584,0.6519274711608887,0.871279893942399
0.4,160,front_wing,front_wing_main_wing,segment_0,front_wing_main_wing:segment_0:orig:8,orig,8,3.5333750247955322,3.5333750247955322,3.4488344192504883,3.615243911743164,0.25428083539009094,0.03200322389602661,3.8703970909118652,3.8703970909118652,4.94282341003418,6.158809851704656,22.637232388136145,-19.933426456208966,5.813846993139284,0.6379339098930359,-0.831593930721283,0.7244644165039062,0.8789922843474886
0.4,160,front_wing,front_wing_main_wing,segment_0,front_wing_main_wing:segment_0:orig:7,orig,7,3.566445827484131,3.566445827484131,3.4747207164764404,3.6551401615142822,0.2767145037651062,0.03413977846503258,4.0964508056640625,4.0964508056640625,4.854787349700928,6.098676609206915,23.353893853853098,-19.745186307734325,5.511645508017366,0.6740962862968445,-0.8903677463531494,0.7972967624664307,0.8872192571982231
0.4,160,front_wing,front_wing_main_wing,segment_0,front_wing_main_wing:segment_0:orig:6,orig,6,3.6017258167266846,3.6017258167266846,3.502344846725464,3.6976940631866455,0.3006489872932434,0.03641892969608307,4.309112548828125,4.309112548828125,4.7565107345581055,6.026561691766617,23.91001430831744,-19.227262479680103,5.1936656638488,0.7002363204956055,-0.9404096603393555,0.8707771301269531,0.8959958059988593
0.4,160,front_wing,front_wing_main_wing,segment_0,front_wing_main_wing:segment_0:orig:5,orig,5,3.6393587589263916,3.6393587589263916,3.5318002700805664,3.743093490600586,0.32618147134780884,0.038851384073495865,4.505016803741455,4.505016803741455,4.652039051055908,5.937775477314315,24.241753809944473,-18.365669331233054,4.8535403809070035,0.7135316729545593,-0.9784014225006104,0.9418256878852844,0.905357695296968
0.4,160,front_wing,front_wing_main_wing,segment_0,front_wing_main_wing:segment_0:orig:4,orig,4,3.679506778717041,3.679506778717041,3.5632336139678955,3.791527032852173,0.35341811180114746,0.04144349694252014,4.679952621459961,4.679952621459961,4.532937526702881,5.842556436934091,24.30421404085824,-17.063824370978843,4.491037457275397,0.7071845531463623,-0.9965304136276245,1.0072516202926636,0.9153452565889802
0.4,160,front_wing,front_wing_main_wing,segment_0,front_wing_main_wing:segment_0:orig:3,orig,3,3.722334146499634,3.722334146499634,3.5967624187469482,3.843184471130371,0.38247090578079224,0.044209495186805725,4.828331470489502,4.828331470489502,4.401276588439941,5.736539744833813,24.058669652550567,-15.277392277126339,4.107968482155647,0.6754058003425598,-0.9886214733123779,1.0636216402053833,0.9259993551705453
0.4,160,front_wing,front_wing_main_wing,segment_0,front_wing_main_wing:segment_0:orig:2,orig,2,3.768021583557129,3.768021583557129,3.632528781890869,3.8982996940612793,0.41346365213394165,0.04716302827000618,4.943291664123535,4.943291664123535,4.249609470367432,5.626779201494525,23.455343185340485,-12.825991062246977,3.70474528108813,0.6049125790596008,-0.9413386583328247,1.1062250137329102,0.937364948797979
0.4,160,front_wing,front_wing_main_wing,segment_0,front_wing_main_wing:segment_0:orig:1,orig,1,3.8167576789855957,3.8167576789855957,3.670682430267334,3.957087278366089,0.4465310275554657,0.05030939728021622,5.017102241516113,5.017102241516113,4.0557756423950195,5.540607465584999,22.259254580547726,-9.395079951418849,3.2554638212227993,0.4726608097553253,-0.8273110389709473,1.119849681854248,0.9494889524913952
0.4,160,front_wing,front_wing_main_wing,segment_0,front_wing_main_wing:segment_0:orig:0,orig,0,3.868746757507324,3.868746757507324,3.7113797664642334,4.019802093505859,0.48179978132247925,0.05366922914981842,5.043661117553711,5.043661117553711,3.7658004760742188,5.559708091322611,20.146406080938316,-4.243881676361677,2.730768492292047,0.22776585817337036,-0.5940605998039246,1.0812420845031738,0.962422195798502
0.48,192,front_wing,front_wing_main_wing,segment_0,front_wing_main_wing:segment_0:mirror:17,mirror,17,-3.354989528656006,3.354989528656006,-3.391796588897705,-3.317887306213379,0.10607723891735077,0.017890386283397675,-1.1429179906845093,1.1429179906845093,5.297550678253174,4.0676889687751085,7.9050660771853485,-15.147970166670346,4.866729361292789,0.27100303769111633,0.2904784679412842,0.14142468571662903,-0.8263745321642441
0.48,192,front_wing,front_wing_main_wing,segment_0,front_wing_main_wing:segment_0:mirror:16,mirror,16,-3.373476028442383,3.373476028442383,-3.414092779159546,-3.332357168197632,0.11861737072467804,0.019084196537733078,-1.788488507270813,1.788488507270813,5.467799663543701,5.5151237567833515,11.423910206671058,-20.53077773711051,6.289561758493722,0.39181339740753174,0.4213786721229553,0.2180161476135254,-0.8309279808357938
0.48,192,front_wing,front_wing_main_wing,segment_0,front_wing_main_wing:segment_0:mirror:15,mirror,15,-3.3931968212127686,3.3931968212127686,-3.4378795623779297,-3.347797155380249,0.13198861479759216,0.02035912498831749,-2.289588212966919,2.289588212966919,5.497352123260498,6.310987928079064,13.962112754891896,-24.068479487424867,6.908258311640859,0.4900131821632385,0.529115617275238,0.2842563986778259,-0.8357854508100931
0.48,192,front_wing,front_wing_main_wing,segment_0,front_wing_main_wing:segment_0:mirror:14,mirror,14,-3.4142346382141113,3.4142346382141113,-3.4632582664489746,-3.3642666339874268,0.14626064896583557,0.021716639399528503,-2.7160158157348633,2.7160158157348633,5.482817649841309,6.77377851140655,16.064392309756077,-26.814479967119055,7.172832738451967,0.5823203921318054,0.6301370859146118,0.3488646149635315,-0.8409673197947055
0.48,192,front_wing,front_wing_main_wing,segment_0,front_wing_main_wing:segment_0:mirror:13,mirror,13,-3.436675786972046,3.436675786972046,-3.4903337955474854,-3.381834030151367,0.16148772835731506,0.023167800158262253,-3.096971035003662,3.096971035003662,5.435110092163086,7.056986203471064,17.84572875092518,-29.022371390912998,7.21686631457531,0.67238450050354,0.7300793528556824,0.4134462773799896,-0.8464948463779242
0.48,192,front_wing,front_wing_main_wing,segment_0,front_wing_main_wing:segment_0:mirror:12,mirror,12,-3.4606165885925293,3.4606165885925293,-3.5192112922668457,-3.4005801677703857,0.17772963643074036,0.024712245911359787,-3.4482502937316895,3.4482502937316895,5.372509002685547,7.222570224466407,19.437220845318326,-30.82096278017976,7.142137631541709,0.7616552114486694,0.8297460079193115,0.48033738136291504,-0.8523917556140878
0.48,192,front_wing,front_wing_main_wing,segment_0,front_wing_main_wing:segment_0:mirror:11,mirror,11,-3.4861550331115723,3.4861550331115723,-3.5500144958496094,-3.4205708503723145,0.19505371153354645,0.026363588869571686,-3.7788920402526855,3.7788920402526855,5.292686462402344,7.32089359189847,20.830882126438585,-32.23563916629292,6.974407860142112,0.849847137928009,0.9283893704414368,0.549176812171936,-0.8586821836352092
0.48,192,front_wing,front_wing_main_wing,segment_0,front_wing_main_wing:segment_0:mirror:10,mirror,10,-3.5133988857269287,3.5133988857269287,-3.5828802585601807,-3.441897392272949,0.21353131532669067,0.028123363852500916,-4.094081878662109,4.094081878662109,5.2035627365112305,7.369264580822535,22.072541748197317,-33.29371963628984,6.75063567122517,0.9363313913345337,1.0272115468978882,0.6207541227340698,-0.8653926743139642
0.48,192,front_wing,front_wing_main_wing,segment_0,front_wing_main_wing:segment_0:mirror:9,mirror,9,-3.5424599647521973,3.5424599647521973,-3.6179370880126953,-3.464653253555298,0.23324577510356903,0.029999904334545135,-4.396427154541016,4.396427154541016,5.107154846191406,7.381371535708919,23.203001898165635,-33.988870287213345,6.496572477990939,1.019662857055664,1.1232342720031738,0.6960878372192383,-0.8725507698545232
0.48,192,front_wing,front_wing_main_wing,segment_0,front_wing_main_wing:segment_0:mirror:8,mirror,8,-3.57346248626709,3.57346248626709,-3.6553304195404053,-3.488922119140625,0.2542800307273865,0.032003745436668396,-4.686296463012695,4.686296463012695,5.000516891479492,7.371105058220703,24.153039364726094,-34.28702330594789,6.203166413641398,1.0973131656646729,1.2149560451507568,0.7729877233505249,-0.8801870661809216
0.48,192,front_wing,front_wing_main_wing,segment_0,front_wing_main_wing:segment_0:mirror:7,mirror,7,-3.6065335273742676,3.6065335273742676,-3.6952261924743652,-3.5148069858551025,0.2767118215560913,0.03413918614387512,-4.962635040283203,4.962635040283203,4.8863654136657715,7.340551309910033,24.945491178249895,-34.17951831524695,5.887328167895059,1.1668609380722046,1.2994929552078247,0.851618766784668,-0.8883328639217797
0.48,192,front_wing,front_wing_main_wing,segment_0,front_wing_main_wing:segment_0:mirror:6,mirror,6,-3.641813278198242,3.641813278198242,-3.7377820014953613,-3.542433738708496,0.3006470203399658,0.036418769508600235,-5.223201751708984,5.223201751708984,4.763524055480957,7.29426488347176,25.52411296582918,-33.60383809926444,5.544311880633812,1.2238104343414307,1.3722233772277832,0.9295567870140076,-0.8970226936017287
0.48,192,front_wing,front_wing_main_wing,segment_0,front_wing_main_wing:segment_0:mirror:5,mirror,5,-3.6794464588165283,3.6794464588165283,-3.7831807136535645,-3.5718870162963867,0.3261817991733551,0.03885137289762497,-5.46384334564209,5.46384334564209,4.6305108070373535,7.235017880848775,25.914744973816497,-32.466283622553306,5.188491549139708,1.261359691619873,1.4274235963821411,1.0068234205245972,-0.9062922015276585
0.48,192,front_wing,front_wing_main_wing,segment_0,front_wing_main_wing:segment_0:mirror:4,mirror,4,-3.7195944786071777,3.7195944786071777,-3.831615686416626,-3.603321075439453,0.35341912508010864,0.04144418239593506,-5.67941427230835,5.67941427230835,4.481241226196289,7.172080806482087,26.011781659614737,-30.68106966884217,4.806555383197994,1.2715518474578857,1.454891562461853,1.0780370235443115,-0.9161811447832011
0.48,192,front_wing,front_wing_main_wing,segment_0,front_wing_main_wing:segment_0:mirror:3,mirror,3,-3.7624216079711914,3.7624216079711914,-3.883272171020508,-3.6368489265441895,0.38247495889663696,0.04420944303274155,-5.862978458404541,5.862978458404541,4.318094253540039,7.099915334532998,25.81870070416542,-28.077905640856592,4.408443456073297,1.241308569908142,1.4432401657104492,1.141430377960205,-0.9267299851565725
0.48,192,front_wing,front_wing_main_wing,segment_0,front_wing_main_wing:segment_0:mirror:2,mirror,2,-3.8081088066101074,3.8081088066101074,-3.938387393951416,-3.6726136207580566,0.41346681118011475,0.04716220870614052,-6.005913257598877,6.005913257598877,4.121849060058594,7.048169055359986,25.118339173376576,-24.446332068168356,3.9673833290018217,1.1529430150985718,1.3720091581344604,1.1846363544464111,-0.9379832952127304
0.48,192,front_wing,front_wing_main_wing,segment_0,front_wing_main_wing:segment_0:mirror:1,mirror,1,-3.856844902038574,3.856844902038574,-3.997173547744751,-3.7107694149017334,0.446531742811203,0.0503099299967289,-6.098383903503418,6.098383903503418,3.8782010078430176,7.043071609030159,23.88063001107222,-19.281540594428613,3.4925878680953018,0.97005295753479,1.2051258087158203,1.2014328241348267,-0.9499875854542397
0.48,192,front_wing,front_wing_main_wing,segment_0,front_wing_main_wing:segment_0:mirror:0,mirror,0,-3.908834457397461,3.908834457397461,-4.059889793395996,-3.7514655590057373,0.4817984998226166,0.05366931110620499,-6.1316633224487305,6.1316633224487305,3.507530927658081,7.256736334149245,21.632812295017903,-11.452237167227075,2.9322529837149003,0.6146336793899536,0.8634933233261108,1.1610181331634521,-0.9627932422588789
0.48,192,front_wing,front_wing_main_wing,segment_0,front_wing_main_wing:segment_0:orig:17,orig,17,3.354989528656006,3.354989528656006,3.317887306213379,3.391796588897705,0.10607723891735077,0.017890386283397675,1.142918586730957,1.142918586730957,5.297550678253174,4.06769109012728,7.905069408843136,-15.1479818274726,4.866731412417551,0.27100324630737305,-0.2904787063598633,0.1414247453212738,0.8263745321642441
0.48,192,front_wing,front_wing_main_wing,segment_0,front_wing_main_wing:segment_0:orig:16,orig,16,3.373476028442383,3.373476028442383,3.332357168197632,3.414092779159546,0.11861737072467804,0.019084196537733078,1.7884889841079712,1.7884889841079712,5.467796802520752,5.5151281129834295,11.423910206671058,-20.53077929873362,6.289561758493722,0.3918134272098541,-0.42137882113456726,0.2180161476135254,0.8309279808357938
0.48,192,front_wing,front_wing_main_wing,segment_0,front_wing_main_wing:segment_0:orig:15,orig,15,3.3931968212127686,3.3931968212127686,3.347797155380249,3.4378795623779297,0.13198861479759216,0.02035912498831749,2.2895891666412354,2.2895891666412354,5.497345447540283,6.310998220546127,13.962109827229492,-24.068454602294445,6.908256863074407,0.49001267552375793,-0.5291153192520142,0.28425633907318115,0.8357854508100931
0.48,192,front_wing,front_wing_main_wing,segment_0,front_wing_main_wing:segment_0:orig:14,orig,14,3.4142346382141113,3.4142346382141113,3.3642666339874268,3.4632582664489746,0.14626064896583557,0.021716639399528503,2.716015338897705,2.716015338897705,5.482823848724365,6.7737696637328995,16.06440054371581,-26.81450466899825,7.172836414956798,0.5823209285736084,-0.6301374435424805,0.3488647937774658,0.8409673197947055
0.48,192,front_wing,front_wing_main_wing,segment_0,front_wing_main_wing:segment_0:orig:13,orig,13,3.436675786972046,3.436675786972046,3.381834030151367,3.4903337955474854,0.16148772835731506,0.023167800158262253,3.096970796585083,3.096970796585083,5.435114860534668,7.05697946891074,17.845735182766397,-29.022386827331918,7.21686891563122,0.6723848581314087,-0.7300796508789062,0.41344642639160156,0.8464948463779242
0.48,192,front_wing,front_wing_main_wing,segment_0,front_wing_main_wing:segment_0:orig:12,orig,12,3.4606165885925293,3.4606165885925293,3.4005801677703857,3.5192112922668457,0.17772963643074036,0.024712245911359787,3.4482502937316895,3.4482502937316895,5.372514724731445,7.2225625320019935,19.437234111030698,-30.82099654744761,7.142142505980513,0.7616560459136963,-0.8297467231750488,0.4803377091884613,0.8523917556140878
0.48,192,front_wing,front_wing_main_wing,segment_0,front_wing_main_wing:segment_0:orig:11,orig,11,3.4861550331115723,3.4861550331115723,3.4205708503723145,3.5500144958496094,0.19505371153354645,0.026363588869571686,3.778892993927002,3.778892993927002,5.292689800262451,7.3208908225056595,20.83089116991822,-32.23566177499201,6.974410887998305,0.8498477339744568,-0.9283900260925293,0.5491770505905151,0.8586821836352092
0.48,192,front_wing,front_wing_main_wing,segment_0,front_wing_main_wing:segment_0:orig:10,orig,10,3.5133988857269287,3.5133988857269287,3.441897392272949,3.5828802585601807,0.21353131532669067,0.028123363852500916,4.094083309173584,4.094083309173584,5.203561782836914,7.369268506304702,22.07254386759687,-33.293725994488504,6.7506363194194,0.936331570148468,-1.027212142944336,0.6207541823387146,0.8653926743139642
0.48,192,front_wing,front_wing_main_wing,segment_0,front_wing_main_wing:segment_0:orig:9,orig,9,3.5424599647521973,3.5424599647521973,3.464653253555298,3.6179370880126953,0.23324577510356903,0.029999904334545135,4.396429061889648,4.396429061889648,5.107148170471191,7.3813843864836945,23.20299792450998,-33.988830550656786,6.496571365413261,1.0196616649627686,-1.123233675956726,0.6960877180099487,0.8725507698545232
0.48,192,front_wing,front_wing_main_wing,segment_0,front_wing_main_wing:segment_0:orig:8,orig,8,3.57346248626709,3.57346248626709,3.488922119140625,3.6553304195404053,0.2542800307273865,0.032003745436668396,4.68629789352417,4.68629789352417,5.000509262084961,7.371118554552858,24.153024465308803,-34.286959983424396,6.203162587060257,1.0973111391067505,-1.2149548530578613,0.7729872465133667,0.8801870661809216
0.48,192,front_wing,front_wing_main_wing,segment_0,front_wing_main_wing:segment_0:orig:7,orig,7,3.6065335273742676,3.6065335273742676,3.5148069858551025,3.6952261924743652,0.2767118215560913,0.03413918614387512,4.962635040283203,4.962635040283203,4.8863677978515625,7.340547728264349,24.94549641604126,-34.17953228269058,5.887329404054188,1.1668614149093628,-1.2994931936264038,0.8516189455986023,0.8883328639217797
0.48,192,front_wing,front_wing_main_wing,segment_0,front_wing_main_wing:segment_0:orig:6,orig,6,3.641813278198242,3.641813278198242,3.542433738708496,3.7377820014953613,0.3006470203399658,0.036418769508600235,5.22320032119751,5.22320032119751,4.76352596282959,7.294259965071914,25.524119512414423,-33.60385119243493,5.5443133026738405,1.2238109111785889,-1.3722234964370728,0.9295570254325867,0.8970226936017287
0.48,192,front_wing,front_wing_main_wing,segment_0,front_wing_main_wing:segment_0:orig:5,orig,5,3.6794464588165283,3.6794464588165283,3.5718870162963867,3.7831807136535645,0.3261817991733551,0.03885137289762497,5.46384334564209,5.46384334564209,4.630513668060303,7.235013410599106,25.91475417884175,-32.46632044265432,5.188493392113497,1.2613611221313477,-1.4274247884750366,1.0068237781524658,0.9062922015276585
0.48,192,front_wing,front_wing_main_wing,segment_0,front_wing_main_wing:segment_0:orig:4,orig,4,3.7195944786071777,3.7195944786071777,3.603321075439453,3.831615686416626,0.35341912508010864,0.04144418239593506,5.679414749145508,5.679414749145508,4.4812421798706055,7.172079882317305,26.011787412378222,-30.681072545223913,4.806556446215386,1.2715519666671753,-1.4548916816711426,1.0780372619628906,0.9161811447832011
0.48,192,front_wing,front_wing_main_wing,segment_0,front_wing_main_wing:segment_0:orig:3,orig,3,3.7624216079711914,3.7624216079711914,3.6368489265441895,3.883272171020508,0.38247495889663696,0.04420944303274155,5.862978458404541,5.862978458404541,4.318092346191406,7.09991847064328,25.818692614765414,-28.077902944389926,4.4084420748394795,1.2413084506988525,-1.4432404041290283,1.1414300203323364,0.9267299851565725
0.48,192,front_wing,front_wing_main_wing,segment_0,front_wing_main_wing:segment_0:orig:2,orig,2,3.8081088066101074,3.8081088066101074,3.6726136207580566,3.938387393951416,0.41346681118011475,0.04716220870614052,6.005911827087402,6.005911827087402,4.121853351593018,7.048160038286324,25.11836192217557,-24.44639273163234,3.9673869221217832,1.152945876121521,-1.3720113039016724,1.184637427330017,0.9379832952127304
0.48,192,front_wing,front_wing_main_wing,segment_0,front_wing_main_wing:segment_0:orig:1,orig,1,3.856844902038574,3.856844902038574,3.7107694149017334,3.997173547744751,0.446531742811203,0.0503099299967289,6.098384857177734,6.098384857177734,3.8781933784484863,7.043086565954722,23.88058736010427,-19.281391316040786,3.4925816303095667,0.9700454473495483,-1.2051202058792114,1.2014306783676147,0.9499875854542397
0.48,192,front_wing,front_wing_main_wing,segment_0,front_wing_main_wing:segment_0:orig:0,orig,0,3.908834457397461,3.908834457397461,3.7514655590057373,4.059889793395996,0.4817984998226166,0.05366931110620499,6.131661415100098,6.131661415100098,3.507535934448242,7.256723718291119,21.63284561274281,-11.452372659308354,2.932257499817427,0.6146409511566162,-0.8634982109069824,1.1610199213027954,0.9627932422588789
0.56,224,front_wing,front_wing_main_wing,segment_0,front_wing_main_wing:segment_0:mirror:17,mirror,17,-3.367793560028076,3.367793560028076,-3.4046003818511963,-3.3306915760040283,0.10607604682445526,0.017890196293592453,-1.0795605182647705,1.0795605182647705,5.267850875854492,3.8639027763473734,5.684748945467055,-14.235182138459754,3.4998373510162675,0.2546702027320862,0.2594183385372162,0.1017012745141983,-0.8269203885513949
0.56,224,front_wing,front_wing_main_wing,segment_0,front_wing_main_wing:segment_0:mirror:16,mirror,16,-3.386279821395874,3.386279821395874,-3.426896333694458,-3.3451621532440186,0.11861574649810791,0.019084913656115532,-1.6898046731948853,1.6898046731948853,5.4199981689453125,5.256843116645588,8.406424471276242,-19.35300832948229,4.62831455424025,0.36935049295425415,0.376237690448761,0.16043588519096375,-0.8314594632187253
0.56,224,front_wing,front_wing_main_wing,segment_0,front_wing_main_wing:segment_0:mirror:15,mirror,15,-3.406001091003418,3.406001091003418,-3.450684070587158,-3.3606011867523193,0.13198691606521606,0.0203588604927063,-2.1638529300689697,2.1638529300689697,5.445445537567139,6.0213439449075805,10.430863086089031,-22.740905830515423,5.161111739379408,0.46297892928123474,0.47254475951194763,0.21236048638820648,-0.8363017790067694
0.56,224,front_wing,front_wing_main_wing,segment_0,front_wing_main_wing:segment_0:mirror:14,mirror,14,-3.4270386695861816,3.4270386695861816,-3.4760632514953613,-3.3770720958709717,0.14626041054725647,0.021716788411140442,-2.5676822662353516,2.5676822662353516,5.431824684143066,6.463961258090874,12.118709555238855,-25.376115779658004,5.411074173638664,0.5510877370834351,0.5625531673431396,0.2631794512271881,-0.8414672983136281
0.56,224,front_wing,front_wing_main_wing,segment_0,front_wing_main_wing:segment_0:mirror:13,mirror,13,-3.449479579925537,3.449479579925537,-3.5031380653381348,-3.3946378231048584,0.16148847341537476,0.023167386651039124,-2.9287467002868652,2.9287467002868652,5.386818885803223,6.7334541127511205,13.573323333785714,-27.513203840906854,5.489067404803447,0.6374090313911438,0.6519850492477417,0.314458429813385,-0.846977388515568
0.56,224,front_wing,front_wing_main_wing,segment_0,front_wing_main_wing:segment_0:mirror:12,mirror,12,-3.4734208583831787,3.4734208583831787,-3.5320146083831787,-3.4133846759796143,0.17772848904132843,0.024712396785616875,-3.2620561122894287,3.2620561122894287,5.327068328857422,6.890902527284707,14.894520668645105,-29.260253975035138,5.472973949489916,0.7230910062789917,0.7410070300102234,0.3680793046951294,-0.852855875700645
0.56,224,front_wing,front_wing_main_wing,segment_0,front_wing_main_wing:segment_0:mirror:11,mirror,11,-3.4989593029022217,3.4989593029022217,-3.5628182888031006,-3.4333748817443848,0.19505146145820618,0.026363220065832138,-3.576120376586914,3.576120376586914,5.255170822143555,6.977600149899864,16.06883314730353,-30.668543780168022,5.380083682966306,0.808521568775177,0.8295226693153381,0.423626184463501,-0.8591265274161585
0.56,224,front_wing,front_wing_main_wing,segment_0,front_wing_main_wing:segment_0:mirror:10,mirror,10,-3.52620267868042,3.52620267868042,-3.5956833362579346,-3.454702138900757,0.2135302722454071,0.028123967349529266,-3.87587833404541,3.87587833404541,5.171569347381592,7.019696329832908,17.177869174922215,-31.712793613326497,5.253681438015175,0.8918895721435547,0.9179313778877258,0.48310983180999756,-0.8658158040842246
0.56,224,front_wing,front_wing_main_wing,segment_0,front_wing_main_wing:segment_0:mirror:9,mirror,9,-3.5552639961242676,3.5552639961242676,-3.630742073059082,-3.4774558544158936,0.23324735462665558,0.02999993972480297,-4.163753032684326,4.163753032684326,5.077934265136719,7.030903807703481,18.155239739986634,-32.399824786827594,5.083222964941833,0.9719927906990051,1.002316951751709,0.5446560978889465,-0.8729514540236116
0.56,224,front_wing,front_wing_main_wing,segment_0,front_wing_main_wing:segment_0:mirror:8,mirror,8,-3.58626651763916,3.58626651763916,-3.668135166168213,-3.501725912094116,0.2542821168899536,0.032002612948417664,-4.440134048461914,4.440134048461914,4.981627464294434,7.010338877213155,19.0816586804516,-32.784124481586694,4.9006558288741395,1.049177646636963,1.0851898193359375,0.6106629371643066,-0.8805637428056337
0.56,224,front_wing,front_wing_main_wing,segment_0,front_wing_main_wing:segment_0:mirror:7,mirror,7,-3.619338035583496,3.619338035583496,-3.708031415939331,-3.5276107788085938,0.27671366930007935,0.03413994237780571,-4.704037666320801,4.704037666320801,4.87288761138916,6.977241866477342,19.889565797805435,-32.70076953453761,4.694059468525668,1.1164023876190186,1.1592031717300415,0.6790286302566528,-0.8886840482759865
0.56,224,front_wing,front_wing_main_wing,segment_0,front_wing_main_wing:segment_0:mirror:6,mirror,6,-3.6546173095703125,3.6546173095703125,-3.750586748123169,-3.5552375316619873,0.3006475567817688,0.036418698728084564,-4.953309535980225,4.953309535980225,4.760593414306641,6.921603119713114,20.57161865657672,-32.245343578759154,4.468530066702936,1.1743334531784058,1.2241978645324707,0.7491915822029114,-0.8973464411551824
0.56,224,front_wing,front_wing_main_wing,segment_0,front_wing_main_wing:segment_0:mirror:5,mirror,5,-3.692250967025757,3.692250967025757,-3.7959842681884766,-3.5846922397613525,0.32618099451065063,0.0388513058423996,-5.184047698974609,5.184047698974609,4.6353044509887695,6.857440810738662,21.095358473067776,-31.230440150548446,4.223593914826632,1.2133433818817139,1.2722245454788208,0.8195822238922119,-0.9065869240087118
0.56,224,front_wing,front_wing_main_wing,segment_0,front_wing_main_wing:segment_0:mirror:4,mirror,4,-3.73239803314209,3.73239803314209,-3.8444204330444336,-3.6161248683929443,0.35341858863830566,0.04144364222884178,-5.391271591186523,5.391271591186523,4.4958086013793945,6.786158578864838,21.421928004485057,-29.626732649326833,3.958430875818668,1.227839708328247,1.295440435409546,0.8878027200698853,-0.9164445435214232
0.56,224,front_wing,front_wing_main_wing,segment_0,front_wing_main_wing:segment_0:mirror:3,mirror,3,-3.77522611618042,3.77522611618042,-3.896075487136841,-3.649653673171997,0.38247358798980713,0.04420974850654602,-5.568310260772705,5.568310260772705,4.34415864944458,6.702646174164355,21.620480331770967,-27.275847308237044,3.69162676924509,1.2058583498001099,1.2845723628997803,0.9558359980583191,-0.9269604538454135
0.56,224,front_wing,front_wing_main_wing,segment_0,front_wing_main_wing:segment_0:mirror:2,mirror,2,-3.820913314819336,3.820913314819336,-3.9511919021606445,-3.685417413711548,0.4134652018547058,0.04716183990240097,-5.706754207611084,5.706754207611084,4.163045406341553,6.63084767530298,21.474986157089585,-23.973235828690726,3.3919373849939194,1.1306219100952148,1.2210310697555542,1.012799859046936,-0.938178384926083
0.56,224,front_wing,front_wing_main_wing,segment_0,front_wing_main_wing:segment_0:mirror:1,mirror,1,-3.8696489334106445,3.8696489334106445,-4.009975910186768,-3.723573923110962,0.4465300440788269,0.050310760736465454,-5.796841621398926,5.796841621398926,3.935302734375,6.597700518512047,20.974316840515854,-19.209639670431933,3.067545671414257,0.9664515852928162,1.0698034763336182,1.0552338361740112,-0.9501448181244057
0.56,224,front_wing,front_wing_main_wing,segment_0,front_wing_main_wing:segment_0:mirror:0,mirror,0,-3.921638250350952,3.921638250350952,-4.072693824768066,-3.7642688751220703,0.4817972183227539,0.053669460117816925,-5.829174995422363,5.829174995422363,3.5916292667388916,6.7372288378468195,19.849228273398385,-12.031423524997178,2.690501486606618,0.6457200050354004,0.7647863626480103,1.0652973651885986,-0.962910157032068
0.56,224,front_wing,front_wing_main_wing,segment_0,front_wing_main_wing:segment_0:orig:17,orig,17,3.367793560028076,3.367793560028076,3.3306915760040283,3.4046003818511963,0.10607604682445526,0.017890196293592453,1.0795607566833496,1.0795607566833496,5.267850875854492,3.86390362968185,5.684750611313639,-14.235185470152922,3.499838376601065,0.25467026233673096,-0.25941839814186096,0.10170130431652069,0.8269203885513949
0.56,224,front_wing,front_wing_main_wing,segment_0,front_wing_main_wing:segment_0:orig:16,orig,16,3.386279821395874,3.386279821395874,3.3451621532440186,3.426896333694458,0.11861574649810791,0.019084913656115532,1.6898051500320435,1.6898051500320435,5.420000076293945,5.2568427501140045,8.406429155969544,-19.35302082199776,4.628317133485952,0.36935073137283325,-0.3762378692626953,0.1604359745979309,0.8314594632187253
0.56,224,front_wing,front_wing_main_wing,segment_0,front_wing_main_wing:segment_0:orig:15,orig,15,3.406001091003418,3.406001091003418,3.3606011867523193,3.450684070587158,0.13198691606521606,0.0203588604927063,2.163853645324707,2.163853645324707,5.445443153381348,6.021348571580637,10.43086381801414,-22.74089704741411,5.161112101530387,0.4629787504673004,-0.4725446403026581,0.21236050128936768,0.8363017790067694
0.56,224,front_wing,front_wing_main_wing,segment_0,front_wing_main_wing:segment_0:orig:14,orig,14,3.4270386695861816,3.4270386695861816,3.3770720958709717,3.4760632514953613,0.14626041054725647,0.021716788411140442,2.5676822662353516,2.5676822662353516,5.431833744049072,6.46395047667079,12.118719161459294,-25.376162438442996,5.411078462871861,0.5510887503623962,-0.5625540018081665,0.2631796598434448,0.8414672983136281
0.56,224,front_wing,front_wing_main_wing,segment_0,front_wing_main_wing:segment_0:orig:13,orig,13,3.449479579925537,3.449479579925537,3.3946378231048584,3.5031380653381348,0.16148847341537476,0.023167386651039124,2.9287476539611816,2.9287476539611816,5.386814594268799,6.733461669703496,13.573323333785714,-27.513190976994824,5.489067404803447,0.6374087333679199,-0.6519849300384521,0.314458429813385,0.846977388515568
0.56,224,front_wing,front_wing_main_wing,segment_0,front_wing_main_wing:segment_0:orig:12,orig,12,3.4734208583831787,3.4734208583831787,3.4133846759796143,3.5320146083831787,0.17772848904132843,0.024712396785616875,3.262057304382324,3.262057304382324,5.32706880569458,6.890904428691709,14.894529110410529,-29.260273270498963,5.472977051406605,0.7230914831161499,-0.741007387638092,0.3680795133113861,0.852855875700645
0.56,224,front_wing,front_wing_main_wing,segment_0,front_wing_main_wing:segment_0:orig:11,orig,11,3.4989593029022217,3.4989593029022217,3.4333748817443848,3.5628182888031006,0.19505146145820618,0.026363220065832138,3.5761218070983887,3.5761218070983887,5.255166053771973,6.977609272319853,16.0688342777543,-30.668523432054187,5.380084061457991,0.808521032333374,-0.8295223116874695,0.42362621426582336,0.8591265274161585
0.56,224,front_wing,front_wing_main_wing,segment_0,front_wing_main_wing:segment_0:orig:10,orig,10,3.52620267868042,3.52620267868042,3.454702138900757,3.5956833362579346,0.2135302722454071,0.028123967349529266,3.8758797645568848,3.8758797645568848,5.171566009521484,7.019703451358641,17.177869174922215,-31.71278301655613,5.253681438015175,0.8918892741203308,-0.9179313778877258,0.48310983180999756,0.8658158040842246
0.56,224,front_wing,front_wing_main_wing,segment_0,front_wing_main_wing:segment_0:orig:9,orig,9,3.5552639961242676,3.5552639961242676,3.4774558544158936,3.630742073059082,0.23324735462665558,0.02999993972480297,4.163754463195801,4.163754463195801,5.077932834625244,7.030908203948178,18.155245700463084,-32.399806905398236,5.083224633795079,0.9719922542572021,-1.0023164749145508,0.5446562767028809,0.8729514540236116
0.56,224,front_wing,front_wing_main_wing,segment_0,front_wing_main_wing:segment_0:orig:8,orig,8,3.58626651763916,3.58626651763916,3.501725912094116,3.668135166168213,0.2542821168899536,0.032002612948417664,4.4401350021362305,4.4401350021362305,4.981625556945801,7.010343067025373,19.0816586804516,-32.784113306628285,4.9006558288741395,1.0491772890090942,-1.0851892232894897,0.6106629371643066,0.8805637428056337
0.56,224,front_wing,front_wing_main_wing,segment_0,front_wing_main_wing:segment_0:orig:7,orig,7,3.619338035583496,3.619338035583496,3.5276107788085938,3.708031415939331,0.27671366930007935,0.03413994237780571,4.704038143157959,4.704038143157959,4.872891426086426,6.977237111675038,19.889576273156116,-32.70080794415678,4.694061940772652,1.1164036989212036,-1.1592038869857788,0.6790289878845215,0.8886840482759865
0.56,224,front_wing,front_wing_main_wing,segment_0,front_wing_main_wing:segment_0:orig:6,orig,6,3.6546173095703125,3.6546173095703125,3.5552375316619873,3.750586748123169,0.3006475567817688,0.036418698728084564,4.953310489654541,4.953310489654541,4.760592460632324,6.921605838931374,20.571621929875707,-32.24534030546017,4.468530777723065,1.1743333339691162,-1.2241979837417603,0.7491917014122009,0.8973464411551824
0.56,224,front_wing,front_wing_main_wing,segment_0,front_wing_main_wing:segment_0:orig:5,orig,5,3.692250967025757,3.692250967025757,3.5846922397613525,3.7959842681884766,0.32618099451065063,0.0388513058423996,5.184047698974609,5.184047698974609,4.635301113128662,6.8574457487518705,21.095352336373683,-31.23039719368979,4.223592686172288,1.2133417129516602,-1.2722235918045044,0.8195819854736328,0.9065869240087118
0.56,224,front_wing,front_wing_main_wing,segment_0,front_wing_main_wing:segment_0:orig:4,orig,4,3.73239803314209,3.73239803314209,3.6161248683929443,3.8444204330444336,0.35341858863830566,0.04144364222884178,5.391271114349365,5.391271114349365,4.495810508728027,6.786155099626242,21.421933757323522,-29.626767166357617,3.958431938851529,1.2278411388397217,-1.2954415082931519,0.8878029584884644,0.9164445435214232
0.56,224,front_wing,front_wing_main_wing,segment_0,front_wing_main_wing:segment_0:orig:3,orig,3,3.77522611618042,3.77522611618042,3.649653673171997,3.896075487136841,0.38247358798980713,0.04420974850654602,5.568310260772705,5.568310260772705,4.344161510467529,6.702641759866111,21.620488421115077,-27.275890451405626,3.691628150474314,1.2058602571487427,-1.284574031829834,0.9558363556861877,0.9269604538454135
0.56,224,front_wing,front_wing_main_wing,segment_0,front_wing_main_wing:segment_0:orig:2,orig,2,3.820913314819336,3.820913314819336,3.685417413711548,3.9511919021606445,0.4134652018547058,0.04716183990240097,5.706754684448242,5.706754684448242,4.163044452667236,6.630849748355507,21.474983629425484,-23.973215607377934,3.391936985753692,1.1306209564208984,-1.2210307121276855,1.0127997398376465,0.938178384926083
0.56,224,front_wing,front_wing_main_wing,segment_0,front_wing_main_wing:segment_0:orig:1,orig,1,3.8696489334106445,3.8696489334106445,3.723573923110962,4.009975910186768,0.4465300440788269,0.050310760736465454,5.796842575073242,5.796842575073242,3.9352993965148926,6.597707200009119,20.97431210159767,-19.20957451030685,3.067544978335761,0.9664483070373535,-1.0698010921478271,1.0552335977554321,0.9501448181244057
0.56,224,front_wing,front_wing_main_wing,segment_0,front_wing_main_wing:segment_0:orig:0,orig,0,3.921638250350952,3.921638250350952,3.7642688751220703,4.072693824768066,0.4817972183227539,0.053669460117816925,5.82917594909668,5.82917594909668,3.5916271209716797,6.737233965145526,19.849228273398385,-12.031396870891259,2.690501486606618,0.6457185745239258,-0.7647848129272461,1.0652973651885986,0.962910157032068
0.64,256,front_wing,front_wing_main_wing,segment_0,front_wing_main_wing:segment_0:mirror:17,mirror,17,-3.3618855476379395,3.3618855476379395,-3.398693084716797,-3.324784994125366,0.10607605427503586,0.01788948103785515,-0.7848687767982483,0.7848687767982483,5.1350884437561035,2.8817862400059737,3.480048086584172,-7.69927518199581,2.142504715357694,0.13773603737354279,0.13708318769931793,0.06225625425577164,-0.8266686568165192
0.64,256,front_wing,front_wing_main_wing,segment_0,front_wing_main_wing:segment_0:mirror:16,mirror,16,-3.3803722858428955,3.3803722858428955,-3.420989990234375,-3.339254140853882,0.1186167299747467,0.01908520609140396,-1.2288477420806885,1.2288477420806885,5.226649284362793,3.964229280370721,5.341981665172142,-10.483538044787323,2.941103744979383,0.2000804841518402,0.19886714220046997,0.10195282101631165,-0.8312144412652335
0.64,256,front_wing,front_wing_main_wing,segment_0,front_wing_main_wing:segment_0:mirror:15,mirror,15,-3.4000935554504395,3.4000935554504395,-3.4447760581970215,-3.3546948432922363,0.13198675215244293,0.02035916969180107,-1.574092984199524,1.574092984199524,5.243134021759033,4.54924239505913,6.77562645891044,-12.330667763561772,3.352532613902653,0.2510421574115753,0.24974267184734344,0.13794612884521484,-0.8360637900090179
0.64,256,front_wing,front_wing_main_wing,segment_0,front_wing_main_wing:segment_0:mirror:14,mirror,14,-3.421130657196045,3.421130657196045,-3.470156669616699,-3.3711647987365723,0.14626114070415497,0.02171681821346283,-1.8684630393981934,1.8684630393981934,5.234052658081055,4.88143446589455,7.981181439984191,-13.781608367280983,3.5636260588272846,0.2992926836013794,0.29748427867889404,0.17332586646080017,-0.8412366944392625
0.64,256,front_wing,front_wing_main_wing,segment_0,front_wing_main_wing:segment_0:mirror:13,mirror,13,-3.4435722827911377,3.4435722827911377,-3.497230052947998,-3.388730525970459,0.1614890843629837,0.023166967555880547,-2.1319456100463867,2.1319456100463867,5.203834533691406,5.073871516042527,9.056219608960552,-14.942948080874627,3.6623316618618076,0.34618279337882996,0.3445488214492798,0.20980514585971832,-0.8467549633465753
0.64,256,front_wing,front_wing_main_wing,segment_0,front_wing_main_wing:segment_0:mirror:12,mirror,12,-3.4675133228302,3.4675133228302,-3.526106595993042,-3.4074771404266357,0.1777288168668747,0.024712808430194855,-2.37544846534729,2.37544846534729,5.162421703338623,5.178026645035566,10.045001095903793,-15.895404650792592,3.691016927550893,0.3928200900554657,0.3915330469608307,0.24824018776416779,-0.8526419297918749
0.64,256,front_wing,front_wing_main_wing,segment_0,front_wing_main_wing:segment_0:mirror:11,mirror,11,-3.493051528930664,3.493051528930664,-3.5569117069244385,-3.4274661540985107,0.19505292177200317,0.02636267989873886,-2.605146884918213,2.605146884918213,5.111894607543945,5.225500084860707,10.957250845665156,-16.65245529046256,3.6686226431800293,0.4390033483505249,0.4378244876861572,0.2888624966144562,-0.8589216303454548
0.64,256,front_wing,front_wing_main_wing,segment_0,front_wing_main_wing:segment_0:mirror:10,mirror,10,-3.520294666290283,3.520294666290283,-3.589775323867798,-3.4487950801849365,0.21353140473365784,0.028124528005719185,-2.8246872425079346,2.8246872425079346,5.056778907775879,5.231962724810692,11.828884908850716,-17.233794466887442,3.6177283021007853,0.4846923351287842,0.48451530933380127,0.332681804895401,-0.8656205638604186
0.64,256,front_wing,front_wing_main_wing,segment_0,front_wing_main_wing:segment_0:mirror:9,mirror,9,-3.549356460571289,3.549356460571289,-3.6248342990875244,-3.4715473651885986,0.2332480102777481,0.029999740421772003,-3.035796642303467,3.035796642303467,4.994082927703857,5.2122948459963165,12.656507132626698,-17.620839156219414,3.5436418239772456,0.5286206007003784,0.529071033000946,0.3796919286251068,-0.8727666948344004
0.64,256,front_wing,front_wing_main_wing,segment_0,front_wing_main_wing:segment_0:mirror:8,mirror,8,-3.5803589820861816,3.5803589820861816,-3.6622278690338135,-3.4958181381225586,0.2542821168899536,0.03200218081474304,-3.2387771606445312,3.2387771606445312,4.9290056228637695,5.168159778983794,13.437857545294115,-17.834347629712752,3.451183988234265,0.5707380175590515,0.5723564624786377,0.43004074692726135,-0.8803900396673761
0.64,256,front_wing,front_wing_main_wing,segment_0,front_wing_main_wing:segment_0:mirror:7,mirror,7,-3.6134300231933594,3.6134300231933594,-3.7021236419677734,-3.5217037200927734,0.27671247720718384,0.034140557050704956,-3.4329452514648438,3.4329452514648438,4.854670524597168,5.111029293108089,14.169183469845064,-17.79127017450747,3.3440285744358773,0.6074038743972778,0.6109015941619873,0.483743816614151,-0.8885220217780707
0.64,256,front_wing,front_wing_main_wing,segment_0,front_wing_main_wing:segment_0:mirror:6,mirror,6,-3.648709774017334,3.648709774017334,-3.7446792125701904,-3.549330949783325,0.3006458282470703,0.036417946219444275,-3.6167171001434326,3.6167171001434326,4.776713848114014,5.036862877210278,14.833007155988604,-17.541911163284936,3.2220177052299466,0.63884037733078,0.644181489944458,0.540187656879425,-0.8971971131258317
0.64,256,front_wing,front_wing_main_wing,segment_0,front_wing_main_wing:segment_0:mirror:5,mirror,5,-3.686343193054199,3.686343193054199,-3.7900781631469727,-3.5787856578826904,0.32618099451065063,0.03885196894407272,-3.787234306335449,3.787234306335449,4.6932830810546875,4.947852765616464,15.446824823194314,-17.00078720935339,3.0926763064931615,0.6605140566825867,0.6689246892929077,0.6001395583152771,-0.9064509581856306
0.64,256,front_wing,front_wing_main_wing,segment_0,front_wing_main_wing:segment_0:mirror:4,mirror,4,-3.7264909744262695,3.7264909744262695,-3.838512897491455,-3.610218048095703,0.3534189760684967,0.041443079710006714,-3.940814971923828,3.940814971923828,4.600224494934082,4.8478274076959345,15.974329048129619,-16.134833981615117,2.951798175815143,0.6686772108078003,0.680052638053894,0.6620253920555115,-0.9163230707339983
0.64,256,front_wing,front_wing_main_wing,segment_0,front_wing_main_wing:segment_0:mirror:3,mirror,3,-3.769318103790283,3.769318103790283,-3.8901684284210205,-3.643746852874756,0.3824731111526489,0.044209763407707214,-4.0724992752075195,4.0724992752075195,4.496955394744873,4.735561956734297,16.39535307784272,-14.879051875261007,2.7994567578072616,0.6577993631362915,0.673570454120636,0.724834680557251,-0.9268540198115275
0.64,256,front_wing,front_wing_main_wing,segment_0,front_wing_main_wing:segment_0:mirror:2,mirror,2,-3.8150057792663574,3.8150057792663574,-3.945284128189087,-3.679511070251465,0.41346487402915955,0.047162700444459915,-4.175954818725586,4.175954818725586,4.375917434692383,4.6161301798777,16.648912835962886,-13.092503788069974,2.6296694316797034,0.6174778342247009,0.638265073299408,0.7852076888084412,-0.9380883610119326
0.64,256,front_wing,front_wing_main_wing,segment_0,front_wing_main_wing:segment_0:mirror:1,mirror,1,-3.863741636276245,3.863741636276245,-4.004067420959473,-3.7176668643951416,0.44652968645095825,0.050310391932725906,-4.243671417236328,4.243671417236328,4.226889133453369,4.4967687182282585,16.745045147041935,-10.579170983865124,2.4490061959329896,0.5322422385215759,0.5591029524803162,0.8424497842788696,-0.9500722328250204
0.64,256,front_wing,front_wing_main_wing,segment_0,front_wing_main_wing:segment_0:mirror:0,mirror,0,-3.915731430053711,3.915731430053711,-4.066787242889404,-3.758361339569092,0.48179781436920166,0.05366937071084976,-4.267825126647949,4.267825126647949,4.003384590148926,4.425317885204152,16.56848527101371,-6.752926715940751,2.245804143631464,0.3624253273010254,0.39810216426849365,0.8892201781272888,-0.9628562292999695
0.64,256,front_wing,front_wing_main_wing,segment_0,front_wing_main_wing:segment_0:orig:17,orig,17,3.3618855476379395,3.3618855476379395,3.324784994125366,3.398693084716797,0.10607605427503586,0.01788948103785515,0.7848688960075378,0.7848688960075378,5.135088920593262,2.881786410105553,3.4800482948233205,-7.699276014952404,2.1425048435609106,0.13773605227470398,-0.13708320260047913,0.062256257981061935,0.8266686568165192
0.64,256,front_wing,front_wing_main_wing,segment_0,front_wing_main_wing:segment_0:orig:16,orig,16,3.3803722858428955,3.3803722858428955,3.339254140853882,3.420989990234375,0.1186167299747467,0.01908520609140396,1.2288477420806885,1.2288477420806885,5.226649284362793,3.964229280370721,5.341981665172142,-10.48353492170631,2.941103744979383,0.20008042454719543,-0.19886711239814758,0.10195282101631165,0.8312144412652335
0.64,256,front_wing,front_wing_main_wing,segment_0,front_wing_main_wing:segment_0:orig:15,orig,15,3.4000935554504395,3.4000935554504395,3.3546948432922363,3.4447760581970215,0.13198675215244293,0.02035916969180107,1.5740928649902344,1.5740928649902344,5.24313497543335,4.549241223073608,6.775625726996446,-12.330670691217746,3.3525322517567244,0.2510422170162201,-0.24974274635314941,0.13794611394405365,0.8360637900090179
0.64,256,front_wing,front_wing_main_wing,segment_0,front_wing_main_wing:segment_0:orig:14,orig,14,3.421130657196045,3.421130657196045,3.3711647987365723,3.470156669616699,0.14626114070415497,0.02171681821346283,1.8684628009796143,1.8684628009796143,5.234053611755371,4.881432953591481,7.981182126141852,-13.78161797348824,3.5636263651991347,0.2992928922176361,-0.2974843680858612,0.17332588136196136,0.8412366944392625
0.64,256,front_wing,front_wing_main_wing,segment_0,front_wing_main_wing:segment_0:orig:13,orig,13,3.4435722827911377,3.4435722827911377,3.388730525970459,3.497230052947998,0.1614890843629837,0.023166967555880547,2.131946563720703,2.131946563720703,5.203829765319824,5.073878435006621,9.0562221817895,-14.942913347683822,3.6623327023128267,0.3461819887161255,-0.34454816579818726,0.2098052054643631,0.8467549633465753
0.64,256,front_wing,front_wing_main_wing,segment_0,front_wing_main_wing:segment_0:orig:12,orig,12,3.4675133228302,3.4675133228302,3.4074771404266357,3.526106595993042,0.1777288168668747,0.024712808430194855,2.375448703765869,2.375448703765869,5.162420749664307,5.178028121300153,10.045002904823393,-15.895388973489379,3.691017592235028,0.39281970262527466,-0.3915327489376068,0.24824023246765137,0.8526419297918749
0.64,256,front_wing,front_wing_main_wing,segment_0,front_wing_main_wing:segment_0:orig:11,orig,11,3.493051528930664,3.493051528930664,3.4274661540985107,3.5569117069244385,0.19505292177200317,0.02636267989873886,2.6051464080810547,2.6051464080810547,5.111898422241211,5.225495228932552,10.957248584717293,-16.65247337804546,3.6686218861868163,0.4390038251876831,-0.4378248453140259,0.2888624370098114,0.8589216303454548
0.64,256,front_wing,front_wing_main_wing,segment_0,front_wing_main_wing:segment_0:orig:10,orig,10,3.520294666290283,3.520294666290283,3.4487950801849365,3.589775323867798,0.21353140473365784,0.028124528005719185,2.8246870040893555,2.8246870040893555,5.0567827224731445,5.23195833635741,11.828884908850716,-17.233825196908903,3.6177283021007853,0.4846931993961334,-0.4845159351825714,0.332681804895401,0.8656205638604186
0.64,256,front_wing,front_wing_main_wing,segment_0,front_wing_main_wing:segment_0:orig:9,orig,9,3.549356460571289,3.549356460571289,3.4715473651885986,3.6248342990875244,0.2332480102777481,0.029999740421772003,3.035796642303467,3.035796642303467,4.994082450866699,5.2122953436684885,12.656504152368672,-17.62082723518731,3.5436409895474243,0.5286202430725098,-0.5290707349777222,0.37969183921813965,0.8727666948344004
0.64,256,front_wing,front_wing_main_wing,segment_0,front_wing_main_wing:segment_0:orig:8,orig,8,3.5803589820861816,3.5803589820861816,3.4958181381225586,3.6622278690338135,0.2542821168899536,0.03200218081474304,3.238776683807373,3.238776683807373,4.929008960723877,5.168155518279017,13.437859407812333,-17.834392330149978,3.451184466576369,0.5707394480705261,-0.5723575949668884,0.43004080653190613,0.8803900396673761
0.64,256,front_wing,front_wing_main_wing,segment_0,front_wing_main_wing:segment_0:orig:7,orig,7,3.6134300231933594,3.6134300231933594,3.5217037200927734,3.7021236419677734,0.27671247720718384,0.034140557050704956,3.432945728302002,3.432945728302002,4.854669570922852,5.111031007066616,14.16918521570541,-17.79127192036782,3.3440289864713972,0.6074039340019226,-0.6109017133712769,0.4837438762187958,0.8885220217780707
0.64,256,front_wing,front_wing_main_wing,segment_0,front_wing_main_wing:segment_0:orig:6,orig,6,3.648709774017334,3.648709774017334,3.549330949783325,3.7446792125701904,0.3006458282470703,0.036417946219444275,3.616718292236328,3.616718292236328,4.776714324951172,5.036864034585486,14.833012066038535,-17.5419209833848,3.222018771788308,0.6388407349586487,-0.6441819667816162,0.5401878356933594,0.8971971131258317
0.64,256,front_wing,front_wing_main_wing,segment_0,front_wing_main_wing:segment_0:orig:5,orig,5,3.686343193054199,3.686343193054199,3.5787856578826904,3.7900781631469727,0.32618099451065063,0.03885196894407272,3.787235736846924,3.787235736846924,4.693280220031738,4.947857650727401,15.446827891488992,-17.000756526406608,3.092676920809849,0.6605128645896912,-0.6689240336418152,0.6001396775245667,0.9064509581856306
0.64,256,front_wing,front_wing_main_wing,segment_0,front_wing_main_wing:segment_0:orig:4,orig,4,3.7264909744262695,3.7264909744262695,3.610218048095703,3.838512897491455,0.3534189760684967,0.041443079710006714,3.9408159255981445,3.9408159255981445,4.600223064422607,4.847830088374883,15.974331924587894,-16.13483110515684,2.951798707338205,0.6686770915985107,-0.6800523996353149,0.662025511264801,0.9163230707339983
0.64,256,front_wing,front_wing_main_wing,segment_0,front_wing_main_wing:segment_0:orig:3,orig,3,3.769318103790283,3.769318103790283,3.643746852874756,3.8901684284210205,0.3824731111526489,0.044209763407707214,4.072500228881836,4.072500228881836,4.496953010559082,4.735565576372401,16.395351729619158,-14.879001990989147,2.7994565276021817,0.6577971577644348,-0.6735691428184509,0.7248346209526062,0.9268540198115275
0.64,256,front_wing,front_wing_main_wing,segment_0,front_wing_main_wing:segment_0:orig:2,orig,2,3.8150057792663574,3.8150057792663574,3.679511070251465,3.945284128189087,0.41346487402915955,0.047162700444459915,4.175954818725586,4.175954818725586,4.375917911529541,4.616129676864975,16.648911572153896,-13.092532855676726,2.629669232063074,0.6174792051315308,-0.6382657885551453,0.7852076292037964,0.9380883610119326
0.64,256,front_wing,front_wing_main_wing,segment_0,front_wing_main_wing:segment_0:orig:1,orig,1,3.863741636276245,3.863741636276245,3.7176668643951416,4.004067420959473,0.44652968645095825,0.050310391932725906,4.243669509887695,4.243669509887695,4.2268900871276855,4.496765682559131,16.74504159282724,-10.579197048106222,2.4490056761198904,0.532243549823761,-0.5591036677360535,0.8424496054649353,0.9500722328250204
0.64,256,front_wing,front_wing_main_wing,segment_0,front_wing_main_wing:segment_0:orig:0,orig,0,3.915731430053711,3.915731430053711,3.758361339569092,4.066787242889404,0.48179781436920166,0.05366937071084976,4.267825126647949,4.267825126647949,4.003384590148926,4.425317885204152,16.568486381603307,-6.752923939466759,2.245804294168262,0.36242517828941345,-0.39810195565223694,0.8892202377319336,0.9628562292999695
0.72,288,front_wing,front_wing_main_wing,segment_0,front_wing_main_wing:segment_0:mirror:17,mirror,17,-3.355412721633911,3.355412721633911,-3.392218828201294,-3.3183112144470215,0.10607612133026123,0.017889615148305893,-0.36127740144729614,0.36127740144729614,5.057352542877197,1.3468831875584986,1.7573644784575093,-1.6440418957366894,1.0819273779846699,0.029411276802420616,0.029002690687775612,0.03143857419490814,-0.8263923859460891
0.72,288,front_wing,front_wing_main_wing,segment_0,front_wing_main_wing:segment_0:mirror:16,mirror,16,-3.373898506164551,3.373898506164551,-3.414515972137451,-3.3327813148498535,0.1186145544052124,0.019085315987467766,-0.5660462379455566,0.5660462379455566,5.086118698120117,1.8765382921051956,2.7463140780556903,-2.240346636573352,1.5120498859875156,0.04275772348046303,0.042073965072631836,0.05241427198052406,-0.8309451825322932
0.72,288,front_wing,front_wing_main_wing,segment_0,front_wing_main_wing:segment_0:mirror:15,mirror,15,-3.393620491027832,3.393620491027832,-3.438302993774414,-3.348222017288208,0.13198524713516235,0.02035858854651451,-0.7255836725234985,0.7255836725234985,5.092201232910156,2.159168568321516,3.5168172104241435,-2.635532657379267,1.740116417249571,0.053655724972486496,0.0528189018368721,0.07159743458032608,-0.8358024383988155
0.72,288,front_wing,front_wing_main_wing,segment_0,front_wing_main_wing:segment_0:mirror:14,mirror,14,-3.414658308029175,3.414658308029175,-3.463684320449829,-3.364692211151123,0.1462605595588684,0.021717505529522896,-0.8619030714035034,0.8619030714035034,5.089072227478027,2.315914802959957,4.174938936045011,-2.943739682766761,1.8641325740629997,0.0639306828379631,0.06287918239831924,0.09066925942897797,-0.8409837657731634
0.72,288,front_wing,front_wing_main_wing,segment_0,front_wing_main_wing:segment_0:mirror:13,mirror,13,-3.437098979949951,3.437098979949951,-3.4907584190368652,-3.382258415222168,0.16148921847343445,0.023166120052337646,-0.9842077493667603,0.9842077493667603,5.077991962432861,2.4003868227626923,4.764894008434042,-3.189623143957619,1.9269196700112359,0.07389119267463684,0.07272502034902573,0.11038410663604736,-0.8465105971794094
0.72,288,front_wing,front_wing_main_wing,segment_0,front_wing_main_wing:segment_0:mirror:12,mirror,12,-3.461040496826172,3.461040496826172,-3.519634962081909,-3.401005268096924,0.17772990465164185,0.02471301704645157,-1.0975136756896973,1.0975136756896973,5.062699317932129,2.439480177993815,5.310000678339124,-3.3907142910979298,1.9511379088593688,0.08379478007555008,0.08258824050426483,0.13122613728046417,-0.8524070662268517
0.72,288,front_wing,front_wing_main_wing,segment_0,front_wing_main_wing:segment_0:mirror:11,mirror,11,-3.4865782260894775,3.4865782260894775,-3.55043888092041,-3.4209935665130615,0.19505316019058228,0.026362573727965355,-1.2046713829040527,1.2046713829040527,5.0440673828125,2.448864293037147,5.823905225205798,-3.54863442085128,1.949912871941798,0.0935511365532875,0.09226935356855392,0.15353313088417053,-0.8586966606131041
0.72,288,front_wing,front_wing_main_wing,segment_0,front_wing_main_wing:segment_0:mirror:10,mirror,10,-3.513821601867676,3.513821601867676,-3.5833029747009277,-3.4423229694366455,0.21352966129779816,0.028124898672103882,-1.307380199432373,1.307380199432373,5.023350715637207,2.437699606874277,6.317659992688471,-3.6656662763652164,1.9321993701761524,0.10309649258852005,0.10187597572803497,0.17768354713916779,-0.8654063324711783
0.72,288,front_wing,front_wing_main_wing,segment_0,front_wing_main_wing:segment_0:mirror:9,mirror,9,-3.5428836345672607,3.5428836345672607,-3.618361711502075,-3.465076446533203,0.23324701189994812,0.029999401420354843,-1.4064558744430542,1.4064558744430542,5.000899791717529,2.411525541200511,6.795313441624716,-3.7435774403342497,1.9025991719383706,0.11230508238077164,0.11108388751745224,0.20385533571243286,-0.8725639147227465
0.72,288,front_wing,front_wing_main_wing,segment_0,front_wing_main_wing:segment_0:mirror:8,mirror,8,-3.573885440826416,3.573885440826416,-3.655754566192627,-3.4893453121185303,0.25428396463394165,0.03200249373912811,-1.5020347833633423,1.5020347833633423,4.97612190246582,2.374105426185148,7.251307591410336,-3.7777711555555347,1.862306898358973,0.12089809775352478,0.11980096250772476,0.23205992579460144,-0.8801992367437783
0.72,288,front_wing,front_wing_main_wing,segment_0,front_wing_main_wing:segment_0:mirror:7,mirror,7,-3.6069564819335938,3.6069564819335938,-3.695650815963745,-3.515228748321533,0.2767149806022644,0.03414018824696541,-1.5938060283660889,1.5938060283660889,4.949755668640137,2.3272820926176707,7.690480058949611,-3.761238360850754,1.814991842248996,0.12840938568115234,0.12755605578422546,0.26255443692207336,-0.8883441830837844
0.72,288,front_wing,front_wing_main_wing,segment_0,front_wing_main_wing:segment_0:mirror:6,mirror,6,-3.6422359943389893,3.6422359943389893,-3.7382047176361084,-3.5428576469421387,0.3006463050842285,0.036418624222278595,-1.681057333946228,1.681057333946228,4.922257900238037,2.27191608268342,8.106589471207696,-3.6976292060699363,1.7609061401968,0.13466256856918335,0.13408884406089783,0.29523083567619324,-0.8970330457812807
0.72,288,front_wing,front_wing_main_wing,segment_0,front_wing_main_wing:segment_0:mirror:5,mirror,5,-3.679870128631592,3.679870128631592,-3.7836036682128906,-3.5723118782043457,0.32618099451065063,0.03885173425078392,-1.762449026107788,1.762449026107788,4.892489910125732,2.208808015040458,8.491943424523283,-3.572299766913669,1.7002091061244105,0.1387900412082672,0.13868357241153717,0.3299267292022705,-0.9063018197328603
0.72,288,front_wing,front_wing_main_wing,segment_0,front_wing_main_wing:segment_0:mirror:4,mirror,4,-3.720017910003662,3.720017910003662,-3.8320391178131104,-3.603743553161621,0.35342010855674744,0.04144272580742836,-1.8362197875976562,1.8362197875976562,4.860465049743652,2.13789109491518,8.842015562311495,-3.375472428597381,1.6338565266310543,0.13988877832889557,0.14031930267810822,0.36643722653388977,-0.9161896706742942
0.72,288,front_wing,front_wing_main_wing,segment_0,front_wing_main_wing:segment_0:mirror:3,mirror,3,-3.7628440856933594,3.7628440856933594,-3.8836963176727295,-3.637272596359253,0.3824758231639862,0.04421047121286392,-1.899967908859253,1.899967908859253,4.826454162597656,2.058467844795887,9.143373696815328,-3.1021423097969287,1.5611922272665766,0.13714717328548431,0.13836106657981873,0.40423285961151123,-0.9267371736032101
0.72,288,front_wing,front_wing_main_wing,segment_0,front_wing_main_wing:segment_0:mirror:2,mirror,2,-3.80853271484375,3.80853271484375,-3.938811779022217,-3.673037052154541,0.4134663939476013,0.04716174304485321,-1.9505460262298584,1.9505460262298584,4.787976264953613,1.9705796477691664,9.379084358118922,-2.7195471933234145,1.4814060840655578,0.1282585859298706,0.1304115504026413,0.44233396649360657,-0.9379896597760026
0.72,288,front_wing,front_wing_main_wing,segment_0,front_wing_main_wing:segment_0:mirror:1,mirror,1,-3.8572685718536377,3.8572685718536377,-3.997596502304077,-3.711195230484009,0.4465324580669403,0.050310902297496796,-1.9840571880340576,1.9840571880340576,4.742225646972656,1.8739108847874606,9.529738627183692,-2.184152361714684,1.3937402902082683,0.10988667607307434,0.113277368247509,0.4794497489929199,-0.9499926366067981
0.72,288,front_wing,front_wing_main_wing,segment_0,front_wing_main_wing:segment_0:mirror:0,mirror,0,-3.909257650375366,3.909257650375366,-4.060314178466797,-3.751887321472168,0.4818008840084076,0.05366921424865723,-1.9957618713378906,1.9957618713378906,4.6815185546875,1.769637755266791,9.571850914017903,-1.388738172186313,1.2974249085091385,0.07453248649835587,0.07973246276378632,0.5137137174606323,-0.9627968375224425
0.72,288,front_wing,front_wing_main_wing,segment_0,front_wing_main_wing:segment_0:orig:17,orig,17,3.355412721633911,3.355412721633911,3.3183112144470215,3.392218828201294,0.10607612133026123,0.017889615148305893,0.3612774908542633,0.3612774908542633,5.057351589202881,1.3468837748621902,1.7573651031702715,-1.6440407504299586,1.0819277625911923,0.029411256313323975,-0.02900267392396927,0.03143858537077904,0.8263923859460891
0.72,288,front_wing,front_wing_main_wing,segment_0,front_wing_main_wing:segment_0:orig:16,orig,16,3.373898506164551,3.373898506164551,3.3327813148498535,3.414515972137451,0.1186145544052124,0.019085315987467766,0.5660462975502014,0.5660462975502014,5.086119651794434,1.8765381378437131,2.746315054012887,-2.2403481981048667,1.512050423324443,0.042757753282785416,-0.04207398742437363,0.052414290606975555,0.8309451825322932
0.72,288,front_wing,front_wing_main_wing,segment_0,front_wing_main_wing:segment_0:orig:15,orig,15,3.393620491027832,3.393620491027832,3.348222017288208,3.438302993774414,0.13198524713516235,0.02035858854651451,0.7255839109420776,0.7255839109420776,5.092200756072998,2.159169479985946,3.516818308326473,-2.635531376493216,1.740116960490164,0.05365569889545441,-0.05281888693571091,0.07159745693206787,0.8358024383988155
0.72,288,front_wing,front_wing_main_wing,segment_0,front_wing_main_wing:segment_0:orig:14,orig,14,3.414658308029175,3.414658308029175,3.364692211151123,3.463684320449829,0.1462605595588684,0.021717505529522896,0.8619031310081482,0.8619031310081482,5.089072227478027,2.3159149631163407,4.174938936045011,-2.943739682766761,1.8641325740629997,0.0639306828379631,-0.06287918239831924,0.09066925942897797,0.8409837657731634
0.72,288,front_wing,front_wing_main_wing,segment_0,front_wing_main_wing:segment_0:orig:13,orig,13,3.437098979949951,3.437098979949951,3.382258415222168,3.4907584190368652,0.16148921847343445,0.023166120052337646,0.984207808971405,0.984207808971405,5.077991962432861,2.4003869681326147,4.76489465166481,-3.189623465573003,1.9269199301332904,0.07389120012521744,-0.07272503525018692,0.11038412153720856,0.8465105971794094
0.72,288,front_wing,front_wing_main_wing,segment_0,front_wing_main_wing:segment_0:orig:12,orig,12,3.461040496826172,3.461040496826172,3.401005268096924,3.519634962081909,0.17772990465164185,0.02471301704645157,1.0975136756896973,1.0975136756896973,5.062699317932129,2.439480177993815,5.310000678339124,-3.3907130851617087,1.9511379088593688,0.08379475027322769,-0.08258821815252304,0.13122613728046417,0.8524070662268517
0.72,288,front_wing,front_wing_main_wing,segment_0,front_wing_main_wing:segment_0:orig:11,orig,11,3.4865782260894775,3.4865782260894775,3.4209935665130615,3.55043888092041,0.19505316019058228,0.026362573727965355,1.2046716213226318,1.2046716213226318,5.0440673828125,2.4488647776960786,5.823907486162767,-3.548636399188627,1.9499136289371346,0.09355118870735168,-0.09226939082145691,0.1535331904888153,0.8586966606131041
0.72,288,front_wing,front_wing_main_wing,segment_0,front_wing_main_wing:segment_0:orig:10,orig,10,3.513821601867676,3.513821601867676,3.4423229694366455,3.5833029747009277,0.21352966129779816,0.028124898672103882,1.3073803186416626,1.3073803186416626,5.023350715637207,2.437699829148133,6.3176610523304175,-3.665664157081322,1.9321996942580917,0.10309643298387527,-0.10187593102455139,0.17768357694149017,0.8654063324711783
0.72,288,front_wing,front_wing_main_wing,segment_0,front_wing_main_wing:segment_0:orig:9,orig,9,3.5428836345672607,3.5428836345672607,3.465076446533203,3.618361711502075,0.23324701189994812,0.029999401420354843,1.4064557552337646,1.4064557552337646,5.000899314880371,2.411525566742502,6.79531393834,-3.7435764469036816,1.9025993110121744,0.11230505257844925,-0.11108385771512985,0.20385535061359406,0.8725639147227465
0.72,288,front_wing,front_wing_main_wing,segment_0,front_wing_main_wing:segment_0:orig:8,orig,8,3.573885440826416,3.573885440826416,3.4893453121185303,3.655754566192627,0.25428396463394165,0.03200249373912811,1.5020347833633423,1.5020347833633423,4.97612190246582,2.374105426185148,7.251307591410336,-3.777766964930522,1.862306898358973,0.12089796364307404,-0.11980090290307999,0.23205992579460144,0.8801992367437783
0.72,288,front_wing,front_wing_main_wing,segment_0,front_wing_main_wing:segment_0:orig:7,orig,7,3.6069564819335938,3.6069564819335938,3.515228748321533,3.695650815963745,0.2767149806022644,0.03414018824696541,1.5938054323196411,1.5938054323196411,4.949756622314453,2.327280773868719,7.690475694251594,-3.7612505820052013,1.8149908121583858,0.12840980291366577,-0.12755633890628815,0.2625542879104614,0.8883441830837844
0.72,288,front_wing,front_wing_main_wing,segment_0,front_wing_main_wing:segment_0:orig:6,orig,6,3.6422359943389893,3.6422359943389893,3.5428576469421387,3.7382047176361084,0.3006463050842285,0.036418624222278595,1.6810574531555176,1.6810574531555176,4.922257900238037,2.2719162437924414,8.106590289534116,-3.697628387743516,1.7609063179529358,0.13466253876686096,-0.13408885896205902,0.2952308654785156,0.8970330457812807
0.72,288,front_wing,front_wing_main_wing,segment_0,front_wing_main_wing:segment_0:orig:5,orig,5,3.679870128631592,3.679870128631592,3.5723118782043457,3.7836036682128906,0.32618099451065063,0.03885173425078392,1.7624491453170776,1.7624491453170776,4.892490386962891,2.208807949163534,8.491944191601586,-3.5723078212358534,1.7002092597045098,0.13879035413265228,-0.13868379592895508,0.3299267590045929,0.9063018197328603
0.72,288,front_wing,front_wing_main_wing,segment_0,front_wing_main_wing:segment_0:orig:4,orig,4,3.720017910003662,3.720017910003662,3.603743553161621,3.8320391178131104,0.35342010855674744,0.04144272580742836,1.8362209796905518,1.8362209796905518,4.860464096069336,2.1378929023332636,8.842019157915043,-3.3754533718985784,1.6338571910384265,0.1398879885673523,-0.14031876623630524,0.3664373755455017,0.9161896706742942
0.72,288,front_wing,front_wing_main_wing,segment_0,front_wing_main_wing:segment_0:orig:3,orig,3,3.7628440856933594,3.7628440856933594,3.637272596359253,3.8836963176727295,0.3824758231639862,0.04421047121286392,1.8999680280685425,1.8999680280685425,4.826454162597656,2.0584679739499046,9.143375045017306,-3.1021426468474234,1.5611924574663387,0.1371471881866455,-0.1383610963821411,0.404232919216156,0.9267371736032101
0.72,288,front_wing,front_wing_main_wing,segment_0,front_wing_main_wing:segment_0:orig:2,orig,2,3.80853271484375,3.80853271484375,3.673037052154541,3.938811779022217,0.4134663939476013,0.04716174304485321,1.9505455493927002,1.9505455493927002,4.787976264953613,1.9705791660345204,9.379083726201598,-2.7195513007860104,1.4814059842555838,0.12825877964496613,-0.13041162490844727,0.4423339366912842,0.9379896597760026
0.72,288,front_wing,front_wing_main_wing,segment_0,front_wing_main_wing:segment_0:orig:1,orig,1,3.8572685718536377,3.8572685718536377,3.711195230484009,3.997596502304077,0.4465324580669403,0.050310902297496796,1.9840564727783203,1.9840564727783203,4.7422261238098145,1.8739100208154695,9.529735665368158,-2.184157544891868,1.3937398570377686,0.10988693684339523,-0.11327753216028214,0.479449599981308,0.9499926366067981
0.72,288,front_wing,front_wing_main_wing,segment_0,front_wing_main_wing:segment_0:orig:0,orig,0,3.909257650375366,3.909257650375366,3.751887321472168,4.060314178466797,0.4818008840084076,0.05366921424865723,1.9957613945007324,1.9957613945007324,4.6815185546875,1.7696373324563093,9.571848692832233,-1.3887328968703494,1.2974246074365832,0.07453220337629318,-0.07973223924636841,0.5137135982513428,0.9627968375224425
0.8,320,front_wing,front_wing_main_wing,segment_0,front_wing_main_wing:segment_0:mirror:17,mirror,17,-3.3548359870910645,3.3548359870910645,-3.391643524169922,-3.317734956741333,0.10607802867889404,0.017889637500047684,0.09604139626026154,0.09604139626026154,5.621380805969238,0.3221217235145118,-0.5538835949175932,-0.13480104120745998,-0.3409941749734491,0.002411541761830449,0.0020833653397858143,-0.009908776730298996,-0.8263679655489786
0.8,320,front_wing,front_wing_main_wing,segment_0,front_wing_main_wing:segment_0:mirror:16,mirror,16,-3.3733224868774414,3.3733224868774414,-3.413940191268921,-3.3322043418884277,0.11861731112003326,0.019085710868239403,0.1497427523136139,0.1497427523136139,5.624261856079102,0.4489130178276562,-0.8641567909161345,-0.18767690688087313,-0.47577144237891156,0.0035819471813738346,0.0030289175920188427,-0.016493046656250954,-0.8309215864345815
0.8,320,front_wing,front_wing_main_wing,segment_0,front_wing_main_wing:segment_0:mirror:15,mirror,15,-3.3930444717407227,3.3930444717407227,-3.4377262592315674,-3.347644567489624,0.1319866180419922,0.02035822905600071,0.19099003076553345,0.19099003076553345,5.625204086303711,0.5144847543500265,-1.1026178021967767,-0.2244677161151394,-0.545568136171031,0.00456976518034935,0.0038219995331019163,-0.02244734577834606,-0.8357795337592102
0.8,320,front_wing,front_wing_main_wing,segment_0,front_wing_main_wing:segment_0:mirror:14,mirror,14,-3.4140820503234863,3.4140820503234863,-3.4631073474884033,-3.3641152381896973,0.14626020193099976,0.021717404946684837,0.22568511962890625,0.22568511962890625,5.625182151794434,0.5486181382455071,-1.3031260584232025,-0.2545614957764277,-0.5818541805240353,0.005528415087610483,0.004567937925457954,-0.028300516307353973,-0.8409615399974911
0.8,320,front_wing,front_wing_main_wing,segment_0,front_wing_main_wing:segment_0:mirror:13,mirror,13,-3.4365224838256836,3.4365224838256836,-3.4901816844940186,-3.3816816806793213,0.16148826479911804,0.023166343569755554,0.2562783360481262,0.2562783360481262,5.624350070953369,0.5643240757483118,-1.479977062612122,-0.28005490886472795,-0.5985051817409597,0.006487848237156868,0.00532743101939559,-0.03428565710783005,-0.8464890994521419
0.8,320,front_wing,front_wing_main_wing,segment_0,front_wing_main_wing:segment_0:mirror:12,mirror,12,-3.460463523864746,3.460463523864746,-3.5190587043762207,-3.4004292488098145,0.17772901058197021,0.024713072925806046,0.2840847969055176,0.2840847969055176,5.623347282409668,0.5684925267517944,-1.6408222054563968,-0.3024531890534402,-0.6029164035497683,0.00747454771772027,0.006102321203798056,-0.040549758821725845,-0.8523862904404147
0.8,320,front_wing,front_wing_main_wing,segment_0,front_wing_main_wing:segment_0:mirror:11,mirror,11,-3.486001491546631,3.486001491546631,-3.549863338470459,-3.4204177856445312,0.19505302608013153,0.026362262666225433,0.30984872579574585,0.30984872579574585,5.6220197677612305,0.5651121560780992,-1.789942466444883,-0.3221752259499876,-0.5992944802725372,0.008493267931044102,0.00688890228047967,-0.04718693345785141,-0.8586768389139434
0.8,320,front_wing,front_wing_main_wing,segment_0,front_wing_main_wing:segment_0:mirror:10,mirror,10,-3.5132453441619873,3.5132453441619873,-3.5827255249023438,-3.4417471885681152,0.2135280966758728,0.028125064447522163,0.33400481939315796,0.33400481939315796,5.620462894439697,0.5566159090831202,-1.9294297192978669,-0.33946002554119403,-0.5901030143889459,0.009547335095703602,0.007717216853052378,-0.0542653352022171,-0.8653875833873236
0.8,320,front_wing,front_wing_main_wing,segment_0,front_wing_main_wing:segment_0:mirror:9,mirror,9,-3.542306900024414,3.542306900024414,-3.617784261703491,-3.464501142501831,0.23324421048164368,0.029999349266290665,0.3567427098751068,0.3567427098751068,5.618752956390381,0.544420277289973,-2.061176802511496,-0.3545302189065316,-0.5771095641596025,0.010635675862431526,0.0085396533831954,-0.06183396279811859,-0.8725460671063876
0.8,320,front_wing,front_wing_main_wing,segment_0,front_wing_main_wing:segment_0:mirror:8,mirror,8,-3.5733089447021484,3.5733089447021484,-3.655176877975464,-3.488769292831421,0.25428256392478943,0.032002855092287064,0.378051221370697,0.378051221370697,5.6173224449157715,0.5293399907654857,-2.185098515243401,-0.36718784648656727,-0.5611879516905307,0.01175105944275856,0.00939201656728983,-0.06992939114570618,-0.8801825347867084
0.8,320,front_wing,front_wing_main_wing,segment_0,front_wing_main_wing:segment_0:mirror:7,mirror,7,-3.606379508972168,3.606379508972168,-3.6950736045837402,-3.5146517753601074,0.2767143249511719,0.03413951396942139,0.3978489637374878,0.3978489637374878,5.615063190460205,0.5121084436238454,-2.2991374313419444,-0.3762831920016202,-0.5426092438284285,0.012846125289797783,0.010216603986918926,-0.07849143445491791,-0.8883285231511259
0.8,320,front_wing,front_wing_main_wing,segment_0,front_wing_main_wing:segment_0:mirror:6,mirror,6,-3.6416592597961426,3.6416592597961426,-3.7376272678375244,-3.542280673980713,0.3006451725959778,0.036418698728084564,0.4159354269504547,0.4159354269504547,5.61314582824707,0.4929414612870701,-2.4040971474222257,-0.3820583833790061,-0.5222178069021782,0.013914069160819054,0.010998407378792763,-0.08755408972501755,-0.897018681485442
0.8,320,front_wing,front_wing_main_wing,segment_0,front_wing_main_wing:segment_0:mirror:5,mirror,5,-3.679293394088745,3.679293394088745,-3.7830259799957275,-3.5717356204986572,0.32617872953414917,0.03885173797607422,0.43198162317276,0.43198162317276,5.610749244689941,0.47208344531054786,-2.496807036868848,-0.3837094062200839,-0.4999001201399912,0.014907777309417725,0.011716816574335098,-0.09700529277324677,-0.9062887748999164
0.8,320,front_wing,front_wing_main_wing,segment_0,front_wing_main_wing:segment_0:mirror:4,mirror,4,-3.7194414138793945,3.7194414138793945,-3.8314626216888428,-3.6031672954559326,0.3534194231033325,0.04144299030303955,0.44563809037208557,0.44563809037208557,5.608266830444336,0.44966927927082556,-2.576314760002186,-0.3793759564244396,-0.47606078269960744,0.015722474083304405,0.012237297371029854,-0.10677018761634827,-0.9161780921609926
0.8,320,front_wing,front_wing_main_wing,segment_0,front_wing_main_wing:segment_0:mirror:3,mirror,3,-3.762267589569092,3.762267589569092,-3.8831193447113037,-3.6366958618164062,0.3824765384197235,0.04421031475067139,0.45651113986968994,0.45651113986968994,5.605634689331055,0.4258452263176388,-2.6399445347742967,-0.3676103102763015,-0.4507584746473801,0.016252167522907257,0.01249920018017292,-0.1167127788066864,-0.9267270965871746
0.8,320,front_wing,front_wing_main_wing,segment_0,front_wing_main_wing:segment_0:mirror:2,mirror,2,-3.807955741882324,3.807955741882324,-3.938234329223633,-3.6724600791931152,0.4134669899940491,0.04716160148382187,0.4642306864261627,0.4642306864261627,5.602395057678223,0.4008198928963805,-2.68519474881448,-0.3448387128879767,-0.42412009013817353,0.016263145953416824,0.012260996736586094,-0.12663808465003967,-0.9379810671604171
0.8,320,front_wing,front_wing_main_wing,segment_0,front_wing_main_wing:segment_0:mirror:1,mirror,1,-3.856692314147949,3.856692314147949,-3.9970202445983887,-3.7106173038482666,0.4465332627296448,0.05031098797917366,0.46862688660621643,0.46862688660621643,5.598390579223633,0.3749213634143922,-2.711621914820848,-0.30588967863097416,-0.3965785476363132,0.015389611944556236,0.011164410971105099,-0.13642437756061554,-0.9499859288663083
0.8,320,front_wing,front_wing_main_wing,segment_0,front_wing_main_wing:segment_0:mirror:0,mirror,0,-3.9086809158325195,3.9086809158325195,-4.059736251831055,-3.7513105869293213,0.48179900646209717,0.05366909131407738,0.4707055389881134,0.4707055389881134,5.592835426330566,0.34936658471075327,-2.725559318391522,-0.23799128835102754,-0.36943976264267553,0.012772776186466217,0.008370375260710716,-0.1462782919406891,-0.9627918350778564
0.8,320,front_wing,front_wing_main_wing,segment_0,front_wing_main_wing:segment_0:orig:17,orig,17,3.3548359870910645,3.3548359870910645,3.317734956741333,3.391643524169922,0.10607802867889404,0.017889637500047684,-0.09604138880968094,0.09604138880968094,5.621380805969238,0.32212169852535133,-0.5538834907989296,-0.13480097613329522,-0.3409941108735947,0.002411540597677231,-0.002083364175632596,-0.009908774867653847,0.8263679655489786
0.8,320,front_wing,front_wing_main_wing,segment_0,front_wing_main_wing:segment_0:orig:16,orig,16,3.3733224868774414,3.3733224868774414,3.3322043418884277,3.413940191268921,0.11861731112003326,0.019085710868239403,-0.14974278211593628,0.14974278211593628,5.624261856079102,0.4489131071718834,-0.8641567909161345,-0.18767682148638523,-0.47577144237891156,0.003581945551559329,-0.0030289161950349808,-0.016493046656250954,0.8309215864345815
0.8,320,front_wing,front_wing_main_wing,segment_0,front_wing_main_wing:segment_0:orig:15,orig,15,3.3930444717407227,3.3930444717407227,3.347644567489624,3.4377262592315674,0.1319866180419922,0.02035822905600071,-0.19098997116088867,0.19098997116088867,5.625204086303711,0.5144845937883422,-1.1026173447293948,-0.2244677161151394,-0.5455679098191378,0.00456976518034935,-0.0038219993002712727,-0.022447336465120316,0.8357795337592102
0.8,320,front_wing,front_wing_main_wing,segment_0,front_wing_main_wing:segment_0:orig:14,orig,14,3.4140820503234863,3.4140820503234863,3.3641152381896973,3.4631073474884033,0.14626020193099976,0.021717404946684837,-0.2256850302219391,0.2256850302219391,5.625182151794434,0.5486179209060389,-1.3031256295862503,-0.25456153866012293,-0.5818539890455733,0.005528416018933058,-0.004567938391119242,-0.028300506994128227,0.8409615399974911
0.8,320,front_wing,front_wing_main_wing,segment_0,front_wing_main_wing:segment_0:orig:13,orig,13,3.4365224838256836,3.4365224838256836,3.3816816806793213,3.4901816844940186,0.16148826479911804,0.023166343569755554,-0.25627821683883667,0.25627821683883667,5.624350070953369,0.5643238132498377,-1.4799765801937006,-0.28005504957010086,-0.598504986650149,0.006487851496785879,-0.005327432882040739,-0.03428564593195915,0.8464890994521419
0.8,320,front_wing,front_wing_main_wing,segment_0,front_wing_main_wing:segment_0:orig:12,orig,12,3.460463523864746,3.460463523864746,3.4004292488098145,3.5190587043762207,0.17772901058197021,0.024713072925806046,-0.2840847373008728,0.2840847373008728,5.623347282409668,0.5684924074747494,-1.6408219039730232,-0.30245341516597035,-0.6029162927703854,0.007474553305655718,-0.006102324929088354,-0.04054975137114525,0.8523862904404147
0.8,320,front_wing,front_wing_main_wing,segment_0,front_wing_main_wing:segment_0:orig:11,orig,11,3.486001491546631,3.486001491546631,3.4204177856445312,3.549863338470459,0.19505302608013153,0.026362262666225433,-0.30984875559806824,0.30984875559806824,5.6220197677612305,0.5651122104325415,-1.789942466444883,-0.3221749079991623,-0.5992944802725372,0.00849325954914093,-0.006888896692544222,-0.04718693345785141,0.8586768389139434
0.8,320,front_wing,front_wing_main_wing,segment_0,front_wing_main_wing:segment_0:orig:10,orig,10,3.5132453441619873,3.5132453441619873,3.4417471885681152,3.5827255249023438,0.2135280966758728,0.028125064447522163,-0.33400478959083557,0.33400478959083557,5.6204633712768555,0.5566158121948316,-1.9294294543889416,-0.3394604891318133,-0.590102933368345,0.009547348134219646,-0.0077172257006168365,-0.054265327751636505,0.8653875833873236
0.8,320,front_wing,front_wing_main_wing,segment_0,front_wing_main_wing:segment_0:orig:9,orig,9,3.542306900024414,3.542306900024414,3.464501142501831,3.617784261703491,0.23324421048164368,0.029999349266290665,-0.3567427396774292,0.3567427396774292,5.618752956390381,0.5444203227708985,-2.0611770508695697,-0.3545304051750868,-0.5771096336974604,0.010635681450366974,-0.008539656177163124,-0.06183397024869919,0.8725460671063876
0.8,320,front_wing,front_wing_main_wing,segment_0,front_wing_main_wing:segment_0:orig:8,orig,8,3.5733089447021484,3.5733089447021484,3.488769292831421,3.655176877975464,0.25428256392478943,0.032002855092287064,-0.3780513107776642,0.3780513107776642,5.617321968078613,0.5293401608854397,-2.185098748053273,-0.36718778828409926,-0.5611880114819289,0.011751057580113411,-0.009392015635967255,-0.06992939859628677,0.8801825347867084
0.8,320,front_wing,front_wing_main_wing,segment_0,front_wing_main_wing:segment_0:orig:7,orig,7,3.606379508972168,3.606379508972168,3.5146517753601074,3.6950736045837402,0.2767143249511719,0.03413951396942139,-0.3978491723537445,0.3978491723537445,5.615063667297363,0.5121086686644384,-2.2991383042987885,-0.3762830283222119,-0.5426094498511075,0.012846119701862335,-0.010216600261628628,-0.0784914642572403,0.8883285231511259
0.8,320,front_wing,front_wing_main_wing,segment_0,front_wing_main_wing:segment_0:orig:6,orig,6,3.6416592597961426,3.6416592597961426,3.542280673980713,3.7376272678375244,0.3006451725959778,0.036418698728084564,-0.4159356951713562,0.4159356951713562,5.61314582824707,0.49294177916622767,-2.404098784071718,-0.3820577696354466,-0.5222181624150616,0.013914046809077263,-0.01099839061498642,-0.08755414932966232,0.897018681485442
0.8,320,front_wing,front_wing_main_wing,segment_0,front_wing_main_wing:segment_0:orig:5,orig,5,3.679293394088745,3.679293394088745,3.5717356204986572,3.7830259799957275,0.32617872953414917,0.03885173797607422,-0.4319817125797272,0.4319817125797272,5.610749244689941,0.47208354301736416,-2.496807420407963,-0.3837091665081372,-0.49990019693056686,0.014907767996191978,-0.011716807261109352,-0.09700530767440796,0.9062887748999164
0.8,320,front_wing,front_wing_main_wing,segment_0,front_wing_main_wing:segment_0:orig:4,orig,4,3.7194414138793945,3.7194414138793945,3.6031672954559326,3.8314626216888428,0.3534194231033325,0.04144299030303955,-0.44563794136047363,0.44563794136047363,5.608266830444336,0.4496691289112724,-2.576313861107036,-0.3793760013691971,-0.4760606165985024,0.015722475945949554,-0.012237297371029854,-0.10677015036344528,0.9161780921609926
0.8,320,front_wing,front_wing_main_wing,segment_0,front_wing_main_wing:segment_0:orig:3,orig,3,3.762267589569092,3.762267589569092,3.6366958618164062,3.8831193447113037,0.3824765384197235,0.04421031475067139,-0.45651090145111084,0.45651090145111084,5.605634689331055,0.4258450039147117,-2.6399433550933904,-0.36761047880214526,-0.4507582732222521,0.016252174973487854,-0.012499205768108368,-0.11671272665262222,0.9267270965871746
0.8,320,front_wing,front_wing_main_wing,segment_0,front_wing_main_wing:segment_0:orig:2,orig,2,3.807955741882324,3.807955741882324,3.6724600791931152,3.938234329223633,0.4134669899940491,0.04716160148382187,-0.46423035860061646,0.46423035860061646,5.602395057678223,0.4008196098496018,-2.685193169016432,-0.3448393448071959,-0.42411984061284924,0.016263175755739212,-0.01226101815700531,-0.1266380101442337,0.9379810671604171
0.8,320,front_wing,front_wing_main_wing,segment_0,front_wing_main_wing:segment_0:orig:1,orig,1,3.856692314147949,3.856692314147949,3.7106173038482666,3.9970202445983887,0.4465332627296448,0.05031098797917366,-0.4686267375946045,0.4686267375946045,5.598390579223633,0.3749212441987895,-2.71162132245875,-0.305889937789392,-0.3965784610025169,0.015389624983072281,-0.01116441935300827,-0.13642434775829315,0.9499859288663083
0.8,320,front_wing,front_wing_main_wing,segment_0,front_wing_main_wing:segment_0:orig:0,orig,0,3.9086809158325195,3.9086809158325195,3.7513105869293213,4.059736251831055,0.48179900646209717,0.05366909131407738,-0.47070562839508057,0.47070562839508057,5.592835426330566,0.3493666510703012,-2.7255601513380556,-0.23799073305333834,-0.36943987554558233,0.01277274638414383,-0.008370351046323776,-0.14627833664417267,0.9627918350778564
0.88,352,front_wing,front_wing_main_wing,segment_0,front_wing_main_wing:segment_0:mirror:17,mirror,17,-3.35017991065979,3.35017991065979,-3.3869869709014893,-3.313077926635742,0.10607567429542542,0.01788996532559395,0.5046356320381165,0.5046356320381165,7.039746284484863,1.3515592831313816,-3.0414455487067555,-3.5819437390534246,-1.8724841180134089,0.0640808492898941,0.056976646184921265,-0.054411355406045914,-0.82616864839262
0.88,352,front_wing,front_wing_main_wing,segment_0,front_wing_main_wing:segment_0:mirror:16,mirror,16,-3.368666172027588,3.368666172027588,-3.40928316116333,-3.3275492191314697,0.11861389130353928,0.019085561856627464,0.7894853353500366,0.7894853353500366,7.081202030181885,1.8798860454012587,-4.816666167308334,-4.961868769996495,-2.6519473146119545,0.09470005333423615,0.08273222297430038,-0.09192878007888794,-0.8307274392562004
0.88,352,front_wing,front_wing_main_wing,segment_0,front_wing_main_wing:segment_0:mirror:15,mirror,15,-3.38838791847229,3.38838791847229,-3.433070659637451,-3.342989206314087,0.13198356330394745,0.02035822719335556,1.0104248523712158,1.0104248523712158,7.0919599533081055,2.1589763816735847,-6.20322898806376,-5.907834221125114,-3.0693885036322195,0.12027303129434586,0.10406914353370667,-0.12628674507141113,-0.835590906006842
0.88,352,front_wing,front_wing_main_wing,segment_0,front_wing_main_wing:segment_0:mirror:14,mirror,14,-3.4094247817993164,3.4094247817993164,-3.458451271057129,-3.3594610691070557,0.1462591588497162,0.02171778306365013,1.198316216468811,1.198316216468811,7.088691711425781,2.3115977952001026,-7.385826979652727,-6.665076452578406,-3.2978428490470835,0.1447506844997406,0.12408255785703659,-0.1604037880897522,-0.8407786861872465
0.88,352,front_wing,front_wing_main_wing,segment_0,front_wing_main_wing:segment_0:mirror:13,mirror,13,-3.431865692138672,3.431865692138672,-3.4855268001556396,-3.3770251274108887,0.16148865222930908,0.023166479542851448,1.3659790754318237,1.3659790754318237,7.074581146240234,2.3912847821252057,-8.449627410339243,-7.295078902687851,-3.417035158137995,0.16900129616260529,0.1439986675977707,-0.19574812054634094,-0.8463127103465979
0.88,352,front_wing,front_wing_main_wing,segment_0,front_wing_main_wing:segment_0:mirror:12,mirror,12,-3.4558072090148926,3.4558072090148926,-3.514401435852051,-3.3957736492156982,0.17772945761680603,0.0247128177434206,1.5204269886016846,1.5204269886016846,7.055018901824951,2.425146441837149,-9.430151196226776,-7.830706896118987,-3.465078985729954,0.19351883232593536,0.16407129168510437,-0.23304560780525208,-0.8522167904752979
0.88,352,front_wing,front_wing_main_wing,segment_0,front_wing_main_wing:segment_0:mirror:11,mirror,11,-3.4813456535339355,3.4813456535339355,-3.5452075004577637,-3.415760040283203,0.1950528621673584,0.026361946016550064,1.6655595302581787,1.6655595302581787,7.031699180603027,2.4287205353827663,-10.359887068162834,-8.28451768612111,-3.468618947260254,0.21839600801467896,0.1839909702539444,-0.27310678362846375,-0.8585146797687098
0.88,352,front_wing,front_wing_main_wing,segment_0,front_wing_main_wing:segment_0:mirror:10,mirror,10,-3.5085887908935547,3.5085887908935547,-3.5780699253082275,-3.437091588973999,0.2135266363620758,0.028124824166297913,1.8037970066070557,1.8037970066070557,7.005139350891113,2.4118418115523252,-11.247382015179411,-8.664895293852735,-3.4399591527692657,0.24369865655899048,0.20439273118972778,-0.3163306415081024,-0.8652329535840221
0.88,352,front_wing,front_wing_main_wing,segment_0,front_wing_main_wing:segment_0:mirror:9,mirror,9,-3.5376501083374023,3.5376501083374023,-3.613128423690796,-3.459846019744873,0.23324312269687653,0.03000030480325222,1.9362143278121948,1.9362143278121948,6.974334716796875,2.3805197641138474,-12.100016322814483,-8.962098101915581,-3.387903310826992,0.2688656747341156,0.22396233677864075,-0.3630041778087616,-0.8723995983593362
0.88,352,front_wing,front_wing_main_wing,segment_0,front_wing_main_wing:segment_0:mirror:8,mirror,8,-3.568652629852295,3.568652629852295,-3.650521993637085,-3.4841127395629883,0.2542824149131775,0.032002709805965424,2.0628950595855713,2.0628950595855713,6.943341255187988,2.336804032752009,-12.937817364948126,-9.183740205353208,-3.322757042976514,0.293904572725296,0.24320681393146515,-0.41404521465301514,-0.8800449523342747
0.88,352,front_wing,front_wing_main_wing,segment_0,front_wing_main_wing:segment_0:mirror:7,mirror,7,-3.6017231941223145,3.6017231941223145,-3.690417528152466,-3.509996175765991,0.27671507000923157,0.03413929045200348,2.183398485183716,2.183398485183716,6.907858848571777,2.284476704840661,-13.716866815157598,-9.312602218459753,-3.2372482778662603,0.3179256319999695,0.2612856924533844,-0.46828410029411316,-0.8882002944690685
0.88,352,front_wing,front_wing_main_wing,segment_0,front_wing_main_wing:segment_0:mirror:6,mirror,6,-3.637002944946289,3.637002944946289,-3.73297119140625,-3.537623167037964,0.3006451427936554,0.036418505012989044,2.296712636947632,2.296712636947632,6.871146202087402,2.22358263832699,-14.474006083049357,-9.338992624604415,-3.1440428566499503,0.3401121497154236,0.2771148979663849,-0.5271216630935669,-0.89690043142623
0.88,352,front_wing,front_wing_main_wing,segment_0,front_wing_main_wing:segment_0:mirror:5,mirror,5,-3.6746368408203125,3.6746368408203125,-3.7783679962158203,-3.5670793056488037,0.3261756896972656,0.03885168582201004,2.4010305404663086,2.4010305404663086,6.832725524902344,2.154676699784964,-15.182729210474085,-9.24937727546871,-3.039850007979401,0.3593538999557495,0.28989651799201965,-0.5898746252059937,-0.9061811105888805
0.88,352,front_wing,front_wing_main_wing,segment_0,front_wing_main_wing:segment_0:mirror:4,mirror,4,-3.714784860610962,3.714784860610962,-3.8268070220947266,-3.598510980606079,0.3534170389175415,0.041443489491939545,2.4940855503082275,2.4940855503082275,6.788418769836426,2.079147174852194,-15.824450049088073,-9.004818918854296,-2.9241189835066925,0.37319111824035645,0.2969655692577362,-0.6558204293251038,-0.9160817834275367
0.88,352,front_wing,front_wing_main_wing,segment_0,front_wing_main_wing:segment_0:mirror:3,mirror,3,-3.7576112747192383,3.7576112747192383,-3.8784632682800293,-3.6320388317108154,0.3824769854545593,0.04420999065041542,2.572922468185425,2.572922468185425,6.740479469299316,1.9960002767839524,-16.38192415624179,-8.58267967999067,-2.797135476337116,0.37944018840789795,0.2967965006828308,-0.7242447137832642,-0.9266429597233999
0.88,352,front_wing,front_wing_main_wing,segment_0,front_wing_main_wing:segment_0:mirror:2,mirror,2,-3.80329966545105,3.80329966545105,-3.933579683303833,-3.667802572250366,0.4134700894355774,0.047161705791950226,2.633918285369873,2.633918285369873,6.685204029083252,1.905783351320673,-16.851729172028094,-7.9081684383272695,-2.6616703769015433,0.37296271324157715,0.28402766585350037,-0.794756293296814,-0.9379099116557518
0.88,352,front_wing,front_wing_main_wing,segment_0,front_wing_main_wing:segment_0:mirror:1,mirror,1,-3.8520355224609375,3.8520355224609375,-3.9923651218414307,-3.7059590816497803,0.44653624296188354,0.05031099170446396,2.6731457710266113,2.6731457710266113,6.618738174438477,1.8089256723480798,-17.212291453385475,-6.8834869747729295,-2.517305215420705,0.34631505608558655,0.25169700384140015,-0.8659674525260925,-0.949928381764178
0.88,352,front_wing,front_wing_main_wing,segment_0,front_wing_main_wing:segment_0:mirror:0,mirror,0,-3.904024839401245,3.904024839401245,-4.055079936981201,-3.7466540336608887,0.48180028796195984,0.05366963893175125,2.687873363494873,2.687873363494873,6.524900436401367,1.7100068684343996,-17.45616115240864,-5.233264157829542,-2.3661135665371926,0.28086739778518677,0.18208836019039154,-0.9368658661842346,-0.962749168961535
0.88,352,front_wing,front_wing_main_wing,segment_0,front_wing_main_wing:segment_0:orig:17,orig,17,3.35017991065979,3.35017991065979,3.313077926635742,3.3869869709014893,0.10607567429542542,0.01788996532559395,-0.5046356320381165,0.5046356320381165,7.039745330810547,1.3515594662271209,-3.041445756940267,-3.5819416567183104,-1.8724842462136138,0.06408081203699112,-0.05697660148143768,-0.05441135913133621,0.82616864839262
0.88,352,front_wing,front_wing_main_wing,segment_0,front_wing_main_wing:segment_0:orig:16,orig,16,3.368666172027588,3.368666172027588,3.3275492191314697,3.40928316116333,0.11861389130353928,0.019085561856627464,-0.7894851565361023,0.7894851565361023,7.081202030181885,1.8798856196177707,-4.816664605796936,-4.9618711122635935,-2.6519464548791403,0.09470009803771973,-0.08273223042488098,-0.09192875027656555,0.8307274392562004
0.88,352,front_wing,front_wing_main_wing,segment_0,front_wing_main_wing:segment_0:orig:15,orig,15,3.38838791847229,3.38838791847229,3.342989206314087,3.433070659637451,0.13198356330394745,0.02035822719335556,-1.0104249715805054,1.0104249715805054,7.091958999633789,2.15897692671151,-6.203231183907394,-5.907827999568151,-3.0693895901465527,0.12027290463447571,-0.1040690466761589,-0.12628678977489471,0.835590906006842
0.88,352,front_wing,front_wing_main_wing,segment_0,front_wing_main_wing:segment_0:orig:14,orig,14,3.4094247817993164,3.4094247817993164,3.3594610691070557,3.458451271057129,0.1462591588497162,0.02171778306365013,-1.1983160972595215,1.1983160972595215,7.088690757751465,2.311597876230725,-7.385826293525549,-6.665066846797922,-3.2978425426846933,0.1447504758834839,-0.12408240139484406,-0.160403773188591,0.8407786861872465
0.88,352,front_wing,front_wing_main_wing,segment_0,front_wing_main_wing:segment_0:orig:13,orig,13,3.431865692138672,3.431865692138672,3.3770251274108887,3.4855268001556396,0.16148865222930908,0.023166479542851448,-1.3659782409667969,1.3659782409667969,7.074583053588867,2.3912826766057664,-8.449620978131378,-7.295088550999649,-3.4170325569486937,0.1690015196800232,-0.14399880170822144,-0.195747971534729,0.8463127103465979
0.88,352,front_wing,front_wing_main_wing,segment_0,front_wing_main_wing:segment_0:orig:12,orig,12,3.4558072090148926,3.4558072090148926,3.3957736492156982,3.514401435852051,0.17772945761680603,0.0247128177434206,-1.5204265117645264,1.5204265117645264,7.055018901824951,2.4251456812613723,-9.430149387307855,-7.830706896118987,-3.4650783210484652,0.19351883232593536,-0.16407133638858795,-0.2330455631017685,0.8522167904752979
0.88,352,front_wing,front_wing_main_wing,segment_0,front_wing_main_wing:segment_0:orig:11,orig,11,3.4813456535339355,3.4813456535339355,3.415760040283203,3.5452075004577637,0.1950528621673584,0.026361946016550064,-1.6655590534210205,1.6655590534210205,7.031699180603027,2.428719840058356,-10.359885937657431,-8.28451768612111,-3.4686185687529947,0.21839600801467896,-0.183990940451622,-0.27310675382614136,0.8585146797687098
0.88,352,front_wing,front_wing_main_wing,segment_0,front_wing_main_wing:segment_0:orig:10,orig,10,3.5085887908935547,3.5085887908935547,3.437091588973999,3.5780699253082275,0.2135266363620758,0.028124824166297913,-1.8037967681884766,1.8037967681884766,7.005138874053955,2.4118416569379875,-11.247380955534657,-8.664893704385605,-3.4399588286818767,0.2436986118555069,-0.20439273118972778,-0.31633061170578003,0.8652329535840221
0.88,352,front_wing,front_wing_main_wing,segment_0,front_wing_main_wing:segment_0:orig:9,orig,9,3.5376501083374023,3.5376501083374023,3.459846019744873,3.613128423690796,0.23324312269687653,0.03000030480325222,-1.9362139701843262,1.9362139701843262,6.974334716796875,2.38051932442068,-12.100013342612524,-8.962098101915581,-3.3879024763953836,0.2688656747341156,-0.22396236658096313,-0.36300408840179443,0.8723995983593362
0.88,352,front_wing,front_wing_main_wing,segment_0,front_wing_main_wing:segment_0:orig:8,orig,8,3.568652629852295,3.568652629852295,3.4841127395629883,3.650521993637085,0.2542824149131775,0.032002709805965424,-2.062894821166992,2.062894821166992,6.943341255187988,2.3368037626764693,-12.937815502460696,-9.183740205353208,-3.322756564642878,0.293904572725296,-0.24320687353610992,-0.41404515504837036,0.8800449523342747
0.88,352,front_wing,front_wing_main_wing,segment_0,front_wing_main_wing:segment_0:orig:7,orig,7,3.6017231941223145,3.6017231941223145,3.509996175765991,3.690417528152466,0.27671507000923157,0.03413929045200348,-2.1833982467651367,2.1833982467651367,6.907859802246094,2.2844761399981204,-13.716866815157598,-9.312613566973033,-3.2372482778662603,0.3179260194301605,-0.2612859606742859,-0.46828410029411316,0.8882002944690685
0.88,352,front_wing,front_wing_main_wing,segment_0,front_wing_main_wing:segment_0:orig:6,orig,6,3.637002944946289,3.637002944946289,3.537623167037964,3.73297119140625,0.3006451427936554,0.036418505012989044,-2.296712636947632,2.296712636947632,6.871147155761719,2.223582329706958,-14.474004446391158,-9.339000807895403,-3.1440425011351407,0.34011244773864746,-0.277115136384964,-0.5271216034889221,0.89690043142623
0.88,352,front_wing,front_wing_main_wing,segment_0,front_wing_main_wing:segment_0:orig:5,orig,5,3.6746368408203125,3.6746368408203125,3.5670793056488037,3.7783679962158203,0.3261756896972656,0.03885168582201004,-2.401031494140625,2.401031494140625,6.832724571228027,2.154677856347181,-15.182736881266678,-9.249361166804261,-3.0398515438072886,0.35935327410697937,-0.28989607095718384,-0.5898749232292175,0.9061811105888805
0.88,352,front_wing,front_wing_main_wing,segment_0,front_wing_main_wing:segment_0:orig:4,orig,4,3.714784860610962,3.714784860610962,3.598510980606079,3.8268070220947266,0.3534170389175415,0.041443489491939545,-2.4940857887268066,2.4940857887268066,6.788419246673584,2.079147227560321,-15.824452925517905,-9.004822514391588,-2.924119515027412,0.3731912672519684,-0.29696565866470337,-0.6558205485343933,0.9160817834275367
0.88,352,front_wing,front_wing_main_wing,segment_0,front_wing_main_wing:segment_0:orig:3,orig,3,3.7576112747192383,3.7576112747192383,3.6320388317108154,3.8784632682800293,0.3824769854545593,0.04420999065041542,-2.572922945022583,2.572922945022583,6.740478992462158,1.9960007879024229,-16.381929549108328,-8.582674961232453,-2.7971363971433756,0.37943997979164124,-0.29679635167121887,-0.7242449522018433,0.9266429597233999
0.88,352,front_wing,front_wing_main_wing,segment_0,front_wing_main_wing:segment_0:orig:2,orig,2,3.80329966545105,3.80329966545105,3.667802572250366,3.933579683303833,0.4134700894355774,0.047161705791950226,-2.633918523788452,2.633918523788452,6.685203552246094,1.905783659763792,-16.851732963535024,-7.908170334080734,-2.661670975756508,0.3729628026485443,-0.28402769565582275,-0.7947564721107483,0.9379099116557518
0.88,352,front_wing,front_wing_main_wing,segment_0,front_wing_main_wing:segment_0:orig:1,orig,1,3.8520355224609375,3.8520355224609375,3.7059590816497803,3.9923651218414307,0.44653624296188354,0.05031099170446396,-2.6731457710266113,2.6731457710266113,6.618739128112793,1.8089254117053923,-17.212287899213152,-6.883500599100173,-2.5173046956214353,0.34631574153900146,-0.25169745087623596,-0.8659672737121582,0.949928381764178
0.88,352,front_wing,front_wing_main_wing,segment_0,front_wing_main_wing:segment_0:orig:0,orig,0,3.904024839401245,3.904024839401245,3.7466540336608887,4.055079936981201,0.48180028796195984,0.05366963893175125,-2.6878743171691895,2.6878743171691895,6.524899959564209,1.7100076001222375,-17.456166705328872,-5.233260270785379,-2.366114319213556,0.28086718916893005,-0.18208825588226318,-0.9368661642074585,0.962749168961535
0.96,384,front_wing,front_wing_main_wing,segment_0,front_wing_main_wing:segment_0:mirror:17,mirror,17,-3.326084613800049,3.326084613800049,-3.36289119720459,-3.288983106613159,0.10607603192329407,0.017890088260173798,0.7596881985664368,0.7596881985664368,8.028076171875,1.7841716147976052,-3.8423924699947984,-8.38631465449925,-2.365583898575427,0.1500319093465805,0.12915970385074615,-0.06874074041843414,-0.8251296165757802
0.96,384,front_wing,front_wing_main_wing,segment_0,front_wing_main_wing:segment_0:mirror:16,mirror,16,-3.344571113586426,3.344571113586426,-3.3851873874664307,-3.303452491760254,0.11861485987901688,0.01908569224178791,1.1891191005706787,1.1891191005706787,8.0986328125,2.4757371975515636,-6.307148169730835,-11.683613796756822,-3.4725445959841683,0.22298985719680786,0.18747928738594055,-0.12037628889083862,-0.8297157171269427
0.96,384,front_wing,front_wing_main_wing,segment_0,front_wing_main_wing:segment_0:mirror:15,mirror,15,-3.364292860031128,3.364292860031128,-3.408975601196289,-3.3188931941986084,0.13198459148406982,0.020357541739940643,1.5227200984954834,1.5227200984954834,8.116225242614746,2.842973110519831,-8.277359028496788,-13.968575687605838,-4.095646440171179,0.28436586260795593,0.235808327794075,-0.1685066819190979,-0.8346082556434328
0.96,384,front_wing,front_wing_main_wing,segment_0,front_wing_main_wing:segment_0:mirror:14,mirror,14,-3.3853299617767334,3.3853299617767334,-3.434354543685913,-3.3353652954101562,0.14626054465770721,0.021718742325901985,1.8068909645080566,1.8068909645080566,8.111129760742188,3.0461648766067864,-9.973318893281148,-15.803079219918146,-4.453140704430016,0.3432230055332184,0.28128746151924133,-0.2166079431772232,-0.8398271053459319
0.96,384,front_wing,front_wing_main_wing,segment_0,front_wing_main_wing:segment_0:mirror:13,mirror,13,-3.4077706336975098,3.4077706336975098,-3.4614293575286865,-3.3529276847839355,0.1614873707294464,0.023166272789239883,2.060873031616211,2.060873031616211,8.086114883422852,3.1564779579054303,-11.517673372464019,-17.333152586679198,-4.657792025418936,0.4015445411205292,0.3262135982513428,-0.26682156324386597,-0.8453941504357855
0.96,384,front_wing,front_wing_main_wing,segment_0,front_wing_main_wing:segment_0:mirror:12,mirror,12,-3.4317116737365723,3.4317116737365723,-3.4903056621551514,-3.371678590774536,0.177727609872818,0.024712543934583664,2.2953059673309326,2.2953059673309326,8.053302764892578,3.207315287049107,-12.957639624084393,-18.642785054485994,-4.761292860156933,0.46071064472198486,0.3715764880180359,-0.32021623849868774,-0.8513334043879834
0.96,384,front_wing,front_wing_main_wing,segment_0,front_wing_main_wing:segment_0:mirror:11,mirror,11,-3.4572505950927734,3.4572505950927734,-3.5211126804351807,-3.3916640281677246,0.19505494832992554,0.026361756026744843,2.5160255432128906,2.5160255432128906,8.01371955871582,3.2192442523887355,-14.350515160893275,-19.76032547485102,-4.804679442010606,0.5209168791770935,0.4164489805698395,-0.37830477952957153,-0.8576690581169863
0.96,384,front_wing,front_wing_main_wing,segment_0,front_wing_main_wing:segment_0:mirror:10,mirror,10,-3.484494209289551,3.484494209289551,-3.5539748668670654,-3.412994623184204,0.2135300636291504,0.028125081211328506,2.7266902923583984,2.7266902923583984,7.968685150146484,3.204941526738193,-15.69269841236202,-20.69899622094398,-4.799461334177749,0.5821609497070312,0.4621764123439789,-0.44135841727256775,-0.8644276092503691
0.96,384,front_wing,front_wing_main_wing,segment_0,front_wing_main_wing:segment_0:mirror:9,mirror,9,-3.5135550498962402,3.5135550498962402,-3.589031934738159,-3.4357495307922363,0.2332446575164795,0.030000558122992516,2.9289581775665283,2.9289581775665283,7.917149543762207,3.1722149892389693,-17.00852858303086,-21.457304714447222,-4.762214329568957,0.6437311172485352,0.5062258839607239,-0.5102653503417969,-0.87163697493147
0.96,384,front_wing,front_wing_main_wing,segment_0,front_wing_main_wing:segment_0:mirror:8,mirror,8,-3.5445570945739746,3.5445570945739746,-3.6264281272888184,-3.4600162506103516,0.25428450107574463,0.03200260549783707,3.1229708194732666,3.1229708194732666,7.863454818725586,3.123666326722217,-18.30911758084444,-22.033083937693075,-4.702203514602823,0.7051160931587219,0.5490728616714478,-0.5859394669532776,-0.8793279113351528
0.96,384,front_wing,front_wing_main_wing,segment_0,front_wing_main_wing:segment_0:mirror:7,mirror,7,-3.5776278972625732,3.5776278972625732,-3.6663215160369873,-3.485900402069092,0.2767152786254883,0.034138575196266174,3.308056354522705,3.308056354522705,7.803178787231445,3.0640665828110505,-19.583610832120982,-22.385572070898267,-4.621825341009028,0.7642115354537964,0.5887649655342102,-0.6685565710067749,-0.8875320618336334
0.96,384,front_wing,front_wing_main_wing,segment_0,front_wing_main_wing:segment_0:mirror:6,mirror,6,-3.6129074096679688,3.6129074096679688,-3.7088756561279297,-3.513528823852539,0.30064377188682556,0.03641904518008232,3.4827189445495605,3.4827189445495605,7.740228652954102,2.993246078516319,-20.834358019603396,-22.517706384396416,-4.525658813535269,0.8200733661651611,0.6238753795623779,-0.7587674260139465,-0.8962841454166143
0.96,384,front_wing,front_wing_main_wing,segment_0,front_wing_main_wing:segment_0:mirror:5,mirror,5,-3.6505417823791504,3.6505417823791504,-3.7542736530303955,-3.5429837703704834,0.3261779546737671,0.03885107487440109,3.6441738605499268,3.6441738605499268,7.671262741088867,2.9127795816557334,-22.030368761893513,-22.360523332712628,-4.410837517818618,0.868730366230011,0.6508256196975708,-0.8559035062789917,-0.9056204188825406
0.96,384,front_wing,front_wing_main_wing,segment_0,front_wing_main_wing:segment_0:mirror:4,mirror,4,-3.6906898021698,3.6906898021698,-3.8027117252349854,-3.5744149684906006,0.3534192442893982,0.041443489491939545,3.788936138153076,3.788936138153076,7.595980644226074,2.822755340443544,-23.18948823099745,-21.871666285240085,-4.285039885102034,0.9064381718635559,0.6656778454780579,-0.9610533118247986,-0.9155802737938346
0.96,384,front_wing,front_wing_main_wing,segment_0,front_wing_main_wing:segment_0:mirror:3,mirror,3,-3.733515739440918,3.733515739440918,-3.8543694019317627,-3.6079437732696533,0.38247960805892944,0.04421057552099228,3.9123549461364746,3.9123549461364746,7.512541770935059,2.7231593735253457,-24.272059776438304,-20.96901047095449,-4.144310113402987,0.9270520210266113,0.6633641123771667,-1.0730817317962646,-0.9262044620821906
0.96,384,front_wing,front_wing_main_wing,segment_0,front_wing_main_wing:segment_0:mirror:2,mirror,2,-3.7792043685913086,3.7792043685913086,-3.90948486328125,-3.6437063217163086,0.41347169876098633,0.04716130346059799,4.008652687072754,4.008652687072754,7.41519021987915,2.6149316473981394,-25.26936816999619,-19.497694981092067,-3.991190828449102,0.9195367097854614,0.6329806447029114,-1.1917363405227661,-0.9375388222774546
0.96,384,front_wing,front_wing_main_wing,segment_0,front_wing_main_wing:segment_0:mirror:1,mirror,1,-3.8279402256011963,3.8279402256011963,-3.968270778656006,-3.6818649768829346,0.44653573632240295,0.05031086504459381,4.071258544921875,4.071258544921875,7.2956743240356445,2.499407210985161,-26.167785197131185,-17.253190099828068,-3.8270544668536695,0.8680229187011719,0.559453547000885,-1.3165239095687866,-0.9496291337629813
0.96,384,front_wing,front_wing_main_wing,segment_0,front_wing_main_wing:segment_0:mirror:0,mirror,0,-3.879929304122925,3.879929304122925,-4.030984401702881,-3.7225594520568848,0.481800377368927,0.053669873625040054,4.094470977783203,4.094470977783203,7.125062942504883,2.385458973553232,-27.092701502620585,-13.614229351400235,-3.6723077957429235,0.7306739687919617,0.40233972668647766,-1.4540618658065796,-0.9625264991062374
0.96,384,front_wing,front_wing_main_wing,segment_0,front_wing_main_wing:segment_0:orig:17,orig,17,3.326084613800049,3.326084613800049,3.288983106613159,3.36289119720459,0.10607603192329407,0.017890088260173798,-0.7596881985664368,0.7596881985664368,8.028076171875,1.7841716147976052,-3.8423933029231203,-8.386312155714284,-2.3655844113709943,0.15003186464309692,-0.12915965914726257,-0.06874075531959534,0.8251296165757802
0.96,384,front_wing,front_wing_main_wing,segment_0,front_wing_main_wing:segment_0:orig:16,orig,16,3.344571113586426,3.344571113586426,3.303452491760254,3.3851873874664307,0.11861485987901688,0.01908569224178791,-1.1891192197799683,1.1891192197799683,8.098634719848633,2.4757368626715253,-6.307148560106018,-11.683616139007919,-3.472544810914149,0.22298990190029144,-0.18747931718826294,-0.12037629634141922,0.8297157171269427
0.96,384,front_wing,front_wing_main_wing,segment_0,front_wing_main_wing:segment_0:orig:15,orig,15,3.364292860031128,3.364292860031128,3.3188931941986084,3.408975601196289,0.13198459148406982,0.020357541739940643,-1.5227205753326416,1.5227205753326416,8.11622428894043,2.8429743348476673,-8.277361956386882,-13.9685712957707,-4.095647888894449,0.28436577320098877,-0.23580831289291382,-0.16850674152374268,0.8346082556434328
0.96,384,front_wing,front_wing_main_wing,segment_0,front_wing_main_wing:segment_0:orig:14,orig,14,3.3853299617767334,3.3853299617767334,3.3353652954101562,3.434354543685913,0.14626054465770721,0.021718742325901985,-1.8068910837173462,1.8068910837173462,8.111125946044922,3.046166510201418,-9.973322323765512,-15.803062753593197,-4.453142236159796,0.34322264790534973,-0.28128713369369507,-0.21660801768302917,0.8398271053459319
0.96,384,front_wing,front_wing_main_wing,segment_0,front_wing_main_wing:segment_0:orig:13,orig,13,3.4077706336975098,3.4077706336975098,3.3529276847839355,3.4614293575286865,0.1614873707294464,0.023166272789239883,-2.060872793197632,2.060872793197632,8.0861177444458,3.15647647591627,-11.517665653745693,-17.333175742834175,-4.657788903939146,0.40154507756233215,-0.3262140452861786,-0.26682138442993164,0.8453941504357855
0.96,384,front_wing,front_wing_main_wing,segment_0,front_wing_main_wing:segment_0:orig:12,orig,12,3.4317116737365723,3.4317116737365723,3.371678590774536,3.4903056621551514,0.177727609872818,0.024712543934583664,-2.2953057289123535,2.2953057289123535,8.053302764892578,3.2073149538980745,-12.957639624084393,-18.642786260445302,-4.761292860156933,0.46071067452430725,-0.3715764880180359,-0.32021623849868774,0.8513334043879834
0.96,384,front_wing,front_wing_main_wing,segment_0,front_wing_main_wing:segment_0:orig:11,orig,11,3.4572505950927734,3.4572505950927734,3.3916640281677246,3.5211126804351807,0.19505494832992554,0.026361756026744843,-2.5160257816314697,2.5160257816314697,8.01371955871582,3.2192445574443194,-14.350519682947475,-19.76031416971552,-4.80468095603436,0.5209165811538696,-0.41644877195358276,-0.3783048987388611,0.8576690581169863
0.96,384,front_wing,front_wing_main_wing,segment_0,front_wing_main_wing:segment_0:orig:10,orig,10,3.484494209289551,3.484494209289551,3.412994623184204,3.5539748668670654,0.2135300636291504,0.028125081211328506,-2.7266898155212402,2.7266898155212402,7.968686580657959,3.204940390925502,-15.692690994916534,-20.69901741364537,-4.7994590656231715,0.582161545753479,-0.4621768891811371,-0.44135820865631104,0.8644276092503691
0.96,384,front_wing,front_wing_main_wing,segment_0,front_wing_main_wing:segment_0:orig:9,orig,9,3.5135550498962402,3.5135550498962402,3.4357495307922363,3.589031934738159,0.2332446575164795,0.030000558122992516,-2.9289588928222656,2.9289588928222656,7.917149543762207,3.1722157638983646,-17.00853851695351,-21.457292793740038,-4.762217110965865,0.6437307596206665,-0.5062257051467896,-0.5102656483650208,0.87163697493147
0.96,384,front_wing,front_wing_main_wing,segment_0,front_wing_main_wing:segment_0:orig:8,orig,8,3.5445570945739746,3.5445570945739746,3.4600162506103516,3.6264281272888184,0.25428450107574463,0.03200260549783707,-3.122971534729004,3.122971534729004,7.8634538650512695,3.123667420973453,-18.309126893311948,-22.03306717525156,-4.70220590625918,0.705115556716919,-0.5490725040435791,-0.5859397649765015,0.8793279113351528
0.96,384,front_wing,front_wing_main_wing,segment_0,front_wing_main_wing:segment_0:orig:7,orig,7,3.5776278972625732,3.5776278972625732,3.485900402069092,3.6663215160369873,0.2767152786254883,0.034138575196266174,-3.308056116104126,3.308056116104126,7.803179740905762,3.064065987499039,-19.58360559423588,-22.385589530515265,-4.621824104843221,0.7642121315002441,-0.5887655019760132,-0.6685563921928406,0.8875320618336334
0.96,384,front_wing,front_wing_main_wing,segment_0,front_wing_main_wing:segment_0:orig:6,orig,6,3.6129074096679688,3.6129074096679688,3.513528823852539,3.7088756561279297,0.30064377188682556,0.03641904518008232,-3.4827187061309814,3.4827187061309814,7.740229606628418,2.993245504807811,-20.834356382969474,-22.51771129429818,-4.525658458024112,0.8200735449790955,-0.6238753795623779,-0.7587673664093018,0.8962841454166143
0.96,384,front_wing,front_wing_main_wing,segment_0,front_wing_main_wing:segment_0:orig:5,orig,5,3.6505417823791504,3.6505417823791504,3.5429837703704834,3.7542736530303955,0.3261779546737671,0.03885107487440109,-3.6441736221313477,3.6441736221313477,7.671262264251709,2.9127795721434624,-22.03036722771087,-22.360526401077916,-4.410837210650343,0.8687304854393005,-0.6508256793022156,-0.8559034466743469,0.9056204188825406
0.96,384,front_wing,front_wing_main_wing,segment_0,front_wing_main_wing:segment_0:orig:4,orig,4,3.6906898021698,3.6906898021698,3.5744149684906006,3.8027117252349854,0.3534192442893982,0.041443489491939545,-3.7889363765716553,3.7889363765716553,7.595980167388916,2.822755695263547,-23.189491107427283,-21.87166053238042,-4.285040416619436,0.9064379334449768,-0.665677547454834,-0.9610534310340881,0.9155802737938346
0.96,384,front_wing,front_wing_main_wing,segment_0,front_wing_main_wing:segment_0:orig:3,orig,3,3.733515739440918,3.733515739440918,3.6079437732696533,3.8543694019317627,0.38247960805892944,0.04421057552099228,-3.9123547077178955,3.9123547077178955,7.512543678283691,2.72315851619737,-24.27205168724552,-20.969033390334054,-4.144308732221341,0.9270530343055725,-0.663364827632904,-1.073081374168396,0.9262044620821906
0.96,384,front_wing,front_wing_main_wing,segment_0,front_wing_main_wing:segment_0:orig:2,orig,2,3.7792043685913086,3.7792043685913086,3.6437063217163086,3.90948486328125,0.41347169876098633,0.04716130346059799,-4.008653163909912,4.008653163909912,7.41519021987915,2.614931958449426,-25.26937069768904,-19.49768234262782,-3.9911912276875965,0.9195361137390137,-0.6329804062843323,-1.1917364597320557,0.9375388222774546
0.96,384,front_wing,front_wing_main_wing,segment_0,front_wing_main_wing:segment_0:orig:1,orig,1,3.8279402256011963,3.8279402256011963,3.6818649768829346,3.968270778656006,0.44653573632240295,0.05031086504459381,-4.071258068084717,4.071258068084717,7.2956743240356445,2.499406918247616,-26.167780458222822,-17.253187730373885,-3.8270537737854453,0.8680227994918823,-0.5594536662101746,-1.3165236711502075,0.9496291337629813
0.96,384,front_wing,front_wing_main_wing,segment_0,front_wing_main_wing:segment_0:orig:0,orig,0,3.879929304122925,3.879929304122925,3.7225594520568848,4.030984401702881,0.481800377368927,0.053669873625040054,-4.094470977783203,4.094470977783203,7.125063896179199,2.3854586542647334,-27.092699281462206,-13.614237125454565,-3.672307494673751,0.7306743860244751,-0.4023400843143463,-1.45406174659729,0.9625264991062374
1.04,416,front_wing,front_wing_main_wing,segment_0,front_wing_main_wing:segment_0:mirror:17,mirror,17,-3.2809739112854004,3.2809739112854004,-3.317779541015625,-3.2438716888427734,0.10607434809207916,0.017889967188239098,0.7629057168960571,0.7629057168960571,8.035551071166992,1.7900898412634263,-2.77065277971406,-8.881741390039755,-1.7057902589091976,0.15889406204223633,0.1305336356163025,-0.04956688731908798,-0.8231505449377361
1.04,416,front_wing,front_wing_main_wing,segment_0,front_wing_main_wing:segment_0:mirror:16,mirror,16,-3.299459934234619,3.299459934234619,-3.340075969696045,-3.2583415508270264,0.11861366033554077,0.01908530294895172,1.1948177814483643,1.1948177814483643,8.106992721557617,2.485061732074822,-4.811148639944159,-12.496776606368085,-2.6489146470281413,0.23850476741790771,0.1895090788602829,-0.09182222932577133,-0.8277884299913297
1.04,416,front_wing,front_wing_main_wing,segment_0,front_wing_main_wing:segment_0:mirror:15,mirror,15,-3.3191819190979004,3.3191819190979004,-3.363863945007324,-3.273782730102539,0.13198108971118927,0.020358536392450333,1.530799388885498,1.530799388885498,8.1236572265625,2.8555184839428476,-6.488251957519123,-15.027581024027105,-3.2104794538732495,0.30593955516815186,0.2384321093559265,-0.13209131360054016,-0.8327364006324932
1.04,416,front_wing,front_wing_main_wing,segment_0,front_wing_main_wing:segment_0:mirror:14,mirror,14,-3.3402185440063477,3.3402185440063477,-3.3892433643341064,-3.2902560234069824,0.14625750482082367,0.02171814814209938,1.8174335956573486,1.8174335956573486,8.118088722229004,3.061375442447344,-7.952425427377146,-17.081886358322866,-3.550874666998479,0.3709869384765625,0.2843613922595978,-0.17271195352077484,-0.838014196105806
1.04,416,front_wing,front_wing_main_wing,segment_0,front_wing_main_wing:segment_0:mirror:13,mirror,13,-3.3626599311828613,3.3626599311828613,-3.4163198471069336,-3.307816982269287,0.16148926317691803,0.02316628396511078,2.0739715099334717,2.0739715099334717,8.093460083007812,3.1736198201147374,-9.304687253764964,-18.81077378184211,-3.7628077135885234,0.4357757270336151,0.329949289560318,-0.21555502712726593,-0.8436444268186948
1.04,416,front_wing,front_wing_main_wing,segment_0,front_wing_main_wing:segment_0:mirror:12,mirror,12,-3.3866007328033447,3.3866007328033447,-3.4451944828033447,-3.326566219329834,0.17772972583770752,0.02471311017870903,2.3111307621002197,2.3111307621002197,8.060564994812012,3.2264798616958066,-10.597019690603155,-20.30632895555011,-3.8938352166295327,0.5018325448036194,0.37582603096961975,-0.26188531517982483,-0.8496508396805472
1.04,416,front_wing,front_wing_main_wing,segment_0,front_wing_main_wing:segment_0:mirror:11,mirror,11,-3.4121391773223877,3.4121391773223877,-3.476001024246216,-3.346552848815918,0.19505515694618225,0.02636159211397171,2.5348060131073,2.5348060131073,8.02052116394043,3.2405199415753785,-11.848138301104546,-21.60238065023587,-3.9668572869255936,0.569473147392273,0.4212682843208313,-0.3123357892036438,-0.856058078839141
1.04,416,front_wing,front_wing_main_wing,segment_0,front_wing_main_wing:segment_0:mirror:10,mirror,10,-3.439382553100586,3.439382553100586,-3.508863687515259,-3.367882251739502,0.21353045105934143,0.02812502533197403,2.748654365539551,2.748654365539551,7.974743843078613,3.228297638091257,-13.078487060638002,-22.71320416532777,-3.9999226021025884,0.6388094425201416,0.46753787994384766,-0.3678327798843384,-0.8628930614461748
1.04,416,front_wing,front_wing_main_wing,segment_0,front_wing_main_wing:segment_0:mirror:9,mirror,9,-3.4684438705444336,3.4684438705444336,-3.5439209938049316,-3.390638589859009,0.2332453727722168,0.03000059351325035,2.9543704986572266,2.9543704986572266,7.922740936279297,3.1974698757858984,-14.318881272752536,-23.633018482165465,-4.009128252434786,0.7090045809745789,0.5118348598480225,-0.4295749366283417,-0.8701841402347714
1.04,416,front_wing,front_wing_main_wing,segment_0,front_wing_main_wing:segment_0:mirror:8,mirror,8,-3.499445915222168,3.499445915222168,-3.581317186355591,-3.4149041175842285,0.25428566336631775,0.03200231119990349,3.1521008014678955,3.1521008014678955,7.869068145751953,3.15053937286132,-15.556009128630222,-24.375680500270356,-3.9951235296670458,0.780078113079071,0.5552576780319214,-0.49782824516296387,-0.8779621203896527
1.04,416,front_wing,front_wing_main_wing,segment_0,front_wing_main_wing:segment_0:mirror:7,mirror,7,-3.5325164794921875,3.5325164794921875,-3.6212122440338135,-3.440788745880127,0.27671706676483154,0.03413854166865349,3.341177225112915,3.341177225112915,7.80825662612915,3.0927120338513334,-16.81517285856223,-24.88710917018178,-3.9684351620974425,0.8496096134185791,0.5951417684555054,-0.5740454792976379,-0.8862590632292866
1.04,416,front_wing,front_wing_main_wing,segment_0,front_wing_main_wing:segment_0:mirror:6,mirror,6,-3.567796230316162,3.567796230316162,-3.663764715194702,-3.4684181213378906,0.3006460964679718,0.036419641226530075,3.5201025009155273,3.5201025009155273,7.743314743041992,3.0241464828756013,-18.07689700923343,-25.152605943973004,-3.9266501825622564,0.9160488843917847,0.6295296549797058,-0.6583541035652161,-0.8951102601303448
1.04,416,front_wing,front_wing_main_wing,segment_0,front_wing_main_wing:segment_0:mirror:5,mirror,5,-3.6054306030273438,3.6054306030273438,-3.7091643810272217,-3.4978713989257812,0.3261798024177551,0.03885035961866379,3.686035633087158,3.686035633087158,7.675126552581787,2.944739720699912,-19.307715719160395,-25.1576802501224,-3.865696274322535,0.9773849248886108,0.657149076461792,-0.7501116991043091,-0.9045521987873524
1.04,416,front_wing,front_wing_main_wing,segment_0,front_wing_main_wing:segment_0:mirror:4,mirror,4,-3.645578384399414,3.645578384399414,-3.757601499557495,-3.529304027557373,0.3534213602542877,0.041443683207035065,3.8354039192199707,3.8354039192199707,7.598485469818115,2.856414782506214,-20.56149733293279,-24.802343272610386,-3.7994072050221677,1.0279004573822021,0.6713553071022034,-0.852144181728363,-0.9146247165848236
1.04,416,front_wing,front_wing_main_wing,segment_0,front_wing_main_wing:segment_0:mirror:3,mirror,3,-3.688404083251953,3.688404083251953,-3.8092572689056396,-3.5628321170806885,0.3824795186519623,0.04421045631170273,3.963374614715576,3.963374614715576,7.514758110046387,2.7578581792383803,-21.788268515411723,-24.027957673858708,-3.720218370473063,1.0622869729995728,0.6683961749076843,-0.9632692933082581,-0.9253690864886964
1.04,416,front_wing,front_wing_main_wing,segment_0,front_wing_main_wing:segment_0:mirror:2,mirror,2,-3.734093189239502,3.734093189239502,-3.8643739223480225,-3.598595142364502,0.41346997022628784,0.04716118425130844,4.063875675201416,4.063875675201416,7.416354656219482,2.650549664224824,-23.005821765291437,-22.66508538015096,-3.6336883484458684,1.0689122676849365,0.6365917921066284,-1.0849817991256714,-0.9368318452634636
1.04,416,front_wing,front_wing_main_wing,segment_0,front_wing_main_wing:segment_0:mirror:1,mirror,1,-3.7828292846679688,3.7828292846679688,-3.92315936088562,-3.636754274368286,0.44653546810150146,0.05031123384833336,4.129818439483643,4.129818439483643,7.296943664550781,2.534918500365562,-24.226624191550012,-20.532539512765304,-3.543160619928942,1.0330173969268799,0.5619314908981323,-1.2188713550567627,-0.9490590511464763
1.04,416,front_wing,front_wing_main_wing,segment_0,front_wing_main_wing:segment_0:mirror:0,mirror,0,-3.834817886352539,3.834817886352539,-3.9858734607696533,-3.6774473190307617,0.48180222511291504,0.05367017537355423,4.154278755187988,4.154278755187988,7.124468803405762,2.4204958358268494,-25.593553346163226,-16.99446476561566,-3.469090929036939,0.9120959043502808,0.40294134616851807,-1.373610496520996,-0.9621022654372108
1.04,416,front_wing,front_wing_main_wing,segment_0,front_wing_main_wing:segment_0:orig:17,orig,17,3.2809739112854004,3.2809739112854004,3.2438716888427734,3.317779541015625,0.10607434809207916,0.017889967188239098,-0.7629059553146362,0.7629059553146362,8.035551071166992,1.7900904006912388,-2.7706517385466114,-8.881740557105797,-1.705789617900225,0.15889404714107513,-0.13053368031978607,-0.04956686869263649,0.8231505449377361
1.04,416,front_wing,front_wing_main_wing,segment_0,front_wing_main_wing:segment_0:orig:16,orig,16,3.299459934234619,3.299459934234619,3.2583415508270264,3.340075969696045,0.11861366033554077,0.01908530294895172,-1.1948180198669434,1.1948180198669434,8.106992721557617,2.4850622279536885,-4.811150591859887,-12.496777387134378,-2.6489157217108312,0.2385047823190689,-0.18950910866260529,-0.09182226657867432,0.8277884299913297
1.04,416,front_wing,front_wing_main_wing,segment_0,front_wing_main_wing:segment_0:orig:15,orig,15,3.3191819190979004,3.3191819190979004,3.273782730102539,3.363863945007324,0.13198108971118927,0.020358536392450333,-1.5307996273040771,1.5307996273040771,8.123658180236816,2.855518593460708,-6.488251957519123,-15.027586879521197,-3.2104794538732495,0.3059396743774414,-0.2384321391582489,-0.13209131360054016,0.8327364006324932
1.04,416,front_wing,front_wing_main_wing,segment_0,front_wing_main_wing:segment_0:orig:14,orig,14,3.3402185440063477,3.3402185440063477,3.2902560234069824,3.3892433643341064,0.14625750482082367,0.02171814814209938,-1.8174340724945068,1.8174340724945068,8.118085861206055,3.0613773245635327,-7.952434346880515,-17.081875380472564,-3.55087864968764,0.3709867000579834,-0.28436118364334106,-0.17271214723587036,0.838014196105806
1.04,416,front_wing,front_wing_main_wing,segment_0,front_wing_main_wing:segment_0:orig:13,orig,13,3.3626599311828613,3.3626599311828613,3.307816982269287,3.4163198471069336,0.16148926317691803,0.02316628396511078,-2.0739712715148926,2.0739712715148926,8.093461990356445,3.173618707371167,-9.304678248597927,-18.810791792176182,-3.762804071906534,0.43577614426612854,-0.32994964718818665,-0.21555481851100922,0.8436444268186948
1.04,416,front_wing,front_wing_main_wing,segment_0,front_wing_main_wing:segment_0:orig:12,orig,12,3.3866007328033447,3.3866007328033447,3.326566219329834,3.4451944828033447,0.17772972583770752,0.02471311017870903,-2.3111305236816406,2.3111305236816406,8.060565948486328,3.226479147112587,-10.597018484671478,-20.30633377927682,-3.8938347735144525,0.5018326640129089,-0.3758261501789093,-0.26188528537750244,0.8496508396805472
1.04,416,front_wing,front_wing_main_wing,segment_0,front_wing_main_wing:segment_0:orig:11,orig,11,3.4121391773223877,3.4121391773223877,3.346552848815918,3.476001024246216,0.19505515694618225,0.02636159211397171,-2.534806251525879,2.534806251525879,8.02052116394043,3.2405202463719416,-11.848145084228022,-21.60237612815355,-3.9668595579729184,0.5694730281829834,-0.421268105506897,-0.3123359680175781,0.856058078839141
1.04,416,front_wing,front_wing_main_wing,segment_0,front_wing_main_wing:segment_0:orig:10,orig,10,3.439382553100586,3.439382553100586,3.367882251739502,3.508863687515259,0.21353045105934143,0.02812502533197403,-2.7486541271209717,2.7486541271209717,7.97474479675293,3.228296972006575,-13.078479643177777,-22.71321052315082,-3.99992033354762,0.6388096213340759,-0.46753814816474915,-0.36783257126808167,0.8628930614461748
1.04,416,front_wing,front_wing_main_wing,segment_0,front_wing_main_wing:segment_0:orig:9,orig,9,3.4684438705444336,3.4684438705444336,3.390638589859009,3.5439209938049316,0.2332453727722168,0.03000059351325035,-2.9543707370758057,2.9543707370758057,7.922740936279297,3.19747013382267,-14.318877299188163,-23.633032389640768,-4.009127139880747,0.7090049982070923,-0.5118351578712463,-0.4295748174190521,0.8701841402347714
1.04,416,front_wing,front_wing_main_wing,segment_0,front_wing_main_wing:segment_0:orig:8,orig,8,3.499445915222168,3.499445915222168,3.4149041175842285,3.581317186355591,0.25428566336631775,0.03200231119990349,-3.152101993560791,3.152101993560791,7.869067668914795,3.1505407552751095,-15.556025891225888,-24.37567305022784,-3.9951278346683994,0.7800778746604919,-0.5552573800086975,-0.49782878160476685,0.8779621203896527
1.04,416,front_wing,front_wing_main_wing,segment_0,front_wing_main_wing:segment_0:orig:7,orig,7,3.5325164794921875,3.5325164794921875,3.440788745880127,3.6212122440338135,0.27671706676483154,0.03413854166865349,-3.341177225112915,3.341177225112915,7.808257102966309,3.0927118449845996,-16.815169366635402,-24.887130121742754,-3.9684343379914204,0.8496103286743164,-0.5951423048973083,-0.5740453600883484,0.8862590632292866
1.04,416,front_wing,front_wing_main_wing,segment_0,front_wing_main_wing:segment_0:orig:6,orig,6,3.567796230316162,3.567796230316162,3.4684181213378906,3.663764715194702,0.3006460964679718,0.036419641226530075,-3.5201029777526855,3.5201029777526855,7.743311405181885,3.0241481961297927,-18.076905192269116,-25.152574848437393,-3.9266519600752083,0.9160477519035339,-0.6295287609100342,-0.6583544015884399,0.8951102601303448
1.04,416,front_wing,front_wing_main_wing,segment_0,front_wing_main_wing:segment_0:orig:5,orig,5,3.6054306030273438,3.6054306030273438,3.4978713989257812,3.7091643810272217,0.3261798024177551,0.03885035961866379,-3.68603515625,3.68603515625,7.675127029418945,2.94473915680956,-19.30770958231684,-25.157695592231292,-3.865695045633776,0.9773855209350586,-0.6571495532989502,-0.75011146068573,0.9045521987873524
1.04,416,front_wing,front_wing_main_wing,segment_0,front_wing_main_wing:segment_0:orig:4,orig,4,3.645578384399414,3.645578384399414,3.529304027557373,3.757601499557495,0.3534213602542877,0.041443683207035065,-3.835404396057129,3.835404396057129,7.598483085632324,2.8564160338914477,-20.561510276806537,-24.80229437353179,-3.7994095968249813,1.0278984308242798,-0.6713535785675049,-0.852144718170166,0.9146247165848236
1.04,416,front_wing,front_wing_main_wing,segment_0,front_wing_main_wing:segment_0:orig:3,orig,3,3.688404083251953,3.688404083251953,3.5628321170806885,3.8092572689056396,0.3824795186519623,0.04421045631170273,-3.9633731842041016,3.9633731842041016,7.514760971069336,2.7578561338646557,-21.788233462148458,-24.028027780385237,-3.720212385335058,1.062290072441101,-0.6683984994888306,-0.9632677435874939,0.9253690864886964
1.04,416,front_wing,front_wing_main_wing,segment_0,front_wing_main_wing:segment_0:orig:2,orig,2,3.734093189239502,3.734093189239502,3.598595142364502,3.8643739223480225,0.41346997022628784,0.04716118425130844,-4.063876152038574,4.063876152038574,7.416354179382324,2.650550145646636,-23.00583693148687,-22.66504746466237,-3.6336907438929074,1.0689104795455933,-0.6365906596183777,-1.0849825143814087,0.9368318452634636
1.04,416,front_wing,front_wing_main_wing,segment_0,front_wing_main_wing:segment_0:orig:1,orig,1,3.7828292846679688,3.7828292846679688,3.636754274368286,3.92315936088562,0.44653546810150146,0.05031123384833336,-4.129817962646484,4.129817962646484,7.296941757202148,2.534918870281391,-24.226617083239574,-20.53253477389168,-3.5431595803336013,1.0330171585083008,-0.5619312524795532,-1.218870997428894,0.9490590511464763
1.04,416,front_wing,front_wing_main_wing,segment_0,front_wing_main_wing:segment_0:orig:0,orig,0,3.834817886352539,3.834817886352539,3.6774473190307617,3.9858734607696533,0.48180222511291504,0.05367017537355423,-4.1542792320251465,4.1542792320251465,7.124468803405762,2.4204961136566303,-25.593564451892686,-16.994446996448527,-3.469092434368567,0.9120949506759644,-0.4029406011104584,-1.3736110925674438,0.9621022654372108
1.12,448,front_wing,front_wing_main_wing,segment_0,front_wing_main_wing:segment_0:mirror:17,mirror,17,-3.236100912094116,3.236100912094116,-3.272907018661499,-3.1989989280700684,0.10607603192329407,0.01789027266204357,0.5130228996276855,0.5130228996276855,7.056746482849121,1.370708057934653,-1.6667958733408108,-4.534679081751801,-1.0261693751945975,0.08112664520740509,0.05927056819200516,-0.029819432646036148,-0.8211367038767294
1.12,448,front_wing,front_wing_main_wing,segment_0,front_wing_main_wing:segment_0:mirror:16,mirror,16,-3.254586696624756,3.254586696624756,-3.2952029705047607,-3.213468313217163,0.11861526966094971,0.019085673615336418,0.8041849732398987,0.8041849732398987,7.099695205688477,1.9098780801169821,-2.8937541178522355,-6.493637512671347,-1.5932169719621907,0.12393544614315033,0.08617954701185226,-0.055229246616363525,-0.8258273351612286
1.12,448,front_wing,front_wing_main_wing,segment_0,front_wing_main_wing:segment_0:mirror:15,mirror,15,-3.274308681488037,3.274308681488037,-3.3189899921417236,-3.2289083003997803,0.1319812536239624,0.020358316600322723,1.0311609506607056,1.0311609506607056,7.110848426818848,2.197469132298186,-3.901591137906792,-7.899104355912485,-1.9305604515922985,0.16081246733665466,0.10857648402452469,-0.07942982763051987,-0.8308316431492826
1.12,448,front_wing,front_wing_main_wing,segment_0,front_wing_main_wing:segment_0:mirror:14,mirror,14,-3.2953457832336426,3.2953457832336426,-3.344369649887085,-3.2453832626342773,0.14625579118728638,0.021718572825193405,1.2252821922302246,1.2252821922302246,7.107622146606445,2.3573752192003057,-4.793040522055185,-9.051621817021681,-2.1401880137206253,0.19658830761909485,0.12951424717903137,-0.10409799963235855,-0.8361696523324782
1.12,448,front_wing,front_wing_main_wing,segment_0,front_wing_main_wing:segment_0:mirror:13,mirror,13,-3.317786693572998,3.317786693572998,-3.371445894241333,-3.262943983078003,0.16148769855499268,0.023165959864854813,1.3994394540786743,1.3994394540786743,7.092804908752441,2.4435804936528944,-5.613354849551303,-10.038940495114227,-2.270057982339343,0.23256169259548187,0.15038888156414032,-0.13003875315189362,-0.8418638675774927
1.12,448,front_wing,front_wing_main_wing,segment_0,front_wing_main_wing:segment_0:mirror:12,mirror,12,-3.3417272567749023,3.3417272567749023,-3.400322437286377,-3.28169322013855,0.17773067951202393,0.02471303567290306,1.560856819152832,1.560856819152832,7.07328987121582,2.483185731627334,-6.392330854382557,-10.908939070872064,-2.348825440024582,0.2695930004119873,0.1715119332075119,-0.15797390043735504,-0.8479386086596065
1.12,448,front_wing,front_wing_main_wing,segment_0,front_wing_main_wing:segment_0:mirror:11,mirror,11,-3.3672659397125244,3.3672659397125244,-3.4311277866363525,-3.3016788959503174,0.1950567662715912,0.02636156603693962,1.713501214981079,1.713501214981079,7.0481367111206055,2.492751997515994,-7.156115860950918,-11.6764181228846,-2.395908573730982,0.30780866742134094,0.19218756258487701,-0.18864642083644867,-0.8544188608205879
1.12,448,front_wing,front_wing_main_wing,segment_0,front_wing_main_wing:segment_0:mirror:10,mirror,10,-3.394509792327881,3.394509792327881,-3.4639909267425537,-3.3230092525482178,0.21353060007095337,0.02812470868229866,1.8598613739013672,1.8598613739013672,7.02094841003418,2.481159412608474,-7.911642219016489,-12.36056733083265,-2.4196938300923705,0.3476373553276062,0.2135075181722641,-0.2225126326084137,-0.8613317871925288
1.12,448,front_wing,front_wing_main_wing,segment_0,front_wing_main_wing:segment_0:mirror:9,mirror,9,-3.4235708713531494,3.4235708713531494,-3.4990477561950684,-3.3457648754119873,0.23324525356292725,0.03000062331557274,2.0010740756988525,2.0010740756988525,6.989971160888672,2.454736965020185,-8.67117508488208,-12.954348385138834,-2.4278342783814595,0.38863852620124817,0.23386941850185394,-0.26014065742492676,-0.8687058213435429
1.12,448,front_wing,front_wing_main_wing,segment_0,front_wing_main_wing:segment_0:mirror:8,mirror,8,-3.4545722007751465,3.4545722007751465,-3.5364434719085693,-3.3700315952301025,0.2542845904827118,0.03200271725654602,2.1372618675231934,2.1372618675231934,6.957266330718994,2.4161787536395276,-9.43293230884132,-13.461869769321673,-2.422593642991549,0.4308164119720459,0.253791481256485,-0.3018794655799866,-0.8765721797016024
1.12,448,front_wing,front_wing_main_wing,segment_0,front_wing_main_wing:segment_0:mirror:7,mirror,7,-3.4876437187194824,3.4876437187194824,-3.5763399600982666,-3.3959157466888428,0.2767176032066345,0.034138381481170654,2.2679667472839355,2.2679667472839355,6.920373439788818,2.368647096976426,-10.20761959469015,-13.859723403178018,-2.4090265579008006,0.47314852476119995,0.2720373868942261,-0.34847161173820496,-0.8849638331063286
1.12,448,front_wing,front_wing_main_wing,segment_0,front_wing_main_wing:segment_0:mirror:6,mirror,6,-3.522923231124878,3.522923231124878,-3.6188912391662598,-3.4235446453094482,0.30064594745635986,0.036419570446014404,2.3921594619750977,2.3921594619750977,6.881837368011475,2.3123861676607267,-10.984583130802806,-14.144231194119987,-2.38606419630962,0.5151268243789673,0.28790634870529175,-0.40005379915237427,-0.8939157487968064
1.12,448,front_wing,front_wing_main_wing,segment_0,front_wing_main_wing:segment_0:mirror:5,mirror,5,-3.5605571269989014,3.5605571269989014,-3.6642906665802,-3.4529991149902344,0.32617759704589844,0.038850318640470505,2.5079081058502197,2.5079081058502197,6.840790748596191,2.247921700112448,-11.758849793212127,-14.300440808019866,-2.3543152301370656,0.5555766820907593,0.30038371682167053,-0.4568350613117218,-0.9034650719024441
1.12,448,front_wing,front_wing_main_wing,segment_0,front_wing_main_wing:segment_0:mirror:4,mirror,4,-3.6007049083709717,3.6007049083709717,-3.712728261947632,-3.484431505203247,0.35342100262641907,0.041443560272455215,2.612703323364258,2.612703323364258,6.795712471008301,2.1756685971164367,-12.525300269547982,-14.283655946860208,-2.314460054820159,0.5919655561447144,0.30698955059051514,-0.5190930366516113,-0.913652274885089
1.12,448,front_wing,front_wing_main_wing,segment_0,front_wing_main_wing:segment_0:mirror:3,mirror,3,-3.64353084564209,3.64353084564209,-3.7643837928771973,-3.517957925796509,0.3824802339076996,0.044210802763700485,2.7031431198120117,2.7031431198120117,6.745794296264648,2.0953517825796872,-13.295806187981594,-14.064132644553343,-2.270176260088161,0.6217865943908691,0.30538028478622437,-0.5878182649612427,-0.9245190401456573
1.12,448,front_wing,front_wing_main_wing,segment_0,front_wing_main_wing:segment_0:mirror:2,mirror,2,-3.689220428466797,3.689220428466797,-3.81950044631958,-3.5537219047546387,0.4134695529937744,0.047161031514406204,2.7748565673828125,2.7748565673828125,6.689189910888672,2.0065661165962867,-14.049888887510937,-13.56921246036535,-2.2191325998220774,0.6399380564689636,0.2910252809524536,-0.6626072525978088,-0.9361124343139204
1.12,448,front_wing,front_wing_main_wing,segment_0,front_wing_main_wing:segment_0:mirror:1,mirror,1,-3.7379565238952637,3.7379565238952637,-3.878286361694336,-3.591881036758423,0.4465351998806,0.050311129540205,2.8225700855255127,2.8225700855255127,6.620083808898926,1.909657764538719,-14.807632949190062,-12.687167422012603,-2.1656279075376967,0.6383057236671448,0.25616997480392456,-0.744988739490509,-0.9484788585531622
1.12,448,front_wing,front_wing_main_wing,segment_0,front_wing_main_wing:segment_0:mirror:0,mirror,0,-3.789944648742676,3.789944648742676,-3.9410014152526855,-3.6325745582580566,0.4818017780780792,0.053669996559619904,2.840409755706787,2.840409755706787,6.524188995361328,1.8072409535414427,-15.637295662573498,-11.15378113171925,-2.119566991605058,0.5986233949661255,0.18312117457389832,-0.8392536044120789,-0.9616704612372425
1.12,448,front_wing,front_wing_main_wing,segment_0,front_wing_main_wing:segment_0:orig:17,orig,17,3.236100912094116,3.236100912094116,3.1989989280700684,3.272907018661499,0.10607603192329407,0.01789027266204357,-0.513022780418396,0.513022780418396,7.056745529174805,1.370707924670583,-1.6667957692258437,-4.534676582992591,-1.0261693110958123,0.08112660050392151,-0.05927053093910217,-0.029819430783391,0.8211367038767294
1.12,448,front_wing,front_wing_main_wing,segment_0,front_wing_main_wing:segment_0:orig:16,orig,16,3.254586696624756,3.254586696624756,3.213468313217163,3.2952029705047607,0.11861526966094971,0.019085673615336418,-0.8041848540306091,0.8041848540306091,7.099695205688477,1.9098777970039962,-2.8937545082277993,-6.493635560793528,-1.593217186891638,0.12393540889024734,-0.08617951720952988,-0.05522925406694412,0.8258273351612286
1.12,448,front_wing,front_wing_main_wing,segment_0,front_wing_main_wing:segment_0:orig:15,orig,15,3.274308681488037,3.274308681488037,3.2289083003997803,3.3189899921417236,0.1319812536239624,0.020358316600322723,-1.031160831451416,1.031160831451416,7.110848426818848,2.197468878255659,-3.901592235823787,-7.899102160078494,-1.930560994856586,0.16081242263317108,-0.1085764467716217,-0.07942984998226166,0.8308316431492826
1.12,448,front_wing,front_wing_main_wing,segment_0,front_wing_main_wing:segment_0:orig:14,orig,14,3.2953457832336426,3.2953457832336426,3.2453832626342773,3.344369649887085,0.14625579118728638,0.021718572825193405,-1.2252819538116455,1.2252819538116455,7.107622146606445,2.3573747604961364,-4.7930401790040715,-9.051617014306089,-2.1401878605414733,0.1965882033109665,-0.12951414287090302,-0.10409799218177795,0.8361696523324782
1.12,448,front_wing,front_wing_main_wing,segment_0,front_wing_main_wing:segment_0:orig:13,orig,13,3.317786693572998,3.317786693572998,3.262943983078003,3.371445894241333,0.16148769855499268,0.023165959864854813,-1.399438738822937,1.399438738822937,7.0928053855896,2.4435790804573587,-5.6133503469047925,-10.038939851879011,-2.2700561614552326,0.23256167769432068,-0.15038888156414032,-0.13003864884376526,0.8418638675774927
1.12,448,front_wing,front_wing_main_wing,segment_0,front_wing_main_wing:segment_0:orig:12,orig,12,3.3417272567749023,3.3417272567749023,3.28169322013855,3.400322437286377,0.17773067951202393,0.02471303567290306,-1.5608561038970947,1.5608561038970947,7.073291778564453,2.48318392411526,-6.392326633608965,-10.908941482742689,-2.3488238891254474,0.2695930600166321,-0.1715119332075119,-0.15797379612922668,0.8479386086596065
1.12,448,front_wing,front_wing_main_wing,segment_0,front_wing_main_wing:segment_0:orig:11,orig,11,3.3672659397125244,3.3672659397125244,3.3016788959503174,3.4311277866363525,0.1950567662715912,0.02636156603693962,-1.713500738143921,1.713500738143921,7.0481367111206055,2.4927513038270908,-7.156115860950918,-11.676410209232717,-2.395908573730982,0.30780845880508423,-0.19218742847442627,-0.18864642083644867,0.8544188608205879
1.12,448,front_wing,front_wing_main_wing,segment_0,front_wing_main_wing:segment_0:orig:10,orig,10,3.394509792327881,3.394509792327881,3.3230092525482178,3.4639909267425537,0.21353060007095337,0.02812470868229866,-1.8598606586456299,1.8598606586456299,7.020947456359863,2.48115879543967,-7.911639040069174,-12.360562032587124,-2.419692857844259,0.34763720631599426,-0.21350742876529694,-0.22251254320144653,0.8613317871925288
1.12,448,front_wing,front_wing_main_wing,segment_0,front_wing_main_wing:segment_0:orig:9,orig,9,3.4235708713531494,3.4235708713531494,3.3457648754119873,3.4990477561950684,0.23324525356292725,0.03000062331557274,-2.001073122024536,2.001073122024536,6.989972114562988,2.4547354602276674,-8.671168131151335,-12.954357325649791,-2.427832331412831,0.38863879442214966,-0.23386958241462708,-0.26014044880867004,0.8687058213435429
1.12,448,front_wing,front_wing_main_wing,segment_0,front_wing_main_wing:segment_0:orig:8,orig,8,3.4545722007751465,3.4545722007751465,3.3700315952301025,3.5364434719085693,0.2542845904827118,0.03200271725654602,-2.137261390686035,2.137261390686035,6.9572649002075195,2.41617871137439,-9.432936033815315,-13.461860456886685,-2.4225945996504143,0.430816113948822,-0.2537912130355835,-0.3018795847892761,0.8765721797016024
1.12,448,front_wing,front_wing_main_wing,segment_0,front_wing_main_wing:segment_0:orig:7,orig,7,3.4876437187194824,3.4876437187194824,3.3959157466888428,3.5763399600982666,0.2767176032066345,0.034138381481170654,-2.2679662704467773,2.2679662704467773,6.920375347137451,2.368645946140453,-10.207605626917296,-13.859740862894087,-2.409023261467636,0.4731491208076477,-0.2720380127429962,-0.34847113490104675,0.8849638331063286
1.12,448,front_wing,front_wing_main_wing,segment_0,front_wing_main_wing:segment_0:orig:6,orig,6,3.522923231124878,3.522923231124878,3.4235446453094482,3.6188912391662598,0.30064594745635986,0.036419570446014404,-2.3921594619750977,2.3921594619750977,6.8818359375,2.3123866483311435,-10.984583949107966,-14.144223011068396,-2.386064374061349,0.5151265263557434,-0.28790614008903503,-0.40005382895469666,0.8939157487968064
1.12,448,front_wing,front_wing_main_wing,segment_0,front_wing_main_wing:segment_0:orig:5,orig,5,3.5605571269989014,3.5605571269989014,3.4529991149902344,3.6642906665802,0.32617759704589844,0.038850318640470505,-2.507908582687378,2.507908582687378,6.840790271759033,2.24792228420887,-11.758853628743395,-14.300433136957329,-2.354315998073542,0.5555763840675354,-0.3003835082054138,-0.45683521032333374,0.9034650719024441
1.12,448,front_wing,front_wing_main_wing,segment_0,front_wing_main_wing:segment_0:orig:4,orig,4,3.6007049083709717,3.6007049083709717,3.484431505203247,3.712728261947632,0.35342100262641907,0.041443560272455215,-2.612703323364258,2.612703323364258,6.795712471008301,2.1756685971164367,-12.525297393123061,-14.283661699710047,-2.3144595233063083,0.5919657945632935,-0.30698978900909424,-0.5190929174423218,0.913652274885089
1.12,448,front_wing,front_wing_main_wing,segment_0,front_wing_main_wing:segment_0:orig:3,orig,3,3.64353084564209,3.64353084564209,3.517957925796509,3.7643837928771973,0.3824802339076996,0.044210802763700485,-2.703143835067749,2.703143835067749,6.745794296264648,2.095352337012922,-13.29581697351654,-14.064128599977739,-2.27017810165121,0.6217864155769348,-0.30538010597229004,-0.5878187417984009,0.9245190401456573
1.12,448,front_wing,front_wing_main_wing,segment_0,front_wing_main_wing:segment_0:orig:2,orig,2,3.689220428466797,3.689220428466797,3.5537219047546387,3.81950044631958,0.4134695529937744,0.047161031514406204,-2.7748570442199707,2.7748570442199707,6.6891889572143555,2.0065667474839812,-14.049892679072075,-13.569207404950498,-2.219133198686381,0.6399378180503845,-0.2910251021385193,-0.6626074314117432,0.9361124343139204
1.12,448,front_wing,front_wing_main_wing,segment_0,front_wing_main_wing:segment_0:orig:1,orig,1,3.7379565238952637,3.7379565238952637,3.591881036758423,3.878286361694336,0.4465351998806,0.050311129540205,-2.822570323944092,2.822570323944092,6.620083808898926,1.909657925844861,-14.8076317644692,-12.687173345616914,-2.1656277342713435,0.6383060216903687,-0.25617021322250366,-0.7449886798858643,0.9484788585531622
1.12,448,front_wing,front_wing_main_wing,segment_0,front_wing_main_wing:segment_0:orig:0,orig,0,3.789944648742676,3.789944648742676,3.6325745582580566,3.9410014152526855,0.4818017780780792,0.053669996559619904,-2.8404107093811035,2.8404107093811035,6.524186134338379,1.8072423528486572,-15.637307878916605,-11.153761141339618,-2.1195686474769024,0.5986223220825195,-0.18312029540538788,-0.8392542600631714,0.9616704612372425
1.2,480,front_wing,front_wing_main_wing,segment_0,front_wing_main_wing:segment_0:mirror:17,mirror,17,-3.2189550399780273,3.2189550399780273,-3.2557613849639893,-3.1818525791168213,0.10607735812664032,0.017890065908432007,0.10698691010475159,0.10698691010475159,5.630260467529297,0.35826918747261655,-0.47274551009427096,-0.43091027934784965,-0.29104397691130157,0.007709013298153877,0.0026803649961948395,-0.008457448333501816,-0.8203552835609047
1.2,480,front_wing,front_wing_main_wing,segment_0,front_wing_main_wing:segment_0:mirror:16,mirror,16,-3.2374415397644043,3.2374415397644043,-3.2780563831329346,-3.196321487426758,0.11861598491668701,0.019085809588432312,0.16877618432044983,0.16877618432044983,5.634064674377441,0.5050985391941699,-0.7603945536750865,-0.6525820329365324,-0.41864863211076686,0.012455056421458721,0.00392584502696991,-0.014512745663523674,-0.8250665944012094
1.2,480,front_wing,front_wing_main_wing,segment_0,front_wing_main_wing:segment_0:mirror:15,mirror,15,-3.2571630477905273,3.2571630477905273,-3.301844358444214,-3.2117626667022705,0.13198062777519226,0.020358145236968994,0.2177547961473465,0.2177547961473465,5.63543176651001,0.5855450843939398,-0.9912810932710296,-0.8230122777431321,-0.49050171642451035,0.016755003482103348,0.00498305493965745,-0.02018064446747303,-0.8300926488530694
1.2,480,front_wing,front_wing_main_wing,segment_0,front_wing_main_wing:segment_0:mirror:14,mirror,14,-3.278200626373291,3.278200626373291,-3.3272252082824707,-3.2282378673553467,0.1462574005126953,0.021718114614486694,0.2603604197502136,0.2603604197502136,5.635653018951416,0.6317465257161302,-1.1930896212498576,-0.9693321271401695,-0.5327324061881344,0.02105206623673439,0.005989523604512215,-0.025911657139658928,-0.8354541057635753
1.2,480,front_wing,front_wing_main_wing,segment_0,front_wing_main_wing:segment_0:mirror:13,mirror,13,-3.3006410598754883,3.3006410598754883,-3.3543012142181396,-3.245797634124756,0.1614888310432434,0.02316686138510704,0.2992633283138275,0.2992633283138275,5.63470458984375,0.6577636270959616,-1.3787380762901953,-1.10066134871206,-0.5575620125156963,0.02549886889755726,0.007009155582636595,-0.03194103389978409,-0.8411730822513769
1.2,480,front_wing,front_wing_main_wing,segment_0,front_wing_main_wing:segment_0:mirror:12,mirror,12,-3.324582099914551,3.324582099914551,-3.3831772804260254,-3.2645490169525146,0.17773063480854034,0.024712996557354927,0.3359872102737427,0.3359872102737427,5.633444786071777,0.6711450745067633,-1.5551552346456117,-1.2225616684262044,-0.5714330469271337,0.030213162302970886,0.008053794503211975,-0.03843254595994949,-0.8472744904556126
1.2,480,front_wing,front_wing_main_wing,segment_0,front_wing_main_wing:segment_0:mirror:11,mirror,11,-3.3501205444335938,3.3501205444335938,-3.413982629776001,-3.2845335006713867,0.19505754113197327,0.026361465454101562,0.3713623583316803,0.3713623583316803,5.6316752433776855,0.6761258317554732,-1.7264703621300919,-1.3374704932711092,-0.578029868619729,0.03525768220424652,0.009082845412194729,-0.04551228880882263,-0.8537829994701613
1.2,480,front_wing,front_wing_main_wing,segment_0,front_wing_main_wing:segment_0:mirror:10,mirror,10,-3.377364158630371,3.377364158630371,-3.4468460083007812,-3.305863857269287,0.2135309875011444,0.028124354779720306,0.4059186279773712,0.4059186279773712,5.629677772521973,0.6753432000618552,-1.8950931536004547,-1.4468595181661905,-0.5795935615227316,0.04069199040532112,0.010155144147574902,-0.05329827219247818,-0.8607260734093903
1.2,480,front_wing,front_wing_main_wing,segment_0,front_wing_main_wing:segment_0:mirror:9,mirror,9,-3.4064254760742188,3.4064254760742188,-3.4819021224975586,-3.328619956970215,0.2332446575164795,0.030000979080796242,0.43991273641586304,0.43991273641586304,5.627153396606445,0.6703414467829436,-2.0626424372586905,-1.5511660926699047,-0.5775188208397035,0.04653650149703026,0.011188396252691746,-0.06188129261136055,-0.8681323916139664
1.2,480,front_wing,front_wing_main_wing,segment_0,front_wing_main_wing:segment_0:mirror:8,mirror,8,-3.437427520751953,3.437427520751953,-3.5192983150482178,-3.35288667678833,0.25428473949432373,0.032002002000808716,0.4733964502811432,0.4733964502811432,5.624698638916016,0.6619656233525999,-2.2299775844680014,-1.650743521426995,-0.5727091192312698,0.05282709747552872,0.0121913505718112,-0.07136374711990356,-0.8760333069224151
1.2,480,front_wing,front_wing_main_wing,segment_0,front_wing_main_wing:segment_0:mirror:7,mirror,7,-3.470498561859131,3.470498561859131,-3.559194803237915,-3.378769636154175,0.27671897411346436,0.034138791263103485,0.5062523484230042,0.5062523484230042,5.621771812438965,0.6508559717393722,-2.3962812560630864,-1.7437968010255713,-0.5655262261361357,0.059531114995479584,0.013135832734405994,-0.08180614560842514,-0.8844615089221914
1.2,480,front_wing,front_wing_main_wing,segment_0,front_wing_main_wing:segment_0:mirror:6,mirror,6,-3.5057778358459473,3.5057778358459473,-3.60174560546875,-3.4063987731933594,0.3006491959095001,0.036419592797756195,0.5382469892501831,0.5382469892501831,5.6188507080078125,0.6372415203691827,-2.5606405688853973,-1.8300160285424665,-0.5562147140742457,0.0666484385728836,0.013958452269434929,-0.09325748682022095,-0.8934524822212392
1.2,480,front_wing,front_wing_main_wing,segment_0,front_wing_main_wing:segment_0:mirror:5,mirror,5,-3.5434112548828125,3.5434112548828125,-3.6471450328826904,-3.4358506202697754,0.32618066668510437,0.03885074704885483,0.568907618522644,0.568907618522644,5.615647315979004,0.6211746223692619,-2.7211166105630515,-1.9070509519779522,-0.5448071964943905,0.07409035414457321,0.014609534293413162,-0.10571741312742233,-0.9030434127443212
1.2,480,front_wing,front_wing_main_wing,segment_0,front_wing_main_wing:segment_0:mirror:4,mirror,4,-3.583559513092041,3.583559513092041,-3.695584297180176,-3.467285394668579,0.35342273116111755,0.04144349321722984,0.5975708365440369,0.5975708365440369,5.61221981048584,0.6025460431650703,-2.875141473143631,-1.971879485151466,-0.5312740934528626,0.08172157406806946,0.014969504438340664,-0.11915590614080429,-0.9132752536177287
1.2,480,front_wing,front_wing_main_wing,segment_0,front_wing_main_wing:segment_0:mirror:3,mirror,3,-3.62638521194458,3.62638521194458,-3.747239589691162,-3.500812530517578,0.38248223066329956,0.04421066492795944,0.6232737302780151,0.6232737302780151,5.608555793762207,0.5810941591979101,-3.0187660466930857,-2.0199123504029,-0.515432847032591,0.08930166810750961,0.014906120486557484,-0.13346165418624878,-0.9241894440582725
1.2,480,front_wing,front_wing_main_wing,segment_0,front_wing_main_wing:segment_0:mirror:2,mirror,2,-3.6720752716064453,3.6720752716064453,-3.802356243133545,-3.536576509475708,0.41347113251686096,0.04716113582253456,0.6446572542190552,0.6446572542190552,5.604320049285889,0.5564046454270151,-3.1458614293316574,-2.0451558134653993,-0.49687631264820487,0.09645187109708786,0.014214888215065002,-0.148362398147583,-0.9358336209368908
1.2,480,front_wing,front_wing_main_wing,segment_0,front_wing_main_wing:segment_0:mirror:1,mirror,1,-3.720811367034912,3.720811367034912,-3.861142158508301,-3.5747361183166504,0.4465378224849701,0.05031069740653038,0.6598500609397888,0.6598500609397888,5.599574565887451,0.5277909927844794,-3.2504289651929725,-2.0377816651764973,-0.4753749880162662,0.10252221673727036,0.012484273873269558,-0.1635313481092453,-0.9482540843755924
1.2,480,front_wing,front_wing_main_wing,segment_0,front_wing_main_wing:segment_0:mirror:0,mirror,0,-3.7727999687194824,3.7727999687194824,-3.9238548278808594,-3.6154282093048096,0.4818034768104553,0.05367029458284378,0.6658122539520264,0.6658122539520264,5.593019485473633,0.4941576437491753,-3.322770512410278,-1.976055128718589,-0.4503854131353486,0.10605546087026596,0.008756224997341633,-0.1783340722322464,-0.961503453673143
1.2,480,front_wing,front_wing_main_wing,segment_0,front_wing_main_wing:segment_0:orig:17,orig,17,3.2189550399780273,3.2189550399780273,3.1818525791168213,3.2557613849639893,0.10607735812664032,0.017890065908432007,-0.10698691755533218,0.10698691755533218,5.630260944366455,0.35826918208004477,-0.4727455621523561,-0.43091033140593477,-0.29104400896066385,0.007709014229476452,-0.0026803661603480577,-0.00845744926482439,0.8203552835609047
1.2,480,front_wing,front_wing_main_wing,segment_0,front_wing_main_wing:segment_0:orig:16,orig,16,3.2374415397644043,3.2374415397644043,3.196321487426758,3.2780563831329346,0.11861598491668701,0.019085809588432312,-0.1687762290239334,0.1687762290239334,5.634064674377441,0.5050986729788288,-0.7603948464546735,-0.652582130529728,-0.41864879330573207,0.01245505828410387,-0.003925843629986048,-0.014512751251459122,0.8250665944012094
1.2,480,front_wing,front_wing_main_wing,segment_0,front_wing_main_wing:segment_0:orig:15,orig,15,3.2571630477905273,3.2571630477905273,3.2117626667022705,3.301844358444214,0.13198062777519226,0.020358145236968994,-0.2177548110485077,0.2177548110485077,5.63543176651001,0.5855451244633291,-0.9912813677525889,-0.8230120947554259,-0.49050185224236953,0.01675499975681305,-0.004983051680028439,-0.020180650055408478,0.8300926488530694
1.2,480,front_wing,front_wing_main_wing,segment_0,front_wing_main_wing:segment_0:orig:14,orig,14,3.278200626373291,3.278200626373291,3.2282378673553467,3.3272252082824707,0.1462574005126953,0.021718114614486694,-0.26036036014556885,0.26036036014556885,5.635652542114258,0.6317464345421645,-1.1930891924269182,-0.9693317840818181,-0.5327322147122618,0.021052058786153793,-0.005989521276205778,-0.025911647826433182,0.8354541057635753
1.2,480,front_wing,front_wing_main_wing,segment_0,front_wing_main_wing:segment_0:orig:13,orig,13,3.3006410598754883,3.3006410598754883,3.245797634124756,3.3543012142181396,0.1614888310432434,0.02316686138510704,-0.2992631793022156,0.2992631793022156,5.63470458984375,0.6577632995769873,-1.3787374330800104,-1.1006615095146062,-0.5575617524013414,0.025498872622847557,-0.0070091611705720425,-0.031941018998622894,0.8411730822513769
1.2,480,front_wing,front_wing_main_wing,segment_0,front_wing_main_wing:segment_0:orig:12,orig,12,3.324582099914551,3.324582099914551,3.2645490169525146,3.3831772804260254,0.17773063480854034,0.024712996557354927,-0.3359872102737427,0.3359872102737427,5.633444786071777,0.6711450745067633,-1.5551553853877642,-1.2225615176840519,-0.57143310231649,0.030213158577680588,-0.008053792640566826,-0.03843254968523979,0.8472744904556126
1.2,480,front_wing,front_wing_main_wing,segment_0,front_wing_main_wing:segment_0:orig:11,orig,11,3.3501205444335938,3.3501205444335938,3.2845335006713867,3.413982629776001,0.19505754113197327,0.026361465454101562,-0.3713623583316803,0.3713623583316803,5.631674766540527,0.6761258890034383,-1.7264702208143405,-1.3374706345868606,-0.5780298213065941,0.03525768592953682,-0.009082849137485027,-0.04551228508353233,0.8537829994701613
1.2,480,front_wing,front_wing_main_wing,segment_0,front_wing_main_wing:segment_0:orig:10,orig,10,3.377364158630371,3.377364158630371,3.305863857269287,3.4468460083007812,0.2135309875011444,0.028124354779720306,-0.405918687582016,0.405918687582016,5.629677772521973,0.6753432992285078,-1.895092888684845,-1.4468596506239955,-0.5795934805011832,0.04069199413061142,-0.010155148804187775,-0.05329826474189758,0.8607260734093903
1.2,480,front_wing,front_wing_main_wing,segment_0,front_wing_main_wing:segment_0:orig:9,orig,9,3.4064254760742188,3.4064254760742188,3.328619956970215,3.4819021224975586,0.2332446575164795,0.030000979080796242,-0.4399127960205078,0.4399127960205078,5.627153396606445,0.6703415376088291,-2.0626430581201447,-1.5511663410144865,-0.5775189946745711,0.046536508947610855,-0.011188395321369171,-0.06188131123781204,0.8681323916139664
1.2,480,front_wing,front_wing_main_wing,segment_0,front_wing_main_wing:segment_0:orig:8,orig,8,3.437427520751953,3.437427520751953,3.35288667678833,3.5192983150482178,0.25428473949432373,0.032002002000808716,-0.47339653968811035,0.47339653968811035,5.624698638916016,0.6619657483732643,-2.2299785157323138,-1.6507429393867996,-0.5727093584011914,0.052827078849077225,-0.012191325426101685,-0.07136377692222595,0.8760333069224151
1.2,480,front_wing,front_wing_main_wing,segment_0,front_wing_main_wing:segment_0:orig:7,orig,7,3.470498561859131,3.470498561859131,3.378769636154175,3.559194803237915,0.27671897411346436,0.034138791263103485,-0.5062522292137146,0.5062522292137146,5.621771812438965,0.6508558184796822,-2.3962799466000995,-1.7437978922447273,-0.565525917100767,0.05953115224838257,-0.013135869987308979,-0.08180610090494156,0.8844615089221914
1.2,480,front_wing,front_wing_main_wing,segment_0,front_wing_main_wing:segment_0:orig:6,orig,6,3.5057778358459473,3.5057778358459473,3.4063987731933594,3.60174560546875,0.3006491959095001,0.036419592797756195,-0.5382471084594727,0.5382471084594727,5.6188507080078125,0.6372416615034769,-2.56064118261389,-1.8300162331186307,-0.55621484738652,0.0666484460234642,-0.013958444818854332,-0.09325750917196274,0.8934524822212392
1.2,480,front_wing,front_wing_main_wing,segment_0,front_wing_main_wing:segment_0:orig:5,orig,5,3.5434112548828125,3.5434112548828125,3.4358506202697754,3.6471450328826904,0.32618066668510437,0.03885074704885483,-0.5689077973365784,0.5689077973365784,5.615647315979004,0.6211748176112916,-2.721117185886398,-1.9070509519779522,-0.5448073116825077,0.07409035414457321,-0.014609520323574543,-0.10571743547916412,0.9030434127443212
1.2,480,front_wing,front_wing_main_wing,segment_0,front_wing_main_wing:segment_0:orig:4,orig,4,3.583559513092041,3.583559513092041,3.467285394668579,3.695584297180176,0.35342273116111755,0.04144349321722984,-0.5975708961486816,0.5975708961486816,5.61221981048584,0.6025461032659666,-2.8751418326973277,-1.9718796649283143,-0.5312741598918765,0.08172158151865005,-0.01496949978172779,-0.11915592104196548,0.9132752536177287
1.2,480,front_wing,front_wing_main_wing,segment_0,front_wing_main_wing:segment_0:orig:3,orig,3,3.62638521194458,3.62638521194458,3.500812530517578,3.747239589691162,0.38248223066329956,0.04421066492795944,-0.6232737302780151,0.6232737302780151,5.608555793762207,0.5810941591979101,-3.01876537259505,-2.019912855976427,-0.5154327319351425,0.0893016904592514,-0.014906132593750954,-0.1334616243839264,0.9241894440582725
1.2,480,front_wing,front_wing_main_wing,segment_0,front_wing_main_wing:segment_0:orig:2,orig,2,3.6720752716064453,3.6720752716064453,3.536576509475708,3.802356243133545,0.41347113251686096,0.04716113582253456,-0.6446574926376343,0.6446574926376343,5.604320526123047,0.5564048038653832,-3.1458630091453044,-2.0451558134653993,-0.49687656217349296,0.09645187109708786,-0.014214867725968361,-0.14836247265338898,0.9358336209368908
1.2,480,front_wing,front_wing_main_wing,segment_0,front_wing_main_wing:segment_0:orig:1,orig,1,3.720811367034912,3.720811367034912,3.5747361183166504,3.861142158508301,0.4465378224849701,0.05031069740653038,-0.6598502993583679,0.6598502993583679,5.599574565887451,0.5277911834871648,-3.2504295575584914,-2.0377832941816747,-0.4753750746496781,0.10252229869365692,-0.012484323233366013,-0.1635313779115677,0.9482540843755924
1.2,480,front_wing,front_wing_main_wing,segment_0,front_wing_main_wing:segment_0:orig:0,orig,0,3.7727999687194824,3.7727999687194824,3.6154282093048096,3.9238548278808594,0.4818034768104553,0.05367029458284378,-0.6658124327659607,0.6658124327659607,5.593019962310791,0.4941577343328762,-3.322771622980757,-1.9760558228251386,-0.4503855636677859,0.10605549812316895,-0.008756227791309357,-0.17833413183689117,0.961503453673143
1.28,512,front_wing,front_wing_main_wing,segment_0,front_wing_main_wing:segment_0:mirror:17,mirror,17,-3.2403109073638916,3.2403109073638916,-3.2771167755126953,-3.2032086849212646,0.106076680123806,0.017889974638819695,-0.34987542033195496,0.34987542033195496,5.035191059112549,1.3101093776828163,2.215068039743844,-0.5596466362444606,1.363706937919791,0.010012064129114151,0.026925744488835335,0.03962751105427742,-0.8213275716281019
1.28,512,front_wing,front_wing_main_wing,segment_0,front_wing_main_wing:segment_0:mirror:16,mirror,16,-3.2587966918945312,3.2587966918945312,-3.2994117736816406,-3.2176759243011475,0.11861628293991089,0.019086426123976707,-0.5463997721672058,0.5463997721672058,5.062617301940918,1.8197892521671253,3.31141987950167,-0.6052577904423629,1.823156035333472,0.011552208103239536,0.03896151855587959,0.06320317089557648,-0.8260131974684144
1.28,512,front_wing,front_wing_main_wing,segment_0,front_wing_main_wing:segment_0:mirror:15,mirror,15,-3.2785186767578125,3.2785186767578125,-3.3232004642486572,-3.2331178188323975,0.13198135793209076,0.020357877016067505,-0.6980923414230347,0.6980923414230347,5.067873001098633,2.0873945904647973,4.129305574464534,-0.5846624363011402,2.043235042436746,0.011902485974133015,0.04879022017121315,0.08406389504671097,-0.8310121652830871
1.28,512,front_wing,front_wing_main_wing,segment_0,front_wing_main_wing:segment_0:mirror:14,mirror,14,-3.299556255340576,3.299556255340576,-3.3485803604125977,-3.2495925426483154,0.14625810086727142,0.021717799827456474,-0.8264564871788025,0.8264564871788025,5.064819812774658,2.2313415848230553,4.808907296142125,-0.548277371843335,2.147238934906237,0.01190737821161747,0.058000653982162476,0.1044388860464096,-0.8363445990600586
1.28,512,front_wing,front_wing_main_wing,segment_0,front_wing_main_wing:segment_0:mirror:13,mirror,13,-3.3219962120056152,3.3219962120056152,-3.3756580352783203,-3.267153024673462,0.16148829460144043,0.023167500272393227,-0.9403187036514282,0.9403187036514282,5.054229736328125,2.3041409559048227,5.400621983176176,-0.4932623179192531,2.184020095106066,0.011427654884755611,0.06698799133300781,0.1251189112663269,-0.8420324961915504
1.28,512,front_wing,front_wing_main_wing,segment_0,front_wing_main_wing:segment_0:mirror:12,mirror,12,-3.345937728881836,3.345937728881836,-3.4045326709747314,-3.2859058380126953,0.17773056030273438,0.024712711572647095,-1.0446008443832397,1.0446008443832397,5.0394392013549805,2.332577317865097,5.931844466071168,-0.42350026410329694,2.179623810276064,0.010465839877724648,0.07602278143167496,0.14659196138381958,-0.8481009965543865
1.28,512,front_wing,front_wing_main_wing,segment_0,front_wing_main_wing:segment_0:mirror:11,mirror,11,-3.371476173400879,3.371476173400879,-3.4353373050689697,-3.3058881759643555,0.19505831599235535,0.026361646130681038,-1.141954779624939,1.141954779624939,5.02181339263916,2.3315990043650694,6.41448374777544,-0.33664745939690666,2.147588832334787,0.008874581195414066,0.08483166992664337,0.16909635066986084,-0.8545742731070519
1.28,512,front_wing,front_wing_main_wing,segment_0,front_wing_main_wing:segment_0:mirror:10,mirror,10,-3.3987197875976562,3.3987197875976562,-3.468202590942383,-3.3272175788879395,0.2135331779718399,0.028124582022428513,-1.2340874671936035,1.2340874671936035,5.002439022064209,2.310621289129617,6.858622966540767,-0.2316336153999498,2.0976134741148464,0.006514598615467548,0.09377149492502213,0.19289590418338776,-0.8614797621574268
1.28,512,front_wing,front_wing_main_wing,segment_0,front_wing_main_wing:segment_0:mirror:9,mirror,9,-3.427780866622925,3.427780866622925,-3.503258228302002,-3.3499746322631836,0.23324722051620483,0.030000586062669754,-1.321753740310669,1.321753740310669,4.981095790863037,2.2753026510964403,7.269727727576332,-0.10401666457433616,2.0354271664937515,0.003120560897514224,0.10230986028909683,0.21809609234333038,-0.8688459273641275
1.28,512,front_wing,front_wing_main_wing,segment_0,front_wing_main_wing:segment_0:mirror:8,mirror,8,-3.4587831497192383,3.4587831497192383,-3.5406532287597656,-3.374241590499878,0.25428473949432373,0.0320017971098423,-1.40496027469635,1.40496027469635,4.958928108215332,2.2283629589165628,7.643265746005112,0.04280140737056187,1.9629650198880435,-0.0013697219546884298,0.11056294292211533,0.24459823966026306,-0.8767041331407877
1.28,512,front_wing,front_wing_main_wing,segment_0,front_wing_main_wing:segment_0:mirror:7,mirror,7,-3.491853713989258,3.491853713989258,-3.580550193786621,-3.40012526512146,0.27671754360198975,0.03413872420787811,-1.483452558517456,1.483452558517456,4.934322357177734,2.1728985265450955,7.972993582309295,0.21639614017566916,1.8816490215746304,-0.0073874881491065025,0.11811036616563797,0.27218782901763916,-0.8850865899545887
1.28,512,front_wing,front_wing_main_wing,segment_0,front_wing_main_wing:segment_0:mirror:6,mirror,6,-3.5271334648132324,3.5271334648132324,-3.623101234436035,-3.4277544021606445,0.3006491959095001,0.03641987591981888,-1.5565831661224365,1.5565831661224365,4.908450126647949,2.109589211508301,8.261344018126945,0.41636618071340475,1.7945045301346678,-0.015164004638791084,0.12462924420833588,0.3008771240711212,-0.8940290133516919
1.28,512,front_wing,front_wing_main_wing,segment_0,front_wing_main_wing:segment_0:mirror:5,mirror,5,-3.5647668838500977,3.5647668838500977,-3.668498992919922,-3.4572055339813232,0.3261794149875641,0.038851212710142136,-1.6231439113616943,1.6231439113616943,4.881951332092285,2.038623506388357,8.50017014984021,0.6493843682493207,1.7018644559890148,-0.02522937022149563,0.1295166313648224,0.3302419185638428,-0.9035680253642019
1.28,512,front_wing,front_wing_main_wing,segment_0,front_wing_main_wing:segment_0:mirror:4,mirror,4,-3.604915142059326,3.604915142059326,-3.716939926147461,-3.4886410236358643,0.3534202575683594,0.04144337773323059,-1.6817182302474976,1.6817182302474976,4.852146148681641,1.9613627147257822,8.670968618785007,0.9193222178196747,1.602249237963119,-0.03809981793165207,0.13190214335918427,0.3593542277812958,-0.913744478291958
1.28,512,front_wing,front_wing_main_wing,segment_0,front_wing_main_wing:segment_0:mirror:3,mirror,3,-3.6477408409118652,3.6477408409118652,-3.768594264984131,-3.5221686363220215,0.38248133659362793,0.04420973360538483,-1.7304377555847168,1.7304377555847168,4.8199968338012695,1.877279668150733,8.764866618467641,1.2310815456719466,1.4965421783253554,-0.054425787180662155,0.1309613436460495,0.38749241828918457,-0.9245995870291772
1.28,512,front_wing,front_wing_main_wing,segment_0,front_wing_main_wing:segment_0:mirror:2,mirror,2,-3.6934309005737305,3.6934309005737305,-3.8237123489379883,-3.5579311847686768,0.4134710729122162,0.047161929309368134,-1.7671833038330078,1.7671833038330078,4.7836761474609375,1.7869182892776916,8.758567619704811,1.6081075936098876,1.3833811526920252,-0.07584145665168762,0.12443918734788895,0.413070946931839,-0.9361807305744897
1.28,512,front_wing,front_wing_main_wing,segment_0,front_wing_main_wing:segment_0:mirror:1,mirror,1,-3.7421669960021973,3.7421669960021973,-3.882497787475586,-3.5960915088653564,0.4465377628803253,0.05031020566821098,-1.7898064851760864,1.7898064851760864,4.7407636642456055,1.690945363663821,8.624718929069681,2.0772124901786686,1.26136465332006,-0.10450498759746552,0.1095743179321289,0.43391138315200806,-0.9485339584138092
1.28,512,front_wing,front_wing_main_wing,segment_0,front_wing_main_wing:segment_0:mirror:0,mirror,0,-3.7941553592681885,3.7941553592681885,-3.945211410522461,-3.6367835998535156,0.48180466890335083,0.05367068201303482,-1.79768967628479,1.79768967628479,4.682513236999512,1.593656440089031,8.305825580334826,2.7357456878594837,1.1258115526855175,-0.14682933688163757,0.07895557582378387,0.44577932357788086,-0.9617115445698591
1.28,512,front_wing,front_wing_main_wing,segment_0,front_wing_main_wing:segment_0:orig:17,orig,17,3.2403109073638916,3.2403109073638916,3.2032086849212646,3.2771167755126953,0.106076680123806,0.017889974638819695,0.349875271320343,0.349875271320343,5.035191535949707,1.3101086956399854,2.215067206810232,-0.5596464800694083,1.3637064251241002,0.010012061335146427,-0.026925740763545036,0.039627496153116226,0.8213275716281019
1.28,512,front_wing,front_wing_main_wing,segment_0,front_wing_main_wing:segment_0:orig:16,orig,16,3.2587966918945312,3.2587966918945312,3.2176759243011475,3.2994117736816406,0.11861628293991089,0.019086426123976707,0.5463995933532715,0.5463995933532715,5.062618255615234,1.8197883138217594,3.3114194891414974,-0.6052576440572982,1.8231558204143343,0.011552205309271812,-0.0389615036547184,0.06320316344499588,0.8260131974684144
1.28,512,front_wing,front_wing_main_wing,segment_0,front_wing_main_wing:segment_0:orig:15,orig,15,3.2785186767578125,3.2785186767578125,3.2331178188323975,3.3232004642486572,0.13198135793209076,0.020357877016067505,0.6980921626091003,0.6980921626091003,5.067873001098633,2.087394055785906,4.129304842504066,-0.5846625735437281,2.04323468025302,0.011902488768100739,-0.048790205270051956,0.08406388014554977,0.8310121652830871
1.28,512,front_wing,front_wing_main_wing,segment_0,front_wing_main_wing:segment_0:orig:14,orig,14,3.299556255340576,3.299556255340576,3.2495925426483154,3.3485803604125977,0.14625810086727142,0.021717799827456474,0.8264563679695129,0.8264563679695129,5.064820289611816,2.231341052897214,4.808907296142125,-0.5482785725649687,2.147238934906237,0.011907404288649559,-0.058000676333904266,0.1044388860464096,0.8363445990600586
1.28,512,front_wing,front_wing_main_wing,segment_0,front_wing_main_wing:segment_0:orig:13,orig,13,3.3219962120056152,3.3219962120056152,3.267153024673462,3.3756580352783203,0.16148829460144043,0.023167500272393227,0.9403187036514282,0.9403187036514282,5.054229736328125,2.3041409559048227,5.400621983176176,-0.49326428769612246,2.184020095106066,0.011427700519561768,-0.0669880211353302,0.1251189112663269,0.8420324961915504
1.28,512,front_wing,front_wing_main_wing,segment_0,front_wing_main_wing:segment_0:orig:12,orig,12,3.345937728881836,3.345937728881836,3.2859058380126953,3.4045326709747314,0.17773056030273438,0.024712711572647095,1.0446009635925293,1.0446009635925293,5.039437294006348,2.3325784669019076,5.931843260120041,-0.42349709848158695,2.1796233671559166,0.01046576164662838,-0.07602272182703018,0.1465919315814972,0.8481009965543865
1.28,512,front_wing,front_wing_main_wing,segment_0,front_wing_main_wing:segment_0:orig:11,orig,11,3.371476173400879,3.371476173400879,3.3058881759643555,3.4353373050689697,0.19505831599235535,0.026361646130681038,1.1419545412063599,1.1419545412063599,5.021814346313477,2.331598074785946,6.4144843130345714,-0.3366516988403921,2.147589021585278,0.00887469295412302,-0.08483175933361053,0.16909636557102203,0.8545742731070519
1.28,512,front_wing,front_wing_main_wing,segment_0,front_wing_main_wing:segment_0:orig:10,orig,10,3.3987197875976562,3.3987197875976562,3.3272175788879395,3.468202590942383,0.2135331779718399,0.028124582022428513,1.2340874671936035,1.2340874671936035,5.002438545227051,2.3106215093802165,6.858621906886889,-0.2316295920266344,2.097613150034596,0.006514485459774733,-0.09377141296863556,0.19289587438106537,0.8614797621574268
1.28,512,front_wing,front_wing_main_wing,segment_0,front_wing_main_wing:segment_0:orig:9,orig,9,3.427780866622925,3.427780866622925,3.3499746322631836,3.503258228302002,0.23324722051620483,0.030000586062669754,1.3217535018920898,1.3217535018920898,4.981097221374512,2.27530158723669,7.2697282242720025,-0.10401898507441928,2.035427305561939,0.0031206305138766766,-0.10230991989374161,0.21809610724449158,0.8688459273641275
1.28,512,front_wing,front_wing_main_wing,segment_0,front_wing_main_wing:segment_0:orig:8,orig,8,3.4587831497192383,3.4587831497192383,3.374241590499878,3.5406532287597656,0.25428473949432373,0.0320017971098423,1.4049599170684814,1.4049599170684814,4.958929061889648,2.228361963147778,7.643268074180799,0.04279341154218707,1.962965617816676,-0.0013694660738110542,-0.11056314408779144,0.24459831416606903,0.8767041331407877
1.28,512,front_wing,front_wing_main_wing,segment_0,front_wing_main_wing:segment_0:orig:7,orig,7,3.491853713989258,3.491853713989258,3.40012526512146,3.580550193786621,0.27671754360198975,0.03413872420787811,1.4834530353546143,1.4834530353546143,4.934321880340576,2.1728994349780484,7.972993582309295,0.2164015690016329,1.8816490215746304,-0.007387673482298851,-0.11811026185750961,0.27218782901763916,0.8850865899545887
1.28,512,front_wing,front_wing_main_wing,segment_0,front_wing_main_wing:segment_0:orig:6,orig,6,3.5271334648132324,3.5271334648132324,3.4277544021606445,3.623101234436035,0.3006491959095001,0.03641987591981888,1.5565838813781738,1.5565838813781738,4.908449172973633,2.109590590749683,8.261345654723534,0.4163683031746087,1.7945048856313024,-0.015164081938564777,-0.12462923675775528,0.300877183675766,0.8940290133516919
1.28,512,front_wing,front_wing_main_wing,segment_0,front_wing_main_wing:segment_0:orig:5,orig,5,3.5647668838500977,3.5647668838500977,3.4572055339813232,3.668498992919922,0.3261794149875641,0.038851212710142136,1.623144507408142,1.623144507408142,4.881950855255127,2.0386244541256175,8.50016938275161,0.6493916076479884,1.70186430240611,-0.025229651480913162,-0.1295163929462433,0.3302418887615204,0.9035680253642019
1.28,512,front_wing,front_wing_main_wing,segment_0,front_wing_main_wing:segment_0:orig:4,orig,4,3.604915142059326,3.604915142059326,3.4886410236358643,3.716939926147461,0.3534202575683594,0.04144337773323059,1.681717872619629,1.681717872619629,4.852147102355957,1.9613619121301533,8.670970776113199,0.9193130491748579,1.6022496366011032,-0.038099437952041626,-0.13190242648124695,0.35935431718826294,0.913744478291958
1.28,512,front_wing,front_wing_main_wing,segment_0,front_wing_main_wing:segment_0:orig:3,orig,3,3.6477408409118652,3.6477408409118652,3.5221686363220215,3.768594264984131,0.38248133659362793,0.04420973360538483,1.7304373979568481,1.7304373979568481,4.819997310638428,1.8772790944579676,8.764865944355405,1.2310808715597104,1.496542063225213,-0.05442575737833977,-0.1309613436460495,0.3874923884868622,0.9245995870291772
1.28,512,front_wing,front_wing_main_wing,segment_0,front_wing_main_wing:segment_0:orig:2,orig,2,3.6934309005737305,3.6934309005737305,3.5579311847686768,3.8237123489379883,0.4134710729122162,0.047161929309368134,1.7671833038330078,1.7671833038330078,4.7836761474609375,1.7869182892776916,8.758566355875157,1.6081075936098876,1.3833809530751244,-0.07584145665168762,-0.12443917989730835,0.4130708873271942,0.9361807305744897
1.28,512,front_wing,front_wing_main_wing,segment_0,front_wing_main_wing:segment_0:orig:1,orig,1,3.7421669960021973,3.7421669960021973,3.5960915088653564,3.882497787475586,0.4465377628803253,0.05031020566821098,1.7898061275482178,1.7898061275482178,4.7407636642456055,1.6909450257897594,8.624717744327064,2.077211305436051,1.2613644800515196,-0.10450492799282074,-0.1095743253827095,0.4339113235473633,0.9485339584138092
1.28,512,front_wing,front_wing_main_wing,segment_0,front_wing_main_wing:segment_0:orig:0,orig,0,3.7941553592681885,3.7941553592681885,3.6367835998535156,3.945211410522461,0.48180466890335083,0.05367068201303482,1.7976895570755005,1.7976895570755005,4.682512283325195,1.5936566589852692,8.30582280392867,2.7357454102188683,1.1258111763580718,-0.14682932198047638,-0.0789555236697197,0.4457791745662689,0.9617115445698591
1.36,544,front_wing,front_wing_main_wing,segment_0,front_wing_main_wing:segment_0:mirror:17,mirror,17,-3.288571357727051,3.288571357727051,-3.3253791332244873,-3.2514705657958984,0.10607792437076569,0.01789029687643051,-0.7752036452293396,0.7752036452293396,5.113689422607422,2.8581593668420116,5.974402328840432,-5.6621065761006495,3.678098457912971,0.10129676759243011,0.13326188921928406,0.10688383132219315,-0.823486601871218
1.36,544,front_wing,front_wing_main_wing,segment_0,front_wing_main_wing:segment_0:mirror:16,mirror,16,-3.3070569038391113,3.3070569038391113,-3.3476715087890625,-3.2659366130828857,0.11861751228570938,0.019086508080363274,-1.212261438369751,1.212261438369751,5.20646858215332,3.925854707794354,8.682880662235382,-7.486792561835958,4.780451527022426,0.14289672672748566,0.19317571818828583,0.16572587192058563,-0.8281155418867011
1.36,544,front_wing,front_wing_main_wing,segment_0,front_wing_main_wing:segment_0:mirror:15,mirror,15,-3.326779365539551,3.326779365539551,-3.3714613914489746,-3.2813780307769775,0.13198119401931763,0.020358078181743622,-1.5509542226791382,1.5509542226791382,5.220966339111328,4.501590948946826,10.652537041408424,-8.614553060204983,5.271022842214062,0.17537574470043182,0.24233539402484894,0.2168651819229126,-0.8330542162226157
1.36,544,front_wing,front_wing_main_wing,segment_0,front_wing_main_wing:segment_0:mirror:14,mirror,14,-3.3478171825408936,3.3478171825408936,-3.3968417644500732,-3.2978529930114746,0.1462605595588684,0.02171785570681095,-1.8387670516967773,1.8387670516967773,5.216404438018799,4.820124129597573,12.276344000717,-9.486897802127588,5.48145328415714,0.2060350775718689,0.2886406183242798,0.2666158676147461,-0.8383222668588038
1.36,544,front_wing,front_wing_main_wing,segment_0,front_wing_main_wing:segment_0:mirror:13,mirror,13,-3.3702569007873535,3.3702569007873535,-3.423920154571533,-3.3154122829437256,0.1614924818277359,0.023167405277490616,-2.095200300216675,2.095200300216675,5.185127258300781,5.004305503918604,13.661566504844144,-10.135414112311189,5.5246159134635295,0.23481124639511108,0.3338519334793091,0.31650304794311523,-0.8439413656453653
1.36,544,front_wing,front_wing_main_wing,segment_0,front_wing_main_wing:segment_0:mirror:12,mirror,12,-3.394198417663574,3.394198417663574,-3.452793836593628,-3.3341660499572754,0.17773430049419403,0.02471262961626053,-2.3311984539031982,2.3311984539031982,5.144459247589111,5.0991555636517205,14.893647118837531,-10.638945778147068,5.4724740230233095,0.26291632652282715,0.3795384168624878,0.3680611848831177,-0.8499365277481175
1.36,544,front_wing,front_wing_main_wing,segment_0,front_wing_main_wing:segment_0:mirror:11,mirror,11,-3.4197373390197754,3.4197373390197754,-3.4835989475250244,-3.3541479110717773,0.1950601041316986,0.026361554861068726,-2.5526514053344727,2.5526514053344727,5.095748424530029,5.136237246271393,15.989132290313574,-10.999132889490326,5.353161456835621,0.2899542450904846,0.4242045283317566,0.4214983880519867,-0.8563316936956827
1.36,544,front_wing,front_wing_main_wing,segment_0,front_wing_main_wing:segment_0:mirror:10,mirror,10,-3.4469809532165527,3.4469809532165527,-3.5164620876312256,-3.375478982925415,0.2135317474603653,0.028125163167715073,-2.7633543014526367,2.7633543014526367,5.040971755981445,5.134401759622677,16.974033850738383,-11.217532246919154,5.1913045544443035,0.31549492478370667,0.4696461856365204,0.47739747166633606,-0.8631537294179364
1.36,544,front_wing,front_wing_main_wing,segment_0,front_wing_main_wing:segment_0:mirror:9,mirror,9,-3.476041793823242,3.476041793823242,-3.551520347595215,-3.39823579788208,0.23324739933013916,0.029999904334545135,-2.9649996757507324,2.9649996757507324,4.980662822723389,5.1044704447153615,17.865448542525193,-11.282466070568647,5.002084368249312,0.3384729027748108,0.5130125880241394,0.5359617471694946,-0.870430814290215
1.36,544,front_wing,front_wing_main_wing,segment_0,front_wing_main_wing:segment_0:mirror:8,mirror,8,-3.5070443153381348,3.5070443153381348,-3.5889129638671875,-3.422501802444458,0.254287987947464,0.03200231492519379,-3.1576571464538574,3.1576571464538574,4.916891098022461,5.051013555066109,18.636197237990185,-11.215654958771005,4.7861394815824605,0.358926922082901,0.555195152759552,0.5964014530181885,-0.8781941127911737
1.36,544,front_wing,front_wing_main_wing,segment_0,front_wing_main_wing:segment_0:mirror:7,mirror,7,-3.540114641189575,3.540114641189575,-3.628809928894043,-3.448383331298828,0.2767163813114166,0.03413843363523483,-3.3407042026519775,3.3407042026519775,4.844503879547119,4.984066650556062,19.26523603426726,-10.954797518890839,4.546669255718703,0.3739796280860901,0.5934827327728271,0.6576849818229675,-0.886475207313933
1.36,544,front_wing,front_wing_main_wing,segment_0,front_wing_main_wing:segment_0:mirror:6,mirror,6,-3.57539439201355,3.57539439201355,-3.671361207962036,-3.4760167598724365,0.3006459176540375,0.03641960769891739,-3.512726306915283,3.512726306915283,4.768508434295654,4.9004554185577796,19.770090035978797,-10.518666237602433,4.294446872226285,0.383085697889328,0.6267902255058289,0.7200189232826233,-0.8953095608859285
1.36,544,front_wing,front_wing_main_wing,segment_0,front_wing_main_wing:segment_0:mirror:5,mirror,5,-3.6130270957946777,3.6130270957946777,-3.71675968170166,-3.5054659843444824,0.3261786103248596,0.03885169327259064,-3.670884132385254,3.670884132385254,4.68841028213501,4.800866002707339,20.12497866561219,-9.867725644950529,4.029339384672102,0.3833778500556946,0.6523631811141968,0.7818894982337952,-0.9047331141511271
1.36,544,front_wing,front_wing_main_wing,segment_0,front_wing_main_wing:segment_0:mirror:4,mirror,4,-3.6531758308410645,3.6531758308410645,-3.7652015686035156,-3.5369019508361816,0.35342010855674744,0.041442885994911194,-3.8118112087249756,3.8118112087249756,4.59616756439209,4.693256269058156,20.262690903337965,-8.948223149484843,3.7442062328684385,0.3708401918411255,0.6648390889167786,0.8397443890571594,-0.9147867033229394
1.36,544,front_wing,front_wing_main_wing,segment_0,front_wing_main_wing:segment_0:mirror:3,mirror,3,-3.6960015296936035,3.6960015296936035,-3.816854476928711,-3.570430040359497,0.3824803829193115,0.04421025887131691,-3.930999755859375,3.930999755859375,4.494504928588867,4.573429471146598,20.1683356223385,-7.710252476469338,3.4436165998673323,0.34087225794792175,0.6599493622779846,0.8916473388671875,-0.9255106272961788
1.36,544,front_wing,front_wing_main_wing,segment_0,front_wing_main_wing:segment_0:mirror:2,mirror,2,-3.741691827774048,3.741691827774048,-3.871973752975464,-3.6061923503875732,0.41347038745880127,0.047162014991045,-4.0229597091674805,4.0229597091674805,4.375763416290283,4.447105522066937,19.75282538479396,-6.05691472727751,3.1198859033676314,0.28565630316734314,0.6278155446052551,0.931583046913147,-0.9369518715970941
1.36,544,front_wing,front_wing_main_wing,segment_0,front_wing_main_wing:segment_0:mirror:1,mirror,1,-3.790428400039673,3.790428400039673,-3.9307587146759033,-3.644352436065674,0.44653841853141785,0.05031008645892143,-4.081671714782715,4.081671714782715,4.227329254150391,4.324572303120249,18.900685678819514,-3.7859031732739794,2.7642201478881625,0.19046911597251892,0.5520278215408325,0.9508951306343079,-0.9491559292002747
1.36,544,front_wing,front_wing_main_wing,segment_0,front_wing_main_wing:segment_0:mirror:0,mirror,0,-3.842416286468506,3.842416286468506,-3.9934728145599365,-3.685044050216675,0.48180487751960754,0.053670160472393036,-4.102749347686768,4.102749347686768,4.006468772888184,4.250813257630708,17.35715272339632,-0.41109909686794743,2.3526709545891418,0.022063754498958588,0.3964129686355591,0.9315611720085144,-0.9621741438828159
1.36,544,front_wing,front_wing_main_wing,segment_0,front_wing_main_wing:segment_0:orig:17,orig,17,3.288571357727051,3.288571357727051,3.2514705657958984,3.3253791332244873,0.10607792437076569,0.01789029687643051,0.7752032279968262,0.7752032279968262,5.113691806793213,2.8581564959393226,5.974401079462518,-5.6621090748564775,3.6780976887423114,0.1012968122959137,-0.13326190412044525,0.10688380897045135,0.823486601871218
1.36,544,front_wing,front_wing_main_wing,segment_0,front_wing_main_wing:segment_0:orig:16,orig,16,3.3070569038391113,3.3070569038391113,3.2659366130828857,3.3476715087890625,0.11861751228570938,0.019086508080363274,1.2122613191604614,1.2122613191604614,5.206469535827637,3.9258536026376496,8.682878320084404,-7.486794123269943,4.7804502375265026,0.14289675652980804,-0.19317571818828583,0.16572582721710205,0.8281155418867011
1.36,544,front_wing,front_wing_main_wing,segment_0,front_wing_main_wing:segment_0:orig:15,orig,15,3.326779365539551,3.326779365539551,3.2813780307769775,3.3714613914489746,0.13198119401931763,0.020358078181743622,1.550953984260559,1.550953984260559,5.2209672927856445,4.501589434673958,10.652537041408424,-8.614551596298513,5.271022842214062,0.17537571489810944,-0.24233536422252655,0.2168651819229126,0.8330542162226157
1.36,544,front_wing,front_wing_main_wing,segment_0,front_wing_main_wing:segment_0:orig:14,orig,14,3.3478171825408936,3.3478171825408936,3.2978529930114746,3.3968417644500732,0.1462605595588684,0.02171785570681095,1.8387665748596191,1.8387665748596191,5.216403961181641,4.82012332023446,12.276344000717,-9.486900546627117,5.48145328415714,0.20603513717651367,-0.2886406481266022,0.2666158676147461,0.8383222668588038
1.36,544,front_wing,front_wing_main_wing,segment_0,front_wing_main_wing:segment_0:orig:13,orig,13,3.3702569007873535,3.3702569007873535,3.3154122829437256,3.423920154571533,0.1614924818277359,0.023167405277490616,2.0952000617980957,2.0952000617980957,5.185123443603516,5.004308616133999,13.661557500112961,-10.135390957288148,5.524612272030377,0.2348107099533081,-0.3338513970375061,0.3165028393268585,0.8439413656453653
1.36,544,front_wing,front_wing_main_wing,segment_0,front_wing_main_wing:segment_0:orig:12,orig,12,3.394198417663574,3.394198417663574,3.3341660499572754,3.452793836593628,0.17773430049419403,0.02471262961626053,2.331197738647461,2.331197738647461,5.144461154937744,5.099152108583781,14.893649530747785,-10.638963867473974,5.472474909247892,0.26291677355766296,-0.3795385956764221,0.36806124448776245,0.8499365277481175
1.36,544,front_wing,front_wing_main_wing,segment_0,front_wing_main_wing:segment_0:orig:11,orig,11,3.4197373390197754,3.4197373390197754,3.3541479110717773,3.4835989475250244,0.1950601041316986,0.026361554861068726,2.5526514053344727,2.5526514053344727,5.095747947692871,5.136237726897358,15.989128898747042,-10.999126106357265,5.353160321339153,0.2899540662765503,-0.42420434951782227,0.42149829864501953,0.8563316936956827
1.36,544,front_wing,front_wing_main_wing,segment_0,front_wing_main_wing:segment_0:orig:10,orig,10,3.4469809532165527,3.4469809532165527,3.375478982925415,3.5164620876312256,0.2135317474603653,0.028125163167715073,2.763354778289795,2.763354778289795,5.0409698486328125,5.1344045883022975,16.974028552578474,-11.217523769863298,5.191302934065677,0.31549468636512756,-0.46964606642723083,0.4773973226547241,0.8631537294179364
1.36,544,front_wing,front_wing_main_wing,segment_0,front_wing_main_wing:segment_0:orig:9,orig,9,3.476041793823242,3.476041793823242,3.39823579788208,3.551520347595215,0.23324739933013916,0.029999904334545135,2.9649996757507324,2.9649996757507324,4.9806599617004395,5.10447337685833,17.865434634730395,-11.282449182532108,5.002080474254555,0.3384723961353302,-0.5130119919776917,0.5359613299369812,0.870430814290215
1.36,544,front_wing,front_wing_main_wing,segment_0,front_wing_main_wing:segment_0:orig:8,orig,8,3.5070443153381348,3.5070443153381348,3.422501802444458,3.5889129638671875,0.254287987947464,0.03200231492519379,3.15765643119812,3.15765643119812,4.916891574859619,5.051011921093211,18.636195375479772,-11.215670790109511,4.786139003253405,0.3589274287223816,-0.5551953911781311,0.5964013934135437,0.8781941127911737
1.36,544,front_wing,front_wing_main_wing,segment_0,front_wing_main_wing:segment_0:orig:7,orig,7,3.540114641189575,3.540114641189575,3.448383331298828,3.628809928894043,0.2767163813114166,0.03413843363523483,3.340703248977661,3.340703248977661,4.844505310058594,4.9840637560278775,19.265241272174077,-10.954817597533644,4.546670491884709,0.373980313539505,-0.5934832096099854,0.6576851606369019,0.886475207313933
1.36,544,front_wing,front_wing_main_wing,segment_0,front_wing_main_wing:segment_0:orig:6,orig,6,3.57539439201355,3.57539439201355,3.4760167598724365,3.671361207962036,0.3006459176540375,0.03641960769891739,3.512725353240967,3.512725353240967,4.768509864807129,4.900452618033614,19.770096582413373,-10.518683421993197,4.294448294238801,0.38308632373809814,-0.6267907023429871,0.7200191617012024,0.8953095608859285
1.36,544,front_wing,front_wing_main_wing,segment_0,front_wing_main_wing:segment_0:orig:5,orig,5,3.6130270957946777,3.6130270957946777,3.5054659843444824,3.71675968170166,0.3261786103248596,0.03885169327259064,3.670884370803833,3.670884370803833,4.688409805297852,4.800866802791202,20.124974063137515,-9.867708769210058,4.029338463183798,0.38337719440460205,-0.6523628234863281,0.7818893194198608,0.9047331141511271
1.36,544,front_wing,front_wing_main_wing,segment_0,front_wing_main_wing:segment_0:orig:4,orig,4,3.6531758308410645,3.6531758308410645,3.5369019508361816,3.7652015686035156,0.35342010855674744,0.041442885994911194,3.811811923980713,3.811811923980713,4.596164703369141,4.693260071171079,20.262689465102106,-8.948210205362102,3.7442059671065167,0.3708396553993225,-0.6648386120796204,0.8397443294525146,0.9147867033229394
1.36,544,front_wing,front_wing_main_wing,segment_0,front_wing_main_wing:segment_0:orig:3,orig,3,3.6960015296936035,3.6960015296936035,3.570430040359497,3.816854476928711,0.3824803829193115,0.04421025887131691,3.930999517440796,3.930999517440796,4.494503021240234,4.573431134606915,20.16832888129623,-7.710241690801705,3.4436154488767152,0.34087178111076355,-0.6599488854408264,0.8916470408439636,0.9255106272961788
1.36,544,front_wing,front_wing_main_wing,segment_0,front_wing_main_wing:segment_0:orig:2,orig,2,3.741691827774048,3.741691827774048,3.6061923503875732,3.871973752975464,0.41347038745880127,0.047162014991045,4.022958755493164,4.022958755493164,4.375763416290283,4.447104467845512,19.752824120966604,-6.056917886845903,3.119885703750762,0.2856564521789551,-0.6278155446052551,0.9315829873085022,0.9369518715970941
1.36,544,front_wing,front_wing_main_wing,segment_0,front_wing_main_wing:segment_0:orig:1,orig,1,3.790428400039673,3.790428400039673,3.644352436065674,3.9307587146759033,0.44653841853141785,0.05031008645892143,4.08167028427124,4.08167028427124,4.227331161499023,4.3245688362563115,18.90069160254664,-3.7859274605551967,2.764221014231646,0.19047033786773682,-0.5520287156105042,0.9508954286575317,0.9491559292002747
1.36,544,front_wing,front_wing_main_wing,segment_0,front_wing_main_wing:segment_0:orig:0,orig,0,3.842416286468506,3.842416286468506,3.685044050216675,3.9934728145599365,0.48180487751960754,0.053670160472393036,4.102749347686768,4.102749347686768,4.006465911865234,4.2508162931424405,17.35714161766378,-0.41109333576919066,2.352669449265383,0.022063445299863815,-0.3964126408100128,0.9315605759620667,0.9621741438828159
1.44,576,front_wing,front_wing_main_wing,segment_0,front_wing_main_wing:segment_0:mirror:17,mirror,17,-3.3379292488098145,3.3379292488098145,-3.3747365474700928,-3.300828218460083,0.10607779771089554,0.017890525981783867,-1.0746004581451416,1.0746004581451416,5.256325721740723,3.85451955017145,8.130551656794452,-12.81138435234588,5.005522489479761,0.22920240461826324,0.2566912770271301,0.145459845662117,-0.825641365568378
1.44,576,front_wing,front_wing_main_wing,segment_0,front_wing_main_wing:segment_0:mirror:16,mirror,16,-3.356415271759033,3.356415271759033,-3.3970305919647217,-3.3152952194213867,0.11861832439899445,0.019086286425590515,-1.6812150478363037,1.6812150478363037,5.408940315246582,5.240699885209757,11.713854530436215,-17.28540924488956,6.44914200390346,0.32991427183151245,0.37212231755256653,0.2235739827156067,-0.8302139086314653
1.44,576,front_wing,front_wing_main_wing,segment_0,front_wing_main_wing:segment_0:mirror:15,mirror,15,-3.3761374950408936,3.3761374950408936,-3.4208195209503174,-3.330735445022583,0.13198500871658325,0.020357884466648102,-2.15185809135437,2.15185809135437,5.433111190795898,6.001646678559184,14.302213923420128,-20.19185408812581,7.07672896230237,0.41106343269348145,0.46714499592781067,0.2911628186702728,-0.8350922275378009
1.44,576,front_wing,front_wing_main_wing,segment_0,front_wing_main_wing:segment_0:mirror:14,mirror,14,-3.397174835205078,3.397174835205078,-3.4461987018585205,-3.3472092151641846,0.14626160264015198,0.021717973053455353,-2.5523440837860107,2.5523440837860107,5.427424430847168,6.430505354891924,16.425802684586323,-22.48286944108912,7.334156484539237,0.48828235268592834,0.5565205812454224,0.35673514008522034,-0.840295842403897
1.44,576,front_wing,front_wing_main_wing,segment_0,front_wing_main_wing:segment_0:mirror:13,mirror,13,-3.419614553451538,3.419614553451538,-3.4732766151428223,-3.36476993560791,0.16148966550827026,0.023167598992586136,-2.9097371101379395,2.9097371101379395,5.3793253898620605,6.699018830331389,18.22953221616641,-24.27225834357747,7.3719891570127345,0.5623299479484558,0.6440762281417847,0.4223344922065735,-0.8458463374069242
1.44,576,front_wing,front_wing_main_wing,segment_0,front_wing_main_wing:segment_0:mirror:12,mirror,12,-3.443556308746338,3.443556308746338,-3.502152442932129,-3.3835244178771973,0.17773154377937317,0.024712661281228065,-3.2391934394836426,3.2391934394836426,5.319760322570801,6.851888713770867,19.82765566618421,-25.733491343401386,7.285523330734199,0.6359430551528931,0.7328024506568909,0.4899941384792328,-0.8517683633284594
1.44,576,front_wing,front_wing_main_wing,segment_0,front_wing_main_wing:segment_0:mirror:11,mirror,11,-3.469095230102539,3.469095230102539,-3.532956838607788,-3.4035069942474365,0.19505968689918518,0.026361064985394478,-3.5488898754119873,3.5488898754119873,5.247402667999268,6.934427376669568,21.23217986602922,-26.874227989154416,7.108548979196867,0.7084332704544067,0.8191347718238831,0.5597028732299805,-0.8580854504600084
1.44,576,front_wing,front_wing_main_wing,segment_0,front_wing_main_wing:segment_0:mirror:10,mirror,10,-3.4963388442993164,3.4963388442993164,-3.56581974029541,-3.4248366355895996,0.21353113651275635,0.028125695884227753,-3.8440423011779785,3.8440423011779785,5.164593696594238,6.971412509409877,22.480770825281386,-27.702016997764485,6.875493645750196,0.7791385054588318,0.9071544408798218,0.632287323474884,-0.8648241956974833
1.44,576,front_wing,front_wing_main_wing,segment_0,front_wing_main_wing:segment_0:mirror:9,mirror,9,-3.5253994464874268,3.5253994464874268,-3.6008777618408203,-3.447594404220581,0.23324471712112427,0.02999943122267723,-4.127095699310303,4.127095699310303,5.076534271240234,6.971005039769649,23.617186878136366,-28.225891481974656,6.612569481533272,0.8467606902122498,0.9913704991340637,0.7085021734237671,-0.8720123754000297
1.44,576,front_wing,front_wing_main_wing,segment_0,front_wing_main_wing:segment_0:mirror:8,mirror,8,-3.5564024448394775,3.5564024448394775,-3.6382713317871094,-3.471860647201538,0.25428706407546997,0.0320020467042923,-4.398101806640625,4.398101806640625,4.978964805603027,6.94755429993177,24.501026950285922,-28.454258921848872,6.292365173818817,0.9105945229530334,1.072790503501892,0.7840830087661743,-0.8796810094506851
1.44,576,front_wing,front_wing_main_wing,segment_0,front_wing_main_wing:segment_0:mirror:7,mirror,7,-3.589472770690918,3.589472770690918,-3.6781678199768066,-3.4977409839630127,0.2767156660556793,0.0341389998793602,-4.656187534332275,4.656187534332275,4.871716499328613,6.907878733058826,25.298509687457102,-28.246248247785548,5.970560304646188,0.964298665523529,1.1469930410385132,0.8636658191680908,-0.8878609997861633
1.44,576,front_wing,front_wing_main_wing,segment_0,front_wing_main_wing:segment_0:mirror:6,mirror,6,-3.6247520446777344,3.6247520446777344,-3.7207179069519043,-3.525376081466675,0.3006432354450226,0.03641904145479202,-4.899409770965576,4.899409770965576,4.757500648498535,6.850834355190462,25.86500673781797,-27.676657567663057,5.618431077164579,1.0079573392868042,1.2112358808517456,0.9419787526130676,-0.8965873764644953
1.44,576,front_wing,front_wing_main_wing,segment_0,front_wing_main_wing:segment_0:mirror:5,mirror,5,-3.6623849868774414,3.6623849868774414,-3.7661168575286865,-3.554824113845825,0.3261750340461731,0.038851745426654816,-5.123732566833496,5.123732566833496,4.638260841369629,6.773459908267219,26.225368691286164,-26.66343164269963,5.250791631036741,1.0359208583831787,1.2611550092697144,1.0189013481140137,-0.9058959361948133
1.44,576,front_wing,front_wing_main_wing,segment_0,front_wing_main_wing:segment_0:mirror:4,mirror,4,-3.702533721923828,3.702533721923828,-3.814561367034912,-3.58626127243042,0.3534197211265564,0.041443221271038055,-5.3244476318359375,5.3244476318359375,4.49797248840332,6.698799526714883,26.27876992277635,-25.042521278976846,4.855882294612674,1.0378427505493164,1.284553050994873,1.0890768766403198,-0.9158267807270518
1.44,576,front_wing,front_wing_main_wing,segment_0,front_wing_main_wing:segment_0:mirror:3,mirror,3,-3.745359420776367,3.745359420776367,-3.8662123680114746,-3.6197879314422607,0.38248369097709656,0.04421037808060646,-5.495041370391846,5.495041370391846,4.343658924102783,6.61503771320696,25.98181322256932,-22.754879595619446,4.436193008452308,1.0060018301010132,1.2744529247283936,1.1486657857894897,-0.9264197759184981
1.44,576,front_wing,front_wing_main_wing,segment_0,front_wing_main_wing:segment_0:mirror:2,mirror,2,-3.7910497188568115,3.7910497188568115,-3.921332836151123,-3.6555488109588623,0.41347312927246094,0.047162022441625595,-5.627547740936279,5.627547740936279,4.164707660675049,6.536080176832807,25.26406665298047,-19.572070968002347,3.9903396704444916,0.9230584502220154,1.2120587825775146,1.1915044784545898,-0.9377213336473851
1.44,576,front_wing,front_wing_main_wing,segment_0,front_wing_main_wing:segment_0:mirror:1,mirror,1,-3.839785575866699,3.839785575866699,-3.9801154136657715,-3.6937100887298584,0.4465392231941223,0.050309836864471436,-5.7129974365234375,5.7129974365234375,3.9392588138580322,6.495609329670142,23.888334820196217,-15.116798707199377,3.493656184804532,0.7605236768722534,1.066034197807312,1.2018182277679443,-0.9497762145434185
1.44,576,front_wing,front_wing_main_wing,segment_0,front_wing_main_wing:segment_0:mirror:0,mirror,0,-3.8917746543884277,3.8917746543884277,-4.042831897735596,-3.734400987625122,0.4818045496940613,0.053670383989810944,-5.743800640106201,5.743800640106201,3.5949525833129883,6.632317220333418,21.504868802280885,-8.312553437438963,2.9148740835734515,0.446137934923172,0.7634590268135071,1.154174566268921,-0.9626357842304114
1.44,576,front_wing,front_wing_main_wing,segment_0,front_wing_main_wing:segment_0:orig:17,orig,17,3.3379292488098145,3.3379292488098145,3.300828218460083,3.3747365474700928,0.10607779771089554,0.017890525981783867,1.0746005773544312,1.0746005773544312,5.256326675415039,3.8545192784276834,8.130551656794452,-12.811393514333252,5.005522489479761,0.22920256853103638,-0.2566913962364197,0.145459845662117,0.825641365568378
1.44,576,front_wing,front_wing_main_wing,segment_0,front_wing_main_wing:segment_0:orig:16,orig,16,3.356415271759033,3.356415271759033,3.3152952194213867,3.3970305919647217,0.11861832439899445,0.019086286425590515,1.681215763092041,1.681215763092041,5.408938407897949,5.240703962835527,11.713860776244692,-17.285407683437445,6.449145442575649,0.32991424202919006,-0.3721223771572113,0.22357410192489624,0.8302139086314653
1.44,576,front_wing,front_wing_main_wing,segment_0,front_wing_main_wing:segment_0:orig:15,orig,15,3.3761374950408936,3.3761374950408936,3.330735445022583,3.4208195209503174,0.13198500871658325,0.020357884466648102,2.1518590450286865,2.1518590450286865,5.433109283447266,6.00165144534802,14.302215387340528,-20.19184676852381,7.076729686649521,0.4110632836818695,-0.4671448767185211,0.2911628484725952,0.8350922275378009
1.44,576,front_wing,front_wing_main_wing,segment_0,front_wing_main_wing:segment_0:orig:14,orig,14,3.397174835205078,3.397174835205078,3.3472092151641846,3.4461987018585205,0.14626160264015198,0.021717973053455353,2.552344560623169,2.552344560623169,5.427422523498535,6.430508816120206,16.425805429071023,-22.48287493005852,7.334157709957601,0.4882824718952179,-0.5565206408500671,0.3567351996898651,0.840295842403897
1.44,576,front_wing,front_wing_main_wing,segment_0,front_wing_main_wing:segment_0:orig:13,orig,13,3.419614553451538,3.419614553451538,3.36476993560791,3.4732766151428223,0.16148966550827026,0.023167598992586136,2.9097371101379395,2.9097371101379395,5.379330158233643,6.699012892155059,18.229538648063475,-24.272291789442203,7.371991758060027,0.5623307228088379,-0.6440768241882324,0.4223346412181854,0.8458463374069242
1.44,576,front_wing,front_wing_main_wing,segment_0,front_wing_main_wing:segment_0:orig:12,orig,12,3.443556308746338,3.443556308746338,3.3835244178771973,3.502152442932129,0.17773154377937317,0.024712661281228065,3.239193916320801,3.239193916320801,5.319759845733643,6.851890336597628,19.827667725720026,-25.733517874380187,7.285527761920165,0.6359437108039856,-0.7328030467033386,0.48999443650245667,0.8517683633284594
1.44,576,front_wing,front_wing_main_wing,segment_0,front_wing_main_wing:segment_0:orig:11,orig,11,3.469095230102539,3.469095230102539,3.4035069942474365,3.532956838607788,0.19505968689918518,0.026361064985394478,3.548892021179199,3.548892021179199,5.247389316558838,6.934449213381446,21.232152732992763,-26.874137545699558,7.108539895036887,0.7084308862686157,-0.8191329836845398,0.5597021579742432,0.8580854504600084
1.44,576,front_wing,front_wing_main_wing,segment_0,front_wing_main_wing:segment_0:orig:10,orig,10,3.4963388442993164,3.4963388442993164,3.4248366355895996,3.56581974029541,0.21353113651275635,0.028125695884227753,3.8440418243408203,3.8440418243408203,5.16459846496582,6.971405208069253,22.480779302176682,-27.702046666898017,6.875496238314312,0.7791393399238586,-0.9071550965309143,0.6322875618934631,0.8648241956974833
1.44,576,front_wing,front_wing_main_wing,segment_0,front_wing_main_wing:segment_0:orig:9,orig,9,3.5253994464874268,3.5253994464874268,3.447594404220581,3.6008777618408203,0.23324471712112427,0.02999943122267723,4.127094745635986,4.127094745635986,5.076534748077393,6.971002774151121,23.617188864995526,-28.225915324284596,6.612570037833407,0.8467614054679871,-0.9913708567619324,0.7085022330284119,0.8720123754000297
1.44,576,front_wing,front_wing_main_wing,segment_0,front_wing_main_wing:segment_0:orig:8,orig,8,3.5564024448394775,3.5564024448394775,3.471860647201538,3.6382713317871094,0.25428706407546997,0.0320020467042923,4.398102283477783,4.398102283477783,4.978963851928711,6.947556383917337,24.501023225233876,-28.45424960921876,6.2923642171492125,0.9105942249298096,-1.0727903842926025,0.7840828895568848,0.8796810094506851
1.44,576,front_wing,front_wing_main_wing,segment_0,front_wing_main_wing:segment_0:orig:7,orig,7,3.589472770690918,3.589472770690918,3.4977409839630127,3.6781678199768066,0.2767156660556793,0.0341389998793602,4.656187057495117,4.656187057495117,4.871718406677246,6.90787532109268,25.298514925277043,-28.24623951808565,5.970561540794886,0.9642983675003052,-1.1469926834106445,0.8636659979820251,0.8878609997861633
1.44,576,front_wing,front_wing_main_wing,segment_0,front_wing_main_wing:segment_0:orig:6,orig,6,3.6247520446777344,3.6247520446777344,3.525376081466675,3.7207179069519043,0.3006432354450226,0.03641904145479202,4.899409770965576,4.899409770965576,4.757499694824219,6.850835728488452,25.86500019128161,-27.676641201322155,5.618429655117265,1.0079567432403564,-1.211235523223877,0.9419785141944885,0.8965873764644953
1.44,576,front_wing,front_wing_main_wing,segment_0,front_wing_main_wing:segment_0:orig:5,orig,5,3.6623849868774414,3.6623849868774414,3.554824113845825,3.7661168575286865,0.3261750340461731,0.038851745426654816,5.123732566833496,5.123732566833496,4.638261318206787,6.773459211920645,26.225374827910827,-26.663425506074972,5.250792859699636,1.0359206199645996,-1.2611547708511353,1.0189015865325928,0.9058959361948133
1.44,576,front_wing,front_wing_main_wing,segment_0,front_wing_main_wing:segment_0:orig:4,orig,4,3.702533721923828,3.702533721923828,3.58626127243042,3.814561367034912,0.3534197211265564,0.041443221271038055,5.3244476318359375,5.3244476318359375,4.497970104217529,6.698803077468285,26.27875841698255,-25.042469502904762,4.85588016853217,1.0378406047821045,-1.2845516204833984,1.0890763998031616,0.9158267807270518
1.44,576,front_wing,front_wing_main_wing,segment_0,front_wing_main_wing:segment_0:orig:3,orig,3,3.745359420776367,3.745359420776367,3.6197879314422607,3.8662123680114746,0.38248369097709656,0.04421037808060646,5.495039939880371,5.495039939880371,4.343661308288574,6.615032360212155,25.981826704617507,-22.75493891663148,4.436195310407426,1.0060044527053833,-1.2744547128677368,1.1486663818359375,0.9264197759184981
1.44,576,front_wing,front_wing_main_wing,segment_0,front_wing_main_wing:segment_0:orig:2,orig,2,3.7910497188568115,3.7910497188568115,3.6555488109588623,3.921332836151123,0.41347312927246094,0.047162022441625595,5.627547264099121,5.627547264099121,4.164709091186523,6.536077377973651,25.26407423594342,-19.572107618989918,3.990340868137574,0.9230601787567139,-1.2120599746704102,1.1915048360824585,0.9377213336473851
1.44,576,front_wing,front_wing_main_wing,segment_0,front_wing_main_wing:segment_0:orig:1,orig,1,3.839785575866699,3.839785575866699,3.6937100887298584,3.9801154136657715,0.4465392231941223,0.050309836864471436,5.712998867034912,5.712998867034912,3.939253807067871,6.495619212063644,23.88830638616495,-15.116709850851658,3.4936520263426742,0.7605192065238953,-1.0660309791564941,1.2018167972564697,0.9497762145434185
1.44,576,front_wing,front_wing_main_wing,segment_0,front_wing_main_wing:segment_0:orig:0,orig,0,3.8917746543884277,3.8917746543884277,3.734400987625122,4.042831897735596,0.4818045496940613,0.053670383989810944,5.743799209594727,5.743799209594727,3.594954490661621,6.632312049675097,21.504895455927986,-8.312663383733252,2.9148776963378857,0.44614383578300476,-0.7634633779525757,1.1541759967803955,0.9626357842304114
1.52,608,front_wing,front_wing_main_wing,segment_0,front_wing_main_wing:segment_0:mirror:17,mirror,17,-3.3647563457489014,3.3647563457489014,-3.4015634059906006,-3.3276560306549072,0.10607821494340897,0.017890620976686478,-1.1449291706085205,1.1449291706085205,5.300917625427246,4.072221174129286,6.954258812691867,-15.678845728985271,4.281328431156531,0.2805042862892151,0.2916300892829895,0.12441600859165192,-0.8267907820468762
1.52,608,front_wing,front_wing_main_wing,segment_0,front_wing_main_wing:segment_0:mirror:16,mirror,16,-3.383241653442383,3.383241653442383,-3.4238576889038086,-3.342121124267578,0.11861799657344818,0.01908620074391365,-1.791619896888733,1.791619896888733,5.469466209411621,5.523067415211897,10.131129385821522,-21.286476026820402,5.577777363717638,0.40627795457839966,0.4229223430156708,0.19336476922035217,-0.8313330075258711
1.52,608,front_wing,front_wing_main_wing,segment_0,front_wing_main_wing:segment_0:mirror:15,mirror,15,-3.4029645919799805,3.4029645919799805,-3.447646141052246,-3.357563018798828,0.1319829523563385,0.020358268171548843,-2.293888568878174,2.293888568878174,5.495294570922852,6.325480139435866,12.472675617273277,-24.96724814318921,6.171570392885911,0.5082899332046509,0.5310315489768982,0.25392207503318787,-0.8361793447051933
1.52,608,front_wing,front_wing_main_wing,segment_0,front_wing_main_wing:segment_0:mirror:14,mirror,14,-3.424001455307007,3.424001455307007,-3.4730257987976074,-3.3740367889404297,0.1462603211402893,0.021717842668294907,-2.721705198287964,2.721705198287964,5.491307258605957,6.77748883847433,14.382539209058775,-27.91846018389187,6.421891182729728,0.6063287258148193,0.6333746910095215,0.31235772371292114,-0.8413485405977696
1.52,608,front_wing,front_wing_main_wing,segment_0,front_wing_main_wing:segment_0:mirror:13,mirror,13,-3.446441650390625,3.446441650390625,-3.500105381011963,-3.391597032546997,0.1614920198917389,0.023167528212070465,-3.1038777828216553,3.1038777828216553,5.4356794357299805,7.071795683826058,16.031315716099055,-30.19079187507417,6.482939948832555,0.6994460225105286,0.732276976108551,0.3714059591293335,-0.8468625643593741
1.52,608,front_wing,front_wing_main_wing,segment_0,front_wing_main_wing:segment_0:mirror:12,mirror,12,-3.470383644104004,3.470383644104004,-3.528979778289795,-3.4103503227233887,0.1777343600988388,0.0247122123837471,-3.4565277099609375,3.4565277099609375,5.371438026428223,7.241158840874762,17.51665648119869,-32.086104237888314,6.436262028466083,0.7929186224937439,0.8331997990608215,0.4328753352165222,-0.852745611353566
1.52,608,front_wing,front_wing_main_wing,segment_0,front_wing_main_wing:segment_0:mirror:11,mirror,11,-3.4959216117858887,3.4959216117858887,-3.5597827434539795,-3.4303340911865234,0.19505932927131653,0.02636127546429634,-3.788451910018921,3.788451910018921,5.292385101318359,7.3396205796346425,18.818725772123035,-33.59784497578608,6.300534376895122,0.8856820464134216,0.931343674659729,0.49608561396598816,-0.859020822424427
1.52,608,front_wing,front_wing_main_wing,segment_0,front_wing_main_wing:segment_0:mirror:10,mirror,10,-3.5231659412384033,3.5231659412384033,-3.592646837234497,-3.451663017272949,0.21353057026863098,0.028125561773777008,-4.105180740356445,4.105180740356445,5.203821182250977,7.388901105092591,20.0028662638886,-34.73764122376223,6.117670326626655,0.9770156741142273,1.031916856765747,0.5625918507575989,-0.8657153221562861
1.52,608,front_wing,front_wing_main_wing,segment_0,front_wing_main_wing:segment_0:mirror:9,mirror,9,-3.5522260665893555,3.5522260665893555,-3.6277055740356445,-3.4744210243225098,0.2332458198070526,0.030000019818544388,-4.409337043762207,4.409337043762207,5.10620641708374,7.40442019146109,21.068912733766467,-35.49325902956997,5.899051035497333,1.0647984743118286,1.1268476247787476,0.6320677995681763,-0.8728560007958107
1.52,608,front_wing,front_wing_main_wing,segment_0,front_wing_main_wing:segment_0:mirror:8,mirror,8,-3.5832290649414062,3.5832290649414062,-3.6650993824005127,-3.498687505722046,0.25428950786590576,0.0320018008351326,-4.700981140136719,4.700981140136719,5.0030059814453125,7.3902484852585,22.021993341883945,-35.89156197055836,5.655644252983003,1.148594617843628,1.219922661781311,0.7047434449195862,-0.8804740838364075
1.52,608,front_wing,front_wing_main_wing,segment_0,front_wing_main_wing:segment_0:mirror:7,mirror,7,-3.616299629211426,3.616299629211426,-3.7049942016601562,-3.5245673656463623,0.27671679854393005,0.034138865768909454,-4.979168891906738,4.979168891906738,4.885916709899902,7.365551484530029,22.805100172608668,-35.79027250083533,5.382082591914606,1.2218393087387085,1.3040965795516968,0.7785402536392212,-0.8886002109273292
1.52,608,front_wing,front_wing_main_wing,segment_0,front_wing_main_wing:segment_0:mirror:6,mirror,6,-3.651578903198242,3.651578903198242,-3.747545003890991,-3.5522031784057617,0.3006426692008972,0.036419354379177094,-5.241855144500732,5.241855144500732,4.762263774871826,7.322357787757095,23.454183947498866,-35.224616074513676,5.094758548038068,1.2828577756881714,1.376434087753296,0.8541862368583679,-0.8972690640424911
1.52,608,front_wing,front_wing_main_wing,segment_0,front_wing_main_wing:segment_0:mirror:5,mirror,5,-3.689211845397949,3.689211845397949,-3.7929444313049316,-3.581651210784912,0.32617509365081787,0.03885126858949661,-5.484692573547363,5.484692573547363,4.633009433746338,7.258858072751612,23.917340185470252,-34.132435738683206,4.788681837486777,1.3260884284973145,1.4328322410583496,0.9292190074920654,-0.9065162625064546
1.52,608,front_wing,front_wing_main_wing,segment_0,front_wing_main_wing:segment_0:mirror:4,mirror,4,-3.729361057281494,3.729361057281494,-3.841388702392578,-3.613088369369507,0.35341960191726685,0.04144318029284477,-5.7025651931762695,5.7025651931762695,4.481075763702393,7.20157245427627,24.121358199176093,-32.313823712547595,4.457229773463024,1.3391876220703125,1.4584420919418335,0.9996657967567444,-0.9163817608905206
1.52,608,front_wing,front_wing_main_wing,segment_0,front_wing_main_wing:segment_0:mirror:3,mirror,3,-3.772186279296875,3.772186279296875,-3.893038511276245,-3.6466152667999268,0.38248321413993835,0.04421060532331467,-5.888397693634033,5.888397693634033,4.314131736755371,7.1370928496945245,24.071725475901214,-29.677149410829095,4.110065470513093,1.3120447397232056,1.4463990926742554,1.0642255544662476,-0.9269048107530055
1.52,608,front_wing,front_wing_main_wing,segment_0,front_wing_main_wing:segment_0:mirror:2,mirror,2,-3.8178763389587402,3.8178763389587402,-3.9481606483459473,-3.682374954223633,0.413472980260849,0.047161705791950226,-6.03337287902832,6.03337287902832,4.120758533477783,7.082162074462053,23.62794321649647,-25.99671244753305,3.7319230677191686,1.2260493040084839,1.3747951984405518,1.1143341064453125,-0.9381318109509036
1.52,608,front_wing,front_wing_main_wing,segment_0,front_wing_main_wing:segment_0:mirror:1,mirror,1,-3.866612434387207,3.866612434387207,-4.006940841674805,-3.7205376625061035,0.44653916358947754,0.050310470163822174,-6.127455711364746,6.127455711364746,3.8770346641540527,7.078658126519333,22.701267090377762,-20.75646543968455,3.3200486076830544,1.0442675352096558,1.2078256607055664,1.1421114206314087,-0.950107285639917
1.52,608,front_wing,front_wing_main_wing,segment_0,front_wing_main_wing:segment_0:mirror:0,mirror,0,-3.9186012744903564,3.9186012744903564,-4.0696587562561035,-3.7612264156341553,0.4818037748336792,0.053670208901166916,-6.1613287925720215,6.1613287925720215,3.504687786102295,7.297680530354255,20.956713850022908,-12.736496812275877,2.8405790745210946,0.6835704445838928,0.8630364537239075,1.1247512102127075,-0.9628820275081951
1.52,608,front_wing,front_wing_main_wing,segment_0,front_wing_main_wing:segment_0:orig:17,orig,17,3.3647563457489014,3.3647563457489014,3.3276560306549072,3.4015634059906006,0.10607821494340897,0.017890620976686478,1.144928216934204,1.144928216934204,5.3009209632873535,4.072215217977064,6.954253815270745,-15.678847394792312,4.281325354538057,0.2805043160915375,-0.2916300892829895,0.12441591918468475,0.8267907820468762
1.52,608,front_wing,front_wing_main_wing,segment_0,front_wing_main_wing:segment_0:orig:16,orig,16,3.383241653442383,3.383241653442383,3.342121124267578,3.4238576889038086,0.11861799657344818,0.01908620074391365,1.791618824005127,1.791618824005127,5.469471454620361,5.523058811205243,10.131129385821522,-21.286488518493435,5.577777363717638,0.40627819299697876,-0.4229224920272827,0.19336476922035217,0.8313330075258711
1.52,608,front_wing,front_wing_main_wing,segment_0,front_wing_main_wing:segment_0:orig:15,orig,15,3.4029645919799805,3.4029645919799805,3.357563018798828,3.447646141052246,0.1319829523563385,0.020358268171548843,2.2938878536224365,2.2938878536224365,5.4952874183654785,6.3254864002097,12.47266683391642,-24.967218865333024,6.17156604681721,0.5082893371582031,-0.5310309529304504,0.25392189621925354,0.8361793447051933
1.52,608,front_wing,front_wing_main_wing,segment_0,front_wing_main_wing:segment_0:orig:14,orig,14,3.424001455307007,3.424001455307007,3.3740367889404297,3.4730257987976074,0.1462603211402893,0.021717842668294907,2.721703052520752,2.721703052520752,5.49131965637207,6.777468193623371,14.382543325810541,-27.91852330741895,6.421893020884415,0.6063300967216492,-0.6333756446838379,0.3123578131198883,0.8413485405977696
1.52,608,front_wing,front_wing_main_wing,segment_0,front_wing_main_wing:segment_0:orig:13,orig,13,3.446441650390625,3.446441650390625,3.391597032546997,3.500105381011963,0.1614920198917389,0.023167528212070465,3.1038780212402344,3.1038780212402344,5.435673236846924,7.07180429176299,16.031310570565683,-30.190763574640624,6.4829378680187,0.699445366859436,-0.7322766184806824,0.37140583992004395,0.8468625643593741
1.52,608,front_wing,front_wing_main_wing,segment_0,front_wing_main_wing:segment_0:orig:12,orig,12,3.470383644104004,3.470383644104004,3.4103503227233887,3.528979778289795,0.1777343600988388,0.0247122123837471,3.4565269947052,3.4565269947052,5.371438980102539,7.24115605683496,17.51665648119869,-32.086101825937334,6.436262028466083,0.7929185628890991,-0.8331997394561768,0.4328753352165222,0.852745611353566
1.52,608,front_wing,front_wing_main_wing,segment_0,front_wing_main_wing:segment_0:orig:11,orig,11,3.4959216117858887,3.4959216117858887,3.4303340911865234,3.5597827434539795,0.19505932927131653,0.02636127546429634,3.788451671600342,3.788451671600342,5.292388916015625,7.33961482741083,18.81873368586215,-33.59786306433262,6.300537026425486,0.8856825232505798,-0.931344211101532,0.4960858225822449,0.859020822424427
1.52,608,front_wing,front_wing_main_wing,segment_0,front_wing_main_wing:segment_0:orig:10,orig,10,3.5231659412384033,3.5231659412384033,3.451663017272949,3.592646837234497,0.21353057026863098,0.028125561773777008,4.105180740356445,4.105180740356445,5.203823566436768,7.388897719790841,20.002872621590384,-34.737675131505085,6.117672271064169,0.9770166277885437,-1.0319175720214844,0.5625920295715332,0.8657153221562861
1.52,608,front_wing,front_wing_main_wing,segment_0,front_wing_main_wing:segment_0:orig:9,orig,9,3.5522260665893555,3.5522260665893555,3.4744210243225098,3.6277055740356445,0.2332458198070526,0.030000019818544388,4.409338474273682,4.409338474273682,5.106196403503418,7.40443711421081,21.06890081284539,-35.49319545132421,5.899047697777788,1.0647965669631958,-1.126846432685852,0.6320674419403076,0.8728560007958107
1.52,608,front_wing,front_wing_main_wing,segment_0,front_wing_main_wing:segment_0:orig:8,orig,8,3.5832290649414062,3.5832290649414062,3.498687505722046,3.6650993824005127,0.25428950786590576,0.0320018008351326,4.700982093811035,4.700982093811035,5.003001689910889,7.390256323793351,22.021982166641948,-35.89152471975171,5.65564138297972,1.1485934257507324,-1.2199217081069946,0.7047430872917175,0.8804740838364075
1.52,608,front_wing,front_wing_main_wing,segment_0,front_wing_main_wing:segment_0:orig:7,orig,7,3.616299629211426,3.616299629211426,3.5245673656463623,3.7049942016601562,0.27671679854393005,0.034138865768909454,4.979167938232422,4.979167938232422,4.885921478271484,7.365542885442057,22.80511414018338,-35.790324879240494,5.382085888310594,1.2218410968780518,-1.3040976524353027,0.7785407304763794,0.8886002109273292
1.52,608,front_wing,front_wing_main_wing,segment_0,front_wing_main_wing:segment_0:orig:6,orig,6,3.651578903198242,3.651578903198242,3.5522031784057617,3.747545003890991,0.3006426692008972,0.036419354379177094,5.241852283477783,5.241852283477783,4.76227331161499,7.322339127727814,23.454200313699143,-35.22471427171534,5.0947621031325,1.282861351966858,-1.376436710357666,0.8541868329048157,0.8972690640424911
1.52,608,front_wing,front_wing_main_wing,segment_0,front_wing_main_wing:segment_0:orig:5,orig,5,3.689211845397949,3.689211845397949,3.581651210784912,3.7929444313049316,0.32617509365081787,0.03885126858949661,5.4846930503845215,5.4846930503845215,4.6330084800720215,7.258860198022377,23.917340185470252,-34.13245721713313,4.788681837486777,1.3260892629623413,-1.4328325986862183,0.9292190074920654,0.9065162625064546
1.52,608,front_wing,front_wing_main_wing,segment_0,front_wing_main_wing:segment_0:orig:4,orig,4,3.729361057281494,3.729361057281494,3.613088369369507,3.841388702392578,0.35341960191726685,0.04144318029284477,5.702568054199219,5.702568054199219,4.481066703796387,7.201590627646902,24.121338064017042,-32.313697148690686,4.4572260528172105,1.3391823768615723,-1.4584388732910156,0.9996649622917175,0.9163817608905206
1.52,608,front_wing,front_wing_main_wing,segment_0,front_wing_main_wing:segment_0:orig:3,orig,3,3.772186279296875,3.772186279296875,3.6466152667999268,3.893038511276245,0.38248321413993835,0.04421060532331467,5.888400077819824,5.888400077819824,4.314134120941162,7.137091795189218,24.07173086869277,-29.677165589203767,4.110066391291555,1.3120454549789429,-1.4464000463485718,1.0642257928848267,0.9269048107530055
1.52,608,front_wing,front_wing_main_wing,segment_0,front_wing_main_wing:segment_0:orig:2,orig,2,3.8178763389587402,3.8178763389587402,3.682374954223633,3.9481606483459473,0.413472980260849,0.047161705791950226,6.033373832702637,6.033373832702637,4.120758533477783,7.0821631939148375,23.627948271839042,-25.99672761356077,3.7319238661868726,1.2260500192642212,-1.3747954368591309,1.1143343448638916,0.9381318109509036
1.52,608,front_wing,front_wing_main_wing,segment_0,front_wing_main_wing:segment_0:orig:1,orig,1,3.866612434387207,3.866612434387207,3.7205376625061035,4.006940841674805,0.44653916358947754,0.050310470163822174,6.127455711364746,6.127455711364746,3.8770341873168945,7.078658997124816,22.701262351432206,-20.756403833392298,3.3200479146147104,1.0442644357681274,-1.207823395729065,1.1421111822128296,0.950107285639917
1.52,608,front_wing,front_wing_main_wing,segment_0,front_wing_main_wing:segment_0:orig:0,orig,0,3.9186012744903564,3.9186012744903564,3.7612264156341553,4.0696587562561035,0.4818037748336792,0.053670208901166916,6.1613264083862305,6.1613264083862305,3.5046913623809814,7.297670259705055,20.95672939803444,-12.736566778327765,2.8405811819772793,0.6835741996765137,-0.8630390763282776,1.1247520446777344,0.9628820275081951
1.6,640,front_wing,front_wing_main_wing,segment_0,front_wing_main_wing:segment_0:mirror:17,mirror,17,-3.3659543991088867,3.3659543991088867,-3.4027607440948486,-3.3288538455963135,0.1060766950249672,0.017890378832817078,-0.9554755091667175,0.9554755091667175,5.204837322235107,3.4611658894477038,4.472662487100232,-11.302952766234966,2.7535948776192147,0.2022141069173813,0.2031414955854416,0.08001762628555298,-0.8268416122509388
1.6,640,front_wing,front_wing_main_wing,segment_0,front_wing_main_wing:segment_0:mirror:16,mirror,16,-3.384439468383789,3.384439468383789,-3.4250550270080566,-3.3433196544647217,0.11861633509397507,0.01908661425113678,-1.4955763816833496,1.4955763816833496,5.329319477081299,4.731755946915316,6.739286475480548,-15.378188918408501,3.7104220716126286,0.2935175597667694,0.2946902811527252,0.1286301612854004,-0.8313824415877464
1.6,640,front_wing,front_wing_main_wing,segment_0,front_wing_main_wing:segment_0:mirror:15,mirror,15,-3.4041624069213867,3.4041624069213867,-3.448843002319336,-3.3587613105773926,0.13198088109493256,0.020358335226774216,-1.915405035018921,1.915405035018921,5.349627494812012,5.425703471011227,8.473679019502464,-18.06977512301691,4.192903661879133,0.3678705394268036,0.3701172173023224,0.17250999808311462,-0.8362273516385395
1.6,640,front_wing,front_wing_main_wing,segment_0,front_wing_main_wing:segment_0:mirror:14,mirror,14,-3.425199031829834,3.425199031829834,-3.474224328994751,-3.375235080718994,0.1462586522102356,0.021717673167586327,-2.273317575454712,2.273317575454712,5.3436479568481445,5.817423746994955,9.912679068306621,-20.208079068323777,4.426121964406869,0.43887245655059814,0.44098567962646484,0.21528032422065735,-0.8413949667613776
1.6,640,front_wing,front_wing_main_wing,segment_0,front_wing_main_wing:segment_0:mirror:13,mirror,13,-3.4476394653320312,3.4476394653320312,-3.501302719116211,-3.392796039581299,0.16149041056632996,0.023167049512267113,-2.5933754444122314,2.5933754444122314,5.301389694213867,6.058413643987927,11.173211156550861,-21.897292870917205,4.518405107641421,0.5072956681251526,0.5103626251220703,0.2588503360748291,-0.8469074253441435
1.6,640,front_wing,front_wing_main_wing,segment_0,front_wing_main_wing:segment_0:mirror:12,mirror,12,-3.471580982208252,3.471580982208252,-3.530176877975464,-3.4115490913391113,0.17773278057575226,0.024713236838579178,-2.889030694961548,2.889030694961548,5.248347759246826,6.194296823899294,12.325444922443163,-23.28857751892587,4.528860757907039,0.5755361318588257,0.580734372138977,0.30460163950920105,-0.8527886227896313
1.6,640,front_wing,front_wing_main_wing,segment_0,front_wing_main_wing:segment_0:mirror:11,mirror,11,-3.4971201419830322,3.4971201419830322,-3.5609798431396484,-3.4315311908721924,0.1950581967830658,0.026360364630818367,-3.167588710784912,3.167588710784912,5.184901237487793,6.2640337467229426,13.376305856235037,-24.400741288597683,4.478430963523224,0.6432124376296997,0.6489158868789673,0.35260429978370667,-0.8590622787991435
1.6,640,front_wing,front_wing_main_wing,segment_0,front_wing_main_wing:segment_0:mirror:10,mirror,10,-3.5243637561798096,3.5243637561798096,-3.593844413757324,-3.4528610706329346,0.21353121101856232,0.02812633104622364,-3.433712959289551,3.433712959289551,5.113856315612793,6.289036259243344,14.362945042681197,-25.24642778123137,4.392745412771358,0.710089385509491,0.7188147902488708,0.4039769470691681,-0.8657546314620227
1.6,640,front_wing,front_wing_main_wing,segment_0,front_wing_main_wing:segment_0:mirror:9,mirror,9,-3.553424119949341,3.553424119949341,-3.62890362739563,-3.475616931915283,0.2332475185394287,0.0299997441470623,-3.689561367034912,3.689561367034912,5.035940647125244,6.282132597174883,15.308487835892112,-25.820201303986902,4.286167704504375,0.7745994329452515,0.7849972248077393,0.45925071835517883,-0.8728932659123763
1.6,640,front_wing,front_wing_main_wing,segment_0,front_wing_main_wing:segment_0:mirror:8,mirror,8,-3.5844268798828125,3.5844268798828125,-3.6662979125976562,-3.499885082244873,0.2542903423309326,0.03200163319706917,-3.935232400894165,3.935232400894165,4.952199935913086,6.249889577700916,16.153535591527866,-26.122942973489042,4.148505065722839,0.8359768390655518,0.8489793539047241,0.5169395208358765,-0.8805090470454798
1.6,640,front_wing,front_wing_main_wing,segment_0,front_wing_main_wing:segment_0:mirror:7,mirror,7,-3.617497444152832,3.617497444152832,-3.7061922550201416,-3.5257649421691895,0.2767173647880554,0.034139104187488556,-4.169944763183594,4.169944763183594,4.858536720275879,6.203237301944287,16.927484132182094,-26.07095260158448,3.9949366832693998,0.8900389671325684,0.9071008563041687,0.5778891444206238,-0.8886327811894452
1.6,640,front_wing,front_wing_main_wing,segment_0,front_wing_main_wing:segment_0:mirror:6,mirror,6,-3.6527769565582275,3.6527769565582275,-3.7487432956695557,-3.553400993347168,0.3006415367126465,0.036418668925762177,-4.3919806480407715,4.3919806480407715,4.760140419006348,6.137926262412776,17.633115665592136,-25.697781376591106,3.8303104201959735,0.9358789920806885,0.9571309089660645,0.6421746015548706,-0.897299140105189
1.6,640,front_wing,front_wing_main_wing,segment_0,front_wing_main_wing:segment_0:mirror:5,mirror,5,-3.690410614013672,3.690410614013672,-3.7941434383392334,-3.582850456237793,0.3261755108833313,0.03885132819414139,-4.597687244415283,4.597687244415283,4.655911445617676,6.0549889942806425,18.253931269449232,-24.932195514194262,3.654760798655743,0.9686489105224609,0.9956023693084717,0.7091894745826721,-0.9065437911954108
1.6,640,front_wing,front_wing_main_wing,segment_0,front_wing_main_wing:segment_0:mirror:4,mirror,4,-3.7305588722229004,3.7305588722229004,-3.84258770942688,-3.614285707473755,0.35342174768447876,0.041443098336458206,-4.782721042633057,4.782721042633057,4.535114288330078,5.967927524352243,18.718963770754648,-23.64423908139627,3.4589352470247055,0.9798905253410339,1.012237548828125,0.7757718563079834,-0.9164061501612881
1.6,640,front_wing,front_wing_main_wing,segment_0,front_wing_main_wing:segment_0:mirror:3,mirror,3,-3.7733840942382812,3.7733840942382812,-3.8942368030548096,-3.647813320159912,0.3824833035469055,0.044210758060216904,-4.941064834594727,4.941064834594727,4.401569366455078,5.86989747696472,19.041770649580563,-21.795507904414784,3.251237881902452,0.9635959267616272,1.0035121440887451,0.8418511152267456,-0.9269261012413076
1.6,640,front_wing,front_wing_main_wing,segment_0,front_wing_main_wing:segment_0:mirror:2,mirror,2,-3.8190741539001465,3.8190741539001465,-3.94935941696167,-3.6835734844207764,0.41347283124923706,0.047161296010017395,-5.065118789672852,5.065118789672852,4.247241020202637,5.768537842990827,19.163646968458497,-19.15948638537022,3.0268094561617613,0.903586208820343,0.9517660737037659,0.9037824273109436,-0.9381497953604733
1.6,640,front_wing,front_wing_main_wing,segment_0,front_wing_main_wing:segment_0:mirror:1,mirror,1,-3.8678104877471924,3.8678104877471924,-4.0081377029418945,-3.721735715866089,0.4465391933917999,0.050311148166656494,-5.14607572555542,5.14607572555542,4.054074764251709,5.685318914364287,19.03499071771548,-15.449127512643928,2.783857392637877,0.777263343334198,0.8351991772651672,0.9576722383499146,-0.9501218021303689
1.6,640,front_wing,front_wing_main_wing,segment_0,front_wing_main_wing:segment_0:mirror:0,mirror,0,-3.919799566268921,3.919799566268921,-4.070857524871826,-3.762423276901245,0.4818047285079956,0.05367059260606766,-5.175103187561035,5.175103187561035,3.7603471279144287,5.712813071389829,18.48714764744303,-9.762833160617445,2.505836610892132,0.5239770412445068,0.5949906706809998,0.992216169834137,-0.9628928407147678
1.6,640,front_wing,front_wing_main_wing,segment_0,front_wing_main_wing:segment_0:orig:17,orig,17,3.3659543991088867,3.3659543991088867,3.3288538455963135,3.4027607440948486,0.1060766950249672,0.017890378832817078,0.9554752111434937,0.9554752111434937,5.204840183258057,3.461162907321717,4.472660821270645,-11.30295609789414,2.7535938520511483,0.20221416652202606,-0.20314151048660278,0.08001759648323059,0.8268416122509388
1.6,640,front_wing,front_wing_main_wing,segment_0,front_wing_main_wing:segment_0:orig:16,orig,16,3.384439468383789,3.384439468383789,3.3433196544647217,3.4250550270080566,0.11861633509397507,0.01908661425113678,1.4955757856369019,1.4955757856369019,5.329324722290039,4.731749404053182,6.739285694767898,-15.378209216937405,3.710421641778779,0.29351794719696045,-0.2946905791759491,0.1286301463842392,0.8313824415877464
1.6,640,front_wing,front_wing_main_wing,segment_0,front_wing_main_wing:segment_0:orig:15,orig,15,3.4041624069213867,3.4041624069213867,3.3587613105773926,3.448843002319336,0.13198088109493256,0.020358335226774216,1.9154047966003418,1.9154047966003418,5.349628448486328,5.425701828414896,8.473679019502464,-18.069779514680874,4.192903661879133,0.36787062883377075,-0.37011733651161194,0.17250999808311462,0.8362273516385395
1.6,640,front_wing,front_wing_main_wing,segment_0,front_wing_main_wing:segment_0:orig:14,orig,14,3.425199031829834,3.425199031829834,3.375235080718994,3.474224328994751,0.1462586522102356,0.021717673167586327,2.273317575454712,2.273317575454712,5.3436479568481445,5.817423746994955,9.91268044056792,-20.208081812846373,4.426122577136872,0.4388725161552429,-0.440985769033432,0.21528035402297974,0.8413949667613776
1.6,640,front_wing,front_wing_main_wing,segment_0,front_wing_main_wing:segment_0:orig:13,orig,13,3.4476394653320312,3.4476394653320312,3.392796039581299,3.501302719116211,0.16149041056632996,0.023167049512267113,2.5933761596679688,2.5933761596679688,5.301385879516602,6.058419674334869,11.173212442960786,-21.89727486117828,4.518405627860818,0.5072952508926392,-0.5103623270988464,0.2588503658771515,0.8469074253441435
1.6,640,front_wing,front_wing_main_wing,segment_0,front_wing_main_wing:segment_0:orig:12,orig,12,3.471580982208252,3.471580982208252,3.4115490913391113,3.530176877975464,0.17773278057575226,0.024713236838579178,2.889030694961548,2.889030694961548,5.248348236083984,6.194296261118251,12.325443716517666,-23.28857751892587,4.528860314801846,0.5755361318588257,-0.5807342529296875,0.30460160970687866,0.8527886227896313
1.6,640,front_wing,front_wing_main_wing,segment_0,front_wing_main_wing:segment_0:orig:11,orig,11,3.4971201419830322,3.4971201419830322,3.4315311908721924,3.5609798431396484,0.1950581967830658,0.026360364630818367,3.1675891876220703,3.1675891876220703,5.184901237487793,6.264034689687551,13.376303595088592,-24.400736766304792,4.4784302064839965,0.6432123184204102,-0.6489158272743225,0.3526042401790619,0.8590622787991435
1.6,640,front_wing,front_wing_main_wing,segment_0,front_wing_main_wing:segment_0:orig:10,orig,10,3.5243637561798096,3.5243637561798096,3.4528610706329346,3.593844413757324,0.21353121101856232,0.02812633104622364,3.43371319770813,3.43371319770813,5.113852500915527,6.289041387250513,14.362943983093214,-25.246391755239944,4.392745088708275,0.7100883722305298,-0.7188140153884888,0.4039769172668457,0.8657546314620227
1.6,640,front_wing,front_wing_main_wing,segment_0,front_wing_main_wing:segment_0:orig:9,orig,9,3.553424119949341,3.553424119949341,3.475616931915283,3.62890362739563,0.2332475185394287,0.0299997441470623,3.689560890197754,3.689560890197754,5.035942077636719,6.28213000077049,15.308488829311331,-25.820215211855963,4.286167982648201,0.7745998501777649,-0.784997284412384,0.4592507481575012,0.8728932659123763
1.6,640,front_wing,front_wing_main_wing,segment_0,front_wing_main_wing:segment_0:orig:8,orig,8,3.5844268798828125,3.5844268798828125,3.499885082244873,3.6662979125976562,0.2542903423309326,0.03200163319706917,3.9352335929870605,3.9352335929870605,4.952197551727295,6.249894479916259,16.153535591527866,-26.122915035237703,4.148505065722839,0.8359759449958801,-0.8489789366722107,0.5169395208358765,0.8805090470454798
1.6,640,front_wing,front_wing_main_wing,segment_0,front_wing_main_wing:segment_0:orig:7,orig,7,3.617497444152832,3.617497444152832,3.5257649421691895,3.7061922550201416,0.2767173647880554,0.034139104187488556,4.1699442863464355,4.1699442863464355,4.8585405349731445,6.203231722108893,16.92748936998603,-26.07099275808133,3.9949379194067323,0.8900403380393982,-0.9071018695831299,0.5778893232345581,0.8886327811894452
1.6,640,front_wing,front_wing_main_wing,segment_0,front_wing_main_wing:segment_0:orig:6,orig,6,3.6527769565582275,3.6527769565582275,3.553400993347168,3.7487432956695557,0.3006415367126465,0.036418668925762177,4.39198112487793,4.39198112487793,4.760138988494873,6.137928773369894,17.633110755639642,-25.697745370272816,3.8303093536435524,0.9358776807785034,-0.9571300148963928,0.6421744227409363,0.897299140105189
1.6,640,front_wing,front_wing_main_wing,segment_0,front_wing_main_wing:segment_0:orig:5,orig,5,3.690410614013672,3.690410614013672,3.582850456237793,3.7941434383392334,0.3261755108833313,0.03885132819414139,4.597686767578125,4.597686767578125,4.655911445617676,6.054988366303229,18.253931269449232,-24.93219398002162,3.654760798655743,0.9686488509178162,-0.9956019520759583,0.7091894745826721,0.9065437911954108
1.6,640,front_wing,front_wing_main_wing,segment_0,front_wing_main_wing:segment_0:orig:4,orig,4,3.7305588722229004,3.7305588722229004,3.614285707473755,3.84258770942688,0.35342174768447876,0.041443098336458206,4.782721519470215,4.782721519470215,4.535114288330078,5.967928119354455,18.71896664721163,-23.644244834310236,3.45893577854336,0.979890763759613,-1.0122376680374146,0.775771975517273,0.9164061501612881
1.6,640,front_wing,front_wing_main_wing,segment_0,front_wing_main_wing:segment_0:orig:3,orig,3,3.7733840942382812,3.7733840942382812,3.647813320159912,3.8942368030548096,0.3824833035469055,0.044210758060216904,4.941064834594727,4.941064834594727,4.401571273803711,5.869894933341039,19.041773345967027,-21.795534868279415,3.251238342289985,0.9635971188545227,-1.0035130977630615,0.8418512344360352,0.9269261012413076
1.6,640,front_wing,front_wing_main_wing,segment_0,front_wing_main_wing:segment_0:orig:2,orig,2,3.8190741539001465,3.8190741539001465,3.6835734844207764,3.94935941696167,0.41347283124923706,0.047161296010017395,5.065119743347168,5.065119743347168,4.247239112854004,5.768541519640206,19.163646968458497,-19.159442150738354,3.0268094561617613,0.9035841226577759,-0.9517647624015808,0.9037824273109436,0.9381497953604733
1.6,640,front_wing,front_wing_main_wing,segment_0,front_wing_main_wing:segment_0:orig:1,orig,1,3.8678104877471924,3.8678104877471924,3.721735715866089,4.0081377029418945,0.4465391933917999,0.050311148166656494,5.146076202392578,5.146076202392578,4.054072856903076,5.685322115980778,19.034989532995056,-15.449090786310792,2.7838572193731372,0.77726149559021,-0.835197925567627,0.9576721787452698,0.9501218021303689
1.6,640,front_wing,front_wing_main_wing,segment_0,front_wing_main_wing:segment_0:orig:0,orig,0,3.919799566268921,3.919799566268921,3.762423276901245,4.070857524871826,0.4818047285079956,0.05367059260606766,5.175102710723877,5.175102710723877,3.7603487968444824,5.712810009528983,18.48714764744303,-9.76290312616913,2.505836610892132,0.5239807963371277,-0.5949932932853699,0.992216169834137,0.9628928407147678
1.68,672,front_wing,front_wing_main_wing,segment_0,front_wing_main_wing:segment_0:mirror:17,mirror,17,-3.35787296295166,3.35787296295166,-3.3946783542633057,-3.320772886276245,0.1060730516910553,0.017889784649014473,-0.5826730132102966,0.5826730132102966,5.074179649353027,2.1651300961051865,2.633583094599878,-4.269983304709613,1.6214212499177616,0.07638908177614212,0.07550720870494843,0.047114234417676926,-0.8264972727351684
1.68,672,front_wing,front_wing_main_wing,segment_0,front_wing_main_wing:segment_0:mirror:16,mirror,16,-3.3763577938079834,3.3763577938079834,-3.41697359085083,-3.3352391719818115,0.1186145693063736,0.01908695511519909,-0.9124150276184082,0.9124150276184082,5.133245468139648,2.997038738971733,4.09279462910517,-5.817906125079058,2.2533871578329463,0.11104611307382584,0.10957266390323639,0.07811898738145828,-0.8310470762739813
1.68,672,front_wing,front_wing_main_wing,segment_0,front_wing_main_wing:segment_0:mirror:15,mirror,15,-3.396080493927002,3.396080493927002,-3.4407615661621094,-3.350679636001587,0.131980761885643,0.020358461886644363,-1.168992280960083,1.168992280960083,5.1442670822143555,3.4435587724979357,5.2284813006856625,-6.841207385342144,2.5871334213135904,0.13927645981311798,0.13755185902118683,0.10644383728504181,-0.8359015654220799
1.68,672,front_wing,front_wing_main_wing,segment_0,front_wing_main_wing:segment_0:mirror:14,mirror,14,-3.4171180725097656,3.4171180725097656,-3.4661426544189453,-3.367154359817505,0.14625848829746246,0.021717384457588196,-1.3880194425582886,1.3880194425582886,5.140317916870117,3.692448824365159,6.192543170199029,-7.65277279373472,2.765042817351657,0.16619820892810822,0.16385392844676971,0.13448584079742432,-0.8410796950045409
1.68,672,front_wing,front_wing_main_wing,segment_0,front_wing_main_wing:segment_0:mirror:13,mirror,13,-3.4395575523376465,3.4395575523376465,-3.4932212829589844,-3.384714126586914,0.1614900529384613,0.023166855797171593,-1.5841410160064697,1.5841410160064697,5.118106842041016,3.8332638172814857,7.050062588386146,-8.29542522273771,2.8510254488898084,0.19217891991138458,0.18956807255744934,0.16332778334617615,-0.846602884560538
1.68,672,front_wing,front_wing_main_wing,segment_0,front_wing_main_wing:segment_0:mirror:12,mirror,12,-3.4634995460510254,3.4634995460510254,-3.5220956802368164,-3.403468370437622,0.17773321270942688,0.02471354603767395,-1.7655742168426514,1.7655742168426514,5.089111328125,3.9039606448934756,7.841867762276469,-8.823449892613677,2.8814084239235154,0.2180587351322174,0.2156183421611786,0.19380035996437073,-0.8524958985983758
1.68,672,front_wing,front_wing_main_wing,segment_0,front_wing_main_wing:segment_0:mirror:11,mirror,11,-3.4890384674072266,3.4890384674072266,-3.5528998374938965,-3.4234492778778076,0.19505898654460907,0.026360470801591873,-1.9367655515670776,1.9367655515670776,5.054740905761719,3.9286395510129735,8.583058004532168,-9.244388669723442,2.8736242659729108,0.24368643760681152,0.2408537119626999,0.2262534499168396,-0.858781975850966
1.68,672,front_wing,front_wing_main_wing,segment_0,front_wing_main_wing:segment_0:mirror:10,mirror,10,-3.516282081604004,3.516282081604004,-3.5857620239257812,-3.4447810649871826,0.21353000402450562,0.02812650427222252,-2.100602865219116,2.100602865219116,5.015244483947754,3.9230417679707643,9.291484633883481,-9.558788426880469,2.841712273669835,0.2688553035259247,0.2664361596107483,0.2613369822502136,-0.8654876413366825
1.68,672,front_wing,front_wing_main_wing,segment_0,front_wing_main_wing:segment_0:mirror:9,mirror,9,-3.5453426837921143,3.5453426837921143,-3.620823383331299,-3.467536211013794,0.23324717581272125,0.029999572783708572,-2.258378267288208,2.258378267288208,4.9729766845703125,3.8939813262025735,9.983650958176936,-9.776346031745637,2.7952901452752155,0.29328620433807373,0.2907971739768982,0.2995052635669708,-0.8726405350636096
1.68,672,front_wing,front_wing_main_wing,segment_0,front_wing_main_wing:segment_0:mirror:8,mirror,8,-3.576345682144165,3.576345682144165,-3.6582155227661133,-3.491804361343384,0.25429025292396545,0.03200148046016693,-2.410181760787964,2.410181760787964,4.926826477050781,3.847537051901496,10.626826530103843,-9.887263030113388,2.7291523235321815,0.31640705466270447,0.3141186833381653,0.34007418155670166,-0.8802715246416247
1.68,672,front_wing,front_wing_main_wing,segment_0,front_wing_main_wing:segment_0:mirror:7,mirror,7,-3.609415054321289,3.609415054321289,-3.6981098651885986,-3.517683744430542,0.27671533823013306,0.03413892909884453,-2.5555405616760254,2.5555405616760254,4.876449108123779,3.78770236744347,11.24528576131707,-9.863217758778031,2.6539403764152016,0.33671969175338745,0.33522120118141174,0.38390201330184937,-0.8884111255785916
1.68,672,front_wing,front_wing_main_wing,segment_0,front_wing_main_wing:segment_0:mirror:6,mirror,6,-3.644695520401001,3.644695520401001,-3.740661144256592,-3.5453200340270996,0.3006405234336853,0.03641868755221367,-2.693401336669922,2.693401336669922,4.822622299194336,3.7153548416268363,11.828307641508594,-9.71557744029373,2.569383855436737,0.3538285791873932,0.3530659079551697,0.43077144026756287,-0.8970949588615744
1.68,672,front_wing,front_wing_main_wing,segment_0,front_wing_main_wing:segment_0:mirror:5,mirror,5,-3.682328224182129,3.682328224182129,-3.7860615253448486,-3.574768304824829,0.3261762857437134,0.038852155208587646,-2.8215274810791016,2.8215274810791016,4.766573905944824,3.62957325463812,12.364102044855185,-9.421755792529044,2.4755066428938086,0.36605551838874817,0.36655160784721375,0.48037201166152954,-0.9063577652226024
1.68,672,front_wing,front_wing_main_wing,segment_0,front_wing_main_wing:segment_0:mirror:4,mirror,4,-3.722477674484253,3.722477674484253,-3.8345046043395996,-3.606203317642212,0.35342252254486084,0.04144252464175224,-2.937196731567383,2.937196731567383,4.701882362365723,3.5350621245220966,12.841212432614691,-8.929339305539962,2.372824984325234,0.37005436420440674,0.37186211347579956,0.5321722626686096,-0.9162400363932641
1.68,672,front_wing,front_wing_main_wing,segment_0,front_wing_main_wing:segment_0:mirror:3,mirror,3,-3.7653021812438965,3.7653021812438965,-3.886155605316162,-3.639730453491211,0.3824843764305115,0.04421069473028183,-3.0366339683532715,3.0366339683532715,4.631914138793945,3.4280586311389727,13.240688058142265,-8.230504297456344,2.2607406966618306,0.3638763129711151,0.3677714169025421,0.5853800177574158,-0.9267807383297548
1.68,672,front_wing,front_wing_main_wing,segment_0,front_wing_main_wing:segment_0:mirror:2,mirror,2,-3.810992479324341,3.810992479324341,-3.9412779808044434,-3.6754913330078125,0.413474977016449,0.047161079943180084,-3.1150007247924805,3.1150007247924805,4.551328659057617,3.310554319805869,13.537315321540643,-7.2432102293686755,2.138145283659597,0.34159761667251587,0.3478444516658783,0.6384344100952148,-0.9380268179672493
1.68,672,front_wing,front_wing_main_wing,segment_0,front_wing_main_wing:segment_0:mirror:1,mirror,1,-3.859729051589966,3.859729051589966,-4.000059127807617,-3.713653564453125,0.4465433359146118,0.05031169578433037,-3.166537046432495,3.166537046432495,4.452350616455078,3.185382570952151,13.708210534078741,-5.854513028561891,2.004799990713834,0.29455047845840454,0.3039848804473877,0.6896833181381226,-0.950022698843157
1.68,672,front_wing,front_wing_main_wing,segment_0,front_wing_main_wing:segment_0:mirror:0,mirror,0,-3.9117178916931152,3.9117178916931152,-4.062775611877441,-3.7543418407440186,0.48180848360061646,0.05367011949419975,-3.184816360473633,3.184816360473633,4.310418128967285,3.0670478237815537,13.709389827682628,-3.754364330636512,1.8582219310392636,0.2014971822500229,0.21552401781082153,0.7357845902442932,-0.962819083647467
1.68,672,front_wing,front_wing_main_wing,segment_0,front_wing_main_wing:segment_0:orig:17,orig,17,3.35787296295166,3.35787296295166,3.320772886276245,3.3946783542633057,0.1060730516910553,0.017889784649014473,0.5826727747917175,0.5826727747917175,5.074181079864502,2.165128599783115,2.6335822616574203,-4.269985387065757,1.6214207370990836,0.0763891190290451,-0.07550721615552902,0.04711421951651573,0.8264972727351684
1.68,672,front_wing,front_wing_main_wing,segment_0,front_wing_main_wing:segment_0:orig:16,orig,16,3.3763577938079834,3.3763577938079834,3.3352391719818115,3.41697359085083,0.1186145693063736,0.01908695511519909,0.9124151468276978,0.9124151468276978,5.133245468139648,2.997039130542288,4.09279462910517,-5.817906125079058,2.2533871578329463,0.11104611307382584,-0.10957265645265579,0.07811898738145828,0.8310470762739813
1.68,672,front_wing,front_wing_main_wing,segment_0,front_wing_main_wing:segment_0:orig:15,orig,15,3.396080493927002,3.396080493927002,3.350679636001587,3.4407615661621094,0.131980761885643,0.020358461886644363,1.168992519378662,1.168992519378662,5.144266605377197,3.443559794013043,5.228482032625102,-6.841205921463264,2.5871337834885466,0.1392764300107956,-0.13755185902118683,0.106443852186203,0.8359015654220799
1.68,672,front_wing,front_wing_main_wing,segment_0,front_wing_main_wing:segment_0:orig:14,orig,14,3.4171180725097656,3.4171180725097656,3.367154359817505,3.4661426544189453,0.14625848829746246,0.021717384457588196,1.3880194425582886,1.3880194425582886,5.140318870544434,3.692448139311625,6.192543170199029,-7.652776910573345,2.765042817351657,0.16619829833507538,-0.16385403275489807,0.13448584079742432,0.8410796950045409
1.68,672,front_wing,front_wing_main_wing,segment_0,front_wing_main_wing:segment_0:orig:13,orig,13,3.4395575523376465,3.4395575523376465,3.384714126586914,3.4932212829589844,0.1614900529384613,0.023166855797171593,1.5841412544250488,1.5841412544250488,5.118104934692383,3.833265822731659,7.050064518017166,-8.29541300174125,2.851026229227157,0.1921786367893219,-0.18956787884235382,0.16332782804965973,0.846602884560538
1.68,672,front_wing,front_wing_main_wing,segment_0,front_wing_main_wing:segment_0:orig:12,orig,12,3.4634995460510254,3.4634995460510254,3.403468370437622,3.5220956802368164,0.17773321270942688,0.02471354603767395,1.7655737400054932,1.7655737400054932,5.089114189147949,3.9039573957849876,7.841865953410857,-8.823466172404187,2.8814077592756573,0.21805913746356964,-0.21561866998672485,0.19380031526088715,0.8524958985983758
1.68,672,front_wing,front_wing_main_wing,segment_0,front_wing_main_wing:segment_0:orig:11,orig,11,3.4890384674072266,3.4890384674072266,3.4234492778778076,3.5528998374938965,0.19505898654460907,0.026360470801591873,1.936765193939209,1.936765193939209,5.054742813110352,3.9286373431550032,8.583056873963498,-9.244406193537811,2.8736238874563536,0.24368689954280853,-0.24085408449172974,0.2262534201145172,0.858781975850966
1.68,672,front_wing,front_wing_main_wing,segment_0,front_wing_main_wing:segment_0:orig:10,orig,10,3.516282081604004,3.516282081604004,3.4447810649871826,3.5857620239257812,0.21353000402450562,0.02812650427222252,2.1006033420562744,2.1006033420562744,5.015244483947754,3.9230426585018208,9.291485693464939,-9.558788426880469,2.8417125977327538,0.2688553035259247,-0.26643621921539307,0.261337012052536,0.8654876413366825
1.68,672,front_wing,front_wing_main_wing,segment_0,front_wing_main_wing:segment_0:orig:9,orig,9,3.5453426837921143,3.5453426837921143,3.467536211013794,3.620823383331299,0.23324717581272125,0.029999572783708572,2.2583792209625244,2.2583792209625244,4.972975254058838,3.8939840906956618,9.983653938451615,-9.776335104071812,2.795290979712685,0.29328587651252747,-0.29079699516296387,0.299505352973938,0.8726405350636096
1.68,672,front_wing,front_wing_main_wing,segment_0,front_wing_main_wing:segment_0:orig:8,orig,8,3.576345682144165,3.576345682144165,3.491804361343384,3.6582155227661133,0.25429025292396545,0.03200148046016693,2.4101829528808594,2.4101829528808594,4.926824569702148,3.8475404444393244,10.62683118650129,-9.887251854759514,2.72915351937535,0.3164066970348358,-0.3141184151172638,0.3400743305683136,0.8802715246416247
1.68,672,front_wing,front_wing_main_wing,segment_0,front_wing_main_wing:segment_0:orig:7,orig,7,3.609415054321289,3.609415054321289,3.517683744430542,3.6981098651885986,0.27671533823013306,0.03413892909884453,2.5555410385131836,2.5555410385131836,4.876449108123779,3.787703074189143,11.24528750726067,-9.863219504721632,2.65394078846611,0.3367197513580322,-0.33522123098373413,0.38390207290649414,0.8884111255785916
1.68,672,front_wing,front_wing_main_wing,segment_0,front_wing_main_wing:segment_0:orig:6,orig,6,3.644695520401001,3.644695520401001,3.5453200340270996,3.740661144256592,0.3006405234336853,0.03641868755221367,2.6934010982513428,2.6934010982513428,4.822622776031494,3.715354145389496,11.828307641508594,-9.715590533493684,2.569383855436737,0.3538290560245514,-0.3530661165714264,0.43077144026756287,0.8970949588615744
1.68,672,front_wing,front_wing_main_wing,segment_0,front_wing_main_wing:segment_0:orig:5,orig,5,3.682328224182129,3.682328224182129,3.574768304824829,3.7860615253448486,0.3261762857437134,0.038852155208587646,2.821528434753418,2.821528434753418,4.766571998596191,3.6295759338092632,12.364103578995168,-9.421734314569267,2.4755069500551135,0.3660546839237213,-0.3665509521961212,0.4803720712661743,0.9063577652226024
1.68,672,front_wing,front_wing_main_wing,segment_0,front_wing_main_wing:segment_0:orig:4,orig,4,3.722477674484253,3.722477674484253,3.606203317642212,3.8345046043395996,0.35342252254486084,0.04144252464175224,2.937196731567383,2.937196731567383,4.7018818855285645,3.535062483027269,12.841212432614691,-8.92932923780116,2.372824984325234,0.3700539469718933,-0.37186187505722046,0.5321722626686096,0.9162400363932641
1.68,672,front_wing,front_wing_main_wing,segment_0,front_wing_main_wing:segment_0:orig:3,orig,3,3.7653021812438965,3.7653021812438965,3.639730453491211,3.886155605316162,0.3824843764305115,0.04421069473028183,3.036633014678955,3.036633014678955,4.631914138793945,3.428057554535238,13.24068536175194,-8.230511038432157,2.2607402362749296,0.363876610994339,-0.36777153611183167,0.5853798985481262,0.9267807383297548
1.68,672,front_wing,front_wing_main_wing,segment_0,front_wing_main_wing:segment_0:orig:2,orig,2,3.810992479324341,3.810992479324341,3.6754913330078125,3.9412779808044434,0.413474977016449,0.047161079943180084,3.1149990558624268,3.1149990558624268,4.551329135894775,3.3105521992611617,13.537310266130984,-7.243224131745239,2.1381444851851534,0.3415982723236084,-0.3478448688983917,0.6384341716766357,0.9380268179672493
1.68,672,front_wing,front_wing_main_wing,segment_0,front_wing_main_wing:segment_0:orig:1,orig,1,3.859729051589966,3.859729051589966,3.713653564453125,4.000059127807617,0.4465433359146118,0.05031169578433037,3.1665358543395996,3.1665358543395996,4.452350616455078,3.18538137176456,13.708205795248627,-5.854510659146834,2.0047992976688485,0.294550359249115,-0.3039848208427429,0.6896830797195435,0.950022698843157
1.68,672,front_wing,front_wing_main_wing,segment_0,front_wing_main_wing:segment_0:orig:0,orig,0,3.9117178916931152,3.9117178916931152,3.7543418407440186,4.062775611877441,0.48180848360061646,0.05367011949419975,3.1848154067993164,3.1848154067993164,4.310418605804443,3.067046566082325,13.709388717108526,-3.754399036077208,1.8582217805078993,0.20149904489517212,-0.21552520990371704,0.7357845306396484,0.962819083647467
1.76,704,front_wing,front_wing_main_wing,segment_0,front_wing_main_wing:segment_0:mirror:17,mirror,17,-3.354678153991699,3.354678153991699,-3.391484260559082,-3.3175783157348633,0.10607494413852692,0.017889801412820816,-0.1319458931684494,0.1319458931684494,5.1757917404174805,0.48065810292039696,0.7029045405108473,-0.2119336282918636,0.43275035745102586,0.003791450522840023,0.0038454001769423485,0.012574822641909122,-0.8263608266204125
1.76,704,front_wing,front_wing_main_wing,segment_0,front_wing_main_wing:segment_0:mirror:16,mirror,16,-3.3731637001037598,3.3731637001037598,-3.4137790203094482,-3.332044839859009,0.11861462891101837,0.019087180495262146,-0.20709463953971863,0.20709463953971863,5.180831432342529,0.6740019250131343,1.102341170675117,-0.2869716000777567,0.6069203110407693,0.005477478727698326,0.005572326947003603,0.02104058489203453,-0.8309143874880969
1.76,704,front_wing,front_wing_main_wing,segment_0,front_wing_main_wing:segment_0:mirror:15,mirror,15,-3.392886161804199,3.392886161804199,-3.4375672340393066,-3.3474857807159424,0.13197940587997437,0.020358042791485786,-0.26595795154571533,0.26595795154571533,5.181987762451172,0.7777507219181502,1.4157421090043123,-0.33546522708293897,0.7005382916399454,0.006829415448009968,0.006976318079978228,0.028821738436818123,-0.8357726388629335
1.76,704,front_wing,front_wing_main_wing,segment_0,front_wing_main_wing:segment_0:mirror:14,mirror,14,-3.413923740386963,3.413923740386963,-3.4629485607147217,-3.3639609813690186,0.14625731110572815,0.02171795442700386,-0.31656691431999207,0.31656691431999207,5.181455135345459,0.8354610198936457,1.6847454033701272,-0.3730778084378911,0.7522645451091979,0.008102486841380596,0.008303102105855942,0.03658922389149666,-0.8409548441385898
1.76,704,front_wing,front_wing_main_wing,segment_0,front_wing_main_wing:segment_0:mirror:13,mirror,13,-3.4363632202148438,3.4363632202148438,-3.4900269508361816,-3.3815207481384277,0.16148898005485535,0.023166730999946594,-0.362234503030777,0.362234503030777,5.179132461547852,0.8662034319988422,1.9273745684839387,-0.4016444886546733,0.7794300238425271,0.009304789826273918,0.009563440456986427,0.04465096816420555,-0.8464823809836476
1.76,704,front_wing,front_wing_main_wing,segment_0,front_wing_main_wing:segment_0:mirror:12,mirror,12,-3.4603052139282227,3.4603052139282227,-3.5189011096954346,-3.4002747535705566,0.1777321696281433,0.02471322938799858,-0.40483391284942627,0.40483391284942627,5.176072597503662,0.8801171431058532,2.1537988096607323,-0.42383805651782575,0.7913944284169577,0.010474407114088535,0.010825598612427711,0.05322732403874397,-0.8523800333984961
1.76,704,front_wing,front_wing_main_wing,segment_0,front_wing_main_wing:segment_0:mirror:11,mirror,11,-3.485844135284424,3.485844135284424,-3.5497052669525146,-3.420255184173584,0.19505789875984192,0.026360301300883293,-0.445376992225647,0.445376992225647,5.172356605529785,0.882888322575495,2.369100963893715,-0.4400057051688307,0.7931839655082518,0.011598682962357998,0.012037855572998524,0.062450215220451355,-0.8586710584071969
1.76,704,front_wing,front_wing_main_wing,segment_0,front_wing_main_wing:segment_0:mirror:10,mirror,10,-3.513087511062622,3.513087511062622,-3.5825676918029785,-3.4415876865386963,0.21352818608283997,0.028126895427703857,-0.48452985286712646,0.48452985286712646,5.16822624206543,0.878119877198437,2.5763266834925864,-0.4501678817248051,0.7879517404576575,0.012661824934184551,0.013214841485023499,0.07246407121419907,-0.8653819431760427
1.76,704,front_wing,front_wing_main_wing,segment_0,front_wing_main_wing:segment_0:mirror:9,mirror,9,-3.5421483516693115,3.5421483516693115,-3.617626905441284,-3.4643430709838867,0.23324450850486755,0.029999034479260445,-0.522605299949646,0.522605299949646,5.164088249206543,0.8677581925753688,2.779307507092715,-0.4545922169102702,0.7781782196933362,0.013637327589094639,0.014314163476228714,0.08337654173374176,-0.8725405256580768
1.76,704,front_wing,front_wing_main_wing,segment_0,front_wing_main_wing:segment_0:mirror:8,mirror,8,-3.573150873184204,3.573150873184204,-3.6550209522247314,-3.488609790802002,0.2542893886566162,0.03200172260403633,-0.5596563220024109,0.5596563220024109,5.159389972686768,0.8531488637190711,2.975590534407199,-0.4528661189931036,0.7641855636391893,0.01449249591678381,0.015314930118620396,0.09522402286529541,-0.8801774041097041
1.76,704,front_wing,front_wing_main_wing,segment_0,front_wing_main_wing:segment_0:mirror:7,mirror,7,-3.6062207221984863,3.6062207221984863,-3.694915533065796,-3.514488697052002,0.2767168879508972,0.03413887321949005,-0.5955666303634644,0.5955666303634644,5.154595851898193,0.8350838160717047,3.1658275938980918,-0.44371895216150353,0.7471460308420139,0.01514806505292654,0.016152184456586838,0.10807778686285019,-0.8883235291664812
1.76,704,front_wing,front_wing_main_wing,segment_0,front_wing_main_wing:segment_0:mirror:6,mirror,6,-3.641500473022461,3.641500473022461,-3.7374651432037354,-3.5421249866485596,0.3006398677825928,0.03641872853040695,-0.6301056146621704,0.6301056146621704,5.14952278137207,0.8140100926419774,3.348625287155033,-0.42782015957728653,0.7274009752985862,0.01558066625148058,0.016785399988293648,0.12195267528295517,-0.8970140212839357
1.76,704,front_wing,front_wing_main_wing,segment_0,front_wing_main_wing:segment_0:mirror:5,mirror,5,-3.6791341304779053,3.6791341304779053,-3.782865524291992,-3.5715742111206055,0.32617372274398804,0.03885205090045929,-0.6627535223960876,0.6627535223960876,5.144705295562744,0.7899008255967723,3.521546095085484,-0.4044283836602914,0.705079853032451,0.01571287214756012,0.01714213378727436,0.1368192881345749,-0.9062843532967477
1.76,704,front_wing,front_wing_main_wing,segment_0,front_wing_main_wing:segment_0:mirror:4,mirror,4,-3.7192835807800293,3.7192835807800293,-3.8313095569610596,-3.603008985519409,0.3534209728240967,0.041442446410655975,-0.6928123235702515,0.6928123235702515,5.139316082000732,0.7628654619986436,3.680734500462128,-0.37113346413028686,0.6801364844553288,0.015380678698420525,0.017085464671254158,0.15253864228725433,-0.916174402779003
1.76,704,front_wing,front_wing_main_wing,segment_0,front_wing_main_wing:segment_0:mirror:3,mirror,3,-3.7621068954467773,3.7621068954467773,-3.8829598426818848,-3.636536121368408,0.38248375058174133,0.044211097061634064,-0.719274640083313,0.719274640083313,5.133835792541504,0.7326048360663219,3.8201456610503053,-0.32875157589941073,0.652260128525833,0.014534467831254005,0.01654975675046444,0.16889283061027527,-0.9267231076270471
1.76,704,front_wing,front_wing_main_wing,segment_0,front_wing_main_wing:segment_0:mirror:2,mirror,2,-3.807797908782959,3.807797908782959,-3.9380834102630615,-3.6722967624664307,0.4134741723537445,0.04716043174266815,-0.740736722946167,0.740736722946167,5.128171920776367,0.6986873956155325,3.9336610547688493,-0.27367022730382135,0.621301565350821,0.012906406074762344,0.015251560136675835,0.18551315367221832,-0.9379782152160372
1.76,704,front_wing,front_wing_main_wing,segment_0,front_wing_main_wing:segment_0:mirror:1,mirror,1,-3.856534957885742,3.856534957885742,-3.9968652725219727,-3.7104599475860596,0.44654470682144165,0.05031195282936096,-0.7553389668464661,0.7553389668464661,5.122020244598389,0.6604890912543475,4.009862343612001,-0.2024723127860684,0.586433020513196,0.010186777450144291,0.012922688387334347,0.20174400508403778,-0.9499836554803122
1.76,704,front_wing,front_wing_main_wing,segment_0,front_wing_main_wing:segment_0:mirror:0,mirror,0,-3.908522844314575,3.908522844314575,-4.059580326080322,-3.7511465549468994,0.48180893063545227,0.053670018911361694,-0.7601709961891174,0.7601709961891174,5.114514350891113,0.6169671541216348,4.034044712907727,-0.10404008701086755,0.5467889888183526,0.005583833437412977,0.008728687651455402,0.21650725603103638,-0.9627898773685312
1.76,704,front_wing,front_wing_main_wing,segment_0,front_wing_main_wing:segment_0:orig:17,orig,17,3.354678153991699,3.354678153991699,3.3175783157348633,3.391484260559082,0.10607494413852692,0.017889801412820816,0.1319459080696106,0.1319459080696106,5.175792217254639,0.4806581129207404,0.7029045405108473,-0.21193388858613774,0.43275035745102586,0.003791455179452896,-0.003845404600724578,0.012574822641909122,0.8263608266204125
1.76,704,front_wing,front_wing_main_wing,segment_0,front_wing_main_wing:segment_0:orig:16,orig,16,3.3731637001037598,3.3731637001037598,3.332044839859009,3.4137790203094482,0.11861462891101837,0.019087180495262146,0.2070947140455246,0.2070947140455246,5.180831432342529,0.6740021674967484,1.1023413658474892,-0.286971478095024,0.6069204184975894,0.00547747639939189,-0.005572326015681028,0.02104058861732483,0.8309143874880969
1.76,704,front_wing,front_wing_main_wing,segment_0,front_wing_main_wing:segment_0:orig:15,orig,15,3.392886161804199,3.392886161804199,3.3474857807159424,3.4375672340393066,0.13197940587997437,0.020358042791485786,0.2659580707550049,0.2659580707550049,5.181987762451172,0.777751070526306,1.4157429324531337,-0.33546518133578224,0.7005386990993456,0.006829414516687393,-0.006976319011300802,0.028821755200624466,0.8357726388629335
1.76,704,front_wing,front_wing_main_wing,segment_0,front_wing_main_wing:segment_0:orig:14,orig,14,3.413923740386963,3.413923740386963,3.3639609813690186,3.4629485607147217,0.14625731110572815,0.02171795442700386,0.31656697392463684,0.31656697392463684,5.181455135345459,0.8354611771980104,1.6847454033701272,-0.37307849455965475,0.7522645451091979,0.00810250174254179,-0.008303116075694561,0.03658922389149666,0.8409548441385898
1.76,704,front_wing,front_wing_main_wing,segment_0,front_wing_main_wing:segment_0:orig:13,orig,13,3.4363632202148438,3.4363632202148438,3.3815207481384277,3.4900269508361816,0.16148898005485535,0.023166730999946594,0.3622346818447113,0.3622346818447113,5.179132461547852,0.8662038595926863,1.9273752116977436,-0.4016438454408684,0.7794302839581058,0.009304774925112724,-0.009563432075083256,0.044650983065366745,0.8464823809836476
1.76,704,front_wing,front_wing_main_wing,segment_0,front_wing_main_wing:segment_0:orig:12,orig,12,3.4603052139282227,3.4603052139282227,3.4002747535705566,3.5189011096954346,0.1777321696281433,0.02471322938799858,0.4048340916633606,0.4048340916633606,5.176072597503662,0.8801175318509756,2.1537995633643945,-0.42383707670306503,0.791394705358739,0.010474382899701595,-0.010825580917298794,0.053227342665195465,0.8523800333984961
1.76,704,front_wing,front_wing_main_wing,segment_0,front_wing_main_wing:segment_0:orig:11,orig,11,3.485844135284424,3.485844135284424,3.420255184173584,3.5497052669525146,0.19505789875984192,0.026360301300883293,0.44537708163261414,0.44537708163261414,5.172356605529785,0.8828884998104413,2.3691016705036767,-0.4400053518638498,0.7931842020839401,0.011598673649132252,-0.012037849053740501,0.06245023384690285,0.8586710584071969
1.76,704,front_wing,front_wing_main_wing,segment_0,front_wing_main_wing:segment_0:orig:10,orig,10,3.513087511062622,3.513087511062622,3.4415876865386963,3.5825676918029785,0.21352818608283997,0.028126895427703857,0.48452991247177124,0.48452991247177124,5.16822624206543,0.8781199852207251,2.576327213275947,-0.4501681135050255,0.7879519024882431,0.012661831453442574,-0.013214842416346073,0.07246408611536026,0.8653819431760427
1.76,704,front_wing,front_wing_main_wing,segment_0,front_wing_main_wing:segment_0:orig:9,orig,9,3.5421483516693115,3.5421483516693115,3.4643430709838867,3.617626905441284,0.23324450850486755,0.029999034479260445,0.5226052403450012,0.5226052403450012,5.164088249206543,0.8677580936050391,2.779307507092715,-0.4545921237750153,0.7781782196933362,0.013637324795126915,-0.014314158819615841,0.08337654173374176,0.8725405256580768
1.76,704,front_wing,front_wing_main_wing,segment_0,front_wing_main_wing:segment_0:orig:8,orig,8,3.573150873184204,3.573150873184204,3.488609790802002,3.6550209522247314,0.2542893886566162,0.03200172260403633,0.5596562623977661,0.5596562623977661,5.159389972686768,0.8531487728568169,2.9755900687709778,-0.45286646822026966,0.7641854440553709,0.014492507092654705,-0.015314938500523567,0.09522400796413422,0.8801774041097041
1.76,704,front_wing,front_wing_main_wing,segment_0,front_wing_main_wing:segment_0:orig:7,orig,7,3.6062207221984863,3.6062207221984863,3.514488697052002,3.694915533065796,0.2767168879508972,0.03413887321949005,0.59556645154953,0.59556645154953,5.154595851898193,0.8350835653447246,3.16582693916817,-0.443719388648118,0.7471458763235357,0.015148079954087734,-0.016152190044522285,0.1080777645111084,0.8883235291664812
1.76,704,front_wing,front_wing_main_wing,segment_0,front_wing_main_wing:segment_0:orig:6,orig,6,3.641500473022461,3.641500473022461,3.5421249866485596,3.7374651432037354,0.3006398677825928,0.03641872853040695,0.6301054954528809,0.6301054954528809,5.14952278137207,0.814009938639914,3.3486246734119756,-0.4278196736973662,0.7274008419790117,0.015580648556351662,-0.016785388812422752,0.12195265293121338,0.8970140212839357
1.76,704,front_wing,front_wing_main_wing,segment_0,front_wing_main_wing:segment_0:orig:5,orig,5,3.6791341304779053,3.6791341304779053,3.5715742111206055,3.782865524291992,0.32617372274398804,0.03885205090045929,0.6627534627914429,0.6627534627914429,5.144705295562744,0.7899007545571527,3.5215457115494586,-0.404428287776285,0.7050797762413152,0.01571286842226982,-0.01714213378727436,0.1368192732334137,0.9062843532967477
1.76,704,front_wing,front_wing_main_wing,segment_0,front_wing_main_wing:segment_0:orig:4,orig,4,3.7192835807800293,3.7192835807800293,3.603008985519409,3.8313095569610596,0.3534209728240967,0.041442446410655975,0.6928120851516724,0.6928120851516724,5.139316082000732,0.7628651994725694,3.6807334217737915,-0.3711347001273392,0.6801362851322609,0.015380729921162128,-0.017085501924157143,0.15253859758377075,0.916174402779003
1.76,704,front_wing,front_wing_main_wing,segment_0,front_wing_main_wing:segment_0:orig:3,orig,3,3.7621068954467773,3.7621068954467773,3.636536121368408,3.8829598426818848,0.38248375058174133,0.044211097061634064,0.7192744016647339,0.7192744016647339,5.133835792541504,0.7326045932291714,3.8201443128674115,-0.3287503119779478,0.6522598983341007,0.014534411951899529,-0.016549717634916306,0.1688927710056305,0.9267231076270471
1.76,704,front_wing,front_wing_main_wing,segment_0,front_wing_main_wing:segment_0:orig:2,orig,2,3.807797908782959,3.807797908782959,3.6722967624664307,3.9380834102630615,0.4134741723537445,0.04716043174266815,0.7407365441322327,0.7407365441322327,5.128171920776367,0.6986872269523109,3.9336601068665096,-0.2736709579785414,0.6213014156345137,0.012906440533697605,-0.0152515834197402,0.18551310896873474,0.9379782152160372
1.76,704,front_wing,front_wing_main_wing,segment_0,front_wing_main_wing:segment_0:orig:1,orig,1,3.856534957885742,3.856534957885742,3.7104599475860596,3.9968652725219727,0.44654470682144165,0.05031195282936096,0.7553387880325317,0.7553387880325317,5.122020244598389,0.6604889348945433,4.009860862735156,-0.20247107255171073,0.5864328039384095,0.010186715051531792,-0.012922646477818489,0.2017439305782318,0.9499836554803122
1.76,704,front_wing,front_wing_main_wing,segment_0,front_wing_main_wing:segment_0:orig:0,orig,0,3.908522844314575,3.908522844314575,3.7511465549468994,4.059580326080322,0.48180893063545227,0.053670018911361694,0.760170578956604,0.760170578956604,5.114514350891113,0.6169668154889355,4.034042769399406,-0.10404260316003347,0.546788725388216,0.0055839684791862965,-0.00872877612709999,0.21650715172290802,0.9627898773685312
1.84,736,front_wing,front_wing_main_wing,segment_0,front_wing_main_wing:segment_0:mirror:17,mirror,17,-3.354038715362549,3.354038715362549,-3.3908445835113525,-3.3169381618499756,0.10607638955116272,0.01789001189172268,0.3122965395450592,0.3122965395450592,6.324400901794434,0.9310200764816113,-1.8857465261274593,-1.3613324078071953,-1.1609632837627801,0.024354252964258194,0.021836187690496445,-0.03373602777719498,-0.8263334718009975
1.84,736,front_wing,front_wing_main_wing,segment_0,front_wing_main_wing:segment_0:mirror:16,mirror,16,-3.372523784637451,3.372523784637451,-3.4131386280059814,-3.331404209136963,0.11861583590507507,0.019087335094809532,0.4882321357727051,0.4882321357727051,6.344982147216797,1.2974280381350647,-2.9606255614209798,-1.8827400222592288,-1.6300266651955948,0.03593648970127106,0.03172404319047928,-0.056510452181100845,-0.8308876325506778
1.84,736,front_wing,front_wing_main_wing,segment_0,front_wing_main_wing:segment_0:mirror:15,mirror,15,-3.3922462463378906,3.3922462463378906,-3.4369263648986816,-3.3468451499938965,0.13197875022888184,0.020357593894004822,0.6244876980781555,0.6244876980781555,6.350545883178711,1.4901802853547303,-3.7951071422035976,-2.2397816897542406,-1.8779063395124325,0.045596566051244736,0.03991924226284027,-0.07725924998521805,-0.8357466492861554
1.84,736,front_wing,front_wing_main_wing,segment_0,front_wing_main_wing:segment_0:mirror:14,mirror,14,-3.413283348083496,3.413283348083496,-3.462308645248413,-3.363320827484131,0.14625611901283264,0.021718189120292664,0.7402090430259705,0.7402090430259705,6.349737644195557,1.5940963064208833,-4.503849444556129,-2.5287667163184753,-2.0110539326709747,0.05492023378610611,0.04760090634226799,-0.09781545400619507,-0.840929553479376
1.84,736,front_wing,front_wing_main_wing,segment_0,front_wing_main_wing:segment_0:mirror:13,mirror,13,-3.435722827911377,3.435722827911377,-3.489387273788452,-3.3808810710906982,0.16148796677589417,0.0231664776802063,0.8432450294494629,0.8432450294494629,6.342076301574707,1.6466911683932957,-5.137188070054468,-2.766528845881714,-2.077491220209566,0.06409072875976562,0.055247679352760315,-0.1190105527639389,-0.846457961123167
1.84,736,front_wing,front_wing_main_wing,segment_0,front_wing_main_wing:segment_0:mirror:12,mirror,12,-3.459664821624756,3.459664821624756,-3.518261194229126,-3.3996360301971436,0.17773213982582092,0.0247131809592247,0.9379717707633972,0.9379717707633972,6.3326802253723145,1.66673377282721,-5.7198224753063585,-2.970355872433295,-2.1016988110583403,0.07340694218873978,0.06309344619512558,-0.1413550078868866,-0.8523565426441246
1.84,736,front_wing,front_wing_main_wing,segment_0,front_wing_main_wing:segment_0:mirror:11,mirror,11,-3.485203742980957,3.485203742980957,-3.5490663051605225,-3.419614553451538,0.19505836069583893,0.026360295712947845,1.0267372131347656,1.0267372131347656,6.321132659912109,1.6654431925816013,-6.269093523805271,-3.144296568220804,-2.0989112584009613,0.08288458734750748,0.07073299586772919,-0.16525515913963318,-0.8586485587301826
1.84,736,front_wing,front_wing_main_wing,segment_0,front_wing_main_wing:segment_0:mirror:10,mirror,10,-3.5124473571777344,3.5124473571777344,-3.581928253173828,-3.440948963165283,0.21352586150169373,0.028127245604991913,1.1111266613006592,1.1111266613006592,6.307628154754639,1.6499736112798777,-6.7880853205480545,-3.2884692762587164,-2.0761116616982513,0.09249558299779892,0.07873986661434174,-0.19093014299869537,-0.8653605594594874
1.84,736,front_wing,front_wing_main_wing,segment_0,front_wing_main_wing:segment_0:mirror:9,mirror,9,-3.541508197784424,3.541508197784424,-3.6169867515563965,-3.4637060165405273,0.2332417368888855,0.02999907359480858,1.191781997680664,1.191781997680664,6.292377948760986,1.6240737592364094,-7.285600873731732,-3.4058383310680798,-2.0399193948764913,0.10217199474573135,0.08637551963329315,-0.21856127679347992,-0.8725202696924044
1.84,736,front_wing,front_wing_main_wing,segment_0,front_wing_main_wing:segment_0:mirror:8,mirror,8,-3.5725104808807373,3.5725104808807373,-3.6543803215026855,-3.4879703521728516,0.25428828597068787,0.03200225904583931,1.2686526775360107,1.2686526775360107,6.2773118019104,1.5895444626148347,-7.764894900100005,-3.4934339990927232,-1.9941743490608197,0.11179777979850769,0.09396909177303314,-0.24849417805671692,-0.8801582925057353
1.84,736,front_wing,front_wing_main_wing,segment_0,front_wing_main_wing:segment_0:mirror:7,mirror,7,-3.6055798530578613,3.6055798530578613,-3.694274663925171,-3.513848304748535,0.27671658992767334,0.03413815796375275,1.3415104150772095,1.3415104150772095,6.259922027587891,1.5488876736478374,-8.218829292182841,-3.5437964567893205,-1.9396736288302876,0.12097868323326111,0.10113850235939026,-0.280575692653656,-0.8883055834109472
1.84,736,front_wing,front_wing_main_wing,segment_0,front_wing_main_wing:segment_0:mirror:6,mirror,6,-3.6408607959747314,3.6408607959747314,-3.7368242740631104,-3.5414838790893555,0.30063825845718384,0.03641856089234352,1.4097880125045776,1.4097880125045776,6.241828918457031,1.5025457386790266,-8.645100932044727,-3.5575293168507103,-1.8779313815520464,0.12956009805202484,0.10753970593214035,-0.3148421347141266,-0.8969977383092722
1.84,736,front_wing,front_wing_main_wing,segment_0,front_wing_main_wing:segment_0:mirror:5,mirror,5,-3.6784939765930176,3.6784939765930176,-3.782224416732788,-3.570935010910034,0.3261716663837433,0.03885200247168541,1.4723145961761475,1.4723145961761475,6.2227678298950195,1.4507774047556483,-9.037579002527027,-3.5285446563536897,-1.8095049380744537,0.1370910257101059,0.11292766034603119,-0.3511280417442322,-0.9062694132761668
1.84,736,front_wing,front_wing_main_wing,segment_0,front_wing_main_wing:segment_0:mirror:4,mirror,4,-3.7186431884765625,3.7186431884765625,-3.830669641494751,-3.602368116378784,0.35342103242874146,0.04144278168678284,1.5277595520019531,1.5277595520019531,6.201778888702393,1.3940435258931565,-9.390469793734885,-3.4378587059152634,-1.7351971556099794,0.14247442781925201,0.11596456915140152,-0.3891671895980835,-0.9161609620808494
1.84,736,front_wing,front_wing_main_wing,segment_0,front_wing_main_wing:segment_0:mirror:3,mirror,3,-3.7614665031433105,3.7614665031433105,-3.8823206424713135,-3.6358959674835205,0.38248488306999207,0.04421092942357063,1.574363350868225,1.574363350868225,6.178680419921875,1.3323703485756457,-9.689791208651389,-3.2782903560488688,-1.6544515069408245,0.14493626356124878,0.11632159352302551,-0.4283946752548218,-0.9267113287538756
1.84,736,front_wing,front_wing_main_wing,segment_0,front_wing_main_wing:segment_0:mirror:2,mirror,2,-3.807157516479492,3.807157516479492,-3.937443971633911,-3.671656370162964,0.41347748041152954,0.04716070741415024,1.6100454330444336,1.6100454330444336,6.1525187492370605,1.2657948371946002,-9.92720310568907,-3.0203777273953074,-1.5679382126222883,0.14244315028190613,0.11174621433019638,-0.46817392110824585,-0.9379682094533316
1.84,736,front_wing,front_wing_main_wing,segment_0,front_wing_main_wing:segment_0:mirror:1,mirror,1,-3.8558945655822754,3.8558945655822754,-3.996224880218506,-3.709817409515381,0.44654738903045654,0.050311945378780365,1.6326873302459717,1.6326873302459717,6.12122917175293,1.1946118669740406,-10.088971390195557,-2.624399670949116,-1.475479685197364,0.1320386528968811,0.09955152869224548,-0.5075957775115967,-0.9499755410342031
1.84,736,front_wing,front_wing_main_wing,segment_0,front_wing_main_wing:segment_0:mirror:0,mirror,0,-3.9078831672668457,3.9078831672668457,-4.058940887451172,-3.7505059242248535,0.48180902004241943,0.05366983264684677,1.6414082050323486,1.6414082050323486,6.078346252441406,1.1209499797119977,-10.178401633774294,-1.9784228180885168,-1.3796170594141957,0.10618162155151367,0.07245099544525146,-0.5462731122970581,-0.9627839566101236
1.84,736,front_wing,front_wing_main_wing,segment_0,front_wing_main_wing:segment_0:orig:17,orig,17,3.354038715362549,3.354038715362549,3.3169381618499756,3.3908445835113525,0.10607638955116272,0.01789001189172268,-0.31229662895202637,0.31229662895202637,6.324400901794434,0.9310203430221293,-1.8857471508263672,-1.3613324078071953,-1.1609636683598008,0.024354252964258194,-0.021836187690496445,-0.03373603895306587,0.8263334718009975
1.84,736,front_wing,front_wing_main_wing,segment_0,front_wing_main_wing:segment_0:orig:16,orig,16,3.372523784637451,3.372523784637451,3.331404209136963,3.4131386280059814,0.11861583590507507,0.019087335094809532,-0.48823222517967224,0.48823222517967224,6.344981670379639,1.2974283732292768,-2.960626342104146,-1.8827388512344796,-1.6300270950150204,0.035936467349529266,-0.031724024564027786,-0.05651046708226204,0.8308876325506778
1.84,736,front_wing,front_wing_main_wing,segment_0,front_wing_main_wing:segment_0:orig:15,orig,15,3.3922462463378906,3.3922462463378906,3.3468451499938965,3.4369263648986816,0.13197875022888184,0.020357593894004822,-0.6244877576828003,0.6244877576828003,6.350545406341553,1.4901805394776937,-3.795107508188922,-2.239780042820283,-1.8779065206103922,0.04559653252363205,-0.03991921618580818,-0.07725925743579865,0.8357466492861554
1.84,736,front_wing,front_wing_main_wing,segment_0,front_wing_main_wing:segment_0:orig:14,orig,14,3.413283348083496,3.413283348083496,3.363320827484131,3.462308645248413,0.14625611901283264,0.021718189120292664,-0.7402090430259705,0.7402090430259705,6.349738121032715,1.5940961867113237,-4.503849444556129,-2.528767917018586,-2.0110539326709747,0.0549202598631382,-0.04760091379284859,-0.09781545400619507,0.840929553479376
1.84,736,front_wing,front_wing_main_wing,segment_0,front_wing_main_wing:segment_0:orig:13,orig,13,3.435722827911377,3.435722827911377,3.3808810710906982,3.489387273788452,0.16148796677589417,0.0231664776802063,-0.8432449102401733,0.8432449102401733,6.342076301574707,1.6466909356010735,-5.13718742683363,-2.7665294891025525,-2.0774909600895106,0.06409074366092682,-0.05524769425392151,-0.11901053786277771,0.846457961123167
1.84,736,front_wing,front_wing_main_wing,segment_0,front_wing_main_wing:segment_0:orig:12,orig,12,3.459664821624756,3.459664821624756,3.3996360301971436,3.518261194229126,0.17773213982582092,0.0247131809592247,-0.9379714727401733,0.9379714727401733,6.332680702209473,1.6667331177518985,-5.719820063449913,-2.9703591887359067,-2.101697924842755,0.07340702414512634,-0.06309350579977036,-0.14135494828224182,0.8523565426441246
1.84,736,front_wing,front_wing_main_wing,segment_0,front_wing_main_wing:segment_0:orig:11,orig,11,3.485203742980957,3.485203742980957,3.419614553451538,3.5490663051605225,0.19505836069583893,0.026360295712947845,-1.026737093925476,1.026737093925476,6.321132659912109,1.6654429992153754,-6.2690923932290925,-3.1442968508648486,-2.098910879880676,0.08288459479808807,-0.07073299586772919,-0.1652551293373108,0.8586485587301826
1.84,736,front_wing,front_wing_main_wing,segment_0,front_wing_main_wing:segment_0:orig:10,orig,10,3.5124473571777344,3.5124473571777344,3.440948963165283,3.581928253173828,0.21352586150169373,0.028127245604991913,-1.1111266613006592,1.1111266613006592,6.3076276779174805,1.6499737360127833,-6.788084790771289,-3.288465832709742,-2.076111499667919,0.09249548614025116,-0.07873979955911636,-0.19093012809753418,0.8653605594594874
1.84,736,front_wing,front_wing_main_wing,segment_0,front_wing_main_wing:segment_0:orig:9,orig,9,3.541508197784424,3.541508197784424,3.4637060165405273,3.6169867515563965,0.2332417368888855,0.02999907359480858,-1.191781759262085,1.191781759262085,6.292377948760986,1.6240734343369239,-7.285599880290309,-3.405837834347368,-2.039919116719554,0.10217197984457016,-0.08637549728155136,-0.21856124699115753,0.8725202696924044
1.84,736,front_wing,front_wing_main_wing,segment_0,front_wing_main_wing:segment_0:orig:8,orig,8,3.5725104808807373,3.5725104808807373,3.4879703521728516,3.6543803215026855,0.25428828597068787,0.03200225904583931,-1.2686524391174316,1.2686524391174316,6.277312278747559,1.5895440431459456,-7.764893503214757,-3.49343679286322,-1.9941739903138223,0.11179786920547485,-0.09396916627883911,-0.24849413335323334,0.8801582925057353
1.84,736,front_wing,front_wing_main_wing,segment_0,front_wing_main_wing:segment_0:orig:7,orig,7,3.6055798530578613,3.6055798530578613,3.513848304748535,3.694274663925171,0.27671658992767334,0.03413815796375275,-1.3415099382400513,1.3415099382400513,6.259922027587891,1.5488871230988528,-8.218827546199803,-3.5437958020456812,-1.9396732167719355,0.12097866088151932,-0.10113848000764847,-0.28057563304901123,0.8883055834109472
1.84,736,front_wing,front_wing_main_wing,segment_0,front_wing_main_wing:segment_0:orig:6,orig,6,3.6408607959747314,3.6408607959747314,3.5414838790893555,3.7368242740631104,0.30063825845718384,0.03641856089234352,-1.409787654876709,1.409787654876709,6.241828918457031,1.5025453575208487,-8.64509684040551,-3.5575329993260048,-1.8779304927460336,0.12956023216247559,-0.1075398251414299,-0.31484198570251465,0.8969977383092722
1.84,736,front_wing,front_wing_main_wing,segment_0,front_wing_main_wing:segment_0:orig:5,orig,5,3.6784939765930176,3.6784939765930176,3.570935010910034,3.782224416732788,0.3261716663837433,0.03885200247168541,-1.4723143577575684,1.4723143577575684,6.222767353057861,1.4507772809945905,-9.037579769600034,-3.5285408209886517,-1.809505091657885,0.13709087669849396,-0.11292754113674164,-0.35112807154655457,0.9062694132761668
1.84,736,front_wing,front_wing_main_wing,segment_0,front_wing_main_wing:segment_0:orig:4,orig,4,3.7186431884765625,3.7186431884765625,3.602368116378784,3.830669641494751,0.35342103242874146,0.04144278168678284,-1.5277595520019531,1.5277595520019531,6.201778888702393,1.3940435258931565,-9.390469793734885,-3.437859784594873,-1.7351971556099794,0.1424744725227356,-0.11596457660198212,-0.3891671895980835,0.9161609620808494
1.84,736,front_wing,front_wing_main_wing,segment_0,front_wing_main_wing:segment_0:orig:3,orig,3,3.7614665031433105,3.7614665031433105,3.6358959674835205,3.8823206424713135,0.38248488306999207,0.04421092942357063,-1.5743637084960938,1.5743637084960938,6.178680419921875,1.3323706512330773,-9.689793905027402,-3.2782893449078645,-1.6544519673246723,0.1449362188577652,-0.11632153391838074,-0.42839479446411133,0.9267113287538756
1.84,736,front_wing,front_wing_main_wing,segment_0,front_wing_main_wing:segment_0:orig:2,orig,2,3.807157516479492,3.807157516479492,3.671656370162964,3.937443971633911,0.41347748041152954,0.04716070741415024,-1.6100459098815918,1.6100459098815918,6.152518272399902,1.2657953101798218,-9.927206265345067,-3.020371724048916,-1.5679387116697363,0.14244286715984344,-0.11174601316452026,-0.4681740701198578,0.9379682094533316
1.84,736,front_wing,front_wing_main_wing,segment_0,front_wing_main_wing:segment_0:orig:1,orig,1,3.8558945655822754,3.8558945655822754,3.709817409515381,3.996224880218506,0.44654738903045654,0.050311945378780365,-1.6326878070831299,1.6326878070831299,6.121229648590088,1.1946121228093582,-10.088974944300512,-2.624402632703245,-1.4754802049738067,0.13203880190849304,-0.09955164045095444,-0.507595956325531,0.9499755410342031
1.84,736,front_wing,front_wing_main_wing,segment_0,front_wing_main_wing:segment_0:orig:0,orig,0,3.9078831672668457,3.9078831672668457,3.7505059242248535,4.058940887451172,0.48180902004241943,0.05366983264684677,-1.6414086818695068,1.6414086818695068,6.0783467292785645,1.1209502174166157,-10.178404965514407,-1.9784244839585736,-1.3796175110101987,0.10618171095848083,-0.07245104759931564,-0.5462732911109924,0.9627839566101236
1.92,768,front_wing,front_wing_main_wing,segment_0,front_wing_main_wing:segment_0:mirror:17,mirror,17,-3.3411736488342285,3.3411736488342285,-3.377980947494507,-3.3040733337402344,0.10607430338859558,0.017889700829982758,0.6587783694267273,0.6587783694267273,7.634144306182861,1.6270420351512116,-3.745915959876974,-6.195832769359235,-2.306225339638796,0.11084159463644028,0.09705474227666855,-0.06701331585645676,-0.8257816639545036
1.92,768,front_wing,front_wing_main_wing,segment_0,front_wing_main_wing:segment_0:mirror:16,mirror,16,-3.3596582412719727,3.3596582412719727,-3.400273323059082,-3.3185408115386963,0.11861510574817657,0.01908746361732483,1.0308514833450317,1.0308514833450317,7.692531585693359,2.259523212817013,-6.016280647463031,-8.601167269610238,-3.31239396679193,0.16417446732521057,0.1409752368927002,-0.11483553797006607,-0.8303501896000015
1.92,768,front_wing,front_wing_main_wing,segment_0,front_wing_main_wing:segment_0:mirror:15,mirror,15,-3.3793811798095703,3.3793811798095703,-3.4240615367889404,-3.333980083465576,0.1319793164730072,0.020357545465230942,1.3196775913238525,1.3196775913238525,7.706516742706299,2.5949789354938924,-7.802155182904346,-10.25402699184784,-3.8606693484800867,0.20874682068824768,0.1772570013999939,-0.15883272886276245,-0.8352247764115348
1.92,768,front_wing,front_wing_main_wing,segment_0,front_wing_main_wing:segment_0:mirror:14,mirror,14,-3.400418281555176,3.400418281555176,-3.4494431018829346,-3.3504552841186523,0.14625754952430725,0.02171851508319378,1.56562340259552,1.56562340259552,7.703805923461914,2.779032808499219,-9.33528953033519,-11.590014064275428,-4.16834251050696,0.2517178952693939,0.21132642030715942,-0.2027486264705658,-0.8404241628278402
1.92,768,front_wing,front_wing_main_wing,segment_0,front_wing_main_wing:segment_0:mirror:13,mirror,13,-3.4228577613830566,3.4228577613830566,-3.4765212535858154,-3.3680148124694824,0.16148793697357178,0.023166406899690628,1.7852246761322021,1.7852246761322021,7.682587146759033,2.8778973224429123,-10.723186011190469,-12.693940278370748,-4.336483032813747,0.2940729856491089,0.24507233500480652,-0.2484176903963089,-0.8459701514348694
1.92,768,front_wing,front_wing_main_wing,segment_0,front_wing_main_wing:segment_0:mirror:12,mirror,12,-3.4467997550964355,3.4467997550964355,-3.5053954124450684,-3.386770725250244,0.17773090302944183,0.02471323311328888,1.9877701997756958,1.9877701997756958,7.65523624420166,2.921962418557749,-12.010911215530875,-13.633536069538499,-4.4133351330316755,0.33692875504493713,0.27948877215385437,-0.2968284487724304,-0.8518874911139731
1.92,768,front_wing,front_wing_main_wing,segment_0,front_wing_main_wing:segment_0:mirror:11,mirror,11,-3.472339153289795,3.472339153289795,-3.536201000213623,-3.4067492485046387,0.19505827128887177,0.026360133662819862,2.1782002449035645,2.1782002449035645,7.6219072341918945,2.9302168982855084,-13.241893842625231,-14.434305170813799,-4.433427688191597,0.3804902136325836,0.31287291646003723,-0.3490580916404724,-0.8581996343765261
1.92,768,front_wing,front_wing_main_wing,segment_0,front_wing_main_wing:segment_0:mirror:10,mirror,10,-3.499582529067993,3.499582529067993,-3.5690622329711914,-3.4280834197998047,0.2135249674320221,0.02812681719660759,2.3598732948303223,2.3598732948303223,7.583727836608887,2.914655821819698,-14.41704635683525,-15.0991326760028,-4.409420622119242,0.4246905446052551,0.3476523160934448,-0.40550562739372253,-0.8649329211033947
1.92,768,front_wing,front_wing_main_wing,segment_0,front_wing_main_wing:segment_0:mirror:9,mirror,9,-3.5286431312561035,3.5286431312561035,-3.604121446609497,-3.450841188430786,0.23323988914489746,0.029999323189258575,2.534196376800537,2.534196376800537,7.5411505699157715,2.8815743044108677,-15.557074845999233,-15.639332104953233,-4.355911154672199,0.46916937828063965,0.38074734807014465,-0.4667017161846161,-0.872115341100868
1.92,768,front_wing,front_wing_main_wing,segment_0,front_wing_main_wing:segment_0:mirror:8,mirror,8,-3.559645175933838,3.559645175933838,-3.6415164470672607,-3.4751055240631104,0.2542882561683655,0.03200215473771095,2.7011213302612305,2.7011213302612305,7.49641227722168,2.833963949397369,-16.67352997428675,-16.03476765590134,-4.282083673720845,0.5131471157073975,0.4129166901111603,-0.5335888862609863,-0.8797775947670022
1.92,768,front_wing,front_wing_main_wing,segment_0,front_wing_main_wing:segment_0:mirror:7,mirror,7,-3.592714786529541,3.592714786529541,-3.6814093589782715,-3.500983715057373,0.27671611309051514,0.034137435257434845,2.8601293563842773,2.8601293563842773,7.446345806121826,2.776118637136402,-17.76646415017169,-16.265471865179318,-4.192957433226854,0.555261492729187,0.44311612844467163,-0.6065015196800232,-0.8879508539071177
1.92,768,front_wing,front_wing_main_wing,segment_0,front_wing_main_wing:segment_0:mirror:6,mirror,6,-3.627995491027832,3.627995491027832,-3.72395920753479,-3.5286197662353516,0.30063706636428833,0.0364195853471756,3.010049343109131,3.010049343109131,7.392936706542969,2.708595157217377,-18.804525389339208,-16.32410599175067,-4.084827770981096,0.594517171382904,0.46955007314682007,-0.6848530173301697,-0.8966705919178167
1.92,768,front_wing,front_wing_main_wing,segment_0,front_wing_main_wing:segment_0:mirror:5,mirror,5,-3.6656289100646973,3.6656289100646973,-3.7693591117858887,-3.558070421218872,0.32617226243019104,0.03885199874639511,3.148376703262329,3.148376703262329,7.33752965927124,2.6309935901825345,-19.793455600947105,-16.193584699346665,-3.9630403441817745,0.6291531324386597,0.49102136492729187,-0.7690153121948242,-0.905971810788438
1.92,768,front_wing,front_wing_main_wing,segment_0,front_wing_main_wing:segment_0:mirror:4,mirror,4,-3.705777883529663,3.705777883529663,-3.817805528640747,-3.5895016193389893,0.353421688079834,0.04144289717078209,3.272153377532959,3.272153377532959,7.2737531661987305,2.5457273704892196,-20.72412027855385,-15.782842264311185,-3.8294535457396663,0.654086709022522,0.5017645955085754,-0.8588675856590271,-0.9158947569141304
1.92,768,front_wing,front_wing_main_wing,segment_0,front_wing_main_wing:segment_0:mirror:3,mirror,3,-3.7486014366149902,3.7486014366149902,-3.8694570064544678,-3.6230318546295166,0.38248705863952637,0.04421068727970123,3.37739896774292,3.37739896774292,7.2050018310546875,2.4511027711511173,-21.56478028291206,-15.077412368142278,-3.6819864879884854,0.6665827631950378,0.5007085800170898,-0.9533937573432922,-0.9264787338755145
1.92,768,front_wing,front_wing_main_wing,segment_0,front_wing_main_wing:segment_0:mirror:2,mirror,2,-3.794292688369751,3.794292688369751,-3.9245808124542236,-3.658790111541748,0.4134814739227295,0.04716034233570099,3.4591879844665527,3.4591879844665527,7.124755859375,2.3484326869080996,-22.296267437881472,-13.94653251927326,-3.5215187699693487,0.6577232480049133,0.4783015847206116,-1.051499605178833,-0.9377714716580525
1.92,768,front_wing,front_wing_main_wing,segment_0,front_wing_main_wing:segment_0:mirror:1,mirror,1,-3.843029499053955,3.843029499053955,-3.983360528945923,-3.6969525814056396,0.4465497136116028,0.05031191185116768,3.512126922607422,3.512126922607422,7.026810169219971,2.238577640366744,-22.90923320800909,-12.227773556863976,-3.350384388323113,0.6152026653289795,0.4232393801212311,-1.1526073217391968,-0.9498169289890954
1.92,768,front_wing,front_wing_main_wing,segment_0,front_wing_main_wing:segment_0:mirror:0,mirror,0,-3.8950181007385254,3.8950181007385254,-4.046073913574219,-3.737640857696533,0.48180919885635376,0.05367063730955124,3.531846284866333,3.531846284866333,6.887329578399658,2.128657730024146,-23.445447946436417,-9.45163073045502,-3.1778789157523826,0.5072750449180603,0.30493131279945374,-1.2583321332931519,-0.9626660767790439
1.92,768,front_wing,front_wing_main_wing,segment_0,front_wing_main_wing:segment_0:orig:17,orig,17,3.3411736488342285,3.3411736488342285,3.3040733337402344,3.377980947494507,0.10607430338859558,0.017889700829982758,-0.6587785482406616,0.6587785482406616,7.6341447830200195,1.6270423751566037,-3.7459172092965143,-6.195835684671496,-2.30622610886134,0.11084164679050446,-0.09705480188131332,-0.06701333820819855,0.8257816639545036
1.92,768,front_wing,front_wing_main_wing,segment_0,front_wing_main_wing:segment_0:orig:16,orig,16,3.3596582412719727,3.3596582412719727,3.3185408115386963,3.400273323059082,0.11861510574817657,0.01908746361732483,-1.03085196018219,1.03085196018219,7.692529678344727,2.259524818241207,-6.016284941191533,-8.60116570825442,-3.3123963307974047,0.16417443752288818,-0.1409751921892166,-0.11483561992645264,0.8303501896000015
1.92,768,front_wing,front_wing_main_wing,segment_0,front_wing_main_wing:segment_0:orig:15,orig,15,3.3793811798095703,3.3793811798095703,3.333980083465576,3.4240615367889404,0.1319793164730072,0.020357545465230942,-1.3196780681610107,1.3196780681610107,7.706515312194824,2.5949803548234316,-7.8021603067110705,-10.254025527903062,-3.860671883846675,0.2087467908859253,-0.17725692689418793,-0.1588328331708908,0.8352247764115348
1.92,768,front_wing,front_wing_main_wing,segment_0,front_wing_main_wing:segment_0:orig:14,orig,14,3.400418281555176,3.400418281555176,3.3504552841186523,3.4494431018829346,0.14625754952430725,0.02171851508319378,-1.5656236410140991,1.5656236410140991,7.703804969787598,2.7790335757238505,-9.335291588647346,-11.590014064275428,-4.168343429573266,0.2517178952693939,-0.21132642030715942,-0.20274867117404938,0.8404241628278402
1.92,768,front_wing,front_wing_main_wing,segment_0,front_wing_main_wing:segment_0:orig:13,orig,13,3.4228577613830566,3.4228577613830566,3.3680148124694824,3.4765212535858154,0.16148793697357178,0.023166406899690628,-1.7852246761322021,1.7852246761322021,7.682588577270508,2.877896786573381,-10.723186011190469,-12.693946710598784,-4.336483032813747,0.2940731346607208,-0.24507245421409607,-0.2484176903963089,0.8459701514348694
1.92,768,front_wing,front_wing_main_wing,segment_0,front_wing_main_wing:segment_0:orig:12,orig,12,3.4467997550964355,3.4467997550964355,3.386770725250244,3.5053954124450684,0.17773090302944183,0.02471323311328888,-1.9877700805664062,1.9877700805664062,7.655235290527344,2.9219626073360487,-12.01090880367952,-13.633534863612821,-4.413334246811793,0.33692872524261475,-0.27948877215385437,-0.29682838916778564,0.8518874911139731
1.92,768,front_wing,front_wing_main_wing,segment_0,front_wing_main_wing:segment_0:orig:11,orig,11,3.472339153289795,3.472339153289795,3.4067492485046387,3.536201000213623,0.19505827128887177,0.026360133662819862,-2.1782000064849854,2.1782000064849854,7.621907711029053,2.9302163942352504,-13.241891581458974,-14.434314215478828,-4.433426931146026,0.3804904520511627,-0.31287306547164917,-0.34905803203582764,0.8581996343765261
1.92,768,front_wing,front_wing_main_wing,segment_0,front_wing_main_wing:segment_0:orig:10,orig,10,3.499582529067993,3.499582529067993,3.4280834197998047,3.5690622329711914,0.2135249674320221,0.02812681719660759,-2.3598735332489014,2.3598735332489014,7.58372688293457,2.9146564828140393,-14.41704741640492,-15.09912208030611,-4.4094209461862,0.42469024658203125,-0.34765204787254333,-0.4055056571960449,0.8649329211033947
1.92,768,front_wing,front_wing_main_wing,segment_0,front_wing_main_wing:segment_0:orig:9,orig,9,3.5286431312561035,3.5286431312561035,3.450841188430786,3.604121446609497,0.23323988914489746,0.029999323189258575,-2.534196376800537,2.534196376800537,7.541150093078613,2.881574486616723,-15.557072859132917,-15.639336078685867,-4.3559105983585455,0.4691694974899292,-0.38074740767478943,-0.4667016565799713,0.872115341100868
1.92,768,front_wing,front_wing_main_wing,segment_0,front_wing_main_wing:segment_0:orig:8,orig,8,3.559645175933838,3.559645175933838,3.4751055240631104,3.6415164470672607,0.2542882561683655,0.03200215473771095,-2.7011215686798096,2.7011215686798096,7.49641227722168,2.8339641995415037,-16.673531836806486,-16.03476765590134,-4.282084152051791,0.5131471157073975,-0.4129166901111603,-0.5335889458656311,0.8797775947670022
1.92,768,front_wing,front_wing_main_wing,segment_0,front_wing_main_wing:segment_0:orig:7,orig,7,3.592714786529541,3.592714786529541,3.500983715057373,3.6814093589782715,0.27671611309051514,0.034137435257434845,-2.8601291179656982,2.8601291179656982,7.446344375610352,2.776118939038869,-17.76646415017169,-16.265459643039307,-4.192957433226854,0.5552610754966736,-0.4431159198284149,-0.6065015196800232,0.8879508539071177
1.92,768,front_wing,front_wing_main_wing,segment_0,front_wing_main_wing:segment_0:orig:6,orig,6,3.627995491027832,3.627995491027832,3.5286197662353516,3.72395920753479,0.30063706636428833,0.0364195853471756,-3.010049343109131,3.010049343109131,7.3929362297058105,2.7085953319191165,-18.804525389339208,-16.324099445312076,-4.084827770981096,0.594516932964325,-0.46954992413520813,-0.6848530173301697,0.8966705919178167
1.92,768,front_wing,front_wing_main_wing,segment_0,front_wing_main_wing:segment_0:orig:5,orig,5,3.6656289100646973,3.6656289100646973,3.558070421218872,3.7693591117858887,0.32617226243019104,0.03885199874639511,-3.148376941680908,3.148376941680908,7.33752965927124,2.630993789421003,-19.793457135093266,-16.193587767638988,-3.963040651348105,0.6291532516479492,-0.49102142453193665,-0.769015371799469,0.905971810788438
1.92,768,front_wing,front_wing_main_wing,segment_0,front_wing_main_wing:segment_0:orig:4,orig,4,3.705777883529663,3.705777883529663,3.5895016193389893,3.817805528640747,0.353421688079834,0.04144289717078209,-3.272152900695801,3.272152900695801,7.273755073547363,2.5457263319619345,-20.72411164914102,-15.782875343727042,-3.8294519511756935,0.6540880799293518,-0.5017656683921814,-0.8588672280311584,0.9158947569141304
1.92,768,front_wing,front_wing_main_wing,segment_0,front_wing_main_wing:segment_0:orig:3,orig,3,3.7486014366149902,3.7486014366149902,3.6230318546295166,3.8694570064544678,0.38248705863952637,0.04421068727970123,-3.377399206161499,3.377399206161499,7.205000877380371,2.4511032686151832,-21.56478567569362,-15.077398886188378,-3.681987408755986,0.6665821671485901,-0.5007082223892212,-0.9533939957618713,0.9264787338755145
1.92,768,front_wing,front_wing_main_wing,segment_0,front_wing_main_wing:segment_0:orig:2,orig,2,3.794292688369751,3.794292688369751,3.658790111541748,3.9245808124542236,0.4134814739227295,0.04716034233570099,-3.459188938140869,3.459188938140869,7.124755382537842,2.3484334915279805,-22.296277548858928,-13.946522408295804,-3.52152036691812,0.6577227711677551,-0.4783012270927429,-1.0515000820159912,0.9377714716580525
1.92,768,front_wing,front_wing_main_wing,segment_0,front_wing_main_wing:segment_0:orig:1,orig,1,3.843029499053955,3.843029499053955,3.6969525814056396,3.983360528945923,0.4465497136116028,0.05031191185116768,-3.5121278762817383,3.5121278762817383,7.0268096923828125,2.2385784001338527,-22.909235577413973,-12.227772372161537,-3.3503847348391687,0.6152026057243347,-0.42323940992355347,-1.1526074409484863,0.9498169289890954
1.92,768,front_wing,front_wing_main_wing,segment_0,front_wing_main_wing:segment_0:orig:0,orig,0,3.8950181007385254,3.8950181007385254,3.737640857696533,4.046073913574219,0.48180919885635376,0.05367063730955124,-3.531846284866333,3.531846284866333,6.8873291015625,2.128657877399578,-23.445447946436417,-9.45162739876486,-3.1778789157523826,0.507274866104126,-0.30493098497390747,-1.2583321332931519,0.9626660767790439
2.0,800,front_wing,front_wing_main_wing,segment_0,front_wing_main_wing:segment_0:mirror:17,mirror,17,-3.30526065826416,3.30526065826416,-3.3420662879943848,-3.2681612968444824,0.1060710921883583,0.01788957417011261,0.7960270643234253,0.7960270643234253,8.168256759643555,1.8375171781457311,-3.425566553301864,-9.403038110064646,-2.109061613034032,0.16821634769439697,0.1419074386358261,-0.061281926929950714,-0.8242216479001274
2.0,800,front_wing,front_wing_main_wing,segment_0,front_wing_main_wing:segment_0:mirror:16,mirror,16,-3.3237452507019043,3.3237452507019043,-3.364359140396118,-3.2826273441314697,0.11861272156238556,0.01908734068274498,1.246198296546936,1.246198296546936,8.242095947265625,2.549460056989672,-5.783652850595437,-13.153734621278021,-3.1843796878458446,0.2510698139667511,0.20603783428668976,-0.11039455235004425,-0.828831088066883
2.0,800,front_wing,front_wing_main_wing,segment_0,front_wing_main_wing:segment_0:mirror:15,mirror,15,-3.34346866607666,3.34346866607666,-3.3881492614746094,-3.298067569732666,0.1319774091243744,0.020357821136713028,1.5961270332336426,1.5961270332336426,8.260173797607422,2.9282534613856566,-7.689845539448111,-15.761866255450148,-3.805151182651831,0.3208772540092468,0.25918251276016235,-0.15654850006103516,-0.8337494493107243
2.0,800,front_wing,front_wing_main_wing,segment_0,front_wing_main_wing:segment_0:mirror:14,mirror,14,-3.364506244659424,3.364506244659424,-3.4135303497314453,-3.3145434856414795,0.1462572067975998,0.02171860635280609,1.8945246934890747,1.8945246934890747,8.25628662109375,3.137821465247816,-9.343676994547554,-17.878503832904176,-4.172097411747166,0.3882961869239807,0.308963805437088,-0.20293164253234863,-0.8389955189796805
2.0,800,front_wing,front_wing_main_wing,segment_0,front_wing_main_wing:segment_0:mirror:13,mirror,13,-3.3869452476501465,3.3869452476501465,-3.4406075477600098,-3.332102060317993,0.1614864468574524,0.023165732622146606,2.161332368850708,2.161332368850708,8.229259490966797,3.2527801970549,-10.868504707884727,-19.644053296419845,-4.395290831539375,0.4550688862800598,0.3583241105079651,-0.25177687406539917,-0.8445910571034309
2.0,800,front_wing,front_wing_main_wing,segment_0,front_wing_main_wing:segment_0:mirror:12,mirror,12,-3.4108872413635254,3.4108872413635254,-3.4694831371307373,-3.350858449935913,0.177729994058609,0.024713514372706413,2.4078176021575928,2.4078176021575928,8.19432258605957,3.306585808468147,-12.30249547651121,-21.153340523080892,-4.520499087802346,0.5227733850479126,0.40855997800827026,-0.3040378987789154,-0.8505613909296348
2.0,800,front_wing,front_wing_main_wing,segment_0,front_wing_main_wing:segment_0:mirror:11,mirror,11,-3.4364266395568848,3.4364266395568848,-3.50028920173645,-3.3708362579345703,0.19506093859672546,0.02635984867811203,2.6399407386779785,2.6399407386779785,8.1528902053833,3.3200320045098786,-13.69457701460079,-22.46106752509003,-4.5849247411419665,0.5920703411102295,0.45732709765434265,-0.36098697781562805,-0.8569300640969617
2.0,800,front_wing,front_wing_main_wing,segment_0,front_wing_main_wing:segment_0:mirror:10,mirror,10,-3.463669776916504,3.463669776916504,-3.533151388168335,-3.392169237136841,0.21352894604206085,0.028126845136284828,2.861750841140747,2.861750841140747,8.104463577270508,3.307354775240123,-15.050188917773172,-23.56337349429505,-4.602980057564491,0.6627633571624756,0.5079629421234131,-0.42331433296203613,-0.8637235929257311
2.0,800,front_wing,front_wing_main_wing,segment_0,front_wing_main_wing:segment_0:mirror:9,mirror,9,-3.492730140686035,3.492730140686035,-3.568208932876587,-3.4149281978607178,0.23324286937713623,0.030000271275639534,3.0750021934509277,3.0750021934509277,8.049613952636719,3.2756085594411872,-16.383143139322176,-24.469464288851928,-4.587147957889997,0.7340905666351318,0.556128978729248,-0.491498738527298,-0.8709702773452526
2.0,800,front_wing,front_wing_main_wing,segment_0,front_wing_main_wing:segment_0:mirror:8,mirror,8,-3.5237326622009277,3.5237326622009277,-3.6056039333343506,-3.4391918182373047,0.254289448261261,0.03200150281190872,3.2796521186828613,3.2796521186828613,7.9932942390441895,3.2270347017707315,-17.735322638061504,-25.177143902835954,-4.55475113022946,0.8057064414024353,0.6027674674987793,-0.5675569772720337,-0.87870127105922
2.0,800,front_wing,front_wing_main_wing,segment_0,front_wing_main_wing:segment_0:mirror:7,mirror,7,-3.5568020343780518,3.5568020343780518,-3.645498037338257,-3.465071439743042,0.27671679854393005,0.03413744270801544,3.475067377090454,3.475067377090454,7.928793907165527,3.1677476046557675,-19.078227353579887,-25.624592686360312,-4.502527704202834,0.8747580647468567,0.64610356092453,-0.6512818932533264,-0.886947668317694
2.0,800,front_wing,front_wing_main_wing,segment_0,front_wing_main_wing:segment_0:mirror:6,mirror,6,-3.592082977294922,3.592082977294922,-3.688047170639038,-3.4927077293395996,0.3006390929222107,0.03641972690820694,3.6598217487335205,3.6598217487335205,7.862333297729492,3.096656450687575,-20.396819834322557,-25.838717246709557,-4.430685313485509,0.9410390257835388,0.6845979690551758,-0.7428466081619263,-0.8957455574759079
2.0,800,front_wing,front_wing_main_wing,segment_0,front_wing_main_wing:segment_0:mirror:5,mirror,5,-3.629716634750366,3.629716634750366,-3.733448028564453,-3.5221564769744873,0.3261740803718567,0.038851507008075714,3.830855369567871,3.830855369567871,7.790014266967773,3.01535224091679,-21.69550840425493,-25.74808195742652,-4.3438446329820275,1.0003517866134644,0.7146040201187134,-0.842903196811676,-0.9051301350845995
2.0,800,front_wing,front_wing_main_wing,segment_0,front_wing_main_wing:segment_0:mirror:4,mirror,4,-3.669865131378174,3.669865131378174,-3.781893730163574,-3.5535902976989746,0.3534238338470459,0.041442908346652985,3.9845242500305176,3.9845242500305176,7.709224224090576,2.924825489604797,-22.972054552975862,-25.262909912729693,-4.244806557643028,1.0469684600830078,0.7297504544258118,-0.952028751373291,-0.9151418296142113
2.0,800,front_wing,front_wing_main_wing,segment_0,front_wing_main_wing:segment_0:mirror:3,mirror,3,-3.712688446044922,3.712688446044922,-3.8335437774658203,-3.587118148803711,0.38248875737190247,0.04421096295118332,4.115849494934082,4.115849494934082,7.6199774742126465,2.8243409266865847,-24.20400091339668,-24.32699601189438,-4.132590610679248,1.0755199193954468,0.7267277836799622,-1.070082187652588,-0.9258205344524886
2.0,800,front_wing,front_wing_main_wing,segment_0,front_wing_main_wing:segment_0:mirror:2,mirror,2,-3.758380651473999,3.758380651473999,-3.8886680603027344,-3.6228768825531006,0.413480281829834,0.04715995118021965,4.218598365783691,4.218598365783691,7.517378807067871,2.714419314401878,-25.389496803285272,-22.781394035721906,-4.010081399324632,1.0743694305419922,0.6930894255638123,-1.1973674297332764,-0.9372146448566959
2.0,800,front_wing,front_wing_main_wing,segment_0,front_wing_main_wing:segment_0:mirror:1,mirror,1,-3.807116746902466,3.807116746902466,-3.9474470615386963,-3.661041021347046,0.4465489387512207,0.05031193047761917,4.285694599151611,4.285694599151611,7.390796661376953,2.5971133214723734,-26.541724834300915,-20.367565050876287,-3.8816286001782365,1.0247315168380737,0.611568033695221,-1.3353654146194458,-0.9493677997934581
2.0,800,front_wing,front_wing_main_wing,segment_0,front_wing_main_wing:segment_0:mirror:0,mirror,0,-3.8591055870056152,3.8591055870056152,-4.010159969329834,-3.7017269134521484,0.4818105697631836,0.05367130786180496,4.310592174530029,4.310592174530029,7.207385063171387,2.4826350546197395,-27.771693786517123,-16.441114708520317,-3.7642628635758073,0.8824161291122437,0.43911421298980713,-1.4905431270599365,-0.962332080645286
2.0,800,front_wing,front_wing_main_wing,segment_0,front_wing_main_wing:segment_0:orig:17,orig,17,3.30526065826416,3.30526065826416,3.2681612968444824,3.3420662879943848,0.1060710921883583,0.01788957417011261,-0.796027421951294,0.796027421951294,8.168255805969238,1.8375182182167398,-3.425571342777346,-9.403034778255615,-2.109064561830597,0.1682162880897522,-0.14190737903118134,-0.06128201261162758,0.8242216479001274
2.0,800,front_wing,front_wing_main_wing,segment_0,front_wing_main_wing:segment_0:orig:16,orig,16,3.3237452507019043,3.3237452507019043,3.2826273441314697,3.364359140396118,0.11861272156238556,0.01908734068274498,-1.246198058128357,1.246198058128357,8.242094993591309,2.5494598642275643,-5.783652069912499,-13.15372525308277,-3.1843792580152592,0.2510696351528168,-0.20603768527507782,-0.11039453744888306,0.828831088066883
2.0,800,front_wing,front_wing_main_wing,segment_0,front_wing_main_wing:segment_0:orig:15,orig,15,3.34346866607666,3.34346866607666,3.298067569732666,3.3881492614746094,0.1319774091243744,0.020357821136713028,-1.5961263179779053,1.5961263179779053,8.260175704956055,2.928251473018339,-7.689836023935905,-15.761880894699695,-3.8051464741095935,0.3208775520324707,-0.25918275117874146,-0.15654830634593964,0.8337494493107243
2.0,800,front_wing,front_wing_main_wing,segment_0,front_wing_main_wing:segment_0:orig:14,orig,14,3.364506244659424,3.364506244659424,3.3145434856414795,3.4135303497314453,0.1462572067975998,0.02171860635280609,-1.894524097442627,1.894524097442627,8.25628662109375,3.1378204780411862,-9.343676308446385,-17.878495599690158,-4.1720971053923,0.3882960081100464,-0.30896368622779846,-0.20293162763118744,0.8389955189796805
2.0,800,front_wing,front_wing_main_wing,segment_0,front_wing_main_wing:segment_0:orig:13,orig,13,3.3869452476501465,3.3869452476501465,3.332102060317993,3.4406075477600098,0.1614864468574524,0.023165732622146606,-2.1613314151763916,2.1613314151763916,8.229259490966797,3.2527787617860926,-10.868495702503367,-19.644057155869,-4.395287189707201,0.455068975687027,-0.3583241105079651,-0.25177666544914246,0.8445910571034309
2.0,800,front_wing,front_wing_main_wing,segment_0,front_wing_main_wing:segment_0:orig:12,orig,12,3.4108872413635254,3.4108872413635254,3.350858449935913,3.4694831371307373,0.177729994058609,0.024713514372706413,-2.4078173637390137,2.4078173637390137,8.194320678710938,3.306586250711247,-12.30249909424707,-21.15332122848964,-4.52050041712384,0.5227729082107544,-0.408559650182724,-0.30403798818588257,0.8505613909296348
2.0,800,front_wing,front_wing_main_wing,segment_0,front_wing_main_wing:segment_0:orig:11,orig,11,3.4364266395568848,3.4364266395568848,3.3708362579345703,3.50028920173645,0.19506093859672546,0.02635984867811203,-2.6399405002593994,2.6399405002593994,8.1528902053833,3.320031704670832,-13.69457701460079,-22.46106526389933,-4.5849247411419665,0.5920702815055847,-0.4573270380496979,-0.36098697781562805,0.8569300640969617
2.0,800,front_wing,front_wing_main_wing,segment_0,front_wing_main_wing:segment_0:orig:10,orig,10,3.463669776916504,3.463669776916504,3.392169237136841,3.533151388168335,0.21352894604206085,0.028126845136284828,-2.861750602722168,2.861750602722168,8.104463577270508,3.3073544996973276,-15.050180441224239,-23.563384089981216,-4.602977465079711,0.6627636551856995,-0.507963240146637,-0.42331409454345703,0.8637235929257311
2.0,800,front_wing,front_wing_main_wing,segment_0,front_wing_main_wing:segment_0:orig:9,orig,9,3.492730140686035,3.492730140686035,3.4149281978607178,3.568208932876587,0.23324286937713623,0.030000271275639534,-3.075002431869507,3.075002431869507,8.049614906311035,3.275608425337465,-16.383144132723938,-24.469470249262507,-4.587148236034479,0.7340907454490662,-0.5561291575431824,-0.49149876832962036,0.8709702773452526
2.0,800,front_wing,front_wing_main_wing,segment_0,front_wing_main_wing:segment_0:orig:8,orig,8,3.5237326622009277,3.5237326622009277,3.4391918182373047,3.6056039333343506,0.254289448261261,0.03200150281190872,-3.2796523571014404,3.2796523571014404,7.993294715881348,3.2270347438565956,-17.735331950849897,-25.17713645260524,-4.554753521921696,0.8057062029838562,-0.6027674674987793,-0.5675572752952576,0.87870127105922
2.0,800,front_wing,front_wing_main_wing,segment_0,front_wing_main_wing:segment_0:orig:7,orig,7,3.5568020343780518,3.5568020343780518,3.465071439743042,3.645498037338257,0.27671679854393005,0.03413744270801544,-3.475067138671875,3.475067138671875,7.928791046142578,3.1677485303710493,-19.07823259163875,-25.624563004026758,-4.50252894040286,0.8747570514678955,-0.6461029052734375,-0.6512820720672607,0.886947668317694
2.0,800,front_wing,front_wing_main_wing,segment_0,front_wing_main_wing:segment_0:orig:6,orig,6,3.592082977294922,3.592082977294922,3.4927077293395996,3.688047170639038,0.3006390929222107,0.03641972690820694,-3.659821033477783,3.659821033477783,7.86233377456665,3.0966556576869078,-20.396805104892973,-25.838730339535854,-4.4306821138951875,0.941039502620697,-0.6845983266830444,-0.7428460717201233,0.8957455574759079
2.0,800,front_wing,front_wing_main_wing,segment_0,front_wing_main_wing:segment_0:orig:5,orig,5,3.629716634750366,3.629716634750366,3.5221564769744873,3.733448028564453,0.3261740803718567,0.038851507008075714,-3.830855131149292,3.830855131149292,7.790013313293457,3.015352422399659,-21.69551147258609,-25.748063547439564,-4.343845247319041,1.000351071357727,-0.7146034836769104,-0.8429033160209656,0.9051301350845995
2.0,800,front_wing,front_wing_main_wing,segment_0,front_wing_main_wing:segment_0:orig:4,orig,4,3.669865131378174,3.669865131378174,3.5535902976989746,3.781893730163574,0.3534238338470459,0.041442908346652985,-3.9845242500305176,3.9845242500305176,7.709224700927734,2.9248253086961413,-22.972054552975862,-25.262912789199863,-4.244806557643028,1.0469685792922974,-0.7297505736351013,-0.952028751373291,0.9151418296142113
2.0,800,front_wing,front_wing_main_wing,segment_0,front_wing_main_wing:segment_0:orig:3,orig,3,3.712688446044922,3.712688446044922,3.587118148803711,3.8335437774658203,0.38248875737190247,0.04421096295118332,-4.11584997177124,4.11584997177124,7.619977951049805,2.824341077157987,-24.20400091339668,-24.327009493764216,-4.132590610679248,1.0755205154418945,-0.726728081703186,-1.070082187652588,0.9258205344524886
2.0,800,front_wing,front_wing_main_wing,segment_0,front_wing_main_wing:segment_0:orig:2,orig,2,3.758380651473999,3.758380651473999,3.6228768825531006,3.8886680603027344,0.413480281829834,0.04715995118021965,-4.218599796295166,4.218599796295166,7.5173797607421875,2.7144198904932675,-25.389499331050605,-22.781411730079213,-4.010081798566287,1.074370265007019,-0.69309002161026,-1.197367548942566,0.9372146448566959
2.0,800,front_wing,front_wing_main_wing,segment_0,front_wing_main_wing:segment_0:orig:1,orig,1,3.807116746902466,3.807116746902466,3.661041021347046,3.9474470615386963,0.4465489387512207,0.05031193047761917,-4.285696506500244,4.285696506500244,7.39079475402832,2.597115147557332,-26.541741420128947,-20.36754609564425,-3.881631025793936,1.0247305631637573,-0.6115672588348389,-1.3353662490844727,0.9493677997934581
2.0,800,front_wing,front_wing_main_wing,segment_0,front_wing_main_wing:segment_0:orig:0,orig,0,3.8591055870056152,3.8591055870056152,3.7017269134521484,4.010159969329834,0.4818105697631836,0.05367130786180496,-4.310593605041504,4.310593605041504,7.20738410949707,2.4826362070061165,-27.771700449814197,-16.441104713574706,-3.7642637667400836,0.8824155926704407,-0.4391138553619385,-1.4905434846878052,0.962332080645286
