FoamFile
{
    version     2.0;
    format      ascii;
    class       faceList;
    location    "constant/polyMesh";
    object      faces;
}
// * * * * * * * * * * * * * * * * * * * * * * * * * * * * * * * * * //

5825
(
4(1 12 133 122)
4(11 132 133 12)
4(121 122 133 132)
4(2 13 134 123)
4(12 133 134 13)
4(122 123 134 133)
4(3 14 135 124)
4(13 134 135 14)
4(123 124 135 134)
4(4 15 136 125)
4(14 135 136 15)
4(124 125 136 135)
4(5 16 137 126)
4(15 136 137 16)
4(125 126 137 136)
4(12 23 144 133)
4(22 143 144 23)
4(132 133 144 143)
4(23 34 155 144)
4(33 154 155 34)
4(143 144 155 154)
4(34 45 166 155)
4(44 165 166 45)
4(154 155 166 165)
4(45 56 177 166)
4(55 176 177 56)
4(165 166 177 176)
4(13 24 145 134)
4(23 144 145 24)
4(133 134 145 144)
4(14 25 146 135)
4(24 145 146 25)
4(134 135 146 145)
4(24 35 156 145)
4(34 155 156 35)
4(144 145 156 155)
4(25 36 157 146)
4(35 156 157 36)
4(145 146 157 156)
4(15 26 147 136)
4(25 146 147 26)
4(135 136 147 146)
4(16 27 148 137)
4(26 147 148 27)
4(136 137 148 147)
4(26 37 158 147)
4(36 157 158 37)
4(146 147 158 157)
4(27 38 159 148)
4(37 158 159 38)
4(147 148 159 158)
4(35 46 167 156)
4(45 166 167 46)
4(155 156 167 166)
4(36 47 168 157)
4(46 167 168 47)
4(156 157 168 167)
4(46 57 178 167)
4(56 177 178 57)
4(166 167 178 177)
4(47 58 179 168)
4(57 178 179 58)
4(167 168 179 178)
4(37 48 169 158)
4(47 168 169 48)
4(157 158 169 168)
4(38 49 170 159)
4(48 169 170 49)
4(158 159 170 169)
4(48 59 180 169)
4(58 179 180 59)
4(168 169 180 179)
4(49 60 181 170)
4(59 180 181 60)
4(169 170 181 180)
4(122 133 254 243)
4(132 253 254 133)
4(242 243 254 253)
4(243 254 374 363)
4(253 373 374 254)
4(362 363 374 373)
4(363 374 493 482)
4(373 492 493 374)
4(481 482 493 492)
4(482 493 597 586)
4(492 596 597 493)
4(585 586 597 596)
4(123 134 255 244)
4(133 254 255 134)
4(243 244 255 254)
4(124 135 256 245)
4(134 255 256 135)
4(244 245 256 255)
4(244 255 375 364)
4(254 374 375 255)
4(363 364 375 374)
4(245 256 376 365)
4(255 375 376 256)
4(364 365 376 375)
4(125 136 257 246)
4(135 256 257 136)
4(245 246 257 256)
4(126 137 258 247)
4(136 257 258 137)
4(246 247 258 257)
4(246 257 377 366)
4(256 376 377 257)
4(365 366 377 376)
4(247 258 378 367)
4(257 377 378 258)
4(366 367 378 377)
4(364 375 494 483)
4(374 493 494 375)
4(482 483 494 493)
4(365 376 495 484)
4(375 494 495 376)
4(483 484 495 494)
4(483 494 598 587)
4(493 597 598 494)
4(586 587 598 597)
4(484 495 599 588)
4(494 598 599 495)
4(587 588 599 598)
4(366 377 496 485)
4(484 485 496 495)
4(367 378 497 486)
4(485 486 497 496)
4(485 496 600 589)
4(588 589 600 599)
4(486 497 601 590)
4(589 590 601 600)
4(133 144 265 254)
4(143 264 265 144)
4(253 254 265 264)
4(144 155 276 265)
4(154 275 276 155)
4(264 265 276 275)
4(254 265 385 374)
4(264 384 385 265)
4(373 374 385 384)
4(265 276 396 385)
4(275 395 396 276)
4(384 385 396 395)
4(155 166 287 276)
4(165 286 287 166)
4(275 276 287 286)
4(166 177 298 287)
4(176 297 298 177)
4(286 287 298 297)
4(276 287 406 396)
4(286 405 406 287)
4(395 396 406 405)
4(287 298 417 406)
4(297 416 417 298)
4(405 406 417 416)
4(374 385 504 493)
4(384 503 504 385)
4(492 493 504 503)
4(385 396 513 504)
4(395 512 513 396)
4(503 504 513 512)
4(493 504 608 597)
4(503 607 608 504)
4(596 597 608 607)
4(504 513 618 608)
4(512 617 618 513)
4(607 608 618 617)
4(396 406 520 513)
4(405 519 520 406)
4(512 513 520 519)
4(406 417 527 520)
4(416 526 527 417)
4(519 520 527 526)
4(513 520 624 618)
4(519 623 624 520)
4(617 618 624 623)
4(520 527 631 624)
4(526 630 631 527)
4(623 624 631 630)
4(134 145 266 255)
4(144 265 266 145)
4(254 255 266 265)
4(135 146 267 256)
4(145 266 267 146)
4(255 256 267 266)
4(145 156 277 266)
4(155 276 277 156)
4(265 266 277 276)
4(146 157 278 267)
4(156 277 278 157)
4(266 267 278 277)
4(255 266 386 375)
4(265 385 386 266)
4(374 375 386 385)
4(256 267 387 376)
4(266 386 387 267)
4(375 376 387 386)
4(266 277 397 386)
4(276 396 397 277)
4(385 386 397 396)
4(267 278 398 387)
4(277 397 398 278)
4(386 387 398 397)
4(136 147 268 257)
4(146 267 268 147)
4(256 257 268 267)
4(137 148 269 258)
4(147 268 269 148)
4(257 258 269 268)
4(147 158 279 268)
4(157 278 279 158)
4(267 268 279 278)
4(148 159 280 269)
4(158 279 280 159)
4(268 269 280 279)
4(257 268 388 377)
4(267 387 388 268)
4(258 269 389 378)
4(268 388 389 269)
4(268 279 399 388)
4(278 398 399 279)
4(269 280 400 389)
4(279 399 400 280)
4(156 167 288 277)
4(166 287 288 167)
4(276 277 288 287)
4(157 168 289 278)
4(167 288 289 168)
4(277 278 289 288)
4(167 178 299 288)
4(177 298 299 178)
4(287 288 299 298)
4(168 179 300 289)
4(178 299 300 179)
4(288 289 300 299)
4(277 288 407 397)
4(287 406 407 288)
4(396 397 407 406)
4(278 289 408 398)
4(288 407 408 289)
4(397 398 408 407)
4(288 299 418 407)
4(298 417 418 299)
4(406 407 418 417)
4(289 300 419 408)
4(299 418 419 300)
4(407 408 419 418)
4(158 169 290 279)
4(168 289 290 169)
4(278 279 290 289)
4(159 170 291 280)
4(169 290 291 170)
4(279 280 291 290)
4(169 180 301 290)
4(179 300 301 180)
4(289 290 301 300)
4(170 181 302 291)
4(180 301 302 181)
4(290 291 302 301)
4(279 290 409 399)
4(289 408 409 290)
4(280 291 410 400)
4(290 409 410 291)
4(290 301 420 409)
4(300 419 420 301)
4(291 302 421 410)
4(301 420 421 302)
4(375 386 505 494)
4(385 504 505 386)
4(493 494 505 504)
4(386 505 506 387)
4(494 495 506 505)
4(386 397 514 505)
4(396 513 514 397)
4(504 505 514 513)
4(397 514 515 398)
4(505 506 515 514)
4(494 505 609 598)
4(504 608 609 505)
4(597 598 609 608)
4(505 609 610 506)
4(598 599 610 609)
4(505 514 619 609)
4(513 618 619 514)
4(608 609 619 618)
4(514 619 620 515)
4(609 610 620 619)
4(397 407 521 514)
4(406 520 521 407)
4(513 514 521 520)
4(407 521 522 408)
4(514 515 522 521)
4(407 418 528 521)
4(417 527 528 418)
4(520 521 528 527)
4(418 528 529 419)
4(514 521 625 619)
4(520 624 625 521)
4(618 619 625 624)
4(619 620 626 625)
4(527 631 632 528)
4(624 625 632 631)
4(6 17 138 127)
4(16 137 138 17)
4(126 127 138 137)
4(7 18 139 128)
4(17 138 139 18)
4(127 128 139 138)
4(8 19 140 129)
4(18 139 140 19)
4(128 129 140 139)
4(9 20 141 130)
4(19 140 141 20)
4(129 130 141 140)
4(20 141 142 21)
4(130 131 142 141)
4(17 28 149 138)
4(27 148 149 28)
4(137 138 149 148)
4(18 29 150 139)
4(28 149 150 29)
4(138 139 150 149)
4(28 39 160 149)
4(38 159 160 39)
4(148 149 160 159)
4(29 40 161 150)
4(39 160 161 40)
4(149 150 161 160)
4(19 30 151 140)
4(29 150 151 30)
4(139 140 151 150)
4(20 31 152 141)
4(30 151 152 31)
4(140 141 152 151)
4(30 41 162 151)
4(40 161 162 41)
4(150 151 162 161)
4(31 42 163 152)
4(41 162 163 42)
4(151 152 163 162)
4(39 50 171 160)
4(49 170 171 50)
4(159 160 171 170)
4(40 51 172 161)
4(50 171 172 51)
4(160 161 172 171)
4(50 61 182 171)
4(60 181 182 61)
4(170 171 182 181)
4(51 62 183 172)
4(61 182 183 62)
4(171 172 183 182)
4(41 52 173 162)
4(51 172 173 52)
4(161 162 173 172)
4(42 53 174 163)
4(52 173 174 53)
4(162 163 174 173)
4(52 63 184 173)
4(62 183 184 63)
4(172 173 184 183)
4(53 64 185 174)
4(63 184 185 64)
4(173 174 185 184)
4(31 152 153 32)
4(141 142 153 152)
4(42 163 164 43)
4(152 153 164 163)
4(53 174 175 54)
4(163 164 175 174)
4(64 185 186 65)
4(174 175 186 185)
4(127 138 259 248)
4(137 258 259 138)
4(247 248 259 258)
4(128 139 260 249)
4(138 259 260 139)
4(248 249 260 259)
4(248 259 379 368)
4(258 378 379 259)
4(367 368 379 378)
4(249 260 380 369)
4(259 379 380 260)
4(368 369 380 379)
4(129 140 261 250)
4(139 260 261 140)
4(249 250 261 260)
4(130 141 262 251)
4(140 261 262 141)
4(250 251 262 261)
4(250 261 381 370)
4(260 380 381 261)
4(369 370 381 380)
4(251 262 382 371)
4(261 381 382 262)
4(370 371 382 381)
4(368 379 498 487)
4(486 487 498 497)
4(369 380 499 488)
4(379 498 499 380)
4(487 488 499 498)
4(487 498 602 591)
4(590 591 602 601)
4(488 499 603 592)
4(498 602 603 499)
4(591 592 603 602)
4(370 381 500 489)
4(380 499 500 381)
4(488 489 500 499)
4(371 382 501 490)
4(381 500 501 382)
4(489 490 501 500)
4(489 500 604 593)
4(499 603 604 500)
4(592 593 604 603)
4(490 501 605 594)
4(500 604 605 501)
4(593 594 605 604)
4(141 262 263 142)
4(251 252 263 262)
4(262 382 383 263)
4(371 372 383 382)
4(382 501 502 383)
4(490 491 502 501)
4(501 605 606 502)
4(594 595 606 605)
4(138 149 270 259)
4(148 269 270 149)
4(258 259 270 269)
4(139 150 271 260)
4(149 270 271 150)
4(259 260 271 270)
4(149 160 281 270)
4(159 280 281 160)
4(269 270 281 280)
4(150 161 282 271)
4(160 281 282 161)
4(259 270 390 379)
4(269 389 390 270)
4(260 271 391 380)
4(379 380 391 390)
4(280 400 401 281)
4(140 151 272 261)
4(150 271 272 151)
4(260 261 272 271)
4(141 152 273 262)
4(151 272 273 152)
4(261 262 273 272)
4(151 162 283 272)
4(161 282 283 162)
4(152 163 284 273)
4(162 283 284 163)
4(272 273 284 283)
4(261 272 392 381)
4(380 381 392 391)
4(262 273 393 382)
4(272 392 393 273)
4(381 382 393 392)
4(273 284 403 393)
4(283 402 403 284)
4(392 393 403 402)
4(160 171 292 281)
4(170 291 292 171)
4(280 281 292 291)
4(161 172 293 282)
4(171 292 293 172)
4(171 182 303 292)
4(181 302 303 182)
4(291 292 303 302)
4(172 183 304 293)
4(182 303 304 183)
4(292 293 304 303)
4(291 410 411 292)
4(292 303 422 411)
4(302 421 422 303)
4(303 422 423 304)
4(162 173 294 283)
4(172 293 294 173)
4(163 174 295 284)
4(173 294 295 174)
4(283 284 295 294)
4(173 184 305 294)
4(183 304 305 184)
4(174 185 306 295)
4(184 305 306 185)
4(294 295 306 305)
4(284 295 414 403)
4(294 413 414 295)
4(402 403 414 413)
4(295 306 425 414)
4(305 424 425 306)
4(413 414 425 424)
4(380 391 508 499)
4(498 499 508 507)
4(499 508 613 603)
4(381 392 509 500)
4(499 500 509 508)
4(382 393 510 501)
4(392 509 510 393)
4(500 501 510 509)
4(393 403 517 510)
4(402 516 517 403)
4(500 509 614 604)
4(603 604 614 613)
4(501 510 615 605)
4(604 605 615 614)
4(403 414 524 517)
4(413 523 524 414)
4(414 425 531 524)
4(424 530 531 425)
4(523 524 531 530)
4(524 531 635 628)
4(530 634 635 531)
4(627 628 635 634)
4(152 273 274 153)
4(262 263 274 273)
4(163 284 285 164)
4(273 274 285 284)
4(273 393 394 274)
4(382 383 394 393)
4(284 403 404 285)
4(393 394 404 403)
4(174 295 296 175)
4(284 285 296 295)
4(185 306 307 186)
4(295 296 307 306)
4(295 414 415 296)
4(403 404 415 414)
4(306 425 426 307)
4(414 415 426 425)
4(393 510 511 394)
4(501 502 511 510)
4(403 517 518 404)
4(510 511 518 517)
4(510 615 616 511)
4(605 606 616 615)
4(517 621 622 518)
4(615 616 622 621)
4(414 524 525 415)
4(517 518 525 524)
4(425 531 532 426)
4(524 525 532 531)
4(524 628 629 525)
4(621 622 629 628)
4(531 635 636 532)
4(628 629 636 635)
4(56 67 188 177)
4(66 187 188 67)
4(176 177 188 187)
4(67 78 199 188)
4(77 198 199 78)
4(187 188 199 198)
4(78 89 210 199)
4(88 209 210 89)
4(198 199 210 209)
4(89 100 221 210)
4(99 220 221 100)
4(209 210 221 220)
4(57 68 189 178)
4(67 188 189 68)
4(177 178 189 188)
4(58 69 190 179)
4(68 189 190 69)
4(178 179 190 189)
4(68 79 200 189)
4(78 199 200 79)
4(188 189 200 199)
4(69 80 201 190)
4(79 200 201 80)
4(189 190 201 200)
4(59 70 191 180)
4(69 190 191 70)
4(179 180 191 190)
4(60 71 192 181)
4(70 191 192 71)
4(180 181 192 191)
4(70 81 202 191)
4(80 201 202 81)
4(190 191 202 201)
4(71 82 203 192)
4(81 202 203 82)
4(191 192 203 202)
4(79 90 211 200)
4(89 210 211 90)
4(199 200 211 210)
4(80 91 212 201)
4(90 211 212 91)
4(200 201 212 211)
4(90 101 222 211)
4(100 221 222 101)
4(210 211 222 221)
4(91 102 223 212)
4(101 222 223 102)
4(211 212 223 222)
4(81 92 213 202)
4(91 212 213 92)
4(201 202 213 212)
4(82 93 214 203)
4(92 213 214 93)
4(202 203 214 213)
4(92 103 224 213)
4(102 223 224 103)
4(212 213 224 223)
4(93 104 225 214)
4(103 224 225 104)
4(213 214 225 224)
4(100 111 232 221)
4(220 221 232 231)
4(101 112 233 222)
4(221 222 233 232)
4(102 113 234 223)
4(222 223 234 233)
4(103 114 235 224)
4(223 224 235 234)
4(104 115 236 225)
4(224 225 236 235)
4(177 188 309 298)
4(187 308 309 188)
4(297 298 309 308)
4(188 199 320 309)
4(198 319 320 199)
4(308 309 320 319)
4(298 309 428 417)
4(308 427 428 309)
4(416 417 428 427)
4(309 320 439 428)
4(319 438 439 320)
4(427 428 439 438)
4(199 210 331 320)
4(209 330 331 210)
4(319 320 331 330)
4(210 221 341 331)
4(220 340 341 221)
4(330 331 341 340)
4(320 331 450 439)
4(330 449 450 331)
4(438 439 450 449)
4(331 341 460 450)
4(340 459 460 341)
4(449 450 460 459)
4(417 428 534 527)
4(427 533 534 428)
4(526 527 534 533)
4(428 439 543 534)
4(438 542 543 439)
4(533 534 543 542)
4(527 534 638 631)
4(533 637 638 534)
4(630 631 638 637)
4(534 543 646 638)
4(542 645 646 543)
4(637 638 646 645)
4(439 450 554 543)
4(449 553 554 450)
4(542 543 554 553)
4(450 460 564 554)
4(459 563 564 460)
4(553 554 564 563)
4(543 554 657 646)
4(553 656 657 554)
4(645 646 657 656)
4(554 564 667 657)
4(563 666 667 564)
4(656 657 667 666)
4(178 189 310 299)
4(188 309 310 189)
4(298 299 310 309)
4(179 190 311 300)
4(189 310 311 190)
4(299 300 311 310)
4(189 200 321 310)
4(199 320 321 200)
4(309 310 321 320)
4(190 201 322 311)
4(200 321 322 201)
4(310 311 322 321)
4(299 310 429 418)
4(309 428 429 310)
4(417 418 429 428)
4(300 311 430 419)
4(310 429 430 311)
4(418 419 430 429)
4(310 321 440 429)
4(320 439 440 321)
4(428 429 440 439)
4(311 322 441 430)
4(321 440 441 322)
4(429 430 441 440)
4(180 191 312 301)
4(190 311 312 191)
4(300 301 312 311)
4(181 192 313 302)
4(191 312 313 192)
4(301 302 313 312)
4(191 202 323 312)
4(201 322 323 202)
4(311 312 323 322)
4(192 203 324 313)
4(202 323 324 203)
4(312 313 324 323)
4(301 312 431 420)
4(311 430 431 312)
4(302 313 432 421)
4(312 431 432 313)
4(312 323 442 431)
4(322 441 442 323)
4(430 431 442 441)
4(313 324 443 432)
4(323 442 443 324)
8(439 440 441 451 462 461 460 450)
4(201 212 332 322)
4(212 223 343 332)
4(322 332 451 441)
4(332 343 462 451)
4(221 341 342 222)
4(222 342 343 223)
4(341 460 461 342)
4(342 461 462 343)
4(202 213 333 323)
4(212 332 333 213)
4(322 323 333 332)
4(203 214 334 324)
4(213 333 334 214)
4(323 324 334 333)
4(213 224 344 333)
4(223 343 344 224)
4(332 333 344 343)
4(214 225 345 334)
4(224 344 345 225)
4(333 334 345 344)
4(323 333 452 442)
4(332 451 452 333)
4(441 442 452 451)
4(324 334 453 443)
4(333 452 453 334)
4(442 443 453 452)
4(333 344 463 452)
4(343 462 463 344)
4(451 452 463 462)
4(334 345 464 453)
4(344 463 464 345)
4(452 453 464 463)
4(418 429 535 528)
4(428 534 535 429)
4(527 528 535 534)
4(429 535 536 430)
4(429 440 544 535)
4(439 543 544 440)
4(534 535 544 543)
4(430 441 545 536)
4(440 544 545 441)
4(535 536 545 544)
4(534 638 639 535)
4(631 632 639 638)
4(535 544 647 639)
4(543 646 647 544)
4(638 639 647 646)
4(536 545 648 640)
4(544 647 648 545)
4(639 640 648 647)
4(441 545 546 442)
4(536 537 546 545)
4(545 648 649 546)
4(640 641 649 648)
8(646 647 648 658 669 668 667 657)
4(441 451 555 545)
4(451 462 566 555)
4(545 555 658 648)
4(555 566 669 658)
4(460 564 565 461)
4(461 565 566 462)
4(564 667 668 565)
4(565 668 669 566)
4(442 452 556 546)
4(451 555 556 452)
4(545 546 556 555)
4(443 453 557 547)
4(452 556 557 453)
4(546 547 557 556)
4(452 463 567 556)
4(462 566 567 463)
4(555 556 567 566)
4(453 464 568 557)
4(463 567 568 464)
4(556 557 568 567)
4(546 556 659 649)
4(555 658 659 556)
4(648 649 659 658)
4(547 557 660 650)
4(556 659 660 557)
4(649 650 660 659)
4(556 567 670 659)
4(566 669 670 567)
4(658 659 670 669)
4(557 568 671 660)
4(567 670 671 568)
4(659 660 671 670)
4(221 232 352 341)
4(340 341 352 351)
4(341 352 471 460)
4(459 460 471 470)
4(460 471 575 564)
4(563 564 575 574)
4(564 575 678 667)
4(666 667 678 677)
4(222 233 353 342)
4(341 342 353 352)
4(223 234 354 343)
4(342 343 354 353)
4(342 353 472 461)
4(460 461 472 471)
4(343 354 473 462)
4(461 462 473 472)
4(224 235 355 344)
4(343 344 355 354)
4(225 236 356 345)
4(344 345 356 355)
4(344 355 474 463)
4(462 463 474 473)
4(345 356 475 464)
4(463 464 475 474)
4(461 472 576 565)
4(564 565 576 575)
4(462 473 577 566)
4(565 566 577 576)
4(565 576 679 668)
4(667 668 679 678)
4(566 577 680 669)
4(668 669 680 679)
4(463 474 578 567)
4(566 567 578 577)
4(464 475 579 568)
4(567 568 579 578)
4(567 578 681 670)
4(669 670 681 680)
4(568 579 682 671)
4(670 671 682 681)
4(61 72 193 182)
4(71 192 193 72)
4(181 182 193 192)
4(62 73 194 183)
4(72 193 194 73)
4(182 183 194 193)
4(72 83 204 193)
4(82 203 204 83)
4(192 193 204 203)
4(73 84 205 194)
4(83 204 205 84)
4(193 194 205 204)
4(63 74 195 184)
4(73 194 195 74)
4(183 184 195 194)
4(64 75 196 185)
4(74 195 196 75)
4(184 185 196 195)
4(74 85 206 195)
4(84 205 206 85)
4(194 195 206 205)
4(75 86 207 196)
4(85 206 207 86)
4(195 196 207 206)
4(83 94 215 204)
4(93 214 215 94)
4(203 204 215 214)
4(84 95 216 205)
4(94 215 216 95)
4(204 205 216 215)
4(94 105 226 215)
4(104 225 226 105)
4(214 215 226 225)
4(95 106 227 216)
4(105 226 227 106)
4(215 216 227 226)
4(85 96 217 206)
4(95 216 217 96)
4(205 206 217 216)
4(86 97 218 207)
4(96 217 218 97)
4(206 207 218 217)
4(96 107 228 217)
4(106 227 228 107)
4(216 217 228 227)
4(97 108 229 218)
4(107 228 229 108)
4(217 218 229 228)
4(75 196 197 76)
4(185 186 197 196)
4(86 207 208 87)
4(196 197 208 207)
4(97 218 219 98)
4(207 208 219 218)
4(108 229 230 109)
4(218 219 230 229)
4(105 116 237 226)
4(225 226 237 236)
4(106 117 238 227)
4(226 227 238 237)
4(107 118 239 228)
4(227 228 239 238)
4(108 119 240 229)
4(228 229 240 239)
4(229 230 241 240)
4(182 193 314 303)
4(192 313 314 193)
4(302 303 314 313)
4(183 194 315 304)
4(193 314 315 194)
4(303 304 315 314)
4(193 204 325 314)
4(203 324 325 204)
4(313 314 325 324)
4(194 205 326 315)
4(204 325 326 205)
4(314 315 326 325)
4(303 314 433 422)
4(313 432 433 314)
4(304 315 434 423)
4(314 433 434 315)
4(314 325 444 433)
4(324 443 444 325)
4(315 326 445 434)
4(325 444 445 326)
4(184 195 316 305)
4(194 315 316 195)
4(304 305 316 315)
4(185 196 317 306)
4(195 316 317 196)
4(305 306 317 316)
4(195 206 327 316)
4(205 326 327 206)
4(315 316 327 326)
4(196 207 328 317)
4(206 327 328 207)
4(316 317 328 327)
4(305 316 435 424)
4(315 434 435 316)
4(306 317 436 425)
4(316 435 436 317)
4(424 425 436 435)
4(316 327 446 435)
4(326 445 446 327)
4(434 435 446 445)
4(317 328 447 436)
4(327 446 447 328)
4(435 436 447 446)
4(204 215 335 325)
4(214 334 335 215)
4(324 325 335 334)
4(205 216 336 326)
4(215 335 336 216)
4(325 326 336 335)
4(215 226 346 335)
4(225 345 346 226)
4(334 335 346 345)
4(216 227 347 336)
4(226 346 347 227)
4(335 336 347 346)
4(325 335 454 444)
4(334 453 454 335)
4(443 444 454 453)
4(326 336 455 445)
4(335 454 455 336)
4(444 445 455 454)
4(335 346 465 454)
4(345 464 465 346)
4(453 454 465 464)
4(336 347 466 455)
4(346 465 466 347)
4(454 455 466 465)
4(206 217 337 327)
4(216 336 337 217)
4(326 327 337 336)
4(207 218 338 328)
4(217 337 338 218)
4(327 328 338 337)
4(217 228 348 337)
4(227 347 348 228)
4(336 337 348 347)
4(218 229 349 338)
4(228 348 349 229)
4(337 338 349 348)
4(327 337 456 446)
4(336 455 456 337)
4(445 446 456 455)
4(328 338 457 447)
4(337 456 457 338)
4(446 447 457 456)
4(337 348 467 456)
4(347 466 467 348)
4(455 456 467 466)
4(338 349 468 457)
4(348 467 468 349)
4(456 457 468 467)
4(425 436 540 531)
4(435 539 540 436)
4(530 531 540 539)
4(435 446 550 539)
4(445 549 550 446)
4(436 447 551 540)
4(446 550 551 447)
4(539 540 551 550)
4(531 540 643 635)
4(539 642 643 540)
4(634 635 643 642)
4(540 551 654 643)
4(550 653 654 551)
4(642 643 654 653)
4(444 454 558 548)
4(453 557 558 454)
4(547 548 558 557)
4(445 455 559 549)
4(454 558 559 455)
4(548 549 559 558)
4(454 465 569 558)
4(464 568 569 465)
4(557 558 569 568)
4(455 466 570 559)
4(465 569 570 466)
4(558 559 570 569)
4(548 558 661 651)
4(557 660 661 558)
4(650 651 661 660)
4(549 559 662 652)
4(558 661 662 559)
4(651 652 662 661)
4(558 569 672 661)
4(568 671 672 569)
4(660 661 672 671)
4(559 570 673 662)
4(569 672 673 570)
4(661 662 673 672)
4(446 456 560 550)
4(455 559 560 456)
4(549 550 560 559)
4(447 457 561 551)
4(456 560 561 457)
4(550 551 561 560)
4(456 467 571 560)
4(466 570 571 467)
4(559 560 571 570)
4(457 468 572 561)
4(467 571 572 468)
4(560 561 572 571)
4(550 560 663 653)
4(559 662 663 560)
4(652 653 663 662)
4(551 561 664 654)
4(560 663 664 561)
4(653 654 664 663)
4(560 571 674 663)
4(570 673 674 571)
4(662 663 674 673)
4(561 572 675 664)
4(571 674 675 572)
4(663 664 675 674)
4(196 317 318 197)
4(306 307 318 317)
4(207 328 329 208)
4(317 318 329 328)
4(317 436 437 318)
4(425 426 437 436)
4(328 447 448 329)
4(436 437 448 447)
4(218 338 339 219)
4(328 329 339 338)
4(229 349 350 230)
4(338 339 350 349)
4(338 457 458 339)
4(447 448 458 457)
4(349 468 469 350)
4(457 458 469 468)
4(436 540 541 437)
4(531 532 541 540)
4(447 551 552 448)
4(540 541 552 551)
4(540 643 644 541)
4(635 636 644 643)
4(551 654 655 552)
4(643 644 655 654)
4(457 561 562 458)
4(551 552 562 561)
4(468 572 573 469)
4(561 562 573 572)
4(561 664 665 562)
4(654 655 665 664)
4(572 675 676 573)
4(664 665 676 675)
4(226 237 357 346)
4(345 346 357 356)
4(227 238 358 347)
4(346 347 358 357)
4(346 357 476 465)
4(464 465 476 475)
4(347 358 477 466)
4(465 466 477 476)
4(228 239 359 348)
4(347 348 359 358)
4(229 240 360 349)
4(348 349 360 359)
4(348 359 478 467)
4(466 467 478 477)
4(349 360 479 468)
4(467 468 479 478)
4(465 476 580 569)
4(568 569 580 579)
4(466 477 581 570)
4(569 570 581 580)
4(569 580 683 672)
4(671 672 683 682)
4(570 581 684 673)
4(672 673 684 683)
4(467 478 582 571)
4(570 571 582 581)
4(468 479 583 572)
4(571 572 583 582)
4(571 582 685 674)
4(673 674 685 684)
4(572 583 686 675)
4(674 675 686 685)
4(349 350 361 360)
4(468 469 480 479)
4(572 573 584 583)
4(675 676 687 686)
4(586 597 700 689)
4(596 699 700 597)
4(688 689 700 699)
4(689 700 804 793)
4(699 803 804 700)
4(792 793 804 803)
4(793 804 909 898)
4(803 908 909 804)
4(897 898 909 908)
4(898 909 1029 1018)
4(908 1028 1029 909)
4(1017 1018 1029 1028)
4(587 598 701 690)
4(597 700 701 598)
4(689 690 701 700)
4(588 599 702 691)
4(598 701 702 599)
4(690 691 702 701)
4(690 701 805 794)
4(700 804 805 701)
4(793 794 805 804)
4(691 702 806 795)
4(701 805 806 702)
4(794 795 806 805)
4(589 600 703 692)
4(599 702 703 600)
4(691 692 703 702)
4(590 601 704 693)
4(692 693 704 703)
4(692 703 807 796)
4(702 806 807 703)
4(795 796 807 806)
4(693 704 808 797)
4(796 797 808 807)
4(794 805 910 899)
4(804 909 910 805)
4(898 899 910 909)
4(795 806 911 900)
4(805 910 911 806)
4(899 900 911 910)
4(899 910 1030 1019)
4(909 1029 1030 910)
4(1018 1019 1030 1029)
4(900 911 1031 1020)
4(910 1030 1031 911)
4(1019 1020 1031 1030)
4(796 807 912 901)
4(806 911 912 807)
4(900 901 912 911)
4(797 808 913 902)
4(901 902 913 912)
4(901 912 1032 1021)
4(911 1031 1032 912)
4(1020 1021 1032 1031)
4(902 913 1033 1022)
4(912 1032 1033 913)
4(1021 1022 1033 1032)
4(597 608 711 700)
4(607 710 711 608)
4(699 700 711 710)
4(608 618 720 711)
4(617 719 720 618)
4(710 711 720 719)
4(700 711 815 804)
4(710 814 815 711)
4(803 804 815 814)
4(711 720 824 815)
4(719 823 824 720)
4(814 815 824 823)
4(618 624 727 720)
4(623 726 727 624)
4(719 720 727 726)
4(624 631 734 727)
4(630 733 734 631)
4(726 727 734 733)
4(720 727 832 824)
4(726 831 832 727)
4(823 824 832 831)
4(727 734 839 832)
4(733 838 839 734)
4(831 832 839 838)
4(804 815 920 909)
4(814 919 920 815)
4(908 909 920 919)
4(815 824 931 920)
4(823 930 931 824)
4(919 920 931 930)
4(909 920 1040 1029)
4(919 1039 1040 920)
4(1028 1029 1040 1039)
4(920 931 1051 1040)
4(930 1050 1051 931)
4(1039 1040 1051 1050)
4(824 832 942 931)
4(831 941 942 832)
4(930 931 942 941)
4(832 839 953 942)
4(838 952 953 839)
4(941 942 953 952)
4(931 942 1062 1051)
4(941 1061 1062 942)
4(1050 1051 1062 1061)
4(942 953 1073 1062)
4(952 1072 1073 953)
4(1061 1062 1073 1072)
4(598 609 712 701)
4(608 711 712 609)
4(700 701 712 711)
4(599 610 713 702)
4(609 712 713 610)
4(701 702 713 712)
4(609 619 721 712)
4(618 720 721 619)
4(711 712 721 720)
4(619 721 722 620)
4(712 713 722 721)
4(701 712 816 805)
4(711 815 816 712)
4(804 805 816 815)
4(702 713 817 806)
4(712 816 817 713)
4(805 806 817 816)
4(712 721 825 816)
4(720 824 825 721)
4(815 816 825 824)
4(713 722 826 817)
4(721 825 826 722)
4(816 817 826 825)
4(702 703 714 713)
4(713 817 818 714)
4(806 807 818 817)
4(817 818 827 826)
4(619 625 728 721)
4(624 727 728 625)
4(720 721 728 727)
4(625 728 729 626)
4(721 722 729 728)
4(625 632 735 728)
4(631 734 735 632)
4(727 728 735 734)
4(728 729 736 735)
4(721 728 833 825)
4(727 832 833 728)
4(824 825 833 832)
4(728 833 834 729)
4(825 826 834 833)
4(728 735 840 833)
4(734 839 840 735)
4(832 833 840 839)
4(735 840 841 736)
4(833 834 841 840)
4(805 816 921 910)
4(815 920 921 816)
4(909 910 921 920)
4(806 817 922 911)
4(816 921 922 817)
4(910 911 922 921)
4(816 825 932 921)
4(824 931 932 825)
4(920 921 932 931)
4(817 826 933 922)
4(825 932 933 826)
4(921 922 933 932)
4(910 921 1041 1030)
4(920 1040 1041 921)
4(1029 1030 1041 1040)
4(911 922 1042 1031)
4(921 1041 1042 922)
4(1030 1031 1042 1041)
4(921 932 1052 1041)
4(931 1051 1052 932)
4(1040 1041 1052 1051)
4(922 933 1053 1042)
4(932 1052 1053 933)
4(1041 1042 1053 1052)
4(817 922 923 818)
4(911 912 923 922)
4(922 923 934 933)
4(912 923 1043 1032)
4(922 1042 1043 923)
4(1031 1032 1043 1042)
4(913 924 1044 1033)
4(923 1043 1044 924)
4(1032 1033 1044 1043)
4(923 934 1054 1043)
4(933 1053 1054 934)
4(1042 1043 1054 1053)
4(924 935 1055 1044)
4(934 1054 1055 935)
4(1043 1044 1055 1054)
4(825 833 943 932)
4(832 942 943 833)
4(931 932 943 942)
4(833 943 944 834)
4(932 933 944 943)
4(833 840 954 943)
4(839 953 954 840)
4(942 943 954 953)
4(840 954 955 841)
4(943 944 955 954)
4(932 943 1063 1052)
4(942 1062 1063 943)
4(1051 1052 1063 1062)
4(933 944 1064 1053)
4(943 1063 1064 944)
4(1052 1053 1064 1063)
4(943 954 1074 1063)
4(953 1073 1074 954)
4(1062 1063 1074 1073)
4(954 1074 1075 955)
4(1063 1064 1075 1074)
4(934 945 1065 1054)
4(1053 1054 1065 1064)
4(935 946 1066 1055)
4(945 1065 1066 946)
4(1054 1055 1066 1065)
4(946 957 1077 1066)
4(956 1076 1077 957)
4(1065 1066 1077 1076)
4(1018 1029 1150 1139)
4(1028 1149 1150 1029)
4(1019 1030 1151 1140)
4(1029 1150 1151 1030)
4(1020 1031 1152 1141)
4(1030 1151 1152 1031)
4(1021 1032 1153 1142)
4(1031 1152 1153 1032)
4(1022 1033 1154 1143)
4(1032 1153 1154 1033)
4(1029 1040 1161 1150)
4(1039 1160 1161 1040)
4(1040 1051 1172 1161)
4(1050 1171 1172 1051)
4(1051 1062 1183 1172)
4(1061 1182 1183 1062)
4(1062 1073 1194 1183)
4(1072 1193 1194 1073)
4(1030 1041 1162 1151)
4(1040 1161 1162 1041)
4(1031 1042 1163 1152)
4(1041 1162 1163 1042)
4(1041 1052 1173 1162)
4(1051 1172 1173 1052)
4(1042 1053 1174 1163)
4(1052 1173 1174 1053)
4(1032 1043 1164 1153)
4(1042 1163 1164 1043)
4(1033 1044 1165 1154)
4(1043 1164 1165 1044)
4(1043 1054 1175 1164)
4(1053 1174 1175 1054)
4(1044 1055 1176 1165)
4(1054 1175 1176 1055)
4(1052 1063 1184 1173)
4(1062 1183 1184 1063)
4(1053 1064 1185 1174)
4(1063 1184 1185 1064)
4(1063 1074 1195 1184)
4(1073 1194 1195 1074)
4(1064 1075 1196 1185)
4(1074 1195 1196 1075)
4(1054 1065 1186 1175)
4(1064 1185 1186 1065)
4(1055 1066 1187 1176)
4(1065 1186 1187 1066)
4(1065 1076 1197 1186)
4(1075 1196 1197 1076)
4(1066 1077 1198 1187)
4(1076 1197 1198 1077)
4(591 602 705 694)
4(693 694 705 704)
4(592 603 706 695)
4(694 695 706 705)
4(694 705 809 798)
4(797 798 809 808)
4(695 706 810 799)
4(798 799 810 809)
4(593 604 707 696)
4(603 706 707 604)
4(695 696 707 706)
4(594 605 708 697)
4(604 707 708 605)
4(696 697 708 707)
4(696 707 811 800)
4(706 810 811 707)
4(799 800 811 810)
4(697 708 812 801)
4(707 811 812 708)
4(800 801 812 811)
4(798 809 914 903)
4(902 903 914 913)
4(799 810 915 904)
4(903 904 915 914)
4(903 914 1034 1023)
4(913 1033 1034 914)
4(1022 1023 1034 1033)
4(904 915 1035 1024)
4(914 1034 1035 915)
4(1023 1024 1035 1034)
4(800 811 916 905)
4(810 915 916 811)
4(904 905 916 915)
4(801 812 917 906)
4(811 916 917 812)
4(905 906 917 916)
4(905 916 1036 1025)
4(915 1035 1036 916)
4(1024 1025 1036 1035)
4(906 917 1037 1026)
4(916 1036 1037 917)
4(1025 1026 1037 1036)
4(605 708 709 606)
4(697 698 709 708)
4(708 812 813 709)
4(801 802 813 812)
4(812 917 918 813)
4(906 907 918 917)
4(917 1037 1038 918)
4(1026 1027 1038 1037)
4(604 614 716 707)
4(706 707 716 715)
4(605 615 717 708)
4(707 708 717 716)
4(707 716 820 811)
4(810 811 820 819)
4(708 717 821 812)
4(811 812 821 820)
4(628 635 738 731)
4(634 737 738 635)
4(914 925 1045 1034)
4(924 1044 1045 925)
4(1033 1034 1045 1044)
4(915 926 1046 1035)
4(925 1045 1046 926)
4(1034 1035 1046 1045)
4(925 936 1056 1045)
4(935 1055 1056 936)
4(1044 1045 1056 1055)
4(926 937 1057 1046)
4(936 1056 1057 937)
4(1045 1046 1057 1056)
4(811 820 927 916)
4(915 916 927 926)
4(812 821 928 917)
4(820 927 928 821)
4(916 917 928 927)
4(821 829 939 928)
4(828 938 939 829)
4(927 928 939 938)
4(916 927 1047 1036)
4(926 1046 1047 927)
4(1035 1036 1047 1046)
4(917 928 1048 1037)
4(927 1047 1048 928)
4(1036 1037 1048 1047)
4(927 938 1058 1047)
4(937 1057 1058 938)
4(1046 1047 1058 1057)
4(928 939 1059 1048)
4(938 1058 1059 939)
4(1047 1048 1059 1058)
4(936 947 1067 1056)
4(946 1066 1067 947)
4(1055 1056 1067 1066)
4(937 948 1068 1057)
4(947 1067 1068 948)
4(1056 1057 1068 1067)
4(947 958 1078 1067)
4(957 1077 1078 958)
4(1066 1067 1078 1077)
4(948 959 1079 1068)
4(958 1078 1079 959)
4(1067 1068 1079 1078)
4(829 836 950 939)
4(835 949 950 836)
4(938 939 950 949)
4(836 843 961 950)
4(842 960 961 843)
4(949 950 961 960)
4(938 949 1069 1058)
4(948 1068 1069 949)
4(1057 1058 1069 1068)
4(939 950 1070 1059)
4(949 1069 1070 950)
4(1058 1059 1070 1069)
4(949 960 1080 1069)
4(959 1079 1080 960)
4(1068 1069 1080 1079)
4(950 961 1081 1070)
4(960 1080 1081 961)
4(1069 1070 1081 1080)
4(615 717 718 616)
4(708 709 718 717)
4(621 724 725 622)
4(717 718 725 724)
4(717 821 822 718)
4(812 813 822 821)
4(724 829 830 725)
4(821 822 830 829)
4(628 731 732 629)
4(724 725 732 731)
4(635 738 739 636)
4(731 732 739 738)
4(731 836 837 732)
4(829 830 837 836)
4(738 843 844 739)
4(836 837 844 843)
4(821 928 929 822)
4(917 918 929 928)
4(829 939 940 830)
4(928 929 940 939)
4(928 1048 1049 929)
4(1037 1038 1049 1048)
4(939 1059 1060 940)
4(1048 1049 1060 1059)
4(836 950 951 837)
4(939 940 951 950)
4(843 961 962 844)
4(950 951 962 961)
4(950 1070 1071 951)
4(1059 1060 1071 1070)
4(961 1081 1082 962)
4(1070 1071 1082 1081)
4(1023 1034 1155 1144)
4(1033 1154 1155 1034)
4(1024 1035 1156 1145)
4(1034 1155 1156 1035)
4(1025 1036 1157 1146)
4(1035 1156 1157 1036)
4(1026 1037 1158 1147)
4(1036 1157 1158 1037)
4(1037 1158 1159 1038)
4(1034 1045 1166 1155)
4(1044 1165 1166 1045)
4(1035 1046 1167 1156)
4(1045 1166 1167 1046)
4(1045 1056 1177 1166)
4(1055 1176 1177 1056)
4(1046 1057 1178 1167)
4(1056 1177 1178 1057)
4(1036 1047 1168 1157)
4(1046 1167 1168 1047)
4(1037 1048 1169 1158)
4(1047 1168 1169 1048)
4(1047 1058 1179 1168)
4(1057 1178 1179 1058)
4(1048 1059 1180 1169)
4(1058 1179 1180 1059)
4(1056 1067 1188 1177)
4(1066 1187 1188 1067)
4(1057 1068 1189 1178)
4(1067 1188 1189 1068)
4(1067 1078 1199 1188)
4(1077 1198 1199 1078)
4(1068 1079 1200 1189)
4(1078 1199 1200 1079)
4(1058 1069 1190 1179)
4(1068 1189 1190 1069)
4(1059 1070 1191 1180)
4(1069 1190 1191 1070)
4(1069 1080 1201 1190)
4(1079 1200 1201 1080)
4(1070 1081 1202 1191)
4(1080 1201 1202 1081)
4(1048 1169 1170 1049)
4(1059 1180 1181 1060)
4(1070 1191 1192 1071)
4(1081 1202 1203 1082)
4(631 638 741 734)
4(637 740 741 638)
4(733 734 741 740)
4(638 646 750 741)
4(645 749 750 646)
4(740 741 750 749)
4(734 741 846 839)
4(740 845 846 741)
4(838 839 846 845)
4(741 750 855 846)
4(749 854 855 750)
4(845 846 855 854)
4(646 657 761 750)
4(656 760 761 657)
4(749 750 761 760)
4(657 667 771 761)
4(666 770 771 667)
4(760 761 771 770)
4(750 761 866 855)
4(760 865 866 761)
4(854 855 866 865)
4(761 771 876 866)
4(770 875 876 771)
4(865 866 876 875)
4(839 846 964 953)
4(845 963 964 846)
4(952 953 964 963)
4(846 855 975 964)
4(854 974 975 855)
4(963 964 975 974)
4(953 964 1084 1073)
4(963 1083 1084 964)
4(1072 1073 1084 1083)
4(964 975 1095 1084)
4(974 1094 1095 975)
4(1083 1084 1095 1094)
4(855 866 986 975)
4(865 985 986 866)
4(974 975 986 985)
4(866 876 996 986)
4(875 995 996 876)
4(985 986 996 995)
4(975 986 1106 1095)
4(985 1105 1106 986)
4(1094 1095 1106 1105)
4(986 996 1117 1106)
4(995 1116 1117 996)
4(1105 1106 1117 1116)
4(638 741 742 639)
4(734 735 742 741)
4(639 647 751 742)
4(646 750 751 647)
4(741 742 751 750)
4(640 648 752 743)
4(647 751 752 648)
4(742 743 752 751)
4(735 742 847 840)
4(741 846 847 742)
4(839 840 847 846)
4(742 847 848 743)
4(840 841 848 847)
4(742 751 856 847)
4(750 855 856 751)
4(846 847 856 855)
4(743 752 857 848)
4(751 856 857 752)
4(847 848 857 856)
4(648 752 753 649)
4(743 744 753 752)
4(744 753 858 849)
4(752 857 858 753)
4(848 849 858 857)
4(753 858 859 754)
4(849 850 859 858)
8(855 856 857 867 878 877 876 866)
4(648 658 762 752)
4(658 669 773 762)
4(752 762 867 857)
4(762 773 878 867)
4(667 771 772 668)
4(668 772 773 669)
4(771 876 877 772)
4(772 877 878 773)
4(649 659 763 753)
4(658 762 763 659)
4(752 753 763 762)
4(650 660 764 754)
4(659 763 764 660)
4(753 754 764 763)
4(659 670 774 763)
4(669 773 774 670)
4(762 763 774 773)
4(660 671 775 764)
4(670 774 775 671)
4(763 764 775 774)
4(753 763 868 858)
4(762 867 868 763)
4(857 858 868 867)
4(754 764 869 859)
4(763 868 869 764)
4(858 859 869 868)
4(763 774 879 868)
4(773 878 879 774)
4(867 868 879 878)
4(764 775 880 869)
4(774 879 880 775)
4(868 869 880 879)
4(840 847 965 954)
4(846 964 965 847)
4(953 954 965 964)
4(847 965 966 848)
4(954 955 966 965)
4(847 856 976 965)
4(855 975 976 856)
4(964 965 976 975)
4(848 857 977 966)
4(856 976 977 857)
4(965 966 977 976)
4(954 965 1085 1074)
4(964 1084 1085 965)
4(1073 1074 1085 1084)
4(965 1085 1086 966)
4(1074 1075 1086 1085)
4(965 976 1096 1085)
4(975 1095 1096 976)
4(1084 1085 1096 1095)
4(966 977 1097 1086)
4(976 1096 1097 977)
4(1085 1086 1097 1096)
4(849 858 978 967)
4(857 977 978 858)
4(966 967 978 977)
4(858 978 979 859)
4(967 968 979 978)
4(957 968 1088 1077)
4(967 1087 1088 968)
4(1076 1077 1088 1087)
4(967 978 1098 1087)
4(977 1097 1098 978)
4(1086 1087 1098 1097)
4(968 979 1099 1088)
4(978 1098 1099 979)
4(1087 1088 1099 1098)
4(857 867 987 977)
4(867 878 998 987)
4(977 987 1108 1097)
4(987 998 1119 1108)
4(876 996 997 877)
4(877 997 998 878)
4(996 1117 1118 997)
4(997 1118 1119 998)
4(1095 1096 1107 1106)
4(1096 1097 1108 1107)
4(1106 1107 1118 1117)
4(1107 1108 1119 1118)
4(858 868 988 978)
4(867 987 988 868)
4(977 978 988 987)
4(859 869 989 979)
4(868 988 989 869)
4(978 979 989 988)
4(868 879 999 988)
4(878 998 999 879)
4(987 988 999 998)
4(869 880 1000 989)
4(879 999 1000 880)
4(988 989 1000 999)
4(978 988 1109 1098)
4(987 1108 1109 988)
4(1097 1098 1109 1108)
4(979 989 1110 1099)
4(988 1109 1110 989)
4(1098 1099 1110 1109)
4(988 999 1120 1109)
4(998 1119 1120 999)
4(1108 1109 1120 1119)
4(989 1000 1121 1110)
4(999 1120 1121 1000)
4(1109 1110 1121 1120)
4(667 678 782 771)
4(770 771 782 781)
4(771 782 887 876)
4(875 876 887 886)
4(876 887 1007 996)
4(995 996 1007 1006)
4(996 1007 1128 1117)
4(1116 1117 1128 1127)
4(668 679 783 772)
4(771 772 783 782)
4(669 680 784 773)
4(772 773 784 783)
4(772 783 888 877)
4(876 877 888 887)
4(773 784 889 878)
4(877 878 889 888)
4(670 681 785 774)
4(773 774 785 784)
4(671 682 786 775)
4(774 775 786 785)
4(774 785 890 879)
4(878 879 890 889)
4(775 786 891 880)
4(879 880 891 890)
4(877 888 1008 997)
4(996 997 1008 1007)
4(878 889 1009 998)
4(997 998 1009 1008)
4(997 1008 1129 1118)
4(1117 1118 1129 1128)
4(998 1009 1130 1119)
4(1118 1119 1130 1129)
4(879 890 1010 999)
4(998 999 1010 1009)
4(880 891 1011 1000)
4(999 1000 1011 1010)
4(999 1010 1131 1120)
4(1119 1120 1131 1130)
4(1000 1011 1132 1121)
4(1120 1121 1132 1131)
4(1073 1084 1205 1194)
4(1083 1204 1205 1084)
4(1084 1095 1216 1205)
4(1094 1215 1216 1095)
4(1095 1106 1227 1216)
4(1105 1226 1227 1106)
4(1106 1117 1238 1227)
4(1116 1237 1238 1117)
4(1074 1085 1206 1195)
4(1084 1205 1206 1085)
4(1075 1086 1207 1196)
4(1085 1206 1207 1086)
4(1085 1096 1217 1206)
4(1095 1216 1217 1096)
4(1086 1097 1218 1207)
4(1096 1217 1218 1097)
4(1076 1087 1208 1197)
4(1086 1207 1208 1087)
4(1077 1088 1209 1198)
4(1087 1208 1209 1088)
4(1087 1098 1219 1208)
4(1097 1218 1219 1098)
4(1088 1099 1220 1209)
4(1098 1219 1220 1099)
4(1096 1107 1228 1217)
4(1106 1227 1228 1107)
4(1097 1108 1229 1218)
4(1107 1228 1229 1108)
4(1107 1118 1239 1228)
4(1117 1238 1239 1118)
4(1108 1119 1240 1229)
4(1118 1239 1240 1119)
4(1098 1109 1230 1219)
4(1108 1229 1230 1109)
4(1099 1110 1231 1220)
4(1109 1230 1231 1110)
4(1109 1120 1241 1230)
4(1119 1240 1241 1120)
4(1110 1121 1242 1231)
4(1120 1241 1242 1121)
4(1117 1128 1249 1238)
4(1118 1129 1250 1239)
4(1119 1130 1251 1240)
4(1120 1131 1252 1241)
4(1121 1132 1253 1242)
4(635 643 747 738)
4(642 746 747 643)
4(737 738 747 746)
4(643 654 758 747)
4(653 757 758 654)
4(746 747 758 757)
4(738 747 852 843)
4(746 851 852 747)
4(842 843 852 851)
4(747 758 863 852)
4(757 862 863 758)
4(851 852 863 862)
4(651 661 765 755)
4(660 764 765 661)
4(754 755 765 764)
4(652 662 766 756)
4(661 765 766 662)
4(755 756 766 765)
4(661 672 776 765)
4(671 775 776 672)
4(764 765 776 775)
4(662 673 777 766)
4(672 776 777 673)
4(765 766 777 776)
4(755 765 870 860)
4(764 869 870 765)
4(859 860 870 869)
4(756 766 871 861)
4(765 870 871 766)
4(860 861 871 870)
4(765 776 881 870)
4(775 880 881 776)
4(869 870 881 880)
4(766 777 882 871)
4(776 881 882 777)
4(870 871 882 881)
4(653 663 767 757)
4(662 766 767 663)
4(756 757 767 766)
4(654 664 768 758)
4(663 767 768 664)
4(757 758 768 767)
4(663 674 778 767)
4(673 777 778 674)
4(766 767 778 777)
4(664 675 779 768)
4(674 778 779 675)
4(767 768 779 778)
4(757 767 872 862)
4(766 871 872 767)
4(861 862 872 871)
4(758 768 873 863)
4(767 872 873 768)
4(862 863 873 872)
4(767 778 883 872)
4(777 882 883 778)
4(871 872 883 882)
4(768 779 884 873)
4(778 883 884 779)
4(872 873 884 883)
4(958 969 1089 1078)
4(968 1088 1089 969)
4(1077 1078 1089 1088)
4(959 970 1090 1079)
4(969 1089 1090 970)
4(1078 1079 1090 1089)
4(969 980 1100 1089)
4(979 1099 1100 980)
4(1088 1089 1100 1099)
4(970 981 1101 1090)
4(980 1100 1101 981)
4(1089 1090 1101 1100)
4(843 852 972 961)
4(851 971 972 852)
4(960 961 972 971)
4(852 863 983 972)
4(862 982 983 863)
4(971 972 983 982)
4(960 971 1091 1080)
4(970 1090 1091 971)
4(1079 1080 1091 1090)
4(961 972 1092 1081)
4(971 1091 1092 972)
4(1080 1081 1092 1091)
4(971 982 1102 1091)
4(981 1101 1102 982)
4(1090 1091 1102 1101)
4(972 983 1103 1092)
4(982 1102 1103 983)
4(1091 1092 1103 1102)
4(860 870 990 980)
4(869 989 990 870)
4(979 980 990 989)
4(861 871 991 981)
4(870 990 991 871)
4(980 981 991 990)
4(870 881 1001 990)
4(880 1000 1001 881)
4(989 990 1001 1000)
4(871 882 1002 991)
4(881 1001 1002 882)
4(990 991 1002 1001)
4(980 990 1111 1100)
4(989 1110 1111 990)
4(1099 1100 1111 1110)
4(981 991 1112 1101)
4(990 1111 1112 991)
4(1100 1101 1112 1111)
4(990 1001 1122 1111)
4(1000 1121 1122 1001)
4(1110 1111 1122 1121)
4(991 1002 1123 1112)
4(1001 1122 1123 1002)
4(1111 1112 1123 1122)
4(862 872 992 982)
4(871 991 992 872)
4(981 982 992 991)
4(863 873 993 983)
4(872 992 993 873)
4(982 983 993 992)
4(872 883 1003 992)
4(882 1002 1003 883)
4(991 992 1003 1002)
4(873 884 1004 993)
4(883 1003 1004 884)
4(992 993 1004 1003)
4(982 992 1113 1102)
4(991 1112 1113 992)
4(1101 1102 1113 1112)
4(983 993 1114 1103)
4(992 1113 1114 993)
4(1102 1103 1114 1113)
4(992 1003 1124 1113)
4(1002 1123 1124 1003)
4(1112 1113 1124 1123)
4(993 1004 1125 1114)
4(1003 1124 1125 1004)
4(1113 1114 1125 1124)
4(643 747 748 644)
4(738 739 748 747)
4(654 758 759 655)
4(747 748 759 758)
4(747 852 853 748)
4(843 844 853 852)
4(758 863 864 759)
4(852 853 864 863)
4(664 768 769 665)
4(758 759 769 768)
4(675 779 780 676)
4(768 769 780 779)
4(768 873 874 769)
4(863 864 874 873)
4(779 884 885 780)
4(873 874 885 884)
4(852 972 973 853)
4(961 962 973 972)
4(863 983 984 864)
4(972 973 984 983)
4(972 1092 1093 973)
4(1081 1082 1093 1092)
4(983 1103 1104 984)
4(1092 1093 1104 1103)
4(873 993 994 874)
4(983 984 994 993)
4(884 1004 1005 885)
4(993 994 1005 1004)
4(993 1114 1115 994)
4(1103 1104 1115 1114)
4(1004 1125 1126 1005)
4(1114 1115 1126 1125)
4(672 683 787 776)
4(775 776 787 786)
4(673 684 788 777)
4(776 777 788 787)
4(776 787 892 881)
4(880 881 892 891)
4(777 788 893 882)
4(881 882 893 892)
4(674 685 789 778)
4(777 778 789 788)
4(675 686 790 779)
4(778 779 790 789)
4(778 789 894 883)
4(882 883 894 893)
4(779 790 895 884)
4(883 884 895 894)
4(881 892 1012 1001)
4(1000 1001 1012 1011)
4(882 893 1013 1002)
4(1001 1002 1013 1012)
4(1001 1012 1133 1122)
4(1121 1122 1133 1132)
4(1002 1013 1134 1123)
4(1122 1123 1134 1133)
4(883 894 1014 1003)
4(1002 1003 1014 1013)
4(884 895 1015 1004)
4(1003 1004 1015 1014)
4(1003 1014 1135 1124)
4(1123 1124 1135 1134)
4(1004 1015 1136 1125)
4(1124 1125 1136 1135)
4(779 780 791 790)
4(884 885 896 895)
4(1004 1005 1016 1015)
4(1125 1126 1137 1136)
4(1078 1089 1210 1199)
4(1088 1209 1210 1089)
4(1079 1090 1211 1200)
4(1089 1210 1211 1090)
4(1089 1100 1221 1210)
4(1099 1220 1221 1100)
4(1090 1101 1222 1211)
4(1100 1221 1222 1101)
4(1080 1091 1212 1201)
4(1090 1211 1212 1091)
4(1081 1092 1213 1202)
4(1091 1212 1213 1092)
4(1091 1102 1223 1212)
4(1101 1222 1223 1102)
4(1092 1103 1224 1213)
4(1102 1223 1224 1103)
4(1100 1111 1232 1221)
4(1110 1231 1232 1111)
4(1101 1112 1233 1222)
4(1111 1232 1233 1112)
4(1111 1122 1243 1232)
4(1121 1242 1243 1122)
4(1112 1123 1244 1233)
4(1122 1243 1244 1123)
4(1102 1113 1234 1223)
4(1112 1233 1234 1113)
4(1103 1114 1235 1224)
4(1113 1234 1235 1114)
4(1113 1124 1245 1234)
4(1123 1244 1245 1124)
4(1114 1125 1246 1235)
4(1124 1245 1246 1125)
4(1092 1213 1214 1093)
4(1103 1224 1225 1104)
4(1114 1235 1236 1115)
4(1125 1246 1247 1126)
4(1122 1133 1254 1243)
4(1123 1134 1255 1244)
4(1124 1135 1256 1245)
4(1125 1136 1257 1246)
4(376 495 496 377)
4(377 496 497 378)
4(495 599 600 496)
4(496 600 601 497)
4(376 377 388 387)
4(377 378 389 388)
4(387 388 399 398)
4(388 389 400 399)
4(398 399 409 408)
4(399 400 410 409)
4(408 409 420 419)
4(409 410 421 420)
4(376 387 506 495)
4(387 398 515 506)
4(495 506 610 599)
4(506 515 620 610)
4(398 408 522 515)
4(408 419 529 522)
4(521 522 529 528)
4(515 522 626 620)
4(521 625 626 522)
4(521 528 632 625)
4(378 497 498 379)
4(497 601 602 498)
4(270 271 282 281)
4(378 379 390 389)
4(270 390 391 271)
4(270 281 401 390)
4(389 390 401 400)
4(271 272 283 282)
4(271 391 392 272)
4(272 392 402 283)
4(281 282 293 292)
4(281 292 411 401)
4(400 401 411 410)
4(410 411 422 421)
4(293 304 423 412)
4(292 293 412 411)
4(411 412 423 422)
4(282 283 294 293)
4(293 294 305 304)
4(283 402 413 294)
4(294 413 424 305)
4(379 498 507 390)
4(390 507 508 391)
4(498 602 612 507)
4(507 612 613 508)
4(602 603 613 612)
4(391 508 509 392)
4(392 509 516 402)
4(509 510 517 516)
4(508 613 614 509)
4(509 614 615 510)
4(402 516 523 413)
4(516 517 524 523)
4(413 523 530 424)
4(523 627 634 530)
4(523 524 628 627)
4(510 615 621 517)
4(517 621 628 524)
4(419 420 431 430)
4(420 421 432 431)
4(431 432 443 442)
4(419 430 536 529)
4(528 529 536 535)
4(528 535 639 632)
4(535 536 640 639)
4(431 442 546 537)
4(430 431 537 536)
4(537 546 649 641)
4(536 537 641 640)
4(442 443 547 546)
4(546 547 650 649)
4(421 422 433 432)
4(422 423 434 433)
4(432 433 444 443)
4(433 434 445 444)
4(304 305 424 423)
4(423 424 435 434)
4(424 530 539 435)
4(434 538 549 445)
4(434 435 539 538)
4(538 539 550 549)
4(530 634 642 539)
4(539 642 653 550)
4(443 444 548 547)
4(444 445 549 548)
4(547 548 651 650)
4(548 549 652 651)
4(549 550 653 652)
4(600 703 704 601)
4(703 807 808 704)
4(807 912 913 808)
4(610 620 722 713)
4(600 611 714 703)
4(610 713 714 611)
4(599 610 611 600)
4(703 714 818 807)
4(714 723 827 818)
4(722 826 827 723)
4(713 722 723 714)
4(620 626 729 722)
4(626 633 736 729)
4(632 735 736 633)
4(625 632 633 626)
4(722 729 834 826)
4(729 736 841 834)
4(807 818 923 912)
4(818 827 934 923)
4(826 933 934 827)
4(912 923 924 913)
4(923 934 935 924)
4(826 834 944 933)
4(834 841 955 944)
4(944 955 1075 1064)
4(944 1064 1065 945)
4(933 944 945 934)
4(934 945 946 935)
4(945 1065 1076 956)
4(945 956 957 946)
4(1064 1075 1076 1065)
4(601 704 705 602)
4(602 705 706 603)
4(704 808 809 705)
4(705 809 810 706)
4(808 913 914 809)
4(809 914 915 810)
4(603 706 715 613)
4(613 715 716 614)
4(614 716 717 615)
4(706 810 819 715)
4(715 819 820 716)
4(716 820 821 717)
4(627 730 737 634)
4(627 628 731 730)
4(730 731 738 737)
4(913 924 925 914)
4(914 925 926 915)
4(924 935 936 925)
4(925 936 937 926)
4(810 915 926 819)
4(819 926 927 820)
4(820 927 938 828)
4(820 828 829 821)
4(926 937 938 927)
4(935 946 947 936)
4(936 947 948 937)
4(946 957 958 947)
4(947 958 959 948)
4(828 938 949 835)
4(828 835 836 829)
4(835 949 960 842)
4(835 842 843 836)
4(937 948 949 938)
4(948 959 960 949)
4(615 717 724 621)
4(717 821 829 724)
4(621 724 731 628)
4(724 829 836 731)
4(731 836 843 738)
4(632 639 742 735)
4(639 640 743 742)
4(736 743 848 841)
4(735 742 743 736)
4(641 649 753 744)
4(640 641 744 743)
4(743 744 849 848)
4(745 754 859 850)
4(744 745 850 849)
4(744 753 754 745)
4(649 650 754 753)
4(841 848 966 955)
4(955 966 1086 1075)
4(848 849 967 966)
4(850 859 979 968)
4(849 850 968 967)
4(956 1076 1087 967)
4(956 967 968 957)
4(966 967 1087 1086)
4(1075 1086 1087 1076)
4(634 737 746 642)
4(642 746 757 653)
4(737 842 851 746)
4(737 738 843 842)
4(746 851 862 757)
4(650 651 755 754)
4(651 652 756 755)
4(754 755 860 859)
4(755 756 861 860)
4(652 653 757 756)
4(756 757 862 861)
4(957 968 969 958)
4(958 969 970 959)
4(968 979 980 969)
4(969 980 981 970)
4(842 960 971 851)
4(851 971 982 862)
4(959 970 971 960)
4(970 981 982 971)
4(859 860 980 979)
4(860 861 981 980)
4(861 862 982 981)
4(0 11 12 1)
4(1 12 13 2)
4(2 13 14 3)
4(3 14 15 4)
4(4 15 16 5)
4(11 22 23 12)
4(22 33 34 23)
4(33 44 45 34)
4(44 55 56 45)
4(12 23 24 13)
4(13 24 25 14)
4(23 34 35 24)
4(24 35 36 25)
4(14 25 26 15)
4(15 26 27 16)
4(25 36 37 26)
4(26 37 38 27)
4(34 45 46 35)
4(35 46 47 36)
4(45 56 57 46)
4(46 57 58 47)
4(36 47 48 37)
4(37 48 49 38)
4(47 58 59 48)
4(48 59 60 49)
4(5 16 17 6)
4(6 17 18 7)
4(7 18 19 8)
4(8 19 20 9)
4(9 20 21 10)
4(16 27 28 17)
4(17 28 29 18)
4(27 38 39 28)
4(28 39 40 29)
4(18 29 30 19)
4(19 30 31 20)
4(29 40 41 30)
4(30 41 42 31)
4(38 49 50 39)
4(39 50 51 40)
4(49 60 61 50)
4(50 61 62 51)
4(40 51 52 41)
4(41 52 53 42)
4(51 62 63 52)
4(52 63 64 53)
4(20 31 32 21)
4(31 42 43 32)
4(42 53 54 43)
4(53 64 65 54)
4(55 66 67 56)
4(66 77 78 67)
4(77 88 89 78)
4(88 99 100 89)
4(56 67 68 57)
4(57 68 69 58)
4(67 78 79 68)
4(68 79 80 69)
4(58 69 70 59)
4(59 70 71 60)
4(69 80 81 70)
4(70 81 82 71)
4(78 89 90 79)
4(79 90 91 80)
4(89 100 101 90)
4(90 101 102 91)
4(80 91 92 81)
4(81 92 93 82)
4(91 102 103 92)
4(92 103 104 93)
4(99 110 111 100)
4(100 111 112 101)
4(101 112 113 102)
4(102 113 114 103)
4(103 114 115 104)
4(60 71 72 61)
4(61 72 73 62)
4(71 82 83 72)
4(72 83 84 73)
4(62 73 74 63)
4(63 74 75 64)
4(73 84 85 74)
4(74 85 86 75)
4(82 93 94 83)
4(83 94 95 84)
4(93 104 105 94)
4(94 105 106 95)
4(84 95 96 85)
4(85 96 97 86)
4(95 106 107 96)
4(96 107 108 97)
4(64 75 76 65)
4(75 86 87 76)
4(86 97 98 87)
4(97 108 109 98)
4(104 115 116 105)
4(105 116 117 106)
4(106 117 118 107)
4(107 118 119 108)
4(108 119 120 109)
4(1138 1139 1150 1149)
4(1139 1140 1151 1150)
4(1140 1141 1152 1151)
4(1141 1142 1153 1152)
4(1142 1143 1154 1153)
4(1149 1150 1161 1160)
4(1160 1161 1172 1171)
4(1171 1172 1183 1182)
4(1182 1183 1194 1193)
4(1150 1151 1162 1161)
4(1151 1152 1163 1162)
4(1161 1162 1173 1172)
4(1162 1163 1174 1173)
4(1152 1153 1164 1163)
4(1153 1154 1165 1164)
4(1163 1164 1175 1174)
4(1164 1165 1176 1175)
4(1172 1173 1184 1183)
4(1173 1174 1185 1184)
4(1183 1184 1195 1194)
4(1184 1185 1196 1195)
4(1174 1175 1186 1185)
4(1175 1176 1187 1186)
4(1185 1186 1197 1196)
4(1186 1187 1198 1197)
4(1143 1144 1155 1154)
4(1144 1145 1156 1155)
4(1145 1146 1157 1156)
4(1146 1147 1158 1157)
4(1147 1148 1159 1158)
4(1154 1155 1166 1165)
4(1155 1156 1167 1166)
4(1165 1166 1177 1176)
4(1166 1167 1178 1177)
4(1156 1157 1168 1167)
4(1157 1158 1169 1168)
4(1167 1168 1179 1178)
4(1168 1169 1180 1179)
4(1176 1177 1188 1187)
4(1177 1178 1189 1188)
4(1187 1188 1199 1198)
4(1188 1189 1200 1199)
4(1178 1179 1190 1189)
4(1179 1180 1191 1190)
4(1189 1190 1201 1200)
4(1190 1191 1202 1201)
4(1158 1159 1170 1169)
4(1169 1170 1181 1180)
4(1180 1181 1192 1191)
4(1191 1192 1203 1202)
4(1193 1194 1205 1204)
4(1204 1205 1216 1215)
4(1215 1216 1227 1226)
4(1226 1227 1238 1237)
4(1194 1195 1206 1205)
4(1195 1196 1207 1206)
4(1205 1206 1217 1216)
4(1206 1207 1218 1217)
4(1196 1197 1208 1207)
4(1197 1198 1209 1208)
4(1207 1208 1219 1218)
4(1208 1209 1220 1219)
4(1216 1217 1228 1227)
4(1217 1218 1229 1228)
4(1227 1228 1239 1238)
4(1228 1229 1240 1239)
4(1218 1219 1230 1229)
4(1219 1220 1231 1230)
4(1229 1230 1241 1240)
4(1230 1231 1242 1241)
4(1237 1238 1249 1248)
4(1238 1239 1250 1249)
4(1239 1240 1251 1250)
4(1240 1241 1252 1251)
4(1241 1242 1253 1252)
4(1198 1199 1210 1209)
4(1199 1200 1211 1210)
4(1209 1210 1221 1220)
4(1210 1211 1222 1221)
4(1200 1201 1212 1211)
4(1201 1202 1213 1212)
4(1211 1212 1223 1222)
4(1212 1213 1224 1223)
4(1220 1221 1232 1231)
4(1221 1222 1233 1232)
4(1231 1232 1243 1242)
4(1232 1233 1244 1243)
4(1222 1223 1234 1233)
4(1223 1224 1235 1234)
4(1233 1234 1245 1244)
4(1234 1235 1246 1245)
4(1202 1203 1214 1213)
4(1213 1214 1225 1224)
4(1224 1225 1236 1235)
4(1235 1236 1247 1246)
4(1242 1243 1254 1253)
4(1243 1244 1255 1254)
4(1244 1245 1256 1255)
4(1245 1246 1257 1256)
4(1246 1247 1258 1257)
4(0 121 132 11)
4(11 132 143 22)
4(22 143 154 33)
4(33 154 165 44)
4(44 165 176 55)
4(121 242 253 132)
4(242 362 373 253)
4(362 481 492 373)
4(481 585 596 492)
4(132 253 264 143)
4(143 264 275 154)
4(253 373 384 264)
4(264 384 395 275)
4(154 275 286 165)
4(165 286 297 176)
4(275 395 405 286)
4(286 405 416 297)
4(373 492 503 384)
4(384 503 512 395)
4(492 596 607 503)
4(503 607 617 512)
4(395 512 519 405)
4(405 519 526 416)
4(512 617 623 519)
4(519 623 630 526)
4(55 176 187 66)
4(66 187 198 77)
4(77 198 209 88)
4(88 209 220 99)
4(99 220 231 110)
4(176 297 308 187)
4(187 308 319 198)
4(297 416 427 308)
4(308 427 438 319)
4(198 319 330 209)
4(209 330 340 220)
4(319 438 449 330)
4(330 449 459 340)
4(416 526 533 427)
4(427 533 542 438)
4(526 630 637 533)
4(533 637 645 542)
4(438 542 553 449)
4(449 553 563 459)
4(542 645 656 553)
4(553 656 666 563)
4(220 340 351 231)
4(340 459 470 351)
4(459 563 574 470)
4(563 666 677 574)
4(585 688 699 596)
4(688 792 803 699)
4(792 897 908 803)
4(897 1017 1028 908)
4(596 699 710 607)
4(607 710 719 617)
4(699 803 814 710)
4(710 814 823 719)
4(617 719 726 623)
4(623 726 733 630)
4(719 823 831 726)
4(726 831 838 733)
4(803 908 919 814)
4(814 919 930 823)
4(908 1028 1039 919)
4(919 1039 1050 930)
4(823 930 941 831)
4(831 941 952 838)
4(930 1050 1061 941)
4(941 1061 1072 952)
4(1017 1138 1149 1028)
4(1028 1149 1160 1039)
4(1039 1160 1171 1050)
4(1050 1171 1182 1061)
4(1061 1182 1193 1072)
4(630 733 740 637)
4(637 740 749 645)
4(733 838 845 740)
4(740 845 854 749)
4(645 749 760 656)
4(656 760 770 666)
4(749 854 865 760)
4(760 865 875 770)
4(838 952 963 845)
4(845 963 974 854)
4(952 1072 1083 963)
4(963 1083 1094 974)
4(854 974 985 865)
4(865 985 995 875)
4(974 1094 1105 985)
4(985 1105 1116 995)
4(666 770 781 677)
4(770 875 886 781)
4(875 995 1006 886)
4(995 1116 1127 1006)
4(1072 1193 1204 1083)
4(1083 1204 1215 1094)
4(1094 1215 1226 1105)
4(1105 1226 1237 1116)
4(1116 1237 1248 1127)
4(10 21 142 131)
4(21 32 153 142)
4(32 43 164 153)
4(43 54 175 164)
4(54 65 186 175)
4(131 142 263 252)
4(252 263 383 372)
4(372 383 502 491)
4(491 502 606 595)
4(142 153 274 263)
4(153 164 285 274)
4(263 274 394 383)
4(274 285 404 394)
4(164 175 296 285)
4(175 186 307 296)
4(285 296 415 404)
4(296 307 426 415)
4(383 394 511 502)
4(394 404 518 511)
4(502 511 616 606)
4(511 518 622 616)
4(404 415 525 518)
4(415 426 532 525)
4(518 525 629 622)
4(525 532 636 629)
4(65 76 197 186)
4(76 87 208 197)
4(87 98 219 208)
4(98 109 230 219)
4(109 120 241 230)
4(186 197 318 307)
4(197 208 329 318)
4(307 318 437 426)
4(318 329 448 437)
4(208 219 339 329)
4(219 230 350 339)
4(329 339 458 448)
4(339 350 469 458)
4(426 437 541 532)
4(437 448 552 541)
4(532 541 644 636)
4(541 552 655 644)
4(448 458 562 552)
4(458 469 573 562)
4(552 562 665 655)
4(562 573 676 665)
4(230 241 361 350)
4(350 361 480 469)
4(469 480 584 573)
4(573 584 687 676)
4(595 606 709 698)
4(698 709 813 802)
4(802 813 918 907)
4(907 918 1038 1027)
4(606 616 718 709)
4(616 622 725 718)
4(709 718 822 813)
4(718 725 830 822)
4(622 629 732 725)
4(629 636 739 732)
4(725 732 837 830)
4(732 739 844 837)
4(813 822 929 918)
4(822 830 940 929)
4(918 929 1049 1038)
4(929 940 1060 1049)
4(830 837 951 940)
4(837 844 962 951)
4(940 951 1071 1060)
4(951 962 1082 1071)
4(1027 1038 1159 1148)
4(1038 1049 1170 1159)
4(1049 1060 1181 1170)
4(1060 1071 1192 1181)
4(1071 1082 1203 1192)
4(636 644 748 739)
4(644 655 759 748)
4(739 748 853 844)
4(748 759 864 853)
4(655 665 769 759)
4(665 676 780 769)
4(759 769 874 864)
4(769 780 885 874)
4(844 853 973 962)
4(853 864 984 973)
4(962 973 1093 1082)
4(973 984 1104 1093)
4(864 874 994 984)
4(874 885 1005 994)
4(984 994 1115 1104)
4(994 1005 1126 1115)
4(676 687 791 780)
4(780 791 896 885)
4(885 896 1016 1005)
4(1005 1016 1137 1126)
4(1082 1093 1214 1203)
4(1093 1104 1225 1214)
4(1104 1115 1236 1225)
4(1115 1126 1247 1236)
4(1126 1137 1258 1247)
4(0 1 122 121)
4(1 2 123 122)
4(2 3 124 123)
4(3 4 125 124)
4(4 5 126 125)
4(121 122 243 242)
4(242 243 363 362)
4(362 363 482 481)
4(481 482 586 585)
4(122 123 244 243)
4(123 124 245 244)
4(243 244 364 363)
4(244 245 365 364)
4(124 125 246 245)
4(125 126 247 246)
4(245 246 366 365)
4(246 247 367 366)
4(363 364 483 482)
4(364 365 484 483)
4(482 483 587 586)
4(483 484 588 587)
4(365 366 485 484)
4(366 367 486 485)
4(484 485 589 588)
4(485 486 590 589)
4(5 6 127 126)
4(6 7 128 127)
4(7 8 129 128)
4(8 9 130 129)
4(9 10 131 130)
4(126 127 248 247)
4(127 128 249 248)
4(247 248 368 367)
4(248 249 369 368)
4(128 129 250 249)
4(129 130 251 250)
4(249 250 370 369)
4(250 251 371 370)
4(367 368 487 486)
4(368 369 488 487)
4(486 487 591 590)
4(487 488 592 591)
4(369 370 489 488)
4(370 371 490 489)
4(488 489 593 592)
4(489 490 594 593)
4(130 131 252 251)
4(251 252 372 371)
4(371 372 491 490)
4(490 491 595 594)
4(110 231 232 111)
4(111 232 233 112)
4(112 233 234 113)
4(113 234 235 114)
4(114 235 236 115)
4(231 351 352 232)
4(351 470 471 352)
4(470 574 575 471)
4(574 677 678 575)
4(232 352 353 233)
4(233 353 354 234)
4(352 471 472 353)
4(353 472 473 354)
4(234 354 355 235)
4(235 355 356 236)
4(354 473 474 355)
4(355 474 475 356)
4(471 575 576 472)
4(472 576 577 473)
4(575 678 679 576)
4(576 679 680 577)
4(473 577 578 474)
4(474 578 579 475)
4(577 680 681 578)
4(578 681 682 579)
4(115 236 237 116)
4(116 237 238 117)
4(117 238 239 118)
4(118 239 240 119)
4(119 240 241 120)
4(236 356 357 237)
4(237 357 358 238)
4(356 475 476 357)
4(357 476 477 358)
4(238 358 359 239)
4(239 359 360 240)
4(358 477 478 359)
4(359 478 479 360)
4(475 579 580 476)
4(476 580 581 477)
4(579 682 683 580)
4(580 683 684 581)
4(477 581 582 478)
4(478 582 583 479)
4(581 684 685 582)
4(582 685 686 583)
4(240 360 361 241)
4(360 479 480 361)
4(479 583 584 480)
4(583 686 687 584)
4(585 586 689 688)
4(688 689 793 792)
4(792 793 898 897)
4(897 898 1018 1017)
4(586 587 690 689)
4(587 588 691 690)
4(689 690 794 793)
4(690 691 795 794)
4(588 589 692 691)
4(589 590 693 692)
4(691 692 796 795)
4(692 693 797 796)
4(793 794 899 898)
4(794 795 900 899)
4(898 899 1019 1018)
4(899 900 1020 1019)
4(795 796 901 900)
4(796 797 902 901)
4(900 901 1021 1020)
4(901 902 1022 1021)
4(1017 1018 1139 1138)
4(1018 1019 1140 1139)
4(1019 1020 1141 1140)
4(1020 1021 1142 1141)
4(1021 1022 1143 1142)
4(590 591 694 693)
4(591 592 695 694)
4(693 694 798 797)
4(694 695 799 798)
4(592 593 696 695)
4(593 594 697 696)
4(695 696 800 799)
4(696 697 801 800)
4(797 798 903 902)
4(798 799 904 903)
4(902 903 1023 1022)
4(903 904 1024 1023)
4(799 800 905 904)
4(800 801 906 905)
4(904 905 1025 1024)
4(905 906 1026 1025)
4(594 595 698 697)
4(697 698 802 801)
4(801 802 907 906)
4(906 907 1027 1026)
4(1022 1023 1144 1143)
4(1023 1024 1145 1144)
4(1024 1025 1146 1145)
4(1025 1026 1147 1146)
4(1026 1027 1148 1147)
4(677 781 782 678)
4(781 886 887 782)
4(886 1006 1007 887)
4(1006 1127 1128 1007)
4(678 782 783 679)
4(679 783 784 680)
4(782 887 888 783)
4(783 888 889 784)
4(680 784 785 681)
4(681 785 786 682)
4(784 889 890 785)
4(785 890 891 786)
4(887 1007 1008 888)
4(888 1008 1009 889)
4(1007 1128 1129 1008)
4(1008 1129 1130 1009)
4(889 1009 1010 890)
4(890 1010 1011 891)
4(1009 1130 1131 1010)
4(1010 1131 1132 1011)
4(1127 1248 1249 1128)
4(1128 1249 1250 1129)
4(1129 1250 1251 1130)
4(1130 1251 1252 1131)
4(1131 1252 1253 1132)
4(682 786 787 683)
4(683 787 788 684)
4(786 891 892 787)
4(787 892 893 788)
4(684 788 789 685)
4(685 789 790 686)
4(788 893 894 789)
4(789 894 895 790)
4(891 1011 1012 892)
4(892 1012 1013 893)
4(1011 1132 1133 1012)
4(1012 1133 1134 1013)
4(893 1013 1014 894)
4(894 1014 1015 895)
4(1013 1134 1135 1014)
4(1014 1135 1136 1015)
4(686 790 791 687)
4(790 895 896 791)
4(895 1015 1016 896)
4(1015 1136 1137 1016)
4(1132 1253 1254 1133)
4(1133 1254 1255 1134)
4(1134 1255 1256 1135)
4(1135 1256 1257 1136)
4(1136 1257 1258 1137)
4(376 495 1684 1599)
4(495 496 1685 1684)
4(496 377 1600 1685)
4(377 376 1599 1600)
4(496 497 1686 1685)
4(497 378 1601 1686)
4(378 377 1600 1601)
4(495 599 1761 1684)
4(599 600 1762 1761)
4(600 496 1685 1762)
4(600 601 1763 1762)
4(601 497 1686 1763)
4(377 388 1606 1600)
4(388 387 1605 1606)
4(387 376 1599 1605)
4(378 389 1607 1601)
4(389 388 1606 1607)
4(388 399 1614 1606)
4(399 398 1613 1614)
4(398 387 1605 1613)
4(389 400 1615 1607)
4(400 399 1614 1615)
4(399 409 1621 1614)
4(409 408 1620 1621)
4(408 398 1613 1620)
4(400 410 1622 1615)
4(410 409 1621 1622)
4(409 420 1629 1621)
4(420 419 1628 1629)
4(419 408 1620 1628)
4(410 421 1630 1622)
4(421 420 1629 1630)
4(387 506 1690 1605)
4(506 495 1684 1690)
4(398 515 1697 1613)
4(515 506 1690 1697)
4(506 610 1768 1690)
4(610 599 1761 1768)
4(515 620 1776 1697)
4(620 610 1768 1776)
4(408 522 1703 1620)
4(522 515 1697 1703)
4(419 529 1709 1628)
4(529 522 1703 1709)
4(521 522 1703 1702)
4(529 528 1708 1709)
4(528 521 1702 1708)
4(522 626 1781 1703)
4(626 620 1776 1781)
4(521 625 1780 1702)
4(625 626 1781 1780)
4(528 632 1786 1708)
4(632 625 1780 1786)
4(497 498 1687 1686)
4(498 379 1602 1687)
4(379 378 1601 1602)
4(601 602 1764 1763)
4(602 498 1687 1764)
4(270 271 1543 1542)
4(271 282 1548 1543)
4(282 281 1547 1548)
4(281 270 1542 1547)
4(379 390 1608 1602)
4(390 389 1607 1608)
4(270 390 1608 1542)
4(390 391 1609 1608)
4(391 271 1543 1609)
4(281 401 1616 1547)
4(401 390 1608 1616)
4(401 400 1615 1616)
4(271 272 1544 1543)
4(272 283 1549 1544)
4(283 282 1548 1549)
4(391 392 1610 1609)
4(392 272 1544 1610)
4(392 402 1617 1610)
4(402 283 1549 1617)
4(282 293 1553 1548)
4(293 292 1552 1553)
4(292 281 1547 1552)
4(292 411 1623 1552)
4(411 401 1616 1623)
4(411 410 1622 1623)
4(411 422 1631 1623)
4(422 421 1630 1631)
4(293 304 1557 1553)
4(304 423 1632 1557)
4(423 412 1624 1632)
4(412 293 1553 1624)
4(412 411 1623 1624)
4(423 422 1631 1632)
4(283 294 1554 1549)
4(294 293 1553 1554)
4(294 305 1558 1554)
4(305 304 1557 1558)
4(402 413 1625 1617)
4(413 294 1554 1625)
4(413 424 1633 1625)
4(424 305 1558 1633)
4(498 507 1691 1687)
4(507 390 1608 1691)
4(507 508 1692 1691)
4(508 391 1609 1692)
4(602 612 1770 1764)
4(612 507 1691 1770)
4(612 613 1771 1770)
4(613 508 1692 1771)
4(602 603 1765 1764)
4(603 613 1771 1765)
4(508 509 1693 1692)
4(509 392 1610 1693)
4(509 516 1698 1693)
4(516 402 1617 1698)
4(509 510 1694 1693)
4(510 517 1699 1694)
4(517 516 1698 1699)
4(613 614 1772 1771)
4(614 509 1693 1772)
4(614 615 1773 1772)
4(615 510 1694 1773)
4(516 523 1704 1698)
4(523 413 1625 1704)
4(517 524 1705 1699)
4(524 523 1704 1705)
4(523 530 1710 1704)
4(530 424 1633 1710)
4(523 627 1782 1704)
4(627 634 1788 1782)
4(634 530 1710 1788)
4(524 628 1783 1705)
4(628 627 1782 1783)
4(615 621 1777 1773)
4(621 517 1699 1777)
4(621 628 1783 1777)
4(420 431 1637 1629)
4(431 430 1636 1637)
4(430 419 1628 1636)
4(421 432 1638 1630)
4(432 431 1637 1638)
4(432 443 1645 1638)
4(443 442 1644 1645)
4(442 431 1637 1644)
4(430 536 1714 1636)
4(536 529 1709 1714)
4(536 535 1713 1714)
4(535 528 1708 1713)
4(535 639 1791 1713)
4(639 632 1786 1791)
4(536 640 1792 1714)
4(640 639 1791 1792)
4(442 546 1720 1644)
4(546 537 1715 1720)
4(537 431 1637 1715)
4(537 536 1714 1715)
4(546 649 1797 1720)
4(649 641 1793 1797)
4(641 537 1715 1793)
4(641 640 1792 1793)
4(443 547 1721 1645)
4(547 546 1720 1721)
4(547 650 1798 1721)
4(650 649 1797 1798)
4(422 433 1639 1631)
4(433 432 1638 1639)
4(423 434 1640 1632)
4(434 433 1639 1640)
4(433 444 1646 1639)
4(444 443 1645 1646)
4(434 445 1647 1640)
4(445 444 1646 1647)
4(424 423 1632 1633)
4(424 435 1641 1633)
4(435 434 1640 1641)
4(530 539 1717 1710)
4(539 435 1641 1717)
4(434 538 1716 1640)
4(538 549 1723 1716)
4(549 445 1647 1723)
4(539 538 1716 1717)
4(539 550 1724 1717)
4(550 549 1723 1724)
4(634 642 1794 1788)
4(642 539 1717 1794)
4(642 653 1801 1794)
4(653 550 1724 1801)
4(444 548 1722 1646)
4(548 547 1721 1722)
4(549 548 1722 1723)
4(548 651 1799 1722)
4(651 650 1798 1799)
4(549 652 1800 1723)
4(652 651 1799 1800)
4(653 652 1800 1801)
4(600 703 1838 1762)
4(703 704 1839 1838)
4(704 601 1763 1839)
4(703 807 1915 1838)
4(807 808 1916 1915)
4(808 704 1839 1916)
4(807 912 1989 1915)
4(912 913 1990 1989)
4(913 808 1916 1990)
4(620 722 1851 1776)
4(722 713 1844 1851)
4(713 610 1768 1844)
4(600 611 1769 1762)
4(611 714 1845 1769)
4(714 703 1838 1845)
4(713 714 1845 1844)
4(611 610 1768 1769)
4(714 818 1921 1845)
4(818 807 1915 1921)
4(714 723 1852 1845)
4(723 827 1928 1852)
4(827 818 1921 1928)
4(722 826 1927 1851)
4(826 827 1928 1927)
4(723 722 1851 1852)
4(626 729 1856 1781)
4(729 722 1851 1856)
4(626 633 1787 1781)
4(633 736 1862 1787)
4(736 729 1856 1862)
4(632 735 1861 1786)
4(735 736 1862 1861)
4(633 632 1786 1787)
4(729 834 1933 1856)
4(834 826 1927 1933)
4(736 841 1938 1862)
4(841 834 1933 1938)
4(818 923 1995 1921)
4(923 912 1989 1995)
4(827 934 2003 1928)
4(934 923 1995 2003)
4(826 933 2002 1927)
4(933 934 2003 2002)
4(923 924 1996 1995)
4(924 913 1990 1996)
4(934 935 2004 2003)
4(935 924 1996 2004)
4(834 944 2010 1933)
4(944 933 2002 2010)
4(841 955 2018 1938)
4(955 944 2010 2018)
4(955 1075 2084 2018)
4(1075 1064 2080 2084)
4(1064 944 2010 2080)
4(1064 1065 2081 2080)
4(1065 945 2011 2081)
4(945 944 2010 2011)
4(945 934 2003 2011)
4(945 946 2012 2011)
4(946 935 2004 2012)
4(1065 1076 2085 2081)
4(1076 956 2019 2085)
4(956 945 2011 2019)
4(956 957 2020 2019)
4(957 946 2012 2020)
4(1075 1076 2085 2084)
4(704 705 1840 1839)
4(705 602 1764 1840)
4(705 706 1841 1840)
4(706 603 1765 1841)
4(808 809 1917 1916)
4(809 705 1840 1917)
4(809 810 1918 1917)
4(810 706 1841 1918)
4(913 914 1991 1990)
4(914 809 1917 1991)
4(914 915 1992 1991)
4(915 810 1918 1992)
4(706 715 1846 1841)
4(715 613 1771 1846)
4(715 716 1847 1846)
4(716 614 1772 1847)
4(716 717 1848 1847)
4(717 615 1773 1848)
4(810 819 1922 1918)
4(819 715 1846 1922)
4(819 820 1923 1922)
4(820 716 1847 1923)
4(820 821 1924 1923)
4(821 717 1848 1924)
4(627 730 1857 1782)
4(730 737 1863 1857)
4(737 634 1788 1863)
4(628 731 1858 1783)
4(731 730 1857 1858)
4(731 738 1864 1858)
4(738 737 1863 1864)
4(924 925 1997 1996)
4(925 914 1991 1997)
4(925 926 1998 1997)
4(926 915 1992 1998)
4(935 936 2005 2004)
4(936 925 1997 2005)
4(936 937 2006 2005)
4(937 926 1998 2006)
4(926 819 1922 1998)
4(926 927 1999 1998)
4(927 820 1923 1999)
4(927 938 2007 1999)
4(938 828 1929 2007)
4(828 820 1923 1929)
4(828 829 1930 1929)
4(829 821 1924 1930)
4(937 938 2007 2006)
4(946 947 2013 2012)
4(947 936 2005 2013)
4(947 948 2014 2013)
4(948 937 2006 2014)
4(957 958 2021 2020)
4(958 947 2013 2021)
4(958 959 2022 2021)
4(959 948 2014 2022)
4(938 949 2015 2007)
4(949 835 1934 2015)
4(835 828 1929 1934)
4(835 836 1935 1934)
4(836 829 1930 1935)
4(949 960 2023 2015)
4(960 842 1939 2023)
4(842 835 1934 1939)
4(842 843 1940 1939)
4(843 836 1935 1940)
4(948 949 2015 2014)
4(959 960 2023 2022)
4(717 724 1853 1848)
4(724 621 1777 1853)
4(829 724 1853 1930)
4(724 731 1858 1853)
4(836 731 1858 1935)
4(843 738 1864 1940)
4(639 742 1867 1791)
4(742 735 1861 1867)
4(640 743 1868 1792)
4(743 742 1867 1868)
4(736 743 1868 1862)
4(743 848 1943 1868)
4(848 841 1938 1943)
4(649 753 1874 1797)
4(753 744 1869 1874)
4(744 641 1793 1869)
4(744 743 1868 1869)
4(744 849 1944 1869)
4(849 848 1943 1944)
4(745 754 1875 1870)
4(754 859 1949 1875)
4(859 850 1945 1949)
4(850 745 1870 1945)
4(744 745 1870 1869)
4(850 849 1944 1945)
4(753 754 1875 1874)
4(650 754 1875 1798)
4(848 966 2026 1943)
4(966 955 2018 2026)
4(966 1086 2088 2026)
4(1086 1075 2084 2088)
4(849 967 2027 1944)
4(967 966 2026 2027)
4(859 979 2034 1949)
4(979 968 2028 2034)
4(968 850 1945 2028)
4(968 967 2027 2028)
4(1076 1087 2089 2085)
4(1087 967 2027 2089)
4(967 956 2019 2027)
4(968 957 2020 2028)
4(1087 1086 2088 2089)
4(737 746 1871 1863)
4(746 642 1794 1871)
4(746 757 1878 1871)
4(757 653 1801 1878)
4(737 842 1939 1863)
4(842 851 1946 1939)
4(851 746 1871 1946)
4(851 862 1952 1946)
4(862 757 1878 1952)
4(651 755 1876 1799)
4(755 754 1875 1876)
4(652 756 1877 1800)
4(756 755 1876 1877)
4(755 860 1950 1876)
4(860 859 1949 1950)
4(756 861 1951 1877)
4(861 860 1950 1951)
4(757 756 1877 1878)
4(862 861 1951 1952)
4(968 969 2029 2028)
4(969 958 2021 2029)
4(969 970 2030 2029)
4(970 959 2022 2030)
4(979 980 2035 2034)
4(980 969 2029 2035)
4(980 981 2036 2035)
4(981 970 2030 2036)
4(960 971 2031 2023)
4(971 851 1946 2031)
4(971 982 2037 2031)
4(982 862 1952 2037)
4(970 971 2031 2030)
4(981 982 2037 2036)
4(860 980 2035 1950)
4(861 981 2036 1951)
4(0 11 1302 1265)
4(11 12 1303 1302)
4(12 1 1268 1303)
4(1 0 1265 1268)
4(12 13 1304 1303)
4(13 2 1271 1304)
4(2 1 1268 1271)
4(13 14 1305 1304)
4(14 3 1274 1305)
4(3 2 1271 1274)
4(14 15 1306 1305)
4(15 4 1277 1306)
4(4 3 1274 1277)
4(15 16 1307 1306)
4(16 5 1280 1307)
4(5 4 1277 1280)
4(11 22 1317 1302)
4(22 23 1318 1317)
4(23 12 1303 1318)
4(22 33 1332 1317)
4(33 34 1333 1332)
4(34 23 1318 1333)
4(33 44 1347 1332)
4(44 45 1348 1347)
4(45 34 1333 1348)
4(44 55 1362 1347)
4(55 56 1363 1362)
4(56 45 1348 1363)
4(23 24 1319 1318)
4(24 13 1304 1319)
4(24 25 1320 1319)
4(25 14 1305 1320)
4(34 35 1334 1333)
4(35 24 1319 1334)
4(35 36 1335 1334)
4(36 25 1320 1335)
4(25 26 1321 1320)
4(26 15 1306 1321)
4(26 27 1322 1321)
4(27 16 1307 1322)
4(36 37 1336 1335)
4(37 26 1321 1336)
4(37 38 1337 1336)
4(38 27 1322 1337)
4(45 46 1349 1348)
4(46 35 1334 1349)
4(46 47 1350 1349)
4(47 36 1335 1350)
4(56 57 1364 1363)
4(57 46 1349 1364)
4(57 58 1365 1364)
4(58 47 1350 1365)
4(47 48 1351 1350)
4(48 37 1336 1351)
4(48 49 1352 1351)
4(49 38 1337 1352)
4(58 59 1366 1365)
4(59 48 1351 1366)
4(59 60 1367 1366)
4(60 49 1352 1367)
4(16 17 1308 1307)
4(17 6 1283 1308)
4(6 5 1280 1283)
4(17 18 1309 1308)
4(18 7 1286 1309)
4(7 6 1283 1286)
4(18 19 1310 1309)
4(19 8 1289 1310)
4(8 7 1286 1289)
4(19 20 1311 1310)
4(20 9 1292 1311)
4(9 8 1289 1292)
4(20 21 1314 1311)
4(21 10 1299 1314)
4(10 9 1292 1299)
4(27 28 1323 1322)
4(28 17 1308 1323)
4(28 29 1324 1323)
4(29 18 1309 1324)
4(38 39 1338 1337)
4(39 28 1323 1338)
4(39 40 1339 1338)
4(40 29 1324 1339)
4(29 30 1325 1324)
4(30 19 1310 1325)
4(30 31 1326 1325)
4(31 20 1311 1326)
4(40 41 1340 1339)
4(41 30 1325 1340)
4(41 42 1341 1340)
4(42 31 1326 1341)
4(49 50 1353 1352)
4(50 39 1338 1353)
4(50 51 1354 1353)
4(51 40 1339 1354)
4(60 61 1368 1367)
4(61 50 1353 1368)
4(61 62 1369 1368)
4(62 51 1354 1369)
4(51 52 1355 1354)
4(52 41 1340 1355)
4(52 53 1356 1355)
4(53 42 1341 1356)
4(62 63 1370 1369)
4(63 52 1355 1370)
4(63 64 1371 1370)
4(64 53 1356 1371)
4(31 32 1329 1326)
4(32 21 1314 1329)
4(42 43 1344 1341)
4(43 32 1329 1344)
4(53 54 1359 1356)
4(54 43 1344 1359)
4(64 65 1374 1371)
4(65 54 1359 1374)
4(55 66 1377 1362)
4(66 67 1378 1377)
4(67 56 1363 1378)
4(66 77 1392 1377)
4(77 78 1393 1392)
4(78 67 1378 1393)
4(77 88 1407 1392)
4(88 89 1408 1407)
4(89 78 1393 1408)
4(88 99 1422 1407)
4(99 100 1423 1422)
4(100 89 1408 1423)
4(67 68 1379 1378)
4(68 57 1364 1379)
4(68 69 1380 1379)
4(69 58 1365 1380)
4(78 79 1394 1393)
4(79 68 1379 1394)
4(79 80 1395 1394)
4(80 69 1380 1395)
4(69 70 1381 1380)
4(70 59 1366 1381)
4(70 71 1382 1381)
4(71 60 1367 1382)
4(80 81 1396 1395)
4(81 70 1381 1396)
4(81 82 1397 1396)
4(82 71 1382 1397)
4(89 90 1409 1408)
4(90 79 1394 1409)
4(90 91 1410 1409)
4(91 80 1395 1410)
4(100 101 1424 1423)
4(101 90 1409 1424)
4(101 102 1425 1424)
4(102 91 1410 1425)
4(91 92 1411 1410)
4(92 81 1396 1411)
4(92 93 1412 1411)
4(93 82 1397 1412)
4(102 103 1426 1425)
4(103 92 1411 1426)
4(103 104 1427 1426)
4(104 93 1412 1427)
4(99 110 1441 1422)
4(110 111 1444 1441)
4(111 100 1423 1444)
4(111 112 1447 1444)
4(112 101 1424 1447)
4(112 113 1450 1447)
4(113 102 1425 1450)
4(113 114 1453 1450)
4(114 103 1426 1453)
4(114 115 1456 1453)
4(115 104 1427 1456)
4(71 72 1383 1382)
4(72 61 1368 1383)
4(72 73 1384 1383)
4(73 62 1369 1384)
4(82 83 1398 1397)
4(83 72 1383 1398)
4(83 84 1399 1398)
4(84 73 1384 1399)
4(73 74 1385 1384)
4(74 63 1370 1385)
4(74 75 1386 1385)
4(75 64 1371 1386)
4(84 85 1400 1399)
4(85 74 1385 1400)
4(85 86 1401 1400)
4(86 75 1386 1401)
4(93 94 1413 1412)
4(94 83 1398 1413)
4(94 95 1414 1413)
4(95 84 1399 1414)
4(104 105 1428 1427)
4(105 94 1413 1428)
4(105 106 1429 1428)
4(106 95 1414 1429)
4(95 96 1415 1414)
4(96 85 1400 1415)
4(96 97 1416 1415)
4(97 86 1401 1416)
4(106 107 1430 1429)
4(107 96 1415 1430)
4(107 108 1431 1430)
4(108 97 1416 1431)
4(75 76 1389 1386)
4(76 65 1374 1389)
4(86 87 1404 1401)
4(87 76 1389 1404)
4(97 98 1419 1416)
4(98 87 1404 1419)
4(108 109 1434 1431)
4(109 98 1419 1434)
4(115 116 1459 1456)
4(116 105 1428 1459)
4(116 117 1462 1459)
4(117 106 1429 1462)
4(117 118 1465 1462)
4(118 107 1430 1465)
4(118 119 1468 1465)
4(119 108 1431 1468)
4(119 120 1475 1468)
4(120 109 1434 1475)
4(1138 1139 2121 2118)
4(1139 1150 2156 2121)
4(1150 1149 2155 2156)
4(1149 1138 2118 2155)
4(1139 1140 2124 2121)
4(1140 1151 2157 2124)
4(1151 1150 2156 2157)
4(1140 1141 2127 2124)
4(1141 1152 2158 2127)
4(1152 1151 2157 2158)
4(1141 1142 2130 2127)
4(1142 1153 2159 2130)
4(1153 1152 2158 2159)
4(1142 1143 2133 2130)
4(1143 1154 2160 2133)
4(1154 1153 2159 2160)
4(1150 1161 2171 2156)
4(1161 1160 2170 2171)
4(1160 1149 2155 2170)
4(1161 1172 2186 2171)
4(1172 1171 2185 2186)
4(1171 1160 2170 2185)
4(1172 1183 2201 2186)
4(1183 1182 2200 2201)
4(1182 1171 2185 2200)
4(1183 1194 2216 2201)
4(1194 1193 2215 2216)
4(1193 1182 2200 2215)
4(1151 1162 2172 2157)
4(1162 1161 2171 2172)
4(1152 1163 2173 2158)
4(1163 1162 2172 2173)
4(1162 1173 2187 2172)
4(1173 1172 2186 2187)
4(1163 1174 2188 2173)
4(1174 1173 2187 2188)
4(1153 1164 2174 2159)
4(1164 1163 2173 2174)
4(1154 1165 2175 2160)
4(1165 1164 2174 2175)
4(1164 1175 2189 2174)
4(1175 1174 2188 2189)
4(1165 1176 2190 2175)
4(1176 1175 2189 2190)
4(1173 1184 2202 2187)
4(1184 1183 2201 2202)
4(1174 1185 2203 2188)
4(1185 1184 2202 2203)
4(1184 1195 2217 2202)
4(1195 1194 2216 2217)
4(1185 1196 2218 2203)
4(1196 1195 2217 2218)
4(1175 1186 2204 2189)
4(1186 1185 2203 2204)
4(1176 1187 2205 2190)
4(1187 1186 2204 2205)
4(1186 1197 2219 2204)
4(1197 1196 2218 2219)
4(1187 1198 2220 2205)
4(1198 1197 2219 2220)
4(1143 1144 2136 2133)
4(1144 1155 2161 2136)
4(1155 1154 2160 2161)
4(1144 1145 2139 2136)
4(1145 1156 2162 2139)
4(1156 1155 2161 2162)
4(1145 1146 2142 2139)
4(1146 1157 2163 2142)
4(1157 1156 2162 2163)
4(1146 1147 2145 2142)
4(1147 1158 2164 2145)
4(1158 1157 2163 2164)
4(1147 1148 2152 2145)
4(1148 1159 2167 2152)
4(1159 1158 2164 2167)
4(1155 1166 2176 2161)
4(1166 1165 2175 2176)
4(1156 1167 2177 2162)
4(1167 1166 2176 2177)
4(1166 1177 2191 2176)
4(1177 1176 2190 2191)
4(1167 1178 2192 2177)
4(1178 1177 2191 2192)
4(1157 1168 2178 2163)
4(1168 1167 2177 2178)
4(1158 1169 2179 2164)
4(1169 1168 2178 2179)
4(1168 1179 2193 2178)
4(1179 1178 2192 2193)
4(1169 1180 2194 2179)
4(1180 1179 2193 2194)
4(1177 1188 2206 2191)
4(1188 1187 2205 2206)
4(1178 1189 2207 2192)
4(1189 1188 2206 2207)
4(1188 1199 2221 2206)
4(1199 1198 2220 2221)
4(1189 1200 2222 2207)
4(1200 1199 2221 2222)
4(1179 1190 2208 2193)
4(1190 1189 2207 2208)
4(1180 1191 2209 2194)
4(1191 1190 2208 2209)
4(1190 1201 2223 2208)
4(1201 1200 2222 2223)
4(1191 1202 2224 2209)
4(1202 1201 2223 2224)
4(1159 1170 2182 2167)
4(1170 1169 2179 2182)
4(1170 1181 2197 2182)
4(1181 1180 2194 2197)
4(1181 1192 2212 2197)
4(1192 1191 2209 2212)
4(1192 1203 2227 2212)
4(1203 1202 2224 2227)
4(1194 1205 2231 2216)
4(1205 1204 2230 2231)
4(1204 1193 2215 2230)
4(1205 1216 2246 2231)
4(1216 1215 2245 2246)
4(1215 1204 2230 2245)
4(1216 1227 2261 2246)
4(1227 1226 2260 2261)
4(1226 1215 2245 2260)
4(1227 1238 2276 2261)
4(1238 1237 2275 2276)
4(1237 1226 2260 2275)
4(1195 1206 2232 2217)
4(1206 1205 2231 2232)
4(1196 1207 2233 2218)
4(1207 1206 2232 2233)
4(1206 1217 2247 2232)
4(1217 1216 2246 2247)
4(1207 1218 2248 2233)
4(1218 1217 2247 2248)
4(1197 1208 2234 2219)
4(1208 1207 2233 2234)
4(1198 1209 2235 2220)
4(1209 1208 2234 2235)
4(1208 1219 2249 2234)
4(1219 1218 2248 2249)
4(1209 1220 2250 2235)
4(1220 1219 2249 2250)
4(1217 1228 2262 2247)
4(1228 1227 2261 2262)
4(1218 1229 2263 2248)
4(1229 1228 2262 2263)
4(1228 1239 2277 2262)
4(1239 1238 2276 2277)
4(1229 1240 2278 2263)
4(1240 1239 2277 2278)
4(1219 1230 2264 2249)
4(1230 1229 2263 2264)
4(1220 1231 2265 2250)
4(1231 1230 2264 2265)
4(1230 1241 2279 2264)
4(1241 1240 2278 2279)
4(1231 1242 2280 2265)
4(1242 1241 2279 2280)
4(1238 1249 2297 2276)
4(1249 1248 2294 2297)
4(1248 1237 2275 2294)
4(1239 1250 2300 2277)
4(1250 1249 2297 2300)
4(1240 1251 2303 2278)
4(1251 1250 2300 2303)
4(1241 1252 2306 2279)
4(1252 1251 2303 2306)
4(1242 1253 2309 2280)
4(1253 1252 2306 2309)
4(1199 1210 2236 2221)
4(1210 1209 2235 2236)
4(1200 1211 2237 2222)
4(1211 1210 2236 2237)
4(1210 1221 2251 2236)
4(1221 1220 2250 2251)
4(1211 1222 2252 2237)
4(1222 1221 2251 2252)
4(1201 1212 2238 2223)
4(1212 1211 2237 2238)
4(1202 1213 2239 2224)
4(1213 1212 2238 2239)
4(1212 1223 2253 2238)
4(1223 1222 2252 2253)
4(1213 1224 2254 2239)
4(1224 1223 2253 2254)
4(1221 1232 2266 2251)
4(1232 1231 2265 2266)
4(1222 1233 2267 2252)
4(1233 1232 2266 2267)
4(1232 1243 2281 2266)
4(1243 1242 2280 2281)
4(1233 1244 2282 2267)
4(1244 1243 2281 2282)
4(1223 1234 2268 2253)
4(1234 1233 2267 2268)
4(1224 1235 2269 2254)
4(1235 1234 2268 2269)
4(1234 1245 2283 2268)
4(1245 1244 2282 2283)
4(1235 1246 2284 2269)
4(1246 1245 2283 2284)
4(1203 1214 2242 2227)
4(1214 1213 2239 2242)
4(1214 1225 2257 2242)
4(1225 1224 2254 2257)
4(1225 1236 2272 2257)
4(1236 1235 2269 2272)
4(1236 1247 2287 2272)
4(1247 1246 2284 2287)
4(1243 1254 2312 2281)
4(1254 1253 2309 2312)
4(1244 1255 2315 2282)
4(1255 1254 2312 2315)
4(1245 1256 2318 2283)
4(1256 1255 2315 2318)
4(1246 1257 2321 2284)
4(1257 1256 2318 2321)
4(1247 1258 2328 2287)
4(1258 1257 2321 2328)
4(0 121 1478 1264)
4(121 132 1491 1478)
4(132 11 1301 1491)
4(11 0 1264 1301)
4(132 143 1493 1491)
4(143 22 1316 1493)
4(22 11 1301 1316)
4(143 154 1495 1493)
4(154 33 1331 1495)
4(33 22 1316 1331)
4(154 165 1497 1495)
4(165 44 1346 1497)
4(44 33 1331 1346)
4(165 176 1499 1497)
4(176 55 1361 1499)
4(55 44 1346 1361)
4(121 242 1526 1478)
4(242 253 1539 1526)
4(253 132 1491 1539)
4(242 362 1585 1526)
4(362 373 1598 1585)
4(373 253 1539 1598)
4(362 481 1670 1585)
4(481 492 1683 1670)
4(492 373 1598 1683)
4(481 585 1747 1670)
4(585 596 1760 1747)
4(596 492 1683 1760)
4(253 264 1541 1539)
4(264 143 1493 1541)
4(264 275 1546 1541)
4(275 154 1495 1546)
4(373 384 1604 1598)
4(384 264 1541 1604)
4(384 395 1612 1604)
4(395 275 1546 1612)
4(275 286 1551 1546)
4(286 165 1497 1551)
4(286 297 1556 1551)
4(297 176 1499 1556)
4(395 405 1619 1612)
4(405 286 1551 1619)
4(405 416 1627 1619)
4(416 297 1556 1627)
4(492 503 1689 1683)
4(503 384 1604 1689)
4(503 512 1696 1689)
4(512 395 1612 1696)
4(596 607 1767 1760)
4(607 503 1689 1767)
4(607 617 1775 1767)
4(617 512 1696 1775)
4(512 519 1701 1696)
4(519 405 1619 1701)
4(519 526 1707 1701)
4(526 416 1627 1707)
4(617 623 1779 1775)
4(623 519 1701 1779)
4(623 630 1785 1779)
4(630 526 1707 1785)
4(176 187 1501 1499)
4(187 66 1376 1501)
4(66 55 1361 1376)
4(187 198 1503 1501)
4(198 77 1391 1503)
4(77 66 1376 1391)
4(198 209 1505 1503)
4(209 88 1406 1505)
4(88 77 1391 1406)
4(209 220 1507 1505)
4(220 99 1421 1507)
4(99 88 1406 1421)
4(220 231 1511 1507)
4(231 110 1440 1511)
4(110 99 1421 1440)
4(297 308 1560 1556)
4(308 187 1501 1560)
4(308 319 1562 1560)
4(319 198 1503 1562)
4(416 427 1635 1627)
4(427 308 1560 1635)
4(427 438 1643 1635)
4(438 319 1562 1643)
4(319 330 1564 1562)
4(330 209 1505 1564)
4(330 340 1566 1564)
4(340 220 1507 1566)
4(438 449 1649 1643)
4(449 330 1564 1649)
4(449 459 1651 1649)
4(459 340 1566 1651)
4(526 533 1712 1707)
4(533 427 1635 1712)
4(533 542 1719 1712)
4(542 438 1643 1719)
4(630 637 1790 1785)
4(637 533 1712 1790)
4(637 645 1796 1790)
4(645 542 1719 1796)
4(542 553 1726 1719)
4(553 449 1649 1726)
4(553 563 1728 1726)
4(563 459 1651 1728)
4(645 656 1803 1796)
4(656 553 1726 1803)
4(656 666 1805 1803)
4(666 563 1728 1805)
4(340 351 1570 1566)
4(351 231 1511 1570)
4(459 470 1655 1651)
4(470 351 1570 1655)
4(563 574 1732 1728)
4(574 470 1655 1732)
4(666 677 1809 1805)
4(677 574 1732 1809)
4(585 688 1824 1747)
4(688 699 1837 1824)
4(699 596 1760 1837)
4(688 792 1901 1824)
4(792 803 1914 1901)
4(803 699 1837 1914)
4(792 897 1975 1901)
4(897 908 1988 1975)
4(908 803 1914 1988)
4(897 1017 2060 1975)
4(1017 1028 2073 2060)
4(1028 908 1988 2073)
4(699 710 1843 1837)
4(710 607 1767 1843)
4(710 719 1850 1843)
4(719 617 1775 1850)
4(803 814 1920 1914)
4(814 710 1843 1920)
4(814 823 1926 1920)
4(823 719 1850 1926)
4(719 726 1855 1850)
4(726 623 1779 1855)
4(726 733 1860 1855)
4(733 630 1785 1860)
4(823 831 1932 1926)
4(831 726 1855 1932)
4(831 838 1937 1932)
4(838 733 1860 1937)
4(908 919 1994 1988)
4(919 814 1920 1994)
4(919 930 2001 1994)
4(930 823 1926 2001)
4(1028 1039 2075 2073)
4(1039 919 1994 2075)
4(1039 1050 2077 2075)
4(1050 930 2001 2077)
4(930 941 2009 2001)
4(941 831 1932 2009)
4(941 952 2017 2009)
4(952 838 1937 2017)
4(1050 1061 2079 2077)
4(1061 941 2009 2079)
4(1061 1072 2083 2079)
4(1072 952 2017 2083)
4(1017 1138 2117 2060)
4(1138 1149 2154 2117)
4(1149 1028 2073 2154)
4(1149 1160 2169 2154)
4(1160 1039 2075 2169)
4(1160 1171 2184 2169)
4(1171 1050 2077 2184)
4(1171 1182 2199 2184)
4(1182 1061 2079 2199)
4(1182 1193 2214 2199)
4(1193 1072 2083 2214)
4(733 740 1866 1860)
4(740 637 1790 1866)
4(740 749 1873 1866)
4(749 645 1796 1873)
4(838 845 1942 1937)
4(845 740 1866 1942)
4(845 854 1948 1942)
4(854 749 1873 1948)
4(749 760 1880 1873)
4(760 656 1803 1880)
4(760 770 1882 1880)
4(770 666 1805 1882)
4(854 865 1954 1948)
4(865 760 1880 1954)
4(865 875 1956 1954)
4(875 770 1882 1956)
4(952 963 2025 2017)
4(963 845 1942 2025)
4(963 974 2033 2025)
4(974 854 1948 2033)
4(1072 1083 2087 2083)
4(1083 963 2025 2087)
4(1083 1094 2091 2087)
4(1094 974 2033 2091)
4(974 985 2039 2033)
4(985 865 1954 2039)
4(985 995 2041 2039)
4(995 875 1956 2041)
4(1094 1105 2093 2091)
4(1105 985 2039 2093)
4(1105 1116 2095 2093)
4(1116 995 2041 2095)
4(770 781 1886 1882)
4(781 677 1809 1886)
4(875 886 1960 1956)
4(886 781 1886 1960)
4(995 1006 2045 2041)
4(1006 886 1960 2045)
4(1116 1127 2099 2095)
4(1127 1006 2045 2099)
4(1193 1204 2229 2214)
4(1204 1083 2087 2229)
4(1204 1215 2244 2229)
4(1215 1094 2091 2244)
4(1215 1226 2259 2244)
4(1226 1105 2093 2259)
4(1226 1237 2274 2259)
4(1237 1116 2095 2274)
4(1237 1248 2293 2274)
4(1248 1127 2099 2293)
4(10 21 1313 1298)
4(21 142 1492 1313)
4(142 131 1490 1492)
4(131 10 1298 1490)
4(21 32 1328 1313)
4(32 153 1494 1328)
4(153 142 1492 1494)
4(32 43 1343 1328)
4(43 164 1496 1343)
4(164 153 1494 1496)
4(43 54 1358 1343)
4(54 175 1498 1358)
4(175 164 1496 1498)
4(54 65 1373 1358)
4(65 186 1500 1373)
4(186 175 1498 1500)
4(142 263 1540 1492)
4(263 252 1538 1540)
4(252 131 1490 1538)
4(263 383 1603 1540)
4(383 372 1597 1603)
4(372 252 1538 1597)
4(383 502 1688 1603)
4(502 491 1682 1688)
4(491 372 1597 1682)
4(502 606 1766 1688)
4(606 595 1759 1766)
4(595 491 1682 1759)
4(153 274 1545 1494)
4(274 263 1540 1545)
4(164 285 1550 1496)
4(285 274 1545 1550)
4(274 394 1611 1545)
4(394 383 1603 1611)
4(285 404 1618 1550)
4(404 394 1611 1618)
4(175 296 1555 1498)
4(296 285 1550 1555)
4(186 307 1559 1500)
4(307 296 1555 1559)
4(296 415 1626 1555)
4(415 404 1618 1626)
4(307 426 1634 1559)
4(426 415 1626 1634)
4(394 511 1695 1611)
4(511 502 1688 1695)
4(404 518 1700 1618)
4(518 511 1695 1700)
4(511 616 1774 1695)
4(616 606 1766 1774)
4(518 622 1778 1700)
4(622 616 1774 1778)
4(415 525 1706 1626)
4(525 518 1700 1706)
4(426 532 1711 1634)
4(532 525 1706 1711)
4(525 629 1784 1706)
4(629 622 1778 1784)
4(532 636 1789 1711)
4(636 629 1784 1789)
4(65 76 1388 1373)
4(76 197 1502 1388)
4(197 186 1500 1502)
4(76 87 1403 1388)
4(87 208 1504 1403)
4(208 197 1502 1504)
4(87 98 1418 1403)
4(98 219 1506 1418)
4(219 208 1504 1506)
4(98 109 1433 1418)
4(109 230 1508 1433)
4(230 219 1506 1508)
4(109 120 1474 1433)
4(120 241 1523 1474)
4(241 230 1508 1523)
4(197 318 1561 1502)
4(318 307 1559 1561)
4(208 329 1563 1504)
4(329 318 1561 1563)
4(318 437 1642 1561)
4(437 426 1634 1642)
4(329 448 1648 1563)
4(448 437 1642 1648)
4(219 339 1565 1506)
4(339 329 1563 1565)
4(230 350 1567 1508)
4(350 339 1565 1567)
4(339 458 1650 1565)
4(458 448 1648 1650)
4(350 469 1652 1567)
4(469 458 1650 1652)
4(437 541 1718 1642)
4(541 532 1711 1718)
4(448 552 1725 1648)
4(552 541 1718 1725)
4(541 644 1795 1718)
4(644 636 1789 1795)
4(552 655 1802 1725)
4(655 644 1795 1802)
4(458 562 1727 1650)
4(562 552 1725 1727)
4(469 573 1729 1652)
4(573 562 1727 1729)
4(562 665 1804 1727)
4(665 655 1802 1804)
4(573 676 1806 1729)
4(676 665 1804 1806)
4(241 361 1582 1523)
4(361 350 1567 1582)
4(361 480 1667 1582)
4(480 469 1652 1667)
4(480 584 1744 1667)
4(584 573 1729 1744)
4(584 687 1821 1744)
4(687 676 1806 1821)
4(606 709 1842 1766)
4(709 698 1836 1842)
4(698 595 1759 1836)
4(709 813 1919 1842)
4(813 802 1913 1919)
4(802 698 1836 1913)
4(813 918 1993 1919)
4(918 907 1987 1993)
4(907 802 1913 1987)
4(918 1038 2074 1993)
4(1038 1027 2072 2074)
4(1027 907 1987 2072)
4(616 718 1849 1774)
4(718 709 1842 1849)
4(622 725 1854 1778)
4(725 718 1849 1854)
4(718 822 1925 1849)
4(822 813 1919 1925)
4(725 830 1931 1854)
4(830 822 1925 1931)
4(629 732 1859 1784)
4(732 725 1854 1859)
4(636 739 1865 1789)
4(739 732 1859 1865)
4(732 837 1936 1859)
4(837 830 1931 1936)
4(739 844 1941 1865)
4(844 837 1936 1941)
4(822 929 2000 1925)
4(929 918 1993 2000)
4(830 940 2008 1931)
4(940 929 2000 2008)
4(929 1049 2076 2000)
4(1049 1038 2074 2076)
4(940 1060 2078 2008)
4(1060 1049 2076 2078)
4(837 951 2016 1936)
4(951 940 2008 2016)
4(844 962 2024 1941)
4(962 951 2016 2024)
4(951 1071 2082 2016)
4(1071 1060 2078 2082)
4(962 1082 2086 2024)
4(1082 1071 2082 2086)
4(1038 1159 2166 2074)
4(1159 1148 2151 2166)
4(1148 1027 2072 2151)
4(1049 1170 2181 2076)
4(1170 1159 2166 2181)
4(1060 1181 2196 2078)
4(1181 1170 2181 2196)
4(1071 1192 2211 2082)
4(1192 1181 2196 2211)
4(1082 1203 2226 2086)
4(1203 1192 2211 2226)
4(644 748 1872 1795)
4(748 739 1865 1872)
4(655 759 1879 1802)
4(759 748 1872 1879)
4(748 853 1947 1872)
4(853 844 1941 1947)
4(759 864 1953 1879)
4(864 853 1947 1953)
4(665 769 1881 1804)
4(769 759 1879 1881)
4(676 780 1883 1806)
4(780 769 1881 1883)
4(769 874 1955 1881)
4(874 864 1953 1955)
4(780 885 1957 1883)
4(885 874 1955 1957)
4(853 973 2032 1947)
4(973 962 2024 2032)
4(864 984 2038 1953)
4(984 973 2032 2038)
4(973 1093 2090 2032)
4(1093 1082 2086 2090)
4(984 1104 2092 2038)
4(1104 1093 2090 2092)
4(874 994 2040 1955)
4(994 984 2038 2040)
4(885 1005 2042 1957)
4(1005 994 2040 2042)
4(994 1115 2094 2040)
4(1115 1104 2092 2094)
4(1005 1126 2096 2042)
4(1126 1115 2094 2096)
4(687 791 1898 1821)
4(791 780 1883 1898)
4(791 896 1972 1898)
4(896 885 1957 1972)
4(896 1016 2057 1972)
4(1016 1005 2042 2057)
4(1016 1137 2111 2057)
4(1137 1126 2096 2111)
4(1093 1214 2241 2090)
4(1214 1203 2226 2241)
4(1104 1225 2256 2092)
4(1225 1214 2241 2256)
4(1115 1236 2271 2094)
4(1236 1225 2256 2271)
4(1126 1247 2286 2096)
4(1247 1236 2271 2286)
4(1137 1258 2327 2111)
4(1258 1247 2286 2327)
4(0 1 1267 1263)
4(1 122 1479 1267)
4(122 121 1477 1479)
4(121 0 1263 1477)
4(1 2 1270 1267)
4(2 123 1480 1270)
4(123 122 1479 1480)
4(2 3 1273 1270)
4(3 124 1481 1273)
4(124 123 1480 1481)
4(3 4 1276 1273)
4(4 125 1482 1276)
4(125 124 1481 1482)
4(4 5 1279 1276)
4(5 126 1483 1279)
4(126 125 1482 1483)
4(122 243 1527 1479)
4(243 242 1525 1527)
4(242 121 1477 1525)
4(243 363 1586 1527)
4(363 362 1584 1586)
4(362 242 1525 1584)
4(363 482 1671 1586)
4(482 481 1669 1671)
4(481 362 1584 1669)
4(482 586 1748 1671)
4(586 585 1746 1748)
4(585 481 1669 1746)
4(123 244 1528 1480)
4(244 243 1527 1528)
4(124 245 1529 1481)
4(245 244 1528 1529)
4(244 364 1587 1528)
4(364 363 1586 1587)
4(245 365 1588 1529)
4(365 364 1587 1588)
4(125 246 1530 1482)
4(246 245 1529 1530)
4(126 247 1531 1483)
4(247 246 1530 1531)
4(246 366 1589 1530)
4(366 365 1588 1589)
4(247 367 1590 1531)
4(367 366 1589 1590)
4(364 483 1672 1587)
4(483 482 1671 1672)
4(365 484 1673 1588)
4(484 483 1672 1673)
4(483 587 1749 1672)
4(587 586 1748 1749)
4(484 588 1750 1673)
4(588 587 1749 1750)
4(366 485 1674 1589)
4(485 484 1673 1674)
4(367 486 1675 1590)
4(486 485 1674 1675)
4(485 589 1751 1674)
4(589 588 1750 1751)
4(486 590 1752 1675)
4(590 589 1751 1752)
4(5 6 1282 1279)
4(6 127 1484 1282)
4(127 126 1483 1484)
4(6 7 1285 1282)
4(7 128 1485 1285)
4(128 127 1484 1485)
4(7 8 1288 1285)
4(8 129 1486 1288)
4(129 128 1485 1486)
4(8 9 1291 1288)
4(9 130 1487 1291)
4(130 129 1486 1487)
4(9 10 1297 1291)
4(10 131 1489 1297)
4(131 130 1487 1489)
4(127 248 1532 1484)
4(248 247 1531 1532)
4(128 249 1533 1485)
4(249 248 1532 1533)
4(248 368 1591 1532)
4(368 367 1590 1591)
4(249 369 1592 1533)
4(369 368 1591 1592)
4(129 250 1534 1486)
4(250 249 1533 1534)
4(130 251 1535 1487)
4(251 250 1534 1535)
4(250 370 1593 1534)
4(370 369 1592 1593)
4(251 371 1594 1535)
4(371 370 1593 1594)
4(368 487 1676 1591)
4(487 486 1675 1676)
4(369 488 1677 1592)
4(488 487 1676 1677)
4(487 591 1753 1676)
4(591 590 1752 1753)
4(488 592 1754 1677)
4(592 591 1753 1754)
4(370 489 1678 1593)
4(489 488 1677 1678)
4(371 490 1679 1594)
4(490 489 1678 1679)
4(489 593 1755 1678)
4(593 592 1754 1755)
4(490 594 1756 1679)
4(594 593 1755 1756)
4(131 252 1537 1489)
4(252 251 1535 1537)
4(252 372 1596 1537)
4(372 371 1594 1596)
4(372 491 1681 1596)
4(491 490 1679 1681)
4(491 595 1758 1681)
4(595 594 1756 1758)
4(110 231 1510 1439)
4(231 232 1512 1510)
4(232 111 1443 1512)
4(111 110 1439 1443)
4(232 233 1513 1512)
4(233 112 1446 1513)
4(112 111 1443 1446)
4(233 234 1514 1513)
4(234 113 1449 1514)
4(113 112 1446 1449)
4(234 235 1515 1514)
4(235 114 1452 1515)
4(114 113 1449 1452)
4(235 236 1516 1515)
4(236 115 1455 1516)
4(115 114 1452 1455)
4(231 351 1569 1510)
4(351 352 1571 1569)
4(352 232 1512 1571)
4(351 470 1654 1569)
4(470 471 1656 1654)
4(471 352 1571 1656)
4(470 574 1731 1654)
4(574 575 1733 1731)
4(575 471 1656 1733)
4(574 677 1808 1731)
4(677 678 1810 1808)
4(678 575 1733 1810)
4(352 353 1572 1571)
4(353 233 1513 1572)
4(353 354 1573 1572)
4(354 234 1514 1573)
4(471 472 1657 1656)
4(472 353 1572 1657)
4(472 473 1658 1657)
4(473 354 1573 1658)
4(354 355 1574 1573)
4(355 235 1515 1574)
4(355 356 1575 1574)
4(356 236 1516 1575)
4(473 474 1659 1658)
4(474 355 1574 1659)
4(474 475 1660 1659)
4(475 356 1575 1660)
4(575 576 1734 1733)
4(576 472 1657 1734)
4(576 577 1735 1734)
4(577 473 1658 1735)
4(678 679 1811 1810)
4(679 576 1734 1811)
4(679 680 1812 1811)
4(680 577 1735 1812)
4(577 578 1736 1735)
4(578 474 1659 1736)
4(578 579 1737 1736)
4(579 475 1660 1737)
4(680 681 1813 1812)
4(681 578 1736 1813)
4(681 682 1814 1813)
4(682 579 1737 1814)
4(236 237 1517 1516)
4(237 116 1458 1517)
4(116 115 1455 1458)
4(237 238 1518 1517)
4(238 117 1461 1518)
4(117 116 1458 1461)
4(238 239 1519 1518)
4(239 118 1464 1519)
4(118 117 1461 1464)
4(239 240 1520 1519)
4(240 119 1467 1520)
4(119 118 1464 1467)
4(240 241 1522 1520)
4(241 120 1473 1522)
4(120 119 1467 1473)
4(356 357 1576 1575)
4(357 237 1517 1576)
4(357 358 1577 1576)
4(358 238 1518 1577)
4(475 476 1661 1660)
4(476 357 1576 1661)
4(476 477 1662 1661)
4(477 358 1577 1662)
4(358 359 1578 1577)
4(359 239 1519 1578)
4(359 360 1579 1578)
4(360 240 1520 1579)
4(477 478 1663 1662)
4(478 359 1578 1663)
4(478 479 1664 1663)
4(479 360 1579 1664)
4(579 580 1738 1737)
4(580 476 1661 1738)
4(580 581 1739 1738)
4(581 477 1662 1739)
4(682 683 1815 1814)
4(683 580 1738 1815)
4(683 684 1816 1815)
4(684 581 1739 1816)
4(581 582 1740 1739)
4(582 478 1663 1740)
4(582 583 1741 1740)
4(583 479 1664 1741)
4(684 685 1817 1816)
4(685 582 1740 1817)
4(685 686 1818 1817)
4(686 583 1741 1818)
4(360 361 1581 1579)
4(361 241 1522 1581)
4(479 480 1666 1664)
4(480 361 1581 1666)
4(583 584 1743 1741)
4(584 480 1666 1743)
4(686 687 1820 1818)
4(687 584 1743 1820)
4(586 689 1825 1748)
4(689 688 1823 1825)
4(688 585 1746 1823)
4(689 793 1902 1825)
4(793 792 1900 1902)
4(792 688 1823 1900)
4(793 898 1976 1902)
4(898 897 1974 1976)
4(897 792 1900 1974)
4(898 1018 2061 1976)
4(1018 1017 2059 2061)
4(1017 897 1974 2059)
4(587 690 1826 1749)
4(690 689 1825 1826)
4(588 691 1827 1750)
4(691 690 1826 1827)
4(690 794 1903 1826)
4(794 793 1902 1903)
4(691 795 1904 1827)
4(795 794 1903 1904)
4(589 692 1828 1751)
4(692 691 1827 1828)
4(590 693 1829 1752)
4(693 692 1828 1829)
4(692 796 1905 1828)
4(796 795 1904 1905)
4(693 797 1906 1829)
4(797 796 1905 1906)
4(794 899 1977 1903)
4(899 898 1976 1977)
4(795 900 1978 1904)
4(900 899 1977 1978)
4(899 1019 2062 1977)
4(1019 1018 2061 2062)
4(900 1020 2063 1978)
4(1020 1019 2062 2063)
4(796 901 1979 1905)
4(901 900 1978 1979)
4(797 902 1980 1906)
4(902 901 1979 1980)
4(901 1021 2064 1979)
4(1021 1020 2063 2064)
4(902 1022 2065 1980)
4(1022 1021 2064 2065)
4(1018 1139 2120 2061)
4(1139 1138 2116 2120)
4(1138 1017 2059 2116)
4(1019 1140 2123 2062)
4(1140 1139 2120 2123)
4(1020 1141 2126 2063)
4(1141 1140 2123 2126)
4(1021 1142 2129 2064)
4(1142 1141 2126 2129)
4(1022 1143 2132 2065)
4(1143 1142 2129 2132)
4(591 694 1830 1753)
4(694 693 1829 1830)
4(592 695 1831 1754)
4(695 694 1830 1831)
4(694 798 1907 1830)
4(798 797 1906 1907)
4(695 799 1908 1831)
4(799 798 1907 1908)
4(593 696 1832 1755)
4(696 695 1831 1832)
4(594 697 1833 1756)
4(697 696 1832 1833)
4(696 800 1909 1832)
4(800 799 1908 1909)
4(697 801 1910 1833)
4(801 800 1909 1910)
4(798 903 1981 1907)
4(903 902 1980 1981)
4(799 904 1982 1908)
4(904 903 1981 1982)
4(903 1023 2066 1981)
4(1023 1022 2065 2066)
4(904 1024 2067 1982)
4(1024 1023 2066 2067)
4(800 905 1983 1909)
4(905 904 1982 1983)
4(801 906 1984 1910)
4(906 905 1983 1984)
4(905 1025 2068 1983)
4(1025 1024 2067 2068)
4(906 1026 2069 1984)
4(1026 1025 2068 2069)
4(595 698 1835 1758)
4(698 697 1833 1835)
4(698 802 1912 1835)
4(802 801 1910 1912)
4(802 907 1986 1912)
4(907 906 1984 1986)
4(907 1027 2071 1986)
4(1027 1026 2069 2071)
4(1023 1144 2135 2066)
4(1144 1143 2132 2135)
4(1024 1145 2138 2067)
4(1145 1144 2135 2138)
4(1025 1146 2141 2068)
4(1146 1145 2138 2141)
4(1026 1147 2144 2069)
4(1147 1146 2141 2144)
4(1027 1148 2150 2071)
4(1148 1147 2144 2150)
4(677 781 1885 1808)
4(781 782 1887 1885)
4(782 678 1810 1887)
4(781 886 1959 1885)
4(886 887 1961 1959)
4(887 782 1887 1961)
4(886 1006 2044 1959)
4(1006 1007 2046 2044)
4(1007 887 1961 2046)
4(1006 1127 2098 2044)
4(1127 1128 2100 2098)
4(1128 1007 2046 2100)
4(782 783 1888 1887)
4(783 679 1811 1888)
4(783 784 1889 1888)
4(784 680 1812 1889)
4(887 888 1962 1961)
4(888 783 1888 1962)
4(888 889 1963 1962)
4(889 784 1889 1963)
4(784 785 1890 1889)
4(785 681 1813 1890)
4(785 786 1891 1890)
4(786 682 1814 1891)
4(889 890 1964 1963)
4(890 785 1890 1964)
4(890 891 1965 1964)
4(891 786 1891 1965)
4(1007 1008 2047 2046)
4(1008 888 1962 2047)
4(1008 1009 2048 2047)
4(1009 889 1963 2048)
4(1128 1129 2101 2100)
4(1129 1008 2047 2101)
4(1129 1130 2102 2101)
4(1130 1009 2048 2102)
4(1009 1010 2049 2048)
4(1010 890 1964 2049)
4(1010 1011 2050 2049)
4(1011 891 1965 2050)
4(1130 1131 2103 2102)
4(1131 1010 2049 2103)
4(1131 1132 2104 2103)
4(1132 1011 2050 2104)
4(1127 1248 2292 2098)
4(1248 1249 2296 2292)
4(1249 1128 2100 2296)
4(1249 1250 2299 2296)
4(1250 1129 2101 2299)
4(1250 1251 2302 2299)
4(1251 1130 2102 2302)
4(1251 1252 2305 2302)
4(1252 1131 2103 2305)
4(1252 1253 2308 2305)
4(1253 1132 2104 2308)
4(786 787 1892 1891)
4(787 683 1815 1892)
4(787 788 1893 1892)
4(788 684 1816 1893)
4(891 892 1966 1965)
4(892 787 1892 1966)
4(892 893 1967 1966)
4(893 788 1893 1967)
4(788 789 1894 1893)
4(789 685 1817 1894)
4(789 790 1895 1894)
4(790 686 1818 1895)
4(893 894 1968 1967)
4(894 789 1894 1968)
4(894 895 1969 1968)
4(895 790 1895 1969)
4(1011 1012 2051 2050)
4(1012 892 1966 2051)
4(1012 1013 2052 2051)
4(1013 893 1967 2052)
4(1132 1133 2105 2104)
4(1133 1012 2051 2105)
4(1133 1134 2106 2105)
4(1134 1013 2052 2106)
4(1013 1014 2053 2052)
4(1014 894 1968 2053)
4(1014 1015 2054 2053)
4(1015 895 1969 2054)
4(1134 1135 2107 2106)
4(1135 1014 2053 2107)
4(1135 1136 2108 2107)
4(1136 1015 2054 2108)
4(790 791 1897 1895)
4(791 687 1820 1897)
4(895 896 1971 1969)
4(896 791 1897 1971)
4(1015 1016 2056 2054)
4(1016 896 1971 2056)
4(1136 1137 2110 2108)
4(1137 1016 2056 2110)
4(1253 1254 2311 2308)
4(1254 1133 2105 2311)
4(1254 1255 2314 2311)
4(1255 1134 2106 2314)
4(1255 1256 2317 2314)
4(1256 1135 2107 2317)
4(1256 1257 2320 2317)
4(1257 1136 2108 2320)
4(1257 1258 2326 2320)
4(1258 1137 2110 2326)
4(11 1302 1300 1301)
4(0 1264 1262 1265)
4(1267 1266 1268 1)
4(1265 1261 1263 0)
4(1270 1269 1271 2)
4(1273 1272 1274 3)
4(1276 1275 1277 4)
4(1279 1278 1280 5)
4(22 1317 1315 1316)
4(33 1332 1330 1331)
4(44 1347 1345 1346)
4(55 1362 1360 1361)
4(1282 1281 1283 6)
4(1285 1284 1286 7)
4(1288 1287 1289 8)
4(1291 1290 1292 9)
4(1313 1312 1314 21)
4(1299 1296 1298 10)
4(1297 1295 1299 10)
4(1328 1327 1329 32)
4(1343 1342 1344 43)
4(1358 1357 1359 54)
4(1373 1372 1374 65)
4(66 1377 1375 1376)
4(77 1392 1390 1391)
4(88 1407 1405 1406)
4(99 1422 1420 1421)
4(110 1441 1438 1440)
4(111 1444 1442 1443)
4(110 1439 1437 1441)
4(112 1447 1445 1446)
4(113 1450 1448 1449)
4(114 1453 1451 1452)
4(115 1456 1454 1455)
4(1388 1387 1389 76)
4(1403 1402 1404 87)
4(1418 1417 1419 98)
4(1433 1432 1434 109)
4(116 1459 1457 1458)
4(117 1462 1460 1461)
4(118 1465 1463 1464)
4(119 1468 1466 1467)
4(120 1475 1471 1473)
4(1474 1472 1475 120)
4(1139 2121 2119 2120)
4(1138 2116 2114 2118)
4(2154 2153 2155 1149)
4(2118 2115 2117 1138)
4(1140 2124 2122 2123)
4(1141 2127 2125 2126)
4(1142 2130 2128 2129)
4(1143 2133 2131 2132)
4(2169 2168 2170 1160)
4(2184 2183 2185 1171)
4(2199 2198 2200 1182)
4(2214 2213 2215 1193)
4(1144 2136 2134 2135)
4(1145 2139 2137 2138)
4(1146 2142 2140 2141)
4(1147 2145 2143 2144)
4(1148 2152 2148 2150)
4(1159 2167 2165 2166)
4(1148 2151 2149 2152)
4(1170 2182 2180 2181)
4(1181 2197 2195 2196)
4(1192 2212 2210 2211)
4(1203 2227 2225 2226)
4(2229 2228 2230 1204)
4(2244 2243 2245 1215)
4(2259 2258 2260 1226)
4(2274 2273 2275 1237)
4(2296 2295 2297 1249)
4(2294 2290 2292 1248)
4(2293 2291 2294 1248)
4(2299 2298 2300 1250)
4(2302 2301 2303 1251)
4(2305 2304 2306 1252)
4(2308 2307 2309 1253)
4(1214 2242 2240 2241)
4(1225 2257 2255 2256)
4(1236 2272 2270 2271)
4(1247 2287 2285 2286)
4(2311 2310 2312 1254)
4(2314 2313 2315 1255)
4(2317 2316 2318 1256)
4(2320 2319 2321 1257)
4(1258 2328 2325 2327)
4(2326 2324 2328 1258)
4(121 1478 1476 1477)
4(0 1263 1260 1264)
4(242 1526 1524 1525)
4(362 1585 1583 1584)
4(481 1670 1668 1669)
4(585 1747 1745 1746)
4(1510 1509 1511 231)
4(1440 1436 1439 110)
4(1569 1568 1570 351)
4(1654 1653 1655 470)
4(1731 1730 1732 574)
4(1808 1807 1809 677)
4(688 1824 1822 1823)
4(792 1901 1899 1900)
4(897 1975 1973 1974)
4(1017 2060 2058 2059)
4(1138 2117 2113 2116)
4(1885 1884 1886 781)
4(1959 1958 1960 886)
4(2044 2043 2045 1006)
4(2098 2097 2099 1127)
4(2292 2289 2293 1248)
4(1489 1488 1490 131)
4(1298 1294 1297 10)
4(1537 1536 1538 252)
4(1596 1595 1597 372)
4(1681 1680 1682 491)
4(1758 1757 1759 595)
4(241 1523 1521 1522)
4(120 1473 1470 1474)
4(361 1582 1580 1581)
4(480 1667 1665 1666)
4(584 1744 1742 1743)
4(687 1821 1819 1820)
4(1835 1834 1836 698)
4(1912 1911 1913 802)
4(1986 1985 1987 907)
4(2071 2070 2072 1027)
4(2150 2147 2151 1148)
4(791 1898 1896 1897)
4(896 1972 1970 1971)
4(1016 2057 2055 2056)
4(1137 2111 2109 2110)
4(1258 2327 2323 2326)
4(1599 1684 1685 1600)
4(1600 1685 1686 1601)
4(1684 1761 1762 1685)
4(1685 1762 1763 1686)
4(1599 1600 1606 1605)
4(1600 1601 1607 1606)
4(1605 1606 1614 1613)
4(1606 1607 1615 1614)
4(1613 1614 1621 1620)
4(1614 1615 1622 1621)
4(1620 1621 1629 1628)
4(1621 1622 1630 1629)
4(1599 1605 1690 1684)
4(1605 1613 1697 1690)
4(1684 1690 1768 1761)
4(1690 1697 1776 1768)
4(1613 1620 1703 1697)
4(1620 1628 1709 1703)
4(1702 1703 1709 1708)
4(1697 1703 1781 1776)
4(1702 1780 1781 1703)
4(1702 1708 1786 1780)
4(1601 1686 1687 1602)
4(1686 1763 1764 1687)
4(1542 1543 1548 1547)
4(1601 1602 1608 1607)
4(1542 1608 1609 1543)
4(1542 1547 1616 1608)
4(1607 1608 1616 1615)
4(1543 1544 1549 1548)
4(1543 1609 1610 1544)
4(1544 1610 1617 1549)
4(1547 1548 1553 1552)
4(1547 1552 1623 1616)
4(1615 1616 1623 1622)
4(1622 1623 1631 1630)
4(1553 1557 1632 1624)
4(1552 1553 1624 1623)
4(1623 1624 1632 1631)
4(1548 1549 1554 1553)
4(1553 1554 1558 1557)
4(1549 1617 1625 1554)
4(1554 1625 1633 1558)
4(1602 1687 1691 1608)
4(1608 1691 1692 1609)
4(1687 1764 1770 1691)
4(1691 1770 1771 1692)
4(1764 1765 1771 1770)
4(1609 1692 1693 1610)
4(1610 1693 1698 1617)
4(1693 1694 1699 1698)
4(1692 1771 1772 1693)
4(1693 1772 1773 1694)
4(1617 1698 1704 1625)
4(1698 1699 1705 1704)
4(1625 1704 1710 1633)
4(1704 1782 1788 1710)
4(1704 1705 1783 1782)
4(1694 1773 1777 1699)
4(1699 1777 1783 1705)
4(1628 1629 1637 1636)
4(1629 1630 1638 1637)
4(1637 1638 1645 1644)
4(1628 1636 1714 1709)
4(1708 1709 1714 1713)
4(1708 1713 1791 1786)
4(1713 1714 1792 1791)
4(1637 1644 1720 1715)
4(1636 1637 1715 1714)
4(1715 1720 1797 1793)
4(1714 1715 1793 1792)
4(1644 1645 1721 1720)
4(1720 1721 1798 1797)
4(1630 1631 1639 1638)
4(1631 1632 1640 1639)
4(1638 1639 1646 1645)
4(1639 1640 1647 1646)
4(1557 1558 1633 1632)
4(1632 1633 1641 1640)
4(1633 1710 1717 1641)
4(1640 1716 1723 1647)
4(1640 1641 1717 1716)
4(1716 1717 1724 1723)
4(1710 1788 1794 1717)
4(1717 1794 1801 1724)
4(1645 1646 1722 1721)
4(1646 1647 1723 1722)
4(1721 1722 1799 1798)
4(1722 1723 1800 1799)
4(1723 1724 1801 1800)
4(1762 1838 1839 1763)
4(1838 1915 1916 1839)
4(1915 1989 1990 1916)
4(1768 1776 1851 1844)
4(1762 1769 1845 1838)
4(1768 1844 1845 1769)
4(1761 1768 1769 1762)
4(1838 1845 1921 1915)
4(1845 1852 1928 1921)
4(1851 1927 1928 1852)
4(1844 1851 1852 1845)
4(1776 1781 1856 1851)
4(1781 1787 1862 1856)
4(1786 1861 1862 1787)
4(1780 1786 1787 1781)
4(1851 1856 1933 1927)
4(1856 1862 1938 1933)
4(1915 1921 1995 1989)
4(1921 1928 2003 1995)
4(1927 2002 2003 1928)
4(1989 1995 1996 1990)
4(1995 2003 2004 1996)
4(1927 1933 2010 2002)
4(1933 1938 2018 2010)
4(2010 2018 2084 2080)
4(2010 2080 2081 2011)
4(2002 2010 2011 2003)
4(2003 2011 2012 2004)
4(2011 2081 2085 2019)
4(2011 2019 2020 2012)
4(2080 2084 2085 2081)
4(1763 1839 1840 1764)
4(1764 1840 1841 1765)
4(1839 1916 1917 1840)
4(1840 1917 1918 1841)
4(1916 1990 1991 1917)
4(1917 1991 1992 1918)
4(1765 1841 1846 1771)
4(1771 1846 1847 1772)
4(1772 1847 1848 1773)
4(1841 1918 1922 1846)
4(1846 1922 1923 1847)
4(1847 1923 1924 1848)
4(1782 1857 1863 1788)
4(1782 1783 1858 1857)
4(1857 1858 1864 1863)
4(1990 1996 1997 1991)
4(1991 1997 1998 1992)
4(1996 2004 2005 1997)
4(1997 2005 2006 1998)
4(1918 1992 1998 1922)
4(1922 1998 1999 1923)
4(1923 1999 2007 1929)
4(1923 1929 1930 1924)
4(1998 2006 2007 1999)
4(2004 2012 2013 2005)
4(2005 2013 2014 2006)
4(2012 2020 2021 2013)
4(2013 2021 2022 2014)
4(1929 2007 2015 1934)
4(1929 1934 1935 1930)
4(1934 2015 2023 1939)
4(1934 1939 1940 1935)
4(2006 2014 2015 2007)
4(2014 2022 2023 2015)
4(1773 1848 1853 1777)
4(1848 1924 1930 1853)
4(1777 1853 1858 1783)
4(1853 1930 1935 1858)
4(1858 1935 1940 1864)
4(1786 1791 1867 1861)
4(1791 1792 1868 1867)
4(1862 1868 1943 1938)
4(1861 1867 1868 1862)
4(1793 1797 1874 1869)
4(1792 1793 1869 1868)
4(1868 1869 1944 1943)
4(1870 1875 1949 1945)
4(1869 1870 1945 1944)
4(1869 1874 1875 1870)
4(1797 1798 1875 1874)
4(1938 1943 2026 2018)
4(2018 2026 2088 2084)
4(1943 1944 2027 2026)
4(1945 1949 2034 2028)
4(1944 1945 2028 2027)
4(2019 2085 2089 2027)
4(2019 2027 2028 2020)
4(2026 2027 2089 2088)
4(2084 2088 2089 2085)
4(1788 1863 1871 1794)
4(1794 1871 1878 1801)
4(1863 1939 1946 1871)
4(1863 1864 1940 1939)
4(1871 1946 1952 1878)
4(1798 1799 1876 1875)
4(1799 1800 1877 1876)
4(1875 1876 1950 1949)
4(1876 1877 1951 1950)
4(1800 1801 1878 1877)
4(1877 1878 1952 1951)
4(2020 2028 2029 2021)
4(2021 2029 2030 2022)
4(2028 2034 2035 2029)
4(2029 2035 2036 2030)
4(1939 2023 2031 1946)
4(1946 2031 2037 1952)
4(2022 2030 2031 2023)
4(2030 2036 2037 2031)
4(1949 1950 2035 2034)
4(1950 1951 2036 2035)
4(1951 1952 2037 2036)
4(1265 1302 1303 1268)
4(1268 1303 1304 1271)
4(1271 1304 1305 1274)
4(1274 1305 1306 1277)
4(1277 1306 1307 1280)
4(1302 1317 1318 1303)
4(1317 1332 1333 1318)
4(1332 1347 1348 1333)
4(1347 1362 1363 1348)
4(1303 1318 1319 1304)
4(1304 1319 1320 1305)
4(1318 1333 1334 1319)
4(1319 1334 1335 1320)
4(1305 1320 1321 1306)
4(1306 1321 1322 1307)
4(1320 1335 1336 1321)
4(1321 1336 1337 1322)
4(1333 1348 1349 1334)
4(1334 1349 1350 1335)
4(1348 1363 1364 1349)
4(1349 1364 1365 1350)
4(1335 1350 1351 1336)
4(1336 1351 1352 1337)
4(1350 1365 1366 1351)
4(1351 1366 1367 1352)
4(1280 1307 1308 1283)
4(1283 1308 1309 1286)
4(1286 1309 1310 1289)
4(1289 1310 1311 1292)
4(1292 1311 1314 1299)
4(1307 1322 1323 1308)
4(1308 1323 1324 1309)
4(1322 1337 1338 1323)
4(1323 1338 1339 1324)
4(1309 1324 1325 1310)
4(1310 1325 1326 1311)
4(1324 1339 1340 1325)
4(1325 1340 1341 1326)
4(1337 1352 1353 1338)
4(1338 1353 1354 1339)
4(1352 1367 1368 1353)
4(1353 1368 1369 1354)
4(1339 1354 1355 1340)
4(1340 1355 1356 1341)
4(1354 1369 1370 1355)
4(1355 1370 1371 1356)
4(1311 1326 1329 1314)
4(1326 1341 1344 1329)
4(1341 1356 1359 1344)
4(1356 1371 1374 1359)
4(1362 1377 1378 1363)
4(1377 1392 1393 1378)
4(1392 1407 1408 1393)
4(1407 1422 1423 1408)
4(1363 1378 1379 1364)
4(1364 1379 1380 1365)
4(1378 1393 1394 1379)
4(1379 1394 1395 1380)
4(1365 1380 1381 1366)
4(1366 1381 1382 1367)
4(1380 1395 1396 1381)
4(1381 1396 1397 1382)
4(1393 1408 1409 1394)
4(1394 1409 1410 1395)
4(1408 1423 1424 1409)
4(1409 1424 1425 1410)
4(1395 1410 1411 1396)
4(1396 1411 1412 1397)
4(1410 1425 1426 1411)
4(1411 1426 1427 1412)
4(1422 1441 1444 1423)
4(1423 1444 1447 1424)
4(1424 1447 1450 1425)
4(1425 1450 1453 1426)
4(1426 1453 1456 1427)
4(1367 1382 1383 1368)
4(1368 1383 1384 1369)
4(1382 1397 1398 1383)
4(1383 1398 1399 1384)
4(1369 1384 1385 1370)
4(1370 1385 1386 1371)
4(1384 1399 1400 1385)
4(1385 1400 1401 1386)
4(1397 1412 1413 1398)
4(1398 1413 1414 1399)
4(1412 1427 1428 1413)
4(1413 1428 1429 1414)
4(1399 1414 1415 1400)
4(1400 1415 1416 1401)
4(1414 1429 1430 1415)
4(1415 1430 1431 1416)
4(1371 1386 1389 1374)
4(1386 1401 1404 1389)
4(1401 1416 1419 1404)
4(1416 1431 1434 1419)
4(1427 1456 1459 1428)
4(1428 1459 1462 1429)
4(1429 1462 1465 1430)
4(1430 1465 1468 1431)
4(1431 1468 1475 1434)
4(2118 2121 2156 2155)
4(2121 2124 2157 2156)
4(2124 2127 2158 2157)
4(2127 2130 2159 2158)
4(2130 2133 2160 2159)
4(2155 2156 2171 2170)
4(2170 2171 2186 2185)
4(2185 2186 2201 2200)
4(2200 2201 2216 2215)
4(2156 2157 2172 2171)
4(2157 2158 2173 2172)
4(2171 2172 2187 2186)
4(2172 2173 2188 2187)
4(2158 2159 2174 2173)
4(2159 2160 2175 2174)
4(2173 2174 2189 2188)
4(2174 2175 2190 2189)
4(2186 2187 2202 2201)
4(2187 2188 2203 2202)
4(2201 2202 2217 2216)
4(2202 2203 2218 2217)
4(2188 2189 2204 2203)
4(2189 2190 2205 2204)
4(2203 2204 2219 2218)
4(2204 2205 2220 2219)
4(2133 2136 2161 2160)
4(2136 2139 2162 2161)
4(2139 2142 2163 2162)
4(2142 2145 2164 2163)
4(2145 2152 2167 2164)
4(2160 2161 2176 2175)
4(2161 2162 2177 2176)
4(2175 2176 2191 2190)
4(2176 2177 2192 2191)
4(2162 2163 2178 2177)
4(2163 2164 2179 2178)
4(2177 2178 2193 2192)
4(2178 2179 2194 2193)
4(2190 2191 2206 2205)
4(2191 2192 2207 2206)
4(2205 2206 2221 2220)
4(2206 2207 2222 2221)
4(2192 2193 2208 2207)
4(2193 2194 2209 2208)
4(2207 2208 2223 2222)
4(2208 2209 2224 2223)
4(2164 2167 2182 2179)
4(2179 2182 2197 2194)
4(2194 2197 2212 2209)
4(2209 2212 2227 2224)
4(2215 2216 2231 2230)
4(2230 2231 2246 2245)
4(2245 2246 2261 2260)
4(2260 2261 2276 2275)
4(2216 2217 2232 2231)
4(2217 2218 2233 2232)
4(2231 2232 2247 2246)
4(2232 2233 2248 2247)
4(2218 2219 2234 2233)
4(2219 2220 2235 2234)
4(2233 2234 2249 2248)
4(2234 2235 2250 2249)
4(2246 2247 2262 2261)
4(2247 2248 2263 2262)
4(2261 2262 2277 2276)
4(2262 2263 2278 2277)
4(2248 2249 2264 2263)
4(2249 2250 2265 2264)
4(2263 2264 2279 2278)
4(2264 2265 2280 2279)
4(2275 2276 2297 2294)
4(2276 2277 2300 2297)
4(2277 2278 2303 2300)
4(2278 2279 2306 2303)
4(2279 2280 2309 2306)
4(2220 2221 2236 2235)
4(2221 2222 2237 2236)
4(2235 2236 2251 2250)
4(2236 2237 2252 2251)
4(2222 2223 2238 2237)
4(2223 2224 2239 2238)
4(2237 2238 2253 2252)
4(2238 2239 2254 2253)
4(2250 2251 2266 2265)
4(2251 2252 2267 2266)
4(2265 2266 2281 2280)
4(2266 2267 2282 2281)
4(2252 2253 2268 2267)
4(2253 2254 2269 2268)
4(2267 2268 2283 2282)
4(2268 2269 2284 2283)
4(2224 2227 2242 2239)
4(2239 2242 2257 2254)
4(2254 2257 2272 2269)
4(2269 2272 2287 2284)
4(2280 2281 2312 2309)
4(2281 2282 2315 2312)
4(2282 2283 2318 2315)
4(2283 2284 2321 2318)
4(2284 2287 2328 2321)
4(1265 1262 1300 1302)
4(1268 1266 1261 1265)
4(1271 1269 1266 1268)
4(1274 1272 1269 1271)
4(1277 1275 1272 1274)
4(1280 1278 1275 1277)
4(1302 1300 1315 1317)
4(1317 1315 1330 1332)
4(1332 1330 1345 1347)
4(1347 1345 1360 1362)
4(1283 1281 1278 1280)
4(1286 1284 1281 1283)
4(1289 1287 1284 1286)
4(1292 1290 1287 1289)
4(1314 1312 1296 1299)
4(1299 1295 1290 1292)
4(1329 1327 1312 1314)
4(1344 1342 1327 1329)
4(1359 1357 1342 1344)
4(1374 1372 1357 1359)
4(1362 1360 1375 1377)
4(1377 1375 1390 1392)
4(1392 1390 1405 1407)
4(1407 1405 1420 1422)
4(1422 1420 1438 1441)
4(1441 1437 1442 1444)
4(1444 1442 1445 1447)
4(1447 1445 1448 1450)
4(1450 1448 1451 1453)
4(1453 1451 1454 1456)
4(1389 1387 1372 1374)
4(1404 1402 1387 1389)
4(1419 1417 1402 1404)
4(1434 1432 1417 1419)
4(1456 1454 1457 1459)
4(1459 1457 1460 1462)
4(1462 1460 1463 1465)
4(1465 1463 1466 1468)
4(1468 1466 1471 1475)
4(1475 1472 1432 1434)
4(2118 2114 2119 2121)
4(2155 2153 2115 2118)
4(2121 2119 2122 2124)
4(2124 2122 2125 2127)
4(2127 2125 2128 2130)
4(2130 2128 2131 2133)
4(2170 2168 2153 2155)
4(2185 2183 2168 2170)
4(2200 2198 2183 2185)
4(2215 2213 2198 2200)
4(2133 2131 2134 2136)
4(2136 2134 2137 2139)
4(2139 2137 2140 2142)
4(2142 2140 2143 2145)
4(2145 2143 2148 2152)
4(2152 2149 2165 2167)
4(2167 2165 2180 2182)
4(2182 2180 2195 2197)
4(2197 2195 2210 2212)
4(2212 2210 2225 2227)
4(2230 2228 2213 2215)
4(2245 2243 2228 2230)
4(2260 2258 2243 2245)
4(2275 2273 2258 2260)
4(2297 2295 2290 2294)
4(2294 2291 2273 2275)
4(2300 2298 2295 2297)
4(2303 2301 2298 2300)
4(2306 2304 2301 2303)
4(2309 2307 2304 2306)
4(2227 2225 2240 2242)
4(2242 2240 2255 2257)
4(2257 2255 2270 2272)
4(2272 2270 2285 2287)
4(2312 2310 2307 2309)
4(2315 2313 2310 2312)
4(2318 2316 2313 2315)
4(2321 2319 2316 2318)
4(2287 2285 2325 2328)
4(2328 2324 2319 2321)
4(1265 1261 1259 1262)
4(1299 1296 1293 1295)
4(1441 1438 1435 1437)
4(1475 1471 1469 1472)
4(2118 2115 2112 2114)
4(2152 2148 2146 2149)
4(2294 2290 2288 2291)
4(2328 2325 2322 2324)
4(1264 1478 1491 1301)
4(1301 1491 1493 1316)
4(1316 1493 1495 1331)
4(1331 1495 1497 1346)
4(1346 1497 1499 1361)
4(1478 1526 1539 1491)
4(1526 1585 1598 1539)
4(1585 1670 1683 1598)
4(1670 1747 1760 1683)
4(1491 1539 1541 1493)
4(1493 1541 1546 1495)
4(1539 1598 1604 1541)
4(1541 1604 1612 1546)
4(1495 1546 1551 1497)
4(1497 1551 1556 1499)
4(1546 1612 1619 1551)
4(1551 1619 1627 1556)
4(1598 1683 1689 1604)
4(1604 1689 1696 1612)
4(1683 1760 1767 1689)
4(1689 1767 1775 1696)
4(1612 1696 1701 1619)
4(1619 1701 1707 1627)
4(1696 1775 1779 1701)
4(1701 1779 1785 1707)
4(1361 1499 1501 1376)
4(1376 1501 1503 1391)
4(1391 1503 1505 1406)
4(1406 1505 1507 1421)
4(1421 1507 1511 1440)
4(1499 1556 1560 1501)
4(1501 1560 1562 1503)
4(1556 1627 1635 1560)
4(1560 1635 1643 1562)
4(1503 1562 1564 1505)
4(1505 1564 1566 1507)
4(1562 1643 1649 1564)
4(1564 1649 1651 1566)
4(1627 1707 1712 1635)
4(1635 1712 1719 1643)
4(1707 1785 1790 1712)
4(1712 1790 1796 1719)
4(1643 1719 1726 1649)
4(1649 1726 1728 1651)
4(1719 1796 1803 1726)
4(1726 1803 1805 1728)
4(1507 1566 1570 1511)
4(1566 1651 1655 1570)
4(1651 1728 1732 1655)
4(1728 1805 1809 1732)
4(1747 1824 1837 1760)
4(1824 1901 1914 1837)
4(1901 1975 1988 1914)
4(1975 2060 2073 1988)
4(1760 1837 1843 1767)
4(1767 1843 1850 1775)
4(1837 1914 1920 1843)
4(1843 1920 1926 1850)
4(1775 1850 1855 1779)
4(1779 1855 1860 1785)
4(1850 1926 1932 1855)
4(1855 1932 1937 1860)
4(1914 1988 1994 1920)
4(1920 1994 2001 1926)
4(1988 2073 2075 1994)
4(1994 2075 2077 2001)
4(1926 2001 2009 1932)
4(1932 2009 2017 1937)
4(2001 2077 2079 2009)
4(2009 2079 2083 2017)
4(2060 2117 2154 2073)
4(2073 2154 2169 2075)
4(2075 2169 2184 2077)
4(2077 2184 2199 2079)
4(2079 2199 2214 2083)
4(1785 1860 1866 1790)
4(1790 1866 1873 1796)
4(1860 1937 1942 1866)
4(1866 1942 1948 1873)
4(1796 1873 1880 1803)
4(1803 1880 1882 1805)
4(1873 1948 1954 1880)
4(1880 1954 1956 1882)
4(1937 2017 2025 1942)
4(1942 2025 2033 1948)
4(2017 2083 2087 2025)
4(2025 2087 2091 2033)
4(1948 2033 2039 1954)
4(1954 2039 2041 1956)
4(2033 2091 2093 2039)
4(2039 2093 2095 2041)
4(1805 1882 1886 1809)
4(1882 1956 1960 1886)
4(1956 2041 2045 1960)
4(2041 2095 2099 2045)
4(2083 2214 2229 2087)
4(2087 2229 2244 2091)
4(2091 2244 2259 2093)
4(2093 2259 2274 2095)
4(2095 2274 2293 2099)
4(1301 1300 1262 1264)
4(1316 1315 1300 1301)
4(1331 1330 1315 1316)
4(1346 1345 1330 1331)
4(1361 1360 1345 1346)
4(1376 1375 1360 1361)
4(1391 1390 1375 1376)
4(1406 1405 1390 1391)
4(1421 1420 1405 1406)
4(1440 1438 1420 1421)
4(2117 2115 2153 2154)
4(2154 2153 2168 2169)
4(2169 2168 2183 2184)
4(2184 2183 2198 2199)
4(2199 2198 2213 2214)
4(2214 2213 2228 2229)
4(2229 2228 2243 2244)
4(2244 2243 2258 2259)
4(2259 2258 2273 2274)
4(2274 2273 2291 2293)
4(1264 1260 1476 1478)
4(1478 1476 1524 1526)
4(1526 1524 1583 1585)
4(1585 1583 1668 1670)
4(1670 1668 1745 1747)
4(1511 1509 1436 1440)
4(1570 1568 1509 1511)
4(1655 1653 1568 1570)
4(1732 1730 1653 1655)
4(1809 1807 1730 1732)
4(1747 1745 1822 1824)
4(1824 1822 1899 1901)
4(1901 1899 1973 1975)
4(1975 1973 2058 2060)
4(2060 2058 2113 2117)
4(1886 1884 1807 1809)
4(1960 1958 1884 1886)
4(2045 2043 1958 1960)
4(2099 2097 2043 2045)
4(2293 2289 2097 2099)
4(1264 1262 1259 1260)
4(1440 1436 1435 1438)
4(2117 2113 2112 2115)
4(2293 2291 2288 2289)
4(1298 1313 1492 1490)
4(1313 1328 1494 1492)
4(1328 1343 1496 1494)
4(1343 1358 1498 1496)
4(1358 1373 1500 1498)
4(1490 1492 1540 1538)
4(1538 1540 1603 1597)
4(1597 1603 1688 1682)
4(1682 1688 1766 1759)
4(1492 1494 1545 1540)
4(1494 1496 1550 1545)
4(1540 1545 1611 1603)
4(1545 1550 1618 1611)
4(1496 1498 1555 1550)
4(1498 1500 1559 1555)
4(1550 1555 1626 1618)
4(1555 1559 1634 1626)
4(1603 1611 1695 1688)
4(1611 1618 1700 1695)
4(1688 1695 1774 1766)
4(1695 1700 1778 1774)
4(1618 1626 1706 1700)
4(1626 1634 1711 1706)
4(1700 1706 1784 1778)
4(1706 1711 1789 1784)
4(1373 1388 1502 1500)
4(1388 1403 1504 1502)
4(1403 1418 1506 1504)
4(1418 1433 1508 1506)
4(1433 1474 1523 1508)
4(1500 1502 1561 1559)
4(1502 1504 1563 1561)
4(1559 1561 1642 1634)
4(1561 1563 1648 1642)
4(1504 1506 1565 1563)
4(1506 1508 1567 1565)
4(1563 1565 1650 1648)
4(1565 1567 1652 1650)
4(1634 1642 1718 1711)
4(1642 1648 1725 1718)
4(1711 1718 1795 1789)
4(1718 1725 1802 1795)
4(1648 1650 1727 1725)
4(1650 1652 1729 1727)
4(1725 1727 1804 1802)
4(1727 1729 1806 1804)
4(1508 1523 1582 1567)
4(1567 1582 1667 1652)
4(1652 1667 1744 1729)
4(1729 1744 1821 1806)
4(1759 1766 1842 1836)
4(1836 1842 1919 1913)
4(1913 1919 1993 1987)
4(1987 1993 2074 2072)
4(1766 1774 1849 1842)
4(1774 1778 1854 1849)
4(1842 1849 1925 1919)
4(1849 1854 1931 1925)
4(1778 1784 1859 1854)
4(1784 1789 1865 1859)
4(1854 1859 1936 1931)
4(1859 1865 1941 1936)
4(1919 1925 2000 1993)
4(1925 1931 2008 2000)
4(1993 2000 2076 2074)
4(2000 2008 2078 2076)
4(1931 1936 2016 2008)
4(1936 1941 2024 2016)
4(2008 2016 2082 2078)
4(2016 2024 2086 2082)
4(2072 2074 2166 2151)
4(2074 2076 2181 2166)
4(2076 2078 2196 2181)
4(2078 2082 2211 2196)
4(2082 2086 2226 2211)
4(1789 1795 1872 1865)
4(1795 1802 1879 1872)
4(1865 1872 1947 1941)
4(1872 1879 1953 1947)
4(1802 1804 1881 1879)
4(1804 1806 1883 1881)
4(1879 1881 1955 1953)
4(1881 1883 1957 1955)
4(1941 1947 2032 2024)
4(1947 1953 2038 2032)
4(2024 2032 2090 2086)
4(2032 2038 2092 2090)
4(1953 1955 2040 2038)
4(1955 1957 2042 2040)
4(2038 2040 2094 2092)
4(2040 2042 2096 2094)
4(1806 1821 1898 1883)
4(1883 1898 1972 1957)
4(1957 1972 2057 2042)
4(2042 2057 2111 2096)
4(2086 2090 2241 2226)
4(2090 2092 2256 2241)
4(2092 2094 2271 2256)
4(2094 2096 2286 2271)
4(2096 2111 2327 2286)
4(1298 1296 1312 1313)
4(1313 1312 1327 1328)
4(1328 1327 1342 1343)
4(1343 1342 1357 1358)
4(1358 1357 1372 1373)
4(1373 1372 1387 1388)
4(1388 1387 1402 1403)
4(1403 1402 1417 1418)
4(1418 1417 1432 1433)
4(1433 1432 1472 1474)
4(2166 2165 2149 2151)
4(2181 2180 2165 2166)
4(2196 2195 2180 2181)
4(2211 2210 2195 2196)
4(2226 2225 2210 2211)
4(2241 2240 2225 2226)
4(2256 2255 2240 2241)
4(2271 2270 2255 2256)
4(2286 2285 2270 2271)
4(2327 2325 2285 2286)
4(1490 1488 1294 1298)
4(1538 1536 1488 1490)
4(1597 1595 1536 1538)
4(1682 1680 1595 1597)
4(1759 1757 1680 1682)
4(1474 1470 1521 1523)
4(1523 1521 1580 1582)
4(1582 1580 1665 1667)
4(1667 1665 1742 1744)
4(1744 1742 1819 1821)
4(1836 1834 1757 1759)
4(1913 1911 1834 1836)
4(1987 1985 1911 1913)
4(2072 2070 1985 1987)
4(2151 2147 2070 2072)
4(1821 1819 1896 1898)
4(1898 1896 1970 1972)
4(1972 1970 2055 2057)
4(2057 2055 2109 2111)
4(2111 2109 2323 2327)
4(1298 1294 1293 1296)
4(1474 1472 1469 1470)
4(2151 2149 2146 2147)
4(2327 2323 2322 2325)
4(1263 1267 1479 1477)
4(1267 1270 1480 1479)
4(1270 1273 1481 1480)
4(1273 1276 1482 1481)
4(1276 1279 1483 1482)
4(1477 1479 1527 1525)
4(1525 1527 1586 1584)
4(1584 1586 1671 1669)
4(1669 1671 1748 1746)
4(1479 1480 1528 1527)
4(1480 1481 1529 1528)
4(1527 1528 1587 1586)
4(1528 1529 1588 1587)
4(1481 1482 1530 1529)
4(1482 1483 1531 1530)
4(1529 1530 1589 1588)
4(1530 1531 1590 1589)
4(1586 1587 1672 1671)
4(1587 1588 1673 1672)
4(1671 1672 1749 1748)
4(1672 1673 1750 1749)
4(1588 1589 1674 1673)
4(1589 1590 1675 1674)
4(1673 1674 1751 1750)
4(1674 1675 1752 1751)
4(1279 1282 1484 1483)
4(1282 1285 1485 1484)
4(1285 1288 1486 1485)
4(1288 1291 1487 1486)
4(1291 1297 1489 1487)
4(1483 1484 1532 1531)
4(1484 1485 1533 1532)
4(1531 1532 1591 1590)
4(1532 1533 1592 1591)
4(1485 1486 1534 1533)
4(1486 1487 1535 1534)
4(1533 1534 1593 1592)
4(1534 1535 1594 1593)
4(1590 1591 1676 1675)
4(1591 1592 1677 1676)
4(1675 1676 1753 1752)
4(1676 1677 1754 1753)
4(1592 1593 1678 1677)
4(1593 1594 1679 1678)
4(1677 1678 1755 1754)
4(1678 1679 1756 1755)
4(1487 1489 1537 1535)
4(1535 1537 1596 1594)
4(1594 1596 1681 1679)
4(1679 1681 1758 1756)
4(1439 1510 1512 1443)
4(1443 1512 1513 1446)
4(1446 1513 1514 1449)
4(1449 1514 1515 1452)
4(1452 1515 1516 1455)
4(1510 1569 1571 1512)
4(1569 1654 1656 1571)
4(1654 1731 1733 1656)
4(1731 1808 1810 1733)
4(1512 1571 1572 1513)
4(1513 1572 1573 1514)
4(1571 1656 1657 1572)
4(1572 1657 1658 1573)
4(1514 1573 1574 1515)
4(1515 1574 1575 1516)
4(1573 1658 1659 1574)
4(1574 1659 1660 1575)
4(1656 1733 1734 1657)
4(1657 1734 1735 1658)
4(1733 1810 1811 1734)
4(1734 1811 1812 1735)
4(1658 1735 1736 1659)
4(1659 1736 1737 1660)
4(1735 1812 1813 1736)
4(1736 1813 1814 1737)
4(1455 1516 1517 1458)
4(1458 1517 1518 1461)
4(1461 1518 1519 1464)
4(1464 1519 1520 1467)
4(1467 1520 1522 1473)
4(1516 1575 1576 1517)
4(1517 1576 1577 1518)
4(1575 1660 1661 1576)
4(1576 1661 1662 1577)
4(1518 1577 1578 1519)
4(1519 1578 1579 1520)
4(1577 1662 1663 1578)
4(1578 1663 1664 1579)
4(1660 1737 1738 1661)
4(1661 1738 1739 1662)
4(1737 1814 1815 1738)
4(1738 1815 1816 1739)
4(1662 1739 1740 1663)
4(1663 1740 1741 1664)
4(1739 1816 1817 1740)
4(1740 1817 1818 1741)
4(1520 1579 1581 1522)
4(1579 1664 1666 1581)
4(1664 1741 1743 1666)
4(1741 1818 1820 1743)
4(1746 1748 1825 1823)
4(1823 1825 1902 1900)
4(1900 1902 1976 1974)
4(1974 1976 2061 2059)
4(1748 1749 1826 1825)
4(1749 1750 1827 1826)
4(1825 1826 1903 1902)
4(1826 1827 1904 1903)
4(1750 1751 1828 1827)
4(1751 1752 1829 1828)
4(1827 1828 1905 1904)
4(1828 1829 1906 1905)
4(1902 1903 1977 1976)
4(1903 1904 1978 1977)
4(1976 1977 2062 2061)
4(1977 1978 2063 2062)
4(1904 1905 1979 1978)
4(1905 1906 1980 1979)
4(1978 1979 2064 2063)
4(1979 1980 2065 2064)
4(2059 2061 2120 2116)
4(2061 2062 2123 2120)
4(2062 2063 2126 2123)
4(2063 2064 2129 2126)
4(2064 2065 2132 2129)
4(1752 1753 1830 1829)
4(1753 1754 1831 1830)
4(1829 1830 1907 1906)
4(1830 1831 1908 1907)
4(1754 1755 1832 1831)
4(1755 1756 1833 1832)
4(1831 1832 1909 1908)
4(1832 1833 1910 1909)
4(1906 1907 1981 1980)
4(1907 1908 1982 1981)
4(1980 1981 2066 2065)
4(1981 1982 2067 2066)
4(1908 1909 1983 1982)
4(1909 1910 1984 1983)
4(1982 1983 2068 2067)
4(1983 1984 2069 2068)
4(1756 1758 1835 1833)
4(1833 1835 1912 1910)
4(1910 1912 1986 1984)
4(1984 1986 2071 2069)
4(2065 2066 2135 2132)
4(2066 2067 2138 2135)
4(2067 2068 2141 2138)
4(2068 2069 2144 2141)
4(2069 2071 2150 2144)
4(1808 1885 1887 1810)
4(1885 1959 1961 1887)
4(1959 2044 2046 1961)
4(2044 2098 2100 2046)
4(1810 1887 1888 1811)
4(1811 1888 1889 1812)
4(1887 1961 1962 1888)
4(1888 1962 1963 1889)
4(1812 1889 1890 1813)
4(1813 1890 1891 1814)
4(1889 1963 1964 1890)
4(1890 1964 1965 1891)
4(1961 2046 2047 1962)
4(1962 2047 2048 1963)
4(2046 2100 2101 2047)
4(2047 2101 2102 2048)
4(1963 2048 2049 1964)
4(1964 2049 2050 1965)
4(2048 2102 2103 2049)
4(2049 2103 2104 2050)
4(2098 2292 2296 2100)
4(2100 2296 2299 2101)
4(2101 2299 2302 2102)
4(2102 2302 2305 2103)
4(2103 2305 2308 2104)
4(1814 1891 1892 1815)
4(1815 1892 1893 1816)
4(1891 1965 1966 1892)
4(1892 1966 1967 1893)
4(1816 1893 1894 1817)
4(1817 1894 1895 1818)
4(1893 1967 1968 1894)
4(1894 1968 1969 1895)
4(1965 2050 2051 1966)
4(1966 2051 2052 1967)
4(2050 2104 2105 2051)
4(2051 2105 2106 2052)
4(1967 2052 2053 1968)
4(1968 2053 2054 1969)
4(2052 2106 2107 2053)
4(2053 2107 2108 2054)
4(1818 1895 1897 1820)
4(1895 1969 1971 1897)
4(1969 2054 2056 1971)
4(2054 2108 2110 2056)
4(2104 2308 2311 2105)
4(2105 2311 2314 2106)
4(2106 2314 2317 2107)
4(2107 2317 2320 2108)
4(2108 2320 2326 2110)
4(1263 1261 1266 1267)
4(1267 1266 1269 1270)
4(1270 1269 1272 1273)
4(1273 1272 1275 1276)
4(1276 1275 1278 1279)
4(1279 1278 1281 1282)
4(1282 1281 1284 1285)
4(1285 1284 1287 1288)
4(1288 1287 1290 1291)
4(1291 1290 1295 1297)
4(1443 1442 1437 1439)
4(1446 1445 1442 1443)
4(1449 1448 1445 1446)
4(1452 1451 1448 1449)
4(1455 1454 1451 1452)
4(1458 1457 1454 1455)
4(1461 1460 1457 1458)
4(1464 1463 1460 1461)
4(1467 1466 1463 1464)
4(1473 1471 1466 1467)
4(2120 2119 2114 2116)
4(2123 2122 2119 2120)
4(2126 2125 2122 2123)
4(2129 2128 2125 2126)
4(2132 2131 2128 2129)
4(2135 2134 2131 2132)
4(2138 2137 2134 2135)
4(2141 2140 2137 2138)
4(2144 2143 2140 2141)
4(2150 2148 2143 2144)
4(2292 2290 2295 2296)
4(2296 2295 2298 2299)
4(2299 2298 2301 2302)
4(2302 2301 2304 2305)
4(2305 2304 2307 2308)
4(2308 2307 2310 2311)
4(2311 2310 2313 2314)
4(2314 2313 2316 2317)
4(2317 2316 2319 2320)
4(2320 2319 2324 2326)
4(1477 1476 1260 1263)
4(1525 1524 1476 1477)
4(1584 1583 1524 1525)
4(1669 1668 1583 1584)
4(1746 1745 1668 1669)
4(1439 1436 1509 1510)
4(1510 1509 1568 1569)
4(1569 1568 1653 1654)
4(1654 1653 1730 1731)
4(1731 1730 1807 1808)
4(1823 1822 1745 1746)
4(1900 1899 1822 1823)
4(1974 1973 1899 1900)
4(2059 2058 1973 1974)
4(2116 2113 2058 2059)
4(1808 1807 1884 1885)
4(1885 1884 1958 1959)
4(1959 1958 2043 2044)
4(2044 2043 2097 2098)
4(2098 2097 2289 2292)
4(1297 1294 1488 1489)
4(1489 1488 1536 1537)
4(1537 1536 1595 1596)
4(1596 1595 1680 1681)
4(1681 1680 1757 1758)
4(1522 1521 1470 1473)
4(1581 1580 1521 1522)
4(1666 1665 1580 1581)
4(1743 1742 1665 1666)
4(1820 1819 1742 1743)
4(1758 1757 1834 1835)
4(1835 1834 1911 1912)
4(1912 1911 1985 1986)
4(1986 1985 2070 2071)
4(2071 2070 2147 2150)
4(1897 1896 1819 1820)
4(1971 1970 1896 1897)
4(2056 2055 1970 1971)
4(2110 2109 2055 2056)
4(2326 2323 2109 2110)
4(1263 1260 1259 1261)
4(1297 1295 1293 1294)
4(1439 1437 1435 1436)
4(1473 1470 1469 1471)
4(2116 2114 2112 2113)
4(2150 2147 2146 2148)
4(2292 2289 2288 2290)
4(2326 2324 2322 2323)
)
