FoamFile
{
    version     2.0;
    format      ascii;
    class       vectorField;
    location    "constant/polyMesh";
    object      points;
}
// * * * * * * * * * * * * * * * * * * * * * * * * * * * * * * * * * //

2329
(
(-1.2753590224261762 -1.2753966395684311 -1.2753696614054058)
(-1.0417888772277024 -1.2745913949131951 -1.274570466081306)
(-0.79535365952100001 -1.2736004975430271 -1.2736768314431917)
(-0.5366811994537185 -1.2726754697280258 -1.2729232757133004)
(-0.26966004692590784 -1.2719331969923895 -1.2722492932683536)
(0.0014555275883792185 -1.2713822907189161 -1.2714804943400564)
(0.27203494788938937 -1.2707980392160145 -1.2704535514926216)
(0.5377963545407406 -1.270849220358919 -1.2701429358250631)
(0.79520186023590855 -1.2716372694066675 -1.2708924921496094)
(1.0409873982224229 -1.2730026929000278 -1.2724894660993278)
(1.2746827880861635 -1.2745254593392015 -1.2742953885310049)
(-1.2748479896991121 -1.0422071709288869 -1.2748723676079472)
(-1.0402424007855353 -1.0404631511301976 -1.2734262964311893)
(-0.7921247919057095 -1.0385294781433407 -1.271444872655846)
(-0.5327259454951544 -1.0366816428009209 -1.2698851920371712)
(-0.2663229892074907 -1.0351998770523181 -1.2686054073998756)
(0.0028814788972412603 -1.0338256755268571 -1.2667046900867758)
(0.27093068947314808 -1.0327050400791451 -1.2644481379106896)
(0.5346297788523231 -1.032665456475929 -1.263460324016775)
(0.79139112865309702 -1.0342911056804602 -1.2650427445736085)
(1.038345570700369 -1.0372085696818307 -1.2687369616349955)
(1.2734407988710665 -1.0405605383926668 -1.2725426615483961)
(-1.2744518888337983 -0.79634610891739244 -1.2744948263196516)
(-1.0391039487523164 -0.79333807924314337 -1.2721435405122683)
(-0.79013564399184621 -0.79077162425447411 -1.2695467021352231)
(-0.53040817865425949 -0.78856936973942682 -1.2677478640581847)
(-0.26442004202424724 -0.7868456790223719 -1.2661941642694574)
(0.0037165629480983807 -0.78521730272148715 -1.2634746636723131)
(0.27022395076309491 -0.78382114034543227 -1.2600656032342641)
(0.53244662907731077 -0.78360100841564995 -1.2582094848659642)
(0.7886325906536692 -0.78553123097606281 -1.259953263626064)
(1.0362407161314557 -0.78944095256251223 -1.2651139843890398)
(1.2724814148599204 -0.79447039035287947 -1.2710533624057812)
(-1.2742128062649205 -0.53813934878194258 -1.2742772500416073)
(-1.0383216292280555 -0.53494513034392366 -1.2713611261368434)
(-0.7889442435196381 -0.53257642449535192 -1.2685756969605757)
(-0.52923646195849261 -0.53083111375962422 -1.2668861009162435)
(-0.26373591233991184 -0.52968352771478511 -1.2654772675552275)
(0.0035780128032985997 -0.52872683301659384 -1.2626512187804666)
(0.26912095235043226 -0.52780406851986073 -1.2587770597665375)
(0.53062858283063086 -0.52756643517813873 -1.2562454385731567)
(0.78676289681459155 -0.52903654434535552 -1.2576301883090659)
(1.0349689358471024 -0.53233607120072057 -1.2632357408542803)
(1.2720162809107223 -0.53691459550841092 -1.2702951744502011)
(-1.274134342988845 -0.27131634775463231 -1.2742139602605662)
(-1.0380284584621977 -0.2692864717020747 -1.2712020895128449)
(-0.78847225952723066 -0.26802160911031991 -1.2684254379823647)
(-0.52889513620146256 -0.26730778492059187 -1.2668958637788235)
(-0.26388133628737048 -0.2671373586236776 -1.2658830183912966)
(0.0027943896380293182 -0.2672694390488044 -1.2635861560033903)
(0.26787101384506057 -0.26736257670881508 -1.259923769905128)
(0.5292909458574937 -0.26749620380737649 -1.2570690948000298)
(0.78574327089373053 -0.26807567880235722 -1.2579567785707928)
(1.0344895275152675 -0.26928864070442937 -1.2632833975139071)
(1.2719287272003126 -0.27132415106883401 -1.2703121813257823)
(-1.2741508850366023 0.00011125162092280594 -1.2742370531043958)
(-1.0379896436633842 -9.0532876945194352e-05 -1.271161195471973)
(-0.78853206522023178 -0.0004602880406183521 -1.2683692261824879)
(-0.52920656591732484 -0.00083327365669296286 -1.2668297435535898)
(-0.26458914370897074 -0.0014324047321125494 -1.2662167508256585)
(0.0018091536559308105 -0.0023708650303739739 -1.2648402658937357)
(0.26701552787406724 -0.0033196451890817671 -1.2619753295248071)
(0.52884493834243951 -0.0038759937505611353 -1.2593371623279153)
(0.78567742765501769 -0.0036281606844981891 -1.2599289029537981)
(1.0346648838988237 -0.0025115063910252852 -1.2646297857057807)
(1.2722000428188756 -0.0011480917754128073 -1.2710219665164102)
(-1.2735884722813782 0.27209678023388695 -1.2737035976761457)
(-1.0376816136992268 0.27005464806736634 -1.2706846952591717)
(-0.78918297008366745 0.26804773608164073 -1.2681747399956891)
(-0.53066180294530008 0.26702164200404366 -1.266181178467171)
(-0.26605501531339087 0.26575682814907103 -1.2658253508841206)
(0.00091508398499977328 0.26415626227321454 -1.2657172792742468)
(0.26670051791942651 0.26310477760013401 -1.2640702161952271)
(0.52938484418443021 0.26268441212485405 -1.2623127295585215)
(0.78677773243723725 0.2635778361481283 -1.2629720155158424)
(1.0356327660104632 0.26607850862082977 -1.2668132250032877)
(1.2725832068704113 0.26978668212606599 -1.2719390143664915)
(-1.2737208253613139 0.53915564731314647 -1.2738897296110401)
(-1.0384100862110746 0.53633275310502782 -1.2723529117132228)
(-0.79063156794250011 0.53368220605357664 -1.2712516831144185)
(-0.53227396785010295 0.53225922901652623 -1.2678600756026752)
(-0.26732352791665864 0.53076450949447262 -1.2662445126914177)
(0.00035632847809129523 0.52928735182504472 -1.2666638518177713)
(0.26690389337240883 0.5287497364748025 -1.2660695745303541)
(0.53065811516212735 0.52889962798011991 -1.2654143662766333)
(0.78876256800545486 0.53022806690434265 -1.266378889617731)
(1.0373305308695373 0.53295113682279116 -1.2693911019194895)
(1.2733944613142532 0.53704836167543779 -1.2731451037943105)
(-1.2744780206047579 0.79684830080282087 -1.2746678988413331)
(-1.0401285717688802 0.7944861693828511 -1.2752437382673774)
(-0.79259814638115766 0.79261473290680595 -1.2756260374454509)
(-0.53379225150937337 0.79079489714728268 -1.2713477046324797)
(-0.26833740593694544 0.78953688983446357 -1.2683832042750001)
(6.7425424255362909e-05 0.7890054474427517 -1.2685979268297893)
(0.26771714276053538 0.7889444490320523 -1.268522201184398)
(0.53255909925882561 0.78941185327259311 -1.2685539153854124)
(0.79116985163804143 0.79072926028586432 -1.2696725994195321)
(1.0392785820359083 0.79286366077095738 -1.2719143020989288)
(1.2742902735134072 0.79593977131135463 -1.2742265014705305)
(-1.2745793726303969 1.0420033148577506 -1.2747211334369988)
(-1.0408403045363377 1.0408406678216242 -1.2750393241141424)
(-0.79452634728280702 1.0401854512393633 -1.2752853901433028)
(-0.53645379243695424 1.0385929170258157 -1.2724784484355691)
(-0.27026486502278224 1.0380310215799033 -1.2709208691389682)
(-0.00014862836935313622 1.038472368245867 -1.271489274111073)
(0.26913139433479788 1.0385707601684422 -1.2715731823634666)
(0.53498861518926188 1.0388932787088145 -1.2717661561900246)
(0.79364171644240622 1.0397303613390656 -1.2726331591950188)
(1.0409611566766914 1.0408875215272653 -1.2739931499770381)
(1.2750326184556082 1.0422536948556769 -1.2750214696823148)
(-1.2750589126593952 1.2750584264230671 -1.2751163677633364)
(-1.0420136600982153 1.2745887698192426 -1.2747310901351747)
(-0.79688442898134693 1.274522058710162 -1.27470635934767)
(-0.53923053659593623 1.2738335687279274 -1.2739797053464743)
(-0.27220011491728724 1.273787588512463 -1.2738585205722732)
(-0.00020625864365973398 1.2744193294772677 -1.2744497070367471)
(0.27127345362649136 1.2744344706658755 -1.2744626504479628)
(0.53818034484981414 1.2745186181465153 -1.2745459766386562)
(0.79648042889670956 1.2747599851593916 -1.2747800793417832)
(1.0424057260900992 1.2751405478941746 -1.2751520964811733)
(1.2755712188605999 1.2755631621884445 -1.2755683020583013)
(-1.2744962157170889 -1.2745623669364154 -1.0418115546563886)
(-1.0391073143452627 -1.2722726865623861 -1.0393110131633281)
(-0.78991674567877856 -1.2687526877925388 -1.0364247963821573)
(-0.53009670867672243 -1.2657021000769881 -1.0341129801471223)
(-0.26445619740570353 -1.2640255539880383 -1.0326827635322402)
(0.0033473216330432848 -1.2631565273148064 -1.0311088234564869)
(0.27029726064830167 -1.2628860404279378 -1.0294155650023791)
(0.5337567349655773 -1.2638296891300929 -1.0292258991708736)
(0.79084035503659877 -1.2662855158569555 -1.0315031868967106)
(1.0380579265138616 -1.2697211615487478 -1.0354288419610822)
(1.2732635739037121 -1.272931403893089 -1.0397081530730734)
(-1.2732421274015941 -1.0403878524577332 -1.04026978673077)
(-1.0352998534996853 -1.0357725508025131 -1.0357274353938546)
(-0.78262465378421775 -1.0294795240588954 -1.0302346871377512)
(-0.52110739660919125 -1.0238340874670901 -1.0262665793716661)
(-0.25703660560530628 -1.0203293056063065 -1.0238028565895654)
(0.0072885387680224727 -1.017282683222307 -1.0190508169579202)
(0.26923120700154896 -1.0150164733750211 -1.0127115192561726)
(0.52718754206713803 -1.015754722830287 -1.0101773671373191)
(0.78177018507765228 -1.0203573836323667 -1.0145571600353049)
(1.0314134570593643 -1.0286883315564224 -1.0248892552682247)
(1.2705875109716807 -1.0370455125309668 -1.0354033452503395)
(-1.271784042222537 -0.79319088695278406 -1.0390995631190605)
(-1.0319257589327864 -0.78653807721884916 -1.0326051505248433)
(-0.7774275474641047 -0.77907016448572275 -1.0258311911928706)
(-0.51540051775167239 -0.77262012616681519 -1.0217511248956368)
(-0.25262458533231286 -0.7684957814106157 -1.019384584047325)
(0.0097051508116236945 -0.7642642875157144 -1.0116821558707805)
(0.26828783320459332 -0.76011458671634835 -1.0005798339974978)
(0.52165568042864274 -0.759477487198845 -0.99495519127738308)
(0.77379955274840195 -0.76487019152265601 -0.99921252900669844)
(1.0254181770727717 -0.77674207330031375 -1.0145815743822713)
(1.2681864735776653 -0.78921887376393529 -1.0316658031719763)
(-1.2707849865912784 -0.53474693351991831 -1.038264479384517)
(-1.0296225804581409 -0.52808648724779594 -1.0305787905255777)
(-0.77431514106130539 -0.5217804487355604 -1.023449939019121)
(-0.51254270572465166 -0.5168146553367996 -1.0199139778207607)
(-0.25111308753680489 -0.51389960206257557 -1.0184669382942082)
(0.0089684606502979866 -0.51149047216081567 -1.0106391693590833)
(0.26459920982874374 -0.5085424026929144 -0.99851833829271264)
(0.51615035396919406 -0.5069500224511404 -0.99084062593830302)
(0.76912053734918795 -0.51112548199546515 -0.99311276209266253)
(1.0226513538855462 -0.52129074098650863 -1.0095686281386866)
(1.2670703161890202 -0.53209748439906945 -1.0296148063874628)
(-1.2704525998410914 -0.26911279264345372 -1.0379165484419004)
(-1.0286328678758772 -0.26521765348937404 -1.0297915408616862)
(-0.7729485668028353 -0.26217669519625592 -1.0225593776464128)
(-0.51152983430899535 -0.26021606319992557 -1.019274483061094)
(-0.25130747043132678 -0.25951978247956986 -1.0188533817408649)
(0.0067501320383447048 -0.26001066956490104 -1.0133551217521835)
(0.2603293895461426 -0.26005968957780762 -1.0022395036670699)
(0.51130332500256048 -0.2599151644319086 -0.99250259137828944)
(0.7657574148400168 -0.26176293661360434 -0.99311248597184543)
(1.0212902111359137 -0.2650309378861806 -1.0093492269394559)
(1.2668504084472625 -0.26905050991139656 -1.0295210982759371)
(-1.2703188992033427 4.1452927455616628e-05 -1.0377985780637995)
(-1.0284529817377237 -0.00068894712517539314 -1.0295852362239886)
(-0.77290666409486819 -0.0019192026059108806 -1.0221246781365347)
(-0.51191822147967481 -0.0030272203012538228 -1.0183667284778712)
(-0.25252700409858919 -0.004164383756655508 -1.018397784224977)
(0.0041587338509860745 -0.0060365935309160644 -1.0165176438304671)
(0.25815620818314222 -0.0083945890392841012 -1.0083690583779727)
(0.51045241947684705 -0.010727179565619218 -0.99840685338053592)
(0.76488907560535258 -0.010551236273931758 -0.99828441853670025)
(1.0207960720613043 -0.0064718074320673988 -1.012750392278867)
(1.2669293119330813 -0.0024039599411666938 -1.0309008797022507)
(-1.2697726874801771 0.27019465146230054 -1.0375005260722572)
(-1.0284676959620422 0.26476854465493638 -1.0295775909651363)
(-0.77448603459039622 0.25869155797179533 -1.0224105251778624)
(-0.51472552070374944 0.25643974329271996 -1.0173159198989097)
(-0.2552225076124246 0.25463007153341444 -1.0167923909090912)
(0.0022545425849947939 0.25202910432278802 -1.0176256063137135)
(0.25780682655567083 0.25000621351115643 -1.0141118208838824)
(0.51301586069470773 0.24860538470478388 -1.0084263651932142)
(0.76875355761652364 0.25070067972970139 -1.0091853105738866)
(1.0232589021080809 0.25746837962130342 -1.0196121430217051)
(1.2675819815441784 0.26587187214361335 -1.0332706416062389)
(-1.2714255698120094 0.53644324883244077 -1.0384445485365059)
(-1.0147282560767825 0.54422530908190325 -1.0170559238632204)
(-0.77823767537176369 0.52112086118212042 -1.0278180487792057)
(-0.53373995503903626 0.53402831168958698 -1.0058785637580698)
(-0.25712919285674846 0.51557192379721184 -1.0175979783010543)
(0.0014605851833467479 0.5131327169157478 -1.0184736572806807)
(0.25877513053816104 0.51267646764268415 -1.0180827536867212)
(0.51674237313393656 0.51366635963092255 -1.0172390523274313)
(0.77474312518735755 0.51731054506052143 -1.0197261819215342)
(1.0278261998740204 0.52400366243191099 -1.0268898173628096)
(1.2692004324816237 0.53249924220218658 -1.0360760297795497)
(-1.274430429988612 0.79448576690186401 -1.0403585797575037)
(-1.0352288059384109 0.78870606434971247 -1.0376381880389529)
(-0.7851529003039216 0.78529324822353808 -1.0865076481574474)
(-0.52126186114584461 0.77901590018431655 -1.0280794836141467)
(-0.25936087850755835 0.7760282225101337 -1.0230351271100917)
(0.00083885040098026151 0.77503308977974839 -1.0230361800584853)
(0.26131957629512648 0.77528936200470522 -1.023466933931904)
(0.52205976038251101 0.77682315820500203 -1.0243649929122007)
(0.78111157168236434 0.78048847668015586 -1.027423863552676)
(1.0328214644564944 0.78607821128809041 -1.0327795514917244)
(1.2715198918427439 0.79244205623991282 -1.0386974326692573)
(-1.2744525781383811 1.0407158701773149 -1.0410009214100295)
(-1.021135091796564 1.0212170859418497 -1.0231261867537602)
(-0.78873220160142599 1.0354930075771382 -1.0377692307810096)
(-0.54445343205802477 1.0154848705558421 -1.0174400690378926)
(-0.26529589885077182 1.029889666868596 -1.0303422646963289)
(0.0001240622779545425 1.030352394169354 -1.0306766148592037)
(0.26493621215236274 1.030696966207534 -1.0311089430937586)
(0.52844698375448951 1.0316869833054991 -1.0320752577970804)
(0.7877488362771109 1.0340840574928631 -1.0343632459257781)
(1.0375695580028008 1.0374701221320906 -1.0376319344683149)
(1.2737514629809874 1.0406481713572924 -1.0407217240039919)
(-1.27444479703293 1.2744469030909054 -1.042002798206608)
(-1.0407488189404508 1.2745028154846418 -1.0410420388935351)
(-0.7946127769721828 1.2746338591150088 -1.0405164336156378)
(-0.53668907219185691 1.2719102332165382 -1.0387916228240066)
(-0.27048797188597423 1.2705817706550384 -1.0380600152584065)
(-0.00024544064326620027 1.2713540123233105 -1.0385328313290056)
(0.26911540135045292 1.2715328917316375 -1.0387431807443623)
(0.53500336892096712 1.2717792253315914 -1.0391073265724937)
(0.79368248988053025 1.2726817560128563 -1.039924627902248)
(1.0410109606252536 1.2740454986563348 -1.0410248429371713)
(1.2750675233660371 1.2750525714336551 -1.0423238139621605)
(-1.2734736091418037 -1.2735195896144664 -0.79543999987586933)
(-1.0357590998422808 -1.268630818953328 -0.79037986393350745)
(-0.78226651372848455 -1.2606234910557341 -0.78377739380390299)
(-0.51998471963873583 -1.2536477729553002 -0.77828116786715673)
(-0.25681264913991242 -1.2512042385862194 -0.77621912911702806)
(0.0058415374979623597 -1.2509707793576379 -0.77461463619487536)
(0.26787282714877297 -1.2522970536036599 -0.77317607296125823)
(0.52949835811472323 -1.2563696722729989 -0.77495692733500354)
(0.78704123604784604 -1.2614085206591064 -0.77966141263958633)
(1.0351131683398305 -1.266308599348156 -0.78556854125536446)
(1.2716574606353261 -1.271290819391119 -0.79243257413143631)
(-1.270918841837378 -1.0382999253276926 -0.79220770562582199)
(-1.0287672473688696 -1.0291963830412856 -0.78345157196327742)
(-0.76821540315760728 -1.014829029027464 -0.77127584983849096)
(-0.50158371273447677 -1.001236590846033 -0.76266782376887488)
(-0.24198883106550634 -0.99585593669131411 -0.76164519653665175)
(0.012657987576198092 -0.99399720725451279 -0.75687520985902401)
(0.26578020597626667 -0.99517814492206602 -0.74708867936145384)
(0.51913485028642414 -1.0011343173207452 -0.74404739169807999)
(0.77250557545401932 -1.008464079153335 -0.75206084509886129)
(1.0239337115955434 -1.0201239774647866 -0.76821934203248343)
(1.266883922881421 -1.0334286633616871 -0.78498878855815613)
(-1.2684392814129959 -0.79025837024386114 -0.79002670726147051)
(-1.0232578586415015 -0.7784715770192312 -0.77836723946050945)
(-0.76002184215607593 -0.76293170498054874 -0.76444180574265941)
(-0.49251719986079423 -0.74819494039678602 -0.75807546881780985)
(-0.23465230525220621 -0.74135985454922204 -0.76268701236827141)
(0.015778968086427328 -0.73873714052345363 -0.75614595803353046)
(0.28135617633532373 -0.70835689486621711 -0.69534103733963681)
(0.5075636340496511 -0.71501001935900699 -0.68374976401435306)
(0.73588153601781925 -0.71273569091897226 -0.68383453515604042)
(1.0158545767428213 -0.7641379900735713 -0.75131175294070485)
(1.2633063371538269 -0.78435970151949674 -0.77886806914510331)
(-1.2666743561432721 -0.53180186754634107 -0.78849669552755819)
(-1.0194748335959123 -0.52083794388238391 -0.77520246986704078)
(-0.75571166826110492 -0.50906258034610807 -0.76145322744565158)
(-0.48938424980380968 -0.49877509702907075 -0.75762206288303169)
(-0.23307523002051031 -0.49352512975054735 -0.76677792322126925)
(0.01269451346120014 -0.49154250468437982 -0.76351436152012742)
(0.26344602402342604 -0.47966939515999324 -0.702847832985804)
(0.50070726983431135 -0.47429833474512106 -0.73032923159341212)
(0.74199684710871905 -0.47740134249688754 -0.6795077329584871)
(1.0149861806708822 -0.51024012128937113 -0.74350414114225649)
(1.2622542354880142 -0.52794422067248936 -0.775679067535331)
(-1.2658426615484515 -0.26731432218795514 -0.7877010553594419)
(-1.0174244426759238 -0.26127014800386072 -0.77377779124252544)
(-0.75333041543237733 -0.25642741692384541 -0.76022090434906775)
(-0.48777645995838637 -0.25330290310768855 -0.75662422284077735)
(-0.23310314153397296 -0.2520201142872095 -0.76684207553786998)
(0.0096538152059263294 -0.251510582290776 -0.76917904107208512)
(0.25927666330830018 -0.26106653522889756 -0.71183378970243194)
(0.46606065558647164 -0.24180395192078369 -0.69744614500188507)
(0.73475053115856492 -0.25623733481734684 -0.67830675509241756)
(1.0134851771144886 -0.26045604815407603 -0.74341276518551946)
(1.2623603505990644 -0.26728913316872599 -0.77568043215724281)
(-1.2654651054621198 -4.551191683569572e-05 -0.78747475949184453)
(-1.0167792762149825 -0.0014466519876052634 -0.77340985679628083)
(-0.75268514883940141 -0.004568737596251397 -0.75931929986727265)
(-0.48766643007866384 -0.0079692601284405296 -0.75352230994977998)
(-0.23482621822821706 -0.0099167111720794635 -0.76198666412811267)
(0.0072990468067495179 -0.011452629874353124 -0.7700681709424515)
(0.24284453006756102 -0.01079410072743634 -0.76264353270539553)
(0.4855751877620661 -0.03545074584347422 -0.70092687440532342)
(0.71750751830495796 -0.038599610552155751 -0.68556186553718379)
(1.0092863930716485 -0.009643573585840684 -0.74882987139871626)
(1.2622563196459402 -0.0035219819547245915 -0.77800357288770938)
(-1.2649729336327278 0.26873548074163295 -0.78769283355846587)
(-1.017270849084142 0.25956965440791691 -0.77408043645633617)
(-0.75547806407701334 0.2478523298031953 -0.7598420810583324)
(-0.49226153569060666 0.24216882832710795 -0.749967956986483)
(-0.23911831066580119 0.23883653325896326 -0.75289569799510214)
(0.0053552502095749674 0.23544381455986857 -0.76224097360417042)
(0.24659635863804999 0.23481442815596121 -0.76119320684751457)
(0.49247066252978511 0.23454594836079079 -0.74802651776453666)
(0.74772248872100711 0.23759890343055018 -0.74360207911087672)
(1.0098744325804825 0.24883937010993265 -0.75932037090172977)
(1.2626410076032277 0.26258788624782847 -0.78170031013122976)
(-1.2684594272792757 0.5344258568353879 -0.7894924225261406)
(-1.022327061213977 0.52221245753091305 -0.7789937825811829)
(-0.76064003966918214 0.45369456320669677 -0.76501286464877016)
(-0.49875936786644293 0.50038755855073425 -0.75468634008991065)
(-0.24249792909555695 0.49528150649307345 -0.75013042360608562)
(0.0047552116934180821 0.49206311236998601 -0.75437307510715834)
(0.24952062570797159 0.49291199031331207 -0.75651139880446161)
(0.49959686746881249 0.49544126293520846 -0.75494438229603489)
(0.75749003166088902 0.50226048904384102 -0.75841351502413301)
(1.0164944558689135 0.51428031694471499 -0.77039126022821192)
(1.264560482584784 0.52847463338721612 -0.78575799278731606)
(-1.2738174412195711 0.79271943958092128 -0.79227489297184883)
(-1.0818817661265032 0.78545302680940166 -0.78694267379719385)
(-0.45361078824797413 0.76370728061375215 -0.76551524216266942)
(-0.24845346361034748 0.76014892130130074 -0.76072678937204818)
(0.0029274028576900188 0.75890866209982055 -0.7610297280201318)
(0.25489349621429636 0.75997787017187557 -0.76288370864529209)
(0.5102136988877084 0.76254428484450898 -0.7651903626292258)
(0.76940296699814958 0.76890262534164722 -0.77071349184022431)
(1.0250190406368183 0.77855519950949725 -0.77954393575489411)
(1.2679859656465584 0.78916474001485848 -0.78959054699738951)
(-1.2737498474277202 1.0394764341309191 -0.79396613003145355)
(-1.0343964784411894 1.034572949855346 -0.78964440536442593)
(-0.78563122313466849 1.0827255298528258 -0.7873775189741371)
(-0.52282381933613409 1.0248747241354896 -0.78011888604898993)
(-0.26049008965163123 1.0217041728325429 -0.77595416407232221)
(0.00077310239958805829 1.0223504945124284 -0.77593493360192722)
(0.26140918100158017 1.0229803074313701 -0.77683360924154565)
(0.52226813532661664 1.0242973850853565 -0.77858385121240148)
(0.78145150959472487 1.02768904649656 -0.78202562231412232)
(1.0331752030937997 1.0330966164798348 -0.7871230026353554)
(1.2717403069921072 1.0388745898997518 -0.79295093033475239)
(-1.273785172500381 1.2738028190369401 -0.79631201660563056)
(-1.0395304910070988 1.2739211210463672 -0.79406835646426721)
(-0.79302005525723085 1.2744617178392845 -0.79268759235478847)
(-0.53503998138838027 1.2699584877357994 -0.7904164217765266)
(-0.26938008503363614 1.2673863285167757 -0.78913987825050602)
(-0.00019353378519114742 1.2684028636783178 -0.78927633145703802)
(0.26768340756795206 1.2686968409861272 -0.78961186237903425)
(0.53266980019253407 1.2689965974337101 -0.79027608594381193)
(0.79142668646654779 1.2702221430402578 -0.7915631604021901)
(1.0395712970077033 1.272363428764407 -0.79347621313051542)
(1.2744815989089533 1.2744616841631058 -0.79625326433788779)
(-1.2726761542337963 -1.2726486080381418 -0.53701364174973898)
(-1.0329473359288941 -1.2655470524418519 -0.53106131139663171)
(-0.77525703782586564 -1.2533571415010962 -0.52242800356360042)
(-0.51001076654503763 -1.2437650001442369 -0.51454439174630817)
(-0.24903865803241074 -1.243108148683566 -0.51203677324697705)
(0.0085039372235691871 -1.2440223165143121 -0.51094720019049356)
(0.2660466914418399 -1.2454930048843389 -0.51076668408086034)
(0.52617891827902752 -1.2520351200938418 -0.51475573654361451)
(0.78388933266583904 -1.25905971980107 -0.52036506828336915)
(1.0322641910326718 -1.2642011838665965 -0.52621813111666071)
(1.2699818725467094 -1.2699933159440935 -0.53354732826355522)
(-1.2691390506734694 -1.0364554766314138 -0.53317215969575249)
(-1.0235663487807876 -1.0234123180600156 -0.52263302217952912)
(-0.75605173195417008 -1.0006622442086597 -0.50615970363162854)
(-0.44735807236483283 -0.94221881835718513 -0.46047931751941001)
(-0.20855679699722107 -0.94626987384237771 -0.46849424815236762)
(0.018524333533043398 -0.94627047775173201 -0.4662424113625655)
(0.24539734238393901 -0.94846373041873855 -0.45272483819250448)
(0.51510562933615067 -0.99950830574899951 -0.48459588118788577)
(0.76689549211565067 -1.0059806732089218 -0.49267851404004981)
(1.0167660887508863 -1.0144979424610878 -0.50663821480985249)
(1.2620484830999159 -1.0295336458804929 -0.52388366489590865)
(-1.2658790161703499 -0.7877394215122443 -0.53053122527236596)
(-1.0166009169605901 -0.77142264058878685 -0.51670355756448316)
(-0.74792042845724427 -0.74735493071354619 -0.4981440152156808)
(-0.44677017730576568 -0.70143310439479833 -0.46413009274473094)
(-0.19744697628999996 -0.69262553716416364 -0.5362135763353485)
(0.022715599976614247 -0.69526301354206699 -0.54019360550795092)
(0.26247786315115673 -0.72646930525046227 -0.47203618695072525)
(0.50313303668324094 -0.77719274408786665 -0.43487068517331184)
(0.74104387867598853 -0.71735431031100849 -0.44229414651993249)
(1.0074450389356988 -0.75607469311358166 -0.48867194954202248)
(1.256060968089598 -0.77890893203659772 -0.51561000575083371)
(-1.2632557999965532 -0.52927006863082238 -0.52862439486687984)
(-1.0104142171583714 -0.5138443916032841 -0.51242015259642226)
(-0.7430755901127315 -0.49668204787620196 -0.49513228647410668)
(-0.44790804927060685 -0.47174678884451787 -0.46613152668181035)
(-0.19486172626870649 -0.46586170127100973 -0.54337991696581656)
(0.020767430315646221 -0.46664978982306798 -0.557207116245796)
(0.17246666649395948 -0.46630836331041919 -0.55104906804792331)
(0.80803985195735029 -0.46764546510523242 -0.43141697067375706)
(1.0111781880890489 -0.50259863710297614 -0.48110138797797131)
(1.2552190383154114 -0.52409874041218707 -0.51193954443936995)
(-1.2615853469655125 -0.26574628939840522 -0.52749534318865365)
(-1.0053559569206889 -0.2567805829443407 -0.50996584251231325)
(-0.73781255337988749 -0.25050657740191157 -0.49525265466142071)
(-0.44769484078480737 -0.24627575054867154 -0.4682242450715336)
(-0.19368508424328298 -0.24591878767940278 -0.5390268452664736)
(0.0202985404740509 -0.24477301898453388 -0.55920788365886764)
(0.2158429097731846 -0.22737601103621691 -0.56005990470344225)
(0.35261568334053178 -0.15655313592582817 -0.5585178470725416)
(0.80233196404695306 -0.24690114623963164 -0.42870563065857648)
(1.012972598697218 -0.25577199391581612 -0.48151364461559071)
(1.2569656296221159 -0.26649633309034571 -0.51281390807010807)
(-1.2606795192026594 -7.2106725796192844e-05 -0.52718332477357299)
(-1.0030849106068307 -0.0018654406488833909 -0.50941637409071039)
(-0.73427609083424361 -0.006325531747794242 -0.49537594128291851)
(-0.44539447252912179 -0.020200829595342334 -0.46642930181550202)
(-0.19583920585672024 -0.025553825389880977 -0.52855479666318261)
(0.019657419774825394 -0.025266232051498153 -0.55277187727396671)
(0.22592566407171077 -0.019273418331119365 -0.56242288321155853)
(0.43133461996849665 -0.013547243997012008 -0.54611348614183697)
(0.72513713685548664 -0.020784241339713062 -0.45300210088991744)
(1.006660229919689 -0.0098567962833148153 -0.48851799740169488)
(1.2587597829469148 -0.0047486437669173459 -0.51722721502264402)
(-1.2599549347979253 0.26784838912537573 -0.52809216771029699)
(-1.0038628667246035 0.25583302241602912 -0.51121680526952096)
(-0.7366501947865185 0.24107044714022258 -0.49518009661032159)
(-0.4450025640016172 0.21151933562770436 -0.45434433671671481)
(-0.2176342851468081 0.21975576183118792 -0.46521496395757345)
(0.016712153759955425 0.19921477857566955 -0.53577595880358109)
(0.23028794883838852 0.20252370653038118 -0.54838906445460156)
(0.47293634416434427 0.22148764385092962 -0.4918162707888869)
(0.70460015375451879 0.20445271823134797 -0.4602308783372967)
(1.0021806325633218 0.24297079980323133 -0.49891464862133078)
(1.2597221899296212 0.26019649528448485 -0.52230332990070549)
(-1.264320819169378 0.53324786481848885 -0.53059588641866395)
(-0.98217903738165158 0.5499705219185087 -0.51805417947680765)
(-0.74919409128361336 0.50034266260755889 -0.50376786884576152)
(-0.5213483506599047 0.52639110256266497 -0.49261737333540206)
(-0.20671540669147809 0.44947859952042934 -0.44902282001862864)
(0.016366454955628017 0.45145695985090234 -0.46259367992095324)
(0.23464467125738117 0.45818711373483312 -0.47327879847157633)
(0.46306627220193974 0.45794763976982117 -0.47201768090397761)
(0.7431204357649337 0.48982348788050489 -0.4969103500429059)
(1.0062321757122989 0.50495005434172313 -0.50844202347446055)
(1.2612235895507651 0.52511552540585682 -0.52631951094033236)
(-1.2712217667451708 0.79129811420628415 -0.53363771137494442)
(-1.0257388453724856 0.78067206268791811 -0.52600861345069039)
(-0.49953750846366374 0.75714662378305864 -0.50532011972888291)
(-0.24090906728249795 0.74969666100383947 -0.49631559774879697)
(0.0059177207502357082 0.75037385633431664 -0.49622197555437281)
(0.25070311155601216 0.75259685720036651 -0.49966162959351812)
(0.50071059513272742 0.75307680481272254 -0.50282746762187902)
(0.75855118488249673 0.75839211808065887 -0.50833919633659408)
(1.0173965757487244 0.77101479063139067 -0.51806259670254362)
(1.2650716491213785 0.78616404061718759 -0.53014620764728648)
(-1.2718469663988943 1.0379793313868766 -0.53596842592068117)
(-0.99813838201216465 0.99893617456304218 -0.52948336288816189)
(-0.7803525951077267 1.027868061882544 -0.52662989603236987)
(-0.5511676784080527 0.98859569423628857 -0.52052387567172831)
(-0.25816096947646333 1.0160469441692019 -0.51600076979426157)
(0.0015597705879199925 1.0176702946261476 -0.51517755698161272)
(0.25920324218342833 1.0186349074817622 -0.51632120103902668)
(0.5176944567312376 1.0195793563180613 -0.51825905175126785)
(0.77624111969944876 1.0228003576596845 -0.52165241173966626)
(1.0292555170571311 1.0292553037943886 -0.52703385791126534)
(1.2699888330678952 1.0371773267407121 -0.53392438680148413)
(-1.2728933285028401 1.2729417089671746 -0.5385518485320937)
(-1.0380379437966158 1.2722212082100159 -0.53612373397873714)
(-0.79184258862927981 1.2726179642152284 -0.53431481814189763)
(-0.53444664598797331 1.2675647909998684 -0.53217087281605568)
(-0.26903615083873089 1.2650910208820045 -0.53054772271678052)
(-0.00010911359061339596 1.2667305158300837 -0.5301332116732238)
(0.26683879107990122 1.267161454521774 -0.53046081244633003)
(0.53106605012952846 1.2673696557077436 -0.53117087112670236)
(0.78966657450041788 1.2685616223598137 -0.53247543690604704)
(1.038296581972096 1.2710460790959415 -0.53458963456203346)
(1.2739716958964988 1.2739522259443603 -0.5378506146362646)
(-1.2723992944877507 -1.2723208789204417 -0.27048971094679647)
(-1.0319309954486298 -1.2645252448301545 -0.26625613140944498)
(-0.77295421055389701 -1.2513589593720722 -0.26003080225879804)
(-0.50700695763421477 -1.2427012745910866 -0.2530906388036821)
(-0.24708708793315157 -1.2459357123420138 -0.24927662340505907)
(0.0098759186795182065 -1.2483919673845723 -0.24927751557165023)
(0.26665081392705098 -1.2467995814820945 -0.25134907234918813)
(0.5238645761935905 -1.2506624467920562 -0.25417869752978495)
(0.78045212250369156 -1.2579554399577442 -0.25783022580341824)
(1.0298727114663995 -1.2636904388762435 -0.26227710806302951)
(1.2686463511214709 -1.2694209119355728 -0.26757167652165664)
(-1.2685627760462519 -1.0356585989115896 -0.26768621834223583)
(-1.021688408537565 -1.0210756175154989 -0.25989652285843934)
(-0.75291673013657601 -0.99589179820145546 -0.24707369168042717)
(-0.44814774598959123 -0.94306572498224805 -0.2207173384639288)
(-0.20372349870229078 -1.0067944318853881 -0.21325213037941837)
(0.018792196865400939 -1.0058002106547308 -0.21032214494339471)
(0.26066977618198822 -0.95863104366149177 -0.2189067585573298)
(0.51489761997973804 -1.0053304038238784 -0.23744247822233766)
(0.76076193006397419 -1.0087467968283088 -0.24005316783127303)
(1.009594386127137 -1.0131735901875853 -0.24708195572912353)
(1.2576612032303922 -1.0270060906416334 -0.25920059042354887)
(-1.2649111218655993 -0.78649695602957181 -0.26570371843240248)
(-1.0141241832877359 -0.76825769798791133 -0.25521845951414351)
(-0.74730578174136941 -0.7417156651857556 -0.23905233469397319)
(-0.50278432984522969 -0.69066114174204696 -0.20938491982023294)
(0.35453599374364542 -0.80087442447134505 -0.21328868865785142)
(0.50525593749825182 -0.79578599998771704 -0.21435384965978613)
(0.73631726483228277 -0.73142661752028393 -0.21863388810088674)
(0.95807990952851319 -0.72139782614493331 -0.20616684132119573)
(1.2493851321904013 -0.77487033506878966 -0.25139126214879659)
(-1.2616262636889419 -0.52792826346641208 -0.26423552475368289)
(-1.0054822834654078 -0.50994194382095948 -0.25144542520552343)
(-0.74301739998708749 -0.49146956869343317 -0.23585789734344198)
(-0.51729809546822492 -0.46625112682704467 -0.20807780794189662)
(0.81379701277646743 -0.46520601592447713 -0.2714817632332116)
(0.96718306046472302 -0.48850309319846585 -0.20758122165425608)
(1.2491781942817566 -0.52124095773014634 -0.2483478598548802)
(-1.2591275869394127 -0.26493839492139148 -0.26328182344655587)
(-0.99671810321937981 -0.25385780494173027 -0.24874337868555169)
(-0.69558565343743894 -0.22516132795713745 -0.21610664148544698)
(-0.52573435820809045 -0.24898199084563705 -0.2277697581424416)
(0.81146839698228501 -0.22831604492073587 -0.21159455324209608)
(0.97117238217563417 -0.26514942037520295 -0.20234386839497631)
(1.2525342349051707 -0.2660335880323495 -0.25032932916842904)
(-1.257568008011998 -0.00026812710364462408 -0.26300539397917488)
(-0.99179258834838768 -0.0029322870598981563 -0.24769439973708643)
(-0.69120127888930816 -0.0069704293445562015 -0.22514185776715512)
(-0.51993782382335951 -0.015502540027318842 -0.29793818582938053)
(0.78890251500602326 -0.022288304522496132 -0.21081174681587328)
(1.011116338822257 -0.0079047506994514068 -0.23842574643843137)
(1.2569336688275408 -0.005695263135143229 -0.25575914890283513)
(-1.2568427071171344 0.2668616380231022 -0.26378839067251797)
(-0.99286073316964218 0.25209595771890853 -0.24970243445381901)
(-0.6864922557650992 0.21745375045806331 -0.21555769569290706)
(-0.46101648031709691 0.24034903494392168 -0.2283213213012186)
(-0.29026105444902589 0.3025927149635414 -0.20250723885777508)
(0.5450042648385236 0.29513285950231882 -0.32144363048109675)
(0.71857430915181353 0.21483271151294453 -0.23517509231483161)
(1.0043895099825255 0.23990530278404038 -0.24592729345379533)
(1.2592880569844931 0.25857407710056418 -0.26048017125826234)
(-1.2620702661336951 0.53213817762725335 -0.26572007218044741)
(-1.0060678368410911 0.51561909288610186 -0.25585027950147238)
(-0.73474469393536779 0.44543047005133712 -0.24338939896643988)
(-0.48287968711493695 0.49679303061183039 -0.23617321473150815)
(-0.21213333507303669 0.46151080480757695 -0.21310561590189042)
(0.02589102098530412 0.51488472682162145 -0.21187502360476013)
(0.238466756015489 0.53003286397080929 -0.22020553030495985)
(0.47592062168133309 0.47587714540021553 -0.24195444102319694)
(0.70307490316730337 0.44950562789498705 -0.22176802738541493)
(1.0020987354728044 0.4983414259988157 -0.25031132044141363)
(1.2601349328337141 0.52281453963305147 -0.26309012680423621)
(-1.2700499418079521 0.79049950305031158 -0.26793055738650029)
(-1.075121516171587 0.7814376155236451 -0.26329120880039192)
(-0.4423647343845506 0.75262917825642295 -0.24614759898476049)
(-0.23758451064722363 0.74932830161707042 -0.24143959316632005)
(0.0080503008545588332 0.75470497605531506 -0.24085302993854113)
(0.25048679872238178 0.75903090500434722 -0.24448585508797913)
(0.49713223634323112 0.75463716104658807 -0.2474129027050776)
(0.75230843690728477 0.75355777184856088 -0.25006341420825617)
(1.0127239061010762 0.7657588662664444 -0.2566048299484906)
(1.2637597108445717 0.78418233861468845 -0.2655703750743118)
(-1.2712954799740586 1.03752540598929 -0.26964550532080517)
(-1.0297600692129472 1.0307736488818831 -0.26591123564630675)
(-0.78134727941393822 1.0784914444444538 -0.26393136221868663)
(-0.51840069364843644 1.0183586088873389 -0.25900467759890816)
(-0.2565943761627858 1.01463505681161 -0.25591260257719722)
(0.0022355904015383538 1.0170825257672977 -0.25532049223583925)
(0.25849082402281059 1.0184929825796145 -0.2563320907489598)
(0.51562934143370587 1.0187451523803981 -0.25781287407286668)
(0.77356428862309667 1.0208995508082592 -0.25993269087246723)
(1.0271780547615892 1.0272411895867035 -0.26342014099915134)
(1.2691640755817013 1.0361617334301396 -0.26821216852866486)
(-1.2726583002690504 1.2727395036776086 -0.27154571177366066)
(-1.0375741811940915 1.2718710977369361 -0.26977347603426105)
(-0.79124476102074526 1.2721891012608282 -0.26850654795210954)
(-0.5338723396577999 1.2670498091045161 -0.26711928884726627)
(-0.26860833566872439 1.264628790879065 -0.26604967422504511)
(2.7573270805728023e-05 1.266494190853541 -0.26574420538692922)
(0.26653305718110609 1.267053635717474 -0.26598671528994733)
(0.53032473078442266 1.2671368296699583 -0.26649035297374374)
(0.788776780985044 1.2681114034606131 -0.26732613865479532)
(1.037651590793359 1.2705601339085257 -0.26873564131110317)
(1.273708636925267 1.2736870360834407 -0.271023352405173)
(-1.2726699661645284 -1.2726222155216469 0.00021319547950965009)
(-1.0325423679018384 -1.2653367791749659 0.00092112237871183264)
(-0.77495691757914587 -1.2538059859181394 0.0024593832433181112)
(-0.51056845438279685 -1.2461788619916288 0.0062222916255931307)
(-0.25051553404865423 -1.2500368025294946 0.0097564553481014789)
(0.0088443904922586233 -1.2545308488153977 0.0076736925298926846)
(0.26639561203625783 -1.2512176091226539 0.0045321370197153668)
(0.52109581710358155 -1.2500395784137794 0.0046503475863056802)
(0.77746410321303816 -1.2567175393328718 0.0040853881344975612)
(1.0285993535284248 -1.2638870006938772 0.0025860175098831456)
(1.2681882315599016 -1.2695559659074851 0.0013923442162413653)
(-1.2687912239033532 -1.0358803248614681 0.00058506317738472174)
(-1.0223311178405299 -1.0220371442554212 0.0023942931231115475)
(-0.75520330279511372 -0.9999677076716782 0.006726305943494968)
(-0.45116077722104081 -0.94825027991904531 0.0072363570341474528)
(-0.2265005383863074 -0.97011107076405634 0.039409660180505922)
(0.019421422411512086 -1.0171703910076768 0.019181210878388526)
(0.26568772816319192 -0.96472622481127568 -0.00045053446890182811)
(0.48290007573600446 -0.96451230152666023 0.021128087547281998)
(0.75586865362914935 -1.0125467681146003 0.0072564205852784659)
(1.0063670456546805 -1.015904346655506 0.0067214903313618998)
(1.2562043794366469 -1.0270838515557592 0.0038516971966772798)
(-1.2651008984554768 -0.786623913558812 0.00093234387259319429)
(-1.0146204761000166 -0.76907588179645636 0.0037445255915683866)
(-0.74835740985029009 -0.74554892827702601 0.011332384600955703)
(-0.45926235380457642 -0.71349046926073756 0.035743305645844839)
(-0.29882600607875465 -0.79257007372587074 0.12829189433835275)
(0.36182830273036254 -0.80710157259702386 -0.081453317916572968)
(0.5063497624308263 -0.8050232700139055 -0.0038912550099305231)
(0.71267172919475008 -0.79546092801153234 0.01617075023543299)
(0.95448528708284885 -0.73282145366135343 0.019693606042860433)
(1.2483842443514419 -0.77501831266592425 0.006677886541133507)
(-1.2617286426936676 -0.52806499059965406 0.0011357743679417318)
(-1.0060026623814153 -0.51095028765871031 0.0042375381256369651)
(-0.74546847000526983 -0.49526545404725614 0.013087373838902103)
(-0.51683256370861674 -0.46919611644567927 0.022004683476703701)
(1.0067915125678197 -0.48986807279434141 0.024262781859881712)
(1.2495236931982365 -0.52044321716457609 0.0072571705232980233)
(-1.2589484952370333 -0.26517919716754779 0.001212936962705833)
(-0.99658156501692063 -0.25541406260173122 0.0046494718517662015)
(-0.69733034490382895 -0.23321087643931318 0.0080735258310621807)
(-0.53295705165258711 -0.2618576119310127 0.042657013062835751)
(0.81554617149641073 -0.15599757058320968 0.006547925302565101)
(0.97100246861742256 -0.25008185535827498 0.01418174261458871)
(1.2519484042207751 -0.26515733253430157 0.0052002595983329757)
(-1.256940486255212 -0.00064973028460812987 0.0011186893753706052)
(-0.98958763051964005 -0.0047626904770683848 0.0045624936532354422)
(-0.6902694224603817 -0.029890720258385805 0.027588633829348046)
(-0.5380151238253591 -0.12498387957812779 0.11404361102164529)
(0.80749831392899485 -0.014138226010428811 0.0021079088267765295)
(1.0158292657930181 -0.0074153623944564553 0.00097750118465707476)
(1.2553284803420242 -0.0072662673769143225 0.0029436171282674201)
(-1.2559627536516305 0.2663694889489584 0.00083963809141584037)
(-0.98940586163322231 0.25066310162200789 0.0030598365684613646)
(-0.67969801364082927 0.22536298246421677 0.0079212414919223022)
(-0.44597847906652727 0.29717964660320895 0.011495347940069442)
(-0.29137343789230907 0.30998052067369902 0.012823824138387736)
(0.78004287624141322 0.19456427891437103 0.0072575417416688645)
(1.0105859205229946 0.23645737791870658 0.0013499287808694145)
(1.2587743424106499 0.25620585302249999 0.0015062676847326199)
(-1.261395339798759 0.53169507066435573 0.00051812812411706002)
(-0.97387589935356589 0.54646103519248657 0.0014861828503418065)
(-0.73626778367409729 0.50068386123614494 0.003447687165400263)
(-0.51703552779381223 0.53534623934210923 0.0060069859545521676)
(-0.21005031701342394 0.46212439419143952 0.0087644379459141369)
(0.03021475332388927 0.5127132201951502 0.010145037789581098)
(0.24267842435854375 0.53588491190943432 0.0084857928577636334)
(0.46255087575812881 0.52983823467957181 0.0072799210530202635)
(0.70960650003003067 0.45102829595435112 0.0080647355919307613)
(1.0044886686076222 0.49560669606374624 0.0017480520302188725)
(1.2603568305649175 0.52141271378787446 0.00071327249506867446)
(-1.2697514097653493 0.79023696838568558 0.00028004015229980347)
(-1.0228377823324359 0.77886564130447888 0.00069298121131678803)
(-0.49532721564305371 0.75548081320493521 0.0031875726959976459)
(-0.23687326621304144 0.74998147164524198 0.0050528657193585555)
(0.0083145625682829981 0.75688682462720536 0.0058374513205411011)
(0.25048367092849944 0.76491255279634285 0.0035813766290722013)
(0.49707578548466563 0.76037782221094519 0.0014323228949488544)
(0.75187231363761753 0.75420500312884531 0.0015475488244283062)
(1.0122639510843352 0.76410251434858245 0.0011531979268696278)
(1.2636822022858256 0.78333567435482387 0.00044566986486603219)
(-1.27121985343905 1.0374455546239796 0.0001382431218586444)
(-0.99632124616954243 0.99778780115058652 0.00047666488392812678)
(-0.77817051579054819 1.0266579707127523 0.00066400471698206209)
(-0.5486521326215521 0.9869481586151343 0.0013243626618744987)
(-0.25605975310323154 1.0145937284142852 0.0020073374255820849)
(0.0025394825425338538 1.017449760201071 0.0019898979279246373)
(0.25851570497957266 1.0193610724333402 0.0012746801816538138)
(0.51540623389406459 1.0194594665941872 0.00060439522618676092)
(0.77314219739580414 1.0208329074533389 0.00043666259137431843)
(1.0267859497586422 1.026698335931304 0.00040216046615627193)
(1.2690384476846206 1.0358132656812571 0.00022818891735829072)
(-1.2727339993922135 1.2728294642925113 5.1000500053025727e-05)
(-1.0374924243637453 1.2718882791943213 0.00012336756923199757)
(-0.79106604893861154 1.2722146850895628 0.0002411950040928923)
(-0.53364947226411619 1.2670779311477749 0.00042934510757860686)
(-0.26839673364160643 1.2646626651184516 0.00058971231996718734)
(0.00016161309120281062 1.2666010892001349 0.00057761718868007059)
(0.26654823686187118 1.2672424752364961 0.00040448636684737443)
(0.53021001068003448 1.2672947596986275 0.00023180987132833536)
(0.7885946704634007 1.2681362988370313 0.00015913556924850025)
(1.0375309563947503 1.2705001249753813 0.00013038863182933055)
(1.2737571295503292 1.2737144119035715 7.7141872313817722e-05)
(-1.2729466913296534 -1.2729720087158101 0.27103491686881986)
(-1.034001892193205 -1.2669297764252887 0.26848111881451786)
(-0.77946192091770483 -1.2583371011349351 0.26646532335276613)
(-0.51624027603632328 -1.2509537523534981 0.26597260211776569)
(-0.25364610620012568 -1.2518417842292027 0.26518682691112599)
(0.0071031797286467656 -1.2578814052888607 0.26144979680351893)
(0.26488926019631653 -1.2555278776093093 0.25894228561377042)
(0.52000372843033094 -1.2504924328639451 0.2604271424309294)
(0.77693494896573723 -1.2556247416949953 0.26352343380789905)
(1.0286728050230272 -1.2636421478029085 0.2666130909818083)
(1.2682496512771113 -1.2695355874392478 0.26995325766624306)
(-1.2692926932701794 -1.0366105604828182 0.26890781589777463)
(-1.0242677830713784 -1.0246316752889872 0.26466905171983984)
(-0.76122437592918446 -1.0077728903270422 0.26095792521887179)
(-0.4985840131234473 -0.99568954415585842 0.26244760220865271)
(-0.2288593325505596 -0.97120856489212348 0.25999380870850186)
(0.019877996985336037 -1.0273485721876718 0.24614526229630104)
(0.24289725108012436 -1.0142740469348119 0.24257363587346084)
(0.4860008124783417 -0.9654833213734515 0.24441841049579013)
(0.75796207441378882 -1.0124189328130526 0.25250476324023374)
(1.007519902678585 -1.0165497974730211 0.25853773260883467)
(1.2567935051053829 -1.0275797225179268 0.26567768159339478)
(-1.265812093887845 -0.78759019618727155 0.26745957393542652)
(-1.0165175407597908 -0.77193568989237438 0.26177201898899477)
(-0.75008279455018123 -0.75256707942372136 0.25771310319089547)
(-0.46040474411575066 -0.7159624576108391 0.2464912622917553)
(-0.3049343065404867 -0.73751124944439661 0.27870867739868949)
(0.56416932557288013 -0.80913592389364652 0.2346146279634469)
(0.72160252910745393 -0.80228639437623839 0.23607036469217235)
(0.96015892806385816 -0.73690891034098749 0.24200594830525829)
(1.2493376278903761 -0.77585575592326106 0.26231604230762728)
(-1.2628873494492945 -0.52913812312067754 0.26620494845927711)
(-1.0100336001738435 -0.51469213699611172 0.25878098840839392)
(-0.74706583773813207 -0.50184801346094909 0.25468548112277201)
(-0.46985848544533254 -0.49326574823195352 0.26053536528184201)
(-0.31977619506124189 -0.58402521600574597 0.34484816906884963)
(1.0131346539991228 -0.48980177480870707 0.2376153262704474)
(1.2498858197294624 -0.52088932257375986 0.26031643017358824)
(-1.2605141771011756 -0.26598875697603852 0.2651284552669374)
(-1.002984228776433 -0.25863229451158148 0.25565132824511949)
(-0.74638465668227183 -0.25942037322082573 0.25204708727572145)
(-0.52760668663963672 -0.25732512307803962 0.2449500068410336)
(0.81852119138884361 -0.14773777607955862 0.12544789716428484)
(0.97157582586556845 -0.2459788479529256 0.21839702141962478)
(1.2504827880632181 -0.26662040216620653 0.25912575553740441)
(-1.2585315340749592 -0.00087698492858544544 0.26446590183109081)
(-0.99580249068050442 -0.0050609582152331828 0.25272891723639823)
(-0.69494714418452463 -0.010296092102114882 0.22664503528898336)
(-0.53237229523929797 -0.049531214883778672 0.24909419623509588)
(0.81607279219493123 -0.015532712607586541 0.20412612341879452)
(0.97271975124763066 -0.039872368895698722 0.24414192015118613)
(1.252086582659885 -0.01103929672127052 0.26006937768452748)
(-1.2571953257443333 0.26658426141024039 0.2647908977506952)
(-0.99405812614946254 0.25159715300419627 0.25273736041301897)
(-0.68419418575570212 0.21545704010926148 0.22222925519390024)
(-0.45886123609865875 0.23771387785272152 0.24132487207785766)
(-0.23261020093691104 0.30383517116234798 0.25010748619928969)
(-0.083866911675168548 0.31065663930788318 0.32605485296263237)
(0.79680165602860287 0.19241463098741074 0.2282185693106919)
(1.0120378470099025 0.23199151972106241 0.24660156600154304)
(1.2568126319915425 0.25322668486193672 0.26204816890358551)
(-1.2620750302188706 0.53198263964918535 0.26636179840229995)
(-1.0062425521023397 0.51543483930579836 0.2576922927693811)
(-0.73521473170588103 0.44563420512159435 0.24827141496056129)
(-0.48289259743222457 0.49941697112527245 0.24645348667979255)
(-0.20748465032752086 0.45909464521743698 0.22764343452535502)
(0.0089091404024963742 0.46448340840181829 0.24721660586433333)
(0.24496176391153202 0.5259480965917116 0.23070311712493541)
(0.46724959446929104 0.52913201966782142 0.22958160986569914)
(0.71966410178360596 0.45264153877537766 0.2337142395387164)
(1.0076776660887152 0.49509877656264639 0.25123667080017298)
(1.2604734095651171 0.52066466522598653 0.26374114707212648)
(-1.2700040194247366 0.79041400366899317 0.26832409501277987)
(-1.0752009761200572 0.78149007308367113 0.2642667160918758)
(-0.44316289208757809 0.75412454261217277 0.25236585187527766)
(-0.2383395646601153 0.74908559258920704 0.24996559606283622)
(0.007306789443943161 0.75242595133335799 0.24871904676936729)
(0.25038694433244335 0.76212037957685008 0.24685078138759439)
(0.49879531426545631 0.76116216821761862 0.2461586253540701)
(0.75439773725207226 0.75491786959242679 0.24990594860394216)
(1.0136507227342286 0.76416772133740629 0.25740670494028628)
(1.2639214756154804 0.7832179443590066 0.26596672030323665)
(-1.2712875070083667 1.0374977333069633 0.26986242365146962)
(-1.0298564497321705 1.0308598592341798 0.2665819731957097)
(-0.78149482961743455 1.0786394933683574 0.26495555109691948)
(-0.51850630314254453 1.0184981763851699 0.26132400412961704)
(-0.25645172046020587 1.0144321696407859 0.2591053311597934)
(0.0026057381152750983 1.0167237529249085 0.25803163284774217)
(0.25898994513100093 1.0186354306057526 0.25746229663488485)
(0.51618858703676718 1.019153878094277 0.25776495539168148)
(0.77393505697055176 1.0207856379536451 0.25984041429550686)
(1.0272304991481227 1.0266916693825996 0.26364702424634667)
(1.2691008793487057 1.0357673425403546 0.26844737672612357)
(-1.2726627831431632 1.2727360331473145 0.27163053212642096)
(-1.0375884194967917 1.2718708146226492 0.2699817851872115)
(-0.79125975601570953 1.2721887210552234 0.26892230990840016)
(-0.53383993345451519 1.2670135655268264 0.267849841739212)
(-0.26846805222578796 1.2645094604589198 0.26699723093995026)
(0.00025618817479758013 1.2663307420314047 0.26656462117105234)
(0.26676028972207866 1.2669364610462914 0.26642002240224222)
(0.53047334523697609 1.2670531580903754 0.26661328517767147)
(0.78881717058782408 1.2679836549651808 0.26738572931031945)
(1.0376146255691336 1.2703997525197028 0.26884123291855749)
(1.2736633187946973 1.2735779513745014 0.27111606292903717)
(-1.2734639658377196 -1.2735344564062241 0.53772005846764837)
(-1.0358224220178212 -1.2687343748104589 0.53368539570271512)
(-0.78353561148075035 -1.262222221442594 0.52995217075131051)
(-0.51965113557373532 -1.2543168800319811 0.52540554171996423)
(-0.25356907264372325 -1.2512115281582255 0.5201807425342766)
(0.0076723394532420101 -1.2550657240474847 0.51646151695992126)
(0.26471560965199292 -1.2534559697122347 0.51410052330358069)
(0.52044132022370204 -1.2490171275403879 0.51515879100522188)
(0.77792348569143677 -1.2543682527153757 0.52148739982403636)
(1.0298299561060202 -1.263238360030106 0.52852083680058148)
(1.2690213324052304 -1.2697183999827673 0.53486541248465336)
(-1.2701350733509351 -1.0376539584062496 0.53433343676541489)
(-1.0271217695961739 -1.0278280074227115 0.5267755763595906)
(-0.76845036717216664 -1.015237239790149 0.51877899870086219)
(-0.50403387069233185 -1.0013368195752383 0.51035647689194152)
(-0.22308104230428127 -0.96809233032975328 0.48672657513606365)
(0.024900649743531612 -1.0267924718913188 0.47621135451152397)
(0.2466720274343511 -1.017664864927198 0.46963370570095392)
(0.48879044144972211 -0.9638429542363498 0.47066760869739011)
(0.76060825152693512 -1.0053840022882685 0.50072794977448543)
(1.0111284396894999 -1.014707373293646 0.51312923343592531)
(1.2589468517543765 -1.0284108096619535 0.5266695757536215)
(-1.2669486206007687 -0.78896972735200865 0.53176710936517191)
(-1.0195082190096487 -0.77546176288805835 0.5205728847003237)
(-0.75517163483781424 -0.75933304758333287 0.50840901319957876)
(-0.49833629230211779 -0.74968409643218492 0.50095056133104621)
(-0.29429914284652003 -0.73025365253540764 0.48416362784415595)
(0.56532681637511251 -0.7996606178717115 0.45157346973496509)
(0.74066127799980574 -0.74182104450520847 0.4810524646269877)
(0.96598236109590618 -0.72946078095998579 0.47483153583470744)
(1.2512061964997301 -0.77727766417395849 0.5201757303641722)
(-1.2646126979983447 -0.53053400727615951 0.52953061284601299)
(-1.0145057740674372 -0.51818020485683447 0.51500241203326547)
(-0.7489799091481002 -0.50533740681760475 0.49845061518824951)
(-0.46258527535180516 -0.48686115615924008 0.47463757265067852)
(-0.3071698216620859 -0.57461647840357977 0.47802436675209686)
(0.8054557982521543 -0.47960058503406749 0.5582272540141896)
(0.97553307126950628 -0.49417347186365496 0.48498361640327514)
(1.2499759981215193 -0.5233992258277429 0.51809620648090371)
(-1.2630446463747993 -0.26687745156898462 0.52773328932189556)
(-1.0107811479944473 -0.26081009116221449 0.50992676433882977)
(-0.75127054870572174 -0.25838367182402022 0.4894839099044106)
(-0.51817028337282511 -0.24828712578030349 0.45526309350406713)
(0.81028408803444785 -0.26327247276309346 0.56054253098876927)
(0.9740229636966371 -0.26888415612714073 0.48653937477247772)
(1.2502280193789266 -0.26938953851180775 0.51780445154004917)
(-1.2616602236078811 -0.00089384859107369263 0.52679221622863515)
(-1.0067033368799001 -0.0043778080399757106 0.50661956928643304)
(-0.74754712986142946 -0.011776727734398066 0.48395683488249847)
(-0.52722183197227346 -0.027355313932838611 0.45100880761164008)
(0.80857141760802487 -0.030590818504153967 0.47854213802682061)
(0.97040645187790397 -0.048158122682271362 0.47332476265275691)
(1.2515991572976564 -0.01252224985814103 0.51842500670827107)
(-1.2602417104415677 0.26726120871243697 0.52755393860496591)
(-1.0049234615610629 0.25418268753585305 0.50840694551015919)
(-0.74125455609874535 0.23860667182807677 0.48754702179245463)
(-0.46188236944117395 0.22001821353133172 0.46043835165259034)
(-0.22525335978063138 0.29326962560044639 0.46406520457761746)
(-0.073010859486360616 0.30309614931015932 0.46117381392924367)
(0.79522666060429115 0.19284686420487826 0.4586677770126481)
(1.0085359346656595 0.23067315139788186 0.49728441004612656)
(1.2562155468976417 0.25289790944534035 0.52134589531286879)
(-1.2642377904448199 0.53283728755759585 0.53032434547255491)
(-0.98218816746086468 0.5490649672457586 0.51703107352352284)
(-0.74962257384330266 0.49923732624363387 0.50148206887698243)
(-0.522999621592103 0.53073415856712924 0.49391270498824236)
(-0.23712997770217031 0.49622569096410363 0.48557802978712866)
(0.016494241056200998 0.45838223603859074 0.46416263011835834)
(0.25195133800172476 0.5112922104836447 0.45354021535694078)
(0.47325081196485441 0.51757097300578636 0.45491630125889126)
(0.72372904961248274 0.45126079844244832 0.46476595925495773)
(1.0080475992291051 0.49545404223041434 0.50340762242214332)
(1.2606014053789834 0.52115559974999748 0.52523327026180022)
(-1.2711262298613679 0.79107660424337789 0.53363635627733674)
(-1.0256599183121187 0.78028466921767015 0.52603491411072578)
(-0.5009258157359423 0.75956191400888484 0.50823921311390929)
(-0.24141907185024586 0.75112766111863016 0.49988767939232309)
(0.0080177142954819536 0.74890556265517794 0.49513762214413282)
(0.25350717585783533 0.75441851503087454 0.49319583936611333)
(0.50183585480692039 0.75517305667536205 0.49420626344423635)
(0.75683315990751332 0.75355037202244179 0.50086889694422254)
(1.015302749110546 0.76508137348148941 0.51446736883607902)
(1.2643949120344091 0.7838578169735928 0.52924936425631808)
(-1.2718243465172661 1.0378955187521917 0.53604409392136965)
(-0.99813710326569438 0.99873044917508313 0.52962565446071153)
(-0.78035986266789303 1.0276416220913227 0.52690005137116513)
(-0.55101356349829855 0.98838454289515831 0.52136182359558891)
(-0.25740210038142292 1.0154156314381966 0.51700758603484587)
(0.0028858110636256103 1.0163887491014172 0.51487664360898511)
(0.26035933111589582 1.0174344330248708 0.51435766944529338)
(0.51808956623236968 1.0183289003132678 0.51549626338128318)
(0.77575600317325066 1.0209313924948262 0.51932121770513717)
(1.0284115244814438 1.0273432622133434 0.5257804435639899)
(1.2694641616794178 1.0361294898261293 0.53353645658135962)
(-1.272896662454829 1.2729230792610002 0.53859461026183186)
(-1.0380500630526683 1.2721860274969337 0.53623054482540888)
(-0.79184232290417622 1.2725646023015063 0.53454060544890658)
(-0.53432729212522445 1.2674329226010494 0.5325422212157005)
(-0.26867849122503346 1.2647730774503252 0.5308865852826139)
(0.00040390460483703469 1.2662374348423964 0.53013397083310421)
(0.26724822124433001 1.2666192104515477 0.53002111037351385)
(0.53117914470809691 1.2668142016842068 0.53050789873151138)
(0.78949205800030453 1.2679733969770095 0.53191164093919907)
(1.03801390027333 1.2705251305490854 0.53428914250399917)
(1.273777585437541 1.2736502225953863 0.5377623160521342)
(-1.274089766880897 -1.2741625257551918 0.7960445912591978)
(-1.0377723180173755 -1.2707762747312823 0.79233427197351425)
(-0.78656978145008694 -1.2654377911662218 0.78808058752490417)
(-0.52218441361865675 -1.2574566458125447 0.78152795486087512)
(-0.25438217044211631 -1.251424390855205 0.77509152523872937)
(0.0081792963982177357 -1.2506680096644396 0.77224602119225527)
(0.26607523420788681 -1.2492893927883486 0.77019455342514098)
(0.52262334673546618 -1.2488160777924058 0.77064074863220677)
(0.78047409223180142 -1.2556619069202091 0.77762328205578857)
(1.0321994415365261 -1.2645610490454755 0.78594485392900904)
(1.270453678699633 -1.2706381006581251 0.79271317952059328)
(-1.2715763627586283 -1.0390053726716146 0.79292181963476693)
(-1.0309636159075877 -1.0316876959472705 0.78562010560754558)
(-0.77468938297284817 -1.021902799621726 0.77673064128057989)
(-0.50704944699356991 -1.0079093041645619 0.76460592322327225)
(-0.21114041991832852 -0.96252668190119905 0.7239499777133519)
(0.026808921356806743 -0.96408302332212747 0.72914648567562446)
(0.25415399240627201 -0.95838746887844672 0.72213199169674502)
(0.48242855453454131 -0.95533462425426396 0.71011006138190291)
(0.76322981200079998 -1.0037214579038432 0.75578789938780055)
(1.0180661186821787 -1.0181643894705643 0.77119283643307845)
(1.2636142271648325 -1.0318185338466042 0.78539310210495827)
(-1.2688605322292497 -0.79073690109842676 0.79027530695623927)
(-1.0241137673600653 -0.77988279123801441 0.77847687856728198)
(-0.76197888154488835 -0.76618918234902345 0.7636403660172415)
(-0.49630492524395897 -0.75374920599096717 0.75060395350619091)
(-0.21939862032544047 -0.72733359752800164 0.72892144602582243)
(0.028837035829284683 -0.71170209132006945 0.79710135478253918)
(0.25163932888035434 -0.70647920641262774 0.79003387852274087)
(0.49107030276047253 -0.72398265350140734 0.71926045382546699)
(0.72133306467161584 -0.7205784141931435 0.71213700405132396)
(1.006995415448767 -0.76409749460902021 0.76129096098528681)
(1.2579195031275876 -0.78270713870936892 0.78021443050572414)
(-1.2669868682657079 -0.53219341433692369 0.78784019983191655)
(-1.0194235027772349 -0.52159538726324362 0.77161046246831122)
(-0.75248123834190639 -0.50840034204414541 0.74925757718280694)
(-0.44984736553930399 -0.47475401478003121 0.70473372867769302)
(-0.22051975609035845 -0.49646025732166327 0.73657331535829917)
(0.027090229125515286 -0.48015181338969454 0.812359611693102)
(0.24792562789512099 -0.47679278360476873 0.80768627302874618)
(0.46956530739621194 -0.47756182672458541 0.7823820425582737)
(0.72373771781653873 -0.48625592748709012 0.72509927902358084)
(1.0060064652328093 -0.51303752634435607 0.76254184108151968)
(1.2563155789163649 -0.52812294731673726 0.779008158342269)
(-1.2661185785670344 -0.26785103431805135 0.78602939236138092)
(-1.0176249039844074 -0.26266229085217663 0.76641678158885074)
(-0.75328349685451956 -0.25820363191751372 0.7376623086691988)
(-0.46225117238398383 -0.25287225499770161 0.69696252862667252)
(-0.17352865003124074 -0.25449271060347473 0.7970542701083777)
(0.03561413546934232 -0.25096737784422785 0.82182294008284162)
(0.2474180119029521 -0.25070327935849118 0.81690714032659006)
(0.46865857971018532 -0.25305105547605428 0.7926052631075815)
(0.72678051807567123 -0.25767461484878168 0.73047110805484861)
(1.0074198751474781 -0.26527533473752379 0.76395712745835531)
(1.2566096618905014 -0.2700501583073549 0.77906005481950624)
(-1.2654994258270287 -0.00082022080097927247 0.78521664034625194)
(-1.0168728141529693 -0.0038928608698088219 0.76425842510263708)
(-0.75563528559110571 -0.01042508544244527 0.73218520183813862)
(-0.52355113870031755 -0.024947593921313137 0.6702403337721895)
(-0.10492125736884278 -0.018212194081629742 0.80352398050612928)
(0.039739816162983527 -0.019431478458718999 0.81343476210851517)
(0.24982043530869358 -0.025401728847818661 0.81477463389292093)
(0.4722050738103602 -0.030391460517355251 0.79505019566966328)
(0.72821042657679591 -0.02951663449668656 0.72482457177767023)
(1.0075728543824642 -0.017023920337950329 0.7596986711155973)
(1.2574094435804812 -0.0086930149103038624 0.77881219761012921)
(-1.2646689745301734 0.26782659949740412 0.78567100540840829)
(-1.0164345388407281 0.25666366080396752 0.76627800145275937)
(-0.75402099861185889 0.24052762874366357 0.73791122597545811)
(-0.46721540080618607 0.21267244031691263 0.68676323336879841)
(-0.19953331599387747 0.22905040932057524 0.71080322595421819)
(0.015350422999021632 0.2269077385141765 0.72956865710050711)
(0.25385677004854068 0.20241191133538874 0.79281422003378188)
(0.47583276720095469 0.19724520748172086 0.78465952761351632)
(0.72645885961625745 0.20304479901616679 0.71634809247124254)
(1.0083744776172816 0.23797376159154457 0.75699522400195063)
(1.2596357997981269 0.25711815585154968 0.78018497490595473)
(-1.2680614575287574 0.53367088643917737 0.7882997456496651)
(-1.0213068994244443 0.52004266416339406 0.77472723412616262)
(-0.75668278580336479 0.44733641048408535 0.75140038053026814)
(-0.49362511839214368 0.4957874453813963 0.73871640757686097)
(-0.23618229007218872 0.49270063277607451 0.73296584288803679)
(0.033237127248262208 0.44970534915519156 0.70095346341381815)
(0.25714927959198725 0.45101714749023597 0.71075009986076609)
(0.48238881599198136 0.45212730847800542 0.71210736475733238)
(0.71913100897092996 0.44784392931367378 0.70816119587967052)
(1.0105530390287842 0.50135214279024687 0.76097961377911827)
(1.2625257918580781 0.5240992146020329 0.7833543325207698)
(-1.2735840514597594 0.79229995859235991 0.7918500294850046)
(-1.0814753184745647 0.78457705910710707 0.78593887844332078)
(-0.45273416483379603 0.76322631870289359 0.76258404487885889)
(-0.24492444016801457 0.75711205338808019 0.75504790123519427)
(0.0089510092282951773 0.751430362839281 0.75033022816993811)
(0.25835524156856116 0.75157448351859379 0.74982296325554199)
(0.50821981922380011 0.75273135151875148 0.75169056405448254)
(0.76281983185319646 0.75643160008486066 0.75819290332168232)
(1.0195003504134663 0.76953418751419356 0.77231193334190684)
(1.266166346424193 0.78601206005813795 0.78748233312397009)
(-1.2736809673665508 1.0393159379467289 0.79388905280918309)
(-1.034239835955552 1.0341198719823408 0.78923998091906378)
(-0.78541988188185408 1.0821511992366779 0.78687392354391239)
(-0.52205200790125494 1.0238985897950796 0.77919389452041365)
(-0.25881176303711334 1.0198998625689748 0.77419481250096667)
(0.0029451513332152089 1.0193775196420998 0.77263167161490665)
(0.26274220651825275 1.0194294098916139 0.77233058635464402)
(0.52190116520375529 1.0204195960456008 0.77375771740503907)
(0.77966554243274344 1.0236712322254657 0.77788418917506186)
(1.0312250273465147 1.029910459123484 0.78451127229226447)
(1.2706797136207069 1.037306345576666 0.7919066035686636)
(-1.2737772139931989 1.2737632554792944 0.79630970303920523)
(-1.0395128159974012 1.273828594875581 0.79405424232448896)
(-0.79295252051411946 1.27429768407692 0.79265888641977489)
(-0.53477962722323602 1.2696384770922924 0.79030823509298842)
(-0.2688112534738995 1.2667730652526723 0.78875649810578252)
(0.00050426144955987781 1.2674754219683477 0.78844189382035679)
(0.26811659812922956 1.2675861483545765 0.78838844633610328)
(0.53259262669427332 1.2678211110842355 0.78894029725128156)
(0.7909310226545031 1.2690917557827301 0.79043670564641988)
(1.0389927722119587 1.2714746494131584 0.79276414107759252)
(1.2741223072011187 1.2739823394985734 0.79595284655010567)
(-1.2747421452691872 -1.2747969173635296 1.0420836471238739)
(-1.0396802115459345 -1.272904085533715 1.0399397127721748)
(-0.79013683009042457 -1.2693445175477716 1.0367890032848432)
(-0.52785693019616364 -1.2640990175358824 1.032057124659912)
(-0.26049038036802069 -1.2594892166712954 1.0280627165691529)
(0.0054144993464885598 -1.2574506862046464 1.0264689116339538)
(0.26854961274907074 -1.2565203605548285 1.0252725194819297)
(0.52881172111586161 -1.257501039364231 1.0253681142520144)
(0.78626525784232459 -1.2623365169795944 1.0294147050404217)
(1.0358060757734187 -1.2682544842425889 1.0350017670080005)
(1.2723598683704438 -1.2723796690234908 1.0395704984157694)
(-1.2733231807817715 -1.0404489929003746 1.0403605255696309)
(-1.035361136240057 -1.035947655884045 1.0356316735590594)
(-0.78186113962812831 -1.0293230515368141 1.0287529470294319)
(-0.51656077316720062 -1.0203813418293755 1.0202821463827172)
(-0.25004333847254839 -1.0120802060968135 1.0155358120832114)
(0.0097369564198606789 -1.0081981190563944 1.0163523019790253)
(0.26442272075406259 -1.0068425704863648 1.0147374770941817)
(0.51831076646312635 -1.008859741094186 1.0116130368594443)
(0.77448144748422376 -1.0169539969790355 1.0160433626006065)
(1.0277339993187145 -1.0276348507437703 1.0264179272447602)
(1.2689448332459647 -1.0364669338097554 1.0357265218227871)
(-1.2714007241992713 -0.79288966091742152 1.0384731674390542)
(-1.0302827056734294 -0.78544336679620652 1.0299427545721453)
(-0.77257644147384275 -0.77594087908625198 1.0182306828240102)
(-0.50692594569716376 -0.76680585835030601 1.0085978139163987)
(-0.24472876903387955 -0.76027621196930439 1.0102219440974105)
(0.010950520563549018 -0.75656164890481525 1.0200006279959266)
(0.26208650156644064 -0.75578563383101649 1.0205916584739454)
(0.51213675746351028 -0.75818148428118859 1.0115060375867315)
(0.76575109154135124 -0.7654436482015774 1.0097724590187824)
(1.0208136117494377 -0.77732238086882499 1.020172859152471)
(1.2660116517269624 -0.78913848936126119 1.0331542344384164)
(-1.2699781003698813 -0.53434486848402885 1.0365711085582938)
(-1.0262693992592016 -0.5264461004933837 1.0240314483942041)
(-0.76349766159828947 -0.51603140760402721 1.0051278056590509)
(-0.49574004196631993 -0.50782097156767425 0.99249090341970103)
(-0.23837503555410222 -0.50610182580369922 1.0031776411760704)
(0.012383588416238676 -0.50596496992170548 1.0248798057280759)
(0.26050709424472268 -0.50622170567708902 1.0310233688021402)
(0.5086178986400568 -0.50824957829871342 1.0198671536369752)
(0.76203124311080372 -0.51362527323981777 1.0119050254208601)
(1.0180381761922619 -0.52294235762148011 1.0189272363399553)
(1.2647756866767372 -0.53268496872483106 1.0323223623982356)
(-1.2694436385668206 -0.26910254964812597 1.0352361389166724)
(-1.0246686238545029 -0.2649187921901589 1.0196466909949935)
(-0.7602400719380239 -0.25961661092036559 0.99341576850126889)
(-0.46106988271351329 -0.23450959930567086 0.93107915857787626)
(-0.22986069028204154 -0.2337120212904408 0.95327846158038609)
(0.018363785669669851 -0.25769075172318462 1.0248289254135159)
(0.2602610954900042 -0.25896403607704876 1.0354349982139828)
(0.50764296201243275 -0.26062800264292324 1.02569687144622)
(0.76205130273671917 -0.26326438567568389 1.0151019364654612)
(1.0180504052821617 -0.26666626410214067 1.0196351346462731)
(1.2648156044588861 -0.27018523517000914 1.0323914149027127)
(-1.2692380763963198 -0.00060050737142523097 1.0347035949498506)
(-1.0245573572446252 -0.0028198714573483413 1.0179915674643929)
(-0.7615294882871797 -0.0075110245770145089 0.9882498099164867)
(-0.47379377964449859 -0.016663854545082409 0.9212710455735017)
(-0.21624830393266911 -0.01352288672679541 0.94855003999753895)
(0.020545417377561489 -0.0090333227134759501 1.0162496426268581)
(0.26026150121469305 -0.011405808219946478 1.0308952234323014)
(0.50843408539945234 -0.013815770899763427 1.0246170040134841)
(0.76283395441722512 -0.012742369799386111 1.0145044145172262)
(1.0185128252833149 -0.0086916519792159044 1.0191276807413507)
(1.2651452098611911 -0.0041496993987378307 1.0323326804696069)
(-1.2687179935722346 0.26910824545005085 1.03482363768693)
(-1.0248089587790408 0.26101562642052201 1.0196260061031246)
(-0.76351299510975912 0.24736139846019484 0.99355803772006612)
(-0.47088846923597094 0.20862641586020522 0.92594810908526282)
(-0.23929210671590062 0.21036313920758806 0.93720607008605461)
(0.014503628354509239 0.24089188218493682 1.001632005741282)
(0.2599732211887949 0.23952143812359852 1.0168319181018608)
(0.50914319360265514 0.23769091150320754 1.0155577400595239)
(0.76311116880740071 0.24146245459672769 1.010427703658715)
(1.0190092344986743 0.2518199581496337 1.0180677946147043)
(1.2656337565121776 0.2633078689228498 1.0324514556104347)
(-1.2706092577449877 0.53543074136209667 1.0367790850216705)
(-1.0121889314053001 0.54105346851618774 1.0113735196228408)
(-0.77054305398876377 0.51190262981665069 1.011352384710057)
(-0.52313702289623332 0.52052695144037064 0.98081300823828987)
(-0.24647728183439685 0.50038929883243399 0.99054750448836237)
(0.0094362474583196444 0.49780907999257884 0.99828891589292457)
(0.26101743199720695 0.49732209946570144 1.0056525041292952)
(0.51200488888884621 0.49764427514593679 1.0071377028881248)
(0.76611440542651632 0.50259663665291754 1.0090119753760125)
(1.0214583745547925 0.51523348750119269 1.0198465871076681)
(1.2669403108842272 0.52939823449449019 1.0337883202997453)
(-1.2740002346690542 0.79389505393453874 1.0396625149765717)
(-1.0340422782160414 0.78704907009286074 1.0355014233190254)
(-0.78251721906712191 0.78160235023774149 1.081316014693545)
(-0.51766637018121431 0.77391283918994358 1.0200286319151124)
(-0.25420987094357944 0.76847038910069743 1.0120837174943151)
(0.0058284877254042612 0.76477920857768666 1.0107218889518457)
(0.26297381100696926 0.76399997412039689 1.0117556011042472)
(0.51925884331747696 0.76524953540789253 1.0134569670401172)
(0.77534496640393713 0.76978739414878672 1.0178093474802976)
(1.0280203258908776 0.77918662869784694 1.0268103372278237)
(1.2695497873399362 0.78980155746818481 1.0365341460421804)
(-1.2743116324798702 1.040490146486607 1.0408126556249218)
(-1.0207643296307405 1.020538392486837 1.0223990153606979)
(-0.78807284147692236 1.0343637747557111 1.0364533634286393)
(-0.54324162880772264 1.013673318143179 1.0151857871728187)
(-0.26336037969481474 1.027064567221478 1.0269466562283154)
(0.0020547798644645655 1.026490222286863 1.0263276937007397)
(0.2657511464614955 1.0262741137208564 1.026347162345602)
(0.52759944552583271 1.0271266324585127 1.0274170807056164)
(0.78570464241305171 1.0298888474161414 1.0303839331645912)
(1.0355357405362926 1.0344427913521317 1.0349846309572166)
(1.2726468461662126 1.0392073180546972 1.0395567901884779)
(-1.2744188457146193 1.2743926701876727 1.0419701123865202)
(-1.0406831042881515 1.2743639192159333 1.0409385275812688)
(-0.79445900261728319 1.2743660456247052 1.0402840340631971)
(-0.53633436426892112 1.2714229368579422 1.0383267125529723)
(-0.26989655532218165 1.2697730624039707 1.0372468060682425)
(0.00036366310614384043 1.2702282285130972 1.0373559536604309)
(0.26939679984287335 1.2702173766752154 1.0373388628589266)
(0.53478271732367411 1.270422975804856 1.0376919422731981)
(0.79309183114154458 1.2714463128344753 1.0387259935125839)
(1.0403848718194317 1.2731272272007441 1.0402204075364938)
(1.2746872766163457 1.2745742102560556 1.0419496208834342)
(-1.2753645473551583 -1.2753950317647125 1.2753883173813005)
(-1.0416546622962979 -1.2744959731521075 1.2744595019492677)
(-0.7946671981677923 -1.2730701612346116 1.2730117600080755)
(-0.53520726133824637 -1.2712814914551398 1.2713708563119905)
(-0.26806545529941278 -1.2697565476130415 1.2702622210515973)
(0.0021094352908953493 -1.2689653699230996 1.269866469908367)
(0.27129997517643872 -1.2684889384286182 1.2693444855020124)
(0.53606377906453173 -1.2688573800692653 1.269241059659759)
(0.79343873350674066 -1.2702775170872425 1.2702127932488851)
(1.0399100235541987 -1.2723316766378729 1.2721388385167645)
(1.2742550204738594 -1.2742748628316287 1.2741572077536407)
(-1.2746515930016402 -1.042012249780228 1.274663771398354)
(-1.039510548173836 -1.0398399489899406 1.2725738095407728)
(-0.79031595236835483 -1.0370434234169423 1.2692507032789977)
(-0.52988861047868896 -1.0339983434707907 1.2663871454841207)
(-0.26382099994764957 -1.0316965300832865 1.2655087529334872)
(0.0034592530979144984 -1.0304570631585466 1.2658449890748327)
(0.26927371072725342 -1.0300186080710632 1.265468182716275)
(0.53167895398260601 -1.0307458144450952 1.2647180824498241)
(0.78861844412332494 -1.0331949796670998 1.265801716074094)
(1.0366684480039323 -1.0367407348461843 1.2690844578786298)
(1.2727544523984531 -1.0403744801853807 1.272610705542722)
(-1.2738544840815442 -0.79587595538114664 1.2737548898853444)
(-1.037124994179746 -0.79185475500149316 1.2695899891540516)
(-0.78612789687646056 -0.78773340777722511 1.2640749633322357)
(-0.52545258556318586 -0.7842486355316407 1.2605735836686196)
(-0.26103988131713901 -0.78235553904895583 1.2614835663212718)
(0.0040331638254475152 -0.78176862685502735 1.2644838667193492)
(0.26801637840742559 -0.78189738555907207 1.2653042035081874)
(0.52910611166346821 -0.78291626704005879 1.2637346498988662)
(0.78559220028414145 -0.78554308596691547 1.2636424354282667)
(1.0343418083609326 -0.78960993395787704 1.2669167471801432)
(1.2716612987925568 -0.79452405548815563 1.2715947590940277)
(-1.2732019963092749 -0.53760640898708667 1.2728255021012003)
(-1.0349158724721768 -0.53312219397721172 1.2663719862487819)
(-0.78130259032534866 -0.52799249870089215 1.2570652161435785)
(-0.51989126004812503 -0.52386763907822531 1.2511126073408054)
(-0.25824892350130874 -0.5231404967426021 1.2545661975179294)
(0.0043891992892728417 -0.52479066753525905 1.2629669347175698)
(0.26740403244504296 -0.52636351879917687 1.2670523571662344)
(0.52784048171017384 -0.52749787103958845 1.265359616072095)
(0.78414723698215949 -0.52959346138229402 1.2639481939945403)
(1.0332152593908321 -0.53287195917730024 1.2663809421488845)
(1.2711952290676372 -0.53716449407891798 1.2712866753370329)
(-1.2728778574910535 -0.27112172036734422 1.2721486724673576)
(-1.0337682054470956 -0.26851235666693474 1.2640031135559822)
(-0.77800885423851918 -0.26523779928448443 1.2505425196795992)
(-0.5152428811203732 -0.26204159309504549 1.2409283524942907)
(-0.25519621369285922 -0.2619571797123369 1.2463006586034542)
(0.0054034541259567158 -0.26447567471368572 1.2602060647429265)
(0.2674141751887073 -0.26646020462726061 1.267987608015321)
(0.52754534418431609 -0.26744685609351632 1.2670263511328728)
(0.78396990078410944 -0.2684873387045138 1.2650809574462645)
(1.0331510408077285 -0.26978223325255435 1.2667938424522125)
(1.2712051082775002 -0.27164119904107159 1.2713847007861363)
(-1.2728499764767227 -0.00027322099481186246 1.2719457907366101)
(-1.0336315859014666 -0.0013585757210003227 1.2630985667984502)
(-0.77774682439232035 -0.0034132700869747117 1.2478598109164831)
(-0.51472147390312417 -0.0050706096501976355 1.2361730300188181)
(-0.25453977502543357 -0.0049082774118253229 1.2413916224949242)
(0.0057483483260036584 -0.0040915990392306791 1.2568601649989797)
(0.26742170152574518 -0.0042204463454915825 1.2663173792679254)
(0.52764713653534245 -0.0047603524339895863 1.2665085827508238)
(0.78423215178269201 -0.0044862628994802867 1.265094193982407)
(1.0334295607752206 -0.0032230596470196292 1.2669190494363227)
(1.271463891768783 -0.0015904145719911472 1.2715668283028563)
(-1.2724299248874729 0.27127935884171528 1.2717110100767024)
(-1.0338476116618036 0.26724202772903688 1.2636661952998063)
(-0.779771486210313 0.26052860132321759 1.2501812253084315)
(-0.51847634616894211 0.25479767592893321 1.238629795232846)
(-0.25811869613834637 0.25432311857225365 1.2415857418752534)
(0.0040742399907865122 0.25734857087629681 1.2543367150109563)
(0.26713620988401854 0.25913412007726838 1.2628035957016013)
(0.52791755833140674 0.25934736245020934 1.2639298221427779)
(0.78464204088320222 0.26084430843258266 1.2638786113094824)
(1.0337792700157777 0.26426907613312878 1.2666051266608231)
(1.2715734778248367 0.26892779552118651 1.2715127768198282)
(-1.2728882251152467 0.53833330005079127 1.2725845669451563)
(-1.0357164763091817 0.5335717389999608 1.2678175852848439)
(-0.78464867205594013 0.52692802010057416 1.2602287700383974)
(-0.52495623904091482 0.52184783487095143 1.2510347285507326)
(-0.26246610584897623 0.52021007279683285 1.2499853587570593)
(0.002577225035181218 0.52119081958747504 1.256235379741873)
(0.26719134938631328 0.52262496886863441 1.2609113528853402)
(0.52894461650304936 0.52344575157349371 1.2622076597307823)
(0.78597096251166265 0.52565418987940427 1.2635168575700495)
(1.0348666746246957 0.52994711176963194 1.2670946813014505)
(1.2721222948266111 0.53572117843194944 1.2719649675093014)
(-1.2740429610413773 0.79634292730540135 1.2740620470563098)
(-1.0388127846306709 0.79290739770379426 1.273223982736096)
(-0.79020121377971986 0.78940116765791479 1.2712693123180923)
(-0.53086998256946227 0.78612051409283423 1.2648392677257803)
(-0.2656897705588035 0.78407177691625674 1.2611591140729246)
(0.0017833710925562844 0.78341108204191956 1.2621946000319932)
(0.26800019406687975 0.78359219715897566 1.2634133279641655)
(0.53124894891427865 0.78440018867984651 1.2642877577972766)
(0.78885411475087031 0.78644367898096212 1.2660529086989722)
(1.0371500251554462 0.78997612809564199 1.2693742602874638)
(1.2731638679458059 0.79463693049335937 1.2730267200834398)
(-1.2744301260552291 1.0418073513277839 1.2745326194699995)
(-1.0404394991570447 1.0402909260528359 1.2744531400537271)
(-0.79380867533155086 1.039115049317084 1.2740426832030476)
(-0.53543645627223602 1.0369271579289505 1.2704770399569791)
(-0.26909844019797985 1.0357796374535935 1.2683136873510616)
(0.00076893374043086535 1.0357976583368771 1.2686282470923786)
(0.26935598911839687 1.0357444062477406 1.2687758406435972)
(0.53436223269383598 1.0361505634333228 1.2691901601834719)
(0.79245097423818744 1.037356365353526 1.2704630638073047)
(1.039809617376305 1.0392356104306437 1.2725020582145932)
(1.2743803019003408 1.0414637260555077 1.2743109761901872)
(-1.2750294517212428 1.2750136923563777 1.2750800791863282)
(-1.0419372684909414 1.2744674206889117 1.2746193918375437)
(-0.79672895123579668 1.2742778716360055 1.2744592423254926)
(-0.53895631777743169 1.2734103818705267 1.2735327491025328)
(-0.27183218567865836 1.273151608433666 1.2731874415630593)
(0.00011278448001289521 1.2736042955917923 1.2736055694202908)
(0.27137303031799492 1.273528868117259 1.2735455161934326)
(0.5379951848113369 1.2736197427300651 1.2736603290859172)
(0.79610010159190314 1.2739719210513811 1.2740302732286317)
(1.0420191100247433 1.2745733404823618 1.2746328827229967)
(1.2753345589162375 1.2752732588949773 1.2753128163806164)
(-1.5 -1.5 -1.5)
(-1.5 -1.5 -1.2840313875844345)
(-1.2840313875844345 -1.5 -1.5)
(-1.5 -1.2840313875844345 -1.5)
(-1.277421654188228 -1.5 -1.2774218733441161)
(-1.5 -1.2774218733441158 -1.2774216541882277)
(-1.2774218733441158 -1.2774216541882277 -1.5)
(-1.0450359998171936 -1.5 -1.5)
(-1.0454607185823503 -1.5 -1.2773066854398309)
(-1.0454616565085844 -1.277306594181592 -1.5)
(-0.81441855954831266 -1.5 -1.5)
(-0.80327792465899839 -1.5 -1.2783643394747093)
(-0.80327925243023868 -1.2783650217981877 -1.5)
(-0.54299294881605231 -1.5 -1.5)
(-0.543374094850407 -1.5 -1.2789120825597073)
(-0.54337453344631081 -1.2789133349407127 -1.5)
(-0.28038717196387825 -1.5 -1.5)
(-0.27559006100824457 -1.5 -1.2790859677837894)
(-0.27558907136959815 -1.2790871440611822 -1.5)
(0 -1.5 -1.5)
(-2.3643919389116861e-06 -1.5 -1.2791932282550451)
(-3.1606459938674788e-08 -1.279194384491726 -1.5)
(0.28038717196387841 -1.5 -1.5)
(0.27558676876131422 -1.5 -1.2790857626066161)
(0.27559002975816826 -1.279087029434897 -1.5)
(0.54299294881605231 -1.5 -1.5)
(0.54337167088624561 -1.5 -1.2789117947912152)
(0.54337529900603987 -1.2789128205879612 -1.5)
(0.81441855954831288 -1.5 -1.5)
(0.80327669182423822 -1.5 -1.2783641355376014)
(0.80328014967156924 -1.2783640855420297 -1.5)
(1.0450359998171936 -1.5 -1.5)
(1.0454603093830188 -1.5 -1.2773066492663421)
(1.0454629349296307 -1.2773057478641017 -1.5)
(1.5 -1.5 -1.5)
(1.5 -1.5 -1.2840313875844345)
(1.2840313875844345 -1.5 -1.5)
(1.5 -1.2840313875844345 -1.5)
(1.2774216012165494 -1.5 -1.2774218741710825)
(1.5 -1.277421654188228 -1.2774218733441158)
(1.2774228799079976 -1.2774211807726628 -1.5)
(-1.5 -1.0450359998171936 -1.5)
(-1.5 -1.0454616565085844 -1.277306594181592)
(-1.2773066854398307 -1.0454607185823503 -1.5)
(-1.0466251792216998 -1.0466243845628582 -1.5)
(-0.80260994807452324 -1.048227967981112 -1.5)
(-0.54426622957822324 -1.049234987124209 -1.5)
(-0.27498204068267018 -1.0495564752701796 -1.5)
(1.0684067726761021e-06 -1.0496360097701682 -1.5)
(0.27498475318072957 -1.0495562926935826 -1.5)
(0.54426810159367522 -1.0492342820682721 -1.5)
(0.8026117844167211 -1.0482270091574772 -1.5)
(1.0466273753175011 -1.0466236889599343 -1.5)
(1.5 -1.0450359998171936 -1.5)
(1.5 -1.0454607185823503 -1.2773066854398307)
(1.27730826709023 -1.0454603563897324 -1.5)
(-1.5 -0.81441855954831288 -1.5)
(-1.5 -0.80327925243023879 -1.2783650217981875)
(-1.2783643394747091 -0.8032779246589985 -1.5)
(-1.0482271832443992 -0.80260877805477671 -1.5)
(-0.80426608454346138 -0.80426690224321795 -1.5)
(-0.54556054653847497 -0.8053706424894308 -1.5)
(-0.27563507225460465 -0.80575898837784121 -1.5)
(2.1952813509532635e-06 -0.80582980408200722 -1.5)
(0.27563978577442927 -0.80575872115857106 -1.5)
(0.54556382337372133 -0.80536998531981674 -1.5)
(0.80426883582456599 -0.80426639551680823 -1.5)
(1.0482298521245295 -0.80260864983912306 -1.5)
(1.5 -0.81441855954831288 -1.5)
(1.5 -0.8032779246589985 -1.2783643394747093)
(1.2783659222825661 -0.8032780532722269 -1.5)
(-1.5 -0.54299294881605231 -1.5)
(-1.5 -0.54337453344631081 -1.2789133349407127)
(-1.2789120825597071 -0.54337409485040711 -1.5)
(-1.0492327909482266 -0.54426637095017771 -1.5)
(-0.80536776580462954 -0.54556271178104598 -1.5)
(-0.54647526691753601 -0.54647930770684694 -1.5)
(-0.2761365904712631 -0.5468265436778289 -1.5)
(2.665808126901282e-06 -0.54688805694251819 -1.5)
(0.27614230665928119 -0.54682609183325881 -1.5)
(0.5464794879178374 -0.54647831382616163 -1.5)
(0.80537114453060943 -0.54556174397698076 -1.5)
(1.0492355673600051 -0.54426573527809774 -1.5)
(1.5 -0.54299294881605231 -1.5)
(1.5 -0.54337409485040722 -1.2789120825597073)
(1.2789136941743433 -0.54337378550352033 -1.5)
(-1.5 -0.28038717196387841 -1.5)
(-1.5 -0.2755890713695982 -1.2790871440611822)
(-1.2790859677837894 -0.27559006100824468 -1.5)
(-1.0495541412119682 -0.27498470854462237 -1.5)
(-0.80575562464782746 -0.27563978382351179 -1.5)
(-0.54682209738167764 -0.27614254725007004 -1.5)
(-0.27633838533277277 -0.27634422994155727 -1.5)
(2.5945520100107627e-06 -0.2763833050347036 -1.5)
(0.27634398388879744 -0.27634343556057955 -1.5)
(0.54682648764509467 -0.27614058954052545 -1.5)
(0.8057591495951435 -0.27563708452939295 -1.5)
(1.0495567717572745 -0.27498222609748318 -1.5)
(1.5 -0.28038717196387841 -1.5)
(1.5 -0.27559006100824462 -1.2790859677837894)
(1.2790873663378814 -0.2755885872778901 -1.5)
(-1.5 0 -1.5)
(-1.5 -3.1606460081697571e-08 -1.279194384491726)
(-1.2791932282550451 -2.3643919390227943e-06 -1.5)
(-1.0496316895498081 -2.3261082030934657e-06 -1.5)
(-0.80582454107445445 -4.9561383949305665e-06 -1.5)
(-0.54688371670200209 -4.5914113852431839e-06 -1.5)
(-0.27637789061588308 -4.0151697167848742e-06 -1.5)
(3.7203033639892614e-06 -3.8641254695304264e-06 -1.5)
(0.27638320126318661 -1.9866783018236785e-06 -1.5)
(0.54688800600087839 -7.5498605477812236e-07 -1.5)
(0.80582993800383951 5.0803220891635412e-07 -1.5)
(1.0496363293916657 1.1598704212596027e-06 -1.5)
(1.5 0 -1.5)
(1.5 -2.3643919390056394e-06 -1.2791932282550451)
(1.2791946773293639 -4.5488225776099853e-08 -1.5)
(-1.5 0.28038717196387825 -1.5)
(-1.5 0.2755900297581681 -1.279087029434897)
(-1.2790857626066163 0.2755867687613141 -1.5)
(-1.0495538387910404 0.27497889243116974 -1.5)
(-0.80575541652253035 0.27563272367792047 -1.5)
(-0.5468220557633251 0.27613556366978637 -1.5)
(-0.276338460242187 0.27633800284282339 -1.5)
(2.4871917857697304e-06 0.2763776754536893 -1.5)
(0.27634379013926885 0.2763386310999269 -1.5)
(0.54682621998855108 0.27613752516925083 -1.5)
(0.80575894030152739 0.27563616512155742 -1.5)
(1.049556714253244 0.27498254582075116 -1.5)
(1.5 0.2803871719638783 -1.5)
(1.5 0.27558676876131422 -1.2790857626066161)
(1.2790874106115389 0.27558900084231663 -1.5)
(-1.5 0.54299294881605231 -1.5)
(-1.5 0.54337529900603965 -1.2789128205879612)
(-1.2789117947912154 0.54337167088624561 -1.5)
(-1.0492323912118477 0.54426218321071473 -1.5)
(-0.80536746593325259 0.54555765920073906 -1.5)
(-0.54647520336029765 0.54647425554034301 -1.5)
(-0.27613666951955457 0.54682179332533087 -1.5)
(2.4786272188710545e-06 0.5468835317186298 -1.5)
(0.27614200380519233 0.54682195033004344 -1.5)
(0.54647909143734186 0.54647503326336411 -1.5)
(0.80537076966827925 0.54555967240631276 -1.5)
(1.0492353135207944 0.5442646255051814 -1.5)
(1.5 0.54299294881605231 -1.5)
(1.5 0.54337167088624561 -1.2789117947912154)
(1.2789135776626595 0.54337325056951391 -1.5)
(-1.5 0.81441855954831266 -1.5)
(-1.5 0.80328014967156913 -1.2783640855420297)
(-1.2783641355376016 0.80327669182423822 -1.5)
(-1.0482268916526141 0.80260634858180291 -1.5)
(-0.80426580736961806 0.80426374778488474 -1.5)
(-0.54556042316624376 0.80536727155629295 -1.5)
(-0.27563515046216441 0.80575558079191711 -1.5)
(1.5304878923654576e-06 0.80582449894107111 -1.5)
(0.27563938434006691 0.80575545623776668 -1.5)
(0.54556334601802658 0.80536712413490885 -1.5)
(0.8042683310183838 0.80426412988944218 -1.5)
(1.0482293552752204 0.80260695040603136 -1.5)
(1.5 0.81441855954831277 -1.5)
(1.5 0.80327669182423822 -1.2783641355376014)
(1.278365578369832 0.80327701854681699 -1.5)
(-1.5 1.0450359998171936 -1.5)
(-1.5 1.0454629349296307 -1.2773057478641014)
(-1.2773066492663421 1.0454603093830188 -1.5)
(-1.0466250124225709 1.0466232590280855 -1.5)
(-0.80260970213514926 1.0482261549435956 -1.5)
(-0.54426609509781376 1.0492328651994911 -1.5)
(-0.27498210871457451 1.0495542135818192 -1.5)
(3.8715785884870234e-07 1.0496316777380688 -1.5)
(0.2749843167739508 1.0495539830784351 -1.5)
(0.54426759406027514 1.0492322047732059 -1.5)
(0.80261125926636079 1.0482252623611752 -1.5)
(1.0466268136025683 1.046622164286269 -1.5)
(1.5 1.0450359998171936 -1.5)
(1.5 1.0454603093830188 -1.2773066492663421)
(1.2773078394719113 1.045459324063529 -1.5)
(-1.5 1.5 -1.5)
(-1.5 1.5 -1.2840313875844345)
(-1.2840313875844345 1.5 -1.5)
(-1.5 1.2840313875844345 -1.5)
(-1.2774218733441158 1.5 -1.277421654188228)
(-1.5 1.2774228799079974 -1.2774211807726628)
(-1.2774218741710828 1.2774216012165496 -1.5)
(-1.0450359998171936 1.5 -1.5)
(-1.0454616565085841 1.5 -1.277306594181592)
(-1.0454615678232224 1.2773061618243873 -1.5)
(-0.81441855954831288 1.5 -1.5)
(-0.80327925243023868 1.5 -1.2783650217981875)
(-0.80327907014326583 1.2783641768140883 -1.5)
(-0.54299294881605231 1.5 -1.5)
(-0.54337453344631081 1.5 -1.2789133349407127)
(-0.54337444846849769 1.2789122955217604 -1.5)
(-0.28038717196387841 1.5 -1.5)
(-0.2755890713695982 1.5 -1.2790871440611822)
(-0.27558910231737549 1.2790860029486459 -1.5)
(0 1.5 -1.5)
(-3.1606459987809899e-08 1.5 -1.2791943844917262)
(-2.1508568990270115e-07 1.2791931705900996 -1.5)
(0.28038717196387825 1.5 -1.5)
(0.27559002975816821 1.5 -1.2790870294348973)
(0.27558972122983172 1.2790858141533152 -1.5)
(0.54299294881605231 1.5 -1.5)
(0.54337529900603976 1.5 -1.2789128205879612)
(0.54337495957841719 1.2789117101124889 -1.5)
(0.81441855954831277 1.5 -1.5)
(0.80328014967156924 1.5 -1.2783640855420297)
(0.80327979911984027 1.2783631536628028 -1.5)
(1.0450359998171936 1.5 -1.5)
(1.0454629349296309 1.5 -1.2773057478641017)
(1.0454625779074289 1.2773048848955075 -1.5)
(1.5 1.5 -1.5)
(1.5 1.5 -1.2840313875844345)
(1.2840313875844345 1.5 -1.5)
(1.5 1.2840313875844345 -1.5)
(1.2774228799079976 1.5 -1.2774211807726628)
(1.5 1.2774216012165496 -1.2774218741710825)
(1.2774225963892536 1.2774205471405351 -1.5)
(-1.5 -1.5 -1.0450359998171936)
(-1.277306594181592 -1.5 -1.0454616565085841)
(-1.5 -1.2773066854398307 -1.0454607185823503)
(-1.0466243845628582 -1.5 -1.0466251792216996)
(-0.80260877805477671 -1.5 -1.0482271832443992)
(-0.54426637095017771 -1.5 -1.0492327909482269)
(-0.2749847085446222 -1.5 -1.0495541412119682)
(-2.3261082030175792e-06 -1.5 -1.0496316895498081)
(0.2749788924311698 -1.5 -1.0495538387910404)
(0.54426218321071473 -1.5 -1.0492323912118475)
(0.80260634858180291 -1.5 -1.0482268916526138)
(1.0466232590280855 -1.5 -1.0466250124225709)
(1.5 -1.5 -1.0450359998171936)
(1.2773061618243873 -1.5 -1.0454615678232224)
(1.5 -1.277306594181592 -1.0454616565085841)
(-1.5 -1.0466251792216998 -1.046624384562858)
(1.5 -1.0466243845628582 -1.0466251792216998)
(-1.5 -0.80260994807452335 -1.0482279679811117)
(1.5 -0.80260877805477671 -1.0482271832443992)
(-1.5 -0.54426622957822335 -1.049234987124209)
(1.5 -0.54426637095017771 -1.0492327909482269)
(-1.5 -0.27498204068267029 -1.0495564752701796)
(1.5 -0.27498470854462237 -1.0495541412119682)
(-1.5 1.0684067725957134e-06 -1.049636009770168)
(1.5 -2.3261082030301178e-06 -1.0496316895498081)
(-1.5 0.27498475318072946 -1.0495562926935824)
(1.5 0.27497889243116969 -1.0495538387910404)
(-1.5 0.544268101593675 -1.0492342820682719)
(1.5 0.54426218321071473 -1.0492323912118477)
(-1.5 0.80261178441672099 -1.0482270091574772)
(1.5 0.8026063485818028 -1.0482268916526138)
(-1.5 1.0466273753175011 -1.0466236889599343)
(1.5 1.0466232590280855 -1.0466250124225709)
(-1.5 1.5 -1.0450359998171936)
(-1.2773066854398307 1.5 -1.0454607185823503)
(-1.5 1.27730826709023 -1.0454603563897324)
(-1.0466251792216996 1.5 -1.0466243845628582)
(-0.80260994807452313 1.5 -1.048227967981112)
(-0.54426622957822324 1.5 -1.049234987124209)
(-0.27498204068267024 1.5 -1.0495564752701796)
(1.0684067726634648e-06 1.5 -1.0496360097701685)
(0.27498475318072946 1.5 -1.0495562926935826)
(0.54426810159367522 1.5 -1.0492342820682721)
(0.8026117844167211 1.5 -1.0482270091574772)
(1.0466273753175013 1.5 -1.0466236889599341)
(1.5 1.5 -1.0450359998171936)
(1.27730826709023 1.5 -1.0454603563897324)
(1.5 1.2773061618243873 -1.0454615678232224)
(-1.5 -1.5 -0.81441855954831266)
(-1.2783650217981877 -1.5 -0.80327925243023857)
(-1.5 -1.2783643394747093 -0.80327792465899828)
(-1.048227967981112 -1.5 -0.80260994807452302)
(-0.80426690224321784 -1.5 -0.80426608454346138)
(-0.54556271178104576 -1.5 -0.80536776580462965)
(-0.27563978382351167 -1.5 -0.80575562464782746)
(-4.9561383948333559e-06 -1.5 -0.80582454107445445)
(0.27563272367792058 -1.5 -0.80575541652253024)
(0.54555765920073906 -1.5 -0.80536746593325226)
(0.80426374778488474 -1.5 -0.80426580736961784)
(1.0482261549435956 -1.5 -0.80260970213514926)
(1.5 -1.5 -0.81441855954831288)
(1.2783641768140883 -1.5 -0.80327907014326572)
(1.5 -1.2783650217981875 -0.80327925243023868)
(-1.5 -1.0482271832443992 -0.80260877805477659)
(1.5 -1.048227967981112 -0.80260994807452313)
(-1.5 -0.8042660845434616 -0.80426690224321773)
(0.37175733350140583 -0.56232747623976809 -0.49013990857212031)
(0.49122226564963795 -0.5744582850853106 -0.49625857502155307)
(0.62053940852884071 -0.55601610896581488 -0.47771508441041943)
(1.5 -0.80426690224321784 -0.80426608454346127)
(-1.5 -0.54556054653847508 -0.80537064248943069)
(0.35926558597365965 -0.44192400927017234 -0.46427546113524903)
(0.49096457726155762 -0.42299681406683909 -0.492107143623782)
(0.65900973302448662 -0.40995071549763445 -0.5199395879292269)
(1.5 -0.54556271178104598 -0.80536776580462976)
(-1.5 -0.27563507225460471 -0.8057589883778411)
(0.35453814486329138 -0.32877520915237685 -0.45465096941586125)
(0.45981480299963878 -0.26874905487788142 -0.47406291523035582)
(0.61319289456571868 -0.24641575045105837 -0.48019586560790434)
(1.5 -0.27563978382351173 -0.80575562464782746)
(-1.5 2.1952813509527468e-06 -0.805829804082007)
(0.48954801974061146 -0.15724147170668279 -0.47679319374309753)
(0.5741602462104366 -0.14963275195579409 -0.4591056905440361)
(1.5 -4.9561383948564892e-06 -0.80582454107445445)
(-1.5 0.2756397857744291 -0.80575872115857072)
(1.5 0.27563272367792047 -0.80575541652253035)
(-1.5 0.54556382337372122 -0.80536998531981652)
(1.5 0.54555765920073906 -0.80536746593325259)
(-1.5 0.80426883582456588 -0.80426639551680812)
(1.5 0.80426374778488463 -0.80426580736961795)
(-1.5 1.0482298521245295 -0.80260864983912306)
(1.5 1.0482261549435956 -0.80260970213514915)
(-1.5 1.5 -0.81441855954831288)
(-1.2783643394747091 1.5 -0.80327792465899839)
(-1.5 1.2783659222825661 -0.80327805327222701)
(-1.048227183244399 1.5 -0.80260877805477671)
(-0.80426608454346127 1.5 -0.80426690224321784)
(-0.54556054653847497 1.5 -0.80537064248943091)
(-0.2756350722546046 1.5 -0.80575898837784121)
(2.1952813509396542e-06 1.5 -0.80582980408200722)
(0.27563978577442927 1.5 -0.80575872115857095)
(0.54556382337372133 1.5 -0.80536998531981652)
(0.80426883582456599 1.5 -0.80426639551680812)
(1.0482298521245297 1.5 -0.80260864983912306)
(1.5 1.5 -0.81441855954831288)
(1.2783659222825661 1.5 -0.8032780532722269)
(1.5 1.2783641768140883 -0.80327907014326583)
(-1.5 -1.5 -0.54299294881605231)
(-1.2789133349407129 -1.5 -0.5433745334463107)
(-1.5 -1.2789120825597073 -0.54337409485040711)
(-1.049234987124209 -1.5 -0.54426622957822313)
(-0.8053706424894308 -1.5 -0.54556054653847497)
(-0.54647930770684672 -1.5 -0.54647526691753601)
(-0.27614254725006993 -1.5 -0.54682209738167775)
(-4.5914113852106011e-06 -1.5 -0.5468837167020022)
(0.27613556366978642 -1.5 -0.5468220557633251)
(0.54647425554034301 -1.5 -0.54647520336029753)
(0.80536727155629295 -1.5 -0.54556042316624365)
(1.0492328651994913 -1.5 -0.54426609509781376)
(1.5 -1.5 -0.54299294881605231)
(1.2789122955217604 -1.5 -0.54337444846849769)
(1.5 -1.2789133349407127 -0.5433745334463107)
(-1.5 -1.0492327909482269 -0.54426637095017771)
(-0.30301786627722194 -0.77304800135357121 -0.31954334493076109)
(-0.14213376719250698 -0.81315136425016965 -0.3560388294528366)
(0.028897781880803199 -0.77104632392039874 -0.32042285150638516)
(0.14631978377384627 -0.72063393904083584 -0.28855430204031268)
(1.5 -1.049234987124209 -0.54426622957822313)
(-1.5 -0.80536776580462976 -0.54556271178104587)
(-0.30211042242274294 -0.61588406424984277 -0.33973024904843996)
(-0.13247665533316538 -0.61779708154511581 -0.36385005885793031)
(0.046483059284944145 -0.62224729679323232 -0.41092636203394461)
(0.27307855947512311 -0.67315124724677022 -0.41496603391652587)
(0.46223246326420347 -0.60195236555109533 -0.34308447102382489)
(0.61967336597195699 -0.55283387392473826 -0.33944454508258487)
(1.5 -0.8053706424894308 -0.54556054653847486)
(-1.5 -0.54647526691753612 -0.54647930770684683)
(-0.30629526959053183 -0.43350639150043996 -0.33819747020109819)
(-0.1261552406677125 -0.43384669567895856 -0.34802852556592812)
(0.049807366011677082 -0.44089547906608106 -0.39179442452543983)
(0.21245951865847124 -0.44940062911399731 -0.43152513296491918)
(0.7028534936888774 -0.41201688328619751 -0.3484031630836813)
(1.5 -0.54647930770684694 -0.54647526691753601)
(-1.5 -0.2761365904712631 -0.54682654367782868)
(-0.30031109361278546 -0.2380353433747075 -0.31074151823207596)
(-0.12269849928168676 -0.24422977282914041 -0.33576164364957978)
(0.055036776959547458 -0.24777696040761704 -0.3792610354439967)
(0.24784425389178902 -0.25589018650131362 -0.42457200008226043)
(0.36911509657783254 -0.19207636907231754 -0.44788452685354169)
(0.62888334620010689 -0.25655300072872861 -0.32566770263875061)
(1.5 -0.27614254725006993 -0.54682209738167764)
(-1.5 2.6658081269153843e-06 -0.54688805694251796)
(-0.28885051608984746 -0.051390304820591974 -0.28955099112304589)
(-0.12267789654952634 -0.052802617714152886 -0.32244318801325017)
(0.051191578642656263 -0.052591887296519764 -0.36391789014575715)
(0.23024152696860162 -0.049877408662369761 -0.40562813678653892)
(0.41935879494313322 -0.063581523057155143 -0.45423940793958845)
(0.56538323857587724 -0.082018100178932768 -0.35434124473924494)
(1.5 -4.5914113851924102e-06 -0.54688371670200198)
(-1.5 0.27614230665928119 -0.5468260918332587)
(-0.28152334859267131 0.092199066813191996 -0.28829948084983353)
(-0.14301191813279066 0.15251990453553932 -0.31478782498330754)
(0.04224868967683415 0.13705343926006663 -0.34784007517493865)
(0.22444331828076117 0.15133190844694475 -0.38977807562904421)
(0.43191555873139387 0.17037687233577112 -0.43782069994298689)
(0.5239917003642075 0.069688087531230694 -0.32381491883855484)
(1.5 0.27613556366978648 -0.5468220557633251)
(-1.5 0.5464794879178374 -0.54647831382616152)
(-0.0892200740001102 0.2880622249130817 -0.29506410705096614)
(0.023790188975853017 0.31146284077436692 -0.33833968755593569)
(0.18922711606111109 0.35358660609361192 -0.38700791734255741)
(0.36837959223698846 0.37617181227237018 -0.41300055831778454)
(1.5 0.54647425554034301 -0.54647520336029765)
(-1.5 0.80537114453060943 -0.54556174397698065)
(1.5 0.80536727155629295 -0.54556042316624376)
(-1.5 1.0492355673600051 -0.54426573527809763)
(1.5 1.0492328651994911 -0.54426609509781376)
(-1.5 1.5 -0.54299294881605231)
(-1.2789120825597071 1.5 -0.54337409485040711)
(-1.5 1.2789136941743433 -0.54337378550352033)
(-1.0492327909482266 1.5 -0.54426637095017782)
(-0.80536776580462965 1.5 -0.54556271178104598)
(-0.54647526691753601 1.5 -0.54647930770684694)
(-0.27613659047126299 1.5 -0.54682654367782879)
(2.6658081269386366e-06 1.5 -0.54688805694251819)
(0.27614230665928124 1.5 -0.5468260918332587)
(0.54647948791783751 1.5 -0.54647831382616152)
(0.80537114453060954 1.5 -0.54556174397698065)
(1.0492355673600051 1.5 -0.54426573527809763)
(1.5 1.5 -0.54299294881605231)
(1.2789136941743433 1.5 -0.54337378550352033)
(1.5 1.2789122955217604 -0.54337444846849769)
(-1.5 -1.5 -0.28038717196387825)
(-1.2790871440611824 -1.5 -0.27558907136959809)
(-1.5 -1.2790859677837894 -0.27559006100824457)
(-1.0495564752701796 -1.5 -0.27498204068267024)
(-0.80575898837784121 -1.5 -0.2756350722546046)
(-0.54682654367782868 -1.5 -0.27613659047126304)
(-0.27634422994155716 -1.5 -0.27633838533277272)
(-4.0151697167480723e-06 -1.5 -0.27637789061588308)
(0.27633800284282345 -1.5 -0.27633846024218689)
(0.54682179332533087 -1.5 -0.27613666951955451)
(0.80575558079191711 -1.5 -0.27563515046216441)
(1.0495542135818194 -1.5 -0.2749821087145744)
(1.5 -1.5 -0.28038717196387841)
(1.2790860029486459 -1.5 -0.27558910231737554)
(1.5 -1.2790871440611822 -0.2755890713695982)
(-1.5 -1.0495541412119682 -0.27498470854462226)
(-0.26635872459520105 -0.75137577824418 -0.16748758604528019)
(-0.13043793731980863 -0.82781010920242271 -0.15615829973247491)
(0.013471402265295689 -0.76975757100521347 -0.15062843117322716)
(0.16148794320983328 -0.7223786412336225 -0.15419562210460763)
(1.5 -1.0495564752701796 -0.27498204068267024)
(-1.5 -0.80575562464782757 -0.27563978382351173)
(-0.29810310855832556 -0.59484715509502539 -0.16471577789634981)
(0.30620670290018215 -0.67220522758666446 -0.18359040646150024)
(0.46266891392320664 -0.62517119174238767 -0.16570647772564037)
(0.64772454644765365 -0.57481343420386855 -0.14783983932184822)
(0.75914323579857168 -0.55778988298486254 -0.066871980750592391)
(1.5 -0.80575898837784121 -0.2756350722546046)
(-1.5 -0.54682209738167775 -0.27614254725006998)
(-0.36750873066104467 -0.42289880521099504 -0.16460013024169287)
(0.73919130925468723 -0.42629879303896345 -0.19749600187738722)
(0.76631630888198632 -0.44278962332676336 -0.065221671761572203)
(1.5 -0.54682654367782879 -0.27613659047126304)
(-1.5 -0.27633838533277272 -0.27634422994155716)
(-0.46860778779822121 -0.1047148969815113 -0.11203918391194403)
(-0.4552500362574311 -0.21801819464583691 -0.18432600713699263)
(0.66916946068774441 -0.2649436655653401 -0.13915832527165772)
(0.71656553731569117 -0.35037576247975011 -0.045340077202015591)
(1.5 -0.27634422994155716 -0.27633838533277266)
(-1.5 2.5945520100058131e-06 -0.27638330503470354)
(-0.53172290851019743 -0.0053267642936705491 -0.12332048437850478)
(-0.45050643191502626 -0.02618681136454732 -0.25823290398386362)
(0.59790579101972352 -0.06935167959530826 -0.15743974900184871)
(1.5 -4.0151697166868259e-06 -0.27637789061588303)
(-1.5 0.27634398388879744 -0.27634343556057955)
(-0.54139149033162148 0.14065768004529522 -0.1097715875081197)
(-0.40278791605443326 0.1785751758611312 -0.20049479161227807)
(-0.22123562192452362 0.22796343319484644 -0.1654843531955319)
(0.46838652315883061 0.23365827132674921 -0.27624719764969519)
(0.52648194994993935 0.12622469467138142 -0.17313385704192302)
(1.5 0.27633800284282345 -0.27633846024218695)
(-1.5 0.54682648764509467 -0.27614058954052545)
(-0.075486035973498553 0.26666190682068652 -0.15652643683681594)
(0.068975148421918722 0.30979571571903963 -0.16784895161531208)
(0.22945250636863004 0.36837022608168041 -0.18500766793570972)
(0.43407184737628751 0.39313882420680935 -0.20212505966430172)
(0.49534400168452364 0.26158858875972463 -0.10841888921391409)
(1.5 0.54682179332533098 -0.27613666951955457)
(-1.5 0.80575914959514361 -0.27563708452939295)
(1.5 0.80575558079191723 -0.27563515046216441)
(-1.5 1.0495567717572745 -0.27498222609748313)
(1.5 1.0495542135818194 -0.27498210871457446)
(-1.5 1.5 -0.28038717196387841)
(-1.2790859677837894 1.5 -0.27559006100824468)
(-1.5 1.2790873663378814 -0.2755885872778901)
(-1.0495541412119682 1.5 -0.27498470854462226)
(-0.80575562464782746 1.5 -0.27563978382351184)
(-0.54682209738167764 1.5 -0.27614254725006998)
(-0.27633838533277266 1.5 -0.27634422994155722)
(2.5945520100603069e-06 1.5 -0.2763833050347036)
(0.2763439838887975 1.5 -0.27634343556057955)
(0.54682648764509478 1.5 -0.27614058954052539)
(0.80575914959514361 1.5 -0.2756370845293929)
(1.0495567717572742 1.5 -0.27498222609748307)
(1.5 1.5 -0.28038717196387841)
(1.2790873663378812 1.5 -0.27558858727789004)
(1.5 1.2790860029486459 -0.27558910231737554)
(-1.5 -1.5 0)
(-1.279194384491726 -1.5 -3.1606460060310413e-08)
(-1.5 -1.2791932282550451 -2.3643919389818149e-06)
(-1.0496360097701682 -1.5 1.0684067726552558e-06)
(-0.805829804082007 -1.5 2.1952813509009096e-06)
(-0.54688805694251796 -1.5 2.6658081269182989e-06)
(-0.27638330503470354 -1.5 2.5945520099833324e-06)
(-3.8641254694861604e-06 -1.5 3.7203033640131452e-06)
(0.27637767545368935 -1.5 2.4871917858042377e-06)
(0.5468835317186298 -1.5 2.4786272188696383e-06)
(0.80582449894107122 -1.5 1.5304878924070507e-06)
(1.0496316777380688 -1.5 3.8715785881133061e-07)
(1.5 -1.5 0)
(1.2791931705900996 -1.5 -2.1508568978237504e-07)
(1.5 -1.279194384491726 -3.1606460059793723e-08)
(-1.5 -1.0496316895498081 -2.3261082029901641e-06)
(-0.2344500498735996 -0.73642607618720268 -0.045146839509207157)
(-0.16716494092111531 -0.85665993317002265 0.032738184010965683)
(0.020090833759064008 -0.79745832503834502 0.037490165562081304)
(0.20642029498058798 -0.7371418221795567 0.033187236822060748)
(0.32648225180989127 -0.7094519473145402 0.10607887783041525)
(1.5 -1.0496360097701682 1.0684067726741398e-06)
(-1.5 -0.80582454107445456 -4.9561383948722517e-06)
(-0.25541084069870934 -0.60943963408984914 0.016167716436712207)
(-0.20313102312314513 -0.70827887076434715 0.10242102073726653)
(0.31594028717743922 -0.69049055281261895 -0.04631128602572613)
(0.4371201942616933 -0.66303547443011046 0.031692568144194806)
(0.61173459192606161 -0.60666448700345654 0.040072874126236918)
(0.75897278728983231 -0.58204902024684957 0.047340179609188036)
(1.5 -0.80582980408200711 2.1952813509170477e-06)
(-1.5 -0.54688371670200209 -4.5914113851863997e-06)
(-0.32471560293796281 -0.41156851078069301 0.017308171753072601)
(0.78354216987174874 -0.44661062828657744 0.060253202983494528)
(1.5 -0.54688805694251807 2.6658081269795191e-06)
(-1.5 -0.27637789061588308 -4.015169716753296e-06)
(-0.4397084845853475 -0.10555012484212624 -0.037092895135461858)
(-0.39504515507915505 -0.21275427415510076 0.014371593908914956)
(0.68273017480916365 -0.20182309086715025 0.026630559364046978)
(0.7320635449258267 -0.32623530441886822 0.058848513606008873)
(1.5 -0.27638330503470354 2.5945520100369081e-06)
(-1.5 3.7203033640115642e-06 -3.8641254695195208e-06)
(-0.46516643923260487 -0.012656246095918727 0.012222516653129697)
(-0.42316011940970361 -0.093654093299938887 0.082890662271086504)
(0.63124829757277467 -0.054186621541051132 0.027966028536017502)
(1.5 -3.864125469473211e-06 3.7203033640365941e-06)
(-1.5 0.27638320126318666 -1.9866783018087605e-06)
(-0.4770148075054117 0.12098478412982551 0.022579797816346191)
(-0.34897820726096518 0.1467697676589986 0.0073598434121596099)
(-0.20798903471655888 0.19281693775068348 0.009625044997096056)
(0.57321351953558408 0.10833881125766494 0.027467449146226175)
(1.5 0.27637767545368935 2.487191785828365e-06)
(-1.5 0.54688800600087839 -7.549860547229514e-07)
(-0.062109225298128463 0.24101861469520894 0.0029666416047480436)
(0.086089335011567375 0.28759342540170019 0.011084794575819621)
(0.24676353655788094 0.33947618346824154 0.01128954945476825)
(0.40782948250739209 0.4094646915691304 0.015174695833484965)
(0.52719253772283392 0.27415598193233598 0.029860591763027106)
(1.5 0.54688353171862991 2.4786272188802448e-06)
(-1.5 0.80582993800383951 5.0803220898658352e-07)
(1.5 0.80582449894107122 1.5304878923898466e-06)
(-1.5 1.0496363293916657 1.1598704212615306e-06)
(1.5 1.0496316777380688 3.8715785880882868e-07)
(-1.5 1.5 0)
(-1.2791932282550451 1.5 -2.3643919389352111e-06)
(-1.5 1.2791946773293641 -4.5488225804827081e-08)
(-1.0496316895498081 1.5 -2.3261082030420872e-06)
(-0.80582454107445445 1.5 -4.9561383948793955e-06)
(-0.54688371670200209 1.5 -4.5914113851775956e-06)
(-0.27637789061588303 1.5 -4.0151697167520932e-06)
(3.7203033640744497e-06 1.5 -3.8641254695031062e-06)
(0.27638320126318672 1.5 -1.9866783017642926e-06)
(0.5468880060008785 1.5 -7.549860546643058e-07)
(0.80582993800383951 1.5 5.0803220902547885e-07)
(1.0496363293916655 1.5 1.1598704212768587e-06)
(1.5 1.5 0)
(1.2791946773293639 1.5 -4.5488225792721498e-08)
(1.5 1.2791931705900996 -2.1508568988167906e-07)
(-1.5 -1.5 0.28038717196387841)
(-1.2790870294348968 -1.5 0.27559002975816821)
(-1.5 -1.2790857626066163 0.27558676876131427)
(-1.0495562926935824 -1.5 0.27498475318072951)
(-0.80575872115857072 -1.5 0.2756397857744291)
(-0.54682609183325859 -1.5 0.27614230665928108)
(-0.2763434355605795 -1.5 0.27634398388879738)
(-1.9866783017280387e-06 -1.5 0.27638320126318661)
(0.27633863109992696 -1.5 0.27634379013926885)
(0.54682195033004344 -1.5 0.27614200380519233)
(0.80575545623776668 -1.5 0.27563938434006685)
(1.0495539830784351 -1.5 0.2749843167739508)
(1.5 -1.5 0.28038717196387825)
(1.2790858141533155 -1.5 0.27558972122983161)
(1.5 -1.279087029434897 0.27559002975816821)
(-1.5 -1.0495538387910404 0.27497889243116974)
(-0.14168773639347207 -0.85264347248423644 0.24188669455175107)
(0.03303020313102327 -0.82559239258106987 0.23007808215722261)
(0.18821465214588562 -0.77087215603013859 0.2269326892508417)
(0.3346580517712982 -0.72516653484095828 0.23489920459151675)
(1.5 -1.0495562926935826 0.27498475318072946)
(-1.5 -0.80575541652253035 0.27563272367792052)
(-0.24446219104280267 -0.56123495071935769 0.15504629016161653)
(-0.19146251377934426 -0.65732525621945725 0.24280199033096178)
(0.4803901578530464 -0.67686384494915286 0.22621748518261528)
(0.63298944733450069 -0.6258211953835745 0.22409654087854824)
(0.78330859907296468 -0.59828660279288837 0.19670332632794882)
(1.5 -0.80575872115857083 0.27563978577442921)
(-1.5 -0.5468220557633251 0.27613556366978642)
(-0.27821662107541456 -0.42519034539054829 0.22213194808283215)
(-0.22347719702084359 -0.53095243943985471 0.3077398878858652)
(0.80987252051284153 -0.44507944494737123 0.20727149436010181)
(1.5 -0.5468260918332587 0.27614230665928119)
(-1.5 -0.27633846024218695 0.27633800284282339)
(-0.34994097740368896 -0.22593831845069862 0.21230045764334704)
(0.7021634463694324 -0.18735974327530688 0.14421829792139124)
(0.74765413122381352 -0.28543740513553234 0.21159398043607475)
(1.5 -0.2763434355605795 0.2763439838887975)
(-1.5 2.4871917857924432e-06 0.2763776754536893)
(-0.4639237243203323 0.019895844366560035 0.11508297707728081)
(-0.42216597881773138 -0.040784193713714022 0.20477774943953647)
(0.67640800789009436 -0.073346097811735511 0.21854746902757258)
(0.72249939666347662 -0.18546560846746726 0.26814650871137707)
(1.5 -1.9866783017386707e-06 0.27638320126318666)
(-1.5 0.27634379013926885 0.2763386310999269)
(-0.46816055049798155 0.10496732084731128 0.11832079636624483)
(-0.36999879356085863 0.13100683748418915 0.19143140429694447)
(-0.16333087912995606 0.17711223018839789 0.21105531584582943)
(-0.037031817064882899 0.20773136629035691 0.28845974931983032)
(0.60999311199730966 0.10988547691755397 0.21677093060997915)
(1.5 0.27633863109992696 0.27634379013926891)
(-1.5 0.54682621998855108 0.27613752516925089)
(-0.052855889228718103 0.22532701736260355 0.1337778005667502)
(0.070067604753452903 0.25396803080647895 0.20645633124044058)
(0.25406205997832498 0.31257467999279587 0.20286840152819968)
(0.41723016268354979 0.37738291788759115 0.20689514540798903)
(0.57088577211238334 0.28853744920171887 0.20670352498128555)
(1.5 0.54682195033004355 0.27614200380519238)
(-1.5 0.80575894030152728 0.27563616512155742)
(1.5 0.8057554562377669 0.27563938434006691)
(-1.5 1.049556714253244 0.27498254582075121)
(1.5 1.0495539830784353 0.27498431677395085)
(-1.5 1.5 0.2803871719638783)
(-1.2790857626066161 1.5 0.27558676876131416)
(-1.5 1.2790874106115389 0.27558900084231663)
(-1.0495538387910404 1.5 0.27497889243116974)
(-0.80575541652253024 1.5 0.27563272367792052)
(-0.5468220557633251 1.5 0.27613556366978648)
(-0.27633846024218689 1.5 0.27633800284282345)
(2.4871917858694762e-06 1.5 0.27637767545368935)
(0.27634379013926896 1.5 0.27633863109992696)
(0.54682621998855108 1.5 0.27613752516925094)
(0.80575894030152728 1.5 0.27563616512155747)
(1.049556714253244 1.5 0.27498254582075127)
(1.5 1.5 0.28038717196387825)
(1.2790874106115389 1.5 0.27558900084231674)
(1.5 1.2790858141533155 0.27558972122983166)
(-1.5 -1.5 0.54299294881605231)
(-1.278912820587961 -1.5 0.54337529900603976)
(-1.5 -1.2789117947912154 0.54337167088624561)
(-1.0492342820682719 -1.5 0.54426810159367511)
(-0.80536998531981652 -1.5 0.54556382337372133)
(-0.54647831382616152 -1.5 0.54647948791783729)
(-0.27614058954052534 -1.5 0.54682648764509456)
(-7.5498605466020849e-07 -1.5 0.54688800600087839)
(0.27613752516925094 -1.5 0.54682621998855108)
(0.54647503326336422 -1.5 0.54647909143734175)
(0.80536712413490874 -1.5 0.54556334601802647)
(1.0492322047732059 -1.5 0.54426759406027503)
(1.5 -1.5 0.54299294881605231)
(1.2789117101124892 -1.5 0.54337495957841719)
(1.5 -1.2789128205879612 0.54337529900603965)
(-1.5 -1.0492323912118477 0.54426218321071473)
(-0.10907958623232783 -0.82804730960160922 0.43091096868880807)
(0.056413105463847535 -0.8551960420273339 0.41625236552208356)
(0.20509690159467975 -0.79325428062530279 0.40294119163356507)
(0.34746891750659192 -0.75064283301807977 0.39185506084208199)
(1.5 -1.0492342820682721 0.54426810159367511)
(-1.5 -0.80536746593325248 0.54555765920073906)
(-0.14793157813635838 -0.66529813168024377 0.43471001981974833)
(0.49482538505572854 -0.71223312004733663 0.4004269957096433)
(0.68159438438180775 -0.66014687829670871 0.4392502341877908)
(0.84041969704876773 -0.6217546919066661 0.35147334803876557)
(1.5 -0.80536998531981652 0.54556382337372122)
(-1.5 -0.54647520336029753 0.54647425554034301)
(-0.2607540213759289 -0.36406759766019114 0.40772357343732618)
(-0.2022577412216203 -0.51068328439930599 0.44264151037159616)
(0.72709184424938145 -0.45037121652811501 0.48378796380395006)
(0.88064225517468742 -0.45053925417646651 0.37900425812073046)
(1.5 -0.54647831382616152 0.5464794879178374)
(-1.5 -0.27613666951955451 0.54682179332533087)
(-0.31714858596188161 -0.21001068418943847 0.39591460257881139)
(0.73245760572124285 -0.25743658279049242 0.4969595870210316)
(0.81127661202052026 -0.28348452993903517 0.35812225296928546)
(1.5 -0.27614058954052539 0.54682648764509467)
(-1.5 2.4786272188729425e-06 0.54688353171862991)
(-0.38042719825570381 -0.051050307278659793 0.39643401751645674)
(0.74534352379036883 -0.071195563367590517 0.42213975259824954)
(0.75413600744688214 -0.1852824661052018 0.34608527195562333)
(1.5 -7.5498605466589516e-07 0.54688800600087839)
(-1.5 0.27614200380519227 0.54682195033004344)
(-0.33846965245563582 0.11412650469556779 0.41290398157029501)
(-0.17375780017024503 0.14226713595014392 0.4182049333617377)
(-0.020057154393250981 0.19174686167588637 0.42725998468452298)
(0.65267890529173156 0.12522632357275948 0.39890393281918812)
(1.5 0.27613752516925094 0.54682621998855119)
(-1.5 0.54647909143734175 0.54647503326336422)
(0.12311836652684541 0.24192652092598416 0.39339229685066973)
(0.2702021374305239 0.28961206484322832 0.3866700370876246)
(0.43022460811483804 0.345373366432079 0.39269071508073494)
(0.61431816209754442 0.31629761697733944 0.39566324633233857)
(1.5 0.54647503326336433 0.54647909143734186)
(-1.5 0.80537076966827925 0.54555967240631287)
(1.5 0.80536712413490896 0.54556334601802658)
(-1.5 1.0492353135207944 0.5442646255051814)
(1.5 1.0492322047732061 0.54426759406027514)
(-1.5 1.5 0.54299294881605231)
(-1.2789117947912154 1.5 0.54337167088624561)
(-1.5 1.2789135776626595 0.54337325056951391)
(-1.0492323912118477 1.5 0.54426218321071484)
(-0.80536746593325248 1.5 0.54555765920073918)
(-0.54647520336029753 1.5 0.54647425554034301)
(-0.27613666951955446 1.5 0.54682179332533087)
(2.4786272189012822e-06 1.5 0.5468835317186298)
(0.27614200380519238 1.5 0.54682195033004344)
(0.54647909143734186 1.5 0.54647503326336422)
(0.80537076966827925 1.5 0.54555967240631287)
(1.0492353135207944 1.5 0.54426462550518151)
(1.5 1.5 0.54299294881605231)
(1.2789135776626595 1.5 0.54337325056951391)
(1.5 1.2789117101124892 0.5433749595784173)
(-1.5 -1.5 0.81441855954831288)
(-1.2783640855420297 -1.5 0.80328014967156924)
(-1.5 -1.2783641355376014 0.80327669182423822)
(-1.0482270091574772 -1.5 0.8026117844167211)
(-0.80426639551680812 -1.5 0.80426883582456599)
(-0.54556174397698065 -1.5 0.80537114453060932)
(-0.2756370845293929 -1.5 0.80575914959514339)
(5.0803220902409988e-07 -1.5 0.80582993800383951)
(0.27563616512155747 -1.5 0.80575894030152728)
(0.54555967240631287 -1.5 0.80537076966827925)
(0.80426412988944218 -1.5 0.80426833101838369)
(1.0482252623611754 -1.5 0.80261125926636079)
(1.5 -1.5 0.81441855954831277)
(1.2783631536628028 -1.5 0.80327979911984027)
(1.5 -1.2783640855420297 0.80328014967156913)
(-1.5 -1.0482268916526138 0.80260634858180291)
(-0.085517580766642745 -0.81750166277393932 0.58887929492158242)
(0.079041959084118846 -0.85117236676876284 0.62571305142897904)
(0.24969652396712347 -0.7951718009704013 0.56984448687512124)
(0.35974556622935383 -0.77121909699827862 0.52812757340021832)
(1.5 -1.0482270091574772 0.80261178441672099)
(-1.5 -0.80426580736961784 0.80426374778488474)
(-0.12071231184012773 -0.67049382551113423 0.62096056406801992)
(0.055874859163140111 -0.64386914003605855 0.62682143360456766)
(0.22988093128258386 -0.62436693494934592 0.58098189384978505)
(0.41470212011909463 -0.63666079058076008 0.54892615017505875)
(0.55579889786455228 -0.57436042281864008 0.52236472531650868)
(1.5 -0.80426639551680812 0.80426883582456576)
(-1.5 -0.54556042316624365 0.80536727155629306)
(-0.2520558893869404 -0.33836636283961286 0.5466441185482811)
(-0.18383107843420998 -0.45753740890137762 0.65879382088991023)
(0.035822234072628613 -0.44200817603183223 0.64328145996196417)
(0.22055617998586802 -0.4346449238040519 0.59778635319073503)
(0.394828376579 -0.43288125818794454 0.55685591988688921)
(0.56001571387611493 -0.43037527336127457 0.52023745130356758)
(1.5 -0.54556174397698065 0.80537114453060921)
(-1.5 -0.27563515046216441 0.80575558079191734)
(-0.28885665586581777 -0.20329154264566551 0.58105129002229494)
(-0.15104945019429303 -0.21444583997769662 0.70233656006477174)
(0.038067165871067024 -0.23318057780084375 0.65550238415027218)
(0.22071224647528967 -0.23848495474810655 0.61223491331894819)
(0.3975222889910332 -0.24181563335561651 0.57057279168722486)
(0.5698611492151171 -0.24897271646160482 0.53260285869217527)
(1.5 -0.27563708452939295 0.8057591495951435)
(-1.5 1.5304878923632112e-06 0.80582449894107133)
(-0.34271931589412508 -0.051323348785524518 0.55060387262224497)
(-0.10877307120623642 -0.029526308430199315 0.70477835463194527)
(0.049011825310511077 -0.030376550082803065 0.67021334286408984)
(0.22907553131434402 -0.04195393279605554 0.62487554694632386)
(0.40686076672663624 -0.05051699348747718 0.58142069673574903)
(0.58655307146313407 -0.056670326801314362 0.55185241152085074)
(1.5 5.0803220902060556e-07 0.80582993800383951)
(-1.5 0.27563938434006696 0.80575545623776679)
(-0.32842137735698007 0.090552439056839032 0.57701556716500058)
(-0.18249238232726464 0.12978408002311265 0.63330590050366142)
(0.044579702383851838 0.20140308391739783 0.64355868112286019)
(0.24210597580724738 0.14305280664514305 0.64081126993830384)
(0.42062323147535385 0.13709077871245232 0.59281883511461686)
(0.5972925861710604 0.13681122841229032 0.57177016780938072)
(1.5 0.27563616512155753 0.80575894030152739)
(-1.5 0.54556334601802658 0.80536712413490885)
(0.14502990741864905 0.24306956282228462 0.52409066026072082)
(0.25916016414574783 0.2951019918356419 0.55614790115550317)
(0.42925913322754006 0.33085364196254108 0.58562694303021712)
(0.61590871097291811 0.32045484498893939 0.58619906773094355)
(1.5 0.54555967240631287 0.80537076966827925)
(-1.5 0.8042683310183838 0.8042641298894424)
(1.5 0.80426412988944229 0.80426833101838369)
(-1.5 1.0482293552752204 0.80260695040603147)
(1.5 1.0482252623611754 0.80261125926636079)
(-1.5 1.5 0.81441855954831277)
(-1.2783641355376016 1.5 0.80327669182423822)
(-1.5 1.278365578369832 0.80327701854681699)
(-1.0482268916526138 1.5 0.80260634858180291)
(-0.80426580736961784 1.5 0.80426374778488474)
(-0.54556042316624365 1.5 0.80536727155629306)
(-0.27563515046216436 1.5 0.805755580791917)
(1.5304878923872733e-06 1.5 0.80582449894107111)
(0.27563938434006691 1.5 0.80575545623776679)
(0.54556334601802658 1.5 0.80536712413490885)
(0.80426833101838369 1.5 0.80426412988944229)
(1.0482293552752204 1.5 0.80260695040603136)
(1.5 1.5 0.81441855954831266)
(1.278365578369832 1.5 0.80327701854681699)
(1.5 1.2783631536628028 0.80327979911984015)
(-1.5 -1.5 1.0450359998171936)
(-1.2773057478641017 -1.5 1.0454629349296307)
(-1.5 -1.2773066492663419 1.0454603093830188)
(-1.0466236889599343 -1.5 1.0466273753175013)
(-0.80260864983912306 -1.5 1.0482298521245297)
(-0.54426573527809774 -1.5 1.0492355673600051)
(-0.27498222609748302 -1.5 1.0495567717572742)
(1.1598704213174903e-06 -1.5 1.0496363293916655)
(0.27498254582075121 -1.5 1.049556714253244)
(0.54426462550518151 -1.5 1.0492353135207944)
(0.80260695040603136 -1.5 1.0482293552752204)
(1.0466221642862688 -1.5 1.046626813602568)
(1.5 -1.5 1.0450359998171936)
(1.2773048848955073 -1.5 1.0454625779074287)
(1.5 -1.2773057478641017 1.0454629349296307)
(-1.5 -1.0466250124225707 1.0466232590280855)
(1.5 -1.0466236889599343 1.0466273753175011)
(-1.5 -0.80260970213514926 1.0482261549435956)
(1.5 -0.80260864983912306 1.0482298521245292)
(-1.5 -0.54426609509781376 1.0492328651994913)
(1.5 -0.54426573527809763 1.0492355673600049)
(-1.5 -0.27498210871457446 1.0495542135818194)
(-0.2973652082790591 -0.13111750767778291 0.67237156560238498)
(-0.23960094828793607 -0.13033741699060417 0.72508177598263446)
(1.5 -0.27498222609748307 1.0495567717572742)
(-1.5 3.8715785890298698e-07 1.049631677738069)
(-0.33408350584553109 -0.042552219779249383 0.67426987718339659)
(-0.23649404506242827 -0.030137683897644641 0.73455830383345389)
(1.5 1.1598704213192593e-06 1.0496363293916657)
(-1.5 0.27498431677395074 1.0495539830784351)
(-0.36492437298232494 0.073779773484344335 0.6891436852666033)
(-0.2619114337216859 0.0817890846505019 0.7251993151001932)
(1.5 0.27498254582075121 1.049556714253244)
(-1.5 0.54426759406027514 1.0492322047732059)
(1.5 0.54426462550518151 1.0492353135207944)
(-1.5 0.80261125926636079 1.0482252623611754)
(1.5 0.80260695040603147 1.0482293552752204)
(-1.5 1.046626813602568 1.0466221642862688)
(1.5 1.046622164286269 1.046626813602568)
(-1.5 1.5 1.0450359998171936)
(-1.2773066492663421 1.5 1.0454603093830186)
(-1.5 1.2773078394719113 1.0454593240635293)
(-1.0466250124225707 1.5 1.0466232590280855)
(-0.80260970213514926 1.5 1.0482261549435956)
(-0.54426609509781365 1.5 1.0492328651994913)
(-0.27498210871457446 1.5 1.0495542135818192)
(3.871578588969235e-07 1.5 1.0496316777380688)
(0.2749843167739508 1.5 1.0495539830784353)
(0.54426759406027503 1.5 1.0492322047732061)
(0.8026112592663609 1.5 1.0482252623611754)
(1.0466268136025683 1.5 1.046622164286269)
(1.5 1.5 1.0450359998171936)
(1.2773078394719113 1.5 1.0454593240635293)
(1.5 1.2773048848955073 1.0454625779074289)
(-1.5 -1.5 1.5)
(-1.5 -1.5 1.2840313875844345)
(-1.2840313875844345 -1.5 1.5)
(-1.5 -1.2840313875844345 1.5)
(-1.2774211807726628 -1.5 1.2774228799079976)
(-1.5 -1.2774218741710825 1.2774216012165494)
(-1.277421654188228 -1.2774218733441158 1.5)
(-1.0450359998171936 -1.5 1.5)
(-1.0454603563897324 -1.5 1.27730826709023)
(-1.0454607185823506 -1.2773066854398307 1.5)
(-0.81441855954831288 -1.5 1.5)
(-0.80327805327222701 -1.5 1.2783659222825663)
(-0.8032779246589985 -1.2783643394747091 1.5)
(-0.54299294881605231 -1.5 1.5)
(-0.54337378550352022 -1.5 1.2789136941743433)
(-0.54337409485040722 -1.2789120825597071 1.5)
(-0.28038717196387841 -1.5 1.5)
(-0.27558858727789015 -1.5 1.2790873663378812)
(-0.27559006100824474 -1.2790859677837894 1.5)
(0 -1.5 1.5)
(-4.5488225729524688e-08 -1.5 1.2791946773293639)
(-2.3643919390548457e-06 -1.2791932282550451 1.5)
(0.2803871719638783 -1.5 1.5)
(0.27558900084231669 -1.5 1.2790874106115389)
(0.27558676876131416 -1.2790857626066163 1.5)
(0.54299294881605231 -1.5 1.5)
(0.54337325056951391 -1.5 1.2789135776626595)
(0.54337167088624549 -1.2789117947912156 1.5)
(0.81441855954831277 -1.5 1.5)
(0.80327701854681699 -1.5 1.278365578369832)
(0.80327669182423811 -1.2783641355376016 1.5)
(1.0450359998171936 -1.5 1.5)
(1.045459324063529 -1.5 1.2773078394719111)
(1.0454603093830186 -1.2773066492663421 1.5)
(1.5 -1.5 1.5)
(1.5 -1.5 1.2840313875844345)
(1.2840313875844345 -1.5 1.5)
(1.5 -1.2840313875844345 1.5)
(1.2774205471405351 -1.5 1.2774225963892534)
(1.5 -1.2774211807726628 1.2774228799079976)
(1.2774216012165494 -1.2774218741710825 1.5)
(-1.5 -1.0450359998171936 1.5)
(-1.5 -1.0454615678232222 1.2773061618243873)
(-1.2773065941815922 -1.0454616565085841 1.5)
(-1.0466243845628582 -1.0466251792216996 1.5)
(-0.80260877805477682 -1.0482271832443992 1.5)
(-0.54426637095017782 -1.0492327909482266 1.5)
(-0.27498470854462237 -1.049554141211968 1.5)
(-2.3261082030373743e-06 -1.0496316895498081 1.5)
(0.27497889243116963 -1.0495538387910404 1.5)
(0.54426218321071462 -1.0492323912118477 1.5)
(0.80260634858180269 -1.0482268916526138 1.5)
(1.0466232590280853 -1.0466250124225709 1.5)
(1.5 -1.0450359998171936 1.5)
(1.5 -1.0454603563897324 1.27730826709023)
(1.2773061618243873 -1.0454615678232224 1.5)
(-1.5 -0.81441855954831288 1.5)
(-1.5 -0.80327907014326583 1.2783641768140883)
(-1.2783650217981877 -0.80327925243023868 1.5)
(-1.048227967981112 -0.80260994807452324 1.5)
(-0.80426690224321795 -0.80426608454346138 1.5)
(-0.54556271178104598 -0.80536776580462965 1.5)
(-0.27563978382351184 -0.80575562464782735 1.5)
(-4.95613839496082e-06 -0.80582454107445445 1.5)
(0.27563272367792041 -0.80575541652253024 1.5)
(0.54555765920073906 -0.80536746593325237 1.5)
(0.80426374778488463 -0.80426580736961784 1.5)
(1.0482261549435956 -0.80260970213514915 1.5)
(1.5 -0.81441855954831288 1.5)
(1.5 -0.8032780532722269 1.2783659222825661)
(1.2783641768140883 -0.80327907014326572 1.5)
(-1.5 -0.54299294881605231 1.5)
(-1.5 -0.54337444846849769 1.2789122955217604)
(-1.2789133349407127 -0.5433745334463107 1.5)
(-1.049234987124209 -0.54426622957822335 1.5)
(-0.80537064248943091 -0.54556054653847508 1.5)
(-0.54647930770684705 -0.54647526691753601 1.5)
(-0.27614254725007009 -0.54682209738167764 1.5)
(-4.5914113852882452e-06 -0.54688371670200209 1.5)
(0.27613556366978631 -0.5468220557633251 1.5)
(0.5464742555403429 -0.54647520336029753 1.5)
(0.80536727155629295 -0.54556042316624365 1.5)
(1.0492328651994913 -0.54426609509781376 1.5)
(1.5 -0.54299294881605231 1.5)
(1.5 -0.54337378550352022 1.2789136941743431)
(1.2789122955217604 -0.54337444846849769 1.5)
(-1.5 -0.28038717196387841 1.5)
(-1.5 -0.27558910231737549 1.2790860029486462)
(-1.2790871440611822 -0.27558907136959826 1.5)
(-1.0495564752701796 -0.27498204068267024 1.5)
(-0.80575898837784132 -0.27563507225460465 1.5)
(-0.5468265436778289 -0.2761365904712631 1.5)
(-0.27634422994155733 -0.27633838533277277 1.5)
(-4.0151697168677513e-06 -0.27637789061588308 1.5)
(0.27633800284282334 -0.27633846024218695 1.5)
(0.54682179332533087 -0.27613666951955451 1.5)
(0.80575558079191723 -0.27563515046216441 1.5)
(1.0495542135818194 -0.2749821087145744 1.5)
(1.5 -0.28038717196387841 1.5)
(1.5 -0.2755885872778901 1.2790873663378812)
(1.2790860029486462 -0.27558910231737554 1.5)
(-1.5 0 1.5)
(-1.5 -2.1508568985368166e-07 1.2791931705900996)
(-1.2791943844917262 -3.1606460079304703e-08 1.5)
(-1.0496360097701682 1.0684067726353817e-06 1.5)
(-0.80582980408200722 2.1952813508663159e-06 1.5)
(-0.5468880569425183 2.6658081268824796e-06 1.5)
(-0.27638330503470376 2.5945520100070319e-06 1.5)
(-3.8641254696092343e-06 3.720303364004162e-06 1.5)
(0.2763776754536893 2.487191785810936e-06 1.5)
(0.5468835317186298 2.4786272188885263e-06 1.5)
(0.80582449894107122 1.5304878924057052e-06 1.5)
(1.0496316777380688 3.8715785886958255e-07 1.5)
(1.5 0 1.5)
(1.5 -4.5488225799306332e-08 1.2791946773293639)
(1.2791931705900996 -2.1508568983568221e-07 1.5)
(-1.5 0.28038717196387825 1.5)
(-1.5 0.27558972122983161 1.2790858141533155)
(-1.279087029434897 0.27559002975816821 1.5)
(-1.0495562926935826 0.2749847531807294 1.5)
(-0.80575872115857095 0.2756397857744291 1.5)
(-0.54682609183325881 0.27614230665928113 1.5)
(-0.27634343556057961 0.27634398388879744 1.5)
(-1.9866783018686877e-06 0.27638320126318666 1.5)
(0.2763386310999269 0.27634379013926891 1.5)
(0.54682195033004344 0.27614200380519233 1.5)
(0.80575545623776679 0.27563938434006691 1.5)
(1.0495539830784351 0.27498431677395085 1.5)
(1.5 0.28038717196387825 1.5)
(1.5 0.27558900084231674 1.2790874106115389)
(1.2790858141533152 0.27558972122983166 1.5)
(-1.5 0.54299294881605231 1.5)
(-1.5 0.54337495957841719 1.2789117101124892)
(-1.2789128205879612 0.54337529900603954 1.5)
(-1.0492342820682721 0.544268101593675 1.5)
(-0.80536998531981663 0.54556382337372122 1.5)
(-0.54647831382616163 0.5464794879178374 1.5)
(-0.27614058954052545 0.54682648764509456 1.5)
(-7.5498605477065725e-07 0.54688800600087839 1.5)
(0.27613752516925089 0.54682621998855108 1.5)
(0.54647503326336422 0.54647909143734186 1.5)
(0.80536712413490896 0.54556334601802658 1.5)
(1.0492322047732061 0.54426759406027514 1.5)
(1.5 0.54299294881605231 1.5)
(1.5 0.54337325056951391 1.2789135776626595)
(1.2789117101124892 0.54337495957841719 1.5)
(-1.5 0.81441855954831277 1.5)
(-1.5 0.80327979911984015 1.2783631536628031)
(-1.2783640855420297 0.80328014967156913 1.5)
(-1.0482270091574772 0.80261178441672087 1.5)
(-0.80426639551680812 0.80426883582456576 1.5)
(-0.54556174397698076 0.80537114453060932 1.5)
(-0.27563708452939295 0.80575914959514339 1.5)
(5.0803220897070483e-07 0.80582993800383951 1.5)
(0.27563616512155747 0.80575894030152728 1.5)
(0.54555967240631276 0.80537076966827914 1.5)
(0.80426412988944229 0.80426833101838358 1.5)
(1.0482252623611754 0.80261125926636079 1.5)
(1.5 0.81441855954831266 1.5)
(1.5 0.80327701854681699 1.278365578369832)
(1.2783631536628031 0.80327979911984027 1.5)
(-1.5 1.0450359998171936 1.5)
(-1.5 1.0454625779074289 1.2773048848955073)
(-1.2773057478641017 1.0454629349296307 1.5)
(-1.0466236889599343 1.0466273753175011 1.5)
(-0.80260864983912306 1.0482298521245295 1.5)
(-0.54426573527809774 1.0492355673600049 1.5)
(-0.27498222609748313 1.0495567717572742 1.5)
(1.1598704212950045e-06 1.0496363293916655 1.5)
(0.27498254582075121 1.049556714253244 1.5)
(0.5442646255051814 1.0492353135207944 1.5)
(0.80260695040603136 1.0482293552752204 1.5)
(1.046622164286269 1.0466268136025683 1.5)
(1.5 1.0450359998171936 1.5)
(1.5 1.0454593240635293 1.2773078394719113)
(1.2773048848955075 1.0454625779074289 1.5)
(-1.5 1.5 1.5)
(-1.5 1.5 1.2840313875844345)
(-1.2840313875844345 1.5 1.5)
(-1.5 1.2840313875844345 1.5)
(-1.2774218741710823 1.5 1.2774216012165494)
(-1.5 1.2774225963892536 1.2774205471405351)
(-1.2774211807726628 1.2774228799079974 1.5)
(-1.0450359998171936 1.5 1.5)
(-1.0454615678232222 1.5 1.2773061618243871)
(-1.0454603563897324 1.27730826709023 1.5)
(-0.81441855954831288 1.5 1.5)
(-0.80327907014326572 1.5 1.2783641768140883)
(-0.80327805327222701 1.2783659222825661 1.5)
(-0.54299294881605231 1.5 1.5)
(-0.54337444846849781 1.5 1.2789122955217604)
(-0.54337378550352033 1.2789136941743431 1.5)
(-0.28038717196387841 1.5 1.5)
(-0.27558910231737549 1.5 1.2790860029486459)
(-0.27558858727789015 1.2790873663378812 1.5)
(0 1.5 1.5)
(-2.150856898111208e-07 1.5 1.2791931705900996)
(-4.5488225732548701e-08 1.2791946773293639 1.5)
(0.28038717196387825 1.5 1.5)
(0.27558972122983155 1.5 1.2790858141533155)
(0.27558900084231669 1.2790874106115389 1.5)
(0.54299294881605231 1.5 1.5)
(0.54337495957841719 1.5 1.2789117101124894)
(0.54337325056951391 1.2789135776626595 1.5)
(0.81441855954831266 1.5 1.5)
(0.80327979911984027 1.5 1.2783631536628031)
(0.80327701854681699 1.278365578369832 1.5)
(1.0450359998171936 1.5 1.5)
(1.0454625779074289 1.5 1.2773048848955075)
(1.0454593240635293 1.2773078394719113 1.5)
(1.5 1.5 1.5)
(1.5 1.5 1.2840313875844345)
(1.2840313875844345 1.5 1.5)
(1.5 1.2840313875844345 1.5)
(1.2774225963892536 1.5 1.2774205471405351)
(1.5 1.2774205471405351 1.2774225963892536)
(1.2774205471405351 1.2774225963892536 1.5)
)
