solid body
  facet normal 0.9996988186966177 0.024541228506070583 0
    outer loop
      vertex 0.5 0 -6
      vertex 0.49939772810299998 0.024533837163700001 -6
      vertex 0.49939772810299998 0.024533837163700001 -3
    endloop
  endfacet
  facet normal 0.9996988186966177 0.024541228506070583 -0
    outer loop
      vertex 0.5 0 -6
      vertex 0.49939772810299998 0.024533837163700001 -3
      vertex 0.5 0 -3
    endloop
  endfacet
  facet normal 0.9972904566771652 0.073564563620341361 0
    outer loop
      vertex 0.49939772810299998 0.024533837163700001 -6
      vertex 0.49759236333599999 0.049008570164800001 -6
      vertex 0.49759236333599999 0.049008570164800001 -3
    endloop
  endfacet
  facet normal 0.9972904566771652 0.073564563620341361 -0
    outer loop
      vertex 0.49939772810299998 0.024533837163700001 -6
      vertex 0.49759236333599999 0.049008570164800001 -3
      vertex 0.49939772810299998 0.024533837163700001 -3
    endloop
  endfacet
  facet normal 0.9924795345972639 0.12241067521094091 0
    outer loop
      vertex 0.49759236333599999 0.049008570164800001 -6
      vertex 0.49458825498199999 0.073365237227699998 -6
      vertex 0.49458825498199999 0.073365237227699998 -3
    endloop
  endfacet
  facet normal 0.9924795345972639 0.12241067521094091 -0
    outer loop
      vertex 0.49759236333599999 0.049008570164800001 -6
      vertex 0.49458825498199999 0.073365237227699998 -3
      vertex 0.49759236333599999 0.049008570164800001 -3
    endloop
  endfacet
  facet normal 0.9852776423942825 0.17096188872951815 0
    outer loop
      vertex 0.49458825498199999 0.073365237227699998 -6
      vertex 0.49039264020200002 0.097545161008099998 -6
      vertex 0.49039264020200002 0.097545161008099998 -3
    endloop
  endfacet
  facet normal 0.9852776423942825 0.17096188872951815 -0
    outer loop
      vertex 0.49458825498199999 0.073365237227699998 -6
      vertex 0.49039264020200002 0.097545161008099998 -3
      vertex 0.49458825498199999 0.073365237227699998 -3
    endloop
  endfacet
  facet normal 0.97570213003345685 0.21910124017945473 0
    outer loop
      vertex 0.49039264020200002 0.097545161008099998 -6
      vertex 0.48501562659699998 0.121490089952 -6
      vertex 0.48501562659699998 0.121490089952 -3
    endloop
  endfacet
  facet normal 0.97570213003345685 0.21910124017945473 -0
    outer loop
      vertex 0.49039264020200002 0.097545161008099998 -6
      vertex 0.48501562659699998 0.121490089952 -3
      vertex 0.49039264020200002 0.097545161008099998 -3
    endloop
  endfacet
  facet normal 0.96377606579545816 0.26671275747483247 0
    outer loop
      vertex 0.48501562659699998 0.121490089952 -6
      vertex 0.478470167866 0.14514233862699999 -6
      vertex 0.478470167866 0.14514233862699999 -3
    endloop
  endfacet
  facet normal 0.96377606579545816 0.26671275747483247 -0
    outer loop
      vertex 0.48501562659699998 0.121490089952 -6
      vertex 0.478470167866 0.14514233862699999 -3
      vertex 0.48501562659699998 0.121490089952 -3
    endloop
  endfacet
  facet normal 0.9495281806007323 0.3136817403755961 0
    outer loop
      vertex 0.478470167866 0.14514233862699999 -6
      vertex 0.47077203259200001 0.168444926696 -6
      vertex 0.47077203259200001 0.168444926696 -3
    endloop
  endfacet
  facet normal 0.9495281806007323 0.3136817403755961 -0
    outer loop
      vertex 0.478470167866 0.14514233862699999 -6
      vertex 0.47077203259200001 0.168444926696 -3
      vertex 0.478470167866 0.14514233862699999 -3
    endloop
  endfacet
  facet normal 0.93299279883590147 0.3598950365319743 0
    outer loop
      vertex 0.47077203259200001 0.168444926696 -6
      vertex 0.46193976625599997 0.191341716183 -6
      vertex 0.46193976625599997 0.191341716183 -3
    endloop
  endfacet
  facet normal 0.93299279883590147 0.3598950365319743 -0
    outer loop
      vertex 0.47077203259200001 0.168444926696 -6
      vertex 0.46193976625599997 0.191341716183 -3
      vertex 0.47077203259200001 0.168444926696 -3
    endloop
  endfacet
  facet normal 0.91420975569835994 0.40524131401665492 0
    outer loop
      vertex 0.46193976625599997 0.191341716183 -6
      vertex 0.451994646562 0.21377754671499999 -6
      vertex 0.451994646562 0.21377754671499999 -3
    endloop
  endfacet
  facet normal 0.91420975569835994 0.40524131401665492 -0
    outer loop
      vertex 0.46193976625599997 0.191341716183 -6
      vertex 0.451994646562 0.21377754671499999 -3
      vertex 0.46193976625599997 0.191341716183 -3
    endloop
  endfacet
  facet normal 0.89322430118922702 0.44961132966709921 0
    outer loop
      vertex 0.451994646562 0.21377754671499999 -6
      vertex 0.440960632174 0.23569836841299999 -6
      vertex 0.440960632174 0.23569836841299999 -3
    endloop
  endfacet
  facet normal 0.89322430118922702 0.44961132966709921 -0
    outer loop
      vertex 0.451994646562 0.21377754671499999 -6
      vertex 0.440960632174 0.23569836841299999 -3
      vertex 0.451994646562 0.21377754671499999 -3
    endloop
  endfacet
  facet normal 0.87008699111327725 0.49289819222172415 0
    outer loop
      vertex 0.440960632174 0.23569836841299999 -6
      vertex 0.428864305 0.25705137209700002 -6
      vertex 0.428864305 0.25705137209700002 -3
    endloop
  endfacet
  facet normal 0.87008699111327725 0.49289819222172415 -0
    outer loop
      vertex 0.440960632174 0.23569836841299999 -6
      vertex 0.428864305 0.25705137209700002 -3
      vertex 0.440960632174 0.23569836841299999 -3
    endloop
  endfacet
  facet normal 0.84485356524497235 0.53499761989457428 0
    outer loop
      vertex 0.428864305 0.25705137209700002 -6
      vertex 0.415734806151 0.27778511650999999 -6
      vertex 0.415734806151 0.27778511650999999 -3
    endloop
  endfacet
  facet normal 0.84485356524497235 0.53499761989457428 -0
    outer loop
      vertex 0.428864305 0.25705137209700002 -6
      vertex 0.415734806151 0.27778511650999999 -3
      vertex 0.428864305 0.25705137209700002 -3
    endloop
  endfacet
  facet normal 0.81758481314501397 0.57580819142717365 0
    outer loop
      vertex 0.415734806151 0.27778511650999999 -6
      vertex 0.40160376574000001 0.29784965224600002 -6
      vertex 0.40160376574000001 0.29784965224600002 -3
    endloop
  endfacet
  facet normal 0.81758481314501397 0.57580819142717365 -0
    outer loop
      vertex 0.415734806151 0.27778511650999999 -6
      vertex 0.40160376574000001 0.29784965224600002 -3
      vertex 0.415734806151 0.27778511650999999 -3
    endloop
  endfacet
  facet normal 0.78834642763177198 0.61523159057400756 0
    outer loop
      vertex 0.40160376574000001 0.29784965224600002 -6
      vertex 0.38650522668100001 0.31719664208199999 -6
      vertex 0.38650522668100001 0.31719664208199999 -3
    endloop
  endfacet
  facet normal 0.78834642763177198 0.61523159057400756 -0
    outer loop
      vertex 0.40160376574000001 0.29784965224600002 -6
      vertex 0.38650522668100001 0.31719664208199999 -3
      vertex 0.40160376574000001 0.29784965224600002 -3
    endloop
  endfacet
  facet normal 0.75720884650969666 0.65317284295005296 0
    outer loop
      vertex 0.38650522668100001 0.31719664208199999 -6
      vertex 0.37047556267699999 0.33577947742399999 -6
      vertex 0.37047556267699999 0.33577947742399999 -3
    endloop
  endfacet
  facet normal 0.75720884650969666 0.65317284295005296 -0
    outer loop
      vertex 0.38650522668100001 0.31719664208199999 -6
      vertex 0.37047556267699999 0.33577947742399999 -3
      vertex 0.38650522668100001 0.31719664208199999 -3
    endloop
  endfacet
  facet normal 0.72424708294084228 0.68954054474822646 0
    outer loop
      vertex 0.37047556267699999 0.33577947742399999 -6
      vertex 0.35355339059300001 0.35355339059300001 -6
      vertex 0.35355339059300001 0.35355339059300001 -3
    endloop
  endfacet
  facet normal 0.72424708294084228 0.68954054474822646 -0
    outer loop
      vertex 0.37047556267699999 0.33577947742399999 -6
      vertex 0.35355339059300001 0.35355339059300001 -3
      vertex 0.37047556267699999 0.33577947742399999 -3
    endloop
  endfacet
  facet normal 0.68954054474822646 0.72424708294084228 0
    outer loop
      vertex 0.35355339059300001 0.35355339059300001 -6
      vertex 0.33577947742399999 0.37047556267699999 -6
      vertex 0.33577947742399999 0.37047556267699999 -3
    endloop
  endfacet
  facet normal 0.68954054474822646 0.72424708294084228 -0
    outer loop
      vertex 0.35355339059300001 0.35355339059300001 -6
      vertex 0.33577947742399999 0.37047556267699999 -3
      vertex 0.35355339059300001 0.35355339059300001 -3
    endloop
  endfacet
  facet normal 0.65317284295005307 0.75720884650969678 0
    outer loop
      vertex 0.33577947742399999 0.37047556267699999 -6
      vertex 0.31719664208199999 0.38650522668100001 -6
      vertex 0.31719664208199999 0.38650522668100001 -3
    endloop
  endfacet
  facet normal 0.65317284295005307 0.75720884650969678 -0
    outer loop
      vertex 0.33577947742399999 0.37047556267699999 -6
      vertex 0.31719664208199999 0.38650522668100001 -3
      vertex 0.33577947742399999 0.37047556267699999 -3
    endloop
  endfacet
  facet normal 0.61523159057400756 0.78834642763177198 0
    outer loop
      vertex 0.31719664208199999 0.38650522668100001 -6
      vertex 0.29784965224600002 0.40160376574000001 -6
      vertex 0.29784965224600002 0.40160376574000001 -3
    endloop
  endfacet
  facet normal 0.61523159057400756 0.78834642763177198 -0
    outer loop
      vertex 0.31719664208199999 0.38650522668100001 -6
      vertex 0.29784965224600002 0.40160376574000001 -3
      vertex 0.31719664208199999 0.38650522668100001 -3
    endloop
  endfacet
  facet normal 0.57580819142717365 0.81758481314501397 0
    outer loop
      vertex 0.29784965224600002 0.40160376574000001 -6
      vertex 0.27778511650999999 0.415734806151 -6
      vertex 0.27778511650999999 0.415734806151 -3
    endloop
  endfacet
  facet normal 0.57580819142717365 0.81758481314501397 -0
    outer loop
      vertex 0.29784965224600002 0.40160376574000001 -6
      vertex 0.27778511650999999 0.415734806151 -3
      vertex 0.29784965224600002 0.40160376574000001 -3
    endloop
  endfacet
  facet normal 0.53499761989457428 0.84485356524497235 0
    outer loop
      vertex 0.27778511650999999 0.415734806151 -6
      vertex 0.25705137209700002 0.428864305 -6
      vertex 0.25705137209700002 0.428864305 -3
    endloop
  endfacet
  facet normal 0.53499761989457428 0.84485356524497235 -0
    outer loop
      vertex 0.27778511650999999 0.415734806151 -6
      vertex 0.25705137209700002 0.428864305 -3
      vertex 0.27778511650999999 0.415734806151 -3
    endloop
  endfacet
  facet normal 0.49289819222172415 0.87008699111327725 0
    outer loop
      vertex 0.25705137209700002 0.428864305 -6
      vertex 0.23569836841299999 0.440960632174 -6
      vertex 0.23569836841299999 0.440960632174 -3
    endloop
  endfacet
  facet normal 0.49289819222172415 0.87008699111327725 -0
    outer loop
      vertex 0.25705137209700002 0.428864305 -6
      vertex 0.23569836841299999 0.440960632174 -3
      vertex 0.25705137209700002 0.428864305 -3
    endloop
  endfacet
  facet normal 0.44961132966709921 0.89322430118922702 0
    outer loop
      vertex 0.23569836841299999 0.440960632174 -6
      vertex 0.21377754671499999 0.451994646562 -6
      vertex 0.21377754671499999 0.451994646562 -3
    endloop
  endfacet
  facet normal 0.44961132966709921 0.89322430118922702 -0
    outer loop
      vertex 0.23569836841299999 0.440960632174 -6
      vertex 0.21377754671499999 0.451994646562 -3
      vertex 0.23569836841299999 0.440960632174 -3
    endloop
  endfacet
  facet normal 0.40524131401665492 0.91420975569835994 0
    outer loop
      vertex 0.21377754671499999 0.451994646562 -6
      vertex 0.191341716183 0.46193976625599997 -6
      vertex 0.191341716183 0.46193976625599997 -3
    endloop
  endfacet
  facet normal 0.40524131401665492 0.91420975569835994 -0
    outer loop
      vertex 0.21377754671499999 0.451994646562 -6
      vertex 0.191341716183 0.46193976625599997 -3
      vertex 0.21377754671499999 0.451994646562 -3
    endloop
  endfacet
  facet normal 0.3598950365319743 0.93299279883590147 0
    outer loop
      vertex 0.191341716183 0.46193976625599997 -6
      vertex 0.168444926696 0.47077203259200001 -6
      vertex 0.168444926696 0.47077203259200001 -3
    endloop
  endfacet
  facet normal 0.3598950365319743 0.93299279883590147 -0
    outer loop
      vertex 0.191341716183 0.46193976625599997 -6
      vertex 0.168444926696 0.47077203259200001 -3
      vertex 0.191341716183 0.46193976625599997 -3
    endloop
  endfacet
  facet normal 0.31368174037559615 0.94952818060073252 0
    outer loop
      vertex 0.168444926696 0.47077203259200001 -6
      vertex 0.14514233862699999 0.478470167866 -6
      vertex 0.14514233862699999 0.478470167866 -3
    endloop
  endfacet
  facet normal 0.31368174037559615 0.94952818060073252 -0
    outer loop
      vertex 0.168444926696 0.47077203259200001 -6
      vertex 0.14514233862699999 0.478470167866 -3
      vertex 0.168444926696 0.47077203259200001 -3
    endloop
  endfacet
  facet normal 0.26671275747483247 0.96377606579545816 0
    outer loop
      vertex 0.14514233862699999 0.478470167866 -6
      vertex 0.121490089952 0.48501562659699998 -6
      vertex 0.121490089952 0.48501562659699998 -3
    endloop
  endfacet
  facet normal 0.26671275747483247 0.96377606579545816 -0
    outer loop
      vertex 0.14514233862699999 0.478470167866 -6
      vertex 0.121490089952 0.48501562659699998 -3
      vertex 0.14514233862699999 0.478470167866 -3
    endloop
  endfacet
  facet normal 0.21910124017945473 0.97570213003345685 0
    outer loop
      vertex 0.121490089952 0.48501562659699998 -6
      vertex 0.097545161008099998 0.49039264020200002 -6
      vertex 0.097545161008099998 0.49039264020200002 -3
    endloop
  endfacet
  facet normal 0.21910124017945473 0.97570213003345685 -0
    outer loop
      vertex 0.121490089952 0.48501562659699998 -6
      vertex 0.097545161008099998 0.49039264020200002 -3
      vertex 0.121490089952 0.48501562659699998 -3
    endloop
  endfacet
  facet normal 0.17096188872951815 0.9852776423942825 0
    outer loop
      vertex 0.097545161008099998 0.49039264020200002 -6
      vertex 0.073365237227699998 0.49458825498199999 -6
      vertex 0.073365237227699998 0.49458825498199999 -3
    endloop
  endfacet
  facet normal 0.17096188872951815 0.9852776423942825 -0
    outer loop
      vertex 0.097545161008099998 0.49039264020200002 -6
      vertex 0.073365237227699998 0.49458825498199999 -3
      vertex 0.097545161008099998 0.49039264020200002 -3
    endloop
  endfacet
  facet normal 0.12241067521094091 0.9924795345972639 0
    outer loop
      vertex 0.073365237227699998 0.49458825498199999 -6
      vertex 0.049008570164800001 0.49759236333599999 -6
      vertex 0.049008570164800001 0.49759236333599999 -3
    endloop
  endfacet
  facet normal 0.12241067521094091 0.9924795345972639 -0
    outer loop
      vertex 0.073365237227699998 0.49458825498199999 -6
      vertex 0.049008570164800001 0.49759236333599999 -3
      vertex 0.073365237227699998 0.49458825498199999 -3
    endloop
  endfacet
  facet normal 0.073564563620341361 0.9972904566771652 0
    outer loop
      vertex 0.049008570164800001 0.49759236333599999 -6
      vertex 0.024533837163700001 0.49939772810299998 -6
      vertex 0.024533837163700001 0.49939772810299998 -3
    endloop
  endfacet
  facet normal 0.073564563620341361 0.9972904566771652 -0
    outer loop
      vertex 0.049008570164800001 0.49759236333599999 -6
      vertex 0.024533837163700001 0.49939772810299998 -3
      vertex 0.049008570164800001 0.49759236333599999 -3
    endloop
  endfacet
  facet normal 0.024541228506070618 0.9996988186966177 0
    outer loop
      vertex 0.024533837163700001 0.49939772810299998 -6
      vertex 3.0616169978700002e-17 0.5 -6
      vertex 3.0616169978700002e-17 0.5 -3
    endloop
  endfacet
  facet normal 0.024541228506070618 0.9996988186966177 -0
    outer loop
      vertex 0.024533837163700001 0.49939772810299998 -6
      vertex 3.0616169978700002e-17 0.5 -3
      vertex 0.024533837163700001 0.49939772810299998 -3
    endloop
  endfacet
  facet normal -0.024541228506070552 0.9996988186966177 0
    outer loop
      vertex 3.0616169978700002e-17 0.5 -6
      vertex -0.024533837163700001 0.49939772810299998 -6
      vertex -0.024533837163700001 0.49939772810299998 -3
    endloop
  endfacet
  facet normal -0.024541228506070552 0.9996988186966177 0
    outer loop
      vertex 3.0616169978700002e-17 0.5 -6
      vertex -0.024533837163700001 0.49939772810299998 -3
      vertex 3.0616169978700002e-17 0.5 -3
    endloop
  endfacet
  facet normal -0.073564563620341361 0.9972904566771652 0
    outer loop
      vertex -0.024533837163700001 0.49939772810299998 -6
      vertex -0.049008570164800001 0.49759236333599999 -6
      vertex -0.049008570164800001 0.49759236333599999 -3
    endloop
  endfacet
  facet normal -0.073564563620341361 0.9972904566771652 0
    outer loop
      vertex -0.024533837163700001 0.49939772810299998 -6
      vertex -0.049008570164800001 0.49759236333599999 -3
      vertex -0.024533837163700001 0.49939772810299998 -3
    endloop
  endfacet
  facet normal -0.12241067521094091 0.9924795345972639 0
    outer loop
      vertex -0.049008570164800001 0.49759236333599999 -6
      vertex -0.073365237227699998 0.49458825498199999 -6
      vertex -0.073365237227699998 0.49458825498199999 -3
    endloop
  endfacet
  facet normal -0.12241067521094091 0.9924795345972639 0
    outer loop
      vertex -0.049008570164800001 0.49759236333599999 -6
      vertex -0.073365237227699998 0.49458825498199999 -3
      vertex -0.049008570164800001 0.49759236333599999 -3
    endloop
  endfacet
  facet normal -0.17096188872951815 0.9852776423942825 0
    outer loop
      vertex -0.073365237227699998 0.49458825498199999 -6
      vertex -0.097545161008099998 0.49039264020200002 -6
      vertex -0.097545161008099998 0.49039264020200002 -3
    endloop
  endfacet
  facet normal -0.17096188872951815 0.9852776423942825 0
    outer loop
      vertex -0.073365237227699998 0.49458825498199999 -6
      vertex -0.097545161008099998 0.49039264020200002 -3
      vertex -0.073365237227699998 0.49458825498199999 -3
    endloop
  endfacet
  facet normal -0.21910124017945473 0.97570213003345685 0
    outer loop
      vertex -0.097545161008099998 0.49039264020200002 -6
      vertex -0.121490089952 0.48501562659699998 -6
      vertex -0.121490089952 0.48501562659699998 -3
    endloop
  endfacet
  facet normal -0.21910124017945473 0.97570213003345685 0
    outer loop
      vertex -0.097545161008099998 0.49039264020200002 -6
      vertex -0.121490089952 0.48501562659699998 -3
      vertex -0.097545161008099998 0.49039264020200002 -3
    endloop
  endfacet
  facet normal -0.26671275747483247 0.96377606579545816 0
    outer loop
      vertex -0.121490089952 0.48501562659699998 -6
      vertex -0.14514233862699999 0.478470167866 -6
      vertex -0.14514233862699999 0.478470167866 -3
    endloop
  endfacet
  facet normal -0.26671275747483247 0.96377606579545816 0
    outer loop
      vertex -0.121490089952 0.48501562659699998 -6
      vertex -0.14514233862699999 0.478470167866 -3
      vertex -0.121490089952 0.48501562659699998 -3
    endloop
  endfacet
  facet normal -0.31368174037559615 0.94952818060073252 0
    outer loop
      vertex -0.14514233862699999 0.478470167866 -6
      vertex -0.168444926696 0.47077203259200001 -6
      vertex -0.168444926696 0.47077203259200001 -3
    endloop
  endfacet
  facet normal -0.31368174037559615 0.94952818060073252 0
    outer loop
      vertex -0.14514233862699999 0.478470167866 -6
      vertex -0.168444926696 0.47077203259200001 -3
      vertex -0.14514233862699999 0.478470167866 -3
    endloop
  endfacet
  facet normal -0.3598950365319743 0.93299279883590147 0
    outer loop
      vertex -0.168444926696 0.47077203259200001 -6
      vertex -0.191341716183 0.46193976625599997 -6
      vertex -0.191341716183 0.46193976625599997 -3
    endloop
  endfacet
  facet normal -0.3598950365319743 0.93299279883590147 0
    outer loop
      vertex -0.168444926696 0.47077203259200001 -6
      vertex -0.191341716183 0.46193976625599997 -3
      vertex -0.168444926696 0.47077203259200001 -3
    endloop
  endfacet
  facet normal -0.40524131401665492 0.91420975569835994 0
    outer loop
      vertex -0.191341716183 0.46193976625599997 -6
      vertex -0.21377754671499999 0.451994646562 -6
      vertex -0.21377754671499999 0.451994646562 -3
    endloop
  endfacet
  facet normal -0.40524131401665492 0.91420975569835994 0
    outer loop
      vertex -0.191341716183 0.46193976625599997 -6
      vertex -0.21377754671499999 0.451994646562 -3
      vertex -0.191341716183 0.46193976625599997 -3
    endloop
  endfacet
  facet normal -0.44961132966709921 0.89322430118922702 0
    outer loop
      vertex -0.21377754671499999 0.451994646562 -6
      vertex -0.23569836841299999 0.440960632174 -6
      vertex -0.23569836841299999 0.440960632174 -3
    endloop
  endfacet
  facet normal -0.44961132966709921 0.89322430118922702 0
    outer loop
      vertex -0.21377754671499999 0.451994646562 -6
      vertex -0.23569836841299999 0.440960632174 -3
      vertex -0.21377754671499999 0.451994646562 -3
    endloop
  endfacet
  facet normal -0.49289819222172415 0.87008699111327725 0
    outer loop
      vertex -0.23569836841299999 0.440960632174 -6
      vertex -0.25705137209700002 0.428864305 -6
      vertex -0.25705137209700002 0.428864305 -3
    endloop
  endfacet
  facet normal -0.49289819222172415 0.87008699111327725 0
    outer loop
      vertex -0.23569836841299999 0.440960632174 -6
      vertex -0.25705137209700002 0.428864305 -3
      vertex -0.23569836841299999 0.440960632174 -3
    endloop
  endfacet
  facet normal -0.53499761989457428 0.84485356524497235 0
    outer loop
      vertex -0.25705137209700002 0.428864305 -6
      vertex -0.27778511650999999 0.415734806151 -6
      vertex -0.27778511650999999 0.415734806151 -3
    endloop
  endfacet
  facet normal -0.53499761989457428 0.84485356524497235 0
    outer loop
      vertex -0.25705137209700002 0.428864305 -6
      vertex -0.27778511650999999 0.415734806151 -3
      vertex -0.25705137209700002 0.428864305 -3
    endloop
  endfacet
  facet normal -0.57580819142717365 0.81758481314501397 0
    outer loop
      vertex -0.27778511650999999 0.415734806151 -6
      vertex -0.29784965224600002 0.40160376574000001 -6
      vertex -0.29784965224600002 0.40160376574000001 -3
    endloop
  endfacet
  facet normal -0.57580819142717365 0.81758481314501397 0
    outer loop
      vertex -0.27778511650999999 0.415734806151 -6
      vertex -0.29784965224600002 0.40160376574000001 -3
      vertex -0.27778511650999999 0.415734806151 -3
    endloop
  endfacet
  facet normal -0.61523159057400756 0.78834642763177198 0
    outer loop
      vertex -0.29784965224600002 0.40160376574000001 -6
      vertex -0.31719664208199999 0.38650522668100001 -6
      vertex -0.31719664208199999 0.38650522668100001 -3
    endloop
  endfacet
  facet normal -0.61523159057400756 0.78834642763177198 0
    outer loop
      vertex -0.29784965224600002 0.40160376574000001 -6
      vertex -0.31719664208199999 0.38650522668100001 -3
      vertex -0.29784965224600002 0.40160376574000001 -3
    endloop
  endfacet
  facet normal -0.65317284295005307 0.75720884650969678 0
    outer loop
      vertex -0.31719664208199999 0.38650522668100001 -6
      vertex -0.33577947742399999 0.37047556267699999 -6
      vertex -0.33577947742399999 0.37047556267699999 -3
    endloop
  endfacet
  facet normal -0.65317284295005307 0.75720884650969678 0
    outer loop
      vertex -0.31719664208199999 0.38650522668100001 -6
      vertex -0.33577947742399999 0.37047556267699999 -3
      vertex -0.31719664208199999 0.38650522668100001 -3
    endloop
  endfacet
  facet normal -0.68954054474822646 0.72424708294084228 0
    outer loop
      vertex -0.33577947742399999 0.37047556267699999 -6
      vertex -0.35355339059300001 0.35355339059300001 -6
      vertex -0.35355339059300001 0.35355339059300001 -3
    endloop
  endfacet
  facet normal -0.68954054474822646 0.72424708294084228 0
    outer loop
      vertex -0.33577947742399999 0.37047556267699999 -6
      vertex -0.35355339059300001 0.35355339059300001 -3
      vertex -0.33577947742399999 0.37047556267699999 -3
    endloop
  endfacet
  facet normal -0.72424708294084228 0.68954054474822646 0
    outer loop
      vertex -0.35355339059300001 0.35355339059300001 -6
      vertex -0.37047556267699999 0.33577947742399999 -6
      vertex -0.37047556267699999 0.33577947742399999 -3
    endloop
  endfacet
  facet normal -0.72424708294084228 0.68954054474822646 0
    outer loop
      vertex -0.35355339059300001 0.35355339059300001 -6
      vertex -0.37047556267699999 0.33577947742399999 -3
      vertex -0.35355339059300001 0.35355339059300001 -3
    endloop
  endfacet
  facet normal -0.75720884650969666 0.65317284295005296 0
    outer loop
      vertex -0.37047556267699999 0.33577947742399999 -6
      vertex -0.38650522668100001 0.31719664208199999 -6
      vertex -0.38650522668100001 0.31719664208199999 -3
    endloop
  endfacet
  facet normal -0.75720884650969666 0.65317284295005296 0
    outer loop
      vertex -0.37047556267699999 0.33577947742399999 -6
      vertex -0.38650522668100001 0.31719664208199999 -3
      vertex -0.37047556267699999 0.33577947742399999 -3
    endloop
  endfacet
  facet normal -0.78834642763177198 0.61523159057400756 0
    outer loop
      vertex -0.38650522668100001 0.31719664208199999 -6
      vertex -0.40160376574000001 0.29784965224600002 -6
      vertex -0.40160376574000001 0.29784965224600002 -3
    endloop
  endfacet
  facet normal -0.78834642763177198 0.61523159057400756 0
    outer loop
      vertex -0.38650522668100001 0.31719664208199999 -6
      vertex -0.40160376574000001 0.29784965224600002 -3
      vertex -0.38650522668100001 0.31719664208199999 -3
    endloop
  endfacet
  facet normal -0.81758481314501397 0.57580819142717365 0
    outer loop
      vertex -0.40160376574000001 0.29784965224600002 -6
      vertex -0.415734806151 0.27778511650999999 -6
      vertex -0.415734806151 0.27778511650999999 -3
    endloop
  endfacet
  facet normal -0.81758481314501397 0.57580819142717365 0
    outer loop
      vertex -0.40160376574000001 0.29784965224600002 -6
      vertex -0.415734806151 0.27778511650999999 -3
      vertex -0.40160376574000001 0.29784965224600002 -3
    endloop
  endfacet
  facet normal -0.84485356524497235 0.53499761989457428 0
    outer loop
      vertex -0.415734806151 0.27778511650999999 -6
      vertex -0.428864305 0.25705137209700002 -6
      vertex -0.428864305 0.25705137209700002 -3
    endloop
  endfacet
  facet normal -0.84485356524497235 0.53499761989457428 0
    outer loop
      vertex -0.415734806151 0.27778511650999999 -6
      vertex -0.428864305 0.25705137209700002 -3
      vertex -0.415734806151 0.27778511650999999 -3
    endloop
  endfacet
  facet normal -0.87008699111327725 0.49289819222172415 0
    outer loop
      vertex -0.428864305 0.25705137209700002 -6
      vertex -0.440960632174 0.23569836841299999 -6
      vertex -0.440960632174 0.23569836841299999 -3
    endloop
  endfacet
  facet normal -0.87008699111327725 0.49289819222172415 0
    outer loop
      vertex -0.428864305 0.25705137209700002 -6
      vertex -0.440960632174 0.23569836841299999 -3
      vertex -0.428864305 0.25705137209700002 -3
    endloop
  endfacet
  facet normal -0.89322430118922702 0.44961132966709921 0
    outer loop
      vertex -0.440960632174 0.23569836841299999 -6
      vertex -0.451994646562 0.21377754671499999 -6
      vertex -0.451994646562 0.21377754671499999 -3
    endloop
  endfacet
  facet normal -0.89322430118922702 0.44961132966709921 0
    outer loop
      vertex -0.440960632174 0.23569836841299999 -6
      vertex -0.451994646562 0.21377754671499999 -3
      vertex -0.440960632174 0.23569836841299999 -3
    endloop
  endfacet
  facet normal -0.91420975569835994 0.40524131401665492 0
    outer loop
      vertex -0.451994646562 0.21377754671499999 -6
      vertex -0.46193976625599997 0.191341716183 -6
      vertex -0.46193976625599997 0.191341716183 -3
    endloop
  endfacet
  facet normal -0.91420975569835994 0.40524131401665492 0
    outer loop
      vertex -0.451994646562 0.21377754671499999 -6
      vertex -0.46193976625599997 0.191341716183 -3
      vertex -0.451994646562 0.21377754671499999 -3
    endloop
  endfacet
  facet normal -0.93299279883590147 0.3598950365319743 0
    outer loop
      vertex -0.46193976625599997 0.191341716183 -6
      vertex -0.47077203259200001 0.168444926696 -6
      vertex -0.47077203259200001 0.168444926696 -3
    endloop
  endfacet
  facet normal -0.93299279883590147 0.3598950365319743 0
    outer loop
      vertex -0.46193976625599997 0.191341716183 -6
      vertex -0.47077203259200001 0.168444926696 -3
      vertex -0.46193976625599997 0.191341716183 -3
    endloop
  endfacet
  facet normal -0.9495281806007323 0.3136817403755961 0
    outer loop
      vertex -0.47077203259200001 0.168444926696 -6
      vertex -0.478470167866 0.14514233862699999 -6
      vertex -0.478470167866 0.14514233862699999 -3
    endloop
  endfacet
  facet normal -0.9495281806007323 0.3136817403755961 0
    outer loop
      vertex -0.47077203259200001 0.168444926696 -6
      vertex -0.478470167866 0.14514233862699999 -3
      vertex -0.47077203259200001 0.168444926696 -3
    endloop
  endfacet
  facet normal -0.96377606579545816 0.26671275747483247 0
    outer loop
      vertex -0.478470167866 0.14514233862699999 -6
      vertex -0.48501562659699998 0.121490089952 -6
      vertex -0.48501562659699998 0.121490089952 -3
    endloop
  endfacet
  facet normal -0.96377606579545816 0.26671275747483247 0
    outer loop
      vertex -0.478470167866 0.14514233862699999 -6
      vertex -0.48501562659699998 0.121490089952 -3
      vertex -0.478470167866 0.14514233862699999 -3
    endloop
  endfacet
  facet normal -0.97570213003345685 0.21910124017945473 0
    outer loop
      vertex -0.48501562659699998 0.121490089952 -6
      vertex -0.49039264020200002 0.097545161008099998 -6
      vertex -0.49039264020200002 0.097545161008099998 -3
    endloop
  endfacet
  facet normal -0.97570213003345685 0.21910124017945473 0
    outer loop
      vertex -0.48501562659699998 0.121490089952 -6
      vertex -0.49039264020200002 0.097545161008099998 -3
      vertex -0.48501562659699998 0.121490089952 -3
    endloop
  endfacet
  facet normal -0.9852776423942825 0.17096188872951815 0
    outer loop
      vertex -0.49039264020200002 0.097545161008099998 -6
      vertex -0.49458825498199999 0.073365237227699998 -6
      vertex -0.49458825498199999 0.073365237227699998 -3
    endloop
  endfacet
  facet normal -0.9852776423942825 0.17096188872951815 0
    outer loop
      vertex -0.49039264020200002 0.097545161008099998 -6
      vertex -0.49458825498199999 0.073365237227699998 -3
      vertex -0.49039264020200002 0.097545161008099998 -3
    endloop
  endfacet
  facet normal -0.9924795345972639 0.12241067521094091 0
    outer loop
      vertex -0.49458825498199999 0.073365237227699998 -6
      vertex -0.49759236333599999 0.049008570164800001 -6
      vertex -0.49759236333599999 0.049008570164800001 -3
    endloop
  endfacet
  facet normal -0.9924795345972639 0.12241067521094091 0
    outer loop
      vertex -0.49458825498199999 0.073365237227699998 -6
      vertex -0.49759236333599999 0.049008570164800001 -3
      vertex -0.49458825498199999 0.073365237227699998 -3
    endloop
  endfacet
  facet normal -0.9972904566771652 0.073564563620341361 0
    outer loop
      vertex -0.49759236333599999 0.049008570164800001 -6
      vertex -0.49939772810299998 0.024533837163700001 -6
      vertex -0.49939772810299998 0.024533837163700001 -3
    endloop
  endfacet
  facet normal -0.9972904566771652 0.073564563620341361 0
    outer loop
      vertex -0.49759236333599999 0.049008570164800001 -6
      vertex -0.49939772810299998 0.024533837163700001 -3
      vertex -0.49759236333599999 0.049008570164800001 -3
    endloop
  endfacet
  facet normal -0.9996988186966177 0.024541228506070649 0
    outer loop
      vertex -0.49939772810299998 0.024533837163700001 -6
      vertex -0.5 6.1232339957400004e-17 -6
      vertex -0.5 6.1232339957400004e-17 -3
    endloop
  endfacet
  facet normal -0.9996988186966177 0.024541228506070649 0
    outer loop
      vertex -0.49939772810299998 0.024533837163700001 -6
      vertex -0.5 6.1232339957400004e-17 -3
      vertex -0.49939772810299998 0.024533837163700001 -3
    endloop
  endfacet
  facet normal -0.9996988186966177 -0.024541228506070521 0
    outer loop
      vertex -0.5 6.1232339957400004e-17 -6
      vertex -0.49939772810299998 -0.024533837163700001 -6
      vertex -0.49939772810299998 -0.024533837163700001 -3
    endloop
  endfacet
  facet normal -0.9996988186966177 -0.024541228506070521 0
    outer loop
      vertex -0.5 6.1232339957400004e-17 -6
      vertex -0.49939772810299998 -0.024533837163700001 -3
      vertex -0.5 6.1232339957400004e-17 -3
    endloop
  endfacet
  facet normal -0.9972904566771652 -0.073564563620341361 0
    outer loop
      vertex -0.49939772810299998 -0.024533837163700001 -6
      vertex -0.49759236333599999 -0.049008570164800001 -6
      vertex -0.49759236333599999 -0.049008570164800001 -3
    endloop
  endfacet
  facet normal -0.9972904566771652 -0.073564563620341361 0
    outer loop
      vertex -0.49939772810299998 -0.024533837163700001 -6
      vertex -0.49759236333599999 -0.049008570164800001 -3
      vertex -0.49939772810299998 -0.024533837163700001 -3
    endloop
  endfacet
  facet normal -0.9924795345972639 -0.12241067521094091 0
    outer loop
      vertex -0.49759236333599999 -0.049008570164800001 -6
      vertex -0.49458825498199999 -0.073365237227699998 -6
      vertex -0.49458825498199999 -0.073365237227699998 -3
    endloop
  endfacet
  facet normal -0.9924795345972639 -0.12241067521094091 0
    outer loop
      vertex -0.49759236333599999 -0.049008570164800001 -6
      vertex -0.49458825498199999 -0.073365237227699998 -3
      vertex -0.49759236333599999 -0.049008570164800001 -3
    endloop
  endfacet
  facet normal -0.9852776423942825 -0.17096188872951815 0
    outer loop
      vertex -0.49458825498199999 -0.073365237227699998 -6
      vertex -0.49039264020200002 -0.097545161008099998 -6
      vertex -0.49039264020200002 -0.097545161008099998 -3
    endloop
  endfacet
  facet normal -0.9852776423942825 -0.17096188872951815 0
    outer loop
      vertex -0.49458825498199999 -0.073365237227699998 -6
      vertex -0.49039264020200002 -0.097545161008099998 -3
      vertex -0.49458825498199999 -0.073365237227699998 -3
    endloop
  endfacet
  facet normal -0.97570213003345685 -0.21910124017945473 0
    outer loop
      vertex -0.49039264020200002 -0.097545161008099998 -6
      vertex -0.48501562659699998 -0.121490089952 -6
      vertex -0.48501562659699998 -0.121490089952 -3
    endloop
  endfacet
  facet normal -0.97570213003345685 -0.21910124017945473 0
    outer loop
      vertex -0.49039264020200002 -0.097545161008099998 -6
      vertex -0.48501562659699998 -0.121490089952 -3
      vertex -0.49039264020200002 -0.097545161008099998 -3
    endloop
  endfacet
  facet normal -0.96377606579545816 -0.26671275747483247 0
    outer loop
      vertex -0.48501562659699998 -0.121490089952 -6
      vertex -0.478470167866 -0.14514233862699999 -6
      vertex -0.478470167866 -0.14514233862699999 -3
    endloop
  endfacet
  facet normal -0.96377606579545816 -0.26671275747483247 0
    outer loop
      vertex -0.48501562659699998 -0.121490089952 -6
      vertex -0.478470167866 -0.14514233862699999 -3
      vertex -0.48501562659699998 -0.121490089952 -3
    endloop
  endfacet
  facet normal -0.9495281806007323 -0.3136817403755961 0
    outer loop
      vertex -0.478470167866 -0.14514233862699999 -6
      vertex -0.47077203259200001 -0.168444926696 -6
      vertex -0.47077203259200001 -0.168444926696 -3
    endloop
  endfacet
  facet normal -0.9495281806007323 -0.3136817403755961 0
    outer loop
      vertex -0.478470167866 -0.14514233862699999 -6
      vertex -0.47077203259200001 -0.168444926696 -3
      vertex -0.478470167866 -0.14514233862699999 -3
    endloop
  endfacet
  facet normal -0.93299279883590147 -0.3598950365319743 0
    outer loop
      vertex -0.47077203259200001 -0.168444926696 -6
      vertex -0.46193976625599997 -0.191341716183 -6
      vertex -0.46193976625599997 -0.191341716183 -3
    endloop
  endfacet
  facet normal -0.93299279883590147 -0.3598950365319743 0
    outer loop
      vertex -0.47077203259200001 -0.168444926696 -6
      vertex -0.46193976625599997 -0.191341716183 -3
      vertex -0.47077203259200001 -0.168444926696 -3
    endloop
  endfacet
  facet normal -0.91420975569835994 -0.40524131401665492 0
    outer loop
      vertex -0.46193976625599997 -0.191341716183 -6
      vertex -0.451994646562 -0.21377754671499999 -6
      vertex -0.451994646562 -0.21377754671499999 -3
    endloop
  endfacet
  facet normal -0.91420975569835994 -0.40524131401665492 0
    outer loop
      vertex -0.46193976625599997 -0.191341716183 -6
      vertex -0.451994646562 -0.21377754671499999 -3
      vertex -0.46193976625599997 -0.191341716183 -3
    endloop
  endfacet
  facet normal -0.89322430118922702 -0.44961132966709921 0
    outer loop
      vertex -0.451994646562 -0.21377754671499999 -6
      vertex -0.440960632174 -0.23569836841299999 -6
      vertex -0.440960632174 -0.23569836841299999 -3
    endloop
  endfacet
  facet normal -0.89322430118922702 -0.44961132966709921 0
    outer loop
      vertex -0.451994646562 -0.21377754671499999 -6
      vertex -0.440960632174 -0.23569836841299999 -3
      vertex -0.451994646562 -0.21377754671499999 -3
    endloop
  endfacet
  facet normal -0.87008699111327725 -0.49289819222172415 0
    outer loop
      vertex -0.440960632174 -0.23569836841299999 -6
      vertex -0.428864305 -0.25705137209700002 -6
      vertex -0.428864305 -0.25705137209700002 -3
    endloop
  endfacet
  facet normal -0.87008699111327725 -0.49289819222172415 0
    outer loop
      vertex -0.440960632174 -0.23569836841299999 -6
      vertex -0.428864305 -0.25705137209700002 -3
      vertex -0.440960632174 -0.23569836841299999 -3
    endloop
  endfacet
  facet normal -0.84485356524497235 -0.53499761989457428 0
    outer loop
      vertex -0.428864305 -0.25705137209700002 -6
      vertex -0.415734806151 -0.27778511650999999 -6
      vertex -0.415734806151 -0.27778511650999999 -3
    endloop
  endfacet
  facet normal -0.84485356524497235 -0.53499761989457428 0
    outer loop
      vertex -0.428864305 -0.25705137209700002 -6
      vertex -0.415734806151 -0.27778511650999999 -3
      vertex -0.428864305 -0.25705137209700002 -3
    endloop
  endfacet
  facet normal -0.81758481314501397 -0.57580819142717365 0
    outer loop
      vertex -0.415734806151 -0.27778511650999999 -6
      vertex -0.40160376574000001 -0.29784965224600002 -6
      vertex -0.40160376574000001 -0.29784965224600002 -3
    endloop
  endfacet
  facet normal -0.81758481314501397 -0.57580819142717365 0
    outer loop
      vertex -0.415734806151 -0.27778511650999999 -6
      vertex -0.40160376574000001 -0.29784965224600002 -3
      vertex -0.415734806151 -0.27778511650999999 -3
    endloop
  endfacet
  facet normal -0.78834642763177198 -0.61523159057400756 0
    outer loop
      vertex -0.40160376574000001 -0.29784965224600002 -6
      vertex -0.38650522668100001 -0.31719664208199999 -6
      vertex -0.38650522668100001 -0.31719664208199999 -3
    endloop
  endfacet
  facet normal -0.78834642763177198 -0.61523159057400756 0
    outer loop
      vertex -0.40160376574000001 -0.29784965224600002 -6
      vertex -0.38650522668100001 -0.31719664208199999 -3
      vertex -0.40160376574000001 -0.29784965224600002 -3
    endloop
  endfacet
  facet normal -0.75720884650969666 -0.65317284295005296 0
    outer loop
      vertex -0.38650522668100001 -0.31719664208199999 -6
      vertex -0.37047556267699999 -0.33577947742399999 -6
      vertex -0.37047556267699999 -0.33577947742399999 -3
    endloop
  endfacet
  facet normal -0.75720884650969666 -0.65317284295005296 0
    outer loop
      vertex -0.38650522668100001 -0.31719664208199999 -6
      vertex -0.37047556267699999 -0.33577947742399999 -3
      vertex -0.38650522668100001 -0.31719664208199999 -3
    endloop
  endfacet
  facet normal -0.72424708294084228 -0.68954054474822646 0
    outer loop
      vertex -0.37047556267699999 -0.33577947742399999 -6
      vertex -0.35355339059300001 -0.35355339059300001 -6
      vertex -0.35355339059300001 -0.35355339059300001 -3
    endloop
  endfacet
  facet normal -0.72424708294084228 -0.68954054474822646 0
    outer loop
      vertex -0.37047556267699999 -0.33577947742399999 -6
      vertex -0.35355339059300001 -0.35355339059300001 -3
      vertex -0.37047556267699999 -0.33577947742399999 -3
    endloop
  endfacet
  facet normal -0.68954054474822646 -0.72424708294084228 0
    outer loop
      vertex -0.35355339059300001 -0.35355339059300001 -6
      vertex -0.33577947742399999 -0.37047556267699999 -6
      vertex -0.33577947742399999 -0.37047556267699999 -3
    endloop
  endfacet
  facet normal -0.68954054474822646 -0.72424708294084228 0
    outer loop
      vertex -0.35355339059300001 -0.35355339059300001 -6
      vertex -0.33577947742399999 -0.37047556267699999 -3
      vertex -0.35355339059300001 -0.35355339059300001 -3
    endloop
  endfacet
  facet normal -0.65317284295005307 -0.75720884650969678 0
    outer loop
      vertex -0.33577947742399999 -0.37047556267699999 -6
      vertex -0.31719664208199999 -0.38650522668100001 -6
      vertex -0.31719664208199999 -0.38650522668100001 -3
    endloop
  endfacet
  facet normal -0.65317284295005307 -0.75720884650969678 0
    outer loop
      vertex -0.33577947742399999 -0.37047556267699999 -6
      vertex -0.31719664208199999 -0.38650522668100001 -3
      vertex -0.33577947742399999 -0.37047556267699999 -3
    endloop
  endfacet
  facet normal -0.61523159057400756 -0.78834642763177198 0
    outer loop
      vertex -0.31719664208199999 -0.38650522668100001 -6
      vertex -0.29784965224600002 -0.40160376574000001 -6
      vertex -0.29784965224600002 -0.40160376574000001 -3
    endloop
  endfacet
  facet normal -0.61523159057400756 -0.78834642763177198 0
    outer loop
      vertex -0.31719664208199999 -0.38650522668100001 -6
      vertex -0.29784965224600002 -0.40160376574000001 -3
      vertex -0.31719664208199999 -0.38650522668100001 -3
    endloop
  endfacet
  facet normal -0.57580819142717365 -0.81758481314501397 0
    outer loop
      vertex -0.29784965224600002 -0.40160376574000001 -6
      vertex -0.27778511650999999 -0.415734806151 -6
      vertex -0.27778511650999999 -0.415734806151 -3
    endloop
  endfacet
  facet normal -0.57580819142717365 -0.81758481314501397 0
    outer loop
      vertex -0.29784965224600002 -0.40160376574000001 -6
      vertex -0.27778511650999999 -0.415734806151 -3
      vertex -0.29784965224600002 -0.40160376574000001 -3
    endloop
  endfacet
  facet normal -0.53499761989457428 -0.84485356524497235 0
    outer loop
      vertex -0.27778511650999999 -0.415734806151 -6
      vertex -0.25705137209700002 -0.428864305 -6
      vertex -0.25705137209700002 -0.428864305 -3
    endloop
  endfacet
  facet normal -0.53499761989457428 -0.84485356524497235 0
    outer loop
      vertex -0.27778511650999999 -0.415734806151 -6
      vertex -0.25705137209700002 -0.428864305 -3
      vertex -0.27778511650999999 -0.415734806151 -3
    endloop
  endfacet
  facet normal -0.49289819222172415 -0.87008699111327725 0
    outer loop
      vertex -0.25705137209700002 -0.428864305 -6
      vertex -0.23569836841299999 -0.440960632174 -6
      vertex -0.23569836841299999 -0.440960632174 -3
    endloop
  endfacet
  facet normal -0.49289819222172415 -0.87008699111327725 0
    outer loop
      vertex -0.25705137209700002 -0.428864305 -6
      vertex -0.23569836841299999 -0.440960632174 -3
      vertex -0.25705137209700002 -0.428864305 -3
    endloop
  endfacet
  facet normal -0.44961132966709921 -0.89322430118922702 0
    outer loop
      vertex -0.23569836841299999 -0.440960632174 -6
      vertex -0.21377754671499999 -0.451994646562 -6
      vertex -0.21377754671499999 -0.451994646562 -3
    endloop
  endfacet
  facet normal -0.44961132966709921 -0.89322430118922702 0
    outer loop
      vertex -0.23569836841299999 -0.440960632174 -6
      vertex -0.21377754671499999 -0.451994646562 -3
      vertex -0.23569836841299999 -0.440960632174 -3
    endloop
  endfacet
  facet normal -0.40524131401665492 -0.91420975569835994 0
    outer loop
      vertex -0.21377754671499999 -0.451994646562 -6
      vertex -0.191341716183 -0.46193976625599997 -6
      vertex -0.191341716183 -0.46193976625599997 -3
    endloop
  endfacet
  facet normal -0.40524131401665492 -0.91420975569835994 0
    outer loop
      vertex -0.21377754671499999 -0.451994646562 -6
      vertex -0.191341716183 -0.46193976625599997 -3
      vertex -0.21377754671499999 -0.451994646562 -3
    endloop
  endfacet
  facet normal -0.3598950365319743 -0.93299279883590147 0
    outer loop
      vertex -0.191341716183 -0.46193976625599997 -6
      vertex -0.168444926696 -0.47077203259200001 -6
      vertex -0.168444926696 -0.47077203259200001 -3
    endloop
  endfacet
  facet normal -0.3598950365319743 -0.93299279883590147 0
    outer loop
      vertex -0.191341716183 -0.46193976625599997 -6
      vertex -0.168444926696 -0.47077203259200001 -3
      vertex -0.191341716183 -0.46193976625599997 -3
    endloop
  endfacet
  facet normal -0.31368174037559615 -0.94952818060073252 0
    outer loop
      vertex -0.168444926696 -0.47077203259200001 -6
      vertex -0.14514233862699999 -0.478470167866 -6
      vertex -0.14514233862699999 -0.478470167866 -3
    endloop
  endfacet
  facet normal -0.31368174037559615 -0.94952818060073252 0
    outer loop
      vertex -0.168444926696 -0.47077203259200001 -6
      vertex -0.14514233862699999 -0.478470167866 -3
      vertex -0.168444926696 -0.47077203259200001 -3
    endloop
  endfacet
  facet normal -0.26671275747483247 -0.96377606579545816 0
    outer loop
      vertex -0.14514233862699999 -0.478470167866 -6
      vertex -0.121490089952 -0.48501562659699998 -6
      vertex -0.121490089952 -0.48501562659699998 -3
    endloop
  endfacet
  facet normal -0.26671275747483247 -0.96377606579545816 0
    outer loop
      vertex -0.14514233862699999 -0.478470167866 -6
      vertex -0.121490089952 -0.48501562659699998 -3
      vertex -0.14514233862699999 -0.478470167866 -3
    endloop
  endfacet
  facet normal -0.21910124017945473 -0.97570213003345685 0
    outer loop
      vertex -0.121490089952 -0.48501562659699998 -6
      vertex -0.097545161008099998 -0.49039264020200002 -6
      vertex -0.097545161008099998 -0.49039264020200002 -3
    endloop
  endfacet
  facet normal -0.21910124017945473 -0.97570213003345685 0
    outer loop
      vertex -0.121490089952 -0.48501562659699998 -6
      vertex -0.097545161008099998 -0.49039264020200002 -3
      vertex -0.121490089952 -0.48501562659699998 -3
    endloop
  endfacet
  facet normal -0.17096188872951815 -0.9852776423942825 0
    outer loop
      vertex -0.097545161008099998 -0.49039264020200002 -6
      vertex -0.073365237227699998 -0.49458825498199999 -6
      vertex -0.073365237227699998 -0.49458825498199999 -3
    endloop
  endfacet
  facet normal -0.17096188872951815 -0.9852776423942825 0
    outer loop
      vertex -0.097545161008099998 -0.49039264020200002 -6
      vertex -0.073365237227699998 -0.49458825498199999 -3
      vertex -0.097545161008099998 -0.49039264020200002 -3
    endloop
  endfacet
  facet normal -0.12241067521094091 -0.9924795345972639 0
    outer loop
      vertex -0.073365237227699998 -0.49458825498199999 -6
      vertex -0.049008570164800001 -0.49759236333599999 -6
      vertex -0.049008570164800001 -0.49759236333599999 -3
    endloop
  endfacet
  facet normal -0.12241067521094091 -0.9924795345972639 0
    outer loop
      vertex -0.073365237227699998 -0.49458825498199999 -6
      vertex -0.049008570164800001 -0.49759236333599999 -3
      vertex -0.073365237227699998 -0.49458825498199999 -3
    endloop
  endfacet
  facet normal -0.073564563620341361 -0.9972904566771652 0
    outer loop
      vertex -0.049008570164800001 -0.49759236333599999 -6
      vertex -0.024533837163700001 -0.49939772810299998 -6
      vertex -0.024533837163700001 -0.49939772810299998 -3
    endloop
  endfacet
  facet normal -0.073564563620341361 -0.9972904566771652 0
    outer loop
      vertex -0.049008570164800001 -0.49759236333599999 -6
      vertex -0.024533837163700001 -0.49939772810299998 -3
      vertex -0.049008570164800001 -0.49759236333599999 -3
    endloop
  endfacet
  facet normal -0.024541228506070677 -0.9996988186966177 0
    outer loop
      vertex -0.024533837163700001 -0.49939772810299998 -6
      vertex -9.1848509936099999e-17 -0.5 -6
      vertex -9.1848509936099999e-17 -0.5 -3
    endloop
  endfacet
  facet normal -0.024541228506070677 -0.9996988186966177 0
    outer loop
      vertex -0.024533837163700001 -0.49939772810299998 -6
      vertex -9.1848509936099999e-17 -0.5 -3
      vertex -0.024533837163700001 -0.49939772810299998 -3
    endloop
  endfacet
  facet normal 0.024541228506070493 -0.9996988186966177 0
    outer loop
      vertex -9.1848509936099999e-17 -0.5 -6
      vertex 0.024533837163700001 -0.49939772810299998 -6
      vertex 0.024533837163700001 -0.49939772810299998 -3
    endloop
  endfacet
  facet normal 0.024541228506070493 -0.9996988186966177 0
    outer loop
      vertex -9.1848509936099999e-17 -0.5 -6
      vertex 0.024533837163700001 -0.49939772810299998 -3
      vertex -9.1848509936099999e-17 -0.5 -3
    endloop
  endfacet
  facet normal 0.073564563620341361 -0.9972904566771652 0
    outer loop
      vertex 0.024533837163700001 -0.49939772810299998 -6
      vertex 0.049008570164800001 -0.49759236333599999 -6
      vertex 0.049008570164800001 -0.49759236333599999 -3
    endloop
  endfacet
  facet normal 0.073564563620341361 -0.9972904566771652 0
    outer loop
      vertex 0.024533837163700001 -0.49939772810299998 -6
      vertex 0.049008570164800001 -0.49759236333599999 -3
      vertex 0.024533837163700001 -0.49939772810299998 -3
    endloop
  endfacet
  facet normal 0.12241067521094091 -0.9924795345972639 0
    outer loop
      vertex 0.049008570164800001 -0.49759236333599999 -6
      vertex 0.073365237227699998 -0.49458825498199999 -6
      vertex 0.073365237227699998 -0.49458825498199999 -3
    endloop
  endfacet
  facet normal 0.12241067521094091 -0.9924795345972639 0
    outer loop
      vertex 0.049008570164800001 -0.49759236333599999 -6
      vertex 0.073365237227699998 -0.49458825498199999 -3
      vertex 0.049008570164800001 -0.49759236333599999 -3
    endloop
  endfacet
  facet normal 0.17096188872951815 -0.9852776423942825 0
    outer loop
      vertex 0.073365237227699998 -0.49458825498199999 -6
      vertex 0.097545161008099998 -0.49039264020200002 -6
      vertex 0.097545161008099998 -0.49039264020200002 -3
    endloop
  endfacet
  facet normal 0.17096188872951815 -0.9852776423942825 0
    outer loop
      vertex 0.073365237227699998 -0.49458825498199999 -6
      vertex 0.097545161008099998 -0.49039264020200002 -3
      vertex 0.073365237227699998 -0.49458825498199999 -3
    endloop
  endfacet
  facet normal 0.21910124017945473 -0.97570213003345685 0
    outer loop
      vertex 0.097545161008099998 -0.49039264020200002 -6
      vertex 0.121490089952 -0.48501562659699998 -6
      vertex 0.121490089952 -0.48501562659699998 -3
    endloop
  endfacet
  facet normal 0.21910124017945473 -0.97570213003345685 0
    outer loop
      vertex 0.097545161008099998 -0.49039264020200002 -6
      vertex 0.121490089952 -0.48501562659699998 -3
      vertex 0.097545161008099998 -0.49039264020200002 -3
    endloop
  endfacet
  facet normal 0.26671275747483247 -0.96377606579545816 0
    outer loop
      vertex 0.121490089952 -0.48501562659699998 -6
      vertex 0.14514233862699999 -0.478470167866 -6
      vertex 0.14514233862699999 -0.478470167866 -3
    endloop
  endfacet
  facet normal 0.26671275747483247 -0.96377606579545816 0
    outer loop
      vertex 0.121490089952 -0.48501562659699998 -6
      vertex 0.14514233862699999 -0.478470167866 -3
      vertex 0.121490089952 -0.48501562659699998 -3
    endloop
  endfacet
  facet normal 0.31368174037559615 -0.94952818060073252 0
    outer loop
      vertex 0.14514233862699999 -0.478470167866 -6
      vertex 0.168444926696 -0.47077203259200001 -6
      vertex 0.168444926696 -0.47077203259200001 -3
    endloop
  endfacet
  facet normal 0.31368174037559615 -0.94952818060073252 0
    outer loop
      vertex 0.14514233862699999 -0.478470167866 -6
      vertex 0.168444926696 -0.47077203259200001 -3
      vertex 0.14514233862699999 -0.478470167866 -3
    endloop
  endfacet
  facet normal 0.3598950365319743 -0.93299279883590147 0
    outer loop
      vertex 0.168444926696 -0.47077203259200001 -6
      vertex 0.191341716183 -0.46193976625599997 -6
      vertex 0.191341716183 -0.46193976625599997 -3
    endloop
  endfacet
  facet normal 0.3598950365319743 -0.93299279883590147 0
    outer loop
      vertex 0.168444926696 -0.47077203259200001 -6
      vertex 0.191341716183 -0.46193976625599997 -3
      vertex 0.168444926696 -0.47077203259200001 -3
    endloop
  endfacet
  facet normal 0.40524131401665492 -0.91420975569835994 0
    outer loop
      vertex 0.191341716183 -0.46193976625599997 -6
      vertex 0.21377754671499999 -0.451994646562 -6
      vertex 0.21377754671499999 -0.451994646562 -3
    endloop
  endfacet
  facet normal 0.40524131401665492 -0.91420975569835994 0
    outer loop
      vertex 0.191341716183 -0.46193976625599997 -6
      vertex 0.21377754671499999 -0.451994646562 -3
      vertex 0.191341716183 -0.46193976625599997 -3
    endloop
  endfacet
  facet normal 0.44961132966709921 -0.89322430118922702 0
    outer loop
      vertex 0.21377754671499999 -0.451994646562 -6
      vertex 0.23569836841299999 -0.440960632174 -6
      vertex 0.23569836841299999 -0.440960632174 -3
    endloop
  endfacet
  facet normal 0.44961132966709921 -0.89322430118922702 0
    outer loop
      vertex 0.21377754671499999 -0.451994646562 -6
      vertex 0.23569836841299999 -0.440960632174 -3
      vertex 0.21377754671499999 -0.451994646562 -3
    endloop
  endfacet
  facet normal 0.49289819222172415 -0.87008699111327725 0
    outer loop
      vertex 0.23569836841299999 -0.440960632174 -6
      vertex 0.25705137209700002 -0.428864305 -6
      vertex 0.25705137209700002 -0.428864305 -3
    endloop
  endfacet
  facet normal 0.49289819222172415 -0.87008699111327725 0
    outer loop
      vertex 0.23569836841299999 -0.440960632174 -6
      vertex 0.25705137209700002 -0.428864305 -3
      vertex 0.23569836841299999 -0.440960632174 -3
    endloop
  endfacet
  facet normal 0.53499761989457428 -0.84485356524497235 0
    outer loop
      vertex 0.25705137209700002 -0.428864305 -6
      vertex 0.27778511650999999 -0.415734806151 -6
      vertex 0.27778511650999999 -0.415734806151 -3
    endloop
  endfacet
  facet normal 0.53499761989457428 -0.84485356524497235 0
    outer loop
      vertex 0.25705137209700002 -0.428864305 -6
      vertex 0.27778511650999999 -0.415734806151 -3
      vertex 0.25705137209700002 -0.428864305 -3
    endloop
  endfacet
  facet normal 0.57580819142717365 -0.81758481314501397 0
    outer loop
      vertex 0.27778511650999999 -0.415734806151 -6
      vertex 0.29784965224600002 -0.40160376574000001 -6
      vertex 0.29784965224600002 -0.40160376574000001 -3
    endloop
  endfacet
  facet normal 0.57580819142717365 -0.81758481314501397 0
    outer loop
      vertex 0.27778511650999999 -0.415734806151 -6
      vertex 0.29784965224600002 -0.40160376574000001 -3
      vertex 0.27778511650999999 -0.415734806151 -3
    endloop
  endfacet
  facet normal 0.61523159057400756 -0.78834642763177198 0
    outer loop
      vertex 0.29784965224600002 -0.40160376574000001 -6
      vertex 0.31719664208199999 -0.38650522668100001 -6
      vertex 0.31719664208199999 -0.38650522668100001 -3
    endloop
  endfacet
  facet normal 0.61523159057400756 -0.78834642763177198 0
    outer loop
      vertex 0.29784965224600002 -0.40160376574000001 -6
      vertex 0.31719664208199999 -0.38650522668100001 -3
      vertex 0.29784965224600002 -0.40160376574000001 -3
    endloop
  endfacet
  facet normal 0.65317284295005307 -0.75720884650969678 0
    outer loop
      vertex 0.31719664208199999 -0.38650522668100001 -6
      vertex 0.33577947742399999 -0.37047556267699999 -6
      vertex 0.33577947742399999 -0.37047556267699999 -3
    endloop
  endfacet
  facet normal 0.65317284295005307 -0.75720884650969678 0
    outer loop
      vertex 0.31719664208199999 -0.38650522668100001 -6
      vertex 0.33577947742399999 -0.37047556267699999 -3
      vertex 0.31719664208199999 -0.38650522668100001 -3
    endloop
  endfacet
  facet normal 0.68954054474822646 -0.72424708294084228 0
    outer loop
      vertex 0.33577947742399999 -0.37047556267699999 -6
      vertex 0.35355339059300001 -0.35355339059300001 -6
      vertex 0.35355339059300001 -0.35355339059300001 -3
    endloop
  endfacet
  facet normal 0.68954054474822646 -0.72424708294084228 0
    outer loop
      vertex 0.33577947742399999 -0.37047556267699999 -6
      vertex 0.35355339059300001 -0.35355339059300001 -3
      vertex 0.33577947742399999 -0.37047556267699999 -3
    endloop
  endfacet
  facet normal 0.72424708294084228 -0.68954054474822646 0
    outer loop
      vertex 0.35355339059300001 -0.35355339059300001 -6
      vertex 0.37047556267699999 -0.33577947742399999 -6
      vertex 0.37047556267699999 -0.33577947742399999 -3
    endloop
  endfacet
  facet normal 0.72424708294084228 -0.68954054474822646 0
    outer loop
      vertex 0.35355339059300001 -0.35355339059300001 -6
      vertex 0.37047556267699999 -0.33577947742399999 -3
      vertex 0.35355339059300001 -0.35355339059300001 -3
    endloop
  endfacet
  facet normal 0.75720884650969666 -0.65317284295005296 0
    outer loop
      vertex 0.37047556267699999 -0.33577947742399999 -6
      vertex 0.38650522668100001 -0.31719664208199999 -6
      vertex 0.38650522668100001 -0.31719664208199999 -3
    endloop
  endfacet
  facet normal 0.75720884650969666 -0.65317284295005296 0
    outer loop
      vertex 0.37047556267699999 -0.33577947742399999 -6
      vertex 0.38650522668100001 -0.31719664208199999 -3
      vertex 0.37047556267699999 -0.33577947742399999 -3
    endloop
  endfacet
  facet normal 0.78834642763177198 -0.61523159057400756 0
    outer loop
      vertex 0.38650522668100001 -0.31719664208199999 -6
      vertex 0.40160376574000001 -0.29784965224600002 -6
      vertex 0.40160376574000001 -0.29784965224600002 -3
    endloop
  endfacet
  facet normal 0.78834642763177198 -0.61523159057400756 0
    outer loop
      vertex 0.38650522668100001 -0.31719664208199999 -6
      vertex 0.40160376574000001 -0.29784965224600002 -3
      vertex 0.38650522668100001 -0.31719664208199999 -3
    endloop
  endfacet
  facet normal 0.81758481314501397 -0.57580819142717365 0
    outer loop
      vertex 0.40160376574000001 -0.29784965224600002 -6
      vertex 0.415734806151 -0.27778511650999999 -6
      vertex 0.415734806151 -0.27778511650999999 -3
    endloop
  endfacet
  facet normal 0.81758481314501397 -0.57580819142717365 0
    outer loop
      vertex 0.40160376574000001 -0.29784965224600002 -6
      vertex 0.415734806151 -0.27778511650999999 -3
      vertex 0.40160376574000001 -0.29784965224600002 -3
    endloop
  endfacet
  facet normal 0.84485356524497235 -0.53499761989457428 0
    outer loop
      vertex 0.415734806151 -0.27778511650999999 -6
      vertex 0.428864305 -0.25705137209700002 -6
      vertex 0.428864305 -0.25705137209700002 -3
    endloop
  endfacet
  facet normal 0.84485356524497235 -0.53499761989457428 0
    outer loop
      vertex 0.415734806151 -0.27778511650999999 -6
      vertex 0.428864305 -0.25705137209700002 -3
      vertex 0.415734806151 -0.27778511650999999 -3
    endloop
  endfacet
  facet normal 0.87008699111327725 -0.49289819222172415 0
    outer loop
      vertex 0.428864305 -0.25705137209700002 -6
      vertex 0.440960632174 -0.23569836841299999 -6
      vertex 0.440960632174 -0.23569836841299999 -3
    endloop
  endfacet
  facet normal 0.87008699111327725 -0.49289819222172415 0
    outer loop
      vertex 0.428864305 -0.25705137209700002 -6
      vertex 0.440960632174 -0.23569836841299999 -3
      vertex 0.428864305 -0.25705137209700002 -3
    endloop
  endfacet
  facet normal 0.89322430118922702 -0.44961132966709921 0
    outer loop
      vertex 0.440960632174 -0.23569836841299999 -6
      vertex 0.451994646562 -0.21377754671499999 -6
      vertex 0.451994646562 -0.21377754671499999 -3
    endloop
  endfacet
  facet normal 0.89322430118922702 -0.44961132966709921 0
    outer loop
      vertex 0.440960632174 -0.23569836841299999 -6
      vertex 0.451994646562 -0.21377754671499999 -3
      vertex 0.440960632174 -0.23569836841299999 -3
    endloop
  endfacet
  facet normal 0.91420975569835994 -0.40524131401665492 0
    outer loop
      vertex 0.451994646562 -0.21377754671499999 -6
      vertex 0.46193976625599997 -0.191341716183 -6
      vertex 0.46193976625599997 -0.191341716183 -3
    endloop
  endfacet
  facet normal 0.91420975569835994 -0.40524131401665492 0
    outer loop
      vertex 0.451994646562 -0.21377754671499999 -6
      vertex 0.46193976625599997 -0.191341716183 -3
      vertex 0.451994646562 -0.21377754671499999 -3
    endloop
  endfacet
  facet normal 0.93299279883590147 -0.3598950365319743 0
    outer loop
      vertex 0.46193976625599997 -0.191341716183 -6
      vertex 0.47077203259200001 -0.168444926696 -6
      vertex 0.47077203259200001 -0.168444926696 -3
    endloop
  endfacet
  facet normal 0.93299279883590147 -0.3598950365319743 0
    outer loop
      vertex 0.46193976625599997 -0.191341716183 -6
      vertex 0.47077203259200001 -0.168444926696 -3
      vertex 0.46193976625599997 -0.191341716183 -3
    endloop
  endfacet
  facet normal 0.9495281806007323 -0.3136817403755961 0
    outer loop
      vertex 0.47077203259200001 -0.168444926696 -6
      vertex 0.478470167866 -0.14514233862699999 -6
      vertex 0.478470167866 -0.14514233862699999 -3
    endloop
  endfacet
  facet normal 0.9495281806007323 -0.3136817403755961 0
    outer loop
      vertex 0.47077203259200001 -0.168444926696 -6
      vertex 0.478470167866 -0.14514233862699999 -3
      vertex 0.47077203259200001 -0.168444926696 -3
    endloop
  endfacet
  facet normal 0.96377606579545816 -0.26671275747483247 0
    outer loop
      vertex 0.478470167866 -0.14514233862699999 -6
      vertex 0.48501562659699998 -0.121490089952 -6
      vertex 0.48501562659699998 -0.121490089952 -3
    endloop
  endfacet
  facet normal 0.96377606579545816 -0.26671275747483247 0
    outer loop
      vertex 0.478470167866 -0.14514233862699999 -6
      vertex 0.48501562659699998 -0.121490089952 -3
      vertex 0.478470167866 -0.14514233862699999 -3
    endloop
  endfacet
  facet normal 0.97570213003345685 -0.21910124017945473 0
    outer loop
      vertex 0.48501562659699998 -0.121490089952 -6
      vertex 0.49039264020200002 -0.097545161008099998 -6
      vertex 0.49039264020200002 -0.097545161008099998 -3
    endloop
  endfacet
  facet normal 0.97570213003345685 -0.21910124017945473 0
    outer loop
      vertex 0.48501562659699998 -0.121490089952 -6
      vertex 0.49039264020200002 -0.097545161008099998 -3
      vertex 0.48501562659699998 -0.121490089952 -3
    endloop
  endfacet
  facet normal 0.9852776423942825 -0.17096188872951815 0
    outer loop
      vertex 0.49039264020200002 -0.097545161008099998 -6
      vertex 0.49458825498199999 -0.073365237227699998 -6
      vertex 0.49458825498199999 -0.073365237227699998 -3
    endloop
  endfacet
  facet normal 0.9852776423942825 -0.17096188872951815 0
    outer loop
      vertex 0.49039264020200002 -0.097545161008099998 -6
      vertex 0.49458825498199999 -0.073365237227699998 -3
      vertex 0.49039264020200002 -0.097545161008099998 -3
    endloop
  endfacet
  facet normal 0.9924795345972639 -0.12241067521094091 0
    outer loop
      vertex 0.49458825498199999 -0.073365237227699998 -6
      vertex 0.49759236333599999 -0.049008570164800001 -6
      vertex 0.49759236333599999 -0.049008570164800001 -3
    endloop
  endfacet
  facet normal 0.9924795345972639 -0.12241067521094091 0
    outer loop
      vertex 0.49458825498199999 -0.073365237227699998 -6
      vertex 0.49759236333599999 -0.049008570164800001 -3
      vertex 0.49458825498199999 -0.073365237227699998 -3
    endloop
  endfacet
  facet normal 0.9972904566771652 -0.073564563620341361 0
    outer loop
      vertex 0.49759236333599999 -0.049008570164800001 -6
      vertex 0.49939772810299998 -0.024533837163700001 -6
      vertex 0.49939772810299998 -0.024533837163700001 -3
    endloop
  endfacet
  facet normal 0.9972904566771652 -0.073564563620341361 0
    outer loop
      vertex 0.49759236333599999 -0.049008570164800001 -6
      vertex 0.49939772810299998 -0.024533837163700001 -3
      vertex 0.49759236333599999 -0.049008570164800001 -3
    endloop
  endfacet
  facet normal 0.9996988186966177 -0.024541228506070704 0
    outer loop
      vertex 0.49939772810299998 -0.024533837163700001 -6
      vertex 0.5 -1.2246467991500001e-16 -6
      vertex 0.5 -1.2246467991500001e-16 -3
    endloop
  endfacet
  facet normal 0.9996988186966177 -0.024541228506070704 0
    outer loop
      vertex 0.49939772810299998 -0.024533837163700001 -6
      vertex 0.5 -1.2246467991500001e-16 -3
      vertex 0.49939772810299998 -0.024533837163700001 -3
    endloop
  endfacet
  facet normal 0.9996988186966177 0.024541228506070583 0
    outer loop
      vertex 0.5 0 -3
      vertex 0.49939772810299998 0.024533837163700001 -3
      vertex 0.49939772810299998 0.024533837163700001 0
    endloop
  endfacet
  facet normal 0.9996988186966177 0.024541228506070583 -0
    outer loop
      vertex 0.5 0 -3
      vertex 0.49939772810299998 0.024533837163700001 0
      vertex 0.5 0 0
    endloop
  endfacet
  facet normal 0.9972904566771652 0.073564563620341361 0
    outer loop
      vertex 0.49939772810299998 0.024533837163700001 -3
      vertex 0.49759236333599999 0.049008570164800001 -3
      vertex 0.49759236333599999 0.049008570164800001 0
    endloop
  endfacet
  facet normal 0.9972904566771652 0.073564563620341361 -0
    outer loop
      vertex 0.49939772810299998 0.024533837163700001 -3
      vertex 0.49759236333599999 0.049008570164800001 0
      vertex 0.49939772810299998 0.024533837163700001 0
    endloop
  endfacet
  facet normal 0.9924795345972639 0.12241067521094091 0
    outer loop
      vertex 0.49759236333599999 0.049008570164800001 -3
      vertex 0.49458825498199999 0.073365237227699998 -3
      vertex 0.49458825498199999 0.073365237227699998 0
    endloop
  endfacet
  facet normal 0.9924795345972639 0.12241067521094091 -0
    outer loop
      vertex 0.49759236333599999 0.049008570164800001 -3
      vertex 0.49458825498199999 0.073365237227699998 0
      vertex 0.49759236333599999 0.049008570164800001 0
    endloop
  endfacet
  facet normal 0.9852776423942825 0.17096188872951815 0
    outer loop
      vertex 0.49458825498199999 0.073365237227699998 -3
      vertex 0.49039264020200002 0.097545161008099998 -3
      vertex 0.49039264020200002 0.097545161008099998 0
    endloop
  endfacet
  facet normal 0.9852776423942825 0.17096188872951815 -0
    outer loop
      vertex 0.49458825498199999 0.073365237227699998 -3
      vertex 0.49039264020200002 0.097545161008099998 0
      vertex 0.49458825498199999 0.073365237227699998 0
    endloop
  endfacet
  facet normal 0.97570213003345685 0.21910124017945473 0
    outer loop
      vertex 0.49039264020200002 0.097545161008099998 -3
      vertex 0.48501562659699998 0.121490089952 -3
      vertex 0.48501562659699998 0.121490089952 0
    endloop
  endfacet
  facet normal 0.97570213003345685 0.21910124017945473 -0
    outer loop
      vertex 0.49039264020200002 0.097545161008099998 -3
      vertex 0.48501562659699998 0.121490089952 0
      vertex 0.49039264020200002 0.097545161008099998 0
    endloop
  endfacet
  facet normal 0.96377606579545816 0.26671275747483247 0
    outer loop
      vertex 0.48501562659699998 0.121490089952 -3
      vertex 0.478470167866 0.14514233862699999 -3
      vertex 0.478470167866 0.14514233862699999 0
    endloop
  endfacet
  facet normal 0.96377606579545816 0.26671275747483247 -0
    outer loop
      vertex 0.48501562659699998 0.121490089952 -3
      vertex 0.478470167866 0.14514233862699999 0
      vertex 0.48501562659699998 0.121490089952 0
    endloop
  endfacet
  facet normal 0.9495281806007323 0.3136817403755961 0
    outer loop
      vertex 0.478470167866 0.14514233862699999 -3
      vertex 0.47077203259200001 0.168444926696 -3
      vertex 0.47077203259200001 0.168444926696 0
    endloop
  endfacet
  facet normal 0.9495281806007323 0.3136817403755961 -0
    outer loop
      vertex 0.478470167866 0.14514233862699999 -3
      vertex 0.47077203259200001 0.168444926696 0
      vertex 0.478470167866 0.14514233862699999 0
    endloop
  endfacet
  facet normal 0.93299279883590147 0.3598950365319743 0
    outer loop
      vertex 0.47077203259200001 0.168444926696 -3
      vertex 0.46193976625599997 0.191341716183 -3
      vertex 0.46193976625599997 0.191341716183 0
    endloop
  endfacet
  facet normal 0.93299279883590147 0.3598950365319743 -0
    outer loop
      vertex 0.47077203259200001 0.168444926696 -3
      vertex 0.46193976625599997 0.191341716183 0
      vertex 0.47077203259200001 0.168444926696 0
    endloop
  endfacet
  facet normal 0.91420975569835994 0.40524131401665492 0
    outer loop
      vertex 0.46193976625599997 0.191341716183 -3
      vertex 0.451994646562 0.21377754671499999 -3
      vertex 0.451994646562 0.21377754671499999 0
    endloop
  endfacet
  facet normal 0.91420975569835994 0.40524131401665492 -0
    outer loop
      vertex 0.46193976625599997 0.191341716183 -3
      vertex 0.451994646562 0.21377754671499999 0
      vertex 0.46193976625599997 0.191341716183 0
    endloop
  endfacet
  facet normal 0.89322430118922702 0.44961132966709921 0
    outer loop
      vertex 0.451994646562 0.21377754671499999 -3
      vertex 0.440960632174 0.23569836841299999 -3
      vertex 0.440960632174 0.23569836841299999 0
    endloop
  endfacet
  facet normal 0.89322430118922702 0.44961132966709921 -0
    outer loop
      vertex 0.451994646562 0.21377754671499999 -3
      vertex 0.440960632174 0.23569836841299999 0
      vertex 0.451994646562 0.21377754671499999 0
    endloop
  endfacet
  facet normal 0.87008699111327725 0.49289819222172415 0
    outer loop
      vertex 0.440960632174 0.23569836841299999 -3
      vertex 0.428864305 0.25705137209700002 -3
      vertex 0.428864305 0.25705137209700002 0
    endloop
  endfacet
  facet normal 0.87008699111327725 0.49289819222172415 -0
    outer loop
      vertex 0.440960632174 0.23569836841299999 -3
      vertex 0.428864305 0.25705137209700002 0
      vertex 0.440960632174 0.23569836841299999 0
    endloop
  endfacet
  facet normal 0.84485356524497235 0.53499761989457428 0
    outer loop
      vertex 0.428864305 0.25705137209700002 -3
      vertex 0.415734806151 0.27778511650999999 -3
      vertex 0.415734806151 0.27778511650999999 0
    endloop
  endfacet
  facet normal 0.84485356524497235 0.53499761989457428 -0
    outer loop
      vertex 0.428864305 0.25705137209700002 -3
      vertex 0.415734806151 0.27778511650999999 0
      vertex 0.428864305 0.25705137209700002 0
    endloop
  endfacet
  facet normal 0.81758481314501397 0.57580819142717365 0
    outer loop
      vertex 0.415734806151 0.27778511650999999 -3
      vertex 0.40160376574000001 0.29784965224600002 -3
      vertex 0.40160376574000001 0.29784965224600002 0
    endloop
  endfacet
  facet normal 0.81758481314501397 0.57580819142717365 -0
    outer loop
      vertex 0.415734806151 0.27778511650999999 -3
      vertex 0.40160376574000001 0.29784965224600002 0
      vertex 0.415734806151 0.27778511650999999 0
    endloop
  endfacet
  facet normal 0.78834642763177198 0.61523159057400756 0
    outer loop
      vertex 0.40160376574000001 0.29784965224600002 -3
      vertex 0.38650522668100001 0.31719664208199999 -3
      vertex 0.38650522668100001 0.31719664208199999 0
    endloop
  endfacet
  facet normal 0.78834642763177198 0.61523159057400756 -0
    outer loop
      vertex 0.40160376574000001 0.29784965224600002 -3
      vertex 0.38650522668100001 0.31719664208199999 0
      vertex 0.40160376574000001 0.29784965224600002 0
    endloop
  endfacet
  facet normal 0.75720884650969666 0.65317284295005296 0
    outer loop
      vertex 0.38650522668100001 0.31719664208199999 -3
      vertex 0.37047556267699999 0.33577947742399999 -3
      vertex 0.37047556267699999 0.33577947742399999 0
    endloop
  endfacet
  facet normal 0.75720884650969666 0.65317284295005296 -0
    outer loop
      vertex 0.38650522668100001 0.31719664208199999 -3
      vertex 0.37047556267699999 0.33577947742399999 0
      vertex 0.38650522668100001 0.31719664208199999 0
    endloop
  endfacet
  facet normal 0.72424708294084228 0.68954054474822646 0
    outer loop
      vertex 0.37047556267699999 0.33577947742399999 -3
      vertex 0.35355339059300001 0.35355339059300001 -3
      vertex 0.35355339059300001 0.35355339059300001 0
    endloop
  endfacet
  facet normal 0.72424708294084228 0.68954054474822646 -0
    outer loop
      vertex 0.37047556267699999 0.33577947742399999 -3
      vertex 0.35355339059300001 0.35355339059300001 0
      vertex 0.37047556267699999 0.33577947742399999 0
    endloop
  endfacet
  facet normal 0.68954054474822646 0.72424708294084228 0
    outer loop
      vertex 0.35355339059300001 0.35355339059300001 -3
      vertex 0.33577947742399999 0.37047556267699999 -3
      vertex 0.33577947742399999 0.37047556267699999 0
    endloop
  endfacet
  facet normal 0.68954054474822646 0.72424708294084228 -0
    outer loop
      vertex 0.35355339059300001 0.35355339059300001 -3
      vertex 0.33577947742399999 0.37047556267699999 0
      vertex 0.35355339059300001 0.35355339059300001 0
    endloop
  endfacet
  facet normal 0.65317284295005307 0.75720884650969678 0
    outer loop
      vertex 0.33577947742399999 0.37047556267699999 -3
      vertex 0.31719664208199999 0.38650522668100001 -3
      vertex 0.31719664208199999 0.38650522668100001 0
    endloop
  endfacet
  facet normal 0.65317284295005307 0.75720884650969678 -0
    outer loop
      vertex 0.33577947742399999 0.37047556267699999 -3
      vertex 0.31719664208199999 0.38650522668100001 0
      vertex 0.33577947742399999 0.37047556267699999 0
    endloop
  endfacet
  facet normal 0.61523159057400756 0.78834642763177198 0
    outer loop
      vertex 0.31719664208199999 0.38650522668100001 -3
      vertex 0.29784965224600002 0.40160376574000001 -3
      vertex 0.29784965224600002 0.40160376574000001 0
    endloop
  endfacet
  facet normal 0.61523159057400756 0.78834642763177198 -0
    outer loop
      vertex 0.31719664208199999 0.38650522668100001 -3
      vertex 0.29784965224600002 0.40160376574000001 0
      vertex 0.31719664208199999 0.38650522668100001 0
    endloop
  endfacet
  facet normal 0.57580819142717365 0.81758481314501397 0
    outer loop
      vertex 0.29784965224600002 0.40160376574000001 -3
      vertex 0.27778511650999999 0.415734806151 -3
      vertex 0.27778511650999999 0.415734806151 0
    endloop
  endfacet
  facet normal 0.57580819142717365 0.81758481314501397 -0
    outer loop
      vertex 0.29784965224600002 0.40160376574000001 -3
      vertex 0.27778511650999999 0.415734806151 0
      vertex 0.29784965224600002 0.40160376574000001 0
    endloop
  endfacet
  facet normal 0.53499761989457428 0.84485356524497235 0
    outer loop
      vertex 0.27778511650999999 0.415734806151 -3
      vertex 0.25705137209700002 0.428864305 -3
      vertex 0.25705137209700002 0.428864305 0
    endloop
  endfacet
  facet normal 0.53499761989457428 0.84485356524497235 -0
    outer loop
      vertex 0.27778511650999999 0.415734806151 -3
      vertex 0.25705137209700002 0.428864305 0
      vertex 0.27778511650999999 0.415734806151 0
    endloop
  endfacet
  facet normal 0.49289819222172415 0.87008699111327725 0
    outer loop
      vertex 0.25705137209700002 0.428864305 -3
      vertex 0.23569836841299999 0.440960632174 -3
      vertex 0.23569836841299999 0.440960632174 0
    endloop
  endfacet
  facet normal 0.49289819222172415 0.87008699111327725 -0
    outer loop
      vertex 0.25705137209700002 0.428864305 -3
      vertex 0.23569836841299999 0.440960632174 0
      vertex 0.25705137209700002 0.428864305 0
    endloop
  endfacet
  facet normal 0.44961132966709921 0.89322430118922702 0
    outer loop
      vertex 0.23569836841299999 0.440960632174 -3
      vertex 0.21377754671499999 0.451994646562 -3
      vertex 0.21377754671499999 0.451994646562 0
    endloop
  endfacet
  facet normal 0.44961132966709921 0.89322430118922702 -0
    outer loop
      vertex 0.23569836841299999 0.440960632174 -3
      vertex 0.21377754671499999 0.451994646562 0
      vertex 0.23569836841299999 0.440960632174 0
    endloop
  endfacet
  facet normal 0.40524131401665492 0.91420975569835994 0
    outer loop
      vertex 0.21377754671499999 0.451994646562 -3
      vertex 0.191341716183 0.46193976625599997 -3
      vertex 0.191341716183 0.46193976625599997 0
    endloop
  endfacet
  facet normal 0.40524131401665492 0.91420975569835994 -0
    outer loop
      vertex 0.21377754671499999 0.451994646562 -3
      vertex 0.191341716183 0.46193976625599997 0
      vertex 0.21377754671499999 0.451994646562 0
    endloop
  endfacet
  facet normal 0.3598950365319743 0.93299279883590147 0
    outer loop
      vertex 0.191341716183 0.46193976625599997 -3
      vertex 0.168444926696 0.47077203259200001 -3
      vertex 0.168444926696 0.47077203259200001 0
    endloop
  endfacet
  facet normal 0.3598950365319743 0.93299279883590147 -0
    outer loop
      vertex 0.191341716183 0.46193976625599997 -3
      vertex 0.168444926696 0.47077203259200001 0
      vertex 0.191341716183 0.46193976625599997 0
    endloop
  endfacet
  facet normal 0.31368174037559615 0.94952818060073252 0
    outer loop
      vertex 0.168444926696 0.47077203259200001 -3
      vertex 0.14514233862699999 0.478470167866 -3
      vertex 0.14514233862699999 0.478470167866 0
    endloop
  endfacet
  facet normal 0.31368174037559615 0.94952818060073252 -0
    outer loop
      vertex 0.168444926696 0.47077203259200001 -3
      vertex 0.14514233862699999 0.478470167866 0
      vertex 0.168444926696 0.47077203259200001 0
    endloop
  endfacet
  facet normal 0.26671275747483247 0.96377606579545816 0
    outer loop
      vertex 0.14514233862699999 0.478470167866 -3
      vertex 0.121490089952 0.48501562659699998 -3
      vertex 0.121490089952 0.48501562659699998 0
    endloop
  endfacet
  facet normal 0.26671275747483247 0.96377606579545816 -0
    outer loop
      vertex 0.14514233862699999 0.478470167866 -3
      vertex 0.121490089952 0.48501562659699998 0
      vertex 0.14514233862699999 0.478470167866 0
    endloop
  endfacet
  facet normal 0.21910124017945473 0.97570213003345685 0
    outer loop
      vertex 0.121490089952 0.48501562659699998 -3
      vertex 0.097545161008099998 0.49039264020200002 -3
      vertex 0.097545161008099998 0.49039264020200002 0
    endloop
  endfacet
  facet normal 0.21910124017945473 0.97570213003345685 -0
    outer loop
      vertex 0.121490089952 0.48501562659699998 -3
      vertex 0.097545161008099998 0.49039264020200002 0
      vertex 0.121490089952 0.48501562659699998 0
    endloop
  endfacet
  facet normal 0.17096188872951815 0.9852776423942825 0
    outer loop
      vertex 0.097545161008099998 0.49039264020200002 -3
      vertex 0.073365237227699998 0.49458825498199999 -3
      vertex 0.073365237227699998 0.49458825498199999 0
    endloop
  endfacet
  facet normal 0.17096188872951815 0.9852776423942825 -0
    outer loop
      vertex 0.097545161008099998 0.49039264020200002 -3
      vertex 0.073365237227699998 0.49458825498199999 0
      vertex 0.097545161008099998 0.49039264020200002 0
    endloop
  endfacet
  facet normal 0.12241067521094091 0.9924795345972639 0
    outer loop
      vertex 0.073365237227699998 0.49458825498199999 -3
      vertex 0.049008570164800001 0.49759236333599999 -3
      vertex 0.049008570164800001 0.49759236333599999 0
    endloop
  endfacet
  facet normal 0.12241067521094091 0.9924795345972639 -0
    outer loop
      vertex 0.073365237227699998 0.49458825498199999 -3
      vertex 0.049008570164800001 0.49759236333599999 0
      vertex 0.073365237227699998 0.49458825498199999 0
    endloop
  endfacet
  facet normal 0.073564563620341361 0.9972904566771652 0
    outer loop
      vertex 0.049008570164800001 0.49759236333599999 -3
      vertex 0.024533837163700001 0.49939772810299998 -3
      vertex 0.024533837163700001 0.49939772810299998 0
    endloop
  endfacet
  facet normal 0.073564563620341361 0.9972904566771652 -0
    outer loop
      vertex 0.049008570164800001 0.49759236333599999 -3
      vertex 0.024533837163700001 0.49939772810299998 0
      vertex 0.049008570164800001 0.49759236333599999 0
    endloop
  endfacet
  facet normal 0.024541228506070618 0.9996988186966177 0
    outer loop
      vertex 0.024533837163700001 0.49939772810299998 -3
      vertex 3.0616169978700002e-17 0.5 -3
      vertex 3.0616169978700002e-17 0.5 0
    endloop
  endfacet
  facet normal 0.024541228506070618 0.9996988186966177 -0
    outer loop
      vertex 0.024533837163700001 0.49939772810299998 -3
      vertex 3.0616169978700002e-17 0.5 0
      vertex 0.024533837163700001 0.49939772810299998 0
    endloop
  endfacet
  facet normal -0.024541228506070552 0.9996988186966177 0
    outer loop
      vertex 3.0616169978700002e-17 0.5 -3
      vertex -0.024533837163700001 0.49939772810299998 -3
      vertex -0.024533837163700001 0.49939772810299998 0
    endloop
  endfacet
  facet normal -0.024541228506070552 0.9996988186966177 0
    outer loop
      vertex 3.0616169978700002e-17 0.5 -3
      vertex -0.024533837163700001 0.49939772810299998 0
      vertex 3.0616169978700002e-17 0.5 0
    endloop
  endfacet
  facet normal -0.073564563620341361 0.9972904566771652 0
    outer loop
      vertex -0.024533837163700001 0.49939772810299998 -3
      vertex -0.049008570164800001 0.49759236333599999 -3
      vertex -0.049008570164800001 0.49759236333599999 0
    endloop
  endfacet
  facet normal -0.073564563620341361 0.9972904566771652 0
    outer loop
      vertex -0.024533837163700001 0.49939772810299998 -3
      vertex -0.049008570164800001 0.49759236333599999 0
      vertex -0.024533837163700001 0.49939772810299998 0
    endloop
  endfacet
  facet normal -0.12241067521094091 0.9924795345972639 0
    outer loop
      vertex -0.049008570164800001 0.49759236333599999 -3
      vertex -0.073365237227699998 0.49458825498199999 -3
      vertex -0.073365237227699998 0.49458825498199999 0
    endloop
  endfacet
  facet normal -0.12241067521094091 0.9924795345972639 0
    outer loop
      vertex -0.049008570164800001 0.49759236333599999 -3
      vertex -0.073365237227699998 0.49458825498199999 0
      vertex -0.049008570164800001 0.49759236333599999 0
    endloop
  endfacet
  facet normal -0.17096188872951815 0.9852776423942825 0
    outer loop
      vertex -0.073365237227699998 0.49458825498199999 -3
      vertex -0.097545161008099998 0.49039264020200002 -3
      vertex -0.097545161008099998 0.49039264020200002 0
    endloop
  endfacet
  facet normal -0.17096188872951815 0.9852776423942825 0
    outer loop
      vertex -0.073365237227699998 0.49458825498199999 -3
      vertex -0.097545161008099998 0.49039264020200002 0
      vertex -0.073365237227699998 0.49458825498199999 0
    endloop
  endfacet
  facet normal -0.21910124017945473 0.97570213003345685 0
    outer loop
      vertex -0.097545161008099998 0.49039264020200002 -3
      vertex -0.121490089952 0.48501562659699998 -3
      vertex -0.121490089952 0.48501562659699998 0
    endloop
  endfacet
  facet normal -0.21910124017945473 0.97570213003345685 0
    outer loop
      vertex -0.097545161008099998 0.49039264020200002 -3
      vertex -0.121490089952 0.48501562659699998 0
      vertex -0.097545161008099998 0.49039264020200002 0
    endloop
  endfacet
  facet normal -0.26671275747483247 0.96377606579545816 0
    outer loop
      vertex -0.121490089952 0.48501562659699998 -3
      vertex -0.14514233862699999 0.478470167866 -3
      vertex -0.14514233862699999 0.478470167866 0
    endloop
  endfacet
  facet normal -0.26671275747483247 0.96377606579545816 0
    outer loop
      vertex -0.121490089952 0.48501562659699998 -3
      vertex -0.14514233862699999 0.478470167866 0
      vertex -0.121490089952 0.48501562659699998 0
    endloop
  endfacet
  facet normal -0.31368174037559615 0.94952818060073252 0
    outer loop
      vertex -0.14514233862699999 0.478470167866 -3
      vertex -0.168444926696 0.47077203259200001 -3
      vertex -0.168444926696 0.47077203259200001 0
    endloop
  endfacet
  facet normal -0.31368174037559615 0.94952818060073252 0
    outer loop
      vertex -0.14514233862699999 0.478470167866 -3
      vertex -0.168444926696 0.47077203259200001 0
      vertex -0.14514233862699999 0.478470167866 0
    endloop
  endfacet
  facet normal -0.3598950365319743 0.93299279883590147 0
    outer loop
      vertex -0.168444926696 0.47077203259200001 -3
      vertex -0.191341716183 0.46193976625599997 -3
      vertex -0.191341716183 0.46193976625599997 0
    endloop
  endfacet
  facet normal -0.3598950365319743 0.93299279883590147 0
    outer loop
      vertex -0.168444926696 0.47077203259200001 -3
      vertex -0.191341716183 0.46193976625599997 0
      vertex -0.168444926696 0.47077203259200001 0
    endloop
  endfacet
  facet normal -0.40524131401665492 0.91420975569835994 0
    outer loop
      vertex -0.191341716183 0.46193976625599997 -3
      vertex -0.21377754671499999 0.451994646562 -3
      vertex -0.21377754671499999 0.451994646562 0
    endloop
  endfacet
  facet normal -0.40524131401665492 0.91420975569835994 0
    outer loop
      vertex -0.191341716183 0.46193976625599997 -3
      vertex -0.21377754671499999 0.451994646562 0
      vertex -0.191341716183 0.46193976625599997 0
    endloop
  endfacet
  facet normal -0.44961132966709921 0.89322430118922702 0
    outer loop
      vertex -0.21377754671499999 0.451994646562 -3
      vertex -0.23569836841299999 0.440960632174 -3
      vertex -0.23569836841299999 0.440960632174 0
    endloop
  endfacet
  facet normal -0.44961132966709921 0.89322430118922702 0
    outer loop
      vertex -0.21377754671499999 0.451994646562 -3
      vertex -0.23569836841299999 0.440960632174 0
      vertex -0.21377754671499999 0.451994646562 0
    endloop
  endfacet
  facet normal -0.49289819222172415 0.87008699111327725 0
    outer loop
      vertex -0.23569836841299999 0.440960632174 -3
      vertex -0.25705137209700002 0.428864305 -3
      vertex -0.25705137209700002 0.428864305 0
    endloop
  endfacet
  facet normal -0.49289819222172415 0.87008699111327725 0
    outer loop
      vertex -0.23569836841299999 0.440960632174 -3
      vertex -0.25705137209700002 0.428864305 0
      vertex -0.23569836841299999 0.440960632174 0
    endloop
  endfacet
  facet normal -0.53499761989457428 0.84485356524497235 0
    outer loop
      vertex -0.25705137209700002 0.428864305 -3
      vertex -0.27778511650999999 0.415734806151 -3
      vertex -0.27778511650999999 0.415734806151 0
    endloop
  endfacet
  facet normal -0.53499761989457428 0.84485356524497235 0
    outer loop
      vertex -0.25705137209700002 0.428864305 -3
      vertex -0.27778511650999999 0.415734806151 0
      vertex -0.25705137209700002 0.428864305 0
    endloop
  endfacet
  facet normal -0.57580819142717365 0.81758481314501397 0
    outer loop
      vertex -0.27778511650999999 0.415734806151 -3
      vertex -0.29784965224600002 0.40160376574000001 -3
      vertex -0.29784965224600002 0.40160376574000001 0
    endloop
  endfacet
  facet normal -0.57580819142717365 0.81758481314501397 0
    outer loop
      vertex -0.27778511650999999 0.415734806151 -3
      vertex -0.29784965224600002 0.40160376574000001 0
      vertex -0.27778511650999999 0.415734806151 0
    endloop
  endfacet
  facet normal -0.61523159057400756 0.78834642763177198 0
    outer loop
      vertex -0.29784965224600002 0.40160376574000001 -3
      vertex -0.31719664208199999 0.38650522668100001 -3
      vertex -0.31719664208199999 0.38650522668100001 0
    endloop
  endfacet
  facet normal -0.61523159057400756 0.78834642763177198 0
    outer loop
      vertex -0.29784965224600002 0.40160376574000001 -3
      vertex -0.31719664208199999 0.38650522668100001 0
      vertex -0.29784965224600002 0.40160376574000001 0
    endloop
  endfacet
  facet normal -0.65317284295005307 0.75720884650969678 0
    outer loop
      vertex -0.31719664208199999 0.38650522668100001 -3
      vertex -0.33577947742399999 0.37047556267699999 -3
      vertex -0.33577947742399999 0.37047556267699999 0
    endloop
  endfacet
  facet normal -0.65317284295005307 0.75720884650969678 0
    outer loop
      vertex -0.31719664208199999 0.38650522668100001 -3
      vertex -0.33577947742399999 0.37047556267699999 0
      vertex -0.31719664208199999 0.38650522668100001 0
    endloop
  endfacet
  facet normal -0.68954054474822646 0.72424708294084228 0
    outer loop
      vertex -0.33577947742399999 0.37047556267699999 -3
      vertex -0.35355339059300001 0.35355339059300001 -3
      vertex -0.35355339059300001 0.35355339059300001 0
    endloop
  endfacet
  facet normal -0.68954054474822646 0.72424708294084228 0
    outer loop
      vertex -0.33577947742399999 0.37047556267699999 -3
      vertex -0.35355339059300001 0.35355339059300001 0
      vertex -0.33577947742399999 0.37047556267699999 0
    endloop
  endfacet
  facet normal -0.72424708294084228 0.68954054474822646 0
    outer loop
      vertex -0.35355339059300001 0.35355339059300001 -3
      vertex -0.37047556267699999 0.33577947742399999 -3
      vertex -0.37047556267699999 0.33577947742399999 0
    endloop
  endfacet
  facet normal -0.72424708294084228 0.68954054474822646 0
    outer loop
      vertex -0.35355339059300001 0.35355339059300001 -3
      vertex -0.37047556267699999 0.33577947742399999 0
      vertex -0.35355339059300001 0.35355339059300001 0
    endloop
  endfacet
  facet normal -0.75720884650969666 0.65317284295005296 0
    outer loop
      vertex -0.37047556267699999 0.33577947742399999 -3
      vertex -0.38650522668100001 0.31719664208199999 -3
      vertex -0.38650522668100001 0.31719664208199999 0
    endloop
  endfacet
  facet normal -0.75720884650969666 0.65317284295005296 0
    outer loop
      vertex -0.37047556267699999 0.33577947742399999 -3
      vertex -0.38650522668100001 0.31719664208199999 0
      vertex -0.37047556267699999 0.33577947742399999 0
    endloop
  endfacet
  facet normal -0.78834642763177198 0.61523159057400756 0
    outer loop
      vertex -0.38650522668100001 0.31719664208199999 -3
      vertex -0.40160376574000001 0.29784965224600002 -3
      vertex -0.40160376574000001 0.29784965224600002 0
    endloop
  endfacet
  facet normal -0.78834642763177198 0.61523159057400756 0
    outer loop
      vertex -0.38650522668100001 0.31719664208199999 -3
      vertex -0.40160376574000001 0.29784965224600002 0
      vertex -0.38650522668100001 0.31719664208199999 0
    endloop
  endfacet
  facet normal -0.81758481314501397 0.57580819142717365 0
    outer loop
      vertex -0.40160376574000001 0.29784965224600002 -3
      vertex -0.415734806151 0.27778511650999999 -3
      vertex -0.415734806151 0.27778511650999999 0
    endloop
  endfacet
  facet normal -0.81758481314501397 0.57580819142717365 0
    outer loop
      vertex -0.40160376574000001 0.29784965224600002 -3
      vertex -0.415734806151 0.27778511650999999 0
      vertex -0.40160376574000001 0.29784965224600002 0
    endloop
  endfacet
  facet normal -0.84485356524497235 0.53499761989457428 0
    outer loop
      vertex -0.415734806151 0.27778511650999999 -3
      vertex -0.428864305 0.25705137209700002 -3
      vertex -0.428864305 0.25705137209700002 0
    endloop
  endfacet
  facet normal -0.84485356524497235 0.53499761989457428 0
    outer loop
      vertex -0.415734806151 0.27778511650999999 -3
      vertex -0.428864305 0.25705137209700002 0
      vertex -0.415734806151 0.27778511650999999 0
    endloop
  endfacet
  facet normal -0.87008699111327725 0.49289819222172415 0
    outer loop
      vertex -0.428864305 0.25705137209700002 -3
      vertex -0.440960632174 0.23569836841299999 -3
      vertex -0.440960632174 0.23569836841299999 0
    endloop
  endfacet
  facet normal -0.87008699111327725 0.49289819222172415 0
    outer loop
      vertex -0.428864305 0.25705137209700002 -3
      vertex -0.440960632174 0.23569836841299999 0
      vertex -0.428864305 0.25705137209700002 0
    endloop
  endfacet
  facet normal -0.89322430118922702 0.44961132966709921 0
    outer loop
      vertex -0.440960632174 0.23569836841299999 -3
      vertex -0.451994646562 0.21377754671499999 -3
      vertex -0.451994646562 0.21377754671499999 0
    endloop
  endfacet
  facet normal -0.89322430118922702 0.44961132966709921 0
    outer loop
      vertex -0.440960632174 0.23569836841299999 -3
      vertex -0.451994646562 0.21377754671499999 0
      vertex -0.440960632174 0.23569836841299999 0
    endloop
  endfacet
  facet normal -0.91420975569835994 0.40524131401665492 0
    outer loop
      vertex -0.451994646562 0.21377754671499999 -3
      vertex -0.46193976625599997 0.191341716183 -3
      vertex -0.46193976625599997 0.191341716183 0
    endloop
  endfacet
  facet normal -0.91420975569835994 0.40524131401665492 0
    outer loop
      vertex -0.451994646562 0.21377754671499999 -3
      vertex -0.46193976625599997 0.191341716183 0
      vertex -0.451994646562 0.21377754671499999 0
    endloop
  endfacet
  facet normal -0.93299279883590147 0.3598950365319743 0
    outer loop
      vertex -0.46193976625599997 0.191341716183 -3
      vertex -0.47077203259200001 0.168444926696 -3
      vertex -0.47077203259200001 0.168444926696 0
    endloop
  endfacet
  facet normal -0.93299279883590147 0.3598950365319743 0
    outer loop
      vertex -0.46193976625599997 0.191341716183 -3
      vertex -0.47077203259200001 0.168444926696 0
      vertex -0.46193976625599997 0.191341716183 0
    endloop
  endfacet
  facet normal -0.9495281806007323 0.3136817403755961 0
    outer loop
      vertex -0.47077203259200001 0.168444926696 -3
      vertex -0.478470167866 0.14514233862699999 -3
      vertex -0.478470167866 0.14514233862699999 0
    endloop
  endfacet
  facet normal -0.9495281806007323 0.3136817403755961 0
    outer loop
      vertex -0.47077203259200001 0.168444926696 -3
      vertex -0.478470167866 0.14514233862699999 0
      vertex -0.47077203259200001 0.168444926696 0
    endloop
  endfacet
  facet normal -0.96377606579545816 0.26671275747483247 0
    outer loop
      vertex -0.478470167866 0.14514233862699999 -3
      vertex -0.48501562659699998 0.121490089952 -3
      vertex -0.48501562659699998 0.121490089952 0
    endloop
  endfacet
  facet normal -0.96377606579545816 0.26671275747483247 0
    outer loop
      vertex -0.478470167866 0.14514233862699999 -3
      vertex -0.48501562659699998 0.121490089952 0
      vertex -0.478470167866 0.14514233862699999 0
    endloop
  endfacet
  facet normal -0.97570213003345685 0.21910124017945473 0
    outer loop
      vertex -0.48501562659699998 0.121490089952 -3
      vertex -0.49039264020200002 0.097545161008099998 -3
      vertex -0.49039264020200002 0.097545161008099998 0
    endloop
  endfacet
  facet normal -0.97570213003345685 0.21910124017945473 0
    outer loop
      vertex -0.48501562659699998 0.121490089952 -3
      vertex -0.49039264020200002 0.097545161008099998 0
      vertex -0.48501562659699998 0.121490089952 0
    endloop
  endfacet
  facet normal -0.9852776423942825 0.17096188872951815 0
    outer loop
      vertex -0.49039264020200002 0.097545161008099998 -3
      vertex -0.49458825498199999 0.073365237227699998 -3
      vertex -0.49458825498199999 0.073365237227699998 0
    endloop
  endfacet
  facet normal -0.9852776423942825 0.17096188872951815 0
    outer loop
      vertex -0.49039264020200002 0.097545161008099998 -3
      vertex -0.49458825498199999 0.073365237227699998 0
      vertex -0.49039264020200002 0.097545161008099998 0
    endloop
  endfacet
  facet normal -0.9924795345972639 0.12241067521094091 0
    outer loop
      vertex -0.49458825498199999 0.073365237227699998 -3
      vertex -0.49759236333599999 0.049008570164800001 -3
      vertex -0.49759236333599999 0.049008570164800001 0
    endloop
  endfacet
  facet normal -0.9924795345972639 0.12241067521094091 0
    outer loop
      vertex -0.49458825498199999 0.073365237227699998 -3
      vertex -0.49759236333599999 0.049008570164800001 0
      vertex -0.49458825498199999 0.073365237227699998 0
    endloop
  endfacet
  facet normal -0.9972904566771652 0.073564563620341361 0
    outer loop
      vertex -0.49759236333599999 0.049008570164800001 -3
      vertex -0.49939772810299998 0.024533837163700001 -3
      vertex -0.49939772810299998 0.024533837163700001 0
    endloop
  endfacet
  facet normal -0.9972904566771652 0.073564563620341361 0
    outer loop
      vertex -0.49759236333599999 0.049008570164800001 -3
      vertex -0.49939772810299998 0.024533837163700001 0
      vertex -0.49759236333599999 0.049008570164800001 0
    endloop
  endfacet
  facet normal -0.9996988186966177 0.024541228506070649 0
    outer loop
      vertex -0.49939772810299998 0.024533837163700001 -3
      vertex -0.5 6.1232339957400004e-17 -3
      vertex -0.5 6.1232339957400004e-17 0
    endloop
  endfacet
  facet normal -0.9996988186966177 0.024541228506070649 0
    outer loop
      vertex -0.49939772810299998 0.024533837163700001 -3
      vertex -0.5 6.1232339957400004e-17 0
      vertex -0.49939772810299998 0.024533837163700001 0
    endloop
  endfacet
  facet normal -0.9996988186966177 -0.024541228506070521 0
    outer loop
      vertex -0.5 6.1232339957400004e-17 -3
      vertex -0.49939772810299998 -0.024533837163700001 -3
      vertex -0.49939772810299998 -0.024533837163700001 0
    endloop
  endfacet
  facet normal -0.9996988186966177 -0.024541228506070521 0
    outer loop
      vertex -0.5 6.1232339957400004e-17 -3
      vertex -0.49939772810299998 -0.024533837163700001 0
      vertex -0.5 6.1232339957400004e-17 0
    endloop
  endfacet
  facet normal -0.9972904566771652 -0.073564563620341361 0
    outer loop
      vertex -0.49939772810299998 -0.024533837163700001 -3
      vertex -0.49759236333599999 -0.049008570164800001 -3
      vertex -0.49759236333599999 -0.049008570164800001 0
    endloop
  endfacet
  facet normal -0.9972904566771652 -0.073564563620341361 0
    outer loop
      vertex -0.49939772810299998 -0.024533837163700001 -3
      vertex -0.49759236333599999 -0.049008570164800001 0
      vertex -0.49939772810299998 -0.024533837163700001 0
    endloop
  endfacet
  facet normal -0.9924795345972639 -0.12241067521094091 0
    outer loop
      vertex -0.49759236333599999 -0.049008570164800001 -3
      vertex -0.49458825498199999 -0.073365237227699998 -3
      vertex -0.49458825498199999 -0.073365237227699998 0
    endloop
  endfacet
  facet normal -0.9924795345972639 -0.12241067521094091 0
    outer loop
      vertex -0.49759236333599999 -0.049008570164800001 -3
      vertex -0.49458825498199999 -0.073365237227699998 0
      vertex -0.49759236333599999 -0.049008570164800001 0
    endloop
  endfacet
  facet normal -0.9852776423942825 -0.17096188872951815 0
    outer loop
      vertex -0.49458825498199999 -0.073365237227699998 -3
      vertex -0.49039264020200002 -0.097545161008099998 -3
      vertex -0.49039264020200002 -0.097545161008099998 0
    endloop
  endfacet
  facet normal -0.9852776423942825 -0.17096188872951815 0
    outer loop
      vertex -0.49458825498199999 -0.073365237227699998 -3
      vertex -0.49039264020200002 -0.097545161008099998 0
      vertex -0.49458825498199999 -0.073365237227699998 0
    endloop
  endfacet
  facet normal -0.97570213003345685 -0.21910124017945473 0
    outer loop
      vertex -0.49039264020200002 -0.097545161008099998 -3
      vertex -0.48501562659699998 -0.121490089952 -3
      vertex -0.48501562659699998 -0.121490089952 0
    endloop
  endfacet
  facet normal -0.97570213003345685 -0.21910124017945473 0
    outer loop
      vertex -0.49039264020200002 -0.097545161008099998 -3
      vertex -0.48501562659699998 -0.121490089952 0
      vertex -0.49039264020200002 -0.097545161008099998 0
    endloop
  endfacet
  facet normal -0.96377606579545816 -0.26671275747483247 0
    outer loop
      vertex -0.48501562659699998 -0.121490089952 -3
      vertex -0.478470167866 -0.14514233862699999 -3
      vertex -0.478470167866 -0.14514233862699999 0
    endloop
  endfacet
  facet normal -0.96377606579545816 -0.26671275747483247 0
    outer loop
      vertex -0.48501562659699998 -0.121490089952 -3
      vertex -0.478470167866 -0.14514233862699999 0
      vertex -0.48501562659699998 -0.121490089952 0
    endloop
  endfacet
  facet normal -0.9495281806007323 -0.3136817403755961 0
    outer loop
      vertex -0.478470167866 -0.14514233862699999 -3
      vertex -0.47077203259200001 -0.168444926696 -3
      vertex -0.47077203259200001 -0.168444926696 0
    endloop
  endfacet
  facet normal -0.9495281806007323 -0.3136817403755961 0
    outer loop
      vertex -0.478470167866 -0.14514233862699999 -3
      vertex -0.47077203259200001 -0.168444926696 0
      vertex -0.478470167866 -0.14514233862699999 0
    endloop
  endfacet
  facet normal -0.93299279883590147 -0.3598950365319743 0
    outer loop
      vertex -0.47077203259200001 -0.168444926696 -3
      vertex -0.46193976625599997 -0.191341716183 -3
      vertex -0.46193976625599997 -0.191341716183 0
    endloop
  endfacet
  facet normal -0.93299279883590147 -0.3598950365319743 0
    outer loop
      vertex -0.47077203259200001 -0.168444926696 -3
      vertex -0.46193976625599997 -0.191341716183 0
      vertex -0.47077203259200001 -0.168444926696 0
    endloop
  endfacet
  facet normal -0.91420975569835994 -0.40524131401665492 0
    outer loop
      vertex -0.46193976625599997 -0.191341716183 -3
      vertex -0.451994646562 -0.21377754671499999 -3
      vertex -0.451994646562 -0.21377754671499999 0
    endloop
  endfacet
  facet normal -0.91420975569835994 -0.40524131401665492 0
    outer loop
      vertex -0.46193976625599997 -0.191341716183 -3
      vertex -0.451994646562 -0.21377754671499999 0
      vertex -0.46193976625599997 -0.191341716183 0
    endloop
  endfacet
  facet normal -0.89322430118922702 -0.44961132966709921 0
    outer loop
      vertex -0.451994646562 -0.21377754671499999 -3
      vertex -0.440960632174 -0.23569836841299999 -3
      vertex -0.440960632174 -0.23569836841299999 0
    endloop
  endfacet
  facet normal -0.89322430118922702 -0.44961132966709921 0
    outer loop
      vertex -0.451994646562 -0.21377754671499999 -3
      vertex -0.440960632174 -0.23569836841299999 0
      vertex -0.451994646562 -0.21377754671499999 0
    endloop
  endfacet
  facet normal -0.87008699111327725 -0.49289819222172415 0
    outer loop
      vertex -0.440960632174 -0.23569836841299999 -3
      vertex -0.428864305 -0.25705137209700002 -3
      vertex -0.428864305 -0.25705137209700002 0
    endloop
  endfacet
  facet normal -0.87008699111327725 -0.49289819222172415 0
    outer loop
      vertex -0.440960632174 -0.23569836841299999 -3
      vertex -0.428864305 -0.25705137209700002 0
      vertex -0.440960632174 -0.23569836841299999 0
    endloop
  endfacet
  facet normal -0.84485356524497235 -0.53499761989457428 0
    outer loop
      vertex -0.428864305 -0.25705137209700002 -3
      vertex -0.415734806151 -0.27778511650999999 -3
      vertex -0.415734806151 -0.27778511650999999 0
    endloop
  endfacet
  facet normal -0.84485356524497235 -0.53499761989457428 0
    outer loop
      vertex -0.428864305 -0.25705137209700002 -3
      vertex -0.415734806151 -0.27778511650999999 0
      vertex -0.428864305 -0.25705137209700002 0
    endloop
  endfacet
  facet normal -0.81758481314501397 -0.57580819142717365 0
    outer loop
      vertex -0.415734806151 -0.27778511650999999 -3
      vertex -0.40160376574000001 -0.29784965224600002 -3
      vertex -0.40160376574000001 -0.29784965224600002 0
    endloop
  endfacet
  facet normal -0.81758481314501397 -0.57580819142717365 0
    outer loop
      vertex -0.415734806151 -0.27778511650999999 -3
      vertex -0.40160376574000001 -0.29784965224600002 0
      vertex -0.415734806151 -0.27778511650999999 0
    endloop
  endfacet
  facet normal -0.78834642763177198 -0.61523159057400756 0
    outer loop
      vertex -0.40160376574000001 -0.29784965224600002 -3
      vertex -0.38650522668100001 -0.31719664208199999 -3
      vertex -0.38650522668100001 -0.31719664208199999 0
    endloop
  endfacet
  facet normal -0.78834642763177198 -0.61523159057400756 0
    outer loop
      vertex -0.40160376574000001 -0.29784965224600002 -3
      vertex -0.38650522668100001 -0.31719664208199999 0
      vertex -0.40160376574000001 -0.29784965224600002 0
    endloop
  endfacet
  facet normal -0.75720884650969666 -0.65317284295005296 0
    outer loop
      vertex -0.38650522668100001 -0.31719664208199999 -3
      vertex -0.37047556267699999 -0.33577947742399999 -3
      vertex -0.37047556267699999 -0.33577947742399999 0
    endloop
  endfacet
  facet normal -0.75720884650969666 -0.65317284295005296 0
    outer loop
      vertex -0.38650522668100001 -0.31719664208199999 -3
      vertex -0.37047556267699999 -0.33577947742399999 0
      vertex -0.38650522668100001 -0.31719664208199999 0
    endloop
  endfacet
  facet normal -0.72424708294084228 -0.68954054474822646 0
    outer loop
      vertex -0.37047556267699999 -0.33577947742399999 -3
      vertex -0.35355339059300001 -0.35355339059300001 -3
      vertex -0.35355339059300001 -0.35355339059300001 0
    endloop
  endfacet
  facet normal -0.72424708294084228 -0.68954054474822646 0
    outer loop
      vertex -0.37047556267699999 -0.33577947742399999 -3
      vertex -0.35355339059300001 -0.35355339059300001 0
      vertex -0.37047556267699999 -0.33577947742399999 0
    endloop
  endfacet
  facet normal -0.68954054474822646 -0.72424708294084228 0
    outer loop
      vertex -0.35355339059300001 -0.35355339059300001 -3
      vertex -0.33577947742399999 -0.37047556267699999 -3
      vertex -0.33577947742399999 -0.37047556267699999 0
    endloop
  endfacet
  facet normal -0.68954054474822646 -0.72424708294084228 0
    outer loop
      vertex -0.35355339059300001 -0.35355339059300001 -3
      vertex -0.33577947742399999 -0.37047556267699999 0
      vertex -0.35355339059300001 -0.35355339059300001 0
    endloop
  endfacet
  facet normal -0.65317284295005307 -0.75720884650969678 0
    outer loop
      vertex -0.33577947742399999 -0.37047556267699999 -3
      vertex -0.31719664208199999 -0.38650522668100001 -3
      vertex -0.31719664208199999 -0.38650522668100001 0
    endloop
  endfacet
  facet normal -0.65317284295005307 -0.75720884650969678 0
    outer loop
      vertex -0.33577947742399999 -0.37047556267699999 -3
      vertex -0.31719664208199999 -0.38650522668100001 0
      vertex -0.33577947742399999 -0.37047556267699999 0
    endloop
  endfacet
  facet normal -0.61523159057400756 -0.78834642763177198 0
    outer loop
      vertex -0.31719664208199999 -0.38650522668100001 -3
      vertex -0.29784965224600002 -0.40160376574000001 -3
      vertex -0.29784965224600002 -0.40160376574000001 0
    endloop
  endfacet
  facet normal -0.61523159057400756 -0.78834642763177198 0
    outer loop
      vertex -0.31719664208199999 -0.38650522668100001 -3
      vertex -0.29784965224600002 -0.40160376574000001 0
      vertex -0.31719664208199999 -0.38650522668100001 0
    endloop
  endfacet
  facet normal -0.57580819142717365 -0.81758481314501397 0
    outer loop
      vertex -0.29784965224600002 -0.40160376574000001 -3
      vertex -0.27778511650999999 -0.415734806151 -3
      vertex -0.27778511650999999 -0.415734806151 0
    endloop
  endfacet
  facet normal -0.57580819142717365 -0.81758481314501397 0
    outer loop
      vertex -0.29784965224600002 -0.40160376574000001 -3
      vertex -0.27778511650999999 -0.415734806151 0
      vertex -0.29784965224600002 -0.40160376574000001 0
    endloop
  endfacet
  facet normal -0.53499761989457428 -0.84485356524497235 0
    outer loop
      vertex -0.27778511650999999 -0.415734806151 -3
      vertex -0.25705137209700002 -0.428864305 -3
      vertex -0.25705137209700002 -0.428864305 0
    endloop
  endfacet
  facet normal -0.53499761989457428 -0.84485356524497235 0
    outer loop
      vertex -0.27778511650999999 -0.415734806151 -3
      vertex -0.25705137209700002 -0.428864305 0
      vertex -0.27778511650999999 -0.415734806151 0
    endloop
  endfacet
  facet normal -0.49289819222172415 -0.87008699111327725 0
    outer loop
      vertex -0.25705137209700002 -0.428864305 -3
      vertex -0.23569836841299999 -0.440960632174 -3
      vertex -0.23569836841299999 -0.440960632174 0
    endloop
  endfacet
  facet normal -0.49289819222172415 -0.87008699111327725 0
    outer loop
      vertex -0.25705137209700002 -0.428864305 -3
      vertex -0.23569836841299999 -0.440960632174 0
      vertex -0.25705137209700002 -0.428864305 0
    endloop
  endfacet
  facet normal -0.44961132966709921 -0.89322430118922702 0
    outer loop
      vertex -0.23569836841299999 -0.440960632174 -3
      vertex -0.21377754671499999 -0.451994646562 -3
      vertex -0.21377754671499999 -0.451994646562 0
    endloop
  endfacet
  facet normal -0.44961132966709921 -0.89322430118922702 0
    outer loop
      vertex -0.23569836841299999 -0.440960632174 -3
      vertex -0.21377754671499999 -0.451994646562 0
      vertex -0.23569836841299999 -0.440960632174 0
    endloop
  endfacet
  facet normal -0.40524131401665492 -0.91420975569835994 0
    outer loop
      vertex -0.21377754671499999 -0.451994646562 -3
      vertex -0.191341716183 -0.46193976625599997 -3
      vertex -0.191341716183 -0.46193976625599997 0
    endloop
  endfacet
  facet normal -0.40524131401665492 -0.91420975569835994 0
    outer loop
      vertex -0.21377754671499999 -0.451994646562 -3
      vertex -0.191341716183 -0.46193976625599997 0
      vertex -0.21377754671499999 -0.451994646562 0
    endloop
  endfacet
  facet normal -0.3598950365319743 -0.93299279883590147 0
    outer loop
      vertex -0.191341716183 -0.46193976625599997 -3
      vertex -0.168444926696 -0.47077203259200001 -3
      vertex -0.168444926696 -0.47077203259200001 0
    endloop
  endfacet
  facet normal -0.3598950365319743 -0.93299279883590147 0
    outer loop
      vertex -0.191341716183 -0.46193976625599997 -3
      vertex -0.168444926696 -0.47077203259200001 0
      vertex -0.191341716183 -0.46193976625599997 0
    endloop
  endfacet
  facet normal -0.31368174037559615 -0.94952818060073252 0
    outer loop
      vertex -0.168444926696 -0.47077203259200001 -3
      vertex -0.14514233862699999 -0.478470167866 -3
      vertex -0.14514233862699999 -0.478470167866 0
    endloop
  endfacet
  facet normal -0.31368174037559615 -0.94952818060073252 0
    outer loop
      vertex -0.168444926696 -0.47077203259200001 -3
      vertex -0.14514233862699999 -0.478470167866 0
      vertex -0.168444926696 -0.47077203259200001 0
    endloop
  endfacet
  facet normal -0.26671275747483247 -0.96377606579545816 0
    outer loop
      vertex -0.14514233862699999 -0.478470167866 -3
      vertex -0.121490089952 -0.48501562659699998 -3
      vertex -0.121490089952 -0.48501562659699998 0
    endloop
  endfacet
  facet normal -0.26671275747483247 -0.96377606579545816 0
    outer loop
      vertex -0.14514233862699999 -0.478470167866 -3
      vertex -0.121490089952 -0.48501562659699998 0
      vertex -0.14514233862699999 -0.478470167866 0
    endloop
  endfacet
  facet normal -0.21910124017945473 -0.97570213003345685 0
    outer loop
      vertex -0.121490089952 -0.48501562659699998 -3
      vertex -0.097545161008099998 -0.49039264020200002 -3
      vertex -0.097545161008099998 -0.49039264020200002 0
    endloop
  endfacet
  facet normal -0.21910124017945473 -0.97570213003345685 0
    outer loop
      vertex -0.121490089952 -0.48501562659699998 -3
      vertex -0.097545161008099998 -0.49039264020200002 0
      vertex -0.121490089952 -0.48501562659699998 0
    endloop
  endfacet
  facet normal -0.17096188872951815 -0.9852776423942825 0
    outer loop
      vertex -0.097545161008099998 -0.49039264020200002 -3
      vertex -0.073365237227699998 -0.49458825498199999 -3
      vertex -0.073365237227699998 -0.49458825498199999 0
    endloop
  endfacet
  facet normal -0.17096188872951815 -0.9852776423942825 0
    outer loop
      vertex -0.097545161008099998 -0.49039264020200002 -3
      vertex -0.073365237227699998 -0.49458825498199999 0
      vertex -0.097545161008099998 -0.49039264020200002 0
    endloop
  endfacet
  facet normal -0.12241067521094091 -0.9924795345972639 0
    outer loop
      vertex -0.073365237227699998 -0.49458825498199999 -3
      vertex -0.049008570164800001 -0.49759236333599999 -3
      vertex -0.049008570164800001 -0.49759236333599999 0
    endloop
  endfacet
  facet normal -0.12241067521094091 -0.9924795345972639 0
    outer loop
      vertex -0.073365237227699998 -0.49458825498199999 -3
      vertex -0.049008570164800001 -0.49759236333599999 0
      vertex -0.073365237227699998 -0.49458825498199999 0
    endloop
  endfacet
  facet normal -0.073564563620341361 -0.9972904566771652 0
    outer loop
      vertex -0.049008570164800001 -0.49759236333599999 -3
      vertex -0.024533837163700001 -0.49939772810299998 -3
      vertex -0.024533837163700001 -0.49939772810299998 0
    endloop
  endfacet
  facet normal -0.073564563620341361 -0.9972904566771652 0
    outer loop
      vertex -0.049008570164800001 -0.49759236333599999 -3
      vertex -0.024533837163700001 -0.49939772810299998 0
      vertex -0.049008570164800001 -0.49759236333599999 0
    endloop
  endfacet
  facet normal -0.024541228506070677 -0.9996988186966177 0
    outer loop
      vertex -0.024533837163700001 -0.49939772810299998 -3
      vertex -9.1848509936099999e-17 -0.5 -3
      vertex -9.1848509936099999e-17 -0.5 0
    endloop
  endfacet
  facet normal -0.024541228506070677 -0.9996988186966177 0
    outer loop
      vertex -0.024533837163700001 -0.49939772810299998 -3
      vertex -9.1848509936099999e-17 -0.5 0
      vertex -0.024533837163700001 -0.49939772810299998 0
    endloop
  endfacet
  facet normal 0.024541228506070493 -0.9996988186966177 0
    outer loop
      vertex -9.1848509936099999e-17 -0.5 -3
      vertex 0.024533837163700001 -0.49939772810299998 -3
      vertex 0.024533837163700001 -0.49939772810299998 0
    endloop
  endfacet
  facet normal 0.024541228506070493 -0.9996988186966177 0
    outer loop
      vertex -9.1848509936099999e-17 -0.5 -3
      vertex 0.024533837163700001 -0.49939772810299998 0
      vertex -9.1848509936099999e-17 -0.5 0
    endloop
  endfacet
  facet normal 0.073564563620341361 -0.9972904566771652 0
    outer loop
      vertex 0.024533837163700001 -0.49939772810299998 -3
      vertex 0.049008570164800001 -0.49759236333599999 -3
      vertex 0.049008570164800001 -0.49759236333599999 0
    endloop
  endfacet
  facet normal 0.073564563620341361 -0.9972904566771652 0
    outer loop
      vertex 0.024533837163700001 -0.49939772810299998 -3
      vertex 0.049008570164800001 -0.49759236333599999 0
      vertex 0.024533837163700001 -0.49939772810299998 0
    endloop
  endfacet
  facet normal 0.12241067521094091 -0.9924795345972639 0
    outer loop
      vertex 0.049008570164800001 -0.49759236333599999 -3
      vertex 0.073365237227699998 -0.49458825498199999 -3
      vertex 0.073365237227699998 -0.49458825498199999 0
    endloop
  endfacet
  facet normal 0.12241067521094091 -0.9924795345972639 0
    outer loop
      vertex 0.049008570164800001 -0.49759236333599999 -3
      vertex 0.073365237227699998 -0.49458825498199999 0
      vertex 0.049008570164800001 -0.49759236333599999 0
    endloop
  endfacet
  facet normal 0.17096188872951815 -0.9852776423942825 0
    outer loop
      vertex 0.073365237227699998 -0.49458825498199999 -3
      vertex 0.097545161008099998 -0.49039264020200002 -3
      vertex 0.097545161008099998 -0.49039264020200002 0
    endloop
  endfacet
  facet normal 0.17096188872951815 -0.9852776423942825 0
    outer loop
      vertex 0.073365237227699998 -0.49458825498199999 -3
      vertex 0.097545161008099998 -0.49039264020200002 0
      vertex 0.073365237227699998 -0.49458825498199999 0
    endloop
  endfacet
  facet normal 0.21910124017945473 -0.97570213003345685 0
    outer loop
      vertex 0.097545161008099998 -0.49039264020200002 -3
      vertex 0.121490089952 -0.48501562659699998 -3
      vertex 0.121490089952 -0.48501562659699998 0
    endloop
  endfacet
  facet normal 0.21910124017945473 -0.97570213003345685 0
    outer loop
      vertex 0.097545161008099998 -0.49039264020200002 -3
      vertex 0.121490089952 -0.48501562659699998 0
      vertex 0.097545161008099998 -0.49039264020200002 0
    endloop
  endfacet
  facet normal 0.26671275747483247 -0.96377606579545816 0
    outer loop
      vertex 0.121490089952 -0.48501562659699998 -3
      vertex 0.14514233862699999 -0.478470167866 -3
      vertex 0.14514233862699999 -0.478470167866 0
    endloop
  endfacet
  facet normal 0.26671275747483247 -0.96377606579545816 0
    outer loop
      vertex 0.121490089952 -0.48501562659699998 -3
      vertex 0.14514233862699999 -0.478470167866 0
      vertex 0.121490089952 -0.48501562659699998 0
    endloop
  endfacet
  facet normal 0.31368174037559615 -0.94952818060073252 0
    outer loop
      vertex 0.14514233862699999 -0.478470167866 -3
      vertex 0.168444926696 -0.47077203259200001 -3
      vertex 0.168444926696 -0.47077203259200001 0
    endloop
  endfacet
  facet normal 0.31368174037559615 -0.94952818060073252 0
    outer loop
      vertex 0.14514233862699999 -0.478470167866 -3
      vertex 0.168444926696 -0.47077203259200001 0
      vertex 0.14514233862699999 -0.478470167866 0
    endloop
  endfacet
  facet normal 0.3598950365319743 -0.93299279883590147 0
    outer loop
      vertex 0.168444926696 -0.47077203259200001 -3
      vertex 0.191341716183 -0.46193976625599997 -3
      vertex 0.191341716183 -0.46193976625599997 0
    endloop
  endfacet
  facet normal 0.3598950365319743 -0.93299279883590147 0
    outer loop
      vertex 0.168444926696 -0.47077203259200001 -3
      vertex 0.191341716183 -0.46193976625599997 0
      vertex 0.168444926696 -0.47077203259200001 0
    endloop
  endfacet
  facet normal 0.40524131401665492 -0.91420975569835994 0
    outer loop
      vertex 0.191341716183 -0.46193976625599997 -3
      vertex 0.21377754671499999 -0.451994646562 -3
      vertex 0.21377754671499999 -0.451994646562 0
    endloop
  endfacet
  facet normal 0.40524131401665492 -0.91420975569835994 0
    outer loop
      vertex 0.191341716183 -0.46193976625599997 -3
      vertex 0.21377754671499999 -0.451994646562 0
      vertex 0.191341716183 -0.46193976625599997 0
    endloop
  endfacet
  facet normal 0.44961132966709921 -0.89322430118922702 0
    outer loop
      vertex 0.21377754671499999 -0.451994646562 -3
      vertex 0.23569836841299999 -0.440960632174 -3
      vertex 0.23569836841299999 -0.440960632174 0
    endloop
  endfacet
  facet normal 0.44961132966709921 -0.89322430118922702 0
    outer loop
      vertex 0.21377754671499999 -0.451994646562 -3
      vertex 0.23569836841299999 -0.440960632174 0
      vertex 0.21377754671499999 -0.451994646562 0
    endloop
  endfacet
  facet normal 0.49289819222172415 -0.87008699111327725 0
    outer loop
      vertex 0.23569836841299999 -0.440960632174 -3
      vertex 0.25705137209700002 -0.428864305 -3
      vertex 0.25705137209700002 -0.428864305 0
    endloop
  endfacet
  facet normal 0.49289819222172415 -0.87008699111327725 0
    outer loop
      vertex 0.23569836841299999 -0.440960632174 -3
      vertex 0.25705137209700002 -0.428864305 0
      vertex 0.23569836841299999 -0.440960632174 0
    endloop
  endfacet
  facet normal 0.53499761989457428 -0.84485356524497235 0
    outer loop
      vertex 0.25705137209700002 -0.428864305 -3
      vertex 0.27778511650999999 -0.415734806151 -3
      vertex 0.27778511650999999 -0.415734806151 0
    endloop
  endfacet
  facet normal 0.53499761989457428 -0.84485356524497235 0
    outer loop
      vertex 0.25705137209700002 -0.428864305 -3
      vertex 0.27778511650999999 -0.415734806151 0
      vertex 0.25705137209700002 -0.428864305 0
    endloop
  endfacet
  facet normal 0.57580819142717365 -0.81758481314501397 0
    outer loop
      vertex 0.27778511650999999 -0.415734806151 -3
      vertex 0.29784965224600002 -0.40160376574000001 -3
      vertex 0.29784965224600002 -0.40160376574000001 0
    endloop
  endfacet
  facet normal 0.57580819142717365 -0.81758481314501397 0
    outer loop
      vertex 0.27778511650999999 -0.415734806151 -3
      vertex 0.29784965224600002 -0.40160376574000001 0
      vertex 0.27778511650999999 -0.415734806151 0
    endloop
  endfacet
  facet normal 0.61523159057400756 -0.78834642763177198 0
    outer loop
      vertex 0.29784965224600002 -0.40160376574000001 -3
      vertex 0.31719664208199999 -0.38650522668100001 -3
      vertex 0.31719664208199999 -0.38650522668100001 0
    endloop
  endfacet
  facet normal 0.61523159057400756 -0.78834642763177198 0
    outer loop
      vertex 0.29784965224600002 -0.40160376574000001 -3
      vertex 0.31719664208199999 -0.38650522668100001 0
      vertex 0.29784965224600002 -0.40160376574000001 0
    endloop
  endfacet
  facet normal 0.65317284295005307 -0.75720884650969678 0
    outer loop
      vertex 0.31719664208199999 -0.38650522668100001 -3
      vertex 0.33577947742399999 -0.37047556267699999 -3
      vertex 0.33577947742399999 -0.37047556267699999 0
    endloop
  endfacet
  facet normal 0.65317284295005307 -0.75720884650969678 0
    outer loop
      vertex 0.31719664208199999 -0.38650522668100001 -3
      vertex 0.33577947742399999 -0.37047556267699999 0
      vertex 0.31719664208199999 -0.38650522668100001 0
    endloop
  endfacet
  facet normal 0.68954054474822646 -0.72424708294084228 0
    outer loop
      vertex 0.33577947742399999 -0.37047556267699999 -3
      vertex 0.35355339059300001 -0.35355339059300001 -3
      vertex 0.35355339059300001 -0.35355339059300001 0
    endloop
  endfacet
  facet normal 0.68954054474822646 -0.72424708294084228 0
    outer loop
      vertex 0.33577947742399999 -0.37047556267699999 -3
      vertex 0.35355339059300001 -0.35355339059300001 0
      vertex 0.33577947742399999 -0.37047556267699999 0
    endloop
  endfacet
  facet normal 0.72424708294084228 -0.68954054474822646 0
    outer loop
      vertex 0.35355339059300001 -0.35355339059300001 -3
      vertex 0.37047556267699999 -0.33577947742399999 -3
      vertex 0.37047556267699999 -0.33577947742399999 0
    endloop
  endfacet
  facet normal 0.72424708294084228 -0.68954054474822646 0
    outer loop
      vertex 0.35355339059300001 -0.35355339059300001 -3
      vertex 0.37047556267699999 -0.33577947742399999 0
      vertex 0.35355339059300001 -0.35355339059300001 0
    endloop
  endfacet
  facet normal 0.75720884650969666 -0.65317284295005296 0
    outer loop
      vertex 0.37047556267699999 -0.33577947742399999 -3
      vertex 0.38650522668100001 -0.31719664208199999 -3
      vertex 0.38650522668100001 -0.31719664208199999 0
    endloop
  endfacet
  facet normal 0.75720884650969666 -0.65317284295005296 0
    outer loop
      vertex 0.37047556267699999 -0.33577947742399999 -3
      vertex 0.38650522668100001 -0.31719664208199999 0
      vertex 0.37047556267699999 -0.33577947742399999 0
    endloop
  endfacet
  facet normal 0.78834642763177198 -0.61523159057400756 0
    outer loop
      vertex 0.38650522668100001 -0.31719664208199999 -3
      vertex 0.40160376574000001 -0.29784965224600002 -3
      vertex 0.40160376574000001 -0.29784965224600002 0
    endloop
  endfacet
  facet normal 0.78834642763177198 -0.61523159057400756 0
    outer loop
      vertex 0.38650522668100001 -0.31719664208199999 -3
      vertex 0.40160376574000001 -0.29784965224600002 0
      vertex 0.38650522668100001 -0.31719664208199999 0
    endloop
  endfacet
  facet normal 0.81758481314501397 -0.57580819142717365 0
    outer loop
      vertex 0.40160376574000001 -0.29784965224600002 -3
      vertex 0.415734806151 -0.27778511650999999 -3
      vertex 0.415734806151 -0.27778511650999999 0
    endloop
  endfacet
  facet normal 0.81758481314501397 -0.57580819142717365 0
    outer loop
      vertex 0.40160376574000001 -0.29784965224600002 -3
      vertex 0.415734806151 -0.27778511650999999 0
      vertex 0.40160376574000001 -0.29784965224600002 0
    endloop
  endfacet
  facet normal 0.84485356524497235 -0.53499761989457428 0
    outer loop
      vertex 0.415734806151 -0.27778511650999999 -3
      vertex 0.428864305 -0.25705137209700002 -3
      vertex 0.428864305 -0.25705137209700002 0
    endloop
  endfacet
  facet normal 0.84485356524497235 -0.53499761989457428 0
    outer loop
      vertex 0.415734806151 -0.27778511650999999 -3
      vertex 0.428864305 -0.25705137209700002 0
      vertex 0.415734806151 -0.27778511650999999 0
    endloop
  endfacet
  facet normal 0.87008699111327725 -0.49289819222172415 0
    outer loop
      vertex 0.428864305 -0.25705137209700002 -3
      vertex 0.440960632174 -0.23569836841299999 -3
      vertex 0.440960632174 -0.23569836841299999 0
    endloop
  endfacet
  facet normal 0.87008699111327725 -0.49289819222172415 0
    outer loop
      vertex 0.428864305 -0.25705137209700002 -3
      vertex 0.440960632174 -0.23569836841299999 0
      vertex 0.428864305 -0.25705137209700002 0
    endloop
  endfacet
  facet normal 0.89322430118922702 -0.44961132966709921 0
    outer loop
      vertex 0.440960632174 -0.23569836841299999 -3
      vertex 0.451994646562 -0.21377754671499999 -3
      vertex 0.451994646562 -0.21377754671499999 0
    endloop
  endfacet
  facet normal 0.89322430118922702 -0.44961132966709921 0
    outer loop
      vertex 0.440960632174 -0.23569836841299999 -3
      vertex 0.451994646562 -0.21377754671499999 0
      vertex 0.440960632174 -0.23569836841299999 0
    endloop
  endfacet
  facet normal 0.91420975569835994 -0.40524131401665492 0
    outer loop
      vertex 0.451994646562 -0.21377754671499999 -3
      vertex 0.46193976625599997 -0.191341716183 -3
      vertex 0.46193976625599997 -0.191341716183 0
    endloop
  endfacet
  facet normal 0.91420975569835994 -0.40524131401665492 0
    outer loop
      vertex 0.451994646562 -0.21377754671499999 -3
      vertex 0.46193976625599997 -0.191341716183 0
      vertex 0.451994646562 -0.21377754671499999 0
    endloop
  endfacet
  facet normal 0.93299279883590147 -0.3598950365319743 0
    outer loop
      vertex 0.46193976625599997 -0.191341716183 -3
      vertex 0.47077203259200001 -0.168444926696 -3
      vertex 0.47077203259200001 -0.168444926696 0
    endloop
  endfacet
  facet normal 0.93299279883590147 -0.3598950365319743 0
    outer loop
      vertex 0.46193976625599997 -0.191341716183 -3
      vertex 0.47077203259200001 -0.168444926696 0
      vertex 0.46193976625599997 -0.191341716183 0
    endloop
  endfacet
  facet normal 0.9495281806007323 -0.3136817403755961 0
    outer loop
      vertex 0.47077203259200001 -0.168444926696 -3
      vertex 0.478470167866 -0.14514233862699999 -3
      vertex 0.478470167866 -0.14514233862699999 0
    endloop
  endfacet
  facet normal 0.9495281806007323 -0.3136817403755961 0
    outer loop
      vertex 0.47077203259200001 -0.168444926696 -3
      vertex 0.478470167866 -0.14514233862699999 0
      vertex 0.47077203259200001 -0.168444926696 0
    endloop
  endfacet
  facet normal 0.96377606579545816 -0.26671275747483247 0
    outer loop
      vertex 0.478470167866 -0.14514233862699999 -3
      vertex 0.48501562659699998 -0.121490089952 -3
      vertex 0.48501562659699998 -0.121490089952 0
    endloop
  endfacet
  facet normal 0.96377606579545816 -0.26671275747483247 0
    outer loop
      vertex 0.478470167866 -0.14514233862699999 -3
      vertex 0.48501562659699998 -0.121490089952 0
      vertex 0.478470167866 -0.14514233862699999 0
    endloop
  endfacet
  facet normal 0.97570213003345685 -0.21910124017945473 0
    outer loop
      vertex 0.48501562659699998 -0.121490089952 -3
      vertex 0.49039264020200002 -0.097545161008099998 -3
      vertex 0.49039264020200002 -0.097545161008099998 0
    endloop
  endfacet
  facet normal 0.97570213003345685 -0.21910124017945473 0
    outer loop
      vertex 0.48501562659699998 -0.121490089952 -3
      vertex 0.49039264020200002 -0.097545161008099998 0
      vertex 0.48501562659699998 -0.121490089952 0
    endloop
  endfacet
  facet normal 0.9852776423942825 -0.17096188872951815 0
    outer loop
      vertex 0.49039264020200002 -0.097545161008099998 -3
      vertex 0.49458825498199999 -0.073365237227699998 -3
      vertex 0.49458825498199999 -0.073365237227699998 0
    endloop
  endfacet
  facet normal 0.9852776423942825 -0.17096188872951815 0
    outer loop
      vertex 0.49039264020200002 -0.097545161008099998 -3
      vertex 0.49458825498199999 -0.073365237227699998 0
      vertex 0.49039264020200002 -0.097545161008099998 0
    endloop
  endfacet
  facet normal 0.9924795345972639 -0.12241067521094091 0
    outer loop
      vertex 0.49458825498199999 -0.073365237227699998 -3
      vertex 0.49759236333599999 -0.049008570164800001 -3
      vertex 0.49759236333599999 -0.049008570164800001 0
    endloop
  endfacet
  facet normal 0.9924795345972639 -0.12241067521094091 0
    outer loop
      vertex 0.49458825498199999 -0.073365237227699998 -3
      vertex 0.49759236333599999 -0.049008570164800001 0
      vertex 0.49458825498199999 -0.073365237227699998 0
    endloop
  endfacet
  facet normal 0.9972904566771652 -0.073564563620341361 0
    outer loop
      vertex 0.49759236333599999 -0.049008570164800001 -3
      vertex 0.49939772810299998 -0.024533837163700001 -3
      vertex 0.49939772810299998 -0.024533837163700001 0
    endloop
  endfacet
  facet normal 0.9972904566771652 -0.073564563620341361 0
    outer loop
      vertex 0.49759236333599999 -0.049008570164800001 -3
      vertex 0.49939772810299998 -0.024533837163700001 0
      vertex 0.49759236333599999 -0.049008570164800001 0
    endloop
  endfacet
  facet normal 0.9996988186966177 -0.024541228506070704 0
    outer loop
      vertex 0.49939772810299998 -0.024533837163700001 -3
      vertex 0.5 -1.2246467991500001e-16 -3
      vertex 0.5 -1.2246467991500001e-16 0
    endloop
  endfacet
  facet normal 0.9996988186966177 -0.024541228506070704 0
    outer loop
      vertex 0.49939772810299998 -0.024533837163700001 -3
      vertex 0.5 -1.2246467991500001e-16 0
      vertex 0.49939772810299998 -0.024533837163700001 0
    endloop
  endfacet
  facet normal 0.9996988186966177 0.024541228506070583 0
    outer loop
      vertex 0.5 0 0
      vertex 0.49939772810299998 0.024533837163700001 0
      vertex 0.49939772810299998 0.024533837163700001 3
    endloop
  endfacet
  facet normal 0.9996988186966177 0.024541228506070583 -0
    outer loop
      vertex 0.5 0 0
      vertex 0.49939772810299998 0.024533837163700001 3
      vertex 0.5 0 3
    endloop
  endfacet
  facet normal 0.9972904566771652 0.073564563620341361 0
    outer loop
      vertex 0.49939772810299998 0.024533837163700001 0
      vertex 0.49759236333599999 0.049008570164800001 0
      vertex 0.49759236333599999 0.049008570164800001 3
    endloop
  endfacet
  facet normal 0.9972904566771652 0.073564563620341361 -0
    outer loop
      vertex 0.49939772810299998 0.024533837163700001 0
      vertex 0.49759236333599999 0.049008570164800001 3
      vertex 0.49939772810299998 0.024533837163700001 3
    endloop
  endfacet
  facet normal 0.9924795345972639 0.12241067521094091 0
    outer loop
      vertex 0.49759236333599999 0.049008570164800001 0
      vertex 0.49458825498199999 0.073365237227699998 0
      vertex 0.49458825498199999 0.073365237227699998 3
    endloop
  endfacet
  facet normal 0.9924795345972639 0.12241067521094091 -0
    outer loop
      vertex 0.49759236333599999 0.049008570164800001 0
      vertex 0.49458825498199999 0.073365237227699998 3
      vertex 0.49759236333599999 0.049008570164800001 3
    endloop
  endfacet
  facet normal 0.9852776423942825 0.17096188872951815 0
    outer loop
      vertex 0.49458825498199999 0.073365237227699998 0
      vertex 0.49039264020200002 0.097545161008099998 0
      vertex 0.49039264020200002 0.097545161008099998 3
    endloop
  endfacet
  facet normal 0.9852776423942825 0.17096188872951815 -0
    outer loop
      vertex 0.49458825498199999 0.073365237227699998 0
      vertex 0.49039264020200002 0.097545161008099998 3
      vertex 0.49458825498199999 0.073365237227699998 3
    endloop
  endfacet
  facet normal 0.97570213003345685 0.21910124017945473 0
    outer loop
      vertex 0.49039264020200002 0.097545161008099998 0
      vertex 0.48501562659699998 0.121490089952 0
      vertex 0.48501562659699998 0.121490089952 3
    endloop
  endfacet
  facet normal 0.97570213003345685 0.21910124017945473 -0
    outer loop
      vertex 0.49039264020200002 0.097545161008099998 0
      vertex 0.48501562659699998 0.121490089952 3
      vertex 0.49039264020200002 0.097545161008099998 3
    endloop
  endfacet
  facet normal 0.96377606579545816 0.26671275747483247 0
    outer loop
      vertex 0.48501562659699998 0.121490089952 0
      vertex 0.478470167866 0.14514233862699999 0
      vertex 0.478470167866 0.14514233862699999 3
    endloop
  endfacet
  facet normal 0.96377606579545816 0.26671275747483247 -0
    outer loop
      vertex 0.48501562659699998 0.121490089952 0
      vertex 0.478470167866 0.14514233862699999 3
      vertex 0.48501562659699998 0.121490089952 3
    endloop
  endfacet
  facet normal 0.9495281806007323 0.3136817403755961 0
    outer loop
      vertex 0.478470167866 0.14514233862699999 0
      vertex 0.47077203259200001 0.168444926696 0
      vertex 0.47077203259200001 0.168444926696 3
    endloop
  endfacet
  facet normal 0.9495281806007323 0.3136817403755961 -0
    outer loop
      vertex 0.478470167866 0.14514233862699999 0
      vertex 0.47077203259200001 0.168444926696 3
      vertex 0.478470167866 0.14514233862699999 3
    endloop
  endfacet
  facet normal 0.93299279883590147 0.3598950365319743 0
    outer loop
      vertex 0.47077203259200001 0.168444926696 0
      vertex 0.46193976625599997 0.191341716183 0
      vertex 0.46193976625599997 0.191341716183 3
    endloop
  endfacet
  facet normal 0.93299279883590147 0.3598950365319743 -0
    outer loop
      vertex 0.47077203259200001 0.168444926696 0
      vertex 0.46193976625599997 0.191341716183 3
      vertex 0.47077203259200001 0.168444926696 3
    endloop
  endfacet
  facet normal 0.91420975569835994 0.40524131401665492 0
    outer loop
      vertex 0.46193976625599997 0.191341716183 0
      vertex 0.451994646562 0.21377754671499999 0
      vertex 0.451994646562 0.21377754671499999 3
    endloop
  endfacet
  facet normal 0.91420975569835994 0.40524131401665492 -0
    outer loop
      vertex 0.46193976625599997 0.191341716183 0
      vertex 0.451994646562 0.21377754671499999 3
      vertex 0.46193976625599997 0.191341716183 3
    endloop
  endfacet
  facet normal 0.89322430118922702 0.44961132966709921 0
    outer loop
      vertex 0.451994646562 0.21377754671499999 0
      vertex 0.440960632174 0.23569836841299999 0
      vertex 0.440960632174 0.23569836841299999 3
    endloop
  endfacet
  facet normal 0.89322430118922702 0.44961132966709921 -0
    outer loop
      vertex 0.451994646562 0.21377754671499999 0
      vertex 0.440960632174 0.23569836841299999 3
      vertex 0.451994646562 0.21377754671499999 3
    endloop
  endfacet
  facet normal 0.87008699111327725 0.49289819222172415 0
    outer loop
      vertex 0.440960632174 0.23569836841299999 0
      vertex 0.428864305 0.25705137209700002 0
      vertex 0.428864305 0.25705137209700002 3
    endloop
  endfacet
  facet normal 0.87008699111327725 0.49289819222172415 -0
    outer loop
      vertex 0.440960632174 0.23569836841299999 0
      vertex 0.428864305 0.25705137209700002 3
      vertex 0.440960632174 0.23569836841299999 3
    endloop
  endfacet
  facet normal 0.84485356524497235 0.53499761989457428 0
    outer loop
      vertex 0.428864305 0.25705137209700002 0
      vertex 0.415734806151 0.27778511650999999 0
      vertex 0.415734806151 0.27778511650999999 3
    endloop
  endfacet
  facet normal 0.84485356524497235 0.53499761989457428 -0
    outer loop
      vertex 0.428864305 0.25705137209700002 0
      vertex 0.415734806151 0.27778511650999999 3
      vertex 0.428864305 0.25705137209700002 3
    endloop
  endfacet
  facet normal 0.81758481314501397 0.57580819142717365 0
    outer loop
      vertex 0.415734806151 0.27778511650999999 0
      vertex 0.40160376574000001 0.29784965224600002 0
      vertex 0.40160376574000001 0.29784965224600002 3
    endloop
  endfacet
  facet normal 0.81758481314501397 0.57580819142717365 -0
    outer loop
      vertex 0.415734806151 0.27778511650999999 0
      vertex 0.40160376574000001 0.29784965224600002 3
      vertex 0.415734806151 0.27778511650999999 3
    endloop
  endfacet
  facet normal 0.78834642763177198 0.61523159057400756 0
    outer loop
      vertex 0.40160376574000001 0.29784965224600002 0
      vertex 0.38650522668100001 0.31719664208199999 0
      vertex 0.38650522668100001 0.31719664208199999 3
    endloop
  endfacet
  facet normal 0.78834642763177198 0.61523159057400756 -0
    outer loop
      vertex 0.40160376574000001 0.29784965224600002 0
      vertex 0.38650522668100001 0.31719664208199999 3
      vertex 0.40160376574000001 0.29784965224600002 3
    endloop
  endfacet
  facet normal 0.75720884650969666 0.65317284295005296 0
    outer loop
      vertex 0.38650522668100001 0.31719664208199999 0
      vertex 0.37047556267699999 0.33577947742399999 0
      vertex 0.37047556267699999 0.33577947742399999 3
    endloop
  endfacet
  facet normal 0.75720884650969666 0.65317284295005296 -0
    outer loop
      vertex 0.38650522668100001 0.31719664208199999 0
      vertex 0.37047556267699999 0.33577947742399999 3
      vertex 0.38650522668100001 0.31719664208199999 3
    endloop
  endfacet
  facet normal 0.72424708294084228 0.68954054474822646 0
    outer loop
      vertex 0.37047556267699999 0.33577947742399999 0
      vertex 0.35355339059300001 0.35355339059300001 0
      vertex 0.35355339059300001 0.35355339059300001 3
    endloop
  endfacet
  facet normal 0.72424708294084228 0.68954054474822646 -0
    outer loop
      vertex 0.37047556267699999 0.33577947742399999 0
      vertex 0.35355339059300001 0.35355339059300001 3
      vertex 0.37047556267699999 0.33577947742399999 3
    endloop
  endfacet
  facet normal 0.68954054474822646 0.72424708294084228 0
    outer loop
      vertex 0.35355339059300001 0.35355339059300001 0
      vertex 0.33577947742399999 0.37047556267699999 0
      vertex 0.33577947742399999 0.37047556267699999 3
    endloop
  endfacet
  facet normal 0.68954054474822646 0.72424708294084228 -0
    outer loop
      vertex 0.35355339059300001 0.35355339059300001 0
      vertex 0.33577947742399999 0.37047556267699999 3
      vertex 0.35355339059300001 0.35355339059300001 3
    endloop
  endfacet
  facet normal 0.65317284295005307 0.75720884650969678 0
    outer loop
      vertex 0.33577947742399999 0.37047556267699999 0
      vertex 0.31719664208199999 0.38650522668100001 0
      vertex 0.31719664208199999 0.38650522668100001 3
    endloop
  endfacet
  facet normal 0.65317284295005307 0.75720884650969678 -0
    outer loop
      vertex 0.33577947742399999 0.37047556267699999 0
      vertex 0.31719664208199999 0.38650522668100001 3
      vertex 0.33577947742399999 0.37047556267699999 3
    endloop
  endfacet
  facet normal 0.61523159057400756 0.78834642763177198 0
    outer loop
      vertex 0.31719664208199999 0.38650522668100001 0
      vertex 0.29784965224600002 0.40160376574000001 0
      vertex 0.29784965224600002 0.40160376574000001 3
    endloop
  endfacet
  facet normal 0.61523159057400756 0.78834642763177198 -0
    outer loop
      vertex 0.31719664208199999 0.38650522668100001 0
      vertex 0.29784965224600002 0.40160376574000001 3
      vertex 0.31719664208199999 0.38650522668100001 3
    endloop
  endfacet
  facet normal 0.57580819142717365 0.81758481314501397 0
    outer loop
      vertex 0.29784965224600002 0.40160376574000001 0
      vertex 0.27778511650999999 0.415734806151 0
      vertex 0.27778511650999999 0.415734806151 3
    endloop
  endfacet
  facet normal 0.57580819142717365 0.81758481314501397 -0
    outer loop
      vertex 0.29784965224600002 0.40160376574000001 0
      vertex 0.27778511650999999 0.415734806151 3
      vertex 0.29784965224600002 0.40160376574000001 3
    endloop
  endfacet
  facet normal 0.53499761989457428 0.84485356524497235 0
    outer loop
      vertex 0.27778511650999999 0.415734806151 0
      vertex 0.25705137209700002 0.428864305 0
      vertex 0.25705137209700002 0.428864305 3
    endloop
  endfacet
  facet normal 0.53499761989457428 0.84485356524497235 -0
    outer loop
      vertex 0.27778511650999999 0.415734806151 0
      vertex 0.25705137209700002 0.428864305 3
      vertex 0.27778511650999999 0.415734806151 3
    endloop
  endfacet
  facet normal 0.49289819222172415 0.87008699111327725 0
    outer loop
      vertex 0.25705137209700002 0.428864305 0
      vertex 0.23569836841299999 0.440960632174 0
      vertex 0.23569836841299999 0.440960632174 3
    endloop
  endfacet
  facet normal 0.49289819222172415 0.87008699111327725 -0
    outer loop
      vertex 0.25705137209700002 0.428864305 0
      vertex 0.23569836841299999 0.440960632174 3
      vertex 0.25705137209700002 0.428864305 3
    endloop
  endfacet
  facet normal 0.44961132966709921 0.89322430118922702 0
    outer loop
      vertex 0.23569836841299999 0.440960632174 0
      vertex 0.21377754671499999 0.451994646562 0
      vertex 0.21377754671499999 0.451994646562 3
    endloop
  endfacet
  facet normal 0.44961132966709921 0.89322430118922702 -0
    outer loop
      vertex 0.23569836841299999 0.440960632174 0
      vertex 0.21377754671499999 0.451994646562 3
      vertex 0.23569836841299999 0.440960632174 3
    endloop
  endfacet
  facet normal 0.40524131401665492 0.91420975569835994 0
    outer loop
      vertex 0.21377754671499999 0.451994646562 0
      vertex 0.191341716183 0.46193976625599997 0
      vertex 0.191341716183 0.46193976625599997 3
    endloop
  endfacet
  facet normal 0.40524131401665492 0.91420975569835994 -0
    outer loop
      vertex 0.21377754671499999 0.451994646562 0
      vertex 0.191341716183 0.46193976625599997 3
      vertex 0.21377754671499999 0.451994646562 3
    endloop
  endfacet
  facet normal 0.3598950365319743 0.93299279883590147 0
    outer loop
      vertex 0.191341716183 0.46193976625599997 0
      vertex 0.168444926696 0.47077203259200001 0
      vertex 0.168444926696 0.47077203259200001 3
    endloop
  endfacet
  facet normal 0.3598950365319743 0.93299279883590147 -0
    outer loop
      vertex 0.191341716183 0.46193976625599997 0
      vertex 0.168444926696 0.47077203259200001 3
      vertex 0.191341716183 0.46193976625599997 3
    endloop
  endfacet
  facet normal 0.31368174037559615 0.94952818060073252 0
    outer loop
      vertex 0.168444926696 0.47077203259200001 0
      vertex 0.14514233862699999 0.478470167866 0
      vertex 0.14514233862699999 0.478470167866 3
    endloop
  endfacet
  facet normal 0.31368174037559615 0.94952818060073252 -0
    outer loop
      vertex 0.168444926696 0.47077203259200001 0
      vertex 0.14514233862699999 0.478470167866 3
      vertex 0.168444926696 0.47077203259200001 3
    endloop
  endfacet
  facet normal 0.26671275747483247 0.96377606579545816 0
    outer loop
      vertex 0.14514233862699999 0.478470167866 0
      vertex 0.121490089952 0.48501562659699998 0
      vertex 0.121490089952 0.48501562659699998 3
    endloop
  endfacet
  facet normal 0.26671275747483247 0.96377606579545816 -0
    outer loop
      vertex 0.14514233862699999 0.478470167866 0
      vertex 0.121490089952 0.48501562659699998 3
      vertex 0.14514233862699999 0.478470167866 3
    endloop
  endfacet
  facet normal 0.21910124017945473 0.97570213003345685 0
    outer loop
      vertex 0.121490089952 0.48501562659699998 0
      vertex 0.097545161008099998 0.49039264020200002 0
      vertex 0.097545161008099998 0.49039264020200002 3
    endloop
  endfacet
  facet normal 0.21910124017945473 0.97570213003345685 -0
    outer loop
      vertex 0.121490089952 0.48501562659699998 0
      vertex 0.097545161008099998 0.49039264020200002 3
      vertex 0.121490089952 0.48501562659699998 3
    endloop
  endfacet
  facet normal 0.17096188872951815 0.9852776423942825 0
    outer loop
      vertex 0.097545161008099998 0.49039264020200002 0
      vertex 0.073365237227699998 0.49458825498199999 0
      vertex 0.073365237227699998 0.49458825498199999 3
    endloop
  endfacet
  facet normal 0.17096188872951815 0.9852776423942825 -0
    outer loop
      vertex 0.097545161008099998 0.49039264020200002 0
      vertex 0.073365237227699998 0.49458825498199999 3
      vertex 0.097545161008099998 0.49039264020200002 3
    endloop
  endfacet
  facet normal 0.12241067521094091 0.9924795345972639 0
    outer loop
      vertex 0.073365237227699998 0.49458825498199999 0
      vertex 0.049008570164800001 0.49759236333599999 0
      vertex 0.049008570164800001 0.49759236333599999 3
    endloop
  endfacet
  facet normal 0.12241067521094091 0.9924795345972639 -0
    outer loop
      vertex 0.073365237227699998 0.49458825498199999 0
      vertex 0.049008570164800001 0.49759236333599999 3
      vertex 0.073365237227699998 0.49458825498199999 3
    endloop
  endfacet
  facet normal 0.073564563620341361 0.9972904566771652 0
    outer loop
      vertex 0.049008570164800001 0.49759236333599999 0
      vertex 0.024533837163700001 0.49939772810299998 0
      vertex 0.024533837163700001 0.49939772810299998 3
    endloop
  endfacet
  facet normal 0.073564563620341361 0.9972904566771652 -0
    outer loop
      vertex 0.049008570164800001 0.49759236333599999 0
      vertex 0.024533837163700001 0.49939772810299998 3
      vertex 0.049008570164800001 0.49759236333599999 3
    endloop
  endfacet
  facet normal 0.024541228506070618 0.9996988186966177 0
    outer loop
      vertex 0.024533837163700001 0.49939772810299998 0
      vertex 3.0616169978700002e-17 0.5 0
      vertex 3.0616169978700002e-17 0.5 3
    endloop
  endfacet
  facet normal 0.024541228506070618 0.9996988186966177 -0
    outer loop
      vertex 0.024533837163700001 0.49939772810299998 0
      vertex 3.0616169978700002e-17 0.5 3
      vertex 0.024533837163700001 0.49939772810299998 3
    endloop
  endfacet
  facet normal -0.024541228506070552 0.9996988186966177 0
    outer loop
      vertex 3.0616169978700002e-17 0.5 0
      vertex -0.024533837163700001 0.49939772810299998 0
      vertex -0.024533837163700001 0.49939772810299998 3
    endloop
  endfacet
  facet normal -0.024541228506070552 0.9996988186966177 0
    outer loop
      vertex 3.0616169978700002e-17 0.5 0
      vertex -0.024533837163700001 0.49939772810299998 3
      vertex 3.0616169978700002e-17 0.5 3
    endloop
  endfacet
  facet normal -0.073564563620341361 0.9972904566771652 0
    outer loop
      vertex -0.024533837163700001 0.49939772810299998 0
      vertex -0.049008570164800001 0.49759236333599999 0
      vertex -0.049008570164800001 0.49759236333599999 3
    endloop
  endfacet
  facet normal -0.073564563620341361 0.9972904566771652 0
    outer loop
      vertex -0.024533837163700001 0.49939772810299998 0
      vertex -0.049008570164800001 0.49759236333599999 3
      vertex -0.024533837163700001 0.49939772810299998 3
    endloop
  endfacet
  facet normal -0.12241067521094091 0.9924795345972639 0
    outer loop
      vertex -0.049008570164800001 0.49759236333599999 0
      vertex -0.073365237227699998 0.49458825498199999 0
      vertex -0.073365237227699998 0.49458825498199999 3
    endloop
  endfacet
  facet normal -0.12241067521094091 0.9924795345972639 0
    outer loop
      vertex -0.049008570164800001 0.49759236333599999 0
      vertex -0.073365237227699998 0.49458825498199999 3
      vertex -0.049008570164800001 0.49759236333599999 3
    endloop
  endfacet
  facet normal -0.17096188872951815 0.9852776423942825 0
    outer loop
      vertex -0.073365237227699998 0.49458825498199999 0
      vertex -0.097545161008099998 0.49039264020200002 0
      vertex -0.097545161008099998 0.49039264020200002 3
    endloop
  endfacet
  facet normal -0.17096188872951815 0.9852776423942825 0
    outer loop
      vertex -0.073365237227699998 0.49458825498199999 0
      vertex -0.097545161008099998 0.49039264020200002 3
      vertex -0.073365237227699998 0.49458825498199999 3
    endloop
  endfacet
  facet normal -0.21910124017945473 0.97570213003345685 0
    outer loop
      vertex -0.097545161008099998 0.49039264020200002 0
      vertex -0.121490089952 0.48501562659699998 0
      vertex -0.121490089952 0.48501562659699998 3
    endloop
  endfacet
  facet normal -0.21910124017945473 0.97570213003345685 0
    outer loop
      vertex -0.097545161008099998 0.49039264020200002 0
      vertex -0.121490089952 0.48501562659699998 3
      vertex -0.097545161008099998 0.49039264020200002 3
    endloop
  endfacet
  facet normal -0.26671275747483247 0.96377606579545816 0
    outer loop
      vertex -0.121490089952 0.48501562659699998 0
      vertex -0.14514233862699999 0.478470167866 0
      vertex -0.14514233862699999 0.478470167866 3
    endloop
  endfacet
  facet normal -0.26671275747483247 0.96377606579545816 0
    outer loop
      vertex -0.121490089952 0.48501562659699998 0
      vertex -0.14514233862699999 0.478470167866 3
      vertex -0.121490089952 0.48501562659699998 3
    endloop
  endfacet
  facet normal -0.31368174037559615 0.94952818060073252 0
    outer loop
      vertex -0.14514233862699999 0.478470167866 0
      vertex -0.168444926696 0.47077203259200001 0
      vertex -0.168444926696 0.47077203259200001 3
    endloop
  endfacet
  facet normal -0.31368174037559615 0.94952818060073252 0
    outer loop
      vertex -0.14514233862699999 0.478470167866 0
      vertex -0.168444926696 0.47077203259200001 3
      vertex -0.14514233862699999 0.478470167866 3
    endloop
  endfacet
  facet normal -0.3598950365319743 0.93299279883590147 0
    outer loop
      vertex -0.168444926696 0.47077203259200001 0
      vertex -0.191341716183 0.46193976625599997 0
      vertex -0.191341716183 0.46193976625599997 3
    endloop
  endfacet
  facet normal -0.3598950365319743 0.93299279883590147 0
    outer loop
      vertex -0.168444926696 0.47077203259200001 0
      vertex -0.191341716183 0.46193976625599997 3
      vertex -0.168444926696 0.47077203259200001 3
    endloop
  endfacet
  facet normal -0.40524131401665492 0.91420975569835994 0
    outer loop
      vertex -0.191341716183 0.46193976625599997 0
      vertex -0.21377754671499999 0.451994646562 0
      vertex -0.21377754671499999 0.451994646562 3
    endloop
  endfacet
  facet normal -0.40524131401665492 0.91420975569835994 0
    outer loop
      vertex -0.191341716183 0.46193976625599997 0
      vertex -0.21377754671499999 0.451994646562 3
      vertex -0.191341716183 0.46193976625599997 3
    endloop
  endfacet
  facet normal -0.44961132966709921 0.89322430118922702 0
    outer loop
      vertex -0.21377754671499999 0.451994646562 0
      vertex -0.23569836841299999 0.440960632174 0
      vertex -0.23569836841299999 0.440960632174 3
    endloop
  endfacet
  facet normal -0.44961132966709921 0.89322430118922702 0
    outer loop
      vertex -0.21377754671499999 0.451994646562 0
      vertex -0.23569836841299999 0.440960632174 3
      vertex -0.21377754671499999 0.451994646562 3
    endloop
  endfacet
  facet normal -0.49289819222172415 0.87008699111327725 0
    outer loop
      vertex -0.23569836841299999 0.440960632174 0
      vertex -0.25705137209700002 0.428864305 0
      vertex -0.25705137209700002 0.428864305 3
    endloop
  endfacet
  facet normal -0.49289819222172415 0.87008699111327725 0
    outer loop
      vertex -0.23569836841299999 0.440960632174 0
      vertex -0.25705137209700002 0.428864305 3
      vertex -0.23569836841299999 0.440960632174 3
    endloop
  endfacet
  facet normal -0.53499761989457428 0.84485356524497235 0
    outer loop
      vertex -0.25705137209700002 0.428864305 0
      vertex -0.27778511650999999 0.415734806151 0
      vertex -0.27778511650999999 0.415734806151 3
    endloop
  endfacet
  facet normal -0.53499761989457428 0.84485356524497235 0
    outer loop
      vertex -0.25705137209700002 0.428864305 0
      vertex -0.27778511650999999 0.415734806151 3
      vertex -0.25705137209700002 0.428864305 3
    endloop
  endfacet
  facet normal -0.57580819142717365 0.81758481314501397 0
    outer loop
      vertex -0.27778511650999999 0.415734806151 0
      vertex -0.29784965224600002 0.40160376574000001 0
      vertex -0.29784965224600002 0.40160376574000001 3
    endloop
  endfacet
  facet normal -0.57580819142717365 0.81758481314501397 0
    outer loop
      vertex -0.27778511650999999 0.415734806151 0
      vertex -0.29784965224600002 0.40160376574000001 3
      vertex -0.27778511650999999 0.415734806151 3
    endloop
  endfacet
  facet normal -0.61523159057400756 0.78834642763177198 0
    outer loop
      vertex -0.29784965224600002 0.40160376574000001 0
      vertex -0.31719664208199999 0.38650522668100001 0
      vertex -0.31719664208199999 0.38650522668100001 3
    endloop
  endfacet
  facet normal -0.61523159057400756 0.78834642763177198 0
    outer loop
      vertex -0.29784965224600002 0.40160376574000001 0
      vertex -0.31719664208199999 0.38650522668100001 3
      vertex -0.29784965224600002 0.40160376574000001 3
    endloop
  endfacet
  facet normal -0.65317284295005307 0.75720884650969678 0
    outer loop
      vertex -0.31719664208199999 0.38650522668100001 0
      vertex -0.33577947742399999 0.37047556267699999 0
      vertex -0.33577947742399999 0.37047556267699999 3
    endloop
  endfacet
  facet normal -0.65317284295005307 0.75720884650969678 0
    outer loop
      vertex -0.31719664208199999 0.38650522668100001 0
      vertex -0.33577947742399999 0.37047556267699999 3
      vertex -0.31719664208199999 0.38650522668100001 3
    endloop
  endfacet
  facet normal -0.68954054474822646 0.72424708294084228 0
    outer loop
      vertex -0.33577947742399999 0.37047556267699999 0
      vertex -0.35355339059300001 0.35355339059300001 0
      vertex -0.35355339059300001 0.35355339059300001 3
    endloop
  endfacet
  facet normal -0.68954054474822646 0.72424708294084228 0
    outer loop
      vertex -0.33577947742399999 0.37047556267699999 0
      vertex -0.35355339059300001 0.35355339059300001 3
      vertex -0.33577947742399999 0.37047556267699999 3
    endloop
  endfacet
  facet normal -0.72424708294084228 0.68954054474822646 0
    outer loop
      vertex -0.35355339059300001 0.35355339059300001 0
      vertex -0.37047556267699999 0.33577947742399999 0
      vertex -0.37047556267699999 0.33577947742399999 3
    endloop
  endfacet
  facet normal -0.72424708294084228 0.68954054474822646 0
    outer loop
      vertex -0.35355339059300001 0.35355339059300001 0
      vertex -0.37047556267699999 0.33577947742399999 3
      vertex -0.35355339059300001 0.35355339059300001 3
    endloop
  endfacet
  facet normal -0.75720884650969666 0.65317284295005296 0
    outer loop
      vertex -0.37047556267699999 0.33577947742399999 0
      vertex -0.38650522668100001 0.31719664208199999 0
      vertex -0.38650522668100001 0.31719664208199999 3
    endloop
  endfacet
  facet normal -0.75720884650969666 0.65317284295005296 0
    outer loop
      vertex -0.37047556267699999 0.33577947742399999 0
      vertex -0.38650522668100001 0.31719664208199999 3
      vertex -0.37047556267699999 0.33577947742399999 3
    endloop
  endfacet
  facet normal -0.78834642763177198 0.61523159057400756 0
    outer loop
      vertex -0.38650522668100001 0.31719664208199999 0
      vertex -0.40160376574000001 0.29784965224600002 0
      vertex -0.40160376574000001 0.29784965224600002 3
    endloop
  endfacet
  facet normal -0.78834642763177198 0.61523159057400756 0
    outer loop
      vertex -0.38650522668100001 0.31719664208199999 0
      vertex -0.40160376574000001 0.29784965224600002 3
      vertex -0.38650522668100001 0.31719664208199999 3
    endloop
  endfacet
  facet normal -0.81758481314501397 0.57580819142717365 0
    outer loop
      vertex -0.40160376574000001 0.29784965224600002 0
      vertex -0.415734806151 0.27778511650999999 0
      vertex -0.415734806151 0.27778511650999999 3
    endloop
  endfacet
  facet normal -0.81758481314501397 0.57580819142717365 0
    outer loop
      vertex -0.40160376574000001 0.29784965224600002 0
      vertex -0.415734806151 0.27778511650999999 3
      vertex -0.40160376574000001 0.29784965224600002 3
    endloop
  endfacet
  facet normal -0.84485356524497235 0.53499761989457428 0
    outer loop
      vertex -0.415734806151 0.27778511650999999 0
      vertex -0.428864305 0.25705137209700002 0
      vertex -0.428864305 0.25705137209700002 3
    endloop
  endfacet
  facet normal -0.84485356524497235 0.53499761989457428 0
    outer loop
      vertex -0.415734806151 0.27778511650999999 0
      vertex -0.428864305 0.25705137209700002 3
      vertex -0.415734806151 0.27778511650999999 3
    endloop
  endfacet
  facet normal -0.87008699111327725 0.49289819222172415 0
    outer loop
      vertex -0.428864305 0.25705137209700002 0
      vertex -0.440960632174 0.23569836841299999 0
      vertex -0.440960632174 0.23569836841299999 3
    endloop
  endfacet
  facet normal -0.87008699111327725 0.49289819222172415 0
    outer loop
      vertex -0.428864305 0.25705137209700002 0
      vertex -0.440960632174 0.23569836841299999 3
      vertex -0.428864305 0.25705137209700002 3
    endloop
  endfacet
  facet normal -0.89322430118922702 0.44961132966709921 0
    outer loop
      vertex -0.440960632174 0.23569836841299999 0
      vertex -0.451994646562 0.21377754671499999 0
      vertex -0.451994646562 0.21377754671499999 3
    endloop
  endfacet
  facet normal -0.89322430118922702 0.44961132966709921 0
    outer loop
      vertex -0.440960632174 0.23569836841299999 0
      vertex -0.451994646562 0.21377754671499999 3
      vertex -0.440960632174 0.23569836841299999 3
    endloop
  endfacet
  facet normal -0.91420975569835994 0.40524131401665492 0
    outer loop
      vertex -0.451994646562 0.21377754671499999 0
      vertex -0.46193976625599997 0.191341716183 0
      vertex -0.46193976625599997 0.191341716183 3
    endloop
  endfacet
  facet normal -0.91420975569835994 0.40524131401665492 0
    outer loop
      vertex -0.451994646562 0.21377754671499999 0
      vertex -0.46193976625599997 0.191341716183 3
      vertex -0.451994646562 0.21377754671499999 3
    endloop
  endfacet
  facet normal -0.93299279883590147 0.3598950365319743 0
    outer loop
      vertex -0.46193976625599997 0.191341716183 0
      vertex -0.47077203259200001 0.168444926696 0
      vertex -0.47077203259200001 0.168444926696 3
    endloop
  endfacet
  facet normal -0.93299279883590147 0.3598950365319743 0
    outer loop
      vertex -0.46193976625599997 0.191341716183 0
      vertex -0.47077203259200001 0.168444926696 3
      vertex -0.46193976625599997 0.191341716183 3
    endloop
  endfacet
  facet normal -0.9495281806007323 0.3136817403755961 0
    outer loop
      vertex -0.47077203259200001 0.168444926696 0
      vertex -0.478470167866 0.14514233862699999 0
      vertex -0.478470167866 0.14514233862699999 3
    endloop
  endfacet
  facet normal -0.9495281806007323 0.3136817403755961 0
    outer loop
      vertex -0.47077203259200001 0.168444926696 0
      vertex -0.478470167866 0.14514233862699999 3
      vertex -0.47077203259200001 0.168444926696 3
    endloop
  endfacet
  facet normal -0.96377606579545816 0.26671275747483247 0
    outer loop
      vertex -0.478470167866 0.14514233862699999 0
      vertex -0.48501562659699998 0.121490089952 0
      vertex -0.48501562659699998 0.121490089952 3
    endloop
  endfacet
  facet normal -0.96377606579545816 0.26671275747483247 0
    outer loop
      vertex -0.478470167866 0.14514233862699999 0
      vertex -0.48501562659699998 0.121490089952 3
      vertex -0.478470167866 0.14514233862699999 3
    endloop
  endfacet
  facet normal -0.97570213003345685 0.21910124017945473 0
    outer loop
      vertex -0.48501562659699998 0.121490089952 0
      vertex -0.49039264020200002 0.097545161008099998 0
      vertex -0.49039264020200002 0.097545161008099998 3
    endloop
  endfacet
  facet normal -0.97570213003345685 0.21910124017945473 0
    outer loop
      vertex -0.48501562659699998 0.121490089952 0
      vertex -0.49039264020200002 0.097545161008099998 3
      vertex -0.48501562659699998 0.121490089952 3
    endloop
  endfacet
  facet normal -0.9852776423942825 0.17096188872951815 0
    outer loop
      vertex -0.49039264020200002 0.097545161008099998 0
      vertex -0.49458825498199999 0.073365237227699998 0
      vertex -0.49458825498199999 0.073365237227699998 3
    endloop
  endfacet
  facet normal -0.9852776423942825 0.17096188872951815 0
    outer loop
      vertex -0.49039264020200002 0.097545161008099998 0
      vertex -0.49458825498199999 0.073365237227699998 3
      vertex -0.49039264020200002 0.097545161008099998 3
    endloop
  endfacet
  facet normal -0.9924795345972639 0.12241067521094091 0
    outer loop
      vertex -0.49458825498199999 0.073365237227699998 0
      vertex -0.49759236333599999 0.049008570164800001 0
      vertex -0.49759236333599999 0.049008570164800001 3
    endloop
  endfacet
  facet normal -0.9924795345972639 0.12241067521094091 0
    outer loop
      vertex -0.49458825498199999 0.073365237227699998 0
      vertex -0.49759236333599999 0.049008570164800001 3
      vertex -0.49458825498199999 0.073365237227699998 3
    endloop
  endfacet
  facet normal -0.9972904566771652 0.073564563620341361 0
    outer loop
      vertex -0.49759236333599999 0.049008570164800001 0
      vertex -0.49939772810299998 0.024533837163700001 0
      vertex -0.49939772810299998 0.024533837163700001 3
    endloop
  endfacet
  facet normal -0.9972904566771652 0.073564563620341361 0
    outer loop
      vertex -0.49759236333599999 0.049008570164800001 0
      vertex -0.49939772810299998 0.024533837163700001 3
      vertex -0.49759236333599999 0.049008570164800001 3
    endloop
  endfacet
  facet normal -0.9996988186966177 0.024541228506070649 0
    outer loop
      vertex -0.49939772810299998 0.024533837163700001 0
      vertex -0.5 6.1232339957400004e-17 0
      vertex -0.5 6.1232339957400004e-17 3
    endloop
  endfacet
  facet normal -0.9996988186966177 0.024541228506070649 0
    outer loop
      vertex -0.49939772810299998 0.024533837163700001 0
      vertex -0.5 6.1232339957400004e-17 3
      vertex -0.49939772810299998 0.024533837163700001 3
    endloop
  endfacet
  facet normal -0.9996988186966177 -0.024541228506070521 0
    outer loop
      vertex -0.5 6.1232339957400004e-17 0
      vertex -0.49939772810299998 -0.024533837163700001 0
      vertex -0.49939772810299998 -0.024533837163700001 3
    endloop
  endfacet
  facet normal -0.9996988186966177 -0.024541228506070521 0
    outer loop
      vertex -0.5 6.1232339957400004e-17 0
      vertex -0.49939772810299998 -0.024533837163700001 3
      vertex -0.5 6.1232339957400004e-17 3
    endloop
  endfacet
  facet normal -0.9972904566771652 -0.073564563620341361 0
    outer loop
      vertex -0.49939772810299998 -0.024533837163700001 0
      vertex -0.49759236333599999 -0.049008570164800001 0
      vertex -0.49759236333599999 -0.049008570164800001 3
    endloop
  endfacet
  facet normal -0.9972904566771652 -0.073564563620341361 0
    outer loop
      vertex -0.49939772810299998 -0.024533837163700001 0
      vertex -0.49759236333599999 -0.049008570164800001 3
      vertex -0.49939772810299998 -0.024533837163700001 3
    endloop
  endfacet
  facet normal -0.9924795345972639 -0.12241067521094091 0
    outer loop
      vertex -0.49759236333599999 -0.049008570164800001 0
      vertex -0.49458825498199999 -0.073365237227699998 0
      vertex -0.49458825498199999 -0.073365237227699998 3
    endloop
  endfacet
  facet normal -0.9924795345972639 -0.12241067521094091 0
    outer loop
      vertex -0.49759236333599999 -0.049008570164800001 0
      vertex -0.49458825498199999 -0.073365237227699998 3
      vertex -0.49759236333599999 -0.049008570164800001 3
    endloop
  endfacet
  facet normal -0.9852776423942825 -0.17096188872951815 0
    outer loop
      vertex -0.49458825498199999 -0.073365237227699998 0
      vertex -0.49039264020200002 -0.097545161008099998 0
      vertex -0.49039264020200002 -0.097545161008099998 3
    endloop
  endfacet
  facet normal -0.9852776423942825 -0.17096188872951815 0
    outer loop
      vertex -0.49458825498199999 -0.073365237227699998 0
      vertex -0.49039264020200002 -0.097545161008099998 3
      vertex -0.49458825498199999 -0.073365237227699998 3
    endloop
  endfacet
  facet normal -0.97570213003345685 -0.21910124017945473 0
    outer loop
      vertex -0.49039264020200002 -0.097545161008099998 0
      vertex -0.48501562659699998 -0.121490089952 0
      vertex -0.48501562659699998 -0.121490089952 3
    endloop
  endfacet
  facet normal -0.97570213003345685 -0.21910124017945473 0
    outer loop
      vertex -0.49039264020200002 -0.097545161008099998 0
      vertex -0.48501562659699998 -0.121490089952 3
      vertex -0.49039264020200002 -0.097545161008099998 3
    endloop
  endfacet
  facet normal -0.96377606579545816 -0.26671275747483247 0
    outer loop
      vertex -0.48501562659699998 -0.121490089952 0
      vertex -0.478470167866 -0.14514233862699999 0
      vertex -0.478470167866 -0.14514233862699999 3
    endloop
  endfacet
  facet normal -0.96377606579545816 -0.26671275747483247 0
    outer loop
      vertex -0.48501562659699998 -0.121490089952 0
      vertex -0.478470167866 -0.14514233862699999 3
      vertex -0.48501562659699998 -0.121490089952 3
    endloop
  endfacet
  facet normal -0.9495281806007323 -0.3136817403755961 0
    outer loop
      vertex -0.478470167866 -0.14514233862699999 0
      vertex -0.47077203259200001 -0.168444926696 0
      vertex -0.47077203259200001 -0.168444926696 3
    endloop
  endfacet
  facet normal -0.9495281806007323 -0.3136817403755961 0
    outer loop
      vertex -0.478470167866 -0.14514233862699999 0
      vertex -0.47077203259200001 -0.168444926696 3
      vertex -0.478470167866 -0.14514233862699999 3
    endloop
  endfacet
  facet normal -0.93299279883590147 -0.3598950365319743 0
    outer loop
      vertex -0.47077203259200001 -0.168444926696 0
      vertex -0.46193976625599997 -0.191341716183 0
      vertex -0.46193976625599997 -0.191341716183 3
    endloop
  endfacet
  facet normal -0.93299279883590147 -0.3598950365319743 0
    outer loop
      vertex -0.47077203259200001 -0.168444926696 0
      vertex -0.46193976625599997 -0.191341716183 3
      vertex -0.47077203259200001 -0.168444926696 3
    endloop
  endfacet
  facet normal -0.91420975569835994 -0.40524131401665492 0
    outer loop
      vertex -0.46193976625599997 -0.191341716183 0
      vertex -0.451994646562 -0.21377754671499999 0
      vertex -0.451994646562 -0.21377754671499999 3
    endloop
  endfacet
  facet normal -0.91420975569835994 -0.40524131401665492 0
    outer loop
      vertex -0.46193976625599997 -0.191341716183 0
      vertex -0.451994646562 -0.21377754671499999 3
      vertex -0.46193976625599997 -0.191341716183 3
    endloop
  endfacet
  facet normal -0.89322430118922702 -0.44961132966709921 0
    outer loop
      vertex -0.451994646562 -0.21377754671499999 0
      vertex -0.440960632174 -0.23569836841299999 0
      vertex -0.440960632174 -0.23569836841299999 3
    endloop
  endfacet
  facet normal -0.89322430118922702 -0.44961132966709921 0
    outer loop
      vertex -0.451994646562 -0.21377754671499999 0
      vertex -0.440960632174 -0.23569836841299999 3
      vertex -0.451994646562 -0.21377754671499999 3
    endloop
  endfacet
  facet normal -0.87008699111327725 -0.49289819222172415 0
    outer loop
      vertex -0.440960632174 -0.23569836841299999 0
      vertex -0.428864305 -0.25705137209700002 0
      vertex -0.428864305 -0.25705137209700002 3
    endloop
  endfacet
  facet normal -0.87008699111327725 -0.49289819222172415 0
    outer loop
      vertex -0.440960632174 -0.23569836841299999 0
      vertex -0.428864305 -0.25705137209700002 3
      vertex -0.440960632174 -0.23569836841299999 3
    endloop
  endfacet
  facet normal -0.84485356524497235 -0.53499761989457428 0
    outer loop
      vertex -0.428864305 -0.25705137209700002 0
      vertex -0.415734806151 -0.27778511650999999 0
      vertex -0.415734806151 -0.27778511650999999 3
    endloop
  endfacet
  facet normal -0.84485356524497235 -0.53499761989457428 0
    outer loop
      vertex -0.428864305 -0.25705137209700002 0
      vertex -0.415734806151 -0.27778511650999999 3
      vertex -0.428864305 -0.25705137209700002 3
    endloop
  endfacet
  facet normal -0.81758481314501397 -0.57580819142717365 0
    outer loop
      vertex -0.415734806151 -0.27778511650999999 0
      vertex -0.40160376574000001 -0.29784965224600002 0
      vertex -0.40160376574000001 -0.29784965224600002 3
    endloop
  endfacet
  facet normal -0.81758481314501397 -0.57580819142717365 0
    outer loop
      vertex -0.415734806151 -0.27778511650999999 0
      vertex -0.40160376574000001 -0.29784965224600002 3
      vertex -0.415734806151 -0.27778511650999999 3
    endloop
  endfacet
  facet normal -0.78834642763177198 -0.61523159057400756 0
    outer loop
      vertex -0.40160376574000001 -0.29784965224600002 0
      vertex -0.38650522668100001 -0.31719664208199999 0
      vertex -0.38650522668100001 -0.31719664208199999 3
    endloop
  endfacet
  facet normal -0.78834642763177198 -0.61523159057400756 0
    outer loop
      vertex -0.40160376574000001 -0.29784965224600002 0
      vertex -0.38650522668100001 -0.31719664208199999 3
      vertex -0.40160376574000001 -0.29784965224600002 3
    endloop
  endfacet
  facet normal -0.75720884650969666 -0.65317284295005296 0
    outer loop
      vertex -0.38650522668100001 -0.31719664208199999 0
      vertex -0.37047556267699999 -0.33577947742399999 0
      vertex -0.37047556267699999 -0.33577947742399999 3
    endloop
  endfacet
  facet normal -0.75720884650969666 -0.65317284295005296 0
    outer loop
      vertex -0.38650522668100001 -0.31719664208199999 0
      vertex -0.37047556267699999 -0.33577947742399999 3
      vertex -0.38650522668100001 -0.31719664208199999 3
    endloop
  endfacet
  facet normal -0.72424708294084228 -0.68954054474822646 0
    outer loop
      vertex -0.37047556267699999 -0.33577947742399999 0
      vertex -0.35355339059300001 -0.35355339059300001 0
      vertex -0.35355339059300001 -0.35355339059300001 3
    endloop
  endfacet
  facet normal -0.72424708294084228 -0.68954054474822646 0
    outer loop
      vertex -0.37047556267699999 -0.33577947742399999 0
      vertex -0.35355339059300001 -0.35355339059300001 3
      vertex -0.37047556267699999 -0.33577947742399999 3
    endloop
  endfacet
  facet normal -0.68954054474822646 -0.72424708294084228 0
    outer loop
      vertex -0.35355339059300001 -0.35355339059300001 0
      vertex -0.33577947742399999 -0.37047556267699999 0
      vertex -0.33577947742399999 -0.37047556267699999 3
    endloop
  endfacet
  facet normal -0.68954054474822646 -0.72424708294084228 0
    outer loop
      vertex -0.35355339059300001 -0.35355339059300001 0
      vertex -0.33577947742399999 -0.37047556267699999 3
      vertex -0.35355339059300001 -0.35355339059300001 3
    endloop
  endfacet
  facet normal -0.65317284295005307 -0.75720884650969678 0
    outer loop
      vertex -0.33577947742399999 -0.37047556267699999 0
      vertex -0.31719664208199999 -0.38650522668100001 0
      vertex -0.31719664208199999 -0.38650522668100001 3
    endloop
  endfacet
  facet normal -0.65317284295005307 -0.75720884650969678 0
    outer loop
      vertex -0.33577947742399999 -0.37047556267699999 0
      vertex -0.31719664208199999 -0.38650522668100001 3
      vertex -0.33577947742399999 -0.37047556267699999 3
    endloop
  endfacet
  facet normal -0.61523159057400756 -0.78834642763177198 0
    outer loop
      vertex -0.31719664208199999 -0.38650522668100001 0
      vertex -0.29784965224600002 -0.40160376574000001 0
      vertex -0.29784965224600002 -0.40160376574000001 3
    endloop
  endfacet
  facet normal -0.61523159057400756 -0.78834642763177198 0
    outer loop
      vertex -0.31719664208199999 -0.38650522668100001 0
      vertex -0.29784965224600002 -0.40160376574000001 3
      vertex -0.31719664208199999 -0.38650522668100001 3
    endloop
  endfacet
  facet normal -0.57580819142717365 -0.81758481314501397 0
    outer loop
      vertex -0.29784965224600002 -0.40160376574000001 0
      vertex -0.27778511650999999 -0.415734806151 0
      vertex -0.27778511650999999 -0.415734806151 3
    endloop
  endfacet
  facet normal -0.57580819142717365 -0.81758481314501397 0
    outer loop
      vertex -0.29784965224600002 -0.40160376574000001 0
      vertex -0.27778511650999999 -0.415734806151 3
      vertex -0.29784965224600002 -0.40160376574000001 3
    endloop
  endfacet
  facet normal -0.53499761989457428 -0.84485356524497235 0
    outer loop
      vertex -0.27778511650999999 -0.415734806151 0
      vertex -0.25705137209700002 -0.428864305 0
      vertex -0.25705137209700002 -0.428864305 3
    endloop
  endfacet
  facet normal -0.53499761989457428 -0.84485356524497235 0
    outer loop
      vertex -0.27778511650999999 -0.415734806151 0
      vertex -0.25705137209700002 -0.428864305 3
      vertex -0.27778511650999999 -0.415734806151 3
    endloop
  endfacet
  facet normal -0.49289819222172415 -0.87008699111327725 0
    outer loop
      vertex -0.25705137209700002 -0.428864305 0
      vertex -0.23569836841299999 -0.440960632174 0
      vertex -0.23569836841299999 -0.440960632174 3
    endloop
  endfacet
  facet normal -0.49289819222172415 -0.87008699111327725 0
    outer loop
      vertex -0.25705137209700002 -0.428864305 0
      vertex -0.23569836841299999 -0.440960632174 3
      vertex -0.25705137209700002 -0.428864305 3
    endloop
  endfacet
  facet normal -0.44961132966709921 -0.89322430118922702 0
    outer loop
      vertex -0.23569836841299999 -0.440960632174 0
      vertex -0.21377754671499999 -0.451994646562 0
      vertex -0.21377754671499999 -0.451994646562 3
    endloop
  endfacet
  facet normal -0.44961132966709921 -0.89322430118922702 0
    outer loop
      vertex -0.23569836841299999 -0.440960632174 0
      vertex -0.21377754671499999 -0.451994646562 3
      vertex -0.23569836841299999 -0.440960632174 3
    endloop
  endfacet
  facet normal -0.40524131401665492 -0.91420975569835994 0
    outer loop
      vertex -0.21377754671499999 -0.451994646562 0
      vertex -0.191341716183 -0.46193976625599997 0
      vertex -0.191341716183 -0.46193976625599997 3
    endloop
  endfacet
  facet normal -0.40524131401665492 -0.91420975569835994 0
    outer loop
      vertex -0.21377754671499999 -0.451994646562 0
      vertex -0.191341716183 -0.46193976625599997 3
      vertex -0.21377754671499999 -0.451994646562 3
    endloop
  endfacet
  facet normal -0.3598950365319743 -0.93299279883590147 0
    outer loop
      vertex -0.191341716183 -0.46193976625599997 0
      vertex -0.168444926696 -0.47077203259200001 0
      vertex -0.168444926696 -0.47077203259200001 3
    endloop
  endfacet
  facet normal -0.3598950365319743 -0.93299279883590147 0
    outer loop
      vertex -0.191341716183 -0.46193976625599997 0
      vertex -0.168444926696 -0.47077203259200001 3
      vertex -0.191341716183 -0.46193976625599997 3
    endloop
  endfacet
  facet normal -0.31368174037559615 -0.94952818060073252 0
    outer loop
      vertex -0.168444926696 -0.47077203259200001 0
      vertex -0.14514233862699999 -0.478470167866 0
      vertex -0.14514233862699999 -0.478470167866 3
    endloop
  endfacet
  facet normal -0.31368174037559615 -0.94952818060073252 0
    outer loop
      vertex -0.168444926696 -0.47077203259200001 0
      vertex -0.14514233862699999 -0.478470167866 3
      vertex -0.168444926696 -0.47077203259200001 3
    endloop
  endfacet
  facet normal -0.26671275747483247 -0.96377606579545816 0
    outer loop
      vertex -0.14514233862699999 -0.478470167866 0
      vertex -0.121490089952 -0.48501562659699998 0
      vertex -0.121490089952 -0.48501562659699998 3
    endloop
  endfacet
  facet normal -0.26671275747483247 -0.96377606579545816 0
    outer loop
      vertex -0.14514233862699999 -0.478470167866 0
      vertex -0.121490089952 -0.48501562659699998 3
      vertex -0.14514233862699999 -0.478470167866 3
    endloop
  endfacet
  facet normal -0.21910124017945473 -0.97570213003345685 0
    outer loop
      vertex -0.121490089952 -0.48501562659699998 0
      vertex -0.097545161008099998 -0.49039264020200002 0
      vertex -0.097545161008099998 -0.49039264020200002 3
    endloop
  endfacet
  facet normal -0.21910124017945473 -0.97570213003345685 0
    outer loop
      vertex -0.121490089952 -0.48501562659699998 0
      vertex -0.097545161008099998 -0.49039264020200002 3
      vertex -0.121490089952 -0.48501562659699998 3
    endloop
  endfacet
  facet normal -0.17096188872951815 -0.9852776423942825 0
    outer loop
      vertex -0.097545161008099998 -0.49039264020200002 0
      vertex -0.073365237227699998 -0.49458825498199999 0
      vertex -0.073365237227699998 -0.49458825498199999 3
    endloop
  endfacet
  facet normal -0.17096188872951815 -0.9852776423942825 0
    outer loop
      vertex -0.097545161008099998 -0.49039264020200002 0
      vertex -0.073365237227699998 -0.49458825498199999 3
      vertex -0.097545161008099998 -0.49039264020200002 3
    endloop
  endfacet
  facet normal -0.12241067521094091 -0.9924795345972639 0
    outer loop
      vertex -0.073365237227699998 -0.49458825498199999 0
      vertex -0.049008570164800001 -0.49759236333599999 0
      vertex -0.049008570164800001 -0.49759236333599999 3
    endloop
  endfacet
  facet normal -0.12241067521094091 -0.9924795345972639 0
    outer loop
      vertex -0.073365237227699998 -0.49458825498199999 0
      vertex -0.049008570164800001 -0.49759236333599999 3
      vertex -0.073365237227699998 -0.49458825498199999 3
    endloop
  endfacet
  facet normal -0.073564563620341361 -0.9972904566771652 0
    outer loop
      vertex -0.049008570164800001 -0.49759236333599999 0
      vertex -0.024533837163700001 -0.49939772810299998 0
      vertex -0.024533837163700001 -0.49939772810299998 3
    endloop
  endfacet
  facet normal -0.073564563620341361 -0.9972904566771652 0
    outer loop
      vertex -0.049008570164800001 -0.49759236333599999 0
      vertex -0.024533837163700001 -0.49939772810299998 3
      vertex -0.049008570164800001 -0.49759236333599999 3
    endloop
  endfacet
  facet normal -0.024541228506070677 -0.9996988186966177 0
    outer loop
      vertex -0.024533837163700001 -0.49939772810299998 0
      vertex -9.1848509936099999e-17 -0.5 0
      vertex -9.1848509936099999e-17 -0.5 3
    endloop
  endfacet
  facet normal -0.024541228506070677 -0.9996988186966177 0
    outer loop
      vertex -0.024533837163700001 -0.49939772810299998 0
      vertex -9.1848509936099999e-17 -0.5 3
      vertex -0.024533837163700001 -0.49939772810299998 3
    endloop
  endfacet
  facet normal 0.024541228506070493 -0.9996988186966177 0
    outer loop
      vertex -9.1848509936099999e-17 -0.5 0
      vertex 0.024533837163700001 -0.49939772810299998 0
      vertex 0.024533837163700001 -0.49939772810299998 3
    endloop
  endfacet
  facet normal 0.024541228506070493 -0.9996988186966177 0
    outer loop
      vertex -9.1848509936099999e-17 -0.5 0
      vertex 0.024533837163700001 -0.49939772810299998 3
      vertex -9.1848509936099999e-17 -0.5 3
    endloop
  endfacet
  facet normal 0.073564563620341361 -0.9972904566771652 0
    outer loop
      vertex 0.024533837163700001 -0.49939772810299998 0
      vertex 0.049008570164800001 -0.49759236333599999 0
      vertex 0.049008570164800001 -0.49759236333599999 3
    endloop
  endfacet
  facet normal 0.073564563620341361 -0.9972904566771652 0
    outer loop
      vertex 0.024533837163700001 -0.49939772810299998 0
      vertex 0.049008570164800001 -0.49759236333599999 3
      vertex 0.024533837163700001 -0.49939772810299998 3
    endloop
  endfacet
  facet normal 0.12241067521094091 -0.9924795345972639 0
    outer loop
      vertex 0.049008570164800001 -0.49759236333599999 0
      vertex 0.073365237227699998 -0.49458825498199999 0
      vertex 0.073365237227699998 -0.49458825498199999 3
    endloop
  endfacet
  facet normal 0.12241067521094091 -0.9924795345972639 0
    outer loop
      vertex 0.049008570164800001 -0.49759236333599999 0
      vertex 0.073365237227699998 -0.49458825498199999 3
      vertex 0.049008570164800001 -0.49759236333599999 3
    endloop
  endfacet
  facet normal 0.17096188872951815 -0.9852776423942825 0
    outer loop
      vertex 0.073365237227699998 -0.49458825498199999 0
      vertex 0.097545161008099998 -0.49039264020200002 0
      vertex 0.097545161008099998 -0.49039264020200002 3
    endloop
  endfacet
  facet normal 0.17096188872951815 -0.9852776423942825 0
    outer loop
      vertex 0.073365237227699998 -0.49458825498199999 0
      vertex 0.097545161008099998 -0.49039264020200002 3
      vertex 0.073365237227699998 -0.49458825498199999 3
    endloop
  endfacet
  facet normal 0.21910124017945473 -0.97570213003345685 0
    outer loop
      vertex 0.097545161008099998 -0.49039264020200002 0
      vertex 0.121490089952 -0.48501562659699998 0
      vertex 0.121490089952 -0.48501562659699998 3
    endloop
  endfacet
  facet normal 0.21910124017945473 -0.97570213003345685 0
    outer loop
      vertex 0.097545161008099998 -0.49039264020200002 0
      vertex 0.121490089952 -0.48501562659699998 3
      vertex 0.097545161008099998 -0.49039264020200002 3
    endloop
  endfacet
  facet normal 0.26671275747483247 -0.96377606579545816 0
    outer loop
      vertex 0.121490089952 -0.48501562659699998 0
      vertex 0.14514233862699999 -0.478470167866 0
      vertex 0.14514233862699999 -0.478470167866 3
    endloop
  endfacet
  facet normal 0.26671275747483247 -0.96377606579545816 0
    outer loop
      vertex 0.121490089952 -0.48501562659699998 0
      vertex 0.14514233862699999 -0.478470167866 3
      vertex 0.121490089952 -0.48501562659699998 3
    endloop
  endfacet
  facet normal 0.31368174037559615 -0.94952818060073252 0
    outer loop
      vertex 0.14514233862699999 -0.478470167866 0
      vertex 0.168444926696 -0.47077203259200001 0
      vertex 0.168444926696 -0.47077203259200001 3
    endloop
  endfacet
  facet normal 0.31368174037559615 -0.94952818060073252 0
    outer loop
      vertex 0.14514233862699999 -0.478470167866 0
      vertex 0.168444926696 -0.47077203259200001 3
      vertex 0.14514233862699999 -0.478470167866 3
    endloop
  endfacet
  facet normal 0.3598950365319743 -0.93299279883590147 0
    outer loop
      vertex 0.168444926696 -0.47077203259200001 0
      vertex 0.191341716183 -0.46193976625599997 0
      vertex 0.191341716183 -0.46193976625599997 3
    endloop
  endfacet
  facet normal 0.3598950365319743 -0.93299279883590147 0
    outer loop
      vertex 0.168444926696 -0.47077203259200001 0
      vertex 0.191341716183 -0.46193976625599997 3
      vertex 0.168444926696 -0.47077203259200001 3
    endloop
  endfacet
  facet normal 0.40524131401665492 -0.91420975569835994 0
    outer loop
      vertex 0.191341716183 -0.46193976625599997 0
      vertex 0.21377754671499999 -0.451994646562 0
      vertex 0.21377754671499999 -0.451994646562 3
    endloop
  endfacet
  facet normal 0.40524131401665492 -0.91420975569835994 0
    outer loop
      vertex 0.191341716183 -0.46193976625599997 0
      vertex 0.21377754671499999 -0.451994646562 3
      vertex 0.191341716183 -0.46193976625599997 3
    endloop
  endfacet
  facet normal 0.44961132966709921 -0.89322430118922702 0
    outer loop
      vertex 0.21377754671499999 -0.451994646562 0
      vertex 0.23569836841299999 -0.440960632174 0
      vertex 0.23569836841299999 -0.440960632174 3
    endloop
  endfacet
  facet normal 0.44961132966709921 -0.89322430118922702 0
    outer loop
      vertex 0.21377754671499999 -0.451994646562 0
      vertex 0.23569836841299999 -0.440960632174 3
      vertex 0.21377754671499999 -0.451994646562 3
    endloop
  endfacet
  facet normal 0.49289819222172415 -0.87008699111327725 0
    outer loop
      vertex 0.23569836841299999 -0.440960632174 0
      vertex 0.25705137209700002 -0.428864305 0
      vertex 0.25705137209700002 -0.428864305 3
    endloop
  endfacet
  facet normal 0.49289819222172415 -0.87008699111327725 0
    outer loop
      vertex 0.23569836841299999 -0.440960632174 0
      vertex 0.25705137209700002 -0.428864305 3
      vertex 0.23569836841299999 -0.440960632174 3
    endloop
  endfacet
  facet normal 0.53499761989457428 -0.84485356524497235 0
    outer loop
      vertex 0.25705137209700002 -0.428864305 0
      vertex 0.27778511650999999 -0.415734806151 0
      vertex 0.27778511650999999 -0.415734806151 3
    endloop
  endfacet
  facet normal 0.53499761989457428 -0.84485356524497235 0
    outer loop
      vertex 0.25705137209700002 -0.428864305 0
      vertex 0.27778511650999999 -0.415734806151 3
      vertex 0.25705137209700002 -0.428864305 3
    endloop
  endfacet
  facet normal 0.57580819142717365 -0.81758481314501397 0
    outer loop
      vertex 0.27778511650999999 -0.415734806151 0
      vertex 0.29784965224600002 -0.40160376574000001 0
      vertex 0.29784965224600002 -0.40160376574000001 3
    endloop
  endfacet
  facet normal 0.57580819142717365 -0.81758481314501397 0
    outer loop
      vertex 0.27778511650999999 -0.415734806151 0
      vertex 0.29784965224600002 -0.40160376574000001 3
      vertex 0.27778511650999999 -0.415734806151 3
    endloop
  endfacet
  facet normal 0.61523159057400756 -0.78834642763177198 0
    outer loop
      vertex 0.29784965224600002 -0.40160376574000001 0
      vertex 0.31719664208199999 -0.38650522668100001 0
      vertex 0.31719664208199999 -0.38650522668100001 3
    endloop
  endfacet
  facet normal 0.61523159057400756 -0.78834642763177198 0
    outer loop
      vertex 0.29784965224600002 -0.40160376574000001 0
      vertex 0.31719664208199999 -0.38650522668100001 3
      vertex 0.29784965224600002 -0.40160376574000001 3
    endloop
  endfacet
  facet normal 0.65317284295005307 -0.75720884650969678 0
    outer loop
      vertex 0.31719664208199999 -0.38650522668100001 0
      vertex 0.33577947742399999 -0.37047556267699999 0
      vertex 0.33577947742399999 -0.37047556267699999 3
    endloop
  endfacet
  facet normal 0.65317284295005307 -0.75720884650969678 0
    outer loop
      vertex 0.31719664208199999 -0.38650522668100001 0
      vertex 0.33577947742399999 -0.37047556267699999 3
      vertex 0.31719664208199999 -0.38650522668100001 3
    endloop
  endfacet
  facet normal 0.68954054474822646 -0.72424708294084228 0
    outer loop
      vertex 0.33577947742399999 -0.37047556267699999 0
      vertex 0.35355339059300001 -0.35355339059300001 0
      vertex 0.35355339059300001 -0.35355339059300001 3
    endloop
  endfacet
  facet normal 0.68954054474822646 -0.72424708294084228 0
    outer loop
      vertex 0.33577947742399999 -0.37047556267699999 0
      vertex 0.35355339059300001 -0.35355339059300001 3
      vertex 0.33577947742399999 -0.37047556267699999 3
    endloop
  endfacet
  facet normal 0.72424708294084228 -0.68954054474822646 0
    outer loop
      vertex 0.35355339059300001 -0.35355339059300001 0
      vertex 0.37047556267699999 -0.33577947742399999 0
      vertex 0.37047556267699999 -0.33577947742399999 3
    endloop
  endfacet
  facet normal 0.72424708294084228 -0.68954054474822646 0
    outer loop
      vertex 0.35355339059300001 -0.35355339059300001 0
      vertex 0.37047556267699999 -0.33577947742399999 3
      vertex 0.35355339059300001 -0.35355339059300001 3
    endloop
  endfacet
  facet normal 0.75720884650969666 -0.65317284295005296 0
    outer loop
      vertex 0.37047556267699999 -0.33577947742399999 0
      vertex 0.38650522668100001 -0.31719664208199999 0
      vertex 0.38650522668100001 -0.31719664208199999 3
    endloop
  endfacet
  facet normal 0.75720884650969666 -0.65317284295005296 0
    outer loop
      vertex 0.37047556267699999 -0.33577947742399999 0
      vertex 0.38650522668100001 -0.31719664208199999 3
      vertex 0.37047556267699999 -0.33577947742399999 3
    endloop
  endfacet
  facet normal 0.78834642763177198 -0.61523159057400756 0
    outer loop
      vertex 0.38650522668100001 -0.31719664208199999 0
      vertex 0.40160376574000001 -0.29784965224600002 0
      vertex 0.40160376574000001 -0.29784965224600002 3
    endloop
  endfacet
  facet normal 0.78834642763177198 -0.61523159057400756 0
    outer loop
      vertex 0.38650522668100001 -0.31719664208199999 0
      vertex 0.40160376574000001 -0.29784965224600002 3
      vertex 0.38650522668100001 -0.31719664208199999 3
    endloop
  endfacet
  facet normal 0.81758481314501397 -0.57580819142717365 0
    outer loop
      vertex 0.40160376574000001 -0.29784965224600002 0
      vertex 0.415734806151 -0.27778511650999999 0
      vertex 0.415734806151 -0.27778511650999999 3
    endloop
  endfacet
  facet normal 0.81758481314501397 -0.57580819142717365 0
    outer loop
      vertex 0.40160376574000001 -0.29784965224600002 0
      vertex 0.415734806151 -0.27778511650999999 3
      vertex 0.40160376574000001 -0.29784965224600002 3
    endloop
  endfacet
  facet normal 0.84485356524497235 -0.53499761989457428 0
    outer loop
      vertex 0.415734806151 -0.27778511650999999 0
      vertex 0.428864305 -0.25705137209700002 0
      vertex 0.428864305 -0.25705137209700002 3
    endloop
  endfacet
  facet normal 0.84485356524497235 -0.53499761989457428 0
    outer loop
      vertex 0.415734806151 -0.27778511650999999 0
      vertex 0.428864305 -0.25705137209700002 3
      vertex 0.415734806151 -0.27778511650999999 3
    endloop
  endfacet
  facet normal 0.87008699111327725 -0.49289819222172415 0
    outer loop
      vertex 0.428864305 -0.25705137209700002 0
      vertex 0.440960632174 -0.23569836841299999 0
      vertex 0.440960632174 -0.23569836841299999 3
    endloop
  endfacet
  facet normal 0.87008699111327725 -0.49289819222172415 0
    outer loop
      vertex 0.428864305 -0.25705137209700002 0
      vertex 0.440960632174 -0.23569836841299999 3
      vertex 0.428864305 -0.25705137209700002 3
    endloop
  endfacet
  facet normal 0.89322430118922702 -0.44961132966709921 0
    outer loop
      vertex 0.440960632174 -0.23569836841299999 0
      vertex 0.451994646562 -0.21377754671499999 0
      vertex 0.451994646562 -0.21377754671499999 3
    endloop
  endfacet
  facet normal 0.89322430118922702 -0.44961132966709921 0
    outer loop
      vertex 0.440960632174 -0.23569836841299999 0
      vertex 0.451994646562 -0.21377754671499999 3
      vertex 0.440960632174 -0.23569836841299999 3
    endloop
  endfacet
  facet normal 0.91420975569835994 -0.40524131401665492 0
    outer loop
      vertex 0.451994646562 -0.21377754671499999 0
      vertex 0.46193976625599997 -0.191341716183 0
      vertex 0.46193976625599997 -0.191341716183 3
    endloop
  endfacet
  facet normal 0.91420975569835994 -0.40524131401665492 0
    outer loop
      vertex 0.451994646562 -0.21377754671499999 0
      vertex 0.46193976625599997 -0.191341716183 3
      vertex 0.451994646562 -0.21377754671499999 3
    endloop
  endfacet
  facet normal 0.93299279883590147 -0.3598950365319743 0
    outer loop
      vertex 0.46193976625599997 -0.191341716183 0
      vertex 0.47077203259200001 -0.168444926696 0
      vertex 0.47077203259200001 -0.168444926696 3
    endloop
  endfacet
  facet normal 0.93299279883590147 -0.3598950365319743 0
    outer loop
      vertex 0.46193976625599997 -0.191341716183 0
      vertex 0.47077203259200001 -0.168444926696 3
      vertex 0.46193976625599997 -0.191341716183 3
    endloop
  endfacet
  facet normal 0.9495281806007323 -0.3136817403755961 0
    outer loop
      vertex 0.47077203259200001 -0.168444926696 0
      vertex 0.478470167866 -0.14514233862699999 0
      vertex 0.478470167866 -0.14514233862699999 3
    endloop
  endfacet
  facet normal 0.9495281806007323 -0.3136817403755961 0
    outer loop
      vertex 0.47077203259200001 -0.168444926696 0
      vertex 0.478470167866 -0.14514233862699999 3
      vertex 0.47077203259200001 -0.168444926696 3
    endloop
  endfacet
  facet normal 0.96377606579545816 -0.26671275747483247 0
    outer loop
      vertex 0.478470167866 -0.14514233862699999 0
      vertex 0.48501562659699998 -0.121490089952 0
      vertex 0.48501562659699998 -0.121490089952 3
    endloop
  endfacet
  facet normal 0.96377606579545816 -0.26671275747483247 0
    outer loop
      vertex 0.478470167866 -0.14514233862699999 0
      vertex 0.48501562659699998 -0.121490089952 3
      vertex 0.478470167866 -0.14514233862699999 3
    endloop
  endfacet
  facet normal 0.97570213003345685 -0.21910124017945473 0
    outer loop
      vertex 0.48501562659699998 -0.121490089952 0
      vertex 0.49039264020200002 -0.097545161008099998 0
      vertex 0.49039264020200002 -0.097545161008099998 3
    endloop
  endfacet
  facet normal 0.97570213003345685 -0.21910124017945473 0
    outer loop
      vertex 0.48501562659699998 -0.121490089952 0
      vertex 0.49039264020200002 -0.097545161008099998 3
      vertex 0.48501562659699998 -0.121490089952 3
    endloop
  endfacet
  facet normal 0.9852776423942825 -0.17096188872951815 0
    outer loop
      vertex 0.49039264020200002 -0.097545161008099998 0
      vertex 0.49458825498199999 -0.073365237227699998 0
      vertex 0.49458825498199999 -0.073365237227699998 3
    endloop
  endfacet
  facet normal 0.9852776423942825 -0.17096188872951815 0
    outer loop
      vertex 0.49039264020200002 -0.097545161008099998 0
      vertex 0.49458825498199999 -0.073365237227699998 3
      vertex 0.49039264020200002 -0.097545161008099998 3
    endloop
  endfacet
  facet normal 0.9924795345972639 -0.12241067521094091 0
    outer loop
      vertex 0.49458825498199999 -0.073365237227699998 0
      vertex 0.49759236333599999 -0.049008570164800001 0
      vertex 0.49759236333599999 -0.049008570164800001 3
    endloop
  endfacet
  facet normal 0.9924795345972639 -0.12241067521094091 0
    outer loop
      vertex 0.49458825498199999 -0.073365237227699998 0
      vertex 0.49759236333599999 -0.049008570164800001 3
      vertex 0.49458825498199999 -0.073365237227699998 3
    endloop
  endfacet
  facet normal 0.9972904566771652 -0.073564563620341361 0
    outer loop
      vertex 0.49759236333599999 -0.049008570164800001 0
      vertex 0.49939772810299998 -0.024533837163700001 0
      vertex 0.49939772810299998 -0.024533837163700001 3
    endloop
  endfacet
  facet normal 0.9972904566771652 -0.073564563620341361 0
    outer loop
      vertex 0.49759236333599999 -0.049008570164800001 0
      vertex 0.49939772810299998 -0.024533837163700001 3
      vertex 0.49759236333599999 -0.049008570164800001 3
    endloop
  endfacet
  facet normal 0.9996988186966177 -0.024541228506070704 0
    outer loop
      vertex 0.49939772810299998 -0.024533837163700001 0
      vertex 0.5 -1.2246467991500001e-16 0
      vertex 0.5 -1.2246467991500001e-16 3
    endloop
  endfacet
  facet normal 0.9996988186966177 -0.024541228506070704 0
    outer loop
      vertex 0.49939772810299998 -0.024533837163700001 0
      vertex 0.5 -1.2246467991500001e-16 3
      vertex 0.49939772810299998 -0.024533837163700001 3
    endloop
  endfacet
  facet normal 0.9996988186966177 0.024541228506070583 0
    outer loop
      vertex 0.5 0 3
      vertex 0.49939772810299998 0.024533837163700001 3
      vertex 0.49939772810299998 0.024533837163700001 6
    endloop
  endfacet
  facet normal 0.9996988186966177 0.024541228506070583 -0
    outer loop
      vertex 0.5 0 3
      vertex 0.49939772810299998 0.024533837163700001 6
      vertex 0.5 0 6
    endloop
  endfacet
  facet normal 0.9972904566771652 0.073564563620341361 0
    outer loop
      vertex 0.49939772810299998 0.024533837163700001 3
      vertex 0.49759236333599999 0.049008570164800001 3
      vertex 0.49759236333599999 0.049008570164800001 6
    endloop
  endfacet
  facet normal 0.9972904566771652 0.073564563620341361 -0
    outer loop
      vertex 0.49939772810299998 0.024533837163700001 3
      vertex 0.49759236333599999 0.049008570164800001 6
      vertex 0.49939772810299998 0.024533837163700001 6
    endloop
  endfacet
  facet normal 0.9924795345972639 0.12241067521094091 0
    outer loop
      vertex 0.49759236333599999 0.049008570164800001 3
      vertex 0.49458825498199999 0.073365237227699998 3
      vertex 0.49458825498199999 0.073365237227699998 6
    endloop
  endfacet
  facet normal 0.9924795345972639 0.12241067521094091 -0
    outer loop
      vertex 0.49759236333599999 0.049008570164800001 3
      vertex 0.49458825498199999 0.073365237227699998 6
      vertex 0.49759236333599999 0.049008570164800001 6
    endloop
  endfacet
  facet normal 0.9852776423942825 0.17096188872951815 0
    outer loop
      vertex 0.49458825498199999 0.073365237227699998 3
      vertex 0.49039264020200002 0.097545161008099998 3
      vertex 0.49039264020200002 0.097545161008099998 6
    endloop
  endfacet
  facet normal 0.9852776423942825 0.17096188872951815 -0
    outer loop
      vertex 0.49458825498199999 0.073365237227699998 3
      vertex 0.49039264020200002 0.097545161008099998 6
      vertex 0.49458825498199999 0.073365237227699998 6
    endloop
  endfacet
  facet normal 0.97570213003345685 0.21910124017945473 0
    outer loop
      vertex 0.49039264020200002 0.097545161008099998 3
      vertex 0.48501562659699998 0.121490089952 3
      vertex 0.48501562659699998 0.121490089952 6
    endloop
  endfacet
  facet normal 0.97570213003345685 0.21910124017945473 -0
    outer loop
      vertex 0.49039264020200002 0.097545161008099998 3
      vertex 0.48501562659699998 0.121490089952 6
      vertex 0.49039264020200002 0.097545161008099998 6
    endloop
  endfacet
  facet normal 0.96377606579545816 0.26671275747483247 0
    outer loop
      vertex 0.48501562659699998 0.121490089952 3
      vertex 0.478470167866 0.14514233862699999 3
      vertex 0.478470167866 0.14514233862699999 6
    endloop
  endfacet
  facet normal 0.96377606579545816 0.26671275747483247 -0
    outer loop
      vertex 0.48501562659699998 0.121490089952 3
      vertex 0.478470167866 0.14514233862699999 6
      vertex 0.48501562659699998 0.121490089952 6
    endloop
  endfacet
  facet normal 0.9495281806007323 0.3136817403755961 0
    outer loop
      vertex 0.478470167866 0.14514233862699999 3
      vertex 0.47077203259200001 0.168444926696 3
      vertex 0.47077203259200001 0.168444926696 6
    endloop
  endfacet
  facet normal 0.9495281806007323 0.3136817403755961 -0
    outer loop
      vertex 0.478470167866 0.14514233862699999 3
      vertex 0.47077203259200001 0.168444926696 6
      vertex 0.478470167866 0.14514233862699999 6
    endloop
  endfacet
  facet normal 0.93299279883590147 0.3598950365319743 0
    outer loop
      vertex 0.47077203259200001 0.168444926696 3
      vertex 0.46193976625599997 0.191341716183 3
      vertex 0.46193976625599997 0.191341716183 6
    endloop
  endfacet
  facet normal 0.93299279883590147 0.3598950365319743 -0
    outer loop
      vertex 0.47077203259200001 0.168444926696 3
      vertex 0.46193976625599997 0.191341716183 6
      vertex 0.47077203259200001 0.168444926696 6
    endloop
  endfacet
  facet normal 0.91420975569835994 0.40524131401665492 0
    outer loop
      vertex 0.46193976625599997 0.191341716183 3
      vertex 0.451994646562 0.21377754671499999 3
      vertex 0.451994646562 0.21377754671499999 6
    endloop
  endfacet
  facet normal 0.91420975569835994 0.40524131401665492 -0
    outer loop
      vertex 0.46193976625599997 0.191341716183 3
      vertex 0.451994646562 0.21377754671499999 6
      vertex 0.46193976625599997 0.191341716183 6
    endloop
  endfacet
  facet normal 0.89322430118922702 0.44961132966709921 0
    outer loop
      vertex 0.451994646562 0.21377754671499999 3
      vertex 0.440960632174 0.23569836841299999 3
      vertex 0.440960632174 0.23569836841299999 6
    endloop
  endfacet
  facet normal 0.89322430118922702 0.44961132966709921 -0
    outer loop
      vertex 0.451994646562 0.21377754671499999 3
      vertex 0.440960632174 0.23569836841299999 6
      vertex 0.451994646562 0.21377754671499999 6
    endloop
  endfacet
  facet normal 0.87008699111327725 0.49289819222172415 0
    outer loop
      vertex 0.440960632174 0.23569836841299999 3
      vertex 0.428864305 0.25705137209700002 3
      vertex 0.428864305 0.25705137209700002 6
    endloop
  endfacet
  facet normal 0.87008699111327725 0.49289819222172415 -0
    outer loop
      vertex 0.440960632174 0.23569836841299999 3
      vertex 0.428864305 0.25705137209700002 6
      vertex 0.440960632174 0.23569836841299999 6
    endloop
  endfacet
  facet normal 0.84485356524497235 0.53499761989457428 0
    outer loop
      vertex 0.428864305 0.25705137209700002 3
      vertex 0.415734806151 0.27778511650999999 3
      vertex 0.415734806151 0.27778511650999999 6
    endloop
  endfacet
  facet normal 0.84485356524497235 0.53499761989457428 -0
    outer loop
      vertex 0.428864305 0.25705137209700002 3
      vertex 0.415734806151 0.27778511650999999 6
      vertex 0.428864305 0.25705137209700002 6
    endloop
  endfacet
  facet normal 0.81758481314501397 0.57580819142717365 0
    outer loop
      vertex 0.415734806151 0.27778511650999999 3
      vertex 0.40160376574000001 0.29784965224600002 3
      vertex 0.40160376574000001 0.29784965224600002 6
    endloop
  endfacet
  facet normal 0.81758481314501397 0.57580819142717365 -0
    outer loop
      vertex 0.415734806151 0.27778511650999999 3
      vertex 0.40160376574000001 0.29784965224600002 6
      vertex 0.415734806151 0.27778511650999999 6
    endloop
  endfacet
  facet normal 0.78834642763177198 0.61523159057400756 0
    outer loop
      vertex 0.40160376574000001 0.29784965224600002 3
      vertex 0.38650522668100001 0.31719664208199999 3
      vertex 0.38650522668100001 0.31719664208199999 6
    endloop
  endfacet
  facet normal 0.78834642763177198 0.61523159057400756 -0
    outer loop
      vertex 0.40160376574000001 0.29784965224600002 3
      vertex 0.38650522668100001 0.31719664208199999 6
      vertex 0.40160376574000001 0.29784965224600002 6
    endloop
  endfacet
  facet normal 0.75720884650969666 0.65317284295005296 0
    outer loop
      vertex 0.38650522668100001 0.31719664208199999 3
      vertex 0.37047556267699999 0.33577947742399999 3
      vertex 0.37047556267699999 0.33577947742399999 6
    endloop
  endfacet
  facet normal 0.75720884650969666 0.65317284295005296 -0
    outer loop
      vertex 0.38650522668100001 0.31719664208199999 3
      vertex 0.37047556267699999 0.33577947742399999 6
      vertex 0.38650522668100001 0.31719664208199999 6
    endloop
  endfacet
  facet normal 0.72424708294084228 0.68954054474822646 0
    outer loop
      vertex 0.37047556267699999 0.33577947742399999 3
      vertex 0.35355339059300001 0.35355339059300001 3
      vertex 0.35355339059300001 0.35355339059300001 6
    endloop
  endfacet
  facet normal 0.72424708294084228 0.68954054474822646 -0
    outer loop
      vertex 0.37047556267699999 0.33577947742399999 3
      vertex 0.35355339059300001 0.35355339059300001 6
      vertex 0.37047556267699999 0.33577947742399999 6
    endloop
  endfacet
  facet normal 0.68954054474822646 0.72424708294084228 0
    outer loop
      vertex 0.35355339059300001 0.35355339059300001 3
      vertex 0.33577947742399999 0.37047556267699999 3
      vertex 0.33577947742399999 0.37047556267699999 6
    endloop
  endfacet
  facet normal 0.68954054474822646 0.72424708294084228 -0
    outer loop
      vertex 0.35355339059300001 0.35355339059300001 3
      vertex 0.33577947742399999 0.37047556267699999 6
      vertex 0.35355339059300001 0.35355339059300001 6
    endloop
  endfacet
  facet normal 0.65317284295005307 0.75720884650969678 0
    outer loop
      vertex 0.33577947742399999 0.37047556267699999 3
      vertex 0.31719664208199999 0.38650522668100001 3
      vertex 0.31719664208199999 0.38650522668100001 6
    endloop
  endfacet
  facet normal 0.65317284295005307 0.75720884650969678 -0
    outer loop
      vertex 0.33577947742399999 0.37047556267699999 3
      vertex 0.31719664208199999 0.38650522668100001 6
      vertex 0.33577947742399999 0.37047556267699999 6
    endloop
  endfacet
  facet normal 0.61523159057400756 0.78834642763177198 0
    outer loop
      vertex 0.31719664208199999 0.38650522668100001 3
      vertex 0.29784965224600002 0.40160376574000001 3
      vertex 0.29784965224600002 0.40160376574000001 6
    endloop
  endfacet
  facet normal 0.61523159057400756 0.78834642763177198 -0
    outer loop
      vertex 0.31719664208199999 0.38650522668100001 3
      vertex 0.29784965224600002 0.40160376574000001 6
      vertex 0.31719664208199999 0.38650522668100001 6
    endloop
  endfacet
  facet normal 0.57580819142717365 0.81758481314501397 0
    outer loop
      vertex 0.29784965224600002 0.40160376574000001 3
      vertex 0.27778511650999999 0.415734806151 3
      vertex 0.27778511650999999 0.415734806151 6
    endloop
  endfacet
  facet normal 0.57580819142717365 0.81758481314501397 -0
    outer loop
      vertex 0.29784965224600002 0.40160376574000001 3
      vertex 0.27778511650999999 0.415734806151 6
      vertex 0.29784965224600002 0.40160376574000001 6
    endloop
  endfacet
  facet normal 0.53499761989457428 0.84485356524497235 0
    outer loop
      vertex 0.27778511650999999 0.415734806151 3
      vertex 0.25705137209700002 0.428864305 3
      vertex 0.25705137209700002 0.428864305 6
    endloop
  endfacet
  facet normal 0.53499761989457428 0.84485356524497235 -0
    outer loop
      vertex 0.27778511650999999 0.415734806151 3
      vertex 0.25705137209700002 0.428864305 6
      vertex 0.27778511650999999 0.415734806151 6
    endloop
  endfacet
  facet normal 0.49289819222172415 0.87008699111327725 0
    outer loop
      vertex 0.25705137209700002 0.428864305 3
      vertex 0.23569836841299999 0.440960632174 3
      vertex 0.23569836841299999 0.440960632174 6
    endloop
  endfacet
  facet normal 0.49289819222172415 0.87008699111327725 -0
    outer loop
      vertex 0.25705137209700002 0.428864305 3
      vertex 0.23569836841299999 0.440960632174 6
      vertex 0.25705137209700002 0.428864305 6
    endloop
  endfacet
  facet normal 0.44961132966709921 0.89322430118922702 0
    outer loop
      vertex 0.23569836841299999 0.440960632174 3
      vertex 0.21377754671499999 0.451994646562 3
      vertex 0.21377754671499999 0.451994646562 6
    endloop
  endfacet
  facet normal 0.44961132966709921 0.89322430118922702 -0
    outer loop
      vertex 0.23569836841299999 0.440960632174 3
      vertex 0.21377754671499999 0.451994646562 6
      vertex 0.23569836841299999 0.440960632174 6
    endloop
  endfacet
  facet normal 0.40524131401665492 0.91420975569835994 0
    outer loop
      vertex 0.21377754671499999 0.451994646562 3
      vertex 0.191341716183 0.46193976625599997 3
      vertex 0.191341716183 0.46193976625599997 6
    endloop
  endfacet
  facet normal 0.40524131401665492 0.91420975569835994 -0
    outer loop
      vertex 0.21377754671499999 0.451994646562 3
      vertex 0.191341716183 0.46193976625599997 6
      vertex 0.21377754671499999 0.451994646562 6
    endloop
  endfacet
  facet normal 0.3598950365319743 0.93299279883590147 0
    outer loop
      vertex 0.191341716183 0.46193976625599997 3
      vertex 0.168444926696 0.47077203259200001 3
      vertex 0.168444926696 0.47077203259200001 6
    endloop
  endfacet
  facet normal 0.3598950365319743 0.93299279883590147 -0
    outer loop
      vertex 0.191341716183 0.46193976625599997 3
      vertex 0.168444926696 0.47077203259200001 6
      vertex 0.191341716183 0.46193976625599997 6
    endloop
  endfacet
  facet normal 0.31368174037559615 0.94952818060073252 0
    outer loop
      vertex 0.168444926696 0.47077203259200001 3
      vertex 0.14514233862699999 0.478470167866 3
      vertex 0.14514233862699999 0.478470167866 6
    endloop
  endfacet
  facet normal 0.31368174037559615 0.94952818060073252 -0
    outer loop
      vertex 0.168444926696 0.47077203259200001 3
      vertex 0.14514233862699999 0.478470167866 6
      vertex 0.168444926696 0.47077203259200001 6
    endloop
  endfacet
  facet normal 0.26671275747483247 0.96377606579545816 0
    outer loop
      vertex 0.14514233862699999 0.478470167866 3
      vertex 0.121490089952 0.48501562659699998 3
      vertex 0.121490089952 0.48501562659699998 6
    endloop
  endfacet
  facet normal 0.26671275747483247 0.96377606579545816 -0
    outer loop
      vertex 0.14514233862699999 0.478470167866 3
      vertex 0.121490089952 0.48501562659699998 6
      vertex 0.14514233862699999 0.478470167866 6
    endloop
  endfacet
  facet normal 0.21910124017945473 0.97570213003345685 0
    outer loop
      vertex 0.121490089952 0.48501562659699998 3
      vertex 0.097545161008099998 0.49039264020200002 3
      vertex 0.097545161008099998 0.49039264020200002 6
    endloop
  endfacet
  facet normal 0.21910124017945473 0.97570213003345685 -0
    outer loop
      vertex 0.121490089952 0.48501562659699998 3
      vertex 0.097545161008099998 0.49039264020200002 6
      vertex 0.121490089952 0.48501562659699998 6
    endloop
  endfacet
  facet normal 0.17096188872951815 0.9852776423942825 0
    outer loop
      vertex 0.097545161008099998 0.49039264020200002 3
      vertex 0.073365237227699998 0.49458825498199999 3
      vertex 0.073365237227699998 0.49458825498199999 6
    endloop
  endfacet
  facet normal 0.17096188872951815 0.9852776423942825 -0
    outer loop
      vertex 0.097545161008099998 0.49039264020200002 3
      vertex 0.073365237227699998 0.49458825498199999 6
      vertex 0.097545161008099998 0.49039264020200002 6
    endloop
  endfacet
  facet normal 0.12241067521094091 0.9924795345972639 0
    outer loop
      vertex 0.073365237227699998 0.49458825498199999 3
      vertex 0.049008570164800001 0.49759236333599999 3
      vertex 0.049008570164800001 0.49759236333599999 6
    endloop
  endfacet
  facet normal 0.12241067521094091 0.9924795345972639 -0
    outer loop
      vertex 0.073365237227699998 0.49458825498199999 3
      vertex 0.049008570164800001 0.49759236333599999 6
      vertex 0.073365237227699998 0.49458825498199999 6
    endloop
  endfacet
  facet normal 0.073564563620341361 0.9972904566771652 0
    outer loop
      vertex 0.049008570164800001 0.49759236333599999 3
      vertex 0.024533837163700001 0.49939772810299998 3
      vertex 0.024533837163700001 0.49939772810299998 6
    endloop
  endfacet
  facet normal 0.073564563620341361 0.9972904566771652 -0
    outer loop
      vertex 0.049008570164800001 0.49759236333599999 3
      vertex 0.024533837163700001 0.49939772810299998 6
      vertex 0.049008570164800001 0.49759236333599999 6
    endloop
  endfacet
  facet normal 0.024541228506070618 0.9996988186966177 0
    outer loop
      vertex 0.024533837163700001 0.49939772810299998 3
      vertex 3.0616169978700002e-17 0.5 3
      vertex 3.0616169978700002e-17 0.5 6
    endloop
  endfacet
  facet normal 0.024541228506070618 0.9996988186966177 -0
    outer loop
      vertex 0.024533837163700001 0.49939772810299998 3
      vertex 3.0616169978700002e-17 0.5 6
      vertex 0.024533837163700001 0.49939772810299998 6
    endloop
  endfacet
  facet normal -0.024541228506070552 0.9996988186966177 0
    outer loop
      vertex 3.0616169978700002e-17 0.5 3
      vertex -0.024533837163700001 0.49939772810299998 3
      vertex -0.024533837163700001 0.49939772810299998 6
    endloop
  endfacet
  facet normal -0.024541228506070552 0.9996988186966177 0
    outer loop
      vertex 3.0616169978700002e-17 0.5 3
      vertex -0.024533837163700001 0.49939772810299998 6
      vertex 3.0616169978700002e-17 0.5 6
    endloop
  endfacet
  facet normal -0.073564563620341361 0.9972904566771652 0
    outer loop
      vertex -0.024533837163700001 0.49939772810299998 3
      vertex -0.049008570164800001 0.49759236333599999 3
      vertex -0.049008570164800001 0.49759236333599999 6
    endloop
  endfacet
  facet normal -0.073564563620341361 0.9972904566771652 0
    outer loop
      vertex -0.024533837163700001 0.49939772810299998 3
      vertex -0.049008570164800001 0.49759236333599999 6
      vertex -0.024533837163700001 0.49939772810299998 6
    endloop
  endfacet
  facet normal -0.12241067521094091 0.9924795345972639 0
    outer loop
      vertex -0.049008570164800001 0.49759236333599999 3
      vertex -0.073365237227699998 0.49458825498199999 3
      vertex -0.073365237227699998 0.49458825498199999 6
    endloop
  endfacet
  facet normal -0.12241067521094091 0.9924795345972639 0
    outer loop
      vertex -0.049008570164800001 0.49759236333599999 3
      vertex -0.073365237227699998 0.49458825498199999 6
      vertex -0.049008570164800001 0.49759236333599999 6
    endloop
  endfacet
  facet normal -0.17096188872951815 0.9852776423942825 0
    outer loop
      vertex -0.073365237227699998 0.49458825498199999 3
      vertex -0.097545161008099998 0.49039264020200002 3
      vertex -0.097545161008099998 0.49039264020200002 6
    endloop
  endfacet
  facet normal -0.17096188872951815 0.9852776423942825 0
    outer loop
      vertex -0.073365237227699998 0.49458825498199999 3
      vertex -0.097545161008099998 0.49039264020200002 6
      vertex -0.073365237227699998 0.49458825498199999 6
    endloop
  endfacet
  facet normal -0.21910124017945473 0.97570213003345685 0
    outer loop
      vertex -0.097545161008099998 0.49039264020200002 3
      vertex -0.121490089952 0.48501562659699998 3
      vertex -0.121490089952 0.48501562659699998 6
    endloop
  endfacet
  facet normal -0.21910124017945473 0.97570213003345685 0
    outer loop
      vertex -0.097545161008099998 0.49039264020200002 3
      vertex -0.121490089952 0.48501562659699998 6
      vertex -0.097545161008099998 0.49039264020200002 6
    endloop
  endfacet
  facet normal -0.26671275747483247 0.96377606579545816 0
    outer loop
      vertex -0.121490089952 0.48501562659699998 3
      vertex -0.14514233862699999 0.478470167866 3
      vertex -0.14514233862699999 0.478470167866 6
    endloop
  endfacet
  facet normal -0.26671275747483247 0.96377606579545816 0
    outer loop
      vertex -0.121490089952 0.48501562659699998 3
      vertex -0.14514233862699999 0.478470167866 6
      vertex -0.121490089952 0.48501562659699998 6
    endloop
  endfacet
  facet normal -0.31368174037559615 0.94952818060073252 0
    outer loop
      vertex -0.14514233862699999 0.478470167866 3
      vertex -0.168444926696 0.47077203259200001 3
      vertex -0.168444926696 0.47077203259200001 6
    endloop
  endfacet
  facet normal -0.31368174037559615 0.94952818060073252 0
    outer loop
      vertex -0.14514233862699999 0.478470167866 3
      vertex -0.168444926696 0.47077203259200001 6
      vertex -0.14514233862699999 0.478470167866 6
    endloop
  endfacet
  facet normal -0.3598950365319743 0.93299279883590147 0
    outer loop
      vertex -0.168444926696 0.47077203259200001 3
      vertex -0.191341716183 0.46193976625599997 3
      vertex -0.191341716183 0.46193976625599997 6
    endloop
  endfacet
  facet normal -0.3598950365319743 0.93299279883590147 0
    outer loop
      vertex -0.168444926696 0.47077203259200001 3
      vertex -0.191341716183 0.46193976625599997 6
      vertex -0.168444926696 0.47077203259200001 6
    endloop
  endfacet
  facet normal -0.40524131401665492 0.91420975569835994 0
    outer loop
      vertex -0.191341716183 0.46193976625599997 3
      vertex -0.21377754671499999 0.451994646562 3
      vertex -0.21377754671499999 0.451994646562 6
    endloop
  endfacet
  facet normal -0.40524131401665492 0.91420975569835994 0
    outer loop
      vertex -0.191341716183 0.46193976625599997 3
      vertex -0.21377754671499999 0.451994646562 6
      vertex -0.191341716183 0.46193976625599997 6
    endloop
  endfacet
  facet normal -0.44961132966709921 0.89322430118922702 0
    outer loop
      vertex -0.21377754671499999 0.451994646562 3
      vertex -0.23569836841299999 0.440960632174 3
      vertex -0.23569836841299999 0.440960632174 6
    endloop
  endfacet
  facet normal -0.44961132966709921 0.89322430118922702 0
    outer loop
      vertex -0.21377754671499999 0.451994646562 3
      vertex -0.23569836841299999 0.440960632174 6
      vertex -0.21377754671499999 0.451994646562 6
    endloop
  endfacet
  facet normal -0.49289819222172415 0.87008699111327725 0
    outer loop
      vertex -0.23569836841299999 0.440960632174 3
      vertex -0.25705137209700002 0.428864305 3
      vertex -0.25705137209700002 0.428864305 6
    endloop
  endfacet
  facet normal -0.49289819222172415 0.87008699111327725 0
    outer loop
      vertex -0.23569836841299999 0.440960632174 3
      vertex -0.25705137209700002 0.428864305 6
      vertex -0.23569836841299999 0.440960632174 6
    endloop
  endfacet
  facet normal -0.53499761989457428 0.84485356524497235 0
    outer loop
      vertex -0.25705137209700002 0.428864305 3
      vertex -0.27778511650999999 0.415734806151 3
      vertex -0.27778511650999999 0.415734806151 6
    endloop
  endfacet
  facet normal -0.53499761989457428 0.84485356524497235 0
    outer loop
      vertex -0.25705137209700002 0.428864305 3
      vertex -0.27778511650999999 0.415734806151 6
      vertex -0.25705137209700002 0.428864305 6
    endloop
  endfacet
  facet normal -0.57580819142717365 0.81758481314501397 0
    outer loop
      vertex -0.27778511650999999 0.415734806151 3
      vertex -0.29784965224600002 0.40160376574000001 3
      vertex -0.29784965224600002 0.40160376574000001 6
    endloop
  endfacet
  facet normal -0.57580819142717365 0.81758481314501397 0
    outer loop
      vertex -0.27778511650999999 0.415734806151 3
      vertex -0.29784965224600002 0.40160376574000001 6
      vertex -0.27778511650999999 0.415734806151 6
    endloop
  endfacet
  facet normal -0.61523159057400756 0.78834642763177198 0
    outer loop
      vertex -0.29784965224600002 0.40160376574000001 3
      vertex -0.31719664208199999 0.38650522668100001 3
      vertex -0.31719664208199999 0.38650522668100001 6
    endloop
  endfacet
  facet normal -0.61523159057400756 0.78834642763177198 0
    outer loop
      vertex -0.29784965224600002 0.40160376574000001 3
      vertex -0.31719664208199999 0.38650522668100001 6
      vertex -0.29784965224600002 0.40160376574000001 6
    endloop
  endfacet
  facet normal -0.65317284295005307 0.75720884650969678 0
    outer loop
      vertex -0.31719664208199999 0.38650522668100001 3
      vertex -0.33577947742399999 0.37047556267699999 3
      vertex -0.33577947742399999 0.37047556267699999 6
    endloop
  endfacet
  facet normal -0.65317284295005307 0.75720884650969678 0
    outer loop
      vertex -0.31719664208199999 0.38650522668100001 3
      vertex -0.33577947742399999 0.37047556267699999 6
      vertex -0.31719664208199999 0.38650522668100001 6
    endloop
  endfacet
  facet normal -0.68954054474822646 0.72424708294084228 0
    outer loop
      vertex -0.33577947742399999 0.37047556267699999 3
      vertex -0.35355339059300001 0.35355339059300001 3
      vertex -0.35355339059300001 0.35355339059300001 6
    endloop
  endfacet
  facet normal -0.68954054474822646 0.72424708294084228 0
    outer loop
      vertex -0.33577947742399999 0.37047556267699999 3
      vertex -0.35355339059300001 0.35355339059300001 6
      vertex -0.33577947742399999 0.37047556267699999 6
    endloop
  endfacet
  facet normal -0.72424708294084228 0.68954054474822646 0
    outer loop
      vertex -0.35355339059300001 0.35355339059300001 3
      vertex -0.37047556267699999 0.33577947742399999 3
      vertex -0.37047556267699999 0.33577947742399999 6
    endloop
  endfacet
  facet normal -0.72424708294084228 0.68954054474822646 0
    outer loop
      vertex -0.35355339059300001 0.35355339059300001 3
      vertex -0.37047556267699999 0.33577947742399999 6
      vertex -0.35355339059300001 0.35355339059300001 6
    endloop
  endfacet
  facet normal -0.75720884650969666 0.65317284295005296 0
    outer loop
      vertex -0.37047556267699999 0.33577947742399999 3
      vertex -0.38650522668100001 0.31719664208199999 3
      vertex -0.38650522668100001 0.31719664208199999 6
    endloop
  endfacet
  facet normal -0.75720884650969666 0.65317284295005296 0
    outer loop
      vertex -0.37047556267699999 0.33577947742399999 3
      vertex -0.38650522668100001 0.31719664208199999 6
      vertex -0.37047556267699999 0.33577947742399999 6
    endloop
  endfacet
  facet normal -0.78834642763177198 0.61523159057400756 0
    outer loop
      vertex -0.38650522668100001 0.31719664208199999 3
      vertex -0.40160376574000001 0.29784965224600002 3
      vertex -0.40160376574000001 0.29784965224600002 6
    endloop
  endfacet
  facet normal -0.78834642763177198 0.61523159057400756 0
    outer loop
      vertex -0.38650522668100001 0.31719664208199999 3
      vertex -0.40160376574000001 0.29784965224600002 6
      vertex -0.38650522668100001 0.31719664208199999 6
    endloop
  endfacet
  facet normal -0.81758481314501397 0.57580819142717365 0
    outer loop
      vertex -0.40160376574000001 0.29784965224600002 3
      vertex -0.415734806151 0.27778511650999999 3
      vertex -0.415734806151 0.27778511650999999 6
    endloop
  endfacet
  facet normal -0.81758481314501397 0.57580819142717365 0
    outer loop
      vertex -0.40160376574000001 0.29784965224600002 3
      vertex -0.415734806151 0.27778511650999999 6
      vertex -0.40160376574000001 0.29784965224600002 6
    endloop
  endfacet
  facet normal -0.84485356524497235 0.53499761989457428 0
    outer loop
      vertex -0.415734806151 0.27778511650999999 3
      vertex -0.428864305 0.25705137209700002 3
      vertex -0.428864305 0.25705137209700002 6
    endloop
  endfacet
  facet normal -0.84485356524497235 0.53499761989457428 0
    outer loop
      vertex -0.415734806151 0.27778511650999999 3
      vertex -0.428864305 0.25705137209700002 6
      vertex -0.415734806151 0.27778511650999999 6
    endloop
  endfacet
  facet normal -0.87008699111327725 0.49289819222172415 0
    outer loop
      vertex -0.428864305 0.25705137209700002 3
      vertex -0.440960632174 0.23569836841299999 3
      vertex -0.440960632174 0.23569836841299999 6
    endloop
  endfacet
  facet normal -0.87008699111327725 0.49289819222172415 0
    outer loop
      vertex -0.428864305 0.25705137209700002 3
      vertex -0.440960632174 0.23569836841299999 6
      vertex -0.428864305 0.25705137209700002 6
    endloop
  endfacet
  facet normal -0.89322430118922702 0.44961132966709921 0
    outer loop
      vertex -0.440960632174 0.23569836841299999 3
      vertex -0.451994646562 0.21377754671499999 3
      vertex -0.451994646562 0.21377754671499999 6
    endloop
  endfacet
  facet normal -0.89322430118922702 0.44961132966709921 0
    outer loop
      vertex -0.440960632174 0.23569836841299999 3
      vertex -0.451994646562 0.21377754671499999 6
      vertex -0.440960632174 0.23569836841299999 6
    endloop
  endfacet
  facet normal -0.91420975569835994 0.40524131401665492 0
    outer loop
      vertex -0.451994646562 0.21377754671499999 3
      vertex -0.46193976625599997 0.191341716183 3
      vertex -0.46193976625599997 0.191341716183 6
    endloop
  endfacet
  facet normal -0.91420975569835994 0.40524131401665492 0
    outer loop
      vertex -0.451994646562 0.21377754671499999 3
      vertex -0.46193976625599997 0.191341716183 6
      vertex -0.451994646562 0.21377754671499999 6
    endloop
  endfacet
  facet normal -0.93299279883590147 0.3598950365319743 0
    outer loop
      vertex -0.46193976625599997 0.191341716183 3
      vertex -0.47077203259200001 0.168444926696 3
      vertex -0.47077203259200001 0.168444926696 6
    endloop
  endfacet
  facet normal -0.93299279883590147 0.3598950365319743 0
    outer loop
      vertex -0.46193976625599997 0.191341716183 3
      vertex -0.47077203259200001 0.168444926696 6
      vertex -0.46193976625599997 0.191341716183 6
    endloop
  endfacet
  facet normal -0.9495281806007323 0.3136817403755961 0
    outer loop
      vertex -0.47077203259200001 0.168444926696 3
      vertex -0.478470167866 0.14514233862699999 3
      vertex -0.478470167866 0.14514233862699999 6
    endloop
  endfacet
  facet normal -0.9495281806007323 0.3136817403755961 0
    outer loop
      vertex -0.47077203259200001 0.168444926696 3
      vertex -0.478470167866 0.14514233862699999 6
      vertex -0.47077203259200001 0.168444926696 6
    endloop
  endfacet
  facet normal -0.96377606579545816 0.26671275747483247 0
    outer loop
      vertex -0.478470167866 0.14514233862699999 3
      vertex -0.48501562659699998 0.121490089952 3
      vertex -0.48501562659699998 0.121490089952 6
    endloop
  endfacet
  facet normal -0.96377606579545816 0.26671275747483247 0
    outer loop
      vertex -0.478470167866 0.14514233862699999 3
      vertex -0.48501562659699998 0.121490089952 6
      vertex -0.478470167866 0.14514233862699999 6
    endloop
  endfacet
  facet normal -0.97570213003345685 0.21910124017945473 0
    outer loop
      vertex -0.48501562659699998 0.121490089952 3
      vertex -0.49039264020200002 0.097545161008099998 3
      vertex -0.49039264020200002 0.097545161008099998 6
    endloop
  endfacet
  facet normal -0.97570213003345685 0.21910124017945473 0
    outer loop
      vertex -0.48501562659699998 0.121490089952 3
      vertex -0.49039264020200002 0.097545161008099998 6
      vertex -0.48501562659699998 0.121490089952 6
    endloop
  endfacet
  facet normal -0.9852776423942825 0.17096188872951815 0
    outer loop
      vertex -0.49039264020200002 0.097545161008099998 3
      vertex -0.49458825498199999 0.073365237227699998 3
      vertex -0.49458825498199999 0.073365237227699998 6
    endloop
  endfacet
  facet normal -0.9852776423942825 0.17096188872951815 0
    outer loop
      vertex -0.49039264020200002 0.097545161008099998 3
      vertex -0.49458825498199999 0.073365237227699998 6
      vertex -0.49039264020200002 0.097545161008099998 6
    endloop
  endfacet
  facet normal -0.9924795345972639 0.12241067521094091 0
    outer loop
      vertex -0.49458825498199999 0.073365237227699998 3
      vertex -0.49759236333599999 0.049008570164800001 3
      vertex -0.49759236333599999 0.049008570164800001 6
    endloop
  endfacet
  facet normal -0.9924795345972639 0.12241067521094091 0
    outer loop
      vertex -0.49458825498199999 0.073365237227699998 3
      vertex -0.49759236333599999 0.049008570164800001 6
      vertex -0.49458825498199999 0.073365237227699998 6
    endloop
  endfacet
  facet normal -0.9972904566771652 0.073564563620341361 0
    outer loop
      vertex -0.49759236333599999 0.049008570164800001 3
      vertex -0.49939772810299998 0.024533837163700001 3
      vertex -0.49939772810299998 0.024533837163700001 6
    endloop
  endfacet
  facet normal -0.9972904566771652 0.073564563620341361 0
    outer loop
      vertex -0.49759236333599999 0.049008570164800001 3
      vertex -0.49939772810299998 0.024533837163700001 6
      vertex -0.49759236333599999 0.049008570164800001 6
    endloop
  endfacet
  facet normal -0.9996988186966177 0.024541228506070649 0
    outer loop
      vertex -0.49939772810299998 0.024533837163700001 3
      vertex -0.5 6.1232339957400004e-17 3
      vertex -0.5 6.1232339957400004e-17 6
    endloop
  endfacet
  facet normal -0.9996988186966177 0.024541228506070649 0
    outer loop
      vertex -0.49939772810299998 0.024533837163700001 3
      vertex -0.5 6.1232339957400004e-17 6
      vertex -0.49939772810299998 0.024533837163700001 6
    endloop
  endfacet
  facet normal -0.9996988186966177 -0.024541228506070521 0
    outer loop
      vertex -0.5 6.1232339957400004e-17 3
      vertex -0.49939772810299998 -0.024533837163700001 3
      vertex -0.49939772810299998 -0.024533837163700001 6
    endloop
  endfacet
  facet normal -0.9996988186966177 -0.024541228506070521 0
    outer loop
      vertex -0.5 6.1232339957400004e-17 3
      vertex -0.49939772810299998 -0.024533837163700001 6
      vertex -0.5 6.1232339957400004e-17 6
    endloop
  endfacet
  facet normal -0.9972904566771652 -0.073564563620341361 0
    outer loop
      vertex -0.49939772810299998 -0.024533837163700001 3
      vertex -0.49759236333599999 -0.049008570164800001 3
      vertex -0.49759236333599999 -0.049008570164800001 6
    endloop
  endfacet
  facet normal -0.9972904566771652 -0.073564563620341361 0
    outer loop
      vertex -0.49939772810299998 -0.024533837163700001 3
      vertex -0.49759236333599999 -0.049008570164800001 6
      vertex -0.49939772810299998 -0.024533837163700001 6
    endloop
  endfacet
  facet normal -0.9924795345972639 -0.12241067521094091 0
    outer loop
      vertex -0.49759236333599999 -0.049008570164800001 3
      vertex -0.49458825498199999 -0.073365237227699998 3
      vertex -0.49458825498199999 -0.073365237227699998 6
    endloop
  endfacet
  facet normal -0.9924795345972639 -0.12241067521094091 0
    outer loop
      vertex -0.49759236333599999 -0.049008570164800001 3
      vertex -0.49458825498199999 -0.073365237227699998 6
      vertex -0.49759236333599999 -0.049008570164800001 6
    endloop
  endfacet
  facet normal -0.9852776423942825 -0.17096188872951815 0
    outer loop
      vertex -0.49458825498199999 -0.073365237227699998 3
      vertex -0.49039264020200002 -0.097545161008099998 3
      vertex -0.49039264020200002 -0.097545161008099998 6
    endloop
  endfacet
  facet normal -0.9852776423942825 -0.17096188872951815 0
    outer loop
      vertex -0.49458825498199999 -0.073365237227699998 3
      vertex -0.49039264020200002 -0.097545161008099998 6
      vertex -0.49458825498199999 -0.073365237227699998 6
    endloop
  endfacet
  facet normal -0.97570213003345685 -0.21910124017945473 0
    outer loop
      vertex -0.49039264020200002 -0.097545161008099998 3
      vertex -0.48501562659699998 -0.121490089952 3
      vertex -0.48501562659699998 -0.121490089952 6
    endloop
  endfacet
  facet normal -0.97570213003345685 -0.21910124017945473 0
    outer loop
      vertex -0.49039264020200002 -0.097545161008099998 3
      vertex -0.48501562659699998 -0.121490089952 6
      vertex -0.49039264020200002 -0.097545161008099998 6
    endloop
  endfacet
  facet normal -0.96377606579545816 -0.26671275747483247 0
    outer loop
      vertex -0.48501562659699998 -0.121490089952 3
      vertex -0.478470167866 -0.14514233862699999 3
      vertex -0.478470167866 -0.14514233862699999 6
    endloop
  endfacet
  facet normal -0.96377606579545816 -0.26671275747483247 0
    outer loop
      vertex -0.48501562659699998 -0.121490089952 3
      vertex -0.478470167866 -0.14514233862699999 6
      vertex -0.48501562659699998 -0.121490089952 6
    endloop
  endfacet
  facet normal -0.9495281806007323 -0.3136817403755961 0
    outer loop
      vertex -0.478470167866 -0.14514233862699999 3
      vertex -0.47077203259200001 -0.168444926696 3
      vertex -0.47077203259200001 -0.168444926696 6
    endloop
  endfacet
  facet normal -0.9495281806007323 -0.3136817403755961 0
    outer loop
      vertex -0.478470167866 -0.14514233862699999 3
      vertex -0.47077203259200001 -0.168444926696 6
      vertex -0.478470167866 -0.14514233862699999 6
    endloop
  endfacet
  facet normal -0.93299279883590147 -0.3598950365319743 0
    outer loop
      vertex -0.47077203259200001 -0.168444926696 3
      vertex -0.46193976625599997 -0.191341716183 3
      vertex -0.46193976625599997 -0.191341716183 6
    endloop
  endfacet
  facet normal -0.93299279883590147 -0.3598950365319743 0
    outer loop
      vertex -0.47077203259200001 -0.168444926696 3
      vertex -0.46193976625599997 -0.191341716183 6
      vertex -0.47077203259200001 -0.168444926696 6
    endloop
  endfacet
  facet normal -0.91420975569835994 -0.40524131401665492 0
    outer loop
      vertex -0.46193976625599997 -0.191341716183 3
      vertex -0.451994646562 -0.21377754671499999 3
      vertex -0.451994646562 -0.21377754671499999 6
    endloop
  endfacet
  facet normal -0.91420975569835994 -0.40524131401665492 0
    outer loop
      vertex -0.46193976625599997 -0.191341716183 3
      vertex -0.451994646562 -0.21377754671499999 6
      vertex -0.46193976625599997 -0.191341716183 6
    endloop
  endfacet
  facet normal -0.89322430118922702 -0.44961132966709921 0
    outer loop
      vertex -0.451994646562 -0.21377754671499999 3
      vertex -0.440960632174 -0.23569836841299999 3
      vertex -0.440960632174 -0.23569836841299999 6
    endloop
  endfacet
  facet normal -0.89322430118922702 -0.44961132966709921 0
    outer loop
      vertex -0.451994646562 -0.21377754671499999 3
      vertex -0.440960632174 -0.23569836841299999 6
      vertex -0.451994646562 -0.21377754671499999 6
    endloop
  endfacet
  facet normal -0.87008699111327725 -0.49289819222172415 0
    outer loop
      vertex -0.440960632174 -0.23569836841299999 3
      vertex -0.428864305 -0.25705137209700002 3
      vertex -0.428864305 -0.25705137209700002 6
    endloop
  endfacet
  facet normal -0.87008699111327725 -0.49289819222172415 0
    outer loop
      vertex -0.440960632174 -0.23569836841299999 3
      vertex -0.428864305 -0.25705137209700002 6
      vertex -0.440960632174 -0.23569836841299999 6
    endloop
  endfacet
  facet normal -0.84485356524497235 -0.53499761989457428 0
    outer loop
      vertex -0.428864305 -0.25705137209700002 3
      vertex -0.415734806151 -0.27778511650999999 3
      vertex -0.415734806151 -0.27778511650999999 6
    endloop
  endfacet
  facet normal -0.84485356524497235 -0.53499761989457428 0
    outer loop
      vertex -0.428864305 -0.25705137209700002 3
      vertex -0.415734806151 -0.27778511650999999 6
      vertex -0.428864305 -0.25705137209700002 6
    endloop
  endfacet
  facet normal -0.81758481314501397 -0.57580819142717365 0
    outer loop
      vertex -0.415734806151 -0.27778511650999999 3
      vertex -0.40160376574000001 -0.29784965224600002 3
      vertex -0.40160376574000001 -0.29784965224600002 6
    endloop
  endfacet
  facet normal -0.81758481314501397 -0.57580819142717365 0
    outer loop
      vertex -0.415734806151 -0.27778511650999999 3
      vertex -0.40160376574000001 -0.29784965224600002 6
      vertex -0.415734806151 -0.27778511650999999 6
    endloop
  endfacet
  facet normal -0.78834642763177198 -0.61523159057400756 0
    outer loop
      vertex -0.40160376574000001 -0.29784965224600002 3
      vertex -0.38650522668100001 -0.31719664208199999 3
      vertex -0.38650522668100001 -0.31719664208199999 6
    endloop
  endfacet
  facet normal -0.78834642763177198 -0.61523159057400756 0
    outer loop
      vertex -0.40160376574000001 -0.29784965224600002 3
      vertex -0.38650522668100001 -0.31719664208199999 6
      vertex -0.40160376574000001 -0.29784965224600002 6
    endloop
  endfacet
  facet normal -0.75720884650969666 -0.65317284295005296 0
    outer loop
      vertex -0.38650522668100001 -0.31719664208199999 3
      vertex -0.37047556267699999 -0.33577947742399999 3
      vertex -0.37047556267699999 -0.33577947742399999 6
    endloop
  endfacet
  facet normal -0.75720884650969666 -0.65317284295005296 0
    outer loop
      vertex -0.38650522668100001 -0.31719664208199999 3
      vertex -0.37047556267699999 -0.33577947742399999 6
      vertex -0.38650522668100001 -0.31719664208199999 6
    endloop
  endfacet
  facet normal -0.72424708294084228 -0.68954054474822646 0
    outer loop
      vertex -0.37047556267699999 -0.33577947742399999 3
      vertex -0.35355339059300001 -0.35355339059300001 3
      vertex -0.35355339059300001 -0.35355339059300001 6
    endloop
  endfacet
  facet normal -0.72424708294084228 -0.68954054474822646 0
    outer loop
      vertex -0.37047556267699999 -0.33577947742399999 3
      vertex -0.35355339059300001 -0.35355339059300001 6
      vertex -0.37047556267699999 -0.33577947742399999 6
    endloop
  endfacet
  facet normal -0.68954054474822646 -0.72424708294084228 0
    outer loop
      vertex -0.35355339059300001 -0.35355339059300001 3
      vertex -0.33577947742399999 -0.37047556267699999 3
      vertex -0.33577947742399999 -0.37047556267699999 6
    endloop
  endfacet
  facet normal -0.68954054474822646 -0.72424708294084228 0
    outer loop
      vertex -0.35355339059300001 -0.35355339059300001 3
      vertex -0.33577947742399999 -0.37047556267699999 6
      vertex -0.35355339059300001 -0.35355339059300001 6
    endloop
  endfacet
  facet normal -0.65317284295005307 -0.75720884650969678 0
    outer loop
      vertex -0.33577947742399999 -0.37047556267699999 3
      vertex -0.31719664208199999 -0.38650522668100001 3
      vertex -0.31719664208199999 -0.38650522668100001 6
    endloop
  endfacet
  facet normal -0.65317284295005307 -0.75720884650969678 0
    outer loop
      vertex -0.33577947742399999 -0.37047556267699999 3
      vertex -0.31719664208199999 -0.38650522668100001 6
      vertex -0.33577947742399999 -0.37047556267699999 6
    endloop
  endfacet
  facet normal -0.61523159057400756 -0.78834642763177198 0
    outer loop
      vertex -0.31719664208199999 -0.38650522668100001 3
      vertex -0.29784965224600002 -0.40160376574000001 3
      vertex -0.29784965224600002 -0.40160376574000001 6
    endloop
  endfacet
  facet normal -0.61523159057400756 -0.78834642763177198 0
    outer loop
      vertex -0.31719664208199999 -0.38650522668100001 3
      vertex -0.29784965224600002 -0.40160376574000001 6
      vertex -0.31719664208199999 -0.38650522668100001 6
    endloop
  endfacet
  facet normal -0.57580819142717365 -0.81758481314501397 0
    outer loop
      vertex -0.29784965224600002 -0.40160376574000001 3
      vertex -0.27778511650999999 -0.415734806151 3
      vertex -0.27778511650999999 -0.415734806151 6
    endloop
  endfacet
  facet normal -0.57580819142717365 -0.81758481314501397 0
    outer loop
      vertex -0.29784965224600002 -0.40160376574000001 3
      vertex -0.27778511650999999 -0.415734806151 6
      vertex -0.29784965224600002 -0.40160376574000001 6
    endloop
  endfacet
  facet normal -0.53499761989457428 -0.84485356524497235 0
    outer loop
      vertex -0.27778511650999999 -0.415734806151 3
      vertex -0.25705137209700002 -0.428864305 3
      vertex -0.25705137209700002 -0.428864305 6
    endloop
  endfacet
  facet normal -0.53499761989457428 -0.84485356524497235 0
    outer loop
      vertex -0.27778511650999999 -0.415734806151 3
      vertex -0.25705137209700002 -0.428864305 6
      vertex -0.27778511650999999 -0.415734806151 6
    endloop
  endfacet
  facet normal -0.49289819222172415 -0.87008699111327725 0
    outer loop
      vertex -0.25705137209700002 -0.428864305 3
      vertex -0.23569836841299999 -0.440960632174 3
      vertex -0.23569836841299999 -0.440960632174 6
    endloop
  endfacet
  facet normal -0.49289819222172415 -0.87008699111327725 0
    outer loop
      vertex -0.25705137209700002 -0.428864305 3
      vertex -0.23569836841299999 -0.440960632174 6
      vertex -0.25705137209700002 -0.428864305 6
    endloop
  endfacet
  facet normal -0.44961132966709921 -0.89322430118922702 0
    outer loop
      vertex -0.23569836841299999 -0.440960632174 3
      vertex -0.21377754671499999 -0.451994646562 3
      vertex -0.21377754671499999 -0.451994646562 6
    endloop
  endfacet
  facet normal -0.44961132966709921 -0.89322430118922702 0
    outer loop
      vertex -0.23569836841299999 -0.440960632174 3
      vertex -0.21377754671499999 -0.451994646562 6
      vertex -0.23569836841299999 -0.440960632174 6
    endloop
  endfacet
  facet normal -0.40524131401665492 -0.91420975569835994 0
    outer loop
      vertex -0.21377754671499999 -0.451994646562 3
      vertex -0.191341716183 -0.46193976625599997 3
      vertex -0.191341716183 -0.46193976625599997 6
    endloop
  endfacet
  facet normal -0.40524131401665492 -0.91420975569835994 0
    outer loop
      vertex -0.21377754671499999 -0.451994646562 3
      vertex -0.191341716183 -0.46193976625599997 6
      vertex -0.21377754671499999 -0.451994646562 6
    endloop
  endfacet
  facet normal -0.3598950365319743 -0.93299279883590147 0
    outer loop
      vertex -0.191341716183 -0.46193976625599997 3
      vertex -0.168444926696 -0.47077203259200001 3
      vertex -0.168444926696 -0.47077203259200001 6
    endloop
  endfacet
  facet normal -0.3598950365319743 -0.93299279883590147 0
    outer loop
      vertex -0.191341716183 -0.46193976625599997 3
      vertex -0.168444926696 -0.47077203259200001 6
      vertex -0.191341716183 -0.46193976625599997 6
    endloop
  endfacet
  facet normal -0.31368174037559615 -0.94952818060073252 0
    outer loop
      vertex -0.168444926696 -0.47077203259200001 3
      vertex -0.14514233862699999 -0.478470167866 3
      vertex -0.14514233862699999 -0.478470167866 6
    endloop
  endfacet
  facet normal -0.31368174037559615 -0.94952818060073252 0
    outer loop
      vertex -0.168444926696 -0.47077203259200001 3
      vertex -0.14514233862699999 -0.478470167866 6
      vertex -0.168444926696 -0.47077203259200001 6
    endloop
  endfacet
  facet normal -0.26671275747483247 -0.96377606579545816 0
    outer loop
      vertex -0.14514233862699999 -0.478470167866 3
      vertex -0.121490089952 -0.48501562659699998 3
      vertex -0.121490089952 -0.48501562659699998 6
    endloop
  endfacet
  facet normal -0.26671275747483247 -0.96377606579545816 0
    outer loop
      vertex -0.14514233862699999 -0.478470167866 3
      vertex -0.121490089952 -0.48501562659699998 6
      vertex -0.14514233862699999 -0.478470167866 6
    endloop
  endfacet
  facet normal -0.21910124017945473 -0.97570213003345685 0
    outer loop
      vertex -0.121490089952 -0.48501562659699998 3
      vertex -0.097545161008099998 -0.49039264020200002 3
      vertex -0.097545161008099998 -0.49039264020200002 6
    endloop
  endfacet
  facet normal -0.21910124017945473 -0.97570213003345685 0
    outer loop
      vertex -0.121490089952 -0.48501562659699998 3
      vertex -0.097545161008099998 -0.49039264020200002 6
      vertex -0.121490089952 -0.48501562659699998 6
    endloop
  endfacet
  facet normal -0.17096188872951815 -0.9852776423942825 0
    outer loop
      vertex -0.097545161008099998 -0.49039264020200002 3
      vertex -0.073365237227699998 -0.49458825498199999 3
      vertex -0.073365237227699998 -0.49458825498199999 6
    endloop
  endfacet
  facet normal -0.17096188872951815 -0.9852776423942825 0
    outer loop
      vertex -0.097545161008099998 -0.49039264020200002 3
      vertex -0.073365237227699998 -0.49458825498199999 6
      vertex -0.097545161008099998 -0.49039264020200002 6
    endloop
  endfacet
  facet normal -0.12241067521094091 -0.9924795345972639 0
    outer loop
      vertex -0.073365237227699998 -0.49458825498199999 3
      vertex -0.049008570164800001 -0.49759236333599999 3
      vertex -0.049008570164800001 -0.49759236333599999 6
    endloop
  endfacet
  facet normal -0.12241067521094091 -0.9924795345972639 0
    outer loop
      vertex -0.073365237227699998 -0.49458825498199999 3
      vertex -0.049008570164800001 -0.49759236333599999 6
      vertex -0.073365237227699998 -0.49458825498199999 6
    endloop
  endfacet
  facet normal -0.073564563620341361 -0.9972904566771652 0
    outer loop
      vertex -0.049008570164800001 -0.49759236333599999 3
      vertex -0.024533837163700001 -0.49939772810299998 3
      vertex -0.024533837163700001 -0.49939772810299998 6
    endloop
  endfacet
  facet normal -0.073564563620341361 -0.9972904566771652 0
    outer loop
      vertex -0.049008570164800001 -0.49759236333599999 3
      vertex -0.024533837163700001 -0.49939772810299998 6
      vertex -0.049008570164800001 -0.49759236333599999 6
    endloop
  endfacet
  facet normal -0.024541228506070677 -0.9996988186966177 0
    outer loop
      vertex -0.024533837163700001 -0.49939772810299998 3
      vertex -9.1848509936099999e-17 -0.5 3
      vertex -9.1848509936099999e-17 -0.5 6
    endloop
  endfacet
  facet normal -0.024541228506070677 -0.9996988186966177 0
    outer loop
      vertex -0.024533837163700001 -0.49939772810299998 3
      vertex -9.1848509936099999e-17 -0.5 6
      vertex -0.024533837163700001 -0.49939772810299998 6
    endloop
  endfacet
  facet normal 0.024541228506070493 -0.9996988186966177 0
    outer loop
      vertex -9.1848509936099999e-17 -0.5 3
      vertex 0.024533837163700001 -0.49939772810299998 3
      vertex 0.024533837163700001 -0.49939772810299998 6
    endloop
  endfacet
  facet normal 0.024541228506070493 -0.9996988186966177 0
    outer loop
      vertex -9.1848509936099999e-17 -0.5 3
      vertex 0.024533837163700001 -0.49939772810299998 6
      vertex -9.1848509936099999e-17 -0.5 6
    endloop
  endfacet
  facet normal 0.073564563620341361 -0.9972904566771652 0
    outer loop
      vertex 0.024533837163700001 -0.49939772810299998 3
      vertex 0.049008570164800001 -0.49759236333599999 3
      vertex 0.049008570164800001 -0.49759236333599999 6
    endloop
  endfacet
  facet normal 0.073564563620341361 -0.9972904566771652 0
    outer loop
      vertex 0.024533837163700001 -0.49939772810299998 3
      vertex 0.049008570164800001 -0.49759236333599999 6
      vertex 0.024533837163700001 -0.49939772810299998 6
    endloop
  endfacet
  facet normal 0.12241067521094091 -0.9924795345972639 0
    outer loop
      vertex 0.049008570164800001 -0.49759236333599999 3
      vertex 0.073365237227699998 -0.49458825498199999 3
      vertex 0.073365237227699998 -0.49458825498199999 6
    endloop
  endfacet
  facet normal 0.12241067521094091 -0.9924795345972639 0
    outer loop
      vertex 0.049008570164800001 -0.49759236333599999 3
      vertex 0.073365237227699998 -0.49458825498199999 6
      vertex 0.049008570164800001 -0.49759236333599999 6
    endloop
  endfacet
  facet normal 0.17096188872951815 -0.9852776423942825 0
    outer loop
      vertex 0.073365237227699998 -0.49458825498199999 3
      vertex 0.097545161008099998 -0.49039264020200002 3
      vertex 0.097545161008099998 -0.49039264020200002 6
    endloop
  endfacet
  facet normal 0.17096188872951815 -0.9852776423942825 0
    outer loop
      vertex 0.073365237227699998 -0.49458825498199999 3
      vertex 0.097545161008099998 -0.49039264020200002 6
      vertex 0.073365237227699998 -0.49458825498199999 6
    endloop
  endfacet
  facet normal 0.21910124017945473 -0.97570213003345685 0
    outer loop
      vertex 0.097545161008099998 -0.49039264020200002 3
      vertex 0.121490089952 -0.48501562659699998 3
      vertex 0.121490089952 -0.48501562659699998 6
    endloop
  endfacet
  facet normal 0.21910124017945473 -0.97570213003345685 0
    outer loop
      vertex 0.097545161008099998 -0.49039264020200002 3
      vertex 0.121490089952 -0.48501562659699998 6
      vertex 0.097545161008099998 -0.49039264020200002 6
    endloop
  endfacet
  facet normal 0.26671275747483247 -0.96377606579545816 0
    outer loop
      vertex 0.121490089952 -0.48501562659699998 3
      vertex 0.14514233862699999 -0.478470167866 3
      vertex 0.14514233862699999 -0.478470167866 6
    endloop
  endfacet
  facet normal 0.26671275747483247 -0.96377606579545816 0
    outer loop
      vertex 0.121490089952 -0.48501562659699998 3
      vertex 0.14514233862699999 -0.478470167866 6
      vertex 0.121490089952 -0.48501562659699998 6
    endloop
  endfacet
  facet normal 0.31368174037559615 -0.94952818060073252 0
    outer loop
      vertex 0.14514233862699999 -0.478470167866 3
      vertex 0.168444926696 -0.47077203259200001 3
      vertex 0.168444926696 -0.47077203259200001 6
    endloop
  endfacet
  facet normal 0.31368174037559615 -0.94952818060073252 0
    outer loop
      vertex 0.14514233862699999 -0.478470167866 3
      vertex 0.168444926696 -0.47077203259200001 6
      vertex 0.14514233862699999 -0.478470167866 6
    endloop
  endfacet
  facet normal 0.3598950365319743 -0.93299279883590147 0
    outer loop
      vertex 0.168444926696 -0.47077203259200001 3
      vertex 0.191341716183 -0.46193976625599997 3
      vertex 0.191341716183 -0.46193976625599997 6
    endloop
  endfacet
  facet normal 0.3598950365319743 -0.93299279883590147 0
    outer loop
      vertex 0.168444926696 -0.47077203259200001 3
      vertex 0.191341716183 -0.46193976625599997 6
      vertex 0.168444926696 -0.47077203259200001 6
    endloop
  endfacet
  facet normal 0.40524131401665492 -0.91420975569835994 0
    outer loop
      vertex 0.191341716183 -0.46193976625599997 3
      vertex 0.21377754671499999 -0.451994646562 3
      vertex 0.21377754671499999 -0.451994646562 6
    endloop
  endfacet
  facet normal 0.40524131401665492 -0.91420975569835994 0
    outer loop
      vertex 0.191341716183 -0.46193976625599997 3
      vertex 0.21377754671499999 -0.451994646562 6
      vertex 0.191341716183 -0.46193976625599997 6
    endloop
  endfacet
  facet normal 0.44961132966709921 -0.89322430118922702 0
    outer loop
      vertex 0.21377754671499999 -0.451994646562 3
      vertex 0.23569836841299999 -0.440960632174 3
      vertex 0.23569836841299999 -0.440960632174 6
    endloop
  endfacet
  facet normal 0.44961132966709921 -0.89322430118922702 0
    outer loop
      vertex 0.21377754671499999 -0.451994646562 3
      vertex 0.23569836841299999 -0.440960632174 6
      vertex 0.21377754671499999 -0.451994646562 6
    endloop
  endfacet
  facet normal 0.49289819222172415 -0.87008699111327725 0
    outer loop
      vertex 0.23569836841299999 -0.440960632174 3
      vertex 0.25705137209700002 -0.428864305 3
      vertex 0.25705137209700002 -0.428864305 6
    endloop
  endfacet
  facet normal 0.49289819222172415 -0.87008699111327725 0
    outer loop
      vertex 0.23569836841299999 -0.440960632174 3
      vertex 0.25705137209700002 -0.428864305 6
      vertex 0.23569836841299999 -0.440960632174 6
    endloop
  endfacet
  facet normal 0.53499761989457428 -0.84485356524497235 0
    outer loop
      vertex 0.25705137209700002 -0.428864305 3
      vertex 0.27778511650999999 -0.415734806151 3
      vertex 0.27778511650999999 -0.415734806151 6
    endloop
  endfacet
  facet normal 0.53499761989457428 -0.84485356524497235 0
    outer loop
      vertex 0.25705137209700002 -0.428864305 3
      vertex 0.27778511650999999 -0.415734806151 6
      vertex 0.25705137209700002 -0.428864305 6
    endloop
  endfacet
  facet normal 0.57580819142717365 -0.81758481314501397 0
    outer loop
      vertex 0.27778511650999999 -0.415734806151 3
      vertex 0.29784965224600002 -0.40160376574000001 3
      vertex 0.29784965224600002 -0.40160376574000001 6
    endloop
  endfacet
  facet normal 0.57580819142717365 -0.81758481314501397 0
    outer loop
      vertex 0.27778511650999999 -0.415734806151 3
      vertex 0.29784965224600002 -0.40160376574000001 6
      vertex 0.27778511650999999 -0.415734806151 6
    endloop
  endfacet
  facet normal 0.61523159057400756 -0.78834642763177198 0
    outer loop
      vertex 0.29784965224600002 -0.40160376574000001 3
      vertex 0.31719664208199999 -0.38650522668100001 3
      vertex 0.31719664208199999 -0.38650522668100001 6
    endloop
  endfacet
  facet normal 0.61523159057400756 -0.78834642763177198 0
    outer loop
      vertex 0.29784965224600002 -0.40160376574000001 3
      vertex 0.31719664208199999 -0.38650522668100001 6
      vertex 0.29784965224600002 -0.40160376574000001 6
    endloop
  endfacet
  facet normal 0.65317284295005307 -0.75720884650969678 0
    outer loop
      vertex 0.31719664208199999 -0.38650522668100001 3
      vertex 0.33577947742399999 -0.37047556267699999 3
      vertex 0.33577947742399999 -0.37047556267699999 6
    endloop
  endfacet
  facet normal 0.65317284295005307 -0.75720884650969678 0
    outer loop
      vertex 0.31719664208199999 -0.38650522668100001 3
      vertex 0.33577947742399999 -0.37047556267699999 6
      vertex 0.31719664208199999 -0.38650522668100001 6
    endloop
  endfacet
  facet normal 0.68954054474822646 -0.72424708294084228 0
    outer loop
      vertex 0.33577947742399999 -0.37047556267699999 3
      vertex 0.35355339059300001 -0.35355339059300001 3
      vertex 0.35355339059300001 -0.35355339059300001 6
    endloop
  endfacet
  facet normal 0.68954054474822646 -0.72424708294084228 0
    outer loop
      vertex 0.33577947742399999 -0.37047556267699999 3
      vertex 0.35355339059300001 -0.35355339059300001 6
      vertex 0.33577947742399999 -0.37047556267699999 6
    endloop
  endfacet
  facet normal 0.72424708294084228 -0.68954054474822646 0
    outer loop
      vertex 0.35355339059300001 -0.35355339059300001 3
      vertex 0.37047556267699999 -0.33577947742399999 3
      vertex 0.37047556267699999 -0.33577947742399999 6
    endloop
  endfacet
  facet normal 0.72424708294084228 -0.68954054474822646 0
    outer loop
      vertex 0.35355339059300001 -0.35355339059300001 3
      vertex 0.37047556267699999 -0.33577947742399999 6
      vertex 0.35355339059300001 -0.35355339059300001 6
    endloop
  endfacet
  facet normal 0.75720884650969666 -0.65317284295005296 0
    outer loop
      vertex 0.37047556267699999 -0.33577947742399999 3
      vertex 0.38650522668100001 -0.31719664208199999 3
      vertex 0.38650522668100001 -0.31719664208199999 6
    endloop
  endfacet
  facet normal 0.75720884650969666 -0.65317284295005296 0
    outer loop
      vertex 0.37047556267699999 -0.33577947742399999 3
      vertex 0.38650522668100001 -0.31719664208199999 6
      vertex 0.37047556267699999 -0.33577947742399999 6
    endloop
  endfacet
  facet normal 0.78834642763177198 -0.61523159057400756 0
    outer loop
      vertex 0.38650522668100001 -0.31719664208199999 3
      vertex 0.40160376574000001 -0.29784965224600002 3
      vertex 0.40160376574000001 -0.29784965224600002 6
    endloop
  endfacet
  facet normal 0.78834642763177198 -0.61523159057400756 0
    outer loop
      vertex 0.38650522668100001 -0.31719664208199999 3
      vertex 0.40160376574000001 -0.29784965224600002 6
      vertex 0.38650522668100001 -0.31719664208199999 6
    endloop
  endfacet
  facet normal 0.81758481314501397 -0.57580819142717365 0
    outer loop
      vertex 0.40160376574000001 -0.29784965224600002 3
      vertex 0.415734806151 -0.27778511650999999 3
      vertex 0.415734806151 -0.27778511650999999 6
    endloop
  endfacet
  facet normal 0.81758481314501397 -0.57580819142717365 0
    outer loop
      vertex 0.40160376574000001 -0.29784965224600002 3
      vertex 0.415734806151 -0.27778511650999999 6
      vertex 0.40160376574000001 -0.29784965224600002 6
    endloop
  endfacet
  facet normal 0.84485356524497235 -0.53499761989457428 0
    outer loop
      vertex 0.415734806151 -0.27778511650999999 3
      vertex 0.428864305 -0.25705137209700002 3
      vertex 0.428864305 -0.25705137209700002 6
    endloop
  endfacet
  facet normal 0.84485356524497235 -0.53499761989457428 0
    outer loop
      vertex 0.415734806151 -0.27778511650999999 3
      vertex 0.428864305 -0.25705137209700002 6
      vertex 0.415734806151 -0.27778511650999999 6
    endloop
  endfacet
  facet normal 0.87008699111327725 -0.49289819222172415 0
    outer loop
      vertex 0.428864305 -0.25705137209700002 3
      vertex 0.440960632174 -0.23569836841299999 3
      vertex 0.440960632174 -0.23569836841299999 6
    endloop
  endfacet
  facet normal 0.87008699111327725 -0.49289819222172415 0
    outer loop
      vertex 0.428864305 -0.25705137209700002 3
      vertex 0.440960632174 -0.23569836841299999 6
      vertex 0.428864305 -0.25705137209700002 6
    endloop
  endfacet
  facet normal 0.89322430118922702 -0.44961132966709921 0
    outer loop
      vertex 0.440960632174 -0.23569836841299999 3
      vertex 0.451994646562 -0.21377754671499999 3
      vertex 0.451994646562 -0.21377754671499999 6
    endloop
  endfacet
  facet normal 0.89322430118922702 -0.44961132966709921 0
    outer loop
      vertex 0.440960632174 -0.23569836841299999 3
      vertex 0.451994646562 -0.21377754671499999 6
      vertex 0.440960632174 -0.23569836841299999 6
    endloop
  endfacet
  facet normal 0.91420975569835994 -0.40524131401665492 0
    outer loop
      vertex 0.451994646562 -0.21377754671499999 3
      vertex 0.46193976625599997 -0.191341716183 3
      vertex 0.46193976625599997 -0.191341716183 6
    endloop
  endfacet
  facet normal 0.91420975569835994 -0.40524131401665492 0
    outer loop
      vertex 0.451994646562 -0.21377754671499999 3
      vertex 0.46193976625599997 -0.191341716183 6
      vertex 0.451994646562 -0.21377754671499999 6
    endloop
  endfacet
  facet normal 0.93299279883590147 -0.3598950365319743 0
    outer loop
      vertex 0.46193976625599997 -0.191341716183 3
      vertex 0.47077203259200001 -0.168444926696 3
      vertex 0.47077203259200001 -0.168444926696 6
    endloop
  endfacet
  facet normal 0.93299279883590147 -0.3598950365319743 0
    outer loop
      vertex 0.46193976625599997 -0.191341716183 3
      vertex 0.47077203259200001 -0.168444926696 6
      vertex 0.46193976625599997 -0.191341716183 6
    endloop
  endfacet
  facet normal 0.9495281806007323 -0.3136817403755961 0
    outer loop
      vertex 0.47077203259200001 -0.168444926696 3
      vertex 0.478470167866 -0.14514233862699999 3
      vertex 0.478470167866 -0.14514233862699999 6
    endloop
  endfacet
  facet normal 0.9495281806007323 -0.3136817403755961 0
    outer loop
      vertex 0.47077203259200001 -0.168444926696 3
      vertex 0.478470167866 -0.14514233862699999 6
      vertex 0.47077203259200001 -0.168444926696 6
    endloop
  endfacet
  facet normal 0.96377606579545816 -0.26671275747483247 0
    outer loop
      vertex 0.478470167866 -0.14514233862699999 3
      vertex 0.48501562659699998 -0.121490089952 3
      vertex 0.48501562659699998 -0.121490089952 6
    endloop
  endfacet
  facet normal 0.96377606579545816 -0.26671275747483247 0
    outer loop
      vertex 0.478470167866 -0.14514233862699999 3
      vertex 0.48501562659699998 -0.121490089952 6
      vertex 0.478470167866 -0.14514233862699999 6
    endloop
  endfacet
  facet normal 0.97570213003345685 -0.21910124017945473 0
    outer loop
      vertex 0.48501562659699998 -0.121490089952 3
      vertex 0.49039264020200002 -0.097545161008099998 3
      vertex 0.49039264020200002 -0.097545161008099998 6
    endloop
  endfacet
  facet normal 0.97570213003345685 -0.21910124017945473 0
    outer loop
      vertex 0.48501562659699998 -0.121490089952 3
      vertex 0.49039264020200002 -0.097545161008099998 6
      vertex 0.48501562659699998 -0.121490089952 6
    endloop
  endfacet
  facet normal 0.9852776423942825 -0.17096188872951815 0
    outer loop
      vertex 0.49039264020200002 -0.097545161008099998 3
      vertex 0.49458825498199999 -0.073365237227699998 3
      vertex 0.49458825498199999 -0.073365237227699998 6
    endloop
  endfacet
  facet normal 0.9852776423942825 -0.17096188872951815 0
    outer loop
      vertex 0.49039264020200002 -0.097545161008099998 3
      vertex 0.49458825498199999 -0.073365237227699998 6
      vertex 0.49039264020200002 -0.097545161008099998 6
    endloop
  endfacet
  facet normal 0.9924795345972639 -0.12241067521094091 0
    outer loop
      vertex 0.49458825498199999 -0.073365237227699998 3
      vertex 0.49759236333599999 -0.049008570164800001 3
      vertex 0.49759236333599999 -0.049008570164800001 6
    endloop
  endfacet
  facet normal 0.9924795345972639 -0.12241067521094091 0
    outer loop
      vertex 0.49458825498199999 -0.073365237227699998 3
      vertex 0.49759236333599999 -0.049008570164800001 6
      vertex 0.49458825498199999 -0.073365237227699998 6
    endloop
  endfacet
  facet normal 0.9972904566771652 -0.073564563620341361 0
    outer loop
      vertex 0.49759236333599999 -0.049008570164800001 3
      vertex 0.49939772810299998 -0.024533837163700001 3
      vertex 0.49939772810299998 -0.024533837163700001 6
    endloop
  endfacet
  facet normal 0.9972904566771652 -0.073564563620341361 0
    outer loop
      vertex 0.49759236333599999 -0.049008570164800001 3
      vertex 0.49939772810299998 -0.024533837163700001 6
      vertex 0.49759236333599999 -0.049008570164800001 6
    endloop
  endfacet
  facet normal 0.9996988186966177 -0.024541228506070704 0
    outer loop
      vertex 0.49939772810299998 -0.024533837163700001 3
      vertex 0.5 -1.2246467991500001e-16 3
      vertex 0.5 -1.2246467991500001e-16 6
    endloop
  endfacet
  facet normal 0.9996988186966177 -0.024541228506070704 0
    outer loop
      vertex 0.49939772810299998 -0.024533837163700001 3
      vertex 0.5 -1.2246467991500001e-16 6
      vertex 0.49939772810299998 -0.024533837163700001 6
    endloop
  endfacet
  facet normal 0 0 1
    outer loop
      vertex 0 0 6
      vertex 0.5 0 6
      vertex 0.49939772810299998 0.024533837163700001 6
    endloop
  endfacet
  facet normal 0 0 -1
    outer loop
      vertex 0 0 -6
      vertex 0.49939772810299998 0.024533837163700001 -6
      vertex 0.5 0 -6
    endloop
  endfacet
  facet normal 0 0 1
    outer loop
      vertex 0 0 6
      vertex 0.49939772810299998 0.024533837163700001 6
      vertex 0.49759236333599999 0.049008570164800001 6
    endloop
  endfacet
  facet normal 0 0 -1
    outer loop
      vertex 0 0 -6
      vertex 0.49759236333599999 0.049008570164800001 -6
      vertex 0.49939772810299998 0.024533837163700001 -6
    endloop
  endfacet
  facet normal 0 0 1
    outer loop
      vertex 0 0 6
      vertex 0.49759236333599999 0.049008570164800001 6
      vertex 0.49458825498199999 0.073365237227699998 6
    endloop
  endfacet
  facet normal 0 0 -1
    outer loop
      vertex 0 0 -6
      vertex 0.49458825498199999 0.073365237227699998 -6
      vertex 0.49759236333599999 0.049008570164800001 -6
    endloop
  endfacet
  facet normal 0 0 1
    outer loop
      vertex 0 0 6
      vertex 0.49458825498199999 0.073365237227699998 6
      vertex 0.49039264020200002 0.097545161008099998 6
    endloop
  endfacet
  facet normal 0 0 -1
    outer loop
      vertex 0 0 -6
      vertex 0.49039264020200002 0.097545161008099998 -6
      vertex 0.49458825498199999 0.073365237227699998 -6
    endloop
  endfacet
  facet normal 0 0 1
    outer loop
      vertex 0 0 6
      vertex 0.49039264020200002 0.097545161008099998 6
      vertex 0.48501562659699998 0.121490089952 6
    endloop
  endfacet
  facet normal 0 0 -1
    outer loop
      vertex 0 0 -6
      vertex 0.48501562659699998 0.121490089952 -6
      vertex 0.49039264020200002 0.097545161008099998 -6
    endloop
  endfacet
  facet normal 0 0 1
    outer loop
      vertex 0 0 6
      vertex 0.48501562659699998 0.121490089952 6
      vertex 0.478470167866 0.14514233862699999 6
    endloop
  endfacet
  facet normal 0 0 -1
    outer loop
      vertex 0 0 -6
      vertex 0.478470167866 0.14514233862699999 -6
      vertex 0.48501562659699998 0.121490089952 -6
    endloop
  endfacet
  facet normal 0 0 1
    outer loop
      vertex 0 0 6
      vertex 0.478470167866 0.14514233862699999 6
      vertex 0.47077203259200001 0.168444926696 6
    endloop
  endfacet
  facet normal 0 0 -1
    outer loop
      vertex 0 0 -6
      vertex 0.47077203259200001 0.168444926696 -6
      vertex 0.478470167866 0.14514233862699999 -6
    endloop
  endfacet
  facet normal 0 0 1
    outer loop
      vertex 0 0 6
      vertex 0.47077203259200001 0.168444926696 6
      vertex 0.46193976625599997 0.191341716183 6
    endloop
  endfacet
  facet normal 0 0 -1
    outer loop
      vertex 0 0 -6
      vertex 0.46193976625599997 0.191341716183 -6
      vertex 0.47077203259200001 0.168444926696 -6
    endloop
  endfacet
  facet normal 0 0 1
    outer loop
      vertex 0 0 6
      vertex 0.46193976625599997 0.191341716183 6
      vertex 0.451994646562 0.21377754671499999 6
    endloop
  endfacet
  facet normal 0 0 -1
    outer loop
      vertex 0 0 -6
      vertex 0.451994646562 0.21377754671499999 -6
      vertex 0.46193976625599997 0.191341716183 -6
    endloop
  endfacet
  facet normal 0 0 1
    outer loop
      vertex 0 0 6
      vertex 0.451994646562 0.21377754671499999 6
      vertex 0.440960632174 0.23569836841299999 6
    endloop
  endfacet
  facet normal 0 0 -1
    outer loop
      vertex 0 0 -6
      vertex 0.440960632174 0.23569836841299999 -6
      vertex 0.451994646562 0.21377754671499999 -6
    endloop
  endfacet
  facet normal 0 0 1
    outer loop
      vertex 0 0 6
      vertex 0.440960632174 0.23569836841299999 6
      vertex 0.428864305 0.25705137209700002 6
    endloop
  endfacet
  facet normal 0 0 -1
    outer loop
      vertex 0 0 -6
      vertex 0.428864305 0.25705137209700002 -6
      vertex 0.440960632174 0.23569836841299999 -6
    endloop
  endfacet
  facet normal 0 0 1
    outer loop
      vertex 0 0 6
      vertex 0.428864305 0.25705137209700002 6
      vertex 0.415734806151 0.27778511650999999 6
    endloop
  endfacet
  facet normal 0 0 -1
    outer loop
      vertex 0 0 -6
      vertex 0.415734806151 0.27778511650999999 -6
      vertex 0.428864305 0.25705137209700002 -6
    endloop
  endfacet
  facet normal 0 0 1
    outer loop
      vertex 0 0 6
      vertex 0.415734806151 0.27778511650999999 6
      vertex 0.40160376574000001 0.29784965224600002 6
    endloop
  endfacet
  facet normal 0 0 -1
    outer loop
      vertex 0 0 -6
      vertex 0.40160376574000001 0.29784965224600002 -6
      vertex 0.415734806151 0.27778511650999999 -6
    endloop
  endfacet
  facet normal 0 0 1
    outer loop
      vertex 0 0 6
      vertex 0.40160376574000001 0.29784965224600002 6
      vertex 0.38650522668100001 0.31719664208199999 6
    endloop
  endfacet
  facet normal 0 0 -1
    outer loop
      vertex 0 0 -6
      vertex 0.38650522668100001 0.31719664208199999 -6
      vertex 0.40160376574000001 0.29784965224600002 -6
    endloop
  endfacet
  facet normal 0 0 1
    outer loop
      vertex 0 0 6
      vertex 0.38650522668100001 0.31719664208199999 6
      vertex 0.37047556267699999 0.33577947742399999 6
    endloop
  endfacet
  facet normal 0 0 -1
    outer loop
      vertex 0 0 -6
      vertex 0.37047556267699999 0.33577947742399999 -6
      vertex 0.38650522668100001 0.31719664208199999 -6
    endloop
  endfacet
  facet normal 0 0 1
    outer loop
      vertex 0 0 6
      vertex 0.37047556267699999 0.33577947742399999 6
      vertex 0.35355339059300001 0.35355339059300001 6
    endloop
  endfacet
  facet normal 0 0 -1
    outer loop
      vertex 0 0 -6
      vertex 0.35355339059300001 0.35355339059300001 -6
      vertex 0.37047556267699999 0.33577947742399999 -6
    endloop
  endfacet
  facet normal 0 0 1
    outer loop
      vertex 0 0 6
      vertex 0.35355339059300001 0.35355339059300001 6
      vertex 0.33577947742399999 0.37047556267699999 6
    endloop
  endfacet
  facet normal 0 0 -1
    outer loop
      vertex 0 0 -6
      vertex 0.33577947742399999 0.37047556267699999 -6
      vertex 0.35355339059300001 0.35355339059300001 -6
    endloop
  endfacet
  facet normal 0 0 1
    outer loop
      vertex 0 0 6
      vertex 0.33577947742399999 0.37047556267699999 6
      vertex 0.31719664208199999 0.38650522668100001 6
    endloop
  endfacet
  facet normal 0 0 -1
    outer loop
      vertex 0 0 -6
      vertex 0.31719664208199999 0.38650522668100001 -6
      vertex 0.33577947742399999 0.37047556267699999 -6
    endloop
  endfacet
  facet normal 0 0 1
    outer loop
      vertex 0 0 6
      vertex 0.31719664208199999 0.38650522668100001 6
      vertex 0.29784965224600002 0.40160376574000001 6
    endloop
  endfacet
  facet normal 0 0 -1
    outer loop
      vertex 0 0 -6
      vertex 0.29784965224600002 0.40160376574000001 -6
      vertex 0.31719664208199999 0.38650522668100001 -6
    endloop
  endfacet
  facet normal 0 0 1
    outer loop
      vertex 0 0 6
      vertex 0.29784965224600002 0.40160376574000001 6
      vertex 0.27778511650999999 0.415734806151 6
    endloop
  endfacet
  facet normal 0 0 -1
    outer loop
      vertex 0 0 -6
      vertex 0.27778511650999999 0.415734806151 -6
      vertex 0.29784965224600002 0.40160376574000001 -6
    endloop
  endfacet
  facet normal 0 0 1
    outer loop
      vertex 0 0 6
      vertex 0.27778511650999999 0.415734806151 6
      vertex 0.25705137209700002 0.428864305 6
    endloop
  endfacet
  facet normal 0 0 -1
    outer loop
      vertex 0 0 -6
      vertex 0.25705137209700002 0.428864305 -6
      vertex 0.27778511650999999 0.415734806151 -6
    endloop
  endfacet
  facet normal 0 0 1
    outer loop
      vertex 0 0 6
      vertex 0.25705137209700002 0.428864305 6
      vertex 0.23569836841299999 0.440960632174 6
    endloop
  endfacet
  facet normal 0 0 -1
    outer loop
      vertex 0 0 -6
      vertex 0.23569836841299999 0.440960632174 -6
      vertex 0.25705137209700002 0.428864305 -6
    endloop
  endfacet
  facet normal 0 0 1
    outer loop
      vertex 0 0 6
      vertex 0.23569836841299999 0.440960632174 6
      vertex 0.21377754671499999 0.451994646562 6
    endloop
  endfacet
  facet normal 0 0 -1
    outer loop
      vertex 0 0 -6
      vertex 0.21377754671499999 0.451994646562 -6
      vertex 0.23569836841299999 0.440960632174 -6
    endloop
  endfacet
  facet normal 0 0 1
    outer loop
      vertex 0 0 6
      vertex 0.21377754671499999 0.451994646562 6
      vertex 0.191341716183 0.46193976625599997 6
    endloop
  endfacet
  facet normal 0 0 -1
    outer loop
      vertex 0 0 -6
      vertex 0.191341716183 0.46193976625599997 -6
      vertex 0.21377754671499999 0.451994646562 -6
    endloop
  endfacet
  facet normal 0 0 1
    outer loop
      vertex 0 0 6
      vertex 0.191341716183 0.46193976625599997 6
      vertex 0.168444926696 0.47077203259200001 6
    endloop
  endfacet
  facet normal 0 0 -1
    outer loop
      vertex 0 0 -6
      vertex 0.168444926696 0.47077203259200001 -6
      vertex 0.191341716183 0.46193976625599997 -6
    endloop
  endfacet
  facet normal 0 0 1
    outer loop
      vertex 0 0 6
      vertex 0.168444926696 0.47077203259200001 6
      vertex 0.14514233862699999 0.478470167866 6
    endloop
  endfacet
  facet normal 0 0 -1
    outer loop
      vertex 0 0 -6
      vertex 0.14514233862699999 0.478470167866 -6
      vertex 0.168444926696 0.47077203259200001 -6
    endloop
  endfacet
  facet normal 0 0 1
    outer loop
      vertex 0 0 6
      vertex 0.14514233862699999 0.478470167866 6
      vertex 0.121490089952 0.48501562659699998 6
    endloop
  endfacet
  facet normal 0 0 -1
    outer loop
      vertex 0 0 -6
      vertex 0.121490089952 0.48501562659699998 -6
      vertex 0.14514233862699999 0.478470167866 -6
    endloop
  endfacet
  facet normal 0 0 1
    outer loop
      vertex 0 0 6
      vertex 0.121490089952 0.48501562659699998 6
      vertex 0.097545161008099998 0.49039264020200002 6
    endloop
  endfacet
  facet normal 0 0 -1
    outer loop
      vertex 0 0 -6
      vertex 0.097545161008099998 0.49039264020200002 -6
      vertex 0.121490089952 0.48501562659699998 -6
    endloop
  endfacet
  facet normal 0 0 1
    outer loop
      vertex 0 0 6
      vertex 0.097545161008099998 0.49039264020200002 6
      vertex 0.073365237227699998 0.49458825498199999 6
    endloop
  endfacet
  facet normal 0 0 -1
    outer loop
      vertex 0 0 -6
      vertex 0.073365237227699998 0.49458825498199999 -6
      vertex 0.097545161008099998 0.49039264020200002 -6
    endloop
  endfacet
  facet normal 0 0 1
    outer loop
      vertex 0 0 6
      vertex 0.073365237227699998 0.49458825498199999 6
      vertex 0.049008570164800001 0.49759236333599999 6
    endloop
  endfacet
  facet normal 0 0 -1
    outer loop
      vertex 0 0 -6
      vertex 0.049008570164800001 0.49759236333599999 -6
      vertex 0.073365237227699998 0.49458825498199999 -6
    endloop
  endfacet
  facet normal 0 0 1
    outer loop
      vertex 0 0 6
      vertex 0.049008570164800001 0.49759236333599999 6
      vertex 0.024533837163700001 0.49939772810299998 6
    endloop
  endfacet
  facet normal 0 0 -1
    outer loop
      vertex 0 0 -6
      vertex 0.024533837163700001 0.49939772810299998 -6
      vertex 0.049008570164800001 0.49759236333599999 -6
    endloop
  endfacet
  facet normal 0 0 1
    outer loop
      vertex 0 0 6
      vertex 0.024533837163700001 0.49939772810299998 6
      vertex 3.0616169978700002e-17 0.5 6
    endloop
  endfacet
  facet normal 0 0 -1
    outer loop
      vertex 0 0 -6
      vertex 3.0616169978700002e-17 0.5 -6
      vertex 0.024533837163700001 0.49939772810299998 -6
    endloop
  endfacet
  facet normal 0 -0 1
    outer loop
      vertex 0 0 6
      vertex 3.0616169978700002e-17 0.5 6
      vertex -0.024533837163700001 0.49939772810299998 6
    endloop
  endfacet
  facet normal 0 0 -1
    outer loop
      vertex 0 0 -6
      vertex -0.024533837163700001 0.49939772810299998 -6
      vertex 3.0616169978700002e-17 0.5 -6
    endloop
  endfacet
  facet normal 0 0 1
    outer loop
      vertex 0 0 6
      vertex -0.024533837163700001 0.49939772810299998 6
      vertex -0.049008570164800001 0.49759236333599999 6
    endloop
  endfacet
  facet normal 0 0 -1
    outer loop
      vertex 0 0 -6
      vertex -0.049008570164800001 0.49759236333599999 -6
      vertex -0.024533837163700001 0.49939772810299998 -6
    endloop
  endfacet
  facet normal 0 0 1
    outer loop
      vertex 0 0 6
      vertex -0.049008570164800001 0.49759236333599999 6
      vertex -0.073365237227699998 0.49458825498199999 6
    endloop
  endfacet
  facet normal 0 0 -1
    outer loop
      vertex 0 0 -6
      vertex -0.073365237227699998 0.49458825498199999 -6
      vertex -0.049008570164800001 0.49759236333599999 -6
    endloop
  endfacet
  facet normal 0 0 1
    outer loop
      vertex 0 0 6
      vertex -0.073365237227699998 0.49458825498199999 6
      vertex -0.097545161008099998 0.49039264020200002 6
    endloop
  endfacet
  facet normal 0 0 -1
    outer loop
      vertex 0 0 -6
      vertex -0.097545161008099998 0.49039264020200002 -6
      vertex -0.073365237227699998 0.49458825498199999 -6
    endloop
  endfacet
  facet normal 0 0 1
    outer loop
      vertex 0 0 6
      vertex -0.097545161008099998 0.49039264020200002 6
      vertex -0.121490089952 0.48501562659699998 6
    endloop
  endfacet
  facet normal 0 0 -1
    outer loop
      vertex 0 0 -6
      vertex -0.121490089952 0.48501562659699998 -6
      vertex -0.097545161008099998 0.49039264020200002 -6
    endloop
  endfacet
  facet normal 0 0 1
    outer loop
      vertex 0 0 6
      vertex -0.121490089952 0.48501562659699998 6
      vertex -0.14514233862699999 0.478470167866 6
    endloop
  endfacet
  facet normal 0 0 -1
    outer loop
      vertex 0 0 -6
      vertex -0.14514233862699999 0.478470167866 -6
      vertex -0.121490089952 0.48501562659699998 -6
    endloop
  endfacet
  facet normal 0 0 1
    outer loop
      vertex 0 0 6
      vertex -0.14514233862699999 0.478470167866 6
      vertex -0.168444926696 0.47077203259200001 6
    endloop
  endfacet
  facet normal 0 0 -1
    outer loop
      vertex 0 0 -6
      vertex -0.168444926696 0.47077203259200001 -6
      vertex -0.14514233862699999 0.478470167866 -6
    endloop
  endfacet
  facet normal 0 0 1
    outer loop
      vertex 0 0 6
      vertex -0.168444926696 0.47077203259200001 6
      vertex -0.191341716183 0.46193976625599997 6
    endloop
  endfacet
  facet normal 0 0 -1
    outer loop
      vertex 0 0 -6
      vertex -0.191341716183 0.46193976625599997 -6
      vertex -0.168444926696 0.47077203259200001 -6
    endloop
  endfacet
  facet normal 0 0 1
    outer loop
      vertex 0 0 6
      vertex -0.191341716183 0.46193976625599997 6
      vertex -0.21377754671499999 0.451994646562 6
    endloop
  endfacet
  facet normal 0 0 -1
    outer loop
      vertex 0 0 -6
      vertex -0.21377754671499999 0.451994646562 -6
      vertex -0.191341716183 0.46193976625599997 -6
    endloop
  endfacet
  facet normal 0 0 1
    outer loop
      vertex 0 0 6
      vertex -0.21377754671499999 0.451994646562 6
      vertex -0.23569836841299999 0.440960632174 6
    endloop
  endfacet
  facet normal 0 0 -1
    outer loop
      vertex 0 0 -6
      vertex -0.23569836841299999 0.440960632174 -6
      vertex -0.21377754671499999 0.451994646562 -6
    endloop
  endfacet
  facet normal 0 0 1
    outer loop
      vertex 0 0 6
      vertex -0.23569836841299999 0.440960632174 6
      vertex -0.25705137209700002 0.428864305 6
    endloop
  endfacet
  facet normal 0 0 -1
    outer loop
      vertex 0 0 -6
      vertex -0.25705137209700002 0.428864305 -6
      vertex -0.23569836841299999 0.440960632174 -6
    endloop
  endfacet
  facet normal 0 0 1
    outer loop
      vertex 0 0 6
      vertex -0.25705137209700002 0.428864305 6
      vertex -0.27778511650999999 0.415734806151 6
    endloop
  endfacet
  facet normal 0 0 -1
    outer loop
      vertex 0 0 -6
      vertex -0.27778511650999999 0.415734806151 -6
      vertex -0.25705137209700002 0.428864305 -6
    endloop
  endfacet
  facet normal 0 0 1
    outer loop
      vertex 0 0 6
      vertex -0.27778511650999999 0.415734806151 6
      vertex -0.29784965224600002 0.40160376574000001 6
    endloop
  endfacet
  facet normal 0 0 -1
    outer loop
      vertex 0 0 -6
      vertex -0.29784965224600002 0.40160376574000001 -6
      vertex -0.27778511650999999 0.415734806151 -6
    endloop
  endfacet
  facet normal 0 0 1
    outer loop
      vertex 0 0 6
      vertex -0.29784965224600002 0.40160376574000001 6
      vertex -0.31719664208199999 0.38650522668100001 6
    endloop
  endfacet
  facet normal 0 0 -1
    outer loop
      vertex 0 0 -6
      vertex -0.31719664208199999 0.38650522668100001 -6
      vertex -0.29784965224600002 0.40160376574000001 -6
    endloop
  endfacet
  facet normal 0 0 1
    outer loop
      vertex 0 0 6
      vertex -0.31719664208199999 0.38650522668100001 6
      vertex -0.33577947742399999 0.37047556267699999 6
    endloop
  endfacet
  facet normal 0 0 -1
    outer loop
      vertex 0 0 -6
      vertex -0.33577947742399999 0.37047556267699999 -6
      vertex -0.31719664208199999 0.38650522668100001 -6
    endloop
  endfacet
  facet normal 0 0 1
    outer loop
      vertex 0 0 6
      vertex -0.33577947742399999 0.37047556267699999 6
      vertex -0.35355339059300001 0.35355339059300001 6
    endloop
  endfacet
  facet normal 0 0 -1
    outer loop
      vertex 0 0 -6
      vertex -0.35355339059300001 0.35355339059300001 -6
      vertex -0.33577947742399999 0.37047556267699999 -6
    endloop
  endfacet
  facet normal 0 0 1
    outer loop
      vertex 0 0 6
      vertex -0.35355339059300001 0.35355339059300001 6
      vertex -0.37047556267699999 0.33577947742399999 6
    endloop
  endfacet
  facet normal 0 0 -1
    outer loop
      vertex 0 0 -6
      vertex -0.37047556267699999 0.33577947742399999 -6
      vertex -0.35355339059300001 0.35355339059300001 -6
    endloop
  endfacet
  facet normal 0 0 1
    outer loop
      vertex 0 0 6
      vertex -0.37047556267699999 0.33577947742399999 6
      vertex -0.38650522668100001 0.31719664208199999 6
    endloop
  endfacet
  facet normal 0 0 -1
    outer loop
      vertex 0 0 -6
      vertex -0.38650522668100001 0.31719664208199999 -6
      vertex -0.37047556267699999 0.33577947742399999 -6
    endloop
  endfacet
  facet normal 0 0 1
    outer loop
      vertex 0 0 6
      vertex -0.38650522668100001 0.31719664208199999 6
      vertex -0.40160376574000001 0.29784965224600002 6
    endloop
  endfacet
  facet normal 0 0 -1
    outer loop
      vertex 0 0 -6
      vertex -0.40160376574000001 0.29784965224600002 -6
      vertex -0.38650522668100001 0.31719664208199999 -6
    endloop
  endfacet
  facet normal 0 0 1
    outer loop
      vertex 0 0 6
      vertex -0.40160376574000001 0.29784965224600002 6
      vertex -0.415734806151 0.27778511650999999 6
    endloop
  endfacet
  facet normal 0 0 -1
    outer loop
      vertex 0 0 -6
      vertex -0.415734806151 0.27778511650999999 -6
      vertex -0.40160376574000001 0.29784965224600002 -6
    endloop
  endfacet
  facet normal 0 0 1
    outer loop
      vertex 0 0 6
      vertex -0.415734806151 0.27778511650999999 6
      vertex -0.428864305 0.25705137209700002 6
    endloop
  endfacet
  facet normal 0 0 -1
    outer loop
      vertex 0 0 -6
      vertex -0.428864305 0.25705137209700002 -6
      vertex -0.415734806151 0.27778511650999999 -6
    endloop
  endfacet
  facet normal 0 0 1
    outer loop
      vertex 0 0 6
      vertex -0.428864305 0.25705137209700002 6
      vertex -0.440960632174 0.23569836841299999 6
    endloop
  endfacet
  facet normal 0 0 -1
    outer loop
      vertex 0 0 -6
      vertex -0.440960632174 0.23569836841299999 -6
      vertex -0.428864305 0.25705137209700002 -6
    endloop
  endfacet
  facet normal 0 0 1
    outer loop
      vertex 0 0 6
      vertex -0.440960632174 0.23569836841299999 6
      vertex -0.451994646562 0.21377754671499999 6
    endloop
  endfacet
  facet normal 0 0 -1
    outer loop
      vertex 0 0 -6
      vertex -0.451994646562 0.21377754671499999 -6
      vertex -0.440960632174 0.23569836841299999 -6
    endloop
  endfacet
  facet normal 0 0 1
    outer loop
      vertex 0 0 6
      vertex -0.451994646562 0.21377754671499999 6
      vertex -0.46193976625599997 0.191341716183 6
    endloop
  endfacet
  facet normal 0 0 -1
    outer loop
      vertex 0 0 -6
      vertex -0.46193976625599997 0.191341716183 -6
      vertex -0.451994646562 0.21377754671499999 -6
    endloop
  endfacet
  facet normal 0 0 1
    outer loop
      vertex 0 0 6
      vertex -0.46193976625599997 0.191341716183 6
      vertex -0.47077203259200001 0.168444926696 6
    endloop
  endfacet
  facet normal 0 0 -1
    outer loop
      vertex 0 0 -6
      vertex -0.47077203259200001 0.168444926696 -6
      vertex -0.46193976625599997 0.191341716183 -6
    endloop
  endfacet
  facet normal 0 0 1
    outer loop
      vertex 0 0 6
      vertex -0.47077203259200001 0.168444926696 6
      vertex -0.478470167866 0.14514233862699999 6
    endloop
  endfacet
  facet normal 0 0 -1
    outer loop
      vertex 0 0 -6
      vertex -0.478470167866 0.14514233862699999 -6
      vertex -0.47077203259200001 0.168444926696 -6
    endloop
  endfacet
  facet normal 0 0 1
    outer loop
      vertex 0 0 6
      vertex -0.478470167866 0.14514233862699999 6
      vertex -0.48501562659699998 0.121490089952 6
    endloop
  endfacet
  facet normal 0 0 -1
    outer loop
      vertex 0 0 -6
      vertex -0.48501562659699998 0.121490089952 -6
      vertex -0.478470167866 0.14514233862699999 -6
    endloop
  endfacet
  facet normal 0 0 1
    outer loop
      vertex 0 0 6
      vertex -0.48501562659699998 0.121490089952 6
      vertex -0.49039264020200002 0.097545161008099998 6
    endloop
  endfacet
  facet normal 0 0 -1
    outer loop
      vertex 0 0 -6
      vertex -0.49039264020200002 0.097545161008099998 -6
      vertex -0.48501562659699998 0.121490089952 -6
    endloop
  endfacet
  facet normal 0 0 1
    outer loop
      vertex 0 0 6
      vertex -0.49039264020200002 0.097545161008099998 6
      vertex -0.49458825498199999 0.073365237227699998 6
    endloop
  endfacet
  facet normal 0 0 -1
    outer loop
      vertex 0 0 -6
      vertex -0.49458825498199999 0.073365237227699998 -6
      vertex -0.49039264020200002 0.097545161008099998 -6
    endloop
  endfacet
  facet normal 0 0 1
    outer loop
      vertex 0 0 6
      vertex -0.49458825498199999 0.073365237227699998 6
      vertex -0.49759236333599999 0.049008570164800001 6
    endloop
  endfacet
  facet normal 0 0 -1
    outer loop
      vertex 0 0 -6
      vertex -0.49759236333599999 0.049008570164800001 -6
      vertex -0.49458825498199999 0.073365237227699998 -6
    endloop
  endfacet
  facet normal 0 0 1
    outer loop
      vertex 0 0 6
      vertex -0.49759236333599999 0.049008570164800001 6
      vertex -0.49939772810299998 0.024533837163700001 6
    endloop
  endfacet
  facet normal 0 0 -1
    outer loop
      vertex 0 0 -6
      vertex -0.49939772810299998 0.024533837163700001 -6
      vertex -0.49759236333599999 0.049008570164800001 -6
    endloop
  endfacet
  facet normal 0 0 1
    outer loop
      vertex 0 0 6
      vertex -0.49939772810299998 0.024533837163700001 6
      vertex -0.5 6.1232339957400004e-17 6
    endloop
  endfacet
  facet normal 0 0 -1
    outer loop
      vertex 0 0 -6
      vertex -0.5 6.1232339957400004e-17 -6
      vertex -0.49939772810299998 0.024533837163700001 -6
    endloop
  endfacet
  facet normal 0 0 1
    outer loop
      vertex 0 0 6
      vertex -0.5 6.1232339957400004e-17 6
      vertex -0.49939772810299998 -0.024533837163700001 6
    endloop
  endfacet
  facet normal -0 0 -1
    outer loop
      vertex 0 0 -6
      vertex -0.49939772810299998 -0.024533837163700001 -6
      vertex -0.5 6.1232339957400004e-17 -6
    endloop
  endfacet
  facet normal 0 0 1
    outer loop
      vertex 0 0 6
      vertex -0.49939772810299998 -0.024533837163700001 6
      vertex -0.49759236333599999 -0.049008570164800001 6
    endloop
  endfacet
  facet normal 0 0 -1
    outer loop
      vertex 0 0 -6
      vertex -0.49759236333599999 -0.049008570164800001 -6
      vertex -0.49939772810299998 -0.024533837163700001 -6
    endloop
  endfacet
  facet normal 0 0 1
    outer loop
      vertex 0 0 6
      vertex -0.49759236333599999 -0.049008570164800001 6
      vertex -0.49458825498199999 -0.073365237227699998 6
    endloop
  endfacet
  facet normal 0 0 -1
    outer loop
      vertex 0 0 -6
      vertex -0.49458825498199999 -0.073365237227699998 -6
      vertex -0.49759236333599999 -0.049008570164800001 -6
    endloop
  endfacet
  facet normal 0 0 1
    outer loop
      vertex 0 0 6
      vertex -0.49458825498199999 -0.073365237227699998 6
      vertex -0.49039264020200002 -0.097545161008099998 6
    endloop
  endfacet
  facet normal 0 0 -1
    outer loop
      vertex 0 0 -6
      vertex -0.49039264020200002 -0.097545161008099998 -6
      vertex -0.49458825498199999 -0.073365237227699998 -6
    endloop
  endfacet
  facet normal 0 0 1
    outer loop
      vertex 0 0 6
      vertex -0.49039264020200002 -0.097545161008099998 6
      vertex -0.48501562659699998 -0.121490089952 6
    endloop
  endfacet
  facet normal 0 0 -1
    outer loop
      vertex 0 0 -6
      vertex -0.48501562659699998 -0.121490089952 -6
      vertex -0.49039264020200002 -0.097545161008099998 -6
    endloop
  endfacet
  facet normal 0 0 1
    outer loop
      vertex 0 0 6
      vertex -0.48501562659699998 -0.121490089952 6
      vertex -0.478470167866 -0.14514233862699999 6
    endloop
  endfacet
  facet normal 0 0 -1
    outer loop
      vertex 0 0 -6
      vertex -0.478470167866 -0.14514233862699999 -6
      vertex -0.48501562659699998 -0.121490089952 -6
    endloop
  endfacet
  facet normal 0 0 1
    outer loop
      vertex 0 0 6
      vertex -0.478470167866 -0.14514233862699999 6
      vertex -0.47077203259200001 -0.168444926696 6
    endloop
  endfacet
  facet normal 0 0 -1
    outer loop
      vertex 0 0 -6
      vertex -0.47077203259200001 -0.168444926696 -6
      vertex -0.478470167866 -0.14514233862699999 -6
    endloop
  endfacet
  facet normal 0 0 1
    outer loop
      vertex 0 0 6
      vertex -0.47077203259200001 -0.168444926696 6
      vertex -0.46193976625599997 -0.191341716183 6
    endloop
  endfacet
  facet normal 0 0 -1
    outer loop
      vertex 0 0 -6
      vertex -0.46193976625599997 -0.191341716183 -6
      vertex -0.47077203259200001 -0.168444926696 -6
    endloop
  endfacet
  facet normal 0 0 1
    outer loop
      vertex 0 0 6
      vertex -0.46193976625599997 -0.191341716183 6
      vertex -0.451994646562 -0.21377754671499999 6
    endloop
  endfacet
  facet normal 0 0 -1
    outer loop
      vertex 0 0 -6
      vertex -0.451994646562 -0.21377754671499999 -6
      vertex -0.46193976625599997 -0.191341716183 -6
    endloop
  endfacet
  facet normal 0 0 1
    outer loop
      vertex 0 0 6
      vertex -0.451994646562 -0.21377754671499999 6
      vertex -0.440960632174 -0.23569836841299999 6
    endloop
  endfacet
  facet normal 0 0 -1
    outer loop
      vertex 0 0 -6
      vertex -0.440960632174 -0.23569836841299999 -6
      vertex -0.451994646562 -0.21377754671499999 -6
    endloop
  endfacet
  facet normal 0 0 1
    outer loop
      vertex 0 0 6
      vertex -0.440960632174 -0.23569836841299999 6
      vertex -0.428864305 -0.25705137209700002 6
    endloop
  endfacet
  facet normal 0 0 -1
    outer loop
      vertex 0 0 -6
      vertex -0.428864305 -0.25705137209700002 -6
      vertex -0.440960632174 -0.23569836841299999 -6
    endloop
  endfacet
  facet normal 0 0 1
    outer loop
      vertex 0 0 6
      vertex -0.428864305 -0.25705137209700002 6
      vertex -0.415734806151 -0.27778511650999999 6
    endloop
  endfacet
  facet normal 0 0 -1
    outer loop
      vertex 0 0 -6
      vertex -0.415734806151 -0.27778511650999999 -6
      vertex -0.428864305 -0.25705137209700002 -6
    endloop
  endfacet
  facet normal 0 0 1
    outer loop
      vertex 0 0 6
      vertex -0.415734806151 -0.27778511650999999 6
      vertex -0.40160376574000001 -0.29784965224600002 6
    endloop
  endfacet
  facet normal 0 0 -1
    outer loop
      vertex 0 0 -6
      vertex -0.40160376574000001 -0.29784965224600002 -6
      vertex -0.415734806151 -0.27778511650999999 -6
    endloop
  endfacet
  facet normal 0 0 1
    outer loop
      vertex 0 0 6
      vertex -0.40160376574000001 -0.29784965224600002 6
      vertex -0.38650522668100001 -0.31719664208199999 6
    endloop
  endfacet
  facet normal 0 0 -1
    outer loop
      vertex 0 0 -6
      vertex -0.38650522668100001 -0.31719664208199999 -6
      vertex -0.40160376574000001 -0.29784965224600002 -6
    endloop
  endfacet
  facet normal 0 0 1
    outer loop
      vertex 0 0 6
      vertex -0.38650522668100001 -0.31719664208199999 6
      vertex -0.37047556267699999 -0.33577947742399999 6
    endloop
  endfacet
  facet normal 0 0 -1
    outer loop
      vertex 0 0 -6
      vertex -0.37047556267699999 -0.33577947742399999 -6
      vertex -0.38650522668100001 -0.31719664208199999 -6
    endloop
  endfacet
  facet normal 0 0 1
    outer loop
      vertex 0 0 6
      vertex -0.37047556267699999 -0.33577947742399999 6
      vertex -0.35355339059300001 -0.35355339059300001 6
    endloop
  endfacet
  facet normal 0 0 -1
    outer loop
      vertex 0 0 -6
      vertex -0.35355339059300001 -0.35355339059300001 -6
      vertex -0.37047556267699999 -0.33577947742399999 -6
    endloop
  endfacet
  facet normal 0 0 1
    outer loop
      vertex 0 0 6
      vertex -0.35355339059300001 -0.35355339059300001 6
      vertex -0.33577947742399999 -0.37047556267699999 6
    endloop
  endfacet
  facet normal 0 0 -1
    outer loop
      vertex 0 0 -6
      vertex -0.33577947742399999 -0.37047556267699999 -6
      vertex -0.35355339059300001 -0.35355339059300001 -6
    endloop
  endfacet
  facet normal 0 0 1
    outer loop
      vertex 0 0 6
      vertex -0.33577947742399999 -0.37047556267699999 6
      vertex -0.31719664208199999 -0.38650522668100001 6
    endloop
  endfacet
  facet normal 0 0 -1
    outer loop
      vertex 0 0 -6
      vertex -0.31719664208199999 -0.38650522668100001 -6
      vertex -0.33577947742399999 -0.37047556267699999 -6
    endloop
  endfacet
  facet normal 0 0 1
    outer loop
      vertex 0 0 6
      vertex -0.31719664208199999 -0.38650522668100001 6
      vertex -0.29784965224600002 -0.40160376574000001 6
    endloop
  endfacet
  facet normal 0 0 -1
    outer loop
      vertex 0 0 -6
      vertex -0.29784965224600002 -0.40160376574000001 -6
      vertex -0.31719664208199999 -0.38650522668100001 -6
    endloop
  endfacet
  facet normal 0 0 1
    outer loop
      vertex 0 0 6
      vertex -0.29784965224600002 -0.40160376574000001 6
      vertex -0.27778511650999999 -0.415734806151 6
    endloop
  endfacet
  facet normal 0 0 -1
    outer loop
      vertex 0 0 -6
      vertex -0.27778511650999999 -0.415734806151 -6
      vertex -0.29784965224600002 -0.40160376574000001 -6
    endloop
  endfacet
  facet normal 0 0 1
    outer loop
      vertex 0 0 6
      vertex -0.27778511650999999 -0.415734806151 6
      vertex -0.25705137209700002 -0.428864305 6
    endloop
  endfacet
  facet normal 0 0 -1
    outer loop
      vertex 0 0 -6
      vertex -0.25705137209700002 -0.428864305 -6
      vertex -0.27778511650999999 -0.415734806151 -6
    endloop
  endfacet
  facet normal 0 0 1
    outer loop
      vertex 0 0 6
      vertex -0.25705137209700002 -0.428864305 6
      vertex -0.23569836841299999 -0.440960632174 6
    endloop
  endfacet
  facet normal 0 0 -1
    outer loop
      vertex 0 0 -6
      vertex -0.23569836841299999 -0.440960632174 -6
      vertex -0.25705137209700002 -0.428864305 -6
    endloop
  endfacet
  facet normal 0 0 1
    outer loop
      vertex 0 0 6
      vertex -0.23569836841299999 -0.440960632174 6
      vertex -0.21377754671499999 -0.451994646562 6
    endloop
  endfacet
  facet normal 0 0 -1
    outer loop
      vertex 0 0 -6
      vertex -0.21377754671499999 -0.451994646562 -6
      vertex -0.23569836841299999 -0.440960632174 -6
    endloop
  endfacet
  facet normal 0 0 1
    outer loop
      vertex 0 0 6
      vertex -0.21377754671499999 -0.451994646562 6
      vertex -0.191341716183 -0.46193976625599997 6
    endloop
  endfacet
  facet normal 0 0 -1
    outer loop
      vertex 0 0 -6
      vertex -0.191341716183 -0.46193976625599997 -6
      vertex -0.21377754671499999 -0.451994646562 -6
    endloop
  endfacet
  facet normal 0 0 1
    outer loop
      vertex 0 0 6
      vertex -0.191341716183 -0.46193976625599997 6
      vertex -0.168444926696 -0.47077203259200001 6
    endloop
  endfacet
  facet normal 0 0 -1
    outer loop
      vertex 0 0 -6
      vertex -0.168444926696 -0.47077203259200001 -6
      vertex -0.191341716183 -0.46193976625599997 -6
    endloop
  endfacet
  facet normal 0 0 1
    outer loop
      vertex 0 0 6
      vertex -0.168444926696 -0.47077203259200001 6
      vertex -0.14514233862699999 -0.478470167866 6
    endloop
  endfacet
  facet normal 0 0 -1
    outer loop
      vertex 0 0 -6
      vertex -0.14514233862699999 -0.478470167866 -6
      vertex -0.168444926696 -0.47077203259200001 -6
    endloop
  endfacet
  facet normal 0 0 1
    outer loop
      vertex 0 0 6
      vertex -0.14514233862699999 -0.478470167866 6
      vertex -0.121490089952 -0.48501562659699998 6
    endloop
  endfacet
  facet normal 0 0 -1
    outer loop
      vertex 0 0 -6
      vertex -0.121490089952 -0.48501562659699998 -6
      vertex -0.14514233862699999 -0.478470167866 -6
    endloop
  endfacet
  facet normal 0 0 1
    outer loop
      vertex 0 0 6
      vertex -0.121490089952 -0.48501562659699998 6
      vertex -0.097545161008099998 -0.49039264020200002 6
    endloop
  endfacet
  facet normal 0 0 -1
    outer loop
      vertex 0 0 -6
      vertex -0.097545161008099998 -0.49039264020200002 -6
      vertex -0.121490089952 -0.48501562659699998 -6
    endloop
  endfacet
  facet normal 0 0 1
    outer loop
      vertex 0 0 6
      vertex -0.097545161008099998 -0.49039264020200002 6
      vertex -0.073365237227699998 -0.49458825498199999 6
    endloop
  endfacet
  facet normal 0 0 -1
    outer loop
      vertex 0 0 -6
      vertex -0.073365237227699998 -0.49458825498199999 -6
      vertex -0.097545161008099998 -0.49039264020200002 -6
    endloop
  endfacet
  facet normal 0 0 1
    outer loop
      vertex 0 0 6
      vertex -0.073365237227699998 -0.49458825498199999 6
      vertex -0.049008570164800001 -0.49759236333599999 6
    endloop
  endfacet
  facet normal 0 0 -1
    outer loop
      vertex 0 0 -6
      vertex -0.049008570164800001 -0.49759236333599999 -6
      vertex -0.073365237227699998 -0.49458825498199999 -6
    endloop
  endfacet
  facet normal 0 0 1
    outer loop
      vertex 0 0 6
      vertex -0.049008570164800001 -0.49759236333599999 6
      vertex -0.024533837163700001 -0.49939772810299998 6
    endloop
  endfacet
  facet normal 0 0 -1
    outer loop
      vertex 0 0 -6
      vertex -0.024533837163700001 -0.49939772810299998 -6
      vertex -0.049008570164800001 -0.49759236333599999 -6
    endloop
  endfacet
  facet normal 0 0 1
    outer loop
      vertex 0 0 6
      vertex -0.024533837163700001 -0.49939772810299998 6
      vertex -9.1848509936099999e-17 -0.5 6
    endloop
  endfacet
  facet normal 0 0 -1
    outer loop
      vertex 0 0 -6
      vertex -9.1848509936099999e-17 -0.5 -6
      vertex -0.024533837163700001 -0.49939772810299998 -6
    endloop
  endfacet
  facet normal 0 0 1
    outer loop
      vertex 0 0 6
      vertex -9.1848509936099999e-17 -0.5 6
      vertex 0.024533837163700001 -0.49939772810299998 6
    endloop
  endfacet
  facet normal 0 -0 -1
    outer loop
      vertex 0 0 -6
      vertex 0.024533837163700001 -0.49939772810299998 -6
      vertex -9.1848509936099999e-17 -0.5 -6
    endloop
  endfacet
  facet normal 0 0 1
    outer loop
      vertex 0 0 6
      vertex 0.024533837163700001 -0.49939772810299998 6
      vertex 0.049008570164800001 -0.49759236333599999 6
    endloop
  endfacet
  facet normal 0 0 -1
    outer loop
      vertex 0 0 -6
      vertex 0.049008570164800001 -0.49759236333599999 -6
      vertex 0.024533837163700001 -0.49939772810299998 -6
    endloop
  endfacet
  facet normal 0 0 1
    outer loop
      vertex 0 0 6
      vertex 0.049008570164800001 -0.49759236333599999 6
      vertex 0.073365237227699998 -0.49458825498199999 6
    endloop
  endfacet
  facet normal 0 0 -1
    outer loop
      vertex 0 0 -6
      vertex 0.073365237227699998 -0.49458825498199999 -6
      vertex 0.049008570164800001 -0.49759236333599999 -6
    endloop
  endfacet
  facet normal 0 0 1
    outer loop
      vertex 0 0 6
      vertex 0.073365237227699998 -0.49458825498199999 6
      vertex 0.097545161008099998 -0.49039264020200002 6
    endloop
  endfacet
  facet normal 0 0 -1
    outer loop
      vertex 0 0 -6
      vertex 0.097545161008099998 -0.49039264020200002 -6
      vertex 0.073365237227699998 -0.49458825498199999 -6
    endloop
  endfacet
  facet normal 0 0 1
    outer loop
      vertex 0 0 6
      vertex 0.097545161008099998 -0.49039264020200002 6
      vertex 0.121490089952 -0.48501562659699998 6
    endloop
  endfacet
  facet normal 0 0 -1
    outer loop
      vertex 0 0 -6
      vertex 0.121490089952 -0.48501562659699998 -6
      vertex 0.097545161008099998 -0.49039264020200002 -6
    endloop
  endfacet
  facet normal 0 0 1
    outer loop
      vertex 0 0 6
      vertex 0.121490089952 -0.48501562659699998 6
      vertex 0.14514233862699999 -0.478470167866 6
    endloop
  endfacet
  facet normal 0 0 -1
    outer loop
      vertex 0 0 -6
      vertex 0.14514233862699999 -0.478470167866 -6
      vertex 0.121490089952 -0.48501562659699998 -6
    endloop
  endfacet
  facet normal 0 0 1
    outer loop
      vertex 0 0 6
      vertex 0.14514233862699999 -0.478470167866 6
      vertex 0.168444926696 -0.47077203259200001 6
    endloop
  endfacet
  facet normal 0 0 -1
    outer loop
      vertex 0 0 -6
      vertex 0.168444926696 -0.47077203259200001 -6
      vertex 0.14514233862699999 -0.478470167866 -6
    endloop
  endfacet
  facet normal 0 0 1
    outer loop
      vertex 0 0 6
      vertex 0.168444926696 -0.47077203259200001 6
      vertex 0.191341716183 -0.46193976625599997 6
    endloop
  endfacet
  facet normal 0 0 -1
    outer loop
      vertex 0 0 -6
      vertex 0.191341716183 -0.46193976625599997 -6
      vertex 0.168444926696 -0.47077203259200001 -6
    endloop
  endfacet
  facet normal 0 0 1
    outer loop
      vertex 0 0 6
      vertex 0.191341716183 -0.46193976625599997 6
      vertex 0.21377754671499999 -0.451994646562 6
    endloop
  endfacet
  facet normal 0 0 -1
    outer loop
      vertex 0 0 -6
      vertex 0.21377754671499999 -0.451994646562 -6
      vertex 0.191341716183 -0.46193976625599997 -6
    endloop
  endfacet
  facet normal 0 0 1
    outer loop
      vertex 0 0 6
      vertex 0.21377754671499999 -0.451994646562 6
      vertex 0.23569836841299999 -0.440960632174 6
    endloop
  endfacet
  facet normal 0 0 -1
    outer loop
      vertex 0 0 -6
      vertex 0.23569836841299999 -0.440960632174 -6
      vertex 0.21377754671499999 -0.451994646562 -6
    endloop
  endfacet
  facet normal 0 0 1
    outer loop
      vertex 0 0 6
      vertex 0.23569836841299999 -0.440960632174 6
      vertex 0.25705137209700002 -0.428864305 6
    endloop
  endfacet
  facet normal 0 0 -1
    outer loop
      vertex 0 0 -6
      vertex 0.25705137209700002 -0.428864305 -6
      vertex 0.23569836841299999 -0.440960632174 -6
    endloop
  endfacet
  facet normal 0 0 1
    outer loop
      vertex 0 0 6
      vertex 0.25705137209700002 -0.428864305 6
      vertex 0.27778511650999999 -0.415734806151 6
    endloop
  endfacet
  facet normal 0 0 -1
    outer loop
      vertex 0 0 -6
      vertex 0.27778511650999999 -0.415734806151 -6
      vertex 0.25705137209700002 -0.428864305 -6
    endloop
  endfacet
  facet normal 0 0 1
    outer loop
      vertex 0 0 6
      vertex 0.27778511650999999 -0.415734806151 6
      vertex 0.29784965224600002 -0.40160376574000001 6
    endloop
  endfacet
  facet normal 0 0 -1
    outer loop
      vertex 0 0 -6
      vertex 0.29784965224600002 -0.40160376574000001 -6
      vertex 0.27778511650999999 -0.415734806151 -6
    endloop
  endfacet
  facet normal 0 0 1
    outer loop
      vertex 0 0 6
      vertex 0.29784965224600002 -0.40160376574000001 6
      vertex 0.31719664208199999 -0.38650522668100001 6
    endloop
  endfacet
  facet normal 0 0 -1
    outer loop
      vertex 0 0 -6
      vertex 0.31719664208199999 -0.38650522668100001 -6
      vertex 0.29784965224600002 -0.40160376574000001 -6
    endloop
  endfacet
  facet normal 0 0 1
    outer loop
      vertex 0 0 6
      vertex 0.31719664208199999 -0.38650522668100001 6
      vertex 0.33577947742399999 -0.37047556267699999 6
    endloop
  endfacet
  facet normal 0 0 -1
    outer loop
      vertex 0 0 -6
      vertex 0.33577947742399999 -0.37047556267699999 -6
      vertex 0.31719664208199999 -0.38650522668100001 -6
    endloop
  endfacet
  facet normal 0 0 1
    outer loop
      vertex 0 0 6
      vertex 0.33577947742399999 -0.37047556267699999 6
      vertex 0.35355339059300001 -0.35355339059300001 6
    endloop
  endfacet
  facet normal 0 0 -1
    outer loop
      vertex 0 0 -6
      vertex 0.35355339059300001 -0.35355339059300001 -6
      vertex 0.33577947742399999 -0.37047556267699999 -6
    endloop
  endfacet
  facet normal 0 0 1
    outer loop
      vertex 0 0 6
      vertex 0.35355339059300001 -0.35355339059300001 6
      vertex 0.37047556267699999 -0.33577947742399999 6
    endloop
  endfacet
  facet normal 0 0 -1
    outer loop
      vertex 0 0 -6
      vertex 0.37047556267699999 -0.33577947742399999 -6
      vertex 0.35355339059300001 -0.35355339059300001 -6
    endloop
  endfacet
  facet normal 0 0 1
    outer loop
      vertex 0 0 6
      vertex 0.37047556267699999 -0.33577947742399999 6
      vertex 0.38650522668100001 -0.31719664208199999 6
    endloop
  endfacet
  facet normal 0 0 -1
    outer loop
      vertex 0 0 -6
      vertex 0.38650522668100001 -0.31719664208199999 -6
      vertex 0.37047556267699999 -0.33577947742399999 -6
    endloop
  endfacet
  facet normal 0 0 1
    outer loop
      vertex 0 0 6
      vertex 0.38650522668100001 -0.31719664208199999 6
      vertex 0.40160376574000001 -0.29784965224600002 6
    endloop
  endfacet
  facet normal 0 0 -1
    outer loop
      vertex 0 0 -6
      vertex 0.40160376574000001 -0.29784965224600002 -6
      vertex 0.38650522668100001 -0.31719664208199999 -6
    endloop
  endfacet
  facet normal 0 0 1
    outer loop
      vertex 0 0 6
      vertex 0.40160376574000001 -0.29784965224600002 6
      vertex 0.415734806151 -0.27778511650999999 6
    endloop
  endfacet
  facet normal 0 0 -1
    outer loop
      vertex 0 0 -6
      vertex 0.415734806151 -0.27778511650999999 -6
      vertex 0.40160376574000001 -0.29784965224600002 -6
    endloop
  endfacet
  facet normal 0 0 1
    outer loop
      vertex 0 0 6
      vertex 0.415734806151 -0.27778511650999999 6
      vertex 0.428864305 -0.25705137209700002 6
    endloop
  endfacet
  facet normal 0 0 -1
    outer loop
      vertex 0 0 -6
      vertex 0.428864305 -0.25705137209700002 -6
      vertex 0.415734806151 -0.27778511650999999 -6
    endloop
  endfacet
  facet normal 0 0 1
    outer loop
      vertex 0 0 6
      vertex 0.428864305 -0.25705137209700002 6
      vertex 0.440960632174 -0.23569836841299999 6
    endloop
  endfacet
  facet normal 0 0 -1
    outer loop
      vertex 0 0 -6
      vertex 0.440960632174 -0.23569836841299999 -6
      vertex 0.428864305 -0.25705137209700002 -6
    endloop
  endfacet
  facet normal 0 0 1
    outer loop
      vertex 0 0 6
      vertex 0.440960632174 -0.23569836841299999 6
      vertex 0.451994646562 -0.21377754671499999 6
    endloop
  endfacet
  facet normal 0 0 -1
    outer loop
      vertex 0 0 -6
      vertex 0.451994646562 -0.21377754671499999 -6
      vertex 0.440960632174 -0.23569836841299999 -6
    endloop
  endfacet
  facet normal 0 0 1
    outer loop
      vertex 0 0 6
      vertex 0.451994646562 -0.21377754671499999 6
      vertex 0.46193976625599997 -0.191341716183 6
    endloop
  endfacet
  facet normal 0 0 -1
    outer loop
      vertex 0 0 -6
      vertex 0.46193976625599997 -0.191341716183 -6
      vertex 0.451994646562 -0.21377754671499999 -6
    endloop
  endfacet
  facet normal 0 0 1
    outer loop
      vertex 0 0 6
      vertex 0.46193976625599997 -0.191341716183 6
      vertex 0.47077203259200001 -0.168444926696 6
    endloop
  endfacet
  facet normal 0 0 -1
    outer loop
      vertex 0 0 -6
      vertex 0.47077203259200001 -0.168444926696 -6
      vertex 0.46193976625599997 -0.191341716183 -6
    endloop
  endfacet
  facet normal 0 0 1
    outer loop
      vertex 0 0 6
      vertex 0.47077203259200001 -0.168444926696 6
      vertex 0.478470167866 -0.14514233862699999 6
    endloop
  endfacet
  facet normal 0 0 -1
    outer loop
      vertex 0 0 -6
      vertex 0.478470167866 -0.14514233862699999 -6
      vertex 0.47077203259200001 -0.168444926696 -6
    endloop
  endfacet
  facet normal 0 0 1
    outer loop
      vertex 0 0 6
      vertex 0.478470167866 -0.14514233862699999 6
      vertex 0.48501562659699998 -0.121490089952 6
    endloop
  endfacet
  facet normal 0 0 -1
    outer loop
      vertex 0 0 -6
      vertex 0.48501562659699998 -0.121490089952 -6
      vertex 0.478470167866 -0.14514233862699999 -6
    endloop
  endfacet
  facet normal 0 0 1
    outer loop
      vertex 0 0 6
      vertex 0.48501562659699998 -0.121490089952 6
      vertex 0.49039264020200002 -0.097545161008099998 6
    endloop
  endfacet
  facet normal 0 0 -1
    outer loop
      vertex 0 0 -6
      vertex 0.49039264020200002 -0.097545161008099998 -6
      vertex 0.48501562659699998 -0.121490089952 -6
    endloop
  endfacet
  facet normal 0 0 1
    outer loop
      vertex 0 0 6
      vertex 0.49039264020200002 -0.097545161008099998 6
      vertex 0.49458825498199999 -0.073365237227699998 6
    endloop
  endfacet
  facet normal 0 0 -1
    outer loop
      vertex 0 0 -6
      vertex 0.49458825498199999 -0.073365237227699998 -6
      vertex 0.49039264020200002 -0.097545161008099998 -6
    endloop
  endfacet
  facet normal 0 0 1
    outer loop
      vertex 0 0 6
      vertex 0.49458825498199999 -0.073365237227699998 6
      vertex 0.49759236333599999 -0.049008570164800001 6
    endloop
  endfacet
  facet normal 0 0 -1
    outer loop
      vertex 0 0 -6
      vertex 0.49759236333599999 -0.049008570164800001 -6
      vertex 0.49458825498199999 -0.073365237227699998 -6
    endloop
  endfacet
  facet normal 0 0 1
    outer loop
      vertex 0 0 6
      vertex 0.49759236333599999 -0.049008570164800001 6
      vertex 0.49939772810299998 -0.024533837163700001 6
    endloop
  endfacet
  facet normal 0 0 -1
    outer loop
      vertex 0 0 -6
      vertex 0.49939772810299998 -0.024533837163700001 -6
      vertex 0.49759236333599999 -0.049008570164800001 -6
    endloop
  endfacet
  facet normal 0 0 1
    outer loop
      vertex 0 0 6
      vertex 0.49939772810299998 -0.024533837163700001 6
      vertex 0.5 -1.2246467991500001e-16 6
    endloop
  endfacet
  facet normal 0 0 -1
    outer loop
      vertex 0 0 -6
      vertex 0.5 -1.2246467991500001e-16 -6
      vertex 0.49939772810299998 -0.024533837163700001 -6
    endloop
  endfacet
endsolid body
solid front_back
  facet normal 0 0 -1
    outer loop
      vertex -2 -2 -7
      vertex -2 2 -7
      vertex 2 2 -7
    endloop
  endfacet
  facet normal 0 0 -1
    outer loop
      vertex -2 -2 -7
      vertex 2 2 -7
      vertex 2 -2 -7
    endloop
  endfacet
  facet normal 0 0 1
    outer loop
      vertex -2 -2 7
      vertex 2 -2 7
      vertex 2 2 7
    endloop
  endfacet
  facet normal 0 0 1
    outer loop
      vertex -2 -2 7
      vertex 2 2 7
      vertex -2 2 7
    endloop
  endfacet
endsolid front_back
solid inlet
  facet normal -1 0 0
    outer loop
      vertex -2 -2 -7
      vertex -2 -2 7
      vertex -2 2 7
    endloop
  endfacet
  facet normal -1 0 0
    outer loop
      vertex -2 -2 -7
      vertex -2 2 7
      vertex -2 2 -7
    endloop
  endfacet
endsolid inlet
solid outlet
  facet normal 1 0 0
    outer loop
      vertex 2 -2 -7
      vertex 2 2 -7
      vertex 2 2 7
    endloop
  endfacet
  facet normal 1 0 0
    outer loop
      vertex 2 -2 -7
      vertex 2 2 7
      vertex 2 -2 7
    endloop
  endfacet
endsolid outlet
solid walls
  facet normal 0 -1 0
    outer loop
      vertex -2 -2 -7
      vertex 2 -2 -7
      vertex 2 -2 7
    endloop
  endfacet
  facet normal 0 -1 0
    outer loop
      vertex -2 -2 -7
      vertex 2 -2 7
      vertex -2 -2 7
    endloop
  endfacet
  facet normal 0 1 0
    outer loop
      vertex -2 2 -7
      vertex -2 2 7
      vertex 2 2 7
    endloop
  endfacet
  facet normal 0 1 0
    outer loop
      vertex -2 2 -7
      vertex 2 2 7
      vertex 2 2 -7
    endloop
  endfacet
endsolid walls
