FoamFile
{
    version     2.0;
    format      ascii;
    class       vectorField;
    location    "constant/polyMesh";
    object      points;
}
// * * * * * * * * * * * * * * * * * * * * * * * * * * * * * * * * * //

2684
(
(-1.6635199600598611 -1.6635199600598611 -6.672829333570343)
(-1.3836920569245956 -1.5720253617262896 -6.6620657560158172)
(-0.64909469097708861 -1.5023344634798204 -6.5975509497794258)
(0.087440528744658783 -1.4790803954722449 -6.6293110290407258)
(0.66631285298937326 -1.5130709270954612 -6.6716012841014907)
(1.3275919991773306 -1.5477119131701098 -6.675409748656012)
(1.6635099278737502 -1.6636808716710449 -6.6728293335703421)
(-1.5721188192220925 -1.3836889597588802 -6.6620828981432485)
(-0.84199700061449512 -0.84172851572258311 -6.5151742413204907)
(-0.18762008684121084 -0.34102789517958654 -6.4501029345370258)
(0.006714378686580022 -0.71574645757877842 -6.7493335018041236)
(0.35929618419215137 -0.705864983036809 -6.7991918226442509)
(1.0915246263705829 -1.0430847529647105 -6.6047096415400173)
(1.5980163378370797 -1.3802590026184596 -6.6621072257803569)
(-1.5023276708117281 -0.64907326276698152 -6.5975561576554309)
(-0.34100881491243196 -0.18765330796757668 -6.4501129752355864)
(-0.28439998143978973 -0.28441484983005738 -6.4622986234810771)
(0.3339862917849466 -0.2386061867748645 -6.4789589097429916)
(0.36495716256887523 -0.16721823080763989 -6.4705192619231706)
(1.5110350734566385 -0.7239578261458669 -6.5921342710076924)
(-1.4790815456791728 0.087429444214654026 -6.6293095875043919)
(-0.71565073184377204 0.006666725673327191 -6.7492845176919865)
(0.41934248442170835 0.0035454797247909484 -6.4271840932733832)
(1.4600233071231925 0.099201731486702235 -6.5908508094729497)
(-1.5130310624015124 0.66630720332602278 -6.6715813830133941)
(-0.70550945094009998 0.35930573534571308 -6.7991129649739683)
(-0.23714129071507062 0.33334197167695045 -6.4791188302392522)
(0.31995591763663134 0.32285090217213053 -6.8084761823010869)
(0.70915196145811477 0.31145289448758634 -6.7771817287107394)
(1.5352770596134584 0.73333670305400589 -6.6703989937713768)
(-1.5476783017552571 1.3275934391881561 -6.6753908245007736)
(-1.0427342765158214 1.0913672635053326 -6.6046938602999967)
(-0.16634309881903733 0.36412093291788183 -6.4707523539536753)
(0.007182988022138596 0.41732624811144137 -6.4261622070447366)
(0.31171693644631843 0.70924871907705067 -6.7785284087027486)
(0.89542773728020753 0.8958733881837383 -6.6495837440417302)
(1.5713819831229181 1.3256875341735879 -6.6734678788247281)
(-1.6636697856351019 1.6635099195198868 -6.6728293335703421)
(-1.3802192462761396 1.5980399781766206 -6.6621156673571784)
(-0.72372540307993161 1.5110880104568978 -6.5920511799182684)
(0.099347253603847718 1.4596314099287762 -6.5905650412906143)
(0.73346555563921545 1.5352083065253808 -6.6703738828026351)
(1.3257150694616167 1.5715725303888004 -6.6734685677600938)
(1.6633200765531395 1.6633062085658818 -6.672829333570343)
(-1.6634162930596568 -1.6634159296811935 -6.3456586671406852)
(-1.3268325861193138 -1.6863653155063638 -6.3537916719616288)
(-0.65987447877117522 -1.686808823758158 -6.3540479890215282)
(-2.8463521051518076e-06 -1.6866159382810659 -6.3533234802864955)
(0.65987187548507553 -1.6868088608448462 -6.354047932037715)
(1.3268312894655399 -1.6863653830513932 -6.3537916190197716)
(1.6634127558483023 -1.663470570911926 -6.345656045761368)
(-1.6863654171964282 -1.3268318593623869 -6.3537920675619626)
(-1 -1 -6)
(-0.077903712579888193 -0.40710803145914598 -6.500114074624209)
(0.019369186255046373 -0.4265361170519808 -6.4922649956289114)
(0.16926709263551493 -0.38434177412943205 -6.4930949752309095)
(1 -1 -6)
(1.6863634294896608 -1.3269413505949066 -6.3537860489131548)
(-1.686809088787431 -0.65987320515285097 -6.3540489554463573)
(-0.40710225850311688 -0.077930299621642524 -6.5001148724102755)
(-0.38098872359658115 -0.38101170173844817 -6.3564282955225728)
(0.24726155011720097 -0.35372197719535287 -6.4984243344816752)
(0.5128246604387483 -0.25082102162297326 -6.3163305940599352)
(1.6868065864409627 -0.66000986194551226 -6.3540406765779247)
(-1.6866162473806894 -1.384482190501236e-06 -6.3533247602171734)
(-0.42652677649682569 0.019347515322097154 -6.4922700629154289)
(0.57027201895140633 0.014681096603469768 -6.3007523324536185)
(1.6866120578085475 -0.0002319546989223784 -6.353317444276203)
(-1.6868090823012865 0.65987316236406568 -6.3540488959962884)
(-0.38410547397679984 0.16916974067747056 -6.4931115096306131)
(-0.35350211317910141 0.24715790181688199 -6.4984632853079018)
(0.29241442655793071 0.28963664106101333 -6.5061875100917304)
(0.37828125426153741 0.23441130216166348 -6.497382871210033)
(1.6868072980911486 0.65973114803469168 -6.3540460212843444)
(-1.6863654685923366 1.32683205978429 -6.35379201838622)
(-1 1 -6)
(-0.24885023413446916 0.51312402762056375 -6.3169819138116976)
(0.018635679997138204 0.56928873129046675 -6.3012051090795556)
(0.23847985917640685 0.37281692286678408 -6.4976350766966426)
(1 1 -6)
(1.686363787685552 1.3267029587658332 -6.3537913221669582)
(-1.6634669355890723 1.6634131386160369 -6.345656043596918)
(-1.3269340801298015 1.686363513167414 -6.3537866951129143)
(-0.6600014230521638 1.6868068507664431 -6.354041906593368)
(-0.00021961785617403769 1.6866123635166947 -6.3533187459574316)
(0.6597401914803438 1.6868075183312514 -6.3540467752835772)
(1.3267116500909022 1.6863638850896197 -6.3537914906607993)
(1.6633520881971298 1.6633477396120675 -6.3456521109340516)
(-1.6624922534557727 -1.6624918192230138 -5.7059243853253951)
(-1.3249845069115453 -1.70221274738883 -5.7265250254125455)
(-0.65826366503537614 -1.7023759256891289 -5.7276677077369857)
(-4.2401557402737022e-06 -1.7023929482481441 -5.7265553568501772)
(0.65825928141481416 -1.7023759958200164 -5.7276677295076732)
(1.32498211748588 -1.702212788763958 -5.7265251107818562)
(1.6624908517659291 -1.6625158327524496 -5.7059241696359022)
(-1.7022127961634657 -1.3249836384460276 -5.7265256248114147)
(-1 -1 -5.5)
(-0.21713489798133281 -0.53195772589773394 -5.7984581796349879)
(0.012882976496721927 -0.56767821149293862 -5.8014831673279046)
(0.20409433661927137 -0.52436789482622947 -5.7951988644934147)
(1 -1 -5.5)
(1.7022131151987803 -1.3250317810557208 -5.7265211062669605)
(-1.7023759050736778 -0.6582613429472578 -5.7276692069192618)
(-0.5319462879290292 -0.21712704305275529 -5.7984974812952466)
(-0.40727522455243048 -0.40727912505113417 -5.7744118541439855)
(0.4014423628286487 -0.41526913545845145 -5.7746916199365756)
(0.53106997463140293 -0.24095498965667159 -5.735094122847519)
(1.7023766031952856 -0.65834514155901114 -5.7276628872918671)
(-1.7023928623017235 -1.6999174252396371e-06 -5.7265572549786317)
(-0.56771258970297334 0.012955589581976448 -5.8016085593917426)
(0.58534392840615213 0.0037420541094795663 -5.7366879583377157)
(1.7023927591952961 -9.8182569505756128e-05 -5.7265540979113734)
(-1.7023759116930264 0.65826149521441435 -5.7276691339949544)
(-0.52431478445983937 0.20431662413891435 -5.7953590435964992)
(-0.41493312350903161 0.40208164562928678 -5.774964294737738)
(0.4086442383236929 0.40614128001938932 -5.7855595219306073)
(0.53398166008341641 0.22382190908090829 -5.7654408991667543)
(1.7023751654218611 0.65817362199882534 -5.7276703359017924)
(-1.7022127708933654 1.3249834428389431 -5.7265256795949471)
(-1 1 -5.5)
(-0.23979012732602478 0.53179987304372356 -5.7353591619879296)
(0.0060647645071184864 0.58513247233805943 -5.7366330321668348)
(0.22595825858589941 0.53285306158406054 -5.7662565565297932)
(1 1 -5.5)
(1.7022123657334121 1.324929568591692 -5.7265280227310793)
(-1.6625144772543412 1.6624915142703089 -5.705924169456817)
(-1.3250290701591976 1.7022130948056509 -5.726521910356996)
(-0.65834029181245424 1.702376478403991 -5.7276646422409208)
(-9.6103207784747251e-05 1.7023926693679865 -5.7265560193752858)
(0.65817866753845655 1.7023751701328287 -5.7276715467545598)
(1.3249331132893778 1.7022124114983344 -5.7265284061366382)
(1.6624662281198708 1.6624644556122754 -5.7059238459447119)
(-1.6613742943412824 -1.661373659243218 -5.1128106008532335)
(-1.322748588682565 -1.7182718327215929 -5.1309547172704182)
(-0.65613098406497061 -1.7185078108336966 -5.132423379658599)
(-4.3580287916663909e-06 -1.7186728991825222 -5.1313412533464771)
(0.6561265295788612 -1.7185078164146854 -5.1324235419458679)
(1.3227462823040335 -1.7182718455070407 -5.1309548850787943)
(1.661373133398917 -1.6613849853906686 -5.112810591763143)
(-1.7182718194304791 -1.3227473184864362 -5.1309554157275779)
(-1 -1 -5)
(-0.22887596303354199 -0.54911399092032487 -5.130212576769293)
(-0.0029638575327251911 -0.59525703976907962 -5.1321311215418248)
(0.22330974320347596 -0.55140478617622202 -5.1280948793087573)
(1 -1 -5)
(1.7182724504443263 -1.3227699809179467 -5.1309520306507928)
(-1.7185076704636628 -0.656128398852453 -5.132424838552506)
(-0.54911424652057161 -0.22885429852459876 -5.1302695892682708)
(-0.42090136330368455 -0.42089990441808733 -5.1299762425224849)
(0.41615431545533615 -0.42658690362573426 -5.1195428529713345)
(0.54879350502038537 -0.23422508830967181 -5.1112319939998825)
(1.7185083877069878 -0.65616744794374504 -5.1324209265370015)
(-1.7186726815961297 -1.5395922724043316e-06 -5.1313429795821)
(-0.59530120522282004 -0.0028911917678973355 -5.132237236328332)
(0.59729192724190527 -0.0045457441569451461 -5.1090422843167875)
(1.7186729796350322 -4.3531262764447022e-05 -5.1313408200384192)
(-1.7185076663623526 0.65612892566116376 -5.1324247775250003)
(-0.55137106607620645 0.22350637802217799 -5.1282284401181579)
(-0.42637073662703606 0.41647646844251185 -5.1196713309547208)
(0.42269818188192498 0.42185311037631007 -5.1160384527367615)
(0.55242373907793563 0.22670161505673797 -5.1136449832350959)
(1.7185073810583749 0.65608840560393289 -5.1324253030623517)
(-1.7182717959240057 1.3227476606574495 -5.1309554179514816)
(-1 1 -5)
(-0.23365817659154989 0.54913154286420252 -5.111334695803051)
(-0.0036318711942783565 0.59738433313396599 -5.1091444337148983)
(0.22777570410280756 0.55205003362493665 -5.1137191895404959)
(1 1 -5)
(1.7182712751762048 1.3227230585792804 -5.1309573367953272)
(-1.6613842532423897 1.661373822569058 -5.1128105917554274)
(-1.3227685166300769 1.7182723902073376 -5.1309527895595375)
(-0.65616518549426051 1.7185081999221634 -5.1324224231680677)
(-4.4726912398496875e-05 1.7186727582704884 -5.1313425625711693)
(0.6560905922489072 1.71850726929262 -5.1324265341757043)
(1.3227247561309809 1.7182712698175708 -5.1309578189884464)
(1.6613623622878841 1.6613615135090509 -5.1128105781409516)
(-1.6604739430180251 -1.6604734153533409 -4.5459895082603161)
(-1.3209478860360504 -1.7316271116929114 -4.5675012600779192)
(-0.65432259061685105 -1.7316354555029423 -4.5694419057540943)
(-3.5756988308701109e-06 -1.7318311627705403 -4.5686870517120655)
(0.65431889266659138 -1.7316354159333442 -4.5694420767737833)
(1.3209459674979018 -1.7316270766310766 -4.5675014522179822)
(1.6604729836146697 -1.6604781804608439 -4.5459895080875299)
(-1.7316271035033211 -1.3209468307066818 -4.5675019312660785)
(-1 -1 -4.5)
(-0.22985168198559189 -0.54993437503319798 -4.545289491084862)
(-0.0039566226069391768 -0.59661608755843387 -4.5448409693473275)
(0.22332299591382382 -0.55318787436970307 -4.5433269527874627)
(1 -1 -4.5)
(1.7316275266422092 -1.3209563612733732 -4.5674998702915115)
(-1.7316353734369785 -0.65432034453950139 -4.5694430828172274)
(-0.54994440701015357 -0.22985044250825615 -4.5453435377107976)
(-0.42190402569584529 -0.42191013609325423 -4.5453111930306784)
(0.41777218802575489 -0.42650911489889348 -4.5408203743825819)
(0.54989680219143999 -0.23390246325115074 -4.5384780110221987)
(1.7316358029696266 -0.65433675620378451 -4.5694407326157087)
(-1.7318310569013831 -1.0987993593335322e-06 -4.5686883427745322)
(-0.596625419007493 -0.0039262586594953934 -4.5449369058905571)
(0.59810707028442212 -0.0040993757778022138 -4.5374538896508412)
(1.7318312187665681 -1.7150956094705912e-05 -4.568686859638289)
(-1.7316353749742097 0.6543210835382044 -4.5694430129056363)
(-0.55317565502579336 0.22339687115175888 -4.5434422182431122)
(-0.42643266603327473 0.41787978850593988 -4.54093635208572)
(0.42320717275102082 0.42293937767014744 -4.5378772257301199)
(0.55339631315040072 0.22692914217189103 -4.5376161678033542)
(1.7316351557574214 0.65430413802256726 -4.5694429545370214)
(-1.7316270758517973 1.3209473301233827 -4.5675018859743464)
(-1 1 -4.5)
(-0.23372268585811762 0.55000461470685813 -4.5385764319343469)
(-0.0037996658000906736 0.59814554630960381 -4.5375230660105883)
(0.22726419002749407 0.55326778481167782 -4.5376504887579667)
(1 1 -4.5)
(1.7316266902490418 1.3209368782161817 -4.5675027427278296)
(-1.6604777778716997 1.6604736649273024 -4.5459895080873904)
(-1.3209555560953774 1.7316275119234723 -4.5675005066215384)
(-0.65433544202807792 1.7316357176071799 -4.5694418506384844)
(-1.8684384590596646e-05 1.7318311103856909 -4.5686881594938029)
(0.65430543530110119 1.7316351132536871 -4.5694439649894472)
(1.3209380308044556 1.7316266945491048 -4.5675032159519411)
(1.660469015025889 1.6604684387317816 -4.5459895078305035)
(-1.6598336255030386 -1.6598331181332362 -4.0175336671406843)
(-1.319667251006077 -1.7407853816411549 -4.0307570112153197)
(-0.65303292606599816 -1.7405425268380459 -4.0327143661794986)
(-3.0635456238196141e-06 -1.740681067826745 -4.0323493772533903)
(0.65302990795541216 -1.7405424896737576 -4.032714456426655)
(1.3196657466156139 -1.7407853378526568 -4.0307571322435454)
(1.6598328733073351 -1.6598350603037157 -4.017533667140027)
(-1.7407853478842583 -1.3196662362664724 -4.0307576659274087)
(-1 -1 -4)
(-0.2299786571433089 -0.549870520079902 -4.0119475143749588)
(-0.0039765264677734538 -0.59669189183882987 -4.0117093996614654)
(0.22345238770754605 -0.55319678695361341 -4.0112186473743545)
(1 -1 -4)
(1.7407855666915113 -1.319670120612052 -4.030756465280918)
(-1.7405425212717072 -0.65303117662090848 -4.0327153779171381)
(-0.54988878542663544 -0.22999821260674769 -4.0119975924892719)
(-0.4218766828240228 -0.42189084193195137 -4.0120190170153558)
(0.41808307345602608 -0.42632290184907384 -4.0105372791456624)
(0.550038014681557 -0.23359489333747557 -4.0099038007398793)
(1.7405426827810908 -0.65303756189185824 -4.0327139127498732)
(-1.7406810881116885 -1.0815139726843696e-06 -4.0323504565772987)
(-0.59669631735092443 -0.0039798185244978718 -4.0118014732249776)
(0.59806543901665332 -0.0039327197245602403 -4.0095422991439849)
(1.7406810935436758 -5.8815455224793445e-06 -4.0323493000745598)
(-1.7405425322939645 0.6530317474842775 -4.032715311483889)
(-0.55319959513488304 0.22345656558188856 -4.0113369535669117)
(-0.4263141552435028 0.41810331377047594 -4.0106617199768921)
(0.42314663515421869 0.42307934791195229 -4.0094822568602186)
(0.55336323539218391 0.22694001134300418 -4.009460524277503)
(1.7405423731942706 0.65302508393289405 -4.0327147920750415)
(-1.7407853841645049 1.3196669035011708 -4.0307575649321086)
(-1 1 -4)
(-0.23355994280431885 0.55006158143161477 -4.0100140471726125)
(-0.0038704082714013459 0.59807388953345886 -4.0096239238436615)
(0.22702102152502335 0.55333939102779373 -4.0095030383592825)
(1 1 -4)
(1.7407851667159344 1.3196626831024725 -4.0307576363074045)
(-1.6598346653101688 1.6598334517501134 -4.017533667140027)
(-1.3196693306249616 1.7407855418213938 -4.0307570721374324)
(-0.6530364951441292 1.7405426894492857 -4.0327148594498832)
(-7.2494366329424016e-06 1.7406811126245336 -4.0323503831741832)
(0.65302625219706367 1.7405424015898432 -4.0327157178289381)
(1.3196636270181912 1.7407852035093028 -4.0307581186276602)
(1.6598318135057992 1.6598313415479415 -4.0175336671390811)
(-1.659390933924821 -1.6593904626745717 -3.503684877065079)
(-1.3187818678496419 -1.7459670264785396 -3.5123285305351462)
(-0.65224015012456105 -1.745701972256277 -3.5138000254404407)
(-3.2404575289432201e-06 -1.7457620373342557 -3.5137115129069105)
(0.65223716955274391 -1.7457019794864328 -3.5138000413015851)
(1.3187804953366837 -1.7459670042334692 -3.5123285637610415)
(1.6593902476683482 -1.659391336190694 -3.5036848770650875)
(-1.7459670702706382 -1.3187809253491434 -3.5123291176099771)
(-1 -1 -3.5)
(-0.22999741999465381 -0.54992050058670905 -3.5022852218737328)
(-0.003915787533763415 -0.59671977012025157 -3.5022140452353101)
(0.22359829598016212 -0.553169321281057 -3.5020895598552415)
(1 -1 -3.5)
(1.7459670917551215 -1.3187826723814029 -3.5123283582390084)
(-1.7457020853621419 -0.65223852624393153 -3.5138010258535726)
(-0.5499081296565731 -0.23000507795076605 -3.502333292683625)
(-0.42188216710095833 -0.42189252433058955 -3.5023243554236605)
(0.41823489206659559 -0.42619925279348841 -3.5019337443401213)
(0.55008932813766287 -0.23343928238133427 -3.5017937830547008)
(1.7457020268667032 -0.65224137183204778 -3.5137998891501465)
(-1.7457621629206357 -1.3855096594608218e-06 -3.5137126328007651)
(-0.59672009511574309 -0.0039247506237946412 -3.5023037895062639)
(0.59803416599366199 -0.0038486629527827833 -3.5017163093156349)
(1.7457620468604929 -1.8641789774284019e-06 -3.5137114872194752)
(-1.7457020888691996 0.6522388609726526 -3.5138009818256171)
(-0.55317761293955603 0.2235954284876297 -3.5022084616368288)
(-0.42620227150823153 0.41823648992531687 -3.502061719862759)
(0.42311909071330217 0.42310877091870236 -3.5017239794407131)
(0.5533320021214535 0.22696897414923173 -3.5017047396993415)
(1.7457019393088409 0.65223589533473403 -3.5138001386078002)
(-1.7459670947619381 1.3187815111641923 -3.5123290893143211)
(-1 1 -3.5)
(-0.23343649215417156 0.55009258496084712 -3.501910662679439)
(-0.0038399292265491091 0.59803607000488812 -3.5018045479500834)
(0.22698187619475743 0.55332853428378914 -3.5017519938085115)
(1 1 -3.5)
(1.7459669442200745 1.3187796367690778 -3.5123287217977688)
(-1.6593909188906468 1.6593907555821024 -3.5036848770650875)
(-1.318781837781309 1.7459671444201814 -3.5123289154315906)
(-0.65224008071706752 1.7457021497961143 -3.513800849530889)
(-3.1812369523900146e-06 1.7457621719072849 -3.5137126084812449)
(0.65223725680589961 1.7457020382156947 -3.5138011208591298)
(1.3187805476027283 1.7459670256755935 -3.5123292777612249)
(1.6593902738013631 1.6593898183845379 -3.5036848770651012)
(-1.6591695339084733 -1.6591688794954003 -3.0003817334281369)
(-1.3183390678169467 -1.7485198273537448 -3.0042627764513354)
(-0.65179974815445507 -1.7482748359774682 -3.0052041606288067)
(-3.8562468500794127e-06 -1.7482837699038696 -3.005235587575795)
(0.65179608167708314 -1.7482748671206623 -3.0052041915446681)
(1.3183373039258706 -1.7485198412066949 -3.0042627655283258)
(1.6591686519629354 -1.6591696253417325 -3.0003817334281369)
(-1.7485200178229277 -1.3183377589908003 -3.004263451429797)
(-1 -1 -3)
(-0.22999451956925665 -0.54993816946600749 -3.0003028704073675)
(-0.0038805324444606297 -0.59672974168950177 -3.0002731913782652)
(0.22366097860093165 -0.55316376091807062 -3.0002401579199764)
(1 -1 -3)
(1.7485198439869403 -1.318339250683465 -3.0042627352506117)
(-1.7482751539358814 -0.65179758687339551 -3.0052053877193816)
(-0.54993846263502677 -0.22999509970832327 -3.0003526994661769)
(-0.42189173690309961 -0.42189271835833309 -3.0003296249821969)
(0.41829097822911693 -0.42615205935080513 -3.0002067551854736)
(0.55011009466726712 -0.2333799679078821 -3.0001836610268273)
(1.7482748457974262 -0.65180000376221281 -3.0052041343970011)
(-1.7482841151744808 -1.4728484397488912e-06 -3.005236958642044)
(-0.59672985061226791 -0.0038805723263611556 -3.0003645874962195)
(0.59802543913303985 -0.0038090018749459267 -3.0001795290214153)
(1.7482837725795108 -4.1130480324421233e-06 -3.0052355809456417)
(-1.7482751655249396 0.65179827019398684 -3.0052053504034433)
(-0.55316376458037964 0.2236613848637147 -3.0003586511997118)
(-0.42615159776407002 0.41829164351772447 -3.0003348926630062)
(0.423111515037839 0.42310882654796333 -3.0002155023352106)
(0.55331742736956391 0.22698352341682682 -3.0001929757485892)
(1.7482748613968464 0.65179581394445607 -3.0052042076238967)
(-1.7485200308822866 1.3183386469620146 -3.0042634718532901)
(-1 1 -3)
(-0.23337877939666865 0.55011080869467377 -3.0003017632491806)
(-0.0038069503519026111 0.59802569001932582 -3.0002689166519021)
(0.22698602953057562 0.55331659119117538 -3.0002408341233813)
(1 1 -3)
(1.7485198260947996 1.318337108551787 -3.004262802960155)
(-1.6591689862583976 1.6591693234810072 -3.0003817334281369)
(-1.3183379725167952 1.7485200392481126 -3.0042633981606768)
(-0.65179794691493931 1.7482751726080719 -3.0052053413017505)
(-1.8869055741680261e-06 1.7482841177234261 -3.0052369522976696)
(0.65179789856644887 1.7482751507896128 -3.00520538706379)
(1.3183384214918406 1.74852001092791 -3.0042635214846332)
(1.6591692107459202 1.6591685542758934 -3.0003817334281369)
(-1.6590421212827198 -1.6590410264369995 -2.5)
(-1.3180842425654395 -1.7495300937615421 -2.5013024957125354)
(-0.65158563658462654 -1.7493872977285991 -2.5017538781133255)
(-4.55273062020629e-06 -1.7493770305907921 -2.501803127384016)
(0.65158085924310383 -1.7493873270948523 -2.5017539717892441)
(1.3180816208968504 -1.7495301304431194 -2.5013025129307547)
(1.6590408104484253 -1.659042136332098 -2.5)
(-1.7495304559627243 -1.3180820528739992 -2.5013035520764744)
(-1 -1 -2.5)
(-0.22998808110989533 -0.54992330493193486 -2.5000510940558209)
(-0.0038767713481977447 -0.59673041384857584 -2.5000254765571506)
(0.22366874035991383 -0.55315902672954587 -2.5000034742892305)
(1 -1 -2.5)
(1.7495300972970915 -1.3180842726641961 -2.50130248785563)
(-1.749387865640871 -0.65158230416578655 -2.5017557416202183)
(-0.54993624536348729 -0.22998169195678195 -2.5001009032025174)
(-0.42189707910593155 -0.42188874297230472 -2.5000741645372315)
(0.4182981017761826 -0.42614606163223501 -2.4999861818369906)
(0.55011132033283472 -0.23337387596515177 -2.4999767958793777)
(1.7493873006738803 -0.65158568428270391 -2.5017538716099019)
(-1.7493776819698652 2.4334446860493701e-06 -2.5018051890061606)
(-0.59673057002086238 -0.0038673602085727166 -2.5001157022268048)
(0.59802411645112052 -0.0038067731283530767 -2.4999818797074695)
(1.7493770311481862 -4.606167956590882e-06 -2.501803126104905)
(-1.7493879385233901 0.65158417491014708 -2.5017557269760387)
(-0.55315046647719324 0.22367444289498523 -2.5001240334178632)
(-0.42613979746058472 0.41830143966105982 -2.5001168173254285)
(0.42311209502544855 0.42310819813528922 -2.5000200718888719)
(0.5533168269236326 0.22698309862642371 -2.4999973197655656)
(1.7493873250061382 0.65158080940499385 -2.5017539763277381)
(-1.7495305118541689 1.318083804069853 -2.5013035981805638)
(-1 1 -2.5)
(-0.23336823309759994 0.55011321635513966 -2.5000990622886636)
(-0.0038015846203660534 0.59802375670377772 -2.5000741346676749)
(0.22698737146751602 0.55331483528773373 -2.5000495627720793)
(1 1 -2.5)
(1.7495301272270081 1.3180815885824362 -2.5013025200559236)
(-1.6590410449860447 1.6590419020349265 -2.5)
(-1.3180820899720893 1.7495304604717057 -2.5013035417474572)
(-0.65158236589362206 1.7493878695489731 -2.5017557326746238)
(2.3628273600793134e-06 1.7493776825125877 -2.501805187762459)
(0.65158411111882442 1.7493879354391844 -2.5017557340349139)
(1.318083764837005 1.7495305076519778 -2.5013036078088193)
(1.6590418824185025 1.6590407942912182 -2.5)
(-1.6589896064324412 -1.658988016112128 -2)
(-1.3179792128648826 -1.749863715575066 -2.0003626942461619)
(-0.65149034891524793 -1.749805086031794 -2.0005284826280656)
(-5.0763748350669415e-06 -1.7497962024751363 -2.0005571885658737)
(0.65148455259103499 -1.749805083610507 -2.0005286352312455)
(1.3179757232740481 -1.7498637377906667 -2.0003627850102625)
(1.6589878616370242 -1.6589896079092177 -2)
(-1.7498642047685504 -1.3179760322242557 -2.0003644752212293)
(-1 -1 -2)
(-0.22997818258383596 -0.5499040799780226 -2.0000230828202556)
(-0.0038797648799859617 -0.59672804701239812 -1.9999945467058935)
(0.22366432122375812 -0.55315916753785732 -1.9999740220051481)
(1 -1 -2)
(1.7498637159560797 -1.3179792158184351 -2.0003626934660477)
(-1.7498058335688238 -0.65148563514412061 -2.0005314822240345)
(-0.54988888609938358 -0.22995969347907383 -2.000073329977035)
(-0.42189565317867617 -0.4218859998436148 -2.0000480315364353)
(0.41829042142183748 -0.42615125802338905 -1.999959952866518)
(0.55010582034614119 -0.2333842108380115 -1.9999566772495245)
(1.7498050863305896 -0.65149035328454996 -2.0005284820234435)
(-1.7497970804324396 3.4528027927377218e-06 -2.0005605529469275)
(-0.59672610791525826 -0.0038696905796487295 -2.0000908832420055)
(0.59802450713846234 -0.0038174429374147334 -1.9999620921033681)
(1.7497962025520453 -5.0811193884381218e-06 -2.0005571884015025)
(-1.7498059970536075 0.65148918816805679 -2.0005316130232651)
(-0.55315295998202518 0.22367124596065466 -2.0001041050572903)
(-0.42614517665447965 0.41829372660943787 -2.0001005858893754)
(0.42311394027017446 0.42311034084150922 -2.0000034983408286)
(0.55332100433345521 0.22697812611824869 -1.9999793688783289)
(1.7498050834297758 0.65148454796693489 -2.0005286355836258)
(-1.7498643876098088 1.3179788343784979 -2.000364632886884)
(-1 1 -2)
(-0.23337870533877536 0.55010753134789736 -2.0000853496235433)
(-0.0038124847390877291 0.59802412286844764 -2.0000617357225696)
(0.2269820703805672 0.55331910319355748 -2.0000341362218315)
(1 1 -2)
(1.7498637374533768 1.317975720055514 -2.0003627856970585)
(-1.6589880182364549 1.658989417189249 -2)
(-1.3179760364729101 1.7498642053798559 -2.0003644739171285)
(-0.65148564209506399 1.7498058340935438 -2.0005314811052122)
(3.4449020386007003e-06 1.7497970805065481 -2.0005605527888024)
(0.65148918097075714 1.7498059966409714 -2.0005316139030067)
(1.3179788298741357 1.7498643870395658 -2.0003646341034815)
(1.6589894149370679 1.658987860027757 -2)
(-1.6589711250459267 -1.6589691702015612 -1.5)
(-1.3179422500918534 -1.7499631847520205 -1.5000901267617961)
(-0.65145243244560802 -1.7499443743659411 -1.5001386561281924)
(-5.2744451522179748e-06 -1.7499403073368596 -1.5001495935161857)
(0.65144612708474048 -1.7499443467357578 -1.5001388039276289)
(1.3179382064907728 -1.7499631743931976 -1.5000902619983383)
(1.6589691032453864 -1.6589711251014776 -1.5)
(-1.7499636872593836 -1.3179383404031226 -1.5000928861782321)
(-1 -1 -1.5)
(-0.22996515509129653 -0.54988812895879813 -1.4999734719296605)
(-0.0038774807165439418 -0.59672562026316989 -1.4999499705697397)
(0.22366523485131001 -0.55315799245954289 -1.4999357132403945)
(1 -1 -1.5)
(1.7499631847609578 -1.3179422502029552 -1.5000901267439193)
(-1.7499451086897797 -0.65144675886708381 -1.5001431508718741)
(-0.54988776447672383 -0.22996453002228778 -1.5000269200433958)
(-0.42189113932626943 -0.42189004588221773 -1.5000015140794367)
(0.41828791741081861 -0.42615210745802146 -1.499930227035345)
(0.55010355424476298 -0.23338778335367921 -1.4999332957470997)
(1.7499443743692942 -0.6514524325744443 -1.5001386561214829)
(-1.7499411752098188 4.2229792830317438e-06 -1.5001547138123994)
(-0.59672551043640121 -0.0038773258045128869 -1.5000508059382112)
(0.59802463996077737 -0.0038211602902068938 -1.4999492249982502)
(1.7499403073421373 -5.2745665698541688e-06 -1.5001495935056304)
(-1.7499453832076082 0.65145162777687815 -1.5001436085401694)
(-0.55315794165039323 0.2236651159876924 -1.5000654508952729)
(-0.42615222255376295 0.41828775856089007 -1.5000737795490164)
(0.42311358738932592 0.42311278139191577 -1.4999985432996514)
(0.55332246461398749 0.22697716806276128 -1.4999719710005921)
(1.7499443467404727 0.6514461269406735 -1.5001388039182026)
(-1.7499640461991939 1.3179419510600019 -1.5000934094661433)
(-1 1 -1.5)
(-0.23338792135551079 0.55010350529230745 -1.5000678686399063)
(-0.0038211946125372466 0.5980246825815746 -1.5000514348795575)
(0.22697730790330808 0.55332244205957848 -1.5000281412329841)
(1 1 -1.5)
(1.7499631743872071 1.3179382063637044 -1.5000902620103225)
(-1.6589691703220151 1.6589709755300008 -1.5)
(-1.3179383406440304 1.7499636872999749 -1.5000928860970442)
(-0.65144675925225626 1.7499451087242106 -1.5001431508030021)
(4.2225450610071181e-06 1.7499411752147684 -1.5001547138025031)
(0.65145162737712548 1.7499453831806338 -1.5001436085941284)
(1.3179419508040386 1.7499640461612977 -1.5000934095419416)
(1.6589709754020192 1.6589691031818523 -1.5)
(-1.6589652451760708 -1.6589631600499537 -1)
(-1.3179304903521414 -1.7499911844451397 -1.0000164964041085)
(-0.65143937001227215 -1.7499862200194181 -1.0000274050306637)
(-5.3004805028366942e-06 -1.7499849171993964 -1.0000302081899057)
(0.65143296187029009 -1.749986198588517 -1.0000274975724288)
(1.3179262719008618 -1.7499911697845365 -1.0000166109271469)
(1.6589631359504309 -1.6589652451760708 -1)
(-1.7499915985275969 -1.3179263200999076 -1.0000202608414661)
(-1 -1 -1)
(-0.22995988081094809 -0.54988885302245039 -0.99992625377916389)
(-0.0038695678891111683 -0.59672621777351154 -0.99991236454156351)
(0.22367171834609959 -0.55315289127836054 -0.99990189485624947)
(1 -1 -1)
(1.7499911844451397 -1.3179304903521414 -1.0000164964041085)
(-1.7499868192749144 -0.65143343656723018 -1.0000333684288782)
(-0.5499041766526257 -0.2299779132216086 -0.99997791750436305)
(-0.42188624158078469 -0.42189547080271583 -0.99995335406159158)
(0.41829415775744971 -0.42614480758267453 -0.99990216875656057)
(0.55010769514462199 -0.23337826138961049 -0.99991651353125188)
(1.7499862200194181 -0.65143937001227215 -1.0000274050306637)
(-1.7499856905448685 7.2910455030837867e-07 -1.0000370642442413)
(-0.59672803328973223 -0.0038794598312381079 -1.0000065207621602)
(0.5980240596514006 -0.0038122009116212767 -0.9999393835945144)
(1.7499849171993964 -5.3004805028686443e-06 -1.0000302081899057)
(-1.7499872309487292 0.65143869855102532 -1.000034375122514)
(-0.55315903231616748 0.22366466611697514 -1.0000276215766466)
(-0.42615099997322703 0.41829066765742484 -1.0000421392917913)
(0.42311101460268907 0.42311305845876934 -0.99999444033921892)
(0.55331905101737722 0.22698203708361697 -0.99996664662018675)
(1.749986198588517 0.65143296187029021 -1.0000274975724286)
(-1.7499920785176721 1.3179302244193056 -1.0000215020020256)
(-1 1 -1)
(-0.23338398401950067 0.55010587377461562 -1.0000480389904103)
(-0.0038172996295450837 0.59802448693070942 -1.0000395310426111)
(0.22697830439668581 0.55332091966786512 -1.0000217053002065)
(1 1 -1)
(1.7499911697845365 1.317926271900862 -1.0000166109271469)
(-1.6589631600499539 1.6589651122096529 -1)
(-1.3179263200999078 1.7499915985275967 -1.0000202608414663)
(-0.65143343656723018 1.7499868192749144 -1.0000333684288782)
(7.2910455032690498e-07 1.7499856905448685 -1.0000370642442413)
(0.65143869855102532 1.7499872309487294 -1.000034375122514)
(1.3179302244193059 1.7499920785176721 -1.0000215020020256)
(1.6589651122096529 1.6589631359504309 -1)
(-1.6589634684311947 -1.658961407547928 -0.5)
(-1.3179269368623896 -1.7499982706325119 -0.49999886530701459)
(-0.65143543047627117 -1.749997103751789 -0.49999984508501893)
(-5.3088107747725883e-06 -1.749996717295516 -0.50000004258869846)
(0.65142901836810829 -1.7499970919729755 -0.49999989476501305)
(1.3179227178767887 -1.7499982582396998 -0.4999989505088504)
(1.6589613589383942 -1.6589634684311947 -0.5)
(-1.7499994571863413 -1.317922815095856 -0.50000345790894429)
(-1 -1 -0.5)
(-0.22998044978575788 -0.54993658055022343 -0.49992745280061918)
(-0.0038649568610667501 -0.59673096789376345 -0.49991562611625356)
(0.22367774395283455 -0.5531495087525049 -0.49990534389261654)
(1 -1 -0.5)
(1.7499982706325119 -1.3179269368623896 -0.49999886530701454)
(-1.7499984516052116 -0.65142959998854055 -0.50000700699342537)
(-0.54992454340775798 -0.22998751112264035 -0.49997572840397525)
(-0.4218882265228644 -0.42189820013140888 -0.49995316058321115)
(0.41830433560168612 -0.42613719025436003 -0.49990594441135272)
(0.5501144596350096 -0.23336496805331591 -0.49991939995452284)
(1.749997103751789 -0.65143543047627117 -0.49999984508501893)
(-1.7499973119141008 6.2010863937173502e-07 -0.50000844533399025)
(-0.59673089476039809 -0.0038743406002719315 -0.50000344958231424)
(0.59802337872869082 -0.0037992446557620586 -0.49994156551667063)
(1.7499967172955162 -5.3088107746833889e-06 -0.50000004258869846)
(-1.7499988554173747 0.65143472913848122 -0.50000883703572807)
(-0.55315804563435511 0.22367215750172165 -0.50002382266388146)
(-0.42614338432545429 0.41830101490087557 -0.5000381773098983)
(0.42310868522851042 0.4231109555104447 -0.49999462864363425)
(0.55331407641350838 0.22698807648613742 -0.49996803490811215)
(1.7499970919729755 0.6514290183681084 -0.499999894765013)
(-1.74999984075575 1.317926709762687 -0.5000056590497225)
(-1 1 -0.5)
(-0.23337064383887726 0.55011250447259519 -0.50004155708497811)
(-0.0038044666745704514 0.59802374284827586 -0.50003685251498708)
(0.22698406935274942 0.55331598156764761 -0.50002043701031906)
(1 1 -0.5)
(1.7499982582396998 1.3179227178767887 -0.4999989505088504)
(-1.658961407547928 1.6589633548813434 -0.5)
(-1.3179228150958562 1.7499994571863413 -0.5000034579089444)
(-0.65142959998854066 1.7499984516052116 -0.50000700699342537)
(6.2010863935985136e-07 1.7499973119141008 -0.50000844533399025)
(0.65143472913848122 1.7499988554173747 -0.50000883703572818)
(1.3179267097626872 1.74999984075575 -0.5000056590497225)
(1.6589633548813436 1.6589613589383942 -0.5)
(-1.6589630926683503 -1.6589610400192794 -5.5511151231257827e-17)
(-1.3179261853367004 -1.7499995815994167 4.5934273968915223e-06)
(-0.65143457472730426 -1.7499984692058832 5.9474106709363661e-06)
(-5.3079123091470239e-06 -1.7499985038768504 6.5228202694224968e-06)
(0.65142816249228219 -1.7499984539136921 5.9212883033698044e-06)
(1.3179219635231338 -1.7499995583108789 4.5330111809916011e-06)
(1.6589609817615669 -1.6589630926683503 0)
(-1.7499994571863413 -1.3179220800385587 -2.3722821674037666e-06)
(-1 -1 0)
(-0.22998936267767769 -0.54994285524714315 2.456498492203933e-05)
(-0.0038666329173731597 -0.59673244907952794 4.492381818863741e-05)
(0.22368055631901271 -0.55315829517843162 5.8183827526580282e-05)
(1 -1 0)
(1.7499995815994167 -1.3179261853367004 4.5934273968711689e-06)
(-1.7499984516052116 -0.65142873197974305 -3.9102046021119369e-06)
(-0.54994326286175066 -0.22998984839492648 -2.2113377130143334e-05)
(-0.42189339953484151 -0.42189435991415059 2.8216506653277002e-06)
(0.41830780467254164 -0.42613678642834918 6.3218924624139816e-05)
(0.55011700287395948 -0.23336114446941758 6.1050893416524321e-05)
(1.749998469205883 -0.65143457472730426 5.9474106708640557e-06)
(-1.7499985328748298 7.1256651047679254e-07 -3.0691622004763089e-06)
(-0.59673252733522908 -0.0038667059216681648 -4.3253288787513868e-05)
(0.59802327469432992 -0.0037951581380562096 4.6426309722303325e-05)
(1.7499985038768504 -5.3079123091163604e-06 6.5228202693646707e-06)
(-1.7499988554173747 0.65143400207542701 -6.547871006111476e-06)
(-0.55315830945281397 0.22368065005812474 -5.7137386199730668e-05)
(-0.42613674470013907 0.41830781861596072 -6.2340631101938371e-05)
(0.42310890393470035 0.42310857270500468 1.0385876540760784e-06)
(0.55331248105293307 0.22698931275624692 2.5247734985820917e-05)
(1.7499984539136921 0.65142816249228219 5.921288303352613e-06)
(-1.74999984075575 1.3179260631774043 -5.3405616406609491e-06)
(-1 1 0)
(-0.23336122634131423 0.55011690670016389 -5.7628423901919417e-05)
(-0.0037954940086277109 0.5980231775612217 -4.6226360404726056e-05)
(0.22698881645513183 0.55331258254842342 -2.5723092498308164e-05)
(1 1 0)
(1.7499995583108792 1.3179219635231338 4.533011181001768e-06)
(-1.6589610400192796 1.6589630315887023 0)
(-1.3179220800385589 1.7499994571863413 -2.3722821674366094e-06)
(-0.65142873197974316 1.7499984516052116 -3.9102046020639144e-06)
(7.1256651044115988e-07 1.7499985328748298 -3.0691622004210265e-06)
(0.6514340020754269 1.7499988554173747 -6.5478710061191967e-06)
(1.3179260631774043 1.74999984075575 -5.340561640684721e-06)
(1.6589630315887023 1.6589609817615669 0)
(-1.6589634120013996 -1.6589613559056517 0.5)
(-1.3179268240027993 -1.7499995815994167 0.50000543022815569)
(-0.65143533317156643 -1.7499984692058832 0.50000900899832956)
(-5.3078847055791913e-06 -1.7499985038768504 0.50000951506656854)
(0.65142892307152556 -1.7499984539136921 0.50000901346034088)
(1.3179226091319036 -1.7499995583108789 0.5000054163890062)
(1.6589613045659517 -1.6589634120013996 0.5)
(-1.7499984421923467 -1.3179227118113033 0.50000074333274025)
(-1 -1 0.5)
(-0.22998738711385189 -0.5499245931748441 0.49997821803144626)
(-0.00387431142935549 -0.59673086608267589 0.50000561077654992)
(0.22367213198547412 -0.55315803337497149 0.50002512937282906)
(1 -1 0.5)
(1.7499995815994167 -1.3179268240027993 0.50000543022815569)
(-1.7499973846138612 -0.651429285978252 0.50000132056736857)
(-0.54993656965467086 -0.22998052582937817 0.49993135504268477)
(-0.4218981545796911 -0.42188830034278635 0.49995531686203132)
(0.41830103139391484 -0.42614339654609074 0.50003874120111624)
(0.5501126303994478 -0.23337050214494612 0.50004167285257406)
(1.749998469205883 -0.65143533317156643 0.50000900899832956)
(-1.7499985328748298 4.7948136285734762e-06 0.49999986507147537)
(-0.5967310022507919 -0.003864954696297588 0.49991285611551112)
(0.59802384597746727 -0.0038040295258556654 0.50003648454737615)
(1.7499985038768504 -5.3078847055294273e-06 0.50000951506656843)
(-1.7499974658855559 0.6514351093350923 0.49999852035665615)
(-0.55314949366578703 0.22367780763650646 0.49990224061640565)
(-0.42613717480927465 0.41830431939072282 0.49990569715996874)
(0.4231105459916647 0.42310901058018907 0.49999385301568888)
(0.55331584531549782 0.22698456905720807 0.50001975510490437)
(1.7499984539136921 0.65142892307152567 0.50000901346034066)
(-1.7499984510437419 1.3179268922478873 0.49999775735018837)
(-1 1 0.5)
(-0.2333650384911572 0.55011438785144784 0.49991949161540361)
(-0.0037994489692880912 0.59802332596503771 0.49994154196808394)
(0.22698771221229469 0.55331415189753563 0.49996750669600698)
(1 1 0.5)
(1.7499995583108792 1.3179226091319036 0.50000541638900609)
(-1.6589613559056517 1.6589634461239435 0.5)
(-1.3179227118113035 1.7499984421923467 0.50000074333274014)
(-0.65142928597825212 1.7499973846138612 0.50000132056736846)
(4.7948136284685898e-06 1.7499985328748298 0.49999986507147537)
(0.6514351093350923 1.7499974658855559 0.49999852035665615)
(1.3179268922478871 1.7499984510437419 0.49999775735018825)
(1.6589634461239435 1.6589613045659517 0.5)
(-1.6589651618815431 -1.658963116578994 1)
(-1.3179303237630864 -1.7499919746195287 1.0000214809768504)
(-0.65143923472894394 -1.7499871911394189 1.0000346267042701)
(-5.3017606630069083e-06 -1.7499858501597187 1.0000378147471309)
(0.65143282991738072 -1.7499871618423717 1.0000346897603347)
(1.3179261125871455 -1.7499919376016706 1.000021541173391)
(1.6589630562935729 -1.6589651618815431 1)
(-1.7499914960029308 -1.3179262331579882 1.000017751314479)
(-1 -1 1)
(-0.22997811087821096 -0.54990415056998798 0.99997907955808996)
(-0.0038794948869873315 -0.59672809518179715 1.0000075514531117)
(0.22366472040706931 -0.5531590487554735 1.0000278634598576)
(1 -1 1)
(1.7499919746195287 -1.3179303237630862 1.0000214809768506)
(-1.7499865212289683 -0.65143312339293835 1.000028278094707)
(-0.54988898016044452 -0.22995956629902789 0.99992883027301649)
(-0.42189566845224469 -0.4218860379594056 0.99995412842926035)
(0.41829079295630012 -0.42615092487320694 1.0000415606076121)
(0.55010601329994357 -0.23338376304778524 1.0000444096901149)
(1.7499871911394189 -0.65143923472894383 1.0000346267042703)
(-1.7499850434823205 4.9465341575340823e-06 1.0000297781068113)
(-0.59672615464261403 -0.0038694026702244199 0.99990847074760258)
(0.59802452606037293 -0.0038169653823496193 1.0000384881290041)
(1.7499858501597187 -5.3017606630353085e-06 1.0000378147471307)
(-1.7499861602662117 0.65143913511267137 1.0000261998080269)
(-0.55315284509209106 0.22367163380298755 0.99989780465043832)
(-0.42614486989936756 0.41829406125797458 0.99990092130446029)
(0.42311277474090025 0.4231112548478958 0.99999367662883032)
(0.55332079456941174 0.22697866899365701 1.000020792519652)
(1.7499871618423717 0.65143282991738061 1.0000346897603347)
(-1.7499910922186901 1.317930427238565 1.0000155729003126)
(-1 1 1)
(-0.2333783599789043 0.55010764472642482 0.99991569363795052)
(-0.0038123918616258757 0.59802402872339855 0.99993879267148)
(0.2269817485855431 0.55331912104258318 0.99996599854196822)
(1 1 1)
(1.7499919376016706 1.3179261125871455 1.000021541173391)
(-1.658963116578994 1.6589652136192825 1)
(-1.3179262331579882 1.749991496002931 1.0000177513144788)
(-0.65143312339293835 1.7499865212289683 1.000028278094707)
(4.9465341574834687e-06 1.7499850434823205 1.0000297781068113)
(0.65143913511267115 1.7499861602662117 1.0000261998080271)
(1.317930427238565 1.7499910922186899 1.0000155729003126)
(1.6589652136192825 1.6589630562935729 1)
(-1.6589710703938563 -1.6589691526343735 1.5)
(-1.3179421407877123 -1.7499640821574629 1.5000933165223025)
(-0.65145232064163461 -1.7499455582206334 1.5001435100917995)
(-5.2740418939050988e-06 -1.7499414897002998 1.5001548353465304)
(0.651446018907192 -1.7499455211492552 1.5001436472879128)
(1.317938098965781 -1.7499640525933837 1.5000934358429707)
(1.6589690494828906 -1.6589710705234386 1.5)
(-1.7499634672245536 -1.3179383052687468 1.5000908167196572)
(-1 -1 1.5)
(-0.22996515348052865 -0.54988813017255811 1.5000267090300801)
(-0.0038774647906712856 -0.5967256203810215 1.5000502140187795)
(0.22366523982150871 -0.5531579914209136 1.5000644446254872)
(1 -1 1.5)
(1.7499640822011004 -1.3179421410468772 1.5000933164350219)
(-1.7499445435427088 -0.65144662713532198 1.5001391908269788)
(-0.54988777127663524 -0.2299645160691981 1.4999732555636456)
(-0.42189114994681598 -0.42189003652259804 1.4999986585341669)
(0.41828793517109114 -0.42615209794227821 1.5000698497221789)
(0.5501035916458491 -0.2333877329394137 1.5000666446938982)
(1.7499455582576149 -0.65145232105602857 1.500143510017826)
(-1.7499401721498407 4.4695895190890614e-06 1.5001494338069026)
(-0.59672551122083184 -0.0038773216393777972 1.4999493718445731)
(0.59802469344127873 -0.0038209777852653793 1.500050404859337)
(1.7499414897054748 -5.27450863984671e-06 1.5001548353361802)
(-1.7499440233818153 0.6514518591601518 1.5001381528825308)
(-0.55315794512044159 0.22366510553317404 1.4999347007246671)
(-0.42615222737244851 0.41828774556578102 1.4999262902632324)
(0.42311253644383051 0.42311380550031408 1.4999977937604332)
(0.55332235849212263 0.22697758696052203 1.500027329087581)
(1.7499455211202639 0.65144601847788641 1.5001436473459067)
(-1.7499629280483386 1.31794205662054 1.5000897166684128)
(-1 1 1.5)
(-0.23338796530216183 0.55010347058523812 1.4999320614223872)
(-0.0038213702064927506 0.59802462885398577 1.4999481821075018)
(0.22697689282287448 0.55332254578291895 1.499971149441145)
(1 1 1.5)
(1.7499640525526898 1.3179380986908813 1.5000934359243654)
(-1.6589691527545742 1.6589710283102699 1.5)
(-1.3179383055091485 1.7499634672650592 1.5000908166386402)
(-0.65144662751968485 1.7499445435770671 1.5001391907582518)
(4.4691562102375103e-06 1.749940172154778 1.5001494337970271)
(0.65145185876124023 1.749944023354898 1.5001381529363762)
(1.3179420563651145 1.7499629280105224 1.5000897167440512)
(1.6589710281825574 1.6589690493454405 1.5)
(-1.6589895822192988 -1.6589880178051706 2)
(-1.3179791644385976 -1.7498644120189359 2.0003644911144232)
(-0.65149029299532857 -1.7498060774016611 2.0005313538476952)
(-5.0817587212583314e-06 -1.7497972324960802 2.0005603703543331)
(0.65148448882636545 -1.7498060688976207 2.0005315080138839)
(1.3179756723542251 -1.7498644256675535 2.0003645830968693)
(1.6589878361771127 -1.6589895844123816 2)
(-1.7498639111265875 -1.3179760356103409 2.0003629930436779)
(-1 -1 2)
(-0.22996000840015546 -0.5498887581638825 2.0000729695883162)
(-0.0038698286152035618 -0.59672617743021616 2.0000896943409638)
(0.22367131799652457 -0.55315301056559785 2.0001000076855244)
(1 -1 2)
(1.7498644126323215 -1.3179791688247633 2.0003644898000656)
(-1.7498051771037639 -0.65148560991464155 2.0005288351009773)
(-0.54990412332374106 -0.22997796604773696 2.000024104076418)
(-0.42188622553209099 -0.42189543274124858 2.0000486575028127)
(0.41829382252231195 -0.42614511502170216 2.0000993616252818)
(0.55010758110761493 -0.23337860149903822 2.0000845849006645)
(1.7498060779223985 -0.65149030011435116 2.0005313527317381)
(-1.7497960731681546 3.5122794284373322e-06 2.000557287469678)
(-0.59672798860792087 -0.0038796997245345846 1.9999954629227854)
(0.59802414609029642 -0.0038123475464726048 2.0000612524467818)
(1.7497972325731104 -5.0898182189453631e-06 2.0005603701899255)
(-1.7498048279463554 0.65148925891342024 2.0005284955921696)
(-0.55315913428375763 0.22366428793248033 1.9999741808672515)
(-0.4261513088259431 0.41829031873847289 1.9999593216283853)
(0.4231101156822718 0.42311415835659616 2.0000028630254714)
(0.55331904989487946 0.2269823017990299 2.0000336308047966)
(1.7498060684957617 0.65148448145444049 2.0005315088761293)
(-1.7498635291282489 1.3179788732243196 2.0003626570571922)
(-1 1 2)
(-0.23338439097297806 0.55010570200168574 1.9999530154033307)
(-0.0038177085371111611 0.59802448294949684 1.9999610514808257)
(0.22697784956298778 0.55332110348705554 1.9999785245408281)
(1 1 2)
(1.7498644250986226 1.3179756677050209 2.0003645843164546)
(-1.6589880199250175 1.6589894366121598 2)
(-1.3179760398500349 1.7498639117365273 2.0003629917424797)
(-0.65148561685093698 1.7498051776272319 2.000528833984804)
(3.504395292987995e-06 1.749796073241924 2.0005572873122492)
(0.65148925173122585 1.7498048275344229 2.0005284964703871)
(1.3179788687293892 1.7498635285591098 2.0003626582714209)
(1.6589894343646945 1.6589878338525104 2)
(-1.6590421192149862 -1.6590410295286977 2.5)
(-1.3180842384299722 -1.7495305028629839 2.5013034743686067)
(-0.65158564080008829 -1.7493879210057359 2.5017555027672231)
(-4.588691903875238e-06 -1.7493777014103491 2.5018049675333924)
(0.65158080919409955 -1.7493879472903457 2.5017556041782374)
(1.3180815953007694 -1.7495305369090608 2.5013034980801061)
(1.6590407976503847 -1.65904213760995 2.5)
(-1.7495301830853467 -1.3180820590573954 2.5013026156530982)
(-1 -1 2.5)
(-0.229981775260232 -0.54993621262947001 2.5001014263941421)
(-0.0038674484245254099 -0.59673056593477103 2.5001154297721482)
(0.22367434599018213 -0.55315050556021617 2.5001235389434782)
(1 -1 2.5)
(1.7495305070992655 -1.3180842752198998 2.5013034645748879)
(-1.7493873429287459 -0.65158230538791384 2.5017541399163283)
(-0.549923357655699 -0.22998797985682276 2.5000529684790243)
(-0.4218888152788659 -0.42189702035164506 2.5000756709162641)
(0.41830137591336786 -0.42613987557444916 2.500116573424787)
(0.55011321004623226 -0.23336829462956715 2.500101998545623)
(1.7493879246117303 -0.65158570117926051 2.5017554944291427)
(-1.7493769801741637 2.4477744821536861e-06 2.5018033271202205)
(-0.59673042023060974 -0.0038766454763289417 2.5000244095055946)
(0.59802377264875617 -0.003801613034990243 2.5000772219203018)
(1.7493777019754724 -4.6573367782970338e-06 2.5018049662387942)
(-1.7493872142412041 0.65158419706279291 2.5017540581185478)
(-0.55315897654020807 0.22366883382741029 2.5000017413619724)
(-0.42614599708339063 0.41829813363496338 2.4999836545061918)
(0.42310811860751746 0.42311219168395725 2.5000197725504005)
(0.55331485372644584 0.22698744058404455 2.5000468082765104)
(1.7493879445564084 0.65158074668412125 2.5017556105189502)
(-1.7495300277221255 1.3180838117435505 2.5013025906215112)
(-1 1 2.5)
(-0.23337390379926454 0.55011125281180284 2.4999764584524056)
(-0.003806930935160564 0.59802406875488612 2.4999813146831182)
(0.22698294742470157 0.5533168780634935 2.4999967634571361)
(1 1 2.5)
(1.7495305330022013 1.3180815563052408 2.5013035071206722)
(-1.6590410480386817 1.6590419058717751 2.5)
(-1.3180820960773636 1.7495301875841718 2.5013026053473104)
(-0.65158236698582495 1.7493873468273282 2.5017541309924418)
(2.3773056294206832e-06 1.7493769807140964 2.5018033258827894)
(0.6515841334054282 1.749387211161995 2.5017540651658776)
(1.3180837725929928 1.7495300235279059 2.5013026002314378)
(1.6590418862964964 1.6590407781526204 2.5)
(-1.6591695481219684 -1.6591688803505829 3.0003817334281369)
(-1.3183390962439367 -1.7485200333659772 3.0042633430663903)
(-0.65179981778026119 -1.7482751634716016 3.0052051302665559)
(-3.9574721256244761e-06 -1.7482841309478789 3.0052367056372389)
(0.65179599428995239 -1.7482751922191919 3.0052051737525032)
(1.3183372639328972 -1.7485200448395628 3.0042633434192072)
(1.6591686319664487 -1.65916964984969 3.0003817334281369)
(-1.7485198283255647 -1.3183377607011657 3.0042628940034697)
(-1 -1 3)
(-0.22999532946976564 -0.54993835189601281 3.0003540685518146)
(-0.0038809378572411536 -0.59672982043776546 3.0003656786380111)
(0.2236607503415412 -0.55316391120846586 3.0003597069045997)
(1 -1 3)
(1.7485200514032548 -1.3183392996993799 3.0042632971136318)
(-1.7482748314681356 -0.65179759160369299 3.0052044309495423)
(-0.54993825243057304 -0.22999431479618504 3.0003044147072835)
(-0.42189286121928171 -0.42189159121951303 3.0003312424998381)
(0.41829092015031344 -0.42615218275600747 3.0003363057701948)
(0.55011024894088312 -0.23337987875245292 3.0003034790909218)
(1.7482751747300593 -0.6518001133229292 3.0052050993114596)
(-1.7482837342548239 -1.4727436396668492e-06 3.0052358585953072)
(-0.59672980218760741 -0.0038801622135146989 3.0002743118588309)
(0.59802556185722033 -0.0038085236626806719 3.0002703866465383)
(1.7482841336676911 -4.2626384236698572e-06 3.0052366989032575)
(-1.7482748094852025 0.6517982751546415 3.0052043936328019)
(-0.55316360624212213 0.22366151520804653 3.0002405800388856)
(-0.42615154241498554 0.41829162124181118 3.0002064970439202)
(0.42311018031410386 0.42311022331790116 3.0002155678822402)
(0.55331721381735866 0.22698435315628313 3.0002417426790426)
(1.7482751851366132 0.65179568664779797 3.0052051943630897)
(-1.7485198058100992 1.3183386487656872 3.004262914441644)
(-1 1 3)
(-0.23337894787365537 0.55011063332520393 3.0001829396269351)
(-0.0038075453282240897 0.59802552718727608 3.0001786750733461)
(0.22698513211103569 0.55331684861870745 3.0001923473525149)
(1 1 3)
(1.7485200283714786 1.3183370479973999 3.0042633854858583)
(-1.659168986889122 1.6591693243828436 3.0003817334281369)
(-1.3183379737782439 1.7485198497029741 3.0042628408533205)
(-0.65179795088833126 1.7482748500956524 3.0052043846432328)
(-1.8859305229577461e-06 1.748283736791415 3.0052358522819076)
(0.65179790430794926 1.7482747947744639 3.0052044302321415)
(1.3183384237691016 1.7485197858939499 3.0042629639780034)
(1.6591692118845507 1.6591685239987 3.0003817334281369)
(-1.6593909643567937 -1.6593904618398438 3.5036848770650795)
(-1.3187819287135871 -1.7459671168689661 3.5123289163410081)
(-0.65224032556667633 -1.7457021221660938 3.5138006951668048)
(-3.4987771546109574e-06 -1.7457622004945739 3.5137123046478842)
(0.65223697478914922 -1.7457021208345196 3.5138007409062531)
(1.3187804187365786 -1.7459670926924233 3.5123289647658789)
(1.6593902093682957 -1.6593913866784171 3.5036848770650884)
(-1.745966975746112 -1.3187809236796875 3.512328749235722)
(-1 -1 3.5)
(-0.23000659299525078 -0.54990722014596394 3.502335047794038)
(-0.0039273479208549412 -0.59671980251207779 3.502306042803419)
(0.2235915412261934 -0.55317863041395332 3.502211487636719)
(1 -1 3.5)
(1.7459671815670781 -1.3187827733568496 3.5123287404326962)
(-1.7457019305607058 -0.65223852650536507 3.513800378690596)
(-0.54992063337830344 -0.22999672158655277 3.5022855015063667)
(-0.42189330603585995 -0.42188117822644011 3.5023252097704369)
(0.41823150447831248 -0.42620601121191581 3.5020660335568246)
(0.55008862301789396 -0.23344401956145219 3.5019154958563594)
(1.7457021725704751 -0.65224158900638773 3.5138005625635502)
(-1.7457619890918121 -1.3852827879888705e-06 3.5137118804116754)
(-0.59672001116914664 -0.0039143784924568319 3.5022132257310012)
(0.59803486036906095 -0.0038517487885354083 3.5018090655607876)
(1.7457622100349988 -4.8437751744626088e-06 3.5137122788327195)
(-1.7457019339841633 0.65223886153281951 3.5138003348289764)
(-0.55316876004503246 0.22360138212209249 3.5020872375129555)
(-0.42619584291467771 0.41823983653776287 3.5019302016914784)
(0.42312041385095012 0.42310794074237207 3.5017242744872683)
(0.5533329952168905 0.22696666146893946 3.5017548679865964)
(1.7457020850563629 0.65223565885992596 3.5138008339462994)
(-1.7459670001438752 1.3187815095144677 3.5123287211418832)
(-1 1 3.5)
(-0.23343118775133648 0.55009409739746584 3.5017894647843808)
(-0.0038360514231285791 0.59803537182554722 3.5017123362599003)
(0.22698314499204522 0.55332710216430159 3.5017024941690065)
(1 1 3.5)
(1.745967033372529 1.3187795200821288 3.5123291260673839)
(-1.6593909170976378 1.6593907547572402 3.5036848770650884)
(-1.3187818341952906 1.7459670497329058 3.5123285475030932)
(-0.65224007771280301 1.7457019948452841 3.5138002027802138)
(-3.177237005796602e-06 1.7457619980412138 3.5137118561976326)
(0.65223726073705268 1.745701883420044 3.5138004736204618)
(1.3187805479779362 1.745966931192654 3.5123289092222008)
(1.659390273988967 1.6593897600410634 3.5036848770651017)
(-1.6598336710541508 -1.6598331169407217 4.0175336671406852)
(-1.3196673421083018 -1.7407854162456999 4.0307573277603481)
(-0.65303318326507886 -1.7405425745200496 4.0327149404168328)
(-3.4231694592034696e-06 -1.7406811282801011 4.0323500480876762)
(0.65302961410044003 -1.7405425519501119 4.0327150316298406)
(1.3196656059843721 -1.7407853747340585 4.0307574595948052)
(1.6598328029917144 -1.6598351239119906 4.0175336671400261)
(-1.7407853077222133 -1.3196662338814433 4.030757377878583)
(-1 -1 4)
(-0.23000848049218531 -0.54988024854474304 4.0119989907803486)
(-0.0039919382648626184 -0.59669722731584396 4.0118050674273871)
(0.2234427437328052 -0.55320482712617758 4.0113441559879224)
(1 -1 4)
(1.7407855991709311 -1.3196702478286015 4.0307567824707515)
(-1.7405424564530536 -0.65303117541727629 4.0327148603938578)
(-0.54987259823134771 -0.22997426956037431 4.0119460433422782)
(-0.42189425452157003 -0.42187359648085088 4.012019193033427)
(0.41807942910329798 -0.42633037406864238 4.010672401935869)
(0.55003735632219952 -0.2335999823998946 4.0100273419550545)
(1.7405427340446677 -0.65303785226000532 4.0327144835236917)
(-1.7406810158352244 -1.0803097391370096e-06 4.0323498487411369)
(-0.59669071052782852 -0.0039727834642557551 4.0117052154455521)
(0.59806663768010981 -0.0039349613139030275 4.0096365449008262)
(1.7406811542969096 -6.2630564054623957e-06 4.0323499701949546)
(-1.740542467453138 0.6530317478125347 4.032714794169407)
(-0.55319515530620744 0.2234660594526196 4.011210952669602)
(-0.42630717605199142 0.41810698333483104 4.0105262562937778)
(0.42314302866076914 0.42308543591235231 4.0094826790749556)
(0.55336388537187897 0.22694069127915753 4.0095110414944886)
(1.7405424322064591 0.65302475686184092 4.0327153695268017)
(-1.7407853439181611 1.3196669013247011 4.0307572772533753)
(-1 1 4)
(-0.23355514705196018 0.55006225368998418 4.009890865557594)
(-0.003868342436687489 0.59807263756108242 4.0095305186466135)
(0.22701970380326933 0.55333893957385338 4.0094533528267737)
(1 1 4)
(1.7407852059010167 1.3196625062991854 4.030757962309135)
(-1.6598346608694472 1.6598334506618788 4.0175336671400279)
(-1.3196693217435189 1.740785501252982 4.0307567853549431)
(-0.65303648276290904 1.7405426242838857 4.032714343044554)
(-7.2352478949002953e-06 1.7406810403066006 4.0323497755265167)
(0.65302626410606901 1.7405423370282083 4.0327151997015589)
(1.3196636317450736 1.7407851636406293 4.0307578298186861)
(1.6598318158692404 1.6598312531462982 4.0175336671390811)
(-1.660473996643276 -1.6604734147647799 4.5459895082603179)
(-1.320947993286552 -1.7316271058235002 4.5675015883232746)
(-0.65432280561767564 -1.7316353993978009 4.569442592303429)
(-3.8930441659553217e-06 -1.7318310665788461 4.5686879149297779)
(0.65431856731172999 -1.7316353635881956 4.5694427567432161)
(1.3209457915187715 -1.731627070662745 4.5675017915902485)
(1.6604728956251045 -1.6604782384327317 4.5459895080875308)
(-1.731627101936839 -1.3209468295295597 4.5675016463473437)
(-1 -1 4.5)
(-0.2298634611366113 -0.54992985153102403 4.5453403411771944)
(-0.0039659167840998153 -0.59661682106963099 4.544935910090075)
(0.22331864172356808 -0.55319123323801855 4.5434484633679073)
(1 -1 4.5)
(1.7316275157074321 -1.320956477217148 4.5675002093779762)
(-1.7316354161162266 -0.65432036338371113 4.5694424798870514)
(-0.54994899269083297 -0.22983893304267314 4.5452889332834472)
(-0.42191974037289393 -0.42189791345248928 4.5453095987418832)
(0.41777268286260888 -0.42651085365264541 4.5409499586637256)
(0.54989970206275052 -0.2339001574304243 4.5385958072629506)
(1.7316357441100203 -0.65433700918962578 4.5694414211995769)
(-1.7318311372536432 -1.0899240622340248e-06 4.5686875742338504)
(-0.59662485636815799 -0.0039166851441416652 4.5448384708532323)
(0.59810890382114579 -0.0040918913211861144 4.5375431038105649)
(1.7318311227725347 -1.7532706114495075e-05 4.5686877217467599)
(-1.7316354182640099 0.65432111444353613 4.5694424089378503)
(-0.553172044289859 0.22340252594530785 4.5433189826444842)
(-0.42642728550326836 0.41788774024854902 4.5408053315508328)
(0.42319687937616263 0.42295482078280078 4.537877236572057)
(0.5533954212983786 0.22694092262653051 4.5376634158437827)
(1.731635106545321 0.65430377419795449 4.5694436305008512)
(-1.7316270746167357 1.3209473324264316 4.5675016007550573)
(-1 1 4.5)
(-0.23371728215390933 0.55000560695036693 4.5384580400620322)
(-0.0038145174352177107 0.5981355728475759 4.5374350493076747)
(0.22725144158191377 0.5532694795633466 4.537603888509345)
(1 1 4.5)
(1.7316266895529191 1.3209366930741078 4.5675030701416013)
(-1.6604777681144722 1.6604736660788277 4.5459895080873931)
(-1.3209555365809202 1.7316275095482472 4.5675002246149976)
(-0.65433542905118358 1.7316357596282208 4.5694412501922743)
(-1.8638412620336282e-05 1.7318311906810451 4.568687391256109)
(0.65430549921829484 1.7316351571597002 4.5694433589258479)
(1.3209380527441217 1.7316266941665415 4.5675029278672321)
(1.6604690259957224 1.6604683461607461 4.5459895078305061)
(-1.6613743588473835 -1.6613736628264686 5.1128106008532335)
(-1.322748717694767 -1.7182717974342805 5.1309551160212115)
(-0.65613122949594838 -1.7185076509969721 5.132424385785284)
(-4.67400070766715e-06 -1.7186726475146594 5.1313426198999172)
(0.65612621725232567 -1.7185076375963004 5.1324245795120822)
(1.322746068777197 -1.7182717938293641 5.1309553279269107)
(1.6613730266355515 -1.6613850191439181 5.1128105917631883)
(-1.7182718587895756 -1.322747325652937 5.1309550520635865)
(-1 -1 5)
(-0.22887732798971838 -0.54910267529724066 5.1302615296751313)
(-0.002971148489298951 -0.59525650563843824 5.1322070670796043)
(0.22330921414691893 -0.55140610422456882 5.1281847639761162)
(1 -1 5)
(1.7182724035236681 -1.3227700484243257 5.1309524637351238)
(-1.7185078294560909 -0.65612839037512005 5.1324239177235782)
(-0.54913518039815967 -0.22884387836076003 5.130230586223445)
(-0.42091617492729688 -0.42089360803155795 5.1299696515814901)
(0.41616192611423908 -0.42658360443484922 5.1196518369826549)
(0.5488035397609069 -0.23421114926140013 5.1113329000469472)
(1.7185082158514255 -0.65616765046916681 5.1324219589982443)
(-1.7186729198423214 -1.513322114952181e-06 5.1313417345490482)
(-0.59530249614639286 -0.0028782813474232663 5.1321540541655697)
(0.59729506114233766 -0.0045214311652960722 5.1091000128177839)
(1.7186727282045116 -4.3829650895675171e-05 5.1313421850124312)
(-1.7185078259114059 0.65612895564040297 5.1324238544604359)
(-0.55136742547282025 0.22351459792355652 5.1281253751761646)
(-0.42636660311533803 0.41648121583517039 5.1195609997531069)
(0.42267703504409732 0.42187767669473519 5.1160397541457447)
(0.55241363359462081 0.22672801537846776 5.1136921591897684)
(1.7185072147736982 0.65608813473096927 5.13242631130292)
(-1.7182718359399525 1.3227476820355168 5.1309550526389422)
(-1 1 5)
(-0.23365909858438189 0.54912727237419223 5.1112668202795231)
(-0.0036613427191786382 0.59737189442768346 5.1090699645514128)
(0.22774825941546872 0.55206379319188059 5.1136751854622675)
(1 1 5)
(1.7182712353958525 1.3227229049761002 5.1309577436704163)
(-1.661384234525308 1.6613738332580372 5.1128105917553732)
(-1.3227684791959287 1.7182724285138407 5.1309524309972074)
(-0.65616509950972579 1.7185083580015252 5.1324215067988197)
(-4.4609496917250382e-05 1.7186729965437646 5.1313413177902172)
(0.65609070324873719 1.7185074298620391 5.1324256068224621)
(1.3227248259434339 1.7182713110732464 5.1309574482401308)
(1.661362397194202 1.6613614367074734 5.1128105781410111)
(-1.6624923870407287 -1.662491810437845 5.7059243853253978)
(-1.3249847740814573 -1.7022127247275687 5.7265254689674867)
(-0.65826409404737907 -1.7023758279563423 5.7276689086727242)
(-4.7077644451039662e-06 -1.7023928021877484 5.7265570155244196)
(0.65825897297910785 -1.702375871773447 5.7276690151546781)
(1.3249820911871377 -1.7022127683823003 5.7265255936906714)
(1.6624908386205124 -1.662515875207808 5.705924169639907)
(-1.7022128311805858 -1.3249836208756898 5.7265251912055737)
(-1 -1 5.5)
(-0.21715054129119435 -0.53193365264224279 5.7984761826196305)
(0.012866666645927765 -0.56767915653492063 5.8015265301671048)
(0.20408824774360454 -0.52437709026214874 5.7952622798313351)
(1 -1 5.5)
(1.7022130847738928 -1.3250318659647395 5.726521600140785)
(-1.7023760136926143 -0.6582613086885033 5.7276680689434487)
(-0.5319752346404395 -0.21710726803121408 5.7984664357863656)
(-0.40729118687561183 -0.40726560480412938 5.7744033850821888)
(0.40145350414751396 -0.41526751685374524 5.7747729236803309)
(0.53108773648830243 -0.24093237270895196 5.7351725310054942)
(1.7023764972735451 -0.65834531981559685 5.7276641316980692)
(-1.7023930099396216 -1.6576073067746337e-06 5.7265557146697876)
(-0.5677099209414922 0.012986122116955299 5.8015869870183421)
(0.58533626988555854 0.0037940661900733178 5.7367439493810073)
(1.7023926135013521 -9.8401775887636592e-05 5.7265557542930265)
(-1.702376019919821 0.65826152542861327 5.7276679944745696)
(-0.52429999244065584 0.2043376384692332 5.7953074379273248)
(-0.41491883017979869 0.40209015744237264 5.7750840032429993)
(0.40859784504861169 0.4062066114242262 5.7855521458340808)
(0.53395484409688843 0.22387208697280825 5.7654866496068333)
(1.7023750504181614 0.65817355871643712 5.7276715734363313)
(-1.7022128057819284 1.3249834518985042 5.7265252445510342)
(-1 1 5.5)
(-0.23980301999534431 0.53179869643519828 5.7353187688545262)
(0.0060204095096615916 0.58513829389324556 5.7366085213492193)
(0.22591276701540758 0.53288037130551569 5.7662272072484138)
(1 1 5.5)
(1.702212353171586 1.3249297173780252 5.7265284536174113)
(-1.6625144207911522 1.6624915187976339 5.7059241694544713)
(-1.3250289572337546 1.7022131292651168 5.7265214831582369)
(-0.65834009161100493 1.7023765857843671 5.7276635115224028)
(-9.5861950013785408e-05 1.7023928172086051 5.7265544789194864)
(0.65817887279170262 1.7023752797767135 5.7276703997770566)
(1.3249332288855329 1.7022124471382598 5.7265279639341671)
(1.6624662859221444 1.6624645300038763 5.7059238459469794)
(-1.6634164320337539 -1.6634159122540959 6.3456586671406852)
(-1.326832864067508 -1.6863653806526149 6.353791985191747)
(-0.65987493604847081 -1.6868090075224773 6.3540488223547245)
(-3.345479927513408e-06 -1.6866161859285511 6.3533246436658368)
(0.65987148475043267 -1.6868090612051305 6.3540488171746938)
(1.3268310934800966 -1.6863654509034738 6.3537919667240468)
(1.6634126579149531 -1.6634706370008763 6.3456560458125857)
(-1.6863653522898359 -1.326831824508192 6.3537917638207961)
(-1 -1 6)
(-0.077931380749785825 -0.4071012715650435 6.5001135908400594)
(0.019326246025677337 -0.426527855038906 6.4922657484499471)
(0.16923524697884371 -0.38434456676779638 6.4930950664285865)
(1 -1 6)
(1.6863635079594941 -1.3269414827699635 6.353786385804856)
(-1.6868089204967516 -0.65987315912134936 6.354048154083312)
(-0.40711436190383238 -0.077891031526644033 6.500115242466622)
(-0.38101475200225088 -0.3809825367256684 6.3564297328621082)
(0.24722982170553637 -0.35372297544849229 6.4984254304117952)
(0.51277828197586151 -0.25075643226138467 6.316438822378843)
(1.6868067767681325 -0.66001003978319661 6.3540415404452757)
(-1.6866160231277696 -1.349216210434244e-06 6.3533236684141725)
(-0.42653288788824295 0.019427527061880154 6.4922839178688436)
(0.57023231985050238 0.014763305212862838 6.3007870078835504)
(1.6866123050191206 -0.00023218938252294138 6.3533186064460212)
(-1.6868089131128254 0.65987317056320871 6.3540480949105902)
(-0.38410841620925612 0.16923335158865643 6.4931264723117446)
(-0.35349691139315015 0.2472112093909003 6.4984741911831154)
(0.29238862544720307 0.28972881261721672 6.5061884420221316)
(0.37818634658209943 0.23451285529735974 6.4973964786973433)
(1.6868074915135853 0.65973103009128986 6.3540468722455827)
(-1.6863654036647133 1.3268320559359372 6.3537917132361583)
(-1 1 6)
(-0.24883068292541544 0.51308110746458646 6.3170624156384036)
(0.018579941721851213 0.56935885292122768 6.3011263725647755)
(0.23841554961304073 0.37294222687304751 6.4976180478350489)
(1 1 6)
(1.6863638424104554 1.3267028937343055 6.3537916443352733)
(-1.6634668109970421 1.663413136654829 6.3456560435650911)
(-1.3269338309473357 1.6863634489508808 6.3537863967002561)
(-0.66000111131931682 1.6868066836206459 6.3540411103929317)
(-0.00021912365186861976 1.6866121393580595 6.3533176537471965)
(0.65974048249300976 1.6868073481092933 6.3540459684638577)
(1.3267119010770323 1.6863638194496506 6.3537911792778532)
(1.6633522137604893 1.6633477070541829 6.3456521109592776)
(-1.6635199600598609 -1.6635199600598609 6.672829333570343)
(-1.3836889524346774 -1.572117949666811 6.6620826226121608)
(-0.6490750192638941 -1.5023278982459716 6.5975552368843733)
(0.087437925978740214 -1.4790863624510038 6.6293141591407521)
(0.66631284531309942 -1.5130743156932707 6.6716013905080791)
(1.3275922300092136 -1.547713525374264 6.6754095974843475)
(1.6635099280745478 -1.6636809898352432 6.6728293335703412)
(-1.5720262429009382 -1.3836918055522587 6.6620659767627561)
(-0.84173417733045641 -0.84199730047809607 6.5151722294022116)
(-0.18765179169241508 -0.34100772779252608 6.4501105184695477)
(0.0066819788696390603 -0.71575986180363893 6.7493279804125068)
(0.35927265627169891 -0.7058592935336695 6.7991855436675896)
(1.0915147321923671 -1.0430834529079784 6.6047015304460039)
(1.5980146552978667 -1.3802589704389983 6.662107542149915)
(-1.5023353510930297 -0.64909454019129287 6.5975506094952348)
(-0.34102484642006176 -0.18761207937481947 6.450103615458822)
(-0.28441825093419892 -0.28439511270939116 6.4622966018342245)
(0.33395521186294463 -0.23858143938573859 6.4789596902059943)
(0.36493119837165938 -0.16720095320248848 6.4705209677378726)
(1.5110349075594542 -0.72395344906196135 6.5921332304404956)
(-1.4790762564244622 0.087406072560673675 6.6292650873876484)
(-0.71561337749026499 0.0066907714844881491 6.7495187707557101)
(0.4193020905799088 0.0036286581191975996 6.4271579072077722)
(1.4600132835227004 0.099201109621574662 6.5908427751642211)
(-1.5129931556423948 0.66630338020102564 6.6715456473076724)
(-0.70460841916331685 0.35890165528460599 6.7991284597596273)
(-0.237172206320555 0.33336308567429862 6.4791273285497084)
(0.3204899768088969 0.32252324271198479 6.808354887855085)
(0.70925442390158189 0.31133501816033782 6.7773462907179889)
(1.5353066658011141 0.73333578159924684 6.670403440544761)
(-1.5476689732159445 1.3276183374113311 6.6753760821423924)
(-1.0428077432835239 1.0914157509614202 6.6043261483211912)
(-0.16635044558956241 0.3641618400638732 6.4707465323450144)
(0.007127146879339007 0.41738092015442219 6.4261822921081766)
(0.3118715731414054 0.70919312749127461 6.7783920044800086)
(0.89548119118713365 0.89588390793532469 6.6495974539991032)
(1.5713901198812188 1.325687237215246 6.6734673072895818)
(-1.6636694711724584 1.6635099193951506 6.672829333570343)
(-1.3802178544091015 1.5980501753257665 6.662114698774082)
(-0.72372757163442547 1.5110918547049172 6.5920498781684023)
(0.099346543351281624 1.4596407346689197 6.5905659334959763)
(0.73346558843249876 1.5351767400773659 6.6703635897255067)
(1.325715534909031 1.5715646996395221 6.6734678550677078)
(1.6633204698824406 1.6633060607047134 6.6728293335703421)
(0.35224147137443179 -1.2754085720035278 -6.5183358253461074)
(0.18045862341973617 -1.2288284374699832 -6.1903889656977169)
(0.51207258435437375 -0.51613986011540713 -6.1156347605862473)
(0.35250371829602917 -1.2588196321972107 -5.787656253548259)
(-1.2754171810079467 0.35222407431813951 -6.5183361938334823)
(-1.2288352458544003 0.18042297138770513 -6.1903891417487307)
(-0.51615897496046792 0.51205243827346636 -6.1156486114278632)
(-1.2589152295970683 0.35242393288135104 -5.7877203944327187)
(0.77815575281563554 0.59473713503612324 -6.4667649815226476)
(0.59785232669024768 0.77507847577993738 -6.4666372604093736)
(1.2028028103185173 0.34943456968640235 -6.487727415984649)
(1.3573483731856029 0.18357359568300041 -6.0751928356624347)
(0.35188744631521929 1.2002774293973213 -6.4879025964791879)
(0.1842645853068226 1.3538273189262875 -6.0749695847690974)
(1.2421371232327161 0.35018663000738792 -5.7892021248262973)
(0.3512183659981305 1.2411391767287892 -5.7893039254214811)
(0.35242465879427082 -1.2589148526707044 5.7877204153356541)
(0.18042491094360363 -1.2288351078605264 6.1903891231245298)
(0.51205317755986834 -0.51615842354247843 6.1156487025405983)
(0.35222487503349181 -1.2754168304625799 6.5183361609311206)
(-1.2588142582540141 0.35251408110324761 5.7876565521530665)
(-1.2288259800096102 0.18047848891865603 6.1903887922739038)
(-0.51613198986695141 0.51208313506511105 6.1156360607395053)
(-1.2754432960530353 0.3523525736839308 6.5183228790902552)
(1.2421224172630114 0.35021449555648992 5.7892034452709629)
(1.3572666635413262 0.18359114268782226 6.0751870587897168)
(0.35120234224106761 1.2411668750905185 5.7893009177900483)
(0.18425279959669411 1.3538955119545797 6.07497331503113)
(0.77812234068336961 0.59481543796943626 6.4667618832833824)
(0.5978179681610174 0.77515611644625459 6.4666428678311814)
(1.2027706676136403 0.34949832366527206 6.4877288774029545)
(0.35185518356426299 1.2003410466402651 6.4878968533133436)
(-0.16556168809260569 -1.2754151071501594 -6.532544364393341)
(-1.2754131798847297 -0.16558220785966246 -6.5325443643933419)
(-0.48256533198371898 -0.48258756777887613 -6.3125)
(0.19755314440536603 -1.3046505228967522 -6.5469079706190554)
(0.6608911919410303 -1.3833821164304623 -6.5298393095069773)
(0.51077194203726739 -0.5299488279948058 -6.4016169220243695)
(0.19541841550577976 -1.2395919748455879 -5.8874924950936265)
(0.66521906645919904 -1.3544743414140632 -5.7852282788527329)
(0.49825635523391237 -0.50739521585356495 -5.8459308331913284)
(-1.3046565710175992 0.19753192132557068 -6.5469080250728933)
(-1.3833867886293845 0.66088186751575562 -6.5298393504500192)
(-0.52995747919088554 0.51075936055561333 -6.4016259316660031)
(-1.2396180778547055 0.19535167573784393 -5.8875179696891484)
(-1.3545017837929361 0.66516761418506853 -5.7852630844693751)
(-0.50739931950682893 0.49822465310623759 -5.8460336469843153)
(0.5566629724339105 0.55154589580170532 -6.4933402241932017)
(1.2844585931009063 0.19362351821592599 -6.4818876841528548)
(1.2790787918800344 0.64771604375368164 -6.5204710357723981)
(0.19491572878197991 1.2828588207654339 -6.4818828771129855)
(0.64954028453264956 1.2772337466526893 -6.520475781710525)
(1.246585960012824 0.19128977872707481 -5.8153069715887078)
(1.3453901363269596 0.66402101532881064 -5.785331003185874)
(0.19188441543073234 1.245711695697723 -5.8152948265591169)
(0.6646049461524498 1.3448099597834382 -5.7853423143631373)
(-0.16558109945973928 -1.2754135659415278 6.5325443643933419)
(-1.2754189378938479 -0.16554955476540367 6.5325443643933419)
(-0.48258703628612531 -0.48256543896708654 6.3125)
(0.19535332143713163 -1.23961791609259 5.8875325540809182)
(0.66516803349232223 -1.3545015917988907 5.785263086792976)
(0.49822507389945359 -0.50739910812480593 5.8460336571094267)
(0.1975330671537672 -1.3046564817082313 6.5469080199202381)
(0.66088229513440266 -1.3833865995665533 6.5298393467942013)
(0.51075978134883138 -0.52995726780887087 6.4016259417896784)
(-1.2395908081229579 0.19542898214305873 5.8874775003551516)
(-1.3544716018026941 0.66522505129959564 5.7852283120314594)
(-0.50739219887493592 0.49826236095248688 5.8459309776524471)
(-1.304671089768362 0.19761998098658581 6.5469066586510891)
(-1.3834020525457644 0.66095299332144697 6.529837871034105)
(-0.52996403141033122 0.51082257101782569 6.4016170664857537)
(1.2465696940597271 0.1913056580281684 5.8153065259480803)
(1.3453811418951049 0.6640367093294901 5.7853311499024009)
(0.19187501018890774 1.2457326229789933 5.8152948988217812)
(0.6645958054071035 1.3448256353150392 5.7853419801814256)
(0.55659637171181942 0.55168013065326105 6.4933404751114567)
(1.2844349164966058 0.19365703600019743 6.4818872526081979)
(1.2790596559178096 0.647761618794228 6.5204708720903026)
(0.19489871343713341 1.2828969536355932 6.4818826758226056)
(0.64952076340111609 1.2772788465544243 6.5204757681361212)
(-2 -2 -7)
(-2 -2 -6.672829333570343)
(-1.6635199600598611 -2 -7)
(-2 -1.6635199600598611 -7)
(-1.6635199600598611 -2 -6.672829333570343)
(-2 -1.6635199600598611 -6.672829333570343)
(-1.6635199600598611 -1.6635199600598611 -7)
(-1.3270399201197223 -2 -7)
(-1.379722403318471 -2 -6.6857450374326026)
(-1.3310095737258467 -1.5720253617262896 -6.9763207185832155)
(-0.65787502136428022 -2 -7)
(-0.65083240212989257 -2 -6.6771994564032555)
(-0.65613731021147625 -1.5023344634798204 -6.9203514933761703)
(0 -2 -7)
(0.072250841794210596 -2 -6.6937050749790528)
(0.01518968695044819 -1.4790803954722449 -6.935605954061673)
(0.65787502136427989 -2 -7)
(0.66616870719841692 -2 -6.6772114093985486)
(0.65801916715523623 -1.5130709270954612 -6.994389874702942)
(1.3270399201197223 -2 -7)
(1.3275894697204118 -2 -6.6768969216355014)
(1.3270424495766411 -1.5477119131701098 -6.9985128270205097)
(2 -2 -7)
(2 -2 -6.6728293335703421)
(1.6635199600598611 -2 -7)
(1.999989967813889 -1.6636808716710449 -7)
(1.6635199600598611 -2 -6.6728293335703421)
(1.999989967813889 -1.6636808716710449 -6.6728293335703421)
(1.6635099278737502 -1.6636808716710449 -7)
(-2 -1.3270399201197223 -7)
(-2 -1.3797221647300961 -6.6857452212527813)
(-1.5721188192220925 -1.3310067151485063 -6.9763376768904672)
(-0.77979566945210821 -0.77952641458186589 -6.9320525771865134)
(-0.18761918890328289 -0.33137071413449737 -6.5)
(-0.034969057114852153 -0.67152799818702713 -6.9373825746966524)
(0.35634393863142527 -0.66609338480210245 -6.9927499250500604)
(1.0878545285377696 -0.97583529810384062 -6.9961542577673494)
(1.9999799356277781 -1.3273617433420901 -7)
(1.9999842632277014 -1.3767295711493728 -6.6846558121813926)
(1.5980120102371564 -1.3308911748111769 -6.9774514135989643)
(-2 -0.65787502136427989 -7)
(-2 -0.65081515133896883 -6.6772007334634775)
(-1.5023276708117281 -0.65613313279229257 -6.9203554241919534)
(-0.33135372570261568 -0.18765457027700866 -6.5)
(-0.26031270596319062 -0.26032449163884369 -6.5)
(0.33578059442664832 -0.21609305967613637 -6.5)
(0.36021130372679 -0.15939833315911131 -6.5)
(2 -0.65787510013266071 -7)
(2.0000073686757034 -0.70889049812071669 -6.6851146708113083)
(1.5110277047809351 -0.67294242815781091 -6.9070196001963842)
(-2 1.1102230246251565e-16 -7)
(-2 0.072242292383769779 -6.6937012993286364)
(-1.4790815456791728 0.015187151830884359 -6.9356082881757546)
(-0.67143215847236593 -0.03502888675507345 -6.9373548284151765)
(0.40055423367884002 -0.011440825834446923 -6.5)
(1.9999548551625006 -0.00072422486039080969 -7)
(1.9999641290962458 0.073815726997760067 -6.6948068818841717)
(1.4600140331894473 0.024661779628551362 -6.8960439275887779)
(-2 0.65787502136428022 -7)
(-2 0.66616264737402209 -6.6772115824147651)
(-1.5130310624015124 0.65801957731628091 -6.9943698005986281)
(-0.66575745144946297 0.35633018300566444 -6.9926980179276166)
(-0.21481856739605321 0.33510514439767869 -6.5)
(0.23032430086084199 0.23342088546837259 -7)
(0.69181552554833781 0.2532046900798206 -7)
(2 0.65787510013266137 -7)
(2.000007723545699 0.72818175879108427 -6.6929091400595091)
(1.5352693360677592 0.663030044395583 -6.9774898537118677)
(-2 1.3270399201197223 -7)
(-2 1.3275908706639035 -6.6768971258866259)
(-1.5476783017552571 1.3270424886439749 -6.9984936986141468)
(-0.97551604739475928 1.0877235665443901 -6.9960926100063379)
(-0.15861153416251042 0.35940562659606717 -6.5)
(-0.0080108481624115574 0.39823979854317193 -6.5)
(0.2536984904772237 0.69201150540902168 -7)
(0.89542773728020753 0.8958733881837383 -6.9863192692850848)
(1.9999749195347225 1.3266375184816992 -7)
(1.9999804287644907 1.3256971689961321 -6.6769000207776052)
(1.5713764738931499 1.3266278836591552 -6.9965678580471229)
(-2 2 -7)
(-2 2 -6.6728293335703421)
(-1.6636697856351019 1.9999899594600259 -7)
(-2 1.6635199600598611 -7)
(-1.6636697856351019 1.9999899594600259 -6.6728293335703421)
(-2 1.6635199600598611 -6.6728293335703421)
(-1.6636697856351019 1.6635099195198868 -7)
(-1.3273395712702039 1.9999799189200516 -7)
(-1.3766930774199007 1.999984250172276 -6.6846503426108077)
(-1.3308657401264428 1.5980356469243961 -6.9774653247463707)
(-0.65787510013266126 2 -7)
(-0.7087100503849445 2.000007374156072 -6.6850567355878638)
(-0.67289045282764837 1.511080636300826 -6.9069944443304045)
(-0.00067433769864716497 1.9999548175701158 -7)
(0.073881505944525375 1.9999640988113567 -6.6948206942034458)
(0.024791409960675172 1.4596221286875353 -6.8957443470871684)
(0.65787510013266082 2 -7)
(0.72828521719845019 2.0000077297441075 -6.6929581181733306)
(0.66305543857342608 1.5352005767812731 -6.9774157646293045)
(1.3266652335715567 1.9999748986500645 -7)
(1.325724704224289 1.9999804124900475 -6.6769000796798927)
(1.3266555988088844 1.5715670165488176 -6.996568488080201)
(2 2 -7)
(2 2 -6.672829333570343)
(1.6633326167857785 1.9999874493250323 -7)
(1.9999874597673613 1.6633187592408496 -7)
(1.6633326167857785 1.9999874493250323 -6.672829333570343)
(1.9999874597673613 1.6633187592408496 -6.672829333570343)
(1.6633200765531395 1.6633062085658818 -7)
(-2 -2 -6.3456586671406852)
(-1.6634162930596568 -2 -6.3456586671406852)
(-2 -1.6634159296811935 -6.3456586671406852)
(-1.3268325861193138 -2 -6.3537916719616288)
(-0.65987447877117522 -2 -6.3540479890215282)
(-2.8463521051518076e-06 -2 -6.3533234802864955)
(0.65987187548507553 -2 -6.354047932037715)
(1.3268312894655399 -2 -6.3537916190197716)
(2 -2 -6.3456586671406843)
(1.6634156764233572 -2 -6.3456560457841142)
(1.9999970794249451 -1.663470570911926 -6.3456586671179389)
(-2 -1.3268318593623869 -6.3537920675619626)
(-0.065100417742604208 -0.3669375294997248 -6.5)
(0.017233722748005054 -0.38514510229791243 -6.5)
(0.15961899023382736 -0.35115276552397795 -6.5)
(1.9999984297364983 -1.3269411417862373 -6.3537884938390015)
(-2 -0.65987320515285097 -6.3540489554463573)
(-0.36693955129192646 -0.065128339255649259 -6.5)
(-0.31900784260151921 -0.31902875029079519 -6.3434088975727541)
(0.22548949962327908 -0.32604941615209937 -6.5)
(0.42102239505579103 -0.20185783902659968 -6.3040287197028997)
(1.9999982946926278 -0.66000807272319761 -6.3540446328829399)
(-2 -1.384482190501236e-06 -6.3533247602171734)
(-0.38514390947891436 0.017190474418136759 -6.5)
(0.46576126226942816 0.0049547906312647208 -6.3011326998699895)
(1.9999961333252823 -0.00023190998143876549 -6.3533229339611914)
(-2 0.65987316236406568 -6.3540488959962884)
(-0.35095689896828919 0.15950925548846601 -6.5)
(-0.32592352024123472 0.22532526527720781 -6.5)
(0.25531400401701132 0.25267416348143268 -6.5)
(0.34492553864728787 0.19182197353672426 -6.5)
(1.9999979362475788 0.65972970705427236 -6.3540502834265187)
(-2 1.32683205978429 -6.35379201838622)
(-0.20045522772471072 0.42120210695857574 -6.3044996304646439)
(0.0081632853729491361 0.46482350758140406 -6.3015157208522981)
(0.19688859123507252 0.34048234460337695 -6.5)
(1.999998037494694 1.3267027061638401 -6.3537943784571853)
(-2 2 -6.3456586671406843)
(-1.6634669355890723 1.9999970770055284 -6.3456586671179007)
(-2 1.6634160616105085 -6.3456560436197007)
(-1.3269338711404683 1.9999984284272472 -6.353789142065895)
(-0.65999963235393189 1.9999982932081808 -6.3540458661887955)
(-0.00021957311295158773 1.9999961300812346 -6.3533242402134134)
(0.65973874929491239 1.9999979345587569 -6.3540510409797992)
(1.3267113972811524 1.9999980358566178 -6.3537945495086348)
(2 2 -6.3456586671406852)
(1.6633557382964912 1.9999963468417679 -6.3456553904361046)
(1.9999963499006386 1.6633513927702994 -6.3456553876386321)
(-2 -2 -5.7059243853253951)
(-1.6624922534557727 -2 -5.7059243853253951)
(-2 -1.6624918192230138 -5.7059243853253951)
(-1.3249845069115453 -2 -5.7265250254125455)
(-0.65826366503537614 -2 -5.7276677077369857)
(-4.2401557402737022e-06 -2 -5.7265553568501772)
(0.65825928141481416 -2 -5.7276677295076732)
(1.32498211748588 -2 -5.7265251107818562)
(2 -2 -5.7059243853253951)
(1.6624910653256548 -2 -5.705924169636039)
(1.9999997864402743 -1.6625158327524496 -5.7059243853252584)
(-2 -1.3249836384460276 -5.7265256248114147)
(-0.18426732304499396 -0.44371658819595849 -5.7914419194585305)
(0.012471734092460782 -0.48517046120247176 -5.7950556358356682)
(0.17358228473406662 -0.44766165595963048 -5.7893526051690589)
(1.9999999377621753 -1.3250316655046599 -5.7265213996586386)
(-2 -0.6582613429472578 -5.7276692069192618)
(-0.44369948733734071 -0.18426032563208114 -5.7914817600719601)
(-0.34069483876603851 -0.34070091257677498 -5.7673127257314576)
(0.34147486572422164 -0.34541077144285492 -5.7693379323934408)
(0.4484812412025122 -0.20010407323680857 -5.7311880454694357)
(1.9999998223317059 -0.6583449839937896 -5.7276634241295614)
(-2 -1.6999174252396371e-06 -5.7265572549786317)
(-0.48514705296041222 0.0125205594400313 -5.7951740738612791)
(0.49139708236795926 -0.0001397222932653539 -5.7326217954027552)
(1.9999997200665609 -9.8157662004924731e-05 -5.7265547971131854)
(-2 0.65826149521441435 -5.7276691339949544)
(-0.44757350691743208 0.17373683560363307 -5.7895013506077841)
(-0.3449908370113931 0.34185546726956495 -5.7695710270368741)
(0.34078014867791356 0.3384691384537693 -5.7784520701880648)
(0.45011431875776781 0.18154525375320232 -5.7593939807079062)
(1.9999997861473104 0.65817348880507187 -5.7276709402345229)
(-2 1.3249834428389431 -5.7265256795949471)
(-0.19910540556763745 0.44887105288939427 -5.7313883257936924)
(0.0017437451278820557 0.4911070955727439 -5.7324822754256015)
(0.18332618768106104 0.44905548529816181 -5.76016195196231)
(1.999999922280834 1.3249294289544866 -5.726528385328769)
(-2 2 -5.7059243853253951)
(-1.6625144772543412 1.9999997862624619 -5.7059243853252584)
(-2 1.6624917280078471 -5.7059241694569529)
(-1.3250289545084426 1.9999999377092015 -5.7265222039967476)
(-0.65834013411461911 1.9999998221784128 -5.7276651795343128)
(-9.6078285365847201e-05 1.9999997198282651 -5.7265567191646527)
(0.65817853423271488 1.9999997859696572 -5.7276721515896245)
(1.3249329735373869 1.9999999222163751 -5.7265287690355917)
(2 2 -5.7059243853253951)
(1.6624664949971109 1.9999997328998862 -5.7059241157485001)
(1.9999997331227599 1.6624647227123892 -5.7059241155216061)
(-2 -2 -5.1128106008532335)
(-1.6613742943412824 -2 -5.1128106008532335)
(-2 -1.661373659243218 -5.1128106008532335)
(-1.322748588682565 -2 -5.1309547172704182)
(-0.65613098406497061 -2 -5.132423379658599)
(-4.3580287916663909e-06 -2 -5.1313412533464771)
(0.6561265295788612 -2 -5.1324235419458679)
(1.3227462823040335 -2 -5.1309548850787943)
(2 -2 -5.1128106008532317)
(1.6613731413955493 -2 -5.112810591763143)
(1.9999999920033678 -1.6613849853906686 -5.1128106008532317)
(-2 -1.3227473184864362 -5.1309554157275779)
(-0.19184909401882835 -0.45987563213102151 -5.1287712008048123)
(-0.0022247479812962335 -0.49898292526350019 -5.1308509291214914)
(0.1867825629867097 -0.46232563401348375 -5.1268458577816727)
(1.9999999988829971 -1.3227699707813367 -5.1309520489470826)
(-2 -0.656128398852453 -5.132424838552506)
(-0.45986618008587199 -0.19182930971208989 -5.1288268565909521)
(-0.35258167284307285 -0.35258545347084891 -5.1285247053180933)
(0.34913428387176271 -0.35647838493953971 -5.1184348094216103)
(0.45922163001805627 -0.19579886182122128 -5.1104147540907059)
(1.999999993244358 -0.6561674348404255 -5.1324209688582574)
(-2 -1.5395922724043316e-06 -5.1313429795821)
(-0.49898020352923117 -0.0021649581308982625 -5.1309542884816803)
(0.49933356867825396 -0.0040349964993514091 -5.1081950389051114)
(1.9999999878704227 -4.3529134483206068e-05 -5.1313408778759646)
(-2 0.65612892566116376 -5.1324247775250003)
(-0.46226292385159495 0.18692665813184864 -5.1269747177595244)
(-0.35625972300901937 0.3493524936530793 -5.1185560886272157)
(0.35313796052879681 0.35241029111137995 -5.1146627700814626)
(0.46192494666396833 0.18866629533327295 -5.1125218184357184)
(1.9999999919563525 0.65608839337832536 -5.1324253507284592)
(-2 1.3227476606574495 -5.1309554179514816)
(-0.19532029184891189 0.45941292984388382 -5.1105023403757182)
(-0.0033006975616983888 0.49932099340209529 -5.1082740370045894)
(0.18950973339970345 0.46155375991033665 -5.1125723239070959)
(1.9999999986113424 1.3227230463938753 -5.130957359157641)
(-2 2 -5.1128106008532317)
(-1.6613842532423897 1.9999999919965863 -5.1128106008532317)
(-2 1.6613738305724717 -5.1128105917554274)
(-1.3227685064847792 1.9999999988820951 -5.1309528078715081)
(-0.65616517237978922 1.9999999932387065 -5.1324224655255248)
(-4.4724782616750784e-05 1.9999999878601771 -5.131342620457831)
(0.65609058001288423 1.9999999919494047 -5.1324265818818384)
(1.3227247439354251 1.9999999986100907 -5.1309578413693622)
(2 2 -5.1128106008532335)
(1.6613623722718684 1.9999999900077128 -5.1128105895018177)
(1.9999999900160157 1.6613615235013379 -5.1128105894923683)
(-2 -2 -4.5459895082603161)
(-1.6604739430180251 -2 -4.5459895082603161)
(-2 -1.6604734153533409 -4.5459895082603161)
(-1.3209478860360504 -2 -4.5675012600779192)
(-0.65432259061685105 -2 -4.5694419057540943)
(-3.5756988308701109e-06 -2 -4.5686870517120655)
(0.65431889266659138 -2 -4.5694420767737833)
(1.3209459674979018 -2 -4.5675014522179822)
(2 -2 -4.5459895082603161)
(1.6604729837544245 -2 -4.5459895080875299)
(1.9999999998602449 -1.6604781804608439 -4.5459895082603161)
(-2 -1.3209468307066818 -4.5675019312660785)
(-0.19258452924308389 -0.46075384519423696 -4.545185773004663)
(-0.0032952592307174556 -0.49996427394039528 -4.5447523343660512)
(0.18698840172744291 -0.4633708679493298 -4.5432469761289527)
(1.9999999999959501 -1.3209563609216881 -4.5674998708375885)
(-2 -0.65432034453950139 -4.5694430828172274)
(-0.46075432217354345 -0.19258127669540245 -4.5452379282332798)
(-0.35353073961397108 -0.35353725092012445 -4.5451991730291761)
(0.34976004759717372 -0.35703813030364173 -4.5407497943043804)
(0.45997242591455323 -0.19563443347789566 -4.5384185583330918)
(1.9999999999059852 -0.65433675560879057 -4.5694407342446572)
(-2 -1.0987993593335322e-06 -4.5686883427745322)
(-0.49996396283904448 -0.0032721554068698474 -4.5448466438307591)
(0.49996905726330809 -0.0034754703483495766 -4.5373924489683608)
(1.9999999997804385 -1.7150886954838544e-05 -4.5686868620235019)
(-2 0.6543210835382044 -4.5694430129056363)
(-0.46334896395383646 0.18704159380640403 -4.543360808605124)
(-0.356966625326535 0.34983199616193711 -4.5408637207388773)
(0.35364938651119832 0.35343490202870914 -4.5377881937281836)
(0.462427917420279 0.18959402811244166 -4.5375392007364326)
(1.9999999998893383 0.65430413744188332 -4.5694429563399632)
(-2 1.3209473301233827 -4.5675018859743464)
(-0.19548488524501081 0.46003508999175918 -4.5385141840793723)
(-0.0032371544935991966 0.4999699216825329 -4.5374583717382269)
(0.18985774453448012 0.46231923678570941 -4.5375708694786026)
(1.9999999999950622 1.3209368777976878 -4.5675027433851572)
(-2 2 -4.5459895082603161)
(-1.6604777778716997 1.9999999998601328 -4.5459895082603161)
(-2 1.6604736650671696 -4.5459895080873904)
(-1.3209555557433992 1.9999999999959488 -4.5675005071680674)
(-0.65433544143257849 1.9999999999059099 -4.5694418522687963)
(-1.868431538028741e-05 1.9999999997802529 -4.5686881618810373)
(0.65430543471993352 1.9999999998892422 -4.5694439667939379)
(1.3209380303856002 1.9999999999950557 -4.5675032166098433)
(2 2 -4.5459895082603161)
(1.6604690151996055 1.9999999998261264 -4.5459895080455066)
(1.9999999998262834 1.6604684389056552 -4.545989508045313)
(-2 -2 -4.0175336671406843)
(-1.6598336255030386 -2 -4.0175336671406843)
(-2 -1.6598331181332362 -4.0175336671406843)
(-1.319667251006077 -2 -4.0307570112153197)
(-0.65303292606599816 -2 -4.0327143661794986)
(-3.0635456238196141e-06 -2 -4.0323493772533903)
(0.65302990795541216 -2 -4.032714456426655)
(1.3196657466156139 -2 -4.0307571322435454)
(2 -2 -4.0175336671406843)
(1.6598328733078196 -2 -4.017533667140027)
(1.9999999999995155 -1.6598350603037157 -4.0175336671406843)
(-2 -1.3196662362664724 -4.0307576659274087)
(-0.19270506786428074 -0.46071416529152792 -4.011943928424806)
(-0.0033044623461074077 -0.49998013642867434 -4.0117086390073036)
(0.18707173583585016 -0.46334827265756973 -4.0112196261902904)
(2.0000000000000515 -1.3196701206074315 -4.0307564652871601)
(-2 -0.65303117662090848 -4.0327153779171381)
(-0.46072872369333018 -0.19272188994692485 -4.0119942485312681)
(-0.3535476691883358 -0.35355840497745183 -4.0120139985893397)
(0.34994725896844348 -0.35686490865252574 -4.0105375017415898)
(0.46008492079340713 -0.19539938724339603 -4.0099018904314194)
(1.999999999999686 -0.65303756188095474 -4.0327139127750717)
(-2 -1.0815139726843696e-06 -4.0323504565772987)
(-0.49998034286685111 -0.0033096724557545375 -4.0118005335448688)
(0.49998203899135873 -0.0033291939522147283 -4.009539601577341)
(1.9999999999986928 -5.8815446770168523e-06 -4.0323493001141548)
(-2 0.6530317474842775 -4.032715311483889)
(-0.46334978983934266 0.18707215372577149 -4.0113372882724105)
(-0.3568563706147595 0.34995750198343412 -4.0106612525467389)
(0.35357960394646937 0.35352727458133121 -4.0094815407651998)
(0.46242546573384219 0.18963453891285983 -4.0094589241312857)
(1.9999999999996221 0.65302508392203551 -4.0327147921023432)
(-2 1.3196669035011708 -4.0307575649321086)
(-0.19537195491247009 0.46009641015742747 -4.0100114330700007)
(-0.003282869693043635 0.49998226182691519 -4.0096206256007036)
(0.1896938080626196 0.46240112822021684 -4.0095011125538607)
(2.0000000000000662 1.3196626830970335 -4.0307576363147728)
(-2 2 -4.0175336671406843)
(-1.6598346653101688 1.9999999999995153 -4.0175336671406843)
(-2 1.6598334517505982 -4.017533667140027)
(-1.3196693306203373 2.0000000000000515 -4.0307570721436798)
(-0.65303649513321638 1.9999999999996854 -4.032714859475103)
(-7.2494357864145426e-06 1.9999999999986922 -4.032350383213811)
(0.65302625218619614 1.9999999999996216 -4.0327157178562629)
(1.3196636270127473 2.0000000000000662 -4.0307581186350356)
(2 2 -4.0175336671406843)
(1.6598318135063892 1.9999999999994094 -4.0175336671398831)
(1.99999999999941 1.6598313415485324 -4.0175336671398822)
(-2 -2 -3.503684877065079)
(-1.659390933924821 -2 -3.503684877065079)
(-2 -1.6593904626745717 -3.503684877065079)
(-1.3187818678496419 -2 -3.5123285305351462)
(-0.65224015012456105 -2 -3.5138000254404407)
(-3.2404575289432201e-06 -2 -3.5137115129069105)
(0.65223716955274391 -2 -3.5138000413015851)
(1.3187804953366837 -2 -3.5123285637610415)
(2 -2 -3.503684877065079)
(1.6593902476683418 -2 -3.5036848770650875)
(2.0000000000000062 -1.659391336190694 -3.503684877065079)
(-2 -1.3187809253491434 -3.5123291176099771)
(-0.1927251846076582 -0.46075862987717031 -3.5022828274729259)
(-0.0032607765942292369 -0.49998113337929811 -3.5022133404257065)
(0.18717650286094928 -0.46330044852955793 -3.5020901788551764)
(1.9999999999999998 -1.318782672381388 -3.5123283582390212)
(-2 -0.65223852624393153 -3.5138010258535726)
(-0.46074647160060944 -0.19273130840214139 -3.5023318140104038)
(-0.35354883582071506 -0.35355794628781934 -3.5023221731455982)
(0.35005849729850508 -0.35675382922697124 -3.5019338621280842)
(0.46013604240189043 -0.19527917637066569 -3.5017932502103561)
(2.0000000000000004 -0.6522413718319815 -3.5137998891502624)
(-2 -1.3855096594608218e-06 -3.5137126328007651)
(-0.49998088618725206 -0.00326816553060892 -3.5023035675754621)
(0.49998272444974717 -0.0032636941380904676 -3.5017156357862809)
(1.9999999999999984 -1.8641789742834245e-06 -3.51371148721968)
(-2 0.6522388609726526 -3.5138009818256171)
(-0.46330715891266694 0.18717353326484143 -3.5022091016732371)
(-0.35675626640579816 0.350057715968358 -3.5020617827738421)
(0.3535570578353015 0.35354972446459565 -3.5017238621014131)
(0.46241447699406096 0.18966131314858636 -3.5017044362878247)
(2.0000000000000004 0.65223589533466708 -3.5138001386079232)
(-2 1.3187815111641923 -3.5123290893143211)
(-0.19527727435825307 0.46013657011157022 -3.5019099899035564)
(-0.0032578647108910241 0.49998273429105189 -3.5018037046865165)
(0.189669945264443 0.46241090052395184 -3.5017515587196781)
(2 1.3187796367690598 -3.5123287217977839)
(-2 2 -3.503684877065079)
(-1.6593909188906468 2.0000000000000062 -3.503684877065079)
(-2 1.6593907555820961 -3.5036848770650875)
(-1.3187818377812939 1.9999999999999998 -3.5123289154316035)
(-0.65224008071700124 2.0000000000000004 -3.5138008495310049)
(-3.1812369491910392e-06 1.9999999999999984 -3.5137126084814496)
(0.65223725680583255 1.9999999999999998 -3.5138011208592528)
(1.3187805476027101 2 -3.51232927776124)
(2 2 -3.503684877065079)
(1.6593902738013548 2.000000000000008 -3.5036848770650901)
(2.000000000000008 1.6593898183845297 -3.5036848770650901)
(-2 -2 -3.0003817334281369)
(-1.6591695339084733 -2 -3.0003817334281369)
(-2 -1.6591688794954003 -3.0003817334281369)
(-1.3183390678169467 -2 -3.0042627764513354)
(-0.65179974815445507 -2 -3.0052041606288067)
(-3.8562468500794127e-06 -2 -3.005235587575795)
(0.65179608167708314 -2 -3.0052041915446681)
(1.3183373039258706 -2 -3.0042627655283258)
(2 -2 -3.0003817334281369)
(1.6591686519629354 -2 -3.0003817334281369)
(2 -1.6591696253417325 -3.0003817334281369)
(-2 -1.3183377589908003 -3.004263451429797)
(-0.19272221514647286 -0.46076884408218471 -3.0003034964378816)
(-0.003235905535459179 -0.49998133158713726 -3.0002735157386899)
(0.18722258721083465 -0.4632892327906723 -3.0002400546462797)
(2 -1.318339250683465 -3.0042627352506117)
(-2 -0.65179758687339551 -3.0052053877193816)
(-0.46076872809953173 -0.19272248306293557 -3.0003524222172167)
(-0.3535529279100344 -0.35355385348503654 -3.0003297709263594)
(0.35009920051309296 -0.35671393577724203 -3.0002065920040928)
(0.46015508874263139 -0.1952338252847208 -3.0001835021198424)
(2 -0.6518000037622127 -3.0052041343970011)
(-2 -1.4728484397488912e-06 -3.005236958642044)
(-0.49998133019705537 -0.003235970233777381 -3.0003646770473109)
(0.49998297011244597 -0.0032328603619618959 -3.0001793502987377)
(2 -4.1130480324421233e-06 -3.0052355809456417)
(-2 0.65179827019398684 -3.0052053504034433)
(-0.46328913870519156 0.18722282270283541 -3.0003590600492025)
(-0.35671356144945504 0.35009958154264859 -3.0003350372068294)
(0.35355442494423373 0.35355235614562547 -3.0002153947785302)
(0.46240895354295902 0.18967479049606725 -3.0001928369592132)
(2 0.65179581394445596 -3.0052042076238967)
(-2 1.3183386469620146 -3.0042634718532901)
(-0.19523296989138295 0.46015545065140395 -3.0003015869202749)
(-0.0032314442029044398 0.49998297738147929 -3.0002686787513642)
(0.18967643593628125 0.46240827752153491 -3.000240670459362)
(2 1.318337108551787 -3.004262802960155)
(-2 2 -3.0003817334281369)
(-1.6591689862583976 2 -3.0003817334281369)
(-2 1.6591693234810072 -3.0003817334281369)
(-1.3183379725167952 2 -3.0042633981606768)
(-0.6517979469149392 2 -3.0052053413017505)
(-1.8869055741357125e-06 2 -3.0052369522976696)
(0.65179789856644876 2 -3.00520538706379)
(1.3183384214918406 2 -3.0042635214846332)
(2 2 -3.0003817334281369)
(1.6591692107459202 2 -3.0003817334281369)
(2 1.6591685542758934 -3.0003817334281369)
(-2 -2 -2.5)
(-1.6590421212827198 -2 -2.5)
(-2 -1.6590410264369995 -2.5)
(-1.3180842425654395 -2 -2.5013024957125354)
(-0.65158563658462654 -2 -2.5017538781133255)
(-4.55273062020629e-06 -2 -2.501803127384016)
(0.65158085924310383 -2 -2.5017539717892441)
(1.3180816208968504 -2 -2.5013025129307547)
(2 -2 -2.5)
(1.6590408104484253 -2 -2.5)
(2 -1.659042136332098 -2.5)
(-2 -1.3180820528739992 -2.5013035520764744)
(-0.19271614883629445 -0.46075284425296004 -2.5000529500132025)
(-0.0032313257138896971 -0.49998113563683072 -2.5000264309843598)
(0.18722732318146204 -0.46328525778921048 -2.5000034525043482)
(2 -1.3180842726641961 -2.50130248785563)
(-2 -0.65158230416578655 -2.5017557416202183)
(-0.46076475278406326 -0.19271067856368776 -2.5001037270891517)
(-0.35355702669191535 -0.35354984316259669 -2.5000764885991198)
(0.35010381380300298 -0.35671079803863409 -2.4999860844608359)
(0.46015615452821279 -0.19523097719533958 -2.499976739009643)
(2 -0.65158568428270391 -2.5017538716099019)
(-2 2.4334446860493701e-06 -2.5018051890061606)
(-0.49998139488388588 -0.0032236772148624168 -2.5001171751068045)
(0.49998290131017592 -0.0032323587448127447 -2.4999819008083497)
(2 -4.606167956590882e-06 -2.501803126104905)
(-2 0.65158417491014708 -2.5017557269760387)
(-0.46327781650312744 0.18723209180267042 -2.5001241028003296)
(-0.35670535215053933 0.35010765333502109 -2.5001168007913708)
(0.35355508169174971 0.35355169952749554 -2.5000201293746227)
(0.46240924864240396 0.18967397611936174 -2.4999973701794018)
(2 0.65158080940499385 -2.5017539763277381)
(-2 1.318083804069853 -2.5013035981805638)
(-0.19522619512213243 0.4601584541354401 -2.5000990162794174)
(-0.0032279504214931753 0.49998294801324583 -2.5000741405769218)
(0.18967757963202297 0.46240780406530474 -2.5000496047954748)
(2 1.3180815885824362 -2.5013025200559236)
(-2 2 -2.5)
(-1.6590410449860447 2 -2.5)
(-2 1.6590419020349265 -2.5)
(-1.3180820899720893 2 -2.5013035417474572)
(-0.65158236589362206 2 -2.5017557326746238)
(2.3628273600793134e-06 2 -2.501805187762459)
(0.65158411111882442 2 -2.5017557340349139)
(1.318083764837005 2 -2.5013036078088193)
(2 2 -2.5)
(1.6590418824185025 2 -2.5)
(2 1.6590407942912182 -2.5)
(-2 -2 -2)
(-1.6589896064324412 -2 -2)
(-2 -1.658988016112128 -2)
(-1.3179792128648826 -2 -2.0003626942461619)
(-0.65149034891524793 -2 -2.0005284826280656)
(-5.0763748350669415e-06 -2 -2.0005571885658737)
(0.65148455259103499 -2 -2.0005286352312455)
(1.3179757232740481 -2 -2.0003627850102625)
(2 -2 -2)
(1.6589878616370242 -2 -2)
(2 -1.6589896079092177 -2)
(-2 -1.3179760322242557 -2.0003644752212293)
(-0.19270725813359726 -0.46073498074387437 -2.0000249905907928)
(-0.0032299518040016535 -0.49998071018183826 -1.9999954358443919)
(0.18722406946806996 -0.46328766719286696 -1.9999738311550839)
(2 -1.3179792158184351 -2.0003626934660477)
(-2 -0.65148563514412061 -2.0005314822240345)
(-0.46072043531482887 -0.19269050286655967 -2.0000756770415258)
(-0.35355644263776714 -0.35355037598640965 -2.0000501363070717)
(0.35009796849996372 -0.35671727167309975 -1.9999597960664366)
(0.46015189624800912 -0.19524107645196961 -1.999956647146524)
(2 -0.65149035328454996 -2.0005284820234435)
(-2 3.4528027927377218e-06 -2.0005605529469275)
(-0.49998053548341609 -0.0032197743055268034 -2.0000918822466631)
(0.49998271836933322 -0.0032421208790902227 -1.9999621386802346)
(2 -5.0811193884381218e-06 -2.0005571884015025)
(-2 0.65148918816805679 -2.0005316130232651)
(-0.46328336539811854 0.1872303491650274 -2.0001036467204898)
(-0.3567120715918331 0.35010160438148646 -2.0001002614689862)
(0.35355497817742043 0.35355180301685057 -2.0000035885339953)
(0.46241134172927334 0.18966876820696815 -1.9999794492533089)
(2 0.65148454796693489 -2.0005286355836258)
(-2 1.3179788343784979 -2.000364632886884)
(-0.19523635103426643 0.46015396769402106 -2.0000853136825669)
(-0.0032378769890264603 0.49998277011986131 -2.0000617978405808)
(0.18967214336634552 0.46240998929763716 -2.0000342225485888)
(2 1.317975720055514 -2.0003627856970585)
(-2 2 -2)
(-1.6589880182364549 2 -2)
(-2 1.658989417189249 -2)
(-1.3179760364729101 2 -2.0003644739171285)
(-0.65148564209506399 2 -2.0005314811052122)
(3.4449020386007003e-06 2 -2.0005605527888024)
(0.65148918097075714 2 -2.0005316139030067)
(1.3179788298741357 2 -2.0003646341034815)
(2 2 -2)
(1.6589894149370679 2 -2)
(2 1.658987860027757 -2)
(-2 -2 -1.5)
(-1.6589711250459267 -2 -1.5)
(-2 -1.6589691702015612 -1.5)
(-1.3179422500918534 -2 -1.5000901267617961)
(-0.65145243244560802 -2 -1.5001386561281924)
(-5.2744451522179748e-06 -2 -1.5001495935161857)
(0.65144612708474048 -2 -1.5001388039276289)
(1.3179382064907728 -2 -1.5000902619983383)
(2 -2 -1.5)
(1.6589691032453864 -2 -1.5)
(2 -1.6589711251014776 -1.5)
(-2 -1.3179383404031226 -1.5000928861782321)
(-0.19269527533401831 -0.46071967080352633 -1.4999744476691887)
(-0.0032246100683686859 -0.49998006815747614 -1.4999504940995998)
(0.18722555007305691 -0.46328845402429375 -1.499935808858462)
(2 -1.3179422502029552 -1.5000901267439193)
(-2 -0.65144675886708381 -1.5001431508718741)
(-0.46071979833673365 -0.19269496910472184 -1.5000259455532112)
(-0.35355392390153884 -0.35355285728425012 -1.5000015143572241)
(0.3500965833454357 -0.35671910449446331 -1.4999303114500331)
(0.46015043288476887 -0.19524457158516215 -1.4999333102467063)
(2 -0.6514524325744443 -1.5001386561214829)
(-2 4.2229792830317438e-06 -1.5001547138123994)
(-0.4999800687975467 -0.0032245038879730598 -1.5000502845523638)
(0.49998265034760525 -0.0032454916765580419 -1.4999492128178724)
(2 -5.2745665698541688e-06 -1.5001495935056304)
(-2 0.65145162777687815 -1.5001436085401694)
(-0.4632884847870069 0.18722547474146767 -1.5000653568099165)
(-0.3567192044098102 0.35009648227007745 -1.5000736949311264)
(0.35355379190606545 0.35355298928008072 -1.499998542795526)
(0.46241184290857068 0.189667531320103 -1.4999719637951978)
(2 0.6514461269406735 -1.5001388039182026)
(-2 1.3179419510600019 -1.5000934094661433)
(-0.19524468635165959 0.46015038434576749 -1.5000678527644964)
(-0.0032455283719127715 0.49998264983346252 -1.5000514455606586)
(0.18966755932657015 0.46241183068158959 -1.5000281472486341)
(2 1.3179382063637044 -1.5000902620103225)
(-2 2 -1.5)
(-1.6589691703220151 2 -1.5)
(-2 1.6589709755300008 -1.5)
(-1.3179383406440304 2 -1.5000928860970442)
(-0.65144675925225626 2 -1.5001431508030021)
(4.2225450610071181e-06 2 -1.5001547138025031)
(0.65145162737712548 2 -1.5001436085941284)
(1.3179419508040386 2 -1.5000934095419416)
(2 2 -1.5)
(1.6589709754020192 2 -1.5)
(2 1.6589691031818523 -1.5)
(-2 -2 -1)
(-1.6589652451760708 -2 -1)
(-2 -1.6589631600499537 -1)
(-1.3179304903521414 -2 -1.0000164964041085)
(-0.65143937001227215 -2 -1.0000274050306637)
(-5.3004805028366942e-06 -2 -1.0000302081899057)
(0.65143296187029009 -2 -1.0000274975724288)
(1.3179262719008618 -2 -1.0000166109271469)
(2 -2 -1)
(1.6589631359504309 -2 -1)
(2 -1.6589652451760708 -1)
(-2 -1.3179263200999076 -1.0000202608414661)
(-0.19269066359359999 -0.46072036800733102 -0.99992390204165638)
(-0.0032197256901295643 -0.49998053563976835 -0.99991137093824878)
(0.18723061013783809 -0.46328325912861246 -0.9999023574450705)
(2 -1.3179304903521414 -1.0000164964041085)
(-2 -0.65143343656723018 -1.0000333684288782)
(-0.46073506915706114 -0.1927070449268114 -0.99997603017581438)
(-0.35355055960688264 -0.35355625920221506 -0.99995125648636873)
(0.35010186286853628 -0.35671181644743766 -0.99990249389443997)
(0.46015409167454818 -0.19523605811888434 -0.99991654517578266)
(2 -0.65143937001227215 -1.0000274050306637)
(-2 7.2910455030837867e-07 -1.0000370642442413)
(-0.49998071114626985 -0.0032297519331045653 -1.0000056419356715)
(0.49998277117195494 -0.0032376909257668981 -0.99993931410076609)
(2 -5.3004805028686443e-06 -1.0000302081899057)
(-2 0.65143869855102532 -1.000034375122514)
(-0.46328758846150142 0.18722426307619533 -1.0000278189793406)
(-0.35671714112759018 0.35009810108219086 -1.0000422965426616)
(0.35355258009645707 0.35355420111252528 -0.9999943428889102)
(0.46240996674075979 0.18967219970358137 -0.99996655258050737)
(2 0.65143296187029021 -1.0000274975724286)
(-2 1.3179302244193056 -1.0000215020020256)
(-0.195240978942154 0.46015193755623079 -1.0000480634626874)
(-0.0032420567373075545 0.49998271819152185 -1.0000394758904569)
(0.18966880941997666 0.46241132359775866 -1.0000216168482814)
(2 1.317926271900862 -1.0000166109271469)
(-2 2 -1)
(-1.6589631600499539 2 -1)
(-2 1.6589651122096529 -1)
(-1.3179263200999078 2 -1.0000202608414663)
(-0.65143343656723018 2 -1.0000333684288782)
(7.2910455032690498e-07 2 -1.0000370642442413)
(0.65143869855102532 2 -1.000034375122514)
(1.3179302244193059 2 -1.0000215020020256)
(2 2 -1)
(1.6589651122096529 2 -1)
(2 1.6589631359504309 -1)
(-2 -2 -0.5)
(-1.6589634684311947 -2 -0.5)
(-2 -1.658961407547928 -0.5)
(-1.3179269368623896 -2 -0.49999886530701459)
(-0.65143543047627117 -2 -0.49999984508501893)
(-5.3088107747725883e-06 -2 -0.50000004258869846)
(0.65142901836810829 -2 -0.49999989476501305)
(1.3179227178767887 -2 -0.4999989505088504)
(2 -2 -0.5)
(1.6589613589383942 -2 -0.5)
(2 -1.6589634684311947 -0.5)
(-2 -1.317922815095856 -0.50000345790894429)
(-0.19270991678793173 -0.46076507114879056 -0.49992466931596463)
(-0.0032220695967476961 -0.49998140467304686 -0.49991419688454664)
(0.18723425134591057 -0.46327693857060709 -0.49990530346983908)
(2 -1.3179269368623896 -0.49999886530701454)
(-2 -0.65142959998854055 -0.50000700699342537)
(-0.46075311774131195 -0.19271549350381112 -0.49997392744989322)
(-0.35354901374567288 -0.35355785539700962 -0.49995088091788442)
(0.35010956713376296 -0.35670346743640963 -0.49990596012316491)
(0.46015939975907721 -0.19522395962487504 -0.49991941261010503)
(2 -0.65143543047627117 -0.49999984508501893)
(-2 6.2010863937173502e-07 -0.50000844533399025)
(-0.49998114570157287 -0.003229664996859909 -0.50000254514460374)
(0.49998295730449488 -0.0032263198488374448 -0.4999415110924077)
(2 -5.3088107746833889e-06 -0.50000004258869846)
(-2 0.65143472913848122 -0.50000883703572807)
(-0.46328434281136549 0.18722957383473571 -0.50002387822130789)
(-0.35670889778601911 0.35010574294367686 -0.50003827718225102)
(0.35355248101438758 0.35355430019249806 -0.49999453049472437)
(0.46240752325047862 0.18967826641104255 -0.49996794737605105)
(2 0.6514290183681084 -0.499999894765013)
(-2 1.317926709762687 -0.5000056590497225)
(-0.19522879995289019 0.46015707552353774 -0.50004158331023973)
(-0.0032307806230524936 0.49998290947190599 -0.50003678433470422)
(0.18967465740892633 0.46240896795575787 -0.50002034131538897)
(2 1.3179227178767887 -0.4999989505088504)
(-2 2 -0.5)
(-1.658961407547928 2 -0.5)
(-2 1.6589633548813434 -0.5)
(-1.3179228150958562 2 -0.5000034579089444)
(-0.65142959998854066 2 -0.50000700699342537)
(6.2010863935985136e-07 2 -0.50000844533399025)
(0.65143472913848122 2 -0.50000883703572818)
(1.3179267097626872 2 -0.5000056590497225)
(2 2 -0.5)
(1.6589633548813436 2 -0.5)
(2 1.6589613589383942 -0.5)
(-2 -2 -5.5511151231257827e-17)
(-1.6589630926683503 -2 -5.5511151231257827e-17)
(-2 -1.6589610400192794 -5.5511151231257827e-17)
(-1.3179261853367004 -2 4.5934273968915223e-06)
(-0.65143457472730426 -2 5.9474106709363661e-06)
(-5.3079123091470239e-06 -2 6.5228202694224968e-06)
(0.65142816249228219 -2 5.9212883033698044e-06)
(1.3179219635231338 -2 4.5330111809916011e-06)
(2 -2 0)
(1.6589609817615669 -2 0)
(2 -1.6589630926683503 0)
(-2 -1.3179220800385587 -2.3722821674037666e-06)
(-0.19271780346738551 -0.4607706859155879 2.4107520895754557e-05)
(-0.0032257780487127668 -0.49998139594914376 4.4811349521854881e-05)
(0.18723632428550732 -0.46328364753530415 5.8450294644761427e-05)
(2 -1.3179261853367004 4.5934273968711689e-06)
(-2 -0.65142873197974305 -3.9102046021119369e-06)
(-0.46077060949369908 -0.19271798496043477 -2.1656206896264187e-05)
(-0.3535529143474041 -0.35355386683854573 2.821432944075396e-06)
(0.35011111176843612 -0.35670220432804378 6.3386292205008324e-05)
(0.46016083147015235 -0.19522024816264211 6.1055967871147002e-05)
(2 -0.65143457472730426 5.9474106708640557e-06)
(-2 7.1256651047679254e-07 -3.0691622004763089e-06)
(-0.49998139560954219 -0.0032258143585108018 -4.3140790799125616e-05)
(0.49998302886548707 -0.003222689664031976 4.6409615788052889e-05)
(2 -5.3079123091163604e-06 6.5228202693646707e-06)
(-2 0.65143400207542701 -6.547871006111476e-06)
(-0.46328362376058335 0.18723638245614166 -5.7403709069402734e-05)
(-0.35670218764879402 0.35011112801144345 -6.250817111268189e-05)
(0.35355358731665876 0.35355319386974288 1.0393524031685934e-06)
(0.46240693605917094 0.18967970894591818 2.5235906197767509e-05)
(2 0.65142816249228219 5.921288303352613e-06)
(-2 1.3179260631774043 -5.3405616406609491e-06)
(-0.19522033312389583 0.46016079553385725 -5.7634194500314201e-05)
(-0.0032229745762690229 0.49998302661057659 -4.6210084134822095e-05)
(0.18967926945588032 0.46240711500568538 -2.5710430940612259e-05)
(2 1.3179219635231338 4.533011181001768e-06)
(-2 2 0)
(-1.6589610400192796 2 0)
(-2 1.6589630315887023 0)
(-1.3179220800385589 2 -2.3722821674366094e-06)
(-0.65142873197974316 2 -3.9102046020639144e-06)
(7.1256651044115988e-07 2 -3.0691622004210265e-06)
(0.6514340020754269 2 -6.5478710061191967e-06)
(1.3179260631774043 2 -5.340561640684721e-06)
(2 2 0)
(1.6589630315887023 2 0)
(2 1.6589609817615669 0)
(-2 -2 0.5)
(-1.6589634120013996 -2 0.5)
(-2 -1.6589613559056517 0.5)
(-1.3179268240027993 -2 0.50000543022815569)
(-0.65143533317156643 -2 0.50000900899832956)
(-5.3078847055791913e-06 -2 0.50000951506656854)
(0.65142892307152556 -2 0.50000901346034088)
(1.3179226091319036 -2 0.5000054163890062)
(2 -2 0.5)
(1.6589613045659517 -2 0.5)
(2 -1.6589634120013996 0.5)
(-2 -1.3179227118113033 0.50000074333274025)
(-0.19271541770830486 -0.46075314920815574 0.49997640963624107)
(-0.0032296420898381829 -0.49998114605537813 0.50000470418260656)
(0.18722955557298937 -0.46328435018796821 0.50002518392842132)
(2 -1.3179268240027993 0.50000543022815569)
(-2 -0.651429285978252 0.50000132056736857)
(-0.46076505336549584 -0.19270995691324438 0.49992857858144574)
(-0.35355779471504867 -0.35354907412003894 0.49995303674194891)
(0.35010575796521259 -0.35670888375679094 0.50003884101442087)
(0.46015713176627204 -0.19522866684405157 0.5000416997605861)
(2 -0.65143533317156643 0.50000900899832956)
(-2 4.7948136285734762e-06 0.49999986507147537)
(-0.49998140483844633 -0.0032220437714499191 0.49991142947219469)
(0.49998291214323043 -0.0032304322870387826 0.50003641763690831)
(2 -5.3078847055294273e-06 0.50000951506656843)
(-2 0.6514351093350923 0.49999852035665615)
(-0.46327692095264678 0.18723429434087763 0.49990220150103565)
(-0.35670346722367102 0.3501095675910979 0.49990571249847632)
(0.35355398814429762 0.35355279306285708 0.49999375522655326)
(0.46240878869508539 0.18967509748363454 0.5000196550570728)
(2 0.65142892307152567 0.50000901346034066)
(-2 1.3179268922478873 0.49999775735018837)
(-0.19522403157830129 0.46015936919462341 0.49991950317215977)
(-0.0032265028268808659 0.49998295605174364 0.49994148643274156)
(0.18967796995810979 0.46240764371142012 0.49996742411147188)
(2 1.3179226091319036 0.50000541638900609)
(-2 2 0.5)
(-1.6589613559056517 2 0.5)
(-2 1.6589634461239435 0.5)
(-1.3179227118113035 2 0.50000074333274014)
(-0.65142928597825212 2 0.50000132056736846)
(4.7948136284685898e-06 2 0.49999986507147537)
(0.6514351093350923 2 0.49999852035665615)
(1.3179268922478871 2 0.49999775735018825)
(2 2 0.5)
(1.6589634461239435 2 0.5)
(2 1.6589613045659517 0.5)
(-2 -2 1)
(-1.6589651618815431 -2 1)
(-2 -1.658963116578994 1)
(-1.3179303237630864 -2 1.0000214809768504)
(-0.65143923472894394 -2 1.0000346267042701)
(-5.3017606630069083e-06 -2 1.0000378147471309)
(0.65143282991738072 -2 1.0000346897603347)
(1.3179261125871455 -2 1.000021541173391)
(2 -2 1)
(1.6589630562935729 -2 1)
(2 -1.6589651618815431 1)
(-2 -1.3179262331579882 1.000017751314479)
(-0.19270718614642793 -0.46073501077943557 0.99997718517437739)
(-0.0032297789383772214 -0.49998071124984883 1.000006670193746)
(0.18722430547847507 -0.46328757122719738 1.0000280595503788)
(2 -1.3179303237630862 1.0000214809768506)
(-2 -0.65143312339293835 1.000028278094707)
(-0.46072046437806879 -0.19269043317993101 0.99992648585131849)
(-0.35355644152433124 -0.35355037703282044 0.9999520310497555)
(0.35009818371393553 -0.35671705978063734 1.0000417181844474)
(0.46015201645017373 -0.19524079229643646 1.0000444355809524)
(2 -0.65143923472894383 1.0000346267042703)
(-2 4.9465341575340823e-06 1.0000297781068113)
(-0.49998053654317531 -0.0032196074644981064 0.99990747953675307)
(0.49998272024516999 -0.003241779000245595 1.000038434207186)
(2 -5.3017606630353085e-06 1.0000378147471307)
(-2 0.65143913511267137 1.0000261998080269)
(-0.46328327216278903 0.18723057845458493 0.99989826840412421)
(-0.35671187483147881 0.35010180419268444 0.99990124628969168)
(0.35355398099030771 0.35355280021575797 0.99999357842614112)
(0.46241120253299689 0.18966910724349142 1.0000207040546905)
(2 0.65143282991738061 1.0000346897603347)
(-2 1.317930427238565 1.0000155729003126)
(-0.19523614930430919 0.46015405298598372 0.99991572456186883)
(-0.0032378505585165555 0.49998277010413195 0.99993872237171799)
(0.18967196927634308 0.46241006026820775 0.99996590370029415)
(2 1.3179261125871455 1.000021541173391)
(-2 2 1)
(-1.658963116578994 2 1)
(-2 1.6589652136192825 1)
(-1.3179262331579882 2 1.0000177513144788)
(-0.65143312339293835 2 1.000028278094707)
(4.9465341574834687e-06 2 1.0000297781068113)
(0.65143913511267115 2 1.0000261998080271)
(1.317930427238565 2 1.0000155729003126)
(2 2 1)
(1.6589652136192825 2 1)
(2 1.6589630562935729 1)
(-2 -2 1.5)
(-1.6589710703938563 -2 1.5)
(-2 -1.6589691526343735 1.5)
(-1.3179421407877123 -2 1.5000933165223025)
(-0.65145232064163461 -2 1.5001435100917995)
(-5.2740418939050988e-06 -2 1.5001548353465304)
(0.651446018907192 -2 1.5001436472879128)
(1.317938098965781 -2 1.5000934358429707)
(2 -2 1.5)
(1.6589690494828906 -2 1.5)
(2 -1.6589710705234386 1.5)
(-2 -1.3179383052687468 1.5000908167196572)
(-0.19269527411117263 -0.46071967131282288 1.5000257348837653)
(-0.0032246087183054372 -0.49998006816531632 1.5000496921408553)
(0.18722555303755309 -0.46328845282109976 1.5000643502395832)
(2 -1.3179421410468772 1.5000933164350219)
(-2 -0.65144662713532198 1.5001391908269788)
(-0.46071979892059761 -0.19269496771160594 1.4999742315880162)
(-0.35355392368479938 -0.35355285750098092 1.4999986596262722)
(0.35009659386468334 -0.35671909415631692 1.5000697655624702)
(0.46015045038827596 -0.19524453026366517 1.5000666293349774)
(2 -0.65145232105602857 1.500143510017826)
(-2 4.4695895190890614e-06 1.5001494338069026)
(-0.49998006881788598 -0.0032245008324464641 1.4999498949731083)
(0.49998265125421637 -0.003245339921814847 1.5000504155133856)
(2 -5.27450863984671e-06 1.5001548353361802)
(-2 0.6514518591601518 1.5001381528825308)
(-0.46328848418214164 0.18722547622742169 1.4999347961253118)
(-0.35671921139635804 0.3500964751623985 1.4999263750869378)
(0.35355279091837571 0.35355399026715251 1.4999977927279764)
(0.46241173871191349 0.18966778598718284 1.5000273346620103)
(2 0.65144601847788641 1.5001436473459067)
(-2 1.31794205662054 1.5000897166684128)
(-0.19524472335811371 0.46015036867511289 1.49993207615373)
(-0.0032456759371657434 0.49998264891307481 1.4999481695250678)
(0.1896673071552375 0.46241193381190354 1.4999711416418784)
(2 1.3179380986908813 1.5000934359243654)
(-2 2 1.5)
(-1.6589691527545742 2 1.5)
(-2 1.6589710283102699 1.5)
(-1.3179383055091485 2 1.5000908166386402)
(-0.65144662751968485 2 1.5001391907582518)
(4.4691562102375103e-06 2 1.5001494337970271)
(0.65145185876124023 2 1.5001381529363762)
(1.3179420563651145 2 1.5000897167440512)
(2 2 1.5)
(1.6589710281825574 2 1.5)
(2 1.6589690493454405 1.5)
(-2 -2 2)
(-1.6589895822192988 -2 2)
(-2 -1.6589880178051706 2)
(-1.3179791644385976 -2 2.0003644911144232)
(-0.65149029299532857 -2 2.0005313538476952)
(-5.0817587212583314e-06 -2 2.0005603703543331)
(0.65148448882636545 -2 2.0005315080138839)
(1.3179756723542251 -2 2.0003645830968693)
(2 -2 2)
(1.6589878361771127 -2 2)
(2 -1.6589895844123816 2)
(-2 -1.3179760356103409 2.0003629930436779)
(-0.19269074259455232 -0.46072033497430276 2.000075323474706)
(-0.0032198905399594894 -0.49998053462264413 2.0000906953644133)
(0.1872303816418408 -0.46328335204379639 2.000099550537846)
(2 -1.3179791688247633 2.0003644898000656)
(-2 -0.65148560991464155 2.0005288351009773)
(-0.46073504957484185 -0.19270709189573268 2.0000260049705605)
(-0.35355056527471612 -0.35355625359703963 2.000050762215785)
(0.35010166378451757 -0.35671201249309897 2.0000990373750693)
(0.46015400466756279 -0.19523626389729429 2.0000845488072612)
(2 -0.65149030011435116 2.0005313527317381)
(-2 3.5122794284373322e-06 2.000557287469678)
(-0.49998071029703645 -0.0032298909285451106 1.9999963501652773)
(0.49998277105625272 -0.0032377367870722565 2.0000613143678634)
(2 -5.0898182189453631e-06 2.0005603701899255)
(-2 0.65148925891342024 2.0005284955921696)
(-0.46328767756802719 0.18722404394017744 1.9999739890525543)
(-0.35671734235192398 0.35009789671675756 1.9999591650831607)
(0.3535516191056054 0.35355516209173332 2.0000029527896213)
(0.4624099077978796 0.18967234427299784 2.0000337168739342)
(2 0.65148448145444049 2.0005315088761293)
(-2 1.3179788732243196 2.0003626570571922)
(-0.19524124238416027 0.46015182612591188 1.9999529860733112)
(-0.0032423464095567935 0.49998271660556148 1.9999610982163338)
(0.18966853652854818 0.46241143559838532 1.9999786044031265)
(2 1.3179756677050209 2.0003645843164546)
(-2 2 2)
(-1.6589880199250175 2 2)
(-2 1.6589894366121598 2)
(-1.3179760398500349 2 2.0003629917424797)
(-0.65148561685093698 2 2.000528833984804)
(3.504395292987995e-06 2 2.0005572873122492)
(0.65148925173122585 2 2.0005284964703871)
(1.3179788687293892 2 2.0003626582714209)
(2 2 2)
(1.6589894343646945 2 2)
(2 1.6589878338525104 2)
(-2 -2 2.5)
(-1.6590421192149862 -2 2.5)
(-2 -1.6590410295286977 2.5)
(-1.3180842384299722 -2 2.5013034743686067)
(-0.65158564080008829 -2 2.5017555027672231)
(-4.588691903875238e-06 -2 2.5018049675333924)
(0.65158080919409955 -2 2.5017556041782374)
(1.3180815953007694 -2 2.5013034980801061)
(2 -2 2.5)
(1.6590407976503847 -2 2.5)
(2 -1.65904213760995 2.5)
(-2 -1.3180820590573954 2.5013026156530982)
(-0.19271074311536882 -0.46076472668552515 2.5001042514480334)
(-0.0032237542689053885 -0.49998139442250361 2.5001169053673942)
(0.18723201972170225 -0.46327784594272781 2.5001236112854621)
(2 -1.3180842752198998 2.5013034645748879)
(-2 -0.65158230538791384 2.5017541399163283)
(-0.46075287950699401 -0.19271606505754107 2.5000548228925132)
(-0.35354989414742455 -0.35355697599474678 2.5000779947632226)
(0.35010761392378659 -0.35670539070995916 2.5001165591014933)
(0.46015844722444027 -0.19522621164648141 2.5001019550459)
(2 -0.65158570117926051 2.5017554944291427)
(-2 2.4477744821536861e-06 2.5018033271202205)
(-0.49998113608089029 -0.0032312233560729819 2.5000253618072663)
(0.49998294833814222 -0.0032279360108274134 2.5000772303349086)
(2 -4.6573367782970338e-06 2.5018049662387942)
(-2 0.65158419706279291 2.5017540581185478)
(-0.4632852280270191 0.18722739650113263 2.500001717348781)
(-0.35671077526043227 0.35010383620881419 2.4999835544552851)
(0.35355158616195959 0.35355519506021371 2.5000198296933216)
(0.46240776735468753 0.18967767198064742 2.5000468515100627)
(2 0.65158074668412125 2.5017556105189502)
(-2 1.3180838117435505 2.5013025906215112)
(-0.19523104416426498 0.46015612624378049 2.4999763990299555)
(-0.0032325255254844337 0.4999828997198198 2.4999813338028778)
(0.18967380451251795 0.46240931805304653 2.4999968124418857)
(2 1.3180815563052408 2.5013035071206722)
(-2 2 2.5)
(-1.6590410480386817 2 2.5)
(-2 1.6590419058717751 2.5)
(-1.3180820960773636 2 2.5013026053473104)
(-0.65158236698582495 2 2.5017541309924418)
(2.3773056294206832e-06 2 2.5018033258827894)
(0.6515841334054282 2 2.5017540651658776)
(1.3180837725929928 2 2.5013026002314378)
(2 2 2.5)
(1.6590418862964964 2 2.5)
(2 1.6590407781526204 2.5)
(-2 -2 3.0003817334281369)
(-1.6591695481219684 -2 3.0003817334281369)
(-2 -1.6591688803505829 3.0003817334281369)
(-1.3183390962439367 -2 3.0042633430663903)
(-0.65179981778026119 -2 3.0052051302665559)
(-3.9574721256244761e-06 -2 3.0052367056372389)
(0.65179599428995239 -2 3.0052051737525032)
(1.3183372639328972 -2 3.0042633434192072)
(2 -2 3.0003817334281369)
(1.6591686319664487 -2 3.0003817334281369)
(2 -1.65916964984969 3.0003817334281369)
(-2 -1.3183377607011657 3.0042628940034697)
(-0.19272265068452732 -0.46076865849075466 3.0003537964514417)
(-0.0032362088750414802 -0.49998132874450968 3.0003657760365656)
(0.18722240712914834 -0.46328930769650062 3.0003601294771531)
(2 -1.3183392996993799 3.0042632971136318)
(-2 -0.65179759160369299 3.0052044309495423)
(-0.46076890113363911 -0.19272207755545012 3.0003050399817446)
(-0.35355396175876663 -0.35355281964334428 3.000331392327316)
(0.35009913008927146 -0.35671400634456057 3.0003364667651757)
(0.46015513453474444 -0.19523371715009144 3.000303322740661)
(2 -0.65180011332292909 3.0052050993114596)
(-2 -1.4727436396668492e-06 3.0052358585953072)
(-0.49998133324839916 -0.0032356377809221264 3.0002746275071694)
(0.49998297220386151 -0.0032325010072568237 3.0002701776735501)
(2 -4.2626384236913998e-06 3.0052366989032575)
(-2 0.6517982751546415 3.0052043936328019)
(-0.46328908695592974 0.1872229458962015 3.000240459567912)
(-0.35671354511118253 0.35009959676894287 3.0002063098569831)
(0.35355318236931693 0.35355359871787972 3.0002154566770183)
(0.46240872755135165 0.18967534226714308 3.0002415960374247)
(2 0.65179568664779786 3.0052051943630897)
(-2 1.3183386487656872 3.004262914441644)
(-0.19523312750815741 0.46015538383301841 3.0001827550590421)
(-0.0032319380665482441 0.49998297461706542 3.000178475590793)
(0.18967578768519364 0.46240854314350277 3.0001921962881637)
(2 1.3183370479973999 3.0042633854858583)
(-2 2 3.0003817334281369)
(-1.659168986889122 2 3.0003817334281369)
(-2 1.6591693243828436 3.0003817334281369)
(-1.3183379737782439 2 3.0042628408533205)
(-0.65179795088833115 2 3.0052043846432328)
(-1.8859305229469748e-06 2 3.005235852281908)
(0.65179790430794915 2 3.0052044302321415)
(1.3183384237691016 2 3.0042629639780034)
(2 2 3.0003817334281369)
(1.6591692118845507 2 3.0003817334281369)
(2 1.6591685239987 3.0003817334281369)
(-2 -2 3.5036848770650795)
(-1.6593909643567937 -2 3.5036848770650795)
(-2 -1.6593904618398438 3.5036848770650795)
(-1.3187819287135871 -2 3.5123289163410081)
(-0.65224032556667633 -2 3.5138006951668048)
(-3.4987771546109574e-06 -2 3.5137123046478842)
(0.65223697478914922 -2 3.5138007409062531)
(1.3187804187365786 -2 3.5123289647658789)
(2 -2 3.5036848770650795)
(1.6593902093682891 -2 3.5036848770650884)
(2.0000000000000062 -1.6593913866784171 3.5036848770650795)
(-2 -1.3187809236796875 3.512328749235722)
(-0.19273253391233772 -0.46074595938715895 3.5023335977262469)
(-0.0032700565021063083 -0.4999808735823244 3.502305816053298)
(0.1871708003073328 -0.46330826944119829 3.5022121840961775)
(2 -1.3187827733568345 3.512328740432709)
(-2 -0.65223852650536507 3.513800378690596)
(-0.46075882640193555 -0.19272471314060399 3.5022831163565167)
(-0.3535585187866182 -0.35354826310083054 3.5023230622127097)
(0.3500544050812226 -0.35675952606811862 3.5020662192644409)
(0.46013419169113334 -0.19528290097501455 3.5019149647030177)
(2 -0.65224158900632145 3.5138005625636661)
(-2 -1.3852827879888705e-06 3.5137118804116754)
(-0.49998113924566118 -0.0032597916111058813 3.5022124962931733)
(0.49998268810597696 -0.0032663108970161043 3.5018083703089267)
(1.9999999999999982 -4.8437751713936729e-06 3.5137122788329243)
(-2 0.65223886153281951 3.5138003348289764)
(-0.46329958407023702 0.18717862728859441 3.5020877637722125)
(-0.35675073540229879 0.35006163994360956 3.5019301918493202)
(0.35355799392163501 0.35354878837120085 3.5017241554264213)
(0.46241538308997182 0.18965902090726025 3.5017545272990609)
(2.0000000000000004 0.65223565885985901 3.513800833946422)
(-2 1.3187815095144677 3.5123287211418832)
(-0.19527278857121488 0.46013874398761251 3.5017887894008037)
(-0.0032544401083677323 0.49998277632108856 3.5017115156475165)
(0.18967147036574963 0.46241030907640207 3.5017020953556002)
(2 1.3187795200821109 3.512329126067399)
(-2 2 3.5036848770650795)
(-1.6593909170976378 2.0000000000000062 3.5036848770650795)
(-2 1.6593907547572337 3.5036848770650884)
(-1.3187818341952755 2 3.5123285475031061)
(-0.65224007771273662 2 3.5138002027803297)
(-3.1772370026409033e-06 1.9999999999999982 3.5137118561978373)
(0.65223726073698562 1.9999999999999998 3.5138004736205848)
(1.318780547977918 2 3.5123289092222159)
(2 2 3.5036848770650795)
(1.6593902739889588 2.000000000000008 3.5036848770650906)
(2.000000000000008 1.6593897600410552 3.5036848770650906)
(-2 -2 4.0175336671406852)
(-1.6598336710541508 -2 4.0175336671406852)
(-2 -1.6598331169407217 4.0175336671406852)
(-1.3196673421083018 -2 4.0307573277603481)
(-0.65303318326507886 -2 4.0327149404168328)
(-3.4231694592034696e-06 -2 4.0323500480876762)
(0.65302961410044003 -2 4.0327150316298406)
(1.3196656059843721 -2 4.0307574595948052)
(2 -2 4.0175336671406834)
(1.6598328029921987 -2 4.0175336671400261)
(1.9999999999995157 -1.6598351239119906 4.0175336671406834)
(-2 -1.3196662338814433 4.030757377878583)
(-0.19273217085897801 -0.46072443082333919 4.0119957524988425)
(-0.0033188180371178343 -0.49998028868851863 4.0118043597486928)
(0.1870629859570036 -0.46335354175699806 4.0113448465879031)
(2.000000000000052 -1.319670247823981 4.0307567824769936)
(-2 -0.65303117541727629 4.0327148603938578)
(-0.46071555748592485 -0.19270172179772596 4.0119423467316446)
(-0.3535606365283438 -0.35354543704708413 4.0120141716384223)
(0.34994287218204673 -0.35687082193554154 4.0106724410527077)
(0.46008307337535398 -0.19540358423733423 4.0100254027646196)
(1.9999999999996854 -0.65303785224910182 4.0327144835488902)
(-2 -1.0803097391370096e-06 4.0323498487411369)
(-0.49998012939962394 -0.0033032642423670437 4.0117042193973553)
(0.49998200165406759 -0.0033312979453519655 4.0096338348218286)
(1.9999999999986933 -6.263055560132038e-06 4.0323499702345496)
(-2 0.6530317478125347 4.032714794169407)
(-0.46334499060674683 0.18707974138943617 4.0112115445652607)
(-0.3568508022282626 0.34996153393862867 4.0105259422227411)
(0.35357501601668262 0.35353186428818051 4.009481963846274)
(0.46242555504076893 0.18963424574571328 4.0095094019219699)
(1.9999999999996221 0.65302475685098249 4.0327153695541034)
(-2 1.3196669013247011 4.0307572772533753)
(-0.19536797588274973 0.46009816711675211 4.0098883591050987)
(-0.0032811093910290047 0.49998229766876923 4.0095272703845488)
(0.18969367286651453 0.46240121384288296 4.009451425585457)
(2.0000000000000662 1.3196625062937464 4.0307579623165033)
(-2 2 4.0175336671406852)
(-1.6598346608694472 1.9999999999995155 4.0175336671406852)
(-2 1.6598334506623633 4.0175336671400279)
(-1.3196693217388946 2.000000000000052 4.0307567853611905)
(-0.65303648275199622 1.9999999999996854 4.0327143430697729)
(-7.2352470484165439e-06 1.9999999999986922 4.0323497755661446)
(0.65302626409520137 1.9999999999996216 4.0327151997288837)
(1.3196636317396297 2.0000000000000662 4.0307578298260616)
(2 2 4.0175336671406843)
(1.6598318158698304 1.9999999999994094 4.0175336671398831)
(1.99999999999941 1.6598312531468888 4.0175336671398822)
(-2 -2 4.5459895082603179)
(-1.660473996643276 -2 4.5459895082603179)
(-2 -1.6604734147647799 4.5459895082603179)
(-1.320947993286552 -2 4.5675015883232746)
(-0.65432280561767564 -2 4.569442592303429)
(-3.8930441659553217e-06 -2 4.5686879149297779)
(0.65431856731172999 -2 4.5694427567432161)
(1.3209457915187715 -2 4.5675017915902485)
(2 -2 4.5459895082603179)
(1.6604728957648596 -2 4.5459895080875308)
(1.9999999998602449 -1.6604782384327317 4.5459895082603179)
(-2 -1.3209468295295597 4.5675016463473437)
(-0.19259360628815955 -0.46074923652936667 4.5452349948247219)
(-0.003302823485533072 -0.49996389781154771 4.5448464489425282)
(0.18698441857652068 -0.46337249767047123 4.5433683660384121)
(1.9999999999959504 -1.3209564768654634 4.5675002099240531)
(-2 -0.65432036338371113 4.5694424798870514)
(-0.46075885245751286 -0.19257237270122943 4.545184899713913)
(-0.35354298522863387 -0.35352500395967923 4.5451974971428966)
(0.34975937553413172 -0.35703876303104598 4.5408792586882285)
(0.45997341993257385 -0.19563210277769166 4.5385362879135576)
(1.999999999905985 -0.65433700859463784 4.5694414228285183)
(-2 -1.0899240622340248e-06 4.5686875742338504)
(-0.49996434196513145 -0.003264439710202282 4.5447490910927639)
(0.49996911028305469 -0.003469480443958521 4.5374816126819857)
(1.9999999997804399 -1.7532636973443007e-05 4.5686877241319612)
(-2 0.65432111444353613 4.5694424089378503)
(-0.46334707273591053 0.18704621480271738 4.5432377017893266)
(-0.35696076225363171 0.34983799319404918 4.5407327894390663)
(0.35363798325985746 0.3534463178693143 4.5377882136113641)
(0.46242464020584256 0.18960205561752766 4.5375864146846947)
(1.999999999889339 0.65430377361727732 4.5694436323037895)
(-2 1.3209473324264316 4.5675016007550573)
(-0.19547930969768978 0.46003747341323969 4.5383959497964081)
(-0.0032510954810205362 0.49996983893830493 4.5373705033968159)
(0.18984904848612283 0.4623228024350502 4.5375243101430254)
(1.9999999999950617 1.3209366926556134 4.5675030707989315)
(-2 2 4.5459895082603179)
(-1.6604777681144722 1.9999999998601337 4.5459895082603179)
(-2 1.6604736662186941 4.5459895080873931)
(-1.3209555362289445 1.9999999999959492 4.5675002251615231)
(-0.65433542845568216 1.9999999999059104 4.5694412518225809)
(-1.8638343410670011e-05 1.9999999997802527 4.568687393643339)
(0.65430549863712484 1.999999999889243 4.5694433607303315)
(1.3209380523252692 1.999999999995056 4.5675029285251298)
(2 2 4.5459895082603179)
(1.6604690261694399 1.999999999826128 4.5459895080455075)
(1.9999999998262823 1.6604683463346182 4.5459895080453165)
(-2 -2 5.1128106008532335)
(-1.6613743588473835 -2 5.1128106008532335)
(-2 -1.6613736628264686 5.1128106008532335)
(-1.322748717694767 -2 5.1309551160212115)
(-0.65613122949594838 -2 5.132424385785284)
(-4.67400070766715e-06 -2 5.1313426198999172)
(0.65612621725232567 -2 5.1324245795120822)
(1.322746068777197 -2 5.1309553279269107)
(2 -2 5.1128106008532299)
(1.6613730346321358 -2 5.1128105917631892)
(1.9999999920034157 -1.6613850191439181 5.1128106008532299)
(-2 -1.322747325652937 5.1309550520635865)
(-0.19184577206332815 -0.45985985530892798 5.1288193877559571)
(-0.0022271384554394323 -0.49898180859722191 5.1309265217914568)
(0.18678208616249553 -0.4623262544727566 5.1269357936211488)
(1.9999999988829955 -1.3227700382878356 5.130952482031252)
(-2 -0.65612839037512005 5.1324239177235782)
(-0.45988615513069059 -0.1918222528953234 5.1287884811714735)
(-0.3525945410280793 -0.35257271828461195 5.1285180343324459)
(0.34913876424981249 -0.35647381974168124 5.1185436594634206)
(0.45922702743160121 -0.19578655542875001 5.1105152358890606)
(1.9999999932443613 -0.65616763736594907 5.1324220013191493)
(-2 -1.513322114952181e-06 5.1313417345490482)
(-0.49898144890483359 -0.0021583439559247938 5.130871358937517)
(0.49933337702875813 -0.0040152705925122255 5.1082521382645174)
(1.9999999878705252 -4.3827522599038973e-05 5.1313422428495725)
(-2 0.65612895564040297 5.1324238544604359)
(-0.46226043016473672 0.18693210592711743 5.1268714114198675)
(-0.35625581090427461 0.3493568731884798 5.1184455893113965)
(0.35311832116268599 0.3524302523981418 5.1146643367075519)
(0.46191562657816299 0.18868728664835904 5.1125685630121209)
(1.9999999919563329 0.6560881225054479 5.1324263589686714)
(-2 1.3227476820355168 5.1309550526389422)
(-0.19531941077940407 0.45941305215849076 5.1104347198587146)
(-0.0033265391221180282 0.49932156155416874 5.1082003902053543)
(0.18948752653814985 0.46156400384803398 5.112529181064672)
(1.9999999986113344 1.3227228927908106 5.1309577660325232)
(-2 2 5.1128106008532335)
(-1.661384234525308 1.9999999919965352 5.1128106008532335)
(-2 1.661373841261502 5.1128105917553732)
(-1.3227684690506158 1.9999999988821022 5.1309524493092331)
(-0.65616508639526394 1.9999999932387582 5.1324215491562954)
(-4.4607367143134438e-05 1.9999999878601582 5.1313413756768442)
(0.65609069101271866 1.9999999919494669 5.1324256545286087)
(1.3227248137478631 1.9999999986101034 5.1309574706211016)
(2 2 5.1128106008532317)
(1.6613624071780781 1.9999999900076593 5.1128105895019385)
(1.9999999900161238 1.6613614466998141 5.1128105894923044)
(-2 -2 5.7059243853253978)
(-1.6624923870407287 -2 5.7059243853253978)
(-2 -1.662491810437845 5.7059243853253978)
(-1.3249847740814573 -2 5.7265254689674867)
(-0.65826409404737907 -2 5.7276689086727242)
(-4.7077644451039662e-06 -2 5.7265570155244196)
(0.65825897297910785 -2 5.7276690151546781)
(1.3249820911871377 -2 5.7265255936906714)
(2 -2 5.7059243853253969)
(1.6624910521763157 -2 5.7059241696400438)
(1.9999997864441967 -1.662515875207808 5.7059243853252601)
(-2 -1.3249836208756898 5.7265251912055737)
(-0.18427832935489064 -0.44369315119126457 5.7914604469637858)
(0.012461108525241004 -0.48517027088398418 5.79509861130646)
(0.17357655981117059 -0.44766956091912846 5.7894150008717649)
(1.9999999377625164 -1.3250317504153764 5.7265218935276101)
(-2 -0.6582613086885033 5.7276680689434487)
(-0.4437249996619152 -0.18424555482015895 5.7914498041629381)
(-0.34071010674369451 -0.34068671016545499 5.7673041232996125)
(0.34147905071268048 -0.34540529569771106 5.7694172329870748)
(0.44848970041668745 -0.20008342887437428 5.731263994556234)
(1.9999998223336846 -0.65834516225247897 5.7276646685280825)
(-2 -1.6576073067746337e-06 5.7265557146697876)
(-0.48514502428143275 0.012544222650802322 5.7951528560468715)
(0.49138864905876273 -9.6114576405008584e-05 5.7326758762280114)
(1.9999997200681643 -9.8376868829618569e-05 5.7265564534851512)
(-2 0.65826152542861327 5.7276679944745696)
(-0.44756021313771233 0.17375555234401679 5.7894510091735629)
(-0.34497375656846985 0.34186063959567453 5.7696920032665586)
(0.34073203407816666 0.33852391143460264 5.7784455285766994)
(0.45008947002347388 0.18158888061824288 5.7594395282674764)
(1.999999786149117 0.65817342552441782 5.7276721777599446)
(-2 1.3249834518985042 5.7265252445510342)
(-0.19911322343828161 0.44886759504235479 5.7313495517779938)
(0.0017096453027279504 0.49111602917273145 5.7324607409642381)
(0.18328931193736356 0.44908237369885912 5.7601354334780748)
(1.999999922281672 1.324929577743057 5.7265288162088197)
(-2 2 5.7059243853253969)
(-1.6625144207911522 1.9999997862600738 5.7059243853252601)
(-2 1.6624917325375601 5.7059241694546081)
(-1.3250288415820648 1.9999999377088167 5.7265217768007961)
(-0.65833993391217072 1.9999998221782669 5.7276640488199364)
(-9.5837027604271486e-05 1.9999997198285093 5.7265551787135882)
(0.65817873948511918 1.9999997859695899 5.7276710046165222)
(1.3249330891325211 1.9999999222159723 5.7265283268364318)
(2 2 5.7059243853253969)
(1.6624665527943461 1.9999997328969406 5.7059241157536231)
(1.9999997331277983 1.6624647971069355 5.7059241155187523)
(-2 -2 6.3456586671406852)
(-1.6634164320337539 -2 6.3456586671406852)
(-2 -1.6634159122540959 6.3456586671406852)
(-1.326832864067508 -2 6.353791985191747)
(-0.65987493604847081 -2 6.3540488223547245)
(-3.345479927513408e-06 -2 6.3533246436658368)
(0.65987148475043267 -2 6.3540488171746938)
(1.3268310934800966 -2 6.3537919667240468)
(2 -2 6.3456586671406834)
(1.6634155784313609 -2 6.3456560458353302)
(1.9999970794835922 -1.6634706370008763 6.3456586671179389)
(-2 -1.326831824508192 6.3537917638207961)
(-0.065127395587504938 -0.3669386022372747 6.5)
(0.017192365172052762 -0.38514400732135334 6.5)
(0.15958747389692485 -0.3511559713491168 6.5)
(1.9999984297657671 -1.3269412739641397 6.3537888306822277)
(-2 -0.65987315912134936 6.354048154083312)
(-0.36694219548125695 -0.065089689206941748 6.5)
(-0.31903100386088951 -0.31900300853374036 6.3434100820594912)
(0.22545663597099327 -0.32605187838835342 6.5)
(0.42101522251613621 -0.20182543247583717 6.3041364431574154)
(1.9999982947150476 -0.66000825059830925 6.3540454966716355)
(-2 -1.349216210434244e-06 6.3533236684141725)
(-0.38513958434401063 0.017248743149761325 6.5)
(0.46573669026163772 0.0050252500284523969 6.3011688345774655)
(1.9999961333819742 -0.0002321446660470037 6.3533240960220771)
(-2 0.65987317056320871 6.3540480949105902)
(-0.35095732577461403 0.15955243721463808 6.5)
(-0.3259137755268452 0.22537539463075482 6.5)
(0.25527253752568047 0.25274509091386921 6.5)
(0.34484989852806558 0.19194373451851374 6.5)
(1.999997936278312 0.6597295891418512 6.3540511343030657)
(-2 1.3268320559359372 6.3537917132361583)
(-0.2004556483478841 0.42120347607607389 6.3045920936226407)
(0.0081191802441353128 0.46485926241925296 6.3014386079280609)
(0.19680679888641167 0.34058894828890296 6.5)
(1.9999980375313107 1.3267026411361655 6.3537947005646451)
(-2 2 6.3456586671406852)
(-1.6634668109970421 1.9999970769693014 6.3456586671179016)
(-2 1.6634160596855276 6.3456560435878755)
(-1.3269336219564072 1.9999984284100647 6.3537888436830166)
(-0.65999932059746313 1.9999982931953604 6.3540450700370821)
(-0.000219078908608834 1.9999961300517117 6.3533231480703725)
(0.65973904028744101 1.9999979345458201 6.3540502342122256)
(1.3267116482655812 1.9999980358354628 6.3537942381637604)
(2 2 6.3456586671406843)
(1.6633558637864005 1.9999963467956567 6.3456553905026407)
(1.9999963499740887 1.6633513602585261 6.3456553875973212)
(-2 -2 7)
(-2 -2 6.672829333570343)
(-1.6635199600598609 -2 7)
(-2 -1.6635199600598609 7)
(-1.6635199600598609 -2 6.672829333570343)
(-2 -1.6635199600598609 6.672829333570343)
(-1.6635199600598609 -1.6635199600598609 7)
(-1.327039920119722 -2 7)
(-1.3797221381339024 -2 6.685745083034254)
(-1.3310067344204972 -1.572117949666811 6.9763375395779068)
(-0.65787502136428055 -2 7)
(-0.65081657387098557 -2 6.6772006191591187)
(-0.65613346675718909 -1.5023278982459716 6.9203546177252546)
(4.4408920985006262e-16 -2 7)
(0.072249320508923437 -2 6.6937049932900816)
(0.015188605469817221 -1.4790863624510038 6.9356091658506704)
(0.65787502136427956 -2 7)
(0.66616869085391539 -2 6.6772118564570322)
(0.6580191758234637 -1.5130743156932707 6.9943895340510469)
(1.3270399201197225 -2 7)
(1.3275896989410876 -2 6.6768970965088892)
(1.3270424511878487 -1.547713525374264 6.9985125009754583)
(2 -2 7)
(2 -2 6.6728293335703412)
(1.6635199600598614 -2 7)
(1.9999899680146864 -1.6636809898352432 7)
(1.6635199600598614 -2 6.6728293335703412)
(1.9999899680146864 -1.6636809898352432 6.6728293335703412)
(1.6635099280745478 -1.6636809898352432 7)
(-2 -1.327039920119722 7)
(-2 -1.3797221969837126 6.6857450791263178)
(-1.5720262429009382 -1.3310095286882682 6.9763208976364384)
(-0.77953157410216156 -0.77979578438425312 6.9320534607838642)
(-0.18765279627141118 -0.33135207790228938 6.5)
(-0.03500136930234328 -0.67154132872216399 6.937381218036955)
(0.35631950616314617 -0.66608660167709688 6.992747451724572)
(1.0878447880872588 -0.97583261154532397 6.9961535881343639)
(1.9999799360293729 -1.3273619796704863 7)
(1.9999842635421925 -1.3767295859148574 6.6846559219369315)
(1.598010327785047 -1.3308913641946272 6.9774516202129835)
(-2 -0.65787502136427944 7)
(-2 -0.65083228874393417 6.6771995298770284)
(-1.5023353510930297 -0.65613727281163814 6.9203510796182064)
(-0.3313677142049255 -0.18761119102391788 6.5)
(-0.2603261835994804 -0.26030739796760355 6.5)
(0.3357496635429818 -0.21607025788824644 6.5)
(0.36018571494382401 -0.15938206393371651 6.5)
(2 -0.65787510013266104 7)
(2.0000073685105564 -0.70888710041196668 6.685113981177877)
(1.5110275390488979 -0.67294144878265572 6.9070192492626186)
(-2 4.4408920985006262e-16 7)
(-2 0.072217381749235046 6.6936882767120052)
(-1.4790762564244622 0.01518869081143907 6.9355768106756432)
(-0.671450120819023 -0.03496284924210484 6.9373594524377271)
(0.40050731516877369 -0.011362084593114129 6.5)
(1.9999548560660889 -0.0007247565992826166 7)
(1.9999641298269641 0.073813710807989263 6.6948066913983286)
(1.4600040097618254 0.024662642214302779 6.8960360837658925)
(-2 0.65787502136428044 7)
(-2 0.66615800454607033 6.6772109574315603)
(-1.5129931556423948 0.65802039701923576 6.9943346898761121)
(-0.66490505256735921 0.3559299452565392 6.9924787912169739)
(-0.21483438557789031 0.3351426033376228 6.5)
(0.23080757725455747 0.23303643500952553 7)
(0.691939143709833 0.25313631931341707 7)
(2 0.65787510013266104 7)
(2.0000077233834159 0.72818174451314033 6.6929095960886018)
(1.5352989424176982 0.66302913721876755 6.9774938444561583)
(-2 1.3270399201197225 7)
(-2 1.3276156273082145 6.6768970676043624)
(-1.5476689732159445 1.3270426302228391 6.99847901453803)
(-0.97552164460375623 1.0877713168900518 6.9960928896000016)
(-0.15861586882131787 0.3594475761242818 6.5)
(-0.0080628439382611078 0.3982989633018465 6.5)
(0.25381445593547625 0.69193224643071805 7)
(0.89548119118713365 0.89588390793532469 6.9863168137576244)
(1.9999749200367161 1.3266372230712036 7)
(1.9999804291543917 1.3256968741812405 6.6769001821644798)
(1.5713846107635432 1.3266275861052093 6.996567125125102)
(-2 2 7)
(-2 2 6.672829333570343)
(-1.6636694711724584 1.9999899593352892 7)
(-2 1.6635199600598614 7)
(-1.6636694711724584 1.9999899593352892 6.672829333570343)
(-2 1.6635199600598614 6.672829333570343)
(-1.6636694711724584 1.6635099193951506 7)
(-1.3273389423449169 1.9999799186705787 7)
(-1.3766916631673458 1.9999842499806202 6.684649906665955)
(-1.3308651335866726 1.598045844015725 6.977464792108127)
(-0.65787510013266126 2 7)
(-0.70871154503508427 2.0000073742574167 6.6850568428784305)
(-0.67289112673200246 1.5110844804475005 6.9069930352899718)
(-0.00067292261675155896 1.999954817008802 7)
(0.07388175912336252 1.9999640983913927 6.6948196304855365)
(0.024791861611167545 1.4596314532863293 6.8957463030104389)
(0.65787510013266082 2 7)
(0.72828335932123545 2.0000077298544778 6.6929567647619956)
(0.66305732924392402 1.5351690102228879 6.9774068249635111)
(1.3266660197281654 1.9999748983382233 7)
(1.3257251746299352 1.9999804122490725 6.6768999250880565)
(1.3266563800072613 1.5715591857286728 6.9965679299796513)
(2 2 7)
(2 2 6.6728293335703421)
(1.6633330098640826 1.9999874491691116 7)
(1.999987460018358 1.6633186115356018 7)
(1.6633330098640826 1.9999874491691116 6.6728293335703421)
(1.999987460018358 1.6633186115356018 6.6728293335703421)
(1.6633204698824406 1.6633060607047134 7)
)
