/*--------------------------------*- C++ -*----------------------------------*\
| =========                 |                                                 |
| \\      /  F ield         | OpenFOAM: The Open Source CFD Toolbox           |
|  \\    /   O peration     | Version:  2412                                  |
|   \\  /    A nd           | Website:  www.openfoam.com                      |
|    \\/     M anipulation  |                                                 |
\*---------------------------------------------------------------------------*/
FoamFile
{
    version     2.0;
    format      ascii;
    arch        "LSB;label=32;scalar=64";
    class       faceList;
    location    "constant/polyMesh";
    object      faces;
}
// * * * * * * * * * * * * * * * * * * * * * * * * * * * * * * * * * * * * * //


7356
(
4(0 1 5 4)
4(0 2 3 1)
4(0 4 6 2)
4(4 5 7 6)
4(2 6 7 3)
4(1 3 7 5)
4(4 0 2512 1758)
4(0 1 1269 2512)
4(5 4 1758 2137)
4(1 5 2137 1269)
4(0 2512 1268 2513)
4(4 2136 2518 1758)
4(0 2513 2136 4)
4(0 2514 2134 2513)
4(0 2512 1756 2514)
4(2 1757 2517 1270)
4(0 2514 1757 2)
4(2 1270 2513 0)
4(16 1760 2521 1278)
4(2 1757 1760 16)
4(16 1278 1270 2)
4(18 1761 2522 1280)
4(16 1760 1761 18)
4(18 1280 1278 16)
4(336 1812 2557 1409)
4(18 1761 1812 336)
4(336 1409 1280 18)
4(338 1813 2558 1411)
4(336 1812 1813 338)
4(338 1411 1409 336)
4(350 2561 2232 2560)
4(338 1813 2561 350)
4(350 2560 1411 338)
4(350 2561 1816 2559)
4(350 2559 1420 2560)
4(351 2233 2563 1421)
4(350 2561 2233 351)
4(351 1421 2559 350)
4(354 2236 2565 1422)
4(351 2233 2236 354)
4(354 1422 1421 351)
4(355 2237 2566 1423)
4(354 2236 2237 355)
4(355 1423 1422 354)
4(502 2288 2581 1481)
4(355 2237 2288 502)
4(502 1481 1423 355)
4(503 2289 2582 1482)
4(502 2288 2289 503)
4(503 1482 1481 502)
4(506 2585 2005 2583)
4(503 2289 2585 506)
4(506 2583 1482 503)
4(506 2585 2292 2584)
4(506 2584 1483 2583)
4(499 2002 2580 1480)
4(506 2585 2002 499)
4(499 1480 2584 506)
4(498 2001 2579 1479)
4(499 2002 2001 498)
4(498 1479 1480 499)
4(201 1950 2544 1360)
4(498 2001 1950 201)
4(201 1360 1479 498)
4(200 1949 2543 1359)
4(201 1950 1949 200)
4(200 1359 1360 201)
4(191 1946 2541 1352)
4(200 1949 1946 191)
4(191 1352 1359 200)
4(190 2539 2194 2538)
4(191 1946 2539 190)
4(190 2538 1352 191)
4(190 2539 1945 2537)
4(190 2537 1351 2538)
4(184 2191 2536 1348)
4(190 2539 2191 184)
4(184 1348 2537 190)
4(182 2190 2535 1346)
4(184 2191 2190 182)
4(182 1346 1348 184)
4(10 2139 2520 1274)
4(182 2190 2139 10)
4(10 1274 1346 182)
4(8 2138 2519 1272)
4(10 2139 2138 8)
4(8 1272 1274 10)
4(1 2135 2516 1269)
4(8 2138 2135 1)
4(1 1269 1272 8)
4(1 2135 2514 0)
4(3 1 2135 1271)
4(2 3 1271 1757)
4(9 8 2138 1273)
4(3 9 1273 1271)
4(1 8 9 3)
4(11 10 2139 1275)
4(11 1275 1273 9)
4(8 10 11 9)
4(183 182 2190 1347)
4(183 1347 1275 11)
4(10 182 183 11)
4(185 184 2191 1349)
4(183 185 1349 1347)
4(182 184 185 183)
4(185 191 1946 1349)
4(184 190 191 185)
4(195 200 1949 1354)
4(195 1354 1349 185)
4(185 191 200 195)
4(198 201 1950 1357)
4(198 1357 1354 195)
4(195 200 201 198)
4(491 498 2001 1473)
4(491 1473 1357 198)
4(198 201 498 491)
4(493 499 2002 1475)
4(493 1475 1473 491)
4(491 498 499 493)
4(503 2289 1475 493)
4(493 499 506 503)
4(492 1474 1475 493)
4(502 2288 1474 492)
4(492 493 503 502)
4(490 1472 1473 491)
4(490 491 493 492)
4(492 1474 1472 490)
4(495 1477 1473 491)
4(490 1472 1477 495)
3(495 491 490)
4(199 495 1477 1358)
4(199 1358 1473 491)
3(491 495 199)
4(495 1477 1485 509)
4(218 1365 1358 199)
4(218 509 1485 1365)
4(199 495 509 218)
4(494 1476 1484 508)
4(494 495 1477 1476)
4(509 508 1484 1485)
4(494 508 509 495)
4(496 494 1476 1478)
4(508 510 1486 1484)
4(510 496 1478 1486)
4(494 496 510 508)
4(490 494 1476 1472)
4(490 1472 1478 496)
3(496 494 490)
3(495 490 494)
3(495 490 1235)
3(495 1235 494)
3(494 1235 490)
3(491 1235 495)
3(491 490 1235)
3(1200 1235 495)
3(491 1235 1200)
3(495 491 1200)
3(1200 1235 497)
3(497 495 1200)
3(495 497 1235)
3(1200 1235 493)
3(497 493 1235)
3(493 497 1200)
3(493 491 1235)
3(491 493 1200)
3(492 1235 493)
3(490 1235 492)
3(1201 1235 493)
3(492 1235 1201)
3(493 492 1201)
3(1201 1235 497)
3(497 493 1201)
3(1201 1235 496)
3(496 497 1201)
3(497 496 1235)
3(496 492 1235)
3(492 496 1201)
3(496 492 490)
3(496 490 1235)
4(492 1474 1478 496)
4(349 492 1474 1419)
4(496 349 1419 1478)
3(492 349 496)
4(348 492 1474 1418)
4(348 1418 1419 349)
3(492 348 349)
4(355 2237 1418 348)
4(348 492 502 355)
4(345 1415 1418 348)
4(354 2236 1415 345)
4(345 348 355 354)
4(345 1415 1417 347)
4(349 347 1417 1419)
4(345 347 349 348)
4(347 344 1414 1417)
4(344 345 1415 1414)
3(344 347 345)
4(346 344 1414 1416)
4(347 346 1416 1417)
3(344 346 347)
4(337 344 1414 1410)
4(337 1410 1416 346)
3(346 344 337)
4(339 345 1415 1412)
4(339 1412 1410 337)
4(337 344 345 339)
4(351 2233 1412 339)
4(339 345 354 351)
4(338 1813 1412 339)
4(338 339 351 350)
4(336 1812 1410 337)
4(336 337 339 338)
4(18 1761 1281 19)
4(19 1281 1410 337)
4(18 19 337 336)
4(16 1760 1279 17)
4(17 1279 1281 19)
4(16 17 19 18)
4(17 3 1271 1279)
4(2 3 17 16)
4(24 1284 1279 17)
4(3 1271 1284 24)
3(24 17 3)
4(24 1284 1285 25)
4(25 1285 1279 17)
3(17 24 25)
4(25 9 1273 1285)
4(9 24 1284 1273)
3(9 25 24)
4(14 9 1273 1276)
4(25 14 1276 1285)
3(9 14 25)
4(11 1275 1276 14)
3(14 9 11)
4(15 11 1275 1277)
4(15 1277 1276 14)
3(14 11 15)
4(188 183 1347 1350)
4(188 1350 1277 15)
4(11 183 188 15)
4(196 1355 1350 188)
4(183 1347 1355 196)
3(196 188 183)
4(216 196 1355 1363)
4(206 1361 1350 188)
4(206 216 1363 1361)
4(188 196 216 206)
4(196 1355 1356 197)
4(216 217 1364 1363)
4(217 197 1356 1364)
4(196 197 217 216)
4(197 194 1353 1356)
4(194 196 1355 1353)
3(194 197 196)
4(195 194 1353 1354)
3(194 195 197)
4(197 195 1354 1356)
4(194 1353 1347 183)
4(183 185 195 194)
3(196 183 194)
3(196 183 1225)
3(183 194 1225)
3(196 1225 194)
3(188 1225 196)
3(188 183 1225)
3(1190 1225 196)
3(188 1225 1190)
3(196 188 1190)
3(1190 1225 197)
3(196 197 1225)
3(197 196 1190)
3(1190 1225 189)
3(189 1225 197)
3(189 197 1190)
3(189 188 1225)
3(188 189 1190)
3(183 1225 185)
3(185 1225 189)
4(183 185 189 188)
3(195 1225 185)
3(194 1225 195)
3(197 195 1225)
4(185 195 197 189)
3(194 1225 197)
4(191 200 202 193)
4(185 191 193 189)
4(195 197 202 200)
4(189 193 202 197)
4(191 1352 1948 193)
4(202 193 1948 1951)
4(200 202 1951 1359)
4(192 190 2538 2195)
4(190 192 193 191)
4(193 192 2195 1948)
4(192 1947 2542 2195)
4(190 2537 1947 192)
4(212 1953 2545 2200)
4(192 1947 1953 212)
4(212 2200 2195 192)
4(214 1955 2546 2201)
4(212 1953 1955 214)
4(214 2201 2200 212)
4(234 1961 2547 2206)
4(214 1955 1961 234)
4(234 2206 2201 214)
4(236 1963 2548 2207)
4(234 1961 1963 236)
4(236 2207 2206 234)
4(256 1969 2549 2212)
4(236 1963 1969 256)
4(256 2212 2207 236)
4(258 1971 2550 2213)
4(256 1969 1971 258)
4(258 2213 2212 256)
4(278 1977 2551 2218)
4(258 1971 1977 278)
4(278 2218 2213 258)
4(280 1979 2552 2219)
4(278 1977 1979 280)
4(280 2219 2218 278)
4(300 1985 2553 2224)
4(280 1979 1985 300)
4(300 2224 2219 280)
4(302 1987 2554 2225)
4(300 1985 1987 302)
4(302 2225 2224 300)
4(322 1993 2555 2230)
4(302 1987 1993 322)
4(322 2230 2225 302)
4(324 1995 2556 2231)
4(322 1993 1995 324)
4(324 2231 2230 322)
4(793 2043 2622 2386)
4(324 1995 2043 793)
4(793 2386 2231 324)
4(795 2045 2623 2387)
4(793 2043 2045 795)
4(795 2387 2386 793)
4(815 2051 2624 2392)
4(795 2045 2051 815)
4(815 2392 2387 795)
4(817 2053 2625 2393)
4(815 2051 2053 817)
4(817 2393 2392 815)
4(837 2059 2626 2398)
4(817 2053 2059 837)
4(837 2398 2393 817)
4(839 2061 2627 2399)
4(837 2059 2061 839)
4(839 2399 2398 837)
4(859 2067 2628 2404)
4(839 2061 2067 859)
4(859 2404 2399 839)
4(861 2069 2629 2405)
4(859 2067 2069 861)
4(861 2405 2404 859)
4(881 2075 2630 2410)
4(861 2069 2075 881)
4(881 2410 2405 861)
4(883 2077 2631 2411)
4(881 2075 2077 883)
4(883 2411 2410 881)
4(903 2083 2632 2416)
4(883 2077 2083 903)
4(903 2416 2411 883)
4(905 2085 2633 2417)
4(903 2083 2085 905)
4(905 2417 2416 903)
4(921 2636 1645 2637)
4(905 2085 2636 921)
4(921 2637 2417 905)
4(921 2638 2420 2637)
4(921 2636 2091 2638)
4(922 2092 2640 1646)
4(922 1646 2637 921)
4(921 2638 2092 922)
4(926 2093 2641 1650)
4(926 1650 1646 922)
4(922 2092 2093 926)
4(927 2094 2642 1651)
4(927 1651 1650 926)
4(926 2093 2094 927)
4(1183 2131 2676 1751)
4(1183 1751 1651 927)
4(927 2094 2131 1183)
4(1184 2132 2677 1752)
4(1184 1752 1751 1183)
4(1183 2131 2132 1184)
4(1187 2682 2511 2681)
4(1187 2681 1752 1184)
4(1184 2132 2682 1187)
4(1187 2682 2133 2680)
4(1187 2680 1755 2681)
4(1186 2510 2679 1754)
4(1186 1754 2680 1187)
4(1187 2682 2510 1186)
4(1185 2509 2678 1753)
4(1185 1753 1754 1186)
4(1186 2510 2509 1185)
4(1070 2472 2663 1710)
4(1070 1710 1753 1185)
4(1185 2509 2472 1070)
4(1069 2471 2662 1709)
4(1069 1709 1710 1070)
4(1070 2472 2471 1069)
4(1068 2470 2661 1708)
4(1068 1708 1709 1069)
4(1069 2471 2470 1068)
4(1067 2659 1944 2657)
4(1067 2657 1708 1068)
4(1068 2470 2659 1067)
4(1067 2659 2469 2658)
4(1067 2658 1707 2657)
4(1062 1943 2656 1702)
4(1062 1702 2658 1067)
4(1067 2659 1943 1062)
4(1060 1942 2655 1700)
4(1060 1700 1702 1062)
4(1062 1943 1942 1060)
4(782 1905 2621 1590)
4(782 1590 1700 1060)
4(1060 1942 1905 782)
4(780 1904 2620 1588)
4(780 1588 1590 782)
4(782 1905 1904 780)
4(774 1903 2617 1582)
4(774 1582 1588 780)
4(780 1904 1903 774)
4(772 2614 2378 2613)
4(772 2613 1582 774)
4(774 1903 2614 772)
4(772 2614 1902 2612)
4(772 2612 1580 2613)
4(773 2379 2616 1581)
4(773 1581 2612 772)
4(772 2614 2379 773)
4(776 2380 2618 1584)
4(776 1584 1581 773)
4(773 2379 2380 776)
4(777 2381 2619 1585)
4(777 1585 1584 776)
4(776 2380 2381 777)
4(917 2418 2634 1641)
4(917 1641 1585 777)
4(777 2381 2418 917)
4(918 2419 2635 1642)
4(918 1642 1641 917)
4(917 2418 2419 918)
4(921 2636 1642 918)
4(918 2419 2638 921)
4(900 2415 1642 918)
4(905 2085 2415 900)
4(900 918 921 905)
4(899 2414 1641 917)
4(900 2415 2414 899)
4(899 917 918 900)
4(759 2377 1585 777)
4(899 2414 2377 759)
4(759 777 917 899)
4(758 2376 1584 776)
4(759 2377 2376 758)
4(758 776 777 759)
4(751 2373 1581 773)
4(758 2376 2373 751)
4(751 773 776 758)
4(772 750 1896 2612)
4(751 2373 1896 750)
4(750 772 773 751)
4(750 1896 2611 2372)
4(750 2372 2613 772)
4(746 1894 2610 2370)
4(750 1896 1894 746)
4(746 2370 2372 750)
4(724 1888 2609 2364)
4(746 1894 1888 724)
4(724 2364 2370 746)
4(720 1886 2608 2362)
4(724 1888 1886 720)
4(720 2362 2364 724)
4(698 1880 2607 2356)
4(720 1886 1880 698)
4(698 2356 2362 720)
4(694 1878 2606 2354)
4(698 1880 1878 694)
4(694 2354 2356 698)
4(672 1872 2605 2348)
4(694 1878 1872 672)
4(672 2348 2354 694)
4(668 1870 2604 2346)
4(672 1872 1870 668)
4(668 2346 2348 672)
4(646 1864 2603 2340)
4(668 1870 1864 646)
4(646 2340 2346 668)
4(642 1862 2602 2338)
4(646 1864 1862 642)
4(642 2338 2340 646)
4(620 1856 2601 2332)
4(642 1862 1856 620)
4(620 2332 2338 642)
4(616 1854 2600 2330)
4(620 1856 1854 616)
4(616 2330 2332 620)
4(160 1806 2534 2184)
4(616 1854 1806 160)
4(160 2184 2330 616)
4(156 1804 2533 2182)
4(160 1806 1804 156)
4(156 2182 2184 160)
4(134 1798 2532 2176)
4(156 1804 1798 134)
4(134 2176 2182 156)
4(130 1796 2531 2174)
4(134 1798 1796 130)
4(130 2174 2176 134)
4(108 1790 2530 2168)
4(130 1796 1790 108)
4(108 2168 2174 130)
4(104 1788 2529 2166)
4(108 1790 1788 104)
4(104 2166 2168 108)
4(82 1782 2528 2160)
4(104 1788 1782 82)
4(82 2160 2166 104)
4(78 1780 2527 2158)
4(82 1782 1780 78)
4(78 2158 2160 82)
4(56 1774 2526 2152)
4(78 1780 1774 56)
4(56 2152 2158 78)
4(52 1772 2525 2150)
4(56 1774 1772 52)
4(52 2150 2152 56)
4(30 1766 2524 2144)
4(52 1772 1766 30)
4(30 2144 2150 52)
4(26 1764 2523 2142)
4(30 1766 1764 26)
4(26 2142 2144 30)
4(26 1764 1758 4)
4(4 2136 2142 26)
4(27 26 1764 2143)
4(5 27 2143 2137)
4(4 26 27 5)
4(31 30 1766 2145)
4(27 31 2145 2143)
4(26 30 31 27)
4(53 52 1772 2151)
4(31 53 2151 2145)
4(30 52 53 31)
4(57 56 1774 2153)
4(53 57 2153 2151)
4(52 56 57 53)
4(79 78 1780 2159)
4(57 79 2159 2153)
4(56 78 79 57)
4(83 82 1782 2161)
4(79 83 2161 2159)
4(78 82 83 79)
4(105 104 1788 2167)
4(83 105 2167 2161)
4(82 104 105 83)
4(109 108 1790 2169)
4(105 109 2169 2167)
4(104 108 109 105)
4(131 130 1796 2175)
4(109 131 2175 2169)
4(108 130 131 109)
4(135 134 1798 2177)
4(131 135 2177 2175)
4(130 134 135 131)
4(157 156 1804 2183)
4(135 157 2183 2177)
4(134 156 157 135)
4(161 160 1806 2185)
4(157 161 2185 2183)
4(156 160 161 157)
4(617 616 1854 2331)
4(161 617 2331 2185)
4(160 616 617 161)
4(621 620 1856 2333)
4(617 621 2333 2331)
4(616 620 621 617)
4(643 642 1862 2339)
4(621 643 2339 2333)
4(620 642 643 621)
4(647 646 1864 2341)
4(643 647 2341 2339)
4(642 646 647 643)
4(669 668 1870 2347)
4(647 669 2347 2341)
4(646 668 669 647)
4(672 1872 2349 673)
4(673 2349 2347 669)
4(668 672 673 669)
4(695 694 1878 2355)
4(673 695 2355 2349)
4(672 694 695 673)
4(699 698 1880 2357)
4(695 699 2357 2355)
4(694 698 699 695)
4(721 720 1886 2363)
4(699 721 2363 2357)
4(698 720 721 699)
4(725 724 1888 2365)
4(721 725 2365 2363)
4(720 724 725 721)
4(747 746 1894 2371)
4(725 747 2371 2365)
4(724 746 747 725)
4(747 751 2373 2371)
4(746 750 751 747)
4(754 758 2376 2374)
4(754 2374 2371 747)
4(747 751 758 754)
4(755 759 2377 2375)
4(755 2375 2374 754)
4(754 758 759 755)
4(895 899 2414 2412)
4(895 2412 2375 755)
4(755 759 899 895)
4(896 900 2415 2413)
4(896 2413 2412 895)
4(895 899 900 896)
4(903 2083 2413 896)
4(896 900 905 903)
4(878 2409 2413 896)
4(883 2077 2409 878)
4(878 896 903 883)
4(877 2408 2412 895)
4(878 2409 2408 877)
4(877 895 896 878)
4(733 2369 2375 755)
4(877 2408 2369 733)
4(733 755 895 877)
4(732 2368 2374 754)
4(733 2369 2368 732)
4(732 754 755 733)
4(732 2368 2365 725)
4(725 747 754 732)
4(728 732 2368 2366)
4(728 2366 2363 721)
4(721 725 732 728)
4(729 733 2369 2367)
4(729 2367 2366 728)
4(728 732 733 729)
4(873 877 2408 2406)
4(873 2406 2367 729)
4(729 733 877 873)
4(874 878 2409 2407)
4(874 2407 2406 873)
4(873 877 878 874)
4(881 2075 2407 874)
4(874 878 883 881)
4(856 2403 2407 874)
4(861 2069 2403 856)
4(856 874 881 861)
4(855 2402 2406 873)
4(856 2403 2402 855)
4(855 873 874 856)
4(707 2361 2367 729)
4(855 2402 2361 707)
4(707 729 873 855)
4(706 2360 2366 728)
4(707 2361 2360 706)
4(706 728 729 707)
4(706 2360 2357 699)
4(699 721 728 706)
4(702 706 2360 2358)
4(702 2358 2355 695)
4(695 699 706 702)
4(703 707 2361 2359)
4(703 2359 2358 702)
4(702 706 707 703)
4(851 855 2402 2400)
4(851 2400 2359 703)
4(703 707 855 851)
4(852 856 2403 2401)
4(852 2401 2400 851)
4(851 855 856 852)
4(859 2067 2401 852)
4(852 856 861 859)
4(834 2397 2401 852)
4(839 2061 2397 834)
4(834 852 859 839)
4(833 2396 2400 851)
4(834 2397 2396 833)
4(833 851 852 834)
4(681 2353 2359 703)
4(833 2396 2353 681)
4(681 703 851 833)
4(680 2352 2358 702)
4(681 2353 2352 680)
4(680 702 703 681)
4(680 2352 2349 673)
4(673 695 702 680)
4(676 680 2352 2350)
4(669 676 2350 2347)
4(669 673 680 676)
4(677 681 2353 2351)
4(677 2351 2350 676)
4(676 680 681 677)
4(829 833 2396 2394)
4(829 2394 2351 677)
4(677 681 833 829)
4(830 834 2397 2395)
4(830 2395 2394 829)
4(829 833 834 830)
4(837 2059 2395 830)
4(830 834 839 837)
4(812 2391 2395 830)
4(817 2053 2391 812)
4(812 830 837 817)
4(811 2390 2394 829)
4(812 2391 2390 811)
4(811 829 830 812)
4(655 2345 2351 677)
4(811 2390 2345 655)
4(655 677 829 811)
4(676 654 2344 2350)
4(654 655 2345 2344)
4(654 676 677 655)
4(654 2344 2341 647)
4(647 669 676 654)
4(650 654 2344 2342)
4(650 2342 2339 643)
4(643 647 654 650)
4(655 2345 2343 651)
4(651 2343 2342 650)
4(650 654 655 651)
4(807 811 2390 2388)
4(807 2388 2343 651)
4(651 655 811 807)
4(808 812 2391 2389)
4(808 2389 2388 807)
4(807 811 812 808)
4(815 2051 2389 808)
4(808 812 817 815)
4(790 2385 2389 808)
4(795 2045 2385 790)
4(790 808 815 795)
4(789 2384 2388 807)
4(790 2385 2384 789)
4(789 807 808 790)
4(651 629 2337 2343)
4(789 2384 2337 629)
4(629 651 807 789)
4(628 2336 2342 650)
4(629 2337 2336 628)
4(628 650 651 629)
4(628 2336 2333 621)
4(621 643 650 628)
4(624 628 2336 2334)
4(624 2334 2331 617)
4(617 621 628 624)
4(629 2337 2335 625)
4(625 2335 2334 624)
4(624 628 629 625)
4(785 789 2384 2382)
4(785 2382 2335 625)
4(625 629 789 785)
4(786 790 2385 2383)
4(786 2383 2382 785)
4(785 789 790 786)
4(793 2043 2383 786)
4(786 790 795 793)
4(319 2229 2383 786)
4(319 324 1995 2229)
4(319 786 793 324)
4(318 2228 2382 785)
4(318 319 2229 2228)
4(318 785 786 319)
4(625 169 2189 2335)
4(169 318 2228 2189)
4(169 625 785 318)
4(168 2188 2334 624)
4(169 2189 2188 168)
4(168 624 625 169)
4(168 2188 2185 161)
4(161 617 624 168)
4(164 168 2188 2186)
4(164 2186 2183 157)
4(157 161 168 164)
4(165 169 2189 2187)
4(165 2187 2186 164)
4(164 168 169 165)
4(314 318 2228 2226)
4(314 2226 2187 165)
4(165 169 318 314)
4(315 319 2229 2227)
4(315 2227 2226 314)
4(314 318 319 315)
4(322 1993 2227 315)
4(315 319 324 322)
4(297 2223 2227 315)
4(302 1987 2223 297)
4(297 315 322 302)
4(296 2222 2226 314)
4(297 2223 2222 296)
4(296 314 315 297)
4(143 2181 2187 165)
4(296 2222 2181 143)
4(143 165 314 296)
4(142 2180 2186 164)
4(143 2181 2180 142)
4(142 164 165 143)
4(142 2180 2177 135)
4(135 157 164 142)
4(138 142 2180 2178)
4(138 2178 2175 131)
4(131 135 142 138)
4(139 143 2181 2179)
4(139 2179 2178 138)
4(138 142 143 139)
4(292 296 2222 2220)
4(292 2220 2179 139)
4(139 143 296 292)
4(293 297 2223 2221)
4(293 2221 2220 292)
4(292 296 297 293)
4(300 1985 2221 293)
4(293 297 302 300)
4(275 2217 2221 293)
4(280 1979 2217 275)
4(275 293 300 280)
4(274 2216 2220 292)
4(275 2217 2216 274)
4(274 292 293 275)
4(117 2173 2179 139)
4(274 2216 2173 117)
4(117 139 292 274)
4(116 2172 2178 138)
4(117 2173 2172 116)
4(116 138 139 117)
4(116 2172 2169 109)
4(109 131 138 116)
4(112 116 2172 2170)
4(112 2170 2167 105)
4(105 109 116 112)
4(113 117 2173 2171)
4(113 2171 2170 112)
4(112 116 117 113)
4(270 274 2216 2214)
4(270 2214 2171 113)
4(113 117 274 270)
4(271 275 2217 2215)
4(271 2215 2214 270)
4(270 274 275 271)
4(278 1977 2215 271)
4(271 275 280 278)
4(253 2211 2215 271)
4(258 1971 2211 253)
4(253 271 278 258)
4(252 2210 2214 270)
4(253 2211 2210 252)
4(252 270 271 253)
4(91 2165 2171 113)
4(252 2210 2165 91)
4(91 113 270 252)
4(90 2164 2170 112)
4(91 2165 2164 90)
4(90 112 113 91)
4(90 2164 2161 83)
4(83 105 112 90)
4(86 90 2164 2162)
4(86 2162 2159 79)
4(79 83 90 86)
4(87 91 2165 2163)
4(87 2163 2162 86)
4(86 90 91 87)
4(248 252 2210 2208)
4(248 2208 2163 87)
4(87 91 252 248)
4(249 253 2211 2209)
4(249 2209 2208 248)
4(248 252 253 249)
4(256 1969 2209 249)
4(249 253 258 256)
4(231 2205 2209 249)
4(236 1963 2205 231)
4(231 249 256 236)
4(230 2204 2208 248)
4(231 2205 2204 230)
4(230 248 249 231)
4(65 2157 2163 87)
4(230 2204 2157 65)
4(65 87 248 230)
4(64 2156 2162 86)
4(65 2157 2156 64)
4(64 86 87 65)
4(64 2156 2153 57)
4(57 79 86 64)
4(60 64 2156 2154)
4(60 2154 2151 53)
4(53 57 64 60)
4(61 65 2157 2155)
4(61 2155 2154 60)
4(60 64 65 61)
4(226 230 2204 2202)
4(226 2202 2155 61)
4(61 65 230 226)
4(227 231 2205 2203)
4(227 2203 2202 226)
4(226 230 231 227)
4(234 1961 2203 227)
4(227 231 236 234)
4(209 2199 2203 227)
4(214 1955 2199 209)
4(209 227 234 214)
4(208 2198 2202 226)
4(209 2199 2198 208)
4(208 226 227 209)
4(39 2149 2155 61)
4(208 2198 2149 39)
4(39 61 226 208)
4(38 2148 2154 60)
4(39 2149 2148 38)
4(38 60 61 39)
4(38 2148 2145 31)
4(31 53 60 38)
4(34 38 2148 2146)
4(34 2146 2143 27)
4(27 31 38 34)
4(35 39 2149 2147)
4(35 2147 2146 34)
4(34 38 39 35)
4(204 208 2198 2196)
4(204 2196 2147 35)
4(35 39 208 204)
4(205 209 2199 2197)
4(205 2197 2196 204)
4(204 208 209 205)
4(212 1953 2197 205)
4(205 209 214 212)
4(187 2193 2197 205)
4(192 1947 2193 187)
4(187 205 212 192)
4(186 2192 2196 204)
4(187 2193 2192 186)
4(186 204 205 187)
4(13 2141 2147 35)
4(186 2192 2141 13)
4(13 35 204 186)
4(12 2140 2146 34)
4(13 2141 2140 12)
4(12 34 35 13)
4(12 2140 2137 5)
4(5 27 34 12)
4(8 12 2140 1272)
4(1 5 12 8)
4(10 13 2141 1274)
4(8 12 13 10)
4(182 186 2192 1346)
4(10 13 186 182)
4(184 187 2193 1348)
4(182 186 187 184)
4(184 187 192 190)
4(187 192 193 189)
4(184 187 189 185)
4(192 193 213 212)
4(189 207 213 193)
4(187 205 207 189)
4(205 212 213 207)
4(213 212 2200 1954)
4(193 213 1954 1948)
4(215 214 2201 1956)
4(213 215 1956 1954)
4(212 214 215 213)
4(235 234 2206 1962)
4(215 235 1962 1956)
4(214 234 235 215)
4(237 236 2207 1964)
4(235 237 1964 1962)
4(234 236 237 235)
4(257 256 2212 1970)
4(237 257 1970 1964)
4(236 256 257 237)
4(259 258 2213 1972)
4(257 259 1972 1970)
4(256 258 259 257)
4(279 278 2218 1978)
4(259 279 1978 1972)
4(258 278 279 259)
4(281 280 2219 1980)
4(279 281 1980 1978)
4(278 280 281 279)
4(301 300 2224 1986)
4(281 301 1986 1980)
4(280 300 301 281)
4(303 302 2225 1988)
4(301 303 1988 1986)
4(300 302 303 301)
4(323 322 2230 1994)
4(303 323 1994 1988)
4(302 322 323 303)
4(324 2231 1996 325)
4(323 325 1996 1994)
4(322 324 325 323)
4(794 793 2386 2044)
4(325 794 2044 1996)
4(324 793 794 325)
4(796 795 2387 2046)
4(794 796 2046 2044)
4(793 795 796 794)
4(816 815 2392 2052)
4(796 816 2052 2046)
4(795 815 816 796)
4(818 817 2393 2054)
4(816 818 2054 2052)
4(815 817 818 816)
4(838 837 2398 2060)
4(818 838 2060 2054)
4(817 837 838 818)
4(840 839 2399 2062)
4(838 840 2062 2060)
4(837 839 840 838)
4(860 859 2404 2068)
4(840 860 2068 2062)
4(839 859 860 840)
4(862 861 2405 2070)
4(860 862 2070 2068)
4(859 861 862 860)
4(882 881 2410 2076)
4(862 882 2076 2070)
4(861 881 882 862)
4(884 883 2411 2078)
4(882 884 2078 2076)
4(881 883 884 882)
4(904 903 2416 2084)
4(884 904 2084 2078)
4(883 903 904 884)
4(906 905 2417 2086)
4(904 906 2086 2084)
4(903 905 906 904)
4(906 922 1646 2086)
4(905 921 922 906)
4(915 926 1650 2089)
4(915 2089 2086 906)
4(906 922 926 915)
4(916 927 1651 2090)
4(916 2090 2089 915)
4(915 926 927 916)
4(1171 1183 1751 2127)
4(1171 2127 2090 916)
4(916 927 1183 1171)
4(1172 1184 1752 2128)
4(1172 2128 2127 1171)
4(1171 1183 1184 1172)
4(1178 1187 2681 2508)
4(1178 2508 2128 1172)
4(1172 1184 1187 1178)
4(1178 2130 2675 2508)
4(1187 2680 2130 1178)
4(1177 2129 2674 2507)
4(1178 2130 2129 1177)
4(1177 2507 2508 1178)
4(1160 2124 2673 2502)
4(1177 2129 2124 1160)
4(1160 2502 2507 1177)
4(1159 2123 2672 2501)
4(1160 2124 2123 1159)
4(1159 2501 2502 1160)
4(1142 2118 2671 2496)
4(1159 2123 2118 1142)
4(1142 2496 2501 1159)
4(1141 2117 2670 2495)
4(1142 2118 2117 1141)
4(1141 2495 2496 1142)
4(1124 2112 2669 2490)
4(1141 2117 2112 1124)
4(1124 2490 2495 1141)
4(1123 2111 2668 2489)
4(1124 2112 2111 1123)
4(1123 2489 2490 1124)
4(1106 2106 2667 2484)
4(1123 2111 2106 1106)
4(1106 2484 2489 1123)
4(1105 2105 2666 2483)
4(1106 2106 2105 1105)
4(1105 2483 2484 1106)
4(1088 2100 2665 2478)
4(1105 2105 2100 1088)
4(1088 2478 2483 1105)
4(1087 2099 2664 2477)
4(1088 2100 2099 1087)
4(1087 2477 2478 1088)
4(615 2042 2599 2329)
4(1087 2099 2042 615)
4(615 2329 2477 1087)
4(614 2041 2598 2328)
4(615 2042 2041 614)
4(614 2328 2329 615)
4(597 2036 2597 2323)
4(614 2041 2036 597)
4(597 2323 2328 614)
4(596 2035 2596 2322)
4(597 2036 2035 596)
4(596 2322 2323 597)
4(579 2030 2595 2317)
4(596 2035 2030 579)
4(579 2317 2322 596)
4(578 2029 2594 2316)
4(579 2030 2029 578)
4(578 2316 2317 579)
4(561 2024 2593 2311)
4(578 2029 2024 561)
4(561 2311 2316 578)
4(560 2023 2592 2310)
4(561 2024 2023 560)
4(560 2310 2311 561)
4(543 2018 2591 2305)
4(560 2023 2018 543)
4(543 2305 2310 560)
4(542 2017 2590 2304)
4(543 2018 2017 542)
4(542 2304 2305 543)
4(525 2012 2589 2299)
4(542 2017 2012 525)
4(525 2299 2304 542)
4(524 2011 2588 2298)
4(525 2012 2011 524)
4(524 2298 2299 525)
4(507 2006 2587 2293)
4(524 2011 2006 507)
4(507 2293 2298 524)
4(507 2006 2583 506)
4(506 2584 2293 507)
4(505 507 2006 2291)
4(505 2291 1482 503)
4(503 506 507 505)
4(521 524 2011 2295)
4(521 2295 2291 505)
4(505 507 524 521)
4(523 525 2012 2297)
4(523 2297 2295 521)
4(521 524 525 523)
4(539 542 2017 2301)
4(539 2301 2297 523)
4(523 525 542 539)
4(541 543 2018 2303)
4(541 2303 2301 539)
4(539 542 543 541)
4(557 560 2023 2307)
4(557 2307 2303 541)
4(541 543 560 557)
4(559 561 2024 2309)
4(559 2309 2307 557)
4(557 560 561 559)
4(575 578 2029 2313)
4(575 2313 2309 559)
4(559 561 578 575)
4(577 579 2030 2315)
4(577 2315 2313 575)
4(575 578 579 577)
4(593 596 2035 2319)
4(593 2319 2315 577)
4(577 579 596 593)
4(595 597 2036 2321)
4(595 2321 2319 593)
4(593 596 597 595)
4(611 614 2041 2325)
4(611 2325 2321 595)
4(595 597 614 611)
4(615 2042 2327 613)
4(613 2327 2325 611)
4(611 614 615 613)
4(1084 1087 2099 2474)
4(1084 2474 2327 613)
4(613 615 1087 1084)
4(1086 1088 2100 2476)
4(1086 2476 2474 1084)
4(1084 1087 1088 1086)
4(1102 1105 2105 2480)
4(1102 2480 2476 1086)
4(1086 1088 1105 1102)
4(1104 1106 2106 2482)
4(1104 2482 2480 1102)
4(1102 1105 1106 1104)
4(1120 1123 2111 2486)
4(1120 2486 2482 1104)
4(1104 1106 1123 1120)
4(1122 1124 2112 2488)
4(1122 2488 2486 1120)
4(1120 1123 1124 1122)
4(1138 1141 2117 2492)
4(1138 2492 2488 1122)
4(1122 1124 1141 1138)
4(1140 1142 2118 2494)
4(1140 2494 2492 1138)
4(1138 1141 1142 1140)
4(1156 1159 2123 2498)
4(1156 2498 2494 1140)
4(1140 1142 1159 1156)
4(1158 1160 2124 2500)
4(1158 2500 2498 1156)
4(1156 1159 1160 1158)
4(1174 1177 2129 2504)
4(1174 2504 2500 1158)
4(1158 1160 1177 1174)
4(1176 1178 2130 2506)
4(1176 2506 2504 1174)
4(1174 1177 1178 1176)
4(1186 1754 2506 1176)
4(1176 1178 1187 1186)
4(1175 2505 2506 1176)
4(1185 1753 2505 1175)
4(1175 1176 1186 1185)
4(1173 2503 2504 1174)
4(1175 2505 2503 1173)
4(1173 1174 1176 1175)
4(1157 2499 2500 1158)
4(1173 2503 2499 1157)
4(1157 1158 1174 1173)
4(1155 2497 2498 1156)
4(1157 2499 2497 1155)
4(1155 1156 1158 1157)
4(1139 2493 2494 1140)
4(1155 2497 2493 1139)
4(1139 1140 1156 1155)
4(1137 2491 2492 1138)
4(1139 2493 2491 1137)
4(1137 1138 1140 1139)
4(1121 2487 2488 1122)
4(1137 2491 2487 1121)
4(1121 1122 1138 1137)
4(1119 2485 2486 1120)
4(1121 2487 2485 1119)
4(1119 1120 1122 1121)
4(1103 2481 2482 1104)
4(1119 2485 2481 1103)
4(1103 1104 1120 1119)
4(1101 2479 2480 1102)
4(1103 2481 2479 1101)
4(1101 1102 1104 1103)
4(1085 2475 2476 1086)
4(1101 2479 2475 1085)
4(1085 1086 1102 1101)
4(1083 2473 2474 1084)
4(1085 2475 2473 1083)
4(1083 1084 1086 1085)
4(613 612 2326 2327)
4(1083 2473 2326 612)
4(612 613 1084 1083)
4(610 2324 2325 611)
4(612 2326 2324 610)
4(610 611 613 612)
4(594 2320 2321 595)
4(610 2324 2320 594)
4(594 595 611 610)
4(592 2318 2319 593)
4(594 2320 2318 592)
4(592 593 595 594)
4(576 2314 2315 577)
4(592 2318 2314 576)
4(576 577 593 592)
4(574 2312 2313 575)
4(576 2314 2312 574)
4(574 575 577 576)
4(558 2308 2309 559)
4(574 2312 2308 558)
4(558 559 575 574)
4(556 2306 2307 557)
4(558 2308 2306 556)
4(556 557 559 558)
4(540 2302 2303 541)
4(556 2306 2302 540)
4(540 541 557 556)
4(538 2300 2301 539)
4(540 2302 2300 538)
4(538 539 541 540)
4(522 2296 2297 523)
4(538 2300 2296 522)
4(522 523 539 538)
4(520 2294 2295 521)
4(522 2296 2294 520)
4(520 521 523 522)
4(504 2290 2291 505)
4(520 2294 2290 504)
4(504 505 521 520)
4(504 2290 1481 502)
4(502 503 505 504)
4(357 504 2290 2239)
4(357 2239 1423 355)
4(355 502 504 357)
4(377 520 2294 2245)
4(377 2245 2239 357)
4(357 504 520 377)
4(379 522 2296 2247)
4(379 2247 2245 377)
4(377 520 522 379)
4(399 538 2300 2253)
4(399 2253 2247 379)
4(379 522 538 399)
4(401 540 2302 2255)
4(401 2255 2253 399)
4(399 538 540 401)
4(421 556 2306 2261)
4(421 2261 2255 401)
4(401 540 556 421)
4(423 558 2308 2263)
4(423 2263 2261 421)
4(421 556 558 423)
4(443 574 2312 2269)
4(443 2269 2263 423)
4(423 558 574 443)
4(445 576 2314 2271)
4(445 2271 2269 443)
4(443 574 576 445)
4(465 592 2318 2277)
4(465 2277 2271 445)
4(445 576 592 465)
4(467 594 2320 2279)
4(467 2279 2277 465)
4(465 592 594 467)
4(487 610 2324 2285)
4(487 2285 2279 467)
4(467 594 610 487)
4(612 2326 2287 489)
4(489 2287 2285 487)
4(487 610 612 489)
4(947 1083 2473 2426)
4(947 2426 2287 489)
4(489 612 1083 947)
4(949 1085 2475 2428)
4(949 2428 2426 947)
4(947 1083 1085 949)
4(969 1101 2479 2434)
4(969 2434 2428 949)
4(949 1085 1101 969)
4(971 1103 2481 2436)
4(971 2436 2434 969)
4(969 1101 1103 971)
4(991 1119 2485 2442)
4(991 2442 2436 971)
4(971 1103 1119 991)
4(993 1121 2487 2444)
4(993 2444 2442 991)
4(991 1119 1121 993)
4(1013 1137 2491 2450)
4(1013 2450 2444 993)
4(993 1121 1137 1013)
4(1015 1139 2493 2452)
4(1015 2452 2450 1013)
4(1013 1137 1139 1015)
4(1035 1155 2497 2458)
4(1035 2458 2452 1015)
4(1015 1139 1155 1035)
4(1037 1157 2499 2460)
4(1037 2460 2458 1035)
4(1035 1155 1157 1037)
4(1057 1173 2503 2466)
4(1057 2466 2460 1037)
4(1037 1157 1173 1057)
4(1059 1175 2505 2468)
4(1059 2468 2466 1057)
4(1057 1173 1175 1059)
4(1070 1710 2468 1059)
4(1059 1175 1185 1070)
4(1058 2467 2468 1059)
4(1069 1709 2467 1058)
4(1058 1059 1070 1069)
4(1056 2465 2466 1057)
4(1058 2467 2465 1056)
4(1056 1057 1059 1058)
4(1036 2459 2460 1037)
4(1056 2465 2459 1036)
4(1036 1037 1057 1056)
4(1034 2457 2458 1035)
4(1036 2459 2457 1034)
4(1034 1035 1037 1036)
4(1014 2451 2452 1015)
4(1034 2457 2451 1014)
4(1014 1015 1035 1034)
4(1012 2449 2450 1013)
4(1014 2451 2449 1012)
4(1012 1013 1015 1014)
4(992 2443 2444 993)
4(1012 2449 2443 992)
4(992 993 1013 1012)
4(990 2441 2442 991)
4(992 2443 2441 990)
4(990 991 993 992)
4(970 2435 2436 971)
4(990 2441 2435 970)
4(970 971 991 990)
4(968 2433 2434 969)
4(970 2435 2433 968)
4(968 969 971 970)
4(948 2427 2428 949)
4(968 2433 2427 948)
4(948 949 969 968)
4(946 2425 2426 947)
4(948 2427 2425 946)
4(946 947 949 948)
4(489 488 2286 2287)
4(946 2425 2286 488)
4(488 489 947 946)
4(486 2284 2285 487)
4(488 2286 2284 486)
4(486 487 489 488)
4(466 2278 2279 467)
4(486 2284 2278 466)
4(466 467 487 486)
4(464 2276 2277 465)
4(466 2278 2276 464)
4(464 465 467 466)
4(444 2270 2271 445)
4(464 2276 2270 444)
4(444 445 465 464)
4(442 2268 2269 443)
4(444 2270 2268 442)
4(442 443 445 444)
4(422 2262 2263 423)
4(442 2268 2262 422)
4(422 423 443 442)
4(420 2260 2261 421)
4(422 2262 2260 420)
4(420 421 423 422)
4(400 2254 2255 401)
4(420 2260 2254 400)
4(400 401 421 420)
4(398 2252 2253 399)
4(400 2254 2252 398)
4(398 399 401 400)
4(378 2246 2247 379)
4(398 2252 2246 378)
4(378 379 399 398)
4(376 2244 2245 377)
4(378 2246 2244 376)
4(376 377 379 378)
4(356 2238 2239 357)
4(376 2244 2238 356)
4(356 357 377 376)
4(356 2238 1422 354)
4(354 355 357 356)
4(353 356 2238 2235)
4(353 2235 1421 351)
4(351 354 356 353)
4(373 376 2244 2241)
4(373 2241 2235 353)
4(353 356 376 373)
4(375 378 2246 2243)
4(375 2243 2241 373)
4(373 376 378 375)
4(395 398 2252 2249)
4(395 2249 2243 375)
4(375 378 398 395)
4(397 400 2254 2251)
4(397 2251 2249 395)
4(395 398 400 397)
4(417 420 2260 2257)
4(417 2257 2251 397)
4(397 400 420 417)
4(419 422 2262 2259)
4(419 2259 2257 417)
4(417 420 422 419)
4(439 442 2268 2265)
4(439 2265 2259 419)
4(419 422 442 439)
4(441 444 2270 2267)
4(441 2267 2265 439)
4(439 442 444 441)
4(461 464 2276 2273)
4(461 2273 2267 441)
4(441 444 464 461)
4(463 466 2278 2275)
4(463 2275 2273 461)
4(461 464 466 463)
4(483 486 2284 2281)
4(483 2281 2275 463)
4(463 466 486 483)
4(488 2286 2283 485)
4(485 2283 2281 483)
4(483 486 488 485)
4(943 946 2425 2422)
4(943 2422 2283 485)
4(485 488 946 943)
4(945 948 2427 2424)
4(945 2424 2422 943)
4(943 946 948 945)
4(965 968 2433 2430)
4(965 2430 2424 945)
4(945 948 968 965)
4(967 970 2435 2432)
4(967 2432 2430 965)
4(965 968 970 967)
4(987 990 2441 2438)
4(987 2438 2432 967)
4(967 970 990 987)
4(989 992 2443 2440)
4(989 2440 2438 987)
4(987 990 992 989)
4(1009 1012 2449 2446)
4(1009 2446 2440 989)
4(989 992 1012 1009)
4(1011 1014 2451 2448)
4(1011 2448 2446 1009)
4(1009 1012 1014 1011)
4(1031 1034 2457 2454)
4(1031 2454 2448 1011)
4(1011 1014 1034 1031)
4(1033 1036 2459 2456)
4(1033 2456 2454 1031)
4(1031 1034 1036 1033)
4(1053 1056 2465 2462)
4(1053 2462 2456 1033)
4(1033 1036 1056 1053)
4(1055 1058 2467 2464)
4(1055 2464 2462 1053)
4(1053 1056 1058 1055)
4(1068 1708 2464 1055)
4(1055 1058 1069 1068)
4(1054 1941 2464 1055)
4(1054 1067 2657 1941)
4(1054 1055 1068 1067)
4(1052 1940 2462 1053)
4(1052 1054 1941 1940)
4(1052 1053 1055 1054)
4(1032 1935 2456 1033)
4(1032 1052 1940 1935)
4(1032 1033 1053 1052)
4(1030 1934 2454 1031)
4(1030 1032 1935 1934)
4(1030 1031 1033 1032)
4(1010 1929 2448 1011)
4(1010 1030 1934 1929)
4(1010 1011 1031 1030)
4(1008 1928 2446 1009)
4(1008 1010 1929 1928)
4(1008 1009 1011 1010)
4(988 1923 2440 989)
4(988 1008 1928 1923)
4(988 989 1009 1008)
4(986 1922 2438 987)
4(986 988 1923 1922)
4(986 987 989 988)
4(966 1917 2432 967)
4(966 986 1922 1917)
4(966 967 987 986)
4(964 1916 2430 965)
4(964 966 1917 1916)
4(964 965 967 966)
4(944 1911 2424 945)
4(944 964 1916 1911)
4(944 945 965 964)
4(942 1910 2422 943)
4(942 944 1911 1910)
4(942 943 945 944)
4(485 484 1853 2283)
4(484 942 1910 1853)
4(484 485 943 942)
4(482 1852 2281 483)
4(482 484 1853 1852)
4(482 483 485 484)
4(462 1847 2275 463)
4(462 482 1852 1847)
4(462 463 483 482)
4(460 1846 2273 461)
4(460 462 1847 1846)
4(460 461 463 462)
4(440 1841 2267 441)
4(440 460 1846 1841)
4(440 441 461 460)
4(438 1840 2265 439)
4(438 440 1841 1840)
4(438 439 441 440)
4(418 1835 2259 419)
4(418 438 1840 1835)
4(418 419 439 438)
4(416 1834 2257 417)
4(416 418 1835 1834)
4(416 417 419 418)
4(396 1829 2251 397)
4(396 416 1834 1829)
4(396 397 417 416)
4(394 1828 2249 395)
4(394 396 1829 1828)
4(394 395 397 396)
4(374 1823 2243 375)
4(374 394 1828 1823)
4(374 375 395 394)
4(372 1822 2241 373)
4(372 374 1823 1822)
4(372 373 375 374)
4(352 1817 2235 353)
4(352 372 1822 1817)
4(352 353 373 372)
4(350 352 1817 2559)
4(350 351 353 352)
4(352 1817 2564 2234)
4(352 2234 2560 350)
4(372 1822 2567 2240)
4(372 2240 2234 352)
4(374 1823 2568 2242)
4(374 2242 2240 372)
4(394 1828 2569 2248)
4(394 2248 2242 374)
4(396 1829 2570 2250)
4(396 2250 2248 394)
4(416 1834 2571 2256)
4(416 2256 2250 396)
4(418 1835 2572 2258)
4(418 2258 2256 416)
4(438 1840 2573 2264)
4(438 2264 2258 418)
4(440 1841 2574 2266)
4(440 2266 2264 438)
4(460 1846 2575 2272)
4(460 2272 2266 440)
4(462 1847 2576 2274)
4(462 2274 2272 460)
4(482 1852 2577 2280)
4(482 2280 2274 462)
4(484 1853 2578 2282)
4(484 2282 2280 482)
4(942 1910 2643 2421)
4(942 2421 2282 484)
4(944 1911 2644 2423)
4(944 2423 2421 942)
4(964 1916 2645 2429)
4(964 2429 2423 944)
4(966 1917 2646 2431)
4(966 2431 2429 964)
4(986 1922 2647 2437)
4(986 2437 2431 966)
4(988 1923 2648 2439)
4(988 2439 2437 986)
4(1008 1928 2649 2445)
4(1008 2445 2439 988)
4(1010 1929 2650 2447)
4(1010 2447 2445 1008)
4(1030 1934 2651 2453)
4(1030 2453 2447 1010)
4(1032 1935 2652 2455)
4(1032 2455 2453 1030)
4(1052 1940 2653 2461)
4(1052 2461 2455 1032)
4(1054 1941 2654 2463)
4(1054 2463 2461 1052)
4(1067 2658 2463 1054)
4(1044 1939 2463 1054)
4(1062 1702 1939 1044)
4(1044 1054 1067 1062)
4(1040 1937 2461 1052)
4(1044 1939 1937 1040)
4(1040 1052 1054 1044)
4(1022 1933 2455 1032)
4(1040 1937 1933 1022)
4(1022 1032 1052 1040)
4(1018 1931 2453 1030)
4(1022 1933 1931 1018)
4(1018 1030 1032 1022)
4(1000 1927 2447 1010)
4(1018 1931 1927 1000)
4(1000 1010 1030 1018)
4(996 1925 2445 1008)
4(1000 1927 1925 996)
4(996 1008 1010 1000)
4(978 1921 2439 988)
4(996 1925 1921 978)
4(978 988 1008 996)
4(974 1919 2437 986)
4(978 1921 1919 974)
4(974 986 988 978)
4(956 1915 2431 966)
4(974 1919 1915 956)
4(956 966 986 974)
4(952 1913 2429 964)
4(956 1915 1913 952)
4(952 964 966 956)
4(934 1909 2423 944)
4(952 1913 1909 934)
4(934 944 964 952)
4(930 1907 2421 942)
4(934 1909 1907 930)
4(930 942 944 934)
4(484 474 1851 2282)
4(930 1907 1851 474)
4(474 484 942 930)
4(470 1849 2280 482)
4(474 1851 1849 470)
4(470 482 484 474)
4(452 1845 2274 462)
4(470 1849 1845 452)
4(452 462 482 470)
4(448 1843 2272 460)
4(452 1845 1843 448)
4(448 460 462 452)
4(430 1839 2266 440)
4(448 1843 1839 430)
4(430 440 460 448)
4(426 1837 2264 438)
4(430 1839 1837 426)
4(426 438 440 430)
4(408 1833 2258 418)
4(426 1837 1833 408)
4(408 418 438 426)
4(404 1831 2256 416)
4(408 1833 1831 404)
4(404 416 418 408)
4(386 1827 2250 396)
4(404 1831 1827 386)
4(386 396 416 404)
4(382 1825 2248 394)
4(386 1827 1825 382)
4(382 394 396 386)
4(364 1821 2242 374)
4(382 1825 1821 364)
4(364 374 394 382)
4(360 1819 2240 372)
4(364 1821 1819 360)
4(360 372 374 364)
4(342 1815 2234 352)
4(360 1819 1815 342)
4(342 352 372 360)
4(342 1815 1411 338)
4(338 350 352 342)
4(340 342 1815 1814)
4(340 1814 1409 336)
4(336 338 342 340)
4(358 360 1819 1818)
4(358 1818 1814 340)
4(340 342 360 358)
4(362 364 1821 1820)
4(362 1820 1818 358)
4(358 360 364 362)
4(380 382 1825 1824)
4(380 1824 1820 362)
4(362 364 382 380)
4(384 386 1827 1826)
4(384 1826 1824 380)
4(380 382 386 384)
4(402 404 1831 1830)
4(402 1830 1826 384)
4(384 386 404 402)
4(406 408 1833 1832)
4(406 1832 1830 402)
4(402 404 408 406)
4(424 426 1837 1836)
4(424 1836 1832 406)
4(406 408 426 424)
4(428 430 1839 1838)
4(428 1838 1836 424)
4(424 426 430 428)
4(446 448 1843 1842)
4(446 1842 1838 428)
4(428 430 448 446)
4(450 452 1845 1844)
4(450 1844 1842 446)
4(446 448 452 450)
4(468 470 1849 1848)
4(468 1848 1844 450)
4(450 452 470 468)
4(474 1851 1850 472)
4(472 1850 1848 468)
4(468 470 474 472)
4(928 930 1907 1906)
4(928 1906 1850 472)
4(472 474 930 928)
4(932 934 1909 1908)
4(932 1908 1906 928)
4(928 930 934 932)
4(950 952 1913 1912)
4(950 1912 1908 932)
4(932 934 952 950)
4(954 956 1915 1914)
4(954 1914 1912 950)
4(950 952 956 954)
4(972 974 1919 1918)
4(972 1918 1914 954)
4(954 956 974 972)
4(976 978 1921 1920)
4(976 1920 1918 972)
4(972 974 978 976)
4(994 996 1925 1924)
4(994 1924 1920 976)
4(976 978 996 994)
4(998 1000 1927 1926)
4(998 1926 1924 994)
4(994 996 1000 998)
4(1016 1018 1931 1930)
4(1016 1930 1926 998)
4(998 1000 1018 1016)
4(1020 1022 1933 1932)
4(1020 1932 1930 1016)
4(1016 1018 1022 1020)
4(1038 1040 1937 1936)
4(1038 1936 1932 1020)
4(1020 1022 1040 1038)
4(1042 1044 1939 1938)
4(1042 1938 1936 1038)
4(1038 1040 1044 1042)
4(1060 1700 1938 1042)
4(1042 1044 1062 1060)
4(768 1901 1938 1042)
4(782 1590 1901 768)
4(768 1042 1060 782)
4(764 1899 1936 1038)
4(768 1901 1899 764)
4(764 1038 1042 768)
4(742 1893 1932 1020)
4(764 1899 1893 742)
4(742 1020 1038 764)
4(738 1891 1930 1016)
4(742 1893 1891 738)
4(738 1016 1020 742)
4(716 1885 1926 998)
4(738 1891 1885 716)
4(716 998 1016 738)
4(712 1883 1924 994)
4(716 1885 1883 712)
4(712 994 998 716)
4(690 1877 1920 976)
4(712 1883 1877 690)
4(690 976 994 712)
4(686 1875 1918 972)
4(690 1877 1875 686)
4(686 972 976 690)
4(664 1869 1914 954)
4(686 1875 1869 664)
4(664 954 972 686)
4(660 1867 1912 950)
4(660 664 1869 1867)
4(660 950 954 664)
4(638 1861 1908 932)
4(638 660 1867 1861)
4(638 932 950 660)
4(634 1859 1906 928)
4(634 638 1861 1859)
4(634 928 932 638)
4(472 178 1811 1850)
4(178 634 1859 1811)
4(178 472 928 634)
4(174 1809 1848 468)
4(178 1811 1809 174)
4(174 468 472 178)
4(152 1803 1844 450)
4(174 1809 1803 152)
4(152 450 468 174)
4(148 1801 1842 446)
4(152 1803 1801 148)
4(148 446 450 152)
4(126 1795 1838 428)
4(148 1801 1795 126)
4(126 428 446 148)
4(122 1793 1836 424)
4(126 1795 1793 122)
4(122 424 428 126)
4(100 1787 1832 406)
4(122 1793 1787 100)
4(100 406 424 122)
4(96 1785 1830 402)
4(100 1787 1785 96)
4(96 402 406 100)
4(74 1779 1826 384)
4(96 1785 1779 74)
4(74 384 402 96)
4(70 1777 1824 380)
4(74 1779 1777 70)
4(70 380 384 74)
4(48 1771 1820 362)
4(70 1777 1771 48)
4(48 362 380 70)
4(44 1769 1818 358)
4(48 1771 1769 44)
4(44 358 362 48)
4(22 1763 1814 340)
4(44 1769 1763 22)
4(22 340 358 44)
4(22 1763 1280 18)
4(18 336 340 22)
4(20 22 1763 1762)
4(20 1762 1278 16)
4(16 18 22 20)
4(42 44 1769 1768)
4(42 1768 1762 20)
4(20 22 44 42)
4(46 48 1771 1770)
4(46 1770 1768 42)
4(42 44 48 46)
4(68 70 1777 1776)
4(68 1776 1770 46)
4(46 48 70 68)
4(72 74 1779 1778)
4(72 1778 1776 68)
4(68 70 74 72)
4(94 96 1785 1784)
4(94 1784 1778 72)
4(72 74 96 94)
4(98 100 1787 1786)
4(98 1786 1784 94)
4(94 96 100 98)
4(120 122 1793 1792)
4(120 1792 1786 98)
4(98 100 122 120)
4(124 126 1795 1794)
4(124 1794 1792 120)
4(120 122 126 124)
4(146 148 1801 1800)
4(146 1800 1794 124)
4(124 126 148 146)
4(150 152 1803 1802)
4(150 1802 1800 146)
4(146 148 152 150)
4(172 174 1809 1808)
4(172 1808 1802 150)
4(150 152 174 172)
4(176 178 1811 1810)
4(176 1810 1808 172)
4(172 174 178 176)
4(632 634 1859 1858)
4(632 1858 1810 176)
4(176 178 634 632)
4(636 638 1861 1860)
4(636 1860 1858 632)
4(632 634 638 636)
4(658 660 1867 1866)
4(658 1866 1860 636)
4(636 638 660 658)
4(664 1869 1868 662)
4(662 1868 1866 658)
4(658 660 664 662)
4(684 686 1875 1874)
4(684 1874 1868 662)
4(662 664 686 684)
4(688 690 1877 1876)
4(688 1876 1874 684)
4(684 686 690 688)
4(710 712 1883 1882)
4(710 1882 1876 688)
4(688 690 712 710)
4(714 716 1885 1884)
4(714 1884 1882 710)
4(710 712 716 714)
4(736 738 1891 1890)
4(736 1890 1884 714)
4(714 716 738 736)
4(740 742 1893 1892)
4(740 1892 1890 736)
4(736 738 742 740)
4(762 764 1899 1898)
4(762 1898 1892 740)
4(740 742 764 762)
4(766 768 1901 1900)
4(766 1900 1898 762)
4(762 764 768 766)
4(780 1588 1900 766)
4(766 768 782 780)
4(752 1897 1900 766)
4(774 1582 1897 752)
4(752 766 780 774)
4(748 1895 1898 762)
4(752 1897 1895 748)
4(748 762 766 752)
4(726 1889 1892 740)
4(748 1895 1889 726)
4(726 740 762 748)
4(722 1887 1890 736)
4(726 1889 1887 722)
4(722 736 740 726)
4(700 1881 1884 714)
4(722 1887 1881 700)
4(700 714 736 722)
4(696 1879 1882 710)
4(700 1881 1879 696)
4(696 710 714 700)
4(674 1873 1876 688)
4(696 1879 1873 674)
4(674 688 710 696)
4(670 1871 1874 684)
4(670 674 1873 1871)
4(670 684 688 674)
4(662 648 1865 1868)
4(648 670 1871 1865)
4(648 662 684 670)
4(644 1863 1866 658)
4(648 1865 1863 644)
4(644 658 662 648)
4(622 1857 1860 636)
4(644 1863 1857 622)
4(622 636 658 644)
4(618 1855 1858 632)
4(622 1857 1855 618)
4(618 632 636 622)
4(162 1807 1810 176)
4(618 1855 1807 162)
4(162 176 632 618)
4(158 1805 1808 172)
4(162 1807 1805 158)
4(158 172 176 162)
4(136 1799 1802 150)
4(158 1805 1799 136)
4(136 150 172 158)
4(132 1797 1800 146)
4(136 1799 1797 132)
4(132 146 150 136)
4(110 1791 1794 124)
4(132 1797 1791 110)
4(110 124 146 132)
4(106 1789 1792 120)
4(110 1791 1789 106)
4(106 120 124 110)
4(84 1783 1786 98)
4(106 1789 1783 84)
4(84 98 120 106)
4(80 1781 1784 94)
4(84 1783 1781 80)
4(80 94 98 84)
4(58 1775 1778 72)
4(80 1781 1775 58)
4(58 72 94 80)
4(54 1773 1776 68)
4(58 1775 1773 54)
4(54 68 72 58)
4(32 1767 1770 46)
4(54 1773 1767 32)
4(32 46 68 54)
4(28 1765 1768 42)
4(32 1767 1765 28)
4(28 42 46 32)
4(6 1759 1762 20)
4(28 1765 1759 6)
4(6 20 42 28)
4(6 1759 1270 2)
4(2 16 20 6)
4(4 6 1759 2136)
4(26 28 1765 2142)
4(4 6 28 26)
4(30 32 1767 2144)
4(26 28 32 30)
4(52 54 1773 2150)
4(30 32 54 52)
4(56 58 1775 2152)
4(52 54 58 56)
4(78 80 1781 2158)
4(56 58 80 78)
4(82 84 1783 2160)
4(78 80 84 82)
4(104 106 1789 2166)
4(82 84 106 104)
4(108 110 1791 2168)
4(104 106 110 108)
4(130 132 1797 2174)
4(108 110 132 130)
4(134 136 1799 2176)
4(130 132 136 134)
4(156 158 1805 2182)
4(134 136 158 156)
4(160 162 1807 2184)
4(156 158 162 160)
4(616 618 1855 2330)
4(160 162 618 616)
4(620 622 1857 2332)
4(616 618 622 620)
4(642 644 1863 2338)
4(620 622 644 642)
4(646 648 1865 2340)
4(642 644 648 646)
4(668 670 1871 2346)
4(646 648 670 668)
4(674 1873 2348 672)
4(668 670 674 672)
4(694 696 1879 2354)
4(672 674 696 694)
4(698 700 1881 2356)
4(694 696 700 698)
4(720 722 1887 2362)
4(698 700 722 720)
4(724 726 1889 2364)
4(720 722 726 724)
4(746 748 1895 2370)
4(724 726 748 746)
4(750 752 1897 2372)
4(746 748 752 750)
4(750 752 774 772)
4(772 773 775 774)
4(751 753 775 773)
4(752 774 775 753)
4(750 752 753 751)
4(775 774 1903 1583)
4(773 775 1583 2379)
4(781 780 1904 1589)
4(775 781 1589 1583)
4(774 780 781 775)
4(783 782 1905 1591)
4(783 1591 1589 781)
4(780 782 783 781)
4(1061 1060 1942 1701)
4(1061 1701 1591 783)
4(782 1060 1061 783)
4(1063 1062 1943 1703)
4(1061 1063 1703 1701)
4(1060 1062 1063 1061)
4(1063 1068 2470 1703)
4(1062 1067 1068 1063)
4(1065 1069 2471 1705)
4(1063 1068 1069 1065)
4(1065 1705 1703 1063)
4(1066 1070 2472 1706)
4(1065 1069 1070 1066)
4(1066 1706 1705 1065)
4(1181 1185 2509 1749)
4(1066 1070 1185 1181)
4(1181 1749 1706 1066)
4(1182 1186 2510 1750)
4(1182 1750 1749 1181)
4(1181 1185 1186 1182)
4(1184 2132 1750 1182)
4(1182 1186 1187 1184)
4(1180 1748 1750 1182)
4(1183 2131 1748 1180)
4(1180 1182 1184 1183)
4(1179 1747 1749 1181)
4(1180 1748 1747 1179)
4(1179 1181 1182 1180)
4(1167 1746 1749 1181)
4(1179 1747 1746 1167)
3(1167 1181 1179)
4(1167 1746 1699 1051)
4(1051 1699 1749 1181)
3(1181 1167 1051)
4(1048 1696 1699 1051)
4(1163 1743 1696 1048)
4(1167 1746 1743 1163)
4(1048 1051 1167 1163)
4(1047 1695 1698 1050)
4(1048 1696 1695 1047)
4(1051 1050 1698 1699)
4(1047 1050 1051 1048)
4(1049 1046 1694 1697)
4(1047 1695 1694 1046)
4(1046 1049 1050 1047)
4(1050 1049 1697 1698)
4(1039 1692 1693 1043)
4(1046 1694 1692 1039)
4(1039 1043 1049 1046)
4(1049 1043 1693 1697)
4(765 1575 1577 769)
4(1039 1692 1575 765)
4(1043 769 1577 1693)
4(765 769 1043 1039)
4(767 763 1574 1576)
4(765 1575 1574 763)
4(769 767 1576 1577)
4(763 767 769 765)
4(763 1574 1578 770)
4(767 771 1579 1576)
4(770 1578 1579 771)
4(763 770 771 767)
4(741 1566 1569 745)
4(763 1574 1566 741)
4(745 1569 1578 770)
4(741 745 770 763)
4(737 1564 1568 744)
4(741 1566 1564 737)
4(744 1568 1569 745)
4(737 744 745 741)
4(715 1556 1559 719)
4(737 1564 1556 715)
4(719 1559 1568 744)
4(715 719 744 737)
4(711 1554 1558 718)
4(715 1556 1554 711)
4(718 1558 1559 719)
4(711 718 719 715)
4(689 1546 1549 693)
4(711 1554 1546 689)
4(693 1549 1558 718)
4(689 693 718 711)
4(685 1544 1548 692)
4(689 1546 1544 685)
4(692 1548 1549 693)
4(685 692 693 689)
4(667 663 1536 1539)
4(685 1544 1536 663)
4(667 1539 1548 692)
4(663 667 692 685)
4(659 1534 1538 666)
4(663 1536 1534 659)
4(666 1538 1539 667)
4(659 666 667 663)
4(637 1526 1529 641)
4(659 1534 1526 637)
4(641 1529 1538 666)
4(637 641 666 659)
4(633 1524 1528 640)
4(637 1526 1524 633)
4(640 1528 1529 641)
4(633 640 641 637)
4(177 1342 1345 181)
4(633 1524 1342 177)
4(181 1345 1528 640)
4(177 181 640 633)
4(173 1340 1344 180)
4(177 1342 1340 173)
4(180 1344 1345 181)
4(173 180 181 177)
4(151 1332 1335 155)
4(173 1340 1332 151)
4(155 1335 1344 180)
4(151 155 180 173)
4(147 1330 1334 154)
4(151 1332 1330 147)
4(154 1334 1335 155)
4(147 154 155 151)
4(125 1322 1325 129)
4(147 1330 1322 125)
4(129 1325 1334 154)
4(125 129 154 147)
4(121 1320 1324 128)
4(125 1322 1320 121)
4(128 1324 1325 129)
4(121 128 129 125)
4(99 1312 1315 103)
4(121 1320 1312 99)
4(103 1315 1324 128)
4(99 103 128 121)
4(95 1310 1314 102)
4(99 1312 1310 95)
4(102 1314 1315 103)
4(95 102 103 99)
4(73 1302 1305 77)
4(95 1310 1302 73)
4(77 1305 1314 102)
4(73 77 102 95)
4(69 1300 1304 76)
4(73 1302 1300 69)
4(76 1304 1305 77)
4(69 76 77 73)
4(47 1292 1295 51)
4(69 1300 1292 47)
4(51 1295 1304 76)
4(47 51 76 69)
4(43 1290 1294 50)
4(47 1292 1290 43)
4(50 1294 1295 51)
4(43 50 51 47)
4(21 1282 1285 25)
4(43 1290 1282 21)
4(25 1285 1294 50)
4(21 25 50 43)
4(17 21 1282 1279)
3(17 25 21)
4(19 21 1282 1281)
3(21 19 17)
4(21 1282 1283 23)
4(19 23 1283 1281)
3(21 23 19)
4(45 43 1290 1291)
4(23 45 1291 1283)
4(21 43 45 23)
4(49 47 1292 1293)
4(45 49 1293 1291)
4(43 47 49 45)
4(71 69 1300 1301)
4(49 71 1301 1293)
4(47 69 71 49)
4(75 73 1302 1303)
4(71 75 1303 1301)
4(69 73 75 71)
4(97 95 1310 1311)
4(75 97 1311 1303)
4(73 95 97 75)
4(101 99 1312 1313)
4(97 101 1313 1311)
4(95 99 101 97)
4(123 121 1320 1321)
4(101 123 1321 1313)
4(99 121 123 101)
4(127 125 1322 1323)
4(123 127 1323 1321)
4(121 125 127 123)
4(149 147 1330 1331)
4(127 149 1331 1323)
4(125 147 149 127)
4(153 151 1332 1333)
4(149 153 1333 1331)
4(147 151 153 149)
4(175 173 1340 1341)
4(153 175 1341 1333)
4(151 173 175 153)
4(179 177 1342 1343)
4(175 179 1343 1341)
4(173 177 179 175)
4(635 633 1524 1525)
4(635 1525 1343 179)
4(177 633 635 179)
4(639 637 1526 1527)
4(639 1527 1525 635)
4(633 637 639 635)
4(661 659 1534 1535)
4(661 1535 1527 639)
4(637 659 661 639)
4(663 1536 1537 665)
4(665 1537 1535 661)
4(659 663 665 661)
4(687 685 1544 1545)
4(665 687 1545 1537)
4(663 685 687 665)
4(691 689 1546 1547)
4(687 691 1547 1545)
4(685 689 691 687)
4(713 711 1554 1555)
4(691 713 1555 1547)
4(689 711 713 691)
4(717 715 1556 1557)
4(713 717 1557 1555)
4(711 715 717 713)
4(739 737 1564 1565)
4(717 739 1565 1557)
4(715 737 739 717)
4(743 741 1566 1567)
4(739 743 1567 1565)
4(737 741 743 739)
4(743 765 1575 1567)
4(741 763 765 743)
4(1021 1039 1692 1685)
4(1021 1685 1567 743)
4(743 765 1039 1021)
4(1046 1694 1689 1027)
4(1027 1689 1685 1021)
4(1021 1039 1046 1027)
4(1028 1047 1695 1690)
4(1028 1690 1689 1027)
4(1027 1046 1047 1028)
4(1029 1048 1696 1691)
4(1029 1691 1690 1028)
4(1028 1047 1048 1029)
4(1163 1743 1740 1149)
4(1149 1740 1691 1029)
4(1029 1048 1163 1149)
4(1147 1738 1740 1149)
4(1147 1161 1741 1738)
4(1161 1163 1743 1741)
4(1147 1149 1163 1161)
4(1143 1735 1737 1145)
4(1149 1145 1737 1740)
4(1143 1147 1738 1735)
4(1143 1145 1149 1147)
4(1129 1732 1734 1131)
4(1145 1131 1734 1737)
4(1129 1143 1735 1732)
4(1129 1131 1145 1143)
4(1125 1729 1731 1127)
4(1131 1127 1731 1734)
4(1125 1129 1732 1729)
4(1125 1127 1131 1129)
4(1111 1726 1728 1113)
4(1127 1113 1728 1731)
4(1111 1125 1729 1726)
4(1111 1113 1127 1125)
4(1107 1723 1725 1109)
4(1113 1109 1725 1728)
4(1107 1111 1726 1723)
4(1107 1109 1113 1111)
4(1093 1720 1722 1095)
4(1109 1095 1722 1725)
4(1093 1107 1723 1720)
4(1093 1095 1109 1107)
4(1089 1717 1719 1091)
4(1095 1091 1719 1722)
4(1089 1093 1720 1717)
4(1089 1091 1095 1093)
4(1075 1714 1716 1077)
4(1091 1077 1716 1719)
4(1075 1089 1717 1714)
4(1075 1077 1091 1089)
4(1071 1711 1713 1073)
4(1077 1073 1713 1716)
4(1071 1075 1714 1711)
4(1071 1073 1077 1075)
4(604 602 1517 1519)
4(1073 604 1519 1713)
4(602 1071 1711 1517)
4(602 604 1073 1071)
4(598 1514 1516 600)
4(604 600 1516 1519)
4(598 602 1517 1514)
4(598 600 604 602)
4(584 1511 1513 586)
4(600 586 1513 1516)
4(584 598 1514 1511)
4(584 586 600 598)
4(580 1508 1510 582)
4(586 582 1510 1513)
4(580 584 1511 1508)
4(580 582 586 584)
4(566 1505 1507 568)
4(582 568 1507 1510)
4(566 580 1508 1505)
4(566 568 582 580)
4(562 1502 1504 564)
4(568 564 1504 1507)
4(562 566 1505 1502)
4(562 564 568 566)
4(548 1499 1501 550)
4(564 550 1501 1504)
4(548 562 1502 1499)
4(548 550 564 562)
4(544 1496 1498 546)
4(550 546 1498 1501)
4(544 548 1499 1496)
4(544 546 550 548)
4(530 1493 1495 532)
4(546 532 1495 1498)
4(530 544 1496 1493)
4(530 532 546 544)
4(526 1490 1492 528)
4(532 528 1492 1495)
4(526 530 1493 1490)
4(526 528 532 530)
4(512 1487 1489 514)
4(528 514 1489 1492)
4(512 526 1490 1487)
4(512 514 528 526)
4(514 510 1486 1489)
4(508 512 1487 1484)
4(508 510 514 512)
4(368 1428 1431 371)
4(514 371 1431 1489)
4(368 371 514 510)
4(510 1486 1428 368)
4(367 1427 1430 370)
4(371 370 1430 1431)
4(368 1428 1427 367)
4(367 370 371 368)
4(369 366 1426 1429)
4(370 369 1429 1430)
4(367 1427 1426 366)
4(366 369 370 367)
4(359 1424 1425 363)
4(369 363 1425 1429)
4(366 1426 1424 359)
4(359 363 369 366)
4(363 49 1293 1425)
4(359 1424 1291 45)
4(45 49 363 359)
4(381 71 1301 1432)
4(363 381 1432 1425)
4(49 71 381 363)
4(385 75 1303 1433)
4(381 385 1433 1432)
4(71 75 385 381)
4(403 97 1311 1440)
4(385 403 1440 1433)
4(75 97 403 385)
4(407 101 1313 1441)
4(403 407 1441 1440)
4(97 101 407 403)
4(425 123 1321 1448)
4(407 425 1448 1441)
4(101 123 425 407)
4(429 127 1323 1449)
4(425 429 1449 1448)
4(123 127 429 425)
4(447 149 1331 1456)
4(429 447 1456 1449)
4(127 149 447 429)
4(451 153 1333 1457)
4(447 451 1457 1456)
4(149 153 451 447)
4(469 175 1341 1464)
4(451 469 1464 1457)
4(153 175 469 451)
4(179 1343 1465 473)
4(469 473 1465 1464)
4(175 179 473 469)
4(929 635 1525 1652)
4(473 929 1652 1465)
4(179 635 929 473)
4(933 639 1527 1653)
4(929 933 1653 1652)
4(635 639 933 929)
4(951 661 1535 1660)
4(933 951 1660 1653)
4(639 661 951 933)
4(955 665 1537 1661)
4(951 955 1661 1660)
4(661 665 955 951)
4(973 687 1545 1668)
4(955 973 1668 1661)
4(665 687 973 955)
4(977 691 1547 1669)
4(973 977 1669 1668)
4(687 691 977 973)
4(995 713 1555 1676)
4(977 995 1676 1669)
4(691 713 995 977)
4(999 717 1557 1677)
4(995 999 1677 1676)
4(713 717 999 995)
4(1017 739 1565 1684)
4(999 1017 1684 1677)
4(717 739 1017 999)
4(1017 1021 1685 1684)
4(739 743 1021 1017)
4(1027 1689 1686 1024)
4(1024 1686 1684 1017)
4(1017 1021 1027 1024)
4(1025 1028 1690 1687)
4(1025 1687 1686 1024)
4(1024 1027 1028 1025)
4(1026 1029 1691 1688)
4(1026 1688 1687 1025)
4(1025 1028 1029 1026)
4(1145 1737 1688 1026)
4(1026 1029 1149 1145)
4(1007 1683 1688 1026)
4(1131 1734 1683 1007)
4(1007 1026 1145 1131)
4(1006 1682 1687 1025)
4(1007 1683 1682 1006)
4(1006 1025 1026 1007)
4(1024 1005 1681 1686)
4(1006 1682 1681 1005)
4(1005 1024 1025 1006)
4(1005 1681 1677 999)
4(999 1017 1024 1005)
4(1005 1681 1678 1002)
4(1002 1678 1676 995)
4(995 999 1005 1002)
4(1003 1006 1682 1679)
4(1003 1679 1678 1002)
4(1002 1005 1006 1003)
4(1004 1007 1683 1680)
4(1004 1680 1679 1003)
4(1003 1006 1007 1004)
4(1127 1731 1680 1004)
4(1004 1007 1131 1127)
4(985 1675 1680 1004)
4(1113 1728 1675 985)
4(985 1004 1127 1113)
4(984 1674 1679 1003)
4(985 1675 1674 984)
4(984 1003 1004 985)
4(1002 983 1673 1678)
4(984 1674 1673 983)
4(983 1002 1003 984)
4(983 1673 1669 977)
4(977 995 1002 983)
4(983 1673 1670 980)
4(980 1670 1668 973)
4(973 977 983 980)
4(981 984 1674 1671)
4(981 1671 1670 980)
4(980 983 984 981)
4(982 985 1675 1672)
4(982 1672 1671 981)
4(981 984 985 982)
4(1109 1725 1672 982)
4(982 985 1113 1109)
4(963 1667 1672 982)
4(1095 1722 1667 963)
4(963 982 1109 1095)
4(962 1666 1671 981)
4(963 1667 1666 962)
4(962 981 982 963)
4(980 961 1665 1670)
4(962 1666 1665 961)
4(961 980 981 962)
4(961 1665 1661 955)
4(955 973 980 961)
4(961 1665 1662 958)
4(958 1662 1660 951)
4(951 955 961 958)
4(959 962 1666 1663)
4(959 1663 1662 958)
4(958 961 962 959)
4(960 963 1667 1664)
4(960 1664 1663 959)
4(959 962 963 960)
4(1091 1719 1664 960)
4(960 963 1095 1091)
4(941 1659 1664 960)
4(1077 1716 1659 941)
4(941 960 1091 1077)
4(940 1658 1663 959)
4(941 1659 1658 940)
4(940 959 960 941)
4(958 939 1657 1662)
4(940 1658 1657 939)
4(939 958 959 940)
4(939 1657 1653 933)
4(933 951 958 939)
4(939 1657 1654 936)
4(936 1654 1652 929)
4(929 933 939 936)
4(937 940 1658 1655)
4(937 1655 1654 936)
4(936 939 940 937)
4(938 941 1659 1656)
4(938 1656 1655 937)
4(937 940 941 938)
4(1073 1713 1656 938)
4(938 941 1077 1073)
4(481 1471 1656 938)
4(481 604 1519 1471)
4(481 938 1073 604)
4(480 1470 1655 937)
4(480 481 1471 1470)
4(480 937 938 481)
4(936 479 1469 1654)
4(479 480 1470 1469)
4(479 936 937 480)
4(473 479 1469 1465)
4(473 929 936 479)
4(479 1469 1466 476)
4(476 1466 1464 469)
4(469 473 479 476)
4(477 480 1470 1467)
4(477 1467 1466 476)
4(476 479 480 477)
4(478 481 1471 1468)
4(478 1468 1467 477)
4(477 480 481 478)
4(600 1516 1468 478)
4(478 481 604 600)
4(459 1463 1468 478)
4(586 1513 1463 459)
4(459 478 600 586)
4(458 1462 1467 477)
4(459 1463 1462 458)
4(458 477 478 459)
4(476 457 1461 1466)
4(458 1462 1461 457)
4(457 476 477 458)
4(457 1461 1457 451)
4(451 469 476 457)
4(457 1461 1458 454)
4(454 1458 1456 447)
4(447 451 457 454)
4(455 458 1462 1459)
4(455 1459 1458 454)
4(454 457 458 455)
4(456 459 1463 1460)
4(456 1460 1459 455)
4(455 458 459 456)
4(582 1510 1460 456)
4(456 459 586 582)
4(437 1455 1460 456)
4(568 1507 1455 437)
4(437 456 582 568)
4(436 1454 1459 455)
4(437 1455 1454 436)
4(436 455 456 437)
4(454 435 1453 1458)
4(436 1454 1453 435)
4(435 454 455 436)
4(435 1453 1449 429)
4(429 447 454 435)
4(435 1453 1450 432)
4(432 1450 1448 425)
4(425 429 435 432)
4(433 436 1454 1451)
4(433 1451 1450 432)
4(432 435 436 433)
4(434 437 1455 1452)
4(434 1452 1451 433)
4(433 436 437 434)
4(564 1504 1452 434)
4(434 437 568 564)
4(415 1447 1452 434)
4(550 1501 1447 415)
4(415 434 564 550)
4(414 1446 1451 433)
4(415 1447 1446 414)
4(414 433 434 415)
4(432 413 1445 1450)
4(414 1446 1445 413)
4(413 432 433 414)
4(413 1445 1441 407)
4(407 425 432 413)
4(413 1445 1442 410)
4(410 1442 1440 403)
4(403 407 413 410)
4(411 414 1446 1443)
4(411 1443 1442 410)
4(410 413 414 411)
4(412 415 1447 1444)
4(412 1444 1443 411)
4(411 414 415 412)
4(546 1498 1444 412)
4(412 415 550 546)
4(393 1439 1444 412)
4(532 1495 1439 393)
4(393 412 546 532)
4(392 1438 1443 411)
4(393 1439 1438 392)
4(392 411 412 393)
4(410 391 1437 1442)
4(392 1438 1437 391)
4(391 410 411 392)
4(391 1437 1433 385)
4(385 403 410 391)
4(391 1437 1434 388)
4(388 1434 1432 381)
4(381 385 391 388)
4(389 392 1438 1435)
4(389 1435 1434 388)
4(388 391 392 389)
4(390 393 1439 1436)
4(390 1436 1435 389)
4(389 392 393 390)
4(528 1492 1436 390)
4(390 393 532 528)
4(371 1431 1436 390)
4(371 390 528 514)
4(370 1430 1435 389)
4(370 389 390 371)
4(388 369 1429 1434)
4(369 388 389 370)
4(363 381 388 369)
4(381 388 389 383)
4(365 383 389 370)
4(363 381 383 365)
4(363 365 370 369)
4(385 391 392 387)
4(381 385 387 383)
4(383 387 392 389)
4(403 410 411 405)
4(387 405 411 392)
4(385 403 405 387)
4(407 413 414 409)
4(403 407 409 405)
4(405 409 414 411)
4(425 432 433 427)
4(409 427 433 414)
4(407 425 427 409)
4(429 435 436 431)
4(425 429 431 427)
4(427 431 436 433)
4(447 454 455 449)
4(431 449 455 436)
4(429 447 449 431)
4(451 457 458 453)
4(447 451 453 449)
4(449 453 458 455)
4(469 476 477 471)
4(453 471 477 458)
4(451 469 471 453)
4(473 479 480 475)
4(469 473 475 471)
4(471 475 480 477)
4(929 936 937 931)
4(475 931 937 480)
4(473 929 931 475)
4(933 939 940 935)
4(929 933 935 931)
4(931 935 940 937)
4(951 958 959 953)
4(935 953 959 940)
4(933 951 953 935)
4(955 961 962 957)
4(951 955 957 953)
4(953 957 962 959)
4(973 980 981 975)
4(957 975 981 962)
4(955 973 975 957)
4(977 983 984 979)
4(975 979 984 981)
4(973 977 979 975)
4(995 1002 1003 997)
4(979 997 1003 984)
4(977 995 997 979)
4(999 1005 1006 1001)
4(997 1001 1006 1003)
4(995 999 1001 997)
4(1017 1024 1025 1019)
4(1001 1019 1025 1006)
4(999 1017 1019 1001)
4(1021 1027 1028 1023)
4(1019 1023 1028 1025)
4(1017 1021 1023 1019)
4(1039 1046 1047 1041)
4(1023 1041 1047 1028)
4(1021 1039 1041 1023)
3(1041 1039 1255)
3(1046 1255 1039)
3(1047 1255 1046)
3(1041 1255 1047)
3(1039 1255 1043)
3(1043 1255 1045)
3(1045 1255 1041)
4(1039 1043 1045 1041)
3(1049 1255 1043)
3(1046 1255 1049)
3(1043 1208 1255)
3(1208 1049 1255)
3(1043 1049 1208)
3(1208 1255 1045)
3(1045 1043 1208)
3(1208 1255 1050)
3(1050 1255 1045)
3(1050 1045 1208)
3(1050 1049 1255)
3(1049 1050 1208)
3(1047 1255 1050)
4(1041 1045 1050 1047)
4(1045 1050 1058 1055)
4(1041 1045 1055 1053)
4(1041 1053 1056 1047)
4(1047 1056 1058 1050)
4(1050 1058 1069 1065)
4(1045 1063 1068 1055)
4(1045 1050 1065 1063)
4(1050 1051 1066 1065)
4(1051 1059 1070 1066)
4(1050 1058 1059 1051)
4(1050 1698 1705 1065)
4(1051 1066 1706 1699)
4(1065 1064 1704 1705)
4(1050 1698 1704 1064)
3(1064 1065 1050)
4(1064 1704 1701 1061)
4(1061 1063 1065 1064)
4(1061 1049 1697 1701)
4(1064 1704 1697 1049)
3(1049 1061 1064)
4(1043 1693 1701 1061)
3(1049 1043 1061)
4(769 1577 1591 783)
4(769 783 1061 1043)
4(783 767 1576 1591)
3(767 783 769)
4(767 1576 1589 781)
3(767 781 783)
4(771 1579 1589 781)
3(781 767 771)
4(771 1579 1592 784)
4(781 784 1592 1589)
3(781 771 784)
4(784 778 1586 1592)
3(778 784 771)
4(771 1579 1586 778)
4(778 1586 1583 775)
4(775 1583 1592 784)
3(784 778 775)
4(776 778 1586 2380)
4(773 775 778 776)
4(778 1586 1587 779)
4(777 779 1587 2381)
4(776 778 779 777)
4(779 760 1572 1587)
3(760 779 778)
4(778 1586 1572 760)
4(760 1572 1573 761)
4(779 761 1573 1587)
3(760 761 779)
4(756 1570 1571 757)
4(761 757 1571 1573)
4(756 757 761 760)
4(756 760 1572 1570)
4(734 1562 1563 735)
4(757 735 1563 1571)
4(734 756 1570 1562)
4(734 735 757 756)
4(730 1560 1561 731)
4(735 731 1561 1563)
4(730 734 1562 1560)
4(730 731 735 734)
4(708 1552 1553 709)
4(731 709 1553 1561)
4(708 730 1560 1552)
4(708 709 731 730)
4(704 1550 1551 705)
4(709 705 1551 1553)
4(704 708 1552 1550)
4(704 705 709 708)
4(682 1542 1543 683)
4(705 683 1543 1551)
4(682 704 1550 1542)
4(682 683 705 704)
4(678 1540 1541 679)
4(683 679 1541 1543)
4(678 682 1542 1540)
4(678 679 683 682)
4(657 656 1532 1533)
4(679 657 1533 1541)
4(656 678 1540 1532)
4(656 657 679 678)
4(652 1530 1531 653)
4(653 1531 1533 657)
4(652 656 1532 1530)
4(652 653 657 656)
4(630 1522 1523 631)
4(631 1523 1531 653)
4(630 652 1530 1522)
4(630 631 653 652)
4(626 1520 1521 627)
4(627 1521 1523 631)
4(626 630 1522 1520)
4(626 627 631 630)
4(170 1338 1339 171)
4(171 1339 1521 627)
4(170 626 1520 1338)
4(170 171 627 626)
4(166 1336 1337 167)
4(171 167 1337 1339)
4(166 170 1338 1336)
4(166 167 171 170)
4(144 1328 1329 145)
4(167 145 1329 1337)
4(144 166 1336 1328)
4(144 145 167 166)
4(140 1326 1327 141)
4(145 141 1327 1329)
4(140 144 1328 1326)
4(140 141 145 144)
4(118 1318 1319 119)
4(141 119 1319 1327)
4(118 140 1326 1318)
4(118 119 141 140)
4(114 1316 1317 115)
4(119 115 1317 1319)
4(114 118 1318 1316)
4(114 115 119 118)
4(92 1308 1309 93)
4(115 93 1309 1317)
4(92 114 1316 1308)
4(92 93 115 114)
4(88 1306 1307 89)
4(93 89 1307 1309)
4(88 92 1308 1306)
4(88 89 93 92)
4(66 1298 1299 67)
4(89 67 1299 1307)
4(66 88 1306 1298)
4(66 67 89 88)
4(62 1296 1297 63)
4(67 63 1297 1299)
4(62 66 1298 1296)
4(62 63 67 66)
4(40 1288 1289 41)
4(63 41 1289 1297)
4(40 62 1296 1288)
4(40 41 63 62)
4(36 1286 1287 37)
4(41 37 1287 1289)
4(36 40 1288 1286)
4(36 37 41 40)
4(37 15 1277 1287)
4(14 36 1286 1276)
4(14 15 37 36)
4(37 206 1361 1287)
4(15 188 206 37)
4(210 206 1361 1362)
4(41 210 1362 1289)
4(37 206 210 41)
4(219 216 1363 1366)
4(210 219 1366 1362)
4(206 216 219 210)
4(220 217 1364 1367)
4(219 220 1367 1366)
4(216 217 220 219)
4(217 1364 1365 218)
4(217 218 221 220)
4(220 221 1368 1367)
4(221 218 1365 1368)
4(197 1356 1358 199)
4(197 199 218 217)
4(199 198 1357 1358)
4(195 198 199 197)
3(491 199 198)
3(491 199 1236)
3(199 198 1236)
3(198 491 1236)
3(495 1236 491)
3(199 1236 495)
3(491 1204 1236)
3(1204 495 1236)
3(491 495 1204)
3(1204 1236 498)
3(498 491 1204)
3(491 498 1236)
3(1204 1236 500)
3(500 498 1204)
3(498 500 1236)
3(500 495 1236)
3(495 500 1204)
3(1205 1236 500)
3(1205 495 1236)
3(500 495 1205)
3(1205 1236 203)
3(203 500 1205)
3(500 203 1236)
3(199 1205 1236)
3(199 203 1205)
3(203 199 1236)
3(495 199 1205)
3(1205 495 1240)
3(199 1205 1240)
3(199 1240 495)
3(1205 500 1240)
3(495 1240 500)
3(1205 203 1240)
3(500 1240 203)
3(199 203 1240)
3(203 1240 223)
4(199 203 223 218)
3(223 1240 218)
3(218 1240 199)
4(203 500 516 223)
3(516 1240 223)
3(500 1240 516)
4(203 1952 1958 223)
4(516 223 1958 2007)
4(500 516 2007 2003)
4(500 2003 1952 203)
4(202 1951 1957 222)
4(223 222 1957 1958)
4(203 1952 1951 202)
4(202 222 223 203)
4(222 213 1954 1957)
4(193 213 222 202)
4(224 215 1956 1959)
4(222 224 1959 1957)
4(213 215 224 222)
4(244 235 1962 1965)
4(224 244 1965 1959)
4(215 235 244 224)
4(246 237 1964 1967)
4(244 246 1967 1965)
4(235 237 246 244)
4(266 257 1970 1973)
4(246 266 1973 1967)
4(237 257 266 246)
4(268 259 1972 1975)
4(266 268 1975 1973)
4(257 259 268 266)
4(288 279 1978 1981)
4(268 288 1981 1975)
4(259 279 288 268)
4(290 281 1980 1983)
4(288 290 1983 1981)
4(279 281 290 288)
4(310 301 1986 1989)
4(290 310 1989 1983)
4(281 301 310 290)
4(312 303 1988 1991)
4(310 312 1991 1989)
4(301 303 312 310)
4(332 323 1994 1997)
4(312 332 1997 1991)
4(303 323 332 312)
4(325 1996 1999 334)
4(332 334 1999 1997)
4(323 325 334 332)
4(803 794 2044 2047)
4(334 803 2047 1999)
4(325 794 803 334)
4(805 796 2046 2049)
4(803 805 2049 2047)
4(794 796 805 803)
4(825 816 2052 2055)
4(805 825 2055 2049)
4(796 816 825 805)
4(827 818 2054 2057)
4(825 827 2057 2055)
4(816 818 827 825)
4(847 838 2060 2063)
4(827 847 2063 2057)
4(818 838 847 827)
4(849 840 2062 2065)
4(847 849 2065 2063)
4(838 840 849 847)
4(869 860 2068 2071)
4(849 869 2071 2065)
4(840 860 869 849)
4(871 862 2070 2073)
4(869 871 2073 2071)
4(860 862 871 869)
4(891 882 2076 2079)
4(871 891 2079 2073)
4(862 882 891 871)
4(893 884 2078 2081)
4(891 893 2081 2079)
4(882 884 893 891)
4(913 904 2084 2087)
4(893 913 2087 2081)
4(884 904 913 893)
4(913 915 2089 2087)
4(904 906 915 913)
4(914 916 2090 2088)
4(914 2088 2087 913)
4(913 915 916 914)
4(1169 1171 2127 2125)
4(1169 2125 2088 914)
4(914 916 1171 1169)
4(1170 1172 2128 2126)
4(1170 2126 2125 1169)
4(1169 1171 1172 1170)
4(1177 2507 2126 1170)
4(1170 1172 1178 1177)
4(1154 2122 2126 1170)
4(1160 2502 2122 1154)
4(1154 1170 1177 1160)
4(1153 2121 2125 1169)
4(1154 2122 2121 1153)
4(1153 1169 1170 1154)
4(894 2082 2088 914)
4(1153 2121 2082 894)
4(894 914 1169 1153)
4(894 2082 2081 893)
4(893 913 914 894)
4(892 894 2082 2080)
4(892 2080 2079 891)
4(891 893 894 892)
4(1151 1153 2121 2119)
4(1151 2119 2080 892)
4(892 894 1153 1151)
4(1152 1154 2122 2120)
4(1152 2120 2119 1151)
4(1151 1153 1154 1152)
4(1159 2501 2120 1152)
4(1152 1154 1160 1159)
4(1136 2116 2120 1152)
4(1142 2496 2116 1136)
4(1136 1152 1159 1142)
4(1135 2115 2119 1151)
4(1136 2116 2115 1135)
4(1135 1151 1152 1136)
4(872 2074 2080 892)
4(1135 2115 2074 872)
4(872 892 1151 1135)
4(872 2074 2073 871)
4(871 891 892 872)
4(870 872 2074 2072)
4(870 2072 2071 869)
4(869 871 872 870)
4(1133 1135 2115 2113)
4(1133 2113 2072 870)
4(870 872 1135 1133)
4(1134 1136 2116 2114)
4(1134 2114 2113 1133)
4(1133 1135 1136 1134)
4(1141 2495 2114 1134)
4(1134 1136 1142 1141)
4(1118 2110 2114 1134)
4(1124 2490 2110 1118)
4(1118 1134 1141 1124)
4(1117 2109 2113 1133)
4(1118 2110 2109 1117)
4(1117 1133 1134 1118)
4(850 2066 2072 870)
4(1117 2109 2066 850)
4(850 870 1133 1117)
4(850 2066 2065 849)
4(849 869 870 850)
4(848 850 2066 2064)
4(848 2064 2063 847)
4(847 849 850 848)
4(1115 1117 2109 2107)
4(1115 2107 2064 848)
4(848 850 1117 1115)
4(1116 1118 2110 2108)
4(1116 2108 2107 1115)
4(1115 1117 1118 1116)
4(1123 2489 2108 1116)
4(1116 1118 1124 1123)
4(1100 2104 2108 1116)
4(1106 2484 2104 1100)
4(1100 1116 1123 1106)
4(1099 2103 2107 1115)
4(1100 2104 2103 1099)
4(1099 1115 1116 1100)
4(828 2058 2064 848)
4(1099 2103 2058 828)
4(828 848 1115 1099)
4(828 2058 2057 827)
4(827 847 848 828)
4(826 828 2058 2056)
4(826 2056 2055 825)
4(825 827 828 826)
4(1097 1099 2103 2101)
4(1097 2101 2056 826)
4(826 828 1099 1097)
4(1098 1100 2104 2102)
4(1098 2102 2101 1097)
4(1097 1099 1100 1098)
4(1105 2483 2102 1098)
4(1098 1100 1106 1105)
4(1082 2098 2102 1098)
4(1088 2478 2098 1082)
4(1082 1098 1105 1088)
4(1081 2097 2101 1097)
4(1082 2098 2097 1081)
4(1081 1097 1098 1082)
4(806 2050 2056 826)
4(1081 2097 2050 806)
4(806 826 1097 1081)
4(806 2050 2049 805)
4(805 825 826 806)
4(804 806 2050 2048)
4(804 2048 2047 803)
4(803 805 806 804)
4(1079 1081 2097 2095)
4(1079 2095 2048 804)
4(804 806 1081 1079)
4(1080 1082 2098 2096)
4(1080 2096 2095 1079)
4(1079 1081 1082 1080)
4(1087 2477 2096 1080)
4(1080 1082 1088 1087)
4(609 2040 2096 1080)
4(609 615 2329 2040)
4(609 1080 1087 615)
4(608 2039 2095 1079)
4(608 609 2040 2039)
4(608 1079 1080 609)
4(335 2000 2048 804)
4(335 608 2039 2000)
4(335 804 1079 608)
4(334 335 2000 1999)
4(334 803 804 335)
4(333 335 2000 1998)
4(333 1998 1997 332)
4(332 334 335 333)
4(606 608 2039 2037)
4(606 2037 1998 333)
4(333 335 608 606)
4(607 609 2040 2038)
4(607 2038 2037 606)
4(606 608 609 607)
4(614 2328 2038 607)
4(607 609 615 614)
4(591 2034 2038 607)
4(597 2323 2034 591)
4(591 607 614 597)
4(590 2033 2037 606)
4(591 2034 2033 590)
4(590 606 607 591)
4(313 1992 1998 333)
4(590 2033 1992 313)
4(313 333 606 590)
4(313 1992 1991 312)
4(312 332 333 313)
4(311 313 1992 1990)
4(311 1990 1989 310)
4(310 312 313 311)
4(588 590 2033 2031)
4(588 2031 1990 311)
4(311 313 590 588)
4(589 591 2034 2032)
4(589 2032 2031 588)
4(588 590 591 589)
4(596 2322 2032 589)
4(589 591 597 596)
4(573 2028 2032 589)
4(579 2317 2028 573)
4(573 589 596 579)
4(572 2027 2031 588)
4(573 2028 2027 572)
4(572 588 589 573)
4(291 1984 1990 311)
4(572 2027 1984 291)
4(291 311 588 572)
4(291 1984 1983 290)
4(290 310 311 291)
4(289 291 1984 1982)
4(289 1982 1981 288)
4(288 290 291 289)
4(570 572 2027 2025)
4(570 2025 1982 289)
4(289 291 572 570)
4(571 573 2028 2026)
4(571 2026 2025 570)
4(570 572 573 571)
4(578 2316 2026 571)
4(571 573 579 578)
4(555 2022 2026 571)
4(561 2311 2022 555)
4(555 571 578 561)
4(554 2021 2025 570)
4(555 2022 2021 554)
4(554 570 571 555)
4(269 1976 1982 289)
4(554 2021 1976 269)
4(269 289 570 554)
4(269 1976 1975 268)
4(268 288 289 269)
4(267 269 1976 1974)
4(267 1974 1973 266)
4(266 268 269 267)
4(552 554 2021 2019)
4(552 2019 1974 267)
4(267 269 554 552)
4(553 555 2022 2020)
4(553 2020 2019 552)
4(552 554 555 553)
4(560 2310 2020 553)
4(553 555 561 560)
4(537 2016 2020 553)
4(543 2305 2016 537)
4(537 553 560 543)
4(536 2015 2019 552)
4(537 2016 2015 536)
4(536 552 553 537)
4(247 1968 1974 267)
4(536 2015 1968 247)
4(247 267 552 536)
4(247 1968 1967 246)
4(246 266 267 247)
4(245 247 1968 1966)
4(245 1966 1965 244)
4(244 246 247 245)
4(534 536 2015 2013)
4(534 2013 1966 245)
4(245 247 536 534)
4(535 537 2016 2014)
4(535 2014 2013 534)
4(534 536 537 535)
4(542 2304 2014 535)
4(535 537 543 542)
4(519 2010 2014 535)
4(525 2299 2010 519)
4(519 535 542 525)
4(518 2009 2013 534)
4(519 2010 2009 518)
4(518 534 535 519)
4(225 1960 1966 245)
4(518 2009 1960 225)
4(225 245 534 518)
4(225 1960 1959 224)
4(224 244 245 225)
4(223 225 1960 1958)
4(222 224 225 223)
4(516 518 2009 2007)
4(223 225 518 516)
4(517 519 2010 2008)
4(517 2008 2007 516)
4(516 518 519 517)
4(524 2298 2008 517)
4(517 519 525 524)
4(501 2004 2008 517)
4(501 517 524 507)
4(507 2293 2004 501)
4(501 2004 2003 500)
4(500 516 517 501)
4(498 1479 2003 500)
4(499 501 2004 1480)
4(498 500 501 499)
4(201 1360 1952 203)
4(201 203 500 498)
4(200 202 203 201)
4(197 202 203 199)
4(198 199 203 201)
4(217 222 223 218)
4(197 202 222 217)
4(220 224 225 221)
4(218 221 225 223)
4(217 222 224 220)
4(220 239 240 221)
4(221 240 245 225)
4(239 244 245 240)
4(220 224 244 239)
4(240 221 1368 1373)
4(239 240 1373 1372)
4(239 1372 1367 220)
4(221 1368 1488 513)
4(513 1488 1491 527)
4(240 527 1491 1373)
4(221 513 527 240)
4(509 1485 1488 513)
4(218 509 513 221)
4(513 512 1487 1488)
4(508 512 513 509)
4(527 526 1490 1491)
4(512 526 527 513)
4(531 530 1493 1494)
4(527 531 1494 1491)
4(526 530 531 527)
4(545 544 1496 1497)
4(531 545 1497 1494)
4(530 544 545 531)
4(549 548 1499 1500)
4(545 549 1500 1497)
4(544 548 549 545)
4(563 562 1502 1503)
4(549 563 1503 1500)
4(548 562 563 549)
4(567 566 1505 1506)
4(563 567 1506 1503)
4(562 566 567 563)
4(581 580 1508 1509)
4(567 581 1509 1506)
4(566 580 581 567)
4(585 584 1511 1512)
4(581 585 1512 1509)
4(580 584 585 581)
4(599 598 1514 1515)
4(585 599 1515 1512)
4(584 598 599 585)
4(602 1517 1518 603)
4(599 603 1518 1515)
4(598 602 603 599)
4(1072 1071 1711 1712)
4(603 1072 1712 1518)
4(602 1071 1072 603)
4(1076 1075 1714 1715)
4(1072 1076 1715 1712)
4(1071 1075 1076 1072)
4(1090 1089 1717 1718)
4(1076 1090 1718 1715)
4(1075 1089 1090 1076)
4(1094 1093 1720 1721)
4(1090 1094 1721 1718)
4(1089 1093 1094 1090)
4(1108 1107 1723 1724)
4(1094 1108 1724 1721)
4(1093 1107 1108 1094)
4(1112 1111 1726 1727)
4(1108 1112 1727 1724)
4(1107 1111 1112 1108)
4(1126 1125 1729 1730)
4(1112 1126 1730 1727)
4(1111 1125 1126 1112)
4(1130 1129 1732 1733)
4(1126 1130 1733 1730)
4(1125 1129 1130 1126)
4(1144 1143 1735 1736)
4(1130 1144 1736 1733)
4(1129 1143 1144 1130)
4(1148 1147 1738 1739)
4(1144 1148 1739 1736)
4(1143 1147 1148 1144)
4(1162 1161 1741 1742)
4(1148 1162 1742 1739)
4(1147 1161 1162 1148)
4(1161 1741 1744 1165)
4(1166 1165 1744 1745)
4(1162 1166 1745 1742)
4(1161 1165 1166 1162)
4(1165 1167 1746 1744)
4(1161 1163 1167 1165)
4(1165 1179 1747 1744)
3(1167 1179 1165)
4(1179 1747 1745 1166)
3(1166 1165 1179)
4(1180 1748 1745 1166)
3(1166 1179 1180)
4(912 1180 1748 1640)
4(912 1640 1745 1166)
3(1180 912 1166)
4(925 1180 1748 1649)
4(925 1649 1640 912)
3(1180 925 912)
4(927 2094 1649 925)
4(925 1180 1183 927)
4(924 1648 1649 925)
4(924 925 927 926)
4(926 2093 1648 924)
4(911 1639 1640 912)
4(911 912 925 924)
4(924 1648 1639 911)
4(908 1636 1637 909)
4(912 909 1637 1640)
4(908 909 912 911)
4(911 1639 1636 908)
4(889 1631 1632 890)
4(909 890 1632 1637)
4(908 1636 1631 889)
4(889 890 909 908)
4(886 1628 1629 887)
4(890 887 1629 1632)
4(889 1631 1628 886)
4(886 887 890 889)
4(867 1623 1624 868)
4(887 868 1624 1629)
4(886 1628 1623 867)
4(867 868 887 886)
4(864 1620 1621 865)
4(868 865 1621 1624)
4(867 1623 1620 864)
4(864 865 868 867)
4(845 1615 1616 846)
4(865 846 1616 1621)
4(864 1620 1615 845)
4(845 846 865 864)
4(842 1612 1613 843)
4(846 843 1613 1616)
4(845 1615 1612 842)
4(842 843 846 845)
4(823 1607 1608 824)
4(843 824 1608 1613)
4(842 1612 1607 823)
4(823 824 843 842)
4(820 1604 1605 821)
4(824 821 1605 1608)
4(823 1607 1604 820)
4(820 821 824 823)
4(801 1599 1600 802)
4(821 802 1600 1605)
4(820 1604 1599 801)
4(801 802 821 820)
4(798 1596 1597 799)
4(802 799 1597 1600)
4(801 1599 1596 798)
4(798 799 802 801)
4(331 330 1407 1408)
4(799 331 1408 1597)
4(798 1596 1407 330)
4(330 331 799 798)
4(327 1404 1405 328)
4(331 328 1405 1408)
4(330 1407 1404 327)
4(327 328 331 330)
4(308 1399 1400 309)
4(328 309 1400 1405)
4(327 1404 1399 308)
4(308 309 328 327)
4(305 1396 1397 306)
4(309 306 1397 1400)
4(308 1399 1396 305)
4(305 306 309 308)
4(286 1391 1392 287)
4(306 287 1392 1397)
4(305 1396 1391 286)
4(286 287 306 305)
4(283 1388 1389 284)
4(287 284 1389 1392)
4(286 1391 1388 283)
4(283 284 287 286)
4(264 1383 1384 265)
4(284 265 1384 1389)
4(283 1388 1383 264)
4(264 265 284 283)
4(261 1380 1381 262)
4(265 262 1381 1384)
4(264 1383 1380 261)
4(261 262 265 264)
4(242 1375 1376 243)
4(262 243 1376 1381)
4(261 1380 1375 242)
4(242 243 262 261)
4(243 240 1373 1376)
4(242 1375 1372 239)
4(239 240 243 242)
4(243 531 1494 1376)
4(240 527 531 243)
4(262 545 1497 1381)
4(243 531 545 262)
4(265 549 1500 1384)
4(262 545 549 265)
4(284 563 1503 1389)
4(265 549 563 284)
4(287 567 1506 1392)
4(284 563 567 287)
4(306 581 1509 1397)
4(287 567 581 306)
4(309 585 1512 1400)
4(306 581 585 309)
4(328 599 1515 1405)
4(309 585 599 328)
4(603 1518 1408 331)
4(328 599 603 331)
4(799 1072 1712 1597)
4(331 603 1072 799)
4(802 1076 1715 1600)
4(799 1072 1076 802)
4(821 1090 1718 1605)
4(802 1076 1090 821)
4(824 1094 1721 1608)
4(821 1090 1094 824)
4(843 1108 1724 1613)
4(824 1094 1108 843)
4(846 1112 1727 1616)
4(843 1108 1112 846)
4(865 1126 1730 1621)
4(846 1112 1126 865)
4(868 1130 1733 1624)
4(865 1126 1130 868)
4(887 1144 1736 1629)
4(868 1130 1144 887)
4(890 1148 1739 1632)
4(887 1144 1148 890)
4(909 1162 1742 1637)
4(890 1148 1162 909)
4(909 1162 1166 912)
3(909 1162 1259)
3(1166 1259 1162)
3(912 1259 1166)
3(912 909 1259)
3(1162 1259 1169)
3(909 914 1259)
3(1169 1259 914)
4(909 1162 1169 914)
3(1212 1259 1169)
3(1162 1259 1212)
3(1169 1162 1212)
3(1212 1259 1171)
3(1171 1169 1212)
3(1169 1171 1259)
3(1212 1259 1166)
3(1166 1171 1212)
3(1171 1166 1259)
3(1162 1166 1212)
3(1162 1260 1212)
3(1212 1260 1166)
3(1162 1166 1260)
3(1212 1169 1260)
3(1169 1162 1260)
3(1212 1171 1260)
3(1169 1260 1171)
3(1171 1260 1166)
3(1166 1168 1260)
3(1172 1260 1168)
3(1172 1171 1260)
4(1166 1171 1172 1168)
3(1168 1260 1164)
3(1164 1260 1162)
4(1162 1166 1168 1164)
3(1164 1170 1260)
3(1170 1172 1260)
4(1164 1168 1172 1170)
3(1170 1260 1169)
4(1162 1164 1170 1169)
4(1150 1164 1170 1154)
4(1148 1162 1164 1150)
4(1148 1153 1169 1162)
4(1148 1150 1154 1153)
4(1164 1170 1177 1174)
4(1150 1164 1174 1158)
4(1150 1158 1160 1154)
4(1168 1172 1178 1176)
4(1164 1168 1176 1174)
4(1168 1182 1186 1176)
4(1168 1172 1184 1182)
3(1168 1182 1267)
3(1176 1168 1267)
3(1186 1176 1267)
3(1182 1186 1267)
3(1217 1182 1267)
3(1217 1267 1168)
3(1182 1217 1168)
3(1217 1181 1267)
3(1182 1267 1181)
3(1181 1217 1182)
3(1167 1267 1217)
3(1181 1267 1167)
3(1167 1217 1181)
3(1168 1167 1267)
3(1168 1217 1167)
3(1167 1267 1175)
3(1175 1267 1176)
4(1167 1175 1176 1168)
3(1167 1267 1219)
3(1219 1267 1175)
3(1167 1219 1175)
3(1219 1181 1267)
3(1181 1219 1167)
3(1219 1185 1267)
3(1181 1267 1185)
3(1185 1219 1181)
3(1185 1267 1175)
3(1175 1219 1185)
3(1185 1267 1186)
3(1219 1266 1175)
3(1219 1185 1266)
3(1185 1175 1266)
3(1167 1219 1266)
3(1175 1167 1266)
3(1219 1266 1181)
3(1167 1181 1266)
3(1181 1185 1266)
3(1066 1070 1266)
3(1066 1266 1181)
3(1070 1185 1266)
3(1051 1266 1066)
3(1059 1266 1051)
3(1070 1266 1059)
3(1181 1066 1051)
3(1181 1051 1266)
3(1167 1051 1266)
3(1051 1266 1215)
3(1215 1266 1167)
3(1051 1215 1167)
3(1215 1059 1266)
3(1059 1215 1051)
3(1215 1175 1266)
3(1175 1215 1059)
3(1059 1266 1175)
3(1167 1215 1175)
3(1215 1261 1167)
3(1215 1175 1261)
3(1167 1261 1175)
3(1051 1215 1261)
3(1167 1051 1261)
3(1215 1261 1059)
3(1051 1059 1261)
3(1059 1175 1261)
3(1057 1173 1261)
3(1059 1057 1261)
3(1175 1261 1173)
3(1057 1048 1261)
3(1163 1261 1048)
3(1173 1261 1163)
4(1048 1057 1173 1163)
3(1048 1261 1051)
4(1048 1051 1059 1057)
3(1163 1261 1167)
3(1214 1261 1167)
3(1163 1261 1214)
3(1167 1163 1214)
3(1214 1261 1175)
3(1175 1167 1214)
3(1214 1261 1173)
3(1173 1175 1214)
3(1163 1173 1214)
3(1163 1262 1214)
3(1214 1262 1173)
3(1163 1173 1262)
3(1214 1167 1262)
3(1167 1163 1262)
3(1214 1175 1262)
3(1167 1262 1175)
3(1175 1262 1173)
3(1173 1174 1262)
3(1176 1262 1174)
3(1175 1262 1176)
3(1174 1262 1164)
3(1163 1164 1262)
4(1163 1173 1174 1164)
3(1164 1168 1262)
3(1168 1176 1262)
3(1168 1262 1167)
4(1163 1164 1168 1167)
4(1165 1166 1168 1167)
4(1161 1163 1164 1162)
3(1165 1263 1167)
3(1167 1263 1168)
3(1168 1263 1166)
3(1166 1263 1165)
3(1167 1179 1263)
3(1179 1165 1263)
3(1181 1263 1167)
3(1181 1179 1263)
3(1167 1217 1263)
3(1217 1181 1263)
3(1217 1263 1168)
3(1217 1263 1182)
3(1182 1263 1168)
3(1182 1181 1263)
3(1180 1263 1182)
3(1179 1263 1180)
3(1216 1263 1182)
3(1216 1180 1263)
3(1182 1180 1216)
3(1216 1263 1168)
3(1168 1182 1216)
3(1166 1216 1263)
3(1166 1168 1216)
3(1166 1180 1263)
3(1180 1166 1216)
3(1166 1179 1263)
3(1216 1180 1265)
3(1166 1216 1265)
3(1166 1265 1180)
3(1216 1182 1265)
3(1180 1265 1182)
3(1216 1168 1265)
3(1182 1265 1168)
3(1166 1168 1265)
3(1168 1265 1172)
3(1172 1265 1171)
3(1171 1265 1166)
3(1172 1184 1265)
3(1184 1182 1265)
3(1171 1183 1265)
3(1184 1265 1183)
3(1218 1183 1265)
3(1218 1265 1171)
3(1183 1218 1171)
3(1218 1180 1265)
3(1180 1218 1183)
3(1183 1265 1180)
3(1166 1265 1218)
3(1166 1218 1180)
3(1171 1218 1166)
3(1218 1264 1171)
3(1166 1264 1218)
3(1166 1171 1264)
3(1218 1264 1183)
3(1171 1183 1264)
3(1218 1264 1180)
3(1183 1180 1264)
3(1180 1166 1264)
3(1180 912 1264)
3(912 1166 1264)
3(1180 925 1264)
3(925 912 1264)
3(1183 927 1264)
3(927 925 1264)
3(916 927 1264)
3(1171 916 1264)
3(912 1264 916)
4(912 916 927 925)
3(912 1264 1213)
3(1213 1264 916)
3(912 1213 916)
3(1213 1166 1264)
3(1166 1213 912)
3(1213 1171 1264)
3(1171 1213 1166)
3(916 1213 1171)
3(1213 1259 916)
3(1213 1171 1259)
3(1171 916 1259)
3(912 1213 1259)
3(916 912 1259)
3(1213 1259 1166)
3(914 1259 916)
4(909 914 916 912)
4(911 915 916 912)
4(908 913 915 911)
4(908 909 914 913)
4(911 915 926 924)
4(920 922 926 924)
4(902 920 924 911)
4(902 911 915 906)
4(902 906 922 920)
4(920 1644 1648 924)
4(922 2092 1644 920)
4(919 1643 1647 923)
4(920 1644 1643 919)
4(919 923 924 920)
4(923 1647 1648 924)
4(910 1638 1647 923)
4(919 1643 1638 910)
3(910 923 919)
4(910 1638 1639 911)
3(923 910 911)
4(911 1639 1647 923)
4(907 1635 1636 908)
4(910 1638 1635 907)
4(907 908 911 910)
4(888 1630 1631 889)
4(907 1635 1630 888)
4(888 889 908 907)
4(885 1627 1628 886)
4(888 1630 1627 885)
4(885 886 889 888)
4(866 1622 1623 867)
4(885 1627 1622 866)
4(866 867 886 885)
4(863 1619 1620 864)
4(866 1622 1619 863)
4(863 864 867 866)
4(844 1614 1615 845)
4(863 1619 1614 844)
4(844 845 864 863)
4(841 1611 1612 842)
4(844 1614 1611 841)
4(841 842 845 844)
4(822 1606 1607 823)
4(841 1611 1606 822)
4(822 823 842 841)
4(819 1603 1604 820)
4(822 1606 1603 819)
4(819 820 823 822)
4(800 1598 1599 801)
4(819 1603 1598 800)
4(800 801 820 819)
4(797 1595 1596 798)
4(800 1598 1595 797)
4(797 798 801 800)
4(330 329 1406 1407)
4(797 1595 1406 329)
4(329 330 798 797)
4(326 1403 1404 327)
4(329 1406 1403 326)
4(326 327 330 329)
4(307 1398 1399 308)
4(326 1403 1398 307)
4(307 308 327 326)
4(304 1395 1396 305)
4(307 1398 1395 304)
4(304 305 308 307)
4(285 1390 1391 286)
4(304 1395 1390 285)
4(285 286 305 304)
4(282 1387 1388 283)
4(285 1390 1387 282)
4(282 283 286 285)
4(263 1382 1383 264)
4(282 1387 1382 263)
4(263 264 283 282)
4(260 1379 1380 261)
4(263 1382 1379 260)
4(260 261 264 263)
4(241 1374 1375 242)
4(260 1379 1374 241)
4(241 242 261 260)
4(238 1371 1372 239)
4(241 1374 1371 238)
4(238 239 242 241)
4(238 1371 1366 219)
4(219 220 239 238)
4(228 238 1371 1369)
4(228 1369 1362 210)
4(210 219 238 228)
4(232 241 1374 1370)
4(232 1370 1369 228)
4(228 238 241 232)
4(250 260 1379 1377)
4(250 1377 1370 232)
4(232 241 260 250)
4(254 263 1382 1378)
4(254 1378 1377 250)
4(250 260 263 254)
4(272 282 1387 1385)
4(272 1385 1378 254)
4(254 263 282 272)
4(276 285 1390 1386)
4(276 1386 1385 272)
4(272 282 285 276)
4(294 304 1395 1393)
4(294 1393 1386 276)
4(276 285 304 294)
4(298 307 1398 1394)
4(298 1394 1393 294)
4(294 304 307 298)
4(316 326 1403 1401)
4(316 1401 1394 298)
4(298 307 326 316)
4(329 1406 1402 320)
4(320 1402 1401 316)
4(316 326 329 320)
4(787 797 1595 1593)
4(787 1593 1402 320)
4(320 329 797 787)
4(791 800 1598 1594)
4(791 1594 1593 787)
4(787 797 800 791)
4(809 819 1603 1601)
4(809 1601 1594 791)
4(791 800 819 809)
4(813 822 1606 1602)
4(813 1602 1601 809)
4(809 819 822 813)
4(831 841 1611 1609)
4(831 1609 1602 813)
4(813 822 841 831)
4(835 844 1614 1610)
4(835 1610 1609 831)
4(831 841 844 835)
4(853 863 1619 1617)
4(853 1617 1610 835)
4(835 844 863 853)
4(857 866 1622 1618)
4(857 1618 1617 853)
4(853 863 866 857)
4(875 885 1627 1625)
4(875 1625 1618 857)
4(857 866 885 875)
4(879 888 1630 1626)
4(879 1626 1625 875)
4(875 885 888 879)
4(897 907 1635 1633)
4(897 1633 1626 879)
4(879 888 907 897)
4(901 910 1638 1634)
4(901 1634 1633 897)
4(897 907 910 901)
4(919 1643 1634 901)
3(910 919 901)
4(761 1573 1634 901)
4(779 919 1643 1587)
4(761 901 919 779)
4(757 1571 1633 897)
4(757 897 901 761)
4(735 1563 1626 879)
4(735 879 897 757)
4(731 1561 1625 875)
4(731 875 879 735)
4(709 1553 1618 857)
4(709 857 875 731)
4(705 1551 1617 853)
4(705 853 857 709)
4(683 1543 1610 835)
4(683 835 853 705)
4(679 1541 1609 831)
4(679 831 835 683)
4(657 1533 1602 813)
4(657 813 831 679)
4(653 1531 1601 809)
4(653 809 813 657)
4(631 1523 1594 791)
4(631 791 809 653)
4(627 1521 1593 787)
4(627 787 791 631)
4(320 171 1339 1402)
4(171 320 787 627)
4(167 1337 1401 316)
4(167 316 320 171)
4(145 1329 1394 298)
4(145 298 316 167)
4(141 1327 1393 294)
4(141 294 298 145)
4(119 1319 1386 276)
4(119 276 294 141)
4(115 1317 1385 272)
4(115 272 276 119)
4(93 1309 1378 254)
4(93 254 272 115)
4(89 1307 1377 250)
4(89 250 254 93)
4(67 1299 1370 232)
4(67 232 250 89)
4(63 1297 1369 228)
4(63 228 232 67)
4(41 210 228 63)
4(61 226 228 63)
4(39 61 63 41)
4(39 41 210 208)
4(208 210 228 226)
4(65 230 232 67)
4(61 65 67 63)
4(226 228 232 230)
4(87 248 250 89)
4(65 87 89 67)
4(230 232 250 248)
4(91 252 254 93)
4(87 91 93 89)
4(248 250 254 252)
4(113 270 272 115)
4(91 113 115 93)
4(252 254 272 270)
4(117 274 276 119)
4(113 117 119 115)
4(270 272 276 274)
4(139 292 294 141)
4(117 139 141 119)
4(274 276 294 292)
4(143 296 298 145)
4(139 143 145 141)
4(292 294 298 296)
4(165 314 316 167)
4(143 165 167 145)
4(296 298 316 314)
4(169 318 320 171)
4(165 169 171 167)
4(314 316 320 318)
4(625 785 787 627)
4(169 625 627 171)
4(318 320 787 785)
4(629 789 791 631)
4(625 629 631 627)
4(785 787 791 789)
4(651 807 809 653)
4(629 651 653 631)
4(789 791 809 807)
4(655 811 813 657)
4(651 655 657 653)
4(807 809 813 811)
4(677 829 831 679)
4(655 677 679 657)
4(811 813 831 829)
4(681 833 835 683)
4(677 681 683 679)
4(829 831 835 833)
4(703 851 853 705)
4(681 703 705 683)
4(833 835 853 851)
4(707 855 857 709)
4(703 707 709 705)
4(851 853 857 855)
4(729 873 875 731)
4(707 729 731 709)
4(855 857 875 873)
4(733 877 879 735)
4(729 733 735 731)
4(873 875 879 877)
4(755 895 897 757)
4(733 755 757 735)
4(877 879 897 895)
3(757 755 1247)
3(895 1247 755)
3(897 1247 895)
3(757 1247 897)
3(755 1247 759)
3(759 1247 761)
4(755 759 761 757)
3(761 1247 757)
3(899 1247 759)
3(895 1247 899)
3(759 1193 1247)
3(1193 899 1247)
3(759 899 1193)
3(1193 1247 761)
3(761 759 1193)
3(1193 1247 901)
3(901 761 1193)
3(761 901 1247)
3(899 1247 901)
3(899 901 1193)
3(1192 1247 901)
3(1192 899 1247)
3(901 899 1192)
3(1192 1247 897)
3(897 901 1192)
3(901 897 1247)
3(895 1192 1247)
3(895 897 1192)
3(899 895 1192)
3(1192 899 1248)
3(895 1192 1248)
3(895 1248 899)
3(1192 901 1248)
3(899 1248 901)
3(1192 897 1248)
3(901 1248 897)
3(895 897 1248)
3(897 1248 898)
3(898 1248 896)
3(896 1248 895)
4(895 897 898 896)
3(902 1248 898)
3(902 901 1248)
4(897 901 902 898)
3(896 900 1248)
3(900 902 1248)
4(896 898 902 900)
3(900 1248 899)
4(899 900 902 901)
3(899 1251 901)
3(901 1251 902)
3(902 1251 900)
3(900 1251 899)
3(899 1251 1195)
3(1195 1251 901)
3(899 1195 901)
3(1195 917 1251)
3(899 1251 917)
3(917 1195 899)
3(1195 919 1251)
3(917 1251 919)
3(919 1195 917)
3(919 1251 901)
3(901 1195 919)
3(920 1251 902)
3(920 919 1251)
4(901 919 920 902)
3(900 918 1251)
3(918 920 1251)
4(900 902 920 918)
3(918 1251 917)
4(917 918 920 919)
4(917 2418 1643 919)
4(918 920 1644 2419)
4(777 779 919 917)
3(777 779 1250)
3(917 777 1250)
3(917 1250 919)
3(919 1250 779)
3(759 1250 777)
3(761 1250 759)
3(779 1250 761)
4(759 777 779 761)
3(899 1250 917)
3(899 759 1250)
3(1195 1250 917)
3(899 1250 1195)
3(1195 1250 919)
3(1195 1250 901)
3(919 901 1250)
3(901 899 1250)
3(1193 899 1250)
3(1193 1250 901)
3(759 1250 1193)
3(1193 761 1250)
3(761 1250 901)
3(759 777 1244)
3(777 779 1244)
3(779 761 1244)
3(761 759 1244)
3(758 776 1244)
3(777 1244 776)
3(759 758 1244)
3(776 1244 778)
3(778 1244 760)
3(758 760 1244)
4(758 776 778 760)
3(779 1244 778)
3(760 779 1244)
3(760 761 1244)
4(758 760 761 759)
4(754 758 760 756)
4(754 756 757 755)
4(751 758 760 753)
4(749 753 760 756)
4(747 751 753 749)
4(747 749 756 754)
4(753 775 778 760)
3(760 753 1246)
3(775 1246 753)
3(778 1246 775)
3(760 1246 778)
3(753 1246 767)
3(767 1246 771)
3(771 1246 760)
4(753 767 771 760)
3(775 1246 781)
3(781 1246 767)
4(753 775 781 767)
3(784 781 775)
3(784 775 1246)
3(784 1246 781)
3(778 1246 784)
3(784 771 1246)
3(778 1246 771)
3(781 771 1246)
3(778 760 771)
4(771 1579 1572 760)
4(770 1578 1570 756)
4(756 760 771 770)
4(745 1569 1562 734)
4(734 756 770 745)
4(744 1568 1560 730)
4(730 734 745 744)
4(719 1559 1552 708)
4(708 730 744 719)
4(718 1558 1550 704)
4(704 708 719 718)
4(693 1549 1542 682)
4(682 704 718 693)
4(692 1548 1540 678)
4(678 682 693 692)
4(656 667 1539 1532)
4(656 678 692 667)
4(666 1538 1530 652)
4(652 656 667 666)
4(641 1529 1522 630)
4(630 652 666 641)
4(640 1528 1520 626)
4(626 630 641 640)
4(181 1345 1338 170)
4(170 626 640 181)
4(180 1344 1336 166)
4(166 170 181 180)
4(155 1335 1328 144)
4(144 166 180 155)
4(154 1334 1326 140)
4(140 144 155 154)
4(129 1325 1318 118)
4(118 140 154 129)
4(128 1324 1316 114)
4(114 118 129 128)
4(103 1315 1308 92)
4(92 114 128 103)
4(102 1314 1306 88)
4(88 92 103 102)
4(77 1305 1298 66)
4(66 88 102 77)
4(76 1304 1296 62)
4(62 66 77 76)
4(51 1295 1288 40)
4(40 62 76 51)
4(50 1294 1286 36)
4(36 40 51 50)
4(14 36 50 25)
4(29 36 50 43)
4(7 14 36 29)
4(7 29 43 21)
4(7 21 25 14)
4(33 40 51 47)
4(29 36 40 33)
4(29 33 47 43)
4(55 62 76 69)
4(33 40 62 55)
4(33 55 69 47)
4(59 66 77 73)
4(55 62 66 59)
4(55 59 73 69)
4(81 88 102 95)
4(59 66 88 81)
4(59 81 95 73)
4(85 92 103 99)
4(81 88 92 85)
4(81 85 99 95)
4(107 114 128 121)
4(85 92 114 107)
4(85 107 121 99)
4(111 118 129 125)
4(107 114 118 111)
4(107 111 125 121)
4(133 140 154 147)
4(111 118 140 133)
4(111 133 147 125)
4(137 144 155 151)
4(133 140 144 137)
4(133 137 151 147)
4(159 166 180 173)
4(137 144 166 159)
4(137 159 173 151)
4(163 170 181 177)
4(159 166 170 163)
4(159 163 177 173)
4(619 626 640 633)
4(163 170 626 619)
4(163 619 633 177)
4(623 630 641 637)
4(619 626 630 623)
4(619 623 637 633)
4(645 652 666 659)
4(623 630 652 645)
4(623 645 659 637)
4(649 656 667 663)
4(645 652 656 649)
4(645 649 663 659)
4(671 678 692 685)
4(649 656 678 671)
4(649 671 685 663)
4(675 682 693 689)
4(671 678 682 675)
4(671 675 689 685)
4(697 704 718 711)
4(675 682 704 697)
4(675 697 711 689)
4(701 708 719 715)
4(697 704 708 701)
4(697 701 715 711)
4(723 730 744 737)
4(701 708 730 723)
4(701 723 737 715)
4(727 734 745 741)
4(723 727 741 737)
4(723 730 734 727)
4(749 756 770 763)
4(727 749 763 741)
4(727 734 756 749)
4(749 753 767 763)
4(752 753 767 766)
4(762 766 767 763)
4(748 762 763 749)
4(748 749 753 752)
4(766 780 781 767)
3(767 766 1245)
3(780 1245 766)
3(767 1245 781)
3(781 1245 780)
3(766 1245 768)
3(768 1245 769)
3(769 1245 767)
4(766 768 769 767)
3(782 1245 768)
3(780 1245 782)
3(769 783 1245)
3(783 782 1245)
4(768 782 783 769)
3(767 783 1245)
3(781 783 1245)
3(768 1256 769)
3(769 1256 783)
3(783 1256 782)
3(782 1256 768)
3(768 1256 1203)
3(1203 1256 769)
3(768 1203 769)
3(1203 1042 1256)
3(768 1256 1042)
3(1042 1203 768)
3(1203 1043 1256)
3(1042 1256 1043)
3(1043 1203 1042)
3(1043 1256 769)
3(769 1203 1043)
3(783 1061 1256)
3(1043 1256 1061)
3(782 1060 1256)
3(1061 1256 1060)
3(1060 1256 1042)
3(1042 1210 1256)
3(1210 1060 1256)
3(1042 1060 1210)
3(1210 1256 1043)
3(1043 1042 1210)
3(1210 1256 1061)
3(1061 1043 1210)
3(1060 1061 1210)
3(1210 1060 1257)
3(1210 1257 1061)
3(1061 1257 1060)
3(1042 1257 1210)
3(1060 1257 1042)
3(1210 1043 1257)
3(1043 1042 1257)
3(1043 1257 1061)
3(1061 1063 1257)
3(1045 1043 1257)
3(1063 1045 1257)
4(1043 1045 1063 1061)
3(1060 1062 1257)
3(1063 1257 1062)
3(1042 1044 1257)
3(1062 1257 1044)
3(1044 1257 1045)
4(1042 1044 1045 1043)
4(1044 1062 1063 1045)
4(1044 1054 1055 1045)
4(1040 1052 1053 1041)
4(1040 1041 1045 1044)
4(1023 1033 1053 1041)
4(1022 1032 1033 1023)
4(1022 1023 1041 1040)
4(1028 1036 1056 1047)
4(1023 1033 1036 1028)
4(1047 1048 1057 1056)
4(1029 1037 1057 1048)
4(1028 1036 1037 1029)
4(1149 1157 1173 1163)
4(1029 1037 1157 1149)
4(1149 1150 1164 1163)
4(1149 1157 1158 1150)
4(1147 1149 1150 1148)
4(1145 1149 1150 1146)
4(1144 1146 1150 1148)
4(1143 1145 1146 1144)
4(1146 1156 1158 1150)
4(1145 1155 1156 1146)
4(1145 1149 1157 1155)
4(1146 1156 1159 1152)
4(1146 1152 1154 1150)
4(1132 1146 1156 1140)
4(1132 1140 1142 1136)
4(1132 1136 1152 1146)
4(1131 1145 1155 1139)
4(1131 1139 1140 1132)
4(1131 1132 1146 1145)
4(1026 1145 1155 1035)
4(1007 1026 1035 1015)
4(1007 1015 1139 1131)
4(1026 1029 1037 1035)
4(1025 1028 1036 1034)
4(1025 1034 1035 1026)
4(1019 1031 1034 1025)
4(1019 1023 1033 1031)
4(1006 1014 1034 1025)
4(1001 1011 1014 1006)
4(1001 1019 1031 1011)
4(1006 1014 1015 1007)
4(1004 1013 1015 1007)
4(1003 1012 1013 1004)
4(1003 1006 1014 1012)
4(1127 1137 1139 1131)
4(1004 1013 1137 1127)
4(1128 1138 1140 1132)
4(1127 1137 1138 1128)
4(1127 1128 1132 1131)
4(1128 1138 1141 1134)
4(1128 1134 1136 1132)
4(1114 1128 1138 1122)
4(1114 1122 1124 1118)
4(1114 1118 1134 1128)
4(1113 1127 1137 1121)
4(1113 1121 1122 1114)
4(1113 1114 1128 1127)
4(985 993 1121 1113)
4(985 1004 1013 993)
4(1109 1119 1121 1113)
4(982 991 1119 1109)
4(982 985 993 991)
4(1110 1120 1122 1114)
4(1109 1119 1120 1110)
4(1109 1110 1114 1113)
4(1110 1120 1123 1116)
4(1110 1116 1118 1114)
4(1096 1110 1120 1104)
4(1096 1104 1106 1100)
4(1096 1100 1116 1110)
4(1095 1109 1119 1103)
4(1095 1103 1104 1096)
4(1095 1096 1110 1109)
4(963 971 1103 1095)
4(963 982 991 971)
4(1091 1101 1103 1095)
4(960 969 1101 1091)
4(960 963 971 969)
4(1092 1102 1104 1096)
4(1091 1101 1102 1092)
4(1091 1092 1096 1095)
4(1092 1102 1105 1098)
4(1092 1098 1100 1096)
4(1078 1092 1102 1086)
4(1078 1086 1088 1082)
4(1078 1082 1098 1092)
4(1077 1091 1101 1085)
4(1077 1085 1086 1078)
4(1077 1078 1092 1091)
4(941 949 1085 1077)
4(941 960 969 949)
4(1073 1083 1085 1077)
4(938 947 1083 1073)
4(938 941 949 947)
4(1074 1084 1086 1078)
4(1073 1083 1084 1074)
4(1073 1074 1078 1077)
4(1074 1084 1087 1080)
4(1074 1080 1082 1078)
4(605 1074 1084 613)
4(605 609 1080 1074)
4(605 613 615 609)
4(604 1073 1083 612)
4(604 612 613 605)
4(604 605 1074 1073)
4(481 938 947 489)
4(481 489 612 604)
4(937 938 947 946)
4(480 937 946 488)
4(480 488 489 481)
4(940 941 949 948)
4(937 940 948 946)
4(959 960 969 968)
4(940 959 968 948)
4(962 963 971 970)
4(959 962 970 968)
4(981 982 991 990)
4(962 981 990 970)
4(984 985 993 992)
4(981 984 992 990)
4(984 1003 1012 992)
4(997 1003 1012 1009)
4(979 997 1009 989)
4(979 989 992 984)
4(997 1001 1011 1009)
4(1000 1001 1011 1010)
4(996 997 1001 1000)
4(996 1008 1009 997)
4(1018 1019 1031 1030)
4(1000 1001 1019 1018)
4(1018 1019 1023 1022)
4(1020 1021 1023 1022)
4(1016 1017 1021 1020)
4(1016 1018 1019 1017)
4(1038 1039 1041 1040)
4(1020 1021 1039 1038)
3(1038 1254 1040)
3(1040 1254 1041)
3(1041 1254 1039)
3(1039 1254 1038)
3(1044 1254 1040)
3(1042 1038 1254)
3(1042 1254 1044)
3(1045 1254 1041)
3(1045 1044 1254)
3(1039 1043 1254)
3(1043 1045 1254)
3(1202 1043 1254)
3(1202 1254 1039)
3(1043 1202 1039)
3(1202 1042 1254)
3(1042 1202 1043)
3(1043 1254 1042)
3(1038 1254 1202)
3(1038 1202 1042)
3(1039 1202 1038)
3(1202 1253 1039)
3(1038 1253 1202)
3(1038 1039 1253)
3(1202 1253 1043)
3(1039 1043 1253)
3(1202 1253 1042)
3(1043 1042 1253)
3(1042 1038 1253)
3(764 1038 1253)
3(768 764 1253)
3(768 1253 1042)
3(1039 1253 765)
3(764 765 1253)
4(764 1038 1039 765)
3(765 769 1253)
3(1043 1253 769)
3(769 1253 768)
4(764 765 769 768)
3(768 1203 1253)
3(1203 769 1253)
3(1203 1253 1042)
3(1203 1253 1043)
4(762 764 765 763)
4(742 764 765 743)
4(740 742 743 741)
4(740 741 763 762)
4(742 1020 1021 743)
4(738 1016 1017 739)
4(738 739 743 742)
4(998 1016 1017 999)
4(716 998 999 717)
4(716 717 739 738)
4(998 1000 1001 999)
4(994 995 999 998)
4(994 996 997 995)
4(712 994 995 713)
4(712 713 717 716)
4(976 994 995 977)
4(690 976 977 691)
4(690 691 713 712)
4(978 996 997 979)
4(976 978 979 977)
4(978 988 989 979)
4(975 987 989 979)
4(974 986 987 975)
4(974 975 979 978)
4(975 987 990 981)
4(957 975 987 967)
4(957 967 970 962)
4(956 957 975 974)
4(956 966 967 957)
4(972 973 975 974)
4(954 955 973 972)
4(954 956 957 955)
4(972 973 977 976)
4(686 972 973 687)
4(686 687 691 690)
4(664 954 955 665)
4(664 665 687 686)
4(950 954 955 951)
4(660 950 951 661)
4(660 661 665 664)
4(952 956 957 953)
4(950 952 953 951)
4(953 965 967 957)
4(952 964 965 953)
4(953 965 968 959)
4(935 953 965 945)
4(935 945 948 940)
4(934 935 953 952)
4(934 944 945 935)
4(932 933 951 950)
4(932 934 935 933)
4(638 932 933 639)
4(638 639 661 660)
4(928 932 933 929)
4(634 928 929 635)
4(634 635 639 638)
4(930 934 935 931)
4(928 930 931 929)
4(931 943 945 935)
4(930 942 943 931)
4(931 943 946 937)
4(475 931 943 485)
4(475 485 488 480)
4(474 475 931 930)
4(474 484 485 475)
4(472 473 929 928)
4(472 474 475 473)
4(178 179 635 634)
4(178 472 473 179)
4(632 633 635 634)
4(176 177 633 632)
4(176 178 179 177)
4(636 637 639 638)
4(632 633 637 636)
4(658 659 661 660)
4(636 637 659 658)
4(662 663 665 664)
4(658 659 663 662)
4(684 685 687 686)
4(662 663 685 684)
4(688 689 691 690)
4(684 685 689 688)
4(710 711 713 712)
4(688 689 711 710)
4(714 715 717 716)
4(710 711 715 714)
4(736 737 739 738)
4(714 715 737 736)
4(736 737 741 740)
4(726 727 741 740)
4(722 723 727 726)
4(722 736 737 723)
4(726 727 749 748)
4(746 747 749 748)
4(725 727 749 747)
4(724 726 727 725)
4(732 734 756 754)
4(725 727 734 732)
4(732 734 735 733)
4(728 732 734 730)
4(728 730 731 729)
4(721 723 730 728)
4(721 725 727 723)
4(706 708 730 728)
4(699 701 708 706)
4(699 721 723 701)
4(706 708 709 707)
4(702 706 708 704)
4(702 704 705 703)
4(695 697 704 702)
4(695 699 701 697)
4(680 682 704 702)
4(673 675 682 680)
4(673 695 697 675)
4(680 682 683 681)
4(676 680 682 678)
4(676 678 679 677)
4(669 671 678 676)
4(669 673 675 671)
4(654 656 678 676)
4(647 649 656 654)
4(647 669 671 649)
4(654 656 657 655)
4(650 654 656 652)
4(650 652 653 651)
4(643 645 652 650)
4(643 647 649 645)
4(628 630 652 650)
4(621 623 630 628)
4(621 643 645 623)
4(628 630 631 629)
4(624 628 630 626)
4(624 626 627 625)
4(617 619 626 624)
4(617 621 623 619)
4(168 170 626 624)
4(161 163 170 168)
4(161 617 619 163)
4(168 170 171 169)
4(164 168 170 166)
4(164 166 167 165)
4(157 159 166 164)
4(157 161 163 159)
4(142 144 166 164)
4(135 137 144 142)
4(135 157 159 137)
4(142 144 145 143)
4(138 142 144 140)
4(138 140 141 139)
4(131 133 140 138)
4(131 135 137 133)
4(116 118 140 138)
4(109 111 118 116)
4(109 131 133 111)
4(116 118 119 117)
4(112 116 118 114)
4(112 114 115 113)
4(105 107 114 112)
4(105 109 111 107)
4(90 92 114 112)
4(83 85 92 90)
4(83 105 107 85)
4(90 92 93 91)
4(86 90 92 88)
4(86 88 89 87)
4(79 81 88 86)
4(79 83 85 81)
4(64 66 88 86)
4(57 59 66 64)
4(57 79 81 59)
4(64 66 67 65)
4(60 64 66 62)
4(60 62 63 61)
4(53 55 62 60)
4(53 57 59 55)
4(38 40 62 60)
4(31 33 40 38)
4(31 53 55 33)
4(38 40 41 39)
4(35 37 41 39)
4(34 36 37 35)
4(34 38 40 36)
4(204 206 210 208)
4(35 37 206 204)
4(208 209 211 210)
4(206 210 211 207)
4(204 206 207 205)
4(205 207 211 209)
4(226 227 229 228)
4(210 228 229 211)
4(209 211 229 227)
4(230 231 233 232)
4(228 232 233 229)
4(227 229 233 231)
4(248 249 251 250)
4(232 250 251 233)
4(231 233 251 249)
4(252 253 255 254)
4(250 254 255 251)
4(249 251 255 253)
4(270 271 273 272)
4(254 272 273 255)
4(253 255 273 271)
4(274 275 277 276)
4(272 276 277 273)
4(271 273 277 275)
4(292 293 295 294)
4(276 294 295 277)
4(275 277 295 293)
4(296 297 299 298)
4(294 298 299 295)
4(293 295 299 297)
4(314 315 317 316)
4(298 316 317 299)
4(297 299 317 315)
4(318 319 321 320)
4(316 320 321 317)
4(315 317 321 319)
4(785 786 788 787)
4(320 787 788 321)
4(319 321 788 786)
4(789 790 792 791)
4(787 791 792 788)
4(786 788 792 790)
4(807 808 810 809)
4(791 809 810 792)
4(790 792 810 808)
4(811 812 814 813)
4(809 813 814 810)
4(808 810 814 812)
4(829 830 832 831)
4(813 831 832 814)
4(812 814 832 830)
4(833 834 836 835)
4(831 835 836 832)
4(830 832 836 834)
4(851 852 854 853)
4(835 853 854 836)
4(834 836 854 852)
4(855 856 858 857)
4(853 857 858 854)
4(852 854 858 856)
4(873 874 876 875)
4(857 875 876 858)
4(856 858 876 874)
4(877 878 880 879)
4(875 879 880 876)
4(874 876 880 878)
4(879 897 898 880)
4(878 880 898 896)
4(897 898 908 907)
4(880 889 908 898)
4(879 888 889 880)
3(897 1249 907)
3(907 1249 908)
3(908 1249 898)
3(897 898 1249)
3(907 910 1249)
3(901 897 1249)
3(901 1249 910)
3(911 1249 908)
3(910 1249 911)
3(898 902 1249)
3(902 911 1249)
4(898 908 911 902)
3(902 1249 901)
3(901 1194 1249)
3(1194 902 1249)
3(901 902 1194)
3(1194 1249 910)
3(910 901 1194)
3(1194 1249 911)
3(911 910 1194)
3(902 911 1194)
3(1194 902 1252)
3(1194 1252 911)
3(911 1252 902)
3(901 1252 1194)
3(902 1252 901)
3(1194 910 1252)
3(901 1252 910)
3(910 1252 911)
3(923 910 1252)
3(923 1252 911)
3(923 919 1252)
3(910 1252 919)
3(924 1252 923)
3(920 1252 924)
3(920 919 1252)
3(923 924 911)
3(924 1252 911)
3(902 920 1252)
3(919 1252 901)
4(898 908 913 904)
4(898 904 906 902)
4(889 908 913 893)
4(880 889 893 884)
4(880 884 904 898)
4(890 909 914 894)
4(889 890 894 893)
4(890 1148 1153 894)
4(1144 1148 1153 1151)
4(887 1144 1151 892)
4(887 892 894 890)
4(1144 1146 1152 1151)
4(1130 1135 1151 1144)
4(1130 1132 1136 1135)
4(1130 1144 1146 1132)
4(868 1130 1135 872)
4(868 872 892 887)
4(1126 1130 1135 1133)
4(865 1126 1133 870)
4(865 870 872 868)
4(1126 1128 1134 1133)
4(1126 1130 1132 1128)
4(1112 1117 1133 1126)
4(1112 1114 1118 1117)
4(1112 1126 1128 1114)
4(846 1112 1117 850)
4(846 850 870 865)
4(1108 1112 1117 1115)
4(843 1108 1115 848)
4(843 848 850 846)
4(1108 1110 1116 1115)
4(1108 1112 1114 1110)
4(1094 1099 1115 1108)
4(1094 1096 1100 1099)
4(1094 1108 1110 1096)
4(824 1094 1099 828)
4(824 828 848 843)
4(1090 1094 1099 1097)
4(821 1090 1097 826)
4(821 826 828 824)
4(1090 1092 1098 1097)
4(1090 1094 1096 1092)
4(1076 1081 1097 1090)
4(1076 1078 1082 1081)
4(1076 1090 1092 1078)
4(802 1076 1081 806)
4(802 806 826 821)
4(1072 1076 1081 1079)
4(799 1072 1079 804)
4(799 804 806 802)
4(1072 1074 1080 1079)
4(1072 1076 1078 1074)
4(603 608 1079 1072)
4(603 605 609 608)
4(603 1072 1074 605)
4(331 335 804 799)
4(331 603 608 335)
4(798 803 804 799)
4(330 334 803 798)
4(330 331 335 334)
4(801 805 806 802)
4(798 803 805 801)
4(820 825 826 821)
4(801 805 825 820)
4(823 827 828 824)
4(820 825 827 823)
4(842 847 848 843)
4(823 827 847 842)
4(845 849 850 846)
4(842 847 849 845)
4(864 869 870 865)
4(845 849 869 864)
4(867 871 872 868)
4(864 869 871 867)
4(886 891 892 887)
4(867 871 891 886)
4(886 891 893 889)
4(876 886 891 882)
4(876 880 889 886)
4(876 882 884 880)
4(858 876 886 867)
4(858 867 871 862)
4(858 862 882 876)
4(875 876 886 885)
4(857 866 867 858)
4(854 864 867 858)
4(853 863 864 854)
4(854 864 869 860)
4(854 860 862 858)
4(836 854 864 845)
4(836 845 849 840)
4(836 840 860 854)
4(835 844 845 836)
4(832 842 845 836)
4(831 841 842 832)
4(832 842 847 838)
4(832 838 840 836)
4(814 832 842 823)
4(814 823 827 818)
4(814 818 838 832)
4(813 822 823 814)
4(810 820 823 814)
4(809 819 820 810)
4(810 820 825 816)
4(810 816 818 814)
4(792 810 820 801)
4(792 801 805 796)
4(792 796 816 810)
4(791 800 801 792)
4(788 798 801 792)
4(787 797 798 788)
4(788 798 803 794)
4(788 794 796 792)
4(321 788 798 330)
4(321 330 334 325)
4(321 325 794 788)
4(320 329 330 321)
4(317 327 330 321)
4(316 326 327 317)
4(327 330 334 332)
4(317 327 332 323)
4(317 323 325 321)
4(328 331 335 333)
4(327 328 333 332)
4(599 603 608 606)
4(328 599 606 333)
4(601 605 609 607)
4(599 601 607 606)
4(599 603 605 601)
4(601 611 614 607)
4(601 605 613 611)
4(587 601 611 595)
4(587 595 597 591)
4(587 591 607 601)
4(600 601 611 610)
4(586 600 610 594)
4(586 594 595 587)
4(586 587 601 600)
4(600 604 612 610)
4(600 601 605 604)
4(478 487 610 600)
4(478 481 489 487)
4(459 467 594 586)
4(459 478 487 467)
4(582 592 594 586)
4(456 465 592 582)
4(456 459 467 465)
4(583 593 595 587)
4(582 592 593 583)
4(582 583 587 586)
4(583 593 596 589)
4(583 589 591 587)
4(569 583 593 577)
4(569 577 579 573)
4(569 573 589 583)
4(568 582 592 576)
4(568 576 577 569)
4(568 569 583 582)
4(437 445 576 568)
4(437 456 465 445)
4(564 574 576 568)
4(434 443 574 564)
4(434 437 445 443)
4(565 575 577 569)
4(564 574 575 565)
4(564 565 569 568)
4(565 575 578 571)
4(565 571 573 569)
4(551 565 575 559)
4(551 559 561 555)
4(551 555 571 565)
4(550 564 574 558)
4(550 558 559 551)
4(550 551 565 564)
4(415 423 558 550)
4(415 434 443 423)
4(546 556 558 550)
4(412 421 556 546)
4(412 415 423 421)
4(547 557 559 551)
4(546 556 557 547)
4(546 547 551 550)
4(547 557 560 553)
4(547 553 555 551)
4(533 547 557 541)
4(533 541 543 537)
4(533 537 553 547)
4(532 546 556 540)
4(532 540 541 533)
4(532 533 547 546)
4(393 401 540 532)
4(393 412 421 401)
4(528 538 540 532)
4(390 399 538 528)
4(390 393 401 399)
4(529 539 541 533)
4(528 538 539 529)
4(528 529 533 532)
4(529 539 542 535)
4(529 535 537 533)
4(515 529 539 523)
4(515 523 525 519)
4(515 519 535 529)
4(514 528 538 522)
4(514 522 523 515)
4(514 515 529 528)
4(371 379 522 514)
4(371 390 399 379)
4(510 520 522 514)
4(368 377 520 510)
4(368 371 379 377)
4(511 521 523 515)
4(510 520 521 511)
4(510 511 515 514)
4(511 521 524 517)
4(511 517 519 515)
4(497 511 521 505)
4(497 505 507 501)
4(497 501 517 511)
3(497 511 1243)
3(505 497 1243)
3(521 505 1243)
3(511 521 1243)
3(497 496 1243)
3(510 1243 496)
3(511 1243 510)
4(496 497 511 510)
3(496 1243 504)
3(504 1243 505)
4(496 504 505 497)
3(496 1243 1211)
3(1211 1243 504)
3(496 1211 504)
3(1211 510 1243)
3(510 1211 496)
3(1211 520 1243)
3(510 1243 520)
3(520 1211 510)
3(520 1243 504)
3(504 1211 520)
3(520 1243 521)
3(1211 1242 504)
3(1211 520 1242)
3(520 504 1242)
3(496 1211 1242)
3(504 496 1242)
3(1211 1242 510)
3(496 510 1242)
3(510 520 1242)
3(368 377 1242)
3(510 368 1242)
3(377 520 1242)
3(349 1242 368)
4(349 368 377 357)
3(357 1242 349)
3(377 1242 357)
4(349 496 510 368)
3(496 349 1242)
4(349 1419 1428 368)
4(347 1417 1427 367)
4(347 367 368 349)
4(366 346 1416 1426)
4(346 366 367 347)
4(341 1413 1424 359)
4(341 346 1416 1413)
4(341 359 366 346)
4(23 341 1413 1283)
4(23 45 359 341)
4(337 341 1413 1410)
4(19 23 341 337)
3(346 337 341)
3(346 337 1231)
3(346 1231 341)
3(337 341 1231)
3(344 1231 346)
3(344 337 1231)
3(347 1231 346)
3(344 1231 347)
3(1198 1231 346)
3(1198 347 1231)
3(346 347 1198)
3(341 1198 1231)
3(341 346 1198)
3(1198 1231 343)
3(341 343 1231)
3(343 341 1198)
3(347 1231 343)
3(347 343 1198)
3(339 345 1231)
3(345 347 1231)
3(343 339 1231)
4(339 343 347 345)
3(345 1231 344)
3(339 337 1231)
4(337 341 343 339)
3(337 341 1230)
3(339 337 1230)
3(343 339 1230)
3(341 343 1230)
3(1196 341 1230)
3(1196 1230 337)
3(341 1196 337)
3(1196 340 1230)
3(341 1230 340)
3(340 1196 341)
3(336 1230 1196)
3(340 1230 336)
3(336 1196 340)
3(336 1230 337)
3(337 1196 336)
3(338 1230 339)
3(338 336 1230)
3(343 342 1230)
3(342 338 1230)
4(338 342 343 339)
3(340 342 1230)
4(340 341 343 342)
3(340 1233 342)
3(342 1233 343)
3(343 1233 341)
3(341 1233 340)
3(360 1233 342)
3(358 340 1233)
3(358 1233 360)
3(361 1233 343)
4(342 360 361 343)
3(361 360 1233)
3(341 359 1233)
4(341 343 361 359)
3(359 361 1233)
3(1199 359 1233)
3(1199 1233 341)
3(359 1199 341)
3(1199 358 1233)
3(358 1199 359)
3(359 1233 358)
3(340 1233 1199)
3(340 1199 358)
3(341 1199 340)
3(1199 1232 341)
3(340 1232 1199)
3(340 341 1232)
3(1199 1232 359)
3(341 359 1232)
3(1199 1232 358)
3(359 358 1232)
3(358 340 1232)
3(22 340 1232)
3(44 22 1232)
3(44 1232 358)
3(1197 340 1232)
3(22 1197 1232)
3(340 1197 22)
3(1197 341 1232)
3(341 1197 340)
3(1197 23 1232)
3(341 1232 23)
3(23 1197 341)
3(22 23 1232)
3(22 1197 23)
3(23 1232 45)
3(45 1232 44)
4(22 23 45 44)
3(359 1232 45)
4(44 45 359 358)
4(48 49 363 362)
4(358 362 363 359)
4(44 45 49 48)
4(70 71 381 380)
4(362 380 381 363)
4(48 49 71 70)
4(74 75 385 384)
4(380 384 385 381)
4(70 71 75 74)
4(96 97 403 402)
4(384 402 403 385)
4(74 75 97 96)
4(100 101 407 406)
4(402 406 407 403)
4(96 97 101 100)
4(122 123 425 424)
4(406 424 425 407)
4(100 101 123 122)
4(126 127 429 428)
4(424 428 429 425)
4(122 123 127 126)
4(148 149 447 446)
4(428 446 447 429)
4(126 127 149 148)
4(152 153 451 450)
4(446 450 451 447)
4(148 149 153 152)
4(174 175 469 468)
4(450 468 469 451)
4(152 153 175 174)
4(468 472 473 469)
4(174 175 179 178)
4(470 474 475 471)
4(468 470 471 469)
4(471 483 485 475)
4(470 482 483 471)
4(477 486 488 480)
4(471 483 486 477)
4(477 486 487 478)
4(458 477 486 466)
4(458 466 467 459)
4(453 471 483 463)
4(453 463 466 458)
4(452 453 471 470)
4(452 462 463 453)
4(450 452 453 451)
4(448 452 453 449)
4(446 448 449 447)
4(449 461 463 453)
4(448 460 461 449)
4(455 464 466 458)
4(449 461 464 455)
4(455 464 465 456)
4(436 455 464 444)
4(436 444 445 437)
4(431 449 461 441)
4(431 441 444 436)
4(430 431 449 448)
4(430 440 441 431)
4(428 430 431 429)
4(426 430 431 427)
4(424 426 427 425)
4(427 439 441 431)
4(426 438 439 427)
4(433 442 444 436)
4(427 439 442 433)
4(433 442 443 434)
4(414 433 442 422)
4(414 422 423 415)
4(409 427 439 419)
4(409 419 422 414)
4(408 409 427 426)
4(408 418 419 409)
4(406 408 409 407)
4(404 408 409 405)
4(402 404 405 403)
4(405 417 419 409)
4(404 416 417 405)
4(411 420 422 414)
4(405 417 420 411)
4(411 420 421 412)
4(392 411 420 400)
4(392 400 401 393)
4(387 405 417 397)
4(387 397 400 392)
4(386 387 405 404)
4(386 396 397 387)
4(384 386 387 385)
4(382 386 387 383)
4(380 382 383 381)
4(383 395 397 387)
4(382 394 395 383)
4(389 398 400 392)
4(383 395 398 389)
4(389 398 399 390)
4(370 389 398 378)
4(370 378 379 371)
4(365 383 395 375)
4(365 375 378 370)
4(364 365 383 382)
4(364 374 375 365)
4(362 364 365 363)
4(360 364 365 361)
4(359 361 365 363)
4(358 360 361 359)
4(361 373 375 365)
4(360 372 373 361)
4(367 376 378 370)
4(361 373 376 367)
4(361 367 370 365)
4(367 376 377 368)
4(347 367 376 356)
4(347 356 357 349)
4(343 361 373 353)
4(343 353 356 347)
4(343 347 367 361)
4(342 352 353 343)
4(339 351 353 343)
4(345 354 356 347)
4(348 355 357 349)
3(348 1238 349)
3(355 1238 348)
3(357 1238 355)
3(349 1238 357)
3(492 348 1238)
3(492 1238 349)
3(502 1238 492)
3(502 355 1238)
3(492 1206 1238)
3(1206 502 1238)
3(492 502 1206)
3(1206 1238 496)
3(492 496 1238)
3(496 492 1206)
3(1206 1238 504)
3(496 504 1238)
3(504 496 1206)
3(504 502 1238)
3(502 504 1206)
3(357 1238 504)
3(1207 1238 504)
3(1207 357 1238)
3(504 357 1207)
3(1207 1238 496)
3(496 504 1207)
3(349 1207 1238)
3(349 496 1207)
3(496 349 1238)
3(357 349 1207)
3(1207 357 1242)
3(349 1207 1242)
3(1207 504 1242)
3(357 1242 504)
3(1207 496 1242)
3(1206 502 1239)
3(1206 1239 504)
3(504 1239 502)
3(492 1239 1206)
3(502 1239 492)
3(1206 496 1239)
3(496 492 1239)
3(496 1239 504)
3(504 505 1239)
3(497 496 1239)
3(497 1239 505)
3(503 1239 502)
3(505 1239 503)
3(492 493 1239)
3(503 1239 493)
3(1201 493 1239)
3(492 1201 1239)
3(1201 497 1239)
3(493 1239 497)
3(1201 496 1239)
4(493 503 505 497)
4(499 506 507 501)
4(493 499 501 497)
3(493 499 1237)
3(497 493 1237)
3(501 497 1237)
3(499 501 1237)
3(491 498 1237)
3(493 491 1237)
3(498 499 1237)
3(1204 498 1237)
3(491 1204 1237)
3(1204 500 1237)
3(498 1237 500)
3(1204 495 1237)
3(500 1237 495)
3(491 495 1237)
3(1200 495 1237)
3(491 1200 1237)
3(1200 497 1237)
3(495 1237 497)
3(1200 493 1237)
3(501 500 1237)
4(495 500 501 497)
3(495 1241 497)
3(500 1241 495)
3(497 1241 501)
3(501 1241 500)
3(495 1241 509)
3(509 1241 511)
3(511 1241 497)
4(495 509 511 497)
3(495 1241 1209)
3(1209 1241 509)
3(495 1209 509)
3(1209 500 1241)
3(500 1209 495)
3(1209 516 1241)
3(500 1241 516)
3(516 1209 500)
3(516 1241 509)
3(509 1209 516)
3(517 1241 511)
3(517 516 1241)
4(509 516 517 511)
3(501 517 1241)
4(513 518 519 515)
4(509 516 518 513)
4(509 513 515 511)
4(527 534 535 529)
4(513 518 534 527)
4(513 527 529 515)
4(531 536 537 533)
4(527 534 536 531)
4(527 531 533 529)
4(545 552 553 547)
4(531 536 552 545)
4(531 545 547 533)
4(549 554 555 551)
4(545 552 554 549)
4(545 549 551 547)
4(563 570 571 565)
4(549 554 570 563)
4(549 563 565 551)
4(567 572 573 569)
4(563 570 572 567)
4(563 567 569 565)
4(581 588 589 583)
4(567 572 588 581)
4(567 581 583 569)
4(585 590 591 587)
4(581 588 590 585)
4(581 585 587 583)
4(585 590 606 599)
4(585 599 601 587)
4(309 585 590 313)
4(309 313 333 328)
4(306 581 588 311)
4(306 311 313 309)
4(287 567 572 291)
4(287 291 311 306)
4(284 563 570 289)
4(284 289 291 287)
4(265 549 554 269)
4(265 269 289 284)
4(262 545 552 267)
4(262 267 269 265)
4(243 531 536 247)
4(243 247 267 262)
4(240 527 534 245)
4(240 245 247 243)
4(221 513 518 225)
4(218 509 516 223)
3(218 509 1240)
3(516 1240 509)
3(509 1240 495)
3(495 1209 1240)
3(1209 509 1240)
3(1209 1240 500)
3(1209 1240 516)
4(242 246 247 243)
4(239 244 246 242)
4(261 266 267 262)
4(242 246 266 261)
4(264 268 269 265)
4(261 266 268 264)
4(283 288 289 284)
4(264 268 288 283)
4(286 290 291 287)
4(283 288 290 286)
4(305 310 311 306)
4(286 290 310 305)
4(308 312 313 309)
4(305 310 312 308)
4(308 312 332 327)
4(299 317 327 308)
4(299 308 312 303)
4(299 303 323 317)
4(298 307 308 299)
4(295 305 308 299)
4(294 304 305 295)
4(295 305 310 301)
4(295 301 303 299)
4(277 295 305 286)
4(277 286 290 281)
4(277 281 301 295)
4(276 285 286 277)
4(273 283 286 277)
4(272 282 283 273)
4(273 283 288 279)
4(273 279 281 277)
4(255 273 283 264)
4(255 264 268 259)
4(255 259 279 273)
4(254 263 264 255)
4(251 261 264 255)
4(250 260 261 251)
4(251 261 266 257)
4(251 257 259 255)
4(233 251 261 242)
4(233 242 246 237)
4(233 237 257 251)
4(232 241 242 233)
4(229 239 242 233)
4(228 238 239 229)
4(229 239 244 235)
4(229 235 237 233)
4(211 229 239 220)
4(211 220 224 215)
4(211 215 235 229)
4(210 219 220 211)
4(207 217 220 211)
4(206 216 217 207)
4(207 217 222 213)
4(207 213 215 211)
4(189 207 217 197)
3(189 207 1228)
3(197 189 1228)
3(217 197 1228)
3(207 217 1228)
3(189 188 1228)
3(207 1228 206)
3(206 1228 188)
4(188 189 207 206)
3(188 1228 1190)
3(1190 1228 189)
3(1190 196 1228)
3(188 1228 196)
3(1190 197 1228)
3(196 1228 197)
3(216 1228 217)
3(196 1228 216)
3(206 216 1228)
3(188 189 1227)
3(206 188 1227)
3(207 206 1227)
3(207 1227 189)
3(186 1227 188)
4(186 188 189 187)
3(189 1227 187)
3(187 1227 186)
3(186 1227 1191)
3(1191 1227 188)
3(186 1191 188)
3(1191 204 1227)
3(204 1191 186)
3(186 1227 204)
3(1191 206 1227)
3(206 1191 204)
3(204 1227 206)
3(188 1191 206)
3(1191 1226 188)
3(1191 206 1226)
3(206 188 1226)
3(186 1191 1226)
3(188 186 1226)
3(1191 1226 204)
3(186 204 1226)
3(204 206 1226)
3(35 37 1226)
3(204 35 1226)
3(37 206 1226)
3(13 1226 35)
3(15 1226 13)
4(13 35 37 15)
3(37 1226 15)
3(186 13 1226)
3(13 1226 1189)
3(1189 1226 186)
3(13 1189 186)
3(1189 15 1226)
3(15 1189 13)
3(1189 188 1226)
3(188 1189 15)
3(15 1226 188)
3(186 1189 188)
3(1189 1223 186)
3(1189 188 1223)
3(186 1223 188)
3(13 1189 1223)
3(186 13 1223)
3(1189 1223 15)
3(13 15 1223)
3(15 188 1223)
3(11 183 1223)
3(15 11 1223)
3(188 1223 183)
3(10 182 1223)
3(11 10 1223)
3(183 1223 182)
3(10 13 1223)
3(182 1223 186)
4(10 13 15 11)
3(10 13 1220)
3(13 15 1220)
3(15 11 1220)
3(11 10 1220)
3(8 12 1220)
3(13 1220 12)
3(8 1220 10)
3(12 1220 14)
3(14 1220 9)
3(9 1220 8)
4(8 12 14 9)
3(14 15 1220)
4(12 13 15 14)
3(14 11 1220)
3(9 11 1220)
4(12 34 36 14)
4(27 34 36 29)
4(5 27 29 7)
4(5 7 14 12)
4(27 31 33 29)
4(30 31 33 32)
4(28 32 33 29)
4(26 28 29 27)
4(52 53 55 54)
4(32 54 55 33)
4(56 57 59 58)
4(54 58 59 55)
4(78 79 81 80)
4(58 80 81 59)
4(82 83 85 84)
4(80 84 85 81)
4(104 105 107 106)
4(84 106 107 85)
4(108 109 111 110)
4(106 110 111 107)
4(130 131 133 132)
4(110 132 133 111)
4(134 135 137 136)
4(132 136 137 133)
4(156 157 159 158)
4(136 158 159 137)
4(160 161 163 162)
4(158 162 163 159)
4(616 617 619 618)
4(162 618 619 163)
4(620 621 623 622)
4(618 622 623 619)
4(642 643 645 644)
4(622 644 645 623)
4(646 647 649 648)
4(644 648 649 645)
4(668 669 671 670)
4(648 670 671 649)
4(672 673 675 674)
4(670 674 675 671)
4(694 695 697 696)
4(674 696 697 675)
4(698 699 701 700)
4(696 700 701 697)
4(720 721 723 722)
4(700 722 723 701)
4(700 714 715 701)
4(696 710 711 697)
4(674 688 689 675)
4(670 684 685 671)
4(648 662 663 649)
4(644 658 659 645)
4(622 636 637 623)
4(618 632 633 619)
4(162 176 177 163)
4(172 176 177 173)
4(158 172 173 159)
4(172 174 175 173)
4(150 151 173 172)
4(150 152 153 151)
4(136 150 151 137)
4(146 150 151 147)
4(132 146 147 133)
4(146 148 149 147)
4(124 125 147 146)
4(124 126 127 125)
4(110 124 125 111)
4(120 124 125 121)
4(106 120 121 107)
4(120 122 123 121)
4(98 99 121 120)
4(98 100 101 99)
4(84 98 99 85)
4(94 98 99 95)
4(80 94 95 81)
4(94 96 97 95)
4(72 73 95 94)
4(72 74 75 73)
4(58 72 73 59)
4(68 72 73 69)
4(54 68 69 55)
4(68 70 71 69)
4(46 47 69 68)
4(46 48 49 47)
4(32 46 47 33)
4(42 46 47 43)
4(28 42 43 29)
4(42 44 45 43)
4(20 21 43 42)
4(20 22 23 21)
4(6 7 29 28)
4(6 20 21 7)
4(16 20 21 17)
4(3 17 21 7)
3(16 1221 17)
3(17 1221 21)
3(21 1221 20)
3(20 1221 16)
3(19 1221 17)
3(18 16 1221)
3(18 1221 19)
3(21 19 1221)
3(23 1221 21)
3(19 1221 23)
3(20 22 1221)
3(23 1221 22)
3(22 1221 18)
4(18 22 23 19)
3(18 1229 19)
3(19 1229 23)
3(23 1229 22)
3(22 1229 18)
3(337 1229 19)
3(336 1229 337)
3(336 18 1229)
3(341 1229 23)
3(337 1229 341)
3(1197 1229 23)
3(1197 341 1229)
3(22 1197 1229)
3(1197 1229 340)
3(22 340 1229)
3(341 1229 340)
3(1196 1229 340)
3(1196 341 1229)
3(336 1196 1229)
3(340 336 1229)
3(1196 1229 337)
3(7 3 1222)
3(17 1222 3)
3(7 1222 21)
3(21 1222 17)
3(3 1222 9)
3(9 1222 14)
3(14 1222 7)
4(3 9 14 7)
3(24 9 3)
3(24 3 1222)
3(24 1222 9)
3(17 1222 24)
3(25 1222 24)
3(17 1222 25)
3(9 25 1222)
3(25 1222 14)
3(21 25 1222)
3(1188 1223 186)
3(182 1223 1188)
3(186 182 1188)
3(1188 1223 188)
3(188 186 1188)
3(1188 1223 183)
3(183 188 1188)
3(182 183 1188)
3(182 1224 1188)
3(1188 1224 183)
3(183 1224 182)
3(1188 186 1224)
3(182 1224 186)
3(1188 188 1224)
3(186 1224 188)
3(188 1224 183)
3(183 185 1224)
3(189 188 1224)
3(189 1224 185)
3(182 184 1224)
3(185 1224 184)
3(187 1224 186)
3(184 1224 187)
3(187 1224 189)
3(205 1227 207)
3(205 204 1227)
3(187 205 1227)
4(209 214 215 211)
4(227 234 235 229)
4(231 236 237 233)
4(249 256 257 251)
4(253 258 259 255)
4(271 278 279 273)
4(275 280 281 277)
4(293 300 301 295)
4(297 302 303 299)
4(315 322 323 317)
4(319 324 325 321)
4(786 793 794 788)
4(790 795 796 792)
4(808 815 816 810)
4(812 817 818 814)
4(830 837 838 832)
4(834 839 840 836)
4(852 859 860 854)
4(856 861 862 858)
4(874 881 882 876)
4(878 883 884 880)
4(896 903 904 898)
4(900 905 906 902)
4(918 921 922 920)
4(598 599 601 600)
4(584 586 587 585)
4(602 603 605 604)
4(1071 1072 1074 1073)
4(1075 1076 1078 1077)
4(1089 1090 1092 1091)
4(1093 1094 1096 1095)
4(1107 1108 1110 1109)
4(1111 1112 1114 1113)
4(1125 1126 1128 1127)
4(1129 1130 1132 1131)
4(580 582 583 581)
4(566 568 569 567)
4(562 564 565 563)
4(548 550 551 549)
4(544 546 547 545)
4(530 532 533 531)
4(526 528 529 527)
4(512 514 515 513)
4(508 510 511 509)
4(494 496 497 495)
3(494 496 1235)
3(343 347 1234)
3(361 343 1234)
3(367 361 1234)
3(347 367 1234)
3(1198 347 1234)
3(1198 1234 343)
3(1198 346 1234)
3(347 1234 346)
3(341 1234 1198)
3(346 1234 341)
3(341 1234 343)
3(341 1234 359)
3(359 1234 361)
3(366 1234 359)
3(346 1234 366)
3(367 366 1234)
4(359 366 367 361)
3(1043 1258 1061)
3(1043 1045 1258)
3(1061 1258 1063)
3(1063 1258 1045)
3(1049 1043 1258)
3(1049 1258 1061)
3(1043 1258 1208)
3(1208 1258 1049)
3(1208 1045 1258)
3(1208 1050 1258)
3(1045 1258 1050)
3(1050 1258 1049)
3(1064 1049 1050)
3(1064 1050 1258)
3(1049 1064 1258)
3(1064 1065 1258)
3(1050 1258 1065)
3(1065 1258 1063)
3(1061 1258 1064)
3(198 1236 201)
3(201 1236 203)
3(201 498 1236)
4(1532 1540 1541 1533)
4(1540 1542 1543 1541)
4(1536 1537 1545 1544)
3(1273 1284 1285)
3(1273 1285 1276)
3(1279 1282 1285)
3(1279 1285 1284)
4(1544 1545 1547 1546)
4(1532 1539 1548 1540)
4(1536 1544 1548 1539)
4(1540 1548 1549 1542)
4(1544 1546 1549 1548)
4(1276 1286 1287 1277)
4(1286 1288 1289 1287)
4(1282 1283 1291 1290)
4(1542 1550 1551 1543)
4(1290 1291 1293 1292)
4(1276 1285 1294 1286)
4(1282 1290 1294 1285)
4(1286 1294 1295 1288)
4(1290 1292 1295 1294)
4(1550 1552 1553 1551)
4(1546 1547 1555 1554)
4(1288 1296 1297 1289)
4(1554 1555 1557 1556)
4(1296 1298 1299 1297)
4(1542 1549 1558 1550)
4(1546 1554 1558 1549)
4(1550 1558 1559 1552)
4(1554 1556 1559 1558)
4(1292 1293 1301 1300)
4(1300 1301 1303 1302)
4(1288 1295 1304 1296)
4(1292 1300 1304 1295)
4(1296 1304 1305 1298)
4(1300 1302 1305 1304)
4(1552 1560 1561 1553)
4(1298 1306 1307 1299)
4(1560 1562 1563 1561)
4(1306 1308 1309 1307)
4(1556 1557 1565 1564)
4(1302 1303 1311 1310)
4(1310 1311 1313 1312)
4(1298 1305 1314 1306)
4(1564 1565 1567 1566)
4(1302 1310 1314 1305)
4(1306 1314 1315 1308)
4(1552 1559 1568 1560)
4(1556 1564 1568 1559)
4(1310 1312 1315 1314)
4(1560 1568 1569 1562)
4(1564 1566 1569 1568)
4(1308 1316 1317 1309)
4(1316 1318 1319 1317)
4(1562 1570 1571 1563)
4(1312 1313 1321 1320)
4(1320 1321 1323 1322)
4(1570 1572 1573 1571)
4(1308 1315 1324 1316)
4(1312 1320 1324 1315)
4(1316 1324 1325 1318)
4(1320 1322 1325 1324)
4(1566 1567 1575 1574)
4(1574 1575 1577 1576)
4(1318 1326 1327 1319)
4(1562 1569 1578 1570)
4(1566 1574 1578 1569)
4(1570 1578 1579 1572)
4(1574 1576 1579 1578)
4(1326 1328 1329 1327)
4(1322 1323 1331 1330)
4(1330 1331 1333 1332)
4(1318 1325 1334 1326)
3(1586 1572 1579)
3(1586 1579 1592)
3(1589 1592 1579)
3(1589 1579 1576)
4(1322 1330 1334 1325)
4(1339 1521 1593 1402)
4(1326 1334 1335 1328)
4(1330 1332 1335 1334)
4(1521 1523 1594 1593)
4(1328 1336 1337 1329)
4(1336 1338 1339 1337)
4(1402 1593 1595 1406)
4(1406 1595 1596 1407)
4(1332 1333 1341 1340)
4(1593 1594 1598 1595)
4(1595 1598 1599 1596)
4(1340 1341 1343 1342)
4(1328 1335 1344 1336)
4(1407 1596 1597 1408)
4(1332 1340 1344 1335)
4(1336 1344 1345 1338)
4(1340 1342 1345 1344)
4(1596 1599 1600 1597)
4(1523 1531 1601 1594)
4(1531 1533 1602 1601)
3(1353 1355 1356)
3(1353 1356 1354)
4(1354 1356 1358 1357)
4(1594 1601 1603 1598)
4(1277 1287 1361 1350)
4(1598 1603 1604 1599)
4(1601 1602 1606 1603)
4(1603 1606 1607 1604)
4(1287 1289 1362 1361)
4(1599 1604 1605 1600)
4(1350 1361 1363 1355)
4(1604 1607 1608 1605)
4(1355 1363 1364 1356)
4(1361 1362 1366 1363)
4(1363 1366 1367 1364)
4(1533 1541 1609 1602)
4(1356 1364 1365 1358)
4(1364 1367 1368 1365)
4(1541 1543 1610 1609)
4(1289 1297 1369 1362)
4(1297 1299 1370 1369)
4(1602 1609 1611 1606)
4(1606 1611 1612 1607)
4(1609 1610 1614 1611)
4(1611 1614 1615 1612)
4(1362 1369 1371 1366)
4(1366 1371 1372 1367)
4(1369 1370 1374 1371)
4(1607 1612 1613 1608)
4(1371 1374 1375 1372)
4(1367 1372 1373 1368)
4(1612 1615 1616 1613)
4(1372 1375 1376 1373)
4(1543 1551 1617 1610)
4(1299 1307 1377 1370)
4(1307 1309 1378 1377)
4(1551 1553 1618 1617)
4(1370 1377 1379 1374)
4(1374 1379 1380 1375)
4(1377 1378 1382 1379)
4(1610 1617 1619 1614)
4(1379 1382 1383 1380)
4(1614 1619 1620 1615)
4(1617 1618 1622 1619)
4(1375 1380 1381 1376)
4(1619 1622 1623 1620)
4(1380 1383 1384 1381)
4(1615 1620 1621 1616)
4(1309 1317 1385 1378)
4(1620 1623 1624 1621)
4(1317 1319 1386 1385)
4(1553 1561 1625 1618)
4(1378 1385 1387 1382)
4(1561 1563 1626 1625)
4(1382 1387 1388 1383)
4(1385 1386 1390 1387)
4(1387 1390 1391 1388)
4(1383 1388 1389 1384)
4(1388 1391 1392 1389)
4(1618 1625 1627 1622)
4(1622 1627 1628 1623)
4(1625 1626 1630 1627)
4(1319 1327 1393 1386)
4(1627 1630 1631 1628)
4(1327 1329 1394 1393)
4(1623 1628 1629 1624)
4(1628 1631 1632 1629)
4(1386 1393 1395 1390)
4(1390 1395 1396 1391)
4(1563 1571 1633 1626)
4(1393 1394 1398 1395)
4(1395 1398 1399 1396)
4(1391 1396 1397 1392)
4(1571 1573 1634 1633)
4(1396 1399 1400 1397)
4(1329 1337 1401 1394)
4(1337 1339 1402 1401)
4(1626 1633 1635 1630)
4(1630 1635 1636 1631)
4(1633 1634 1638 1635)
4(1635 1638 1639 1636)
4(1394 1401 1403 1398)
4(1631 1636 1637 1632)
4(1398 1403 1404 1399)
4(1401 1402 1406 1403)
4(1403 1406 1407 1404)
4(1636 1639 1640 1637)
4(1399 1404 1405 1400)
4(1404 1407 1408 1405)
3(1647 1648 1639)
3(1647 1639 1638)
4(1639 1648 1649 1640)
4(1343 1465 1652 1525)
3(1414 1415 1417)
3(1414 1417 1416)
4(1525 1652 1653 1527)
4(1415 1418 1419 1417)
4(1469 1470 1655 1654)
4(1465 1469 1654 1652)
4(1654 1655 1658 1657)
4(1652 1654 1657 1653)
4(1283 1413 1424 1291)
4(1291 1424 1425 1293)
4(1416 1417 1427 1426)
4(1413 1416 1426 1424)
4(1426 1427 1430 1429)
4(1470 1471 1656 1655)
4(1424 1426 1429 1425)
4(1655 1656 1659 1658)
4(1527 1653 1660 1535)
4(1417 1419 1428 1427)
4(1427 1428 1431 1430)
4(1535 1660 1661 1537)
4(1293 1425 1432 1301)
4(1657 1658 1663 1662)
4(1653 1657 1662 1660)
4(1301 1432 1433 1303)
4(1662 1663 1666 1665)
4(1660 1662 1665 1661)
4(1429 1430 1435 1434)
4(1425 1429 1434 1432)
4(1434 1435 1438 1437)
4(1432 1434 1437 1433)
4(1658 1659 1664 1663)
4(1430 1431 1436 1435)
4(1435 1436 1439 1438)
4(1663 1664 1667 1666)
4(1537 1661 1668 1545)
4(1303 1433 1440 1311)
4(1311 1440 1441 1313)
4(1545 1668 1669 1547)
4(1437 1438 1443 1442)
4(1433 1437 1442 1440)
4(1442 1443 1446 1445)
4(1440 1442 1445 1441)
4(1665 1666 1671 1670)
4(1661 1665 1670 1668)
4(1670 1671 1674 1673)
4(1668 1670 1673 1669)
4(1438 1439 1444 1443)
4(1443 1444 1447 1446)
4(1666 1667 1672 1671)
4(1313 1441 1448 1321)
4(1321 1448 1449 1323)
4(1671 1672 1675 1674)
4(1547 1669 1676 1555)
4(1445 1446 1451 1450)
4(1441 1445 1450 1448)
4(1450 1451 1454 1453)
4(1448 1450 1453 1449)
4(1555 1676 1677 1557)
4(1446 1447 1452 1451)
4(1673 1674 1679 1678)
4(1669 1673 1678 1676)
4(1678 1679 1682 1681)
4(1676 1678 1681 1677)
4(1451 1452 1455 1454)
4(1323 1449 1456 1331)
4(1331 1456 1457 1333)
4(1453 1454 1459 1458)
4(1674 1675 1680 1679)
4(1449 1453 1458 1456)
4(1458 1459 1462 1461)
4(1456 1458 1461 1457)
4(1679 1680 1683 1682)
4(1557 1677 1684 1565)
4(1454 1455 1460 1459)
4(1565 1684 1685 1567)
4(1459 1460 1463 1462)
4(1333 1457 1464 1341)
4(1681 1682 1687 1686)
4(1677 1681 1686 1684)
4(1686 1687 1690 1689)
4(1684 1686 1689 1685)
4(1341 1464 1465 1343)
4(1461 1462 1467 1466)
4(1457 1461 1466 1464)
4(1466 1467 1470 1469)
4(1464 1466 1469 1465)
4(1682 1683 1688 1687)
4(1462 1463 1468 1467)
4(1687 1688 1691 1690)
4(1567 1685 1692 1575)
4(1467 1468 1471 1470)
4(1575 1692 1693 1577)
3(1473 1357 1358)
3(1473 1358 1477)
4(1689 1690 1695 1694)
4(1685 1689 1694 1692)
3(1474 1478 1419)
3(1474 1419 1418)
4(1694 1695 1698 1697)
4(1692 1694 1697 1693)
4(1476 1484 1486 1478)
4(1476 1477 1485 1484)
4(1484 1487 1489 1486)
4(1690 1691 1696 1695)
4(1484 1485 1488 1487)
4(1358 1365 1485 1477)
4(1695 1696 1699 1698)
4(1365 1368 1488 1485)
4(1419 1478 1486 1428)
3(1704 1697 1698)
3(1704 1698 1705)
4(1428 1486 1489 1431)
4(1698 1699 1706 1705)
4(1517 1711 1713 1519)
4(1517 1518 1712 1711)
4(1711 1714 1716 1713)
4(1711 1712 1715 1714)
4(1487 1490 1492 1489)
4(1408 1597 1712 1518)
4(1487 1488 1491 1490)
4(1490 1493 1495 1492)
4(1490 1491 1494 1493)
4(1368 1373 1491 1488)
4(1597 1600 1715 1712)
4(1373 1376 1494 1491)
4(1471 1519 1713 1656)
4(1431 1489 1492 1436)
4(1436 1492 1495 1439)
4(1656 1713 1716 1659)
4(1714 1717 1719 1716)
4(1714 1715 1718 1717)
4(1493 1496 1498 1495)
4(1493 1494 1497 1496)
4(1717 1720 1722 1719)
4(1496 1499 1501 1498)
4(1717 1718 1721 1720)
4(1496 1497 1500 1499)
4(1376 1381 1497 1494)
4(1600 1605 1718 1715)
4(1381 1384 1500 1497)
4(1605 1608 1721 1718)
4(1439 1495 1498 1444)
4(1444 1498 1501 1447)
4(1659 1716 1719 1664)
4(1664 1719 1722 1667)
4(1499 1502 1504 1501)
4(1499 1500 1503 1502)
4(1502 1505 1507 1504)
4(1720 1723 1725 1722)
4(1502 1503 1506 1505)
4(1720 1721 1724 1723)
4(1384 1389 1503 1500)
4(1723 1726 1728 1725)
4(1723 1724 1727 1726)
4(1389 1392 1506 1503)
4(1608 1613 1724 1721)
4(1447 1501 1504 1452)
4(1613 1616 1727 1724)
4(1452 1504 1507 1455)
4(1667 1722 1725 1672)
4(1505 1508 1510 1507)
4(1505 1506 1509 1508)
4(1672 1725 1728 1675)
4(1508 1511 1513 1510)
4(1508 1509 1512 1511)
4(1392 1397 1509 1506)
4(1726 1729 1731 1728)
4(1397 1400 1512 1509)
4(1726 1727 1730 1729)
4(1729 1732 1734 1731)
4(1455 1507 1510 1460)
4(1729 1730 1733 1732)
4(1616 1621 1730 1727)
4(1460 1510 1513 1463)
4(1621 1624 1733 1730)
4(1511 1514 1516 1513)
4(1511 1512 1515 1514)
4(1675 1728 1731 1680)
4(1514 1517 1519 1516)
4(1514 1515 1518 1517)
4(1400 1405 1515 1512)
4(1680 1731 1734 1683)
4(1405 1408 1518 1515)
4(1463 1513 1516 1468)
4(1732 1735 1737 1734)
4(1732 1733 1736 1735)
4(1468 1516 1519 1471)
4(1735 1738 1740 1737)
4(1735 1736 1739 1738)
4(1624 1629 1736 1733)
4(1629 1632 1739 1736)
4(1683 1734 1737 1688)
4(1338 1520 1521 1339)
4(1520 1522 1523 1521)
4(1688 1737 1740 1691)
4(1342 1343 1525 1524)
4(1738 1741 1743 1740)
4(1524 1525 1527 1526)
4(1738 1739 1742 1741)
4(1338 1345 1528 1520)
4(1342 1524 1528 1345)
4(1741 1744 1746 1743)
4(1520 1528 1529 1522)
4(1741 1742 1745 1744)
4(1524 1526 1529 1528)
4(1632 1637 1742 1739)
4(1637 1640 1745 1742)
4(1522 1530 1531 1523)
4(1530 1532 1533 1531)
4(1691 1740 1743 1696)
4(1526 1527 1535 1534)
4(1696 1743 1746 1699)
4(1534 1535 1537 1536)
4(1522 1529 1538 1530)
4(1526 1534 1538 1529)
4(1530 1538 1539 1532)
4(1534 1536 1539 1538)
3(1748 1745 1640)
3(1748 1640 1649)
3(1749 1706 1699)
3(1749 1699 1746)
4(2514 1757 1271 2135)
4(2135 1271 1273 2138)
3(1276 1277 1275)
3(1276 1275 1273)
4(2138 1273 1275 2139)
4(1757 1760 1279 1271)
3(1282 1279 1281)
3(1282 1281 1283)
4(1760 1761 1281 1279)
3(1284 1273 1271)
3(1284 1271 1279)
4(2614 2379 1583 1903)
4(2379 2380 1586 1583)
3(1572 1586 1587)
3(1572 1587 1573)
4(2380 2381 1587 1586)
4(1903 1583 1589 1904)
3(1576 1577 1591)
3(1576 1591 1589)
4(1904 1589 1591 1905)
3(1592 1589 1583)
3(1592 1583 1586)
4(1275 1277 1350 1347)
4(2139 1275 1347 2190)
4(2190 1347 1349 2191)
4(2191 1349 1946 2539)
3(1355 1353 1347)
3(1355 1347 1350)
4(1347 1353 1354 1349)
4(1349 1354 1949 1946)
4(1354 1357 1950 1949)
4(1573 1587 1643 1634)
4(2381 2418 1643 1587)
4(2418 2419 1644 1643)
4(2419 2638 2092 1644)
3(1638 1634 1643)
3(1638 1643 1647)
4(1281 1410 1413 1283)
4(1643 1644 1648 1647)
4(1761 1812 1410 1281)
4(1644 2092 2093 1648)
4(1648 2093 2094 1649)
4(1812 1813 1412 1410)
3(1416 1413 1410)
3(1416 1410 1414)
4(1410 1412 1415 1414)
4(1813 2561 2233 1412)
4(1412 2233 2236 1415)
4(1415 2236 2237 1418)
3(1478 1474 1472)
3(1478 1472 1476)
3(1477 1476 1472)
3(1477 1472 1473)
4(1472 1474 1475 1473)
4(1357 1473 2001 1950)
4(1473 1475 2002 2001)
4(1418 2237 2288 1474)
4(1474 2288 2289 1475)
4(1475 2289 2585 2002)
4(1577 1693 1701 1591)
4(1905 1591 1701 1942)
4(1942 1701 1703 1943)
3(1697 1704 1701)
3(1697 1701 1693)
4(1701 1704 1705 1703)
4(1943 1703 2470 2659)
4(1703 1705 2471 2470)
4(1705 1706 2472 2471)
3(1746 1744 1747)
3(1746 1747 1749)
3(1745 1748 1747)
3(1745 1747 1744)
4(1747 1748 1750 1749)
4(1649 2094 2131 1748)
4(1748 2131 2132 1750)
4(1706 1749 2509 2472)
4(1749 1750 2510 2509)
4(1750 2132 2682 2510)
4(2135 2516 1756 2514)
4(2514 2134 2517 1757)
4(2138 2519 2516 2135)
4(1757 2517 2521 1760)
4(2139 2520 2519 2138)
4(2190 2535 2520 2139)
4(1760 2521 2522 1761)
4(1761 2522 2557 1812)
4(2191 2536 2535 2190)
4(2539 1945 2536 2191)
4(1946 2541 2194 2539)
4(1949 2543 2541 1946)
4(1950 2544 2543 1949)
4(2001 2579 2544 1950)
4(1812 2557 2558 1813)
4(1813 2558 2232 2561)
4(2561 1816 2563 2233)
4(2233 2563 2565 2236)
4(2236 2565 2566 2237)
4(2237 2566 2581 2288)
4(2002 2580 2579 2001)
4(2585 2292 2580 2002)
4(2288 2581 2582 2289)
4(2289 2582 2005 2585)
4(2614 1902 2616 2379)
4(1903 2617 2378 2614)
4(2379 2616 2618 2380)
4(1904 2620 2617 1903)
4(2380 2618 2619 2381)
4(2381 2619 2634 2418)
4(1905 2621 2620 1904)
4(1942 2655 2621 1905)
4(2418 2634 2635 2419)
4(2419 2635 2091 2638)
4(2638 2420 2640 2092)
4(2092 2640 2641 2093)
4(2093 2641 2642 2094)
4(2094 2642 2676 2131)
4(1943 2656 2655 1942)
4(2659 2469 2656 1943)
4(2470 2661 1944 2659)
4(2471 2662 2661 2470)
4(2472 2663 2662 2471)
4(2509 2678 2663 2472)
4(2131 2676 2677 2132)
4(2132 2677 2511 2682)
4(2510 2679 2678 2509)
4(2682 2133 2679 2510)
4(2514 1756 2515 2134)
4(2539 2194 2540 1945)
4(2561 2232 2562 1816)
4(2585 2005 2586 2292)
4(2614 2378 2615 1902)
4(2638 2091 2639 2420)
4(2659 1944 2660 2469)
4(2682 2511 2683 2133)
4(2513 2136 1759 1270)
4(1270 1759 1762 1278)
4(1865 1871 1874 1868)
4(1278 1762 1763 1280)
4(1868 1874 1875 1869)
4(1871 1873 1876 1874)
4(2136 2142 1765 1759)
4(1874 1876 1877 1875)
4(2142 2144 1767 1765)
4(2348 2354 1879 1873)
4(2354 2356 1881 1879)
4(1759 1765 1768 1762)
4(1762 1768 1769 1763)
4(1765 1767 1770 1768)
4(1768 1770 1771 1769)
4(2144 2150 1773 1767)
4(1873 1879 1882 1876)
4(2150 2152 1775 1773)
4(1876 1882 1883 1877)
4(1879 1881 1884 1882)
4(1882 1884 1885 1883)
4(1767 1773 1776 1770)
4(1770 1776 1777 1771)
4(2356 2362 1887 1881)
4(1773 1775 1778 1776)
4(1776 1778 1779 1777)
4(2362 2364 1889 1887)
4(2152 2158 1781 1775)
4(2158 2160 1783 1781)
4(1881 1887 1890 1884)
4(1775 1781 1784 1778)
4(1778 1784 1785 1779)
4(1884 1890 1891 1885)
4(1781 1783 1786 1784)
4(1887 1889 1892 1890)
4(1784 1786 1787 1785)
4(1890 1892 1893 1891)
4(2160 2166 1789 1783)
4(2364 2370 1895 1889)
4(2166 2168 1791 1789)
4(2370 2372 1897 1895)
4(1783 1789 1792 1786)
4(1786 1792 1793 1787)
4(1789 1791 1794 1792)
4(1792 1794 1795 1793)
4(1889 1895 1898 1892)
4(1892 1898 1899 1893)
4(2168 2174 1797 1791)
4(1895 1897 1900 1898)
4(2174 2176 1799 1797)
4(1898 1900 1901 1899)
4(2372 2613 1582 1897)
4(1791 1797 1800 1794)
4(1794 1800 1801 1795)
4(1797 1799 1802 1800)
4(1897 1582 1588 1900)
4(1800 1802 1803 1801)
4(1900 1588 1590 1901)
4(2176 2182 1805 1799)
4(2182 2184 1807 1805)
4(1799 1805 1808 1802)
4(1802 1808 1809 1803)
4(1805 1807 1810 1808)
4(1808 1810 1811 1809)
4(1280 1763 1814 1409)
4(1409 1814 1815 1411)
4(1811 1859 1906 1850)
4(1850 1906 1907 1851)
4(1411 1815 2234 2560)
4(1859 1861 1908 1906)
4(1906 1908 1909 1907)
4(1763 1769 1818 1814)
4(1851 1907 2421 2282)
4(1814 1818 1819 1815)
4(1769 1771 1820 1818)
4(1907 1909 2423 2421)
4(1818 1820 1821 1819)
4(1815 1819 2240 2234)
4(1819 1821 2242 2240)
4(1861 1867 1912 1908)
4(1908 1912 1913 1909)
4(1867 1869 1914 1912)
4(1771 1777 1824 1820)
4(1912 1914 1915 1913)
4(1820 1824 1825 1821)
4(1777 1779 1826 1824)
4(1824 1826 1827 1825)
4(1909 1913 2429 2423)
4(1913 1915 2431 2429)
4(1821 1825 2248 2242)
4(1825 1827 2250 2248)
4(1869 1875 1918 1914)
4(1779 1785 1830 1826)
4(1914 1918 1919 1915)
4(1826 1830 1831 1827)
4(1785 1787 1832 1830)
4(1875 1877 1920 1918)
4(1830 1832 1833 1831)
4(1918 1920 1921 1919)
4(1827 1831 2256 2250)
4(1831 1833 2258 2256)
4(1915 1919 2437 2431)
4(1919 1921 2439 2437)
4(1787 1793 1836 1832)
4(1832 1836 1837 1833)
4(1793 1795 1838 1836)
4(1836 1838 1839 1837)
4(1877 1883 1924 1920)
4(1920 1924 1925 1921)
4(1833 1837 2264 2258)
4(1883 1885 1926 1924)
4(1837 1839 2266 2264)
4(1924 1926 1927 1925)
4(1921 1925 2445 2439)
4(1795 1801 1842 1838)
4(1925 1927 2447 2445)
4(1838 1842 1843 1839)
4(1801 1803 1844 1842)
4(1842 1844 1845 1843)
4(1839 1843 2272 2266)
4(1885 1891 1930 1926)
4(1843 1845 2274 2272)
4(1926 1930 1931 1927)
4(1891 1893 1932 1930)
4(1930 1932 1933 1931)
4(1803 1809 1848 1844)
4(1844 1848 1849 1845)
4(1809 1811 1850 1848)
4(1848 1850 1851 1849)
4(1927 1931 2453 2447)
4(1931 1933 2455 2453)
4(1845 1849 2280 2274)
4(1849 1851 2282 2280)
4(1893 1899 1936 1932)
4(1932 1936 1937 1933)
4(1899 1901 1938 1936)
4(1936 1938 1939 1937)
4(1933 1937 2461 2455)
4(1937 1939 2463 2461)
4(1901 1590 1700 1938)
4(1938 1700 1702 1939)
4(1939 1702 2658 2463)
4(2184 2330 1855 1807)
4(2330 2332 1857 1855)
4(1807 1855 1858 1810)
4(1810 1858 1859 1811)
4(1855 1857 1860 1858)
4(1858 1860 1861 1859)
4(2332 2338 1863 1857)
4(2338 2340 1865 1863)
4(1857 1863 1866 1860)
4(1860 1866 1867 1861)
4(1863 1865 1868 1866)
4(1866 1868 1869 1867)
4(2340 2346 1871 1865)
4(2346 2348 1873 1871)
4(1270 2517 2134 2513)
4(2513 1268 2518 2136)
4(1278 2521 2517 1270)
4(2136 2518 2523 2142)
4(1280 2522 2521 1278)
4(1409 2557 2522 1280)
4(2142 2523 2524 2144)
4(2144 2524 2525 2150)
4(2150 2525 2526 2152)
4(2152 2526 2527 2158)
4(2158 2527 2528 2160)
4(2160 2528 2529 2166)
4(2166 2529 2530 2168)
4(2168 2530 2531 2174)
4(2174 2531 2532 2176)
4(2176 2532 2533 2182)
4(2182 2533 2534 2184)
4(2184 2534 2600 2330)
4(1411 2558 2557 1409)
4(2560 2232 2558 1411)
4(2234 2564 1420 2560)
4(2240 2567 2564 2234)
4(2242 2568 2567 2240)
4(2248 2569 2568 2242)
4(2250 2570 2569 2248)
4(2256 2571 2570 2250)
4(2258 2572 2571 2256)
4(2264 2573 2572 2258)
4(2266 2574 2573 2264)
4(2272 2575 2574 2266)
4(2274 2576 2575 2272)
4(2280 2577 2576 2274)
4(2282 2578 2577 2280)
4(2421 2643 2578 2282)
4(2330 2600 2601 2332)
4(2332 2601 2602 2338)
4(2338 2602 2603 2340)
4(2340 2603 2604 2346)
4(2346 2604 2605 2348)
4(2348 2605 2606 2354)
4(2354 2606 2607 2356)
4(2356 2607 2608 2362)
4(2362 2608 2609 2364)
4(2364 2609 2610 2370)
4(2370 2610 2611 2372)
4(2372 2611 1580 2613)
4(2613 2378 2617 1582)
4(1582 2617 2620 1588)
4(1588 2620 2621 1590)
4(1590 2621 2655 1700)
4(2423 2644 2643 2421)
4(2429 2645 2644 2423)
4(2431 2646 2645 2429)
4(2437 2647 2646 2431)
4(2439 2648 2647 2437)
4(2445 2649 2648 2439)
4(2447 2650 2649 2445)
4(2453 2651 2650 2447)
4(2455 2652 2651 2453)
4(2461 2653 2652 2455)
4(2463 2654 2653 2461)
4(2658 1707 2654 2463)
4(1700 2655 2656 1702)
4(1702 2656 2469 2658)
4(2513 2134 2515 1268)
4(2560 1420 2562 2232)
4(2613 1580 2615 2378)
4(2658 2469 2660 1707)
4(2231 1996 2044 2386)
4(2386 2044 2046 2387)
4(1996 1999 2047 2044)
4(1999 2000 2048 2047)
4(2044 2047 2049 2046)
4(2047 2048 2050 2049)
4(2538 1352 1948 2195)
4(1352 1359 1951 1948)
4(2387 2046 2052 2392)
4(1359 1360 1952 1951)
4(2392 2052 2054 2393)
4(2046 2049 2055 2052)
4(2195 1948 1954 2200)
4(2049 2050 2056 2055)
4(2200 1954 1956 2201)
4(2052 2055 2057 2054)
4(2055 2056 2058 2057)
4(1948 1951 1957 1954)
4(1951 1952 1958 1957)
4(1954 1957 1959 1956)
4(1957 1958 1960 1959)
4(2393 2054 2060 2398)
4(2398 2060 2062 2399)
4(2201 1956 1962 2206)
4(2206 1962 1964 2207)
4(2054 2057 2063 2060)
4(2057 2058 2064 2063)
4(1956 1959 1965 1962)
4(2060 2063 2065 2062)
4(1959 1960 1966 1965)
4(2063 2064 2066 2065)
4(1962 1965 1967 1964)
4(1965 1966 1968 1967)
4(2207 1964 1970 2212)
4(2212 1970 1972 2213)
4(2399 2062 2068 2404)
4(2404 2068 2070 2405)
4(1964 1967 1973 1970)
4(1967 1968 1974 1973)
4(2062 2065 2071 2068)
4(1970 1973 1975 1972)
4(2065 2066 2072 2071)
4(1973 1974 1976 1975)
4(2068 2071 2073 2070)
4(2071 2072 2074 2073)
4(2213 1972 1978 2218)
4(2218 1978 1980 2219)
4(1972 1975 1981 1978)
4(2405 2070 2076 2410)
4(1975 1976 1982 1981)
4(2410 2076 2078 2411)
4(1978 1981 1983 1980)
4(1981 1982 1984 1983)
4(2070 2073 2079 2076)
4(2073 2074 2080 2079)
4(2219 1980 1986 2224)
4(2076 2079 2081 2078)
4(2224 1986 1988 2225)
4(2079 2080 2082 2081)
4(1980 1983 1989 1986)
4(1983 1984 1990 1989)
4(1986 1989 1991 1988)
4(1989 1990 1992 1991)
4(2411 2078 2084 2416)
4(2416 2084 2086 2417)
4(2225 1988 1994 2230)
4(2230 1994 1996 2231)
4(2078 2081 2087 2084)
4(2081 2082 2088 2087)
4(2084 2087 2089 2086)
4(1988 1991 1997 1994)
4(2087 2088 2090 2089)
4(1991 1992 1998 1997)
4(1994 1997 1999 1996)
4(1997 1998 2000 1999)
4(2417 2086 1646 2637)
4(2086 2089 1650 1646)
4(2089 2090 1651 1650)
4(1360 1479 2003 1952)
4(1479 1480 2004 2003)
4(1480 2584 2293 2004)
4(1952 2003 2007 1958)
4(2003 2004 2008 2007)
4(1958 2007 2009 1960)
4(2007 2008 2010 2009)
4(2004 2293 2298 2008)
4(2008 2298 2299 2010)
4(2000 2039 2095 2048)
4(2039 2040 2096 2095)
4(2048 2095 2097 2050)
4(1960 2009 2013 1966)
4(2009 2010 2014 2013)
4(2095 2096 2098 2097)
4(1966 2013 2015 1968)
4(2013 2014 2016 2015)
4(2010 2299 2304 2014)
4(2040 2329 2477 2096)
4(2096 2477 2478 2098)
4(2014 2304 2305 2016)
4(2050 2097 2101 2056)
4(1968 2015 2019 1974)
4(2015 2016 2020 2019)
4(2097 2098 2102 2101)
4(1974 2019 2021 1976)
4(2056 2101 2103 2058)
4(2019 2020 2022 2021)
4(2101 2102 2104 2103)
4(2016 2305 2310 2020)
4(2020 2310 2311 2022)
4(2098 2478 2483 2102)
4(2102 2483 2484 2104)
4(1976 2021 2025 1982)
4(2021 2022 2026 2025)
4(1982 2025 2027 1984)
4(2058 2103 2107 2064)
4(2025 2026 2028 2027)
4(2103 2104 2108 2107)
4(2064 2107 2109 2066)
4(2107 2108 2110 2109)
4(2022 2311 2316 2026)
4(2026 2316 2317 2028)
4(2104 2484 2489 2108)
4(1984 2027 2031 1990)
4(2108 2489 2490 2110)
4(2027 2028 2032 2031)
4(1990 2031 2033 1992)
4(2031 2032 2034 2033)
4(2066 2109 2113 2072)
4(2109 2110 2114 2113)
4(2028 2317 2322 2032)
4(2072 2113 2115 2074)
4(2032 2322 2323 2034)
4(2113 2114 2116 2115)
4(1992 2033 2037 1998)
4(2033 2034 2038 2037)
4(1998 2037 2039 2000)
4(2110 2490 2495 2114)
4(2037 2038 2040 2039)
4(2114 2495 2496 2116)
4(2034 2323 2328 2038)
4(2074 2115 2119 2080)
4(2038 2328 2329 2040)
4(2115 2116 2120 2119)
4(2080 2119 2121 2082)
4(2119 2120 2122 2121)
4(2116 2496 2501 2120)
4(2120 2501 2502 2122)
4(2082 2121 2125 2088)
4(2121 2122 2126 2125)
4(2088 2125 2127 2090)
4(2125 2126 2128 2127)
4(2122 2502 2507 2126)
4(2126 2507 2508 2128)
4(2090 2127 1751 1651)
4(2127 2128 1752 1751)
4(2128 2508 2681 1752)
4(2538 2194 2541 1352)
4(2195 2542 1351 2538)
4(1352 2541 2543 1359)
4(2200 2545 2542 2195)
4(1359 2543 2544 1360)
4(1360 2544 2579 1479)
4(2201 2546 2545 2200)
4(2206 2547 2546 2201)
4(2207 2548 2547 2206)
4(2212 2549 2548 2207)
4(2213 2550 2549 2212)
4(2218 2551 2550 2213)
4(2219 2552 2551 2218)
4(2224 2553 2552 2219)
4(2225 2554 2553 2224)
4(2230 2555 2554 2225)
4(2231 2556 2555 2230)
4(2386 2622 2556 2231)
4(1479 2579 2580 1480)
4(1480 2580 2292 2584)
4(2584 1483 2587 2293)
4(2293 2587 2588 2298)
4(2298 2588 2589 2299)
4(2299 2589 2590 2304)
4(2304 2590 2591 2305)
4(2305 2591 2592 2310)
4(2310 2592 2593 2311)
4(2311 2593 2594 2316)
4(2316 2594 2595 2317)
4(2317 2595 2596 2322)
4(2322 2596 2597 2323)
4(2323 2597 2598 2328)
4(2328 2598 2599 2329)
4(2329 2599 2664 2477)
4(2387 2623 2622 2386)
4(2392 2624 2623 2387)
4(2393 2625 2624 2392)
4(2398 2626 2625 2393)
4(2399 2627 2626 2398)
4(2404 2628 2627 2399)
4(2405 2629 2628 2404)
4(2410 2630 2629 2405)
4(2411 2631 2630 2410)
4(2416 2632 2631 2411)
4(2417 2633 2632 2416)
4(2637 1645 2633 2417)
4(1646 2640 2420 2637)
4(1650 2641 2640 1646)
4(1651 2642 2641 1650)
4(1751 2676 2642 1651)
4(2477 2664 2665 2478)
4(2478 2665 2666 2483)
4(2483 2666 2667 2484)
4(2484 2667 2668 2489)
4(2489 2668 2669 2490)
4(2490 2669 2670 2495)
4(2495 2670 2671 2496)
4(2496 2671 2672 2501)
4(2501 2672 2673 2502)
4(2502 2673 2674 2507)
4(2507 2674 2675 2508)
4(2508 2675 1755 2681)
4(1752 2677 2676 1751)
4(2681 2511 2677 1752)
4(2538 1351 2540 2194)
4(2584 2292 2586 1483)
4(2637 2420 2639 1645)
4(2681 1755 2683 2511)
4(2512 1269 2137 1758)
4(2344 2345 2351 2350)
4(1269 1272 2140 2137)
4(2347 2350 2352 2349)
4(1272 1274 2141 2140)
4(2350 2351 2353 2352)
4(1758 2137 2143 1764)
4(1764 2143 2145 1766)
4(2137 2140 2146 2143)
4(2140 2141 2147 2146)
4(1872 2349 2355 1878)
4(2143 2146 2148 2145)
4(2146 2147 2149 2148)
4(1878 2355 2357 1880)
4(2349 2352 2358 2355)
4(2352 2353 2359 2358)
4(2355 2358 2360 2357)
4(2358 2359 2361 2360)
4(1766 2145 2151 1772)
4(1772 2151 2153 1774)
4(2145 2148 2154 2151)
4(2148 2149 2155 2154)
4(2151 2154 2156 2153)
4(2154 2155 2157 2156)
4(1880 2357 2363 1886)
4(1886 2363 2365 1888)
4(2357 2360 2366 2363)
4(1774 2153 2159 1780)
4(2360 2361 2367 2366)
4(1780 2159 2161 1782)
4(2153 2156 2162 2159)
4(2363 2366 2368 2365)
4(2156 2157 2163 2162)
4(2159 2162 2164 2161)
4(2366 2367 2369 2368)
4(2162 2163 2165 2164)
4(1782 2161 2167 1788)
4(1888 2365 2371 1894)
4(1788 2167 2169 1790)
4(2161 2164 2170 2167)
4(1894 2371 2373 1896)
4(2164 2165 2171 2170)
4(2167 2170 2172 2169)
4(2365 2368 2374 2371)
4(2170 2171 2173 2172)
4(2368 2369 2375 2374)
4(2371 2374 2376 2373)
4(2374 2375 2377 2376)
4(1790 2169 2175 1796)
4(1796 2175 2177 1798)
4(2169 2172 2178 2175)
4(2172 2173 2179 2178)
4(2175 2178 2180 2177)
4(2178 2179 2181 2180)
4(1896 2373 1581 2612)
4(2373 2376 1584 1581)
4(2376 2377 1585 1584)
4(2189 2228 2382 2335)
4(2228 2229 2383 2382)
4(1798 2177 2183 1804)
4(2335 2382 2384 2337)
4(1804 2183 2185 1806)
4(2177 2180 2186 2183)
4(2382 2383 2385 2384)
4(2180 2181 2187 2186)
4(2229 1995 2043 2383)
4(2183 2186 2188 2185)
4(2186 2187 2189 2188)
4(2383 2043 2045 2385)
4(1274 1346 2192 2141)
4(1346 1348 2193 2192)
4(2337 2384 2388 2343)
4(2384 2385 2389 2388)
4(1348 2537 1947 2193)
4(2343 2388 2390 2345)
4(2388 2389 2391 2390)
4(2385 2045 2051 2389)
4(2389 2051 2053 2391)
4(2141 2192 2196 2147)
4(2192 2193 2197 2196)
4(2147 2196 2198 2149)
4(2196 2197 2199 2198)
4(2193 1947 1953 2197)
4(2197 1953 1955 2199)
4(2345 2390 2394 2351)
4(2390 2391 2395 2394)
4(2351 2394 2396 2353)
4(2149 2198 2202 2155)
4(2394 2395 2397 2396)
4(2198 2199 2203 2202)
4(2391 2053 2059 2395)
4(2155 2202 2204 2157)
4(2395 2059 2061 2397)
4(2202 2203 2205 2204)
4(2199 1955 1961 2203)
4(2203 1961 1963 2205)
4(2353 2396 2400 2359)
4(2157 2204 2208 2163)
4(2396 2397 2401 2400)
4(2204 2205 2209 2208)
4(2163 2208 2210 2165)
4(2359 2400 2402 2361)
4(2208 2209 2211 2210)
4(2400 2401 2403 2402)
4(2205 1963 1969 2209)
4(2397 2061 2067 2401)
4(2209 1969 1971 2211)
4(2401 2067 2069 2403)
4(2165 2210 2214 2171)
4(2210 2211 2215 2214)
4(2171 2214 2216 2173)
4(2214 2215 2217 2216)
4(2361 2402 2406 2367)
4(2211 1971 1977 2215)
4(2402 2403 2407 2406)
4(2215 1977 1979 2217)
4(2367 2406 2408 2369)
4(2406 2407 2409 2408)
4(2403 2069 2075 2407)
4(2407 2075 2077 2409)
4(2173 2216 2220 2179)
4(2216 2217 2221 2220)
4(2179 2220 2222 2181)
4(2220 2221 2223 2222)
4(2217 1979 1985 2221)
4(2221 1985 1987 2223)
4(2369 2408 2412 2375)
4(2408 2409 2413 2412)
4(2375 2412 2414 2377)
4(2412 2413 2415 2414)
4(2181 2222 2226 2187)
4(2409 2077 2083 2413)
4(2222 2223 2227 2226)
4(2413 2083 2085 2415)
4(2187 2226 2228 2189)
4(2226 2227 2229 2228)
4(2223 1987 1993 2227)
4(2227 1993 1995 2229)
4(2377 2414 1641 1585)
4(2414 2415 1642 1641)
4(2415 2085 2636 1642)
4(2559 1817 2235 1421)
4(1421 2235 2238 1422)
4(1422 2238 2239 1423)
4(1853 1910 2422 2283)
4(1910 1911 2424 2422)
4(2283 2422 2425 2286)
4(2286 2425 2426 2287)
4(2422 2424 2427 2425)
4(1817 1822 2241 2235)
4(2425 2427 2428 2426)
4(1822 1823 2243 2241)
4(2235 2241 2244 2238)
4(2238 2244 2245 2239)
4(2241 2243 2246 2244)
4(2244 2246 2247 2245)
4(1911 1916 2430 2424)
4(1916 1917 2432 2430)
4(1823 1828 2249 2243)
4(2424 2430 2433 2427)
4(1828 1829 2251 2249)
4(2243 2249 2252 2246)
4(2427 2433 2434 2428)
4(2246 2252 2253 2247)
4(2430 2432 2435 2433)
4(2249 2251 2254 2252)
4(2433 2435 2436 2434)
4(2252 2254 2255 2253)
4(1829 1834 2257 2251)
4(1834 1835 2259 2257)
4(2251 2257 2260 2254)
4(1917 1922 2438 2432)
4(2254 2260 2261 2255)
4(1922 1923 2440 2438)
4(2257 2259 2262 2260)
4(2432 2438 2441 2435)
4(2260 2262 2263 2261)
4(2435 2441 2442 2436)
4(2438 2440 2443 2441)
4(2441 2443 2444 2442)
4(1835 1840 2265 2259)
4(1840 1841 2267 2265)
4(2259 2265 2268 2262)
4(2262 2268 2269 2263)
4(2265 2267 2270 2268)
4(2268 2270 2271 2269)
4(1923 1928 2446 2440)
4(1928 1929 2448 2446)
4(2440 2446 2449 2443)
4(2443 2449 2450 2444)
4(2446 2448 2451 2449)
4(2449 2451 2452 2450)
4(1841 1846 2273 2267)
4(1846 1847 2275 2273)
4(2267 2273 2276 2270)
4(2270 2276 2277 2271)
4(2273 2275 2278 2276)
4(2276 2278 2279 2277)
4(1929 1934 2454 2448)
4(1934 1935 2456 2454)
4(2448 2454 2457 2451)
4(1847 1852 2281 2275)
4(2451 2457 2458 2452)
4(1852 1853 2283 2281)
4(2275 2281 2284 2278)
4(2454 2456 2459 2457)
4(2278 2284 2285 2279)
4(2457 2459 2460 2458)
4(2281 2283 2286 2284)
4(2284 2286 2287 2285)
4(1423 2239 2290 1481)
4(1481 2290 2291 1482)
4(1935 1940 2462 2456)
4(1482 2291 2006 2583)
4(1940 1941 2464 2462)
4(2456 2462 2465 2459)
4(2459 2465 2466 2460)
4(2462 2464 2467 2465)
4(2465 2467 2468 2466)
4(2239 2245 2294 2290)
4(2290 2294 2295 2291)
4(1941 2657 1708 2464)
4(2464 1708 1709 2467)
4(2245 2247 2296 2294)
4(2467 1709 1710 2468)
4(2294 2296 2297 2295)
4(2291 2295 2011 2006)
4(2295 2297 2012 2011)
4(2287 2426 2473 2326)
4(2247 2253 2300 2296)
4(2326 2473 2474 2327)
4(2296 2300 2301 2297)
4(2426 2428 2475 2473)
4(2253 2255 2302 2300)
4(2300 2302 2303 2301)
4(2473 2475 2476 2474)
4(2327 2474 2099 2042)
4(2297 2301 2017 2012)
4(2474 2476 2100 2099)
4(2301 2303 2018 2017)
4(2255 2261 2306 2302)
4(2302 2306 2307 2303)
4(2428 2434 2479 2475)
4(2261 2263 2308 2306)
4(2306 2308 2309 2307)
4(2475 2479 2480 2476)
4(2303 2307 2023 2018)
4(2434 2436 2481 2479)
4(2307 2309 2024 2023)
4(2479 2481 2482 2480)
4(2476 2480 2105 2100)
4(2480 2482 2106 2105)
4(2263 2269 2312 2308)
4(2308 2312 2313 2309)
4(2269 2271 2314 2312)
4(2312 2314 2315 2313)
4(2309 2313 2029 2024)
4(2436 2442 2485 2481)
4(2313 2315 2030 2029)
4(2481 2485 2486 2482)
4(2442 2444 2487 2485)
4(2485 2487 2488 2486)
4(2482 2486 2111 2106)
4(2486 2488 2112 2111)
4(2271 2277 2318 2314)
4(2314 2318 2319 2315)
4(2277 2279 2320 2318)
4(2318 2320 2321 2319)
4(2315 2319 2035 2030)
4(2319 2321 2036 2035)
4(2444 2450 2491 2487)
4(2487 2491 2492 2488)
4(2450 2452 2493 2491)
4(2491 2493 2494 2492)
4(2488 2492 2117 2112)
4(2492 2494 2118 2117)
4(2279 2285 2324 2320)
4(2320 2324 2325 2321)
4(2285 2287 2326 2324)
4(2324 2326 2327 2325)
4(2321 2325 2041 2036)
4(2325 2327 2042 2041)
4(1806 2185 2331 1854)
4(1854 2331 2333 1856)
4(2185 2188 2334 2331)
4(2188 2189 2335 2334)
4(2452 2458 2497 2493)
4(2331 2334 2336 2333)
4(2493 2497 2498 2494)
4(2334 2335 2337 2336)
4(2458 2460 2499 2497)
4(2497 2499 2500 2498)
4(2494 2498 2123 2118)
4(2498 2500 2124 2123)
4(1856 2333 2339 1862)
4(1862 2339 2341 1864)
4(2333 2336 2342 2339)
4(2336 2337 2343 2342)
4(2339 2342 2344 2341)
4(2342 2343 2345 2344)
4(2460 2466 2503 2499)
4(2499 2503 2504 2500)
4(2466 2468 2505 2503)
4(2503 2505 2506 2504)
4(2500 2504 2129 2124)
4(2504 2506 2130 2129)
4(1864 2341 2347 1870)
4(1870 2347 2349 1872)
4(2468 1710 1753 2505)
4(2341 2344 2350 2347)
4(2505 1753 1754 2506)
4(2506 1754 2680 2130)
4(2512 1756 2516 1269)
4(1758 2518 1268 2512)
4(1269 2516 2519 1272)
4(1764 2523 2518 1758)
4(1272 2519 2520 1274)
4(1274 2520 2535 1346)
4(1766 2524 2523 1764)
4(1772 2525 2524 1766)
4(1774 2526 2525 1772)
4(1780 2527 2526 1774)
4(1782 2528 2527 1780)
4(1788 2529 2528 1782)
4(1790 2530 2529 1788)
4(1796 2531 2530 1790)
4(1798 2532 2531 1796)
4(1804 2533 2532 1798)
4(1806 2534 2533 1804)
4(1854 2600 2534 1806)
4(1346 2535 2536 1348)
4(1348 2536 1945 2537)
4(2537 1351 2542 1947)
4(1947 2542 2545 1953)
4(1953 2545 2546 1955)
4(1955 2546 2547 1961)
4(1961 2547 2548 1963)
4(1963 2548 2549 1969)
4(1969 2549 2550 1971)
4(1971 2550 2551 1977)
4(1977 2551 2552 1979)
4(1979 2552 2553 1985)
4(1985 2553 2554 1987)
4(1987 2554 2555 1993)
4(1993 2555 2556 1995)
4(1995 2556 2622 2043)
4(1421 2563 1816 2559)
4(2559 1420 2564 1817)
4(1422 2565 2563 1421)
4(1817 2564 2567 1822)
4(1423 2566 2565 1422)
4(1481 2581 2566 1423)
4(1822 2567 2568 1823)
4(1823 2568 2569 1828)
4(1828 2569 2570 1829)
4(1829 2570 2571 1834)
4(1834 2571 2572 1835)
4(1835 2572 2573 1840)
4(1840 2573 2574 1841)
4(1841 2574 2575 1846)
4(1846 2575 2576 1847)
4(1847 2576 2577 1852)
4(1852 2577 2578 1853)
4(1853 2578 2643 1910)
4(1482 2582 2581 1481)
4(2583 2005 2582 1482)
4(2006 2587 1483 2583)
4(2011 2588 2587 2006)
4(2012 2589 2588 2011)
4(2017 2590 2589 2012)
4(2018 2591 2590 2017)
4(2023 2592 2591 2018)
4(2024 2593 2592 2023)
4(2029 2594 2593 2024)
4(2030 2595 2594 2029)
4(2035 2596 2595 2030)
4(2036 2597 2596 2035)
4(2041 2598 2597 2036)
4(2042 2599 2598 2041)
4(2099 2664 2599 2042)
4(1856 2601 2600 1854)
4(1862 2602 2601 1856)
4(1864 2603 2602 1862)
4(1870 2604 2603 1864)
4(1872 2605 2604 1870)
4(1878 2606 2605 1872)
4(1880 2607 2606 1878)
4(1886 2608 2607 1880)
4(1888 2609 2608 1886)
4(1894 2610 2609 1888)
4(1896 2611 2610 1894)
4(2612 1580 2611 1896)
4(1581 2616 1902 2612)
4(1584 2618 2616 1581)
4(1585 2619 2618 1584)
4(1641 2634 2619 1585)
4(2043 2622 2623 2045)
4(2045 2623 2624 2051)
4(2051 2624 2625 2053)
4(2053 2625 2626 2059)
4(2059 2626 2627 2061)
4(2061 2627 2628 2067)
4(2067 2628 2629 2069)
4(2069 2629 2630 2075)
4(2075 2630 2631 2077)
4(2077 2631 2632 2083)
4(2083 2632 2633 2085)
4(2085 2633 1645 2636)
4(1642 2635 2634 1641)
4(2636 2091 2635 1642)
4(1910 2643 2644 1911)
4(1911 2644 2645 1916)
4(1916 2645 2646 1917)
4(1917 2646 2647 1922)
4(1922 2647 2648 1923)
4(1923 2648 2649 1928)
4(1928 2649 2650 1929)
4(1929 2650 2651 1934)
4(1934 2651 2652 1935)
4(1935 2652 2653 1940)
4(1940 2653 2654 1941)
4(1941 2654 1707 2657)
4(2657 1944 2661 1708)
4(1708 2661 2662 1709)
4(1709 2662 2663 1710)
4(1710 2663 2678 1753)
4(2100 2665 2664 2099)
4(2105 2666 2665 2100)
4(2106 2667 2666 2105)
4(2111 2668 2667 2106)
4(2112 2669 2668 2111)
4(2117 2670 2669 2112)
4(2118 2671 2670 2117)
4(2123 2672 2671 2118)
4(2124 2673 2672 2123)
4(2129 2674 2673 2124)
4(2130 2675 2674 2129)
4(2680 1755 2675 2130)
4(1753 2678 2679 1754)
4(1754 2679 2133 2680)
4(2512 1268 2515 1756)
4(2537 1945 2540 1351)
4(2559 1816 2562 1420)
4(2583 1483 2586 2005)
4(2612 1902 2615 1580)
4(2636 1645 2639 2091)
4(2657 1707 2660 1944)
4(2680 2133 2683 1755)
)


// ************************************************************************* //
