solid openonda_cylinder
  facet normal 0.999698818696 0.0245412285229 0
    outer loop
      vertex 0.5 0 -0.6
      vertex 0.499397728103 0.0245338371637 -0.6
      vertex 0.499397728103 0.0245338371637 -0.3
    endloop
  endfacet
  facet normal 0.999698818696 0.0245412285229 -0
    outer loop
      vertex 0.5 0 -0.6
      vertex 0.499397728103 0.0245338371637 -0.3
      vertex 0.5 0 -0.3
    endloop
  endfacet
  facet normal 0.997290456679 0.0735645635997 0
    outer loop
      vertex 0.499397728103 0.0245338371637 -0.6
      vertex 0.497592363336 0.0490085701648 -0.6
      vertex 0.497592363336 0.0490085701648 -0.3
    endloop
  endfacet
  facet normal 0.997290456679 0.0735645635997 -0
    outer loop
      vertex 0.499397728103 0.0245338371637 -0.6
      vertex 0.497592363336 0.0490085701648 -0.3
      vertex 0.499397728103 0.0245338371637 -0.3
    endloop
  endfacet
  facet normal 0.992479534599 0.122410675199 0
    outer loop
      vertex 0.497592363336 0.0490085701648 -0.6
      vertex 0.494588254982 0.0733652372277 -0.6
      vertex 0.494588254982 0.0733652372277 -0.3
    endloop
  endfacet
  facet normal 0.992479534599 0.122410675199 -0
    outer loop
      vertex 0.497592363336 0.0490085701648 -0.6
      vertex 0.494588254982 0.0733652372277 -0.3
      vertex 0.497592363336 0.0490085701648 -0.3
    endloop
  endfacet
  facet normal 0.985277642389 0.17096188876 0
    outer loop
      vertex 0.494588254982 0.0733652372277 -0.6
      vertex 0.490392640202 0.0975451610081 -0.6
      vertex 0.490392640202 0.0975451610081 -0.3
    endloop
  endfacet
  facet normal 0.985277642389 0.17096188876 -0
    outer loop
      vertex 0.494588254982 0.0733652372277 -0.6
      vertex 0.490392640202 0.0975451610081 -0.3
      vertex 0.494588254982 0.0733652372277 -0.3
    endloop
  endfacet
  facet normal 0.975702130039 0.219101240157 0
    outer loop
      vertex 0.490392640202 0.0975451610081 -0.6
      vertex 0.485015626597 0.121490089952 -0.6
      vertex 0.485015626597 0.121490089952 -0.3
    endloop
  endfacet
  facet normal 0.975702130039 0.219101240157 -0
    outer loop
      vertex 0.490392640202 0.0975451610081 -0.6
      vertex 0.485015626597 0.121490089952 -0.3
      vertex 0.490392640202 0.0975451610081 -0.3
    endloop
  endfacet
  facet normal 0.963776065795 0.266712757475 0
    outer loop
      vertex 0.485015626597 0.121490089952 -0.6
      vertex 0.478470167866 0.145142338627 -0.6
      vertex 0.478470167866 0.145142338627 -0.3
    endloop
  endfacet
  facet normal 0.963776065795 0.266712757475 -0
    outer loop
      vertex 0.485015626597 0.121490089952 -0.6
      vertex 0.478470167866 0.145142338627 -0.3
      vertex 0.485015626597 0.121490089952 -0.3
    endloop
  endfacet
  facet normal 0.949528180593 0.313681740399 0
    outer loop
      vertex 0.478470167866 0.145142338627 -0.6
      vertex 0.470772032592 0.168444926696 -0.6
      vertex 0.470772032592 0.168444926696 -0.3
    endloop
  endfacet
  facet normal 0.949528180593 0.313681740399 -0
    outer loop
      vertex 0.478470167866 0.145142338627 -0.6
      vertex 0.470772032592 0.168444926696 -0.3
      vertex 0.478470167866 0.145142338627 -0.3
    endloop
  endfacet
  facet normal 0.932992798835 0.359895036535 0
    outer loop
      vertex 0.470772032592 0.168444926696 -0.6
      vertex 0.461939766256 0.191341716183 -0.6
      vertex 0.461939766256 0.191341716183 -0.3
    endloop
  endfacet
  facet normal 0.932992798835 0.359895036535 -0
    outer loop
      vertex 0.470772032592 0.168444926696 -0.6
      vertex 0.461939766256 0.191341716183 -0.3
      vertex 0.470772032592 0.168444926696 -0.3
    endloop
  endfacet
  facet normal 0.914209755704 0.405241314005 0
    outer loop
      vertex 0.461939766256 0.191341716183 -0.6
      vertex 0.451994646562 0.213777546715 -0.6
      vertex 0.451994646562 0.213777546715 -0.3
    endloop
  endfacet
  facet normal 0.914209755704 0.405241314005 -0
    outer loop
      vertex 0.461939766256 0.191341716183 -0.6
      vertex 0.451994646562 0.213777546715 -0.3
      vertex 0.461939766256 0.191341716183 -0.3
    endloop
  endfacet
  facet normal 0.893224301196 0.449611329655 0
    outer loop
      vertex 0.451994646562 0.213777546715 -0.6
      vertex 0.440960632174 0.235698368413 -0.6
      vertex 0.440960632174 0.235698368413 -0.3
    endloop
  endfacet
  facet normal 0.893224301196 0.449611329655 -0
    outer loop
      vertex 0.451994646562 0.213777546715 -0.6
      vertex 0.440960632174 0.235698368413 -0.3
      vertex 0.451994646562 0.213777546715 -0.3
    endloop
  endfacet
  facet normal 0.870086991109 0.49289819223 0
    outer loop
      vertex 0.440960632174 0.235698368413 -0.6
      vertex 0.428864305 0.257051372097 -0.6
      vertex 0.428864305 0.257051372097 -0.3
    endloop
  endfacet
  facet normal 0.870086991109 0.49289819223 -0
    outer loop
      vertex 0.440960632174 0.235698368413 -0.6
      vertex 0.428864305 0.257051372097 -0.3
      vertex 0.440960632174 0.235698368413 -0.3
    endloop
  endfacet
  facet normal 0.84485356525 0.534997619887 0
    outer loop
      vertex 0.428864305 0.257051372097 -0.6
      vertex 0.415734806151 0.27778511651 -0.6
      vertex 0.415734806151 0.27778511651 -0.3
    endloop
  endfacet
  facet normal 0.84485356525 0.534997619887 -0
    outer loop
      vertex 0.428864305 0.257051372097 -0.6
      vertex 0.415734806151 0.27778511651 -0.3
      vertex 0.428864305 0.257051372097 -0.3
    endloop
  endfacet
  facet normal 0.817584813152 0.575808191418 0
    outer loop
      vertex 0.415734806151 0.27778511651 -0.6
      vertex 0.40160376574 0.297849652246 -0.6
      vertex 0.40160376574 0.297849652246 -0.3
    endloop
  endfacet
  facet normal 0.817584813152 0.575808191418 -0
    outer loop
      vertex 0.415734806151 0.27778511651 -0.6
      vertex 0.40160376574 0.297849652246 -0.3
      vertex 0.415734806151 0.27778511651 -0.3
    endloop
  endfacet
  facet normal 0.788346427627 0.615231590581 0
    outer loop
      vertex 0.40160376574 0.297849652246 -0.6
      vertex 0.386505226681 0.317196642082 -0.6
      vertex 0.386505226681 0.317196642082 -0.3
    endloop
  endfacet
  facet normal 0.788346427627 0.615231590581 -0
    outer loop
      vertex 0.40160376574 0.297849652246 -0.6
      vertex 0.386505226681 0.317196642082 -0.3
      vertex 0.40160376574 0.297849652246 -0.3
    endloop
  endfacet
  facet normal 0.757208846506 0.653172842954 0
    outer loop
      vertex 0.386505226681 0.317196642082 -0.6
      vertex 0.370475562677 0.335779477424 -0.6
      vertex 0.370475562677 0.335779477424 -0.3
    endloop
  endfacet
  facet normal 0.757208846506 0.653172842954 -0
    outer loop
      vertex 0.386505226681 0.317196642082 -0.6
      vertex 0.370475562677 0.335779477424 -0.3
      vertex 0.386505226681 0.317196642082 -0.3
    endloop
  endfacet
  facet normal 0.724247082951 0.689540544737 0
    outer loop
      vertex 0.370475562677 0.335779477424 -0.6
      vertex 0.353553390593 0.353553390593 -0.6
      vertex 0.353553390593 0.353553390593 -0.3
    endloop
  endfacet
  facet normal 0.724247082951 0.689540544737 -0
    outer loop
      vertex 0.370475562677 0.335779477424 -0.6
      vertex 0.353553390593 0.353553390593 -0.3
      vertex 0.370475562677 0.335779477424 -0.3
    endloop
  endfacet
  facet normal 0.689540544737 0.724247082951 0
    outer loop
      vertex 0.353553390593 0.353553390593 -0.6
      vertex 0.335779477424 0.370475562677 -0.6
      vertex 0.335779477424 0.370475562677 -0.3
    endloop
  endfacet
  facet normal 0.689540544737 0.724247082951 -0
    outer loop
      vertex 0.353553390593 0.353553390593 -0.6
      vertex 0.335779477424 0.370475562677 -0.3
      vertex 0.353553390593 0.353553390593 -0.3
    endloop
  endfacet
  facet normal 0.653172842954 0.757208846506 0
    outer loop
      vertex 0.335779477424 0.370475562677 -0.6
      vertex 0.317196642082 0.386505226681 -0.6
      vertex 0.317196642082 0.386505226681 -0.3
    endloop
  endfacet
  facet normal 0.653172842954 0.757208846506 -0
    outer loop
      vertex 0.335779477424 0.370475562677 -0.6
      vertex 0.317196642082 0.386505226681 -0.3
      vertex 0.335779477424 0.370475562677 -0.3
    endloop
  endfacet
  facet normal 0.615231590581 0.788346427627 0
    outer loop
      vertex 0.317196642082 0.386505226681 -0.6
      vertex 0.297849652246 0.40160376574 -0.6
      vertex 0.297849652246 0.40160376574 -0.3
    endloop
  endfacet
  facet normal 0.615231590581 0.788346427627 -0
    outer loop
      vertex 0.317196642082 0.386505226681 -0.6
      vertex 0.297849652246 0.40160376574 -0.3
      vertex 0.317196642082 0.386505226681 -0.3
    endloop
  endfacet
  facet normal 0.575808191418 0.817584813152 0
    outer loop
      vertex 0.297849652246 0.40160376574 -0.6
      vertex 0.27778511651 0.415734806151 -0.6
      vertex 0.27778511651 0.415734806151 -0.3
    endloop
  endfacet
  facet normal 0.575808191418 0.817584813152 -0
    outer loop
      vertex 0.297849652246 0.40160376574 -0.6
      vertex 0.27778511651 0.415734806151 -0.3
      vertex 0.297849652246 0.40160376574 -0.3
    endloop
  endfacet
  facet normal 0.534997619887 0.84485356525 0
    outer loop
      vertex 0.27778511651 0.415734806151 -0.6
      vertex 0.257051372097 0.428864305 -0.6
      vertex 0.257051372097 0.428864305 -0.3
    endloop
  endfacet
  facet normal 0.534997619887 0.84485356525 -0
    outer loop
      vertex 0.27778511651 0.415734806151 -0.6
      vertex 0.257051372097 0.428864305 -0.3
      vertex 0.27778511651 0.415734806151 -0.3
    endloop
  endfacet
  facet normal 0.49289819223 0.870086991109 0
    outer loop
      vertex 0.257051372097 0.428864305 -0.6
      vertex 0.235698368413 0.440960632174 -0.6
      vertex 0.235698368413 0.440960632174 -0.3
    endloop
  endfacet
  facet normal 0.49289819223 0.870086991109 -0
    outer loop
      vertex 0.257051372097 0.428864305 -0.6
      vertex 0.235698368413 0.440960632174 -0.3
      vertex 0.257051372097 0.428864305 -0.3
    endloop
  endfacet
  facet normal 0.449611329655 0.893224301196 0
    outer loop
      vertex 0.235698368413 0.440960632174 -0.6
      vertex 0.213777546715 0.451994646562 -0.6
      vertex 0.213777546715 0.451994646562 -0.3
    endloop
  endfacet
  facet normal 0.449611329655 0.893224301196 -0
    outer loop
      vertex 0.235698368413 0.440960632174 -0.6
      vertex 0.213777546715 0.451994646562 -0.3
      vertex 0.235698368413 0.440960632174 -0.3
    endloop
  endfacet
  facet normal 0.405241314005 0.914209755704 0
    outer loop
      vertex 0.213777546715 0.451994646562 -0.6
      vertex 0.191341716183 0.461939766256 -0.6
      vertex 0.191341716183 0.461939766256 -0.3
    endloop
  endfacet
  facet normal 0.405241314005 0.914209755704 -0
    outer loop
      vertex 0.213777546715 0.451994646562 -0.6
      vertex 0.191341716183 0.461939766256 -0.3
      vertex 0.213777546715 0.451994646562 -0.3
    endloop
  endfacet
  facet normal 0.359895036535 0.932992798835 0
    outer loop
      vertex 0.191341716183 0.461939766256 -0.6
      vertex 0.168444926696 0.470772032592 -0.6
      vertex 0.168444926696 0.470772032592 -0.3
    endloop
  endfacet
  facet normal 0.359895036535 0.932992798835 -0
    outer loop
      vertex 0.191341716183 0.461939766256 -0.6
      vertex 0.168444926696 0.470772032592 -0.3
      vertex 0.191341716183 0.461939766256 -0.3
    endloop
  endfacet
  facet normal 0.313681740399 0.949528180593 0
    outer loop
      vertex 0.168444926696 0.470772032592 -0.6
      vertex 0.145142338627 0.478470167866 -0.6
      vertex 0.145142338627 0.478470167866 -0.3
    endloop
  endfacet
  facet normal 0.313681740399 0.949528180593 -0
    outer loop
      vertex 0.168444926696 0.470772032592 -0.6
      vertex 0.145142338627 0.478470167866 -0.3
      vertex 0.168444926696 0.470772032592 -0.3
    endloop
  endfacet
  facet normal 0.266712757475 0.963776065795 0
    outer loop
      vertex 0.145142338627 0.478470167866 -0.6
      vertex 0.121490089952 0.485015626597 -0.6
      vertex 0.121490089952 0.485015626597 -0.3
    endloop
  endfacet
  facet normal 0.266712757475 0.963776065795 -0
    outer loop
      vertex 0.145142338627 0.478470167866 -0.6
      vertex 0.121490089952 0.485015626597 -0.3
      vertex 0.145142338627 0.478470167866 -0.3
    endloop
  endfacet
  facet normal 0.219101240157 0.975702130039 0
    outer loop
      vertex 0.121490089952 0.485015626597 -0.6
      vertex 0.0975451610081 0.490392640202 -0.6
      vertex 0.0975451610081 0.490392640202 -0.3
    endloop
  endfacet
  facet normal 0.219101240157 0.975702130039 -0
    outer loop
      vertex 0.121490089952 0.485015626597 -0.6
      vertex 0.0975451610081 0.490392640202 -0.3
      vertex 0.121490089952 0.485015626597 -0.3
    endloop
  endfacet
  facet normal 0.17096188876 0.985277642389 0
    outer loop
      vertex 0.0975451610081 0.490392640202 -0.6
      vertex 0.0733652372277 0.494588254982 -0.6
      vertex 0.0733652372277 0.494588254982 -0.3
    endloop
  endfacet
  facet normal 0.17096188876 0.985277642389 -0
    outer loop
      vertex 0.0975451610081 0.490392640202 -0.6
      vertex 0.0733652372277 0.494588254982 -0.3
      vertex 0.0975451610081 0.490392640202 -0.3
    endloop
  endfacet
  facet normal 0.122410675199 0.992479534599 0
    outer loop
      vertex 0.0733652372277 0.494588254982 -0.6
      vertex 0.0490085701648 0.497592363336 -0.6
      vertex 0.0490085701648 0.497592363336 -0.3
    endloop
  endfacet
  facet normal 0.122410675199 0.992479534599 -0
    outer loop
      vertex 0.0733652372277 0.494588254982 -0.6
      vertex 0.0490085701648 0.497592363336 -0.3
      vertex 0.0733652372277 0.494588254982 -0.3
    endloop
  endfacet
  facet normal 0.0735645635997 0.997290456679 0
    outer loop
      vertex 0.0490085701648 0.497592363336 -0.6
      vertex 0.0245338371637 0.499397728103 -0.6
      vertex 0.0245338371637 0.499397728103 -0.3
    endloop
  endfacet
  facet normal 0.0735645635997 0.997290456679 -0
    outer loop
      vertex 0.0490085701648 0.497592363336 -0.6
      vertex 0.0245338371637 0.499397728103 -0.3
      vertex 0.0490085701648 0.497592363336 -0.3
    endloop
  endfacet
  facet normal 0.0245412285229 0.999698818696 0
    outer loop
      vertex 0.0245338371637 0.499397728103 -0.6
      vertex 3.06161699787e-17 0.5 -0.6
      vertex 3.06161699787e-17 0.5 -0.3
    endloop
  endfacet
  facet normal 0.0245412285229 0.999698818696 -0
    outer loop
      vertex 0.0245338371637 0.499397728103 -0.6
      vertex 3.06161699787e-17 0.5 -0.3
      vertex 0.0245338371637 0.499397728103 -0.3
    endloop
  endfacet
  facet normal -0.0245412285229 0.999698818696 0
    outer loop
      vertex 3.06161699787e-17 0.5 -0.6
      vertex -0.0245338371637 0.499397728103 -0.6
      vertex -0.0245338371637 0.499397728103 -0.3
    endloop
  endfacet
  facet normal -0.0245412285229 0.999698818696 0
    outer loop
      vertex 3.06161699787e-17 0.5 -0.6
      vertex -0.0245338371637 0.499397728103 -0.3
      vertex 3.06161699787e-17 0.5 -0.3
    endloop
  endfacet
  facet normal -0.0735645635997 0.997290456679 0
    outer loop
      vertex -0.0245338371637 0.499397728103 -0.6
      vertex -0.0490085701648 0.497592363336 -0.6
      vertex -0.0490085701648 0.497592363336 -0.3
    endloop
  endfacet
  facet normal -0.0735645635997 0.997290456679 0
    outer loop
      vertex -0.0245338371637 0.499397728103 -0.6
      vertex -0.0490085701648 0.497592363336 -0.3
      vertex -0.0245338371637 0.499397728103 -0.3
    endloop
  endfacet
  facet normal -0.122410675199 0.992479534599 0
    outer loop
      vertex -0.0490085701648 0.497592363336 -0.6
      vertex -0.0733652372277 0.494588254982 -0.6
      vertex -0.0733652372277 0.494588254982 -0.3
    endloop
  endfacet
  facet normal -0.122410675199 0.992479534599 0
    outer loop
      vertex -0.0490085701648 0.497592363336 -0.6
      vertex -0.0733652372277 0.494588254982 -0.3
      vertex -0.0490085701648 0.497592363336 -0.3
    endloop
  endfacet
  facet normal -0.17096188876 0.985277642389 0
    outer loop
      vertex -0.0733652372277 0.494588254982 -0.6
      vertex -0.0975451610081 0.490392640202 -0.6
      vertex -0.0975451610081 0.490392640202 -0.3
    endloop
  endfacet
  facet normal -0.17096188876 0.985277642389 0
    outer loop
      vertex -0.0733652372277 0.494588254982 -0.6
      vertex -0.0975451610081 0.490392640202 -0.3
      vertex -0.0733652372277 0.494588254982 -0.3
    endloop
  endfacet
  facet normal -0.219101240157 0.975702130039 0
    outer loop
      vertex -0.0975451610081 0.490392640202 -0.6
      vertex -0.121490089952 0.485015626597 -0.6
      vertex -0.121490089952 0.485015626597 -0.3
    endloop
  endfacet
  facet normal -0.219101240157 0.975702130039 0
    outer loop
      vertex -0.0975451610081 0.490392640202 -0.6
      vertex -0.121490089952 0.485015626597 -0.3
      vertex -0.0975451610081 0.490392640202 -0.3
    endloop
  endfacet
  facet normal -0.266712757475 0.963776065795 0
    outer loop
      vertex -0.121490089952 0.485015626597 -0.6
      vertex -0.145142338627 0.478470167866 -0.6
      vertex -0.145142338627 0.478470167866 -0.3
    endloop
  endfacet
  facet normal -0.266712757475 0.963776065795 0
    outer loop
      vertex -0.121490089952 0.485015626597 -0.6
      vertex -0.145142338627 0.478470167866 -0.3
      vertex -0.121490089952 0.485015626597 -0.3
    endloop
  endfacet
  facet normal -0.313681740399 0.949528180593 0
    outer loop
      vertex -0.145142338627 0.478470167866 -0.6
      vertex -0.168444926696 0.470772032592 -0.6
      vertex -0.168444926696 0.470772032592 -0.3
    endloop
  endfacet
  facet normal -0.313681740399 0.949528180593 0
    outer loop
      vertex -0.145142338627 0.478470167866 -0.6
      vertex -0.168444926696 0.470772032592 -0.3
      vertex -0.145142338627 0.478470167866 -0.3
    endloop
  endfacet
  facet normal -0.359895036535 0.932992798835 0
    outer loop
      vertex -0.168444926696 0.470772032592 -0.6
      vertex -0.191341716183 0.461939766256 -0.6
      vertex -0.191341716183 0.461939766256 -0.3
    endloop
  endfacet
  facet normal -0.359895036535 0.932992798835 0
    outer loop
      vertex -0.168444926696 0.470772032592 -0.6
      vertex -0.191341716183 0.461939766256 -0.3
      vertex -0.168444926696 0.470772032592 -0.3
    endloop
  endfacet
  facet normal -0.405241314005 0.914209755704 0
    outer loop
      vertex -0.191341716183 0.461939766256 -0.6
      vertex -0.213777546715 0.451994646562 -0.6
      vertex -0.213777546715 0.451994646562 -0.3
    endloop
  endfacet
  facet normal -0.405241314005 0.914209755704 0
    outer loop
      vertex -0.191341716183 0.461939766256 -0.6
      vertex -0.213777546715 0.451994646562 -0.3
      vertex -0.191341716183 0.461939766256 -0.3
    endloop
  endfacet
  facet normal -0.449611329655 0.893224301196 0
    outer loop
      vertex -0.213777546715 0.451994646562 -0.6
      vertex -0.235698368413 0.440960632174 -0.6
      vertex -0.235698368413 0.440960632174 -0.3
    endloop
  endfacet
  facet normal -0.449611329655 0.893224301196 0
    outer loop
      vertex -0.213777546715 0.451994646562 -0.6
      vertex -0.235698368413 0.440960632174 -0.3
      vertex -0.213777546715 0.451994646562 -0.3
    endloop
  endfacet
  facet normal -0.49289819223 0.870086991109 0
    outer loop
      vertex -0.235698368413 0.440960632174 -0.6
      vertex -0.257051372097 0.428864305 -0.6
      vertex -0.257051372097 0.428864305 -0.3
    endloop
  endfacet
  facet normal -0.49289819223 0.870086991109 0
    outer loop
      vertex -0.235698368413 0.440960632174 -0.6
      vertex -0.257051372097 0.428864305 -0.3
      vertex -0.235698368413 0.440960632174 -0.3
    endloop
  endfacet
  facet normal -0.534997619887 0.84485356525 0
    outer loop
      vertex -0.257051372097 0.428864305 -0.6
      vertex -0.27778511651 0.415734806151 -0.6
      vertex -0.27778511651 0.415734806151 -0.3
    endloop
  endfacet
  facet normal -0.534997619887 0.84485356525 0
    outer loop
      vertex -0.257051372097 0.428864305 -0.6
      vertex -0.27778511651 0.415734806151 -0.3
      vertex -0.257051372097 0.428864305 -0.3
    endloop
  endfacet
  facet normal -0.575808191418 0.817584813152 0
    outer loop
      vertex -0.27778511651 0.415734806151 -0.6
      vertex -0.297849652246 0.40160376574 -0.6
      vertex -0.297849652246 0.40160376574 -0.3
    endloop
  endfacet
  facet normal -0.575808191418 0.817584813152 0
    outer loop
      vertex -0.27778511651 0.415734806151 -0.6
      vertex -0.297849652246 0.40160376574 -0.3
      vertex -0.27778511651 0.415734806151 -0.3
    endloop
  endfacet
  facet normal -0.615231590581 0.788346427627 0
    outer loop
      vertex -0.297849652246 0.40160376574 -0.6
      vertex -0.317196642082 0.386505226681 -0.6
      vertex -0.317196642082 0.386505226681 -0.3
    endloop
  endfacet
  facet normal -0.615231590581 0.788346427627 0
    outer loop
      vertex -0.297849652246 0.40160376574 -0.6
      vertex -0.317196642082 0.386505226681 -0.3
      vertex -0.297849652246 0.40160376574 -0.3
    endloop
  endfacet
  facet normal -0.653172842954 0.757208846506 0
    outer loop
      vertex -0.317196642082 0.386505226681 -0.6
      vertex -0.335779477424 0.370475562677 -0.6
      vertex -0.335779477424 0.370475562677 -0.3
    endloop
  endfacet
  facet normal -0.653172842954 0.757208846506 0
    outer loop
      vertex -0.317196642082 0.386505226681 -0.6
      vertex -0.335779477424 0.370475562677 -0.3
      vertex -0.317196642082 0.386505226681 -0.3
    endloop
  endfacet
  facet normal -0.689540544737 0.724247082951 0
    outer loop
      vertex -0.335779477424 0.370475562677 -0.6
      vertex -0.353553390593 0.353553390593 -0.6
      vertex -0.353553390593 0.353553390593 -0.3
    endloop
  endfacet
  facet normal -0.689540544737 0.724247082951 0
    outer loop
      vertex -0.335779477424 0.370475562677 -0.6
      vertex -0.353553390593 0.353553390593 -0.3
      vertex -0.335779477424 0.370475562677 -0.3
    endloop
  endfacet
  facet normal -0.724247082951 0.689540544737 0
    outer loop
      vertex -0.353553390593 0.353553390593 -0.6
      vertex -0.370475562677 0.335779477424 -0.6
      vertex -0.370475562677 0.335779477424 -0.3
    endloop
  endfacet
  facet normal -0.724247082951 0.689540544737 0
    outer loop
      vertex -0.353553390593 0.353553390593 -0.6
      vertex -0.370475562677 0.335779477424 -0.3
      vertex -0.353553390593 0.353553390593 -0.3
    endloop
  endfacet
  facet normal -0.757208846506 0.653172842954 0
    outer loop
      vertex -0.370475562677 0.335779477424 -0.6
      vertex -0.386505226681 0.317196642082 -0.6
      vertex -0.386505226681 0.317196642082 -0.3
    endloop
  endfacet
  facet normal -0.757208846506 0.653172842954 0
    outer loop
      vertex -0.370475562677 0.335779477424 -0.6
      vertex -0.386505226681 0.317196642082 -0.3
      vertex -0.370475562677 0.335779477424 -0.3
    endloop
  endfacet
  facet normal -0.788346427627 0.615231590581 0
    outer loop
      vertex -0.386505226681 0.317196642082 -0.6
      vertex -0.40160376574 0.297849652246 -0.6
      vertex -0.40160376574 0.297849652246 -0.3
    endloop
  endfacet
  facet normal -0.788346427627 0.615231590581 0
    outer loop
      vertex -0.386505226681 0.317196642082 -0.6
      vertex -0.40160376574 0.297849652246 -0.3
      vertex -0.386505226681 0.317196642082 -0.3
    endloop
  endfacet
  facet normal -0.817584813152 0.575808191418 0
    outer loop
      vertex -0.40160376574 0.297849652246 -0.6
      vertex -0.415734806151 0.27778511651 -0.6
      vertex -0.415734806151 0.27778511651 -0.3
    endloop
  endfacet
  facet normal -0.817584813152 0.575808191418 0
    outer loop
      vertex -0.40160376574 0.297849652246 -0.6
      vertex -0.415734806151 0.27778511651 -0.3
      vertex -0.40160376574 0.297849652246 -0.3
    endloop
  endfacet
  facet normal -0.84485356525 0.534997619887 0
    outer loop
      vertex -0.415734806151 0.27778511651 -0.6
      vertex -0.428864305 0.257051372097 -0.6
      vertex -0.428864305 0.257051372097 -0.3
    endloop
  endfacet
  facet normal -0.84485356525 0.534997619887 0
    outer loop
      vertex -0.415734806151 0.27778511651 -0.6
      vertex -0.428864305 0.257051372097 -0.3
      vertex -0.415734806151 0.27778511651 -0.3
    endloop
  endfacet
  facet normal -0.870086991109 0.49289819223 0
    outer loop
      vertex -0.428864305 0.257051372097 -0.6
      vertex -0.440960632174 0.235698368413 -0.6
      vertex -0.440960632174 0.235698368413 -0.3
    endloop
  endfacet
  facet normal -0.870086991109 0.49289819223 0
    outer loop
      vertex -0.428864305 0.257051372097 -0.6
      vertex -0.440960632174 0.235698368413 -0.3
      vertex -0.428864305 0.257051372097 -0.3
    endloop
  endfacet
  facet normal -0.893224301196 0.449611329655 0
    outer loop
      vertex -0.440960632174 0.235698368413 -0.6
      vertex -0.451994646562 0.213777546715 -0.6
      vertex -0.451994646562 0.213777546715 -0.3
    endloop
  endfacet
  facet normal -0.893224301196 0.449611329655 0
    outer loop
      vertex -0.440960632174 0.235698368413 -0.6
      vertex -0.451994646562 0.213777546715 -0.3
      vertex -0.440960632174 0.235698368413 -0.3
    endloop
  endfacet
  facet normal -0.914209755704 0.405241314005 0
    outer loop
      vertex -0.451994646562 0.213777546715 -0.6
      vertex -0.461939766256 0.191341716183 -0.6
      vertex -0.461939766256 0.191341716183 -0.3
    endloop
  endfacet
  facet normal -0.914209755704 0.405241314005 0
    outer loop
      vertex -0.451994646562 0.213777546715 -0.6
      vertex -0.461939766256 0.191341716183 -0.3
      vertex -0.451994646562 0.213777546715 -0.3
    endloop
  endfacet
  facet normal -0.932992798835 0.359895036535 0
    outer loop
      vertex -0.461939766256 0.191341716183 -0.6
      vertex -0.470772032592 0.168444926696 -0.6
      vertex -0.470772032592 0.168444926696 -0.3
    endloop
  endfacet
  facet normal -0.932992798835 0.359895036535 0
    outer loop
      vertex -0.461939766256 0.191341716183 -0.6
      vertex -0.470772032592 0.168444926696 -0.3
      vertex -0.461939766256 0.191341716183 -0.3
    endloop
  endfacet
  facet normal -0.949528180593 0.313681740399 0
    outer loop
      vertex -0.470772032592 0.168444926696 -0.6
      vertex -0.478470167866 0.145142338627 -0.6
      vertex -0.478470167866 0.145142338627 -0.3
    endloop
  endfacet
  facet normal -0.949528180593 0.313681740399 0
    outer loop
      vertex -0.470772032592 0.168444926696 -0.6
      vertex -0.478470167866 0.145142338627 -0.3
      vertex -0.470772032592 0.168444926696 -0.3
    endloop
  endfacet
  facet normal -0.963776065795 0.266712757475 0
    outer loop
      vertex -0.478470167866 0.145142338627 -0.6
      vertex -0.485015626597 0.121490089952 -0.6
      vertex -0.485015626597 0.121490089952 -0.3
    endloop
  endfacet
  facet normal -0.963776065795 0.266712757475 0
    outer loop
      vertex -0.478470167866 0.145142338627 -0.6
      vertex -0.485015626597 0.121490089952 -0.3
      vertex -0.478470167866 0.145142338627 -0.3
    endloop
  endfacet
  facet normal -0.975702130039 0.219101240157 0
    outer loop
      vertex -0.485015626597 0.121490089952 -0.6
      vertex -0.490392640202 0.0975451610081 -0.6
      vertex -0.490392640202 0.0975451610081 -0.3
    endloop
  endfacet
  facet normal -0.975702130039 0.219101240157 0
    outer loop
      vertex -0.485015626597 0.121490089952 -0.6
      vertex -0.490392640202 0.0975451610081 -0.3
      vertex -0.485015626597 0.121490089952 -0.3
    endloop
  endfacet
  facet normal -0.985277642389 0.17096188876 0
    outer loop
      vertex -0.490392640202 0.0975451610081 -0.6
      vertex -0.494588254982 0.0733652372277 -0.6
      vertex -0.494588254982 0.0733652372277 -0.3
    endloop
  endfacet
  facet normal -0.985277642389 0.17096188876 0
    outer loop
      vertex -0.490392640202 0.0975451610081 -0.6
      vertex -0.494588254982 0.0733652372277 -0.3
      vertex -0.490392640202 0.0975451610081 -0.3
    endloop
  endfacet
  facet normal -0.992479534599 0.122410675199 0
    outer loop
      vertex -0.494588254982 0.0733652372277 -0.6
      vertex -0.497592363336 0.0490085701648 -0.6
      vertex -0.497592363336 0.0490085701648 -0.3
    endloop
  endfacet
  facet normal -0.992479534599 0.122410675199 0
    outer loop
      vertex -0.494588254982 0.0733652372277 -0.6
      vertex -0.497592363336 0.0490085701648 -0.3
      vertex -0.494588254982 0.0733652372277 -0.3
    endloop
  endfacet
  facet normal -0.997290456679 0.0735645635997 0
    outer loop
      vertex -0.497592363336 0.0490085701648 -0.6
      vertex -0.499397728103 0.0245338371637 -0.6
      vertex -0.499397728103 0.0245338371637 -0.3
    endloop
  endfacet
  facet normal -0.997290456679 0.0735645635997 0
    outer loop
      vertex -0.497592363336 0.0490085701648 -0.6
      vertex -0.499397728103 0.0245338371637 -0.3
      vertex -0.497592363336 0.0490085701648 -0.3
    endloop
  endfacet
  facet normal -0.999698818696 0.0245412285229 0
    outer loop
      vertex -0.499397728103 0.0245338371637 -0.6
      vertex -0.5 6.12323399574e-17 -0.6
      vertex -0.5 6.12323399574e-17 -0.3
    endloop
  endfacet
  facet normal -0.999698818696 0.0245412285229 0
    outer loop
      vertex -0.499397728103 0.0245338371637 -0.6
      vertex -0.5 6.12323399574e-17 -0.3
      vertex -0.499397728103 0.0245338371637 -0.3
    endloop
  endfacet
  facet normal -0.999698818696 -0.0245412285229 0
    outer loop
      vertex -0.5 6.12323399574e-17 -0.6
      vertex -0.499397728103 -0.0245338371637 -0.6
      vertex -0.499397728103 -0.0245338371637 -0.3
    endloop
  endfacet
  facet normal -0.999698818696 -0.0245412285229 0
    outer loop
      vertex -0.5 6.12323399574e-17 -0.6
      vertex -0.499397728103 -0.0245338371637 -0.3
      vertex -0.5 6.12323399574e-17 -0.3
    endloop
  endfacet
  facet normal -0.997290456679 -0.0735645635997 0
    outer loop
      vertex -0.499397728103 -0.0245338371637 -0.6
      vertex -0.497592363336 -0.0490085701648 -0.6
      vertex -0.497592363336 -0.0490085701648 -0.3
    endloop
  endfacet
  facet normal -0.997290456679 -0.0735645635997 0
    outer loop
      vertex -0.499397728103 -0.0245338371637 -0.6
      vertex -0.497592363336 -0.0490085701648 -0.3
      vertex -0.499397728103 -0.0245338371637 -0.3
    endloop
  endfacet
  facet normal -0.992479534599 -0.122410675199 0
    outer loop
      vertex -0.497592363336 -0.0490085701648 -0.6
      vertex -0.494588254982 -0.0733652372277 -0.6
      vertex -0.494588254982 -0.0733652372277 -0.3
    endloop
  endfacet
  facet normal -0.992479534599 -0.122410675199 0
    outer loop
      vertex -0.497592363336 -0.0490085701648 -0.6
      vertex -0.494588254982 -0.0733652372277 -0.3
      vertex -0.497592363336 -0.0490085701648 -0.3
    endloop
  endfacet
  facet normal -0.985277642389 -0.17096188876 0
    outer loop
      vertex -0.494588254982 -0.0733652372277 -0.6
      vertex -0.490392640202 -0.0975451610081 -0.6
      vertex -0.490392640202 -0.0975451610081 -0.3
    endloop
  endfacet
  facet normal -0.985277642389 -0.17096188876 0
    outer loop
      vertex -0.494588254982 -0.0733652372277 -0.6
      vertex -0.490392640202 -0.0975451610081 -0.3
      vertex -0.494588254982 -0.0733652372277 -0.3
    endloop
  endfacet
  facet normal -0.975702130039 -0.219101240157 0
    outer loop
      vertex -0.490392640202 -0.0975451610081 -0.6
      vertex -0.485015626597 -0.121490089952 -0.6
      vertex -0.485015626597 -0.121490089952 -0.3
    endloop
  endfacet
  facet normal -0.975702130039 -0.219101240157 0
    outer loop
      vertex -0.490392640202 -0.0975451610081 -0.6
      vertex -0.485015626597 -0.121490089952 -0.3
      vertex -0.490392640202 -0.0975451610081 -0.3
    endloop
  endfacet
  facet normal -0.963776065795 -0.266712757475 0
    outer loop
      vertex -0.485015626597 -0.121490089952 -0.6
      vertex -0.478470167866 -0.145142338627 -0.6
      vertex -0.478470167866 -0.145142338627 -0.3
    endloop
  endfacet
  facet normal -0.963776065795 -0.266712757475 0
    outer loop
      vertex -0.485015626597 -0.121490089952 -0.6
      vertex -0.478470167866 -0.145142338627 -0.3
      vertex -0.485015626597 -0.121490089952 -0.3
    endloop
  endfacet
  facet normal -0.949528180593 -0.313681740399 0
    outer loop
      vertex -0.478470167866 -0.145142338627 -0.6
      vertex -0.470772032592 -0.168444926696 -0.6
      vertex -0.470772032592 -0.168444926696 -0.3
    endloop
  endfacet
  facet normal -0.949528180593 -0.313681740399 0
    outer loop
      vertex -0.478470167866 -0.145142338627 -0.6
      vertex -0.470772032592 -0.168444926696 -0.3
      vertex -0.478470167866 -0.145142338627 -0.3
    endloop
  endfacet
  facet normal -0.932992798835 -0.359895036535 0
    outer loop
      vertex -0.470772032592 -0.168444926696 -0.6
      vertex -0.461939766256 -0.191341716183 -0.6
      vertex -0.461939766256 -0.191341716183 -0.3
    endloop
  endfacet
  facet normal -0.932992798835 -0.359895036535 0
    outer loop
      vertex -0.470772032592 -0.168444926696 -0.6
      vertex -0.461939766256 -0.191341716183 -0.3
      vertex -0.470772032592 -0.168444926696 -0.3
    endloop
  endfacet
  facet normal -0.914209755704 -0.405241314005 0
    outer loop
      vertex -0.461939766256 -0.191341716183 -0.6
      vertex -0.451994646562 -0.213777546715 -0.6
      vertex -0.451994646562 -0.213777546715 -0.3
    endloop
  endfacet
  facet normal -0.914209755704 -0.405241314005 0
    outer loop
      vertex -0.461939766256 -0.191341716183 -0.6
      vertex -0.451994646562 -0.213777546715 -0.3
      vertex -0.461939766256 -0.191341716183 -0.3
    endloop
  endfacet
  facet normal -0.893224301196 -0.449611329655 0
    outer loop
      vertex -0.451994646562 -0.213777546715 -0.6
      vertex -0.440960632174 -0.235698368413 -0.6
      vertex -0.440960632174 -0.235698368413 -0.3
    endloop
  endfacet
  facet normal -0.893224301196 -0.449611329655 0
    outer loop
      vertex -0.451994646562 -0.213777546715 -0.6
      vertex -0.440960632174 -0.235698368413 -0.3
      vertex -0.451994646562 -0.213777546715 -0.3
    endloop
  endfacet
  facet normal -0.870086991109 -0.49289819223 0
    outer loop
      vertex -0.440960632174 -0.235698368413 -0.6
      vertex -0.428864305 -0.257051372097 -0.6
      vertex -0.428864305 -0.257051372097 -0.3
    endloop
  endfacet
  facet normal -0.870086991109 -0.49289819223 0
    outer loop
      vertex -0.440960632174 -0.235698368413 -0.6
      vertex -0.428864305 -0.257051372097 -0.3
      vertex -0.440960632174 -0.235698368413 -0.3
    endloop
  endfacet
  facet normal -0.84485356525 -0.534997619887 0
    outer loop
      vertex -0.428864305 -0.257051372097 -0.6
      vertex -0.415734806151 -0.27778511651 -0.6
      vertex -0.415734806151 -0.27778511651 -0.3
    endloop
  endfacet
  facet normal -0.84485356525 -0.534997619887 0
    outer loop
      vertex -0.428864305 -0.257051372097 -0.6
      vertex -0.415734806151 -0.27778511651 -0.3
      vertex -0.428864305 -0.257051372097 -0.3
    endloop
  endfacet
  facet normal -0.817584813152 -0.575808191418 0
    outer loop
      vertex -0.415734806151 -0.27778511651 -0.6
      vertex -0.40160376574 -0.297849652246 -0.6
      vertex -0.40160376574 -0.297849652246 -0.3
    endloop
  endfacet
  facet normal -0.817584813152 -0.575808191418 0
    outer loop
      vertex -0.415734806151 -0.27778511651 -0.6
      vertex -0.40160376574 -0.297849652246 -0.3
      vertex -0.415734806151 -0.27778511651 -0.3
    endloop
  endfacet
  facet normal -0.788346427627 -0.615231590581 0
    outer loop
      vertex -0.40160376574 -0.297849652246 -0.6
      vertex -0.386505226681 -0.317196642082 -0.6
      vertex -0.386505226681 -0.317196642082 -0.3
    endloop
  endfacet
  facet normal -0.788346427627 -0.615231590581 0
    outer loop
      vertex -0.40160376574 -0.297849652246 -0.6
      vertex -0.386505226681 -0.317196642082 -0.3
      vertex -0.40160376574 -0.297849652246 -0.3
    endloop
  endfacet
  facet normal -0.757208846506 -0.653172842954 0
    outer loop
      vertex -0.386505226681 -0.317196642082 -0.6
      vertex -0.370475562677 -0.335779477424 -0.6
      vertex -0.370475562677 -0.335779477424 -0.3
    endloop
  endfacet
  facet normal -0.757208846506 -0.653172842954 0
    outer loop
      vertex -0.386505226681 -0.317196642082 -0.6
      vertex -0.370475562677 -0.335779477424 -0.3
      vertex -0.386505226681 -0.317196642082 -0.3
    endloop
  endfacet
  facet normal -0.724247082951 -0.689540544737 0
    outer loop
      vertex -0.370475562677 -0.335779477424 -0.6
      vertex -0.353553390593 -0.353553390593 -0.6
      vertex -0.353553390593 -0.353553390593 -0.3
    endloop
  endfacet
  facet normal -0.724247082951 -0.689540544737 0
    outer loop
      vertex -0.370475562677 -0.335779477424 -0.6
      vertex -0.353553390593 -0.353553390593 -0.3
      vertex -0.370475562677 -0.335779477424 -0.3
    endloop
  endfacet
  facet normal -0.689540544737 -0.724247082951 0
    outer loop
      vertex -0.353553390593 -0.353553390593 -0.6
      vertex -0.335779477424 -0.370475562677 -0.6
      vertex -0.335779477424 -0.370475562677 -0.3
    endloop
  endfacet
  facet normal -0.689540544737 -0.724247082951 0
    outer loop
      vertex -0.353553390593 -0.353553390593 -0.6
      vertex -0.335779477424 -0.370475562677 -0.3
      vertex -0.353553390593 -0.353553390593 -0.3
    endloop
  endfacet
  facet normal -0.653172842954 -0.757208846506 0
    outer loop
      vertex -0.335779477424 -0.370475562677 -0.6
      vertex -0.317196642082 -0.386505226681 -0.6
      vertex -0.317196642082 -0.386505226681 -0.3
    endloop
  endfacet
  facet normal -0.653172842954 -0.757208846506 0
    outer loop
      vertex -0.335779477424 -0.370475562677 -0.6
      vertex -0.317196642082 -0.386505226681 -0.3
      vertex -0.335779477424 -0.370475562677 -0.3
    endloop
  endfacet
  facet normal -0.615231590581 -0.788346427627 0
    outer loop
      vertex -0.317196642082 -0.386505226681 -0.6
      vertex -0.297849652246 -0.40160376574 -0.6
      vertex -0.297849652246 -0.40160376574 -0.3
    endloop
  endfacet
  facet normal -0.615231590581 -0.788346427627 0
    outer loop
      vertex -0.317196642082 -0.386505226681 -0.6
      vertex -0.297849652246 -0.40160376574 -0.3
      vertex -0.317196642082 -0.386505226681 -0.3
    endloop
  endfacet
  facet normal -0.575808191418 -0.817584813152 0
    outer loop
      vertex -0.297849652246 -0.40160376574 -0.6
      vertex -0.27778511651 -0.415734806151 -0.6
      vertex -0.27778511651 -0.415734806151 -0.3
    endloop
  endfacet
  facet normal -0.575808191418 -0.817584813152 0
    outer loop
      vertex -0.297849652246 -0.40160376574 -0.6
      vertex -0.27778511651 -0.415734806151 -0.3
      vertex -0.297849652246 -0.40160376574 -0.3
    endloop
  endfacet
  facet normal -0.534997619887 -0.84485356525 0
    outer loop
      vertex -0.27778511651 -0.415734806151 -0.6
      vertex -0.257051372097 -0.428864305 -0.6
      vertex -0.257051372097 -0.428864305 -0.3
    endloop
  endfacet
  facet normal -0.534997619887 -0.84485356525 0
    outer loop
      vertex -0.27778511651 -0.415734806151 -0.6
      vertex -0.257051372097 -0.428864305 -0.3
      vertex -0.27778511651 -0.415734806151 -0.3
    endloop
  endfacet
  facet normal -0.49289819223 -0.870086991109 0
    outer loop
      vertex -0.257051372097 -0.428864305 -0.6
      vertex -0.235698368413 -0.440960632174 -0.6
      vertex -0.235698368413 -0.440960632174 -0.3
    endloop
  endfacet
  facet normal -0.49289819223 -0.870086991109 0
    outer loop
      vertex -0.257051372097 -0.428864305 -0.6
      vertex -0.235698368413 -0.440960632174 -0.3
      vertex -0.257051372097 -0.428864305 -0.3
    endloop
  endfacet
  facet normal -0.449611329655 -0.893224301196 0
    outer loop
      vertex -0.235698368413 -0.440960632174 -0.6
      vertex -0.213777546715 -0.451994646562 -0.6
      vertex -0.213777546715 -0.451994646562 -0.3
    endloop
  endfacet
  facet normal -0.449611329655 -0.893224301196 0
    outer loop
      vertex -0.235698368413 -0.440960632174 -0.6
      vertex -0.213777546715 -0.451994646562 -0.3
      vertex -0.235698368413 -0.440960632174 -0.3
    endloop
  endfacet
  facet normal -0.405241314005 -0.914209755704 0
    outer loop
      vertex -0.213777546715 -0.451994646562 -0.6
      vertex -0.191341716183 -0.461939766256 -0.6
      vertex -0.191341716183 -0.461939766256 -0.3
    endloop
  endfacet
  facet normal -0.405241314005 -0.914209755704 0
    outer loop
      vertex -0.213777546715 -0.451994646562 -0.6
      vertex -0.191341716183 -0.461939766256 -0.3
      vertex -0.213777546715 -0.451994646562 -0.3
    endloop
  endfacet
  facet normal -0.359895036535 -0.932992798835 0
    outer loop
      vertex -0.191341716183 -0.461939766256 -0.6
      vertex -0.168444926696 -0.470772032592 -0.6
      vertex -0.168444926696 -0.470772032592 -0.3
    endloop
  endfacet
  facet normal -0.359895036535 -0.932992798835 0
    outer loop
      vertex -0.191341716183 -0.461939766256 -0.6
      vertex -0.168444926696 -0.470772032592 -0.3
      vertex -0.191341716183 -0.461939766256 -0.3
    endloop
  endfacet
  facet normal -0.313681740399 -0.949528180593 0
    outer loop
      vertex -0.168444926696 -0.470772032592 -0.6
      vertex -0.145142338627 -0.478470167866 -0.6
      vertex -0.145142338627 -0.478470167866 -0.3
    endloop
  endfacet
  facet normal -0.313681740399 -0.949528180593 0
    outer loop
      vertex -0.168444926696 -0.470772032592 -0.6
      vertex -0.145142338627 -0.478470167866 -0.3
      vertex -0.168444926696 -0.470772032592 -0.3
    endloop
  endfacet
  facet normal -0.266712757475 -0.963776065795 0
    outer loop
      vertex -0.145142338627 -0.478470167866 -0.6
      vertex -0.121490089952 -0.485015626597 -0.6
      vertex -0.121490089952 -0.485015626597 -0.3
    endloop
  endfacet
  facet normal -0.266712757475 -0.963776065795 0
    outer loop
      vertex -0.145142338627 -0.478470167866 -0.6
      vertex -0.121490089952 -0.485015626597 -0.3
      vertex -0.145142338627 -0.478470167866 -0.3
    endloop
  endfacet
  facet normal -0.219101240157 -0.975702130039 0
    outer loop
      vertex -0.121490089952 -0.485015626597 -0.6
      vertex -0.0975451610081 -0.490392640202 -0.6
      vertex -0.0975451610081 -0.490392640202 -0.3
    endloop
  endfacet
  facet normal -0.219101240157 -0.975702130039 0
    outer loop
      vertex -0.121490089952 -0.485015626597 -0.6
      vertex -0.0975451610081 -0.490392640202 -0.3
      vertex -0.121490089952 -0.485015626597 -0.3
    endloop
  endfacet
  facet normal -0.17096188876 -0.985277642389 0
    outer loop
      vertex -0.0975451610081 -0.490392640202 -0.6
      vertex -0.0733652372277 -0.494588254982 -0.6
      vertex -0.0733652372277 -0.494588254982 -0.3
    endloop
  endfacet
  facet normal -0.17096188876 -0.985277642389 0
    outer loop
      vertex -0.0975451610081 -0.490392640202 -0.6
      vertex -0.0733652372277 -0.494588254982 -0.3
      vertex -0.0975451610081 -0.490392640202 -0.3
    endloop
  endfacet
  facet normal -0.122410675199 -0.992479534599 0
    outer loop
      vertex -0.0733652372277 -0.494588254982 -0.6
      vertex -0.0490085701648 -0.497592363336 -0.6
      vertex -0.0490085701648 -0.497592363336 -0.3
    endloop
  endfacet
  facet normal -0.122410675199 -0.992479534599 0
    outer loop
      vertex -0.0733652372277 -0.494588254982 -0.6
      vertex -0.0490085701648 -0.497592363336 -0.3
      vertex -0.0733652372277 -0.494588254982 -0.3
    endloop
  endfacet
  facet normal -0.0735645635997 -0.997290456679 0
    outer loop
      vertex -0.0490085701648 -0.497592363336 -0.6
      vertex -0.0245338371637 -0.499397728103 -0.6
      vertex -0.0245338371637 -0.499397728103 -0.3
    endloop
  endfacet
  facet normal -0.0735645635997 -0.997290456679 0
    outer loop
      vertex -0.0490085701648 -0.497592363336 -0.6
      vertex -0.0245338371637 -0.499397728103 -0.3
      vertex -0.0490085701648 -0.497592363336 -0.3
    endloop
  endfacet
  facet normal -0.0245412285229 -0.999698818696 0
    outer loop
      vertex -0.0245338371637 -0.499397728103 -0.6
      vertex -9.18485099361e-17 -0.5 -0.6
      vertex -9.18485099361e-17 -0.5 -0.3
    endloop
  endfacet
  facet normal -0.0245412285229 -0.999698818696 0
    outer loop
      vertex -0.0245338371637 -0.499397728103 -0.6
      vertex -9.18485099361e-17 -0.5 -0.3
      vertex -0.0245338371637 -0.499397728103 -0.3
    endloop
  endfacet
  facet normal 0.0245412285229 -0.999698818696 0
    outer loop
      vertex -9.18485099361e-17 -0.5 -0.6
      vertex 0.0245338371637 -0.499397728103 -0.6
      vertex 0.0245338371637 -0.499397728103 -0.3
    endloop
  endfacet
  facet normal 0.0245412285229 -0.999698818696 0
    outer loop
      vertex -9.18485099361e-17 -0.5 -0.6
      vertex 0.0245338371637 -0.499397728103 -0.3
      vertex -9.18485099361e-17 -0.5 -0.3
    endloop
  endfacet
  facet normal 0.0735645635997 -0.997290456679 0
    outer loop
      vertex 0.0245338371637 -0.499397728103 -0.6
      vertex 0.0490085701648 -0.497592363336 -0.6
      vertex 0.0490085701648 -0.497592363336 -0.3
    endloop
  endfacet
  facet normal 0.0735645635997 -0.997290456679 0
    outer loop
      vertex 0.0245338371637 -0.499397728103 -0.6
      vertex 0.0490085701648 -0.497592363336 -0.3
      vertex 0.0245338371637 -0.499397728103 -0.3
    endloop
  endfacet
  facet normal 0.122410675199 -0.992479534599 0
    outer loop
      vertex 0.0490085701648 -0.497592363336 -0.6
      vertex 0.0733652372277 -0.494588254982 -0.6
      vertex 0.0733652372277 -0.494588254982 -0.3
    endloop
  endfacet
  facet normal 0.122410675199 -0.992479534599 0
    outer loop
      vertex 0.0490085701648 -0.497592363336 -0.6
      vertex 0.0733652372277 -0.494588254982 -0.3
      vertex 0.0490085701648 -0.497592363336 -0.3
    endloop
  endfacet
  facet normal 0.17096188876 -0.985277642389 0
    outer loop
      vertex 0.0733652372277 -0.494588254982 -0.6
      vertex 0.0975451610081 -0.490392640202 -0.6
      vertex 0.0975451610081 -0.490392640202 -0.3
    endloop
  endfacet
  facet normal 0.17096188876 -0.985277642389 0
    outer loop
      vertex 0.0733652372277 -0.494588254982 -0.6
      vertex 0.0975451610081 -0.490392640202 -0.3
      vertex 0.0733652372277 -0.494588254982 -0.3
    endloop
  endfacet
  facet normal 0.219101240157 -0.975702130039 0
    outer loop
      vertex 0.0975451610081 -0.490392640202 -0.6
      vertex 0.121490089952 -0.485015626597 -0.6
      vertex 0.121490089952 -0.485015626597 -0.3
    endloop
  endfacet
  facet normal 0.219101240157 -0.975702130039 0
    outer loop
      vertex 0.0975451610081 -0.490392640202 -0.6
      vertex 0.121490089952 -0.485015626597 -0.3
      vertex 0.0975451610081 -0.490392640202 -0.3
    endloop
  endfacet
  facet normal 0.266712757475 -0.963776065795 0
    outer loop
      vertex 0.121490089952 -0.485015626597 -0.6
      vertex 0.145142338627 -0.478470167866 -0.6
      vertex 0.145142338627 -0.478470167866 -0.3
    endloop
  endfacet
  facet normal 0.266712757475 -0.963776065795 0
    outer loop
      vertex 0.121490089952 -0.485015626597 -0.6
      vertex 0.145142338627 -0.478470167866 -0.3
      vertex 0.121490089952 -0.485015626597 -0.3
    endloop
  endfacet
  facet normal 0.313681740399 -0.949528180593 0
    outer loop
      vertex 0.145142338627 -0.478470167866 -0.6
      vertex 0.168444926696 -0.470772032592 -0.6
      vertex 0.168444926696 -0.470772032592 -0.3
    endloop
  endfacet
  facet normal 0.313681740399 -0.949528180593 0
    outer loop
      vertex 0.145142338627 -0.478470167866 -0.6
      vertex 0.168444926696 -0.470772032592 -0.3
      vertex 0.145142338627 -0.478470167866 -0.3
    endloop
  endfacet
  facet normal 0.359895036535 -0.932992798835 0
    outer loop
      vertex 0.168444926696 -0.470772032592 -0.6
      vertex 0.191341716183 -0.461939766256 -0.6
      vertex 0.191341716183 -0.461939766256 -0.3
    endloop
  endfacet
  facet normal 0.359895036535 -0.932992798835 0
    outer loop
      vertex 0.168444926696 -0.470772032592 -0.6
      vertex 0.191341716183 -0.461939766256 -0.3
      vertex 0.168444926696 -0.470772032592 -0.3
    endloop
  endfacet
  facet normal 0.405241314005 -0.914209755704 0
    outer loop
      vertex 0.191341716183 -0.461939766256 -0.6
      vertex 0.213777546715 -0.451994646562 -0.6
      vertex 0.213777546715 -0.451994646562 -0.3
    endloop
  endfacet
  facet normal 0.405241314005 -0.914209755704 0
    outer loop
      vertex 0.191341716183 -0.461939766256 -0.6
      vertex 0.213777546715 -0.451994646562 -0.3
      vertex 0.191341716183 -0.461939766256 -0.3
    endloop
  endfacet
  facet normal 0.449611329655 -0.893224301196 0
    outer loop
      vertex 0.213777546715 -0.451994646562 -0.6
      vertex 0.235698368413 -0.440960632174 -0.6
      vertex 0.235698368413 -0.440960632174 -0.3
    endloop
  endfacet
  facet normal 0.449611329655 -0.893224301196 0
    outer loop
      vertex 0.213777546715 -0.451994646562 -0.6
      vertex 0.235698368413 -0.440960632174 -0.3
      vertex 0.213777546715 -0.451994646562 -0.3
    endloop
  endfacet
  facet normal 0.49289819223 -0.870086991109 0
    outer loop
      vertex 0.235698368413 -0.440960632174 -0.6
      vertex 0.257051372097 -0.428864305 -0.6
      vertex 0.257051372097 -0.428864305 -0.3
    endloop
  endfacet
  facet normal 0.49289819223 -0.870086991109 0
    outer loop
      vertex 0.235698368413 -0.440960632174 -0.6
      vertex 0.257051372097 -0.428864305 -0.3
      vertex 0.235698368413 -0.440960632174 -0.3
    endloop
  endfacet
  facet normal 0.534997619887 -0.84485356525 0
    outer loop
      vertex 0.257051372097 -0.428864305 -0.6
      vertex 0.27778511651 -0.415734806151 -0.6
      vertex 0.27778511651 -0.415734806151 -0.3
    endloop
  endfacet
  facet normal 0.534997619887 -0.84485356525 0
    outer loop
      vertex 0.257051372097 -0.428864305 -0.6
      vertex 0.27778511651 -0.415734806151 -0.3
      vertex 0.257051372097 -0.428864305 -0.3
    endloop
  endfacet
  facet normal 0.575808191418 -0.817584813152 0
    outer loop
      vertex 0.27778511651 -0.415734806151 -0.6
      vertex 0.297849652246 -0.40160376574 -0.6
      vertex 0.297849652246 -0.40160376574 -0.3
    endloop
  endfacet
  facet normal 0.575808191418 -0.817584813152 0
    outer loop
      vertex 0.27778511651 -0.415734806151 -0.6
      vertex 0.297849652246 -0.40160376574 -0.3
      vertex 0.27778511651 -0.415734806151 -0.3
    endloop
  endfacet
  facet normal 0.615231590581 -0.788346427627 0
    outer loop
      vertex 0.297849652246 -0.40160376574 -0.6
      vertex 0.317196642082 -0.386505226681 -0.6
      vertex 0.317196642082 -0.386505226681 -0.3
    endloop
  endfacet
  facet normal 0.615231590581 -0.788346427627 0
    outer loop
      vertex 0.297849652246 -0.40160376574 -0.6
      vertex 0.317196642082 -0.386505226681 -0.3
      vertex 0.297849652246 -0.40160376574 -0.3
    endloop
  endfacet
  facet normal 0.653172842954 -0.757208846506 0
    outer loop
      vertex 0.317196642082 -0.386505226681 -0.6
      vertex 0.335779477424 -0.370475562677 -0.6
      vertex 0.335779477424 -0.370475562677 -0.3
    endloop
  endfacet
  facet normal 0.653172842954 -0.757208846506 0
    outer loop
      vertex 0.317196642082 -0.386505226681 -0.6
      vertex 0.335779477424 -0.370475562677 -0.3
      vertex 0.317196642082 -0.386505226681 -0.3
    endloop
  endfacet
  facet normal 0.689540544737 -0.724247082951 0
    outer loop
      vertex 0.335779477424 -0.370475562677 -0.6
      vertex 0.353553390593 -0.353553390593 -0.6
      vertex 0.353553390593 -0.353553390593 -0.3
    endloop
  endfacet
  facet normal 0.689540544737 -0.724247082951 0
    outer loop
      vertex 0.335779477424 -0.370475562677 -0.6
      vertex 0.353553390593 -0.353553390593 -0.3
      vertex 0.335779477424 -0.370475562677 -0.3
    endloop
  endfacet
  facet normal 0.724247082951 -0.689540544737 0
    outer loop
      vertex 0.353553390593 -0.353553390593 -0.6
      vertex 0.370475562677 -0.335779477424 -0.6
      vertex 0.370475562677 -0.335779477424 -0.3
    endloop
  endfacet
  facet normal 0.724247082951 -0.689540544737 0
    outer loop
      vertex 0.353553390593 -0.353553390593 -0.6
      vertex 0.370475562677 -0.335779477424 -0.3
      vertex 0.353553390593 -0.353553390593 -0.3
    endloop
  endfacet
  facet normal 0.757208846506 -0.653172842954 0
    outer loop
      vertex 0.370475562677 -0.335779477424 -0.6
      vertex 0.386505226681 -0.317196642082 -0.6
      vertex 0.386505226681 -0.317196642082 -0.3
    endloop
  endfacet
  facet normal 0.757208846506 -0.653172842954 0
    outer loop
      vertex 0.370475562677 -0.335779477424 -0.6
      vertex 0.386505226681 -0.317196642082 -0.3
      vertex 0.370475562677 -0.335779477424 -0.3
    endloop
  endfacet
  facet normal 0.788346427627 -0.615231590581 0
    outer loop
      vertex 0.386505226681 -0.317196642082 -0.6
      vertex 0.40160376574 -0.297849652246 -0.6
      vertex 0.40160376574 -0.297849652246 -0.3
    endloop
  endfacet
  facet normal 0.788346427627 -0.615231590581 0
    outer loop
      vertex 0.386505226681 -0.317196642082 -0.6
      vertex 0.40160376574 -0.297849652246 -0.3
      vertex 0.386505226681 -0.317196642082 -0.3
    endloop
  endfacet
  facet normal 0.817584813152 -0.575808191418 0
    outer loop
      vertex 0.40160376574 -0.297849652246 -0.6
      vertex 0.415734806151 -0.27778511651 -0.6
      vertex 0.415734806151 -0.27778511651 -0.3
    endloop
  endfacet
  facet normal 0.817584813152 -0.575808191418 0
    outer loop
      vertex 0.40160376574 -0.297849652246 -0.6
      vertex 0.415734806151 -0.27778511651 -0.3
      vertex 0.40160376574 -0.297849652246 -0.3
    endloop
  endfacet
  facet normal 0.84485356525 -0.534997619887 0
    outer loop
      vertex 0.415734806151 -0.27778511651 -0.6
      vertex 0.428864305 -0.257051372097 -0.6
      vertex 0.428864305 -0.257051372097 -0.3
    endloop
  endfacet
  facet normal 0.84485356525 -0.534997619887 0
    outer loop
      vertex 0.415734806151 -0.27778511651 -0.6
      vertex 0.428864305 -0.257051372097 -0.3
      vertex 0.415734806151 -0.27778511651 -0.3
    endloop
  endfacet
  facet normal 0.870086991109 -0.49289819223 0
    outer loop
      vertex 0.428864305 -0.257051372097 -0.6
      vertex 0.440960632174 -0.235698368413 -0.6
      vertex 0.440960632174 -0.235698368413 -0.3
    endloop
  endfacet
  facet normal 0.870086991109 -0.49289819223 0
    outer loop
      vertex 0.428864305 -0.257051372097 -0.6
      vertex 0.440960632174 -0.235698368413 -0.3
      vertex 0.428864305 -0.257051372097 -0.3
    endloop
  endfacet
  facet normal 0.893224301196 -0.449611329655 0
    outer loop
      vertex 0.440960632174 -0.235698368413 -0.6
      vertex 0.451994646562 -0.213777546715 -0.6
      vertex 0.451994646562 -0.213777546715 -0.3
    endloop
  endfacet
  facet normal 0.893224301196 -0.449611329655 0
    outer loop
      vertex 0.440960632174 -0.235698368413 -0.6
      vertex 0.451994646562 -0.213777546715 -0.3
      vertex 0.440960632174 -0.235698368413 -0.3
    endloop
  endfacet
  facet normal 0.914209755704 -0.405241314005 0
    outer loop
      vertex 0.451994646562 -0.213777546715 -0.6
      vertex 0.461939766256 -0.191341716183 -0.6
      vertex 0.461939766256 -0.191341716183 -0.3
    endloop
  endfacet
  facet normal 0.914209755704 -0.405241314005 0
    outer loop
      vertex 0.451994646562 -0.213777546715 -0.6
      vertex 0.461939766256 -0.191341716183 -0.3
      vertex 0.451994646562 -0.213777546715 -0.3
    endloop
  endfacet
  facet normal 0.932992798835 -0.359895036535 0
    outer loop
      vertex 0.461939766256 -0.191341716183 -0.6
      vertex 0.470772032592 -0.168444926696 -0.6
      vertex 0.470772032592 -0.168444926696 -0.3
    endloop
  endfacet
  facet normal 0.932992798835 -0.359895036535 0
    outer loop
      vertex 0.461939766256 -0.191341716183 -0.6
      vertex 0.470772032592 -0.168444926696 -0.3
      vertex 0.461939766256 -0.191341716183 -0.3
    endloop
  endfacet
  facet normal 0.949528180593 -0.313681740399 0
    outer loop
      vertex 0.470772032592 -0.168444926696 -0.6
      vertex 0.478470167866 -0.145142338627 -0.6
      vertex 0.478470167866 -0.145142338627 -0.3
    endloop
  endfacet
  facet normal 0.949528180593 -0.313681740399 0
    outer loop
      vertex 0.470772032592 -0.168444926696 -0.6
      vertex 0.478470167866 -0.145142338627 -0.3
      vertex 0.470772032592 -0.168444926696 -0.3
    endloop
  endfacet
  facet normal 0.963776065795 -0.266712757475 0
    outer loop
      vertex 0.478470167866 -0.145142338627 -0.6
      vertex 0.485015626597 -0.121490089952 -0.6
      vertex 0.485015626597 -0.121490089952 -0.3
    endloop
  endfacet
  facet normal 0.963776065795 -0.266712757475 0
    outer loop
      vertex 0.478470167866 -0.145142338627 -0.6
      vertex 0.485015626597 -0.121490089952 -0.3
      vertex 0.478470167866 -0.145142338627 -0.3
    endloop
  endfacet
  facet normal 0.975702130039 -0.219101240157 0
    outer loop
      vertex 0.485015626597 -0.121490089952 -0.6
      vertex 0.490392640202 -0.0975451610081 -0.6
      vertex 0.490392640202 -0.0975451610081 -0.3
    endloop
  endfacet
  facet normal 0.975702130039 -0.219101240157 0
    outer loop
      vertex 0.485015626597 -0.121490089952 -0.6
      vertex 0.490392640202 -0.0975451610081 -0.3
      vertex 0.485015626597 -0.121490089952 -0.3
    endloop
  endfacet
  facet normal 0.985277642389 -0.17096188876 0
    outer loop
      vertex 0.490392640202 -0.0975451610081 -0.6
      vertex 0.494588254982 -0.0733652372277 -0.6
      vertex 0.494588254982 -0.0733652372277 -0.3
    endloop
  endfacet
  facet normal 0.985277642389 -0.17096188876 0
    outer loop
      vertex 0.490392640202 -0.0975451610081 -0.6
      vertex 0.494588254982 -0.0733652372277 -0.3
      vertex 0.490392640202 -0.0975451610081 -0.3
    endloop
  endfacet
  facet normal 0.992479534599 -0.122410675199 0
    outer loop
      vertex 0.494588254982 -0.0733652372277 -0.6
      vertex 0.497592363336 -0.0490085701648 -0.6
      vertex 0.497592363336 -0.0490085701648 -0.3
    endloop
  endfacet
  facet normal 0.992479534599 -0.122410675199 0
    outer loop
      vertex 0.494588254982 -0.0733652372277 -0.6
      vertex 0.497592363336 -0.0490085701648 -0.3
      vertex 0.494588254982 -0.0733652372277 -0.3
    endloop
  endfacet
  facet normal 0.997290456679 -0.0735645635997 0
    outer loop
      vertex 0.497592363336 -0.0490085701648 -0.6
      vertex 0.499397728103 -0.0245338371637 -0.6
      vertex 0.499397728103 -0.0245338371637 -0.3
    endloop
  endfacet
  facet normal 0.997290456679 -0.0735645635997 0
    outer loop
      vertex 0.497592363336 -0.0490085701648 -0.6
      vertex 0.499397728103 -0.0245338371637 -0.3
      vertex 0.497592363336 -0.0490085701648 -0.3
    endloop
  endfacet
  facet normal 0.999698818696 -0.0245412285229 0
    outer loop
      vertex 0.499397728103 -0.0245338371637 -0.6
      vertex 0.5 -1.22464679915e-16 -0.6
      vertex 0.5 -1.22464679915e-16 -0.3
    endloop
  endfacet
  facet normal 0.999698818696 -0.0245412285229 0
    outer loop
      vertex 0.499397728103 -0.0245338371637 -0.6
      vertex 0.5 -1.22464679915e-16 -0.3
      vertex 0.499397728103 -0.0245338371637 -0.3
    endloop
  endfacet
  facet normal 0.999698818696 0.0245412285229 0
    outer loop
      vertex 0.5 0 -0.3
      vertex 0.499397728103 0.0245338371637 -0.3
      vertex 0.499397728103 0.0245338371637 0
    endloop
  endfacet
  facet normal 0.999698818696 0.0245412285229 -0
    outer loop
      vertex 0.5 0 -0.3
      vertex 0.499397728103 0.0245338371637 0
      vertex 0.5 0 0
    endloop
  endfacet
  facet normal 0.997290456679 0.0735645635997 0
    outer loop
      vertex 0.499397728103 0.0245338371637 -0.3
      vertex 0.497592363336 0.0490085701648 -0.3
      vertex 0.497592363336 0.0490085701648 0
    endloop
  endfacet
  facet normal 0.997290456679 0.0735645635997 -0
    outer loop
      vertex 0.499397728103 0.0245338371637 -0.3
      vertex 0.497592363336 0.0490085701648 0
      vertex 0.499397728103 0.0245338371637 0
    endloop
  endfacet
  facet normal 0.992479534599 0.122410675199 0
    outer loop
      vertex 0.497592363336 0.0490085701648 -0.3
      vertex 0.494588254982 0.0733652372277 -0.3
      vertex 0.494588254982 0.0733652372277 0
    endloop
  endfacet
  facet normal 0.992479534599 0.122410675199 -0
    outer loop
      vertex 0.497592363336 0.0490085701648 -0.3
      vertex 0.494588254982 0.0733652372277 0
      vertex 0.497592363336 0.0490085701648 0
    endloop
  endfacet
  facet normal 0.985277642389 0.17096188876 0
    outer loop
      vertex 0.494588254982 0.0733652372277 -0.3
      vertex 0.490392640202 0.0975451610081 -0.3
      vertex 0.490392640202 0.0975451610081 0
    endloop
  endfacet
  facet normal 0.985277642389 0.17096188876 -0
    outer loop
      vertex 0.494588254982 0.0733652372277 -0.3
      vertex 0.490392640202 0.0975451610081 0
      vertex 0.494588254982 0.0733652372277 0
    endloop
  endfacet
  facet normal 0.975702130039 0.219101240157 0
    outer loop
      vertex 0.490392640202 0.0975451610081 -0.3
      vertex 0.485015626597 0.121490089952 -0.3
      vertex 0.485015626597 0.121490089952 0
    endloop
  endfacet
  facet normal 0.975702130039 0.219101240157 -0
    outer loop
      vertex 0.490392640202 0.0975451610081 -0.3
      vertex 0.485015626597 0.121490089952 0
      vertex 0.490392640202 0.0975451610081 0
    endloop
  endfacet
  facet normal 0.963776065795 0.266712757475 0
    outer loop
      vertex 0.485015626597 0.121490089952 -0.3
      vertex 0.478470167866 0.145142338627 -0.3
      vertex 0.478470167866 0.145142338627 0
    endloop
  endfacet
  facet normal 0.963776065795 0.266712757475 -0
    outer loop
      vertex 0.485015626597 0.121490089952 -0.3
      vertex 0.478470167866 0.145142338627 0
      vertex 0.485015626597 0.121490089952 0
    endloop
  endfacet
  facet normal 0.949528180593 0.313681740399 0
    outer loop
      vertex 0.478470167866 0.145142338627 -0.3
      vertex 0.470772032592 0.168444926696 -0.3
      vertex 0.470772032592 0.168444926696 0
    endloop
  endfacet
  facet normal 0.949528180593 0.313681740399 -0
    outer loop
      vertex 0.478470167866 0.145142338627 -0.3
      vertex 0.470772032592 0.168444926696 0
      vertex 0.478470167866 0.145142338627 0
    endloop
  endfacet
  facet normal 0.932992798835 0.359895036535 0
    outer loop
      vertex 0.470772032592 0.168444926696 -0.3
      vertex 0.461939766256 0.191341716183 -0.3
      vertex 0.461939766256 0.191341716183 0
    endloop
  endfacet
  facet normal 0.932992798835 0.359895036535 -0
    outer loop
      vertex 0.470772032592 0.168444926696 -0.3
      vertex 0.461939766256 0.191341716183 0
      vertex 0.470772032592 0.168444926696 0
    endloop
  endfacet
  facet normal 0.914209755704 0.405241314005 0
    outer loop
      vertex 0.461939766256 0.191341716183 -0.3
      vertex 0.451994646562 0.213777546715 -0.3
      vertex 0.451994646562 0.213777546715 0
    endloop
  endfacet
  facet normal 0.914209755704 0.405241314005 -0
    outer loop
      vertex 0.461939766256 0.191341716183 -0.3
      vertex 0.451994646562 0.213777546715 0
      vertex 0.461939766256 0.191341716183 0
    endloop
  endfacet
  facet normal 0.893224301196 0.449611329655 0
    outer loop
      vertex 0.451994646562 0.213777546715 -0.3
      vertex 0.440960632174 0.235698368413 -0.3
      vertex 0.440960632174 0.235698368413 0
    endloop
  endfacet
  facet normal 0.893224301196 0.449611329655 -0
    outer loop
      vertex 0.451994646562 0.213777546715 -0.3
      vertex 0.440960632174 0.235698368413 0
      vertex 0.451994646562 0.213777546715 0
    endloop
  endfacet
  facet normal 0.870086991109 0.49289819223 0
    outer loop
      vertex 0.440960632174 0.235698368413 -0.3
      vertex 0.428864305 0.257051372097 -0.3
      vertex 0.428864305 0.257051372097 0
    endloop
  endfacet
  facet normal 0.870086991109 0.49289819223 -0
    outer loop
      vertex 0.440960632174 0.235698368413 -0.3
      vertex 0.428864305 0.257051372097 0
      vertex 0.440960632174 0.235698368413 0
    endloop
  endfacet
  facet normal 0.84485356525 0.534997619887 0
    outer loop
      vertex 0.428864305 0.257051372097 -0.3
      vertex 0.415734806151 0.27778511651 -0.3
      vertex 0.415734806151 0.27778511651 0
    endloop
  endfacet
  facet normal 0.84485356525 0.534997619887 -0
    outer loop
      vertex 0.428864305 0.257051372097 -0.3
      vertex 0.415734806151 0.27778511651 0
      vertex 0.428864305 0.257051372097 0
    endloop
  endfacet
  facet normal 0.817584813152 0.575808191418 0
    outer loop
      vertex 0.415734806151 0.27778511651 -0.3
      vertex 0.40160376574 0.297849652246 -0.3
      vertex 0.40160376574 0.297849652246 0
    endloop
  endfacet
  facet normal 0.817584813152 0.575808191418 -0
    outer loop
      vertex 0.415734806151 0.27778511651 -0.3
      vertex 0.40160376574 0.297849652246 0
      vertex 0.415734806151 0.27778511651 0
    endloop
  endfacet
  facet normal 0.788346427627 0.615231590581 0
    outer loop
      vertex 0.40160376574 0.297849652246 -0.3
      vertex 0.386505226681 0.317196642082 -0.3
      vertex 0.386505226681 0.317196642082 0
    endloop
  endfacet
  facet normal 0.788346427627 0.615231590581 -0
    outer loop
      vertex 0.40160376574 0.297849652246 -0.3
      vertex 0.386505226681 0.317196642082 0
      vertex 0.40160376574 0.297849652246 0
    endloop
  endfacet
  facet normal 0.757208846506 0.653172842954 0
    outer loop
      vertex 0.386505226681 0.317196642082 -0.3
      vertex 0.370475562677 0.335779477424 -0.3
      vertex 0.370475562677 0.335779477424 0
    endloop
  endfacet
  facet normal 0.757208846506 0.653172842954 -0
    outer loop
      vertex 0.386505226681 0.317196642082 -0.3
      vertex 0.370475562677 0.335779477424 0
      vertex 0.386505226681 0.317196642082 0
    endloop
  endfacet
  facet normal 0.724247082951 0.689540544737 0
    outer loop
      vertex 0.370475562677 0.335779477424 -0.3
      vertex 0.353553390593 0.353553390593 -0.3
      vertex 0.353553390593 0.353553390593 0
    endloop
  endfacet
  facet normal 0.724247082951 0.689540544737 -0
    outer loop
      vertex 0.370475562677 0.335779477424 -0.3
      vertex 0.353553390593 0.353553390593 0
      vertex 0.370475562677 0.335779477424 0
    endloop
  endfacet
  facet normal 0.689540544737 0.724247082951 0
    outer loop
      vertex 0.353553390593 0.353553390593 -0.3
      vertex 0.335779477424 0.370475562677 -0.3
      vertex 0.335779477424 0.370475562677 0
    endloop
  endfacet
  facet normal 0.689540544737 0.724247082951 -0
    outer loop
      vertex 0.353553390593 0.353553390593 -0.3
      vertex 0.335779477424 0.370475562677 0
      vertex 0.353553390593 0.353553390593 0
    endloop
  endfacet
  facet normal 0.653172842954 0.757208846506 0
    outer loop
      vertex 0.335779477424 0.370475562677 -0.3
      vertex 0.317196642082 0.386505226681 -0.3
      vertex 0.317196642082 0.386505226681 0
    endloop
  endfacet
  facet normal 0.653172842954 0.757208846506 -0
    outer loop
      vertex 0.335779477424 0.370475562677 -0.3
      vertex 0.317196642082 0.386505226681 0
      vertex 0.335779477424 0.370475562677 0
    endloop
  endfacet
  facet normal 0.615231590581 0.788346427627 0
    outer loop
      vertex 0.317196642082 0.386505226681 -0.3
      vertex 0.297849652246 0.40160376574 -0.3
      vertex 0.297849652246 0.40160376574 0
    endloop
  endfacet
  facet normal 0.615231590581 0.788346427627 -0
    outer loop
      vertex 0.317196642082 0.386505226681 -0.3
      vertex 0.297849652246 0.40160376574 0
      vertex 0.317196642082 0.386505226681 0
    endloop
  endfacet
  facet normal 0.575808191418 0.817584813152 0
    outer loop
      vertex 0.297849652246 0.40160376574 -0.3
      vertex 0.27778511651 0.415734806151 -0.3
      vertex 0.27778511651 0.415734806151 0
    endloop
  endfacet
  facet normal 0.575808191418 0.817584813152 -0
    outer loop
      vertex 0.297849652246 0.40160376574 -0.3
      vertex 0.27778511651 0.415734806151 0
      vertex 0.297849652246 0.40160376574 0
    endloop
  endfacet
  facet normal 0.534997619887 0.84485356525 0
    outer loop
      vertex 0.27778511651 0.415734806151 -0.3
      vertex 0.257051372097 0.428864305 -0.3
      vertex 0.257051372097 0.428864305 0
    endloop
  endfacet
  facet normal 0.534997619887 0.84485356525 -0
    outer loop
      vertex 0.27778511651 0.415734806151 -0.3
      vertex 0.257051372097 0.428864305 0
      vertex 0.27778511651 0.415734806151 0
    endloop
  endfacet
  facet normal 0.49289819223 0.870086991109 0
    outer loop
      vertex 0.257051372097 0.428864305 -0.3
      vertex 0.235698368413 0.440960632174 -0.3
      vertex 0.235698368413 0.440960632174 0
    endloop
  endfacet
  facet normal 0.49289819223 0.870086991109 -0
    outer loop
      vertex 0.257051372097 0.428864305 -0.3
      vertex 0.235698368413 0.440960632174 0
      vertex 0.257051372097 0.428864305 0
    endloop
  endfacet
  facet normal 0.449611329655 0.893224301196 0
    outer loop
      vertex 0.235698368413 0.440960632174 -0.3
      vertex 0.213777546715 0.451994646562 -0.3
      vertex 0.213777546715 0.451994646562 0
    endloop
  endfacet
  facet normal 0.449611329655 0.893224301196 -0
    outer loop
      vertex 0.235698368413 0.440960632174 -0.3
      vertex 0.213777546715 0.451994646562 0
      vertex 0.235698368413 0.440960632174 0
    endloop
  endfacet
  facet normal 0.405241314005 0.914209755704 0
    outer loop
      vertex 0.213777546715 0.451994646562 -0.3
      vertex 0.191341716183 0.461939766256 -0.3
      vertex 0.191341716183 0.461939766256 0
    endloop
  endfacet
  facet normal 0.405241314005 0.914209755704 -0
    outer loop
      vertex 0.213777546715 0.451994646562 -0.3
      vertex 0.191341716183 0.461939766256 0
      vertex 0.213777546715 0.451994646562 0
    endloop
  endfacet
  facet normal 0.359895036535 0.932992798835 0
    outer loop
      vertex 0.191341716183 0.461939766256 -0.3
      vertex 0.168444926696 0.470772032592 -0.3
      vertex 0.168444926696 0.470772032592 0
    endloop
  endfacet
  facet normal 0.359895036535 0.932992798835 -0
    outer loop
      vertex 0.191341716183 0.461939766256 -0.3
      vertex 0.168444926696 0.470772032592 0
      vertex 0.191341716183 0.461939766256 0
    endloop
  endfacet
  facet normal 0.313681740399 0.949528180593 0
    outer loop
      vertex 0.168444926696 0.470772032592 -0.3
      vertex 0.145142338627 0.478470167866 -0.3
      vertex 0.145142338627 0.478470167866 0
    endloop
  endfacet
  facet normal 0.313681740399 0.949528180593 -0
    outer loop
      vertex 0.168444926696 0.470772032592 -0.3
      vertex 0.145142338627 0.478470167866 0
      vertex 0.168444926696 0.470772032592 0
    endloop
  endfacet
  facet normal 0.266712757475 0.963776065795 0
    outer loop
      vertex 0.145142338627 0.478470167866 -0.3
      vertex 0.121490089952 0.485015626597 -0.3
      vertex 0.121490089952 0.485015626597 0
    endloop
  endfacet
  facet normal 0.266712757475 0.963776065795 -0
    outer loop
      vertex 0.145142338627 0.478470167866 -0.3
      vertex 0.121490089952 0.485015626597 0
      vertex 0.145142338627 0.478470167866 0
    endloop
  endfacet
  facet normal 0.219101240157 0.975702130039 0
    outer loop
      vertex 0.121490089952 0.485015626597 -0.3
      vertex 0.0975451610081 0.490392640202 -0.3
      vertex 0.0975451610081 0.490392640202 0
    endloop
  endfacet
  facet normal 0.219101240157 0.975702130039 -0
    outer loop
      vertex 0.121490089952 0.485015626597 -0.3
      vertex 0.0975451610081 0.490392640202 0
      vertex 0.121490089952 0.485015626597 0
    endloop
  endfacet
  facet normal 0.17096188876 0.985277642389 0
    outer loop
      vertex 0.0975451610081 0.490392640202 -0.3
      vertex 0.0733652372277 0.494588254982 -0.3
      vertex 0.0733652372277 0.494588254982 0
    endloop
  endfacet
  facet normal 0.17096188876 0.985277642389 -0
    outer loop
      vertex 0.0975451610081 0.490392640202 -0.3
      vertex 0.0733652372277 0.494588254982 0
      vertex 0.0975451610081 0.490392640202 0
    endloop
  endfacet
  facet normal 0.122410675199 0.992479534599 0
    outer loop
      vertex 0.0733652372277 0.494588254982 -0.3
      vertex 0.0490085701648 0.497592363336 -0.3
      vertex 0.0490085701648 0.497592363336 0
    endloop
  endfacet
  facet normal 0.122410675199 0.992479534599 -0
    outer loop
      vertex 0.0733652372277 0.494588254982 -0.3
      vertex 0.0490085701648 0.497592363336 0
      vertex 0.0733652372277 0.494588254982 0
    endloop
  endfacet
  facet normal 0.0735645635997 0.997290456679 0
    outer loop
      vertex 0.0490085701648 0.497592363336 -0.3
      vertex 0.0245338371637 0.499397728103 -0.3
      vertex 0.0245338371637 0.499397728103 0
    endloop
  endfacet
  facet normal 0.0735645635997 0.997290456679 -0
    outer loop
      vertex 0.0490085701648 0.497592363336 -0.3
      vertex 0.0245338371637 0.499397728103 0
      vertex 0.0490085701648 0.497592363336 0
    endloop
  endfacet
  facet normal 0.0245412285229 0.999698818696 0
    outer loop
      vertex 0.0245338371637 0.499397728103 -0.3
      vertex 3.06161699787e-17 0.5 -0.3
      vertex 3.06161699787e-17 0.5 0
    endloop
  endfacet
  facet normal 0.0245412285229 0.999698818696 -0
    outer loop
      vertex 0.0245338371637 0.499397728103 -0.3
      vertex 3.06161699787e-17 0.5 0
      vertex 0.0245338371637 0.499397728103 0
    endloop
  endfacet
  facet normal -0.0245412285229 0.999698818696 0
    outer loop
      vertex 3.06161699787e-17 0.5 -0.3
      vertex -0.0245338371637 0.499397728103 -0.3
      vertex -0.0245338371637 0.499397728103 0
    endloop
  endfacet
  facet normal -0.0245412285229 0.999698818696 0
    outer loop
      vertex 3.06161699787e-17 0.5 -0.3
      vertex -0.0245338371637 0.499397728103 0
      vertex 3.06161699787e-17 0.5 0
    endloop
  endfacet
  facet normal -0.0735645635997 0.997290456679 0
    outer loop
      vertex -0.0245338371637 0.499397728103 -0.3
      vertex -0.0490085701648 0.497592363336 -0.3
      vertex -0.0490085701648 0.497592363336 0
    endloop
  endfacet
  facet normal -0.0735645635997 0.997290456679 0
    outer loop
      vertex -0.0245338371637 0.499397728103 -0.3
      vertex -0.0490085701648 0.497592363336 0
      vertex -0.0245338371637 0.499397728103 0
    endloop
  endfacet
  facet normal -0.122410675199 0.992479534599 0
    outer loop
      vertex -0.0490085701648 0.497592363336 -0.3
      vertex -0.0733652372277 0.494588254982 -0.3
      vertex -0.0733652372277 0.494588254982 0
    endloop
  endfacet
  facet normal -0.122410675199 0.992479534599 0
    outer loop
      vertex -0.0490085701648 0.497592363336 -0.3
      vertex -0.0733652372277 0.494588254982 0
      vertex -0.0490085701648 0.497592363336 0
    endloop
  endfacet
  facet normal -0.17096188876 0.985277642389 0
    outer loop
      vertex -0.0733652372277 0.494588254982 -0.3
      vertex -0.0975451610081 0.490392640202 -0.3
      vertex -0.0975451610081 0.490392640202 0
    endloop
  endfacet
  facet normal -0.17096188876 0.985277642389 0
    outer loop
      vertex -0.0733652372277 0.494588254982 -0.3
      vertex -0.0975451610081 0.490392640202 0
      vertex -0.0733652372277 0.494588254982 0
    endloop
  endfacet
  facet normal -0.219101240157 0.975702130039 0
    outer loop
      vertex -0.0975451610081 0.490392640202 -0.3
      vertex -0.121490089952 0.485015626597 -0.3
      vertex -0.121490089952 0.485015626597 0
    endloop
  endfacet
  facet normal -0.219101240157 0.975702130039 0
    outer loop
      vertex -0.0975451610081 0.490392640202 -0.3
      vertex -0.121490089952 0.485015626597 0
      vertex -0.0975451610081 0.490392640202 0
    endloop
  endfacet
  facet normal -0.266712757475 0.963776065795 0
    outer loop
      vertex -0.121490089952 0.485015626597 -0.3
      vertex -0.145142338627 0.478470167866 -0.3
      vertex -0.145142338627 0.478470167866 0
    endloop
  endfacet
  facet normal -0.266712757475 0.963776065795 0
    outer loop
      vertex -0.121490089952 0.485015626597 -0.3
      vertex -0.145142338627 0.478470167866 0
      vertex -0.121490089952 0.485015626597 0
    endloop
  endfacet
  facet normal -0.313681740399 0.949528180593 0
    outer loop
      vertex -0.145142338627 0.478470167866 -0.3
      vertex -0.168444926696 0.470772032592 -0.3
      vertex -0.168444926696 0.470772032592 0
    endloop
  endfacet
  facet normal -0.313681740399 0.949528180593 0
    outer loop
      vertex -0.145142338627 0.478470167866 -0.3
      vertex -0.168444926696 0.470772032592 0
      vertex -0.145142338627 0.478470167866 0
    endloop
  endfacet
  facet normal -0.359895036535 0.932992798835 0
    outer loop
      vertex -0.168444926696 0.470772032592 -0.3
      vertex -0.191341716183 0.461939766256 -0.3
      vertex -0.191341716183 0.461939766256 0
    endloop
  endfacet
  facet normal -0.359895036535 0.932992798835 0
    outer loop
      vertex -0.168444926696 0.470772032592 -0.3
      vertex -0.191341716183 0.461939766256 0
      vertex -0.168444926696 0.470772032592 0
    endloop
  endfacet
  facet normal -0.405241314005 0.914209755704 0
    outer loop
      vertex -0.191341716183 0.461939766256 -0.3
      vertex -0.213777546715 0.451994646562 -0.3
      vertex -0.213777546715 0.451994646562 0
    endloop
  endfacet
  facet normal -0.405241314005 0.914209755704 0
    outer loop
      vertex -0.191341716183 0.461939766256 -0.3
      vertex -0.213777546715 0.451994646562 0
      vertex -0.191341716183 0.461939766256 0
    endloop
  endfacet
  facet normal -0.449611329655 0.893224301196 0
    outer loop
      vertex -0.213777546715 0.451994646562 -0.3
      vertex -0.235698368413 0.440960632174 -0.3
      vertex -0.235698368413 0.440960632174 0
    endloop
  endfacet
  facet normal -0.449611329655 0.893224301196 0
    outer loop
      vertex -0.213777546715 0.451994646562 -0.3
      vertex -0.235698368413 0.440960632174 0
      vertex -0.213777546715 0.451994646562 0
    endloop
  endfacet
  facet normal -0.49289819223 0.870086991109 0
    outer loop
      vertex -0.235698368413 0.440960632174 -0.3
      vertex -0.257051372097 0.428864305 -0.3
      vertex -0.257051372097 0.428864305 0
    endloop
  endfacet
  facet normal -0.49289819223 0.870086991109 0
    outer loop
      vertex -0.235698368413 0.440960632174 -0.3
      vertex -0.257051372097 0.428864305 0
      vertex -0.235698368413 0.440960632174 0
    endloop
  endfacet
  facet normal -0.534997619887 0.84485356525 0
    outer loop
      vertex -0.257051372097 0.428864305 -0.3
      vertex -0.27778511651 0.415734806151 -0.3
      vertex -0.27778511651 0.415734806151 0
    endloop
  endfacet
  facet normal -0.534997619887 0.84485356525 0
    outer loop
      vertex -0.257051372097 0.428864305 -0.3
      vertex -0.27778511651 0.415734806151 0
      vertex -0.257051372097 0.428864305 0
    endloop
  endfacet
  facet normal -0.575808191418 0.817584813152 0
    outer loop
      vertex -0.27778511651 0.415734806151 -0.3
      vertex -0.297849652246 0.40160376574 -0.3
      vertex -0.297849652246 0.40160376574 0
    endloop
  endfacet
  facet normal -0.575808191418 0.817584813152 0
    outer loop
      vertex -0.27778511651 0.415734806151 -0.3
      vertex -0.297849652246 0.40160376574 0
      vertex -0.27778511651 0.415734806151 0
    endloop
  endfacet
  facet normal -0.615231590581 0.788346427627 0
    outer loop
      vertex -0.297849652246 0.40160376574 -0.3
      vertex -0.317196642082 0.386505226681 -0.3
      vertex -0.317196642082 0.386505226681 0
    endloop
  endfacet
  facet normal -0.615231590581 0.788346427627 0
    outer loop
      vertex -0.297849652246 0.40160376574 -0.3
      vertex -0.317196642082 0.386505226681 0
      vertex -0.297849652246 0.40160376574 0
    endloop
  endfacet
  facet normal -0.653172842954 0.757208846506 0
    outer loop
      vertex -0.317196642082 0.386505226681 -0.3
      vertex -0.335779477424 0.370475562677 -0.3
      vertex -0.335779477424 0.370475562677 0
    endloop
  endfacet
  facet normal -0.653172842954 0.757208846506 0
    outer loop
      vertex -0.317196642082 0.386505226681 -0.3
      vertex -0.335779477424 0.370475562677 0
      vertex -0.317196642082 0.386505226681 0
    endloop
  endfacet
  facet normal -0.689540544737 0.724247082951 0
    outer loop
      vertex -0.335779477424 0.370475562677 -0.3
      vertex -0.353553390593 0.353553390593 -0.3
      vertex -0.353553390593 0.353553390593 0
    endloop
  endfacet
  facet normal -0.689540544737 0.724247082951 0
    outer loop
      vertex -0.335779477424 0.370475562677 -0.3
      vertex -0.353553390593 0.353553390593 0
      vertex -0.335779477424 0.370475562677 0
    endloop
  endfacet
  facet normal -0.724247082951 0.689540544737 0
    outer loop
      vertex -0.353553390593 0.353553390593 -0.3
      vertex -0.370475562677 0.335779477424 -0.3
      vertex -0.370475562677 0.335779477424 0
    endloop
  endfacet
  facet normal -0.724247082951 0.689540544737 0
    outer loop
      vertex -0.353553390593 0.353553390593 -0.3
      vertex -0.370475562677 0.335779477424 0
      vertex -0.353553390593 0.353553390593 0
    endloop
  endfacet
  facet normal -0.757208846506 0.653172842954 0
    outer loop
      vertex -0.370475562677 0.335779477424 -0.3
      vertex -0.386505226681 0.317196642082 -0.3
      vertex -0.386505226681 0.317196642082 0
    endloop
  endfacet
  facet normal -0.757208846506 0.653172842954 0
    outer loop
      vertex -0.370475562677 0.335779477424 -0.3
      vertex -0.386505226681 0.317196642082 0
      vertex -0.370475562677 0.335779477424 0
    endloop
  endfacet
  facet normal -0.788346427627 0.615231590581 0
    outer loop
      vertex -0.386505226681 0.317196642082 -0.3
      vertex -0.40160376574 0.297849652246 -0.3
      vertex -0.40160376574 0.297849652246 0
    endloop
  endfacet
  facet normal -0.788346427627 0.615231590581 0
    outer loop
      vertex -0.386505226681 0.317196642082 -0.3
      vertex -0.40160376574 0.297849652246 0
      vertex -0.386505226681 0.317196642082 0
    endloop
  endfacet
  facet normal -0.817584813152 0.575808191418 0
    outer loop
      vertex -0.40160376574 0.297849652246 -0.3
      vertex -0.415734806151 0.27778511651 -0.3
      vertex -0.415734806151 0.27778511651 0
    endloop
  endfacet
  facet normal -0.817584813152 0.575808191418 0
    outer loop
      vertex -0.40160376574 0.297849652246 -0.3
      vertex -0.415734806151 0.27778511651 0
      vertex -0.40160376574 0.297849652246 0
    endloop
  endfacet
  facet normal -0.84485356525 0.534997619887 0
    outer loop
      vertex -0.415734806151 0.27778511651 -0.3
      vertex -0.428864305 0.257051372097 -0.3
      vertex -0.428864305 0.257051372097 0
    endloop
  endfacet
  facet normal -0.84485356525 0.534997619887 0
    outer loop
      vertex -0.415734806151 0.27778511651 -0.3
      vertex -0.428864305 0.257051372097 0
      vertex -0.415734806151 0.27778511651 0
    endloop
  endfacet
  facet normal -0.870086991109 0.49289819223 0
    outer loop
      vertex -0.428864305 0.257051372097 -0.3
      vertex -0.440960632174 0.235698368413 -0.3
      vertex -0.440960632174 0.235698368413 0
    endloop
  endfacet
  facet normal -0.870086991109 0.49289819223 0
    outer loop
      vertex -0.428864305 0.257051372097 -0.3
      vertex -0.440960632174 0.235698368413 0
      vertex -0.428864305 0.257051372097 0
    endloop
  endfacet
  facet normal -0.893224301196 0.449611329655 0
    outer loop
      vertex -0.440960632174 0.235698368413 -0.3
      vertex -0.451994646562 0.213777546715 -0.3
      vertex -0.451994646562 0.213777546715 0
    endloop
  endfacet
  facet normal -0.893224301196 0.449611329655 0
    outer loop
      vertex -0.440960632174 0.235698368413 -0.3
      vertex -0.451994646562 0.213777546715 0
      vertex -0.440960632174 0.235698368413 0
    endloop
  endfacet
  facet normal -0.914209755704 0.405241314005 0
    outer loop
      vertex -0.451994646562 0.213777546715 -0.3
      vertex -0.461939766256 0.191341716183 -0.3
      vertex -0.461939766256 0.191341716183 0
    endloop
  endfacet
  facet normal -0.914209755704 0.405241314005 0
    outer loop
      vertex -0.451994646562 0.213777546715 -0.3
      vertex -0.461939766256 0.191341716183 0
      vertex -0.451994646562 0.213777546715 0
    endloop
  endfacet
  facet normal -0.932992798835 0.359895036535 0
    outer loop
      vertex -0.461939766256 0.191341716183 -0.3
      vertex -0.470772032592 0.168444926696 -0.3
      vertex -0.470772032592 0.168444926696 0
    endloop
  endfacet
  facet normal -0.932992798835 0.359895036535 0
    outer loop
      vertex -0.461939766256 0.191341716183 -0.3
      vertex -0.470772032592 0.168444926696 0
      vertex -0.461939766256 0.191341716183 0
    endloop
  endfacet
  facet normal -0.949528180593 0.313681740399 0
    outer loop
      vertex -0.470772032592 0.168444926696 -0.3
      vertex -0.478470167866 0.145142338627 -0.3
      vertex -0.478470167866 0.145142338627 0
    endloop
  endfacet
  facet normal -0.949528180593 0.313681740399 0
    outer loop
      vertex -0.470772032592 0.168444926696 -0.3
      vertex -0.478470167866 0.145142338627 0
      vertex -0.470772032592 0.168444926696 0
    endloop
  endfacet
  facet normal -0.963776065795 0.266712757475 0
    outer loop
      vertex -0.478470167866 0.145142338627 -0.3
      vertex -0.485015626597 0.121490089952 -0.3
      vertex -0.485015626597 0.121490089952 0
    endloop
  endfacet
  facet normal -0.963776065795 0.266712757475 0
    outer loop
      vertex -0.478470167866 0.145142338627 -0.3
      vertex -0.485015626597 0.121490089952 0
      vertex -0.478470167866 0.145142338627 0
    endloop
  endfacet
  facet normal -0.975702130039 0.219101240157 0
    outer loop
      vertex -0.485015626597 0.121490089952 -0.3
      vertex -0.490392640202 0.0975451610081 -0.3
      vertex -0.490392640202 0.0975451610081 0
    endloop
  endfacet
  facet normal -0.975702130039 0.219101240157 0
    outer loop
      vertex -0.485015626597 0.121490089952 -0.3
      vertex -0.490392640202 0.0975451610081 0
      vertex -0.485015626597 0.121490089952 0
    endloop
  endfacet
  facet normal -0.985277642389 0.17096188876 0
    outer loop
      vertex -0.490392640202 0.0975451610081 -0.3
      vertex -0.494588254982 0.0733652372277 -0.3
      vertex -0.494588254982 0.0733652372277 0
    endloop
  endfacet
  facet normal -0.985277642389 0.17096188876 0
    outer loop
      vertex -0.490392640202 0.0975451610081 -0.3
      vertex -0.494588254982 0.0733652372277 0
      vertex -0.490392640202 0.0975451610081 0
    endloop
  endfacet
  facet normal -0.992479534599 0.122410675199 0
    outer loop
      vertex -0.494588254982 0.0733652372277 -0.3
      vertex -0.497592363336 0.0490085701648 -0.3
      vertex -0.497592363336 0.0490085701648 0
    endloop
  endfacet
  facet normal -0.992479534599 0.122410675199 0
    outer loop
      vertex -0.494588254982 0.0733652372277 -0.3
      vertex -0.497592363336 0.0490085701648 0
      vertex -0.494588254982 0.0733652372277 0
    endloop
  endfacet
  facet normal -0.997290456679 0.0735645635997 0
    outer loop
      vertex -0.497592363336 0.0490085701648 -0.3
      vertex -0.499397728103 0.0245338371637 -0.3
      vertex -0.499397728103 0.0245338371637 0
    endloop
  endfacet
  facet normal -0.997290456679 0.0735645635997 0
    outer loop
      vertex -0.497592363336 0.0490085701648 -0.3
      vertex -0.499397728103 0.0245338371637 0
      vertex -0.497592363336 0.0490085701648 0
    endloop
  endfacet
  facet normal -0.999698818696 0.0245412285229 0
    outer loop
      vertex -0.499397728103 0.0245338371637 -0.3
      vertex -0.5 6.12323399574e-17 -0.3
      vertex -0.5 6.12323399574e-17 0
    endloop
  endfacet
  facet normal -0.999698818696 0.0245412285229 0
    outer loop
      vertex -0.499397728103 0.0245338371637 -0.3
      vertex -0.5 6.12323399574e-17 0
      vertex -0.499397728103 0.0245338371637 0
    endloop
  endfacet
  facet normal -0.999698818696 -0.0245412285229 0
    outer loop
      vertex -0.5 6.12323399574e-17 -0.3
      vertex -0.499397728103 -0.0245338371637 -0.3
      vertex -0.499397728103 -0.0245338371637 0
    endloop
  endfacet
  facet normal -0.999698818696 -0.0245412285229 0
    outer loop
      vertex -0.5 6.12323399574e-17 -0.3
      vertex -0.499397728103 -0.0245338371637 0
      vertex -0.5 6.12323399574e-17 0
    endloop
  endfacet
  facet normal -0.997290456679 -0.0735645635997 0
    outer loop
      vertex -0.499397728103 -0.0245338371637 -0.3
      vertex -0.497592363336 -0.0490085701648 -0.3
      vertex -0.497592363336 -0.0490085701648 0
    endloop
  endfacet
  facet normal -0.997290456679 -0.0735645635997 0
    outer loop
      vertex -0.499397728103 -0.0245338371637 -0.3
      vertex -0.497592363336 -0.0490085701648 0
      vertex -0.499397728103 -0.0245338371637 0
    endloop
  endfacet
  facet normal -0.992479534599 -0.122410675199 0
    outer loop
      vertex -0.497592363336 -0.0490085701648 -0.3
      vertex -0.494588254982 -0.0733652372277 -0.3
      vertex -0.494588254982 -0.0733652372277 0
    endloop
  endfacet
  facet normal -0.992479534599 -0.122410675199 0
    outer loop
      vertex -0.497592363336 -0.0490085701648 -0.3
      vertex -0.494588254982 -0.0733652372277 0
      vertex -0.497592363336 -0.0490085701648 0
    endloop
  endfacet
  facet normal -0.985277642389 -0.17096188876 0
    outer loop
      vertex -0.494588254982 -0.0733652372277 -0.3
      vertex -0.490392640202 -0.0975451610081 -0.3
      vertex -0.490392640202 -0.0975451610081 0
    endloop
  endfacet
  facet normal -0.985277642389 -0.17096188876 0
    outer loop
      vertex -0.494588254982 -0.0733652372277 -0.3
      vertex -0.490392640202 -0.0975451610081 0
      vertex -0.494588254982 -0.0733652372277 0
    endloop
  endfacet
  facet normal -0.975702130039 -0.219101240157 0
    outer loop
      vertex -0.490392640202 -0.0975451610081 -0.3
      vertex -0.485015626597 -0.121490089952 -0.3
      vertex -0.485015626597 -0.121490089952 0
    endloop
  endfacet
  facet normal -0.975702130039 -0.219101240157 0
    outer loop
      vertex -0.490392640202 -0.0975451610081 -0.3
      vertex -0.485015626597 -0.121490089952 0
      vertex -0.490392640202 -0.0975451610081 0
    endloop
  endfacet
  facet normal -0.963776065795 -0.266712757475 0
    outer loop
      vertex -0.485015626597 -0.121490089952 -0.3
      vertex -0.478470167866 -0.145142338627 -0.3
      vertex -0.478470167866 -0.145142338627 0
    endloop
  endfacet
  facet normal -0.963776065795 -0.266712757475 0
    outer loop
      vertex -0.485015626597 -0.121490089952 -0.3
      vertex -0.478470167866 -0.145142338627 0
      vertex -0.485015626597 -0.121490089952 0
    endloop
  endfacet
  facet normal -0.949528180593 -0.313681740399 0
    outer loop
      vertex -0.478470167866 -0.145142338627 -0.3
      vertex -0.470772032592 -0.168444926696 -0.3
      vertex -0.470772032592 -0.168444926696 0
    endloop
  endfacet
  facet normal -0.949528180593 -0.313681740399 0
    outer loop
      vertex -0.478470167866 -0.145142338627 -0.3
      vertex -0.470772032592 -0.168444926696 0
      vertex -0.478470167866 -0.145142338627 0
    endloop
  endfacet
  facet normal -0.932992798835 -0.359895036535 0
    outer loop
      vertex -0.470772032592 -0.168444926696 -0.3
      vertex -0.461939766256 -0.191341716183 -0.3
      vertex -0.461939766256 -0.191341716183 0
    endloop
  endfacet
  facet normal -0.932992798835 -0.359895036535 0
    outer loop
      vertex -0.470772032592 -0.168444926696 -0.3
      vertex -0.461939766256 -0.191341716183 0
      vertex -0.470772032592 -0.168444926696 0
    endloop
  endfacet
  facet normal -0.914209755704 -0.405241314005 0
    outer loop
      vertex -0.461939766256 -0.191341716183 -0.3
      vertex -0.451994646562 -0.213777546715 -0.3
      vertex -0.451994646562 -0.213777546715 0
    endloop
  endfacet
  facet normal -0.914209755704 -0.405241314005 0
    outer loop
      vertex -0.461939766256 -0.191341716183 -0.3
      vertex -0.451994646562 -0.213777546715 0
      vertex -0.461939766256 -0.191341716183 0
    endloop
  endfacet
  facet normal -0.893224301196 -0.449611329655 0
    outer loop
      vertex -0.451994646562 -0.213777546715 -0.3
      vertex -0.440960632174 -0.235698368413 -0.3
      vertex -0.440960632174 -0.235698368413 0
    endloop
  endfacet
  facet normal -0.893224301196 -0.449611329655 0
    outer loop
      vertex -0.451994646562 -0.213777546715 -0.3
      vertex -0.440960632174 -0.235698368413 0
      vertex -0.451994646562 -0.213777546715 0
    endloop
  endfacet
  facet normal -0.870086991109 -0.49289819223 0
    outer loop
      vertex -0.440960632174 -0.235698368413 -0.3
      vertex -0.428864305 -0.257051372097 -0.3
      vertex -0.428864305 -0.257051372097 0
    endloop
  endfacet
  facet normal -0.870086991109 -0.49289819223 0
    outer loop
      vertex -0.440960632174 -0.235698368413 -0.3
      vertex -0.428864305 -0.257051372097 0
      vertex -0.440960632174 -0.235698368413 0
    endloop
  endfacet
  facet normal -0.84485356525 -0.534997619887 0
    outer loop
      vertex -0.428864305 -0.257051372097 -0.3
      vertex -0.415734806151 -0.27778511651 -0.3
      vertex -0.415734806151 -0.27778511651 0
    endloop
  endfacet
  facet normal -0.84485356525 -0.534997619887 0
    outer loop
      vertex -0.428864305 -0.257051372097 -0.3
      vertex -0.415734806151 -0.27778511651 0
      vertex -0.428864305 -0.257051372097 0
    endloop
  endfacet
  facet normal -0.817584813152 -0.575808191418 0
    outer loop
      vertex -0.415734806151 -0.27778511651 -0.3
      vertex -0.40160376574 -0.297849652246 -0.3
      vertex -0.40160376574 -0.297849652246 0
    endloop
  endfacet
  facet normal -0.817584813152 -0.575808191418 0
    outer loop
      vertex -0.415734806151 -0.27778511651 -0.3
      vertex -0.40160376574 -0.297849652246 0
      vertex -0.415734806151 -0.27778511651 0
    endloop
  endfacet
  facet normal -0.788346427627 -0.615231590581 0
    outer loop
      vertex -0.40160376574 -0.297849652246 -0.3
      vertex -0.386505226681 -0.317196642082 -0.3
      vertex -0.386505226681 -0.317196642082 0
    endloop
  endfacet
  facet normal -0.788346427627 -0.615231590581 0
    outer loop
      vertex -0.40160376574 -0.297849652246 -0.3
      vertex -0.386505226681 -0.317196642082 0
      vertex -0.40160376574 -0.297849652246 0
    endloop
  endfacet
  facet normal -0.757208846506 -0.653172842954 0
    outer loop
      vertex -0.386505226681 -0.317196642082 -0.3
      vertex -0.370475562677 -0.335779477424 -0.3
      vertex -0.370475562677 -0.335779477424 0
    endloop
  endfacet
  facet normal -0.757208846506 -0.653172842954 0
    outer loop
      vertex -0.386505226681 -0.317196642082 -0.3
      vertex -0.370475562677 -0.335779477424 0
      vertex -0.386505226681 -0.317196642082 0
    endloop
  endfacet
  facet normal -0.724247082951 -0.689540544737 0
    outer loop
      vertex -0.370475562677 -0.335779477424 -0.3
      vertex -0.353553390593 -0.353553390593 -0.3
      vertex -0.353553390593 -0.353553390593 0
    endloop
  endfacet
  facet normal -0.724247082951 -0.689540544737 0
    outer loop
      vertex -0.370475562677 -0.335779477424 -0.3
      vertex -0.353553390593 -0.353553390593 0
      vertex -0.370475562677 -0.335779477424 0
    endloop
  endfacet
  facet normal -0.689540544737 -0.724247082951 0
    outer loop
      vertex -0.353553390593 -0.353553390593 -0.3
      vertex -0.335779477424 -0.370475562677 -0.3
      vertex -0.335779477424 -0.370475562677 0
    endloop
  endfacet
  facet normal -0.689540544737 -0.724247082951 0
    outer loop
      vertex -0.353553390593 -0.353553390593 -0.3
      vertex -0.335779477424 -0.370475562677 0
      vertex -0.353553390593 -0.353553390593 0
    endloop
  endfacet
  facet normal -0.653172842954 -0.757208846506 0
    outer loop
      vertex -0.335779477424 -0.370475562677 -0.3
      vertex -0.317196642082 -0.386505226681 -0.3
      vertex -0.317196642082 -0.386505226681 0
    endloop
  endfacet
  facet normal -0.653172842954 -0.757208846506 0
    outer loop
      vertex -0.335779477424 -0.370475562677 -0.3
      vertex -0.317196642082 -0.386505226681 0
      vertex -0.335779477424 -0.370475562677 0
    endloop
  endfacet
  facet normal -0.615231590581 -0.788346427627 0
    outer loop
      vertex -0.317196642082 -0.386505226681 -0.3
      vertex -0.297849652246 -0.40160376574 -0.3
      vertex -0.297849652246 -0.40160376574 0
    endloop
  endfacet
  facet normal -0.615231590581 -0.788346427627 0
    outer loop
      vertex -0.317196642082 -0.386505226681 -0.3
      vertex -0.297849652246 -0.40160376574 0
      vertex -0.317196642082 -0.386505226681 0
    endloop
  endfacet
  facet normal -0.575808191418 -0.817584813152 0
    outer loop
      vertex -0.297849652246 -0.40160376574 -0.3
      vertex -0.27778511651 -0.415734806151 -0.3
      vertex -0.27778511651 -0.415734806151 0
    endloop
  endfacet
  facet normal -0.575808191418 -0.817584813152 0
    outer loop
      vertex -0.297849652246 -0.40160376574 -0.3
      vertex -0.27778511651 -0.415734806151 0
      vertex -0.297849652246 -0.40160376574 0
    endloop
  endfacet
  facet normal -0.534997619887 -0.84485356525 0
    outer loop
      vertex -0.27778511651 -0.415734806151 -0.3
      vertex -0.257051372097 -0.428864305 -0.3
      vertex -0.257051372097 -0.428864305 0
    endloop
  endfacet
  facet normal -0.534997619887 -0.84485356525 0
    outer loop
      vertex -0.27778511651 -0.415734806151 -0.3
      vertex -0.257051372097 -0.428864305 0
      vertex -0.27778511651 -0.415734806151 0
    endloop
  endfacet
  facet normal -0.49289819223 -0.870086991109 0
    outer loop
      vertex -0.257051372097 -0.428864305 -0.3
      vertex -0.235698368413 -0.440960632174 -0.3
      vertex -0.235698368413 -0.440960632174 0
    endloop
  endfacet
  facet normal -0.49289819223 -0.870086991109 0
    outer loop
      vertex -0.257051372097 -0.428864305 -0.3
      vertex -0.235698368413 -0.440960632174 0
      vertex -0.257051372097 -0.428864305 0
    endloop
  endfacet
  facet normal -0.449611329655 -0.893224301196 0
    outer loop
      vertex -0.235698368413 -0.440960632174 -0.3
      vertex -0.213777546715 -0.451994646562 -0.3
      vertex -0.213777546715 -0.451994646562 0
    endloop
  endfacet
  facet normal -0.449611329655 -0.893224301196 0
    outer loop
      vertex -0.235698368413 -0.440960632174 -0.3
      vertex -0.213777546715 -0.451994646562 0
      vertex -0.235698368413 -0.440960632174 0
    endloop
  endfacet
  facet normal -0.405241314005 -0.914209755704 0
    outer loop
      vertex -0.213777546715 -0.451994646562 -0.3
      vertex -0.191341716183 -0.461939766256 -0.3
      vertex -0.191341716183 -0.461939766256 0
    endloop
  endfacet
  facet normal -0.405241314005 -0.914209755704 0
    outer loop
      vertex -0.213777546715 -0.451994646562 -0.3
      vertex -0.191341716183 -0.461939766256 0
      vertex -0.213777546715 -0.451994646562 0
    endloop
  endfacet
  facet normal -0.359895036535 -0.932992798835 0
    outer loop
      vertex -0.191341716183 -0.461939766256 -0.3
      vertex -0.168444926696 -0.470772032592 -0.3
      vertex -0.168444926696 -0.470772032592 0
    endloop
  endfacet
  facet normal -0.359895036535 -0.932992798835 0
    outer loop
      vertex -0.191341716183 -0.461939766256 -0.3
      vertex -0.168444926696 -0.470772032592 0
      vertex -0.191341716183 -0.461939766256 0
    endloop
  endfacet
  facet normal -0.313681740399 -0.949528180593 0
    outer loop
      vertex -0.168444926696 -0.470772032592 -0.3
      vertex -0.145142338627 -0.478470167866 -0.3
      vertex -0.145142338627 -0.478470167866 0
    endloop
  endfacet
  facet normal -0.313681740399 -0.949528180593 0
    outer loop
      vertex -0.168444926696 -0.470772032592 -0.3
      vertex -0.145142338627 -0.478470167866 0
      vertex -0.168444926696 -0.470772032592 0
    endloop
  endfacet
  facet normal -0.266712757475 -0.963776065795 0
    outer loop
      vertex -0.145142338627 -0.478470167866 -0.3
      vertex -0.121490089952 -0.485015626597 -0.3
      vertex -0.121490089952 -0.485015626597 0
    endloop
  endfacet
  facet normal -0.266712757475 -0.963776065795 0
    outer loop
      vertex -0.145142338627 -0.478470167866 -0.3
      vertex -0.121490089952 -0.485015626597 0
      vertex -0.145142338627 -0.478470167866 0
    endloop
  endfacet
  facet normal -0.219101240157 -0.975702130039 0
    outer loop
      vertex -0.121490089952 -0.485015626597 -0.3
      vertex -0.0975451610081 -0.490392640202 -0.3
      vertex -0.0975451610081 -0.490392640202 0
    endloop
  endfacet
  facet normal -0.219101240157 -0.975702130039 0
    outer loop
      vertex -0.121490089952 -0.485015626597 -0.3
      vertex -0.0975451610081 -0.490392640202 0
      vertex -0.121490089952 -0.485015626597 0
    endloop
  endfacet
  facet normal -0.17096188876 -0.985277642389 0
    outer loop
      vertex -0.0975451610081 -0.490392640202 -0.3
      vertex -0.0733652372277 -0.494588254982 -0.3
      vertex -0.0733652372277 -0.494588254982 0
    endloop
  endfacet
  facet normal -0.17096188876 -0.985277642389 0
    outer loop
      vertex -0.0975451610081 -0.490392640202 -0.3
      vertex -0.0733652372277 -0.494588254982 0
      vertex -0.0975451610081 -0.490392640202 0
    endloop
  endfacet
  facet normal -0.122410675199 -0.992479534599 0
    outer loop
      vertex -0.0733652372277 -0.494588254982 -0.3
      vertex -0.0490085701648 -0.497592363336 -0.3
      vertex -0.0490085701648 -0.497592363336 0
    endloop
  endfacet
  facet normal -0.122410675199 -0.992479534599 0
    outer loop
      vertex -0.0733652372277 -0.494588254982 -0.3
      vertex -0.0490085701648 -0.497592363336 0
      vertex -0.0733652372277 -0.494588254982 0
    endloop
  endfacet
  facet normal -0.0735645635997 -0.997290456679 0
    outer loop
      vertex -0.0490085701648 -0.497592363336 -0.3
      vertex -0.0245338371637 -0.499397728103 -0.3
      vertex -0.0245338371637 -0.499397728103 0
    endloop
  endfacet
  facet normal -0.0735645635997 -0.997290456679 0
    outer loop
      vertex -0.0490085701648 -0.497592363336 -0.3
      vertex -0.0245338371637 -0.499397728103 0
      vertex -0.0490085701648 -0.497592363336 0
    endloop
  endfacet
  facet normal -0.0245412285229 -0.999698818696 0
    outer loop
      vertex -0.0245338371637 -0.499397728103 -0.3
      vertex -9.18485099361e-17 -0.5 -0.3
      vertex -9.18485099361e-17 -0.5 0
    endloop
  endfacet
  facet normal -0.0245412285229 -0.999698818696 0
    outer loop
      vertex -0.0245338371637 -0.499397728103 -0.3
      vertex -9.18485099361e-17 -0.5 0
      vertex -0.0245338371637 -0.499397728103 0
    endloop
  endfacet
  facet normal 0.0245412285229 -0.999698818696 0
    outer loop
      vertex -9.18485099361e-17 -0.5 -0.3
      vertex 0.0245338371637 -0.499397728103 -0.3
      vertex 0.0245338371637 -0.499397728103 0
    endloop
  endfacet
  facet normal 0.0245412285229 -0.999698818696 0
    outer loop
      vertex -9.18485099361e-17 -0.5 -0.3
      vertex 0.0245338371637 -0.499397728103 0
      vertex -9.18485099361e-17 -0.5 0
    endloop
  endfacet
  facet normal 0.0735645635997 -0.997290456679 0
    outer loop
      vertex 0.0245338371637 -0.499397728103 -0.3
      vertex 0.0490085701648 -0.497592363336 -0.3
      vertex 0.0490085701648 -0.497592363336 0
    endloop
  endfacet
  facet normal 0.0735645635997 -0.997290456679 0
    outer loop
      vertex 0.0245338371637 -0.499397728103 -0.3
      vertex 0.0490085701648 -0.497592363336 0
      vertex 0.0245338371637 -0.499397728103 0
    endloop
  endfacet
  facet normal 0.122410675199 -0.992479534599 0
    outer loop
      vertex 0.0490085701648 -0.497592363336 -0.3
      vertex 0.0733652372277 -0.494588254982 -0.3
      vertex 0.0733652372277 -0.494588254982 0
    endloop
  endfacet
  facet normal 0.122410675199 -0.992479534599 0
    outer loop
      vertex 0.0490085701648 -0.497592363336 -0.3
      vertex 0.0733652372277 -0.494588254982 0
      vertex 0.0490085701648 -0.497592363336 0
    endloop
  endfacet
  facet normal 0.17096188876 -0.985277642389 0
    outer loop
      vertex 0.0733652372277 -0.494588254982 -0.3
      vertex 0.0975451610081 -0.490392640202 -0.3
      vertex 0.0975451610081 -0.490392640202 0
    endloop
  endfacet
  facet normal 0.17096188876 -0.985277642389 0
    outer loop
      vertex 0.0733652372277 -0.494588254982 -0.3
      vertex 0.0975451610081 -0.490392640202 0
      vertex 0.0733652372277 -0.494588254982 0
    endloop
  endfacet
  facet normal 0.219101240157 -0.975702130039 0
    outer loop
      vertex 0.0975451610081 -0.490392640202 -0.3
      vertex 0.121490089952 -0.485015626597 -0.3
      vertex 0.121490089952 -0.485015626597 0
    endloop
  endfacet
  facet normal 0.219101240157 -0.975702130039 0
    outer loop
      vertex 0.0975451610081 -0.490392640202 -0.3
      vertex 0.121490089952 -0.485015626597 0
      vertex 0.0975451610081 -0.490392640202 0
    endloop
  endfacet
  facet normal 0.266712757475 -0.963776065795 0
    outer loop
      vertex 0.121490089952 -0.485015626597 -0.3
      vertex 0.145142338627 -0.478470167866 -0.3
      vertex 0.145142338627 -0.478470167866 0
    endloop
  endfacet
  facet normal 0.266712757475 -0.963776065795 0
    outer loop
      vertex 0.121490089952 -0.485015626597 -0.3
      vertex 0.145142338627 -0.478470167866 0
      vertex 0.121490089952 -0.485015626597 0
    endloop
  endfacet
  facet normal 0.313681740399 -0.949528180593 0
    outer loop
      vertex 0.145142338627 -0.478470167866 -0.3
      vertex 0.168444926696 -0.470772032592 -0.3
      vertex 0.168444926696 -0.470772032592 0
    endloop
  endfacet
  facet normal 0.313681740399 -0.949528180593 0
    outer loop
      vertex 0.145142338627 -0.478470167866 -0.3
      vertex 0.168444926696 -0.470772032592 0
      vertex 0.145142338627 -0.478470167866 0
    endloop
  endfacet
  facet normal 0.359895036535 -0.932992798835 0
    outer loop
      vertex 0.168444926696 -0.470772032592 -0.3
      vertex 0.191341716183 -0.461939766256 -0.3
      vertex 0.191341716183 -0.461939766256 0
    endloop
  endfacet
  facet normal 0.359895036535 -0.932992798835 0
    outer loop
      vertex 0.168444926696 -0.470772032592 -0.3
      vertex 0.191341716183 -0.461939766256 0
      vertex 0.168444926696 -0.470772032592 0
    endloop
  endfacet
  facet normal 0.405241314005 -0.914209755704 0
    outer loop
      vertex 0.191341716183 -0.461939766256 -0.3
      vertex 0.213777546715 -0.451994646562 -0.3
      vertex 0.213777546715 -0.451994646562 0
    endloop
  endfacet
  facet normal 0.405241314005 -0.914209755704 0
    outer loop
      vertex 0.191341716183 -0.461939766256 -0.3
      vertex 0.213777546715 -0.451994646562 0
      vertex 0.191341716183 -0.461939766256 0
    endloop
  endfacet
  facet normal 0.449611329655 -0.893224301196 0
    outer loop
      vertex 0.213777546715 -0.451994646562 -0.3
      vertex 0.235698368413 -0.440960632174 -0.3
      vertex 0.235698368413 -0.440960632174 0
    endloop
  endfacet
  facet normal 0.449611329655 -0.893224301196 0
    outer loop
      vertex 0.213777546715 -0.451994646562 -0.3
      vertex 0.235698368413 -0.440960632174 0
      vertex 0.213777546715 -0.451994646562 0
    endloop
  endfacet
  facet normal 0.49289819223 -0.870086991109 0
    outer loop
      vertex 0.235698368413 -0.440960632174 -0.3
      vertex 0.257051372097 -0.428864305 -0.3
      vertex 0.257051372097 -0.428864305 0
    endloop
  endfacet
  facet normal 0.49289819223 -0.870086991109 0
    outer loop
      vertex 0.235698368413 -0.440960632174 -0.3
      vertex 0.257051372097 -0.428864305 0
      vertex 0.235698368413 -0.440960632174 0
    endloop
  endfacet
  facet normal 0.534997619887 -0.84485356525 0
    outer loop
      vertex 0.257051372097 -0.428864305 -0.3
      vertex 0.27778511651 -0.415734806151 -0.3
      vertex 0.27778511651 -0.415734806151 0
    endloop
  endfacet
  facet normal 0.534997619887 -0.84485356525 0
    outer loop
      vertex 0.257051372097 -0.428864305 -0.3
      vertex 0.27778511651 -0.415734806151 0
      vertex 0.257051372097 -0.428864305 0
    endloop
  endfacet
  facet normal 0.575808191418 -0.817584813152 0
    outer loop
      vertex 0.27778511651 -0.415734806151 -0.3
      vertex 0.297849652246 -0.40160376574 -0.3
      vertex 0.297849652246 -0.40160376574 0
    endloop
  endfacet
  facet normal 0.575808191418 -0.817584813152 0
    outer loop
      vertex 0.27778511651 -0.415734806151 -0.3
      vertex 0.297849652246 -0.40160376574 0
      vertex 0.27778511651 -0.415734806151 0
    endloop
  endfacet
  facet normal 0.615231590581 -0.788346427627 0
    outer loop
      vertex 0.297849652246 -0.40160376574 -0.3
      vertex 0.317196642082 -0.386505226681 -0.3
      vertex 0.317196642082 -0.386505226681 0
    endloop
  endfacet
  facet normal 0.615231590581 -0.788346427627 0
    outer loop
      vertex 0.297849652246 -0.40160376574 -0.3
      vertex 0.317196642082 -0.386505226681 0
      vertex 0.297849652246 -0.40160376574 0
    endloop
  endfacet
  facet normal 0.653172842954 -0.757208846506 0
    outer loop
      vertex 0.317196642082 -0.386505226681 -0.3
      vertex 0.335779477424 -0.370475562677 -0.3
      vertex 0.335779477424 -0.370475562677 0
    endloop
  endfacet
  facet normal 0.653172842954 -0.757208846506 0
    outer loop
      vertex 0.317196642082 -0.386505226681 -0.3
      vertex 0.335779477424 -0.370475562677 0
      vertex 0.317196642082 -0.386505226681 0
    endloop
  endfacet
  facet normal 0.689540544737 -0.724247082951 0
    outer loop
      vertex 0.335779477424 -0.370475562677 -0.3
      vertex 0.353553390593 -0.353553390593 -0.3
      vertex 0.353553390593 -0.353553390593 0
    endloop
  endfacet
  facet normal 0.689540544737 -0.724247082951 0
    outer loop
      vertex 0.335779477424 -0.370475562677 -0.3
      vertex 0.353553390593 -0.353553390593 0
      vertex 0.335779477424 -0.370475562677 0
    endloop
  endfacet
  facet normal 0.724247082951 -0.689540544737 0
    outer loop
      vertex 0.353553390593 -0.353553390593 -0.3
      vertex 0.370475562677 -0.335779477424 -0.3
      vertex 0.370475562677 -0.335779477424 0
    endloop
  endfacet
  facet normal 0.724247082951 -0.689540544737 0
    outer loop
      vertex 0.353553390593 -0.353553390593 -0.3
      vertex 0.370475562677 -0.335779477424 0
      vertex 0.353553390593 -0.353553390593 0
    endloop
  endfacet
  facet normal 0.757208846506 -0.653172842954 0
    outer loop
      vertex 0.370475562677 -0.335779477424 -0.3
      vertex 0.386505226681 -0.317196642082 -0.3
      vertex 0.386505226681 -0.317196642082 0
    endloop
  endfacet
  facet normal 0.757208846506 -0.653172842954 0
    outer loop
      vertex 0.370475562677 -0.335779477424 -0.3
      vertex 0.386505226681 -0.317196642082 0
      vertex 0.370475562677 -0.335779477424 0
    endloop
  endfacet
  facet normal 0.788346427627 -0.615231590581 0
    outer loop
      vertex 0.386505226681 -0.317196642082 -0.3
      vertex 0.40160376574 -0.297849652246 -0.3
      vertex 0.40160376574 -0.297849652246 0
    endloop
  endfacet
  facet normal 0.788346427627 -0.615231590581 0
    outer loop
      vertex 0.386505226681 -0.317196642082 -0.3
      vertex 0.40160376574 -0.297849652246 0
      vertex 0.386505226681 -0.317196642082 0
    endloop
  endfacet
  facet normal 0.817584813152 -0.575808191418 0
    outer loop
      vertex 0.40160376574 -0.297849652246 -0.3
      vertex 0.415734806151 -0.27778511651 -0.3
      vertex 0.415734806151 -0.27778511651 0
    endloop
  endfacet
  facet normal 0.817584813152 -0.575808191418 0
    outer loop
      vertex 0.40160376574 -0.297849652246 -0.3
      vertex 0.415734806151 -0.27778511651 0
      vertex 0.40160376574 -0.297849652246 0
    endloop
  endfacet
  facet normal 0.84485356525 -0.534997619887 0
    outer loop
      vertex 0.415734806151 -0.27778511651 -0.3
      vertex 0.428864305 -0.257051372097 -0.3
      vertex 0.428864305 -0.257051372097 0
    endloop
  endfacet
  facet normal 0.84485356525 -0.534997619887 0
    outer loop
      vertex 0.415734806151 -0.27778511651 -0.3
      vertex 0.428864305 -0.257051372097 0
      vertex 0.415734806151 -0.27778511651 0
    endloop
  endfacet
  facet normal 0.870086991109 -0.49289819223 0
    outer loop
      vertex 0.428864305 -0.257051372097 -0.3
      vertex 0.440960632174 -0.235698368413 -0.3
      vertex 0.440960632174 -0.235698368413 0
    endloop
  endfacet
  facet normal 0.870086991109 -0.49289819223 0
    outer loop
      vertex 0.428864305 -0.257051372097 -0.3
      vertex 0.440960632174 -0.235698368413 0
      vertex 0.428864305 -0.257051372097 0
    endloop
  endfacet
  facet normal 0.893224301196 -0.449611329655 0
    outer loop
      vertex 0.440960632174 -0.235698368413 -0.3
      vertex 0.451994646562 -0.213777546715 -0.3
      vertex 0.451994646562 -0.213777546715 0
    endloop
  endfacet
  facet normal 0.893224301196 -0.449611329655 0
    outer loop
      vertex 0.440960632174 -0.235698368413 -0.3
      vertex 0.451994646562 -0.213777546715 0
      vertex 0.440960632174 -0.235698368413 0
    endloop
  endfacet
  facet normal 0.914209755704 -0.405241314005 0
    outer loop
      vertex 0.451994646562 -0.213777546715 -0.3
      vertex 0.461939766256 -0.191341716183 -0.3
      vertex 0.461939766256 -0.191341716183 0
    endloop
  endfacet
  facet normal 0.914209755704 -0.405241314005 0
    outer loop
      vertex 0.451994646562 -0.213777546715 -0.3
      vertex 0.461939766256 -0.191341716183 0
      vertex 0.451994646562 -0.213777546715 0
    endloop
  endfacet
  facet normal 0.932992798835 -0.359895036535 0
    outer loop
      vertex 0.461939766256 -0.191341716183 -0.3
      vertex 0.470772032592 -0.168444926696 -0.3
      vertex 0.470772032592 -0.168444926696 0
    endloop
  endfacet
  facet normal 0.932992798835 -0.359895036535 0
    outer loop
      vertex 0.461939766256 -0.191341716183 -0.3
      vertex 0.470772032592 -0.168444926696 0
      vertex 0.461939766256 -0.191341716183 0
    endloop
  endfacet
  facet normal 0.949528180593 -0.313681740399 0
    outer loop
      vertex 0.470772032592 -0.168444926696 -0.3
      vertex 0.478470167866 -0.145142338627 -0.3
      vertex 0.478470167866 -0.145142338627 0
    endloop
  endfacet
  facet normal 0.949528180593 -0.313681740399 0
    outer loop
      vertex 0.470772032592 -0.168444926696 -0.3
      vertex 0.478470167866 -0.145142338627 0
      vertex 0.470772032592 -0.168444926696 0
    endloop
  endfacet
  facet normal 0.963776065795 -0.266712757475 0
    outer loop
      vertex 0.478470167866 -0.145142338627 -0.3
      vertex 0.485015626597 -0.121490089952 -0.3
      vertex 0.485015626597 -0.121490089952 0
    endloop
  endfacet
  facet normal 0.963776065795 -0.266712757475 0
    outer loop
      vertex 0.478470167866 -0.145142338627 -0.3
      vertex 0.485015626597 -0.121490089952 0
      vertex 0.478470167866 -0.145142338627 0
    endloop
  endfacet
  facet normal 0.975702130039 -0.219101240157 0
    outer loop
      vertex 0.485015626597 -0.121490089952 -0.3
      vertex 0.490392640202 -0.0975451610081 -0.3
      vertex 0.490392640202 -0.0975451610081 0
    endloop
  endfacet
  facet normal 0.975702130039 -0.219101240157 0
    outer loop
      vertex 0.485015626597 -0.121490089952 -0.3
      vertex 0.490392640202 -0.0975451610081 0
      vertex 0.485015626597 -0.121490089952 0
    endloop
  endfacet
  facet normal 0.985277642389 -0.17096188876 0
    outer loop
      vertex 0.490392640202 -0.0975451610081 -0.3
      vertex 0.494588254982 -0.0733652372277 -0.3
      vertex 0.494588254982 -0.0733652372277 0
    endloop
  endfacet
  facet normal 0.985277642389 -0.17096188876 0
    outer loop
      vertex 0.490392640202 -0.0975451610081 -0.3
      vertex 0.494588254982 -0.0733652372277 0
      vertex 0.490392640202 -0.0975451610081 0
    endloop
  endfacet
  facet normal 0.992479534599 -0.122410675199 0
    outer loop
      vertex 0.494588254982 -0.0733652372277 -0.3
      vertex 0.497592363336 -0.0490085701648 -0.3
      vertex 0.497592363336 -0.0490085701648 0
    endloop
  endfacet
  facet normal 0.992479534599 -0.122410675199 0
    outer loop
      vertex 0.494588254982 -0.0733652372277 -0.3
      vertex 0.497592363336 -0.0490085701648 0
      vertex 0.494588254982 -0.0733652372277 0
    endloop
  endfacet
  facet normal 0.997290456679 -0.0735645635997 0
    outer loop
      vertex 0.497592363336 -0.0490085701648 -0.3
      vertex 0.499397728103 -0.0245338371637 -0.3
      vertex 0.499397728103 -0.0245338371637 0
    endloop
  endfacet
  facet normal 0.997290456679 -0.0735645635997 0
    outer loop
      vertex 0.497592363336 -0.0490085701648 -0.3
      vertex 0.499397728103 -0.0245338371637 0
      vertex 0.497592363336 -0.0490085701648 0
    endloop
  endfacet
  facet normal 0.999698818696 -0.0245412285229 0
    outer loop
      vertex 0.499397728103 -0.0245338371637 -0.3
      vertex 0.5 -1.22464679915e-16 -0.3
      vertex 0.5 -1.22464679915e-16 0
    endloop
  endfacet
  facet normal 0.999698818696 -0.0245412285229 0
    outer loop
      vertex 0.499397728103 -0.0245338371637 -0.3
      vertex 0.5 -1.22464679915e-16 0
      vertex 0.499397728103 -0.0245338371637 0
    endloop
  endfacet
  facet normal 0.999698818696 0.0245412285229 0
    outer loop
      vertex 0.5 0 0
      vertex 0.499397728103 0.0245338371637 0
      vertex 0.499397728103 0.0245338371637 0.3
    endloop
  endfacet
  facet normal 0.999698818696 0.0245412285229 -0
    outer loop
      vertex 0.5 0 0
      vertex 0.499397728103 0.0245338371637 0.3
      vertex 0.5 0 0.3
    endloop
  endfacet
  facet normal 0.997290456679 0.0735645635997 0
    outer loop
      vertex 0.499397728103 0.0245338371637 0
      vertex 0.497592363336 0.0490085701648 0
      vertex 0.497592363336 0.0490085701648 0.3
    endloop
  endfacet
  facet normal 0.997290456679 0.0735645635997 -0
    outer loop
      vertex 0.499397728103 0.0245338371637 0
      vertex 0.497592363336 0.0490085701648 0.3
      vertex 0.499397728103 0.0245338371637 0.3
    endloop
  endfacet
  facet normal 0.992479534599 0.122410675199 0
    outer loop
      vertex 0.497592363336 0.0490085701648 0
      vertex 0.494588254982 0.0733652372277 0
      vertex 0.494588254982 0.0733652372277 0.3
    endloop
  endfacet
  facet normal 0.992479534599 0.122410675199 -0
    outer loop
      vertex 0.497592363336 0.0490085701648 0
      vertex 0.494588254982 0.0733652372277 0.3
      vertex 0.497592363336 0.0490085701648 0.3
    endloop
  endfacet
  facet normal 0.985277642389 0.17096188876 0
    outer loop
      vertex 0.494588254982 0.0733652372277 0
      vertex 0.490392640202 0.0975451610081 0
      vertex 0.490392640202 0.0975451610081 0.3
    endloop
  endfacet
  facet normal 0.985277642389 0.17096188876 -0
    outer loop
      vertex 0.494588254982 0.0733652372277 0
      vertex 0.490392640202 0.0975451610081 0.3
      vertex 0.494588254982 0.0733652372277 0.3
    endloop
  endfacet
  facet normal 0.975702130039 0.219101240157 0
    outer loop
      vertex 0.490392640202 0.0975451610081 0
      vertex 0.485015626597 0.121490089952 0
      vertex 0.485015626597 0.121490089952 0.3
    endloop
  endfacet
  facet normal 0.975702130039 0.219101240157 -0
    outer loop
      vertex 0.490392640202 0.0975451610081 0
      vertex 0.485015626597 0.121490089952 0.3
      vertex 0.490392640202 0.0975451610081 0.3
    endloop
  endfacet
  facet normal 0.963776065795 0.266712757475 0
    outer loop
      vertex 0.485015626597 0.121490089952 0
      vertex 0.478470167866 0.145142338627 0
      vertex 0.478470167866 0.145142338627 0.3
    endloop
  endfacet
  facet normal 0.963776065795 0.266712757475 -0
    outer loop
      vertex 0.485015626597 0.121490089952 0
      vertex 0.478470167866 0.145142338627 0.3
      vertex 0.485015626597 0.121490089952 0.3
    endloop
  endfacet
  facet normal 0.949528180593 0.313681740399 0
    outer loop
      vertex 0.478470167866 0.145142338627 0
      vertex 0.470772032592 0.168444926696 0
      vertex 0.470772032592 0.168444926696 0.3
    endloop
  endfacet
  facet normal 0.949528180593 0.313681740399 -0
    outer loop
      vertex 0.478470167866 0.145142338627 0
      vertex 0.470772032592 0.168444926696 0.3
      vertex 0.478470167866 0.145142338627 0.3
    endloop
  endfacet
  facet normal 0.932992798835 0.359895036535 0
    outer loop
      vertex 0.470772032592 0.168444926696 0
      vertex 0.461939766256 0.191341716183 0
      vertex 0.461939766256 0.191341716183 0.3
    endloop
  endfacet
  facet normal 0.932992798835 0.359895036535 -0
    outer loop
      vertex 0.470772032592 0.168444926696 0
      vertex 0.461939766256 0.191341716183 0.3
      vertex 0.470772032592 0.168444926696 0.3
    endloop
  endfacet
  facet normal 0.914209755704 0.405241314005 0
    outer loop
      vertex 0.461939766256 0.191341716183 0
      vertex 0.451994646562 0.213777546715 0
      vertex 0.451994646562 0.213777546715 0.3
    endloop
  endfacet
  facet normal 0.914209755704 0.405241314005 -0
    outer loop
      vertex 0.461939766256 0.191341716183 0
      vertex 0.451994646562 0.213777546715 0.3
      vertex 0.461939766256 0.191341716183 0.3
    endloop
  endfacet
  facet normal 0.893224301196 0.449611329655 0
    outer loop
      vertex 0.451994646562 0.213777546715 0
      vertex 0.440960632174 0.235698368413 0
      vertex 0.440960632174 0.235698368413 0.3
    endloop
  endfacet
  facet normal 0.893224301196 0.449611329655 -0
    outer loop
      vertex 0.451994646562 0.213777546715 0
      vertex 0.440960632174 0.235698368413 0.3
      vertex 0.451994646562 0.213777546715 0.3
    endloop
  endfacet
  facet normal 0.870086991109 0.49289819223 0
    outer loop
      vertex 0.440960632174 0.235698368413 0
      vertex 0.428864305 0.257051372097 0
      vertex 0.428864305 0.257051372097 0.3
    endloop
  endfacet
  facet normal 0.870086991109 0.49289819223 -0
    outer loop
      vertex 0.440960632174 0.235698368413 0
      vertex 0.428864305 0.257051372097 0.3
      vertex 0.440960632174 0.235698368413 0.3
    endloop
  endfacet
  facet normal 0.84485356525 0.534997619887 0
    outer loop
      vertex 0.428864305 0.257051372097 0
      vertex 0.415734806151 0.27778511651 0
      vertex 0.415734806151 0.27778511651 0.3
    endloop
  endfacet
  facet normal 0.84485356525 0.534997619887 -0
    outer loop
      vertex 0.428864305 0.257051372097 0
      vertex 0.415734806151 0.27778511651 0.3
      vertex 0.428864305 0.257051372097 0.3
    endloop
  endfacet
  facet normal 0.817584813152 0.575808191418 0
    outer loop
      vertex 0.415734806151 0.27778511651 0
      vertex 0.40160376574 0.297849652246 0
      vertex 0.40160376574 0.297849652246 0.3
    endloop
  endfacet
  facet normal 0.817584813152 0.575808191418 -0
    outer loop
      vertex 0.415734806151 0.27778511651 0
      vertex 0.40160376574 0.297849652246 0.3
      vertex 0.415734806151 0.27778511651 0.3
    endloop
  endfacet
  facet normal 0.788346427627 0.615231590581 0
    outer loop
      vertex 0.40160376574 0.297849652246 0
      vertex 0.386505226681 0.317196642082 0
      vertex 0.386505226681 0.317196642082 0.3
    endloop
  endfacet
  facet normal 0.788346427627 0.615231590581 -0
    outer loop
      vertex 0.40160376574 0.297849652246 0
      vertex 0.386505226681 0.317196642082 0.3
      vertex 0.40160376574 0.297849652246 0.3
    endloop
  endfacet
  facet normal 0.757208846506 0.653172842954 0
    outer loop
      vertex 0.386505226681 0.317196642082 0
      vertex 0.370475562677 0.335779477424 0
      vertex 0.370475562677 0.335779477424 0.3
    endloop
  endfacet
  facet normal 0.757208846506 0.653172842954 -0
    outer loop
      vertex 0.386505226681 0.317196642082 0
      vertex 0.370475562677 0.335779477424 0.3
      vertex 0.386505226681 0.317196642082 0.3
    endloop
  endfacet
  facet normal 0.724247082951 0.689540544737 0
    outer loop
      vertex 0.370475562677 0.335779477424 0
      vertex 0.353553390593 0.353553390593 0
      vertex 0.353553390593 0.353553390593 0.3
    endloop
  endfacet
  facet normal 0.724247082951 0.689540544737 -0
    outer loop
      vertex 0.370475562677 0.335779477424 0
      vertex 0.353553390593 0.353553390593 0.3
      vertex 0.370475562677 0.335779477424 0.3
    endloop
  endfacet
  facet normal 0.689540544737 0.724247082951 0
    outer loop
      vertex 0.353553390593 0.353553390593 0
      vertex 0.335779477424 0.370475562677 0
      vertex 0.335779477424 0.370475562677 0.3
    endloop
  endfacet
  facet normal 0.689540544737 0.724247082951 -0
    outer loop
      vertex 0.353553390593 0.353553390593 0
      vertex 0.335779477424 0.370475562677 0.3
      vertex 0.353553390593 0.353553390593 0.3
    endloop
  endfacet
  facet normal 0.653172842954 0.757208846506 0
    outer loop
      vertex 0.335779477424 0.370475562677 0
      vertex 0.317196642082 0.386505226681 0
      vertex 0.317196642082 0.386505226681 0.3
    endloop
  endfacet
  facet normal 0.653172842954 0.757208846506 -0
    outer loop
      vertex 0.335779477424 0.370475562677 0
      vertex 0.317196642082 0.386505226681 0.3
      vertex 0.335779477424 0.370475562677 0.3
    endloop
  endfacet
  facet normal 0.615231590581 0.788346427627 0
    outer loop
      vertex 0.317196642082 0.386505226681 0
      vertex 0.297849652246 0.40160376574 0
      vertex 0.297849652246 0.40160376574 0.3
    endloop
  endfacet
  facet normal 0.615231590581 0.788346427627 -0
    outer loop
      vertex 0.317196642082 0.386505226681 0
      vertex 0.297849652246 0.40160376574 0.3
      vertex 0.317196642082 0.386505226681 0.3
    endloop
  endfacet
  facet normal 0.575808191418 0.817584813152 0
    outer loop
      vertex 0.297849652246 0.40160376574 0
      vertex 0.27778511651 0.415734806151 0
      vertex 0.27778511651 0.415734806151 0.3
    endloop
  endfacet
  facet normal 0.575808191418 0.817584813152 -0
    outer loop
      vertex 0.297849652246 0.40160376574 0
      vertex 0.27778511651 0.415734806151 0.3
      vertex 0.297849652246 0.40160376574 0.3
    endloop
  endfacet
  facet normal 0.534997619887 0.84485356525 0
    outer loop
      vertex 0.27778511651 0.415734806151 0
      vertex 0.257051372097 0.428864305 0
      vertex 0.257051372097 0.428864305 0.3
    endloop
  endfacet
  facet normal 0.534997619887 0.84485356525 -0
    outer loop
      vertex 0.27778511651 0.415734806151 0
      vertex 0.257051372097 0.428864305 0.3
      vertex 0.27778511651 0.415734806151 0.3
    endloop
  endfacet
  facet normal 0.49289819223 0.870086991109 0
    outer loop
      vertex 0.257051372097 0.428864305 0
      vertex 0.235698368413 0.440960632174 0
      vertex 0.235698368413 0.440960632174 0.3
    endloop
  endfacet
  facet normal 0.49289819223 0.870086991109 -0
    outer loop
      vertex 0.257051372097 0.428864305 0
      vertex 0.235698368413 0.440960632174 0.3
      vertex 0.257051372097 0.428864305 0.3
    endloop
  endfacet
  facet normal 0.449611329655 0.893224301196 0
    outer loop
      vertex 0.235698368413 0.440960632174 0
      vertex 0.213777546715 0.451994646562 0
      vertex 0.213777546715 0.451994646562 0.3
    endloop
  endfacet
  facet normal 0.449611329655 0.893224301196 -0
    outer loop
      vertex 0.235698368413 0.440960632174 0
      vertex 0.213777546715 0.451994646562 0.3
      vertex 0.235698368413 0.440960632174 0.3
    endloop
  endfacet
  facet normal 0.405241314005 0.914209755704 0
    outer loop
      vertex 0.213777546715 0.451994646562 0
      vertex 0.191341716183 0.461939766256 0
      vertex 0.191341716183 0.461939766256 0.3
    endloop
  endfacet
  facet normal 0.405241314005 0.914209755704 -0
    outer loop
      vertex 0.213777546715 0.451994646562 0
      vertex 0.191341716183 0.461939766256 0.3
      vertex 0.213777546715 0.451994646562 0.3
    endloop
  endfacet
  facet normal 0.359895036535 0.932992798835 0
    outer loop
      vertex 0.191341716183 0.461939766256 0
      vertex 0.168444926696 0.470772032592 0
      vertex 0.168444926696 0.470772032592 0.3
    endloop
  endfacet
  facet normal 0.359895036535 0.932992798835 -0
    outer loop
      vertex 0.191341716183 0.461939766256 0
      vertex 0.168444926696 0.470772032592 0.3
      vertex 0.191341716183 0.461939766256 0.3
    endloop
  endfacet
  facet normal 0.313681740399 0.949528180593 0
    outer loop
      vertex 0.168444926696 0.470772032592 0
      vertex 0.145142338627 0.478470167866 0
      vertex 0.145142338627 0.478470167866 0.3
    endloop
  endfacet
  facet normal 0.313681740399 0.949528180593 -0
    outer loop
      vertex 0.168444926696 0.470772032592 0
      vertex 0.145142338627 0.478470167866 0.3
      vertex 0.168444926696 0.470772032592 0.3
    endloop
  endfacet
  facet normal 0.266712757475 0.963776065795 0
    outer loop
      vertex 0.145142338627 0.478470167866 0
      vertex 0.121490089952 0.485015626597 0
      vertex 0.121490089952 0.485015626597 0.3
    endloop
  endfacet
  facet normal 0.266712757475 0.963776065795 -0
    outer loop
      vertex 0.145142338627 0.478470167866 0
      vertex 0.121490089952 0.485015626597 0.3
      vertex 0.145142338627 0.478470167866 0.3
    endloop
  endfacet
  facet normal 0.219101240157 0.975702130039 0
    outer loop
      vertex 0.121490089952 0.485015626597 0
      vertex 0.0975451610081 0.490392640202 0
      vertex 0.0975451610081 0.490392640202 0.3
    endloop
  endfacet
  facet normal 0.219101240157 0.975702130039 -0
    outer loop
      vertex 0.121490089952 0.485015626597 0
      vertex 0.0975451610081 0.490392640202 0.3
      vertex 0.121490089952 0.485015626597 0.3
    endloop
  endfacet
  facet normal 0.17096188876 0.985277642389 0
    outer loop
      vertex 0.0975451610081 0.490392640202 0
      vertex 0.0733652372277 0.494588254982 0
      vertex 0.0733652372277 0.494588254982 0.3
    endloop
  endfacet
  facet normal 0.17096188876 0.985277642389 -0
    outer loop
      vertex 0.0975451610081 0.490392640202 0
      vertex 0.0733652372277 0.494588254982 0.3
      vertex 0.0975451610081 0.490392640202 0.3
    endloop
  endfacet
  facet normal 0.122410675199 0.992479534599 0
    outer loop
      vertex 0.0733652372277 0.494588254982 0
      vertex 0.0490085701648 0.497592363336 0
      vertex 0.0490085701648 0.497592363336 0.3
    endloop
  endfacet
  facet normal 0.122410675199 0.992479534599 -0
    outer loop
      vertex 0.0733652372277 0.494588254982 0
      vertex 0.0490085701648 0.497592363336 0.3
      vertex 0.0733652372277 0.494588254982 0.3
    endloop
  endfacet
  facet normal 0.0735645635997 0.997290456679 0
    outer loop
      vertex 0.0490085701648 0.497592363336 0
      vertex 0.0245338371637 0.499397728103 0
      vertex 0.0245338371637 0.499397728103 0.3
    endloop
  endfacet
  facet normal 0.0735645635997 0.997290456679 -0
    outer loop
      vertex 0.0490085701648 0.497592363336 0
      vertex 0.0245338371637 0.499397728103 0.3
      vertex 0.0490085701648 0.497592363336 0.3
    endloop
  endfacet
  facet normal 0.0245412285229 0.999698818696 0
    outer loop
      vertex 0.0245338371637 0.499397728103 0
      vertex 3.06161699787e-17 0.5 0
      vertex 3.06161699787e-17 0.5 0.3
    endloop
  endfacet
  facet normal 0.0245412285229 0.999698818696 -0
    outer loop
      vertex 0.0245338371637 0.499397728103 0
      vertex 3.06161699787e-17 0.5 0.3
      vertex 0.0245338371637 0.499397728103 0.3
    endloop
  endfacet
  facet normal -0.0245412285229 0.999698818696 0
    outer loop
      vertex 3.06161699787e-17 0.5 0
      vertex -0.0245338371637 0.499397728103 0
      vertex -0.0245338371637 0.499397728103 0.3
    endloop
  endfacet
  facet normal -0.0245412285229 0.999698818696 0
    outer loop
      vertex 3.06161699787e-17 0.5 0
      vertex -0.0245338371637 0.499397728103 0.3
      vertex 3.06161699787e-17 0.5 0.3
    endloop
  endfacet
  facet normal -0.0735645635997 0.997290456679 0
    outer loop
      vertex -0.0245338371637 0.499397728103 0
      vertex -0.0490085701648 0.497592363336 0
      vertex -0.0490085701648 0.497592363336 0.3
    endloop
  endfacet
  facet normal -0.0735645635997 0.997290456679 0
    outer loop
      vertex -0.0245338371637 0.499397728103 0
      vertex -0.0490085701648 0.497592363336 0.3
      vertex -0.0245338371637 0.499397728103 0.3
    endloop
  endfacet
  facet normal -0.122410675199 0.992479534599 0
    outer loop
      vertex -0.0490085701648 0.497592363336 0
      vertex -0.0733652372277 0.494588254982 0
      vertex -0.0733652372277 0.494588254982 0.3
    endloop
  endfacet
  facet normal -0.122410675199 0.992479534599 0
    outer loop
      vertex -0.0490085701648 0.497592363336 0
      vertex -0.0733652372277 0.494588254982 0.3
      vertex -0.0490085701648 0.497592363336 0.3
    endloop
  endfacet
  facet normal -0.17096188876 0.985277642389 0
    outer loop
      vertex -0.0733652372277 0.494588254982 0
      vertex -0.0975451610081 0.490392640202 0
      vertex -0.0975451610081 0.490392640202 0.3
    endloop
  endfacet
  facet normal -0.17096188876 0.985277642389 0
    outer loop
      vertex -0.0733652372277 0.494588254982 0
      vertex -0.0975451610081 0.490392640202 0.3
      vertex -0.0733652372277 0.494588254982 0.3
    endloop
  endfacet
  facet normal -0.219101240157 0.975702130039 0
    outer loop
      vertex -0.0975451610081 0.490392640202 0
      vertex -0.121490089952 0.485015626597 0
      vertex -0.121490089952 0.485015626597 0.3
    endloop
  endfacet
  facet normal -0.219101240157 0.975702130039 0
    outer loop
      vertex -0.0975451610081 0.490392640202 0
      vertex -0.121490089952 0.485015626597 0.3
      vertex -0.0975451610081 0.490392640202 0.3
    endloop
  endfacet
  facet normal -0.266712757475 0.963776065795 0
    outer loop
      vertex -0.121490089952 0.485015626597 0
      vertex -0.145142338627 0.478470167866 0
      vertex -0.145142338627 0.478470167866 0.3
    endloop
  endfacet
  facet normal -0.266712757475 0.963776065795 0
    outer loop
      vertex -0.121490089952 0.485015626597 0
      vertex -0.145142338627 0.478470167866 0.3
      vertex -0.121490089952 0.485015626597 0.3
    endloop
  endfacet
  facet normal -0.313681740399 0.949528180593 0
    outer loop
      vertex -0.145142338627 0.478470167866 0
      vertex -0.168444926696 0.470772032592 0
      vertex -0.168444926696 0.470772032592 0.3
    endloop
  endfacet
  facet normal -0.313681740399 0.949528180593 0
    outer loop
      vertex -0.145142338627 0.478470167866 0
      vertex -0.168444926696 0.470772032592 0.3
      vertex -0.145142338627 0.478470167866 0.3
    endloop
  endfacet
  facet normal -0.359895036535 0.932992798835 0
    outer loop
      vertex -0.168444926696 0.470772032592 0
      vertex -0.191341716183 0.461939766256 0
      vertex -0.191341716183 0.461939766256 0.3
    endloop
  endfacet
  facet normal -0.359895036535 0.932992798835 0
    outer loop
      vertex -0.168444926696 0.470772032592 0
      vertex -0.191341716183 0.461939766256 0.3
      vertex -0.168444926696 0.470772032592 0.3
    endloop
  endfacet
  facet normal -0.405241314005 0.914209755704 0
    outer loop
      vertex -0.191341716183 0.461939766256 0
      vertex -0.213777546715 0.451994646562 0
      vertex -0.213777546715 0.451994646562 0.3
    endloop
  endfacet
  facet normal -0.405241314005 0.914209755704 0
    outer loop
      vertex -0.191341716183 0.461939766256 0
      vertex -0.213777546715 0.451994646562 0.3
      vertex -0.191341716183 0.461939766256 0.3
    endloop
  endfacet
  facet normal -0.449611329655 0.893224301196 0
    outer loop
      vertex -0.213777546715 0.451994646562 0
      vertex -0.235698368413 0.440960632174 0
      vertex -0.235698368413 0.440960632174 0.3
    endloop
  endfacet
  facet normal -0.449611329655 0.893224301196 0
    outer loop
      vertex -0.213777546715 0.451994646562 0
      vertex -0.235698368413 0.440960632174 0.3
      vertex -0.213777546715 0.451994646562 0.3
    endloop
  endfacet
  facet normal -0.49289819223 0.870086991109 0
    outer loop
      vertex -0.235698368413 0.440960632174 0
      vertex -0.257051372097 0.428864305 0
      vertex -0.257051372097 0.428864305 0.3
    endloop
  endfacet
  facet normal -0.49289819223 0.870086991109 0
    outer loop
      vertex -0.235698368413 0.440960632174 0
      vertex -0.257051372097 0.428864305 0.3
      vertex -0.235698368413 0.440960632174 0.3
    endloop
  endfacet
  facet normal -0.534997619887 0.84485356525 0
    outer loop
      vertex -0.257051372097 0.428864305 0
      vertex -0.27778511651 0.415734806151 0
      vertex -0.27778511651 0.415734806151 0.3
    endloop
  endfacet
  facet normal -0.534997619887 0.84485356525 0
    outer loop
      vertex -0.257051372097 0.428864305 0
      vertex -0.27778511651 0.415734806151 0.3
      vertex -0.257051372097 0.428864305 0.3
    endloop
  endfacet
  facet normal -0.575808191418 0.817584813152 0
    outer loop
      vertex -0.27778511651 0.415734806151 0
      vertex -0.297849652246 0.40160376574 0
      vertex -0.297849652246 0.40160376574 0.3
    endloop
  endfacet
  facet normal -0.575808191418 0.817584813152 0
    outer loop
      vertex -0.27778511651 0.415734806151 0
      vertex -0.297849652246 0.40160376574 0.3
      vertex -0.27778511651 0.415734806151 0.3
    endloop
  endfacet
  facet normal -0.615231590581 0.788346427627 0
    outer loop
      vertex -0.297849652246 0.40160376574 0
      vertex -0.317196642082 0.386505226681 0
      vertex -0.317196642082 0.386505226681 0.3
    endloop
  endfacet
  facet normal -0.615231590581 0.788346427627 0
    outer loop
      vertex -0.297849652246 0.40160376574 0
      vertex -0.317196642082 0.386505226681 0.3
      vertex -0.297849652246 0.40160376574 0.3
    endloop
  endfacet
  facet normal -0.653172842954 0.757208846506 0
    outer loop
      vertex -0.317196642082 0.386505226681 0
      vertex -0.335779477424 0.370475562677 0
      vertex -0.335779477424 0.370475562677 0.3
    endloop
  endfacet
  facet normal -0.653172842954 0.757208846506 0
    outer loop
      vertex -0.317196642082 0.386505226681 0
      vertex -0.335779477424 0.370475562677 0.3
      vertex -0.317196642082 0.386505226681 0.3
    endloop
  endfacet
  facet normal -0.689540544737 0.724247082951 0
    outer loop
      vertex -0.335779477424 0.370475562677 0
      vertex -0.353553390593 0.353553390593 0
      vertex -0.353553390593 0.353553390593 0.3
    endloop
  endfacet
  facet normal -0.689540544737 0.724247082951 0
    outer loop
      vertex -0.335779477424 0.370475562677 0
      vertex -0.353553390593 0.353553390593 0.3
      vertex -0.335779477424 0.370475562677 0.3
    endloop
  endfacet
  facet normal -0.724247082951 0.689540544737 0
    outer loop
      vertex -0.353553390593 0.353553390593 0
      vertex -0.370475562677 0.335779477424 0
      vertex -0.370475562677 0.335779477424 0.3
    endloop
  endfacet
  facet normal -0.724247082951 0.689540544737 0
    outer loop
      vertex -0.353553390593 0.353553390593 0
      vertex -0.370475562677 0.335779477424 0.3
      vertex -0.353553390593 0.353553390593 0.3
    endloop
  endfacet
  facet normal -0.757208846506 0.653172842954 0
    outer loop
      vertex -0.370475562677 0.335779477424 0
      vertex -0.386505226681 0.317196642082 0
      vertex -0.386505226681 0.317196642082 0.3
    endloop
  endfacet
  facet normal -0.757208846506 0.653172842954 0
    outer loop
      vertex -0.370475562677 0.335779477424 0
      vertex -0.386505226681 0.317196642082 0.3
      vertex -0.370475562677 0.335779477424 0.3
    endloop
  endfacet
  facet normal -0.788346427627 0.615231590581 0
    outer loop
      vertex -0.386505226681 0.317196642082 0
      vertex -0.40160376574 0.297849652246 0
      vertex -0.40160376574 0.297849652246 0.3
    endloop
  endfacet
  facet normal -0.788346427627 0.615231590581 0
    outer loop
      vertex -0.386505226681 0.317196642082 0
      vertex -0.40160376574 0.297849652246 0.3
      vertex -0.386505226681 0.317196642082 0.3
    endloop
  endfacet
  facet normal -0.817584813152 0.575808191418 0
    outer loop
      vertex -0.40160376574 0.297849652246 0
      vertex -0.415734806151 0.27778511651 0
      vertex -0.415734806151 0.27778511651 0.3
    endloop
  endfacet
  facet normal -0.817584813152 0.575808191418 0
    outer loop
      vertex -0.40160376574 0.297849652246 0
      vertex -0.415734806151 0.27778511651 0.3
      vertex -0.40160376574 0.297849652246 0.3
    endloop
  endfacet
  facet normal -0.84485356525 0.534997619887 0
    outer loop
      vertex -0.415734806151 0.27778511651 0
      vertex -0.428864305 0.257051372097 0
      vertex -0.428864305 0.257051372097 0.3
    endloop
  endfacet
  facet normal -0.84485356525 0.534997619887 0
    outer loop
      vertex -0.415734806151 0.27778511651 0
      vertex -0.428864305 0.257051372097 0.3
      vertex -0.415734806151 0.27778511651 0.3
    endloop
  endfacet
  facet normal -0.870086991109 0.49289819223 0
    outer loop
      vertex -0.428864305 0.257051372097 0
      vertex -0.440960632174 0.235698368413 0
      vertex -0.440960632174 0.235698368413 0.3
    endloop
  endfacet
  facet normal -0.870086991109 0.49289819223 0
    outer loop
      vertex -0.428864305 0.257051372097 0
      vertex -0.440960632174 0.235698368413 0.3
      vertex -0.428864305 0.257051372097 0.3
    endloop
  endfacet
  facet normal -0.893224301196 0.449611329655 0
    outer loop
      vertex -0.440960632174 0.235698368413 0
      vertex -0.451994646562 0.213777546715 0
      vertex -0.451994646562 0.213777546715 0.3
    endloop
  endfacet
  facet normal -0.893224301196 0.449611329655 0
    outer loop
      vertex -0.440960632174 0.235698368413 0
      vertex -0.451994646562 0.213777546715 0.3
      vertex -0.440960632174 0.235698368413 0.3
    endloop
  endfacet
  facet normal -0.914209755704 0.405241314005 0
    outer loop
      vertex -0.451994646562 0.213777546715 0
      vertex -0.461939766256 0.191341716183 0
      vertex -0.461939766256 0.191341716183 0.3
    endloop
  endfacet
  facet normal -0.914209755704 0.405241314005 0
    outer loop
      vertex -0.451994646562 0.213777546715 0
      vertex -0.461939766256 0.191341716183 0.3
      vertex -0.451994646562 0.213777546715 0.3
    endloop
  endfacet
  facet normal -0.932992798835 0.359895036535 0
    outer loop
      vertex -0.461939766256 0.191341716183 0
      vertex -0.470772032592 0.168444926696 0
      vertex -0.470772032592 0.168444926696 0.3
    endloop
  endfacet
  facet normal -0.932992798835 0.359895036535 0
    outer loop
      vertex -0.461939766256 0.191341716183 0
      vertex -0.470772032592 0.168444926696 0.3
      vertex -0.461939766256 0.191341716183 0.3
    endloop
  endfacet
  facet normal -0.949528180593 0.313681740399 0
    outer loop
      vertex -0.470772032592 0.168444926696 0
      vertex -0.478470167866 0.145142338627 0
      vertex -0.478470167866 0.145142338627 0.3
    endloop
  endfacet
  facet normal -0.949528180593 0.313681740399 0
    outer loop
      vertex -0.470772032592 0.168444926696 0
      vertex -0.478470167866 0.145142338627 0.3
      vertex -0.470772032592 0.168444926696 0.3
    endloop
  endfacet
  facet normal -0.963776065795 0.266712757475 0
    outer loop
      vertex -0.478470167866 0.145142338627 0
      vertex -0.485015626597 0.121490089952 0
      vertex -0.485015626597 0.121490089952 0.3
    endloop
  endfacet
  facet normal -0.963776065795 0.266712757475 0
    outer loop
      vertex -0.478470167866 0.145142338627 0
      vertex -0.485015626597 0.121490089952 0.3
      vertex -0.478470167866 0.145142338627 0.3
    endloop
  endfacet
  facet normal -0.975702130039 0.219101240157 0
    outer loop
      vertex -0.485015626597 0.121490089952 0
      vertex -0.490392640202 0.0975451610081 0
      vertex -0.490392640202 0.0975451610081 0.3
    endloop
  endfacet
  facet normal -0.975702130039 0.219101240157 0
    outer loop
      vertex -0.485015626597 0.121490089952 0
      vertex -0.490392640202 0.0975451610081 0.3
      vertex -0.485015626597 0.121490089952 0.3
    endloop
  endfacet
  facet normal -0.985277642389 0.17096188876 0
    outer loop
      vertex -0.490392640202 0.0975451610081 0
      vertex -0.494588254982 0.0733652372277 0
      vertex -0.494588254982 0.0733652372277 0.3
    endloop
  endfacet
  facet normal -0.985277642389 0.17096188876 0
    outer loop
      vertex -0.490392640202 0.0975451610081 0
      vertex -0.494588254982 0.0733652372277 0.3
      vertex -0.490392640202 0.0975451610081 0.3
    endloop
  endfacet
  facet normal -0.992479534599 0.122410675199 0
    outer loop
      vertex -0.494588254982 0.0733652372277 0
      vertex -0.497592363336 0.0490085701648 0
      vertex -0.497592363336 0.0490085701648 0.3
    endloop
  endfacet
  facet normal -0.992479534599 0.122410675199 0
    outer loop
      vertex -0.494588254982 0.0733652372277 0
      vertex -0.497592363336 0.0490085701648 0.3
      vertex -0.494588254982 0.0733652372277 0.3
    endloop
  endfacet
  facet normal -0.997290456679 0.0735645635997 0
    outer loop
      vertex -0.497592363336 0.0490085701648 0
      vertex -0.499397728103 0.0245338371637 0
      vertex -0.499397728103 0.0245338371637 0.3
    endloop
  endfacet
  facet normal -0.997290456679 0.0735645635997 0
    outer loop
      vertex -0.497592363336 0.0490085701648 0
      vertex -0.499397728103 0.0245338371637 0.3
      vertex -0.497592363336 0.0490085701648 0.3
    endloop
  endfacet
  facet normal -0.999698818696 0.0245412285229 0
    outer loop
      vertex -0.499397728103 0.0245338371637 0
      vertex -0.5 6.12323399574e-17 0
      vertex -0.5 6.12323399574e-17 0.3
    endloop
  endfacet
  facet normal -0.999698818696 0.0245412285229 0
    outer loop
      vertex -0.499397728103 0.0245338371637 0
      vertex -0.5 6.12323399574e-17 0.3
      vertex -0.499397728103 0.0245338371637 0.3
    endloop
  endfacet
  facet normal -0.999698818696 -0.0245412285229 0
    outer loop
      vertex -0.5 6.12323399574e-17 0
      vertex -0.499397728103 -0.0245338371637 0
      vertex -0.499397728103 -0.0245338371637 0.3
    endloop
  endfacet
  facet normal -0.999698818696 -0.0245412285229 0
    outer loop
      vertex -0.5 6.12323399574e-17 0
      vertex -0.499397728103 -0.0245338371637 0.3
      vertex -0.5 6.12323399574e-17 0.3
    endloop
  endfacet
  facet normal -0.997290456679 -0.0735645635997 0
    outer loop
      vertex -0.499397728103 -0.0245338371637 0
      vertex -0.497592363336 -0.0490085701648 0
      vertex -0.497592363336 -0.0490085701648 0.3
    endloop
  endfacet
  facet normal -0.997290456679 -0.0735645635997 0
    outer loop
      vertex -0.499397728103 -0.0245338371637 0
      vertex -0.497592363336 -0.0490085701648 0.3
      vertex -0.499397728103 -0.0245338371637 0.3
    endloop
  endfacet
  facet normal -0.992479534599 -0.122410675199 0
    outer loop
      vertex -0.497592363336 -0.0490085701648 0
      vertex -0.494588254982 -0.0733652372277 0
      vertex -0.494588254982 -0.0733652372277 0.3
    endloop
  endfacet
  facet normal -0.992479534599 -0.122410675199 0
    outer loop
      vertex -0.497592363336 -0.0490085701648 0
      vertex -0.494588254982 -0.0733652372277 0.3
      vertex -0.497592363336 -0.0490085701648 0.3
    endloop
  endfacet
  facet normal -0.985277642389 -0.17096188876 0
    outer loop
      vertex -0.494588254982 -0.0733652372277 0
      vertex -0.490392640202 -0.0975451610081 0
      vertex -0.490392640202 -0.0975451610081 0.3
    endloop
  endfacet
  facet normal -0.985277642389 -0.17096188876 0
    outer loop
      vertex -0.494588254982 -0.0733652372277 0
      vertex -0.490392640202 -0.0975451610081 0.3
      vertex -0.494588254982 -0.0733652372277 0.3
    endloop
  endfacet
  facet normal -0.975702130039 -0.219101240157 0
    outer loop
      vertex -0.490392640202 -0.0975451610081 0
      vertex -0.485015626597 -0.121490089952 0
      vertex -0.485015626597 -0.121490089952 0.3
    endloop
  endfacet
  facet normal -0.975702130039 -0.219101240157 0
    outer loop
      vertex -0.490392640202 -0.0975451610081 0
      vertex -0.485015626597 -0.121490089952 0.3
      vertex -0.490392640202 -0.0975451610081 0.3
    endloop
  endfacet
  facet normal -0.963776065795 -0.266712757475 0
    outer loop
      vertex -0.485015626597 -0.121490089952 0
      vertex -0.478470167866 -0.145142338627 0
      vertex -0.478470167866 -0.145142338627 0.3
    endloop
  endfacet
  facet normal -0.963776065795 -0.266712757475 0
    outer loop
      vertex -0.485015626597 -0.121490089952 0
      vertex -0.478470167866 -0.145142338627 0.3
      vertex -0.485015626597 -0.121490089952 0.3
    endloop
  endfacet
  facet normal -0.949528180593 -0.313681740399 0
    outer loop
      vertex -0.478470167866 -0.145142338627 0
      vertex -0.470772032592 -0.168444926696 0
      vertex -0.470772032592 -0.168444926696 0.3
    endloop
  endfacet
  facet normal -0.949528180593 -0.313681740399 0
    outer loop
      vertex -0.478470167866 -0.145142338627 0
      vertex -0.470772032592 -0.168444926696 0.3
      vertex -0.478470167866 -0.145142338627 0.3
    endloop
  endfacet
  facet normal -0.932992798835 -0.359895036535 0
    outer loop
      vertex -0.470772032592 -0.168444926696 0
      vertex -0.461939766256 -0.191341716183 0
      vertex -0.461939766256 -0.191341716183 0.3
    endloop
  endfacet
  facet normal -0.932992798835 -0.359895036535 0
    outer loop
      vertex -0.470772032592 -0.168444926696 0
      vertex -0.461939766256 -0.191341716183 0.3
      vertex -0.470772032592 -0.168444926696 0.3
    endloop
  endfacet
  facet normal -0.914209755704 -0.405241314005 0
    outer loop
      vertex -0.461939766256 -0.191341716183 0
      vertex -0.451994646562 -0.213777546715 0
      vertex -0.451994646562 -0.213777546715 0.3
    endloop
  endfacet
  facet normal -0.914209755704 -0.405241314005 0
    outer loop
      vertex -0.461939766256 -0.191341716183 0
      vertex -0.451994646562 -0.213777546715 0.3
      vertex -0.461939766256 -0.191341716183 0.3
    endloop
  endfacet
  facet normal -0.893224301196 -0.449611329655 0
    outer loop
      vertex -0.451994646562 -0.213777546715 0
      vertex -0.440960632174 -0.235698368413 0
      vertex -0.440960632174 -0.235698368413 0.3
    endloop
  endfacet
  facet normal -0.893224301196 -0.449611329655 0
    outer loop
      vertex -0.451994646562 -0.213777546715 0
      vertex -0.440960632174 -0.235698368413 0.3
      vertex -0.451994646562 -0.213777546715 0.3
    endloop
  endfacet
  facet normal -0.870086991109 -0.49289819223 0
    outer loop
      vertex -0.440960632174 -0.235698368413 0
      vertex -0.428864305 -0.257051372097 0
      vertex -0.428864305 -0.257051372097 0.3
    endloop
  endfacet
  facet normal -0.870086991109 -0.49289819223 0
    outer loop
      vertex -0.440960632174 -0.235698368413 0
      vertex -0.428864305 -0.257051372097 0.3
      vertex -0.440960632174 -0.235698368413 0.3
    endloop
  endfacet
  facet normal -0.84485356525 -0.534997619887 0
    outer loop
      vertex -0.428864305 -0.257051372097 0
      vertex -0.415734806151 -0.27778511651 0
      vertex -0.415734806151 -0.27778511651 0.3
    endloop
  endfacet
  facet normal -0.84485356525 -0.534997619887 0
    outer loop
      vertex -0.428864305 -0.257051372097 0
      vertex -0.415734806151 -0.27778511651 0.3
      vertex -0.428864305 -0.257051372097 0.3
    endloop
  endfacet
  facet normal -0.817584813152 -0.575808191418 0
    outer loop
      vertex -0.415734806151 -0.27778511651 0
      vertex -0.40160376574 -0.297849652246 0
      vertex -0.40160376574 -0.297849652246 0.3
    endloop
  endfacet
  facet normal -0.817584813152 -0.575808191418 0
    outer loop
      vertex -0.415734806151 -0.27778511651 0
      vertex -0.40160376574 -0.297849652246 0.3
      vertex -0.415734806151 -0.27778511651 0.3
    endloop
  endfacet
  facet normal -0.788346427627 -0.615231590581 0
    outer loop
      vertex -0.40160376574 -0.297849652246 0
      vertex -0.386505226681 -0.317196642082 0
      vertex -0.386505226681 -0.317196642082 0.3
    endloop
  endfacet
  facet normal -0.788346427627 -0.615231590581 0
    outer loop
      vertex -0.40160376574 -0.297849652246 0
      vertex -0.386505226681 -0.317196642082 0.3
      vertex -0.40160376574 -0.297849652246 0.3
    endloop
  endfacet
  facet normal -0.757208846506 -0.653172842954 0
    outer loop
      vertex -0.386505226681 -0.317196642082 0
      vertex -0.370475562677 -0.335779477424 0
      vertex -0.370475562677 -0.335779477424 0.3
    endloop
  endfacet
  facet normal -0.757208846506 -0.653172842954 0
    outer loop
      vertex -0.386505226681 -0.317196642082 0
      vertex -0.370475562677 -0.335779477424 0.3
      vertex -0.386505226681 -0.317196642082 0.3
    endloop
  endfacet
  facet normal -0.724247082951 -0.689540544737 0
    outer loop
      vertex -0.370475562677 -0.335779477424 0
      vertex -0.353553390593 -0.353553390593 0
      vertex -0.353553390593 -0.353553390593 0.3
    endloop
  endfacet
  facet normal -0.724247082951 -0.689540544737 0
    outer loop
      vertex -0.370475562677 -0.335779477424 0
      vertex -0.353553390593 -0.353553390593 0.3
      vertex -0.370475562677 -0.335779477424 0.3
    endloop
  endfacet
  facet normal -0.689540544737 -0.724247082951 0
    outer loop
      vertex -0.353553390593 -0.353553390593 0
      vertex -0.335779477424 -0.370475562677 0
      vertex -0.335779477424 -0.370475562677 0.3
    endloop
  endfacet
  facet normal -0.689540544737 -0.724247082951 0
    outer loop
      vertex -0.353553390593 -0.353553390593 0
      vertex -0.335779477424 -0.370475562677 0.3
      vertex -0.353553390593 -0.353553390593 0.3
    endloop
  endfacet
  facet normal -0.653172842954 -0.757208846506 0
    outer loop
      vertex -0.335779477424 -0.370475562677 0
      vertex -0.317196642082 -0.386505226681 0
      vertex -0.317196642082 -0.386505226681 0.3
    endloop
  endfacet
  facet normal -0.653172842954 -0.757208846506 0
    outer loop
      vertex -0.335779477424 -0.370475562677 0
      vertex -0.317196642082 -0.386505226681 0.3
      vertex -0.335779477424 -0.370475562677 0.3
    endloop
  endfacet
  facet normal -0.615231590581 -0.788346427627 0
    outer loop
      vertex -0.317196642082 -0.386505226681 0
      vertex -0.297849652246 -0.40160376574 0
      vertex -0.297849652246 -0.40160376574 0.3
    endloop
  endfacet
  facet normal -0.615231590581 -0.788346427627 0
    outer loop
      vertex -0.317196642082 -0.386505226681 0
      vertex -0.297849652246 -0.40160376574 0.3
      vertex -0.317196642082 -0.386505226681 0.3
    endloop
  endfacet
  facet normal -0.575808191418 -0.817584813152 0
    outer loop
      vertex -0.297849652246 -0.40160376574 0
      vertex -0.27778511651 -0.415734806151 0
      vertex -0.27778511651 -0.415734806151 0.3
    endloop
  endfacet
  facet normal -0.575808191418 -0.817584813152 0
    outer loop
      vertex -0.297849652246 -0.40160376574 0
      vertex -0.27778511651 -0.415734806151 0.3
      vertex -0.297849652246 -0.40160376574 0.3
    endloop
  endfacet
  facet normal -0.534997619887 -0.84485356525 0
    outer loop
      vertex -0.27778511651 -0.415734806151 0
      vertex -0.257051372097 -0.428864305 0
      vertex -0.257051372097 -0.428864305 0.3
    endloop
  endfacet
  facet normal -0.534997619887 -0.84485356525 0
    outer loop
      vertex -0.27778511651 -0.415734806151 0
      vertex -0.257051372097 -0.428864305 0.3
      vertex -0.27778511651 -0.415734806151 0.3
    endloop
  endfacet
  facet normal -0.49289819223 -0.870086991109 0
    outer loop
      vertex -0.257051372097 -0.428864305 0
      vertex -0.235698368413 -0.440960632174 0
      vertex -0.235698368413 -0.440960632174 0.3
    endloop
  endfacet
  facet normal -0.49289819223 -0.870086991109 0
    outer loop
      vertex -0.257051372097 -0.428864305 0
      vertex -0.235698368413 -0.440960632174 0.3
      vertex -0.257051372097 -0.428864305 0.3
    endloop
  endfacet
  facet normal -0.449611329655 -0.893224301196 0
    outer loop
      vertex -0.235698368413 -0.440960632174 0
      vertex -0.213777546715 -0.451994646562 0
      vertex -0.213777546715 -0.451994646562 0.3
    endloop
  endfacet
  facet normal -0.449611329655 -0.893224301196 0
    outer loop
      vertex -0.235698368413 -0.440960632174 0
      vertex -0.213777546715 -0.451994646562 0.3
      vertex -0.235698368413 -0.440960632174 0.3
    endloop
  endfacet
  facet normal -0.405241314005 -0.914209755704 0
    outer loop
      vertex -0.213777546715 -0.451994646562 0
      vertex -0.191341716183 -0.461939766256 0
      vertex -0.191341716183 -0.461939766256 0.3
    endloop
  endfacet
  facet normal -0.405241314005 -0.914209755704 0
    outer loop
      vertex -0.213777546715 -0.451994646562 0
      vertex -0.191341716183 -0.461939766256 0.3
      vertex -0.213777546715 -0.451994646562 0.3
    endloop
  endfacet
  facet normal -0.359895036535 -0.932992798835 0
    outer loop
      vertex -0.191341716183 -0.461939766256 0
      vertex -0.168444926696 -0.470772032592 0
      vertex -0.168444926696 -0.470772032592 0.3
    endloop
  endfacet
  facet normal -0.359895036535 -0.932992798835 0
    outer loop
      vertex -0.191341716183 -0.461939766256 0
      vertex -0.168444926696 -0.470772032592 0.3
      vertex -0.191341716183 -0.461939766256 0.3
    endloop
  endfacet
  facet normal -0.313681740399 -0.949528180593 0
    outer loop
      vertex -0.168444926696 -0.470772032592 0
      vertex -0.145142338627 -0.478470167866 0
      vertex -0.145142338627 -0.478470167866 0.3
    endloop
  endfacet
  facet normal -0.313681740399 -0.949528180593 0
    outer loop
      vertex -0.168444926696 -0.470772032592 0
      vertex -0.145142338627 -0.478470167866 0.3
      vertex -0.168444926696 -0.470772032592 0.3
    endloop
  endfacet
  facet normal -0.266712757475 -0.963776065795 0
    outer loop
      vertex -0.145142338627 -0.478470167866 0
      vertex -0.121490089952 -0.485015626597 0
      vertex -0.121490089952 -0.485015626597 0.3
    endloop
  endfacet
  facet normal -0.266712757475 -0.963776065795 0
    outer loop
      vertex -0.145142338627 -0.478470167866 0
      vertex -0.121490089952 -0.485015626597 0.3
      vertex -0.145142338627 -0.478470167866 0.3
    endloop
  endfacet
  facet normal -0.219101240157 -0.975702130039 0
    outer loop
      vertex -0.121490089952 -0.485015626597 0
      vertex -0.0975451610081 -0.490392640202 0
      vertex -0.0975451610081 -0.490392640202 0.3
    endloop
  endfacet
  facet normal -0.219101240157 -0.975702130039 0
    outer loop
      vertex -0.121490089952 -0.485015626597 0
      vertex -0.0975451610081 -0.490392640202 0.3
      vertex -0.121490089952 -0.485015626597 0.3
    endloop
  endfacet
  facet normal -0.17096188876 -0.985277642389 0
    outer loop
      vertex -0.0975451610081 -0.490392640202 0
      vertex -0.0733652372277 -0.494588254982 0
      vertex -0.0733652372277 -0.494588254982 0.3
    endloop
  endfacet
  facet normal -0.17096188876 -0.985277642389 0
    outer loop
      vertex -0.0975451610081 -0.490392640202 0
      vertex -0.0733652372277 -0.494588254982 0.3
      vertex -0.0975451610081 -0.490392640202 0.3
    endloop
  endfacet
  facet normal -0.122410675199 -0.992479534599 0
    outer loop
      vertex -0.0733652372277 -0.494588254982 0
      vertex -0.0490085701648 -0.497592363336 0
      vertex -0.0490085701648 -0.497592363336 0.3
    endloop
  endfacet
  facet normal -0.122410675199 -0.992479534599 0
    outer loop
      vertex -0.0733652372277 -0.494588254982 0
      vertex -0.0490085701648 -0.497592363336 0.3
      vertex -0.0733652372277 -0.494588254982 0.3
    endloop
  endfacet
  facet normal -0.0735645635997 -0.997290456679 0
    outer loop
      vertex -0.0490085701648 -0.497592363336 0
      vertex -0.0245338371637 -0.499397728103 0
      vertex -0.0245338371637 -0.499397728103 0.3
    endloop
  endfacet
  facet normal -0.0735645635997 -0.997290456679 0
    outer loop
      vertex -0.0490085701648 -0.497592363336 0
      vertex -0.0245338371637 -0.499397728103 0.3
      vertex -0.0490085701648 -0.497592363336 0.3
    endloop
  endfacet
  facet normal -0.0245412285229 -0.999698818696 0
    outer loop
      vertex -0.0245338371637 -0.499397728103 0
      vertex -9.18485099361e-17 -0.5 0
      vertex -9.18485099361e-17 -0.5 0.3
    endloop
  endfacet
  facet normal -0.0245412285229 -0.999698818696 0
    outer loop
      vertex -0.0245338371637 -0.499397728103 0
      vertex -9.18485099361e-17 -0.5 0.3
      vertex -0.0245338371637 -0.499397728103 0.3
    endloop
  endfacet
  facet normal 0.0245412285229 -0.999698818696 0
    outer loop
      vertex -9.18485099361e-17 -0.5 0
      vertex 0.0245338371637 -0.499397728103 0
      vertex 0.0245338371637 -0.499397728103 0.3
    endloop
  endfacet
  facet normal 0.0245412285229 -0.999698818696 0
    outer loop
      vertex -9.18485099361e-17 -0.5 0
      vertex 0.0245338371637 -0.499397728103 0.3
      vertex -9.18485099361e-17 -0.5 0.3
    endloop
  endfacet
  facet normal 0.0735645635997 -0.997290456679 0
    outer loop
      vertex 0.0245338371637 -0.499397728103 0
      vertex 0.0490085701648 -0.497592363336 0
      vertex 0.0490085701648 -0.497592363336 0.3
    endloop
  endfacet
  facet normal 0.0735645635997 -0.997290456679 0
    outer loop
      vertex 0.0245338371637 -0.499397728103 0
      vertex 0.0490085701648 -0.497592363336 0.3
      vertex 0.0245338371637 -0.499397728103 0.3
    endloop
  endfacet
  facet normal 0.122410675199 -0.992479534599 0
    outer loop
      vertex 0.0490085701648 -0.497592363336 0
      vertex 0.0733652372277 -0.494588254982 0
      vertex 0.0733652372277 -0.494588254982 0.3
    endloop
  endfacet
  facet normal 0.122410675199 -0.992479534599 0
    outer loop
      vertex 0.0490085701648 -0.497592363336 0
      vertex 0.0733652372277 -0.494588254982 0.3
      vertex 0.0490085701648 -0.497592363336 0.3
    endloop
  endfacet
  facet normal 0.17096188876 -0.985277642389 0
    outer loop
      vertex 0.0733652372277 -0.494588254982 0
      vertex 0.0975451610081 -0.490392640202 0
      vertex 0.0975451610081 -0.490392640202 0.3
    endloop
  endfacet
  facet normal 0.17096188876 -0.985277642389 0
    outer loop
      vertex 0.0733652372277 -0.494588254982 0
      vertex 0.0975451610081 -0.490392640202 0.3
      vertex 0.0733652372277 -0.494588254982 0.3
    endloop
  endfacet
  facet normal 0.219101240157 -0.975702130039 0
    outer loop
      vertex 0.0975451610081 -0.490392640202 0
      vertex 0.121490089952 -0.485015626597 0
      vertex 0.121490089952 -0.485015626597 0.3
    endloop
  endfacet
  facet normal 0.219101240157 -0.975702130039 0
    outer loop
      vertex 0.0975451610081 -0.490392640202 0
      vertex 0.121490089952 -0.485015626597 0.3
      vertex 0.0975451610081 -0.490392640202 0.3
    endloop
  endfacet
  facet normal 0.266712757475 -0.963776065795 0
    outer loop
      vertex 0.121490089952 -0.485015626597 0
      vertex 0.145142338627 -0.478470167866 0
      vertex 0.145142338627 -0.478470167866 0.3
    endloop
  endfacet
  facet normal 0.266712757475 -0.963776065795 0
    outer loop
      vertex 0.121490089952 -0.485015626597 0
      vertex 0.145142338627 -0.478470167866 0.3
      vertex 0.121490089952 -0.485015626597 0.3
    endloop
  endfacet
  facet normal 0.313681740399 -0.949528180593 0
    outer loop
      vertex 0.145142338627 -0.478470167866 0
      vertex 0.168444926696 -0.470772032592 0
      vertex 0.168444926696 -0.470772032592 0.3
    endloop
  endfacet
  facet normal 0.313681740399 -0.949528180593 0
    outer loop
      vertex 0.145142338627 -0.478470167866 0
      vertex 0.168444926696 -0.470772032592 0.3
      vertex 0.145142338627 -0.478470167866 0.3
    endloop
  endfacet
  facet normal 0.359895036535 -0.932992798835 0
    outer loop
      vertex 0.168444926696 -0.470772032592 0
      vertex 0.191341716183 -0.461939766256 0
      vertex 0.191341716183 -0.461939766256 0.3
    endloop
  endfacet
  facet normal 0.359895036535 -0.932992798835 0
    outer loop
      vertex 0.168444926696 -0.470772032592 0
      vertex 0.191341716183 -0.461939766256 0.3
      vertex 0.168444926696 -0.470772032592 0.3
    endloop
  endfacet
  facet normal 0.405241314005 -0.914209755704 0
    outer loop
      vertex 0.191341716183 -0.461939766256 0
      vertex 0.213777546715 -0.451994646562 0
      vertex 0.213777546715 -0.451994646562 0.3
    endloop
  endfacet
  facet normal 0.405241314005 -0.914209755704 0
    outer loop
      vertex 0.191341716183 -0.461939766256 0
      vertex 0.213777546715 -0.451994646562 0.3
      vertex 0.191341716183 -0.461939766256 0.3
    endloop
  endfacet
  facet normal 0.449611329655 -0.893224301196 0
    outer loop
      vertex 0.213777546715 -0.451994646562 0
      vertex 0.235698368413 -0.440960632174 0
      vertex 0.235698368413 -0.440960632174 0.3
    endloop
  endfacet
  facet normal 0.449611329655 -0.893224301196 0
    outer loop
      vertex 0.213777546715 -0.451994646562 0
      vertex 0.235698368413 -0.440960632174 0.3
      vertex 0.213777546715 -0.451994646562 0.3
    endloop
  endfacet
  facet normal 0.49289819223 -0.870086991109 0
    outer loop
      vertex 0.235698368413 -0.440960632174 0
      vertex 0.257051372097 -0.428864305 0
      vertex 0.257051372097 -0.428864305 0.3
    endloop
  endfacet
  facet normal 0.49289819223 -0.870086991109 0
    outer loop
      vertex 0.235698368413 -0.440960632174 0
      vertex 0.257051372097 -0.428864305 0.3
      vertex 0.235698368413 -0.440960632174 0.3
    endloop
  endfacet
  facet normal 0.534997619887 -0.84485356525 0
    outer loop
      vertex 0.257051372097 -0.428864305 0
      vertex 0.27778511651 -0.415734806151 0
      vertex 0.27778511651 -0.415734806151 0.3
    endloop
  endfacet
  facet normal 0.534997619887 -0.84485356525 0
    outer loop
      vertex 0.257051372097 -0.428864305 0
      vertex 0.27778511651 -0.415734806151 0.3
      vertex 0.257051372097 -0.428864305 0.3
    endloop
  endfacet
  facet normal 0.575808191418 -0.817584813152 0
    outer loop
      vertex 0.27778511651 -0.415734806151 0
      vertex 0.297849652246 -0.40160376574 0
      vertex 0.297849652246 -0.40160376574 0.3
    endloop
  endfacet
  facet normal 0.575808191418 -0.817584813152 0
    outer loop
      vertex 0.27778511651 -0.415734806151 0
      vertex 0.297849652246 -0.40160376574 0.3
      vertex 0.27778511651 -0.415734806151 0.3
    endloop
  endfacet
  facet normal 0.615231590581 -0.788346427627 0
    outer loop
      vertex 0.297849652246 -0.40160376574 0
      vertex 0.317196642082 -0.386505226681 0
      vertex 0.317196642082 -0.386505226681 0.3
    endloop
  endfacet
  facet normal 0.615231590581 -0.788346427627 0
    outer loop
      vertex 0.297849652246 -0.40160376574 0
      vertex 0.317196642082 -0.386505226681 0.3
      vertex 0.297849652246 -0.40160376574 0.3
    endloop
  endfacet
  facet normal 0.653172842954 -0.757208846506 0
    outer loop
      vertex 0.317196642082 -0.386505226681 0
      vertex 0.335779477424 -0.370475562677 0
      vertex 0.335779477424 -0.370475562677 0.3
    endloop
  endfacet
  facet normal 0.653172842954 -0.757208846506 0
    outer loop
      vertex 0.317196642082 -0.386505226681 0
      vertex 0.335779477424 -0.370475562677 0.3
      vertex 0.317196642082 -0.386505226681 0.3
    endloop
  endfacet
  facet normal 0.689540544737 -0.724247082951 0
    outer loop
      vertex 0.335779477424 -0.370475562677 0
      vertex 0.353553390593 -0.353553390593 0
      vertex 0.353553390593 -0.353553390593 0.3
    endloop
  endfacet
  facet normal 0.689540544737 -0.724247082951 0
    outer loop
      vertex 0.335779477424 -0.370475562677 0
      vertex 0.353553390593 -0.353553390593 0.3
      vertex 0.335779477424 -0.370475562677 0.3
    endloop
  endfacet
  facet normal 0.724247082951 -0.689540544737 0
    outer loop
      vertex 0.353553390593 -0.353553390593 0
      vertex 0.370475562677 -0.335779477424 0
      vertex 0.370475562677 -0.335779477424 0.3
    endloop
  endfacet
  facet normal 0.724247082951 -0.689540544737 0
    outer loop
      vertex 0.353553390593 -0.353553390593 0
      vertex 0.370475562677 -0.335779477424 0.3
      vertex 0.353553390593 -0.353553390593 0.3
    endloop
  endfacet
  facet normal 0.757208846506 -0.653172842954 0
    outer loop
      vertex 0.370475562677 -0.335779477424 0
      vertex 0.386505226681 -0.317196642082 0
      vertex 0.386505226681 -0.317196642082 0.3
    endloop
  endfacet
  facet normal 0.757208846506 -0.653172842954 0
    outer loop
      vertex 0.370475562677 -0.335779477424 0
      vertex 0.386505226681 -0.317196642082 0.3
      vertex 0.370475562677 -0.335779477424 0.3
    endloop
  endfacet
  facet normal 0.788346427627 -0.615231590581 0
    outer loop
      vertex 0.386505226681 -0.317196642082 0
      vertex 0.40160376574 -0.297849652246 0
      vertex 0.40160376574 -0.297849652246 0.3
    endloop
  endfacet
  facet normal 0.788346427627 -0.615231590581 0
    outer loop
      vertex 0.386505226681 -0.317196642082 0
      vertex 0.40160376574 -0.297849652246 0.3
      vertex 0.386505226681 -0.317196642082 0.3
    endloop
  endfacet
  facet normal 0.817584813152 -0.575808191418 0
    outer loop
      vertex 0.40160376574 -0.297849652246 0
      vertex 0.415734806151 -0.27778511651 0
      vertex 0.415734806151 -0.27778511651 0.3
    endloop
  endfacet
  facet normal 0.817584813152 -0.575808191418 0
    outer loop
      vertex 0.40160376574 -0.297849652246 0
      vertex 0.415734806151 -0.27778511651 0.3
      vertex 0.40160376574 -0.297849652246 0.3
    endloop
  endfacet
  facet normal 0.84485356525 -0.534997619887 0
    outer loop
      vertex 0.415734806151 -0.27778511651 0
      vertex 0.428864305 -0.257051372097 0
      vertex 0.428864305 -0.257051372097 0.3
    endloop
  endfacet
  facet normal 0.84485356525 -0.534997619887 0
    outer loop
      vertex 0.415734806151 -0.27778511651 0
      vertex 0.428864305 -0.257051372097 0.3
      vertex 0.415734806151 -0.27778511651 0.3
    endloop
  endfacet
  facet normal 0.870086991109 -0.49289819223 0
    outer loop
      vertex 0.428864305 -0.257051372097 0
      vertex 0.440960632174 -0.235698368413 0
      vertex 0.440960632174 -0.235698368413 0.3
    endloop
  endfacet
  facet normal 0.870086991109 -0.49289819223 0
    outer loop
      vertex 0.428864305 -0.257051372097 0
      vertex 0.440960632174 -0.235698368413 0.3
      vertex 0.428864305 -0.257051372097 0.3
    endloop
  endfacet
  facet normal 0.893224301196 -0.449611329655 0
    outer loop
      vertex 0.440960632174 -0.235698368413 0
      vertex 0.451994646562 -0.213777546715 0
      vertex 0.451994646562 -0.213777546715 0.3
    endloop
  endfacet
  facet normal 0.893224301196 -0.449611329655 0
    outer loop
      vertex 0.440960632174 -0.235698368413 0
      vertex 0.451994646562 -0.213777546715 0.3
      vertex 0.440960632174 -0.235698368413 0.3
    endloop
  endfacet
  facet normal 0.914209755704 -0.405241314005 0
    outer loop
      vertex 0.451994646562 -0.213777546715 0
      vertex 0.461939766256 -0.191341716183 0
      vertex 0.461939766256 -0.191341716183 0.3
    endloop
  endfacet
  facet normal 0.914209755704 -0.405241314005 0
    outer loop
      vertex 0.451994646562 -0.213777546715 0
      vertex 0.461939766256 -0.191341716183 0.3
      vertex 0.451994646562 -0.213777546715 0.3
    endloop
  endfacet
  facet normal 0.932992798835 -0.359895036535 0
    outer loop
      vertex 0.461939766256 -0.191341716183 0
      vertex 0.470772032592 -0.168444926696 0
      vertex 0.470772032592 -0.168444926696 0.3
    endloop
  endfacet
  facet normal 0.932992798835 -0.359895036535 0
    outer loop
      vertex 0.461939766256 -0.191341716183 0
      vertex 0.470772032592 -0.168444926696 0.3
      vertex 0.461939766256 -0.191341716183 0.3
    endloop
  endfacet
  facet normal 0.949528180593 -0.313681740399 0
    outer loop
      vertex 0.470772032592 -0.168444926696 0
      vertex 0.478470167866 -0.145142338627 0
      vertex 0.478470167866 -0.145142338627 0.3
    endloop
  endfacet
  facet normal 0.949528180593 -0.313681740399 0
    outer loop
      vertex 0.470772032592 -0.168444926696 0
      vertex 0.478470167866 -0.145142338627 0.3
      vertex 0.470772032592 -0.168444926696 0.3
    endloop
  endfacet
  facet normal 0.963776065795 -0.266712757475 0
    outer loop
      vertex 0.478470167866 -0.145142338627 0
      vertex 0.485015626597 -0.121490089952 0
      vertex 0.485015626597 -0.121490089952 0.3
    endloop
  endfacet
  facet normal 0.963776065795 -0.266712757475 0
    outer loop
      vertex 0.478470167866 -0.145142338627 0
      vertex 0.485015626597 -0.121490089952 0.3
      vertex 0.478470167866 -0.145142338627 0.3
    endloop
  endfacet
  facet normal 0.975702130039 -0.219101240157 0
    outer loop
      vertex 0.485015626597 -0.121490089952 0
      vertex 0.490392640202 -0.0975451610081 0
      vertex 0.490392640202 -0.0975451610081 0.3
    endloop
  endfacet
  facet normal 0.975702130039 -0.219101240157 0
    outer loop
      vertex 0.485015626597 -0.121490089952 0
      vertex 0.490392640202 -0.0975451610081 0.3
      vertex 0.485015626597 -0.121490089952 0.3
    endloop
  endfacet
  facet normal 0.985277642389 -0.17096188876 0
    outer loop
      vertex 0.490392640202 -0.0975451610081 0
      vertex 0.494588254982 -0.0733652372277 0
      vertex 0.494588254982 -0.0733652372277 0.3
    endloop
  endfacet
  facet normal 0.985277642389 -0.17096188876 0
    outer loop
      vertex 0.490392640202 -0.0975451610081 0
      vertex 0.494588254982 -0.0733652372277 0.3
      vertex 0.490392640202 -0.0975451610081 0.3
    endloop
  endfacet
  facet normal 0.992479534599 -0.122410675199 0
    outer loop
      vertex 0.494588254982 -0.0733652372277 0
      vertex 0.497592363336 -0.0490085701648 0
      vertex 0.497592363336 -0.0490085701648 0.3
    endloop
  endfacet
  facet normal 0.992479534599 -0.122410675199 0
    outer loop
      vertex 0.494588254982 -0.0733652372277 0
      vertex 0.497592363336 -0.0490085701648 0.3
      vertex 0.494588254982 -0.0733652372277 0.3
    endloop
  endfacet
  facet normal 0.997290456679 -0.0735645635997 0
    outer loop
      vertex 0.497592363336 -0.0490085701648 0
      vertex 0.499397728103 -0.0245338371637 0
      vertex 0.499397728103 -0.0245338371637 0.3
    endloop
  endfacet
  facet normal 0.997290456679 -0.0735645635997 0
    outer loop
      vertex 0.497592363336 -0.0490085701648 0
      vertex 0.499397728103 -0.0245338371637 0.3
      vertex 0.497592363336 -0.0490085701648 0.3
    endloop
  endfacet
  facet normal 0.999698818696 -0.0245412285229 0
    outer loop
      vertex 0.499397728103 -0.0245338371637 0
      vertex 0.5 -1.22464679915e-16 0
      vertex 0.5 -1.22464679915e-16 0.3
    endloop
  endfacet
  facet normal 0.999698818696 -0.0245412285229 0
    outer loop
      vertex 0.499397728103 -0.0245338371637 0
      vertex 0.5 -1.22464679915e-16 0.3
      vertex 0.499397728103 -0.0245338371637 0.3
    endloop
  endfacet
  facet normal 0.999698818696 0.0245412285229 0
    outer loop
      vertex 0.5 0 0.3
      vertex 0.499397728103 0.0245338371637 0.3
      vertex 0.499397728103 0.0245338371637 0.6
    endloop
  endfacet
  facet normal 0.999698818696 0.0245412285229 -0
    outer loop
      vertex 0.5 0 0.3
      vertex 0.499397728103 0.0245338371637 0.6
      vertex 0.5 0 0.6
    endloop
  endfacet
  facet normal 0.997290456679 0.0735645635997 0
    outer loop
      vertex 0.499397728103 0.0245338371637 0.3
      vertex 0.497592363336 0.0490085701648 0.3
      vertex 0.497592363336 0.0490085701648 0.6
    endloop
  endfacet
  facet normal 0.997290456679 0.0735645635997 -0
    outer loop
      vertex 0.499397728103 0.0245338371637 0.3
      vertex 0.497592363336 0.0490085701648 0.6
      vertex 0.499397728103 0.0245338371637 0.6
    endloop
  endfacet
  facet normal 0.992479534599 0.122410675199 0
    outer loop
      vertex 0.497592363336 0.0490085701648 0.3
      vertex 0.494588254982 0.0733652372277 0.3
      vertex 0.494588254982 0.0733652372277 0.6
    endloop
  endfacet
  facet normal 0.992479534599 0.122410675199 -0
    outer loop
      vertex 0.497592363336 0.0490085701648 0.3
      vertex 0.494588254982 0.0733652372277 0.6
      vertex 0.497592363336 0.0490085701648 0.6
    endloop
  endfacet
  facet normal 0.985277642389 0.17096188876 0
    outer loop
      vertex 0.494588254982 0.0733652372277 0.3
      vertex 0.490392640202 0.0975451610081 0.3
      vertex 0.490392640202 0.0975451610081 0.6
    endloop
  endfacet
  facet normal 0.985277642389 0.17096188876 -0
    outer loop
      vertex 0.494588254982 0.0733652372277 0.3
      vertex 0.490392640202 0.0975451610081 0.6
      vertex 0.494588254982 0.0733652372277 0.6
    endloop
  endfacet
  facet normal 0.975702130039 0.219101240157 0
    outer loop
      vertex 0.490392640202 0.0975451610081 0.3
      vertex 0.485015626597 0.121490089952 0.3
      vertex 0.485015626597 0.121490089952 0.6
    endloop
  endfacet
  facet normal 0.975702130039 0.219101240157 -0
    outer loop
      vertex 0.490392640202 0.0975451610081 0.3
      vertex 0.485015626597 0.121490089952 0.6
      vertex 0.490392640202 0.0975451610081 0.6
    endloop
  endfacet
  facet normal 0.963776065795 0.266712757475 0
    outer loop
      vertex 0.485015626597 0.121490089952 0.3
      vertex 0.478470167866 0.145142338627 0.3
      vertex 0.478470167866 0.145142338627 0.6
    endloop
  endfacet
  facet normal 0.963776065795 0.266712757475 -0
    outer loop
      vertex 0.485015626597 0.121490089952 0.3
      vertex 0.478470167866 0.145142338627 0.6
      vertex 0.485015626597 0.121490089952 0.6
    endloop
  endfacet
  facet normal 0.949528180593 0.313681740399 0
    outer loop
      vertex 0.478470167866 0.145142338627 0.3
      vertex 0.470772032592 0.168444926696 0.3
      vertex 0.470772032592 0.168444926696 0.6
    endloop
  endfacet
  facet normal 0.949528180593 0.313681740399 -0
    outer loop
      vertex 0.478470167866 0.145142338627 0.3
      vertex 0.470772032592 0.168444926696 0.6
      vertex 0.478470167866 0.145142338627 0.6
    endloop
  endfacet
  facet normal 0.932992798835 0.359895036535 0
    outer loop
      vertex 0.470772032592 0.168444926696 0.3
      vertex 0.461939766256 0.191341716183 0.3
      vertex 0.461939766256 0.191341716183 0.6
    endloop
  endfacet
  facet normal 0.932992798835 0.359895036535 -0
    outer loop
      vertex 0.470772032592 0.168444926696 0.3
      vertex 0.461939766256 0.191341716183 0.6
      vertex 0.470772032592 0.168444926696 0.6
    endloop
  endfacet
  facet normal 0.914209755704 0.405241314005 0
    outer loop
      vertex 0.461939766256 0.191341716183 0.3
      vertex 0.451994646562 0.213777546715 0.3
      vertex 0.451994646562 0.213777546715 0.6
    endloop
  endfacet
  facet normal 0.914209755704 0.405241314005 -0
    outer loop
      vertex 0.461939766256 0.191341716183 0.3
      vertex 0.451994646562 0.213777546715 0.6
      vertex 0.461939766256 0.191341716183 0.6
    endloop
  endfacet
  facet normal 0.893224301196 0.449611329655 0
    outer loop
      vertex 0.451994646562 0.213777546715 0.3
      vertex 0.440960632174 0.235698368413 0.3
      vertex 0.440960632174 0.235698368413 0.6
    endloop
  endfacet
  facet normal 0.893224301196 0.449611329655 -0
    outer loop
      vertex 0.451994646562 0.213777546715 0.3
      vertex 0.440960632174 0.235698368413 0.6
      vertex 0.451994646562 0.213777546715 0.6
    endloop
  endfacet
  facet normal 0.870086991109 0.49289819223 0
    outer loop
      vertex 0.440960632174 0.235698368413 0.3
      vertex 0.428864305 0.257051372097 0.3
      vertex 0.428864305 0.257051372097 0.6
    endloop
  endfacet
  facet normal 0.870086991109 0.49289819223 -0
    outer loop
      vertex 0.440960632174 0.235698368413 0.3
      vertex 0.428864305 0.257051372097 0.6
      vertex 0.440960632174 0.235698368413 0.6
    endloop
  endfacet
  facet normal 0.84485356525 0.534997619887 0
    outer loop
      vertex 0.428864305 0.257051372097 0.3
      vertex 0.415734806151 0.27778511651 0.3
      vertex 0.415734806151 0.27778511651 0.6
    endloop
  endfacet
  facet normal 0.84485356525 0.534997619887 -0
    outer loop
      vertex 0.428864305 0.257051372097 0.3
      vertex 0.415734806151 0.27778511651 0.6
      vertex 0.428864305 0.257051372097 0.6
    endloop
  endfacet
  facet normal 0.817584813152 0.575808191418 0
    outer loop
      vertex 0.415734806151 0.27778511651 0.3
      vertex 0.40160376574 0.297849652246 0.3
      vertex 0.40160376574 0.297849652246 0.6
    endloop
  endfacet
  facet normal 0.817584813152 0.575808191418 -0
    outer loop
      vertex 0.415734806151 0.27778511651 0.3
      vertex 0.40160376574 0.297849652246 0.6
      vertex 0.415734806151 0.27778511651 0.6
    endloop
  endfacet
  facet normal 0.788346427627 0.615231590581 0
    outer loop
      vertex 0.40160376574 0.297849652246 0.3
      vertex 0.386505226681 0.317196642082 0.3
      vertex 0.386505226681 0.317196642082 0.6
    endloop
  endfacet
  facet normal 0.788346427627 0.615231590581 -0
    outer loop
      vertex 0.40160376574 0.297849652246 0.3
      vertex 0.386505226681 0.317196642082 0.6
      vertex 0.40160376574 0.297849652246 0.6
    endloop
  endfacet
  facet normal 0.757208846506 0.653172842954 0
    outer loop
      vertex 0.386505226681 0.317196642082 0.3
      vertex 0.370475562677 0.335779477424 0.3
      vertex 0.370475562677 0.335779477424 0.6
    endloop
  endfacet
  facet normal 0.757208846506 0.653172842954 -0
    outer loop
      vertex 0.386505226681 0.317196642082 0.3
      vertex 0.370475562677 0.335779477424 0.6
      vertex 0.386505226681 0.317196642082 0.6
    endloop
  endfacet
  facet normal 0.724247082951 0.689540544737 0
    outer loop
      vertex 0.370475562677 0.335779477424 0.3
      vertex 0.353553390593 0.353553390593 0.3
      vertex 0.353553390593 0.353553390593 0.6
    endloop
  endfacet
  facet normal 0.724247082951 0.689540544737 -0
    outer loop
      vertex 0.370475562677 0.335779477424 0.3
      vertex 0.353553390593 0.353553390593 0.6
      vertex 0.370475562677 0.335779477424 0.6
    endloop
  endfacet
  facet normal 0.689540544737 0.724247082951 0
    outer loop
      vertex 0.353553390593 0.353553390593 0.3
      vertex 0.335779477424 0.370475562677 0.3
      vertex 0.335779477424 0.370475562677 0.6
    endloop
  endfacet
  facet normal 0.689540544737 0.724247082951 -0
    outer loop
      vertex 0.353553390593 0.353553390593 0.3
      vertex 0.335779477424 0.370475562677 0.6
      vertex 0.353553390593 0.353553390593 0.6
    endloop
  endfacet
  facet normal 0.653172842954 0.757208846506 0
    outer loop
      vertex 0.335779477424 0.370475562677 0.3
      vertex 0.317196642082 0.386505226681 0.3
      vertex 0.317196642082 0.386505226681 0.6
    endloop
  endfacet
  facet normal 0.653172842954 0.757208846506 -0
    outer loop
      vertex 0.335779477424 0.370475562677 0.3
      vertex 0.317196642082 0.386505226681 0.6
      vertex 0.335779477424 0.370475562677 0.6
    endloop
  endfacet
  facet normal 0.615231590581 0.788346427627 0
    outer loop
      vertex 0.317196642082 0.386505226681 0.3
      vertex 0.297849652246 0.40160376574 0.3
      vertex 0.297849652246 0.40160376574 0.6
    endloop
  endfacet
  facet normal 0.615231590581 0.788346427627 -0
    outer loop
      vertex 0.317196642082 0.386505226681 0.3
      vertex 0.297849652246 0.40160376574 0.6
      vertex 0.317196642082 0.386505226681 0.6
    endloop
  endfacet
  facet normal 0.575808191418 0.817584813152 0
    outer loop
      vertex 0.297849652246 0.40160376574 0.3
      vertex 0.27778511651 0.415734806151 0.3
      vertex 0.27778511651 0.415734806151 0.6
    endloop
  endfacet
  facet normal 0.575808191418 0.817584813152 -0
    outer loop
      vertex 0.297849652246 0.40160376574 0.3
      vertex 0.27778511651 0.415734806151 0.6
      vertex 0.297849652246 0.40160376574 0.6
    endloop
  endfacet
  facet normal 0.534997619887 0.84485356525 0
    outer loop
      vertex 0.27778511651 0.415734806151 0.3
      vertex 0.257051372097 0.428864305 0.3
      vertex 0.257051372097 0.428864305 0.6
    endloop
  endfacet
  facet normal 0.534997619887 0.84485356525 -0
    outer loop
      vertex 0.27778511651 0.415734806151 0.3
      vertex 0.257051372097 0.428864305 0.6
      vertex 0.27778511651 0.415734806151 0.6
    endloop
  endfacet
  facet normal 0.49289819223 0.870086991109 0
    outer loop
      vertex 0.257051372097 0.428864305 0.3
      vertex 0.235698368413 0.440960632174 0.3
      vertex 0.235698368413 0.440960632174 0.6
    endloop
  endfacet
  facet normal 0.49289819223 0.870086991109 -0
    outer loop
      vertex 0.257051372097 0.428864305 0.3
      vertex 0.235698368413 0.440960632174 0.6
      vertex 0.257051372097 0.428864305 0.6
    endloop
  endfacet
  facet normal 0.449611329655 0.893224301196 0
    outer loop
      vertex 0.235698368413 0.440960632174 0.3
      vertex 0.213777546715 0.451994646562 0.3
      vertex 0.213777546715 0.451994646562 0.6
    endloop
  endfacet
  facet normal 0.449611329655 0.893224301196 -0
    outer loop
      vertex 0.235698368413 0.440960632174 0.3
      vertex 0.213777546715 0.451994646562 0.6
      vertex 0.235698368413 0.440960632174 0.6
    endloop
  endfacet
  facet normal 0.405241314005 0.914209755704 0
    outer loop
      vertex 0.213777546715 0.451994646562 0.3
      vertex 0.191341716183 0.461939766256 0.3
      vertex 0.191341716183 0.461939766256 0.6
    endloop
  endfacet
  facet normal 0.405241314005 0.914209755704 -0
    outer loop
      vertex 0.213777546715 0.451994646562 0.3
      vertex 0.191341716183 0.461939766256 0.6
      vertex 0.213777546715 0.451994646562 0.6
    endloop
  endfacet
  facet normal 0.359895036535 0.932992798835 0
    outer loop
      vertex 0.191341716183 0.461939766256 0.3
      vertex 0.168444926696 0.470772032592 0.3
      vertex 0.168444926696 0.470772032592 0.6
    endloop
  endfacet
  facet normal 0.359895036535 0.932992798835 -0
    outer loop
      vertex 0.191341716183 0.461939766256 0.3
      vertex 0.168444926696 0.470772032592 0.6
      vertex 0.191341716183 0.461939766256 0.6
    endloop
  endfacet
  facet normal 0.313681740399 0.949528180593 0
    outer loop
      vertex 0.168444926696 0.470772032592 0.3
      vertex 0.145142338627 0.478470167866 0.3
      vertex 0.145142338627 0.478470167866 0.6
    endloop
  endfacet
  facet normal 0.313681740399 0.949528180593 -0
    outer loop
      vertex 0.168444926696 0.470772032592 0.3
      vertex 0.145142338627 0.478470167866 0.6
      vertex 0.168444926696 0.470772032592 0.6
    endloop
  endfacet
  facet normal 0.266712757475 0.963776065795 0
    outer loop
      vertex 0.145142338627 0.478470167866 0.3
      vertex 0.121490089952 0.485015626597 0.3
      vertex 0.121490089952 0.485015626597 0.6
    endloop
  endfacet
  facet normal 0.266712757475 0.963776065795 -0
    outer loop
      vertex 0.145142338627 0.478470167866 0.3
      vertex 0.121490089952 0.485015626597 0.6
      vertex 0.145142338627 0.478470167866 0.6
    endloop
  endfacet
  facet normal 0.219101240157 0.975702130039 0
    outer loop
      vertex 0.121490089952 0.485015626597 0.3
      vertex 0.0975451610081 0.490392640202 0.3
      vertex 0.0975451610081 0.490392640202 0.6
    endloop
  endfacet
  facet normal 0.219101240157 0.975702130039 -0
    outer loop
      vertex 0.121490089952 0.485015626597 0.3
      vertex 0.0975451610081 0.490392640202 0.6
      vertex 0.121490089952 0.485015626597 0.6
    endloop
  endfacet
  facet normal 0.17096188876 0.985277642389 0
    outer loop
      vertex 0.0975451610081 0.490392640202 0.3
      vertex 0.0733652372277 0.494588254982 0.3
      vertex 0.0733652372277 0.494588254982 0.6
    endloop
  endfacet
  facet normal 0.17096188876 0.985277642389 -0
    outer loop
      vertex 0.0975451610081 0.490392640202 0.3
      vertex 0.0733652372277 0.494588254982 0.6
      vertex 0.0975451610081 0.490392640202 0.6
    endloop
  endfacet
  facet normal 0.122410675199 0.992479534599 0
    outer loop
      vertex 0.0733652372277 0.494588254982 0.3
      vertex 0.0490085701648 0.497592363336 0.3
      vertex 0.0490085701648 0.497592363336 0.6
    endloop
  endfacet
  facet normal 0.122410675199 0.992479534599 -0
    outer loop
      vertex 0.0733652372277 0.494588254982 0.3
      vertex 0.0490085701648 0.497592363336 0.6
      vertex 0.0733652372277 0.494588254982 0.6
    endloop
  endfacet
  facet normal 0.0735645635997 0.997290456679 0
    outer loop
      vertex 0.0490085701648 0.497592363336 0.3
      vertex 0.0245338371637 0.499397728103 0.3
      vertex 0.0245338371637 0.499397728103 0.6
    endloop
  endfacet
  facet normal 0.0735645635997 0.997290456679 -0
    outer loop
      vertex 0.0490085701648 0.497592363336 0.3
      vertex 0.0245338371637 0.499397728103 0.6
      vertex 0.0490085701648 0.497592363336 0.6
    endloop
  endfacet
  facet normal 0.0245412285229 0.999698818696 0
    outer loop
      vertex 0.0245338371637 0.499397728103 0.3
      vertex 3.06161699787e-17 0.5 0.3
      vertex 3.06161699787e-17 0.5 0.6
    endloop
  endfacet
  facet normal 0.0245412285229 0.999698818696 -0
    outer loop
      vertex 0.0245338371637 0.499397728103 0.3
      vertex 3.06161699787e-17 0.5 0.6
      vertex 0.0245338371637 0.499397728103 0.6
    endloop
  endfacet
  facet normal -0.0245412285229 0.999698818696 0
    outer loop
      vertex 3.06161699787e-17 0.5 0.3
      vertex -0.0245338371637 0.499397728103 0.3
      vertex -0.0245338371637 0.499397728103 0.6
    endloop
  endfacet
  facet normal -0.0245412285229 0.999698818696 0
    outer loop
      vertex 3.06161699787e-17 0.5 0.3
      vertex -0.0245338371637 0.499397728103 0.6
      vertex 3.06161699787e-17 0.5 0.6
    endloop
  endfacet
  facet normal -0.0735645635997 0.997290456679 0
    outer loop
      vertex -0.0245338371637 0.499397728103 0.3
      vertex -0.0490085701648 0.497592363336 0.3
      vertex -0.0490085701648 0.497592363336 0.6
    endloop
  endfacet
  facet normal -0.0735645635997 0.997290456679 0
    outer loop
      vertex -0.0245338371637 0.499397728103 0.3
      vertex -0.0490085701648 0.497592363336 0.6
      vertex -0.0245338371637 0.499397728103 0.6
    endloop
  endfacet
  facet normal -0.122410675199 0.992479534599 0
    outer loop
      vertex -0.0490085701648 0.497592363336 0.3
      vertex -0.0733652372277 0.494588254982 0.3
      vertex -0.0733652372277 0.494588254982 0.6
    endloop
  endfacet
  facet normal -0.122410675199 0.992479534599 0
    outer loop
      vertex -0.0490085701648 0.497592363336 0.3
      vertex -0.0733652372277 0.494588254982 0.6
      vertex -0.0490085701648 0.497592363336 0.6
    endloop
  endfacet
  facet normal -0.17096188876 0.985277642389 0
    outer loop
      vertex -0.0733652372277 0.494588254982 0.3
      vertex -0.0975451610081 0.490392640202 0.3
      vertex -0.0975451610081 0.490392640202 0.6
    endloop
  endfacet
  facet normal -0.17096188876 0.985277642389 0
    outer loop
      vertex -0.0733652372277 0.494588254982 0.3
      vertex -0.0975451610081 0.490392640202 0.6
      vertex -0.0733652372277 0.494588254982 0.6
    endloop
  endfacet
  facet normal -0.219101240157 0.975702130039 0
    outer loop
      vertex -0.0975451610081 0.490392640202 0.3
      vertex -0.121490089952 0.485015626597 0.3
      vertex -0.121490089952 0.485015626597 0.6
    endloop
  endfacet
  facet normal -0.219101240157 0.975702130039 0
    outer loop
      vertex -0.0975451610081 0.490392640202 0.3
      vertex -0.121490089952 0.485015626597 0.6
      vertex -0.0975451610081 0.490392640202 0.6
    endloop
  endfacet
  facet normal -0.266712757475 0.963776065795 0
    outer loop
      vertex -0.121490089952 0.485015626597 0.3
      vertex -0.145142338627 0.478470167866 0.3
      vertex -0.145142338627 0.478470167866 0.6
    endloop
  endfacet
  facet normal -0.266712757475 0.963776065795 0
    outer loop
      vertex -0.121490089952 0.485015626597 0.3
      vertex -0.145142338627 0.478470167866 0.6
      vertex -0.121490089952 0.485015626597 0.6
    endloop
  endfacet
  facet normal -0.313681740399 0.949528180593 0
    outer loop
      vertex -0.145142338627 0.478470167866 0.3
      vertex -0.168444926696 0.470772032592 0.3
      vertex -0.168444926696 0.470772032592 0.6
    endloop
  endfacet
  facet normal -0.313681740399 0.949528180593 0
    outer loop
      vertex -0.145142338627 0.478470167866 0.3
      vertex -0.168444926696 0.470772032592 0.6
      vertex -0.145142338627 0.478470167866 0.6
    endloop
  endfacet
  facet normal -0.359895036535 0.932992798835 0
    outer loop
      vertex -0.168444926696 0.470772032592 0.3
      vertex -0.191341716183 0.461939766256 0.3
      vertex -0.191341716183 0.461939766256 0.6
    endloop
  endfacet
  facet normal -0.359895036535 0.932992798835 0
    outer loop
      vertex -0.168444926696 0.470772032592 0.3
      vertex -0.191341716183 0.461939766256 0.6
      vertex -0.168444926696 0.470772032592 0.6
    endloop
  endfacet
  facet normal -0.405241314005 0.914209755704 0
    outer loop
      vertex -0.191341716183 0.461939766256 0.3
      vertex -0.213777546715 0.451994646562 0.3
      vertex -0.213777546715 0.451994646562 0.6
    endloop
  endfacet
  facet normal -0.405241314005 0.914209755704 0
    outer loop
      vertex -0.191341716183 0.461939766256 0.3
      vertex -0.213777546715 0.451994646562 0.6
      vertex -0.191341716183 0.461939766256 0.6
    endloop
  endfacet
  facet normal -0.449611329655 0.893224301196 0
    outer loop
      vertex -0.213777546715 0.451994646562 0.3
      vertex -0.235698368413 0.440960632174 0.3
      vertex -0.235698368413 0.440960632174 0.6
    endloop
  endfacet
  facet normal -0.449611329655 0.893224301196 0
    outer loop
      vertex -0.213777546715 0.451994646562 0.3
      vertex -0.235698368413 0.440960632174 0.6
      vertex -0.213777546715 0.451994646562 0.6
    endloop
  endfacet
  facet normal -0.49289819223 0.870086991109 0
    outer loop
      vertex -0.235698368413 0.440960632174 0.3
      vertex -0.257051372097 0.428864305 0.3
      vertex -0.257051372097 0.428864305 0.6
    endloop
  endfacet
  facet normal -0.49289819223 0.870086991109 0
    outer loop
      vertex -0.235698368413 0.440960632174 0.3
      vertex -0.257051372097 0.428864305 0.6
      vertex -0.235698368413 0.440960632174 0.6
    endloop
  endfacet
  facet normal -0.534997619887 0.84485356525 0
    outer loop
      vertex -0.257051372097 0.428864305 0.3
      vertex -0.27778511651 0.415734806151 0.3
      vertex -0.27778511651 0.415734806151 0.6
    endloop
  endfacet
  facet normal -0.534997619887 0.84485356525 0
    outer loop
      vertex -0.257051372097 0.428864305 0.3
      vertex -0.27778511651 0.415734806151 0.6
      vertex -0.257051372097 0.428864305 0.6
    endloop
  endfacet
  facet normal -0.575808191418 0.817584813152 0
    outer loop
      vertex -0.27778511651 0.415734806151 0.3
      vertex -0.297849652246 0.40160376574 0.3
      vertex -0.297849652246 0.40160376574 0.6
    endloop
  endfacet
  facet normal -0.575808191418 0.817584813152 0
    outer loop
      vertex -0.27778511651 0.415734806151 0.3
      vertex -0.297849652246 0.40160376574 0.6
      vertex -0.27778511651 0.415734806151 0.6
    endloop
  endfacet
  facet normal -0.615231590581 0.788346427627 0
    outer loop
      vertex -0.297849652246 0.40160376574 0.3
      vertex -0.317196642082 0.386505226681 0.3
      vertex -0.317196642082 0.386505226681 0.6
    endloop
  endfacet
  facet normal -0.615231590581 0.788346427627 0
    outer loop
      vertex -0.297849652246 0.40160376574 0.3
      vertex -0.317196642082 0.386505226681 0.6
      vertex -0.297849652246 0.40160376574 0.6
    endloop
  endfacet
  facet normal -0.653172842954 0.757208846506 0
    outer loop
      vertex -0.317196642082 0.386505226681 0.3
      vertex -0.335779477424 0.370475562677 0.3
      vertex -0.335779477424 0.370475562677 0.6
    endloop
  endfacet
  facet normal -0.653172842954 0.757208846506 0
    outer loop
      vertex -0.317196642082 0.386505226681 0.3
      vertex -0.335779477424 0.370475562677 0.6
      vertex -0.317196642082 0.386505226681 0.6
    endloop
  endfacet
  facet normal -0.689540544737 0.724247082951 0
    outer loop
      vertex -0.335779477424 0.370475562677 0.3
      vertex -0.353553390593 0.353553390593 0.3
      vertex -0.353553390593 0.353553390593 0.6
    endloop
  endfacet
  facet normal -0.689540544737 0.724247082951 0
    outer loop
      vertex -0.335779477424 0.370475562677 0.3
      vertex -0.353553390593 0.353553390593 0.6
      vertex -0.335779477424 0.370475562677 0.6
    endloop
  endfacet
  facet normal -0.724247082951 0.689540544737 0
    outer loop
      vertex -0.353553390593 0.353553390593 0.3
      vertex -0.370475562677 0.335779477424 0.3
      vertex -0.370475562677 0.335779477424 0.6
    endloop
  endfacet
  facet normal -0.724247082951 0.689540544737 0
    outer loop
      vertex -0.353553390593 0.353553390593 0.3
      vertex -0.370475562677 0.335779477424 0.6
      vertex -0.353553390593 0.353553390593 0.6
    endloop
  endfacet
  facet normal -0.757208846506 0.653172842954 0
    outer loop
      vertex -0.370475562677 0.335779477424 0.3
      vertex -0.386505226681 0.317196642082 0.3
      vertex -0.386505226681 0.317196642082 0.6
    endloop
  endfacet
  facet normal -0.757208846506 0.653172842954 0
    outer loop
      vertex -0.370475562677 0.335779477424 0.3
      vertex -0.386505226681 0.317196642082 0.6
      vertex -0.370475562677 0.335779477424 0.6
    endloop
  endfacet
  facet normal -0.788346427627 0.615231590581 0
    outer loop
      vertex -0.386505226681 0.317196642082 0.3
      vertex -0.40160376574 0.297849652246 0.3
      vertex -0.40160376574 0.297849652246 0.6
    endloop
  endfacet
  facet normal -0.788346427627 0.615231590581 0
    outer loop
      vertex -0.386505226681 0.317196642082 0.3
      vertex -0.40160376574 0.297849652246 0.6
      vertex -0.386505226681 0.317196642082 0.6
    endloop
  endfacet
  facet normal -0.817584813152 0.575808191418 0
    outer loop
      vertex -0.40160376574 0.297849652246 0.3
      vertex -0.415734806151 0.27778511651 0.3
      vertex -0.415734806151 0.27778511651 0.6
    endloop
  endfacet
  facet normal -0.817584813152 0.575808191418 0
    outer loop
      vertex -0.40160376574 0.297849652246 0.3
      vertex -0.415734806151 0.27778511651 0.6
      vertex -0.40160376574 0.297849652246 0.6
    endloop
  endfacet
  facet normal -0.84485356525 0.534997619887 0
    outer loop
      vertex -0.415734806151 0.27778511651 0.3
      vertex -0.428864305 0.257051372097 0.3
      vertex -0.428864305 0.257051372097 0.6
    endloop
  endfacet
  facet normal -0.84485356525 0.534997619887 0
    outer loop
      vertex -0.415734806151 0.27778511651 0.3
      vertex -0.428864305 0.257051372097 0.6
      vertex -0.415734806151 0.27778511651 0.6
    endloop
  endfacet
  facet normal -0.870086991109 0.49289819223 0
    outer loop
      vertex -0.428864305 0.257051372097 0.3
      vertex -0.440960632174 0.235698368413 0.3
      vertex -0.440960632174 0.235698368413 0.6
    endloop
  endfacet
  facet normal -0.870086991109 0.49289819223 0
    outer loop
      vertex -0.428864305 0.257051372097 0.3
      vertex -0.440960632174 0.235698368413 0.6
      vertex -0.428864305 0.257051372097 0.6
    endloop
  endfacet
  facet normal -0.893224301196 0.449611329655 0
    outer loop
      vertex -0.440960632174 0.235698368413 0.3
      vertex -0.451994646562 0.213777546715 0.3
      vertex -0.451994646562 0.213777546715 0.6
    endloop
  endfacet
  facet normal -0.893224301196 0.449611329655 0
    outer loop
      vertex -0.440960632174 0.235698368413 0.3
      vertex -0.451994646562 0.213777546715 0.6
      vertex -0.440960632174 0.235698368413 0.6
    endloop
  endfacet
  facet normal -0.914209755704 0.405241314005 0
    outer loop
      vertex -0.451994646562 0.213777546715 0.3
      vertex -0.461939766256 0.191341716183 0.3
      vertex -0.461939766256 0.191341716183 0.6
    endloop
  endfacet
  facet normal -0.914209755704 0.405241314005 0
    outer loop
      vertex -0.451994646562 0.213777546715 0.3
      vertex -0.461939766256 0.191341716183 0.6
      vertex -0.451994646562 0.213777546715 0.6
    endloop
  endfacet
  facet normal -0.932992798835 0.359895036535 0
    outer loop
      vertex -0.461939766256 0.191341716183 0.3
      vertex -0.470772032592 0.168444926696 0.3
      vertex -0.470772032592 0.168444926696 0.6
    endloop
  endfacet
  facet normal -0.932992798835 0.359895036535 0
    outer loop
      vertex -0.461939766256 0.191341716183 0.3
      vertex -0.470772032592 0.168444926696 0.6
      vertex -0.461939766256 0.191341716183 0.6
    endloop
  endfacet
  facet normal -0.949528180593 0.313681740399 0
    outer loop
      vertex -0.470772032592 0.168444926696 0.3
      vertex -0.478470167866 0.145142338627 0.3
      vertex -0.478470167866 0.145142338627 0.6
    endloop
  endfacet
  facet normal -0.949528180593 0.313681740399 0
    outer loop
      vertex -0.470772032592 0.168444926696 0.3
      vertex -0.478470167866 0.145142338627 0.6
      vertex -0.470772032592 0.168444926696 0.6
    endloop
  endfacet
  facet normal -0.963776065795 0.266712757475 0
    outer loop
      vertex -0.478470167866 0.145142338627 0.3
      vertex -0.485015626597 0.121490089952 0.3
      vertex -0.485015626597 0.121490089952 0.6
    endloop
  endfacet
  facet normal -0.963776065795 0.266712757475 0
    outer loop
      vertex -0.478470167866 0.145142338627 0.3
      vertex -0.485015626597 0.121490089952 0.6
      vertex -0.478470167866 0.145142338627 0.6
    endloop
  endfacet
  facet normal -0.975702130039 0.219101240157 0
    outer loop
      vertex -0.485015626597 0.121490089952 0.3
      vertex -0.490392640202 0.0975451610081 0.3
      vertex -0.490392640202 0.0975451610081 0.6
    endloop
  endfacet
  facet normal -0.975702130039 0.219101240157 0
    outer loop
      vertex -0.485015626597 0.121490089952 0.3
      vertex -0.490392640202 0.0975451610081 0.6
      vertex -0.485015626597 0.121490089952 0.6
    endloop
  endfacet
  facet normal -0.985277642389 0.17096188876 0
    outer loop
      vertex -0.490392640202 0.0975451610081 0.3
      vertex -0.494588254982 0.0733652372277 0.3
      vertex -0.494588254982 0.0733652372277 0.6
    endloop
  endfacet
  facet normal -0.985277642389 0.17096188876 0
    outer loop
      vertex -0.490392640202 0.0975451610081 0.3
      vertex -0.494588254982 0.0733652372277 0.6
      vertex -0.490392640202 0.0975451610081 0.6
    endloop
  endfacet
  facet normal -0.992479534599 0.122410675199 0
    outer loop
      vertex -0.494588254982 0.0733652372277 0.3
      vertex -0.497592363336 0.0490085701648 0.3
      vertex -0.497592363336 0.0490085701648 0.6
    endloop
  endfacet
  facet normal -0.992479534599 0.122410675199 0
    outer loop
      vertex -0.494588254982 0.0733652372277 0.3
      vertex -0.497592363336 0.0490085701648 0.6
      vertex -0.494588254982 0.0733652372277 0.6
    endloop
  endfacet
  facet normal -0.997290456679 0.0735645635997 0
    outer loop
      vertex -0.497592363336 0.0490085701648 0.3
      vertex -0.499397728103 0.0245338371637 0.3
      vertex -0.499397728103 0.0245338371637 0.6
    endloop
  endfacet
  facet normal -0.997290456679 0.0735645635997 0
    outer loop
      vertex -0.497592363336 0.0490085701648 0.3
      vertex -0.499397728103 0.0245338371637 0.6
      vertex -0.497592363336 0.0490085701648 0.6
    endloop
  endfacet
  facet normal -0.999698818696 0.0245412285229 0
    outer loop
      vertex -0.499397728103 0.0245338371637 0.3
      vertex -0.5 6.12323399574e-17 0.3
      vertex -0.5 6.12323399574e-17 0.6
    endloop
  endfacet
  facet normal -0.999698818696 0.0245412285229 0
    outer loop
      vertex -0.499397728103 0.0245338371637 0.3
      vertex -0.5 6.12323399574e-17 0.6
      vertex -0.499397728103 0.0245338371637 0.6
    endloop
  endfacet
  facet normal -0.999698818696 -0.0245412285229 0
    outer loop
      vertex -0.5 6.12323399574e-17 0.3
      vertex -0.499397728103 -0.0245338371637 0.3
      vertex -0.499397728103 -0.0245338371637 0.6
    endloop
  endfacet
  facet normal -0.999698818696 -0.0245412285229 0
    outer loop
      vertex -0.5 6.12323399574e-17 0.3
      vertex -0.499397728103 -0.0245338371637 0.6
      vertex -0.5 6.12323399574e-17 0.6
    endloop
  endfacet
  facet normal -0.997290456679 -0.0735645635997 0
    outer loop
      vertex -0.499397728103 -0.0245338371637 0.3
      vertex -0.497592363336 -0.0490085701648 0.3
      vertex -0.497592363336 -0.0490085701648 0.6
    endloop
  endfacet
  facet normal -0.997290456679 -0.0735645635997 0
    outer loop
      vertex -0.499397728103 -0.0245338371637 0.3
      vertex -0.497592363336 -0.0490085701648 0.6
      vertex -0.499397728103 -0.0245338371637 0.6
    endloop
  endfacet
  facet normal -0.992479534599 -0.122410675199 0
    outer loop
      vertex -0.497592363336 -0.0490085701648 0.3
      vertex -0.494588254982 -0.0733652372277 0.3
      vertex -0.494588254982 -0.0733652372277 0.6
    endloop
  endfacet
  facet normal -0.992479534599 -0.122410675199 0
    outer loop
      vertex -0.497592363336 -0.0490085701648 0.3
      vertex -0.494588254982 -0.0733652372277 0.6
      vertex -0.497592363336 -0.0490085701648 0.6
    endloop
  endfacet
  facet normal -0.985277642389 -0.17096188876 0
    outer loop
      vertex -0.494588254982 -0.0733652372277 0.3
      vertex -0.490392640202 -0.0975451610081 0.3
      vertex -0.490392640202 -0.0975451610081 0.6
    endloop
  endfacet
  facet normal -0.985277642389 -0.17096188876 0
    outer loop
      vertex -0.494588254982 -0.0733652372277 0.3
      vertex -0.490392640202 -0.0975451610081 0.6
      vertex -0.494588254982 -0.0733652372277 0.6
    endloop
  endfacet
  facet normal -0.975702130039 -0.219101240157 0
    outer loop
      vertex -0.490392640202 -0.0975451610081 0.3
      vertex -0.485015626597 -0.121490089952 0.3
      vertex -0.485015626597 -0.121490089952 0.6
    endloop
  endfacet
  facet normal -0.975702130039 -0.219101240157 0
    outer loop
      vertex -0.490392640202 -0.0975451610081 0.3
      vertex -0.485015626597 -0.121490089952 0.6
      vertex -0.490392640202 -0.0975451610081 0.6
    endloop
  endfacet
  facet normal -0.963776065795 -0.266712757475 0
    outer loop
      vertex -0.485015626597 -0.121490089952 0.3
      vertex -0.478470167866 -0.145142338627 0.3
      vertex -0.478470167866 -0.145142338627 0.6
    endloop
  endfacet
  facet normal -0.963776065795 -0.266712757475 0
    outer loop
      vertex -0.485015626597 -0.121490089952 0.3
      vertex -0.478470167866 -0.145142338627 0.6
      vertex -0.485015626597 -0.121490089952 0.6
    endloop
  endfacet
  facet normal -0.949528180593 -0.313681740399 0
    outer loop
      vertex -0.478470167866 -0.145142338627 0.3
      vertex -0.470772032592 -0.168444926696 0.3
      vertex -0.470772032592 -0.168444926696 0.6
    endloop
  endfacet
  facet normal -0.949528180593 -0.313681740399 0
    outer loop
      vertex -0.478470167866 -0.145142338627 0.3
      vertex -0.470772032592 -0.168444926696 0.6
      vertex -0.478470167866 -0.145142338627 0.6
    endloop
  endfacet
  facet normal -0.932992798835 -0.359895036535 0
    outer loop
      vertex -0.470772032592 -0.168444926696 0.3
      vertex -0.461939766256 -0.191341716183 0.3
      vertex -0.461939766256 -0.191341716183 0.6
    endloop
  endfacet
  facet normal -0.932992798835 -0.359895036535 0
    outer loop
      vertex -0.470772032592 -0.168444926696 0.3
      vertex -0.461939766256 -0.191341716183 0.6
      vertex -0.470772032592 -0.168444926696 0.6
    endloop
  endfacet
  facet normal -0.914209755704 -0.405241314005 0
    outer loop
      vertex -0.461939766256 -0.191341716183 0.3
      vertex -0.451994646562 -0.213777546715 0.3
      vertex -0.451994646562 -0.213777546715 0.6
    endloop
  endfacet
  facet normal -0.914209755704 -0.405241314005 0
    outer loop
      vertex -0.461939766256 -0.191341716183 0.3
      vertex -0.451994646562 -0.213777546715 0.6
      vertex -0.461939766256 -0.191341716183 0.6
    endloop
  endfacet
  facet normal -0.893224301196 -0.449611329655 0
    outer loop
      vertex -0.451994646562 -0.213777546715 0.3
      vertex -0.440960632174 -0.235698368413 0.3
      vertex -0.440960632174 -0.235698368413 0.6
    endloop
  endfacet
  facet normal -0.893224301196 -0.449611329655 0
    outer loop
      vertex -0.451994646562 -0.213777546715 0.3
      vertex -0.440960632174 -0.235698368413 0.6
      vertex -0.451994646562 -0.213777546715 0.6
    endloop
  endfacet
  facet normal -0.870086991109 -0.49289819223 0
    outer loop
      vertex -0.440960632174 -0.235698368413 0.3
      vertex -0.428864305 -0.257051372097 0.3
      vertex -0.428864305 -0.257051372097 0.6
    endloop
  endfacet
  facet normal -0.870086991109 -0.49289819223 0
    outer loop
      vertex -0.440960632174 -0.235698368413 0.3
      vertex -0.428864305 -0.257051372097 0.6
      vertex -0.440960632174 -0.235698368413 0.6
    endloop
  endfacet
  facet normal -0.84485356525 -0.534997619887 0
    outer loop
      vertex -0.428864305 -0.257051372097 0.3
      vertex -0.415734806151 -0.27778511651 0.3
      vertex -0.415734806151 -0.27778511651 0.6
    endloop
  endfacet
  facet normal -0.84485356525 -0.534997619887 0
    outer loop
      vertex -0.428864305 -0.257051372097 0.3
      vertex -0.415734806151 -0.27778511651 0.6
      vertex -0.428864305 -0.257051372097 0.6
    endloop
  endfacet
  facet normal -0.817584813152 -0.575808191418 0
    outer loop
      vertex -0.415734806151 -0.27778511651 0.3
      vertex -0.40160376574 -0.297849652246 0.3
      vertex -0.40160376574 -0.297849652246 0.6
    endloop
  endfacet
  facet normal -0.817584813152 -0.575808191418 0
    outer loop
      vertex -0.415734806151 -0.27778511651 0.3
      vertex -0.40160376574 -0.297849652246 0.6
      vertex -0.415734806151 -0.27778511651 0.6
    endloop
  endfacet
  facet normal -0.788346427627 -0.615231590581 0
    outer loop
      vertex -0.40160376574 -0.297849652246 0.3
      vertex -0.386505226681 -0.317196642082 0.3
      vertex -0.386505226681 -0.317196642082 0.6
    endloop
  endfacet
  facet normal -0.788346427627 -0.615231590581 0
    outer loop
      vertex -0.40160376574 -0.297849652246 0.3
      vertex -0.386505226681 -0.317196642082 0.6
      vertex -0.40160376574 -0.297849652246 0.6
    endloop
  endfacet
  facet normal -0.757208846506 -0.653172842954 0
    outer loop
      vertex -0.386505226681 -0.317196642082 0.3
      vertex -0.370475562677 -0.335779477424 0.3
      vertex -0.370475562677 -0.335779477424 0.6
    endloop
  endfacet
  facet normal -0.757208846506 -0.653172842954 0
    outer loop
      vertex -0.386505226681 -0.317196642082 0.3
      vertex -0.370475562677 -0.335779477424 0.6
      vertex -0.386505226681 -0.317196642082 0.6
    endloop
  endfacet
  facet normal -0.724247082951 -0.689540544737 0
    outer loop
      vertex -0.370475562677 -0.335779477424 0.3
      vertex -0.353553390593 -0.353553390593 0.3
      vertex -0.353553390593 -0.353553390593 0.6
    endloop
  endfacet
  facet normal -0.724247082951 -0.689540544737 0
    outer loop
      vertex -0.370475562677 -0.335779477424 0.3
      vertex -0.353553390593 -0.353553390593 0.6
      vertex -0.370475562677 -0.335779477424 0.6
    endloop
  endfacet
  facet normal -0.689540544737 -0.724247082951 0
    outer loop
      vertex -0.353553390593 -0.353553390593 0.3
      vertex -0.335779477424 -0.370475562677 0.3
      vertex -0.335779477424 -0.370475562677 0.6
    endloop
  endfacet
  facet normal -0.689540544737 -0.724247082951 0
    outer loop
      vertex -0.353553390593 -0.353553390593 0.3
      vertex -0.335779477424 -0.370475562677 0.6
      vertex -0.353553390593 -0.353553390593 0.6
    endloop
  endfacet
  facet normal -0.653172842954 -0.757208846506 0
    outer loop
      vertex -0.335779477424 -0.370475562677 0.3
      vertex -0.317196642082 -0.386505226681 0.3
      vertex -0.317196642082 -0.386505226681 0.6
    endloop
  endfacet
  facet normal -0.653172842954 -0.757208846506 0
    outer loop
      vertex -0.335779477424 -0.370475562677 0.3
      vertex -0.317196642082 -0.386505226681 0.6
      vertex -0.335779477424 -0.370475562677 0.6
    endloop
  endfacet
  facet normal -0.615231590581 -0.788346427627 0
    outer loop
      vertex -0.317196642082 -0.386505226681 0.3
      vertex -0.297849652246 -0.40160376574 0.3
      vertex -0.297849652246 -0.40160376574 0.6
    endloop
  endfacet
  facet normal -0.615231590581 -0.788346427627 0
    outer loop
      vertex -0.317196642082 -0.386505226681 0.3
      vertex -0.297849652246 -0.40160376574 0.6
      vertex -0.317196642082 -0.386505226681 0.6
    endloop
  endfacet
  facet normal -0.575808191418 -0.817584813152 0
    outer loop
      vertex -0.297849652246 -0.40160376574 0.3
      vertex -0.27778511651 -0.415734806151 0.3
      vertex -0.27778511651 -0.415734806151 0.6
    endloop
  endfacet
  facet normal -0.575808191418 -0.817584813152 0
    outer loop
      vertex -0.297849652246 -0.40160376574 0.3
      vertex -0.27778511651 -0.415734806151 0.6
      vertex -0.297849652246 -0.40160376574 0.6
    endloop
  endfacet
  facet normal -0.534997619887 -0.84485356525 0
    outer loop
      vertex -0.27778511651 -0.415734806151 0.3
      vertex -0.257051372097 -0.428864305 0.3
      vertex -0.257051372097 -0.428864305 0.6
    endloop
  endfacet
  facet normal -0.534997619887 -0.84485356525 0
    outer loop
      vertex -0.27778511651 -0.415734806151 0.3
      vertex -0.257051372097 -0.428864305 0.6
      vertex -0.27778511651 -0.415734806151 0.6
    endloop
  endfacet
  facet normal -0.49289819223 -0.870086991109 0
    outer loop
      vertex -0.257051372097 -0.428864305 0.3
      vertex -0.235698368413 -0.440960632174 0.3
      vertex -0.235698368413 -0.440960632174 0.6
    endloop
  endfacet
  facet normal -0.49289819223 -0.870086991109 0
    outer loop
      vertex -0.257051372097 -0.428864305 0.3
      vertex -0.235698368413 -0.440960632174 0.6
      vertex -0.257051372097 -0.428864305 0.6
    endloop
  endfacet
  facet normal -0.449611329655 -0.893224301196 0
    outer loop
      vertex -0.235698368413 -0.440960632174 0.3
      vertex -0.213777546715 -0.451994646562 0.3
      vertex -0.213777546715 -0.451994646562 0.6
    endloop
  endfacet
  facet normal -0.449611329655 -0.893224301196 0
    outer loop
      vertex -0.235698368413 -0.440960632174 0.3
      vertex -0.213777546715 -0.451994646562 0.6
      vertex -0.235698368413 -0.440960632174 0.6
    endloop
  endfacet
  facet normal -0.405241314005 -0.914209755704 0
    outer loop
      vertex -0.213777546715 -0.451994646562 0.3
      vertex -0.191341716183 -0.461939766256 0.3
      vertex -0.191341716183 -0.461939766256 0.6
    endloop
  endfacet
  facet normal -0.405241314005 -0.914209755704 0
    outer loop
      vertex -0.213777546715 -0.451994646562 0.3
      vertex -0.191341716183 -0.461939766256 0.6
      vertex -0.213777546715 -0.451994646562 0.6
    endloop
  endfacet
  facet normal -0.359895036535 -0.932992798835 0
    outer loop
      vertex -0.191341716183 -0.461939766256 0.3
      vertex -0.168444926696 -0.470772032592 0.3
      vertex -0.168444926696 -0.470772032592 0.6
    endloop
  endfacet
  facet normal -0.359895036535 -0.932992798835 0
    outer loop
      vertex -0.191341716183 -0.461939766256 0.3
      vertex -0.168444926696 -0.470772032592 0.6
      vertex -0.191341716183 -0.461939766256 0.6
    endloop
  endfacet
  facet normal -0.313681740399 -0.949528180593 0
    outer loop
      vertex -0.168444926696 -0.470772032592 0.3
      vertex -0.145142338627 -0.478470167866 0.3
      vertex -0.145142338627 -0.478470167866 0.6
    endloop
  endfacet
  facet normal -0.313681740399 -0.949528180593 0
    outer loop
      vertex -0.168444926696 -0.470772032592 0.3
      vertex -0.145142338627 -0.478470167866 0.6
      vertex -0.168444926696 -0.470772032592 0.6
    endloop
  endfacet
  facet normal -0.266712757475 -0.963776065795 0
    outer loop
      vertex -0.145142338627 -0.478470167866 0.3
      vertex -0.121490089952 -0.485015626597 0.3
      vertex -0.121490089952 -0.485015626597 0.6
    endloop
  endfacet
  facet normal -0.266712757475 -0.963776065795 0
    outer loop
      vertex -0.145142338627 -0.478470167866 0.3
      vertex -0.121490089952 -0.485015626597 0.6
      vertex -0.145142338627 -0.478470167866 0.6
    endloop
  endfacet
  facet normal -0.219101240157 -0.975702130039 0
    outer loop
      vertex -0.121490089952 -0.485015626597 0.3
      vertex -0.0975451610081 -0.490392640202 0.3
      vertex -0.0975451610081 -0.490392640202 0.6
    endloop
  endfacet
  facet normal -0.219101240157 -0.975702130039 0
    outer loop
      vertex -0.121490089952 -0.485015626597 0.3
      vertex -0.0975451610081 -0.490392640202 0.6
      vertex -0.121490089952 -0.485015626597 0.6
    endloop
  endfacet
  facet normal -0.17096188876 -0.985277642389 0
    outer loop
      vertex -0.0975451610081 -0.490392640202 0.3
      vertex -0.0733652372277 -0.494588254982 0.3
      vertex -0.0733652372277 -0.494588254982 0.6
    endloop
  endfacet
  facet normal -0.17096188876 -0.985277642389 0
    outer loop
      vertex -0.0975451610081 -0.490392640202 0.3
      vertex -0.0733652372277 -0.494588254982 0.6
      vertex -0.0975451610081 -0.490392640202 0.6
    endloop
  endfacet
  facet normal -0.122410675199 -0.992479534599 0
    outer loop
      vertex -0.0733652372277 -0.494588254982 0.3
      vertex -0.0490085701648 -0.497592363336 0.3
      vertex -0.0490085701648 -0.497592363336 0.6
    endloop
  endfacet
  facet normal -0.122410675199 -0.992479534599 0
    outer loop
      vertex -0.0733652372277 -0.494588254982 0.3
      vertex -0.0490085701648 -0.497592363336 0.6
      vertex -0.0733652372277 -0.494588254982 0.6
    endloop
  endfacet
  facet normal -0.0735645635997 -0.997290456679 0
    outer loop
      vertex -0.0490085701648 -0.497592363336 0.3
      vertex -0.0245338371637 -0.499397728103 0.3
      vertex -0.0245338371637 -0.499397728103 0.6
    endloop
  endfacet
  facet normal -0.0735645635997 -0.997290456679 0
    outer loop
      vertex -0.0490085701648 -0.497592363336 0.3
      vertex -0.0245338371637 -0.499397728103 0.6
      vertex -0.0490085701648 -0.497592363336 0.6
    endloop
  endfacet
  facet normal -0.0245412285229 -0.999698818696 0
    outer loop
      vertex -0.0245338371637 -0.499397728103 0.3
      vertex -9.18485099361e-17 -0.5 0.3
      vertex -9.18485099361e-17 -0.5 0.6
    endloop
  endfacet
  facet normal -0.0245412285229 -0.999698818696 0
    outer loop
      vertex -0.0245338371637 -0.499397728103 0.3
      vertex -9.18485099361e-17 -0.5 0.6
      vertex -0.0245338371637 -0.499397728103 0.6
    endloop
  endfacet
  facet normal 0.0245412285229 -0.999698818696 0
    outer loop
      vertex -9.18485099361e-17 -0.5 0.3
      vertex 0.0245338371637 -0.499397728103 0.3
      vertex 0.0245338371637 -0.499397728103 0.6
    endloop
  endfacet
  facet normal 0.0245412285229 -0.999698818696 0
    outer loop
      vertex -9.18485099361e-17 -0.5 0.3
      vertex 0.0245338371637 -0.499397728103 0.6
      vertex -9.18485099361e-17 -0.5 0.6
    endloop
  endfacet
  facet normal 0.0735645635997 -0.997290456679 0
    outer loop
      vertex 0.0245338371637 -0.499397728103 0.3
      vertex 0.0490085701648 -0.497592363336 0.3
      vertex 0.0490085701648 -0.497592363336 0.6
    endloop
  endfacet
  facet normal 0.0735645635997 -0.997290456679 0
    outer loop
      vertex 0.0245338371637 -0.499397728103 0.3
      vertex 0.0490085701648 -0.497592363336 0.6
      vertex 0.0245338371637 -0.499397728103 0.6
    endloop
  endfacet
  facet normal 0.122410675199 -0.992479534599 0
    outer loop
      vertex 0.0490085701648 -0.497592363336 0.3
      vertex 0.0733652372277 -0.494588254982 0.3
      vertex 0.0733652372277 -0.494588254982 0.6
    endloop
  endfacet
  facet normal 0.122410675199 -0.992479534599 0
    outer loop
      vertex 0.0490085701648 -0.497592363336 0.3
      vertex 0.0733652372277 -0.494588254982 0.6
      vertex 0.0490085701648 -0.497592363336 0.6
    endloop
  endfacet
  facet normal 0.17096188876 -0.985277642389 0
    outer loop
      vertex 0.0733652372277 -0.494588254982 0.3
      vertex 0.0975451610081 -0.490392640202 0.3
      vertex 0.0975451610081 -0.490392640202 0.6
    endloop
  endfacet
  facet normal 0.17096188876 -0.985277642389 0
    outer loop
      vertex 0.0733652372277 -0.494588254982 0.3
      vertex 0.0975451610081 -0.490392640202 0.6
      vertex 0.0733652372277 -0.494588254982 0.6
    endloop
  endfacet
  facet normal 0.219101240157 -0.975702130039 0
    outer loop
      vertex 0.0975451610081 -0.490392640202 0.3
      vertex 0.121490089952 -0.485015626597 0.3
      vertex 0.121490089952 -0.485015626597 0.6
    endloop
  endfacet
  facet normal 0.219101240157 -0.975702130039 0
    outer loop
      vertex 0.0975451610081 -0.490392640202 0.3
      vertex 0.121490089952 -0.485015626597 0.6
      vertex 0.0975451610081 -0.490392640202 0.6
    endloop
  endfacet
  facet normal 0.266712757475 -0.963776065795 0
    outer loop
      vertex 0.121490089952 -0.485015626597 0.3
      vertex 0.145142338627 -0.478470167866 0.3
      vertex 0.145142338627 -0.478470167866 0.6
    endloop
  endfacet
  facet normal 0.266712757475 -0.963776065795 0
    outer loop
      vertex 0.121490089952 -0.485015626597 0.3
      vertex 0.145142338627 -0.478470167866 0.6
      vertex 0.121490089952 -0.485015626597 0.6
    endloop
  endfacet
  facet normal 0.313681740399 -0.949528180593 0
    outer loop
      vertex 0.145142338627 -0.478470167866 0.3
      vertex 0.168444926696 -0.470772032592 0.3
      vertex 0.168444926696 -0.470772032592 0.6
    endloop
  endfacet
  facet normal 0.313681740399 -0.949528180593 0
    outer loop
      vertex 0.145142338627 -0.478470167866 0.3
      vertex 0.168444926696 -0.470772032592 0.6
      vertex 0.145142338627 -0.478470167866 0.6
    endloop
  endfacet
  facet normal 0.359895036535 -0.932992798835 0
    outer loop
      vertex 0.168444926696 -0.470772032592 0.3
      vertex 0.191341716183 -0.461939766256 0.3
      vertex 0.191341716183 -0.461939766256 0.6
    endloop
  endfacet
  facet normal 0.359895036535 -0.932992798835 0
    outer loop
      vertex 0.168444926696 -0.470772032592 0.3
      vertex 0.191341716183 -0.461939766256 0.6
      vertex 0.168444926696 -0.470772032592 0.6
    endloop
  endfacet
  facet normal 0.405241314005 -0.914209755704 0
    outer loop
      vertex 0.191341716183 -0.461939766256 0.3
      vertex 0.213777546715 -0.451994646562 0.3
      vertex 0.213777546715 -0.451994646562 0.6
    endloop
  endfacet
  facet normal 0.405241314005 -0.914209755704 0
    outer loop
      vertex 0.191341716183 -0.461939766256 0.3
      vertex 0.213777546715 -0.451994646562 0.6
      vertex 0.191341716183 -0.461939766256 0.6
    endloop
  endfacet
  facet normal 0.449611329655 -0.893224301196 0
    outer loop
      vertex 0.213777546715 -0.451994646562 0.3
      vertex 0.235698368413 -0.440960632174 0.3
      vertex 0.235698368413 -0.440960632174 0.6
    endloop
  endfacet
  facet normal 0.449611329655 -0.893224301196 0
    outer loop
      vertex 0.213777546715 -0.451994646562 0.3
      vertex 0.235698368413 -0.440960632174 0.6
      vertex 0.213777546715 -0.451994646562 0.6
    endloop
  endfacet
  facet normal 0.49289819223 -0.870086991109 0
    outer loop
      vertex 0.235698368413 -0.440960632174 0.3
      vertex 0.257051372097 -0.428864305 0.3
      vertex 0.257051372097 -0.428864305 0.6
    endloop
  endfacet
  facet normal 0.49289819223 -0.870086991109 0
    outer loop
      vertex 0.235698368413 -0.440960632174 0.3
      vertex 0.257051372097 -0.428864305 0.6
      vertex 0.235698368413 -0.440960632174 0.6
    endloop
  endfacet
  facet normal 0.534997619887 -0.84485356525 0
    outer loop
      vertex 0.257051372097 -0.428864305 0.3
      vertex 0.27778511651 -0.415734806151 0.3
      vertex 0.27778511651 -0.415734806151 0.6
    endloop
  endfacet
  facet normal 0.534997619887 -0.84485356525 0
    outer loop
      vertex 0.257051372097 -0.428864305 0.3
      vertex 0.27778511651 -0.415734806151 0.6
      vertex 0.257051372097 -0.428864305 0.6
    endloop
  endfacet
  facet normal 0.575808191418 -0.817584813152 0
    outer loop
      vertex 0.27778511651 -0.415734806151 0.3
      vertex 0.297849652246 -0.40160376574 0.3
      vertex 0.297849652246 -0.40160376574 0.6
    endloop
  endfacet
  facet normal 0.575808191418 -0.817584813152 0
    outer loop
      vertex 0.27778511651 -0.415734806151 0.3
      vertex 0.297849652246 -0.40160376574 0.6
      vertex 0.27778511651 -0.415734806151 0.6
    endloop
  endfacet
  facet normal 0.615231590581 -0.788346427627 0
    outer loop
      vertex 0.297849652246 -0.40160376574 0.3
      vertex 0.317196642082 -0.386505226681 0.3
      vertex 0.317196642082 -0.386505226681 0.6
    endloop
  endfacet
  facet normal 0.615231590581 -0.788346427627 0
    outer loop
      vertex 0.297849652246 -0.40160376574 0.3
      vertex 0.317196642082 -0.386505226681 0.6
      vertex 0.297849652246 -0.40160376574 0.6
    endloop
  endfacet
  facet normal 0.653172842954 -0.757208846506 0
    outer loop
      vertex 0.317196642082 -0.386505226681 0.3
      vertex 0.335779477424 -0.370475562677 0.3
      vertex 0.335779477424 -0.370475562677 0.6
    endloop
  endfacet
  facet normal 0.653172842954 -0.757208846506 0
    outer loop
      vertex 0.317196642082 -0.386505226681 0.3
      vertex 0.335779477424 -0.370475562677 0.6
      vertex 0.317196642082 -0.386505226681 0.6
    endloop
  endfacet
  facet normal 0.689540544737 -0.724247082951 0
    outer loop
      vertex 0.335779477424 -0.370475562677 0.3
      vertex 0.353553390593 -0.353553390593 0.3
      vertex 0.353553390593 -0.353553390593 0.6
    endloop
  endfacet
  facet normal 0.689540544737 -0.724247082951 0
    outer loop
      vertex 0.335779477424 -0.370475562677 0.3
      vertex 0.353553390593 -0.353553390593 0.6
      vertex 0.335779477424 -0.370475562677 0.6
    endloop
  endfacet
  facet normal 0.724247082951 -0.689540544737 0
    outer loop
      vertex 0.353553390593 -0.353553390593 0.3
      vertex 0.370475562677 -0.335779477424 0.3
      vertex 0.370475562677 -0.335779477424 0.6
    endloop
  endfacet
  facet normal 0.724247082951 -0.689540544737 0
    outer loop
      vertex 0.353553390593 -0.353553390593 0.3
      vertex 0.370475562677 -0.335779477424 0.6
      vertex 0.353553390593 -0.353553390593 0.6
    endloop
  endfacet
  facet normal 0.757208846506 -0.653172842954 0
    outer loop
      vertex 0.370475562677 -0.335779477424 0.3
      vertex 0.386505226681 -0.317196642082 0.3
      vertex 0.386505226681 -0.317196642082 0.6
    endloop
  endfacet
  facet normal 0.757208846506 -0.653172842954 0
    outer loop
      vertex 0.370475562677 -0.335779477424 0.3
      vertex 0.386505226681 -0.317196642082 0.6
      vertex 0.370475562677 -0.335779477424 0.6
    endloop
  endfacet
  facet normal 0.788346427627 -0.615231590581 0
    outer loop
      vertex 0.386505226681 -0.317196642082 0.3
      vertex 0.40160376574 -0.297849652246 0.3
      vertex 0.40160376574 -0.297849652246 0.6
    endloop
  endfacet
  facet normal 0.788346427627 -0.615231590581 0
    outer loop
      vertex 0.386505226681 -0.317196642082 0.3
      vertex 0.40160376574 -0.297849652246 0.6
      vertex 0.386505226681 -0.317196642082 0.6
    endloop
  endfacet
  facet normal 0.817584813152 -0.575808191418 0
    outer loop
      vertex 0.40160376574 -0.297849652246 0.3
      vertex 0.415734806151 -0.27778511651 0.3
      vertex 0.415734806151 -0.27778511651 0.6
    endloop
  endfacet
  facet normal 0.817584813152 -0.575808191418 0
    outer loop
      vertex 0.40160376574 -0.297849652246 0.3
      vertex 0.415734806151 -0.27778511651 0.6
      vertex 0.40160376574 -0.297849652246 0.6
    endloop
  endfacet
  facet normal 0.84485356525 -0.534997619887 0
    outer loop
      vertex 0.415734806151 -0.27778511651 0.3
      vertex 0.428864305 -0.257051372097 0.3
      vertex 0.428864305 -0.257051372097 0.6
    endloop
  endfacet
  facet normal 0.84485356525 -0.534997619887 0
    outer loop
      vertex 0.415734806151 -0.27778511651 0.3
      vertex 0.428864305 -0.257051372097 0.6
      vertex 0.415734806151 -0.27778511651 0.6
    endloop
  endfacet
  facet normal 0.870086991109 -0.49289819223 0
    outer loop
      vertex 0.428864305 -0.257051372097 0.3
      vertex 0.440960632174 -0.235698368413 0.3
      vertex 0.440960632174 -0.235698368413 0.6
    endloop
  endfacet
  facet normal 0.870086991109 -0.49289819223 0
    outer loop
      vertex 0.428864305 -0.257051372097 0.3
      vertex 0.440960632174 -0.235698368413 0.6
      vertex 0.428864305 -0.257051372097 0.6
    endloop
  endfacet
  facet normal 0.893224301196 -0.449611329655 0
    outer loop
      vertex 0.440960632174 -0.235698368413 0.3
      vertex 0.451994646562 -0.213777546715 0.3
      vertex 0.451994646562 -0.213777546715 0.6
    endloop
  endfacet
  facet normal 0.893224301196 -0.449611329655 0
    outer loop
      vertex 0.440960632174 -0.235698368413 0.3
      vertex 0.451994646562 -0.213777546715 0.6
      vertex 0.440960632174 -0.235698368413 0.6
    endloop
  endfacet
  facet normal 0.914209755704 -0.405241314005 0
    outer loop
      vertex 0.451994646562 -0.213777546715 0.3
      vertex 0.461939766256 -0.191341716183 0.3
      vertex 0.461939766256 -0.191341716183 0.6
    endloop
  endfacet
  facet normal 0.914209755704 -0.405241314005 0
    outer loop
      vertex 0.451994646562 -0.213777546715 0.3
      vertex 0.461939766256 -0.191341716183 0.6
      vertex 0.451994646562 -0.213777546715 0.6
    endloop
  endfacet
  facet normal 0.932992798835 -0.359895036535 0
    outer loop
      vertex 0.461939766256 -0.191341716183 0.3
      vertex 0.470772032592 -0.168444926696 0.3
      vertex 0.470772032592 -0.168444926696 0.6
    endloop
  endfacet
  facet normal 0.932992798835 -0.359895036535 0
    outer loop
      vertex 0.461939766256 -0.191341716183 0.3
      vertex 0.470772032592 -0.168444926696 0.6
      vertex 0.461939766256 -0.191341716183 0.6
    endloop
  endfacet
  facet normal 0.949528180593 -0.313681740399 0
    outer loop
      vertex 0.470772032592 -0.168444926696 0.3
      vertex 0.478470167866 -0.145142338627 0.3
      vertex 0.478470167866 -0.145142338627 0.6
    endloop
  endfacet
  facet normal 0.949528180593 -0.313681740399 0
    outer loop
      vertex 0.470772032592 -0.168444926696 0.3
      vertex 0.478470167866 -0.145142338627 0.6
      vertex 0.470772032592 -0.168444926696 0.6
    endloop
  endfacet
  facet normal 0.963776065795 -0.266712757475 0
    outer loop
      vertex 0.478470167866 -0.145142338627 0.3
      vertex 0.485015626597 -0.121490089952 0.3
      vertex 0.485015626597 -0.121490089952 0.6
    endloop
  endfacet
  facet normal 0.963776065795 -0.266712757475 0
    outer loop
      vertex 0.478470167866 -0.145142338627 0.3
      vertex 0.485015626597 -0.121490089952 0.6
      vertex 0.478470167866 -0.145142338627 0.6
    endloop
  endfacet
  facet normal 0.975702130039 -0.219101240157 0
    outer loop
      vertex 0.485015626597 -0.121490089952 0.3
      vertex 0.490392640202 -0.0975451610081 0.3
      vertex 0.490392640202 -0.0975451610081 0.6
    endloop
  endfacet
  facet normal 0.975702130039 -0.219101240157 0
    outer loop
      vertex 0.485015626597 -0.121490089952 0.3
      vertex 0.490392640202 -0.0975451610081 0.6
      vertex 0.485015626597 -0.121490089952 0.6
    endloop
  endfacet
  facet normal 0.985277642389 -0.17096188876 0
    outer loop
      vertex 0.490392640202 -0.0975451610081 0.3
      vertex 0.494588254982 -0.0733652372277 0.3
      vertex 0.494588254982 -0.0733652372277 0.6
    endloop
  endfacet
  facet normal 0.985277642389 -0.17096188876 0
    outer loop
      vertex 0.490392640202 -0.0975451610081 0.3
      vertex 0.494588254982 -0.0733652372277 0.6
      vertex 0.490392640202 -0.0975451610081 0.6
    endloop
  endfacet
  facet normal 0.992479534599 -0.122410675199 0
    outer loop
      vertex 0.494588254982 -0.0733652372277 0.3
      vertex 0.497592363336 -0.0490085701648 0.3
      vertex 0.497592363336 -0.0490085701648 0.6
    endloop
  endfacet
  facet normal 0.992479534599 -0.122410675199 0
    outer loop
      vertex 0.494588254982 -0.0733652372277 0.3
      vertex 0.497592363336 -0.0490085701648 0.6
      vertex 0.494588254982 -0.0733652372277 0.6
    endloop
  endfacet
  facet normal 0.997290456679 -0.0735645635997 0
    outer loop
      vertex 0.497592363336 -0.0490085701648 0.3
      vertex 0.499397728103 -0.0245338371637 0.3
      vertex 0.499397728103 -0.0245338371637 0.6
    endloop
  endfacet
  facet normal 0.997290456679 -0.0735645635997 0
    outer loop
      vertex 0.497592363336 -0.0490085701648 0.3
      vertex 0.499397728103 -0.0245338371637 0.6
      vertex 0.497592363336 -0.0490085701648 0.6
    endloop
  endfacet
  facet normal 0.999698818696 -0.0245412285229 0
    outer loop
      vertex 0.499397728103 -0.0245338371637 0.3
      vertex 0.5 -1.22464679915e-16 0.3
      vertex 0.5 -1.22464679915e-16 0.6
    endloop
  endfacet
  facet normal 0.999698818696 -0.0245412285229 0
    outer loop
      vertex 0.499397728103 -0.0245338371637 0.3
      vertex 0.5 -1.22464679915e-16 0.6
      vertex 0.499397728103 -0.0245338371637 0.6
    endloop
  endfacet
  facet normal 0 0 1
    outer loop
      vertex 0 0 0.6
      vertex 0.5 0 0.6
      vertex 0.499397728103 0.0245338371637 0.6
    endloop
  endfacet
  facet normal 0 0 -1
    outer loop
      vertex 0 0 -0.6
      vertex 0.499397728103 0.0245338371637 -0.6
      vertex 0.5 0 -0.6
    endloop
  endfacet
  facet normal 0 0 1
    outer loop
      vertex 0 0 0.6
      vertex 0.499397728103 0.0245338371637 0.6
      vertex 0.497592363336 0.0490085701648 0.6
    endloop
  endfacet
  facet normal 0 0 -1
    outer loop
      vertex 0 0 -0.6
      vertex 0.497592363336 0.0490085701648 -0.6
      vertex 0.499397728103 0.0245338371637 -0.6
    endloop
  endfacet
  facet normal 0 0 1
    outer loop
      vertex 0 0 0.6
      vertex 0.497592363336 0.0490085701648 0.6
      vertex 0.494588254982 0.0733652372277 0.6
    endloop
  endfacet
  facet normal 0 0 -1
    outer loop
      vertex 0 0 -0.6
      vertex 0.494588254982 0.0733652372277 -0.6
      vertex 0.497592363336 0.0490085701648 -0.6
    endloop
  endfacet
  facet normal 0 0 1
    outer loop
      vertex 0 0 0.6
      vertex 0.494588254982 0.0733652372277 0.6
      vertex 0.490392640202 0.0975451610081 0.6
    endloop
  endfacet
  facet normal 0 0 -1
    outer loop
      vertex 0 0 -0.6
      vertex 0.490392640202 0.0975451610081 -0.6
      vertex 0.494588254982 0.0733652372277 -0.6
    endloop
  endfacet
  facet normal 0 0 1
    outer loop
      vertex 0 0 0.6
      vertex 0.490392640202 0.0975451610081 0.6
      vertex 0.485015626597 0.121490089952 0.6
    endloop
  endfacet
  facet normal 0 0 -1
    outer loop
      vertex 0 0 -0.6
      vertex 0.485015626597 0.121490089952 -0.6
      vertex 0.490392640202 0.0975451610081 -0.6
    endloop
  endfacet
  facet normal 0 0 1
    outer loop
      vertex 0 0 0.6
      vertex 0.485015626597 0.121490089952 0.6
      vertex 0.478470167866 0.145142338627 0.6
    endloop
  endfacet
  facet normal 0 0 -1
    outer loop
      vertex 0 0 -0.6
      vertex 0.478470167866 0.145142338627 -0.6
      vertex 0.485015626597 0.121490089952 -0.6
    endloop
  endfacet
  facet normal 0 0 1
    outer loop
      vertex 0 0 0.6
      vertex 0.478470167866 0.145142338627 0.6
      vertex 0.470772032592 0.168444926696 0.6
    endloop
  endfacet
  facet normal 0 0 -1
    outer loop
      vertex 0 0 -0.6
      vertex 0.470772032592 0.168444926696 -0.6
      vertex 0.478470167866 0.145142338627 -0.6
    endloop
  endfacet
  facet normal 0 0 1
    outer loop
      vertex 0 0 0.6
      vertex 0.470772032592 0.168444926696 0.6
      vertex 0.461939766256 0.191341716183 0.6
    endloop
  endfacet
  facet normal 0 0 -1
    outer loop
      vertex 0 0 -0.6
      vertex 0.461939766256 0.191341716183 -0.6
      vertex 0.470772032592 0.168444926696 -0.6
    endloop
  endfacet
  facet normal 0 0 1
    outer loop
      vertex 0 0 0.6
      vertex 0.461939766256 0.191341716183 0.6
      vertex 0.451994646562 0.213777546715 0.6
    endloop
  endfacet
  facet normal 0 0 -1
    outer loop
      vertex 0 0 -0.6
      vertex 0.451994646562 0.213777546715 -0.6
      vertex 0.461939766256 0.191341716183 -0.6
    endloop
  endfacet
  facet normal 0 0 1
    outer loop
      vertex 0 0 0.6
      vertex 0.451994646562 0.213777546715 0.6
      vertex 0.440960632174 0.235698368413 0.6
    endloop
  endfacet
  facet normal 0 0 -1
    outer loop
      vertex 0 0 -0.6
      vertex 0.440960632174 0.235698368413 -0.6
      vertex 0.451994646562 0.213777546715 -0.6
    endloop
  endfacet
  facet normal 0 0 1
    outer loop
      vertex 0 0 0.6
      vertex 0.440960632174 0.235698368413 0.6
      vertex 0.428864305 0.257051372097 0.6
    endloop
  endfacet
  facet normal 0 0 -1
    outer loop
      vertex 0 0 -0.6
      vertex 0.428864305 0.257051372097 -0.6
      vertex 0.440960632174 0.235698368413 -0.6
    endloop
  endfacet
  facet normal 0 0 1
    outer loop
      vertex 0 0 0.6
      vertex 0.428864305 0.257051372097 0.6
      vertex 0.415734806151 0.27778511651 0.6
    endloop
  endfacet
  facet normal 0 0 -1
    outer loop
      vertex 0 0 -0.6
      vertex 0.415734806151 0.27778511651 -0.6
      vertex 0.428864305 0.257051372097 -0.6
    endloop
  endfacet
  facet normal 0 0 1
    outer loop
      vertex 0 0 0.6
      vertex 0.415734806151 0.27778511651 0.6
      vertex 0.40160376574 0.297849652246 0.6
    endloop
  endfacet
  facet normal 0 0 -1
    outer loop
      vertex 0 0 -0.6
      vertex 0.40160376574 0.297849652246 -0.6
      vertex 0.415734806151 0.27778511651 -0.6
    endloop
  endfacet
  facet normal 0 0 1
    outer loop
      vertex 0 0 0.6
      vertex 0.40160376574 0.297849652246 0.6
      vertex 0.386505226681 0.317196642082 0.6
    endloop
  endfacet
  facet normal 0 0 -1
    outer loop
      vertex 0 0 -0.6
      vertex 0.386505226681 0.317196642082 -0.6
      vertex 0.40160376574 0.297849652246 -0.6
    endloop
  endfacet
  facet normal 0 0 1
    outer loop
      vertex 0 0 0.6
      vertex 0.386505226681 0.317196642082 0.6
      vertex 0.370475562677 0.335779477424 0.6
    endloop
  endfacet
  facet normal 0 0 -1
    outer loop
      vertex 0 0 -0.6
      vertex 0.370475562677 0.335779477424 -0.6
      vertex 0.386505226681 0.317196642082 -0.6
    endloop
  endfacet
  facet normal 0 0 1
    outer loop
      vertex 0 0 0.6
      vertex 0.370475562677 0.335779477424 0.6
      vertex 0.353553390593 0.353553390593 0.6
    endloop
  endfacet
  facet normal 0 0 -1
    outer loop
      vertex 0 0 -0.6
      vertex 0.353553390593 0.353553390593 -0.6
      vertex 0.370475562677 0.335779477424 -0.6
    endloop
  endfacet
  facet normal 0 0 1
    outer loop
      vertex 0 0 0.6
      vertex 0.353553390593 0.353553390593 0.6
      vertex 0.335779477424 0.370475562677 0.6
    endloop
  endfacet
  facet normal 0 0 -1
    outer loop
      vertex 0 0 -0.6
      vertex 0.335779477424 0.370475562677 -0.6
      vertex 0.353553390593 0.353553390593 -0.6
    endloop
  endfacet
  facet normal 0 0 1
    outer loop
      vertex 0 0 0.6
      vertex 0.335779477424 0.370475562677 0.6
      vertex 0.317196642082 0.386505226681 0.6
    endloop
  endfacet
  facet normal 0 0 -1
    outer loop
      vertex 0 0 -0.6
      vertex 0.317196642082 0.386505226681 -0.6
      vertex 0.335779477424 0.370475562677 -0.6
    endloop
  endfacet
  facet normal 0 0 1
    outer loop
      vertex 0 0 0.6
      vertex 0.317196642082 0.386505226681 0.6
      vertex 0.297849652246 0.40160376574 0.6
    endloop
  endfacet
  facet normal 0 0 -1
    outer loop
      vertex 0 0 -0.6
      vertex 0.297849652246 0.40160376574 -0.6
      vertex 0.317196642082 0.386505226681 -0.6
    endloop
  endfacet
  facet normal 0 0 1
    outer loop
      vertex 0 0 0.6
      vertex 0.297849652246 0.40160376574 0.6
      vertex 0.27778511651 0.415734806151 0.6
    endloop
  endfacet
  facet normal 0 0 -1
    outer loop
      vertex 0 0 -0.6
      vertex 0.27778511651 0.415734806151 -0.6
      vertex 0.297849652246 0.40160376574 -0.6
    endloop
  endfacet
  facet normal 0 0 1
    outer loop
      vertex 0 0 0.6
      vertex 0.27778511651 0.415734806151 0.6
      vertex 0.257051372097 0.428864305 0.6
    endloop
  endfacet
  facet normal 0 0 -1
    outer loop
      vertex 0 0 -0.6
      vertex 0.257051372097 0.428864305 -0.6
      vertex 0.27778511651 0.415734806151 -0.6
    endloop
  endfacet
  facet normal 0 0 1
    outer loop
      vertex 0 0 0.6
      vertex 0.257051372097 0.428864305 0.6
      vertex 0.235698368413 0.440960632174 0.6
    endloop
  endfacet
  facet normal 0 0 -1
    outer loop
      vertex 0 0 -0.6
      vertex 0.235698368413 0.440960632174 -0.6
      vertex 0.257051372097 0.428864305 -0.6
    endloop
  endfacet
  facet normal 0 0 1
    outer loop
      vertex 0 0 0.6
      vertex 0.235698368413 0.440960632174 0.6
      vertex 0.213777546715 0.451994646562 0.6
    endloop
  endfacet
  facet normal 0 0 -1
    outer loop
      vertex 0 0 -0.6
      vertex 0.213777546715 0.451994646562 -0.6
      vertex 0.235698368413 0.440960632174 -0.6
    endloop
  endfacet
  facet normal 0 0 1
    outer loop
      vertex 0 0 0.6
      vertex 0.213777546715 0.451994646562 0.6
      vertex 0.191341716183 0.461939766256 0.6
    endloop
  endfacet
  facet normal 0 0 -1
    outer loop
      vertex 0 0 -0.6
      vertex 0.191341716183 0.461939766256 -0.6
      vertex 0.213777546715 0.451994646562 -0.6
    endloop
  endfacet
  facet normal 0 0 1
    outer loop
      vertex 0 0 0.6
      vertex 0.191341716183 0.461939766256 0.6
      vertex 0.168444926696 0.470772032592 0.6
    endloop
  endfacet
  facet normal 0 0 -1
    outer loop
      vertex 0 0 -0.6
      vertex 0.168444926696 0.470772032592 -0.6
      vertex 0.191341716183 0.461939766256 -0.6
    endloop
  endfacet
  facet normal 0 0 1
    outer loop
      vertex 0 0 0.6
      vertex 0.168444926696 0.470772032592 0.6
      vertex 0.145142338627 0.478470167866 0.6
    endloop
  endfacet
  facet normal 0 0 -1
    outer loop
      vertex 0 0 -0.6
      vertex 0.145142338627 0.478470167866 -0.6
      vertex 0.168444926696 0.470772032592 -0.6
    endloop
  endfacet
  facet normal 0 0 1
    outer loop
      vertex 0 0 0.6
      vertex 0.145142338627 0.478470167866 0.6
      vertex 0.121490089952 0.485015626597 0.6
    endloop
  endfacet
  facet normal 0 0 -1
    outer loop
      vertex 0 0 -0.6
      vertex 0.121490089952 0.485015626597 -0.6
      vertex 0.145142338627 0.478470167866 -0.6
    endloop
  endfacet
  facet normal 0 0 1
    outer loop
      vertex 0 0 0.6
      vertex 0.121490089952 0.485015626597 0.6
      vertex 0.0975451610081 0.490392640202 0.6
    endloop
  endfacet
  facet normal 0 0 -1
    outer loop
      vertex 0 0 -0.6
      vertex 0.0975451610081 0.490392640202 -0.6
      vertex 0.121490089952 0.485015626597 -0.6
    endloop
  endfacet
  facet normal 0 0 1
    outer loop
      vertex 0 0 0.6
      vertex 0.0975451610081 0.490392640202 0.6
      vertex 0.0733652372277 0.494588254982 0.6
    endloop
  endfacet
  facet normal 0 0 -1
    outer loop
      vertex 0 0 -0.6
      vertex 0.0733652372277 0.494588254982 -0.6
      vertex 0.0975451610081 0.490392640202 -0.6
    endloop
  endfacet
  facet normal 0 0 1
    outer loop
      vertex 0 0 0.6
      vertex 0.0733652372277 0.494588254982 0.6
      vertex 0.0490085701648 0.497592363336 0.6
    endloop
  endfacet
  facet normal 0 0 -1
    outer loop
      vertex 0 0 -0.6
      vertex 0.0490085701648 0.497592363336 -0.6
      vertex 0.0733652372277 0.494588254982 -0.6
    endloop
  endfacet
  facet normal 0 0 1
    outer loop
      vertex 0 0 0.6
      vertex 0.0490085701648 0.497592363336 0.6
      vertex 0.0245338371637 0.499397728103 0.6
    endloop
  endfacet
  facet normal 0 0 -1
    outer loop
      vertex 0 0 -0.6
      vertex 0.0245338371637 0.499397728103 -0.6
      vertex 0.0490085701648 0.497592363336 -0.6
    endloop
  endfacet
  facet normal 0 0 1
    outer loop
      vertex 0 0 0.6
      vertex 0.0245338371637 0.499397728103 0.6
      vertex 3.06161699787e-17 0.5 0.6
    endloop
  endfacet
  facet normal 0 0 -1
    outer loop
      vertex 0 0 -0.6
      vertex 3.06161699787e-17 0.5 -0.6
      vertex 0.0245338371637 0.499397728103 -0.6
    endloop
  endfacet
  facet normal 0 -0 1
    outer loop
      vertex 0 0 0.6
      vertex 3.06161699787e-17 0.5 0.6
      vertex -0.0245338371637 0.499397728103 0.6
    endloop
  endfacet
  facet normal 0 0 -1
    outer loop
      vertex 0 0 -0.6
      vertex -0.0245338371637 0.499397728103 -0.6
      vertex 3.06161699787e-17 0.5 -0.6
    endloop
  endfacet
  facet normal 0 0 1
    outer loop
      vertex 0 0 0.6
      vertex -0.0245338371637 0.499397728103 0.6
      vertex -0.0490085701648 0.497592363336 0.6
    endloop
  endfacet
  facet normal 0 0 -1
    outer loop
      vertex 0 0 -0.6
      vertex -0.0490085701648 0.497592363336 -0.6
      vertex -0.0245338371637 0.499397728103 -0.6
    endloop
  endfacet
  facet normal 0 0 1
    outer loop
      vertex 0 0 0.6
      vertex -0.0490085701648 0.497592363336 0.6
      vertex -0.0733652372277 0.494588254982 0.6
    endloop
  endfacet
  facet normal 0 0 -1
    outer loop
      vertex 0 0 -0.6
      vertex -0.0733652372277 0.494588254982 -0.6
      vertex -0.0490085701648 0.497592363336 -0.6
    endloop
  endfacet
  facet normal 0 0 1
    outer loop
      vertex 0 0 0.6
      vertex -0.0733652372277 0.494588254982 0.6
      vertex -0.0975451610081 0.490392640202 0.6
    endloop
  endfacet
  facet normal 0 0 -1
    outer loop
      vertex 0 0 -0.6
      vertex -0.0975451610081 0.490392640202 -0.6
      vertex -0.0733652372277 0.494588254982 -0.6
    endloop
  endfacet
  facet normal 0 0 1
    outer loop
      vertex 0 0 0.6
      vertex -0.0975451610081 0.490392640202 0.6
      vertex -0.121490089952 0.485015626597 0.6
    endloop
  endfacet
  facet normal 0 0 -1
    outer loop
      vertex 0 0 -0.6
      vertex -0.121490089952 0.485015626597 -0.6
      vertex -0.0975451610081 0.490392640202 -0.6
    endloop
  endfacet
  facet normal 0 0 1
    outer loop
      vertex 0 0 0.6
      vertex -0.121490089952 0.485015626597 0.6
      vertex -0.145142338627 0.478470167866 0.6
    endloop
  endfacet
  facet normal 0 0 -1
    outer loop
      vertex 0 0 -0.6
      vertex -0.145142338627 0.478470167866 -0.6
      vertex -0.121490089952 0.485015626597 -0.6
    endloop
  endfacet
  facet normal 0 0 1
    outer loop
      vertex 0 0 0.6
      vertex -0.145142338627 0.478470167866 0.6
      vertex -0.168444926696 0.470772032592 0.6
    endloop
  endfacet
  facet normal 0 0 -1
    outer loop
      vertex 0 0 -0.6
      vertex -0.168444926696 0.470772032592 -0.6
      vertex -0.145142338627 0.478470167866 -0.6
    endloop
  endfacet
  facet normal 0 0 1
    outer loop
      vertex 0 0 0.6
      vertex -0.168444926696 0.470772032592 0.6
      vertex -0.191341716183 0.461939766256 0.6
    endloop
  endfacet
  facet normal 0 0 -1
    outer loop
      vertex 0 0 -0.6
      vertex -0.191341716183 0.461939766256 -0.6
      vertex -0.168444926696 0.470772032592 -0.6
    endloop
  endfacet
  facet normal 0 0 1
    outer loop
      vertex 0 0 0.6
      vertex -0.191341716183 0.461939766256 0.6
      vertex -0.213777546715 0.451994646562 0.6
    endloop
  endfacet
  facet normal 0 0 -1
    outer loop
      vertex 0 0 -0.6
      vertex -0.213777546715 0.451994646562 -0.6
      vertex -0.191341716183 0.461939766256 -0.6
    endloop
  endfacet
  facet normal 0 0 1
    outer loop
      vertex 0 0 0.6
      vertex -0.213777546715 0.451994646562 0.6
      vertex -0.235698368413 0.440960632174 0.6
    endloop
  endfacet
  facet normal 0 0 -1
    outer loop
      vertex 0 0 -0.6
      vertex -0.235698368413 0.440960632174 -0.6
      vertex -0.213777546715 0.451994646562 -0.6
    endloop
  endfacet
  facet normal 0 0 1
    outer loop
      vertex 0 0 0.6
      vertex -0.235698368413 0.440960632174 0.6
      vertex -0.257051372097 0.428864305 0.6
    endloop
  endfacet
  facet normal 0 0 -1
    outer loop
      vertex 0 0 -0.6
      vertex -0.257051372097 0.428864305 -0.6
      vertex -0.235698368413 0.440960632174 -0.6
    endloop
  endfacet
  facet normal 0 0 1
    outer loop
      vertex 0 0 0.6
      vertex -0.257051372097 0.428864305 0.6
      vertex -0.27778511651 0.415734806151 0.6
    endloop
  endfacet
  facet normal 0 0 -1
    outer loop
      vertex 0 0 -0.6
      vertex -0.27778511651 0.415734806151 -0.6
      vertex -0.257051372097 0.428864305 -0.6
    endloop
  endfacet
  facet normal 0 0 1
    outer loop
      vertex 0 0 0.6
      vertex -0.27778511651 0.415734806151 0.6
      vertex -0.297849652246 0.40160376574 0.6
    endloop
  endfacet
  facet normal 0 0 -1
    outer loop
      vertex 0 0 -0.6
      vertex -0.297849652246 0.40160376574 -0.6
      vertex -0.27778511651 0.415734806151 -0.6
    endloop
  endfacet
  facet normal 0 0 1
    outer loop
      vertex 0 0 0.6
      vertex -0.297849652246 0.40160376574 0.6
      vertex -0.317196642082 0.386505226681 0.6
    endloop
  endfacet
  facet normal 0 0 -1
    outer loop
      vertex 0 0 -0.6
      vertex -0.317196642082 0.386505226681 -0.6
      vertex -0.297849652246 0.40160376574 -0.6
    endloop
  endfacet
  facet normal 0 0 1
    outer loop
      vertex 0 0 0.6
      vertex -0.317196642082 0.386505226681 0.6
      vertex -0.335779477424 0.370475562677 0.6
    endloop
  endfacet
  facet normal 0 0 -1
    outer loop
      vertex 0 0 -0.6
      vertex -0.335779477424 0.370475562677 -0.6
      vertex -0.317196642082 0.386505226681 -0.6
    endloop
  endfacet
  facet normal 0 0 1
    outer loop
      vertex 0 0 0.6
      vertex -0.335779477424 0.370475562677 0.6
      vertex -0.353553390593 0.353553390593 0.6
    endloop
  endfacet
  facet normal 0 0 -1
    outer loop
      vertex 0 0 -0.6
      vertex -0.353553390593 0.353553390593 -0.6
      vertex -0.335779477424 0.370475562677 -0.6
    endloop
  endfacet
  facet normal 0 0 1
    outer loop
      vertex 0 0 0.6
      vertex -0.353553390593 0.353553390593 0.6
      vertex -0.370475562677 0.335779477424 0.6
    endloop
  endfacet
  facet normal 0 0 -1
    outer loop
      vertex 0 0 -0.6
      vertex -0.370475562677 0.335779477424 -0.6
      vertex -0.353553390593 0.353553390593 -0.6
    endloop
  endfacet
  facet normal 0 0 1
    outer loop
      vertex 0 0 0.6
      vertex -0.370475562677 0.335779477424 0.6
      vertex -0.386505226681 0.317196642082 0.6
    endloop
  endfacet
  facet normal 0 0 -1
    outer loop
      vertex 0 0 -0.6
      vertex -0.386505226681 0.317196642082 -0.6
      vertex -0.370475562677 0.335779477424 -0.6
    endloop
  endfacet
  facet normal 0 0 1
    outer loop
      vertex 0 0 0.6
      vertex -0.386505226681 0.317196642082 0.6
      vertex -0.40160376574 0.297849652246 0.6
    endloop
  endfacet
  facet normal 0 0 -1
    outer loop
      vertex 0 0 -0.6
      vertex -0.40160376574 0.297849652246 -0.6
      vertex -0.386505226681 0.317196642082 -0.6
    endloop
  endfacet
  facet normal 0 0 1
    outer loop
      vertex 0 0 0.6
      vertex -0.40160376574 0.297849652246 0.6
      vertex -0.415734806151 0.27778511651 0.6
    endloop
  endfacet
  facet normal 0 0 -1
    outer loop
      vertex 0 0 -0.6
      vertex -0.415734806151 0.27778511651 -0.6
      vertex -0.40160376574 0.297849652246 -0.6
    endloop
  endfacet
  facet normal 0 0 1
    outer loop
      vertex 0 0 0.6
      vertex -0.415734806151 0.27778511651 0.6
      vertex -0.428864305 0.257051372097 0.6
    endloop
  endfacet
  facet normal 0 0 -1
    outer loop
      vertex 0 0 -0.6
      vertex -0.428864305 0.257051372097 -0.6
      vertex -0.415734806151 0.27778511651 -0.6
    endloop
  endfacet
  facet normal 0 0 1
    outer loop
      vertex 0 0 0.6
      vertex -0.428864305 0.257051372097 0.6
      vertex -0.440960632174 0.235698368413 0.6
    endloop
  endfacet
  facet normal 0 0 -1
    outer loop
      vertex 0 0 -0.6
      vertex -0.440960632174 0.235698368413 -0.6
      vertex -0.428864305 0.257051372097 -0.6
    endloop
  endfacet
  facet normal 0 0 1
    outer loop
      vertex 0 0 0.6
      vertex -0.440960632174 0.235698368413 0.6
      vertex -0.451994646562 0.213777546715 0.6
    endloop
  endfacet
  facet normal 0 0 -1
    outer loop
      vertex 0 0 -0.6
      vertex -0.451994646562 0.213777546715 -0.6
      vertex -0.440960632174 0.235698368413 -0.6
    endloop
  endfacet
  facet normal 0 0 1
    outer loop
      vertex 0 0 0.6
      vertex -0.451994646562 0.213777546715 0.6
      vertex -0.461939766256 0.191341716183 0.6
    endloop
  endfacet
  facet normal 0 0 -1
    outer loop
      vertex 0 0 -0.6
      vertex -0.461939766256 0.191341716183 -0.6
      vertex -0.451994646562 0.213777546715 -0.6
    endloop
  endfacet
  facet normal 0 0 1
    outer loop
      vertex 0 0 0.6
      vertex -0.461939766256 0.191341716183 0.6
      vertex -0.470772032592 0.168444926696 0.6
    endloop
  endfacet
  facet normal 0 0 -1
    outer loop
      vertex 0 0 -0.6
      vertex -0.470772032592 0.168444926696 -0.6
      vertex -0.461939766256 0.191341716183 -0.6
    endloop
  endfacet
  facet normal 0 0 1
    outer loop
      vertex 0 0 0.6
      vertex -0.470772032592 0.168444926696 0.6
      vertex -0.478470167866 0.145142338627 0.6
    endloop
  endfacet
  facet normal 0 0 -1
    outer loop
      vertex 0 0 -0.6
      vertex -0.478470167866 0.145142338627 -0.6
      vertex -0.470772032592 0.168444926696 -0.6
    endloop
  endfacet
  facet normal 0 0 1
    outer loop
      vertex 0 0 0.6
      vertex -0.478470167866 0.145142338627 0.6
      vertex -0.485015626597 0.121490089952 0.6
    endloop
  endfacet
  facet normal 0 0 -1
    outer loop
      vertex 0 0 -0.6
      vertex -0.485015626597 0.121490089952 -0.6
      vertex -0.478470167866 0.145142338627 -0.6
    endloop
  endfacet
  facet normal 0 0 1
    outer loop
      vertex 0 0 0.6
      vertex -0.485015626597 0.121490089952 0.6
      vertex -0.490392640202 0.0975451610081 0.6
    endloop
  endfacet
  facet normal 0 0 -1
    outer loop
      vertex 0 0 -0.6
      vertex -0.490392640202 0.0975451610081 -0.6
      vertex -0.485015626597 0.121490089952 -0.6
    endloop
  endfacet
  facet normal 0 0 1
    outer loop
      vertex 0 0 0.6
      vertex -0.490392640202 0.0975451610081 0.6
      vertex -0.494588254982 0.0733652372277 0.6
    endloop
  endfacet
  facet normal 0 0 -1
    outer loop
      vertex 0 0 -0.6
      vertex -0.494588254982 0.0733652372277 -0.6
      vertex -0.490392640202 0.0975451610081 -0.6
    endloop
  endfacet
  facet normal 0 0 1
    outer loop
      vertex 0 0 0.6
      vertex -0.494588254982 0.0733652372277 0.6
      vertex -0.497592363336 0.0490085701648 0.6
    endloop
  endfacet
  facet normal 0 0 -1
    outer loop
      vertex 0 0 -0.6
      vertex -0.497592363336 0.0490085701648 -0.6
      vertex -0.494588254982 0.0733652372277 -0.6
    endloop
  endfacet
  facet normal 0 0 1
    outer loop
      vertex 0 0 0.6
      vertex -0.497592363336 0.0490085701648 0.6
      vertex -0.499397728103 0.0245338371637 0.6
    endloop
  endfacet
  facet normal 0 0 -1
    outer loop
      vertex 0 0 -0.6
      vertex -0.499397728103 0.0245338371637 -0.6
      vertex -0.497592363336 0.0490085701648 -0.6
    endloop
  endfacet
  facet normal 0 0 1
    outer loop
      vertex 0 0 0.6
      vertex -0.499397728103 0.0245338371637 0.6
      vertex -0.5 6.12323399574e-17 0.6
    endloop
  endfacet
  facet normal 0 0 -1
    outer loop
      vertex 0 0 -0.6
      vertex -0.5 6.12323399574e-17 -0.6
      vertex -0.499397728103 0.0245338371637 -0.6
    endloop
  endfacet
  facet normal 0 0 1
    outer loop
      vertex 0 0 0.6
      vertex -0.5 6.12323399574e-17 0.6
      vertex -0.499397728103 -0.0245338371637 0.6
    endloop
  endfacet
  facet normal -0 0 -1
    outer loop
      vertex 0 0 -0.6
      vertex -0.499397728103 -0.0245338371637 -0.6
      vertex -0.5 6.12323399574e-17 -0.6
    endloop
  endfacet
  facet normal 0 0 1
    outer loop
      vertex 0 0 0.6
      vertex -0.499397728103 -0.0245338371637 0.6
      vertex -0.497592363336 -0.0490085701648 0.6
    endloop
  endfacet
  facet normal 0 0 -1
    outer loop
      vertex 0 0 -0.6
      vertex -0.497592363336 -0.0490085701648 -0.6
      vertex -0.499397728103 -0.0245338371637 -0.6
    endloop
  endfacet
  facet normal 0 0 1
    outer loop
      vertex 0 0 0.6
      vertex -0.497592363336 -0.0490085701648 0.6
      vertex -0.494588254982 -0.0733652372277 0.6
    endloop
  endfacet
  facet normal 0 0 -1
    outer loop
      vertex 0 0 -0.6
      vertex -0.494588254982 -0.0733652372277 -0.6
      vertex -0.497592363336 -0.0490085701648 -0.6
    endloop
  endfacet
  facet normal 0 0 1
    outer loop
      vertex 0 0 0.6
      vertex -0.494588254982 -0.0733652372277 0.6
      vertex -0.490392640202 -0.0975451610081 0.6
    endloop
  endfacet
  facet normal 0 0 -1
    outer loop
      vertex 0 0 -0.6
      vertex -0.490392640202 -0.0975451610081 -0.6
      vertex -0.494588254982 -0.0733652372277 -0.6
    endloop
  endfacet
  facet normal 0 0 1
    outer loop
      vertex 0 0 0.6
      vertex -0.490392640202 -0.0975451610081 0.6
      vertex -0.485015626597 -0.121490089952 0.6
    endloop
  endfacet
  facet normal 0 0 -1
    outer loop
      vertex 0 0 -0.6
      vertex -0.485015626597 -0.121490089952 -0.6
      vertex -0.490392640202 -0.0975451610081 -0.6
    endloop
  endfacet
  facet normal 0 0 1
    outer loop
      vertex 0 0 0.6
      vertex -0.485015626597 -0.121490089952 0.6
      vertex -0.478470167866 -0.145142338627 0.6
    endloop
  endfacet
  facet normal 0 0 -1
    outer loop
      vertex 0 0 -0.6
      vertex -0.478470167866 -0.145142338627 -0.6
      vertex -0.485015626597 -0.121490089952 -0.6
    endloop
  endfacet
  facet normal 0 0 1
    outer loop
      vertex 0 0 0.6
      vertex -0.478470167866 -0.145142338627 0.6
      vertex -0.470772032592 -0.168444926696 0.6
    endloop
  endfacet
  facet normal 0 0 -1
    outer loop
      vertex 0 0 -0.6
      vertex -0.470772032592 -0.168444926696 -0.6
      vertex -0.478470167866 -0.145142338627 -0.6
    endloop
  endfacet
  facet normal 0 0 1
    outer loop
      vertex 0 0 0.6
      vertex -0.470772032592 -0.168444926696 0.6
      vertex -0.461939766256 -0.191341716183 0.6
    endloop
  endfacet
  facet normal 0 0 -1
    outer loop
      vertex 0 0 -0.6
      vertex -0.461939766256 -0.191341716183 -0.6
      vertex -0.470772032592 -0.168444926696 -0.6
    endloop
  endfacet
  facet normal 0 0 1
    outer loop
      vertex 0 0 0.6
      vertex -0.461939766256 -0.191341716183 0.6
      vertex -0.451994646562 -0.213777546715 0.6
    endloop
  endfacet
  facet normal 0 0 -1
    outer loop
      vertex 0 0 -0.6
      vertex -0.451994646562 -0.213777546715 -0.6
      vertex -0.461939766256 -0.191341716183 -0.6
    endloop
  endfacet
  facet normal 0 0 1
    outer loop
      vertex 0 0 0.6
      vertex -0.451994646562 -0.213777546715 0.6
      vertex -0.440960632174 -0.235698368413 0.6
    endloop
  endfacet
  facet normal 0 0 -1
    outer loop
      vertex 0 0 -0.6
      vertex -0.440960632174 -0.235698368413 -0.6
      vertex -0.451994646562 -0.213777546715 -0.6
    endloop
  endfacet
  facet normal 0 0 1
    outer loop
      vertex 0 0 0.6
      vertex -0.440960632174 -0.235698368413 0.6
      vertex -0.428864305 -0.257051372097 0.6
    endloop
  endfacet
  facet normal 0 0 -1
    outer loop
      vertex 0 0 -0.6
      vertex -0.428864305 -0.257051372097 -0.6
      vertex -0.440960632174 -0.235698368413 -0.6
    endloop
  endfacet
  facet normal 0 0 1
    outer loop
      vertex 0 0 0.6
      vertex -0.428864305 -0.257051372097 0.6
      vertex -0.415734806151 -0.27778511651 0.6
    endloop
  endfacet
  facet normal 0 0 -1
    outer loop
      vertex 0 0 -0.6
      vertex -0.415734806151 -0.27778511651 -0.6
      vertex -0.428864305 -0.257051372097 -0.6
    endloop
  endfacet
  facet normal 0 0 1
    outer loop
      vertex 0 0 0.6
      vertex -0.415734806151 -0.27778511651 0.6
      vertex -0.40160376574 -0.297849652246 0.6
    endloop
  endfacet
  facet normal 0 0 -1
    outer loop
      vertex 0 0 -0.6
      vertex -0.40160376574 -0.297849652246 -0.6
      vertex -0.415734806151 -0.27778511651 -0.6
    endloop
  endfacet
  facet normal 0 0 1
    outer loop
      vertex 0 0 0.6
      vertex -0.40160376574 -0.297849652246 0.6
      vertex -0.386505226681 -0.317196642082 0.6
    endloop
  endfacet
  facet normal 0 0 -1
    outer loop
      vertex 0 0 -0.6
      vertex -0.386505226681 -0.317196642082 -0.6
      vertex -0.40160376574 -0.297849652246 -0.6
    endloop
  endfacet
  facet normal 0 0 1
    outer loop
      vertex 0 0 0.6
      vertex -0.386505226681 -0.317196642082 0.6
      vertex -0.370475562677 -0.335779477424 0.6
    endloop
  endfacet
  facet normal 0 0 -1
    outer loop
      vertex 0 0 -0.6
      vertex -0.370475562677 -0.335779477424 -0.6
      vertex -0.386505226681 -0.317196642082 -0.6
    endloop
  endfacet
  facet normal 0 0 1
    outer loop
      vertex 0 0 0.6
      vertex -0.370475562677 -0.335779477424 0.6
      vertex -0.353553390593 -0.353553390593 0.6
    endloop
  endfacet
  facet normal 0 0 -1
    outer loop
      vertex 0 0 -0.6
      vertex -0.353553390593 -0.353553390593 -0.6
      vertex -0.370475562677 -0.335779477424 -0.6
    endloop
  endfacet
  facet normal 0 0 1
    outer loop
      vertex 0 0 0.6
      vertex -0.353553390593 -0.353553390593 0.6
      vertex -0.335779477424 -0.370475562677 0.6
    endloop
  endfacet
  facet normal 0 0 -1
    outer loop
      vertex 0 0 -0.6
      vertex -0.335779477424 -0.370475562677 -0.6
      vertex -0.353553390593 -0.353553390593 -0.6
    endloop
  endfacet
  facet normal 0 0 1
    outer loop
      vertex 0 0 0.6
      vertex -0.335779477424 -0.370475562677 0.6
      vertex -0.317196642082 -0.386505226681 0.6
    endloop
  endfacet
  facet normal 0 0 -1
    outer loop
      vertex 0 0 -0.6
      vertex -0.317196642082 -0.386505226681 -0.6
      vertex -0.335779477424 -0.370475562677 -0.6
    endloop
  endfacet
  facet normal 0 0 1
    outer loop
      vertex 0 0 0.6
      vertex -0.317196642082 -0.386505226681 0.6
      vertex -0.297849652246 -0.40160376574 0.6
    endloop
  endfacet
  facet normal 0 0 -1
    outer loop
      vertex 0 0 -0.6
      vertex -0.297849652246 -0.40160376574 -0.6
      vertex -0.317196642082 -0.386505226681 -0.6
    endloop
  endfacet
  facet normal 0 0 1
    outer loop
      vertex 0 0 0.6
      vertex -0.297849652246 -0.40160376574 0.6
      vertex -0.27778511651 -0.415734806151 0.6
    endloop
  endfacet
  facet normal 0 0 -1
    outer loop
      vertex 0 0 -0.6
      vertex -0.27778511651 -0.415734806151 -0.6
      vertex -0.297849652246 -0.40160376574 -0.6
    endloop
  endfacet
  facet normal 0 0 1
    outer loop
      vertex 0 0 0.6
      vertex -0.27778511651 -0.415734806151 0.6
      vertex -0.257051372097 -0.428864305 0.6
    endloop
  endfacet
  facet normal 0 0 -1
    outer loop
      vertex 0 0 -0.6
      vertex -0.257051372097 -0.428864305 -0.6
      vertex -0.27778511651 -0.415734806151 -0.6
    endloop
  endfacet
  facet normal 0 0 1
    outer loop
      vertex 0 0 0.6
      vertex -0.257051372097 -0.428864305 0.6
      vertex -0.235698368413 -0.440960632174 0.6
    endloop
  endfacet
  facet normal 0 0 -1
    outer loop
      vertex 0 0 -0.6
      vertex -0.235698368413 -0.440960632174 -0.6
      vertex -0.257051372097 -0.428864305 -0.6
    endloop
  endfacet
  facet normal 0 0 1
    outer loop
      vertex 0 0 0.6
      vertex -0.235698368413 -0.440960632174 0.6
      vertex -0.213777546715 -0.451994646562 0.6
    endloop
  endfacet
  facet normal 0 0 -1
    outer loop
      vertex 0 0 -0.6
      vertex -0.213777546715 -0.451994646562 -0.6
      vertex -0.235698368413 -0.440960632174 -0.6
    endloop
  endfacet
  facet normal 0 0 1
    outer loop
      vertex 0 0 0.6
      vertex -0.213777546715 -0.451994646562 0.6
      vertex -0.191341716183 -0.461939766256 0.6
    endloop
  endfacet
  facet normal 0 0 -1
    outer loop
      vertex 0 0 -0.6
      vertex -0.191341716183 -0.461939766256 -0.6
      vertex -0.213777546715 -0.451994646562 -0.6
    endloop
  endfacet
  facet normal 0 0 1
    outer loop
      vertex 0 0 0.6
      vertex -0.191341716183 -0.461939766256 0.6
      vertex -0.168444926696 -0.470772032592 0.6
    endloop
  endfacet
  facet normal 0 0 -1
    outer loop
      vertex 0 0 -0.6
      vertex -0.168444926696 -0.470772032592 -0.6
      vertex -0.191341716183 -0.461939766256 -0.6
    endloop
  endfacet
  facet normal 0 0 1
    outer loop
      vertex 0 0 0.6
      vertex -0.168444926696 -0.470772032592 0.6
      vertex -0.145142338627 -0.478470167866 0.6
    endloop
  endfacet
  facet normal 0 0 -1
    outer loop
      vertex 0 0 -0.6
      vertex -0.145142338627 -0.478470167866 -0.6
      vertex -0.168444926696 -0.470772032592 -0.6
    endloop
  endfacet
  facet normal 0 0 1
    outer loop
      vertex 0 0 0.6
      vertex -0.145142338627 -0.478470167866 0.6
      vertex -0.121490089952 -0.485015626597 0.6
    endloop
  endfacet
  facet normal 0 0 -1
    outer loop
      vertex 0 0 -0.6
      vertex -0.121490089952 -0.485015626597 -0.6
      vertex -0.145142338627 -0.478470167866 -0.6
    endloop
  endfacet
  facet normal 0 0 1
    outer loop
      vertex 0 0 0.6
      vertex -0.121490089952 -0.485015626597 0.6
      vertex -0.0975451610081 -0.490392640202 0.6
    endloop
  endfacet
  facet normal 0 0 -1
    outer loop
      vertex 0 0 -0.6
      vertex -0.0975451610081 -0.490392640202 -0.6
      vertex -0.121490089952 -0.485015626597 -0.6
    endloop
  endfacet
  facet normal 0 0 1
    outer loop
      vertex 0 0 0.6
      vertex -0.0975451610081 -0.490392640202 0.6
      vertex -0.0733652372277 -0.494588254982 0.6
    endloop
  endfacet
  facet normal 0 0 -1
    outer loop
      vertex 0 0 -0.6
      vertex -0.0733652372277 -0.494588254982 -0.6
      vertex -0.0975451610081 -0.490392640202 -0.6
    endloop
  endfacet
  facet normal 0 0 1
    outer loop
      vertex 0 0 0.6
      vertex -0.0733652372277 -0.494588254982 0.6
      vertex -0.0490085701648 -0.497592363336 0.6
    endloop
  endfacet
  facet normal 0 0 -1
    outer loop
      vertex 0 0 -0.6
      vertex -0.0490085701648 -0.497592363336 -0.6
      vertex -0.0733652372277 -0.494588254982 -0.6
    endloop
  endfacet
  facet normal 0 0 1
    outer loop
      vertex 0 0 0.6
      vertex -0.0490085701648 -0.497592363336 0.6
      vertex -0.0245338371637 -0.499397728103 0.6
    endloop
  endfacet
  facet normal 0 0 -1
    outer loop
      vertex 0 0 -0.6
      vertex -0.0245338371637 -0.499397728103 -0.6
      vertex -0.0490085701648 -0.497592363336 -0.6
    endloop
  endfacet
  facet normal 0 0 1
    outer loop
      vertex 0 0 0.6
      vertex -0.0245338371637 -0.499397728103 0.6
      vertex -9.18485099361e-17 -0.5 0.6
    endloop
  endfacet
  facet normal 0 0 -1
    outer loop
      vertex 0 0 -0.6
      vertex -9.18485099361e-17 -0.5 -0.6
      vertex -0.0245338371637 -0.499397728103 -0.6
    endloop
  endfacet
  facet normal 0 0 1
    outer loop
      vertex 0 0 0.6
      vertex -9.18485099361e-17 -0.5 0.6
      vertex 0.0245338371637 -0.499397728103 0.6
    endloop
  endfacet
  facet normal 0 -0 -1
    outer loop
      vertex 0 0 -0.6
      vertex 0.0245338371637 -0.499397728103 -0.6
      vertex -9.18485099361e-17 -0.5 -0.6
    endloop
  endfacet
  facet normal 0 0 1
    outer loop
      vertex 0 0 0.6
      vertex 0.0245338371637 -0.499397728103 0.6
      vertex 0.0490085701648 -0.497592363336 0.6
    endloop
  endfacet
  facet normal 0 0 -1
    outer loop
      vertex 0 0 -0.6
      vertex 0.0490085701648 -0.497592363336 -0.6
      vertex 0.0245338371637 -0.499397728103 -0.6
    endloop
  endfacet
  facet normal 0 0 1
    outer loop
      vertex 0 0 0.6
      vertex 0.0490085701648 -0.497592363336 0.6
      vertex 0.0733652372277 -0.494588254982 0.6
    endloop
  endfacet
  facet normal 0 0 -1
    outer loop
      vertex 0 0 -0.6
      vertex 0.0733652372277 -0.494588254982 -0.6
      vertex 0.0490085701648 -0.497592363336 -0.6
    endloop
  endfacet
  facet normal 0 0 1
    outer loop
      vertex 0 0 0.6
      vertex 0.0733652372277 -0.494588254982 0.6
      vertex 0.0975451610081 -0.490392640202 0.6
    endloop
  endfacet
  facet normal 0 0 -1
    outer loop
      vertex 0 0 -0.6
      vertex 0.0975451610081 -0.490392640202 -0.6
      vertex 0.0733652372277 -0.494588254982 -0.6
    endloop
  endfacet
  facet normal 0 0 1
    outer loop
      vertex 0 0 0.6
      vertex 0.0975451610081 -0.490392640202 0.6
      vertex 0.121490089952 -0.485015626597 0.6
    endloop
  endfacet
  facet normal 0 0 -1
    outer loop
      vertex 0 0 -0.6
      vertex 0.121490089952 -0.485015626597 -0.6
      vertex 0.0975451610081 -0.490392640202 -0.6
    endloop
  endfacet
  facet normal 0 0 1
    outer loop
      vertex 0 0 0.6
      vertex 0.121490089952 -0.485015626597 0.6
      vertex 0.145142338627 -0.478470167866 0.6
    endloop
  endfacet
  facet normal 0 0 -1
    outer loop
      vertex 0 0 -0.6
      vertex 0.145142338627 -0.478470167866 -0.6
      vertex 0.121490089952 -0.485015626597 -0.6
    endloop
  endfacet
  facet normal 0 0 1
    outer loop
      vertex 0 0 0.6
      vertex 0.145142338627 -0.478470167866 0.6
      vertex 0.168444926696 -0.470772032592 0.6
    endloop
  endfacet
  facet normal 0 0 -1
    outer loop
      vertex 0 0 -0.6
      vertex 0.168444926696 -0.470772032592 -0.6
      vertex 0.145142338627 -0.478470167866 -0.6
    endloop
  endfacet
  facet normal 0 0 1
    outer loop
      vertex 0 0 0.6
      vertex 0.168444926696 -0.470772032592 0.6
      vertex 0.191341716183 -0.461939766256 0.6
    endloop
  endfacet
  facet normal 0 0 -1
    outer loop
      vertex 0 0 -0.6
      vertex 0.191341716183 -0.461939766256 -0.6
      vertex 0.168444926696 -0.470772032592 -0.6
    endloop
  endfacet
  facet normal 0 0 1
    outer loop
      vertex 0 0 0.6
      vertex 0.191341716183 -0.461939766256 0.6
      vertex 0.213777546715 -0.451994646562 0.6
    endloop
  endfacet
  facet normal 0 0 -1
    outer loop
      vertex 0 0 -0.6
      vertex 0.213777546715 -0.451994646562 -0.6
      vertex 0.191341716183 -0.461939766256 -0.6
    endloop
  endfacet
  facet normal 0 0 1
    outer loop
      vertex 0 0 0.6
      vertex 0.213777546715 -0.451994646562 0.6
      vertex 0.235698368413 -0.440960632174 0.6
    endloop
  endfacet
  facet normal 0 0 -1
    outer loop
      vertex 0 0 -0.6
      vertex 0.235698368413 -0.440960632174 -0.6
      vertex 0.213777546715 -0.451994646562 -0.6
    endloop
  endfacet
  facet normal 0 0 1
    outer loop
      vertex 0 0 0.6
      vertex 0.235698368413 -0.440960632174 0.6
      vertex 0.257051372097 -0.428864305 0.6
    endloop
  endfacet
  facet normal 0 0 -1
    outer loop
      vertex 0 0 -0.6
      vertex 0.257051372097 -0.428864305 -0.6
      vertex 0.235698368413 -0.440960632174 -0.6
    endloop
  endfacet
  facet normal 0 0 1
    outer loop
      vertex 0 0 0.6
      vertex 0.257051372097 -0.428864305 0.6
      vertex 0.27778511651 -0.415734806151 0.6
    endloop
  endfacet
  facet normal 0 0 -1
    outer loop
      vertex 0 0 -0.6
      vertex 0.27778511651 -0.415734806151 -0.6
      vertex 0.257051372097 -0.428864305 -0.6
    endloop
  endfacet
  facet normal 0 0 1
    outer loop
      vertex 0 0 0.6
      vertex 0.27778511651 -0.415734806151 0.6
      vertex 0.297849652246 -0.40160376574 0.6
    endloop
  endfacet
  facet normal 0 0 -1
    outer loop
      vertex 0 0 -0.6
      vertex 0.297849652246 -0.40160376574 -0.6
      vertex 0.27778511651 -0.415734806151 -0.6
    endloop
  endfacet
  facet normal 0 0 1
    outer loop
      vertex 0 0 0.6
      vertex 0.297849652246 -0.40160376574 0.6
      vertex 0.317196642082 -0.386505226681 0.6
    endloop
  endfacet
  facet normal 0 0 -1
    outer loop
      vertex 0 0 -0.6
      vertex 0.317196642082 -0.386505226681 -0.6
      vertex 0.297849652246 -0.40160376574 -0.6
    endloop
  endfacet
  facet normal 0 0 1
    outer loop
      vertex 0 0 0.6
      vertex 0.317196642082 -0.386505226681 0.6
      vertex 0.335779477424 -0.370475562677 0.6
    endloop
  endfacet
  facet normal 0 0 -1
    outer loop
      vertex 0 0 -0.6
      vertex 0.335779477424 -0.370475562677 -0.6
      vertex 0.317196642082 -0.386505226681 -0.6
    endloop
  endfacet
  facet normal 0 0 1
    outer loop
      vertex 0 0 0.6
      vertex 0.335779477424 -0.370475562677 0.6
      vertex 0.353553390593 -0.353553390593 0.6
    endloop
  endfacet
  facet normal 0 0 -1
    outer loop
      vertex 0 0 -0.6
      vertex 0.353553390593 -0.353553390593 -0.6
      vertex 0.335779477424 -0.370475562677 -0.6
    endloop
  endfacet
  facet normal 0 0 1
    outer loop
      vertex 0 0 0.6
      vertex 0.353553390593 -0.353553390593 0.6
      vertex 0.370475562677 -0.335779477424 0.6
    endloop
  endfacet
  facet normal 0 0 -1
    outer loop
      vertex 0 0 -0.6
      vertex 0.370475562677 -0.335779477424 -0.6
      vertex 0.353553390593 -0.353553390593 -0.6
    endloop
  endfacet
  facet normal 0 0 1
    outer loop
      vertex 0 0 0.6
      vertex 0.370475562677 -0.335779477424 0.6
      vertex 0.386505226681 -0.317196642082 0.6
    endloop
  endfacet
  facet normal 0 0 -1
    outer loop
      vertex 0 0 -0.6
      vertex 0.386505226681 -0.317196642082 -0.6
      vertex 0.370475562677 -0.335779477424 -0.6
    endloop
  endfacet
  facet normal 0 0 1
    outer loop
      vertex 0 0 0.6
      vertex 0.386505226681 -0.317196642082 0.6
      vertex 0.40160376574 -0.297849652246 0.6
    endloop
  endfacet
  facet normal 0 0 -1
    outer loop
      vertex 0 0 -0.6
      vertex 0.40160376574 -0.297849652246 -0.6
      vertex 0.386505226681 -0.317196642082 -0.6
    endloop
  endfacet
  facet normal 0 0 1
    outer loop
      vertex 0 0 0.6
      vertex 0.40160376574 -0.297849652246 0.6
      vertex 0.415734806151 -0.27778511651 0.6
    endloop
  endfacet
  facet normal 0 0 -1
    outer loop
      vertex 0 0 -0.6
      vertex 0.415734806151 -0.27778511651 -0.6
      vertex 0.40160376574 -0.297849652246 -0.6
    endloop
  endfacet
  facet normal 0 0 1
    outer loop
      vertex 0 0 0.6
      vertex 0.415734806151 -0.27778511651 0.6
      vertex 0.428864305 -0.257051372097 0.6
    endloop
  endfacet
  facet normal 0 0 -1
    outer loop
      vertex 0 0 -0.6
      vertex 0.428864305 -0.257051372097 -0.6
      vertex 0.415734806151 -0.27778511651 -0.6
    endloop
  endfacet
  facet normal 0 0 1
    outer loop
      vertex 0 0 0.6
      vertex 0.428864305 -0.257051372097 0.6
      vertex 0.440960632174 -0.235698368413 0.6
    endloop
  endfacet
  facet normal 0 0 -1
    outer loop
      vertex 0 0 -0.6
      vertex 0.440960632174 -0.235698368413 -0.6
      vertex 0.428864305 -0.257051372097 -0.6
    endloop
  endfacet
  facet normal 0 0 1
    outer loop
      vertex 0 0 0.6
      vertex 0.440960632174 -0.235698368413 0.6
      vertex 0.451994646562 -0.213777546715 0.6
    endloop
  endfacet
  facet normal 0 0 -1
    outer loop
      vertex 0 0 -0.6
      vertex 0.451994646562 -0.213777546715 -0.6
      vertex 0.440960632174 -0.235698368413 -0.6
    endloop
  endfacet
  facet normal 0 0 1
    outer loop
      vertex 0 0 0.6
      vertex 0.451994646562 -0.213777546715 0.6
      vertex 0.461939766256 -0.191341716183 0.6
    endloop
  endfacet
  facet normal 0 0 -1
    outer loop
      vertex 0 0 -0.6
      vertex 0.461939766256 -0.191341716183 -0.6
      vertex 0.451994646562 -0.213777546715 -0.6
    endloop
  endfacet
  facet normal 0 0 1
    outer loop
      vertex 0 0 0.6
      vertex 0.461939766256 -0.191341716183 0.6
      vertex 0.470772032592 -0.168444926696 0.6
    endloop
  endfacet
  facet normal 0 0 -1
    outer loop
      vertex 0 0 -0.6
      vertex 0.470772032592 -0.168444926696 -0.6
      vertex 0.461939766256 -0.191341716183 -0.6
    endloop
  endfacet
  facet normal 0 0 1
    outer loop
      vertex 0 0 0.6
      vertex 0.470772032592 -0.168444926696 0.6
      vertex 0.478470167866 -0.145142338627 0.6
    endloop
  endfacet
  facet normal 0 0 -1
    outer loop
      vertex 0 0 -0.6
      vertex 0.478470167866 -0.145142338627 -0.6
      vertex 0.470772032592 -0.168444926696 -0.6
    endloop
  endfacet
  facet normal 0 0 1
    outer loop
      vertex 0 0 0.6
      vertex 0.478470167866 -0.145142338627 0.6
      vertex 0.485015626597 -0.121490089952 0.6
    endloop
  endfacet
  facet normal 0 0 -1
    outer loop
      vertex 0 0 -0.6
      vertex 0.485015626597 -0.121490089952 -0.6
      vertex 0.478470167866 -0.145142338627 -0.6
    endloop
  endfacet
  facet normal 0 0 1
    outer loop
      vertex 0 0 0.6
      vertex 0.485015626597 -0.121490089952 0.6
      vertex 0.490392640202 -0.0975451610081 0.6
    endloop
  endfacet
  facet normal 0 0 -1
    outer loop
      vertex 0 0 -0.6
      vertex 0.490392640202 -0.0975451610081 -0.6
      vertex 0.485015626597 -0.121490089952 -0.6
    endloop
  endfacet
  facet normal 0 0 1
    outer loop
      vertex 0 0 0.6
      vertex 0.490392640202 -0.0975451610081 0.6
      vertex 0.494588254982 -0.0733652372277 0.6
    endloop
  endfacet
  facet normal 0 0 -1
    outer loop
      vertex 0 0 -0.6
      vertex 0.494588254982 -0.0733652372277 -0.6
      vertex 0.490392640202 -0.0975451610081 -0.6
    endloop
  endfacet
  facet normal 0 0 1
    outer loop
      vertex 0 0 0.6
      vertex 0.494588254982 -0.0733652372277 0.6
      vertex 0.497592363336 -0.0490085701648 0.6
    endloop
  endfacet
  facet normal 0 0 -1
    outer loop
      vertex 0 0 -0.6
      vertex 0.497592363336 -0.0490085701648 -0.6
      vertex 0.494588254982 -0.0733652372277 -0.6
    endloop
  endfacet
  facet normal 0 0 1
    outer loop
      vertex 0 0 0.6
      vertex 0.497592363336 -0.0490085701648 0.6
      vertex 0.499397728103 -0.0245338371637 0.6
    endloop
  endfacet
  facet normal 0 0 -1
    outer loop
      vertex 0 0 -0.6
      vertex 0.499397728103 -0.0245338371637 -0.6
      vertex 0.497592363336 -0.0490085701648 -0.6
    endloop
  endfacet
  facet normal 0 0 1
    outer loop
      vertex 0 0 0.6
      vertex 0.499397728103 -0.0245338371637 0.6
      vertex 0.5 -1.22464679915e-16 0.6
    endloop
  endfacet
  facet normal 0 0 -1
    outer loop
      vertex 0 0 -0.6
      vertex 0.5 -1.22464679915e-16 -0.6
      vertex 0.499397728103 -0.0245338371637 -0.6
    endloop
  endfacet
endsolid openonda_cylinder
