/*--------------------------------*- C++ -*----------------------------------*\
| =========                 |                                                 |\
| \      /  F ield         | OpenONDA native export                            |\
|  \    /   O p e n F o a m|                                                 |\
|   \  /    A p p l i c a t i o n |                                         |\
|    \/     M e s h         |                                                 |\
\*---------------------------------------------------------------------------*/
FoamFile
{
    version     2.0;
    format      ascii;
    class       labelList;
    object      neighbour;
}
115242
(
1
3
10048
20502
21066
31310
2
5
10049
21067
31311
6
9
10050
21068
31312
4
5
10051
20503
31313
7
21
10052
20504
31314
6
7
10053
31315
8
13
10054
31316
8
23
10055
31317
15
24
10056
31318
10
13
10057
21069
31319
11
14
10058
21070
31320
12
17
10059
21071
31321
18
49
10060
21072
31322
14
15
10061
31323
16
17
10062
31324
16
33
10063
31325
19
34
10064
31326
18
19
10065
31327
20
53
10066
31328
20
37
10067
31329
38
55
10068
31330
22
23
10069
20505
31331
25
27
10070
20506
31332
24
25
10071
31333
26
33
10072
31334
26
29
10073
31335
30
35
10074
31336
28
29
10075
20507
31337
31
441
10076
20508
31338
30
31
10077
31339
32
41
10078
31340
32
443
10079
31341
43
444
10080
31342
34
35
10081
31343
36
37
10082
31344
36
41
10083
31345
39
42
10084
31346
38
39
10085
31347
40
73
10086
31348
40
45
10087
31349
46
75
10088
31350
42
43
10089
31351
44
45
10090
31352
44
453
10091
31353
47
454
10092
31354
46
47
10093
31355
48
81
10094
31356
48
457
10095
31357
83
458
10096
31358
50
53
10097
21073
31359
51
54
10098
21074
31360
52
57
10099
21075
31361
58
61
10100
21076
31362
54
55
10101
31363
56
57
10102
31364
56
73
10103
31365
59
74
10104
31366
58
59
10105
31367
60
65
10106
31368
60
77
10107
31369
67
78
10108
31370
62
65
10109
21077
31371
63
66
10110
21078
31372
64
69
10111
21079
31373
70
105
10112
21080
31374
66
67
10113
31375
68
69
10114
31376
68
89
10115
31377
71
90
10116
31378
70
71
10117
31379
72
109
10118
31380
72
93
10119
31381
94
111
10120
31382
74
75
10121
31383
76
77
10122
31384
76
81
10123
31385
79
82
10124
31386
78
79
10125
31387
80
89
10126
31388
80
85
10127
31389
86
91
10128
31390
82
83
10129
31391
84
85
10130
31392
84
497
10131
31393
87
498
10132
31394
86
87
10133
31395
88
97
10134
31396
88
501
10135
31397
99
502
10136
31398
90
91
10137
31399
92
93
10138
31400
92
97
10139
31401
95
98
10140
31402
94
95
10141
31403
96
129
10142
31404
96
101
10143
31405
102
131
10144
31406
98
99
10145
31407
100
101
10146
31408
100
513
10147
31409
103
514
10148
31410
102
103
10149
31411
104
137
10150
31412
104
517
10151
31413
139
518
10152
31414
106
109
10153
21081
31415
107
110
10154
21082
31416
108
113
10155
21083
31417
114
117
10156
21084
31418
110
111
10157
31419
112
113
10158
31420
112
129
10159
31421
115
130
10160
31422
114
115
10161
31423
116
121
10162
31424
116
133
10163
31425
123
134
10164
31426
118
121
10165
21085
31427
119
122
10166
21086
31428
120
125
10167
21087
31429
126
161
10168
21088
31430
122
123
10169
31431
124
125
10170
31432
124
145
10171
31433
127
146
10172
31434
126
127
10173
31435
128
165
10174
31436
128
149
10175
31437
150
167
10176
31438
130
131
10177
31439
132
133
10178
31440
132
137
10179
31441
135
138
10180
31442
134
135
10181
31443
136
145
10182
31444
136
141
10183
31445
142
147
10184
31446
138
139
10185
31447
140
141
10186
31448
140
681
10187
31449
143
682
10188
31450
142
143
10189
31451
144
153
10190
31452
144
685
10191
31453
155
686
10192
31454
146
147
10193
31455
148
149
10194
31456
148
153
10195
31457
151
154
10196
31458
150
151
10197
31459
152
185
10198
31460
152
157
10199
31461
158
187
10200
31462
154
155
10201
31463
156
157
10202
31464
156
697
10203
31465
159
698
10204
31466
158
159
10205
31467
160
193
10206
31468
160
701
10207
31469
195
702
10208
31470
162
165
10209
21089
31471
163
166
10210
21090
31472
164
169
10211
21091
31473
170
173
10212
21092
31474
166
167
10213
31475
168
169
10214
31476
168
185
10215
31477
171
186
10216
31478
170
171
10217
31479
172
177
10218
31480
172
189
10219
31481
179
190
10220
31482
174
177
10221
21093
31483
175
178
10222
21094
31484
176
181
10223
21095
31485
182
217
10224
21096
31486
178
179
10225
31487
180
181
10226
31488
180
201
10227
31489
183
202
10228
31490
182
183
10229
31491
184
221
10230
31492
184
205
10231
31493
206
223
10232
31494
186
187
10233
31495
188
189
10234
31496
188
193
10235
31497
191
194
10236
31498
190
191
10237
31499
192
201
10238
31500
192
197
10239
31501
198
203
10240
31502
194
195
10241
31503
196
197
10242
31504
196
745
10243
31505
199
746
10244
31506
198
199
10245
31507
200
209
10246
31508
200
749
10247
31509
211
750
10248
31510
202
203
10249
31511
204
205
10250
31512
204
209
10251
31513
207
210
10252
31514
206
207
10253
31515
208
241
10254
31516
208
213
10255
31517
214
243
10256
31518
210
211
10257
31519
212
213
10258
31520
212
761
10259
31521
215
762
10260
31522
214
215
10261
31523
216
249
10262
31524
216
765
10263
31525
251
766
10264
31526
218
221
10265
21097
31527
219
222
10266
21098
31528
220
225
10267
21099
31529
226
229
10268
21100
31530
222
223
10269
31531
224
225
10270
31532
224
241
10271
31533
227
242
10272
31534
226
227
10273
31535
228
233
10274
31536
228
245
10275
31537
235
246
10276
31538
230
233
10277
21101
31539
231
234
10278
21102
31540
232
237
10279
21103
31541
238
273
10280
21104
31542
234
235
10281
31543
236
237
10282
31544
236
257
10283
31545
239
258
10284
31546
238
239
10285
31547
240
277
10286
31548
240
261
10287
31549
262
279
10288
31550
242
243
10289
31551
244
245
10290
31552
244
249
10291
31553
247
250
10292
31554
246
247
10293
31555
248
257
10294
31556
248
253
10295
31557
254
259
10296
31558
250
251
10297
31559
252
253
10298
31560
252
1489
10299
31561
255
1490
10300
31562
254
255
10301
31563
256
265
10302
31564
256
1493
10303
31565
267
1494
10304
31566
258
259
10305
31567
260
261
10306
31568
260
265
10307
31569
263
266
10308
31570
262
263
10309
31571
264
297
10310
31572
264
269
10311
31573
270
299
10312
31574
266
267
10313
31575
268
269
10314
31576
268
1505
10315
31577
271
1506
10316
31578
270
271
10317
31579
272
305
10318
31580
272
1509
10319
31581
307
1510
10320
31582
274
277
10321
21105
31583
275
278
10322
21106
31584
276
281
10323
21107
31585
282
285
10324
21108
31586
278
279
10325
31587
280
281
10326
31588
280
297
10327
31589
283
298
10328
31590
282
283
10329
31591
284
289
10330
31592
284
301
10331
31593
291
302
10332
31594
286
289
10333
21109
31595
287
290
10334
21110
31596
288
293
10335
21111
31597
294
329
10336
21112
31598
290
291
10337
31599
292
293
10338
31600
292
313
10339
31601
295
314
10340
31602
294
295
10341
31603
296
333
10342
31604
296
317
10343
31605
318
335
10344
31606
298
299
10345
31607
300
301
10346
31608
300
305
10347
31609
303
306
10348
31610
302
303
10349
31611
304
313
10350
31612
304
309
10351
31613
310
315
10352
31614
306
307
10353
31615
308
309
10354
31616
308
1553
10355
31617
311
1554
10356
31618
310
311
10357
31619
312
321
10358
31620
312
1557
10359
31621
323
1558
10360
31622
314
315
10361
31623
316
317
10362
31624
316
321
10363
31625
319
322
10364
31626
318
319
10365
31627
320
353
10366
31628
320
325
10367
31629
326
355
10368
31630
322
323
10369
31631
324
325
10370
31632
324
1569
10371
31633
327
1570
10372
31634
326
327
10373
31635
328
361
10374
31636
328
1573
10375
31637
363
1574
10376
31638
330
333
10377
21113
31639
331
334
10378
21114
31640
332
337
10379
21115
31641
338
341
10380
21116
31642
334
335
10381
31643
336
337
10382
31644
336
353
10383
31645
339
354
10384
31646
338
339
10385
31647
340
345
10386
31648
340
357
10387
31649
347
358
10388
31650
342
345
10389
21117
31651
343
346
10390
21118
31652
344
349
10391
21119
31653
350
385
10392
21120
31654
346
347
10393
31655
348
349
10394
31656
348
369
10395
31657
351
370
10396
31658
350
351
10397
31659
352
389
10398
31660
352
373
10399
31661
374
391
10400
31662
354
355
10401
31663
356
357
10402
31664
356
361
10403
31665
359
362
10404
31666
358
359
10405
31667
360
369
10406
31668
360
365
10407
31669
366
371
10408
31670
362
363
10409
31671
364
365
10410
31672
364
1745
10411
31673
367
1746
10412
31674
366
367
10413
31675
368
377
10414
31676
368
1749
10415
31677
379
1750
10416
31678
370
371
10417
31679
372
373
10418
31680
372
377
10419
31681
375
378
10420
31682
374
375
10421
31683
376
409
10422
31684
376
381
10423
31685
382
411
10424
31686
378
379
10425
31687
380
381
10426
31688
380
1761
10427
31689
383
1762
10428
31690
382
383
10429
31691
384
417
10430
31692
384
1765
10431
31693
419
1766
10432
31694
386
389
10433
21121
31695
387
390
10434
21122
31696
388
393
10435
21123
31697
394
397
10436
21124
31698
390
391
10437
31699
392
393
10438
31700
392
409
10439
31701
395
410
10440
31702
394
395
10441
31703
396
401
10442
31704
396
413
10443
31705
403
414
10444
31706
398
401
10445
21125
31707
399
402
10446
21126
31708
400
405
10447
21127
31709
406
2569
10448
21128
31710
402
403
10449
31711
404
405
10450
31712
404
425
10451
31713
407
426
10452
31714
406
407
10453
31715
408
2573
10454
31716
408
429
10455
31717
430
2575
10456
31718
410
411
10457
31719
412
413
10458
31720
412
417
10459
31721
415
418
10460
31722
414
415
10461
31723
416
425
10462
31724
416
421
10463
31725
422
427
10464
31726
418
419
10465
31727
420
421
10466
31728
420
1809
10467
31729
423
1810
10468
31730
422
423
10469
31731
424
433
10470
31732
424
1813
10471
31733
435
1814
10472
31734
426
427
10473
31735
428
429
10474
31736
428
433
10475
31737
431
434
10476
31738
430
431
10477
31739
432
2593
10478
31740
432
437
10479
31741
438
2595
10480
31742
434
435
10481
31743
436
437
10482
31744
436
1825
10483
31745
439
1826
10484
31746
438
439
10485
31747
440
2601
10486
31748
440
1829
10487
31749
1830
2603
10488
31750
442
443
10489
20509
31751
445
447
10490
20510
31752
444
445
10491
31753
446
453
10492
31754
446
449
10493
31755
450
455
10494
31756
448
449
10495
20511
31757
451
469
10496
20512
31758
450
451
10497
31759
452
461
10498
31760
452
471
10499
31761
463
472
10500
31762
454
455
10501
31763
456
457
10502
31764
456
461
10503
31765
459
462
10504
31766
458
459
10505
31767
460
497
10506
31768
460
465
10507
31769
466
499
10508
31770
462
463
10509
31771
464
465
10510
31772
464
481
10511
31773
467
482
10512
31774
466
467
10513
31775
468
505
10514
31776
468
485
10515
31777
486
507
10516
31778
470
471
10517
20513
31779
473
475
10518
20514
31780
472
473
10519
31781
474
481
10520
31782
474
477
10521
31783
478
483
10522
31784
476
477
10523
20515
31785
479
561
10524
20516
31786
478
479
10525
31787
480
489
10526
31788
480
563
10527
31789
491
564
10528
31790
482
483
10529
31791
484
485
10530
31792
484
489
10531
31793
487
490
10532
31794
486
487
10533
31795
488
529
10534
31796
488
493
10535
31797
494
531
10536
31798
490
491
10537
31799
492
493
10538
31800
492
573
10539
31801
495
574
10540
31802
494
495
10541
31803
496
537
10542
31804
496
577
10543
31805
539
578
10544
31806
498
499
10545
31807
500
501
10546
31808
500
505
10547
31809
503
506
10548
31810
502
503
10549
31811
504
513
10550
31812
504
509
10551
31813
510
515
10552
31814
506
507
10553
31815
508
509
10554
31816
508
529
10555
31817
511
530
10556
31818
510
511
10557
31819
512
521
10558
31820
512
533
10559
31821
523
534
10560
31822
514
515
10561
31823
516
517
10562
31824
516
521
10563
31825
519
522
10564
31826
518
519
10565
31827
520
681
10566
31828
520
525
10567
31829
526
683
10568
31830
522
523
10569
31831
524
525
10570
31832
524
545
10571
31833
527
546
10572
31834
526
527
10573
31835
528
689
10574
31836
528
549
10575
31837
550
691
10576
31838
530
531
10577
31839
532
533
10578
31840
532
537
10579
31841
535
538
10580
31842
534
535
10581
31843
536
545
10582
31844
536
541
10583
31845
542
547
10584
31846
538
539
10585
31847
540
541
10586
31848
540
617
10587
31849
543
618
10588
31850
542
543
10589
31851
544
553
10590
31852
544
621
10591
31853
555
622
10592
31854
546
547
10593
31855
548
549
10594
31856
548
553
10595
31857
551
554
10596
31858
550
551
10597
31859
552
713
10598
31860
552
557
10599
31861
558
715
10600
31862
554
555
10601
31863
556
557
10602
31864
556
633
10603
31865
559
634
10604
31866
558
559
10605
31867
560
721
10606
31868
560
637
10607
31869
638
723
10608
31870
562
563
10609
20517
31871
565
567
10610
20518
31872
564
565
10611
31873
566
573
10612
31874
566
569
10613
31875
570
575
10614
31876
568
569
10615
20519
31877
571
589
10616
20520
31878
570
571
10617
31879
572
581
10618
31880
572
591
10619
31881
583
592
10620
31882
574
575
10621
31883
576
577
10622
31884
576
581
10623
31885
579
582
10624
31886
578
579
10625
31887
580
617
10626
31888
580
585
10627
31889
586
619
10628
31890
582
583
10629
31891
584
585
10630
31892
584
601
10631
31893
587
602
10632
31894
586
587
10633
31895
588
625
10634
31896
588
605
10635
31897
606
627
10636
31898
590
591
10637
20521
31899
593
595
10638
20522
31900
592
593
10639
31901
594
601
10640
31902
594
597
10641
31903
598
603
10642
31904
596
597
10643
20523
31905
599
937
10644
20524
31906
598
599
10645
31907
600
609
10646
31908
600
939
10647
31909
611
940
10648
31910
602
603
10649
31911
604
605
10650
31912
604
609
10651
31913
607
610
10652
31914
606
607
10653
31915
608
649
10654
31916
608
613
10655
31917
614
651
10656
31918
610
611
10657
31919
612
613
10658
31920
612
949
10659
31921
615
950
10660
31922
614
615
10661
31923
616
657
10662
31924
616
953
10663
31925
659
954
10664
31926
618
619
10665
31927
620
621
10666
31928
620
625
10667
31929
623
626
10668
31930
622
623
10669
31931
624
633
10670
31932
624
629
10671
31933
630
635
10672
31934
626
627
10673
31935
628
629
10674
31936
628
649
10675
31937
631
650
10676
31938
630
631
10677
31939
632
641
10678
31940
632
653
10679
31941
643
654
10680
31942
634
635
10681
31943
636
637
10682
31944
636
641
10683
31945
639
642
10684
31946
638
639
10685
31947
640
809
10686
31948
640
645
10687
31949
646
811
10688
31950
642
643
10689
31951
644
645
10690
31952
644
665
10691
31953
647
666
10692
31954
646
647
10693
31955
648
817
10694
31956
648
669
10695
31957
670
819
10696
31958
650
651
10697
31959
652
653
10698
31960
652
657
10699
31961
655
658
10700
31962
654
655
10701
31963
656
665
10702
31964
656
661
10703
31965
662
667
10704
31966
658
659
10705
31967
660
661
10706
31968
660
993
10707
31969
663
994
10708
31970
662
663
10709
31971
664
673
10710
31972
664
997
10711
31973
675
998
10712
31974
666
667
10713
31975
668
669
10714
31976
668
673
10715
31977
671
674
10716
31978
670
671
10717
31979
672
841
10718
31980
672
677
10719
31981
678
843
10720
31982
674
675
10721
31983
676
677
10722
31984
676
1009
10723
31985
679
1010
10724
31986
678
679
10725
31987
680
849
10726
31988
680
1013
10727
31989
851
1014
10728
31990
682
683
10729
31991
684
685
10730
31992
684
689
10731
31993
687
690
10732
31994
686
687
10733
31995
688
697
10734
31996
688
693
10735
31997
694
699
10736
31998
690
691
10737
31999
692
693
10738
32000
692
713
10739
32001
695
714
10740
32002
694
695
10741
32003
696
705
10742
32004
696
717
10743
32005
707
718
10744
32006
698
699
10745
32007
700
701
10746
32008
700
705
10747
32009
703
706
10748
32010
702
703
10749
32011
704
745
10750
32012
704
709
10751
32013
710
747
10752
32014
706
707
10753
32015
708
709
10754
32016
708
729
10755
32017
711
730
10756
32018
710
711
10757
32019
712
753
10758
32020
712
733
10759
32021
734
755
10760
32022
714
715
10761
32023
716
717
10762
32024
716
721
10763
32025
719
722
10764
32026
718
719
10765
32027
720
729
10766
32028
720
725
10767
32029
726
731
10768
32030
722
723
10769
32031
724
725
10770
32032
724
809
10771
32033
727
810
10772
32034
726
727
10773
32035
728
737
10774
32036
728
813
10775
32037
739
814
10776
32038
730
731
10777
32039
732
733
10778
32040
732
737
10779
32041
735
738
10780
32042
734
735
10781
32043
736
777
10782
32044
736
741
10783
32045
742
779
10784
32046
738
739
10785
32047
740
741
10786
32048
740
825
10787
32049
743
826
10788
32050
742
743
10789
32051
744
785
10790
32052
744
829
10791
32053
787
830
10792
32054
746
747
10793
32055
748
749
10794
32056
748
753
10795
32057
751
754
10796
32058
750
751
10797
32059
752
761
10798
32060
752
757
10799
32061
758
763
10800
32062
754
755
10801
32063
756
757
10802
32064
756
777
10803
32065
759
778
10804
32066
758
759
10805
32067
760
769
10806
32068
760
781
10807
32069
771
782
10808
32070
762
763
10809
32071
764
765
10810
32072
764
769
10811
32073
767
770
10812
32074
766
767
10813
32075
768
1489
10814
32076
768
773
10815
32077
774
1491
10816
32078
770
771
10817
32079
772
773
10818
32080
772
793
10819
32081
775
794
10820
32082
774
775
10821
32083
776
1497
10822
32084
776
797
10823
32085
798
1499
10824
32086
778
779
10825
32087
780
781
10826
32088
780
785
10827
32089
783
786
10828
32090
782
783
10829
32091
784
793
10830
32092
784
789
10831
32093
790
795
10832
32094
786
787
10833
32095
788
789
10834
32096
788
873
10835
32097
791
874
10836
32098
790
791
10837
32099
792
801
10838
32100
792
877
10839
32101
803
878
10840
32102
794
795
10841
32103
796
797
10842
32104
796
801
10843
32105
799
802
10844
32106
798
799
10845
32107
800
1521
10846
32108
800
805
10847
32109
806
1523
10848
32110
802
803
10849
32111
804
805
10850
32112
804
889
10851
32113
807
890
10852
32114
806
807
10853
32115
808
1529
10854
32116
808
893
10855
32117
894
1531
10856
32118
810
811
10857
32119
812
813
10858
32120
812
817
10859
32121
815
818
10860
32122
814
815
10861
32123
816
825
10862
32124
816
821
10863
32125
822
827
10864
32126
818
819
10865
32127
820
821
10866
32128
820
841
10867
32129
823
842
10868
32130
822
823
10869
32131
824
833
10870
32132
824
845
10871
32133
835
846
10872
32134
826
827
10873
32135
828
829
10874
32136
828
833
10875
32137
831
834
10876
32138
830
831
10877
32139
832
873
10878
32140
832
837
10879
32141
838
875
10880
32142
834
835
10881
32143
836
837
10882
32144
836
857
10883
32145
839
858
10884
32146
838
839
10885
32147
840
881
10886
32148
840
861
10887
32149
862
883
10888
32150
842
843
10889
32151
844
845
10890
32152
844
849
10891
32153
847
850
10892
32154
846
847
10893
32155
848
857
10894
32156
848
853
10895
32157
854
859
10896
32158
850
851
10897
32159
852
853
10898
32160
852
1177
10899
32161
855
1178
10900
32162
854
855
10901
32163
856
865
10902
32164
856
1181
10903
32165
867
1182
10904
32166
858
859
10905
32167
860
861
10906
32168
860
865
10907
32169
863
866
10908
32170
862
863
10909
32171
864
905
10910
32172
864
869
10911
32173
870
907
10912
32174
866
867
10913
32175
868
869
10914
32176
868
1193
10915
32177
871
1194
10916
32178
870
871
10917
32179
872
913
10918
32180
872
1197
10919
32181
915
1198
10920
32182
874
875
10921
32183
876
877
10922
32184
876
881
10923
32185
879
882
10924
32186
878
879
10925
32187
880
889
10926
32188
880
885
10927
32189
886
891
10928
32190
882
883
10929
32191
884
885
10930
32192
884
905
10931
32193
887
906
10932
32194
886
887
10933
32195
888
897
10934
32196
888
909
10935
32197
899
910
10936
32198
890
891
10937
32199
892
893
10938
32200
892
897
10939
32201
895
898
10940
32202
894
895
10941
32203
896
1617
10942
32204
896
901
10943
32205
902
1619
10944
32206
898
899
10945
32207
900
901
10946
32208
900
921
10947
32209
903
922
10948
32210
902
903
10949
32211
904
1625
10950
32212
904
925
10951
32213
926
1627
10952
32214
906
907
10953
32215
908
909
10954
32216
908
913
10955
32217
911
914
10956
32218
910
911
10957
32219
912
921
10958
32220
912
917
10959
32221
918
923
10960
32222
914
915
10961
32223
916
917
10962
32224
916
1241
10963
32225
919
1242
10964
32226
918
919
10965
32227
920
929
10966
32228
920
1245
10967
32229
931
1246
10968
32230
922
923
10969
32231
924
925
10970
32232
924
929
10971
32233
927
930
10972
32234
926
927
10973
32235
928
1649
10974
32236
928
933
10975
32237
934
1651
10976
32238
930
931
10977
32239
932
933
10978
32240
932
1257
10979
32241
935
1258
10980
32242
934
935
10981
32243
936
1657
10982
32244
936
1261
10983
32245
1262
1659
10984
32246
938
939
10985
20525
32247
941
943
10986
20526
32248
940
941
10987
32249
942
949
10988
32250
942
945
10989
32251
946
951
10990
32252
944
945
10991
20527
32253
947
965
10992
20528
32254
946
947
10993
32255
948
957
10994
32256
948
967
10995
32257
959
968
10996
32258
950
951
10997
32259
952
953
10998
32260
952
957
10999
32261
955
958
11000
32262
954
955
11001
32263
956
993
11002
32264
956
961
11003
32265
962
995
11004
32266
958
959
11005
32267
960
961
11006
32268
960
977
11007
32269
963
978
11008
32270
962
963
11009
32271
964
1001
11010
32272
964
981
11011
32273
982
1003
11012
32274
966
967
11013
20529
32275
969
971
11014
20530
32276
968
969
11015
32277
970
977
11016
32278
970
973
11017
32279
974
979
11018
32280
972
973
11019
20531
32281
975
1057
11020
20532
32282
974
975
11021
32283
976
985
11022
32284
976
1059
11023
32285
987
1060
11024
32286
978
979
11025
32287
980
981
11026
32288
980
985
11027
32289
983
986
11028
32290
982
983
11029
32291
984
1025
11030
32292
984
989
11031
32293
990
1027
11032
32294
986
987
11033
32295
988
989
11034
32296
988
1069
11035
32297
991
1070
11036
32298
990
991
11037
32299
992
1033
11038
32300
992
1073
11039
32301
1035
1074
11040
32302
994
995
11041
32303
996
997
11042
32304
996
1001
11043
32305
999
1002
11044
32306
998
999
11045
32307
1000
1009
11046
32308
1000
1005
11047
32309
1006
1011
11048
32310
1002
1003
11049
32311
1004
1005
11050
32312
1004
1025
11051
32313
1007
1026
11052
32314
1006
1007
11053
32315
1008
1017
11054
32316
1008
1029
11055
32317
1019
1030
11056
32318
1010
1011
11057
32319
1012
1013
11058
32320
1012
1017
11059
32321
1015
1018
11060
32322
1014
1015
11061
32323
1016
1177
11062
32324
1016
1021
11063
32325
1022
1179
11064
32326
1018
1019
11065
32327
1020
1021
11066
32328
1020
1041
11067
32329
1023
1042
11068
32330
1022
1023
11069
32331
1024
1185
11070
32332
1024
1045
11071
32333
1046
1187
11072
32334
1026
1027
11073
32335
1028
1029
11074
32336
1028
1033
11075
32337
1031
1034
11076
32338
1030
1031
11077
32339
1032
1041
11078
32340
1032
1037
11079
32341
1038
1043
11080
32342
1034
1035
11081
32343
1036
1037
11082
32344
1036
1113
11083
32345
1039
1114
11084
32346
1038
1039
11085
32347
1040
1049
11086
32348
1040
1117
11087
32349
1051
1118
11088
32350
1042
1043
11089
32351
1044
1045
11090
32352
1044
1049
11091
32353
1047
1050
11092
32354
1046
1047
11093
32355
1048
1209
11094
32356
1048
1053
11095
32357
1054
1211
11096
32358
1050
1051
11097
32359
1052
1053
11098
32360
1052
1129
11099
32361
1055
1130
11100
32362
1054
1055
11101
32363
1056
1217
11102
32364
1056
1133
11103
32365
1134
1219
11104
32366
1058
1059
11105
20533
32367
1061
1063
11106
20534
32368
1060
1061
11107
32369
1062
1069
11108
32370
1062
1065
11109
32371
1066
1071
11110
32372
1064
1065
11111
20535
32373
1067
1085
11112
20536
32374
1066
1067
11113
32375
1068
1077
11114
32376
1068
1087
11115
32377
1079
1088
11116
32378
1070
1071
11117
32379
1072
1073
11118
32380
1072
1077
11119
32381
1075
1078
11120
32382
1074
1075
11121
32383
1076
1113
11122
32384
1076
1081
11123
32385
1082
1115
11124
32386
1078
1079
11125
32387
1080
1081
11126
32388
1080
1097
11127
32389
1083
1098
11128
32390
1082
1083
11129
32391
1084
1121
11130
32392
1084
1101
11131
32393
1102
1123
11132
32394
1086
1087
11133
20537
32395
1089
1091
11134
20538
32396
1088
1089
11135
32397
1090
1097
11136
32398
1090
1093
11137
32399
1094
1099
11138
32400
1092
1093
11139
20539
32401
1095
5026
11140
20540
32402
1094
1095
11141
32403
1096
1105
11142
32404
1096
5028
11143
32405
1107
5029
11144
32406
1098
1099
11145
32407
1100
1101
11146
32408
1100
1105
11147
32409
1103
1106
11148
32410
1102
1103
11149
32411
1104
1145
11150
32412
1104
1109
11151
32413
1110
1147
11152
32414
1106
1107
11153
32415
1108
1109
11154
32416
1108
5038
11155
32417
1111
5039
11156
32418
1110
1111
11157
32419
1112
1153
11158
32420
1112
5042
11159
32421
1155
5043
11160
32422
1114
1115
11161
32423
1116
1117
11162
32424
1116
1121
11163
32425
1119
1122
11164
32426
1118
1119
11165
32427
1120
1129
11166
32428
1120
1125
11167
32429
1126
1131
11168
32430
1122
1123
11169
32431
1124
1125
11170
32432
1124
1145
11171
32433
1127
1146
11172
32434
1126
1127
11173
32435
1128
1137
11174
32436
1128
1149
11175
32437
1139
1150
11176
32438
1130
1131
11177
32439
1132
1133
11178
32440
1132
1137
11179
32441
1135
1138
11180
32442
1134
1135
11181
32443
1136
1305
11182
32444
1136
1141
11183
32445
1142
1307
11184
32446
1138
1139
11185
32447
1140
1141
11186
32448
1140
1161
11187
32449
1143
1162
11188
32450
1142
1143
11189
32451
1144
1313
11190
32452
1144
1165
11191
32453
1166
1315
11192
32454
1146
1147
11193
32455
1148
1149
11194
32456
1148
1153
11195
32457
1151
1154
11196
32458
1150
1151
11197
32459
1152
1161
11198
32460
1152
1157
11199
32461
1158
1163
11200
32462
1154
1155
11201
32463
1156
1157
11202
32464
1156
5082
11203
32465
1159
5083
11204
32466
1158
1159
11205
32467
1160
1169
11206
32468
1160
5086
11207
32469
1171
5087
11208
32470
1162
1163
11209
32471
1164
1165
11210
32472
1164
1169
11211
32473
1167
1170
11212
32474
1166
1167
11213
32475
1168
1337
11214
32476
1168
1173
11215
32477
1174
1339
11216
32478
1170
1171
11217
32479
1172
1173
11218
32480
1172
5098
11219
32481
1175
5099
11220
32482
1174
1175
11221
32483
1176
1345
11222
32484
1176
5102
11223
32485
1347
5103
11224
32486
1178
1179
11225
32487
1180
1181
11226
32488
1180
1185
11227
32489
1183
1186
11228
32490
1182
1183
11229
32491
1184
1193
11230
32492
1184
1189
11231
32493
1190
1195
11232
32494
1186
1187
11233
32495
1188
1189
11234
32496
1188
1209
11235
32497
1191
1210
11236
32498
1190
1191
11237
32499
1192
1201
11238
32500
1192
1213
11239
32501
1203
1214
11240
32502
1194
1195
11241
32503
1196
1197
11242
32504
1196
1201
11243
32505
1199
1202
11244
32506
1198
1199
11245
32507
1200
1241
11246
32508
1200
1205
11247
32509
1206
1243
11248
32510
1202
1203
11249
32511
1204
1205
11250
32512
1204
1225
11251
32513
1207
1226
11252
32514
1206
1207
11253
32515
1208
1249
11254
32516
1208
1229
11255
32517
1230
1251
11256
32518
1210
1211
11257
32519
1212
1213
11258
32520
1212
1217
11259
32521
1215
1218
11260
32522
1214
1215
11261
32523
1216
1225
11262
32524
1216
1221
11263
32525
1222
1227
11264
32526
1218
1219
11265
32527
1220
1221
11266
32528
1220
1305
11267
32529
1223
1306
11268
32530
1222
1223
11269
32531
1224
1233
11270
32532
1224
1309
11271
32533
1235
1310
11272
32534
1226
1227
11273
32535
1228
1229
11274
32536
1228
1233
11275
32537
1231
1234
11276
32538
1230
1231
11277
32539
1232
1273
11278
32540
1232
1237
11279
32541
1238
1275
11280
32542
1234
1235
11281
32543
1236
1237
11282
32544
1236
1321
11283
32545
1239
1322
11284
32546
1238
1239
11285
32547
1240
1281
11286
32548
1240
1325
11287
32549
1283
1326
11288
32550
1242
1243
11289
32551
1244
1245
11290
32552
1244
1249
11291
32553
1247
1250
11292
32554
1246
1247
11293
32555
1248
1257
11294
32556
1248
1253
11295
32557
1254
1259
11296
32558
1250
1251
11297
32559
1252
1253
11298
32560
1252
1273
11299
32561
1255
1274
11300
32562
1254
1255
11301
32563
1256
1265
11302
32564
1256
1277
11303
32565
1267
1278
11304
32566
1258
1259
11305
32567
1260
1261
11306
32568
1260
1265
11307
32569
1263
1266
11308
32570
1262
1263
11309
32571
1264
2001
11310
32572
1264
1269
11311
32573
1270
2003
11312
32574
1266
1267
11313
32575
1268
1269
11314
32576
1268
1289
11315
32577
1271
1290
11316
32578
1270
1271
11317
32579
1272
2009
11318
32580
1272
1293
11319
32581
1294
2011
11320
32582
1274
1275
11321
32583
1276
1277
11322
32584
1276
1281
11323
32585
1279
1282
11324
32586
1278
1279
11325
32587
1280
1289
11326
32588
1280
1285
11327
32589
1286
1291
11328
32590
1282
1283
11329
32591
1284
1285
11330
32592
1284
1369
11331
32593
1287
1370
11332
32594
1286
1287
11333
32595
1288
1297
11334
32596
1288
1373
11335
32597
1299
1374
11336
32598
1290
1291
11337
32599
1292
1293
11338
32600
1292
1297
11339
32601
1295
1298
11340
32602
1294
1295
11341
32603
1296
2033
11342
32604
1296
1301
11343
32605
1302
2035
11344
32606
1298
1299
11345
32607
1300
1301
11346
32608
1300
1385
11347
32609
1303
1386
11348
32610
1302
1303
11349
32611
1304
2041
11350
32612
1304
1389
11351
32613
1390
2043
11352
32614
1306
1307
11353
32615
1308
1309
11354
32616
1308
1313
11355
32617
1311
1314
11356
32618
1310
1311
11357
32619
1312
1321
11358
32620
1312
1317
11359
32621
1318
1323
11360
32622
1314
1315
11361
32623
1316
1317
11362
32624
1316
1337
11363
32625
1319
1338
11364
32626
1318
1319
11365
32627
1320
1329
11366
32628
1320
1341
11367
32629
1331
1342
11368
32630
1322
1323
11369
32631
1324
1325
11370
32632
1324
1329
11371
32633
1327
1330
11372
32634
1326
1327
11373
32635
1328
1369
11374
32636
1328
1333
11375
32637
1334
1371
11376
32638
1330
1331
11377
32639
1332
1333
11378
32640
1332
1353
11379
32641
1335
1354
11380
32642
1334
1335
11381
32643
1336
1377
11382
32644
1336
1357
11383
32645
1358
1379
11384
32646
1338
1339
11385
32647
1340
1341
11386
32648
1340
1345
11387
32649
1343
1346
11388
32650
1342
1343
11389
32651
1344
1353
11390
32652
1344
1349
11391
32653
1350
1355
11392
32654
1346
1347
11393
32655
1348
1349
11394
32656
1348
5266
11395
32657
1351
5267
11396
32658
1350
1351
11397
32659
1352
1361
11398
32660
1352
5270
11399
32661
1363
5271
11400
32662
1354
1355
11401
32663
1356
1357
11402
32664
1356
1361
11403
32665
1359
1362
11404
32666
1358
1359
11405
32667
1360
1401
11406
32668
1360
1365
11407
32669
1366
1403
11408
32670
1362
1363
11409
32671
1364
1365
11410
32672
1364
5282
11411
32673
1367
5283
11412
32674
1366
1367
11413
32675
1368
1409
11414
32676
1368
5286
11415
32677
1411
5287
11416
32678
1370
1371
11417
32679
1372
1373
11418
32680
1372
1377
11419
32681
1375
1378
11420
32682
1374
1375
11421
32683
1376
1385
11422
32684
1376
1381
11423
32685
1382
1387
11424
32686
1378
1379
11425
32687
1380
1381
11426
32688
1380
1401
11427
32689
1383
1402
11428
32690
1382
1383
11429
32691
1384
1393
11430
32692
1384
1405
11431
32693
1395
1406
11432
32694
1386
1387
11433
32695
1388
1389
11434
32696
1388
1393
11435
32697
1391
1394
11436
32698
1390
1391
11437
32699
1392
2129
11438
32700
1392
1397
11439
32701
1398
2131
11440
32702
1394
1395
11441
32703
1396
1397
11442
32704
1396
1421
11443
32705
1399
1422
11444
32706
1398
1399
11445
32707
1400
2137
11446
32708
1400
1439
11447
32709
1440
2139
11448
32710
1402
1403
11449
32711
1404
1405
11450
32712
1404
1409
11451
32713
1407
1410
11452
32714
1406
1407
11453
32715
1408
1421
11454
32716
1408
1413
11455
32717
1414
1423
11456
32718
1410
1411
11457
32719
1412
1413
11458
32720
1412
5330
11459
32721
1415
5331
11460
32722
1414
1415
11461
32723
1416
1470
11462
32724
1416
5334
11463
32725
1479
5335
11464
32726
1418
1419
1424
32727
32728
32729
1420
1424
1433
32730
32731
1420
1424
1459
32732
32733
1424
1435
1460
32734
1422
1423
11465
32735
1424
1439
11466
32736
1424
1470
11467
32737
1441
1443
1445
1447
1471
1472
1475
1476
11468
1426
1427
1439
32738
32739
32740
1428
1429
1439
32741
32742
1428
1433
1439
32743
32744
1431
1434
1439
32745
1430
1431
1440
32746
32747
1432
1440
2161
32748
32749
1432
1437
1440
32750
1438
1440
2163
32751
1434
1435
1441
32752
1436
1437
1442
32753
1436
1443
20106
32754
1444
20092
20260
32755
1438
1449
20093
32756
1450
2169
20261
32757
1440
1441
1442
1445
1446
11473
1449
1450
1452
1453
2176
11474
1442
1443
1445
1444
1446
1449
1444
1447
1487
1448
1451
20264
1446
1447
11475
1448
1452
11476
1448
1488
11477
1454
11478
20265
1450
1451
1452
1453
2178
20266
1454
20094
20267
20268
1453
1454
11483
2182
11484
20269
11485
20270
20271
1456
1457
1470
32760
32761
32762
1458
1459
1470
32763
32764
1458
1463
1470
32765
32766
1461
1464
1470
32767
1460
1461
1471
32768
1462
1472
20107
32769
1462
1467
1473
32770
1468
1474
20272
32771
1464
1465
1479
32772
32773
1466
1467
1479
32774
1466
1479
5346
32775
32776
1469
1479
5347
32777
1468
1469
1480
32778
1481
20099
20273
32779
1482
5350
20100
32780
1471
1473
1475
1477
1479
11503
1472
1473
1475
1474
1476
1487
1474
1477
1480
1478
1481
20276
1476
1477
11504
1478
1488
11505
1478
1484
11506
1485
11507
20277
1480
1482
1484
1486
5360
11512
1481
1482
1484
1483
1485
20278
1483
1486
5361
20101
20279
20280
20281
1485
1486
11513
11514
20282
20283
5364
11515
20284
1488
20108
20287
20288
11533
20289
20290
1490
1491
11535
32785
1492
1493
11536
32786
1492
1497
11537
32787
1495
1498
11538
32788
1494
1495
11539
32789
1496
1505
11540
32790
1496
1501
11541
32791
1502
1507
11542
32792
1498
1499
11543
32793
1500
1501
11544
32794
1500
1521
11545
32795
1503
1522
11546
32796
1502
1503
11547
32797
1504
1513
11548
32798
1504
1525
11549
32799
1515
1526
11550
32800
1506
1507
11551
32801
1508
1509
11552
32802
1508
1513
11553
32803
1511
1514
11554
32804
1510
1511
11555
32805
1512
1553
11556
32806
1512
1517
11557
32807
1518
1555
11558
32808
1514
1515
11559
32809
1516
1517
11560
32810
1516
1537
11561
32811
1519
1538
11562
32812
1518
1519
11563
32813
1520
1561
11564
32814
1520
1541
11565
32815
1542
1563
11566
32816
1522
1523
11567
32817
1524
1525
11568
32818
1524
1529
11569
32819
1527
1530
11570
32820
1526
1527
11571
32821
1528
1537
11572
32822
1528
1533
11573
32823
1534
1539
11574
32824
1530
1531
11575
32825
1532
1533
11576
32826
1532
1617
11577
32827
1535
1618
11578
32828
1534
1535
11579
32829
1536
1545
11580
32830
1536
1621
11581
32831
1547
1622
11582
32832
1538
1539
11583
32833
1540
1541
11584
32834
1540
1545
11585
32835
1543
1546
11586
32836
1542
1543
11587
32837
1544
1585
11588
32838
1544
1549
11589
32839
1550
1587
11590
32840
1546
1547
11591
32841
1548
1549
11592
32842
1548
1633
11593
32843
1551
1634
11594
32844
1550
1551
11595
32845
1552
1593
11596
32846
1552
1637
11597
32847
1595
1638
11598
32848
1554
1555
11599
32849
1556
1557
11600
32850
1556
1561
11601
32851
1559
1562
11602
32852
1558
1559
11603
32853
1560
1569
11604
32854
1560
1565
11605
32855
1566
1571
11606
32856
1562
1563
11607
32857
1564
1565
11608
32858
1564
1585
11609
32859
1567
1586
11610
32860
1566
1567
11611
32861
1568
1577
11612
32862
1568
1589
11613
32863
1579
1590
11614
32864
1570
1571
11615
32865
1572
1573
11616
32866
1572
1577
11617
32867
1575
1578
11618
32868
1574
1575
11619
32869
1576
1745
11620
32870
1576
1581
11621
32871
1582
1747
11622
32872
1578
1579
11623
32873
1580
1581
11624
32874
1580
1601
11625
32875
1583
1602
11626
32876
1582
1583
11627
32877
1584
1753
11628
32878
1584
1605
11629
32879
1606
1755
11630
32880
1586
1587
11631
32881
1588
1589
11632
32882
1588
1593
11633
32883
1591
1594
11634
32884
1590
1591
11635
32885
1592
1601
11636
32886
1592
1597
11637
32887
1598
1603
11638
32888
1594
1595
11639
32889
1596
1597
11640
32890
1596
1681
11641
32891
1599
1682
11642
32892
1598
1599
11643
32893
1600
1609
11644
32894
1600
1685
11645
32895
1611
1686
11646
32896
1602
1603
11647
32897
1604
1605
11648
32898
1604
1609
11649
32899
1607
1610
11650
32900
1606
1607
11651
32901
1608
1777
11652
32902
1608
1613
11653
32903
1614
1779
11654
32904
1610
1611
11655
32905
1612
1613
11656
32906
1612
1697
11657
32907
1615
1698
11658
32908
1614
1615
11659
32909
1616
1785
11660
32910
1616
1701
11661
32911
1702
1787
11662
32912
1618
1619
11663
32913
1620
1621
11664
32914
1620
1625
11665
32915
1623
1626
11666
32916
1622
1623
11667
32917
1624
1633
11668
32918
1624
1629
11669
32919
1630
1635
11670
32920
1626
1627
11671
32921
1628
1629
11672
32922
1628
1649
11673
32923
1631
1650
11674
32924
1630
1631
11675
32925
1632
1641
11676
32926
1632
1653
11677
32927
1643
1654
11678
32928
1634
1635
11679
32929
1636
1637
11680
32930
1636
1641
11681
32931
1639
1642
11682
32932
1638
1639
11683
32933
1640
1681
11684
32934
1640
1645
11685
32935
1646
1683
11686
32936
1642
1643
11687
32937
1644
1645
11688
32938
1644
1665
11689
32939
1647
1666
11690
32940
1646
1647
11691
32941
1648
1689
11692
32942
1648
1669
11693
32943
1670
1691
11694
32944
1650
1651
11695
32945
1652
1653
11696
32946
1652
1657
11697
32947
1655
1658
11698
32948
1654
1655
11699
32949
1656
1665
11700
32950
1656
1661
11701
32951
1662
1667
11702
32952
1658
1659
11703
32953
1660
1661
11704
32954
1660
2001
11705
32955
1663
2002
11706
32956
1662
1663
11707
32957
1664
1673
11708
32958
1664
2005
11709
32959
1675
2006
11710
32960
1666
1667
11711
32961
1668
1669
11712
32962
1668
1673
11713
32963
1671
1674
11714
32964
1670
1671
11715
32965
1672
1713
11716
32966
1672
1677
11717
32967
1678
1715
11718
32968
1674
1675
11719
32969
1676
1677
11720
32970
1676
2017
11721
32971
1679
2018
11722
32972
1678
1679
11723
32973
1680
1721
11724
32974
1680
2021
11725
32975
1723
2022
11726
32976
1682
1683
11727
32977
1684
1685
11728
32978
1684
1689
11729
32979
1687
1690
11730
32980
1686
1687
11731
32981
1688
1697
11732
32982
1688
1693
11733
32983
1694
1699
11734
32984
1690
1691
11735
32985
1692
1693
11736
32986
1692
1713
11737
32987
1695
1714
11738
32988
1694
1695
11739
32989
1696
1705
11740
32990
1696
1717
11741
32991
1707
1718
11742
32992
1698
1699
11743
32993
1700
1701
11744
32994
1700
1705
11745
32995
1703
1706
11746
32996
1702
1703
11747
32997
1704
1873
11748
32998
1704
1709
11749
32999
1710
1875
11750
33000
1706
1707
11751
33001
1708
1709
11752
33002
1708
1729
11753
33003
1711
1730
11754
33004
1710
1711
11755
33005
1712
1881
11756
33006
1712
1733
11757
33007
1734
1883
11758
33008
1714
1715
11759
33009
1716
1717
11760
33010
1716
1721
11761
33011
1719
1722
11762
33012
1718
1719
11763
33013
1720
1729
11764
33014
1720
1725
11765
33015
1726
1731
11766
33016
1722
1723
11767
33017
1724
1725
11768
33018
1724
2065
11769
33019
1727
2066
11770
33020
1726
1727
11771
33021
1728
1737
11772
33022
1728
2069
11773
33023
1739
2070
11774
33024
1730
1731
11775
33025
1732
1733
11776
33026
1732
1737
11777
33027
1735
1738
11778
33028
1734
1735
11779
33029
1736
1905
11780
33030
1736
1741
11781
33031
1742
1907
11782
33032
1738
1739
11783
33033
1740
1741
11784
33034
1740
2081
11785
33035
1743
2082
11786
33036
1742
1743
11787
33037
1744
1913
11788
33038
1744
2085
11789
33039
1915
2086
11790
33040
1746
1747
11791
33041
1748
1749
11792
33042
1748
1753
11793
33043
1751
1754
11794
33044
1750
1751
11795
33045
1752
1761
11796
33046
1752
1757
11797
33047
1758
1763
11798
33048
1754
1755
11799
33049
1756
1757
11800
33050
1756
1777
11801
33051
1759
1778
11802
33052
1758
1759
11803
33053
1760
1769
11804
33054
1760
1781
11805
33055
1771
1782
11806
33056
1762
1763
11807
33057
1764
1765
11808
33058
1764
1769
11809
33059
1767
1770
11810
33060
1766
1767
11811
33061
1768
1809
11812
33062
1768
1773
11813
33063
1774
1811
11814
33064
1770
1771
11815
33065
1772
1773
11816
33066
1772
1793
11817
33067
1775
1794
11818
33068
1774
1775
11819
33069
1776
1817
11820
33070
1776
1797
11821
33071
1798
1819
11822
33072
1778
1779
11823
33073
1780
1781
11824
33074
1780
1785
11825
33075
1783
1786
11826
33076
1782
1783
11827
33077
1784
1793
11828
33078
1784
1789
11829
33079
1790
1795
11830
33080
1786
1787
11831
33081
1788
1789
11832
33082
1788
1873
11833
33083
1791
1874
11834
33084
1790
1791
11835
33085
1792
1801
11836
33086
1792
1877
11837
33087
1803
1878
11838
33088
1794
1795
11839
33089
1796
1797
11840
33090
1796
1801
11841
33091
1799
1802
11842
33092
1798
1799
11843
33093
1800
1841
11844
33094
1800
1805
11845
33095
1806
1843
11846
33096
1802
1803
11847
33097
1804
1805
11848
33098
1804
1889
11849
33099
1807
1890
11850
33100
1806
1807
11851
33101
1808
1849
11852
33102
1808
1893
11853
33103
1851
1894
11854
33104
1810
1811
11855
33105
1812
1813
11856
33106
1812
1817
11857
33107
1815
1818
11858
33108
1814
1815
11859
33109
1816
1825
11860
33110
1816
1821
11861
33111
1822
1827
11862
33112
1818
1819
11863
33113
1820
1821
11864
33114
1820
1841
11865
33115
1823
1842
11866
33116
1822
1823
11867
33117
1824
1833
11868
33118
1824
1845
11869
33119
1835
1846
11870
33120
1826
1827
11871
33121
1828
1829
11872
33122
1828
1833
11873
33123
1831
1834
11874
33124
1830
1831
11875
33125
1832
3010
11876
33126
1832
1837
11877
33127
1838
3012
11878
33128
1834
1835
11879
33129
1836
1837
11880
33130
1836
1857
11881
33131
1839
1858
11882
33132
1838
1839
11883
33133
1840
3018
11884
33134
1840
1861
11885
33135
1862
3020
11886
33136
1842
1843
11887
33137
1844
1845
11888
33138
1844
1849
11889
33139
1847
1850
11890
33140
1846
1847
11891
33141
1848
1857
11892
33142
1848
1853
11893
33143
1854
1859
11894
33144
1850
1851
11895
33145
1852
1853
11896
33146
1852
1937
11897
33147
1855
1938
11898
33148
1854
1855
11899
33149
1856
1865
11900
33150
1856
1941
11901
33151
1867
1942
11902
33152
1858
1859
11903
33153
1860
1861
11904
33154
1860
1865
11905
33155
1863
1866
11906
33156
1862
1863
11907
33157
1864
3042
11908
33158
1864
1869
11909
33159
1870
3044
11910
33160
1866
1867
11911
33161
1868
1869
11912
33162
1868
1953
11913
33163
1871
1954
11914
33164
1870
1871
11915
33165
1872
3050
11916
33166
1872
1957
11917
33167
1958
3052
11918
33168
1874
1875
11919
33169
1876
1877
11920
33170
1876
1881
11921
33171
1879
1882
11922
33172
1878
1879
11923
33173
1880
1889
11924
33174
1880
1885
11925
33175
1886
1891
11926
33176
1882
1883
11927
33177
1884
1885
11928
33178
1884
1905
11929
33179
1887
1906
11930
33180
1886
1887
11931
33181
1888
1897
11932
33182
1888
1909
11933
33183
1899
1910
11934
33184
1890
1891
11935
33185
1892
1893
11936
33186
1892
1897
11937
33187
1895
1898
11938
33188
1894
1895
11939
33189
1896
1937
11940
33190
1896
1901
11941
33191
1902
1939
11942
33192
1898
1899
11943
33193
1900
1901
11944
33194
1900
1921
11945
33195
1903
1922
11946
33196
1902
1903
11947
33197
1904
1945
11948
33198
1904
1925
11949
33199
1926
1947
11950
33200
1906
1907
11951
33201
1908
1909
11952
33202
1908
1913
11953
33203
1911
1914
11954
33204
1910
1911
11955
33205
1912
1921
11956
33206
1912
1917
11957
33207
1918
1923
11958
33208
1914
1915
11959
33209
1916
1917
11960
33210
1916
2313
11961
33211
1919
2314
11962
33212
1918
1919
11963
33213
1920
1929
11964
33214
1920
2317
11965
33215
1931
2318
11966
33216
1922
1923
11967
33217
1924
1925
11968
33218
1924
1929
11969
33219
1927
1930
11970
33220
1926
1927
11971
33221
1928
1969
11972
33222
1928
1933
11973
33223
1934
1971
11974
33224
1930
1931
11975
33225
1932
1933
11976
33226
1932
2329
11977
33227
1935
2330
11978
33228
1934
1935
11979
33229
1936
1977
11980
33230
1936
2333
11981
33231
1979
2334
11982
33232
1938
1939
11983
33233
1940
1941
11984
33234
1940
1945
11985
33235
1943
1946
11986
33236
1942
1943
11987
33237
1944
1953
11988
33238
1944
1949
11989
33239
1950
1955
11990
33240
1946
1947
11991
33241
1948
1949
11992
33242
1948
1969
11993
33243
1951
1970
11994
33244
1950
1951
11995
33245
1952
1961
11996
33246
1952
1973
11997
33247
1963
1974
11998
33248
1954
1955
11999
33249
1956
1957
12000
33250
1956
1961
12001
33251
1959
1962
12002
33252
1958
1959
12003
33253
1960
3138
12004
33254
1960
1965
12005
33255
1966
3140
12006
33256
1962
1963
12007
33257
1964
1965
12008
33258
1964
1985
12009
33259
1967
1986
12010
33260
1966
1967
12011
33261
1968
3146
12012
33262
1968
1989
12013
33263
1990
3148
12014
33264
1970
1971
12015
33265
1972
1973
12016
33266
1972
1977
12017
33267
1975
1978
12018
33268
1974
1975
12019
33269
1976
1985
12020
33270
1976
1981
12021
33271
1982
1987
12022
33272
1978
1979
12023
33273
1980
1981
12024
33274
1980
2377
12025
33275
1983
2378
12026
33276
1982
1983
12027
33277
1984
1993
12028
33278
1984
2381
12029
33279
1995
2382
12030
33280
1986
1987
12031
33281
1988
1989
12032
33282
1988
1993
12033
33283
1991
1994
12034
33284
1990
1991
12035
33285
1992
3170
12036
33286
1992
1997
12037
33287
1998
3172
12038
33288
1994
1995
12039
33289
1996
1997
12040
33290
1996
2393
12041
33291
1999
2394
12042
33292
1998
1999
12043
33293
2000
3178
12044
33294
2000
2397
12045
33295
2398
3180
12046
33296
2002
2003
12047
33297
2004
2005
12048
33298
2004
2009
12049
33299
2007
2010
12050
33300
2006
2007
12051
33301
2008
2017
12052
33302
2008
2013
12053
33303
2014
2019
12054
33304
2010
2011
12055
33305
2012
2013
12056
33306
2012
2033
12057
33307
2015
2034
12058
33308
2014
2015
12059
33309
2016
2025
12060
33310
2016
2037
12061
33311
2027
2038
12062
33312
2018
2019
12063
33313
2020
2021
12064
33314
2020
2025
12065
33315
2023
2026
12066
33316
2022
2023
12067
33317
2024
2065
12068
33318
2024
2029
12069
33319
2030
2067
12070
33320
2026
2027
12071
33321
2028
2029
12072
33322
2028
2049
12073
33323
2031
2050
12074
33324
2030
2031
12075
33325
2032
2073
12076
33326
2032
2053
12077
33327
2054
2075
12078
33328
2034
2035
12079
33329
2036
2037
12080
33330
2036
2041
12081
33331
2039
2042
12082
33332
2038
2039
12083
33333
2040
2049
12084
33334
2040
2045
12085
33335
2046
2051
12086
33336
2042
2043
12087
33337
2044
2045
12088
33338
2044
2129
12089
33339
2047
2130
12090
33340
2046
2047
12091
33341
2048
2057
12092
33342
2048
2133
12093
33343
2059
2134
12094
33344
2050
2051
12095
33345
2052
2053
12096
33346
2052
2057
12097
33347
2055
2058
12098
33348
2054
2055
12099
33349
2056
2097
12100
33350
2056
2061
12101
33351
2062
2099
12102
33352
2058
2059
12103
33353
2060
2061
12104
33354
2060
2145
12105
33355
2063
2146
12106
33356
2062
2063
12107
33357
2064
2105
12108
33358
2064
2149
12109
33359
2107
2150
12110
33360
2066
2067
12111
33361
2068
2069
12112
33362
2068
2073
12113
33363
2071
2074
12114
33364
2070
2071
12115
33365
2072
2081
12116
33366
2072
2077
12117
33367
2078
2083
12118
33368
2074
2075
12119
33369
2076
2077
12120
33370
2076
2097
12121
33371
2079
2098
12122
33372
2078
2079
12123
33373
2080
2089
12124
33374
2080
2101
12125
33375
2091
2102
12126
33376
2082
2083
12127
33377
2084
2085
12128
33378
2084
2089
12129
33379
2087
2090
12130
33380
2086
2087
12131
33381
2088
2313
12132
33382
2088
2093
12133
33383
2094
2315
12134
33384
2090
2091
12135
33385
2092
2093
12136
33386
2092
2113
12137
33387
2095
2114
12138
33388
2094
2095
12139
33389
2096
2321
12140
33390
2096
2117
12141
33391
2118
2323
12142
33392
2098
2099
12143
33393
2100
2101
12144
33394
2100
2105
12145
33395
2103
2106
12146
33396
2102
2103
12147
33397
2104
2113
12148
33398
2104
2109
12149
33399
2110
2115
12150
33400
2106
2107
12151
33401
2108
2109
12152
33402
2108
2249
12153
33403
2111
2250
12154
33404
2110
2111
12155
33405
2112
2121
12156
33406
2112
2253
12157
33407
2123
2254
12158
33408
2114
2115
12159
33409
2116
2117
12160
33410
2116
2121
12161
33411
2119
2122
12162
33412
2118
2119
12163
33413
2120
2345
12164
33414
2120
2125
12165
33415
2126
2347
12166
33416
2122
2123
12167
33417
2124
2125
12168
33418
2124
2265
12169
33419
2127
2266
12170
33420
2126
2127
12171
33421
2128
2353
12172
33422
2128
2269
12173
33423
2270
2355
12174
33424
2130
2131
12175
33425
2132
2133
12176
33426
2132
2137
12177
33427
2135
2138
12178
33428
2134
2135
12179
33429
2136
2145
12180
33430
2136
2141
12181
33431
2142
2147
12182
33432
2138
2139
12183
33433
2140
2141
12184
33434
2140
2176
12185
33435
2143
2177
12186
33436
2142
2143
12187
33437
2144
2153
12188
33438
2144
2197
12189
33439
2155
2198
12190
33440
2146
2147
12191
33441
2148
2149
12192
33442
2148
2153
12193
33443
2151
2154
12194
33444
2150
2151
12195
33445
2152
2249
12196
33446
2152
2157
12197
33447
2158
2251
12198
33448
2154
2155
12199
33449
2156
2157
12200
33450
2156
2233
12201
33451
2159
2234
12202
33452
2158
2159
12203
33453
2160
2257
12204
33454
2160
2237
12205
33455
2238
2259
12206
33456
2162
2163
2176
33457
33458
2164
2165
2176
33459
33460
2164
2169
2176
33461
2167
2170
2176
33462
2166
2167
2177
33463
33464
2168
2177
33465
33466
33467
2168
2172
2177
33468
2173
2177
33469
33470
2170
2178
20113
33471
2171
2172
2179
33472
2174
2181
20114
20293
33475
2173
2174
2185
33476
2175
2186
2193
33477
2175
2187
20294
33478
2188
2195
20120
33479
2177
2178
2179
2182
2183
12207
2185
2186
2189
2190
2197
12208
2179
2180
2182
2181
2183
2185
2181
20115
20295
20296
20297
2184
2187
20298
2183
12209
20299
2184
2189
12210
2191
12211
20300
20301
2186
2187
2189
2188
2190
2199
2188
2191
20302
2192
2199
2201
2190
2191
12215
2192
2199
12216
2192
12217
20303
2199
2202
12218
2194
2195
2199
33480
33481
2196
2199
33482
33483
33484
2196
2199
2203
33485
2199
2204
33486
33487
2198
2199
12237
33488
2200
2233
12238
33489
2200
2217
2218
2221
2222
12239
2225
2235
12240
33490
2202
2217
20122
20306
20307
2221
12245
20308
20309
2204
2205
2217
20121
33493
2206
2207
2218
33494
2206
2219
20127
20310
33495
2209
2211
2220
33496
2208
2209
2225
33497
33498
2210
2225
33499
33500
33501
2210
2213
2225
33502
2214
2225
33503
33504
2212
2213
2227
20128
33507
2215
2228
6074
20313
33508
2214
2215
2232
33509
2216
2232
33510
33511
2216
2232
6076
33512
2232
6077
33513
33514
2218
2219
2221
2220
2222
2225
2220
2223
2226
20314
2224
2225
2227
2222
2223
12247
2224
2225
12248
2224
2229
12249
20315
2225
2230
12250
2232
2241
12255
2227
2229
20129
20316
20317
2228
2230
2232
2231
2232
6088
20318
2230
12256
20319
20320
2231
2232
12257
2232
6091
12258
20321
2243
6094
12262
2234
2235
12277
33515
2236
2237
12278
33516
2236
2241
12279
33517
2239
2242
12280
33518
2238
2239
12281
33519
2240
2281
12282
33520
2240
2245
12283
33521
2246
2283
12284
33522
2242
2243
12285
33523
2244
2245
12286
33524
2244
6142
12287
33525
2247
6143
12288
33526
2246
2247
12289
33527
2248
2289
12290
33528
2248
6146
12291
33529
2291
6147
12292
33530
2250
2251
12293
33531
2252
2253
12294
33532
2252
2257
12295
33533
2255
2258
12296
33534
2254
2255
12297
33535
2256
2265
12298
33536
2256
2261
12299
33537
2262
2267
12300
33538
2258
2259
12301
33539
2260
2261
12302
33540
2260
2281
12303
33541
2263
2282
12304
33542
2262
2263
12305
33543
2264
2273
12306
33544
2264
2285
12307
33545
2275
2286
12308
33546
2266
2267
12309
33547
2268
2269
12310
33548
2268
2273
12311
33549
2271
2274
12312
33550
2270
2271
12313
33551
2272
2441
12314
33552
2272
2277
12315
33553
2278
2443
12316
33554
2274
2275
12317
33555
2276
2277
12318
33556
2276
2297
12319
33557
2279
2298
12320
33558
2278
2279
12321
33559
2280
2449
12322
33560
2280
2301
12323
33561
2302
2451
12324
33562
2282
2283
12325
33563
2284
2285
12326
33564
2284
2289
12327
33565
2287
2290
12328
33566
2286
2287
12329
33567
2288
2297
12330
33568
2288
2293
12331
33569
2294
2299
12332
33570
2290
2291
12333
33571
2292
2293
12334
33572
2292
6190
12335
33573
2295
6191
12336
33574
2294
2295
12337
33575
2296
2305
12338
33576
2296
6194
12339
33577
2307
6195
12340
33578
2298
2299
12341
33579
2300
2301
12342
33580
2300
2305
12343
33581
2303
2306
12344
33582
2302
2303
12345
33583
2304
2473
12346
33584
2304
2309
12347
33585
2310
2475
12348
33586
2306
2307
12349
33587
2308
2309
12350
33588
2308
6206
12351
33589
2311
6207
12352
33590
2310
2311
12353
33591
2312
2481
12354
33592
2312
6210
12355
33593
2483
6211
12356
33594
2314
2315
12357
33595
2316
2317
12358
33596
2316
2321
12359
33597
2319
2322
12360
33598
2318
2319
12361
33599
2320
2329
12362
33600
2320
2325
12363
33601
2326
2331
12364
33602
2322
2323
12365
33603
2324
2325
12366
33604
2324
2345
12367
33605
2327
2346
12368
33606
2326
2327
12369
33607
2328
2337
12370
33608
2328
2349
12371
33609
2339
2350
12372
33610
2330
2331
12373
33611
2332
2333
12374
33612
2332
2337
12375
33613
2335
2338
12376
33614
2334
2335
12377
33615
2336
2377
12378
33616
2336
2341
12379
33617
2342
2379
12380
33618
2338
2339
12381
33619
2340
2341
12382
33620
2340
2361
12383
33621
2343
2362
12384
33622
2342
2343
12385
33623
2344
2385
12386
33624
2344
2365
12387
33625
2366
2387
12388
33626
2346
2347
12389
33627
2348
2349
12390
33628
2348
2353
12391
33629
2351
2354
12392
33630
2350
2351
12393
33631
2352
2361
12394
33632
2352
2357
12395
33633
2358
2363
12396
33634
2354
2355
12397
33635
2356
2357
12398
33636
2356
2441
12399
33637
2359
2442
12400
33638
2358
2359
12401
33639
2360
2369
12402
33640
2360
2445
12403
33641
2371
2446
12404
33642
2362
2363
12405
33643
2364
2365
12406
33644
2364
2369
12407
33645
2367
2370
12408
33646
2366
2367
12409
33647
2368
2409
12410
33648
2368
2373
12411
33649
2374
2411
12412
33650
2370
2371
12413
33651
2372
2373
12414
33652
2372
2457
12415
33653
2375
2458
12416
33654
2374
2375
12417
33655
2376
2417
12418
33656
2376
2461
12419
33657
2419
2462
12420
33658
2378
2379
12421
33659
2380
2381
12422
33660
2380
2385
12423
33661
2383
2386
12424
33662
2382
2383
12425
33663
2384
2393
12426
33664
2384
2389
12427
33665
2390
2395
12428
33666
2386
2387
12429
33667
2388
2389
12430
33668
2388
2409
12431
33669
2391
2410
12432
33670
2390
2391
12433
33671
2392
2401
12434
33672
2392
2413
12435
33673
2403
2414
12436
33674
2394
2395
12437
33675
2396
2397
12438
33676
2396
2401
12439
33677
2399
2402
12440
33678
2398
2399
12441
33679
2400
3522
12442
33680
2400
2405
12443
33681
2406
3524
12444
33682
2402
2403
12445
33683
2404
2405
12446
33684
2404
2425
12447
33685
2407
2426
12448
33686
2406
2407
12449
33687
2408
3530
12450
33688
2408
2429
12451
33689
2430
3532
12452
33690
2410
2411
12453
33691
2412
2413
12454
33692
2412
2417
12455
33693
2415
2418
12456
33694
2414
2415
12457
33695
2416
2425
12458
33696
2416
2421
12459
33697
2422
2427
12460
33698
2418
2419
12461
33699
2420
2421
12462
33700
2420
2505
12463
33701
2423
2506
12464
33702
2422
2423
12465
33703
2424
2433
12466
33704
2424
2509
12467
33705
2435
2510
12468
33706
2426
2427
12469
33707
2428
2429
12470
33708
2428
2433
12471
33709
2431
2434
12472
33710
2430
2431
12473
33711
2432
3554
12474
33712
2432
2437
12475
33713
2438
3556
12476
33714
2434
2435
12477
33715
2436
2437
12478
33716
2436
2521
12479
33717
2439
2522
12480
33718
2438
2439
12481
33719
2440
3562
12482
33720
2440
2525
12483
33721
2526
3564
12484
33722
2442
2443
12485
33723
2444
2445
12486
33724
2444
2449
12487
33725
2447
2450
12488
33726
2446
2447
12489
33727
2448
2457
12490
33728
2448
2453
12491
33729
2454
2459
12492
33730
2450
2451
12493
33731
2452
2453
12494
33732
2452
2473
12495
33733
2455
2474
12496
33734
2454
2455
12497
33735
2456
2465
12498
33736
2456
2477
12499
33737
2467
2478
12500
33738
2458
2459
12501
33739
2460
2461
12502
33740
2460
2465
12503
33741
2463
2466
12504
33742
2462
2463
12505
33743
2464
2505
12506
33744
2464
2469
12507
33745
2470
2507
12508
33746
2466
2467
12509
33747
2468
2469
12510
33748
2468
2489
12511
33749
2471
2490
12512
33750
2470
2471
12513
33751
2472
2513
12514
33752
2472
2493
12515
33753
2494
2515
12516
33754
2474
2475
12517
33755
2476
2477
12518
33756
2476
2481
12519
33757
2479
2482
12520
33758
2478
2479
12521
33759
2480
2489
12522
33760
2480
2485
12523
33761
2486
2491
12524
33762
2482
2483
12525
33763
2484
2485
12526
33764
2484
6382
12527
33765
2487
6383
12528
33766
2486
2487
12529
33767
2488
2497
12530
33768
2488
6386
12531
33769
2499
6387
12532
33770
2490
2491
12533
33771
2492
2493
12534
33772
2492
2497
12535
33773
2495
2498
12536
33774
2494
2495
12537
33775
2496
2537
12538
33776
2496
2501
12539
33777
2502
2539
12540
33778
2498
2499
12541
33779
2500
2501
12542
33780
2500
6398
12543
33781
2503
6399
12544
33782
2502
2503
12545
33783
2504
2545
12546
33784
2504
6402
12547
33785
2547
6403
12548
33786
2506
2507
12549
33787
2508
2509
12550
33788
2508
2513
12551
33789
2511
2514
12552
33790
2510
2511
12553
33791
2512
2521
12554
33792
2512
2517
12555
33793
2518
2523
12556
33794
2514
2515
12557
33795
2516
2517
12558
33796
2516
2537
12559
33797
2519
2538
12560
33798
2518
2519
12561
33799
2520
2529
12562
33800
2520
2541
12563
33801
2531
2542
12564
33802
2522
2523
12565
33803
2524
2525
12566
33804
2524
2529
12567
33805
2527
2530
12568
33806
2526
2527
12569
33807
2528
3650
12570
33808
2528
2533
12571
33809
2534
3652
12572
33810
2530
2531
12573
33811
2532
2533
12574
33812
2532
2553
12575
33813
2535
2554
12576
33814
2534
2535
12577
33815
2536
3658
12578
33816
2536
2557
12579
33817
2558
3660
12580
33818
2538
2539
12581
33819
2540
2541
12582
33820
2540
2545
12583
33821
2543
2546
12584
33822
2542
2543
12585
33823
2544
2553
12586
33824
2544
2549
12587
33825
2550
2555
12588
33826
2546
2547
12589
33827
2548
2549
12590
33828
2548
6446
12591
33829
2551
6447
12592
33830
2550
2551
12593
33831
2552
2561
12594
33832
2552
6450
12595
33833
2563
6451
12596
33834
2554
2555
12597
33835
2556
2557
12598
33836
2556
2561
12599
33837
2559
2562
12600
33838
2558
2559
12601
33839
2560
3682
12602
33840
2560
2565
12603
33841
2566
3684
12604
33842
2562
2563
12605
33843
2564
2565
12606
33844
2564
6462
12607
33845
2567
6463
12608
33846
2566
2567
12609
33847
2568
3690
12610
33848
2568
6466
12611
33849
3692
6467
12612
33850
2570
2573
12613
21129
33851
2571
2574
12614
21130
33852
2572
2577
12615
21131
33853
2578
2581
12616
21132
33854
2574
2575
12617
33855
2576
2577
12618
33856
2576
2593
12619
33857
2579
2594
12620
33858
2578
2579
12621
33859
2580
2585
12622
33860
2580
2597
12623
33861
2587
2598
12624
33862
2582
2585
12625
21133
33863
2583
2586
12626
21134
33864
2584
2589
12627
21135
33865
2590
2625
12628
21136
33866
2586
2587
12629
33867
2588
2589
12630
33868
2588
2609
12631
33869
2591
2610
12632
33870
2590
2591
12633
33871
2592
2629
12634
33872
2592
2613
12635
33873
2614
2631
12636
33874
2594
2595
12637
33875
2596
2597
12638
33876
2596
2601
12639
33877
2599
2602
12640
33878
2598
2599
12641
33879
2600
2609
12642
33880
2600
2605
12643
33881
2606
2611
12644
33882
2602
2603
12645
33883
2604
2605
12646
33884
2604
3010
12647
33885
2607
3011
12648
33886
2606
2607
12649
33887
2608
2617
12650
33888
2608
3014
12651
33889
2619
3015
12652
33890
2610
2611
12653
33891
2612
2613
12654
33892
2612
2617
12655
33893
2615
2618
12656
33894
2614
2615
12657
33895
2616
2649
12658
33896
2616
2621
12659
33897
2622
2651
12660
33898
2618
2619
12661
33899
2620
2621
12662
33900
2620
3026
12663
33901
2623
3027
12664
33902
2622
2623
12665
33903
2624
2657
12666
33904
2624
3030
12667
33905
2659
3031
12668
33906
2626
2629
12669
21137
33907
2627
2630
12670
21138
33908
2628
2633
12671
21139
33909
2634
2637
12672
21140
33910
2630
2631
12673
33911
2632
2633
12674
33912
2632
2649
12675
33913
2635
2650
12676
33914
2634
2635
12677
33915
2636
2641
12678
33916
2636
2653
12679
33917
2643
2654
12680
33918
2638
2641
12681
21141
33919
2639
2642
12682
21142
33920
2640
2645
12683
21143
33921
2646
2681
12684
21144
33922
2642
2643
12685
33923
2644
2645
12686
33924
2644
2665
12687
33925
2647
2666
12688
33926
2646
2647
12689
33927
2648
2685
12690
33928
2648
2669
12691
33929
2670
2687
12692
33930
2650
2651
12693
33931
2652
2653
12694
33932
2652
2657
12695
33933
2655
2658
12696
33934
2654
2655
12697
33935
2656
2665
12698
33936
2656
2661
12699
33937
2662
2667
12700
33938
2658
2659
12701
33939
2660
2661
12702
33940
2660
3074
12703
33941
2663
3075
12704
33942
2662
2663
12705
33943
2664
2673
12706
33944
2664
3078
12707
33945
2675
3079
12708
33946
2666
2667
12709
33947
2668
2669
12710
33948
2668
2673
12711
33949
2671
2674
12712
33950
2670
2671
12713
33951
2672
2705
12714
33952
2672
2677
12715
33953
2678
2707
12716
33954
2674
2675
12717
33955
2676
2677
12718
33956
2676
3090
12719
33957
2679
3091
12720
33958
2678
2679
12721
33959
2680
2713
12722
33960
2680
3094
12723
33961
2715
3095
12724
33962
2682
2685
12725
21145
33963
2683
2686
12726
21146
33964
2684
2689
12727
21147
33965
2690
2693
12728
21148
33966
2686
2687
12729
33967
2688
2689
12730
33968
2688
2705
12731
33969
2691
2706
12732
33970
2690
2691
12733
33971
2692
2697
12734
33972
2692
2709
12735
33973
2699
2710
12736
33974
2694
2697
12737
21149
33975
2695
2698
12738
21150
33976
2696
2701
12739
21151
33977
2702
2737
12740
21152
33978
2698
2699
12741
33979
2700
2701
12742
33980
2700
2721
12743
33981
2703
2722
12744
33982
2702
2703
12745
33983
2704
2741
12746
33984
2704
2725
12747
33985
2726
2743
12748
33986
2706
2707
12749
33987
2708
2709
12750
33988
2708
2713
12751
33989
2711
2714
12752
33990
2710
2711
12753
33991
2712
2721
12754
33992
2712
2717
12755
33993
2718
2723
12756
33994
2714
2715
12757
33995
2716
2717
12758
33996
2716
3266
12759
33997
2719
3267
12760
33998
2718
2719
12761
33999
2720
2729
12762
34000
2720
3270
12763
34001
2731
3271
12764
34002
2722
2723
12765
34003
2724
2725
12766
34004
2724
2729
12767
34005
2727
2730
12768
34006
2726
2727
12769
34007
2728
2761
12770
34008
2728
2733
12771
34009
2734
2763
12772
34010
2730
2731
12773
34011
2732
2733
12774
34012
2732
3282
12775
34013
2735
3283
12776
34014
2734
2735
12777
34015
2736
2769
12778
34016
2736
3286
12779
34017
2771
3287
12780
34018
2738
2741
12781
21153
34019
2739
2742
12782
21154
34020
2740
2745
12783
21155
34021
2746
2749
12784
21156
34022
2742
2743
12785
34023
2744
2745
12786
34024
2744
2761
12787
34025
2747
2762
12788
34026
2746
2747
12789
34027
2748
2753
12790
34028
2748
2765
12791
34029
2755
2766
12792
34030
2750
2753
12793
21157
34031
2751
2754
12794
21158
34032
2752
2757
12795
21159
34033
2758
2793
12796
21160
34034
2754
2755
12797
34035
2756
2757
12798
34036
2756
2777
12799
34037
2759
2778
12800
34038
2758
2759
12801
34039
2760
2797
12802
34040
2760
2781
12803
34041
2782
2799
12804
34042
2762
2763
12805
34043
2764
2765
12806
34044
2764
2769
12807
34045
2767
2770
12808
34046
2766
2767
12809
34047
2768
2777
12810
34048
2768
2773
12811
34049
2774
2779
12812
34050
2770
2771
12813
34051
2772
2773
12814
34052
2772
3330
12815
34053
2775
3331
12816
34054
2774
2775
12817
34055
2776
2785
12818
34056
2776
3334
12819
34057
2787
3335
12820
34058
2778
2779
12821
34059
2780
2781
12822
34060
2780
2785
12823
34061
2783
2786
12824
34062
2782
2783
12825
34063
2784
2817
12826
34064
2784
2789
12827
34065
2790
2819
12828
34066
2786
2787
12829
34067
2788
2789
12830
34068
2788
3346
12831
34069
2791
3347
12832
34070
2790
2791
12833
34071
2792
2825
12834
34072
2792
3350
12835
34073
2827
3351
12836
34074
2794
2797
12837
21161
34075
2795
2798
12838
21162
34076
2796
2801
12839
21163
34077
2802
2805
12840
21164
34078
2798
2799
12841
34079
2800
2801
12842
34080
2800
2817
12843
34081
2803
2818
12844
34082
2802
2803
12845
34083
2804
2809
12846
34084
2804
2821
12847
34085
2811
2822
12848
34086
2806
2809
12849
21165
34087
2807
2810
12850
21166
34088
2808
2813
12851
21167
34089
2814
2849
12852
21168
34090
2810
2811
12853
34091
2812
2813
12854
34092
2812
2833
12855
34093
2815
2834
12856
34094
2814
2815
12857
34095
2816
2853
12858
34096
2816
2837
12859
34097
2838
2855
12860
34098
2818
2819
12861
34099
2820
2821
12862
34100
2820
2825
12863
34101
2823
2826
12864
34102
2822
2823
12865
34103
2824
2833
12866
34104
2824
2829
12867
34105
2830
2835
12868
34106
2826
2827
12869
34107
2828
2829
12870
34108
2828
4034
12871
34109
2831
4035
12872
34110
2830
2831
12873
34111
2832
2841
12874
34112
2832
4038
12875
34113
2843
4039
12876
34114
2834
2835
12877
34115
2836
2837
12878
34116
2836
2841
12879
34117
2839
2842
12880
34118
2838
2839
12881
34119
2840
2873
12882
34120
2840
2845
12883
34121
2846
2875
12884
34122
2842
2843
12885
34123
2844
2845
12886
34124
2844
4050
12887
34125
2847
4051
12888
34126
2846
2847
12889
34127
2848
2881
12890
34128
2848
4054
12891
34129
2883
4055
12892
34130
2850
2853
12893
21169
34131
2851
2854
12894
21170
34132
2852
2857
12895
21171
34133
2858
2861
12896
21172
34134
2854
2855
12897
34135
2856
2857
12898
34136
2856
2873
12899
34137
2859
2874
12900
34138
2858
2859
12901
34139
2860
2865
12902
34140
2860
2877
12903
34141
2867
2878
12904
34142
2862
2865
12905
21173
34143
2863
2866
12906
21174
34144
2864
2869
12907
21175
34145
2870
2905
12908
21176
34146
2866
2867
12909
34147
2868
2869
12910
34148
2868
2889
12911
34149
2871
2890
12912
34150
2870
2871
12913
34151
2872
2909
12914
34152
2872
2893
12915
34153
2894
2911
12916
34154
2874
2875
12917
34155
2876
2877
12918
34156
2876
2881
12919
34157
2879
2882
12920
34158
2878
2879
12921
34159
2880
2889
12922
34160
2880
2885
12923
34161
2886
2891
12924
34162
2882
2883
12925
34163
2884
2885
12926
34164
2884
4098
12927
34165
2887
4099
12928
34166
2886
2887
12929
34167
2888
2897
12930
34168
2888
4102
12931
34169
2899
4103
12932
34170
2890
2891
12933
34171
2892
2893
12934
34172
2892
2897
12935
34173
2895
2898
12936
34174
2894
2895
12937
34175
2896
2929
12938
34176
2896
2901
12939
34177
2902
2931
12940
34178
2898
2899
12941
34179
2900
2901
12942
34180
2900
4114
12943
34181
2903
4115
12944
34182
2902
2903
12945
34183
2904
2937
12946
34184
2904
4118
12947
34185
2939
4119
12948
34186
2906
2909
12949
21177
34187
2907
2910
12950
21178
34188
2908
2913
12951
21179
34189
2914
2917
12952
21180
34190
2910
2911
12953
34191
2912
2913
12954
34192
2912
2929
12955
34193
2915
2930
12956
34194
2914
2915
12957
34195
2916
2921
12958
34196
2916
2933
12959
34197
2923
2934
12960
34198
2918
2921
12961
21181
34199
2919
2922
12962
21182
34200
2920
2925
12963
21183
34201
2926
2961
12964
21184
34202
2922
2923
12965
34203
2924
2925
12966
34204
2924
2945
12967
34205
2927
2946
12968
34206
2926
2927
12969
34207
2928
2965
12970
34208
2928
2949
12971
34209
2950
2967
12972
34210
2930
2931
12973
34211
2932
2933
12974
34212
2932
2937
12975
34213
2935
2938
12976
34214
2934
2935
12977
34215
2936
2945
12978
34216
2936
2941
12979
34217
2942
2947
12980
34218
2938
2939
12981
34219
2940
2941
12982
34220
2940
4290
12983
34221
2943
4291
12984
34222
2942
2943
12985
34223
2944
2953
12986
34224
2944
4294
12987
34225
2955
4295
12988
34226
2946
2947
12989
34227
2948
2949
12990
34228
2948
2953
12991
34229
2951
2954
12992
34230
2950
2951
12993
34231
2952
2982
12994
34232
2952
2957
12995
34233
2958
2984
12996
34234
2954
2955
12997
34235
2956
2957
12998
34236
2956
4306
12999
34237
2959
4307
13000
34238
2958
2959
13001
34239
2960
2990
13002
34240
2960
4310
13003
34241
2992
4311
13004
34242
2962
2965
13005
21185
34243
2963
2966
13006
21186
34244
2964
2969
13007
21187
34245
2970
2973
13008
21188
34246
2966
2967
13009
34247
2968
2969
13010
34248
2968
2982
13011
34249
2971
2983
13012
34250
2970
2971
13013
34251
2972
2976
13014
34252
2972
2986
13015
34253
2978
2987
13016
34254
2974
2976
13017
21189
34255
2975
2977
13018
21190
34256
2980
13019
20674
21191
34257
2977
2978
13020
34258
2979
2980
13021
34259
2979
2998
13022
34260
2981
2999
13023
34261
2981
13024
20675
34262
3002
13025
20676
34263
2983
2984
13026
34264
2985
2986
13027
34265
2985
2990
13028
34266
2988
2991
13029
34267
2987
2988
13030
34268
2989
2998
13031
34269
2989
2994
13032
34270
2995
3000
13033
34271
2991
2992
13034
34272
2993
2994
13035
34273
2993
4354
13036
34274
2996
4355
13037
34275
2995
2996
13038
34276
2997
3004
13039
34277
2997
4358
13040
34278
3006
4359
13041
34279
2999
3000
13042
34280
3001
3002
13043
34281
3001
3004
13044
34282
3003
3005
13045
34283
3003
13046
20677
34284
3008
13047
20678
34285
3005
3006
13048
34286
3007
3008
13049
34287
3007
4370
13050
34288
3009
4371
13051
34289
3009
13052
20679
34290
4374
13053
20680
34291
3011
3012
13054
34292
3013
3014
13055
34293
3013
3018
13056
34294
3016
3019
13057
34295
3015
3016
13058
34296
3017
3026
13059
34297
3017
3022
13060
34298
3023
3028
13061
34299
3019
3020
13062
34300
3021
3022
13063
34301
3021
3042
13064
34302
3024
3043
13065
34303
3023
3024
13066
34304
3025
3034
13067
34305
3025
3046
13068
34306
3036
3047
13069
34307
3027
3028
13070
34308
3029
3030
13071
34309
3029
3034
13072
34310
3032
3035
13073
34311
3031
3032
13074
34312
3033
3074
13075
34313
3033
3038
13076
34314
3039
3076
13077
34315
3035
3036
13078
34316
3037
3038
13079
34317
3037
3058
13080
34318
3040
3059
13081
34319
3039
3040
13082
34320
3041
3082
13083
34321
3041
3062
13084
34322
3063
3084
13085
34323
3043
3044
13086
34324
3045
3046
13087
34325
3045
3050
13088
34326
3048
3051
13089
34327
3047
3048
13090
34328
3049
3058
13091
34329
3049
3054
13092
34330
3055
3060
13093
34331
3051
3052
13094
34332
3053
3054
13095
34333
3053
3138
13096
34334
3056
3139
13097
34335
3055
3056
13098
34336
3057
3066
13099
34337
3057
3142
13100
34338
3068
3143
13101
34339
3059
3060
13102
34340
3061
3062
13103
34341
3061
3066
13104
34342
3064
3067
13105
34343
3063
3064
13106
34344
3065
3106
13107
34345
3065
3070
13108
34346
3071
3108
13109
34347
3067
3068
13110
34348
3069
3070
13111
34349
3069
3154
13112
34350
3072
3155
13113
34351
3071
3072
13114
34352
3073
3114
13115
34353
3073
3158
13116
34354
3116
3159
13117
34355
3075
3076
13118
34356
3077
3078
13119
34357
3077
3082
13120
34358
3080
3083
13121
34359
3079
3080
13122
34360
3081
3090
13123
34361
3081
3086
13124
34362
3087
3092
13125
34363
3083
3084
13126
34364
3085
3086
13127
34365
3085
3106
13128
34366
3088
3107
13129
34367
3087
3088
13130
34368
3089
3098
13131
34369
3089
3110
13132
34370
3100
3111
13133
34371
3091
3092
13134
34372
3093
3094
13135
34373
3093
3098
13136
34374
3096
3099
13137
34375
3095
3096
13138
34376
3097
3266
13139
34377
3097
3102
13140
34378
3103
3268
13141
34379
3099
3100
13142
34380
3101
3102
13143
34381
3101
3122
13144
34382
3104
3123
13145
34383
3103
3104
13146
34384
3105
3274
13147
34385
3105
3126
13148
34386
3127
3276
13149
34387
3107
3108
13150
34388
3109
3110
13151
34389
3109
3114
13152
34390
3112
3115
13153
34391
3111
3112
13154
34392
3113
3122
13155
34393
3113
3118
13156
34394
3119
3124
13157
34395
3115
3116
13158
34396
3117
3118
13159
34397
3117
3202
13160
34398
3120
3203
13161
34399
3119
3120
13162
34400
3121
3130
13163
34401
3121
3206
13164
34402
3132
3207
13165
34403
3123
3124
13166
34404
3125
3126
13167
34405
3125
3130
13168
34406
3128
3131
13169
34407
3127
3128
13170
34408
3129
3298
13171
34409
3129
3134
13172
34410
3135
3300
13173
34411
3131
3132
13174
34412
3133
3134
13175
34413
3133
3218
13176
34414
3136
3219
13177
34415
3135
3136
13178
34416
3137
3306
13179
34417
3137
3222
13180
34418
3223
3308
13181
34419
3139
3140
13182
34420
3141
3142
13183
34421
3141
3146
13184
34422
3144
3147
13185
34423
3143
3144
13186
34424
3145
3154
13187
34425
3145
3150
13188
34426
3151
3156
13189
34427
3147
3148
13190
34428
3149
3150
13191
34429
3149
3170
13192
34430
3152
3171
13193
34431
3151
3152
13194
34432
3153
3162
13195
34433
3153
3174
13196
34434
3164
3175
13197
34435
3155
3156
13198
34436
3157
3158
13199
34437
3157
3162
13200
34438
3160
3163
13201
34439
3159
3160
13202
34440
3161
3202
13203
34441
3161
3166
13204
34442
3167
3204
13205
34443
3163
3164
13206
34444
3165
3166
13207
34445
3165
3186
13208
34446
3168
3187
13209
34447
3167
3168
13210
34448
3169
3210
13211
34449
3169
3190
13212
34450
3191
3212
13213
34451
3171
3172
13214
34452
3173
3174
13215
34453
3173
3178
13216
34454
3176
3179
13217
34455
3175
3176
13218
34456
3177
3186
13219
34457
3177
3182
13220
34458
3183
3188
13221
34459
3179
3180
13222
34460
3181
3182
13223
34461
3181
3522
13224
34462
3184
3523
13225
34463
3183
3184
13226
34464
3185
3194
13227
34465
3185
3526
13228
34466
3196
3527
13229
34467
3187
3188
13230
34468
3189
3190
13231
34469
3189
3194
13232
34470
3192
3195
13233
34471
3191
3192
13234
34472
3193
3234
13235
34473
3193
3198
13236
34474
3199
3236
13237
34475
3195
3196
13238
34476
3197
3198
13239
34477
3197
3538
13240
34478
3200
3539
13241
34479
3199
3200
13242
34480
3201
3242
13243
34481
3201
3542
13244
34482
3244
3543
13245
34483
3203
3204
13246
34484
3205
3206
13247
34485
3205
3210
13248
34486
3208
3211
13249
34487
3207
3208
13250
34488
3209
3218
13251
34489
3209
3214
13252
34490
3215
3220
13253
34491
3211
3212
13254
34492
3213
3214
13255
34493
3213
3234
13256
34494
3216
3235
13257
34495
3215
3216
13258
34496
3217
3226
13259
34497
3217
3238
13260
34498
3228
3239
13261
34499
3219
3220
13262
34500
3221
3222
13263
34501
3221
3226
13264
34502
3224
3227
13265
34503
3223
3224
13266
34504
3225
3394
13267
34505
3225
3230
13268
34506
3231
3396
13269
34507
3227
3228
13270
34508
3229
3230
13271
34509
3229
3250
13272
34510
3232
3251
13273
34511
3231
3232
13274
34512
3233
3402
13275
34513
3233
3254
13276
34514
3255
3404
13277
34515
3235
3236
13278
34516
3237
3238
13279
34517
3237
3242
13280
34518
3240
3243
13281
34519
3239
3240
13282
34520
3241
3250
13283
34521
3241
3246
13284
34522
3247
3252
13285
34523
3243
3244
13286
34524
3245
3246
13287
34525
3245
3586
13288
34526
3248
3587
13289
34527
3247
3248
13290
34528
3249
3258
13291
34529
3249
3590
13292
34530
3260
3591
13293
34531
3251
3252
13294
34532
3253
3254
13295
34533
3253
3258
13296
34534
3256
3259
13297
34535
3255
3256
13298
34536
3257
3426
13299
34537
3257
3262
13300
34538
3263
3428
13301
34539
3259
3260
13302
34540
3261
3262
13303
34541
3261
3602
13304
34542
3264
3603
13305
34543
3263
3264
13306
34544
3265
3434
13307
34545
3265
3606
13308
34546
3436
3607
13309
34547
3267
3268
13310
34548
3269
3270
13311
34549
3269
3274
13312
34550
3272
3275
13313
34551
3271
3272
13314
34552
3273
3282
13315
34553
3273
3278
13316
34554
3279
3284
13317
34555
3275
3276
13318
34556
3277
3278
13319
34557
3277
3298
13320
34558
3280
3299
13321
34559
3279
3280
13322
34560
3281
3290
13323
34561
3281
3302
13324
34562
3292
3303
13325
34563
3283
3284
13326
34564
3285
3286
13327
34565
3285
3290
13328
34566
3288
3291
13329
34567
3287
3288
13330
34568
3289
3330
13331
34569
3289
3294
13332
34570
3295
3332
13333
34571
3291
3292
13334
34572
3293
3294
13335
34573
3293
3314
13336
34574
3296
3315
13337
34575
3295
3296
13338
34576
3297
3338
13339
34577
3297
3318
13340
34578
3319
3340
13341
34579
3299
3300
13342
34580
3301
3302
13343
34581
3301
3306
13344
34582
3304
3307
13345
34583
3303
3304
13346
34584
3305
3314
13347
34585
3305
3310
13348
34586
3311
3316
13349
34587
3307
3308
13350
34588
3309
3310
13351
34589
3309
3394
13352
34590
3312
3395
13353
34591
3311
3312
13354
34592
3313
3322
13355
34593
3313
3398
13356
34594
3324
3399
13357
34595
3315
3316
13358
34596
3317
3318
13359
34597
3317
3322
13360
34598
3320
3323
13361
34599
3319
3320
13362
34600
3321
3362
13363
34601
3321
3326
13364
34602
3327
3364
13365
34603
3323
3324
13366
34604
3325
3326
13367
34605
3325
3410
13368
34606
3328
3411
13369
34607
3327
3328
13370
34608
3329
3370
13371
34609
3329
3414
13372
34610
3372
3415
13373
34611
3331
3332
13374
34612
3333
3334
13375
34613
3333
3338
13376
34614
3336
3339
13377
34615
3335
3336
13378
34616
3337
3346
13379
34617
3337
3342
13380
34618
3343
3348
13381
34619
3339
3340
13382
34620
3341
3342
13383
34621
3341
3362
13384
34622
3344
3363
13385
34623
3343
3344
13386
34624
3345
3354
13387
34625
3345
3366
13388
34626
3356
3367
13389
34627
3347
3348
13390
34628
3349
3350
13391
34629
3349
3354
13392
34630
3352
3355
13393
34631
3351
3352
13394
34632
3353
4034
13395
34633
3353
3358
13396
34634
3359
4036
13397
34635
3355
3356
13398
34636
3357
3358
13399
34637
3357
3378
13400
34638
3360
3379
13401
34639
3359
3360
13402
34640
3361
4042
13403
34641
3361
3382
13404
34642
3383
4044
13405
34643
3363
3364
13406
34644
3365
3366
13407
34645
3365
3370
13408
34646
3368
3371
13409
34647
3367
3368
13410
34648
3369
3378
13411
34649
3369
3374
13412
34650
3375
3380
13413
34651
3371
3372
13414
34652
3373
3374
13415
34653
3373
3458
13416
34654
3376
3459
13417
34655
3375
3376
13418
34656
3377
3386
13419
34657
3377
3462
13420
34658
3388
3463
13421
34659
3379
3380
13422
34660
3381
3382
13423
34661
3381
3386
13424
34662
3384
3387
13425
34663
3383
3384
13426
34664
3385
4066
13427
34665
3385
3390
13428
34666
3391
4068
13429
34667
3387
3388
13430
34668
3389
3390
13431
34669
3389
3474
13432
34670
3392
3475
13433
34671
3391
3392
13434
34672
3393
4074
13435
34673
3393
3478
13436
34674
3479
4076
13437
34675
3395
3396
13438
34676
3397
3398
13439
34677
3397
3402
13440
34678
3400
3403
13441
34679
3399
3400
13442
34680
3401
3410
13443
34681
3401
3406
13444
34682
3407
3412
13445
34683
3403
3404
13446
34684
3405
3406
13447
34685
3405
3426
13448
34686
3408
3427
13449
34687
3407
3408
13450
34688
3409
3418
13451
34689
3409
3430
13452
34690
3420
3431
13453
34691
3411
3412
13454
34692
3413
3414
13455
34693
3413
3418
13456
34694
3416
3419
13457
34695
3415
3416
13458
34696
3417
3458
13459
34697
3417
3422
13460
34698
3423
3460
13461
34699
3419
3420
13462
34700
3421
3422
13463
34701
3421
3442
13464
34702
3424
3443
13465
34703
3423
3424
13466
34704
3425
3466
13467
34705
3425
3446
13468
34706
3447
3468
13469
34707
3427
3428
13470
34708
3429
3430
13471
34709
3429
3434
13472
34710
3432
3435
13473
34711
3431
3432
13474
34712
3433
3442
13475
34713
3433
3438
13476
34714
3439
3444
13477
34715
3435
3436
13478
34716
3437
3438
13479
34717
3437
3778
13480
34718
3440
3779
13481
34719
3439
3440
13482
34720
3441
3450
13483
34721
3441
3782
13484
34722
3452
3783
13485
34723
3443
3444
13486
34724
3445
3446
13487
34725
3445
3450
13488
34726
3448
3451
13489
34727
3447
3448
13490
34728
3449
3490
13491
34729
3449
3454
13492
34730
3455
3492
13493
34731
3451
3452
13494
34732
3453
3454
13495
34733
3453
3794
13496
34734
3456
3795
13497
34735
3455
3456
13498
34736
3457
3498
13499
34737
3457
3798
13500
34738
3500
3799
13501
34739
3459
3460
13502
34740
3461
3462
13503
34741
3461
3466
13504
34742
3464
3467
13505
34743
3463
3464
13506
34744
3465
3474
13507
34745
3465
3470
13508
34746
3471
3476
13509
34747
3467
3468
13510
34748
3469
3470
13511
34749
3469
3490
13512
34750
3472
3491
13513
34751
3471
3472
13514
34752
3473
3482
13515
34753
3473
3494
13516
34754
3484
3495
13517
34755
3475
3476
13518
34756
3477
3478
13519
34757
3477
3482
13520
34758
3480
3483
13521
34759
3479
3480
13522
34760
3481
4162
13523
34761
3481
3486
13524
34762
3487
4164
13525
34763
3483
3484
13526
34764
3485
3486
13527
34765
3485
3506
13528
34766
3488
3507
13529
34767
3487
3488
13530
34768
3489
4170
13531
34769
3489
3510
13532
34770
3511
4172
13533
34771
3491
3492
13534
34772
3493
3494
13535
34773
3493
3498
13536
34774
3496
3499
13537
34775
3495
3496
13538
34776
3497
3506
13539
34777
3497
3502
13540
34778
3503
3508
13541
34779
3499
3500
13542
34780
3501
3502
13543
34781
3501
3842
13544
34782
3504
3843
13545
34783
3503
3504
13546
34784
3505
3514
13547
34785
3505
3846
13548
34786
3516
3847
13549
34787
3507
3508
13550
34788
3509
3510
13551
34789
3509
3514
13552
34790
3512
3515
13553
34791
3511
3512
13554
34792
3513
4194
13555
34793
3513
3518
13556
34794
3519
4196
13557
34795
3515
3516
13558
34796
3517
3518
13559
34797
3517
3858
13560
34798
3520
3859
13561
34799
3519
3520
13562
34800
3521
4202
13563
34801
3521
3862
13564
34802
3863
4204
13565
34803
3523
3524
13566
34804
3525
3526
13567
34805
3525
3530
13568
34806
3528
3531
13569
34807
3527
3528
13570
34808
3529
3538
13571
34809
3529
3534
13572
34810
3535
3540
13573
34811
3531
3532
13574
34812
3533
3534
13575
34813
3533
3554
13576
34814
3536
3555
13577
34815
3535
3536
13578
34816
3537
3546
13579
34817
3537
3558
13580
34818
3548
3559
13581
34819
3539
3540
13582
34820
3541
3542
13583
34821
3541
3546
13584
34822
3544
3547
13585
34823
3543
3544
13586
34824
3545
3586
13587
34825
3545
3550
13588
34826
3551
3588
13589
34827
3547
3548
13590
34828
3549
3550
13591
34829
3549
3570
13592
34830
3552
3571
13593
34831
3551
3552
13594
34832
3553
3594
13595
34833
3553
3574
13596
34834
3575
3596
13597
34835
3555
3556
13598
34836
3557
3558
13599
34837
3557
3562
13600
34838
3560
3563
13601
34839
3559
3560
13602
34840
3561
3570
13603
34841
3561
3566
13604
34842
3567
3572
13605
34843
3563
3564
13606
34844
3565
3566
13607
34845
3565
3650
13608
34846
3568
3651
13609
34847
3567
3568
13610
34848
3569
3578
13611
34849
3569
3654
13612
34850
3580
3655
13613
34851
3571
3572
13614
34852
3573
3574
13615
34853
3573
3578
13616
34854
3576
3579
13617
34855
3575
3576
13618
34856
3577
3618
13619
34857
3577
3582
13620
34858
3583
3620
13621
34859
3579
3580
13622
34860
3581
3582
13623
34861
3581
3666
13624
34862
3584
3667
13625
34863
3583
3584
13626
34864
3585
3626
13627
34865
3585
3670
13628
34866
3628
3671
13629
34867
3587
3588
13630
34868
3589
3590
13631
34869
3589
3594
13632
34870
3592
3595
13633
34871
3591
3592
13634
34872
3593
3602
13635
34873
3593
3598
13636
34874
3599
3604
13637
34875
3595
3596
13638
34876
3597
3598
13639
34877
3597
3618
13640
34878
3600
3619
13641
34879
3599
3600
13642
34880
3601
3610
13643
34881
3601
3622
13644
34882
3612
3623
13645
34883
3603
3604
13646
34884
3605
3606
13647
34885
3605
3610
13648
34886
3608
3611
13649
34887
3607
3608
13650
34888
3609
3778
13651
34889
3609
3614
13652
34890
3615
3780
13653
34891
3611
3612
13654
34892
3613
3614
13655
34893
3613
3634
13656
34894
3616
3635
13657
34895
3615
3616
13658
34896
3617
3786
13659
34897
3617
3638
13660
34898
3639
3788
13661
34899
3619
3620
13662
34900
3621
3622
13663
34901
3621
3626
13664
34902
3624
3627
13665
34903
3623
3624
13666
34904
3625
3634
13667
34905
3625
3630
13668
34906
3631
3636
13669
34907
3627
3628
13670
34908
3629
3630
13671
34909
3629
3714
13672
34910
3632
3715
13673
34911
3631
3632
13674
34912
3633
3642
13675
34913
3633
3718
13676
34914
3644
3719
13677
34915
3635
3636
13678
34916
3637
3638
13679
34917
3637
3642
13680
34918
3640
3643
13681
34919
3639
3640
13682
34920
3641
3810
13683
34921
3641
3646
13684
34922
3647
3812
13685
34923
3643
3644
13686
34924
3645
3646
13687
34925
3645
3730
13688
34926
3648
3731
13689
34927
3647
3648
13690
34928
3649
3818
13691
34929
3649
3734
13692
34930
3735
3820
13693
34931
3651
3652
13694
34932
3653
3654
13695
34933
3653
3658
13696
34934
3656
3659
13697
34935
3655
3656
13698
34936
3657
3666
13699
34937
3657
3662
13700
34938
3663
3668
13701
34939
3659
3660
13702
34940
3661
3662
13703
34941
3661
3682
13704
34942
3664
3683
13705
34943
3663
3664
13706
34944
3665
3674
13707
34945
3665
3686
13708
34946
3676
3687
13709
34947
3667
3668
13710
34948
3669
3670
13711
34949
3669
3674
13712
34950
3672
3675
13713
34951
3671
3672
13714
34952
3673
3714
13715
34953
3673
3678
13716
34954
3679
3716
13717
34955
3675
3676
13718
34956
3677
3678
13719
34957
3677
3698
13720
34958
3680
3699
13721
34959
3679
3680
13722
34960
3681
3722
13723
34961
3681
3702
13724
34962
3703
3724
13725
34963
3683
3684
13726
34964
3685
3686
13727
34965
3685
3690
13728
34966
3688
3691
13729
34967
3687
3688
13730
34968
3689
3698
13731
34969
3689
3694
13732
34970
3695
3700
13733
34971
3691
3692
13734
34972
3693
3694
13735
34973
3693
7591
13736
34974
3696
7592
13737
34975
3695
3696
13738
34976
3697
3706
13739
34977
3697
7595
13740
34978
3708
7596
13741
34979
3699
3700
13742
34980
3701
3702
13743
34981
3701
3706
13744
34982
3704
3707
13745
34983
3703
3704
13746
34984
3705
3746
13747
34985
3705
3710
13748
34986
3711
3748
13749
34987
3707
3708
13750
34988
3709
3710
13751
34989
3709
7607
13752
34990
3712
7608
13753
34991
3711
3712
13754
34992
3713
3754
13755
34993
3713
7611
13756
34994
3756
7612
13757
34995
3715
3716
13758
34996
3717
3718
13759
34997
3717
3722
13760
34998
3720
3723
13761
34999
3719
3720
13762
35000
3721
3730
13763
35001
3721
3726
13764
35002
3727
3732
13765
35003
3723
3724
13766
35004
3725
3726
13767
35005
3725
3746
13768
35006
3728
3747
13769
35007
3727
3728
13770
35008
3729
3738
13771
35009
3729
3750
13772
35010
3740
3751
13773
35011
3731
3732
13774
35012
3733
3734
13775
35013
3733
3738
13776
35014
3736
3739
13777
35015
3735
3736
13778
35016
3737
3906
13779
35017
3737
3742
13780
35018
3743
3908
13781
35019
3739
3740
13782
35020
3741
3742
13783
35021
3741
3762
13784
35022
3744
3763
13785
35023
3743
3744
13786
35024
3745
3914
13787
35025
3745
3766
13788
35026
3767
3916
13789
35027
3747
3748
13790
35028
3749
3750
13791
35029
3749
3754
13792
35030
3752
3755
13793
35031
3751
3752
13794
35032
3753
3762
13795
35033
3753
3758
13796
35034
3759
3764
13797
35035
3755
3756
13798
35036
3757
3758
13799
35037
3757
7655
13800
35038
3760
7656
13801
35039
3759
3760
13802
35040
3761
3770
13803
35041
3761
7659
13804
35042
3772
7660
13805
35043
3763
3764
13806
35044
3765
3766
13807
35045
3765
3770
13808
35046
3768
3771
13809
35047
3767
3768
13810
35048
3769
3938
13811
35049
3769
3774
13812
35050
3775
3940
13813
35051
3771
3772
13814
35052
3773
3774
13815
35053
3773
7671
13816
35054
3776
7672
13817
35055
3775
3776
13818
35056
3777
3946
13819
35057
3777
7675
13820
35058
3948
7676
13821
35059
3779
3780
13822
35060
3781
3782
13823
35061
3781
3786
13824
35062
3784
3787
13825
35063
3783
3784
13826
35064
3785
3794
13827
35065
3785
3790
13828
35066
3791
3796
13829
35067
3787
3788
13830
35068
3789
3790
13831
35069
3789
3810
13832
35070
3792
3811
13833
35071
3791
3792
13834
35072
3793
3802
13835
35073
3793
3814
13836
35074
3804
3815
13837
35075
3795
3796
13838
35076
3797
3798
13839
35077
3797
3802
13840
35078
3800
3803
13841
35079
3799
3800
13842
35080
3801
3842
13843
35081
3801
3806
13844
35082
3807
3844
13845
35083
3803
3804
13846
35084
3805
3806
13847
35085
3805
3826
13848
35086
3808
3827
13849
35087
3807
3808
13850
35088
3809
3850
13851
35089
3809
3830
13852
35090
3831
3852
13853
35091
3811
3812
13854
35092
3813
3814
13855
35093
3813
3818
13856
35094
3816
3819
13857
35095
3815
3816
13858
35096
3817
3826
13859
35097
3817
3822
13860
35098
3823
3828
13861
35099
3819
3820
13862
35100
3821
3822
13863
35101
3821
3906
13864
35102
3824
3907
13865
35103
3823
3824
13866
35104
3825
3834
13867
35105
3825
3910
13868
35106
3836
3911
13869
35107
3827
3828
13870
35108
3829
3830
13871
35109
3829
3834
13872
35110
3832
3835
13873
35111
3831
3832
13874
35112
3833
3874
13875
35113
3833
3838
13876
35114
3839
3876
13877
35115
3835
3836
13878
35116
3837
3838
13879
35117
3837
3922
13880
35118
3840
3923
13881
35119
3839
3840
13882
35120
3841
3882
13883
35121
3841
3926
13884
35122
3884
3927
13885
35123
3843
3844
13886
35124
3845
3846
13887
35125
3845
3850
13888
35126
3848
3851
13889
35127
3847
3848
13890
35128
3849
3858
13891
35129
3849
3854
13892
35130
3855
3860
13893
35131
3851
3852
13894
35132
3853
3854
13895
35133
3853
3874
13896
35134
3856
3875
13897
35135
3855
3856
13898
35136
3857
3866
13899
35137
3857
3878
13900
35138
3868
3879
13901
35139
3859
3860
13902
35140
3861
3862
13903
35141
3861
3866
13904
35142
3864
3867
13905
35143
3863
3864
13906
35144
3865
4530
13907
35145
3865
3870
13908
35146
3871
4532
13909
35147
3867
3868
13910
35148
3869
3870
13911
35149
3869
3890
13912
35150
3872
3891
13913
35151
3871
3872
13914
35152
3873
4538
13915
35153
3873
3894
13916
35154
3895
4540
13917
35155
3875
3876
13918
35156
3877
3878
13919
35157
3877
3882
13920
35158
3880
3883
13921
35159
3879
3880
13922
35160
3881
3890
13923
35161
3881
3886
13924
35162
3887
3892
13925
35163
3883
3884
13926
35164
3885
3886
13927
35165
3885
3970
13928
35166
3888
3971
13929
35167
3887
3888
13930
35168
3889
3898
13931
35169
3889
3974
13932
35170
3900
3975
13933
35171
3891
3892
13934
35172
3893
3894
13935
35173
3893
3898
13936
35174
3896
3899
13937
35175
3895
3896
13938
35176
3897
4562
13939
35177
3897
3902
13940
35178
3903
4564
13941
35179
3899
3900
13942
35180
3901
3902
13943
35181
3901
3986
13944
35182
3904
3987
13945
35183
3903
3904
13946
35184
3905
4570
13947
35185
3905
3990
13948
35186
3991
4572
13949
35187
3907
3908
13950
35188
3909
3910
13951
35189
3909
3914
13952
35190
3912
3915
13953
35191
3911
3912
13954
35192
3913
3922
13955
35193
3913
3918
13956
35194
3919
3924
13957
35195
3915
3916
13958
35196
3917
3918
13959
35197
3917
3938
13960
35198
3920
3939
13961
35199
3919
3920
13962
35200
3921
3930
13963
35201
3921
3942
13964
35202
3932
3943
13965
35203
3923
3924
13966
35204
3925
3926
13967
35205
3925
3930
13968
35206
3928
3931
13969
35207
3927
3928
13970
35208
3929
3970
13971
35209
3929
3934
13972
35210
3935
3972
13973
35211
3931
3932
13974
35212
3933
3934
13975
35213
3933
3954
13976
35214
3936
3955
13977
35215
3935
3936
13978
35216
3937
3978
13979
35217
3937
3958
13980
35218
3959
3980
13981
35219
3939
3940
13982
35220
3941
3942
13983
35221
3941
3946
13984
35222
3944
3947
13985
35223
3943
3944
13986
35224
3945
3954
13987
35225
3945
3950
13988
35226
3951
3956
13989
35227
3947
3948
13990
35228
3949
3950
13991
35229
3949
7847
13992
35230
3952
7848
13993
35231
3951
3952
13994
35232
3953
3962
13995
35233
3953
7851
13996
35234
3964
7852
13997
35235
3955
3956
13998
35236
3957
3958
13999
35237
3957
3962
14000
35238
3960
3963
14001
35239
3959
3960
14002
35240
3961
4002
14003
35241
3961
3966
14004
35242
3967
4004
14005
35243
3963
3964
14006
35244
3965
3966
14007
35245
3965
7863
14008
35246
3968
7864
14009
35247
3967
3968
14010
35248
3969
4010
14011
35249
3969
7867
14012
35250
4012
7868
14013
35251
3971
3972
14014
35252
3973
3974
14015
35253
3973
3978
14016
35254
3976
3979
14017
35255
3975
3976
14018
35256
3977
3986
14019
35257
3977
3982
14020
35258
3983
3988
14021
35259
3979
3980
14022
35260
3981
3982
14023
35261
3981
4002
14024
35262
3984
4003
14025
35263
3983
3984
14026
35264
3985
3994
14027
35265
3985
4006
14028
35266
3996
4007
14029
35267
3987
3988
14030
35268
3989
3990
14031
35269
3989
3994
14032
35270
3992
3995
14033
35271
3991
3992
14034
35272
3993
4658
14035
35273
3993
3998
14036
35274
3999
4660
14037
35275
3995
3996
14038
35276
3997
3998
14039
35277
3997
4018
14040
35278
4000
4019
14041
35279
3999
4000
14042
35280
4001
4666
14043
35281
4001
4022
14044
35282
4023
4668
14045
35283
4003
4004
14046
35284
4005
4006
14047
35285
4005
4010
14048
35286
4008
4011
14049
35287
4007
4008
14050
35288
4009
4018
14051
35289
4009
4014
14052
35290
4015
4020
14053
35291
4011
4012
14054
35292
4013
4014
14055
35293
4013
7911
14056
35294
4016
7912
14057
35295
4015
4016
14058
35296
4017
4026
14059
35297
4017
7915
14060
35298
4028
7916
14061
35299
4019
4020
14062
35300
4021
4022
14063
35301
4021
4026
14064
35302
4024
4027
14065
35303
4023
4024
14066
35304
4025
4690
14067
35305
4025
4030
14068
35306
4031
4692
14069
35307
4027
4028
14070
35308
4029
4030
14071
35309
4029
7927
14072
35310
4032
7928
14073
35311
4031
4032
14074
35312
4033
4698
14075
35313
4033
7931
14076
35314
4700
7932
14077
35315
4035
4036
14078
35316
4037
4038
14079
35317
4037
4042
14080
35318
4040
4043
14081
35319
4039
4040
14082
35320
4041
4050
14083
35321
4041
4046
14084
35322
4047
4052
14085
35323
4043
4044
14086
35324
4045
4046
14087
35325
4045
4066
14088
35326
4048
4067
14089
35327
4047
4048
14090
35328
4049
4058
14091
35329
4049
4070
14092
35330
4060
4071
14093
35331
4051
4052
14094
35332
4053
4054
14095
35333
4053
4058
14096
35334
4056
4059
14097
35335
4055
4056
14098
35336
4057
4098
14099
35337
4057
4062
14100
35338
4063
4100
14101
35339
4059
4060
14102
35340
4061
4062
14103
35341
4061
4082
14104
35342
4064
4083
14105
35343
4063
4064
14106
35344
4065
4106
14107
35345
4065
4086
14108
35346
4087
4108
14109
35347
4067
4068
14110
35348
4069
4070
14111
35349
4069
4074
14112
35350
4072
4075
14113
35351
4071
4072
14114
35352
4073
4082
14115
35353
4073
4078
14116
35354
4079
4084
14117
35355
4075
4076
14118
35356
4077
4078
14119
35357
4077
4162
14120
35358
4080
4163
14121
35359
4079
4080
14122
35360
4081
4090
14123
35361
4081
4166
14124
35362
4092
4167
14125
35363
4083
4084
14126
35364
4085
4086
14127
35365
4085
4090
14128
35366
4088
4091
14129
35367
4087
4088
14130
35368
4089
4130
14131
35369
4089
4094
14132
35370
4095
4132
14133
35371
4091
4092
14134
35372
4093
4094
14135
35373
4093
4178
14136
35374
4096
4179
14137
35375
4095
4096
14138
35376
4097
4138
14139
35377
4097
4182
14140
35378
4140
4183
14141
35379
4099
4100
14142
35380
4101
4102
14143
35381
4101
4106
14144
35382
4104
4107
14145
35383
4103
4104
14146
35384
4105
4114
14147
35385
4105
4110
14148
35386
4111
4116
14149
35387
4107
4108
14150
35388
4109
4110
14151
35389
4109
4130
14152
35390
4112
4131
14153
35391
4111
4112
14154
35392
4113
4122
14155
35393
4113
4134
14156
35394
4124
4135
14157
35395
4115
4116
14158
35396
4117
4118
14159
35397
4117
4122
14160
35398
4120
4123
14161
35399
4119
4120
14162
35400
4121
4290
14163
35401
4121
4126
14164
35402
4127
4292
14165
35403
4123
4124
14166
35404
4125
4126
14167
35405
4125
4146
14168
35406
4128
4147
14169
35407
4127
4128
14170
35408
4129
4298
14171
35409
4129
4150
14172
35410
4151
4300
14173
35411
4131
4132
14174
35412
4133
4134
14175
35413
4133
4138
14176
35414
4136
4139
14177
35415
4135
4136
14178
35416
4137
4146
14179
35417
4137
4142
14180
35418
4143
4148
14181
35419
4139
4140
14182
35420
4141
4142
14183
35421
4141
4226
14184
35422
4144
4227
14185
35423
4143
4144
14186
35424
4145
4154
14187
35425
4145
4230
14188
35426
4156
4231
14189
35427
4147
4148
14190
35428
4149
4150
14191
35429
4149
4154
14192
35430
4152
4155
14193
35431
4151
4152
14194
35432
4153
4322
14195
35433
4153
4158
14196
35434
4159
4324
14197
35435
4155
4156
14198
35436
4157
4158
14199
35437
4157
4242
14200
35438
4160
4243
14201
35439
4159
4160
14202
35440
4161
4330
14203
35441
4161
4246
14204
35442
4247
4332
14205
35443
4163
4164
14206
35444
4165
4166
14207
35445
4165
4170
14208
35446
4168
4171
14209
35447
4167
4168
14210
35448
4169
4178
14211
35449
4169
4174
14212
35450
4175
4180
14213
35451
4171
4172
14214
35452
4173
4174
14215
35453
4173
4194
14216
35454
4176
4195
14217
35455
4175
4176
14218
35456
4177
4186
14219
35457
4177
4198
14220
35458
4188
4199
14221
35459
4179
4180
14222
35460
4181
4182
14223
35461
4181
4186
14224
35462
4184
4187
14225
35463
4183
4184
14226
35464
4185
4226
14227
35465
4185
4190
14228
35466
4191
4228
14229
35467
4187
4188
14230
35468
4189
4190
14231
35469
4189
4210
14232
35470
4192
4211
14233
35471
4191
4192
14234
35472
4193
4234
14235
35473
4193
4214
14236
35474
4215
4236
14237
35475
4195
4196
14238
35476
4197
4198
14239
35477
4197
4202
14240
35478
4200
4203
14241
35479
4199
4200
14242
35480
4201
4210
14243
35481
4201
4206
14244
35482
4207
4212
14245
35483
4203
4204
14246
35484
4205
4206
14247
35485
4205
4530
14248
35486
4208
4531
14249
35487
4207
4208
14250
35488
4209
4218
14251
35489
4209
4534
14252
35490
4220
4535
14253
35491
4211
4212
14254
35492
4213
4214
14255
35493
4213
4218
14256
35494
4216
4219
14257
35495
4215
4216
14258
35496
4217
4258
14259
35497
4217
4222
14260
35498
4223
4260
14261
35499
4219
4220
14262
35500
4221
4222
14263
35501
4221
4546
14264
35502
4224
4547
14265
35503
4223
4224
14266
35504
4225
4266
14267
35505
4225
4550
14268
35506
4268
4551
14269
35507
4227
4228
14270
35508
4229
4230
14271
35509
4229
4234
14272
35510
4232
4235
14273
35511
4231
4232
14274
35512
4233
4242
14275
35513
4233
4238
14276
35514
4239
4244
14277
35515
4235
4236
14278
35516
4237
4238
14279
35517
4237
4258
14280
35518
4240
4259
14281
35519
4239
4240
14282
35520
4241
4250
14283
35521
4241
4262
14284
35522
4252
4263
14285
35523
4243
4244
14286
35524
4245
4246
14287
35525
4245
4250
14288
35526
4248
4251
14289
35527
4247
4248
14290
35528
4249
4410
14291
35529
4249
4254
14292
35530
4255
4412
14293
35531
4251
4252
14294
35532
4253
4254
14295
35533
4253
4274
14296
35534
4256
4275
14297
35535
4255
4256
14298
35536
4257
4418
14299
35537
4257
4278
14300
35538
4279
4420
14301
35539
4259
4260
14302
35540
4261
4262
14303
35541
4261
4266
14304
35542
4264
4267
14305
35543
4263
4264
14306
35544
4265
4274
14307
35545
4265
4270
14308
35546
4271
4276
14309
35547
4267
4268
14310
35548
4269
4270
14311
35549
4269
4594
14312
35550
4272
4595
14313
35551
4271
4272
14314
35552
4273
4282
14315
35553
4273
4598
14316
35554
4284
4599
14317
35555
4275
4276
14318
35556
4277
4278
14319
35557
4277
4282
14320
35558
4280
4283
14321
35559
4279
4280
14322
35560
4281
4442
14323
35561
4281
4286
14324
35562
4287
4444
14325
35563
4283
4284
14326
35564
4285
4286
14327
35565
4285
4610
14328
35566
4288
4611
14329
35567
4287
4288
14330
35568
4289
4450
14331
35569
4289
4614
14332
35570
4452
4615
14333
35571
4291
4292
14334
35572
4293
4294
14335
35573
4293
4298
14336
35574
4296
4299
14337
35575
4295
4296
14338
35576
4297
4306
14339
35577
4297
4302
14340
35578
4303
4308
14341
35579
4299
4300
14342
35580
4301
4302
14343
35581
4301
4322
14344
35582
4304
4323
14345
35583
4303
4304
14346
35584
4305
4314
14347
35585
4305
4326
14348
35586
4316
4327
14349
35587
4307
4308
14350
35588
4309
4310
14351
35589
4309
4314
14352
35590
4312
4315
14353
35591
4311
4312
14354
35592
4313
4354
14355
35593
4313
4318
14356
35594
4319
4356
14357
35595
4315
4316
14358
35596
4317
4318
14359
35597
4317
4338
14360
35598
4320
4339
14361
35599
4319
4320
14362
35600
4321
4362
14363
35601
4321
4342
14364
35602
4343
4364
14365
35603
4323
4324
14366
35604
4325
4326
14367
35605
4325
4330
14368
35606
4328
4331
14369
35607
4327
4328
14370
35608
4329
4338
14371
35609
4329
4334
14372
35610
4335
4340
14373
35611
4331
4332
14374
35612
4333
4334
14375
35613
4333
4410
14376
35614
4336
4411
14377
35615
4335
4336
14378
35616
4337
4346
14379
35617
4337
4414
14380
35618
4348
4415
14381
35619
4339
4340
14382
35620
4341
4342
14383
35621
4341
4346
14384
35622
4344
4347
14385
35623
4343
4344
14386
35624
4345
4382
14387
35625
4345
4350
14388
35626
4351
4384
14389
35627
4347
4348
14390
35628
4349
4350
14391
35629
4349
4426
14392
35630
4352
4427
14393
35631
4351
4352
14394
35632
4353
4390
14395
35633
4353
4430
14396
35634
4392
4431
14397
35635
4355
4356
14398
35636
4357
4358
14399
35637
4357
4362
14400
35638
4360
4363
14401
35639
4359
4360
14402
35640
4361
4370
14403
35641
4361
4366
14404
35642
4367
4372
14405
35643
4363
4364
14406
35644
4365
4366
14407
35645
4365
4382
14408
35646
4368
4383
14409
35647
4367
4368
14410
35648
4369
4376
14411
35649
4369
4386
14412
35650
4378
4387
14413
35651
4371
4372
14414
35652
4373
4374
14415
35653
4373
4376
14416
35654
4375
4377
14417
35655
4375
14418
20697
35656
4380
14419
20698
35657
4377
4378
14420
35658
4379
4380
14421
35659
4379
4398
14422
35660
4381
4399
14423
35661
4381
14424
20699
35662
4402
14425
20700
35663
4383
4384
14426
35664
4385
4386
14427
35665
4385
4390
14428
35666
4388
4391
14429
35667
4387
4388
14430
35668
4389
4398
14431
35669
4389
4394
14432
35670
4395
4400
14433
35671
4391
4392
14434
35672
4393
4394
14435
35673
4393
4474
14436
35674
4396
4475
14437
35675
4395
4396
14438
35676
4397
4404
14439
35677
4397
4478
14440
35678
4406
4479
14441
35679
4399
4400
14442
35680
4401
4402
14443
35681
4401
4404
14444
35682
4403
4405
14445
35683
4403
14446
20701
35684
4408
14447
20702
35685
4405
4406
14448
35686
4407
4408
14449
35687
4407
4490
14450
35688
4409
4491
14451
35689
4409
14452
20703
35690
4494
14453
20704
35691
4411
4412
14454
35692
4413
4414
14455
35693
4413
4418
14456
35694
4416
4419
14457
35695
4415
4416
14458
35696
4417
4426
14459
35697
4417
4422
14460
35698
4423
4428
14461
35699
4419
4420
14462
35700
4421
4422
14463
35701
4421
4442
14464
35702
4424
4443
14465
35703
4423
4424
14466
35704
4425
4434
14467
35705
4425
4446
14468
35706
4436
4447
14469
35707
4427
4428
14470
35708
4429
4430
14471
35709
4429
4434
14472
35710
4432
4435
14473
35711
4431
4432
14474
35712
4433
4474
14475
35713
4433
4438
14476
35714
4439
4476
14477
35715
4435
4436
14478
35716
4437
4438
14479
35717
4437
4458
14480
35718
4440
4459
14481
35719
4439
4440
14482
35720
4441
4482
14483
35721
4441
4462
14484
35722
4463
4484
14485
35723
4443
4444
14486
35724
4445
4446
14487
35725
4445
4450
14488
35726
4448
4451
14489
35727
4447
4448
14490
35728
4449
4458
14491
35729
4449
4454
14492
35730
4455
4460
14493
35731
4451
4452
14494
35732
4453
4454
14495
35733
4453
4786
14496
35734
4456
4787
14497
35735
4455
4456
14498
35736
4457
4466
14499
35737
4457
4790
14500
35738
4468
4791
14501
35739
4459
4460
14502
35740
4461
4462
14503
35741
4461
4466
14504
35742
4464
4467
14505
35743
4463
4464
14506
35744
4465
4502
14507
35745
4465
4470
14508
35746
4471
4504
14509
35747
4467
4468
14510
35748
4469
4470
14511
35749
4469
4802
14512
35750
4472
4803
14513
35751
4471
4472
14514
35752
4473
4510
14515
35753
4473
4806
14516
35754
4512
4807
14517
35755
4475
4476
14518
35756
4477
4478
14519
35757
4477
4482
14520
35758
4480
4483
14521
35759
4479
4480
14522
35760
4481
4490
14523
35761
4481
4486
14524
35762
4487
4492
14525
35763
4483
4484
14526
35764
4485
4486
14527
35765
4485
4502
14528
35766
4488
4503
14529
35767
4487
4488
14530
35768
4489
4496
14531
35769
4489
4506
14532
35770
4498
4507
14533
35771
4491
4492
14534
35772
4493
4494
14535
35773
4493
4496
14536
35774
4495
4497
14537
35775
4495
14538
20705
35776
4500
14539
20706
35777
4497
4498
14540
35778
4499
4500
14541
35779
4499
4518
14542
35780
4501
4519
14543
35781
4501
14544
20707
35782
4522
14545
20708
35783
4503
4504
14546
35784
4505
4506
14547
35785
4505
4510
14548
35786
4508
4511
14549
35787
4507
4508
14550
35788
4509
4518
14551
35789
4509
4514
14552
35790
4515
4520
14553
35791
4511
4512
14554
35792
4513
4514
14555
35793
4513
4850
14556
35794
4516
4851
14557
35795
4515
4516
14558
35796
4517
4524
14559
35797
4517
4854
14560
35798
4526
4855
14561
35799
4519
4520
14562
35800
4521
4522
14563
35801
4521
4524
14564
35802
4523
4525
14565
35803
4523
14566
20709
35804
4528
14567
20710
35805
4525
4526
14568
35806
4527
4528
14569
35807
4527
4866
14570
35808
4529
4867
14571
35809
4529
14572
20711
35810
4870
14573
20712
35811
4531
4532
14574
35812
4533
4534
14575
35813
4533
4538
14576
35814
4536
4539
14577
35815
4535
4536
14578
35816
4537
4546
14579
35817
4537
4542
14580
35818
4543
4548
14581
35819
4539
4540
14582
35820
4541
4542
14583
35821
4541
4562
14584
35822
4544
4563
14585
35823
4543
4544
14586
35824
4545
4554
14587
35825
4545
4566
14588
35826
4556
4567
14589
35827
4547
4548
14590
35828
4549
4550
14591
35829
4549
4554
14592
35830
4552
4555
14593
35831
4551
4552
14594
35832
4553
4594
14595
35833
4553
4558
14596
35834
4559
4596
14597
35835
4555
4556
14598
35836
4557
4558
14599
35837
4557
4578
14600
35838
4560
4579
14601
35839
4559
4560
14602
35840
4561
4602
14603
35841
4561
4582
14604
35842
4583
4604
14605
35843
4563
4564
14606
35844
4565
4566
14607
35845
4565
4570
14608
35846
4568
4571
14609
35847
4567
4568
14610
35848
4569
4578
14611
35849
4569
4574
14612
35850
4575
4580
14613
35851
4571
4572
14614
35852
4573
4574
14615
35853
4573
4658
14616
35854
4576
4659
14617
35855
4575
4576
14618
35856
4577
4586
14619
35857
4577
4662
14620
35858
4588
4663
14621
35859
4579
4580
14622
35860
4581
4582
14623
35861
4581
4586
14624
35862
4584
4587
14625
35863
4583
4584
14626
35864
4585
4626
14627
35865
4585
4590
14628
35866
4591
4628
14629
35867
4587
4588
14630
35868
4589
4590
14631
35869
4589
4674
14632
35870
4592
4675
14633
35871
4591
4592
14634
35872
4593
4634
14635
35873
4593
4678
14636
35874
4636
4679
14637
35875
4595
4596
14638
35876
4597
4598
14639
35877
4597
4602
14640
35878
4600
4603
14641
35879
4599
4600
14642
35880
4601
4610
14643
35881
4601
4606
14644
35882
4607
4612
14645
35883
4603
4604
14646
35884
4605
4606
14647
35885
4605
4626
14648
35886
4608
4627
14649
35887
4607
4608
14650
35888
4609
4618
14651
35889
4609
4630
14652
35890
4620
4631
14653
35891
4611
4612
14654
35892
4613
4614
14655
35893
4613
4618
14656
35894
4616
4619
14657
35895
4615
4616
14658
35896
4617
4786
14659
35897
4617
4622
14660
35898
4623
4788
14661
35899
4619
4620
14662
35900
4621
4622
14663
35901
4621
4642
14664
35902
4624
4643
14665
35903
4623
4624
14666
35904
4625
4794
14667
35905
4625
4646
14668
35906
4647
4796
14669
35907
4627
4628
14670
35908
4629
4630
14671
35909
4629
4634
14672
35910
4632
4635
14673
35911
4631
4632
14674
35912
4633
4642
14675
35913
4633
4638
14676
35914
4639
4644
14677
35915
4635
4636
14678
35916
4637
4638
14679
35917
4637
4722
14680
35918
4640
4723
14681
35919
4639
4640
14682
35920
4641
4650
14683
35921
4641
4726
14684
35922
4652
4727
14685
35923
4643
4644
14686
35924
4645
4646
14687
35925
4645
4650
14688
35926
4648
4651
14689
35927
4647
4648
14690
35928
4649
4818
14691
35929
4649
4654
14692
35930
4655
4820
14693
35931
4651
4652
14694
35932
4653
4654
14695
35933
4653
4738
14696
35934
4656
4739
14697
35935
4655
4656
14698
35936
4657
4826
14699
35937
4657
4742
14700
35938
4743
4828
14701
35939
4659
4660
14702
35940
4661
4662
14703
35941
4661
4666
14704
35942
4664
4667
14705
35943
4663
4664
14706
35944
4665
4674
14707
35945
4665
4670
14708
35946
4671
4676
14709
35947
4667
4668
14710
35948
4669
4670
14711
35949
4669
4690
14712
35950
4672
4691
14713
35951
4671
4672
14714
35952
4673
4682
14715
35953
4673
4694
14716
35954
4684
4695
14717
35955
4675
4676
14718
35956
4677
4678
14719
35957
4677
4682
14720
35958
4680
4683
14721
35959
4679
4680
14722
35960
4681
4722
14723
35961
4681
4686
14724
35962
4687
4724
14725
35963
4683
4684
14726
35964
4685
4686
14727
35965
4685
4706
14728
35966
4688
4707
14729
35967
4687
4688
14730
35968
4689
4730
14731
35969
4689
4710
14732
35970
4711
4732
14733
35971
4691
4692
14734
35972
4693
4694
14735
35973
4693
4698
14736
35974
4696
4699
14737
35975
4695
4696
14738
35976
4697
4706
14739
35977
4697
4702
14740
35978
4703
4708
14741
35979
4699
4700
14742
35980
4701
4702
14743
35981
4701
8615
14744
35982
4704
8616
14745
35983
4703
4704
14746
35984
4705
4714
14747
35985
4705
8619
14748
35986
4716
8620
14749
35987
4707
4708
14750
35988
4709
4710
14751
35989
4709
4714
14752
35990
4712
4715
14753
35991
4711
4712
14754
35992
4713
4754
14755
35993
4713
4718
14756
35994
4719
4756
14757
35995
4715
4716
14758
35996
4717
4718
14759
35997
4717
8631
14760
35998
4720
8632
14761
35999
4719
4720
14762
36000
4721
4762
14763
36001
4721
8635
14764
36002
4764
8636
14765
36003
4723
4724
14766
36004
4725
4726
14767
36005
4725
4730
14768
36006
4728
4731
14769
36007
4727
4728
14770
36008
4729
4738
14771
36009
4729
4734
14772
36010
4735
4740
14773
36011
4731
4732
14774
36012
4733
4734
14775
36013
4733
4754
14776
36014
4736
4755
14777
36015
4735
4736
14778
36016
4737
4746
14779
36017
4737
4758
14780
36018
4748
4759
14781
36019
4739
4740
14782
36020
4741
4742
14783
36021
4741
4746
14784
36022
4744
4747
14785
36023
4743
4744
14786
36024
4745
4906
14787
36025
4745
4750
14788
36026
4751
4908
14789
36027
4747
4748
14790
36028
4749
4750
14791
36029
4749
4770
14792
36030
4752
4771
14793
36031
4751
4752
14794
36032
4753
4914
14795
36033
4753
4774
14796
36034
4775
4916
14797
36035
4755
4756
14798
36036
4757
4758
14799
36037
4757
4762
14800
36038
4760
4763
14801
36039
4759
4760
14802
36040
4761
4770
14803
36041
4761
4766
14804
36042
4767
4772
14805
36043
4763
4764
14806
36044
4765
4766
14807
36045
4765
8679
14808
36046
4768
8680
14809
36047
4767
4768
14810
36048
4769
4778
14811
36049
4769
8683
14812
36050
4780
8684
14813
36051
4771
4772
14814
36052
4773
4774
14815
36053
4773
4778
14816
36054
4776
4779
14817
36055
4775
4776
14818
36056
4777
4938
14819
36057
4777
4782
14820
36058
4783
4940
14821
36059
4779
4780
14822
36060
4781
4782
14823
36061
4781
8695
14824
36062
4784
8696
14825
36063
4783
4784
14826
36064
4785
4946
14827
36065
4785
8699
14828
36066
4948
8700
14829
36067
4787
4788
14830
36068
4789
4790
14831
36069
4789
4794
14832
36070
4792
4795
14833
36071
4791
4792
14834
36072
4793
4802
14835
36073
4793
4798
14836
36074
4799
4804
14837
36075
4795
4796
14838
36076
4797
4798
14839
36077
4797
4818
14840
36078
4800
4819
14841
36079
4799
4800
14842
36080
4801
4810
14843
36081
4801
4822
14844
36082
4812
4823
14845
36083
4803
4804
14846
36084
4805
4806
14847
36085
4805
4810
14848
36086
4808
4811
14849
36087
4807
4808
14850
36088
4809
4850
14851
36089
4809
4814
14852
36090
4815
4852
14853
36091
4811
4812
14854
36092
4813
4814
14855
36093
4813
4834
14856
36094
4816
4835
14857
36095
4815
4816
14858
36096
4817
4858
14859
36097
4817
4838
14860
36098
4839
4860
14861
36099
4819
4820
14862
36100
4821
4822
14863
36101
4821
4826
14864
36102
4824
4827
14865
36103
4823
4824
14866
36104
4825
4834
14867
36105
4825
4830
14868
36106
4831
4836
14869
36107
4827
4828
14870
36108
4829
4830
14871
36109
4829
4906
14872
36110
4832
4907
14873
36111
4831
4832
14874
36112
4833
4842
14875
36113
4833
4910
14876
36114
4844
4911
14877
36115
4835
4836
14878
36116
4837
4838
14879
36117
4837
4842
14880
36118
4840
4843
14881
36119
4839
4840
14882
36120
4841
4878
14883
36121
4841
4846
14884
36122
4847
4880
14885
36123
4843
4844
14886
36124
4845
4846
14887
36125
4845
4922
14888
36126
4848
4923
14889
36127
4847
4848
14890
36128
4849
4886
14891
36129
4849
4926
14892
36130
4888
4927
14893
36131
4851
4852
14894
36132
4853
4854
14895
36133
4853
4858
14896
36134
4856
4859
14897
36135
4855
4856
14898
36136
4857
4866
14899
36137
4857
4862
14900
36138
4863
4868
14901
36139
4859
4860
14902
36140
4861
4862
14903
36141
4861
4878
14904
36142
4864
4879
14905
36143
4863
4864
14906
36144
4865
4872
14907
36145
4865
4882
14908
36146
4874
4883
14909
36147
4867
4868
14910
36148
4869
4870
14911
36149
4869
4872
14912
36150
4871
4873
14913
36151
4871
14914
20713
36152
4876
14915
20714
36153
4873
4874
14916
36154
4875
4876
14917
36155
4875
4894
14918
36156
4877
4895
14919
36157
4877
14920
20715
36158
4898
14921
20716
36159
4879
4880
14922
36160
4881
4882
14923
36161
4881
4886
14924
36162
4884
4887
14925
36163
4883
4884
14926
36164
4885
4894
14927
36165
4885
4890
14928
36166
4891
4896
14929
36167
4887
4888
14930
36168
4889
4890
14931
36169
4889
4970
14932
36170
4892
4971
14933
36171
4891
4892
14934
36172
4893
4900
14935
36173
4893
4974
14936
36174
4902
4975
14937
36175
4895
4896
14938
36176
4897
4898
14939
36177
4897
4900
14940
36178
4899
4901
14941
36179
4899
14942
20717
36180
4904
14943
20718
36181
4901
4902
14944
36182
4903
4904
14945
36183
4903
4986
14946
36184
4905
4987
14947
36185
4905
14948
20719
36186
4990
14949
20720
36187
4907
4908
14950
36188
4909
4910
14951
36189
4909
4914
14952
36190
4912
4915
14953
36191
4911
4912
14954
36192
4913
4922
14955
36193
4913
4918
14956
36194
4919
4924
14957
36195
4915
4916
14958
36196
4917
4918
14959
36197
4917
4938
14960
36198
4920
4939
14961
36199
4919
4920
14962
36200
4921
4930
14963
36201
4921
4942
14964
36202
4932
4943
14965
36203
4923
4924
14966
36204
4925
4926
14967
36205
4925
4930
14968
36206
4928
4931
14969
36207
4927
4928
14970
36208
4929
4970
14971
36209
4929
4934
14972
36210
4935
4972
14973
36211
4931
4932
14974
36212
4933
4934
14975
36213
4933
4954
14976
36214
4936
4955
14977
36215
4935
4936
14978
36216
4937
4978
14979
36217
4937
4958
14980
36218
4959
4980
14981
36219
4939
4940
14982
36220
4941
4942
14983
36221
4941
4946
14984
36222
4944
4947
14985
36223
4943
4944
14986
36224
4945
4954
14987
36225
4945
4950
14988
36226
4951
4956
14989
36227
4947
4948
14990
36228
4949
4950
14991
36229
4949
8871
14992
36230
4952
8872
14993
36231
4951
4952
14994
36232
4953
4962
14995
36233
4953
8875
14996
36234
4964
8876
14997
36235
4955
4956
14998
36236
4957
4958
14999
36237
4957
4962
15000
36238
4960
4963
15001
36239
4959
4960
15002
36240
4961
4998
15003
36241
4961
4966
15004
36242
4967
5000
15005
36243
4963
4964
15006
36244
4965
4966
15007
36245
4965
8887
15008
36246
4968
8888
15009
36247
4967
4968
15010
36248
4969
5006
15011
36249
4969
8891
15012
36250
5008
8892
15013
36251
4971
4972
15014
36252
4973
4974
15015
36253
4973
4978
15016
36254
4976
4979
15017
36255
4975
4976
15018
36256
4977
4986
15019
36257
4977
4982
15020
36258
4983
4988
15021
36259
4979
4980
15022
36260
4981
4982
15023
36261
4981
4998
15024
36262
4984
4999
15025
36263
4983
4984
15026
36264
4985
4992
15027
36265
4985
5002
15028
36266
4994
5003
15029
36267
4987
4988
15030
36268
4989
4990
15031
36269
4989
4992
15032
36270
4991
4993
15033
36271
4991
15034
20721
36272
4996
15035
20722
36273
4993
4994
15036
36274
4995
4996
15037
36275
4995
5014
15038
36276
4997
5015
15039
36277
4997
15040
20723
36278
5018
15041
20724
36279
4999
5000
15042
36280
5001
5002
15043
36281
5001
5006
15044
36282
5004
5007
15045
36283
5003
5004
15046
36284
5005
5014
15047
36285
5005
5010
15048
36286
5011
5016
15049
36287
5007
5008
15050
36288
5009
5010
15051
36289
5009
8935
15052
36290
5012
8936
15053
36291
5011
5012
15054
36292
5013
5020
15055
36293
5013
8939
15056
36294
5022
8940
15057
36295
5015
5016
15058
36296
5017
5018
15059
36297
5017
5020
15060
36298
5019
5021
15061
36299
5019
15062
20725
36300
5024
15063
20726
36301
5021
5022
15064
36302
5023
5024
15065
36303
5023
8951
15066
36304
5025
8952
15067
36305
5025
15068
20727
36306
8955
15069
20728
36307
5027
5028
15070
20569
36308
5030
5032
15071
20570
36309
5029
5030
15072
36310
5031
5038
15073
36311
5031
5034
15074
36312
5035
5040
15075
36313
5033
5034
15076
20571
36314
5036
5054
15077
20572
36315
5035
5036
15078
36316
5037
5046
15079
36317
5037
5056
15080
36318
5048
5057
15081
36319
5039
5040
15082
36320
5041
5042
15083
36321
5041
5046
15084
36322
5044
5047
15085
36323
5043
5044
15086
36324
5045
5082
15087
36325
5045
5050
15088
36326
5051
5084
15089
36327
5047
5048
15090
36328
5049
5050
15091
36329
5049
5066
15092
36330
5052
5067
15093
36331
5051
5052
15094
36332
5053
5090
15095
36333
5053
5070
15096
36334
5071
5092
15097
36335
5055
5056
15098
20577
36336
5058
5060
15099
20578
36337
5057
5058
15100
36338
5059
5066
15101
36339
5059
5062
15102
36340
5063
5068
15103
36341
5061
5062
15104
20579
36342
5064
5146
15105
20580
36343
5063
5064
15106
36344
5065
5074
15107
36345
5065
5148
15108
36346
5076
5149
15109
36347
5067
5068
15110
36348
5069
5070
15111
36349
5069
5074
15112
36350
5072
5075
15113
36351
5071
5072
15114
36352
5073
5114
15115
36353
5073
5078
15116
36354
5079
5116
15117
36355
5075
5076
15118
36356
5077
5078
15119
36357
5077
5158
15120
36358
5080
5159
15121
36359
5079
5080
15122
36360
5081
5122
15123
36361
5081
5162
15124
36362
5124
5163
15125
36363
5083
5084
15126
36364
5085
5086
15127
36365
5085
5090
15128
36366
5088
5091
15129
36367
5087
5088
15130
36368
5089
5098
15131
36369
5089
5094
15132
36370
5095
5100
15133
36371
5091
5092
15134
36372
5093
5094
15135
36373
5093
5114
15136
36374
5096
5115
15137
36375
5095
5096
15138
36376
5097
5106
15139
36377
5097
5118
15140
36378
5108
5119
15141
36379
5099
5100
15142
36380
5101
5102
15143
36381
5101
5106
15144
36382
5104
5107
15145
36383
5103
5104
15146
36384
5105
5266
15147
36385
5105
5110
15148
36386
5111
5268
15149
36387
5107
5108
15150
36388
5109
5110
15151
36389
5109
5130
15152
36390
5112
5131
15153
36391
5111
5112
15154
36392
5113
5274
15155
36393
5113
5134
15156
36394
5135
5276
15157
36395
5115
5116
15158
36396
5117
5118
15159
36397
5117
5122
15160
36398
5120
5123
15161
36399
5119
5120
15162
36400
5121
5130
15163
36401
5121
5126
15164
36402
5127
5132
15165
36403
5123
5124
15166
36404
5125
5126
15167
36405
5125
5202
15168
36406
5128
5203
15169
36407
5127
5128
15170
36408
5129
5138
15171
36409
5129
5206
15172
36410
5140
5207
15173
36411
5131
5132
15174
36412
5133
5134
15175
36413
5133
5138
15176
36414
5136
5139
15177
36415
5135
5136
15178
36416
5137
5298
15179
36417
5137
5142
15180
36418
5143
5300
15181
36419
5139
5140
15182
36420
5141
5142
15183
36421
5141
5218
15184
36422
5144
5219
15185
36423
5143
5144
15186
36424
5145
5306
15187
36425
5145
5222
15188
36426
5223
5308
15189
36427
5147
5148
15190
20581
36428
5150
5152
15191
20582
36429
5149
5150
15192
36430
5151
5158
15193
36431
5151
5154
15194
36432
5155
5160
15195
36433
5153
5154
15196
20583
36434
5156
5174
15197
20584
36435
5155
5156
15198
36436
5157
5166
15199
36437
5157
5176
15200
36438
5168
5177
15201
36439
5159
5160
15202
36440
5161
5162
15203
36441
5161
5166
15204
36442
5164
5167
15205
36443
5163
5164
15206
36444
5165
5202
15207
36445
5165
5170
15208
36446
5171
5204
15209
36447
5167
5168
15210
36448
5169
5170
15211
36449
5169
5186
15212
36450
5172
5187
15213
36451
5171
5172
15214
36452
5173
5210
15215
36453
5173
5190
15216
36454
5191
5212
15217
36455
5175
5176
15218
20585
36456
5178
5180
15219
20586
36457
5177
5178
15220
36458
5179
5186
15221
36459
5179
5182
15222
36460
5183
5188
15223
36461
5181
5182
15224
20587
36462
5184
5576
15225
20588
36463
5183
5184
15226
36464
5185
5194
15227
36465
5185
5578
15228
36466
5196
5579
15229
36467
5187
5188
15230
36468
5189
5190
15231
36469
5189
5194
15232
36470
5192
5195
15233
36471
5191
5192
15234
36472
5193
5234
15235
36473
5193
5198
15236
36474
5199
5236
15237
36475
5195
5196
15238
36476
5197
5198
15239
36477
5197
5588
15240
36478
5200
5589
15241
36479
5199
5200
15242
36480
5201
5242
15243
36481
5201
5592
15244
36482
5244
5593
15245
36483
5203
5204
15246
36484
5205
5206
15247
36485
5205
5210
15248
36486
5208
5211
15249
36487
5207
5208
15250
36488
5209
5218
15251
36489
5209
5214
15252
36490
5215
5220
15253
36491
5211
5212
15254
36492
5213
5214
15255
36493
5213
5234
15256
36494
5216
5235
15257
36495
5215
5216
15258
36496
5217
5226
15259
36497
5217
5238
15260
36498
5228
5239
15261
36499
5219
5220
15262
36500
5221
5222
15263
36501
5221
5226
15264
36502
5224
5227
15265
36503
5223
5224
15266
36504
5225
5448
15267
36505
5225
5230
15268
36506
5231
5450
15269
36507
5227
5228
15270
36508
5229
5230
15271
36509
5229
5250
15272
36510
5232
5251
15273
36511
5231
5232
15274
36512
5233
5456
15275
36513
5233
5254
15276
36514
5255
5458
15277
36515
5235
5236
15278
36516
5237
5238
15279
36517
5237
5242
15280
36518
5240
5243
15281
36519
5239
5240
15282
36520
5241
5250
15283
36521
5241
5246
15284
36522
5247
5252
15285
36523
5243
5244
15286
36524
5245
5246
15287
36525
5245
5632
15288
36526
5248
5633
15289
36527
5247
5248
15290
36528
5249
5258
15291
36529
5249
5636
15292
36530
5260
5637
15293
36531
5251
5252
15294
36532
5253
5254
15295
36533
5253
5258
15296
36534
5256
5259
15297
36535
5255
5256
15298
36536
5257
5480
15299
36537
5257
5262
15300
36538
5263
5482
15301
36539
5259
5260
15302
36540
5261
5262
15303
36541
5261
5648
15304
36542
5264
5649
15305
36543
5263
5264
15306
36544
5265
5488
15307
36545
5265
5652
15308
36546
5490
5653
15309
36547
5267
5268
15310
36548
5269
5270
15311
36549
5269
5274
15312
36550
5272
5275
15313
36551
5271
5272
15314
36552
5273
5282
15315
36553
5273
5278
15316
36554
5279
5284
15317
36555
5275
5276
15318
36556
5277
5278
15319
36557
5277
5298
15320
36558
5280
5299
15321
36559
5279
5280
15322
36560
5281
5290
15323
36561
5281
5302
15324
36562
5292
5303
15325
36563
5283
5284
15326
36564
5285
5286
15327
36565
5285
5290
15328
36566
5288
5291
15329
36567
5287
5288
15330
36568
5289
5330
15331
36569
5289
5294
15332
36570
5295
5332
15333
36571
5291
5292
15334
36572
5293
5294
15335
36573
5293
5314
15336
36574
5296
5315
15337
36575
5295
5296
15338
36576
5297
5338
15339
36577
5297
5318
15340
36578
5319
5340
15341
36579
5299
5300
15342
36580
5301
5302
15343
36581
5301
5306
15344
36582
5304
5307
15345
36583
5303
5304
15346
36584
5305
5314
15347
36585
5305
5310
15348
36586
5311
5316
15349
36587
5307
5308
15350
36588
5309
5310
15351
36589
5309
5448
15352
36590
5312
5449
15353
36591
5311
5312
15354
36592
5313
5322
15355
36593
5313
5452
15356
36594
5324
5453
15357
36595
5315
5316
15358
36596
5317
5318
15359
36597
5317
5322
15360
36598
5320
5323
15361
36599
5319
5320
15362
36600
5321
5416
15363
36601
5321
5326
15364
36602
5327
5418
15365
36603
5323
5324
15366
36604
5325
5326
15367
36605
5325
5464
15368
36606
5328
5465
15369
36607
5327
5328
15370
36608
5329
5424
15371
36609
5329
5468
15372
36610
5426
5469
15373
36611
5331
5332
15374
36612
5333
5334
15375
36613
5333
5338
15376
36614
5336
5339
15377
36615
5335
5336
15378
36616
5337
5360
15379
36617
5337
5342
15380
36618
5343
5367
15381
36619
5339
5340
15382
36620
5341
5342
15383
36621
5341
5416
15384
36622
5344
5417
15385
36623
5343
5344
15386
36624
5345
5382
15387
36625
5345
5420
15388
36626
5384
5421
15389
36627
5347
5348
5360
36628
36629
5349
5350
5360
36630
5349
5352
5360
36631
36632
5351
5353
5360
36633
5351
5361
20352
36634
5356
5362
20134
36635
5353
5354
5367
36638
36639
5355
5356
5367
36640
5355
5367
36641
36642
36643
5358
5367
36644
36645
5357
5358
5368
36646
5359
5369
20135
20355
36647
5359
5370
5378
36648
5371
5379
20141
36649
5361
5362
5364
5365
5367
15390
5362
5364
20356
5363
5365
5368
5366
5369
20136
20357
20358
5365
15391
20359
5366
5372
15392
5373
15393
20360
20361
5368
5370
5372
5374
5382
15397
5369
5370
5372
5371
5373
20362
5371
5374
5383
5375
5376
5383
5373
5374
15398
5375
15399
20363
5375
5383
15400
5377
5383
15401
5377
5400
20143
20366
20367
5404
15420
20368
20369
5379
5380
5383
36652
36653
5381
5383
5386
36654
5381
5383
36655
36656
36657
5383
5388
36658
36659
5383
5384
15422
36660
5385
5400
5402
5404
5406
15423
5385
5432
15424
36661
5414
5433
15425
36662
5387
5388
5400
20142
36663
5389
5401
20148
20370
36664
5389
5392
5402
36665
5390
5393
5403
36666
5391
5396
5409
20149
36669
5397
5410
6104
20373
36670
5393
5394
5414
36671
36672
5395
5396
5414
36673
5395
5414
36674
36675
36676
5398
5414
36677
36678
5397
5398
5415
36679
5399
5415
6110
36680
5399
5415
36681
36682
5415
6112
36683
36684
5401
5402
5404
5403
5405
5408
20374
5403
5406
5414
5407
5409
5414
5405
5406
15430
5407
5411
15431
20375
5407
5414
15432
5412
5414
15433
5409
5411
20150
20376
20377
5410
5412
5415
5413
5415
6119
20378
5412
15438
20379
20380
5413
5415
15439
5415
6122
15440
20381
5415
5436
15444
5437
6132
15445
5417
5418
15460
36685
5419
5420
15461
36686
5419
5424
15462
36687
5422
5425
15463
36688
5421
5422
15464
36689
5423
5432
15465
36690
5423
5428
15466
36691
5429
5434
15467
36692
5425
5426
15468
36693
5427
5428
15469
36694
5427
5512
15470
36695
5430
5513
15471
36696
5429
5430
15472
36697
5431
5440
15473
36698
5431
5516
15474
36699
5442
5517
15475
36700
5433
5434
15476
36701
5435
5436
15477
36702
5435
5440
15478
36703
5438
5441
15479
36704
5437
5438
15480
36705
5439
6158
15481
36706
5439
5444
15482
36707
5445
6160
15483
36708
5441
5442
15484
36709
5443
5444
15485
36710
5443
5528
15486
36711
5446
5529
15487
36712
5445
5446
15488
36713
5447
6166
15489
36714
5447
5532
15490
36715
5533
6168
15491
36716
5449
5450
15492
36717
5451
5452
15493
36718
5451
5456
15494
36719
5454
5457
15495
36720
5453
5454
15496
36721
5455
5464
15497
36722
5455
5460
15498
36723
5461
5466
15499
36724
5457
5458
15500
36725
5459
5460
15501
36726
5459
5480
15502
36727
5462
5481
15503
36728
5461
5462
15504
36729
5463
5472
15505
36730
5463
5484
15506
36731
5474
5485
15507
36732
5465
5466
15508
36733
5467
5468
15509
36734
5467
5472
15510
36735
5470
5473
15511
36736
5469
5470
15512
36737
5471
5512
15513
36738
5471
5476
15514
36739
5477
5514
15515
36740
5473
5474
15516
36741
5475
5476
15517
36742
5475
5496
15518
36743
5478
5497
15519
36744
5477
5478
15520
36745
5479
5520
15521
36746
5479
5500
15522
36747
5501
5522
15523
36748
5481
5482
15524
36749
5483
5484
15525
36750
5483
5488
15526
36751
5486
5489
15527
36752
5485
5486
15528
36753
5487
5496
15529
36754
5487
5492
15530
36755
5493
5498
15531
36756
5489
5490
15532
36757
5491
5492
15533
36758
5491
5816
15534
36759
5494
5817
15535
36760
5493
5494
15536
36761
5495
5504
15537
36762
5495
5820
15538
36763
5506
5821
15539
36764
5497
5498
15540
36765
5499
5500
15541
36766
5499
5504
15542
36767
5502
5505
15543
36768
5501
5502
15544
36769
5503
5544
15545
36770
5503
5508
15546
36771
5509
5546
15547
36772
5505
5506
15548
36773
5507
5508
15549
36774
5507
5832
15550
36775
5510
5833
15551
36776
5509
5510
15552
36777
5511
5552
15553
36778
5511
5836
15554
36779
5554
5837
15555
36780
5513
5514
15556
36781
5515
5516
15557
36782
5515
5520
15558
36783
5518
5521
15559
36784
5517
5518
15560
36785
5519
5528
15561
36786
5519
5524
15562
36787
5525
5530
15563
36788
5521
5522
15564
36789
5523
5524
15565
36790
5523
5544
15566
36791
5526
5545
15567
36792
5525
5526
15568
36793
5527
5536
15569
36794
5527
5548
15570
36795
5538
5549
15571
36796
5529
5530
15572
36797
5531
5532
15573
36798
5531
5536
15574
36799
5534
5537
15575
36800
5533
5534
15576
36801
5535
6254
15577
36802
5535
5540
15578
36803
5541
6256
15579
36804
5537
5538
15580
36805
5539
5540
15581
36806
5539
5560
15582
36807
5542
5561
15583
36808
5541
5542
15584
36809
5543
6262
15585
36810
5543
5564
15586
36811
5565
6264
15587
36812
5545
5546
15588
36813
5547
5548
15589
36814
5547
5552
15590
36815
5550
5553
15591
36816
5549
5550
15592
36817
5551
5560
15593
36818
5551
5556
15594
36819
5557
5562
15595
36820
5553
5554
15596
36821
5555
5556
15597
36822
5555
5880
15598
36823
5558
5881
15599
36824
5557
5558
15600
36825
5559
5568
15601
36826
5559
5884
15602
36827
5570
5885
15603
36828
5561
5562
15604
36829
5563
5564
15605
36830
5563
5568
15606
36831
5566
5569
15607
36832
5565
5566
15608
36833
5567
6286
15609
36834
5567
5572
15610
36835
5573
6288
15611
36836
5569
5570
15612
36837
5571
5572
15613
36838
5571
5896
15614
36839
5574
5897
15615
36840
5573
5574
15616
36841
5575
6294
15617
36842
5575
5900
15618
36843
5901
6296
15619
36844
5577
5578
15620
20589
36845
5580
5582
15621
20590
36846
5579
5580
15622
36847
5581
5588
15623
36848
5581
5584
15624
36849
5585
5590
15625
36850
5583
5584
15626
20591
36851
5586
5604
15627
20592
36852
5585
5586
15628
36853
5587
5596
15629
36854
5587
5606
15630
36855
5598
5607
15631
36856
5589
5590
15632
36857
5591
5592
15633
36858
5591
5596
15634
36859
5594
5597
15635
36860
5593
5594
15636
36861
5595
5632
15637
36862
5595
5600
15638
36863
5601
5634
15639
36864
5597
5598
15640
36865
5599
5600
15641
36866
5599
5616
15642
36867
5602
5617
15643
36868
5601
5602
15644
36869
5603
5640
15645
36870
5603
5620
15646
36871
5621
5642
15647
36872
5605
5606
15648
20593
36873
5608
5610
15649
20594
36874
5607
5608
15650
36875
5609
5616
15651
36876
5609
5612
15652
36877
5613
5618
15653
36878
5611
5612
15654
20595
36879
5614
5696
15655
20596
36880
5613
5614
15656
36881
5615
5624
15657
36882
5615
5698
15658
36883
5626
5699
15659
36884
5617
5618
15660
36885
5619
5620
15661
36886
5619
5624
15662
36887
5622
5625
15663
36888
5621
5622
15664
36889
5623
5664
15665
36890
5623
5628
15666
36891
5629
5666
15667
36892
5625
5626
15668
36893
5627
5628
15669
36894
5627
5708
15670
36895
5630
5709
15671
36896
5629
5630
15672
36897
5631
5672
15673
36898
5631
5712
15674
36899
5674
5713
15675
36900
5633
5634
15676
36901
5635
5636
15677
36902
5635
5640
15678
36903
5638
5641
15679
36904
5637
5638
15680
36905
5639
5648
15681
36906
5639
5644
15682
36907
5645
5650
15683
36908
5641
5642
15684
36909
5643
5644
15685
36910
5643
5664
15686
36911
5646
5665
15687
36912
5645
5646
15688
36913
5647
5656
15689
36914
5647
5668
15690
36915
5658
5669
15691
36916
5649
5650
15692
36917
5651
5652
15693
36918
5651
5656
15694
36919
5654
5657
15695
36920
5653
5654
15696
36921
5655
5816
15697
36922
5655
5660
15698
36923
5661
5818
15699
36924
5657
5658
15700
36925
5659
5660
15701
36926
5659
5680
15702
36927
5662
5681
15703
36928
5661
5662
15704
36929
5663
5824
15705
36930
5663
5684
15706
36931
5685
5826
15707
36932
5665
5666
15708
36933
5667
5668
15709
36934
5667
5672
15710
36935
5670
5673
15711
36936
5669
5670
15712
36937
5671
5680
15713
36938
5671
5676
15714
36939
5677
5682
15715
36940
5673
5674
15716
36941
5675
5676
15717
36942
5675
5752
15718
36943
5678
5753
15719
36944
5677
5678
15720
36945
5679
5688
15721
36946
5679
5756
15722
36947
5690
5757
15723
36948
5681
5682
15724
36949
5683
5684
15725
36950
5683
5688
15726
36951
5686
5689
15727
36952
5685
5686
15728
36953
5687
5848
15729
36954
5687
5692
15730
36955
5693
5850
15731
36956
5689
5690
15732
36957
5691
5692
15733
36958
5691
5768
15734
36959
5694
5769
15735
36960
5693
5694
15736
36961
5695
5856
15737
36962
5695
5772
15738
36963
5773
5858
15739
36964
5697
5698
15740
20597
36965
5700
5702
15741
20598
36966
5699
5700
15742
36967
5701
5708
15743
36968
5701
5704
15744
36969
5705
5710
15745
36970
5703
5704
15746
20599
36971
5706
5724
15747
20600
36972
5705
5706
15748
36973
5707
5716
15749
36974
5707
5726
15750
36975
5718
5727
15751
36976
5709
5710
15752
36977
5711
5712
15753
36978
5711
5716
15754
36979
5714
5717
15755
36980
5713
5714
15756
36981
5715
5752
15757
36982
5715
5720
15758
36983
5721
5754
15759
36984
5717
5718
15760
36985
5719
5720
15761
36986
5719
5736
15762
36987
5722
5737
15763
36988
5721
5722
15764
36989
5723
5760
15765
36990
5723
5740
15766
36991
5741
5762
15767
36992
5725
5726
15768
20601
36993
5728
5730
15769
20602
36994
5727
5728
15770
36995
5729
5736
15771
36996
5729
5732
15772
36997
5733
5738
15773
36998
5731
5732
15774
20603
36999
5734
7150
15775
20604
37000
5733
5734
15776
37001
5735
5744
15777
37002
5735
7152
15778
37003
5746
7153
15779
37004
5737
5738
15780
37005
5739
5740
15781
37006
5739
5744
15782
37007
5742
5745
15783
37008
5741
5742
15784
37009
5743
5784
15785
37010
5743
5748
15786
37011
5749
5786
15787
37012
5745
5746
15788
37013
5747
5748
15789
37014
5747
7162
15790
37015
5750
7163
15791
37016
5749
5750
15792
37017
5751
5792
15793
37018
5751
7166
15794
37019
5794
7167
15795
37020
5753
5754
15796
37021
5755
5756
15797
37022
5755
5760
15798
37023
5758
5761
15799
37024
5757
5758
15800
37025
5759
5768
15801
37026
5759
5764
15802
37027
5765
5770
15803
37028
5761
5762
15804
37029
5763
5764
15805
37030
5763
5784
15806
37031
5766
5785
15807
37032
5765
5766
15808
37033
5767
5776
15809
37034
5767
5788
15810
37035
5778
5789
15811
37036
5769
5770
15812
37037
5771
5772
15813
37038
5771
5776
15814
37039
5774
5777
15815
37040
5773
5774
15816
37041
5775
5944
15817
37042
5775
5780
15818
37043
5781
5946
15819
37044
5777
5778
15820
37045
5779
5780
15821
37046
5779
5800
15822
37047
5782
5801
15823
37048
5781
5782
15824
37049
5783
5952
15825
37050
5783
5804
15826
37051
5805
5954
15827
37052
5785
5786
15828
37053
5787
5788
15829
37054
5787
5792
15830
37055
5790
5793
15831
37056
5789
5790
15832
37057
5791
5800
15833
37058
5791
5796
15834
37059
5797
5802
15835
37060
5793
5794
15836
37061
5795
5796
15837
37062
5795
7199
15838
37063
5798
7200
15839
37064
5797
5798
15840
37065
5799
5808
15841
37066
5799
7203
15842
37067
5810
7204
15843
37068
5801
5802
15844
37069
5803
5804
15845
37070
5803
5808
15846
37071
5806
5809
15847
37072
5805
5806
15848
37073
5807
5976
15849
37074
5807
5812
15850
37075
5813
5978
15851
37076
5809
5810
15852
37077
5811
5812
15853
37078
5811
7215
15854
37079
5814
7216
15855
37080
5813
5814
15856
37081
5815
5984
15857
37082
5815
7219
15858
37083
5986
7220
15859
37084
5817
5818
15860
37085
5819
5820
15861
37086
5819
5824
15862
37087
5822
5825
15863
37088
5821
5822
15864
37089
5823
5832
15865
37090
5823
5828
15866
37091
5829
5834
15867
37092
5825
5826
15868
37093
5827
5828
15869
37094
5827
5848
15870
37095
5830
5849
15871
37096
5829
5830
15872
37097
5831
5840
15873
37098
5831
5852
15874
37099
5842
5853
15875
37100
5833
5834
15876
37101
5835
5836
15877
37102
5835
5840
15878
37103
5838
5841
15879
37104
5837
5838
15880
37105
5839
5880
15881
37106
5839
5844
15882
37107
5845
5882
15883
37108
5841
5842
15884
37109
5843
5844
15885
37110
5843
5864
15886
37111
5846
5865
15887
37112
5845
5846
15888
37113
5847
5888
15889
37114
5847
5868
15890
37115
5869
5890
15891
37116
5849
5850
15892
37117
5851
5852
15893
37118
5851
5856
15894
37119
5854
5857
15895
37120
5853
5854
15896
37121
5855
5864
15897
37122
5855
5860
15898
37123
5861
5866
15899
37124
5857
5858
15900
37125
5859
5860
15901
37126
5859
5944
15902
37127
5862
5945
15903
37128
5861
5862
15904
37129
5863
5872
15905
37130
5863
5948
15906
37131
5874
5949
15907
37132
5865
5866
15908
37133
5867
5868
15909
37134
5867
5872
15910
37135
5870
5873
15911
37136
5869
5870
15912
37137
5871
5912
15913
37138
5871
5876
15914
37139
5877
5914
15915
37140
5873
5874
15916
37141
5875
5876
15917
37142
5875
5960
15918
37143
5878
5961
15919
37144
5877
5878
15920
37145
5879
5920
15921
37146
5879
5964
15922
37147
5922
5965
15923
37148
5881
5882
15924
37149
5883
5884
15925
37150
5883
5888
15926
37151
5886
5889
15927
37152
5885
5886
15928
37153
5887
5896
15929
37154
5887
5892
15930
37155
5893
5898
15931
37156
5889
5890
15932
37157
5891
5892
15933
37158
5891
5912
15934
37159
5894
5913
15935
37160
5893
5894
15936
37161
5895
5904
15937
37162
5895
5916
15938
37163
5906
5917
15939
37164
5897
5898
15940
37165
5899
5900
15941
37166
5899
5904
15942
37167
5902
5905
15943
37168
5901
5902
15944
37169
5903
6638
15945
37170
5903
5908
15946
37171
5909
6640
15947
37172
5905
5906
15948
37173
5907
5908
15949
37174
5907
5928
15950
37175
5910
5929
15951
37176
5909
5910
15952
37177
5911
6646
15953
37178
5911
5932
15954
37179
5933
6648
15955
37180
5913
5914
15956
37181
5915
5916
15957
37182
5915
5920
15958
37183
5918
5921
15959
37184
5917
5918
15960
37185
5919
5928
15961
37186
5919
5924
15962
37187
5925
5930
15963
37188
5921
5922
15964
37189
5923
5924
15965
37190
5923
6008
15966
37191
5926
6009
15967
37192
5925
5926
15968
37193
5927
5936
15969
37194
5927
6012
15970
37195
5938
6013
15971
37196
5929
5930
15972
37197
5931
5932
15973
37198
5931
5936
15974
37199
5934
5937
15975
37200
5933
5934
15976
37201
5935
6670
15977
37202
5935
5940
15978
37203
5941
6672
15979
37204
5937
5938
15980
37205
5939
5940
15981
37206
5939
6024
15982
37207
5942
6025
15983
37208
5941
5942
15984
37209
5943
6678
15985
37210
5943
6028
15986
37211
6029
6680
15987
37212
5945
5946
15988
37213
5947
5948
15989
37214
5947
5952
15990
37215
5950
5953
15991
37216
5949
5950
15992
37217
5951
5960
15993
37218
5951
5956
15994
37219
5957
5962
15995
37220
5953
5954
15996
37221
5955
5956
15997
37222
5955
5976
15998
37223
5958
5977
15999
37224
5957
5958
16000
37225
5959
5968
16001
37226
5959
5980
16002
37227
5970
5981
16003
37228
5961
5962
16004
37229
5963
5964
16005
37230
5963
5968
16006
37231
5966
5969
16007
37232
5965
5966
16008
37233
5967
6008
16009
37234
5967
5972
16010
37235
5973
6010
16011
37236
5969
5970
16012
37237
5971
5972
16013
37238
5971
5992
16014
37239
5974
5993
16015
37240
5973
5974
16016
37241
5975
6016
16017
37242
5975
5996
16018
37243
5997
6018
16019
37244
5977
5978
16020
37245
5979
5980
16021
37246
5979
5984
16022
37247
5982
5985
16023
37248
5981
5982
16024
37249
5983
5992
16025
37250
5983
5988
16026
37251
5989
5994
16027
37252
5985
5986
16028
37253
5987
5988
16029
37254
5987
7255
16030
37255
5990
7256
16031
37256
5989
5990
16032
37257
5991
6000
16033
37258
5991
7259
16034
37259
6002
7260
16035
37260
5993
5994
16036
37261
5995
5996
16037
37262
5995
6000
16038
37263
5998
6001
16039
37264
5997
5998
16040
37265
5999
6040
16041
37266
5999
6004
16042
37267
6005
6042
16043
37268
6001
6002
16044
37269
6003
6004
16045
37270
6003
7271
16046
37271
6006
7272
16047
37272
6005
6006
16048
37273
6007
6048
16049
37274
6007
7275
16050
37275
6050
7276
16051
37276
6009
6010
16052
37277
6011
6012
16053
37278
6011
6016
16054
37279
6014
6017
16055
37280
6013
6014
16056
37281
6015
6024
16057
37282
6015
6020
16058
37283
6021
6026
16059
37284
6017
6018
16060
37285
6019
6020
16061
37286
6019
6040
16062
37287
6022
6041
16063
37288
6021
6022
16064
37289
6023
6032
16065
37290
6023
6044
16066
37291
6034
6045
16067
37292
6025
6026
16068
37293
6027
6028
16069
37294
6027
6032
16070
37295
6030
6033
16071
37296
6029
6030
16072
37297
6031
6766
16073
37298
6031
6036
16074
37299
6037
6768
16075
37300
6033
6034
16076
37301
6035
6036
16077
37302
6035
6056
16078
37303
6038
6057
16079
37304
6037
6038
16080
37305
6039
6774
16081
37306
6039
6060
16082
37307
6061
6776
16083
37308
6041
6042
16084
37309
6043
6044
16085
37310
6043
6048
16086
37311
6046
6049
16087
37312
6045
6046
16088
37313
6047
6056
16089
37314
6047
6052
16090
37315
6053
6058
16091
37316
6049
6050
16092
37317
6051
6052
16093
37318
6051
7311
16094
37319
6054
7312
16095
37320
6053
6054
16096
37321
6055
6064
16097
37322
6055
7315
16098
37323
6066
7316
16099
37324
6057
6058
16100
37325
6059
6060
16101
37326
6059
6064
16102
37327
6062
6065
16103
37328
6061
6062
16104
37329
6063
6798
16105
37330
6063
6068
16106
37331
6069
6800
16107
37332
6065
6066
16108
37333
6067
6068
16109
37334
6067
7327
16110
37335
6070
7328
16111
37336
6069
6070
16112
37337
6071
6806
16113
37338
6071
7331
16114
37339
6808
7332
16115
37340
6073
6097
6125
20157
20414
20415
6101
6129
16116
20416
20417
6075
6076
6088
20418
37343
6078
6081
6090
20162
37346
6077
6078
6094
37347
6079
6094
37348
37349
6079
6084
6094
37350
6085
6094
37351
37352
6081
6082
6095
20163
20421
37353
6083
6084
6096
37354
6083
6097
6134
20155
37355
6086
6098
6135
37356
6085
6086
6103
37357
6087
6103
37358
37359
6087
6103
37360
37361
6103
37362
37363
37364
6090
6091
6094
20422
6090
6092
6095
20164
20423
20424
6093
6094
6096
6093
6094
16118
20425
6093
6099
16119
20426
20427
6094
6100
16120
6103
6142
16124
6096
6097
6099
20428
6098
6100
6103
6098
6101
6138
6102
6103
6138
6100
6101
16125
20429
6102
6103
16126
6102
6138
16127
6103
6138
16128
6139
6144
16133
6105
6110
6119
20432
37367
6108
6111
6120
20170
37368
6107
6108
6124
20169
20433
37369
6109
6125
6134
20156
37370
6109
6114
6126
37371
6115
6127
6136
37372
6111
6112
6132
37373
6113
6114
6132
37374
6113
6132
37375
37376
6116
6132
37377
37378
6115
6116
6133
37379
6117
6133
37380
37381
6117
6133
37382
37383
6133
37384
37385
37386
6120
6121
6124
20171
20434
20435
6120
6122
6132
20436
6123
6126
6132
6123
6128
16148
20437
20438
6123
6132
16149
20439
6130
6132
16150
6125
6126
6128
20440
6127
6129
6138
6127
6130
6133
6131
6133
6138
6129
6130
16154
20441
6131
6138
16155
6131
6133
16156
6133
6138
16157
6133
6158
16162
6140
6159
16163
6135
6136
6138
37387
6137
6138
37388
37389
6137
6138
37390
37391
6138
37392
37393
37394
6139
6140
16178
6141
6150
16179
37395
6141
6162
16180
37396
6152
6163
16181
37397
6143
6144
16186
37398
6145
6146
16187
37399
6145
6150
16188
37400
6148
6151
16189
37401
6147
6148
16190
37402
6149
6190
16191
37403
6149
6154
16192
37404
6155
6192
16193
37405
6151
6152
16194
37406
6153
6154
16195
37407
6153
6174
16196
37408
6156
6175
16197
37409
6155
6156
16198
37410
6157
6198
16199
37411
6157
6178
16200
37412
6179
6200
16201
37413
6159
6160
16202
37414
6161
6162
16203
37415
6161
6166
16204
37416
6164
6167
16205
37417
6163
6164
16206
37418
6165
6174
16207
37419
6165
6170
16208
37420
6171
6176
16209
37421
6167
6168
16210
37422
6169
6170
16211
37423
6169
6254
16212
37424
6172
6255
16213
37425
6171
6172
16214
37426
6173
6182
16215
37427
6173
6258
16216
37428
6184
6259
16217
37429
6175
6176
16218
37430
6177
6178
16219
37431
6177
6182
16220
37432
6180
6183
16221
37433
6179
6180
16222
37434
6181
6222
16223
37435
6181
6186
16224
37436
6187
6224
16225
37437
6183
6184
16226
37438
6185
6186
16227
37439
6185
6270
16228
37440
6188
6271
16229
37441
6187
6188
16230
37442
6189
6230
16231
37443
6189
6274
16232
37444
6232
6275
16233
37445
6191
6192
16234
37446
6193
6194
16235
37447
6193
6198
16236
37448
6196
6199
16237
37449
6195
6196
16238
37450
6197
6206
16239
37451
6197
6202
16240
37452
6203
6208
16241
37453
6199
6200
16242
37454
6201
6202
16243
37455
6201
6222
16244
37456
6204
6223
16245
37457
6203
6204
16246
37458
6205
6214
16247
37459
6205
6226
16248
37460
6216
6227
16249
37461
6207
6208
16250
37462
6209
6210
16251
37463
6209
6214
16252
37464
6212
6215
16253
37465
6211
6212
16254
37466
6213
6382
16255
37467
6213
6218
16256
37468
6219
6384
16257
37469
6215
6216
16258
37470
6217
6218
16259
37471
6217
6238
16260
37472
6220
6239
16261
37473
6219
6220
16262
37474
6221
6390
16263
37475
6221
6242
16264
37476
6243
6392
16265
37477
6223
6224
16266
37478
6225
6226
16267
37479
6225
6230
16268
37480
6228
6231
16269
37481
6227
6228
16270
37482
6229
6238
16271
37483
6229
6234
16272
37484
6235
6240
16273
37485
6231
6232
16274
37486
6233
6234
16275
37487
6233
6318
16276
37488
6236
6319
16277
37489
6235
6236
16278
37490
6237
6246
16279
37491
6237
6322
16280
37492
6248
6323
16281
37493
6239
6240
16282
37494
6241
6242
16283
37495
6241
6246
16284
37496
6244
6247
16285
37497
6243
6244
16286
37498
6245
6414
16287
37499
6245
6250
16288
37500
6251
6416
16289
37501
6247
6248
16290
37502
6249
6250
16291
37503
6249
6334
16292
37504
6252
6335
16293
37505
6251
6252
16294
37506
6253
6422
16295
37507
6253
6338
16296
37508
6339
6424
16297
37509
6255
6256
16298
37510
6257
6258
16299
37511
6257
6262
16300
37512
6260
6263
16301
37513
6259
6260
16302
37514
6261
6270
16303
37515
6261
6266
16304
37516
6267
6272
16305
37517
6263
6264
16306
37518
6265
6266
16307
37519
6265
6286
16308
37520
6268
6287
16309
37521
6267
6268
16310
37522
6269
6278
16311
37523
6269
6290
16312
37524
6280
6291
16313
37525
6271
6272
16314
37526
6273
6274
16315
37527
6273
6278
16316
37528
6276
6279
16317
37529
6275
6276
16318
37530
6277
6318
16319
37531
6277
6282
16320
37532
6283
6320
16321
37533
6279
6280
16322
37534
6281
6282
16323
37535
6281
6302
16324
37536
6284
6303
16325
37537
6283
6284
16326
37538
6285
6326
16327
37539
6285
6306
16328
37540
6307
6328
16329
37541
6287
6288
16330
37542
6289
6290
16331
37543
6289
6294
16332
37544
6292
6295
16333
37545
6291
6292
16334
37546
6293
6302
16335
37547
6293
6298
16336
37548
6299
6304
16337
37549
6295
6296
16338
37550
6297
6298
16339
37551
6297
6638
16340
37552
6300
6639
16341
37553
6299
6300
16342
37554
6301
6310
16343
37555
6301
6642
16344
37556
6312
6643
16345
37557
6303
6304
16346
37558
6305
6306
16347
37559
6305
6310
16348
37560
6308
6311
16349
37561
6307
6308
16350
37562
6309
6350
16351
37563
6309
6314
16352
37564
6315
6352
16353
37565
6311
6312
16354
37566
6313
6314
16355
37567
6313
6654
16356
37568
6316
6655
16357
37569
6315
6316
16358
37570
6317
6358
16359
37571
6317
6658
16360
37572
6360
6659
16361
37573
6319
6320
16362
37574
6321
6322
16363
37575
6321
6326
16364
37576
6324
6327
16365
37577
6323
6324
16366
37578
6325
6334
16367
37579
6325
6330
16368
37580
6331
6336
16369
37581
6327
6328
16370
37582
6329
6330
16371
37583
6329
6350
16372
37584
6332
6351
16373
37585
6331
6332
16374
37586
6333
6342
16375
37587
6333
6354
16376
37588
6344
6355
16377
37589
6335
6336
16378
37590
6337
6338
16379
37591
6337
6342
16380
37592
6340
6343
16381
37593
6339
6340
16382
37594
6341
6510
16383
37595
6341
6346
16384
37596
6347
6512
16385
37597
6343
6344
16386
37598
6345
6346
16387
37599
6345
6366
16388
37600
6348
6367
16389
37601
6347
6348
16390
37602
6349
6518
16391
37603
6349
6370
16392
37604
6371
6520
16393
37605
6351
6352
16394
37606
6353
6354
16395
37607
6353
6358
16396
37608
6356
6359
16397
37609
6355
6356
16398
37610
6357
6366
16399
37611
6357
6362
16400
37612
6363
6368
16401
37613
6359
6360
16402
37614
6361
6362
16403
37615
6361
6702
16404
37616
6364
6703
16405
37617
6363
6364
16406
37618
6365
6374
16407
37619
6365
6706
16408
37620
6376
6707
16409
37621
6367
6368
16410
37622
6369
6370
16411
37623
6369
6374
16412
37624
6372
6375
16413
37625
6371
6372
16414
37626
6373
6542
16415
37627
6373
6378
16416
37628
6379
6544
16417
37629
6375
6376
16418
37630
6377
6378
16419
37631
6377
6718
16420
37632
6380
6719
16421
37633
6379
6380
16422
37634
6381
6550
16423
37635
6381
6722
16424
37636
6552
6723
16425
37637
6383
6384
16426
37638
6385
6386
16427
37639
6385
6390
16428
37640
6388
6391
16429
37641
6387
6388
16430
37642
6389
6398
16431
37643
6389
6394
16432
37644
6395
6400
16433
37645
6391
6392
16434
37646
6393
6394
16435
37647
6393
6414
16436
37648
6396
6415
16437
37649
6395
6396
16438
37650
6397
6406
16439
37651
6397
6418
16440
37652
6408
6419
16441
37653
6399
6400
16442
37654
6401
6402
16443
37655
6401
6406
16444
37656
6404
6407
16445
37657
6403
6404
16446
37658
6405
6446
16447
37659
6405
6410
16448
37660
6411
6448
16449
37661
6407
6408
16450
37662
6409
6410
16451
37663
6409
6430
16452
37664
6412
6431
16453
37665
6411
6412
16454
37666
6413
6454
16455
37667
6413
6434
16456
37668
6435
6456
16457
37669
6415
6416
16458
37670
6417
6418
16459
37671
6417
6422
16460
37672
6420
6423
16461
37673
6419
6420
16462
37674
6421
6430
16463
37675
6421
6426
16464
37676
6427
6432
16465
37677
6423
6424
16466
37678
6425
6426
16467
37679
6425
6510
16468
37680
6428
6511
16469
37681
6427
6428
16470
37682
6429
6438
16471
37683
6429
6514
16472
37684
6440
6515
16473
37685
6431
6432
16474
37686
6433
6434
16475
37687
6433
6438
16476
37688
6436
6439
16477
37689
6435
6436
16478
37690
6437
6478
16479
37691
6437
6442
16480
37692
6443
6480
16481
37693
6439
6440
16482
37694
6441
6442
16483
37695
6441
6526
16484
37696
6444
6527
16485
37697
6443
6444
16486
37698
6445
6486
16487
37699
6445
6530
16488
37700
6488
6531
16489
37701
6447
6448
16490
37702
6449
6450
16491
37703
6449
6454
16492
37704
6452
6455
16493
37705
6451
6452
16494
37706
6453
6462
16495
37707
6453
6458
16496
37708
6459
6464
16497
37709
6455
6456
16498
37710
6457
6458
16499
37711
6457
6478
16500
37712
6460
6479
16501
37713
6459
6460
16502
37714
6461
6470
16503
37715
6461
6482
16504
37716
6472
6483
16505
37717
6463
6464
16506
37718
6465
6466
16507
37719
6465
6470
16508
37720
6468
6471
16509
37721
6467
6468
16510
37722
6469
7591
16511
37723
6469
6474
16512
37724
6475
7593
16513
37725
6471
6472
16514
37726
6473
6474
16515
37727
6473
6494
16516
37728
6476
6495
16517
37729
6475
6476
16518
37730
6477
7599
16519
37731
6477
6498
16520
37732
6499
7601
16521
37733
6479
6480
16522
37734
6481
6482
16523
37735
6481
6486
16524
37736
6484
6487
16525
37737
6483
6484
16526
37738
6485
6494
16527
37739
6485
6490
16528
37740
6491
6496
16529
37741
6487
6488
16530
37742
6489
6490
16531
37743
6489
6574
16532
37744
6492
6575
16533
37745
6491
6492
16534
37746
6493
6502
16535
37747
6493
6578
16536
37748
6504
6579
16537
37749
6495
6496
16538
37750
6497
6498
16539
37751
6497
6502
16540
37752
6500
6503
16541
37753
6499
6500
16542
37754
6501
7623
16543
37755
6501
6506
16544
37756
6507
7625
16545
37757
6503
6504
16546
37758
6505
6506
16547
37759
6505
6590
16548
37760
6508
6591
16549
37761
6507
6508
16550
37762
6509
7631
16551
37763
6509
6594
16552
37764
6595
7633
16553
37765
6511
6512
16554
37766
6513
6514
16555
37767
6513
6518
16556
37768
6516
6519
16557
37769
6515
6516
16558
37770
6517
6526
16559
37771
6517
6522
16560
37772
6523
6528
16561
37773
6519
6520
16562
37774
6521
6522
16563
37775
6521
6542
16564
37776
6524
6543
16565
37777
6523
6524
16566
37778
6525
6534
16567
37779
6525
6546
16568
37780
6536
6547
16569
37781
6527
6528
16570
37782
6529
6530
16571
37783
6529
6534
16572
37784
6532
6535
16573
37785
6531
6532
16574
37786
6533
6574
16575
37787
6533
6538
16576
37788
6539
6576
16577
37789
6535
6536
16578
37790
6537
6538
16579
37791
6537
6558
16580
37792
6540
6559
16581
37793
6539
6540
16582
37794
6541
6582
16583
37795
6541
6562
16584
37796
6563
6584
16585
37797
6543
6544
16586
37798
6545
6546
16587
37799
6545
6550
16588
37800
6548
6551
16589
37801
6547
6548
16590
37802
6549
6558
16591
37803
6549
6554
16592
37804
6555
6560
16593
37805
6551
6552
16594
37806
6553
6554
16595
37807
6553
6894
16596
37808
6556
6895
16597
37809
6555
6556
16598
37810
6557
6566
16599
37811
6557
6898
16600
37812
6568
6899
16601
37813
6559
6560
16602
37814
6561
6562
16603
37815
6561
6566
16604
37816
6564
6567
16605
37817
6563
6564
16606
37818
6565
6606
16607
37819
6565
6570
16608
37820
6571
6608
16609
37821
6567
6568
16610
37822
6569
6570
16611
37823
6569
6910
16612
37824
6572
6911
16613
37825
6571
6572
16614
37826
6573
6614
16615
37827
6573
6914
16616
37828
6616
6915
16617
37829
6575
6576
16618
37830
6577
6578
16619
37831
6577
6582
16620
37832
6580
6583
16621
37833
6579
6580
16622
37834
6581
6590
16623
37835
6581
6586
16624
37836
6587
6592
16625
37837
6583
6584
16626
37838
6585
6586
16627
37839
6585
6606
16628
37840
6588
6607
16629
37841
6587
6588
16630
37842
6589
6598
16631
37843
6589
6610
16632
37844
6600
6611
16633
37845
6591
6592
16634
37846
6593
6594
16635
37847
6593
6598
16636
37848
6596
6599
16637
37849
6595
6596
16638
37850
6597
7719
16639
37851
6597
6602
16640
37852
6603
7721
16641
37853
6599
6600
16642
37854
6601
6602
16643
37855
6601
6622
16644
37856
6604
6623
16645
37857
6603
6604
16646
37858
6605
7727
16647
37859
6605
6626
16648
37860
6627
7729
16649
37861
6607
6608
16650
37862
6609
6610
16651
37863
6609
6614
16652
37864
6612
6615
16653
37865
6611
6612
16654
37866
6613
6622
16655
37867
6613
6618
16656
37868
6619
6624
16657
37869
6615
6616
16658
37870
6617
6618
16659
37871
6617
6958
16660
37872
6620
6959
16661
37873
6619
6620
16662
37874
6621
6630
16663
37875
6621
6962
16664
37876
6632
6963
16665
37877
6623
6624
16666
37878
6625
6626
16667
37879
6625
6630
16668
37880
6628
6631
16669
37881
6627
6628
16670
37882
6629
7751
16671
37883
6629
6634
16672
37884
6635
7753
16673
37885
6631
6632
16674
37886
6633
6634
16675
37887
6633
6974
16676
37888
6636
6975
16677
37889
6635
6636
16678
37890
6637
7759
16679
37891
6637
6978
16680
37892
6979
7761
16681
37893
6639
6640
16682
37894
6641
6642
16683
37895
6641
6646
16684
37896
6644
6647
16685
37897
6643
6644
16686
37898
6645
6654
16687
37899
6645
6650
16688
37900
6651
6656
16689
37901
6647
6648
16690
37902
6649
6650
16691
37903
6649
6670
16692
37904
6652
6671
16693
37905
6651
6652
16694
37906
6653
6662
16695
37907
6653
6674
16696
37908
6664
6675
16697
37909
6655
6656
16698
37910
6657
6658
16699
37911
6657
6662
16700
37912
6660
6663
16701
37913
6659
6660
16702
37914
6661
6702
16703
37915
6661
6666
16704
37916
6667
6704
16705
37917
6663
6664
16706
37918
6665
6666
16707
37919
6665
6686
16708
37920
6668
6687
16709
37921
6667
6668
16710
37922
6669
6710
16711
37923
6669
6690
16712
37924
6691
6712
16713
37925
6671
6672
16714
37926
6673
6674
16715
37927
6673
6678
16716
37928
6676
6679
16717
37929
6675
6676
16718
37930
6677
6686
16719
37931
6677
6682
16720
37932
6683
6688
16721
37933
6679
6680
16722
37934
6681
6682
16723
37935
6681
6766
16724
37936
6684
6767
16725
37937
6683
6684
16726
37938
6685
6694
16727
37939
6685
6770
16728
37940
6696
6771
16729
37941
6687
6688
16730
37942
6689
6690
16731
37943
6689
6694
16732
37944
6692
6695
16733
37945
6691
6692
16734
37946
6693
6734
16735
37947
6693
6698
16736
37948
6699
6736
16737
37949
6695
6696
16738
37950
6697
6698
16739
37951
6697
6782
16740
37952
6700
6783
16741
37953
6699
6700
16742
37954
6701
6742
16743
37955
6701
6786
16744
37956
6744
6787
16745
37957
6703
6704
16746
37958
6705
6706
16747
37959
6705
6710
16748
37960
6708
6711
16749
37961
6707
6708
16750
37962
6709
6718
16751
37963
6709
6714
16752
37964
6715
6720
16753
37965
6711
6712
16754
37966
6713
6714
16755
37967
6713
6734
16756
37968
6716
6735
16757
37969
6715
6716
16758
37970
6717
6726
16759
37971
6717
6738
16760
37972
6728
6739
16761
37973
6719
6720
16762
37974
6721
6722
16763
37975
6721
6726
16764
37976
6724
6727
16765
37977
6723
6724
16766
37978
6725
6894
16767
37979
6725
6730
16768
37980
6731
6896
16769
37981
6727
6728
16770
37982
6729
6730
16771
37983
6729
6750
16772
37984
6732
6751
16773
37985
6731
6732
16774
37986
6733
6902
16775
37987
6733
6754
16776
37988
6755
6904
16777
37989
6735
6736
16778
37990
6737
6738
16779
37991
6737
6742
16780
37992
6740
6743
16781
37993
6739
6740
16782
37994
6741
6750
16783
37995
6741
6746
16784
37996
6747
6752
16785
37997
6743
6744
16786
37998
6745
6746
16787
37999
6745
6830
16788
38000
6748
6831
16789
38001
6747
6748
16790
38002
6749
6758
16791
38003
6749
6834
16792
38004
6760
6835
16793
38005
6751
6752
16794
38006
6753
6754
16795
38007
6753
6758
16796
38008
6756
6759
16797
38009
6755
6756
16798
38010
6757
6926
16799
38011
6757
6762
16800
38012
6763
6928
16801
38013
6759
6760
16802
38014
6761
6762
16803
38015
6761
6846
16804
38016
6764
6847
16805
38017
6763
6764
16806
38018
6765
6934
16807
38019
6765
6850
16808
38020
6851
6936
16809
38021
6767
6768
16810
38022
6769
6770
16811
38023
6769
6774
16812
38024
6772
6775
16813
38025
6771
6772
16814
38026
6773
6782
16815
38027
6773
6778
16816
38028
6779
6784
16817
38029
6775
6776
16818
38030
6777
6778
16819
38031
6777
6798
16820
38032
6780
6799
16821
38033
6779
6780
16822
38034
6781
6790
16823
38035
6781
6802
16824
38036
6792
6803
16825
38037
6783
6784
16826
38038
6785
6786
16827
38039
6785
6790
16828
38040
6788
6791
16829
38041
6787
6788
16830
38042
6789
6830
16831
38043
6789
6794
16832
38044
6795
6832
16833
38045
6791
6792
16834
38046
6793
6794
16835
38047
6793
6814
16836
38048
6796
6815
16837
38049
6795
6796
16838
38050
6797
6838
16839
38051
6797
6818
16840
38052
6819
6840
16841
38053
6799
6800
16842
38054
6801
6802
16843
38055
6801
6806
16844
38056
6804
6807
16845
38057
6803
6804
16846
38058
6805
6814
16847
38059
6805
6810
16848
38060
6811
6816
16849
38061
6807
6808
16850
38062
6809
6810
16851
38063
6809
7367
16852
38064
6812
7368
16853
38065
6811
6812
16854
38066
6813
6822
16855
38067
6813
7371
16856
38068
6824
7372
16857
38069
6815
6816
16858
38070
6817
6818
16859
38071
6817
6822
16860
38072
6820
6823
16861
38073
6819
6820
16862
38074
6821
6862
16863
38075
6821
6826
16864
38076
6827
6864
16865
38077
6823
6824
16866
38078
6825
6826
16867
38079
6825
7383
16868
38080
6828
7384
16869
38081
6827
6828
16870
38082
6829
6870
16871
38083
6829
7387
16872
38084
6872
7388
16873
38085
6831
6832
16874
38086
6833
6834
16875
38087
6833
6838
16876
38088
6836
6839
16877
38089
6835
6836
16878
38090
6837
6846
16879
38091
6837
6842
16880
38092
6843
6848
16881
38093
6839
6840
16882
38094
6841
6842
16883
38095
6841
6862
16884
38096
6844
6863
16885
38097
6843
6844
16886
38098
6845
6854
16887
38099
6845
6866
16888
38100
6856
6867
16889
38101
6847
6848
16890
38102
6849
6850
16891
38103
6849
6854
16892
38104
6852
6855
16893
38105
6851
6852
16894
38106
6853
7022
16895
38107
6853
6858
16896
38108
6859
7024
16897
38109
6855
6856
16898
38110
6857
6858
16899
38111
6857
6878
16900
38112
6860
6879
16901
38113
6859
6860
16902
38114
6861
7030
16903
38115
6861
6882
16904
38116
6883
7032
16905
38117
6863
6864
16906
38118
6865
6866
16907
38119
6865
6870
16908
38120
6868
6871
16909
38121
6867
6868
16910
38122
6869
6878
16911
38123
6869
6874
16912
38124
6875
6880
16913
38125
6871
6872
16914
38126
6873
6874
16915
38127
6873
7423
16916
38128
6876
7424
16917
38129
6875
6876
16918
38130
6877
6886
16919
38131
6877
7427
16920
38132
6888
7428
16921
38133
6879
6880
16922
38134
6881
6882
16923
38135
6881
6886
16924
38136
6884
6887
16925
38137
6883
6884
16926
38138
6885
7054
16927
38139
6885
6890
16928
38140
6891
7056
16929
38141
6887
6888
16930
38142
6889
6890
16931
38143
6889
7439
16932
38144
6892
7440
16933
38145
6891
6892
16934
38146
6893
7062
16935
38147
6893
7443
16936
38148
7064
7444
16937
38149
6895
6896
16938
38150
6897
6898
16939
38151
6897
6902
16940
38152
6900
6903
16941
38153
6899
6900
16942
38154
6901
6910
16943
38155
6901
6906
16944
38156
6907
6912
16945
38157
6903
6904
16946
38158
6905
6906
16947
38159
6905
6926
16948
38160
6908
6927
16949
38161
6907
6908
16950
38162
6909
6918
16951
38163
6909
6930
16952
38164
6920
6931
16953
38165
6911
6912
16954
38166
6913
6914
16955
38167
6913
6918
16956
38168
6916
6919
16957
38169
6915
6916
16958
38170
6917
6958
16959
38171
6917
6922
16960
38172
6923
6960
16961
38173
6919
6920
16962
38174
6921
6922
16963
38175
6921
6942
16964
38176
6924
6943
16965
38177
6923
6924
16966
38178
6925
6966
16967
38179
6925
6946
16968
38180
6947
6968
16969
38181
6927
6928
16970
38182
6929
6930
16971
38183
6929
6934
16972
38184
6932
6935
16973
38185
6931
6932
16974
38186
6933
6942
16975
38187
6933
6938
16976
38188
6939
6944
16977
38189
6935
6936
16978
38190
6937
6938
16979
38191
6937
7022
16980
38192
6940
7023
16981
38193
6939
6940
16982
38194
6941
6950
16983
38195
6941
7026
16984
38196
6952
7027
16985
38197
6943
6944
16986
38198
6945
6946
16987
38199
6945
6950
16988
38200
6948
6951
16989
38201
6947
6948
16990
38202
6949
6990
16991
38203
6949
6954
16992
38204
6955
6992
16993
38205
6951
6952
16994
38206
6953
6954
16995
38207
6953
7038
16996
38208
6956
7039
16997
38209
6955
6956
16998
38210
6957
6998
16999
38211
6957
7042
17000
38212
7000
7043
17001
38213
6959
6960
17002
38214
6961
6962
17003
38215
6961
6966
17004
38216
6964
6967
17005
38217
6963
6964
17006
38218
6965
6974
17007
38219
6965
6970
17008
38220
6971
6976
17009
38221
6967
6968
17010
38222
6969
6970
17011
38223
6969
6990
17012
38224
6972
6991
17013
38225
6971
6972
17014
38226
6973
6982
17015
38227
6973
6994
17016
38228
6984
6995
17017
38229
6975
6976
17018
38230
6977
6978
17019
38231
6977
6982
17020
38232
6980
6983
17021
38233
6979
6980
17022
38234
6981
8103
17023
38235
6981
6986
17024
38236
6987
8105
17025
38237
6983
6984
17026
38238
6985
6986
17027
38239
6985
7006
17028
38240
6988
7007
17029
38241
6987
6988
17030
38242
6989
8111
17031
38243
6989
7010
17032
38244
7011
8113
17033
38245
6991
6992
17034
38246
6993
6994
17035
38247
6993
6998
17036
38248
6996
6999
17037
38249
6995
6996
17038
38250
6997
7006
17039
38251
6997
7002
17040
38252
7003
7008
17041
38253
6999
7000
17042
38254
7001
7002
17043
38255
7001
7086
17044
38256
7004
7087
17045
38257
7003
7004
17046
38258
7005
7014
17047
38259
7005
7090
17048
38260
7016
7091
17049
38261
7007
7008
17050
38262
7009
7010
17051
38263
7009
7014
17052
38264
7012
7015
17053
38265
7011
7012
17054
38266
7013
8135
17055
38267
7013
7018
17056
38268
7019
8137
17057
38269
7015
7016
17058
38270
7017
7018
17059
38271
7017
7102
17060
38272
7020
7103
17061
38273
7019
7020
17062
38274
7021
8143
17063
38275
7021
7106
17064
38276
7107
8145
17065
38277
7023
7024
17066
38278
7025
7026
17067
38279
7025
7030
17068
38280
7028
7031
17069
38281
7027
7028
17070
38282
7029
7038
17071
38283
7029
7034
17072
38284
7035
7040
17073
38285
7031
7032
17074
38286
7033
7034
17075
38287
7033
7054
17076
38288
7036
7055
17077
38289
7035
7036
17078
38290
7037
7046
17079
38291
7037
7058
17080
38292
7048
7059
17081
38293
7039
7040
17082
38294
7041
7042
17083
38295
7041
7046
17084
38296
7044
7047
17085
38297
7043
7044
17086
38298
7045
7086
17087
38299
7045
7050
17088
38300
7051
7088
17089
38301
7047
7048
17090
38302
7049
7050
17091
38303
7049
7070
17092
38304
7052
7071
17093
38305
7051
7052
17094
38306
7053
7094
17095
38307
7053
7074
17096
38308
7075
7096
17097
38309
7055
7056
17098
38310
7057
7058
17099
38311
7057
7062
17100
38312
7060
7063
17101
38313
7059
7060
17102
38314
7061
7070
17103
38315
7061
7066
17104
38316
7067
7072
17105
38317
7063
7064
17106
38318
7065
7066
17107
38319
7065
7479
17108
38320
7068
7480
17109
38321
7067
7068
17110
38322
7069
7078
17111
38323
7069
7483
17112
38324
7080
7484
17113
38325
7071
7072
17114
38326
7073
7074
17115
38327
7073
7078
17116
38328
7076
7079
17117
38329
7075
7076
17118
38330
7077
7118
17119
38331
7077
7082
17120
38332
7083
7120
17121
38333
7079
7080
17122
38334
7081
7082
17123
38335
7081
7495
17124
38336
7084
7496
17125
38337
7083
7084
17126
38338
7085
7126
17127
38339
7085
7499
17128
38340
7128
7500
17129
38341
7087
7088
17130
38342
7089
7090
17131
38343
7089
7094
17132
38344
7092
7095
17133
38345
7091
7092
17134
38346
7093
7102
17135
38347
7093
7098
17136
38348
7099
7104
17137
38349
7095
7096
17138
38350
7097
7098
17139
38351
7097
7118
17140
38352
7100
7119
17141
38353
7099
7100
17142
38354
7101
7110
17143
38355
7101
7122
17144
38356
7112
7123
17145
38357
7103
7104
17146
38358
7105
7106
17147
38359
7105
7110
17148
38360
7108
7111
17149
38361
7107
7108
17150
38362
7109
8231
17151
38363
7109
7114
17152
38364
7115
8233
17153
38365
7111
7112
17154
38366
7113
7114
17155
38367
7113
7134
17156
38368
7116
7135
17157
38369
7115
7116
17158
38370
7117
8239
17159
38371
7117
7138
17160
38372
7139
8241
17161
38373
7119
7120
17162
38374
7121
7122
17163
38375
7121
7126
17164
38376
7124
7127
17165
38377
7123
7124
17166
38378
7125
7134
17167
38379
7125
7130
17168
38380
7131
7136
17169
38381
7127
7128
17170
38382
7129
7130
17171
38383
7129
7535
17172
38384
7132
7536
17173
38385
7131
7132
17174
38386
7133
7142
17175
38387
7133
7539
17176
38388
7144
7540
17177
38389
7135
7136
17178
38390
7137
7138
17179
38391
7137
7142
17180
38392
7140
7143
17181
38393
7139
7140
17182
38394
7141
8263
17183
38395
7141
7146
17184
38396
7147
8265
17185
38397
7143
7144
17186
38398
7145
7146
17187
38399
7145
7551
17188
38400
7148
7552
17189
38401
7147
7148
17190
38402
7149
8271
17191
38403
7149
7555
17192
38404
7556
8273
17193
38405
7151
7152
17194
20605
38406
7154
7156
17195
20606
38407
7153
7154
17196
38408
7155
7162
17197
38409
7155
7158
17198
38410
7159
7164
17199
38411
7157
7158
17200
20607
38412
7160
7178
17201
20608
38413
7159
7160
17202
38414
7161
7170
17203
38415
7161
7180
17204
38416
7172
7181
17205
38417
7163
7164
17206
38418
7165
7166
17207
38419
7165
7170
17208
38420
7168
7171
17209
38421
7167
7168
17210
38422
7169
7199
17211
38423
7169
7174
17212
38424
7175
7201
17213
38425
7171
7172
17214
38426
7173
7174
17215
38427
7173
7187
17216
38428
7176
7188
17217
38429
7175
7176
17218
38430
7177
7207
17219
38431
7177
7191
17220
38432
7192
7209
17221
38433
7179
7180
17222
20609
38434
7182
7184
17223
20610
38435
7181
7182
17224
38436
7183
7187
17225
38437
7183
7185
17226
38438
7186
7189
17227
38439
7185
17228
20611
20814
38440
7186
17229
20815
38441
7195
17230
20816
38442
7188
7189
17231
38443
7190
7191
17232
38444
7190
7195
17233
38445
7193
7196
17234
38446
7192
7193
17235
38447
7194
7231
17236
38448
7194
7197
17237
38449
7198
7233
17238
38450
7196
17239
20817
38451
7197
17240
20818
38452
7198
17241
20819
38453
7239
17242
20820
38454
7200
7201
17243
38455
7202
7203
17244
38456
7202
7207
17245
38457
7205
7208
17246
38458
7204
7205
17247
38459
7206
7215
17248
38460
7206
7211
17249
38461
7212
7217
17250
38462
7208
7209
17251
38463
7210
7211
17252
38464
7210
7231
17253
38465
7213
7232
17254
38466
7212
7213
17255
38467
7214
7223
17256
38468
7214
7235
17257
38469
7225
7236
17258
38470
7216
7217
17259
38471
7218
7219
17260
38472
7218
7223
17261
38473
7221
7224
17262
38474
7220
7221
17263
38475
7222
7255
17264
38476
7222
7227
17265
38477
7228
7257
17266
38478
7224
7225
17267
38479
7226
7227
17268
38480
7226
7243
17269
38481
7229
7244
17270
38482
7228
7229
17271
38483
7230
7263
17272
38484
7230
7247
17273
38485
7248
7265
17274
38486
7232
7233
17275
38487
7234
7235
17276
38488
7234
7239
17277
38489
7237
7240
17278
38490
7236
7237
17279
38491
7238
7243
17280
38492
7238
7241
17281
38493
7242
7245
17282
38494
7240
17283
20821
38495
7241
17284
20822
38496
7242
17285
20823
38497
7251
17286
20824
38498
7244
7245
17287
38499
7246
7247
17288
38500
7246
7251
17289
38501
7249
7252
17290
38502
7248
7249
17291
38503
7250
7287
17292
38504
7250
7253
17293
38505
7254
7289
17294
38506
7252
17295
20825
38507
7253
17296
20826
38508
7254
17297
20827
38509
7295
17298
20828
38510
7256
7257
17299
38511
7258
7259
17300
38512
7258
7263
17301
38513
7261
7264
17302
38514
7260
7261
17303
38515
7262
7271
17304
38516
7262
7267
17305
38517
7268
7273
17306
38518
7264
7265
17307
38519
7266
7267
17308
38520
7266
7287
17309
38521
7269
7288
17310
38522
7268
7269
17311
38523
7270
7279
17312
38524
7270
7291
17313
38525
7281
7292
17314
38526
7272
7273
17315
38527
7274
7275
17316
38528
7274
7279
17317
38529
7277
7280
17318
38530
7276
7277
17319
38531
7278
7311
17320
38532
7278
7283
17321
38533
7284
7313
17322
38534
7280
7281
17323
38535
7282
7283
17324
38536
7282
7299
17325
38537
7285
7300
17326
38538
7284
7285
17327
38539
7286
7319
17328
38540
7286
7303
17329
38541
7304
7321
17330
38542
7288
7289
17331
38543
7290
7291
17332
38544
7290
7295
17333
38545
7293
7296
17334
38546
7292
7293
17335
38547
7294
7299
17336
38548
7294
7297
17337
38549
7298
7301
17338
38550
7296
17339
20829
38551
7297
17340
20830
38552
7298
17341
20831
38553
7307
17342
20832
38554
7300
7301
17343
38555
7302
7303
17344
38556
7302
7307
17345
38557
7305
7308
17346
38558
7304
7305
17347
38559
7306
7343
17348
38560
7306
7309
17349
38561
7310
7345
17350
38562
7308
17351
20833
38563
7309
17352
20834
38564
7310
17353
20835
38565
7351
17354
20836
38566
7312
7313
17355
38567
7314
7315
17356
38568
7314
7319
17357
38569
7317
7320
17358
38570
7316
7317
17359
38571
7318
7327
17360
38572
7318
7323
17361
38573
7324
7329
17362
38574
7320
7321
17363
38575
7322
7323
17364
38576
7322
7343
17365
38577
7325
7344
17366
38578
7324
7325
17367
38579
7326
7335
17368
38580
7326
7347
17369
38581
7337
7348
17370
38582
7328
7329
17371
38583
7330
7331
17372
38584
7330
7335
17373
38585
7333
7336
17374
38586
7332
7333
17375
38587
7334
7367
17376
38588
7334
7339
17377
38589
7340
7369
17378
38590
7336
7337
17379
38591
7338
7339
17380
38592
7338
7355
17381
38593
7341
7356
17382
38594
7340
7341
17383
38595
7342
7375
17384
38596
7342
7359
17385
38597
7360
7377
17386
38598
7344
7345
17387
38599
7346
7347
17388
38600
7346
7351
17389
38601
7349
7352
17390
38602
7348
7349
17391
38603
7350
7355
17392
38604
7350
7353
17393
38605
7354
7357
17394
38606
7352
17395
20837
38607
7353
17396
20838
38608
7354
17397
20839
38609
7363
17398
20840
38610
7356
7357
17399
38611
7358
7359
17400
38612
7358
7363
17401
38613
7361
7364
17402
38614
7360
7361
17403
38615
7362
7399
17404
38616
7362
7365
17405
38617
7366
7401
17406
38618
7364
17407
20841
38619
7365
17408
20842
38620
7366
17409
20843
38621
7407
17410
20844
38622
7368
7369
17411
38623
7370
7371
17412
38624
7370
7375
17413
38625
7373
7376
17414
38626
7372
7373
17415
38627
7374
7383
17416
38628
7374
7379
17417
38629
7380
7385
17418
38630
7376
7377
17419
38631
7378
7379
17420
38632
7378
7399
17421
38633
7381
7400
17422
38634
7380
7381
17423
38635
7382
7391
17424
38636
7382
7403
17425
38637
7393
7404
17426
38638
7384
7385
17427
38639
7386
7387
17428
38640
7386
7391
17429
38641
7389
7392
17430
38642
7388
7389
17431
38643
7390
7423
17432
38644
7390
7395
17433
38645
7396
7425
17434
38646
7392
7393
17435
38647
7394
7395
17436
38648
7394
7411
17437
38649
7397
7412
17438
38650
7396
7397
17439
38651
7398
7431
17440
38652
7398
7415
17441
38653
7416
7433
17442
38654
7400
7401
17443
38655
7402
7403
17444
38656
7402
7407
17445
38657
7405
7408
17446
38658
7404
7405
17447
38659
7406
7411
17448
38660
7406
7409
17449
38661
7410
7413
17450
38662
7408
17451
20845
38663
7409
17452
20846
38664
7410
17453
20847
38665
7419
17454
20848
38666
7412
7413
17455
38667
7414
7415
17456
38668
7414
7419
17457
38669
7417
7420
17458
38670
7416
7417
17459
38671
7418
7455
17460
38672
7418
7421
17461
38673
7422
7457
17462
38674
7420
17463
20849
38675
7421
17464
20850
38676
7422
17465
20851
38677
7463
17466
20852
38678
7424
7425
17467
38679
7426
7427
17468
38680
7426
7431
17469
38681
7429
7432
17470
38682
7428
7429
17471
38683
7430
7439
17472
38684
7430
7435
17473
38685
7436
7441
17474
38686
7432
7433
17475
38687
7434
7435
17476
38688
7434
7455
17477
38689
7437
7456
17478
38690
7436
7437
17479
38691
7438
7447
17480
38692
7438
7459
17481
38693
7449
7460
17482
38694
7440
7441
17483
38695
7442
7443
17484
38696
7442
7447
17485
38697
7445
7448
17486
38698
7444
7445
17487
38699
7446
7479
17488
38700
7446
7451
17489
38701
7452
7481
17490
38702
7448
7449
17491
38703
7450
7451
17492
38704
7450
7467
17493
38705
7453
7468
17494
38706
7452
7453
17495
38707
7454
7487
17496
38708
7454
7471
17497
38709
7472
7489
17498
38710
7456
7457
17499
38711
7458
7459
17500
38712
7458
7463
17501
38713
7461
7464
17502
38714
7460
7461
17503
38715
7462
7467
17504
38716
7462
7465
17505
38717
7466
7469
17506
38718
7464
17507
20853
38719
7465
17508
20854
38720
7466
17509
20855
38721
7475
17510
20856
38722
7468
7469
17511
38723
7470
7471
17512
38724
7470
7475
17513
38725
7473
7476
17514
38726
7472
7473
17515
38727
7474
7511
17516
38728
7474
7477
17517
38729
7478
7513
17518
38730
7476
17519
20857
38731
7477
17520
20858
38732
7478
17521
20859
38733
7519
17522
20860
38734
7480
7481
17523
38735
7482
7483
17524
38736
7482
7487
17525
38737
7485
7488
17526
38738
7484
7485
17527
38739
7486
7495
17528
38740
7486
7491
17529
38741
7492
7497
17530
38742
7488
7489
17531
38743
7490
7491
17532
38744
7490
7511
17533
38745
7493
7512
17534
38746
7492
7493
17535
38747
7494
7503
17536
38748
7494
7515
17537
38749
7505
7516
17538
38750
7496
7497
17539
38751
7498
7499
17540
38752
7498
7503
17541
38753
7501
7504
17542
38754
7500
7501
17543
38755
7502
7535
17544
38756
7502
7507
17545
38757
7508
7537
17546
38758
7504
7505
17547
38759
7506
7507
17548
38760
7506
7523
17549
38761
7509
7524
17550
38762
7508
7509
17551
38763
7510
7543
17552
38764
7510
7527
17553
38765
7528
7545
17554
38766
7512
7513
17555
38767
7514
7515
17556
38768
7514
7519
17557
38769
7517
7520
17558
38770
7516
7517
17559
38771
7518
7523
17560
38772
7518
7521
17561
38773
7522
7525
17562
38774
7520
17563
20861
38775
7521
17564
20862
38776
7522
17565
20863
38777
7531
17566
20864
38778
7524
7525
17567
38779
7526
7527
17568
38780
7526
7531
17569
38781
7529
7532
17570
38782
7528
7529
17571
38783
7530
7567
17572
38784
7530
7533
17573
38785
7534
7569
17574
38786
7532
17575
20865
38787
7533
17576
20866
38788
7534
17577
20867
38789
7575
17578
20868
38790
7536
7537
17579
38791
7538
7539
17580
38792
7538
7543
17581
38793
7541
7544
17582
38794
7540
7541
17583
38795
7542
7551
17584
38796
7542
7547
17585
38797
7548
7553
17586
38798
7544
7545
17587
38799
7546
7547
17588
38800
7546
7567
17589
38801
7549
7568
17590
38802
7548
7549
17591
38803
7550
7559
17592
38804
7550
7571
17593
38805
7561
7572
17594
38806
7552
7553
17595
38807
7554
7555
17596
38808
7554
7559
17597
38809
7557
7560
17598
38810
7556
7557
17599
38811
7558
9607
17600
38812
7558
7563
17601
38813
7564
9609
17602
38814
7560
7561
17603
38815
7562
7563
17604
38816
7562
7579
17605
38817
7565
7580
17606
38818
7564
7565
17607
38819
7566
9615
17608
38820
7566
7583
17609
38821
7584
9617
17610
38822
7568
7569
17611
38823
7570
7571
17612
38824
7570
7575
17613
38825
7573
7576
17614
38826
7572
7573
17615
38827
7574
7579
17616
38828
7574
7577
17617
38829
7578
7581
17618
38830
7576
17619
20869
38831
7577
17620
20870
38832
7578
17621
20871
38833
7587
17622
20872
38834
7580
7581
17623
38835
7582
7583
17624
38836
7582
7587
17625
38837
7585
7588
17626
38838
7584
7585
17627
38839
7586
9639
17628
38840
7586
7589
17629
38841
7590
9641
17630
38842
7588
17631
20873
38843
7589
17632
20874
38844
7590
17633
20875
38845
9647
17634
20876
38846
7592
7593
17635
38847
7594
7595
17636
38848
7594
7599
17637
38849
7597
7600
17638
38850
7596
7597
17639
38851
7598
7607
17640
38852
7598
7603
17641
38853
7604
7609
17642
38854
7600
7601
17643
38855
7602
7603
17644
38856
7602
7623
17645
38857
7605
7624
17646
38858
7604
7605
17647
38859
7606
7615
17648
38860
7606
7627
17649
38861
7617
7628
17650
38862
7608
7609
17651
38863
7610
7611
17652
38864
7610
7615
17653
38865
7613
7616
17654
38866
7612
7613
17655
38867
7614
7655
17656
38868
7614
7619
17657
38869
7620
7657
17658
38870
7616
7617
17659
38871
7618
7619
17660
38872
7618
7639
17661
38873
7621
7640
17662
38874
7620
7621
17663
38875
7622
7663
17664
38876
7622
7643
17665
38877
7644
7665
17666
38878
7624
7625
17667
38879
7626
7627
17668
38880
7626
7631
17669
38881
7629
7632
17670
38882
7628
7629
17671
38883
7630
7639
17672
38884
7630
7635
17673
38885
7636
7641
17674
38886
7632
7633
17675
38887
7634
7635
17676
38888
7634
7719
17677
38889
7637
7720
17678
38890
7636
7637
17679
38891
7638
7647
17680
38892
7638
7723
17681
38893
7649
7724
17682
38894
7640
7641
17683
38895
7642
7643
17684
38896
7642
7647
17685
38897
7645
7648
17686
38898
7644
7645
17687
38899
7646
7687
17688
38900
7646
7651
17689
38901
7652
7689
17690
38902
7648
7649
17691
38903
7650
7651
17692
38904
7650
7735
17693
38905
7653
7736
17694
38906
7652
7653
17695
38907
7654
7695
17696
38908
7654
7739
17697
38909
7697
7740
17698
38910
7656
7657
17699
38911
7658
7659
17700
38912
7658
7663
17701
38913
7661
7664
17702
38914
7660
7661
17703
38915
7662
7671
17704
38916
7662
7667
17705
38917
7668
7673
17706
38918
7664
7665
17707
38919
7666
7667
17708
38920
7666
7687
17709
38921
7669
7688
17710
38922
7668
7669
17711
38923
7670
7679
17712
38924
7670
7691
17713
38925
7681
7692
17714
38926
7672
7673
17715
38927
7674
7675
17716
38928
7674
7679
17717
38929
7677
7680
17718
38930
7676
7677
17719
38931
7678
7847
17720
38932
7678
7683
17721
38933
7684
7849
17722
38934
7680
7681
17723
38935
7682
7683
17724
38936
7682
7703
17725
38937
7685
7704
17726
38938
7684
7685
17727
38939
7686
7855
17728
38940
7686
7707
17729
38941
7708
7857
17730
38942
7688
7689
17731
38943
7690
7691
17732
38944
7690
7695
17733
38945
7693
7696
17734
38946
7692
7693
17735
38947
7694
7703
17736
38948
7694
7699
17737
38949
7700
7705
17738
38950
7696
7697
17739
38951
7698
7699
17740
38952
7698
7783
17741
38953
7701
7784
17742
38954
7700
7701
17743
38955
7702
7711
17744
38956
7702
7787
17745
38957
7713
7788
17746
38958
7704
7705
17747
38959
7706
7707
17748
38960
7706
7711
17749
38961
7709
7712
17750
38962
7708
7709
17751
38963
7710
7879
17752
38964
7710
7715
17753
38965
7716
7881
17754
38966
7712
7713
17755
38967
7714
7715
17756
38968
7714
7799
17757
38969
7717
7800
17758
38970
7716
7717
17759
38971
7718
7887
17760
38972
7718
7803
17761
38973
7804
7889
17762
38974
7720
7721
17763
38975
7722
7723
17764
38976
7722
7727
17765
38977
7725
7728
17766
38978
7724
7725
17767
38979
7726
7735
17768
38980
7726
7731
17769
38981
7732
7737
17770
38982
7728
7729
17771
38983
7730
7731
17772
38984
7730
7751
17773
38985
7733
7752
17774
38986
7732
7733
17775
38987
7734
7743
17776
38988
7734
7755
17777
38989
7745
7756
17778
38990
7736
7737
17779
38991
7738
7739
17780
38992
7738
7743
17781
38993
7741
7744
17782
38994
7740
7741
17783
38995
7742
7783
17784
38996
7742
7747
17785
38997
7748
7785
17786
38998
7744
7745
17787
38999
7746
7747
17788
39000
7746
7767
17789
39001
7749
7768
17790
39002
7748
7749
17791
39003
7750
7791
17792
39004
7750
7771
17793
39005
7772
7793
17794
39006
7752
7753
17795
39007
7754
7755
17796
39008
7754
7759
17797
39009
7757
7760
17798
39010
7756
7757
17799
39011
7758
7767
17800
39012
7758
7763
17801
39013
7764
7769
17802
39014
7760
7761
17803
39015
7762
7763
17804
39016
7762
8103
17805
39017
7765
8104
17806
39018
7764
7765
17807
39019
7766
7775
17808
39020
7766
8107
17809
39021
7777
8108
17810
39022
7768
7769
17811
39023
7770
7771
17812
39024
7770
7775
17813
39025
7773
7776
17814
39026
7772
7773
17815
39027
7774
7815
17816
39028
7774
7779
17817
39029
7780
7817
17818
39030
7776
7777
17819
39031
7778
7779
17820
39032
7778
8119
17821
39033
7781
8120
17822
39034
7780
7781
17823
39035
7782
7823
17824
39036
7782
8123
17825
39037
7825
8124
17826
39038
7784
7785
17827
39039
7786
7787
17828
39040
7786
7791
17829
39041
7789
7792
17830
39042
7788
7789
17831
39043
7790
7799
17832
39044
7790
7795
17833
39045
7796
7801
17834
39046
7792
7793
17835
39047
7794
7795
17836
39048
7794
7815
17837
39049
7797
7816
17838
39050
7796
7797
17839
39051
7798
7807
17840
39052
7798
7819
17841
39053
7809
7820
17842
39054
7800
7801
17843
39055
7802
7803
17844
39056
7802
7807
17845
39057
7805
7808
17846
39058
7804
7805
17847
39059
7806
7975
17848
39060
7806
7811
17849
39061
7812
7977
17850
39062
7808
7809
17851
39063
7810
7811
17852
39064
7810
7831
17853
39065
7813
7832
17854
39066
7812
7813
17855
39067
7814
7983
17856
39068
7814
7835
17857
39069
7836
7985
17858
39070
7816
7817
17859
39071
7818
7819
17860
39072
7818
7823
17861
39073
7821
7824
17862
39074
7820
7821
17863
39075
7822
7831
17864
39076
7822
7827
17865
39077
7828
7833
17866
39078
7824
7825
17867
39079
7826
7827
17868
39080
7826
8167
17869
39081
7829
8168
17870
39082
7828
7829
17871
39083
7830
7839
17872
39084
7830
8171
17873
39085
7841
8172
17874
39086
7832
7833
17875
39087
7834
7835
17876
39088
7834
7839
17877
39089
7837
7840
17878
39090
7836
7837
17879
39091
7838
8007
17880
39092
7838
7843
17881
39093
7844
8009
17882
39094
7840
7841
17883
39095
7842
7843
17884
39096
7842
8183
17885
39097
7845
8184
17886
39098
7844
7845
17887
39099
7846
8015
17888
39100
7846
8187
17889
39101
8017
8188
17890
39102
7848
7849
17891
39103
7850
7851
17892
39104
7850
7855
17893
39105
7853
7856
17894
39106
7852
7853
17895
39107
7854
7863
17896
39108
7854
7859
17897
39109
7860
7865
17898
39110
7856
7857
17899
39111
7858
7859
17900
39112
7858
7879
17901
39113
7861
7880
17902
39114
7860
7861
17903
39115
7862
7871
17904
39116
7862
7883
17905
39117
7873
7884
17906
39118
7864
7865
17907
39119
7866
7867
17908
39120
7866
7871
17909
39121
7869
7872
17910
39122
7868
7869
17911
39123
7870
7911
17912
39124
7870
7875
17913
39125
7876
7913
17914
39126
7872
7873
17915
39127
7874
7875
17916
39128
7874
7895
17917
39129
7877
7896
17918
39130
7876
7877
17919
39131
7878
7919
17920
39132
7878
7899
17921
39133
7900
7921
17922
39134
7880
7881
17923
39135
7882
7883
17924
39136
7882
7887
17925
39137
7885
7888
17926
39138
7884
7885
17927
39139
7886
7895
17928
39140
7886
7891
17929
39141
7892
7897
17930
39142
7888
7889
17931
39143
7890
7891
17932
39144
7890
7975
17933
39145
7893
7976
17934
39146
7892
7893
17935
39147
7894
7903
17936
39148
7894
7979
17937
39149
7905
7980
17938
39150
7896
7897
17939
39151
7898
7899
17940
39152
7898
7903
17941
39153
7901
7904
17942
39154
7900
7901
17943
39155
7902
7943
17944
39156
7902
7907
17945
39157
7908
7945
17946
39158
7904
7905
17947
39159
7906
7907
17948
39160
7906
7991
17949
39161
7909
7992
17950
39162
7908
7909
17951
39163
7910
7951
17952
39164
7910
7995
17953
39165
7953
7996
17954
39166
7912
7913
17955
39167
7914
7915
17956
39168
7914
7919
17957
39169
7917
7920
17958
39170
7916
7917
17959
39171
7918
7927
17960
39172
7918
7923
17961
39173
7924
7929
17962
39174
7920
7921
17963
39175
7922
7923
17964
39176
7922
7943
17965
39177
7925
7944
17966
39178
7924
7925
17967
39179
7926
7935
17968
39180
7926
7947
17969
39181
7937
7948
17970
39182
7928
7929
17971
39183
7930
7931
17972
39184
7930
7935
17973
39185
7933
7936
17974
39186
7932
7933
17975
39187
7934
8615
17976
39188
7934
7939
17977
39189
7940
8617
17978
39190
7936
7937
17979
39191
7938
7939
17980
39192
7938
7959
17981
39193
7941
7960
17982
39194
7940
7941
17983
39195
7942
8623
17984
39196
7942
7963
17985
39197
7964
8625
17986
39198
7944
7945
17987
39199
7946
7947
17988
39200
7946
7951
17989
39201
7949
7952
17990
39202
7948
7949
17991
39203
7950
7959
17992
39204
7950
7955
17993
39205
7956
7961
17994
39206
7952
7953
17995
39207
7954
7955
17996
39208
7954
8039
17997
39209
7957
8040
17998
39210
7956
7957
17999
39211
7958
7967
18000
39212
7958
8043
18001
39213
7969
8044
18002
39214
7960
7961
18003
39215
7962
7963
18004
39216
7962
7967
18005
39217
7965
7968
18006
39218
7964
7965
18007
39219
7966
8647
18008
39220
7966
7971
18009
39221
7972
8649
18010
39222
7968
7969
18011
39223
7970
7971
18012
39224
7970
8055
18013
39225
7973
8056
18014
39226
7972
7973
18015
39227
7974
8655
18016
39228
7974
8059
18017
39229
8060
8657
18018
39230
7976
7977
18019
39231
7978
7979
18020
39232
7978
7983
18021
39233
7981
7984
18022
39234
7980
7981
18023
39235
7982
7991
18024
39236
7982
7987
18025
39237
7988
7993
18026
39238
7984
7985
18027
39239
7986
7987
18028
39240
7986
8007
18029
39241
7989
8008
18030
39242
7988
7989
18031
39243
7990
7999
18032
39244
7990
8011
18033
39245
8001
8012
18034
39246
7992
7993
18035
39247
7994
7995
18036
39248
7994
7999
18037
39249
7997
8000
18038
39250
7996
7997
18039
39251
7998
8039
18040
39252
7998
8003
18041
39253
8004
8041
18042
39254
8000
8001
18043
39255
8002
8003
18044
39256
8002
8023
18045
39257
8005
8024
18046
39258
8004
8005
18047
39259
8006
8047
18048
39260
8006
8027
18049
39261
8028
8049
18050
39262
8008
8009
18051
39263
8010
8011
18052
39264
8010
8015
18053
39265
8013
8016
18054
39266
8012
8013
18055
39267
8014
8023
18056
39268
8014
8019
18057
39269
8020
8025
18058
39270
8016
8017
18059
39271
8018
8019
18060
39272
8018
8359
18061
39273
8021
8360
18062
39274
8020
8021
18063
39275
8022
8031
18064
39276
8022
8363
18065
39277
8033
8364
18066
39278
8024
8025
18067
39279
8026
8027
18068
39280
8026
8031
18069
39281
8029
8032
18070
39282
8028
8029
18071
39283
8030
8071
18072
39284
8030
8035
18073
39285
8036
8073
18074
39286
8032
8033
18075
39287
8034
8035
18076
39288
8034
8375
18077
39289
8037
8376
18078
39290
8036
8037
18079
39291
8038
8079
18080
39292
8038
8379
18081
39293
8081
8380
18082
39294
8040
8041
18083
39295
8042
8043
18084
39296
8042
8047
18085
39297
8045
8048
18086
39298
8044
8045
18087
39299
8046
8055
18088
39300
8046
8051
18089
39301
8052
8057
18090
39302
8048
8049
18091
39303
8050
8051
18092
39304
8050
8071
18093
39305
8053
8072
18094
39306
8052
8053
18095
39307
8054
8063
18096
39308
8054
8075
18097
39309
8065
8076
18098
39310
8056
8057
18099
39311
8058
8059
18100
39312
8058
8063
18101
39313
8061
8064
18102
39314
8060
8061
18103
39315
8062
8743
18104
39316
8062
8067
18105
39317
8068
8745
18106
39318
8064
8065
18107
39319
8066
8067
18108
39320
8066
8087
18109
39321
8069
8088
18110
39322
8068
8069
18111
39323
8070
8751
18112
39324
8070
8091
18113
39325
8092
8753
18114
39326
8072
8073
18115
39327
8074
8075
18116
39328
8074
8079
18117
39329
8077
8080
18118
39330
8076
8077
18119
39331
8078
8087
18120
39332
8078
8083
18121
39333
8084
8089
18122
39334
8080
8081
18123
39335
8082
8083
18124
39336
8082
8423
18125
39337
8085
8424
18126
39338
8084
8085
18127
39339
8086
8095
18128
39340
8086
8427
18129
39341
8097
8428
18130
39342
8088
8089
18131
39343
8090
8091
18132
39344
8090
8095
18133
39345
8093
8096
18134
39346
8092
8093
18135
39347
8094
8775
18136
39348
8094
8099
18137
39349
8100
8777
18138
39350
8096
8097
18139
39351
8098
8099
18140
39352
8098
8439
18141
39353
8101
8440
18142
39354
8100
8101
18143
39355
8102
8783
18144
39356
8102
8443
18145
39357
8444
8785
18146
39358
8104
8105
18147
39359
8106
8107
18148
39360
8106
8111
18149
39361
8109
8112
18150
39362
8108
8109
18151
39363
8110
8119
18152
39364
8110
8115
18153
39365
8116
8121
18154
39366
8112
8113
18155
39367
8114
8115
18156
39368
8114
8135
18157
39369
8117
8136
18158
39370
8116
8117
18159
39371
8118
8127
18160
39372
8118
8139
18161
39373
8129
8140
18162
39374
8120
8121
18163
39375
8122
8123
18164
39376
8122
8127
18165
39377
8125
8128
18166
39378
8124
8125
18167
39379
8126
8167
18168
39380
8126
8131
18169
39381
8132
8169
18170
39382
8128
8129
18171
39383
8130
8131
18172
39384
8130
8151
18173
39385
8133
8152
18174
39386
8132
8133
18175
39387
8134
8175
18176
39388
8134
8155
18177
39389
8156
8177
18178
39390
8136
8137
18179
39391
8138
8139
18180
39392
8138
8143
18181
39393
8141
8144
18182
39394
8140
8141
18183
39395
8142
8151
18184
39396
8142
8147
18185
39397
8148
8153
18186
39398
8144
8145
18187
39399
8146
8147
18188
39400
8146
8231
18189
39401
8149
8232
18190
39402
8148
8149
18191
39403
8150
8159
18192
39404
8150
8235
18193
39405
8161
8236
18194
39406
8152
8153
18195
39407
8154
8155
18196
39408
8154
8159
18197
39409
8157
8160
18198
39410
8156
8157
18199
39411
8158
8199
18200
39412
8158
8163
18201
39413
8164
8201
18202
39414
8160
8161
18203
39415
8162
8163
18204
39416
8162
8247
18205
39417
8165
8248
18206
39418
8164
8165
18207
39419
8166
8207
18208
39420
8166
8251
18209
39421
8209
8252
18210
39422
8168
8169
18211
39423
8170
8171
18212
39424
8170
8175
18213
39425
8173
8176
18214
39426
8172
8173
18215
39427
8174
8183
18216
39428
8174
8179
18217
39429
8180
8185
18218
39430
8176
8177
18219
39431
8178
8179
18220
39432
8178
8199
18221
39433
8181
8200
18222
39434
8180
8181
18223
39435
8182
8191
18224
39436
8182
8203
18225
39437
8193
8204
18226
39438
8184
8185
18227
39439
8186
8187
18228
39440
8186
8191
18229
39441
8189
8192
18230
39442
8188
8189
18231
39443
8190
8359
18232
39444
8190
8195
18233
39445
8196
8361
18234
39446
8192
8193
18235
39447
8194
8195
18236
39448
8194
8215
18237
39449
8197
8216
18238
39450
8196
8197
18239
39451
8198
8367
18240
39452
8198
8219
18241
39453
8220
8369
18242
39454
8200
8201
18243
39455
8202
8203
18244
39456
8202
8207
18245
39457
8205
8208
18246
39458
8204
8205
18247
39459
8206
8215
18248
39460
8206
8211
18249
39461
8212
8217
18250
39462
8208
8209
18251
39463
8210
8211
18252
39464
8210
8295
18253
39465
8213
8296
18254
39466
8212
8213
18255
39467
8214
8223
18256
39468
8214
8299
18257
39469
8225
8300
18258
39470
8216
8217
18259
39471
8218
8219
18260
39472
8218
8223
18261
39473
8221
8224
18262
39474
8220
8221
18263
39475
8222
8391
18264
39476
8222
8227
18265
39477
8228
8393
18266
39478
8224
8225
18267
39479
8226
8227
18268
39480
8226
8311
18269
39481
8229
8312
18270
39482
8228
8229
18271
39483
8230
8399
18272
39484
8230
8315
18273
39485
8316
8401
18274
39486
8232
8233
18275
39487
8234
8235
18276
39488
8234
8239
18277
39489
8237
8240
18278
39490
8236
8237
18279
39491
8238
8247
18280
39492
8238
8243
18281
39493
8244
8249
18282
39494
8240
8241
18283
39495
8242
8243
18284
39496
8242
8263
18285
39497
8245
8264
18286
39498
8244
8245
18287
39499
8246
8255
18288
39500
8246
8267
18289
39501
8257
8268
18290
39502
8248
8249
18291
39503
8250
8251
18292
39504
8250
8255
18293
39505
8253
8256
18294
39506
8252
8253
18295
39507
8254
8295
18296
39508
8254
8259
18297
39509
8260
8297
18298
39510
8256
8257
18299
39511
8258
8259
18300
39512
8258
8279
18301
39513
8261
8280
18302
39514
8260
8261
18303
39515
8262
8303
18304
39516
8262
8283
18305
39517
8284
8305
18306
39518
8264
8265
18307
39519
8266
8267
18308
39520
8266
8271
18309
39521
8269
8272
18310
39522
8268
8269
18311
39523
8270
8279
18312
39524
8270
8275
18313
39525
8276
8281
18314
39526
8272
8273
18315
39527
8274
8275
18316
39528
8274
9607
18317
39529
8277
9608
18318
39530
8276
8277
18319
39531
8278
8287
18320
39532
8278
9611
18321
39533
8289
9612
18322
39534
8280
8281
18323
39535
8282
8283
18324
39536
8282
8287
18325
39537
8285
8288
18326
39538
8284
8285
18327
39539
8286
8327
18328
39540
8286
8291
18329
39541
8292
8329
18330
39542
8288
8289
18331
39543
8290
8291
18332
39544
8290
9623
18333
39545
8293
9624
18334
39546
8292
8293
18335
39547
8294
8335
18336
39548
8294
9627
18337
39549
8337
9628
18338
39550
8296
8297
18339
39551
8298
8299
18340
39552
8298
8303
18341
39553
8301
8304
18342
39554
8300
8301
18343
39555
8302
8311
18344
39556
8302
8307
18345
39557
8308
8313
18346
39558
8304
8305
18347
39559
8306
8307
18348
39560
8306
8327
18349
39561
8309
8328
18350
39562
8308
8309
18351
39563
8310
8319
18352
39564
8310
8331
18353
39565
8321
8332
18354
39566
8312
8313
18355
39567
8314
8315
18356
39568
8314
8319
18357
39569
8317
8320
18358
39570
8316
8317
18359
39571
8318
8487
18360
39572
8318
8323
18361
39573
8324
8489
18362
39574
8320
8321
18363
39575
8322
8323
18364
39576
8322
8343
18365
39577
8325
8344
18366
39578
8324
8325
18367
39579
8326
8495
18368
39580
8326
8347
18369
39581
8348
8497
18370
39582
8328
8329
18371
39583
8330
8331
18372
39584
8330
8335
18373
39585
8333
8336
18374
39586
8332
8333
18375
39587
8334
8343
18376
39588
8334
8339
18377
39589
8340
8345
18378
39590
8336
8337
18379
39591
8338
8339
18380
39592
8338
9663
18381
39593
8341
9664
18382
39594
8340
8341
18383
39595
8342
8351
18384
39596
8342
9667
18385
39597
8353
9668
18386
39598
8344
8345
18387
39599
8346
8347
18388
39600
8346
8351
18389
39601
8349
8352
18390
39602
8348
8349
18391
39603
8350
8519
18392
39604
8350
8355
18393
39605
8356
8521
18394
39606
8352
8353
18395
39607
8354
8355
18396
39608
8354
9679
18397
39609
8357
9680
18398
39610
8356
8357
18399
39611
8358
8527
18400
39612
8358
9683
18401
39613
8529
9684
18402
39614
8360
8361
18403
39615
8362
8363
18404
39616
8362
8367
18405
39617
8365
8368
18406
39618
8364
8365
18407
39619
8366
8375
18408
39620
8366
8371
18409
39621
8372
8377
18410
39622
8368
8369
18411
39623
8370
8371
18412
39624
8370
8391
18413
39625
8373
8392
18414
39626
8372
8373
18415
39627
8374
8383
18416
39628
8374
8395
18417
39629
8385
8396
18418
39630
8376
8377
18419
39631
8378
8379
18420
39632
8378
8383
18421
39633
8381
8384
18422
39634
8380
8381
18423
39635
8382
8423
18424
39636
8382
8387
18425
39637
8388
8425
18426
39638
8384
8385
18427
39639
8386
8387
18428
39640
8386
8407
18429
39641
8389
8408
18430
39642
8388
8389
18431
39643
8390
8431
18432
39644
8390
8411
18433
39645
8412
8433
18434
39646
8392
8393
18435
39647
8394
8395
18436
39648
8394
8399
18437
39649
8397
8400
18438
39650
8396
8397
18439
39651
8398
8407
18440
39652
8398
8403
18441
39653
8404
8409
18442
39654
8400
8401
18443
39655
8402
8403
18444
39656
8402
8487
18445
39657
8405
8488
18446
39658
8404
8405
18447
39659
8406
8415
18448
39660
8406
8491
18449
39661
8417
8492
18450
39662
8408
8409
18451
39663
8410
8411
18452
39664
8410
8415
18453
39665
8413
8416
18454
39666
8412
8413
18455
39667
8414
8455
18456
39668
8414
8419
18457
39669
8420
8457
18458
39670
8416
8417
18459
39671
8418
8419
18460
39672
8418
8503
18461
39673
8421
8504
18462
39674
8420
8421
18463
39675
8422
8463
18464
39676
8422
8507
18465
39677
8465
8508
18466
39678
8424
8425
18467
39679
8426
8427
18468
39680
8426
8431
18469
39681
8429
8432
18470
39682
8428
8429
18471
39683
8430
8439
18472
39684
8430
8435
18473
39685
8436
8441
18474
39686
8432
8433
18475
39687
8434
8435
18476
39688
8434
8455
18477
39689
8437
8456
18478
39690
8436
8437
18479
39691
8438
8447
18480
39692
8438
8459
18481
39693
8449
8460
18482
39694
8440
8441
18483
39695
8442
8443
18484
39696
8442
8447
18485
39697
8445
8448
18486
39698
8444
8445
18487
39699
8446
9111
18488
39700
8446
8451
18489
39701
8452
9113
18490
39702
8448
8449
18491
39703
8450
8451
18492
39704
8450
8471
18493
39705
8453
8472
18494
39706
8452
8453
18495
39707
8454
9119
18496
39708
8454
8475
18497
39709
8476
9121
18498
39710
8456
8457
18499
39711
8458
8459
18500
39712
8458
8463
18501
39713
8461
8464
18502
39714
8460
8461
18503
39715
8462
8471
18504
39716
8462
8467
18505
39717
8468
8473
18506
39718
8464
8465
18507
39719
8466
8467
18508
39720
8466
8551
18509
39721
8469
8552
18510
39722
8468
8469
18511
39723
8470
8479
18512
39724
8470
8555
18513
39725
8481
8556
18514
39726
8472
8473
18515
39727
8474
8475
18516
39728
8474
8479
18517
39729
8477
8480
18518
39730
8476
8477
18519
39731
8478
9143
18520
39732
8478
8483
18521
39733
8484
9145
18522
39734
8480
8481
18523
39735
8482
8483
18524
39736
8482
8567
18525
39737
8485
8568
18526
39738
8484
8485
18527
39739
8486
9151
18528
39740
8486
8571
18529
39741
8572
9153
18530
39742
8488
8489
18531
39743
8490
8491
18532
39744
8490
8495
18533
39745
8493
8496
18534
39746
8492
8493
18535
39747
8494
8503
18536
39748
8494
8499
18537
39749
8500
8505
18538
39750
8496
8497
18539
39751
8498
8499
18540
39752
8498
8519
18541
39753
8501
8520
18542
39754
8500
8501
18543
39755
8502
8511
18544
39756
8502
8523
18545
39757
8513
8524
18546
39758
8504
8505
18547
39759
8506
8507
18548
39760
8506
8511
18549
39761
8509
8512
18550
39762
8508
8509
18551
39763
8510
8551
18552
39764
8510
8515
18553
39765
8516
8553
18554
39766
8512
8513
18555
39767
8514
8515
18556
39768
8514
8535
18557
39769
8517
8536
18558
39770
8516
8517
18559
39771
8518
8559
18560
39772
8518
8539
18561
39773
8540
8561
18562
39774
8520
8521
18563
39775
8522
8523
18564
39776
8522
8527
18565
39777
8525
8528
18566
39778
8524
8525
18567
39779
8526
8535
18568
39780
8526
8531
18569
39781
8532
8537
18570
39782
8528
8529
18571
39783
8530
8531
18572
39784
8530
9719
18573
39785
8533
9720
18574
39786
8532
8533
18575
39787
8534
8543
18576
39788
8534
9723
18577
39789
8545
9724
18578
39790
8536
8537
18579
39791
8538
8539
18580
39792
8538
8543
18581
39793
8541
8544
18582
39794
8540
8541
18583
39795
8542
8583
18584
39796
8542
8547
18585
39797
8548
8585
18586
39798
8544
8545
18587
39799
8546
8547
18588
39800
8546
9735
18589
39801
8549
9736
18590
39802
8548
8549
18591
39803
8550
8591
18592
39804
8550
9739
18593
39805
8593
9740
18594
39806
8552
8553
18595
39807
8554
8555
18596
39808
8554
8559
18597
39809
8557
8560
18598
39810
8556
8557
18599
39811
8558
8567
18600
39812
8558
8563
18601
39813
8564
8569
18602
39814
8560
8561
18603
39815
8562
8563
18604
39816
8562
8583
18605
39817
8565
8584
18606
39818
8564
8565
18607
39819
8566
8575
18608
39820
8566
8587
18609
39821
8577
8588
18610
39822
8568
8569
18611
39823
8570
8571
18612
39824
8570
8575
18613
39825
8573
8576
18614
39826
8572
8573
18615
39827
8574
9239
18616
39828
8574
8579
18617
39829
8580
9241
18618
39830
8576
8577
18619
39831
8578
8579
18620
39832
8578
8599
18621
39833
8581
8600
18622
39834
8580
8581
18623
39835
8582
9247
18624
39836
8582
8603
18625
39837
8604
9249
18626
39838
8584
8585
18627
39839
8586
8587
18628
39840
8586
8591
18629
39841
8589
8592
18630
39842
8588
8589
18631
39843
8590
8599
18632
39844
8590
8595
18633
39845
8596
8601
18634
39846
8592
8593
18635
39847
8594
8595
18636
39848
8594
9775
18637
39849
8597
9776
18638
39850
8596
8597
18639
39851
8598
8607
18640
39852
8598
9779
18641
39853
8609
9780
18642
39854
8600
8601
18643
39855
8602
8603
18644
39856
8602
8607
18645
39857
8605
8608
18646
39858
8604
8605
18647
39859
8606
9271
18648
39860
8606
8611
18649
39861
8612
9273
18650
39862
8608
8609
18651
39863
8610
8611
18652
39864
8610
9791
18653
39865
8613
9792
18654
39866
8612
8613
18655
39867
8614
9279
18656
39868
8614
9795
18657
39869
9281
9796
18658
39870
8616
8617
18659
39871
8618
8619
18660
39872
8618
8623
18661
39873
8621
8624
18662
39874
8620
8621
18663
39875
8622
8631
18664
39876
8622
8627
18665
39877
8628
8633
18666
39878
8624
8625
18667
39879
8626
8627
18668
39880
8626
8647
18669
39881
8629
8648
18670
39882
8628
8629
18671
39883
8630
8639
18672
39884
8630
8651
18673
39885
8641
8652
18674
39886
8632
8633
18675
39887
8634
8635
18676
39888
8634
8639
18677
39889
8637
8640
18678
39890
8636
8637
18679
39891
8638
8679
18680
39892
8638
8643
18681
39893
8644
8681
18682
39894
8640
8641
18683
39895
8642
8643
18684
39896
8642
8663
18685
39897
8645
8664
18686
39898
8644
8645
18687
39899
8646
8687
18688
39900
8646
8667
18689
39901
8668
8689
18690
39902
8648
8649
18691
39903
8650
8651
18692
39904
8650
8655
18693
39905
8653
8656
18694
39906
8652
8653
18695
39907
8654
8663
18696
39908
8654
8659
18697
39909
8660
8665
18698
39910
8656
8657
18699
39911
8658
8659
18700
39912
8658
8743
18701
39913
8661
8744
18702
39914
8660
8661
18703
39915
8662
8671
18704
39916
8662
8747
18705
39917
8673
8748
18706
39918
8664
8665
18707
39919
8666
8667
18708
39920
8666
8671
18709
39921
8669
8672
18710
39922
8668
8669
18711
39923
8670
8711
18712
39924
8670
8675
18713
39925
8676
8713
18714
39926
8672
8673
18715
39927
8674
8675
18716
39928
8674
8759
18717
39929
8677
8760
18718
39930
8676
8677
18719
39931
8678
8719
18720
39932
8678
8763
18721
39933
8721
8764
18722
39934
8680
8681
18723
39935
8682
8683
18724
39936
8682
8687
18725
39937
8685
8688
18726
39938
8684
8685
18727
39939
8686
8695
18728
39940
8686
8691
18729
39941
8692
8697
18730
39942
8688
8689
18731
39943
8690
8691
18732
39944
8690
8711
18733
39945
8693
8712
18734
39946
8692
8693
18735
39947
8694
8703
18736
39948
8694
8715
18737
39949
8705
8716
18738
39950
8696
8697
18739
39951
8698
8699
18740
39952
8698
8703
18741
39953
8701
8704
18742
39954
8700
8701
18743
39955
8702
8871
18744
39956
8702
8707
18745
39957
8708
8873
18746
39958
8704
8705
18747
39959
8706
8707
18748
39960
8706
8727
18749
39961
8709
8728
18750
39962
8708
8709
18751
39963
8710
8879
18752
39964
8710
8731
18753
39965
8732
8881
18754
39966
8712
8713
18755
39967
8714
8715
18756
39968
8714
8719
18757
39969
8717
8720
18758
39970
8716
8717
18759
39971
8718
8727
18760
39972
8718
8723
18761
39973
8724
8729
18762
39974
8720
8721
18763
39975
8722
8723
18764
39976
8722
8807
18765
39977
8725
8808
18766
39978
8724
8725
18767
39979
8726
8735
18768
39980
8726
8811
18769
39981
8737
8812
18770
39982
8728
8729
18771
39983
8730
8731
18772
39984
8730
8735
18773
39985
8733
8736
18774
39986
8732
8733
18775
39987
8734
8903
18776
39988
8734
8739
18777
39989
8740
8905
18778
39990
8736
8737
18779
39991
8738
8739
18780
39992
8738
8823
18781
39993
8741
8824
18782
39994
8740
8741
18783
39995
8742
8911
18784
39996
8742
8827
18785
39997
8828
8913
18786
39998
8744
8745
18787
39999
8746
8747
18788
40000
8746
8751
18789
40001
8749
8752
18790
40002
8748
8749
18791
40003
8750
8759
18792
40004
8750
8755
18793
40005
8756
8761
18794
40006
8752
8753
18795
40007
8754
8755
18796
40008
8754
8775
18797
40009
8757
8776
18798
40010
8756
8757
18799
40011
8758
8767
18800
40012
8758
8779
18801
40013
8769
8780
18802
40014
8760
8761
18803
40015
8762
8763
18804
40016
8762
8767
18805
40017
8765
8768
18806
40018
8764
8765
18807
40019
8766
8807
18808
40020
8766
8771
18809
40021
8772
8809
18810
40022
8768
8769
18811
40023
8770
8771
18812
40024
8770
8791
18813
40025
8773
8792
18814
40026
8772
8773
18815
40027
8774
8815
18816
40028
8774
8795
18817
40029
8796
8817
18818
40030
8776
8777
18819
40031
8778
8779
18820
40032
8778
8783
18821
40033
8781
8784
18822
40034
8780
8781
18823
40035
8782
8791
18824
40036
8782
8787
18825
40037
8788
8793
18826
40038
8784
8785
18827
40039
8786
8787
18828
40040
8786
9111
18829
40041
8789
9112
18830
40042
8788
8789
18831
40043
8790
8799
18832
40044
8790
9115
18833
40045
8801
9116
18834
40046
8792
8793
18835
40047
8794
8795
18836
40048
8794
8799
18837
40049
8797
8800
18838
40050
8796
8797
18839
40051
8798
8839
18840
40052
8798
8803
18841
40053
8804
8841
18842
40054
8800
8801
18843
40055
8802
8803
18844
40056
8802
9127
18845
40057
8805
9128
18846
40058
8804
8805
18847
40059
8806
8847
18848
40060
8806
9131
18849
40061
8849
9132
18850
40062
8808
8809
18851
40063
8810
8811
18852
40064
8810
8815
18853
40065
8813
8816
18854
40066
8812
8813
18855
40067
8814
8823
18856
40068
8814
8819
18857
40069
8820
8825
18858
40070
8816
8817
18859
40071
8818
8819
18860
40072
8818
8839
18861
40073
8821
8840
18862
40074
8820
8821
18863
40075
8822
8831
18864
40076
8822
8843
18865
40077
8833
8844
18866
40078
8824
8825
18867
40079
8826
8827
18868
40080
8826
8831
18869
40081
8829
8832
18870
40082
8828
8829
18871
40083
8830
8991
18872
40084
8830
8835
18873
40085
8836
8993
18874
40086
8832
8833
18875
40087
8834
8835
18876
40088
8834
8855
18877
40089
8837
8856
18878
40090
8836
8837
18879
40091
8838
8999
18880
40092
8838
8859
18881
40093
8860
9001
18882
40094
8840
8841
18883
40095
8842
8843
18884
40096
8842
8847
18885
40097
8845
8848
18886
40098
8844
8845
18887
40099
8846
8855
18888
40100
8846
8851
18889
40101
8852
8857
18890
40102
8848
8849
18891
40103
8850
8851
18892
40104
8850
9175
18893
40105
8853
9176
18894
40106
8852
8853
18895
40107
8854
8863
18896
40108
8854
9179
18897
40109
8865
9180
18898
40110
8856
8857
18899
40111
8858
8859
18900
40112
8858
8863
18901
40113
8861
8864
18902
40114
8860
8861
18903
40115
8862
9023
18904
40116
8862
8867
18905
40117
8868
9025
18906
40118
8864
8865
18907
40119
8866
8867
18908
40120
8866
9191
18909
40121
8869
9192
18910
40122
8868
8869
18911
40123
8870
9031
18912
40124
8870
9195
18913
40125
9033
9196
18914
40126
8872
8873
18915
40127
8874
8875
18916
40128
8874
8879
18917
40129
8877
8880
18918
40130
8876
8877
18919
40131
8878
8887
18920
40132
8878
8883
18921
40133
8884
8889
18922
40134
8880
8881
18923
40135
8882
8883
18924
40136
8882
8903
18925
40137
8885
8904
18926
40138
8884
8885
18927
40139
8886
8895
18928
40140
8886
8907
18929
40141
8897
8908
18930
40142
8888
8889
18931
40143
8890
8891
18932
40144
8890
8895
18933
40145
8893
8896
18934
40146
8892
8893
18935
40147
8894
8935
18936
40148
8894
8899
18937
40149
8900
8937
18938
40150
8896
8897
18939
40151
8898
8899
18940
40152
8898
8919
18941
40153
8901
8920
18942
40154
8900
8901
18943
40155
8902
8943
18944
40156
8902
8923
18945
40157
8924
8945
18946
40158
8904
8905
18947
40159
8906
8907
18948
40160
8906
8911
18949
40161
8909
8912
18950
40162
8908
8909
18951
40163
8910
8919
18952
40164
8910
8915
18953
40165
8916
8921
18954
40166
8912
8913
18955
40167
8914
8915
18956
40168
8914
8991
18957
40169
8917
8992
18958
40170
8916
8917
18959
40171
8918
8927
18960
40172
8918
8995
18961
40173
8929
8996
18962
40174
8920
8921
18963
40175
8922
8923
18964
40176
8922
8927
18965
40177
8925
8928
18966
40178
8924
8925
18967
40179
8926
8963
18968
40180
8926
8931
18969
40181
8932
8965
18970
40182
8928
8929
18971
40183
8930
8931
18972
40184
8930
9007
18973
40185
8933
9008
18974
40186
8932
8933
18975
40187
8934
8971
18976
40188
8934
9011
18977
40189
8973
9012
18978
40190
8936
8937
18979
40191
8938
8939
18980
40192
8938
8943
18981
40193
8941
8944
18982
40194
8940
8941
18983
40195
8942
8951
18984
40196
8942
8947
18985
40197
8948
8953
18986
40198
8944
8945
18987
40199
8946
8947
18988
40200
8946
8963
18989
40201
8949
8964
18990
40202
8948
8949
18991
40203
8950
8957
18992
40204
8950
8967
18993
40205
8959
8968
18994
40206
8952
8953
18995
40207
8954
8955
18996
40208
8954
8957
18997
40209
8956
8958
18998
40210
8956
18999
20729
40211
8961
19000
20730
40212
8958
8959
19001
40213
8960
8961
19002
40214
8960
8979
19003
40215
8962
8980
19004
40216
8962
19005
20731
40217
8983
19006
20732
40218
8964
8965
19007
40219
8966
8967
19008
40220
8966
8971
19009
40221
8969
8972
19010
40222
8968
8969
19011
40223
8970
8979
19012
40224
8970
8975
19013
40225
8976
8981
19014
40226
8972
8973
19015
40227
8974
8975
19016
40228
8974
9055
19017
40229
8977
9056
19018
40230
8976
8977
19019
40231
8978
8985
19020
40232
8978
9059
19021
40233
8987
9060
19022
40234
8980
8981
19023
40235
8982
8983
19024
40236
8982
8985
19025
40237
8984
8986
19026
40238
8984
19027
20733
40239
8989
19028
20734
40240
8986
8987
19029
40241
8988
8989
19030
40242
8988
9071
19031
40243
8990
9072
19032
40244
8990
19033
20735
40245
9075
19034
20736
40246
8992
8993
19035
40247
8994
8995
19036
40248
8994
8999
19037
40249
8997
9000
19038
40250
8996
8997
19039
40251
8998
9007
19040
40252
8998
9003
19041
40253
9004
9009
19042
40254
9000
9001
19043
40255
9002
9003
19044
40256
9002
9023
19045
40257
9005
9024
19046
40258
9004
9005
19047
40259
9006
9015
19048
40260
9006
9027
19049
40261
9017
9028
19050
40262
9008
9009
19051
40263
9010
9011
19052
40264
9010
9015
19053
40265
9013
9016
19054
40266
9012
9013
19055
40267
9014
9055
19056
40268
9014
9019
19057
40269
9020
9057
19058
40270
9016
9017
19059
40271
9018
9019
19060
40272
9018
9039
19061
40273
9021
9040
19062
40274
9020
9021
19063
40275
9022
9063
19064
40276
9022
9043
19065
40277
9044
9065
19066
40278
9024
9025
19067
40279
9026
9027
19068
40280
9026
9031
19069
40281
9029
9032
19070
40282
9028
9029
19071
40283
9030
9039
19072
40284
9030
9035
19073
40285
9036
9041
19074
40286
9032
9033
19075
40287
9034
9035
19076
40288
9034
9367
19077
40289
9037
9368
19078
40290
9036
9037
19079
40291
9038
9047
19080
40292
9038
9371
19081
40293
9049
9372
19082
40294
9040
9041
19083
40295
9042
9043
19084
40296
9042
9047
19085
40297
9045
9048
19086
40298
9044
9045
19087
40299
9046
9083
19088
40300
9046
9051
19089
40301
9052
9085
19090
40302
9048
9049
19091
40303
9050
9051
19092
40304
9050
9383
19093
40305
9053
9384
19094
40306
9052
9053
19095
40307
9054
9091
19096
40308
9054
9387
19097
40309
9093
9388
19098
40310
9056
9057
19099
40311
9058
9059
19100
40312
9058
9063
19101
40313
9061
9064
19102
40314
9060
9061
19103
40315
9062
9071
19104
40316
9062
9067
19105
40317
9068
9073
19106
40318
9064
9065
19107
40319
9066
9067
19108
40320
9066
9083
19109
40321
9069
9084
19110
40322
9068
9069
19111
40323
9070
9077
19112
40324
9070
9087
19113
40325
9079
9088
19114
40326
9072
9073
19115
40327
9074
9075
19116
40328
9074
9077
19117
40329
9076
9078
19118
40330
9076
19119
20737
40331
9081
19120
20738
40332
9078
9079
19121
40333
9080
9081
19122
40334
9080
9099
19123
40335
9082
9100
19124
40336
9082
19125
20739
40337
9103
19126
20740
40338
9084
9085
19127
40339
9086
9087
19128
40340
9086
9091
19129
40341
9089
9092
19130
40342
9088
9089
19131
40343
9090
9099
19132
40344
9090
9095
19133
40345
9096
9101
19134
40346
9092
9093
19135
40347
9094
9095
19136
40348
9094
9431
19137
40349
9097
9432
19138
40350
9096
9097
19139
40351
9098
9105
19140
40352
9098
9435
19141
40353
9107
9436
19142
40354
9100
9101
19143
40355
9102
9103
19144
40356
9102
9105
19145
40357
9104
9106
19146
40358
9104
19147
20741
40359
9109
19148
20742
40360
9106
9107
19149
40361
9108
9109
19150
40362
9108
9447
19151
40363
9110
9448
19152
40364
9110
19153
20743
40365
9451
19154
20744
40366
9112
9113
19155
40367
9114
9115
19156
40368
9114
9119
19157
40369
9117
9120
19158
40370
9116
9117
19159
40371
9118
9127
19160
40372
9118
9123
19161
40373
9124
9129
19162
40374
9120
9121
19163
40375
9122
9123
19164
40376
9122
9143
19165
40377
9125
9144
19166
40378
9124
9125
19167
40379
9126
9135
19168
40380
9126
9147
19169
40381
9137
9148
19170
40382
9128
9129
19171
40383
9130
9131
19172
40384
9130
9135
19173
40385
9133
9136
19174
40386
9132
9133
19175
40387
9134
9175
19176
40388
9134
9139
19177
40389
9140
9177
19178
40390
9136
9137
19179
40391
9138
9139
19180
40392
9138
9159
19181
40393
9141
9160
19182
40394
9140
9141
19183
40395
9142
9183
19184
40396
9142
9163
19185
40397
9164
9185
19186
40398
9144
9145
19187
40399
9146
9147
19188
40400
9146
9151
19189
40401
9149
9152
19190
40402
9148
9149
19191
40403
9150
9159
19192
40404
9150
9155
19193
40405
9156
9161
19194
40406
9152
9153
19195
40407
9154
9155
19196
40408
9154
9239
19197
40409
9157
9240
19198
40410
9156
9157
19199
40411
9158
9167
19200
40412
9158
9243
19201
40413
9169
9244
19202
40414
9160
9161
19203
40415
9162
9163
19204
40416
9162
9167
19205
40417
9165
9168
19206
40418
9164
9165
19207
40419
9166
9207
19208
40420
9166
9171
19209
40421
9172
9209
19210
40422
9168
9169
19211
40423
9170
9171
19212
40424
9170
9255
19213
40425
9173
9256
19214
40426
9172
9173
19215
40427
9174
9215
19216
40428
9174
9259
19217
40429
9217
9260
19218
40430
9176
9177
19219
40431
9178
9179
19220
40432
9178
9183
19221
40433
9181
9184
19222
40434
9180
9181
19223
40435
9182
9191
19224
40436
9182
9187
19225
40437
9188
9193
19226
40438
9184
9185
19227
40439
9186
9187
19228
40440
9186
9207
19229
40441
9189
9208
19230
40442
9188
9189
19231
40443
9190
9199
19232
40444
9190
9211
19233
40445
9201
9212
19234
40446
9192
9193
19235
40447
9194
9195
19236
40448
9194
9199
19237
40449
9197
9200
19238
40450
9196
9197
19239
40451
9198
9367
19240
40452
9198
9203
19241
40453
9204
9369
19242
40454
9200
9201
19243
40455
9202
9203
19244
40456
9202
9223
19245
40457
9205
9224
19246
40458
9204
9205
19247
40459
9206
9375
19248
40460
9206
9227
19249
40461
9228
9377
19250
40462
9208
9209
19251
40463
9210
9211
19252
40464
9210
9215
19253
40465
9213
9216
19254
40466
9212
9213
19255
40467
9214
9223
19256
40468
9214
9219
19257
40469
9220
9225
19258
40470
9216
9217
19259
40471
9218
9219
19260
40472
9218
9303
19261
40473
9221
9304
19262
40474
9220
9221
19263
40475
9222
9231
19264
40476
9222
9307
19265
40477
9233
9308
19266
40478
9224
9225
19267
40479
9226
9227
19268
40480
9226
9231
19269
40481
9229
9232
19270
40482
9228
9229
19271
40483
9230
9399
19272
40484
9230
9235
19273
40485
9236
9401
19274
40486
9232
9233
19275
40487
9234
9235
19276
40488
9234
9319
19277
40489
9237
9320
19278
40490
9236
9237
19279
40491
9238
9407
19280
40492
9238
9323
19281
40493
9324
9409
19282
40494
9240
9241
19283
40495
9242
9243
19284
40496
9242
9247
19285
40497
9245
9248
19286
40498
9244
9245
19287
40499
9246
9255
19288
40500
9246
9251
19289
40501
9252
9257
19290
40502
9248
9249
19291
40503
9250
9251
19292
40504
9250
9271
19293
40505
9253
9272
19294
40506
9252
9253
19295
40507
9254
9263
19296
40508
9254
9275
19297
40509
9265
9276
19298
40510
9256
9257
19299
40511
9258
9259
19300
40512
9258
9263
19301
40513
9261
9264
19302
40514
9260
9261
19303
40515
9262
9303
19304
40516
9262
9267
19305
40517
9268
9305
19306
40518
9264
9265
19307
40519
9266
9267
19308
40520
9266
9287
19309
40521
9269
9288
19310
40522
9268
9269
19311
40523
9270
9311
19312
40524
9270
9291
19313
40525
9292
9313
19314
40526
9272
9273
19315
40527
9274
9275
19316
40528
9274
9279
19317
40529
9277
9280
19318
40530
9276
9277
19319
40531
9278
9287
19320
40532
9278
9283
19321
40533
9284
9289
19322
40534
9280
9281
19323
40535
9282
9283
19324
40536
9282
9831
19325
40537
9285
9832
19326
40538
9284
9285
19327
40539
9286
9295
19328
40540
9286
9835
19329
40541
9297
9836
19330
40542
9288
9289
19331
40543
9290
9291
19332
40544
9290
9295
19333
40545
9293
9296
19334
40546
9292
9293
19335
40547
9294
9335
19336
40548
9294
9299
19337
40549
9300
9337
19338
40550
9296
9297
19339
40551
9298
9299
19340
40552
9298
9847
19341
40553
9301
9848
19342
40554
9300
9301
19343
40555
9302
9343
19344
40556
9302
9851
19345
40557
9345
9852
19346
40558
9304
9305
19347
40559
9306
9307
19348
40560
9306
9311
19349
40561
9309
9312
19350
40562
9308
9309
19351
40563
9310
9319
19352
40564
9310
9315
19353
40565
9316
9321
19354
40566
9312
9313
19355
40567
9314
9315
19356
40568
9314
9335
19357
40569
9317
9336
19358
40570
9316
9317
19359
40571
9318
9327
19360
40572
9318
9339
19361
40573
9329
9340
19362
40574
9320
9321
19363
40575
9322
9323
19364
40576
9322
9327
19365
40577
9325
9328
19366
40578
9324
9325
19367
40579
9326
9487
19368
40580
9326
9331
19369
40581
9332
9489
19370
40582
9328
9329
19371
40583
9330
9331
19372
40584
9330
9351
19373
40585
9333
9352
19374
40586
9332
9333
19375
40587
9334
9495
19376
40588
9334
9355
19377
40589
9356
9497
19378
40590
9336
9337
19379
40591
9338
9339
19380
40592
9338
9343
19381
40593
9341
9344
19382
40594
9340
9341
19383
40595
9342
9351
19384
40596
9342
9347
19385
40597
9348
9353
19386
40598
9344
9345
19387
40599
9346
9347
19388
40600
9346
9887
19389
40601
9349
9888
19390
40602
9348
9349
19391
40603
9350
9359
19392
40604
9350
9891
19393
40605
9361
9892
19394
40606
9352
9353
19395
40607
9354
9355
19396
40608
9354
9359
19397
40609
9357
9360
19398
40610
9356
9357
19399
40611
9358
9519
19400
40612
9358
9363
19401
40613
9364
9521
19402
40614
9360
9361
19403
40615
9362
9363
19404
40616
9362
9903
19405
40617
9365
9904
19406
40618
9364
9365
19407
40619
9366
9527
19408
40620
9366
9907
19409
40621
9529
9908
19410
40622
9368
9369
19411
40623
9370
9371
19412
40624
9370
9375
19413
40625
9373
9376
19414
40626
9372
9373
19415
40627
9374
9383
19416
40628
9374
9379
19417
40629
9380
9385
19418
40630
9376
9377
19419
40631
9378
9379
19420
40632
9378
9399
19421
40633
9381
9400
19422
40634
9380
9381
19423
40635
9382
9391
19424
40636
9382
9403
19425
40637
9393
9404
19426
40638
9384
9385
19427
40639
9386
9387
19428
40640
9386
9391
19429
40641
9389
9392
19430
40642
9388
9389
19431
40643
9390
9431
19432
40644
9390
9395
19433
40645
9396
9433
19434
40646
9392
9393
19435
40647
9394
9395
19436
40648
9394
9415
19437
40649
9397
9416
19438
40650
9396
9397
19439
40651
9398
9439
19440
40652
9398
9419
19441
40653
9420
9441
19442
40654
9400
9401
19443
40655
9402
9403
19444
40656
9402
9407
19445
40657
9405
9408
19446
40658
9404
9405
19447
40659
9406
9415
19448
40660
9406
9411
19449
40661
9412
9417
19450
40662
9408
9409
19451
40663
9410
9411
19452
40664
9410
9487
19453
40665
9413
9488
19454
40666
9412
9413
19455
40667
9414
9423
19456
40668
9414
9491
19457
40669
9425
9492
19458
40670
9416
9417
19459
40671
9418
9419
19460
40672
9418
9423
19461
40673
9421
9424
19462
40674
9420
9421
19463
40675
9422
9459
19464
40676
9422
9427
19465
40677
9428
9461
19466
40678
9424
9425
19467
40679
9426
9427
19468
40680
9426
9503
19469
40681
9429
9504
19470
40682
9428
9429
19471
40683
9430
9467
19472
40684
9430
9507
19473
40685
9469
9508
19474
40686
9432
9433
19475
40687
9434
9435
19476
40688
9434
9439
19477
40689
9437
9440
19478
40690
9436
9437
19479
40691
9438
9447
19480
40692
9438
9443
19481
40693
9444
9449
19482
40694
9440
9441
19483
40695
9442
9443
19484
40696
9442
9459
19485
40697
9445
9460
19486
40698
9444
9445
19487
40699
9446
9453
19488
40700
9446
9463
19489
40701
9455
9464
19490
40702
9448
9449
19491
40703
9450
9451
19492
40704
9450
9453
19493
40705
9452
9454
19494
40706
9452
19495
20745
40707
9457
19496
20746
40708
9454
9455
19497
40709
9456
9457
19498
40710
9456
9475
19499
40711
9458
9476
19500
40712
9458
19501
20747
40713
9479
19502
20748
40714
9460
9461
19503
40715
9462
9463
19504
40716
9462
9467
19505
40717
9465
9468
19506
40718
9464
9465
19507
40719
9466
9475
19508
40720
9466
9471
19509
40721
9472
9477
19510
40722
9468
9469
19511
40723
9470
9471
19512
40724
9470
9551
19513
40725
9473
9552
19514
40726
9472
9473
19515
40727
9474
9481
19516
40728
9474
9555
19517
40729
9483
9556
19518
40730
9476
9477
19519
40731
9478
9479
19520
40732
9478
9481
19521
40733
9480
9482
19522
40734
9480
19523
20749
40735
9485
19524
20750
40736
9482
9483
19525
40737
9484
9485
19526
40738
9484
9567
19527
40739
9486
9568
19528
40740
9486
19529
20751
40741
9571
19530
20752
40742
9488
9489
19531
40743
9490
9491
19532
40744
9490
9495
19533
40745
9493
9496
19534
40746
9492
9493
19535
40747
9494
9503
19536
40748
9494
9499
19537
40749
9500
9505
19538
40750
9496
9497
19539
40751
9498
9499
19540
40752
9498
9519
19541
40753
9501
9520
19542
40754
9500
9501
19543
40755
9502
9511
19544
40756
9502
9523
19545
40757
9513
9524
19546
40758
9504
9505
19547
40759
9506
9507
19548
40760
9506
9511
19549
40761
9509
9512
19550
40762
9508
9509
19551
40763
9510
9551
19552
40764
9510
9515
19553
40765
9516
9553
19554
40766
9512
9513
19555
40767
9514
9515
19556
40768
9514
9535
19557
40769
9517
9536
19558
40770
9516
9517
19559
40771
9518
9559
19560
40772
9518
9539
19561
40773
9540
9561
19562
40774
9520
9521
19563
40775
9522
9523
19564
40776
9522
9527
19565
40777
9525
9528
19566
40778
9524
9525
19567
40779
9526
9535
19568
40780
9526
9531
19569
40781
9532
9537
19570
40782
9528
9529
19571
40783
9530
9531
19572
40784
9530
9943
19573
40785
9533
9944
19574
40786
9532
9533
19575
40787
9534
9543
19576
40788
9534
9947
19577
40789
9545
9948
19578
40790
9536
9537
19579
40791
9538
9539
19580
40792
9538
9543
19581
40793
9541
9544
19582
40794
9540
9541
19583
40795
9542
9579
19584
40796
9542
9547
19585
40797
9548
9581
19586
40798
9544
9545
19587
40799
9546
9547
19588
40800
9546
9959
19589
40801
9549
9960
19590
40802
9548
9549
19591
40803
9550
9587
19592
40804
9550
9963
19593
40805
9589
9964
19594
40806
9552
9553
19595
40807
9554
9555
19596
40808
9554
9559
19597
40809
9557
9560
19598
40810
9556
9557
19599
40811
9558
9567
19600
40812
9558
9563
19601
40813
9564
9569
19602
40814
9560
9561
19603
40815
9562
9563
19604
40816
9562
9579
19605
40817
9565
9580
19606
40818
9564
9565
19607
40819
9566
9573
19608
40820
9566
9583
19609
40821
9575
9584
19610
40822
9568
9569
19611
40823
9570
9571
19612
40824
9570
9573
19613
40825
9572
9574
19614
40826
9572
19615
20753
40827
9577
19616
20754
40828
9574
9575
19617
40829
9576
9577
19618
40830
9576
9595
19619
40831
9578
9596
19620
40832
9578
19621
20755
40833
9599
19622
20756
40834
9580
9581
19623
40835
9582
9583
19624
40836
9582
9587
19625
40837
9585
9588
19626
40838
9584
9585
19627
40839
9586
9595
19628
40840
9586
9591
19629
40841
9592
9597
19630
40842
9588
9589
19631
40843
9590
9591
19632
40844
9590
9999
19633
40845
9593
10000
19634
40846
9592
9593
19635
40847
9594
9601
19636
40848
9594
10003
19637
40849
9603
10004
19638
40850
9596
9597
19639
40851
9598
9599
19640
40852
9598
9601
19641
40853
9600
9602
19642
40854
9600
19643
20757
40855
9605
19644
20758
40856
9602
9603
19645
40857
9604
9605
19646
40858
9604
10015
19647
40859
9606
10016
19648
40860
9606
19649
20759
40861
10019
19650
20760
40862
9608
9609
19651
40863
9610
9611
19652
40864
9610
9615
19653
40865
9613
9616
19654
40866
9612
9613
19655
40867
9614
9623
19656
40868
9614
9619
19657
40869
9620
9625
19658
40870
9616
9617
19659
40871
9618
9619
19660
40872
9618
9639
19661
40873
9621
9640
19662
40874
9620
9621
19663
40875
9622
9631
19664
40876
9622
9643
19665
40877
9633
9644
19666
40878
9624
9625
19667
40879
9626
9627
19668
40880
9626
9631
19669
40881
9629
9632
19670
40882
9628
9629
19671
40883
9630
9663
19672
40884
9630
9635
19673
40885
9636
9665
19674
40886
9632
9633
19675
40887
9634
9635
19676
40888
9634
9651
19677
40889
9637
9652
19678
40890
9636
9637
19679
40891
9638
9671
19680
40892
9638
9655
19681
40893
9656
9673
19682
40894
9640
9641
19683
40895
9642
9643
19684
40896
9642
9647
19685
40897
9645
9648
19686
40898
9644
9645
19687
40899
9646
9651
19688
40900
9646
9649
19689
40901
9650
9653
19690
40902
9648
19691
20940
40903
9649
19692
20941
40904
9650
19693
20942
40905
9659
19694
20943
40906
9652
9653
19695
40907
9654
9655
19696
40908
9654
9659
19697
40909
9657
9660
19698
40910
9656
9657
19699
40911
9658
9695
19700
40912
9658
9661
19701
40913
9662
9697
19702
40914
9660
19703
20944
40915
9661
19704
20945
40916
9662
19705
20946
40917
9703
19706
20947
40918
9664
9665
19707
40919
9666
9667
19708
40920
9666
9671
19709
40921
9669
9672
19710
40922
9668
9669
19711
40923
9670
9679
19712
40924
9670
9675
19713
40925
9676
9681
19714
40926
9672
9673
19715
40927
9674
9675
19716
40928
9674
9695
19717
40929
9677
9696
19718
40930
9676
9677
19719
40931
9678
9687
19720
40932
9678
9699
19721
40933
9689
9700
19722
40934
9680
9681
19723
40935
9682
9683
19724
40936
9682
9687
19725
40937
9685
9688
19726
40938
9684
9685
19727
40939
9686
9719
19728
40940
9686
9691
19729
40941
9692
9721
19730
40942
9688
9689
19731
40943
9690
9691
19732
40944
9690
9707
19733
40945
9693
9708
19734
40946
9692
9693
19735
40947
9694
9727
19736
40948
9694
9711
19737
40949
9712
9729
19738
40950
9696
9697
19739
40951
9698
9699
19740
40952
9698
9703
19741
40953
9701
9704
19742
40954
9700
9701
19743
40955
9702
9707
19744
40956
9702
9705
19745
40957
9706
9709
19746
40958
9704
19747
20948
40959
9705
19748
20949
40960
9706
19749
20950
40961
9715
19750
20951
40962
9708
9709
19751
40963
9710
9711
19752
40964
9710
9715
19753
40965
9713
9716
19754
40966
9712
9713
19755
40967
9714
9751
19756
40968
9714
9717
19757
40969
9718
9753
19758
40970
9716
19759
20952
40971
9717
19760
20953
40972
9718
19761
20954
40973
9759
19762
20955
40974
9720
9721
19763
40975
9722
9723
19764
40976
9722
9727
19765
40977
9725
9728
19766
40978
9724
9725
19767
40979
9726
9735
19768
40980
9726
9731
19769
40981
9732
9737
19770
40982
9728
9729
19771
40983
9730
9731
19772
40984
9730
9751
19773
40985
9733
9752
19774
40986
9732
9733
19775
40987
9734
9743
19776
40988
9734
9755
19777
40989
9745
9756
19778
40990
9736
9737
19779
40991
9738
9739
19780
40992
9738
9743
19781
40993
9741
9744
19782
40994
9740
9741
19783
40995
9742
9775
19784
40996
9742
9747
19785
40997
9748
9777
19786
40998
9744
9745
19787
40999
9746
9747
19788
41000
9746
9763
19789
41001
9749
9764
19790
41002
9748
9749
19791
41003
9750
9783
19792
41004
9750
9767
19793
41005
9768
9785
19794
41006
9752
9753
19795
41007
9754
9755
19796
41008
9754
9759
19797
41009
9757
9760
19798
41010
9756
9757
19799
41011
9758
9763
19800
41012
9758
9761
19801
41013
9762
9765
19802
41014
9760
19803
20956
41015
9761
19804
20957
41016
9762
19805
20958
41017
9771
19806
20959
41018
9764
9765
19807
41019
9766
9767
19808
41020
9766
9771
19809
41021
9769
9772
19810
41022
9768
9769
19811
41023
9770
9807
19812
41024
9770
9773
19813
41025
9774
9809
19814
41026
9772
19815
20960
41027
9773
19816
20961
41028
9774
19817
20962
41029
9815
19818
20963
41030
9776
9777
19819
41031
9778
9779
19820
41032
9778
9783
19821
41033
9781
9784
19822
41034
9780
9781
19823
41035
9782
9791
19824
41036
9782
9787
19825
41037
9788
9793
19826
41038
9784
9785
19827
41039
9786
9787
19828
41040
9786
9807
19829
41041
9789
9808
19830
41042
9788
9789
19831
41043
9790
9799
19832
41044
9790
9811
19833
41045
9801
9812
19834
41046
9792
9793
19835
41047
9794
9795
19836
41048
9794
9799
19837
41049
9797
9800
19838
41050
9796
9797
19839
41051
9798
9831
19840
41052
9798
9803
19841
41053
9804
9833
19842
41054
9800
9801
19843
41055
9802
9803
19844
41056
9802
9819
19845
41057
9805
9820
19846
41058
9804
9805
19847
41059
9806
9839
19848
41060
9806
9823
19849
41061
9824
9841
19850
41062
9808
9809
19851
41063
9810
9811
19852
41064
9810
9815
19853
41065
9813
9816
19854
41066
9812
9813
19855
41067
9814
9819
19856
41068
9814
9817
19857
41069
9818
9821
19858
41070
9816
19859
20964
41071
9817
19860
20965
41072
9818
19861
20966
41073
9827
19862
20967
41074
9820
9821
19863
41075
9822
9823
19864
41076
9822
9827
19865
41077
9825
9828
19866
41078
9824
9825
19867
41079
9826
9863
19868
41080
9826
9829
19869
41081
9830
9865
19870
41082
9828
19871
20968
41083
9829
19872
20969
41084
9830
19873
20970
41085
9871
19874
20971
41086
9832
9833
19875
41087
9834
9835
19876
41088
9834
9839
19877
41089
9837
9840
19878
41090
9836
9837
19879
41091
9838
9847
19880
41092
9838
9843
19881
41093
9844
9849
19882
41094
9840
9841
19883
41095
9842
9843
19884
41096
9842
9863
19885
41097
9845
9864
19886
41098
9844
9845
19887
41099
9846
9855
19888
41100
9846
9867
19889
41101
9857
9868
19890
41102
9848
9849
19891
41103
9850
9851
19892
41104
9850
9855
19893
41105
9853
9856
19894
41106
9852
9853
19895
41107
9854
9887
19896
41108
9854
9859
19897
41109
9860
9889
19898
41110
9856
9857
19899
41111
9858
9859
19900
41112
9858
9875
19901
41113
9861
9876
19902
41114
9860
9861
19903
41115
9862
9895
19904
41116
9862
9879
19905
41117
9880
9897
19906
41118
9864
9865
19907
41119
9866
9867
19908
41120
9866
9871
19909
41121
9869
9872
19910
41122
9868
9869
19911
41123
9870
9875
19912
41124
9870
9873
19913
41125
9874
9877
19914
41126
9872
19915
20972
41127
9873
19916
20973
41128
9874
19917
20974
41129
9883
19918
20975
41130
9876
9877
19919
41131
9878
9879
19920
41132
9878
9883
19921
41133
9881
9884
19922
41134
9880
9881
19923
41135
9882
9919
19924
41136
9882
9885
19925
41137
9886
9921
19926
41138
9884
19927
20976
41139
9885
19928
20977
41140
9886
19929
20978
41141
9927
19930
20979
41142
9888
9889
19931
41143
9890
9891
19932
41144
9890
9895
19933
41145
9893
9896
19934
41146
9892
9893
19935
41147
9894
9903
19936
41148
9894
9899
19937
41149
9900
9905
19938
41150
9896
9897
19939
41151
9898
9899
19940
41152
9898
9919
19941
41153
9901
9920
19942
41154
9900
9901
19943
41155
9902
9911
19944
41156
9902
9923
19945
41157
9913
9924
19946
41158
9904
9905
19947
41159
9906
9907
19948
41160
9906
9911
19949
41161
9909
9912
19950
41162
9908
9909
19951
41163
9910
9943
19952
41164
9910
9915
19953
41165
9916
9945
19954
41166
9912
9913
19955
41167
9914
9915
19956
41168
9914
9931
19957
41169
9917
9932
19958
41170
9916
9917
19959
41171
9918
9951
19960
41172
9918
9935
19961
41173
9936
9953
19962
41174
9920
9921
19963
41175
9922
9923
19964
41176
9922
9927
19965
41177
9925
9928
19966
41178
9924
9925
19967
41179
9926
9931
19968
41180
9926
9929
19969
41181
9930
9933
19970
41182
9928
19971
20980
41183
9929
19972
20981
41184
9930
19973
20982
41185
9939
19974
20983
41186
9932
9933
19975
41187
9934
9935
19976
41188
9934
9939
19977
41189
9937
9940
19978
41190
9936
9937
19979
41191
9938
9975
19980
41192
9938
9941
19981
41193
9942
9977
19982
41194
9940
19983
20984
41195
9941
19984
20985
41196
9942
19985
20986
41197
9983
19986
20987
41198
9944
9945
19987
41199
9946
9947
19988
41200
9946
9951
19989
41201
9949
9952
19990
41202
9948
9949
19991
41203
9950
9959
19992
41204
9950
9955
19993
41205
9956
9961
19994
41206
9952
9953
19995
41207
9954
9955
19996
41208
9954
9975
19997
41209
9957
9976
19998
41210
9956
9957
19999
41211
9958
9967
20000
41212
9958
9979
20001
41213
9969
9980
20002
41214
9960
9961
20003
41215
9962
9963
20004
41216
9962
9967
20005
41217
9965
9968
20006
41218
9964
9965
20007
41219
9966
9999
20008
41220
9966
9971
20009
41221
9972
10001
20010
41222
9968
9969
20011
41223
9970
9971
20012
41224
9970
9987
20013
41225
9973
9988
20014
41226
9972
9973
20015
41227
9974
10007
20016
41228
9974
9991
20017
41229
9992
10009
20018
41230
9976
9977
20019
41231
9978
9979
20020
41232
9978
9983
20021
41233
9981
9984
20022
41234
9980
9981
20023
41235
9982
9987
20024
41236
9982
9985
20025
41237
9986
9989
20026
41238
9984
20027
20988
41239
9985
20028
20989
41240
9986
20029
20990
41241
9995
20030
20991
41242
9988
9989
20031
41243
9990
9991
20032
41244
9990
9995
20033
41245
9993
9996
20034
41246
9992
9993
20035
41247
9994
10027
20036
41248
9994
9997
20037
41249
9998
10029
20038
41250
9996
20039
20992
41251
9997
20040
20993
41252
9998
20041
20994
41253
10035
20042
20995
41254
10000
10001
20043
41255
10002
10003
20044
41256
10002
10007
20045
41257
10005
10008
20046
41258
10004
10005
20047
41259
10006
10015
20048
41260
10006
10011
20049
41261
10012
10017
20050
41262
10008
10009
20051
41263
10010
10011
20052
41264
10010
10027
20053
41265
10013
10028
20054
41266
10012
10013
20055
41267
10014
10021
20056
41268
10014
10031
20057
41269
10023
10032
20058
41270
10016
10017
20059
41271
10018
10019
20060
41272
10018
10021
20061
41273
10020
10022
20062
41274
10020
20063
20761
41275
10025
20064
20762
41276
10022
10023
20065
41277
10024
10025
20066
41278
10024
10039
20067
41279
10026
10040
20068
41280
10026
20069
20763
41281
10043
20070
20764
41282
10028
10029
20071
41283
10030
10031
20072
41284
10030
10035
20073
41285
10033
10036
20074
41286
10032
10033
20075
41287
10034
10039
20076
41288
10034
10037
20077
41289
10038
10041
20078
41290
10036
20079
20996
41291
10037
20080
20997
41292
10038
20081
20998
41293
10045
20082
20999
41294
10040
10041
20083
41295
10042
10043
20084
41296
10042
10045
20085
41297
10044
10046
20086
41298
10044
20087
20765
41299
10047
20088
20766
41300
10046
20089
21000
41301
10047
20090
21001
41302
20091
20767
21002
41303
10049
10051
20619
21192
26555
10050
10053
21193
26557
10054
10057
21194
26559
10052
10053
20620
26561
10055
10069
20621
26563
10054
10055
26565
10056
10061
26566
10056
10071
26568
10063
10072
26569
10058
10061
21195
26571
10059
10062
21196
26573
10060
10065
21197
26575
10066
10097
21198
26577
10062
10063
26579
10064
10065
26580
10064
10081
26582
10067
10082
26583
10066
10067
26585
10068
10101
26586
10068
10085
26588
10086
10103
26589
10070
10071
20622
26591
10073
10075
20623
26593
10072
10073
26595
10074
10081
26596
10074
10077
26598
10078
10083
26599
10076
10077
20624
26601
10079
10489
20625
26603
10078
10079
26605
10080
10089
26606
10080
10491
26608
10091
10492
26609
10082
10083
26611
10084
10085
26612
10084
10089
26614
10087
10090
26615
10086
10087
26617
10088
10121
26618
10088
10093
26620
10094
10123
26621
10090
10091
26623
10092
10093
26624
10092
10501
26626
10095
10502
26627
10094
10095
26629
10096
10129
26630
10096
10505
26632
10131
10506
26633
10098
10101
21199
26635
10099
10102
21200
26637
10100
10105
21201
26639
10106
10109
21202
26641
10102
10103
26643
10104
10105
26644
10104
10121
26646
10107
10122
26647
10106
10107
26649
10108
10113
26650
10108
10125
26652
10115
10126
26653
10110
10113
21203
26655
10111
10114
21204
26657
10112
10117
21205
26659
10118
10153
21206
26661
10114
10115
26663
10116
10117
26664
10116
10137
26666
10119
10138
26667
10118
10119
26669
10120
10157
26670
10120
10141
26672
10142
10159
26673
10122
10123
26675
10124
10125
26676
10124
10129
26678
10127
10130
26679
10126
10127
26681
10128
10137
26682
10128
10133
26684
10134
10139
26685
10130
10131
26687
10132
10133
26688
10132
10545
26690
10135
10546
26691
10134
10135
26693
10136
10145
26694
10136
10549
26696
10147
10550
26697
10138
10139
26699
10140
10141
26700
10140
10145
26702
10143
10146
26703
10142
10143
26705
10144
10177
26706
10144
10149
26708
10150
10179
26709
10146
10147
26711
10148
10149
26712
10148
10561
26714
10151
10562
26715
10150
10151
26717
10152
10185
26718
10152
10565
26720
10187
10566
26721
10154
10157
21207
26723
10155
10158
21208
26725
10156
10161
21209
26727
10162
10165
21210
26729
10158
10159
26731
10160
10161
26732
10160
10177
26734
10163
10178
26735
10162
10163
26737
10164
10169
26738
10164
10181
26740
10171
10182
26741
10166
10169
21211
26743
10167
10170
21212
26745
10168
10173
21213
26747
10174
10209
21214
26749
10170
10171
26751
10172
10173
26752
10172
10193
26754
10175
10194
26755
10174
10175
26757
10176
10213
26758
10176
10197
26760
10198
10215
26761
10178
10179
26763
10180
10181
26764
10180
10185
26766
10183
10186
26767
10182
10183
26769
10184
10193
26770
10184
10189
26772
10190
10195
26773
10186
10187
26775
10188
10189
26776
10188
10729
26778
10191
10730
26779
10190
10191
26781
10192
10201
26782
10192
10733
26784
10203
10734
26785
10194
10195
26787
10196
10197
26788
10196
10201
26790
10199
10202
26791
10198
10199
26793
10200
10233
26794
10200
10205
26796
10206
10235
26797
10202
10203
26799
10204
10205
26800
10204
10745
26802
10207
10746
26803
10206
10207
26805
10208
10241
26806
10208
10749
26808
10243
10750
26809
10210
10213
21215
26811
10211
10214
21216
26813
10212
10217
21217
26815
10218
10221
21218
26817
10214
10215
26819
10216
10217
26820
10216
10233
26822
10219
10234
26823
10218
10219
26825
10220
10225
26826
10220
10237
26828
10227
10238
26829
10222
10225
21219
26831
10223
10226
21220
26833
10224
10229
21221
26835
10230
10265
21222
26837
10226
10227
26839
10228
10229
26840
10228
10249
26842
10231
10250
26843
10230
10231
26845
10232
10269
26846
10232
10253
26848
10254
10271
26849
10234
10235
26851
10236
10237
26852
10236
10241
26854
10239
10242
26855
10238
10239
26857
10240
10249
26858
10240
10245
26860
10246
10251
26861
10242
10243
26863
10244
10245
26864
10244
10793
26866
10247
10794
26867
10246
10247
26869
10248
10257
26870
10248
10797
26872
10259
10798
26873
10250
10251
26875
10252
10253
26876
10252
10257
26878
10255
10258
26879
10254
10255
26881
10256
10289
26882
10256
10261
26884
10262
10291
26885
10258
10259
26887
10260
10261
26888
10260
10809
26890
10263
10810
26891
10262
10263
26893
10264
10297
26894
10264
10813
26896
10299
10814
26897
10266
10269
21223
26899
10267
10270
21224
26901
10268
10273
21225
26903
10274
10277
21226
26905
10270
10271
26907
10272
10273
26908
10272
10289
26910
10275
10290
26911
10274
10275
26913
10276
10281
26914
10276
10293
26916
10283
10294
26917
10278
10281
21227
26919
10279
10282
21228
26921
10280
10285
21229
26923
10286
10321
21230
26925
10282
10283
26927
10284
10285
26928
10284
10305
26930
10287
10306
26931
10286
10287
26933
10288
10325
26934
10288
10309
26936
10310
10327
26937
10290
10291
26939
10292
10293
26940
10292
10297
26942
10295
10298
26943
10294
10295
26945
10296
10305
26946
10296
10301
26948
10302
10307
26949
10298
10299
26951
10300
10301
26952
10300
11535
26954
10303
11536
26955
10302
10303
26957
10304
10313
26958
10304
11539
26960
10315
11540
26961
10306
10307
26963
10308
10309
26964
10308
10313
26966
10311
10314
26967
10310
10311
26969
10312
10345
26970
10312
10317
26972
10318
10347
26973
10314
10315
26975
10316
10317
26976
10316
11551
26978
10319
11552
26979
10318
10319
26981
10320
10353
26982
10320
11555
26984
10355
11556
26985
10322
10325
21231
26987
10323
10326
21232
26989
10324
10329
21233
26991
10330
10333
21234
26993
10326
10327
26995
10328
10329
26996
10328
10345
26998
10331
10346
26999
10330
10331
27001
10332
10337
27002
10332
10349
27004
10339
10350
27005
10334
10337
21235
27007
10335
10338
21236
27009
10336
10341
21237
27011
10342
10377
21238
27013
10338
10339
27015
10340
10341
27016
10340
10361
27018
10343
10362
27019
10342
10343
27021
10344
10381
27022
10344
10365
27024
10366
10383
27025
10346
10347
27027
10348
10349
27028
10348
10353
27030
10351
10354
27031
10350
10351
27033
10352
10361
27034
10352
10357
27036
10358
10363
27037
10354
10355
27039
10356
10357
27040
10356
11599
27042
10359
11600
27043
10358
10359
27045
10360
10369
27046
10360
11603
27048
10371
11604
27049
10362
10363
27051
10364
10365
27052
10364
10369
27054
10367
10370
27055
10366
10367
27057
10368
10401
27058
10368
10373
27060
10374
10403
27061
10370
10371
27063
10372
10373
27064
10372
11615
27066
10375
11616
27067
10374
10375
27069
10376
10409
27070
10376
11619
27072
10411
11620
27073
10378
10381
21239
27075
10379
10382
21240
27077
10380
10385
21241
27079
10386
10389
21242
27081
10382
10383
27083
10384
10385
27084
10384
10401
27086
10387
10402
27087
10386
10387
27089
10388
10393
27090
10388
10405
27092
10395
10406
27093
10390
10393
21243
27095
10391
10394
21244
27097
10392
10397
21245
27099
10398
10433
21246
27101
10394
10395
27103
10396
10397
27104
10396
10417
27106
10399
10418
27107
10398
10399
27109
10400
10437
27110
10400
10421
27112
10422
10439
27113
10402
10403
27115
10404
10405
27116
10404
10409
27118
10407
10410
27119
10406
10407
27121
10408
10417
27122
10408
10413
27124
10414
10419
27125
10410
10411
27127
10412
10413
27128
10412
11791
27130
10415
11792
27131
10414
10415
27133
10416
10425
27134
10416
11795
27136
10427
11796
27137
10418
10419
27139
10420
10421
27140
10420
10425
27142
10423
10426
27143
10422
10423
27145
10424
10457
27146
10424
10429
27148
10430
10459
27149
10426
10427
27151
10428
10429
27152
10428
11807
27154
10431
11808
27155
10430
10431
27157
10432
10465
27158
10432
11811
27160
10467
11812
27161
10434
10437
21247
27163
10435
10438
21248
27165
10436
10441
21249
27167
10442
10445
21250
27169
10438
10439
27171
10440
10441
27172
10440
10457
27174
10443
10458
27175
10442
10443
27177
10444
10449
27178
10444
10461
27180
10451
10462
27181
10446
10449
21251
27183
10447
10450
21252
27185
10448
10453
21253
27187
10454
12613
21254
27189
10450
10451
27191
10452
10453
27192
10452
10473
27194
10455
10474
27195
10454
10455
27197
10456
12617
27198
10456
10477
27200
10478
12619
27201
10458
10459
27203
10460
10461
27204
10460
10465
27206
10463
10466
27207
10462
10463
27209
10464
10473
27210
10464
10469
27212
10470
10475
27213
10466
10467
27215
10468
10469
27216
10468
11855
27218
10471
11856
27219
10470
10471
27221
10472
10481
27222
10472
11859
27224
10483
11860
27225
10474
10475
27227
10476
10477
27228
10476
10481
27230
10479
10482
27231
10478
10479
27233
10480
12637
27234
10480
10485
27236
10486
12639
27237
10482
10483
27239
10484
10485
27240
10484
11871
27242
10487
11872
27243
10486
10487
27245
10488
12645
27246
10488
11875
27248
11876
12647
27249
10490
10491
20626
27251
10493
10495
20627
27253
10492
10493
27255
10494
10501
27256
10494
10497
27258
10498
10503
27259
10496
10497
20628
27261
10499
10517
20629
27263
10498
10499
27265
10500
10509
27266
10500
10519
27268
10511
10520
27269
10502
10503
27271
10504
10505
27272
10504
10509
27274
10507
10510
27275
10506
10507
27277
10508
10545
27278
10508
10513
27280
10514
10547
27281
10510
10511
27283
10512
10513
27284
10512
10529
27286
10515
10530
27287
10514
10515
27289
10516
10553
27290
10516
10533
27292
10534
10555
27293
10518
10519
20630
27295
10521
10523
20631
27297
10520
10521
27299
10522
10529
27300
10522
10525
27302
10526
10531
27303
10524
10525
20632
27305
10527
10609
20633
27307
10526
10527
27309
10528
10537
27310
10528
10611
27312
10539
10612
27313
10530
10531
27315
10532
10533
27316
10532
10537
27318
10535
10538
27319
10534
10535
27321
10536
10577
27322
10536
10541
27324
10542
10579
27325
10538
10539
27327
10540
10541
27328
10540
10621
27330
10543
10622
27331
10542
10543
27333
10544
10585
27334
10544
10625
27336
10587
10626
27337
10546
10547
27339
10548
10549
27340
10548
10553
27342
10551
10554
27343
10550
10551
27345
10552
10561
27346
10552
10557
27348
10558
10563
27349
10554
10555
27351
10556
10557
27352
10556
10577
27354
10559
10578
27355
10558
10559
27357
10560
10569
27358
10560
10581
27360
10571
10582
27361
10562
10563
27363
10564
10565
27364
10564
10569
27366
10567
10570
27367
10566
10567
27369
10568
10729
27370
10568
10573
27372
10574
10731
27373
10570
10571
27375
10572
10573
27376
10572
10593
27378
10575
10594
27379
10574
10575
27381
10576
10737
27382
10576
10597
27384
10598
10739
27385
10578
10579
27387
10580
10581
27388
10580
10585
27390
10583
10586
27391
10582
10583
27393
10584
10593
27394
10584
10589
27396
10590
10595
27397
10586
10587
27399
10588
10589
27400
10588
10665
27402
10591
10666
27403
10590
10591
27405
10592
10601
27406
10592
10669
27408
10603
10670
27409
10594
10595
27411
10596
10597
27412
10596
10601
27414
10599
10602
27415
10598
10599
27417
10600
10761
27418
10600
10605
27420
10606
10763
27421
10602
10603
27423
10604
10605
27424
10604
10681
27426
10607
10682
27427
10606
10607
27429
10608
10769
27430
10608
10685
27432
10686
10771
27433
10610
10611
20634
27435
10613
10615
20635
27437
10612
10613
27439
10614
10621
27440
10614
10617
27442
10618
10623
27443
10616
10617
20636
27445
10619
10637
20637
27447
10618
10619
27449
10620
10629
27450
10620
10639
27452
10631
10640
27453
10622
10623
27455
10624
10625
27456
10624
10629
27458
10627
10630
27459
10626
10627
27461
10628
10665
27462
10628
10633
27464
10634
10667
27465
10630
10631
27467
10632
10633
27468
10632
10649
27470
10635
10650
27471
10634
10635
27473
10636
10673
27474
10636
10653
27476
10654
10675
27477
10638
10639
20638
27479
10641
10643
20639
27481
10640
10641
27483
10642
10649
27484
10642
10645
27486
10646
10651
27487
10644
10645
20640
27489
10647
10985
20641
27491
10646
10647
27493
10648
10657
27494
10648
10987
27496
10659
10988
27497
10650
10651
27499
10652
10653
27500
10652
10657
27502
10655
10658
27503
10654
10655
27505
10656
10697
27506
10656
10661
27508
10662
10699
27509
10658
10659
27511
10660
10661
27512
10660
10997
27514
10663
10998
27515
10662
10663
27517
10664
10705
27518
10664
11001
27520
10707
11002
27521
10666
10667
27523
10668
10669
27524
10668
10673
27526
10671
10674
27527
10670
10671
27529
10672
10681
27530
10672
10677
27532
10678
10683
27533
10674
10675
27535
10676
10677
27536
10676
10697
27538
10679
10698
27539
10678
10679
27541
10680
10689
27542
10680
10701
27544
10691
10702
27545
10682
10683
27547
10684
10685
27548
10684
10689
27550
10687
10690
27551
10686
10687
27553
10688
10857
27554
10688
10693
27556
10694
10859
27557
10690
10691
27559
10692
10693
27560
10692
10713
27562
10695
10714
27563
10694
10695
27565
10696
10865
27566
10696
10717
27568
10718
10867
27569
10698
10699
27571
10700
10701
27572
10700
10705
27574
10703
10706
27575
10702
10703
27577
10704
10713
27578
10704
10709
27580
10710
10715
27581
10706
10707
27583
10708
10709
27584
10708
11041
27586
10711
11042
27587
10710
10711
27589
10712
10721
27590
10712
11045
27592
10723
11046
27593
10714
10715
27595
10716
10717
27596
10716
10721
27598
10719
10722
27599
10718
10719
27601
10720
10889
27602
10720
10725
27604
10726
10891
27605
10722
10723
27607
10724
10725
27608
10724
11057
27610
10727
11058
27611
10726
10727
27613
10728
10897
27614
10728
11061
27616
10899
11062
27617
10730
10731
27619
10732
10733
27620
10732
10737
27622
10735
10738
27623
10734
10735
27625
10736
10745
27626
10736
10741
27628
10742
10747
27629
10738
10739
27631
10740
10741
27632
10740
10761
27634
10743
10762
27635
10742
10743
27637
10744
10753
27638
10744
10765
27640
10755
10766
27641
10746
10747
27643
10748
10749
27644
10748
10753
27646
10751
10754
27647
10750
10751
27649
10752
10793
27650
10752
10757
27652
10758
10795
27653
10754
10755
27655
10756
10757
27656
10756
10777
27658
10759
10778
27659
10758
10759
27661
10760
10801
27662
10760
10781
27664
10782
10803
27665
10762
10763
27667
10764
10765
27668
10764
10769
27670
10767
10770
27671
10766
10767
27673
10768
10777
27674
10768
10773
27676
10774
10779
27677
10770
10771
27679
10772
10773
27680
10772
10857
27682
10775
10858
27683
10774
10775
27685
10776
10785
27686
10776
10861
27688
10787
10862
27689
10778
10779
27691
10780
10781
27692
10780
10785
27694
10783
10786
27695
10782
10783
27697
10784
10825
27698
10784
10789
27700
10790
10827
27701
10786
10787
27703
10788
10789
27704
10788
10873
27706
10791
10874
27707
10790
10791
27709
10792
10833
27710
10792
10877
27712
10835
10878
27713
10794
10795
27715
10796
10797
27716
10796
10801
27718
10799
10802
27719
10798
10799
27721
10800
10809
27722
10800
10805
27724
10806
10811
27725
10802
10803
27727
10804
10805
27728
10804
10825
27730
10807
10826
27731
10806
10807
27733
10808
10817
27734
10808
10829
27736
10819
10830
27737
10810
10811
27739
10812
10813
27740
10812
10817
27742
10815
10818
27743
10814
10815
27745
10816
11535
27746
10816
10821
27748
10822
11537
27749
10818
10819
27751
10820
10821
27752
10820
10841
27754
10823
10842
27755
10822
10823
27757
10824
11543
27758
10824
10845
27760
10846
11545
27761
10826
10827
27763
10828
10829
27764
10828
10833
27766
10831
10834
27767
10830
10831
27769
10832
10841
27770
10832
10837
27772
10838
10843
27773
10834
10835
27775
10836
10837
27776
10836
10921
27778
10839
10922
27779
10838
10839
27781
10840
10849
27782
10840
10925
27784
10851
10926
27785
10842
10843
27787
10844
10845
27788
10844
10849
27790
10847
10850
27791
10846
10847
27793
10848
11567
27794
10848
10853
27796
10854
11569
27797
10850
10851
27799
10852
10853
27800
10852
10937
27802
10855
10938
27803
10854
10855
27805
10856
11575
27806
10856
10941
27808
10942
11577
27809
10858
10859
27811
10860
10861
27812
10860
10865
27814
10863
10866
27815
10862
10863
27817
10864
10873
27818
10864
10869
27820
10870
10875
27821
10866
10867
27823
10868
10869
27824
10868
10889
27826
10871
10890
27827
10870
10871
27829
10872
10881
27830
10872
10893
27832
10883
10894
27833
10874
10875
27835
10876
10877
27836
10876
10881
27838
10879
10882
27839
10878
10879
27841
10880
10921
27842
10880
10885
27844
10886
10923
27845
10882
10883
27847
10884
10885
27848
10884
10905
27850
10887
10906
27851
10886
10887
27853
10888
10929
27854
10888
10909
27856
10910
10931
27857
10890
10891
27859
10892
10893
27860
10892
10897
27862
10895
10898
27863
10894
10895
27865
10896
10905
27866
10896
10901
27868
10902
10907
27869
10898
10899
27871
10900
10901
27872
10900
11225
27874
10903
11226
27875
10902
10903
27877
10904
10913
27878
10904
11229
27880
10915
11230
27881
10906
10907
27883
10908
10909
27884
10908
10913
27886
10911
10914
27887
10910
10911
27889
10912
10953
27890
10912
10917
27892
10918
10955
27893
10914
10915
27895
10916
10917
27896
10916
11241
27898
10919
11242
27899
10918
10919
27901
10920
10961
27902
10920
11245
27904
10963
11246
27905
10922
10923
27907
10924
10925
27908
10924
10929
27910
10927
10930
27911
10926
10927
27913
10928
10937
27914
10928
10933
27916
10934
10939
27917
10930
10931
27919
10932
10933
27920
10932
10953
27922
10935
10954
27923
10934
10935
27925
10936
10945
27926
10936
10957
27928
10947
10958
27929
10938
10939
27931
10940
10941
27932
10940
10945
27934
10943
10946
27935
10942
10943
27937
10944
11663
27938
10944
10949
27940
10950
11665
27941
10946
10947
27943
10948
10949
27944
10948
10969
27946
10951
10970
27947
10950
10951
27949
10952
11671
27950
10952
10973
27952
10974
11673
27953
10954
10955
27955
10956
10957
27956
10956
10961
27958
10959
10962
27959
10958
10959
27961
10960
10969
27962
10960
10965
27964
10966
10971
27965
10962
10963
27967
10964
10965
27968
10964
11289
27970
10967
11290
27971
10966
10967
27973
10968
10977
27974
10968
11293
27976
10979
11294
27977
10970
10971
27979
10972
10973
27980
10972
10977
27982
10975
10978
27983
10974
10975
27985
10976
11695
27986
10976
10981
27988
10982
11697
27989
10978
10979
27991
10980
10981
27992
10980
11305
27994
10983
11306
27995
10982
10983
27997
10984
11703
27998
10984
11309
28000
11310
11705
28001
10986
10987
20642
28003
10989
10991
20643
28005
10988
10989
28007
10990
10997
28008
10990
10993
28010
10994
10999
28011
10992
10993
20644
28013
10995
11013
20645
28015
10994
10995
28017
10996
11005
28018
10996
11015
28020
11007
11016
28021
10998
10999
28023
11000
11001
28024
11000
11005
28026
11003
11006
28027
11002
11003
28029
11004
11041
28030
11004
11009
28032
11010
11043
28033
11006
11007
28035
11008
11009
28036
11008
11025
28038
11011
11026
28039
11010
11011
28041
11012
11049
28042
11012
11029
28044
11030
11051
28045
11014
11015
20646
28047
11017
11019
20647
28049
11016
11017
28051
11018
11025
28052
11018
11021
28054
11022
11027
28055
11020
11021
20648
28057
11023
11105
20649
28059
11022
11023
28061
11024
11033
28062
11024
11107
28064
11035
11108
28065
11026
11027
28067
11028
11029
28068
11028
11033
28070
11031
11034
28071
11030
11031
28073
11032
11073
28074
11032
11037
28076
11038
11075
28077
11034
11035
28079
11036
11037
28080
11036
11117
28082
11039
11118
28083
11038
11039
28085
11040
11081
28086
11040
11121
28088
11083
11122
28089
11042
11043
28091
11044
11045
28092
11044
11049
28094
11047
11050
28095
11046
11047
28097
11048
11057
28098
11048
11053
28100
11054
11059
28101
11050
11051
28103
11052
11053
28104
11052
11073
28106
11055
11074
28107
11054
11055
28109
11056
11065
28110
11056
11077
28112
11067
11078
28113
11058
11059
28115
11060
11061
28116
11060
11065
28118
11063
11066
28119
11062
11063
28121
11064
11225
28122
11064
11069
28124
11070
11227
28125
11066
11067
28127
11068
11069
28128
11068
11089
28130
11071
11090
28131
11070
11071
28133
11072
11233
28134
11072
11093
28136
11094
11235
28137
11074
11075
28139
11076
11077
28140
11076
11081
28142
11079
11082
28143
11078
11079
28145
11080
11089
28146
11080
11085
28148
11086
11091
28149
11082
11083
28151
11084
11085
28152
11084
11161
28154
11087
11162
28155
11086
11087
28157
11088
11097
28158
11088
11165
28160
11099
11166
28161
11090
11091
28163
11092
11093
28164
11092
11097
28166
11095
11098
28167
11094
11095
28169
11096
11257
28170
11096
11101
28172
11102
11259
28173
11098
11099
28175
11100
11101
28176
11100
11177
28178
11103
11178
28179
11102
11103
28181
11104
11265
28182
11104
11181
28184
11182
11267
28185
11106
11107
20650
28187
11109
11111
20651
28189
11108
11109
28191
11110
11117
28192
11110
11113
28194
11114
11119
28195
11112
11113
20652
28197
11115
11133
20653
28199
11114
11115
28201
11116
11125
28202
11116
11135
28204
11127
11136
28205
11118
11119
28207
11120
11121
28208
11120
11125
28210
11123
11126
28211
11122
11123
28213
11124
11161
28214
11124
11129
28216
11130
11163
28217
11126
11127
28219
11128
11129
28220
11128
11145
28222
11131
11146
28223
11130
11131
28225
11132
11169
28226
11132
11149
28228
11150
11171
28229
11134
11135
20654
28231
11137
11139
20655
28233
11136
11137
28235
11138
11145
28236
11138
11141
28238
11142
11147
28239
11140
11141
20656
28241
11143
15070
20657
28243
11142
11143
28245
11144
11153
28246
11144
15072
28248
11155
15073
28249
11146
11147
28251
11148
11149
28252
11148
11153
28254
11151
11154
28255
11150
11151
28257
11152
11193
28259
11152
11157
28261
11158
11195
28262
11154
11155
28264
11156
11157
28265
11156
15082
28267
11159
15083
28268
11158
11159
28270
11160
11201
28271
11160
15086
28273
11203
15087
28275
11162
11163
28277
11164
11165
28278
11164
11169
28280
11167
11170
28281
11166
11167
28283
11168
11177
28284
11168
11173
28286
11174
11179
28287
11170
11171
28289
11172
11173
28290
11172
11193
28292
11175
11194
28293
11174
11175
28295
11176
11185
28296
11176
11197
28298
11187
11198
28299
11178
11179
28301
11180
11181
28302
11180
11185
28304
11183
11186
28305
11182
11183
28307
11184
11353
28308
11184
11189
28310
11190
11355
28311
11186
11187
28313
11188
11189
28314
11188
11209
28316
11191
11210
28317
11190
11191
28319
11192
11361
28320
11192
11213
28322
11214
11363
28323
11194
11195
28325
11196
11197
28326
11196
11201
28328
11199
11202
28329
11198
11199
28331
11200
11209
28332
11200
11205
28334
11206
11211
28335
11202
11203
28337
11204
11205
28339
11204
15126
28341
11207
15127
28342
11206
11207
28344
11208
11217
28345
11208
15130
28347
11219
15131
28348
11210
11211
28350
11212
11213
28351
11212
11217
28353
11215
11218
28355
11214
11215
28357
11216
11385
28358
11216
11221
28360
11222
11387
28361
11218
11219
28363
11220
11221
28364
11220
15142
28366
11223
15143
28367
11222
11223
28369
11224
11393
28370
11224
15146
28372
11395
15147
28373
11226
11227
28375
11228
11229
28376
11228
11233
28378
11231
11234
28379
11230
11231
28381
11232
11241
28382
11232
11237
28384
11238
11243
28385
11234
11235
28387
11236
11237
28388
11236
11257
28390
11239
11258
28391
11238
11239
28393
11240
11249
28394
11240
11261
28396
11251
11262
28397
11242
11243
28399
11244
11245
28400
11244
11249
28402
11247
11250
28403
11246
11247
28405
11248
11289
28406
11248
11253
28408
11254
11291
28409
11250
11251
28411
11252
11253
28412
11252
11273
28414
11255
11274
28415
11254
11255
28417
11256
11297
28418
11256
11277
28420
11278
11299
28421
11258
11259
28423
11260
11261
28424
11260
11265
28426
11263
11266
28427
11262
11263
28429
11264
11273
28430
11264
11269
28432
11270
11275
28433
11266
11267
28435
11268
11269
28436
11268
11353
28438
11271
11354
28439
11270
11271
28441
11272
11281
28442
11272
11357
28444
11283
11358
28445
11274
11275
28447
11276
11277
28448
11276
11281
28450
11279
11282
28451
11278
11279
28453
11280
11321
28454
11280
11285
28456
11286
11323
28457
11282
11283
28459
11284
11285
28460
11284
11369
28462
11287
11370
28463
11286
11287
28465
11288
11329
28466
11288
11373
28468
11331
11374
28469
11290
11291
28471
11292
11293
28472
11292
11297
28474
11295
11298
28475
11294
11295
28477
11296
11305
28478
11296
11301
28480
11302
11307
28481
11298
11299
28483
11300
11301
28484
11300
11321
28486
11303
11322
28487
11302
11303
28489
11304
11313
28490
11304
11325
28492
11315
11326
28493
11306
11307
28495
11308
11309
28496
11308
11313
28498
11311
11314
28499
11310
11311
28501
11312
12047
28502
11312
11317
28504
11318
12049
28505
11314
11315
28507
11316
11317
28508
11316
11337
28510
11319
11338
28511
11318
11319
28513
11320
12055
28514
11320
11341
28516
11342
12057
28517
11322
11323
28519
11324
11325
28520
11324
11329
28522
11327
11330
28523
11326
11327
28525
11328
11337
28526
11328
11333
28528
11334
11339
28529
11330
11331
28531
11332
11333
28532
11332
11417
28534
11335
11418
28535
11334
11335
28537
11336
11345
28538
11336
11421
28540
11347
11422
28541
11338
11339
28543
11340
11341
28544
11340
11345
28546
11343
11346
28547
11342
11343
28549
11344
12079
28550
11344
11349
28552
11350
12081
28553
11346
11347
28555
11348
11349
28556
11348
11433
28558
11351
11434
28559
11350
11351
28561
11352
12087
28562
11352
11437
28564
11438
12089
28565
11354
11355
28567
11356
11357
28568
11356
11361
28570
11359
11362
28571
11358
11359
28573
11360
11369
28574
11360
11365
28576
11366
11371
28577
11362
11363
28579
11364
11365
28580
11364
11385
28582
11367
11386
28583
11366
11367
28585
11368
11377
28586
11368
11389
28588
11379
11390
28589
11370
11371
28591
11372
11373
28592
11372
11377
28594
11375
11378
28595
11374
11375
28597
11376
11417
28598
11376
11381
28600
11382
11419
28601
11378
11379
28603
11380
11381
28604
11380
11401
28606
11383
11402
28607
11382
11383
28609
11384
11425
28611
11384
11405
28613
11406
11427
28614
11386
11387
28616
11388
11389
28617
11388
11393
28619
11391
11394
28620
11390
11391
28622
11392
11401
28623
11392
11397
28625
11398
11403
28627
11394
11395
28629
11396
11397
28630
11396
15310
28632
11399
15311
28633
11398
11399
28635
11400
11409
28636
11400
15314
28638
11411
15315
28639
11402
11403
28641
11404
11405
28642
11404
11409
28644
11407
11410
28645
11406
11407
28647
11408
11449
28648
11408
11413
28650
11414
11451
28651
11410
11411
28653
11412
11413
28654
11412
15326
28656
11415
15327
28657
11414
11415
28659
11416
11457
28660
11416
15330
28662
11459
15331
28663
11418
11419
28665
11420
11421
28666
11420
11425
28668
11423
11426
28669
11422
11423
28671
11424
11433
28672
11424
11429
28674
11430
11435
28675
11426
11427
28677
11428
11429
28678
11428
11449
28680
11431
11450
28681
11430
11431
28683
11432
11441
28684
11432
11453
28686
11443
11454
28687
11434
11435
28689
11436
11437
28691
11436
11441
28693
11439
11442
28694
11438
11439
28696
11440
12175
28697
11440
11445
28699
11446
12177
28700
11442
11443
28702
11444
11445
28703
11444
11465
28705
11447
11466
28707
11446
11447
28709
11448
12183
28710
11448
11473
28712
11474
12185
28713
11450
11451
28715
11452
11453
28716
11452
11457
28718
11455
11458
28719
11454
11455
28721
11456
11465
28722
11456
11461
28724
11462
11467
28725
11458
11459
28727
11460
11461
28728
11460
15374
28730
11463
15375
28731
11462
11463
28733
11464
11503
28734
11464
15378
28736
11512
15379
28737
11466
11467
28739
11468
11473
28740
11468
11503
28742
11469
11470
11471
11472
11475
11477
11479
11481
11504
11505
11508
11509
11470
11471
28743
28745
28746
11472
11497
28748
28749
11472
11523
28751
28752
11499
11524
28754
11474
11475
11476
11479
11480
11489
11490
11491
11492
11483
11484
11486
11487
11493
11494
11495
11496
12207
11476
11477
11479
11478
11480
11483
11478
11481
11533
11482
11485
20442
11480
11481
11497
11482
11486
11498
11482
11499
11534
11488
11500
20443
11484
11485
11486
11487
12209
20444
11488
20445
20446
11487
11488
11501
11502
12212
20447
20176
20448
20449
11490
11491
28759
28761
28762
11492
11493
28764
28765
11492
11497
28767
28768
11495
11498
28770
11494
11495
28771
28773
11496
12223
28774
28776
11496
11501
28777
11502
12225
28779
11498
11499
28780
11500
11501
28782
11500
20190
28783
20177
20450
28785
11502
20178
28787
12231
20451
28789
11504
11506
11508
11510
11512
11519
11520
11521
11522
11505
11506
11508
11507
11509
11533
11507
11510
11513
11511
11514
20454
11509
11510
11523
11511
11524
11534
11511
11516
11525
11517
11526
20455
11513
11515
11516
11518
11527
11528
11529
11530
15390
11514
11515
11516
11517
20456
20457
11518
15391
20458
11517
11518
11531
20183
20459
20460
11532
15394
20461
11520
11521
28798
28799
28801
11522
11523
28802
28804
11522
11527
28805
28807
11525
11528
28808
11524
11525
28810
11526
20191
28811
11526
11531
28813
20184
20462
28815
11528
11529
28816
28818
11530
11531
28819
11530
15406
28821
28822
11532
15407
28824
11532
20185
28825
15410
20465
28831
11534
20466
20467
20192
20468
20469
11536
11537
28838
11538
11539
28839
11538
11543
28841
11541
11544
28842
11540
11541
28844
11542
11551
28845
11542
11547
28847
11548
11553
28848
11544
11545
28850
11546
11547
28851
11546
11567
28853
11549
11568
28854
11548
11549
28856
11550
11559
28857
11550
11571
28859
11561
11572
28860
11552
11553
28862
11554
11555
28863
11554
11559
28865
11557
11560
28866
11556
11557
28868
11558
11599
28869
11558
11563
28871
11564
11601
28872
11560
11561
28874
11562
11563
28875
11562
11583
28877
11565
11584
28878
11564
11565
28880
11566
11607
28881
11566
11587
28883
11588
11609
28884
11568
11569
28886
11570
11571
28887
11570
11575
28889
11573
11576
28890
11572
11573
28892
11574
11583
28893
11574
11579
28895
11580
11585
28896
11576
11577
28898
11578
11579
28899
11578
11663
28901
11581
11664
28902
11580
11581
28904
11582
11591
28905
11582
11667
28907
11593
11668
28908
11584
11585
28910
11586
11587
28911
11586
11591
28913
11589
11592
28914
11588
11589
28916
11590
11631
28917
11590
11595
28919
11596
11633
28920
11592
11593
28922
11594
11595
28923
11594
11679
28925
11597
11680
28926
11596
11597
28928
11598
11639
28929
11598
11683
28931
11641
11684
28932
11600
11601
28934
11602
11603
28935
11602
11607
28937
11605
11608
28938
11604
11605
28940
11606
11615
28941
11606
11611
28943
11612
11617
28944
11608
11609
28946
11610
11611
28947
11610
11631
28949
11613
11632
28950
11612
11613
28952
11614
11623
28953
11614
11635
28955
11625
11636
28956
11616
11617
28958
11618
11619
28959
11618
11623
28961
11621
11624
28962
11620
11621
28964
11622
11791
28965
11622
11627
28967
11628
11793
28968
11624
11625
28970
11626
11627
28971
11626
11647
28973
11629
11648
28974
11628
11629
28976
11630
11799
28977
11630
11651
28979
11652
11801
28980
11632
11633
28982
11634
11635
28983
11634
11639
28985
11637
11640
28986
11636
11637
28988
11638
11647
28989
11638
11643
28991
11644
11649
28992
11640
11641
28994
11642
11643
28995
11642
11727
28997
11645
11728
28998
11644
11645
29000
11646
11655
29001
11646
11731
29003
11657
11732
29004
11648
11649
29006
11650
11651
29007
11650
11655
29009
11653
11656
29010
11652
11653
29012
11654
11823
29013
11654
11659
29015
11660
11825
29016
11656
11657
29018
11658
11659
29019
11658
11743
29021
11661
11744
29022
11660
11661
29024
11662
11831
29025
11662
11747
29027
11748
11833
29028
11664
11665
29030
11666
11667
29031
11666
11671
29033
11669
11672
29034
11668
11669
29036
11670
11679
29037
11670
11675
29039
11676
11681
29040
11672
11673
29042
11674
11675
29043
11674
11695
29045
11677
11696
29046
11676
11677
29048
11678
11687
29049
11678
11699
29051
11689
11700
29052
11680
11681
29054
11682
11683
29055
11682
11687
29057
11685
11688
29058
11684
11685
29060
11686
11727
29061
11686
11691
29063
11692
11729
29064
11688
11689
29066
11690
11691
29067
11690
11711
29069
11693
11712
29070
11692
11693
29072
11694
11735
29073
11694
11715
29075
11716
11737
29076
11696
11697
29078
11698
11699
29079
11698
11703
29081
11701
11704
29082
11700
11701
29084
11702
11711
29085
11702
11707
29087
11708
11713
29088
11704
11705
29090
11706
11707
29091
11706
12047
29093
11709
12048
29094
11708
11709
29096
11710
11719
29097
11710
12051
29099
11721
12052
29100
11712
11713
29102
11714
11715
29103
11714
11719
29105
11717
11720
29106
11716
11717
29108
11718
11759
29109
11718
11723
29111
11724
11761
29112
11720
11721
29114
11722
11723
29115
11722
12063
29117
11725
12064
29118
11724
11725
29120
11726
11767
29121
11726
12067
29123
11769
12068
29124
11728
11729
29126
11730
11731
29127
11730
11735
29129
11733
11736
29130
11732
11733
29132
11734
11743
29133
11734
11739
29135
11740
11745
29136
11736
11737
29138
11738
11739
29139
11738
11759
29141
11741
11760
29142
11740
11741
29144
11742
11751
29145
11742
11763
29147
11753
11764
29148
11744
11745
29150
11746
11747
29151
11746
11751
29153
11749
11752
29154
11748
11749
29156
11750
11919
29157
11750
11755
29159
11756
11921
29160
11752
11753
29162
11754
11755
29163
11754
11775
29165
11757
11776
29166
11756
11757
29168
11758
11927
29169
11758
11779
29171
11780
11929
29172
11760
11761
29174
11762
11763
29175
11762
11767
29177
11765
11768
29178
11764
11765
29180
11766
11775
29181
11766
11771
29183
11772
11777
29184
11768
11769
29186
11770
11771
29187
11770
12111
29189
11773
12112
29190
11772
11773
29192
11774
11783
29193
11774
12115
29195
11785
12116
29196
11776
11777
29198
11778
11779
29199
11778
11783
29201
11781
11784
29202
11780
11781
29204
11782
11951
29205
11782
11787
29207
11788
11953
29208
11784
11785
29210
11786
11787
29211
11786
12127
29213
11789
12128
29214
11788
11789
29216
11790
11959
29217
11790
12131
29219
11961
12132
29220
11792
11793
29222
11794
11795
29223
11794
11799
29225
11797
11800
29226
11796
11797
29228
11798
11807
29229
11798
11803
29231
11804
11809
29232
11800
11801
29234
11802
11803
29235
11802
11823
29237
11805
11824
29238
11804
11805
29240
11806
11815
29241
11806
11827
29243
11817
11828
29244
11808
11809
29246
11810
11811
29247
11810
11815
29249
11813
11816
29250
11812
11813
29252
11814
11855
29253
11814
11819
29255
11820
11857
29256
11816
11817
29258
11818
11819
29259
11818
11839
29261
11821
11840
29262
11820
11821
29264
11822
11863
29265
11822
11843
29267
11844
11865
29268
11824
11825
29270
11826
11827
29271
11826
11831
29273
11829
11832
29274
11828
11829
29276
11830
11839
29277
11830
11835
29279
11836
11841
29280
11832
11833
29282
11834
11835
29283
11834
11919
29285
11837
11920
29286
11836
11837
29288
11838
11847
29289
11838
11923
29291
11849
11924
29292
11840
11841
29294
11842
11843
29295
11842
11847
29297
11845
11848
29298
11844
11845
29300
11846
11887
29301
11846
11851
29303
11852
11889
29304
11848
11849
29306
11850
11851
29307
11850
11935
29309
11853
11936
29310
11852
11853
29312
11854
11895
29313
11854
11939
29315
11897
11940
29316
11856
11857
29318
11858
11859
29319
11858
11863
29321
11861
11864
29322
11860
11861
29324
11862
11871
29325
11862
11867
29327
11868
11873
29328
11864
11865
29330
11866
11867
29331
11866
11887
29333
11869
11888
29334
11868
11869
29336
11870
11879
29337
11870
11891
29339
11881
11892
29340
11872
11873
29342
11874
11875
29343
11874
11879
29345
11877
11880
29346
11876
11877
29348
11878
13054
29349
11878
11883
29351
11884
13056
29352
11880
11881
29354
11882
11883
29355
11882
11903
29357
11885
11904
29358
11884
11885
29360
11886
13062
29361
11886
11907
29363
11908
13064
29364
11888
11889
29366
11890
11891
29367
11890
11895
29369
11893
11896
29370
11892
11893
29372
11894
11903
29373
11894
11899
29375
11900
11905
29376
11896
11897
29378
11898
11899
29379
11898
11983
29381
11901
11984
29382
11900
11901
29384
11902
11911
29385
11902
11987
29387
11913
11988
29388
11904
11905
29390
11906
11907
29391
11906
11911
29393
11909
11912
29394
11908
11909
29396
11910
13086
29397
11910
11915
29399
11916
13088
29400
11912
11913
29402
11914
11915
29403
11914
11999
29405
11917
12000
29406
11916
11917
29408
11918
13094
29409
11918
12003
29411
12004
13096
29412
11920
11921
29414
11922
11923
29415
11922
11927
29417
11925
11928
29418
11924
11925
29420
11926
11935
29421
11926
11931
29423
11932
11937
29424
11928
11929
29426
11930
11931
29427
11930
11951
29429
11933
11952
29430
11932
11933
29432
11934
11943
29433
11934
11955
29435
11945
11956
29436
11936
11937
29438
11938
11939
29439
11938
11943
29441
11941
11944
29442
11940
11941
29444
11942
11983
29445
11942
11947
29447
11948
11985
29448
11944
11945
29450
11946
11947
29451
11946
11967
29453
11949
11968
29454
11948
11949
29456
11950
11991
29457
11950
11971
29459
11972
11993
29460
11952
11953
29462
11954
11955
29463
11954
11959
29465
11957
11960
29466
11956
11957
29468
11958
11967
29469
11958
11963
29471
11964
11969
29472
11960
11961
29474
11962
11963
29475
11962
12357
29477
11965
12358
29478
11964
11965
29480
11966
11975
29481
11966
12361
29483
11977
12362
29484
11968
11969
29486
11970
11971
29487
11970
11975
29489
11973
11976
29490
11972
11973
29492
11974
12015
29493
11974
11979
29495
11980
12017
29496
11976
11977
29498
11978
11979
29499
11978
12373
29501
11981
12374
29502
11980
11981
29504
11982
12023
29505
11982
12377
29507
12025
12378
29508
11984
11985
29510
11986
11987
29511
11986
11991
29513
11989
11992
29514
11988
11989
29516
11990
11999
29517
11990
11995
29519
11996
12001
29520
11992
11993
29522
11994
11995
29523
11994
12015
29525
11997
12016
29526
11996
11997
29528
11998
12007
29529
11998
12019
29531
12009
12020
29532
12000
12001
29534
12002
12003
29535
12002
12007
29537
12005
12008
29538
12004
12005
29540
12006
13182
29541
12006
12011
29543
12012
13184
29544
12008
12009
29546
12010
12011
29547
12010
12031
29549
12013
12032
29550
12012
12013
29552
12014
13190
29553
12014
12035
29555
12036
13192
29556
12016
12017
29558
12018
12019
29559
12018
12023
29561
12021
12024
29562
12020
12021
29564
12022
12031
29565
12022
12027
29567
12028
12033
29568
12024
12025
29570
12026
12027
29571
12026
12421
29573
12029
12422
29574
12028
12029
29576
12030
12039
29577
12030
12425
29579
12041
12426
29580
12032
12033
29582
12034
12035
29583
12034
12039
29585
12037
12040
29586
12036
12037
29588
12038
13214
29589
12038
12043
29591
12044
13216
29592
12040
12041
29594
12042
12043
29595
12042
12437
29597
12045
12438
29598
12044
12045
29600
12046
13222
29601
12046
12441
29603
12442
13224
29604
12048
12049
29606
12050
12051
29607
12050
12055
29609
12053
12056
29610
12052
12053
29612
12054
12063
29613
12054
12059
29615
12060
12065
29616
12056
12057
29618
12058
12059
29619
12058
12079
29621
12061
12080
29622
12060
12061
29624
12062
12071
29625
12062
12083
29627
12073
12084
29628
12064
12065
29630
12066
12067
29631
12066
12071
29633
12069
12072
29634
12068
12069
29636
12070
12111
29637
12070
12075
29639
12076
12113
29640
12072
12073
29642
12074
12075
29643
12074
12095
29645
12077
12096
29646
12076
12077
29648
12078
12119
29649
12078
12099
29651
12100
12121
29652
12080
12081
29654
12082
12083
29655
12082
12087
29657
12085
12088
29658
12084
12085
29660
12086
12095
29661
12086
12091
29663
12092
12097
29664
12088
12089
29666
12090
12091
29667
12090
12175
29669
12093
12176
29670
12092
12093
29672
12094
12103
29673
12094
12179
29675
12105
12180
29676
12096
12097
29678
12098
12099
29679
12098
12103
29681
12101
12104
29682
12100
12101
29684
12102
12143
29685
12102
12107
29687
12108
12145
29688
12104
12105
29690
12106
12107
29691
12106
12191
29693
12109
12192
29694
12108
12109
29696
12110
12151
29697
12110
12195
29699
12153
12196
29700
12112
12113
29702
12114
12115
29704
12114
12119
29706
12117
12120
29707
12116
12117
29709
12118
12127
29710
12118
12123
29712
12124
12129
29713
12120
12121
29715
12122
12123
29716
12122
12143
29718
12125
12144
29720
12124
12125
29722
12126
12135
29723
12126
12147
29725
12137
12148
29726
12128
12129
29728
12130
12131
29729
12130
12135
29731
12133
12136
29732
12132
12133
29734
12134
12357
29735
12134
12139
29737
12140
12359
29738
12136
12137
29740
12138
12139
29741
12138
12159
29743
12141
12160
29744
12140
12141
29746
12142
12365
29747
12142
12163
29749
12164
12367
29750
12144
12145
29752
12146
12147
29753
12146
12151
29755
12149
12152
29756
12148
12149
29758
12150
12159
29759
12150
12155
29761
12156
12161
29762
12152
12153
29764
12154
12155
29765
12154
12293
29767
12157
12294
29768
12156
12157
29770
12158
12167
29771
12158
12297
29773
12169
12298
29774
12160
12161
29776
12162
12163
29777
12162
12167
29779
12165
12168
29780
12164
12165
29782
12166
12389
29784
12166
12171
29786
12172
12391
29787
12168
12169
29789
12170
12171
29790
12170
12309
29792
12173
12310
29793
12172
12173
29795
12174
12397
29796
12174
12313
29798
12314
12399
29800
12176
12177
29802
12178
12179
29803
12178
12183
29805
12181
12184
29806
12180
12181
29808
12182
12191
29809
12182
12187
29811
12188
12193
29812
12184
12185
29814
12186
12187
29815
12186
12207
29817
12189
12208
29818
12188
12189
29820
12190
12199
29821
12190
12237
29823
12201
12238
29824
12192
12193
29826
12194
12195
29827
12194
12199
29829
12197
12200
29830
12196
12197
29832
12198
12293
29833
12198
12203
29835
12204
12295
29836
12200
12201
29838
12202
12203
29839
12202
12277
29841
12205
12278
29842
12204
12205
29844
12206
12301
29845
12206
12281
29847
12282
12303
29848
12208
12209
12210
12212
12213
12223
12224
12225
12226
12215
12216
12219
12220
12227
12228
12229
12230
12237
12210
12212
20472
12211
12213
12215
12214
12217
20473
20474
12213
12231
20475
12214
12219
12232
12221
20197
20476
20477
12216
12217
12219
12218
12220
12239
12218
12221
20478
12222
12239
12245
12220
12221
12233
12222
12234
12239
12222
12235
20479
12236
12239
12246
12224
12225
29854
29855
12226
12227
29857
29858
12226
12231
29860
12229
12232
29861
12228
12229
29863
29864
12230
29866
29867
29869
12230
12233
29870
12234
29872
29873
12232
20480
29875
12233
20198
29877
12234
12235
29882
12236
12241
29883
12236
20199
20483
29885
12243
20204
29887
12238
12239
29888
12240
12277
29890
12240
12241
12242
12243
12244
12247
12248
12251
12252
12255
12279
29891
12242
12243
29893
29894
12244
29896
29897
29899
12244
12263
29900
12264
29902
29903
12246
12247
20484
20485
12251
20205
20486
20487
12248
12249
12251
12250
12252
12255
12250
12253
12256
20490
12254
12255
12257
12252
12253
12263
12254
12255
12264
12254
12259
12265
20491
12255
12260
12266
12262
12267
12268
12269
12270
12285
12257
12259
20492
20493
12258
12260
12262
12261
12262
16118
20494
12260
20211
20495
20496
12261
12262
12271
12262
12272
16121
20497
12273
12274
12275
12276
12287
16124
12264
12265
20206
29914
12266
12267
29916
12266
20212
20498
29918
12269
12271
29919
12268
12269
29921
29922
12270
29924
29925
29927
12270
12273
29928
12274
29930
29931
12272
12273
20213
29936
12275
16134
20501
29938
12274
12275
29940
12276
29941
29943
12276
16136
29944
16137
29946
29947
12278
12279
29949
12280
12281
29950
12280
12285
29952
12283
12286
29953
12282
12283
29955
12284
12325
29956
12284
12289
29958
12290
12327
29959
12286
12287
29961
12288
12289
29962
12288
16186
29964
12291
16187
29965
12290
12291
29967
12292
12333
29968
12292
16190
29970
12335
16191
29971
12294
12295
29973
12296
12297
29974
12296
12301
29976
12299
12302
29977
12298
12299
29979
12300
12309
29980
12300
12305
29982
12306
12311
29983
12302
12303
29985
12304
12305
29986
12304
12325
29988
12307
12326
29989
12306
12307
29991
12308
12317
29992
12308
12329
29994
12319
12330
29995
12310
12311
29997
12312
12313
29998
12312
12317
30000
12315
12318
30001
12314
12315
30003
12316
12485
30004
12316
12321
30006
12322
12487
30007
12318
12319
30009
12320
12321
30010
12320
12341
30012
12323
12342
30013
12322
12323
30015
12324
12493
30016
12324
12345
30018
12346
12495
30019
12326
12327
30021
12328
12329
30022
12328
12333
30024
12331
12334
30025
12330
12331
30027
12332
12341
30029
12332
12337
30031
12338
12343
30032
12334
12335
30034
12336
12337
30035
12336
16234
30037
12339
16235
30038
12338
12339
30040
12340
12349
30041
12340
16238
30043
12351
16239
30045
12342
12343
30047
12344
12345
30048
12344
12349
30050
12347
12350
30051
12346
12347
30053
12348
12517
30054
12348
12353
30056
12354
12519
30057
12350
12351
30059
12352
12353
30060
12352
16250
30062
12355
16251
30063
12354
12355
30065
12356
12525
30066
12356
16254
30068
12527
16255
30069
12358
12359
30071
12360
12361
30072
12360
12365
30074
12363
12366
30075
12362
12363
30077
12364
12373
30078
12364
12369
30080
12370
12375
30081
12366
12367
30083
12368
12369
30084
12368
12389
30086
12371
12390
30087
12370
12371
30089
12372
12381
30090
12372
12393
30092
12383
12394
30093
12374
12375
30095
12376
12377
30096
12376
12381
30098
12379
12382
30099
12378
12379
30101
12380
12421
30102
12380
12385
30104
12386
12423
30105
12382
12383
30107
12384
12385
30109
12384
12405
30111
12387
12406
30112
12386
12387
30114
12388
12429
30115
12388
12409
30117
12410
12431
30118
12390
12391
30120
12392
12393
30121
12392
12397
30123
12395
12398
30125
12394
12395
30127
12396
12405
30128
12396
12401
30130
12402
12407
30131
12398
12399
30133
12400
12401
30134
12400
12485
30136
12403
12486
30137
12402
12403
30139
12404
12413
30140
12404
12489
30142
12415
12490
30143
12406
12407
30145
12408
12409
30146
12408
12413
30148
12411
12414
30149
12410
12411
30151
12412
12453
30152
12412
12417
30154
12418
12455
30155
12414
12415
30157
12416
12417
30158
12416
12501
30160
12419
12502
30161
12418
12419
30163
12420
12461
30164
12420
12505
30166
12463
12506
30167
12422
12423
30169
12424
12425
30170
12424
12429
30172
12427
12430
30173
12426
12427
30175
12428
12437
30176
12428
12433
30178
12434
12439
30179
12430
12431
30181
12432
12433
30182
12432
12453
30184
12435
12454
30185
12434
12435
30187
12436
12445
30188
12436
12457
30190
12447
12458
30191
12438
12439
30193
12440
12441
30194
12440
12445
30196
12443
12446
30197
12442
12443
30199
12444
13566
30200
12444
12449
30202
12450
13568
30203
12446
12447
30205
12448
12449
30206
12448
12469
30208
12451
12470
30209
12450
12451
30211
12452
13574
30212
12452
12473
30214
12474
13576
30215
12454
12455
30217
12456
12457
30218
12456
12461
30220
12459
12462
30221
12458
12459
30223
12460
12469
30224
12460
12465
30226
12466
12471
30227
12462
12463
30229
12464
12465
30230
12464
12549
30232
12467
12550
30233
12466
12467
30235
12468
12477
30236
12468
12553
30238
12479
12554
30239
12470
12471
30241
12472
12473
30242
12472
12477
30244
12475
12478
30245
12474
12475
30247
12476
13598
30249
12476
12481
30251
12482
13600
30253
12478
12479
30255
12480
12481
30256
12480
12565
30258
12483
12566
30259
12482
12483
30261
12484
13606
30262
12484
12569
30264
12570
13608
30265
12486
12487
30267
12488
12489
30268
12488
12493
30270
12491
12494
30271
12490
12491
30273
12492
12501
30274
12492
12497
30276
12498
12503
30277
12494
12495
30279
12496
12497
30281
12496
12517
30283
12499
12518
30285
12498
12499
30287
12500
12509
30288
12500
12521
30290
12511
12522
30291
12502
12503
30293
12504
12505
30294
12504
12509
30296
12507
12510
30297
12506
12507
30299
12508
12549
30300
12508
12513
30302
12514
12551
30303
12510
12511
30305
12512
12513
30306
12512
12533
30308
12515
12534
30309
12514
12515
30311
12516
12557
30312
12516
12537
30314
12538
12559
30315
12518
12519
30317
12520
12521
30318
12520
12525
30320
12523
12526
30321
12522
12523
30323
12524
12533
30324
12524
12529
30326
12530
12535
30327
12526
12527
30329
12528
12529
30330
12528
16426
30332
12531
16427
30333
12530
12531
30335
12532
12541
30336
12532
16430
30338
12543
16431
30339
12534
12535
30341
12536
12537
30342
12536
12541
30344
12539
12542
30345
12538
12539
30347
12540
12581
30348
12540
12545
30350
12546
12583
30351
12542
12543
30353
12544
12545
30354
12544
16442
30356
12547
16443
30357
12546
12547
30359
12548
12589
30360
12548
16446
30362
12591
16447
30363
12550
12551
30365
12552
12553
30366
12552
12557
30368
12555
12558
30369
12554
12555
30371
12556
12565
30372
12556
12561
30374
12562
12567
30375
12558
12559
30377
12560
12561
30378
12560
12581
30380
12563
12582
30381
12562
12563
30383
12564
12573
30384
12564
12585
30386
12575
12586
30387
12566
12567
30389
12568
12569
30390
12568
12573
30392
12571
12574
30393
12570
12571
30395
12572
13694
30396
12572
12577
30398
12578
13696
30399
12574
12575
30401
12576
12577
30402
12576
12597
30404
12579
12598
30405
12578
12579
30407
12580
13702
30409
12580
12601
30411
12602
13704
30413
12582
12583
30415
12584
12585
30416
12584
12589
30418
12587
12590
30419
12586
12587
30421
12588
12597
30422
12588
12593
30424
12594
12599
30425
12590
12591
30427
12592
12593
30428
12592
16490
30430
12595
16491
30431
12594
12595
30433
12596
12605
30434
12596
16494
30436
12607
16495
30437
12598
12599
30439
12600
12601
30441
12600
12605
30443
12603
12606
30445
12602
12603
30447
12604
13726
30448
12604
12609
30450
12610
13728
30451
12606
12607
30453
12608
12609
30454
12608
16506
30456
12611
16507
30457
12610
12611
30459
12612
13734
30460
12612
16510
30462
13736
16511
30463
12614
12617
21255
30465
12615
12618
21256
30467
12616
12621
21257
30469
12622
12625
21258
30471
12618
12619
30473
12620
12621
30474
12620
12637
30476
12623
12638
30477
12622
12623
30479
12624
12629
30480
12624
12641
30482
12631
12642
30483
12626
12629
21259
30485
12627
12630
21260
30487
12628
12633
21261
30489
12634
12669
21262
30491
12630
12631
30493
12632
12633
30494
12632
12653
30496
12635
12654
30497
12634
12635
30499
12636
12673
30500
12636
12657
30502
12658
12675
30503
12638
12639
30505
12640
12641
30506
12640
12645
30508
12643
12646
30509
12642
12643
30511
12644
12653
30512
12644
12649
30514
12650
12655
30515
12646
12647
30517
12648
12649
30518
12648
13054
30520
12651
13055
30521
12650
12651
30523
12652
12661
30524
12652
13058
30526
12663
13059
30527
12654
12655
30529
12656
12657
30530
12656
12661
30532
12659
12662
30533
12658
12659
30535
12660
12693
30536
12660
12665
30538
12666
12695
30539
12662
12663
30541
12664
12665
30542
12664
13070
30544
12667
13071
30545
12666
12667
30547
12668
12701
30548
12668
13074
30550
12703
13075
30551
12670
12673
21263
30553
12671
12674
21264
30555
12672
12677
21265
30558
12678
12681
21266
30561
12674
12675
30563
12676
12677
30564
12676
12693
30566
12679
12694
30567
12678
12679
30569
12680
12685
30570
12680
12697
30572
12687
12698
30573
12682
12685
21267
30575
12683
12686
21268
30577
12684
12689
21269
30579
12690
12725
21270
30581
12686
12687
30583
12688
12689
30585
12688
12709
30587
12691
12710
30589
12690
12691
30591
12692
12729
30592
12692
12713
30594
12714
12731
30595
12694
12695
30597
12696
12697
30598
12696
12701
30600
12699
12702
30601
12698
12699
30603
12700
12709
30604
12700
12705
30606
12706
12711
30607
12702
12703
30609
12704
12705
30610
12704
13118
30612
12707
13119
30613
12706
12707
30615
12708
12717
30616
12708
13122
30618
12719
13123
30619
12710
12711
30621
12712
12713
30622
12712
12717
30624
12715
12718
30625
12714
12715
30627
12716
12749
30628
12716
12721
30630
12722
12751
30631
12718
12719
30633
12720
12721
30634
12720
13134
30636
12723
13135
30637
12722
12723
30639
12724
12757
30640
12724
13138
30642
12759
13139
30643
12726
12729
21271
30645
12727
12730
21272
30647
12728
12733
21273
30649
12734
12737
21274
30651
12730
12731
30653
12732
12733
30654
12732
12749
30656
12735
12750
30657
12734
12735
30659
12736
12741
30660
12736
12753
30662
12743
12754
30663
12738
12741
21275
30665
12739
12742
21276
30667
12740
12745
21277
30669
12746
12781
21278
30671
12742
12743
30673
12744
12745
30674
12744
12765
30676
12747
12766
30677
12746
12747
30679
12748
12785
30680
12748
12769
30682
12770
12787
30683
12750
12751
30685
12752
12753
30686
12752
12757
30688
12755
12758
30689
12754
12755
30691
12756
12765
30692
12756
12761
30694
12762
12767
30695
12758
12759
30697
12760
12761
30698
12760
13310
30700
12763
13311
30701
12762
12763
30703
12764
12773
30705
12764
13314
30707
12775
13315
30709
12766
12767
30711
12768
12769
30712
12768
12773
30714
12771
12774
30715
12770
12771
30717
12772
12805
30718
12772
12777
30720
12778
12807
30721
12774
12775
30723
12776
12777
30724
12776
13326
30726
12779
13327
30727
12778
12779
30729
12780
12813
30730
12780
13330
30732
12815
13331
30733
12782
12785
21279
30736
12783
12786
21280
30739
12784
12789
21281
30741
12790
12793
21282
30743
12786
12787
30745
12788
12789
30746
12788
12805
30748
12791
12806
30749
12790
12791
30751
12792
12797
30752
12792
12809
30754
12799
12810
30755
12794
12797
21283
30757
12795
12798
21284
30759
12796
12801
21285
30761
12802
12837
21286
30763
12798
12799
30765
12800
12801
30766
12800
12821
30768
12803
12822
30769
12802
12803
30771
12804
12841
30772
12804
12825
30774
12826
12843
30775
12806
12807
30777
12808
12809
30778
12808
12813
30780
12811
12814
30781
12810
12811
30783
12812
12821
30784
12812
12817
30786
12818
12823
30787
12814
12815
30789
12816
12817
30790
12816
13374
30792
12819
13375
30793
12818
12819
30795
12820
12829
30796
12820
13378
30798
12831
13379
30799
12822
12823
30801
12824
12825
30802
12824
12829
30804
12827
12830
30805
12826
12827
30807
12828
12861
30808
12828
12833
30810
12834
12863
30811
12830
12831
30813
12832
12833
30814
12832
13390
30816
12835
13391
30817
12834
12835
30819
12836
12869
30820
12836
13394
30822
12871
13395
30823
12838
12841
21287
30825
12839
12842
21288
30827
12840
12845
21289
30829
12846
12849
21290
30831
12842
12843
30833
12844
12845
30834
12844
12861
30836
12847
12862
30837
12846
12847
30839
12848
12853
30840
12848
12865
30842
12855
12866
30843
12850
12853
21291
30845
12851
12854
21292
30847
12852
12857
21293
30850
12858
12893
21294
30853
12854
12855
30855
12856
12857
30856
12856
12877
30858
12859
12878
30859
12858
12859
30861
12860
12897
30862
12860
12881
30864
12882
12899
30865
12862
12863
30867
12864
12865
30868
12864
12869
30870
12867
12870
30871
12866
12867
30873
12868
12877
30874
12868
12873
30876
12874
12879
30877
12870
12871
30879
12872
12873
30881
12872
14078
30883
12875
14079
30885
12874
12875
30887
12876
12885
30888
12876
14082
30890
12887
14083
30891
12878
12879
30893
12880
12881
30894
12880
12885
30896
12883
12886
30897
12882
12883
30899
12884
12917
30900
12884
12889
30902
12890
12919
30903
12886
12887
30905
12888
12889
30906
12888
14094
30908
12891
14095
30909
12890
12891
30911
12892
12925
30912
12892
14098
30914
12927
14099
30915
12894
12897
21295
30917
12895
12898
21296
30919
12896
12901
21297
30921
12902
12905
21298
30923
12898
12899
30925
12900
12901
30926
12900
12917
30928
12903
12918
30929
12902
12903
30931
12904
12909
30932
12904
12921
30934
12911
12922
30935
12906
12909
21299
30937
12907
12910
21300
30939
12908
12913
21301
30941
12914
12949
21302
30943
12910
12911
30945
12912
12913
30946
12912
12933
30948
12915
12934
30949
12914
12915
30951
12916
12953
30952
12916
12937
30954
12938
12955
30955
12918
12919
30957
12920
12921
30958
12920
12925
30960
12923
12926
30961
12922
12923
30963
12924
12933
30964
12924
12929
30966
12930
12935
30967
12926
12927
30969
12928
12929
30970
12928
14142
30972
12931
14143
30973
12930
12931
30975
12932
12941
30976
12932
14146
30978
12943
14147
30979
12934
12935
30981
12936
12937
30982
12936
12941
30984
12939
12942
30985
12938
12939
30987
12940
12973
30988
12940
12945
30990
12946
12975
30991
12942
12943
30993
12944
12945
30994
12944
14158
30996
12947
14159
30997
12946
12947
30999
12948
12981
31001
12948
14162
31003
12983
14163
31005
12950
12953
21303
31007
12951
12954
21304
31009
12952
12957
21305
31011
12958
12961
21306
31013
12954
12955
31015
12956
12957
31016
12956
12973
31018
12959
12974
31019
12958
12959
31021
12960
12965
31022
12960
12977
31024
12967
12978
31025
12962
12965
21307
31028
12963
12966
21308
31031
12964
12969
21309
31033
12970
13005
21310
31035
12966
12967
31037
12968
12969
31038
12968
12989
31040
12971
12990
31041
12970
12971
31043
12972
13009
31044
12972
12993
31046
12994
13011
31047
12974
12975
31049
12976
12977
31050
12976
12981
31052
12979
12982
31053
12978
12979
31055
12980
12989
31056
12980
12985
31058
12986
12991
31059
12982
12983
31061
12984
12985
31062
12984
14334
31064
12987
14335
31065
12986
12987
31067
12988
12997
31068
12988
14338
31070
12999
14339
31071
12990
12991
31073
12992
12993
31074
12992
12997
31076
12995
12998
31077
12994
12995
31079
12996
13026
31080
12996
13001
31082
13002
13028
31083
12998
12999
31085
13000
13001
31086
13000
14350
31088
13003
14351
31089
13002
13003
31091
13004
13034
31092
13004
14354
31094
13036
14355
31095
13006
13009
21311
31097
13007
13010
21312
31099
13008
13013
21313
31101
13014
13017
21314
31103
13010
13011
31105
13012
13013
31106
13012
13026
31108
13015
13027
31109
13014
13015
31111
13016
13020
31112
13016
13030
31114
13022
13031
31115
13018
13020
21315
31117
13019
13021
21316
31119
13024
20800
21317
31122
13021
13022
31123
13023
13024
31125
13023
13042
31126
13025
13043
31128
13025
20801
31130
13046
20802
31132
13027
13028
31133
13029
13030
31135
13029
13034
31136
13032
13035
31138
13031
13032
31139
13033
13042
31141
13033
13038
31143
13039
13044
31145
13035
13036
31147
13037
13038
31149
13037
14398
31150
13040
14399
31152
13039
13040
31153
13041
13048
31155
13041
14402
31156
13050
14403
31158
13043
13044
31159
13045
13046
31161
13045
13048
31162
13047
13049
31164
13047
20803
31166
13052
20804
31168
13049
13050
31169
13051
13052
31171
13051
14414
31173
13053
14415
31175
13053
20805
31178
14418
20806
31180
13055
13056
31181
13057
13058
31183
13057
13062
31184
13060
13063
31186
13059
13060
31187
13061
13070
31189
13061
13066
31190
13067
13072
31192
13063
13064
31193
13065
13066
31195
13065
13086
31196
13068
13087
31198
13067
13068
31199
13069
13078
31201
13069
13090
31202
13080
13091
31204
13071
13072
31205
13073
13074
31207
13073
13078
31208
13076
13079
31210
13075
13076
31211
13077
13118
31213
13077
13082
31214
13083
13120
31216
13079
13080
31217
13081
13082
31219
13081
13102
31220
13084
13103
31222
13083
13084
31223
13085
13126
31225
13085
13106
31226
13107
13128
31228
13087
13088
31229
13089
13090
31231
13089
13094
31232
13092
13095
31234
13091
13092
31235
13093
13102
31237
13093
13098
31239
13099
13104
31241
13095
13096
31242
13097
13098
31244
13097
13182
31245
13100
13183
31247
13099
13100
31248
13101
13110
31250
13101
13186
31251
13112
13187
31253
13103
13104
31255
13105
13106
31257
13105
13110
31258
13108
13111
31260
13107
13108
31261
13109
13150
31263
13109
13114
31264
13115
13152
31266
13111
13112
31267
13113
13114
31269
13113
13198
31270
13116
13199
31272
13115
13116
31273
13117
13158
31275
13117
13202
31276
13160
13203
31278
13119
13120
31279
13121
13122
31281
13121
13126
31283
13124
13127
31285
13123
13124
31287
13125
13134
31289
13125
13130
31290
13131
13136
31292
13127
13128
31293
13129
13130
31295
13129
13150
31296
13132
13151
31298
13131
13132
31299
13133
13142
31301
13133
13154
31303
13144
13155
31305
13135
13136
31307
13137
13138
21318
13137
13142
21319
13140
13143
21320
13139
13140
21321
13141
13310
21322
13141
13146
21323
13147
13312
21324
13143
13144
21325
13145
13146
21326
13145
13166
21327
13148
13167
21328
13147
13148
21329
13149
13318
21330
13149
13170
21331
13171
13320
21332
13151
13152
21333
13153
13154
21334
13153
13158
21335
13156
13159
21336
13155
13156
21337
13157
13166
21338
13157
13162
21339
13163
13168
21340
13159
13160
21341
13161
13162
21342
13161
13246
21343
13164
13247
21344
13163
13164
21345
13165
13174
21346
13165
13250
21347
13176
13251
21348
13167
13168
21349
13169
13170
21350
13169
13174
21351
13172
13175
21352
13171
13172
21353
13173
13342
21354
13173
13178
21355
13179
13344
21356
13175
13176
21357
13177
13178
21358
13177
13262
21359
13180
13263
21360
13179
13180
21361
13181
13350
21362
13181
13266
21363
13267
13352
21364
13183
13184
21365
13185
13186
21366
13185
13190
21367
13188
13191
21368
13187
13188
21369
13189
13198
21370
13189
13194
21371
13195
13200
21372
13191
13192
21373
13193
13194
21374
13193
13214
21375
13196
13215
21376
13195
13196
21377
13197
13206
21378
13197
13218
21379
13208
13219
21380
13199
13200
21381
13201
13202
21382
13201
13206
21383
13204
13207
21384
13203
13204
21385
13205
13246
21386
13205
13210
21387
13211
13248
21388
13207
13208
21389
13209
13210
21390
13209
13230
21391
13212
13231
21392
13211
13212
21393
13213
13254
21394
13213
13234
21395
13235
13256
21396
13215
13216
21397
13217
13218
21398
13217
13222
21399
13220
13223
21400
13219
13220
21401
13221
13230
21402
13221
13226
21403
13227
13232
21404
13223
13224
21405
13225
13226
21406
13225
13566
21407
13228
13567
21408
13227
13228
21409
13229
13238
21410
13229
13570
21411
13240
13571
21412
13231
13232
21413
13233
13234
21414
13233
13238
21415
13236
13239
21416
13235
13236
21417
13237
13278
21418
13237
13242
21419
13243
13280
21420
13239
13240
21421
13241
13242
21422
13241
13582
21423
13244
13583
21424
13243
13244
21425
13245
13286
21426
13245
13586
21427
13288
13587
21428
13247
13248
21429
13249
13250
21430
13249
13254
21431
13252
13255
21432
13251
13252
21433
13253
13262
21434
13253
13258
21435
13259
13264
21436
13255
13256
21437
13257
13258
21438
13257
13278
21439
13260
13279
21440
13259
13260
21441
13261
13270
21442
13261
13282
21443
13272
13283
21444
13263
13264
21445
13265
13266
21446
13265
13270
21447
13268
13271
21448
13267
13268
21449
13269
13438
21450
13269
13274
21451
13275
13440
21452
13271
13272
21453
13273
13274
21454
13273
13294
21455
13276
13295
21456
13275
13276
21457
13277
13446
21458
13277
13298
21459
13299
13448
21460
13279
13280
21461
13281
13282
21462
13281
13286
21463
13284
13287
21464
13283
13284
21465
13285
13294
21466
13285
13290
21467
13291
13296
21468
13287
13288
21469
13289
13290
21470
13289
13630
21471
13292
13631
21472
13291
13292
21473
13293
13302
21474
13293
13634
21475
13304
13635
21476
13295
13296
21477
13297
13298
21478
13297
13302
21479
13300
13303
21480
13299
13300
21481
13301
13470
21482
13301
13306
21483
13307
13472
21484
13303
13304
21485
13305
13306
21486
13305
13646
21487
13308
13647
21488
13307
13308
21489
13309
13478
21490
13309
13650
21491
13480
13651
21492
13311
13312
21493
13313
13314
21494
13313
13318
21495
13316
13319
21496
13315
13316
21497
13317
13326
21498
13317
13322
21499
13323
13328
21500
13319
13320
21501
13321
13322
21502
13321
13342
21503
13324
13343
21504
13323
13324
21505
13325
13334
21506
13325
13346
21507
13336
13347
21508
13327
13328
21509
13329
13330
21510
13329
13334
21511
13332
13335
21512
13331
13332
21513
13333
13374
21514
13333
13338
21515
13339
13376
21516
13335
13336
21517
13337
13338
21518
13337
13358
21519
13340
13359
21520
13339
13340
21521
13341
13382
21522
13341
13362
21523
13363
13384
21524
13343
13344
21525
13345
13346
21526
13345
13350
21527
13348
13351
21528
13347
13348
21529
13349
13358
21530
13349
13354
21531
13355
13360
21532
13351
13352
21533
13353
13354
21534
13353
13438
21535
13356
13439
21536
13355
13356
21537
13357
13366
21538
13357
13442
21539
13368
13443
21540
13359
13360
21541
13361
13362
21542
13361
13366
21543
13364
13367
21544
13363
13364
21545
13365
13406
21546
13365
13370
21547
13371
13408
21548
13367
13368
21549
13369
13370
21550
13369
13454
21551
13372
13455
21552
13371
13372
21553
13373
13414
21554
13373
13458
21555
13416
13459
21556
13375
13376
21557
13377
13378
21558
13377
13382
21559
13380
13383
21560
13379
13380
21561
13381
13390
21562
13381
13386
21563
13387
13392
21564
13383
13384
21565
13385
13386
21566
13385
13406
21567
13388
13407
21568
13387
13388
21569
13389
13398
21570
13389
13410
21571
13400
13411
21572
13391
13392
21573
13393
13394
21574
13393
13398
21575
13396
13399
21576
13395
13396
21577
13397
14078
21578
13397
13402
21579
13403
14080
21580
13399
13400
21581
13401
13402
21582
13401
13422
21583
13404
13423
21584
13403
13404
21585
13405
14086
21586
13405
13426
21587
13427
14088
21588
13407
13408
21589
13409
13410
21590
13409
13414
21591
13412
13415
21592
13411
13412
21593
13413
13422
21594
13413
13418
21595
13419
13424
21596
13415
13416
21597
13417
13418
21598
13417
13502
21599
13420
13503
21600
13419
13420
21601
13421
13430
21602
13421
13506
21603
13432
13507
21604
13423
13424
21605
13425
13426
21606
13425
13430
21607
13428
13431
21608
13427
13428
21609
13429
14110
21610
13429
13434
21611
13435
14112
21612
13431
13432
21613
13433
13434
21614
13433
13518
21615
13436
13519
21616
13435
13436
21617
13437
14118
21618
13437
13522
21619
13523
14120
21620
13439
13440
21621
13441
13442
21622
13441
13446
21623
13444
13447
21624
13443
13444
21625
13445
13454
21626
13445
13450
21627
13451
13456
21628
13447
13448
21629
13449
13450
21630
13449
13470
21631
13452
13471
21632
13451
13452
21633
13453
13462
21634
13453
13474
21635
13464
13475
21636
13455
13456
21637
13457
13458
21638
13457
13462
21639
13460
13463
21640
13459
13460
21641
13461
13502
21642
13461
13466
21643
13467
13504
21644
13463
13464
21645
13465
13466
21646
13465
13486
21647
13468
13487
21648
13467
13468
21649
13469
13510
21650
13469
13490
21651
13491
13512
21652
13471
13472
21653
13473
13474
21654
13473
13478
21655
13476
13479
21656
13475
13476
21657
13477
13486
21658
13477
13482
21659
13483
13488
21660
13479
13480
21661
13481
13482
21662
13481
13822
21663
13484
13823
21664
13483
13484
21665
13485
13494
21666
13485
13826
21667
13496
13827
21668
13487
13488
21669
13489
13490
21670
13489
13494
21671
13492
13495
21672
13491
13492
21673
13493
13534
21674
13493
13498
21675
13499
13536
21676
13495
13496
21677
13497
13498
21678
13497
13838
21679
13500
13839
21680
13499
13500
21681
13501
13542
21682
13501
13842
21683
13544
13843
21684
13503
13504
21685
13505
13506
21686
13505
13510
21687
13508
13511
21688
13507
13508
21689
13509
13518
21690
13509
13514
21691
13515
13520
21692
13511
13512
21693
13513
13514
21694
13513
13534
21695
13516
13535
21696
13515
13516
21697
13517
13526
21698
13517
13538
21699
13528
13539
21700
13519
13520
21701
13521
13522
21702
13521
13526
21703
13524
13527
21704
13523
13524
21705
13525
14206
21706
13525
13530
21707
13531
14208
21708
13527
13528
21709
13529
13530
21710
13529
13550
21711
13532
13551
21712
13531
13532
21713
13533
14214
21714
13533
13554
21715
13555
14216
21716
13535
13536
21717
13537
13538
21718
13537
13542
21719
13540
13543
21720
13539
13540
21721
13541
13550
21722
13541
13546
21723
13547
13552
21724
13543
13544
21725
13545
13546
21726
13545
13886
21727
13548
13887
21728
13547
13548
21729
13549
13558
21730
13549
13890
21731
13560
13891
21732
13551
13552
21733
13553
13554
21734
13553
13558
21735
13556
13559
21736
13555
13556
21737
13557
14238
21738
13557
13562
21739
13563
14240
21740
13559
13560
21741
13561
13562
21742
13561
13902
21743
13564
13903
21744
13563
13564
21745
13565
14246
21746
13565
13906
21747
13907
14248
21748
13567
13568
21749
13569
13570
21750
13569
13574
21751
13572
13575
21752
13571
13572
21753
13573
13582
21754
13573
13578
21755
13579
13584
21756
13575
13576
21757
13577
13578
21758
13577
13598
21759
13580
13599
21760
13579
13580
21761
13581
13590
21762
13581
13602
21763
13592
13603
21764
13583
13584
21765
13585
13586
21766
13585
13590
21767
13588
13591
21768
13587
13588
21769
13589
13630
21770
13589
13594
21771
13595
13632
21772
13591
13592
21773
13593
13594
21774
13593
13614
21775
13596
13615
21776
13595
13596
21777
13597
13638
21778
13597
13618
21779
13619
13640
21780
13599
13600
21781
13601
13602
21782
13601
13606
21783
13604
13607
21784
13603
13604
21785
13605
13614
21786
13605
13610
21787
13611
13616
21788
13607
13608
21789
13609
13610
21790
13609
13694
21791
13612
13695
21792
13611
13612
21793
13613
13622
21794
13613
13698
21795
13624
13699
21796
13615
13616
21797
13617
13618
21798
13617
13622
21799
13620
13623
21800
13619
13620
21801
13621
13662
21802
13621
13626
21803
13627
13664
21804
13623
13624
21805
13625
13626
21806
13625
13710
21807
13628
13711
21808
13627
13628
21809
13629
13670
21810
13629
13714
21811
13672
13715
21812
13631
13632
21813
13633
13634
21814
13633
13638
21815
13636
13639
21816
13635
13636
21817
13637
13646
21818
13637
13642
21819
13643
13648
21820
13639
13640
21821
13641
13642
21822
13641
13662
21823
13644
13663
21824
13643
13644
21825
13645
13654
21826
13645
13666
21827
13656
13667
21828
13647
13648
21829
13649
13650
21830
13649
13654
21831
13652
13655
21832
13651
13652
21833
13653
13822
21834
13653
13658
21835
13659
13824
21836
13655
13656
21837
13657
13658
21838
13657
13678
21839
13660
13679
21840
13659
13660
21841
13661
13830
21842
13661
13682
21843
13683
13832
21844
13663
13664
21845
13665
13666
21846
13665
13670
21847
13668
13671
21848
13667
13668
21849
13669
13678
21850
13669
13674
21851
13675
13680
21852
13671
13672
21853
13673
13674
21854
13673
13758
21855
13676
13759
21856
13675
13676
21857
13677
13686
21858
13677
13762
21859
13688
13763
21860
13679
13680
21861
13681
13682
21862
13681
13686
21863
13684
13687
21864
13683
13684
21865
13685
13854
21866
13685
13690
21867
13691
13856
21868
13687
13688
21869
13689
13690
21870
13689
13774
21871
13692
13775
21872
13691
13692
21873
13693
13862
21874
13693
13778
21875
13779
13864
21876
13695
13696
21877
13697
13698
21878
13697
13702
21879
13700
13703
21880
13699
13700
21881
13701
13710
21882
13701
13706
21883
13707
13712
21884
13703
13704
21885
13705
13706
21886
13705
13726
21887
13708
13727
21888
13707
13708
21889
13709
13718
21890
13709
13730
21891
13720
13731
21892
13711
13712
21893
13713
13714
21894
13713
13718
21895
13716
13719
21896
13715
13716
21897
13717
13758
21898
13717
13722
21899
13723
13760
21900
13719
13720
21901
13721
13722
21902
13721
13742
21903
13724
13743
21904
13723
13724
21905
13725
13766
21906
13725
13746
21907
13747
13768
21908
13727
13728
21909
13729
13730
21910
13729
13734
21911
13732
13735
21912
13731
13732
21913
13733
13742
21914
13733
13738
21915
13739
13744
21916
13735
13736
21917
13737
13738
21918
13737
17635
21919
13740
17636
21920
13739
13740
21921
13741
13750
21922
13741
17639
21923
13752
17640
21924
13743
13744
21925
13745
13746
21926
13745
13750
21927
13748
13751
21928
13747
13748
21929
13749
13790
21930
13749
13754
21931
13755
13792
21932
13751
13752
21933
13753
13754
21934
13753
17651
21935
13756
17652
21936
13755
13756
21937
13757
13798
21938
13757
17655
21939
13800
17656
21940
13759
13760
21941
13761
13762
21942
13761
13766
21943
13764
13767
21944
13763
13764
21945
13765
13774
21946
13765
13770
21947
13771
13776
21948
13767
13768
21949
13769
13770
21950
13769
13790
21951
13772
13791
21952
13771
13772
21953
13773
13782
21954
13773
13794
21955
13784
13795
21956
13775
13776
21957
13777
13778
21958
13777
13782
21959
13780
13783
21960
13779
13780
21961
13781
13950
21962
13781
13786
21963
13787
13952
21964
13783
13784
21965
13785
13786
21966
13785
13806
21967
13788
13807
21968
13787
13788
21969
13789
13958
21970
13789
13810
21971
13811
13960
21972
13791
13792
21973
13793
13794
21974
13793
13798
21975
13796
13799
21976
13795
13796
21977
13797
13806
21978
13797
13802
21979
13803
13808
21980
13799
13800
21981
13801
13802
21982
13801
17699
21983
13804
17700
21984
13803
13804
21985
13805
13814
21986
13805
17703
21987
13816
17704
21988
13807
13808
21989
13809
13810
21990
13809
13814
21991
13812
13815
21992
13811
13812
21993
13813
13982
21994
13813
13818
21995
13819
13984
21996
13815
13816
21997
13817
13818
21998
13817
17715
21999
13820
17716
22000
13819
13820
22001
13821
13990
22002
13821
17719
22003
13992
17720
22004
13823
13824
22005
13825
13826
22006
13825
13830
22007
13828
13831
22008
13827
13828
22009
13829
13838
22010
13829
13834
22011
13835
13840
22012
13831
13832
22013
13833
13834
22014
13833
13854
22015
13836
13855
22016
13835
13836
22017
13837
13846
22018
13837
13858
22019
13848
13859
22020
13839
13840
22021
13841
13842
22022
13841
13846
22023
13844
13847
22024
13843
13844
22025
13845
13886
22026
13845
13850
22027
13851
13888
22028
13847
13848
22029
13849
13850
22030
13849
13870
22031
13852
13871
22032
13851
13852
22033
13853
13894
22034
13853
13874
22035
13875
13896
22036
13855
13856
22037
13857
13858
22038
13857
13862
22039
13860
13863
22040
13859
13860
22041
13861
13870
22042
13861
13866
22043
13867
13872
22044
13863
13864
22045
13865
13866
22046
13865
13950
22047
13868
13951
22048
13867
13868
22049
13869
13878
22050
13869
13954
22051
13880
13955
22052
13871
13872
22053
13873
13874
22054
13873
13878
22055
13876
13879
22056
13875
13876
22057
13877
13918
22058
13877
13882
22059
13883
13920
22060
13879
13880
22061
13881
13882
22062
13881
13966
22063
13884
13967
22064
13883
13884
22065
13885
13926
22066
13885
13970
22067
13928
13971
22068
13887
13888
22069
13889
13890
22070
13889
13894
22071
13892
13895
22072
13891
13892
22073
13893
13902
22074
13893
13898
22075
13899
13904
22076
13895
13896
22077
13897
13898
22078
13897
13918
22079
13900
13919
22080
13899
13900
22081
13901
13910
22082
13901
13922
22083
13912
13923
22084
13903
13904
22085
13905
13906
22086
13905
13910
22087
13908
13911
22088
13907
13908
22089
13909
14574
22090
13909
13914
22091
13915
14576
22092
13911
13912
22093
13913
13914
22094
13913
13934
22095
13916
13935
22096
13915
13916
22097
13917
14582
22098
13917
13938
22099
13939
14584
22100
13919
13920
22101
13921
13922
22102
13921
13926
22103
13924
13927
22104
13923
13924
22105
13925
13934
22106
13925
13930
22107
13931
13936
22108
13927
13928
22109
13929
13930
22110
13929
14014
22111
13932
14015
22112
13931
13932
22113
13933
13942
22114
13933
14018
22115
13944
14019
22116
13935
13936
22117
13937
13938
22118
13937
13942
22119
13940
13943
22120
13939
13940
22121
13941
14606
22122
13941
13946
22123
13947
14608
22124
13943
13944
22125
13945
13946
22126
13945
14030
22127
13948
14031
22128
13947
13948
22129
13949
14614
22130
13949
14034
22131
14035
14616
22132
13951
13952
22133
13953
13954
22134
13953
13958
22135
13956
13959
22136
13955
13956
22137
13957
13966
22138
13957
13962
22139
13963
13968
22140
13959
13960
22141
13961
13962
22142
13961
13982
22143
13964
13983
22144
13963
13964
22145
13965
13974
22146
13965
13986
22147
13976
13987
22148
13967
13968
22149
13969
13970
22150
13969
13974
22151
13972
13975
22152
13971
13972
22153
13973
14014
22154
13973
13978
22155
13979
14016
22156
13975
13976
22157
13977
13978
22158
13977
13998
22159
13980
13999
22160
13979
13980
22161
13981
14022
22162
13981
14002
22163
14003
14024
22164
13983
13984
22165
13985
13986
22166
13985
13990
22167
13988
13991
22168
13987
13988
22169
13989
13998
22170
13989
13994
22171
13995
14000
22172
13991
13992
22173
13993
13994
22174
13993
17891
22175
13996
17892
22176
13995
13996
22177
13997
14006
22178
13997
17895
22179
14008
17896
22180
13999
14000
22181
14001
14002
22182
14001
14006
22183
14004
14007
22184
14003
14004
22185
14005
14046
22186
14005
14010
22187
14011
14048
22188
14007
14008
22189
14009
14010
22190
14009
17907
22191
14012
17908
22192
14011
14012
22193
14013
14054
22194
14013
17911
22195
14056
17912
22196
14015
14016
22197
14017
14018
22198
14017
14022
22199
14020
14023
22200
14019
14020
22201
14021
14030
22202
14021
14026
22203
14027
14032
22204
14023
14024
22205
14025
14026
22206
14025
14046
22207
14028
14047
22208
14027
14028
22209
14029
14038
22210
14029
14050
22211
14040
14051
22212
14031
14032
22213
14033
14034
22214
14033
14038
22215
14036
14039
22216
14035
14036
22217
14037
14702
22218
14037
14042
22219
14043
14704
22220
14039
14040
22221
14041
14042
22222
14041
14062
22223
14044
14063
22224
14043
14044
22225
14045
14710
22226
14045
14066
22227
14067
14712
22228
14047
14048
22229
14049
14050
22230
14049
14054
22231
14052
14055
22232
14051
14052
22233
14053
14062
22234
14053
14058
22235
14059
14064
22236
14055
14056
22237
14057
14058
22238
14057
17955
22239
14060
17956
22240
14059
14060
22241
14061
14070
22242
14061
17959
22243
14072
17960
22244
14063
14064
22245
14065
14066
22246
14065
14070
22247
14068
14071
22248
14067
14068
22249
14069
14734
22250
14069
14074
22251
14075
14736
22252
14071
14072
22253
14073
14074
22254
14073
17971
22255
14076
17972
22256
14075
14076
22257
14077
14742
22258
14077
17975
22259
14744
17976
22260
14079
14080
22261
14081
14082
22262
14081
14086
22263
14084
14087
22264
14083
14084
22265
14085
14094
22266
14085
14090
22267
14091
14096
22268
14087
14088
22269
14089
14090
22270
14089
14110
22271
14092
14111
22272
14091
14092
22273
14093
14102
22274
14093
14114
22275
14104
14115
22276
14095
14096
22277
14097
14098
22278
14097
14102
22279
14100
14103
22280
14099
14100
22281
14101
14142
22282
14101
14106
22283
14107
14144
22284
14103
14104
22285
14105
14106
22286
14105
14126
22287
14108
14127
22288
14107
14108
22289
14109
14150
22290
14109
14130
22291
14131
14152
22292
14111
14112
22293
14113
14114
22294
14113
14118
22295
14116
14119
22296
14115
14116
22297
14117
14126
22298
14117
14122
22299
14123
14128
22300
14119
14120
22301
14121
14122
22302
14121
14206
22303
14124
14207
22304
14123
14124
22305
14125
14134
22306
14125
14210
22307
14136
14211
22308
14127
14128
22309
14129
14130
22310
14129
14134
22311
14132
14135
22312
14131
14132
22313
14133
14174
22314
14133
14138
22315
14139
14176
22316
14135
14136
22317
14137
14138
22318
14137
14222
22319
14140
14223
22320
14139
14140
22321
14141
14182
22322
14141
14226
22323
14184
14227
22324
14143
14144
22325
14145
14146
22326
14145
14150
22327
14148
14151
22328
14147
14148
22329
14149
14158
22330
14149
14154
22331
14155
14160
22332
14151
14152
22333
14153
14154
22334
14153
14174
22335
14156
14175
22336
14155
14156
22337
14157
14166
22338
14157
14178
22339
14168
14179
22340
14159
14160
22341
14161
14162
22342
14161
14166
22343
14164
14167
22344
14163
14164
22345
14165
14334
22346
14165
14170
22347
14171
14336
22348
14167
14168
22349
14169
14170
22350
14169
14190
22351
14172
14191
22352
14171
14172
22353
14173
14342
22354
14173
14194
22355
14195
14344
22356
14175
14176
22357
14177
14178
22358
14177
14182
22359
14180
14183
22360
14179
14180
22361
14181
14190
22362
14181
14186
22363
14187
14192
22364
14183
14184
22365
14185
14186
22366
14185
14270
22367
14188
14271
22368
14187
14188
22369
14189
14198
22370
14189
14274
22371
14200
14275
22372
14191
14192
22373
14193
14194
22374
14193
14198
22375
14196
14199
22376
14195
14196
22377
14197
14366
22378
14197
14202
22379
14203
14368
22380
14199
14200
22381
14201
14202
22382
14201
14286
22383
14204
14287
22384
14203
14204
22385
14205
14374
22386
14205
14290
22387
14291
14376
22388
14207
14208
22389
14209
14210
22390
14209
14214
22391
14212
14215
22392
14211
14212
22393
14213
14222
22394
14213
14218
22395
14219
14224
22396
14215
14216
22397
14217
14218
22398
14217
14238
22399
14220
14239
22400
14219
14220
22401
14221
14230
22402
14221
14242
22403
14232
14243
22404
14223
14224
22405
14225
14226
22406
14225
14230
22407
14228
14231
22408
14227
14228
22409
14229
14270
22410
14229
14234
22411
14235
14272
22412
14231
14232
22413
14233
14234
22414
14233
14254
22415
14236
14255
22416
14235
14236
22417
14237
14278
22418
14237
14258
22419
14259
14280
22420
14239
14240
22421
14241
14242
22422
14241
14246
22423
14244
14247
22424
14243
14244
22425
14245
14254
22426
14245
14250
22427
14251
14256
22428
14247
14248
22429
14249
14250
22430
14249
14574
22431
14252
14575
22432
14251
14252
22433
14253
14262
22434
14253
14578
22435
14264
14579
22436
14255
14256
22437
14257
14258
22438
14257
14262
22439
14260
14263
22440
14259
14260
22441
14261
14302
22442
14261
14266
22443
14267
14304
22444
14263
14264
22445
14265
14266
22446
14265
14590
22447
14268
14591
22448
14267
14268
22449
14269
14310
22450
14269
14594
22451
14312
14595
22452
14271
14272
22453
14273
14274
22454
14273
14278
22455
14276
14279
22456
14275
14276
22457
14277
14286
22458
14277
14282
22459
14283
14288
22460
14279
14280
22461
14281
14282
22462
14281
14302
22463
14284
14303
22464
14283
14284
22465
14285
14294
22466
14285
14306
22467
14296
14307
22468
14287
14288
22469
14289
14290
22470
14289
14294
22471
14292
14295
22472
14291
14292
22473
14293
14454
22474
14293
14298
22475
14299
14456
22476
14295
14296
22477
14297
14298
22478
14297
14318
22479
14300
14319
22480
14299
14300
22481
14301
14462
22482
14301
14322
22483
14323
14464
22484
14303
14304
22485
14305
14306
22486
14305
14310
22487
14308
14311
22488
14307
14308
22489
14309
14318
22490
14309
14314
22491
14315
14320
22492
14311
14312
22493
14313
14314
22494
14313
14638
22495
14316
14639
22496
14315
14316
22497
14317
14326
22498
14317
14642
22499
14328
14643
22500
14319
14320
22501
14321
14322
22502
14321
14326
22503
14324
14327
22504
14323
14324
22505
14325
14486
22506
14325
14330
22507
14331
14488
22508
14327
14328
22509
14329
14330
22510
14329
14654
22511
14332
14655
22512
14331
14332
22513
14333
14494
22514
14333
14658
22515
14496
14659
22516
14335
14336
22517
14337
14338
22518
14337
14342
22519
14340
14343
22520
14339
14340
22521
14341
14350
22522
14341
14346
22523
14347
14352
22524
14343
14344
22525
14345
14346
22526
14345
14366
22527
14348
14367
22528
14347
14348
22529
14349
14358
22530
14349
14370
22531
14360
14371
22532
14351
14352
22533
14353
14354
22534
14353
14358
22535
14356
14359
22536
14355
14356
22537
14357
14398
22538
14357
14362
22539
14363
14400
22540
14359
14360
22541
14361
14362
22542
14361
14382
22543
14364
14383
22544
14363
14364
22545
14365
14406
22546
14365
14386
22547
14387
14408
22548
14367
14368
22549
14369
14370
22550
14369
14374
22551
14372
14375
22552
14371
14372
22553
14373
14382
22554
14373
14378
22555
14379
14384
22556
14375
14376
22557
14377
14378
22558
14377
14454
22559
14380
14455
22560
14379
14380
22561
14381
14390
22562
14381
14458
22563
14392
14459
22564
14383
14384
22565
14385
14386
22566
14385
14390
22567
14388
14391
22568
14387
14388
22569
14389
14426
22570
14389
14394
22571
14395
14428
22572
14391
14392
22573
14393
14394
22574
14393
14470
22575
14396
14471
22576
14395
14396
22577
14397
14434
22578
14397
14474
22579
14436
14475
22580
14399
14400
22581
14401
14402
22582
14401
14406
22583
14404
14407
22584
14403
14404
22585
14405
14414
22586
14405
14410
22587
14411
14416
22588
14407
14408
22589
14409
14410
22590
14409
14426
22591
14412
14427
22592
14411
14412
22593
14413
14420
22594
14413
14430
22595
14422
14431
22596
14415
14416
22597
14417
14418
22598
14417
14420
22599
14419
14421
22600
14419
20658
22601
14424
20659
22602
14421
14422
22603
14423
14424
22604
14423
14442
22605
14425
14443
22606
14425
20660
22607
14446
20661
22608
14427
14428
22609
14429
14430
22610
14429
14434
22611
14432
14435
22612
14431
14432
22613
14433
14442
22614
14433
14438
22615
14439
14444
22616
14435
14436
22617
14437
14438
22618
14437
14518
22619
14440
14519
22620
14439
14440
22621
14441
14448
22622
14441
14522
22623
14450
14523
22624
14443
14444
22625
14445
14446
22626
14445
14448
22627
14447
14449
22628
14447
20662
22629
14452
20663
22630
14449
14450
22631
14451
14452
22632
14451
14534
22633
14453
14535
22634
14453
20664
22635
14538
20665
22636
14455
14456
22637
14457
14458
22638
14457
14462
22639
14460
14463
22640
14459
14460
22641
14461
14470
22642
14461
14466
22643
14467
14472
22644
14463
14464
22645
14465
14466
22646
14465
14486
22647
14468
14487
22648
14467
14468
22649
14469
14478
22650
14469
14490
22651
14480
14491
22652
14471
14472
22653
14473
14474
22654
14473
14478
22655
14476
14479
22656
14475
14476
22657
14477
14518
22658
14477
14482
22659
14483
14520
22660
14479
14480
22661
14481
14482
22662
14481
14502
22663
14484
14503
22664
14483
14484
22665
14485
14526
22666
14485
14506
22667
14507
14528
22668
14487
14488
22669
14489
14490
22670
14489
14494
22671
14492
14495
22672
14491
14492
22673
14493
14502
22674
14493
14498
22675
14499
14504
22676
14495
14496
22677
14497
14498
22678
14497
14830
22679
14500
14831
22680
14499
14500
22681
14501
14510
22682
14501
14834
22683
14512
14835
22684
14503
14504
22685
14505
14506
22686
14505
14510
22687
14508
14511
22688
14507
14508
22689
14509
14546
22690
14509
14514
22691
14515
14548
22692
14511
14512
22693
14513
14514
22694
14513
14846
22695
14516
14847
22696
14515
14516
22697
14517
14554
22698
14517
14850
22699
14556
14851
22700
14519
14520
22701
14521
14522
22702
14521
14526
22703
14524
14527
22704
14523
14524
22705
14525
14534
22706
14525
14530
22707
14531
14536
22708
14527
14528
22709
14529
14530
22710
14529
14546
22711
14532
14547
22712
14531
14532
22713
14533
14540
22714
14533
14550
22715
14542
14551
22716
14535
14536
22717
14537
14538
22718
14537
14540
22719
14539
14541
22720
14539
20666
22721
14544
20667
22722
14541
14542
22723
14543
14544
22724
14543
14562
22725
14545
14563
22726
14545
20668
22727
14566
20669
22728
14547
14548
22729
14549
14550
22730
14549
14554
22731
14552
14555
22732
14551
14552
22733
14553
14562
22734
14553
14558
22735
14559
14564
22736
14555
14556
22737
14557
14558
22738
14557
14894
22739
14560
14895
22740
14559
14560
22741
14561
14568
22742
14561
14898
22743
14570
14899
22744
14563
14564
22745
14565
14566
22746
14565
14568
22747
14567
14569
22748
14567
20670
22749
14572
20671
22750
14569
14570
22751
14571
14572
22752
14571
14910
22753
14573
14911
22754
14573
20672
22755
14914
20673
22756
14575
14576
22757
14577
14578
22758
14577
14582
22759
14580
14583
22760
14579
14580
22761
14581
14590
22762
14581
14586
22763
14587
14592
22764
14583
14584
22765
14585
14586
22766
14585
14606
22767
14588
14607
22768
14587
14588
22769
14589
14598
22770
14589
14610
22771
14600
14611
22772
14591
14592
22773
14593
14594
22774
14593
14598
22775
14596
14599
22776
14595
14596
22777
14597
14638
22778
14597
14602
22779
14603
14640
22780
14599
14600
22781
14601
14602
22782
14601
14622
22783
14604
14623
22784
14603
14604
22785
14605
14646
22786
14605
14626
22787
14627
14648
22788
14607
14608
22789
14609
14610
22790
14609
14614
22791
14612
14615
22792
14611
14612
22793
14613
14622
22794
14613
14618
22795
14619
14624
22796
14615
14616
22797
14617
14618
22798
14617
14702
22799
14620
14703
22800
14619
14620
22801
14621
14630
22802
14621
14706
22803
14632
14707
22804
14623
14624
22805
14625
14626
22806
14625
14630
22807
14628
14631
22808
14627
14628
22809
14629
14670
22810
14629
14634
22811
14635
14672
22812
14631
14632
22813
14633
14634
22814
14633
14718
22815
14636
14719
22816
14635
14636
22817
14637
14678
22818
14637
14722
22819
14680
14723
22820
14639
14640
22821
14641
14642
22822
14641
14646
22823
14644
14647
22824
14643
14644
22825
14645
14654
22826
14645
14650
22827
14651
14656
22828
14647
14648
22829
14649
14650
22830
14649
14670
22831
14652
14671
22832
14651
14652
22833
14653
14662
22834
14653
14674
22835
14664
14675
22836
14655
14656
22837
14657
14658
22838
14657
14662
22839
14660
14663
22840
14659
14660
22841
14661
14830
22842
14661
14666
22843
14667
14832
22844
14663
14664
22845
14665
14666
22846
14665
14686
22847
14668
14687
22848
14667
14668
22849
14669
14838
22850
14669
14690
22851
14691
14840
22852
14671
14672
22853
14673
14674
22854
14673
14678
22855
14676
14679
22856
14675
14676
22857
14677
14686
22858
14677
14682
22859
14683
14688
22860
14679
14680
22861
14681
14682
22862
14681
14766
22863
14684
14767
22864
14683
14684
22865
14685
14694
22866
14685
14770
22867
14696
14771
22868
14687
14688
22869
14689
14690
22870
14689
14694
22871
14692
14695
22872
14691
14692
22873
14693
14862
22874
14693
14698
22875
14699
14864
22876
14695
14696
22877
14697
14698
22878
14697
14782
22879
14700
14783
22880
14699
14700
22881
14701
14870
22882
14701
14786
22883
14787
14872
22884
14703
14704
22885
14705
14706
22886
14705
14710
22887
14708
14711
22888
14707
14708
22889
14709
14718
22890
14709
14714
22891
14715
14720
22892
14711
14712
22893
14713
14714
22894
14713
14734
22895
14716
14735
22896
14715
14716
22897
14717
14726
22898
14717
14738
22899
14728
14739
22900
14719
14720
22901
14721
14722
22902
14721
14726
22903
14724
14727
22904
14723
14724
22905
14725
14766
22906
14725
14730
22907
14731
14768
22908
14727
14728
22909
14729
14730
22910
14729
14750
22911
14732
14751
22912
14731
14732
22913
14733
14774
22914
14733
14754
22915
14755
14776
22916
14735
14736
22917
14737
14738
22918
14737
14742
22919
14740
14743
22920
14739
14740
22921
14741
14750
22922
14741
14746
22923
14747
14752
22924
14743
14744
22925
14745
14746
22926
14745
18659
22927
14748
18660
22928
14747
14748
22929
14749
14758
22930
14749
18663
22931
14760
18664
22932
14751
14752
22933
14753
14754
22934
14753
14758
22935
14756
14759
22936
14755
14756
22937
14757
14798
22938
14757
14762
22939
14763
14800
22940
14759
14760
22941
14761
14762
22942
14761
18675
22943
14764
18676
22944
14763
14764
22945
14765
14806
22946
14765
18679
22947
14808
18680
22948
14767
14768
22949
14769
14770
22950
14769
14774
22951
14772
14775
22952
14771
14772
22953
14773
14782
22954
14773
14778
22955
14779
14784
22956
14775
14776
22957
14777
14778
22958
14777
14798
22959
14780
14799
22960
14779
14780
22961
14781
14790
22962
14781
14802
22963
14792
14803
22964
14783
14784
22965
14785
14786
22966
14785
14790
22967
14788
14791
22968
14787
14788
22969
14789
14950
22970
14789
14794
22971
14795
14952
22972
14791
14792
22973
14793
14794
22974
14793
14814
22975
14796
14815
22976
14795
14796
22977
14797
14958
22978
14797
14818
22979
14819
14960
22980
14799
14800
22981
14801
14802
22982
14801
14806
22983
14804
14807
22984
14803
14804
22985
14805
14814
22986
14805
14810
22987
14811
14816
22988
14807
14808
22989
14809
14810
22990
14809
18723
22991
14812
18724
22992
14811
14812
22993
14813
14822
22994
14813
18727
22995
14824
18728
22996
14815
14816
22997
14817
14818
22998
14817
14822
22999
14820
14823
23000
14819
14820
23001
14821
14982
23002
14821
14826
23003
14827
14984
23004
14823
14824
23005
14825
14826
23006
14825
18739
23007
14828
18740
23008
14827
14828
23009
14829
14990
23010
14829
18743
23011
14992
18744
23012
14831
14832
23013
14833
14834
23014
14833
14838
23015
14836
14839
23016
14835
14836
23017
14837
14846
23018
14837
14842
23019
14843
14848
23020
14839
14840
23021
14841
14842
23022
14841
14862
23023
14844
14863
23024
14843
14844
23025
14845
14854
23026
14845
14866
23027
14856
14867
23028
14847
14848
23029
14849
14850
23030
14849
14854
23031
14852
14855
23032
14851
14852
23033
14853
14894
23034
14853
14858
23035
14859
14896
23036
14855
14856
23037
14857
14858
23038
14857
14878
23039
14860
14879
23040
14859
14860
23041
14861
14902
23042
14861
14882
23043
14883
14904
23044
14863
14864
23045
14865
14866
23046
14865
14870
23047
14868
14871
23048
14867
14868
23049
14869
14878
23050
14869
14874
23051
14875
14880
23052
14871
14872
23053
14873
14874
23054
14873
14950
23055
14876
14951
23056
14875
14876
23057
14877
14886
23058
14877
14954
23059
14888
14955
23060
14879
14880
23061
14881
14882
23062
14881
14886
23063
14884
14887
23064
14883
14884
23065
14885
14922
23066
14885
14890
23067
14891
14924
23068
14887
14888
23069
14889
14890
23070
14889
14966
23071
14892
14967
23072
14891
14892
23073
14893
14930
23074
14893
14970
23075
14932
14971
23076
14895
14896
23077
14897
14898
23078
14897
14902
23079
14900
14903
23080
14899
14900
23081
14901
14910
23082
14901
14906
23083
14907
14912
23084
14903
14904
23085
14905
14906
23086
14905
14922
23087
14908
14923
23088
14907
14908
23089
14909
14916
23090
14909
14926
23091
14918
14927
23092
14911
14912
23093
14913
14914
23094
14913
14916
23095
14915
14917
23096
14915
20681
23097
14920
20682
23098
14917
14918
23099
14919
14920
23100
14919
14938
23101
14921
14939
23102
14921
20683
23103
14942
20684
23104
14923
14924
23105
14925
14926
23106
14925
14930
23107
14928
14931
23108
14927
14928
23109
14929
14938
23110
14929
14934
23111
14935
14940
23112
14931
14932
23113
14933
14934
23114
14933
15014
23115
14936
15015
23116
14935
14936
23117
14937
14944
23118
14937
15018
23119
14946
15019
23120
14939
14940
23121
14941
14942
23122
14941
14944
23123
14943
14945
23124
14943
20685
23125
14948
20686
23126
14945
14946
23127
14947
14948
23128
14947
15030
23129
14949
15031
23130
14949
20687
23131
15034
20688
23132
14951
14952
23133
14953
14954
23134
14953
14958
23135
14956
14959
23136
14955
14956
23137
14957
14966
23138
14957
14962
23139
14963
14968
23140
14959
14960
23141
14961
14962
23142
14961
14982
23143
14964
14983
23144
14963
14964
23145
14965
14974
23146
14965
14986
23147
14976
14987
23148
14967
14968
23149
14969
14970
23150
14969
14974
23151
14972
14975
23152
14971
14972
23153
14973
15014
23154
14973
14978
23155
14979
15016
23156
14975
14976
23157
14977
14978
23158
14977
14998
23159
14980
14999
23160
14979
14980
23161
14981
15022
23162
14981
15002
23163
15003
15024
23164
14983
14984
23165
14985
14986
23166
14985
14990
23167
14988
14991
23168
14987
14988
23169
14989
14998
23170
14989
14994
23171
14995
15000
23172
14991
14992
23173
14993
14994
23174
14993
18915
23175
14996
18916
23176
14995
14996
23177
14997
15006
23178
14997
18919
23179
15008
18920
23180
14999
15000
23181
15001
15002
23182
15001
15006
23183
15004
15007
23184
15003
15004
23185
15005
15042
23186
15005
15010
23187
15011
15044
23188
15007
15008
23189
15009
15010
23190
15009
18931
23191
15012
18932
23192
15011
15012
23193
15013
15050
23194
15013
18935
23195
15052
18936
23196
15015
15016
23197
15017
15018
23198
15017
15022
23199
15020
15023
23200
15019
15020
23201
15021
15030
23202
15021
15026
23203
15027
15032
23204
15023
15024
23205
15025
15026
23206
15025
15042
23207
15028
15043
23208
15027
15028
23209
15029
15036
23210
15029
15046
23211
15038
15047
23212
15031
15032
23213
15033
15034
23214
15033
15036
23215
15035
15037
23216
15035
20689
23217
15040
20690
23218
15037
15038
23219
15039
15040
23220
15039
15058
23221
15041
15059
23222
15041
20691
23223
15062
20692
23224
15043
15044
23225
15045
15046
23226
15045
15050
23227
15048
15051
23228
15047
15048
23229
15049
15058
23230
15049
15054
23231
15055
15060
23232
15051
15052
23233
15053
15054
23234
15053
18979
23235
15056
18980
23236
15055
15056
23237
15057
15064
23238
15057
18983
23239
15066
18984
23240
15059
15060
23241
15061
15062
23242
15061
15064
23243
15063
15065
23244
15063
20693
23245
15068
20694
23246
15065
15066
23247
15067
15068
23248
15067
18995
23249
15069
18996
23250
15069
20695
23251
18999
20696
23252
15071
15072
20541
23253
15074
15076
20542
23254
15073
15074
23255
15075
15082
23256
15075
15078
23257
15079
15084
23258
15077
15078
20543
23259
15080
15098
20544
23260
15079
15080
23261
15081
15090
23262
15081
15100
23263
15092
15101
23264
15083
15084
23265
15085
15086
23266
15085
15090
23267
15088
15091
23268
15087
15088
23269
15089
15126
23270
15089
15094
23271
15095
15128
23272
15091
15092
23273
15093
15094
23274
15093
15110
23275
15096
15111
23276
15095
15096
23277
15097
15134
23278
15097
15114
23279
15115
15136
23280
15099
15100
20545
23281
15102
15104
20546
23282
15101
15102
23283
15103
15110
23284
15103
15106
23285
15107
15112
23286
15105
15106
20547
23287
15108
15190
20548
23288
15107
15108
23289
15109
15118
23290
15109
15192
23291
15120
15193
23292
15111
15112
23293
15113
15114
23294
15113
15118
23295
15116
15119
23296
15115
15116
23297
15117
15158
23298
15117
15122
23299
15123
15160
23300
15119
15120
23301
15121
15122
23302
15121
15202
23303
15124
15203
23304
15123
15124
23305
15125
15166
23306
15125
15206
23307
15168
15207
23308
15127
15128
23309
15129
15130
23310
15129
15134
23311
15132
15135
23312
15131
15132
23313
15133
15142
23314
15133
15138
23315
15139
15144
23316
15135
15136
23317
15137
15138
23318
15137
15158
23319
15140
15159
23320
15139
15140
23321
15141
15150
23322
15141
15162
23323
15152
15163
23324
15143
15144
23325
15145
15146
23326
15145
15150
23327
15148
15151
23328
15147
15148
23329
15149
15310
23330
15149
15154
23331
15155
15312
23332
15151
15152
23333
15153
15154
23334
15153
15174
23335
15156
15175
23336
15155
15156
23337
15157
15318
23338
15157
15178
23339
15179
15320
23340
15159
15160
23341
15161
15162
23342
15161
15166
23343
15164
15167
23344
15163
15164
23345
15165
15174
23346
15165
15170
23347
15171
15176
23348
15167
15168
23349
15169
15170
23350
15169
15246
23351
15172
15247
23352
15171
15172
23353
15173
15182
23354
15173
15250
23355
15184
15251
23356
15175
15176
23357
15177
15178
23358
15177
15182
23359
15180
15183
23360
15179
15180
23361
15181
15342
23362
15181
15186
23363
15187
15344
23364
15183
15184
23365
15185
15186
23366
15185
15262
23367
15188
15263
23368
15187
15188
23369
15189
15350
23370
15189
15266
23371
15267
15352
23372
15191
15192
20549
23373
15194
15196
20550
23374
15193
15194
23375
15195
15202
23376
15195
15198
23377
15199
15204
23378
15197
15198
20551
23379
15200
15218
20552
23380
15199
15200
23381
15201
15210
23382
15201
15220
23383
15212
15221
23384
15203
15204
23385
15205
15206
23386
15205
15210
23387
15208
15211
23388
15207
15208
23389
15209
15246
23390
15209
15214
23391
15215
15248
23392
15211
15212
23393
15213
15214
23394
15213
15230
23395
15216
15231
23396
15215
15216
23397
15217
15254
23398
15217
15234
23399
15235
15256
23400
15219
15220
20553
23401
15222
15224
20554
23402
15221
15222
23403
15223
15230
23404
15223
15226
23405
15227
15232
23406
15225
15226
20555
23407
15228
15620
20556
23408
15227
15228
23409
15229
15238
23410
15229
15622
23411
15240
15623
23412
15231
15232
23413
15233
15234
23414
15233
15238
23415
15236
15239
23416
15235
15236
23417
15237
15278
23418
15237
15242
23419
15243
15280
23420
15239
15240
23421
15241
15242
23422
15241
15632
23423
15244
15633
23424
15243
15244
23425
15245
15286
23426
15245
15636
23427
15288
15637
23428
15247
15248
23429
15249
15250
23430
15249
15254
23431
15252
15255
23432
15251
15252
23433
15253
15262
23434
15253
15258
23435
15259
15264
23436
15255
15256
23437
15257
15258
23438
15257
15278
23439
15260
15279
23440
15259
15260
23441
15261
15270
23442
15261
15282
23443
15272
15283
23444
15263
15264
23445
15265
15266
23446
15265
15270
23447
15268
15271
23448
15267
15268
23449
15269
15492
23450
15269
15274
23451
15275
15494
23452
15271
15272
23453
15273
15274
23454
15273
15294
23455
15276
15295
23456
15275
15276
23457
15277
15500
23458
15277
15298
23459
15299
15502
23460
15279
15280
23461
15281
15282
23462
15281
15286
23463
15284
15287
23464
15283
15284
23465
15285
15294
23466
15285
15290
23467
15291
15296
23468
15287
15288
23469
15289
15290
23470
15289
15676
23471
15292
15677
23472
15291
15292
23473
15293
15302
23474
15293
15680
23475
15304
15681
23476
15295
15296
23477
15297
15298
23478
15297
15302
23479
15300
15303
23480
15299
15300
23481
15301
15524
23482
15301
15306
23483
15307
15526
23484
15303
15304
23485
15305
15306
23486
15305
15692
23487
15308
15693
23488
15307
15308
23489
15309
15532
23490
15309
15696
23491
15534
15697
23492
15311
15312
23493
15313
15314
23494
15313
15318
23495
15316
15319
23496
15315
15316
23497
15317
15326
23498
15317
15322
23499
15323
15328
23500
15319
15320
23501
15321
15322
23502
15321
15342
23503
15324
15343
23504
15323
15324
23505
15325
15334
23506
15325
15346
23507
15336
15347
23508
15327
15328
23509
15329
15330
23510
15329
15334
23511
15332
15335
23512
15331
15332
23513
15333
15374
23514
15333
15338
23515
15339
15376
23516
15335
15336
23517
15337
15338
23518
15337
15358
23519
15340
15359
23520
15339
15340
23521
15341
15382
23522
15341
15362
23523
15363
15384
23524
15343
15344
23525
15345
15346
23526
15345
15350
23527
15348
15351
23528
15347
15348
23529
15349
15358
23530
15349
15354
23531
15355
15360
23532
15351
15352
23533
15353
15354
23534
15353
15492
23535
15356
15493
23536
15355
15356
23537
15357
15366
23538
15357
15496
23539
15368
15497
23540
15359
15360
23541
15361
15362
23542
15361
15366
23543
15364
15367
23544
15363
15364
23545
15365
15460
23546
15365
15370
23547
15371
15462
23548
15367
15368
23549
15369
15370
23550
15369
15508
23551
15372
15509
23552
15371
15372
23553
15373
15468
23554
15373
15512
23555
15470
15513
23556
15375
15376
23557
15377
15378
23558
15377
15382
23559
15380
15383
23560
15379
15380
23561
15381
15390
23562
15381
15386
23563
15387
15397
23564
15383
15384
23565
15385
15386
23566
15385
15460
23567
15388
15461
23568
15387
15388
23569
15389
15422
23570
15389
15464
23571
15424
15465
23572
15391
15392
15394
15395
15397
15406
15407
15408
15409
15392
15394
20322
15393
15395
15398
15396
15399
20323
20324
15395
15410
20325
15396
15402
15411
15403
20218
20326
20327
15398
15400
15402
15404
15412
15413
15414
15415
15422
15399
15400
15402
15401
15403
20328
15401
15404
15423
15405
15420
15423
15403
15404
15416
15405
15417
20329
15405
15418
15423
15419
15421
15423
15407
15408
23573
23574
15409
15410
23575
15409
15412
23576
23577
15411
15413
23578
15411
20330
23579
15416
20219
23580
15413
15414
23583
23584
15415
15416
23585
15415
23586
23587
23588
15418
23589
23590
15417
15418
23591
15419
20220
20333
23592
15419
15426
23593
15427
20225
23594
15421
15430
20334
20335
15434
20226
20336
20337
15423
15424
23597
15425
15426
15427
15428
15429
15430
15432
15434
15436
15425
15476
23598
15444
15477
23599
15427
15428
23600
23601
15429
15446
23602
15429
23603
23604
23605
15448
23606
23607
15431
15432
15434
15433
15435
15438
20340
15433
15436
15444
15437
15439
15444
15435
15436
15446
15437
15441
15447
20341
15437
15444
15448
15442
15444
15449
15439
15441
20342
20343
15440
15442
15445
15443
15445
16149
20344
15442
20232
20345
20346
15443
15445
15450
15445
15451
16152
20347
15445
15452
15453
15454
15455
15480
15456
15457
15458
15459
15481
16162
15447
15448
20227
23608
15449
20233
20348
23609
15449
15452
23610
15450
15453
23611
15451
15456
20234
23614
15457
16164
20351
23615
15453
15454
23616
23617
15455
15456
23618
15455
23619
23620
23621
15458
23622
23623
15457
15458
23624
15459
16170
23625
15459
23626
23627
16172
23628
23629
15461
15462
23630
15463
15464
23631
15463
15468
23632
15466
15469
23633
15465
15466
23634
15467
15476
23635
15467
15472
23636
15473
15478
23637
15469
15470
23638
15471
15472
23639
15471
15556
23640
15474
15557
23641
15473
15474
23642
15475
15484
23643
15475
15560
23644
15486
15561
23645
15477
15478
23646
15479
15480
23647
15479
15484
23648
15482
15485
23649
15481
15482
23650
15483
16202
23651
15483
15488
23652
15489
16204
23653
15485
15486
23654
15487
15488
23655
15487
15572
23656
15490
15573
23657
15489
15490
23658
15491
16210
23659
15491
15576
23660
15577
16212
23661
15493
15494
23662
15495
15496
23663
15495
15500
23664
15498
15501
23665
15497
15498
23666
15499
15508
23667
15499
15504
23668
15505
15510
23669
15501
15502
23670
15503
15504
23671
15503
15524
23672
15506
15525
23673
15505
15506
23674
15507
15516
23675
15507
15528
23676
15518
15529
23677
15509
15510
23678
15511
15512
23679
15511
15516
23680
15514
15517
23681
15513
15514
23682
15515
15556
23683
15515
15520
23684
15521
15558
23685
15517
15518
23686
15519
15520
23687
15519
15540
23688
15522
15541
23689
15521
15522
23690
15523
15564
23691
15523
15544
23692
15545
15566
23693
15525
15526
23694
15527
15528
23695
15527
15532
23696
15530
15533
23697
15529
15530
23698
15531
15540
23699
15531
15536
23700
15537
15542
23701
15533
15534
23702
15535
15536
23703
15535
15860
23704
15538
15861
23705
15537
15538
23706
15539
15548
23707
15539
15864
23708
15550
15865
23709
15541
15542
23710
15543
15544
23711
15543
15548
23712
15546
15549
23713
15545
15546
23714
15547
15588
23715
15547
15552
23716
15553
15590
23717
15549
15550
23718
15551
15552
23719
15551
15876
23720
15554
15877
23721
15553
15554
23722
15555
15596
23723
15555
15880
23724
15598
15881
23725
15557
15558
23726
15559
15560
23727
15559
15564
23728
15562
15565
23729
15561
15562
23730
15563
15572
23731
15563
15568
23732
15569
15574
23733
15565
15566
23734
15567
15568
23735
15567
15588
23736
15570
15589
23737
15569
15570
23738
15571
15580
23739
15571
15592
23740
15582
15593
23741
15573
15574
23742
15575
15576
23743
15575
15580
23744
15578
15581
23745
15577
15578
23746
15579
16298
23747
15579
15584
23748
15585
16300
23749
15581
15582
23750
15583
15584
23751
15583
15604
23752
15586
15605
23753
15585
15586
23754
15587
16306
23755
15587
15608
23756
15609
16308
23757
15589
15590
23758
15591
15592
23759
15591
15596
23760
15594
15597
23761
15593
15594
23762
15595
15604
23763
15595
15600
23764
15601
15606
23765
15597
15598
23766
15599
15600
23767
15599
15924
23768
15602
15925
23769
15601
15602
23770
15603
15612
23771
15603
15928
23772
15614
15929
23773
15605
15606
23774
15607
15608
23775
15607
15612
23776
15610
15613
23777
15609
15610
23778
15611
16330
23779
15611
15616
23780
15617
16332
23781
15613
15614
23782
15615
15616
23783
15615
15940
23784
15618
15941
23785
15617
15618
23786
15619
16338
23787
15619
15944
23788
15945
16340
23789
15621
15622
20557
23790
15624
15626
20558
23791
15623
15624
23792
15625
15632
23793
15625
15628
23794
15629
15634
23795
15627
15628
20559
23796
15630
15648
20560
23797
15629
15630
23798
15631
15640
23799
15631
15650
23800
15642
15651
23801
15633
15634
23802
15635
15636
23803
15635
15640
23804
15638
15641
23805
15637
15638
23806
15639
15676
23807
15639
15644
23808
15645
15678
23809
15641
15642
23810
15643
15644
23811
15643
15660
23812
15646
15661
23813
15645
15646
23814
15647
15684
23815
15647
15664
23816
15665
15686
23817
15649
15650
20561
23818
15652
15654
20562
23819
15651
15652
23820
15653
15660
23821
15653
15656
23822
15657
15662
23823
15655
15656
20563
23824
15658
15740
20564
23825
15657
15658
23826
15659
15668
23827
15659
15742
23828
15670
15743
23829
15661
15662
23830
15663
15664
23831
15663
15668
23832
15666
15669
23833
15665
15666
23834
15667
15708
23835
15667
15672
23836
15673
15710
23837
15669
15670
23838
15671
15672
23839
15671
15752
23840
15674
15753
23841
15673
15674
23842
15675
15716
23843
15675
15756
23844
15718
15757
23845
15677
15678
23846
15679
15680
23847
15679
15684
23848
15682
15685
23849
15681
15682
23850
15683
15692
23851
15683
15688
23852
15689
15694
23853
15685
15686
23854
15687
15688
23855
15687
15708
23856
15690
15709
23857
15689
15690
23858
15691
15700
23859
15691
15712
23860
15702
15713
23861
15693
15694
23862
15695
15696
23863
15695
15700
23864
15698
15701
23865
15697
15698
23866
15699
15860
23867
15699
15704
23868
15705
15862
23869
15701
15702
23870
15703
15704
23871
15703
15724
23872
15706
15725
23873
15705
15706
23874
15707
15868
23875
15707
15728
23876
15729
15870
23877
15709
15710
23878
15711
15712
23879
15711
15716
23880
15714
15717
23881
15713
15714
23882
15715
15724
23883
15715
15720
23884
15721
15726
23885
15717
15718
23886
15719
15720
23887
15719
15796
23888
15722
15797
23889
15721
15722
23890
15723
15732
23891
15723
15800
23892
15734
15801
23893
15725
15726
23894
15727
15728
23895
15727
15732
23896
15730
15733
23897
15729
15730
23898
15731
15892
23899
15731
15736
23900
15737
15894
23901
15733
15734
23902
15735
15736
23903
15735
15812
23904
15738
15813
23905
15737
15738
23906
15739
15900
23907
15739
15816
23908
15817
15902
23909
15741
15742
20565
23910
15744
15746
20566
23911
15743
15744
23912
15745
15752
23913
15745
15748
23914
15749
15754
23915
15747
15748
20567
23916
15750
15768
20568
23917
15749
15750
23918
15751
15760
23919
15751
15770
23920
15762
15771
23921
15753
15754
23922
15755
15756
23923
15755
15760
23924
15758
15761
23925
15757
15758
23926
15759
15796
23927
15759
15764
23928
15765
15798
23929
15761
15762
23930
15763
15764
23931
15763
15780
23932
15766
15781
23933
15765
15766
23934
15767
15804
23935
15767
15784
23936
15785
15806
23937
15769
15770
20573
23938
15772
15774
20574
23939
15771
15772
23940
15773
15780
23941
15773
15776
23942
15777
15782
23943
15775
15776
20575
23944
15778
17194
20576
23945
15777
15778
23946
15779
15788
23947
15779
17196
23948
15790
17197
23949
15781
15782
23950
15783
15784
23951
15783
15788
23952
15786
15789
23953
15785
15786
23954
15787
15828
23955
15787
15792
23956
15793
15830
23957
15789
15790
23958
15791
15792
23959
15791
17206
23960
15794
17207
23961
15793
15794
23962
15795
15836
23963
15795
17210
23964
15838
17211
23965
15797
15798
23966
15799
15800
23967
15799
15804
23968
15802
15805
23969
15801
15802
23970
15803
15812
23971
15803
15808
23972
15809
15814
23973
15805
15806
23974
15807
15808
23975
15807
15828
23976
15810
15829
23977
15809
15810
23978
15811
15820
23979
15811
15832
23980
15822
15833
23981
15813
15814
23982
15815
15816
23983
15815
15820
23984
15818
15821
23985
15817
15818
23986
15819
15988
23987
15819
15824
23988
15825
15990
23989
15821
15822
23990
15823
15824
23991
15823
15844
23992
15826
15845
23993
15825
15826
23994
15827
15996
23995
15827
15848
23996
15849
15998
23997
15829
15830
23998
15831
15832
23999
15831
15836
24000
15834
15837
24001
15833
15834
24002
15835
15844
24003
15835
15840
24004
15841
15846
24005
15837
15838
24006
15839
15840
24007
15839
17243
24008
15842
17244
24009
15841
15842
24010
15843
15852
24011
15843
17247
24012
15854
17248
24013
15845
15846
24014
15847
15848
24015
15847
15852
24016
15850
15853
24017
15849
15850
24018
15851
16020
24019
15851
15856
24020
15857
16022
24021
15853
15854
24022
15855
15856
24023
15855
17259
24024
15858
17260
24025
15857
15858
24026
15859
16028
24027
15859
17263
24028
16030
17264
24029
15861
15862
24030
15863
15864
24031
15863
15868
24032
15866
15869
24033
15865
15866
24034
15867
15876
24035
15867
15872
24036
15873
15878
24037
15869
15870
24038
15871
15872
24039
15871
15892
24040
15874
15893
24041
15873
15874
24042
15875
15884
24043
15875
15896
24044
15886
15897
24045
15877
15878
24046
15879
15880
24047
15879
15884
24048
15882
15885
24049
15881
15882
24050
15883
15924
24051
15883
15888
24052
15889
15926
24053
15885
15886
24054
15887
15888
24055
15887
15908
24056
15890
15909
24057
15889
15890
24058
15891
15932
24059
15891
15912
24060
15913
15934
24061
15893
15894
24062
15895
15896
24063
15895
15900
24064
15898
15901
24065
15897
15898
24066
15899
15908
24067
15899
15904
24068
15905
15910
24069
15901
15902
24070
15903
15904
24071
15903
15988
24072
15906
15989
24073
15905
15906
24074
15907
15916
24075
15907
15992
24076
15918
15993
24077
15909
15910
24078
15911
15912
24079
15911
15916
24080
15914
15917
24081
15913
15914
24082
15915
15956
24083
15915
15920
24084
15921
15958
24085
15917
15918
24086
15919
15920
24087
15919
16004
24088
15922
16005
24089
15921
15922
24090
15923
15964
24091
15923
16008
24092
15966
16009
24093
15925
15926
24094
15927
15928
24095
15927
15932
24096
15930
15933
24097
15929
15930
24098
15931
15940
24099
15931
15936
24100
15937
15942
24101
15933
15934
24102
15935
15936
24103
15935
15956
24104
15938
15957
24105
15937
15938
24106
15939
15948
24107
15939
15960
24108
15950
15961
24109
15941
15942
24110
15943
15944
24111
15943
15948
24112
15946
15949
24113
15945
15946
24114
15947
16682
24115
15947
15952
24116
15953
16684
24117
15949
15950
24118
15951
15952
24119
15951
15972
24120
15954
15973
24121
15953
15954
24122
15955
16690
24123
15955
15976
24124
15977
16692
24125
15957
15958
24126
15959
15960
24127
15959
15964
24128
15962
15965
24129
15961
15962
24130
15963
15972
24131
15963
15968
24132
15969
15974
24133
15965
15966
24134
15967
15968
24135
15967
16052
24136
15970
16053
24137
15969
15970
24138
15971
15980
24139
15971
16056
24140
15982
16057
24141
15973
15974
24142
15975
15976
24143
15975
15980
24144
15978
15981
24145
15977
15978
24146
15979
16714
24147
15979
15984
24148
15985
16716
24149
15981
15982
24150
15983
15984
24151
15983
16068
24152
15986
16069
24153
15985
15986
24154
15987
16722
24155
15987
16072
24156
16073
16724
24157
15989
15990
24158
15991
15992
24159
15991
15996
24160
15994
15997
24161
15993
15994
24162
15995
16004
24163
15995
16000
24164
16001
16006
24165
15997
15998
24166
15999
16000
24167
15999
16020
24168
16002
16021
24169
16001
16002
24170
16003
16012
24171
16003
16024
24172
16014
16025
24173
16005
16006
24174
16007
16008
24175
16007
16012
24176
16010
16013
24177
16009
16010
24178
16011
16052
24179
16011
16016
24180
16017
16054
24181
16013
16014
24182
16015
16016
24183
16015
16036
24184
16018
16037
24185
16017
16018
24186
16019
16060
24187
16019
16040
24188
16041
16062
24189
16021
16022
24190
16023
16024
24191
16023
16028
24192
16026
16029
24193
16025
16026
24194
16027
16036
24195
16027
16032
24196
16033
16038
24197
16029
16030
24198
16031
16032
24199
16031
17299
24200
16034
17300
24201
16033
16034
24202
16035
16044
24203
16035
17303
24204
16046
17304
24205
16037
16038
24206
16039
16040
24207
16039
16044
24208
16042
16045
24209
16041
16042
24210
16043
16084
24211
16043
16048
24212
16049
16086
24213
16045
16046
24214
16047
16048
24215
16047
17315
24216
16050
17316
24217
16049
16050
24218
16051
16092
24219
16051
17319
24220
16094
17320
24221
16053
16054
24222
16055
16056
24223
16055
16060
24224
16058
16061
24225
16057
16058
24226
16059
16068
24227
16059
16064
24228
16065
16070
24229
16061
16062
24230
16063
16064
24231
16063
16084
24232
16066
16085
24233
16065
16066
24234
16067
16076
24235
16067
16088
24236
16078
16089
24237
16069
16070
24238
16071
16072
24239
16071
16076
24240
16074
16077
24241
16073
16074
24242
16075
16810
24243
16075
16080
24244
16081
16812
24245
16077
16078
24246
16079
16080
24247
16079
16100
24248
16082
16101
24249
16081
16082
24250
16083
16818
24251
16083
16104
24252
16105
16820
24253
16085
16086
24254
16087
16088
24255
16087
16092
24256
16090
16093
24257
16089
16090
24258
16091
16100
24259
16091
16096
24260
16097
16102
24261
16093
16094
24262
16095
16096
24263
16095
17355
24264
16098
17356
24265
16097
16098
24266
16099
16108
24267
16099
17359
24268
16110
17360
24269
16101
16102
24270
16103
16104
24271
16103
16108
24272
16106
16109
24273
16105
16106
24274
16107
16842
24275
16107
16112
24276
16113
16844
24277
16109
16110
24278
16111
16112
24279
16111
17371
24280
16114
17372
24281
16113
16114
24282
16115
16850
24283
16115
17375
24284
16852
17376
24285
16117
16127
16155
20382
20383
16131
16159
20239
20384
20385
16120
16121
16124
20388
16120
16122
16125
20389
20390
16123
16124
16126
16123
16124
16134
20391
16123
16129
20246
20392
20393
16124
16130
16135
16133
16136
16137
16138
16139
16186
16126
16127
16129
20394
16128
16130
16133
16128
16131
16178
16132
16133
16178
16130
16131
16140
20395
16132
16133
16141
16132
16142
16178
16133
16143
16178
16144
16145
16146
16147
16179
16188
16135
16136
20396
24288
16138
16141
20247
24291
16137
16138
24292
16139
24293
24294
16139
16144
24295
16145
24296
24297
16141
16142
20248
20399
24298
16143
16144
24299
16143
16182
20240
24300
16146
16183
24301
16145
16146
24302
16147
24303
24304
16147
24305
24306
24307
24308
24309
16150
16151
16154
20400
20401
16150
16152
16162
20402
16153
16156
16162
16153
16158
20253
20403
20404
16153
16162
16164
20405
16160
16162
16165
16155
16156
16158
20406
16157
16159
16178
16157
16160
16163
16161
16163
16178
16159
16160
16166
20407
16161
16167
16178
16161
16163
16168
16163
16169
16178
16163
16170
16171
16172
16173
16202
16174
16175
16176
16177
16180
16203
16165
16170
20410
24312
16168
16171
20255
24313
16167
16168
20254
20411
24314
16169
16182
20241
24315
16169
16174
24316
16175
16184
24317
16171
16172
24318
16173
16174
24319
16173
24320
24321
16176
24322
24323
16175
16176
24324
16177
24325
24326
16177
24327
24328
24329
24330
24331
16179
16180
16182
16183
16184
16185
16181
16194
24332
16181
16206
24333
16196
16207
24334
16183
16184
24335
16185
24336
24337
16185
24338
24339
24340
24341
24342
16187
16188
24343
16189
16190
24344
16189
16194
24345
16192
16195
24346
16191
16192
24347
16193
16234
24348
16193
16198
24349
16199
16236
24350
16195
16196
24351
16197
16198
24352
16197
16218
24353
16200
16219
24354
16199
16200
24355
16201
16242
24356
16201
16222
24357
16223
16244
24358
16203
16204
24359
16205
16206
24360
16205
16210
24361
16208
16211
24362
16207
16208
24363
16209
16218
24364
16209
16214
24365
16215
16220
24366
16211
16212
24367
16213
16214
24368
16213
16298
24369
16216
16299
24370
16215
16216
24371
16217
16226
24372
16217
16302
24373
16228
16303
24374
16219
16220
24375
16221
16222
24376
16221
16226
24377
16224
16227
24378
16223
16224
24379
16225
16266
24380
16225
16230
24381
16231
16268
24382
16227
16228
24383
16229
16230
24384
16229
16314
24385
16232
16315
24386
16231
16232
24387
16233
16274
24388
16233
16318
24389
16276
16319
24390
16235
16236
24391
16237
16238
24392
16237
16242
24393
16240
16243
24394
16239
16240
24395
16241
16250
24396
16241
16246
24397
16247
16252
24398
16243
16244
24399
16245
16246
24400
16245
16266
24401
16248
16267
24402
16247
16248
24403
16249
16258
24404
16249
16270
24405
16260
16271
24406
16251
16252
24407
16253
16254
24408
16253
16258
24409
16256
16259
24410
16255
16256
24411
16257
16426
24412
16257
16262
24413
16263
16428
24414
16259
16260
24415
16261
16262
24416
16261
16282
24417
16264
16283
24418
16263
16264
24419
16265
16434
24420
16265
16286
24421
16287
16436
24422
16267
16268
24423
16269
16270
24424
16269
16274
24425
16272
16275
24426
16271
16272
24427
16273
16282
24428
16273
16278
24429
16279
16284
24430
16275
16276
24431
16277
16278
24432
16277
16362
24433
16280
16363
24434
16279
16280
24435
16281
16290
24436
16281
16366
24437
16292
16367
24438
16283
16284
24439
16285
16286
24440
16285
16290
24441
16288
16291
24442
16287
16288
24443
16289
16458
24444
16289
16294
24445
16295
16460
24446
16291
16292
24447
16293
16294
24448
16293
16378
24449
16296
16379
24450
16295
16296
24451
16297
16466
24452
16297
16382
24453
16383
16468
24454
16299
16300
24455
16301
16302
24456
16301
16306
24457
16304
16307
24458
16303
16304
24459
16305
16314
24460
16305
16310
24461
16311
16316
24462
16307
16308
24463
16309
16310
24464
16309
16330
24465
16312
16331
24466
16311
16312
24467
16313
16322
24468
16313
16334
24469
16324
16335
24470
16315
16316
24471
16317
16318
24472
16317
16322
24473
16320
16323
24474
16319
16320
24475
16321
16362
24476
16321
16326
24477
16327
16364
24478
16323
16324
24479
16325
16326
24480
16325
16346
24481
16328
16347
24482
16327
16328
24483
16329
16370
24484
16329
16350
24485
16351
16372
24486
16331
16332
24487
16333
16334
24488
16333
16338
24489
16336
16339
24490
16335
16336
24491
16337
16346
24492
16337
16342
24493
16343
16348
24494
16339
16340
24495
16341
16342
24496
16341
16682
24497
16344
16683
24498
16343
16344
24499
16345
16354
24500
16345
16686
24501
16356
16687
24502
16347
16348
24503
16349
16350
24504
16349
16354
24505
16352
16355
24506
16351
16352
24507
16353
16394
24508
16353
16358
24509
16359
16396
24510
16355
16356
24511
16357
16358
24512
16357
16698
24513
16360
16699
24514
16359
16360
24515
16361
16402
24516
16361
16702
24517
16404
16703
24518
16363
16364
24519
16365
16366
24520
16365
16370
24521
16368
16371
24522
16367
16368
24523
16369
16378
24524
16369
16374
24525
16375
16380
24526
16371
16372
24527
16373
16374
24528
16373
16394
24529
16376
16395
24530
16375
16376
24531
16377
16386
24532
16377
16398
24533
16388
16399
24534
16379
16380
24535
16381
16382
24536
16381
16386
24537
16384
16387
24538
16383
16384
24539
16385
16554
24540
16385
16390
24541
16391
16556
24542
16387
16388
24543
16389
16390
24544
16389
16410
24545
16392
16411
24546
16391
16392
24547
16393
16562
24548
16393
16414
24549
16415
16564
24550
16395
16396
24551
16397
16398
24552
16397
16402
24553
16400
16403
24554
16399
16400
24555
16401
16410
24556
16401
16406
24557
16407
16412
24558
16403
16404
24559
16405
16406
24560
16405
16746
24561
16408
16747
24562
16407
16408
24563
16409
16418
24564
16409
16750
24565
16420
16751
24566
16411
16412
24567
16413
16414
24568
16413
16418
24569
16416
16419
24570
16415
16416
24571
16417
16586
24572
16417
16422
24573
16423
16588
24574
16419
16420
24575
16421
16422
24576
16421
16762
24577
16424
16763
24578
16423
16424
24579
16425
16594
24580
16425
16766
24581
16596
16767
24582
16427
16428
24583
16429
16430
24584
16429
16434
24585
16432
16435
24586
16431
16432
24587
16433
16442
24588
16433
16438
24589
16439
16444
24590
16435
16436
24591
16437
16438
24592
16437
16458
24593
16440
16459
24594
16439
16440
24595
16441
16450
24596
16441
16462
24597
16452
16463
24598
16443
16444
24599
16445
16446
24600
16445
16450
24601
16448
16451
24602
16447
16448
24603
16449
16490
24604
16449
16454
24605
16455
16492
24606
16451
16452
24607
16453
16454
24608
16453
16474
24609
16456
16475
24610
16455
16456
24611
16457
16498
24612
16457
16478
24613
16479
16500
24614
16459
16460
24615
16461
16462
24616
16461
16466
24617
16464
16467
24618
16463
16464
24619
16465
16474
24620
16465
16470
24621
16471
16476
24622
16467
16468
24623
16469
16470
24624
16469
16554
24625
16472
16555
24626
16471
16472
24627
16473
16482
24628
16473
16558
24629
16484
16559
24630
16475
16476
24631
16477
16478
24632
16477
16482
24633
16480
16483
24634
16479
16480
24635
16481
16522
24636
16481
16486
24637
16487
16524
24638
16483
16484
24639
16485
16486
24640
16485
16570
24641
16488
16571
24642
16487
16488
24643
16489
16530
24644
16489
16574
24645
16532
16575
24646
16491
16492
24647
16493
16494
24648
16493
16498
24649
16496
16499
24650
16495
16496
24651
16497
16506
24652
16497
16502
24653
16503
16508
24654
16499
16500
24655
16501
16502
24656
16501
16522
24657
16504
16523
24658
16503
16504
24659
16505
16514
24660
16505
16526
24661
16516
16527
24662
16507
16508
24663
16509
16510
24664
16509
16514
24665
16512
16515
24666
16511
16512
24667
16513
17635
24668
16513
16518
24669
16519
17637
24670
16515
16516
24671
16517
16518
24672
16517
16538
24673
16520
16539
24674
16519
16520
24675
16521
17643
24676
16521
16542
24677
16543
17645
24678
16523
16524
24679
16525
16526
24680
16525
16530
24681
16528
16531
24682
16527
16528
24683
16529
16538
24684
16529
16534
24685
16535
16540
24686
16531
16532
24687
16533
16534
24688
16533
16618
24689
16536
16619
24690
16535
16536
24691
16537
16546
24692
16537
16622
24693
16548
16623
24694
16539
16540
24695
16541
16542
24696
16541
16546
24697
16544
16547
24698
16543
16544
24699
16545
17667
24700
16545
16550
24701
16551
17669
24702
16547
16548
24703
16549
16550
24704
16549
16634
24705
16552
16635
24706
16551
16552
24707
16553
17675
24708
16553
16638
24709
16639
17677
24710
16555
16556
24711
16557
16558
24712
16557
16562
24713
16560
16563
24714
16559
16560
24715
16561
16570
24716
16561
16566
24717
16567
16572
24718
16563
16564
24719
16565
16566
24720
16565
16586
24721
16568
16587
24722
16567
16568
24723
16569
16578
24724
16569
16590
24725
16580
16591
24726
16571
16572
24727
16573
16574
24728
16573
16578
24729
16576
16579
24730
16575
16576
24731
16577
16618
24732
16577
16582
24733
16583
16620
24734
16579
16580
24735
16581
16582
24736
16581
16602
24737
16584
16603
24738
16583
16584
24739
16585
16626
24740
16585
16606
24741
16607
16628
24742
16587
16588
24743
16589
16590
24744
16589
16594
24745
16592
16595
24746
16591
16592
24747
16593
16602
24748
16593
16598
24749
16599
16604
24750
16595
16596
24751
16597
16598
24752
16597
16938
24753
16600
16939
24754
16599
16600
24755
16601
16610
24756
16601
16942
24757
16612
16943
24758
16603
16604
24759
16605
16606
24760
16605
16610
24761
16608
16611
24762
16607
16608
24763
16609
16650
24764
16609
16614
24765
16615
16652
24766
16611
16612
24767
16613
16614
24768
16613
16954
24769
16616
16955
24770
16615
16616
24771
16617
16658
24772
16617
16958
24773
16660
16959
24774
16619
16620
24775
16621
16622
24776
16621
16626
24777
16624
16627
24778
16623
16624
24779
16625
16634
24780
16625
16630
24781
16631
16636
24782
16627
16628
24783
16629
16630
24784
16629
16650
24785
16632
16651
24786
16631
16632
24787
16633
16642
24788
16633
16654
24789
16644
16655
24790
16635
16636
24791
16637
16638
24792
16637
16642
24793
16640
16643
24794
16639
16640
24795
16641
17763
24796
16641
16646
24797
16647
17765
24798
16643
16644
24799
16645
16646
24800
16645
16666
24801
16648
16667
24802
16647
16648
24803
16649
17771
24804
16649
16670
24805
16671
17773
24806
16651
16652
24807
16653
16654
24808
16653
16658
24809
16656
16659
24810
16655
16656
24811
16657
16666
24812
16657
16662
24813
16663
16668
24814
16659
16660
24815
16661
16662
24816
16661
17002
24817
16664
17003
24818
16663
16664
24819
16665
16674
24820
16665
17006
24821
16676
17007
24822
16667
16668
24823
16669
16670
24824
16669
16674
24825
16672
16675
24826
16671
16672
24827
16673
17795
24828
16673
16678
24829
16679
17797
24830
16675
16676
24831
16677
16678
24832
16677
17018
24833
16680
17019
24834
16679
16680
24835
16681
17803
24836
16681
17022
24837
17023
17805
24838
16683
16684
24839
16685
16686
24840
16685
16690
24841
16688
16691
24842
16687
16688
24843
16689
16698
24844
16689
16694
24845
16695
16700
24846
16691
16692
24847
16693
16694
24848
16693
16714
24849
16696
16715
24850
16695
16696
24851
16697
16706
24852
16697
16718
24853
16708
16719
24854
16699
16700
24855
16701
16702
24856
16701
16706
24857
16704
16707
24858
16703
16704
24859
16705
16746
24860
16705
16710
24861
16711
16748
24862
16707
16708
24863
16709
16710
24864
16709
16730
24865
16712
16731
24866
16711
16712
24867
16713
16754
24868
16713
16734
24869
16735
16756
24870
16715
16716
24871
16717
16718
24872
16717
16722
24873
16720
16723
24874
16719
16720
24875
16721
16730
24876
16721
16726
24877
16727
16732
24878
16723
16724
24879
16725
16726
24880
16725
16810
24881
16728
16811
24882
16727
16728
24883
16729
16738
24884
16729
16814
24885
16740
16815
24886
16731
16732
24887
16733
16734
24888
16733
16738
24889
16736
16739
24890
16735
16736
24891
16737
16778
24892
16737
16742
24893
16743
16780
24894
16739
16740
24895
16741
16742
24896
16741
16826
24897
16744
16827
24898
16743
16744
24899
16745
16786
24900
16745
16830
24901
16788
16831
24902
16747
16748
24903
16749
16750
24904
16749
16754
24905
16752
16755
24906
16751
16752
24907
16753
16762
24908
16753
16758
24909
16759
16764
24910
16755
16756
24911
16757
16758
24912
16757
16778
24913
16760
16779
24914
16759
16760
24915
16761
16770
24916
16761
16782
24917
16772
16783
24918
16763
16764
24919
16765
16766
24920
16765
16770
24921
16768
16771
24922
16767
16768
24923
16769
16938
24924
16769
16774
24925
16775
16940
24926
16771
16772
24927
16773
16774
24928
16773
16794
24929
16776
16795
24930
16775
16776
24931
16777
16946
24932
16777
16798
24933
16799
16948
24934
16779
16780
24935
16781
16782
24936
16781
16786
24937
16784
16787
24938
16783
16784
24939
16785
16794
24940
16785
16790
24941
16791
16796
24942
16787
16788
24943
16789
16790
24944
16789
16874
24945
16792
16875
24946
16791
16792
24947
16793
16802
24948
16793
16878
24949
16804
16879
24950
16795
16796
24951
16797
16798
24952
16797
16802
24953
16800
16803
24954
16799
16800
24955
16801
16970
24956
16801
16806
24957
16807
16972
24958
16803
16804
24959
16805
16806
24960
16805
16890
24961
16808
16891
24962
16807
16808
24963
16809
16978
24964
16809
16894
24965
16895
16980
24966
16811
16812
24967
16813
16814
24968
16813
16818
24969
16816
16819
24970
16815
16816
24971
16817
16826
24972
16817
16822
24973
16823
16828
24974
16819
16820
24975
16821
16822
24976
16821
16842
24977
16824
16843
24978
16823
16824
24979
16825
16834
24980
16825
16846
24981
16836
16847
24982
16827
16828
24983
16829
16830
24984
16829
16834
24985
16832
16835
24986
16831
16832
24987
16833
16874
24988
16833
16838
24989
16839
16876
24990
16835
16836
24991
16837
16838
24992
16837
16858
24993
16840
16859
24994
16839
16840
24995
16841
16882
24996
16841
16862
24997
16863
16884
24998
16843
16844
24999
16845
16846
25000
16845
16850
25001
16848
16851
25002
16847
16848
25003
16849
16858
25004
16849
16854
25005
16855
16860
25006
16851
16852
25007
16853
16854
25008
16853
17411
25009
16856
17412
25010
16855
16856
25011
16857
16866
25012
16857
17415
25013
16868
17416
25014
16859
16860
25015
16861
16862
25016
16861
16866
25017
16864
16867
25018
16863
16864
25019
16865
16906
25020
16865
16870
25021
16871
16908
25022
16867
16868
25023
16869
16870
25024
16869
17427
25025
16872
17428
25026
16871
16872
25027
16873
16914
25028
16873
17431
25029
16916
17432
25030
16875
16876
25031
16877
16878
25032
16877
16882
25033
16880
16883
25034
16879
16880
25035
16881
16890
25036
16881
16886
25037
16887
16892
25038
16883
16884
25039
16885
16886
25040
16885
16906
25041
16888
16907
25042
16887
16888
25043
16889
16898
25044
16889
16910
25045
16900
16911
25046
16891
16892
25047
16893
16894
25048
16893
16898
25049
16896
16899
25050
16895
16896
25051
16897
17066
25052
16897
16902
25053
16903
17068
25054
16899
16900
25055
16901
16902
25056
16901
16922
25057
16904
16923
25058
16903
16904
25059
16905
17074
25060
16905
16926
25061
16927
17076
25062
16907
16908
25063
16909
16910
25064
16909
16914
25065
16912
16915
25066
16911
16912
25067
16913
16922
25068
16913
16918
25069
16919
16924
25070
16915
16916
25071
16917
16918
25072
16917
17467
25073
16920
17468
25074
16919
16920
25075
16921
16930
25076
16921
17471
25077
16932
17472
25078
16923
16924
25079
16925
16926
25080
16925
16930
25081
16928
16931
25082
16927
16928
25083
16929
17098
25084
16929
16934
25085
16935
17100
25086
16931
16932
25087
16933
16934
25088
16933
17483
25089
16936
17484
25090
16935
16936
25091
16937
17106
25092
16937
17487
25093
17108
17488
25094
16939
16940
25095
16941
16942
25096
16941
16946
25097
16944
16947
25098
16943
16944
25099
16945
16954
25100
16945
16950
25101
16951
16956
25102
16947
16948
25103
16949
16950
25104
16949
16970
25105
16952
16971
25106
16951
16952
25107
16953
16962
25108
16953
16974
25109
16964
16975
25110
16955
16956
25111
16957
16958
25112
16957
16962
25113
16960
16963
25114
16959
16960
25115
16961
17002
25116
16961
16966
25117
16967
17004
25118
16963
16964
25119
16965
16966
25120
16965
16986
25121
16968
16987
25122
16967
16968
25123
16969
17010
25124
16969
16990
25125
16991
17012
25126
16971
16972
25127
16973
16974
25128
16973
16978
25129
16976
16979
25130
16975
16976
25131
16977
16986
25132
16977
16982
25133
16983
16988
25134
16979
16980
25135
16981
16982
25136
16981
17066
25137
16984
17067
25138
16983
16984
25139
16985
16994
25140
16985
17070
25141
16996
17071
25142
16987
16988
25143
16989
16990
25144
16989
16994
25145
16992
16995
25146
16991
16992
25147
16993
17034
25148
16993
16998
25149
16999
17036
25150
16995
16996
25151
16997
16998
25152
16997
17082
25153
17000
17083
25154
16999
17000
25155
17001
17042
25156
17001
17086
25157
17044
17087
25158
17003
17004
25159
17005
17006
25160
17005
17010
25161
17008
17011
25162
17007
17008
25163
17009
17018
25164
17009
17014
25165
17015
17020
25166
17011
17012
25167
17013
17014
25168
17013
17034
25169
17016
17035
25170
17015
17016
25171
17017
17026
25172
17017
17038
25173
17028
17039
25174
17019
17020
25175
17021
17022
25176
17021
17026
25177
17024
17027
25178
17023
17024
25179
17025
18147
25180
17025
17030
25181
17031
18149
25182
17027
17028
25183
17029
17030
25184
17029
17050
25185
17032
17051
25186
17031
17032
25187
17033
18155
25188
17033
17054
25189
17055
18157
25190
17035
17036
25191
17037
17038
25192
17037
17042
25193
17040
17043
25194
17039
17040
25195
17041
17050
25196
17041
17046
25197
17047
17052
25198
17043
17044
25199
17045
17046
25200
17045
17130
25201
17048
17131
25202
17047
17048
25203
17049
17058
25204
17049
17134
25205
17060
17135
25206
17051
17052
25207
17053
17054
25208
17053
17058
25209
17056
17059
25210
17055
17056
25211
17057
18179
25212
17057
17062
25213
17063
18181
25214
17059
17060
25215
17061
17062
25216
17061
17146
25217
17064
17147
25218
17063
17064
25219
17065
18187
25220
17065
17150
25221
17151
18189
25222
17067
17068
25223
17069
17070
25224
17069
17074
25225
17072
17075
25226
17071
17072
25227
17073
17082
25228
17073
17078
25229
17079
17084
25230
17075
17076
25231
17077
17078
25232
17077
17098
25233
17080
17099
25234
17079
17080
25235
17081
17090
25236
17081
17102
25237
17092
17103
25238
17083
17084
25239
17085
17086
25240
17085
17090
25241
17088
17091
25242
17087
17088
25243
17089
17130
25244
17089
17094
25245
17095
17132
25246
17091
17092
25247
17093
17094
25248
17093
17114
25249
17096
17115
25250
17095
17096
25251
17097
17138
25252
17097
17118
25253
17119
17140
25254
17099
17100
25255
17101
17102
25256
17101
17106
25257
17104
17107
25258
17103
17104
25259
17105
17114
25260
17105
17110
25261
17111
17116
25262
17107
17108
25263
17109
17110
25264
17109
17523
25265
17112
17524
25266
17111
17112
25267
17113
17122
25268
17113
17527
25269
17124
17528
25270
17115
17116
25271
17117
17118
25272
17117
17122
25273
17120
17123
25274
17119
17120
25275
17121
17162
25276
17121
17126
25277
17127
17164
25278
17123
17124
25279
17125
17126
25280
17125
17539
25281
17128
17540
25282
17127
17128
25283
17129
17170
25284
17129
17543
25285
17172
17544
25286
17131
17132
25287
17133
17134
25288
17133
17138
25289
17136
17139
25290
17135
17136
25291
17137
17146
25292
17137
17142
25293
17143
17148
25294
17139
17140
25295
17141
17142
25296
17141
17162
25297
17144
17163
25298
17143
17144
25299
17145
17154
25300
17145
17166
25301
17156
17167
25302
17147
17148
25303
17149
17150
25304
17149
17154
25305
17152
17155
25306
17151
17152
25307
17153
18275
25308
17153
17158
25309
17159
18277
25310
17155
17156
25311
17157
17158
25312
17157
17178
25313
17160
17179
25314
17159
17160
25315
17161
18283
25316
17161
17182
25317
17183
18285
25318
17163
17164
25319
17165
17166
25320
17165
17170
25321
17168
17171
25322
17167
17168
25323
17169
17178
25324
17169
17174
25325
17175
17180
25326
17171
17172
25327
17173
17174
25328
17173
17579
25329
17176
17580
25330
17175
17176
25331
17177
17186
25332
17177
17583
25333
17188
17584
25334
17179
17180
25335
17181
17182
25336
17181
17186
25337
17184
17187
25338
17183
17184
25339
17185
18307
25340
17185
17190
25341
17191
18309
25342
17187
17188
25343
17189
17190
25344
17189
17595
25345
17192
17596
25346
17191
17192
25347
17193
18315
25348
17193
17599
25349
17600
18317
25350
17195
17196
20612
25351
17198
17200
20613
25352
17197
17198
25353
17199
17206
25354
17199
17202
25355
17203
17208
25356
17201
17202
20614
25357
17204
17222
20615
25358
17203
17204
25359
17205
17214
25360
17205
17224
25361
17216
17225
25362
17207
17208
25363
17209
17210
25364
17209
17214
25365
17212
17215
25366
17211
17212
25367
17213
17243
25368
17213
17218
25369
17219
17245
25370
17215
17216
25371
17217
17218
25372
17217
17231
25373
17220
17232
25374
17219
17220
25375
17221
17251
25376
17221
17235
25377
17236
17253
25378
17223
17224
20616
25379
17226
17228
20617
25380
17225
17226
25381
17227
17231
25382
17227
17229
25383
17230
17233
25384
17229
20618
20877
25385
17230
20878
25386
17239
20879
25387
17232
17233
25388
17234
17235
25389
17234
17239
25390
17237
17240
25391
17236
17237
25392
17238
17275
25393
17238
17241
25394
17242
17277
25395
17240
20880
25396
17241
20881
25397
17242
20882
25398
17283
20883
25399
17244
17245
25400
17246
17247
25401
17246
17251
25402
17249
17252
25403
17248
17249
25404
17250
17259
25405
17250
17255
25406
17256
17261
25407
17252
17253
25408
17254
17255
25409
17254
17275
25410
17257
17276
25411
17256
17257
25412
17258
17267
25413
17258
17279
25414
17269
17280
25415
17260
17261
25416
17262
17263
25417
17262
17267
25418
17265
17268
25419
17264
17265
25420
17266
17299
25421
17266
17271
25422
17272
17301
25423
17268
17269
25424
17270
17271
25425
17270
17287
25426
17273
17288
25427
17272
17273
25428
17274
17307
25429
17274
17291
25430
17292
17309
25431
17276
17277
25432
17278
17279
25433
17278
17283
25434
17281
17284
25435
17280
17281
25436
17282
17287
25437
17282
17285
25438
17286
17289
25439
17284
20884
25440
17285
20885
25441
17286
20886
25442
17295
20887
25443
17288
17289
25444
17290
17291
25445
17290
17295
25446
17293
17296
25447
17292
17293
25448
17294
17331
25449
17294
17297
25450
17298
17333
25451
17296
20888
25452
17297
20889
25453
17298
20890
25454
17339
20891
25455
17300
17301
25456
17302
17303
25457
17302
17307
25458
17305
17308
25459
17304
17305
25460
17306
17315
25461
17306
17311
25462
17312
17317
25463
17308
17309
25464
17310
17311
25465
17310
17331
25466
17313
17332
25467
17312
17313
25468
17314
17323
25469
17314
17335
25470
17325
17336
25471
17316
17317
25472
17318
17319
25473
17318
17323
25474
17321
17324
25475
17320
17321
25476
17322
17355
25477
17322
17327
25478
17328
17357
25479
17324
17325
25480
17326
17327
25481
17326
17343
25482
17329
17344
25483
17328
17329
25484
17330
17363
25485
17330
17347
25486
17348
17365
25487
17332
17333
25488
17334
17335
25489
17334
17339
25490
17337
17340
25491
17336
17337
25492
17338
17343
25493
17338
17341
25494
17342
17345
25495
17340
20892
25496
17341
20893
25497
17342
20894
25498
17351
20895
25499
17344
17345
25500
17346
17347
25501
17346
17351
25502
17349
17352
25503
17348
17349
25504
17350
17387
25505
17350
17353
25506
17354
17389
25507
17352
20896
25508
17353
20897
25509
17354
20898
25510
17395
20899
25511
17356
17357
25512
17358
17359
25513
17358
17363
25514
17361
17364
25515
17360
17361
25516
17362
17371
25517
17362
17367
25518
17368
17373
25519
17364
17365
25520
17366
17367
25521
17366
17387
25522
17369
17388
25523
17368
17369
25524
17370
17379
25525
17370
17391
25526
17381
17392
25527
17372
17373
25528
17374
17375
25529
17374
17379
25530
17377
17380
25531
17376
17377
25532
17378
17411
25533
17378
17383
25534
17384
17413
25535
17380
17381
25536
17382
17383
25537
17382
17399
25538
17385
17400
25539
17384
17385
25540
17386
17419
25541
17386
17403
25542
17404
17421
25543
17388
17389
25544
17390
17391
25545
17390
17395
25546
17393
17396
25547
17392
17393
25548
17394
17399
25549
17394
17397
25550
17398
17401
25551
17396
20900
25552
17397
20901
25553
17398
20902
25554
17407
20903
25555
17400
17401
25556
17402
17403
25557
17402
17407
25558
17405
17408
25559
17404
17405
25560
17406
17443
25561
17406
17409
25562
17410
17445
25563
17408
20904
25564
17409
20905
25565
17410
20906
25566
17451
20907
25567
17412
17413
25568
17414
17415
25569
17414
17419
25570
17417
17420
25571
17416
17417
25572
17418
17427
25573
17418
17423
25574
17424
17429
25575
17420
17421
25576
17422
17423
25577
17422
17443
25578
17425
17444
25579
17424
17425
25580
17426
17435
25581
17426
17447
25582
17437
17448
25583
17428
17429
25584
17430
17431
25585
17430
17435
25586
17433
17436
25587
17432
17433
25588
17434
17467
25589
17434
17439
25590
17440
17469
25591
17436
17437
25592
17438
17439
25593
17438
17455
25594
17441
17456
25595
17440
17441
25596
17442
17475
25597
17442
17459
25598
17460
17477
25599
17444
17445
25600
17446
17447
25601
17446
17451
25602
17449
17452
25603
17448
17449
25604
17450
17455
25605
17450
17453
25606
17454
17457
25607
17452
20908
25608
17453
20909
25609
17454
20910
25610
17463
20911
25611
17456
17457
25612
17458
17459
25613
17458
17463
25614
17461
17464
25615
17460
17461
25616
17462
17499
25617
17462
17465
25618
17466
17501
25619
17464
20912
25620
17465
20913
25621
17466
20914
25622
17507
20915
25623
17468
17469
25624
17470
17471
25625
17470
17475
25626
17473
17476
25627
17472
17473
25628
17474
17483
25629
17474
17479
25630
17480
17485
25631
17476
17477
25632
17478
17479
25633
17478
17499
25634
17481
17500
25635
17480
17481
25636
17482
17491
25637
17482
17503
25638
17493
17504
25639
17484
17485
25640
17486
17487
25641
17486
17491
25642
17489
17492
25643
17488
17489
25644
17490
17523
25645
17490
17495
25646
17496
17525
25647
17492
17493
25648
17494
17495
25649
17494
17511
25650
17497
17512
25651
17496
17497
25652
17498
17531
25653
17498
17515
25654
17516
17533
25655
17500
17501
25656
17502
17503
25657
17502
17507
25658
17505
17508
25659
17504
17505
25660
17506
17511
25661
17506
17509
25662
17510
17513
25663
17508
20916
25664
17509
20917
25665
17510
20918
25666
17519
20919
25667
17512
17513
25668
17514
17515
25669
17514
17519
25670
17517
17520
25671
17516
17517
25672
17518
17555
25673
17518
17521
25674
17522
17557
25675
17520
20920
25676
17521
20921
25677
17522
20922
25678
17563
20923
25679
17524
17525
25680
17526
17527
25681
17526
17531
25682
17529
17532
25683
17528
17529
25684
17530
17539
25685
17530
17535
25686
17536
17541
25687
17532
17533
25688
17534
17535
25689
17534
17555
25690
17537
17556
25691
17536
17537
25692
17538
17547
25693
17538
17559
25694
17549
17560
25695
17540
17541
25696
17542
17543
25697
17542
17547
25698
17545
17548
25699
17544
17545
25700
17546
17579
25701
17546
17551
25702
17552
17581
25703
17548
17549
25704
17550
17551
25705
17550
17567
25706
17553
17568
25707
17552
17553
25708
17554
17587
25709
17554
17571
25710
17572
17589
25711
17556
17557
25712
17558
17559
25713
17558
17563
25714
17561
17564
25715
17560
17561
25716
17562
17567
25717
17562
17565
25718
17566
17569
25719
17564
20924
25720
17565
20925
25721
17566
20926
25722
17575
20927
25723
17568
17569
25724
17570
17571
25725
17570
17575
25726
17573
17576
25727
17572
17573
25728
17574
17611
25729
17574
17577
25730
17578
17613
25731
17576
20928
25732
17577
20929
25733
17578
20930
25734
17619
20931
25735
17580
17581
25736
17582
17583
25737
17582
17587
25738
17585
17588
25739
17584
17585
25740
17586
17595
25741
17586
17591
25742
17592
17597
25743
17588
17589
25744
17590
17591
25745
17590
17611
25746
17593
17612
25747
17592
17593
25748
17594
17603
25749
17594
17615
25750
17605
17616
25751
17596
17597
25752
17598
17599
25753
17598
17603
25754
17601
17604
25755
17600
17601
25756
17602
19651
25757
17602
17607
25758
17608
19653
25759
17604
17605
25760
17606
17607
25761
17606
17623
25762
17609
17624
25763
17608
17609
25764
17610
19659
25765
17610
17627
25766
17628
19661
25767
17612
17613
25768
17614
17615
25769
17614
17619
25770
17617
17620
25771
17616
17617
25772
17618
17623
25773
17618
17621
25774
17622
17625
25775
17620
20932
25776
17621
20933
25777
17622
20934
25778
17631
20935
25779
17624
17625
25780
17626
17627
25781
17626
17631
25782
17629
17632
25783
17628
17629
25784
17630
19683
25785
17630
17633
25786
17634
19685
25787
17632
20936
25788
17633
20937
25789
17634
20938
25790
19691
20939
25791
17636
17637
25792
17638
17639
25793
17638
17643
25794
17641
17644
25795
17640
17641
25796
17642
17651
25797
17642
17647
25798
17648
17653
25799
17644
17645
25800
17646
17647
25801
17646
17667
25802
17649
17668
25803
17648
17649
25804
17650
17659
25805
17650
17671
25806
17661
17672
25807
17652
17653
25808
17654
17655
25809
17654
17659
25810
17657
17660
25811
17656
17657
25812
17658
17699
25813
17658
17663
25814
17664
17701
25815
17660
17661
25816
17662
17663
25817
17662
17683
25818
17665
17684
25819
17664
17665
25820
17666
17707
25821
17666
17687
25822
17688
17709
25823
17668
17669
25824
17670
17671
25825
17670
17675
25826
17673
17676
25827
17672
17673
25828
17674
17683
25829
17674
17679
25830
17680
17685
25831
17676
17677
25832
17678
17679
25833
17678
17763
25834
17681
17764
25835
17680
17681
25836
17682
17691
25837
17682
17767
25838
17693
17768
25839
17684
17685
25840
17686
17687
25841
17686
17691
25842
17689
17692
25843
17688
17689
25844
17690
17731
25845
17690
17695
25846
17696
17733
25847
17692
17693
25848
17694
17695
25849
17694
17779
25850
17697
17780
25851
17696
17697
25852
17698
17739
25853
17698
17783
25854
17741
17784
25855
17700
17701
25856
17702
17703
25857
17702
17707
25858
17705
17708
25859
17704
17705
25860
17706
17715
25861
17706
17711
25862
17712
17717
25863
17708
17709
25864
17710
17711
25865
17710
17731
25866
17713
17732
25867
17712
17713
25868
17714
17723
25869
17714
17735
25870
17725
17736
25871
17716
17717
25872
17718
17719
25873
17718
17723
25874
17721
17724
25875
17720
17721
25876
17722
17891
25877
17722
17727
25878
17728
17893
25879
17724
17725
25880
17726
17727
25881
17726
17747
25882
17729
17748
25883
17728
17729
25884
17730
17899
25885
17730
17751
25886
17752
17901
25887
17732
17733
25888
17734
17735
25889
17734
17739
25890
17737
17740
25891
17736
17737
25892
17738
17747
25893
17738
17743
25894
17744
17749
25895
17740
17741
25896
17742
17743
25897
17742
17827
25898
17745
17828
25899
17744
17745
25900
17746
17755
25901
17746
17831
25902
17757
17832
25903
17748
17749
25904
17750
17751
25905
17750
17755
25906
17753
17756
25907
17752
17753
25908
17754
17923
25909
17754
17759
25910
17760
17925
25911
17756
17757
25912
17758
17759
25913
17758
17843
25914
17761
17844
25915
17760
17761
25916
17762
17931
25917
17762
17847
25918
17848
17933
25919
17764
17765
25920
17766
17767
25921
17766
17771
25922
17769
17772
25923
17768
17769
25924
17770
17779
25925
17770
17775
25926
17776
17781
25927
17772
17773
25928
17774
17775
25929
17774
17795
25930
17777
17796
25931
17776
17777
25932
17778
17787
25933
17778
17799
25934
17789
17800
25935
17780
17781
25936
17782
17783
25937
17782
17787
25938
17785
17788
25939
17784
17785
25940
17786
17827
25941
17786
17791
25942
17792
17829
25943
17788
17789
25944
17790
17791
25945
17790
17811
25946
17793
17812
25947
17792
17793
25948
17794
17835
25949
17794
17815
25950
17816
17837
25951
17796
17797
25952
17798
17799
25953
17798
17803
25954
17801
17804
25955
17800
17801
25956
17802
17811
25957
17802
17807
25958
17808
17813
25959
17804
17805
25960
17806
17807
25961
17806
18147
25962
17809
18148
25963
17808
17809
25964
17810
17819
25965
17810
18151
25966
17821
18152
25967
17812
17813
25968
17814
17815
25969
17814
17819
25970
17817
17820
25971
17816
17817
25972
17818
17859
25973
17818
17823
25974
17824
17861
25975
17820
17821
25976
17822
17823
25977
17822
18163
25978
17825
18164
25979
17824
17825
25980
17826
17867
25981
17826
18167
25982
17869
18168
25983
17828
17829
25984
17830
17831
25985
17830
17835
25986
17833
17836
25987
17832
17833
25988
17834
17843
25989
17834
17839
25990
17840
17845
25991
17836
17837
25992
17838
17839
25993
17838
17859
25994
17841
17860
25995
17840
17841
25996
17842
17851
25997
17842
17863
25998
17853
17864
25999
17844
17845
26000
17846
17847
26001
17846
17851
26002
17849
17852
26003
17848
17849
26004
17850
18019
26005
17850
17855
26006
17856
18021
26007
17852
17853
26008
17854
17855
26009
17854
17875
26010
17857
17876
26011
17856
17857
26012
17858
18027
26013
17858
17879
26014
17880
18029
26015
17860
17861
26016
17862
17863
26017
17862
17867
26018
17865
17868
26019
17864
17865
26020
17866
17875
26021
17866
17871
26022
17872
17877
26023
17868
17869
26024
17870
17871
26025
17870
18211
26026
17873
18212
26027
17872
17873
26028
17874
17883
26029
17874
18215
26030
17885
18216
26031
17876
17877
26032
17878
17879
26033
17878
17883
26034
17881
17884
26035
17880
17881
26036
17882
18051
26037
17882
17887
26038
17888
18053
26039
17884
17885
26040
17886
17887
26041
17886
18227
26042
17889
18228
26043
17888
17889
26044
17890
18059
26045
17890
18231
26046
18061
18232
26047
17892
17893
26048
17894
17895
26049
17894
17899
26050
17897
17900
26051
17896
17897
26052
17898
17907
26053
17898
17903
26054
17904
17909
26055
17900
17901
26056
17902
17903
26057
17902
17923
26058
17905
17924
26059
17904
17905
26060
17906
17915
26061
17906
17927
26062
17917
17928
26063
17908
17909
26064
17910
17911
26065
17910
17915
26066
17913
17916
26067
17912
17913
26068
17914
17955
26069
17914
17919
26070
17920
17957
26071
17916
17917
26072
17918
17919
26073
17918
17939
26074
17921
17940
26075
17920
17921
26076
17922
17963
26077
17922
17943
26078
17944
17965
26079
17924
17925
26080
17926
17927
26081
17926
17931
26082
17929
17932
26083
17928
17929
26084
17930
17939
26085
17930
17935
26086
17936
17941
26087
17932
17933
26088
17934
17935
26089
17934
18019
26090
17937
18020
26091
17936
17937
26092
17938
17947
26093
17938
18023
26094
17949
18024
26095
17940
17941
26096
17942
17943
26097
17942
17947
26098
17945
17948
26099
17944
17945
26100
17946
17987
26101
17946
17951
26102
17952
17989
26103
17948
17949
26104
17950
17951
26105
17950
18035
26106
17953
18036
26107
17952
17953
26108
17954
17995
26109
17954
18039
26110
17997
18040
26111
17956
17957
26112
17958
17959
26113
17958
17963
26114
17961
17964
26115
17960
17961
26116
17962
17971
26117
17962
17967
26118
17968
17973
26119
17964
17965
26120
17966
17967
26121
17966
17987
26122
17969
17988
26123
17968
17969
26124
17970
17979
26125
17970
17991
26126
17981
17992
26127
17972
17973
26128
17974
17975
26129
17974
17979
26130
17977
17980
26131
17976
17977
26132
17978
18659
26133
17978
17983
26134
17984
18661
26135
17980
17981
26136
17982
17983
26137
17982
18003
26138
17985
18004
26139
17984
17985
26140
17986
18667
26141
17986
18007
26142
18008
18669
26143
17988
17989
26144
17990
17991
26145
17990
17995
26146
17993
17996
26147
17992
17993
26148
17994
18003
26149
17994
17999
26150
18000
18005
26151
17996
17997
26152
17998
17999
26153
17998
18083
26154
18001
18084
26155
18000
18001
26156
18002
18011
26157
18002
18087
26158
18013
18088
26159
18004
18005
26160
18006
18007
26161
18006
18011
26162
18009
18012
26163
18008
18009
26164
18010
18691
26165
18010
18015
26166
18016
18693
26167
18012
18013
26168
18014
18015
26169
18014
18099
26170
18017
18100
26171
18016
18017
26172
18018
18699
26173
18018
18103
26174
18104
18701
26175
18020
18021
26176
18022
18023
26177
18022
18027
26178
18025
18028
26179
18024
18025
26180
18026
18035
26181
18026
18031
26182
18032
18037
26183
18028
18029
26184
18030
18031
26185
18030
18051
26186
18033
18052
26187
18032
18033
26188
18034
18043
26189
18034
18055
26190
18045
18056
26191
18036
18037
26192
18038
18039
26193
18038
18043
26194
18041
18044
26195
18040
18041
26196
18042
18083
26197
18042
18047
26198
18048
18085
26199
18044
18045
26200
18046
18047
26201
18046
18067
26202
18049
18068
26203
18048
18049
26204
18050
18091
26205
18050
18071
26206
18072
18093
26207
18052
18053
26208
18054
18055
26209
18054
18059
26210
18057
18060
26211
18056
18057
26212
18058
18067
26213
18058
18063
26214
18064
18069
26215
18060
18061
26216
18062
18063
26217
18062
18403
26218
18065
18404
26219
18064
18065
26220
18066
18075
26221
18066
18407
26222
18077
18408
26223
18068
18069
26224
18070
18071
26225
18070
18075
26226
18073
18076
26227
18072
18073
26228
18074
18115
26229
18074
18079
26230
18080
18117
26231
18076
18077
26232
18078
18079
26233
18078
18419
26234
18081
18420
26235
18080
18081
26236
18082
18123
26237
18082
18423
26238
18125
18424
26239
18084
18085
26240
18086
18087
26241
18086
18091
26242
18089
18092
26243
18088
18089
26244
18090
18099
26245
18090
18095
26246
18096
18101
26247
18092
18093
26248
18094
18095
26249
18094
18115
26250
18097
18116
26251
18096
18097
26252
18098
18107
26253
18098
18119
26254
18109
18120
26255
18100
18101
26256
18102
18103
26257
18102
18107
26258
18105
18108
26259
18104
18105
26260
18106
18787
26261
18106
18111
26262
18112
18789
26263
18108
18109
26264
18110
18111
26265
18110
18131
26266
18113
18132
26267
18112
18113
26268
18114
18795
26269
18114
18135
26270
18136
18797
26271
18116
18117
26272
18118
18119
26273
18118
18123
26274
18121
18124
26275
18120
18121
26276
18122
18131
26277
18122
18127
26278
18128
18133
26279
18124
18125
26280
18126
18127
26281
18126
18467
26282
18129
18468
26283
18128
18129
26284
18130
18139
26285
18130
18471
26286
18141
18472
26287
18132
18133
26288
18134
18135
26289
18134
18139
26290
18137
18140
26291
18136
18137
26292
18138
18819
26293
18138
18143
26294
18144
18821
26295
18140
18141
26296
18142
18143
26297
18142
18483
26298
18145
18484
26299
18144
18145
26300
18146
18827
26301
18146
18487
26302
18488
18829
26303
18148
18149
26304
18150
18151
26305
18150
18155
26306
18153
18156
26307
18152
18153
26308
18154
18163
26309
18154
18159
26310
18160
18165
26311
18156
18157
26312
18158
18159
26313
18158
18179
26314
18161
18180
26315
18160
18161
26316
18162
18171
26317
18162
18183
26318
18173
18184
26319
18164
18165
26320
18166
18167
26321
18166
18171
26322
18169
18172
26323
18168
18169
26324
18170
18211
26325
18170
18175
26326
18176
18213
26327
18172
18173
26328
18174
18175
26329
18174
18195
26330
18177
18196
26331
18176
18177
26332
18178
18219
26333
18178
18199
26334
18200
18221
26335
18180
18181
26336
18182
18183
26337
18182
18187
26338
18185
18188
26339
18184
18185
26340
18186
18195
26341
18186
18191
26342
18192
18197
26343
18188
18189
26344
18190
18191
26345
18190
18275
26346
18193
18276
26347
18192
18193
26348
18194
18203
26349
18194
18279
26350
18205
18280
26351
18196
18197
26352
18198
18199
26353
18198
18203
26354
18201
18204
26355
18200
18201
26356
18202
18243
26357
18202
18207
26358
18208
18245
26359
18204
18205
26360
18206
18207
26361
18206
18291
26362
18209
18292
26363
18208
18209
26364
18210
18251
26365
18210
18295
26366
18253
18296
26367
18212
18213
26368
18214
18215
26369
18214
18219
26370
18217
18220
26371
18216
18217
26372
18218
18227
26373
18218
18223
26374
18224
18229
26375
18220
18221
26376
18222
18223
26377
18222
18243
26378
18225
18244
26379
18224
18225
26380
18226
18235
26381
18226
18247
26382
18237
18248
26383
18228
18229
26384
18230
18231
26385
18230
18235
26386
18233
18236
26387
18232
18233
26388
18234
18403
26389
18234
18239
26390
18240
18405
26391
18236
18237
26392
18238
18239
26393
18238
18259
26394
18241
18260
26395
18240
18241
26396
18242
18411
26397
18242
18263
26398
18264
18413
26399
18244
18245
26400
18246
18247
26401
18246
18251
26402
18249
18252
26403
18248
18249
26404
18250
18259
26405
18250
18255
26406
18256
18261
26407
18252
18253
26408
18254
18255
26409
18254
18339
26410
18257
18340
26411
18256
18257
26412
18258
18267
26413
18258
18343
26414
18269
18344
26415
18260
18261
26416
18262
18263
26417
18262
18267
26418
18265
18268
26419
18264
18265
26420
18266
18435
26421
18266
18271
26422
18272
18437
26423
18268
18269
26424
18270
18271
26425
18270
18355
26426
18273
18356
26427
18272
18273
26428
18274
18443
26429
18274
18359
26430
18360
18445
26431
18276
18277
26432
18278
18279
26433
18278
18283
26434
18281
18284
26435
18280
18281
26436
18282
18291
26437
18282
18287
26438
18288
18293
26439
18284
18285
26440
18286
18287
26441
18286
18307
26442
18289
18308
26443
18288
18289
26444
18290
18299
26445
18290
18311
26446
18301
18312
26447
18292
18293
26448
18294
18295
26449
18294
18299
26450
18297
18300
26451
18296
18297
26452
18298
18339
26453
18298
18303
26454
18304
18341
26455
18300
18301
26456
18302
18303
26457
18302
18323
26458
18305
18324
26459
18304
18305
26460
18306
18347
26461
18306
18327
26462
18328
18349
26463
18308
18309
26464
18310
18311
26465
18310
18315
26466
18313
18316
26467
18312
18313
26468
18314
18323
26469
18314
18319
26470
18320
18325
26471
18316
18317
26472
18318
18319
26473
18318
19651
26474
18321
19652
26475
18320
18321
26476
18322
18331
26477
18322
19655
26478
18333
19656
26479
18324
18325
26480
18326
18327
26481
18326
18331
26482
18329
18332
26483
18328
18329
26484
18330
18371
26485
18330
18335
26486
18336
18373
26487
18332
18333
26488
18334
18335
26489
18334
19667
26490
18337
19668
26491
18336
18337
26492
18338
18379
26493
18338
19671
26494
18381
19672
26495
18340
18341
26496
18342
18343
26497
18342
18347
26498
18345
18348
26499
18344
18345
26500
18346
18355
26501
18346
18351
26502
18352
18357
26503
18348
18349
26504
18350
18351
26505
18350
18371
26506
18353
18372
26507
18352
18353
26508
18354
18363
26509
18354
18375
26510
18365
18376
26511
18356
18357
26512
18358
18359
26513
18358
18363
26514
18361
18364
26515
18360
18361
26516
18362
18531
26517
18362
18367
26518
18368
18533
26519
18364
18365
26520
18366
18367
26521
18366
18387
26522
18369
18388
26523
18368
18369
26524
18370
18539
26525
18370
18391
26526
18392
18541
26527
18372
18373
26528
18374
18375
26529
18374
18379
26530
18377
18380
26531
18376
18377
26532
18378
18387
26533
18378
18383
26534
18384
18389
26535
18380
18381
26536
18382
18383
26537
18382
19707
26538
18385
19708
26539
18384
18385
26540
18386
18395
26541
18386
19711
26542
18397
19712
26543
18388
18389
26544
18390
18391
26545
18390
18395
26546
18393
18396
26547
18392
18393
26548
18394
18563
26549
18394
18399
26550
18400
18565
26551
18396
18397
26552
18398
18399
26553
18398
19723
26554
18401
19724
26556
18400
18401
26558
18402
18571
26560
18402
19727
26562
18573
19728
26564
18404
18405
26567
18406
18407
26570
18406
18411
26572
18409
18412
26574
18408
18409
26576
18410
18419
26578
18410
18415
26581
18416
18421
26584
18412
18413
26587
18414
18415
26590
18414
18435
26592
18417
18436
26594
18416
18417
26597
18418
18427
26600
18418
18439
26602
18429
18440
26604
18420
18421
26607
18422
18423
26610
18422
18427
26613
18425
18428
26616
18424
18425
26619
18426
18467
26622
18426
18431
26625
18432
18469
26628
18428
18429
26631
18430
18431
26634
18430
18451
26636
18433
18452
26638
18432
18433
26640
18434
18475
26642
18434
18455
26645
18456
18477
26648
18436
18437
26651
18438
18439
26654
18438
18443
26656
18441
18444
26658
18440
18441
26660
18442
18451
26662
18442
18447
26665
18448
18453
26668
18444
18445
26671
18446
18447
26674
18446
18531
26677
18449
18532
26680
18448
18449
26683
18450
18459
26686
18450
18535
26689
18461
18536
26692
18452
18453
26695
18454
18455
26698
18454
18459
26701
18457
18460
26704
18456
18457
26707
18458
18499
26710
18458
18463
26713
18464
18501
26716
18460
18461
26719
18462
18463
26722
18462
18547
26724
18465
18548
26726
18464
18465
26728
18466
18507
26730
18466
18551
26733
18509
18552
26736
18468
18469
26739
18470
18471
26742
18470
18475
26744
18473
18476
26746
18472
18473
26748
18474
18483
26750
18474
18479
26753
18480
18485
26756
18476
18477
26759
18478
18479
26762
18478
18499
26765
18481
18500
26768
18480
18481
26771
18482
18491
26774
18482
18503
26777
18493
18504
26780
18484
18485
26783
18486
18487
26786
18486
18491
26789
18489
18492
26792
18488
18489
26795
18490
19155
26798
18490
18495
26801
18496
19157
26804
18492
18493
26807
18494
18495
26810
18494
18515
26812
18497
18516
26814
18496
18497
26816
18498
19163
26818
18498
18519
26821
18520
19165
26824
18500
18501
26827
18502
18503
26830
18502
18507
26832
18505
18508
26834
18504
18505
26836
18506
18515
26838
18506
18511
26841
18512
18517
26844
18508
18509
26847
18510
18511
26850
18510
18595
26853
18513
18596
26856
18512
18513
26859
18514
18523
26862
18514
18599
26865
18525
18600
26868
18516
18517
26871
18518
18519
26874
18518
18523
26877
18521
18524
26880
18520
18521
26883
18522
19187
26886
18522
18527
26889
18528
19189
26892
18524
18525
26895
18526
18527
26898
18526
18611
26900
18529
18612
26902
18528
18529
26904
18530
19195
26906
18530
18615
26909
18616
19197
26912
18532
18533
26915
18534
18535
26918
18534
18539
26920
18537
18540
26922
18536
18537
26924
18538
18547
26926
18538
18543
26929
18544
18549
26932
18540
18541
26935
18542
18543
26938
18542
18563
26941
18545
18564
26944
18544
18545
26947
18546
18555
26950
18546
18567
26953
18557
18568
26956
18548
18549
26959
18550
18551
26962
18550
18555
26965
18553
18556
26968
18552
18553
26971
18554
18595
26974
18554
18559
26977
18560
18597
26980
18556
18557
26983
18558
18559
26986
18558
18579
26988
18561
18580
26990
18560
18561
26992
18562
18603
26994
18562
18583
26997
18584
18605
27000
18564
18565
27003
18566
18567
27006
18566
18571
27008
18569
18572
27010
18568
18569
27012
18570
18579
27014
18570
18575
27017
18576
18581
27020
18572
18573
27023
18574
18575
27026
18574
19763
27029
18577
19764
27032
18576
18577
27035
18578
18587
27038
18578
19767
27041
18589
19768
27044
18580
18581
27047
18582
18583
27050
18582
18587
27053
18585
18588
27056
18584
18585
27059
18586
18627
27062
18586
18591
27065
18592
18629
27068
18588
18589
27071
18590
18591
27074
18590
19779
27076
18593
19780
27078
18592
18593
27080
18594
18635
27082
18594
19783
27085
18637
19784
27088
18596
18597
27091
18598
18599
27094
18598
18603
27096
18601
18604
27098
18600
18601
27100
18602
18611
27102
18602
18607
27105
18608
18613
27108
18604
18605
27111
18606
18607
27114
18606
18627
27117
18609
18628
27120
18608
18609
27123
18610
18619
27126
18610
18631
27129
18621
18632
27132
18612
18613
27135
18614
18615
27138
18614
18619
27141
18617
18620
27144
18616
18617
27147
18618
19283
27150
18618
18623
27153
18624
19285
27156
18620
18621
27159
18622
18623
27162
18622
18643
27164
18625
18644
27166
18624
18625
27168
18626
19291
27170
18626
18647
27173
18648
19293
27176
18628
18629
27179
18630
18631
27182
18630
18635
27184
18633
18636
27186
18632
18633
27188
18634
18643
27190
18634
18639
27193
18640
18645
27196
18636
18637
27199
18638
18639
27202
18638
19819
27205
18641
19820
27208
18640
18641
27211
18642
18651
27214
18642
19823
27217
18653
19824
27220
18644
18645
27223
18646
18647
27226
18646
18651
27229
18649
18652
27232
18648
18649
27235
18650
19315
27238
18650
18655
27241
18656
19317
27244
18652
18653
27247
18654
18655
27250
18654
19835
27252
18657
19836
27254
18656
18657
27257
18658
19323
27260
18658
19839
27262
19325
19840
27264
18660
18661
27267
18662
18663
27270
18662
18667
27273
18665
18668
27276
18664
18665
27279
18666
18675
27282
18666
18671
27285
18672
18677
27288
18668
18669
27291
18670
18671
27294
18670
18691
27296
18673
18692
27298
18672
18673
27301
18674
18683
27304
18674
18695
27306
18685
18696
27308
18676
18677
27311
18678
18679
27314
18678
18683
27317
18681
18684
27320
18680
18681
27323
18682
18723
27326
18682
18687
27329
18688
18725
27332
18684
18685
27335
18686
18687
27338
18686
18707
27341
18689
18708
27344
18688
18689
27347
18690
18731
27350
18690
18711
27353
18712
18733
27356
18692
18693
27359
18694
18695
27362
18694
18699
27365
18697
18700
27368
18696
18697
27371
18698
18707
27374
18698
18703
27377
18704
18709
27380
18700
18701
27383
18702
18703
27386
18702
18787
27389
18705
18788
27392
18704
18705
27395
18706
18715
27398
18706
18791
27401
18717
18792
27404
18708
18709
27407
18710
18711
27410
18710
18715
27413
18713
18716
27416
18712
18713
27419
18714
18755
27422
18714
18719
27425
18720
18757
27428
18716
18717
27431
18718
18719
27434
18718
18803
27436
18721
18804
27438
18720
18721
27441
18722
18763
27444
18722
18807
27446
18765
18808
27448
18724
18725
27451
18726
18727
27454
18726
18731
27457
18729
18732
27460
18728
18729
27463
18730
18739
27466
18730
18735
27469
18736
18741
27472
18732
18733
27475
18734
18735
27478
18734
18755
27480
18737
18756
27482
18736
18737
27485
18738
18747
27488
18738
18759
27490
18749
18760
27492
18740
18741
27495
18742
18743
27498
18742
18747
27501
18745
18748
27504
18744
18745
27507
18746
18915
27510
18746
18751
27513
18752
18917
27516
18748
18749
27519
18750
18751
27522
18750
18771
27525
18753
18772
27528
18752
18753
27531
18754
18923
27534
18754
18775
27537
18776
18925
27540
18756
18757
27543
18758
18759
27546
18758
18763
27549
18761
18764
27552
18760
18761
27555
18762
18771
27558
18762
18767
27561
18768
18773
27564
18764
18765
27567
18766
18767
27570
18766
18851
27573
18769
18852
27576
18768
18769
27579
18770
18779
27582
18770
18855
27585
18781
18856
27588
18772
18773
27591
18774
18775
27594
18774
18779
27597
18777
18780
27600
18776
18777
27603
18778
18947
27606
18778
18783
27609
18784
18949
27612
18780
18781
27615
18782
18783
27618
18782
18867
27621
18785
18868
27624
18784
18785
27627
18786
18955
27630
18786
18871
27633
18872
18957
27636
18788
18789
27639
18790
18791
27642
18790
18795
27645
18793
18796
27648
18792
18793
27651
18794
18803
27654
18794
18799
27657
18800
18805
27660
18796
18797
27663
18798
18799
27666
18798
18819
27669
18801
18820
27672
18800
18801
27675
18802
18811
27678
18802
18823
27681
18813
18824
27684
18804
18805
27687
18806
18807
27690
18806
18811
27693
18809
18812
27696
18808
18809
27699
18810
18851
27702
18810
18815
27705
18816
18853
27708
18812
18813
27711
18814
18815
27714
18814
18835
27717
18817
18836
27720
18816
18817
27723
18818
18859
27726
18818
18839
27729
18840
18861
27732
18820
18821
27735
18822
18823
27738
18822
18827
27741
18825
18828
27744
18824
18825
27747
18826
18835
27750
18826
18831
27753
18832
18837
27756
18828
18829
27759
18830
18831
27762
18830
19155
27765
18833
19156
27768
18832
18833
27771
18834
18843
27774
18834
19159
27777
18845
19160
27780
18836
18837
27783
18838
18839
27786
18838
18843
27789
18841
18844
27792
18840
18841
27795
18842
18883
27798
18842
18847
27801
18848
18885
27804
18844
18845
27807
18846
18847
27810
18846
19171
27813
18849
19172
27816
18848
18849
27819
18850
18891
27822
18850
19175
27825
18893
19176
27828
18852
18853
27831
18854
18855
27834
18854
18859
27837
18857
18860
27840
18856
18857
27843
18858
18867
27846
18858
18863
27849
18864
18869
27852
18860
18861
27855
18862
18863
27858
18862
18883
27861
18865
18884
27864
18864
18865
27867
18866
18875
27870
18866
18887
27873
18877
18888
27876
18868
18869
27879
18870
18871
27882
18870
18875
27885
18873
18876
27888
18872
18873
27891
18874
19035
27894
18874
18879
27897
18880
19037
27900
18876
18877
27903
18878
18879
27906
18878
18899
27909
18881
18900
27912
18880
18881
27915
18882
19043
27918
18882
18903
27921
18904
19045
27924
18884
18885
27927
18886
18887
27930
18886
18891
27933
18889
18892
27936
18888
18889
27939
18890
18899
27942
18890
18895
27945
18896
18901
27948
18892
18893
27951
18894
18895
27954
18894
19219
27957
18897
19220
27960
18896
18897
27963
18898
18907
27966
18898
19223
27969
18909
19224
27972
18900
18901
27975
18902
18903
27978
18902
18907
27981
18905
18908
27984
18904
18905
27987
18906
19067
27990
18906
18911
27993
18912
19069
27996
18908
18909
27999
18910
18911
28002
18910
19235
28004
18913
19236
28006
18912
18913
28009
18914
19075
28012
18914
19239
28014
19077
19240
28016
18916
18917
28019
18918
18919
28022
18918
18923
28025
18921
18924
28028
18920
18921
28031
18922
18931
28034
18922
18927
28037
18928
18933
28040
18924
18925
28043
18926
18927
28046
18926
18947
28048
18929
18948
28050
18928
18929
28053
18930
18939
28056
18930
18951
28058
18941
18952
28060
18932
18933
28063
18934
18935
28066
18934
18939
28069
18937
18940
28072
18936
18937
28075
18938
18979
28078
18938
18943
28081
18944
18981
28084
18940
18941
28087
18942
18943
28090
18942
18963
28093
18945
18964
28096
18944
18945
28099
18946
18987
28102
18946
18967
28105
18968
18989
28108
18948
18949
28111
18950
18951
28114
18950
18955
28117
18953
18956
28120
18952
18953
28123
18954
18963
28126
18954
18959
28129
18960
18965
28132
18956
18957
28135
18958
18959
28138
18958
19035
28141
18961
19036
28144
18960
18961
28147
18962
18971
28150
18962
19039
28153
18973
19040
28156
18964
18965
28159
18966
18967
28162
18966
18971
28165
18969
18972
28168
18968
18969
28171
18970
19007
28174
18970
18975
28177
18976
19009
28180
18972
18973
28183
18974
18975
28186
18974
19051
28188
18977
19052
28190
18976
18977
28193
18978
19015
28196
18978
19055
28198
19017
19056
28200
18980
18981
28203
18982
18983
28206
18982
18987
28209
18985
18988
28212
18984
18985
28215
18986
18995
28218
18986
18991
28221
18992
18997
28224
18988
18989
28227
18990
18991
28230
18990
19007
28232
18993
19008
28234
18992
18993
28237
18994
19001
28240
18994
19011
28242
19003
19012
28244
18996
18997
28247
18998
18999
28250
18998
19001
28253
19000
19002
28256
19000
20768
28258
19005
20769
28260
19002
19003
28263
19004
19005
28266
19004
19023
28269
19006
19024
28272
19006
20770
28274
19027
20771
28276
19008
19009
28279
19010
19011
28282
19010
19015
28285
19013
19016
28288
19012
19013
28291
19014
19023
28294
19014
19019
28297
19020
19025
28300
19016
19017
28303
19018
19019
28306
19018
19099
28309
19021
19100
28312
19020
19021
28315
19022
19029
28318
19022
19103
28321
19031
19104
28324
19024
19025
28327
19026
19027
28330
19026
19029
28333
19028
19030
28336
19028
20772
28338
19033
20773
28340
19030
19031
28343
19032
19033
28346
19032
19115
28349
19034
19116
28352
19034
20774
28354
19119
20775
28356
19036
19037
28359
19038
19039
28362
19038
19043
28365
19041
19044
28368
19040
19041
28371
19042
19051
28374
19042
19047
28377
19048
19053
28380
19044
19045
28383
19046
19047
28386
19046
19067
28389
19049
19068
28392
19048
19049
28395
19050
19059
28398
19050
19071
28401
19061
19072
28404
19052
19053
28407
19054
19055
28410
19054
19059
28413
19057
19060
28416
19056
19057
28419
19058
19099
28422
19058
19063
28425
19064
19101
28428
19060
19061
28431
19062
19063
28434
19062
19083
28437
19065
19084
28440
19064
19065
28443
19066
19107
28446
19066
19087
28449
19088
19109
28452
19068
19069
28455
19070
19071
28458
19070
19075
28461
19073
19076
28464
19072
19073
28467
19074
19083
28470
19074
19079
28473
19080
19085
28476
19076
19077
28479
19078
19079
28482
19078
19411
28485
19081
19412
28488
19080
19081
28491
19082
19091
28494
19082
19415
28497
19093
19416
28500
19084
19085
28503
19086
19087
28506
19086
19091
28509
19089
19092
28512
19088
19089
28515
19090
19127
28518
19090
19095
28521
19096
19129
28524
19092
19093
28527
19094
19095
28530
19094
19427
28533
19097
19428
28536
19096
19097
28539
19098
19135
28542
19098
19431
28545
19137
19432
28548
19100
19101
28551
19102
19103
28554
19102
19107
28557
19105
19108
28560
19104
19105
28563
19106
19115
28566
19106
19111
28569
19112
19117
28572
19108
19109
28575
19110
19111
28578
19110
19127
28581
19113
19128
28584
19112
19113
28587
19114
19121
28590
19114
19131
28593
19123
19132
28596
19116
19117
28599
19118
19119
28602
19118
19121
28605
19120
19122
28608
19120
20776
28610
19125
20777
28612
19122
19123
28615
19124
19125
28618
19124
19143
28621
19126
19144
28624
19126
20778
28626
19147
20779
28628
19128
19129
28631
19130
19131
28634
19130
19135
28637
19133
19136
28640
19132
19133
28643
19134
19143
28646
19134
19139
28649
19140
19145
28652
19136
19137
28655
19138
19139
28658
19138
19475
28661
19141
19476
28664
19140
19141
28667
19142
19149
28670
19142
19479
28673
19151
19480
28676
19144
19145
28679
19146
19147
28682
19146
19149
28685
19148
19150
28688
19148
20780
28690
19153
20781
28692
19150
19151
28695
19152
19153
28698
19152
19491
28701
19154
19492
28704
19154
20782
28706
19495
20783
28708
19156
19157
28711
19158
19159
28714
19158
19163
28717
19161
19164
28720
19160
19161
28723
19162
19171
28726
19162
19167
28729
19168
19173
28732
19164
19165
28735
19166
19167
28738
19166
19187
28741
19169
19188
28744
19168
19169
28747
19170
19179
28750
19170
19191
28753
19181
19192
28755
19172
19173
28756
19174
19175
28757
19174
19179
28758
19177
19180
28760
19176
19177
28763
19178
19219
28766
19178
19183
28769
19184
19221
28772
19180
19181
28775
19182
19183
28778
19182
19203
28781
19185
19204
28784
19184
19185
28786
19186
19227
28788
19186
19207
28790
19208
19229
28793
19188
19189
28794
19190
19191
28795
19190
19195
28796
19193
19196
28797
19192
19193
28800
19194
19203
28803
19194
19199
28806
19200
19205
28809
19196
19197
28812
19198
19199
28814
19198
19283
28817
19201
19284
28820
19200
19201
28823
19202
19211
28826
19202
19287
28827
19213
19288
28830
19204
19205
28832
19206
19207
28833
19206
19211
28834
19209
19212
28837
19208
19209
28840
19210
19251
28843
19210
19215
28846
19216
19253
28849
19212
19213
28852
19214
19215
28855
19214
19299
28858
19217
19300
28861
19216
19217
28864
19218
19259
28867
19218
19303
28870
19261
19304
28873
19220
19221
28876
19222
19223
28879
19222
19227
28882
19225
19228
28885
19224
19225
28888
19226
19235
28891
19226
19231
28894
19232
19237
28897
19228
19229
28900
19230
19231
28903
19230
19251
28906
19233
19252
28909
19232
19233
28912
19234
19243
28915
19234
19255
28918
19245
19256
28921
19236
19237
28924
19238
19239
28927
19238
19243
28930
19241
19244
28933
19240
19241
28936
19242
19411
28939
19242
19247
28942
19248
19413
28945
19244
19245
28948
19246
19247
28951
19246
19267
28954
19249
19268
28957
19248
19249
28960
19250
19419
28963
19250
19271
28966
19272
19421
28969
19252
19253
28972
19254
19255
28975
19254
19259
28978
19257
19260
28981
19256
19257
28984
19258
19267
28987
19258
19263
28990
19264
19269
28993
19260
19261
28996
19262
19263
28999
19262
19347
29002
19265
19348
29005
19264
19265
29008
19266
19275
29011
19266
19351
29014
19277
19352
29017
19268
19269
29020
19270
19271
29023
19270
19275
29026
19273
19276
29029
19272
19273
29032
19274
19443
29035
19274
19279
29038
19280
19445
29041
19276
19277
29044
19278
19279
29047
19278
19363
29050
19281
19364
29053
19280
19281
29056
19282
19451
29059
19282
19367
29062
19368
19453
29065
19284
19285
29068
19286
19287
29071
19286
19291
29074
19289
19292
29077
19288
19289
29080
19290
19299
29083
19290
19295
29086
19296
19301
29089
19292
19293
29092
19294
19295
29095
19294
19315
29098
19297
19316
29101
19296
19297
29104
19298
19307
29107
19298
19319
29110
19309
19320
29113
19300
19301
29116
19302
19303
29119
19302
19307
29122
19305
19308
29125
19304
19305
29128
19306
19347
29131
19306
19311
29134
19312
19349
29137
19308
19309
29140
19310
19311
29143
19310
19331
29146
19313
19332
29149
19312
19313
29152
19314
19355
29155
19314
19335
29158
19336
19357
29161
19316
19317
29164
19318
19319
29167
19318
19323
29170
19321
19324
29173
19320
19321
29176
19322
19331
29179
19322
19327
29182
19328
19333
29185
19324
19325
29188
19326
19327
29191
19326
19875
29194
19329
19876
29197
19328
19329
29200
19330
19339
29203
19330
19879
29206
19341
19880
29209
19332
19333
29212
19334
19335
29215
19334
19339
29218
19337
19340
29221
19336
19337
29224
19338
19379
29227
19338
19343
29230
19344
19381
29233
19340
19341
29236
19342
19343
29239
19342
19891
29242
19345
19892
29245
19344
19345
29248
19346
19387
29251
19346
19895
29254
19389
19896
29257
19348
19349
29260
19350
19351
29263
19350
19355
29266
19353
19356
29269
19352
19353
29272
19354
19363
29275
19354
19359
29278
19360
19365
29281
19356
19357
29284
19358
19359
29287
19358
19379
29290
19361
19380
29293
19360
19361
29296
19362
19371
29299
19362
19383
29302
19373
19384
29305
19364
19365
29308
19366
19367
29311
19366
19371
29314
19369
19372
29317
19368
19369
29320
19370
19531
29323
19370
19375
29326
19376
19533
29329
19372
19373
29332
19374
19375
29335
19374
19395
29338
19377
19396
29341
19376
19377
29344
19378
19539
29347
19378
19399
29350
19400
19541
29353
19380
19381
29356
19382
19383
29359
19382
19387
29362
19385
19388
29365
19384
19385
29368
19386
19395
29371
19386
19391
29374
19392
19397
29377
19388
19389
29380
19390
19391
29383
19390
19931
29386
19393
19932
29389
19392
19393
29392
19394
19403
29395
19394
19935
29398
19405
19936
29401
19396
19397
29404
19398
19399
29407
19398
19403
29410
19401
19404
29413
19400
19401
29416
19402
19563
29419
19402
19407
29422
19408
19565
29425
19404
19405
29428
19406
19407
29431
19406
19947
29434
19409
19948
29437
19408
19409
29440
19410
19571
29443
19410
19951
29446
19573
19952
29449
19412
19413
29452
19414
19415
29455
19414
19419
29458
19417
19420
29461
19416
19417
29464
19418
19427
29467
19418
19423
29470
19424
19429
29473
19420
19421
29476
19422
19423
29479
19422
19443
29482
19425
19444
29485
19424
19425
29488
19426
19435
29491
19426
19447
29494
19437
19448
29497
19428
19429
29500
19430
19431
29503
19430
19435
29506
19433
19436
29509
19432
19433
29512
19434
19475
29515
19434
19439
29518
19440
19477
29521
19436
19437
29524
19438
19439
29527
19438
19459
29530
19441
19460
29533
19440
19441
29536
19442
19483
29539
19442
19463
29542
19464
19485
29545
19444
19445
29548
19446
19447
29551
19446
19451
29554
19449
19452
29557
19448
19449
29560
19450
19459
29563
19450
19455
29566
19456
19461
29569
19452
19453
29572
19454
19455
29575
19454
19531
29578
19457
19532
29581
19456
19457
29584
19458
19467
29587
19458
19535
29590
19469
19536
29593
19460
19461
29596
19462
19463
29599
19462
19467
29602
19465
19468
29605
19464
19465
29608
19466
19503
29611
19466
19471
29614
19472
19505
29617
19468
19469
29620
19470
19471
29623
19470
19547
29626
19473
19548
29629
19472
19473
29632
19474
19511
29635
19474
19551
29638
19513
19552
29641
19476
19477
29644
19478
19479
29647
19478
19483
29650
19481
19484
29653
19480
19481
29656
19482
19491
29659
19482
19487
29662
19488
19493
29665
19484
19485
29668
19486
19487
29671
19486
19503
29674
19489
19504
29677
19488
19489
29680
19490
19497
29683
19490
19507
29686
19499
19508
29689
19492
19493
29692
19494
19495
29695
19494
19497
29698
19496
19498
29701
19496
20784
29703
19501
20785
29705
19498
19499
29708
19500
19501
29711
19500
19519
29714
19502
19520
29717
19502
20786
29719
19523
20787
29721
19504
19505
29724
19506
19507
29727
19506
19511
29730
19509
19512
29733
19508
19509
29736
19510
19519
29739
19510
19515
29742
19516
19521
29745
19512
19513
29748
19514
19515
29751
19514
19595
29754
19517
19596
29757
19516
19517
29760
19518
19525
29763
19518
19599
29766
19527
19600
29769
19520
19521
29772
19522
19523
29775
19522
19525
29778
19524
19526
29781
19524
20788
29783
19529
20789
29785
19526
19527
29788
19528
19529
29791
19528
19611
29794
19530
19612
29797
19530
20790
29799
19615
20791
29801
19532
19533
29804
19534
19535
29807
19534
19539
29810
19537
19540
29813
19536
19537
29816
19538
19547
29819
19538
19543
29822
19544
19549
29825
19540
19541
29828
19542
19543
29831
19542
19563
29834
19545
19564
29837
19544
19545
29840
19546
19555
29843
19546
19567
29846
19557
19568
29849
19548
19549
29850
19550
19551
29851
19550
19555
29852
19553
19556
29853
19552
19553
29856
19554
19595
29859
19554
19559
29862
19560
19597
29865
19556
19557
29868
19558
19559
29871
19558
19579
29874
19561
19580
29876
19560
19561
29878
19562
19603
29881
19562
19583
29884
19584
19605
29886
19564
19565
29889
19566
19567
29892
19566
19571
29895
19569
19572
29898
19568
19569
29901
19570
19579
29904
19570
19575
29905
19576
19581
29906
19572
19573
29907
19574
19575
29910
19574
19987
29911
19577
19988
29912
19576
19577
29913
19578
19587
29915
19578
19991
29917
19589
19992
29920
19580
19581
29923
19582
19583
29926
19582
19587
29929
19585
19588
29932
19584
19585
29933
19586
19623
29937
19586
19591
29939
19592
19625
29942
19588
19589
29945
19590
19591
29948
19590
20003
29951
19593
20004
29954
19592
19593
29957
19594
19631
29960
19594
20007
29963
19633
20008
29966
19596
19597
29969
19598
19599
29972
19598
19603
29975
19601
19604
29978
19600
19601
29981
19602
19611
29984
19602
19607
29987
19608
19613
29990
19604
19605
29993
19606
19607
29996
19606
19623
29999
19609
19624
30002
19608
19609
30005
19610
19617
30008
19610
19627
30011
19619
19628
30014
19612
19613
30017
19614
19615
30020
19614
19617
30023
19616
19618
30026
19616
20792
30028
19621
20793
30030
19618
19619
30033
19620
19621
30036
19620
19639
30039
19622
19640
30042
19622
20794
30044
19643
20795
30046
19624
19625
30049
19626
19627
30052
19626
19631
30055
19629
19632
30058
19628
19629
30061
19630
19639
30064
19630
19635
30067
19636
19641
30070
19632
19633
30073
19634
19635
30076
19634
20043
30079
19637
20044
30082
19636
19637
30085
19638
19645
30088
19638
20047
30091
19647
20048
30094
19640
19641
30097
19642
19643
30100
19642
19645
30103
19644
19646
30106
19644
20796
30108
19649
20797
30110
19646
19647
30113
19648
19649
30116
19648
20059
30119
19650
20060
30122
19650
20798
30124
20063
20799
30126
19652
19653
30129
19654
19655
30132
19654
19659
30135
19657
19660
30138
19656
19657
30141
19658
19667
30144
19658
19663
30147
19664
19669
30150
19660
19661
30153
19662
19663
30156
19662
19683
30159
19665
19684
30162
19664
19665
30165
19666
19675
30168
19666
19687
30171
19677
19688
30174
19668
19669
30177
19670
19671
30180
19670
19675
30183
19673
19676
30186
19672
19673
30189
19674
19707
30192
19674
19679
30195
19680
19709
30198
19676
19677
30201
19678
19679
30204
19678
19695
30207
19681
19696
30210
19680
19681
30213
19682
19715
30216
19682
19699
30219
19700
19717
30222
19684
19685
30225
19686
19687
30228
19686
19691
30231
19689
19692
30234
19688
19689
30237
19690
19695
30240
19690
19693
30243
19694
19697
30246
19692
21003
30248
19693
21004
30250
19694
21005
30252
19703
21006
30254
19696
19697
30257
19698
19699
30260
19698
19703
30263
19701
19704
30266
19700
19701
30269
19702
19739
30272
19702
19705
30275
19706
19741
30278
19704
21007
30280
19705
21008
30282
19706
21009
30284
19747
21010
30286
19708
19709
30289
19710
19711
30292
19710
19715
30295
19713
19716
30298
19712
19713
30301
19714
19723
30304
19714
19719
30307
19720
19725
30310
19716
19717
30313
19718
19719
30316
19718
19739
30319
19721
19740
30322
19720
19721
30325
19722
19731
30328
19722
19743
30331
19733
19744
30334
19724
19725
30337
19726
19727
30340
19726
19731
30343
19729
19732
30346
19728
19729
30349
19730
19763
30352
19730
19735
30355
19736
19765
30358
19732
19733
30361
19734
19735
30364
19734
19751
30367
19737
19752
30370
19736
19737
30373
19738
19771
30376
19738
19755
30379
19756
19773
30382
19740
19741
30385
19742
19743
30388
19742
19747
30391
19745
19748
30394
19744
19745
30397
19746
19751
30400
19746
19749
30403
19750
19753
30406
19748
21011
30408
19749
21012
30410
19750
21013
30412
19759
21014
30414
19752
19753
30417
19754
19755
30420
19754
19759
30423
19757
19760
30426
19756
19757
30429
19758
19795
30432
19758
19761
30435
19762
19797
30438
19760
21015
30440
19761
21016
30442
19762
21017
30444
19803
21018
30446
19764
19765
30449
19766
19767
30452
19766
19771
30455
19769
19772
30458
19768
19769
30461
19770
19779
30464
19770
19775
30466
19776
19781
30468
19772
19773
30470
19774
19775
30472
19774
19795
30475
19777
19796
30478
19776
19777
30481
19778
19787
30484
19778
19799
30486
19789
19800
30488
19780
19781
30490
19782
19783
30492
19782
19787
30495
19785
19788
30498
19784
19785
30501
19786
19819
30504
19786
19791
30507
19792
19821
30510
19788
19789
30513
19790
19791
30516
19790
19807
30519
19793
19808
30522
19792
19793
30525
19794
19827
30528
19794
19811
30531
19812
19829
30534
19796
19797
30537
19798
19799
30540
19798
19803
30543
19801
19804
30546
19800
19801
30549
19802
19807
30552
19802
19805
30554
19806
19809
30556
19804
21019
30557
19805
21020
30559
19806
21021
30560
19815
21022
30562
19808
19809
30565
19810
19811
30568
19810
19815
30571
19813
19816
30574
19812
19813
30576
19814
19851
30578
19814
19817
30580
19818
19853
30582
19816
21023
30584
19817
21024
30586
19818
21025
30588
19859
21026
30590
19820
19821
30593
19822
19823
30596
19822
19827
30599
19825
19828
30602
19824
19825
30605
19826
19835
30608
19826
19831
30611
19832
19837
30614
19828
19829
30617
19830
19831
30620
19830
19851
30623
19833
19852
30626
19832
19833
30629
19834
19843
30632
19834
19855
30635
19845
19856
30638
19836
19837
30641
19838
19839
30644
19838
19843
30646
19841
19844
30648
19840
19841
30650
19842
19875
30652
19842
19847
30655
19848
19877
30658
19844
19845
30661
19846
19847
30664
19846
19863
30666
19849
19864
30668
19848
19849
30670
19850
19883
30672
19850
19867
30675
19868
19885
30678
19852
19853
30681
19854
19855
30684
19854
19859
30687
19857
19860
30690
19856
19857
30693
19858
19863
30696
19858
19861
30699
19862
19865
30702
19860
21027
30704
19861
21028
30706
19862
21029
30708
19871
21030
30710
19864
19865
30713
19866
19867
30716
19866
19871
30719
19869
19872
30722
19868
19869
30725
19870
19907
30728
19870
19873
30731
19874
19909
30734
19872
21031
30735
19873
21032
30737
19874
21033
30738
19915
21034
30740
19876
19877
30742
19878
19879
30744
19878
19883
30747
19881
19884
30750
19880
19881
30753
19882
19891
30756
19882
19887
30758
19888
19893
30760
19884
19885
30762
19886
19887
30764
19886
19907
30767
19889
19908
30770
19888
19889
30773
19890
19899
30776
19890
19911
30779
19901
19912
30782
19892
19893
30785
19894
19895
30788
19894
19899
30791
19897
19900
30794
19896
19897
30797
19898
19931
30800
19898
19903
30803
19904
19933
30806
19900
19901
30809
19902
19903
30812
19902
19919
30815
19905
19920
30818
19904
19905
30821
19906
19939
30824
19906
19923
30826
19924
19941
30828
19908
19909
30830
19910
19911
30832
19910
19915
30835
19913
19916
30838
19912
19913
30841
19914
19919
30844
19914
19917
30846
19918
19921
30848
19916
21035
30849
19917
21036
30851
19918
21037
30852
19927
21038
30854
19920
19921
30857
19922
19923
30860
19922
19927
30863
19925
19928
30866
19924
19925
30869
19926
19963
30872
19926
19929
30875
19930
19965
30878
19928
21039
30880
19929
21040
30882
19930
21041
30884
19971
21042
30886
19932
19933
30889
19934
19935
30892
19934
19939
30895
19937
19940
30898
19936
19937
30901
19938
19947
30904
19938
19943
30907
19944
19949
30910
19940
19941
30913
19942
19943
30916
19942
19963
30918
19945
19964
30920
19944
19945
30922
19946
19955
30924
19946
19967
30927
19957
19968
30930
19948
19949
30933
19950
19951
30936
19950
19955
30938
19953
19956
30940
19952
19953
30942
19954
19987
30944
19954
19959
30947
19960
19989
30950
19956
19957
30953
19958
19959
30956
19958
19975
30959
19961
19976
30962
19960
19961
30965
19962
19995
30968
19962
19979
30971
19980
19997
30974
19964
19965
30977
19966
19967
30980
19966
19971
30983
19969
19972
30986
19968
19969
30989
19970
19975
30992
19970
19973
30995
19974
19977
30998
19972
21043
31000
19973
21044
31002
19974
21045
31004
19983
21046
31006
19976
19977
31008
19978
19979
31010
19978
19983
31012
19981
19984
31014
19980
19981
31017
19982
20019
31020
19982
19985
31023
19986
20021
31026
19984
21047
31027
19985
21048
31029
19986
21049
31030
20027
21050
31032
19988
19989
31034
19990
19991
31036
19990
19995
31039
19993
19996
31042
19992
19993
31045
19994
20003
31048
19994
19999
31051
20000
20005
31054
19996
19997
31057
19998
19999
31060
19998
20019
31063
20001
20020
31066
20000
20001
31069
20002
20011
31072
20002
20023
31075
20013
20024
31078
20004
20005
31081
20006
20007
31084
20006
20011
31087
20009
20012
31090
20008
20009
31093
20010
20043
31096
20010
20015
31098
20016
20045
31100
20012
20013
31102
20014
20015
31104
20014
20031
31107
20017
20032
31110
20016
20017
31113
20018
20051
31116
20018
20035
31118
20036
20053
31120
20020
20021
31121
20022
20023
31124
20022
20027
31127
20025
20028
31129
20024
20025
31131
20026
20031
31134
20026
20029
31137
20030
20033
31140
20028
21051
31142
20029
21052
31144
20030
21053
31146
20039
21054
31148
20032
20033
31151
20034
20035
31154
20034
20039
31157
20037
20040
31160
20036
20037
31163
20038
20071
31165
20038
20041
31167
20042
20073
31170
20040
21055
31172
20041
21056
31174
20042
21057
31176
20079
21058
31177
20044
20045
31179
20046
20047
31182
20046
20051
31185
20049
20052
31188
20048
20049
31191
20050
20059
31194
20050
20055
31197
20056
20061
31200
20052
20053
31203
20054
20055
31206
20054
20071
31209
20057
20072
31212
20056
20057
31215
20058
20065
31218
20058
20075
31221
20067
20076
31224
20060
20061
31227
20062
20063
31230
20062
20065
31233
20064
20066
31236
20064
20807
31238
20069
20808
31240
20066
20067
31243
20068
20069
31246
20068
20083
31249
20070
20084
31252
20070
20809
31254
20087
20810
31256
20072
20073
31259
20074
20075
31262
20074
20079
31265
20077
20080
31268
20076
20077
31271
20078
20083
31274
20078
20081
31277
20082
20085
31280
20080
21059
31282
20081
21060
31284
20082
21061
31286
20089
21062
31288
20084
20085
31291
20086
20087
31294
20086
20089
31297
20088
20090
31300
20088
20811
31302
20091
20812
31304
20090
21063
31306
20091
21064
31308
20813
21065
31309
20093
20094
20096
20098
20094
20095
20097
20095
20096
20096
20097
20262
20098
20263
20098
32758
32759
20100
20101
20102
20104
20101
20103
20105
20102
20103
20103
20104
20274
20105
20275
20105
32781
32782
20107
20108
20109
20111
20108
20110
20112
20109
20110
20110
20111
20285
20112
20286
20112
32783
32784
20114
20115
20116
20119
20115
20117
20118
20116
20117
20117
20119
20291
20118
20292
20119
33473
33474
20121
20122
20123
20126
20122
20124
20125
20123
20124
20124
20126
20304
20125
20305
20126
33491
33492
20128
20129
20130
20133
20129
20131
20132
20130
20131
20131
20133
20311
20132
20312
20133
33505
33506
20135
20136
20138
20139
20136
20137
20140
20137
20138
20138
20140
20353
20139
20354
20140
36636
36637
20142
20143
20145
20146
20143
20144
20147
20144
20145
20145
20147
20364
20146
20365
20147
36650
36651
20149
20150
20152
20153
20150
20151
20154
20151
20152
20152
20154
20371
20153
20372
20154
36667
36668
20156
20157
20159
20161
20157
20158
20160
20158
20159
20159
20160
20412
20161
20413
20161
37341
37342
20163
20164
20166
20168
20164
20165
20167
20165
20166
20166
20167
20419
20168
20420
20168
37344
37345
20170
20171
20173
20175
20171
20172
20174
20172
20173
20173
20174
20430
20175
20431
20175
37365
37366
20177
20178
20179
20180
20178
20180
20181
20179
20182
20180
20182
20452
20181
20453
20182
28791
28792
20184
20185
20186
20187
20185
20186
20189
20187
20188
20187
20189
20463
20188
20464
20189
28828
28829
20191
20192
20193
20196
20192
20194
20195
20193
20194
20194
20196
20470
20195
20471
20196
28835
28836
20198
20199
20200
20201
20199
20200
20202
20201
20203
20201
20202
20481
20203
20482
20203
29879
29880
20205
20206
20207
20209
20206
20207
20208
20208
20210
20208
20209
20488
20210
20489
20210
29908
29909
20212
20213
20214
20215
20213
20214
20216
20215
20217
20215
20216
20499
20217
20500
20217
29934
29935
20219
20220
20221
20222
20220
20222
20224
20221
20223
20222
20223
20331
20224
20332
20224
23581
23582
20226
20227
20229
20231
20227
20228
20229
20228
20230
20229
20230
20338
20231
20339
20231
23595
23596
20233
20234
20235
20236
20234
20236
20238
20235
20237
20236
20237
20349
20238
20350
20238
23612
23613
20240
20241
20242
20243
20241
20243
20244
20242
20245
20243
20245
20386
20244
20387
20245
24286
24287
20247
20248
20249
20250
20248
20250
20251
20249
20252
20250
20252
20397
20251
20398
20252
24289
24290
20254
20255
20256
20257
20255
20257
20258
20256
20259
20257
20259
20408
20258
20409
20259
24310
24311
20263
20264
20285
41410
20262
20266
20291
41413
20263
20267
41414
20268
41412
20265
20268
20287
20271
20289
20442
20267
20269
20295
20268
20270
20271
20270
20299
20444
20271
20445
20446
20273
20276
20286
41417
20274
20278
41419
20275
20279
41420
20280
20352
41421
20277
20278
20288
20282
20290
20454
20279
20282
20280
20281
20281
20356
20283
20284
20283
20456
20284
20457
20359
20458
20286
20287
41411
20288
41418
20288
20289
20290
20290
20466
20467
20292
20295
41415
20293
20296
41416
20294
20298
41423
20302
20304
41424
20296
20297
20297
20298
20299
20300
20301
20302
20300
20472
20301
20473
20303
20474
20303
20306
20308
20478
20305
20306
41425
20307
20310
41426
20307
20308
20309
20314
20309
20484
20315
20485
20311
20314
41427
20312
20316
41428
20313
20317
41429
20318
20418
41430
20315
20316
20319
20490
20317
20319
20318
20320
20321
20422
20320
20492
20321
20493
20425
20494
20324
20325
20359
20458
20324
20326
20328
20360
20327
20361
20327
20330
20461
20327
20329
20331
20332
20329
20335
20363
20333
20337
20332
20465
41875
20332
20333
42005
42004
20339
42006
20335
20336
20340
20368
20337
20369
20337
20338
20341
20339
20339
20348
42008
42007
20341
20343
20375
20346
20348
20343
20344
20345
20379
20346
20380
20347
20381
20402
20346
20347
20349
20350
20351
20405
20350
42009
20350
20351
42011
42010
20410
42012
20354
20356
41422
20354
20355
20357
41553
20358
41552
20362
20365
41554
20358
20359
20358
20360
20362
20361
20361
20361
20363
20363
20367
20369
20365
20366
20370
41556
20367
41555
20367
20368
20374
20369
20369
20375
20372
20374
41557
20372
20373
20376
41559
20377
41558
20378
20432
41560
20375
20377
20380
20377
20378
20379
20380
20381
20436
20380
20381
20439
20383
20384
20406
20416
20385
20394
20417
20385
20386
20407
20387
20395
20387
20411
42037
20399
42036
20390
20391
20425
20494
20390
20392
20394
20426
20393
20427
20393
20396
20497
20393
20395
20397
20398
20395
20429
20399
20398
20501
41885
20398
20399
42030
42031
42032
20401
20402
20403
20437
20404
20406
20438
20405
20439
20404
20405
20408
20407
20409
20410
20407
20441
20411
20409
20410
42034
20411
42033
42013
42035
20413
20414
20433
41585
20415
20421
41584
20415
20416
20440
20417
20428
20417
20441
20429
20420
20422
41431
20420
20421
20423
41578
20424
41579
20428
41580
20424
20425
20424
20426
20428
20427
20427
20427
20429
20429
20431
20432
20434
41582
20433
20435
41581
20436
41561
20440
41583
20435
20436
20437
20438
20440
20439
20438
20439
20441
20441
20443
20446
20466
20449
20450
20468
20445
20447
20472
20446
20448
20449
20448
20451
20475
20449
20452
20453
20453
20470
41864
20452
20480
41867
20453
41868
41866
20455
20456
20467
20459
20462
20469
20457
20459
20458
20460
20461
20460
20463
20461
20464
20465
20463
20471
41870
20464
41872
20465
41873
41874
20467
20468
20469
20469
20470
20471
20471
41865
41871
20473
20475
20474
20476
20477
20478
20476
20480
20477
20481
20479
20482
20479
20484
20483
20486
20481
41869
20482
41876
20483
41877
20488
41878
20485
20486
20487
20490
20487
20488
20489
20491
20489
41879
20498
41880
20491
20492
20495
20498
20493
20495
20494
20496
20497
20496
20499
20497
20500
20501
20499
41881
20500
41882
20501
41883
41884
20503
20619
41305
41306
20504
20620
41308
20505
20621
41312
20506
20622
41313
20507
20623
41318
20508
20624
41319
20509
20625
41320
20510
20626
41321
20511
20627
41378
20512
20628
41379
20513
20629
41380
20514
20630
41381
20515
20631
41382
20516
20632
41383
20517
20633
41384
20518
20634
41385
20519
20635
41386
20520
20636
41387
20521
20637
41388
20522
20638
41389
20523
20639
41390
20524
20640
41391
20525
20641
41392
20526
20642
41393
20527
20643
41394
20528
20644
41395
20529
20645
41396
20530
20646
41397
20531
20647
41398
20532
20648
41399
20533
20649
41400
20534
20650
41401
20535
20651
41402
20536
20652
41403
20537
20653
41404
20538
20654
41405
20539
20655
41406
20540
20656
41407
20569
20657
41408
20542
20569
20657
41863
20543
20570
41988
20544
20571
41989
20545
20572
41990
20546
20577
41991
20547
20578
41992
20548
20579
41993
20549
20580
41994
20550
20581
41995
20551
20582
41996
20552
20583
41997
20553
20584
41998
20554
20585
41999
20555
20586
42000
20556
20587
42001
20557
20588
42002
20558
20589
42003
20559
20590
42014
20560
20591
42015
20561
20592
42016
20562
20593
42017
20563
20594
42018
20564
20595
42019
20565
20596
42020
20566
20597
42021
20567
20598
42022
20568
20599
42023
20573
20600
42024
20570
41409
20571
41536
20572
41537
20577
41538
20574
20601
42025
20575
20602
42026
20576
20603
42027
20604
20612
42028
20578
41539
20579
41540
20580
41541
20581
41542
20582
41543
20583
41544
20584
41545
20585
41546
20586
41547
20587
41548
20588
41549
20589
41550
20590
41551
20591
41562
20592
41563
20593
41564
20594
41565
20595
41566
20596
41567
20597
41568
20598
41569
20599
41570
20600
41571
20601
41572
20602
41573
20603
41574
20604
41575
20605
41576
20606
20612
41577
20607
20613
41586
20608
20614
41587
20609
20615
41588
20610
20616
41589
20611
20617
41590
20618
41591
41593
20613
42029
20614
42038
20615
42039
20616
42040
20617
42041
20618
42042
41595
42043
20620
41309
41761
20621
41763
20622
41766
20623
41767
20624
41772
20625
41773
20626
41774
20627
41775
20628
41832
20629
41833
20630
41834
20631
41835
20632
41836
20633
41837
20634
41838
20635
41839
20636
41840
20637
41841
20638
41842
20639
41843
20640
41844
20641
41845
20642
41846
20643
41847
20644
41848
20645
41849
20646
41850
20647
41851
20648
41852
20649
41853
20650
41854
20651
41855
20652
41856
20653
41857
20654
41858
20655
41859
20656
41860
20657
41861
41862
20659
20697
20806
41955
20660
20698
41956
20661
20699
41957
20662
20700
41958
20663
20701
41959
20664
20702
41960
20665
20703
41961
20666
20704
41962
20667
20705
41963
20668
20706
41964
20669
20707
41965
20670
20708
41966
20671
20709
41967
20672
20710
41968
20673
20711
41969
20681
20712
41970
20675
20800
41494
41495
20676
20801
41496
20677
20802
41498
20678
20803
41499
20679
20804
41500
20680
20805
41501
20697
20806
41502
20682
20713
41971
20683
20714
41972
20684
20715
41973
20685
20716
41974
20686
20717
41975
20687
20718
41976
20688
20719
41977
20689
20720
41978
20690
20721
41979
20691
20722
41980
20692
20723
41981
20693
20724
41982
20694
20725
41983
20695
20726
41984
20696
20727
41985
20728
20768
41986
20698
41503
20699
41504
20700
41505
20701
41506
20702
41507
20703
41508
20704
41509
20705
41510
20706
41511
20707
41512
20708
41513
20709
41514
20710
41515
20711
41516
20712
41517
20713
41518
20714
41519
20715
41520
20716
41521
20717
41522
20718
41523
20719
41524
20720
41525
20721
41526
20722
41527
20723
41528
20724
41529
20725
41530
20726
41531
20727
41532
20728
41533
20729
41534
20730
20768
41535
20731
20769
41658
20732
20770
41659
20733
20771
41660
20734
20772
41661
20735
20773
41662
20736
20774
41663
20737
20775
41664
20738
20776
41665
20739
20777
41666
20740
20778
41667
20741
20779
41668
20742
20780
41669
20743
20781
41670
20744
20782
41671
20745
20783
41672
20746
20784
41673
20747
20785
41674
20748
20786
41675
20749
20787
41676
20750
20788
41677
20751
20789
41678
20752
20790
41679
20753
20791
41680
20754
20792
41681
20755
20793
41682
20756
20794
41683
20757
20795
41684
20758
20796
41685
20759
20797
41686
20760
20798
41687
20761
20799
41688
20762
20807
41689
20763
20808
41746
20764
20809
41747
20765
20810
41748
20766
20811
41749
20767
20812
41754
20813
41755
41758
20769
41987
20770
42108
20771
42109
20772
42110
20773
42111
20774
42112
20775
42113
20776
42114
20777
42115
20778
42116
20779
42117
20780
42118
20781
42119
20782
42120
20783
42121
20784
42122
20785
42123
20786
42124
20787
42125
20788
42126
20789
42127
20790
42128
20791
42129
20792
42130
20793
42131
20794
42132
20795
42133
20796
42134
20797
42135
20798
42136
20799
42137
20807
42138
20801
41497
41948
20802
41949
20803
41950
20804
41951
20805
41952
20806
41953
41954
20808
42139
20809
42196
20810
42197
20811
42198
20812
42199
20813
42204
41759
42205
20815
20877
41592
41593
20816
20878
41594
20817
20879
41596
20818
20880
41597
20819
20881
41598
20820
20882
41599
20821
20883
41600
20822
20884
41601
20823
20885
41602
20824
20886
41603
20825
20887
41604
20826
20888
41605
20827
20889
41606
20828
20890
41607
20829
20891
41608
20830
20892
41609
20831
20893
41610
20832
20894
41611
20833
20895
41612
20834
20896
41613
20835
20897
41614
20836
20898
41615
20837
20899
41616
20838
20900
41617
20839
20901
41618
20840
20902
41619
20841
20903
41620
20842
20904
41621
20843
20905
41622
20844
20906
41623
20845
20907
41624
20846
20908
41625
20847
20909
41626
20848
20910
41627
20849
20911
41628
20850
20912
41629
20851
20913
41630
20852
20914
41631
20853
20915
41632
20854
20916
41633
20855
20917
41634
20856
20918
41635
20857
20919
41636
20858
20920
41637
20859
20921
41638
20860
20922
41639
20861
20923
41640
20862
20924
41641
20863
20925
41642
20864
20926
41643
20865
20927
41644
20866
20928
41645
20867
20929
41646
20868
20930
41647
20869
20931
41648
20870
20932
41649
20871
20933
41650
20872
20934
41651
20873
20935
41652
20874
20936
41653
20875
20937
41654
20876
20938
41655
20939
20940
41656
20878
41595
42044
20879
42045
20880
42046
20881
42047
20882
42048
20883
42049
20884
42050
20885
42051
20886
42052
20887
42053
20888
42054
20889
42055
20890
42056
20891
42057
20892
42058
20893
42059
20894
42060
20895
42061
20896
42062
20897
42063
20898
42064
20899
42065
20900
42066
20901
42067
20902
42068
20903
42069
20904
42070
20905
42071
20906
42072
20907
42073
20908
42074
20909
42075
20910
42076
20911
42077
20912
42078
20913
42079
20914
42080
20915
42081
20916
42082
20917
42083
20918
42084
20919
42085
20920
42086
20921
42087
20922
42088
20923
42089
20924
42090
20925
42091
20926
42092
20927
42093
20928
42094
20929
42095
20930
42096
20931
42097
20932
42098
20933
42099
20934
42100
20935
42101
20936
42102
20937
42103
20938
42104
20939
42105
21003
42106
20941
21003
41657
20942
21004
41690
20943
21005
41691
20944
21006
41692
20945
21007
41693
20946
21008
41694
20947
21009
41695
20948
21010
41696
20949
21011
41697
20950
21012
41698
20951
21013
41699
20952
21014
41700
20953
21015
41701
20954
21016
41702
20955
21017
41703
20956
21018
41704
20957
21019
41705
20958
21020
41706
20959
21021
41707
20960
21022
41708
20961
21023
41709
20962
21024
41710
20963
21025
41711
20964
21026
41712
20965
21027
41713
20966
21028
41714
20967
21029
41715
20968
21030
41716
20969
21031
41717
20970
21032
41718
20971
21033
41719
20972
21034
41720
20973
21035
41721
20974
21036
41722
20975
21037
41723
20976
21038
41724
20977
21039
41725
20978
21040
41726
20979
21041
41727
20980
21042
41728
20981
21043
41729
20982
21044
41730
20983
21045
41731
20984
21046
41732
20985
21047
41733
20986
21048
41734
20987
21049
41735
20988
21050
41736
20989
21051
41737
20990
21052
41738
20991
21053
41739
20992
21054
41740
20993
21055
41741
20994
21056
41742
20995
21057
41743
20996
21058
41744
20997
21059
41745
20998
21060
41750
20999
21061
41751
21000
21062
41752
21001
21063
41753
21002
21064
41756
21065
41757
41758
21004
42107
21005
42140
21006
42141
21007
42142
21008
42143
21009
42144
21010
42145
21011
42146
21012
42147
21013
42148
21014
42149
21015
42150
21016
42151
21017
42152
21018
42153
21019
42154
21020
42155
21021
42156
21022
42157
21023
42158
21024
42159
21025
42160
21026
42161
21027
42162
21028
42163
21029
42164
21030
42165
21031
42166
21032
42167
21033
42168
21034
42169
21035
42170
21036
42171
21037
42172
21038
42173
21039
42174
21040
42175
21041
42176
21042
42177
21043
42178
21044
42179
21045
42180
21046
42181
21047
42182
21048
42183
21049
42184
21050
42185
21051
42186
21052
42187
21053
42188
21054
42189
21055
42190
21056
42191
21057
42192
21058
42193
21059
42194
21060
42195
21061
42200
21062
42201
21063
42202
21064
42203
21065
42206
41759
42207
21067
21192
41304
41306
21068
21193
41307
21069
21194
41310
21070
21195
41311
21071
21196
41314
21072
21197
41315
21073
21198
41316
21074
21199
41317
21075
21200
41322
21076
21201
41323
21077
21202
41324
21078
21203
41325
21079
21204
41326
21080
21205
41327
21081
21206
41328
21082
21207
41329
21083
21208
41330
21084
21209
41331
21085
21210
41332
21086
21211
41333
21087
21212
41334
21088
21213
41335
21089
21214
41336
21090
21215
41337
21091
21216
41338
21092
21217
41339
21093
21218
41340
21094
21219
41341
21095
21220
41342
21096
21221
41343
21097
21222
41344
21098
21223
41345
21099
21224
41346
21100
21225
41347
21101
21226
41348
21102
21227
41349
21103
21228
41350
21104
21229
41351
21105
21230
41352
21106
21231
41353
21107
21232
41354
21108
21233
41355
21109
21234
41356
21110
21235
41357
21111
21236
41358
21112
21237
41359
21113
21238
41360
21114
21239
41361
21115
21240
41362
21116
21241
41363
21117
21242
41364
21118
21243
41365
21119
21244
41366
21120
21245
41367
21121
21246
41368
21122
21247
41369
21123
21248
41370
21124
21249
41371
21125
21250
41372
21126
21251
41373
21127
21252
41374
21128
21253
41375
21129
21254
41376
21130
21255
41377
21131
21256
41432
21132
21257
41433
21133
21258
41434
21134
21259
41435
21135
21260
41436
21136
21261
41437
21137
21262
41438
21138
21263
41439
21139
21264
41440
21140
21265
41441
21141
21266
41442
21142
21267
41443
21143
21268
41444
21144
21269
41445
21145
21270
41446
21146
21271
41447
21147
21272
41448
21148
21273
41449
21149
21274
41450
21150
21275
41451
21151
21276
41452
21152
21277
41453
21153
21278
41454
21154
21279
41455
21155
21280
41456
21156
21281
41457
21157
21282
41458
21158
21283
41459
21159
21284
41460
21160
21285
41461
21161
21286
41462
21162
21287
41463
21163
21288
41464
21164
21289
41465
21165
21290
41466
21166
21291
41467
21167
21292
41468
21168
21293
41469
21169
21294
41470
21170
21295
41471
21171
21296
41472
21172
21297
41473
21173
21298
41474
21174
21299
41475
21175
21300
41476
21176
21301
41477
21177
21302
41478
21178
21303
41479
21179
21304
41480
21180
21305
41481
21181
21306
41482
21182
21307
41483
21183
21308
41484
21184
21309
41485
21185
21310
41486
21186
21311
41487
21187
21312
41488
21188
21313
41489
21189
21314
41490
21190
21315
41491
21191
21316
41492
21317
41493
41495
21193
41309
41760
21194
41762
21195
41764
21196
41765
21197
41768
21198
41769
21199
41770
21200
41771
21201
41776
21202
41777
21203
41778
21204
41779
21205
41780
21206
41781
21207
41782
21208
41783
21209
41784
21210
41785
21211
41786
21212
41787
21213
41788
21214
41789
21215
41790
21216
41791
21217
41792
21218
41793
21219
41794
21220
41795
21221
41796
21222
41797
21223
41798
21224
41799
21225
41800
21226
41801
21227
41802
21228
41803
21229
41804
21230
41805
21231
41806
21232
41807
21233
41808
21234
41809
21235
41810
21236
41811
21237
41812
21238
41813
21239
41814
21240
41815
21241
41816
21242
41817
21243
41818
21244
41819
21245
41820
21246
41821
21247
41822
21248
41823
21249
41824
21250
41825
21251
41826
21252
41827
21253
41828
21254
41829
21255
41830
21256
41831
21257
41886
21258
41887
21259
41888
21260
41889
21261
41890
21262
41891
21263
41892
21264
41893
21265
41894
21266
41895
21267
41896
21268
41897
21269
41898
21270
41899
21271
41900
21272
41901
21273
41902
21274
41903
21275
41904
21276
41905
21277
41906
21278
41907
21279
41908
21280
41909
21281
41910
21282
41911
21283
41912
21284
41913
21285
41914
21286
41915
21287
41916
21288
41917
21289
41918
21290
41919
21291
41920
21292
41921
21293
41922
21294
41923
21295
41924
21296
41925
21297
41926
21298
41927
21299
41928
21300
41929
21301
41930
21302
41931
21303
41932
21304
41933
21305
41934
21306
41935
21307
41936
21308
41937
21309
41938
21310
41939
21311
41940
21312
41941
21313
41942
21314
41943
21315
41944
21316
41945
21317
41946
41497
41947
21320
21321
30637
31307
21320
21325
31292
31307
21323
21326
21322
21323
30642
21324
21493
30643
21324
21329
21330
21495
21326
21327
31301
21328
21329
21328
21349
31305
21331
21350
21330
21331
21332
21501
21332
21353
21354
21503
21334
21335
31263
31296
21336
21337
31298
21336
21341
31266
21339
21342
21338
21339
31303
21340
21349
31305
21340
21345
21346
21351
21342
21343
31275
21344
21345
21344
21429
31278
21347
21430
21346
21347
21348
21357
21348
21433
21359
21434
21350
21351
21352
21353
21352
21357
21355
21358
21354
21355
21356
21525
21356
21361
21362
21527
21358
21359
21360
21361
21360
21445
21363
21446
21362
21363
21364
21533
21364
21449
21450
21535
21366
21367
29541
31245
21368
21369
31247
21368
21373
29544
21371
21374
21370
21371
31251
21372
21381
31253
21372
21377
21378
21383
21374
21375
29553
21376
21377
21376
21397
29556
21379
21398
21378
21379
21380
21389
21380
21401
21391
21402
21382
21383
31270
21384
21385
31272
21384
21389
21387
21390
21386
21387
31276
21388
21429
31278
21388
21393
21394
21431
21390
21391
21392
21393
21392
21413
21395
21414
21394
21395
21396
21437
21396
21417
21418
21439
21398
21399
29589
21400
21401
21400
21405
29592
21403
21406
21402
21403
21404
21413
21404
21409
21410
21415
21406
21407
29601
21408
21409
21408
21749
29604
21411
21750
21410
21411
21412
21421
21412
21753
21423
21754
21414
21415
21416
21417
21416
21421
21419
21422
21418
21419
21420
21461
21420
21425
21426
21463
21422
21423
21424
21425
21424
21765
21427
21766
21426
21427
21428
21469
21428
21769
21471
21770
21430
21431
21432
21433
21432
21437
21435
21438
21434
21435
21436
21445
21436
21441
21442
21447
21438
21439
21440
21441
21440
21461
21443
21462
21442
21443
21444
21453
21444
21465
21455
21466
21446
21447
21448
21449
21448
21453
21451
21454
21450
21451
21452
21621
21452
21457
21458
21623
21454
21455
21456
21457
21456
21477
21459
21478
21458
21459
21460
21629
21460
21481
21482
21631
21462
21463
21464
21465
21464
21469
21467
21470
21466
21467
21468
21477
21468
21473
21474
21479
21470
21471
21472
21473
21472
21813
21475
21814
21474
21475
21476
21485
21476
21817
21487
21818
21478
21479
21480
21481
21480
21485
21483
21486
21482
21483
21484
21653
21484
21489
21490
21655
21486
21487
21488
21489
21488
21829
21491
21830
21490
21491
21492
21661
21492
21833
21663
21834
21494
21495
30700
21496
21497
30701
21496
21501
21499
21502
21498
21499
30707
21500
21509
30709
21500
21505
21506
21511
21502
21503
21504
21505
21504
21525
21507
21526
21506
21507
21508
21517
21508
21529
21519
21530
21510
21511
30726
21512
21513
30727
21512
21517
21515
21518
21514
21515
30732
21516
21557
30733
21516
21521
21522
21559
21518
21519
21520
21521
21520
21541
21523
21542
21522
21523
21524
21565
21524
21545
21546
21567
21526
21527
21528
21529
21528
21533
21531
21534
21530
21531
21532
21541
21532
21537
21538
21543
21534
21535
21536
21537
21536
21621
21539
21622
21538
21539
21540
21549
21540
21625
21551
21626
21542
21543
21544
21545
21544
21549
21547
21550
21546
21547
21548
21589
21548
21553
21554
21591
21550
21551
21552
21553
21552
21637
21555
21638
21554
21555
21556
21597
21556
21641
21599
21642
21558
21559
30792
21560
21561
30793
21560
21565
21563
21566
21562
21563
30798
21564
21573
30799
21564
21569
21570
21575
21566
21567
21568
21569
21568
21589
21571
21590
21570
21571
21572
21581
21572
21593
21583
21594
21574
21575
30816
21576
21577
30817
21576
21581
21579
21582
21578
21579
30822
21580
22261
30823
21580
21585
21586
22263
21582
21583
21584
21585
21584
21605
21587
21606
21586
21587
21588
22269
21588
21609
21610
22271
21590
21591
21592
21593
21592
21597
21595
21598
21594
21595
21596
21605
21596
21601
21602
21607
21598
21599
21600
21601
21600
21685
21603
21686
21602
21603
21604
21613
21604
21689
21615
21690
21606
21607
21608
21609
21608
21613
21611
21614
21610
21611
21612
22293
21612
21617
21618
22295
21614
21615
21616
21617
21616
21701
21619
21702
21618
21619
21620
22301
21620
21705
21706
22303
21622
21623
21624
21625
21624
21629
21627
21630
21626
21627
21628
21637
21628
21633
21634
21639
21630
21631
21632
21633
21632
21653
21635
21654
21634
21635
21636
21645
21636
21657
21647
21658
21638
21639
21640
21641
21640
21645
21643
21646
21642
21643
21644
21685
21644
21649
21650
21687
21646
21647
21648
21649
21648
21669
21651
21670
21650
21651
21652
21693
21652
21673
21674
21695
21654
21655
21656
21657
21656
21661
21659
21662
21658
21659
21660
21669
21660
21665
21666
21671
21662
21663
21664
21665
21664
22005
21667
22006
21666
21667
21668
21677
21668
22009
21679
22010
21670
21671
21672
21673
21672
21677
21675
21678
21674
21675
21676
21717
21676
21681
21682
21719
21678
21679
21680
21681
21680
22021
21683
22022
21682
21683
21684
21725
21684
22025
21727
22026
21686
21687
21688
21689
21688
21693
21691
21694
21690
21691
21692
21701
21692
21697
21698
21703
21694
21695
21696
21697
21696
21717
21699
21718
21698
21699
21700
21709
21700
21721
21711
21722
21702
21703
21704
21705
21704
21709
21707
21710
21706
21707
21708
22389
21708
21713
21714
22391
21710
21711
21712
21713
21712
21733
21715
21734
21714
21715
21716
22397
21716
21737
21738
22399
21718
21719
21720
21721
21720
21725
21723
21726
21722
21723
21724
21733
21724
21729
21730
21735
21726
21727
21728
21729
21728
22069
21731
22070
21730
21731
21732
21741
21732
22073
21743
22074
21734
21735
21736
21737
21736
21741
21739
21742
21738
21739
21740
22421
21740
21745
21746
22423
21742
21743
21744
21745
21744
22085
21747
22086
21746
21747
21748
22429
21748
22089
22090
22431
21750
21751
30200
21752
21753
21752
21757
30203
21755
21758
21754
21755
21756
21765
21756
21761
21762
21767
21758
21759
30212
21760
21761
21760
21781
30215
21763
21782
21762
21763
21764
21773
21764
21785
21775
21786
21766
21767
21768
21769
21768
21773
21771
21774
21770
21771
21772
21813
21772
21777
21778
21815
21774
21775
21776
21777
21776
21797
21779
21798
21778
21779
21780
21821
21780
21801
21802
21823
21782
21783
30249
21784
21785
21784
21789
30253
21787
21790
21786
21787
21788
21797
21788
21793
21794
21799
21790
21791
30262
21792
21793
21792
21877
30265
21795
21878
21794
21795
21796
21805
21796
21881
21807
21882
21798
21799
21800
21801
21800
21805
21803
21806
21802
21803
21804
21845
21804
21809
21810
21847
21806
21807
21808
21809
21808
21893
21811
21894
21810
21811
21812
21853
21812
21897
21855
21898
21814
21815
21816
21817
21816
21821
21819
21822
21818
21819
21820
21829
21820
21825
21826
21831
21822
21823
21824
21825
21824
21845
21827
21846
21826
21827
21828
21837
21828
21849
21839
21850
21830
21831
21832
21833
21832
21837
21835
21838
21834
21835
21836
22005
21836
21841
21842
22007
21838
21839
21840
21841
21840
21861
21843
21862
21842
21843
21844
22013
21844
21865
21866
22015
21846
21847
21848
21849
21848
21853
21851
21854
21850
21851
21852
21861
21852
21857
21858
21863
21854
21855
21856
21857
21856
21941
21859
21942
21858
21859
21860
21869
21860
21945
21871
21946
21862
21863
21864
21865
21864
21869
21867
21870
21866
21867
21868
22037
21868
21873
21874
22039
21870
21871
21872
21873
21872
21957
21875
21958
21874
21875
21876
22045
21876
21961
21962
22047
21878
21879
30396
21880
21881
21880
21885
30399
21883
21886
21882
21883
21884
21893
21884
21889
21890
21895
21886
21887
30409
21888
21889
21888
21909
30413
21891
21910
21890
21891
21892
21901
21892
21913
21903
21914
21894
21895
21896
21897
21896
21901
21899
21902
21898
21899
21900
21941
21900
21905
21906
21943
21902
21903
21904
21905
21904
21925
21907
21926
21906
21907
21908
21949
21908
21929
21930
21951
21910
21911
30448
21912
21913
21912
21917
30451
21915
21918
21914
21915
21916
21925
21916
21921
21922
21927
21918
21919
30460
21920
21921
21920
25792
30463
21923
25793
21922
21923
21924
21933
21924
25796
21935
25797
21926
21927
21928
21929
21928
21933
21931
21934
21930
21931
21932
21973
21932
21937
21938
21975
21934
21935
21936
21937
21936
25808
21939
25809
21938
21939
21940
21981
21940
25812
21983
25813
21942
21943
21944
21945
21944
21949
21947
21950
21946
21947
21948
21957
21948
21953
21954
21959
21950
21951
21952
21953
21952
21973
21955
21974
21954
21955
21956
21965
21956
21977
21967
21978
21958
21959
21960
21961
21960
21965
21963
21966
21962
21963
21964
22133
21964
21969
21970
22135
21966
21967
21968
21969
21968
21989
21971
21990
21970
21971
21972
22141
21972
21993
21994
22143
21974
21975
21976
21977
21976
21981
21979
21982
21978
21979
21980
21989
21980
21985
21986
21991
21982
21983
21984
21985
21984
25856
21987
25857
21986
21987
21988
21997
21988
25860
21999
25861
21990
21991
21992
21993
21992
21997
21995
21998
21994
21995
21996
22165
21996
22001
22002
22167
21998
21999
22000
22001
22000
25872
22003
25873
22002
22003
22004
22173
22004
25876
22175
25877
22006
22007
22008
22009
22008
22013
22011
22014
22010
22011
22012
22021
22012
22017
22018
22023
22014
22015
22016
22017
22016
22037
22019
22038
22018
22019
22020
22029
22020
22041
22031
22042
22022
22023
22024
22025
22024
22029
22027
22030
22026
22027
22028
22069
22028
22033
22034
22071
22030
22031
22032
22033
22032
22053
22035
22054
22034
22035
22036
22077
22036
22057
22058
22079
22038
22039
22040
22041
22040
22045
22043
22046
22042
22043
22044
22053
22044
22049
22050
22055
22046
22047
22048
22049
22048
22133
22051
22134
22050
22051
22052
22061
22052
22137
22063
22138
22054
22055
22056
22057
22056
22061
22059
22062
22058
22059
22060
22101
22060
22065
22066
22103
22062
22063
22064
22065
22064
22149
22067
22150
22066
22067
22068
22109
22068
22153
22111
22154
22070
22071
22072
22073
22072
22077
22075
22078
22074
22075
22076
22085
22076
22081
22082
22087
22078
22079
22080
22081
22080
22101
22083
22102
22082
22083
22084
22093
22084
22105
22095
22106
22086
22087
22088
22089
22088
22093
22091
22094
22090
22091
22092
22757
22092
22097
22098
22759
22094
22095
22096
22097
22096
22117
22099
22118
22098
22099
22100
22765
22100
22121
22122
22767
22102
22103
22104
22105
22104
22109
22107
22110
22106
22107
22108
22117
22108
22113
22114
22119
22110
22111
22112
22113
22112
22197
22115
22198
22114
22115
22116
22125
22116
22201
22127
22202
22118
22119
22120
22121
22120
22125
22123
22126
22122
22123
22124
22789
22124
22129
22130
22791
22126
22127
22128
22129
22128
22213
22131
22214
22130
22131
22132
22797
22132
22217
22218
22799
22134
22135
22136
22137
22136
22141
22139
22142
22138
22139
22140
22149
22140
22145
22146
22151
22142
22143
22144
22145
22144
22165
22147
22166
22146
22147
22148
22157
22148
22169
22159
22170
22150
22151
22152
22153
22152
22157
22155
22158
22154
22155
22156
22197
22156
22161
22162
22199
22158
22159
22160
22161
22160
22181
22163
22182
22162
22163
22164
22205
22164
22185
22186
22207
22166
22167
22168
22169
22168
22173
22171
22174
22170
22171
22172
22181
22172
22177
22178
22183
22174
22175
22176
22177
22176
26048
22179
26049
22178
22179
22180
22189
22180
26052
22191
26053
22182
22183
22184
22185
22184
22189
22187
22190
22186
22187
22188
22229
22188
22193
22194
22231
22190
22191
22192
22193
22192
26064
22195
26065
22194
22195
22196
22237
22196
26068
22239
26069
22198
22199
22200
22201
22200
22205
22203
22206
22202
22203
22204
22213
22204
22209
22210
22215
22206
22207
22208
22209
22208
22229
22211
22230
22210
22211
22212
22221
22212
22233
22223
22234
22214
22215
22216
22217
22216
22221
22219
22222
22218
22219
22220
22885
22220
22225
22226
22887
22222
22223
22224
22225
22224
22245
22227
22246
22226
22227
22228
22893
22228
22249
22250
22895
22230
22231
22232
22233
22232
22237
22235
22238
22234
22235
22236
22245
22236
22241
22242
22247
22238
22239
22240
22241
22240
26112
22243
26113
22242
22243
22244
22253
22244
26116
22255
26117
22246
22247
22248
22249
22248
22253
22251
22254
22250
22251
22252
22917
22252
22257
22258
22919
22254
22255
22256
22257
22256
26128
22259
26129
22258
22259
22260
22925
22260
26132
22927
26133
22262
22263
30883
22264
22265
30885
22264
22269
22267
22270
22266
22267
30890
22268
22277
30891
22268
22273
22274
22279
22270
22271
22272
22273
22272
22293
22275
22294
22274
22275
22276
22285
22276
22297
22287
22298
22278
22279
30908
22280
22281
30909
22280
22285
22283
22286
22282
22283
30914
22284
22325
30915
22284
22289
22290
22327
22286
22287
22288
22289
22288
22309
22291
22310
22290
22291
22292
22333
22292
22313
22314
22335
22294
22295
22296
22297
22296
22301
22299
22302
22298
22299
22300
22309
22300
22305
22306
22311
22302
22303
22304
22305
22304
22389
22307
22390
22306
22307
22308
22317
22308
22393
22319
22394
22310
22311
22312
22313
22312
22317
22315
22318
22314
22315
22316
22357
22316
22321
22322
22359
22318
22319
22320
22321
22320
22405
22323
22406
22322
22323
22324
22365
22324
22409
22367
22410
22326
22327
30972
22328
22329
30973
22328
22333
22331
22334
22330
22331
30978
22332
22341
30979
22332
22337
22338
22343
22334
22335
22336
22337
22336
22357
22339
22358
22338
22339
22340
22349
22340
22361
22351
22362
22342
22343
30996
22344
22345
30997
22344
22349
22347
22350
22346
22347
31003
22348
22517
31005
22348
22353
22354
22519
22350
22351
22352
22353
22352
22373
22355
22374
22354
22355
22356
22525
22356
22377
22378
22527
22358
22359
22360
22361
22360
22365
22363
22366
22362
22363
22364
22373
22364
22369
22370
22375
22366
22367
22368
22369
22368
22453
22371
22454
22370
22371
22372
22381
22372
22457
22383
22458
22374
22375
22376
22377
22376
22381
22379
22382
22378
22379
22380
22549
22380
22385
22386
22551
22382
22383
22384
22385
22384
22469
22387
22470
22386
22387
22388
22557
22388
22473
22474
22559
22390
22391
22392
22393
22392
22397
22395
22398
22394
22395
22396
22405
22396
22401
22402
22407
22398
22399
22400
22401
22400
22421
22403
22422
22402
22403
22404
22413
22404
22425
22415
22426
22406
22407
22408
22409
22408
22413
22411
22414
22410
22411
22412
22453
22412
22417
22418
22455
22414
22415
22416
22417
22416
22437
22419
22438
22418
22419
22420
22461
22420
22441
22442
22463
22422
22423
22424
22425
22424
22429
22427
22430
22426
22427
22428
22437
22428
22433
22434
22439
22430
22431
22432
22433
22432
22757
22435
22758
22434
22435
22436
22445
22436
22761
22447
22762
22438
22439
22440
22441
22440
22445
22443
22446
22442
22443
22444
22485
22444
22449
22450
22487
22446
22447
22448
22449
22448
22773
22451
22774
22450
22451
22452
22493
22452
22777
22495
22778
22454
22455
22456
22457
22456
22461
22459
22462
22458
22459
22460
22469
22460
22465
22466
22471
22462
22463
22464
22465
22464
22485
22467
22486
22466
22467
22468
22477
22468
22489
22479
22490
22470
22471
22472
22473
22472
22477
22475
22478
22474
22475
22476
22637
22476
22481
22482
22639
22478
22479
22480
22481
22480
22501
22483
22502
22482
22483
22484
22645
22484
22505
22506
22647
22486
22487
22488
22489
22488
22493
22491
22494
22490
22491
22492
22501
22492
22497
22498
22503
22494
22495
22496
22497
22496
22821
22499
22822
22498
22499
22500
22509
22500
22825
22511
22826
22502
22503
22504
22505
22504
22509
22507
22510
22506
22507
22508
22669
22508
22513
22514
22671
22510
22511
22512
22513
22512
22837
22515
22838
22514
22515
22516
22677
22516
22841
22679
22842
22518
22519
31064
22520
22521
31065
22520
22525
22523
22526
22522
22523
31070
22524
22533
31071
22524
22529
22530
22535
22526
22527
22528
22529
22528
22549
22531
22550
22530
22531
22532
22541
22532
22553
22543
22554
22534
22535
31088
22536
22537
31089
22536
22541
22539
22542
22538
22539
31094
22540
22581
31095
22540
22545
22546
22583
22542
22543
22544
22545
22544
22565
22547
22566
22546
22547
22548
22589
22548
22569
22570
22591
22550
22551
22552
22553
22552
22557
22555
22558
22554
22555
22556
22565
22556
22561
22562
22567
22558
22559
22560
22561
22560
22637
22563
22638
22562
22563
22564
22573
22564
22641
22575
22642
22566
22567
22568
22569
22568
22573
22571
22574
22570
22571
22572
22609
22572
22577
22578
22611
22574
22575
22576
22577
22576
22653
22579
22654
22578
22579
22580
22617
22580
22657
22619
22658
22582
22583
31150
22584
22585
31152
22584
22589
22587
22590
22586
22587
31156
22588
22597
31158
22588
22593
22594
22599
22590
22591
22592
22593
22592
22609
22595
22610
22594
22595
22596
22603
22596
22613
22605
22614
22598
22599
31173
22600
22601
31175
22600
22603
22602
22604
22602
31180
41955
22607
41956
22604
22605
22606
22607
22606
22625
22608
22626
22608
41957
22629
41958
22610
22611
22612
22613
22612
22617
22615
22618
22614
22615
22616
22625
22616
22621
22622
22627
22618
22619
22620
22621
22620
22701
22623
22702
22622
22623
22624
22631
22624
22705
22633
22706
22626
22627
22628
22629
22628
22631
22630
22632
22630
41959
22635
41960
22632
22633
22634
22635
22634
22717
22636
22718
22636
41961
22721
41962
22638
22639
22640
22641
22640
22645
22643
22646
22642
22643
22644
22653
22644
22649
22650
22655
22646
22647
22648
22649
22648
22669
22651
22670
22650
22651
22652
22661
22652
22673
22663
22674
22654
22655
22656
22657
22656
22661
22659
22662
22658
22659
22660
22701
22660
22665
22666
22703
22662
22663
22664
22665
22664
22685
22667
22686
22666
22667
22668
22709
22668
22689
22690
22711
22670
22671
22672
22673
22672
22677
22675
22678
22674
22675
22676
22685
22676
22681
22682
22687
22678
22679
22680
22681
22680
23013
22683
23014
22682
22683
22684
22693
22684
23017
22695
23018
22686
22687
22688
22689
22688
22693
22691
22694
22690
22691
22692
22729
22692
22697
22698
22731
22694
22695
22696
22697
22696
23029
22699
23030
22698
22699
22700
22737
22700
23033
22739
23034
22702
22703
22704
22705
22704
22709
22707
22710
22706
22707
22708
22717
22708
22713
22714
22719
22710
22711
22712
22713
22712
22729
22715
22730
22714
22715
22716
22723
22716
22733
22725
22734
22718
22719
22720
22721
22720
22723
22722
22724
22722
41963
22727
41964
22724
22725
22726
22727
22726
22745
22728
22746
22728
41965
22749
41966
22730
22731
22732
22733
22732
22737
22735
22738
22734
22735
22736
22745
22736
22741
22742
22747
22738
22739
22740
22741
22740
23077
22743
23078
22742
22743
22744
22751
22744
23081
22753
23082
22746
22747
22748
22749
22748
22751
22750
22752
22750
41967
22755
41968
22752
22753
22754
22755
22754
23093
22756
23094
22756
41969
23097
41970
22758
22759
22760
22761
22760
22765
22763
22766
22762
22763
22764
22773
22764
22769
22770
22775
22766
22767
22768
22769
22768
22789
22771
22790
22770
22771
22772
22781
22772
22793
22783
22794
22774
22775
22776
22777
22776
22781
22779
22782
22778
22779
22780
22821
22780
22785
22786
22823
22782
22783
22784
22785
22784
22805
22787
22806
22786
22787
22788
22829
22788
22809
22810
22831
22790
22791
22792
22793
22792
22797
22795
22798
22794
22795
22796
22805
22796
22801
22802
22807
22798
22799
22800
22801
22800
22885
22803
22886
22802
22803
22804
22813
22804
22889
22815
22890
22806
22807
22808
22809
22808
22813
22811
22814
22810
22811
22812
22853
22812
22817
22818
22855
22814
22815
22816
22817
22816
22901
22819
22902
22818
22819
22820
22861
22820
22905
22863
22906
22822
22823
22824
22825
22824
22829
22827
22830
22826
22827
22828
22837
22828
22833
22834
22839
22830
22831
22832
22833
22832
22853
22835
22854
22834
22835
22836
22845
22836
22857
22847
22858
22838
22839
22840
22841
22840
22845
22843
22846
22842
22843
22844
23013
22844
22849
22850
23015
22846
22847
22848
22849
22848
22869
22851
22870
22850
22851
22852
23021
22852
22873
22874
23023
22854
22855
22856
22857
22856
22861
22859
22862
22858
22859
22860
22869
22860
22865
22866
22871
22862
22863
22864
22865
22864
22949
22867
22950
22866
22867
22868
22877
22868
22953
22879
22954
22870
22871
22872
22873
22872
22877
22875
22878
22874
22875
22876
23045
22876
22881
22882
23047
22878
22879
22880
22881
22880
22965
22883
22966
22882
22883
22884
23053
22884
22969
22970
23055
22886
22887
22888
22889
22888
22893
22891
22894
22890
22891
22892
22901
22892
22897
22898
22903
22894
22895
22896
22897
22896
22917
22899
22918
22898
22899
22900
22909
22900
22921
22911
22922
22902
22903
22904
22905
22904
22909
22907
22910
22906
22907
22908
22949
22908
22913
22914
22951
22910
22911
22912
22913
22912
22933
22915
22934
22914
22915
22916
22957
22916
22937
22938
22959
22918
22919
22920
22921
22920
22925
22923
22926
22922
22923
22924
22933
22924
22929
22930
22935
22926
22927
22928
22929
22928
27267
22931
27270
22930
22931
22932
22941
22932
27279
22943
27282
22934
22935
22936
22937
22936
22941
22939
22942
22938
22939
22940
22981
22940
22945
22946
22983
22942
22943
22944
22945
22944
27311
22947
27314
22946
22947
22948
22989
22948
27323
22991
27326
22950
22951
22952
22953
22952
22957
22955
22958
22954
22955
22956
22965
22956
22961
22962
22967
22958
22959
22960
22961
22960
22981
22963
22982
22962
22963
22964
22973
22964
22985
22975
22986
22966
22967
22968
22969
22968
22973
22971
22974
22970
22971
22972
23133
22972
22977
22978
23135
22974
22975
22976
22977
22976
22997
22979
22998
22978
22979
22980
23141
22980
23001
23002
23143
22982
22983
22984
22985
22984
22989
22987
22990
22986
22987
22988
22997
22988
22993
22994
22999
22990
22991
22992
22993
22992
27451
22995
27454
22994
22995
22996
23005
22996
27463
23007
27466
22998
22999
23000
23001
23000
23005
23003
23006
23002
23003
23004
23165
23004
23009
23010
23167
23006
23007
23008
23009
23008
27495
23011
27498
23010
23011
23012
23173
23012
27507
23175
27510
23014
23015
23016
23017
23016
23021
23019
23022
23018
23019
23020
23029
23020
23025
23026
23031
23022
23023
23024
23025
23024
23045
23027
23046
23026
23027
23028
23037
23028
23049
23039
23050
23030
23031
23032
23033
23032
23037
23035
23038
23034
23035
23036
23077
23036
23041
23042
23079
23038
23039
23040
23041
23040
23061
23043
23062
23042
23043
23044
23085
23044
23065
23066
23087
23046
23047
23048
23049
23048
23053
23051
23054
23050
23051
23052
23061
23052
23057
23058
23063
23054
23055
23056
23057
23056
23133
23059
23134
23058
23059
23060
23069
23060
23137
23071
23138
23062
23063
23064
23065
23064
23069
23067
23070
23066
23067
23068
23105
23068
23073
23074
23107
23070
23071
23072
23073
23072
23149
23075
23150
23074
23075
23076
23113
23076
23153
23115
23154
23078
23079
23080
23081
23080
23085
23083
23086
23082
23083
23084
23093
23084
23089
23090
23095
23086
23087
23088
23089
23088
23105
23091
23106
23090
23091
23092
23099
23092
23109
23101
23110
23094
23095
23096
23097
23096
23099
23098
23100
23098
41971
23103
41972
23100
23101
23102
23103
23102
23121
23104
23122
23104
41973
23125
41974
23106
23107
23108
23109
23108
23113
23111
23114
23110
23111
23112
23121
23112
23117
23118
23123
23114
23115
23116
23117
23116
23197
23119
23198
23118
23119
23120
23127
23120
23201
23129
23202
23122
23123
23124
23125
23124
23127
23126
23128
23126
41975
23131
41976
23128
23129
23130
23131
23130
23213
23132
23214
23132
41977
23217
41978
23134
23135
23136
23137
23136
23141
23139
23142
23138
23139
23140
23149
23140
23145
23146
23151
23142
23143
23144
23145
23144
23165
23147
23166
23146
23147
23148
23157
23148
23169
23159
23170
23150
23151
23152
23153
23152
23157
23155
23158
23154
23155
23156
23197
23156
23161
23162
23199
23158
23159
23160
23161
23160
23181
23163
23182
23162
23163
23164
23205
23164
23185
23186
23207
23166
23167
23168
23169
23168
23173
23171
23174
23170
23171
23172
23181
23172
23177
23178
23183
23174
23175
23176
23177
23176
28019
23179
28022
23178
23179
23180
23189
23180
28031
23191
28034
23182
23183
23184
23185
23184
23189
23187
23190
23186
23187
23188
23225
23188
23193
23194
23227
23190
23191
23192
23193
23192
28063
23195
28066
23194
23195
23196
23233
23196
28075
23235
28078
23198
23199
23200
23201
23200
23205
23203
23206
23202
23203
23204
23213
23204
23209
23210
23215
23206
23207
23208
23209
23208
23225
23211
23226
23210
23211
23212
23219
23212
23229
23221
23230
23214
23215
23216
23217
23216
23219
23218
23220
23218
41979
23223
41980
23220
23221
23222
23223
23222
23241
23224
23242
23224
41981
23245
41982
23226
23227
23228
23229
23228
23233
23231
23234
23230
23231
23232
23241
23232
23237
23238
23243
23234
23235
23236
23237
23236
28203
23239
28206
23238
23239
23240
23247
23240
28215
23249
28218
23242
23243
23244
23245
23244
23247
23246
23248
23246
41983
23251
41984
23248
23249
23250
23251
23250
28247
23252
28250
23252
41985
28258
41986
23254
23255
28243
41863
23257
23259
41988
23256
23257
28248
23258
23265
28249
23258
23261
23262
23267
23260
23261
41989
23263
23281
41990
23262
23263
23264
23273
23264
23283
23275
23284
23266
23267
28267
23268
23269
28268
23268
23273
23271
23274
23270
23271
28273
23272
23309
28275
23272
23277
23278
23311
23274
23275
23276
23277
23276
23293
23279
23294
23278
23279
23280
23317
23280
23297
23298
23319
23282
23283
41991
23285
23287
41992
23284
23285
23286
23293
23286
23289
23290
23295
23288
23289
41993
23291
23373
41994
23290
23291
23292
23301
23292
23375
23303
23376
23294
23295
23296
23297
23296
23301
23299
23302
23298
23299
23300
23341
23300
23305
23306
23343
23302
23303
23304
23305
23304
23385
23307
23386
23306
23307
23308
23349
23308
23389
23351
23390
23310
23311
28341
23312
23313
28342
23312
23317
23315
23318
23314
23315
28347
23316
23325
28348
23316
23321
23322
23327
23318
23319
23320
23321
23320
23341
23323
23342
23322
23323
23324
23333
23324
23345
23335
23346
23326
23327
28366
23328
23329
28367
23328
23333
23331
23334
23330
23331
28372
23332
23493
28373
23332
23337
23338
23495
23334
23335
23336
23337
23336
23357
23339
23358
23338
23339
23340
23501
23340
23361
23362
23503
23342
23343
23344
23345
23344
23349
23347
23350
23346
23347
23348
23357
23348
23353
23354
23359
23350
23351
23352
23353
23352
23429
23355
23430
23354
23355
23356
23365
23356
23433
23367
23434
23358
23359
23360
23361
23360
23365
23363
23366
23362
23363
23364
23525
23364
23369
23370
23527
23366
23367
23368
23369
23368
23445
23371
23446
23370
23371
23372
23533
23372
23449
23450
23535
23374
23375
41995
23377
23379
41996
23376
23377
23378
23385
23378
23381
23382
23387
23380
23381
41997
23383
23401
41998
23382
23383
23384
23393
23384
23403
23395
23404
23386
23387
23388
23389
23388
23393
23391
23394
23390
23391
23392
23429
23392
23397
23398
23431
23394
23395
23396
23397
23396
23413
23399
23414
23398
23399
23400
23437
23400
23417
23418
23439
23402
23403
41999
23405
23407
42000
23404
23405
23406
23413
23406
23409
23410
23415
23408
23409
42001
23411
23790
42002
23410
23411
23412
23421
23412
23792
23423
23793
23414
23415
23416
23417
23416
23421
23419
23422
23418
23419
23420
23461
23420
23425
23426
23463
23422
23423
23424
23425
23424
23802
23427
23803
23426
23427
23428
23469
23428
23806
23471
23807
23430
23431
23432
23433
23432
23437
23435
23438
23434
23435
23436
23445
23436
23441
23442
23447
23438
23439
23440
23441
23440
23461
23443
23462
23442
23443
23444
23453
23444
23465
23455
23466
23446
23447
23448
23449
23448
23453
23451
23454
23450
23451
23452
23662
23452
23457
23458
23664
23454
23455
23456
23457
23456
23477
23459
23478
23458
23459
23460
23670
23460
23481
23482
23672
23462
23463
23464
23465
23464
23469
23467
23470
23466
23467
23468
23477
23468
23473
23474
23479
23470
23471
23472
23473
23472
23846
23475
23847
23474
23475
23476
23485
23476
23850
23487
23851
23478
23479
23480
23481
23480
23485
23483
23486
23482
23483
23484
23694
23484
23489
23490
23696
23486
23487
23488
23489
23488
23862
23491
23863
23490
23491
23492
23702
23492
23866
23704
23867
23494
23495
28632
23496
23497
28633
23496
23501
23499
23502
23498
23499
28638
23500
23509
28639
23500
23505
23506
23511
23502
23503
23504
23505
23504
23525
23507
23526
23506
23507
23508
23517
23508
23529
23519
23530
23510
23511
28656
23512
23513
28657
23512
23517
23515
23518
23514
23515
28662
23516
23557
28663
23516
23521
23522
23559
23518
23519
23520
23521
23520
23541
23523
23542
23522
23523
23524
23565
23524
23545
23546
23567
23526
23527
23528
23529
23528
23533
23531
23534
23530
23531
23532
23541
23532
23537
23538
23543
23534
23535
23536
23537
23536
23662
23539
23663
23538
23539
23540
23549
23540
23666
23551
23667
23542
23543
23544
23545
23544
23549
23547
23550
23546
23547
23548
23630
23548
23553
23554
23632
23550
23551
23552
23553
23552
23678
23555
23679
23554
23555
23556
23638
23556
23682
23640
23683
23558
23559
28730
23560
23561
28731
23560
23565
23563
23566
23562
23563
28736
23564
23573
23576
28737
23564
23569
23570
23583
23586
23566
23567
23568
23569
23568
23630
23571
23631
23570
23571
23572
23597
23572
23634
23598
23635
23574
23576
28821
23575
23577
28822
23578
23579
28824
23577
23583
23578
23584
23580
23585
23580
28831
41875
23582
23591
23582
23592
42005
42004
23584
23586
23585
23588
23590
23591
23587
23588
23588
23589
23597
23590
23590
23597
23600
23593
23592
23593
23594
42006
23594
23601
23596
23602
23596
23608
42008
42007
23598
23600
23603
23599
23646
23604
23606
23616
23619
23647
23601
23603
23602
23605
23607
23608
23604
23605
23605
23606
23607
23607
23616
23610
23609
23610
23611
23613
42009
23611
23617
23614
23618
23613
23614
42011
42010
23615
23624
23625
24312
42012
23617
23619
23618
23621
23623
23624
23620
23621
23621
23622
23650
23623
23623
23626
23650
23627
23625
23627
23629
24318
23627
23628
23651
23629
23629
23651
24320
24321
23631
23632
23633
23634
23633
23638
23636
23639
23635
23636
23637
23646
23637
23642
23643
23648
23639
23640
23641
23642
23641
23726
23644
23727
23643
23644
23645
23654
23645
23730
23656
23731
23647
23648
23649
23650
23649
23654
23652
23655
23651
23652
23653
24359
23653
23658
23659
24361
23655
23656
23657
23658
23657
23742
23660
23743
23659
23660
23661
24367
23661
23746
23747
24369
23663
23664
23665
23666
23665
23670
23668
23671
23667
23668
23669
23678
23669
23674
23675
23680
23671
23672
23673
23674
23673
23694
23676
23695
23675
23676
23677
23686
23677
23698
23688
23699
23679
23680
23681
23682
23681
23686
23684
23687
23683
23684
23685
23726
23685
23690
23691
23728
23687
23688
23689
23690
23689
23710
23692
23711
23691
23692
23693
23734
23693
23714
23715
23736
23695
23696
23697
23698
23697
23702
23700
23703
23699
23700
23701
23710
23701
23706
23707
23712
23703
23704
23705
23706
23705
24030
23708
24031
23707
23708
23709
23718
23709
24034
23720
24035
23711
23712
23713
23714
23713
23718
23716
23719
23715
23716
23717
23758
23717
23722
23723
23760
23719
23720
23721
23722
23721
24046
23724
24047
23723
23724
23725
23766
23725
24050
23768
24051
23727
23728
23729
23730
23729
23734
23732
23735
23731
23732
23733
23742
23733
23738
23739
23744
23735
23736
23737
23738
23737
23758
23740
23759
23739
23740
23741
23750
23741
23762
23752
23763
23743
23744
23745
23746
23745
23750
23748
23751
23747
23748
23749
24455
23749
23754
23755
24457
23751
23752
23753
23754
23753
23774
23756
23775
23755
23756
23757
24463
23757
23778
23779
24465
23759
23760
23761
23762
23761
23766
23764
23767
23763
23764
23765
23774
23765
23770
23771
23776
23767
23768
23769
23770
23769
24094
23772
24095
23771
23772
23773
23782
23773
24098
23784
24099
23775
23776
23777
23778
23777
23782
23780
23783
23779
23780
23781
24487
23781
23786
23787
24489
23783
23784
23785
23786
23785
24110
23788
24111
23787
23788
23789
24495
23789
24114
24115
24497
23791
23792
42003
23794
23796
42014
23793
23794
23795
23802
23795
23798
23799
23804
23797
23798
42015
23800
23818
42016
23799
23800
23801
23810
23801
23820
23812
23821
23803
23804
23805
23806
23805
23810
23808
23811
23807
23808
23809
23846
23809
23814
23815
23848
23811
23812
23813
23814
23813
23830
23816
23831
23815
23816
23817
23854
23817
23834
23835
23856
23819
23820
42017
23822
23824
42018
23821
23822
23823
23830
23823
23826
23827
23832
23825
23826
42019
23828
23910
42020
23827
23828
23829
23838
23829
23912
23840
23913
23831
23832
23833
23834
23833
23838
23836
23839
23835
23836
23837
23878
23837
23842
23843
23880
23839
23840
23841
23842
23841
23922
23844
23923
23843
23844
23845
23886
23845
23926
23888
23927
23847
23848
23849
23850
23849
23854
23852
23855
23851
23852
23853
23862
23853
23858
23859
23864
23855
23856
23857
23858
23857
23878
23860
23879
23859
23860
23861
23870
23861
23882
23872
23883
23863
23864
23865
23866
23865
23870
23868
23871
23867
23868
23869
24030
23869
23874
23875
24032
23871
23872
23873
23874
23873
23894
23876
23895
23875
23876
23877
24038
23877
23898
23899
24040
23879
23880
23881
23882
23881
23886
23884
23887
23883
23884
23885
23894
23885
23890
23891
23896
23887
23888
23889
23890
23889
23966
23892
23967
23891
23892
23893
23902
23893
23970
23904
23971
23895
23896
23897
23898
23897
23902
23900
23903
23899
23900
23901
24062
23901
23906
23907
24064
23903
23904
23905
23906
23905
23982
23908
23983
23907
23908
23909
24070
23909
23986
23987
24072
23911
23912
42021
23914
23916
42022
23913
23914
23915
23922
23915
23918
23919
23924
23917
23918
42023
23920
23938
42024
23919
23920
23921
23930
23921
23940
23932
23941
23923
23924
23925
23926
23925
23930
23928
23931
23927
23928
23929
23966
23929
23934
23935
23968
23931
23932
23933
23934
23933
23950
23936
23951
23935
23936
23937
23974
23937
23954
23955
23976
23939
23940
42025
23942
23944
42026
23941
23942
23943
23950
23943
23946
23947
23952
23945
23946
42027
23948
25351
42028
23947
23948
23949
23958
23949
25353
23960
25354
23951
23952
23953
23954
23953
23958
23956
23959
23955
23956
23957
23998
23957
23962
23963
24000
23959
23960
23961
23962
23961
25363
23964
25364
23963
23964
23965
24006
23965
25367
24008
25368
23967
23968
23969
23970
23969
23974
23972
23975
23971
23972
23973
23982
23973
23978
23979
23984
23975
23976
23977
23978
23977
23998
23980
23999
23979
23980
23981
23990
23981
24002
23992
24003
23983
23984
23985
23986
23985
23990
23988
23991
23987
23988
23989
24158
23989
23994
23995
24160
23991
23992
23993
23994
23993
24014
23996
24015
23995
23996
23997
24166
23997
24018
24019
24168
23999
24000
24001
24002
24001
24006
24004
24007
24003
24004
24005
24014
24005
24010
24011
24016
24007
24008
24009
24010
24009
25400
24012
25401
24011
24012
24013
24022
24013
25404
24024
25405
24015
24016
24017
24018
24017
24022
24020
24023
24019
24020
24021
24190
24021
24026
24027
24192
24023
24024
24025
24026
24025
25416
24028
25417
24027
24028
24029
24198
24029
25420
24200
25421
24031
24032
24033
24034
24033
24038
24036
24039
24035
24036
24037
24046
24037
24042
24043
24048
24039
24040
24041
24042
24041
24062
24044
24063
24043
24044
24045
24054
24045
24066
24056
24067
24047
24048
24049
24050
24049
24054
24052
24055
24051
24052
24053
24094
24053
24058
24059
24096
24055
24056
24057
24058
24057
24078
24060
24079
24059
24060
24061
24102
24061
24082
24083
24104
24063
24064
24065
24066
24065
24070
24068
24071
24067
24068
24069
24078
24069
24074
24075
24080
24071
24072
24073
24074
24073
24158
24076
24159
24075
24076
24077
24086
24077
24162
24088
24163
24079
24080
24081
24082
24081
24086
24084
24087
24083
24084
24085
24126
24085
24090
24091
24128
24087
24088
24089
24090
24089
24174
24092
24175
24091
24092
24093
24134
24093
24178
24136
24179
24095
24096
24097
24098
24097
24102
24100
24103
24099
24100
24101
24110
24101
24106
24107
24112
24103
24104
24105
24106
24105
24126
24108
24127
24107
24108
24109
24118
24109
24130
24120
24131
24111
24112
24113
24114
24113
24118
24116
24119
24115
24116
24117
24839
24117
24122
24123
24841
24119
24120
24121
24122
24121
24142
24124
24143
24123
24124
24125
24847
24125
24146
24147
24849
24127
24128
24129
24130
24129
24134
24132
24135
24131
24132
24133
24142
24133
24138
24139
24144
24135
24136
24137
24138
24137
24222
24140
24223
24139
24140
24141
24150
24141
24226
24152
24227
24143
24144
24145
24146
24145
24150
24148
24151
24147
24148
24149
24871
24149
24154
24155
24873
24151
24152
24153
24154
24153
24238
24156
24239
24155
24156
24157
24879
24157
24242
24243
24881
24159
24160
24161
24162
24161
24166
24164
24167
24163
24164
24165
24174
24165
24170
24171
24176
24167
24168
24169
24170
24169
24190
24172
24191
24171
24172
24173
24182
24173
24194
24184
24195
24175
24176
24177
24178
24177
24182
24180
24183
24179
24180
24181
24222
24181
24186
24187
24224
24183
24184
24185
24186
24185
24206
24188
24207
24187
24188
24189
24230
24189
24210
24211
24232
24191
24192
24193
24194
24193
24198
24196
24199
24195
24196
24197
24206
24197
24202
24203
24208
24199
24200
24201
24202
24201
25456
24204
25457
24203
24204
24205
24214
24205
25460
24216
25461
24207
24208
24209
24210
24209
24214
24212
24215
24211
24212
24213
24254
24213
24218
24219
24256
24215
24216
24217
24218
24217
25472
24220
25473
24219
24220
24221
24262
24221
25476
24264
25477
24223
24224
24225
24226
24225
24230
24228
24231
24227
24228
24229
24238
24229
24234
24235
24240
24231
24232
24233
24234
24233
24254
24236
24255
24235
24236
24237
24246
24237
24258
24248
24259
24239
24240
24241
24242
24241
24246
24244
24247
24243
24244
24245
24967
24245
24250
24251
24969
24247
24248
24249
24250
24249
24270
24252
24271
24251
24252
24253
24975
24253
24274
24275
24977
24255
24256
24257
24258
24257
24262
24260
24263
24259
24260
24261
24270
24261
24266
24267
24272
24263
24264
24265
24266
24265
25512
24268
25513
24267
24268
24269
24278
24269
25516
24280
25517
24271
24272
24273
24274
24273
24278
24276
24279
24275
24276
24277
24999
24277
24282
24283
25001
24279
24280
24281
24282
24281
25528
24284
25529
24283
24284
24285
25007
24285
25532
25009
25533
24287
24300
42036
24315
42037
24291
24292
29938
41885
24290
24291
42031
24298
42030
24295
24299
24294
24295
29944
24294
24296
24343
29946
24297
29947
24297
24302
24297
24303
24343
24304
24299
24300
42032
24301
24302
24301
24335
24306
24337
24304
24306
24304
24307
24345
24309
24306
24308
24332
24336
24309
24308
24309
24345
24309
24332
24311
24314
42033
24313
42034
24313
24318
42013
24316
24319
24315
24316
42035
24317
24335
24317
24324
24326
24339
24319
24321
24323
24324
24321
24322
24359
24323
24323
24327
24359
24328
24326
24328
24326
24329
24333
24338
24331
24328
24330
24360
24331
24330
24331
24333
24331
24360
24334
24336
24340
24351
24334
24338
24341
24363
24353
24364
24337
24339
24337
24340
24342
24339
24341
24342
24341
24342
24342
24344
24345
29964
24346
24347
29965
24346
24351
24349
24352
24348
24349
29970
24350
24391
29971
24350
24355
24356
24393
24352
24353
24354
24355
24354
24375
24357
24376
24356
24357
24358
24399
24358
24379
24380
24401
24360
24361
24362
24363
24362
24367
24365
24368
24364
24365
24366
24375
24366
24371
24372
24377
24368
24369
24370
24371
24370
24455
24373
24456
24372
24373
24374
24383
24374
24459
24385
24460
24376
24377
24378
24379
24378
24383
24381
24384
24380
24381
24382
24423
24382
24387
24388
24425
24384
24385
24386
24387
24386
24471
24389
24472
24388
24389
24390
24431
24390
24475
24433
24476
24392
24393
30037
24394
24395
30038
24394
24399
24397
24400
24396
24397
30043
24398
24407
30045
24398
24403
24404
24409
24400
24401
24402
24403
24402
24423
24405
24424
24404
24405
24406
24415
24406
24427
24417
24428
24408
24409
30062
24410
24411
30063
24410
24415
24413
24416
24412
24413
30068
24414
24583
30069
24414
24419
24420
24585
24416
24417
24418
24419
24418
24439
24421
24440
24420
24421
24422
24591
24422
24443
24444
24593
24424
24425
24426
24427
24426
24431
24429
24432
24428
24429
24430
24439
24430
24435
24436
24441
24432
24433
24434
24435
24434
24519
24437
24520
24436
24437
24438
24447
24438
24523
24449
24524
24440
24441
24442
24443
24442
24447
24445
24448
24444
24445
24446
24615
24446
24451
24452
24617
24448
24449
24450
24451
24450
24535
24453
24536
24452
24453
24454
24623
24454
24539
24540
24625
24456
24457
24458
24459
24458
24463
24461
24464
24460
24461
24462
24471
24462
24467
24468
24473
24464
24465
24466
24467
24466
24487
24469
24488
24468
24469
24470
24479
24470
24491
24481
24492
24472
24473
24474
24475
24474
24479
24477
24480
24476
24477
24478
24519
24478
24483
24484
24521
24480
24481
24482
24483
24482
24503
24485
24504
24484
24485
24486
24527
24486
24507
24508
24529
24488
24489
24490
24491
24490
24495
24493
24496
24492
24493
24494
24503
24494
24499
24500
24505
24496
24497
24498
24499
24498
24839
24501
24840
24500
24501
24502
24511
24502
24843
24513
24844
24504
24505
24506
24507
24506
24511
24509
24512
24508
24509
24510
24551
24510
24515
24516
24553
24512
24513
24514
24515
24514
24855
24517
24856
24516
24517
24518
24559
24518
24859
24561
24860
24520
24521
24522
24523
24522
24527
24525
24528
24524
24525
24526
24535
24526
24531
24532
24537
24528
24529
24530
24531
24530
24551
24533
24552
24532
24533
24534
24543
24534
24555
24545
24556
24536
24537
24538
24539
24538
24543
24541
24544
24540
24541
24542
24711
24542
24547
24548
24713
24544
24545
24546
24547
24546
24567
24549
24568
24548
24549
24550
24719
24550
24571
24572
24721
24552
24553
24554
24555
24554
24559
24557
24560
24556
24557
24558
24567
24558
24563
24564
24569
24560
24561
24562
24563
24562
24903
24565
24904
24564
24565
24566
24575
24566
24907
24577
24908
24568
24569
24570
24571
24570
24575
24573
24576
24572
24573
24574
24743
24574
24579
24580
24745
24576
24577
24578
24579
24578
24919
24581
24920
24580
24581
24582
24751
24582
24923
24753
24924
24584
24585
30332
24586
24587
30333
24586
24591
24589
24592
24588
24589
30338
24590
24599
30339
24590
24595
24596
24601
24592
24593
24594
24595
24594
24615
24597
24616
24596
24597
24598
24607
24598
24619
24609
24620
24600
24601
30356
24602
24603
30357
24602
24607
24605
24608
24604
24605
30362
24606
24647
30363
24606
24611
24612
24649
24608
24609
24610
24611
24610
24631
24613
24632
24612
24613
24614
24655
24614
24635
24636
24657
24616
24617
24618
24619
24618
24623
24621
24624
24620
24621
24622
24631
24622
24627
24628
24633
24624
24625
24626
24627
24626
24711
24629
24712
24628
24629
24630
24639
24630
24715
24641
24716
24632
24633
24634
24635
24634
24639
24637
24640
24636
24637
24638
24679
24638
24643
24644
24681
24640
24641
24642
24643
24642
24727
24645
24728
24644
24645
24646
24687
24646
24731
24689
24732
24648
24649
30430
24650
24651
30431
24650
24655
24653
24656
24652
24653
30436
24654
24663
30437
24654
24659
24660
24665
24656
24657
24658
24659
24658
24679
24661
24680
24660
24661
24662
24671
24662
24683
24673
24684
24664
24665
30456
24666
24667
30457
24666
24671
24669
24672
24668
24669
30462
24670
25792
30463
24670
24675
24676
25794
24672
24673
24674
24675
24674
24695
24677
24696
24676
24677
24678
25800
24678
24699
24700
25802
24680
24681
24682
24683
24682
24687
24685
24688
24684
24685
24686
24695
24686
24691
24692
24697
24688
24689
24690
24691
24690
24775
24693
24776
24692
24693
24694
24703
24694
24779
24705
24780
24696
24697
24698
24699
24698
24703
24701
24704
24700
24701
24702
25824
24702
24707
24708
25826
24704
24705
24706
24707
24706
24791
24709
24792
24708
24709
24710
25832
24710
24795
24796
25834
24712
24713
24714
24715
24714
24719
24717
24720
24716
24717
24718
24727
24718
24723
24724
24729
24720
24721
24722
24723
24722
24743
24725
24744
24724
24725
24726
24735
24726
24747
24737
24748
24728
24729
24730
24731
24730
24735
24733
24736
24732
24733
24734
24775
24734
24739
24740
24777
24736
24737
24738
24739
24738
24759
24741
24760
24740
24741
24742
24783
24742
24763
24764
24785
24744
24745
24746
24747
24746
24751
24749
24752
24748
24749
24750
24759
24750
24755
24756
24761
24752
24753
24754
24755
24754
25095
24757
25096
24756
24757
24758
24767
24758
25099
24769
25100
24760
24761
24762
24763
24762
24767
24765
24768
24764
24765
24766
24807
24766
24771
24772
24809
24768
24769
24770
24771
24770
25111
24773
25112
24772
24773
24774
24815
24774
25115
24817
25116
24776
24777
24778
24779
24778
24783
24781
24784
24780
24781
24782
24791
24782
24787
24788
24793
24784
24785
24786
24787
24786
24807
24789
24808
24788
24789
24790
24799
24790
24811
24801
24812
24792
24793
24794
24795
24794
24799
24797
24800
24796
24797
24798
25920
24798
24803
24804
25922
24800
24801
24802
24803
24802
24823
24805
24824
24804
24805
24806
25928
24806
24827
24828
25930
24808
24809
24810
24811
24810
24815
24813
24816
24812
24813
24814
24823
24814
24819
24820
24825
24816
24817
24818
24819
24818
25159
24821
25160
24820
24821
24822
24831
24822
25163
24833
25164
24824
24825
24826
24827
24826
24831
24829
24832
24828
24829
24830
25952
24830
24835
24836
25954
24832
24833
24834
24835
24834
25175
24837
25176
24836
24837
24838
25960
24838
25179
25180
25962
24840
24841
24842
24843
24842
24847
24845
24848
24844
24845
24846
24855
24846
24851
24852
24857
24848
24849
24850
24851
24850
24871
24853
24872
24852
24853
24854
24863
24854
24875
24865
24876
24856
24857
24858
24859
24858
24863
24861
24864
24860
24861
24862
24903
24862
24867
24868
24905
24864
24865
24866
24867
24866
24887
24869
24888
24868
24869
24870
24911
24870
24891
24892
24913
24872
24873
24874
24875
24874
24879
24877
24880
24876
24877
24878
24887
24878
24883
24884
24889
24880
24881
24882
24883
24882
24967
24885
24968
24884
24885
24886
24895
24886
24971
24897
24972
24888
24889
24890
24891
24890
24895
24893
24896
24892
24893
24894
24935
24894
24899
24900
24937
24896
24897
24898
24899
24898
24983
24901
24984
24900
24901
24902
24943
24902
24987
24945
24988
24904
24905
24906
24907
24906
24911
24909
24912
24908
24909
24910
24919
24910
24915
24916
24921
24912
24913
24914
24915
24914
24935
24917
24936
24916
24917
24918
24927
24918
24939
24929
24940
24920
24921
24922
24923
24922
24927
24925
24928
24924
24925
24926
25095
24926
24931
24932
25097
24928
24929
24930
24931
24930
24951
24933
24952
24932
24933
24934
25103
24934
24955
24956
25105
24936
24937
24938
24939
24938
24943
24941
24944
24940
24941
24942
24951
24942
24947
24948
24953
24944
24945
24946
24947
24946
25031
24949
25032
24948
24949
24950
24959
24950
25035
24961
25036
24952
24953
24954
24955
24954
24959
24957
24960
24956
24957
24958
25127
24958
24963
24964
25129
24960
24961
24962
24963
24962
25047
24965
25048
24964
24965
24966
25135
24966
25051
25052
25137
24968
24969
24970
24971
24970
24975
24973
24976
24972
24973
24974
24983
24974
24979
24980
24985
24976
24977
24978
24979
24978
24999
24981
25000
24980
24981
24982
24991
24982
25003
24993
25004
24984
24985
24986
24987
24986
24991
24989
24992
24988
24989
24990
25031
24990
24995
24996
25033
24992
24993
24994
24995
24994
25015
24997
25016
24996
24997
24998
25039
24998
25019
25020
25041
25000
25001
25002
25003
25002
25007
25005
25008
25004
25005
25006
25015
25006
25011
25012
25017
25008
25009
25010
25011
25010
25568
25013
25569
25012
25013
25014
25023
25014
25572
25025
25573
25016
25017
25018
25019
25018
25023
25021
25024
25020
25021
25022
25063
25022
25027
25028
25065
25024
25025
25026
25027
25026
25584
25029
25585
25028
25029
25030
25071
25030
25588
25073
25589
25032
25033
25034
25035
25034
25039
25037
25040
25036
25037
25038
25047
25038
25043
25044
25049
25040
25041
25042
25043
25042
25063
25045
25064
25044
25045
25046
25055
25046
25067
25057
25068
25048
25049
25050
25051
25050
25055
25053
25056
25052
25053
25054
25223
25054
25059
25060
25225
25056
25057
25058
25059
25058
25079
25061
25080
25060
25061
25062
25231
25062
25083
25084
25233
25064
25065
25066
25067
25066
25071
25069
25072
25068
25069
25070
25079
25070
25075
25076
25081
25072
25073
25074
25075
25074
25624
25077
25625
25076
25077
25078
25087
25078
25628
25089
25629
25080
25081
25082
25083
25082
25087
25085
25088
25084
25085
25086
25255
25086
25091
25092
25257
25088
25089
25090
25091
25090
25640
25093
25641
25092
25093
25094
25263
25094
25644
25265
25645
25096
25097
25098
25099
25098
25103
25101
25104
25100
25101
25102
25111
25102
25107
25108
25113
25104
25105
25106
25107
25106
25127
25109
25128
25108
25109
25110
25119
25110
25131
25121
25132
25112
25113
25114
25115
25114
25119
25117
25120
25116
25117
25118
25159
25118
25123
25124
25161
25120
25121
25122
25123
25122
25143
25125
25144
25124
25125
25126
25167
25126
25147
25148
25169
25128
25129
25130
25131
25130
25135
25133
25136
25132
25133
25134
25143
25134
25139
25140
25145
25136
25137
25138
25139
25138
25223
25141
25224
25140
25141
25142
25151
25142
25227
25153
25228
25144
25145
25146
25147
25146
25151
25149
25152
25148
25149
25150
25191
25150
25155
25156
25193
25152
25153
25154
25155
25154
25239
25157
25240
25156
25157
25158
25199
25158
25243
25201
25244
25160
25161
25162
25163
25162
25167
25165
25168
25164
25165
25166
25175
25166
25171
25172
25177
25168
25169
25170
25171
25170
25191
25173
25192
25172
25173
25174
25183
25174
25195
25185
25196
25176
25177
25178
25179
25178
25183
25181
25184
25180
25181
25182
26304
25182
25187
25188
26306
25184
25185
25186
25187
25186
25207
25189
25208
25188
25189
25190
26312
25190
25211
25212
26314
25192
25193
25194
25195
25194
25199
25197
25200
25196
25197
25198
25207
25198
25203
25204
25209
25200
25201
25202
25203
25202
25287
25205
25288
25204
25205
25206
25215
25206
25291
25217
25292
25208
25209
25210
25211
25210
25215
25213
25216
25212
25213
25214
26336
25214
25219
25220
26338
25216
25217
25218
25219
25218
25303
25221
25304
25220
25221
25222
26344
25222
25307
25308
26346
25224
25225
25226
25227
25226
25231
25229
25232
25228
25229
25230
25239
25230
25235
25236
25241
25232
25233
25234
25235
25234
25255
25237
25256
25236
25237
25238
25247
25238
25259
25249
25260
25240
25241
25242
25243
25242
25247
25245
25248
25244
25245
25246
25287
25246
25251
25252
25289
25248
25249
25250
25251
25250
25271
25253
25272
25252
25253
25254
25295
25254
25275
25276
25297
25256
25257
25258
25259
25258
25263
25261
25264
25260
25261
25262
25271
25262
25267
25268
25273
25264
25265
25266
25267
25266
25680
25269
25681
25268
25269
25270
25279
25270
25684
25281
25685
25272
25273
25274
25275
25274
25279
25277
25280
25276
25277
25278
25319
25278
25283
25284
25321
25280
25281
25282
25283
25282
25696
25285
25697
25284
25285
25286
25327
25286
25700
25329
25701
25288
25289
25290
25291
25290
25295
25293
25296
25292
25293
25294
25303
25294
25299
25300
25305
25296
25297
25298
25299
25298
25319
25301
25320
25300
25301
25302
25311
25302
25323
25313
25324
25304
25305
25306
25307
25306
25311
25309
25312
25308
25309
25310
26432
25310
25315
25316
26434
25312
25313
25314
25315
25314
25335
25317
25336
25316
25317
25318
26440
25318
25339
25340
26442
25320
25321
25322
25323
25322
25327
25325
25328
25324
25325
25326
25335
25326
25331
25332
25337
25328
25329
25330
25331
25330
25736
25333
25737
25332
25333
25334
25343
25334
25740
25345
25741
25336
25337
25338
25339
25338
25343
25341
25344
25340
25341
25342
26464
25342
25347
25348
26466
25344
25345
25346
25347
25346
25752
25349
25753
25348
25349
25350
26472
25350
25756
25757
26474
25352
25353
42029
25355
25357
42038
25354
25355
25356
25363
25356
25359
25360
25365
25358
25359
42039
25361
25379
42040
25360
25361
25362
25371
25362
25381
25373
25382
25364
25365
25366
25367
25366
25371
25369
25372
25368
25369
25370
25400
25370
25375
25376
25402
25372
25373
25374
25375
25374
25388
25377
25389
25376
25377
25378
25408
25378
25392
25393
25410
25380
25381
42041
25383
25385
42042
25382
25383
25384
25388
25384
25386
25387
25390
25386
42043
42044
25387
42045
25396
42046
25389
25390
25391
25392
25391
25396
25394
25397
25393
25394
25395
25432
25395
25398
25399
25434
25397
42047
25398
42048
25399
42049
25440
42050
25401
25402
25403
25404
25403
25408
25406
25409
25405
25406
25407
25416
25407
25412
25413
25418
25409
25410
25411
25412
25411
25432
25414
25433
25413
25414
25415
25424
25415
25436
25426
25437
25417
25418
25419
25420
25419
25424
25422
25425
25421
25422
25423
25456
25423
25428
25429
25458
25425
25426
25427
25428
25427
25444
25430
25445
25429
25430
25431
25464
25431
25448
25449
25466
25433
25434
25435
25436
25435
25440
25438
25441
25437
25438
25439
25444
25439
25442
25443
25446
25441
42051
25442
42052
25443
42053
25452
42054
25445
25446
25447
25448
25447
25452
25450
25453
25449
25450
25451
25488
25451
25454
25455
25490
25453
42055
25454
42056
25455
42057
25496
42058
25457
25458
25459
25460
25459
25464
25462
25465
25461
25462
25463
25472
25463
25468
25469
25474
25465
25466
25467
25468
25467
25488
25470
25489
25469
25470
25471
25480
25471
25492
25482
25493
25473
25474
25475
25476
25475
25480
25478
25481
25477
25478
25479
25512
25479
25484
25485
25514
25481
25482
25483
25484
25483
25500
25486
25501
25485
25486
25487
25520
25487
25504
25505
25522
25489
25490
25491
25492
25491
25496
25494
25497
25493
25494
25495
25500
25495
25498
25499
25502
25497
42059
25498
42060
25499
42061
25508
42062
25501
25502
25503
25504
25503
25508
25506
25509
25505
25506
25507
25544
25507
25510
25511
25546
25509
42063
25510
42064
25511
42065
25552
42066
25513
25514
25515
25516
25515
25520
25518
25521
25517
25518
25519
25528
25519
25524
25525
25530
25521
25522
25523
25524
25523
25544
25526
25545
25525
25526
25527
25536
25527
25548
25538
25549
25529
25530
25531
25532
25531
25536
25534
25537
25533
25534
25535
25568
25535
25540
25541
25570
25537
25538
25539
25540
25539
25556
25542
25557
25541
25542
25543
25576
25543
25560
25561
25578
25545
25546
25547
25548
25547
25552
25550
25553
25549
25550
25551
25556
25551
25554
25555
25558
25553
42067
25554
42068
25555
42069
25564
42070
25557
25558
25559
25560
25559
25564
25562
25565
25561
25562
25563
25600
25563
25566
25567
25602
25565
42071
25566
42072
25567
42073
25608
42074
25569
25570
25571
25572
25571
25576
25574
25577
25573
25574
25575
25584
25575
25580
25581
25586
25577
25578
25579
25580
25579
25600
25582
25601
25581
25582
25583
25592
25583
25604
25594
25605
25585
25586
25587
25588
25587
25592
25590
25593
25589
25590
25591
25624
25591
25596
25597
25626
25593
25594
25595
25596
25595
25612
25598
25613
25597
25598
25599
25632
25599
25616
25617
25634
25601
25602
25603
25604
25603
25608
25606
25609
25605
25606
25607
25612
25607
25610
25611
25614
25609
42075
25610
42076
25611
42077
25620
42078
25613
25614
25615
25616
25615
25620
25618
25621
25617
25618
25619
25656
25619
25622
25623
25658
25621
42079
25622
42080
25623
42081
25664
42082
25625
25626
25627
25628
25627
25632
25630
25633
25629
25630
25631
25640
25631
25636
25637
25642
25633
25634
25635
25636
25635
25656
25638
25657
25637
25638
25639
25648
25639
25660
25650
25661
25641
25642
25643
25644
25643
25648
25646
25649
25645
25646
25647
25680
25647
25652
25653
25682
25649
25650
25651
25652
25651
25668
25654
25669
25653
25654
25655
25688
25655
25672
25673
25690
25657
25658
25659
25660
25659
25664
25662
25665
25661
25662
25663
25668
25663
25666
25667
25670
25665
42083
25666
42084
25667
42085
25676
42086
25669
25670
25671
25672
25671
25676
25674
25677
25673
25674
25675
25712
25675
25678
25679
25714
25677
42087
25678
42088
25679
42089
25720
42090
25681
25682
25683
25684
25683
25688
25686
25689
25685
25686
25687
25696
25687
25692
25693
25698
25689
25690
25691
25692
25691
25712
25694
25713
25693
25694
25695
25704
25695
25716
25706
25717
25697
25698
25699
25700
25699
25704
25702
25705
25701
25702
25703
25736
25703
25708
25709
25738
25705
25706
25707
25708
25707
25724
25710
25725
25709
25710
25711
25744
25711
25728
25729
25746
25713
25714
25715
25716
25715
25720
25718
25721
25717
25718
25719
25724
25719
25722
25723
25726
25721
42091
25722
42092
25723
42093
25732
42094
25725
25726
25727
25728
25727
25732
25730
25733
25729
25730
25731
25768
25731
25734
25735
25770
25733
42095
25734
42096
25735
42097
25776
42098
25737
25738
25739
25740
25739
25744
25742
25745
25741
25742
25743
25752
25743
25748
25749
25754
25745
25746
25747
25748
25747
25768
25750
25769
25749
25750
25751
25760
25751
25772
25762
25773
25753
25754
25755
25756
25755
25760
25758
25761
25757
25758
25759
30129
25759
25764
25765
30135
25761
25762
25763
25764
25763
25780
25766
25781
25765
25766
25767
30153
25767
25784
25785
30159
25769
25770
25771
25772
25771
25776
25774
25777
25773
25774
25775
25780
25775
25778
25779
25782
25777
42099
25778
42100
25779
42101
25788
42102
25781
25782
25783
25784
25783
25788
25786
25789
25785
25786
25787
30225
25787
25790
25791
30231
25789
42103
25790
42104
25791
42105
30248
42106
25793
25794
25795
25796
25795
25800
25798
25801
25797
25798
25799
25808
25799
25804
25805
25810
25801
25802
25803
25804
25803
25824
25806
25825
25805
25806
25807
25816
25807
25828
25818
25829
25809
25810
25811
25812
25811
25816
25814
25817
25813
25814
25815
25856
25815
25820
25821
25858
25817
25818
25819
25820
25819
25840
25822
25841
25821
25822
25823
25864
25823
25844
25845
25866
25825
25826
25827
25828
25827
25832
25830
25833
25829
25830
25831
25840
25831
25836
25837
25842
25833
25834
25835
25836
25835
25920
25838
25921
25837
25838
25839
25848
25839
25924
25850
25925
25841
25842
25843
25844
25843
25848
25846
25849
25845
25846
25847
25888
25847
25852
25853
25890
25849
25850
25851
25852
25851
25936
25854
25937
25853
25854
25855
25896
25855
25940
25898
25941
25857
25858
25859
25860
25859
25864
25862
25865
25861
25862
25863
25872
25863
25868
25869
25874
25865
25866
25867
25868
25867
25888
25870
25889
25869
25870
25871
25880
25871
25892
25882
25893
25873
25874
25875
25876
25875
25880
25878
25881
25877
25878
25879
26048
25879
25884
25885
26050
25881
25882
25883
25884
25883
25904
25886
25905
25885
25886
25887
26056
25887
25908
25909
26058
25889
25890
25891
25892
25891
25896
25894
25897
25893
25894
25895
25904
25895
25900
25901
25906
25897
25898
25899
25900
25899
25984
25902
25985
25901
25902
25903
25912
25903
25988
25914
25989
25905
25906
25907
25908
25907
25912
25910
25913
25909
25910
25911
26080
25911
25916
25917
26082
25913
25914
25915
25916
25915
26000
25918
26001
25917
25918
25919
26088
25919
26004
26005
26090
25921
25922
25923
25924
25923
25928
25926
25929
25925
25926
25927
25936
25927
25932
25933
25938
25929
25930
25931
25932
25931
25952
25934
25953
25933
25934
25935
25944
25935
25956
25946
25957
25937
25938
25939
25940
25939
25944
25942
25945
25941
25942
25943
25984
25943
25948
25949
25986
25945
25946
25947
25948
25947
25968
25950
25969
25949
25950
25951
25992
25951
25972
25973
25994
25953
25954
25955
25956
25955
25960
25958
25961
25957
25958
25959
25968
25959
25964
25965
25970
25961
25962
25963
25964
25963
26304
25966
26305
25965
25966
25967
25976
25967
26308
25978
26309
25969
25970
25971
25972
25971
25976
25974
25977
25973
25974
25975
26016
25975
25980
25981
26018
25977
25978
25979
25980
25979
26320
25982
26321
25981
25982
25983
26024
25983
26324
26026
26325
25985
25986
25987
25988
25987
25992
25990
25993
25989
25990
25991
26000
25991
25996
25997
26002
25993
25994
25995
25996
25995
26016
25998
26017
25997
25998
25999
26008
25999
26020
26010
26021
26001
26002
26003
26004
26003
26008
26006
26009
26005
26006
26007
26176
26007
26012
26013
26178
26009
26010
26011
26012
26011
26032
26014
26033
26013
26014
26015
26184
26015
26036
26037
26186
26017
26018
26019
26020
26019
26024
26022
26025
26021
26022
26023
26032
26023
26028
26029
26034
26025
26026
26027
26028
26027
26368
26030
26369
26029
26030
26031
26040
26031
26372
26042
26373
26033
26034
26035
26036
26035
26040
26038
26041
26037
26038
26039
26208
26039
26044
26045
26210
26041
26042
26043
26044
26043
26384
26046
26385
26045
26046
26047
26216
26047
26388
26218
26389
26049
26050
26051
26052
26051
26056
26054
26057
26053
26054
26055
26064
26055
26060
26061
26066
26057
26058
26059
26060
26059
26080
26062
26081
26061
26062
26063
26072
26063
26084
26074
26085
26065
26066
26067
26068
26067
26072
26070
26073
26069
26070
26071
26112
26071
26076
26077
26114
26073
26074
26075
26076
26075
26096
26078
26097
26077
26078
26079
26120
26079
26100
26101
26122
26081
26082
26083
26084
26083
26088
26086
26089
26085
26086
26087
26096
26087
26092
26093
26098
26089
26090
26091
26092
26091
26176
26094
26177
26093
26094
26095
26104
26095
26180
26106
26181
26097
26098
26099
26100
26099
26104
26102
26105
26101
26102
26103
26144
26103
26108
26109
26146
26105
26106
26107
26108
26107
26192
26110
26193
26109
26110
26111
26152
26111
26196
26154
26197
26113
26114
26115
26116
26115
26120
26118
26121
26117
26118
26119
26128
26119
26124
26125
26130
26121
26122
26123
26124
26123
26144
26126
26145
26125
26126
26127
26136
26127
26148
26138
26149
26129
26130
26131
26132
26131
26136
26134
26137
26133
26134
26135
27267
26135
26140
26141
27273
26137
26138
26139
26140
26139
26160
26142
26161
26141
26142
26143
27291
26143
26164
26165
27296
26145
26146
26147
26148
26147
26152
26150
26153
26149
26150
26151
26160
26151
26156
26157
26162
26153
26154
26155
26156
26155
26240
26158
26241
26157
26158
26159
26168
26159
26244
26170
26245
26161
26162
26163
26164
26163
26168
26166
26169
26165
26166
26167
27359
26167
26172
26173
27365
26169
26170
26171
26172
26171
26256
26174
26257
26173
26174
26175
27383
26175
26260
26261
27389
26177
26178
26179
26180
26179
26184
26182
26185
26181
26182
26183
26192
26183
26188
26189
26194
26185
26186
26187
26188
26187
26208
26190
26209
26189
26190
26191
26200
26191
26212
26202
26213
26193
26194
26195
26196
26195
26200
26198
26201
26197
26198
26199
26240
26199
26204
26205
26242
26201
26202
26203
26204
26203
26224
26206
26225
26205
26206
26207
26248
26207
26228
26229
26250
26209
26210
26211
26212
26211
26216
26214
26217
26213
26214
26215
26224
26215
26220
26221
26226
26217
26218
26219
26220
26219
26567
26222
26570
26221
26222
26223
26232
26223
26576
26234
26578
26225
26226
26227
26228
26227
26232
26230
26233
26229
26230
26231
26272
26231
26236
26237
26274
26233
26234
26235
26236
26235
26607
26238
26610
26237
26238
26239
26280
26239
26619
26282
26622
26241
26242
26243
26244
26243
26248
26246
26249
26245
26246
26247
26256
26247
26252
26253
26258
26249
26250
26251
26252
26251
26272
26254
26273
26253
26254
26255
26264
26255
26276
26266
26277
26257
26258
26259
26260
26259
26264
26262
26265
26261
26262
26263
27639
26263
26268
26269
27645
26265
26266
26267
26268
26267
26288
26270
26289
26269
26270
26271
27663
26271
26292
26293
27669
26273
26274
26275
26276
26275
26280
26278
26281
26277
26278
26279
26288
26279
26284
26285
26290
26281
26282
26283
26284
26283
26739
26286
26742
26285
26286
26287
26296
26287
26748
26298
26750
26289
26290
26291
26292
26291
26296
26294
26297
26293
26294
26295
27735
26295
26300
26301
27741
26297
26298
26299
26300
26299
26783
26302
26786
26301
26302
26303
27759
26303
26795
26798
27765
26305
26306
26307
26308
26307
26312
26310
26313
26309
26310
26311
26320
26311
26316
26317
26322
26313
26314
26315
26316
26315
26336
26318
26337
26317
26318
26319
26328
26319
26340
26330
26341
26321
26322
26323
26324
26323
26328
26326
26329
26325
26326
26327
26368
26327
26332
26333
26370
26329
26330
26331
26332
26331
26352
26334
26353
26333
26334
26335
26376
26335
26356
26357
26378
26337
26338
26339
26340
26339
26344
26342
26345
26341
26342
26343
26352
26343
26348
26349
26354
26345
26346
26347
26348
26347
26432
26350
26433
26349
26350
26351
26360
26351
26436
26362
26437
26353
26354
26355
26356
26355
26360
26358
26361
26357
26358
26359
26400
26359
26364
26365
26402
26361
26362
26363
26364
26363
26448
26366
26449
26365
26366
26367
26408
26367
26452
26410
26453
26369
26370
26371
26372
26371
26376
26374
26377
26373
26374
26375
26384
26375
26380
26381
26386
26377
26378
26379
26380
26379
26400
26382
26401
26381
26382
26383
26392
26383
26404
26394
26405
26385
26386
26387
26388
26387
26392
26390
26393
26389
26390
26391
26567
26391
26396
26397
26572
26393
26394
26395
26396
26395
26416
26398
26417
26397
26398
26399
26587
26399
26420
26421
26592
26401
26402
26403
26404
26403
26408
26406
26409
26405
26406
26407
26416
26407
26412
26413
26418
26409
26410
26411
26412
26411
26496
26414
26497
26413
26414
26415
26424
26415
26500
26426
26501
26417
26418
26419
26420
26419
26424
26422
26425
26421
26422
26423
26651
26423
26428
26429
26656
26425
26426
26427
26428
26427
26512
26430
26513
26429
26430
26431
26671
26431
26516
26517
26677
26433
26434
26435
26436
26435
26440
26438
26441
26437
26438
26439
26448
26439
26444
26445
26450
26441
26442
26443
26444
26443
26464
26446
26465
26445
26446
26447
26456
26447
26468
26458
26469
26449
26450
26451
26452
26451
26456
26454
26457
26453
26454
26455
26496
26455
26460
26461
26498
26457
26458
26459
26460
26459
26480
26462
26481
26461
26462
26463
26504
26463
26484
26485
26506
26465
26466
26467
26468
26467
26472
26470
26473
26469
26470
26471
26480
26471
26476
26477
26482
26473
26474
26475
26476
26475
30129
26478
30132
26477
26478
26479
26488
26479
30141
26490
30144
26481
26482
26483
26484
26483
26488
26486
26489
26485
26486
26487
26528
26487
26492
26493
26530
26489
26490
26491
26492
26491
30177
26494
30180
26493
26494
26495
26536
26495
30189
26538
30192
26497
26498
26499
26500
26499
26504
26502
26505
26501
26502
26503
26512
26503
26508
26509
26514
26505
26506
26507
26508
26507
26528
26510
26529
26509
26510
26511
26520
26511
26532
26522
26533
26513
26514
26515
26516
26515
26520
26518
26521
26517
26518
26519
26915
26519
26524
26525
26920
26521
26522
26523
26524
26523
26544
26526
26545
26525
26526
26527
26935
26527
26548
26549
26941
26529
26530
26531
26532
26531
26536
26534
26537
26533
26534
26535
26544
26535
26540
26541
26546
26537
26538
26539
26540
26539
30289
26542
30292
26541
26542
26543
26552
26543
30301
26554
30304
26545
26546
26547
26548
26547
26552
26550
26553
26549
26550
26551
27003
26551
26558
26560
27008
26553
26554
26556
26558
26556
30337
26557
26561
41760
41761
26562
30340
26559
26565
41762
26560
26562
26566
26571
41764
26564
27023
26563
26565
41763
26564
30349
26568
26591
41766
27029
30352
26566
26568
26569
26579
26570
26572
26569
26595
26582
26596
26574
26576
26573
26579
41765
26574
26587
26575
26580
41768
26581
26590
26577
26585
41769
26578
26581
26586
26635
41770
26584
26607
26580
26582
26583
26585
26584
26597
26583
26611
26588
26612
26600
26613
26586
26588
26589
26643
26590
26592
26589
26617
26618
26646
26594
26597
26593
26595
41767
26594
26651
26598
26601
41772
26602
26654
26596
26598
26599
26611
26600
26602
26599
26605
26606
26614
26604
26631
26603
26605
41773
26604
26660
26608
27251
41774
26636
26662
26606
26608
26609
26623
26610
26613
26609
27255
26626
27256
26616
26619
26612
26614
26615
26617
26616
26631
26615
26623
26620
26624
26625
26634
26618
26620
26621
26675
26622
26625
26621
26629
26630
26678
26628
26739
26624
26626
26627
26629
26628
26640
26627
27271
26632
27272
26642
26744
26630
26632
26633
26687
26634
26636
26633
27277
26690
27278
26638
26640
26637
26643
41771
26638
26695
26639
26644
41776
26645
26698
26641
26649
41777
26642
26645
26650
26655
41778
26648
26759
26644
26646
26647
26649
26648
26707
26647
26675
26652
26676
26710
26765
26650
26652
26653
26663
26654
26656
26653
26681
26666
26682
26658
26660
26657
26663
41779
26658
26671
26659
26664
41780
26665
26674
26661
26669
41781
26662
26665
26670
26723
41782
26668
26695
26664
26666
26667
26669
26668
26683
26667
26699
26672
26700
26686
26701
26670
26672
26673
26731
26674
26677
26673
26705
26706
26734
26680
26683
26676
26678
26679
26681
26680
26915
26679
26687
26684
26688
26689
26918
26682
26684
26685
26699
26686
26689
26685
26693
26694
26702
26692
26719
26688
26690
26691
26693
26692
26924
26691
27339
26696
27340
26724
26926
26694
26696
26697
26711
26698
26701
26697
27345
26714
27346
26704
26707
26700
26702
26703
26705
26704
26719
26703
26711
26708
26712
26713
26722
26706
26708
26709
26763
26710
26713
26709
26717
26718
26766
26716
26827
26712
26714
26715
26717
26716
26728
26715
27363
26720
27364
26730
26832
26718
26720
26721
26775
26722
26724
26721
27369
26778
27370
26726
26728
26725
26731
41783
26726
26959
26727
26732
41784
26733
26962
26729
26737
41785
26730
26733
26738
26743
41786
26736
26847
26732
26734
26735
26737
26736
26971
26735
26763
26740
26764
26853
26974
26738
26740
26741
26751
26742
26744
26741
26769
26754
26770
26746
26748
26745
26751
41787
26746
26759
26747
26752
41788
26753
26762
26749
26757
41789
26750
26753
26758
26811
41790
26756
26783
26752
26754
26755
26757
26756
26771
26755
26787
26760
26788
26774
26789
26758
26760
26761
26819
26762
26765
26761
26793
26794
26822
26768
26771
26764
26766
26767
26769
26768
26827
26767
26775
26772
26776
26777
26830
26770
26772
26773
26787
26774
26777
26773
26781
26782
26790
26780
26807
26776
26778
26779
26781
26780
26836
26779
27619
26784
27620
26812
26838
26782
26784
26785
26799
26786
26789
26785
27625
26802
27626
26792
26795
26788
26790
26791
26793
26792
26807
26791
26799
26796
26800
26801
26810
26794
26796
26797
26851
26798
26801
26797
26805
26806
26854
26804
28711
26800
26802
26803
26805
26804
26816
26803
27643
26808
27644
26818
28717
26806
26808
26809
26863
26810
26812
26809
27649
26866
27650
26814
26816
26813
26819
41791
26814
26871
26815
26820
41792
26821
26874
26817
26825
41793
26818
26821
26826
26831
41794
26824
28735
26820
26822
26823
26825
26824
26883
26823
26851
26828
26852
26886
28741
26826
26828
26829
26839
26830
26832
26829
26857
26842
26858
26834
26836
26833
26839
41795
26834
26847
26835
26840
41796
26841
26850
26837
26845
41797
26838
26841
26846
26899
41798
26844
26871
26840
26842
26843
26845
26844
26859
26843
26875
26848
26876
26862
26877
26846
26848
26849
26907
26850
26853
26849
26881
26882
26910
26856
26859
26852
26854
26855
26857
26856
27091
26855
26863
26860
26864
26865
27094
26858
26860
26861
26875
26862
26865
26861
26869
26870
26878
26868
26895
26864
26866
26867
26869
26868
27100
26867
27715
26872
27716
26900
27102
26870
26872
26873
26887
26874
26877
26873
27721
26890
27722
26880
26883
26876
26878
26879
26881
26880
26895
26879
26887
26884
26888
26889
26898
26882
26884
26885
26939
26886
26889
26885
26893
26894
26942
26892
28794
26888
26890
26891
26893
26892
26904
26891
27739
26896
27740
26906
28796
26894
26896
26897
26951
26898
26900
26897
27745
26954
27746
26902
26904
26901
26907
41799
26902
27135
26903
26908
41800
26909
27138
26905
26913
41801
26906
26909
26914
26919
41802
26912
28812
26908
26910
26911
26913
26912
27147
26911
26939
26916
26940
27150
28817
26914
26916
26917
26927
26918
26920
26917
26945
26930
26946
26922
26924
26921
26927
41803
26922
26935
26923
26928
41804
26929
26938
26925
26933
41805
26926
26929
26934
26987
41806
26932
26959
26928
26930
26931
26933
26932
26947
26931
26963
26936
26964
26950
26965
26934
26936
26937
26995
26938
26941
26937
26969
26970
26998
26944
26947
26940
26942
26943
26945
26944
27003
26943
26951
26948
26952
26953
27006
26946
26948
26949
26963
26950
26953
26949
26957
26958
26966
26956
26983
26952
26954
26955
26957
26956
27012
26955
28838
26960
28839
26988
27014
26958
26960
26961
26975
26962
26965
26961
28844
26978
28845
26968
26971
26964
26966
26967
26969
26968
26983
26967
26975
26972
26976
26977
26986
26970
26972
26973
27027
26974
26977
26973
26981
26982
27030
26980
27091
26976
26978
26979
26981
26980
26992
26979
28862
26984
28863
26994
27096
26982
26984
26985
27039
26986
26988
26985
28868
27042
28869
26990
26992
26989
26995
41807
26990
27047
26991
26996
41808
26997
27050
26993
27001
41809
26994
26997
27002
27007
41810
27000
27111
26996
26998
26999
27001
27000
27059
26999
27027
27004
27028
27062
27117
27002
27004
27005
27015
27006
27008
27005
27033
27018
27034
27010
27012
27009
27015
41811
27010
27023
27011
27016
41812
27017
27026
27013
27021
41813
27014
27017
27022
27075
41814
27020
27047
27016
27018
27019
27021
27020
27035
27019
27051
27024
27052
27038
27053
27022
27024
27025
27083
27026
27029
27025
27057
27058
27086
27032
27035
27028
27030
27031
27033
27032
30449
27031
27039
27036
27040
27041
30452
27034
27036
27037
27051
27038
27041
27037
27045
27046
27054
27044
27071
27040
27042
27043
27045
27044
30461
27043
28934
27048
28935
27076
30464
27046
27048
27049
27063
27050
27053
27049
28940
27066
28941
27056
27059
27052
27054
27055
27057
27056
27071
27055
27063
27060
27064
27065
27074
27058
27060
27061
27115
27062
27065
27061
27069
27070
27118
27068
27179
27064
27066
27067
27069
27068
27080
27067
28958
27072
28959
27082
27184
27070
27072
27073
27127
27074
27076
27073
28964
27130
28965
27078
27080
27077
27083
41815
27078
30490
27079
27084
41816
27085
30492
27081
27089
41817
27082
27085
27090
27095
41818
27088
27199
27084
27086
27087
27089
27088
30501
27087
27115
27092
27116
27205
30504
27090
27092
27093
27103
27094
27096
27093
27121
27106
27122
27098
27100
27097
27103
41819
27098
27111
27099
27104
41820
27105
27114
27101
27109
41821
27102
27105
27110
27163
41822
27108
27135
27104
27106
27107
27109
27108
27123
27107
27139
27112
27140
27126
27141
27110
27112
27113
27171
27114
27117
27113
27145
27146
27174
27120
27123
27116
27118
27119
27121
27120
27179
27119
27127
27124
27128
27129
27182
27122
27124
27125
27139
27126
27129
27125
27133
27134
27142
27132
27159
27128
27130
27131
27133
27132
27188
27131
29222
27136
29223
27164
27190
27134
27136
27137
27151
27138
27141
27137
29228
27154
29229
27144
27147
27140
27142
27143
27145
27144
27159
27143
27151
27148
27152
27153
27162
27146
27148
27149
27203
27150
27153
27149
27157
27158
27206
27156
29068
27152
27154
27155
27157
27156
27168
27155
29246
27160
29247
27170
29074
27158
27160
27161
27215
27162
27164
27161
29252
27218
29253
27166
27168
27165
27171
41823
27166
27223
27167
27172
41824
27173
27226
27169
27177
41825
27170
27173
27178
27183
41826
27176
29092
27172
27174
27175
27177
27176
27235
27175
27203
27180
27204
27238
29098
27178
27180
27181
27191
27182
27184
27181
27209
27194
27210
27186
27188
27185
27191
41827
27186
27199
27187
27192
41828
27193
27202
27189
27197
41829
27190
27193
27198
30465
41830
27196
27223
27192
27194
27195
27197
27196
27211
27195
27227
27200
27228
27214
27229
27198
27200
27201
30473
27202
27205
27201
27233
27234
30476
27208
27211
27204
27206
27207
27209
27208
30593
27207
27215
27212
27216
27217
30596
27210
27212
27213
27227
27214
27217
27213
27221
27222
27230
27220
27247
27216
27218
27219
27221
27220
30605
27219
29318
27224
29319
27252
30608
27222
27224
27225
27239
27226
27229
27225
29324
27242
29325
27232
27235
27228
27230
27231
27233
27232
27247
27231
27239
27236
27240
27241
27250
27234
27236
27237
30505
27238
27241
27237
27245
27246
30508
27244
29164
27240
27242
27243
27245
27244
27257
27243
29342
27248
29343
27260
29170
27246
27248
27249
30517
27250
27252
27249
29348
29349
30520
27254
27257
27253
27255
41775
27254
30641
27258
27261
41832
27262
30644
27256
27258
27259
27271
27260
27262
27259
27265
27266
27274
27264
29188
27263
27265
41833
27264
30650
27268
27295
41834
29194
30652
27266
27268
27269
27283
27270
27273
27269
27299
27286
27300
27276
27279
27272
27274
27275
27277
27276
27291
27275
27283
27280
27284
27285
27294
27278
27280
27281
27339
27282
27285
27281
27289
27290
27342
27288
27311
27284
27286
27287
27289
27288
27301
27287
27315
27292
27316
27304
27317
27290
27292
27293
27351
27294
27296
27293
27321
27322
27354
27298
27301
27297
27299
41835
27298
27359
27302
27305
41836
27306
27362
27300
27302
27303
27315
27304
27306
27303
27309
27310
27318
27308
27335
27307
27309
41837
27308
27371
27312
27435
41838
27341
27374
27310
27312
27313
27327
27314
27317
27313
27439
27330
27440
27320
27323
27316
27318
27319
27321
27320
27335
27319
27327
27324
27328
27329
27338
27322
27324
27325
27387
27326
27329
27325
27333
27334
27390
27332
27451
27328
27330
27331
27333
27332
27347
27331
27455
27336
27456
27350
27457
27334
27336
27337
27399
27338
27341
27337
27461
27402
27462
27344
27347
27340
27342
27343
27345
27344
27407
27343
27351
27348
27352
27353
27410
27346
27348
27349
27363
27350
27353
27349
27357
27358
27366
27356
27475
27352
27354
27355
27357
27356
27419
27355
27387
27360
27388
27422
27480
27358
27360
27361
27375
27362
27365
27361
27393
27378
27394
27368
27371
27364
27366
27367
27369
27368
27383
27367
27375
27372
27376
27377
27386
27370
27372
27373
27619
27374
27377
27373
27381
27382
27622
27380
27407
27376
27378
27379
27381
27380
27395
27379
27411
27384
27412
27398
27413
27382
27384
27385
27631
27386
27389
27385
27417
27418
27634
27392
27395
27388
27390
27391
27393
27392
27639
27391
27399
27396
27400
27401
27642
27394
27396
27397
27411
27398
27401
27397
27405
27406
27414
27404
27431
27400
27402
27403
27405
27404
27651
27403
27523
27408
27524
27436
27654
27406
27408
27409
27423
27410
27413
27409
27529
27426
27530
27416
27419
27412
27414
27415
27417
27416
27431
27415
27423
27420
27424
27425
27434
27418
27420
27421
27667
27422
27425
27421
27429
27430
27670
27428
27543
27424
27426
27427
27429
27428
27441
27427
27547
27432
27548
27444
27549
27430
27432
27433
27679
27434
27436
27433
27553
27554
27682
27438
27441
27437
27439
41839
27438
27687
27442
27445
41840
27446
27690
27440
27442
27443
27455
27444
27446
27443
27449
27450
27458
27448
27567
27447
27449
41841
27448
27699
27452
27479
41842
27573
27702
27450
27452
27453
27467
27454
27457
27453
27483
27470
27484
27460
27463
27456
27458
27459
27461
27460
27475
27459
27467
27464
27468
27469
27478
27462
27464
27465
27523
27466
27469
27465
27473
27474
27526
27472
27495
27468
27470
27471
27473
27472
27485
27471
27499
27476
27500
27488
27501
27474
27476
27477
27535
27478
27480
27477
27505
27506
27538
27482
27485
27481
27483
41843
27482
27543
27486
27489
41844
27490
27546
27484
27486
27487
27499
27488
27490
27487
27493
27494
27502
27492
27519
27491
27493
41845
27492
27555
27496
28003
41846
27525
27558
27494
27496
27497
27511
27498
27501
27497
28007
27514
28008
27504
27507
27500
27502
27503
27505
27504
27519
27503
27511
27508
27512
27513
27522
27506
27508
27509
27571
27510
27513
27509
27517
27518
27574
27516
28019
27512
27514
27515
27517
27516
27531
27515
28023
27520
28024
27534
28025
27518
27520
27521
27583
27522
27525
27521
28029
27586
28030
27528
27531
27524
27526
27527
27529
27528
27591
27527
27535
27532
27536
27537
27594
27530
27532
27533
27547
27534
27537
27533
27541
27542
27550
27540
28043
27536
27538
27539
27541
27540
27603
27539
27571
27544
27572
27606
28048
27542
27544
27545
27559
27546
27549
27545
27577
27562
27578
27552
27555
27548
27550
27551
27553
27552
27567
27551
27559
27556
27560
27561
27570
27554
27556
27557
27811
27558
27561
27557
27565
27566
27814
27564
27591
27560
27562
27563
27565
27564
27579
27563
27595
27568
27596
27582
27597
27566
27568
27569
27823
27570
27573
27569
27601
27602
27826
27576
27579
27572
27574
27575
27577
27576
27831
27575
27583
27580
27584
27585
27834
27578
27580
27581
27595
27582
27585
27581
27589
27590
27598
27588
27615
27584
27586
27587
27589
27588
27843
27587
28091
27592
28092
27621
27846
27590
27592
27593
27607
27594
27597
27593
28097
27610
28098
27600
27603
27596
27598
27599
27601
27600
27615
27599
27607
27604
27608
27609
27618
27602
27604
27605
27859
27606
27609
27605
27613
27614
27862
27612
28111
27608
27610
27611
27613
27612
27627
27611
28115
27616
28116
27630
28117
27614
27616
27617
27871
27618
27621
27617
28121
27874
28122
27624
27627
27620
27622
27623
27625
27624
27879
27623
27631
27628
27632
27633
27882
27626
27628
27629
27643
27630
27633
27629
27637
27638
27646
27636
28135
27632
27634
27635
27637
27636
27891
27635
27667
27640
27668
27894
28141
27638
27640
27641
27655
27642
27645
27641
27673
27658
27674
27648
27651
27644
27646
27647
27649
27648
27663
27647
27655
27652
27656
27657
27666
27650
27652
27653
27715
27654
27657
27653
27661
27662
27718
27660
27687
27656
27658
27659
27661
27660
27675
27659
27691
27664
27692
27678
27693
27662
27664
27665
27727
27666
27669
27665
27697
27698
27730
27672
27675
27668
27670
27671
27673
27672
27735
27671
27679
27676
27680
27681
27738
27674
27676
27677
27691
27678
27681
27677
27685
27686
27694
27684
27711
27680
27682
27683
27685
27684
27747
27683
27811
27688
27812
27717
27750
27686
27688
27689
27703
27690
27693
27689
27817
27706
27818
27696
27699
27692
27694
27695
27697
27696
27711
27695
27703
27700
27704
27705
27714
27698
27700
27701
27763
27702
27705
27701
27709
27710
27766
27708
27831
27704
27706
27707
27709
27708
27723
27707
27835
27712
27836
27726
27837
27710
27712
27713
27775
27714
27717
27713
27841
27778
27842
27720
27723
27716
27718
27719
27721
27720
27783
27719
27727
27724
27728
27729
27786
27722
27724
27725
27739
27726
27729
27725
27733
27734
27742
27732
27855
27728
27730
27731
27733
27732
27795
27731
27763
27736
27764
27798
27861
27734
27736
27737
27751
27738
27741
27737
27769
27754
27770
27744
27747
27740
27742
27743
27745
27744
27759
27743
27751
27748
27752
27753
27762
27746
27748
27749
28838
27750
27753
27749
27757
27758
28841
27756
27783
27752
27754
27755
27757
27756
27771
27755
27787
27760
27788
27774
27789
27758
27760
27761
28850
27762
27765
27761
27793
27794
28853
27768
27771
27764
27766
27767
27769
27768
28711
27767
27775
27772
27776
27777
28714
27770
27772
27773
27787
27774
27777
27773
27781
27782
27790
27780
27807
27776
27778
27779
27781
27780
28723
27779
27907
27784
27908
27813
28726
27782
27784
27785
27799
27786
27789
27785
27913
27802
27914
27792
27795
27788
27790
27791
27793
27792
27807
27791
27799
27796
27800
27801
27810
27794
27796
27797
28886
27798
27801
27797
27805
27806
28889
27804
27927
27800
27802
27803
27805
27804
27819
27803
27931
27808
27932
27822
27933
27806
27808
27809
28898
27810
27813
27809
27937
27938
28901
27816
27819
27812
27814
27815
27817
27816
28756
27815
27823
27820
27824
27825
28757
27818
27820
27821
27835
27822
27825
27821
27829
27830
27838
27828
27951
27824
27826
27827
27829
27828
28763
27827
27859
27832
27860
27957
28766
27830
27832
27833
27847
27834
27837
27833
27865
27850
27866
27840
27843
27836
27838
27839
27841
27840
27855
27839
27847
27844
27848
27849
27858
27842
27844
27845
27907
27846
27849
27845
27853
27854
27910
27852
27879
27848
27850
27851
27853
27852
27867
27851
27883
27856
27884
27870
27885
27854
27856
27857
27919
27858
27861
27857
27889
27890
27922
27864
27867
27860
27862
27863
27865
27864
27927
27863
27871
27868
27872
27873
27930
27866
27868
27869
27883
27870
27873
27869
27877
27878
27886
27876
27903
27872
27874
27875
27877
27876
27939
27875
28375
27880
28376
27909
27942
27878
27880
27881
27895
27882
27885
27881
28381
27898
28382
27888
27891
27884
27886
27887
27889
27888
27903
27887
27895
27892
27896
27897
27906
27890
27892
27893
27955
27894
27897
27893
27901
27902
27958
27900
28359
27896
27898
27899
27901
27900
27915
27899
28399
27904
28400
27918
28365
27902
27904
27905
27967
27906
27909
27905
28405
27970
28406
27912
27915
27908
27910
27911
27913
27912
27975
27911
27919
27916
27920
27921
27978
27914
27916
27917
27931
27918
27921
27917
27925
27926
27934
27924
28383
27920
27922
27923
27925
27924
27987
27923
27955
27928
27956
27990
28389
27926
27928
27929
27943
27930
27933
27929
27961
27946
27962
27936
27939
27932
27934
27935
27937
27936
27951
27935
27943
27940
27944
27945
27954
27938
27940
27941
29030
27942
27945
27941
27949
27950
29033
27948
27975
27944
27946
27947
27949
27948
27963
27947
27979
27952
27980
27966
27981
27950
27952
27953
29042
27954
27957
27953
27985
27986
29045
27960
27963
27956
27958
27959
27961
27960
28876
27959
27967
27964
27968
27969
28879
27962
27964
27965
27979
27966
27969
27965
27973
27974
27982
27972
27999
27968
27970
27971
27973
27972
28888
27971
28471
27976
28472
28004
28891
27974
27976
27977
27991
27978
27981
27977
28477
27994
28478
27984
27987
27980
27982
27983
27985
27984
27999
27983
27991
27988
27992
27993
28002
27986
27988
27989
29078
27990
27993
27989
27997
27998
29081
27996
28455
27992
27994
27995
27997
27996
28009
27995
28495
28000
28496
28012
28461
27998
28000
28001
29090
28002
28004
28001
28501
28502
29093
28006
28009
28005
28007
41847
28006
28924
28010
28013
41848
28014
28927
28008
28010
28011
28023
28012
28014
28011
28017
28018
28026
28016
28479
28015
28017
41849
28016
28936
28020
28047
41850
28485
28939
28018
28020
28021
28035
28022
28025
28021
28051
28038
28052
28028
28031
28024
28026
28027
28029
28028
28043
28027
28035
28032
28036
28037
28046
28030
28032
28033
28091
28034
28037
28033
28041
28042
28094
28040
28063
28036
28038
28039
28041
28040
28053
28039
28067
28044
28068
28056
28069
28042
28044
28045
28103
28046
28048
28045
28073
28074
28106
28050
28053
28049
28051
41851
28050
28111
28054
28057
41852
28058
28114
28052
28054
28055
28067
28056
28058
28055
28061
28062
28070
28060
28087
28059
28061
41853
28060
28123
28064
28187
41854
28093
28126
28062
28064
28065
28079
28066
28069
28065
28191
28082
28192
28072
28075
28068
28070
28071
28073
28072
28087
28071
28079
28076
28080
28081
28090
28074
28076
28077
28139
28078
28081
28077
28085
28086
28142
28084
28203
28080
28082
28083
28085
28084
28099
28083
28207
28088
28208
28102
28209
28086
28088
28089
28151
28090
28093
28089
28213
28154
28214
28096
28099
28092
28094
28095
28097
28096
28159
28095
28103
28100
28104
28105
28162
28098
28100
28101
28115
28102
28105
28101
28109
28110
28118
28108
28227
28104
28106
28107
28109
28108
28171
28107
28139
28112
28140
28174
28232
28110
28112
28113
28127
28114
28117
28113
28145
28130
28146
28120
28123
28116
28118
28119
28121
28120
28135
28119
28127
28124
28128
28129
28138
28122
28124
28125
28375
28126
28129
28125
28133
28134
28378
28132
28159
28128
28130
28131
28133
28132
28147
28131
28163
28136
28164
28150
28165
28134
28136
28137
28387
28138
28141
28137
28169
28170
28390
28144
28147
28140
28142
28143
28145
28144
28359
28143
28151
28148
28152
28153
28362
28146
28148
28149
28163
28150
28153
28149
28157
28158
28166
28156
28183
28152
28154
28155
28157
28156
28371
28155
28277
28160
28278
28188
28374
28158
28160
28161
28175
28162
28165
28161
28283
28178
28284
28168
28171
28164
28166
28167
28169
28168
28183
28167
28175
28172
28176
28177
28186
28170
28172
28173
28423
28174
28177
28173
28181
28182
28426
28180
28279
28176
28178
28179
28181
28180
28193
28179
28301
28184
28302
28196
28285
28182
28184
28185
28435
28186
28188
28185
28307
28308
28438
28190
28193
28189
28191
41855
28190
28407
28194
28197
41856
28198
28410
28192
28194
28195
28207
28196
28198
28195
28201
28202
28210
28200
28303
28199
28201
41857
28200
28419
28204
28231
41858
28309
28422
28202
28204
28205
28219
28206
28209
28205
28235
28222
28236
28212
28215
28208
28210
28211
28213
28212
28227
28211
28219
28216
28220
28221
28230
28214
28216
28217
28277
28218
28221
28217
28225
28226
28280
28224
28247
28220
28222
28223
28225
28224
28237
28223
28251
28228
28252
28240
28253
28226
28228
28229
28289
28230
28232
28229
28257
28259
28292
28234
28237
28233
28235
41859
28234
28279
28238
28241
41860
28242
28282
28236
28238
28239
28251
28240
28242
28239
28245
28246
28254
28244
28263
28243
28245
41861
28244
28291
28248
41862
28269
28294
28246
28248
28249
28264
28250
28253
28249
28267
28256
28258
28252
28254
28255
28257
28256
28263
28255
28264
28261
28265
28260
28266
28259
28261
28260
41987
28262
28325
28274
42108
28262
28270
28271
28328
28266
28269
28265
28267
28268
28270
28272
28274
28268
28273
28272
28327
28271
28273
28275
28337
28276
28330
28275
28276
42109
28341
28338
42110
28278
28280
28281
28283
28282
28285
28281
28289
28286
28290
28288
28291
28284
28286
28287
28301
28288
28303
28287
28295
28296
28304
28297
28306
28290
28292
28293
28295
28294
28297
28293
28325
28298
28326
28300
28327
28296
28298
28299
28313
28300
28315
28299
28331
28316
28332
28318
28333
28302
28304
28305
28307
28306
28309
28305
28313
28310
28314
28312
28315
28308
28310
28311
28567
28312
28551
28311
28319
28320
28570
28321
28554
28314
28316
28317
28319
28318
28321
28317
28350
28322
28351
28324
28343
28320
28322
28323
28579
28324
28563
28323
28357
28358
28582
28349
28566
28326
28328
28329
28331
28330
28333
28329
28337
28334
28339
28336
28338
28332
28334
28335
28350
28336
28343
28335
28344
28345
28353
28340
28346
28339
28341
28340
42111
28342
28344
28354
42112
28342
28347
28346
28349
28345
28347
28348
28363
28352
28354
28348
28366
28352
28599
28351
28353
28355
28357
28356
28602
28355
28363
28356
42113
28360
28364
28610
42114
28358
28360
28361
28616
28362
28365
28361
28369
28370
28619
28368
28371
28364
28366
28367
28369
28368
28383
28367
28372
28377
28386
28370
28372
28373
28629
28374
28377
28373
28632
28380
28407
28376
28378
28379
28381
28380
28395
28379
28387
28384
28388
28398
28413
28382
28384
28385
28399
28386
28389
28385
28393
28394
28402
28392
28395
28388
28390
28391
28393
28392
28455
28391
28423
28396
28424
28401
28458
28394
28396
28397
28411
28398
28401
28397
28429
28414
28430
28404
28431
28400
28402
28403
28405
28404
28467
28403
28411
28408
28412
28437
28470
28406
28408
28409
28471
28410
28413
28409
28417
28418
28474
28416
28419
28412
28414
28415
28417
28416
28431
28415
28447
28420
28448
28425
28434
28418
28420
28421
28483
28422
28425
28421
28453
28454
28486
28428
28551
28424
28426
28427
28429
28428
28443
28427
28435
28432
28436
28446
28557
28430
28432
28433
28447
28434
28437
28433
28441
28442
28450
28440
28443
28436
28438
28439
28441
28440
28503
28439
28567
28444
28568
28449
28506
28442
28444
28445
28459
28446
28449
28445
28573
28462
28574
28452
28575
28448
28450
28451
28453
28452
28515
28451
28459
28456
28460
28518
28581
28454
28456
28457
28519
28458
28461
28457
28465
28466
28522
28464
28467
28460
28462
28463
28465
28464
28479
28463
28591
28468
28592
28473
28482
28466
28468
28469
28531
28470
28473
28469
28597
28534
28598
28476
28503
28472
28474
28475
28477
28476
28491
28475
28483
28480
28484
28494
28509
28478
28480
28481
28495
28482
28485
28481
28489
28490
28498
28488
28491
28484
28486
28487
28489
28488
29452
28487
28519
28492
28520
28497
29455
28490
28492
28493
28507
28494
28497
28493
28525
28510
28526
28500
28527
28496
28498
28499
28501
28500
29464
28499
28507
28504
28508
28533
29467
28502
28504
28505
29606
28506
28509
28505
28513
28514
29609
28512
28515
28508
28510
28511
28513
28512
28527
28511
28543
28516
28544
28521
28530
28514
28516
28517
29618
28518
28521
28517
28549
28550
29621
28524
28631
28520
28522
28523
28525
28524
28539
28523
28531
28528
28532
28542
28637
28526
28528
28529
28543
28530
28533
28529
28537
28538
28546
28536
28539
28532
28534
28535
28537
28536
29500
28535
28665
28540
28666
28545
29503
28538
28540
28541
28555
28542
28545
28541
28671
28558
28672
28548
28655
28544
28546
28547
28549
28548
29512
28547
28555
28552
28556
28661
29515
28550
28552
28553
29654
28554
28557
28553
28561
28562
29657
28560
28563
28556
28558
28559
28561
28560
28575
28559
28689
28564
28691
28569
28578
28562
28564
28565
29666
28566
28569
28565
28696
28697
29669
28572
28599
28568
28570
28571
28573
28572
28587
28571
28579
28576
28580
28590
28605
28574
28576
28577
28591
28578
28581
28577
28585
28586
28594
28584
28587
28580
28582
28583
28585
28584
28631
28583
28616
28588
28617
28593
28634
28586
28588
28589
28603
28590
28593
28589
28622
28606
28623
28596
28615
28592
28594
28595
28597
28596
28643
28595
28603
28600
28604
28621
28646
28598
28600
28601
28665
28602
28605
28601
28609
28611
28668
28608
28610
28604
28606
28607
28609
28608
28615
28607
28641
28613
28642
28612
28618
28611
28613
28612
42115
28614
28677
28626
42116
28614
28647
28648
28680
28618
28621
28617
28619
28620
28622
28624
28626
28620
28629
28625
28630
28624
28679
28623
28625
28627
28641
28628
28682
28627
28635
28628
42117
28636
28644
28690
42118
28630
28632
28633
28635
28634
28637
28633
28638
28640
28643
28636
28638
28639
28653
28640
28655
28639
28656
28649
28658
28642
28644
28645
28647
28646
28649
28645
28653
28650
28654
28652
28679
28648
28650
28651
28715
28652
28667
28651
28659
28660
28718
28670
28685
28654
28656
28657
28659
28658
28661
28657
28662
28664
28667
28660
28662
28663
28727
28664
29644
28663
28730
28673
29647
28666
28668
28669
28671
28670
28673
28669
28677
28674
28678
28676
28695
28672
28674
28675
28689
28676
29656
28675
28683
28684
28693
28701
29659
28678
28680
28681
28683
28682
28685
28681
28715
28686
28716
28688
28690
28684
28686
28687
28702
28688
28695
28687
28721
28705
28722
28692
28698
28691
28693
28692
42119
28694
28696
28706
42120
28694
28702
28699
28703
28698
28701
28697
28699
28700
29802
28704
28706
28700
28709
28710
29805
28704
29692
28703
28705
28707
28709
28708
29695
28707
28739
28708
42121
28712
28740
29703
42122
28710
28712
28713
29814
28714
28717
28713
28761
28764
28771
28774
29817
28720
28723
28716
28718
28719
28721
28720
28735
28719
28727
28724
28728
28729
28738
28722
28724
28725
28739
28726
28729
28725
28733
28734
28742
28732
28756
28728
28730
28731
28733
28732
28747
28731
28736
28750
28758
28734
28736
28737
28798
28805
28738
28741
28737
28816
28821
28744
28747
28740
28742
28745
28748
28759
28767
28744
28794
28743
28751
28799
28802
28745
28746
28751
28753
28795
28746
28748
28749
28752
28750
28753
28749
28767
28754
28780
28755
28775
28752
28802
28754
28810
28755
28800
28783
28811
28781
28803
28757
28758
28760
28763
28760
28775
28761
28762
28767
28769
28778
28762
28764
28765
28768
28766
28769
28765
28771
28770
28773
28772
28876
28768
28770
28780
28772
28786
28777
28782
28773
28774
28788
28882
28776
28777
28776
29854
28778
28781
28779
29855
28779
28787
28784
28786
28789
29860
28782
28783
28784
28832
28785
28787
28785
28836
28790
28833
28791
41864
28788
28790
28789
28792
28793
28900
29875
41867
28793
28840
28792
41866
41868
28843
28906
28795
28796
28797
28800
28797
28812
28806
28814
28799
28801
28805
28801
28802
28803
28806
28804
28807
28804
28809
28832
28808
28810
28807
28816
28809
28823
28808
28818
28813
28819
28826
28834
28811
28813
28815
28835
28814
28817
28815
28825
28820
28823
28829
41870
28818
28821
28820
29068
28819
28822
28824
28825
28827
29071
28822
28824
28826
28827
28831
28828
28831
28830
28852
28830
29080
28829
41873
41872
28858
29083
41874
28833
28834
28837
28840
28837
28852
28836
41871
41865
28846
28855
28839
28841
28842
28844
28843
28846
28842
28850
28847
28851
28849
28972
28845
28847
28848
28862
28849
28864
28848
28856
28857
28865
28867
28978
28851
28853
28854
28856
28855
28858
28854
28886
28859
28887
28861
28864
28857
28859
28860
28874
28861
29116
28860
28892
28877
28893
28870
29119
28863
28865
28866
28868
28867
28870
28866
28874
28871
28875
28873
28996
28869
28871
28872
28934
28873
29128
28872
28880
28881
28937
29002
29131
28875
28877
28878
28880
28879
28882
28878
28910
28883
28911
28885
28888
28881
28883
28884
28946
28885
28900
28884
28916
28917
28949
28894
28903
28887
28889
28890
28892
28891
28894
28890
28898
28895
28899
28897
28924
28893
28895
28896
28910
28897
28912
28896
28904
28905
28913
28915
28930
28899
28901
28902
28904
28903
28906
28902
29030
28907
29031
28909
28912
28905
28907
28908
28922
28909
28972
28908
29036
28925
29037
28918
28975
28911
28913
28914
28916
28915
28918
28914
28922
28919
28923
28921
28948
28917
28919
28920
28982
28921
28984
28920
28928
28929
28985
28954
28987
28923
28925
28926
28928
28927
28930
28926
29054
28931
29055
28933
28936
28929
28931
28932
28994
28933
28948
28932
29060
28997
29061
28942
28951
28935
28937
28938
28940
28939
28942
28938
28946
28943
28947
28945
29452
28941
28943
28944
28958
28945
28960
28944
28952
28953
28961
28963
29458
28947
28949
28950
28952
28951
28954
28950
28982
28955
28983
28957
28960
28953
28955
28956
28970
28957
29020
28956
28988
28973
28989
28966
29023
28959
28961
28962
28964
28963
28966
28962
28970
28967
28971
28969
29476
28965
28967
28968
29222
28969
29032
28968
28976
28977
29225
29035
29482
28971
28973
28974
28976
28975
28978
28974
29006
28979
29007
28981
28984
28977
28979
28980
29234
28981
28996
28980
29012
29013
29237
28990
28999
28983
28985
28986
28988
28987
28990
28986
28994
28991
28995
28993
29020
28989
28991
28992
29006
28993
29008
28992
29000
29001
29009
29011
29026
28995
28997
28998
29000
28999
29002
28998
29126
29003
29127
29005
29008
29001
29003
29004
29018
29005
29260
29004
29132
29021
29133
29014
29263
29007
29009
29010
29012
29011
29014
29010
29018
29015
29019
29017
29044
29013
29015
29016
29270
29017
29272
29016
29024
29025
29273
29050
29275
29019
29021
29022
29024
29023
29026
29022
29150
29027
29151
29029
29032
29025
29027
29028
29282
29029
29044
29028
29156
29157
29285
29038
29047
29031
29033
29034
29036
29035
29038
29034
29042
29039
29043
29041
29548
29037
29039
29040
29054
29041
29056
29040
29048
29049
29057
29059
29554
29043
29045
29046
29048
29047
29050
29046
29078
29051
29079
29053
29056
29049
29051
29052
29066
29053
29308
29052
29084
29069
29085
29062
29311
29055
29057
29058
29060
29059
29062
29058
29066
29063
29067
29065
29572
29061
29063
29064
29126
29065
29320
29064
29072
29073
29129
29323
29578
29067
29069
29070
29072
29071
29074
29070
29102
29075
29103
29077
29080
29073
29075
29076
29138
29077
29092
29076
29108
29109
29141
29086
29095
29079
29081
29082
29084
29083
29086
29082
29090
29087
29091
29089
29116
29085
29087
29088
29102
29089
29104
29088
29096
29097
29105
29107
29122
29091
29093
29094
29096
29095
29098
29094
29606
29099
29607
29101
29104
29097
29099
29100
29114
29101
29164
29100
29612
29117
29613
29110
29167
29103
29105
29106
29108
29107
29110
29106
29114
29111
29115
29113
29140
29109
29111
29112
29174
29113
29176
29112
29120
29121
29177
29146
29179
29115
29117
29118
29120
29119
29122
29118
29630
29123
29631
29125
29128
29121
29123
29124
29186
29125
29140
29124
29636
29189
29637
29134
29143
29127
29129
29130
29132
29131
29134
29130
29138
29135
29139
29137
29260
29133
29135
29136
29150
29137
29152
29136
29144
29145
29153
29155
29266
29139
29141
29142
29144
29143
29146
29142
29174
29147
29175
29149
29152
29145
29147
29148
29162
29149
29212
29148
29180
29165
29181
29158
29215
29151
29153
29154
29156
29155
29158
29154
29162
29159
29163
29161
29284
29157
29159
29160
29414
29161
29224
29160
29168
29169
29417
29227
29290
29163
29165
29166
29168
29167
29170
29166
29198
29171
29199
29173
29176
29169
29171
29172
29426
29173
29188
29172
29204
29205
29429
29182
29191
29175
29177
29178
29180
29179
29182
29178
29186
29183
29187
29185
29212
29181
29183
29184
29198
29185
29200
29184
29192
29193
29201
29203
29218
29187
29189
29190
29192
29191
29194
29190
29702
29195
29704
29197
29200
29193
29195
29196
29210
29197
30742
29196
29709
29213
29710
29206
30744
29199
29201
29202
29204
29203
29206
29202
29210
29207
29211
29209
29236
29205
29207
29208
29462
29209
30753
29208
29216
29217
29465
29242
30756
29211
29213
29214
29216
29215
29218
29214
29728
29219
29729
29221
29224
29217
29219
29220
29474
29221
29236
29220
29734
29477
29735
29230
29239
29223
29225
29226
29228
29227
29230
29226
29234
29231
29235
29233
29356
29229
29231
29232
29246
29233
29248
29232
29240
29241
29249
29251
29362
29235
29237
29238
29240
29239
29242
29238
29270
29243
29271
29245
29248
29241
29243
29244
29258
29245
30785
29244
29276
29261
29277
29254
30788
29247
29249
29250
29252
29251
29254
29250
29258
29255
29259
29257
29380
29253
29255
29256
29318
29257
30797
29256
29264
29265
29321
29386
30800
29259
29261
29262
29264
29263
29266
29262
29294
29267
29295
29269
29272
29265
29267
29268
29330
29269
29284
29268
29300
29301
29333
29278
29287
29271
29273
29274
29276
29275
29278
29274
29282
29279
29283
29281
29308
29277
29279
29280
29294
29281
29296
29280
29288
29289
29297
29299
29314
29283
29285
29286
29288
29287
29290
29286
29414
29291
29415
29293
29296
29289
29291
29292
29306
29293
29356
29292
29420
29309
29421
29302
29359
29295
29297
29298
29300
29299
29302
29298
29306
29303
29307
29305
29332
29301
29303
29304
29366
29305
29368
29304
29312
29313
29369
29338
29371
29307
29309
29310
29312
29311
29314
29310
29438
29315
29439
29317
29320
29313
29315
29316
29378
29317
29332
29316
29444
29381
29445
29326
29335
29319
29321
29322
29324
29323
29326
29322
29330
29327
29331
29329
29804
29325
29327
29328
29342
29329
29344
29328
29336
29337
29345
29347
29810
29331
29333
29334
29336
29335
29338
29334
29366
29339
29367
29341
29344
29337
29339
29340
29354
29341
29404
29340
29372
29357
29373
29350
29407
29343
29345
29346
29348
29347
29350
29346
29354
29351
29355
29353
29828
29349
29351
29352
31181
29353
29416
29352
29360
29361
31184
29419
29834
29355
29357
29358
29360
29359
29362
29358
29390
29363
29391
29365
29368
29361
29363
29364
31193
29365
29380
29364
29396
29397
31196
29374
29383
29367
29369
29370
29372
29371
29374
29370
29378
29375
29379
29377
29404
29373
29375
29376
29390
29377
29392
29376
29384
29385
29393
29395
29410
29379
29381
29382
29384
29383
29386
29382
29510
29387
29511
29389
29392
29385
29387
29388
29402
29389
30889
29388
29516
29405
29517
29398
30892
29391
29393
29394
29396
29395
29398
29394
29402
29399
29403
29401
29428
29397
29399
29400
31229
29401
30901
29400
29408
29409
31232
29434
30904
29403
29405
29406
29408
29407
29410
29406
29534
29411
29535
29413
29416
29409
29411
29412
31242
29413
29428
29412
29540
29541
31245
29422
29431
29415
29417
29418
29420
29419
29422
29418
29426
29423
29427
29425
29889
29421
29423
29424
29438
29425
29440
29424
29432
29433
29441
29443
29895
29427
29429
29430
29432
29431
29434
29430
29462
29435
29463
29437
29440
29433
29435
29436
29450
29437
30933
29436
29468
29453
29469
29446
30936
29439
29441
29442
29444
29443
29446
29442
29450
29447
29451
29449
29907
29445
29447
29448
29510
29449
30942
29448
29456
29457
29513
29911
30944
29451
29453
29454
29456
29455
29458
29454
29486
29459
29487
29461
29464
29457
29459
29460
29522
29461
29476
29460
29492
29493
29525
29470
29479
29463
29465
29466
29468
29467
29470
29466
29474
29471
29475
29473
29500
29469
29471
29472
29486
29473
29488
29472
29480
29481
29489
29491
29506
29475
29477
29478
29480
29479
29482
29478
30071
29483
30072
29485
29488
29481
29483
29484
29498
29485
29548
29484
30077
29501
30078
29494
29551
29487
29489
29490
29492
29491
29494
29490
29498
29495
29499
29497
29524
29493
29495
29496
29558
29497
29560
29496
29504
29505
29561
29530
29563
29499
29501
29502
29504
29503
29506
29502
30095
29507
30096
29509
29512
29505
29507
29508
29570
29509
29524
29508
30101
29573
30102
29518
29527
29511
29513
29514
29516
29515
29518
29514
29522
29519
29523
29521
29644
29517
29519
29520
29534
29521
29536
29520
29528
29529
29537
29539
29650
29523
29525
29526
29528
29527
29530
29526
29558
29531
29559
29533
29536
29529
29531
29532
29546
29533
29596
29532
29564
29549
29565
29542
29599
29535
29537
29538
29540
29539
29542
29538
29546
29543
29547
29545
29668
29541
29543
29544
29545
29608
29544
29552
29553
29611
29674
29547
29549
29550
29552
29551
29554
29550
29582
29555
29583
29557
29560
29553
29555
29556
29557
29572
29556
29588
29589
29566
29575
29559
29561
29562
29564
29563
29566
29562
29570
29567
29571
29569
29596
29565
29567
29568
29582
29569
29584
29568
29576
29577
29585
29587
29602
29571
29573
29574
29576
29575
29578
29574
30169
29579
30170
29581
29584
29577
29579
29580
29594
29581
29804
29580
30175
29597
30176
29590
29807
29583
29585
29586
29588
29587
29590
29586
29594
29591
29595
29593
29620
29589
29591
29592
29593
29816
29592
29600
29601
29626
29819
29595
29597
29598
29600
29599
29602
29598
30193
29603
30194
29605
29608
29601
29603
29604
29605
29620
29604
30199
30200
29614
29623
29607
29609
29610
29612
29611
29614
29610
29618
29615
29619
29617
29724
29613
29615
29616
29630
29617
29632
29616
29624
29625
29633
29635
29730
29619
29621
29622
29624
29623
29626
29622
29654
29627
29655
29629
29632
29625
29627
29628
29642
29629
29850
29628
29660
29645
29661
29638
29851
29631
29633
29634
29636
29635
29638
29634
29642
29639
29643
29641
29748
29637
29639
29640
29702
29641
29856
29640
29648
29649
29706
29754
29859
29643
29645
29646
29648
29647
29650
29646
29678
29651
29679
29653
29656
29649
29651
29652
29715
29653
29668
29652
29684
29685
29718
29662
29671
29655
29657
29658
29660
29659
29662
29658
29666
29663
29667
29665
29692
29661
29663
29664
29678
29665
29680
29664
29672
29673
29681
29683
29698
29667
29669
29670
29672
29671
29674
29670
29802
29675
29803
29677
29680
29673
29675
29676
29690
29677
29724
29676
29808
29693
29809
29686
29727
29679
29681
29682
29684
29683
29686
29682
29690
29687
29691
29689
29708
29685
29687
29688
29752
29689
29736
29688
29696
29697
29755
29714
29739
29691
29693
29694
29696
29695
29698
29694
29826
29699
29827
29701
29703
29697
29699
29700
29764
29701
29708
29700
29832
29767
29833
29705
29711
29704
29706
29705
42123
29707
29709
29719
42124
29707
29715
29712
29716
29711
29714
29710
29712
29713
29728
29717
29719
29713
29722
29723
29731
29717
29772
29716
29718
29720
29722
29721
29775
29720
29752
29721
42125
29725
29753
29783
42126
29723
29725
29726
29740
29727
29730
29726
29758
29743
29759
29733
29736
29729
29731
29732
29734
29733
29748
29732
29740
29737
29741
29742
29751
29735
29737
29738
30071
29739
29742
29738
29746
29747
30074
29745
29772
29741
29743
29744
29746
29745
29760
29744
29776
29749
29777
29763
29778
29747
29749
29750
30083
29751
29754
29750
29782
29784
30086
29757
29760
29753
29755
29756
29758
29757
29969
29756
29764
29761
29765
29766
29972
29759
29761
29762
29776
29763
29766
29762
29770
29771
29779
29769
29788
29765
29767
29768
29770
29769
29981
29768
29973
29773
29974
29794
29984
29771
29773
29774
29789
29775
29778
29774
29979
29792
29980
29781
29783
29777
29779
29780
29782
29781
29788
29780
29789
29786
29790
29785
29791
29784
29786
29785
42127
29787
30120
29799
42128
29787
29795
29796
30123
29791
29794
29790
29792
29793
29795
29797
29799
29793
29997
29798
29998
29797
30017
29796
29798
29800
30133
29801
30020
29800
30003
29801
42129
30004
30136
30028
42130
29803
29805
29806
29808
29807
29810
29806
29814
29811
29815
29813
29816
29809
29811
29812
29826
29813
29828
29812
29820
29821
29829
29822
29831
29815
29817
29818
29820
29819
29822
29818
29854
29857
29823
29863
29867
29825
29850
29821
29823
29824
29838
29825
29840
29824
29888
29841
29890
29843
29852
29827
29829
29830
29832
29831
29834
29830
29838
29835
29839
29837
29840
29833
29835
29836
29973
29837
29889
29836
29844
29845
29976
29846
29892
29839
29841
29842
29844
29843
29846
29842
29949
29847
29950
29849
29868
29845
29847
29848
29985
29849
29901
29848
29955
29956
29988
29874
29904
29851
29852
29853
29856
29853
29868
29862
29871
29855
29857
29858
29860
29859
29862
29858
29863
29861
29864
29865
29969
29861
29875
29870
29877
29865
29878
29864
29867
29869
29870
29881
29975
29867
29869
29872
29888
29869
29871
29874
29873
29873
29882
29876
29878
29873
29888
29893
29883
29876
29923
29877
41869
29884
29926
29879
29882
29881
29884
29880
41876
29885
41877
29886
29993
29883
29885
29887
29894
29886
29933
29887
41878
29937
29999
29900
29908
29890
29893
29897
29892
29895
29891
29949
29896
29902
29921
29925
29952
29898
29901
29894
29897
29899
29900
29898
29907
29897
29899
29902
29899
29905
29910
29903
29903
29914
29904
29905
29903
29921
29916
29906
29923
29906
29913
29915
29929
29910
29911
29909
41879
29914
41880
29912
29913
29912
31034
29917
31036
29915
29917
29916
29918
29920
29945
29919
29922
29920
31045
29919
29934
41881
29928
29936
29951
31048
29922
29925
29927
29928
29926
29929
29925
29927
29930
29961
29927
29932
29933
29931
29931
29940
29932
29945
29931
29941
29961
29943
29939
29948
29937
29939
29935
41882
29936
41883
29938
29940
29942
30049
29944
41884
29942
29957
29943
29944
29943
29946
29964
29960
30055
29947
29947
29948
29951
29947
29964
29954
29957
29950
29952
29953
29955
29954
31081
29953
29961
29958
29962
29963
31084
29956
29958
29959
30021
29960
29963
29959
29967
29968
30024
29966
30073
29962
29964
29965
29967
29966
31093
29965
29970
30079
31096
29968
29970
29971
30034
29972
29975
29971
30037
29978
29981
29974
29976
29977
29979
29978
29993
29977
29985
29982
29986
29987
29996
29980
29982
29983
29997
29984
29987
29983
29991
29992
30000
29990
30017
29986
29988
29989
29991
29990
30005
29989
30021
29994
30022
30008
30023
29992
29994
29995
30009
29996
29999
29995
30027
30012
30029
30002
30005
29998
30000
30001
30003
30002
30049
30001
30009
30006
30010
30011
30052
30004
30006
30007
30267
30008
30011
30007
30015
30016
30270
30014
30033
30010
30012
30013
30015
30014
30061
30013
30047
30018
30048
30039
30064
30016
30018
30019
30279
30020
30023
30019
30053
30054
30283
30026
30028
30022
30024
30025
30027
30026
30033
30025
30034
30031
30035
30030
30036
30029
30031
30030
42131
30032
30047
30044
42132
30032
30040
30041
30050
30036
30039
30035
30037
30038
30040
30042
30044
30038
30043
30042
30097
30041
30043
30045
30059
30046
30100
30045
30046
42133
30062
30108
42134
30048
30050
30051
30053
30052
30055
30051
30059
30056
30060
30058
30061
30054
30056
30057
30317
30058
30073
30057
30065
30066
30320
30067
30076
30060
30062
30063
30065
30064
30067
30063
30068
30070
30097
30066
30068
30069
30329
30070
30085
30069
30332
30088
30103
30072
30074
30075
30077
30076
30079
30075
30083
30080
30084
30082
30085
30078
30080
30081
30095
30082
31179
30081
30089
30090
30098
30091
31182
30084
30086
30087
30089
30088
30091
30087
30120
30092
30121
30094
30113
30090
30092
30093
30107
30094
31191
30093
30127
30111
30128
30119
31194
30096
30098
30099
30101
30100
30103
30099
30107
30104
30109
30106
30108
30102
30104
30105
30169
30106
30113
30105
30114
30115
30172
30110
30116
30109
30111
30110
42135
30112
30114
30124
42136
30112
30145
30117
30146
30116
30119
30115
30117
30118
30181
30122
30124
30118
30151
30152
30184
30122
31227
30121
30123
30125
30127
30126
31230
30125
30133
30126
42137
30130
30134
31238
42138
30128
30130
30131
30145
30132
30135
30131
30139
30140
30148
30138
30141
30134
30136
30137
30139
30138
30153
30137
30267
30142
30268
30147
30156
30140
30142
30143
30157
30144
30147
30143
30273
30160
30274
30150
30177
30146
30148
30149
30151
30150
30165
30149
30157
30154
30158
30168
30183
30152
30154
30155
30217
30156
30159
30155
30163
30164
30220
30162
30165
30158
30160
30161
30163
30162
30225
30161
30293
30166
30294
30171
30228
30164
30166
30167
30229
30168
30171
30167
30299
30232
30300
30174
30201
30170
30172
30173
30175
30174
30237
30173
30181
30178
30182
30207
30240
30176
30178
30179
30193
30180
30183
30179
30187
30188
30196
30186
30189
30182
30184
30185
30187
30186
30201
30185
30217
30190
30218
30195
30204
30188
30190
30191
30205
30192
30195
30191
30223
30208
30224
30198
30289
30194
30196
30197
30199
30198
30213
30197
30205
30202
30206
30216
30295
30200
30202
30203
30204
30207
30203
30211
30212
30210
30213
30206
30208
30209
30211
30210
30257
30209
30241
30214
30242
30219
30260
30212
30214
30215
30216
30219
30215
30247
30249
30222
30313
30218
30220
30221
30223
30222
30269
30221
30229
30226
30230
30272
30319
30224
30226
30227
30241
30228
30231
30227
30235
30236
30244
30234
30237
30230
30232
30233
30235
30234
30248
30233
30365
30238
30366
30243
30250
30236
30238
30239
30255
30240
30243
30239
30371
30258
30372
30246
30257
30242
30244
30245
30247
30246
30252
30245
30255
30251
30256
30254
30263
30249
30251
30250
42107
30253
30252
42140
30253
30261
30254
42141
30262
30280
42142
30256
30258
30259
30261
30260
30263
30259
30389
30264
30390
30266
30269
30262
30264
30265
30266
30280
30265
30395
30396
30275
30282
30268
30270
30271
30273
30272
30275
30271
30279
30276
30281
30278
30385
30274
30276
30277
30293
30278
30284
30277
30287
30288
30296
30286
30391
30281
30283
30282
42143
30285
30287
30284
42144
30285
30317
30286
42145
30290
30318
30408
42146
30288
30290
30291
30305
30292
30295
30291
30323
30308
30324
30298
30301
30294
30296
30297
30299
30298
30313
30297
30305
30302
30306
30307
30316
30300
30302
30303
30365
30304
30307
30303
30311
30312
30368
30310
30337
30306
30308
30309
30311
30310
30325
30309
30341
30314
30342
30328
30343
30312
30314
30315
30377
30316
30319
30315
30347
30348
30380
30322
30325
30318
30320
30321
30323
30322
30385
30321
30329
30326
30330
30331
30388
30324
30326
30327
30341
30328
30331
30327
30335
30336
30344
30334
30361
30330
30332
30333
30335
30334
30397
30333
30338
30367
30400
30336
30338
30339
30353
30340
30343
30339
30356
30346
30349
30342
30344
30345
30347
30346
30361
30345
30353
30350
30354
30355
30364
30348
30350
30351
30415
30352
30355
30351
30359
30360
30418
30358
30449
30354
30356
30357
30359
30358
30373
30357
30362
30376
30455
30360
30362
30363
30427
30364
30367
30363
30430
30370
30373
30366
30368
30369
30371
30370
30417
30369
30377
30374
30378
30379
30420
30372
30374
30375
30389
30376
30379
30375
30383
30384
30392
30382
30470
30378
30380
30381
30383
30382
30429
30381
30415
30386
30416
30432
30475
30384
30386
30387
30401
30388
30391
30387
30421
30404
30422
30394
30397
30390
30392
30393
30395
30394
30408
30393
30401
30398
30402
30403
30410
30396
30398
30399
30400
30403
30399
30407
30409
30406
30417
30402
30404
30405
30407
30406
30412
30405
30439
30411
30441
30414
30423
30409
30411
30410
42147
30413
30412
42148
30413
30447
30414
42149
30448
30440
42150
30416
30418
30419
30421
30420
30423
30419
30427
30424
30428
30426
30429
30422
30424
30425
30439
30426
30440
30425
30433
30434
30443
30435
30442
30428
30430
30431
30433
30432
30435
30431
30436
30438
30537
30434
30436
30437
30453
30438
30444
30437
30456
30446
30543
30441
30443
30442
42151
30445
30447
30444
42152
30445
30453
30446
42153
30450
30454
30557
42154
30448
30450
30451
30452
30455
30451
30459
30460
30458
30461
30454
30456
30457
30459
30458
30470
30457
30462
30466
30472
30460
30462
30463
30464
30466
30463
30468
30490
30467
30473
41831
30468
30481
30469
30474
41886
30484
30495
30471
30479
41887
30472
30475
30480
30485
41888
30478
30481
30474
30476
30477
30479
30478
30537
30477
30505
30482
30506
30486
30540
30480
30482
30483
30493
30484
30486
30483
30511
30496
30512
30488
30513
30487
30493
41889
30488
30549
30489
30494
41890
30519
30552
30491
30499
41891
30492
30495
30500
30553
41892
30498
30501
30494
30496
30497
30499
30498
30513
30497
30529
30502
30530
30507
30516
30500
30502
30503
30563
30504
30507
30503
30535
30536
30566
30510
30593
30506
30508
30509
30511
30510
30525
30509
30517
30514
30518
30528
30599
30512
30514
30515
30529
30516
30519
30515
30523
30524
30532
30522
30525
30518
30520
30521
30523
30522
30565
30521
31181
30526
31183
30531
30568
30524
30526
30527
30541
30528
30531
30527
31187
30544
31189
30534
30617
30530
30532
30533
30535
30534
30576
30533
30541
30538
30542
30578
30623
30536
30538
30539
30597
30540
30543
30539
30547
30548
30600
30546
30549
30542
30544
30545
30547
30546
30557
30545
31205
30550
31207
30554
30559
30548
30550
30551
30609
30552
30554
30551
31211
30612
31213
30556
30565
30555
30563
41893
30556
30560
30558
30564
41894
30562
30571
30559
42155
30561
30569
41895
30560
42156
30562
42157
30570
30575
41896
30584
42158
30564
30566
30567
30569
30568
30571
30567
30597
30572
30598
30574
30576
30570
30572
30573
30583
30574
30584
30573
30603
30587
30604
30580
30586
30577
30583
41897
30578
30580
30579
30585
41898
30582
30681
30581
30591
41899
30582
30588
30592
30645
41900
30590
30687
30585
30587
30586
42159
30589
30591
30588
42160
30589
30621
30590
42161
30594
30622
30704
42162
30592
30594
30595
30653
30596
30599
30595
30627
30628
30656
30602
30605
30598
30600
30601
30603
30602
30617
30601
30609
30606
30610
30611
30620
30604
30606
30607
30621
30608
30611
30607
30615
30616
30624
30614
30641
30610
30612
30613
30615
30614
30629
30613
31279
30618
31281
30632
30646
30616
30618
30619
30633
30620
30623
30619
31287
30636
31289
30626
30629
30622
30624
30625
30627
30626
30681
30625
30633
30630
30634
30635
30684
30628
30630
30631
30685
30632
30635
30631
30639
30640
30688
30638
30661
30634
30636
30637
30639
30638
30693
30637
31307
30642
30666
30696
30640
30642
30643
30697
30644
30646
30643
30700
30648
30650
30647
30653
41901
30648
30661
30649
30654
41902
30655
30664
30651
30659
41903
30652
30655
30660
30665
41904
30658
30742
30654
30656
30657
30659
30658
30670
30657
30685
30662
30686
30672
30747
30660
30662
30663
30673
30664
30666
30663
30691
30676
30692
30668
30670
30667
30673
41905
30668
30713
30669
30674
41906
30675
30716
30671
30679
41907
30672
30675
30680
30736
41908
30678
30762
30674
30676
30677
30679
30678
30725
30677
30711
30682
30712
30728
30767
30680
30682
30683
30745
30684
30687
30683
30717
30718
30748
30690
30693
30686
30688
30689
30691
30690
30704
30689
30697
30694
30698
30699
30706
30692
30694
30695
30711
30696
30699
30695
30703
30705
30714
30702
30713
30698
30700
30701
30703
30702
30708
30701
30707
30710
30719
30705
30707
30706
42163
30709
30723
30708
42164
30709
30710
42165
30726
30735
42166
30712
30714
30715
30717
30716
30719
30715
30723
30720
30724
30722
30725
30718
30720
30721
30777
30722
30735
30721
30729
30730
30780
30731
30737
30724
30726
30727
30729
30728
30731
30727
30732
30734
30830
30730
30732
30733
30789
30734
30738
30733
30792
30740
30835
30737
42167
30739
30745
41909
30738
42168
30740
42169
30741
30746
41910
30849
42170
30743
30751
41911
30744
30747
30752
30757
41912
30750
30753
30746
30748
30749
30751
30750
30762
30749
30777
30754
30778
30758
30764
30752
30754
30755
30765
30756
30758
30755
30783
30768
30784
30760
30785
30759
30765
41913
30760
30773
30761
30766
41914
30776
30791
30763
30771
41915
30764
30767
30772
30825
41916
30770
30773
30766
30768
30769
30771
30770
30830
30769
30801
30774
30802
30779
30832
30772
30774
30775
30833
30776
30779
30775
30807
30808
30836
30782
30809
30778
30780
30781
30783
30782
30841
30781
30789
30786
30790
30815
30844
30784
30786
30787
30801
30788
30791
30787
30795
30796
30804
30794
30797
30790
30792
30793
30795
30794
30809
30793
30798
30803
30812
30796
30798
30799
30813
30800
30803
30799
30816
30806
30889
30802
30804
30805
30807
30806
30821
30805
30813
30810
30814
30824
30895
30808
30810
30811
30867
30812
30815
30811
30819
30820
30870
30818
30821
30814
30816
30817
30819
30818
30857
30817
30822
30826
30860
30820
30822
30823
30879
30824
30826
30823
30883
30828
30913
30827
30833
41917
30828
30869
30829
30834
41918
30872
30918
30831
30839
41919
30832
30835
30840
30845
41920
30838
30841
30834
30836
30837
30839
30838
30849
30837
30867
30842
30868
30846
30851
30840
30842
30843
30855
30844
30846
30843
30873
30858
30874
30848
30857
30847
30855
41921
30848
30852
30850
30856
41922
30854
30863
30851
42171
30853
30861
41923
30852
42172
30854
42173
30862
30917
41924
30880
42174
30856
30858
30859
30861
30860
30863
30859
30893
30864
30894
30866
30869
30862
30864
30865
30925
30866
30880
30865
30899
30900
30928
30875
30882
30868
30870
30871
30873
30872
30875
30871
30879
30876
30881
30878
30977
30874
30876
30877
30893
30878
30884
30877
30887
30888
30896
30886
30983
30881
30883
30882
42175
30885
30887
30884
42176
30885
30886
42177
30890
31000
42178
30888
30890
30891
30905
30892
30895
30891
30908
30898
30901
30894
30896
30897
30899
30898
30913
30897
30905
30902
30906
30907
30916
30900
30902
30903
30957
30904
30907
30903
30911
30912
30960
30910
30933
30906
30908
30909
30911
30910
30922
30909
30914
30924
30938
30912
30914
30915
30969
30916
30918
30915
30972
30920
30922
30919
30925
41925
30920
30977
30921
30926
41926
30927
30980
30923
30931
41927
30924
30927
30932
30937
41928
30930
30953
30926
30928
30929
30931
30930
30989
30929
30957
30934
30958
30959
30992
30932
30934
30935
30945
30936
30938
30935
30963
30948
30964
30940
30942
30939
30945
41929
30940
30953
30941
30946
41930
30947
30956
30943
30951
41931
30944
30947
30952
31007
41932
30950
31034
30946
30948
30949
30951
30950
30965
30949
30981
30954
30982
30968
31039
30952
30954
30955
31015
30956
30959
30955
30987
30988
31018
30962
30965
30958
30960
30961
30963
30962
31008
30961
30969
30966
30970
30971
31010
30964
30966
30967
30981
30968
30971
30967
30975
30976
30984
30974
31057
30970
30972
30973
30975
30974
31017
30973
30978
31020
31063
30976
30978
30979
30993
30980
30983
30979
30996
30986
30989
30982
30984
30985
30987
30986
31000
30985
30993
30990
30994
30995
31002
30988
30990
30991
31049
30992
30995
30991
30999
31001
31052
30998
31008
30994
30996
30997
30999
30998
31004
30997
31003
31006
31012
31001
31003
31002
42179
31005
31061
31004
42180
31005
31006
42181
31064
31027
42182
31009
31015
41933
31010
31012
31011
31016
41934
31014
31017
31013
31021
41935
31014
31027
31022
31028
41936
31023
31029
31016
31018
31019
31021
31020
31023
31019
31049
31024
31050
31026
31121
31022
31024
31025
31037
31026
31030
31025
31055
31040
31056
31032
31127
31029
42183
31031
31037
41937
31030
42184
31032
42185
31033
31038
41938
31142
42186
31035
31043
41939
31036
31039
31044
31097
41940
31042
31045
31038
31040
31041
31043
31042
31057
31041
31073
31046
31074
31051
31060
31044
31046
31047
31105
31048
31051
31047
31079
31080
31108
31054
31081
31050
31052
31053
31055
31054
31069
31053
31061
31058
31062
31072
31087
31056
31058
31059
31073
31060
31063
31059
31067
31068
31076
31066
31069
31062
31064
31065
31067
31066
31121
31065
31070
31075
31124
31068
31070
31071
31085
31072
31075
31071
31088
31078
31102
31074
31076
31077
31079
31078
31131
31077
31085
31082
31086
31107
31134
31080
31082
31083
31133
31084
31087
31083
31091
31092
31136
31090
31093
31086
31088
31089
31091
31090
31102
31089
31094
31098
31104
31092
31094
31095
31147
31096
31098
31095
31150
31100
31179
31099
31105
41941
31100
31113
31101
31106
41942
31116
31185
31103
31111
41943
31104
31107
31112
31117
41944
31110
31113
31106
31108
31109
31111
31110
31151
31109
31133
31114
31135
31118
31154
31112
31114
31115
31123
31116
31118
31115
31139
31126
31141
31120
31203
31119
31123
41945
31120
31163
31122
31125
41946
31165
31209
31124
31127
31130
41947
41948
31125
31126
31129
31131
31128
31130
31128
31159
31129
31142
31132
31161
31137
31144
31132
41949
31134
31137
31166
41950
31135
31136
31140
31151
31138
31139
31138
31147
31140
31146
31143
31149
31141
31143
31148
31157
31145
31159
31144
42187
31145
31153
31146
42188
31155
31162
31148
42189
31149
31150
31172
42190
31152
31153
31152
31154
31157
31156
31155
31156
31160
31163
31158
31169
31158
31160
31172
31173
31161
31162
31167
31174
31164
31166
31164
31169
31165
31167
31168
31171
31170
31259
31168
41951
31170
31176
31178
41952
31171
31173
31177
31265
31175
31178
31174
42191
31175
31176
42192
31180
31177
42193
31282
42194
31180
41953
31182
31185
41954
31183
31184
31188
31191
31186
31187
31186
31193
31188
31203
31190
31195
31189
31190
31197
31206
31192
31205
31192
31199
31194
31197
31201
31208
31195
31196
31200
31227
31198
31199
31198
31229
31200
31215
31202
31231
31201
31202
31218
31233
31204
31217
31204
31235
31206
31209
31220
31237
31207
31208
31212
31215
31210
31211
31210
31217
31212
31259
31214
31219
31213
31214
31221
31262
31216
31279
31216
31223
31218
31221
31225
31283
31219
31220
31224
31243
31222
31223
31222
31255
31224
31271
31226
31257
31225
31226
31249
31274
31228
31293
31228
31261
31230
31233
31263
31296
31231
31232
31236
31238
31234
31235
31234
31242
31236
31243
31239
31244
31237
31239
31240
31246
31241
31255
31240
42139
31241
31248
31254
42196
31250
31258
31244
31245
31246
31249
31247
31248
31247
31252
31254
31251
31250
31251
31252
31291
31253
31267
31253
31256
31294
31270
31256
42197
31257
31258
31302
42198
31260
31261
31260
31267
31262
31265
31264
31269
31263
31264
31268
31271
31266
31266
31273
31268
31282
31275
31269
31270
31277
31284
31272
31273
31272
31274
31277
31276
31275
31276
31280
31291
31278
31278
31280
31286
31281
31283
31288
31297
31285
31287
31284
42195
31285
31293
31286
42200
31290
31295
31288
42201
31289
31290
31306
42202
31292
31307
31292
31299
31294
31297
31301
31295
31296
31300
31302
31298
31299
31298
31300
31306
31303
31301
31303
31304
31308
31305
31304
42199
31305
31309
42204
31308
42203
31309
42206
42205
42207
31311
31313
41304
41305
31312
31315
41307
31316
31319
41310
31314
31315
41308
31317
31331
41312
31316
31317
31318
31323
31318
31333
31325
31334
31320
31323
41311
31321
31324
41314
31322
31327
41315
31328
31359
41316
31324
31325
31326
31327
31326
31343
31329
31344
31328
31329
31330
31363
31330
31347
31348
31365
31332
31333
41313
31335
31337
41318
31334
31335
31336
31343
31336
31339
31340
31345
31338
31339
41319
31341
31751
41320
31340
31341
31342
31351
31342
31753
31353
31754
31344
31345
31346
31347
31346
31351
31349
31352
31348
31349
31350
31383
31350
31355
31356
31385
31352
31353
31354
31355
31354
31763
31357
31764
31356
31357
31358
31391
31358
31767
31393
31768
31360
31363
41317
31361
31364
41322
31362
31367
41323
31368
31371
41324
31364
31365
31366
31367
31366
31383
31369
31384
31368
31369
31370
31375
31370
31387
31377
31388
31372
31375
41325
31373
31376
41326
31374
31379
41327
31380
31415
41328
31376
31377
31378
31379
31378
31399
31381
31400
31380
31381
31382
31419
31382
31403
31404
31421
31384
31385
31386
31387
31386
31391
31389
31392
31388
31389
31390
31399
31390
31395
31396
31401
31392
31393
31394
31395
31394
31807
31397
31808
31396
31397
31398
31407
31398
31811
31409
31812
31400
31401
31402
31403
31402
31407
31405
31408
31404
31405
31406
31439
31406
31411
31412
31441
31408
31409
31410
31411
31410
31823
31413
31824
31412
31413
31414
31447
31414
31827
31449
31828
31416
31419
41329
31417
31420
41330
31418
31423
41331
31424
31427
41332
31420
31421
31422
31423
31422
31439
31425
31440
31424
31425
31426
31431
31426
31443
31433
31444
31428
31431
41333
31429
31432
41334
31430
31435
41335
31436
31471
41336
31432
31433
31434
31435
31434
31455
31437
31456
31436
31437
31438
31475
31438
31459
31460
31477
31440
31441
31442
31443
31442
31447
31445
31448
31444
31445
31446
31455
31446
31451
31452
31457
31448
31449
31450
31451
31450
31991
31453
31992
31452
31453
31454
31463
31454
31995
31465
31996
31456
31457
31458
31459
31458
31463
31461
31464
31460
31461
31462
31495
31462
31467
31468
31497
31464
31465
31466
31467
31466
32007
31469
32008
31468
31469
31470
31503
31470
32011
31505
32012
31472
31475
41337
31473
31476
41338
31474
31479
41339
31480
31483
41340
31476
31477
31478
31479
31478
31495
31481
31496
31480
31481
31482
31487
31482
31499
31489
31500
31484
31487
41341
31485
31488
41342
31486
31491
41343
31492
31527
41344
31488
31489
31490
31491
31490
31511
31493
31512
31492
31493
31494
31531
31494
31515
31516
31533
31496
31497
31498
31499
31498
31503
31501
31504
31500
31501
31502
31511
31502
31507
31508
31513
31504
31505
31506
31507
31506
32055
31509
32056
31508
31509
31510
31519
31510
32059
31521
32060
31512
31513
31514
31515
31514
31519
31517
31520
31516
31517
31518
31551
31518
31523
31524
31553
31520
31521
31522
31523
31522
32071
31525
32072
31524
31525
31526
31559
31526
32075
31561
32076
31528
31531
41345
31529
31532
41346
31530
31535
41347
31536
31539
41348
31532
31533
31534
31535
31534
31551
31537
31552
31536
31537
31538
31543
31538
31555
31545
31556
31540
31543
41349
31541
31544
41350
31542
31547
41351
31548
31583
41352
31544
31545
31546
31547
31546
31567
31549
31568
31548
31549
31550
31587
31550
31571
31572
31589
31552
31553
31554
31555
31554
31559
31557
31560
31556
31557
31558
31567
31558
31563
31564
31569
31560
31561
31562
31563
31562
32785
31565
32786
31564
31565
31566
31575
31566
32789
31577
32790
31568
31569
31570
31571
31570
31575
31573
31576
31572
31573
31574
31607
31574
31579
31580
31609
31576
31577
31578
31579
31578
32801
31581
32802
31580
31581
31582
31615
31582
32805
31617
32806
31584
31587
41353
31585
31588
41354
31586
31591
41355
31592
31595
41356
31588
31589
31590
31591
31590
31607
31593
31608
31592
31593
31594
31599
31594
31611
31601
31612
31596
31599
41357
31597
31600
41358
31598
31603
41359
31604
31639
41360
31600
31601
31602
31603
31602
31623
31605
31624
31604
31605
31606
31643
31606
31627
31628
31645
31608
31609
31610
31611
31610
31615
31613
31616
31612
31613
31614
31623
31614
31619
31620
31625
31616
31617
31618
31619
31618
32849
31621
32850
31620
31621
31622
31631
31622
32853
31633
32854
31624
31625
31626
31627
31626
31631
31629
31632
31628
31629
31630
31663
31630
31635
31636
31665
31632
31633
31634
31635
31634
32865
31637
32866
31636
31637
31638
31671
31638
32869
31673
32870
31640
31643
41361
31641
31644
41362
31642
31647
41363
31648
31651
41364
31644
31645
31646
31647
31646
31663
31649
31664
31648
31649
31650
31655
31650
31667
31657
31668
31652
31655
41365
31653
31656
41366
31654
31659
41367
31660
31695
41368
31656
31657
31658
31659
31658
31679
31661
31680
31660
31661
31662
31699
31662
31683
31684
31701
31664
31665
31666
31667
31666
31671
31669
31672
31668
31669
31670
31679
31670
31675
31676
31681
31672
31673
31674
31675
31674
33041
31677
33042
31676
31677
31678
31687
31678
33045
31689
33046
31680
31681
31682
31683
31682
31687
31685
31688
31684
31685
31686
31719
31686
31691
31692
31721
31688
31689
31690
31691
31690
33057
31693
33058
31692
31693
31694
31727
31694
33061
31729
33062
31696
31699
41369
31697
31700
41370
31698
31703
41371
31704
31707
41372
31700
31701
31702
31703
31702
31719
31705
31720
31704
31705
31706
31711
31706
31723
31713
31724
31708
31711
41373
31709
31712
41374
31710
31715
41375
31716
33851
41376
31712
31713
31714
31715
31714
31735
31717
31736
31716
31717
31718
33855
31718
31739
31740
33857
31720
31721
31722
31723
31722
31727
31725
31728
31724
31725
31726
31735
31726
31731
31732
31737
31728
31729
31730
31731
31730
33105
31733
33106
31732
31733
31734
31743
31734
33109
31745
33110
31736
31737
31738
31739
31738
31743
31741
31744
31740
31741
31742
33875
31742
31747
31748
33877
31744
31745
31746
31747
31746
33121
31749
33122
31748
31749
31750
33883
31750
33125
33126
33885
31752
31753
41321
31755
31757
41378
31754
31755
31756
31763
31756
31759
31760
31765
31758
31759
41379
31761
31779
41380
31760
31761
31762
31771
31762
31781
31773
31782
31764
31765
31766
31767
31766
31771
31769
31772
31768
31769
31770
31807
31770
31775
31776
31809
31772
31773
31774
31775
31774
31791
31777
31792
31776
31777
31778
31815
31778
31795
31796
31817
31780
31781
41381
31783
31785
41382
31782
31783
31784
31791
31784
31787
31788
31793
31786
31787
41383
31789
31871
41384
31788
31789
31790
31799
31790
31873
31801
31874
31792
31793
31794
31795
31794
31799
31797
31800
31796
31797
31798
31839
31798
31803
31804
31841
31800
31801
31802
31803
31802
31883
31805
31884
31804
31805
31806
31847
31806
31887
31849
31888
31808
31809
31810
31811
31810
31815
31813
31816
31812
31813
31814
31823
31814
31819
31820
31825
31816
31817
31818
31819
31818
31839
31821
31840
31820
31821
31822
31831
31822
31843
31833
31844
31824
31825
31826
31827
31826
31831
31829
31832
31828
31829
31830
31991
31830
31835
31836
31993
31832
31833
31834
31835
31834
31855
31837
31856
31836
31837
31838
31999
31838
31859
31860
32001
31840
31841
31842
31843
31842
31847
31845
31848
31844
31845
31846
31855
31846
31851
31852
31857
31848
31849
31850
31851
31850
31927
31853
31928
31852
31853
31854
31863
31854
31931
31865
31932
31856
31857
31858
31859
31858
31863
31861
31864
31860
31861
31862
32023
31862
31867
31868
32025
31864
31865
31866
31867
31866
31943
31869
31944
31868
31869
31870
32031
31870
31947
31948
32033
31872
31873
41385
31875
31877
41386
31874
31875
31876
31883
31876
31879
31880
31885
31878
31879
41387
31881
31899
41388
31880
31881
31882
31891
31882
31901
31893
31902
31884
31885
31886
31887
31886
31891
31889
31892
31888
31889
31890
31927
31890
31895
31896
31929
31892
31893
31894
31895
31894
31911
31897
31912
31896
31897
31898
31935
31898
31915
31916
31937
31900
31901
41389
31903
31905
41390
31902
31903
31904
31911
31904
31907
31908
31913
31906
31907
41391
31909
32247
41392
31908
31909
31910
31919
31910
32249
31921
32250
31912
31913
31914
31915
31914
31919
31917
31920
31916
31917
31918
31959
31918
31923
31924
31961
31920
31921
31922
31923
31922
32259
31925
32260
31924
31925
31926
31967
31926
32263
31969
32264
31928
31929
31930
31931
31930
31935
31933
31936
31932
31933
31934
31943
31934
31939
31940
31945
31936
31937
31938
31939
31938
31959
31941
31960
31940
31941
31942
31951
31942
31963
31953
31964
31944
31945
31946
31947
31946
31951
31949
31952
31948
31949
31950
32119
31950
31955
31956
32121
31952
31953
31954
31955
31954
31975
31957
31976
31956
31957
31958
32127
31958
31979
31980
32129
31960
31961
31962
31963
31962
31967
31965
31968
31964
31965
31966
31975
31966
31971
31972
31977
31968
31969
31970
31971
31970
32303
31973
32304
31972
31973
31974
31983
31974
32307
31985
32308
31976
31977
31978
31979
31978
31983
31981
31984
31980
31981
31982
32151
31982
31987
31988
32153
31984
31985
31986
31987
31986
32319
31989
32320
31988
31989
31990
32159
31990
32323
32161
32324
31992
31993
31994
31995
31994
31999
31997
32000
31996
31997
31998
32007
31998
32003
32004
32009
32000
32001
32002
32003
32002
32023
32005
32024
32004
32005
32006
32015
32006
32027
32017
32028
32008
32009
32010
32011
32010
32015
32013
32016
32012
32013
32014
32055
32014
32019
32020
32057
32016
32017
32018
32019
32018
32039
32021
32040
32020
32021
32022
32063
32022
32043
32044
32065
32024
32025
32026
32027
32026
32031
32029
32032
32028
32029
32030
32039
32030
32035
32036
32041
32032
32033
32034
32035
32034
32119
32037
32120
32036
32037
32038
32047
32038
32123
32049
32124
32040
32041
32042
32043
32042
32047
32045
32048
32044
32045
32046
32087
32046
32051
32052
32089
32048
32049
32050
32051
32050
32135
32053
32136
32052
32053
32054
32095
32054
32139
32097
32140
32056
32057
32058
32059
32058
32063
32061
32064
32060
32061
32062
32071
32062
32067
32068
32073
32064
32065
32066
32067
32066
32087
32069
32088
32068
32069
32070
32079
32070
32091
32081
32092
32072
32073
32074
32075
32074
32079
32077
32080
32076
32077
32078
32785
32078
32083
32084
32787
32080
32081
32082
32083
32082
32103
32085
32104
32084
32085
32086
32793
32086
32107
32108
32795
32088
32089
32090
32091
32090
32095
32093
32096
32092
32093
32094
32103
32094
32099
32100
32105
32096
32097
32098
32099
32098
32183
32101
32184
32100
32101
32102
32111
32102
32187
32113
32188
32104
32105
32106
32107
32106
32111
32109
32112
32108
32109
32110
32817
32110
32115
32116
32819
32112
32113
32114
32115
32114
32199
32117
32200
32116
32117
32118
32825
32118
32203
32204
32827
32120
32121
32122
32123
32122
32127
32125
32128
32124
32125
32126
32135
32126
32131
32132
32137
32128
32129
32130
32131
32130
32151
32133
32152
32132
32133
32134
32143
32134
32155
32145
32156
32136
32137
32138
32139
32138
32143
32141
32144
32140
32141
32142
32183
32142
32147
32148
32185
32144
32145
32146
32147
32146
32167
32149
32168
32148
32149
32150
32191
32150
32171
32172
32193
32152
32153
32154
32155
32154
32159
32157
32160
32156
32157
32158
32167
32158
32163
32164
32169
32160
32161
32162
32163
32162
32487
32165
32488
32164
32165
32166
32175
32166
32491
32177
32492
32168
32169
32170
32171
32170
32175
32173
32176
32172
32173
32174
32215
32174
32179
32180
32217
32176
32177
32178
32179
32178
32503
32181
32504
32180
32181
32182
32223
32182
32507
32225
32508
32184
32185
32186
32187
32186
32191
32189
32192
32188
32189
32190
32199
32190
32195
32196
32201
32192
32193
32194
32195
32194
32215
32197
32216
32196
32197
32198
32207
32198
32219
32209
32220
32200
32201
32202
32203
32202
32207
32205
32208
32204
32205
32206
32913
32206
32211
32212
32915
32208
32209
32210
32211
32210
32231
32213
32232
32212
32213
32214
32921
32214
32235
32236
32923
32216
32217
32218
32219
32218
32223
32221
32224
32220
32221
32222
32231
32222
32227
32228
32233
32224
32225
32226
32227
32226
32551
32229
32552
32228
32229
32230
32239
32230
32555
32241
32556
32232
32233
32234
32235
32234
32239
32237
32240
32236
32237
32238
32945
32238
32243
32244
32947
32240
32241
32242
32243
32242
32567
32245
32568
32244
32245
32246
32953
32246
32571
32572
32955
32248
32249
41393
32251
32253
41394
32250
32251
32252
32259
32252
32255
32256
32261
32254
32255
41395
32257
32275
41396
32256
32257
32258
32267
32258
32277
32269
32278
32260
32261
32262
32263
32262
32267
32265
32268
32264
32265
32266
32303
32266
32271
32272
32305
32268
32269
32270
32271
32270
32287
32273
32288
32272
32273
32274
32311
32274
32291
32292
32313
32276
32277
41397
32279
32281
41398
32278
32279
32280
32287
32280
32283
32284
32289
32282
32283
41399
32285
32367
41400
32284
32285
32286
32295
32286
32369
32297
32370
32288
32289
32290
32291
32290
32295
32293
32296
32292
32293
32294
32335
32294
32299
32300
32337
32296
32297
32298
32299
32298
32379
32301
32380
32300
32301
32302
32343
32302
32383
32345
32384
32304
32305
32306
32307
32306
32311
32309
32312
32308
32309
32310
32319
32310
32315
32316
32321
32312
32313
32314
32315
32314
32335
32317
32336
32316
32317
32318
32327
32318
32339
32329
32340
32320
32321
32322
32323
32322
32327
32325
32328
32324
32325
32326
32487
32326
32331
32332
32489
32328
32329
32330
32331
32330
32351
32333
32352
32332
32333
32334
32495
32334
32355
32356
32497
32336
32337
32338
32339
32338
32343
32341
32344
32340
32341
32342
32351
32342
32347
32348
32353
32344
32345
32346
32347
32346
32423
32349
32424
32348
32349
32350
32359
32350
32427
32361
32428
32352
32353
32354
32355
32354
32359
32357
32360
32356
32357
32358
32519
32358
32363
32364
32521
32360
32361
32362
32363
32362
32439
32365
32440
32364
32365
32366
32527
32366
32443
32444
32529
32368
32369
41401
32371
32373
41402
32370
32371
32372
32379
32372
32375
32376
32381
32374
32375
41403
32377
32395
41404
32376
32377
32378
32387
32378
32397
32389
32398
32380
32381
32382
32383
32382
32387
32385
32388
32384
32385
32386
32423
32386
32391
32392
32425
32388
32389
32390
32391
32390
32407
32393
32408
32392
32393
32394
32431
32394
32411
32412
32433
32396
32397
41405
32399
32401
41406
32398
32399
32400
32407
32400
32403
32404
32409
32402
32403
41407
32405
36308
41408
32404
32405
32406
32415
32406
36310
32417
36311
32408
32409
32410
32411
32410
32415
32413
32416
32412
32413
32414
32455
32414
32419
32420
32457
32416
32417
32418
32419
32418
36320
32421
36321
32420
32421
32422
32463
32422
36324
32465
36325
32424
32425
32426
32427
32426
32431
32429
32432
32428
32429
32430
32439
32430
32435
32436
32441
32432
32433
32434
32435
32434
32455
32437
32456
32436
32437
32438
32447
32438
32459
32449
32460
32440
32441
32442
32443
32442
32447
32445
32448
32444
32445
32446
32615
32446
32451
32452
32617
32448
32449
32450
32451
32450
32471
32453
32472
32452
32453
32454
32623
32454
32475
32476
32625
32456
32457
32458
32459
32458
32463
32461
32464
32460
32461
32462
32471
32462
32467
32468
32473
32464
32465
32466
32467
32466
36364
32469
36365
32468
32469
32470
32479
32470
36368
32481
36369
32472
32473
32474
32475
32474
32479
32477
32480
32476
32477
32478
32647
32478
32483
32484
32649
32480
32481
32482
32483
32482
36380
32485
36381
32484
32485
32486
32655
32486
36384
32657
36385
32488
32489
32490
32491
32490
32495
32493
32496
32492
32493
32494
32503
32494
32499
32500
32505
32496
32497
32498
32499
32498
32519
32501
32520
32500
32501
32502
32511
32502
32523
32513
32524
32504
32505
32506
32507
32506
32511
32509
32512
32508
32509
32510
32551
32510
32515
32516
32553
32512
32513
32514
32515
32514
32535
32517
32536
32516
32517
32518
32559
32518
32539
32540
32561
32520
32521
32522
32523
32522
32527
32525
32528
32524
32525
32526
32535
32526
32531
32532
32537
32528
32529
32530
32531
32530
32615
32533
32616
32532
32533
32534
32543
32534
32619
32545
32620
32536
32537
32538
32539
32538
32543
32541
32544
32540
32541
32542
32583
32542
32547
32548
32585
32544
32545
32546
32547
32546
32631
32549
32632
32548
32549
32550
32591
32550
32635
32593
32636
32552
32553
32554
32555
32554
32559
32557
32560
32556
32557
32558
32567
32558
32563
32564
32569
32560
32561
32562
32563
32562
32583
32565
32584
32564
32565
32566
32575
32566
32587
32577
32588
32568
32569
32570
32571
32570
32575
32573
32576
32572
32573
32574
33297
32574
32579
32580
33299
32576
32577
32578
32579
32578
32599
32581
32600
32580
32581
32582
33305
32582
32603
32604
33307
32584
32585
32586
32587
32586
32591
32589
32592
32588
32589
32590
32599
32590
32595
32596
32601
32592
32593
32594
32595
32594
32679
32597
32680
32596
32597
32598
32607
32598
32683
32609
32684
32600
32601
32602
32603
32602
32607
32605
32608
32604
32605
32606
33329
32606
32611
32612
33331
32608
32609
32610
32611
32610
32695
32613
32696
32612
32613
32614
33337
32614
32699
32700
33339
32616
32617
32618
32619
32618
32623
32621
32624
32620
32621
32622
32631
32622
32627
32628
32633
32624
32625
32626
32627
32626
32647
32629
32648
32628
32629
32630
32639
32630
32651
32641
32652
32632
32633
32634
32635
32634
32639
32637
32640
32636
32637
32638
32679
32638
32643
32644
32681
32640
32641
32642
32643
32642
32663
32645
32664
32644
32645
32646
32687
32646
32667
32668
32689
32648
32649
32650
32651
32650
32655
32653
32656
32652
32653
32654
32663
32654
32659
32660
32665
32656
32657
32658
32659
32658
36548
32661
36549
32660
32661
32662
32671
32662
36552
32673
36553
32664
32665
32666
32667
32666
32671
32669
32672
32668
32669
32670
32711
32670
32675
32676
32713
32672
32673
32674
32675
32674
36564
32677
36565
32676
32677
32678
32719
32678
36568
32721
36569
32680
32681
32682
32683
32682
32687
32685
32688
32684
32685
32686
32695
32686
32691
32692
32697
32688
32689
32690
32691
32690
32711
32693
32712
32692
32693
32694
32703
32694
32715
32705
32716
32696
32697
32698
32699
32698
32703
32701
32704
32700
32701
32702
33425
32702
32707
32708
33427
32704
32705
32706
32707
32706
32735
32709
32736
32708
32709
32710
33433
32710
32739
32741
32746
32748
33435
32712
32713
32714
32715
32714
32719
32717
32720
32716
32717
32718
32735
32718
32723
32724
32737
32720
32721
32722
32723
32722
36612
32725
36613
32724
32725
32726
32760
32765
32726
36616
32772
32775
36617
32728
32729
32732
32737
32729
32730
32736
32731
32733
32731
32736
32743
32734
32752
32733
32737
32763
32734
32768
32754
32769
32736
32737
32738
32743
32761
32763
32739
32740
32743
32740
32741
32742
32744
32742
32746
32745
32747
32744
32745
32752
32750
32753
32747
32748
32749
32750
32749
33457
32751
33458
32751
32756
32757
33461
32753
32754
32755
32756
32755
32783
32759
41410
32757
32758
33471
41413
32759
41414
41412
32761
32762
32765
32762
32763
32764
32766
32764
32767
32768
32766
32772
32767
32773
32770
32774
32769
32770
32771
32784
32771
32778
32779
41417
32773
32775
32774
32776
32777
32778
32776
36628
32777
36629
32780
36630
32779
32780
32781
41419
32782
36634
32782
41420
41421
32784
41411
41418
32786
32787
32788
32789
32788
32793
32791
32794
32790
32791
32792
32801
32792
32797
32798
32803
32794
32795
32796
32797
32796
32817
32799
32818
32798
32799
32800
32809
32800
32821
32811
32822
32802
32803
32804
32805
32804
32809
32807
32810
32806
32807
32808
32849
32808
32813
32814
32851
32810
32811
32812
32813
32812
32833
32815
32834
32814
32815
32816
32857
32816
32837
32838
32859
32818
32819
32820
32821
32820
32825
32823
32826
32822
32823
32824
32833
32824
32829
32830
32835
32826
32827
32828
32829
32828
32913
32831
32914
32830
32831
32832
32841
32832
32917
32843
32918
32834
32835
32836
32837
32836
32841
32839
32842
32838
32839
32840
32881
32840
32845
32846
32883
32842
32843
32844
32845
32844
32929
32847
32930
32846
32847
32848
32889
32848
32933
32891
32934
32850
32851
32852
32853
32852
32857
32855
32858
32854
32855
32856
32865
32856
32861
32862
32867
32858
32859
32860
32861
32860
32881
32863
32882
32862
32863
32864
32873
32864
32885
32875
32886
32866
32867
32868
32869
32868
32873
32871
32874
32870
32871
32872
33041
32872
32877
32878
33043
32874
32875
32876
32877
32876
32897
32879
32898
32878
32879
32880
33049
32880
32901
32902
33051
32882
32883
32884
32885
32884
32889
32887
32890
32886
32887
32888
32897
32888
32893
32894
32899
32890
32891
32892
32893
32892
32977
32895
32978
32894
32895
32896
32905
32896
32981
32907
32982
32898
32899
32900
32901
32900
32905
32903
32906
32902
32903
32904
33073
32904
32909
32910
33075
32906
32907
32908
32909
32908
32993
32911
32994
32910
32911
32912
33081
32912
32997
32998
33083
32914
32915
32916
32917
32916
32921
32919
32922
32918
32919
32920
32929
32920
32925
32926
32931
32922
32923
32924
32925
32924
32945
32927
32946
32926
32927
32928
32937
32928
32949
32939
32950
32930
32931
32932
32933
32932
32937
32935
32938
32934
32935
32936
32977
32936
32941
32942
32979
32938
32939
32940
32941
32940
32961
32943
32962
32942
32943
32944
32985
32944
32965
32966
32987
32946
32947
32948
32949
32948
32953
32951
32954
32950
32951
32952
32961
32952
32957
32958
32963
32954
32955
32956
32957
32956
33297
32959
33298
32958
32959
32960
32969
32960
33301
32971
33302
32962
32963
32964
32965
32964
32969
32967
32970
32966
32967
32968
33009
32968
32973
32974
33011
32970
32971
32972
32973
32972
33313
32975
33314
32974
32975
32976
33017
32976
33317
33019
33318
32978
32979
32980
32981
32980
32985
32983
32986
32982
32983
32984
32993
32984
32989
32990
32995
32986
32987
32988
32989
32988
33009
32991
33010
32990
32991
32992
33001
32992
33013
33003
33014
32994
32995
32996
32997
32996
33001
32999
33002
32998
32999
33000
33169
33000
33005
33006
33171
33002
33003
33004
33005
33004
33025
33007
33026
33006
33007
33008
33177
33008
33029
33030
33179
33010
33011
33012
33013
33012
33017
33015
33018
33014
33015
33016
33025
33016
33021
33022
33027
33018
33019
33020
33021
33020
33361
33023
33362
33022
33023
33024
33033
33024
33365
33035
33366
33026
33027
33028
33029
33028
33033
33031
33034
33030
33031
33032
33201
33032
33037
33038
33203
33034
33035
33036
33037
33036
33377
33039
33378
33038
33039
33040
33209
33040
33381
33211
33382
33042
33043
33044
33045
33044
33049
33047
33050
33046
33047
33048
33057
33048
33053
33054
33059
33050
33051
33052
33053
33052
33073
33055
33074
33054
33055
33056
33065
33056
33077
33067
33078
33058
33059
33060
33061
33060
33065
33063
33066
33062
33063
33064
33105
33064
33069
33070
33107
33066
33067
33068
33069
33068
33089
33071
33090
33070
33071
33072
33113
33072
33093
33094
33115
33074
33075
33076
33077
33076
33081
33079
33082
33078
33079
33080
33089
33080
33085
33086
33091
33082
33083
33084
33085
33084
33169
33087
33170
33086
33087
33088
33097
33088
33173
33099
33174
33090
33091
33092
33093
33092
33097
33095
33098
33094
33095
33096
33137
33096
33101
33102
33139
33098
33099
33100
33101
33100
33185
33103
33186
33102
33103
33104
33145
33104
33189
33147
33190
33106
33107
33108
33109
33108
33113
33111
33114
33110
33111
33112
33121
33112
33117
33118
33123
33114
33115
33116
33117
33116
33137
33119
33138
33118
33119
33120
33129
33120
33141
33131
33142
33122
33123
33124
33125
33124
33129
33127
33130
33126
33127
33128
34292
33128
33133
33134
34294
33130
33131
33132
33133
33132
33153
33135
33154
33134
33135
33136
34300
33136
33157
33158
34302
33138
33139
33140
33141
33140
33145
33143
33146
33142
33143
33144
33153
33144
33149
33150
33155
33146
33147
33148
33149
33148
33233
33151
33234
33150
33151
33152
33161
33152
33237
33163
33238
33154
33155
33156
33157
33156
33161
33159
33162
33158
33159
33160
34324
33160
33165
33166
34326
33162
33163
33164
33165
33164
33249
33167
33250
33166
33167
33168
34332
33168
33253
33254
34334
33170
33171
33172
33173
33172
33177
33175
33178
33174
33175
33176
33185
33176
33181
33182
33187
33178
33179
33180
33181
33180
33201
33183
33202
33182
33183
33184
33193
33184
33205
33195
33206
33186
33187
33188
33189
33188
33193
33191
33194
33190
33191
33192
33233
33192
33197
33198
33235
33194
33195
33196
33197
33196
33217
33199
33218
33198
33199
33200
33241
33200
33221
33222
33243
33202
33203
33204
33205
33204
33209
33207
33210
33206
33207
33208
33217
33208
33213
33214
33219
33210
33211
33212
33213
33212
33595
33215
33596
33214
33215
33216
33225
33216
33599
33227
33600
33218
33219
33220
33221
33220
33225
33223
33226
33222
33223
33224
33265
33224
33229
33230
33267
33226
33227
33228
33229
33228
33611
33231
33612
33230
33231
33232
33273
33232
33615
33275
33616
33234
33235
33236
33237
33236
33241
33239
33242
33238
33239
33240
33249
33240
33245
33246
33251
33242
33243
33244
33245
33244
33265
33247
33266
33246
33247
33248
33257
33248
33269
33259
33270
33250
33251
33252
33253
33252
33257
33255
33258
33254
33255
33256
34420
33256
33261
33262
34422
33258
33259
33260
33261
33260
33281
33263
33282
33262
33263
33264
34428
33264
33285
33286
34430
33266
33267
33268
33269
33268
33273
33271
33274
33270
33271
33272
33281
33272
33277
33278
33283
33274
33275
33276
33277
33276
33659
33279
33660
33278
33279
33280
33289
33280
33663
33291
33664
33282
33283
33284
33285
33284
33289
33287
33290
33286
33287
33288
34452
33288
33293
33294
34454
33290
33291
33292
33293
33292
33675
33295
33676
33294
33295
33296
34460
33296
33679
33680
34462
33298
33299
33300
33301
33300
33305
33303
33306
33302
33303
33304
33313
33304
33309
33310
33315
33306
33307
33308
33309
33308
33329
33311
33330
33310
33311
33312
33321
33312
33333
33323
33334
33314
33315
33316
33317
33316
33321
33319
33322
33318
33319
33320
33361
33320
33325
33326
33363
33322
33323
33324
33325
33324
33345
33327
33346
33326
33327
33328
33369
33328
33349
33350
33371
33330
33331
33332
33333
33332
33337
33335
33338
33334
33335
33336
33345
33336
33341
33342
33347
33338
33339
33340
33341
33340
33425
33343
33426
33342
33343
33344
33353
33344
33429
33355
33430
33346
33347
33348
33349
33348
33353
33351
33354
33350
33351
33352
33393
33352
33357
33358
33395
33354
33355
33356
33357
33356
33441
33359
33442
33358
33359
33360
33401
33360
33445
33403
33446
33362
33363
33364
33365
33364
33369
33367
33370
33366
33367
33368
33377
33368
33373
33374
33379
33370
33371
33372
33373
33372
33393
33375
33394
33374
33375
33376
33385
33376
33397
33387
33398
33378
33379
33380
33381
33380
33385
33383
33386
33382
33383
33384
33595
33384
33389
33390
33597
33386
33387
33388
33389
33388
33409
33391
33410
33390
33391
33392
33603
33392
33413
33414
33605
33394
33395
33396
33397
33396
33401
33399
33402
33398
33399
33400
33409
33400
33405
33406
33411
33402
33403
33404
33405
33404
33531
33407
33532
33406
33407
33408
33417
33408
33535
33419
33536
33410
33411
33412
33413
33412
33417
33415
33418
33414
33415
33416
33627
33416
33421
33422
33629
33418
33419
33420
33421
33420
33547
33423
33548
33422
33423
33424
33635
33424
33551
33552
33637
33426
33427
33428
33429
33428
33433
33431
33434
33430
33431
33432
33441
33432
33437
33438
33443
33434
33435
33436
33437
33436
33457
33459
33439
33463
33466
33438
33439
33440
33449
33440
33488
33451
33489
33442
33443
33444
33445
33444
33449
33447
33450
33446
33447
33448
33531
33448
33453
33454
33533
33450
33451
33452
33453
33452
33515
33455
33516
33454
33455
33456
33539
33456
33519
33520
33541
33458
33459
33460
33461
33460
33463
33462
33464
33462
33471
33468
33472
33464
33466
33467
33468
33466
33467
33469
33488
33467
33470
33470
33476
33470
33480
33488
33477
33472
33474
33475
33476
33474
33475
41416
41415
33478
41423
33477
33478
33479
33481
33479
41424
33485
33492
33481
33483
33488
33484
33485
33483
33484
33486
33490
33484
33488
33487
33487
33493
33487
33490
33497
33494
33489
33490
33515
33497
33500
33517
33492
33493
41426
41425
33494
33495
33496
33498
33496
33506
41427
33502
33507
33498
33500
33501
33502
33500
33501
33503
33523
33501
33504
33504
33509
33504
33510
33523
33511
33506
33507
41429
41428
33508
33509
33512
37343
41430
33511
33512
33511
33513
33525
33514
33514
37347
33514
33525
37348
37349
33516
33517
33518
33519
33518
33523
33521
33524
33520
33521
33522
33563
33522
33527
33528
33565
33524
33525
33526
33527
33526
37398
33529
37399
33528
33529
33530
33571
33530
37402
33573
37403
33532
33533
33534
33535
33534
33539
33537
33540
33536
33537
33538
33547
33538
33543
33544
33549
33540
33541
33542
33543
33542
33563
33545
33564
33544
33545
33546
33555
33546
33567
33557
33568
33548
33549
33550
33551
33550
33555
33553
33556
33552
33553
33554
33723
33554
33559
33560
33725
33556
33557
33558
33559
33558
33579
33561
33580
33560
33561
33562
33731
33562
33583
33584
33733
33564
33565
33566
33567
33566
33571
33569
33572
33568
33569
33570
33579
33570
33575
33576
33581
33572
33573
33574
33575
33574
37446
33577
37447
33576
33577
33578
33587
33578
37450
33589
37451
33580
33581
33582
33583
33582
33587
33585
33588
33584
33585
33586
33755
33586
33591
33592
33757
33588
33589
33590
33591
33590
37462
33593
37463
33592
33593
33594
33763
33594
37466
33765
37467
33596
33597
33598
33599
33598
33603
33601
33604
33600
33601
33602
33611
33602
33607
33608
33613
33604
33605
33606
33607
33606
33627
33609
33628
33608
33609
33610
33619
33610
33631
33621
33632
33612
33613
33614
33615
33614
33619
33617
33620
33616
33617
33618
33659
33618
33623
33624
33661
33620
33621
33622
33623
33622
33643
33625
33644
33624
33625
33626
33667
33626
33647
33648
33669
33628
33629
33630
33631
33630
33635
33633
33636
33632
33633
33634
33643
33634
33639
33640
33645
33636
33637
33638
33639
33638
33723
33641
33724
33640
33641
33642
33651
33642
33727
33653
33728
33644
33645
33646
33647
33646
33651
33649
33652
33648
33649
33650
33691
33650
33655
33656
33693
33652
33653
33654
33655
33654
33739
33657
33740
33656
33657
33658
33699
33658
33743
33701
33744
33660
33661
33662
33663
33662
33667
33665
33668
33664
33665
33666
33675
33666
33671
33672
33677
33668
33669
33670
33671
33670
33691
33673
33692
33672
33673
33674
33683
33674
33695
33685
33696
33676
33677
33678
33679
33678
33683
33681
33684
33680
33681
33682
34804
33682
33687
33688
34806
33684
33685
33686
33687
33686
33707
33689
33708
33688
33689
33690
34812
33690
33711
33712
34814
33692
33693
33694
33695
33694
33699
33697
33700
33696
33697
33698
33707
33698
33703
33704
33709
33700
33701
33702
33703
33702
33787
33705
33788
33704
33705
33706
33715
33706
33791
33717
33792
33708
33709
33710
33711
33710
33715
33713
33716
33712
33713
33714
34836
33714
33719
33720
34838
33716
33717
33718
33719
33718
33803
33721
33804
33720
33721
33722
34844
33722
33807
33808
34846
33724
33725
33726
33727
33726
33731
33729
33732
33728
33729
33730
33739
33730
33735
33736
33741
33732
33733
33734
33735
33734
33755
33737
33756
33736
33737
33738
33747
33738
33759
33749
33760
33740
33741
33742
33743
33742
33747
33745
33748
33744
33745
33746
33787
33746
33751
33752
33789
33748
33749
33750
33751
33750
33771
33753
33772
33752
33753
33754
33795
33754
33775
33776
33797
33756
33757
33758
33759
33758
33763
33761
33764
33760
33761
33762
33771
33762
33767
33768
33773
33764
33765
33766
33767
33766
37638
33769
37639
33768
33769
33770
33779
33770
37642
33781
37643
33772
33773
33774
33775
33774
33779
33777
33780
33776
33777
33778
33819
33778
33783
33784
33821
33780
33781
33782
33783
33782
37654
33785
37655
33784
33785
33786
33827
33786
37658
33829
37659
33788
33789
33790
33791
33790
33795
33793
33796
33792
33793
33794
33803
33794
33799
33800
33805
33796
33797
33798
33799
33798
33819
33801
33820
33800
33801
33802
33811
33802
33823
33813
33824
33804
33805
33806
33807
33806
33811
33809
33812
33808
33809
33810
34932
33810
33815
33816
34934
33812
33813
33814
33815
33814
33835
33817
33836
33816
33817
33818
34940
33818
33839
33840
34942
33820
33821
33822
33823
33822
33827
33825
33828
33824
33825
33826
33835
33826
33831
33832
33837
33828
33829
33830
33831
33830
37702
33833
37703
33832
33833
33834
33843
33834
37706
33845
37707
33836
33837
33838
33839
33838
33843
33841
33844
33840
33841
33842
34964
33842
33847
33848
34966
33844
33845
33846
33847
33846
37718
33849
37719
33848
33849
33850
34972
33850
37722
34974
37723
33852
33855
41377
33853
33856
41432
33854
33859
41433
33860
33863
41434
33856
33857
33858
33859
33858
33875
33861
33876
33860
33861
33862
33867
33862
33879
33869
33880
33864
33867
41435
33865
33868
41436
33866
33871
41437
33872
33907
41438
33868
33869
33870
33871
33870
33891
33873
33892
33872
33873
33874
33911
33874
33895
33896
33913
33876
33877
33878
33879
33878
33883
33881
33884
33880
33881
33882
33891
33882
33887
33888
33893
33884
33885
33886
33887
33886
34292
33889
34293
33888
33889
33890
33899
33890
34296
33901
34297
33892
33893
33894
33895
33894
33899
33897
33900
33896
33897
33898
33931
33898
33903
33904
33933
33900
33901
33902
33903
33902
34308
33905
34309
33904
33905
33906
33939
33906
34312
33941
34313
33908
33911
41439
33909
33912
41440
33910
33915
41441
33916
33919
41442
33912
33913
33914
33915
33914
33931
33917
33932
33916
33917
33918
33923
33918
33935
33925
33936
33920
33923
41443
33921
33924
41444
33922
33927
41445
33928
33963
41446
33924
33925
33926
33927
33926
33947
33929
33948
33928
33929
33930
33967
33930
33951
33952
33969
33932
33933
33934
33935
33934
33939
33937
33940
33936
33937
33938
33947
33938
33943
33944
33949
33940
33941
33942
33943
33942
34356
33945
34357
33944
33945
33946
33955
33946
34360
33957
34361
33948
33949
33950
33951
33950
33955
33953
33956
33952
33953
33954
33987
33954
33959
33960
33989
33956
33957
33958
33959
33958
34372
33961
34373
33960
33961
33962
33995
33962
34376
33997
34377
33964
33967
41447
33965
33968
41448
33966
33971
41449
33972
33975
41450
33968
33969
33970
33971
33970
33987
33973
33988
33972
33973
33974
33979
33974
33991
33981
33992
33976
33979
41451
33977
33980
41452
33978
33983
41453
33984
34019
41454
33980
33981
33982
33983
33982
34003
33985
34004
33984
33985
33986
34023
33986
34007
34008
34025
33988
33989
33990
33991
33990
33995
33993
33996
33992
33993
33994
34003
33994
33999
34000
34005
33996
33997
33998
33999
33998
34548
34001
34549
34000
34001
34002
34011
34002
34552
34013
34553
34004
34005
34006
34007
34006
34011
34009
34012
34008
34009
34010
34043
34010
34015
34016
34045
34012
34013
34014
34015
34014
34564
34017
34565
34016
34017
34018
34051
34018
34568
34053
34569
34020
34023
41455
34021
34024
41456
34022
34027
41457
34028
34031
41458
34024
34025
34026
34027
34026
34043
34029
34044
34028
34029
34030
34035
34030
34047
34037
34048
34032
34035
41459
34033
34036
41460
34034
34039
41461
34040
34075
41462
34036
34037
34038
34039
34038
34059
34041
34060
34040
34041
34042
34079
34042
34063
34064
34081
34044
34045
34046
34047
34046
34051
34049
34052
34048
34049
34050
34059
34050
34055
34056
34061
34052
34053
34054
34055
34054
34612
34057
34613
34056
34057
34058
34067
34058
34616
34069
34617
34060
34061
34062
34063
34062
34067
34065
34068
34064
34065
34066
34099
34066
34071
34072
34101
34068
34069
34070
34071
34070
34628
34073
34629
34072
34073
34074
34107
34074
34632
34109
34633
34076
34079
41463
34077
34080
41464
34078
34083
41465
34084
34087
41466
34080
34081
34082
34083
34082
34099
34085
34100
34084
34085
34086
34091
34086
34103
34093
34104
34088
34091
41467
34089
34092
41468
34090
34095
41469
34096
34131
41470
34092
34093
34094
34095
34094
34115
34097
34116
34096
34097
34098
34135
34098
34119
34120
34137
34100
34101
34102
34103
34102
34107
34105
34108
34104
34105
34106
34115
34106
34111
34112
34117
34108
34109
34110
34111
34110
35316
34113
35317
34112
34113
34114
34123
34114
35320
34125
35321
34116
34117
34118
34119
34118
34123
34121
34124
34120
34121
34122
34155
34122
34127
34128
34157
34124
34125
34126
34127
34126
35332
34129
35333
34128
34129
34130
34163
34130
35336
34165
35337
34132
34135
41471
34133
34136
41472
34134
34139
41473
34140
34143
41474
34136
34137
34138
34139
34138
34155
34141
34156
34140
34141
34142
34147
34142
34159
34149
34160
34144
34147
41475
34145
34148
41476
34146
34151
41477
34152
34187
41478
34148
34149
34150
34151
34150
34171
34153
34172
34152
34153
34154
34191
34154
34175
34176
34193
34156
34157
34158
34159
34158
34163
34161
34164
34160
34161
34162
34171
34162
34167
34168
34173
34164
34165
34166
34167
34166
35380
34169
35381
34168
34169
34170
34179
34170
35384
34181
35385
34172
34173
34174
34175
34174
34179
34177
34180
34176
34177
34178
34211
34178
34183
34184
34213
34180
34181
34182
34183
34182
35396
34185
35397
34184
34185
34186
34219
34186
35400
34221
35401
34188
34191
41479
34189
34192
41480
34190
34195
41481
34196
34199
41482
34192
34193
34194
34195
34194
34211
34197
34212
34196
34197
34198
34203
34198
34215
34205
34216
34200
34203
41483
34201
34204
41484
34202
34207
41485
34208
34243
41486
34204
34205
34206
34207
34206
34227
34209
34228
34208
34209
34210
34247
34210
34231
34232
34249
34212
34213
34214
34215
34214
34219
34217
34220
34216
34217
34218
34227
34218
34223
34224
34229
34220
34221
34222
34223
34222
35572
34225
35573
34224
34225
34226
34235
34226
35576
34237
35577
34228
34229
34230
34231
34230
34235
34233
34236
34232
34233
34234
34264
34234
34239
34240
34266
34236
34237
34238
34239
34238
35588
34241
35589
34240
34241
34242
34272
34242
35592
34274
35593
34244
34247
41487
34245
34248
41488
34246
34251
41489
34252
34255
41490
34248
34249
34250
34251
34250
34264
34253
34265
34252
34253
34254
34258
34254
34268
34260
34269
34256
34258
41491
34257
34259
41492
34262
41493
41494
34259
34260
34261
34262
34261
34280
34263
34281
34263
41496
34284
41498
34265
34266
34267
34268
34267
34272
34270
34273
34269
34270
34271
34280
34271
34276
34277
34282
34273
34274
34275
34276
34275
35636
34278
35637
34277
34278
34279
34286
34279
35640
34288
35641
34281
34282
34283
34284
34283
34286
34285
34287
34285
41499
34290
41500
34287
34288
34289
34290
34289
35652
34291
35653
34291
41501
35656
41502
34293
34294
34295
34296
34295
34300
34298
34301
34297
34298
34299
34308
34299
34304
34305
34310
34301
34302
34303
34304
34303
34324
34306
34325
34305
34306
34307
34316
34307
34328
34318
34329
34309
34310
34311
34312
34311
34316
34314
34317
34313
34314
34315
34356
34315
34320
34321
34358
34317
34318
34319
34320
34319
34340
34322
34341
34321
34322
34323
34364
34323
34344
34345
34366
34325
34326
34327
34328
34327
34332
34330
34333
34329
34330
34331
34340
34331
34336
34337
34342
34333
34334
34335
34336
34335
34420
34338
34421
34337
34338
34339
34348
34339
34424
34350
34425
34341
34342
34343
34344
34343
34348
34346
34349
34345
34346
34347
34388
34347
34352
34353
34390
34349
34350
34351
34352
34351
34436
34354
34437
34353
34354
34355
34396
34355
34440
34398
34441
34357
34358
34359
34360
34359
34364
34362
34365
34361
34362
34363
34372
34363
34368
34369
34374
34365
34366
34367
34368
34367
34388
34370
34389
34369
34370
34371
34380
34371
34392
34382
34393
34373
34374
34375
34376
34375
34380
34378
34381
34377
34378
34379
34548
34379
34384
34385
34550
34381
34382
34383
34384
34383
34404
34386
34405
34385
34386
34387
34556
34387
34408
34409
34558
34389
34390
34391
34392
34391
34396
34394
34397
34393
34394
34395
34404
34395
34400
34401
34406
34397
34398
34399
34400
34399
34484
34402
34485
34401
34402
34403
34412
34403
34488
34414
34489
34405
34406
34407
34408
34407
34412
34410
34413
34409
34410
34411
34580
34411
34416
34417
34582
34413
34414
34415
34416
34415
34500
34418
34501
34417
34418
34419
34588
34419
34504
34505
34590
34421
34422
34423
34424
34423
34428
34426
34429
34425
34426
34427
34436
34427
34432
34433
34438
34429
34430
34431
34432
34431
34452
34434
34453
34433
34434
34435
34444
34435
34456
34446
34457
34437
34438
34439
34440
34439
34444
34442
34445
34441
34442
34443
34484
34443
34448
34449
34486
34445
34446
34447
34448
34447
34468
34450
34469
34449
34450
34451
34492
34451
34472
34473
34494
34453
34454
34455
34456
34455
34460
34458
34461
34457
34458
34459
34468
34459
34464
34465
34470
34461
34462
34463
34464
34463
34804
34466
34805
34465
34466
34467
34476
34467
34808
34478
34809
34469
34470
34471
34472
34471
34476
34474
34477
34473
34474
34475
34516
34475
34480
34481
34518
34477
34478
34479
34480
34479
34820
34482
34821
34481
34482
34483
34524
34483
34824
34526
34825
34485
34486
34487
34488
34487
34492
34490
34493
34489
34490
34491
34500
34491
34496
34497
34502
34493
34494
34495
34496
34495
34516
34498
34517
34497
34498
34499
34508
34499
34520
34510
34521
34501
34502
34503
34504
34503
34508
34506
34509
34505
34506
34507
34676
34507
34512
34513
34678
34509
34510
34511
34512
34511
34532
34514
34533
34513
34514
34515
34684
34515
34536
34537
34686
34517
34518
34519
34520
34519
34524
34522
34525
34521
34522
34523
34532
34523
34528
34529
34534
34525
34526
34527
34528
34527
34868
34530
34869
34529
34530
34531
34540
34531
34872
34542
34873
34533
34534
34535
34536
34535
34540
34538
34541
34537
34538
34539
34708
34539
34544
34545
34710
34541
34542
34543
34544
34543
34884
34546
34885
34545
34546
34547
34716
34547
34888
34718
34889
34549
34550
34551
34552
34551
34556
34554
34557
34553
34554
34555
34564
34555
34560
34561
34566
34557
34558
34559
34560
34559
34580
34562
34581
34561
34562
34563
34572
34563
34584
34574
34585
34565
34566
34567
34568
34567
34572
34570
34573
34569
34570
34571
34612
34571
34576
34577
34614
34573
34574
34575
34576
34575
34596
34578
34597
34577
34578
34579
34620
34579
34600
34601
34622
34581
34582
34583
34584
34583
34588
34586
34589
34585
34586
34587
34596
34587
34592
34593
34598
34589
34590
34591
34592
34591
34676
34594
34677
34593
34594
34595
34604
34595
34680
34606
34681
34597
34598
34599
34600
34599
34604
34602
34605
34601
34602
34603
34644
34603
34608
34609
34646
34605
34606
34607
34608
34607
34692
34610
34693
34609
34610
34611
34652
34611
34696
34654
34697
34613
34614
34615
34616
34615
34620
34618
34621
34617
34618
34619
34628
34619
34624
34625
34630
34621
34622
34623
34624
34623
34644
34626
34645
34625
34626
34627
34636
34627
34648
34638
34649
34629
34630
34631
34632
34631
34636
34634
34637
34633
34634
34635
35316
34635
34640
34641
35318
34637
34638
34639
34640
34639
34660
34642
34661
34641
34642
34643
35324
34643
34664
34665
35326
34645
34646
34647
34648
34647
34652
34650
34653
34649
34650
34651
34660
34651
34656
34657
34662
34653
34654
34655
34656
34655
34740
34658
34741
34657
34658
34659
34668
34659
34744
34670
34745
34661
34662
34663
34664
34663
34668
34666
34669
34665
34666
34667
35348
34667
34672
34673
35350
34669
34670
34671
34672
34671
34756
34674
34757
34673
34674
34675
35356
34675
34760
34761
35358
34677
34678
34679
34680
34679
34684
34682
34685
34681
34682
34683
34692
34683
34688
34689
34694
34685
34686
34687
34688
34687
34708
34690
34709
34689
34690
34691
34700
34691
34712
34702
34713
34693
34694
34695
34696
34695
34700
34698
34701
34697
34698
34699
34740
34699
34704
34705
34742
34701
34702
34703
34704
34703
34724
34706
34725
34705
34706
34707
34748
34707
34728
34729
34750
34709
34710
34711
34712
34711
34716
34714
34717
34713
34714
34715
34724
34715
34720
34721
34726
34717
34718
34719
34720
34719
35060
34722
35061
34721
34722
34723
34732
34723
35064
34734
35065
34725
34726
34727
34728
34727
34732
34730
34733
34729
34730
34731
34772
34731
34736
34737
34774
34733
34734
34735
34736
34735
35076
34738
35077
34737
34738
34739
34780
34739
35080
34782
35081
34741
34742
34743
34744
34743
34748
34746
34749
34745
34746
34747
34756
34747
34752
34753
34758
34749
34750
34751
34752
34751
34772
34754
34773
34753
34754
34755
34764
34755
34776
34766
34777
34757
34758
34759
34760
34759
34764
34762
34765
34761
34762
34763
35444
34763
34768
34769
35446
34765
34766
34767
34768
34767
34788
34770
34789
34769
34770
34771
35452
34771
34792
34793
35454
34773
34774
34775
34776
34775
34780
34778
34781
34777
34778
34779
34788
34779
34784
34785
34790
34781
34782
34783
34784
34783
35124
34786
35125
34785
34786
34787
34796
34787
35128
34798
35129
34789
34790
34791
34792
34791
34796
34794
34797
34793
34794
34795
35476
34795
34800
34801
35478
34797
34798
34799
34800
34799
35140
34802
35141
34801
34802
34803
35484
34803
35144
35145
35486
34805
34806
34807
34808
34807
34812
34810
34813
34809
34810
34811
34820
34811
34816
34817
34822
34813
34814
34815
34816
34815
34836
34818
34837
34817
34818
34819
34828
34819
34840
34830
34841
34821
34822
34823
34824
34823
34828
34826
34829
34825
34826
34827
34868
34827
34832
34833
34870
34829
34830
34831
34832
34831
34852
34834
34853
34833
34834
34835
34876
34835
34856
34857
34878
34837
34838
34839
34840
34839
34844
34842
34845
34841
34842
34843
34852
34843
34848
34849
34854
34845
34846
34847
34848
34847
34932
34850
34933
34849
34850
34851
34860
34851
34936
34862
34937
34853
34854
34855
34856
34855
34860
34858
34861
34857
34858
34859
34900
34859
34864
34865
34902
34861
34862
34863
34864
34863
34948
34866
34949
34865
34866
34867
34908
34867
34952
34910
34953
34869
34870
34871
34872
34871
34876
34874
34877
34873
34874
34875
34884
34875
34880
34881
34886
34877
34878
34879
34880
34879
34900
34882
34901
34881
34882
34883
34892
34883
34904
34894
34905
34885
34886
34887
34888
34887
34892
34890
34893
34889
34890
34891
35060
34891
34896
34897
35062
34893
34894
34895
34896
34895
34916
34898
34917
34897
34898
34899
35068
34899
34920
34921
35070
34901
34902
34903
34904
34903
34908
34906
34909
34905
34906
34907
34916
34907
34912
34913
34918
34909
34910
34911
34912
34911
34996
34914
34997
34913
34914
34915
34924
34915
35000
34926
35001
34917
34918
34919
34920
34919
34924
34922
34925
34921
34922
34923
35092
34923
34928
34929
35094
34925
34926
34927
34928
34927
35012
34930
35013
34929
34930
34931
35100
34931
35016
35017
35102
34933
34934
34935
34936
34935
34940
34938
34941
34937
34938
34939
34948
34939
34944
34945
34950
34941
34942
34943
34944
34943
34964
34946
34965
34945
34946
34947
34956
34947
34968
34958
34969
34949
34950
34951
34952
34951
34956
34954
34957
34953
34954
34955
34996
34955
34960
34961
34998
34957
34958
34959
34960
34959
34980
34962
34981
34961
34962
34963
35004
34963
34984
34985
35006
34965
34966
34967
34968
34967
34972
34970
34973
34969
34970
34971
34980
34971
34976
34977
34982
34973
34974
34975
34976
34975
38847
34978
38848
34977
34978
34979
34988
34979
38851
34990
38852
34981
34982
34983
34984
34983
34988
34986
34989
34985
34986
34987
35028
34987
34992
34993
35030
34989
34990
34991
34992
34991
38863
34994
38864
34993
34994
34995
35036
34995
38867
35038
38868
34997
34998
34999
35000
34999
35004
35002
35005
35001
35002
35003
35012
35003
35008
35009
35014
35005
35006
35007
35008
35007
35028
35010
35029
35009
35010
35011
35020
35011
35032
35022
35033
35013
35014
35015
35016
35015
35020
35018
35021
35017
35018
35019
35188
35019
35024
35025
35190
35021
35022
35023
35024
35023
35044
35026
35045
35025
35026
35027
35196
35027
35048
35049
35198
35029
35030
35031
35032
35031
35036
35034
35037
35033
35034
35035
35044
35035
35040
35041
35046
35037
35038
35039
35040
35039
38911
35042
38912
35041
35042
35043
35052
35043
38915
35054
38916
35045
35046
35047
35048
35047
35052
35050
35053
35049
35050
35051
35220
35051
35056
35057
35222
35053
35054
35055
35056
35055
38927
35058
38928
35057
35058
35059
35228
35059
38931
35230
38932
35061
35062
35063
35064
35063
35068
35066
35069
35065
35066
35067
35076
35067
35072
35073
35078
35069
35070
35071
35072
35071
35092
35074
35093
35073
35074
35075
35084
35075
35096
35086
35097
35077
35078
35079
35080
35079
35084
35082
35085
35081
35082
35083
35124
35083
35088
35089
35126
35085
35086
35087
35088
35087
35108
35090
35109
35089
35090
35091
35132
35091
35112
35113
35134
35093
35094
35095
35096
35095
35100
35098
35101
35097
35098
35099
35108
35099
35104
35105
35110
35101
35102
35103
35104
35103
35188
35106
35189
35105
35106
35107
35116
35107
35192
35118
35193
35109
35110
35111
35112
35111
35116
35114
35117
35113
35114
35115
35156
35115
35120
35121
35158
35117
35118
35119
35120
35119
35204
35122
35205
35121
35122
35123
35164
35123
35208
35166
35209
35125
35126
35127
35128
35127
35132
35130
35133
35129
35130
35131
35140
35131
35136
35137
35142
35133
35134
35135
35136
35135
35156
35138
35157
35137
35138
35139
35148
35139
35160
35150
35161
35141
35142
35143
35144
35143
35148
35146
35149
35145
35146
35147
35812
35147
35152
35153
35814
35149
35150
35151
35152
35151
35172
35154
35173
35153
35154
35155
35820
35155
35176
35177
35822
35157
35158
35159
35160
35159
35164
35162
35165
35161
35162
35163
35172
35163
35168
35169
35174
35165
35166
35167
35168
35167
35252
35170
35253
35169
35170
35171
35180
35171
35256
35182
35257
35173
35174
35175
35176
35175
35180
35178
35181
35177
35178
35179
35844
35179
35184
35185
35846
35181
35182
35183
35184
35183
35268
35186
35269
35185
35186
35187
35852
35187
35272
35273
35854
35189
35190
35191
35192
35191
35196
35194
35197
35193
35194
35195
35204
35195
35200
35201
35206
35197
35198
35199
35200
35199
35220
35202
35221
35201
35202
35203
35212
35203
35224
35214
35225
35205
35206
35207
35208
35207
35212
35210
35213
35209
35210
35211
35252
35211
35216
35217
35254
35213
35214
35215
35216
35215
35236
35218
35237
35217
35218
35219
35260
35219
35240
35241
35262
35221
35222
35223
35224
35223
35228
35226
35229
35225
35226
35227
35236
35227
35232
35233
35238
35229
35230
35231
35232
35231
39103
35234
39104
35233
35234
35235
35244
35235
39107
35246
39108
35237
35238
35239
35240
35239
35244
35242
35245
35241
35242
35243
35284
35243
35248
35249
35286
35245
35246
35247
35248
35247
39119
35250
39120
35249
35250
35251
35292
35251
39123
35294
39124
35253
35254
35255
35256
35255
35260
35258
35261
35257
35258
35259
35268
35259
35264
35265
35270
35261
35262
35263
35264
35263
35284
35266
35285
35265
35266
35267
35276
35267
35288
35278
35289
35269
35270
35271
35272
35271
35276
35274
35277
35273
35274
35275
35940
35275
35280
35281
35942
35277
35278
35279
35280
35279
35300
35282
35301
35281
35282
35283
35948
35283
35304
35305
35950
35285
35286
35287
35288
35287
35292
35290
35293
35289
35290
35291
35300
35291
35296
35297
35302
35293
35294
35295
35296
35295
39167
35298
39168
35297
35298
35299
35308
35299
39171
35310
39172
35301
35302
35303
35304
35303
35308
35306
35309
35305
35306
35307
35972
35307
35312
35313
35974
35309
35310
35311
35312
35311
39183
35314
39184
35313
35314
35315
35980
35315
39187
35982
39188
35317
35318
35319
35320
35319
35324
35322
35325
35321
35322
35323
35332
35323
35328
35329
35334
35325
35326
35327
35328
35327
35348
35330
35349
35329
35330
35331
35340
35331
35352
35342
35353
35333
35334
35335
35336
35335
35340
35338
35341
35337
35338
35339
35380
35339
35344
35345
35382
35341
35342
35343
35344
35343
35364
35346
35365
35345
35346
35347
35388
35347
35368
35369
35390
35349
35350
35351
35352
35351
35356
35354
35357
35353
35354
35355
35364
35355
35360
35361
35366
35357
35358
35359
35360
35359
35444
35362
35445
35361
35362
35363
35372
35363
35448
35374
35449
35365
35366
35367
35368
35367
35372
35370
35373
35369
35370
35371
35412
35371
35376
35377
35414
35373
35374
35375
35376
35375
35460
35378
35461
35377
35378
35379
35420
35379
35464
35422
35465
35381
35382
35383
35384
35383
35388
35386
35389
35385
35386
35387
35396
35387
35392
35393
35398
35389
35390
35391
35392
35391
35412
35394
35413
35393
35394
35395
35404
35395
35416
35406
35417
35397
35398
35399
35400
35399
35404
35402
35405
35401
35402
35403
35572
35403
35408
35409
35574
35405
35406
35407
35408
35407
35428
35410
35429
35409
35410
35411
35580
35411
35432
35433
35582
35413
35414
35415
35416
35415
35420
35418
35421
35417
35418
35419
35428
35419
35424
35425
35430
35421
35422
35423
35424
35423
35508
35426
35509
35425
35426
35427
35436
35427
35512
35438
35513
35429
35430
35431
35432
35431
35436
35434
35437
35433
35434
35435
35604
35435
35440
35441
35606
35437
35438
35439
35440
35439
35524
35442
35525
35441
35442
35443
35612
35443
35528
35529
35614
35445
35446
35447
35448
35447
35452
35450
35453
35449
35450
35451
35460
35451
35456
35457
35462
35453
35454
35455
35456
35455
35476
35458
35477
35457
35458
35459
35468
35459
35480
35470
35481
35461
35462
35463
35464
35463
35468
35466
35469
35465
35466
35467
35508
35467
35472
35473
35510
35469
35470
35471
35472
35471
35492
35474
35493
35473
35474
35475
35516
35475
35496
35497
35518
35477
35478
35479
35480
35479
35484
35482
35485
35481
35482
35483
35492
35483
35488
35489
35494
35485
35486
35487
35488
35487
35812
35490
35813
35489
35490
35491
35500
35491
35816
35502
35817
35493
35494
35495
35496
35495
35500
35498
35501
35497
35498
35499
35540
35499
35504
35505
35542
35501
35502
35503
35504
35503
35828
35506
35829
35505
35506
35507
35548
35507
35832
35550
35833
35509
35510
35511
35512
35511
35516
35514
35517
35513
35514
35515
35524
35515
35520
35521
35526
35517
35518
35519
35520
35519
35540
35522
35541
35521
35522
35523
35532
35523
35544
35534
35545
35525
35526
35527
35528
35527
35532
35530
35533
35529
35530
35531
35692
35531
35536
35537
35694
35533
35534
35535
35536
35535
35556
35538
35557
35537
35538
35539
35700
35539
35560
35561
35702
35541
35542
35543
35544
35543
35548
35546
35549
35545
35546
35547
35556
35547
35552
35553
35558
35549
35550
35551
35552
35551
35876
35554
35877
35553
35554
35555
35564
35555
35880
35566
35881
35557
35558
35559
35560
35559
35564
35562
35565
35561
35562
35563
35724
35563
35568
35569
35726
35565
35566
35567
35568
35567
35892
35570
35893
35569
35570
35571
35732
35571
35896
35734
35897
35573
35574
35575
35576
35575
35580
35578
35581
35577
35578
35579
35588
35579
35584
35585
35590
35581
35582
35583
35584
35583
35604
35586
35605
35585
35586
35587
35596
35587
35608
35598
35609
35589
35590
35591
35592
35591
35596
35594
35597
35593
35594
35595
35636
35595
35600
35601
35638
35597
35598
35599
35600
35599
35620
35602
35621
35601
35602
35603
35644
35603
35624
35625
35646
35605
35606
35607
35608
35607
35612
35610
35613
35609
35610
35611
35620
35611
35616
35617
35622
35613
35614
35615
35616
35615
35692
35618
35693
35617
35618
35619
35628
35619
35696
35630
35697
35621
35622
35623
35624
35623
35628
35626
35629
35625
35626
35627
35664
35627
35632
35633
35666
35629
35630
35631
35632
35631
35708
35634
35709
35633
35634
35635
35672
35635
35712
35674
35713
35637
35638
35639
35640
35639
35644
35642
35645
35641
35642
35643
35652
35643
35648
35649
35654
35645
35646
35647
35648
35647
35664
35650
35665
35649
35650
35651
35658
35651
35668
35660
35669
35653
35654
35655
35656
35655
35658
35657
35659
35657
41503
35662
41504
35659
35660
35661
35662
35661
35680
35663
35681
35663
41505
35684
41506
35665
35666
35667
35668
35667
35672
35670
35673
35669
35670
35671
35680
35671
35676
35677
35682
35673
35674
35675
35676
35675
35756
35678
35757
35677
35678
35679
35686
35679
35760
35688
35761
35681
35682
35683
35684
35683
35686
35685
35687
35685
41507
35690
41508
35687
35688
35689
35690
35689
35772
35691
35773
35691
41509
35776
41510
35693
35694
35695
35696
35695
35700
35698
35701
35697
35698
35699
35708
35699
35704
35705
35710
35701
35702
35703
35704
35703
35724
35706
35725
35705
35706
35707
35716
35707
35728
35718
35729
35709
35710
35711
35712
35711
35716
35714
35717
35713
35714
35715
35756
35715
35720
35721
35758
35717
35718
35719
35720
35719
35740
35722
35741
35721
35722
35723
35764
35723
35744
35745
35766
35725
35726
35727
35728
35727
35732
35730
35733
35729
35730
35731
35740
35731
35736
35737
35742
35733
35734
35735
35736
35735
36068
35738
36069
35737
35738
35739
35748
35739
36072
35750
36073
35741
35742
35743
35744
35743
35748
35746
35749
35745
35746
35747
35784
35747
35752
35753
35786
35749
35750
35751
35752
35751
36084
35754
36085
35753
35754
35755
35792
35755
36088
35794
36089
35757
35758
35759
35760
35759
35764
35762
35765
35761
35762
35763
35772
35763
35768
35769
35774
35765
35766
35767
35768
35767
35784
35770
35785
35769
35770
35771
35778
35771
35788
35780
35789
35773
35774
35775
35776
35775
35778
35777
35779
35777
41511
35782
41512
35779
35780
35781
35782
35781
35800
35783
35801
35783
41513
35804
41514
35785
35786
35787
35788
35787
35792
35790
35793
35789
35790
35791
35800
35791
35796
35797
35802
35793
35794
35795
35796
35795
36132
35798
36133
35797
35798
35799
35806
35799
36136
35808
36137
35801
35802
35803
35804
35803
35806
35805
35807
35805
41515
35810
41516
35807
35808
35809
35810
35809
36148
35811
36149
35811
41517
36152
41518
35813
35814
35815
35816
35815
35820
35818
35821
35817
35818
35819
35828
35819
35824
35825
35830
35821
35822
35823
35824
35823
35844
35826
35845
35825
35826
35827
35836
35827
35848
35838
35849
35829
35830
35831
35832
35831
35836
35834
35837
35833
35834
35835
35876
35835
35840
35841
35878
35837
35838
35839
35840
35839
35860
35842
35861
35841
35842
35843
35884
35843
35864
35865
35886
35845
35846
35847
35848
35847
35852
35850
35853
35849
35850
35851
35860
35851
35856
35857
35862
35853
35854
35855
35856
35855
35940
35858
35941
35857
35858
35859
35868
35859
35944
35870
35945
35861
35862
35863
35864
35863
35868
35866
35869
35865
35866
35867
35908
35867
35872
35873
35910
35869
35870
35871
35872
35871
35956
35874
35957
35873
35874
35875
35916
35875
35960
35918
35961
35877
35878
35879
35880
35879
35884
35882
35885
35881
35882
35883
35892
35883
35888
35889
35894
35885
35886
35887
35888
35887
35908
35890
35909
35889
35890
35891
35900
35891
35912
35902
35913
35893
35894
35895
35896
35895
35900
35898
35901
35897
35898
35899
36068
35899
35904
35905
36070
35901
35902
35903
35904
35903
35924
35906
35925
35905
35906
35907
36076
35907
35928
35929
36078
35909
35910
35911
35912
35911
35916
35914
35917
35913
35914
35915
35924
35915
35920
35921
35926
35917
35918
35919
35920
35919
36004
35922
36005
35921
35922
35923
35932
35923
36008
35934
36009
35925
35926
35927
35928
35927
35932
35930
35933
35929
35930
35931
36100
35931
35936
35937
36102
35933
35934
35935
35936
35935
36020
35938
36021
35937
35938
35939
36108
35939
36024
36025
36110
35941
35942
35943
35944
35943
35948
35946
35949
35945
35946
35947
35956
35947
35952
35953
35958
35949
35950
35951
35952
35951
35972
35954
35973
35953
35954
35955
35964
35955
35976
35966
35977
35957
35958
35959
35960
35959
35964
35962
35965
35961
35962
35963
36004
35963
35968
35969
36006
35965
35966
35967
35968
35967
35988
35970
35989
35969
35970
35971
36012
35971
35992
35993
36014
35973
35974
35975
35976
35975
35980
35978
35981
35977
35978
35979
35988
35979
35984
35985
35990
35981
35982
35983
35984
35983
39871
35986
39872
35985
35986
35987
35996
35987
39875
35998
39876
35989
35990
35991
35992
35991
35996
35994
35997
35993
35994
35995
36036
35995
36000
36001
36038
35997
35998
35999
36000
35999
39887
36002
39888
36001
36002
36003
36044
36003
39891
36046
39892
36005
36006
36007
36008
36007
36012
36010
36013
36009
36010
36011
36020
36011
36016
36017
36022
36013
36014
36015
36016
36015
36036
36018
36037
36017
36018
36019
36028
36019
36040
36030
36041
36021
36022
36023
36024
36023
36028
36026
36029
36025
36026
36027
36188
36027
36032
36033
36190
36029
36030
36031
36032
36031
36052
36034
36053
36033
36034
36035
36196
36035
36056
36057
36198
36037
36038
36039
36040
36039
36044
36042
36045
36041
36042
36043
36052
36043
36048
36049
36054
36045
36046
36047
36048
36047
39935
36050
39936
36049
36050
36051
36060
36051
39939
36062
39940
36053
36054
36055
36056
36055
36060
36058
36061
36057
36058
36059
36220
36059
36064
36065
36222
36061
36062
36063
36064
36063
39951
36066
39952
36065
36066
36067
36228
36067
39955
36230
39956
36069
36070
36071
36072
36071
36076
36074
36077
36073
36074
36075
36084
36075
36080
36081
36086
36077
36078
36079
36080
36079
36100
36082
36101
36081
36082
36083
36092
36083
36104
36094
36105
36085
36086
36087
36088
36087
36092
36090
36093
36089
36090
36091
36132
36091
36096
36097
36134
36093
36094
36095
36096
36095
36116
36098
36117
36097
36098
36099
36140
36099
36120
36121
36142
36101
36102
36103
36104
36103
36108
36106
36109
36105
36106
36107
36116
36107
36112
36113
36118
36109
36110
36111
36112
36111
36188
36114
36189
36113
36114
36115
36124
36115
36192
36126
36193
36117
36118
36119
36120
36119
36124
36122
36125
36121
36122
36123
36160
36123
36128
36129
36162
36125
36126
36127
36128
36127
36204
36130
36205
36129
36130
36131
36168
36131
36208
36170
36209
36133
36134
36135
36136
36135
36140
36138
36141
36137
36138
36139
36148
36139
36144
36145
36150
36141
36142
36143
36144
36143
36160
36146
36161
36145
36146
36147
36154
36147
36164
36156
36165
36149
36150
36151
36152
36151
36154
36153
36155
36153
41519
36158
41520
36155
36156
36157
36158
36157
36176
36159
36177
36159
41521
36180
41522
36161
36162
36163
36164
36163
36168
36166
36169
36165
36166
36167
36176
36167
36172
36173
36178
36169
36170
36171
36172
36171
36252
36174
36253
36173
36174
36175
36182
36175
36256
36184
36257
36177
36178
36179
36180
36179
36182
36181
36183
36181
41523
36186
41524
36183
36184
36185
36186
36185
36268
36187
36269
36187
41525
36272
41526
36189
36190
36191
36192
36191
36196
36194
36197
36193
36194
36195
36204
36195
36200
36201
36206
36197
36198
36199
36200
36199
36220
36202
36221
36201
36202
36203
36212
36203
36224
36214
36225
36205
36206
36207
36208
36207
36212
36210
36213
36209
36210
36211
36252
36211
36216
36217
36254
36213
36214
36215
36216
36215
36236
36218
36237
36217
36218
36219
36260
36219
36240
36241
36262
36221
36222
36223
36224
36223
36228
36226
36229
36225
36226
36227
36236
36227
36232
36233
36238
36229
36230
36231
36232
36231
40127
36234
40128
36233
36234
36235
36244
36235
40131
36246
40132
36237
36238
36239
36240
36239
36244
36242
36245
36241
36242
36243
36280
36243
36248
36249
36282
36245
36246
36247
36248
36247
40143
36250
40144
36249
36250
36251
36288
36251
40147
36290
40148
36253
36254
36255
36256
36255
36260
36258
36261
36257
36258
36259
36268
36259
36264
36265
36270
36261
36262
36263
36264
36263
36280
36266
36281
36265
36266
36267
36274
36267
36284
36276
36285
36269
36270
36271
36272
36271
36274
36273
36275
36273
41527
36278
41528
36275
36276
36277
36278
36277
36296
36279
36297
36279
41529
36300
41530
36281
36282
36283
36284
36283
36288
36286
36289
36285
36286
36287
36296
36287
36292
36293
36298
36289
36290
36291
36292
36291
40191
36294
40192
36293
36294
36295
36302
36295
40195
36304
40196
36297
36298
36299
36300
36299
36302
36301
36303
36301
41531
36306
41532
36303
36304
36305
36306
36305
40207
36307
40208
36307
41533
40211
41534
36309
36310
41409
36312
36314
41536
36311
36312
36313
36320
36313
36316
36317
36322
36315
36316
41537
36318
36336
41538
36317
36318
36319
36328
36319
36338
36330
36339
36321
36322
36323
36324
36323
36328
36326
36329
36325
36326
36327
36364
36327
36332
36333
36366
36329
36330
36331
36332
36331
36348
36334
36349
36333
36334
36335
36372
36335
36352
36353
36374
36337
36338
41539
36340
36342
41540
36339
36340
36341
36348
36341
36344
36345
36350
36343
36344
41541
36346
36428
41542
36345
36346
36347
36356
36347
36430
36358
36431
36349
36350
36351
36352
36351
36356
36354
36357
36353
36354
36355
36396
36355
36360
36361
36398
36357
36358
36359
36360
36359
36440
36362
36441
36361
36362
36363
36404
36363
36444
36406
36445
36365
36366
36367
36368
36367
36372
36370
36373
36369
36370
36371
36380
36371
36376
36377
36382
36373
36374
36375
36376
36375
36396
36378
36397
36377
36378
36379
36388
36379
36400
36390
36401
36381
36382
36383
36384
36383
36388
36386
36389
36385
36386
36387
36548
36387
36392
36393
36550
36389
36390
36391
36392
36391
36412
36394
36413
36393
36394
36395
36556
36395
36416
36417
36558
36397
36398
36399
36400
36399
36404
36402
36405
36401
36402
36403
36412
36403
36408
36409
36414
36405
36406
36407
36408
36407
36484
36410
36485
36409
36410
36411
36420
36411
36488
36422
36489
36413
36414
36415
36416
36415
36420
36418
36421
36417
36418
36419
36580
36419
36424
36425
36582
36421
36422
36423
36424
36423
36500
36426
36501
36425
36426
36427
36588
36427
36504
36505
36590
36429
36430
41543
36432
36434
41544
36431
36432
36433
36440
36433
36436
36437
36442
36435
36436
41545
36438
36456
41546
36437
36438
36439
36448
36439
36458
36450
36459
36441
36442
36443
36444
36443
36448
36446
36449
36445
36446
36447
36484
36447
36452
36453
36486
36449
36450
36451
36452
36451
36468
36454
36469
36453
36454
36455
36492
36455
36472
36473
36494
36457
36458
41547
36460
36462
41548
36459
36460
36461
36468
36461
36464
36465
36470
36463
36464
41549
36466
36845
41550
36465
36466
36467
36476
36467
36847
36478
36848
36469
36470
36471
36472
36471
36476
36474
36477
36473
36474
36475
36516
36475
36480
36481
36518
36477
36478
36479
36480
36479
36857
36482
36858
36481
36482
36483
36524
36483
36861
36526
36862
36485
36486
36487
36488
36487
36492
36490
36493
36489
36490
36491
36500
36491
36496
36497
36502
36493
36494
36495
36496
36495
36516
36498
36517
36497
36498
36499
36508
36499
36520
36510
36521
36501
36502
36503
36504
36503
36508
36506
36509
36505
36506
36507
36717
36507
36512
36513
36719
36509
36510
36511
36512
36511
36532
36514
36533
36513
36514
36515
36725
36515
36536
36537
36727
36517
36518
36519
36520
36519
36524
36522
36525
36521
36522
36523
36532
36523
36528
36529
36534
36525
36526
36527
36528
36527
36901
36530
36902
36529
36530
36531
36540
36531
36905
36542
36906
36533
36534
36535
36536
36535
36540
36538
36541
36537
36538
36539
36749
36539
36544
36545
36751
36541
36542
36543
36544
36543
36917
36546
36918
36545
36546
36547
36757
36547
36921
36759
36922
36549
36550
36551
36552
36551
36556
36554
36557
36553
36554
36555
36564
36555
36560
36561
36566
36557
36558
36559
36560
36559
36580
36562
36581
36561
36562
36563
36572
36563
36584
36574
36585
36565
36566
36567
36568
36567
36572
36570
36573
36569
36570
36571
36612
36571
36576
36577
36614
36573
36574
36575
36576
36575
36596
36578
36597
36577
36578
36579
36620
36579
36600
36601
36622
36581
36582
36583
36584
36583
36588
36586
36589
36585
36586
36587
36596
36587
36592
36593
36598
36589
36590
36591
36592
36591
36717
36594
36718
36593
36594
36595
36604
36595
36721
36606
36722
36597
36598
36599
36600
36599
36604
36602
36605
36601
36602
36603
36685
36603
36608
36609
36687
36605
36606
36607
36608
36607
36733
36610
36734
36609
36610
36611
36693
36611
36737
36695
36738
36613
36614
36615
36616
36615
36620
36618
36621
36617
36618
36619
36628
36631
36619
36624
36625
36638
36641
36621
36622
36623
36624
36623
36685
36626
36686
36625
36626
36627
36660
36627
36689
36661
36690
36629
36631
36630
36632
36633
36634
36632
36638
36633
36639
36635
36640
36635
41422
36636
36646
36637
41552
36647
41553
36639
36641
36640
36643
36645
36646
36642
36643
36643
36644
36660
36645
36645
36652
36660
36648
36647
36648
36649
41554
36649
36653
36650
36654
36651
41555
36663
41556
36653
36655
36660
36654
36657
36659
36663
36656
36657
36660
36657
36658
36662
36659
36659
36662
36671
36665
36661
36662
36701
36671
36674
36702
36664
36665
36666
36667
41557
36666
36672
36669
36673
36668
41558
36669
41559
36670
36679
36680
37367
41560
36672
36674
36673
36676
36678
36679
36675
36676
36676
36677
36705
36678
36678
36681
36705
36682
36680
36682
36684
37373
36682
36683
36706
36684
36684
36706
37375
37376
36686
36687
36688
36689
36688
36693
36691
36694
36690
36691
36692
36701
36692
36697
36698
36703
36694
36695
36696
36697
36696
36781
36699
36782
36698
36699
36700
36709
36700
36785
36711
36786
36702
36703
36704
36705
36704
36709
36707
36710
36706
36707
36708
37414
36708
36713
36714
37416
36710
36711
36712
36713
36712
36797
36715
36798
36714
36715
36716
37422
36716
36801
36802
37424
36718
36719
36720
36721
36720
36725
36723
36726
36722
36723
36724
36733
36724
36729
36730
36735
36726
36727
36728
36729
36728
36749
36731
36750
36730
36731
36732
36741
36732
36753
36743
36754
36734
36735
36736
36737
36736
36741
36739
36742
36738
36739
36740
36781
36740
36745
36746
36783
36742
36743
36744
36745
36744
36765
36747
36766
36746
36747
36748
36789
36748
36769
36770
36791
36750
36751
36752
36753
36752
36757
36755
36758
36754
36755
36756
36765
36756
36761
36762
36767
36758
36759
36760
36761
36760
37085
36763
37086
36762
36763
36764
36773
36764
37089
36775
37090
36766
36767
36768
36769
36768
36773
36771
36774
36770
36771
36772
36813
36772
36777
36778
36815
36774
36775
36776
36777
36776
37101
36779
37102
36778
36779
36780
36821
36780
37105
36823
37106
36782
36783
36784
36785
36784
36789
36787
36790
36786
36787
36788
36797
36788
36793
36794
36799
36790
36791
36792
36793
36792
36813
36795
36814
36794
36795
36796
36805
36796
36817
36807
36818
36798
36799
36800
36801
36800
36805
36803
36806
36802
36803
36804
37510
36804
36809
36810
37512
36806
36807
36808
36809
36808
36829
36811
36830
36810
36811
36812
37518
36812
36833
36834
37520
36814
36815
36816
36817
36816
36821
36819
36822
36818
36819
36820
36829
36820
36825
36826
36831
36822
36823
36824
36825
36824
37149
36827
37150
36826
36827
36828
36837
36828
37153
36839
37154
36830
36831
36832
36833
36832
36837
36835
36838
36834
36835
36836
37542
36836
36841
36842
37544
36838
36839
36840
36841
36840
37165
36843
37166
36842
36843
36844
37550
36844
37169
37170
37552
36846
36847
41551
36849
36851
41562
36848
36849
36850
36857
36850
36853
36854
36859
36852
36853
41563
36855
36873
41564
36854
36855
36856
36865
36856
36875
36867
36876
36858
36859
36860
36861
36860
36865
36863
36866
36862
36863
36864
36901
36864
36869
36870
36903
36866
36867
36868
36869
36868
36885
36871
36886
36870
36871
36872
36909
36872
36889
36890
36911
36874
36875
41565
36877
36879
41566
36876
36877
36878
36885
36878
36881
36882
36887
36880
36881
41567
36883
36965
41568
36882
36883
36884
36893
36884
36967
36895
36968
36886
36887
36888
36889
36888
36893
36891
36894
36890
36891
36892
36933
36892
36897
36898
36935
36894
36895
36896
36897
36896
36977
36899
36978
36898
36899
36900
36941
36900
36981
36943
36982
36902
36903
36904
36905
36904
36909
36907
36910
36906
36907
36908
36917
36908
36913
36914
36919
36910
36911
36912
36913
36912
36933
36915
36934
36914
36915
36916
36925
36916
36937
36927
36938
36918
36919
36920
36921
36920
36925
36923
36926
36922
36923
36924
37085
36924
36929
36930
37087
36926
36927
36928
36929
36928
36949
36931
36950
36930
36931
36932
37093
36932
36953
36954
37095
36934
36935
36936
36937
36936
36941
36939
36942
36938
36939
36940
36949
36940
36945
36946
36951
36942
36943
36944
36945
36944
37021
36947
37022
36946
36947
36948
36957
36948
37025
36959
37026
36950
36951
36952
36953
36952
36957
36955
36958
36954
36955
36956
37117
36956
36961
36962
37119
36958
36959
36960
36961
36960
37037
36963
37038
36962
36963
36964
37125
36964
37041
37042
37127
36966
36967
41569
36969
36971
41570
36968
36969
36970
36977
36970
36973
36974
36979
36972
36973
41571
36975
36993
41572
36974
36975
36976
36985
36976
36995
36987
36996
36978
36979
36980
36981
36980
36985
36983
36986
36982
36983
36984
37021
36984
36989
36990
37023
36986
36987
36988
36989
36988
37005
36991
37006
36990
36991
36992
37029
36992
37009
37010
37031
36994
36995
41573
36997
36999
41574
36996
36997
36998
37005
36998
37001
37002
37007
37000
37001
41575
37003
38406
41576
37002
37003
37004
37013
37004
38408
37015
38409
37006
37007
37008
37009
37008
37013
37011
37014
37010
37011
37012
37053
37012
37017
37018
37055
37014
37015
37016
37017
37016
38418
37019
38419
37018
37019
37020
37061
37020
38422
37063
38423
37022
37023
37024
37025
37024
37029
37027
37030
37026
37027
37028
37037
37028
37033
37034
37039
37030
37031
37032
37033
37032
37053
37035
37054
37034
37035
37036
37045
37036
37057
37047
37058
37038
37039
37040
37041
37040
37045
37043
37046
37042
37043
37044
37213
37044
37049
37050
37215
37046
37047
37048
37049
37048
37069
37051
37070
37050
37051
37052
37221
37052
37073
37074
37223
37054
37055
37056
37057
37056
37061
37059
37062
37058
37059
37060
37069
37060
37065
37066
37071
37062
37063
37064
37065
37064
38455
37067
38456
37066
37067
37068
37077
37068
38459
37079
38460
37070
37071
37072
37073
37072
37077
37075
37078
37074
37075
37076
37245
37076
37081
37082
37247
37078
37079
37080
37081
37080
38471
37083
38472
37082
37083
37084
37253
37084
38475
37255
38476
37086
37087
37088
37089
37088
37093
37091
37094
37090
37091
37092
37101
37092
37097
37098
37103
37094
37095
37096
37097
37096
37117
37099
37118
37098
37099
37100
37109
37100
37121
37111
37122
37102
37103
37104
37105
37104
37109
37107
37110
37106
37107
37108
37149
37108
37113
37114
37151
37110
37111
37112
37113
37112
37133
37115
37134
37114
37115
37116
37157
37116
37137
37138
37159
37118
37119
37120
37121
37120
37125
37123
37126
37122
37123
37124
37133
37124
37129
37130
37135
37126
37127
37128
37129
37128
37213
37131
37214
37130
37131
37132
37141
37132
37217
37143
37218
37134
37135
37136
37137
37136
37141
37139
37142
37138
37139
37140
37181
37140
37145
37146
37183
37142
37143
37144
37145
37144
37229
37147
37230
37146
37147
37148
37189
37148
37233
37191
37234
37150
37151
37152
37153
37152
37157
37155
37158
37154
37155
37156
37165
37156
37161
37162
37167
37158
37159
37160
37161
37160
37181
37163
37182
37162
37163
37164
37173
37164
37185
37175
37186
37166
37167
37168
37169
37168
37173
37171
37174
37170
37171
37172
37894
37172
37177
37178
37896
37174
37175
37176
37177
37176
37197
37179
37198
37178
37179
37180
37902
37180
37201
37202
37904
37182
37183
37184
37185
37184
37189
37187
37190
37186
37187
37188
37197
37188
37193
37194
37199
37190
37191
37192
37193
37192
37277
37195
37278
37194
37195
37196
37205
37196
37281
37207
37282
37198
37199
37200
37201
37200
37205
37203
37206
37202
37203
37204
37926
37204
37209
37210
37928
37206
37207
37208
37209
37208
37293
37211
37294
37210
37211
37212
37934
37212
37297
37298
37936
37214
37215
37216
37217
37216
37221
37219
37222
37218
37219
37220
37229
37220
37225
37226
37231
37222
37223
37224
37225
37224
37245
37227
37246
37226
37227
37228
37237
37228
37249
37239
37250
37230
37231
37232
37233
37232
37237
37235
37238
37234
37235
37236
37277
37236
37241
37242
37279
37238
37239
37240
37241
37240
37261
37243
37262
37242
37243
37244
37285
37244
37265
37266
37287
37246
37247
37248
37249
37248
37253
37251
37254
37250
37251
37252
37261
37252
37257
37258
37263
37254
37255
37256
37257
37256
38511
37259
38512
37258
37259
37260
37269
37260
38515
37271
38516
37262
37263
37264
37265
37264
37269
37267
37270
37266
37267
37268
37309
37268
37273
37274
37311
37270
37271
37272
37273
37272
38527
37275
38528
37274
37275
37276
37317
37276
38531
37319
38532
37278
37279
37280
37281
37280
37285
37283
37286
37282
37283
37284
37293
37284
37289
37290
37295
37286
37287
37288
37289
37288
37309
37291
37310
37290
37291
37292
37301
37292
37313
37303
37314
37294
37295
37296
37297
37296
37301
37299
37302
37298
37299
37300
38022
37300
37305
37306
38024
37302
37303
37304
37305
37304
37325
37307
37326
37306
37307
37308
38030
37308
37329
37330
38032
37310
37311
37312
37313
37312
37317
37315
37318
37314
37315
37316
37325
37316
37321
37322
37327
37318
37319
37320
37321
37320
38567
37323
38568
37322
37323
37324
37333
37324
38571
37335
38572
37326
37327
37328
37329
37328
37333
37331
37334
37330
37331
37332
38054
37332
37337
37338
38056
37334
37335
37336
37337
37336
38583
37339
38584
37338
37339
37340
38062
37340
38587
38064
38588
37342
37370
41585
37355
41584
37346
37347
41431
37345
37353
41578
37346
41579
37350
37354
37349
37350
37349
37351
37398
37352
37352
37357
37352
37358
37398
37359
37354
37355
41580
37356
37357
37356
37387
37361
37389
37359
37361
37359
37362
37400
37364
37361
37363
37388
37395
37364
37363
37364
37400
37364
37395
37366
37368
41582
37369
41581
37368
37373
41561
37371
37374
37370
37371
41583
37372
37387
37372
37379
37381
37391
37374
37376
37378
37379
37376
37377
37414
37378
37378
37382
37414
37383
37381
37383
37381
37384
37390
37396
37386
37383
37385
37415
37386
37385
37386
37396
37386
37415
37389
37391
37389
37392
37395
37394
37391
37393
37396
37394
37393
37394
37395
37394
37396
37397
37406
37397
37418
37408
37419
37399
37400
37401
37402
37401
37406
37404
37407
37403
37404
37405
37446
37405
37410
37411
37448
37407
37408
37409
37410
37409
37430
37412
37431
37411
37412
37413
37454
37413
37434
37435
37456
37415
37416
37417
37418
37417
37422
37420
37423
37419
37420
37421
37430
37421
37426
37427
37432
37423
37424
37425
37426
37425
37510
37428
37511
37427
37428
37429
37438
37429
37514
37440
37515
37431
37432
37433
37434
37433
37438
37436
37439
37435
37436
37437
37478
37437
37442
37443
37480
37439
37440
37441
37442
37441
37526
37444
37527
37443
37444
37445
37486
37445
37530
37488
37531
37447
37448
37449
37450
37449
37454
37452
37455
37451
37452
37453
37462
37453
37458
37459
37464
37455
37456
37457
37458
37457
37478
37460
37479
37459
37460
37461
37470
37461
37482
37472
37483
37463
37464
37465
37466
37465
37470
37468
37471
37467
37468
37469
37638
37469
37474
37475
37640
37471
37472
37473
37474
37473
37494
37476
37495
37475
37476
37477
37646
37477
37498
37499
37648
37479
37480
37481
37482
37481
37486
37484
37487
37483
37484
37485
37494
37485
37490
37491
37496
37487
37488
37489
37490
37489
37574
37492
37575
37491
37492
37493
37502
37493
37578
37504
37579
37495
37496
37497
37498
37497
37502
37500
37503
37499
37500
37501
37670
37501
37506
37507
37672
37503
37504
37505
37506
37505
37590
37508
37591
37507
37508
37509
37678
37509
37594
37595
37680
37511
37512
37513
37514
37513
37518
37516
37519
37515
37516
37517
37526
37517
37522
37523
37528
37519
37520
37521
37522
37521
37542
37524
37543
37523
37524
37525
37534
37525
37546
37536
37547
37527
37528
37529
37530
37529
37534
37532
37535
37531
37532
37533
37574
37533
37538
37539
37576
37535
37536
37537
37538
37537
37558
37540
37559
37539
37540
37541
37582
37541
37562
37563
37584
37543
37544
37545
37546
37545
37550
37548
37551
37547
37548
37549
37558
37549
37554
37555
37560
37551
37552
37553
37554
37553
37894
37556
37895
37555
37556
37557
37566
37557
37898
37568
37899
37559
37560
37561
37562
37561
37566
37564
37567
37563
37564
37565
37606
37565
37570
37571
37608
37567
37568
37569
37570
37569
37910
37572
37911
37571
37572
37573
37614
37573
37914
37616
37915
37575
37576
37577
37578
37577
37582
37580
37583
37579
37580
37581
37590
37581
37586
37587
37592
37583
37584
37585
37586
37585
37606
37588
37607
37587
37588
37589
37598
37589
37610
37600
37611
37591
37592
37593
37594
37593
37598
37596
37599
37595
37596
37597
37766
37597
37602
37603
37768
37599
37600
37601
37602
37601
37622
37604
37623
37603
37604
37605
37774
37605
37626
37627
37776
37607
37608
37609
37610
37609
37614
37612
37615
37611
37612
37613
37622
37613
37618
37619
37624
37615
37616
37617
37618
37617
37958
37620
37959
37619
37620
37621
37630
37621
37962
37632
37963
37623
37624
37625
37626
37625
37630
37628
37631
37627
37628
37629
37798
37629
37634
37635
37800
37631
37632
37633
37634
37633
37974
37636
37975
37635
37636
37637
37806
37637
37978
37808
37979
37639
37640
37641
37642
37641
37646
37644
37647
37643
37644
37645
37654
37645
37650
37651
37656
37647
37648
37649
37650
37649
37670
37652
37671
37651
37652
37653
37662
37653
37674
37664
37675
37655
37656
37657
37658
37657
37662
37660
37663
37659
37660
37661
37702
37661
37666
37667
37704
37663
37664
37665
37666
37665
37686
37668
37687
37667
37668
37669
37710
37669
37690
37691
37712
37671
37672
37673
37674
37673
37678
37676
37679
37675
37676
37677
37686
37677
37682
37683
37688
37679
37680
37681
37682
37681
37766
37684
37767
37683
37684
37685
37694
37685
37770
37696
37771
37687
37688
37689
37690
37689
37694
37692
37695
37691
37692
37693
37734
37693
37698
37699
37736
37695
37696
37697
37698
37697
37782
37700
37783
37699
37700
37701
37742
37701
37786
37744
37787
37703
37704
37705
37706
37705
37710
37708
37711
37707
37708
37709
37718
37709
37714
37715
37720
37711
37712
37713
37714
37713
37734
37716
37735
37715
37716
37717
37726
37717
37738
37728
37739
37719
37720
37721
37722
37721
37726
37724
37727
37723
37724
37725
38847
37725
37730
37731
38849
37727
37728
37729
37730
37729
37750
37732
37751
37731
37732
37733
38855
37733
37754
37755
38857
37735
37736
37737
37738
37737
37742
37740
37743
37739
37740
37741
37750
37741
37746
37747
37752
37743
37744
37745
37746
37745
37830
37748
37831
37747
37748
37749
37758
37749
37834
37760
37835
37751
37752
37753
37754
37753
37758
37756
37759
37755
37756
37757
38879
37757
37762
37763
38881
37759
37760
37761
37762
37761
37846
37764
37847
37763
37764
37765
38887
37765
37850
37851
38889
37767
37768
37769
37770
37769
37774
37772
37775
37771
37772
37773
37782
37773
37778
37779
37784
37775
37776
37777
37778
37777
37798
37780
37799
37779
37780
37781
37790
37781
37802
37792
37803
37783
37784
37785
37786
37785
37790
37788
37791
37787
37788
37789
37830
37789
37794
37795
37832
37791
37792
37793
37794
37793
37814
37796
37815
37795
37796
37797
37838
37797
37818
37819
37840
37799
37800
37801
37802
37801
37806
37804
37807
37803
37804
37805
37814
37805
37810
37811
37816
37807
37808
37809
37810
37809
38150
37812
38151
37811
37812
37813
37822
37813
38154
37824
38155
37815
37816
37817
37818
37817
37822
37820
37823
37819
37820
37821
37862
37821
37826
37827
37864
37823
37824
37825
37826
37825
38166
37828
38167
37827
37828
37829
37870
37829
38170
37872
38171
37831
37832
37833
37834
37833
37838
37836
37839
37835
37836
37837
37846
37837
37842
37843
37848
37839
37840
37841
37842
37841
37862
37844
37863
37843
37844
37845
37854
37845
37866
37856
37867
37847
37848
37849
37850
37849
37854
37852
37855
37851
37852
37853
38975
37853
37858
37859
38977
37855
37856
37857
37858
37857
37878
37860
37879
37859
37860
37861
38983
37861
37882
37883
38985
37863
37864
37865
37866
37865
37870
37868
37871
37867
37868
37869
37878
37869
37874
37875
37880
37871
37872
37873
37874
37873
38214
37876
38215
37875
37876
37877
37886
37877
38218
37888
38219
37879
37880
37881
37882
37881
37886
37884
37887
37883
37884
37885
39007
37885
37890
37891
39009
37887
37888
37889
37890
37889
38230
37892
38231
37891
37892
37893
39015
37893
38234
38235
39017
37895
37896
37897
37898
37897
37902
37900
37903
37899
37900
37901
37910
37901
37906
37907
37912
37903
37904
37905
37906
37905
37926
37908
37927
37907
37908
37909
37918
37909
37930
37920
37931
37911
37912
37913
37914
37913
37918
37916
37919
37915
37916
37917
37958
37917
37922
37923
37960
37919
37920
37921
37922
37921
37942
37924
37943
37923
37924
37925
37966
37925
37946
37947
37968
37927
37928
37929
37930
37929
37934
37932
37935
37931
37932
37933
37942
37933
37938
37939
37944
37935
37936
37937
37938
37937
38022
37940
38023
37939
37940
37941
37950
37941
38026
37952
38027
37943
37944
37945
37946
37945
37950
37948
37951
37947
37948
37949
37990
37949
37954
37955
37992
37951
37952
37953
37954
37953
38038
37956
38039
37955
37956
37957
37998
37957
38042
38000
38043
37959
37960
37961
37962
37961
37966
37964
37967
37963
37964
37965
37974
37965
37970
37971
37976
37967
37968
37969
37970
37969
37990
37972
37991
37971
37972
37973
37982
37973
37994
37984
37995
37975
37976
37977
37978
37977
37982
37980
37983
37979
37980
37981
38150
37981
37986
37987
38152
37983
37984
37985
37986
37985
38006
37988
38007
37987
37988
37989
38158
37989
38010
38011
38160
37991
37992
37993
37994
37993
37998
37996
37999
37995
37996
37997
38006
37997
38002
38003
38008
37999
38000
38001
38002
38001
38086
38004
38087
38003
38004
38005
38014
38005
38090
38016
38091
38007
38008
38009
38010
38009
38014
38012
38015
38011
38012
38013
38182
38013
38018
38019
38184
38015
38016
38017
38018
38017
38102
38020
38103
38019
38020
38021
38190
38021
38106
38107
38192
38023
38024
38025
38026
38025
38030
38028
38031
38027
38028
38029
38038
38029
38034
38035
38040
38031
38032
38033
38034
38033
38054
38036
38055
38035
38036
38037
38046
38037
38058
38048
38059
38039
38040
38041
38042
38041
38046
38044
38047
38043
38044
38045
38086
38045
38050
38051
38088
38047
38048
38049
38050
38049
38070
38052
38071
38051
38052
38053
38094
38053
38074
38075
38096
38055
38056
38057
38058
38057
38062
38060
38063
38059
38060
38061
38070
38061
38066
38067
38072
38063
38064
38065
38066
38065
38623
38068
38624
38067
38068
38069
38078
38069
38627
38080
38628
38071
38072
38073
38074
38073
38078
38076
38079
38075
38076
38077
38118
38077
38082
38083
38120
38079
38080
38081
38082
38081
38639
38084
38640
38083
38084
38085
38126
38085
38643
38128
38644
38087
38088
38089
38090
38089
38094
38092
38095
38091
38092
38093
38102
38093
38098
38099
38104
38095
38096
38097
38098
38097
38118
38100
38119
38099
38100
38101
38110
38101
38122
38112
38123
38103
38104
38105
38106
38105
38110
38108
38111
38107
38108
38109
38278
38109
38114
38115
38280
38111
38112
38113
38114
38113
38134
38116
38135
38115
38116
38117
38286
38117
38138
38139
38288
38119
38120
38121
38122
38121
38126
38124
38127
38123
38124
38125
38134
38125
38130
38131
38136
38127
38128
38129
38130
38129
38679
38132
38680
38131
38132
38133
38142
38133
38683
38144
38684
38135
38136
38137
38138
38137
38142
38140
38143
38139
38140
38141
38310
38141
38146
38147
38312
38143
38144
38145
38146
38145
38695
38148
38696
38147
38148
38149
38318
38149
38699
38320
38700
38151
38152
38153
38154
38153
38158
38156
38159
38155
38156
38157
38166
38157
38162
38163
38168
38159
38160
38161
38162
38161
38182
38164
38183
38163
38164
38165
38174
38165
38186
38176
38187
38167
38168
38169
38170
38169
38174
38172
38175
38171
38172
38173
38214
38173
38178
38179
38216
38175
38176
38177
38178
38177
38198
38180
38199
38179
38180
38181
38222
38181
38202
38203
38224
38183
38184
38185
38186
38185
38190
38188
38191
38187
38188
38189
38198
38189
38194
38195
38200
38191
38192
38193
38194
38193
38278
38196
38279
38195
38196
38197
38206
38197
38282
38208
38283
38199
38200
38201
38202
38201
38206
38204
38207
38203
38204
38205
38246
38205
38210
38211
38248
38207
38208
38209
38210
38209
38294
38212
38295
38211
38212
38213
38254
38213
38298
38256
38299
38215
38216
38217
38218
38217
38222
38220
38223
38219
38220
38221
38230
38221
38226
38227
38232
38223
38224
38225
38226
38225
38246
38228
38247
38227
38228
38229
38238
38229
38250
38240
38251
38231
38232
38233
38234
38233
38238
38236
38239
38235
38236
38237
39359
38237
38242
38243
39361
38239
38240
38241
38242
38241
38262
38244
38263
38243
38244
38245
39367
38245
38266
38267
39369
38247
38248
38249
38250
38249
38254
38252
38255
38251
38252
38253
38262
38253
38258
38259
38264
38255
38256
38257
38258
38257
38342
38260
38343
38259
38260
38261
38270
38261
38346
38272
38347
38263
38264
38265
38266
38265
38270
38268
38271
38267
38268
38269
39391
38269
38274
38275
39393
38271
38272
38273
38274
38273
38358
38276
38359
38275
38276
38277
39399
38277
38362
38363
39401
38279
38280
38281
38282
38281
38286
38284
38287
38283
38284
38285
38294
38285
38290
38291
38296
38287
38288
38289
38290
38289
38310
38292
38311
38291
38292
38293
38302
38293
38314
38304
38315
38295
38296
38297
38298
38297
38302
38300
38303
38299
38300
38301
38342
38301
38306
38307
38344
38303
38304
38305
38306
38305
38326
38308
38327
38307
38308
38309
38350
38309
38330
38331
38352
38311
38312
38313
38314
38313
38318
38316
38319
38315
38316
38317
38326
38317
38322
38323
38328
38319
38320
38321
38322
38321
38735
38324
38736
38323
38324
38325
38334
38325
38739
38336
38740
38327
38328
38329
38330
38329
38334
38332
38335
38331
38332
38333
38374
38333
38338
38339
38376
38335
38336
38337
38338
38337
38751
38340
38752
38339
38340
38341
38382
38341
38755
38384
38756
38343
38344
38345
38346
38345
38350
38348
38351
38347
38348
38349
38358
38349
38354
38355
38360
38351
38352
38353
38354
38353
38374
38356
38375
38355
38356
38357
38366
38357
38378
38368
38379
38359
38360
38361
38362
38361
38366
38364
38367
38363
38364
38365
39487
38365
38370
38371
39489
38367
38368
38369
38370
38369
38390
38372
38391
38371
38372
38373
39495
38373
38394
38395
39497
38375
38376
38377
38378
38377
38382
38380
38383
38379
38380
38381
38390
38381
38386
38387
38392
38383
38384
38385
38386
38385
38791
38388
38792
38387
38388
38389
38398
38389
38795
38400
38796
38391
38392
38393
38394
38393
38398
38396
38399
38395
38396
38397
39519
38397
38402
38403
39521
38399
38400
38401
38402
38401
38807
38404
38808
38403
38404
38405
39527
38405
38811
38812
39529
38407
38408
41577
38410
38412
41586
38409
38410
38411
38418
38411
38414
38415
38420
38413
38414
41587
38416
38434
41588
38415
38416
38417
38426
38417
38436
38428
38437
38419
38420
38421
38422
38421
38426
38424
38427
38423
38424
38425
38455
38425
38430
38431
38457
38427
38428
38429
38430
38429
38443
38432
38444
38431
38432
38433
38463
38433
38447
38448
38465
38435
38436
41589
38438
38440
41590
38437
38438
38439
38443
38439
38441
38442
38445
38441
41591
41592
38442
41594
38451
41596
38444
38445
38446
38447
38446
38451
38449
38452
38448
38449
38450
38487
38450
38453
38454
38489
38452
41597
38453
41598
38454
41599
38495
41600
38456
38457
38458
38459
38458
38463
38461
38464
38460
38461
38462
38471
38462
38467
38468
38473
38464
38465
38466
38467
38466
38487
38469
38488
38468
38469
38470
38479
38470
38491
38481
38492
38472
38473
38474
38475
38474
38479
38477
38480
38476
38477
38478
38511
38478
38483
38484
38513
38480
38481
38482
38483
38482
38499
38485
38500
38484
38485
38486
38519
38486
38503
38504
38521
38488
38489
38490
38491
38490
38495
38493
38496
38492
38493
38494
38499
38494
38497
38498
38501
38496
41601
38497
41602
38498
41603
38507
41604
38500
38501
38502
38503
38502
38507
38505
38508
38504
38505
38506
38543
38506
38509
38510
38545
38508
41605
38509
41606
38510
41607
38551
41608
38512
38513
38514
38515
38514
38519
38517
38520
38516
38517
38518
38527
38518
38523
38524
38529
38520
38521
38522
38523
38522
38543
38525
38544
38524
38525
38526
38535
38526
38547
38537
38548
38528
38529
38530
38531
38530
38535
38533
38536
38532
38533
38534
38567
38534
38539
38540
38569
38536
38537
38538
38539
38538
38555
38541
38556
38540
38541
38542
38575
38542
38559
38560
38577
38544
38545
38546
38547
38546
38551
38549
38552
38548
38549
38550
38555
38550
38553
38554
38557
38552
41609
38553
41610
38554
41611
38563
41612
38556
38557
38558
38559
38558
38563
38561
38564
38560
38561
38562
38599
38562
38565
38566
38601
38564
41613
38565
41614
38566
41615
38607
41616
38568
38569
38570
38571
38570
38575
38573
38576
38572
38573
38574
38583
38574
38579
38580
38585
38576
38577
38578
38579
38578
38599
38581
38600
38580
38581
38582
38591
38582
38603
38593
38604
38584
38585
38586
38587
38586
38591
38589
38592
38588
38589
38590
38623
38590
38595
38596
38625
38592
38593
38594
38595
38594
38611
38597
38612
38596
38597
38598
38631
38598
38615
38616
38633
38600
38601
38602
38603
38602
38607
38605
38608
38604
38605
38606
38611
38606
38609
38610
38613
38608
41617
38609
41618
38610
41619
38619
41620
38612
38613
38614
38615
38614
38619
38617
38620
38616
38617
38618
38655
38618
38621
38622
38657
38620
41621
38621
41622
38622
41623
38663
41624
38624
38625
38626
38627
38626
38631
38629
38632
38628
38629
38630
38639
38630
38635
38636
38641
38632
38633
38634
38635
38634
38655
38637
38656
38636
38637
38638
38647
38638
38659
38649
38660
38640
38641
38642
38643
38642
38647
38645
38648
38644
38645
38646
38679
38646
38651
38652
38681
38648
38649
38650
38651
38650
38667
38653
38668
38652
38653
38654
38687
38654
38671
38672
38689
38656
38657
38658
38659
38658
38663
38661
38664
38660
38661
38662
38667
38662
38665
38666
38669
38664
41625
38665
41626
38666
41627
38675
41628
38668
38669
38670
38671
38670
38675
38673
38676
38672
38673
38674
38711
38674
38677
38678
38713
38676
41629
38677
41630
38678
41631
38719
41632
38680
38681
38682
38683
38682
38687
38685
38688
38684
38685
38686
38695
38686
38691
38692
38697
38688
38689
38690
38691
38690
38711
38693
38712
38692
38693
38694
38703
38694
38715
38705
38716
38696
38697
38698
38699
38698
38703
38701
38704
38700
38701
38702
38735
38702
38707
38708
38737
38704
38705
38706
38707
38706
38723
38709
38724
38708
38709
38710
38743
38710
38727
38728
38745
38712
38713
38714
38715
38714
38719
38717
38720
38716
38717
38718
38723
38718
38721
38722
38725
38720
41633
38721
41634
38722
41635
38731
41636
38724
38725
38726
38727
38726
38731
38729
38732
38728
38729
38730
38767
38730
38733
38734
38769
38732
41637
38733
41638
38734
41639
38775
41640
38736
38737
38738
38739
38738
38743
38741
38744
38740
38741
38742
38751
38742
38747
38748
38753
38744
38745
38746
38747
38746
38767
38749
38768
38748
38749
38750
38759
38750
38771
38761
38772
38752
38753
38754
38755
38754
38759
38757
38760
38756
38757
38758
38791
38758
38763
38764
38793
38760
38761
38762
38763
38762
38779
38765
38780
38764
38765
38766
38799
38766
38783
38784
38801
38768
38769
38770
38771
38770
38775
38773
38776
38772
38773
38774
38779
38774
38777
38778
38781
38776
41641
38777
41642
38778
41643
38787
41644
38780
38781
38782
38783
38782
38787
38785
38788
38784
38785
38786
38823
38786
38789
38790
38825
38788
41645
38789
41646
38790
41647
38831
41648
38792
38793
38794
38795
38794
38799
38797
38800
38796
38797
38798
38807
38798
38803
38804
38809
38800
38801
38802
38803
38802
38823
38805
38824
38804
38805
38806
38815
38806
38827
38817
38828
38808
38809
38810
38811
38810
38815
38813
38816
38812
38813
38814
40863
38814
38819
38820
40865
38816
38817
38818
38819
38818
38835
38821
38836
38820
38821
38822
40871
38822
38839
38840
40873
38824
38825
38826
38827
38826
38831
38829
38832
38828
38829
38830
38835
38830
38833
38834
38837
38832
41649
38833
41650
38834
41651
38843
41652
38836
38837
38838
38839
38838
38843
38841
38844
38840
38841
38842
40895
38842
38845
38846
40897
38844
41653
38845
41654
38846
41655
40903
41656
38848
38849
38850
38851
38850
38855
38853
38856
38852
38853
38854
38863
38854
38859
38860
38865
38856
38857
38858
38859
38858
38879
38861
38880
38860
38861
38862
38871
38862
38883
38873
38884
38864
38865
38866
38867
38866
38871
38869
38872
38868
38869
38870
38911
38870
38875
38876
38913
38872
38873
38874
38875
38874
38895
38877
38896
38876
38877
38878
38919
38878
38899
38900
38921
38880
38881
38882
38883
38882
38887
38885
38888
38884
38885
38886
38895
38886
38891
38892
38897
38888
38889
38890
38891
38890
38975
38893
38976
38892
38893
38894
38903
38894
38979
38905
38980
38896
38897
38898
38899
38898
38903
38901
38904
38900
38901
38902
38943
38902
38907
38908
38945
38904
38905
38906
38907
38906
38991
38909
38992
38908
38909
38910
38951
38910
38995
38953
38996
38912
38913
38914
38915
38914
38919
38917
38920
38916
38917
38918
38927
38918
38923
38924
38929
38920
38921
38922
38923
38922
38943
38925
38944
38924
38925
38926
38935
38926
38947
38937
38948
38928
38929
38930
38931
38930
38935
38933
38936
38932
38933
38934
39103
38934
38939
38940
39105
38936
38937
38938
38939
38938
38959
38941
38960
38940
38941
38942
39111
38942
38963
38964
39113
38944
38945
38946
38947
38946
38951
38949
38952
38948
38949
38950
38959
38950
38955
38956
38961
38952
38953
38954
38955
38954
39039
38957
39040
38956
38957
38958
38967
38958
39043
38969
39044
38960
38961
38962
38963
38962
38967
38965
38968
38964
38965
38966
39135
38966
38971
38972
39137
38968
38969
38970
38971
38970
39055
38973
39056
38972
38973
38974
39143
38974
39059
39060
39145
38976
38977
38978
38979
38978
38983
38981
38984
38980
38981
38982
38991
38982
38987
38988
38993
38984
38985
38986
38987
38986
39007
38989
39008
38988
38989
38990
38999
38990
39011
39001
39012
38992
38993
38994
38995
38994
38999
38997
39000
38996
38997
38998
39039
38998
39003
39004
39041
39000
39001
39002
39003
39002
39023
39005
39024
39004
39005
39006
39047
39006
39027
39028
39049
39008
39009
39010
39011
39010
39015
39013
39016
39012
39013
39014
39023
39014
39019
39020
39025
39016
39017
39018
39019
39018
39359
39021
39360
39020
39021
39022
39031
39022
39363
39033
39364
39024
39025
39026
39027
39026
39031
39029
39032
39028
39029
39030
39071
39030
39035
39036
39073
39032
39033
39034
39035
39034
39375
39037
39376
39036
39037
39038
39079
39038
39379
39081
39380
39040
39041
39042
39043
39042
39047
39045
39048
39044
39045
39046
39055
39046
39051
39052
39057
39048
39049
39050
39051
39050
39071
39053
39072
39052
39053
39054
39063
39054
39075
39065
39076
39056
39057
39058
39059
39058
39063
39061
39064
39060
39061
39062
39231
39062
39067
39068
39233
39064
39065
39066
39067
39066
39087
39069
39088
39068
39069
39070
39239
39070
39091
39092
39241
39072
39073
39074
39075
39074
39079
39077
39080
39076
39077
39078
39087
39078
39083
39084
39089
39080
39081
39082
39083
39082
39423
39085
39424
39084
39085
39086
39095
39086
39427
39097
39428
39088
39089
39090
39091
39090
39095
39093
39096
39092
39093
39094
39263
39094
39099
39100
39265
39096
39097
39098
39099
39098
39439
39101
39440
39100
39101
39102
39271
39102
39443
39273
39444
39104
39105
39106
39107
39106
39111
39109
39112
39108
39109
39110
39119
39110
39115
39116
39121
39112
39113
39114
39115
39114
39135
39117
39136
39116
39117
39118
39127
39118
39139
39129
39140
39120
39121
39122
39123
39122
39127
39125
39128
39124
39125
39126
39167
39126
39131
39132
39169
39128
39129
39130
39131
39130
39151
39133
39152
39132
39133
39134
39175
39134
39155
39156
39177
39136
39137
39138
39139
39138
39143
39141
39144
39140
39141
39142
39151
39142
39147
39148
39153
39144
39145
39146
39147
39146
39231
39149
39232
39148
39149
39150
39159
39150
39235
39161
39236
39152
39153
39154
39155
39154
39159
39157
39160
39156
39157
39158
39199
39158
39163
39164
39201
39160
39161
39162
39163
39162
39247
39165
39248
39164
39165
39166
39207
39166
39251
39209
39252
39168
39169
39170
39171
39170
39175
39173
39176
39172
39173
39174
39183
39174
39179
39180
39185
39176
39177
39178
39179
39178
39199
39181
39200
39180
39181
39182
39191
39182
39203
39193
39204
39184
39185
39186
39187
39186
39191
39189
39192
39188
39189
39190
39871
39190
39195
39196
39873
39192
39193
39194
39195
39194
39215
39197
39216
39196
39197
39198
39879
39198
39219
39220
39881
39200
39201
39202
39203
39202
39207
39205
39208
39204
39205
39206
39215
39206
39211
39212
39217
39208
39209
39210
39211
39210
39295
39213
39296
39212
39213
39214
39223
39214
39299
39225
39300
39216
39217
39218
39219
39218
39223
39221
39224
39220
39221
39222
39903
39222
39227
39228
39905
39224
39225
39226
39227
39226
39311
39229
39312
39228
39229
39230
39911
39230
39315
39316
39913
39232
39233
39234
39235
39234
39239
39237
39240
39236
39237
39238
39247
39238
39243
39244
39249
39240
39241
39242
39243
39242
39263
39245
39264
39244
39245
39246
39255
39246
39267
39257
39268
39248
39249
39250
39251
39250
39255
39253
39256
39252
39253
39254
39295
39254
39259
39260
39297
39256
39257
39258
39259
39258
39279
39261
39280
39260
39261
39262
39303
39262
39283
39284
39305
39264
39265
39266
39267
39266
39271
39269
39272
39268
39269
39270
39279
39270
39275
39276
39281
39272
39273
39274
39275
39274
39615
39277
39616
39276
39277
39278
39287
39278
39619
39289
39620
39280
39281
39282
39283
39282
39287
39285
39288
39284
39285
39286
39327
39286
39291
39292
39329
39288
39289
39290
39291
39290
39631
39293
39632
39292
39293
39294
39335
39294
39635
39337
39636
39296
39297
39298
39299
39298
39303
39301
39304
39300
39301
39302
39311
39302
39307
39308
39313
39304
39305
39306
39307
39306
39327
39309
39328
39308
39309
39310
39319
39310
39331
39321
39332
39312
39313
39314
39315
39314
39319
39317
39320
39316
39317
39318
39999
39318
39323
39324
40001
39320
39321
39322
39323
39322
39343
39325
39344
39324
39325
39326
40007
39326
39347
39348
40009
39328
39329
39330
39331
39330
39335
39333
39336
39332
39333
39334
39343
39334
39339
39340
39345
39336
39337
39338
39339
39338
39679
39341
39680
39340
39341
39342
39351
39342
39683
39353
39684
39344
39345
39346
39347
39346
39351
39349
39352
39348
39349
39350
40031
39350
39355
39356
40033
39352
39353
39354
39355
39354
39695
39357
39696
39356
39357
39358
40039
39358
39699
39700
40041
39360
39361
39362
39363
39362
39367
39365
39368
39364
39365
39366
39375
39366
39371
39372
39377
39368
39369
39370
39371
39370
39391
39373
39392
39372
39373
39374
39383
39374
39395
39385
39396
39376
39377
39378
39379
39378
39383
39381
39384
39380
39381
39382
39423
39382
39387
39388
39425
39384
39385
39386
39387
39386
39407
39389
39408
39388
39389
39390
39431
39390
39411
39412
39433
39392
39393
39394
39395
39394
39399
39397
39400
39396
39397
39398
39407
39398
39403
39404
39409
39400
39401
39402
39403
39402
39487
39405
39488
39404
39405
39406
39415
39406
39491
39417
39492
39408
39409
39410
39411
39410
39415
39413
39416
39412
39413
39414
39455
39414
39419
39420
39457
39416
39417
39418
39419
39418
39503
39421
39504
39420
39421
39422
39463
39422
39507
39465
39508
39424
39425
39426
39427
39426
39431
39429
39432
39428
39429
39430
39439
39430
39435
39436
39441
39432
39433
39434
39435
39434
39455
39437
39456
39436
39437
39438
39447
39438
39459
39449
39460
39440
39441
39442
39443
39442
39447
39445
39448
39444
39445
39446
39615
39446
39451
39452
39617
39448
39449
39450
39451
39450
39471
39453
39472
39452
39453
39454
39623
39454
39475
39476
39625
39456
39457
39458
39459
39458
39463
39461
39464
39460
39461
39462
39471
39462
39467
39468
39473
39464
39465
39466
39467
39466
39551
39469
39552
39468
39469
39470
39479
39470
39555
39481
39556
39472
39473
39474
39475
39474
39479
39477
39480
39476
39477
39478
39647
39478
39483
39484
39649
39480
39481
39482
39483
39482
39567
39485
39568
39484
39485
39486
39655
39486
39571
39572
39657
39488
39489
39490
39491
39490
39495
39493
39496
39492
39493
39494
39503
39494
39499
39500
39505
39496
39497
39498
39499
39498
39519
39501
39520
39500
39501
39502
39511
39502
39523
39513
39524
39504
39505
39506
39507
39506
39511
39509
39512
39508
39509
39510
39551
39510
39515
39516
39553
39512
39513
39514
39515
39514
39535
39517
39536
39516
39517
39518
39559
39518
39539
39540
39561
39520
39521
39522
39523
39522
39527
39525
39528
39524
39525
39526
39535
39526
39531
39532
39537
39528
39529
39530
39531
39530
40863
39533
40864
39532
39533
39534
39543
39534
40867
39545
40868
39536
39537
39538
39539
39538
39543
39541
39544
39540
39541
39542
39583
39542
39547
39548
39585
39544
39545
39546
39547
39546
40879
39549
40880
39548
39549
39550
39591
39550
40883
39593
40884
39552
39553
39554
39555
39554
39559
39557
39560
39556
39557
39558
39567
39558
39563
39564
39569
39560
39561
39562
39563
39562
39583
39565
39584
39564
39565
39566
39575
39566
39587
39577
39588
39568
39569
39570
39571
39570
39575
39573
39576
39572
39573
39574
39743
39574
39579
39580
39745
39576
39577
39578
39579
39578
39599
39581
39600
39580
39581
39582
39751
39582
39603
39604
39753
39584
39585
39586
39587
39586
39591
39589
39592
39588
39589
39590
39599
39590
39595
39596
39601
39592
39593
39594
39595
39594
40919
39597
40920
39596
39597
39598
39607
39598
40923
39609
40924
39600
39601
39602
39603
39602
39607
39605
39608
39604
39605
39606
39775
39606
39611
39612
39777
39608
39609
39610
39611
39610
40935
39613
40936
39612
39613
39614
39783
39614
40939
39785
40940
39616
39617
39618
39619
39618
39623
39621
39624
39620
39621
39622
39631
39622
39627
39628
39633
39624
39625
39626
39627
39626
39647
39629
39648
39628
39629
39630
39639
39630
39651
39641
39652
39632
39633
39634
39635
39634
39639
39637
39640
39636
39637
39638
39679
39638
39643
39644
39681
39640
39641
39642
39643
39642
39663
39645
39664
39644
39645
39646
39687
39646
39667
39668
39689
39648
39649
39650
39651
39650
39655
39653
39656
39652
39653
39654
39663
39654
39659
39660
39665
39656
39657
39658
39659
39658
39743
39661
39744
39660
39661
39662
39671
39662
39747
39673
39748
39664
39665
39666
39667
39666
39671
39669
39672
39668
39669
39670
39711
39670
39675
39676
39713
39672
39673
39674
39675
39674
39759
39677
39760
39676
39677
39678
39719
39678
39763
39721
39764
39680
39681
39682
39683
39682
39687
39685
39688
39684
39685
39686
39695
39686
39691
39692
39697
39688
39689
39690
39691
39690
39711
39693
39712
39692
39693
39694
39703
39694
39715
39705
39716
39696
39697
39698
39699
39698
39703
39701
39704
39700
39701
39702
40367
39702
39707
39708
40369
39704
39705
39706
39707
39706
39727
39709
39728
39708
39709
39710
40375
39710
39731
39732
40377
39712
39713
39714
39715
39714
39719
39717
39720
39716
39717
39718
39727
39718
39723
39724
39729
39720
39721
39722
39723
39722
39807
39725
39808
39724
39725
39726
39735
39726
39811
39737
39812
39728
39729
39730
39731
39730
39735
39733
39736
39732
39733
39734
40399
39734
39739
39740
40401
39736
39737
39738
39739
39738
39823
39741
39824
39740
39741
39742
40407
39742
39827
39828
40409
39744
39745
39746
39747
39746
39751
39749
39752
39748
39749
39750
39759
39750
39755
39756
39761
39752
39753
39754
39755
39754
39775
39757
39776
39756
39757
39758
39767
39758
39779
39769
39780
39760
39761
39762
39763
39762
39767
39765
39768
39764
39765
39766
39807
39766
39771
39772
39809
39768
39769
39770
39771
39770
39791
39773
39792
39772
39773
39774
39815
39774
39795
39796
39817
39776
39777
39778
39779
39778
39783
39781
39784
39780
39781
39782
39791
39782
39787
39788
39793
39784
39785
39786
39787
39786
40975
39789
40976
39788
39789
39790
39799
39790
40979
39801
40980
39792
39793
39794
39795
39794
39799
39797
39800
39796
39797
39798
39839
39798
39803
39804
39841
39800
39801
39802
39803
39802
40991
39805
40992
39804
39805
39806
39847
39806
40995
39849
40996
39808
39809
39810
39811
39810
39815
39813
39816
39812
39813
39814
39823
39814
39819
39820
39825
39816
39817
39818
39819
39818
39839
39821
39840
39820
39821
39822
39831
39822
39843
39833
39844
39824
39825
39826
39827
39826
39831
39829
39832
39828
39829
39830
40495
39830
39835
39836
40497
39832
39833
39834
39835
39834
39855
39837
39856
39836
39837
39838
40503
39838
39859
39860
40505
39840
39841
39842
39843
39842
39847
39845
39848
39844
39845
39846
39855
39846
39851
39852
39857
39848
39849
39850
39851
39850
41031
39853
41032
39852
39853
39854
39863
39854
41035
39865
41036
39856
39857
39858
39859
39858
39863
39861
39864
39860
39861
39862
40527
39862
39867
39868
40529
39864
39865
39866
39867
39866
41047
39869
41048
39868
39869
39870
40535
39870
41051
40537
41052
39872
39873
39874
39875
39874
39879
39877
39880
39876
39877
39878
39887
39878
39883
39884
39889
39880
39881
39882
39883
39882
39903
39885
39904
39884
39885
39886
39895
39886
39907
39897
39908
39888
39889
39890
39891
39890
39895
39893
39896
39892
39893
39894
39935
39894
39899
39900
39937
39896
39897
39898
39899
39898
39919
39901
39920
39900
39901
39902
39943
39902
39923
39924
39945
39904
39905
39906
39907
39906
39911
39909
39912
39908
39909
39910
39919
39910
39915
39916
39921
39912
39913
39914
39915
39914
39999
39917
40000
39916
39917
39918
39927
39918
40003
39929
40004
39920
39921
39922
39923
39922
39927
39925
39928
39924
39925
39926
39967
39926
39931
39932
39969
39928
39929
39930
39931
39930
40015
39933
40016
39932
39933
39934
39975
39934
40019
39977
40020
39936
39937
39938
39939
39938
39943
39941
39944
39940
39941
39942
39951
39942
39947
39948
39953
39944
39945
39946
39947
39946
39967
39949
39968
39948
39949
39950
39959
39950
39971
39961
39972
39952
39953
39954
39955
39954
39959
39957
39960
39956
39957
39958
40127
39958
39963
39964
40129
39960
39961
39962
39963
39962
39983
39965
39984
39964
39965
39966
40135
39966
39987
39988
40137
39968
39969
39970
39971
39970
39975
39973
39976
39972
39973
39974
39983
39974
39979
39980
39985
39976
39977
39978
39979
39978
40063
39981
40064
39980
39981
39982
39991
39982
40067
39993
40068
39984
39985
39986
39987
39986
39991
39989
39992
39988
39989
39990
40159
39990
39995
39996
40161
39992
39993
39994
39995
39994
40079
39997
40080
39996
39997
39998
40167
39998
40083
40084
40169
40000
40001
40002
40003
40002
40007
40005
40008
40004
40005
40006
40015
40006
40011
40012
40017
40008
40009
40010
40011
40010
40031
40013
40032
40012
40013
40014
40023
40014
40035
40025
40036
40016
40017
40018
40019
40018
40023
40021
40024
40020
40021
40022
40063
40022
40027
40028
40065
40024
40025
40026
40027
40026
40047
40029
40048
40028
40029
40030
40071
40030
40051
40052
40073
40032
40033
40034
40035
40034
40039
40037
40040
40036
40037
40038
40047
40038
40043
40044
40049
40040
40041
40042
40043
40042
40367
40045
40368
40044
40045
40046
40055
40046
40371
40057
40372
40048
40049
40050
40051
40050
40055
40053
40056
40052
40053
40054
40095
40054
40059
40060
40097
40056
40057
40058
40059
40058
40383
40061
40384
40060
40061
40062
40103
40062
40387
40105
40388
40064
40065
40066
40067
40066
40071
40069
40072
40068
40069
40070
40079
40070
40075
40076
40081
40072
40073
40074
40075
40074
40095
40077
40096
40076
40077
40078
40087
40078
40099
40089
40100
40080
40081
40082
40083
40082
40087
40085
40088
40084
40085
40086
40247
40086
40091
40092
40249
40088
40089
40090
40091
40090
40111
40093
40112
40092
40093
40094
40255
40094
40115
40116
40257
40096
40097
40098
40099
40098
40103
40101
40104
40100
40101
40102
40111
40102
40107
40108
40113
40104
40105
40106
40107
40106
40431
40109
40432
40108
40109
40110
40119
40110
40435
40121
40436
40112
40113
40114
40115
40114
40119
40117
40120
40116
40117
40118
40279
40118
40123
40124
40281
40120
40121
40122
40123
40122
40447
40125
40448
40124
40125
40126
40287
40126
40451
40289
40452
40128
40129
40130
40131
40130
40135
40133
40136
40132
40133
40134
40143
40134
40139
40140
40145
40136
40137
40138
40139
40138
40159
40141
40160
40140
40141
40142
40151
40142
40163
40153
40164
40144
40145
40146
40147
40146
40151
40149
40152
40148
40149
40150
40191
40150
40155
40156
40193
40152
40153
40154
40155
40154
40175
40157
40176
40156
40157
40158
40199
40158
40179
40180
40201
40160
40161
40162
40163
40162
40167
40165
40168
40164
40165
40166
40175
40166
40171
40172
40177
40168
40169
40170
40171
40170
40247
40173
40248
40172
40173
40174
40183
40174
40251
40185
40252
40176
40177
40178
40179
40178
40183
40181
40184
40180
40181
40182
40219
40182
40187
40188
40221
40184
40185
40186
40187
40186
40263
40189
40264
40188
40189
40190
40227
40190
40267
40229
40268
40192
40193
40194
40195
40194
40199
40197
40200
40196
40197
40198
40207
40198
40203
40204
40209
40200
40201
40202
40203
40202
40219
40205
40220
40204
40205
40206
40213
40206
40223
40215
40224
40208
40209
40210
40211
40210
40213
40212
40214
40212
41535
40217
41658
40214
40215
40216
40217
40216
40235
40218
40236
40218
41659
40239
41660
40220
40221
40222
40223
40222
40227
40225
40228
40224
40225
40226
40235
40226
40231
40232
40237
40228
40229
40230
40231
40230
40311
40233
40312
40232
40233
40234
40241
40234
40315
40243
40316
40236
40237
40238
40239
40238
40241
40240
40242
40240
41661
40245
41662
40242
40243
40244
40245
40244
40327
40246
40328
40246
41663
40331
41664
40248
40249
40250
40251
40250
40255
40253
40256
40252
40253
40254
40263
40254
40259
40260
40265
40256
40257
40258
40259
40258
40279
40261
40280
40260
40261
40262
40271
40262
40283
40273
40284
40264
40265
40266
40267
40266
40271
40269
40272
40268
40269
40270
40311
40270
40275
40276
40313
40272
40273
40274
40275
40274
40295
40277
40296
40276
40277
40278
40319
40278
40299
40300
40321
40280
40281
40282
40283
40282
40287
40285
40288
40284
40285
40286
40295
40286
40291
40292
40297
40288
40289
40290
40291
40290
40623
40293
40624
40292
40293
40294
40303
40294
40627
40305
40628
40296
40297
40298
40299
40298
40303
40301
40304
40300
40301
40302
40339
40302
40307
40308
40341
40304
40305
40306
40307
40306
40639
40309
40640
40308
40309
40310
40347
40310
40643
40349
40644
40312
40313
40314
40315
40314
40319
40317
40320
40316
40317
40318
40327
40318
40323
40324
40329
40320
40321
40322
40323
40322
40339
40325
40340
40324
40325
40326
40333
40326
40343
40335
40344
40328
40329
40330
40331
40330
40333
40332
40334
40332
41665
40337
41666
40334
40335
40336
40337
40336
40355
40338
40356
40338
41667
40359
41668
40340
40341
40342
40343
40342
40347
40345
40348
40344
40345
40346
40355
40346
40351
40352
40357
40348
40349
40350
40351
40350
40687
40353
40688
40352
40353
40354
40361
40354
40691
40363
40692
40356
40357
40358
40359
40358
40361
40360
40362
40360
41669
40365
41670
40362
40363
40364
40365
40364
40703
40366
40704
40366
41671
40707
41672
40368
40369
40370
40371
40370
40375
40373
40376
40372
40373
40374
40383
40374
40379
40380
40385
40376
40377
40378
40379
40378
40399
40381
40400
40380
40381
40382
40391
40382
40403
40393
40404
40384
40385
40386
40387
40386
40391
40389
40392
40388
40389
40390
40431
40390
40395
40396
40433
40392
40393
40394
40395
40394
40415
40397
40416
40396
40397
40398
40439
40398
40419
40420
40441
40400
40401
40402
40403
40402
40407
40405
40408
40404
40405
40406
40415
40406
40411
40412
40417
40408
40409
40410
40411
40410
40495
40413
40496
40412
40413
40414
40423
40414
40499
40425
40500
40416
40417
40418
40419
40418
40423
40421
40424
40420
40421
40422
40463
40422
40427
40428
40465
40424
40425
40426
40427
40426
40511
40429
40512
40428
40429
40430
40471
40430
40515
40473
40516
40432
40433
40434
40435
40434
40439
40437
40440
40436
40437
40438
40447
40438
40443
40444
40449
40440
40441
40442
40443
40442
40463
40445
40464
40444
40445
40446
40455
40446
40467
40457
40468
40448
40449
40450
40451
40450
40455
40453
40456
40452
40453
40454
40623
40454
40459
40460
40625
40456
40457
40458
40459
40458
40479
40461
40480
40460
40461
40462
40631
40462
40483
40484
40633
40464
40465
40466
40467
40466
40471
40469
40472
40468
40469
40470
40479
40470
40475
40476
40481
40472
40473
40474
40475
40474
40559
40477
40560
40476
40477
40478
40487
40478
40563
40489
40564
40480
40481
40482
40483
40482
40487
40485
40488
40484
40485
40486
40655
40486
40491
40492
40657
40488
40489
40490
40491
40490
40575
40493
40576
40492
40493
40494
40663
40494
40579
40580
40665
40496
40497
40498
40499
40498
40503
40501
40504
40500
40501
40502
40511
40502
40507
40508
40513
40504
40505
40506
40507
40506
40527
40509
40528
40508
40509
40510
40519
40510
40531
40521
40532
40512
40513
40514
40515
40514
40519
40517
40520
40516
40517
40518
40559
40518
40523
40524
40561
40520
40521
40522
40523
40522
40543
40525
40544
40524
40525
40526
40567
40526
40547
40548
40569
40528
40529
40530
40531
40530
40535
40533
40536
40532
40533
40534
40543
40534
40539
40540
40545
40536
40537
40538
40539
40538
41087
40541
41088
40540
40541
40542
40551
40542
41091
40553
41092
40544
40545
40546
40547
40546
40551
40549
40552
40548
40549
40550
40591
40550
40555
40556
40593
40552
40553
40554
40555
40554
41103
40557
41104
40556
40557
40558
40599
40558
41107
40601
41108
40560
40561
40562
40563
40562
40567
40565
40568
40564
40565
40566
40575
40566
40571
40572
40577
40568
40569
40570
40571
40570
40591
40573
40592
40572
40573
40574
40583
40574
40595
40585
40596
40576
40577
40578
40579
40578
40583
40581
40584
40580
40581
40582
40743
40582
40587
40588
40745
40584
40585
40586
40587
40586
40607
40589
40608
40588
40589
40590
40751
40590
40611
40612
40753
40592
40593
40594
40595
40594
40599
40597
40600
40596
40597
40598
40607
40598
40603
40604
40609
40600
40601
40602
40603
40602
41143
40605
41144
40604
40605
40606
40615
40606
41147
40617
41148
40608
40609
40610
40611
40610
40615
40613
40616
40612
40613
40614
40775
40614
40619
40620
40777
40616
40617
40618
40619
40618
41159
40621
41160
40620
40621
40622
40783
40622
41163
40785
41164
40624
40625
40626
40627
40626
40631
40629
40632
40628
40629
40630
40639
40630
40635
40636
40641
40632
40633
40634
40635
40634
40655
40637
40656
40636
40637
40638
40647
40638
40659
40649
40660
40640
40641
40642
40643
40642
40647
40645
40648
40644
40645
40646
40687
40646
40651
40652
40689
40648
40649
40650
40651
40650
40671
40653
40672
40652
40653
40654
40695
40654
40675
40676
40697
40656
40657
40658
40659
40658
40663
40661
40664
40660
40661
40662
40671
40662
40667
40668
40673
40664
40665
40666
40667
40666
40743
40669
40744
40668
40669
40670
40679
40670
40747
40681
40748
40672
40673
40674
40675
40674
40679
40677
40680
40676
40677
40678
40715
40678
40683
40684
40717
40680
40681
40682
40683
40682
40759
40685
40760
40684
40685
40686
40723
40686
40763
40725
40764
40688
40689
40690
40691
40690
40695
40693
40696
40692
40693
40694
40703
40694
40699
40700
40705
40696
40697
40698
40699
40698
40715
40701
40716
40700
40701
40702
40709
40702
40719
40711
40720
40704
40705
40706
40707
40706
40709
40708
40710
40708
41673
40713
41674
40710
40711
40712
40713
40712
40731
40714
40732
40714
41675
40735
41676
40716
40717
40718
40719
40718
40723
40721
40724
40720
40721
40722
40731
40722
40727
40728
40733
40724
40725
40726
40727
40726
40807
40729
40808
40728
40729
40730
40737
40730
40811
40739
40812
40732
40733
40734
40735
40734
40737
40736
40738
40736
41677
40741
41678
40738
40739
40740
40741
40740
40823
40742
40824
40742
41679
40827
41680
40744
40745
40746
40747
40746
40751
40749
40752
40748
40749
40750
40759
40750
40755
40756
40761
40752
40753
40754
40755
40754
40775
40757
40776
40756
40757
40758
40767
40758
40779
40769
40780
40760
40761
40762
40763
40762
40767
40765
40768
40764
40765
40766
40807
40766
40771
40772
40809
40768
40769
40770
40771
40770
40791
40773
40792
40772
40773
40774
40815
40774
40795
40796
40817
40776
40777
40778
40779
40778
40783
40781
40784
40780
40781
40782
40791
40782
40787
40788
40793
40784
40785
40786
40787
40786
41199
40789
41200
40788
40789
40790
40799
40790
41203
40801
41204
40792
40793
40794
40795
40794
40799
40797
40800
40796
40797
40798
40835
40798
40803
40804
40837
40800
40801
40802
40803
40802
41215
40805
41216
40804
40805
40806
40843
40806
41219
40845
41220
40808
40809
40810
40811
40810
40815
40813
40816
40812
40813
40814
40823
40814
40819
40820
40825
40816
40817
40818
40819
40818
40835
40821
40836
40820
40821
40822
40829
40822
40839
40831
40840
40824
40825
40826
40827
40826
40829
40828
40830
40828
41681
40833
41682
40830
40831
40832
40833
40832
40851
40834
40852
40834
41683
40855
41684
40836
40837
40838
40839
40838
40843
40841
40844
40840
40841
40842
40851
40842
40847
40848
40853
40844
40845
40846
40847
40846
41255
40849
41256
40848
40849
40850
40857
40850
41259
40859
41260
40852
40853
40854
40855
40854
40857
40856
40858
40856
41685
40861
41686
40858
40859
40860
40861
40860
41271
40862
41272
40862
41687
41275
41688
40864
40865
40866
40867
40866
40871
40869
40872
40868
40869
40870
40879
40870
40875
40876
40881
40872
40873
40874
40875
40874
40895
40877
40896
40876
40877
40878
40887
40878
40899
40889
40900
40880
40881
40882
40883
40882
40887
40885
40888
40884
40885
40886
40919
40886
40891
40892
40921
40888
40889
40890
40891
40890
40907
40893
40908
40892
40893
40894
40927
40894
40911
40912
40929
40896
40897
40898
40899
40898
40903
40901
40904
40900
40901
40902
40907
40902
40905
40906
40909
40904
41657
40905
41690
40906
41691
40915
41692
40908
40909
40910
40911
40910
40915
40913
40916
40912
40913
40914
40951
40914
40917
40918
40953
40916
41693
40917
41694
40918
41695
40959
41696
40920
40921
40922
40923
40922
40927
40925
40928
40924
40925
40926
40935
40926
40931
40932
40937
40928
40929
40930
40931
40930
40951
40933
40952
40932
40933
40934
40943
40934
40955
40945
40956
40936
40937
40938
40939
40938
40943
40941
40944
40940
40941
40942
40975
40942
40947
40948
40977
40944
40945
40946
40947
40946
40963
40949
40964
40948
40949
40950
40983
40950
40967
40968
40985
40952
40953
40954
40955
40954
40959
40957
40960
40956
40957
40958
40963
40958
40961
40962
40965
40960
41697
40961
41698
40962
41699
40971
41700
40964
40965
40966
40967
40966
40971
40969
40972
40968
40969
40970
41007
40970
40973
40974
41009
40972
41701
40973
41702
40974
41703
41015
41704
40976
40977
40978
40979
40978
40983
40981
40984
40980
40981
40982
40991
40982
40987
40988
40993
40984
40985
40986
40987
40986
41007
40989
41008
40988
40989
40990
40999
40990
41011
41001
41012
40992
40993
40994
40995
40994
40999
40997
41000
40996
40997
40998
41031
40998
41003
41004
41033
41000
41001
41002
41003
41002
41019
41005
41020
41004
41005
41006
41039
41006
41023
41024
41041
41008
41009
41010
41011
41010
41015
41013
41016
41012
41013
41014
41019
41014
41017
41018
41021
41016
41705
41017
41706
41018
41707
41027
41708
41020
41021
41022
41023
41022
41027
41025
41028
41024
41025
41026
41063
41026
41029
41030
41065
41028
41709
41029
41710
41030
41711
41071
41712
41032
41033
41034
41035
41034
41039
41037
41040
41036
41037
41038
41047
41038
41043
41044
41049
41040
41041
41042
41043
41042
41063
41045
41064
41044
41045
41046
41055
41046
41067
41057
41068
41048
41049
41050
41051
41050
41055
41053
41056
41052
41053
41054
41087
41054
41059
41060
41089
41056
41057
41058
41059
41058
41075
41061
41076
41060
41061
41062
41095
41062
41079
41080
41097
41064
41065
41066
41067
41066
41071
41069
41072
41068
41069
41070
41075
41070
41073
41074
41077
41072
41713
41073
41714
41074
41715
41083
41716
41076
41077
41078
41079
41078
41083
41081
41084
41080
41081
41082
41119
41082
41085
41086
41121
41084
41717
41085
41718
41086
41719
41127
41720
41088
41089
41090
41091
41090
41095
41093
41096
41092
41093
41094
41103
41094
41099
41100
41105
41096
41097
41098
41099
41098
41119
41101
41120
41100
41101
41102
41111
41102
41123
41113
41124
41104
41105
41106
41107
41106
41111
41109
41112
41108
41109
41110
41143
41110
41115
41116
41145
41112
41113
41114
41115
41114
41131
41117
41132
41116
41117
41118
41151
41118
41135
41136
41153
41120
41121
41122
41123
41122
41127
41125
41128
41124
41125
41126
41131
41126
41129
41130
41133
41128
41721
41129
41722
41130
41723
41139
41724
41132
41133
41134
41135
41134
41139
41137
41140
41136
41137
41138
41175
41138
41141
41142
41177
41140
41725
41141
41726
41142
41727
41183
41728
41144
41145
41146
41147
41146
41151
41149
41152
41148
41149
41150
41159
41150
41155
41156
41161
41152
41153
41154
41155
41154
41175
41157
41176
41156
41157
41158
41167
41158
41179
41169
41180
41160
41161
41162
41163
41162
41167
41165
41168
41164
41165
41166
41199
41166
41171
41172
41201
41168
41169
41170
41171
41170
41187
41173
41188
41172
41173
41174
41207
41174
41191
41192
41209
41176
41177
41178
41179
41178
41183
41181
41184
41180
41181
41182
41187
41182
41185
41186
41189
41184
41729
41185
41730
41186
41731
41195
41732
41188
41189
41190
41191
41190
41195
41193
41196
41192
41193
41194
41231
41194
41197
41198
41233
41196
41733
41197
41734
41198
41735
41239
41736
41200
41201
41202
41203
41202
41207
41205
41208
41204
41205
41206
41215
41206
41211
41212
41217
41208
41209
41210
41211
41210
41231
41213
41232
41212
41213
41214
41223
41214
41235
41225
41236
41216
41217
41218
41219
41218
41223
41221
41224
41220
41221
41222
41255
41222
41227
41228
41257
41224
41225
41226
41227
41226
41243
41229
41244
41228
41229
41230
41263
41230
41247
41248
41265
41232
41233
41234
41235
41234
41239
41237
41240
41236
41237
41238
41243
41238
41241
41242
41245
41240
41737
41241
41738
41242
41739
41251
41740
41244
41245
41246
41247
41246
41251
41249
41252
41248
41249
41250
41283
41250
41253
41254
41285
41252
41741
41253
41742
41254
41743
41291
41744
41256
41257
41258
41259
41258
41263
41261
41264
41260
41261
41262
41271
41262
41267
41268
41273
41264
41265
41266
41267
41266
41283
41269
41284
41268
41269
41270
41277
41270
41287
41279
41288
41272
41273
41274
41275
41274
41277
41276
41278
41276
41689
41281
41746
41278
41279
41280
41281
41280
41295
41282
41296
41282
41747
41299
41748
41284
41285
41286
41287
41286
41291
41289
41292
41288
41289
41290
41295
41290
41293
41294
41297
41292
41745
41293
41750
41294
41751
41301
41752
41296
41297
41298
41299
41298
41301
41300
41302
41300
41749
41303
41754
41302
41753
41303
41756
41755
41757
41307
42208
41308
42208
41309
42208
41310
41312
42212
41311
41314
41313
41318
41315
41316
41317
41322
41319
41320
41321
41378
41323
41324
41325
41326
41327
41328
41329
41330
41331
41332
41333
41334
41335
41336
41337
41338
41339
41340
41341
41342
41343
41344
41345
41346
41347
41348
41349
41350
41351
41352
41353
41354
41355
41356
41357
41358
41359
41360
41361
41362
41363
41364
41365
41366
41367
41368
41369
41370
41371
41372
41373
41374
41375
41376
41377
41432
41379
41380
41381
41382
41383
41384
41385
41386
41387
41388
41389
41390
41391
41392
41393
41394
41395
41396
41397
41398
41399
41400
41401
41402
41403
41404
41405
41406
41407
41408
41409
41536
41411
41412
41418
41414
41414
41415
41416
41423
41418
41419
41420
41421
41422
41552
41424
41425
41426
41427
41428
41429
41430
41431
41579
41433
41434
41435
41436
41437
41438
41439
41440
41441
41442
41443
41444
41445
41446
41447
41448
41449
41450
41451
41452
41453
41454
41455
41456
41457
41458
41459
41460
41461
41462
41463
41464
41465
41466
41467
41468
41469
41470
41471
41472
41473
41474
41475
41476
41477
41478
41479
41480
41481
41482
41483
41484
41485
41486
41487
41488
41489
41490
41491
41492
41493
42209
41496
42209
41497
42209
41498
42213
41499
41500
41501
41502
41503
41504
41505
41506
41507
41508
41509
41510
41511
41512
41513
41514
41515
41516
41517
41518
41519
41520
41521
41522
41523
41524
41525
41526
41527
41528
41529
41530
41531
41532
41533
41534
41535
41658
41537
41538
41539
41540
41541
41542
41543
41544
41545
41546
41547
41548
41549
41550
41551
41562
41553
41554
41555
41556
41557
41558
41559
41560
41561
41582
41563
41564
41565
41566
41567
41568
41569
41570
41571
41572
41573
41574
41575
41576
41577
41586
41579
41580
41584
41582
41583
41585
41585
41587
41588
41589
41590
41591
42210
41594
42210
41595
42210
41596
42214
41597
41598
41599
41600
41601
41602
41603
41604
41605
41606
41607
41608
41609
41610
41611
41612
41613
41614
41615
41616
41617
41618
41619
41620
41621
41622
41623
41624
41625
41626
41627
41628
41629
41630
41631
41632
41633
41634
41635
41636
41637
41638
41639
41640
41641
41642
41643
41644
41645
41646
41647
41648
41649
41650
41651
41652
41653
41654
41655
41656
41657
41690
41659
41660
41661
41662
41663
41664
41665
41666
41667
41668
41669
41670
41671
41672
41673
41674
41675
41676
41677
41678
41679
41680
41681
41682
41683
41684
41685
41686
41687
41688
41689
41746
41691
41692
41693
41694
41695
41696
41697
41698
41699
41700
41701
41702
41703
41704
41705
41706
41707
41708
41709
41710
41711
41712
41713
41714
41715
41716
41717
41718
41719
41720
41721
41722
41723
41724
41725
41726
41727
41728
41729
41730
41731
41732
41733
41734
41735
41736
41737
41738
41739
41740
41741
41742
41743
41744
41745
41750
41747
41748
41749
41754
41751
41752
41753
41756
41755
42211
41757
42211
41759
42211
42215
41762
42212
41763
42212
41764
41766
41765
41768
41767
41772
41769
41770
41771
41776
41773
41774
41775
41832
41777
41778
41779
41780
41781
41782
41783
41784
41785
41786
41787
41788
41789
41790
41791
41792
41793
41794
41795
41796
41797
41798
41799
41800
41801
41802
41803
41804
41805
41806
41807
41808
41809
41810
41811
41812
41813
41814
41815
41816
41817
41818
41819
41820
41821
41822
41823
41824
41825
41826
41827
41828
41829
41830
41831
41886
41833
41834
41835
41836
41837
41838
41839
41840
41841
41842
41843
41844
41845
41846
41847
41848
41849
41850
41851
41852
41853
41854
41855
41856
41857
41858
41859
41860
41861
41862
41863
41988
41865
41866
41871
41868
41868
41869
41876
41871
41872
41873
41874
41875
42004
41877
41878
41879
41880
41881
41882
41883
41884
41885
42031
41887
41888
41889
41890
41891
41892
41893
41894
41895
41896
41897
41898
41899
41900
41901
41902
41903
41904
41905
41906
41907
41908
41909
41910
41911
41912
41913
41914
41915
41916
41917
41918
41919
41920
41921
41922
41923
41924
41925
41926
41927
41928
41929
41930
41931
41932
41933
41934
41935
41936
41937
41938
41939
41940
41941
41942
41943
41944
41945
41946
41947
42213
41949
42213
41950
41951
41952
41953
41954
41955
41956
41957
41958
41959
41960
41961
41962
41963
41964
41965
41966
41967
41968
41969
41970
41971
41972
41973
41974
41975
41976
41977
41978
41979
41980
41981
41982
41983
41984
41985
41986
41987
42108
41989
41990
41991
41992
41993
41994
41995
41996
41997
41998
41999
42000
42001
42002
42003
42014
42005
42006
42007
42008
42009
42010
42011
42012
42013
42034
42015
42016
42017
42018
42019
42020
42021
42022
42023
42024
42025
42026
42027
42028
42029
42038
42031
42032
42036
42034
42035
42037
42037
42039
42040
42041
42042
42043
42214
42045
42214
42046
42047
42048
42049
42050
42051
42052
42053
42054
42055
42056
42057
42058
42059
42060
42061
42062
42063
42064
42065
42066
42067
42068
42069
42070
42071
42072
42073
42074
42075
42076
42077
42078
42079
42080
42081
42082
42083
42084
42085
42086
42087
42088
42089
42090
42091
42092
42093
42094
42095
42096
42097
42098
42099
42100
42101
42102
42103
42104
42105
42106
42107
42140
42109
42110
42111
42112
42113
42114
42115
42116
42117
42118
42119
42120
42121
42122
42123
42124
42125
42126
42127
42128
42129
42130
42131
42132
42133
42134
42135
42136
42137
42138
42139
42196
42141
42142
42143
42144
42145
42146
42147
42148
42149
42150
42151
42152
42153
42154
42155
42156
42157
42158
42159
42160
42161
42162
42163
42164
42165
42166
42167
42168
42169
42170
42171
42172
42173
42174
42175
42176
42177
42178
42179
42180
42181
42182
42183
42184
42185
42186
42187
42188
42189
42190
42191
42192
42193
42194
42195
42200
42197
42198
42199
42204
42201
42202
42203
42206
42205
42215
42207
42215
)
