/*--------------------------------*- C++ -*----------------------------------*\
| =========                 |                                                 |
| \\      /  F ield         | OpenFOAM: The Open Source CFD Toolbox           |
|  \\    /   O peration     | Version:  2412                                  |
|   \\  /    A nd           | Website:  www.openfoam.com                      |
|    \\/     M anipulation  |                                                 |
\*---------------------------------------------------------------------------*/
FoamFile
{
    version     2.0;
    format      ascii;
    arch        "LSB;label=32;scalar=64";
    class       faceList;
    location    "constant/polyMesh";
    object      faces;
}
// * * * * * * * * * * * * * * * * * * * * * * * * * * * * * * * * * * * * * //


7356
(
4(649 671 678 656)
4(1 3 7 5)
4(669 676 678 671)
4(2 6 7 3)
4(655 657 679 677)
4(4 5 7 6)
4(565 571 578 575)
4(676 677 679 678)
4(982 1109 1119 991)
4(676 678 682 680)
4(5 12 14 7)
4(1096 1104 1120 1110)
4(671 675 682 678)
4(673 680 682 675)
4(677 679 683 681)
4(569 573 579 577)
4(680 681 683 682)
4(1109 1110 1120 1119)
4(567 569 583 581)
4(649 663 685 671)
4(6 7 21 20)
4(662 684 685 663)
4(670 671 685 684)
4(1109 1119 1121 1113)
4(664 686 687 665)
4(568 582 583 569)
4(684 685 687 686)
4(671 685 689 675)
4(684 688 689 685)
4(580 581 583 582)
4(674 675 689 688)
4(5 7 29 27)
4(686 690 691 687)
4(6 28 29 7)
4(26 27 29 28)
4(688 689 691 690)
4(27 29 33 31)
4(671 678 692 685)
4(28 32 33 29)
4(30 31 33 32)
4(12 14 36 34)
4(675 682 693 689)
4(7 29 36 14)
4(27 34 36 29)
4(985 1113 1121 993)
4(673 675 697 695)
4(674 696 697 675)
4(34 35 37 36)
4(34 36 40 38)
4(694 695 697 696)
4(29 33 40 36)
4(31 38 40 33)
4(35 37 41 39)
4(695 697 701 699)
4(696 700 701 697)
4(38 39 41 40)
4(698 699 701 700)
4(7 21 43 29)
4(20 42 43 21)
4(28 29 43 42)
4(680 682 704 702)
4(675 697 704 682)
4(581 583 587 585)
4(42 43 45 44)
4(695 702 704 697)
4(29 43 47 33)
4(42 46 47 43)
4(32 33 47 46)
4(681 683 705 703)
4(702 703 705 704)
4(44 48 49 45)
4(46 47 49 48)
4(702 704 708 706)
4(697 701 708 704)
4(29 36 50 43)
4(699 706 708 701)
4(703 705 709 707)
4(33 40 51 47)
4(706 707 709 708)
4(31 33 55 53)
4(675 689 711 697)
4(32 54 55 33)
4(52 53 55 54)
4(688 710 711 689)
4(53 55 59 57)
4(696 697 711 710)
4(54 58 59 55)
4(56 57 59 58)
4(38 40 62 60)
4(690 712 713 691)
4(33 55 62 40)
4(53 60 62 55)
4(39 41 63 61)
4(710 711 713 712)
4(697 711 715 701)
4(60 61 63 62)
4(60 62 66 64)
4(710 714 715 711)
4(55 59 66 62)
4(57 64 66 59)
4(61 63 67 65)
4(700 701 715 714)
4(712 716 717 713)
4(64 65 67 66)
4(714 715 717 716)
4(33 47 69 55)
4(46 68 69 47)
4(54 55 69 68)
4(697 704 718 711)
4(701 708 719 715)
4(48 70 71 49)
4(68 69 71 70)
4(699 701 723 721)
4(55 69 73 59)
4(68 72 73 69)
4(58 59 73 72)
4(700 722 723 701)
4(720 721 723 722)
4(70 74 75 71)
4(72 73 75 74)
4(721 723 727 725)
4(722 726 727 723)
4(55 62 76 69)
4(724 725 727 726)
4(706 708 730 728)
4(59 66 77 73)
4(701 723 730 708)
4(57 59 81 79)
4(721 728 730 723)
4(58 80 81 59)
4(78 79 81 80)
4(707 709 731 729)
4(79 81 85 83)
4(728 729 731 730)
4(80 84 85 81)
4(82 83 85 84)
4(64 66 88 86)
4(728 730 734 732)
4(59 81 88 66)
4(79 86 88 81)
4(65 67 89 87)
4(723 727 734 730)
4(725 732 734 727)
4(86 87 89 88)
4(86 88 92 90)
4(729 731 735 733)
4(81 85 92 88)
4(83 90 92 85)
4(87 89 93 91)
4(732 733 735 734)
4(701 715 737 723)
4(90 91 93 92)
4(714 736 737 715)
4(59 73 95 81)
4(72 94 95 73)
4(80 81 95 94)
4(722 723 737 736)
4(716 738 739 717)
4(74 96 97 75)
4(94 95 97 96)
4(736 737 739 738)
4(81 95 99 85)
4(94 98 99 95)
4(84 85 99 98)
4(723 737 741 727)
4(736 740 741 737)
4(96 100 101 97)
4(98 99 101 100)
4(726 727 741 740)
4(738 742 743 739)
4(81 88 102 95)
4(740 741 743 742)
4(723 730 744 737)
4(85 92 103 99)
4(727 734 745 741)
4(83 85 107 105)
4(725 727 749 747)
4(84 106 107 85)
4(104 105 107 106)
4(726 748 749 727)
4(105 107 111 109)
4(746 747 749 748)
4(106 110 111 107)
4(108 109 111 110)
4(90 92 114 112)
4(747 749 753 751)
4(85 107 114 92)
4(105 112 114 107)
4(91 93 115 113)
4(748 752 753 749)
4(750 751 753 752)
4(112 113 115 114)
4(112 114 118 116)
4(732 734 756 754)
4(107 111 118 114)
4(109 116 118 111)
4(113 115 119 117)
4(727 749 756 734)
4(747 754 756 749)
4(116 117 119 118)
4(733 735 757 755)
4(85 99 121 107)
4(98 120 121 99)
4(106 107 121 120)
4(754 755 757 756)
4(754 756 760 758)
4(100 122 123 101)
4(120 121 123 122)
4(749 753 760 756)
4(107 121 125 111)
4(120 124 125 121)
4(110 111 125 124)
4(751 758 760 753)
4(1110 1120 1122 1114)
4(122 126 127 123)
4(124 125 127 126)
4(582 586 587 583)
4(727 741 763 749)
4(107 114 128 121)
4(740 762 763 741)
4(748 749 763 762)
4(111 118 129 125)
4(742 764 765 743)
4(109 111 133 131)
4(762 763 765 764)
4(110 132 133 111)
4(130 131 133 132)
4(749 763 767 753)
4(131 133 137 135)
4(762 766 767 763)
4(132 136 137 133)
4(134 135 137 136)
4(116 118 140 138)
4(752 753 767 766)
4(111 133 140 118)
4(131 138 140 133)
4(117 119 141 139)
4(584 585 587 586)
4(1113 1114 1122 1121)
4(138 139 141 140)
4(138 140 144 142)
4(749 756 770 763)
4(133 137 144 140)
4(135 142 144 137)
4(139 141 145 143)
4(1110 1116 1123 1120)
4(751 753 775 773)
4(142 143 145 144)
4(752 774 775 753)
4(111 125 147 133)
4(124 146 147 125)
4(132 133 147 146)
4(567 581 588 572)
4(306 311 588 581)
4(126 148 149 127)
4(146 147 149 148)
4(1114 1118 1124 1122)
4(133 147 151 137)
4(146 150 151 147)
4(136 137 151 150)
4(569 583 589 573)
4(581 588 589 583)
4(148 152 153 149)
4(150 151 153 152)
4(1112 1114 1128 1126)
4(318 320 787 785)
4(133 140 154 147)
4(625 785 787 627)
4(319 321 788 786)
4(137 144 155 151)
4(320 787 788 321)
4(135 137 159 157)
4(785 786 788 787)
4(136 158 159 137)
4(156 157 159 158)
4(785 787 791 789)
4(157 159 163 161)
4(629 789 791 631)
4(158 162 163 159)
4(160 161 163 162)
4(142 144 166 164)
4(786 788 792 790)
4(137 159 166 144)
4(157 164 166 159)
4(143 145 167 165)
4(787 791 792 788)
4(789 790 792 791)
4(164 165 167 166)
4(164 166 170 168)
4(321 788 794 325)
4(159 163 170 166)
4(161 168 170 163)
4(165 167 171 169)
4(786 793 794 788)
4(788 792 796 794)
4(168 169 171 170)
4(790 795 796 792)
4(137 151 173 159)
4(150 172 173 151)
4(158 159 173 172)
4(321 330 798 788)
4(787 788 798 797)
4(152 174 175 153)
4(172 173 175 174)
4(788 798 801 792)
4(159 173 177 163)
4(172 176 177 173)
4(162 163 177 176)
4(791 792 801 800)
4(330 798 803 334)
4(174 178 179 175)
4(176 177 179 178)
4(788 794 803 798)
4(331 799 804 335)
4(159 166 180 173)
4(798 803 804 799)
4(798 801 805 803)
4(163 170 181 177)
4(1113 1127 1128 1114)
4(581 585 590 588)
4(309 313 590 585)
4(1125 1126 1128 1127)
4(792 796 805 801)
4(799 802 806 804)
4(801 805 806 802)
4(583 587 591 589)
4(585 590 591 587)
4(568 576 592 582)
4(1126 1128 1132 1130)
4(1127 1131 1132 1128)
4(789 791 809 807)
4(456 582 592 465)
4(651 807 809 653)
4(569 577 593 583)
4(790 792 810 808)
4(791 809 810 792)
4(185 189 193 191)
4(807 808 810 809)
4(187 192 193 189)
4(807 809 813 811)
4(1129 1130 1132 1131)
4(655 811 813 657)
4(808 810 814 812)
4(582 583 593 592)
4(582 592 594 586)
4(1112 1126 1133 1117)
4(865 870 1133 1126)
4(809 813 814 810)
4(195 197 202 200)
4(811 812 814 813)
4(189 193 202 197)
4(792 810 816 796)
4(808 815 816 810)
4(459 586 594 467)
4(810 814 818 816)
4(197 202 203 199)
4(583 593 595 587)
4(1114 1128 1134 1118)
4(586 587 595 594)
4(1126 1133 1134 1128)
4(812 817 818 814)
4(792 801 820 810)
4(1126 1130 1135 1133)
4(583 589 596 593)
4(809 810 820 819)
4(868 872 1135 1130)
4(1128 1132 1136 1134)
4(204 206 210 208)
4(810 820 823 814)
4(813 814 823 822)
4(39 208 210 41)
4(205 207 211 209)
4(801 820 825 805)
4(206 210 211 207)
4(208 209 211 210)
4(810 816 825 820)
4(802 821 826 806)
4(189 207 213 193)
4(205 212 213 207)
4(820 825 826 821)
4(820 823 827 825)
4(207 211 215 213)
4(209 214 215 211)
4(814 818 827 823)
4(587 591 597 595)
4(821 824 828 826)
4(1130 1135 1136 1132)
4(823 827 828 824)
4(207 217 220 211)
4(811 813 831 829)
4(210 211 220 219)
4(677 829 831 679)
4(197 217 222 202)
4(207 213 222 217)
4(812 814 832 830)
4(813 831 832 814)
4(585 587 601 599)
4(217 222 223 218)
4(829 830 832 831)
4(217 220 224 222)
4(211 215 224 220)
4(829 831 835 833)
4(681 833 835 683)
4(218 221 225 223)
4(220 224 225 221)
4(208 210 228 226)
4(830 832 836 834)
4(831 835 836 832)
4(61 226 228 63)
4(209 211 229 227)
4(833 834 836 835)
4(210 228 229 211)
4(226 227 229 228)
4(226 228 232 230)
4(814 832 838 818)
4(830 837 838 832)
4(65 230 232 67)
4(227 229 233 231)
4(832 836 840 838)
4(228 232 233 229)
4(230 231 233 232)
4(834 839 840 836)
4(814 823 842 832)
4(211 229 235 215)
4(227 234 235 229)
4(831 832 842 841)
4(832 842 845 836)
4(229 233 237 235)
4(231 236 237 233)
4(835 836 845 844)
4(211 220 239 229)
4(823 842 847 827)
4(228 229 239 238)
4(832 838 847 842)
4(229 239 242 233)
4(824 843 848 828)
4(232 233 242 241)
4(842 847 848 843)
4(220 239 244 224)
4(229 235 244 239)
4(842 845 849 847)
4(836 840 849 845)
4(221 240 245 225)
4(239 244 245 240)
4(843 846 850 848)
4(239 242 246 244)
4(233 237 246 242)
4(845 849 850 846)
4(833 835 853 851)
4(240 243 247 245)
4(242 246 247 243)
4(230 232 250 248)
4(703 851 853 705)
4(834 836 854 852)
4(87 248 250 89)
4(231 233 251 249)
4(835 853 854 836)
4(232 250 251 233)
4(248 249 251 250)
4(248 250 254 252)
4(851 852 854 853)
4(851 853 857 855)
4(91 252 254 93)
4(249 251 255 253)
4(707 855 857 709)
4(250 254 255 251)
4(252 253 255 254)
4(852 854 858 856)
4(853 857 858 854)
4(233 251 257 237)
4(249 256 257 251)
4(855 856 858 857)
4(836 854 860 840)
4(251 255 259 257)
4(253 258 259 255)
4(852 859 860 854)
4(233 242 261 251)
4(854 858 862 860)
4(250 251 261 260)
4(856 861 862 858)
4(251 261 264 255)
4(836 845 864 854)
4(254 255 264 263)
4(853 854 864 863)
4(242 261 266 246)
4(251 257 266 261)
4(854 864 867 858)
4(857 858 867 866)
4(243 262 267 247)
4(261 266 267 262)
4(845 864 869 849)
4(261 264 268 266)
4(255 259 268 264)
4(854 860 869 864)
4(846 865 870 850)
4(262 265 269 267)
4(264 268 269 265)
4(252 254 272 270)
4(864 869 870 865)
4(864 867 871 869)
4(113 270 272 115)
4(253 255 273 271)
4(858 862 871 867)
4(254 272 273 255)
4(270 271 273 272)
4(270 272 276 274)
4(865 868 872 870)
4(867 871 872 868)
4(117 274 276 119)
4(271 273 277 275)
4(855 857 875 873)
4(272 276 277 273)
4(274 275 277 276)
4(729 873 875 731)
4(856 858 876 874)
4(255 273 279 259)
4(271 278 279 273)
4(857 875 876 858)
4(873 874 876 875)
4(273 277 281 279)
4(275 280 281 277)
4(873 875 879 877)
4(255 264 283 273)
4(733 877 879 735)
4(272 273 283 282)
4(874 876 880 878)
4(273 283 286 277)
4(875 879 880 876)
4(276 277 286 285)
4(877 878 880 879)
4(264 283 288 268)
4(273 279 288 283)
4(858 876 882 862)
4(874 881 882 876)
4(265 284 289 269)
4(283 288 289 284)
4(876 880 884 882)
4(283 286 290 288)
4(277 281 290 286)
4(878 883 884 880)
4(858 867 886 876)
4(284 287 291 289)
4(286 290 291 287)
4(274 276 294 292)
4(875 876 886 885)
4(876 886 889 880)
4(139 292 294 141)
4(275 277 295 293)
4(879 880 889 888)
4(276 294 295 277)
4(292 293 295 294)
4(292 294 298 296)
4(867 886 891 871)
4(876 882 891 886)
4(143 296 298 145)
4(293 295 299 297)
4(868 887 892 872)
4(294 298 299 295)
4(296 297 299 298)
4(886 891 892 887)
4(886 889 893 891)
4(277 295 301 281)
4(293 300 301 295)
4(880 884 893 889)
4(887 890 894 892)
4(295 299 303 301)
4(297 302 303 299)
4(889 893 894 890)
4(277 286 305 295)
4(877 879 897 895)
4(294 295 305 304)
4(1113 1121 1137 1127)
4(295 305 308 299)
4(878 880 898 896)
4(298 299 308 307)
4(879 897 898 880)
4(286 305 310 290)
4(295 301 310 305)
4(586 600 601 587)
4(598 599 601 600)
4(1004 1127 1137 1013)
4(599 601 605 603)
4(1114 1122 1138 1128)
4(287 306 311 291)
4(305 310 311 306)
4(600 604 605 601)
4(602 603 605 604)
4(1127 1128 1138 1137)
4(1127 1137 1139 1131)
4(305 308 312 310)
4(299 303 312 308)
4(585 599 606 590)
4(328 333 606 599)
4(306 309 313 311)
4(308 312 313 309)
4(296 298 316 314)
4(1007 1131 1139 1015)
4(880 898 904 884)
4(165 314 316 167)
4(297 299 317 315)
4(896 903 904 898)
4(298 316 317 299)
4(314 315 317 316)
4(314 316 320 318)
4(898 902 906 904)
4(900 905 906 902)
4(169 318 320 171)
4(315 317 321 319)
4(880 889 908 898)
4(316 320 321 317)
4(318 319 321 320)
4(587 601 607 591)
4(599 606 607 601)
4(299 317 323 303)
4(315 322 323 317)
4(1128 1138 1140 1132)
4(1131 1132 1140 1139)
4(599 603 608 606)
4(331 335 608 603)
4(889 908 913 893)
4(317 321 325 323)
4(319 324 325 321)
4(898 904 913 908)
4(299 308 327 317)
4(890 909 914 894)
4(316 317 327 326)
4(908 913 914 909)
4(317 327 330 321)
4(908 911 915 913)
4(320 321 330 329)
4(902 906 915 911)
4(308 327 332 312)
4(317 323 332 327)
4(1128 1134 1141 1138)
4(911 915 916 912)
4(309 328 333 313)
4(327 332 333 328)
4(601 605 609 607)
4(603 608 609 605)
4(586 594 610 600)
4(1132 1136 1142 1140)
4(327 330 334 332)
4(321 325 334 330)
4(1130 1132 1146 1144)
4(478 600 610 487)
4(328 331 335 333)
4(330 334 335 331)
4(902 920 922 906)
4(587 595 611 601)
4(1131 1145 1146 1132)
4(600 601 611 610)
4(600 610 612 604)
4(1143 1144 1146 1145)
4(911 924 926 915)
4(1144 1146 1150 1148)
4(481 604 612 489)
4(601 611 613 605)
4(1145 1149 1150 1146)
4(604 605 613 612)
4(1147 1148 1150 1149)
4(1130 1144 1151 1135)
4(472 928 929 473)
4(601 607 614 611)
4(634 635 929 928)
4(473 475 931 929)
4(887 892 1151 1144)
4(474 930 931 475)
4(1132 1146 1152 1136)
4(605 609 615 613)
4(1144 1151 1152 1146)
4(161 163 619 617)
4(928 929 931 930)
4(339 351 353 343)
4(928 932 933 929)
4(638 639 933 932)
4(342 343 353 352)
4(345 354 356 347)
4(929 931 935 933)
4(930 934 935 931)
4(343 347 356 353)
4(1144 1148 1153 1151)
4(932 933 935 934)
4(475 931 937 480)
4(929 936 937 931)
4(347 349 357 356)
4(931 935 940 937)
4(933 939 940 935)
4(162 618 619 163)
4(616 617 619 618)
4(890 894 1153 1148)
4(617 619 623 621)
4(1146 1150 1154 1152)
4(475 485 943 931)
4(618 622 623 619)
4(620 621 623 622)
4(168 170 626 624)
4(930 931 943 942)
4(931 943 945 935)
4(358 362 363 359)
4(48 49 363 362)
4(934 935 945 944)
4(359 361 365 363)
4(360 364 365 361)
4(362 363 365 364)
4(480 488 946 937)
4(931 937 946 943)
4(1148 1153 1154 1150)
4(163 619 626 170)
4(481 489 947 938)
4(937 938 947 946)
4(361 365 370 367)
4(363 369 370 365)
4(937 946 948 940)
4(343 353 373 361)
4(935 940 948 945)
4(360 361 373 372)
4(938 947 949 941)
4(361 373 375 365)
4(940 941 949 948)
4(364 365 375 374)
4(347 356 376 367)
4(932 950 951 933)
4(361 367 376 373)
4(617 624 626 619)
4(660 661 951 950)
4(933 935 953 951)
4(367 368 377 376)
4(367 376 378 370)
4(934 952 953 935)
4(365 370 378 375)
4(368 377 379 371)
4(950 951 953 952)
4(950 954 955 951)
4(370 371 379 378)
4(664 665 955 954)
4(951 953 957 955)
4(362 380 381 363)
4(70 71 381 380)
4(952 956 957 953)
4(363 365 383 381)
4(364 382 383 365)
4(380 381 383 382)
4(954 955 957 956)
4(935 953 959 940)
4(380 384 385 381)
4(74 75 385 384)
4(951 958 959 953)
4(381 383 387 385)
4(382 386 387 383)
4(384 385 387 386)
4(953 957 962 959)
4(955 961 962 957)
4(365 383 389 370)
4(381 388 389 383)
4(935 945 965 953)
4(952 953 965 964)
4(383 387 392 389)
4(385 391 392 387)
4(953 965 967 957)
4(365 375 395 383)
4(956 957 967 966)
4(382 383 395 394)
4(940 948 968 959)
4(383 395 397 387)
4(953 959 968 965)
4(386 387 397 396)
4(370 378 398 389)
4(941 949 969 960)
4(383 389 398 395)
4(371 379 399 390)
4(959 960 969 968)
4(959 968 970 962)
4(389 390 399 398)
4(389 398 400 392)
4(957 962 970 967)
4(387 392 400 397)
4(390 399 401 393)
4(960 969 971 963)
4(962 963 971 970)
4(392 393 401 400)
4(954 972 973 955)
4(686 687 973 972)
4(384 402 403 385)
4(96 97 403 402)
4(955 957 975 973)
4(385 387 405 403)
4(386 404 405 387)
4(402 403 405 404)
4(956 974 975 957)
4(972 973 975 974)
4(402 406 407 403)
4(100 101 407 406)
4(972 976 977 973)
4(403 405 409 407)
4(404 408 409 405)
4(406 407 409 408)
4(690 691 977 976)
4(973 975 979 977)
4(387 405 411 392)
4(403 410 411 405)
4(974 978 979 975)
4(976 977 979 978)
4(405 409 414 411)
4(407 413 414 409)
4(957 975 981 962)
4(387 397 417 405)
4(973 980 981 975)
4(404 405 417 416)
4(975 979 984 981)
4(405 417 419 409)
4(977 983 984 979)
4(408 409 419 418)
4(392 400 420 411)
4(957 967 987 975)
4(405 411 420 417)
4(393 401 421 412)
4(974 975 987 986)
4(975 987 989 979)
4(411 412 421 420)
4(411 420 422 414)
4(978 979 989 988)
4(409 414 422 419)
4(412 421 423 415)
4(962 970 990 981)
4(975 981 990 987)
4(414 415 423 422)
4(963 971 991 982)
4(981 982 991 990)
4(406 424 425 407)
4(122 123 425 424)
4(981 990 992 984)
4(407 409 427 425)
4(408 426 427 409)
4(424 425 427 426)
4(979 984 992 989)
4(982 991 993 985)
4(424 428 429 425)
4(126 127 429 428)
4(984 985 993 992)
4(425 427 431 429)
4(426 430 431 427)
4(428 429 431 430)
4(976 994 995 977)
4(712 713 995 994)
4(409 427 433 414)
4(425 432 433 427)
4(977 979 997 995)
4(978 996 997 979)
4(427 431 436 433)
4(429 435 436 431)
4(994 995 997 996)
4(409 419 439 427)
4(994 998 999 995)
4(426 427 439 438)
4(716 717 999 998)
4(427 439 441 431)
4(995 997 1001 999)
4(430 431 441 440)
4(414 422 442 433)
4(996 1000 1001 997)
4(427 433 442 439)
4(415 423 443 434)
4(998 999 1001 1000)
4(979 997 1003 984)
4(433 434 443 442)
4(433 442 444 436)
4(995 1002 1003 997)
4(431 436 444 441)
4(434 443 445 437)
4(997 1001 1006 1003)
4(999 1005 1006 1001)
4(436 437 445 444)
4(979 989 1009 997)
4(996 997 1009 1008)
4(428 446 447 429)
4(148 149 447 446)
4(997 1009 1011 1001)
4(429 431 449 447)
4(430 448 449 431)
4(446 447 449 448)
4(1000 1001 1011 1010)
4(984 992 1012 1003)
4(446 450 451 447)
4(152 153 451 450)
4(997 1003 1012 1009)
4(447 449 453 451)
4(448 452 453 449)
4(450 451 453 452)
4(985 993 1013 1004)
4(1003 1004 1013 1012)
4(431 449 455 436)
4(447 454 455 449)
4(1003 1012 1014 1006)
4(1001 1006 1014 1011)
4(449 453 458 455)
4(451 457 458 453)
4(1004 1013 1015 1007)
4(431 441 461 449)
4(1006 1007 1015 1014)
4(448 449 461 460)
4(998 1016 1017 999)
4(449 461 463 453)
4(738 739 1017 1016)
4(452 453 463 462)
4(436 444 464 455)
4(999 1001 1019 1017)
4(449 455 464 461)
4(437 445 465 456)
4(1000 1018 1019 1001)
4(1016 1017 1019 1018)
4(455 456 465 464)
4(455 464 466 458)
4(1016 1020 1021 1017)
4(453 458 466 463)
4(456 465 467 459)
4(742 743 1021 1020)
4(1017 1019 1023 1021)
4(458 459 467 466)
4(1018 1022 1023 1019)
4(1020 1021 1023 1022)
4(450 468 469 451)
4(174 175 469 468)
4(1001 1019 1025 1006)
4(451 453 471 469)
4(452 470 471 453)
4(468 469 471 470)
4(1017 1024 1025 1019)
4(1019 1023 1028 1025)
4(468 472 473 469)
4(178 179 473 472)
4(1021 1027 1028 1023)
4(469 471 475 473)
4(470 474 475 471)
4(472 473 475 474)
4(1001 1011 1031 1019)
4(1018 1019 1031 1030)
4(453 471 477 458)
4(469 476 477 471)
4(1019 1031 1033 1023)
4(1022 1023 1033 1032)
4(471 475 480 477)
4(473 479 480 475)
4(1006 1014 1034 1025)
4(453 463 483 471)
4(1019 1025 1034 1031)
4(470 471 483 482)
4(1007 1015 1035 1026)
4(471 483 485 475)
4(1025 1026 1035 1034)
4(474 475 485 484)
4(458 466 486 477)
4(1025 1034 1036 1028)
4(471 477 486 483)
4(459 467 487 478)
4(1023 1028 1036 1033)
4(1026 1035 1037 1029)
4(477 478 487 486)
4(477 486 488 480)
4(1028 1029 1037 1036)
4(475 480 488 485)
4(478 487 489 481)
4(1020 1038 1039 1021)
4(169 171 627 625)
4(480 481 489 488)
4(1021 1023 1041 1039)
4(1131 1139 1155 1145)
4(1026 1145 1155 1035)
4(624 625 627 626)
4(624 626 630 628)
4(1022 1040 1041 1023)
4(1132 1140 1156 1146)
4(619 623 630 626)
4(621 628 630 623)
4(625 627 631 629)
4(1145 1146 1156 1155)
4(1145 1155 1157 1149)
4(628 629 631 630)
4(1029 1149 1157 1037)
4(163 177 633 619)
4(176 632 633 177)
4(618 619 633 632)
4(1146 1156 1158 1150)
4(1149 1150 1158 1157)
4(178 634 635 179)
4(632 633 635 634)
4(1146 1152 1159 1156)
4(619 633 637 623)
4(632 636 637 633)
4(622 623 637 636)
4(1150 1154 1160 1158)
4(1148 1150 1164 1162)
4(634 638 639 635)
4(636 637 639 638)
4(1149 1163 1164 1150)
4(1161 1162 1164 1163)
4(619 626 640 633)
4(623 630 641 637)
4(621 623 645 643)
4(1148 1162 1169 1153)
4(622 644 645 623)
4(642 643 645 644)
4(1023 1041 1047 1028)
4(643 645 649 647)
4(1150 1164 1170 1154)
4(644 648 649 645)
4(646 647 649 648)
4(628 630 652 650)
4(623 645 652 630)
4(643 650 652 645)
4(629 631 653 651)
4(650 651 653 652)
4(650 652 656 654)
4(645 649 656 652)
4(1023 1033 1053 1041)
4(647 654 656 649)
4(1040 1041 1053 1052)
4(1041 1053 1055 1045)
4(1044 1045 1055 1054)
4(497 501 507 505)
4(1028 1036 1056 1047)
4(651 653 657 655)
4(1041 1047 1056 1053)
4(1149 1157 1173 1163)
4(508 509 511 510)
4(1029 1037 1057 1048)
4(509 511 515 513)
4(1047 1048 1057 1056)
4(510 514 515 511)
4(512 513 515 514)
4(1047 1056 1058 1050)
4(1045 1050 1058 1055)
4(654 655 657 656)
4(623 637 659 645)
4(636 658 659 637)
4(644 645 659 658)
4(1150 1158 1174 1164)
4(638 660 661 639)
4(658 659 661 660)
4(645 659 663 649)
4(1050 1051 1059 1058)
4(658 662 663 659)
4(648 649 663 662)
4(660 664 665 661)
4(662 663 665 664)
4(509 513 518 516)
4(221 225 518 513)
4(1164 1170 1177 1174)
4(511 515 519 517)
4(513 518 519 515)
4(645 652 666 659)
4(1168 1172 1178 1176)
4(649 656 667 663)
4(647 649 671 669)
4(648 670 671 649)
4(668 669 671 670)
4(669 671 675 673)
4(670 674 675 671)
4(1045 1055 1068 1063)
4(672 673 675 674)
4(510 520 522 514)
4(1050 1058 1069 1065)
4(654 656 678 676)
4(371 514 522 379)
4(511 521 523 515)
4(603 605 1074 1072)
4(514 515 523 522)
4(604 1073 1074 605)
4(1071 1072 1074 1073)
4(511 517 524 521)
4(1072 1074 1078 1076)
4(1073 1077 1078 1074)
4(515 519 525 523)
4(1075 1076 1078 1077)
4(513 515 529 527)
4(603 1072 1079 608)
4(514 528 529 515)
4(526 527 529 528)
4(799 804 1079 1072)
4(527 529 533 531)
4(605 1074 1080 609)
4(528 532 533 529)
4(530 531 533 532)
4(1072 1079 1080 1074)
4(1072 1076 1081 1079)
4(513 527 534 518)
4(240 245 534 527)
4(802 806 1081 1076)
4(515 529 535 519)
4(527 534 535 529)
4(1074 1078 1082 1080)
4(1076 1081 1082 1078)
4(527 531 536 534)
4(243 247 536 531)
4(604 612 1083 1073)
4(529 533 537 535)
4(531 536 537 533)
4(514 522 538 528)
4(938 1073 1083 947)
4(605 613 1084 1074)
4(390 528 538 399)
4(515 523 539 529)
4(1073 1074 1084 1083)
4(528 529 539 538)
4(528 538 540 532)
4(1073 1083 1085 1077)
4(941 1077 1085 949)
4(393 532 540 401)
4(529 539 541 533)
4(1074 1084 1086 1078)
4(532 533 541 540)
4(1077 1078 1086 1085)
4(1074 1080 1087 1084)
4(529 535 542 539)
4(1078 1082 1088 1086)
4(1076 1078 1092 1090)
4(533 537 543 541)
4(1077 1091 1092 1078)
4(531 533 547 545)
4(1089 1090 1092 1091)
4(532 546 547 533)
4(544 545 547 546)
4(1090 1092 1096 1094)
4(545 547 551 549)
4(1091 1095 1096 1092)
4(546 550 551 547)
4(548 549 551 550)
4(1093 1094 1096 1095)
4(1076 1090 1097 1081)
4(531 545 552 536)
4(262 267 552 545)
4(821 826 1097 1090)
4(533 547 553 537)
4(545 552 553 547)
4(1078 1092 1098 1082)
4(1090 1097 1098 1092)
4(545 549 554 552)
4(265 269 554 549)
4(1090 1094 1099 1097)
4(547 551 555 553)
4(549 554 555 551)
4(532 540 556 546)
4(824 828 1099 1094)
4(1092 1096 1100 1098)
4(412 546 556 421)
4(533 541 557 547)
4(1094 1099 1100 1096)
4(546 547 557 556)
4(546 556 558 550)
4(1077 1085 1101 1091)
4(960 1091 1101 969)
4(415 550 558 423)
4(547 557 559 551)
4(1078 1086 1102 1092)
4(550 551 559 558)
4(1091 1092 1102 1101)
4(1091 1101 1103 1095)
4(547 553 560 557)
4(963 1095 1103 971)
4(1092 1102 1104 1096)
4(551 555 561 559)
4(1095 1096 1104 1103)
4(549 551 565 563)
4(1092 1098 1105 1102)
4(550 564 565 551)
4(562 563 565 564)
4(1096 1100 1106 1104)
4(563 565 569 567)
4(1094 1096 1110 1108)
4(564 568 569 565)
4(566 567 569 568)
4(1095 1109 1110 1096)
4(1107 1108 1110 1109)
4(549 563 570 554)
4(284 289 570 563)
4(1108 1110 1114 1112)
4(551 565 571 555)
4(563 570 571 565)
4(1109 1113 1114 1110)
4(1111 1112 1114 1113)
4(563 567 572 570)
4(287 291 572 567)
4(1094 1108 1115 1099)
4(565 569 573 571)
4(567 572 573 569)
4(550 558 574 564)
4(843 848 1115 1108)
4(1096 1110 1116 1100)
4(434 564 574 443)
4(551 559 575 565)
4(1108 1115 1116 1110)
4(564 565 575 574)
4(564 574 576 568)
4(1108 1112 1117 1115)
4(846 850 1117 1112)
4(437 568 576 445)
4(565 575 577 569)
4(1110 1114 1118 1116)
4(568 569 577 576)
4(1112 1117 1118 1114)
4(1095 1103 1119 1109)
4(8 9 14 12)
4(3 7 14 9)
4(12 14 15 13)
4(3 17 21 7)
4(16 20 21 17)
4(20 22 23 21)
4(7 21 25 14)
4(13 15 37 35)
4(22 44 45 23)
4(755 757 761 759)
4(758 759 761 760)
4(764 768 769 765)
4(766 767 769 768)
4(753 760 771 767)
4(758 760 778 776)
4(753 775 778 760)
4(753 767 781 775)
4(766 780 781 767)
4(184 187 189 185)
4(185 189 197 195)
4(198 199 203 201)
4(35 37 206 204)
4(187 205 207 189)
4(204 206 207 205)
4(189 207 217 197)
4(206 216 217 207)
4(199 218 223 203)
4(755 895 897 757)
4(895 896 898 897)
4(896 900 902 898)
4(897 898 908 907)
4(898 902 911 908)
4(909 912 916 914)
4(900 918 920 902)
4(902 920 924 911)
4(912 925 927 916)
4(338 339 343 342)
4(339 345 347 343)
4(348 355 357 349)
4(44 358 359 45)
4(342 343 361 360)
4(358 360 361 359)
4(343 347 367 361)
4(359 361 367 366)
4(349 357 377 368)
4(764 765 1039 1038)
4(1038 1039 1041 1040)
4(494 496 497 495)
4(1040 1041 1045 1044)
4(493 499 501 497)
4(1162 1164 1168 1166)
4(1163 1167 1168 1164)
4(1165 1166 1168 1167)
4(909 914 1169 1162)
4(1039 1046 1047 1041)
4(1041 1047 1050 1045)
4(1162 1169 1170 1164)
4(493 497 505 503)
4(1164 1170 1172 1168)
4(495 497 511 509)
4(496 510 511 497)
4(1048 1163 1173 1057)
4(218 509 516 223)
4(1163 1164 1174 1173)
4(1048 1057 1059 1051)
4(497 501 517 511)
4(509 511 517 516)
4(1164 1168 1176 1174)
4(1044 1045 1063 1062)
4(1045 1050 1065 1063)
4(1168 1172 1184 1182)
4(368 377 520 510)
4(497 511 521 505)
4(510 520 521 511)
4(1051 1059 1070 1066)
4(1168 1182 1186 1176)
3(18 19 1221)
3(23 21 1221)
3(20 22 1221)
3(19 17 1221)
3(21 19 1221)
3(18 16 1221)
3(7 1222 3)
3(14 1222 7)
3(9 1222 14)
3(3 1222 9)
3(17 1222 3)
3(21 1222 17)
3(7 1222 21)
3(25 14 1222)
3(21 25 1222)
3(24 9 1222)
3(25 24 1222)
3(9 25 1222)
3(17 25 1222)
3(17 24 1222)
3(24 3 1222)
3(11 1223 10)
3(15 1223 11)
3(13 1223 15)
3(10 1223 13)
3(182 183 1188)
3(183 182 1223)
3(1188 183 1223)
3(182 1188 1223)
3(183 188 1188)
3(188 183 1223)
3(1188 188 1223)
3(188 186 1188)
3(186 188 1223)
3(1188 186 1223)
3(186 182 1188)
3(182 186 1223)
3(13 186 1189)
3(186 13 1223)
3(1189 186 1223)
3(13 1189 1223)
3(186 188 1189)
3(1189 188 1223)
3(188 15 1189)
3(15 188 1223)
3(1189 15 1223)
3(15 13 1189)
3(11 183 1223)
3(10 182 1223)
3(183 1224 182)
3(1188 1224 183)
3(182 1224 1188)
3(188 1224 183)
3(1188 1224 188)
3(186 1224 188)
3(1188 1224 186)
3(182 1224 186)
3(185 184 1224)
3(189 185 1224)
3(187 189 1224)
3(184 187 1224)
4(183 188 189 185)
3(189 188 1224)
3(183 185 1224)
4(186 187 189 188)
3(187 186 1224)
3(182 184 1224)
3(188 1225 183)
3(189 1225 188)
3(185 1225 189)
3(183 1225 185)
3(195 185 1225)
3(197 195 1225)
3(189 197 1225)
3(188 189 1190)
3(1190 189 1225)
3(188 1190 1225)
3(189 197 1190)
3(1190 197 1225)
3(197 196 1190)
3(196 197 1225)
3(1190 196 1225)
3(196 188 1190)
3(188 196 1225)
3(196 194 1225)
3(194 197 1225)
3(194 195 1225)
3(183 194 1225)
3(196 183 1225)
3(15 1226 13)
3(37 1226 15)
3(35 1226 37)
3(13 1226 35)
3(186 1226 13)
3(1189 1226 186)
3(13 1226 1189)
3(188 1226 186)
3(1189 1226 188)
3(15 1226 188)
3(1189 1226 15)
3(186 188 1191)
3(1191 188 1226)
3(186 1191 1226)
3(188 206 1191)
3(206 188 1226)
3(1191 206 1226)
3(206 204 1191)
3(204 206 1226)
3(1191 204 1226)
3(204 186 1191)
3(186 204 1226)
3(204 35 1226)
3(37 206 1226)
3(187 1227 186)
3(189 1227 187)
3(188 1227 189)
3(186 1227 188)
3(1191 1227 188)
3(186 1227 1191)
3(206 1227 188)
3(1191 1227 206)
3(204 1227 206)
3(1191 1227 204)
3(186 1227 204)
3(207 189 1227)
3(205 207 1227)
3(187 205 1227)
4(188 206 207 189)
3(207 206 1227)
3(205 204 1227)
3(189 1228 188)
3(1190 1228 189)
3(188 1228 1190)
3(197 1228 189)
3(1190 1228 197)
3(196 1228 197)
3(1190 1228 196)
3(188 1228 196)
3(206 1228 188)
3(207 1228 206)
3(189 1228 207)
3(217 197 1228)
3(207 217 1228)
3(216 217 1228)
3(206 216 1228)
3(196 216 1228)
3(22 1229 18)
3(23 1229 22)
3(19 1229 23)
3(18 1229 19)
3(336 340 1196)
3(340 336 1229)
3(1196 340 1229)
3(336 1196 1229)
3(340 341 1196)
3(341 340 1229)
3(1196 341 1229)
3(341 337 1196)
3(337 341 1229)
3(1196 337 1229)
3(337 336 1196)
3(336 337 1229)
3(22 23 1197)
3(1197 23 1229)
3(22 1197 1229)
3(23 341 1197)
3(341 23 1229)
3(1197 341 1229)
3(341 340 1197)
3(1197 340 1229)
3(340 22 1197)
3(22 340 1229)
3(337 19 1229)
3(336 18 1229)
3(340 1230 336)
3(1196 1230 340)
3(336 1230 1196)
3(341 1230 340)
3(1196 1230 341)
3(337 1230 341)
3(1196 1230 337)
3(336 1230 337)
4(337 339 343 341)
3(339 337 1230)
3(343 339 1230)
3(341 343 1230)
3(342 338 1230)
3(343 342 1230)
3(338 339 1230)
4(340 341 343 342)
3(340 342 1230)
3(338 336 1230)
3(339 1231 337)
3(343 1231 339)
3(341 1231 343)
3(337 1231 341)
3(347 343 1231)
3(345 347 1231)
3(339 345 1231)
3(341 346 1198)
3(346 341 1231)
3(1198 346 1231)
3(341 1198 1231)
3(346 347 1198)
3(347 346 1231)
3(1198 347 1231)
3(347 343 1198)
3(1198 343 1231)
3(343 341 1198)
3(345 344 1231)
3(344 347 1231)
3(344 346 1231)
3(346 337 1231)
3(344 337 1231)
3(44 1232 22)
3(45 1232 44)
3(23 1232 45)
3(22 1232 23)
3(1197 1232 23)
3(22 1232 1197)
3(341 1232 23)
3(1197 1232 341)
3(340 1232 341)
3(1197 1232 340)
3(22 1232 340)
3(340 358 1199)
3(358 340 1232)
3(1199 358 1232)
3(340 1199 1232)
3(358 359 1199)
3(359 358 1232)
3(1199 359 1232)
3(359 341 1199)
3(341 359 1232)
3(1199 341 1232)
3(341 340 1199)
3(359 45 1232)
3(44 358 1232)
3(341 1233 340)
3(343 1233 341)
3(342 1233 343)
3(340 1233 342)
3(358 1233 340)
3(1199 1233 358)
3(340 1233 1199)
3(359 1233 358)
3(1199 1233 359)
3(341 1233 359)
3(1199 1233 341)
4(341 343 361 359)
3(361 343 1233)
3(359 361 1233)
3(360 342 1233)
3(361 360 1233)
3(358 360 1233)
3(346 1234 341)
3(1198 1234 346)
3(341 1234 1198)
3(347 1234 346)
3(1198 1234 347)
3(343 1234 347)
3(1198 1234 343)
3(341 1234 343)
3(361 1234 343)
3(359 1234 361)
3(341 1234 359)
3(367 361 1234)
3(347 367 1234)
3(366 359 1234)
3(367 366 1234)
3(346 366 1234)
3(491 493 1200)
3(493 491 1235)
3(1200 493 1235)
3(491 1200 1235)
3(493 497 1200)
3(497 493 1235)
3(1200 497 1235)
3(497 495 1200)
3(495 497 1235)
3(1200 495 1235)
3(495 491 1200)
3(491 495 1235)
3(492 496 1201)
3(496 492 1235)
3(1201 496 1235)
3(492 1201 1235)
3(496 497 1201)
3(497 496 1235)
3(1201 497 1235)
3(497 493 1201)
3(1201 493 1235)
3(493 492 1201)
3(492 493 1235)
3(495 494 1235)
3(494 496 1235)
3(490 492 1235)
3(496 490 1235)
3(494 490 1235)
3(495 490 1235)
3(491 490 1235)
3(199 1236 198)
3(203 1236 199)
3(201 1236 203)
3(198 1236 201)
3(491 495 1204)
3(495 491 1236)
3(1204 495 1236)
3(491 1204 1236)
3(495 500 1204)
3(500 495 1236)
3(1204 500 1236)
3(500 498 1204)
3(498 500 1236)
3(1204 498 1236)
3(498 491 1204)
3(491 498 1236)
3(199 203 1205)
3(1205 203 1236)
3(199 1205 1236)
3(203 500 1205)
3(500 203 1236)
3(1205 500 1236)
3(500 495 1205)
3(1205 495 1236)
3(495 199 1205)
3(199 495 1236)
3(198 491 1236)
3(491 199 1236)
3(201 498 1236)
3(493 1237 491)
3(1200 1237 493)
3(491 1237 1200)
3(497 1237 493)
3(1200 1237 497)
3(495 1237 497)
3(1200 1237 495)
3(491 1237 495)
3(1204 1237 495)
3(491 1237 1204)
3(500 1237 495)
3(1204 1237 500)
3(498 1237 500)
3(1204 1237 498)
3(491 1237 498)
3(501 497 1237)
3(499 501 1237)
3(493 499 1237)
4(495 500 501 497)
3(501 500 1237)
3(498 499 1237)
3(355 1238 348)
3(357 1238 355)
3(349 1238 357)
3(348 1238 349)
3(492 502 1206)
3(502 492 1238)
3(1206 502 1238)
3(492 1206 1238)
3(502 504 1206)
3(504 502 1238)
3(1206 504 1238)
3(504 496 1206)
3(496 504 1238)
3(1206 496 1238)
3(496 492 1206)
3(492 496 1238)
3(349 496 1207)
3(496 349 1238)
3(1207 496 1238)
3(349 1207 1238)
3(496 504 1207)
3(1207 504 1238)
3(504 357 1207)
3(357 504 1238)
3(1207 357 1238)
3(357 349 1207)
3(492 349 1238)
3(492 348 1238)
3(502 355 1238)
3(496 1239 492)
3(1201 1239 496)
3(492 1239 1201)
3(497 1239 496)
3(1201 1239 497)
3(493 1239 497)
3(1201 1239 493)
3(492 1239 493)
3(502 1239 492)
3(1206 1239 502)
3(492 1239 1206)
3(504 1239 502)
3(1206 1239 504)
3(496 1239 504)
3(1206 1239 496)
3(503 493 1239)
3(505 503 1239)
3(497 505 1239)
4(496 497 505 504)
3(504 505 1239)
3(503 502 1239)
3(218 1240 199)
3(223 1240 218)
3(203 1240 223)
3(199 1240 203)
3(1205 1240 203)
3(199 1240 1205)
3(500 1240 203)
3(1205 1240 500)
3(495 1240 500)
3(1205 1240 495)
3(199 1240 495)
3(495 509 1209)
3(509 495 1240)
3(1209 509 1240)
3(495 1209 1240)
3(509 516 1209)
3(516 509 1240)
3(1209 516 1240)
3(516 500 1209)
3(500 516 1240)
3(1209 500 1240)
3(500 495 1209)
3(516 223 1240)
3(218 509 1240)
3(500 1241 495)
3(501 1241 500)
3(497 1241 501)
3(495 1241 497)
3(511 1241 497)
3(509 1241 511)
3(495 1241 509)
3(1209 1241 509)
3(495 1241 1209)
3(516 1241 509)
3(1209 1241 516)
3(500 1241 516)
3(1209 1241 500)
3(517 511 1241)
3(501 517 1241)
3(517 516 1241)
3(357 1242 349)
3(377 1242 357)
3(368 1242 377)
3(349 1242 368)
3(496 1242 349)
3(1207 1242 496)
3(349 1242 1207)
3(504 1242 496)
3(1207 1242 504)
3(357 1242 504)
3(1207 1242 357)
3(496 504 1211)
3(1211 504 1242)
3(496 1211 1242)
3(504 520 1211)
3(520 504 1242)
3(1211 520 1242)
3(520 510 1211)
3(510 520 1242)
3(1211 510 1242)
3(510 496 1211)
3(496 510 1242)
3(510 368 1242)
3(377 520 1242)
3(497 1243 496)
3(505 1243 497)
3(504 1243 505)
3(496 1243 504)
3(510 1243 496)
3(511 1243 510)
3(497 1243 511)
3(1211 1243 504)
3(496 1243 1211)
3(520 1243 504)
3(1211 1243 520)
3(510 1243 520)
3(1211 1243 510)
3(521 505 1243)
3(511 521 1243)
3(520 521 1243)
3(759 1244 758)
3(761 1244 759)
3(760 1244 761)
3(758 1244 760)
3(778 1244 760)
3(776 1244 778)
3(758 1244 776)
4(759 761 779 777)
3(779 761 1244)
3(777 779 1244)
3(759 777 1244)
3(779 778 1244)
3(760 779 1244)
3(777 776 1244)
3(767 1245 766)
3(769 1245 767)
3(768 1245 769)
3(766 1245 768)
3(780 1245 766)
3(781 1245 780)
3(767 1245 781)
4(768 782 783 769)
3(782 768 1245)
3(783 782 1245)
3(769 783 1245)
3(767 783 1245)
3(781 783 1245)
3(780 782 1245)
3(760 1246 753)
3(771 1246 760)
3(767 1246 771)
3(753 1246 767)
3(775 1246 753)
3(778 1246 775)
3(760 1246 778)
3(781 1246 767)
3(775 1246 781)
3(778 771 1246)
3(784 771 1246)
3(778 784 1246)
3(784 781 1246)
3(781 771 1246)
3(784 775 1246)
3(757 1247 755)
3(761 1247 757)
3(759 1247 761)
3(755 1247 759)
3(895 1247 755)
3(897 1247 895)
3(757 1247 897)
3(895 897 1192)
3(1192 897 1247)
3(895 1192 1247)
3(897 901 1192)
3(901 897 1247)
3(1192 901 1247)
3(901 899 1192)
3(899 901 1247)
3(1192 899 1247)
3(899 895 1192)
3(895 899 1247)
3(759 899 1193)
3(899 759 1247)
3(1193 899 1247)
3(759 1193 1247)
3(899 901 1193)
3(1193 901 1247)
3(901 761 1193)
3(761 901 1247)
3(1193 761 1247)
3(761 759 1193)
3(896 1248 895)
3(898 1248 896)
3(897 1248 898)
3(895 1248 897)
3(1192 1248 897)
3(895 1248 1192)
3(901 1248 897)
3(1192 1248 901)
3(899 1248 901)
3(1192 1248 899)
3(895 1248 899)
3(902 898 1248)
3(900 902 1248)
3(896 900 1248)
4(897 901 902 898)
3(902 901 1248)
4(899 900 902 901)
3(900 899 1248)
3(901 1249 897)
3(902 1249 901)
3(898 1249 902)
3(897 1249 898)
3(908 1249 898)
3(907 1249 908)
3(897 1249 907)
3(911 908 1249)
3(902 911 1249)
3(901 902 1194)
3(1194 902 1249)
3(901 1194 1249)
3(902 911 1194)
3(1194 911 1249)
3(911 910 1194)
3(910 911 1249)
3(1194 910 1249)
3(910 901 1194)
3(901 910 1249)
3(907 910 1249)
3(761 1250 759)
3(779 1250 761)
3(777 1250 779)
3(759 1250 777)
3(899 1250 759)
3(1193 1250 899)
3(759 1250 1193)
3(901 1250 899)
3(1193 1250 901)
3(761 1250 901)
3(1193 1250 761)
3(899 901 1195)
3(1195 901 1250)
3(899 1195 1250)
3(901 919 1195)
3(919 901 1250)
3(1195 919 1250)
3(919 917 1195)
3(917 919 1250)
3(1195 917 1250)
3(917 899 1195)
3(899 917 1250)
3(919 779 1250)
3(917 777 1250)
3(900 1251 899)
3(902 1251 900)
3(901 1251 902)
3(899 1251 901)
3(1195 1251 901)
3(899 1251 1195)
3(919 1251 901)
3(1195 1251 919)
3(917 1251 919)
3(1195 1251 917)
3(899 1251 917)
3(920 902 1251)
3(918 920 1251)
3(900 918 1251)
4(901 919 920 902)
3(920 919 1251)
3(918 917 1251)
3(902 1252 901)
3(1194 1252 902)
3(901 1252 1194)
3(911 1252 902)
3(1194 1252 911)
3(910 1252 911)
3(1194 1252 910)
3(901 1252 910)
3(919 1252 901)
3(920 1252 919)
3(902 1252 920)
3(924 911 1252)
3(920 924 1252)
3(924 923 1252)
3(923 911 1252)
3(923 910 1252)
3(910 919 1252)
3(923 919 1252)
3(768 1253 764)
3(769 1253 768)
3(765 1253 769)
3(764 1253 765)
3(1039 1253 765)
3(1038 1253 1039)
3(764 1253 1038)
3(1038 1042 1202)
3(1042 1038 1253)
3(1202 1042 1253)
3(1038 1202 1253)
3(1042 1043 1202)
3(1043 1042 1253)
3(1202 1043 1253)
3(1043 1039 1202)
3(1039 1043 1253)
3(1202 1039 1253)
3(1039 1038 1202)
3(768 769 1203)
3(1203 769 1253)
3(768 1203 1253)
3(769 1043 1203)
3(1043 769 1253)
3(1203 1043 1253)
3(1043 1042 1203)
3(1203 1042 1253)
3(1042 768 1203)
3(768 1042 1253)
3(1039 1254 1038)
3(1041 1254 1039)
3(1040 1254 1041)
3(1038 1254 1040)
3(1042 1254 1038)
3(1202 1254 1042)
3(1038 1254 1202)
3(1043 1254 1042)
3(1202 1254 1043)
3(1039 1254 1043)
3(1202 1254 1039)
4(1039 1041 1045 1043)
3(1045 1041 1254)
3(1043 1045 1254)
3(1044 1040 1254)
3(1045 1044 1254)
4(1042 1043 1045 1044)
3(1042 1044 1254)
3(1041 1255 1039)
3(1045 1255 1041)
3(1043 1255 1045)
3(1039 1255 1043)
3(1046 1255 1039)
3(1047 1255 1046)
3(1041 1255 1047)
3(1050 1045 1255)
3(1047 1050 1255)
3(1043 1049 1208)
3(1049 1043 1255)
3(1208 1049 1255)
3(1043 1208 1255)
3(1049 1050 1208)
3(1050 1049 1255)
3(1208 1050 1255)
3(1050 1045 1208)
3(1208 1045 1255)
3(1045 1043 1208)
3(1046 1049 1255)
3(782 1256 768)
3(783 1256 782)
3(769 1256 783)
3(768 1256 769)
3(1203 1256 769)
3(768 1256 1203)
3(1043 1256 769)
3(1203 1256 1043)
3(1042 1256 1043)
3(1203 1256 1042)
3(768 1256 1042)
3(1042 1060 1210)
3(1060 1042 1256)
3(1210 1060 1256)
3(1042 1210 1256)
3(1060 1061 1210)
3(1061 1060 1256)
3(1210 1061 1256)
3(1061 1043 1210)
3(1043 1061 1256)
3(1210 1043 1256)
3(1043 1042 1210)
3(783 1061 1256)
3(782 1060 1256)
3(1043 1257 1042)
3(1045 1257 1043)
3(1044 1257 1045)
3(1042 1257 1044)
3(1060 1257 1042)
3(1210 1257 1060)
3(1042 1257 1210)
3(1061 1257 1060)
3(1210 1257 1061)
3(1043 1257 1061)
3(1210 1257 1043)
4(1043 1045 1063 1061)
3(1063 1045 1257)
3(1061 1063 1257)
3(1062 1044 1257)
3(1063 1062 1257)
3(1060 1062 1257)
3(1049 1258 1043)
3(1208 1258 1049)
3(1043 1258 1208)
3(1050 1258 1049)
3(1208 1258 1050)
3(1045 1258 1050)
3(1208 1258 1045)
3(1043 1258 1045)
3(1063 1258 1045)
3(1061 1258 1063)
3(1043 1258 1061)
3(1065 1063 1258)
3(1050 1065 1258)
3(1049 1064 1258)
3(1064 1050 1258)
3(1064 1065 1258)
3(1061 1064 1258)
3(1049 1061 1258)
3(912 1259 909)
3(916 1259 912)
3(914 1259 916)
3(909 1259 914)
3(1169 1259 914)
3(1162 1259 1169)
3(909 1259 1162)
3(1162 1166 1212)
3(1166 1162 1259)
3(1212 1166 1259)
3(1162 1212 1259)
3(1166 1171 1212)
3(1171 1166 1259)
3(1212 1171 1259)
3(1171 1169 1212)
3(1169 1171 1259)
3(1212 1169 1259)
3(1169 1162 1212)
3(912 916 1213)
3(1213 916 1259)
3(912 1213 1259)
3(916 1171 1213)
3(1171 916 1259)
3(1213 1171 1259)
3(1171 1166 1213)
3(1213 1166 1259)
3(1166 912 1213)
3(912 1166 1259)
3(1164 1260 1162)
3(1168 1260 1164)
3(1166 1260 1168)
3(1162 1260 1166)
3(1169 1260 1162)
3(1170 1260 1169)
3(1164 1260 1170)
3(1212 1260 1166)
3(1162 1260 1212)
3(1171 1260 1166)
3(1212 1260 1171)
3(1169 1260 1171)
3(1212 1260 1169)
3(1172 1168 1260)
3(1170 1172 1260)
4(1166 1171 1172 1168)
3(1172 1171 1260)
3(1057 1261 1048)
3(1059 1261 1057)
3(1051 1261 1059)
3(1048 1261 1051)
3(1163 1261 1048)
3(1173 1261 1163)
3(1057 1261 1173)
3(1163 1173 1214)
3(1214 1173 1261)
3(1163 1214 1261)
3(1173 1175 1214)
3(1175 1173 1261)
3(1214 1175 1261)
3(1175 1167 1214)
3(1167 1175 1261)
3(1214 1167 1261)
3(1167 1163 1214)
3(1163 1167 1261)
3(1051 1167 1215)
3(1167 1051 1261)
3(1215 1167 1261)
3(1051 1215 1261)
3(1167 1175 1215)
3(1215 1175 1261)
3(1175 1059 1215)
3(1059 1175 1261)
3(1215 1059 1261)
3(1059 1051 1215)
3(1167 1262 1163)
3(1168 1262 1167)
3(1164 1262 1168)
3(1163 1262 1164)
3(1174 1262 1164)
3(1173 1262 1174)
3(1163 1262 1173)
3(1214 1262 1173)
3(1163 1262 1214)
3(1175 1262 1173)
3(1214 1262 1175)
3(1167 1262 1175)
3(1214 1262 1167)
3(1176 1174 1262)
3(1168 1176 1262)
4(1167 1168 1176 1175)
3(1175 1176 1262)
3(1166 1263 1165)
3(1168 1263 1166)
3(1167 1263 1168)
3(1165 1263 1167)
3(1166 1168 1216)
3(1216 1168 1263)
3(1166 1216 1263)
3(1168 1182 1216)
3(1182 1168 1263)
3(1216 1182 1263)
3(1182 1180 1216)
3(1180 1182 1263)
3(1216 1180 1263)
3(1180 1166 1216)
3(1166 1180 1263)
3(1167 1181 1217)
3(1181 1167 1263)
3(1217 1181 1263)
3(1167 1217 1263)
3(1181 1182 1217)
3(1182 1181 1263)
3(1217 1182 1263)
3(1182 1168 1217)
3(1217 1168 1263)
3(1168 1167 1217)
3(1179 1165 1263)
3(1167 1179 1263)
3(1181 1179 1263)
3(1179 1180 1263)
3(1166 1179 1263)
3(925 1264 912)
3(927 1264 925)
3(916 1264 927)
3(912 1264 916)
3(1213 1264 916)
3(912 1264 1213)
3(1171 1264 916)
3(1213 1264 1171)
3(1166 1264 1171)
3(1213 1264 1166)
3(912 1264 1166)
3(1166 1180 1218)
3(1180 1166 1264)
3(1218 1180 1264)
3(1166 1218 1264)
3(1180 1183 1218)
3(1183 1180 1264)
3(1218 1183 1264)
3(1183 1171 1218)
3(1171 1183 1264)
3(1218 1171 1264)
3(1171 1166 1218)
3(1180 912 1264)
3(1180 925 1264)
3(1183 927 1264)
3(1171 1265 1166)
3(1172 1265 1171)
3(1168 1265 1172)
3(1166 1265 1168)
3(1216 1265 1168)
3(1166 1265 1216)
3(1182 1265 1168)
3(1216 1265 1182)
3(1180 1265 1182)
3(1216 1265 1180)
3(1166 1265 1180)
3(1218 1265 1180)
3(1166 1265 1218)
3(1183 1265 1180)
3(1218 1265 1183)
3(1171 1265 1183)
3(1218 1265 1171)
3(1184 1182 1265)
3(1172 1184 1265)
3(1184 1183 1265)
3(1059 1266 1051)
3(1070 1266 1059)
3(1066 1266 1070)
3(1051 1266 1066)
3(1167 1266 1051)
3(1215 1266 1167)
3(1051 1266 1215)
3(1175 1266 1167)
3(1215 1266 1175)
3(1059 1266 1175)
3(1215 1266 1059)
3(1167 1175 1219)
3(1219 1175 1266)
3(1167 1219 1266)
3(1175 1185 1219)
3(1185 1175 1266)
3(1219 1185 1266)
3(1185 1181 1219)
3(1181 1185 1266)
3(1219 1181 1266)
3(1181 1167 1219)
3(1167 1181 1266)
3(1066 1181 1266)
3(1181 1051 1266)
3(1070 1185 1266)
3(1168 1267 1167)
3(1176 1267 1168)
3(1175 1267 1176)
3(1167 1267 1175)
3(1181 1267 1167)
3(1217 1267 1181)
3(1167 1267 1217)
3(1182 1267 1181)
3(1217 1267 1182)
3(1168 1267 1182)
3(1217 1267 1168)
3(1219 1267 1175)
3(1167 1267 1219)
3(1185 1267 1175)
3(1219 1267 1185)
3(1181 1267 1185)
3(9 1220 8)
3(14 1220 9)
3(12 1220 14)
3(8 1220 12)
4(10 11 15 13)
3(11 10 1220)
3(15 11 1220)
3(13 15 1220)
3(10 13 1220)
3(13 12 1220)
3(14 15 1220)
3(1219 1267 1181)
3(14 11 1220)
3(1186 1176 1267)
3(9 11 1220)
3(1182 1186 1267)
3(8 10 1220)
3(1185 1186 1267)
3(20 1221 16)
3(21 1221 20)
3(17 1221 21)
3(16 1221 17)
4(18 22 23 19)
3(22 18 1221)
3(23 22 1221)
3(19 23 1221)
4(656 678 679 657)
4(678 682 683 679)
4(663 665 687 685)
3(9 24 25)
3(9 25 14)
3(17 21 25)
3(17 25 24)
4(685 687 691 689)
4(656 667 692 678)
4(663 685 692 667)
4(678 692 693 682)
4(685 689 693 692)
4(14 36 37 15)
4(36 40 41 37)
4(21 23 45 43)
4(682 704 705 683)
4(43 45 49 47)
4(14 25 50 36)
4(21 43 50 25)
4(36 50 51 40)
4(43 47 51 50)
4(704 708 709 705)
4(689 691 713 711)
4(40 62 63 41)
4(711 713 717 715)
4(62 66 67 63)
4(682 693 718 704)
4(689 711 718 693)
4(704 718 719 708)
4(711 715 719 718)
4(47 49 71 69)
4(69 71 75 73)
4(40 51 76 62)
4(47 69 76 51)
4(62 76 77 66)
4(69 73 77 76)
4(708 730 731 709)
4(66 88 89 67)
4(730 734 735 731)
4(88 92 93 89)
4(715 717 739 737)
4(73 75 97 95)
4(95 97 101 99)
4(66 77 102 88)
4(737 739 743 741)
4(73 95 102 77)
4(88 102 103 92)
4(708 719 744 730)
4(715 737 744 719)
4(95 99 103 102)
4(730 744 745 734)
4(737 741 745 744)
4(92 114 115 93)
4(114 118 119 115)
4(734 756 757 735)
4(99 101 123 121)
4(121 123 127 125)
4(756 760 761 757)
4(92 103 128 114)
4(99 121 128 103)
4(114 128 129 118)
4(121 125 129 128)
4(741 743 765 763)
4(763 765 769 767)
4(118 140 141 119)
4(734 745 770 756)
4(741 763 770 745)
4(756 770 771 760)
4(763 767 771 770)
4(140 144 145 141)
4(125 127 149 147)
4(147 149 153 151)
4(118 129 154 140)
3(778 760 771)
3(778 771 784)
3(781 784 771)
3(781 771 767)
4(125 147 154 129)
4(171 627 787 320)
4(140 154 155 144)
4(147 151 155 154)
4(627 631 791 787)
4(144 166 167 145)
4(166 170 171 167)
4(320 787 797 329)
4(329 797 798 330)
4(151 153 175 173)
4(787 791 800 797)
4(797 800 801 798)
4(173 175 179 177)
4(144 155 180 166)
4(330 798 799 331)
4(151 173 180 155)
4(166 180 181 170)
4(173 177 181 180)
4(798 801 802 799)
4(631 653 809 791)
4(653 657 813 809)
3(194 196 197)
3(194 197 195)
4(195 197 199 198)
4(791 809 819 800)
4(15 37 206 188)
4(800 819 820 801)
4(809 813 822 819)
4(819 822 823 820)
4(37 41 210 206)
4(801 820 821 802)
4(188 206 216 196)
4(820 823 824 821)
4(196 216 217 197)
4(206 210 219 216)
4(216 219 220 217)
4(657 679 831 813)
4(197 217 218 199)
4(217 220 221 218)
4(679 683 835 831)
4(41 63 228 210)
4(63 67 232 228)
4(813 831 841 822)
4(822 841 842 823)
4(831 835 844 841)
4(841 844 845 842)
4(210 228 238 219)
4(219 238 239 220)
4(228 232 241 238)
4(823 842 843 824)
4(238 241 242 239)
4(220 239 240 221)
4(842 845 846 843)
4(239 242 243 240)
4(683 705 853 835)
4(67 89 250 232)
4(89 93 254 250)
4(705 709 857 853)
4(232 250 260 241)
4(241 260 261 242)
4(250 254 263 260)
4(835 853 863 844)
4(260 263 264 261)
4(844 863 864 845)
4(853 857 866 863)
4(242 261 262 243)
4(863 866 867 864)
4(261 264 265 262)
4(845 864 865 846)
4(93 115 272 254)
4(864 867 868 865)
4(115 119 276 272)
4(709 731 875 857)
4(254 272 282 263)
4(731 735 879 875)
4(263 282 283 264)
4(272 276 285 282)
4(282 285 286 283)
4(264 283 284 265)
4(283 286 287 284)
4(857 875 885 866)
4(866 885 886 867)
4(875 879 888 885)
4(119 141 294 276)
4(885 888 889 886)
4(141 145 298 294)
4(867 886 887 868)
4(886 889 890 887)
4(276 294 304 285)
4(285 304 305 286)
4(735 757 897 879)
4(294 298 307 304)
4(304 307 308 305)
4(286 305 306 287)
4(757 761 901 897)
4(305 308 309 306)
4(145 167 316 298)
4(167 171 320 316)
4(879 897 907 888)
4(888 907 908 889)
4(897 901 910 907)
4(907 910 911 908)
4(298 316 326 307)
4(889 908 909 890)
4(307 326 327 308)
4(316 320 329 326)
4(326 329 330 327)
4(908 911 912 909)
4(308 327 328 309)
4(327 330 331 328)
3(923 924 911)
3(923 911 910)
4(911 924 925 912)
4(179 473 929 635)
3(344 345 347)
3(344 347 346)
4(635 929 933 639)
4(345 348 349 347)
4(479 480 937 936)
4(473 479 936 929)
4(936 937 940 939)
4(929 936 939 933)
4(23 341 359 45)
4(45 359 363 49)
4(346 347 367 366)
4(341 346 366 359)
4(366 367 370 369)
4(480 481 938 937)
4(359 366 369 363)
4(937 938 941 940)
4(639 933 951 661)
4(347 349 368 367)
4(367 368 371 370)
4(661 951 955 665)
4(49 363 381 71)
4(939 940 959 958)
4(933 939 958 951)
4(71 381 385 75)
4(958 959 962 961)
4(951 958 961 955)
4(369 370 389 388)
4(363 369 388 381)
4(388 389 392 391)
4(381 388 391 385)
4(940 941 960 959)
4(370 371 390 389)
4(389 390 393 392)
4(959 960 963 962)
4(665 955 973 687)
4(75 385 403 97)
4(97 403 407 101)
4(687 973 977 691)
4(391 392 411 410)
4(385 391 410 403)
4(410 411 414 413)
4(403 410 413 407)
4(961 962 981 980)
4(955 961 980 973)
4(980 981 984 983)
4(973 980 983 977)
4(392 393 412 411)
4(411 412 415 414)
4(962 963 982 981)
4(101 407 425 123)
4(123 425 429 127)
4(981 982 985 984)
4(691 977 995 713)
4(413 414 433 432)
4(407 413 432 425)
4(432 433 436 435)
4(425 432 435 429)
4(713 995 999 717)
4(414 415 434 433)
4(983 984 1003 1002)
4(977 983 1002 995)
4(1002 1003 1006 1005)
4(995 1002 1005 999)
4(433 434 437 436)
4(127 429 447 149)
4(149 447 451 153)
4(435 436 455 454)
4(984 985 1004 1003)
4(429 435 454 447)
4(454 455 458 457)
4(447 454 457 451)
4(1003 1004 1007 1006)
4(717 999 1017 739)
4(436 437 456 455)
4(739 1017 1021 743)
4(455 456 459 458)
4(153 451 469 175)
4(1005 1006 1025 1024)
4(999 1005 1024 1017)
4(1024 1025 1028 1027)
4(1017 1024 1027 1021)
4(175 469 473 179)
4(457 458 477 476)
4(451 457 476 469)
4(476 477 480 479)
4(469 476 479 473)
4(1006 1007 1026 1025)
4(458 459 478 477)
4(1025 1026 1029 1028)
4(743 1021 1039 765)
4(477 478 481 480)
4(765 1039 1043 769)
3(491 198 199)
3(491 199 495)
4(1027 1028 1047 1046)
4(1021 1027 1046 1039)
3(492 496 349)
3(492 349 348)
4(1046 1047 1050 1049)
4(1039 1046 1049 1043)
4(494 508 510 496)
4(494 495 509 508)
4(508 512 514 510)
4(1028 1029 1048 1047)
4(508 509 513 512)
4(199 218 509 495)
4(1047 1048 1051 1050)
4(218 221 513 509)
4(349 496 510 368)
3(1064 1049 1050)
3(1064 1050 1065)
4(368 510 514 371)
4(1050 1051 1066 1065)
4(602 1071 1073 604)
4(602 603 1072 1071)
4(1071 1075 1077 1073)
4(1071 1072 1076 1075)
4(512 526 528 514)
4(331 799 1072 603)
4(512 513 527 526)
4(526 530 532 528)
4(526 527 531 530)
4(221 240 527 513)
4(799 802 1076 1072)
4(240 243 531 527)
4(481 604 1073 938)
4(371 514 528 390)
4(390 528 532 393)
4(938 1073 1077 941)
4(1075 1089 1091 1077)
4(1075 1076 1090 1089)
4(530 544 546 532)
4(530 531 545 544)
4(1089 1093 1095 1091)
4(544 548 550 546)
4(1089 1090 1094 1093)
4(544 545 549 548)
4(243 262 545 531)
4(802 821 1090 1076)
4(262 265 549 545)
4(821 824 1094 1090)
4(393 532 546 412)
4(412 546 550 415)
4(941 1077 1091 960)
4(960 1091 1095 963)
4(548 562 564 550)
4(548 549 563 562)
4(562 566 568 564)
4(1093 1107 1109 1095)
4(562 563 567 566)
4(1093 1094 1108 1107)
4(265 284 563 549)
4(1107 1111 1113 1109)
4(1107 1108 1112 1111)
4(284 287 567 563)
4(824 843 1108 1094)
4(415 550 564 434)
4(843 846 1112 1108)
4(434 564 568 437)
4(963 1095 1109 982)
4(566 580 582 568)
4(566 567 581 580)
4(982 1109 1113 985)
4(580 584 586 582)
4(580 581 585 584)
4(287 306 581 567)
4(1111 1125 1127 1113)
4(306 309 585 581)
4(1111 1112 1126 1125)
4(1125 1129 1131 1127)
4(437 568 582 456)
4(1125 1126 1130 1129)
4(846 865 1126 1112)
4(456 582 586 459)
4(865 868 1130 1126)
4(584 598 600 586)
4(584 585 599 598)
4(985 1113 1127 1004)
4(598 602 604 600)
4(598 599 603 602)
4(309 328 599 585)
4(1004 1127 1131 1007)
4(328 331 603 599)
4(459 586 600 478)
4(1129 1143 1145 1131)
4(1129 1130 1144 1143)
4(478 600 604 481)
4(1143 1147 1149 1145)
4(1143 1144 1148 1147)
4(868 887 1144 1130)
4(887 890 1148 1144)
4(1007 1131 1145 1026)
4(170 626 627 171)
4(626 630 631 627)
4(1026 1145 1149 1029)
4(177 179 635 633)
4(1147 1161 1163 1149)
4(633 635 639 637)
4(1147 1148 1162 1161)
4(170 181 640 626)
4(177 633 640 181)
4(1161 1165 1167 1163)
4(626 640 641 630)
4(1161 1162 1166 1165)
4(633 637 641 640)
4(890 909 1162 1148)
4(909 912 1166 1162)
4(630 652 653 631)
4(652 656 657 653)
4(1029 1149 1163 1048)
4(637 639 661 659)
4(1048 1163 1167 1051)
4(659 661 665 663)
4(630 641 666 652)
4(637 659 666 641)
4(652 666 667 656)
4(659 663 667 666)
3(1180 1166 912)
3(1180 912 925)
3(1181 1066 1051)
3(1181 1051 1167)
4(0 2 3 1)
4(1 3 9 8)
3(14 15 11)
3(14 11 9)
4(8 9 11 10)
4(2 16 17 3)
3(21 17 19)
3(21 19 23)
4(16 18 19 17)
3(24 9 3)
3(24 3 17)
4(772 773 775 774)
4(773 776 778 775)
3(760 778 779)
3(760 779 761)
4(776 777 779 778)
4(774 775 781 780)
3(767 769 783)
3(767 783 781)
4(780 781 783 782)
3(784 781 775)
3(784 775 778)
4(11 15 188 183)
4(10 11 183 182)
4(182 183 185 184)
4(184 185 191 190)
3(196 194 183)
3(196 183 188)
4(183 194 195 185)
4(185 195 200 191)
4(195 198 201 200)
4(761 779 919 901)
4(777 917 919 779)
4(917 918 920 919)
4(918 921 922 920)
3(910 901 919)
3(910 919 923)
4(19 337 341 23)
4(919 920 924 923)
4(18 336 337 19)
4(920 922 926 924)
4(924 926 927 925)
4(336 338 339 337)
3(346 341 337)
3(346 337 344)
4(337 339 345 344)
4(338 350 351 339)
4(339 351 354 345)
4(345 354 355 348)
3(496 492 490)
3(496 490 494)
3(495 494 490)
3(495 490 491)
4(490 492 493 491)
4(198 491 498 201)
4(491 493 499 498)
4(348 355 502 492)
4(492 502 503 493)
4(493 503 506 499)
4(769 1043 1061 783)
4(782 783 1061 1060)
4(1060 1061 1063 1062)
3(1049 1064 1061)
3(1049 1061 1043)
4(1061 1064 1065 1063)
4(1062 1063 1068 1067)
4(1063 1065 1069 1068)
4(1065 1066 1070 1069)
3(1167 1165 1179)
3(1167 1179 1181)
3(1166 1180 1179)
3(1166 1179 1165)
4(1179 1180 1182 1181)
4(925 927 1183 1180)
4(1180 1183 1184 1182)
4(1066 1181 1185 1070)
4(1181 1182 1186 1185)
4(1182 1184 1187 1186)
4(0 4 6 2)
4(2 6 20 16)
4(648 670 684 662)
4(16 20 22 18)
4(662 684 686 664)
4(670 674 688 684)
4(4 26 28 6)
4(684 688 690 686)
4(26 30 32 28)
4(672 694 696 674)
4(694 698 700 696)
4(6 28 42 20)
4(20 42 44 22)
4(28 32 46 42)
4(42 46 48 44)
4(30 52 54 32)
4(674 696 710 688)
4(52 56 58 54)
4(688 710 712 690)
4(696 700 714 710)
4(710 714 716 712)
4(32 54 68 46)
4(46 68 70 48)
4(698 720 722 700)
4(54 58 72 68)
4(68 72 74 70)
4(720 724 726 722)
4(56 78 80 58)
4(78 82 84 80)
4(700 722 736 714)
4(58 80 94 72)
4(72 94 96 74)
4(714 736 738 716)
4(80 84 98 94)
4(722 726 740 736)
4(94 98 100 96)
4(736 740 742 738)
4(82 104 106 84)
4(724 746 748 726)
4(104 108 110 106)
4(746 750 752 748)
4(84 106 120 98)
4(98 120 122 100)
4(106 110 124 120)
4(120 124 126 122)
4(726 748 762 740)
4(740 762 764 742)
4(108 130 132 110)
4(748 752 766 762)
4(130 134 136 132)
4(762 766 768 764)
4(750 772 774 752)
4(110 132 146 124)
4(124 146 148 126)
4(132 136 150 146)
4(752 774 780 766)
4(146 150 152 148)
4(766 780 782 768)
4(134 156 158 136)
4(156 160 162 158)
4(136 158 172 150)
4(150 172 174 152)
4(158 162 176 172)
4(172 176 178 174)
4(18 22 340 336)
4(336 340 342 338)
4(178 634 928 472)
4(472 928 930 474)
4(338 342 352 350)
4(634 638 932 928)
4(928 932 934 930)
4(22 44 358 340)
4(474 930 942 484)
4(340 358 360 342)
4(44 48 362 358)
4(930 934 944 942)
4(358 362 364 360)
4(342 360 372 352)
4(360 364 374 372)
4(638 660 950 932)
4(932 950 952 934)
4(660 664 954 950)
4(48 70 380 362)
4(950 954 956 952)
4(362 380 382 364)
4(70 74 384 380)
4(380 384 386 382)
4(934 952 964 944)
4(952 956 966 964)
4(364 382 394 374)
4(382 386 396 394)
4(664 686 972 954)
4(74 96 402 384)
4(954 972 974 956)
4(384 402 404 386)
4(96 100 406 402)
4(686 690 976 972)
4(402 406 408 404)
4(972 976 978 974)
4(386 404 416 396)
4(404 408 418 416)
4(956 974 986 966)
4(974 978 988 986)
4(100 122 424 406)
4(406 424 426 408)
4(122 126 428 424)
4(424 428 430 426)
4(690 712 994 976)
4(976 994 996 978)
4(408 426 438 418)
4(712 716 998 994)
4(426 430 440 438)
4(994 998 1000 996)
4(978 996 1008 988)
4(126 148 446 428)
4(996 1000 1010 1008)
4(428 446 448 430)
4(148 152 450 446)
4(446 450 452 448)
4(430 448 460 440)
4(716 738 1016 998)
4(448 452 462 460)
4(998 1016 1018 1000)
4(738 742 1020 1016)
4(1016 1020 1022 1018)
4(152 174 468 450)
4(450 468 470 452)
4(174 178 472 468)
4(468 472 474 470)
4(1000 1018 1030 1010)
4(1018 1022 1032 1030)
4(452 470 482 462)
4(470 474 484 482)
4(742 764 1038 1020)
4(1020 1038 1040 1022)
4(764 768 1042 1038)
4(1038 1042 1044 1040)
4(1022 1040 1052 1032)
4(1040 1044 1054 1052)
4(768 782 1060 1042)
4(1042 1060 1062 1044)
4(1044 1062 1067 1054)
4(160 616 618 162)
4(616 620 622 618)
4(162 618 632 176)
4(176 632 634 178)
4(618 622 636 632)
4(632 636 638 634)
4(620 642 644 622)
4(642 646 648 644)
4(622 644 658 636)
4(636 658 660 638)
4(644 648 662 658)
4(658 662 664 660)
4(646 668 670 648)
4(668 672 674 670)
4(324 325 794 793)
4(793 794 796 795)
4(325 334 803 794)
4(334 335 804 803)
4(794 803 805 796)
4(803 804 806 805)
4(190 191 193 192)
4(191 200 202 193)
4(795 796 816 815)
4(200 201 203 202)
4(815 816 818 817)
4(796 805 825 816)
4(192 193 213 212)
4(805 806 826 825)
4(212 213 215 214)
4(816 825 827 818)
4(825 826 828 827)
4(193 202 222 213)
4(202 203 223 222)
4(213 222 224 215)
4(222 223 225 224)
4(817 818 838 837)
4(837 838 840 839)
4(214 215 235 234)
4(234 235 237 236)
4(818 827 847 838)
4(827 828 848 847)
4(215 224 244 235)
4(838 847 849 840)
4(224 225 245 244)
4(847 848 850 849)
4(235 244 246 237)
4(244 245 247 246)
4(236 237 257 256)
4(256 257 259 258)
4(839 840 860 859)
4(859 860 862 861)
4(237 246 266 257)
4(246 247 267 266)
4(840 849 869 860)
4(257 266 268 259)
4(849 850 870 869)
4(266 267 269 268)
4(860 869 871 862)
4(869 870 872 871)
4(258 259 279 278)
4(278 279 281 280)
4(259 268 288 279)
4(861 862 882 881)
4(268 269 289 288)
4(881 882 884 883)
4(279 288 290 281)
4(288 289 291 290)
4(862 871 891 882)
4(871 872 892 891)
4(280 281 301 300)
4(882 891 893 884)
4(300 301 303 302)
4(891 892 894 893)
4(281 290 310 301)
4(290 291 311 310)
4(301 310 312 303)
4(310 311 313 312)
4(883 884 904 903)
4(903 904 906 905)
4(302 303 323 322)
4(322 323 325 324)
4(884 893 913 904)
4(893 894 914 913)
4(904 913 915 906)
4(303 312 332 323)
4(913 914 916 915)
4(312 313 333 332)
4(323 332 334 325)
4(332 333 335 334)
4(905 906 922 921)
4(906 915 926 922)
4(915 916 927 926)
4(201 498 500 203)
4(498 499 501 500)
4(499 506 507 501)
4(203 500 516 223)
4(500 501 517 516)
4(223 516 518 225)
4(516 517 519 518)
4(501 507 524 517)
4(517 524 525 519)
4(335 608 1079 804)
4(608 609 1080 1079)
4(804 1079 1081 806)
4(225 518 534 245)
4(518 519 535 534)
4(1079 1080 1082 1081)
4(245 534 536 247)
4(534 535 537 536)
4(519 525 542 535)
4(609 615 1087 1080)
4(1080 1087 1088 1082)
4(535 542 543 537)
4(806 1081 1097 826)
4(247 536 552 267)
4(536 537 553 552)
4(1081 1082 1098 1097)
4(267 552 554 269)
4(826 1097 1099 828)
4(552 553 555 554)
4(1097 1098 1100 1099)
4(537 543 560 553)
4(553 560 561 555)
4(1082 1088 1105 1098)
4(1098 1105 1106 1100)
4(269 554 570 289)
4(554 555 571 570)
4(289 570 572 291)
4(828 1099 1115 848)
4(570 571 573 572)
4(1099 1100 1116 1115)
4(848 1115 1117 850)
4(1115 1116 1118 1117)
4(555 561 578 571)
4(571 578 579 573)
4(1100 1106 1123 1116)
4(291 572 588 311)
4(1116 1123 1124 1118)
4(572 573 589 588)
4(311 588 590 313)
4(588 589 591 590)
4(850 1117 1133 870)
4(1117 1118 1134 1133)
4(573 579 596 589)
4(870 1133 1135 872)
4(589 596 597 591)
4(1133 1134 1136 1135)
4(313 590 606 333)
4(590 591 607 606)
4(333 606 608 335)
4(1118 1124 1141 1134)
4(606 607 609 608)
4(1134 1141 1142 1136)
4(591 597 614 607)
4(872 1135 1151 892)
4(607 614 615 609)
4(1135 1136 1152 1151)
4(892 1151 1153 894)
4(1151 1152 1154 1153)
4(1136 1142 1159 1152)
4(1152 1159 1160 1154)
4(894 1153 1169 914)
4(1153 1154 1170 1169)
4(914 1169 1171 916)
4(1169 1170 1172 1171)
4(1154 1160 1177 1170)
4(1170 1177 1178 1172)
4(916 1171 1183 927)
4(1171 1172 1184 1183)
4(1172 1178 1187 1184)
4(0 1 5 4)
4(654 655 677 676)
4(1 8 12 5)
4(669 676 680 673)
4(8 10 13 12)
4(676 677 681 680)
4(4 5 27 26)
4(26 27 31 30)
4(5 12 34 27)
4(12 13 35 34)
4(672 673 695 694)
4(27 34 38 31)
4(34 35 39 38)
4(694 695 699 698)
4(673 680 702 695)
4(680 681 703 702)
4(695 702 706 699)
4(702 703 707 706)
4(30 31 53 52)
4(52 53 57 56)
4(31 38 60 53)
4(38 39 61 60)
4(53 60 64 57)
4(60 61 65 64)
4(698 699 721 720)
4(720 721 725 724)
4(699 706 728 721)
4(56 57 79 78)
4(706 707 729 728)
4(78 79 83 82)
4(57 64 86 79)
4(721 728 732 725)
4(64 65 87 86)
4(79 86 90 83)
4(728 729 733 732)
4(86 87 91 90)
4(82 83 105 104)
4(724 725 747 746)
4(104 105 109 108)
4(83 90 112 105)
4(746 747 751 750)
4(90 91 113 112)
4(105 112 116 109)
4(725 732 754 747)
4(112 113 117 116)
4(732 733 755 754)
4(747 754 758 751)
4(754 755 759 758)
4(108 109 131 130)
4(130 131 135 134)
4(109 116 138 131)
4(116 117 139 138)
4(131 138 142 135)
4(138 139 143 142)
4(750 751 773 772)
4(751 758 776 773)
4(758 759 777 776)
4(169 318 785 625)
4(318 319 786 785)
4(134 135 157 156)
4(625 785 789 629)
4(156 157 161 160)
4(135 142 164 157)
4(785 786 790 789)
4(142 143 165 164)
4(319 324 793 786)
4(157 164 168 161)
4(164 165 169 168)
4(786 793 795 790)
4(10 182 186 13)
4(182 184 187 186)
4(629 789 807 651)
4(789 790 808 807)
4(184 190 192 187)
4(651 807 811 655)
4(807 808 812 811)
4(790 795 815 808)
4(808 815 817 812)
4(13 186 204 35)
4(186 187 205 204)
4(35 204 208 39)
4(204 205 209 208)
4(187 192 212 205)
4(205 212 214 209)
4(655 811 829 677)
4(811 812 830 829)
4(677 829 833 681)
4(39 208 226 61)
4(829 830 834 833)
4(208 209 227 226)
4(812 817 837 830)
4(61 226 230 65)
4(830 837 839 834)
4(226 227 231 230)
4(209 214 234 227)
4(227 234 236 231)
4(681 833 851 703)
4(65 230 248 87)
4(833 834 852 851)
4(230 231 249 248)
4(87 248 252 91)
4(703 851 855 707)
4(248 249 253 252)
4(851 852 856 855)
4(231 236 256 249)
4(834 839 859 852)
4(249 256 258 253)
4(852 859 861 856)
4(91 252 270 113)
4(252 253 271 270)
4(113 270 274 117)
4(270 271 275 274)
4(707 855 873 729)
4(253 258 278 271)
4(855 856 874 873)
4(271 278 280 275)
4(729 873 877 733)
4(873 874 878 877)
4(856 861 881 874)
4(874 881 883 878)
4(117 274 292 139)
4(274 275 293 292)
4(139 292 296 143)
4(292 293 297 296)
4(275 280 300 293)
4(293 300 302 297)
4(733 877 895 755)
4(877 878 896 895)
4(755 895 899 759)
4(895 896 900 899)
4(143 296 314 165)
4(878 883 903 896)
4(296 297 315 314)
4(896 903 905 900)
4(165 314 318 169)
4(314 315 319 318)
4(297 302 322 315)
4(315 322 324 319)
4(759 899 917 777)
4(899 900 918 917)
4(900 905 921 918)
4(350 352 353 351)
4(351 353 356 354)
4(354 356 357 355)
4(484 942 943 485)
4(942 944 945 943)
4(485 943 946 488)
4(488 946 947 489)
4(943 945 948 946)
4(352 372 373 353)
4(946 948 949 947)
4(372 374 375 373)
4(353 373 376 356)
4(356 376 377 357)
4(373 375 378 376)
4(376 378 379 377)
4(944 964 965 945)
4(964 966 967 965)
4(374 394 395 375)
4(945 965 968 948)
4(394 396 397 395)
4(375 395 398 378)
4(948 968 969 949)
4(378 398 399 379)
4(965 967 970 968)
4(395 397 400 398)
4(968 970 971 969)
4(398 400 401 399)
4(396 416 417 397)
4(416 418 419 417)
4(397 417 420 400)
4(966 986 987 967)
4(400 420 421 401)
4(986 988 989 987)
4(417 419 422 420)
4(967 987 990 970)
4(420 422 423 421)
4(970 990 991 971)
4(987 989 992 990)
4(990 992 993 991)
4(418 438 439 419)
4(438 440 441 439)
4(419 439 442 422)
4(422 442 443 423)
4(439 441 444 442)
4(442 444 445 443)
4(988 1008 1009 989)
4(1008 1010 1011 1009)
4(989 1009 1012 992)
4(992 1012 1013 993)
4(1009 1011 1014 1012)
4(1012 1014 1015 1013)
4(440 460 461 441)
4(460 462 463 461)
4(441 461 464 444)
4(444 464 465 445)
4(461 463 466 464)
4(464 466 467 465)
4(1010 1030 1031 1011)
4(1030 1032 1033 1031)
4(1011 1031 1034 1014)
4(462 482 483 463)
4(1014 1034 1035 1015)
4(482 484 485 483)
4(463 483 486 466)
4(1031 1033 1036 1034)
4(466 486 487 467)
4(1034 1036 1037 1035)
4(483 485 488 486)
4(486 488 489 487)
4(355 357 504 502)
4(502 504 505 503)
4(1032 1052 1053 1033)
4(503 505 507 506)
4(1052 1054 1055 1053)
4(1033 1053 1056 1036)
4(1036 1056 1057 1037)
4(1053 1055 1058 1056)
4(1056 1058 1059 1057)
4(357 377 520 504)
4(504 520 521 505)
4(1054 1067 1068 1055)
4(1055 1068 1069 1058)
4(377 379 522 520)
4(1058 1069 1070 1059)
4(520 522 523 521)
4(505 521 524 507)
4(521 523 525 524)
4(489 947 1083 612)
4(379 399 538 522)
4(612 1083 1084 613)
4(522 538 539 523)
4(947 949 1085 1083)
4(399 401 540 538)
4(538 540 541 539)
4(1083 1085 1086 1084)
4(613 1084 1087 615)
4(523 539 542 525)
4(1084 1086 1088 1087)
4(539 541 543 542)
4(401 421 556 540)
4(540 556 557 541)
4(949 969 1101 1085)
4(421 423 558 556)
4(556 558 559 557)
4(1085 1101 1102 1086)
4(541 557 560 543)
4(969 971 1103 1101)
4(557 559 561 560)
4(1101 1103 1104 1102)
4(1086 1102 1105 1088)
4(1102 1104 1106 1105)
4(423 443 574 558)
4(558 574 575 559)
4(443 445 576 574)
4(574 576 577 575)
4(559 575 578 561)
4(971 991 1119 1103)
4(575 577 579 578)
4(1103 1119 1120 1104)
4(991 993 1121 1119)
4(1119 1121 1122 1120)
4(1104 1120 1123 1106)
4(1120 1122 1124 1123)
4(445 465 592 576)
4(576 592 593 577)
4(465 467 594 592)
4(592 594 595 593)
4(577 593 596 579)
4(593 595 597 596)
4(993 1013 1137 1121)
4(1121 1137 1138 1122)
4(1013 1015 1139 1137)
4(1137 1139 1140 1138)
4(1122 1138 1141 1124)
4(1138 1140 1142 1141)
4(467 487 610 594)
4(594 610 611 595)
4(487 489 612 610)
4(610 612 613 611)
4(595 611 614 597)
4(611 613 615 614)
4(160 161 617 616)
4(616 617 621 620)
4(161 168 624 617)
4(168 169 625 624)
4(1015 1035 1155 1139)
4(617 624 628 621)
4(1139 1155 1156 1140)
4(624 625 629 628)
4(1035 1037 1157 1155)
4(1155 1157 1158 1156)
4(1140 1156 1159 1142)
4(1156 1158 1160 1159)
4(620 621 643 642)
4(642 643 647 646)
4(621 628 650 643)
4(628 629 651 650)
4(643 650 654 647)
4(650 651 655 654)
4(1037 1057 1173 1157)
4(1157 1173 1174 1158)
4(1057 1059 1175 1173)
4(1173 1175 1176 1174)
4(1158 1174 1177 1160)
4(1174 1176 1178 1177)
4(646 647 669 668)
4(668 669 673 672)
4(1059 1070 1185 1175)
4(647 654 676 669)
4(1175 1185 1186 1176)
4(1176 1186 1187 1178)
4(39 38 2148 2149)
4(656 678 1540 1532)
4(678 679 1541 1540)
4(679 657 1533 1541)
4(657 656 1532 1533)
4(695 699 2357 2355)
4(678 682 1542 1540)
4(682 683 1543 1542)
4(683 679 1541 1543)
4(699 698 1880 2357)
4(663 665 1537 1536)
4(665 687 1545 1537)
4(687 685 1544 1545)
4(685 663 1536 1544)
4(698 694 1878 1880)
4(9 24 1284 1273)
4(24 25 1285 1284)
4(25 9 1273 1285)
4(680 702 2358 2352)
4(25 14 1276 1285)
4(14 9 1273 1276)
4(702 695 2355 2358)
4(17 21 1282 1279)
4(21 25 1285 1282)
4(25 17 1279 1285)
4(681 703 2359 2353)
4(24 17 1279 1284)
4(703 702 2358 2359)
4(687 691 1547 1545)
4(691 689 1546 1547)
4(689 685 1544 1546)
4(702 706 2360 2358)
4(656 667 1539 1532)
4(667 692 1548 1539)
4(692 678 1540 1548)
4(706 699 2357 2360)
4(685 692 1548 1544)
4(667 663 1536 1539)
4(703 707 2361 2359)
4(692 693 1549 1548)
4(693 682 1542 1549)
4(707 706 2360 2361)
4(689 693 1549 1546)
4(31 53 2151 2145)
4(14 36 1286 1276)
4(36 37 1287 1286)
4(37 15 1277 1287)
4(15 14 1276 1277)
4(53 52 1772 2151)
4(36 40 1288 1286)
4(40 41 1289 1288)
4(41 37 1287 1289)
4(52 30 1766 1772)
4(21 23 1283 1282)
4(23 45 1291 1283)
4(45 43 1290 1291)
4(43 21 1282 1290)
4(53 57 2153 2151)
4(682 704 1550 1542)
4(704 705 1551 1550)
4(705 683 1543 1551)
4(57 56 1774 2153)
4(45 49 1293 1291)
4(49 47 1292 1293)
4(47 43 1290 1292)
4(56 52 1772 1774)
4(25 50 1294 1285)
4(50 36 1286 1294)
4(38 60 2154 2148)
4(43 50 1294 1290)
4(60 53 2151 2154)
4(50 51 1295 1294)
4(51 40 1288 1295)
4(39 61 2155 2149)
4(47 51 1295 1292)
4(61 60 2154 2155)
4(704 708 1552 1550)
4(708 709 1553 1552)
4(709 705 1551 1553)
4(60 64 2156 2154)
4(691 713 1555 1547)
4(713 711 1554 1555)
4(711 689 1546 1554)
4(64 57 2153 2156)
4(40 62 1296 1288)
4(62 63 1297 1296)
4(63 41 1289 1297)
4(61 65 2157 2155)
4(713 717 1557 1555)
4(717 715 1556 1557)
4(715 711 1554 1556)
4(65 64 2156 2157)
4(62 66 1298 1296)
4(66 67 1299 1298)
4(67 63 1297 1299)
4(699 721 2363 2357)
4(693 718 1558 1549)
4(718 704 1550 1558)
4(721 720 1886 2363)
4(711 718 1558 1554)
4(720 698 1880 1886)
4(718 719 1559 1558)
4(719 708 1552 1559)
4(721 725 2365 2363)
4(715 719 1559 1556)
4(725 724 1888 2365)
4(49 71 1301 1293)
4(71 69 1300 1301)
4(69 47 1292 1300)
4(724 720 1886 1888)
4(71 75 1303 1301)
4(75 73 1302 1303)
4(73 69 1300 1302)
4(706 728 2366 2360)
4(51 76 1304 1295)
4(76 62 1296 1304)
4(728 721 2363 2366)
4(69 76 1304 1300)
4(57 79 2159 2153)
4(76 77 1305 1304)
4(77 66 1298 1305)
4(79 78 1780 2159)
4(73 77 1305 1302)
4(78 56 1774 1780)
4(708 730 1560 1552)
4(730 731 1561 1560)
4(731 709 1553 1561)
4(707 729 2367 2361)
4(66 88 1306 1298)
4(88 89 1307 1306)
4(89 67 1299 1307)
4(729 728 2366 2367)
4(730 734 1562 1560)
4(734 735 1563 1562)
4(735 731 1561 1563)
4(79 83 2161 2159)
4(88 92 1308 1306)
4(92 93 1309 1308)
4(93 89 1307 1309)
4(83 82 1782 2161)
4(717 739 1565 1557)
4(739 737 1564 1565)
4(737 715 1556 1564)
4(82 78 1780 1782)
4(75 97 1311 1303)
4(97 95 1310 1311)
4(95 73 1302 1310)
4(64 86 2162 2156)
4(97 101 1313 1311)
4(101 99 1312 1313)
4(99 95 1310 1312)
4(86 79 2159 2162)
4(77 102 1314 1305)
4(102 88 1306 1314)
4(728 732 2368 2366)
4(739 743 1567 1565)
4(743 741 1566 1567)
4(741 737 1564 1566)
4(732 725 2365 2368)
4(95 102 1314 1310)
4(65 87 2163 2157)
4(102 103 1315 1314)
4(103 92 1308 1315)
4(87 86 2162 2163)
4(719 744 1568 1559)
4(744 730 1560 1568)
4(86 90 2164 2162)
4(737 744 1568 1564)
4(90 83 2161 2164)
4(99 103 1315 1312)
4(729 733 2369 2367)
4(744 745 1569 1568)
4(745 734 1562 1569)
4(733 732 2368 2369)
4(741 745 1569 1566)
4(87 91 2165 2163)
4(92 114 1316 1308)
4(114 115 1317 1316)
4(115 93 1309 1317)
4(91 90 2164 2165)
4(114 118 1318 1316)
4(118 119 1319 1318)
4(119 115 1317 1319)
4(83 105 2167 2161)
4(734 756 1570 1562)
4(756 757 1571 1570)
4(757 735 1563 1571)
4(105 104 1788 2167)
4(101 123 1321 1313)
4(123 121 1320 1321)
4(121 99 1312 1320)
4(104 82 1782 1788)
4(123 127 1323 1321)
4(127 125 1322 1323)
4(125 121 1320 1322)
4(725 747 2371 2365)
4(756 760 1572 1570)
4(760 761 1573 1572)
4(761 757 1571 1573)
4(747 746 1894 2371)
4(103 128 1324 1315)
4(128 114 1316 1324)
4(746 724 1888 1894)
4(121 128 1324 1320)
4(105 109 2169 2167)
4(128 129 1325 1324)
4(129 118 1318 1325)
4(109 108 1790 2169)
4(125 129 1325 1322)
4(108 104 1788 1790)
4(743 765 1575 1567)
4(765 763 1574 1575)
4(763 741 1566 1574)
4(90 112 2170 2164)
4(765 769 1577 1575)
4(769 767 1576 1577)
4(767 763 1574 1576)
4(112 105 2167 2170)
4(118 140 1326 1318)
4(140 141 1327 1326)
4(141 119 1319 1327)
4(747 751 2373 2371)
4(745 770 1578 1569)
4(770 756 1570 1578)
4(751 750 1896 2373)
4(763 770 1578 1574)
4(750 746 1894 1896)
4(770 771 1579 1578)
4(771 760 1572 1579)
4(91 113 2171 2165)
4(767 771 1579 1576)
4(113 112 2170 2171)
4(140 144 1328 1326)
4(144 145 1329 1328)
4(145 141 1327 1329)
4(112 116 2172 2170)
4(127 149 1331 1323)
4(149 147 1330 1331)
4(147 125 1322 1330)
4(116 109 2169 2172)
4(149 153 1333 1331)
4(153 151 1332 1333)
4(151 147 1330 1332)
4(732 754 2374 2368)
4(129 154 1334 1325)
4(154 140 1326 1334)
4(754 747 2371 2374)
4(778 760 1572 1586)
4(771 778 1586 1579)
4(113 117 2173 2171)
4(771 784 1592 1579)
4(784 778 1586 1592)
4(117 116 2172 2173)
4(781 784 1592 1589)
4(771 781 1589 1579)
4(733 755 2375 2369)
4(767 781 1589 1576)
4(755 754 2374 2375)
4(147 154 1334 1330)
4(754 758 2376 2374)
4(171 627 1521 1339)
4(627 787 1593 1521)
4(787 320 1402 1593)
4(320 171 1339 1402)
4(758 751 2373 2376)
4(154 155 1335 1334)
4(155 144 1328 1335)
4(755 759 2377 2375)
4(151 155 1335 1332)
4(759 758 2376 2377)
4(627 631 1523 1521)
4(631 791 1594 1523)
4(791 787 1593 1594)
4(109 131 2175 2169)
4(144 166 1336 1328)
4(166 167 1337 1336)
4(167 145 1329 1337)
4(131 130 1796 2175)
4(166 170 1338 1336)
4(170 171 1339 1338)
4(171 167 1337 1339)
4(130 108 1790 1796)
4(787 797 1595 1593)
4(797 329 1406 1595)
4(329 320 1402 1406)
4(131 135 2177 2175)
4(797 798 1596 1595)
4(798 330 1407 1596)
4(330 329 1406 1407)
4(135 134 1798 2177)
4(153 175 1341 1333)
4(175 173 1340 1341)
4(173 151 1332 1340)
4(134 130 1796 1798)
4(791 800 1598 1594)
4(800 797 1595 1598)
4(116 138 2178 2172)
4(800 801 1599 1598)
4(801 798 1596 1599)
4(138 131 2175 2178)
4(175 179 1343 1341)
4(179 177 1342 1343)
4(177 173 1340 1342)
4(117 139 2179 2173)
4(155 180 1344 1335)
4(180 166 1336 1344)
4(139 138 2178 2179)
4(798 799 1597 1596)
4(799 331 1408 1597)
4(331 330 1407 1408)
4(138 142 2180 2178)
4(173 180 1344 1340)
4(142 135 2177 2180)
4(180 181 1345 1344)
4(181 170 1338 1345)
4(139 143 2181 2179)
4(177 181 1345 1342)
4(143 142 2180 2181)
4(801 802 1600 1599)
4(802 799 1597 1600)
4(751 773 1581 2373)
4(631 653 1531 1523)
4(653 809 1601 1531)
4(809 791 1594 1601)
4(773 772 2612 1581)
4(653 657 1533 1531)
4(657 813 1602 1533)
4(813 809 1601 1602)
4(772 750 1896 2612)
4(194 196 1355 1353)
4(196 197 1356 1355)
4(197 194 1353 1356)
4(758 776 1584 2376)
4(197 195 1354 1356)
4(195 194 1353 1354)
4(776 773 1581 1584)
4(197 199 1358 1356)
4(199 198 1357 1358)
4(198 195 1354 1357)
4(759 777 1585 2377)
4(809 819 1603 1601)
4(819 800 1598 1603)
4(777 776 1584 1585)
4(37 206 1361 1287)
4(206 188 1350 1361)
4(188 15 1277 1350)
4(169 318 2228 2189)
4(819 820 1604 1603)
4(820 801 1599 1604)
4(318 785 2382 2228)
4(813 822 1606 1602)
4(822 819 1603 1606)
4(785 625 2335 2382)
4(822 823 1607 1606)
4(823 820 1604 1607)
4(625 169 2189 2335)
4(41 210 1362 1289)
4(210 206 1361 1362)
4(318 319 2229 2228)
4(820 821 1605 1604)
4(821 802 1600 1605)
4(319 786 2383 2229)
4(206 216 1363 1361)
4(216 196 1355 1363)
4(196 188 1350 1355)
4(786 785 2382 2383)
4(823 824 1608 1607)
4(824 821 1605 1608)
4(135 157 2183 2177)
4(216 217 1364 1363)
4(217 197 1356 1364)
4(157 156 1804 2183)
4(210 219 1366 1362)
4(219 216 1363 1366)
4(156 134 1798 1804)
4(219 220 1367 1366)
4(220 217 1364 1367)
4(785 789 2384 2382)
4(679 831 1609 1541)
4(831 813 1602 1609)
4(789 629 2337 2384)
4(217 218 1365 1364)
4(218 199 1358 1365)
4(629 625 2335 2337)
4(220 221 1368 1367)
4(221 218 1365 1368)
4(157 161 2185 2183)
4(683 835 1610 1543)
4(835 831 1609 1610)
4(161 160 1806 2185)
4(63 228 1369 1297)
4(228 210 1362 1369)
4(160 156 1804 1806)
4(67 232 1370 1299)
4(232 228 1369 1370)
4(142 164 2186 2180)
4(831 841 1611 1609)
4(841 822 1606 1611)
4(164 157 2183 2186)
4(841 842 1612 1611)
4(842 823 1607 1612)
4(786 790 2385 2383)
4(835 844 1614 1610)
4(844 841 1611 1614)
4(790 789 2384 2385)
4(844 845 1615 1614)
4(845 842 1612 1615)
4(143 165 2187 2181)
4(228 238 1371 1369)
4(238 219 1366 1371)
4(165 164 2186 2187)
4(238 239 1372 1371)
4(239 220 1367 1372)
4(319 324 1995 2229)
4(232 241 1374 1370)
4(241 238 1371 1374)
4(324 793 2043 1995)
4(842 843 1613 1612)
4(843 824 1608 1613)
4(793 786 2383 2043)
4(241 242 1375 1374)
4(242 239 1372 1375)
4(164 168 2188 2186)
4(239 240 1373 1372)
4(240 221 1368 1373)
4(168 161 2185 2188)
4(845 846 1616 1615)
4(846 843 1613 1616)
4(165 169 2189 2187)
4(242 243 1376 1375)
4(243 240 1373 1376)
4(169 168 2188 2189)
4(705 853 1617 1551)
4(853 835 1610 1617)
4(793 795 2045 2043)
4(89 250 1377 1307)
4(250 232 1370 1377)
4(795 790 2385 2045)
4(93 254 1378 1309)
4(254 250 1377 1378)
4(10 182 1346 1274)
4(709 857 1618 1553)
4(857 853 1617 1618)
4(182 186 2192 1346)
4(250 260 1379 1377)
4(260 241 1374 1379)
4(186 13 2141 2192)
4(260 261 1380 1379)
4(261 242 1375 1380)
4(182 184 1348 1346)
4(254 263 1382 1378)
4(263 260 1379 1382)
4(184 187 2193 1348)
4(853 863 1619 1617)
4(863 844 1614 1619)
4(187 186 2192 2193)
4(263 264 1383 1382)
4(264 261 1380 1383)
4(789 807 2388 2384)
4(863 864 1620 1619)
4(864 845 1615 1620)
4(807 651 2343 2388)
4(857 866 1622 1618)
4(866 863 1619 1622)
4(651 629 2337 2343)
4(261 262 1381 1380)
4(262 243 1376 1381)
4(790 808 2389 2385)
4(866 867 1623 1622)
4(867 864 1620 1623)
4(808 807 2388 2389)
4(264 265 1384 1383)
4(265 262 1381 1384)
4(184 190 2537 1348)
4(864 865 1621 1620)
4(865 846 1616 1621)
4(190 192 1947 2537)
4(115 272 1385 1317)
4(272 254 1378 1385)
4(192 187 2193 1947)
4(867 868 1624 1623)
4(868 865 1621 1624)
4(807 811 2390 2388)
4(119 276 1386 1319)
4(276 272 1385 1386)
4(811 655 2345 2390)
4(731 875 1625 1561)
4(875 857 1618 1625)
4(655 651 2343 2345)
4(272 282 1387 1385)
4(282 263 1382 1387)
4(808 812 2391 2389)
4(735 879 1626 1563)
4(879 875 1625 1626)
4(812 811 2390 2391)
4(282 283 1388 1387)
4(283 264 1383 1388)
4(795 815 2051 2045)
4(276 285 1390 1386)
4(285 282 1387 1390)
4(815 808 2389 2051)
4(285 286 1391 1390)
4(286 283 1388 1391)
4(815 817 2053 2051)
4(283 284 1389 1388)
4(284 265 1384 1389)
4(817 812 2391 2053)
4(286 287 1392 1391)
4(287 284 1389 1392)
4(186 204 2196 2192)
4(875 885 1627 1625)
4(885 866 1622 1627)
4(204 35 2147 2196)
4(885 886 1628 1627)
4(886 867 1623 1628)
4(187 205 2197 2193)
4(879 888 1630 1626)
4(888 885 1627 1630)
4(205 204 2196 2197)
4(141 294 1393 1327)
4(294 276 1386 1393)
4(204 208 2198 2196)
4(888 889 1631 1630)
4(889 886 1628 1631)
4(208 39 2149 2198)
4(145 298 1394 1329)
4(298 294 1393 1394)
4(205 209 2199 2197)
4(886 887 1629 1628)
4(887 868 1624 1629)
4(209 208 2198 2199)
4(889 890 1632 1631)
4(890 887 1629 1632)
4(192 212 1953 1947)
4(294 304 1395 1393)
4(304 285 1390 1395)
4(212 205 2197 1953)
4(304 305 1396 1395)
4(305 286 1391 1396)
4(212 214 1955 1953)
4(757 897 1633 1571)
4(897 879 1626 1633)
4(214 209 2199 1955)
4(298 307 1398 1394)
4(307 304 1395 1398)
4(811 829 2394 2390)
4(307 308 1399 1398)
4(308 305 1396 1399)
4(829 677 2351 2394)
4(305 306 1397 1396)
4(306 287 1392 1397)
4(812 830 2395 2391)
4(761 901 1634 1573)
4(901 897 1633 1634)
4(830 829 2394 2395)
4(308 309 1400 1399)
4(309 306 1397 1400)
4(829 833 2396 2394)
4(167 316 1401 1337)
4(316 298 1394 1401)
4(833 681 2353 2396)
4(320 316 1401 1402)
4(208 226 2202 2198)
4(897 907 1635 1633)
4(907 888 1630 1635)
4(226 61 2155 2202)
4(907 908 1636 1635)
4(908 889 1631 1636)
4(830 834 2397 2395)
4(901 910 1638 1634)
4(910 907 1635 1638)
4(834 833 2396 2397)
4(910 911 1639 1638)
4(911 908 1636 1639)
4(209 227 2203 2199)
4(316 326 1403 1401)
4(326 307 1398 1403)
4(227 226 2202 2203)
4(908 909 1637 1636)
4(909 890 1632 1637)
4(817 837 2059 2053)
4(326 327 1404 1403)
4(327 308 1399 1404)
4(837 830 2395 2059)
4(329 326 1403 1406)
4(226 230 2204 2202)
4(330 327 1404 1407)
4(230 65 2157 2204)
4(911 912 1640 1639)
4(912 909 1637 1640)
4(837 839 2061 2059)
4(327 328 1405 1404)
4(328 309 1400 1405)
4(839 834 2397 2061)
4(331 328 1405 1408)
4(227 231 2205 2203)
4(923 924 1648 1647)
4(924 911 1639 1648)
4(911 923 1647 1639)
4(231 230 2204 2205)
4(910 923 1647 1638)
4(214 234 1961 1955)
4(924 925 1649 1648)
4(925 912 1640 1649)
4(234 227 2203 1961)
4(179 473 1465 1343)
4(473 929 1652 1465)
4(929 635 1525 1652)
4(635 179 1343 1525)
4(234 236 1963 1961)
4(344 345 1415 1414)
4(345 347 1417 1415)
4(347 344 1414 1417)
4(236 231 2205 1963)
4(347 346 1416 1417)
4(346 344 1414 1416)
4(833 851 2400 2396)
4(929 933 1653 1652)
4(933 639 1527 1653)
4(639 635 1525 1527)
4(851 703 2359 2400)
4(345 348 1418 1415)
4(348 349 1419 1418)
4(349 347 1417 1419)
4(230 248 2208 2204)
4(479 480 1470 1469)
4(480 937 1655 1470)
4(937 936 1654 1655)
4(936 479 1469 1654)
4(248 87 2163 2208)
4(473 479 1469 1465)
4(936 929 1652 1654)
4(834 852 2401 2397)
4(937 940 1658 1655)
4(940 939 1657 1658)
4(939 936 1654 1657)
4(852 851 2400 2401)
4(939 933 1653 1657)
4(231 249 2209 2205)
4(23 341 1413 1283)
4(341 359 1424 1413)
4(359 45 1291 1424)
4(249 248 2208 2209)
4(359 363 1425 1424)
4(363 49 1293 1425)
4(248 252 2210 2208)
4(347 367 1427 1417)
4(367 366 1426 1427)
4(366 346 1416 1426)
4(252 91 2165 2210)
4(341 346 1416 1413)
4(366 359 1424 1426)
4(851 855 2402 2400)
4(367 370 1430 1427)
4(370 369 1429 1430)
4(369 366 1426 1429)
4(855 707 2361 2402)
4(480 481 1471 1470)
4(481 938 1656 1471)
4(938 937 1655 1656)
4(249 253 2211 2209)
4(369 363 1425 1429)
4(253 252 2210 2211)
4(938 941 1659 1656)
4(941 940 1658 1659)
4(852 856 2403 2401)
4(933 951 1660 1653)
4(951 661 1535 1660)
4(661 639 1527 1535)
4(856 855 2402 2403)
4(349 368 1428 1419)
4(368 367 1427 1428)
4(236 256 1969 1963)
4(368 371 1431 1428)
4(371 370 1430 1431)
4(256 249 2209 1969)
4(951 955 1661 1660)
4(955 665 1537 1661)
4(665 661 1535 1537)
4(839 859 2067 2061)
4(363 381 1432 1425)
4(381 71 1301 1432)
4(859 852 2401 2067)
4(940 959 1663 1658)
4(959 958 1662 1663)
4(958 939 1657 1662)
4(256 258 1971 1969)
4(958 951 1660 1662)
4(258 253 2211 1971)
4(381 385 1433 1432)
4(385 75 1303 1433)
4(859 861 2069 2067)
4(959 962 1666 1663)
4(962 961 1665 1666)
4(961 958 1662 1665)
4(861 856 2403 2069)
4(961 955 1661 1665)
4(252 270 2214 2210)
4(370 389 1435 1430)
4(389 388 1434 1435)
4(388 369 1429 1434)
4(270 113 2171 2214)
4(388 381 1432 1434)
4(253 271 2215 2211)
4(389 392 1438 1435)
4(392 391 1437 1438)
4(391 388 1434 1437)
4(271 270 2214 2215)
4(391 385 1433 1437)
4(270 274 2216 2214)
4(941 960 1664 1659)
4(960 959 1663 1664)
4(274 117 2173 2216)
4(371 390 1436 1431)
4(390 389 1435 1436)
4(271 275 2217 2215)
4(390 393 1439 1436)
4(393 392 1438 1439)
4(275 274 2216 2217)
4(960 963 1667 1664)
4(963 962 1666 1667)
4(855 873 2406 2402)
4(955 973 1668 1661)
4(973 687 1545 1668)
4(873 729 2367 2406)
4(385 403 1440 1433)
4(403 97 1311 1440)
4(258 278 1977 1971)
4(403 407 1441 1440)
4(407 101 1313 1441)
4(278 271 2215 1977)
4(973 977 1669 1668)
4(977 691 1547 1669)
4(856 874 2407 2403)
4(392 411 1443 1438)
4(411 410 1442 1443)
4(410 391 1437 1442)
4(874 873 2406 2407)
4(410 403 1440 1442)
4(278 280 1979 1977)
4(411 414 1446 1443)
4(414 413 1445 1446)
4(413 410 1442 1445)
4(280 275 2217 1979)
4(413 407 1441 1445)
4(873 877 2408 2406)
4(962 981 1671 1666)
4(981 980 1670 1671)
4(980 961 1665 1670)
4(877 733 2369 2408)
4(980 973 1668 1670)
4(874 878 2409 2407)
4(981 984 1674 1671)
4(984 983 1673 1674)
4(983 980 1670 1673)
4(878 877 2408 2409)
4(983 977 1669 1673)
4(861 881 2075 2069)
4(393 412 1444 1439)
4(412 411 1443 1444)
4(881 874 2407 2075)
4(412 415 1447 1444)
4(415 414 1446 1447)
4(881 883 2077 2075)
4(963 982 1672 1667)
4(982 981 1671 1672)
4(883 878 2409 2077)
4(407 425 1448 1441)
4(425 123 1321 1448)
4(274 292 2220 2216)
4(425 429 1449 1448)
4(429 127 1323 1449)
4(292 139 2179 2220)
4(982 985 1675 1672)
4(985 984 1674 1675)
4(275 293 2221 2217)
4(977 995 1676 1669)
4(995 713 1555 1676)
4(293 292 2220 2221)
4(414 433 1451 1446)
4(433 432 1450 1451)
4(432 413 1445 1450)
4(292 296 2222 2220)
4(432 425 1448 1450)
4(296 143 2181 2222)
4(433 436 1454 1451)
4(436 435 1453 1454)
4(435 432 1450 1453)
4(293 297 2223 2221)
4(435 429 1449 1453)
4(297 296 2222 2223)
4(995 999 1677 1676)
4(999 717 1557 1677)
4(280 300 1985 1979)
4(415 434 1452 1447)
4(434 433 1451 1452)
4(300 293 2221 1985)
4(984 1003 1679 1674)
4(1003 1002 1678 1679)
4(1002 983 1673 1678)
4(300 302 1987 1985)
4(1002 995 1676 1678)
4(302 297 2223 1987)
4(1003 1006 1682 1679)
4(1006 1005 1681 1682)
4(1005 1002 1678 1681)
4(877 895 2412 2408)
4(1005 999 1677 1681)
4(895 755 2375 2412)
4(434 437 1455 1452)
4(437 436 1454 1455)
4(878 896 2413 2409)
4(429 447 1456 1449)
4(447 149 1331 1456)
4(896 895 2412 2413)
4(447 451 1457 1456)
4(451 153 1333 1457)
4(895 899 2414 2412)
4(436 455 1459 1454)
4(455 454 1458 1459)
4(454 435 1453 1458)
4(899 759 2377 2414)
4(985 1004 1680 1675)
4(1004 1003 1679 1680)
4(896 900 2415 2413)
4(454 447 1456 1458)
4(900 899 2414 2415)
4(455 458 1462 1459)
4(458 457 1461 1462)
4(457 454 1458 1461)
4(296 314 2226 2222)
4(457 451 1457 1461)
4(314 165 2187 2226)
4(1004 1007 1683 1680)
4(1007 1006 1682 1683)
4(883 903 2083 2077)
4(999 1017 1684 1677)
4(1017 739 1565 1684)
4(903 896 2413 2083)
4(437 456 1460 1455)
4(456 455 1459 1460)
4(297 315 2227 2223)
4(1017 1021 1685 1684)
4(1021 743 1567 1685)
4(315 314 2226 2227)
4(456 459 1463 1460)
4(459 458 1462 1463)
4(903 905 2085 2083)
4(451 469 1464 1457)
4(469 175 1341 1464)
4(905 900 2415 2085)
4(1006 1025 1687 1682)
4(1025 1024 1686 1687)
4(1024 1005 1681 1686)
4(314 318 2228 2226)
4(1024 1017 1684 1686)
4(315 319 2229 2227)
4(1025 1028 1690 1687)
4(1028 1027 1689 1690)
4(1027 1024 1686 1689)
4(302 322 1993 1987)
4(1027 1021 1685 1689)
4(322 315 2227 1993)
4(469 473 1465 1464)
4(322 324 1995 1993)
4(458 477 1467 1462)
4(477 476 1466 1467)
4(476 457 1461 1466)
4(899 917 1641 2414)
4(476 469 1464 1466)
4(917 777 1585 1641)
4(477 480 1470 1467)
4(479 476 1466 1469)
4(900 918 1642 2415)
4(918 917 1641 1642)
4(1007 1026 1688 1683)
4(1026 1025 1687 1688)
4(905 921 2636 2085)
4(459 478 1468 1463)
4(478 477 1467 1468)
4(921 918 1642 2636)
4(1026 1029 1691 1688)
4(1029 1028 1690 1691)
4(350 352 1817 2559)
4(1021 1039 1692 1685)
4(1039 765 1575 1692)
4(352 353 2235 1817)
4(478 481 1471 1468)
4(353 351 1421 2235)
4(1039 1043 1693 1692)
4(1043 769 1577 1693)
4(351 350 2559 1421)
4(491 198 1357 1473)
4(199 491 1473 1358)
4(353 356 2238 2235)
4(199 495 1477 1358)
4(495 491 1473 1477)
4(356 354 1422 2238)
4(1028 1047 1695 1690)
4(1047 1046 1694 1695)
4(1046 1027 1689 1694)
4(354 351 1421 1422)
4(1046 1039 1692 1694)
4(356 357 2239 2238)
4(492 496 1478 1474)
4(496 349 1419 1478)
4(349 492 1474 1419)
4(357 355 1423 2239)
4(348 492 1474 1418)
4(355 354 1422 1423)
4(1047 1050 1698 1695)
4(1050 1049 1697 1698)
4(1049 1046 1694 1697)
4(484 942 1910 1853)
4(1049 1043 1693 1697)
4(942 943 2422 1910)
4(494 508 1484 1476)
4(508 510 1486 1484)
4(510 496 1478 1486)
4(496 494 1476 1478)
4(943 485 2283 2422)
4(494 495 1477 1476)
4(495 509 1485 1477)
4(509 508 1484 1485)
4(485 484 1853 2283)
4(508 512 1487 1484)
4(512 514 1489 1487)
4(514 510 1486 1489)
4(942 944 1911 1910)
4(1029 1048 1696 1691)
4(1048 1047 1695 1696)
4(944 945 2424 1911)
4(509 513 1488 1485)
4(513 512 1487 1488)
4(945 943 2422 2424)
4(218 509 1485 1365)
4(943 946 2425 2422)
4(1048 1051 1699 1696)
4(1051 1050 1698 1699)
4(946 488 2286 2425)
4(221 513 1488 1368)
4(488 485 2283 2286)
4(510 368 1428 1486)
4(946 947 2426 2425)
4(1064 1049 1697 1704)
4(1050 1064 1704 1698)
4(947 489 2287 2426)
4(1050 1065 1705 1698)
4(1065 1064 1704 1705)
4(489 488 2286 2287)
4(514 371 1431 1489)
4(945 948 2427 2424)
4(1051 1066 1706 1699)
4(1066 1065 1705 1706)
4(948 946 2425 2427)
4(602 1071 1711 1517)
4(1071 1073 1713 1711)
4(1073 604 1519 1713)
4(604 602 1517 1519)
4(352 372 1822 1817)
4(602 603 1518 1517)
4(603 1072 1712 1518)
4(1072 1071 1711 1712)
4(372 373 2241 1822)
4(1071 1075 1714 1711)
4(1075 1077 1716 1714)
4(1077 1073 1713 1716)
4(373 353 2235 2241)
4(1072 1076 1715 1712)
4(1076 1075 1714 1715)
4(948 949 2428 2427)
4(512 526 1490 1487)
4(526 528 1492 1490)
4(528 514 1489 1492)
4(949 947 2426 2428)
4(799 1072 1712 1597)
4(603 331 1408 1518)
4(372 374 1823 1822)
4(513 527 1491 1488)
4(527 526 1490 1491)
4(374 375 2243 1823)
4(526 530 1493 1490)
4(530 532 1495 1493)
4(532 528 1492 1495)
4(375 373 2241 2243)
4(527 531 1494 1491)
4(531 530 1493 1494)
4(373 376 2244 2241)
4(240 527 1491 1373)
4(376 356 2238 2244)
4(802 1076 1715 1600)
4(376 377 2245 2244)
4(243 531 1494 1376)
4(377 357 2239 2245)
4(481 604 1519 1471)
4(1073 938 1656 1713)
4(375 378 2246 2243)
4(528 390 1436 1492)
4(378 376 2244 2246)
4(532 393 1439 1495)
4(378 379 2247 2246)
4(1077 941 1659 1716)
4(379 377 2245 2247)
4(1075 1089 1717 1714)
4(1089 1091 1719 1717)
4(1091 1077 1716 1719)
4(944 964 1916 1911)
4(1076 1090 1718 1715)
4(1090 1089 1717 1718)
4(964 965 2430 1916)
4(530 544 1496 1493)
4(544 546 1498 1496)
4(546 532 1495 1498)
4(965 945 2424 2430)
4(531 545 1497 1494)
4(545 544 1496 1497)
4(964 966 1917 1916)
4(1089 1093 1720 1717)
4(1093 1095 1722 1720)
4(1095 1091 1719 1722)
4(966 967 2432 1917)
4(544 548 1499 1496)
4(548 550 1501 1499)
4(550 546 1498 1501)
4(967 965 2430 2432)
4(1090 1094 1721 1718)
4(1094 1093 1720 1721)
4(374 394 1828 1823)
4(545 549 1500 1497)
4(549 548 1499 1500)
4(394 395 2249 1828)
4(262 545 1497 1381)
4(395 375 2243 2249)
4(821 1090 1718 1605)
4(965 968 2433 2430)
4(265 549 1500 1384)
4(968 948 2427 2433)
4(824 1094 1721 1608)
4(394 396 1829 1828)
4(546 412 1444 1498)
4(396 397 2251 1829)
4(550 415 1447 1501)
4(397 395 2249 2251)
4(1091 960 1664 1719)
4(395 398 2252 2249)
4(1095 963 1667 1722)
4(398 378 2246 2252)
4(548 562 1502 1499)
4(562 564 1504 1502)
4(564 550 1501 1504)
4(968 969 2434 2433)
4(549 563 1503 1500)
4(563 562 1502 1503)
4(969 949 2428 2434)
4(562 566 1505 1502)
4(566 568 1507 1505)
4(568 564 1504 1507)
4(398 399 2253 2252)
4(1093 1107 1723 1720)
4(1107 1109 1725 1723)
4(1109 1095 1722 1725)
4(399 379 2247 2253)
4(563 567 1506 1503)
4(567 566 1505 1506)
4(967 970 2435 2432)
4(1094 1108 1724 1721)
4(1108 1107 1723 1724)
4(970 968 2433 2435)
4(284 563 1503 1389)
4(397 400 2254 2251)
4(1107 1111 1726 1723)
4(1111 1113 1728 1726)
4(1113 1109 1725 1728)
4(400 398 2252 2254)
4(1108 1112 1727 1724)
4(1112 1111 1726 1727)
4(970 971 2436 2435)
4(287 567 1506 1392)
4(971 969 2434 2436)
4(843 1108 1724 1613)
4(400 401 2255 2254)
4(564 434 1452 1504)
4(401 399 2253 2255)
4(846 1112 1727 1616)
4(396 416 1834 1829)
4(568 437 1455 1507)
4(416 417 2257 1834)
4(1109 982 1672 1725)
4(417 397 2251 2257)
4(566 580 1508 1505)
4(580 582 1510 1508)
4(582 568 1507 1510)
4(416 418 1835 1834)
4(567 581 1509 1506)
4(581 580 1508 1509)
4(418 419 2259 1835)
4(1113 985 1675 1728)
4(419 417 2257 2259)
4(580 584 1511 1508)
4(584 586 1513 1511)
4(586 582 1510 1513)
4(417 420 2260 2257)
4(581 585 1512 1509)
4(585 584 1511 1512)
4(420 400 2254 2260)
4(306 581 1509 1397)
4(966 986 1922 1917)
4(1111 1125 1729 1726)
4(1125 1127 1731 1729)
4(1127 1113 1728 1731)
4(986 987 2438 1922)
4(309 585 1512 1400)
4(987 967 2432 2438)
4(1112 1126 1730 1727)
4(1126 1125 1729 1730)
4(420 421 2261 2260)
4(1125 1129 1732 1729)
4(1129 1131 1734 1732)
4(1131 1127 1731 1734)
4(421 401 2255 2261)
4(582 456 1460 1510)
4(986 988 1923 1922)
4(1126 1130 1733 1730)
4(1130 1129 1732 1733)
4(988 989 2440 1923)
4(865 1126 1730 1621)
4(989 987 2438 2440)
4(586 459 1463 1513)
4(419 422 2262 2259)
4(868 1130 1733 1624)
4(422 420 2260 2262)
4(584 598 1514 1511)
4(598 600 1516 1514)
4(600 586 1513 1516)
4(987 990 2441 2438)
4(585 599 1515 1512)
4(599 598 1514 1515)
4(990 970 2435 2441)
4(1127 1004 1680 1731)
4(422 423 2263 2262)
4(598 602 1517 1514)
4(604 600 1516 1519)
4(423 421 2261 2263)
4(599 603 1518 1515)
4(990 991 2442 2441)
4(328 599 1515 1405)
4(991 971 2436 2442)
4(1131 1007 1683 1734)
4(989 992 2443 2440)
4(992 990 2441 2443)
4(600 478 1468 1516)
4(992 993 2444 2443)
4(1129 1143 1735 1732)
4(1143 1145 1737 1735)
4(1145 1131 1734 1737)
4(993 991 2442 2444)
4(1130 1144 1736 1733)
4(1144 1143 1735 1736)
4(418 438 1840 1835)
4(438 439 2265 1840)
4(1143 1147 1738 1735)
4(1147 1149 1740 1738)
4(1149 1145 1737 1740)
4(439 419 2259 2265)
4(1144 1148 1739 1736)
4(1148 1147 1738 1739)
4(438 440 1841 1840)
4(887 1144 1736 1629)
4(440 441 2267 1841)
4(890 1148 1739 1632)
4(441 439 2265 2267)
4(1145 1026 1688 1737)
4(439 442 2268 2265)
4(170 626 1520 1338)
4(626 627 1521 1520)
4(442 422 2262 2268)
4(626 630 1522 1520)
4(630 631 1523 1522)
4(442 443 2269 2268)
4(1149 1029 1691 1740)
4(443 423 2263 2269)
4(635 633 1524 1525)
4(633 177 1342 1524)
4(441 444 2270 2267)
4(1147 1161 1741 1738)
4(1161 1163 1743 1741)
4(1163 1149 1740 1743)
4(444 442 2268 2270)
4(639 637 1526 1527)
4(637 633 1524 1526)
4(444 445 2271 2270)
4(1148 1162 1742 1739)
4(1162 1161 1741 1742)
4(445 443 2269 2271)
4(181 640 1528 1345)
4(640 626 1520 1528)
4(988 1008 1928 1923)
4(633 640 1528 1524)
4(1008 1009 2446 1928)
4(1161 1165 1744 1741)
4(1165 1167 1746 1744)
4(1167 1163 1743 1746)
4(1009 989 2440 2446)
4(640 641 1529 1528)
4(641 630 1522 1529)
4(1008 1010 1929 1928)
4(1162 1166 1745 1742)
4(1166 1165 1744 1745)
4(1010 1011 2448 1929)
4(637 641 1529 1526)
4(1011 1009 2446 2448)
4(909 1162 1742 1637)
4(1009 1012 2449 2446)
4(912 1166 1745 1640)
4(1012 992 2443 2449)
4(630 652 1530 1522)
4(652 653 1531 1530)
4(1012 1013 2450 2449)
4(652 656 1532 1530)
4(1013 993 2444 2450)
4(1163 1048 1696 1743)
4(1011 1014 2451 2448)
4(661 659 1534 1535)
4(659 637 1526 1534)
4(1014 1012 2449 2451)
4(1167 1051 1699 1746)
4(1014 1015 2452 2451)
4(663 659 1534 1536)
4(1015 1013 2450 2452)
4(641 666 1538 1529)
4(666 652 1530 1538)
4(440 460 1846 1841)
4(659 666 1538 1534)
4(460 461 2273 1846)
4(666 667 1539 1538)
4(461 441 2267 2273)
4(460 462 1847 1846)
4(1180 1166 1745 1748)
4(912 1180 1748 1640)
4(462 463 2275 1847)
4(925 1180 1748 1649)
4(463 461 2273 2275)
4(1181 1066 1706 1749)
4(1051 1181 1749 1699)
4(461 464 2276 2273)
4(1167 1181 1749 1746)
4(464 444 2270 2276)
4(0 2 1757 2514)
4(2 3 1271 1757)
4(3 1 2135 1271)
4(1 0 2514 2135)
4(464 465 2277 2276)
4(3 9 1273 1271)
4(9 8 2138 1273)
4(8 1 2135 2138)
4(465 445 2271 2277)
4(15 11 1275 1277)
4(11 14 1276 1275)
4(463 466 2278 2275)
4(11 9 1273 1275)
4(466 464 2276 2278)
4(11 10 2139 1275)
4(10 8 2138 2139)
4(466 467 2279 2278)
4(2 16 1760 1757)
4(16 17 1279 1760)
4(17 3 1271 1279)
4(467 465 2277 2279)
4(17 19 1281 1279)
4(19 21 1282 1281)
4(1010 1030 1934 1929)
4(19 23 1283 1281)
4(1030 1031 2454 1934)
4(16 18 1761 1760)
4(18 19 1281 1761)
4(1031 1011 2448 2454)
4(3 24 1284 1271)
4(1030 1032 1935 1934)
4(1032 1033 2456 1935)
4(772 773 2379 2614)
4(773 775 1583 2379)
4(775 774 1903 1583)
4(774 772 2614 1903)
4(1033 1031 2454 2456)
4(773 776 2380 2379)
4(776 778 1586 2380)
4(778 775 1583 1586)
4(1031 1034 2457 2454)
4(778 779 1587 1586)
4(779 760 1572 1587)
4(1034 1014 2451 2457)
4(779 761 1573 1587)
4(462 482 1852 1847)
4(776 777 2381 2380)
4(777 779 1587 2381)
4(482 483 2281 1852)
4(775 781 1589 1583)
4(781 780 1904 1589)
4(780 774 1903 1904)
4(483 463 2275 2281)
4(769 783 1591 1577)
4(783 767 1576 1591)
4(1034 1035 2458 2457)
4(783 781 1589 1591)
4(1035 1015 2452 2458)
4(783 782 1905 1591)
4(782 780 1904 1905)
4(482 484 1853 1852)
4(775 784 1592 1583)
4(485 483 2281 2283)
4(483 486 2284 2281)
4(188 183 1347 1350)
4(183 11 1275 1347)
4(486 466 2278 2284)
4(183 182 2190 1347)
4(182 10 2139 2190)
4(1033 1036 2459 2456)
4(183 185 1349 1347)
4(185 184 2191 1349)
4(184 182 2190 2191)
4(1036 1034 2457 2459)
4(185 191 1946 1349)
4(191 190 2539 1946)
4(190 184 2191 2539)
4(486 487 2285 2284)
4(194 183 1347 1353)
4(183 196 1355 1347)
4(487 467 2279 2285)
4(1036 1037 2460 2459)
4(195 185 1349 1354)
4(1037 1035 2458 2460)
4(195 200 1949 1354)
4(200 191 1946 1949)
4(488 486 2284 2286)
4(198 201 1950 1357)
4(201 200 1949 1950)
4(489 487 2285 2287)
4(779 919 1643 1587)
4(919 901 1634 1643)
4(357 504 2290 2239)
4(777 917 2418 2381)
4(917 919 1643 2418)
4(504 502 1481 2290)
4(917 918 2419 2418)
4(918 920 1644 2419)
4(920 919 1643 1644)
4(502 355 1423 1481)
4(918 921 2638 2419)
4(921 922 2092 2638)
4(922 920 1644 2092)
4(504 505 2291 2290)
4(919 910 1638 1643)
4(505 503 1482 2291)
4(919 923 1647 1643)
4(503 502 1481 1482)
4(19 337 1410 1281)
4(337 341 1413 1410)
4(1032 1052 1940 1935)
4(920 924 1648 1644)
4(1052 1053 2462 1940)
4(18 336 1812 1761)
4(336 337 1410 1812)
4(1053 1033 2456 2462)
4(922 926 2093 2092)
4(926 924 1648 2093)
4(505 507 2006 2291)
4(926 927 2094 2093)
4(927 925 1649 2094)
4(507 506 2583 2006)
4(336 338 1813 1812)
4(338 339 1412 1813)
4(339 337 1410 1412)
4(506 503 1482 2583)
4(337 346 1416 1410)
4(1052 1054 1941 1940)
4(337 344 1414 1410)
4(1054 1055 2464 1941)
4(339 345 1415 1412)
4(1055 1053 2462 2464)
4(338 350 2561 1813)
4(350 351 2233 2561)
4(351 339 1412 2233)
4(1053 1056 2465 2462)
4(351 354 2236 2233)
4(354 345 1415 2236)
4(1056 1036 2459 2465)
4(354 355 2237 2236)
4(355 348 1418 2237)
4(1056 1057 2466 2465)
4(492 490 1472 1474)
4(490 496 1478 1472)
4(1057 1037 2460 2466)
4(490 494 1476 1472)
4(1055 1058 2467 2464)
4(490 495 1477 1472)
4(1058 1056 2465 2467)
4(490 491 1473 1472)
4(1058 1059 2468 2467)
4(492 493 1475 1474)
4(493 491 1473 1475)
4(1059 1057 2466 2468)
4(491 498 2001 1473)
4(498 201 1950 2001)
4(377 520 2294 2245)
4(493 499 2002 1475)
4(499 498 2001 2002)
4(520 504 2290 2294)
4(355 502 2288 2237)
4(502 492 1474 2288)
4(520 521 2295 2294)
4(502 503 2289 2288)
4(503 493 1475 2289)
4(521 505 2291 2295)
4(503 506 2585 2289)
4(506 499 2002 2585)
4(1054 1067 2657 1941)
4(1043 1061 1701 1693)
4(1061 783 1591 1701)
4(1067 1068 1708 2657)
4(1061 1060 1942 1701)
4(1060 782 1905 1942)
4(1068 1055 2464 1708)
4(1061 1063 1703 1701)
4(1063 1062 1943 1703)
4(1062 1060 1942 1943)
4(1068 1069 1709 1708)
4(1064 1061 1701 1704)
4(1061 1049 1697 1701)
4(1069 1058 2467 1709)
4(379 522 2296 2247)
4(1065 1063 1703 1705)
4(522 520 2294 2296)
4(1063 1068 2470 1703)
4(1068 1067 2659 2470)
4(1067 1062 1943 2659)
4(1069 1070 1710 1709)
4(1065 1069 2471 1705)
4(1069 1068 2470 2471)
4(1070 1059 2468 1710)
4(1066 1070 2472 1706)
4(1070 1069 2471 2472)
4(522 523 2297 2296)
4(1165 1179 1747 1744)
4(1179 1167 1746 1747)
4(523 521 2295 2297)
4(1179 1181 1749 1747)
4(521 524 2011 2295)
4(1180 1179 1747 1748)
4(1179 1166 1745 1747)
4(524 507 2006 2011)
4(523 525 2012 2297)
4(1180 1182 1750 1748)
4(1182 1181 1749 1750)
4(525 524 2011 2012)
4(927 1183 2131 2094)
4(1183 1180 1748 2131)
4(947 1083 2473 2426)
4(1183 1184 2132 2131)
4(1184 1182 1750 2132)
4(1083 612 2326 2473)
4(1181 1185 2509 1749)
4(1185 1070 2472 2509)
4(612 489 2287 2326)
4(1182 1186 2510 1750)
4(1186 1185 2509 2510)
4(399 538 2300 2253)
4(1184 1187 2682 2132)
4(1187 1186 2510 2682)
4(538 522 2296 2300)
4(0 4 2136 2513)
4(4 6 1759 2136)
4(6 2 1270 1759)
4(2 0 2513 1270)
4(1083 1084 2474 2473)
4(6 20 1762 1759)
4(20 16 1278 1762)
4(16 2 1270 1278)
4(1084 613 2327 2474)
4(648 670 1871 1865)
4(670 684 1874 1871)
4(684 662 1868 1874)
4(662 648 1865 1868)
4(613 612 2326 2327)
4(20 22 1763 1762)
4(22 18 1280 1763)
4(18 16 1278 1280)
4(538 539 2301 2300)
4(684 686 1875 1874)
4(686 664 1869 1875)
4(664 662 1868 1869)
4(539 523 2297 2301)
4(670 674 1873 1871)
4(674 688 1876 1873)
4(688 684 1874 1876)
4(949 1085 2475 2428)
4(4 26 2142 2136)
4(26 28 1765 2142)
4(28 6 1759 1765)
4(1085 1083 2473 2475)
4(688 690 1877 1876)
4(690 686 1875 1877)
4(401 540 2302 2255)
4(26 30 2144 2142)
4(30 32 1767 2144)
4(32 28 1765 1767)
4(540 538 2300 2302)
4(672 694 2354 2348)
4(694 696 1879 2354)
4(696 674 1873 1879)
4(674 672 2348 1873)
4(540 541 2303 2302)
4(694 698 2356 2354)
4(698 700 1881 2356)
4(700 696 1879 1881)
4(541 539 2301 2303)
4(28 42 1768 1765)
4(42 20 1762 1768)
4(1085 1086 2476 2475)
4(42 44 1769 1768)
4(44 22 1763 1769)
4(1086 1084 2474 2476)
4(32 46 1770 1767)
4(46 42 1768 1770)
4(1084 1087 2099 2474)
4(46 48 1771 1770)
4(48 44 1769 1771)
4(1087 615 2042 2099)
4(30 52 2150 2144)
4(52 54 1773 2150)
4(54 32 1767 1773)
4(615 613 2327 2042)
4(696 710 1882 1879)
4(710 688 1876 1882)
4(539 542 2017 2301)
4(52 56 2152 2150)
4(56 58 1775 2152)
4(58 54 1773 1775)
4(542 525 2012 2017)
4(710 712 1883 1882)
4(712 690 1877 1883)
4(1086 1088 2100 2476)
4(700 714 1884 1881)
4(714 710 1882 1884)
4(1088 1087 2099 2100)
4(714 716 1885 1884)
4(716 712 1883 1885)
4(541 543 2018 2303)
4(54 68 1776 1773)
4(68 46 1770 1776)
4(543 542 2017 2018)
4(68 70 1777 1776)
4(70 48 1771 1777)
4(421 556 2306 2261)
4(698 720 2362 2356)
4(720 722 1887 2362)
4(722 700 1881 1887)
4(556 540 2302 2306)
4(58 72 1778 1775)
4(72 68 1776 1778)
4(556 557 2307 2306)
4(72 74 1779 1778)
4(74 70 1777 1779)
4(557 541 2303 2307)
4(720 724 2364 2362)
4(724 726 1889 2364)
4(726 722 1887 1889)
4(969 1101 2479 2434)
4(56 78 2158 2152)
4(78 80 1781 2158)
4(80 58 1775 1781)
4(1101 1085 2475 2479)
4(78 82 2160 2158)
4(82 84 1783 2160)
4(84 80 1781 1783)
4(423 558 2308 2263)
4(722 736 1890 1887)
4(736 714 1884 1890)
4(558 556 2306 2308)
4(80 94 1784 1781)
4(94 72 1778 1784)
4(558 559 2309 2308)
4(94 96 1785 1784)
4(96 74 1779 1785)
4(559 557 2307 2309)
4(736 738 1891 1890)
4(738 716 1885 1891)
4(1101 1102 2480 2479)
4(84 98 1786 1783)
4(98 94 1784 1786)
4(1102 1086 2476 2480)
4(726 740 1892 1889)
4(740 736 1890 1892)
4(557 560 2023 2307)
4(98 100 1787 1786)
4(100 96 1785 1787)
4(560 543 2018 2023)
4(740 742 1893 1892)
4(742 738 1891 1893)
4(971 1103 2481 2436)
4(82 104 2166 2160)
4(104 106 1789 2166)
4(106 84 1783 1789)
4(1103 1101 2479 2481)
4(724 746 2370 2364)
4(746 748 1895 2370)
4(748 726 1889 1895)
4(559 561 2024 2309)
4(104 108 2168 2166)
4(108 110 1791 2168)
4(110 106 1789 1791)
4(561 560 2023 2024)
4(746 750 2372 2370)
4(750 752 1897 2372)
4(752 748 1895 1897)
4(1103 1104 2482 2481)
4(106 120 1792 1789)
4(120 98 1786 1792)
4(1104 1102 2480 2482)
4(120 122 1793 1792)
4(122 100 1787 1793)
4(1102 1105 2105 2480)
4(110 124 1794 1791)
4(124 120 1792 1794)
4(1105 1088 2100 2105)
4(124 126 1795 1794)
4(126 122 1793 1795)
4(1104 1106 2106 2482)
4(748 762 1898 1895)
4(762 740 1892 1898)
4(1106 1105 2105 2106)
4(762 764 1899 1898)
4(764 742 1893 1899)
4(443 574 2312 2269)
4(108 130 2174 2168)
4(130 132 1797 2174)
4(132 110 1791 1797)
4(574 558 2308 2312)
4(752 766 1900 1897)
4(766 762 1898 1900)
4(574 575 2313 2312)
4(130 134 2176 2174)
4(134 136 1799 2176)
4(136 132 1797 1799)
4(575 559 2309 2313)
4(766 768 1901 1900)
4(768 764 1899 1901)
4(445 576 2314 2271)
4(750 772 2613 2372)
4(772 774 1582 2613)
4(774 752 1897 1582)
4(576 574 2312 2314)
4(132 146 1800 1797)
4(146 124 1794 1800)
4(576 577 2315 2314)
4(146 148 1801 1800)
4(148 126 1795 1801)
4(577 575 2313 2315)
4(136 150 1802 1799)
4(150 146 1800 1802)
4(575 578 2029 2313)
4(774 780 1588 1582)
4(780 766 1900 1588)
4(578 561 2024 2029)
4(150 152 1803 1802)
4(152 148 1801 1803)
4(991 1119 2485 2442)
4(780 782 1590 1588)
4(782 768 1901 1590)
4(1119 1103 2481 2485)
4(134 156 2182 2176)
4(156 158 1805 2182)
4(158 136 1799 1805)
4(577 579 2030 2315)
4(156 160 2184 2182)
4(160 162 1807 2184)
4(162 158 1805 1807)
4(579 578 2029 2030)
4(158 172 1808 1805)
4(172 150 1802 1808)
4(1119 1120 2486 2485)
4(172 174 1809 1808)
4(174 152 1803 1809)
4(1120 1104 2482 2486)
4(162 176 1810 1807)
4(176 172 1808 1810)
4(993 1121 2487 2444)
4(176 178 1811 1810)
4(178 174 1809 1811)
4(1121 1119 2485 2487)
4(22 340 1814 1763)
4(340 336 1409 1814)
4(336 18 1280 1409)
4(1121 1122 2488 2487)
4(340 342 1815 1814)
4(342 338 1411 1815)
4(338 336 1409 1411)
4(1122 1120 2486 2488)
4(178 634 1859 1811)
4(634 928 1906 1859)
4(928 472 1850 1906)
4(472 178 1811 1850)
4(1120 1123 2111 2486)
4(928 930 1907 1906)
4(930 474 1851 1907)
4(474 472 1850 1851)
4(1123 1106 2106 2111)
4(342 352 2234 1815)
4(352 350 2560 2234)
4(350 338 1411 2560)
4(1122 1124 2112 2488)
4(634 638 1861 1859)
4(638 932 1908 1861)
4(932 928 1906 1908)
4(1124 1123 2111 2112)
4(932 934 1909 1908)
4(934 930 1907 1909)
4(465 592 2318 2277)
4(44 358 1818 1769)
4(358 340 1814 1818)
4(592 576 2314 2318)
4(930 942 2421 1907)
4(942 484 2282 2421)
4(484 474 1851 2282)
4(592 593 2319 2318)
4(358 360 1819 1818)
4(360 342 1815 1819)
4(593 577 2315 2319)
4(48 362 1820 1771)
4(362 358 1818 1820)
4(467 594 2320 2279)
4(934 944 2423 1909)
4(944 942 2421 2423)
4(594 592 2318 2320)
4(362 364 1821 1820)
4(364 360 1819 1821)
4(594 595 2321 2320)
4(360 372 2240 1819)
4(372 352 2234 2240)
4(595 593 2319 2321)
4(364 374 2242 1821)
4(374 372 2240 2242)
4(593 596 2035 2319)
4(638 660 1867 1861)
4(660 950 1912 1867)
4(950 932 1908 1912)
4(596 579 2030 2035)
4(950 952 1913 1912)
4(952 934 1909 1913)
4(595 597 2036 2321)
4(660 664 1869 1867)
4(664 954 1914 1869)
4(954 950 1912 1914)
4(597 596 2035 2036)
4(70 380 1824 1777)
4(380 362 1820 1824)
4(1013 1137 2491 2450)
4(954 956 1915 1914)
4(956 952 1913 1915)
4(1137 1121 2487 2491)
4(380 382 1825 1824)
4(382 364 1821 1825)
4(1137 1138 2492 2491)
4(74 384 1826 1779)
4(384 380 1824 1826)
4(1138 1122 2488 2492)
4(384 386 1827 1826)
4(386 382 1825 1827)
4(1015 1139 2493 2452)
4(952 964 2429 1913)
4(964 944 2423 2429)
4(1139 1137 2491 2493)
4(956 966 2431 1915)
4(966 964 2429 2431)
4(1139 1140 2494 2493)
4(382 394 2248 1825)
4(394 374 2242 2248)
4(1140 1138 2492 2494)
4(386 396 2250 1827)
4(396 394 2248 2250)
4(1138 1141 2117 2492)
4(686 972 1918 1875)
4(972 954 1914 1918)
4(1141 1124 2112 2117)
4(96 402 1830 1785)
4(402 384 1826 1830)
4(1140 1142 2118 2494)
4(972 974 1919 1918)
4(974 956 1915 1919)
4(1142 1141 2117 2118)
4(402 404 1831 1830)
4(404 386 1827 1831)
4(487 610 2324 2285)
4(100 406 1832 1787)
4(406 402 1830 1832)
4(610 594 2320 2324)
4(690 976 1920 1877)
4(976 972 1918 1920)
4(610 611 2325 2324)
4(406 408 1833 1832)
4(408 404 1831 1833)
4(611 595 2321 2325)
4(976 978 1921 1920)
4(978 974 1919 1921)
4(612 610 2324 2326)
4(404 416 2256 1831)
4(416 396 2250 2256)
4(613 611 2325 2327)
4(408 418 2258 1833)
4(418 416 2256 2258)
4(611 614 2041 2325)
4(974 986 2437 1919)
4(986 966 2431 2437)
4(614 597 2036 2041)
4(978 988 2439 1921)
4(988 986 2437 2439)
4(615 614 2041 2042)
4(122 424 1836 1793)
4(424 406 1832 1836)
4(161 617 2331 2185)
4(424 426 1837 1836)
4(426 408 1833 1837)
4(617 616 1854 2331)
4(126 428 1838 1795)
4(428 424 1836 1838)
4(616 160 1806 1854)
4(428 430 1839 1838)
4(430 426 1837 1839)
4(617 621 2333 2331)
4(712 994 1924 1883)
4(994 976 1920 1924)
4(621 620 1856 2333)
4(994 996 1925 1924)
4(996 978 1921 1925)
4(620 616 1854 1856)
4(426 438 2264 1837)
4(438 418 2258 2264)
4(168 624 2334 2188)
4(716 998 1926 1885)
4(998 994 1924 1926)
4(624 617 2331 2334)
4(430 440 2266 1839)
4(440 438 2264 2266)
4(625 624 2334 2335)
4(998 1000 1927 1926)
4(1000 996 1925 1927)
4(1035 1155 2497 2458)
4(996 1008 2445 1925)
4(1008 988 2439 2445)
4(1155 1139 2493 2497)
4(148 446 1842 1801)
4(446 428 1838 1842)
4(624 628 2336 2334)
4(1000 1010 2447 1927)
4(1010 1008 2445 2447)
4(628 621 2333 2336)
4(446 448 1843 1842)
4(448 430 1839 1843)
4(1155 1156 2498 2497)
4(152 450 1844 1803)
4(450 446 1842 1844)
4(1156 1140 2494 2498)
4(450 452 1845 1844)
4(452 448 1843 1845)
4(629 628 2336 2337)
4(448 460 2272 1843)
4(460 440 2266 2272)
4(1037 1157 2499 2460)
4(738 1016 1930 1891)
4(1016 998 1926 1930)
4(1157 1155 2497 2499)
4(452 462 2274 1845)
4(462 460 2272 2274)
4(1157 1158 2500 2499)
4(1016 1018 1931 1930)
4(1018 1000 1927 1931)
4(1158 1156 2498 2500)
4(742 1020 1932 1893)
4(1020 1016 1930 1932)
4(1156 1159 2123 2498)
4(1020 1022 1933 1932)
4(1022 1018 1931 1933)
4(1159 1142 2118 2123)
4(174 468 1848 1809)
4(468 450 1844 1848)
4(1158 1160 2124 2500)
4(468 470 1849 1848)
4(470 452 1845 1849)
4(1160 1159 2123 2124)
4(472 468 1848 1850)
4(621 643 2339 2333)
4(474 470 1849 1851)
4(643 642 1862 2339)
4(1018 1030 2453 1931)
4(1030 1010 2447 2453)
4(642 620 1856 1862)
4(1022 1032 2455 1933)
4(1032 1030 2453 2455)
4(643 647 2341 2339)
4(470 482 2280 1849)
4(482 462 2274 2280)
4(647 646 1864 2341)
4(484 482 2280 2282)
4(646 642 1862 1864)
4(764 1038 1936 1899)
4(1038 1020 1932 1936)
4(628 650 2342 2336)
4(1038 1040 1937 1936)
4(1040 1022 1933 1937)
4(650 643 2339 2342)
4(768 1042 1938 1901)
4(1042 1038 1936 1938)
4(651 650 2342 2343)
4(1042 1044 1939 1938)
4(1044 1040 1937 1939)
4(650 654 2344 2342)
4(1040 1052 2461 1937)
4(1052 1032 2455 2461)
4(654 647 2341 2344)
4(1044 1054 2463 1939)
4(1054 1052 2461 2463)
4(1057 1173 2503 2466)
4(782 1060 1700 1590)
4(1060 1042 1938 1700)
4(1173 1157 2499 2503)
4(1060 1062 1702 1700)
4(1062 1044 1939 1702)
4(1173 1174 2504 2503)
4(1062 1067 2658 1702)
4(1067 1054 2463 2658)
4(1174 1158 2500 2504)
4(160 616 2330 2184)
4(616 618 1855 2330)
4(618 162 1807 1855)
4(1059 1175 2505 2468)
4(616 620 2332 2330)
4(620 622 1857 2332)
4(622 618 1855 1857)
4(1175 1173 2503 2505)
4(618 632 1858 1855)
4(632 176 1810 1858)
4(1175 1176 2506 2505)
4(632 634 1859 1858)
4(1176 1174 2504 2506)
4(622 636 1860 1857)
4(636 632 1858 1860)
4(1174 1177 2129 2504)
4(636 638 1861 1860)
4(1177 1160 2124 2129)
4(620 642 2338 2332)
4(642 644 1863 2338)
4(644 622 1857 1863)
4(1176 1178 2130 2506)
4(642 646 2340 2338)
4(646 648 1865 2340)
4(648 644 1863 1865)
4(1178 1177 2129 2130)
4(644 658 1866 1863)
4(658 636 1860 1866)
4(647 669 2347 2341)
4(658 660 1867 1866)
4(669 668 1870 2347)
4(662 658 1866 1868)
4(668 646 1864 1870)
4(672 668 1870 1872)
4(646 668 2346 2340)
4(668 670 1871 2346)
4(1070 1185 1753 1710)
4(668 672 2348 2346)
4(1185 1175 2505 1753)
4(324 325 1996 2231)
4(325 794 2044 1996)
4(794 793 2386 2044)
4(793 324 2231 2386)
4(1185 1186 1754 1753)
4(794 796 2046 2044)
4(796 795 2387 2046)
4(795 793 2386 2387)
4(1186 1176 2506 1754)
4(325 334 1999 1996)
4(334 803 2047 1999)
4(803 794 2044 2047)
4(1186 1187 2680 1754)
4(334 335 2000 1999)
4(335 804 2048 2000)
4(804 803 2047 2048)
4(1187 1178 2130 2680)
4(803 805 2049 2047)
4(805 796 2046 2049)
4(1 1269 2516 2135)
4(804 806 2050 2048)
4(806 805 2049 2050)
4(0 2514 1756 2512)
4(190 191 1352 2538)
4(191 193 1948 1352)
4(193 192 2195 1948)
4(192 190 2538 2195)
4(2 1757 2517 1270)
4(191 200 1359 1352)
4(200 202 1951 1359)
4(202 193 1948 1951)
4(0 2513 2134 2514)
4(796 816 2052 2046)
4(816 815 2392 2052)
4(815 795 2387 2392)
4(4 2136 2518 1758)
4(200 201 1360 1359)
4(201 203 1952 1360)
4(203 202 1951 1952)
4(0 2512 1268 2513)
4(816 818 2054 2052)
4(818 817 2393 2054)
4(817 815 2392 2393)
4(8 1272 2519 2138)
4(805 825 2055 2049)
4(825 816 2052 2055)
4(16 1760 2521 1278)
4(193 213 1954 1948)
4(213 212 2200 1954)
4(212 192 2195 2200)
4(26 2142 2523 1764)
4(806 826 2056 2050)
4(826 825 2055 2056)
4(10 1274 2520 2139)
4(213 215 1956 1954)
4(215 214 2201 1956)
4(214 212 2200 2201)
4(182 1346 2535 2190)
4(825 827 2057 2055)
4(827 818 2054 2057)
4(18 1761 2522 1280)
4(826 828 2058 2056)
4(828 827 2057 2058)
4(336 1812 2557 1409)
4(202 222 1957 1951)
4(222 213 1954 1957)
4(30 2144 2524 1766)
4(203 223 1958 1952)
4(223 222 1957 1958)
4(52 2150 2525 1772)
4(222 224 1959 1957)
4(224 215 1956 1959)
4(56 2152 2526 1774)
4(223 225 1960 1958)
4(225 224 1959 1960)
4(78 2158 2527 1780)
4(818 838 2060 2054)
4(838 837 2398 2060)
4(837 817 2393 2398)
4(82 2160 2528 1782)
4(838 840 2062 2060)
4(840 839 2399 2062)
4(839 837 2398 2399)
4(104 2166 2529 1788)
4(215 235 1962 1956)
4(235 234 2206 1962)
4(234 214 2201 2206)
4(108 2168 2530 1790)
4(235 237 1964 1962)
4(237 236 2207 1964)
4(236 234 2206 2207)
4(130 2174 2531 1796)
4(827 847 2063 2057)
4(847 838 2060 2063)
4(134 2176 2532 1798)
4(828 848 2064 2058)
4(848 847 2063 2064)
4(156 2182 2533 1804)
4(224 244 1965 1959)
4(244 235 1962 1965)
4(160 2184 2534 1806)
4(847 849 2065 2063)
4(849 840 2062 2065)
4(616 2330 2600 1854)
4(225 245 1966 1960)
4(245 244 1965 1966)
4(184 1348 2536 2191)
4(848 850 2066 2064)
4(850 849 2065 2066)
4(190 2537 1945 2539)
4(244 246 1967 1965)
4(246 237 1964 1967)
4(191 1352 2541 1946)
4(245 247 1968 1966)
4(247 246 1967 1968)
4(190 2539 2194 2538)
4(237 257 1970 1964)
4(257 256 2212 1970)
4(256 236 2207 2212)
4(192 1947 2542 2195)
4(257 259 1972 1970)
4(259 258 2213 1972)
4(258 256 2212 2213)
4(190 2538 1351 2537)
4(840 860 2068 2062)
4(860 859 2404 2068)
4(859 839 2399 2404)
4(200 1359 2543 1949)
4(860 862 2070 2068)
4(862 861 2405 2070)
4(861 859 2404 2405)
4(212 1953 2545 2200)
4(246 266 1973 1967)
4(266 257 1970 1973)
4(201 1360 2544 1950)
4(247 267 1974 1968)
4(267 266 1973 1974)
4(498 1479 2579 2001)
4(849 869 2071 2065)
4(869 860 2068 2071)
4(214 1955 2546 2201)
4(266 268 1975 1973)
4(268 259 1972 1975)
4(234 1961 2547 2206)
4(850 870 2072 2066)
4(870 869 2071 2072)
4(236 1963 2548 2207)
4(267 269 1976 1974)
4(269 268 1975 1976)
4(256 1969 2549 2212)
4(869 871 2073 2071)
4(871 862 2070 2073)
4(258 1971 2550 2213)
4(870 872 2074 2072)
4(872 871 2073 2074)
4(278 1977 2551 2218)
4(259 279 1978 1972)
4(279 278 2218 1978)
4(278 258 2213 2218)
4(280 1979 2552 2219)
4(279 281 1980 1978)
4(281 280 2219 1980)
4(280 278 2218 2219)
4(300 1985 2553 2224)
4(268 288 1981 1975)
4(288 279 1978 1981)
4(302 1987 2554 2225)
4(862 882 2076 2070)
4(882 881 2410 2076)
4(881 861 2405 2410)
4(322 1993 2555 2230)
4(269 289 1982 1976)
4(289 288 1981 1982)
4(324 1995 2556 2231)
4(882 884 2078 2076)
4(884 883 2411 2078)
4(883 881 2410 2411)
4(793 2043 2622 2386)
4(288 290 1983 1981)
4(290 281 1980 1983)
4(338 1813 2558 1411)
4(289 291 1984 1982)
4(291 290 1983 1984)
4(350 2561 2232 2560)
4(871 891 2079 2073)
4(891 882 2076 2079)
4(351 2233 2563 1421)
4(872 892 2080 2074)
4(892 891 2079 2080)
4(350 2559 1816 2561)
4(281 301 1986 1980)
4(301 300 2224 1986)
4(300 280 2219 2224)
4(352 1817 2564 2234)
4(891 893 2081 2079)
4(893 884 2078 2081)
4(350 2560 1420 2559)
4(301 303 1988 1986)
4(303 302 2225 1988)
4(302 300 2224 2225)
4(354 2236 2565 1422)
4(892 894 2082 2080)
4(894 893 2081 2082)
4(372 1822 2567 2240)
4(290 310 1989 1983)
4(310 301 1986 1989)
4(355 2237 2566 1423)
4(291 311 1990 1984)
4(311 310 1989 1990)
4(502 2288 2581 1481)
4(310 312 1991 1989)
4(312 303 1988 1991)
4(374 1823 2568 2242)
4(311 313 1992 1990)
4(313 312 1991 1992)
4(394 1828 2569 2248)
4(884 904 2084 2078)
4(904 903 2416 2084)
4(903 883 2411 2416)
4(396 1829 2570 2250)
4(904 906 2086 2084)
4(906 905 2417 2086)
4(905 903 2416 2417)
4(416 1834 2571 2256)
4(303 323 1994 1988)
4(323 322 2230 1994)
4(322 302 2225 2230)
4(418 1835 2572 2258)
4(323 325 1996 1994)
4(324 322 2230 2231)
4(438 1840 2573 2264)
4(893 913 2087 2081)
4(913 904 2084 2087)
4(440 1841 2574 2266)
4(894 914 2088 2082)
4(914 913 2087 2088)
4(460 1846 2575 2272)
4(913 915 2089 2087)
4(915 906 2086 2089)
4(462 1847 2576 2274)
4(312 332 1997 1991)
4(332 323 1994 1997)
4(482 1852 2577 2280)
4(914 916 2090 2088)
4(916 915 2089 2090)
4(484 1853 2578 2282)
4(313 333 1998 1992)
4(333 332 1997 1998)
4(942 1910 2643 2421)
4(332 334 1999 1997)
4(499 1480 2580 2002)
4(333 335 2000 1998)
4(506 2584 2292 2585)
4(906 922 1646 2086)
4(922 921 2637 1646)
4(921 905 2417 2637)
4(503 2289 2582 1482)
4(915 926 1650 2089)
4(926 922 1646 1650)
4(506 2585 2005 2583)
4(916 927 1651 2090)
4(927 926 1650 1651)
4(507 2293 2587 2006)
4(201 498 1479 1360)
4(498 500 2003 1479)
4(500 203 1952 2003)
4(506 2583 1483 2584)
4(498 499 1480 1479)
4(499 501 2004 1480)
4(501 500 2003 2004)
4(524 2298 2588 2011)
4(499 506 2584 1480)
4(506 507 2293 2584)
4(507 501 2004 2293)
4(525 2299 2589 2012)
4(500 516 2007 2003)
4(516 223 1958 2007)
4(542 2304 2590 2017)
4(501 517 2008 2004)
4(517 516 2007 2008)
4(543 2305 2591 2018)
4(516 518 2009 2007)
4(518 225 1960 2009)
4(560 2310 2592 2023)
4(517 519 2010 2008)
4(519 518 2009 2010)
4(561 2311 2593 2024)
4(507 524 2298 2293)
4(524 517 2008 2298)
4(578 2316 2594 2029)
4(524 525 2299 2298)
4(525 519 2010 2299)
4(579 2317 2595 2030)
4(335 608 2039 2000)
4(608 1079 2095 2039)
4(1079 804 2048 2095)
4(596 2322 2596 2035)
4(608 609 2040 2039)
4(609 1080 2096 2040)
4(1080 1079 2095 2096)
4(597 2323 2597 2036)
4(1079 1081 2097 2095)
4(1081 806 2050 2097)
4(614 2328 2598 2041)
4(518 534 2013 2009)
4(534 245 1966 2013)
4(615 2329 2599 2042)
4(519 535 2014 2010)
4(535 534 2013 2014)
4(1087 2477 2664 2099)
4(1080 1082 2098 2096)
4(1082 1081 2097 2098)
4(620 2332 2601 1856)
4(534 536 2015 2013)
4(536 247 1968 2015)
4(642 2338 2602 1862)
4(535 537 2016 2014)
4(537 536 2015 2016)
4(646 2340 2603 1864)
4(525 542 2304 2299)
4(542 535 2014 2304)
4(668 2346 2604 1870)
4(609 615 2329 2040)
4(615 1087 2477 2329)
4(1087 1080 2096 2477)
4(672 2348 2605 1872)
4(1087 1088 2478 2477)
4(1088 1082 2098 2478)
4(694 2354 2606 1878)
4(542 543 2305 2304)
4(543 537 2016 2305)
4(698 2356 2607 1880)
4(1081 1097 2101 2097)
4(1097 826 2056 2101)
4(720 2362 2608 1886)
4(536 552 2019 2015)
4(552 267 1974 2019)
4(724 2364 2609 1888)
4(537 553 2020 2016)
4(553 552 2019 2020)
4(746 2370 2610 1894)
4(1082 1098 2102 2098)
4(1098 1097 2101 2102)
4(750 2372 2611 1896)
4(552 554 2021 2019)
4(554 269 1976 2021)
4(772 2613 1580 2612)
4(1097 1099 2103 2101)
4(1099 828 2058 2103)
4(773 2379 2616 1581)
4(553 555 2022 2020)
4(555 554 2021 2022)
4(772 2612 1902 2614)
4(1098 1100 2104 2102)
4(1100 1099 2103 2104)
4(774 1582 2617 1903)
4(543 560 2310 2305)
4(560 553 2020 2310)
4(772 2614 2378 2613)
4(560 561 2311 2310)
4(561 555 2022 2311)
4(776 2380 2618 1584)
4(1088 1105 2483 2478)
4(1105 1098 2102 2483)
4(780 1588 2620 1904)
4(1105 1106 2484 2483)
4(1106 1100 2104 2484)
4(777 2381 2619 1585)
4(554 570 2025 2021)
4(570 289 1982 2025)
4(917 2418 2634 1641)
4(555 571 2026 2022)
4(571 570 2025 2026)
4(782 1590 2621 1905)
4(570 572 2027 2025)
4(572 291 1984 2027)
4(1060 1700 2655 1942)
4(1099 1115 2107 2103)
4(1115 848 2064 2107)
4(795 2045 2623 2387)
4(571 573 2028 2026)
4(573 572 2027 2028)
4(815 2051 2624 2392)
4(1100 1116 2108 2104)
4(1116 1115 2107 2108)
4(817 2053 2625 2393)
4(1115 1117 2109 2107)
4(1117 850 2066 2109)
4(837 2059 2626 2398)
4(1116 1118 2110 2108)
4(1118 1117 2109 2110)
4(839 2061 2627 2399)
4(561 578 2316 2311)
4(578 571 2026 2316)
4(859 2067 2628 2404)
4(578 579 2317 2316)
4(579 573 2028 2317)
4(861 2069 2629 2405)
4(1106 1123 2489 2484)
4(1123 1116 2108 2489)
4(881 2075 2630 2410)
4(572 588 2031 2027)
4(588 311 1990 2031)
4(883 2077 2631 2411)
4(1123 1124 2490 2489)
4(1124 1118 2110 2490)
4(903 2083 2632 2416)
4(573 589 2032 2028)
4(589 588 2031 2032)
4(905 2085 2633 2417)
4(588 590 2033 2031)
4(590 313 1992 2033)
4(921 2636 1645 2637)
4(589 591 2034 2032)
4(591 590 2033 2034)
4(918 2419 2635 1642)
4(1117 1133 2113 2109)
4(1133 870 2072 2113)
4(921 2638 2091 2636)
4(1118 1134 2114 2110)
4(1134 1133 2113 2114)
4(922 2092 2640 1646)
4(579 596 2322 2317)
4(596 589 2032 2322)
4(921 2637 2420 2638)
4(1133 1135 2115 2113)
4(1135 872 2074 2115)
4(926 2093 2641 1650)
4(596 597 2323 2322)
4(597 591 2034 2323)
4(927 2094 2642 1651)
4(1134 1136 2116 2114)
4(1136 1135 2115 2116)
4(1183 2131 2676 1751)
4(590 606 2037 2033)
4(606 333 1998 2037)
4(944 1911 2644 2423)
4(591 607 2038 2034)
4(607 606 2037 2038)
4(964 1916 2645 2429)
4(606 608 2039 2037)
4(966 1917 2646 2431)
4(1124 1141 2495 2490)
4(1141 1134 2114 2495)
4(986 1922 2647 2437)
4(607 609 2040 2038)
4(988 1923 2648 2439)
4(1141 1142 2496 2495)
4(1142 1136 2116 2496)
4(1008 1928 2649 2445)
4(597 614 2328 2323)
4(614 607 2038 2328)
4(1010 1929 2650 2447)
4(1135 1151 2119 2115)
4(1151 892 2080 2119)
4(1030 1934 2651 2453)
4(614 615 2329 2328)
4(1032 1935 2652 2455)
4(1136 1152 2120 2116)
4(1152 1151 2119 2120)
4(1052 1940 2653 2461)
4(1151 1153 2121 2119)
4(1153 894 2082 2121)
4(1054 1941 2654 2463)
4(1152 1154 2122 2120)
4(1154 1153 2121 2122)
4(1067 2657 1707 2658)
4(1142 1159 2501 2496)
4(1159 1152 2120 2501)
4(1062 1702 2656 1943)
4(1159 1160 2502 2501)
4(1160 1154 2122 2502)
4(1067 2658 2469 2659)
4(1153 1169 2125 2121)
4(1169 914 2088 2125)
4(1068 1708 2661 2470)
4(1154 1170 2126 2122)
4(1170 1169 2125 2126)
4(1067 2659 1944 2657)
4(1169 1171 2127 2125)
4(1171 916 2090 2127)
4(1069 1709 2662 2471)
4(1170 1172 2128 2126)
4(1172 1171 2127 2128)
4(1070 1710 2663 2472)
4(1160 1177 2507 2502)
4(1177 1170 2126 2507)
4(1185 1753 2678 2509)
4(1177 1178 2508 2507)
4(1178 1172 2128 2508)
4(1088 2478 2665 2100)
4(1171 1183 1751 2127)
4(1183 927 1651 1751)
4(1105 2483 2666 2105)
4(1172 1184 1752 2128)
4(1184 1183 1751 1752)
4(1106 2484 2667 2106)
4(1178 1187 2681 2508)
4(1187 1184 1752 2681)
4(1123 2489 2668 2111)
4(0 1 1269 2512)
4(1 5 2137 1269)
4(5 4 1758 2137)
4(4 0 2512 1758)
4(1124 2490 2669 2112)
4(654 655 2345 2344)
4(655 677 2351 2345)
4(677 676 2350 2351)
4(676 654 2344 2350)
4(1141 2495 2670 2117)
4(1 8 1272 1269)
4(8 12 2140 1272)
4(12 5 2137 2140)
4(1142 2496 2671 2118)
4(669 676 2350 2347)
4(676 680 2352 2350)
4(680 673 2349 2352)
4(673 669 2347 2349)
4(1159 2501 2672 2123)
4(8 10 1274 1272)
4(10 13 2141 1274)
4(13 12 2140 2141)
4(1160 2502 2673 2124)
4(677 681 2353 2351)
4(681 680 2352 2353)
4(1177 2507 2674 2129)
4(5 27 2143 2137)
4(27 26 1764 2143)
4(26 4 1758 1764)
4(1178 2508 2675 2130)
4(27 31 2145 2143)
4(31 30 1766 2145)
4(30 26 1764 1766)
4(1187 2681 1755 2680)
4(12 34 2146 2140)
4(34 27 2143 2146)
4(1184 2132 2677 1752)
4(13 35 2147 2141)
4(35 34 2146 2147)
4(1187 2682 2511 2681)
4(672 673 2349 1872)
4(673 695 2355 2349)
4(695 694 1878 2355)
4(694 672 1872 1878)
4(1186 1754 2679 2510)
4(34 38 2148 2146)
4(38 31 2145 2148)
4(1187 2680 2133 2682)
4(35 39 2149 2147)
4(1532 1540 1541 1533)
4(1540 1542 1543 1541)
4(1536 1537 1545 1544)
3(1273 1284 1285)
3(1273 1285 1276)
3(1279 1282 1285)
3(1279 1285 1284)
4(1544 1545 1547 1546)
4(1532 1539 1548 1540)
4(1536 1544 1548 1539)
4(1540 1548 1549 1542)
4(1544 1546 1549 1548)
4(1276 1286 1287 1277)
4(1286 1288 1289 1287)
4(1282 1283 1291 1290)
4(1542 1550 1551 1543)
4(1290 1291 1293 1292)
4(1276 1285 1294 1286)
4(1282 1290 1294 1285)
4(1286 1294 1295 1288)
4(1290 1292 1295 1294)
4(1550 1552 1553 1551)
4(1546 1547 1555 1554)
4(1288 1296 1297 1289)
4(1554 1555 1557 1556)
4(1296 1298 1299 1297)
4(1542 1549 1558 1550)
4(1546 1554 1558 1549)
4(1550 1558 1559 1552)
4(1554 1556 1559 1558)
4(1292 1293 1301 1300)
4(1300 1301 1303 1302)
4(1288 1295 1304 1296)
4(1292 1300 1304 1295)
4(1296 1304 1305 1298)
4(1300 1302 1305 1304)
4(1552 1560 1561 1553)
4(1298 1306 1307 1299)
4(1560 1562 1563 1561)
4(1306 1308 1309 1307)
4(1556 1557 1565 1564)
4(1302 1303 1311 1310)
4(1310 1311 1313 1312)
4(1298 1305 1314 1306)
4(1564 1565 1567 1566)
4(1302 1310 1314 1305)
4(1306 1314 1315 1308)
4(1552 1559 1568 1560)
4(1556 1564 1568 1559)
4(1310 1312 1315 1314)
4(1560 1568 1569 1562)
4(1564 1566 1569 1568)
4(1308 1316 1317 1309)
4(1316 1318 1319 1317)
4(1562 1570 1571 1563)
4(1312 1313 1321 1320)
4(1320 1321 1323 1322)
4(1570 1572 1573 1571)
4(1308 1315 1324 1316)
4(1312 1320 1324 1315)
4(1316 1324 1325 1318)
4(1320 1322 1325 1324)
4(1566 1567 1575 1574)
4(1574 1575 1577 1576)
4(1318 1326 1327 1319)
4(1562 1569 1578 1570)
4(1566 1574 1578 1569)
4(1570 1578 1579 1572)
4(1574 1576 1579 1578)
4(1326 1328 1329 1327)
4(1322 1323 1331 1330)
4(1330 1331 1333 1332)
4(1318 1325 1334 1326)
3(1586 1572 1579)
3(1586 1579 1592)
3(1589 1592 1579)
3(1589 1579 1576)
4(1322 1330 1334 1325)
4(1339 1521 1593 1402)
4(1326 1334 1335 1328)
4(1330 1332 1335 1334)
4(1521 1523 1594 1593)
4(1328 1336 1337 1329)
4(1336 1338 1339 1337)
4(1402 1593 1595 1406)
4(1406 1595 1596 1407)
4(1332 1333 1341 1340)
4(1593 1594 1598 1595)
4(1595 1598 1599 1596)
4(1340 1341 1343 1342)
4(1328 1335 1344 1336)
4(1407 1596 1597 1408)
4(1332 1340 1344 1335)
4(1336 1344 1345 1338)
4(1340 1342 1345 1344)
4(1596 1599 1600 1597)
4(1523 1531 1601 1594)
4(1531 1533 1602 1601)
3(1353 1355 1356)
3(1353 1356 1354)
4(1354 1356 1358 1357)
4(1594 1601 1603 1598)
4(1277 1287 1361 1350)
4(1598 1603 1604 1599)
4(1601 1602 1606 1603)
4(1603 1606 1607 1604)
4(1287 1289 1362 1361)
4(1599 1604 1605 1600)
4(1350 1361 1363 1355)
4(1604 1607 1608 1605)
4(1355 1363 1364 1356)
4(1361 1362 1366 1363)
4(1363 1366 1367 1364)
4(1533 1541 1609 1602)
4(1356 1364 1365 1358)
4(1364 1367 1368 1365)
4(1541 1543 1610 1609)
4(1289 1297 1369 1362)
4(1297 1299 1370 1369)
4(1602 1609 1611 1606)
4(1606 1611 1612 1607)
4(1609 1610 1614 1611)
4(1611 1614 1615 1612)
4(1362 1369 1371 1366)
4(1366 1371 1372 1367)
4(1369 1370 1374 1371)
4(1607 1612 1613 1608)
4(1371 1374 1375 1372)
4(1367 1372 1373 1368)
4(1612 1615 1616 1613)
4(1372 1375 1376 1373)
4(1543 1551 1617 1610)
4(1299 1307 1377 1370)
4(1307 1309 1378 1377)
4(1551 1553 1618 1617)
4(1370 1377 1379 1374)
4(1374 1379 1380 1375)
4(1377 1378 1382 1379)
4(1610 1617 1619 1614)
4(1379 1382 1383 1380)
4(1614 1619 1620 1615)
4(1617 1618 1622 1619)
4(1375 1380 1381 1376)
4(1619 1622 1623 1620)
4(1380 1383 1384 1381)
4(1615 1620 1621 1616)
4(1309 1317 1385 1378)
4(1620 1623 1624 1621)
4(1317 1319 1386 1385)
4(1553 1561 1625 1618)
4(1378 1385 1387 1382)
4(1561 1563 1626 1625)
4(1382 1387 1388 1383)
4(1385 1386 1390 1387)
4(1387 1390 1391 1388)
4(1383 1388 1389 1384)
4(1388 1391 1392 1389)
4(1618 1625 1627 1622)
4(1622 1627 1628 1623)
4(1625 1626 1630 1627)
4(1319 1327 1393 1386)
4(1627 1630 1631 1628)
4(1327 1329 1394 1393)
4(1623 1628 1629 1624)
4(1628 1631 1632 1629)
4(1386 1393 1395 1390)
4(1390 1395 1396 1391)
4(1563 1571 1633 1626)
4(1393 1394 1398 1395)
4(1395 1398 1399 1396)
4(1391 1396 1397 1392)
4(1571 1573 1634 1633)
4(1396 1399 1400 1397)
4(1329 1337 1401 1394)
4(1337 1339 1402 1401)
4(1626 1633 1635 1630)
4(1630 1635 1636 1631)
4(1633 1634 1638 1635)
4(1635 1638 1639 1636)
4(1394 1401 1403 1398)
4(1631 1636 1637 1632)
4(1398 1403 1404 1399)
4(1401 1402 1406 1403)
4(1403 1406 1407 1404)
4(1636 1639 1640 1637)
4(1399 1404 1405 1400)
4(1404 1407 1408 1405)
3(1647 1648 1639)
3(1647 1639 1638)
4(1639 1648 1649 1640)
4(1343 1465 1652 1525)
3(1414 1415 1417)
3(1414 1417 1416)
4(1525 1652 1653 1527)
4(1415 1418 1419 1417)
4(1469 1470 1655 1654)
4(1465 1469 1654 1652)
4(1654 1655 1658 1657)
4(1652 1654 1657 1653)
4(1283 1413 1424 1291)
4(1291 1424 1425 1293)
4(1416 1417 1427 1426)
4(1413 1416 1426 1424)
4(1426 1427 1430 1429)
4(1470 1471 1656 1655)
4(1424 1426 1429 1425)
4(1655 1656 1659 1658)
4(1527 1653 1660 1535)
4(1417 1419 1428 1427)
4(1427 1428 1431 1430)
4(1535 1660 1661 1537)
4(1293 1425 1432 1301)
4(1657 1658 1663 1662)
4(1653 1657 1662 1660)
4(1301 1432 1433 1303)
4(1662 1663 1666 1665)
4(1660 1662 1665 1661)
4(1429 1430 1435 1434)
4(1425 1429 1434 1432)
4(1434 1435 1438 1437)
4(1432 1434 1437 1433)
4(1658 1659 1664 1663)
4(1430 1431 1436 1435)
4(1435 1436 1439 1438)
4(1663 1664 1667 1666)
4(1537 1661 1668 1545)
4(1303 1433 1440 1311)
4(1311 1440 1441 1313)
4(1545 1668 1669 1547)
4(1437 1438 1443 1442)
4(1433 1437 1442 1440)
4(1442 1443 1446 1445)
4(1440 1442 1445 1441)
4(1665 1666 1671 1670)
4(1661 1665 1670 1668)
4(1670 1671 1674 1673)
4(1668 1670 1673 1669)
4(1438 1439 1444 1443)
4(1443 1444 1447 1446)
4(1666 1667 1672 1671)
4(1313 1441 1448 1321)
4(1321 1448 1449 1323)
4(1671 1672 1675 1674)
4(1547 1669 1676 1555)
4(1445 1446 1451 1450)
4(1441 1445 1450 1448)
4(1450 1451 1454 1453)
4(1448 1450 1453 1449)
4(1555 1676 1677 1557)
4(1446 1447 1452 1451)
4(1673 1674 1679 1678)
4(1669 1673 1678 1676)
4(1678 1679 1682 1681)
4(1676 1678 1681 1677)
4(1451 1452 1455 1454)
4(1323 1449 1456 1331)
4(1331 1456 1457 1333)
4(1453 1454 1459 1458)
4(1674 1675 1680 1679)
4(1449 1453 1458 1456)
4(1458 1459 1462 1461)
4(1456 1458 1461 1457)
4(1679 1680 1683 1682)
4(1557 1677 1684 1565)
4(1454 1455 1460 1459)
4(1565 1684 1685 1567)
4(1459 1460 1463 1462)
4(1333 1457 1464 1341)
4(1681 1682 1687 1686)
4(1677 1681 1686 1684)
4(1686 1687 1690 1689)
4(1684 1686 1689 1685)
4(1341 1464 1465 1343)
4(1461 1462 1467 1466)
4(1457 1461 1466 1464)
4(1466 1467 1470 1469)
4(1464 1466 1469 1465)
4(1682 1683 1688 1687)
4(1462 1463 1468 1467)
4(1687 1688 1691 1690)
4(1567 1685 1692 1575)
4(1467 1468 1471 1470)
4(1575 1692 1693 1577)
3(1473 1357 1358)
3(1473 1358 1477)
4(1689 1690 1695 1694)
4(1685 1689 1694 1692)
3(1474 1478 1419)
3(1474 1419 1418)
4(1694 1695 1698 1697)
4(1692 1694 1697 1693)
4(1476 1484 1486 1478)
4(1476 1477 1485 1484)
4(1484 1487 1489 1486)
4(1690 1691 1696 1695)
4(1484 1485 1488 1487)
4(1358 1365 1485 1477)
4(1695 1696 1699 1698)
4(1365 1368 1488 1485)
4(1419 1478 1486 1428)
3(1704 1697 1698)
3(1704 1698 1705)
4(1428 1486 1489 1431)
4(1698 1699 1706 1705)
4(1517 1711 1713 1519)
4(1517 1518 1712 1711)
4(1711 1714 1716 1713)
4(1711 1712 1715 1714)
4(1487 1490 1492 1489)
4(1408 1597 1712 1518)
4(1487 1488 1491 1490)
4(1490 1493 1495 1492)
4(1490 1491 1494 1493)
4(1368 1373 1491 1488)
4(1597 1600 1715 1712)
4(1373 1376 1494 1491)
4(1471 1519 1713 1656)
4(1431 1489 1492 1436)
4(1436 1492 1495 1439)
4(1656 1713 1716 1659)
4(1714 1717 1719 1716)
4(1714 1715 1718 1717)
4(1493 1496 1498 1495)
4(1493 1494 1497 1496)
4(1717 1720 1722 1719)
4(1496 1499 1501 1498)
4(1717 1718 1721 1720)
4(1496 1497 1500 1499)
4(1376 1381 1497 1494)
4(1600 1605 1718 1715)
4(1381 1384 1500 1497)
4(1605 1608 1721 1718)
4(1439 1495 1498 1444)
4(1444 1498 1501 1447)
4(1659 1716 1719 1664)
4(1664 1719 1722 1667)
4(1499 1502 1504 1501)
4(1499 1500 1503 1502)
4(1502 1505 1507 1504)
4(1720 1723 1725 1722)
4(1502 1503 1506 1505)
4(1720 1721 1724 1723)
4(1384 1389 1503 1500)
4(1723 1726 1728 1725)
4(1723 1724 1727 1726)
4(1389 1392 1506 1503)
4(1608 1613 1724 1721)
4(1447 1501 1504 1452)
4(1613 1616 1727 1724)
4(1452 1504 1507 1455)
4(1667 1722 1725 1672)
4(1505 1508 1510 1507)
4(1505 1506 1509 1508)
4(1672 1725 1728 1675)
4(1508 1511 1513 1510)
4(1508 1509 1512 1511)
4(1392 1397 1509 1506)
4(1726 1729 1731 1728)
4(1397 1400 1512 1509)
4(1726 1727 1730 1729)
4(1729 1732 1734 1731)
4(1455 1507 1510 1460)
4(1729 1730 1733 1732)
4(1616 1621 1730 1727)
4(1460 1510 1513 1463)
4(1621 1624 1733 1730)
4(1511 1514 1516 1513)
4(1511 1512 1515 1514)
4(1675 1728 1731 1680)
4(1514 1517 1519 1516)
4(1514 1515 1518 1517)
4(1400 1405 1515 1512)
4(1680 1731 1734 1683)
4(1405 1408 1518 1515)
4(1463 1513 1516 1468)
4(1732 1735 1737 1734)
4(1732 1733 1736 1735)
4(1468 1516 1519 1471)
4(1735 1738 1740 1737)
4(1735 1736 1739 1738)
4(1624 1629 1736 1733)
4(1629 1632 1739 1736)
4(1683 1734 1737 1688)
4(1338 1520 1521 1339)
4(1520 1522 1523 1521)
4(1688 1737 1740 1691)
4(1342 1343 1525 1524)
4(1738 1741 1743 1740)
4(1524 1525 1527 1526)
4(1738 1739 1742 1741)
4(1338 1345 1528 1520)
4(1342 1524 1528 1345)
4(1741 1744 1746 1743)
4(1520 1528 1529 1522)
4(1741 1742 1745 1744)
4(1524 1526 1529 1528)
4(1632 1637 1742 1739)
4(1637 1640 1745 1742)
4(1522 1530 1531 1523)
4(1530 1532 1533 1531)
4(1691 1740 1743 1696)
4(1526 1527 1535 1534)
4(1696 1743 1746 1699)
4(1534 1535 1537 1536)
4(1522 1529 1538 1530)
4(1526 1534 1538 1529)
4(1530 1538 1539 1532)
4(1534 1536 1539 1538)
3(1748 1745 1640)
3(1748 1640 1649)
3(1749 1706 1699)
3(1749 1699 1746)
4(2514 1757 1271 2135)
4(2135 1271 1273 2138)
3(1276 1277 1275)
3(1276 1275 1273)
4(2138 1273 1275 2139)
4(1757 1760 1279 1271)
3(1282 1279 1281)
3(1282 1281 1283)
4(1760 1761 1281 1279)
3(1284 1273 1271)
3(1284 1271 1279)
4(2614 2379 1583 1903)
4(2379 2380 1586 1583)
3(1572 1586 1587)
3(1572 1587 1573)
4(2380 2381 1587 1586)
4(1903 1583 1589 1904)
3(1576 1577 1591)
3(1576 1591 1589)
4(1904 1589 1591 1905)
3(1592 1589 1583)
3(1592 1583 1586)
4(1275 1277 1350 1347)
4(2139 1275 1347 2190)
4(2190 1347 1349 2191)
4(2191 1349 1946 2539)
3(1355 1353 1347)
3(1355 1347 1350)
4(1347 1353 1354 1349)
4(1349 1354 1949 1946)
4(1354 1357 1950 1949)
4(1573 1587 1643 1634)
4(2381 2418 1643 1587)
4(2418 2419 1644 1643)
4(2419 2638 2092 1644)
3(1638 1634 1643)
3(1638 1643 1647)
4(1281 1410 1413 1283)
4(1643 1644 1648 1647)
4(1761 1812 1410 1281)
4(1644 2092 2093 1648)
4(1648 2093 2094 1649)
4(1812 1813 1412 1410)
3(1416 1413 1410)
3(1416 1410 1414)
4(1410 1412 1415 1414)
4(1813 2561 2233 1412)
4(1412 2233 2236 1415)
4(1415 2236 2237 1418)
3(1478 1474 1472)
3(1478 1472 1476)
3(1477 1476 1472)
3(1477 1472 1473)
4(1472 1474 1475 1473)
4(1357 1473 2001 1950)
4(1473 1475 2002 2001)
4(1418 2237 2288 1474)
4(1474 2288 2289 1475)
4(1475 2289 2585 2002)
4(1577 1693 1701 1591)
4(1905 1591 1701 1942)
4(1942 1701 1703 1943)
3(1697 1704 1701)
3(1697 1701 1693)
4(1701 1704 1705 1703)
4(1943 1703 2470 2659)
4(1703 1705 2471 2470)
4(1705 1706 2472 2471)
3(1746 1744 1747)
3(1746 1747 1749)
3(1745 1748 1747)
3(1745 1747 1744)
4(1747 1748 1750 1749)
4(1649 2094 2131 1748)
4(1748 2131 2132 1750)
4(1706 1749 2509 2472)
4(1749 1750 2510 2509)
4(1750 2132 2682 2510)
4(2135 2516 1756 2514)
4(2514 2134 2517 1757)
4(2138 2519 2516 2135)
4(1757 2517 2521 1760)
4(2139 2520 2519 2138)
4(2190 2535 2520 2139)
4(1760 2521 2522 1761)
4(1761 2522 2557 1812)
4(2191 2536 2535 2190)
4(2539 1945 2536 2191)
4(1946 2541 2194 2539)
4(1949 2543 2541 1946)
4(1950 2544 2543 1949)
4(2001 2579 2544 1950)
4(1812 2557 2558 1813)
4(1813 2558 2232 2561)
4(2561 1816 2563 2233)
4(2233 2563 2565 2236)
4(2236 2565 2566 2237)
4(2237 2566 2581 2288)
4(2002 2580 2579 2001)
4(2585 2292 2580 2002)
4(2288 2581 2582 2289)
4(2289 2582 2005 2585)
4(2614 1902 2616 2379)
4(1903 2617 2378 2614)
4(2379 2616 2618 2380)
4(1904 2620 2617 1903)
4(2380 2618 2619 2381)
4(2381 2619 2634 2418)
4(1905 2621 2620 1904)
4(1942 2655 2621 1905)
4(2418 2634 2635 2419)
4(2419 2635 2091 2638)
4(2638 2420 2640 2092)
4(2092 2640 2641 2093)
4(2093 2641 2642 2094)
4(2094 2642 2676 2131)
4(1943 2656 2655 1942)
4(2659 2469 2656 1943)
4(2470 2661 1944 2659)
4(2471 2662 2661 2470)
4(2472 2663 2662 2471)
4(2509 2678 2663 2472)
4(2131 2676 2677 2132)
4(2132 2677 2511 2682)
4(2510 2679 2678 2509)
4(2682 2133 2679 2510)
4(2514 1756 2515 2134)
4(2539 2194 2540 1945)
4(2561 2232 2562 1816)
4(2585 2005 2586 2292)
4(2614 2378 2615 1902)
4(2638 2091 2639 2420)
4(2659 1944 2660 2469)
4(2682 2511 2683 2133)
4(2513 2136 1759 1270)
4(1270 1759 1762 1278)
4(1865 1871 1874 1868)
4(1278 1762 1763 1280)
4(1868 1874 1875 1869)
4(1871 1873 1876 1874)
4(2136 2142 1765 1759)
4(1874 1876 1877 1875)
4(2142 2144 1767 1765)
4(2348 2354 1879 1873)
4(2354 2356 1881 1879)
4(1759 1765 1768 1762)
4(1762 1768 1769 1763)
4(1765 1767 1770 1768)
4(1768 1770 1771 1769)
4(2144 2150 1773 1767)
4(1873 1879 1882 1876)
4(2150 2152 1775 1773)
4(1876 1882 1883 1877)
4(1879 1881 1884 1882)
4(1882 1884 1885 1883)
4(1767 1773 1776 1770)
4(1770 1776 1777 1771)
4(2356 2362 1887 1881)
4(1773 1775 1778 1776)
4(1776 1778 1779 1777)
4(2362 2364 1889 1887)
4(2152 2158 1781 1775)
4(2158 2160 1783 1781)
4(1881 1887 1890 1884)
4(1775 1781 1784 1778)
4(1778 1784 1785 1779)
4(1884 1890 1891 1885)
4(1781 1783 1786 1784)
4(1887 1889 1892 1890)
4(1784 1786 1787 1785)
4(1890 1892 1893 1891)
4(2160 2166 1789 1783)
4(2364 2370 1895 1889)
4(2166 2168 1791 1789)
4(2370 2372 1897 1895)
4(1783 1789 1792 1786)
4(1786 1792 1793 1787)
4(1789 1791 1794 1792)
4(1792 1794 1795 1793)
4(1889 1895 1898 1892)
4(1892 1898 1899 1893)
4(2168 2174 1797 1791)
4(1895 1897 1900 1898)
4(2174 2176 1799 1797)
4(1898 1900 1901 1899)
4(2372 2613 1582 1897)
4(1791 1797 1800 1794)
4(1794 1800 1801 1795)
4(1797 1799 1802 1800)
4(1897 1582 1588 1900)
4(1800 1802 1803 1801)
4(1900 1588 1590 1901)
4(2176 2182 1805 1799)
4(2182 2184 1807 1805)
4(1799 1805 1808 1802)
4(1802 1808 1809 1803)
4(1805 1807 1810 1808)
4(1808 1810 1811 1809)
4(1280 1763 1814 1409)
4(1409 1814 1815 1411)
4(1811 1859 1906 1850)
4(1850 1906 1907 1851)
4(1411 1815 2234 2560)
4(1859 1861 1908 1906)
4(1906 1908 1909 1907)
4(1763 1769 1818 1814)
4(1851 1907 2421 2282)
4(1814 1818 1819 1815)
4(1769 1771 1820 1818)
4(1907 1909 2423 2421)
4(1818 1820 1821 1819)
4(1815 1819 2240 2234)
4(1819 1821 2242 2240)
4(1861 1867 1912 1908)
4(1908 1912 1913 1909)
4(1867 1869 1914 1912)
4(1771 1777 1824 1820)
4(1912 1914 1915 1913)
4(1820 1824 1825 1821)
4(1777 1779 1826 1824)
4(1824 1826 1827 1825)
4(1909 1913 2429 2423)
4(1913 1915 2431 2429)
4(1821 1825 2248 2242)
4(1825 1827 2250 2248)
4(1869 1875 1918 1914)
4(1779 1785 1830 1826)
4(1914 1918 1919 1915)
4(1826 1830 1831 1827)
4(1785 1787 1832 1830)
4(1875 1877 1920 1918)
4(1830 1832 1833 1831)
4(1918 1920 1921 1919)
4(1827 1831 2256 2250)
4(1831 1833 2258 2256)
4(1915 1919 2437 2431)
4(1919 1921 2439 2437)
4(1787 1793 1836 1832)
4(1832 1836 1837 1833)
4(1793 1795 1838 1836)
4(1836 1838 1839 1837)
4(1877 1883 1924 1920)
4(1920 1924 1925 1921)
4(1833 1837 2264 2258)
4(1883 1885 1926 1924)
4(1837 1839 2266 2264)
4(1924 1926 1927 1925)
4(1921 1925 2445 2439)
4(1795 1801 1842 1838)
4(1925 1927 2447 2445)
4(1838 1842 1843 1839)
4(1801 1803 1844 1842)
4(1842 1844 1845 1843)
4(1839 1843 2272 2266)
4(1885 1891 1930 1926)
4(1843 1845 2274 2272)
4(1926 1930 1931 1927)
4(1891 1893 1932 1930)
4(1930 1932 1933 1931)
4(1803 1809 1848 1844)
4(1844 1848 1849 1845)
4(1809 1811 1850 1848)
4(1848 1850 1851 1849)
4(1927 1931 2453 2447)
4(1931 1933 2455 2453)
4(1845 1849 2280 2274)
4(1849 1851 2282 2280)
4(1893 1899 1936 1932)
4(1932 1936 1937 1933)
4(1899 1901 1938 1936)
4(1936 1938 1939 1937)
4(1933 1937 2461 2455)
4(1937 1939 2463 2461)
4(1901 1590 1700 1938)
4(1938 1700 1702 1939)
4(1939 1702 2658 2463)
4(2184 2330 1855 1807)
4(2330 2332 1857 1855)
4(1807 1855 1858 1810)
4(1810 1858 1859 1811)
4(1855 1857 1860 1858)
4(1858 1860 1861 1859)
4(2332 2338 1863 1857)
4(2338 2340 1865 1863)
4(1857 1863 1866 1860)
4(1860 1866 1867 1861)
4(1863 1865 1868 1866)
4(1866 1868 1869 1867)
4(2340 2346 1871 1865)
4(2346 2348 1873 1871)
4(1270 2517 2134 2513)
4(2513 1268 2518 2136)
4(1278 2521 2517 1270)
4(2136 2518 2523 2142)
4(1280 2522 2521 1278)
4(1409 2557 2522 1280)
4(2142 2523 2524 2144)
4(2144 2524 2525 2150)
4(2150 2525 2526 2152)
4(2152 2526 2527 2158)
4(2158 2527 2528 2160)
4(2160 2528 2529 2166)
4(2166 2529 2530 2168)
4(2168 2530 2531 2174)
4(2174 2531 2532 2176)
4(2176 2532 2533 2182)
4(2182 2533 2534 2184)
4(2184 2534 2600 2330)
4(1411 2558 2557 1409)
4(2560 2232 2558 1411)
4(2234 2564 1420 2560)
4(2240 2567 2564 2234)
4(2242 2568 2567 2240)
4(2248 2569 2568 2242)
4(2250 2570 2569 2248)
4(2256 2571 2570 2250)
4(2258 2572 2571 2256)
4(2264 2573 2572 2258)
4(2266 2574 2573 2264)
4(2272 2575 2574 2266)
4(2274 2576 2575 2272)
4(2280 2577 2576 2274)
4(2282 2578 2577 2280)
4(2421 2643 2578 2282)
4(2330 2600 2601 2332)
4(2332 2601 2602 2338)
4(2338 2602 2603 2340)
4(2340 2603 2604 2346)
4(2346 2604 2605 2348)
4(2348 2605 2606 2354)
4(2354 2606 2607 2356)
4(2356 2607 2608 2362)
4(2362 2608 2609 2364)
4(2364 2609 2610 2370)
4(2370 2610 2611 2372)
4(2372 2611 1580 2613)
4(2613 2378 2617 1582)
4(1582 2617 2620 1588)
4(1588 2620 2621 1590)
4(1590 2621 2655 1700)
4(2423 2644 2643 2421)
4(2429 2645 2644 2423)
4(2431 2646 2645 2429)
4(2437 2647 2646 2431)
4(2439 2648 2647 2437)
4(2445 2649 2648 2439)
4(2447 2650 2649 2445)
4(2453 2651 2650 2447)
4(2455 2652 2651 2453)
4(2461 2653 2652 2455)
4(2463 2654 2653 2461)
4(2658 1707 2654 2463)
4(1700 2655 2656 1702)
4(1702 2656 2469 2658)
4(2513 2134 2515 1268)
4(2560 1420 2562 2232)
4(2613 1580 2615 2378)
4(2658 2469 2660 1707)
4(2231 1996 2044 2386)
4(2386 2044 2046 2387)
4(1996 1999 2047 2044)
4(1999 2000 2048 2047)
4(2044 2047 2049 2046)
4(2047 2048 2050 2049)
4(2538 1352 1948 2195)
4(1352 1359 1951 1948)
4(2387 2046 2052 2392)
4(1359 1360 1952 1951)
4(2392 2052 2054 2393)
4(2046 2049 2055 2052)
4(2195 1948 1954 2200)
4(2049 2050 2056 2055)
4(2200 1954 1956 2201)
4(2052 2055 2057 2054)
4(2055 2056 2058 2057)
4(1948 1951 1957 1954)
4(1951 1952 1958 1957)
4(1954 1957 1959 1956)
4(1957 1958 1960 1959)
4(2393 2054 2060 2398)
4(2398 2060 2062 2399)
4(2201 1956 1962 2206)
4(2206 1962 1964 2207)
4(2054 2057 2063 2060)
4(2057 2058 2064 2063)
4(1956 1959 1965 1962)
4(2060 2063 2065 2062)
4(1959 1960 1966 1965)
4(2063 2064 2066 2065)
4(1962 1965 1967 1964)
4(1965 1966 1968 1967)
4(2207 1964 1970 2212)
4(2212 1970 1972 2213)
4(2399 2062 2068 2404)
4(2404 2068 2070 2405)
4(1964 1967 1973 1970)
4(1967 1968 1974 1973)
4(2062 2065 2071 2068)
4(1970 1973 1975 1972)
4(2065 2066 2072 2071)
4(1973 1974 1976 1975)
4(2068 2071 2073 2070)
4(2071 2072 2074 2073)
4(2213 1972 1978 2218)
4(2218 1978 1980 2219)
4(1972 1975 1981 1978)
4(2405 2070 2076 2410)
4(1975 1976 1982 1981)
4(2410 2076 2078 2411)
4(1978 1981 1983 1980)
4(1981 1982 1984 1983)
4(2070 2073 2079 2076)
4(2073 2074 2080 2079)
4(2219 1980 1986 2224)
4(2076 2079 2081 2078)
4(2224 1986 1988 2225)
4(2079 2080 2082 2081)
4(1980 1983 1989 1986)
4(1983 1984 1990 1989)
4(1986 1989 1991 1988)
4(1989 1990 1992 1991)
4(2411 2078 2084 2416)
4(2416 2084 2086 2417)
4(2225 1988 1994 2230)
4(2230 1994 1996 2231)
4(2078 2081 2087 2084)
4(2081 2082 2088 2087)
4(2084 2087 2089 2086)
4(1988 1991 1997 1994)
4(2087 2088 2090 2089)
4(1991 1992 1998 1997)
4(1994 1997 1999 1996)
4(1997 1998 2000 1999)
4(2417 2086 1646 2637)
4(2086 2089 1650 1646)
4(2089 2090 1651 1650)
4(1360 1479 2003 1952)
4(1479 1480 2004 2003)
4(1480 2584 2293 2004)
4(1952 2003 2007 1958)
4(2003 2004 2008 2007)
4(1958 2007 2009 1960)
4(2007 2008 2010 2009)
4(2004 2293 2298 2008)
4(2008 2298 2299 2010)
4(2000 2039 2095 2048)
4(2039 2040 2096 2095)
4(2048 2095 2097 2050)
4(1960 2009 2013 1966)
4(2009 2010 2014 2013)
4(2095 2096 2098 2097)
4(1966 2013 2015 1968)
4(2013 2014 2016 2015)
4(2010 2299 2304 2014)
4(2040 2329 2477 2096)
4(2096 2477 2478 2098)
4(2014 2304 2305 2016)
4(2050 2097 2101 2056)
4(1968 2015 2019 1974)
4(2015 2016 2020 2019)
4(2097 2098 2102 2101)
4(1974 2019 2021 1976)
4(2056 2101 2103 2058)
4(2019 2020 2022 2021)
4(2101 2102 2104 2103)
4(2016 2305 2310 2020)
4(2020 2310 2311 2022)
4(2098 2478 2483 2102)
4(2102 2483 2484 2104)
4(1976 2021 2025 1982)
4(2021 2022 2026 2025)
4(1982 2025 2027 1984)
4(2058 2103 2107 2064)
4(2025 2026 2028 2027)
4(2103 2104 2108 2107)
4(2064 2107 2109 2066)
4(2107 2108 2110 2109)
4(2022 2311 2316 2026)
4(2026 2316 2317 2028)
4(2104 2484 2489 2108)
4(1984 2027 2031 1990)
4(2108 2489 2490 2110)
4(2027 2028 2032 2031)
4(1990 2031 2033 1992)
4(2031 2032 2034 2033)
4(2066 2109 2113 2072)
4(2109 2110 2114 2113)
4(2028 2317 2322 2032)
4(2072 2113 2115 2074)
4(2032 2322 2323 2034)
4(2113 2114 2116 2115)
4(1992 2033 2037 1998)
4(2033 2034 2038 2037)
4(1998 2037 2039 2000)
4(2110 2490 2495 2114)
4(2037 2038 2040 2039)
4(2114 2495 2496 2116)
4(2034 2323 2328 2038)
4(2074 2115 2119 2080)
4(2038 2328 2329 2040)
4(2115 2116 2120 2119)
4(2080 2119 2121 2082)
4(2119 2120 2122 2121)
4(2116 2496 2501 2120)
4(2120 2501 2502 2122)
4(2082 2121 2125 2088)
4(2121 2122 2126 2125)
4(2088 2125 2127 2090)
4(2125 2126 2128 2127)
4(2122 2502 2507 2126)
4(2126 2507 2508 2128)
4(2090 2127 1751 1651)
4(2127 2128 1752 1751)
4(2128 2508 2681 1752)
4(2538 2194 2541 1352)
4(2195 2542 1351 2538)
4(1352 2541 2543 1359)
4(2200 2545 2542 2195)
4(1359 2543 2544 1360)
4(1360 2544 2579 1479)
4(2201 2546 2545 2200)
4(2206 2547 2546 2201)
4(2207 2548 2547 2206)
4(2212 2549 2548 2207)
4(2213 2550 2549 2212)
4(2218 2551 2550 2213)
4(2219 2552 2551 2218)
4(2224 2553 2552 2219)
4(2225 2554 2553 2224)
4(2230 2555 2554 2225)
4(2231 2556 2555 2230)
4(2386 2622 2556 2231)
4(1479 2579 2580 1480)
4(1480 2580 2292 2584)
4(2584 1483 2587 2293)
4(2293 2587 2588 2298)
4(2298 2588 2589 2299)
4(2299 2589 2590 2304)
4(2304 2590 2591 2305)
4(2305 2591 2592 2310)
4(2310 2592 2593 2311)
4(2311 2593 2594 2316)
4(2316 2594 2595 2317)
4(2317 2595 2596 2322)
4(2322 2596 2597 2323)
4(2323 2597 2598 2328)
4(2328 2598 2599 2329)
4(2329 2599 2664 2477)
4(2387 2623 2622 2386)
4(2392 2624 2623 2387)
4(2393 2625 2624 2392)
4(2398 2626 2625 2393)
4(2399 2627 2626 2398)
4(2404 2628 2627 2399)
4(2405 2629 2628 2404)
4(2410 2630 2629 2405)
4(2411 2631 2630 2410)
4(2416 2632 2631 2411)
4(2417 2633 2632 2416)
4(2637 1645 2633 2417)
4(1646 2640 2420 2637)
4(1650 2641 2640 1646)
4(1651 2642 2641 1650)
4(1751 2676 2642 1651)
4(2477 2664 2665 2478)
4(2478 2665 2666 2483)
4(2483 2666 2667 2484)
4(2484 2667 2668 2489)
4(2489 2668 2669 2490)
4(2490 2669 2670 2495)
4(2495 2670 2671 2496)
4(2496 2671 2672 2501)
4(2501 2672 2673 2502)
4(2502 2673 2674 2507)
4(2507 2674 2675 2508)
4(2508 2675 1755 2681)
4(1752 2677 2676 1751)
4(2681 2511 2677 1752)
4(2538 1351 2540 2194)
4(2584 2292 2586 1483)
4(2637 2420 2639 1645)
4(2681 1755 2683 2511)
4(2512 1269 2137 1758)
4(2344 2345 2351 2350)
4(1269 1272 2140 2137)
4(2347 2350 2352 2349)
4(1272 1274 2141 2140)
4(2350 2351 2353 2352)
4(1758 2137 2143 1764)
4(1764 2143 2145 1766)
4(2137 2140 2146 2143)
4(2140 2141 2147 2146)
4(1872 2349 2355 1878)
4(2143 2146 2148 2145)
4(2146 2147 2149 2148)
4(1878 2355 2357 1880)
4(2349 2352 2358 2355)
4(2352 2353 2359 2358)
4(2355 2358 2360 2357)
4(2358 2359 2361 2360)
4(1766 2145 2151 1772)
4(1772 2151 2153 1774)
4(2145 2148 2154 2151)
4(2148 2149 2155 2154)
4(2151 2154 2156 2153)
4(2154 2155 2157 2156)
4(1880 2357 2363 1886)
4(1886 2363 2365 1888)
4(2357 2360 2366 2363)
4(1774 2153 2159 1780)
4(2360 2361 2367 2366)
4(1780 2159 2161 1782)
4(2153 2156 2162 2159)
4(2363 2366 2368 2365)
4(2156 2157 2163 2162)
4(2159 2162 2164 2161)
4(2366 2367 2369 2368)
4(2162 2163 2165 2164)
4(1782 2161 2167 1788)
4(1888 2365 2371 1894)
4(1788 2167 2169 1790)
4(2161 2164 2170 2167)
4(1894 2371 2373 1896)
4(2164 2165 2171 2170)
4(2167 2170 2172 2169)
4(2365 2368 2374 2371)
4(2170 2171 2173 2172)
4(2368 2369 2375 2374)
4(2371 2374 2376 2373)
4(2374 2375 2377 2376)
4(1790 2169 2175 1796)
4(1796 2175 2177 1798)
4(2169 2172 2178 2175)
4(2172 2173 2179 2178)
4(2175 2178 2180 2177)
4(2178 2179 2181 2180)
4(1896 2373 1581 2612)
4(2373 2376 1584 1581)
4(2376 2377 1585 1584)
4(2189 2228 2382 2335)
4(2228 2229 2383 2382)
4(1798 2177 2183 1804)
4(2335 2382 2384 2337)
4(1804 2183 2185 1806)
4(2177 2180 2186 2183)
4(2382 2383 2385 2384)
4(2180 2181 2187 2186)
4(2229 1995 2043 2383)
4(2183 2186 2188 2185)
4(2186 2187 2189 2188)
4(2383 2043 2045 2385)
4(1274 1346 2192 2141)
4(1346 1348 2193 2192)
4(2337 2384 2388 2343)
4(2384 2385 2389 2388)
4(1348 2537 1947 2193)
4(2343 2388 2390 2345)
4(2388 2389 2391 2390)
4(2385 2045 2051 2389)
4(2389 2051 2053 2391)
4(2141 2192 2196 2147)
4(2192 2193 2197 2196)
4(2147 2196 2198 2149)
4(2196 2197 2199 2198)
4(2193 1947 1953 2197)
4(2197 1953 1955 2199)
4(2345 2390 2394 2351)
4(2390 2391 2395 2394)
4(2351 2394 2396 2353)
4(2149 2198 2202 2155)
4(2394 2395 2397 2396)
4(2198 2199 2203 2202)
4(2391 2053 2059 2395)
4(2155 2202 2204 2157)
4(2395 2059 2061 2397)
4(2202 2203 2205 2204)
4(2199 1955 1961 2203)
4(2203 1961 1963 2205)
4(2353 2396 2400 2359)
4(2157 2204 2208 2163)
4(2396 2397 2401 2400)
4(2204 2205 2209 2208)
4(2163 2208 2210 2165)
4(2359 2400 2402 2361)
4(2208 2209 2211 2210)
4(2400 2401 2403 2402)
4(2205 1963 1969 2209)
4(2397 2061 2067 2401)
4(2209 1969 1971 2211)
4(2401 2067 2069 2403)
4(2165 2210 2214 2171)
4(2210 2211 2215 2214)
4(2171 2214 2216 2173)
4(2214 2215 2217 2216)
4(2361 2402 2406 2367)
4(2211 1971 1977 2215)
4(2402 2403 2407 2406)
4(2215 1977 1979 2217)
4(2367 2406 2408 2369)
4(2406 2407 2409 2408)
4(2403 2069 2075 2407)
4(2407 2075 2077 2409)
4(2173 2216 2220 2179)
4(2216 2217 2221 2220)
4(2179 2220 2222 2181)
4(2220 2221 2223 2222)
4(2217 1979 1985 2221)
4(2221 1985 1987 2223)
4(2369 2408 2412 2375)
4(2408 2409 2413 2412)
4(2375 2412 2414 2377)
4(2412 2413 2415 2414)
4(2181 2222 2226 2187)
4(2409 2077 2083 2413)
4(2222 2223 2227 2226)
4(2413 2083 2085 2415)
4(2187 2226 2228 2189)
4(2226 2227 2229 2228)
4(2223 1987 1993 2227)
4(2227 1993 1995 2229)
4(2377 2414 1641 1585)
4(2414 2415 1642 1641)
4(2415 2085 2636 1642)
4(2559 1817 2235 1421)
4(1421 2235 2238 1422)
4(1422 2238 2239 1423)
4(1853 1910 2422 2283)
4(1910 1911 2424 2422)
4(2283 2422 2425 2286)
4(2286 2425 2426 2287)
4(2422 2424 2427 2425)
4(1817 1822 2241 2235)
4(2425 2427 2428 2426)
4(1822 1823 2243 2241)
4(2235 2241 2244 2238)
4(2238 2244 2245 2239)
4(2241 2243 2246 2244)
4(2244 2246 2247 2245)
4(1911 1916 2430 2424)
4(1916 1917 2432 2430)
4(1823 1828 2249 2243)
4(2424 2430 2433 2427)
4(1828 1829 2251 2249)
4(2243 2249 2252 2246)
4(2427 2433 2434 2428)
4(2246 2252 2253 2247)
4(2430 2432 2435 2433)
4(2249 2251 2254 2252)
4(2433 2435 2436 2434)
4(2252 2254 2255 2253)
4(1829 1834 2257 2251)
4(1834 1835 2259 2257)
4(2251 2257 2260 2254)
4(1917 1922 2438 2432)
4(2254 2260 2261 2255)
4(1922 1923 2440 2438)
4(2257 2259 2262 2260)
4(2432 2438 2441 2435)
4(2260 2262 2263 2261)
4(2435 2441 2442 2436)
4(2438 2440 2443 2441)
4(2441 2443 2444 2442)
4(1835 1840 2265 2259)
4(1840 1841 2267 2265)
4(2259 2265 2268 2262)
4(2262 2268 2269 2263)
4(2265 2267 2270 2268)
4(2268 2270 2271 2269)
4(1923 1928 2446 2440)
4(1928 1929 2448 2446)
4(2440 2446 2449 2443)
4(2443 2449 2450 2444)
4(2446 2448 2451 2449)
4(2449 2451 2452 2450)
4(1841 1846 2273 2267)
4(1846 1847 2275 2273)
4(2267 2273 2276 2270)
4(2270 2276 2277 2271)
4(2273 2275 2278 2276)
4(2276 2278 2279 2277)
4(1929 1934 2454 2448)
4(1934 1935 2456 2454)
4(2448 2454 2457 2451)
4(1847 1852 2281 2275)
4(2451 2457 2458 2452)
4(1852 1853 2283 2281)
4(2275 2281 2284 2278)
4(2454 2456 2459 2457)
4(2278 2284 2285 2279)
4(2457 2459 2460 2458)
4(2281 2283 2286 2284)
4(2284 2286 2287 2285)
4(1423 2239 2290 1481)
4(1481 2290 2291 1482)
4(1935 1940 2462 2456)
4(1482 2291 2006 2583)
4(1940 1941 2464 2462)
4(2456 2462 2465 2459)
4(2459 2465 2466 2460)
4(2462 2464 2467 2465)
4(2465 2467 2468 2466)
4(2239 2245 2294 2290)
4(2290 2294 2295 2291)
4(1941 2657 1708 2464)
4(2464 1708 1709 2467)
4(2245 2247 2296 2294)
4(2467 1709 1710 2468)
4(2294 2296 2297 2295)
4(2291 2295 2011 2006)
4(2295 2297 2012 2011)
4(2287 2426 2473 2326)
4(2247 2253 2300 2296)
4(2326 2473 2474 2327)
4(2296 2300 2301 2297)
4(2426 2428 2475 2473)
4(2253 2255 2302 2300)
4(2300 2302 2303 2301)
4(2473 2475 2476 2474)
4(2327 2474 2099 2042)
4(2297 2301 2017 2012)
4(2474 2476 2100 2099)
4(2301 2303 2018 2017)
4(2255 2261 2306 2302)
4(2302 2306 2307 2303)
4(2428 2434 2479 2475)
4(2261 2263 2308 2306)
4(2306 2308 2309 2307)
4(2475 2479 2480 2476)
4(2303 2307 2023 2018)
4(2434 2436 2481 2479)
4(2307 2309 2024 2023)
4(2479 2481 2482 2480)
4(2476 2480 2105 2100)
4(2480 2482 2106 2105)
4(2263 2269 2312 2308)
4(2308 2312 2313 2309)
4(2269 2271 2314 2312)
4(2312 2314 2315 2313)
4(2309 2313 2029 2024)
4(2436 2442 2485 2481)
4(2313 2315 2030 2029)
4(2481 2485 2486 2482)
4(2442 2444 2487 2485)
4(2485 2487 2488 2486)
4(2482 2486 2111 2106)
4(2486 2488 2112 2111)
4(2271 2277 2318 2314)
4(2314 2318 2319 2315)
4(2277 2279 2320 2318)
4(2318 2320 2321 2319)
4(2315 2319 2035 2030)
4(2319 2321 2036 2035)
4(2444 2450 2491 2487)
4(2487 2491 2492 2488)
4(2450 2452 2493 2491)
4(2491 2493 2494 2492)
4(2488 2492 2117 2112)
4(2492 2494 2118 2117)
4(2279 2285 2324 2320)
4(2320 2324 2325 2321)
4(2285 2287 2326 2324)
4(2324 2326 2327 2325)
4(2321 2325 2041 2036)
4(2325 2327 2042 2041)
4(1806 2185 2331 1854)
4(1854 2331 2333 1856)
4(2185 2188 2334 2331)
4(2188 2189 2335 2334)
4(2452 2458 2497 2493)
4(2331 2334 2336 2333)
4(2493 2497 2498 2494)
4(2334 2335 2337 2336)
4(2458 2460 2499 2497)
4(2497 2499 2500 2498)
4(2494 2498 2123 2118)
4(2498 2500 2124 2123)
4(1856 2333 2339 1862)
4(1862 2339 2341 1864)
4(2333 2336 2342 2339)
4(2336 2337 2343 2342)
4(2339 2342 2344 2341)
4(2342 2343 2345 2344)
4(2460 2466 2503 2499)
4(2499 2503 2504 2500)
4(2466 2468 2505 2503)
4(2503 2505 2506 2504)
4(2500 2504 2129 2124)
4(2504 2506 2130 2129)
4(1864 2341 2347 1870)
4(1870 2347 2349 1872)
4(2468 1710 1753 2505)
4(2341 2344 2350 2347)
4(2505 1753 1754 2506)
4(2506 1754 2680 2130)
4(2512 1756 2516 1269)
4(1758 2518 1268 2512)
4(1269 2516 2519 1272)
4(1764 2523 2518 1758)
4(1272 2519 2520 1274)
4(1274 2520 2535 1346)
4(1766 2524 2523 1764)
4(1772 2525 2524 1766)
4(1774 2526 2525 1772)
4(1780 2527 2526 1774)
4(1782 2528 2527 1780)
4(1788 2529 2528 1782)
4(1790 2530 2529 1788)
4(1796 2531 2530 1790)
4(1798 2532 2531 1796)
4(1804 2533 2532 1798)
4(1806 2534 2533 1804)
4(1854 2600 2534 1806)
4(1346 2535 2536 1348)
4(1348 2536 1945 2537)
4(2537 1351 2542 1947)
4(1947 2542 2545 1953)
4(1953 2545 2546 1955)
4(1955 2546 2547 1961)
4(1961 2547 2548 1963)
4(1963 2548 2549 1969)
4(1969 2549 2550 1971)
4(1971 2550 2551 1977)
4(1977 2551 2552 1979)
4(1979 2552 2553 1985)
4(1985 2553 2554 1987)
4(1987 2554 2555 1993)
4(1993 2555 2556 1995)
4(1995 2556 2622 2043)
4(1421 2563 1816 2559)
4(2559 1420 2564 1817)
4(1422 2565 2563 1421)
4(1817 2564 2567 1822)
4(1423 2566 2565 1422)
4(1481 2581 2566 1423)
4(1822 2567 2568 1823)
4(1823 2568 2569 1828)
4(1828 2569 2570 1829)
4(1829 2570 2571 1834)
4(1834 2571 2572 1835)
4(1835 2572 2573 1840)
4(1840 2573 2574 1841)
4(1841 2574 2575 1846)
4(1846 2575 2576 1847)
4(1847 2576 2577 1852)
4(1852 2577 2578 1853)
4(1853 2578 2643 1910)
4(1482 2582 2581 1481)
4(2583 2005 2582 1482)
4(2006 2587 1483 2583)
4(2011 2588 2587 2006)
4(2012 2589 2588 2011)
4(2017 2590 2589 2012)
4(2018 2591 2590 2017)
4(2023 2592 2591 2018)
4(2024 2593 2592 2023)
4(2029 2594 2593 2024)
4(2030 2595 2594 2029)
4(2035 2596 2595 2030)
4(2036 2597 2596 2035)
4(2041 2598 2597 2036)
4(2042 2599 2598 2041)
4(2099 2664 2599 2042)
4(1856 2601 2600 1854)
4(1862 2602 2601 1856)
4(1864 2603 2602 1862)
4(1870 2604 2603 1864)
4(1872 2605 2604 1870)
4(1878 2606 2605 1872)
4(1880 2607 2606 1878)
4(1886 2608 2607 1880)
4(1888 2609 2608 1886)
4(1894 2610 2609 1888)
4(1896 2611 2610 1894)
4(2612 1580 2611 1896)
4(1581 2616 1902 2612)
4(1584 2618 2616 1581)
4(1585 2619 2618 1584)
4(1641 2634 2619 1585)
4(2043 2622 2623 2045)
4(2045 2623 2624 2051)
4(2051 2624 2625 2053)
4(2053 2625 2626 2059)
4(2059 2626 2627 2061)
4(2061 2627 2628 2067)
4(2067 2628 2629 2069)
4(2069 2629 2630 2075)
4(2075 2630 2631 2077)
4(2077 2631 2632 2083)
4(2083 2632 2633 2085)
4(2085 2633 1645 2636)
4(1642 2635 2634 1641)
4(2636 2091 2635 1642)
4(1910 2643 2644 1911)
4(1911 2644 2645 1916)
4(1916 2645 2646 1917)
4(1917 2646 2647 1922)
4(1922 2647 2648 1923)
4(1923 2648 2649 1928)
4(1928 2649 2650 1929)
4(1929 2650 2651 1934)
4(1934 2651 2652 1935)
4(1935 2652 2653 1940)
4(1940 2653 2654 1941)
4(1941 2654 1707 2657)
4(2657 1944 2661 1708)
4(1708 2661 2662 1709)
4(1709 2662 2663 1710)
4(1710 2663 2678 1753)
4(2100 2665 2664 2099)
4(2105 2666 2665 2100)
4(2106 2667 2666 2105)
4(2111 2668 2667 2106)
4(2112 2669 2668 2111)
4(2117 2670 2669 2112)
4(2118 2671 2670 2117)
4(2123 2672 2671 2118)
4(2124 2673 2672 2123)
4(2129 2674 2673 2124)
4(2130 2675 2674 2129)
4(2680 1755 2675 2130)
4(1753 2678 2679 1754)
4(1754 2679 2133 2680)
4(2512 1268 2515 1756)
4(2537 1945 2540 1351)
4(2559 1816 2562 1420)
4(2583 1483 2586 2005)
4(2612 1902 2615 1580)
4(2636 1645 2639 2091)
4(2657 1707 2660 1944)
4(2680 2133 2683 1755)
)


// ************************************************************************* //
