/*--------------------------------*- C++ -*----------------------------------*\
| =========                 |                                                 |
| \\      /  F ield         | OpenFOAM: The Open Source CFD Toolbox           |
|  \\    /   O peration     | Version:  2412                                  |
|   \\  /    A nd           | Website:  www.openfoam.com                      |
|    \\/     M anipulation  |                                                 |
\*---------------------------------------------------------------------------*/
FoamFile
{
    version     2.0;
    format      ascii;
    arch        "LSB;label=32;scalar=64";
    class       vectorField;
    location    "constant/polyMesh";
    object      points;
}
// * * * * * * * * * * * * * * * * * * * * * * * * * * * * * * * * * * * * * //


2684
(
(-1.66351996005997 -1.66351996005997 -6.67282933357035)
(-1.38368203112357 -1.57198694152826 -6.66205346628763)
(-1.57216003798612 -1.38367587217177 -6.66208464936351)
(-0.842736077083766 -0.842238368541708 -6.51500746197527)
(-1.6634162978073 -1.66341615064596 -6.34565866714069)
(-1.32683259561459 -1.68636537995113 -6.35379196641489)
(-1.68636541151385 -1.32683230129193 -6.35379209783627)
(-1.00000000000003 -1.00000000000003 -6.00000000000003)
(-0.649174877900984 -1.50240641805997 -6.59752784362779)
(-0.187198306429828 -0.341195329478042 -6.44990762567877)
(0.0877713419575289 -1.46817806341415 -6.62791830612315)
(0.0069775506786284 -0.716383760435721 -6.74930455648898)
(-0.659874526710648 -1.68680899709583 -6.35404879498919)
(-2.95985299061478e-06 -1.68661617409863 -6.35332461698378)
(-0.0779508839340625 -0.407574869374361 -6.50010911275821)
(0.0199225427226454 -0.427232683659167 -6.49220550380516)
(-1.50239928775776 -0.649135175513372 -6.59753533725904)
(-0.341175904451121 -0.187229468897369 -6.44991790687136)
(-1.46815995822614 0.0877627008224676 -6.6279142488127)
(-0.716260692527268 0.00692930792683378 -6.7492596753994)
(-1.68680908775446 -0.659874005398727 -6.35404899633159)
(-0.407568400846435 -0.0779772251230006 -6.50011047295053)
(-1.68661625148828 -2.38570657523738e-06 -6.35332478854204)
(-0.427222876281492 0.0199013256799986 -6.49221164984194)
(-0.284573350563499 -0.284588055154788 -6.46214914045258)
(-0.381272547384415 -0.381294931785439 -6.35616071531657)
(-1.66249214429177 -1.6624922254745 -5.7059243853244)
(-1.32498428858354 -1.70221272704155 -5.72652544942715)
(-1.70221277914889 -1.32498445094899 -5.72652564262874)
(-1.00000000000003 -1.00000000000003 -5.50000000000003)
(-1.66137405843485 -1.66137415786169 -5.11281060085326)
(-1.32274811686969 -1.71827180177476 -5.13095510154188)
(-1.71827180185692 -1.32274831572337 -5.13095539882188)
(-1.00000000000003 -1.00000000000003 -5.00000000000003)
(-0.658263307830088 -1.70237582586869 -5.72766886142314)
(-3.92567351773041e-06 -1.70239278786125 -5.72655696518178)
(-0.217111432595089 -0.532062238270779 -5.79840049185736)
(0.0128631787533337 -0.567980991272316 -5.8015388885321)
(-0.656130182084883 -1.71850764627223 -5.13242433529634)
(-2.69008197925217e-07 -1.71867262515237 -5.13134254091551)
(-0.228895590798788 -0.549105236376817 -5.13026582953826)
(-0.00298865708756204 -0.595267975929347 -5.13218894612926)
(-1.70237588675725 -0.658262811759843 -5.72766924401849)
(-0.532051767104723 -0.217102625358493 -5.79843881652441)
(-1.70239285569499 -3.53153395522025e-06 -5.72655729151966)
(-0.568025382636539 0.01294456509074 -5.80168925265765)
(-1.71850765070586 -0.656130199501144 -5.13242483782967)
(-0.549106365786345 -0.228872500035776 -5.13032179422531)
(-1.718672669251 -3.77655401202933e-06 -5.13134300290968)
(-0.59531394938797 -0.00291303804284032 -5.13229266246127)
(-0.407334822344665 -0.407337560078206 -5.77444573654218)
(-0.420902515520672 -0.420899790941947 -5.13002045943442)
(-1.66047370819945 -1.66047388837453 -4.54598950825953)
(-1.32094741639889 -1.73162709357544 -4.56750158244846)
(-1.73162709746798 -1.32094777674905 -4.56750187937668)
(-1.00000000000003 -1.00000000000003 -4.50000000000003)
(-1.65983347135563 -1.65983349113234 -4.01753366714072)
(-1.31966694271126 -1.74078537794101 -4.03075729696589)
(-1.7407853447936 -1.31966698226468 -4.0307576024446)
(-1.00000000000003 -1.00000000000003 -4.00000000000003)
(-0.654321768632654 -1.73163537644654 -4.56944253233146)
(-1.38855187792496e-07 -1.73183103485671 -4.56868779122027)
(-0.229864166363664 -0.549924183331003 -4.54534277956239)
(-0.00398234889252785 -0.596611736715293 -4.54489200494659)
(-0.653032448860464 -1.74054251874192 -4.03271483381527)
(-2.62544320754133e-06 -1.7406810666814 -4.03234986093945)
(-0.229984712670363 -0.549864538358706 -4.01197743149703)
(-0.00399039809310363 -0.59668936934502 -4.01173611922722)
(-1.73163535883645 -0.654322049486979 -4.56944304288593)
(-0.54993484900465 -0.229861855118702 -4.54539680665958)
(-1.73183103864256 -3.2075340038785e-06 -4.56868834141197)
(-0.596621240868685 -0.00395033637096891 -4.54498792503955)
(-1.74054248813837 -0.653032517831121 -4.03271530965848)
(-0.549883036478165 -0.230003727816708 -4.01202767700537)
(-1.74068102926652 -2.72746644140593e-06 -4.0323504186973)
(-0.596693832566468 -0.00399300844781385 -4.01182864529217)
(-0.421900152115677 -0.421905421320158 -4.54536492723979)
(-0.42187464299013 -0.421888403749475 -4.01205010193715)
(-1.65939085928128 -1.65939078706094 -3.50368487706491)
(-1.31878171856255 -1.74596703625852 -3.51232880861388)
(-1.74596701502812 -1.31878157412188 -3.51232904811189)
(-1.00000000000003 -1.00000000000003 -3.50000000000003)
(-1.65916949307411 -1.65916940355935 -3.00038173342817)
(-1.31833898614822 -1.74851986467268 -3.00426307403112)
(-1.74851984021831 -1.3183388071187 -3.00426327109844)
(-1.00000000000003 -1.00000000000003 -3.00000000000003)
(-0.652239950490749 -1.7457019903304 -3.51380047645995)
(-3.00898854531061e-06 -1.74576206632613 -3.51371199430239)
(-0.229999638860974 -0.549918383576979 -3.5022962488217)
(-0.0039207762429731 -0.596718890642378 -3.50222343745363)
(-0.651799501754325 -1.7482748961181 -3.00520464783708)
(-3.22049175912221e-06 -1.74828383870333 -3.00523612695468)
(-0.229995132918898 -0.549937622219176 -3.00030556601884)
(-0.0038818323956839 -0.596729534805668 -3.00027538305558)
(-1.74570195426185 -0.652239692925062 -3.51380089159479)
(-0.549906114943942 -0.230007042132133 -3.50234442427531)
(-1.74576200154411 -2.68173114213587e-06 -3.51371247723035)
(-0.596719216605496 -0.00392946480349394 -3.50231345958743)
(-1.74827483844166 -0.651799221535528 -3.00520499085441)
(-0.549937977384072 -0.229995553534059 -3.00035542573952)
(-1.74828375267152 -2.91124823805846e-06 -3.00523648031862)
(-0.596729635113714 -0.00388172426184902 -3.00036682125281)
(-0.421881491714361 -0.421891648683787 -3.50233601799453)
(-0.421891611064692 -0.421892463177233 -3.0003325180382)
(-1.65904204308028 -1.6590420119846 -2.50000000000003)
(-1.31808408616057 -1.74953021579321 -2.50130286796807)
(-1.74953017097541 -1.3180840239692 -2.50130301606744)
(-1.00000000000003 -1.00000000000003 -2.50000000000003)
(-1.65898942756014 -1.65898950187417 -2.00000000000003)
(-1.31797885512028 -1.74986398367907 -2.00036331060729)
(-1.74986392505216 -1.31797900374833 -2.00036336902682)
(-1.00000000000003 -1.00000000000003 -2.00000000000003)
(-0.651584952436374 -1.74938745866978 -2.50175448578923)
(5.4586603579924e-07 -1.74937716137753 -2.50180380437543)
(-0.2299882506658 -0.54992317617572 -2.50005143529727)
(-0.00387706957976 -0.596730378583381 -2.50002573656029)
(-0.651489015800334 -1.74980539034918 -2.00052941231013)
(1.40441152840386e-06 -1.74979639241639 -2.00055812713122)
(-0.229978266930462 -0.54990402758121 -2.00002300224547)
(-0.00387987594697218 -0.596728040893747 -1.99999448131606)
(-1.74938735935049 -0.651585006879901 -2.50175471331116)
(-0.549936167595106 -0.22998172901099 -2.50010124457888)
(-1.74937703282104 3.80366214465961e-07 -2.50180398567242)
(-0.596730524515652 -0.00386754261701028 -2.50011595343345)
(-1.74980525345019 -0.651489521481819 -2.0005294411073)
(-0.549888884566629 -0.229959653805013 -2.00007324197763)
(-1.74979620598516 6.68143167185539e-07 -2.00055805131458)
(-0.59672609221848 -0.00386969245491785 -2.00009079677199)
(-0.421897093765597 -0.421888649887687 -2.50007453615731)
(-0.421895688364046 -0.421885932645799 -2.00004794270215)
(-1.65897083027566 -1.65897099347017 -1.50000000000003)
(-1.31794166055131 -1.74996367635267 -1.50009127934811)
(-1.74996358922756 -1.31794198694034 -1.50009122050064)
(-1.00000000000003 -1.00000000000003 -1.50000000000003)
(-1.6589648991622 -1.65896510218887 -1.00000000000003)
(-1.31792979832439 -1.7499918920819 -1.00001863219415)
(-1.74999177266268 -1.31793020437774 -1.00001839909458)
(-1.00000000000003 -1.00000000000003 -1.00000000000003)
(-0.651450528638974 -1.74994494333573 -1.5001401944886)
(2.18683105024122e-06 -1.74994069640588 -1.50015091196462)
(-0.22996523081691 -0.549888082036408 -1.49997339961359)
(-0.00387756917685512 -0.596725617922241 -1.49994992431564)
(-0.651437255137343 -1.74998715422583 -1.00003008133622)
(2.43649660259621e-06 -1.74998576386091 -1.00003230477644)
(-0.229960029778978 -0.549888790261867 -0.999926372763881)
(-0.00386967524626009 -0.596726240159771 -0.999912474052298)
(-1.74994477586064 -0.65145135640331 -1.50013994946312)
(-0.5498877754658 -0.22996447564983 -1.5000268163559)
(-1.74994049172922 1.04552963594696e-06 -1.50015046328505)
(-0.596725498203649 -0.00387729982937883 -1.50005072307382)
(-1.74998700106091 -0.651438185474357 -1.00002950135784)
(-0.549904209681972 -0.229977782419044 -0.999977958101252)
(-1.74998566463527 1.21015945080259e-06 -1.00003144674352)
(-0.596727996632393 -0.00387940905783117 -1.00000661017971)
(-0.421891179431406 -0.421889984561563 -1.50000141607762)
(-0.421886358158579 -0.421895346306923 -0.999953424941298)
(-1.65896315564954 -1.65896335102197 -0.500000000000033)
(-1.31792631129909 -1.7499998203702 -0.500002416370102)
(-1.7499988267883 -1.31792670204394 -0.500001944432205)
(-1.00000000000003 -1.00000000000003 -0.500000000000032)
(-1.65896288202192 -1.65896300530978 -3.18356452311264e-14)
(-1.31792576404383 -1.7499998203702 -2.05711080180695e-06)
(-1.74999975296806 -1.31792601061956 4.01990726810127e-07)
(-1.00000000000003 -1.00000000000003 -3.2e-14)
(-0.651433595667403 -1.74999898002096 -0.500004389801262)
(2.02207112157681e-06 -1.74999916242449 -0.50000383249842)
(-0.22998068652505 -0.549936493675123 -0.499927908123752)
(-0.00386509286775083 -0.596731018287594 -0.499916085746349)
(-0.65143331376256 -1.74999898002096 -2.34984325347836e-06)
(1.26359441540754e-06 -1.74999916242449 -2.1573479831465e-06)
(-0.229989557040903 -0.549942773487499 2.38102978871351e-05)
(-0.0038667669278563 -0.596732481231003 4.4135417737081e-05)
(-1.74999804416193 -0.651434391704037 -0.500003503494058)
(-0.549924597635539 -0.229987289269168 -0.499976076120477)
(-1.74999932910939 1.00486775664169e-06 -0.500002776014103)
(-0.596730827635278 -0.00387426358233614 -0.500003867438186)
(-1.7499989394958 -0.651433764930921 4.08181686884717e-07)
(-0.549943309095295 -0.229989669903249 -2.26915001183732e-05)
(-1.74999932910939 -3.01383914403277e-06 -1.434249035791e-06)
(-0.596732484774042 -0.00386661804920533 -4.38999119073618e-05)
(-0.421888440629669 -0.42189799922604 -0.499953558856606)
(-0.421893559099039 -0.421894197098647 2.15182435529344e-06)
(0.66633615452426 -1.51311129837215 -6.67161616639823)
(0.35940203385653 -0.706259763278683 -6.79937033956004)
(1.32758236964435 -1.54772088271863 -6.67542215346219)
(1.09159903576715 -1.04319756267373 -6.60479081339995)
(0.659871742895304 -1.68680905053922 -6.35404879514213)
(1.32683120974945 -1.68636544031752 -6.35379195418055)
(0.169388842380517 -0.384624132903716 -6.49307529541017)
(0.999999999999968 -1.00000000000003 -6.00000000000003)
(1.66351996005996 -1.66371178992226 -6.67282933357035)
(1.5980457032714 -1.38032134401463 -6.66210775624395)
(1.66341560487473 -1.66348098149384 -6.34565866714069)
(1.6863650084172 -1.32696196298768 -6.35378821030343)
(0.334061216314577 -0.238808187490493 -6.47893814550101)
(0.364954001381111 -0.167335413907001 -6.47049828493346)
(0.247496916146544 -0.354056759357617 -6.49841395353861)
(0.512870475382343 -0.250919819275422 -6.31626337220435)
(0.41938433968957 0.00335198136120911 -6.42721173801904)
(0.570304569668856 0.0145534705052617 -6.30070833744219)
(1.51098237430885 -0.723967562307048 -6.59213139236631)
(1.45881634112827 0.0991263469545015 -6.59062648201815)
(1.6868083651122 -0.660033808945347 -6.35404483453284)
(1.68661615147692 -0.000276584762602723 -6.35332397342547)
(0.658259499983874 -1.70237585393578 -5.72766897109814)
(1.32498232579042 -1.7022127552678 -5.72652555962637)
(0.204218806468132 -0.52446958853547 -5.79527124319342)
(0.999999999999968 -1.00000000000003 -5.50000000000003)
(0.656126976875825 -1.71850760874309 -5.13242449894654)
(1.32274639668597 -1.71827177617445 -5.13095526728312)
(0.223291806071819 -0.551424738562294 -5.12814372486442)
(0.999999999999968 -1.00000000000003 -5.00000000000003)
(1.66249116289521 -1.66252027870221 -5.7059243853244)
(1.70221322416873 -1.32504055740441 -5.72652116989627)
(1.66137319834299 -1.66138688401249 -5.11281060085326)
(1.71827252177751 -1.32277376802498 -5.13095193201889)
(0.401444928456304 -0.415320694308233 -5.77469386208708)
(0.531061769798486 -0.241010010940545 -5.73509758807999)
(0.585352805019813 0.00366539800176977 -5.73670483664294)
(0.416127757941001 -0.426614380967225 -5.11959342253802)
(0.54877672845642 -0.234266625266013 -5.1112613795343)
(0.5972941437809 -0.00458686707037316 -5.10903750419541)
(1.70237682639324 -0.658360557082057 -5.72766379963238)
(1.70239289624376 -0.000116996827870808 -5.72655629669649)
(1.71850831564487 -0.656174184091135 -5.1324214677673)
(1.7186727345119 -5.16899231504729e-05 -5.13134209276676)
(0.654319330843306 -1.7316353298907 -4.56944261845841)
(1.32094610477051 -1.73162705590284 -4.56750169568329)
(0.223293392621496 -0.553197847089724 -4.54337100126154)
(0.999999999999968 -1.00000000000003 -4.50000000000003)
(0.653030143063169 -1.74054251151105 -4.03271482651323)
(1.31966581389996 -1.74078536222206 -4.0307573344192)
(0.22343641168911 -0.553202034259812 -4.01124036617699)
(0.999999999999968 -1.00000000000003 -4.00000000000003)
(1.66047305238525 -1.66047882638744 -4.54598950825953)
(1.73162758503683 -1.32095765277489 -4.56749990241228)
(1.65983290694998 -1.65983519130989 -4.01753366714072)
(1.74078560466468 -1.31967038261978 -4.0307566161122)
(0.417749114471372 -0.426531702300649 -4.54085306912264)
(0.549887361887453 -0.2339299106073 -4.53849848301005)
(0.598109499358746 -0.0041221058353112 -4.53746353162548)
(0.418071227466048 -0.426334679774074 -4.01055241163026)
(0.550033319364898 -0.233608553789075 -4.0099126599627)
(0.598066948093005 -0.00394333582264544 -4.0095469397965)
(1.73163578506137 -0.65433905137771 -4.56944109001663)
(1.73183109829797 -2.00270135874661e-05 -4.56868756268146)
(1.74054271790386 -0.653037969866194 -4.03271423711526)
(1.74068108930387 -6.41675489199364e-06 -4.03234975945009)
(0.652237409693877 -1.74570201909191 -3.5138004550551)
(1.31878061594554 -1.74596704355976 -3.51232881458452)
(0.223592531206126 -0.553171220191967 -3.50209670133364)
(0.999999999999968 -1.00000000000003 -3.50000000000003)
(0.651796988487272 -1.7482749182091 -3.00520468393143)
(1.31833791420668 -1.74851987028511 -3.00426309457751)
(0.223659492972429 -0.553164256569135 -3.00024168145354)
(0.999999999999968 -1.00000000000003 -3.00000000000003)
(1.65939030797277 -1.65939131100205 -3.50368487706491)
(1.74596711658848 -1.3187826220041 -3.51232858554546)
(1.65916895710334 -1.65916958048023 -3.00038173342817)
(1.74851988336524 -1.31833916096047 -3.00426301225813)
(0.418230621611559 -0.426203494600808 -3.50193849849377)
(0.550087695129422 -0.233444106481552 -3.50179656689432)
(0.598034754590426 -0.0038522351700792 -3.50171785301315)
(0.41828988485627 -0.426153146661014 -3.00020761307445)
(0.550109674530979 -0.233381190519839 -3.00018399193173)
(0.598025579862069 -0.00380990765538292 -3.00017954215537)
(1.74570205890677 -0.652241158236602 -3.51380028468952)
(1.74576206765232 -1.5099844912153e-06 -3.51371193808104)
(1.74827490537624 -0.651799594958935 -3.00520459418586)
(1.74828383899205 -3.19466464968811e-06 -3.00523607338846)
(0.651583084434458 -1.74938739010648 -2.50175456579101)
(1.3180832061002 -1.74953013907344 -2.50130289964212)
(0.22366841927176 -0.553159139036096 -2.50000362126285)
(0.999999999999968 -1.00000000000003 -2.50000000000003)
(0.651488268979133 -1.74980515377961 -2.00052935497196)
(1.31797836406863 -1.74986374392851 -2.00036318876023)
(0.223664212618393 -0.553159208525134 -1.99997396774784)
(0.999999999999968 -1.00000000000003 -2.00000000000003)
(1.6590416030501 -1.65904205681012 -2.50000000000003)
(1.74953022328913 -1.31808411362024 -2.5013028436549)
(1.65898918203432 -1.65898942832104 -2.00000000000003)
(1.74986398988334 -1.31797885664208 -2.00036330129141)
(0.418297868523973 -0.426146294261424 -2.49998620846415)
(0.550111221538571 -0.233374136197566 -2.49997672134413)
(0.598024144439142 -0.00380696818671841 -2.49998173834064)
(0.418290340009996 -0.426151337006239 -1.99995990056511)
(0.550105777212645 -0.23338430204122 -1.99995662642824)
(0.598024525029031 -0.00381749516203569 -1.99996210567334)
(1.74938746088584 -0.651584936670894 -2.50175445070074)
(1.74937716353703 6.08070258747093e-07 -2.50180375138693)
(1.74980538467413 -0.651489011320246 -2.00052938165161)
(1.74979636763745 1.41403314208104e-06 -2.00055807846163)
(0.651450859394521 -1.74994456521578 -1.50013966392957)
(1.31794157373847 -1.74996328782899 -1.50009067797005)
(0.223665159927648 -0.553158024556148 -1.49993568907112)
(0.999999999999968 -1.00000000000003 -1.50000000000003)
(0.651437992674389 -1.74998687505234 -1.00002879452665)
(1.31792992619256 -1.74999158829276 -1.00001725376368)
(0.223671666652615 -0.553152931302412 -0.999902014587677)
(0.999999999999968 -1.00000000000003 -1.00000000000003)
(1.65897078686924 -1.65897082295649 -1.50000000000003)
(1.74996363037201 -1.31794164591297 -1.50009128244197)
(1.65896496309628 -1.65896486466005 -1.00000000000003)
(1.74999175971758 -1.3179297293201 -1.00001854332798)
(0.418287859205772 -0.426152162393617 -1.49993022579202)
(0.550103521435097 -0.233387845920954 -1.49993332335211)
(0.598024671629722 -0.00382115441071004 -1.49994943635597)
(0.418294116415329 -0.426144846954869 -0.999902268463608)
(0.550107665162434 -0.233378308576289 -0.999916588845026)
(0.598024079172057 -0.00381220901717652 -0.999939517355427)
(1.74994479293093 -0.651450481465398 -1.50014015248327)
(1.74994046849231 2.24166339278866e-06 -1.50015081373722)
(1.74998679557027 -0.651437043459701 -1.00002973852567)
(1.74998521523015 2.7380742217354e-06 -1.00003175072208)
(0.65143377212114 -1.74999905421004 -0.500002544649131)
(1.31792631788159 -1.74999890318783 -0.500000430362221)
(0.223677706278004 -0.553149559219367 -0.499905725499609)
(0.999999999999968 -1.00000000000003 -0.500000000000032)
(0.651432411938684 -1.74999905421004 -6.53071062695626e-07)
(1.31792536934232 -1.74999994117339 1.76326121724328e-06)
(0.223680506345747 -0.553158344559177 5.75517303763742e-05)
(0.999999999999968 -1.00000000000003 -3.2e-14)
(1.6589631589408 -1.65896308015246 -0.500000000000033)
(1.74999870779353 -1.31792616030492 -0.500002062775873)
(1.65896268467116 -1.658962781527 -3.23907567434389e-14)
(1.74999954882926 -1.317925563054 5.21636704594717e-07)
(0.418304305053068 -0.42613722077301 -0.499906191502081)
(0.550114419720772 -0.233365018773342 -0.499919485603448)
(0.598023358520179 -0.00379935005699064 -0.499941415421192)
(0.418307767852163 -0.426136824570035 6.28350602878142e-05)
(0.550116949093113 -0.233361216104529 6.09606334727748e-05)
(0.598023225570695 -0.00379535253501878 4.67818104743122e-05)
(1.74999767370157 -0.651433135856137 -0.500003329681483)
(1.74999719538057 2.70227634847803e-06 -0.500002181182387)
(1.74999861903275 -0.651432682114834 1.32291516839658e-06)
(1.74999883876233 2.16719273077532e-06 3.42805617795912e-06)
(-1.51307470696032 0.666331017616388 -6.67159546303941)
(-0.705899587481322 0.35939221522729 -6.79930147475618)
(-1.54768597183173 1.32758362379013 -6.67540249122983)
(-1.04283036483062 1.09143445399562 -6.60476994986863)
(-1.6868090913811 0.659872201600751 -6.35404889710675)
(-0.384387197923447 0.16929339999705 -6.49309296109576)
(-1.68636547896191 1.32683143777722 -6.35379200888258)
(-1.00000000000003 0.999999999999968 -6.00000000000003)
(-0.23734537817137 0.333409932566566 -6.4790916547836)
(-0.166428859817883 0.364087023129091 -6.47072310933518)
(-0.353828502834151 0.247389340784651 -6.49845367119473)
(-0.248916608971758 0.513190605361512 -6.31690889359404)
(0.00702989608367005 0.417322202163742 -6.42618995111424)
(0.018589430066703 0.569324094964056 -6.30113248728458)
(-1.6637003980018 1.66351996005996 -6.67282933357035)
(-1.38028037332029 1.59807038098422 -6.66211668733985)
(-1.66347757594534 1.66341571888861 -6.34565866714069)
(-1.32695515189069 1.68636500579801 -6.35378857248055)
(-0.723732359234374 1.51103687110656 -6.59204966783493)
(0.0992424457944529 1.4591006476059 -6.5904691480785)
(-0.660026260533111 1.68680843940904 -6.3540452711099)
(-0.000265145461528102 1.68661622059005 -6.35332416256194)
(-1.70237592182055 0.658259748857343 -5.72766915528691)
(-0.524413591154377 0.204448590449052 -5.79542260149676)
(-1.70221278789224 1.32498234486489 -5.72652569223345)
(-1.00000000000003 0.999999999999968 -5.50000000000003)
(-1.71850766780941 0.656126802715734 -5.13242482042145)
(-0.551390016014561 0.223494621288344 -5.12827142953057)
(-1.7182718070915 1.32274633282735 -5.13095546545091)
(-1.00000000000003 0.999999999999968 -5.00000000000003)
(-0.414977269496593 0.402099869773969 -5.77495527531819)
(-0.23981944321225 0.531809005321815 -5.73535017391758)
(0.00604174687616285 0.585142104408379 -5.73663890904876)
(-0.426392674472052 0.416458541066666 -5.11971539656125)
(-0.233684827783843 0.549124050526859 -5.11135717714751)
(-0.0036481377118333 0.597389004137901 -5.10915373281898)
(-1.66251951178981 1.66249117243244 -5.7059243853244)
(-1.32503902357962 1.70221320362553 -5.72652151069217)
(-1.66138691521979 1.66137316641368 -5.11281060085326)
(-1.32277383043957 1.71827247371362 -5.13095222565481)
(-0.658357697373001 1.70237677343885 -5.72766437229626)
(-0.000117188581174125 1.7023929399091 -5.72655662120564)
(-0.656174483242978 1.71850826669332 -5.13242192292732)
(-5.57820550061955e-05 1.71867274158097 -5.13134250419139)
(-1.73163535879856 0.654319091551209 -4.56944305827569)
(-0.553184984224005 0.223369846125249 -4.54348578772104)
(-1.73162706451261 1.32094608994079 -4.56750195552884)
(-1.00000000000003 0.999999999999968 -4.50000000000003)
(-1.74054247672484 0.653030206878409 -4.03271532341842)
(-0.553204573032919 0.22344143088578 -4.01135922089972)
(-1.74078534567948 1.31966595200273 -4.03075761111958)
(-1.00000000000003 0.999999999999968 -4.00000000000003)
(-0.4264527204453 0.417860175180079 -4.5409687605084)
(-0.233744211748972 0.549998777796319 -4.53859700544267)
(-0.00381313791416463 0.598149049827487 -4.53753264950363)
(-0.426325115085065 0.418092542395916 -4.01067757034379)
(-0.233571809409056 0.550057969883071 -4.01002356510986)
(-0.00387828026313132 0.598075673039336 -4.00962837000955)
(-1.66047914020336 1.66047304497039 -4.54598950825953)
(-1.32095828040672 1.73162756874752 -4.5675000980984)
(-1.65983534963789 1.65983297600136 -4.01753366714072)
(-1.31967069927578 1.74078556086729 -4.03075677996552)
(-0.654340225168522 1.73163573708098 -4.56944144442268)
(-2.43805637774325e-05 1.73183106131818 -4.56868798822959)
(-0.653038906427858 1.74054266024564 -4.03271449613537)
(-1.01370472305036e-05 1.74068102381994 -4.03235011105507)
(-1.74570194381203 0.652237755957453 -3.51380088195639)
(-0.553179404076775 0.22358991503085 -3.50221599389163)
(-1.74596700155987 1.31878084867466 -3.51232905803813)
(-1.00000000000003 0.999999999999968 -3.50000000000003)
(-1.74827482880841 0.651797308726397 -3.00520496029544)
(-0.553164203639741 0.223659993585713 -3.00036021818575)
(-1.74851981402526 1.31833813366673 -3.00426325404287)
(-1.00000000000003 0.999999999999968 -3.00000000000003)
(-0.426206305195267 0.41823243995542 -3.50206675541328)
(-0.233440998958439 0.55009110135731 -3.5019134020021)
(-0.00384306350413389 0.598036686342344 -3.50180563380287)
(-0.426152623585977 0.41829059088899 -3.00033577236527)
(-0.233379954318633 0.550110396802451 -3.00030204431064)
(-0.0038078033784855 0.598025831359046 -3.00026880658319)
(-1.659391324974 1.65939042433733 -3.50368487706491)
(-1.318782649948 1.74596709791404 -3.51232866229834)
(-1.65916950984598 1.65916906683337 -3.00038173342817)
(-1.31833901969197 1.74851987522276 -3.00426305180985)
(-0.652241522072146 1.74570202091254 -3.51380042927282)
(-4.79326413755111e-06 1.74576199913204 -3.51371215872247)
(-0.651799570525809 1.74827487541473 -3.00520466311791)
(-3.30744015217491e-06 1.74828376819495 -3.00523615698873)
(-1.74938727324489 0.651583039203596 -2.50175466350904)
(-0.553150535210323 0.223674196339036 -2.50012414946838)
(-1.74953006879069 1.31808327528936 -2.50130294666388)
(-1.00000000000003 0.999999999999968 -2.50000000000003)
(-1.74980499690077 0.651487743867472 -2.00052921905783)
(-0.553152959853658 0.223671210847166 -2.00010400668406)
(-1.74986366949416 1.31797819528337 -2.00036309526636)
(-1.00000000000003 0.999999999999968 -2.00000000000003)
(-0.426139981027188 0.418301240928005 -2.50011678431681)
(-0.233368457348651 0.550113123313268 -2.50009890228505)
(-0.00380177393505333 0.598023772259611 -2.50007389392425)
(-0.426145205151534 0.418293685205829 -2.00010046359831)
(-0.233378758139102 0.550107495487606 -2.000085207412)
(-0.00381259162466237 0.598024100589715 -2.00006168468475)
(-1.65904200112919 1.65904163764468 -2.50000000000003)
(-1.31808400225839 1.74953019355626 -2.5013028669065)
(-1.65898946765883 1.65898909764168 -2.00000000000003)
(-1.31797893531766 1.74986397363286 -2.00036326503737)
(-0.651584954106388 1.74938739802596 -2.50175445969192)
(4.50552404123862e-07 1.74937707257623 -2.50180369339265)
(-0.651489391068242 1.74980533314359 -2.00052926485381)
(8.33628401222316e-07 1.74979631624819 -2.00055783854526)
(-1.74994442681149 0.651449971245017 -1.50013921428503)
(-0.553157930304943 0.223665106012279 -1.5000653894724)
(-1.7499632610578 1.31794119194026 -1.50009043562317)
(-1.00000000000003 0.999999999999968 -1.50000000000003)
(-1.74998688981519 0.651436981687851 -1.00002806807669)
(-0.553159010852074 0.223664644941039 -1.00002773790783)
(-1.74999167778133 1.31792941395558 -1.00001695787748)
(-1.00000000000003 0.999999999999968 -1.00000000000003)
(-0.426152229763493 0.418287743042235 -1.50007372605164)
(-0.23338793824111 0.55010348769075 -1.50006782714635)
(-0.00382127052162674 0.598024657093411 -1.50005157400515)
(-0.426151006697633 0.418290660738189 -1.00004228235014)
(-0.233383962062275 0.550105890128998 -1.00004816470438)
(-0.00381724462832817 0.598024497809976 -1.00003966893945)
(-1.65897096444024 1.65897059597013 -1.50000000000003)
(-1.31794192888048 1.74996371217057 -1.50009121367183)
(-1.65896508220898 1.65896470697779 -1.00000000000003)
(-1.31793016441795 1.74999200283901 -1.00001863815135)
(-0.651451238754172 1.7499449625102 -1.50013993259546)
(1.18440510264547e-06 1.74994076900064 -1.50015047104176)
(-0.651438126588379 1.74998736088182 -1.00002985778774)
(1.2885540137459e-06 1.74998615229752 -1.00003200904305)
(-1.74999930438335 0.65143289154166 -0.500001847723802)
(-0.553158016032902 0.22367209949787 -0.500024431462713)
(-1.74999910417341 1.31792583526161 -0.500000313452945)
(-1.00000000000003 0.999999999999968 -0.500000000000032)
(-1.74999930438335 0.651431914593756 -4.5649144798367e-07)
(-0.55315827165893 0.22368064697719 -5.81047608919536e-05)
(-1.75000015064513 1.31792509586082 1.4781996838183e-06)
(-1.00000000000003 0.999999999999968 -3.2e-14)
(-0.426143411754327 0.418300988600923 -0.500038948491102)
(-0.233370587645067 0.55011255666326 -0.500042289983093)
(-0.00380425548353182 0.598023803688696 -0.500037196373481)
(-0.426136739958079 0.418307813949034 -6.62479414865866e-05)
(-0.233361192335698 0.550116928618803 -6.15266533341316e-05)
(-0.00379533114026753 0.598023230924808 -4.67827594731258e-05)
(-1.65896334704993 1.6589629176308 -0.500000000000033)
(-1.31792669409987 1.74999907651755 -0.500002643841408)
(-1.65896299823251 1.65896254793041 -3.23907567434389e-14)
(-1.31792599646502 1.74999983777957 -7.96876986524631e-07)
(-0.65143437096414 1.74999944057493 -0.500004579565488)
(-2.6696765638e-06 1.74999982928782 -0.500004313653762)
(-0.651433701485963 1.74999944057493 -3.46071579123054e-06)
(-2.91089949468809e-06 1.74999982928782 -3.97222946810325e-06)
(0.320145303521979 0.322575812561684 -6.80848542701614)
(0.709117870252371 0.311273333778072 -6.77722695509889)
(0.311749448883209 0.709026414524802 -6.77845313633197)
(0.89513301112721 0.895101033931382 -6.65026673505843)
(0.292453789820879 0.289565373764184 -6.50619927210398)
(0.378292614698567 0.234236714219747 -6.49739402152924)
(0.238405427249368 0.372736747511274 -6.4976359968494)
(0.999999999999968 0.999999999999968 -6.00000000000003)
(1.53535607253135 0.733393013921626 -6.67052973361756)
(1.57142925070782 1.32564350862414 -6.673587757931)
(1.68680964386116 0.659702241026407 -6.35405155767824)
(1.68636587095239 1.32667796484876 -6.35379521355942)
(0.73350046305011 1.5352244433126 -6.67048707172245)
(1.32567181614951 1.57143496905046 -6.67358827597283)
(0.659710332187596 1.686809686651 -6.35405147595233)
(1.3266861277915 1.6863659316454 -6.35379505586195)
(1.66329435132747 1.6632801114269 -6.67282933357035)
(1.66334306389575 1.66333898242438 -6.34565866714069)
(0.408658503182894 0.406116848815646 -5.7855502732071)
(0.534004343385628 0.223765517613107 -5.76543581613975)
(0.225964022447418 0.532848554786856 -5.76624532408838)
(0.999999999999968 0.999999999999968 -5.50000000000003)
(0.422712105189879 0.421845335346775 -5.11603773128939)
(0.552439305008041 0.226676964324522 -5.11365041133578)
(0.227777614021185 0.552055731334561 -5.11371509185675)
(0.999999999999968 0.999999999999968 -5.00000000000003)
(1.70237513814786 0.658156913195723 -5.72767275162283)
(1.70221235879773 1.32491945935085 -5.72652942039658)
(1.71850712413662 0.656080964147759 -5.13242664789297)
(1.71827111488654 1.32271853399555 -5.13095820472306)
(0.658159841382991 1.70237526852377 -5.72767276823562)
(1.32492156632588 1.70221243845069 -5.72652940109241)
(0.656080624771605 1.71850716977307 -5.13242693666392)
(1.32271873489769 1.71827115851986 -5.13095835177283)
(1.66246078316294 1.66245972967543 -5.7059243853244)
(1.66135936744884 1.66135926699778 -5.11281060085326)
(0.423213926514956 0.422937745382278 -4.53787721389153)
(0.553405295478298 0.226916781885663 -4.53761827424067)
(0.227262114761516 0.553272890012366 -4.53765315918915)
(0.999999999999968 0.999999999999968 -4.50000000000003)
(0.423149136259897 0.423079300331915 -4.00948303775098)
(0.553367228427277 0.226934927237925 -4.00946216786901)
(0.227019081940234 0.553342337097079 -4.00950489564224)
(0.999999999999968 0.999999999999968 -4.00000000000003)
(1.73163501970209 0.654301342980457 -4.56944370890117)
(1.73162659557034 1.32093513401451 -4.56750325682253)
(1.74054234644759 0.65302439586388 -4.03271526731526)
(1.74078514582605 1.31966214107407 -4.03075795753279)
(0.654300248991812 1.73163500818869 -4.56944409133136)
(1.32093489121326 1.73162658556087 -4.56750349254391)
(0.653023603116187 1.74054228956147 -4.03271562600197)
(1.31966201277303 1.74078511137505 -4.03075817296361)
(1.66046744560663 1.66046756700725 -4.54598950825953)
(1.65983100638652 1.65983107053704 -4.01753366714072)
(0.423119755464516 0.423108927881149 -3.50172441307955)
(0.553333323410682 0.226967447373265 -3.50170556629417)
(0.226980949075585 0.553329689727432 -3.50175239724172)
(0.999999999999968 0.999999999999968 -3.50000000000003)
(0.423111656471124 0.423108897701669 -3.00021527331635)
(0.553317747156354 0.226983136014937 -3.00019283890974)
(0.226985727164087 0.553316890167379 -3.00024057929925)
(0.999999999999968 0.999999999999968 -3.00000000000003)
(1.74570195207711 0.652236136971379 -3.51380055891357)
(1.74596696251117 1.31877964593806 -3.51232900029755)
(1.74827491045528 0.651796878549464 -3.00520465275464)
(1.74851985347717 1.31833772255197 -3.00426311751568)
(0.652235866110871 1.7457018700637 -3.5138008030354)
(1.31877970993513 1.74596691020638 -3.51232914649897)
(0.651796947249156 1.7482748160334 -3.00520473255646)
(1.31833790767172 1.74851978945864 -3.00426315900214)
(1.65938985496756 1.65938982296903 -3.50368487706491)
(1.65916895383586 1.65916886127598 -3.00038173342817)
(0.423112112545258 0.423108214428322 -2.50001986098097)
(0.553316885637852 0.226983018472182 -2.49999714263187)
(0.226987284700711 0.553314892482234 -2.50004931254192)
(0.999999999999968 0.999999999999968 -2.50000000000003)
(0.423113883578546 0.423110425788324 -2.00000362117275)
(0.55332100840079 0.226978172478402 -1.99997950152116)
(0.226981895057843 0.553319145918495 -2.00003418768932)
(0.999999999999968 0.999999999999968 -2.00000000000003)
(1.74938739190984 0.651583096562619 -2.50175451905473)
(1.74953013392036 1.3180831751469 -2.50130288888303)
(1.74980511445209 0.651488271187972 -2.00052931184428)
(1.74986370416633 1.31797835746119 -2.00036316768988)
(0.651583093909667 1.74938729685979 -2.50175441004308)
(1.31808329821166 1.74953007438103 -2.50130280236384)
(0.651487891731012 1.74980510798807 -2.00052901280396)
(1.3179782796768 1.74986373409908 -2.00036296213411)
(1.65904164910583 1.65904158757345 -2.50000000000003)
(1.6589891398384 1.6589891787306 -2.00000000000003)
(0.423112661689691 0.423113677566936 -1.5000018278371)
(0.553322430262507 0.226977361181734 -1.4999723735429)
(0.22697705361059 0.553322492480674 -1.50002850622497)
(0.999999999999968 0.999999999999968 -1.50000000000003)
(0.423110283067141 0.423113919668727 -0.999997483379244)
(0.553319010349089 0.226982165374997 -0.999966815945335)
(0.226978257492161 0.553320912451568 -1.00002190594104)
(0.999999999999968 0.999999999999968 -1.00000000000003)
(1.74994432532679 0.65145090337277 -1.50013954214373)
(1.74996310458181 1.31794159046643 -1.50009057737361)
(1.74998626650169 0.651438184432745 -1.00002819295906)
(1.74999113998843 1.31792997165003 -1.0000167866722)
(0.651450115754635 1.74994476336201 -1.50013923020602)
(1.31794128934063 1.74996350149581 -1.50009043169981)
(0.651437065972422 1.74998745971894 -1.00002875710029)
(1.31792948772788 1.74999209337742 -1.00001743483069)
(1.65897064467032 1.65897079523321 -1.50000000000003)
(1.65896474386394 1.65896498582501 -1.00000000000003)
(0.423108841879166 0.423110736007962 -0.499994257118734)
(0.553314088915639 0.226987926969298 -0.499967630969332)
(0.226984332705532 0.553315904018711 -0.500020345736758)
(0.999999999999968 0.999999999999968 -0.500000000000032)
(0.423109152026662 0.423108277753294 1.7527716126782e-06)
(0.553312539138851 0.226988980355399 2.60104986771776e-05)
(0.226989131649876 0.553312515379155 -2.54797696188355e-05)
(0.999999999999968 0.999999999999968 -3.2e-14)
(1.74999739334548 0.651434266278021 -0.500000725977783)
(1.7499983823805 1.31792647076405 -0.499999066661318)
(1.74999881872368 0.651433052026459 4.4873297916279e-06)
(1.74999979488437 1.31792561134954 4.16857693526049e-06)
(0.651432936755315 1.74999981154994 -0.500003676555217)
(1.31792585917478 1.75000042937218 -0.500001621598696)
(0.651431975790941 1.74999981154994 -3.29965601558617e-06)
(1.31792510121242 1.75000042937218 -2.48034363270402e-06)
(1.65896292958739 1.65896323538202 -0.500000000000033)
(1.65896255060621 1.65896280567477 -3.23907567434389e-14)
(-1.65896332309914 -1.65896333611576 0.499999999999967)
(-1.31792664619828 -1.74999855293262 0.500000837023172)
(-1.74999975296806 -1.31792667223153 0.500000896054165)
(-1.00000000000003 -1.00000000000003 0.499999999999968)
(-1.65896510877595 -1.65896505332831 0.999999999999968)
(-1.31793021755191 -1.74999133086672 1.00001817527697)
(-1.74999160709714 -1.31793010665662 1.00001768184808)
(-1.00000000000003 -1.00000000000003 0.999999999999968)
(-0.651434564537899 -1.74999760380702 0.500002442541138)
(-3.10224592858515e-06 -1.74999743611871 0.500002970395532)
(-0.229987489563515 -0.549924537484845 0.499977368964734)
(-0.00387441376142279 -0.596730869881998 0.50000473496383)
(-0.651438690324606 -1.74998638454796 1.00002967342819)
(-3.39071194101839e-06 -1.74998520284127 1.00003256471291)
(-0.229978152662312 -0.549904122378679 0.999978256054539)
(-0.00387956313021721 -0.596728085428256 1.00000672173245)
(-1.7499989394958 -0.651434558320098 0.500002529189453)
(-0.549936592510903 -0.229980436656687 0.499930796653652)
(-1.74999785488769 -3.01718508817615e-06 0.500002855975592)
(-0.596730994705685 -0.00386487950969753 0.499912328912177)
(-1.74998679954198 -0.651438256444823 1.00002893009181)
(-0.549888995098483 -0.229959524213525 0.999928255202097)
(-1.7499855999622 -2.70829163441318e-06 1.00003165605109)
(-0.596726157466237 -0.0038693491132263 0.999908049164811)
(-0.421898218606693 -0.421888214453249 0.49995460440935)
(-0.421895692162377 -0.421886002510406 0.999953410143247)
(-1.65897101169633 -1.65897092256786 1.49999999999997)
(-1.31794202339267 -1.74996332188143 1.50009153137475)
(-1.74996341474098 -1.31794184513572 1.50009085222834)
(-1.00000000000003 -1.00000000000003 1.49999999999997)
(-1.65898954131199 -1.65898943687173 1.99999999999997)
(-1.31797908262397 -1.74986394517485 2.00036363965241)
(-1.74986382249963 -1.31797887374346 2.0003632058587)
(-1.00000000000003 -1.00000000000003 1.99999999999997)
(-0.651451846122729 -1.74994447955339 1.50014071414837)
(-3.47300982597126e-06 -1.74994041952653 1.50015172565984)
(-0.229965158403469 -0.549888112873115 1.50002583534346)
(-0.00387751927866331 -0.596725600209417 1.50004950566821)
(-0.651489893284283 -1.74980537131755 2.00052997006681)
(6.96445056260341e-08 -1.74979647887495 2.0005587678974)
(-0.229960040568237 -0.549888727260423 2.00007218818017)
(-0.00386990845283474 -0.59672616135566 2.00008921588592)
(-1.7499446203416 -0.651451219181671 1.50013968924061)
(-0.549887782591921 -0.229964504052999 1.49997230567962)
(-1.74994052322494 -2.55332198939001e-06 1.50015060960118)
(-0.596725522985705 -0.0038772786736804 1.49994858263216)
(-1.74980520629743 -0.6514893108204 2.00052927519592)
(-0.549904100727348 -0.229977979658845 2.0000229524205)
(-1.7497963052009 9.07866872552151e-07 2.0005579991874)
(-0.596727979776366 -0.0038797416980538 1.9999944163352)
(-0.4218911459789 -0.421890042552 1.49999767207893)
(-0.421886215240216 -0.421895412423968 2.00004757540634)
(-1.65904209218435 -1.65904198272996 2.49999999999997)
(-1.31808418436871 -1.74953030332019 2.50130302198636)
(-1.74953015087204 -1.31808396545992 2.50130289309107)
(-1.00000000000003 -1.00000000000003 2.49999999999997)
(-1.65916950918203 -1.65916939685853 3.0003817334281)
(-1.31833901836405 -1.74851994412119 3.0042630691858)
(-1.74851985939247 -1.31833879371706 3.00426310975088)
(-1.00000000000003 -1.00000000000003 2.99999999999997)
(-0.651585364340001 -1.7493876110476 2.50175473887917)
(-3.55125611760162e-06 -1.74937735581823 2.50180405624785)
(-0.229981890878044 -0.549936102091282 2.50010142731242)
(-0.00386769775609352 -0.596730528308221 2.50011552193933)
(-0.651799628206438 -1.74827503060784 3.00520463206908)
(-3.42419827988709e-06 -1.74828398093008 3.00523609438767)
(-0.22999582503799 -0.549937852581338 3.00035675117043)
(-0.00388212154393139 -0.596729610049012 3.00036790700155)
(-1.74938738420565 -0.651584876326085 2.50175449767418)
(-0.549923232367761 -0.22998809880699 2.50005268048762)
(-1.74937711972644 5.50729503154312e-07 2.5018037597344)
(-0.596730366153961 -0.00387693861387816 2.50002408624311)
(-1.74827488031226 -0.6517991858006 3.00520469143586)
(-0.549937715102031 -0.22999489044992 3.00030702895137)
(-1.74828381009804 -2.8629421008925e-06 3.00523613952674)
(-0.596729586429447 -0.0038814465720229 3.00027644241881)
(-0.421888770812657 -0.421896963147156 2.50007549983629)
(-0.421892638776507 -0.421891424363461 3.00033406969747)
(-1.65939087326044 -1.65939078621238 3.50368487706484)
(-1.31878174652087 -1.74596706917713 3.51232873793505)
(-1.74596702314515 -1.31878157242475 3.51232887052007)
(-1.00000000000003 -1.00000000000003 3.49999999999997)
(-1.65983349776788 -1.65983348987722 4.01753366714065)
(-1.31966699553577 -1.74078537874587 4.03075722463488)
(-1.74078533219735 -1.31966697975445 4.0307574500467)
(-1.00000000000003 -1.00000000000003 3.99999999999997)
(-0.652240060959387 -1.74570205001232 3.51380034134192)
(-3.18689267551962e-06 -1.74576211896419 3.51371185645923)
(-0.230008610180427 -0.549905200369356 3.50234625075613)
(-0.00393209541165113 -0.596718933618454 3.50231596436701)
(-0.653032695406994 -1.7405425159414 4.03271470409044)
(-3.0129620536746e-06 -1.74068106301945 4.0323497304203)
(-0.230014226283233 -0.549874395309137 4.01202920905027)
(-0.00400545281438123 -0.596694717322221 4.01183287839851)
(-1.74570196255415 -0.652239689302337 3.51380057556382)
(-0.549918551096872 -0.229998860777221 3.50229660668617)
(-1.74576201349683 -2.67787120328365e-06 3.51371211253306)
(-0.596719127178322 -0.00391929770202082 3.50222272699482)
(-1.74054246575357 -0.653032516212398 4.03271503839411)
(-0.549866675689213 -0.229980150857019 4.01197595418005)
(-1.74068100490755 -2.72887343940108e-06 4.03235010271796)
(-0.596688174535343 -0.00398651328388426 4.01173190585001)
(-0.421892490988709 -0.421880443200841 3.50233688537239)
(-0.421891963817693 -0.42187138983977 4.01205019813455)
(-1.66047374256235 -1.66047388637921 4.54598950825947)
(-1.32094748512469 -1.73162707322269 4.56750155078514)
(-1.73162707651155 -1.32094777275842 4.56750176889528)
(-1.00000000000003 -1.00000000000003 4.49999999999997)
(-1.66137407149528 -1.66137415597894 5.11281060085321)
(-1.32274814299056 -1.71827177753484 5.13095511849482)
(-1.71827177968985 -1.32274831195788 5.13095533267413)
(-1.00000000000003 -1.00000000000003 4.99999999999997)
(-0.654322080111319 -1.73163534376584 4.56944246781223)
(-3.27088915119779e-06 -1.73183100473129 4.56868772095766)
(-0.229875491760642 -0.549919824928575 4.54539375542974)
(-0.0039911052171326 -0.59661244938524 4.54498786105549)
(-0.656130396517456 -1.71850760533413 5.13242435296545)
(-3.94394443792642e-06 -1.71867258769481 5.13134254556763)
(-0.228896808792395 -0.549093528598103 5.13030579433134)
(-0.00299577035471323 -0.595268178187346 5.13226423846181)
(-1.73163532102879 -0.654322046245634 4.569442847241)
(-0.54993882125454 -0.229851172095971 4.5453414226228)
(-1.73183099473053 -3.20791404242447e-06 4.56868811325668)
(-0.596620425212696 -0.00394234430872321 4.54488796609331)
(-1.71850761125628 -0.656130196164209 5.1324247210846)
(-0.549126292765567 -0.228863931322335 5.13027206179168)
(-1.71867262319235 -3.77662137807623e-06 5.13134286687169)
(-0.595313985319531 -0.002903387658722 5.13220533075258)
(-0.421915308689255 -0.421893605068952 4.5453629871211)
(-0.420916496793923 -0.420893900218471 5.13001311613778)
(-1.66249214330815 -1.66249222410795 5.70592438532436)
(-1.3249842866163 -1.7022127187005 5.72652548316778)
(-1.70221276204558 -1.3249844482159 5.72652561068397)
(-1.00000000000003 -1.00000000000003 5.49999999999997)
(-1.66341629638111 -1.6634161500085 6.34565866714068)
(-1.32683259276222 -1.68636538463435 6.35379199079163)
(-1.68636540121264 -1.326832300017 6.35379208648972)
(-1.00000000000003 -1.00000000000003 5.99999999999997)
(-0.658263378077442 -1.70237580453324 5.72766892228012)
(-4.06841105080563e-06 -1.70239276304529 5.72655701947704)
(-0.217127179037014 -0.53203844578536 5.79841811348936)
(0.0128464385528778 -0.567984010295325 5.80158016577276)
(-0.659874533587164 -1.68680900550268 6.35404883919542)
(-2.98181618433619e-06 -1.68661617622866 6.35332466701877)
(-0.0779786817821757 -0.407567490307681 6.50010900900823)
(0.0198784340297905 -0.427223891821315 6.49220697092911)
(-1.70237585640375 -0.658262809343363 5.72766918797752)
(-0.532079699961412 -0.217083903225325 5.79840500636109)
(-1.70239282027416 -3.5315377131128e-06 5.72655722632332)
(-0.568021145759208 0.0129663231552873 5.80163402576532)
(-1.68680906967226 -0.659874004259581 6.35404897645187)
(-0.407580816204006 -0.0779387865450079 6.50011038070287)
(-1.68661623043531 -2.38570499976538e-06 6.35332476545165)
(-0.427228939682024 0.0199824166023427 6.49222459326034)
(-0.407350253264712 -0.407324479578256 5.77443672448455)
(-0.381297426135429 -0.381265010629364 6.3561649936467)
(-1.66351996005997 -1.66351996005997 6.67282933357034)
(-1.38367587404582 -1.57215914238312 6.66208442059889)
(-1.57198784572308 -1.38368179493647 6.66205367113346)
(-0.842243440284111 -0.842735631872362 6.51500579838632)
(-0.649136958484394 -1.50239945727664 6.59753440803903)
(0.0877702290533879 -1.46817221470681 6.62791961045094)
(-0.187228479325205 -0.341174970891207 6.44991554181067)
(0.00694541132908354 -0.716374140346415 6.74929585373642)
(-1.50240722718444 -0.649174698950631 6.59752754533377)
(-0.341192089845763 -0.187190756885761 6.44990853117697)
(-1.46817678488506 0.0877290296634262 6.62786979814183)
(-0.716262513363267 0.0069611797773503 6.74944834068472)
(-0.284591641458127 -0.284568530881459 6.46214711916592)
(0.651432743784386 -1.74999798100264 0.500003384923553)
(1.31792591978793 -1.74999994117339 0.500001880914133)
(0.223672063559135 -0.553158070386561 0.500024399711113)
(0.999999999999968 -1.00000000000003 0.499999999999968)
(0.651436437522349 -1.74998673881621 1.00002990727749)
(1.31792937140491 -1.74999171976365 1.00001844137493)
(0.223664642163733 -0.553159073692085 1.00002718050244)
(0.999999999999968 -1.00000000000003 0.999999999999968)
(1.65896295989397 -1.65896322529364 0.499999999999967)
(1.74999954882926 -1.31792645058728 0.500001423977396)
(1.65896468570245 -1.65896502896944 0.999999999999968)
(1.74999145870547 -1.31793005793887 1.00001850655345)
(0.418300978715105 -0.42614344768802 0.500038299831091)
(0.550112570136952 -0.233370592259852 0.500041580611353)
(0.59802380266548 -0.00380423016653181 0.500036825719171)
(0.41829072000802 -0.426150987133713 1.00004115203626)
(0.550105945171924 -0.233383872909761 1.00004434511424)
(0.598024493849849 -0.00381716303715127 1.00003881945694)
(1.74999861903275 -0.651433982953122 0.500004084847972)
(1.74999883876233 -2.27756269894305e-06 0.500005750511769)
(1.74998672463539 -0.651438207290909 1.00003063555935)
(1.74998571593721 -2.69056114305582e-06 1.00003431863718)
(0.651449453658391 -1.74994459882004 1.50014070946804)
(1.31794110847756 -1.74996346167049 1.50009151789621)
(0.223665151287475 -0.553158011280467 1.50006390157654)
(0.999999999999968 -1.00000000000003 1.49999999999997)
(0.651487336671802 -1.74980535247191 2.0005300030902)
(1.31797807201509 -1.74986392382941 2.00036366887183)
(0.223671204425802 -0.553153040200362 2.00009967149697)
(0.999999999999968 -1.00000000000003 1.99999999999997)
(1.65897055423878 -1.65897091927779 1.49999999999997)
(1.74996344375422 -1.31794183855557 1.50009161890624)
(1.65898903600754 -1.65898942340224 1.99999999999997)
(1.7498639950108 -1.31797884680448 2.00036362751577)
(0.418287841261854 -0.426152172019194 1.50006953874772)
(0.550103508678496 -0.233387870079311 1.5000666136197)
(0.598024650209494 -0.00382122856270936 1.50005080659169)
(0.418293708089678 -0.426145208035425 2.00009916420224)
(0.550107492540489 -0.233378758521512 2.00008452979051)
(0.598024115078162 -0.00381258832912755 2.00006142699797)
(1.74994480429321 -0.651451212347266 1.50014102680383)
(1.749940987984 -2.54800104931346e-06 1.50015234266915)
(1.74980552146207 -0.651489075457513 2.00052998244719)
(1.74979676055197 -2.34331234512788e-06 2.00055882156517)
(0.651582648959643 -1.74938759666742 2.50175480069313)
(1.31808308421691 -1.74953028548156 2.50130308690182)
(0.223674040016432 -0.553150599222798 2.50012359097606)
(0.999999999999968 -1.00000000000003 2.49999999999997)
(0.651796849269471 -1.74827504258056 3.00520466996464)
(1.31833787279505 -1.74851995429713 3.0042631137724)
(0.22365932454727 -0.553164362389725 3.00036133486669)
(0.999999999999968 -1.00000000000003 2.99999999999997)
(1.65904154210846 -1.65904201480057 2.49999999999997)
(1.74953031757431 -1.31808402960115 2.50130298132447)
(1.65916893639752 -1.65916958379164 3.0003817334281)
(1.74851996390856 -1.31833916758328 3.00426298879506)
(0.418301122618984 -0.426140108035041 2.50011656465173)
(0.550113081060761 -0.233368593918981 2.50010193741036)
(0.598023786978881 -0.00380188780787389 2.50007713350456)
(0.418289819402465 -0.426153244171832 3.00033730157201)
(0.550109789014914 -0.233381134656096 3.00030391950335)
(0.598025691734695 -0.00380949924150601 3.00027046448645)
(1.74938765429388 -0.651584697160126 2.50175466473825)
(1.74937741604977 9.17266006933844e-07 2.50180398945502)
(1.74827504274801 -0.651799579041419 3.00520453338441)
(1.74828396941005 -2.29729166544571e-08 3.00523605063404)
(0.652237278929664 -1.74570205586207 3.51380036754065)
(1.31878056857329 -1.74596707301879 3.51232877486652)
(0.223585943106261 -0.553180434874271 3.50221946237253)
(0.999999999999968 -1.00000000000003 3.49999999999997)
(0.653029857703038 -1.74054251069577 4.03271474086549)
(1.31966570562358 -1.74078536417638 4.03075729089654)
(0.223427119506526 -0.55320993269306 4.01136756772991)
(0.999999999999968 -1.00000000000003 3.99999999999997)
(1.65939028428664 -1.65939136466702 3.50368487706484)
(1.74596713921923 -1.31878272933403 3.51232851673296)
(1.65983285281179 -1.65983523605951 4.01753366714065)
(1.74078559611568 -1.31967047211903 4.03075656442826)
(0.41822728824381 -0.42621014826734 3.50207166459064)
(0.55008697475868 -0.233448796824507 3.5019188384107)
(0.598035428092259 -0.00385532198700079 3.50181053418277)
(0.418067985965639 -0.426341821861282 4.01068984669005)
(0.550033114359905 -0.233612921131718 4.0100385222913)
(0.598068263471739 -0.00394446061449364 4.00964208255919)
(1.74570209308684 -0.652241473586263 3.5138001552402)
(1.74576211649692 -1.94816733370147e-06 3.51371181763656)
(1.7405426980245 -0.653038318218249 4.03271414737401)
(1.74068109031005 -6.94493704823018e-06 4.03234963699239)
(0.654318942864502 -1.73163531471071 4.56944256341724)
(1.3209459460703 -1.73162704552175 4.56750167304313)
(0.223289595556621 -0.553201037649007 4.54349402870746)
(0.999999999999968 -1.00000000000003 4.49999999999997)
(0.656126666938283 -1.71850758517524 5.13242449079072)
(1.32274625643158 -1.71827176453473 5.1309552678636)
(0.223292978263545 -0.551425938755408 5.12824331042285)
(0.999999999999968 -1.00000000000003 4.99999999999997)
(1.66047297303515 -1.66047883172342 4.54598950825948)
(1.73162756666881 -1.32095766344684 4.56749988765351)
(1.66137312821579 -1.66138683985767 5.11281060085321)
(1.71827250219474 -1.32277367971533 5.13095195674489)
(0.417750472805864 -0.42653283258634 4.54098533235112)
(0.54989155123285 -0.233925681670524 4.53861952856938)
(0.598111923284298 -0.00411108056157846 4.53755500662638)
(0.4161359383369 -0.426610336214836 5.11970096714798)
(0.548789013615174 -0.234249844456864 5.11136023217322)
(0.597298522112109 -0.00455454309201659 5.10911260938627)
(1.73163575928029 -0.654339187739356 4.56944105235154)
(1.73183107124289 -2.02801086700756e-05 4.56868749434084)
(1.71850828704546 -0.65617410019023 5.13242148801927)
(1.71867269760663 -5.16554723115973e-05 5.13134209825278)
(0.658259373923004 -1.7023758325027 5.72766900514995)
(1.32498226067601 -1.70221274490639 5.72652558064771)
(0.204212398797799 -0.524479608951825 5.79532698994307)
(0.999999999999968 -1.00000000000003 5.49999999999997)
(0.659871715550317 -1.68680904766757 6.35404883468316)
(1.32683119172794 -1.68636544062679 6.35379197444453)
(0.169358156737082 -0.384629841245075 6.49307608650352)
(0.999999999999968 -1.00000000000003 5.99999999999997)
(1.662491130338 -1.66252018203413 5.70592438532436)
(1.70221321405834 -1.32504036406827 5.72652121524293)
(1.66341559586397 -1.66348077149046 6.34565866714068)
(1.68636501335236 -1.32696154298093 6.353788246474)
(0.401456904841247 -0.415321516331771 5.77475985836037)
(0.531082485645602 -0.240986105112072 5.73515827252095)
(0.585345772355264 0.0037309845958705 5.7367463125779)
(0.247461205545877 -0.354055498543405 6.49841500132699)
(0.512827570946027 -0.250855225814565 6.31637151598193)
(0.570279534731496 0.014649130842475 6.30071504035615)
(1.70237680297569 -0.658360258600524 5.7276638675079)
(1.70239287115306 -0.000116674238068922 5.72655635239547)
(1.68680837129761 -0.660033298950421 6.35404489060249)
(1.6866161539486 -0.00027570903769001 6.35332402432168)
(0.666336760627707 -1.51311532828531 6.67161552094493)
(1.32758251180655 -1.54772258771339 6.67542161592048)
(0.359374856934029 -0.706253107065427 6.79936612737204)
(1.0915822892174 -1.04318655572905 6.60478505197027)
(1.66351996005996 -1.66371117534954 6.67282933357034)
(1.59804301361299 -1.38031982404376 6.66210826787358)
(0.334032674847472 -0.238809549678086 6.47893319093686)
(0.364911611198039 -0.167313404182759 6.47049205533253)
(0.419323741225806 0.00340226799314607 6.42720429817031)
(1.51098202834856 -0.723964089413314 6.59213258425974)
(1.45881710072605 0.0991285519039026 6.59062358248228)
(-1.74999835837331 0.651432796428269 0.500002826761154)
(-0.553149457840389 0.223677864505736 0.499901606252769)
(-1.75000015064513 1.31792591762656 0.500001176908754)
(-1.00000000000003 0.999999999999968 0.499999999999968)
(-1.74998700611992 0.651436959770138 1.00002881450397)
(-0.553152823173928 0.223671675427573 0.999897511847726)
(-1.74999181967636 1.31792958288752 1.0000175375426)
(-1.00000000000003 0.999999999999968 0.999999999999968)
(-0.426137134711579 0.418304344685493 0.499904967027688)
(-0.233365027540453 0.55011437443823 0.499918879159457)
(-0.00379939154460512 0.598023347439208 0.499941387165631)
(-0.426144843394999 0.418294073357747 0.999900768051478)
(-0.233378328994909 0.550107649002164 0.999915758268937)
(-0.00381227336563939 0.59802406745277 0.999939224951477)
(-1.65896333066116 1.65896295881328 0.499999999999967)
(-1.31792666132231 1.74999983777957 0.499999527563439)
(-1.65896505644918 1.65896479144376 0.999999999999968)
(-1.31793011289836 1.74999147911042 1.00001656933069)
(-0.651434395544523 1.74999812853637 0.50000028221098)
(-2.73846663006926e-06 1.74999801407426 0.499999999621976)
(-0.651438089674508 1.74998661234417 1.00002705750899)
(1.27721614245896e-06 1.74998530517476 1.00002938925634)
(-1.74994460757659 0.651450166501202 1.50013959917642)
(-0.553157926599305 0.223665136914642 1.49993421845883)
(-1.74996341019232 1.31794140391136 1.50009071701826)
(-1.00000000000003 0.999999999999968 1.49999999999997)
(-1.74980516609121 0.651487984577958 2.00052926556491)
(-0.55315914898084 0.223664234003573 1.99997352062104)
(-1.7498637804843 1.31797834271927 2.00036315468593)
(-1.00000000000003 0.999999999999968 1.99999999999997)
(-0.426152208721714 0.418287748363536 1.49992614132286)
(-0.233387938780434 0.550103477181424 1.49993219316222)
(-0.00382124028106705 0.598024673247963 1.49994871872826)
(-0.426151346175991 0.418290278493056 1.99995908031133)
(-0.233384423169562 0.550105686811811 1.99995302393442)
(-0.00381767925898535 0.5980245083064 1.99996130334883)
(-1.65897094131236 1.65897070195568 1.49999999999997)
(-1.31794188262472 1.74996318327712 1.50009020263794)
(-1.65898947746772 1.65898917135964 1.99999999999997)
(-1.31797895493545 1.74986364180355 2.00036291765724)
(-0.651451195061842 1.74994423641207 1.50013858451315)
(1.22370005554687e-06 1.74994002717701 1.50014933490232)
(-0.651489420953096 1.74980489313225 2.00052879678856)
(8.04968375976051e-07 1.7497959270669 2.00055748076834)
(-1.74938737904224 0.651583174551738 2.50175449844144)
(-0.553159087578988 0.223668507225972 2.50000152837052)
(-1.74953013892621 1.31808333614509 2.50130286583057)
(-1.00000000000003 0.999999999999968 2.49999999999997)
(-1.74827488533102 0.651797344214839 3.0052046822251)
(-0.553164095950881 0.223660031242353 3.00024208492951)
(-1.74851984855369 1.31833814665715 3.00426310417694)
(-1.00000000000003 0.999999999999968 2.99999999999997)
(-0.426146225895597 0.418297916626789 2.49998357104197)
(-0.233374137609867 0.550111172546957 2.49997642555914)
(-0.00380708044525179 0.598024102556027 2.4999813093809)
(-0.426152620354111 0.418290546458145 3.00020738439094)
(-0.233380127006661 0.550110245701965 3.00018333930777)
(-0.00380837187042161 0.598025677342245 3.00017878360576)
(-1.65904202701506 1.65904166807254 2.49999999999997)
(-1.31808405403012 1.74953006624073 2.50130277415068)
(-1.65916953245548 1.65916907332858 3.00038173342811)
(-1.31833906491097 1.7485198474283 3.00426301464628)
(-0.651585052992052 1.74938722841332 2.5017543308388)
(3.35126357404568e-07 1.74937694191545 2.50180359693723)
(-0.651799654250743 1.74827484235675 3.00520460038723)
(-3.40753160089699e-06 1.74828375155738 3.00523609380855)
(-1.74570195741601 0.652237757420776 3.51380057670756)
(-0.553170630110713 0.223595649446525 3.50209446497698)
(-1.74596701067687 1.31878084801847 3.51232888995009)
(-1.00000000000003 0.999999999999968 3.49999999999997)
(-1.74054245836072 0.653030203191586 4.03271505490574)
(-0.553200342538052 0.223450206994625 4.01123194210293)
(-1.74078533658128 1.3196659486181 4.03075746123263)
(-1.00000000000003 0.999999999999968 3.99999999999997)
(-0.426200025382901 0.418235657033138 3.50193491258178)
(-0.233435791760796 0.550092624594753 3.50179207993424)
(-0.00383923579728741 0.59803600401567 3.50171364348222)
(-0.426318730617504 0.418095507372085 4.01053974864456)
(-0.233567835108189 0.55005831404466 4.00989784893984)
(-0.00387692737588343 0.598074506031447 4.00953309559212)
(-1.65939133749487 1.65939042400924 3.50368487706484)
(-1.31878267498974 1.74596709965638 3.51232862166772)
(-1.6598353569903 1.65983297430905 4.01753366714066)
(-1.31967071398061 1.74078556423141 4.03075673262435)
(-0.652241569696646 1.74570202572114 3.51380035695629)
(-4.85056733958739e-06 1.74576200879097 3.51371207622456)
(-0.653038933860334 1.74054266606162 4.03271441221789)
(-1.01701364485844e-05 1.74068103118853 4.03235001382023)
(-1.73163532207229 0.654319087755215 4.56944286321602)
(-0.553182016541896 0.223373215463617 4.54335932634101)
(-1.73162704451577 1.32094608577677 4.56750184563755)
(-1.00000000000003 0.999999999999968 4.49999999999997)
(-1.71850762861483 0.656126799272701 5.1324247037502)
(-0.551387739311536 0.223496977675432 5.12816264289659)
(-1.71827178518192 1.32274632902372 5.13095539937785)
(-1.00000000000003 0.999999999999968 4.99999999999997)
(-0.426449399796931 0.417865731567887 4.54083201202747)
(-0.233742027017915 0.549998166338035 4.53847193493355)
(-0.00383173680190719 0.59813894264519 4.53743874428452)
(-0.426393913991285 0.416456452961987 5.11959570380049)
(-0.233696547154058 0.549115224612213 5.11124698070324)
(-0.00369054144244114 0.597376008912878 5.10906885129285)
(-1.6604791507888 1.66047304288838 4.54598950825948)
(-1.32095830157759 1.73162756880105 4.56750005063465)
(-1.66138693960688 1.66137316451186 5.11281060085321)
(-1.32277387921377 1.71827246963578 5.13095218625784)
(-0.654340263196783 1.73163573588742 4.56944136286663)
(-2.44261797415295e-05 1.73183105898044 4.56868789566989)
(-0.656174569197298 1.71850825806604 5.13242185846978)
(-5.58846143617028e-05 1.7186727300638 5.13134243466286)
(-1.70237589149944 0.658259746428665 5.72766909925465)
(-0.524403181997255 0.204462670079618 5.79536097035863)
(-1.70221277082208 1.32498234212608 5.72652566029697)
(-1.00000000000003 0.999999999999968 5.49999999999997)
(-1.68680907330276 0.659872200463461 6.35404887722794)
(-0.384394499544033 0.169358422486673 6.4931074219995)
(-1.68636546866443 1.32683143650294 6.35379199753683)
(-1.00000000000003 0.999999999999968 5.99999999999997)
(-0.414973624331912 0.402095655635305 5.77505604546347)
(-0.239855020179453 0.531796937225864 5.73528693593278)
(0.00596449201182739 0.585150388398994 5.73659702419161)
(-0.353827848607937 0.247441195658842 6.49846407233797)
(-0.248939487260438 0.513146679085638 6.31696370120215)
(0.018476826798568 0.569419567937278 6.30101251598268)
(-1.66251956467128 1.66249117106304 5.70592438532436)
(-1.32503912934256 1.70221319746332 5.72652148340295)
(-1.66347769620051 1.66341571825147 6.34565866714068)
(-1.32695539240101 1.68636499928776 6.35378855780025)
(-0.658357882469542 1.70237676267513 5.72766432900266)
(-0.000117411824962826 1.70239292543311 5.72655658061661)
(-0.660026558905369 1.68680842808325 6.3540452501662)
(-0.000265661564796196 1.68661620876171 6.35332414556039)
(-1.51300642818507 0.666326361499092 6.6715564215138)
(-0.704918833781835 0.359097198500786 6.79924695765023)
(-1.54767793666804 1.32761062626275 6.67538726853103)
(-1.04290975121143 1.09148688452934 6.6044313536439)
(-0.237409669411467 0.333438333110276 6.47910030767208)
(-0.166455402824729 0.364134640267869 6.47071361154315)
(0.00689449796027438 0.417392801652007 6.42623186196521)
(-1.6637007524733 1.66351996005996 6.67282933357034)
(-1.3802805820655 1.59807995690555 6.66211552506412)
(-0.723737977520192 1.5110379045271 6.59205004356539)
(0.0992418645197326 1.45908986015557 6.59047809161667)
(0.423110750231952 0.423108844212158 0.499994597376731)
(0.553315907681879 0.226984287183008 0.500020435384231)
(0.226987888421433 0.553314116602204 0.49996794708273)
(0.999999999999968 0.999999999999968 0.499999999999968)
(0.423112974228433 0.423111062937658 0.999994541338541)
(0.553320857387938 0.226978410024537 1.00002151911632)
(0.226981981422527 0.553319068964777 0.999966743434339)
(0.999999999999968 0.999999999999968 0.999999999999968)
(1.74999881872368 0.651433317155311 0.500006849882356)
(1.74999979488437 1.31792609692862 0.500004578807955)
(1.74998728958696 0.651436930836765 1.00003227069538)
(1.74999210955529 1.31792950297055 1.00002035968577)
(0.65143293093827 1.74999842551653 0.499999849310005)
(1.31792592560565 1.749999165209 0.499999189237679)
(0.651437103785324 1.74998660633767 1.00002663661726)
(1.31792955767401 1.74999151003169 1.0000161691611)
(1.65896296280282 1.65896304846431 0.499999999999967)
(1.65896477883701 1.65896475148527 0.999999999999968)
(0.423112828787384 0.423113556058385 1.49999872875726)
(0.553322437317215 0.22697722927048 1.50002812998817)
(0.226977183562474 0.55332249125296 1.49997202637142)
(0.999999999999968 0.999999999999968 1.49999999999997)
(0.423110297054952 0.423114018255222 2.00000333501675)
(0.553319126602183 0.226982034393401 2.0000339937894)
(0.226977984399215 0.553321082338422 1.99997899043985)
(0.999999999999968 0.999999999999968 1.99999999999997)
(1.74994533421544 0.651450059787774 1.50014160209216)
(1.74996403683957 1.3179412969079 1.50009228586755)
(1.74980575112322 0.65148815479144 2.00053009839563)
(1.74986426114259 1.317978320951 2.00036376221234)
(0.651450169106941 1.74994408484058 1.50013846676544)
(1.31794132050817 1.74996306214063 1.50009004474151)
(0.651487859360237 1.74980481504476 2.00052883525647)
(1.31797824351754 1.74986356969877 2.00036290398141)
(1.65897066025409 1.65897064845395 1.49999999999997)
(1.65898912175877 1.6589891604755 1.99999999999997)
(0.423108181413624 0.423112166933702 2.50001973950774)
(0.55331494358523 0.226987284258908 2.50004673429206)
(0.226982917930555 0.553316919095844 2.49999675855986)
(0.999999999999968 0.999999999999968 2.49999999999997)
(0.423110347590129 0.423110280598976 3.00021544946049)
(0.553317559209846 0.226983926546209 3.00024164705665)
(0.226984846572619 0.553317136867081 3.00019231294512)
(0.999999999999968 0.999999999999968 2.99999999999997)
(1.74938766966333 0.651583319970066 2.50175475003469)
(1.74953035252466 1.31808324882096 2.50130304617381)
(1.74827500814116 0.651796889632762 3.00520468845293)
(1.74851991943902 1.31833771328454 3.0042631429247)
(0.651582994770854 1.74938722579156 2.50175437464473)
(1.31808324044698 1.74953004510637 2.50130280276501)
(0.651796862735341 1.74827481896158 3.00520469129554)
(1.31833786196556 1.74851979783364 3.00426314264719)
(1.65904162022349 1.65904162441048 2.49999999999997)
(1.65916893098278 1.65916885664227 3.0003817334281)
(0.423121011474054 0.423108230770901 3.50172466714339)
(0.553334315545785 0.226965186588482 3.50175537818042)
(0.2269820726911 0.553328268445393 3.50170313243505)
(0.999999999999968 0.999999999999968 3.49999999999997)
(0.423144697302865 0.42308620772407 4.00948331871827)
(0.553367447476788 0.22693674808306 4.00951316341013)
(0.227016937063277 0.553342147011859 4.00945377268626)
(0.999999999999968 0.999999999999968 3.99999999999997)
(1.74570200378562 0.652235805428757 3.51380049149059)
(1.74596699126249 1.3187795224934 3.51232896830321)
(1.74054236916808 0.653024010934421 4.03271515453235)
(1.74078515891737 1.31966199816842 4.03075789938891)
(0.652235818253262 1.74570188280183 3.51380073626659)
(1.31877968461319 1.74596691952623 3.5123291114866)
(0.653023574420562 1.74054229692387 4.03271554447926)
(1.31966199668176 1.74078511608492 4.03075812851579)
(1.6593898423066 1.6593897612467 3.50368487706484)
(1.65983099834088 1.65983099908421 4.01753366714065)
(0.423200399700891 0.422956475147064 4.53787654553492)
(0.55340277978588 0.226932598731383 4.53766710371684)
(0.227245395639086 0.553276010877294 4.53760246298392)
(0.999999999999968 0.999999999999968 4.49999999999997)
(0.42268256907683 0.421879426555987 5.11603385684176)
(0.552425391220292 0.226712781651374 5.11369288274077)
(0.227737756675325 0.552074250963591 5.11366805273095)
(0.999999999999968 0.999999999999968 4.99999999999997)
(1.73163500264642 0.65430113280652 4.56944362981391)
(1.73162658565219 1.32093503614164 4.56750321840821)
(1.71850708924331 0.656080959078302 5.1324266379443)
(1.71827109925225 1.3227185154161 5.13095819732651)
(0.654300207705965 1.73163500572562 4.56944401476475)
(1.3209348664131 1.73162658390358 4.56750345143132)
(0.656080532374679 1.71850715886365 5.13242688207789)
(1.32271867902217 1.71827115176324 5.13095832427192)
(1.66046743320655 1.66046751807082 4.54598950825948)
(1.66135933951109 1.66135925770805 5.11281060085321)
(0.408590359088427 0.406193174693186 5.78553437581414)
(0.533965201032243 0.223835478032889 5.76546715716583)
(0.225888451250552 0.532887280611721 5.76619502356351)
(0.999999999999968 0.999999999999968 5.49999999999997)
(0.292372747074477 0.289685491602975 6.50620445364439)
(0.378138997139845 0.234328173640841 6.49737337613681)
(0.238256805096246 0.372880015540357 6.49765633765171)
(0.999999999999968 0.999999999999968 5.99999999999997)
(1.70237511797964 0.65815717304877 5.72767278108685)
(1.70221234996186 1.32491960717664 5.72652943005692)
(1.68680964304811 0.659702763192739 6.35405158812116)
(1.68636587066177 1.32667844077759 6.35379522288111)
(0.658159643866857 1.7023752547246 5.72767274161527)
(1.32492144551699 1.70221243076033 5.72652938921249)
(0.659710013546403 1.6868096777717 6.35405146739043)
(1.326685841576 1.68636592681841 6.35379505410135)
(1.6624607227585 1.66245980358832 5.70592438532436)
(1.663342920788 1.66333922038879 6.34565866714067)
(0.319098868994173 0.323365535040276 6.80871261541885)
(0.708840023510481 0.311654643127063 6.7769480659318)
(0.311353658613256 0.7092956546098 6.77871879558868)
(0.894806914258528 0.895572827536741 6.65026167550111)
(1.53525701937113 0.733382005935176 6.67050868150603)
(1.5712755131936 1.32564594727618 6.67359203132734)
(0.733511561708437 1.53532500263231 6.67051751153428)
(1.32567232660944 1.57158917592712 6.6735922245881)
(1.6632939082381 1.66328087964281 6.67282933357034)
(0.352093136802606 -1.27547348708064 -6.51834191668541)
(0.180392422880767 -1.2291343926772 -6.19037804231406)
(0.511935563274993 -0.51624203646219 -6.11561790156744)
(0.352369180941541 -1.25888928362117 -5.78765237871799)
(0.352290398125849 -1.25898445890139 5.78771655154179)
(0.180358865121494 -1.22914038329028 6.19037822409173)
(0.511916401634939 -0.516260411291624 6.1156318702402)
(0.352076812938717 -1.27548162273276 6.51834224013891)
(-1.27548165058264 0.35207674928547 -6.51834224275065)
(-1.22914018155263 0.180358344343716 -6.19037823779642)
(-0.516260455121595 0.51191634282775 -6.11563186300686)
(-1.25898448878624 0.352290340407189 -5.7877165498806)
(0.777381418635268 0.593842022314867 -6.4665493216396)
(0.597088380039776 0.774174698342522 -6.46641539357276)
(-1.2588837556227 0.352379871636816 5.78765268676399)
(-1.22913130345702 0.180412319571135 6.19037789193727)
(1.20253183428896 0.349019711591916 -6.48776814287562)
(1.35743749139081 0.183552235002698 -6.07519988926965)
(0.351574837958788 1.1999006005568 -6.48795054506763)
(0.184271811808878 1.35376965028206 -6.07496732467544)
(-0.516233919866938 0.511946452471757 6.11561924078964)
(1.24214244922825 0.350151041090561 -5.78920203111674)
(-1.27550741018829 0.352204495818366 6.51832909891815)
(0.351225698462943 1.24110311238642 -5.78930806033441)
(1.24210429341728 0.350187474134237 5.78920600536705)
(1.35730902022705 0.183576649252275 6.07519187013869)
(0.35118621941753 1.24113838652471 5.78930454429206)
(0.184245382050995 1.35390024245704 6.07497573132857)
(0.777265328711496 0.593957602911613 6.46654577853853)
(0.596970898898456 0.774288870786255 6.46642070536056)
(1.20243552284982 0.349108615172956 6.48777479862792)
(0.351481688944558 1.19999235341608 6.48794426153608)
(-0.165108243495038 -1.27573897274471 -6.5325443643964)
(-1.27573672554135 -0.165128696601027 -6.5325443643964)
(-0.482460823107647 -0.482482308505575 -6.3125)
(0.197597525654057 -1.30482954151988 -6.54690748741707)
(0.660811974762821 -1.38341713415506 -6.52983998632236)
(0.510693956017818 -0.529988013541244 -6.40161504870937)
(0.195161684395948 -1.23973549480989 -5.88773767443168)
(0.665141375122467 -1.35450988990669 -5.78522784848088)
(0.498178354269473 -0.507434426455077 -5.84592895997309)
(-1.304835054776 0.19757713274144 -6.54690753957183)
(-1.38342156751376 0.660803189639358 -6.52984002255183)
(-0.529996398044595 0.510681904517332 -6.40162407063834)
(-1.23976106697465 0.195096501563067 -5.88777944085013)
(-1.35453709937926 0.665090454974434 -5.78526265745835)
(-0.507438263423211 0.498147182118144 -5.84603178604881)
(0.556020972396158 0.550688583226539 -6.49329647152124)
(1.28432035080884 0.193400358230563 -6.48189246059094)
(1.27861633260598 0.647155198885166 -6.5204535424731)
(0.194746436681659 1.28265350436105 -6.48188744435071)
(0.649056001734452 1.27669351132925 -6.52045838988562)
(1.24659854099647 0.19126966995894 -5.8153076654268)
(1.34539421317487 0.664001045664189 -5.78533099255564)
(0.191889016137277 1.24568790034436 -5.815295011889)
(0.664609255106098 1.34478992812905 -5.7853427735798)
(-0.165128084465542 -1.27573692629806 6.53254436439639)
(-1.27574247402257 -0.165096641034394 6.53254436439639)
(-0.482482225841388 -0.482460708243877 6.3125)
(0.195096918325969 -1.23976111407989 5.88777938899952)
(0.665090488308149 -1.3545370841257 5.78526265764263)
(0.498147215572819 -0.507438246620194 5.84603178685285)
(0.197577459085426 -1.30483513036676 6.54690753794018)
(0.660803223632459 -1.38342155248631 6.52984002226162)
(0.510681937971996 -0.529996381241567 6.40162407144201)
(-1.23973407368488 0.195172247039914 5.88773305853124)
(-1.35450706590668 0.665147548168957 5.78522788270825)
(-0.507431314833232 0.498184549371655 5.84592910877581)
(-1.3048494660103 0.197664333246903 6.54690619060265)
(-1.38343663329408 0.660873914395434 6.52983856212598)
(-0.530002841602179 0.51074473233719 6.40161519751121)
(1.24656571700494 0.191290670015685 5.81530726093713)
(1.34537201664692 0.664021666366175 5.78533143413868)
(0.191866264059465 1.24571940239969 5.81529550095064)
(0.664586911659405 1.34481042017108 5.78534238290899)
(0.555826515729387 0.550874006419008 6.49329664838991)
(1.28425991287849 0.193447260025277 6.48189232425273)
(1.27854656024054 0.64722308133929 6.52045385373821)
(0.19469733835377 1.28271197463337 6.48188765666287)
(0.648987266313358 1.27676224425736 6.52045829271123)
(-2 -2 -6.67282933357035)
(-1.37971175551019 -2 -6.68574151141253)
(-2 -1.37971092103375 -6.68574131629543)
(-0.780481410083478 -0.779982953949043 -6.93221910326973)
(-0.650897063576801 -2 -6.67719684973608)
(-0.187185848500776 -0.331496164332152 -6.5)
(0.0722523971893295 -2 -6.69370646804195)
(-0.034696472854635 -0.672180154486976 -6.93727230796164)
(-0.0650472566947825 -0.367166977150318 -6.5)
(0.017764284828582 -0.385592546682381 -6.5)
(-2 -0.650865124008575 -6.67719842853768)
(-0.331478701484867 -0.187221160954339 -6.5)
(-2 0.0722453249320582 -6.6937029541571)
(-0.672059399808377 -0.0347552148715142 -6.93723889623263)
(-0.367168443115618 -0.0650744624094688 -6.5)
(-0.385590660703932 0.0177218068144167 -6.5)
(-0.260392577113287 -0.260404290075565 -6.5)
(-0.319179749031078 -0.319200357015057 -6.343115201758)
(-0.184202077129389 -0.443788122533434 -5.79139319188956)
(0.0124538653648543 -0.485410001773824 -5.79512385358133)
(-0.191854875564066 -0.459874703187248 -5.12883130692731)
(-0.00224660572473941 -0.498996025610484 -5.13092010223473)
(-0.443771951201357 -0.184193102776952 -5.79143199878675)
(-0.485396586631712 0.0125109903954753 -5.79526726335338)
(-0.459866026158874 -0.191833441526752 -5.12888608206416)
(-0.498994067814091 -0.00218435908909496 -5.13102143232269)
(-0.340722048017334 -0.340727246914056 -5.76735687797351)
(-0.352584125694143 -0.352586854966554 -5.12857101697328)
(-0.192596382859816 -0.460748425138241 -4.54523951440932)
(-0.00331670256096157 -0.49996411163561 -4.5448043599015)
(-0.192711240921519 -0.460711574270293 -4.01197390729686)
(-0.00331606783418822 -0.499980034781014 -4.01173542308244)
(-0.46074932887029 -0.192592165940599 -4.54529166570584)
(-0.499963821397432 -0.00329224440699079 -4.54489868483622)
(-0.460726314330483 -0.192727626008436 -4.01202439426973)
(-0.499980245583264 -0.00332073688701531 -4.01182776651584)
(-0.353531167823362 -0.353536973987903 -4.54525308142693)
(-0.353547836389199 -0.353558247963728 -4.01204516269101)
(-0.192727332869008 -0.460757722987476 -3.50229390412896)
(-0.00326483262245758 -0.499981104972919 -3.50222276473117)
(-0.19272277014705 -0.460768604018017 -3.00030621018792)
(-0.00323691358763209 -0.499981324802186 -3.00027571943544)
(-0.460745650925656 -0.192733254208018 -3.50234299461793)
(-0.499980859421928 -0.00327200340721065 -3.50231326842406)
(-0.460768543493692 -0.19272290914934 -3.00035516658584)
(-0.499981324451838 -0.00323685809393748 -3.00036692265169)
(-0.35354891226969 -0.353557859251851 -3.50233389143291)
(-0.353552975808572 -0.35355379355839 -3.00033268390595)
(-0.192716291179162 -0.460752777701327 -2.50005329557672)
(-0.00323154908045331 -0.499981133960798 -2.50002669382337)
(-0.192707327714348 -0.460734944850478 -2.00002491069461)
(-0.00323003896602553 -0.499980709284015 -1.99999537090943)
(-0.460764732777095 -0.192710711336737 -2.50010407267772)
(-0.499981394085852 -0.0032238045152515 -2.50011742914014)
(-0.460720446416147 -0.192690469456706 -2.00007558973204)
(-0.499980535477846 -0.00321977056560149 -2.00009179617932)
(-0.353557066241458 -0.353549791511995 -2.50007686492835)
(-0.353556480156748 -0.353550326356964 -2.0000500482305)
(-0.192695338001911 -0.460719637994577 -1.49997437560796)
(-0.00322468223704917 -0.499980067334714 -1.49995044823999)
(-0.192690788041169 -0.460720312308735 -0.99992402182883)
(-0.00321981388621895 -0.499980534836101 -0.999911481300748)
(-0.460719812238144 -0.192694924476326 -1.50002584176109)
(-0.499980068885512 -0.00322448161527045 -1.50005020140605)
(-0.460735109615191 -0.192706935383994 -0.999976070083201)
(-0.499980711363972 -0.00322970949108833 -1.00000573056811)
(-0.353553958276242 -0.353552810808305 -1.50000141644926)
(-0.353550655983429 -0.353556150748694 -0.99995132744892)
(-0.192710115867793 -0.460764980615638 -0.499925124932792)
(-0.00322218214073537 -0.499981403769341 -0.499914656829936)
(-0.192717967309849 -0.460770610130602 2.33535564056196e-05)
(-0.00322588962063531 -0.499981395068223 4.40236409830338e-05)
(-0.460753189652807 -0.192715305951386 -0.49997427514423)
(-0.499981146012593 -0.00322960053202433 -0.500002962960789)
(-0.460770664838372 -0.192717835614073 -2.22351580897072e-05)
(-0.499981395954974 -0.00322574147116613 -4.37883629645896e-05)
(-0.3535491903865 -0.353557666645733 -0.49995127930258)
(-0.353553047159536 -0.353553721925552 2.15162281091446e-06)
(0.666191947424009 -2 -6.67721296761981)
(0.356416542783555 -0.666513147845628 -6.99284863812264)
(1.32757990472238 -2 -6.67689705394076)
(1.0879235157991 -0.975958791792258 -6.9961767762309)
(0.159700583263612 -0.351402448779034 -6.5)
(2 -2 -6.67282933357035)
(2 -1.37679092849384 -6.68465880429724)
(0.33584488984019 -0.216283012881535 -6.5)
(0.360204087378699 -0.159508931782265 -6.5)
(0.225689732400831 -0.326354315635882 -6.5)
(0.421029573554471 -0.201966799953865 -6.30397362871572)
(0.400605628666067 -0.0116288923803836 -6.5)
(0.465777516103045 0.00482284612997244 -6.30109069880903)
(2 -0.708900046031125 -6.68511577638939)
(2 0.0736823584493722 -6.69479815844938)
(0.173649918007588 -0.447717625660747 -5.78944305558545)
(0.186758086969983 -0.462350629062421 -5.12690299578677)
(0.341470870175935 -0.345470678262866 -5.76935574896127)
(0.448471239103681 -0.200168593684388 -5.73120005861145)
(0.491399146618785 -0.000213177741961919 -5.73263827986301)
(0.349108715754508 -0.356506636255045 -5.1184892842041)
(0.45920686113857 -0.195835673374344 -5.1104458114729)
(0.499333565384284 -0.00407072337267824 -5.10819053897456)
(0.186963455289134 -0.463381924663603 -4.5432920298702)
(0.187058767306981 -0.463353567444094 -4.01124141950038)
(0.349740069452351 -0.357058067633618 -4.54078295767616)
(0.459962938984574 -0.195656694333394 -4.53843913823952)
(0.49996888303875 -0.00349436038502004 -4.53740207283328)
(0.349937352941053 -0.356874692205474 -4.01055265736723)
(0.460080277332414 -0.195410320646219 -4.00991072039483)
(0.499981975665359 -0.00333785027433903 -4.009544194739)
(0.187171969299565 -0.463302291623573 -3.50209733317007)
(0.187221468110802 -0.463289685505496 -3.00024158245836)
(0.350055045418497 -0.356757228803414 -3.5019386115033)
(0.460134451789943 -0.195282913198562 -3.50179601284978)
(0.499982706602807 -0.00326650992704968 -3.50171714884995)
(0.350098352986674 -0.356714767900364 -3.00020744714432)
(0.460154696667868 -0.19523473070428 -3.00018382422144)
(0.499982966033463 -0.00323354787656663 -3.00017935154129)
(0.187227088015653 -0.463285351207217 -2.50000360034892)
(0.187223984549993 -0.463287700921846 -1.99997377696249)
(0.350103638053158 -0.356710969157241 -2.4999861101988)
(0.460156066926111 -0.195231163216458 -2.49997666238564)
(0.499982900256281 -0.0032325027872457 -2.49998175695821)
(0.350097903016022 -0.35671733495643 -1.99995974352321)
(0.460151857104205 -0.195241148111338 -1.9999565961952)
(0.499982717814187 -0.00324216274524817 -1.99996215247723)
(0.187225487549321 -0.463288478573829 -1.49993578489761)
(0.187230563003732 -0.463283277507947 -0.999902477603148)
(0.3500965337008 -0.356719152452669 -1.49993031017644)
(0.460150401000514 -0.195244626139026 -1.49993333782954)
(0.499982649970621 -0.00324548734535529 -1.49994942408762)
(0.350101826452554 -0.356711850841081 -0.999902593607584)
(0.460154064507655 -0.195236101348031 -0.999916619890976)
(0.499982770782966 -0.00323769905053912 -0.999939446463746)
(0.187234212018679 -0.463276952422213 -0.499905685309827)
(0.187236275717605 -0.463283664814536 5.78184489350268e-05)
(0.350109539580468 -0.356703492355661 -0.499906207203327)
(0.460159371512362 -0.195224005121883 -0.499919497473943)
(0.499982956664011 -0.00322641084114533 -0.499941359474146)
(0.350111078930396 -0.356702234138007 6.30024872390806e-05)
(0.460160796762691 -0.195220308887327 6.09659801897147e-05)
(0.499983027815229 -0.00322285518301998 4.67653880035814e-05)
(-2 0.666186379851883 -6.67721274297376)
(-0.666175616025869 0.356382677775536 -6.99279692679615)
(-2 1.32758112033154 -6.67689708556126)
(-0.975623628855927 1.08778428009453 -6.99611286069536)
(-0.351207457117087 0.159592207327246 -6.5)
(-0.21500477277719 0.335161753433412 -6.5)
(-0.158688932244363 0.359366046580419 -6.5)
(-0.326222340773173 0.22552100273377 -6.5)
(-0.200536355039068 0.421215600111605 -6.30443379506761)
(-0.00815964665121303 0.398243705741314 -6.5)
(0.00809355782627703 0.46482257697863 -6.30143921345308)
(-2 2 -6.67282933357035)
(-1.37675339038416 2 -6.68465296199685)
(-0.708717804489147 2 -6.68505676650664)
(0.0737499455950823 2 -6.69481189368172)
(-0.447627828783076 0.173808855487236 -5.78958297810346)
(-0.462286653566757 0.186906280294407 -5.12702616277367)
(-0.34504147748328 0.341860767577204 -5.76957680376248)
(-0.199147204652258 0.448870765910766 -5.73138660883148)
(0.0017127237155958 0.491103164781638 -5.73248555983108)
(-0.356282327542373 0.349332822663827 -5.11860394312832)
(-0.195344316041256 0.459403502844061 -5.11052619521461)
(-0.00331641379693169 0.499320598306484 -5.10828303209295)
(-0.463359253516227 0.187018576191265 -4.54340539377486)
(-0.463354829128112 0.187059813497042 -4.01135962133438)
(-0.356984217763648 0.349814399648699 -4.54089656716473)
(-0.19550216536267 0.460027709058521 -4.53853479958223)
(-0.0032485515231152 0.499969789810126 -4.53746785819942)
(-0.356865435764208 0.349948327024889 -4.01067710973642)
(-0.195381385653901 0.460092403287807 -4.01002090079449)
(-0.00328936756383417 0.499982210528494 -4.00962500717969)
(-0.463308923363875 0.18716919250827 -3.50221664407601)
(-0.463289559130652 0.187221783024774 -3.00036063104584)
(-0.356759511442707 0.350054421496504 -3.50206680851503)
(-0.195280782604831 0.460135076352339 -3.50191270215462)
(-0.00326038149302168 0.499982718308449 -3.50180475513719)
(-0.35671435519864 0.3500987730082 -3.00033591375659)
(-0.195233845573581 0.460155071143028 -3.00030185856427)
(-0.00323209923676075 0.499982973660108 -3.00026855563012)
(-0.463277883604923 0.187231921958627 -2.50012421985811)
(-0.463283372994194 0.18723032863146 -2.00010354845045)
(-0.356705488934696 0.350107512271294 -2.50011676700293)
(-0.195226352354687 0.460158378629798 -2.5000988538144)
(-0.0032280893002701 0.499982947280007 -2.50007389630513)
(-0.356712097070201 0.350101577079379 -2.00010013904653)
(-0.19523638852701 0.460153942936975 -2.0000851709396)
(-0.00323796370560982 0.499982769602247 -2.00006174569116)
(-0.463288485922494 0.187225469802039 -1.50006529532478)
(-0.463287592624848 0.187224250965162 -1.00002793510888)
(-0.356719214572891 0.350096471032069 -1.50007364169865)
(-0.195244698301529 0.460150370451614 -1.50006781178421)
(-0.00324559411851084 0.49998264938483 -1.50005158502958)
(-0.356717148310399 0.35009809266739 -1.00004244007569)
(-0.195240956695654 0.460151938089533 -1.00004819039793)
(-0.0032420128398799 0.499982718435355 -1.00003961539718)
(-0.463284353039037 0.187229543689072 -0.500024486999713)
(-0.463283620219414 0.187236385347238 -5.83713768326259e-05)
(-0.356708916064176 0.350105723003674 -0.500039048405244)
(-0.195228755084945 0.460157085441622 -0.500042316662223)
(-0.00323061269252033 0.499982910688135 -0.500037129433016)
(-0.356702190097036 0.350111123007161 -6.64149980343176e-05)
(-0.19522030433048 0.46016079871757 -6.15316359505876e-05)
(-0.00322283857666227 0.499983027456186 -4.67661891340358e-05)
(0.230387396661423 0.233016197289041 -7)
(0.691808606380408 0.252968397316294 -7)
(0.253651520951991 0.691796900140461 -7)
(0.89513301112721 0.895101033931382 -6.98679512971964)
(0.255333614074329 0.252584032174904 -6.5)
(0.344923178093802 0.191634047161536 -6.5)
(0.196792421690772 0.340383582205524 -6.5)
(2 0.728254509109816 -6.69294805086424)
(2 1.32565281180855 -6.67690032053975)
(0.728336690186086 2 -6.69298653290476)
(1.32568111934299 2 -6.67690021415431)
(2 2 -6.67282933357035)
(0.340785011435532 0.338438703474096 -5.77843515548116)
(0.450128159385355 0.181492216983192 -5.75938404183905)
(0.183324721179181 0.449039405975543 -5.76014372755549)
(0.353146341388049 0.352400340923462 -5.11466063541063)
(0.461933764721388 0.188643392782034 -5.11252638910825)
(0.189508553870212 0.461553190417527 -5.11256690611387)
(0.353652750083355 0.353431471965236 -4.53778801674892)
(0.462432541582682 0.18958262360846 -4.537541193869)
(0.189854611242764 0.462320460812373 -4.53757336894298)
(0.353580614611547 0.35352624440049 -4.00948225551287)
(0.462427352980717 0.189629892241966 -4.00946050885477)
(0.189691578793724 0.462402025807026 -4.00950290111062)
(0.353557244037096 0.353549525588569 -3.50172426230099)
(0.462415028474815 0.189659940261311 -3.50170523008564)
(0.189668987807823 0.462411282175124 -3.50175192593139)
(0.353554442942539 0.3535523260226 -3.00021515412968)
(0.462409081734681 0.189674452045672 -3.00019268821601)
(0.189676151914016 0.462408383467967 -3.00024040252026)
(0.353555077732287 0.353551691388369 -2.5000199156764)
(0.462409267071733 0.189673904899927 -2.49999719048714)
(0.189677505251584 0.462407824105709 -2.50004935115383)
(0.353554910719066 0.353551858380016 -2.00000371080192)
(0.462411322764898 0.189668787273649 -1.99997958750417)
(0.189672028319996 0.46241002618593 -2.00003426732528)
(0.353552886202785 0.353553882882036 -1.5000018266002)
(0.46241179085734 0.189667631120334 -1.49997237134212)
(0.189667420382158 0.462411877492084 -1.50002850641226)
(0.353551774418125 0.353554994676852 -0.999997385331611)
(0.462409943100209 0.189672230428324 -0.999966714912383)
(0.189668819662228 0.46241130928138 -1.00002182376707)
(0.353552637668271 0.353554131440174 -0.499994159307897)
(0.462407574877784 0.189678114069389 -0.499967536932628)
(0.189674881597022 0.462408865950076 -0.500020256866872)
(0.353553819463091 0.35355294962187 1.75261350245336e-06)
(0.462407036846425 0.189679436461745 2.5998247870383e-05)
(0.189679519738768 0.462407002043515 -2.54676536691454e-05)
(-0.1927155039586 -0.46075310649255 0.499975561100041)
(-0.00322972743627735 -0.499981145276368 0.500003829146858)
(-0.192707220605588 -0.460734989563408 0.999976361950663)
(-0.00322983598442342 -0.499980710550289 1.00000584097858)
(-0.460765076856069 -0.192709884166973 0.49992801974428)
(-0.49998140514753 -0.0032219824538574 0.499910901679214)
(-0.460720476668535 -0.192690396801593 0.999925910532549)
(-0.499980536790516 -0.00321956344429773 0.999907057803943)
(-0.35355785048111 -0.353549006277847 0.499952324301882)
(-0.353556460658597 -0.353550345817801 0.999951312689089)
(-0.19269527822991 -0.460719663343744 1.50002486150488)
(-0.00322465419263708 -0.499980067546691 1.50004898403195)
(-0.19269076970116 -0.460720320179449 2.00007454260338)
(-0.00321995193005539 -0.499980534006943 2.00009021716303)
(-0.4607198010995 -0.192694951585567 1.49997328180177)
(-0.499980069082237 -0.00322446084100743 1.4999491058391)
(-0.460735040279358 -0.192707101229183 2.00002485454898)
(-0.499980710084866 -0.00322991954812443 1.99999530426136)
(-0.353553912524025 -0.353552856560462 1.49999767337479)
(-0.353550563871555 -0.353556242649586 2.00004968114753)
(-0.192710841645032 -0.460764678289692 2.50010425650958)
(-0.00322393575105315 -0.499981393091533 2.50011700030479)
(-0.192723108758317 -0.46076845995336 3.00035649703969)
(-0.00323712047531665 -0.499981322737964 3.00036801644604)
(-0.460752828515654 -0.19271617044662 2.50005453928011)
(-0.499981134496011 -0.00323144521536966 2.50002504141865)
(-0.460768673216961 -0.192722604704287 3.00030767208721)
(-0.499981326624982 -0.00323663400472958 3.00027677007447)
(-0.353549894572413 -0.353556963446381 2.50007782839995)
(-0.353553931844993 -0.353552837527624 3.00033423917053)
(-0.192734514337065 -0.460745124056089 3.5023448500518)
(-0.00327391170687936 -0.499980846629378 3.50231576926828)
(-0.192738090726288 -0.460721943484974 4.01202603339693)
(-0.00333012778120059 -0.499980189452656 4.01183223472715)
(-0.460757947626754 -0.192726795755722 3.50229427141327)
(-0.499981111391126 -0.00326378675506153 3.50222202976969)
(-0.460713028826347 -0.192707748544041 4.01197232223931)
(-0.499980028963492 -0.00331474115901395 4.0117309754279)
(-0.353558481372281 -0.353548289913075 3.50233479370374)
(-0.353560612075884 -0.353545471762878 4.01204525779668)
(-0.192605075221196 -0.460743977684169 4.54528886413975)
(-0.00332389403239023 -0.499963736590509 4.54489938890834)
(-0.191851458332706 -0.459858859986107 5.12887057075352)
(-0.00224881157011595 -0.498995089720078 5.13099513482988)
(-0.46075354032422 -0.192584011927724 4.54523787246503)
(-0.49996419168171 -0.00328584002102666 4.54479961460866)
(-0.459885587287223 -0.191828137391943 5.12883697105889)
(-0.498995036755855 -0.00218038699065032 5.13093431241325)
(-0.353543037200634 -0.353525104709453 4.54525107161222)
(-0.352596518427629 -0.352574624464492 5.12856361409469)
(-0.184213088989081 -0.443765151752259 5.79141136452434)
(0.0124431533562537 -0.485411929088882 5.79516479135532)
(-0.0650743573323619 -0.367167543290023 6.5)
(0.0177226148798543 -0.385590848055664 6.5)
(-0.443796926661642 -0.184179711919104 5.7913973754598)
(-0.485392628383199 0.0125267225707792 5.79521245914948)
(-0.367171365462368 -0.0650368798674551 6.5)
(-0.385586619904901 0.0177789323910959 6.5)
(-0.340736968361412 -0.340713493913231 5.76734777834832)
(-0.319202817944831 -0.319174781151176 6.3431194612449)
(-2 -2 6.67282933357034)
(-1.37971090168159 -2 6.68574122940839)
(-2 -1.37971156424698 6.68574153264251)
(-0.779987591948334 -0.780480864291187 6.93221980750805)
(-0.650866567202262 -2 6.67719828848565)
(0.0722517980479796 -2 6.69370619795283)
(-0.187219915289541 -0.331477241389735 6.5)
(-0.0347280781111542 -0.672170880146401 6.93726586646436)
(-2 -0.650896927198289 6.67719694118787)
(-0.331493029938571 -0.187178322587185 6.5)
(-2 0.0722128115314959 6.69368670512988)
(-0.672103674482309 -0.0346905967930165 6.93724968684595)
(-0.260406237000537 -0.260387451361954 6.5)
(0.187229496054824 -0.463284372224294 0.500024454793661)
(0.187224242066495 -0.463287596126938 1.00002737704978)
(0.350105713491999 -0.356708925604478 0.500038399811042)
(0.46015709148299 -0.195228740906269 0.500041607368157)
(0.499982911052878 -0.00323060031713741 0.500036758333993)
(0.350098126133709 -0.356717115240585 1.00004130984853)
(0.460151969126648 -0.19524088317171 1.00004437104962)
(0.499982719173141 -0.00324194265296783 1.00003876564099)
(0.18722548399977 -0.463288480099971 1.50006380736855)
(0.187230296851858 -0.463283385923432 2.00009921439874)
(0.350096522588311 -0.356719163425492 1.50006945467203)
(0.460150393058852 -0.195244644883214 1.50006659824427)
(0.499982649662783 -0.00324555064087644 1.5000508170936)
(0.350101579275985 -0.356712094370323 2.00009883968464)
(0.460153942300382 -0.195236390339547 2.00008449291029)
(0.499982769487206 -0.00323793544846727 2.0000614875041)
(0.187231801045359 -0.463277932930502 2.50012366434124)
(0.187221342161874 -0.463289738401102 3.00036176202948)
(0.350107430250804 -0.356705569484428 2.50011654961169)
(0.460158345335437 -0.195226431296604 2.50010189152556)
(0.499982946998646 -0.00322814371331095 2.5000771384564)
(0.350098289919544 -0.356714831231579 3.00033746021884)
(0.46015472765979 -0.195234657562587 3.00030375462274)
(0.499982967750893 -0.00323324783907363 3.0002702434943)
(0.18716640693717 -0.463310055175055 3.50222017070274)
(0.187050296432097 -0.463358722422369 4.01136832997003)
(0.350051008043824 -0.356762871796431 3.50207184312349)
(0.460132605209773 -0.195286628188079 3.50191828313787)
(0.499982669870886 -0.00326915890625034 3.50180980674002)
(0.349933252065699 -0.356880323310873 4.01068990188729)
(0.460078694637009 -0.195413892285533 4.0100365426571)
(0.499981941975956 -0.00333905000002172 4.00963931503392)
(0.186959920707549 -0.463383374407216 4.54341493935438)
(0.186758994742919 -0.462350661247034 5.12700269791216)
(0.349740005775353 -0.357058096581754 4.54091509805034)
(0.459964617208356 -0.195652737087997 4.53856008285791)
(0.499968944407912 -0.00348542922336845 4.5374934415272)
(0.349113676001777 -0.356501671047307 5.11859671375891)
(0.459213248627495 -0.195820922537668 5.1105441295981)
(0.499332980672606 -0.00404470864197161 5.10826463225052)
(0.173643554292902 -0.447726533419317 5.78949780435967)
(0.159670714428664 -0.351409559627536 6.5)
(0.341474169662899 -0.345466587342131 5.76941958312045)
(0.448480623895911 -0.200146435160953 5.73125802162772)
(0.491387314529714 -0.000161732162677403 5.73267617533863)
(0.225653888367375 -0.32635526525888 6.5)
(0.421022296354474 -0.201933919136467 6.30408096203732)
(0.465747715973754 0.00489287655707057 6.30108879031899)
(0.666192525607972 -2 6.67721301577848)
(1.32758004532625 -2 6.67689706460329)
(0.35638834336279 -0.666506220756353 6.99284635733056)
(1.08790591839771 -0.975947757830273 6.9961751456435)
(2 -2 6.67282933357034)
(2 -1.37678951902939 6.68465869988508)
(0.335816667606837 -0.216280288351753 6.5)
(0.360160714254271 -0.159485833045433 6.5)
(0.400541923382496 -0.0115824551195129 6.5)
(2 -0.70889763121684 6.68511505283335)
(2 0.0736842253084396 6.69479796504241)
(-0.463276903445929 0.187234332196126 0.499901566975043)
(-0.463283257810249 0.187230611757017 0.999897975652903)
(-0.356703448968541 0.350109583474553 0.499904982632482)
(-0.195224020276197 0.460159365143241 0.499918891032533)
(-0.00322644892133665 0.499982956195304 0.499941331948207)
(-0.356711861787833 0.350101815957078 0.999901093021646)
(-0.195236128269506 0.460154053032129 0.999915788878536)
(-0.00323775192017488 0.499982770650995 0.99993915418351)
(-0.463288471643774 0.187225504705719 1.49993431380706)
(-0.463287692128296 0.187224006132018 1.99997332866586)
(-0.356719204149137 0.350096481591897 1.49992622601937)
(-0.195244702459981 0.460150368711416 1.49993220796706)
(-0.00324556585235693 0.499982649457739 1.49994870635381)
(-0.356717371064897 0.350097866365136 1.99995892331251)
(-0.195241263472758 0.46015180837474 1.999952994493)
(-0.00324231951780197 0.499982716645891 1.99996135051415)
(-0.463285323481237 0.187227156494003 2.50000150516936)
(-0.463289538986974 0.187221828505038 3.0002419687226)
(-0.356710937686558 0.350103669313743 2.49998346993839)
(-0.195231206012005 0.460156048857553 2.4999763639273)
(-0.00323263245155746 0.499982899086473 2.49998132598231)
(-0.35671436688696 0.350098759780983 3.00020719377907)
(-0.195233994908077 0.460155007842217 3.00018314501259)
(-0.00323256627796175 0.499982971011491 3.00017857159904)
(-0.463301415604509 0.187174122299619 3.50209500323408)
(-0.463350245471822 0.187066871990581 4.01123260510434)
(-0.356754083036671 0.350058241027744 3.50193489403671)
(-0.195276341426773 0.460137231300463 3.5017913768458)
(-0.00325697203326556 0.499982760253846 3.50171278738759)
(-0.356860371632679 0.349951846478916 4.01053944771106)
(-0.195378035123701 0.460093894263152 4.009895297535)
(-0.00328810707358002 0.499982243839164 4.00952978553941)
(-0.463358066773806 0.187021467767074 4.54327907824478)
(-0.462285918619302 0.18690746465893 5.12691718854522)
(-0.356980013627292 0.349818725541919 4.54075994777755)
(-0.195499207395153 0.460028993622666 4.53840993232439)
(-0.00326557109915774 0.499969695192412 4.53737412723787)
(-0.356283491276479 0.349332274837898 5.11848425629729)
(-0.195352394142023 0.459400351886663 5.11041646581211)
(-0.00335288213959896 0.499321270151081 5.10819912522729)
(-0.447617827688852 0.173822406906908 5.78952270977237)
(-0.351212561205508 0.159635960309032 6.5)
(-0.345035119128096 0.341856761015473 5.76967949108409)
(-0.199174591272452 0.448860578908652 5.73132594550369)
(0.00164949495684116 0.491114734255659 5.73244676780361)
(-0.32621585770157 0.225571266107195 6.5)
(-0.200566869671439 0.421210361045328 6.30450251343761)
(0.00799422492152318 0.464869833349579 6.30133059647241)
(-2 0.666180823141383 6.6772124640163)
(-0.665232190677978 0.356091139535928 6.9925605710648)
(-2 1.32760797166517 6.67689718073668)
(-0.97564124632087 1.08783684720559 6.99611512253903)
(-0.215048729401689 0.335209387036397 6.5)
(-0.158711307862318 0.359414274402848 6.5)
(-0.00828381586389652 0.398326419183666 6.5)
(-2 2 6.67282933357034)
(-1.3767534887563 2 6.68465279567777)
(-0.708721973768128 2 6.68505809786476)
(0.0737504986530304 2 6.6948128585042)
(0.35355413837484 0.353552630727806 0.499994499569937)
(0.462408872863317 0.189674866005062 0.500020334852338)
(0.189678100674565 0.462407579662497 0.499967864828261)
(0.353554140165619 0.353552628938457 0.99999444332162)
(0.46241127830472 0.189668896707528 1.00002143098484)
(0.189672152226192 0.462409975052049 0.999966648312843)
(0.353553022659199 0.353553746425798 1.49999872720086)
(0.462411848776024 0.18966749024886 1.50002813514766)
(0.189667537877959 0.462411829008158 1.4999720184115)
(0.353551749721076 0.353555019374785 2.00000342426911)
(0.462409988113725 0.189672120798668 2.00003407845016)
(0.189668637107688 0.462411384080171 1.9999790706745)
(0.353551611803697 0.353555157318815 2.5000197938981)
(0.462407809782 0.189677541905921 2.50004677419)
(0.189673772109499 0.462409321127776 2.49999680496637)
(0.353553219597871 0.353553549364734 3.00021532621545)
(0.46240887081684 0.189674966139893 3.00024148791349)
(0.189675521504152 0.462408641980968 3.00019214926497)
(0.35355810401016 0.353548665646864 3.50172451638239)
(0.46241593182015 0.189657653999769 3.50175500463721)
(0.189670413945612 0.462410731352635 3.50170269960392)
(0.353575361971593 0.353531500176413 4.00948253850814)
(0.462427072503286 0.189630500002841 4.00951146059432)
(0.18969084567622 0.46240235677657 4.0094517795368)
(0.353638697788932 0.353445526727393 4.53778731147342)
(0.462427869065673 0.189594013473112 4.53758992749412)
(0.189842822174869 0.462325298705159 4.53752270600511)
(0.353118827203763 0.352427647057233 5.11465648548803)
(0.461920875891983 0.188671743966193 5.11256783827666)
(0.189475769193078 0.461567751760445 5.11252053590331)
(0.340716909333503 0.338503114311702 5.77841718084145)
(0.450089005949172 0.181550362489388 5.7594120799802)
(0.183260603703772 0.449076776383672 5.76009468976902)
(0.255232541943643 0.25267731761772 6.5)
(0.344783323094155 0.191741424091734 6.5)
(0.196615653683936 0.34050692826461 6.5)
(0.229455657779629 0.233918635966065 7)
(0.691487039971791 0.253271498904439 7)
(0.25332928392714 0.692110862283297 7)
(0.894806914258528 0.895572827536741 6.98681191216023)
(2 0.72824122678026 6.69294162434498)
(2 1.32565522943075 6.67690031860511)
(0.728351858648243 2 6.6929938644542)
(1.32568160464717 2 6.6769002062094)
(2 2 6.67282933357034)
(-1.66351996005997 -2 -7)
(-1.57216003798612 -1.33100487125796 -6.97634333306808)
(-1.6634162978073 -2 -6.34565866714069)
(-2 -1.32683230129193 -6.35379209783627)
(-1.50239928775776 -0.656145072867809 -6.92033690872136)
(-1.46815995822614 0.0155173758903948 -6.9342112946556)
(-2 -0.659874005398727 -6.35404899633159)
(-2 -2.38570657523738e-06 -6.35332478854204)
(-1.66249214429177 -2 -5.7059243853244)
(-2 -1.32498445094899 -5.72652564262874)
(-1.66137405843485 -2 -5.11281060085326)
(-2 -1.32274831572337 -5.13095539882188)
(-2 -0.658262811759843 -5.72766924401849)
(-2 -3.53153395522025e-06 -5.72655729151966)
(-2 -0.656130199501144 -5.13242483782967)
(-2 -3.77655401202933e-06 -5.13134300290968)
(-1.66047370819945 -2 -4.54598950825953)
(-2 -1.32094777674905 -4.56750187937668)
(-1.65983347135563 -2 -4.01753366714072)
(-2 -1.31966698226468 -4.0307576024446)
(-2 -0.654322049486979 -4.56944304288593)
(-2 -3.2075340038785e-06 -4.56868834141197)
(-2 -0.653032517831121 -4.03271530965848)
(-2 -2.72746644140593e-06 -4.0323504186973)
(-1.65939085928128 -2 -3.50368487706491)
(-2 -1.31878157412188 -3.51232904811189)
(-1.65916949307411 -2 -3.00038173342817)
(-2 -1.3183388071187 -3.00426327109844)
(-2 -0.652239692925062 -3.51380089159479)
(-2 -2.68173114213587e-06 -3.51371247723035)
(-2 -0.651799221535528 -3.00520499085441)
(-2 -2.91124823805846e-06 -3.00523648031862)
(-1.65904204308028 -2 -2.50000000000003)
(-2 -1.3180840239692 -2.50130301606744)
(-1.65898942756014 -2 -2.00000000000003)
(-2 -1.31797900374833 -2.00036336902682)
(-2 -0.651585006879901 -2.50175471331116)
(-2 3.80366214465961e-07 -2.50180398567242)
(-2 -0.651489521481819 -2.0005294411073)
(-2 6.68143167185539e-07 -2.00055805131458)
(-1.65897083027566 -2 -1.50000000000003)
(-2 -1.31794198694034 -1.50009122050064)
(-1.6589648991622 -2 -1.00000000000003)
(-2 -1.31793020437774 -1.00001839909458)
(-2 -0.65145135640331 -1.50013994946312)
(-2 1.04552963594696e-06 -1.50015046328505)
(-2 -0.651438185474357 -1.00002950135784)
(-2 1.21015945080259e-06 -1.00003144674352)
(-1.65896315564954 -2 -0.500000000000033)
(-2 -1.31792670204394 -0.500001944432205)
(-1.65896288202192 -2 -3.18356452311264e-14)
(-2 -1.31792601061956 4.01990726810127e-07)
(-2 -0.651434391704037 -0.500003503494058)
(-2 1.00486775664169e-06 -0.500002776014103)
(-2 -0.651433764930921 4.08181686884717e-07)
(-2 -3.01383914403277e-06 -1.434249035791e-06)
(-1.51307470696032 0.65801965912749 -6.99438272006565)
(-1.54768597183173 1.32704242357851 -6.99850540566857)
(-2 0.659872201600751 -6.35404889710675)
(-2 1.32683143777722 -6.35379200888258)
(-1.6637003980018 2 -7)
(-1.66347757594534 2 -6.34565866714069)
(-2 0.658259748857343 -5.72766915528691)
(-2 1.32498234486489 -5.72652569223345)
(-2 0.656126802715734 -5.13242482042145)
(-2 1.32274633282735 -5.13095546545091)
(-1.66251951178981 2 -5.7059243853244)
(-1.66138691521979 2 -5.11281060085326)
(-2 0.654319091551209 -4.56944305827569)
(-2 1.32094608994079 -4.56750195552884)
(-2 0.653030206878409 -4.03271532341842)
(-2 1.31966595200273 -4.03075761111958)
(-1.66047914020336 2 -4.54598950825953)
(-1.65983534963789 2 -4.01753366714072)
(-2 0.652237755957453 -3.51380088195639)
(-2 1.31878084867466 -3.51232905803813)
(-2 0.651797308726397 -3.00520496029544)
(-2 1.31833813366673 -3.00426325404287)
(-1.659391324974 2 -3.50368487706491)
(-1.65916950984598 2 -3.00038173342817)
(-2 0.651583039203596 -2.50175466350904)
(-2 1.31808327528936 -2.50130294666388)
(-2 0.651487743867472 -2.00052921905783)
(-2 1.31797819528337 -2.00036309526636)
(-1.65904200112919 2 -2.50000000000003)
(-1.65898946765883 2 -2.00000000000003)
(-2 0.651449971245017 -1.50013921428503)
(-2 1.31794119194026 -1.50009043562317)
(-2 0.651436981687851 -1.00002806807669)
(-2 1.31792941395558 -1.00001695787748)
(-1.65897096444024 2 -1.50000000000003)
(-1.65896508220898 2 -1.00000000000003)
(-2 0.65143289154166 -0.500001847723802)
(-2 1.31792583526161 -0.500000313452945)
(-2 0.651431914593756 -4.5649144798367e-07)
(-2 1.31792509586082 1.4781996838183e-06)
(-1.65896334704993 2 -0.500000000000033)
(-1.65896299823251 2 -3.23907567434389e-14)
(-1.65896332309914 -2 0.499999999999967)
(-2 -1.31792667223153 0.500000896054165)
(-1.65896510877595 -2 0.999999999999968)
(-2 -1.31793010665662 1.00001768184808)
(-2 -0.651434558320098 0.500002529189453)
(-2 -3.01718508817615e-06 0.500002855975592)
(-2 -0.651438256444823 1.00002893009181)
(-2 -2.70829163441318e-06 1.00003165605109)
(-1.65897101169633 -2 1.49999999999997)
(-2 -1.31794184513572 1.50009085222834)
(-1.65898954131199 -2 1.99999999999997)
(-2 -1.31797887374346 2.0003632058587)
(-2 -0.651451219181671 1.50013968924061)
(-2 -2.55332198939001e-06 1.50015060960118)
(-2 -0.6514893108204 2.00052927519592)
(-2 9.07866872552151e-07 2.0005579991874)
(-1.65904209218435 -2 2.49999999999997)
(-2 -1.31808396545992 2.50130289309107)
(-1.65916950918203 -2 3.0003817334281)
(-2 -1.31833879371706 3.00426310975088)
(-2 -0.651584876326085 2.50175449767418)
(-2 5.50729503154312e-07 2.5018037597344)
(-2 -0.6517991858006 3.00520469143586)
(-2 -2.8629421008925e-06 3.00523613952674)
(-1.65939087326044 -2 3.50368487706484)
(-2 -1.31878157242475 3.51232887052007)
(-1.65983349776788 -2 4.01753366714065)
(-2 -1.31966697975445 4.0307574500467)
(-2 -0.652239689302337 3.51380057556382)
(-2 -2.67787120328365e-06 3.51371211253306)
(-2 -0.653032516212398 4.03271503839411)
(-2 -2.72887343940108e-06 4.03235010271796)
(-1.66047374256235 -2 4.54598950825947)
(-2 -1.32094777275842 4.56750176889528)
(-1.66137407149528 -2 5.11281060085321)
(-2 -1.32274831195788 5.13095533267413)
(-2 -0.654322046245634 4.569442847241)
(-2 -3.20791404242447e-06 4.56868811325668)
(-2 -0.656130196164209 5.1324247210846)
(-2 -3.77662137807623e-06 5.13134286687169)
(-1.66249214330815 -2 5.70592438532436)
(-2 -1.3249844482159 5.72652561068397)
(-1.66341629638111 -2 6.34565866714068)
(-2 -1.326832300017 6.35379208648972)
(-2 -0.658262809343363 5.72766918797752)
(-2 -3.5315377131128e-06 5.72655722632332)
(-2 -0.659874004259581 6.35404897645187)
(-2 -2.38570499976538e-06 6.35332476545165)
(-1.66351996005997 -2 7)
(-1.57198784572308 -1.33101015080943 6.97631213849095)
(-1.50240722718444 -0.656152793115356 6.92033060414589)
(-1.46817678488506 0.0155162181319147 6.93418309301195)
(-2 0.651432796428269 0.500002826761154)
(-2 1.31792591762656 0.500001176908754)
(-2 0.651436959770138 1.00002881450397)
(-2 1.31792958288752 1.0000175375426)
(-1.65896333066116 2 0.499999999999967)
(-1.65896505644918 2 0.999999999999968)
(-2 0.651450166501202 1.50013959917642)
(-2 1.31794140391136 1.50009071701826)
(-2 0.651487984577958 2.00052926556491)
(-2 1.31797834271927 2.00036315468593)
(-1.65897094131236 2 1.49999999999997)
(-1.65898947746772 2 1.99999999999997)
(-2 0.651583174551738 2.50175449844144)
(-2 1.31808333614509 2.50130286583057)
(-2 0.651797344214839 3.0052046822251)
(-2 1.31833814665715 3.00426310417694)
(-1.65904202701506 2 2.49999999999997)
(-1.65916953245548 2 3.00038173342811)
(-2 0.652237757420776 3.51380057670756)
(-2 1.31878084801847 3.51232888995009)
(-2 0.653030203191586 4.03271505490574)
(-2 1.3196659486181 4.03075746123263)
(-1.65939133749487 2 3.50368487706484)
(-1.6598353569903 2 4.01753366714066)
(-2 0.654319087755215 4.56944286321602)
(-2 1.32094608577677 4.56750184563755)
(-2 0.656126799272701 5.1324247037502)
(-2 1.32274632902372 5.13095539937785)
(-1.6604791507888 2 4.54598950825948)
(-1.66138693960688 2 5.11281060085321)
(-2 0.658259746428665 5.72766909925465)
(-2 1.32498234212608 5.72652566029697)
(-2 0.659872200463461 6.35404887722794)
(-2 1.32683143650294 6.35379199753683)
(-1.66251956467128 2 5.70592438532436)
(-1.66347769620051 2 6.34565866714068)
(-1.51300642818507 0.658020559720692 6.9943439574975)
(-1.54767793666804 1.3270425747175 6.99849008779435)
(-1.6637007524733 2 7)
(1.66351996005996 -2 -7)
(1.5980457032714 -1.33095399536531 -6.97744895194671)
(1.66341560487473 -2 -6.34565866714069)
(2 -1.32696196298768 -6.35378821030343)
(1.51098237430885 -0.672942616407459 -6.90701561597692)
(1.45881634112827 0.0245806315144213 -6.89582832356877)
(2 -0.660033808945347 -6.35404483453284)
(2 -0.000276584762602723 -6.35332397342547)
(1.66249116289521 -2 -5.7059243853244)
(2 -1.32504055740441 -5.72652116989627)
(1.66137319834299 -2 -5.11281060085326)
(2 -1.32277376802498 -5.13095193201889)
(2 -0.658360557082057 -5.72766379963238)
(2 -0.000116996827870808 -5.72655629669649)
(2 -0.656174184091135 -5.1324214677673)
(2 -5.16899231504729e-05 -5.13134209276676)
(1.66047305238525 -2 -4.54598950825953)
(2 -1.32095765277489 -4.56749990241228)
(1.65983290694998 -2 -4.01753366714072)
(2 -1.31967038261978 -4.0307566161122)
(2 -0.65433905137771 -4.56944109001663)
(2 -2.00270135874661e-05 -4.56868756268146)
(2 -0.653037969866194 -4.03271423711526)
(2 -6.41675489199364e-06 -4.03234975945009)
(1.65939030797277 -2 -3.50368487706491)
(2 -1.3187826220041 -3.51232858554546)
(1.65916895710334 -2 -3.00038173342817)
(2 -1.31833916096047 -3.00426301225813)
(2 -0.652241158236602 -3.51380028468952)
(2 -1.5099844912153e-06 -3.51371193808104)
(2 -0.651799594958935 -3.00520459418586)
(2 -3.19466464968811e-06 -3.00523607338846)
(1.6590416030501 -2 -2.50000000000003)
(2 -1.31808411362024 -2.5013028436549)
(1.65898918203432 -2 -2.00000000000003)
(2 -1.31797885664208 -2.00036330129141)
(2 -0.651584936670894 -2.50175445070074)
(2 6.08070258747093e-07 -2.50180375138693)
(2 -0.651489011320246 -2.00052938165161)
(2 1.41403314208104e-06 -2.00055807846163)
(1.65897078686924 -2 -1.50000000000003)
(2 -1.31794164591297 -1.50009128244197)
(1.65896496309628 -2 -1.00000000000003)
(2 -1.3179297293201 -1.00001854332798)
(2 -0.651450481465398 -1.50014015248327)
(2 2.24166339278866e-06 -1.50015081373722)
(2 -0.651437043459701 -1.00002973852567)
(2 2.7380742217354e-06 -1.00003175072208)
(1.6589631589408 -2 -0.500000000000033)
(2 -1.31792616030492 -0.500002062775873)
(1.65896268467116 -2 -3.23907567434389e-14)
(2 -1.317925563054 5.21636704594717e-07)
(2 -0.651433135856137 -0.500003329681483)
(2 2.70227634847803e-06 -0.500002181182387)
(2 -0.651432682114834 1.32291516839658e-06)
(2 2.16719273077532e-06 3.42805617795912e-06)
(1.53535607253135 0.66301360494332 -6.97758168275332)
(1.57142925070782 1.3265509196694 -6.99668743739125)
(2 0.659702241026407 -6.35405155767824)
(2 1.32667796484876 -6.35379521355942)
(1.66329435132747 2 -7)
(1.66334306389575 2 -6.34565866714069)
(2 0.658156913195723 -5.72767275162283)
(2 1.32491945935085 -5.72652942039658)
(2 0.656080964147759 -5.13242664789297)
(2 1.32271853399555 -5.13095820472306)
(1.66246078316294 2 -5.7059243853244)
(1.66135936744884 2 -5.11281060085326)
(2 0.654301342980457 -4.56944370890117)
(2 1.32093513401451 -4.56750325682253)
(2 0.65302439586388 -4.03271526731526)
(2 1.31966214107407 -4.03075795753279)
(1.66046744560663 2 -4.54598950825953)
(1.65983100638652 2 -4.01753366714072)
(2 0.652236136971379 -3.51380055891357)
(2 1.31877964593806 -3.51232900029755)
(2 0.651796878549464 -3.00520465275464)
(2 1.31833772255197 -3.00426311751568)
(1.65938985496756 2 -3.50368487706491)
(1.65916895383586 2 -3.00038173342817)
(2 0.651583096562619 -2.50175451905473)
(2 1.3180831751469 -2.50130288888303)
(2 0.651488271187972 -2.00052931184428)
(2 1.31797835746119 -2.00036316768988)
(1.65904164910583 2 -2.50000000000003)
(1.6589891398384 2 -2.00000000000003)
(2 0.65145090337277 -1.50013954214373)
(2 1.31794159046643 -1.50009057737361)
(2 0.651438184432745 -1.00002819295906)
(2 1.31792997165003 -1.0000167866722)
(1.65897064467032 2 -1.50000000000003)
(1.65896474386394 2 -1.00000000000003)
(2 0.651434266278021 -0.500000725977783)
(2 1.31792647076405 -0.499999066661318)
(2 0.651433052026459 4.4873297916279e-06)
(2 1.31792561134954 4.16857693526049e-06)
(1.65896292958739 2 -0.500000000000033)
(1.65896255060621 2 -3.23907567434389e-14)
(1.65896295989397 -2 0.499999999999967)
(2 -1.31792645058728 0.500001423977396)
(1.65896468570245 -2 0.999999999999968)
(2 -1.31793005793887 1.00001850655345)
(2 -0.651433982953122 0.500004084847972)
(2 -2.27756269894305e-06 0.500005750511769)
(2 -0.651438207290909 1.00003063555935)
(2 -2.69056114305582e-06 1.00003431863718)
(1.65897055423878 -2 1.49999999999997)
(2 -1.31794183855557 1.50009161890624)
(1.65898903600754 -2 1.99999999999997)
(2 -1.31797884680448 2.00036362751577)
(2 -0.651451212347266 1.50014102680383)
(2 -2.54800104931346e-06 1.50015234266915)
(2 -0.651489075457513 2.00052998244719)
(2 -2.34331234512788e-06 2.00055882156517)
(1.65904154210846 -2 2.49999999999997)
(2 -1.31808402960115 2.50130298132447)
(1.65916893639752 -2 3.0003817334281)
(2 -1.31833916758328 3.00426298879506)
(2 -0.651584697160126 2.50175466473825)
(2 9.17266006933844e-07 2.50180398945502)
(2 -0.651799579041419 3.00520453338441)
(2 -2.29729166544571e-08 3.00523605063404)
(1.65939028428664 -2 3.50368487706484)
(2 -1.31878272933403 3.51232851673296)
(1.65983285281179 -2 4.01753366714065)
(2 -1.31967047211903 4.03075656442826)
(2 -0.652241473586263 3.5138001552402)
(2 -1.94816733370147e-06 3.51371181763656)
(2 -0.653038318218249 4.03271414737401)
(2 -6.94493704823018e-06 4.03234963699239)
(1.66047297303515 -2 4.54598950825948)
(2 -1.32095766344684 4.56749988765351)
(1.66137312821579 -2 5.11281060085321)
(2 -1.32277367971533 5.13095195674489)
(2 -0.654339187739356 4.56944105235154)
(2 -2.02801086700756e-05 4.56868749434084)
(2 -0.65617410019023 5.13242148801927)
(2 -5.16554723115973e-05 5.13134209825278)
(1.662491130338 -2 5.70592438532436)
(2 -1.32504036406827 5.72652121524293)
(1.66341559586397 -2 6.34565866714068)
(2 -1.32696154298093 6.353788246474)
(2 -0.658360258600524 5.7276638675079)
(2 -0.000116674238068922 5.72655635239547)
(2 -0.660033298950421 6.35404489060249)
(2 -0.00027570903769001 6.35332402432168)
(1.66351996005996 -2 7)
(1.59804301361299 -1.33095265571344 6.9774495679885)
(1.51098202834856 -0.672941558328012 6.90701753142639)
(1.45881710072605 0.0245837351820076 6.89582561743988)
(2 0.651433317155311 0.500006849882356)
(2 1.31792609692862 0.500004578807955)
(2 0.651436930836765 1.00003227069538)
(2 1.31792950297055 1.00002035968577)
(1.65896296280282 2 0.499999999999967)
(1.65896477883701 2 0.999999999999968)
(2 0.651450059787774 1.50014160209216)
(2 1.3179412969079 1.50009228586755)
(2 0.65148815479144 2.00053009839563)
(2 1.317978320951 2.00036376221234)
(1.65897066025409 2 1.49999999999997)
(1.65898912175877 2 1.99999999999997)
(2 0.651583319970066 2.50175475003469)
(2 1.31808324882096 2.50130304617381)
(2 0.651796889632762 3.00520468845293)
(2 1.31833771328454 3.0042631429247)
(1.65904162022349 2 2.49999999999997)
(1.65916893098278 2 3.0003817334281)
(2 0.652235805428757 3.51380049149059)
(2 1.3187795224934 3.51232896830321)
(2 0.653024010934421 4.03271515453235)
(2 1.31966199816842 4.03075789938891)
(1.6593898423066 2 3.50368487706484)
(1.65983099834088 2 4.01753366714065)
(2 0.65430113280652 4.56944362981391)
(2 1.32093503614164 4.56750321840821)
(2 0.656080959078302 5.1324266379443)
(2 1.3227185154161 5.13095819732651)
(1.66046743320655 2 4.54598950825948)
(1.66135933951109 2 5.11281060085321)
(2 0.65815717304877 5.72767278108685)
(2 1.32491960717664 5.72652943005692)
(2 0.659702763192739 6.35405158812116)
(2 1.32667844077759 6.35379522288111)
(1.6624607227585 2 5.70592438532436)
(1.663342920788 2 6.34565866714067)
(1.53525701937113 0.663015879286426 6.97756705716105)
(1.5712755131936 1.32655247713104 6.99669171272223)
(1.6632939082381 2 7)
(-2 -1.66351996005997 -7)
(-1.33101019573331 -1.57198694152826 -6.9763119548751)
(-2 -1.66341615064596 -6.34565866714069)
(-1.32683259561459 -2 -6.35379196641489)
(-0.656152835687195 -1.50240641805997 -6.92033099389171)
(0.0155189447681847 -1.46817806341415 -6.9342118380812)
(-0.659874526710648 -2 -6.35404879498919)
(-2.95985299061478e-06 -2 -6.35332461698378)
(-2 -1.6624922254745 -5.7059243853244)
(-1.32498428858354 -2 -5.72652544942715)
(-2 -1.66137415786169 -5.11281060085326)
(-1.32274811686969 -2 -5.13095510154188)
(-0.658263307830088 -2 -5.72766886142314)
(-3.92567351773041e-06 -2 -5.72655696518178)
(-0.656130182084883 -2 -5.13242433529634)
(-2.69008197925217e-07 -2 -5.13134254091551)
(-2 -1.66047388837453 -4.54598950825953)
(-1.32094741639889 -2 -4.56750158244846)
(-2 -1.65983349113234 -4.01753366714072)
(-1.31966694271126 -2 -4.03075729696589)
(-0.654321768632654 -2 -4.56944253233146)
(-1.38855187792496e-07 -2 -4.56868779122027)
(-0.653032448860464 -2 -4.03271483381527)
(-2.62544320754133e-06 -2 -4.03234986093945)
(-2 -1.65939078706094 -3.50368487706491)
(-1.31878171856255 -2 -3.51232880861388)
(-2 -1.65916940355935 -3.00038173342817)
(-1.31833898614822 -2 -3.00426307403112)
(-0.652239950490749 -2 -3.51380047645995)
(-3.00898854531061e-06 -2 -3.51371199430239)
(-0.651799501754325 -2 -3.00520464783708)
(-3.22049175912221e-06 -2 -3.00523612695468)
(-2 -1.6590420119846 -2.50000000000003)
(-1.31808408616057 -2 -2.50130286796807)
(-2 -1.65898950187417 -2.00000000000003)
(-1.31797885512028 -2 -2.00036331060729)
(-0.651584952436374 -2 -2.50175448578923)
(5.4586603579924e-07 -2 -2.50180380437543)
(-0.651489015800334 -2 -2.00052941231013)
(1.40441152840386e-06 -2 -2.00055812713122)
(-2 -1.65897099347017 -1.50000000000003)
(-1.31794166055131 -2 -1.50009127934811)
(-2 -1.65896510218887 -1.00000000000003)
(-1.31792979832439 -2 -1.00001863219415)
(-0.651450528638974 -2 -1.5001401944886)
(2.18683105024122e-06 -2 -1.50015091196462)
(-0.651437255137343 -2 -1.00003008133622)
(2.43649660259621e-06 -2 -1.00003230477644)
(-2 -1.65896335102197 -0.500000000000033)
(-1.31792631129909 -2 -0.500002416370102)
(-2 -1.65896300530978 -3.18356452311264e-14)
(-1.31792576404383 -2 -2.05711080180695e-06)
(-0.651433595667403 -2 -0.500004389801262)
(2.02207112157681e-06 -2 -0.50000383249842)
(-0.65143331376256 -2 -2.34984325347836e-06)
(1.26359441540754e-06 -2 -2.1573479831465e-06)
(0.658019228463236 -1.51311129837215 -6.99440319877842)
(1.32704238504188 -1.54772088271863 -6.99852509952143)
(0.659871742895304 -2 -6.35404879514213)
(1.32683120974945 -2 -6.35379195418055)
(2 -1.66371178992226 -7)
(2 -1.66348098149384 -6.34565866714069)
(0.658259499983874 -2 -5.72766897109814)
(1.32498232579042 -2 -5.72652555962637)
(0.656126976875825 -2 -5.13242449894654)
(1.32274639668597 -2 -5.13095526728312)
(2 -1.66252027870221 -5.7059243853244)
(2 -1.66138688401249 -5.11281060085326)
(0.654319330843306 -2 -4.56944261845841)
(1.32094610477051 -2 -4.56750169568329)
(0.653030143063169 -2 -4.03271482651323)
(1.31966581389996 -2 -4.0307573344192)
(2 -1.66047882638744 -4.54598950825953)
(2 -1.65983519130989 -4.01753366714072)
(0.652237409693877 -2 -3.5138004550551)
(1.31878061594554 -2 -3.51232881458452)
(0.651796988487272 -2 -3.00520468393143)
(1.31833791420668 -2 -3.00426309457751)
(2 -1.65939131100205 -3.50368487706491)
(2 -1.65916958048023 -3.00038173342817)
(0.651583084434458 -2 -2.50175456579101)
(1.3180832061002 -2 -2.50130289964212)
(0.651488268979133 -2 -2.00052935497196)
(1.31797836406863 -2 -2.00036318876023)
(2 -1.65904205681012 -2.50000000000003)
(2 -1.65898942832104 -2.00000000000003)
(0.651450859394521 -2 -1.50013966392957)
(1.31794157373847 -2 -1.50009067797005)
(0.651437992674389 -2 -1.00002879452665)
(1.31792992619256 -2 -1.00001725376368)
(2 -1.65897082295649 -1.50000000000003)
(2 -1.65896486466005 -1.00000000000003)
(0.65143377212114 -2 -0.500002544649131)
(1.31792631788159 -2 -0.500000430362221)
(0.651432411938684 -2 -6.53071062695626e-07)
(1.31792536934232 -2 1.76326121724328e-06)
(2 -1.65896308015246 -0.500000000000033)
(2 -1.658962781527 -3.23907567434389e-14)
(-2 1.66351996005996 -7)
(-1.33092777893973 1.59807038098422 -6.977463725343)
(-2 1.66341571888861 -6.34565866714069)
(-1.32695515189069 2 -6.35378857248055)
(-0.672889654876765 1.51103687110656 -6.90699290132829)
(0.0246804068507138 1.4591006476059 -6.89565725439678)
(-0.660026260533111 2 -6.3540452711099)
(-0.000265145461528102 2 -6.35332416256194)
(-2 1.66249117243244 -5.7059243853244)
(-1.32503902357962 2 -5.72652151069217)
(-2 1.66137316641368 -5.11281060085326)
(-1.32277383043957 2 -5.13095222565481)
(-0.658357697373001 2 -5.72766437229626)
(-0.000117188581174125 2 -5.72655662120564)
(-0.656174483242978 2 -5.13242192292732)
(-5.57820550061955e-05 2 -5.13134250419139)
(-2 1.66047304497039 -4.54598950825953)
(-1.32095828040672 2 -4.5675000980984)
(-2 1.65983297600136 -4.01753366714072)
(-1.31967069927578 2 -4.03075677996552)
(-0.654340225168522 2 -4.56944144442268)
(-2.43805637774325e-05 2 -4.56868798822959)
(-0.653038906427858 2 -4.03271449613537)
(-1.01370472305036e-05 2 -4.03235011105507)
(-2 1.65939042433733 -3.50368487706491)
(-1.318782649948 2 -3.51232866229834)
(-2 1.65916906683337 -3.00038173342817)
(-1.31833901969197 2 -3.00426305180985)
(-0.652241522072146 2 -3.51380042927282)
(-4.79326413755111e-06 2 -3.51371215872247)
(-0.651799570525809 2 -3.00520466311791)
(-3.30744015217491e-06 2 -3.00523615698873)
(-2 1.65904163764468 -2.50000000000003)
(-1.31808400225839 2 -2.5013028669065)
(-2 1.65898909764168 -2.00000000000003)
(-1.31797893531766 2 -2.00036326503737)
(-0.651584954106388 2 -2.50175445969192)
(4.50552404123862e-07 2 -2.50180369339265)
(-0.651489391068242 2 -2.00052926485381)
(8.33628401222316e-07 2 -2.00055783854526)
(-2 1.65897059597013 -1.50000000000003)
(-1.31794192888048 2 -1.50009121367183)
(-2 1.65896470697779 -1.00000000000003)
(-1.31793016441795 2 -1.00001863815135)
(-0.651451238754172 2 -1.50013993259546)
(1.18440510264547e-06 2 -1.50015047104176)
(-0.651438126588379 2 -1.00002985778774)
(1.2885540137459e-06 2 -1.00003200904305)
(-2 1.6589629176308 -0.500000000000033)
(-1.31792669409987 2 -0.500002643841408)
(-2 1.65896254793041 -3.23907567434389e-14)
(-1.31792599646502 2 -7.96876986524631e-07)
(-0.65143437096414 2 -0.500004579565488)
(-2.6696765638e-06 2 -0.500004313653762)
(-0.651433701485963 2 -3.46071579123054e-06)
(-2.91089949468809e-06 2 -3.97222946810325e-06)
(0.663038872995533 1.5352244433126 -6.9775005388177)
(1.32657939946146 1.57143496905046 -6.99668806181852)
(0.659710332187596 2 -6.35405147595233)
(1.3266861277915 2 -6.35379505586195)
(2 1.6632801114269 -7)
(2 1.66333898242438 -6.34565866714069)
(0.658159841382991 2 -5.72767276823562)
(1.32492156632588 2 -5.72652940109241)
(0.656080624771605 2 -5.13242693666392)
(1.32271873489769 2 -5.13095835177283)
(2 1.66245972967543 -5.7059243853244)
(2 1.66135926699778 -5.11281060085326)
(0.654300248991812 2 -4.56944409133136)
(1.32093489121326 2 -4.56750349254391)
(0.653023603116187 2 -4.03271562600197)
(1.31966201277303 2 -4.03075817296361)
(2 1.66046756700725 -4.54598950825953)
(2 1.65983107053704 -4.01753366714072)
(0.652235866110871 2 -3.5138008030354)
(1.31877970993513 2 -3.51232914649897)
(0.651796947249156 2 -3.00520473255646)
(1.31833790767172 2 -3.00426315900214)
(2 1.65938982296903 -3.50368487706491)
(2 1.65916886127598 -3.00038173342817)
(0.651583093909667 2 -2.50175441004308)
(1.31808329821166 2 -2.50130280236384)
(0.651487891731012 2 -2.00052901280396)
(1.3179782796768 2 -2.00036296213411)
(2 1.65904158757345 -2.50000000000003)
(2 1.6589891787306 -2.00000000000003)
(0.651450115754635 2 -1.50013923020602)
(1.31794128934063 2 -1.50009043169981)
(0.651437065972422 2 -1.00002875710029)
(1.31792948772788 2 -1.00001743483069)
(2 1.65897079523321 -1.50000000000003)
(2 1.65896498582501 -1.00000000000003)
(0.651432936755315 2 -0.500003676555217)
(1.31792585917478 2 -0.500001621598696)
(0.651431975790941 2 -3.29965601558617e-06)
(1.31792510121242 2 -2.48034363270402e-06)
(2 1.65896323538202 -0.500000000000033)
(2 1.65896280567477 -3.23907567434389e-14)
(-2 -1.65896333611576 0.499999999999967)
(-1.31792664619828 -2 0.500000837023172)
(-2 -1.65896505332831 0.999999999999968)
(-1.31793021755191 -2 1.00001817527697)
(-0.651434564537899 -2 0.500002442541138)
(-3.10224592858515e-06 -2 0.500002970395532)
(-0.651438690324606 -2 1.00002967342819)
(-3.39071194101839e-06 -2 1.00003256471291)
(-2 -1.65897092256786 1.49999999999997)
(-1.31794202339267 -2 1.50009153137475)
(-2 -1.65898943687173 1.99999999999997)
(-1.31797908262397 -2 2.00036363965241)
(-0.651451846122729 -2 1.50014071414837)
(-3.47300982597126e-06 -2 1.50015172565984)
(-0.651489893284283 -2 2.00052997006681)
(6.96445056260341e-08 -2 2.0005587678974)
(-2 -1.65904198272996 2.49999999999997)
(-1.31808418436871 -2 2.50130302198636)
(-2 -1.65916939685853 3.0003817334281)
(-1.31833901836405 -2 3.0042630691858)
(-0.651585364340001 -2 2.50175473887917)
(-3.55125611760162e-06 -2 2.50180405624785)
(-0.651799628206438 -2 3.00520463206908)
(-3.42419827988709e-06 -2 3.00523609438767)
(-2 -1.65939078621238 3.50368487706484)
(-1.31878174652087 -2 3.51232873793505)
(-2 -1.65983348987722 4.01753366714065)
(-1.31966699553577 -2 4.03075722463488)
(-0.652240060959387 -2 3.51380034134192)
(-3.18689267551962e-06 -2 3.51371185645923)
(-0.653032695406994 -2 4.03271470409044)
(-3.0129620536746e-06 -2 4.0323497304203)
(-2 -1.66047388637921 4.54598950825947)
(-1.32094748512469 -2 4.56750155078514)
(-2 -1.66137415597894 5.11281060085321)
(-1.32274814299056 -2 5.13095511849482)
(-0.654322080111319 -2 4.56944246781223)
(-3.27088915119779e-06 -2 4.56868772095766)
(-0.656130396517456 -2 5.13242435296545)
(-3.94394443792642e-06 -2 5.13134254556763)
(-2 -1.66249222410795 5.70592438532436)
(-1.3249842866163 -2 5.72652548316778)
(-2 -1.6634161500085 6.34565866714068)
(-1.32683259276222 -2 6.35379199079163)
(-0.658263378077442 -2 5.72766892228012)
(-4.06841105080563e-06 -2 5.72655701947704)
(-0.659874533587164 -2 6.35404883919542)
(-2.98181618433619e-06 -2 6.35332466701877)
(-2 -1.66351996005997 7)
(-1.33100489248416 -1.57215914238312 6.9763431911905)
(-0.656145412645147 -1.50239945727664 6.92033611955338)
(0.0155184310053927 -1.46817221470681 6.93421341249811)
(0.651432743784386 -2 0.500003384923553)
(1.31792591978793 -2 0.500001880914133)
(0.651436437522349 -2 1.00002990727749)
(1.31792937140491 -2 1.00001844137493)
(2 -1.65896322529364 0.499999999999967)
(2 -1.65896502896944 0.999999999999968)
(0.651449453658391 -2 1.50014070946804)
(1.31794110847756 -2 1.50009151789621)
(0.651487336671802 -2 2.0005300030902)
(1.31797807201509 -2 2.00036366887183)
(2 -1.65897091927779 1.49999999999997)
(2 -1.65898942340224 1.99999999999997)
(0.651582648959643 -2 2.50175480069313)
(1.31808308421691 -2 2.50130308690182)
(0.651796849269471 -2 3.00520466996464)
(1.31833787279505 -2 3.0042631137724)
(2 -1.65904201480057 2.49999999999997)
(2 -1.65916958379164 3.0003817334281)
(0.652237278929664 -2 3.51380036754065)
(1.31878056857329 -2 3.51232877486652)
(0.653029857703038 -2 4.03271474086549)
(1.31966570562358 -2 4.03075729089654)
(2 -1.65939136466702 3.50368487706484)
(2 -1.65983523605951 4.01753366714065)
(0.654318942864502 -2 4.56944256341724)
(1.3209459460703 -2 4.56750167304313)
(0.656126666938283 -2 5.13242449079072)
(1.32274625643158 -2 5.1309552678636)
(2 -1.66047883172342 4.54598950825948)
(2 -1.66138683985767 5.11281060085321)
(0.658259373923004 -2 5.72766900514995)
(1.32498226067601 -2 5.72652558064771)
(0.659871715550317 -2 6.35404883468316)
(1.32683119172794 -2 6.35379197444453)
(2 -1.66252018203413 5.70592438532436)
(2 -1.66348077149046 6.34565866714068)
(0.658019256382717 -1.51311532828531 6.99440250516645)
(1.32704238660022 -1.54772258771339 6.99852455131719)
(2 -1.66371117534954 7)
(-2 1.65896295881328 0.499999999999967)
(-1.31792666132231 2 0.499999527563439)
(-2 1.65896479144376 0.999999999999968)
(-1.31793011289836 2 1.00001656933069)
(-0.651434395544523 2 0.50000028221098)
(-2.73846663006926e-06 2 0.499999999621976)
(-0.651438089674508 2 1.00002705750899)
(1.27721614245896e-06 2 1.00002938925634)
(-2 1.65897070195568 1.49999999999997)
(-1.31794188262472 2 1.50009020263794)
(-2 1.65898917135964 1.99999999999997)
(-1.31797895493545 2 2.00036291765724)
(-0.651451195061842 2 1.50013858451315)
(1.22370005554687e-06 2 1.50014933490232)
(-0.651489420953096 2 2.00052879678856)
(8.04968375976051e-07 2 2.00055748076834)
(-2 1.65904166807254 2.49999999999997)
(-1.31808405403012 2 2.50130277415068)
(-2 1.65916907332858 3.00038173342811)
(-1.31833906491097 2 3.00426301464628)
(-0.651585052992052 2 2.5017543308388)
(3.35126357404568e-07 2 2.50180359693723)
(-0.651799654250743 2 3.00520460038723)
(-3.40753160089699e-06 2 3.00523609380855)
(-2 1.65939042400924 3.50368487706484)
(-1.31878267498974 2 3.51232862166772)
(-2 1.65983297430905 4.01753366714066)
(-1.31967071398061 2 4.03075673262435)
(-0.652241569696646 2 3.51380035695629)
(-4.85056733958739e-06 2 3.51371207622456)
(-0.653038933860334 2 4.03271441221789)
(-1.01701364485844e-05 2 4.03235001382023)
(-2 1.66047304288838 4.54598950825948)
(-1.32095830157759 2 4.56750005063465)
(-2 1.66137316451186 5.11281060085321)
(-1.32277387921377 2 5.13095218625784)
(-0.654340263196783 2 4.56944136286663)
(-2.44261797415295e-05 2 4.56868789566989)
(-0.656174569197298 2 5.13242185846978)
(-5.58846143617028e-05 2 5.13134243466286)
(-2 1.66249117106304 5.70592438532436)
(-1.32503912934256 2 5.72652148340295)
(-2 1.66341571825147 6.34565866714068)
(-1.32695539240101 2 6.35378855780025)
(-0.658357882469542 2 5.72766432900266)
(-0.000117411824962826 2 5.72655658061661)
(-0.660026558905369 2 6.3540452501662)
(-0.000265661564796196 2 6.35332414556039)
(-2 1.66351996005996 7)
(-1.33092859825581 1.59807995690555 6.97746272938636)
(-0.672891103883603 1.5110379045271 6.90699194570063)
(0.0246776773962871 1.45908986015557 6.89566523311247)
(0.65143293093827 2 0.499999849310005)
(1.31792592560565 2 0.499999189237679)
(0.651437103785324 2 1.00002663661726)
(1.31792955767401 2 1.0000161691611)
(2 1.65896304846431 0.499999999999967)
(2 1.65896475148527 0.999999999999968)
(0.651450169106941 2 1.50013846676544)
(1.31794132050817 2 1.50009004474151)
(0.651487859360237 2 2.00052883525647)
(1.31797824351754 2 2.00036290398141)
(2 1.65897064845395 1.49999999999997)
(2 1.6589891604755 1.99999999999997)
(0.651582994770854 2 2.50175437464473)
(1.31808324044698 2 2.50130280276501)
(0.651796862735341 2 3.00520469129554)
(1.31833786196556 2 3.00426314264719)
(2 1.65904162441048 2.49999999999997)
(2 1.65916885664227 3.0003817334281)
(0.652235818253262 2 3.51380073626659)
(1.31877968461319 2 3.5123291114866)
(0.653023574420562 2 4.03271554447926)
(1.31966199668176 2 4.03075812851579)
(2 1.6593897612467 3.50368487706484)
(2 1.65983099908421 4.01753366714065)
(0.654300207705965 2 4.56944401476475)
(1.3209348664131 2 4.56750345143132)
(0.656080532374679 2 5.13242688207789)
(1.32271867902217 2 5.13095832427192)
(2 1.66046751807082 4.54598950825948)
(2 1.66135925770805 5.11281060085321)
(0.658159643866857 2 5.72767274161527)
(1.32492144551699 2 5.72652938921249)
(0.659710013546403 2 6.35405146739043)
(1.326685841576 2 6.35379505410135)
(2 1.66245980358832 5.70592438532436)
(2 1.66333922038879 6.34565866714067)
(0.663034803191703 1.53532500263231 6.97752364708008)
(1.32657853843847 1.57158917592712 6.9966920183787)
(2 1.66328087964281 7)
(-1.66351996005997 -2 -6.67282933357035)
(-2 -1.66351996005997 -6.67282933357035)
(-1.66351996005997 -1.66351996005997 -7)
(-2 -2 -7)
(-1.32703992011993 -2 -7)
(-2 -1.32703992011993 -7)
(-2 -2 -6.34565866714069)
(-0.657875021363012 -2 -7)
(-1.46549439250521e-14 -2 -7)
(-2 -0.657875021363012 -7)
(-2 -1.46549439250521e-14 -7)
(-2 -2 -5.7059243853244)
(-2 -2 -5.11281060085326)
(-2 -2 -4.54598950825953)
(-2 -2 -4.01753366714072)
(-2 -2 -3.50368487706491)
(-2 -2 -3.00038173342817)
(-2 -2 -2.50000000000003)
(-2 -2 -2.00000000000003)
(-2 -2 -1.50000000000003)
(-2 -2 -1.00000000000003)
(-2 -2 -0.500000000000033)
(-2 -2 -3.18356452311264e-14)
(0.657875021362985 -2 -7)
(1.32703992011992 -2 -7)
(1.66351996005996 -2 -6.67282933357035)
(2 -1.66371178992226 -6.67282933357035)
(1.66351996005996 -1.66371178992226 -7)
(2 -2 -7)
(2 -1.32742357984452 -7)
(2 -2 -6.34565866714069)
(2 -0.657875100131537 -7)
(2 -0.000863356990708053 -7)
(2 -2 -5.7059243853244)
(2 -2 -5.11281060085326)
(2 -2 -4.54598950825953)
(2 -2 -4.01753366714072)
(2 -2 -3.50368487706491)
(2 -2 -3.00038173342817)
(2 -2 -2.50000000000003)
(2 -2 -2.00000000000003)
(2 -2 -1.50000000000003)
(2 -2 -1.00000000000003)
(2 -2 -0.500000000000033)
(2 -2 -3.23907567434389e-14)
(-2 0.657875021362985 -7)
(-2 1.32703992011992 -7)
(-1.6637003980018 2 -6.67282933357035)
(-2 1.66351996005996 -6.67282933357035)
(-1.6637003980018 1.66351996005996 -7)
(-2 2 -7)
(-1.3274007960036 2 -7)
(-2 2 -6.34565866714069)
(-0.657875100131537 2 -7)
(-0.000812093348656728 2 -7)
(-2 2 -5.7059243853244)
(-2 2 -5.11281060085326)
(-2 2 -4.54598950825953)
(-2 2 -4.01753366714072)
(-2 2 -3.50368487706491)
(-2 2 -3.00038173342817)
(-2 2 -2.50000000000003)
(-2 2 -2.00000000000003)
(-2 2 -1.50000000000003)
(-2 2 -1.00000000000003)
(-2 2 -0.500000000000033)
(-2 2 -3.23907567434389e-14)
(2 0.657875100131511 -7)
(2 1.32656022285381 -7)
(0.65787510013151 2 -7)
(1.32658870265495 2 -7)
(1.66329435132747 2 -6.67282933357035)
(2 1.6632801114269 -6.67282933357035)
(1.66329435132747 1.6632801114269 -7)
(2 2 -7)
(2 2 -6.34565866714069)
(2 2 -5.7059243853244)
(2 2 -5.11281060085326)
(2 2 -4.54598950825953)
(2 2 -4.01753366714072)
(2 2 -3.50368487706491)
(2 2 -3.00038173342817)
(2 2 -2.50000000000003)
(2 2 -2.00000000000003)
(2 2 -1.50000000000003)
(2 2 -1.00000000000003)
(2 2 -0.500000000000033)
(2 2 -3.23907567434389e-14)
(-2 -2 0.499999999999967)
(-2 -2 0.999999999999968)
(-2 -2 1.49999999999997)
(-2 -2 1.99999999999997)
(-2 -2 2.49999999999997)
(-2 -2 3.0003817334281)
(-2 -2 3.50368487706484)
(-2 -2 4.01753366714065)
(-2 -2 4.54598950825947)
(-2 -2 5.11281060085321)
(-2 -2 5.70592438532436)
(-2 -2 6.34565866714068)
(-1.66351996005997 -2 6.67282933357034)
(-2 -1.66351996005997 6.67282933357034)
(-1.66351996005997 -1.66351996005997 7)
(-2 -2 7)
(-1.32703992011993 -2 7)
(-2 -1.32703992011993 7)
(-0.657875021363014 -2 7)
(-1.55986334959834e-14 -2 7)
(-2 -0.657875021363014 7)
(-2 -1.55986334959834e-14 7)
(2 -2 0.499999999999967)
(2 -2 0.999999999999968)
(2 -2 1.49999999999997)
(2 -2 1.99999999999997)
(2 -2 2.49999999999997)
(2 -2 3.0003817334281)
(2 -2 3.50368487706484)
(2 -2 4.01753366714065)
(2 -2 4.54598950825948)
(2 -2 5.11281060085321)
(2 -2 5.70592438532436)
(2 -2 6.34565866714068)
(0.657875021362983 -2 7)
(1.32703992011992 -2 7)
(1.66351996005996 -2 6.67282933357034)
(2 -1.66371117534954 6.67282933357034)
(1.66351996005996 -1.66371117534954 7)
(2 -2 7)
(2 -1.32742235069907 7)
(2 -0.657875100131538 7)
(2 -0.000860591413455403 7)
(-2 2 0.499999999999967)
(-2 2 0.999999999999968)
(-2 2 1.49999999999997)
(-2 2 1.99999999999997)
(-2 2 2.49999999999997)
(-2 2 3.00038173342811)
(-2 2 3.50368487706484)
(-2 2 4.01753366714066)
(-2 2 4.54598950825948)
(-2 2 5.11281060085321)
(-2 2 5.70592438532436)
(-2 2 6.34565866714068)
(-2 0.657875021362983 7)
(-2 1.32703992011992 7)
(-1.6637007524733 2 6.67282933357034)
(-2 1.66351996005996 6.67282933357034)
(-1.6637007524733 1.66351996005996 7)
(-2 2 7)
(-1.32740150494661 2 7)
(-0.657875100131539 2 7)
(-0.000813688470415075 2 7)
(2 2 0.499999999999967)
(2 2 0.999999999999968)
(2 2 1.49999999999997)
(2 2 1.99999999999997)
(2 2 2.49999999999997)
(2 2 3.0003817334281)
(2 2 3.50368487706484)
(2 2 4.01753366714065)
(2 2 4.54598950825948)
(2 2 5.11281060085321)
(2 2 5.70592438532436)
(2 2 6.34565866714067)
(2 0.657875100131509 7)
(2 1.32656175928561 7)
(0.657875100131508 2 7)
(1.32658781647619 2 7)
(1.6632939082381 2 6.67282933357034)
(2 1.66328087964281 6.67282933357034)
(1.6632939082381 1.66328087964281 7)
(2 2 7)
)


// ************************************************************************* //
