time,step,position_x,position_y,position_z,velocity_x,velocity_y,velocity_z,vorticity_x,vorticity_y,vorticity_z,kinematic_pressure
0.20000000000000015,100,1.0,-3.0,0.0,1.044840882965175,0.026045497493956515,2.940837302701202e-08,1.763041916938071e-09,-4.376852609016528e-09,0.0002259923445629256,-0.016676507436729625
0.20000000000000015,100,1.0,-2.875,0.0,1.052680053332886,0.03373090075577599,4.1130316372187825e-08,-2.448467705744968e-09,2.109762959622686e-09,0.0001786991382847131,-0.022363190031837243
0.20000000000000015,100,1.0,-2.75,0.0,1.0532901520565021,0.034052497903137274,4.176795187694732e-08,-2.2661311492930793e-09,1.5391361408508528e-09,0.00015072346751959087,-0.022752705046157735
0.20000000000000015,100,1.0,-2.625,0.0,1.053755425689104,0.03770805433234142,5.000622768582886e-08,-1.320487203927108e-09,1.675943074671704e-09,0.001214544650954138,-0.02342692676246795
0.20000000000000015,100,1.0,-2.5,0.0,1.0540134200189286,0.05001345555058004,7.383619301559693e-08,1.447112041177137e-09,3.400340777523586e-09,0.004739849575004905,-0.025247768520275674
0.20000000000000015,100,1.0,-2.375,0.0,1.0637197409203307,0.053257731421728696,5.8007697505006686e-08,-8.465811024775251e-10,-4.295619831483593e-09,0.004314637516819877,-0.03167198648437081
0.20000000000000015,100,1.0,-2.25,0.0,1.0645856890259453,0.05387348238979476,5.9377429438527344e-08,-1.2445512592484397e-09,-3.390721888824472e-09,0.004398563084229402,-0.032279680708120935
0.20000000000000015,100,1.0,-2.125,0.0,1.0714343618413116,0.05837380871007011,8.402351904760893e-08,-1.970834082965634e-09,1.157917292248421e-09,0.006679593921306197,-0.037867747337230605
0.20000000000000015,100,1.0,-2.0,0.0,1.080414613871451,0.06752177453075459,9.370073625091858e-08,-1.3578767850604333e-08,5.689696821902448e-09,0.012833268154883497,-0.04645089473791651
0.20000000000000015,100,1.0,-1.875,0.0,1.0739782151588488,0.08521232796175518,8.403354068503494e-08,-4.018863824222871e-08,-2.0925720949420157e-09,0.023328754900310177,-0.047831651303514806
0.20000000000000015,100,1.0,-1.75,0.0,1.0731401028616236,0.09574620140052209,9.159867086237162e-08,-7.16310005086041e-08,4.715601487236003e-09,0.02963410191939936,-0.05019544884623567
0.20000000000000015,100,1.0,-1.625,0.0,1.0771629107362388,0.1349746112987254,1.1555150611326827e-07,-2.493731365475694e-07,-7.181551142010191e-09,0.04878624537291806,-0.06008533742172743
0.20000000000000015,100,1.0,-1.5,0.0,1.0643547153331083,0.15285483788215823,7.161186269094314e-08,-2.9947474384635344e-07,-1.225860874195355e-08,0.057773459432608525,-0.056427037567580725
0.20000000000000015,100,1.0,-1.375,0.0,1.0630619118091067,0.15430405301957073,7.700512151367295e-08,-2.9294582428834577e-07,-1.1215553058155098e-08,0.05848890752993928,-0.056175412484189474
0.20000000000000015,100,1.0,-1.2500000000000002,0.0,1.048448540672571,0.18441689504722542,2.8694305832247643e-08,-2.5426786745814954e-07,-5.174507596955923e-09,0.07982048645266838,-0.057734493908895776
0.20000000000000015,100,1.0,-1.125,0.0,1.0417688101304738,0.1959709840535705,2.6063088083162636e-08,-2.180439044619508e-07,-1.311695521839518e-08,0.08187861150496473,-0.058002561222224636
0.20000000000000015,100,1.0,-1.0,0.0,1.004978073426964,0.22715442263784136,5.7522260329035494e-08,1.5670608950454447e-07,-7.674473329270633e-07,0.10018704910406437,-0.0512093411433615
0.20000000000000015,100,1.0,-0.875,0.0,0.9676340064894551,0.253876506412466,8.044187349905445e-08,1.304639899905731e-07,-1.4548911923592636e-06,0.1269776472656208,-0.04619097790785532
0.20000000000000015,100,1.0,-0.75,0.0,0.9163723513382436,0.2765430486624003,6.795997692083608e-09,8.563964488974543e-07,-3.0525081393414864e-06,0.15469030142674473,-0.03682809349045247
0.20000000000000015,100,1.0,-0.625,0.0,0.8527666896231061,0.2887253374247958,8.780491420507757e-09,4.3913364054943577e-07,-2.3590878933619435e-06,0.16772515889161776,-0.02304305252545309
0.20000000000000015,100,1.0,-0.5,0.0,0.7808989250922602,0.285601105496138,1.3370333195551434e-07,2.032264159696256e-06,-2.1769725930697325e-06,0.19339563120775766,-0.005632084155883214
0.20000000000000015,100,1.0,-0.375,0.0,0.7087797769409339,0.27898200782985677,3.6555114138547884e-08,1.0617178543940943e-06,-2.385463910095467e-06,0.28924744829886406,0.007774252654802194
0.20000000000000015,100,1.0,-0.25,0.0,0.6252780644968448,0.20447708005366852,2.504074531862392e-07,3.111716217130719e-07,-1.7480068360546904e-06,0.31441645751221076,0.03899118735323684
0.20000000000000015,100,1.0,-0.125,0.0,0.5603803886846248,0.12105611315045342,1.94358732523321e-07,5.286840375834086e-07,-1.5484135895286628e-06,0.35004126540429387,0.057245162802140065
0.20000000000000015,100,1.0,0.0,0.0,0.5212183390933878,0.02102033612282339,2.7940310096750263e-07,1.2531513426336884e-07,-9.882698219518656e-07,0.3142424623825637,0.06516263711991849
0.20000000000000015,100,1.0,0.12499999999999956,0.0,0.4926185883356358,-0.0713717021583721,1.7236468107993903e-07,-1.8079847760432996e-07,-1.4839670036235253e-06,0.22039257034841855,0.06243932931362917
0.20000000000000015,100,1.0,0.25,0.0,0.5761765547664781,-0.18988426098295086,6.005295494436816e-08,-3.9560479242061934e-07,-1.2270210027412542e-06,-0.04415152864431912,0.04248405721162761
0.20000000000000015,100,1.0,0.375,0.0,0.6641341932139169,-0.2719482432673864,-5.900419781940573e-08,-4.1784597097269605e-07,-1.5899714985498224e-06,-0.2490693944973162,0.013143109040170107
0.20000000000000015,100,1.0,0.49999999999999956,0.0,0.6980671786167414,-0.2852501289277015,-7.751555449541258e-08,-3.934556757546204e-07,-1.689354125153294e-06,-0.28450165972940517,0.00473711852684562
0.20000000000000015,100,1.0,0.625,0.0,0.8333285720793141,-0.2835487957449048,-8.888627569564554e-08,2.121678575090718e-07,-1.0121243820175329e-06,-0.23415320393569694,-0.01951826372840288
0.20000000000000015,100,1.0,0.75,0.0,0.9067009354067899,-0.2736079955148285,-4.660864118453689e-08,1.8296989438980842e-07,-4.65123092204566e-07,-0.19802888638517632,-0.034881040360958945
0.20000000000000015,100,1.0,0.8749999999999996,0.0,0.9449559948228154,-0.27106526891053045,-4.179929513410068e-08,4.475672809732114e-07,-2.473677550916066e-07,-0.19529658629265514,-0.04644153180985096
0.20000000000000015,100,1.0,1.0,0.0,1.0153281978238275,-0.2243482584997376,-1.197057412545788e-08,5.8127292326669395e-08,-2.939519182263318e-08,-0.114167674081431,-0.05688689833910319
0.20000000000000015,100,1.0,1.125,0.0,1.0403529868113974,-0.19559031801884758,-1.6190029744124047e-08,9.815038245679217e-08,-2.1411012210019155e-08,-0.0833686234434432,-0.05897827406352712
0.20000000000000015,100,1.0,1.25,0.0,1.0472120145039763,-0.18416867143698679,-1.740356914796341e-08,1.1831095673317992e-07,-1.7938951146068046e-08,-0.08061037409133485,-0.05888613896831214
0.20000000000000015,100,1.0,1.375,0.0,1.0621970445812572,-0.1541505007124574,5.323373329567374e-10,1.3727633927182794e-07,-1.4072963735726887e-08,-0.05878899582057122,-0.05768406809307765
0.20000000000000015,100,1.0,1.5,0.0,1.0635062359560168,-0.15271737641808233,5.989337984577309e-10,1.3912100262008238e-07,-1.3257733746387288e-08,-0.05807719918436649,-0.05796951258072586
0.20000000000000015,100,1.0,1.625,0.0,1.0701318813340392,-0.10010299298650002,6.6903957645172665e-09,4.287639599444436e-08,2.081769903071897e-09,-0.03232508865472424,-0.05145698243307928
0.20000000000000015,100,1.0,1.75,0.0,1.0726915792208742,-0.09575145208580693,6.74144773908105e-09,3.35959028886806e-08,1.3567761954845926e-09,-0.029627027647294656,-0.05208979892697157
0.20000000000000015,100,1.0,1.875,0.0,1.0735948297738058,-0.08524198899813348,1.083677092880384e-08,1.6744194777262526e-08,3.166439520840892e-09,-0.023324586473255967,-0.049769773795222495
0.20000000000000015,100,1.0,2.0,0.0,1.0535713144953585,-0.071525784223456,2.5733194657016093e-08,7.413364995680296e-09,-6.124835134851684e-11,-0.01479977055313323,-0.031892799740601246
0.20000000000000015,100,1.0,2.125,0.0,1.0634480126548138,-0.05959283231837444,-9.815257546417132e-10,6.377898330770224e-09,-3.3523760365884306e-09,-0.007290391606272916,-0.03491738712080045
0.20000000000000015,100,1.0,2.25,0.0,1.0643377550180078,-0.05806419502372747,-3.224708121245157e-10,5.0185821437096125e-09,-2.5905299121317974e-09,-0.006373689182368254,-0.035034140524762405
0.20000000000000015,100,1.0,2.375,0.0,1.063525974367846,-0.05331516155830822,-7.730620944864537e-10,1.2952183968767824e-09,-4.206985875263033e-09,-0.0043579820624202945,-0.03343565207218678
0.20000000000000015,100,1.0,2.5,0.0,1.0499027730284158,-0.046078427408821745,1.7753744067207775e-08,5.796793246825657e-10,4.161411897868415e-09,-0.004402175853541745,-0.023699729862960223
0.20000000000000015,100,1.0,2.625,0.0,1.0536250637523863,-0.03775633087524581,-4.016838613770944e-09,-1.1426667043845415e-09,-2.856619098841417e-09,-0.0012138956580838485,-0.025045134597743983
0.20000000000000015,100,1.0,2.75,0.0,1.0531730908953032,-0.0341068700596148,3.88863769829197e-10,-1.663730535905749e-10,-1.0669984637934624e-09,-0.00014739793257875013,-0.024375410059896175
0.20000000000000015,100,1.0,2.875,0.0,1.0525643491652774,-0.0337840171453323,4.617336615479774e-10,-3.0132729486531083e-10,-1.8538392701330542e-09,-0.00017557687490485417,-0.023974324263310712
0.20000000000000015,100,1.0,3.0,0.0,1.0447533584487434,-0.02608574378024739,-2.6986111887459385e-09,-1.5062570998416206e-09,-5.768777235942024e-09,-0.00022440296415778498,-0.018154797427495387
0.4000000000000003,200,1.0,-3.0,0.0,1.0482362372814011,0.025068052687418654,2.3118571803045285e-08,4.6714129440946395e-09,-2.2801150176399334e-08,-0.0008599626898420799,-0.01773807669949371
0.4000000000000003,200,1.0,-2.875,0.0,1.0571124558513962,0.03239255612483141,4.277215338020668e-08,-6.955447509504048e-09,8.105047349193391e-09,-0.0013954838354243676,-0.024419610655381733
0.4000000000000003,200,1.0,-2.75,0.0,1.0577739635275656,0.03268411645615115,4.2735989601184526e-08,-6.2218092671323976e-09,5.415342720699023e-09,-0.0014360896494100743,-0.02485783065355456
0.4000000000000003,200,1.0,-2.625,0.0,1.0587558363545393,0.03638291478051439,6.311446172883602e-08,-4.4134566751001905e-09,1.491329260583836e-08,-0.0005283649118849881,-0.025772870341365342
0.4000000000000003,200,1.0,-2.5,0.0,1.060620583840908,0.04895068561586277,8.277862374202933e-08,-9.803044286482613e-10,2.7206896320065157e-08,0.001867513882397719,-0.028149683181975523
0.4000000000000003,200,1.0,-2.375,0.0,1.0708857924357973,0.0518570534170663,4.472898614058738e-08,-5.252184000939054e-09,-1.7309136179730852e-08,0.0012471263978382349,-0.034689604686894394
0.4000000000000003,200,1.0,-2.25,0.0,1.071850417038493,0.052450630008492594,4.7058275242486496e-08,-6.584356021252842e-09,-1.2831651596841704e-08,0.001314180580888882,-0.03532384022107484
0.4000000000000003,200,1.0,-2.125,0.0,1.07977292010474,0.05628179634719538,8.11959935660216e-08,7.181390230344739e-09,2.7310430066130065e-09,0.002699764243813903,-0.041274938139626904
0.4000000000000003,200,1.0,-2.0,0.0,1.09103436430273,0.06409307478436288,8.31614269302359e-08,-1.5718804465264708e-09,2.65831922588944e-08,0.006838780924528045,-0.05068612430519415
0.4000000000000003,200,1.0,-1.875,0.0,1.0864619567799376,0.08150880964111253,4.5319993468749276e-08,-1.7675366552898783e-08,-2.672828279437978e-08,0.018755131560658684,-0.05250572484495252
0.4000000000000003,200,1.0,-1.75,0.0,1.087063621231661,0.0918940557329881,6.657681764401372e-08,-4.707767143969709e-08,-1.2148605186131882e-09,0.026713314391391164,-0.05562882694998458
0.4000000000000003,200,1.0,-1.625,0.0,1.098615875883287,0.13070661367780445,1.2199419355497086e-07,-1.9217760435901013e-07,4.196464195115276e-09,0.0481372581236499,-0.07054643322732072
0.4000000000000003,200,1.0,-1.5,0.0,1.0879182163566392,0.15017894599516918,5.719052692044491e-08,-2.8490914788099246e-07,-2.2134040860721123e-08,0.06349188328402589,-0.06835353775951204
0.4000000000000003,200,1.0,-1.375,0.0,1.0867709340754736,0.15190477387734552,7.29194311589644e-08,-2.682121333570881e-07,-3.973976735045609e-09,0.06534152128299214,-0.06818628046014157
0.4000000000000003,200,1.0,-1.2500000000000002,0.0,1.0762881950022307,0.18551961414759904,-6.75604835943138e-09,-3.03212334641427e-07,-2.218246808030271e-08,0.09722758721249723,-0.07189514789723687
0.4000000000000003,200,1.0,-1.125,0.0,1.0705467248836458,0.19929476116087363,-5.350816038168049e-09,-2.681432761129938e-07,-2.168470464091934e-08,0.11084411519550323,-0.07344196376382345
0.4000000000000003,200,1.0,-1.0,0.0,1.0322531500487833,0.2379891151079728,-6.396810661082593e-09,-1.5670231803764846e-07,-1.5955940311997438e-06,0.17172287733344424,-0.07034739157227814
0.4000000000000003,200,1.0,-0.875,0.0,0.991456425970654,0.27243327578582044,-4.272885372876748e-08,-4.477957234843431e-07,-3.0840020633536418e-06,0.22963402231006164,-0.0683957662400748
0.4000000000000003,200,1.0,-0.75,0.0,0.9312429286370814,0.3032997045312332,-2.2567633063043664e-07,-2.966343905871988e-07,-4.2804181588113e-06,0.3014262056829035,-0.061642568738936324
0.4000000000000003,200,1.0,-0.625,0.0,0.8517312285970322,0.3225299871684138,-2.2115993458370692e-07,2.2703259740316025e-07,-2.2048050694961103e-06,0.3509055684751422,-0.050649526831513136
0.4000000000000003,200,1.0,-0.5,0.0,0.757632946569403,0.3223790686415169,-1.1969020144891756e-07,1.8942563759801688e-06,-1.6596857061326242e-06,0.40353516280851903,-0.03519423996666468
0.4000000000000003,200,1.0,-0.375,0.0,0.662919090120309,0.31311942851728525,-1.2385815808407645e-07,1.1541991151338346e-06,-1.0957468246863605e-06,0.5372448559283979,-0.02450901999305633
0.4000000000000003,200,1.0,-0.25,0.0,0.5536676885855627,0.22506876307613297,2.0170319149653447e-07,7.707115118430949e-07,-1.6406078924744732e-06,0.49132346441404595,0.00943051270359765
0.4000000000000003,200,1.0,-0.125,0.0,0.4731439075551296,0.12349676773021967,4.7954407888059624e-08,9.70630228743583e-07,-2.1742801059785033e-06,0.45956325752989546,0.028982320417931102
0.4000000000000003,200,1.0,0.0,0.0,0.4276972290586347,0.0054280446545668486,2.5812761672838637e-07,2.295291499774284e-07,-1.7918872950507817e-06,0.3359973864979599,0.03678828099747776
0.4000000000000003,200,1.0,0.12499999999999956,0.0,0.3968927478120025,-0.09955899456487684,4.708778392509247e-08,-5.168625658339779e-07,-2.2450827936858477e-06,0.1274895892974621,0.03059354244360708
0.4000000000000003,200,1.0,0.25,0.0,0.5064127259341247,-0.23464513597771847,-1.3146392989743384e-07,-7.905530890249294e-07,-1.4495659899793812e-06,-0.23058619105906164,0.010383675800330604
0.4000000000000003,200,1.0,0.375,0.0,0.6237838682005237,-0.31850574176373314,-2.8925599929189145e-07,-3.788116270152063e-07,-1.0437766998681803e-06,-0.49438554988407113,-0.02189729487666265
0.4000000000000003,200,1.0,0.49999999999999956,0.0,0.6675729965765183,-0.3303050812177658,-3.09957055318251e-07,-4.7093271028088023e-08,-9.763126265669542e-07,-0.5261722847733455,-0.029983414343979428
0.4000000000000003,200,1.0,0.625,0.0,0.8327189085030302,-0.32086296191148483,-2.0857561855197338e-07,9.99331763045074e-07,-6.198601372003829e-07,-0.38730153352678004,-0.04814366735013988
0.4000000000000003,200,1.0,0.75,0.0,0.9199286388698759,-0.3021312429383703,-9.891553198944328e-08,6.733162163120351e-07,-2.318099162820734e-07,-0.3270283877168412,-0.060216586416594095
0.4000000000000003,200,1.0,0.8749999999999996,0.0,0.9661660014766638,-0.2926395081715048,-3.256257031769511e-08,7.339805382861049e-07,-8.458605512209379e-08,-0.31876572079275706,-0.07107839875214989
0.4000000000000003,200,1.0,1.0,0.0,1.042673374727567,-0.23260447643893595,-1.0088075126312117e-08,1.1489035564521498e-07,-1.0208098914772309e-08,-0.17649393322247628,-0.07639526406328026
0.4000000000000003,200,1.0,1.125,0.0,1.067703184315846,-0.1994083963135289,-1.6868143455669545e-08,1.2808723848560575e-07,-3.668822313643579e-09,-0.1126137896662744,-0.07474263170352662
0.4000000000000003,200,1.0,1.25,0.0,1.0737777706098588,-0.1856460134117907,-1.6205636473992884e-08,1.4975046632949444e-07,-6.292585390119983e-09,-0.09906706707037681,-0.07339988319027298
0.4000000000000003,200,1.0,1.375,0.0,1.0849006918019302,-0.15199533083676653,8.290781395658205e-10,1.431594820747729e-07,-1.3179046713704601e-08,-0.06601832883886366,-0.06997423838788709
0.4000000000000003,200,1.0,1.5,0.0,1.086083945534181,-0.15027551626171487,1.09362211503706e-09,1.411863388395351e-07,-1.3149495099673252e-08,-0.06414774569382134,-0.07017135140634786
0.4000000000000003,200,1.0,1.625,0.0,1.0840363313866976,-0.09655646034313309,8.783451152361429e-10,3.647645018727331e-08,4.203849657199283e-09,-0.030825863401548068,-0.05727714359849298
0.4000000000000003,200,1.0,1.75,0.0,1.0861215410154808,-0.09205893812109821,1.9344176206118475e-09,2.940059718528786e-08,2.3820773451369556e-09,-0.026931724935483133,-0.05752580840124924
0.4000000000000003,200,1.0,1.875,0.0,1.0856730573395938,-0.08170424313733923,2.2840346488858265e-08,1.7699505412908538e-08,1.8016550057265417e-08,-0.018869211929449795,-0.05439973655184283
0.4000000000000003,200,1.0,2.0,0.0,1.062257250290996,-0.07031516380764088,3.410606767517111e-08,1.2529430881971563e-08,2.4402684449554202e-08,-0.01349329160084928,-0.03530816929809356
0.4000000000000003,200,1.0,2.125,0.0,1.0710536002010227,-0.0582517194627869,-1.500590236301443e-08,1.0917114016623567e-08,-9.556991836132369e-09,-0.004670437608266147,-0.03809700104874796
0.4000000000000003,200,1.0,2.25,0.0,1.0718086055751201,-0.056727217068478,-9.89488626457028e-09,8.612128133217437e-09,-6.781475136466983e-09,-0.003580609271268057,-0.03818817139933855
0.4000000000000003,200,1.0,2.375,0.0,1.0704564569662258,-0.05204047787624002,-6.28785634651514e-09,7.756308226987434e-10,-1.6049445302316736e-08,-0.0012853595402910545,-0.03645772242201661
0.4000000000000003,200,1.0,2.5,0.0,1.0557776576451139,-0.04516343803215346,3.171702414065367e-08,3.071487163106539e-09,1.9178976189085575e-08,-0.0021400910797161714,-0.02641438181776754
0.4000000000000003,200,1.0,2.625,0.0,1.0584654548077548,-0.03652398619805833,-1.888350212871875e-08,-2.163997418837781e-09,-1.8385275717108066e-08,0.000540126672695185,-0.027392208425065706
0.4000000000000003,200,1.0,2.75,0.0,1.0575195334058096,-0.032835050049712336,-8.716801150337629e-10,-1.1086632119974394e-09,-5.266706838021506e-09,0.0014561661019397063,-0.026491815266362
0.4000000000000003,200,1.0,2.875,0.0,1.0568604433849034,-0.032539972134427095,-1.5001037914584842e-09,-1.941043630897496e-09,-8.286048062463213e-09,0.0014143158996840941,-0.02604174142548025
0.4000000000000003,200,1.0,3.0,0.0,1.0480408172980709,-0.025175708312641876,-1.0539567036088748e-08,-5.258988122030542e-09,-2.5280001289014443e-08,0.00086358278421232,-0.019238085944202246
0.6000000000000004,300,1.0,-3.0,0.0,1.0516401124102515,0.02412218868301556,2.55687005548533e-08,1.2049143140049629e-08,-3.9411750537730465e-08,-0.0014647561847708425,-0.01831907077409711
0.6000000000000004,300,1.0,-2.875,0.0,1.061296333723049,0.030972368871683118,4.360809833135651e-08,-1.1873423918862877e-08,1.4830227494388358e-08,-0.0016414023498483444,-0.02574264806545129
0.6000000000000004,300,1.0,-2.75,0.0,1.0619885872637491,0.03122293156151594,4.346446061598087e-08,-1.0509956580670757e-08,9.882314627542745e-09,-0.0016331024048396698,-0.026209136020192363
0.6000000000000004,300,1.0,-2.625,0.0,1.063547681034449,0.03494848559817243,7.086677092258743e-08,-8.67192140272516e-09,2.74026866152162e-08,-0.0010231306466835029,-0.02757532779891898
0.6000000000000004,300,1.0,-2.5,0.0,1.0671192503226319,0.047646760881887816,9.309655283099711e-08,-2.945150809524439e-09,4.7640634769530616e-08,-0.0002873184168617896,-0.031642058019224775
0.6000000000000004,300,1.0,-2.375,0.0,1.0773560959976776,0.04986253096915242,4.277000973758734e-08,-9.75854892005137e-09,-2.8090485567335933e-08,0.00013298034268900493,-0.03857705486780626
0.6000000000000004,300,1.0,-2.25,0.0,1.0783753166937213,0.050401494962491675,4.490741057771085e-08,-1.3046888610628192e-08,-2.0339825723213472e-08,0.0002746572054067375,-0.039286595322528435
0.6000000000000004,300,1.0,-2.125,0.0,1.0868932632062815,0.05369010816447564,8.476995105166569e-08,1.4143440337736849e-08,2.6311648714905143e-08,0.0008933030236029822,-0.04547778719827281
0.6000000000000004,300,1.0,-2.0,0.0,1.0997576211142306,0.06074550167711994,7.379488200852425e-08,-1.0571640826534503e-08,4.069020043074922e-08,0.0023146223194357115,-0.05525788984961187
0.6000000000000004,300,1.0,-1.875,0.0,1.0980325832029962,0.07845207657054028,1.1007140129289179e-08,-1.7050578295535588e-08,-5.4343805147973513e-08,0.011405872126607399,-0.05845756330731949
0.6000000000000004,300,1.0,-1.75,0.0,1.1002985013695687,0.0887456187337881,3.8240687686325864e-08,-4.761323646070466e-08,-9.539884386170372e-09,0.01849252574659104,-0.062453570378647856
0.6000000000000004,300,1.0,-1.625,0.0,1.119330260898073,0.12616962697913484,1.2899685266548424e-07,-9.378517735313481e-08,3.8153186083423505e-08,0.038414755014688766,-0.08235235149659272
0.6000000000000004,300,1.0,-1.5,0.0,1.1119677874594678,0.1465084306204315,4.560847870457929e-08,-2.411076364465928e-07,-4.4119038078244396e-08,0.0542876408855192,-0.08216165755862262
0.6000000000000004,300,1.0,-1.375,0.0,1.11107101937216,0.14838709258488125,7.330332382610942e-08,-1.8953917828594834e-07,-2.911148061492669e-09,0.05636334594134231,-0.082076009293729
0.6000000000000004,300,1.0,-1.2500000000000002,0.0,1.1057492438059804,0.18428954274578938,-2.2567532170892425e-08,-3.741525970865286e-07,7.637947179421894e-09,0.09827907624449256,-0.08818218887269876
0.6000000000000004,300,1.0,-1.125,0.0,1.1016666242379416,0.19852042766296155,-1.3278501900573575e-08,-3.266171137469774e-07,1.1518405295577588e-08,0.12166435969365934,-0.091277873769414
0.6000000000000004,300,1.0,-1.0,0.0,1.065192057536434,0.24101305131435763,-2.430648443213152e-08,-2.7645296628909407e-07,-1.3855409983895462e-06,0.22002594900391464,-0.0933385748725149
0.6000000000000004,300,1.0,-0.875,0.0,1.023608564470149,0.28217851613260886,-7.602651624422931e-08,-7.852545507766984e-07,-2.978889630378163e-06,0.3226213983800943,-0.09589620614214228
0.6000000000000004,300,1.0,-0.75,0.0,0.9561953062904429,0.32069722267273676,-2.12914937778931e-07,-1.41682815429814e-06,-3.7297234437220342e-06,0.4702227883746343,-0.09421391219571748
0.6000000000000004,300,1.0,-0.625,0.0,0.8590150215190564,0.34989072395611187,-1.4141299115264258e-07,-1.376710119622329e-06,-1.758189115496803e-06,0.6105211890494961,-0.08835683496977301
0.6000000000000004,300,1.0,-0.5,0.0,0.7362893574221138,0.3551846331216023,-7.680849024215424e-08,-1.2099973060381885e-06,-4.599892848811578e-07,0.73792510407225,-0.07626497228731806
0.6000000000000004,300,1.0,-0.375,0.0,0.6127346763526486,0.34186928382070214,-7.986611934068663e-08,-3.3565975308601644e-07,-1.1065782214506184e-06,0.9315014969100619,-0.06948874454249226
0.6000000000000004,300,1.0,-0.25,0.0,0.46821675612146557,0.24525767934332465,2.463770110779195e-07,8.055351148114083e-07,-1.1209616804786076e-06,0.7596758506883541,-0.0305424580902729
0.6000000000000004,300,1.0,-0.125,0.0,0.3694308276705719,0.12606431080317917,-6.501215890481843e-08,7.287437474913613e-07,-1.6432906890024183e-06,0.5883720900089082,-0.008777843473190574
0.6000000000000004,300,1.0,0.0,0.0,0.3187826927335186,-0.008675495747612772,2.137146101305793e-07,7.229087175253305e-08,-1.9751739886381e-06,0.3043462618548013,-0.000601118617654558
0.6000000000000004,300,1.0,0.12499999999999956,0.0,0.28906949336000076,-0.12171579077318867,-9.654945797901777e-08,-6.690551555939825e-07,-2.0045357866991974e-06,-0.06290215611834687,-0.012590026675962117
0.6000000000000004,300,1.0,0.25,0.0,0.43040447137063576,-0.274451023844627,-2.9016430660348784e-07,-7.3772667564898e-07,-9.257297822475451e-07,-0.569629817558947,-0.03304421618797419
0.6000000000000004,300,1.0,0.375,0.0,0.5840330666256212,-0.35724697026128605,-3.752970121527053e-07,3.123346676766384e-07,-3.567690941697951e-07,-0.8881268946128918,-0.06954736684741927
0.6000000000000004,300,1.0,0.49999999999999956,0.0,0.6398181166653889,-0.36788953197885266,-3.4308067834702595e-07,8.51735500790916e-07,-2.8596553692927965e-07,-0.9016094748844121,-0.07738168641692016
0.6000000000000004,300,1.0,0.625,0.0,0.8424940022829349,-0.35333291544112433,-1.4873689072625096e-07,1.5013688913583191e-06,-1.3156410307917177e-07,-0.6148201319249553,-0.08680953771669157
0.6000000000000004,300,1.0,0.75,0.0,0.9445349733815627,-0.3224041136219489,-7.615082789184712e-08,7.439791233723943e-07,-2.7730984492177256e-08,-0.4757861966353146,-0.09297423849239148
0.6000000000000004,300,1.0,0.8749999999999996,0.0,0.9983123184435894,-0.305033419513903,-6.719718555932937e-09,5.785763472580755e-07,6.140237528482757e-09,-0.42921389692319706,-0.10190187237380766
0.6000000000000004,300,1.0,1.0,0.0,1.0748087266313937,-0.23424627514229224,-7.750952488270408e-09,1.0055019321981574e-07,2.482526563736032e-08,-0.21285733885215335,-0.0989284091650816
0.6000000000000004,300,1.0,1.125,0.0,1.0977035532154495,-0.19936803645526863,-1.6755471665532456e-08,1.1929137561139658e-07,6.770107850991142e-09,-0.12351390630367806,-0.09235036631437805
0.6000000000000004,300,1.0,1.25,0.0,1.102230385859194,-0.1849674380492545,-1.4974097112757814e-08,1.4905829545980542e-07,-1.5010540753324253e-08,-0.09938294862307982,-0.08945734162399048
0.6000000000000004,300,1.0,1.375,0.0,1.1083072325863124,-0.14894885552394282,-1.7835413943474704e-09,1.2696708335698364e-07,-2.3359100841234676e-08,-0.05668506405219623,-0.08369664709393326
0.6000000000000004,300,1.0,1.5,0.0,1.1092487861882305,-0.14707063448136445,-1.8275538361148329e-09,1.2465749462685655e-07,-2.4886288940914328e-08,-0.05448817937257681,-0.08381172860231131
0.6000000000000004,300,1.0,1.625,0.0,1.097435798151563,-0.09378536488077918,-7.525888667078165e-09,4.7370917412988315e-08,9.292635351169989e-09,-0.02252440541534003,-0.06442583078053017
0.6000000000000004,300,1.0,1.75,0.0,1.0987933465110133,-0.08917152802758364,-5.43419700389711e-09,3.909225277183216e-08,4.705426056246976e-09,-0.01886736460205304,-0.06424844791858027
0.6000000000000004,300,1.0,1.875,0.0,1.096770958493125,-0.07891719391548166,2.607448229245969e-08,2.61775220324857e-08,2.8794256923019712e-08,-0.011709946069288522,-0.06033805426246082
0.6000000000000004,300,1.0,2.0,0.0,1.0714125022097611,-0.0691249120665784,3.99617108145869e-08,1.3188872961623505e-08,4.486428735366388e-08,-0.009779980117785253,-0.04127226403063859
0.6000000000000004,300,1.0,2.125,0.0,1.0781469810269364,-0.056452247744225616,-2.8788302199097946e-08,1.2947050871981018e-08,-3.262553791893417e-08,-0.0030449501227786534,-0.04338818207373412
0.6000000000000004,300,1.0,2.25,0.0,1.078666434848897,-0.0548805307977913,-1.9196212216705204e-08,1.034511328983647e-08,-2.1834286925822818e-08,-0.0021834957666682408,-0.04339386688005331
0.6000000000000004,300,1.0,2.375,0.0,1.0767030380005753,-0.050245829150506995,-7.595796691636721e-09,-2.6508332959715095e-09,-2.5941564491949686e-08,-0.00011687260858949235,-0.041264820810322934
0.6000000000000004,300,1.0,2.5,0.0,1.061783990786889,-0.044233175109368646,4.3047454504880706e-08,8.637665730971552e-09,3.1087715930750844e-08,-0.00020516906564344223,-0.030166651761960137
0.6000000000000004,300,1.0,2.625,0.0,1.0630815977318815,-0.03521797812797693,-2.7534626635101586e-08,-3.4378828545158286e-09,-3.1053047716667845e-08,0.0010586481824259222,-0.030214295881313264
0.6000000000000004,300,1.0,2.75,0.0,1.0615813083400627,-0.03150423356235914,-1.3664163829556319e-09,-2.112356728792593e-09,-9.611043020383644e-09,0.0016956860731184192,-0.02890045493527479
0.6000000000000004,300,1.0,2.875,0.0,1.0608922836993255,-0.0312472796678464,-2.1583959127524055e-09,-3.6428076446675064e-09,-1.4891233322802998e-08,0.0017005824651855587,-0.02841129205198084
0.6000000000000004,300,1.0,3.0,0.0,1.05132299482578,-0.02432425680955807,-1.1726431661862417e-08,-1.3007067019487791e-08,-4.254296857647164e-08,0.0014805499747329101,-0.020733297133635847
0.8000000000000006,400,1.0,-3.0,0.0,1.0549981653051201,0.02315289203772334,3.909274312355521e-08,1.8588950158888924e-08,-4.691889065078437e-08,-0.0013390741257453492,-0.02048879329561369
0.8000000000000006,400,1.0,-2.875,0.0,1.0653144394617826,0.029530227538186214,4.03831798587668e-08,-1.5775642967814036e-08,1.8601101963093754e-08,-0.0008471211822043522,-0.028671244295809164
0.8000000000000006,400,1.0,-2.75,0.0,1.0660273507806495,0.029733104215045714,4.16395811883156e-08,-1.4188995540897233e-08,1.2492967673071955e-08,-0.0007627381499974888,-0.029170819164969133
0.8000000000000006,400,1.0,-2.625,0.0,1.068073039062156,0.033486321106304034,6.491565212676698e-08,-1.6108467414465775e-08,3.704168788482939e-08,-0.0005429816862066956,-0.03095152671384636
0.8000000000000006,400,1.0,-2.5,0.0,1.0731381276871423,0.046273178616398056,1.0703918138703519e-07,-7.112968821136242e-09,5.643686933800343e-08,-0.001296211028631659,-0.03642470590038365
0.8000000000000006,400,1.0,-2.375,0.0,1.0831229724489493,0.04747780313799649,5.1609504217174375e-08,-1.3527168380637128e-08,-3.2705147354772714e-08,0.0005977081666068946,-0.043706776225617985
0.8000000000000006,400,1.0,-2.25,0.0,1.0841649967004476,0.04793252930671898,5.141746629211479e-08,-1.850355420707446e-08,-2.3473706923527402e-08,0.0008261811235494449,-0.044484958034926796
0.8000000000000006,400,1.0,-2.125,0.0,1.0928326695319437,0.05070651049414218,8.965444436014983e-08,2.0825200047212333e-08,4.597892787255683e-08,0.0006597041812142541,-0.050835425398435885
0.8000000000000006,400,1.0,-2.0,0.0,1.1063669223977246,0.05732244349129044,7.213920661452939e-08,-5.1591288695032714e-08,3.2434819225921035e-08,-0.001084163812770661,-0.060820474198262975
0.8000000000000006,400,1.0,-1.875,0.0,1.1082073526826344,0.07550989991329518,-3.8642212266269126e-09,-5.348406447768416e-08,-7.958108807779037e-08,0.0033949632686678423,-0.0655923203148451
0.8000000000000006,400,1.0,-1.75,0.0,1.1122137745131895,0.08566087384840235,1.976884402329315e-08,-7.236433123741117e-08,-2.4905217935913835e-08,0.009568437273615952,-0.07031461720546776
0.8000000000000006,400,1.0,-1.625,0.0,1.1389899748038417,0.12076037261354836,1.2238214512564697e-07,2.5154779910953754e-08,9.039948750931908e-08,0.032407351043872414,-0.09452753906418292
0.8000000000000006,400,1.0,-1.5,0.0,1.135630730510736,0.14163784445240823,2.8521350330908333e-08,-1.47611341046209e-07,-2.964449735717261e-08,0.04903565327062139,-0.09632167912411538
0.8000000000000006,400,1.0,-1.375,0.0,1.1349583748313667,0.14365560494849933,7.259589634214585e-08,-9.203410113424076e-08,2.249416278984229e-08,0.05122679824776701,-0.09633225758974946
0.8000000000000006,400,1.0,-1.2500000000000002,0.0,1.1339839419538849,0.17999979334017682,-9.437179068519696e-09,-2.6998453120586004e-07,-1.883549127054242e-08,0.10712205367283695,-0.1048862991140103
0.8000000000000006,400,1.0,-1.125,0.0,1.1319146799126842,0.1943294873949968,7.96711712824654e-09,-2.6461398865006846e-07,-1.4868184524890658e-08,0.13296099924210766,-0.10957389562973492
0.8000000000000006,400,1.0,-1.0,0.0,1.1003618239104813,0.23894366544973966,4.1720513536892006e-08,-4.717259406593663e-07,-7.79018148866205e-07,0.25029462113883044,-0.11717180266061003
0.8000000000000006,400,1.0,-0.875,0.0,1.061139847238445,0.2843524117676211,-6.257141917412964e-10,-1.17339534192834e-06,-1.8849410565459496e-06,0.39879945006164275,-0.12546127867127177
0.8000000000000006,400,1.0,-0.75,0.0,0.9894941035688402,0.3296433283222119,-7.041734943223562e-08,-2.004595324973899e-06,-2.7916032688419746e-06,0.6532492233069146,-0.1297990224797508
0.8000000000000006,400,1.0,-0.625,0.0,0.8741447964769823,0.36581792165074584,5.4705810325123796e-08,-2.6678879714049715e-06,-1.289889794921979e-06,0.936327050453841,-0.12986699970095716
0.8000000000000006,400,1.0,-0.5,0.0,0.7177277546556542,0.37384936342826247,2.802845279328565e-07,-2.553493352969916e-06,6.982231222205057e-07,1.1728148978740918,-0.12334069831351997
0.8000000000000006,400,1.0,-0.375,0.0,0.5603413000724595,0.35398029129401,2.2868686930136627e-07,-1.6717739363262876e-06,-1.2949410946733241e-06,1.4100840442488463,-0.12393370865452877
0.8000000000000006,400,1.0,-0.25,0.0,0.3740010883428994,0.2526977226639877,5.15782263724736e-07,9.909979331866157e-07,-1.4887192930784122e-06,1.097833785488955,-0.08053812327559084
0.8000000000000006,400,1.0,-0.125,0.0,0.25609998968330944,0.1247512636107482,-1.7749411205660385e-08,3.1416112816827524e-07,-9.75458020756984e-07,0.7352546785846995,-0.057271509415738366
0.8000000000000006,400,1.0,0.0,0.0,0.2015084339600224,-0.01735970692969148,2.453863373951099e-07,-2.3034686495327015e-07,-1.731908606734314e-06,0.24666952845792603,-0.04877811506223702
0.8000000000000006,400,1.0,0.12499999999999956,0.0,0.17679332014515625,-0.1314816212333737,-1.6153774334203277e-07,-5.540213982698802e-07,-1.391049180372952e-06,-0.2857697776595608,-0.06565804473789079
0.8000000000000006,400,1.0,0.25,0.0,0.3493803011744835,-0.29347143774563333,-3.369369109192703e-07,-1.2477097838575289e-07,-4.062872187626553e-07,-0.984137208072838,-0.08536552625111968
0.8000000000000006,400,1.0,0.375,0.0,0.5431487733262224,-0.3766049914196933,-3.3388708077084173e-07,1.0286167838962182e-06,-6.141198841824224e-08,-1.3614847679795776,-0.1260865557439852
0.8000000000000006,400,1.0,0.49999999999999956,0.0,0.6131944222539985,-0.38828785954967954,-2.4142693088368114e-07,1.5040082334058347e-06,-1.8552663026674198e-08,-1.3629010549365068,-0.1331332859386231
0.8000000000000006,400,1.0,0.625,0.0,0.8614759107045615,-0.3747094064690877,-4.683854731971645e-08,1.3306231398329724e-06,-2.4812958944984362e-08,-0.9180877336150917,-0.12979680964774395
0.8000000000000006,400,1.0,0.75,0.0,0.978648556326744,-0.3349253701566485,-6.099234291425797e-08,5.02468158277233e-07,-6.888743676366953e-09,-0.6399811202193304,-0.12955707126088628
0.8000000000000006,400,1.0,0.8749999999999996,0.0,1.0372177024663127,-0.30951750914532367,2.466324066735199e-09,3.0366871765502585e-07,-8.584237563988125e-09,-0.5374926798818399,-0.1362755110591027
0.8000000000000006,400,1.0,1.0,0.0,1.108784830223168,-0.23187127594251497,-1.1973761265102299e-08,6.300974255492969e-08,-2.180034983428469e-08,-0.23614703438324947,-0.12313951149369275
0.8000000000000006,400,1.0,1.125,0.0,1.1271266288154609,-0.19629768182481852,-2.219937345173925e-08,9.817737540592293e-08,-3.737613926862586e-08,-0.12982383567798048,-0.1115802313202393
0.8000000000000006,400,1.0,1.25,0.0,1.1296081127072408,-0.1818242268451711,-3.109499422004532e-08,1.2686628621449299e-07,-6.228178826787297e-08,-0.10328681502625711,-0.10704275607011166
0.8000000000000006,400,1.0,1.375,0.0,1.1312956937299006,-0.14502849204456864,-1.1002144359727376e-08,1.1440555722601025e-07,-1.9561230625579783e-08,-0.04949740109022198,-0.09885894520823396
0.8000000000000006,400,1.0,1.5,0.0,1.1320116112423082,-0.14302187564400293,-1.2652123399302263e-08,1.1224063703811466e-07,-1.9600607527713648e-08,-0.04732197453233539,-0.09888672674090518
0.8000000000000006,400,1.0,1.625,0.0,1.1097076788032623,-0.09121982831768372,-1.0164743427253046e-08,3.7582128065756445e-08,4.876132640848239e-09,-0.013177583151849087,-0.07362234542570988
0.8000000000000006,400,1.0,1.75,0.0,1.110241860803879,-0.08649297826001895,-8.484768633195766e-09,3.8286864558962085e-08,1.8302055792725064e-09,-0.00984093676566151,-0.07312679943684225
0.8000000000000006,400,1.0,1.875,0.0,1.106549809814138,-0.07633583989705661,1.607212042317799e-08,4.4207733772879414e-08,3.7318398405683874e-08,-0.0037998865020672594,-0.0684217514669473
0.8000000000000006,400,1.0,2.0,0.0,1.0805210931540037,-0.0678493790718779,4.605182106661357e-08,2.031662530320176e-08,5.345418944347114e-08,-0.005479988977838168,-0.048381310491673345
0.8000000000000006,400,1.0,2.125,0.0,1.0846348707523192,-0.054299439711041585,-3.746368250279995e-08,1.3942601309675846e-08,-4.585461166919814e-08,-0.002465835141832491,-0.0491051878151976
0.8000000000000006,400,1.0,2.25,0.0,1.08483986701871,-0.052658428957783464,-2.5168369953822797e-08,1.109778764019981e-08,-3.0355143453100726e-08,-0.002013078862688308,-0.0489390066587091
0.8000000000000006,400,1.0,2.375,0.0,1.082208241022095,-0.04811833859200218,-2.2163050465674422e-09,-6.248396193788596e-09,-3.023829157457655e-08,-0.0004876618611035485,-0.046273339083320625
0.8000000000000006,400,1.0,2.5,0.0,1.0673710915000691,-0.043426214510299196,5.674097148318768e-08,2.012066399509577e-08,3.489919770378347e-08,0.0011101463751150742,-0.034394310109676356
0.8000000000000006,400,1.0,2.625,0.0,1.067424505103318,-0.03393990113959021,-2.1736028019725706e-08,-8.386516228580245e-09,-3.978620351097772e-08,0.0006177701943596357,-0.03335965287201583
0.8000000000000006,400,1.0,2.75,0.0,1.0654630313347764,-0.03019723332639962,4.849821701534431e-10,-2.4691872538780806e-09,-1.198548125630296e-08,0.0008743357108083608,-0.031600699914975376
0.8000000000000006,400,1.0,2.875,0.0,1.0647536913254303,-0.029983985192168792,1.0306788675302618e-09,-4.275064345871529e-09,-1.8486376536957553e-08,0.0009532161757299829,-0.031082502823686974
0.8000000000000006,400,1.0,3.0,0.0,1.0545506553442237,-0.02348319049963177,-1.6120041908246067e-09,-1.9676759032252626e-08,-5.056190347924725e-08,0.0013782245331290216,-0.022704825565337056
1.0000000000000007,500,1.0,-3.0,0.0,1.0582098850949677,0.02207525697388658,5.9201755374507585e-08,2.132047191686455e-08,-4.3518171948927124e-08,-0.0005781015197712225,-0.022922831995662713
1.0000000000000007,500,1.0,-2.875,0.0,1.0690627277688391,0.027978428558799444,3.5991248773101636e-08,-1.6810638569724056e-08,1.7101691826721038e-08,0.0005232213842462159,-0.031685619246991925
1.0000000000000007,500,1.0,-2.75,0.0,1.0697886818273332,0.028128007170821548,3.965173445297533e-08,-1.554713051882647e-08,1.1203316270718497e-08,0.0006798991721270963,-0.032208616597474975
1.0000000000000007,500,1.0,-2.625,0.0,1.0722178516786658,0.03190291283049199,5.211517078894214e-08,-2.2736297696352567e-08,3.9262265292684135e-08,0.0005500111994137145,-0.034415401265568954
1.0000000000000007,500,1.0,-2.5,0.0,1.0785807728676027,0.04470046944034481,1.2817247338220772e-07,-1.879844602629058e-08,5.398868297852361e-08,-0.0010954915235366655,-0.04148763310970648
1.0000000000000007,500,1.0,-2.375,0.0,1.088286848855151,0.04461402349052912,6.540579613232817e-08,-1.798924166356062e-08,-2.963284542055901e-08,0.002206186100253063,-0.04917442116717751
1.0000000000000007,500,1.0,-2.25,0.0,1.0893365602195166,0.04495829692919335,6.185876075206604e-08,-2.376473213989171e-08,-2.1090176684320855e-08,0.0025084547909564586,-0.05002817922223186
1.0000000000000007,500,1.0,-2.125,0.0,1.0978618729671807,0.04719886941873777,9.271844722540676e-08,2.423163100747592e-08,5.196580424045933e-08,0.002154174093416926,-0.05665913883006754
1.0000000000000007,500,1.0,-2.0,0.0,1.1113486643530697,0.053546267625673466,8.485871892644618e-08,-1.0889184086119422e-07,9.875921387726817e-09,-0.0012735329409822268,-0.06710198508863911
1.0000000000000007,500,1.0,-1.875,0.0,1.116865734196638,0.0723308496519927,2.4497505391009685e-09,-1.1201125410077003e-07,-8.305200954283145e-08,-0.0022438609254014086,-0.07382513447699625
1.0000000000000007,500,1.0,-1.75,0.0,1.1227726519312111,0.0821465096279394,1.9163213934931577e-08,-1.0887465480403107e-07,-5.494098423698498e-08,0.004191323852228481,-0.07964358630837232
1.0000000000000007,500,1.0,-1.625,0.0,1.1567673209108047,0.11378219474539805,8.630941082382174e-08,6.503211975629296e-08,8.462377813259313e-08,0.03418185187012208,-0.10874024389731718
1.0000000000000007,500,1.0,-1.5,0.0,1.1576237390053783,0.13457108805727613,-2.658660090187631e-08,-9.810489012960674e-08,-6.499340510341927e-08,0.05503424044939423,-0.11270306956752604
1.0000000000000007,500,1.0,-1.375,0.0,1.1571637299373636,0.13663916234939344,5.4428397953389766e-08,-2.3880619673949886e-08,-1.634630893362796e-08,0.0582494114638825,-0.11280844370232698
1.0000000000000007,500,1.0,-1.2500000000000002,0.0,1.1597793398848124,0.1704160026121258,-3.297829762983359e-08,-1.024329056479233e-07,-1.6825744709381973e-07,0.13115581324870645,-0.12317003800388766
1.0000000000000007,500,1.0,-1.125,0.0,1.1592443540578814,0.18467942906259371,-1.3526959669883282e-09,-1.595714016967256e-07,-1.6986001472764202e-07,0.1619935360620941,-0.1293454880440947
1.0000000000000007,500,1.0,-1.0,0.0,1.1336063166173336,0.23098714317956037,9.70466634626323e-08,-6.016263374390335e-07,-6.722637907779594e-07,0.2764470639007282,-0.14255774981690356
1.0000000000000007,500,1.0,-0.875,0.0,1.099569668504475,0.27737758756645514,7.24292791805695e-08,-1.3851540994599242e-06,-1.3477607841653875e-06,0.45912626880981344,-0.15629222574788643
1.0000000000000007,500,1.0,-0.75,0.0,1.0263708923791985,0.32441857733146984,-1.3678546512594992e-08,-1.454191959480263e-06,-2.8520487921532888e-06,0.8331719246255616,-0.16876091192093634
1.0000000000000007,500,1.0,-0.625,0.0,0.8928200715948026,0.36495058862972773,2.8160919404401695e-07,-1.7645260443653736e-06,-1.2647093654200973e-06,1.273034311094484,-0.17816339235282386
1.0000000000000007,500,1.0,-0.5,0.0,0.7002654816538192,0.3742870167425632,9.718780322045918e-07,-1.08872968408893e-06,-1.854019596896873e-07,1.625046678904278,-0.1795191983315681
1.0000000000000007,500,1.0,-0.375,0.0,0.5075723022970081,0.3507947637694176,8.923048954201694e-07,-1.912205989726748e-06,-2.2140399657415794e-06,1.9027418683811332,-0.18681908435548467
1.0000000000000007,500,1.0,-0.25,0.0,0.2788477047184523,0.24727062235300973,1.0749859398455026e-06,-5.553767912656133e-07,-2.359062573048063e-06,1.435735166997807,-0.13820287502735995
1.0000000000000007,500,1.0,-0.125,0.0,0.1434188945951914,0.11857533429936987,1.4800670183055743e-07,-3.514335699605479e-07,-7.899122237307036e-07,0.878278867512983,-0.11242826037355366
1.0000000000000007,500,1.0,0.0,0.0,0.085437079269883,-0.021427182321348225,3.8063669142504337e-07,-4.2192444264816896e-07,-1.4378271268933603e-06,0.19111452837918805,-0.10288439951038172
1.0000000000000007,500,1.0,0.12499999999999956,0.0,0.06695345149517823,-0.13016562744888638,-1.259616581331611e-07,-3.6089966270906637e-07,-8.627566598497673e-07,-0.49035833999761025,-0.12290298873382385
1.0000000000000007,500,1.0,0.25,0.0,0.26735311208319246,-0.2931203475927573,-2.8456214064948187e-07,5.71158234175701e-07,-1.1314619031019548e-07,-1.3852122948031405,-0.14564100874111158
1.0000000000000007,500,1.0,0.375,0.0,0.5015357300168949,-0.3781710732403384,-2.1133995706509558e-07,1.227547052042815e-06,-9.002277831580624e-08,-1.8475106233285192,-0.19137499897517135
1.0000000000000007,500,1.0,0.49999999999999956,0.0,0.5867556278758735,-0.39077583422956985,-7.557444192544838e-08,1.3559322172192658e-06,-1.5948512819454607e-07,-1.844198471734051,-0.19736879671085011
1.0000000000000007,500,1.0,0.625,0.0,0.8847017410913083,-0.3776695670666198,7.72146107727709e-09,6.188752586338277e-07,-3.483425523523672e-07,-1.246044635995605,-0.1793668441961322
1.0000000000000007,500,1.0,0.75,0.0,1.0177241041299254,-0.33269290491715653,-9.498407747665722e-08,1.2935633192260445e-07,-2.051619608790459e-07,-0.8141149810110602,-0.16935199674186038
1.0000000000000007,500,1.0,0.8749999999999996,0.0,1.078955074446526,-0.3025921780732086,-2.667910039324578e-08,1.1219693859476692e-07,-2.1460583064087355e-07,-0.63584333954288,-0.1721557972701507
1.0000000000000007,500,1.0,1.0,0.0,1.1407185655568706,-0.22303429903298966,-3.5970397304660825e-08,7.602127101802779e-08,-1.1713677837231701e-07,-0.26157165604059174,-0.14802051072426575
1.0000000000000007,500,1.0,1.125,0.0,1.1538541025568578,-0.18860563481385118,-3.29698031444578e-08,1.0953862376026101e-07,-7.259452195363814e-08,-0.15492303542828645,-0.1313119477460279
1.0000000000000007,500,1.0,1.25,0.0,1.1546609691554666,-0.174115488771174,-6.535973687143731e-08,1.622163300008896e-07,-3.280321221532411e-08,-0.12513921667895855,-0.12529485203013752
1.0000000000000007,500,1.0,1.375,0.0,1.1528774998044493,-0.13937365017121475,-1.6404993792844744e-08,9.383552457076935e-08,-1.7346394241987395e-08,-0.054949243653399524,-0.1149423102242065
1.0000000000000007,500,1.0,1.5,0.0,1.153392226753371,-0.13728868834453783,-2.0469566566889275e-08,1.0061497033390449e-07,-1.4378433289599242e-08,-0.05205980966199882,-0.11486354676920442
1.0000000000000007,500,1.0,1.625,0.0,1.1207212625552325,-0.08836463545377884,-5.812891925508957e-09,1.7875208857372394e-10,-2.022384667054169e-08,-0.007476494420291954,-0.08338725755846604
1.0000000000000007,500,1.0,1.75,0.0,1.1203184687968135,-0.08359120628958219,-7.297281161215819e-09,1.9201776904106868e-08,-1.3742265936826157e-08,-0.00395837708900979,-0.08242062929867976
1.0000000000000007,500,1.0,1.875,0.0,1.114830165102852,-0.07365871467317012,-3.739151410932974e-09,5.995442281405216e-08,3.966581172604298e-08,0.0019694104342128636,-0.07667253472452004
1.0000000000000007,500,1.0,2.0,0.0,1.0891006994557975,-0.06634202330755933,5.69855642513608e-08,3.9008893802810156e-08,5.1301890868778146e-08,-0.0012814997488316605,-0.0560313501815411
1.0000000000000007,500,1.0,2.125,0.0,1.0905597863922065,-0.051715123358665266,-3.577004423144645e-08,1.3567437771754903e-08,-4.459675279466316e-08,-0.002713895291062359,-0.055324310119480406
1.0000000000000007,500,1.0,2.25,0.0,1.0904338635051432,-0.04999083434044466,-2.488062422797173e-08,1.0734311010145442e-08,-2.9465375962941432e-08,-0.0027658661173751895,-0.05497373323699127
1.0000000000000007,500,1.0,2.375,0.0,1.087142384394739,-0.0455917358526064,4.882436022966422e-09,-7.826761934046082e-09,-2.8356655633877205e-08,-0.002002030453940481,-0.051729939996098435
1.0000000000000007,500,1.0,2.5,0.0,1.072381271208382,-0.04262947819714755,6.548640067386204e-08,3.442549676709472e-08,2.8481860478341745e-08,0.001560572946730713,-0.03890632862847037
1.0000000000000007,500,1.0,2.625,0.0,1.0713970463987916,-0.0325926253125183,-8.367251169580557e-09,-1.3469439459726191e-08,-4.203123170395624e-08,-0.00043369301128295105,-0.036827452696731953
1.0000000000000007,500,1.0,2.75,0.0,1.069074848424714,-0.02881785452564766,2.9098104561637604e-09,-1.9067126030907826e-09,-1.1742541393644254e-08,-0.0005286923475429567,-0.034646129928843694
1.0000000000000007,500,1.0,2.875,0.0,1.0683524182705397,-0.028653522704094558,5.97818729245373e-09,-3.4200557048646944e-09,-1.79920883169785e-08,-0.0003794384893856709,-0.03410339547065675
1.0000000000000007,500,1.0,3.0,0.0,1.0576353656431663,-0.022569226582824786,1.3087704622311923e-08,-2.191821753760235e-08,-4.7624763765395725e-08,0.0006375555531972299,-0.02514458316171514
1.2000000000000008,600,1.0,-3.0,0.0,1.0611540869005678,0.020800002141657607,7.539325972329547e-08,1.6079397707442e-08,-4.761939427255216e-10,0.0004984323643940592,-0.02559405659430399
1.2000000000000008,600,1.0,-2.875,0.0,1.0724733393507966,0.026237673897805576,3.051815366536572e-08,-1.4033626512553564e-08,-1.2285862405710856e-08,0.002051541410418391,-0.03478470125456439
1.2000000000000008,600,1.0,-2.75,0.0,1.0732134584185338,0.026331219273818398,3.6197887117882665e-08,-1.3231554176277826e-08,-7.983133759914727e-09,0.002261988811661885,-0.03531619340766682
1.2000000000000008,600,1.0,-2.625,0.0,1.075968661261564,0.030103069970911268,3.5324712432134975e-08,-2.740056755529585e-08,3.793373413457014e-08,0.001967292913878583,-0.03788899820868623
1.2000000000000008,600,1.0,-2.5,0.0,1.0834655174580403,0.042820434824826954,1.4716790974922018e-07,-3.9082050009162125e-08,4.0790168301278665e-08,0.0001234305497706577,-0.04641020039473494
1.2000000000000008,600,1.0,-2.375,0.0,1.0929210141786212,0.04129714482029581,7.828685031489574e-08,-2.3769488194224426e-08,-3.588195386244603e-11,0.004530495160229502,-0.05428909530091759
1.2000000000000008,600,1.0,-2.25,0.0,1.0939738824815026,0.04151429356265559,7.205290812073322e-08,-2.883456493829987e-08,1.737570564199178e-10,0.004900368973826108,-0.055193999670105916
1.2000000000000008,600,1.0,-2.125,0.0,1.1022656272978253,0.04315526829174361,9.930424642880255e-08,1.999178951979399e-08,4.5294238302067194e-08,0.005505086292555248,-0.06197788699543012
1.2000000000000008,600,1.0,-2.0,0.0,1.1154448785430138,0.04917917495419372,1.0081239999780839e-07,-1.4624486821354619e-07,1.047930364956557e-08,0.0034588124050195118,-0.07272296309925462
1.2000000000000008,600,1.0,-1.875,0.0,1.1241253928908455,0.06888879539224617,1.1068907000996294e-08,-1.6181995381609458e-07,-5.3746613377565595e-08,-0.002964303042696072,-0.08106100999088613
1.2000000000000008,600,1.0,-1.75,0.0,1.1320008969706832,0.07812150768444442,2.5455486130297518e-08,-1.4865810531795474e-07,-3.3135792519586315e-08,0.004417353217014848,-0.08794705879532334
1.2000000000000008,600,1.0,-1.625,0.0,1.1696321483505627,0.10516354772196321,1.1539393036572373e-08,-6.637938352015195e-08,-2.23668453261906e-08,0.038612003448111006,-0.1208889989913473
1.2000000000000008,600,1.0,-1.5,0.0,1.1740783561475752,0.12484985261119534,-1.4994483979025136e-07,-2.2730685962091007e-07,-1.841960311578134e-07,0.06219725539321634,-0.1270393107312478
1.2000000000000008,600,1.0,-1.375,0.0,1.1739148802802273,0.1267353747733355,-9.492289989821413e-09,-1.5109394821445375e-07,-1.231594907011379e-07,0.06658246192399664,-0.1273138086425286
1.2000000000000008,600,1.0,-1.2500000000000002,0.0,1.1810228889462868,0.1550772695460755,-1.2599315781608686e-07,-1.6772296100830195e-07,-3.0488424512162e-07,0.14114899292091432,-0.14080130902633683
1.2000000000000008,600,1.0,-1.125,0.0,1.181770092913062,0.16788463884661542,-9.107150278134075e-08,-2.6866053759351536e-07,-3.434046015159315e-07,0.17872840699028048,-0.1485771126638735
1.2000000000000008,600,1.0,-1.0,0.0,1.1637675914420176,0.21522696157632387,-5.606712265850058e-09,-8.606050430741485e-07,-9.719370370045532e-07,0.31116144967180376,-0.16783450067494357
1.2000000000000008,600,1.0,-0.875,0.0,1.1355275193634586,0.26332270827546267,-5.6824780175963296e-08,-1.3984517778002616e-06,-2.0296145150019882e-06,0.5241843908507456,-0.1875296752502888
1.2000000000000008,600,1.0,-0.75,0.0,1.0641979943248243,0.3117021207062304,-3.394265154859515e-07,1.7422351129487312e-07,-4.819806182092323e-06,0.9780887819220552,-0.20806810684630692
1.2000000000000008,600,1.0,-0.625,0.0,0.9166351804779913,0.35578681869926143,4.0716961604116347e-07,1.2159819434389387e-06,-2.9322356289763932e-06,1.5967920753331368,-0.22801023515567084
1.2000000000000008,600,1.0,-0.5,0.0,0.6846262013807755,0.3651879633764946,1.5489461033835608e-06,5.455493765723271e-06,-4.948664130598137e-06,2.092905690732538,-0.23906875863806035
1.2000000000000008,600,1.0,-0.375,0.0,0.45648183105728385,0.3369827869001235,1.7583410596827686e-06,1.7891748499877832e-06,-5.208139895173289e-06,2.4147159079196223,-0.25338980435388614
1.2000000000000008,600,1.0,-0.25,0.0,0.18816606434993752,0.23386547192711535,2.0182557286221636e-06,-2.193112045840219e-06,-4.156658217620815e-06,1.7456543510777882,-0.19955159053387836
1.2000000000000008,600,1.0,-0.125,0.0,0.03715477441807341,0.10881186738224274,4.215643018871254e-07,-1.2644428229131335e-06,-9.011684438989127e-07,1.0063604322199995,-0.1706472440945843
1.2000000000000008,600,1.0,0.0,0.0,-0.022820631601873642,-0.023690863323857933,6.38463015800319e-07,-6.808009950597044e-07,-1.310078090601896e-06,0.14837166485882672,-0.16028777111003875
1.2000000000000008,600,1.0,0.12499999999999956,0.0,-0.03448259166032082,-0.12375789071070681,-7.562331124403366e-09,-1.509080412778122e-07,-5.042818558965784e-07,-0.6520703476961409,-0.18347963126555528
1.2000000000000008,600,1.0,0.25,0.0,0.18829576743014634,-0.2827299940742535,-1.5969831720446636e-07,1.0259489287481196e-06,-2.5326688197479437e-08,-1.7418768053056035,-0.20957868170784447
1.2000000000000008,600,1.0,0.375,0.0,0.4617762691992768,-0.36826491336288963,-1.1017398450050629e-07,6.776493427932605e-07,-4.597386034103458e-07,-2.36020014154382,-0.2603397542360044
1.2000000000000008,600,1.0,0.49999999999999956,0.0,0.5630059513184752,-0.38165302867594564,1.271897666030927e-08,3.737057481951548e-07,-6.62777031458612e-07,-2.3584718484570124,-0.2645912518994249
1.2000000000000008,600,1.0,0.625,0.0,0.9141645963261124,-0.3707441416833279,-4.522434992754035e-08,1.6436628806955197e-08,-8.865128389074648e-07,-1.5403816416668126,-0.22948280632007506
1.2000000000000008,600,1.0,0.75,0.0,1.0581078186843913,-0.32157635664018586,-1.8134227848122114e-07,1.2645583764022098e-07,-3.9734492695535566e-07,-0.9371368212591209,-0.20883405922732678
1.2000000000000008,600,1.0,0.8749999999999996,0.0,1.1194002678786197,-0.28700513939002287,-9.624269281114024e-08,1.345309806202194e-07,-4.000185373627963e-07,-0.7052963782386855,-0.20827016206240412
1.2000000000000008,600,1.0,1.0,0.0,1.1689023079357606,-0.2066511304635658,-6.502371160014068e-08,1.1088310680408193e-07,-9.062528177554881e-08,-0.2803838185950217,-0.17263497248311152
1.2000000000000008,600,1.0,1.125,0.0,1.175840786517528,-0.17378318219641173,-4.4698565180564884e-08,1.160415256620969e-07,-5.763133911579317e-08,-0.1745949387309505,-0.15109759941658552
1.2000000000000008,600,1.0,1.25,0.0,1.1754436505164674,-0.16041505899652198,-1.0117824167923692e-07,2.1732816198851456e-07,-1.4277552246009607e-08,-0.1387308566060641,-0.14350304373953704
1.2000000000000008,600,1.0,1.375,0.0,1.1693616254788934,-0.13083305733507125,-1.8088447178134883e-08,9.540398359323604e-08,-2.1405619780858532e-08,-0.06472926507468821,-0.13026308437640638
1.2000000000000008,600,1.0,1.5,0.0,1.169597138737583,-0.12889331875561919,-2.4294878902011193e-08,1.094298913610521e-07,-1.9433841096384997e-08,-0.060573638585359746,-0.13002397549421096
1.2000000000000008,600,1.0,1.625,0.0,1.1306992290259414,-0.0849640384404926,4.656615201757901e-09,-1.1039792106469101e-08,-1.3415719289272173e-08,-0.008126091441698395,-0.09244102324098566
1.2000000000000008,600,1.0,1.75,0.0,1.1292328871901967,-0.0803051573320025,-3.661286367674014e-09,1.3871771939228377e-08,-9.216573917312414e-09,-0.003971437941446009,-0.09086392510317846
1.2000000000000008,600,1.0,1.875,0.0,1.1218049309590405,-0.07085211713782322,-2.8538314662833094e-08,6.626154810877003e-08,3.5673229724208685e-08,0.0029740836325875867,-0.08397401326471712
1.2000000000000008,600,1.0,2.0,0.0,1.0967257278064946,-0.06477410901375877,6.578574862224727e-08,5.750452901645027e-08,3.411991218592942e-08,0.0024004515229714895,-0.06320336915213373
1.2000000000000008,600,1.0,2.125,0.0,1.0958762462877256,-0.04879779699610491,-2.8359331212351615e-08,7.65870884918877e-09,-3.627178637302187e-08,-0.0035904629182177627,-0.06143124310684024
1.2000000000000008,600,1.0,2.25,0.0,1.0954596616718464,-0.04695730834635477,-2.159289286372203e-08,6.5542957756895674e-09,-2.4031561352866635e-08,-0.004196213353332514,-0.06094844918023581
1.2000000000000008,600,1.0,2.375,0.0,1.0916036400592348,-0.04268230437274139,9.415948380808725e-09,-6.167787404485686e-09,-1.505711650321376e-08,-0.004309783484795513,-0.057269851895512425
1.2000000000000008,600,1.0,2.5,0.0,1.0768937823735647,-0.04166889502424286,6.697494318370467e-08,4.5641959732594425e-08,1.5423762834448152e-08,0.0009689646950170004,-0.04368443207895175
1.2000000000000008,600,1.0,2.625,0.0,1.075029506654438,-0.031076351655474684,5.143873183895692e-09,-1.543678999780542e-08,-3.758132379812503e-08,-0.0018700652067262882,-0.04065716684297767
1.2000000000000008,600,1.0,2.75,0.0,1.0724077439467703,-0.02728290141765031,3.6328635822334075e-09,-7.047787323604931e-10,5.001122019203348e-09,-0.002134933302009243,-0.03811130751380154
1.2000000000000008,600,1.0,2.875,0.0,1.0716727044043508,-0.027170038560314174,9.055263595249759e-09,-1.5533610847679472e-09,7.558973774486794e-09,-0.0019285089263378257,-0.03755329504431091
1.2000000000000008,600,1.0,3.0,0.0,1.0605123438713027,-0.021490621673373567,2.6076810068350604e-08,-1.7670316888011432e-08,-2.479236715417446e-08,-0.0004226796844389054,-0.028100788046487378
1.400000000000001,700,1.0,-3.0,0.0,1.0637041019831175,0.019269170611150917,8.883739822706834e-08,7.4501269515652925e-09,4.7640918084390994e-08,0.0018697115484347683,-0.0284295421243713
1.400000000000001,700,1.0,-2.875,0.0,1.0753290647012461,0.024228213109663152,2.0730691619382645e-08,-9.976353525741068e-09,-2.6871753587299742e-08,0.003606842623679521,-0.03788733365382151
1.400000000000001,700,1.0,-2.75,0.0,1.076077523265409,0.02426293556260442,2.9184029063432032e-08,-9.151757413622462e-09,-1.6927680578797136e-08,0.0038261630954757875,-0.03842093976571786
1.400000000000001,700,1.0,-2.625,0.0,1.0791582193817673,0.027987144673597013,1.7080327734736638e-08,-2.789325923586929e-08,3.5246040324589884e-08,0.0034896416031680636,-0.041332440908105526
1.400000000000001,700,1.0,-2.5,0.0,1.0877485459892833,0.04051659034226376,1.587121825301585e-07,-5.759868013874375e-08,2.0852430777514457e-08,0.001797203777271488,-0.051175133294856685
1.400000000000001,700,1.0,-2.375,0.0,1.0971045461957214,0.037497274336075304,8.46864418685163e-08,-2.368342022368843e-09,3.156815040538521e-08,0.00682446112704091,-0.05904956097916087
1.400000000000001,700,1.0,-2.25,0.0,1.098179487693678,0.03757620939714747,7.575914954090241e-08,-4.814643062007099e-09,2.235731820589726e-08,0.007243469355776801,-0.05998546774963078
1.400000000000001,700,1.0,-2.125,0.0,1.1062150780536695,0.03850614999932612,9.954072752113172e-08,3.430809225665514e-08,2.835387755273191e-08,0.009298967243884577,-0.06688541562778
1.400000000000001,700,1.0,-2.0,0.0,1.118926814268183,0.04396894476150308,1.170307559941126e-07,-1.3568542797842724e-07,-5.037517462852429e-10,0.010265849643452792,-0.07799111917543136
1.400000000000001,700,1.0,-1.875,0.0,1.1299570406109178,0.06478394418148974,2.3642597971650578e-08,-1.9228520135868562e-07,-3.09273563401912e-08,0.0012901789599556643,-0.08806257411166704
1.400000000000001,700,1.0,-1.75,0.0,1.1390537419544964,0.07338156811589722,4.2448797046607065e-08,-1.626066933579822e-07,-2.048913884824838e-09,0.008963819993615722,-0.09575708181762063
1.400000000000001,700,1.0,-1.625,0.0,1.1773607498825418,0.09552247524111188,-5.896328427410772e-08,-2.974429986548469e-07,-8.056996762815153e-08,0.04749312950843256,-0.1309388588705625
1.400000000000001,700,1.0,-1.5,0.0,1.1841975362103683,0.11383341609186502,-2.841555761948559e-07,-4.909109835614119e-07,-2.086034323583307e-07,0.06845207097040332,-0.13898671713445043
1.400000000000001,700,1.0,-1.375,0.0,1.184289970782645,0.11543805916263083,-6.827599047633938e-08,-3.87723714311273e-07,-1.5264718999103488e-07,0.07244970540776001,-0.13946973312765412
1.400000000000001,700,1.0,-1.2500000000000002,0.0,1.194709775959769,0.13818433280599213,-2.4576252318633967e-07,-3.7769354462851283e-07,-2.6023244002398353e-07,0.1277876760005612,-0.15664336460209163
1.400000000000001,700,1.0,-1.125,0.0,1.1971497589378743,0.14847709203560377,-2.1563315928621807e-07,-5.274375526392402e-07,-3.114228246402392e-07,0.1615430404907716,-0.16589020641664867
1.400000000000001,700,1.0,-1.0,0.0,1.190221326337886,0.192435610320067,-2.690005779730657e-07,-9.847503000076945e-07,-1.0074316068367385e-06,0.3004789188712616,-0.19057569580092054
1.400000000000001,700,1.0,-0.875,0.0,1.1708762512031732,0.23992864603282946,-4.275434918884741e-07,-8.114903627686991e-07,-2.316219230942724e-06,0.5521847595859743,-0.21714455720493797
1.400000000000001,700,1.0,-0.75,0.0,1.1053235580053717,0.2925104402063065,-1.0891857933196996e-06,2.0529127973818742e-06,-5.346890940355265e-06,1.0997710368107538,-0.2474693746082776
1.400000000000001,700,1.0,-0.625,0.0,0.9461773926647911,0.34098953308685365,1.7445521440103097e-07,5.778267422846406e-06,-5.547722400028332e-06,1.9437005202896402,-0.27921989224825217
1.400000000000001,700,1.0,-0.5,0.0,0.6728842872076264,0.34767424987009465,1.5784985209366079e-06,1.6942122268347297e-05,-1.1285040879924979e-05,2.608676408843866,-0.2999965819441595
1.400000000000001,700,1.0,-0.375,0.0,0.40924476360365253,0.31049678988076435,2.444532566768796e-06,1.0118683260041793e-05,-1.0258769911475679e-05,2.947180520243661,-0.31947370347704607
1.400000000000001,700,1.0,-0.25,0.0,0.10407889119157578,0.21212701984938453,3.1137906611903224e-06,-1.2745222299841086e-06,-7.496753540916104e-06,2.0389789287857347,-0.2598049561659646
1.400000000000001,700,1.0,-0.125,0.0,-0.05951804836335027,0.09485463209514697,8.011304900426484e-07,-2.4436940103283e-06,-1.158316076282264e-06,1.116164453055859,-0.2280755008873488
1.400000000000001,700,1.0,0.0,0.0,-0.1203050760179624,-0.02498925612307552,9.537800061092687e-07,-1.2241120855980344e-06,-1.318946378894692e-06,0.11065381473980912,-0.21656009098487572
1.400000000000001,700,1.0,0.12499999999999956,0.0,-0.1243435367315759,-0.11309048485527826,1.4570116899926683e-07,3.3250796025295936e-08,-2.3730066766634655e-07,-0.7777860509977274,-0.24123522868840178
1.400000000000001,700,1.0,0.25,0.0,0.11473230196163897,-0.26331996834702454,-2.1392907756614793e-08,8.755551648926241e-07,-1.2045147258599824e-07,-2.0821800727232525,-0.27219743700295995
1.400000000000001,700,1.0,0.375,0.0,0.4264090864107797,-0.3459008519022301,-1.2113382930010046e-07,-2.0148327130404598e-07,-6.203029608415736e-07,-2.9087436506394755,-0.32917234316679467
1.400000000000001,700,1.0,0.49999999999999956,0.0,0.5446481090141106,-0.36066492766043967,-4.475243811294242e-08,-6.96749373424975e-07,-9.134187552036716e-07,-2.9187315102787794,-0.3325667140818447
1.400000000000001,700,1.0,0.625,0.0,0.9504437376872736,-0.358978493728488,-1.7631547376955503e-07,-2.4325181353702765e-07,-1.0791234499025678e-06,-1.8413445133027175,-0.2815251382275622
1.400000000000001,700,1.0,0.75,0.0,1.1010133355668514,-0.30513468211802475,-2.825352537702093e-07,2.905899884536504e-07,-3.8600854610633595e-07,-1.026860456557687,-0.2488545995787588
1.400000000000001,700,1.0,0.8749999999999996,0.0,1.1605725624726773,-0.263340365890311,-1.7020560437851973e-07,3.415690928432352e-07,-3.0576219011629943e-07,-0.7208058057519806,-0.24245155032393717
1.400000000000001,700,1.0,1.0,0.0,1.1924933964813584,-0.18533138370014957,-7.874089663870409e-08,1.7969601643761349e-07,-5.942683816532082e-08,-0.25616468192494435,-0.19456247203754365
1.400000000000001,700,1.0,1.125,0.0,1.1911186107062641,-0.15576457255406484,-4.487263600900581e-08,1.3141715403063628e-07,-3.733929442855589e-08,-0.16104199197424776,-0.16890203327616868
1.400000000000001,700,1.0,1.25,0.0,1.189033382483627,-0.1448511289235785,-1.326921341878445e-07,2.556313333889501e-07,-3.430932008865249e-08,-0.12727910189729635,-0.15972152483243415
1.400000000000001,700,1.0,1.375,0.0,1.1796516121604652,-0.12087321241552645,-1.521152815666687e-08,1.0266128283466595e-07,-1.7983740072022038e-08,-0.07154996414281081,-0.14256997458616608
1.400000000000001,700,1.0,1.5,0.0,1.179631705817233,-0.11921308115380942,-2.4226929180805667e-08,1.1647460652238215e-07,-1.737176405359111e-08,-0.06754924010102475,-0.1421133659460798
1.400000000000001,700,1.0,1.625,0.0,1.138263667941884,-0.08099512834915393,2.3629123444256686e-08,-2.1925756776159327e-08,1.2490007931180807e-08,-0.011974714167789034,-0.10096535808980979
1.400000000000001,700,1.0,1.75,0.0,1.1361010032193328,-0.07646968614381189,5.371656673729169e-09,5.76047508491716e-09,6.780649672911445e-09,-0.007863808966123665,-0.09901262414544439
1.400000000000001,700,1.0,1.875,0.0,1.1274538863286145,-0.06752494879122892,-5.1789094066369913e-08,6.273616058296137e-08,2.789144088677045e-08,-0.0006411912968236678,-0.0913433909570841
1.400000000000001,700,1.0,2.0,0.0,1.1032804770087448,-0.06298495361191002,7.057771305033241e-08,7.04693118421958e-08,1.02203575410532e-08,0.0034908967345138623,-0.07020495728718225
1.400000000000001,700,1.0,2.125,0.0,1.1006171270867386,-0.04551723726522229,-1.9142619736341076e-08,-2.513108718777615e-09,-2.428361993741609e-08,-0.005140601409146175,-0.06705036672938676
1.400000000000001,700,1.0,2.25,0.0,1.0999761823938332,-0.043537414763584706,-1.7430450087225917e-08,-7.867373439349427e-10,-1.6229061305519565e-08,-0.006075519334251289,-0.06640277340241643
1.400000000000001,700,1.0,2.375,0.0,1.0956380631756586,-0.03937065717284931,1.0122444193206216e-08,-2.988760333604809e-09,1.9967584670691352e-08,-0.006677072936956556,-0.062304867942897024
1.400000000000001,700,1.0,2.5,0.0,1.0808521440402672,-0.040364514902313076,6.745615655571365e-08,4.881513717163497e-08,5.325520032046492e-09,-0.00032234322864939206,-0.04836752236340307
1.400000000000001,700,1.0,2.625,0.0,1.078165769710209,-0.0292970722492481,1.6741337728301033e-08,-1.4826340568870271e-08,-3.052875455577335e-08,-0.003417852285415489,-0.04435434696365783
1.400000000000001,700,1.0,2.75,0.0,1.07525052376777,-0.025525296645330514,4.269482560036815e-09,3.061153952087526e-10,1.7178078975054018e-08,-0.0037240580849264245,-0.04146274235375289
1.400000000000001,700,1.0,2.875,0.0,1.0745053319889284,-0.025465789076745595,1.2289785647257206e-08,-1.490789986083002e-11,2.6234632628309232e-08,-0.0034994333228410483,-0.04089798665248981
1.400000000000001,700,1.0,3.0,0.0,1.0630226946805057,-0.0201945239804632,3.36965558039774e-08,-9.167829003270465e-09,3.5312918682460766e-08,-0.0017291949829915838,-0.03110307707315453
1.6000000000000012,800,1.0,-3.0,0.0,1.0659336146619487,0.017474499605171098,9.676492849098549e-08,4.868837795814389e-10,6.671972409416493e-08,0.0033752158811606162,-0.031385605574404646
1.6000000000000012,800,1.0,-2.875,0.0,1.0777048756737906,0.021909491954744696,1.3964113566567045e-08,-1.9886362865841664e-09,-3.3677512062258816e-08,0.00518625865583557,-0.04117573415331993
1.6000000000000012,800,1.0,-2.75,0.0,1.0784530020333252,0.02188493308777501,2.4542175321230633e-08,-2.330419442696441e-09,-2.1007641230535812e-08,0.005388138741773473,-0.04171668436219167
1.6000000000000012,800,1.0,-2.625,0.0,1.0818315212948804,0.025506926011028642,7.061390285952491e-09,-2.604180262340441e-08,-6.083514112452894e-09,0.00511950986356825,-0.044987448440465684
1.6000000000000012,800,1.0,-2.5,0.0,1.0914504116269756,0.037759651736723444,1.7157051398266958e-07,-6.94051856654644e-08,-1.899667785460134e-09,0.0038116473523298246,-0.05606424024090255
1.6000000000000012,800,1.0,-2.375,0.0,1.1007671133884125,0.03328519248911117,8.559068052863257e-08,3.704060169671502e-09,4.0385686388496096e-08,0.008825650813704282,-0.06393634026358425
1.6000000000000012,800,1.0,-2.25,0.0,1.1018699377678907,0.033221915150892616,7.493385650783333e-08,3.184583716772061e-09,2.7321071429915777e-08,0.009253242266333337,-0.0649078188204981
1.6000000000000012,800,1.0,-2.125,0.0,1.109656452321673,0.03339916169930752,9.324503389455817e-08,3.032397065690061e-08,5.859626042242708e-09,0.012546260364707258,-0.07176864775392697
1.6000000000000012,800,1.0,-2.0,0.0,1.1218716956285677,0.03814939648441622,1.194761766756726e-07,-7.553465766068924e-08,-9.815821954824372e-09,0.016544821272051327,-0.08286782038224495
1.6000000000000012,800,1.0,-1.875,0.0,1.134595391817203,0.06010609418557491,1.580453729660678e-08,-1.705969226633579e-07,1.349109066261184e-08,0.00870534053405676,-0.09411844957913687
1.6000000000000012,800,1.0,-1.75,0.0,1.1440904347228755,0.06798495315594372,4.345681808269021e-08,-1.2467733164225033e-07,2.5381530756897955e-08,0.01703033531373201,-0.10249725840184708
1.6000000000000012,800,1.0,-1.625,0.0,1.1810112315819583,0.08459439996884033,-1.0584335211075221e-07,-3.9366731954378093e-07,-1.0733200178654981e-07,0.05592006182339249,-0.13987014063865216
1.6000000000000012,800,1.0,-1.5,0.0,1.1890961194389595,0.10176542902279528,-3.7700234974272137e-07,-5.796072682936196e-07,-1.5440162291619677e-07,0.07173586245168483,-0.14974540761025623
1.6000000000000012,800,1.0,-1.375,0.0,1.1893697756585517,0.10319912872768197,-9.91642716378661e-08,-4.7344347914476206e-07,-1.214309664544519e-07,0.07453395365367521,-0.15040614194350482
1.6000000000000012,800,1.0,-1.2500000000000002,0.0,1.2024243052730628,0.1225813643264011,-3.136712201341561e-07,-3.1084428808481085e-07,-2.7514964977830716e-08,0.10785056156386136,-0.17046104052597266
1.6000000000000012,800,1.0,-1.125,0.0,1.2066914646124445,0.13105955372137026,-2.854379922536374e-07,-4.6378751382399156e-07,-6.557262147170963e-08,0.12814204570666826,-0.18100557766755698
1.6000000000000012,800,1.0,-1.0,0.0,1.211050684146945,0.1715580078743949,-4.705637627087266e-07,-5.972666578766016e-07,-2.614523521061254e-07,0.2333198595517854,-0.21077555473876397
1.6000000000000012,800,1.0,-0.875,0.0,1.204092215226872,0.21635297142796756,-7.075156252449591e-07,-9.94389719926283e-08,-9.711597199666385e-07,0.5055913125355548,-0.2440559311157351
1.6000000000000012,800,1.0,-0.75,0.0,1.147694783082741,0.2703114136293993,-1.6246540695367034e-06,2.8610408933080627e-06,-3.1800125493081084e-06,1.1891289014354853,-0.28525350982533115
1.6000000000000012,800,1.0,-0.625,0.0,0.9763576874573303,0.3176639843471848,-2.631912771196239e-07,1.0459182130880896e-05,-6.814846798459331e-06,2.3032428701236713,-0.32978001918131844
1.6000000000000012,800,1.0,-0.5,0.0,0.6634730230608482,0.3161115014846466,1.0637761475792162e-06,2.898238317433162e-05,-1.7165450481183507e-05,3.1466364961294446,-0.35906446234217326
1.6000000000000012,800,1.0,-0.375,0.0,0.36662891209005133,0.26827555628753413,2.647806577922628e-06,2.0561053919409348e-05,-1.574528024489501e-05,3.4541510671704465,-0.38141398822337513
1.6000000000000012,800,1.0,-0.25,0.0,0.027731776480396222,0.18160965275900715,4.056120250358316e-06,3.215454024650495e-06,-1.1964114225797152e-05,2.3019121396728472,-0.31690095262464374
1.6000000000000012,800,1.0,-0.125,0.0,-0.14458882889452568,0.07698195705044032,1.260865809684011e-06,-3.2223588966428415e-06,-1.850436134636759e-06,1.2022341230022469,-0.2816927407763884
1.6000000000000012,800,1.0,0.0,0.0,-0.20509932058827704,-0.025886932147441272,1.270377978872762e-06,-2.0764088077023106e-06,-1.473321223650946e-06,0.07223934508717866,-0.2692124468859526
1.6000000000000012,800,1.0,0.12499999999999956,0.0,-0.20174435495457643,-0.09782374718948761,3.0223271077307655e-07,2.8794180035516307e-08,-3.621203945665713e-08,-0.8766836579828294,-0.2947466335974069
1.6000000000000012,800,1.0,0.25,0.0,0.048253956355348765,-0.2335147155238086,6.118375146578995e-08,3.325552494667303e-07,-1.4996668224273708e-07,-2.410522669659928,-0.3318815553265886
1.6000000000000012,800,1.0,0.375,0.0,0.39649645899856945,-0.30784386663636404,-1.833762747246861e-07,-8.975928027265558e-07,-4.6199384049731875e-07,-3.449295913479121,-0.39420468796433333
1.6000000000000012,800,1.0,0.49999999999999956,0.0,0.5319045664849634,-0.3240854811565844,-1.618717977252562e-07,-1.3723775944929546e-06,-7.171256978908563e-07,-3.4721058394049202,-0.3972851903505106
1.6000000000000012,800,1.0,0.625,0.0,0.9884856698070823,-0.34128187705918134,-2.861385853962759e-07,-8.917801173304155e-08,-8.031210747105905e-07,-2.1512080497290214,-0.3321279517466309
1.6000000000000012,800,1.0,0.75,0.0,1.1453371306419262,-0.28632712913666764,-3.280137457562821e-07,5.388995283223619e-07,-8.319655176049928e-08,-1.0842749488517376,-0.2865619322333776
1.6000000000000012,800,1.0,0.8749999999999996,0.0,1.2001275421356714,-0.23962005385879143,-1.8060458619694459e-07,6.231773744997578e-07,-5.826988700173387e-08,-0.6871805614585855,-0.27281677756936573
1.6000000000000012,800,1.0,1.0,0.0,1.2104355304377934,-0.16646245527224043,-7.556534704153186e-08,2.7195142274753434e-07,-5.671185828692735e-08,-0.18579630413408152,-0.21366662655713464
1.6000000000000012,800,1.0,1.125,0.0,1.2005717894594186,-0.13960545090866233,-3.4345957774690045e-08,1.6374740464226556e-07,-3.850912664275879e-08,-0.12714687828810378,-0.1841016662938562
1.6000000000000012,800,1.0,1.25,0.0,1.1966967796079897,-0.13063155023077355,-1.4980011538979098e-07,2.74687057169397e-07,-5.98086610290839e-08,-0.10742164283982052,-0.17357032073638798
1.6000000000000012,800,1.0,1.375,0.0,1.1851293059328198,-0.10996872510562097,-7.385783219845646e-09,9.689507416532916e-08,-1.776018614774631e-08,-0.07447346456197751,-0.153767691242179
1.6000000000000012,800,1.0,1.5,0.0,1.184948877919,-0.10849055259980024,-1.896340928634971e-08,1.047590815334158e-07,-1.5278613269501366e-08,-0.07162156531324097,-0.15314130523458644
1.6000000000000012,800,1.0,1.625,0.0,1.1435613938984168,-0.07640061469196392,4.095233306420154e-08,-4.689391785398314e-08,3.5482459571055065e-08,-0.0195233067232655,-0.1084101720481506
1.6000000000000012,800,1.0,1.75,0.0,1.1411065410775239,-0.0720538725601506,1.3232798628321455e-08,-1.3444116037772596e-08,2.1612765078302555e-08,-0.015307651366698656,-0.10607042711113901
1.6000000000000012,800,1.0,1.875,0.0,1.1320202106859816,-0.06367704666669007,-6.899752278910401e-08,5.3927187172974134e-08,9.900506329108607e-09,-0.007315439064718097,-0.09770899578306975
1.6000000000000012,800,1.0,2.0,0.0,1.1088968036769096,-0.06084217583681267,7.376517826531716e-08,7.410128981939499e-08,-6.85608065956524e-09,0.0013244094655101481,-0.07666726441196194
1.6000000000000012,800,1.0,2.125,0.0,1.1048657833149251,-0.04191695420412494,-1.3815915969970279e-08,-1.8427187259201757e-08,-1.612352106168923e-08,-0.00726890067812507,-0.07240594308380653
1.6000000000000012,800,1.0,2.25,0.0,1.1040642180906401,-0.03979385781348178,-1.61558567716772e-08,-1.2374302099587542e-08,-1.1095907401026385e-08,-0.00820015247347471,-0.07163109796775197
1.6000000000000012,800,1.0,2.375,0.0,1.0993250390811133,-0.03573194379087866,9.135678410299874e-09,2.0694128996359678e-10,3.377388427963007e-08,-0.008721861694663722,-0.06718289003652124
1.6000000000000012,800,1.0,2.5,0.0,1.0843729602181318,-0.03864044851622935,6.241921277570576e-08,4.5331146736208133e-08,9.899661789698491e-12,-0.002061430456647268,-0.05292541176567676
1.6000000000000012,800,1.0,2.625,0.0,1.0808420587250547,-0.027212310224718955,2.15915452207998e-08,-1.4824747161385893e-08,-1.1906860191927168e-08,-0.004928011135175256,-0.04801033758831654
1.6000000000000012,800,1.0,2.75,0.0,1.0776252174365846,-0.02350592866283472,4.526318188365237e-09,3.0331205098674786e-09,2.2357317455100828e-08,-0.005177147358231988,-0.044794496585807954
1.6000000000000012,800,1.0,2.875,0.0,1.0768781158346656,-0.023499466530387564,1.501366360066544e-08,4.213736548032376e-09,3.4314814624137445e-08,-0.004968835165437521,-0.044223095337311745
1.6000000000000012,800,1.0,3.0,0.0,1.0652273287395306,-0.018657006915065992,3.964311046752836e-08,1.4583893744041344e-09,5.975760430484204e-08,-0.003102666048116144,-0.03412424257015899
1.8000000000000014,900,1.0,-3.0,0.0,1.067907768083559,0.015481080311048064,1.0314394703764005e-07,-9.106408126561068e-10,7.343501741951854e-08,0.004860078978570802,-0.03411850865686385
1.8000000000000014,900,1.0,-2.875,0.0,1.0797253913693297,0.01931245674069362,1.187434063562483e-08,6.262783408578105e-09,-3.301023085732349e-08,0.006840360535236115,-0.04424002443161733
1.8000000000000014,900,1.0,-2.75,0.0,1.0804703549409649,0.019230862612961166,2.374565344868105e-08,3.86421072449017e-09,-2.0222754120282602e-08,0.00701574091978443,-0.04479288993781
1.8000000000000014,900,1.0,-2.625,0.0,1.0840856548346431,0.022692654262675582,-5.244137809367574e-10,-2.6820617849268194e-08,-2.7929030594377582e-08,0.006907977552872858,-0.04841483525490206
1.8000000000000014,900,1.0,-2.5,0.0,1.0945178091170205,0.03467027270550893,1.811150900320972e-07,-8.883339530496788e-08,-1.8266468474733786e-08,0.006214027687655288,-0.060463445804124265
1.8000000000000014,900,1.0,-2.375,0.0,1.1038166672715384,0.028948124624359958,8.317390839857289e-08,-4.6886419814797105e-09,4.2653181087368245e-08,0.01065279881055077,-0.06826473603162037
1.8000000000000014,900,1.0,-2.25,0.0,1.1049442732319255,0.02875195302166805,7.11140585999106e-08,-4.872635459594433e-09,2.8183206191163366e-08,0.011046126897699442,-0.06926815936043158
1.8000000000000014,900,1.0,-2.125,0.0,1.112524413801082,0.02813907303932317,8.692755136872012e-08,4.52209433527489e-09,-3.2748256769519202e-09,0.014912804713006513,-0.07623694355351875
1.8000000000000014,900,1.0,-2.0,0.0,1.1243176381922673,0.03190115591424978,1.2939780541387775e-07,-1.6704507822181684e-08,-9.156732781069338e-09,0.020793000099006007,-0.08774602844350285
1.8000000000000014,900,1.0,-1.875,0.0,1.1380333733862074,0.054750826597642535,1.848222953695778e-08,-1.0014984610103378e-07,2.728275355383885e-08,0.016571735281918985,-0.10025248106393128
1.8000000000000014,900,1.0,-1.75,0.0,1.1474501259595697,0.06176343276642505,4.738605937685228e-08,-3.951665601420803e-08,2.991136401272572e-08,0.02541392509858884,-0.10914081282421534
1.8000000000000014,900,1.0,-1.625,0.0,1.1827818175249543,0.0728618872410868,-1.2564368679782974e-07,-2.3478397160004454e-07,-3.9853756613471165e-08,0.05729020345586854,-0.1471972537518599
1.8000000000000014,900,1.0,-1.5,0.0,1.1917134382767167,0.08926827725801093,-4.1251798027544344e-07,-3.0823279032958646e-07,-2.1783628391668388e-08,0.06854039846943294,-0.15832489485314066
1.8000000000000014,900,1.0,-1.375,0.0,1.192173364994117,0.0906569049719636,-1.1024165748659348e-07,-2.6795713490674983e-07,-2.159758141565047e-08,0.07043566977354339,-0.1591672494946622
1.8000000000000014,900,1.0,-1.2500000000000002,0.0,1.208445970993194,0.10866772617495783,-3.0240072749621313e-07,1.4502972952700174e-08,6.0203363389457e-08,0.08640819394598162,-0.1821496772399595
1.8000000000000014,900,1.0,-1.125,0.0,1.2146424169094514,0.11654548225976612,-2.7070801278729305e-07,-9.304504877566928e-08,4.1982795361424575e-08,0.09272244438263755,-0.19383919706402877
1.8000000000000014,900,1.0,-1.0,0.0,1.229789590288285,0.1565045138369894,-4.926963321548271e-07,3.28609270448619e-08,3.447268050653859e-07,0.16345631744284142,-0.22808293658668605
1.8000000000000014,900,1.0,-0.875,0.0,1.234247739008174,0.20002933755008692,-7.299925333946079e-07,4.329075808638738e-08,-1.1035881510005392e-09,0.46929663107867703,-0.2672554553449904
1.8000000000000014,900,1.0,-0.75,0.0,1.183236467222142,0.25022847673760085,-1.8873440897277168e-06,2.2539514005734936e-06,-4.558401100228569e-06,1.3110275910353688,-0.31843194210104064
1.8000000000000014,900,1.0,-0.625,0.0,0.9975754480850506,0.2851583502422071,-6.952885019318319e-07,1.3518906828619503e-05,-1.0863741087402466e-05,2.6537707895084703,-0.3755212764032187
1.8000000000000014,900,1.0,-0.5,0.0,0.6506280796298882,0.2693183259058335,2.4762820462142773e-07,3.760425886865247e-05,-2.4446836427156225e-05,3.62732294022864,-0.41151373073701814
1.8000000000000014,900,1.0,-0.375,0.0,0.32795071279136173,0.21083478411093387,2.152447600770632e-06,2.8982179465333736e-05,-2.0647709921213704e-05,3.8240014899100983,-0.4315633257354613
1.8000000000000014,900,1.0,-0.25,0.0,-0.03738729253772087,0.14392417641620586,4.598700671805202e-06,1.002369175872142e-05,-1.6708898816764435e-05,2.5055248248871367,-0.3690611518444236
1.8000000000000014,900,1.0,-0.125,0.0,-0.21623684225454062,0.056615966024080894,1.692489997324817e-06,-3.2742999631419836e-06,-3.09030132934639e-06,1.2720392911190415,-0.33135425854524003
1.8000000000000014,900,1.0,0.0,0.0,-0.2768453915504834,-0.02581914636437183,1.5787671496444212e-06,-2.705577344135965e-06,-1.7761466829093915e-06,0.03490585470786334,-0.3177935794544244
1.8000000000000014,900,1.0,0.12499999999999956,0.0,-0.26579379490519267,-0.07912999198478665,4.4762516205240187e-07,-1.418223026791881e-07,1.0949739452914994e-07,-0.9588500732002456,-0.3424608742272324
1.8000000000000014,900,1.0,0.25,0.0,-0.008685384436476066,-0.19436929373758333,8.502237201086544e-08,-3.2651614706754483e-07,8.518513376574776e-08,-2.682697281441735,-0.38810632479936213
1.8000000000000014,900,1.0,0.375,0.0,0.36980600577191053,-0.2525096042651131,-2.5236345690185886e-07,-1.1970013778304025e-06,-1.3851589945124505e-07,-3.8783892775863937,-0.45077302745940784
1.8000000000000014,900,1.0,0.49999999999999956,0.0,0.519769524685807,-0.26939006136194776,-2.56116964729373e-07,-1.4474239387096892e-06,-2.401698545817063e-07,-3.921196034350643,-0.4533102426962244
1.8000000000000014,900,1.0,0.625,0.0,1.0190425683617186,-0.314403689676603,-3.1387048612362923e-07,2.589015419981282e-07,-4.941442545730213e-07,-2.4838439054546018,-0.3815539465971796
1.8000000000000014,900,1.0,0.75,0.0,1.1865281639197982,-0.26969740976706136,-2.974576337975686e-07,7.251774756637998e-07,1.4010928109290711e-07,-1.1707261127981574,-0.3227095473350583
1.8000000000000014,900,1.0,0.8749999999999996,0.0,1.2355365229165522,-0.22227034134802043,-1.3605884002853502e-07,7.114088065675961e-07,3.9650000156213596e-08,-0.6922705832524719,-0.3008380709838847
1.8000000000000014,900,1.0,1.0,0.0,1.2266541550810186,-0.15312468990817601,-5.766751237212705e-08,2.551265424728098e-07,-2.719477418638711e-10,-0.11581730700173459,-0.23099160866852597
1.8000000000000014,900,1.0,1.125,0.0,1.2088541376474495,-0.12669365326661236,-2.171210017132763e-08,1.3893024123832e-07,-2.260224036665671e-09,-0.08968294976627288,-0.19790112922464442
1.8000000000000014,900,1.0,1.25,0.0,1.2030455815262253,-0.11822378943975118,-1.533337540861823e-07,2.257767710787842e-07,-3.1606309827667016e-08,-0.08547619228254462,-0.18613147916922468
1.8000000000000014,900,1.0,1.375,0.0,1.1882044392345836,-0.09860593413001652,-4.542548904608011e-09,5.553415818304521e-08,-5.111108986175789e-09,-0.06940824217466746,-0.1638273717191613
1.8000000000000014,900,1.0,1.5,0.0,1.1878487429298163,-0.09715788999253458,-1.74463992058284e-08,5.721454625769641e-08,-3.723129625333823e-09,-0.06745932807055274,-0.16303937887089326
1.8000000000000014,900,1.0,1.625,0.0,1.1472149037421364,-0.0710302247991225,4.682346657597834e-08,-8.10890722193924e-08,4.6838824765425535e-08,-0.02810940421912224,-0.11551361817207459
1.8000000000000014,900,1.0,1.75,0.0,1.1447628926754454,-0.0669867926112373,1.3894764876396394e-08,-3.9569327974900085e-08,2.7892660843949454e-08,-0.023797030183920164,-0.11282507857934945
1.8000000000000014,900,1.0,1.875,0.0,1.1357417865272366,-0.05934734556640972,-8.27129611961788e-08,3.6993596011915726e-08,-2.486609419337333e-08,-0.014995819277227873,-0.10388811931503172
1.8000000000000014,900,1.0,2.0,0.0,1.1135008737333674,-0.05828652390236648,7.937243262823827e-08,7.22855589176075e-08,-1.94580349632157e-08,-0.003553041547388896,-0.08281047245436052
1.8000000000000014,900,1.0,2.125,0.0,1.1084475338864144,-0.03810402543976547,-1.692939857786289e-08,-3.345311305067324e-08,-3.2060341439456765e-09,-0.009676113557355953,-0.0775898266863194
1.8000000000000014,900,1.0,2.25,0.0,1.10752824340095,-0.03584921323398545,-2.0717789045499397e-08,-2.2908215467667435e-08,-2.9997074311534555e-09,-0.010295175023568186,-0.0767170005803595
1.8000000000000014,900,1.0,2.375,0.0,1.1024796027564812,-0.03189899468082342,4.873471321893909e-09,1.1871668774461815e-09,3.7520548642585535e-08,-0.010299278765587483,-0.0719771013898406
1.8000000000000014,900,1.0,2.5,0.0,1.0873557696557845,-0.03644592825830721,5.460221267582861e-08,3.240959555310069e-08,-5.8838445131426195e-09,-0.0041812182358178,-0.05758165046216965
1.8000000000000014,900,1.0,2.625,0.0,1.0831091509414417,-0.024816432917590087,2.2717084167650595e-08,-9.997983324451531e-09,1.9838557749910996e-08,-0.006498792829061441,-0.051749098003051386
1.8000000000000014,900,1.0,2.75,0.0,1.0796463244045982,-0.02123290351233961,2.6010837641570744e-09,6.401475398493079e-09,2.4134601831286803e-08,-0.006635492781874069,-0.04818085620423229
1.8000000000000014,900,1.0,2.875,0.0,1.0789028633299114,-0.021277747783842314,1.441339150192004e-08,9.583895101593899e-09,3.722216860258536e-08,-0.006452316322889452,-0.047597188010358935
1.8000000000000014,900,1.0,3.0,0.0,1.0671866540226502,-0.016932917458972574,4.106987370774757e-08,6.139852958957393e-09,6.790976773100917e-08,-0.0044719821505366285,-0.03711551138833681
2.0000000000000013,1000,1.0,-3.0,0.0,1.0697133740908666,0.013321031966592355,1.0518604385659597e-07,-4.4856272910090976e-09,6.140817977663509e-08,0.0059881408875347136,-0.03619134100141025
2.0000000000000013,1000,1.0,-2.875,0.0,1.081542743930196,0.01650512561976597,1.2599900676508918e-08,1.5644856970998485e-08,-2.5239608393876528e-08,0.008393376723448958,-0.046904736486957234
2.0000000000000013,1000,1.0,-2.75,0.0,1.082283751411754,0.016373387160989645,2.519435098879686e-08,1.0933568559738774e-08,-1.5052374187237015e-08,0.008541163976679363,-0.04747928341249043
2.0000000000000013,1000,1.0,-2.625,0.0,1.0861008166131134,0.019643623658402047,-8.518497431045108e-09,-2.286686382343506e-08,-3.931769323571706e-08,0.008728211126731925,-0.051386303329191335
2.0000000000000013,1000,1.0,-2.5,0.0,1.0971454482770375,0.031340633165089865,1.7948741369954044e-07,-1.0006680686772522e-07,-3.664729230557163e-08,0.008848953964758686,-0.06397157623126039
2.0000000000000013,1000,1.0,-2.375,0.0,1.1064084499690314,0.024662451552099843,7.790253553477797e-08,-4.59409736092932e-09,3.6920551828314005e-08,0.012367724033647678,-0.07164807922547892
2.0000000000000013,1000,1.0,-2.25,0.0,1.1075575972070195,0.02435515769492431,6.525812040600644e-08,-3.4231350562199245e-09,2.485695101494592e-08,0.012712396852762495,-0.07267243449253198
2.0000000000000013,1000,1.0,-2.125,0.0,1.1149937148146911,0.02290693070782117,7.682007905097054e-08,-6.186079570796573e-09,-5.803801602540887e-10,0.016449942075323735,-0.07986622369695831
2.0000000000000013,1000,1.0,-2.0,0.0,1.1265261037765326,0.025332452724953883,1.33045902974714e-07,3.135591172351222e-08,-2.103086730917307e-08,0.022819328960395898,-0.09209594050543515
2.0000000000000013,1000,1.0,-1.875,0.0,1.1404307181741042,0.04855859858282521,3.059240533963254e-08,-1.4517695301689386e-08,3.367301547076515e-08,0.022522687821727463,-0.10572228832861377
2.0000000000000013,1000,1.0,-1.75,0.0,1.1496830149754957,0.054661589981767573,5.266047129015543e-08,4.108408722226675e-08,3.662605328367477e-08,0.030330423864737346,-0.11503636633524919
2.0000000000000013,1000,1.0,-1.625,0.0,1.1845158496674806,0.061514534720599354,-1.2609121433452285e-07,5.053681320049906e-08,1.943356503489355e-08,0.04767806601734597,-0.1537520413929367
2.0000000000000013,1000,1.0,-1.5,0.0,1.194429132234349,0.07748268510893098,-4.006997542288849e-07,1.1780717953246063e-07,5.065163347082169e-08,0.05380222413854294,-0.16575395752087022
2.0000000000000013,1000,1.0,-1.375,0.0,1.1951257833556073,0.0788472858571775,-9.947124777181494e-08,6.523676783660357e-08,3.455888822317266e-08,0.0549990689912281,-0.16673916308451295
2.0000000000000013,1000,1.0,-1.2500000000000002,0.0,1.2152480425768213,0.09624695308777954,-2.712867409086045e-07,2.9539313320551903e-07,4.80663807482157e-08,0.054998293423093224,-0.19181127356609246
2.0000000000000013,1000,1.0,-1.125,0.0,1.2237392340003308,0.10396579249140989,-2.3229412038866892e-07,2.1100856450662117e-07,2.1810790566085163e-08,0.05273583638310921,-0.20439977070894783
2.0000000000000013,1000,1.0,-1.0,0.0,1.2490499769117278,0.14323437091568392,-4.7449688935222373e-07,2.9895651699537154e-07,2.3813989857698576e-07,0.12449458344484118,-0.24263526437032434
2.0000000000000013,1000,1.0,-0.875,0.0,1.2612120572501542,0.18366207423466574,-7.54157230204197e-07,-4.962850659566401e-07,-4.865127259036686e-07,0.5149092379565282,-0.28657804169424134
2.0000000000000013,1000,1.0,-0.75,0.0,1.2051932281437399,0.225048575223817,-2.325304196329099e-06,1.2064826995934682e-06,-6.960303098022587e-06,1.5096463747374853,-0.3444764330024548
2.0000000000000013,1000,1.0,-0.625,0.0,0.9998587593093381,0.24459271515599834,-1.390194587530607e-06,1.4923437035819342e-05,-1.5784738783530198e-05,2.9652750594592145,-0.4106624116296773
2.0000000000000013,1000,1.0,-0.5,0.0,0.6297101887840291,0.2126735924453236,-1.056679176269743e-06,4.2539655136574724e-05,-3.129665291014894e-05,3.9406219658124053,-0.4503199056959032
2.0000000000000013,1000,1.0,-0.375,0.0,0.2961824954506282,0.14594010876263586,1.1656373253737834e-06,3.526797938528038e-05,-2.4037600611034564e-05,4.0093335362330365,-0.46669211695031687
2.0000000000000013,1000,1.0,-0.25,0.0,-0.08884749036270231,0.10197776299220797,4.678316772723888e-06,1.7671365771037198e-05,-2.1413629195200532e-05,2.659156307879108,-0.41056679108931665
2.0000000000000013,1000,1.0,-0.125,0.0,-0.27428666224618375,0.0355738632343459,2.026854492298942e-06,-2.504746688772086e-06,-4.4989239301892174e-06,1.325093424070763,-0.37068549846867116
2.0000000000000013,1000,1.0,0.0,0.0,-0.33518739375707635,-0.024569891952795526,1.8368945834548174e-06,-3.1372734022512955e-06,-1.8946853137395083e-06,-0.0008952312754324926,-0.35767619919453375
2.0000000000000013,1000,1.0,0.12499999999999956,0.0,-0.31610482302259596,-0.05857499081920082,5.65165211005747e-07,-3.3509426270362706e-07,3.271590197908451e-07,-1.028257596287184,-0.3820689816038465
2.0000000000000013,1000,1.0,0.25,0.0,-0.05309082365524659,-0.1479249169131784,9.939869140075097e-08,-8.794943379155742e-07,5.605226794544776e-07,-2.8957634052507593,-0.43456033335425465
2.0000000000000013,1000,1.0,0.375,0.0,0.34729889982890133,-0.1865962104260777,-3.0135369943396786e-07,-1.265823329094347e-06,2.8149512157288614e-07,-4.114042100321623,-0.4910856657600387
2.0000000000000013,1000,1.0,0.49999999999999956,0.0,0.5070835516172287,-0.20413263804269927,-3.0375482955125095e-07,-1.2040157236782964e-06,2.783962293156801e-07,-4.163408474066777,-0.49255826913665307
2.0000000000000013,1000,1.0,0.625,0.0,1.0323507648405343,-0.27779500032737225,-2.8925324501874594e-07,5.844703547794729e-07,-2.85970383715883e-07,-2.7870139592923917,-0.4198482177731173
2.0000000000000013,1000,1.0,0.75,0.0,1.2141219461295663,-0.2493171715005228,-2.4787611162976396e-07,7.428617508210516e-07,1.2066236272106132e-07,-1.343247747298297,-0.3506729966431825
2.0000000000000013,1000,1.0,0.8749999999999996,0.0,1.2647812031989785,-0.2042081171507576,-1.0168449950357548e-07,5.787239104995289e-07,-4.0313986990213645e-08,-0.7680011249723689,-0.3222883264527632
2.0000000000000013,1000,1.0,1.0,0.0,1.2441103764937143,-0.14175185842253113,-4.592125586842834e-08,1.6001076553011405e-07,-2.9044223082956223e-08,-0.0715940301976948,-0.24486726731427055
2.0000000000000013,1000,1.0,1.125,0.0,1.2189957782924368,-0.11586229195684357,-1.9562812595908068e-08,8.669522853311517e-08,-1.0381533778554181e-08,-0.05240008280318633,-0.20916055279892712
2.0000000000000013,1000,1.0,1.25,0.0,1.2108394311642838,-0.10731858715319076,-1.5291381062116035e-07,1.5229254769457413e-07,-5.229730237503615e-08,-0.05660591756645216,-0.19636457846435387
2.0000000000000013,1000,1.0,1.375,0.0,1.191594029592428,-0.08797659505422721,-1.2005706263050794e-08,2.5622743654273763e-08,-1.1083924729689626e-08,-0.053757516195443555,-0.1715415736464287
2.0000000000000013,1000,1.0,1.5,0.0,1.1909847453066664,-0.08652025273683757,-2.5256616524474796e-08,2.490564365501568e-08,-1.0142561775764863e-08,-0.05243628982799561,-0.1705943233765122
2.0000000000000013,1000,1.0,1.625,0.0,1.1498639413053584,-0.06478740706408376,3.8945341868747155e-08,-9.587455513087389e-08,6.167963104778e-08,-0.03308653382045875,-0.12199286021762297
2.0000000000000013,1000,1.0,1.75,0.0,1.1474397585845908,-0.06110668939954204,5.85818314362795e-09,-5.251864026201784e-08,3.5504034691163515e-08,-0.029388475880494078,-0.11910688671236838
2.0000000000000013,1000,1.0,1.875,0.0,1.1385746577753717,-0.05431530536906703,-9.696684199345874e-08,2.166695064806483e-08,-4.099515434868395e-08,-0.02128212589906757,-0.10975853348949512
2.0000000000000013,1000,1.0,2.0,0.0,1.11695195692309,-0.05525595671352169,7.35872887706243e-08,6.601115313325265e-08,-2.7880435328361148e-08,-0.009359454123556434,-0.08799330608022655
2.0000000000000013,1000,1.0,2.125,0.0,1.1113965470444684,-0.03421965408867362,-2.8998200418050276e-08,-3.8484473320707106e-08,2.3280101532591864e-08,-0.01205888284610179,-0.08170244252515005
2.0000000000000013,1000,1.0,2.25,0.0,1.1104303671967959,-0.03187158002518072,-3.148373151123524e-08,-2.6858932863068575e-08,1.4228085954806436e-08,-0.012268546204551627,-0.08071969567006235
2.0000000000000013,1000,1.0,2.375,0.0,1.1052139031433839,-0.0280643010634453,-1.2539050228276888e-09,1.273579053214094e-09,3.698094698462464e-08,-0.011635364848352165,-0.07569357058938521
2.0000000000000013,1000,1.0,2.5,0.0,1.0899595824235995,-0.033879244814148606,4.3689180484422026e-08,2.822078249482399e-08,-2.2521358459941165e-08,-0.0067299095531549655,-0.061407723855413335
2.0000000000000013,1000,1.0,2.625,0.0,1.0851039407536072,-0.022212944465022415,2.3573902298843982e-08,-4.117872542498597e-09,3.18435930904912e-08,-0.008120588628421535,-0.05478277560096147
2.0000000000000013,1000,1.0,2.75,0.0,1.0814291919237258,-0.01879531845092014,-9.199460059018843e-10,1.0030937767592396e-08,2.134764956364095e-08,-0.008022712114410814,-0.050900437821575294
2.0000000000000013,1000,1.0,2.875,0.0,1.080690211505153,-0.01888588446701622,1.1535102350581725e-08,1.517011433107976e-08,3.275794606766993e-08,-0.007867477484202579,-0.050305869868955425
2.0000000000000013,1000,1.0,3.0,0.0,1.0689785746279274,-0.015082480238847215,4.057659425887414e-08,8.989476310726471e-09,6.822410377273552e-08,-0.005614423349601625,-0.03952772536031904
2.1999999999999793,1100,1.0,-3.0,0.0,1.0713984802869905,0.011093918636692872,1.0784381317618085e-07,-1.5289086105794018e-08,3.9436838404596145e-08,0.006661680627566679,-0.038222320718351306
2.1999999999999793,1100,1.0,-2.875,0.0,1.0832006758405457,0.01357252640643214,1.0506364838161606e-08,3.253194592158384e-08,-1.680056989006238e-08,0.00950193106848819,-0.04917973113007512
2.1999999999999793,1100,1.0,-2.75,0.0,1.0839343549783664,0.013399010527483065,2.376831264098328e-08,2.586686462572563e-08,-9.771497856353684e-09,0.009624403861839805,-0.049763051784699794
2.1999999999999793,1100,1.0,-2.625,0.0,1.0878863203949656,0.016441521518482986,-1.3913909535404942e-08,-5.39343927832621e-09,-3.622407905817187e-08,0.010089340136435735,-0.05390167992297525
2.1999999999999793,1100,1.0,-2.5,0.0,1.0994018990682877,0.02773681636533463,1.7389561007754798e-07,-9.35215299489961e-08,-4.9907566305726775e-08,0.011073657192569607,-0.06716762999931719
2.1999999999999793,1100,1.0,-2.375,0.0,1.1086708654429789,0.02036247178899557,8.524257326359515e-08,2.6692964753448785e-09,3.186497963030421e-08,0.013327661801140209,-0.07500529902307866
2.1999999999999793,1100,1.0,-2.25,0.0,1.1098377119924687,0.019964021631323395,7.285124437541352e-08,7.069145283813685e-09,2.4380752358565404e-08,0.0135822455682297,-0.07607101763855839
2.1999999999999793,1100,1.0,-2.125,0.0,1.1171842691427945,0.017830306109943253,8.104788963122706e-08,-7.877737661910844e-11,1.15930612760781e-08,0.016757479765773874,-0.08319619924870543
2.1999999999999793,1100,1.0,-2.0,0.0,1.128536605594738,0.0190708423401956,1.2493090009886e-07,5.211639469568972e-08,-3.451239144396242e-08,0.022811246457493297,-0.0951988893993041
2.1999999999999793,1100,1.0,-1.875,0.0,1.1425615055126512,0.04231096434956684,2.842384881273368e-08,5.385904110716056e-08,1.1129011003511302e-08,0.02574545928677079,-0.10929098409225457
2.1999999999999793,1100,1.0,-1.75,0.0,1.1518008189439317,0.0477449815120089,4.358363213250291e-08,9.176552208548725e-08,2.4589585319966643e-08,0.030779138058462944,-0.11901209913885011
2.1999999999999793,1100,1.0,-1.625,0.0,1.1869193690262934,0.05219641818306035,-1.0098550766484073e-07,2.321651254337603e-07,1.17472168666295e-08,0.03084908192305266,-0.1592747611688345
2.1999999999999793,1100,1.0,-1.5,0.0,1.1980117291589014,0.06794801900371615,-3.6024024061341536e-07,3.648421899069144e-07,2.5118325072871976e-08,0.03100999951985552,-0.17259728351019898
2.1999999999999793,1100,1.0,-1.375,0.0,1.198967482152616,0.06927800721711605,-6.692287238792265e-08,2.744877779456408e-07,1.409528910356845e-09,0.03150633432886761,-0.1737253994463959
2.1999999999999793,1100,1.0,-1.2500000000000002,0.0,1.223234853952602,0.08616969970764889,-2.4826605800126836e-07,3.5189930151371995e-07,-4.413957237846542e-08,0.0236893599168398,-0.20079278842663478
2.1999999999999793,1100,1.0,-1.125,0.0,1.234053712426153,0.09366785901337697,-2.0369487845803e-07,2.927346176091401e-07,-8.975269160253014e-08,0.019674494850586362,-0.21427466746700957
2.1999999999999793,1100,1.0,-1.0,0.0,1.2663550389879834,0.12966961497191268,-4.99343746989921e-07,2.0862533270013718e-07,-1.2450202489499827e-07,0.11733859363434371,-0.2561830498888922
2.1999999999999793,1100,1.0,-0.875,0.0,1.2810840522016078,0.16375347532800366,-8.740507272426045e-07,-1.1851382597291838e-06,-1.2963317555888195e-06,0.5905273383079026,-0.3037561535561505
2.1999999999999793,1100,1.0,-0.75,0.0,1.2153031530954888,0.19335200060942664,-2.7709995064826533e-06,-8.274398887619398e-07,-8.442505193719967e-06,1.703491002887185,-0.3657313454189469
2.1999999999999793,1100,1.0,-0.625,0.0,0.9876178664066226,0.19771028923833367,-2.275558022919557e-06,1.403013893785538e-05,-1.8318770693925338e-05,3.187283183428466,-0.43555515329654504
2.1999999999999793,1100,1.0,-0.5,0.0,0.6038026482559895,0.15223740088384646,-2.6384405589469197e-06,4.3479854984708975e-05,-3.471059860044813e-05,4.074040445648467,-0.47558113308331296
2.1999999999999793,1100,1.0,-0.375,0.0,0.2704731161380909,0.08224710985792608,-5.0253478642610916e-08,3.797450133052979e-05,-2.601135001357727e-05,4.0204353259619925,-0.48937825115903155
2.1999999999999793,1100,1.0,-0.25,0.0,-0.12598818192141462,0.059675013028022826,4.266118826393295e-06,2.4360491806673393e-05,-2.5835693670534335e-05,2.7347539155637612,-0.44119921280449514
2.1999999999999793,1100,1.0,-0.125,0.0,-0.3187335660479402,0.015110204300668747,2.171720522908938e-06,-8.409875937843397e-07,-5.958450856390482e-06,1.3555403349987756,-0.4022925971696424
2.1999999999999793,1100,1.0,0.0,0.0,-0.38034328768212017,-0.021264470207935406,1.9919688152893518e-06,-3.1511018166871885e-06,-2.0128081034288103e-06,-0.028876240536866424,-0.3896896733194709
2.1999999999999793,1100,1.0,0.12499999999999956,0.0,-0.35329040890413654,-0.036978891544756795,6.340922375622336e-07,-5.993044125648732e-07,3.9346264286568385e-07,-1.0932528556635794,-0.41204852205870685
2.1999999999999793,1100,1.0,0.25,0.0,-0.08466692870249388,-0.09828832591672831,1.0743314508910414e-07,-1.3534469405698355e-06,1.1815272272348626e-06,-3.028716710095691,-0.4705189003254618
2.1999999999999793,1100,1.0,0.375,0.0,0.32861950300967624,-0.11770625773020743,-3.4974868753807876e-07,-1.2837932074989407e-06,6.959582783624194e-07,-4.166105001910497,-0.5183722927900446
2.1999999999999793,1100,1.0,0.49999999999999956,0.0,0.49162961973989205,-0.1360282723045706,-3.335295529674544e-07,-9.926572543169133e-07,7.551066047648524e-07,-4.218208897875289,-0.5186415290521236
2.1999999999999793,1100,1.0,0.625,0.0,1.0289566025273438,-0.23344521915259683,-2.647491811396899e-07,7.513584443212952e-07,-1.2862023758642998e-07,-3.025618725662285,-0.44916700935878984
2.1999999999999793,1100,1.0,0.75,0.0,1.23023391380768,-0.2205784471433347,-2.3218817616137165e-07,6.103093609727807e-07,9.68202048328879e-08,-1.5312360690008302,-0.37358077995419825
2.1999999999999793,1100,1.0,0.8749999999999996,0.0,1.2847872899764918,-0.18266132475497848,-9.771260503025806e-08,3.9152584221510573e-07,-5.299011311185034e-08,-0.857707814903401,-0.3393391839862895
2.1999999999999793,1100,1.0,1.0,0.0,1.2612184508932909,-0.13058526541634827,-5.7338123219491915e-08,9.358761502007914e-08,-8.188574549498797e-08,-0.052927459815177505,-0.25724046982652515
2.1999999999999793,1100,1.0,1.125,0.0,1.2305420390419746,-0.10684973836481337,-3.5776316581846007e-08,5.9538350838033996e-08,-3.6258059433124383e-08,-0.01719505861328005,-0.21936705229265857
2.1999999999999793,1100,1.0,1.25,0.0,1.2199558700791522,-0.09842487379219775,-1.6383626877975138e-07,9.887729671101254e-08,-8.913766574105314e-08,-0.023162917646923718,-0.20572215648384964
2.1999999999999793,1100,1.0,1.375,0.0,1.1964111665239023,-0.0793600657874404,-3.034169263959878e-08,1.8872236944735664e-08,-2.3767015578454673e-08,-0.030227421150147232,-0.1788679668098139
2.1999999999999793,1100,1.0,1.5,0.0,1.195530738191337,-0.07792312619594494,-4.292380968401761e-08,1.6917735069283687e-08,-2.113966292244228e-08,-0.029597090560738556,-0.17777854897113327
2.1999999999999793,1100,1.0,1.625,0.0,1.1525588348649558,-0.05815105563113707,2.4052548129998685e-08,-7.272706840686253e-08,6.715367166805526e-08,-0.03259107816836428,-0.12772183767407203
2.1999999999999793,1100,1.0,1.75,0.0,1.1500600747815073,-0.0547199871560852,-6.790236267361039e-09,-4.024883104921209e-08,3.8072384198733294e-08,-0.030409980458924096,-0.12464712853271702
2.1999999999999793,1100,1.0,1.875,0.0,1.1411627836180942,-0.04862347905977629,-1.1043077417538612e-07,1.195439813027459e-08,-4.703392677416114e-08,-0.024801946873143153,-0.11488815159233194
2.1999999999999793,1100,1.0,2.0,0.0,1.1198355083991847,-0.05180027208990304,6.015505220950672e-08,6.034149388745205e-08,-3.7640649259279184e-08,-0.014098057841306489,-0.09233039545592717
2.1999999999999793,1100,1.0,2.125,0.0,1.1139433390832965,-0.03045108197238171,-4.092090246986704e-08,-3.7230764377033895e-08,2.9177187350487722e-08,-0.0135517392521983,-0.08504073224803119
2.1999999999999793,1100,1.0,2.25,0.0,1.1129524773097015,-0.028066991665853646,-4.240439135049265e-08,-2.6430274281114317e-08,1.8165709922731367e-08,-0.013385181866181097,-0.08395554722350936
2.1999999999999793,1100,1.0,2.375,0.0,1.107619950149054,-0.024435503517203278,-9.678021295067533e-09,4.8101399509180055e-09,2.7722833364662863e-08,-0.012286939059631083,-0.07869337792699935
2.1999999999999793,1100,1.0,2.5,0.0,1.0923135118643772,-0.031013725097911816,2.9328089811149172e-08,2.6966096423784056e-08,-3.296671097019805e-08,-0.009029120780939273,-0.06477431814947712
2.1999999999999793,1100,1.0,2.625,0.0,1.0869508805027124,-0.0194182639070027,2.3431966262075518e-08,-3.7049434479411154e-10,3.6152822289713097e-08,-0.009520819829922846,-0.057646200939571894
2.1999999999999793,1100,1.0,2.75,0.0,1.0830966412012588,-0.016183246124616323,-3.923652540882349e-09,1.3505803601271816e-08,1.6399405081963507e-08,-0.009216567954833534,-0.05351146948847188
2.1999999999999793,1100,1.0,2.875,0.0,1.0823632257920635,-0.016314308010262898,9.108163523292005e-09,2.048864071926243e-08,2.4649631001543348e-08,-0.009084299736637625,-0.05289169539825448
2.1999999999999793,1100,1.0,3.0,0.0,1.0706698279101428,-0.013146493459195201,3.687904066657834e-08,1.6270101835670723e-08,5.2502055669906556e-08,-0.006359905006000912,-0.041433157448863535
2.3999999999999573,1200,1.0,-3.0,0.0,1.0729564461807857,0.008853267518695826,1.1310099667429054e-07,-2.953604449114921e-08,1.8224452359687495e-08,0.006773457524863276,-0.04012093299254903
2.3999999999999573,1200,1.0,-2.875,0.0,1.084737643954725,0.010581066725150553,1.2006806326251694e-08,4.853480484021941e-08,-9.503623689862e-09,0.009881550803897812,-0.05138690052388497
2.3999999999999573,1200,1.0,-2.75,0.0,1.0854643907776145,0.010373070960440003,2.631128543242681e-08,4.0495893590371234e-08,-5.369890406130114e-09,0.009977711976149625,-0.05198290876821784
2.3999999999999573,1200,1.0,-2.625,0.0,1.0895283520807069,0.01318993701101526,-1.1530336139323466e-08,2.2245108663921285e-08,-2.384727608075998e-08,0.010610508659301441,-0.05627545309383557
2.3999999999999573,1200,1.0,-2.5,0.0,1.1014684632677894,0.02411388805657247,1.6943381226176665e-07,-6.167016857299672e-08,-4.7424349507749536e-08,0.012270197483098925,-0.06974907974606648
2.3999999999999573,1200,1.0,-2.375,0.0,1.1107598503699292,0.016408384358647304,8.666445184462398e-08,1.9735001188247092e-08,2.3298322243822197e-08,0.013122363158739095,-0.07743161913704337
2.3999999999999573,1200,1.0,-2.25,0.0,1.1119426594105117,0.01595369562289442,7.36398916321366e-08,2.867715880196035e-08,1.9946920602574647e-08,0.013256170101858818,-0.078501255940535
2.3999999999999573,1200,1.0,-2.125,0.0,1.1192611272984605,0.01321703039230163,7.81687384637053e-08,1.2225280600855747e-08,1.917086049165913e-08,0.015561594501730641,-0.08591143834202601
2.3999999999999573,1200,1.0,-2.0,0.0,1.1305616574338726,0.01319203750764695,1.3861155713450415e-07,7.03710721113855e-08,-4.650077773208494e-08,0.020617661965391856,-0.09876884646062728
2.3999999999999573,1200,1.0,-1.875,0.0,1.144774170122082,0.035868575708593656,5.5881589409984787e-08,9.166454722364717e-08,-1.825117691175535e-08,0.025777481481401274,-0.11451574549275301
2.3999999999999573,1200,1.0,-1.75,0.0,1.1542745651558868,0.04098506195239749,6.675582862745168e-08,1.1425339457840535e-07,1.060455328655946e-08,0.027546126228669823,-0.12467148236407588
2.3999999999999573,1200,1.0,-1.625,0.0,1.1906223915842844,0.0449843429947036,-8.090456692144578e-08,2.2921821912471002e-07,3.570313343190343e-09,0.014583551745365348,-0.1648187350942292
2.3999999999999573,1200,1.0,-1.5,0.0,1.202994413170065,0.06088370223374233,-3.3078371483825734e-07,3.6863482134025134e-07,1.593738109776303e-08,0.01093554213389936,-0.17873828809201453
2.3999999999999573,1200,1.0,-1.375,0.0,1.2041714427252113,0.06217396587475195,-4.330040727674085e-08,2.9628857561890514e-07,-2.5914759109476914e-08,0.011070435333326353,-0.17998659470761755
2.3999999999999573,1200,1.0,-1.2500000000000002,0.0,1.231692229413889,0.07799140150667196,-2.434923969309286e-07,2.1019559258108672e-07,-4.178904989712925e-08,0.007600936704795046,-0.20848463183812949
2.3999999999999573,1200,1.0,-1.125,0.0,1.244201128748391,0.08489456705244176,-1.9630258950851853e-07,1.8333614684393182e-07,-1.1298072951305117e-07,0.007641461832491056,-0.22264680170625004
2.3999999999999573,1200,1.0,-1.0,0.0,1.2793895681817904,0.11611440909338278,-5.48909803183927e-07,-7.784546656510853e-09,-4.4594879106198317e-07,0.13434537994470158,-0.26705009301548777
2.3999999999999573,1200,1.0,-0.875,0.0,1.2921272677818467,0.14234255263146425,-9.852700295986487e-07,-1.6161493340210828e-06,-1.9317902418210294e-06,0.6648964623623319,-0.3166336448337401
2.3999999999999573,1200,1.0,-0.75,0.0,1.2150046541338901,0.16046695864130026,-3.047752284494636e-06,-3.439711768306306e-06,-8.113739040984782e-06,1.8405236860704035,-0.3797867760568614
2.3999999999999573,1200,1.0,-0.625,0.0,0.9661758880389593,0.15142056387532998,-3.0351503412095847e-06,1.0725908641754282e-05,-1.7163672359543687e-05,3.2916699702639023,-0.4472319244696328
2.3999999999999573,1200,1.0,-0.5,0.0,0.5767883423129758,0.09516858123712393,-4.248409887330153e-06,3.986133132663068e-05,-3.400133215139078e-05,4.046321354585594,-0.48620548677318853
2.3999999999999573,1200,1.0,-0.375,0.0,0.25053473801125037,0.028273769577071638,-1.1940108757584774e-06,3.679932858845903e-05,-2.5959859289084718e-05,3.898228334829701,-0.4984700939231158
2.3999999999999573,1200,1.0,-0.25,0.0,-0.15145916159645256,0.02177901806872183,3.6498832233098627e-06,2.9044312153096925e-05,-2.9053479663624075e-05,2.7373273293442395,-0.4605600625330134
2.3999999999999573,1200,1.0,-0.125,0.0,-0.3497018600277901,-0.0026133139600962117,2.208244191727222e-06,9.265840773802424e-07,-7.296458818637892e-06,1.3577668290425389,-0.42417455842597906
2.3999999999999573,1200,1.0,0.0,0.0,-0.4129393322347354,-0.01610300804672985,2.0790762683504692e-06,-2.912028510029547e-06,-2.3929074550568732e-06,-0.04887876268498802,-0.4137668345470291
2.3999999999999573,1200,1.0,0.12499999999999956,0.0,-0.378320413891062,-0.015542113611761624,6.877389508873375e-07,-9.038550037912394e-07,5.363548358924458e-07,-1.137508008355142,-0.43376282741078026
2.3999999999999573,1200,1.0,0.25,0.0,-0.10435469758705147,-0.050094702590479066,1.3677343301690774e-07,-1.7773133808490757e-06,1.8519101480744673e-06,-3.0698657147101374,-0.4935166291646912
2.3999999999999573,1200,1.0,0.375,0.0,0.31346074785778544,-0.055095573564537814,-3.7948783066581034e-07,-1.3802391822012182e-06,1.0373499374903596e-06,-4.055237197067909,-0.5314001674307693
2.3999999999999573,1200,1.0,0.49999999999999956,0.0,0.47496742194944275,-0.07373277371203776,-3.4326278928896706e-07,-9.684512776454617e-07,1.1487028700825206e-06,-4.110734127438146,-0.5299113834490359
2.3999999999999573,1200,1.0,0.625,0.0,1.013675328273964,-0.1873219771619582,-2.5105596183724356e-07,8.251445140114657e-07,1.70188164749522e-08,-3.1661316431240145,-0.46609695573335874
2.3999999999999573,1200,1.0,0.75,0.0,1.2358247911125912,-0.18914129503657268,-2.3442894962283933e-07,4.895560167933695e-07,1.9635837451997783e-07,-1.6843408313728077,-0.39035772609424135
2.3999999999999573,1200,1.0,0.8749999999999996,0.0,1.2965714017694283,-0.1599516166869712,-1.0124144328456931e-07,2.47033176270253e-07,6.528821731798579e-10,-0.9518873159783761,-0.3530566567171628
2.3999999999999573,1200,1.0,1.0,0.0,1.2755085894984228,-0.11952414422847972,-7.573061599939848e-08,6.492681962556736e-08,-6.676289917357589e-08,-0.059095617697463555,-0.2683968383597074
2.3999999999999573,1200,1.0,1.125,0.0,1.2423579218431349,-0.0993864142761651,-5.685107822277569e-08,4.81677622146044e-08,-2.817659978734447e-08,-0.0009730848702506805,-0.22886428258233119
2.3999999999999573,1200,1.0,1.25,0.0,1.2299686450035132,-0.09142592333558436,-1.7896667508190028e-07,7.110546749542235e-08,-8.30837454914816e-08,-0.004180870608733427,-0.21448354984649382
2.3999999999999573,1200,1.0,1.375,0.0,1.2027428442374273,-0.07317388444644322,-5.069537916629869e-08,2.5259087251015262e-08,-2.32638318088965e-08,-0.00951777597507696,-0.18593189915841435
2.3999999999999573,1200,1.0,1.5,0.0,1.2016236402842744,-0.07176764994090994,-6.261154185676788e-08,2.3595787940434585e-08,-1.9983215074858403e-08,-0.009326006651911946,-0.18471232039130636
2.3999999999999573,1200,1.0,1.625,0.0,1.1559514406184364,-0.05180293165155974,3.0761483288840086e-09,-3.8805298832255575e-08,6.364447516218127e-08,-0.028058197903961843,-0.1323496776070774
2.3999999999999573,1200,1.0,1.75,0.0,1.1532371132800323,-0.04840333439345596,-2.4854952908802002e-08,-2.021361058247654e-08,3.52770435949119e-08,-0.027693256359083394,-0.12898604575231692
2.3999999999999573,1200,1.0,1.875,0.0,1.1439805746206484,-0.042650997046913594,-1.249318373715982e-07,5.919924439344482e-09,-4.2726769967447586e-08,-0.025287217619262694,-0.1187167090734868
2.3999999999999573,1200,1.0,2.0,0.0,1.1226231628465968,-0.04799744861634255,4.0903906977666706e-08,5.384885635256809e-08,-4.453471004546179e-08,-0.016612344080093017,-0.09630759898555627
2.3999999999999573,1200,1.0,2.125,0.0,1.116333971932158,-0.026823729335694733,-5.0414533136540426e-08,-3.334166077332631e-08,2.9311273916844014e-08,-0.013657446523734738,-0.08823982054894403
2.3999999999999573,1200,1.0,2.25,0.0,1.1153024916671757,-0.02445883906025312,-5.114304204836912e-08,-2.3854215612132098e-08,1.9049945037164422e-08,-0.013221251833200458,-0.08706392379716625
2.3999999999999573,1200,1.0,2.375,0.0,1.109830589957021,-0.021022333267205373,-1.6338018544527746e-08,1.2430771753058586e-08,1.7352206669126814e-08,-0.011986321250762242,-0.081553020884471
2.3999999999999573,1200,1.0,2.5,0.0,1.0944224375381462,-0.027938235518587415,1.71875739431389e-08,2.063630279557653e-08,-3.343076691822715e-08,-0.010529100134067635,-0.06751499630112755
2.3999999999999573,1200,1.0,2.625,0.0,1.088675682246981,-0.016495608988258227,2.0114700139681744e-08,1.9537074819814117e-09,3.1159875007137396e-08,-0.010304191737177382,-0.059914902611302875
2.3999999999999573,1200,1.0,2.75,0.0,1.084689530094512,-0.013444866819518158,-6.872346851331449e-09,1.6186917870268425e-08,1.1361171439410104e-08,-0.009898751824485864,-0.05558160384002604
2.3999999999999573,1200,1.0,2.875,0.0,1.0839627524315976,-0.013613506750591784,7.102794867624478e-09,2.483667173866328e-08,1.6539652158692896e-08,-0.009784368759381094,-0.05495095288909355
2.3999999999999573,1200,1.0,3.0,0.0,1.0722837997504995,-0.011215125855756295,3.392277515348241e-08,2.837033716227066e-08,3.134166436054703e-08,-0.006649374186111057,-0.04319043156984989
2.5999999999999353,1300,1.0,-3.0,0.0,1.074380365592734,0.0067443138143508,1.1675570586910748e-07,-4.028999826415398e-08,6.803251698540014e-10,0.006344573570221472,-0.04208628677105259
2.5999999999999353,1300,1.0,-2.875,0.0,1.0861629721267965,0.007629609046219404,1.3241618444371164e-08,5.9242370731899816e-08,-4.389964337883127e-09,0.009573341749878813,-0.0537946307808283
2.5999999999999353,1300,1.0,-2.75,0.0,1.0868837659689334,0.007388991611269696,2.8403938969017945e-08,5.133602747673125e-08,-2.7509163332484063e-09,0.00964813717049458,-0.05441370973109838
2.5999999999999353,1300,1.0,-2.625,0.0,1.0910501389827854,0.010018236760867924,-8.2798011328063e-09,5.2001786302325854e-08,-1.347738611278556e-08,0.010294396506159084,-0.05882551626832341
2.5999999999999353,1300,1.0,-2.5,0.0,1.1033594740015633,0.02066711461897124,1.6459231053888954e-07,-1.4623779128198474e-08,-4.069604296167223e-08,0.012253740419111541,-0.07247158277235655
2.5999999999999353,1300,1.0,-2.375,0.0,1.1126687403650797,0.01296935660642626,9.221637046182992e-08,3.5729815277847936e-08,1.0999137095815549e-08,0.011778731193347321,-0.08008926835038127
2.5999999999999353,1300,1.0,-2.25,0.0,1.1138662211915726,0.012498053950179418,7.889435299394401e-08,4.831636559514611e-08,1.0801506485847376e-08,0.011777052551718686,-0.08116239049247423
2.5999999999999353,1300,1.0,-2.125,0.0,1.1212263651695784,0.009269727901000703,8.63152723586614e-08,2.2393643671192392e-08,1.8178679944540426e-08,0.013131565857007508,-0.08867353975098613
2.5999999999999353,1300,1.0,-2.0,0.0,1.132645505270798,0.00800585097943462,1.4507260014872845e-07,8.873280971437173e-08,-5.0350005471719506e-08,0.016883268835344117,-0.10184885077723937
2.5999999999999353,1300,1.0,-1.875,0.0,1.147332003314753,0.02934226171773157,8.168843047431342e-08,1.0328499979413932e-07,-3.8355360091060565e-08,0.02312620507275458,-0.11942645497252416
2.5999999999999353,1300,1.0,-1.75,0.0,1.1573473958960527,0.034395435461727825,8.906634038175778e-08,1.2322939356517593e-07,-1.90616435981414e-09,0.02253800522892746,-0.12989597459756758
2.5999999999999353,1300,1.0,-1.625,0.0,1.1952590357243764,0.03921575629652428,-6.692255143583057e-08,1.1994395160010803e-07,-8.846693746693025e-10,0.004749854522765324,-0.16927203442562597
2.5999999999999353,1300,1.0,-1.5,0.0,1.2088478420375535,0.05523477974125708,-3.1732395617397844e-07,2.3579782501850945e-07,1.0072118538223482e-08,0.0015988527371541637,-0.18382843396398874
2.5999999999999353,1300,1.0,-1.375,0.0,1.2101916270625457,0.056439849025051926,-3.774050187154163e-08,2.0161397507032947e-07,-2.3921743950745244e-08,0.0020369934867599075,-0.18519070446570152
2.5999999999999353,1300,1.0,-1.2500000000000002,0.0,1.2394567016335283,0.06991313749850846,-2.288699880278409e-07,6.178399045308999e-08,8.532081910648128e-10,0.00786480078609036,-0.21505903640825003
2.5999999999999353,1300,1.0,-1.125,0.0,1.2527029782502792,0.07570418193387295,-1.834707577497979e-07,4.797872296141223e-08,-6.649535965805174e-08,0.0148211126578343,-0.22980934337345144
2.5999999999999353,1300,1.0,-1.0,0.0,1.2878441022333555,0.10246727865175392,-5.460011817581421e-07,-2.3869209450411346e-07,-4.877780493256069e-07,0.1665541343600682,-0.2755915755001591
2.5999999999999353,1300,1.0,-0.875,0.0,1.2958330026981426,0.12223883808241139,-9.861699355665753e-07,-2.195749946700347e-06,-2.16093583860356e-06,0.7360374683088968,-0.3257985031891788
2.5999999999999353,1300,1.0,-0.75,0.0,1.2062354105443007,0.13201337616572498,-3.045542312344524e-06,-6.039667144358569e-06,-8.80075784790949e-06,1.9343923569441661,-0.3888183825665405
2.5999999999999353,1300,1.0,-0.625,0.0,0.939058920415577,0.11195174437452475,-3.3716662485886437e-06,6.7283708678004725e-06,-1.6901233671303793e-05,3.3056169701490212,-0.4512825095852082
2.5999999999999353,1300,1.0,-0.5,0.0,0.5498054988083068,0.048337914790394634,-5.187052418064068e-06,3.3383343094052716e-05,-3.151122689226724e-05,3.9049244652997332,-0.48629066312200486
2.5999999999999353,1300,1.0,-0.375,0.0,0.23470021838411134,-0.012226568615142666,-2.233107939340653e-06,3.296968611906193e-05,-2.4306896492570714e-05,3.7047906191467534,-0.49710138866091574
2.5999999999999353,1300,1.0,-0.25,0.0,-0.16714178798856028,-0.009359075517980906,2.6756643764926636e-06,3.167761023493504e-05,-3.082029947530053e-05,2.68388224691116,-0.467703749254064
2.5999999999999353,1300,1.0,-0.125,0.0,-0.3682744197540641,-0.015947594020217164,2.112379911129784e-06,2.578737431007441e-06,-8.12540256613866e-06,1.3329147589339092,-0.43632259231905207
2.5999999999999353,1300,1.0,0.0,0.0,-0.43257553054616205,-0.009478112877487649,2.1267443985575364e-06,-2.332511700085035e-06,-2.6918327409713003e-06,-0.06336534930793264,-0.42855325002250516
2.5999999999999353,1300,1.0,0.12499999999999956,0.0,-0.3926739881601659,0.004361900062557878,7.300372949904103e-07,-1.2482548339300764e-06,8.018317097396762e-07,-1.1519602724608493,-0.4454334433869963
2.5999999999999353,1300,1.0,0.25,0.0,-0.11533966075499609,-0.00670210026817724,1.847333747396419e-07,-2.2386669269823015e-06,2.545333740233512e-06,-3.0304612348044184,-0.5037575851829498
2.5999999999999353,1300,1.0,0.375,0.0,0.3002674063208012,-0.004333644343991338,-4.087870259806389e-07,-1.5966376437476933e-06,1.2900268008835508e-06,-3.8557199196884406,-0.5329057773976825
2.5999999999999353,1300,1.0,0.49999999999999956,0.0,0.4578926573021902,-0.02283959699693061,-3.5117669948583194e-07,-1.1419029644820195e-06,1.4600145444386727e-06,-3.918016442660291,-0.5299981805092535
2.5999999999999353,1300,1.0,0.625,0.0,0.9921939837185525,-0.14536596533053361,-2.49046725203378e-07,8.360249457914091e-07,1.444514231504426e-07,-3.223404193904719,-0.4729717266396762
2.5999999999999353,1300,1.0,0.75,0.0,1.2341247406388378,-0.15963261362754694,-2.434559740392527e-07,3.6977606287897734e-07,2.7812361760913294e-07,-1.7895699031252217,-0.4019318355981241
2.5999999999999353,1300,1.0,0.8749999999999996,0.0,1.300672751163175,-0.13770791647758968,-1.0976558123001194e-07,1.3873797637785669e-07,4.321793137195501e-08,-1.0485379202700411,-0.3629775314916611
2.5999999999999353,1300,1.0,1.0,0.0,1.2861070611516607,-0.10761359882112481,-8.89722503310911e-08,3.5064382590669543e-08,-2.5075046676898412e-08,-0.0826588557934248,-0.27730387899550074
2.5999999999999353,1300,1.0,1.125,0.0,1.2529422516702509,-0.0912561886582995,-7.260082008387042e-08,2.0468234073693802e-08,-7.179139565073666e-09,-0.007211085994231436,-0.2367029399031757
2.5999999999999353,1300,1.0,1.25,0.0,1.239567904720496,-0.08428941117529193,-1.919170573390371e-07,4.3626354403373656e-08,-5.7188562811918796e-08,-0.004374167486471064,-0.2216486750065662
2.5999999999999353,1300,1.0,1.375,0.0,1.2099529139659557,-0.06832488527097709,-6.584637468031346e-08,2.132134123056245e-08,-1.0820904807220518e-08,-0.00018949955313116423,-0.19142659769795362
2.5999999999999353,1300,1.0,1.5,0.0,1.2086470367183564,-0.0669887624573058,-7.73882446799542e-08,2.2142445809441526e-08,-8.529646872558373e-09,0.000128757207428044,-0.19007301612945543
2.5999999999999353,1300,1.0,1.625,0.0,1.1601328308567047,-0.04603806980418149,-1.1695139141138891e-08,-1.6552455880566553e-08,5.6868545903180745e-08,-0.02214813735375317,-0.13741862597256796
2.5999999999999353,1300,1.0,1.75,0.0,1.1570859412249292,-0.042484522902725017,-3.763164688969465e-08,-7.646636509111221e-09,3.1369741591370725e-08,-0.02310919299493752,-0.13392617974107962
2.5999999999999353,1300,1.0,1.875,0.0,1.1471882671827829,-0.036770501034634424,-1.3396948586978432e-07,-4.068994714288377e-10,-3.087050670896215e-08,-0.023205718980008387,-0.12325606062007215
2.5999999999999353,1300,1.0,2.0,0.0,1.1255594156404531,-0.04393989933707233,2.502937038619518e-08,4.363914323994227e-08,-3.917551697428533e-08,-0.016705483565955408,-0.10046814273109961
2.5999999999999353,1300,1.0,2.125,0.0,1.118687992764988,-0.02336098537303483,-5.493169557845063e-08,-2.9396227002450864e-08,2.8321616302014025e-08,-0.012431001190648897,-0.0910258165943548
2.5999999999999353,1300,1.0,2.25,0.0,1.117585749179417,-0.02106870041201337,-5.61490355563505e-08,-2.1369735686288438e-08,1.9195026963157028e-08,-0.011858106012913941,-0.08967976403822325
2.5999999999999353,1300,1.0,2.375,0.0,1.1119294020747426,-0.017850383575534735,-2.106826515364597e-08,2.0073503869994818e-08,9.08152546850732e-09,-0.010781968970851,-0.08383145919260317
2.5999999999999353,1300,1.0,2.5,0.0,1.09641767523131,-0.024850830163840428,8.483220285156912e-09,7.981145866262389e-09,-2.8838157350311357e-08,-0.010953702027615694,-0.07000350228305745
2.5999999999999353,1300,1.0,2.625,0.0,1.0903599435858038,-0.013616800939655452,1.5673904782004118e-08,4.028097810049963e-09,2.1037714778266552e-08,-0.010266854212406234,-0.06203494122421843
2.5999999999999353,1300,1.0,2.75,0.0,1.0862650801972467,-0.010731543055975073,-9.38349442126292e-09,1.59998105141146e-08,6.442526189644054e-09,-0.009872476126626447,-0.057545806407385526
2.5999999999999353,1300,1.0,2.875,0.0,1.0855414477071372,-0.010932961135723002,5.442486078857589e-09,2.519120310099214e-08,8.892521732179143e-09,-0.009775279360405363,-0.05690387175501003
2.5999999999999353,1300,1.0,3.0,0.0,1.0738200392488964,-0.009326842183351253,3.268146731633561e-08,4.115149232531978e-08,1.3748278876717157e-08,-0.006437351791717071,-0.044874903911598193
2.7999999999999132,1400,1.0,-3.0,0.0,1.0756854155256934,0.004860260440631431,1.2304798424967183e-07,-4.527841941220807e-08,-7.076327390988208e-09,0.005509020752010813,-0.043848724113778305
2.7999999999999132,1400,1.0,-2.875,0.0,1.0875101035759143,0.00488007826670712,1.3845785372782712e-08,6.25605867073389e-08,1.2894760448128686e-09,0.00876684155820477,-0.05598226944013816
2.7999999999999132,1400,1.0,-2.75,0.0,1.0882273093881474,0.00460818849991998,3.039365930704022e-08,5.580391466461226e-08,1.2526765341047224e-09,0.008831748513071292,-0.056627014106656264
2.7999999999999132,1400,1.0,-2.625,0.0,1.092478117885191,0.0070988514859603655,-4.886464821961954e-09,7.420513677584161e-08,-3.624632315348761e-09,0.009384560708524527,-0.06114155953073981
2.7999999999999132,1400,1.0,-2.5,0.0,1.1050626512312662,0.017517883212489194,1.6401650519759337e-07,2.857547040747666e-08,-3.327795461256596e-08,0.011262716299226434,-0.07498184636892172
2.7999999999999132,1400,1.0,-2.375,0.0,1.1143511186895454,0.01005704627117271,1.0130868148849386e-07,4.258578837399526e-08,-7.147167306737025e-10,0.009680271971112424,-0.08259100140438336
2.7999999999999132,1400,1.0,-2.25,0.0,1.1155572507381963,0.009601004078014496,8.737115459040416e-08,5.684509178966117e-08,5.481670306022139e-10,0.0095505433494491,-0.08366867660624133
2.7999999999999132,1400,1.0,-2.125,0.0,1.1230239046164312,0.0060426060790461054,9.713609414753387e-08,2.466946904308522e-08,5.655765105438426e-09,0.009987199502571893,-0.0911772565700492
2.7999999999999132,1400,1.0,-2.0,0.0,1.134742806351439,0.00377929827838246,1.4678763618202575e-07,1.0561356707597117e-07,-3.908869928143017e-08,0.012312955848407239,-0.1043658654340207
2.7999999999999132,1400,1.0,-1.875,0.0,1.1502417391231783,0.02312547386488099,9.69484926277149e-08,1.0256400599584329e-07,-4.419599506810783e-08,0.01852412793402478,-0.12350762530250256
2.7999999999999132,1400,1.0,-1.75,0.0,1.1608703577421855,0.02817331910971607,1.0082963167774948e-07,1.3193932830052843e-07,-7.082751705251326e-09,0.017139923366715215,-0.13433274607167361
2.7999999999999132,1400,1.0,-1.625,0.0,1.2000780804927564,0.03394925274834663,-5.2020910477067436e-08,-3.741607627011561e-08,-1.1816937154149153e-08,0.0018863960866006507,-0.17349045330172294
2.7999999999999132,1400,1.0,-1.5,0.0,1.2145371189754515,0.04960957843911292,-3.123993400462769e-07,8.001591828338886e-08,3.6168234818465688e-09,0.0015177669995400087,-0.18871344090591968
2.7999999999999132,1400,1.0,-1.375,0.0,1.2159635210527822,0.050661374480485584,-2.88781134341861e-08,5.338274441929069e-08,-1.3293771204950105e-08,0.0023750939515565016,-0.19013861822206207
2.7999999999999132,1400,1.0,-1.2500000000000002,0.0,1.2455365498820874,0.06106843329188767,-2.3475151672669064e-07,8.435986213597605e-08,1.4010256199595942e-08,0.012305560508558975,-0.2205012346860303
2.7999999999999132,1400,1.0,-1.125,0.0,1.2588842198389696,0.06541431496860145,-1.878761165107732e-07,6.381437681368053e-08,-2.946981736052208e-08,0.024703526865762066,-0.23554822787753682
2.7999999999999132,1400,1.0,-1.0,0.0,1.2930259990957378,0.08829275551043812,-5.263901163314625e-07,-2.686121308258588e-07,-5.027196187239909e-07,0.19621809344955757,-0.2820646084712788
2.7999999999999132,1400,1.0,-0.875,0.0,1.2957386365416912,0.10337158289166243,-9.536074138364393e-07,-2.450914935264756e-06,-2.2109106674814604e-06,0.811195772569895,-0.33163266344384895
2.7999999999999132,1400,1.0,-0.75,0.0,1.191027208547082,0.10818437417584738,-2.9773811310456385e-06,-7.547041349992109e-06,-9.349802637645885e-06,2.032081138133851,-0.39272302970642664
2.7999999999999132,1400,1.0,-0.625,0.0,0.9066865336748243,0.08084924161144824,-3.5573728469975266e-06,2.914465670273912e-06,-1.663331224672873e-05,3.277404992002213,-0.4491450798663552
2.7999999999999132,1400,1.0,-0.5,0.0,0.5227705076930109,0.01351276476127411,-5.8921542767576835e-06,2.6051011027257468e-05,-2.8598561425680647e-05,3.704841311248597,-0.48022924846867526
2.7999999999999132,1400,1.0,-0.375,0.0,0.22127905788830396,-0.04042949737783935,-2.981921609899273e-06,2.8730782909106e-05,-2.2643985147426248e-05,3.4848712621899187,-0.4896587472483014
2.7999999999999132,1400,1.0,-0.25,0.0,-0.17536885606903047,-0.032103706256903314,1.752007885777483e-06,3.261886873994209e-05,-3.1775850541303715e-05,2.597073542707461,-0.4687518061585186
2.7999999999999132,1400,1.0,-0.125,0.0,-0.3775112820429662,-0.02483188970618815,1.9798844342003906e-06,4.084553955005783e-06,-9.157111577475705e-06,1.295975706281952,-0.44301790510239236
2.7999999999999132,1400,1.0,0.0,0.0,-0.4419551202818869,-0.002379083863141027,2.100710861871536e-06,-1.4433363118978307e-06,-2.9835330328186767e-06,-0.07284535964339944,-0.43669615661853844
2.7999999999999132,1400,1.0,0.12499999999999956,0.0,-0.3986711532506504,0.022468750801121543,7.493305996766344e-07,-1.5215598052008169e-06,9.652232113023206e-07,-1.1395992275256164,-0.45099452648411004
2.7999999999999132,1400,1.0,0.25,0.0,-0.11988156410595019,0.02973823344216332,1.7577113923446337e-07,-2.7142145474135568e-06,3.24440793332757e-06,-2.9386814258358327,-0.5052541105511472
2.7999999999999132,1400,1.0,0.375,0.0,0.28815057173970426,0.034058193714621154,-4.270619614269606e-07,-1.8427952110702104e-06,1.5414053412853887e-06,-3.622555785234917,-0.5272327810685313
2.7999999999999132,1400,1.0,0.49999999999999956,0.0,0.44010395341266306,0.016140670996704545,-3.682992782592201e-07,-1.3988699868013317e-06,1.7368082528732816e-06,-3.687224680220562,-0.5238715274526845
2.7999999999999132,1400,1.0,0.625,0.0,0.9641892117051329,-0.10922308877871086,-2.721852856853161e-07,7.642021637909828e-07,1.585569057369643e-07,-3.2299429146487464,-0.47491034333092685
2.7999999999999132,1400,1.0,0.75,0.0,1.224807262371697,-0.13366617861327101,-2.6822180091111345e-07,2.5205092095073253e-07,2.6324880715004383e-07,-1.893112656878831,-0.40962838049492856
2.7999999999999132,1400,1.0,0.8749999999999996,0.0,1.3006579305592447,-0.11651993312723946,-1.277039149893218e-07,5.6924869715184086e-08,4.551386526613286e-08,-1.1549443514934459,-0.36981659338047385
2.7999999999999132,1400,1.0,1.0,0.0,1.2941753937654106,-0.09443309006640119,-1.0144743314349575e-07,1.9039995383755555e-08,-3.41381671651809e-09,-0.10677819668920178,-0.28417772673962044
2.7999999999999132,1400,1.0,1.125,0.0,1.261414492925753,-0.08119238367234972,-8.467668803268424e-08,-1.1982158565534446e-09,5.0928879864950675e-09,-0.019573132722148372,-0.24309729538386998
2.7999999999999132,1400,1.0,1.25,0.0,1.2476917844961195,-0.07568163304772767,-2.0376859874456952e-07,3.157425794524826e-08,-4.033776470685131e-08,-0.011391240274100912,-0.22753573242804512
2.7999999999999132,1400,1.0,1.375,0.0,1.2173137962102796,-0.06308594124967623,-7.646086650989623e-08,8.891353100884934e-09,4.392940246639201e-09,-0.0016594688876458725,-0.1962056820730021
2.7999999999999132,1400,1.0,1.5,0.0,1.215890895989504,-0.061889648364715,-8.810066106706014e-08,1.1593280256134991e-08,4.7750559421718954e-09,-0.0009066360055183134,-0.194749831735567
2.7999999999999132,1400,1.0,1.625,0.0,1.1648727170266082,-0.04050160900975759,-2.2275349192507138e-08,-1.6881481753710922e-08,4.850081797240121e-08,-0.016589510115374063,-0.1420164650548341
2.7999999999999132,1400,1.0,1.75,0.0,1.1614427288850864,-0.03670682927398354,-4.686698734580425e-08,-9.856767795470995e-09,2.681559856739679e-08,-0.017877386456446938,-0.13843780679478535
2.7999999999999132,1400,1.0,1.875,0.0,1.150758307387808,-0.030947985581831226,-1.4190012488582686e-07,-8.248408021459755e-09,-1.929573379219079e-08,-0.01891703478243751,-0.12743768196126293
2.7999999999999132,1400,1.0,2.0,0.0,1.128664920275373,-0.039737836057227104,8.595585333755224e-09,3.24874058694634e-08,-3.0854227393624266e-08,-0.01484471063210882,-0.10469532552660829
2.7999999999999132,1400,1.0,2.125,0.0,1.1210348952844422,-0.0202204923426793,-5.497383933505468e-08,-2.411749551173063e-08,2.6374264150841404e-08,-0.01026022302971559,-0.09391323079827821
2.7999999999999132,1400,1.0,2.25,0.0,1.1198364334542892,-0.018067058637088688,-5.7982108909101514e-08,-1.825005434104595e-08,1.8406113013018455e-08,-0.009670179299814119,-0.0923895407327035
2.7999999999999132,1400,1.0,2.375,0.0,1.1139538961721132,-0.015102678637731093,-2.4652237958018252e-08,2.379895437776044e-08,3.2748408603333785e-09,-0.008954646791160835,-0.08619491372337366
2.7999999999999132,1400,1.0,2.5,0.0,1.0983682352860442,-0.0219578428170806,2.559179745199646e-09,-5.034390731675509e-09,-2.252931811261033e-08,-0.010437340011629818,-0.07240628317763098
2.7999999999999132,1400,1.0,2.625,0.0,1.0920319102587015,-0.01088077772876838,1.2535481708773279e-08,5.6293301993624395e-09,1.2022067991839283e-08,-0.009600060071306826,-0.06418531925403809
2.7999999999999132,1400,1.0,2.75,0.0,1.0878334700277288,-0.008110038526960038,-1.2098115920339216e-08,1.2942493818759486e-08,2.6745354073285124e-09,-0.009305965021737396,-0.05957830459411474
2.7999999999999132,1400,1.0,2.875,0.0,1.0871095198107532,-0.008344310319821913,3.3394706440545364e-09,2.125604522612468e-08,2.980124975293452e-09,-0.009218813487279673,-0.058918001747695806
2.7999999999999132,1400,1.0,3.0,0.0,1.0752876881751967,-0.007584861067579662,3.242526737191938e-08,4.8701218889660235e-08,1.5271522274667274e-09,-0.005796404005730844,-0.0465330746298422
2.999999999999891,1500,1.0,-3.0,0.0,1.076876053254325,0.00324957894548303,1.3013802595608257e-07,-4.3336603352707876e-08,-7.673804171721326e-09,0.004512681240869891,-0.045671188999168603
2.999999999999891,1500,1.0,-2.875,0.0,1.088789055469684,0.002470265187521557,1.5292610050492413e-08,5.693265539466401e-08,3.64233571360552e-09,0.007523749544174951,-0.058150042328157854
2.999999999999891,1500,1.0,-2.75,0.0,1.0895055399790743,0.002169694547245889,3.291798723499581e-08,5.151079855119405e-08,2.981843343763555e-09,0.007583151232544685,-0.05881739946715728
2.999999999999891,1500,1.0,-2.625,0.0,1.0938215249447054,0.0045522643259949674,-5.823554463244989e-10,8.325967096614943e-08,2.161844989341034e-09,0.008027194190841568,-0.06343509004810302
2.999999999999891,1500,1.0,-2.5,0.0,1.106601172829338,0.014699691591970983,1.6901336454073596e-07,6.141999941396628e-08,-2.706283452374071e-08,0.009647284681829479,-0.07754043002253952
2.999999999999891,1500,1.0,-2.375,0.0,1.1158374448296693,0.007578596643016631,1.109914288463911e-07,4.326232424144114e-08,-5.5746177314195275e-09,0.0072004695611849814,-0.08518444587163482
2.999999999999891,1500,1.0,-2.25,0.0,1.1170461599891386,0.00715465279554196,9.633238031816869e-08,5.712734784090896e-08,-4.040952469819409e-09,0.006967974091016357,-0.08627058940960403
2.999999999999891,1500,1.0,-2.125,0.0,1.124688456857775,0.0034402561777792267,1.0422551572126242e-07,2.1411180392859238e-08,-2.1754681227463203e-09,0.006632926276923791,-0.09374162525429225
2.999999999999891,1500,1.0,-2.0,0.0,1.136891270895893,0.0005371291894305337,1.5131975961350033e-07,1.1998658592008412e-07,-2.0790967560380127e-08,0.007704958322625964,-0.10682494947465705
2.999999999999891,1500,1.0,-1.875,0.0,1.1533422985536634,0.017721277777758206,1.0567756362441395e-07,9.662804652463264e-08,-3.624681416113493e-08,0.012990349578309595,-0.1270141743210537
2.999999999999891,1500,1.0,-1.75,0.0,1.1644283674225637,0.022607620557474315,1.0710870708735347e-07,1.373413234276771e-07,-2.578863565209732e-09,0.011550823405237741,-0.13828783899738548
2.999999999999891,1500,1.0,-1.625,0.0,1.204280228395046,0.028481602269837213,-4.144976864469771e-08,-1.308884452553167e-07,-2.1762942070612613e-08,0.0008642813645314605,-0.17783959709668526
2.999999999999891,1500,1.0,-1.5,0.0,1.219162433526991,0.043315641447798696,-3.0070669738618496e-07,-1.3816354132889586e-08,-2.5195378500653828e-08,0.002038670434887823,-0.1937276816351679
2.999999999999891,1500,1.0,-1.375,0.0,1.220621165284758,0.044216041546733795,-1.817482435391453e-08,-4.0250575379596374e-08,-1.4849829394192147e-08,0.002860224688800915,-0.19518687405495375
2.999999999999891,1500,1.0,-1.2500000000000002,0.0,1.2499885516329017,0.05227233075692969,-2.276356688793956e-07,1.518288599721011e-07,7.542089078637554e-09,0.011105048875230618,-0.2256168964147914
2.999999999999891,1500,1.0,-1.125,0.0,1.263369184101506,0.0552388111515546,-1.803159123044426e-07,1.2189972866743088e-07,-2.494146627509985e-08,0.026413086557317594,-0.24068529798737248
2.999999999999891,1500,1.0,-1.0,0.0,1.2964799981632886,0.07479404275484243,-4.769831680631183e-07,-1.2584547229262438e-07,-3.9002886019820317e-07,0.21675541818691227,-0.28741171125740145
2.999999999999891,1500,1.0,-0.875,0.0,1.293777772200179,0.08583699860810459,-8.688712941480436e-07,-2.389297010327333e-06,-2.196012326847873e-06,0.880962031315432,-0.3358908512459922
2.999999999999891,1500,1.0,-0.75,0.0,1.1735208915583224,0.08716779516341372,-2.8037409788652494e-06,-8.45189348722477e-06,-9.317438495368258e-06,2.121894008636503,-0.39421228516450485
2.999999999999891,1500,1.0,-0.625,0.0,0.8742801721971686,0.05708603797997623,-3.558041467325221e-06,-2.0414141404971355e-07,-1.558873681349281e-05,3.234400953009712,-0.44424768950605054
2.999999999999891,1500,1.0,-0.5,0.0,0.49715646792659257,-0.009794397831582063,-6.241198479680187e-06,1.9635598778455645e-05,-2.6291773047982056e-05,3.5048068123140066,-0.47141420748455276
2.999999999999891,1500,1.0,-0.375,0.0,0.20914109431094163,-0.05861051895186378,-3.48210049358336e-06,2.470834971045258e-05,-2.1497899380258332e-05,3.2749071836275734,-0.4799414193574506
2.999999999999891,1500,1.0,-0.25,0.0,-0.17872361665729997,-0.04800307677324544,9.113962450293412e-07,3.258510210323181e-05,-3.231553213411923e-05,2.5083970146239585,-0.4651309799793359
2.999999999999891,1500,1.0,-0.125,0.0,-0.3828093166161324,-0.030500867337766583,1.7956022622558016e-06,5.431719858953901e-06,-1.0817498422200812e-05,1.274486495287,-0.44374332083716717
2.999999999999891,1500,1.0,0.0,0.0,-0.4480441464750265,0.004830744322792209,2.071889539536411e-06,-2.526057806898946e-07,-4.105153660842516e-06,-0.08198285415921822,-0.4386027863793532
2.999999999999891,1500,1.0,0.12499999999999956,0.0,-0.39976272935886903,0.03906172995166242,7.899023290135552e-07,-1.7807992524589072e-06,7.814088112795809e-07,-1.120207354461305,-0.4502588556088484
2.999999999999891,1500,1.0,0.25,0.0,-0.12143884146748835,0.05910653079765615,2.220773589133789e-07,-3.222064692157819e-06,3.82881513893399e-06,-2.828157966629256,-0.5020898096370162
2.999999999999891,1500,1.0,0.375,0.0,0.2757775411489027,0.06267013906429927,-4.521356311119329e-07,-2.2320440104775425e-06,1.7315016680939889e-06,-3.3880177208748323,-0.5171778119942576
2.999999999999891,1500,1.0,0.49999999999999956,0.0,0.42065400514280266,0.0453297768281411,-3.8585273925199147e-07,-1.8284237667169951e-06,1.949938060041929e-06,-3.452039888175431,-0.5131194968769205
2.999999999999891,1500,1.0,0.625,0.0,0.9314403508168054,-0.07828285627409337,-3.085096588732339e-07,6.244222366012639e-07,9.494708213072195e-08,-3.2200701898512465,-0.47169881951297987
2.999999999999891,1500,1.0,0.75,0.0,1.2106279972374345,-0.10940959854307641,-3.124452763055473e-07,1.785603806216522e-07,1.5426483616615962e-07,-2.0082320203834825,-0.41285952987251084
2.999999999999891,1500,1.0,0.8749999999999996,0.0,1.2984315265081179,-0.09604151366443367,-1.5893170806506289e-07,3.297195310194299e-08,3.6242127047009665e-09,-1.2593040518323062,-0.373625041680018
2.999999999999891,1500,1.0,1.0,0.0,1.3005607830018298,-0.08052802532010207,-1.1562594734051679e-07,4.875693735029005e-08,-1.344195532881756e-08,-0.125148465219635,-0.2895658308718648
2.999999999999891,1500,1.0,1.125,0.0,1.2681923177328174,-0.06998003576082866,-9.367598416766744e-08,1.491274139660233e-08,2.9048088159307265e-09,-0.02483312376189069,-0.24832444416733723
2.999999999999891,1500,1.0,1.25,0.0,1.2542633969422239,-0.06602195061154327,-2.1277981562311782e-07,5.533786792640285e-08,-4.089843973395234e-08,-0.012846237240935875,-0.23259419849736984
2.999999999999891,1500,1.0,1.375,0.0,1.2237957691866022,-0.05651299144402695,-8.103551271532633e-08,2.2732220898853624e-09,-4.4134435888417723e-10,-0.00456444102279117,-0.20089599352726653
2.999999999999891,1500,1.0,1.5,0.0,1.2223122055579432,-0.05548881302898258,-9.281980452764394e-08,5.061038704201721e-09,-1.2189435651709716e-09,-0.0036976613814489537,-0.19938528222075153
2.999999999999891,1500,1.0,1.625,0.0,1.1695731691005067,-0.035144846962469445,-3.079665913838359e-08,-3.053761494928518e-08,3.969731755737426e-08,-0.011422103082847386,-0.1460890703722666
2.999999999999891,1500,1.0,1.75,0.0,1.165844180432445,-0.031201913302296377,-5.512282871647913e-08,-2.110694736720362e-08,2.0712451875102238e-08,-0.012354248960661025,-0.1423223131169006
2.999999999999891,1500,1.0,1.875,0.0,1.1544752212770595,-0.02556663113716465,-1.5071079298224256e-07,-1.823600508856584e-08,-1.222019827786173e-08,-0.013299491503529399,-0.13088948878003911
2.999999999999891,1500,1.0,2.0,0.0,1.131796545719527,-0.035568393232090774,-7.522344935340509e-10,1.8792618847911495e-08,-2.531775121497855e-08,-0.011887553568012525,-0.10841429542528846
2.999999999999891,1500,1.0,2.125,0.0,1.1233185518935664,-0.017358624139098017,-5.4326273993251034e-08,-1.8223048339638784e-08,2.4413645053648802e-08,-0.007752062959558487,-0.09657070257085407
2.999999999999891,1500,1.0,2.25,0.0,1.1220102220685177,-0.015382964054909298,-5.898504125396901e-08,-1.4619444020436147e-08,1.739954799789824e-08,-0.0072376875261128204,-0.09490584588818762
2.999999999999891,1500,1.0,2.375,0.0,1.1158888169744006,-0.01269130087950764,-2.6259310540440237e-08,2.3920597886224672e-08,8.39788413412088e-10,-0.006965411260276198,-0.08842154715057503
2.999999999999891,1500,1.0,2.5,0.0,1.1002692573940192,-0.019353473183573926,-9.304781843297839e-10,-1.6879887849280298e-08,-1.6178700944128657e-08,-0.009339667802797455,-0.07456953550150545
2.999999999999891,1500,1.0,2.625,0.0,1.093695879721863,-0.008406015580264914,1.0386248630921349e-08,8.071872678104073e-09,3.7191806707191283e-09,-0.008480648562798766,-0.06608315849831004
2.999999999999891,1500,1.0,2.75,0.0,1.089403994602562,-0.005711756630694091,-1.3381650073981659e-08,9.126202203377413e-09,6.532934439432448e-10,-0.008293190507157553,-0.061354635256886815
2.999999999999891,1500,1.0,2.875,0.0,1.0886759217451378,-0.0059783751306690044,3.0334423963450265e-09,1.581886231661948e-08,5.8218325109183e-11,-0.008211116804974345,-0.060676129808440636
2.999999999999891,1500,1.0,3.0,0.0,1.0766930278621998,-0.006041814168703254,3.4370456630766565e-08,5.001820629634579e-08,-3.323662269577162e-09,-0.004921546252592019,-0.04798820058473873
3.199999999999869,1600,1.0,-3.0,0.0,1.0779634197579364,0.0019140446555386123,1.3947923438875356e-07,-3.688946390315353e-08,-6.801257849088466e-09,0.0034768847615083047,-0.04723893175855874
3.199999999999869,1600,1.0,-2.875,0.0,1.0900262798766647,0.00046041307228981737,1.930494950245197e-08,4.6727395014788516e-08,2.8117182527723857e-09,0.005975422120390366,-0.05998424252317376
3.199999999999869,1600,1.0,-2.75,0.0,1.0907464888842213,0.00013397499971316178,3.7172340622162197e-08,4.216528209964626e-08,2.4171418759928107e-09,0.006026816934835746,-0.06067062044672059
3.199999999999869,1600,1.0,-2.625,0.0,1.0951170124014526,0.0024147887642690805,3.95641296075903e-09,8.101232655751309e-08,3.084629828810723e-09,0.00636377148298093,-0.06537665436022809
3.199999999999869,1600,1.0,-2.5,0.0,1.1080366409732179,0.01220106252147465,1.768556977243724e-07,8.575671975315752e-08,-2.3817349866431096e-08,0.007629025347065224,-0.07974107936573337
3.199999999999869,1600,1.0,-2.375,0.0,1.1172066017119289,0.005430527043285713,1.2233396547301342e-07,4.061870904979047e-08,-8.99122289055819e-09,0.004622739157813123,-0.08741991699526773
3.199999999999869,1600,1.0,-2.25,0.0,1.1184140832387521,0.005042327494785949,1.0676244848705252e-07,5.2697442251065185e-08,-7.664422862359705e-09,0.004323080678122168,-0.0885131195219918
3.199999999999869,1600,1.0,-2.125,0.0,1.1262559996618846,0.0013212244609145372,1.0957315250148819e-07,1.5958460450469172e-08,-5.725296016140134e-09,0.0034277813849375115,-0.09585930803142319
3.199999999999869,1600,1.0,-2.0,0.0,1.1390056648787013,-0.0018620813462035604,1.517789837717282e-07,1.2971169234992875e-07,-1.011202536885082e-08,0.003539629894728955,-0.10862316097423634
3.199999999999869,1600,1.0,-1.875,0.0,1.1564732008704113,0.013418509805075076,1.0539068650764236e-07,8.904556694597685e-08,-2.678852452989872e-08,0.007516385877198636,-0.12925992725124574
3.199999999999869,1600,1.0,-1.75,0.0,1.1679313783263274,0.01790609738251571,1.036137497941072e-07,1.2831426287173356e-07,1.4276135132626422e-10,0.006416063171154344,-0.14098490631383886
3.199999999999869,1600,1.0,-1.625,0.0,1.208071932088171,0.022811494971996006,-3.5664718719512857e-08,-1.2445245960717167e-07,-1.9277841736442047e-08,-0.000725297047517054,-0.18155091407345458
3.199999999999869,1600,1.0,-1.5,0.0,1.2231524728791703,0.036591134909263134,-2.7910164153269386e-07,-2.016460570420749e-08,-1.3156921808514006e-08,0.0012241491240679938,-0.1982365837311807
3.199999999999869,1600,1.0,-1.375,0.0,1.2246181870097341,0.037401730354124856,-1.1044264081765448e-08,-4.3856304598857326e-08,-1.823993397867693e-08,0.0019169984796005668,-0.19973622089400433
3.199999999999869,1600,1.0,-1.2500000000000002,0.0,1.2536846909487356,0.04403207625239925,-1.9334646864479565e-07,1.5907054680683332e-07,3.5492118348351414e-08,0.009628420252285727,-0.2305820758669925
3.199999999999869,1600,1.0,-1.125,0.0,1.2669634421707556,0.04609057924983848,-1.5068365016515827e-07,1.3680131277761275e-07,-5.442400692681733e-10,0.02593875761866745,-0.2455777070946024
3.199999999999869,1600,1.0,-1.0,0.0,1.2986897066480925,0.06299554529463551,-4.4184467516598247e-07,-7.393011471271006e-08,-4.2208112314519873e-07,0.23315663080990712,-0.2918497025219654
3.199999999999869,1600,1.0,-0.875,0.0,1.2905106120182293,0.07056060414914529,-8.059238862445774e-07,-2.512863206906916e-06,-2.318828517743573e-06,0.9343196392841485,-0.3390267168892541
3.199999999999869,1600,1.0,-0.75,0.0,1.1569350025595806,0.06970957667525937,-2.7006960286018074e-06,-9.11311985196808e-06,-9.119458206563607e-06,2.1838558037532754,-0.3937236243978422
3.199999999999869,1600,1.0,-0.625,0.0,0.8457509937544532,0.03944453428890804,-3.5242851210591005e-06,-2.1583856067388207e-06,-1.434619711874045e-05,3.1914932874162787,-0.43809319327304597
3.199999999999869,1600,1.0,-0.5,0.0,0.474192589734203,-0.02490056661877693,-6.305311002741282e-06,1.4939120144861918e-05,-2.464864753023636e-05,3.3348802726406475,-0.4624821703413302
3.199999999999869,1600,1.0,-0.375,0.0,0.19796991606708111,-0.06988833628551254,-3.764234370318778e-06,2.1194803522579857e-05,-2.0717844846922495e-05,3.0944178437287446,-0.4700507473423273
3.199999999999869,1600,1.0,-0.25,0.0,-0.18025461015584537,-0.058378635238782166,1.790803115253607e-07,3.196684869658539e-05,-3.268502736465626e-05,2.432942698694071,-0.45965585756518196
3.199999999999869,1600,1.0,-0.125,0.0,-0.3861544411270721,-0.03313610840301714,1.5969514466931933e-06,6.461622340154015e-06,-1.1794773928266052e-05,1.2645389111455134,-0.44151458753279027
3.199999999999869,1600,1.0,0.0,0.0,-0.4521831100234435,0.011708112077169451,2.0910645155675158e-06,5.961814706603253e-07,-4.598442421494155e-06,-0.08467388111048531,-0.43746926712042405
3.199999999999869,1600,1.0,0.12499999999999956,0.0,-0.3990962391565538,0.05321094591896657,8.364426445275952e-07,-1.941712588036379e-06,6.154023740074361e-07,-1.1016679047034494,-0.44621091130158475
3.199999999999869,1600,1.0,0.25,0.0,-0.1218790295443187,0.08273157386542455,2.8860076063893964e-07,-3.7123551166977384e-06,4.187845160725612e-06,-2.7173903534703987,-0.49468009752062214
3.199999999999869,1600,1.0,0.375,0.0,0.2629602637225522,0.08392357959952053,-4.76838164764618e-07,-2.7400301910263346e-06,1.8452310230110116e-06,-3.1787419877064185,-0.505582494665187
3.199999999999869,1600,1.0,0.49999999999999956,0.0,0.4009135649141766,0.06705453855252606,-4.075753865778525e-07,-2.37891614168189e-06,2.0847960276167014e-06,-3.2404556020980193,-0.5014124284263753
3.199999999999869,1600,1.0,0.625,0.0,0.8990743147939151,-0.051824434213348376,-3.673267834336128e-07,4.583357228381242e-07,7.468834399626127e-09,-3.192294260543387,-0.46642416518695046
3.199999999999869,1600,1.0,0.75,0.0,1.1942182259539742,-0.08668169147088743,-3.746812868203349e-07,1.8900362390269958e-07,3.412431146835396e-08,-2.10899653968134,-0.41389775701950066
3.199999999999869,1600,1.0,0.8749999999999996,0.0,1.2941461206489366,-0.07718815330419926,-2.018134862836889e-07,8.409768415519345e-08,-4.235277857991763e-08,-1.3551490295541024,-0.3762169063730301
3.199999999999869,1600,1.0,1.0,0.0,1.305772928885549,-0.06727128901365946,-1.3521797445877747e-07,1.0192928306041167e-07,-4.48206327055324e-08,-0.13694784190571574,-0.2941314595058614
3.199999999999869,1600,1.0,1.125,0.0,1.2739109928459584,-0.059249474440569175,-1.061701326589332e-07,5.1650503589406607e-08,-1.667216292490828e-08,-0.023085598018367404,-0.2530834534605005
3.199999999999869,1600,1.0,1.25,0.0,1.2598108348156194,-0.056591877634433047,-2.2150334888641144e-07,8.861367957865924e-08,-5.114128155411572e-08,-0.0091811094003217,-0.23733538221358078
3.199999999999869,1600,1.0,1.375,0.0,1.2293567009999593,-0.048944793636452905,-8.914885841841232e-08,7.65258357694997e-09,-1.3438679883067435e-08,-0.003278775717379827,-0.205560498822297
3.199999999999869,1600,1.0,1.5,0.0,1.2278368689814163,-0.04804297568355515,-1.0031369354123135e-07,8.35258182495515e-09,-1.3625685840455379e-08,-0.0026314661325608554,-0.20400852727112948
3.199999999999869,1600,1.0,1.625,0.0,1.1740374127689601,-0.030063613716558923,-3.930428537709212e-08,-3.7453543016466554e-08,3.4238868402468814e-08,-0.006280068484015683,-0.14965467465585666
3.199999999999869,1600,1.0,1.75,0.0,1.1701187988789872,-0.026179589065774507,-6.303985383331024e-08,-2.720154231691928e-08,1.718253286002755e-08,-0.006785873770840239,-0.14562989050491995
3.199999999999869,1600,1.0,1.875,0.0,1.1582302473642865,-0.020951331528148938,-1.5906378758560467e-07,-2.719559743669844e-08,-7.796346093279924e-09,-0.007573341440405325,-0.13370933734160706
3.199999999999869,1600,1.0,2.0,0.0,1.1347680481798024,-0.031686511148224954,-5.289105080671549e-09,8.906283457372432e-10,-2.0887203490661942e-08,-0.008481523562147307,-0.11149142201230688
3.199999999999869,1600,1.0,2.125,0.0,1.1255227936833854,-0.014722058122878304,-5.596670363301546e-08,-1.2728987976033607e-08,1.7792503766968266e-08,-0.00518038181877114,-0.0989697526537217
3.199999999999869,1600,1.0,2.25,0.0,1.1241147652026284,-0.012918010197574584,-6.135824203254263e-08,-1.1238214477214784e-08,1.2974712747924239e-08,-0.004801440879320824,-0.09721609826016449
3.199999999999869,1600,1.0,2.375,0.0,1.1177824553785245,-0.01047555812140537,-2.8351725107217586e-08,2.004964458114767e-08,1.5598425386548637e-10,-0.004972552098966493,-0.09056610490336017
3.199999999999869,1600,1.0,2.5,0.0,1.1021423542102675,-0.017013880310482673,-5.978428720224121e-09,-2.3070308504154288e-08,-1.0792993927425159e-08,-0.008039041496776192,-0.07669725958886761
3.199999999999869,1600,1.0,2.625,0.0,1.0953596675294663,-0.006238178602193512,9.261333280573115e-09,1.2727321314778141e-08,-1.1243503331605804e-09,-0.0070669297975129095,-0.06798959263063888
3.199999999999869,1600,1.0,2.75,0.0,1.090979565529923,-0.0036180191867415997,-1.4410321235018563e-08,6.16874198404017e-09,1.0706281396167867e-09,-0.006913128288941196,-0.06316302879739792
3.199999999999869,1600,1.0,2.875,0.0,1.0902437071920308,-0.0039152932449281926,2.7322709294816265e-09,1.1155816135288433e-08,7.68011679791739e-10,-0.006839202494205252,-0.062466427417289826
3.199999999999869,1600,1.0,3.0,0.0,1.0780401134243203,-0.004704299435482987,3.5333558111319884e-08,4.479359704228305e-08,-3.761747352849294e-09,-0.003988398208293693,-0.04950592625445979
3.399999999999847,1700,1.0,-3.0,0.0,1.0789636520431614,0.0008419096251859356,1.4416072955219368e-07,-2.937695547797092e-08,-5.860977447735461e-09,0.0025067222577194017,-0.04904354746543761
3.399999999999847,1700,1.0,-2.875,0.0,1.0912206711416215,-0.0010999673252980596,2.4952009333746185e-08,3.4795643264125736e-08,1.0155129629200637e-09,0.004304218922407765,-0.06198793036021425
3.399999999999847,1700,1.0,-2.75,0.0,1.0919486273436374,-0.0014468777424175142,4.2479494104142e-08,3.0604295918176606e-08,1.2531782028033265e-09,0.004342282522978068,-0.06268799638110983
3.399999999999847,1700,1.0,-2.625,0.0,1.0963710160310844,0.0007265832603537501,7.971872105595368e-09,6.917778546786675e-08,2.518373055017397e-09,0.004559285244848218,-0.06752104391516231
3.399999999999847,1700,1.0,-2.5,0.0,1.109416311194645,0.010064390041484163,1.83151677094834e-07,1.0231009602046852e-07,-2.2001580881618777e-08,0.005363608855432107,-0.08224443903562148
3.399999999999847,1700,1.0,-2.375,0.0,1.1185364009847953,0.003587528935275752,1.2767867079126137e-07,3.6722184323833595e-08,-1.0558507264758382e-08,0.002111466846819999,-0.08998208586559092
3.399999999999847,1700,1.0,-2.25,0.0,1.1197426843094571,0.0032282669754232643,1.118961136509567e-07,4.650974157358152e-08,-9.677075833915334e-09,0.0017796071549029636,-0.09109190353410587
3.399999999999847,1700,1.0,-2.125,0.0,1.12777156935999,-0.00044327928307863387,1.1074771028330935e-07,1.215801725603628e-08,-6.617148780334237e-09,0.0006604414380302747,-0.09851865549608504
3.399999999999847,1700,1.0,-2.0,0.0,1.1410210913722263,-0.0037301140464070744,1.6160022885307541e-07,1.3276669490079224e-07,-9.020311508043068e-09,0.0003978711722701345,-0.11145841541457617
3.399999999999847,1700,1.0,-1.875,0.0,1.1595275021880682,0.010079551747925238,1.241848269008974e-07,7.823852378714186e-08,-1.8653903471944304e-08,0.002799259032924919,-0.13264844041796076
3.399999999999847,1700,1.0,-1.75,0.0,1.1713451738707665,0.014059357314061221,1.184240237997726e-07,1.0010512955083e-07,-1.1590630664749332e-09,0.0018796953582439998,-0.14466085894306038
3.399999999999847,1700,1.0,-1.625,0.0,1.211555208007803,0.017800110533950444,-2.5131405383805983e-08,-9.256330721690937e-08,-4.910102424887634e-08,-0.0031258483264321626,-0.18528465770341654
3.399999999999847,1700,1.0,-1.5,0.0,1.2267668954572426,0.030523013433751234,-2.540189056716549e-07,-3.444018079916255e-10,-5.333380095844543e-08,-0.0008510206240802496,-0.20224083530723055
3.399999999999847,1700,1.0,-1.375,0.0,1.228231678109646,0.031259086536425396,1.3106813582619406e-09,-2.280088007532786e-08,-5.631814792280737e-08,-0.00017922650997013534,-0.20376725770610632
3.399999999999847,1700,1.0,-1.2500000000000002,0.0,1.2569106437561657,0.03652569101799641,-1.8320935294796538e-07,9.458947309922345e-08,-4.625238978415218e-09,0.007976239563396447,-0.23438588525031728
3.399999999999847,1700,1.0,-1.125,0.0,1.2699709134664958,0.038045270097841,-1.4266608396731035e-07,9.617029100422446e-08,-2.109683240959645e-08,0.025722646830826607,-0.24923868638421803
3.399999999999847,1700,1.0,-1.0,0.0,1.3001214809918387,0.05284702717282476,-4.457816920725562e-07,-1.8625244834538687e-07,-4.3784175576137253e-07,0.25055695363651476,-0.29516279974948356
3.399999999999847,1700,1.0,-0.875,0.0,1.2865830248007561,0.05836823023365193,-8.152862228993606e-07,-2.653552031075651e-06,-2.404066250191986e-06,0.977343039531264,-0.34111671652866904
3.399999999999847,1700,1.0,-0.75,0.0,1.1417141071872894,0.05643765335539512,-2.653535761032364e-06,-8.652609759238057e-06,-9.207162343607451e-06,2.2322772982980155,-0.39285876775599354
3.399999999999847,1700,1.0,-0.625,0.0,0.8206393099173576,0.026681523383131803,-3.444141298314551e-06,-2.973341876952581e-06,-1.3816121262661297e-05,3.157830755188285,-0.43276725920780335
3.399999999999847,1700,1.0,-0.5,0.0,0.45384119644746845,-0.03438281502146083,-6.257605946543747e-06,1.1759678988411913e-05,-2.3806881565844455e-05,3.198611437782257,-0.45466892621350696
3.399999999999847,1700,1.0,-0.375,0.0,0.18762033075247167,-0.07677679643424504,-3.912484161373352e-06,1.8343498980510706e-05,-2.028453588618047e-05,2.942986260328759,-0.46135702498735964
3.399999999999847,1700,1.0,-0.25,0.0,-0.18021699252556686,-0.06451188239234859,-4.1747033134903854e-07,3.108941387036759e-05,-3.302861719856451e-05,2.3648565308698077,-0.45430409222180923
3.399999999999847,1700,1.0,-0.125,0.0,-0.38646923957094587,-0.03355543415879582,1.4357895269019321e-06,7.32263430456341e-06,-1.245101325803946e-05,1.2549849019839248,-0.43847340449687244
3.399999999999847,1700,1.0,0.0,0.0,-0.45257379910550377,0.018013501824007752,2.0975547527936947e-06,1.3219022847343003e-06,-4.80838531454906e-06,-0.07563828152230986,-0.43464618723324666
3.399999999999847,1700,1.0,0.12499999999999956,0.0,-0.39662434963233584,0.0643326494050224,8.989215494841348e-07,-1.948501857808429e-06,4.3898144245869674e-07,-1.0719275459449844,-0.441331016075473
3.399999999999847,1700,1.0,0.25,0.0,-0.12281384852263072,0.10092206361625773,3.62849171453346e-07,-4.239737857642806e-06,4.604107509448858e-06,-2.6086450879996717,-0.48553444290916176
3.399999999999847,1700,1.0,0.375,0.0,0.2495194545495421,0.10011600665910868,-4.917152594990436e-07,-3.294816705475174e-06,1.9125676937210657e-06,-2.9994299633158894,-0.49241496223997905
3.399999999999847,1700,1.0,0.49999999999999956,0.0,0.38152008779156477,0.08355767981985462,-4.2071215418309675e-07,-2.951227930777307e-06,2.1648496090220477e-06,-3.0594388290000794,-0.4883070910572039
3.399999999999847,1700,1.0,0.625,0.0,0.8692957840882205,-0.030312279990756065,-4.290646506062992e-07,2.726372616391311e-07,-7.773508720207969e-08,-3.1565921825993732,-0.4585533979859192
3.399999999999847,1700,1.0,0.75,0.0,1.1775951147091324,-0.06688136871903975,-4.39998078110033e-07,2.868387710427386e-07,-6.712535850084001e-08,-2.1803814798692738,-0.4121222635571839
3.399999999999847,1700,1.0,0.8749999999999996,0.0,1.2877676074681923,-0.06061491549465445,-2.420998762753307e-07,2.1204891066013506e-07,-7.244926268364327e-08,-1.4346419245482414,-0.3768627596823087
3.399999999999847,1700,1.0,1.0,0.0,1.309745971104863,-0.05515514460994234,-1.521953772351003e-07,1.256601790045916e-07,-4.65241077302749e-08,-0.15127226464332408,-0.29700093040602593
3.399999999999847,1700,1.0,1.125,0.0,1.2790592069316928,-0.04921680858758515,-1.1966708258636837e-07,7.054896330279544e-08,-2.1882771164396523e-08,-0.022971086463426264,-0.2567840293631001
3.399999999999847,1700,1.0,1.25,0.0,1.2650116099781465,-0.04742980500579543,-2.3019181643788736e-07,9.001164750092626e-08,-4.641894296783323e-08,-0.007268302514746447,-0.24116552857398565
3.399999999999847,1700,1.0,1.375,0.0,1.2344921040519057,-0.041193650098110275,-9.929065792541872e-08,2.620104999337612e-08,-2.4901646978017844e-08,0.00013773982377348953,-0.2092600807601248
3.399999999999847,1700,1.0,1.5,0.0,1.2329404698495554,-0.04036865573533404,-1.0956161995771059e-07,2.321190141246877e-08,-2.363712366199365e-08,0.0007758012377884565,-0.20766049427029928
3.399999999999847,1700,1.0,1.625,0.0,1.1784360142655403,-0.02538967257584525,-4.321018101071925e-08,-1.9399306149017757e-08,2.2281771199336304e-08,-0.0015571783475922907,-0.15262848485602057
3.399999999999847,1700,1.0,1.75,0.0,1.1743643629176268,-0.021742642974666236,-6.642487592733938e-08,-1.682979610752061e-08,9.587092171821664e-09,-0.0018173851039658558,-0.14837241357308145
3.399999999999847,1700,1.0,1.875,0.0,1.1620102049580898,-0.017123755532927224,-1.644590899025078e-07,-3.211324714916089e-08,-7.106583514930482e-09,-0.0026525628187396635,-0.13605387989595696
3.399999999999847,1700,1.0,2.0,0.0,1.1377126673582787,-0.028245927527155403,-5.7500540401018146e-09,-1.9075044515281546e-08,-1.748650892080205e-08,-0.004925309835097478,-0.11395723539276514
3.399999999999847,1700,1.0,2.125,0.0,1.127729733213376,-0.012284899373183503,-5.6994206094771995e-08,-3.4332082937759778e-09,8.474769030632037e-09,-0.0026039441537483166,-0.10098763142522821
3.399999999999847,1700,1.0,2.25,0.0,1.1262250646575085,-0.010617656038393429,-6.3070668295664e-08,-4.934185525568807e-09,6.7213408766608514e-09,-0.0023816581144780694,-0.09918163063973577
3.399999999999847,1700,1.0,2.375,0.0,1.1196877552118545,-0.008375706272925904,-3.0647575979281774e-08,1.5875424134049844e-08,1.0829702730830541e-10,-0.0029417042480158542,-0.09242631754129962
3.399999999999847,1700,1.0,2.5,0.0,1.1040126851083558,-0.014884892317546873,-1.2965805847471392e-08,-2.6204317800256287e-08,-5.358733798909799e-09,-0.006525243205688274,-0.07857798438467546
3.399999999999847,1700,1.0,2.625,0.0,1.0970335278087895,-0.004366405187188971,9.3378003950315e-09,1.5450048032817188e-08,-1.334024802478185e-09,-0.005454534608897721,-0.0696115185318021
3.399999999999847,1700,1.0,2.75,0.0,1.0925620371297802,-0.0018463713130566469,-1.6108581946646726e-08,4.265124375397736e-09,3.1758304083649408e-09,-0.005311269726227101,-0.06467350956032553
3.399999999999847,1700,1.0,2.875,0.0,1.0918141339638658,-0.0021725529201710287,1.3620977814613445e-09,7.758500607532353e-09,3.5055812621148622e-09,-0.005252772049570485,-0.06396220948738664
3.399999999999847,1700,1.0,3.0,0.0,1.0793294198823273,-0.003560264228222366,3.4837473479158437e-08,3.741487392054882e-08,-3.247221892046377e-09,-0.003083409769773355,-0.050778863206981543
3.599999999999825,1800,1.0,-3.0,0.0,1.0799131918160372,3.880263317157951e-06,1.4465589295788584e-07,-2.25986050952636e-08,-3.833962748782993e-09,0.0016901657303242975,-0.050782357948743057
3.599999999999825,1800,1.0,-2.875,0.0,1.092381353460792,-0.00225279522814452,3.046816660663802e-08,2.2417318943497523e-08,-1.8061208516094253e-09,0.0027110962624290386,-0.0638884211803863
3.599999999999825,1800,1.0,-2.75,0.0,1.0931195465404266,-0.002615152402924033,4.739532324484058e-08,1.842563740764188e-08,-1.0335346974763504e-09,0.0027313439098390468,-0.06459753882798976
3.599999999999825,1800,1.0,-2.625,0.0,1.0976018947340298,-0.0005487868605533533,1.1072031222082352e-08,5.11053353916333e-08,6.546892856373649e-10,0.0028115506686574093,-0.06955487286430213
3.599999999999825,1800,1.0,-2.5,0.0,1.1108023994010863,0.008337423950809471,1.8866946959265406e-07,1.0950508796462436e-07,-2.098534937656323e-08,0.003049992081555347,-0.08461793408528241
3.599999999999825,1800,1.0,-2.375,0.0,1.1199134295604791,0.002065359098260752,1.319015640959434e-07,3.1477503779780665e-08,-9.448523114827675e-09,-0.00018061504422915188,-0.09239283217961905
3.599999999999825,1800,1.0,-2.25,0.0,1.1211226515380937,0.0017239917125492102,1.166667621635602e-07,3.8919525750223e-08,-9.275225655960512e-09,-0.0005156676945495529,-0.0935187320018428
3.599999999999825,1800,1.0,-2.125,0.0,1.1293133165502462,-0.0019028915662976627,1.1276664684451181e-07,9.479857173681803e-09,-5.485899739271289e-09,-0.00153231491563173,-0.10095111971667793
3.599999999999825,1800,1.0,-2.0,0.0,1.142970888656034,-0.005242967863810998,1.6426097339076012e-07,1.2026702737989448e-07,-9.06019215000133e-09,-0.0015758474386587417,-0.11390624051249734
3.599999999999825,1800,1.0,-1.875,0.0,1.162445873215905,0.007611256778342745,1.2997351634818514e-07,5.787359776957176e-08,-9.151211486495324e-09,-0.0008372428257548566,-0.13542435236970196
3.599999999999825,1800,1.0,-1.75,0.0,1.1745679527126247,0.01112332602550544,1.1825774182973902e-07,5.960826396295596e-08,3.3531958308347685e-10,-0.001974531948535605,-0.14769091497223605
3.599999999999825,1800,1.0,-1.625,0.0,1.2146663802617432,0.013535284575758727,-1.539318401611159e-08,-3.63355235321475e-08,-5.155350113900989e-08,-0.005551654670062668,-0.1886968880602077
3.599999999999825,1800,1.0,-1.5,0.0,1.2299861681320774,0.025312216187571863,-2.305702630912277e-07,3.041859814309509e-08,-6.619616814908815e-08,-0.0033261036808460926,-0.20605077889941784
3.599999999999825,1800,1.0,-1.375,0.0,1.231454055149148,0.02598281542011142,1.2395586352216887e-08,2.4000197683742458e-08,-6.28876550108206e-08,-0.002592045109110178,-0.20760767124354682
3.599999999999825,1800,1.0,-1.2500000000000002,0.0,1.2597709444485095,0.03006916128246536,-1.7810340152314167e-07,-1.0233560789572708e-08,-4.096089299200092e-08,0.007136884346855376,-0.23811744713433422
3.599999999999825,1800,1.0,-1.125,0.0,1.2725395540023525,0.03111121862295647,-1.3693679117974665e-07,1.0694346744037715e-08,-4.8292331593668336e-08,0.027345280967703455,-0.2528951018672073
3.599999999999825,1800,1.0,-1.0,0.0,1.3010062263269169,0.043978279440060566,-4.4398539067194256e-07,-3.956712653918562e-07,-5.253518616700162e-07,0.2682262173201272,-0.2986923198181561
3.599999999999825,1800,1.0,-0.875,0.0,1.2824839063366915,0.048420984503603055,-8.346158662590481e-07,-2.6621201779651247e-06,-2.606297940311828e-06,1.0223576231007143,-0.3434215371326289
3.599999999999825,1800,1.0,-0.75,0.0,1.1271068920467053,0.04560444623450681,-2.6327195843900944e-06,-8.222649371963942e-06,-9.747783051182139e-06,2.281837413156551,-0.3925698801734101
3.599999999999825,1800,1.0,-0.625,0.0,0.7976435633197758,0.016772190652472714,-3.3773118529694127e-06,-3.149334013468308e-06,-1.4030018123790152e-05,3.133152292070286,-0.4285902581541124
3.599999999999825,1800,1.0,-0.5,0.0,0.43560487605661025,-0.041032044609924545,-6.191951132459922e-06,9.84766304849344e-06,-2.3592643410643256e-05,3.0879282788268014,-0.44812808057308207
3.599999999999825,1800,1.0,-0.375,0.0,0.17830472244855627,-0.08131128579149341,-3.9887664402355896e-06,1.617462468594642e-05,-2.0167340336525758e-05,2.81472894892019,-0.45378605534017524
3.599999999999825,1800,1.0,-0.25,0.0,-0.17856097766706266,-0.06873150763451238,-9.612480773944908e-07,3.0246912981728685e-05,-3.336653311523364e-05,2.3022558182886956,-0.44815541115923674
3.599999999999825,1800,1.0,-0.125,0.0,-0.38419403915663686,-0.033666361706153364,1.2379072571931288e-06,8.214551182980967e-06,-1.3354053801323315e-05,1.245850311449583,-0.43303391992815465
3.599999999999825,1800,1.0,0.0,0.0,-0.4497908301526028,0.023662099370303617,2.0534521625810517e-06,2.072099564563589e-06,-5.424090767354214e-06,-0.06089429399733992,-0.4286601166916501
3.599999999999825,1800,1.0,0.12499999999999956,0.0,-0.39216513046704377,0.07397021312673911,9.383849620941127e-07,-1.754825775952578e-06,1.1582550928062388e-07,-1.0258165663916698,-0.4340865785661454
3.599999999999825,1800,1.0,0.25,0.0,-0.12430864316955793,0.11573611188953534,3.778303503778781e-07,-4.747807690626757e-06,5.003620215293106e-06,-2.5008486036741457,-0.47548929445896004
3.599999999999825,1800,1.0,0.375,0.0,0.23591697533804806,0.11315069078596207,-5.151509045328312e-07,-3.889419975061318e-06,2.007625817283766e-06,-2.8445121280496144,-0.48023771000079224
3.599999999999825,1800,1.0,0.49999999999999956,0.0,0.362731522196374,0.09663984479066916,-4.517976979532503e-07,-3.5468087425599373e-06,2.2511843861369615e-06,-2.9054958530547252,-0.4762923761690607
3.599999999999825,1800,1.0,0.625,0.0,0.8407514837434233,-0.012516990837995226,-5.040798117795254e-07,1.1288575504709933e-07,-1.7512121857302819e-07,-3.1261299348634313,-0.45125116064190796
3.599999999999825,1800,1.0,0.75,0.0,1.1608948878641854,-0.049947607167548334,-5.031308496361572e-07,4.306335430334184e-07,-1.6101458232452424e-07,-2.2497677299278376,-0.4103635631425342
3.599999999999825,1800,1.0,0.8749999999999996,0.0,1.2802878314743389,-0.04572871635136847,-2.7741228548835126e-07,3.4523763104059455e-07,-9.77084176071947e-08,-1.517425265186825,-0.3773777417311148
3.599999999999825,1800,1.0,1.0,0.0,1.3126156158171938,-0.043591861584991946,-1.6421414243300465e-07,1.252117177740639e-07,-5.700154823707025e-08,-0.16712141391369442,-0.2996852949941644
3.599999999999825,1800,1.0,1.125,0.0,1.2833542113818022,-0.03971750453063497,-1.304308334146357e-07,6.138424101067406e-08,-2.1355276555170967e-08,-0.024779116327389092,-0.26021359429166685
3.599999999999825,1800,1.0,1.25,0.0,1.2694764408395383,-0.03869254234884449,-2.3513770554479803e-07,6.27731258018332e-08,-3.751550330915382e-08,-0.006036432300500586,-0.24467189610324283
3.599999999999825,1800,1.0,1.375,0.0,1.2390640353559728,-0.03421110614290414,-1.0942538390395813e-07,3.661696930986381e-08,-2.6642247873517924e-08,0.003782622559437453,-0.21258528254854253
3.599999999999825,1800,1.0,1.5,0.0,1.237485912432599,-0.03347822324835094,-1.1871590481312111e-07,3.204556123105521e-08,-2.5259384649402632e-08,0.004527998140925511,-0.2109316726552542
3.599999999999825,1800,1.0,1.625,0.0,1.1827264337333252,-0.021344728540082465,-5.2645924960533624e-08,1.0857832483365323e-08,8.75620456385912e-09,0.002697313731214359,-0.1552062158549569
3.599999999999825,1800,1.0,1.75,0.0,1.1785316107210178,-0.017970484668033228,-7.446287272356086e-08,2.2963615715807896e-09,7.53856549361378e-10,0.0022705345745561807,-0.15075355344391209
3.599999999999825,1800,1.0,1.875,0.0,1.1657717916309063,-0.013937711915346977,-1.7225132676132996e-07,-3.041495938154306e-08,-8.538957010203429e-09,0.0008904930946439938,-0.13816623764963593
3.599999999999825,1800,1.0,2.0,0.0,1.1407310400590032,-0.025309815687355457,-6.981371128321333e-09,-3.623881474098359e-08,-1.6589370498484325e-08,-0.0013706645559787185,-0.11646590481209271
3.599999999999825,1800,1.0,2.125,0.0,1.1300278857659949,-0.0100359206699976,-5.647381132357137e-08,9.731886652703569e-09,4.731447678245582e-10,-0.00010722787372995039,-0.10308199583683408
3.599999999999825,1800,1.0,2.25,0.0,1.1284279993983302,-0.008459731806589738,-6.328508425056819e-08,4.441181438229743e-09,1.3258192623435717e-09,-4.823904419393307e-05,-0.10123404648146225
3.599999999999825,1800,1.0,2.375,0.0,1.1216796065016037,-0.006371725628756154,-3.121867087532113e-08,1.2765241843100745e-08,1.4427274440445242e-09,-0.0009364099717825259,-0.0943593926992362
3.599999999999825,1800,1.0,2.5,0.0,1.1059141846787153,-0.012975106239993019,-1.6839331388158995e-08,-2.63150003384891e-08,1.3947406925064526e-09,-0.004863933096059971,-0.08049553319874786
3.599999999999825,1800,1.0,2.625,0.0,1.0987226208584824,-0.0027861699289631237,1.0531111100248337e-08,1.5052678823161205e-08,3.0807191218339015e-10,-0.003793858715634316,-0.0711608803249354
3.599999999999825,1800,1.0,2.75,0.0,1.0941484127123373,-0.0003945278801224841,-1.7077439944590065e-08,4.335355321558454e-09,5.404228243065301e-09,-0.0036764500286851063,-0.06607960336342107
3.599999999999825,1800,1.0,2.875,0.0,1.0933855517397848,-0.0007452969609201322,3.5828249719805606e-10,7.124795369206076e-09,6.224098082154733e-09,-0.003640786620017436,-0.06536316641419423
3.599999999999825,1800,1.0,3.0,0.0,1.0805901361521095,-0.0025741306272674853,3.586371470155918e-08,2.9377124178100243e-08,-4.825474464592515e-10,-0.0022916428622127695,-0.05206699575469764
3.799999999999803,1900,1.0,-3.0,0.0,1.080853418312392,-0.0006467004233910684,1.426068858025165e-07,-1.884838237890922e-08,-1.1915912058279258e-09,0.0010887801776286144,-0.05250387747188339
3.799999999999803,1900,1.0,-2.875,0.0,1.0935343721404818,-0.003068767617169877,3.522703143511903e-08,9.743356110882128e-09,-4.049499110330027e-09,0.001371938576773144,-0.06574351302421244
3.799999999999803,1900,1.0,-2.75,0.0,1.0942841344109495,-0.0034423333558254617,5.14783563132392e-08,6.264453393080072e-09,-3.013154516771698e-09,0.0013721603304393717,-0.0664581925844811
3.799999999999803,1900,1.0,-2.625,0.0,1.0988364475626071,-0.001477355759462951,1.128654246182692e-08,3.065323177969434e-08,-1.2031524256040727e-09,0.001307636901868789,-0.07153388365599936
3.799999999999803,1900,1.0,-2.5,0.0,1.1122316028060035,0.006993972514227365,1.9447935937306267e-07,1.0877470264130488e-07,-2.0110412433618855e-08,0.0009177982239059886,-0.08693199002862848
3.799999999999803,1900,1.0,-2.375,0.0,1.1213754838462016,0.000796496992114675,1.3474427722103391e-07,2.3255122262194196e-08,-6.783974069739314e-09,-0.0020946330699270974,-0.09472528774387919
3.799999999999803,1900,1.0,-2.25,0.0,1.12259245325629,0.0004580034418654481,1.2047860539327655e-07,2.882606704067136e-08,-7.381987757947911e-09,-0.0024114667220611567,-0.0958655789154216
3.799999999999803,1900,1.0,-2.125,0.0,1.1309154100181213,-0.0031655130950787474,1.1544076457570119e-07,5.070088023695178e-09,-3.336862885080799e-09,-0.003034483271695948,-0.10328209827967058
3.799999999999803,1900,1.0,-2.0,0.0,1.1448793383169071,-0.0065650443270915395,1.6831191915513215e-07,1.0042254085433551e-07,-1.0338671849416255e-08,-0.002298588630275702,-0.11621524893353295
3.799999999999803,1900,1.0,-1.875,0.0,1.16518939106556,0.00585074350938844,1.352451479654183e-07,2.9796423500086446e-08,-4.192691764928e-09,-0.003167032064131188,-0.13816345573476002
3.799999999999803,1900,1.0,-1.75,0.0,1.177556674558176,0.00900822776084513,1.1647834312640595e-07,1.839905676140955e-08,-1.089001445305047e-09,-0.004520164832047887,-0.15064348714952033
3.799999999999803,1900,1.0,-1.625,0.0,1.2173807889914763,0.009896310909432802,-1.178848669170774e-08,5.04454413964517e-09,-6.06358510661974e-08,-0.005938239868415231,-0.19195887603526487
3.799999999999803,1900,1.0,-1.5,0.0,1.2327430249729625,0.020854905540275213,-2.191607965410789e-07,4.116789446734963e-08,-8.859507687534517e-08,-0.003722844205189751,-0.2096646528870228
3.799999999999803,1900,1.0,-1.375,0.0,1.2342068800861237,0.021459192326102612,1.6492928138423293e-08,5.4546405112524e-08,-7.266544734695534e-08,-0.0028761524093158636,-0.21123225215496522
3.799999999999803,1900,1.0,-1.2500000000000002,0.0,1.262052684055777,0.024370217905293312,-1.8373327600614765e-07,-7.857804873563392e-08,-8.479967827930333e-08,0.00843670163521833,-0.24140362666689416
3.799999999999803,1900,1.0,-1.125,0.0,1.2745013560830105,0.024811321662252247,-1.4482973294582096e-07,-5.0309805439050144e-08,-8.938674703760116e-08,0.03160813872798813,-0.2560582290260977
3.799999999999803,1900,1.0,-1.0,0.0,1.3013479181755936,0.035898423721413504,-4.612904409859596e-07,-3.995222940859455e-07,-6.357796111913518e-07,0.28894704715050107,-0.3017232191685032
3.799999999999803,1900,1.0,-0.875,0.0,1.2779277423513453,0.03930943727137788,-8.532822214798543e-07,-2.6078337153312456e-06,-2.7878902352665154e-06,1.072086045005993,-0.3454479869265998
3.799999999999803,1900,1.0,-0.75,0.0,1.112706377774281,0.03581368599252643,-2.6393265572592158e-06,-8.181609295888921e-06,-1.0196845793272618e-05,2.3318452145601096,-0.39268480083534896
3.799999999999803,1900,1.0,-0.625,0.0,0.7764032184701388,0.008226457871697061,-3.3758220013494634e-06,-3.1535346438402376e-06,-1.4341520337077742e-05,3.112820714659226,-0.4254340897598679
3.799999999999803,1900,1.0,-0.5,0.0,0.4193873574024955,-0.046411701872524816,-6.1756121774730825e-06,8.60153282909777e-06,-2.3608680194986505e-05,2.9936989091310116,-0.44311080007095494
3.799999999999803,1900,1.0,-0.375,0.0,0.17033047731844328,-0.08479956108690379,-4.042343190724903e-06,1.4571744710089467e-05,-2.0265253031771005e-05,2.7049755395169166,-0.4477766587338968
3.799999999999803,1900,1.0,-0.25,0.0,-0.1758268413066342,-0.07208106050372434,-1.43604269781246e-06,2.9535657810948756e-05,-3.39901299762246e-05,2.250058899606521,-0.44302947100395745
3.799999999999803,1900,1.0,-0.125,0.0,-0.38049820053633304,-0.03367763265825588,1.0811009336956919e-06,9.11645894973263e-06,-1.4397340550014798e-05,1.2456733585499524,-0.42815564310967263
3.799999999999803,1900,1.0,0.0,0.0,-0.4463408913728316,0.028249132921284545,2.039066787989927e-06,2.905644478587703e-06,-6.204978472998392e-06,-0.04076751052770769,-0.42320240340142223
3.799999999999803,1900,1.0,0.12499999999999956,0.0,-0.38764645684966653,0.0819860565210863,9.96703965546718e-07,-1.5616644912573484e-06,-3.348609150463641e-07,-0.9777297252451271,-0.4268483997491659
3.799999999999803,1900,1.0,0.25,0.0,-0.12664726099978163,0.12797583148494662,4.7502442681847416e-07,-5.254653293790638e-06,5.340091621568802e-06,-2.4008244615243024,-0.4649687033205962
3.799999999999803,1900,1.0,0.375,0.0,0.2221042472487947,0.12395287614883778,-5.077054161519378e-07,-4.491309643210662e-06,2.056052844280791e-06,-2.7092971101435452,-0.46827698652628835
3.799999999999803,1900,1.0,0.49999999999999956,0.0,0.3442100622174798,0.10761892026754552,-4.434792333294516e-07,-4.151891660238343e-06,2.2795098993471374e-06,-2.772132351784431,-0.46470803680693884
3.799999999999803,1900,1.0,0.625,0.0,0.8122887300385542,0.003399985124763974,-5.703114981326892e-07,-3.2943713712190224e-08,-3.129647270138571e-07,-3.097800669993207,-0.4437668065669999
3.799999999999803,1900,1.0,0.75,0.0,1.1423338610097928,-0.03424086831338526,-5.52101394150277e-07,6.289766335800689e-07,-3.1543925584290024e-07,-2.320001253957403,-0.40775155749697606
3.799999999999803,1900,1.0,0.8749999999999996,0.0,1.2709197522925526,-0.031653824791945714,-2.9495105025479447e-07,5.246939245678902e-07,-1.6851071764140424e-07,-1.6030945064785938,-0.3767695606629205
3.799999999999803,1900,1.0,1.0,0.0,1.3146840802938653,-0.03249894458301731,-1.7109981688823224e-07,9.981720373173148e-08,-5.333730075947094e-08,-0.18466299904016809,-0.30101715658492323
3.799999999999803,1900,1.0,1.125,0.0,1.2865563797461068,-0.0306057622022292,-1.3814441346066079e-07,4.075266805641517e-08,-2.678903814104909e-08,-0.02756031640995916,-0.2620897149674773
3.799999999999803,1900,1.0,1.25,0.0,1.272961024725246,-0.030478086390391845,-2.4083368555683585e-07,2.4095654988261386e-08,-4.479152968048662e-08,-0.005476856492822034,-0.24678218764517815
3.799999999999803,1900,1.0,1.375,0.0,1.2429431620732332,-0.027824140698898738,-1.1616420351604277e-07,3.2211215629356804e-08,-2.1186112217248626e-08,0.004713391741103556,-0.2152445867976999
3.799999999999803,1900,1.0,1.5,0.0,1.2413556424873042,-0.027196603890183774,-1.2529959443587453e-07,2.8049296902182234e-08,-2.117097408764354e-08,0.005560626605354382,-0.21358476174893998
3.799999999999803,1900,1.0,1.625,0.0,1.1867956513010516,-0.017892437474543593,-5.984261669144387e-08,2.994789266772183e-08,-1.9018487019066373e-10,0.005478581201253664,-0.15755938512786424
3.799999999999803,1900,1.0,1.75,0.0,1.1825098468290283,-0.014744936260962075,-8.020564688011415e-08,1.5144266221325185e-08,-5.103713788544673e-09,0.004771891184390104,-0.15296147073407437
3.799999999999803,1900,1.0,1.875,0.0,1.1694237813500117,-0.011172798538882419,-1.7732083611138527e-07,-2.3310992637700448e-08,-9.800407411839634e-09,0.0028674302037166827,-0.1401852398506122
3.799999999999803,1900,1.0,2.0,0.0,1.1437860205082357,-0.02283624591102191,-1.0130795007100847e-08,-4.8654320133056875e-08,-1.7022462893990687e-08,0.0019237672221172784,-0.11887449704894269
3.799999999999803,1900,1.0,2.125,0.0,1.1324203305165004,-0.007956709751556913,-5.528112554671802e-08,2.4430281308087123e-08,-4.566522038423673e-09,0.002164676553130985,-0.10500678080882356
3.799999999999803,1900,1.0,2.25,0.0,1.1307325067499843,-0.006430355706962475,-6.26585264425597e-08,1.5040526816730473e-08,-2.065376959690908e-09,0.0020712516098772764,-0.10310868630078722
3.799999999999803,1900,1.0,2.375,0.0,1.1237741738453535,-0.004466522763670008,-3.239878757971632e-08,1.0914628448255993e-08,3.647423256886254e-09,0.0009263868880564028,-0.0961000439346116
3.799999999999803,1900,1.0,2.5,0.0,1.107851131622586,-0.011294174409077682,-1.892663454752854e-08,-2.399182591124303e-08,6.829206104281092e-09,-0.003206786808116251,-0.08225302925258365
3.799999999999803,1900,1.0,2.625,0.0,1.100422378894213,-0.0014616699093773656,1.2101501288823949e-08,1.171472767144947e-08,6.197727453367671e-10,-0.002259800994002958,-0.0725425809485523
3.799999999999803,1900,1.0,2.75,0.0,1.0957332955214605,0.0007851137667427783,-1.7853574593295756e-08,5.246911129998549e-09,5.435992373527013e-09,-0.002197346641616646,-0.06732444953237252
3.799999999999803,1900,1.0,2.875,0.0,1.094954276543602,0.0004151506113281271,-7.96537576582446e-10,7.68175229219282e-09,6.480296441597791e-09,-0.0021898570130432925,-0.06660835890421632
3.799999999999803,1900,1.0,3.0,0.0,1.08184961227916,-0.0017002036834793115,3.4559982344684104e-08,2.2648937451878865e-08,3.4236845892595657e-09,-0.001675633109882067,-0.05325495485033086
3.999999999999781,2000,1.0,-3.0,0.0,1.0818133172924693,-0.0011730223825731317,1.400473081206746e-07,-1.8086404196564997e-08,1.35403626741981e-09,0.0007332801536223397,-0.054079882654133375
3.999999999999781,2000,1.0,-2.875,0.0,1.094700125596934,-0.0036566434666045764,3.865368841623745e-08,-2.9516089373220898e-09,-3.818128161685316e-09,0.0004140396964730812,-0.06743943151952737
3.999999999999781,2000,1.0,-2.75,0.0,1.0954618472307953,-0.0040387926619264445,5.437237981738329e-08,-5.350666129413254e-09,-2.7829681574625875e-09,0.0003949617922487064,-0.06815759191911742
3.999999999999781,2000,1.0,-2.625,0.0,1.1000940699453132,-0.0021581856439241622,1.1355448514030344e-08,1.0929206616396034e-08,-1.2865152447017017e-09,0.0001850157999968415,-0.07333844898285949
3.999999999999781,2000,1.0,-2.5,0.0,1.1137197990338852,0.005993066051201054,1.9687402701431542e-07,1.0195256561953304e-07,-1.9065446788359612e-08,-0.0008432576384758091,-0.0890239171300021
3.999999999999781,2000,1.0,-2.375,0.0,1.1229317048392784,-0.00026449040799909787,1.353387871036487e-07,1.2002652994937663e-08,-4.103406290755616e-09,-0.0035233041826211765,-0.09679140326803823
3.999999999999781,2000,1.0,-2.25,0.0,1.1241609647713018,-0.000614271345154711,1.220047538366863e-07,1.6252363178079954e-08,-5.381790620348491e-09,-0.0038101537939527895,-0.09794090901966139
3.999999999999781,2000,1.0,-2.125,0.0,1.1325879671451657,-0.004312408051150919,1.1689837681228753e-07,-1.0899197663625476e-09,-1.2046691299092184e-09,-0.0038870597228772676,-0.10535274801239404
3.999999999999781,2000,1.0,-2.0,0.0,1.1467656578671512,-0.007859953728034412,1.690307759790323e-07,8.376282095014392e-08,-1.0054605123870973e-08,-0.002088065809434586,-0.11832273167431555
3.999999999999781,2000,1.0,-1.875,0.0,1.1677459859974793,0.004472827648413467,1.365542765697782e-07,8.850639279767489e-10,-1.4143929866456883e-09,-0.003936769291522609,-0.14083359992114367
3.999999999999781,2000,1.0,-1.75,0.0,1.180268837682457,0.007330686572365798,1.1010850164940751e-07,-1.2185627639167438e-08,-6.99489702079913e-09,-0.005119013802248408,-0.15339937831224293
3.999999999999781,2000,1.0,-1.625,0.0,1.2196521941220435,0.006408994535670646,-3.24337277850817e-08,9.805313416795029e-09,-5.611140440769774e-08,-0.003934983987883805,-0.19439542333206272
3.999999999999781,2000,1.0,-1.5,0.0,1.2349715777088814,0.016671918654938597,-2.3835280777817227e-07,2.1562999338825304e-08,-9.407097466435567e-08,-0.0019585724515608317,-0.21224376020185878
3.999999999999781,2000,1.0,-1.375,0.0,1.2364236371539783,0.017215061268141763,-6.863203466301228e-09,5.148930876204027e-08,-6.480377092849772e-08,-0.001120649832269303,-0.21381410874499668
3.999999999999781,2000,1.0,-1.2500000000000002,0.0,1.263730121299611,0.019232334094493805,-1.9345945997524677e-07,-1.0956342386766275e-07,-1.2573419235637767e-07,0.00973975522045582,-0.24386053102904875
3.999999999999781,2000,1.0,-1.125,0.0,1.2758789470906795,0.018983762565609012,-1.5542440435481227e-07,-8.400900055643677e-08,-1.1014001241104327e-07,0.034923044017075536,-0.25844015439251344
3.999999999999781,2000,1.0,-1.0,0.0,1.3013392391425325,0.028306911753439263,-4.830977725088305e-07,-3.970821563035219e-07,-6.758520013038081e-07,0.30763014485675205,-0.3039358978989461
3.999999999999781,2000,1.0,-0.875,0.0,1.273313328707425,0.030665711416857453,-8.757592719345315e-07,-2.7024441541815772e-06,-2.9281489748107274e-06,1.119018733203344,-0.3467065468808434
3.999999999999781,2000,1.0,-0.75,0.0,1.0990319716252674,0.02656239432550461,-2.6399196752003727e-06,-8.307767480828608e-06,-1.0484092938520622e-05,2.378465156587775,-0.392880354191361
3.999999999999781,2000,1.0,-0.625,0.0,0.7570958443009405,0.0003280666090589887,-3.4041316348474255e-06,-3.1634004356660814e-06,-1.4394747239986304e-05,3.093413813071874,-0.42280479845236013
3.999999999999781,2000,1.0,-0.5,0.0,0.4051919520590152,-0.051120754529739736,-6.214287249735491e-06,7.587131254155518e-06,-2.3574830651689164e-05,2.9102982248534257,-0.438863888602985
3.999999999999781,2000,1.0,-0.375,0.0,0.1637749446189634,-0.08776359467874187,-4.112879878671797e-06,1.336483707153545e-05,-2.0459051687094107e-05,2.6097325593102796,-0.44257528054222345
3.999999999999781,2000,1.0,-0.25,0.0,-0.17247666853613242,-0.07487889313586506,-1.8700981725349604e-06,2.8990701238189693e-05,-3.4730045413853967e-05,2.207125614654592,-0.4384489635096738
3.999999999999781,2000,1.0,-0.125,0.0,-0.37600406098632166,-0.03375260529344842,9.432204262871571e-07,9.877941753032837e-06,-1.5642836263230735e-05,1.2486651845709065,-0.4234798738063403
3.999999999999781,2000,1.0,0.0,0.0,-0.44217060042707546,0.03154424027496959,2.015508084279635e-06,3.570396768035819e-06,-7.165085031778778e-06,-0.017252629419057447,-0.41749989738891713
3.999999999999781,2000,1.0,0.12499999999999956,0.0,-0.3832885362160055,0.08764385859481909,1.0399489348389387e-06,-1.332628750744078e-06,-8.981080745091913e-07,-0.9315784064216222,-0.41929482773342774
3.999999999999781,2000,1.0,0.25,0.0,-0.1294616875933587,0.1377859480569129,5.757069941814806e-07,-5.631765467929124e-06,5.646080883940728e-06,-2.304604820366757,-0.4542510791841812
3.999999999999781,2000,1.0,0.375,0.0,0.20827482222061292,0.13328566208020645,-5.05885997917742e-07,-5.114639601108274e-06,2.133645625524474e-06,-2.586754417570206,-0.45652837398980606
3.999999999999781,2000,1.0,0.49999999999999956,0.0,0.3260690331674482,0.11723871479156464,-4.424292822459249e-07,-4.7728394585847365e-06,2.3292364250592686e-06,-2.650823135220625,-0.45334925613003835
3.999999999999781,2000,1.0,0.625,0.0,0.7838070018373204,0.01786174976576179,-6.338204048045446e-07,-1.1260497638720241e-07,-3.8701554861528873e-07,-3.0649516176272025,-0.43585744144157346
3.999999999999781,2000,1.0,0.75,0.0,1.1216812368962694,-0.018790397048398296,-5.939626447059591e-07,8.307750407834329e-07,-4.1210286258833294e-07,-2.386144204928407,-0.4042990364488578
3.999999999999781,2000,1.0,0.8749999999999996,0.0,1.2596236883474996,-0.01763344798224013,-3.066834548525136e-07,6.696281841963085e-07,-2.34254427847878e-07,-1.6887557316367319,-0.3751431027940081
3.999999999999781,2000,1.0,1.0,0.0,1.3157666376360058,-0.0214781803653271,-1.768511144333208e-07,4.257223011785461e-08,-7.107264485346685e-08,-0.20761047000047442,-0.3016113991920352
3.999999999999781,2000,1.0,1.125,0.0,1.2889042346801016,-0.02162126162119219,-1.4688046538722217e-07,5.967817744675566e-09,-2.999228236294229e-08,-0.03328383432639983,-0.263063975803078
3.999999999999781,2000,1.0,1.25,0.0,1.2755915663348294,-0.02248481353022678,-2.4499570004080666e-07,-9.140443893898468e-09,-3.435307950992249e-08,-0.008230814531167347,-0.24791558127167723
3.999999999999781,2000,1.0,1.375,0.0,1.2461283625864983,-0.02140105202210635,-1.22405545958607e-07,1.801045100575978e-08,-1.3413632185952492e-08,0.0016979095606051492,-0.21666712704342372
3.999999999999781,2000,1.0,1.5,0.0,1.2445485234500202,-0.020869018771251607,-1.3134326066441495e-07,1.596283449850439e-08,-1.3777067903100567e-08,0.0025337581357860904,-0.21501130056675566
3.999999999999781,2000,1.0,1.625,0.0,1.1905065542978361,-0.014700165615654561,-6.922414251154813e-08,3.0090668074212614e-08,-1.1541462805009643e-08,0.005849912132454647,-0.15955907627910723
3.999999999999781,2000,1.0,1.75,0.0,1.186182640879753,-0.011746731106636158,-8.684222611469328e-08,1.589732769209453e-08,-1.1985969965508857e-08,0.005061799313164011,-0.15492752172740412
3.999999999999781,2000,1.0,1.875,0.0,1.172896146061622,-0.008572928363816283,-1.8233296470558808e-07,-1.4890305191606561e-08,-9.314840214358843e-09,0.003173224906307437,-0.14213007857899806
3.999999999999781,2000,1.0,2.0,0.0,1.1468325858257382,-0.02067820344717972,-1.4261496805238817e-08,-5.6334214473623345e-08,-1.7319732060237793e-08,0.004250005497531212,-0.12122570541214912
3.999999999999781,2000,1.0,2.125,0.0,1.1348823161728294,-0.005981913055302262,-5.329627635004183e-08,3.892317324758385e-08,-7.45628265585805e-09,0.003919443878990597,-0.10678699750266837
3.999999999999781,2000,1.0,2.25,0.0,1.1331176483930834,-0.004477905344036472,-6.1059458483198e-08,2.556241540289005e-08,-3.9783262052838675e-09,0.0037435943422276996,-0.10482561770825563
3.999999999999781,2000,1.0,2.375,0.0,1.1259582352525865,-0.0026315060521351972,-3.3198552054880245e-08,1.0404100740599304e-08,5.801980509914764e-09,0.002504628805546645,-0.09767382920914254
3.999999999999781,2000,1.0,2.5,0.0,1.1098298286307233,-0.009808137489196615,-1.9284231417909043e-08,-2.0106603730725727e-08,9.977557201569719e-09,-0.001721591385213914,-0.08389386875847217
3.999999999999781,2000,1.0,2.625,0.0,1.102135880244559,-0.0003013381552662152,1.578268305546261e-08,6.852789893495151e-09,-7.341844467406327e-10,-0.0010050199092288,-0.0738494426350353
3.999999999999781,2000,1.0,2.75,0.0,1.0973203817025832,0.0018003032218782858,-1.789370752044212e-08,5.689461221423652e-09,3.584450292342631e-09,-0.0010253281433907665,-0.06851777957603084
3.999999999999781,2000,1.0,2.875,0.0,1.096525497480102,0.0014150104329944302,-1.332119972152323e-09,7.560938215090293e-09,4.528585986708583e-09,-0.001047328525437135,-0.06780468188552205
3.999999999999781,2000,1.0,3.0,0.0,1.0831306701297032,-0.0008792777847764859,3.243748217638067e-08,1.8145272233499798e-08,6.938510181624604e-09,-0.0012653687111140494,-0.05441345539334488
4.1999999999997595,2100,1.0,-3.0,0.0,1.082810865568734,-0.0016465420327686033,1.373016653643558e-07,-1.817957415197993e-08,3.3197112658208234e-09,0.0006235467591336086,-0.05562778750593239
4.1999999999997595,2100,1.0,-2.875,0.0,1.0958946036368367,-0.004153575404667798,4.0155751342616703e-08,-1.442313973176544e-08,-1.0511861180589082e-09,-9.754083548699562e-05,-0.06914450717517201
4.1999999999997595,2100,1.0,-2.75,0.0,1.0966680010849732,-0.004544351251685738,5.5521697707922965e-08,-1.523028436905943e-08,-2.6028165671139604e-10,-0.00013227624072105932,-0.06986764858096756
4.1999999999997595,2100,1.0,-2.625,0.0,1.101388704868977,-0.002720653155095497,1.0125155620823904e-08,-5.480748522386502e-09,5.390431609782397e-10,-0.0004773917971885703,-0.07512498960718911
4.1999999999997595,2100,1.0,-2.5,0.0,1.1152673344778194,0.005260541913095602,1.9523127248248015e-07,9.259360456517485e-08,-1.7687165889488516e-08,-0.002082874918274915,-0.09098731306307413
4.1999999999997595,2100,1.0,-2.375,0.0,1.1245643477916731,-0.0011629093542319478,1.324828471519228e-07,4.421099781655949e-09,-2.271210636910925e-09,-0.0043957431361067644,-0.09866557831780975
4.1999999999997595,2100,1.0,-2.25,0.0,1.1258088941021411,-0.001533499466792471,1.1972930086831693e-07,7.844750254991108e-09,-4.005973352645573e-09,-0.004649937302490754,-0.09981434620487792
4.1999999999997595,2100,1.0,-2.125,0.0,1.134312198025913,-0.0054050268440477035,1.1470412083972958e-07,-3.6599803429705866e-09,5.119930037900896e-11,-0.004164567521935187,-0.1072622775186101
4.1999999999997595,2100,1.0,-2.0,0.0,1.148626623131941,-0.009257082234978238,1.6467274627641887e-07,7.881125413315892e-08,-9.735782210761843e-09,-0.001291629394247562,-0.12040709074791987
4.1999999999997595,2100,1.0,-1.875,0.0,1.1700954518018036,0.0030822994057229888,1.3675644648841083e-07,-2.2583198179053853e-08,7.109820120984298e-10,-0.003101507220271886,-0.14358159483640445
4.1999999999997595,2100,1.0,-1.75,0.0,1.18269839461648,0.005604171341319796,1.0372590088212607e-07,-3.564214907748007e-08,6.410148723380322e-10,-0.0036438247309378805,-0.15619154550546782
4.1999999999997595,2100,1.0,-1.625,0.0,1.2216343355221546,0.002814152300841734,-6.041257059145264e-08,-3.420490226450822e-08,-2.2468199401313418e-08,-0.00031433909783103035,-0.1966680077479294
4.1999999999997595,2100,1.0,-1.5,0.0,1.2368574462654505,0.0125574007365918,-2.691249654481247e-07,-2.8285755244309125e-08,-5.945981638218231e-08,0.0016247385934120189,-0.21456312395328364
4.1999999999997595,2100,1.0,-1.375,0.0,1.2382885158213819,0.013058160431374252,-3.782146176734174e-08,2.1678641671324727e-10,-2.0879596770074732e-08,0.0024422549055942207,-0.21614104767264958
4.1999999999997595,2100,1.0,-1.2500000000000002,0.0,1.2651046823064744,0.014307253605797036,-2.2630537711590148e-07,-2.1380051042235316e-08,-8.846161158394517e-08,0.013411071214798818,-0.24636280262090918
4.1999999999997595,2100,1.0,-1.125,0.0,1.2769693995789586,0.013552902955442215,-1.8905531190649806e-07,-3.767602801069523e-09,-8.267157009866405e-08,0.039399765849905725,-0.26089043885728613
4.1999999999997595,2100,1.0,-1.0,0.0,1.3008535450634398,0.02154752543936397,-4.915609703015923e-07,-3.3774775050964083e-07,-8.36849409203903e-07,0.3253348578923568,-0.3059804790147673
4.1999999999997595,2100,1.0,-0.875,0.0,1.2684959524578974,0.022606088144107566,-8.969685561921868e-07,-2.8314797664804104e-06,-3.285074136344591e-06,1.159303812074599,-0.3482636462853441
4.1999999999997595,2100,1.0,-0.75,0.0,1.0862198620826353,0.0181299851515087,-2.758296380585927e-06,-8.48321215922464e-06,-1.0681768914034706e-05,2.4129761938117307,-0.39197910405757436
4.1999999999997595,2100,1.0,-0.625,0.0,0.740087534271173,-0.006466855779224508,-3.4703750434984624e-06,-3.3340868699470668e-06,-1.4360672023657244e-05,3.0704076783347136,-0.4201548306553148
4.1999999999997595,2100,1.0,-0.5,0.0,0.39311858544032713,-0.055339516519907775,-6.2519626408460136e-06,6.609827507574164e-06,-2.3501000958753487e-05,2.8357601914349804,-0.43531237651235055
4.1999999999997595,2100,1.0,-0.375,0.0,0.15854543367527463,-0.09055089838936262,-4.183607498055208e-06,1.2459434558085639e-05,-2.068471778325259e-05,2.525489952286966,-0.43804663173489655
4.1999999999997595,2100,1.0,-0.25,0.0,-0.16847524855694557,-0.07748118511798235,-2.2355115982867558e-06,2.8556809088329526e-05,-3.550564880296199e-05,2.16574097081116,-0.43438383770554756
4.1999999999997595,2100,1.0,-0.125,0.0,-0.3702824412254342,-0.03449487643313801,8.268091354805232e-07,1.0743872234360814e-05,-1.697522091599362e-05,1.2479213554791997,-0.4189839882024702
4.1999999999997595,2100,1.0,0.0,0.0,-0.436674311141524,0.03323936948314266,2.010306008448889e-06,4.427998409859012e-06,-8.157091336698682e-06,0.012852003042804552,-0.4116470815654478
4.1999999999997595,2100,1.0,0.12499999999999956,0.0,-0.37904379757405193,0.0909036967032531,1.1012517844854858e-06,-1.0783676512684016e-06,-1.5407401084605095e-06,-0.8776306996670915,-0.4118044711279222
4.1999999999997595,2100,1.0,0.25,0.0,-0.1331099275536234,0.14526999123786408,7.060339466948735e-07,-5.8750434741829875e-06,5.924237167413575e-06,-2.209617328122522,-0.44333232410736834
4.1999999999997595,2100,1.0,0.375,0.0,0.19472419532956364,0.1408826473232017,-4.803768701998008e-07,-5.738390658569418e-06,2.2142148506402076e-06,-2.4744871311690853,-0.44478745061228553
4.1999999999997595,2100,1.0,0.49999999999999956,0.0,0.3086426087664219,0.12524478429486424,-4.18121001756128e-07,-5.392809947235879e-06,2.384496798650518e-06,-2.5385471120520626,-0.4419219261379258
4.1999999999997595,2100,1.0,0.625,0.0,0.7564506870412824,0.03085808524473111,-6.757240137813018e-07,-1.7674655779397247e-07,-3.736109830051828e-07,-3.0280505300834366,-0.42703436325819105
4.1999999999997595,2100,1.0,0.75,0.0,1.1009118022368583,-0.003955889297014129,-6.180193020190982e-07,9.924994484299674e-07,-4.4473300707281295e-07,-2.4397183797936437,-0.3994723408892119
4.1999999999997595,2100,1.0,0.8749999999999996,0.0,1.247378861715698,-0.004077167146571137,-3.078977950374781e-07,7.705880727952184e-07,-2.8588487495964753e-07,-1.761264373906711,-0.3722545305490064
4.1999999999997595,2100,1.0,1.0,0.0,1.3155704034671423,-0.010621882236303904,-1.7699445099898234e-07,-5.652567285112167e-09,-7.414279831159866e-08,-0.23165005147867673,-0.3012321315102969
4.1999999999997595,2100,1.0,1.125,0.0,1.2904307974468183,-0.01250623006378931,-1.4801746420118325e-07,-2.4922427076564162e-08,-1.4560530119932852e-08,-0.040855683864527294,-0.2633903024850345
4.1999999999997595,2100,1.0,1.25,0.0,1.2775120895908714,-0.014229343738544327,-2.4376936561103045e-07,-2.3477829343993376e-08,-1.7556354041645813e-08,-0.01420802804821724,-0.24843970231509893
4.1999999999997595,2100,1.0,1.375,0.0,1.248758246954729,-0.014575155252344197,-1.2084812637422848e-07,5.627906865601728e-09,-3.12950720484726e-09,-0.004079666231808731,-0.2175112348499571
4.1999999999997595,2100,1.0,1.5,0.0,1.2472023325280435,-0.014130434905012779,-1.2971013794679716e-07,6.1077934785342565e-09,-4.457039275792621e-09,-0.003264162809489379,-0.2158753672860802
4.1999999999997595,2100,1.0,1.625,0.0,1.1938780467670949,-0.011158500904316401,-7.046825289821815e-08,2.0074163299393854e-08,-2.369381053945938e-09,0.0034667201955526786,-0.16152918897152638
4.1999999999997595,2100,1.0,1.75,0.0,1.18953587919971,-0.008407029569105978,-8.694750718554854e-08,9.119004574310882e-09,-5.213457195472251e-09,0.002931645736136681,-0.15696346100895103
4.1999999999997595,2100,1.0,1.875,0.0,1.1761278664460117,-0.0057038017763478,-1.8543070364184472e-07,-9.152878511923711e-09,-6.119984802357971e-09,0.001812008184186494,-0.14420783781686106
4.1999999999997595,2100,1.0,2.0,0.0,1.1498114048005363,-0.018584781472208343,-1.6690723403157204e-08,-6.289936480645251e-08,-1.5209979994639763e-08,0.00518151958391213,-0.12325105488001081
4.1999999999997595,2100,1.0,2.125,0.0,1.1373560808473286,-0.004053030580673777,-5.0525320097952856e-08,4.7577978985138325e-08,-6.342913781010492e-09,0.004962003779852863,-0.10808162981702782
4.1999999999997595,2100,1.0,2.25,0.0,1.1355273826952206,-0.0025723514598482047,-5.873799743011962e-08,3.205919484719994e-08,-2.9012094679426166e-09,0.004806356505746295,-0.10603202567148717
4.1999999999997595,2100,1.0,2.375,0.0,1.1281858723663047,-0.000870636953930061,-3.38020764121207e-08,1.1493330270757471e-08,7.872311135181779e-09,0.003675399817787641,-0.09874296472828982
4.1999999999997595,2100,1.0,2.5,0.0,1.1118543903292737,-0.008455796010845982,-1.9374684047188925e-08,-1.5185890389241013e-08,1.0333844443115522e-08,-0.0005514661799224485,-0.08521120355844244
4.1999999999997595,2100,1.0,2.625,0.0,1.1038694823292947,0.0008168874814807716,2.1512464659536523e-08,1.9701380759139587e-09,-3.9909015675674815e-09,-0.00013627055552924475,-0.07497812647540647
4.1999999999997595,2100,1.0,2.75,0.0,1.0989184761848612,0.002792709367339752,-1.7038483127097464e-08,4.961284475873582e-09,-3.45907705141527e-10,-0.00025926980556439965,-0.06959228128268291
4.1999999999997595,2100,1.0,2.875,0.0,1.0981088786967006,0.002392841266332143,-8.817085432907511e-10,5.819570925478725e-09,2.6569046047357716e-10,-0.0003075685769607882,-0.06888102257857788
4.1999999999997595,2100,1.0,3.0,0.0,1.0844471781683251,-4.2300744778048585e-05,2.993086205630578e-08,1.731722453175118e-08,8.849836647548377e-09,-0.0010667455406724005,-0.05542575098657291
4.3999999999997375,2200,1.0,-3.0,0.0,1.0838577887512928,-0.0021310894327617688,1.3468615003306846e-07,-1.816304373941565e-08,4.4641048231621596e-09,0.000732795024101432,-0.057133509558653824
4.3999999999997375,2200,1.0,-2.875,0.0,1.0971353461814783,-0.00468653295316926,4.047286389334535e-08,-2.2887658899572296e-08,2.504901281176529e-09,-0.000166017793775242,-0.07084592225240961
4.3999999999997375,2200,1.0,-2.75,0.0,1.097919950182674,-0.005088566856728282,5.556478489149612e-08,-2.190287030165686e-08,2.8887154359257933e-09,-0.00021064619351723467,-0.07157571440463838
4.3999999999997375,2200,1.0,-2.625,0.0,1.1027346879273074,-0.0032985751879846393,8.527820248290573e-09,-1.6978365436326572e-08,2.9911346555352065e-09,-0.0006712190125034019,-0.07689746526961472
4.3999999999997375,2200,1.0,-2.5,0.0,1.1168706704292315,0.004656077875948009,1.9250519233774284e-07,8.065339904218792e-08,-1.411530186567798e-08,-0.0027340959698786754,-0.09288413356066812
4.3999999999997375,2200,1.0,-2.375,0.0,1.1262502554259315,-0.002009722515399641,1.2873771546299165e-07,9.882574152732163e-10,8.639992807669226e-10,-0.004731253139813058,-0.10043452217735722
4.3999999999997375,2200,1.0,-2.25,0.0,1.1275109794937743,-0.0024072686350323958,1.163567696954173e-07,3.995129124847415e-09,-9.190782499843485e-10,-0.004959586648735819,-0.10157687685682514
4.3999999999997375,2200,1.0,-2.125,0.0,1.1360635678484179,-0.0065304001009141525,1.1162848496416753e-07,-3.782378533851483e-09,3.3853626437611838e-09,-0.0039863177883386865,-0.10905693357397062
4.3999999999997375,2200,1.0,-2.0,0.0,1.150453979751689,-0.010814845924156654,1.546546507831635e-07,7.691033684058592e-08,-6.072105519235172e-09,-0.00018460231493263885,-0.12239188286496011
4.3999999999997375,2200,1.0,-1.875,0.0,1.1722664304020733,0.0014720949536926324,1.2870332887269027e-07,-3.379029186497774e-08,5.51754047804131e-09,-0.000971764286887432,-0.14604720313030903
4.3999999999997375,2200,1.0,-1.75,0.0,1.1848910766702427,0.003550972407540493,9.38062927767349e-08,-4.92751528278026e-08,1.1857598546899095e-08,-0.0006892347033008826,-0.15869946216517888
4.3999999999997375,2200,1.0,-1.625,0.0,1.223335530338882,-0.0011092452334618085,-8.192776839242659e-08,-7.883090805119788e-08,-2.1477170094750425e-09,0.0032545657512664024,-0.19890265908800853
4.3999999999997375,2200,1.0,-1.5,0.0,1.2384735716992368,0.00820218184889988,-3.010341804684021e-07,-5.982290228830595e-08,-3.3255752145553384e-08,0.0054474949681655605,-0.21684889487629536
4.3999999999997375,2200,1.0,-1.375,0.0,1.2398935332000987,0.008671133001657286,-6.215595772860412e-08,-4.874614498794745e-08,1.7301159965712605e-09,0.006332704914187801,-0.2184341176366757
4.3999999999997375,2200,1.0,-1.2500000000000002,0.0,1.2664227819412264,0.009276863022030261,-2.6585075100013366e-07,5.674181711171244e-08,-4.776974536248852e-08,0.018382057389122654,-0.2486762345032809
4.3999999999997375,2200,1.0,-1.125,0.0,1.2779641983139884,0.008263939039868369,-2.3076904242395226e-07,7.309939490595945e-08,-4.785258538483432e-08,0.045421294434666616,-0.26317664109031647
4.3999999999997375,2200,1.0,-1.0,0.0,1.3000198717264486,0.015322469365050653,-5.317319442841975e-07,-2.7636545356834953e-07,-9.732578489796102e-07,0.34432697106050403,-0.30796361265547034
4.3999999999997375,2200,1.0,-0.875,0.0,1.263580038226982,0.015486706737114176,-9.457975451567121e-07,-2.924691919325477e-06,-3.4920567399405626e-06,1.193328368924007,-0.34962751351423077
4.3999999999997375,2200,1.0,-0.75,0.0,1.0744130507096785,0.010975021355508398,-2.816493949971853e-06,-8.677430556428447e-06,-1.074190323913128e-05,2.4370364229310333,-0.39162207430625834
4.3999999999997375,2200,1.0,-0.625,0.0,0.7252223469375004,-0.012248802108321296,-3.5516610185170396e-06,-3.6144769159496235e-06,-1.4250733472461755e-05,3.0447857884224265,-0.41789660944525026
4.3999999999997375,2200,1.0,-0.5,0.0,0.3829838052011583,-0.05913668778926753,-6.339183271882057e-06,5.84526401515226e-06,-2.3398058903145923e-05,2.7683522623669163,-0.43213419920120266
4.3999999999997375,2200,1.0,-0.375,0.0,0.1545524875756377,-0.09326359659678818,-4.273794409508095e-06,1.1778957766723262e-05,-2.0948243078433518e-05,2.449951829062048,-0.43416570780488384
4.3999999999997375,2200,1.0,-0.25,0.0,-0.16390388304554943,-0.08027308733992401,-2.5833134327703916e-06,2.8200375119746186e-05,-3.636078024735788e-05,2.127036129657891,-0.4308106283422808
4.3999999999997375,2200,1.0,-0.125,0.0,-0.3639047042319122,-0.03635612209362787,7.07752018332843e-07,1.15639055379977e-05,-1.844898696054048e-05,1.2474231367857593,-0.4149265131707488
4.3999999999997375,2200,1.0,0.0,0.0,-0.43052006130834025,0.03330123838077825,1.991858367090192e-06,5.379140723864696e-06,-9.560734550354024e-06,0.04609018477852375,-0.40597640008477903
4.3999999999997375,2200,1.0,0.12499999999999956,0.0,-0.3747141649497711,0.09216634547035524,1.1555307048504302e-06,-7.623684716906866e-07,-2.333832319420493e-06,-0.8191675949865252,-0.4043562241627189
4.3999999999997375,2200,1.0,0.25,0.0,-0.13732176503957133,0.15053701369142483,8.537681462936896e-07,-5.988535929835156e-06,6.213300213646481e-06,-2.1151513044664254,-0.4325528331116984
4.3999999999997375,2200,1.0,0.375,0.0,0.18153921717366917,0.14663763983686698,-4.2869098835253505e-07,-6.338721744049742e-06,2.28579324767392e-06,-2.3710162723177506,-0.43320448618678875
4.3999999999997375,2200,1.0,0.49999999999999956,0.0,0.2920789438832726,0.1314630721131086,-3.663969106464801e-07,-5.996084268443969e-06,2.4294902918997504e-06,-2.435122558479863,-0.43057766588641616
4.3999999999997375,2200,1.0,0.625,0.0,0.7307660608860866,0.04191067512117915,-6.921897702289584e-07,-2.7866453596904155e-07,-3.3850656890248096e-07,-2.9867679865962593,-0.4175602601664961
4.3999999999997375,2200,1.0,0.75,0.0,1.0804355691574228,0.009070265544497828,-6.297449582437242e-07,1.0669875549993543e-06,-4.959502310316135e-07,-2.4767553913251725,-0.39367222689165804
4.3999999999997375,2200,1.0,0.8749999999999996,0.0,1.234102664489101,0.007988535046562223,-3.02082146666455e-07,8.253155246343745e-07,-3.6023373809343657e-07,-1.8228051553228897,-0.36867510842076934
4.3999999999997375,2200,1.0,1.0,0.0,1.314113818020215,2.0309417891413786e-05,-1.70402829715236e-07,-3.017117961892148e-08,-9.305510916147608e-08,-0.2559506970222489,-0.30063354974500467
4.3999999999997375,2200,1.0,1.125,0.0,1.2912910624987544,-0.0034158117798889992,-1.4182718541168692e-07,-4.7214497950818384e-08,-1.6690092434371875e-08,-0.049826422976885394,-0.2635966090490858
4.3999999999997375,2200,1.0,1.25,0.0,1.2788445046129955,-0.00569963760633649,-2.3989628062009353e-07,-3.323131088059382e-08,-2.0698565744513333e-08,-0.0216768219100203,-0.24879777538029735
4.3999999999997375,2200,1.0,1.375,0.0,1.250992482601733,-0.006965678718917019,-1.1338320011120745e-07,-1.7154758499546865e-08,-1.1204420826811307e-09,-0.009637894224202668,-0.21824067850291967
4.3999999999997375,2200,1.0,1.5,0.0,1.2494531066235357,-0.006570215035626891,-1.2266489319562096e-07,-1.5444885005969475e-08,-2.561195785184561e-09,-0.008906521678959656,-0.2166163931816271
4.3999999999997375,2200,1.0,1.625,0.0,1.1969192934133517,-0.006919225745886317,-6.681099158677434e-08,1.0584551273493834e-10,5.743818417069538e-09,-0.0007667588704622594,-0.16289938301222695
4.3999999999997375,2200,1.0,1.75,0.0,1.1925555894588282,-0.004458483032840551,-8.339754282691688e-08,-4.361965519948113e-09,2.244430277438394e-10,-0.0008486058274888224,-0.15837593930873306
4.3999999999997375,2200,1.0,1.875,0.0,1.179064735000394,-0.002435793746321888,-1.8417063857465624e-07,-5.88395908738825e-09,-4.776314649353182e-09,-0.0007399131454501572,-0.14566182139693984
4.3999999999997375,2200,1.0,2.0,0.0,1.152655238623354,-0.0163254587468885,-1.684504089485373e-08,-6.779585176331162e-08,-1.2896726445743778e-08,0.004693385702790154,-0.12465787817174111
4.3999999999997375,2200,1.0,2.125,0.0,1.1397609956929633,-0.0020461422592238532,-4.48056805905452e-08,5.0019348628806255e-08,-4.4161082623208124e-09,0.005293632395391347,-0.10904369248736734
4.3999999999997375,2200,1.0,2.25,0.0,1.1378796940902765,-0.0006041027970198004,-5.356929597569963e-08,3.411425285088789e-08,-1.3705405051317874e-09,0.0052628515997840755,-0.1069432208832045
4.3999999999997375,2200,1.0,2.375,0.0,1.1303825086886936,0.000911884602783289,-3.2512842293639897e-08,1.3120718311431294e-08,8.573250892437633e-09,0.004418593457352266,-0.09961285063000572
4.3999999999997375,2200,1.0,2.5,0.0,1.113899758421021,-0.007096298540328164,-1.863717318634238e-08,-1.2333827450253281e-08,8.922012131735657e-09,0.00022406998694025473,-0.08638643305030433
4.3999999999997375,2200,1.0,2.625,0.0,1.10561829117498,0.002033370959104498,2.5708353654091922e-08,-2.283898491097629e-09,-6.457413305066776e-09,0.0003105218281527132,-0.07605342864983122
4.3999999999997375,2200,1.0,2.75,0.0,1.100531608419592,0.0039003028856927713,-1.5356803628846587e-08,2.9756559676121943e-09,-3.998794845019975e-09,7.398121925243429e-05,-0.07064356608401917
4.3999999999997375,2200,1.0,2.875,0.0,1.0997088253462082,0.003483104221999022,3.8544991578953054e-10,2.472495649107514e-09,-3.826445671859281e-09,6.213616377425909e-06,-0.06993081993839649
4.3999999999997375,2200,1.0,3.0,0.0,1.0857986999611076,0.000870879256252411,2.7313199951115166e-08,1.9320280682759874e-08,8.855350285760039e-09,-0.0010604139545353887,-0.0563536038956107
4.599999999999715,2300,1.0,-3.0,0.0,1.0849548674356833,-0.002678758385308241,1.3220108697944093e-07,-1.7303584732747765e-08,4.891756863149457e-09,0.0010131451556793267,-0.05860592887948114
4.599999999999715,2300,1.0,-2.875,0.0,1.0984274153021434,-0.0053427994661381355,3.913041497142527e-08,-2.657000998697274e-08,6.1034361736349615e-09,0.00013743503835937472,-0.07251610602518058
4.599999999999715,2300,1.0,-2.75,0.0,1.0992227238753676,-0.0057597156316741855,5.393430225722346e-08,-2.3888939677083046e-08,6.062705486308408e-09,8.900436069852264e-05,-0.07325249162620821
4.599999999999715,2300,1.0,-2.625,0.0,1.104133516863389,-0.0039923823529809405,6.568041443735891e-09,-2.1806257609084084e-08,5.756512885038996e-09,-0.0004556365147997091,-0.07863916754523977
4.599999999999715,2300,1.0,-2.5,0.0,1.1185211339967622,0.004030482840218305,1.8842082429069145e-07,6.93182158753563e-08,-7.390726775919745e-09,-0.002798869867652219,-0.09475958410281682
4.599999999999715,2300,1.0,-2.375,0.0,1.1279698150676731,-0.002924288141265917,1.241079842971309e-07,3.841249762948368e-09,6.473891065929606e-09,-0.004599761119704081,-0.10219778420138832
4.599999999999715,2300,1.0,-2.25,0.0,1.1292460490579839,-0.0033525723750038277,1.1183381165315915e-07,6.82739343315951e-09,5.042842044100942e-09,-0.004815434234554718,-0.10333524006836693
4.599999999999715,2300,1.0,-2.125,0.0,1.1378199883157885,-0.007774772738535372,1.0776793157992046e-07,-7.816558221672587e-11,9.878223295910691e-09,-0.0034752707249810335,-0.11084217805180831
4.599999999999715,2300,1.0,-2.0,0.0,1.1522305842869265,-0.012569116473284746,1.4293388909133762e-07,7.479484346659182e-08,1.6670675159058595e-09,0.001049548460072552,-0.12434255776657555
4.599999999999715,2300,1.0,-1.875,0.0,1.1742893614567782,-0.0004488873469069071,1.1578033748949089e-07,-3.281334511097306e-08,1.3096882990254274e-08,0.0018311239825091385,-0.14828146580473897
4.599999999999715,2300,1.0,-1.75,0.0,1.1868969924939416,0.0011077690317414057,8.202782444576626e-08,-5.2311222734136415e-08,2.463011500099935e-08,0.002747605475302528,-0.16097496549616372
4.599999999999715,2300,1.0,-1.625,0.0,1.224831616997387,-0.005202718563784624,-9.932800596443222e-08,-6.251837566094595e-08,3.104633270654422e-08,0.005859389907845092,-0.20111933199538456
4.599999999999715,2300,1.0,-1.5,0.0,1.2399056812511875,0.0037545199518784814,-3.2843998447655534e-07,-3.635618496005986e-08,4.916886391988131e-09,0.008186811941843047,-0.219136719976334
4.599999999999715,2300,1.0,-1.375,0.0,1.2413213127126688,0.004195863141418183,-8.280260488982605e-08,-3.15860271899958e-08,3.895944468972547e-08,0.00914685962747946,-0.2207311923607929
4.599999999999715,2300,1.0,-1.2500000000000002,0.0,1.2676761248379016,0.004252970321567382,-2.976807083138886e-07,1.0027367277112208e-07,-2.991374427110017e-08,0.02242524906095783,-0.2509529102196682
4.599999999999715,2300,1.0,-1.125,0.0,1.278906363060388,0.0031055679085138107,-2.646924540783405e-07,1.1842030602302344e-07,-3.625891810757055e-08,0.05091022551849774,-0.2654328401341922
4.599999999999715,2300,1.0,-1.0,0.0,1.2991466077535092,0.009334250046515065,-5.724224723641201e-07,-2.67957914774546e-07,-1.0255653896691201e-06,0.36317807163822463,-0.3100005257424967
4.599999999999715,2300,1.0,-0.875,0.0,1.258868685129096,0.009085594658567066,-9.9891516341968e-07,-3.0217052317876532e-06,-3.6301848981848925e-06,1.2255309037651054,-0.3511005920153381
4.599999999999715,2300,1.0,-0.75,0.0,1.063504974263426,0.004854805223968567,-2.8901298905757277e-06,-8.784674655239372e-06,-1.0882921362555199e-05,2.4578298459744676,-0.3914913787699424
4.599999999999715,2300,1.0,-0.625,0.0,0.7120058352397097,-0.017283899840947425,-3.637946291804331e-06,-3.8088540980927567e-06,-1.4226584230458898e-05,3.0195653973818724,-0.41605013241110306
4.599999999999715,2300,1.0,-0.5,0.0,0.3744314783253665,-0.06272301688748552,-6.427407998058918e-06,5.327453305058754e-06,-2.3377227530182158e-05,2.706803440175148,-0.42944825386342583
4.599999999999715,2300,1.0,-0.375,0.0,0.15167564702438643,-0.09611409135867019,-4.3632487846781345e-06,1.1304280123787622e-05,-2.1285246919434305e-05,2.3817845112448275,-0.43085811396660234
4.599999999999715,2300,1.0,-0.25,0.0,-0.15879420840200756,-0.08349731886259806,-2.8910995625643307e-06,2.791298273847799e-05,-3.742964391234275e-05,2.0928640418986273,-0.4275813238629659
4.599999999999715,2300,1.0,-0.125,0.0,-0.3571835296121711,-0.03927235590909367,5.942678570977155e-07,1.2311458139398449e-05,-1.994905164838539e-05,1.2505682863556058,-0.4110622960726856
4.599999999999715,2300,1.0,0.0,0.0,-0.4244554960271891,0.031683189209452955,1.9650896889673204e-06,6.161261803959321e-06,-1.1033196329273727e-05,0.08106079720208169,-0.40046882020139035
4.599999999999715,2300,1.0,0.12499999999999956,0.0,-0.3707392213753839,0.09153519136574587,1.204802167052799e-06,-4.149869282394781e-07,-3.1888969563546612e-06,-0.7616499807605894,-0.3970508558285123
4.599999999999715,2300,1.0,0.25,0.0,-0.14195005766251176,0.15366420115700308,9.834973718410676e-07,-5.9749644476895795e-06,6.520053157126479e-06,-2.025923928956106,-0.4219247368368867
4.599999999999715,2300,1.0,0.375,0.0,0.16870471349522276,0.15062951671485714,-3.356302177562026e-07,-6.939822886549855e-06,2.267797180547306e-06,-2.2760809735419554,-0.42186843039488253
4.599999999999715,2300,1.0,0.49999999999999956,0.0,0.27636006990824163,0.13593165235655594,-2.751213095357548e-07,-6.6068897705442815e-06,2.3753310588457126e-06,-2.3410524663547196,-0.4194217472496899
4.599999999999715,2300,1.0,0.625,0.0,0.7067165752155238,0.05076705382572202,-6.849207691841612e-07,-4.813060630087017e-07,-3.538157418090682e-07,-2.9450053173431936,-0.4081340467952356
4.599999999999715,2300,1.0,0.75,0.0,1.0602655273820263,0.01993308372078656,-6.366409648902144e-07,1.0467174877235153e-06,-5.864859616434692e-07,-2.501588490923859,-0.3872933125784275
4.599999999999715,2300,1.0,0.8749999999999996,0.0,1.2199688997490656,0.018559635290715873,-2.9721758785709e-07,8.486869012547094e-07,-4.336967424790343e-07,-1.8762452963328202,-0.36453385950678274
4.599999999999715,2300,1.0,1.0,0.0,1.3115965824720663,0.010237419401184562,-1.5982742143460203e-07,-3.384564660883902e-08,-1.0010955615847745e-07,-0.28071274721541717,-0.30000653631590557
4.599999999999715,2300,1.0,1.125,0.0,1.291549861624409,0.005586758655342403,-1.2906106717637187e-07,-5.18541991285224e-08,-6.4971813377463475e-09,-0.05958443768639237,-0.26373514988370916
4.599999999999715,2300,1.0,1.25,0.0,1.2796930170924183,0.0030712167374586795,-2.331715396819579e-07,-3.2469581328781815e-08,-1.1931501012659394e-08,-0.029098045279792376,-0.24913201756159456
4.599999999999715,2300,1.0,1.375,0.0,1.2527450004618443,0.0010497270961569009,-1.0065401806742808e-07,-3.526290099185563e-08,-1.1244074053848712e-09,-0.013537593476520254,-0.2190869136134912
4.599999999999715,2300,1.0,1.5,0.0,1.2512244545721827,0.0014154210908845204,-1.1060274301752025e-07,-3.3154573038998265e-08,-2.5595666287002285e-09,-0.012749528689073291,-0.21747380717833642
4.599999999999715,2300,1.0,1.625,0.0,1.1995274882959637,-0.002001808339702647,-5.8125157428743725e-08,-1.1954703274181688e-08,9.076657162872049e-09,-0.005284428254887836,-0.16373126872439017
4.599999999999715,2300,1.0,1.75,0.0,1.1951505154129987,8.245265698051925e-05,-7.586282851755654e-08,-1.2492723280192623e-08,1.955710391404478e-09,-0.004973385664594437,-0.15917253560254396
4.599999999999715,2300,1.0,1.875,0.0,1.1816381490114451,0.0012491464558787278,-1.772137743431987e-07,-3.883003310682472e-09,-5.93913405076922e-09,-0.0037227492214808155,-0.1464743690830498
4.599999999999715,2300,1.0,2.0,0.0,1.1553362998692724,-0.013738187104430134,-1.4314036589150937e-08,-6.881459254205318e-08,-1.1598181107287707e-08,0.0033339794304370444,-0.12561633965546665
4.599999999999715,2300,1.0,2.125,0.0,1.1420638197838227,0.00018121007990955576,-3.469650769302596e-08,4.797176900473083e-08,-3.0162892778667635e-09,0.005099188264763012,-0.10996924980319596
4.599999999999715,2300,1.0,2.25,0.0,1.140140379155266,0.001569309448391015,-4.484647070999358e-08,3.2941734347712775e-08,-6.629079960978354e-10,0.005243554537468439,-0.10787627106091212
4.599999999999715,2300,1.0,2.375,0.0,1.1325174403461558,0.002859451780257847,-2.9041306682973713e-08,1.4224860428598316e-08,7.1360934530997446e-09,0.004745454701173116,-0.10059940158335838
4.599999999999715,2300,1.0,2.5,0.0,1.1159503788056149,-0.005573560419642416,-1.5767083555069592e-08,-1.1424521621580518e-08,5.866398906130414e-09,0.0005712896719147834,-0.08761939984114006
4.599999999999715,2300,1.0,2.625,0.0,1.1073765263769495,0.0034418486810009847,2.7628763950317414e-08,-4.7246865598244815e-09,-7.751254888176626e-09,0.00036816810036997924,-0.07715411954186144
4.599999999999715,2300,1.0,2.75,0.0,1.1021590814548168,0.005195859811529797,-1.3304518163211183e-08,5.399149488106346e-10,-6.636044662752685e-09,2.5410801581676133e-05,-0.07170606079457026
4.599999999999715,2300,1.0,2.875,0.0,1.101324730190031,0.004757800334954983,1.8455607390062835e-09,-1.4931563847397683e-09,-6.846372221158306e-09,-5.352853134460073e-05,-0.07099250186505138
4.599999999999715,2300,1.0,3.0,0.0,1.087181236569979,0.0019035304019556277,2.6013173278772785e-08,2.189009754151747e-08,7.291903149585338e-09,-0.001203230856156254,-0.05729761694014862
4.799999999999693,2400,1.0,-3.0,0.0,1.0860919376511535,-0.0033316627807307058,1.2984529610391307e-07,-1.4157089598128313e-08,4.820817352890423e-09,0.0013944147946006,-0.05998225321335461
4.799999999999693,2400,1.0,-2.875,0.0,1.0997617741317685,-0.006180592528568495,3.676579660437258e-08,-2.4744989880038126e-08,9.21931636655351e-09,0.0006789711905029744,-0.07407205188628353
4.799999999999693,2400,1.0,-2.75,0.0,1.1005672662601584,-0.006616108083864115,5.118121102314266e-08,-2.0722883465264993e-08,8.814250189272974e-09,0.0006310118178978054,-0.07481434531244657
4.799999999999693,2400,1.0,-2.625,0.0,1.1055705047393927,-0.0048704261760869165,3.994908857650916e-09,-1.925423701243958e-08,8.382807570106172e-09,4.4660930747632526e-05,-0.08026358487174629
4.799999999999693,2400,1.0,-2.5,0.0,1.1201919801140636,0.0032602429700336385,1.8334655755879215e-07,6.25601630077803e-08,-3.8530608442298447e-11,-0.0023619655204455327,-0.09653016083792769
4.799999999999693,2400,1.0,-2.375,0.0,1.1296880158908567,-0.003993745639749085,1.1802122875585988e-07,1.3604822439779653e-08,1.2089101922054937e-08,-0.004120185813109642,-0.10387565036666593
4.799999999999693,2400,1.0,-2.25,0.0,1.1309774420914271,-0.004453261060082539,1.0561177333923935e-07,1.6681046883403404e-08,1.1193119721562878e-08,-0.0043381514757428845,-0.10500971031307782
4.799999999999693,2400,1.0,-2.125,0.0,1.139549212628762,-0.009184729957535989,1.0193578867894494e-07,8.055505963185605e-09,1.6504150853305936e-08,-0.002766485141077504,-0.11252022717493093
4.799999999999693,2400,1.0,-2.0,0.0,1.1539391512796735,-0.014504621701979001,1.3147115852166834e-07,7.081645266818e-08,1.0074643090944314e-08,0.0022708236478737095,-0.12611376751721734
4.799999999999693,2400,1.0,-1.875,0.0,1.176207355666037,-0.0026900520310764323,9.936394894260751e-08,-2.1978580664696522e-08,2.260451973303385e-08,0.004539863009056807,-0.1502274030817581
4.799999999999693,2400,1.0,-1.75,0.0,1.1888068142656587,-0.0016313293183663983,6.818641896876306e-08,-4.543861320414497e-08,3.734880733802293e-08,0.005712832292172348,-0.16297116564456468
4.799999999999693,2400,1.0,-1.625,0.0,1.2262956057476997,-0.009151589433950218,-1.1722971455704888e-07,-2.7840238264907003e-09,5.1790467208358646e-08,0.007707019275541611,-0.20320776032144636
4.799999999999693,2400,1.0,-1.5,0.0,1.2413395816198576,-0.00046455275717138854,-3.553607590031889e-07,3.2182169331517956e-08,2.8347448763855913e-08,0.010115692964406241,-0.2213460493757479
4.799999999999693,2400,1.0,-1.375,0.0,1.2427506178722951,-5.4019205276339965e-05,-1.0340866146521135e-07,3.367823362055533e-08,6.11808619755938e-08,0.011146077320253966,-0.22295138844971252
4.799999999999693,2400,1.0,-1.2500000000000002,0.0,1.2688659902659754,-0.0006137948947100963,-3.293346610552582e-07,1.2342917719637315e-07,-6.32613295156613e-08,0.025735818643861194,-0.25315005228494364
4.799999999999693,2400,1.0,-1.125,0.0,1.2797921803379184,-0.0018980667756674247,-2.9857937918027925e-07,1.4463156325828898e-07,-6.991523147965463e-08,0.055912079910508485,-0.2676070561702068
4.799999999999693,2400,1.0,-1.0,0.0,1.2983917561489744,0.0035166971576850313,-6.217864402032261e-07,-2.62845393745038e-07,-1.029974659238751e-06,0.3815842070195581,-0.311978479939535
4.799999999999693,2400,1.0,-0.875,0.0,1.254411431502415,0.002949462227290471,-1.0651376821462105e-06,-3.055161060170714e-06,-3.794290815131615e-06,1.2584711100545078,-0.3526044913521553
4.799999999999693,2400,1.0,-0.75,0.0,1.0531750899037389,-0.000875818495857569,-2.9897125068207493e-06,-8.787058142864058e-06,-1.1138866310526197e-05,2.479054083220029,-0.3915687876301318
4.799999999999693,2400,1.0,-0.625,0.0,0.6998804749121788,-0.022088004537091623,-3.7427501096883114e-06,-3.837653998404034e-06,-1.437357276388855e-05,2.9959272603635556,-0.4145413743359012
4.799999999999693,2400,1.0,-0.5,0.0,0.36703821825951277,-0.06642034524045282,-6.537185841815915e-06,5.03532983991748e-06,-2.3503789179803018e-05,2.6496618191610204,-0.4271435476722497
4.799999999999693,2400,1.0,-0.375,0.0,0.14967471235574487,-0.09931152944851665,-4.468326572425324e-06,1.0998146487141878e-05,-2.1718910077596045e-05,2.319715777630471,-0.42793444033203204
4.799999999999693,2400,1.0,-0.25,0.0,-0.15336628777529754,-0.0873074569692496,-3.160813665700808e-06,2.7674847456692494e-05,-3.861507248218717e-05,2.0620261383893452,-0.42464431598334657
4.799999999999693,2400,1.0,-0.125,0.0,-0.3501685819136672,-0.043216270836171466,5.145331106892389e-07,1.2956328899938135e-05,-2.1429652776857095e-05,1.2543370862193461,-0.40749650427130335
4.799999999999693,2400,1.0,0.0,0.0,-0.4182971991902937,0.028365255305718488,1.955860826295995e-06,6.978371807247697e-06,-1.2571241607409239e-05,0.11515743812667419,-0.3953039961222388
4.799999999999693,2400,1.0,0.12499999999999956,0.0,-0.36692798406230887,0.08900860969152624,1.2647935909512313e-06,-9.30309889219889e-08,-4.110827911509626e-06,-0.7065545762688658,-0.39014952829226135
4.799999999999693,2400,1.0,0.25,0.0,-0.14693047748066373,0.15477958816992907,1.1553393246423996e-06,-5.832000615538999e-06,6.925432673525728e-06,-1.940621979418152,-0.41177101562323626
4.799999999999693,2400,1.0,0.375,0.0,0.15612844367332102,0.1529117764237503,-2.0589630277470808e-07,-7.475193740554107e-06,2.393942547282363e-06,-2.1908541205919323,-0.41116474093207195
4.799999999999693,2400,1.0,0.49999999999999956,0.0,0.2612377272873765,0.13880288942791513,-1.4646001895187288e-07,-7.155988238001228e-06,2.4527478721683557e-06,-2.2573628788823843,-0.40887636892307144
4.799999999999693,2400,1.0,0.625,0.0,0.6837103346351237,0.057875696319494255,-6.538911482039643e-07,-7.834671325887119e-07,-4.5903751877766297e-07,-2.9065238911034,-0.3991264618056505
4.799999999999693,2400,1.0,0.75,0.0,1.0403575548094206,0.02893504641825072,-6.321348080237381e-07,9.592068036465568e-07,-7.420973679141218e-07,-2.524941374440936,-0.3810110496864382
4.799999999999693,2400,1.0,0.8749999999999996,0.0,1.2053769055201013,0.027945986915698544,-2.828097846374203e-07,8.571576038873373e-07,-5.108523479418158e-07,-1.9266447684654575,-0.36021537960256456
4.799999999999693,2400,1.0,1.0,0.0,1.3082324906069531,0.02001498245890057,-1.4432832808472547e-07,-1.7858239111291666e-08,-8.704062399373686e-08,-0.3041644163252817,-0.2988825240846409
4.799999999999693,2400,1.0,1.125,0.0,1.291261449561278,0.014407674949371403,-1.0888558965214785e-07,-4.278988517717419e-08,5.004574988715413e-09,-0.07027340108425348,-0.26365114305420706
4.799999999999693,2400,1.0,1.25,0.0,1.280222814601174,0.011833087687141617,-2.201442511128968e-07,-2.3224772311814342e-08,-3.61293730175758e-09,-0.03561862737240397,-0.24940969726334883
4.799999999999693,2400,1.0,1.375,0.0,1.2540236075499105,0.008895648320182022,-8.297786844149086e-08,-4.188832625459002e-08,-2.245648623013133e-09,-0.015677892238178937,-0.22003547281272542
4.799999999999693,2400,1.0,1.5,0.0,1.2525176628529842,0.009219539642199365,-9.367255726479674e-08,-3.9481755258277366e-08,-3.958733250184206e-09,-0.014572883788141077,-0.21843785189866943
4.799999999999693,2400,1.0,1.625,0.0,1.201733519670848,0.0032739270513082817,-4.490010049507948e-08,-1.1462800442949458e-08,1.0261661579206302e-08,-0.008725671331323402,-0.1644305523317375
4.799999999999693,2400,1.0,1.75,0.0,1.1973302560625854,0.004960172713372019,-6.410498124667126e-08,-1.239841991558527e-08,2.396481600964319e-09,-0.008312923540018724,-0.1597938669550685
4.799999999999693,2400,1.0,1.875,0.0,1.1838148331897649,0.005238858305991318,-1.6426097596153635e-07,-2.7530715497191577e-09,-7.427896406664822e-09,-0.006490307447212079,-0.14708354929599698
4.799999999999693,2400,1.0,2.0,0.0,1.1578065488266076,-0.010797952562383258,-9.25583866327514e-09,-6.670399000661382e-08,-9.970981173888738e-09,0.0018855876821935369,-0.12652519859631323
4.799999999999693,2400,1.0,2.125,0.0,1.1442278439929998,0.0026880387114650082,-2.501919322240485e-08,4.51439204038171e-08,-1.5827748173639366e-09,0.004659295171195088,-0.11098371688732309
4.799999999999693,2400,1.0,2.25,0.0,1.1422728391874588,0.004014040428965313,-3.594726093278503e-08,3.113457633882919e-08,-3.3816493504954167e-11,0.00495374447403377,-0.10891714107610395
4.799999999999693,2400,1.0,2.375,0.0,1.1345567858887322,0.005053647055550938,-2.394245228379483e-08,1.4142707039187311e-08,4.905420192620928e-09,0.004717251036933069,-0.10169664202987998
4.799999999999693,2400,1.0,2.5,0.0,1.117957755928672,-0.0037976279340952877,-1.1165675012164473e-08,-1.1149858055342054e-08,2.2604365008791816e-09,0.0005157105543956527,-0.08883512026979336
4.799999999999693,2400,1.0,2.625,0.0,1.1091120165262953,0.005074440875371647,2.8081499217813466e-08,-5.538237873607012e-09,-8.098061887087733e-09,0.00013957217215724492,-0.0781866001742331
4.799999999999693,2400,1.0,2.75,0.0,1.103776995934192,0.006697063688090779,-1.0878517680119201e-08,-1.711519433230357e-09,-8.208428100950348e-09,-0.00027787763127602597,-0.07268169914308042
4.799999999999693,2400,1.0,2.875,0.0,1.1029330751240771,0.006236109064947185,3.396345502357877e-09,-5.251744079546395e-09,-8.663204319565823e-09,-0.0003611088852940188,-0.07197068766545509
4.799999999999693,2400,1.0,3.0,0.0,1.0885785931709466,0.003082433115825966,2.604439771598516e-08,2.3066994427801112e-08,4.779722056717276e-09,-0.0014275124586276419,-0.05821502057354289
4.999999999999671,2500,1.0,-3.0,0.0,1.0872556080832074,-0.004113680010033192,1.2695923292252787e-07,-8.488899336665347e-09,4.442347200251778e-09,0.0017943278161360614,-0.061318484947245344
4.999999999999671,2500,1.0,-2.875,0.0,1.1011253818805438,-0.007219097517084876,3.343413304012545e-08,-1.812119074834968e-08,1.1467138868532882e-08,0.0012903873218931558,-0.0755681971422218
4.999999999999671,2500,1.0,-2.75,0.0,1.1019406465389416,-0.007676069503504823,4.736537921697872e-08,-1.3289130250006172e-08,1.0769787947555078e-08,0.0012439213244632005,-0.07631598507906472
4.999999999999671,2500,1.0,-2.625,0.0,1.1070286477258435,-0.005959393801085143,4.087316928292534e-10,-1.0300117693734303e-08,1.035623620918343e-08,0.0006657951150716932,-0.08183089281303511
4.999999999999671,2500,1.0,-2.5,0.0,1.1218599742057958,0.00225949227396867,1.7790916604359856e-07,6.267730174933601e-08,5.700740396696803e-09,-0.0015718226202113214,-0.09827690831181282
4.999999999999671,2500,1.0,-2.375,0.0,1.1313798654366443,-0.005275411211948975,1.1128960757439809e-07,2.8577901978517515e-08,1.573374657989713e-08,-0.0034390832301675186,-0.10556074674970714
4.999999999999671,2500,1.0,-2.25,0.0,1.1326793010745386,-0.005764103763935005,9.867624457250739e-08,3.16828902468999e-08,1.5373255855361405e-08,-0.003671774689349137,-0.10669455066285063
4.999999999999671,2500,1.0,-2.125,0.0,1.1412335522863402,-0.010780104523626162,9.447495710666316e-08,1.9558623340256188e-08,2.0829429314309543e-08,-0.0019981873896353164,-0.11418103040155157
4.999999999999671,2500,1.0,-2.0,0.0,1.1555814427601758,-0.016578950121157506,1.2149990138525362e-07,6.679349153113576e-08,1.6255145030728647e-08,0.003359320524160666,-0.1277773918959652
4.999999999999671,2500,1.0,-1.875,0.0,1.1780489767244655,-0.0051817923572215,8.121490294676863e-08,-9.943642344915665e-09,2.7167291332445008e-08,0.006693699960769526,-0.15209321726717107
4.999999999999671,2500,1.0,-1.75,0.0,1.1906508204146045,-0.004519515795090117,5.240482666897461e-08,-3.651923779706616e-08,4.269493990266447e-08,0.007723030031574096,-0.1649055099885446
4.999999999999671,2500,1.0,-1.625,0.0,1.2277670767773272,-0.012834402878094646,-1.3700628936507397e-07,5.008288511609963e-08,5.812794625653082e-08,0.009023758844357419,-0.20528104581217255
4.999999999999671,2500,1.0,-1.5,0.0,1.242826460809441,-0.004355582966952929,-3.837173378852007e-07,8.800831546735715e-08,4.8149730442144625e-08,0.011550432244202373,-0.2235762670684621
4.999999999999671,2500,1.0,-1.375,0.0,1.244237237590814,-0.003979235650901572,-1.2502198804714713e-07,9.274888757521316e-08,7.018577716202777e-08,0.012646738189617358,-0.2251843060079661
4.999999999999671,2500,1.0,-1.2500000000000002,0.0,1.2700126974354309,-0.00527763157331502,-3.661161736312654e-07,1.158763480569701e-07,-6.638980955369794e-08,0.02901613045203418,-0.2552785678648858
4.999999999999671,2500,1.0,-1.125,0.0,1.2806913116008274,-0.006777418375906285,-3.376239279704002e-07,1.4291506153828053e-07,-8.201867222248064e-08,0.06134093096276486,-0.2697188526925847
4.999999999999671,2500,1.0,-1.0,0.0,1.297806417125647,-0.0022134595578932777,-6.781944674759507e-07,-2.1883125780034758e-07,-1.0790825732826184e-06,0.40024241976771124,-0.31395442916465244
4.999999999999671,2500,1.0,-0.875,0.0,1.2501655998002046,-0.003182744453938227,-1.1529646993980159e-06,-3.0395507393859593e-06,-3.974591877432767e-06,1.2917457991373815,-0.3541173178786418
4.999999999999671,2500,1.0,-0.75,0.0,1.0432482503353528,-0.006643253826940869,-3.1060916154014576e-06,-8.773862339832297e-06,-1.1444603251214462e-05,2.500648234210827,-0.39183745014421756
4.999999999999671,2500,1.0,-0.625,0.0,0.6884818767713411,-0.02706465169411146,-3.831862103499439e-06,-3.7669541654710157e-06,-1.4644243313252454e-05,2.972920596149265,-0.4133012524358824
4.999999999999671,2500,1.0,-0.5,0.0,0.3604947977916303,-0.07045790938925482,-6.639919087713336e-06,4.981289844183736e-06,-2.387959215827682e-05,2.595277694139549,-0.42518298309305763
4.999999999999671,2500,1.0,-0.375,0.0,0.14831822250698898,-0.10299015218756224,-4.567867048005685e-06,1.0887445667115358e-05,-2.23443735392756e-05,2.2624446135981797,-0.42537172321986605
4.999999999999671,2500,1.0,-0.25,0.0,-0.14792004012984034,-0.09173916284458972,-3.3990003536400442e-06,2.7480053070110583e-05,-3.993218480037418e-05,2.032287392099628,-0.4220368451783263
4.999999999999671,2500,1.0,-0.125,0.0,-0.3430115192449515,-0.048114483386895585,4.0148371374449293e-07,1.3485144349535757e-05,-2.2905664824222595e-05,1.2554875003057513,-0.40432817485499184
4.999999999999671,2500,1.0,0.0,0.0,-0.412009326943362,0.02379291633969749,1.9096306940911023e-06,8.455258132869026e-06,-1.4089986950012766e-05,0.14738221328590895,-0.3906606692062102
4.999999999999671,2500,1.0,0.12499999999999956,0.0,-0.3631920246565532,0.08476509853521076,1.3127731315102639e-06,6.400717351538396e-07,-5.050394335221195e-06,-0.6530141749421057,-0.38376219638057835
4.999999999999671,2500,1.0,0.25,0.0,-0.15214816825769992,0.15394207339231258,1.3317224725201838e-06,-5.510011455705867e-06,7.275842954704671e-06,-1.8592380011321088,-0.40201426549924074
4.999999999999671,2500,1.0,0.375,0.0,0.14376277054083897,0.15358537371193248,-3.7430263580014055e-08,-7.989964256955025e-06,2.515716831891111e-06,-2.1132566197002522,-0.4009858248282351
4.999999999999671,2500,1.0,0.49999999999999956,0.0,0.24652937689055004,0.1401257340938936,1.9792236787631114e-08,-7.689987839795038e-06,2.5149451972479534e-06,-2.181621015063394,-0.39886498298031364
4.999999999999671,2500,1.0,0.625,0.0,0.6614113537356092,0.06364922416764962,-6.081454150810598e-07,-1.162699570711389e-06,-5.881781816412291e-07,-2.871326814637007,-0.39046439977499536
4.999999999999671,2500,1.0,0.75,0.0,1.0206891058076977,0.03688039960298031,-6.248516249024262e-07,8.300629253070221e-07,-9.323544744250161e-07,-2.551724258704063,-0.3746846446152294
4.999999999999671,2500,1.0,0.8749999999999996,0.0,1.1909440998132754,0.03644851423772867,-2.6535896818114684e-07,8.625025666345198e-07,-5.992858178478324e-07,-1.9766663824105577,-0.3556339147505442
4.999999999999671,2500,1.0,1.0,0.0,1.3046186295199063,0.02926257519079109,-1.2057281031675663e-07,8.222564312480331e-09,-6.371023451599496e-08,-0.32340748980505596,-0.2974636383917044
4.999999999999671,2500,1.0,1.125,0.0,1.290450824044983,0.022919949065003026,-8.343911470498432e-08,-2.828429780375997e-08,1.0811187354089428e-08,-0.07809336322149982,-0.26357534555186846
4.999999999999671,2500,1.0,1.25,0.0,1.280331770962626,0.020083052743900598,-2.0214457800797298e-07,-1.4075212894523772e-08,-1.935153818889363e-09,-0.03953375506618689,-0.24957009772188743
4.999999999999671,2500,1.0,1.375,0.0,1.2546602367533939,0.01592072010222834,-6.389786714313347e-08,-3.427983706266333e-08,-2.587340753575745e-09,-0.01622207251702138,-0.22023925507516973
4.999999999999671,2500,1.0,1.5,0.0,1.2531742513867867,0.016170974068633232,-7.532484785890048e-08,-3.167689456166046e-08,-4.45783121418293e-09,-0.014701480864610518,-0.21861551709342636
4.999999999999671,2500,1.0,1.625,0.0,1.2035814045335926,0.008595353379797289,-2.8617539410139005e-08,-2.026870489342723e-09,9.945758394367811e-09,-0.010403940222754659,-0.16528018419246582
4.999999999999671,2500,1.0,1.75,0.0,1.199153051504161,0.009985230790928229,-4.8821651129781174e-08,-6.59241625683163e-09,2.1696875695757547e-09,-0.010237292541268152,-0.16069014858451466
4.999999999999671,2500,1.0,1.875,0.0,1.1856583048469271,0.009539674355449166,-1.4672510091507932e-07,-1.1119001310462224e-09,-8.442568373195275e-09,-0.00855965889242773,-0.14808603042396948
4.999999999999671,2500,1.0,2.0,0.0,1.1600420089805472,-0.007486180551094052,-1.5540360337093968e-09,-6.111646410561244e-08,-7.599033555333397e-09,0.0008934255972419388,-0.12768051303772496
4.999999999999671,2500,1.0,2.125,0.0,1.146215532213324,0.005437164646172948,-1.795074098921246e-08,4.5918579937061145e-08,-3.355554078434645e-10,0.004230127236355033,-0.11197141527630206
4.999999999999671,2500,1.0,2.25,0.0,1.1442367747557862,0.006684900959317972,-2.8452403591249708e-08,3.195946335034977e-08,5.665629234821815e-10,0.004607455404334792,-0.10988897682620051
4.999999999999671,2500,1.0,2.375,0.0,1.1364567547671478,0.007450715602537047,-1.8169297382335986e-08,1.3495176950840259e-08,2.606341353719744e-09,0.00447561822251026,-0.10265027009371541
4.999999999999671,2500,1.0,2.5,0.0,1.1198725423595457,-0.0017776241844445605,-4.9931740642610145e-09,-9.132998227897565e-09,4.929107919893575e-11,0.00020536833024764603,-0.08989098519220784
4.999999999999671,2500,1.0,2.625,0.0,1.1107870657037586,0.006924370441081297,2.9513574644822597e-08,-5.6622680376092976e-09,-6.890500409639345e-09,-0.00020541694253540632,-0.07912267338825169
4.999999999999671,2500,1.0,2.75,0.0,1.1053530769028883,0.008406779735128869,-7.363754867836454e-09,-2.82601472865347e-09,-8.238720855803247e-09,-0.0006613256641083058,-0.0735864347526776
4.999999999999671,2500,1.0,2.875,0.0,1.1045017871709644,0.007921859847019866,5.688314928683633e-09,-7.671867362497836e-09,-8.962757873016657e-09,-0.0007453371205798627,-0.07287849014619409
4.999999999999671,2500,1.0,3.0,0.0,1.0899649041558612,0.004417747424800828,2.6739224912196314e-08,2.167697246112674e-08,2.1968363704156775e-09,-0.0016510718104888094,-0.059091234095808645
5.199999999999649,2600,1.0,-3.0,0.0,1.0884303410200546,-0.005025503437387193,1.2354235636733887e-07,-1.4469509311154494e-09,3.80284684024096e-09,0.0021299783569678253,-0.06252166819546946
5.199999999999649,2600,1.0,-2.875,0.0,1.1025022373666156,-0.008434593163227666,2.9402560312929322e-08,-8.277600912709392e-09,1.2646915711841377e-08,0.001808626805105877,-0.0769189809685702
5.199999999999649,2600,1.0,-2.75,0.0,1.1033270070797712,-0.008914039434178914,4.278293869875853e-08,-3.2735341437057127e-09,1.1735019511022347e-08,0.0017615157819896316,-0.07767276551681086
5.199999999999649,2600,1.0,-2.625,0.0,1.1084907688599592,-0.00723649711108578,-4.159248197802791e-09,2.13237493237038e-09,1.1504078694603722e-08,0.0012346555278890258,-0.08325683795855811
5.199999999999649,2600,1.0,-2.5,0.0,1.1235082469664006,0.001005575045002747,1.7273914667113258e-07,6.844035030440265e-08,8.917520552133124e-09,-0.0006408440970433827,-0.09991194152883343
5.199999999999649,2600,1.0,-2.375,0.0,1.1330328226815882,-0.006771600513077763,1.0493535599660186e-07,4.4737502502549406e-08,1.6799950957281103e-08,-0.0027379114847199664,-0.10715845005358941
5.199999999999649,2600,1.0,-2.25,0.0,1.1343392140269666,-0.0072853533270176496,9.223597802165558e-08,4.7748910827840455e-08,1.687815755026766e-08,-0.0029936692269632395,-0.10829426101515571
5.199999999999649,2600,1.0,-2.125,0.0,1.1428732791549983,-0.012535252918029365,8.693543023976861e-08,3.154684701106704e-08,2.230518575881097e-08,-0.0013318632277262658,-0.1157303451161722
5.199999999999649,2600,1.0,-2.0,0.0,1.157184438785194,-0.018719074716646456,1.1175820732173756e-07,6.302406710268186e-08,2.0089192542511365e-08,0.004171011233991206,-0.1292467994302031
5.199999999999649,2600,1.0,-1.875,0.0,1.1798534496857487,-0.007816846521816804,6.091151884477428e-08,-2.1493761583117307e-09,2.87190047489949e-08,0.00809485573473113,-0.15381205290719896
5.199999999999649,2600,1.0,-1.75,0.0,1.1924762038597185,-0.007449557450860849,3.263899478229819e-08,-3.0512758201339836e-08,4.76741948844369e-08,0.008849453688217792,-0.1667002281483741
5.199999999999649,2600,1.0,-1.625,0.0,1.2292988721374885,-0.01641177475584043,-1.5595862678971528e-07,6.66822935088347e-08,6.407560887528998e-08,0.010172648110067413,-0.20723511950033546
5.199999999999649,2600,1.0,-1.5,0.0,1.244387977831689,-0.00815082909342403,-4.0600470987709816e-07,1.0167448642579512e-07,6.088354305483885e-08,0.013091189323606678,-0.2257072647196534
5.199999999999649,2600,1.0,-1.375,0.0,1.2457968035040665,-0.007807278108627945,-1.4574472557704818e-07,1.1240145568042687e-07,7.829822803755155e-08,0.014284144457186846,-0.22730783260844567
5.199999999999649,2600,1.0,-1.2500000000000002,0.0,1.2710700224376215,-0.0098557557012744,-4.003658562650951e-07,7.604773193477115e-08,-5.6080279485811534e-08,0.032395749984044125,-0.2571100559753361
5.199999999999649,2600,1.0,-1.125,0.0,1.2815148610686198,-0.011643765932906409,-3.767916468016656e-07,1.1005964337257662e-07,-8.199341706195939e-08,0.06698460581953175,-0.2714622761230711
5.199999999999649,2600,1.0,-1.0,0.0,1.297322125887657,-0.007931518718137506,-7.415662381815814e-07,-2.8940701775325764e-07,-1.1130977403058336e-06,0.41831994087122903,-0.3156352391975611
5.199999999999649,2600,1.0,-0.875,0.0,1.2460319230479915,-0.009358556969196975,-1.2403188917691602e-06,-3.1234348233513766e-06,-4.1393226614477495e-06,1.3235478703203873,-0.35515711499474306
5.199999999999649,2600,1.0,-0.75,0.0,1.0336983270153581,-0.012508516175399977,-3.271310157804221e-06,-8.811210628495906e-06,-1.1589283766141842e-05,2.5204216036663682,-0.3915399159648816
5.199999999999649,2600,1.0,-0.625,0.0,0.6777327405904017,-0.03229375475374947,-3.971549158723144e-06,-3.6498400791807564e-06,-1.4852398385905573e-05,2.9493044337920264,-0.4119531301560038
5.199999999999649,2600,1.0,-0.5,0.0,0.354611026865725,-0.07491103478267407,-6.7545902328384566e-06,5.1380039023812704e-06,-2.4381639681433534e-05,2.5427082544934216,-0.4232700880591522
5.199999999999649,2600,1.0,-0.375,0.0,0.1474211314281758,-0.10718573614172314,-4.6680277440116805e-06,1.0971386012538488e-05,-2.299233144014482e-05,2.208756920675015,-0.42289113278496954
5.199999999999649,2600,1.0,-0.25,0.0,-0.1426049934457624,-0.09689173200161802,-3.5911224887991862e-06,2.735061513587176e-05,-4.132498502000039e-05,2.0016588135743727,-0.419484400818503
5.199999999999649,2600,1.0,-0.125,0.0,-0.33571610385374834,-0.05405619709125982,3.0802820571233754e-07,1.3893056153837338e-05,-2.4406810953185538e-05,1.251458276432572,-0.40117550594417445
5.199999999999649,2600,1.0,0.0,0.0,-0.40537120028803064,0.01817795473391822,1.8522650487147e-06,9.3125981645272e-06,-1.5675095244278764e-05,0.17570992415877584,-0.38615032379630787
5.199999999999649,2600,1.0,0.12499999999999956,0.0,-0.3593499838730377,0.07925547297495965,1.3505478071370138e-06,1.269726460660666e-06,-6.010111161445487e-06,-0.6009608951760466,-0.3777367699376112
5.199999999999649,2600,1.0,0.25,0.0,-0.15744809874578566,0.15143514604518843,1.5059290322971226e-06,-5.075625618340603e-06,7.3493485591476105e-06,-1.782176066091833,-0.39291169826766514
5.199999999999649,2600,1.0,0.375,0.0,0.13174608023955042,0.1528189258611399,1.7042917205419217e-07,-8.386731677743696e-06,2.63544504243061e-06,-2.0433084676012943,-0.39148753215916904
5.199999999999649,2600,1.0,0.49999999999999956,0.0,0.23235994392481266,0.14005156708567168,2.247097938764316e-07,-8.12359844955561e-06,2.5705439895347865e-06,-2.1135554820727087,-0.3895726538949231
5.199999999999649,2600,1.0,0.625,0.0,0.6401257011197474,0.06822837382233332,-5.431674852329192e-07,-1.6491395000116602e-06,-6.770248621749343e-07,-2.8374899059278738,-0.3823500208196791
5.199999999999649,2600,1.0,0.75,0.0,1.001572295034015,0.044044025646205485,-6.124236011866893e-07,6.497462184717291e-07,-1.0996305943872372e-06,-2.5773969203310947,-0.3686227557317094
5.199999999999649,2600,1.0,0.8749999999999996,0.0,1.1769447967911932,0.04422338761952075,-2.454769858104696e-07,8.573518398599892e-07,-6.855005928035865e-07,-2.0232602670621174,-0.3510813843301809
5.199999999999649,2600,1.0,1.0,0.0,1.300928638561728,0.03770975435151893,-9.380266583506412e-08,3.6899945371576154e-08,-6.269907480938125e-08,-0.3413519188078162,-0.2956457964830672
5.199999999999649,2600,1.0,1.125,0.0,1.2891480392883703,0.030745471685228745,-5.7782400275657035e-08,-9.100758427603982e-09,1.2426000407991063e-08,-0.08341779379012004,-0.26287817889137055
5.199999999999649,2600,1.0,1.25,0.0,1.279895623856858,0.027478818139474337,-1.813422675871028e-07,3.3993236684854743e-09,-4.20813928095127e-09,-0.0420103041723243,-0.24923424892669802
5.199999999999649,2600,1.0,1.375,0.0,1.2546431194489875,0.022077320368892223,-4.069121799344557e-08,-2.1560649784172383e-08,-2.1081465591138464e-09,-0.01648025887280827,-0.22039411956398797
5.199999999999649,2600,1.0,1.5,0.0,1.2531869638029778,0.02223887059479135,-5.271987099437604e-08,-1.836610589361811e-08,-3.9075919935057595e-09,-0.014625687291557537,-0.21878278507542792
5.199999999999649,2600,1.0,1.625,0.0,1.205154969327011,0.013769106111415616,-1.0622708267384209e-08,7.019156104158015e-09,1.3153438444250053e-08,-0.010646151663045255,-0.16615889034007406
5.199999999999649,2600,1.0,1.75,0.0,1.2007198602765548,0.015015766254850868,-3.1055010447476963e-08,-1.9345284473025242e-10,5.123805901639531e-09,-0.010860971587679477,-0.1615899819477813
5.199999999999649,2600,1.0,1.875,0.0,1.187278256761928,0.014082238270207605,-1.2577670442124678e-07,2.9968646177594306e-09,-7.174968420371524e-09,-0.009703011666872124,-0.14901483982246902
5.199999999999649,2600,1.0,2.0,0.0,1.1620448309082445,-0.003874607195520967,9.660905988956357e-09,-5.252728454911072e-08,-1.4039240381845165e-09,0.0005017910043893562,-0.12874728429900842
5.199999999999649,2600,1.0,2.125,0.0,1.1479926971575818,0.008330187492046112,-1.1792370934580217e-08,4.9099598256373e-08,-3.396936758551509e-10,0.003938991235282863,-0.11274954299968666
5.199999999999649,2600,1.0,2.25,0.0,1.14599310789564,0.00947814387019967,-2.0809289067205656e-08,3.413778982714136e-08,4.719759637488407e-10,0.004330074674821469,-0.11063217239353837
5.199999999999649,2600,1.0,2.375,0.0,1.1381723959487329,0.00995970262293405,-1.0862704693150514e-08,1.1081616951102593e-08,-5.152785526964362e-10,0.004157149350823367,-0.10337631372685141
5.199999999999649,2600,1.0,2.5,0.0,1.1216697016350112,0.00043815048042520136,3.0778896174880415e-09,-6.805065091287119e-09,-3.244274718561092e-10,-0.0001911493475456925,-0.09082943594180191
5.199999999999649,2600,1.0,2.625,0.0,1.11238512133383,0.008978492225858099,3.303619867074767e-08,-6.342622908355513e-09,-5.024136172458435e-09,-0.0005108927239891032,-0.0800312839069338
5.199999999999649,2600,1.0,2.75,0.0,1.1068726759423777,0.0103305013904015,-2.5514341518072732e-09,-3.0062104025741925e-09,-8.303593498231588e-09,-0.0009721848585929302,-0.07449217071308467
5.199999999999649,2600,1.0,2.875,0.0,1.1060155912937089,0.00981943631374115,9.038870026989286e-09,-8.841770943931637e-09,-9.636314813725572e-09,-0.0010562884402403638,-0.07378088233975041
5.199999999999649,2600,1.0,3.0,0.0,1.0913149408068463,0.0058995343991536855,2.7411980313316516e-08,1.6882305609326286e-08,-2.7427405763400266e-09,-0.001800356019526893,-0.05989903948750493
5.399999999999627,2700,1.0,-3.0,0.0,1.089602623154851,-0.0060463794037767735,1.1872713938794631e-07,5.309874016540836e-09,2.4857096920073194e-09,0.002330467175046283,-0.06371773115600574
5.399999999999627,2700,1.0,-2.875,0.0,1.1038786793979396,-0.009777918073474934,2.465637721440766e-08,2.541068707409652e-09,1.2559232410895644e-08,0.0021068491658520366,-0.07827558104552099
5.399999999999627,2700,1.0,-2.75,0.0,1.104712846890715,-0.010279158824589506,3.745575031889338e-08,7.287162260590922e-09,1.1504043602018434e-08,0.0020549353778380043,-0.07903798586013275
5.399999999999627,2700,1.0,-2.625,0.0,1.109944505313466,-0.008651400954975103,-1.0218619469838153e-08,1.4690700637849582e-08,1.1584497625116654e-08,0.0016062118911407584,-0.08469176357853771
5.399999999999627,2700,1.0,-2.5,0.0,1.1251291420863279,-0.0004753038018795062,1.6571302069966408e-07,7.510209413293285e-08,9.117474376799374e-09,0.00020557999985795143,-0.1015550510828287
5.399999999999627,2700,1.0,-2.375,0.0,1.1346444883239475,-0.008440462143407428,9.619052655273343e-08,5.650406676332633e-08,1.5407115790601257e-08,-0.0021910536342010117,-0.1087744793208061
5.399999999999627,2700,1.0,-2.25,0.0,1.1359553707591379,-0.008973644593437644,8.348708160744075e-08,5.921045767553791e-08,1.578658010946525e-08,-0.0024732228067488263,-0.10991249927574596
5.399999999999627,2700,1.0,-2.125,0.0,1.1444775709144976,-0.01440151301260575,7.674978689019178e-08,3.9251852831862454e-08,2.2304183391406564e-08,-0.0008893716172563156,-0.11731620376006803
5.399999999999627,2700,1.0,-2.0,0.0,1.1587801036271848,-0.020875487648545812,1.0141344805728234e-07,5.717876565309427e-08,2.3923217313371603e-08,0.004660255826505707,-0.1307867093053024
5.399999999999627,2700,1.0,-1.875,0.0,1.181672638795624,-0.01053986531536269,4.3186264782440026e-08,4.917394364586469e-09,2.863069722147522e-08,0.008772909832182109,-0.15573202289293095
5.399999999999627,2700,1.0,-1.75,0.0,1.1943489390868014,-0.010412266508504086,1.5368969972680792e-08,-1.8986824814229912e-08,5.1082189677297674e-08,0.009420869075540196,-0.16875250286692053
5.399999999999627,2700,1.0,-1.625,0.0,1.2308538550840733,-0.020077337045373678,-1.735550297564713e-07,4.3097973094170755e-08,3.580665764719897e-08,0.010941726636219978,-0.2094413691276744
5.399999999999627,2700,1.0,-1.5,0.0,1.2459604669302167,-0.012145537576466818,-4.389890001140598e-07,7.05094725124761e-08,3.878013226101695e-08,0.014472012324313901,-0.22800884635882823
5.399999999999627,2700,1.0,-1.375,0.0,1.2473666716414307,-0.011844056089392421,-1.6533554803183305e-07,9.197530843794092e-08,4.740066863148796e-08,0.015804190213731903,-0.22957213894828965
5.399999999999627,2700,1.0,-1.2500000000000002,0.0,1.2722171564992741,-0.014635818524773183,-4.6692547320555293e-07,2.507935640334882e-08,-1.7546805739883973e-08,0.03562586757786501,-0.2587144572457655
5.399999999999627,2700,1.0,-1.125,0.0,1.2823888759855826,-0.01669986168660207,-4.457721227329688e-07,5.587330014116516e-08,-5.130692392886432e-08,0.07222687348027233,-0.272903460705449
5.399999999999627,2700,1.0,-1.0,0.0,1.296875078210981,-0.013577477286314359,-8.180251125261793e-07,-4.167439166221261e-07,-1.126097918483527e-06,0.4357702025985061,-0.3172283907739083
5.399999999999627,2700,1.0,-0.875,0.0,1.2420611108152808,-0.015564268994620932,-1.3402509065419064e-06,-3.339535920335215e-06,-4.250991428861051e-06,1.353683536647231,-0.356233809391914
5.399999999999627,2700,1.0,-0.75,0.0,1.0243582225611783,-0.018358879295474403,-3.4219077777590092e-06,-8.963248797708363e-06,-1.1830885738233347e-05,2.5383095336680883,-0.3912888601955645
5.399999999999627,2700,1.0,-0.625,0.0,0.6675284673947343,-0.037619952687495614,-4.120670979391341e-06,-3.4593732296325422e-06,-1.514452068909825e-05,2.924947824870573,-0.4104523447106848
5.399999999999627,2700,1.0,-0.5,0.0,0.34935687719611924,-0.07980383213457959,-6.899813629924059e-06,5.530687961693291e-06,-2.4875999308715057e-05,2.491377797139341,-0.42101379432986896
5.399999999999627,2700,1.0,-0.375,0.0,0.14682618435223216,-0.11195212907970006,-4.794829311147896e-06,1.1253057903685441e-05,-2.3688715415942498e-05,2.157572317922686,-0.4200558256614508
5.399999999999627,2700,1.0,-0.25,0.0,-0.1374430353546058,-0.10288155383272742,-3.7635708194219943e-06,2.728666219963686e-05,-4.274973480192219e-05,1.9694703036786234,-0.41655739591317864
5.399999999999627,2700,1.0,-0.125,0.0,-0.32827585669809145,-0.06105449256354831,2.2888046596353395e-07,1.4147085494394367e-05,-2.5893782261245083e-05,1.2420576576832818,-0.39770081358852005
5.399999999999627,2700,1.0,0.0,0.0,-0.39832553893553524,0.011255309691442665,1.7998178960185666e-06,9.593011611901283e-06,-1.736634879298763e-05,0.2001455925159739,-0.3815447310312829
5.399999999999627,2700,1.0,0.12499999999999956,0.0,-0.3553159530350173,0.07249426262287686,1.3824115617779364e-06,1.395113815653595e-06,-6.968940454605696e-06,-0.5515705911596319,-0.37185949492253423
5.399999999999627,2700,1.0,0.25,0.0,-0.16258516172633372,0.1474145571143193,1.689942278736929e-06,-4.695444555943338e-06,7.316174098771148e-06,-1.7090745360807986,-0.38433008297744675
5.399999999999627,2700,1.0,0.375,0.0,0.12018814981115616,0.1507423702946397,3.9140300163268454e-07,-8.747505647532145e-06,2.761970288660317e-06,-1.9809233268038466,-0.3824989302428723
5.399999999999627,2700,1.0,0.49999999999999956,0.0,0.2188715923186339,0.13873771874054142,4.44701385387084e-07,-8.535943113393261e-06,2.636116206290398e-06,-2.053250090032358,-0.38074097482107183
5.399999999999627,2700,1.0,0.625,0.0,0.620289943428565,0.07157616908922831,-4.560798091919271e-07,-2.2215042748408503e-06,-7.363760397912853e-07,-2.8044154113832462,-0.3743370657283962
5.399999999999627,2700,1.0,0.75,0.0,0.9832602610933998,0.0501390905498288,-5.908018744514236e-07,4.0656773215275964e-07,-1.2283298190846404e-06,-2.5969125301421543,-0.36228316929408094
5.399999999999627,2700,1.0,0.8749999999999996,0.0,1.1631317078836927,0.0509509882921457,-2.2166153649570213e-07,8.304456578943489e-07,-7.581089715747944e-07,-2.0632846248658545,-0.34627269434539687
5.399999999999627,2700,1.0,1.0,0.0,1.2969418396626091,0.0454089956108079,-6.200380648306015e-08,6.13175141992617e-08,-6.218894780766289e-08,-0.35883888517367246,-0.2938096530197827
5.399999999999627,2700,1.0,1.125,0.0,1.287315188237725,0.03792148201691737,-2.804257316770373e-08,2.0000352065745665e-09,1.02673805062698e-08,-0.08915924459566614,-0.2619700874187448
5.399999999999627,2700,1.0,1.25,0.0,1.278853896370378,0.03416771239152622,-1.5605140685565764e-07,2.6821940317118545e-08,-9.40368722062907e-09,-0.04500763970896825,-0.2486276799488289
5.399999999999627,2700,1.0,1.375,0.0,1.2541687629090594,0.027761977615096797,-1.4642039924787669e-08,-1.3825992208804122e-08,-2.5385718688519214e-09,-0.01746497497098353,-0.22026757393457963
5.399999999999627,2700,1.0,1.5,0.0,1.2527538350101894,0.027847329962023767,-2.7307412759970408e-08,-9.437902976935245e-09,-4.368866180541443e-09,-0.015369891004098165,-0.21867271980237862
5.399999999999627,2700,1.0,1.625,0.0,1.2065045223665312,0.018661614275979947,9.876663753671664e-09,4.2751899385171685e-09,1.717303830290547e-08,-0.010202426451171783,-0.16697973319691772
5.399999999999627,2700,1.0,1.75,0.0,1.2020803062142467,0.019873011075869106,-1.0600111201125943e-08,-2.946252089990219e-10,8.13397088023231e-09,-0.010654629657734779,-0.16246325835323336
5.399999999999627,2700,1.0,1.875,0.0,1.188714834741177,0.01863993284572159,-1.0269855985304495e-07,8.320650088547593e-09,-6.497989538781543e-09,-0.009909044298014619,-0.14993120396492615
5.399999999999627,2700,1.0,2.0,0.0,1.163822396671809,-9.918701995061726e-05,2.5207305690239932e-08,-4.2236558722987005e-08,5.721522083309634e-09,0.0006276690717246145,-0.12973741808681105
5.399999999999627,2700,1.0,2.125,0.0,1.149557721834574,0.011323831559726624,-7.2140684220183894e-09,5.1964005844964155e-08,-3.611498304970997e-09,0.0038363513490532464,-0.11337928474892275
5.399999999999627,2700,1.0,2.25,0.0,1.1475384950053844,0.012363209654401474,-1.3623547450581303e-08,3.558230959979142e-08,-1.4687072657907587e-09,0.004191648219321579,-0.11121367268216795
5.399999999999627,2700,1.0,2.375,0.0,1.139696981692568,0.01257332950329102,-9.419270088703533e-10,6.416356349215685e-09,-2.82417035956892e-09,0.003880425819332843,-0.10392712924835282
5.399999999999627,2700,1.0,2.5,0.0,1.12333749354252,0.002818119956875868,1.2699991980054219e-08,-5.1010115866356805e-09,-8.115222672980407e-10,-0.0005385897120838786,-0.09160209429844836
5.399999999999627,2700,1.0,2.625,0.0,1.113900941503643,0.011188857337001356,3.7882383655279095e-08,-6.832562145632507e-09,-3.0840527697314215e-09,-0.0006694503598053042,-0.08084080869976175
5.399999999999627,2700,1.0,2.75,0.0,1.108334011926532,0.012416557722599727,2.9100688755004138e-09,-3.0512337285061167e-09,-7.94722443444353e-09,-0.001112955088674746,-0.07532965927545085
5.399999999999627,2700,1.0,2.875,0.0,1.1074732939199565,0.011877224880917163,1.3241139336158883e-08,-9.788048408269623e-09,-9.671582646823271e-09,-0.0011997790959907325,-0.07461723112059483
5.399999999999627,2700,1.0,3.0,0.0,1.0926202486115075,0.007487614157297485,3.055508027618413e-08,1.023660873677613e-08,-8.164261514923928e-09,-0.0018412224676899683,-0.06068912472230406
5.599999999999605,2800,1.0,-3.0,0.0,1.090770006380403,-0.007133245535746607,1.1035787992221919e-07,1.0442376701707615e-08,-1.5664010895891013e-10,0.002350240999908604,-0.0648915294461024
5.599999999999605,2800,1.0,-2.875,0.0,1.1052460202723855,-0.0112018883061386,1.805834815362199e-08,1.2301724050182303e-08,1.1190031581020149e-08,0.00211198286948445,-0.07954796065695995
5.599999999999605,2800,1.0,-2.75,0.0,1.1060896045901891,-0.011724533744585935,3.035917052777872e-08,1.6686757557102527e-08,1.0061522906940027e-08,0.0020506447069910377,-0.08031317028509642
5.599999999999605,2800,1.0,-2.625,0.0,1.1113839785239643,-0.010155295180016661,-1.9943694428484102e-08,2.294172630012494e-08,1.0346228539186143e-08,0.001685673090918124,-0.08600206587525074
5.599999999999605,2800,1.0,-2.5,0.0,1.126721335369022,-0.002122908001230748,1.5443265550681002e-07,7.635830218191603e-08,5.912347715124095e-09,0.0007808489211669815,-0.10298869202157995
5.599999999999605,2800,1.0,-2.375,0.0,1.136216833226875,-0.010200934647256833,8.07881592683906e-08,5.852176634654418e-08,1.149765548339191e-08,-0.0019224894862724339,-0.11013645895896271
5.599999999999605,2800,1.0,-2.25,0.0,1.137530447800298,-0.010745554794302708,6.811389140281063e-08,6.055299784277315e-08,1.2134306026782209e-08,-0.0022295014189224194,-0.1112696442309422
5.599999999999605,2800,1.0,-2.125,0.0,1.1460542242872336,-0.01630898321824712,5.990939314316722e-08,3.872918117360788e-08,2.1771597706700623e-08,-0.0007312167749423195,-0.11867363412812738
5.599999999999605,2800,1.0,-2.0,0.0,1.1603870502674791,-0.02302614772379644,8.749513219166806e-08,4.662631301760939e-08,2.9588594265899207e-08,0.004857694164338145,-0.13220480582265884
5.599999999999605,2800,1.0,-1.875,0.0,1.1835434443302824,-0.013373732731742352,2.7424993973358717e-08,1.4395196760274e-08,2.669833248407026e-08,0.008880640210172324,-0.1577640220806972
5.599999999999605,2800,1.0,-1.75,0.0,1.1962904877812135,-0.013445312072426533,-3.2054709136316726e-09,-1.8935359236535303e-09,5.148121000926559e-08,0.009527223841218613,-0.17074130768048087
5.599999999999605,2800,1.0,-1.625,0.0,1.2323354115823222,-0.023706357031671677,-2.372123726514896e-07,-1.4449226661504249e-08,-2.1984534758845963e-09,0.010763229975014419,-0.21068138166301384
5.599999999999605,2800,1.0,-1.5,0.0,1.2474333789619996,-0.016137392840416553,-5.019996992797042e-07,1.3480037904017468e-08,-1.3018358617194593e-08,0.014902615970450978,-0.22936948403420912
5.599999999999605,2800,1.0,-1.375,0.0,1.2488419548566927,-0.015878591217766053,-2.3028148387586762e-07,3.444454866918454e-08,-1.7277191145220246e-09,0.01641528437491313,-0.230981083289733
5.599999999999605,2800,1.0,-1.2500000000000002,0.0,1.273615363709654,-0.019344232108213313,-4.957060309164898e-07,1.0033178758043585e-08,-3.780489327451488e-09,0.038302782653721335,-0.26063363891521996
5.599999999999605,2800,1.0,-1.125,0.0,1.2834952038837164,-0.021786002614034235,-4.766450900429417e-07,3.0577394739703003e-08,-4.648259302358649e-08,0.0768093335534597,-0.27485669208500474
5.599999999999605,2800,1.0,-1.0,0.0,1.2965297711959947,-0.019405389318395458,-8.882340802294036e-07,-4.924936210769174e-07,-1.1563890355114247e-06,0.45342334899841036,-0.3186274743576342
5.599999999999605,2800,1.0,-0.875,0.0,1.2381382418795692,-0.021742871910599836,-1.4452752934354616e-06,-3.5504136328880787e-06,-4.40810738715072e-06,1.3837026663629202,-0.35701328481095373
5.599999999999605,2800,1.0,-0.75,0.0,1.0151899219080853,-0.024244615958985298,-3.592232927454555e-06,-9.135090096259026e-06,-1.2103735393620097e-05,2.554775193433417,-0.39064424273217446
5.599999999999605,2800,1.0,-0.625,0.0,0.6576773750092636,-0.043217751345453095,-4.286908505375302e-06,-3.250563174481047e-06,-1.548203153055867e-05,2.899324429676262,-0.40861532477727747
5.599999999999605,2800,1.0,-0.5,0.0,0.3444542008819575,-0.0851586893619864,-7.046092147462868e-06,6.146836681145111e-06,-2.5460743844699296e-05,2.440610765114801,-0.41854035465012857
5.599999999999605,2800,1.0,-0.375,0.0,0.14633817478118755,-0.11727031306491575,-4.90871770345368e-06,1.1737619206497538e-05,-2.441972665187344e-05,2.108205093773976,-0.4170709195851093
5.599999999999605,2800,1.0,-0.25,0.0,-0.1325457472740326,-0.1096598925191781,-3.878896036302941e-06,2.7294904295909726e-05,-4.419229601022868e-05,1.9353455830593658,-0.41348327714275396
5.599999999999605,2800,1.0,-0.125,0.0,-0.3207398394134414,-0.06896235952086613,1.7551512023308362e-07,1.4244366484318244e-05,-2.7354825232374788e-05,1.2268622216721792,-0.39417561342186536
5.599999999999605,2800,1.0,0.0,0.0,-0.390899041371241,0.003215031777295643,1.7606831439827993e-06,1.0139315719173365e-05,-1.9150672553078087e-05,0.22109138652931715,-0.3771784040879126
5.599999999999605,2800,1.0,0.12499999999999956,0.0,-0.35115300382544024,0.06460393673973411,1.4096912151362205e-06,1.8707386630416716e-06,-7.877222292026736e-06,-0.5049059119635309,-0.3665040082977694
5.599999999999605,2800,1.0,0.25,0.0,-0.1673765940974872,0.1420960981009157,1.8807090099866934e-06,-4.296514805657456e-06,7.418903693244676e-06,-1.6403585620647194,-0.37657482909583573
5.599999999999605,2800,1.0,0.375,0.0,0.10916610068061551,0.14748838620526966,6.332694158090237e-07,-9.110138762625467e-06,2.817149796665025e-06,-1.9253014276497438,-0.3744006892215249
5.599999999999605,2800,1.0,0.49999999999999956,0.0,0.20614289210189732,0.13629916636012548,6.856634342115178e-07,-8.961820717277448e-06,2.6267906340924787e-06,-2.0003481128828784,-0.3727698008048179
5.599999999999605,2800,1.0,0.625,0.0,0.6020241611730384,0.07366270851469464,-3.447628581050049e-07,-2.9310690685577676e-06,-8.569700547871681e-07,-2.773965010645246,-0.36697859018810697
5.599999999999605,2800,1.0,0.75,0.0,0.966165492610023,0.054891089883074215,-5.569750753079376e-07,8.647063740989143e-08,-1.4039266477816287e-06,-2.611930915964339,-0.3564222409255805
5.599999999999605,2800,1.0,0.8749999999999996,0.0,1.1499479683570504,0.056483660136184485,-1.9186687970659628e-07,7.871155079717187e-07,-8.73196918014193e-07,-2.0983946436933634,-0.3417775506259433
5.599999999999605,2800,1.0,1.0,0.0,1.29283283811774,0.05238611070304809,-2.7884050089841353e-08,6.601611057680841e-08,-6.921108274490105e-08,-0.37453192471036656,-0.2918736937037863
5.599999999999605,2800,1.0,1.125,0.0,1.2851994540670548,0.044699289599069256,4.305095371095747e-09,-2.543752678733496e-10,3.4043822341854537e-09,-0.09385458228509129,-0.26100023453620624
5.599999999999605,2800,1.0,1.25,0.0,1.2773959830469868,0.04048797690863867,-1.2772886700079323e-07,3.030116462960253e-08,-2.3377231657719097e-08,-0.04774408884659622,-0.24814994668463108
5.599999999999605,2800,1.0,1.375,0.0,1.2534353131164002,0.03335732998752881,1.070235207116817e-08,-2.3827202125342517e-08,-5.733405700907246e-09,-0.018892661975188366,-0.22077368606587666
5.599999999999605,2800,1.0,1.5,0.0,1.2520680472922123,0.03338176595683091,-2.603835548827307e-09,-1.8161795405739424e-08,-7.303978939341013e-09,-0.016673602943100746,-0.21923385356191954
5.599999999999605,2800,1.0,1.625,0.0,1.207550255916064,0.023108933179882597,2.8391015057495972e-08,-2.7822425180993265e-09,1.8136308677105254e-08,-0.009973483864582217,-0.1674454686794429
5.599999999999605,2800,1.0,1.75,0.0,1.2031630775580346,0.02429967789432226,8.276192412881087e-09,-3.1722588564999137e-09,7.803380219581083e-09,-0.010347950316444851,-0.16285194585787074
5.599999999999605,2800,1.0,1.875,0.0,1.1899188958315636,0.02286715615701126,-7.737099999859489e-08,1.6600820070296885e-08,-7.449766374263817e-09,-0.009542612551010453,-0.15029865830413144
5.599999999999605,2800,1.0,2.0,0.0,1.1653961712141963,0.0036425059348452653,4.2281131840378946e-08,-2.1856318824925787e-08,8.856793319012261e-09,0.0009369661077879752,-0.13051373515847958
5.599999999999605,2800,1.0,2.125,0.0,1.1509285854921663,0.014400916105468595,5.022622347721919e-09,5.8107401186650854e-08,2.4616244753551572e-09,0.0039285566637761995,-0.11428997967654611
5.599999999999605,2800,1.0,2.25,0.0,1.1488902890980632,0.015351122868951636,-2.62808367517905e-10,3.953942725518256e-08,3.1801798802089722e-09,0.004248945942725719,-0.11214883751172415
5.599999999999605,2800,1.0,2.375,0.0,1.1410413885472734,0.015337010310255065,1.1807040112203358e-08,1.5645638385548426e-09,-3.1283858543819427e-09,0.0038003884549466056,-0.10493019711310833
5.599999999999605,2800,1.0,2.5,0.0,1.1248644157353342,0.005367080907714801,2.5972694104713137e-08,-3.7391816214895696e-09,1.2372775380633682e-09,-0.0006822074035950381,-0.09269818026544714
5.599999999999605,2800,1.0,2.625,0.0,1.1153132068532197,0.013487861007245904,4.098307074463035e-08,-1.214354377733033e-08,-1.5964033403454645e-10,-0.0005938013409068903,-0.08184640086394816
5.599999999999605,2800,1.0,2.75,0.0,1.109716013329225,0.014571276721534871,8.334626471051607e-09,-4.7033247657718835e-09,-5.712802069080265e-09,-0.0010210339681790811,-0.07629227925578128
5.599999999999605,2800,1.0,2.875,0.0,1.1088561987326278,0.014003835873796238,1.7513732903549035e-08,-1.1966032907714288e-08,-7.667570171164783e-09,-0.0011156813417609812,-0.0755693272763292
5.599999999999605,2800,1.0,3.0,0.0,1.0938612414885809,0.009133453576834427,3.350648402506802e-08,2.44003738455365e-09,-1.20771408681599e-08,-0.001754146404049109,-0.06150177225514911
5.799999999999583,2900,1.0,-3.0,0.0,1.0919260636243053,-0.008253599055217501,1.0089369422219811e-07,1.3452418394370998e-08,-3.647188911403515e-09,0.0021799391981787166,-0.06589899965225332
5.799999999999583,2900,1.0,-2.875,0.0,1.1066007118484742,-0.012653688176518756,9.360061888217815e-09,1.9245083396284498e-08,8.637364245219731e-09,0.0018119764426428441,-0.08074749851035973
5.799999999999583,2900,1.0,-2.75,0.0,1.1074536442640004,-0.013196300830921485,2.146770961135112e-08,2.3240762016489673e-08,7.2929809777428785e-09,0.0017369665872477057,-0.08152515137257643
5.799999999999583,2900,1.0,-2.625,0.0,1.1128081146879483,-0.011696017135861545,-2.998061252495684e-08,2.6111423698989495e-08,7.537403895396912e-09,0.0014469704933805273,-0.08726937388431419
5.799999999999583,2900,1.0,-2.5,0.0,1.1282915171649985,-0.0038811530239862653,1.4259080080149566e-07,7.512346388418033e-08,3.7501316776082517e-10,0.000987963539421505,-0.10436958240493986
5.799999999999583,2900,1.0,-2.375,0.0,1.1377608509310866,-0.012005987171071038,6.552009687355553e-08,5.664233800649727e-08,6.384880076531285e-09,-0.001974835764394932,-0.1114090864871175
5.799999999999583,2900,1.0,-2.25,0.0,1.1390762229564173,-0.012555830560776186,5.3063293048024857e-08,5.799459810005556e-08,7.467636066109721e-09,-0.00230057782400794,-0.11253419948022361
5.799999999999583,2900,1.0,-2.125,0.0,1.1476117649157676,-0.018222942987095543,4.379780549658793e-08,3.708431687136595e-08,2.0726430457485454e-08,-0.000861695897128532,-0.11991770885513518
5.799999999999583,2900,1.0,-2.0,0.0,1.162003517081673,-0.025157091219565574,6.77797513213559e-08,3.638692543749756e-08,3.382685763442442e-08,0.004797411172618055,-0.13348795638474664
5.799999999999583,2900,1.0,-1.875,0.0,1.1854549185587704,-0.016194937572447374,-2.0051166352240417e-09,2.032067193931129e-08,2.378397951482169e-08,0.00863177897237779,-0.15947236435852716
5.799999999999583,2900,1.0,-1.75,0.0,1.1982786442800488,-0.016494591671489166,-3.6312962101132356e-08,5.502095902476997e-09,5.226482812285494e-08,0.009260749218535492,-0.172510608983848
5.799999999999583,2900,1.0,-1.625,0.0,1.2338236864543743,-0.02744419595171427,-2.7750173970168633e-07,-5.8841031049398535e-08,-3.802992690357655e-09,0.009869095418264019,-0.212179914684126
5.799999999999583,2900,1.0,-1.5,0.0,1.2489009998950427,-0.020289454103217267,-5.525720753266797e-07,-6.006705415891626e-08,-3.6319465949707874e-08,0.014442706343976215,-0.23095589411758377
5.799999999999583,2900,1.0,-1.375,0.0,1.2503132019490457,-0.020069906039236883,-2.752725375133616e-07,-1.6888377494242672e-08,-2.505510650241441e-08,0.01612412084433182,-0.23257178466053624
5.799999999999583,2900,1.0,-1.2500000000000002,0.0,1.2751056265804033,-0.024075672022503047,-5.645734020314598e-07,-4.7675922314535115e-08,-3.61265419821248e-08,0.040070935235602116,-0.262088536341277
5.799999999999583,2900,1.0,-1.125,0.0,1.2846681108087652,-0.026863475124239644,-5.470790673453171e-07,-3.221022047218009e-08,-1.040202693560434e-07,0.08041488860782195,-0.2762005531001125
5.799999999999583,2900,1.0,-1.0,0.0,1.2961801455243194,-0.025332513219654466,-9.786885201008957e-07,-6.210041347444233e-07,-1.2919483616767468e-06,0.47069625312965385,-0.31965434039447627
5.799999999999583,2900,1.0,-0.875,0.0,1.2341388497051484,-0.02800256985901429,-1.573585246733402e-06,-3.7942013214719753e-06,-4.609233775531355e-06,1.4135165316335565,-0.3573378783288103
5.799999999999583,2900,1.0,-0.75,0.0,1.0059828829101183,-0.030247200868949983,-3.798076625949398e-06,-9.368129118906568e-06,-1.2451988142965935e-05,2.5699418189247867,-0.3895246530684918
5.799999999999583,2900,1.0,-0.625,0.0,0.6479589586331498,-0.04907247587432571,-4.476260783971148e-06,-2.9924855869875004e-06,-1.5859608550859852e-05,2.8719592792807256,-0.4062529259874245
5.799999999999583,2900,1.0,-0.5,0.0,0.3396965435809412,-0.09092708714273924,-7.189973031972666e-06,6.969696429703179e-06,-2.6100761463642558e-05,2.389898133145083,-0.4155394701345292
5.799999999999583,2900,1.0,-0.375,0.0,0.14574334048188956,-0.12307633482436049,-4.97008167398484e-06,1.2415419174297329e-05,-2.519540916415091e-05,2.0602066139892052,-0.413605348789826
5.799999999999583,2900,1.0,-0.25,0.0,-0.12814671182775125,-0.11705917924562066,-3.731779084708255e-06,2.737214015933829e-05,-4.5641506448537884e-05,1.8985682049853934,-0.409934653218053
5.799999999999583,2900,1.0,-0.125,0.0,-0.31327606587244133,-0.07746891852398993,1.8575477177328526e-07,1.4189281070002116e-05,-2.8770106586984868e-05,1.2052902015691012,-0.390428849102945
5.799999999999583,2900,1.0,0.0,0.0,-0.3831193756879979,-0.00559601717641305,1.754746247150703e-06,1.0284425405969049e-05,-2.0928713834768975e-05,0.23598449844561847,-0.37305177015108054
5.799999999999583,2900,1.0,0.12499999999999956,0.0,-0.3467848212642684,0.05583927670510579,1.4479917623423037e-06,2.061969106584369e-06,-8.71241892322291e-06,-0.4635520139487641,-0.3614891181981883
5.799999999999583,2900,1.0,0.25,0.0,-0.17164971003662133,0.13561899054676224,2.068365626757375e-06,-3.83134958463618e-06,7.425569180439039e-06,-1.5766086231253205,-0.3695419974513181
5.799999999999583,2900,1.0,0.375,0.0,0.09875026704257152,0.1432213323548996,9.101710929929795e-07,-9.477116142562284e-06,2.7944345255340073e-06,-1.8757985181026837,-0.3670455535913197
5.799999999999583,2900,1.0,0.49999999999999956,0.0,0.1942100101222234,0.1328973588091903,9.615828853091563e-07,-9.406072456585104e-06,2.5282654760112784e-06,-1.9544723135374662,-0.365543749977955
5.799999999999583,2900,1.0,0.625,0.0,0.5852825913481037,0.07467103270783156,-2.0277655286771755e-07,-3.7683136522577512e-06,-1.0693110816502053e-06,-2.7466258343130896,-0.36025049799795206
5.799999999999583,2900,1.0,0.75,0.0,0.9500645187829188,0.05850718919033362,-5.107451644826876e-07,-3.454906056449127e-07,-1.6612157986635798e-06,-2.6241328950197502,-0.35100540016346726
5.799999999999583,2900,1.0,0.8749999999999996,0.0,1.1371895241830474,0.06100466778508065,-1.5803730846199383e-07,6.860277227031929e-07,-1.0473449456715711e-06,-2.1305786697704945,-0.3375801493567574
5.799999999999583,2900,1.0,1.0,0.0,1.2886095997710745,0.058564290896834445,8.83215034152212e-09,5.8206005118642995e-08,-9.394977687602095e-08,-0.39052528274748055,-0.2898882099002659
5.799999999999583,2900,1.0,1.125,0.0,1.2829210708194867,0.050873087211276855,3.864572527775786e-08,-1.0132917220026055e-08,-1.8293546793514261e-09,-0.09843748841683632,-0.2598950858809931
5.799999999999583,2900,1.0,1.25,0.0,1.2756934896351795,0.04640642827155987,-1.0315521040890131e-07,2.9445244509603752e-08,-2.4811909060007657e-08,-0.05087660302900421,-0.24741923815726066
5.799999999999583,2900,1.0,1.375,0.0,1.252477745881385,0.038993601443142095,4.0562555980166335e-08,-3.4785207037785875e-08,5.417040587650099e-09,-0.0203445056135674,-0.22080510533386655
5.799999999999583,2900,1.0,1.5,0.0,1.251155842150971,0.038986763624063475,2.610019326341597e-08,-2.8725632535550084e-08,3.734124208385372e-09,-0.018030607343453638,-0.2193091316686337
5.799999999999583,2900,1.0,1.625,0.0,1.208398429512572,0.027482371990005965,5.0525000099380706e-08,-9.100033279607633e-09,2.0904006391351756e-08,-0.010357907132582757,-0.1683466352843096
5.799999999999583,2900,1.0,1.75,0.0,1.2040783635124406,0.028618531966891497,2.8426196576918712e-08,-3.1085059255146056e-09,1.0351835022993033e-08,-0.010383414919006333,-0.16379760681079228
5.799999999999583,2900,1.0,1.875,0.0,1.1910194928092466,0.026951563610017305,-5.6820758848416045e-08,3.2166570638534253e-08,-5.602276465270676e-09,-0.009017252917713157,-0.15136277073584953
5.799999999999583,2900,1.0,2.0,0.0,1.1669659512011263,0.007340888998417516,6.067793727248197e-08,2.125102173831155e-08,6.728945767742939e-09,0.0011889296381938773,-0.1316979332424233
5.799999999999583,2900,1.0,2.125,0.0,1.152217983424064,0.017447291728607216,1.964657161202148e-08,6.824201674963173e-08,1.2451867502582002e-08,0.004216027470712378,-0.115456974701036
5.799999999999583,2900,1.0,2.25,0.0,1.1501526814673573,0.01831129337368634,1.4977599717205082e-08,4.685366571384439e-08,9.559506144323359e-09,0.004543155344006353,-0.11331963217392693
5.799999999999583,2900,1.0,2.375,0.0,1.142291120126341,0.018087767562925672,2.6381553103738912e-08,-1.2369045797511157e-09,1.087401727468883e-09,0.004073470170858792,-0.10606434061823648
5.799999999999583,2900,1.0,2.5,0.0,1.1263477277695917,0.00790861585707601,4.444541099813028e-08,2.164897267288127e-10,-5.843446851771656e-09,-0.00035165260692233437,-0.09373997115503167
5.799999999999583,2900,1.0,2.625,0.0,1.1166364444439458,0.015730443317232317,4.741623779777793e-08,-1.9739238057476663e-08,1.9326053147867077e-09,-0.00015309688789856446,-0.0827205483854185
5.799999999999583,2900,1.0,2.75,0.0,1.1110020990000222,0.016669525701362015,1.4747327580339593e-08,-8.292876847062322e-09,-3.177485993879399e-09,-0.0005907447622681594,-0.07710114159810368
5.799999999999583,2900,1.0,2.875,0.0,1.110145835780997,0.01607920835903146,2.3070796564639796e-08,-1.5840226890970413e-08,-4.8912052812485904e-09,-0.0006957782967619969,-0.0763803469279171
5.799999999999583,2900,1.0,3.0,0.0,1.0950266545478116,0.010789296153525273,3.76804469138003e-08,-5.238728902685054e-09,-4.247174438009974e-09,-0.001433646653101675,-0.06231871154039717
5.999999999999561,3000,1.0,-3.0,0.0,1.0930748343124232,-0.009358156281160815,9.404255487047038e-08,1.5591207035563178e-08,-5.607593624527106e-09,0.001853174702715607,-0.0669148254267855
5.999999999999561,3000,1.0,-2.875,0.0,1.1079553408591778,-0.014064417471681731,1.9295550797620935e-09,2.3005100024012926e-08,6.044684515042564e-09,0.0012648078353609008,-0.08187683730603122
5.999999999999561,3000,1.0,-2.75,0.0,1.1088161525534321,-0.014624958568973834,1.3576415122113724e-08,2.6538848728758618e-08,3.999785141699743e-09,0.001172948511410863,-0.08266037664731067
5.999999999999561,3000,1.0,-2.625,0.0,1.1142273334983859,-0.013208742243894678,-3.858689602063955e-08,2.3925676172735764e-08,3.4769104855608956e-09,0.0009368268474518709,-0.08844870969978166
5.999999999999561,3000,1.0,-2.5,0.0,1.1298541050398072,-0.005687879224200444,1.307208935830313e-07,7.336579770292236e-08,-4.941898816035606e-09,0.000826388480805107,-0.10564220904901715
5.999999999999561,3000,1.0,-2.375,0.0,1.1392964813975888,-0.013828878125335177,5.2078518121071916e-08,5.6817679188153725e-08,1.970769327704797e-09,-0.0023250572556649325,-0.11257166832490884
5.999999999999561,3000,1.0,-2.25,0.0,1.140613487842098,-0.014382505146193181,3.946010141745102e-08,5.778910169111067e-08,3.3888286480149334e-09,-0.0026625597583823644,-0.11368932910616159
5.999999999999561,3000,1.0,-2.125,0.0,1.1491659527931315,-0.020137956135618192,2.8873390907564425e-08,4.076403958008008e-08,1.7524713232140716e-08,-0.0012160292076980623,-0.12104511799109523
5.999999999999561,3000,1.0,-2.0,0.0,1.163629618779393,-0.027279072456183676,4.7046609634515076e-08,2.86690795502808e-08,3.3080668232934024e-08,0.004621756757785153,-0.13464021324590902
5.999999999999561,3000,1.0,-1.875,0.0,1.187402046636226,-0.018960726522177986,-2.6168830922557508e-08,1.900303157636285e-08,2.2116646465194344e-08,0.008177602245637378,-0.16104203961086125
5.999999999999561,3000,1.0,-1.75,0.0,1.2003108547241355,-0.019505975259876004,-6.37198469752968e-08,-5.366522998536719e-09,5.730312705574131e-08,0.008832069450068558,-0.17412521967666567
5.999999999999561,3000,1.0,-1.625,0.0,1.235355626330057,-0.031197808841963673,-3.150326263910753e-07,-6.670870309968716e-08,1.5742509166384776e-08,0.009021357265365468,-0.21343637111727193
5.999999999999561,3000,1.0,-1.5,0.0,1.2503863536141826,-0.024468842869483455,-5.982785217203267e-07,-9.060822507914984e-08,-1.766112994565173e-08,0.014092114170847297,-0.23228269969651244
5.999999999999561,3000,1.0,-1.375,0.0,1.2517941984563197,-0.024283932909276336,-3.1862686226261297e-07,-3.548326847129135e-08,-6.8178596434069794e-09,0.015970206402047746,-0.2339023341930594
5.999999999999561,3000,1.0,-1.2500000000000002,0.0,1.276596396006235,-0.028807675799450514,-6.215685495862636e-07,-7.192343252180634e-08,-1.0935079069163933e-08,0.04226270289928113,-0.2632485636059557
5.999999999999561,3000,1.0,-1.125,0.0,1.2857793048886301,-0.03190795082217636,-6.067467056711395e-07,-5.6255637044900844e-08,-9.737322047392053e-08,0.08454127626583224,-0.2772329325983936
5.999999999999561,3000,1.0,-1.0,0.0,1.2955941551217975,-0.03132563044412013,-1.0590002438122107e-06,-7.413499095875821e-07,-1.4066990792336538e-06,0.4881931999509531,-0.3203495270779089
5.999999999999561,3000,1.0,-0.875,0.0,1.2298410108100037,-0.03437138960678265,-1.688277236596892e-06,-4.07268100329945e-06,-4.8096543997959596e-06,1.442747322176642,-0.3572508130687782
5.999999999999561,3000,1.0,-0.75,0.0,0.9965697891815481,-0.036373733744954145,-3.993623949953881e-06,-9.625925122677403e-06,-1.2730726232880644e-05,2.5831361349959527,-0.3879111699283785
5.999999999999561,3000,1.0,-0.625,0.0,0.638220255599539,-0.05512267302874178,-4.6801540244388535e-06,-2.5690180438564196e-06,-1.617031139840841e-05,2.8424191955911677,-0.4033346086383888
5.999999999999561,3000,1.0,-0.5,0.0,0.33490980129603987,-0.09702879263603112,-7.355180384474503e-06,7.804149736516973e-06,-2.662930150201134e-05,2.3389593043780517,-0.4119997023165973
5.999999999999561,3000,1.0,-0.375,0.0,0.14486050886494897,-0.129283991578893,-5.03788200050792e-06,1.2957393073488209e-05,-2.6143416052764564e-05,2.0129401043362685,-0.40968427335531904
5.999999999999561,3000,1.0,-0.25,0.0,-0.12438919148367267,-0.12491773637790655,-3.890775985229591e-06,2.679397394004957e-05,-4.6542372372139555e-05,1.858154923642938,-0.40604709641459
5.999999999999561,3000,1.0,-0.125,0.0,-0.3059596202150726,-0.08625033335500745,5.194911979792148e-08,1.3869462532481595e-05,-3.004574110379578e-05,1.1766938965950582,-0.3865505838366508
5.999999999999561,3000,1.0,0.0,0.0,-0.3750796703613553,-0.014793631397796336,1.6698414730741138e-06,1.0473031751163374e-05,-2.20409875397784e-05,0.24492320359709394,-0.3690392501566619
5.999999999999561,3000,1.0,0.12499999999999956,0.0,-0.3422739932365727,0.046517697396963126,1.430015636621478e-06,2.452338805991406e-06,-8.88359585657061e-06,-0.42806660850871303,-0.3568174068749944
5.999999999999561,3000,1.0,0.25,0.0,-0.17527383581856448,0.1281616236137287,2.2513764154003453e-06,-3.360390885851279e-06,7.1206673345199585e-06,-1.5183198989706037,-0.3632392470019363
5.999999999999561,3000,1.0,0.375,0.0,0.08901806513231682,0.13809634664764808,1.197156901612968e-06,-9.855931937002838e-06,2.664770030975962e-06,-1.831777187679581,-0.3605029485834603
5.999999999999561,3000,1.0,0.49999999999999956,0.0,0.18308179369025693,0.12867776588097735,1.2481535883732315e-06,-9.879506380171283e-06,2.3203386067181214e-06,-1.9149934729439955,-0.3591160480043208
5.999999999999561,3000,1.0,0.625,0.0,0.5700514240708181,0.07475708447312134,-4.738688007417408e-08,-4.724279422916815e-06,-1.420979954670758e-06,-2.723249365896596,-0.35418881623257004
5.999999999999561,3000,1.0,0.75,0.0,0.9350917757620718,0.061265159102963915,-4.656808386164586e-07,-8.826693489689174e-07,-1.996287871314564e-06,-2.633850758844342,-0.345938448185779
5.999999999999561,3000,1.0,0.8749999999999996,0.0,1.1250928258777035,0.06481049213446895,-1.288549035644068e-07,5.432851850572013e-07,-1.2107607877649856e-06,-2.1593137476050677,-0.33355970017117825
5.999999999999561,3000,1.0,1.0,0.0,1.2843211969448363,0.06419903354182131,4.291475374083401e-08,5.311195314219079e-08,-9.71939451383082e-08,-0.40654189479761965,-0.28798018095613886
5.999999999999561,3000,1.0,1.125,0.0,1.2806318497979818,0.05650662389430459,7.235752638740863e-08,-1.619149065518687e-08,3.5441812146316587e-09,-0.10360188336032401,-0.2589163913713722
5.999999999999561,3000,1.0,1.25,0.0,1.2738962190575147,0.05194785996357198,-7.655709303706845e-08,2.7275389838661306e-08,6.278981494677219e-09,-0.05412529900442842,-0.24678867656457887
5.999999999999561,3000,1.0,1.375,0.0,1.2514651333646107,0.04449417180079788,7.062506322424378e-08,-4.68945011650371e-08,1.4131768302786875e-08,-0.021303118230148743,-0.22076587137937137
5.999999999999561,3000,1.0,1.5,0.0,1.2501780335817232,0.04446983628802778,5.510473766832184e-08,-4.1244823731009567e-08,1.2740401236378018e-08,-0.01888529403248803,-0.21930402910911512
5.999999999999561,3000,1.0,1.625,0.0,1.208947097383621,0.0317768943788237,7.005083131893241e-08,-1.0097458482112332e-08,9.800736863158249e-09,-0.010744172860906977,-0.16959026103637928
5.999999999999561,3000,1.0,1.75,0.0,1.2047287853631528,0.03280261200520349,4.6596058618895245e-08,2.885746899979126e-10,6.612393397889207e-09,-0.010421769680528194,-0.16513368585310811
5.999999999999561,3000,1.0,1.875,0.0,1.1919339572378933,0.030817532008994925,-3.9145586948322814e-08,4.582548464018699e-08,1.576767553760695e-09,-0.008447083096377636,-0.15273019754793857
5.999999999999561,3000,1.0,2.0,0.0,1.1684412875043058,0.01085450991788421,7.916238307020752e-08,4.330812202616398e-08,5.245450098455485e-09,0.0012757244141357949,-0.13266769132461834
5.999999999999561,3000,1.0,2.125,0.0,1.1533541583475522,0.020313601686525122,3.8042852722692664e-08,7.389981035157244e-08,1.8706071830436685e-08,0.004562108395270304,-0.11609958211499158
5.999999999999561,3000,1.0,2.25,0.0,1.1512574653349534,0.02109286776521945,3.3458680448504143e-08,5.108747903037973e-08,1.365790304524289e-08,0.00493453323750672,-0.11391430588504292
5.999999999999561,3000,1.0,2.375,0.0,1.1433922046631466,0.020684504031014742,4.486905745460716e-08,-2.9780102202590944e-09,2.613842978477143e-09,0.004573289314463509,-0.1066293638185027
5.999999999999561,3000,1.0,2.5,0.0,1.1277671000408869,0.010361183808180355,6.137230494348261e-08,8.077786671507166e-09,-1.4327794928618891e-08,0.0003788237276888924,-0.09449890878023692
5.999999999999561,3000,1.0,2.625,0.0,1.1178471607932108,0.01788483525486485,5.6538892864045074e-08,-2.4481945140209697e-08,2.9345485656159825e-09,0.0005651898515987585,-0.08360051858964512
5.999999999999561,3000,1.0,2.75,0.0,1.1121682934626593,0.018693683930766133,2.211682719808718e-08,-1.194694215420846e-08,-9.507631692893553e-10,0.00010442817569202478,-0.07802986688447322
5.999999999999561,3000,1.0,2.875,0.0,1.1113175992174131,0.01808375945949045,3.003950099102697e-08,-1.9518505307532565e-08,-1.9428977879192134e-09,-7.904322824925413e-06,-0.07730415581515138
5.999999999999561,3000,1.0,3.0,0.0,1.096111332730001,0.012413312578708188,4.570878214945624e-08,-1.0445670307641844e-08,-1.1362611560787085e-09,-0.0009041838177600972,-0.06315781235725851
6.199999999999539,3100,1.0,-3.0,0.0,1.0942231283223711,-0.010434362758385694,8.717852104122525e-08,1.7379628609007313e-08,-6.7312894064214664e-09,0.0014064297490572796,-0.06778407138889117
6.199999999999539,3100,1.0,-2.875,0.0,1.1093094889198105,-0.015423072304717166,-6.976394612309909e-09,2.275152233443422e-08,3.1868800638847395e-09,0.0005433305911481299,-0.08284704655474855
6.199999999999539,3100,1.0,-2.75,0.0,1.1101764615685612,-0.016000023789009787,4.315482638654455e-09,2.599079250768179e-08,7.280342861155329e-10,0.00043371494424653245,-0.08363544051389382
6.199999999999539,3100,1.0,-2.625,0.0,1.1156425061515678,-0.014676797703206103,-4.8051524840509714e-08,1.775849315147548e-08,-6.981965452114254e-11,0.00022841188026055602,-0.08944490611537147
6.199999999999539,3100,1.0,-2.5,0.0,1.131415692217779,-0.0074927656153404455,1.1509335432386654e-07,6.882569141910308e-08,-9.315602203072515e-09,0.00034817881842675387,-0.10665379015896564
6.199999999999539,3100,1.0,-2.375,0.0,1.1408294506642578,-0.01563547331678784,3.583610167668076e-08,5.7214465067814594e-08,-1.6732974901961413e-09,-0.0029044333816656714,-0.11340933626012223
6.199999999999539,3100,1.0,-2.25,0.0,1.142148126726349,-0.01619259234887203,2.2816821255633443e-08,5.782446029597443e-08,7.672423625560606e-12,-0.0032456844693168774,-0.11451077364788101
6.199999999999539,3100,1.0,-2.125,0.0,1.1507196701283187,-0.02203551601685974,1.2229923428339394e-08,4.669328060186608e-08,1.3692820678704711e-08,-0.0017001028388073896,-0.12180808104307692
6.199999999999539,3100,1.0,-2.0,0.0,1.1652622092591651,-0.02939524699618168,2.179672833053617e-08,2.0658326673694166e-08,3.0656073288050395e-08,0.0044696737153941905,-0.13539610211075695
6.199999999999539,3100,1.0,-1.875,0.0,1.1893834706642277,-0.021661425292659492,-7.242826066466656e-08,1.776960675554143e-08,2.190473395152508e-08,0.007660597610353465,-0.16188651500448262
6.199999999999539,3100,1.0,-1.75,0.0,1.2023849347767392,-0.022465639876393276,-1.1473688336397374e-07,-1.6135188444685275e-08,6.500260261447794e-08,0.008408045028753695,-0.17516192487384438
6.199999999999539,3100,1.0,-1.625,0.0,1.2368994018357702,-0.03496881983087624,-3.1207323288755367e-07,-4.246581232137618e-08,2.818038485504655e-08,0.00863509516258857,-0.21496117918949686
6.199999999999539,3100,1.0,-1.5,0.0,1.2518655379553092,-0.028687882722125597,-5.957112219994875e-07,-7.615777604538291e-08,-4.3055945465286104e-09,0.014295723782208444,-0.23400066263393865
6.199999999999539,3100,1.0,-1.375,0.0,1.2532640460265339,-0.028541326419774908,-3.232288210932982e-07,-2.3315107871436805e-08,8.419043114451219e-09,0.016396285136129417,-0.23560615773447424
6.199999999999539,3100,1.0,-1.2500000000000002,0.0,1.2780227479710917,-0.03365773632896921,-6.677160932471375e-07,-7.884689585214611e-08,-8.093670959125503e-10,0.04494714639486809,-0.2644822178917202
6.199999999999539,3100,1.0,-1.125,0.0,1.2867711251919518,-0.037080385863113165,-6.548410986436088e-07,-6.400392159317776e-08,-1.0058407337082558e-07,0.08907077183382417,-0.2781695319677653
6.199999999999539,3100,1.0,-1.0,0.0,1.2948538183309788,-0.03747609754162431,-1.1306819199393475e-06,-8.401414044724612e-07,-1.4062288631955407e-06,0.506076780151865,-0.32075178680436955
6.199999999999539,3100,1.0,-0.875,0.0,1.2253027668206609,-0.0408828262386273,-1.8030274772995854e-06,-4.405140512365824e-06,-4.933452257301837e-06,1.4728731594294144,-0.35673594574447626
6.199999999999539,3100,1.0,-0.75,0.0,0.9867769005648214,-0.04261648775116707,-4.19424484949617e-06,-9.95475711694598e-06,-1.3076483301089644e-05,2.595597143641525,-0.38578522549944316
6.199999999999539,3100,1.0,-0.625,0.0,0.6282013735614725,-0.06131086110257775,-4.867864048259517e-06,-2.1266058832830593e-06,-1.6559214531091193e-05,2.8110954812797173,-0.3998877894250888
6.199999999999539,3100,1.0,-0.5,0.0,0.3298772786949568,-0.10336042660379652,-7.458021067246469e-06,8.630203192721389e-06,-2.7314965481183116e-05,2.28764288332177,-0.407950682994345
6.199999999999539,3100,1.0,-0.375,0.0,0.1434938047115078,-0.1357333210861549,-5.072296472216331e-06,1.3417048394440796e-05,-2.699955681183865e-05,1.965508178717193,-0.40527002926650785
6.199999999999539,3100,1.0,-0.25,0.0,-0.12121909924954435,-0.13299449014658352,-3.882329927801099e-06,2.62841291149162e-05,-4.782327110959127e-05,1.812929396362474,-0.40165671142506326
6.199999999999539,3100,1.0,-0.125,0.0,-0.29882222317945284,-0.09515565483799389,-5.7154890662107215e-09,1.3481042849949209e-05,-3.105381874419218e-05,1.1421180183177335,-0.38231355876219136
6.199999999999539,3100,1.0,0.0,0.0,-0.36710017028236697,-0.024198127116704805,1.6437758201361303e-06,1.0488300369172335e-05,-2.2127939955457144e-05,0.24811593213703914,-0.3649959450426559
6.199999999999539,3100,1.0,0.12499999999999956,0.0,-0.33773765002367606,0.0369920917028592,1.467605845609343e-06,2.7588925602376983e-06,-8.755670615131853e-06,-0.39977077375307635,-0.35249270445755154
6.199999999999539,3100,1.0,0.25,0.0,-0.17797026883199196,0.1200341136572794,2.4226010178954185e-06,-2.8691200491702773e-06,6.603352920297701e-06,-1.4660814084806728,-0.35780002623363594
6.199999999999539,3100,1.0,0.375,0.0,0.08013302263455668,0.13225398437084762,1.4964832901188018e-06,-1.0269545473592054e-05,2.346629427514089e-06,-1.7922561439420799,-0.35488937692844985
6.199999999999539,3100,1.0,0.49999999999999956,0.0,0.17284716407214024,0.12373757273686968,1.5470208108802077e-06,-1.0408748942139447e-05,1.9368007767907943e-06,-1.8807595177665957,-0.35358392668845995
6.199999999999539,3100,1.0,0.625,0.0,0.5563817200435625,0.07392213298003004,1.1677090883064406e-07,-5.806388839230446e-06,-1.932596552788583e-06,-2.7039667358954826,-0.3488207188256681
6.199999999999539,3100,1.0,0.75,0.0,0.921447955395592,0.06316799310121032,-4.2095401784922044e-07,-1.4540864212215997e-06,-2.434996662739917e-06,-2.641029600040582,-0.34127320144750867
6.199999999999539,3100,1.0,0.8749999999999996,0.0,1.1140096484506583,0.06795744576602442,-1.0058683678039454e-07,4.070347871815049e-07,-1.4471627825066705e-06,-2.183756237146115,-0.32982300629262795
6.199999999999539,3100,1.0,1.0,0.0,1.2800087234471884,0.06920318892955572,7.775963746959963e-08,4.226396914014542e-08,-1.2757053701155952e-07,-0.41956323650036254,-0.28620313488491206
6.199999999999539,3100,1.0,1.125,0.0,1.27822322283403,0.061542199108328526,1.0799825680861452e-07,-2.3199550780019517e-08,-4.0835323423585e-09,-0.1080620294940037,-0.258025636275243
6.199999999999539,3100,1.0,1.25,0.0,1.271974871915611,0.05695759631465535,-5.2482652220901033e-08,1.4733956723118822e-08,5.151453566373436e-09,-0.05684549241376728,-0.24623805589859127
6.199999999999539,3100,1.0,1.375,0.0,1.2503912681987615,0.049488950604896415,1.0384484050600895e-07,-6.313699124332557e-08,1.8807540536568625e-08,-0.02173426975403621,-0.22075684652198668
6.199999999999539,3100,1.0,1.5,0.0,1.24913806787878,0.04944502793454078,8.691282735738341e-08,-5.6464439485204175e-08,1.739831706334987e-08,-0.019211611747636033,-0.2193247454045676
6.199999999999539,3100,1.0,1.625,0.0,1.2092247126459639,0.035835578097144244,9.687687923508636e-08,-6.8341425562976785e-09,1.9129629038345424e-08,-0.010810765917625262,-0.17050058243676608
6.199999999999539,3100,1.0,1.75,0.0,1.2051130303297783,0.036729190397939315,7.071275925219078e-08,5.8680857403826755e-09,1.652495666580744e-08,-0.010271086595828247,-0.16610871448950126
6.199999999999539,3100,1.0,1.875,0.0,1.192609665922932,0.034407823679166456,-1.7966206885597222e-08,5.656399379806326e-08,9.900395180718683e-09,-0.007868989045582283,-0.15381677385444487
6.199999999999539,3100,1.0,2.0,0.0,1.1697572597026091,0.014136680362341319,9.593117936787634e-08,5.576856645472434e-08,3.780058891408293e-09,0.001443293066049622,-0.13369667962038814
6.199999999999539,3100,1.0,2.125,0.0,1.1543151938275324,0.02298574137269902,5.68959703299743e-08,7.13028089024008e-08,2.1650658516450497e-08,0.004962710700825829,-0.11705294008368329
6.199999999999539,3100,1.0,2.25,0.0,1.1521871951570235,0.0236865388423588,5.139213389005775e-08,4.9130314760836226e-08,1.5848948260459728e-08,0.0053830090856262945,-0.11486200656175603
6.199999999999539,3100,1.0,2.375,0.0,1.144330284745914,0.023110665438475064,6.123220234386253e-08,-4.576020758739246e-09,3.740945391488789e-09,0.005186337012833955,-0.10759184804290481
6.199999999999539,3100,1.0,2.5,0.0,1.1290841033179921,0.012677748399939962,7.526146706544579e-08,2.737935058961091e-08,-2.116583319180103e-08,0.0013754234614711518,-0.09559900469039964
6.199999999999539,3100,1.0,2.625,0.0,1.1189354287587951,0.019904151504100954,6.469251806760467e-08,-2.6522026303979617e-08,5.471076486031291e-09,0.0014322804452428755,-0.0846646493135684
6.199999999999539,3100,1.0,2.75,0.0,1.1132105730669815,0.02058634427077744,3.0588525313259155e-08,-1.2238500620952383e-08,2.986944537602044e-09,0.0009385233357793606,-0.07907739484058211
6.199999999999539,3100,1.0,2.875,0.0,1.112366713127643,0.01995831828126904,3.849023519699041e-08,-1.9187326841656008e-08,2.678642150282475e-09,0.0008230927782629225,-0.07834652523514728
6.199999999999539,3100,1.0,3.0,0.0,1.0971013531197695,0.013934967288846141,5.402764972505672e-08,-1.2358454018862699e-08,5.930448031052194e-10,-0.00026099013392899567,-0.06408923017218636
6.399999999999517,3200,1.0,-3.0,0.0,1.0953675895385562,-0.011467705235490167,8.039207427516056e-08,1.8037362292752977e-08,-7.721404975675604e-09,0.0008853009306167711,-0.06862268529321937
6.399999999999517,3200,1.0,-2.875,0.0,1.1106432052348285,-0.016662921477671733,-1.6075254720120748e-08,1.6264143364457355e-08,5.427986349095528e-10,-0.00026707905170342326,-0.08362945968732592
6.399999999999517,3200,1.0,-2.75,0.0,1.111514179847769,-0.017250847418650486,-5.580819371386652e-09,1.928178189164413e-08,-1.9697682510620604e-09,-0.0003938325704597682,-0.08440973347933298
6.399999999999517,3200,1.0,-2.625,0.0,1.1170382624354596,-0.01604011093336932,-5.3875541225485704e-08,8.703677715551968e-09,-2.424218112737915e-09,-0.0005837628521553397,-0.09033916897646169
6.399999999999517,3200,1.0,-2.5,0.0,1.1330043452677434,-0.009269189490947773,9.575340653386921e-08,5.978891831928149e-08,-1.2882307558760515e-08,-0.00035265563430375633,-0.10792793143040669
6.399999999999517,3200,1.0,-2.375,0.0,1.1424107889007498,-0.017466976729801197,2.1811897623286707e-08,5.603136319583948e-08,-5.2526502187910265e-09,-0.003620560605180648,-0.11472121895561299
6.399999999999517,3200,1.0,-2.25,0.0,1.1437335883046658,-0.0180370687834054,8.685387554238333e-09,5.6361715990376145e-08,-3.3565187029381227e-09,-0.003956781681219367,-0.1158434062818779
6.399999999999517,3200,1.0,-2.125,0.0,1.152306981090584,-0.02397750262690105,-7.958002782856075e-10,5.252734840718414e-08,9.524272054428012e-09,-0.002233187531779259,-0.12305253925076974
6.399999999999517,3200,1.0,-2.0,0.0,1.166871307067104,-0.0315497747927606,-3.182478812627801e-09,1.8523264927909795e-08,2.7776058338731138e-08,0.004395272317275651,-0.13643953654157914
6.399999999999517,3200,1.0,-1.875,0.0,1.1913119468039193,-0.024209782025402842,-9.796985763709227e-08,2.496705866692814e-08,1.3187181663671668e-08,0.007281081878436862,-0.16297193609817287
6.399999999999517,3200,1.0,-1.75,0.0,1.204397350713613,-0.02526900605594119,-1.3667362736418597e-07,-1.4788708625330385e-08,6.026782694474634e-08,0.008200866367094191,-0.1760819875332957
6.399999999999517,3200,1.0,-1.625,0.0,1.2384311525779566,-0.038755990106080315,-3.775438239480283e-07,-2.1608300210320326e-08,3.564365134141049e-08,0.008894386336792058,-0.21524034416821897
6.399999999999517,3200,1.0,-1.5,0.0,1.2533691693361186,-0.0329540467730248,-6.792712356335501e-07,-7.240196711088441e-08,1.813400065234684e-08,0.01506736210836991,-0.23430670063875733
6.399999999999517,3200,1.0,-1.375,0.0,1.2547601777942772,-0.032852438176569014,-3.9894705218795577e-07,-1.4027019127320733e-08,1.754791448464712e-08,0.017351413266113346,-0.2359197312884734
6.399999999999517,3200,1.0,-1.2500000000000002,0.0,1.279412821703861,-0.03865510728627191,-7.341093507790727e-07,-7.442934646222677e-08,-2.1520858243918978e-10,0.04772619998098821,-0.2646916737311004
6.399999999999517,3200,1.0,-1.125,0.0,1.2877219903155188,-0.04242679869348845,-7.249976877020095e-07,-6.462450966731456e-08,-1.075123698343026e-07,0.0937867202810154,-0.2782936998333647
6.399999999999517,3200,1.0,-1.0,0.0,1.2939453385672839,-0.04384629174099739,-1.2177558547081443e-06,-9.927643560131927e-07,-1.4960454495789802e-06,0.5246515405976697,-0.32041665170483713
6.399999999999517,3200,1.0,-0.875,0.0,1.2203065443327181,-0.047629336421335086,-1.927667947467677e-06,-4.7693469029434485e-06,-5.173946520199422e-06,1.503376927627809,-0.3554471116915633
6.399999999999517,3200,1.0,-0.75,0.0,0.9764277216169651,-0.04899238778547619,-4.4121053544323e-06,-1.0257726007470037e-05,-1.3420227066280197e-05,2.607311606983087,-0.3828252707886784
6.399999999999517,3200,1.0,-0.625,0.0,0.6177821160713276,-0.06758482177250535,-5.074291263385419e-06,-1.7998521355079492e-06,-1.6978756301512952e-05,2.7784143674280353,-0.39557179475012566
6.399999999999517,3200,1.0,-0.5,0.0,0.3244274924511527,-0.1098705782280669,-7.618129724163788e-06,9.419223759182906e-06,-2.8143967353677767e-05,2.235484545948691,-0.40300425942655455
6.399999999999517,3200,1.0,-0.375,0.0,0.1415021268474679,-0.1423241590484095,-5.210289663136673e-06,1.3870406989154512e-05,-2.7775535567684562e-05,1.9166881217340999,-0.3999900119467117
6.399999999999517,3200,1.0,-0.25,0.0,-0.1186567482910673,-0.14110155887378248,-4.048829509806378e-06,2.5992728473313923e-05,-4.950437767176496e-05,1.7624216834283009,-0.39646305819366007
6.399999999999517,3200,1.0,-0.125,0.0,-0.291851686052945,-0.10394224934312503,-8.150443295261213e-08,1.3075399635011963e-05,-3.187244233864836e-05,1.102615292929963,-0.37767992022060193
6.399999999999517,3200,1.0,0.0,0.0,-0.35934395163129856,-0.03355554173564994,1.5572177197600038e-06,1.0390102540284654e-05,-2.134711712685181e-05,0.2458675221416784,-0.3609241594427982
6.399999999999517,3200,1.0,0.12499999999999956,0.0,-0.3331985929097955,0.027545316610799737,1.496625486670143e-06,2.9760828685824697e-06,-8.478459744482138e-06,-0.37972060688697573,-0.3482627654821717
6.399999999999517,3200,1.0,0.25,0.0,-0.17960264729784076,0.11157415964481043,2.570608571092017e-06,-2.3857759488377216e-06,6.286636654792981e-06,-1.4212764634178436,-0.3530120862501067
6.399999999999517,3200,1.0,0.375,0.0,0.07230544763671898,0.12587831334783725,1.788808191067759e-06,-1.0725305702364445e-05,1.8324115318780043e-06,-1.7568879325491291,-0.35007991551786144
6.399999999999517,3200,1.0,0.49999999999999956,0.0,0.1636589988103354,0.11820474103214008,1.8393784044051894e-06,-1.1002652186381771e-05,1.3564904121069108e-06,-1.851043219751527,-0.3488427822558752
6.399999999999517,3200,1.0,0.625,0.0,0.5444158940761414,0.07229747332414083,2.630420060837278e-07,-7.024763917180662e-06,-2.666674874299097e-06,-2.688937019940749,-0.3441089881228352
6.399999999999517,3200,1.0,0.75,0.0,0.9093979063644145,0.0642358537044818,-4.0160901551556787e-07,-2.0453685502898894e-06,-3.0393575347287765e-06,-2.6452142819622884,-0.3370478278893482
6.399999999999517,3200,1.0,0.8749999999999996,0.0,1.1039853337346093,0.0702471631908535,-8.753697426387277e-08,2.7005310420530273e-07,-1.7257222231362038e-06,-2.201482752116251,-0.3264119842683007
6.399999999999517,3200,1.0,1.0,0.0,1.2756874736394717,0.07333102537922415,1.0426803494559183e-07,5.0967351776565075e-09,-1.5720332568284545e-07,-0.4301014366519947,-0.2845252417726296
6.399999999999517,3200,1.0,1.125,0.0,1.2756909650921306,0.06584796551498091,1.3654298459865467e-07,-2.660293979539395e-08,-1.6175763441840555e-08,-0.11201278503075167,-0.2571651826620772
6.399999999999517,3200,1.0,1.25,0.0,1.269977988487024,0.06130133998855851,-3.725848945060291e-08,1.104927348822335e-08,-4.388216025166843e-09,-0.05909640509211146,-0.24566399457134025
6.399999999999517,3200,1.0,1.375,0.0,1.2491879221758813,0.05378600537261721,1.3637927957226887e-07,-6.91775383375098e-08,2.1501891802246277e-08,-0.022000290605642764,-0.2206248307915123
6.399999999999517,3200,1.0,1.5,0.0,1.2479720889306345,0.053723724687008055,1.179352990383589e-07,-6.134741473582314e-08,1.9903675264355598e-08,-0.01936425411663988,-0.2192151062400233
6.399999999999517,3200,1.0,1.625,0.0,1.2092592659855623,0.03954430889621944,1.2486567307368494e-07,-8.827756487988863e-09,2.7317505168382703e-08,-0.0106307152272702,-0.17142518665491494
6.399999999999517,3200,1.0,1.75,0.0,1.2052400986025738,0.04031759778657542,9.474015608218935e-08,6.834402874232941e-09,2.506686173479831e-08,-0.009961214056685123,-0.16712002675113685
6.399999999999517,3200,1.0,1.875,0.0,1.1930209874805964,0.03769367026944211,3.8525204470741877e-10,6.238899866628233e-08,1.5774151643285407e-08,-0.007268742090671079,-0.15496745638707504
6.399999999999517,3200,1.0,2.0,0.0,1.1708637592323885,0.017145472700551057,1.1221479450346881e-07,6.366539692562977e-08,2.3270031809912077e-10,0.0017802352184953735,-0.13483340971415797
6.399999999999517,3200,1.0,2.125,0.0,1.1550997727348078,0.025440338301157665,7.309093078467498e-08,6.149480129312815e-08,2.214185036362963e-08,0.0053706491517484045,-0.11804374830134404
6.399999999999517,3200,1.0,2.25,0.0,1.152945693615873,0.02607045721522043,6.652919710074804e-08,4.190577312246884e-08,1.6719961225434432e-08,0.005819799180540552,-0.1158369477390699
6.399999999999517,3200,1.0,2.375,0.0,1.1451126063614914,0.025335594896943477,7.554613774649759e-08,-4.3703888143005535e-09,5.242053673684375e-09,0.005783789206068466,-0.10855434745468245
6.399999999999517,3200,1.0,2.5,0.0,1.1302662765068159,0.014802609848018788,8.82411353585017e-08,4.511475614849878e-08,-2.6134475698311108e-08,0.002454999224280549,-0.0966630499972274
6.399999999999517,3200,1.0,2.625,0.0,1.119884865994359,0.021762391906826682,7.340750404311917e-08,-2.5588141405755773e-08,9.046482932555796e-09,0.002312865377585612,-0.08567652205126314
6.399999999999517,3200,1.0,2.75,0.0,1.114117128662894,0.02232465205456047,4.0857081617729e-08,-8.77899823971534e-09,7.47761559253744e-09,0.0017847718178006706,-0.08006920555580548
6.399999999999517,3200,1.0,2.875,0.0,1.1132815595920191,0.021679479435857258,4.921781633889487e-08,-1.4663728328985794e-08,7.584146486783744e-09,0.0016706741508170967,-0.07933478775421628
6.399999999999517,3200,1.0,3.0,0.0,1.0979904822336493,0.01532646000277464,6.376959458572402e-08,-9.298236332833124e-09,1.9633929223204244e-09,0.0003850323067100742,-0.06498207335572212
6.599999999999495,3300,1.0,-3.0,0.0,1.0965294087336432,-0.012458229000953334,7.419709245042179e-08,1.55347013965582e-08,-1.7397091762650844e-09,0.00032430887572346427,-0.06946210432033516
6.599999999999495,3300,1.0,-2.875,0.0,1.1119841839760598,-0.017826317620438282,-2.3188237688772853e-08,3.805681242632076e-09,1.106945155668808e-09,-0.0010785651314284082,-0.08445705923142262
6.599999999999495,3300,1.0,-2.75,0.0,1.1128583906509053,-0.01842313097813899,-1.3439047847393853e-08,6.722333634942877e-09,-9.747952338494782e-10,-0.0012173848101022806,-0.08523215698173597
6.599999999999495,3300,1.0,-2.625,0.0,1.1184452078627964,-0.01733432971839733,-6.050266421226752e-08,-4.6855861937633e-09,-1.1288948791661536e-11,-0.0013976871996781623,-0.09121522993422834
6.599999999999495,3300,1.0,-2.5,0.0,1.1346400317958332,-0.010994255230116884,7.382462260532854e-08,4.5976709075251153e-08,-5.389563843457183e-09,-0.0011687254675475803,-0.10895935546252655
6.599999999999495,3300,1.0,-2.375,0.0,1.1440304332564857,-0.019294524766109936,7.808950549152322e-10,5.450294207340148e-08,1.017586125733627e-12,-0.00438737355865777,-0.11566410923668156
6.599999999999495,3300,1.0,-2.25,0.0,1.1453567287201385,-0.01988472387671048,-1.2524690573476459e-08,5.512405481271435e-08,7.193913513442216e-10,-0.004711928045948706,-0.11678554100168075
6.599999999999495,3300,1.0,-2.125,0.0,1.1539180803986429,-0.025954822909602,-2.1391438495133285e-08,5.8914781565724724e-08,8.201314853514095e-09,-0.0027463364822216136,-0.12390160354366246
6.599999999999495,3300,1.0,-2.0,0.0,1.1684777506501516,-0.033787397213955545,-3.11786959621383e-08,1.6386848660507952e-08,2.7126210593956104e-08,0.00444730725119876,-0.1371498657718578
6.599999999999495,3300,1.0,-1.875,0.0,1.1932311739504322,-0.02681153070928647,-1.3117058819454578e-07,3.525035011478279e-08,2.4676881282987022e-08,0.0071908586056344485,-0.16365162193336621
6.599999999999495,3300,1.0,-1.75,0.0,1.2063868520106502,-0.028154946361110447,-1.6646533107437226e-07,-5.039571481086939e-09,7.321998556971852e-08,0.00844648858352935,-0.1767038786408834
6.599999999999495,3300,1.0,-1.625,0.0,1.2398532334697432,-0.04273890317460438,-4.179626298028524e-07,-1.1876164585232844e-08,3.8477474907216603e-08,0.00988955889612664,-0.2156050593317334
6.599999999999495,3300,1.0,-1.5,0.0,1.2547498633251526,-0.037416007722556266,-7.32123920416738e-07,-6.55949935711145e-08,3.2007746883743464e-08,0.016590427634740758,-0.23469701005122745
6.599999999999495,3300,1.0,-1.375,0.0,1.2561322665437151,-0.03735778789589019,-4.4616040453477473e-07,-1.882087743817108e-08,2.7218819256240356e-08,0.019038677142143558,-0.23630237448193567
6.599999999999495,3300,1.0,-1.2500000000000002,0.0,1.280568984320134,-0.04384219338835601,-7.98124071819498e-07,-4.525852441872984e-08,-2.1821481890029384e-08,0.05091056134110667,-0.26472090541949994
6.599999999999495,3300,1.0,-1.125,0.0,1.2884392756546725,-0.04795908577529217,-7.925359112598372e-07,-4.192863329695064e-08,-1.1676872830991644e-07,0.09898629322237777,-0.27811244855448664
6.599999999999495,3300,1.0,-1.0,0.0,1.292723326074971,-0.050343494005565224,-1.3072385275509387e-06,-1.116012071265049e-06,-1.5397300829538551e-06,0.5444318139598934,-0.3196013367268362
6.599999999999495,3300,1.0,-0.875,0.0,1.214749618256016,-0.05441567765702706,-2.0581337153687315e-06,-5.130603034888747e-06,-5.457111256611127e-06,1.534433811823825,-0.35354371913203153
6.599999999999495,3300,1.0,-0.75,0.0,0.9654707589161999,-0.05538935461256294,-4.634195658167742e-06,-1.062107823682498e-05,-1.3899669582154385e-05,2.618074497008965,-0.3792143178904989
6.599999999999495,3300,1.0,-0.625,0.0,0.606833590436928,-0.0737912249219824,-5.276646378704904e-06,-1.5843066283233465e-06,-1.7462498678809103e-05,2.7439144491753265,-0.39059023691564987
6.599999999999495,3300,1.0,-0.5,0.0,0.31841820994907766,-0.11631117881532947,-7.776526772180353e-06,1.0403895671506404e-05,-2.903363909983668e-05,2.181775408464304,-0.39739748203221187
6.599999999999495,3300,1.0,-0.375,0.0,0.13880649360685776,-0.1488466229577446,-5.302401218703477e-06,1.4665476888159673e-05,-2.854544864554438e-05,1.8654972477752134,-0.39411187455942126
6.599999999999495,3300,1.0,-0.25,0.0,-0.11667127555569151,-0.14895777936285098,-3.970937547960702e-06,2.6141117448120686e-05,-5.166745270595354e-05,1.7070204821214874,-0.3907944987537224
6.599999999999495,3300,1.0,-0.125,0.0,-0.2851697279566529,-0.11224979733500959,-1.0996783269922183e-07,1.2637975210914016e-05,-3.2561850786737965e-05,1.059408071448984,-0.37278307460775206
6.599999999999495,3300,1.0,0.0,0.0,-0.3519133723600029,-0.042540722920805976,1.4876982030687946e-06,1.0164905251968748e-05,-2.0681299590642534e-05,0.23852091848058155,-0.3569320587989503
6.599999999999495,3300,1.0,0.12499999999999956,0.0,-0.328637043168387,0.018446403657732292,1.528683724294422e-06,3.1180813545855443e-06,-8.109862109062425e-06,-0.36810699200634445,-0.3444756907328481
6.599999999999495,3300,1.0,0.25,0.0,-0.18015212155495708,0.10309416296462993,2.7103161766636405e-06,-1.952774719055763e-06,6.125493040575545e-06,-1.384556834963473,-0.3491804028971172
6.599999999999495,3300,1.0,0.375,0.0,0.06567993785781731,0.11923352613007163,2.0608574625209444e-06,-1.1194836456515246e-05,1.2206361299520471e-06,-1.7256948156028833,-0.34635181493318906
6.599999999999495,3300,1.0,0.49999999999999956,0.0,0.15566270123759698,0.11232522293214851,2.1109345287331298e-06,-1.1633851042499522e-05,6.724921865588683e-07,-1.8256715372492909,-0.34518821751321394
6.599999999999495,3300,1.0,0.625,0.0,0.5341693720672444,0.07003437025625006,3.898348909615611e-07,-8.307376116615571e-06,-3.5564472935754173e-06,-2.678334372223012,-0.34045341485609915
6.599999999999495,3300,1.0,0.75,0.0,0.8990910036199948,0.0644733883972925,-4.083672094624834e-07,-2.647718122614537e-06,-3.694615851702304e-06,-2.6472357268372155,-0.33361879266466876
6.599999999999495,3300,1.0,0.8749999999999996,0.0,1.0951999406858621,0.07161861103441848,-8.964568524415156e-08,1.5063366207795796e-07,-2.0000059746346185e-06,-2.2136858076062658,-0.32366677076615746
6.599999999999495,3300,1.0,1.0,0.0,1.2716469188798212,0.07660549094197235,1.2375662923872755e-07,-2.688269321292068e-08,-1.7773673103078483e-07,-0.43974773757266183,-0.2832933923870439
6.599999999999495,3300,1.0,1.125,0.0,1.2731726050542764,0.0694133609835014,1.5812616956287168e-07,-3.5730284120817717e-08,-1.8881322689268686e-08,-0.11515675435382594,-0.2566765686050803
6.599999999999495,3300,1.0,1.25,0.0,1.267956162884221,0.06496736818723062,-2.865450297039656e-08,1.154696130919086e-08,-2.0062989864997747e-10,-0.06063865526579903,-0.24549833307757712
6.599999999999495,3300,1.0,1.375,0.0,1.247809466663738,0.05740302208557544,1.6435324613029657e-07,-5.901076371835665e-08,2.6881687303888374e-08,-0.022191247461867968,-0.2209260961853414
6.599999999999495,3300,1.0,1.5,0.0,1.2466313785128367,0.05733036297136821,1.4459180863144694e-07,-5.094293687979261e-08,2.4639399904671585e-08,-0.019460132251363393,-0.21953818340953407
6.599999999999495,3300,1.0,1.625,0.0,1.2090354351006298,0.04287989617761208,1.5551553369862113e-07,-1.561455324315915e-08,2.8496347257546483e-08,-0.010356613471122371,-0.17203683329899255
6.599999999999495,3300,1.0,1.75,0.0,1.205108353318765,0.043553599433413116,1.2203603328165398e-07,3.071247706490184e-09,2.6785205679575824e-08,-0.009602533063691297,-0.16772510030199317
6.599999999999495,3300,1.0,1.875,0.0,1.1931829132363323,0.04066978587615519,2.029671006815296e-08,6.289677142008432e-08,1.6565121622019854e-08,-0.00670756218039207,-0.15560436724423518
6.599999999999495,3300,1.0,2.0,0.0,1.1717278389825814,0.019871226003706464,1.3635439331060119e-07,7.090608792228175e-08,-5.378748960014749e-09,0.0021035476406402044,-0.1355681888804541
6.599999999999495,3300,1.0,2.125,0.0,1.1556925521963128,0.027671309601144892,9.321575231789655e-08,4.963733407041725e-08,2.1817181995806394e-08,0.005665564429481868,-0.11882347870713494
6.599999999999495,3300,1.0,2.25,0.0,1.153519486982349,0.028237846963682603,8.42951015318567e-08,3.3343765591101755e-08,1.8059424550762203e-08,0.0061300805560575555,-0.11662724173110023
6.599999999999495,3300,1.0,2.375,0.0,1.1457295428536085,0.02735156827223817,8.994070505221971e-08,-3.135658911221305e-09,9.28901095128433e-09,0.006251685733948227,-0.10939393912852323
6.599999999999495,3300,1.0,2.5,0.0,1.1313043160598855,0.01671806131930404,1.0222039295020175e-07,5.060970167909737e-08,-2.7746079834851718e-08,0.0034502931911112146,-0.09763400771800562
6.599999999999495,3300,1.0,2.625,0.0,1.12070264807006,0.02346124831282331,8.516922775845305e-08,-2.4072179470109565e-08,1.2647927765577347e-08,0.0030902695997770554,-0.08661708526835059
6.599999999999495,3300,1.0,2.75,0.0,1.1148995247353866,0.02391532221744862,5.176234573102826e-08,-3.680297280725442e-09,1.149071143671781e-08,0.0025389021958858128,-0.08100465397656562
6.599999999999495,3300,1.0,2.875,0.0,1.114073309564887,0.023252980795071678,6.025083174567944e-08,-8.255078923724009e-09,1.1597904828677652e-08,0.002429814327382987,-0.08026893003877499
6.599999999999495,3300,1.0,3.0,0.0,1.0987859677641525,0.0165955018237276,7.400191682484676e-08,-4.897088102534497e-09,3.3194345144501693e-09,0.0009552974551321326,-0.06585279869334427
6.799999999999473,3400,1.0,-3.0,0.0,1.0977150322860818,-0.013417843012163531,6.894905968898633e-08,1.095506678490002e-08,1.2557481410861042e-09,-0.00026391231419526214,-0.07011973577523047
6.799999999999473,3400,1.0,-2.875,0.0,1.1133306177303968,-0.018954781577016966,-3.079629108895625e-08,-1.012702727338574e-08,-2.12895559263285e-09,-0.0018535978549807884,-0.08510927018024889
6.799999999999473,3400,1.0,-2.75,0.0,1.1142075462748706,-0.019560470403097472,-2.153295297252985e-08,-7.254994505640581e-09,-3.563812683087165e-09,-0.0019967825864522118,-0.08587957104831795
6.799999999999473,3400,1.0,-2.625,0.0,1.119875219196657,-0.018602195488015495,-7.109676241808656e-08,-1.8504196774960698e-08,3.54121417720083e-09,-0.0021967790077605646,-0.09185584359812196
6.799999999999473,3400,1.0,-2.5,0.0,1.1363618382555618,-0.012680600775249679,4.9355804117850644e-08,2.976047551572107e-08,1.271037451978635e-08,-0.0021596615547362715,-0.1095874322797866
6.799999999999473,3400,1.0,-2.375,0.0,1.145688376205117,-0.02111956248765148,-2.5462320308262675e-08,5.253317865261463e-08,1.2746499811243918e-08,-0.0052552997109844915,-0.11615732014394015
6.799999999999473,3400,1.0,-2.25,0.0,1.1470152993625145,-0.02173566554998145,-3.940979579701965e-08,5.3719274803907655e-08,1.2889954007805884e-08,-0.005564246495671659,-0.11726549216092749
6.799999999999473,3400,1.0,-2.125,0.0,1.155530803731048,-0.027973524080139034,-4.5955167974986506e-08,6.483189935128301e-08,3.2303738150870976e-09,-0.003335625159989001,-0.12433647208996498
6.799999999999473,3400,1.0,-2.0,0.0,1.1700448008830358,-0.03613650403518289,-5.983503959832114e-08,1.4482760731676696e-08,1.3158874536270608e-08,0.004409932050330316,-0.1375782869967806
6.799999999999473,3400,1.0,-1.875,0.0,1.1952020560139287,-0.02951113090819179,-1.543023393630628e-07,4.8689227060304414e-08,4.044508459640686e-08,0.007500778248849531,-0.1643805022771295
6.799999999999473,3400,1.0,-1.75,0.0,1.2083905075032062,-0.03118407526832954,-1.8670674598766046e-07,9.745181808504335e-09,8.581045782077642e-08,0.009274692822122546,-0.17742046847819817
6.799999999999473,3400,1.0,-1.625,0.0,1.2410923620737526,-0.047013943794211296,-4.525796718576263e-07,4.666012151768903e-10,8.79518397879756e-09,0.011271797394139714,-0.21580660273337213
6.799999999999473,3400,1.0,-1.5,0.0,1.2559459666370096,-0.04217813033878566,-7.828212298121038e-07,-6.326615745568736e-08,2.454812498630936e-08,0.018293524089568136,-0.23483674786005398
6.799999999999473,3400,1.0,-1.375,0.0,1.2573171774294924,-0.04216220117067869,-4.901699160021017e-07,-2.1462270108513137e-08,2.1836604956152266e-08,0.020819643783388107,-0.23643034954184805
6.799999999999473,3400,1.0,-1.2500000000000002,0.0,1.2814419571863653,-0.04927385269048323,-8.622202501864816e-07,-4.435411887531151e-08,-5.6351144598933456e-08,0.05373868936823406,-0.2644080095582123
6.799999999999473,3400,1.0,-1.125,0.0,1.2889133430496336,-0.05371961538243278,-8.593260726857969e-07,-5.140794533583063e-08,-1.3304347129332303e-07,0.10368616122792017,-0.2775511762788534
6.799999999999473,3400,1.0,-1.0,0.0,1.2911684536264014,-0.057017851807020514,-1.397129329829058e-06,-1.2469200171276385e-06,-1.6122189853231786e-06,0.5653476724397148,-0.3182521962005714
6.799999999999473,3400,1.0,-0.875,0.0,1.2085418552044642,-0.06125809625317519,-2.196981505265159e-06,-5.474841913329258e-06,-5.749208805669276e-06,1.566544868628123,-0.3509482492359245
6.799999999999473,3400,1.0,-0.75,0.0,0.9537931700982537,-0.06172834965058687,-4.87666522207957e-06,-1.0940194467381773e-05,-1.4411246053631024e-05,2.627994335849088,-0.37481272697736034
6.799999999999473,3400,1.0,-0.625,0.0,0.5952659392667544,-0.07982805321901326,-5.496692830031894e-06,-1.102750403217701e-06,-1.798425231686082e-05,2.707759805455039,-0.3847873716931909
6.799999999999473,3400,1.0,-0.5,0.0,0.3117526164113564,-0.12245213286971932,-7.943481707604118e-06,1.1757711277418423e-05,-3.0013392792683083e-05,2.126323012552928,-0.3909697826901072
6.799999999999473,3400,1.0,-0.375,0.0,0.1353643171370272,-0.15498396307395346,-5.376139259386193e-06,1.5640006380688075e-05,-2.9729151725952734e-05,1.8115918322082258,-0.38745635606269135
6.799999999999473,3400,1.0,-0.25,0.0,-0.11522621046416541,-0.15626945933374523,-3.924004852049359e-06,2.614078794372246e-05,-5.349119160784849e-05,1.6473484665304545,-0.38445607524443803
6.799999999999473,3400,1.0,-0.125,0.0,-0.27890998947335255,-0.11983232497032843,-1.5451711663589975e-07,1.2114894191623933e-05,-3.195937826384227e-05,1.013410497758989,-0.36750562964788464
6.799999999999473,3400,1.0,0.0,0.0,-0.34490316905262924,-0.05079909487753858,1.4233398840423735e-06,9.816603904974565e-06,-2.0019772385745368e-05,0.22604135169926798,-0.35285260608277275
6.799999999999473,3400,1.0,0.12499999999999956,0.0,-0.32402880135431006,0.01008415252611623,1.534815333427702e-06,3.228205252464497e-06,-7.719604822453836e-06,-0.36529702498068783,-0.34097163895100435
6.799999999999473,3400,1.0,0.25,0.0,-0.17957983741794598,0.09487179808735688,2.8508233724683495e-06,-1.5688603145947359e-06,6.051633344134518e-06,-1.3561433443611002,-0.3461521891915799
6.799999999999473,3400,1.0,0.375,0.0,0.06036109982906808,0.11256228924905806,2.3054118708118502e-06,-1.1728450197429073e-05,5.868916219612183e-07,-1.6983159480488914,-0.3435463728834318
6.799999999999473,3400,1.0,0.49999999999999956,0.0,0.14894669569584662,0.10636065437853992,2.353579162547239e-06,-1.2348949903663429e-05,-3.773420516580751e-08,-1.8040100347398207,-0.3424549237656548
6.799999999999473,3400,1.0,0.625,0.0,0.5254847607724105,0.06733595320115451,4.866147522401344e-07,-9.563390291071893e-06,-4.463556550436733e-06,-2.6731914007130415,-0.33784075730762253
6.799999999999473,3400,1.0,0.75,0.0,0.8906948405161694,0.0638775323378482,-4.3897417122857794e-07,-3.1800774131803693e-06,-4.269135456377542e-06,-2.6510756519246406,-0.33098894776075466
6.799999999999473,3400,1.0,0.8749999999999996,0.0,1.0879031242870207,0.07213947501923454,-1.0629719848679994e-07,8.175306895713736e-08,-2.2672569716086878e-06,-2.2240223853884076,-0.3214561128684034
6.799999999999473,3400,1.0,1.0,0.0,1.2679837908872402,0.07923346234203739,1.3339119550654794e-07,-4.893881067942145e-08,-2.0691220586863154e-07,-0.44671795113135115,-0.28229987373778104
6.799999999999473,3400,1.0,1.125,0.0,1.270738893499153,0.07241962603031657,1.7429278356747366e-07,-4.145785359494388e-08,-2.944195064456425e-08,-0.11741549299582137,-0.25628316492572845
6.799999999999473,3400,1.0,1.25,0.0,1.2659512324450455,0.06811281052138811,-2.373249856125991e-08,1.7433549833491995e-08,-9.18893714617781e-10,-0.06160186813588626,-0.24537986671113118
6.799999999999473,3400,1.0,1.375,0.0,1.2463629571718002,0.06053431976478534,1.898468956054344e-07,-3.775527870669262e-08,3.071784246773061e-08,-0.0225384295133621,-0.22123709546950432
6.799999999999473,3400,1.0,1.5,0.0,1.2452243615854282,0.060453940186475895,1.6900409518685343e-07,-3.02488418334078e-08,2.8225813331634334e-08,-0.01972697512804067,-0.2198712609130018
6.799999999999473,3400,1.0,1.625,0.0,1.20858899740351,0.045791830683774286,1.8456769706782002e-07,-2.31350346098354e-08,3.669010333085655e-08,-0.010226345460021982,-0.1727698941342428
6.799999999999473,3400,1.0,1.75,0.0,1.2047440736835404,0.04636569889583496,1.4752014517312079e-07,-2.991030500009481e-09,3.336852866840264e-08,-0.00936785474217702,-0.16847067576567382
6.799999999999473,3400,1.0,1.875,0.0,1.1931043204625993,0.0432515652489197,3.791045499496021e-08,5.857470296766961e-08,1.9661050130220614e-08,-0.0062515610530146795,-0.15642378880536917
6.799999999999473,3400,1.0,2.0,0.0,1.172364030460376,0.022265889883784175,1.5874030154290872e-07,7.417076126483797e-08,-9.609069802883753e-09,0.002330842710326172,-0.1365599277574041
6.799999999999473,3400,1.0,2.125,0.0,1.1561246568101908,0.029708233568254167,1.1078805326917978e-07,3.727099453484171e-08,2.213691195994488e-08,0.005816361950852569,-0.11984334347037419
6.799999999999473,3400,1.0,2.25,0.0,1.1539409731510524,0.030229741432202212,9.988150728222924e-08,2.475253888983174e-08,2.038718936381659e-08,0.006288183570155919,-0.11765598514726713
6.799999999999473,3400,1.0,2.375,0.0,1.1462125962686285,0.029209553829621687,1.026083963163774e-07,-2.219778718880595e-09,1.4844153608512497e-08,0.006558015988494926,-0.11044979286463719
6.799999999999473,3400,1.0,2.5,0.0,1.1322065236985848,0.018438104950158234,1.1584526420981815e-07,5.227910570280922e-08,-2.5280567362060095e-08,0.004265557103907948,-0.09875524073529623
6.799999999999473,3400,1.0,2.625,0.0,1.1214066582856768,0.02498776001027567,9.711076503814639e-08,-2.216118810660523e-08,1.6127935279557642e-08,0.0036840579238754745,-0.08765824964895191
6.799999999999473,3400,1.0,2.75,0.0,1.1155776942414595,0.025335415300303313,6.20603049915921e-08,4.2701343003577053e-10,1.4797987288788699e-08,0.0031182274069512742,-0.0820225330659722
6.799999999999473,3400,1.0,2.875,0.0,1.1147615246842246,0.0246571358039936,7.032940177708933e-08,-2.719067595154099e-09,1.4656390269780461e-08,0.0030167287625219334,-0.0812869941658169
6.799999999999473,3400,1.0,3.0,0.0,1.0995044891627623,0.01774735011723512,8.343526865316137e-08,-2.613909811260913e-09,4.624230386127191e-09,0.0013954263398058301,-0.06682050883660615
6.999999999999451,3500,1.0,-3.0,0.0,1.0989144922555516,-0.01435888980971833,6.41077431990848e-08,5.892121855666251e-09,1.2891901505412617e-09,-0.0008245616962818722,-0.0707550860312196
6.999999999999451,3500,1.0,-2.875,0.0,1.1146710513662081,-0.020095902921950636,-3.8110247238431686e-08,-1.966100595166384e-08,-8.16066474149986e-09,-0.002518340474605237,-0.08577070764022923
6.999999999999451,3500,1.0,-2.75,0.0,1.1155497745899667,-0.02071325609748341,-2.911936869327058e-08,-1.6779354556340697e-08,-8.86127245353102e-09,-0.002659215646074851,-0.08653771581231373
6.999999999999451,3500,1.0,-2.625,0.0,1.1213187735882615,-0.01988928773488575,-7.791161070965252e-08,-2.7153040150257747e-08,2.2602655459160368e-09,-0.0029223060665189426,-0.0925362355106884
6.999999999999451,3500,1.0,-2.5,0.0,1.138137596945235,-0.014335413612103878,3.126705088953392e-08,1.1227822398275788e-08,2.401215596468036e-08,-0.0032467315297187178,-0.11031552861182783
6.999999999999451,3500,1.0,-2.375,0.0,1.1473395304769582,-0.022933907242791474,-4.3290504404165206e-08,4.768218771097497e-08,1.7896018223553832e-08,-0.006113787269084699,-0.11673490238426842
6.999999999999451,3500,1.0,-2.25,0.0,1.1486640767525458,-0.023579097911954176,-5.775470545665094e-08,4.9216756169225184e-08,1.7596356261076586e-08,-0.006402772017605059,-0.11783176331095352
6.999999999999451,3500,1.0,-2.125,0.0,1.1570833809641161,-0.03002373237750254,-6.301800636886718e-08,6.541183940364696e-08,-1.0166809880757256e-08,-0.003966115124929363,-0.12483005380734818
6.999999999999451,3500,1.0,-2.0,0.0,1.1714831969620456,-0.03859849979269003,-8.440102455812651e-08,9.286253872948204e-09,-1.3499526176102505e-08,0.004103108293197193,-0.138018909039018
6.999999999999451,3500,1.0,-1.875,0.0,1.197137694608055,-0.032395228669384414,-1.8255928832949007e-07,6.180929731723691e-08,3.238539657022709e-08,0.008001435453971773,-0.16487368012188286
6.999999999999451,3500,1.0,-1.75,0.0,1.2103095980861553,-0.03445271430380874,-2.1206419902402902e-07,2.619936152935428e-08,6.306643481368121e-08,0.010376626051206069,-0.17783145297568703
6.999999999999451,3500,1.0,-1.625,0.0,1.2420839516286064,-0.05160408595607331,-4.884766172470317e-07,1.4014983665463767e-08,-2.988145899749986e-08,0.012468295622369743,-0.21566832945390668
6.999999999999451,3500,1.0,-1.5,0.0,1.2569405506645408,-0.047237704429056226,-8.361070955217358e-07,-6.442862130805723e-08,1.2486622813527318e-08,0.01978285651795514,-0.2345804696155363
6.999999999999451,3500,1.0,-1.375,0.0,1.2583030954263912,-0.04725638933721376,-5.342466833794073e-07,-1.702670911040918e-08,1.6697688809424626e-08,0.022354359060352984,-0.2361577814726822
6.999999999999451,3500,1.0,-1.2500000000000002,0.0,1.2820454615626289,-0.05491028585178656,-9.285989136091993e-07,-4.7647422525340434e-08,-9.93798199243233e-08,0.056816060113278624,-0.2636233839485756
6.999999999999451,3500,1.0,-1.125,0.0,1.2891191796526558,-0.059626465282168264,-9.27139962109486e-07,-6.04204964114394e-08,-1.6239951410148551e-07,0.10867324758202485,-0.27647615470401493
6.999999999999451,3500,1.0,-1.0,0.0,1.2891422847646197,-0.06381105612836499,-1.4887718844186915e-06,-1.374161619300608e-06,-1.7656536513373084e-06,0.5872820004306263,-0.31628073442406807
6.999999999999451,3500,1.0,-0.875,0.0,1.2016267700116703,-0.06815804159332706,-2.337637815338914e-06,-5.836358522602169e-06,-6.0793833171179274e-06,1.5992497457972057,-0.34767116627916034
6.999999999999451,3500,1.0,-0.75,0.0,0.9413575098176168,-0.06792977427558411,-5.137183863423936e-06,-1.1330147925336068e-05,-1.5004927704992325e-05,2.636889097140635,-0.36968794352704226
6.999999999999451,3500,1.0,-0.625,0.0,0.583048533300094,-0.08556636099554468,-5.731122268298299e-06,-4.746043918184921e-07,-1.8622038153245604e-05,2.6701691916926755,-0.3782363414196186
6.999999999999451,3500,1.0,-0.5,0.0,0.3043638728151465,-0.12817197323377133,-8.11345406172448e-06,1.337726073794461e-05,-3.137954756967872e-05,2.0696454329789877,-0.3838327914471996
6.999999999999451,3500,1.0,-0.375,0.0,0.1311353720611334,-0.1605489058294346,-5.461147301395341e-06,1.6561876327044187e-05,-3.125762998446342e-05,1.7551458404553755,-0.38016832273920764
6.999999999999451,3500,1.0,-0.25,0.0,-0.1143692384185994,-0.16271802170367886,-3.951624748975302e-06,2.6060603686210143e-05,-5.48726029235023e-05,1.5843476452478238,-0.3775722722858925
6.999999999999451,3500,1.0,-0.125,0.0,-0.2732043614931752,-0.12642153333526468,-2.2629427622575413e-07,1.1527565930062182e-05,-3.1130331715186266e-05,0.9652807211104142,-0.36194215359596427
6.999999999999451,3500,1.0,0.0,0.0,-0.3383624442994252,-0.058050769017481324,1.3514977626408529e-06,9.349435334490927e-06,-1.931166940321479e-05,0.20819777678321488,-0.3487089059832016
6.999999999999451,3500,1.0,0.12499999999999956,0.0,-0.3193317469107194,0.0027345379093858483,1.5223535292524397e-06,3.263019757906455e-06,-7.402156798731015e-06,-0.3704731060184955,-0.3376644573516259
6.999999999999451,3500,1.0,0.25,0.0,-0.1778833013201183,0.08720140828344268,2.9786477953834184e-06,-1.2521602761887924e-06,6.000854471524572e-06,-1.335799485052369,-0.34379132970867615
6.999999999999451,3500,1.0,0.375,0.0,0.05642235154402672,0.10611688139149654,2.5190044374115304e-06,-1.2339554304994157e-05,-7.117157863357183e-08,-1.6744503417335483,-0.3415943013795967
6.999999999999451,3500,1.0,0.49999999999999956,0.0,0.14357741698668164,0.10056017937754294,2.563399352304279e-06,-1.314638761214858e-05,-7.753315609019637e-07,-1.7851896163693577,-0.34059215013336663
6.999999999999451,3500,1.0,0.625,0.0,0.5182404151111781,0.06442317123136046,5.531176554787155e-07,-1.07316292091115e-05,-5.387077626825585e-06,-2.671658229170614,-0.3361452884818579
6.999999999999451,3500,1.0,0.75,0.0,0.8838797286230112,0.06279260736019582,-4.852688354037232e-07,-3.6187768713794716e-06,-4.817820495053965e-06,-2.6583240725391972,-0.32923755038377356
6.999999999999451,3500,1.0,0.8749999999999996,0.0,1.0821140013066095,0.07216849984368034,-1.3992441690012516e-07,5.746139142224601e-08,-2.5410601675761973e-06,-2.2344730006703273,-0.31997167984588604
6.999999999999451,3500,1.0,1.0,0.0,1.2649018818741977,0.08111141588652301,1.2995479802311255e-07,-6.403000975782314e-08,-2.3733195160081842e-07,-0.45087032147260137,-0.28165721590062515
6.999999999999451,3500,1.0,1.125,0.0,1.2685255926968269,0.07476656355571534,1.7841038780456525e-07,-4.8360566768887216e-08,-4.1729119748489774e-08,-0.11811022385242549,-0.2561030019072148
6.999999999999451,3500,1.0,1.25,0.0,1.264049613609321,0.07064024223706249,-2.5975267261484916e-08,1.5509993461946685e-08,-9.248611386003615e-09,-0.06182217150345285,-0.24539805663542663
6.999999999999451,3500,1.0,1.375,0.0,1.2449330608971523,0.06314466997380125,2.074639601056752e-07,-2.354543967207161e-08,2.3850965186935088e-08,-0.022510322226535255,-0.2215352321138124
6.999999999999451,3500,1.0,1.5,0.0,1.2438288105895225,0.0630599180184011,1.8616022173965188e-07,-1.6333870543721438e-08,2.1804562761158876e-08,-0.019674685584208824,-0.22018446812035314
6.999999999999451,3500,1.0,1.625,0.0,1.207971483125719,0.04832533975155548,2.0867220002798937e-07,-2.5728700190634905e-08,4.952118397814378e-08,-0.010071718678757852,-0.17345686822472092
6.999999999999451,3500,1.0,1.75,0.0,1.2042081390956287,0.04881071580957006,1.6897214577723477e-07,-6.3336044086671045e-09,4.28225218506104e-08,-0.009171088239299676,-0.16917816181695627
6.999999999999451,3500,1.0,1.875,0.0,1.1928552612421108,0.045503785491625884,5.3305571746200286e-08,5.2690398554722154e-08,2.4085875115274436e-08,-0.00595329056384146,-0.1572293026481023
6.999999999999451,3500,1.0,2.0,0.0,1.1728106152271216,0.024366769023467294,1.7741424091413005e-07,7.274761225342824e-08,-1.1247889442500583e-08,0.0023347465131839077,-0.1375687459576911
6.999999999999451,3500,1.0,2.125,0.0,1.1564305610353227,0.03155688553908182,1.241437981944268e-07,2.5579144660078422e-08,2.390019047223252e-08,0.0057830288731306086,-0.12090622368748917
6.999999999999451,3500,1.0,2.25,0.0,1.1542437955229752,0.0320471048325855,1.1210610096055797e-07,1.6170090719395648e-08,2.370607240365425e-08,0.006264802091670046,-0.11873178415151212
6.999999999999451,3500,1.0,2.375,0.0,1.1465899155334942,0.030905354709653415,1.1324375881754261e-07,-3.5212505270795037e-09,2.0701565891804623e-08,0.006678131441260316,-0.11155525362044183
6.999999999999451,3500,1.0,2.5,0.0,1.1329875116624328,0.019966513219211317,1.2809341975004743e-07,4.9740028793911616e-08,-2.0275102707795257e-08,0.004822483567971476,-0.09991559966780611
6.999999999999451,3500,1.0,2.625,0.0,1.1220131503145694,0.02635458380613696,1.0789900462951342e-07,-2.1160428017750045e-08,1.8484838058878667e-08,0.004036178023465117,-0.08872915588011886
6.999999999999451,3500,1.0,2.75,0.0,1.1161669544398154,0.026602379278538323,7.119350631592476e-08,2.715147909574916e-09,1.7370320647145482e-08,0.0034628451429200634,-0.0830656374464977
6.999999999999451,3500,1.0,2.875,0.0,1.1153614052288003,0.02590956103797299,7.906575512391547e-08,8.99459543737521e-10,1.6935458746548462e-08,0.003369993539470026,-0.08233057337356588
6.999999999999451,3500,1.0,3.0,0.0,1.100159621514663,0.01880662768251053,9.146825147627195e-08,-1.2761714668611762e-09,5.758788408355442e-09,0.0016747843115133886,-0.06781095292435411
7.199999999999429,3600,1.0,-3.0,0.0,1.1001229458242592,-0.015300126147022686,5.932189427202004e-08,1.3437176737111966e-09,-2.1372634789852937e-10,-0.0012811869659433814,-0.07129653634012993
7.199999999999429,3600,1.0,-2.875,0.0,1.1159978666535268,-0.021309167688384947,-4.730360059043391e-08,-1.8425166686020416e-08,-1.4746604968571108e-08,-0.00301238927563865,-0.08632588650292897
7.199999999999429,3600,1.0,-2.75,0.0,1.1168767070863952,-0.02194292902440143,-3.8355027491228956e-08,-1.5371855677089412e-08,-1.481891893752852e-08,-0.0031453228403796408,-0.08708795762252283
7.199999999999429,3600,1.0,-2.625,0.0,1.122759346097883,-0.021255926073402317,-8.487908207172003e-08,-2.3713380228001444e-08,-2.9845349255049335e-09,-0.003498822200824805,-0.09310942673577421
7.199999999999429,3600,1.0,-2.5,0.0,1.13993548129995,-0.015989888729411466,1.7300854918829674e-08,-6.305699830808174e-09,2.6781292302256935e-08,-0.004228646050593698,-0.1109724438117955
7.199999999999429,3600,1.0,-2.375,0.0,1.1489596994816929,-0.02478785876001999,-5.5942100849896704e-08,5.144937200455415e-08,1.4920896986949034e-08,-0.00683270660483432,-0.11725160451998518
7.199999999999429,3600,1.0,-2.25,0.0,1.15027873692868,-0.02546711084807101,-7.093389750287117e-08,5.353932638057544e-08,1.4160682522272834e-08,-0.007104513804581043,-0.11833805271747516
7.199999999999429,3600,1.0,-2.125,0.0,1.1585474850379678,-0.03215288336426767,-7.696117902310798e-08,7.125536562554782e-08,-2.850955903578684e-08,-0.004583460882182666,-0.1252595458498329
7.199999999999429,3600,1.0,-2.0,0.0,1.1727469819706808,-0.04119477500525198,-1.049293445864649e-07,1.6258651625078543e-09,-4.63632516437414e-08,0.003468781937603784,-0.13837734817968322
7.199999999999429,3600,1.0,-1.875,0.0,1.1989416721796,-0.03552557945753517,-2.096047924179563e-07,7.021621042028967e-08,1.2266859346179334e-08,0.00860481019136209,-0.16528559668139037
7.199999999999429,3600,1.0,-1.75,0.0,1.212003033845363,-0.03799888941133733,-2.398175942379334e-07,3.408032977040083e-08,2.682613953441525e-08,0.011401481506816604,-0.1781317051260779
7.199999999999429,3600,1.0,-1.625,0.0,1.2427865681952328,-0.0564005654490802,-5.272946157634431e-07,1.7100002488616648e-08,-5.706412846685147e-08,0.013150247968696956,-0.21523798364871455
7.199999999999429,3600,1.0,-1.5,0.0,1.2576941098791197,-0.05247726971281866,-8.891249156145575e-07,-6.366557732855942e-08,3.2098594865941454e-09,0.020879942672522835,-0.23398623437223848
7.199999999999429,3600,1.0,-1.375,0.0,1.2590499618512365,-0.05252725870466816,-5.787942773285897e-07,-1.3942665213631753e-08,1.6365615248250122e-08,0.02350575790122685,-0.23554740573275768
7.199999999999429,3600,1.0,-1.2500000000000002,0.0,1.2822785309233657,-0.06070624668752772,-9.961207017391956e-07,-5.1092596693418e-08,-1.4719101432885565e-07,0.06006897698598112,-0.2624710121893711
7.199999999999429,3600,1.0,-1.125,0.0,1.2889857574199568,-0.06564821844167575,-9.929778289140067e-07,-6.185659617711231e-08,-1.986514602149416e-07,0.11432725316506141,-0.27501971005670983
7.199999999999429,3600,1.0,-1.0,0.0,1.2865901622515814,-0.07067021987131053,-1.581013612067063e-06,-1.5233134458154416e-06,-1.8993604894242692e-06,0.6102469923604925,-0.3138392375809861
7.199999999999429,3600,1.0,-0.875,0.0,1.1940015491479827,-0.07507343290123263,-2.4892999008648186e-06,-6.222992919770774e-06,-6.401562292508201e-06,1.6320737872348996,-0.34379997153469904
7.199999999999429,3600,1.0,-0.75,0.0,0.92820306552156,-0.0738495734375946,-5.4210439565271764e-06,-1.1641617586294573e-05,-1.566241580319523e-05,2.6443159979978574,-0.363842471281541
7.199999999999429,3600,1.0,-0.625,0.0,0.570248392202432,-0.09082106513970947,-5.9726149552861095e-06,3.060984611915859e-07,-1.9414746393854306e-05,2.6313726271963462,-0.37091466109384474
7.199999999999429,3600,1.0,-0.5,0.0,0.2962816593662314,-0.13329457139530956,-8.28589677744648e-06,1.5142434994787102e-05,-3.3008303958773536e-05,2.011966714750744,-0.37597802295576804
7.199999999999429,3600,1.0,-0.375,0.0,0.12614720677664176,-0.165320348308237,-5.526378383404264e-06,1.760834584846718e-05,-3.2917110231107665e-05,1.696734154292152,-0.3722647795751741
7.199999999999429,3600,1.0,-0.25,0.0,-0.11416465815301169,-0.1680881447878888,-3.919196438812591e-06,2.610859316808106e-05,-5.615488564216141e-05,1.5196604664504967,-0.3701959254792071
7.199999999999429,3600,1.0,-0.125,0.0,-0.26820959523077775,-0.13174179693543428,-2.735715710592033e-07,1.0829535461400293e-05,-3.051980087462936e-05,0.9155808150326601,-0.3560803465008857
7.199999999999429,3600,1.0,0.0,0.0,-0.3323296945374061,-0.06395640707436442,1.295294467907919e-06,8.920443602614344e-06,-1.8663073833307175e-05,0.18539231312939514,-0.34450076681241465
7.199999999999429,3600,1.0,0.12499999999999956,0.0,-0.31456476233537556,-0.0033323779515906198,1.50284912979267e-06,3.3300269121631594e-06,-7.169982249324768e-06,-0.38249852137771123,-0.3346219291114562
7.199999999999429,3600,1.0,0.25,0.0,-0.17512069696610685,0.08036482022781401,3.1033524921454057e-06,-1.0397117590993912e-06,5.941212607548832e-06,-1.3227381544988692,-0.34214935986108913
7.199999999999429,3600,1.0,0.375,0.0,0.053862755582355114,0.10017204118219378,2.7018179333168135e-06,-1.2957704315221742e-05,-7.52003472146857e-07,-1.6539943236608503,-0.3405290845603542
7.199999999999429,3600,1.0,0.49999999999999956,0.0,0.13958211835582218,0.09517280671886674,2.740054491223201e-06,-1.395544193964891e-05,-1.534985774963242e-06,-1.7691070187806828,-0.33963701239898153
7.199999999999429,3600,1.0,0.625,0.0,0.5125173884626856,0.06151307312958018,5.838779797721694e-07,-1.1849153510514153e-05,-6.3140708759003805e-06,-2.672523165081029,-0.3354086656793231
7.199999999999429,3600,1.0,0.75,0.0,0.8785508207310169,0.06158992698574832,-5.529983240063043e-07,-3.9939234356945e-06,-5.382511058972192e-06,-2.6661438277745364,-0.32841140457531703
7.199999999999429,3600,1.0,0.8749999999999996,0.0,1.0776240199429523,0.07197591906177415,-1.9012838529364685e-07,5.883056225817452e-08,-2.83888258061083e-06,-2.243102321534604,-0.3192829366471189
7.199999999999429,3600,1.0,1.0,0.0,1.2623349647786366,0.08234940688780179,1.1423634138815892e-07,-8.80533017563329e-08,-2.6909729903457243e-07,-0.4547038520282849,-0.2814770918834166
7.199999999999429,3600,1.0,1.125,0.0,1.2666120881618967,0.07645176113956746,1.7170440480085168e-07,-4.201250741720544e-08,-4.691226755726515e-08,-0.11898347223580925,-0.2562338927250128
7.199999999999429,3600,1.0,1.25,0.0,1.2623340743489997,0.07252083405736083,-3.5337010676538785e-08,1.9920527421551666e-08,-1.888092988523456e-08,-0.062319672733839655,-0.2456741872769761
7.199999999999429,3600,1.0,1.375,0.0,1.2436025854686048,0.06515107676701062,2.1480617077432619e-07,-1.9331347144989562e-08,1.4668414742172203e-08,-0.022313865590144262,-0.22199039533899081
7.199999999999429,3600,1.0,1.5,0.0,1.2425234247223254,0.06506747091441463,1.9342978316392815e-07,-1.2787067560697392e-08,1.2617587036241969e-08,-0.019472836464909993,-0.22064982591274565
7.199999999999429,3600,1.0,1.625,0.0,1.2072658566653014,0.0505225604972496,2.2536960923641867e-07,-2.158240575909852e-08,5.7802826094631436e-08,-0.009806601139980546,-0.17429792168873048
7.199999999999429,3600,1.0,1.75,0.0,1.2035842490514583,0.05095620056166357,1.8446822690926608e-07,-5.067320637606401e-09,4.911236539044748e-08,-0.008953951403082125,-0.17004414942855467
7.199999999999429,3600,1.0,1.875,0.0,1.1925124519682366,0.047523445447526506,6.587030675525499e-08,4.7118489409478616e-08,2.885479342865338e-08,-0.005807480714920909,-0.158165561888693
7.199999999999429,3600,1.0,2.0,0.0,1.1731077469322602,0.026256523599911374,1.93766703697356e-07,6.902467384996175e-08,-1.0911938366004889e-08,0.0020779109097589813,-0.13861644712857257
7.199999999999429,3600,1.0,2.125,0.0,1.1566392667223175,0.033241932596143005,1.3669520811621131e-07,1.6351119407923666e-08,2.5646069896316655e-08,0.005567051896559662,-0.1219359240157742
7.199999999999429,3600,1.0,2.25,0.0,1.1544551293112424,0.033706385832797725,1.2419678588105487e-07,8.613876325883875e-09,2.644180577318441e-08,0.006065288796802986,-0.1197623573916294
7.199999999999429,3600,1.0,2.375,0.0,1.1468830157698602,0.03244688979568919,1.2470839943425915e-07,-6.925453357642488e-09,2.5274031451860795e-08,0.006609820965990979,-0.11259836139584264
7.199999999999429,3600,1.0,2.5,0.0,1.1336626300962693,0.021331723543142618,1.41200798519792e-07,4.340968312017888e-08,-1.447990110899326e-08,0.005073507602211744,-0.10101745379976781
7.199999999999429,3600,1.0,2.625,0.0,1.1225424032458193,0.027597079684773512,1.1906143030715022e-07,-2.213666068476013e-08,1.9069945371576602e-08,0.004126805188616572,-0.08978140296604703
7.199999999999429,3600,1.0,2.75,0.0,1.1166878127685007,0.027756369316292318,8.018674489466574e-08,2.2510364592557315e-09,1.9054728191101416e-08,0.003550056546530491,-0.0841053888076152
7.199999999999429,3600,1.0,2.875,0.0,1.1158931936353036,0.02705043615796637,8.759746414517058e-08,1.3932045889527386e-09,1.838927070241491e-08,0.0034637152397776635,-0.08337077112699623
7.199999999999429,3600,1.0,3.0,0.0,1.1007643523017434,0.019821307003198816,9.851229914295117e-08,-1.100165798952761e-09,6.862190393918081e-09,0.0017988091291879502,-0.06879819312431489
7.399999999999407,3700,1.0,-3.0,0.0,1.1013307050736323,-0.0162799639661311,5.486689932574747e-08,-9.703904111102316e-10,-2.0676794021612454e-09,-0.0016177552846488735,-0.0717095032372204
7.399999999999407,3700,1.0,-2.875,0.0,1.1172985860131357,-0.022615256457530337,-5.686721445755483e-08,-1.722927481050087e-08,-2.0129550411780972e-08,-0.0033307547098995875,-0.08672421422851596
7.399999999999407,3700,1.0,-2.75,0.0,1.1181755119540833,-0.02326962881831289,-4.792712310992243e-08,-1.4377236396915921e-08,-1.984993494424129e-08,-0.0034525855583660173,-0.0874800746274065
7.399999999999407,3700,1.0,-2.625,0.0,1.1241778275031407,-0.022720546747486154,-9.371775188827268e-08,-1.8762055478845275e-08,-8.978434191370604e-09,-0.0039008121600560652,-0.09351481046305496
7.399999999999407,3700,1.0,-2.5,0.0,1.1417191479875954,-0.017703109114680236,8.528408039786361e-09,-1.0500476906402712e-08,2.0703961485336117e-08,-0.0050163199010809095,-0.11144372403025303
7.399999999999407,3700,1.0,-2.375,0.0,1.1505083942067071,-0.026742931836469724,-6.588930671481338e-08,5.54102619645693e-08,5.365328482791188e-09,-0.007371246873963683,-0.11757290988504326
7.399999999999407,3700,1.0,-2.25,0.0,1.1518177054064347,-0.027460282583120978,-8.139291979362435e-08,5.76242980676398e-08,4.056551446773827e-09,-0.007629886022984421,-0.11864697179662395
7.399999999999407,3700,1.0,-2.125,0.0,1.159888502427273,-0.03440320387480393,-8.809926875367773e-08,7.16881528583055e-08,-4.975153805230141e-08,-0.005140720986976345,-0.12548153563493086
7.399999999999407,3700,1.0,-2.0,0.0,1.1738199188475933,-0.043918404834793714,-1.201364340539791e-07,3.127651436402966e-09,-8.369981747750657e-08,0.0026170289016194167,-0.1385086917245326
7.399999999999407,3700,1.0,-1.875,0.0,1.2005502535727868,-0.03891487022106845,-2.3791137179997096e-07,7.360764646434729e-08,-1.3959800201002688e-08,0.009078017844654118,-0.1654130438862309
7.399999999999407,3700,1.0,-1.75,0.0,1.213460849012691,-0.04181355392377388,-2.6748471610638116e-07,3.846866972523227e-08,2.307469751075969e-09,0.012226875696546275,-0.1781681523129084
7.399999999999407,3700,1.0,-1.625,0.0,1.243255318541423,-0.06134844160955752,-5.581120139917249e-07,1.6299329624117442e-08,-7.786843518494333e-08,0.013658690528700078,-0.21465180941361334
7.399999999999407,3700,1.0,-1.5,0.0,1.2582269848766559,-0.05787436029949324,-9.353356007525637e-07,-6.284453276389113e-08,-1.5734635926415116e-08,0.0220809448913121,-0.23321192859841275
7.399999999999407,3700,1.0,-1.375,0.0,1.2595664823896562,-0.0579597449507638,-6.136389295076027e-07,-3.7241558443355052e-09,8.904888179727079e-09,0.02479902036931183,-0.23474184576873575
7.399999999999407,3700,1.0,-1.2500000000000002,0.0,1.2820903368974714,-0.0666969569780116,-1.0570130474310352e-06,-6.744705284052473e-08,-2.04767399965486e-07,0.06358206238117928,-0.2608956525235159
7.399999999999407,3700,1.0,-1.125,0.0,1.2883607143458133,-0.07186296524658348,-1.0556616862693874e-06,-7.708856315718805e-08,-2.7441873785147946e-07,0.12031774331128116,-0.2730321705133666
7.399999999999407,3700,1.0,-1.0,0.0,1.2834267701896713,-0.07766708229846048,-1.6828599436530987e-06,-1.6796222875872232e-06,-2.1286669501847034e-06,0.6340242241106884,-0.3106477232227274
7.399999999999407,3700,1.0,-0.875,0.0,1.1855559231824382,-0.08195879618711728,-2.668268879481052e-06,-6.617871455857301e-06,-6.834534738346112e-06,1.6646286726838861,-0.3390124520847139
7.399999999999407,3700,1.0,-0.75,0.0,0.9144092318775989,-0.07943339344443806,-5.734954649237738e-06,-1.1946348609012377e-05,-1.624525665305564e-05,2.6497831350473966,-0.3570820892261579
7.399999999999407,3700,1.0,-0.625,0.0,0.5569659820492582,-0.09553354270292068,-6.226688204281421e-06,1.1601058321213581e-06,-2.032064852617167e-05,2.5925069567695247,-0.36288219824922047
7.399999999999407,3700,1.0,-0.5,0.0,0.28749404453686034,-0.13763519414145378,-8.46962748710738e-06,1.6957038635791913e-05,-3.4782857751920544e-05,1.9549553285147276,-0.3674777236243698
7.399999999999407,3700,1.0,-0.375,0.0,0.12037576862113578,-0.16909140415926915,-5.589496862196424e-06,1.871696314709223e-05,-3.464492669065705e-05,1.6375441195954812,-0.3638051904084737
7.399999999999407,3700,1.0,-0.25,0.0,-0.11465551967149042,-0.1721637169964066,-3.883595274973368e-06,2.6133311523364442e-05,-5.7134956275571043e-05,1.4540794981390055,-0.3623966298806578
7.399999999999407,3700,1.0,-0.125,0.0,-0.26397485581741337,-0.13545596041152227,-3.0504927912633044e-07,1.0128181518792605e-05,-3.0000769202345872e-05,0.8649129776794988,-0.34995618170818155
7.399999999999407,3700,1.0,0.0,0.0,-0.3268020859800683,-0.06848270965066772,1.2614273070735904e-06,8.523013871276933e-06,-1.806595440276181e-05,0.1582711952510087,-0.3402609857359958
7.399999999999407,3700,1.0,0.12499999999999956,0.0,-0.3097180974608325,-0.007962335669175619,1.4917637369957897e-06,3.4460298975536534e-06,-7.018917600227276e-06,-0.4008278069176259,-0.3318946236452472
7.399999999999407,3700,1.0,0.25,0.0,-0.17128371370813453,0.0746024929553511,3.2373447698025006e-06,-8.620837160716555e-07,5.9187036693052235e-06,-1.3159142798157877,-0.34121240713101897
7.399999999999407,3700,1.0,0.375,0.0,0.052675111780587605,0.09492896651371899,2.8604436649612653e-06,-1.3673507316195874e-05,-1.4444648587223583e-06,-1.6365647411802953,-0.34024678623943505
7.399999999999407,3700,1.0,0.49999999999999956,0.0,0.13697232329227615,0.0903986309828772,2.889236057609568e-06,-1.4863626644104308e-05,-2.3052862129025663e-06,-1.7554516886070577,-0.3394935069647633
7.399999999999407,3700,1.0,0.625,0.0,0.5083143690743336,0.05879414230953056,5.807311941598044e-07,-1.2868373470374724e-05,-7.149331301712374e-06,-2.674600319440172,-0.3355236454436171
7.399999999999407,3700,1.0,0.75,0.0,0.8745663778216065,0.06037703820064748,-6.400191403665374e-07,-4.293739394164352e-06,-5.892585708969474e-06,-2.672231636477359,-0.32844123649353235
7.399999999999407,3700,1.0,0.8749999999999996,0.0,1.074151001889006,0.07155433643255417,-2.531421372243264e-07,9.580522723190145e-08,-3.135706382342931e-06,-2.24882735760477,-0.31933456489625056
7.399999999999407,3700,1.0,1.0,0.0,1.2601698528104803,0.08311665263797839,9.21497396942849e-08,-9.481404591172183e-08,-3.0181827481647493e-07,-0.4581361402793756,-0.2817194852590497
7.399999999999407,3700,1.0,1.125,0.0,1.2649847955916773,0.07768926575661472,1.6000060255078602e-07,-3.9397537103145466e-08,-5.117963660097509e-08,-0.12055245221965287,-0.2566284443696936
7.399999999999407,3700,1.0,1.25,0.0,1.2608601690415526,0.07391466650226991,-4.83900912025625e-08,1.6532770600230786e-08,-2.799223249842869e-08,-0.06312454043843636,-0.24615447796632947
7.399999999999407,3700,1.0,1.375,0.0,1.2424896690764609,0.06660932512710085,2.153051628896734e-07,-1.4861417396147834e-08,1.3134554261893311e-08,-0.022216540441639315,-0.22260731191739427
7.399999999999407,3700,1.0,1.5,0.0,1.2414317393650223,0.066525174416185,1.9389326369743372e-07,-9.467433939970283e-09,1.0591283512109049e-08,-0.019331796165225908,-0.2212756069911085
7.399999999999407,3700,1.0,1.625,0.0,1.2065869538105078,0.05234450005967596,2.3682805836008795e-07,-1.4758382336683627e-08,6.217770712360692e-08,-0.009348143588085705,-0.17521053018287944
7.399999999999407,3700,1.0,1.75,0.0,1.2029707927836253,0.0527722337132252,1.9549521096447688e-07,-2.052753252322793e-09,5.192773721116599e-08,-0.008597424201706309,-0.1709818825483359
7.399999999999407,3700,1.0,1.875,0.0,1.1921398725571306,0.04930177299535891,7.542514784158392e-08,4.088968634988307e-08,3.165841117359115e-08,-0.005652740211580467,-0.15916995053165414
7.399999999999407,3700,1.0,2.0,0.0,1.1732923147653476,0.02795579435573438,2.0668745014715574e-07,6.383205879055187e-08,-9.237953244615607e-09,0.0017177387114899491,-0.13973182606901105
7.399999999999407,3700,1.0,2.125,0.0,1.1567745860462062,0.03477826592774365,1.4619088927321226e-07,9.920833936906911e-09,2.7276780038994547e-08,0.005256787352914144,-0.12301619820632222
7.399999999999407,3700,1.0,2.25,0.0,1.15459675001055,0.035222296315989325,1.3354023068463593e-07,2.81075099416158e-09,2.8494906351499014e-08,0.005767370931303587,-0.12084095563925784
7.399999999999407,3700,1.0,2.375,0.0,1.147109840931192,0.03385647207948948,1.3394327840719158e-07,-1.0457854501095583e-08,2.8406483760447924e-08,0.006397841974215948,-0.11368143507730578
7.399999999999407,3700,1.0,2.5,0.0,1.134249008286893,0.02258155515425333,1.5221090113633953e-07,3.485661201330339e-08,-8.770190676702956e-09,0.005031806971050314,-0.10214390223211088
7.399999999999407,3700,1.0,2.625,0.0,1.123015507199149,0.028756302881786752,1.2888040347548346e-07,-2.3783872888151108e-08,1.8054860891155443e-08,0.0039870447866756885,-0.09085135015434964
7.399999999999407,3700,1.0,2.75,0.0,1.1171617889215049,0.028839233473488633,8.811080240448494e-08,4.889461424023598e-10,1.970187431400664e-08,0.0034144479144228718,-0.08515959729814415
7.399999999999407,3700,1.0,2.875,0.0,1.1163779459746532,0.028121724619064488,9.509307621914595e-08,3.333788842200081e-10,1.8909329711730177e-08,0.003333940644924451,-0.08442517396686669
7.399999999999407,3700,1.0,3.0,0.0,1.101329753540982,0.020797476254810137,1.0431305754900934e-07,-1.6085251510664181e-09,7.979603716517707e-09,0.0018100536115862246,-0.06980273202360127
7.599999999999385,3800,1.0,-3.0,0.0,1.1025264081936257,-0.017342660703441773,5.008841571346774e-08,7.512813176199234e-10,-3.3728448629152606e-09,-0.0018524242436483884,-0.07199860699006735
7.599999999999385,3800,1.0,-2.875,0.0,1.1185606489290414,-0.02403342931469035,-6.478091257976353e-08,-1.5101588396896722e-08,-2.3777660293413775e-08,-0.003488915150537033,-0.08700429693901642
7.599999999999385,3800,1.0,-2.75,0.0,1.1194334362143843,-0.024711927404872214,-5.5956741594711325e-08,-1.266928635496352e-08,-2.3414931093960084e-08,-0.003599652363976931,-0.08775485520255748
7.599999999999385,3800,1.0,-2.625,0.0,1.1255548429988038,-0.024293871583727842,-1.045813351221841e-07,-1.452688031272674e-08,-1.3471290558834646e-08,-0.0041348255121732725,-0.09375867155679529
7.599999999999385,3800,1.0,-2.5,0.0,1.143441982036343,-0.019491681649435377,-1.6396020632678875e-09,-7.909179940814194e-09,1.0003502327282736e-08,-0.005574254923207058,-0.11161094835330686
7.599999999999385,3800,1.0,-2.375,0.0,1.151933830697909,-0.02877055252231617,-7.949154946571368e-08,5.609141361336472e-08,-8.043845167393742e-09,-0.0076957452940086025,-0.11754010335181632
7.599999999999385,3800,1.0,-2.25,0.0,1.1532281379009235,-0.029523888169554226,-9.554094336374943e-08,5.811331540760359e-08,-9.996242052371306e-09,-0.007942927936924107,-0.11859121149346769
7.599999999999385,3800,1.0,-2.125,0.0,1.1610700455105571,-0.036720676871730716,-1.0285129067216173e-07,6.452970298533096e-08,-7.049893040735825e-08,-0.005616489019465367,-0.12534231625264552
7.599999999999385,3800,1.0,-2.0,0.0,1.1747080860232382,-0.04669892186430841,-1.3615059839121607e-07,2.6141045499411962e-09,-1.1623719776296966e-07,0.0015413953989938636,-0.13831182863240396
7.599999999999385,3800,1.0,-1.875,0.0,1.2019287378460954,-0.0426500863438715,-2.5816008922196613e-07,8.730150598308436e-08,-4.5729528844397293e-08,0.009317757279484987,-0.1653429989406435
7.599999999999385,3800,1.0,-1.75,0.0,1.2146205659848142,-0.0460009757719678,-2.872928232098333e-07,6.216652015613903e-08,-3.294522666998777e-08,0.012739426949791886,-0.17801765791267896
7.599999999999385,3800,1.0,-1.625,0.0,1.2433297468567894,-0.06644167379129876,-5.964748025423186e-07,3.476359655085272e-08,-1.1473717426946859e-07,0.013522056579094542,-0.21370157142251367
7.599999999999385,3800,1.0,-1.5,0.0,1.2583116816673836,-0.06342920487508275,-9.892565193768474e-07,-3.6423126595816265e-08,-9.104887764947632e-08,0.02270896746277528,-0.23205694974967647
7.599999999999385,3800,1.0,-1.375,0.0,1.2596248598400899,-0.06354834408712089,-6.547866335780359e-07,2.503114677524503e-08,-2.6370647650132798e-08,0.02552309462791756,-0.23356529522387795
7.599999999999385,3800,1.0,-1.2500000000000002,0.0,1.281403242146489,-0.0727896851602784,-1.114136698183297e-06,-8.640856985866921e-08,-2.925921169142671e-07,0.06611576199215957,-0.2590544391855674
7.599999999999385,3800,1.0,-1.125,0.0,1.2871660426590856,-0.07817575459864451,-1.115180306124507e-06,-1.0450669079616348e-07,-3.700668673266582e-07,0.12508745594680706,-0.2707880781278818
7.599999999999385,3800,1.0,-1.0,0.0,1.279627593857416,-0.08474544364668415,-1.7849346266232465e-06,-1.9531772183304593e-06,-2.206676299019255e-06,0.6556195977992483,-0.307028893149342
7.599999999999385,3800,1.0,-0.875,0.0,1.1765128339599327,-0.08865065098264104,-2.847052615421864e-06,-7.146727523821579e-06,-6.955027079138231e-06,1.6949377296058623,-0.3336832156224208
7.599999999999385,3800,1.0,-0.75,0.0,0.9001592220641057,-0.08453068853282539,-6.05175491763296e-06,-1.2378895892259256e-05,-1.6884921377132457e-05,2.654051911505734,-0.3497730998318606
7.599999999999385,3800,1.0,-0.625,0.0,0.5432758327136923,-0.09954013837578038,-6.4999346163676525e-06,1.9473834378541494e-06,-2.134376887092477e-05,2.5545618868013786,-0.3544044710069621
7.599999999999385,3800,1.0,-0.5,0.0,0.27805153785108455,-0.14101597439565328,-8.690576575873857e-06,1.8843301223974318e-05,-3.654264409602592e-05,1.8993668311255223,-0.3586151474099091
7.599999999999385,3800,1.0,-0.375,0.0,0.1138634745799287,-0.17166822068062626,-5.682944471605229e-06,2.004793076643639e-05,-3.6191860193263976e-05,1.5787865950409297,-0.35506020211233513
7.599999999999385,3800,1.0,-0.25,0.0,-0.11594090434785156,-0.17474448183972466,-3.791037949849349e-06,2.6427490357394524e-05,-5.8136378370274206e-05,1.3889181311048286,-0.35441509918247627
7.599999999999385,3800,1.0,-0.125,0.0,-0.26053889381112083,-0.13746260833728388,-2.903030220579043e-07,9.958918125877273e-06,-2.9458158195629754e-05,0.8127027266368881,-0.3438319719972752
7.599999999999385,3800,1.0,0.0,0.0,-0.3216727231361785,-0.07115500658415357,1.275784291473326e-06,7.968599761824227e-06,-1.752951020151025e-05,0.12546097467122683,-0.33631166833595666
7.599999999999385,3800,1.0,0.12499999999999956,0.0,-0.30471148799721476,-0.010811702573215792,1.502604184007278e-06,3.2058867684579792e-06,-6.951132791990163e-06,-0.4253265756033066,-0.3296051369563044
7.599999999999385,3800,1.0,0.25,0.0,-0.16648281359752767,0.07011405414701515,3.3665843708512744e-06,-8.142528994499258e-07,5.883161297819293e-06,-1.3141645636094275,-0.34081434838644353
7.599999999999385,3800,1.0,0.375,0.0,0.05279032374576868,0.09059619929242921,2.9892304681026033e-06,-1.4461185105947056e-05,-2.1425175401964074e-06,-1.621712399997315,-0.34070138948564394
7.599999999999385,3800,1.0,0.49999999999999956,0.0,0.13570651633280792,0.08641469360585877,3.0044975688346598e-06,-1.583336221489919e-05,-3.077345394148249e-06,-1.7434216775623268,-0.3401192041475584
7.599999999999385,3800,1.0,0.625,0.0,0.5054410998084274,0.05642545303409416,5.467012925099169e-07,-1.3750249703791856e-05,-7.855039291205904e-06,-2.675862770054185,-0.33641852448408016
7.599999999999385,3800,1.0,0.75,0.0,0.8716046359820896,0.059211584680287616,-7.408888079284423e-07,-4.467114738741677e-06,-6.276968105098281e-06,-2.6766993536873094,-0.32926428789339157
7.599999999999385,3800,1.0,0.8749999999999996,0.0,1.0715868788182639,0.07093756795394218,-3.28357458663237e-07,1.9689440086923496e-07,-3.3777876439113294e-06,-2.2531766121296894,-0.3201061597332211
7.599999999999385,3800,1.0,1.0,0.0,1.258532532590706,0.08351788320153007,6.063928175466467e-08,-8.24338058464315e-08,-3.282322684569391e-07,-0.46108750169757673,-0.28244772293929654
7.599999999999385,3800,1.0,1.125,0.0,1.2636912268090859,0.07857537060037612,1.4061484445086953e-07,-3.640370008500776e-08,-5.843128637219531e-08,-0.12195794361306608,-0.25737918457597697
7.599999999999385,3800,1.0,1.25,0.0,1.2596761256837194,0.07489166346672411,-6.882062106121778e-08,1.1981043624147841e-08,-3.510332063585154e-08,-0.0636975592764282,-0.2469442936313997
7.599999999999385,3800,1.0,1.375,0.0,1.2416185526562615,0.06762818388340805,2.091121255137913e-07,-8.808307993330434e-09,1.893294206397889e-08,-0.022178888161639647,-0.22351086901139935
7.599999999999385,3800,1.0,1.5,0.0,1.240579405954095,0.06754142070072977,1.87576152701658e-07,-3.815561486195719e-09,1.6334786086346345e-08,-0.019242011395184385,-0.2221884805555937
7.599999999999385,3800,1.0,1.625,0.0,1.206011790338841,0.05382969373488469,2.415739267963409e-07,-8.125886444077884e-09,6.6115268083384e-08,-0.008781714778644811,-0.17635078812310798
7.599999999999385,3800,1.0,1.75,0.0,1.2024410912089971,0.054298845419638975,2.001145176438321e-07,9.330501576023782e-10,5.390101954639069e-08,-0.008124340255692832,-0.17214694348204765
7.599999999999385,3800,1.0,1.875,0.0,1.1917986951591875,0.05087787119171697,7.965631755556713e-08,3.431250060804943e-08,3.2884303917161994e-08,-0.005410836421031004,-0.16037868121090385
7.599999999999385,3800,1.0,2.0,0.0,1.1733972411576559,0.0295142015113054,2.1541931987037344e-07,5.798858568674698e-08,-6.00832228824483e-09,0.0013239244643695768,-0.14100144180063118
7.599999999999385,3800,1.0,2.125,0.0,1.1568629616260635,0.036178667138855446,1.5268937206711693e-07,6.605673047677008e-09,2.8468045079195557e-08,0.004920296928241991,-0.1241921564845008
7.599999999999385,3800,1.0,2.25,0.0,1.1546939808053456,0.03660282803487435,1.400696381680064e-07,-7.645599861324751e-10,2.9592826532637627e-08,0.0054385402277004795,-0.12200601712550775
7.599999999999385,3800,1.0,2.375,0.0,1.1472930467200098,0.03514214396210394,1.4096058909788014e-07,-1.3221500993492243e-08,2.98594953665473e-08,0.0061036422817203,-0.11483167820161143
7.599999999999385,3800,1.0,2.5,0.0,1.1347637942345228,0.023747688370784385,1.618071620532764e-07,2.603824874558907e-08,-3.933935835820193e-09,0.00475237836516913,-0.10331764449051883
7.599999999999385,3800,1.0,2.625,0.0,1.1234498370091648,0.029857541753118815,1.3716837599610628e-07,-2.513689667316742e-08,1.5839012200982043e-08,0.0036860334381858843,-0.09197461754861125
7.599999999999385,3800,1.0,2.75,0.0,1.117605713716843,0.029878097040614907,9.500375747264813e-08,-1.7353264717720784e-09,1.9290499063298785e-08,0.003129383688230476,-0.08626854685929604
7.599999999999385,3800,1.0,2.875,0.0,1.1168321097886642,0.029150680323481806,1.0173087034462728e-07,-1.4447791783494212e-09,1.8491393964401098e-08,0.0030552145581074527,-0.08553377286660171
7.599999999999385,3800,1.0,3.0,0.0,1.1018654050337982,0.021732756227436128,1.0933140563577346e-07,-2.0801227854333508e-09,8.4648920326367e-09,0.0017639922664045662,-0.07086548948930708
7.799999999999363,3900,1.0,-3.0,0.0,1.1037013837019072,-0.018523960600385803,4.60636811656441e-08,2.1952451870417256e-09,-3.637299448464896e-09,-0.0020366257931699865,-0.07236352955971348
7.799999999999363,3900,1.0,-2.875,0.0,1.1197760930378997,-0.025564095503888735,-7.157589275592844e-08,-1.4058516146536003e-08,-2.576881398677741e-08,-0.0035289663535096718,-0.0873325202983412
7.799999999999363,3900,1.0,-2.75,0.0,1.1206423588067769,-0.026268150986367315,-6.311028189856187e-08,-1.2158792491920345e-08,-2.551305633212915e-08,-0.0036318016857104954,-0.08807606399786677
7.799999999999363,3900,1.0,-2.625,0.0,1.1268771601554446,-0.025994661593592098,-1.1270757886639753e-07,-1.125616702597217e-08,-1.6417687078278594e-08,-0.00425202126706754,-0.09409099308559751
7.799999999999363,3900,1.0,-2.5,0.0,1.1450805181919685,-0.021450825670900585,-7.598367793542864e-09,-2.126423255855501e-09,-2.4583994788136095e-09,-0.005958397860569774,-0.11199290570781595
7.799999999999363,3900,1.0,-2.375,0.0,1.1532241776985341,-0.03096226645242972,-8.531460894594489e-08,5.583603587320162e-08,-2.134093029300687e-08,-0.007876465428486083,-0.11777814304254379
7.799999999999363,3900,1.0,-2.25,0.0,1.154498736284918,-0.03175191155843662,-1.0143359820581963e-07,5.7674072699868425e-08,-2.3947628404774405e-08,-0.00811522254852444,-0.11881779681589748
7.799999999999363,3900,1.0,-2.125,0.0,1.162072470855685,-0.03917336699544963,-1.0931499902160403e-07,5.547051624486144e-08,-8.734558827699582e-08,-0.006043854890652843,-0.1254588434071975
7.799999999999363,3900,1.0,-2.0,0.0,1.1753612792587458,-0.04955119267558607,-1.473864532227952e-07,9.295497955695496e-09,-1.4459376293834282e-07,0.00031316163077194526,-0.13827793946216138
7.799999999999363,3900,1.0,-1.875,0.0,1.2030277477899616,-0.04646613319682458,-2.8078071150471357e-07,8.607475590224766e-08,-7.26619899207234e-08,0.009144329026625063,-0.1651658154835439
7.799999999999363,3900,1.0,-1.75,0.0,1.215472710957423,-0.05028614282669034,-3.107452952106583e-07,7.032896855376523e-08,-6.680679800887996e-08,0.012811846764267335,-0.17771558052427058
7.799999999999363,3900,1.0,-1.625,0.0,1.243164991611285,-0.0715893610324174,-6.312557037070724e-07,2.6106629601694434e-08,-1.3282149183816322e-07,0.01291488954993073,-0.21268051958047113
7.799999999999363,3900,1.0,-1.5,0.0,1.2581318591252615,-0.06907581395082257,-1.0400408063933102e-06,-3.596542061801037e-08,-1.300123241062086e-07,0.022942266317321706,-0.23079528204139785
7.799999999999363,3900,1.0,-1.375,0.0,1.2593991805641682,-0.06922904839701664,-6.921473272364928e-07,2.160541337729158e-08,-4.2407937712765395e-08,0.025864667468098217,-0.23226808802726617
7.799999999999363,3900,1.0,-1.2500000000000002,0.0,1.2803692227908634,-0.07889352429422221,-1.1709809656931556e-06,-1.151434217164397e-07,-3.1864262677701974e-07,0.06790396283952782,-0.25690954155743445
7.799999999999363,3900,1.0,-1.125,0.0,1.2855437167992891,-0.08442024277668714,-1.1718513225670106e-06,-1.5234764198386125e-07,-3.895093159184244e-07,0.12859894832072874,-0.2681457638231167
7.799999999999363,3900,1.0,-1.0,0.0,1.275387952732325,-0.09156337521920731,-1.8782201740501268e-06,-2.3188847202705842e-06,-2.3590916464902817e-06,0.6757212280798943,-0.3029629184192812
7.799999999999363,3900,1.0,-0.875,0.0,1.1669799032172228,-0.09504266295883396,-3.021674199972339e-06,-7.64694674520629e-06,-7.254605762081809e-06,1.7248836167653991,-0.3278635647588652
7.799999999999363,3900,1.0,-0.75,0.0,0.8853900149489234,-0.08918270100512699,-6.374326923523765e-06,-1.2826940171281231e-05,-1.742256734696813e-05,2.657609831480527,-0.341745941937956
7.799999999999363,3900,1.0,-0.625,0.0,0.5292329226330799,-0.10284070610980574,-6.7862904139036685e-06,2.930354836740836e-06,-2.221536014643143e-05,2.51771883403823,-0.34525059185049967
7.799999999999363,3900,1.0,-0.5,0.0,0.26798944570565253,-0.1434150836508369,-8.910876725878336e-06,2.0837128402094232e-05,-3.825790627253971e-05,1.8469187652666401,-0.3493812567647508
7.799999999999363,3900,1.0,-0.375,0.0,0.10662342539784404,-0.17296301975234862,-5.74335035943537e-06,2.1517291858947147e-05,-3.7734608630468433e-05,1.5225725178253477,-0.34610065022910375
7.799999999999363,3900,1.0,-0.25,0.0,-0.11807641576318696,-0.17565518242098158,-3.6735673768409996e-06,2.6371794105693924e-05,-5.8762682295160485e-05,1.3242147541248634,-0.3461978261482664
7.799999999999363,3900,1.0,-0.125,0.0,-0.2579038062364119,-0.1379557992772701,-2.68281025426178e-07,9.706689915011185e-06,-2.8901911960414465e-05,0.7590305431876703,-0.3375056239102895
7.799999999999363,3900,1.0,0.0,0.0,-0.31679747453087664,-0.07220180961049215,1.3197949208652205e-06,7.846205511083385e-06,-1.7018077529908487e-05,0.08818820725238319,-0.3324266143678337
7.799999999999363,3900,1.0,0.12499999999999956,0.0,-0.29937523950952094,-0.01192011730997815,1.5431933417201317e-06,3.1550995039883037e-06,-6.908350048511453e-06,-0.4536159958193782,-0.327561495530203
7.799999999999363,3900,1.0,0.25,0.0,-0.16082563322725515,0.06702283101115937,3.4832641460892814e-06,-7.985139666760046e-07,5.893631758560022e-06,-1.3160564362590936,-0.34077695171150696
7.799999999999363,3900,1.0,0.375,0.0,0.054124167084032934,0.08734013879067987,3.0872306475006292e-06,-1.5283949119167732e-05,-2.828457848124493e-06,-1.609000145704078,-0.3415718762372295
7.799999999999363,3900,1.0,0.49999999999999956,0.0,0.1357157372545021,0.08335302044875394,3.084612389731965e-06,-1.682452885222855e-05,-3.828842115965356e-06,-1.7328527044754267,-0.3411693665034441
7.799999999999363,3900,1.0,0.625,0.0,0.5038756430303677,0.054467012840129225,4.748094997879052e-07,-1.4502711669805524e-05,-8.590518412078821e-06,-2.6762313663878405,-0.3377713132485065
7.799999999999363,3900,1.0,0.75,0.0,0.8696909803559346,0.0581567736229659,-8.632043106323277e-07,-4.535955627466067e-06,-6.685672722548726e-06,-2.679439078114336,-0.33053448784597056
7.799999999999363,3900,1.0,0.8749999999999996,0.0,1.069926715618417,0.0702915006622372,-4.1281807578138114e-07,3.4213255044225643e-07,-3.5846215460150424e-06,-2.256627249462638,-0.3212824936226811
7.799999999999363,3900,1.0,1.0,0.0,1.2574610616662714,0.08369606570280204,2.102098406722785e-08,-6.025509163080412e-08,-3.4803819309526955e-07,-0.46349636753587564,-0.28342194736695636
7.799999999999363,3900,1.0,1.125,0.0,1.2627706654858022,0.07917710106858221,1.13854614365473e-07,-1.1282722311594675e-08,-6.931512706670417e-08,-0.12288680276909274,-0.25828315336925195
7.799999999999363,3900,1.0,1.25,0.0,1.2588168518590255,0.07553980259696122,-9.674418297755139e-08,3.129527082225418e-08,-4.1801476082279415e-08,-0.0640465369202126,-0.24785765665778525
7.799999999999363,3900,1.0,1.375,0.0,1.241005154044458,0.06835524255969269,1.9772910061618907e-07,-9.396161977057073e-09,2.2137115308766642e-08,-0.022141785677707308,-0.22450967816012085
7.799999999999363,3900,1.0,1.5,0.0,1.2399830745355824,0.06826746049407223,1.760180634650805e-07,-5.37858861735071e-09,2.0540565085188825e-08,-0.01916627724214981,-0.22319588532592455
7.799999999999363,3900,1.0,1.625,0.0,1.2055951404991712,0.055045639814901307,2.409868600281982e-07,-5.762937284903317e-09,6.82738009168822e-08,-0.008248596254521456,-0.17754224160408588
7.799999999999363,3900,1.0,1.75,0.0,1.202051672905346,0.055585485858418465,1.9943001722205073e-07,1.4152810282787293e-09,5.473599545364254e-08,-0.007625946614839888,-0.17336078530944274
7.799999999999363,3900,1.0,1.875,0.0,1.1915433462430913,0.05226836971787727,7.894595744523916e-08,2.7942325351632094e-08,3.334084387296731e-08,-0.005079906860448629,-0.16161136532511203
7.799999999999363,3900,1.0,2.0,0.0,1.173452934393265,0.03095645827573975,2.2050787982951307e-07,5.070447715543016e-08,-9.059761302842144e-10,0.0009188666375807421,-0.14223929933249707
7.799999999999363,3900,1.0,2.125,0.0,1.1569289458452192,0.0374407016324223,1.5666248004955632e-07,5.39338765410482e-09,2.9100855876468186e-08,0.004611202662220364,-0.12529752961040652
7.799999999999363,3900,1.0,2.25,0.0,1.1547703993665934,0.0378419640799603,1.4398571486891003e-07,-2.851431376122555e-09,2.9740408213993942e-08,0.00513705464844218,-0.12309379768567875
7.799999999999363,3900,1.0,2.375,0.0,1.147453528790324,0.03629984983711381,1.4547814217967113e-07,-1.5581524111291256e-08,2.973668112296402e-08,0.005797326906381728,-0.1158922589241967
7.799999999999363,3900,1.0,2.5,0.0,1.135221227706939,0.024844143872452096,1.69579685983938e-07,1.771652197175058e-08,-4.197189290578527e-10,0.004322057349918411,-0.10438864313364506
7.799999999999363,3900,1.0,2.625,0.0,1.1238576862185221,0.030907113631220885,1.4390028728819178e-07,-2.584624741791394e-08,1.2875605099555017e-08,0.0033170866753671965,-0.09301102543634528
7.799999999999363,3900,1.0,2.75,0.0,1.1180309278028273,0.03088083885858338,1.0058506477811005e-07,-3.7159380484471273e-09,1.7807877280645752e-08,0.002790723443787942,-0.08729513061354657
7.799999999999363,3900,1.0,2.875,0.0,1.1172668166542903,0.030145278885810173,1.0714655256091912e-07,-3.1253595552988238e-09,1.7099037637326014e-08,0.0027234789953434293,-0.08655915277418914
7.799999999999363,3900,1.0,3.0,0.0,1.1023770671341941,0.022620131745320293,1.137227780923031e-07,-2.261093710831851e-09,7.973145939440696e-09,0.0017108397409617974,-0.07184219247611279
7.999999999999341,4000,1.0,-3.0,0.0,1.1048520216558926,-0.0198036080479918,4.239234293321081e-08,1.530833709951734e-09,-3.0300775618521834e-09,-0.002235733000776717,-0.07256359041653244
7.999999999999341,4000,1.0,-2.875,0.0,1.1209371119030798,-0.027200151505698027,-7.768457811445001e-08,-1.406886839962879e-08,-2.6446599435580913e-08,-0.003523155904962664,-0.08743792219967095
7.999999999999341,4000,1.0,-2.75,0.0,1.1217943407233804,-0.02792939318191612,-6.967438470305375e-08,-1.2675067842508088e-08,-2.6371970721213062e-08,-0.003618639941340717,-0.08817105364676452
7.999999999999341,4000,1.0,-2.625,0.0,1.1281315029133367,-0.02780636928247998,-1.221550150385843e-07,-9.877379008579598e-09,-1.8183432446088522e-08,-0.004311537757757631,-0.09416778783733867
7.999999999999341,4000,1.0,-2.5,0.0,1.146615763320553,-0.02355995904997512,-1.5780355279152457e-08,3.471631352381665e-09,-1.4583013329650843e-08,-0.006213905291136785,-0.11205478537415217
7.999999999999341,4000,1.0,-2.375,0.0,1.1543666243275235,-0.03327384250140906,-9.427337408228178e-08,5.530803341796225e-08,-3.295955836317902e-08,-0.007955540490026265,-0.11767148416917182
7.999999999999341,4000,1.0,-2.25,0.0,1.155616482614469,-0.03409693891638974,-1.1050683701301362e-07,5.703059097951825e-08,-3.6149324542137706e-08,-0.008187891757305034,-0.11869431211791426
7.999999999999341,4000,1.0,-2.125,0.0,1.1628946621807452,-0.04170553603319685,-1.1787164914320183e-07,4.669441734061765e-08,-1.0038030808681947e-07,-0.006441444805090458,-0.1252057092160837
7.999999999999341,4000,1.0,-2.0,0.0,1.1758005287509248,-0.052415248661451204,-1.618725052620502e-07,1.630849402294742e-08,-1.6567566780894306e-07,-0.0010323872518271991,-0.13783854140737326
7.999999999999341,4000,1.0,-1.875,0.0,1.2038647592572569,-0.05036830635328469,-3.063666179654322e-07,8.1928212025971e-08,-9.50727667181928e-08,0.00864509124999631,-0.16456377965916755
7.999999999999341,4000,1.0,-1.75,0.0,1.216008484183112,-0.05464760746738207,-3.3703411458918965e-07,6.710001230627452e-08,-9.25129458354258e-08,0.012369469043578685,-0.17697930837359482
7.999999999999341,4000,1.0,-1.625,0.0,1.2427290924840373,-0.0766214079817825,-6.616367077421947e-07,5.620455649015838e-10,-1.2347627336540083e-07,0.012105572266163177,-0.2112321728939403
7.999999999999341,4000,1.0,-1.5,0.0,1.257670259949083,-0.0746141296053765,-1.0872744145120042e-06,-5.721008583834052e-08,-1.3253999769588702e-07,0.022961873089408787,-0.22909484720249884
7.999999999999341,4000,1.0,-1.375,0.0,1.2588854467682067,-0.07480018613568988,-7.258390741014613e-07,4.429105706490291e-09,-3.21665936448225e-08,0.025969806546311234,-0.2305278960611874
7.999999999999341,4000,1.0,-1.2500000000000002,0.0,1.2789727074030477,-0.08483769091454949,-1.2250621184930942e-06,-1.3191550617204225e-07,-3.648426549305871e-07,0.06974460291627156,-0.2542793255246688
7.999999999999341,4000,1.0,-1.125,0.0,1.2835715471043008,-0.09045102218756071,-1.2258939921284797e-06,-1.7424351290034328e-07,-4.3385850324858756e-07,0.13284516100602972,-0.26499631890230785
7.999999999999341,4000,1.0,-1.0,0.0,1.2705258794286798,-0.09812523364100911,-1.9810375050159744e-06,-2.6345954517436965e-06,-2.66189497312444e-06,0.6966257352696201,-0.29833121091404874
7.999999999999341,4000,1.0,-0.875,0.0,1.1568144596157268,-0.10101400601683125,-3.206129787976674e-06,-8.170001534294731e-06,-7.6108511311296495e-06,1.751388550953679,-0.3214344157674721
7.999999999999341,4000,1.0,-0.75,0.0,0.8705407714950867,-0.09321270349789193,-6.690031490379489e-06,-1.3445234548178603e-05,-1.7842366766175068e-05,2.658890446342415,-0.333140149725745
7.999999999999341,4000,1.0,-0.625,0.0,0.5151174638855252,-0.10545238937047778,-7.069631005067952e-06,3.6666793229911786e-06,-2.3079987692694115e-05,2.4841472426268636,-0.33564396034487953
7.999999999999341,4000,1.0,-0.5,0.0,0.25729917231962907,-0.14484593158183803,-9.137537221614693e-06,2.2610361449401685e-05,-3.988371228977836e-05,1.798564194542658,-0.33981530140947536
7.999999999999341,4000,1.0,-0.375,0.0,0.09866816852485201,-0.17291139915901235,-5.801320010010413e-06,2.2858567839897194e-05,-3.916328507855571e-05,1.4690619380865195,-0.3369246269121612
7.999999999999341,4000,1.0,-0.25,0.0,-0.12105922731459733,-0.174798410368556,-3.525837740552804e-06,2.6336082358349812e-05,-5.8999879515593224e-05,1.2603633568597352,-0.33790115528631287
7.999999999999341,4000,1.0,-0.125,0.0,-0.2559501293487087,-0.13651539864970225,-2.0693079391883623e-07,8.760770733537753e-06,-2.8179602489929463e-05,0.7043502714974452,-0.33118806876133533
7.999999999999341,4000,1.0,0.0,0.0,-0.31206890415088584,-0.07127929090553164,1.3782407446579877e-06,7.271608036081151e-06,-1.6376375927292422e-05,0.04843022878756493,-0.3286215529787063
7.999999999999341,4000,1.0,0.12499999999999956,0.0,-0.2936954595700477,-0.011175496908445805,1.5998990621337462e-06,3.219625686162401e-06,-6.737552805034184e-06,-0.48331807431079776,-0.3257604680830073
7.999999999999341,4000,1.0,0.25,0.0,-0.15443100122156522,0.0654642557461257,3.6045578036796073e-06,-8.055071507780014e-07,5.918740541707847e-06,-1.3200865220531637,-0.3412152231360269
7.999999999999341,4000,1.0,0.375,0.0,0.05652830731545384,0.08527617241186823,3.164616950427598e-06,-1.6124852636601504e-05,-3.472342294430241e-06,-1.5978946619376082,-0.34298457948038363
7.999999999999341,4000,1.0,0.49999999999999956,0.0,0.13685956231161805,0.08134140964571285,3.1396044873252774e-06,-1.7818602468965112e-05,-4.527429740385909e-06,-1.7234834674041595,-0.3427876770847281
7.999999999999341,4000,1.0,0.625,0.0,0.5034764372311799,0.05302505828189397,3.73656350709698e-07,-1.512637149506731e-05,-9.278411283264808e-06,-2.6765148352507366,-0.3397872752736048
7.999999999999341,4000,1.0,0.75,0.0,0.8688727505189285,0.05727661735976799,-9.977507648388901e-07,-4.491729087318204e-06,-7.088096079050549e-06,-2.6813309266671124,-0.33246079381630955
7.999999999999341,4000,1.0,0.8749999999999996,0.0,1.0691602194518957,0.06973267475821725,-4.993722713347541e-07,5.322802798017343e-07,-3.7803518990474634e-06,-2.2589313566382847,-0.32307134209355826
7.999999999999341,4000,1.0,1.0,0.0,1.2569123148737928,0.08374722585457559,-2.1675506617670265e-08,-4.9364391518623954e-08,-3.889353162972231e-07,-0.46493359550725394,-0.28489183206459984
7.999999999999341,4000,1.0,1.125,0.0,1.2622400709837067,0.07956610575687006,8.332437939779448e-08,-5.178258484694775e-09,-8.933363909547228e-08,-0.12333149408255338,-0.25962015334689853
7.999999999999341,4000,1.0,1.25,0.0,1.258324865700912,0.07596531156134825,-1.2914955953547835e-07,3.2979516255705965e-08,-5.387013686862776e-08,-0.06426762266756741,-0.24917907101383024
7.999999999999341,4000,1.0,1.375,0.0,1.2406662009367442,0.06891902596837664,1.8174545324211433e-07,-1.2671111762798628e-08,1.9349269227296712e-08,-0.022087890047836515,-0.2258613807191734
7.999999999999341,4000,1.0,1.5,0.0,1.2396596289983184,0.06883383577200668,1.5983529834613432e-07,-9.789752008215583e-09,1.8861737735808435e-08,-0.01908201032015064,-0.22455227703539204
7.999999999999341,4000,1.0,1.625,0.0,1.2053677147005655,0.05606502255202121,2.3732271651410068e-07,-9.378662272042007e-09,6.477684400344666e-08,-0.007842566931157527,-0.17896113099589633
7.999999999999341,4000,1.0,1.75,0.0,1.2018362204778972,0.05667925208475539,1.9561894797120794e-07,-2.2508568640485936e-09,5.1580805058657115e-08,-0.007177788700064617,-0.17478699722671479
7.999999999999341,4000,1.0,1.875,0.0,1.1914104494774107,0.05347821819571035,7.489015829364103e-08,2.071806178472925e-08,3.184083066227621e-08,-0.004689753465361761,-0.1630187228397336
7.999999999999341,4000,1.0,2.0,0.0,1.1734895350631098,0.03229478558101848,2.2372881348133334e-07,4.1283370361756375e-08,4.411231021871178e-09,0.0005423979006885648,-0.14360793909999062
7.999999999999341,4000,1.0,2.125,0.0,1.156996155651463,0.038565867958733936,1.5875794747439477e-07,5.38961249498192e-09,2.8695876834910722e-08,0.004383774945362824,-0.1265144820841901
7.999999999999341,4000,1.0,2.25,0.0,1.154848714728173,0.03893999303133113,1.4597364818980198e-07,-3.9413346206770796e-09,2.869543752261227e-08,0.004919900270679707,-0.1242898192628238
7.999999999999341,4000,1.0,2.375,0.0,1.1476112306947575,0.03733232964755942,1.4841169313672358e-07,-1.7560163922659075e-08,2.814002038669325e-08,0.00555052826679418,-0.11705209875004245
7.999999999999341,4000,1.0,2.5,0.0,1.1356353081115658,0.02587946168938627,1.7601716649792837e-07,1.061211915362399e-08,1.7189813399539537e-09,0.003845519797856285,-0.10553984268991677
7.999999999999341,4000,1.0,2.625,0.0,1.1242481411942722,0.031900038623464064,1.4941811903744863e-07,-2.5865635856270812e-08,9.393044691491992e-09,0.0029821977679355093,-0.09412822522042652
7.999999999999341,4000,1.0,2.75,0.0,1.1184446110217994,0.031840967839782894,1.0485130293807658e-07,-5.368442956571628e-09,1.5211451037354508e-08,0.002500602941010786,-0.08839992865954893
7.999999999999341,4000,1.0,2.875,0.0,1.1176891038345977,0.031099185665976237,1.1133727305331551e-07,-4.478588081840005e-09,1.4709713819520434e-08,0.0024398584586436465,-0.08766132448024642
7.999999999999341,4000,1.0,3.0,0.0,1.102866601811522,0.023453249729034977,1.1789405226369593e-07,-2.1902728025910016e-09,6.708121797574727e-09,0.00169698884639851,-0.07288245298103507
8.199999999999408,4100,1.0,-3.0,0.0,1.1059696992308625,-0.021157748625474742,3.927640462310379e-08,-4.280997134527697e-10,-1.9457244042834468e-09,-0.0024976348867173826,-0.07276966752254772
8.199999999999408,4100,1.0,-2.875,0.0,1.1220369868620208,-0.028932052819429222,-8.19835831432764e-08,-1.5427755858272617e-08,-2.6073581987003065e-08,-0.003553217622228821,-0.08753346023279533
8.199999999999408,4100,1.0,-2.75,0.0,1.1228827200239389,-0.029685518235278513,-7.449385885165096e-08,-1.4428042752247188e-08,-2.618974064001051e-08,-0.003640448462914472,-0.0882556770525341
8.199999999999408,4100,1.0,-2.625,0.0,1.1293058797372337,-0.029720939121858907,-1.2925436958222804e-07,-1.0620339176132591e-08,-1.8868733528917875e-08,-0.004390269973095792,-0.09423495445515047
8.199999999999408,4100,1.0,-2.5,0.0,1.148028579705185,-0.02582678979400305,-2.270575595833492e-08,8.771808870195747e-09,-2.5230294578146447e-08,-0.006423498296622062,-0.11211430419580191
8.199999999999408,4100,1.0,-2.375,0.0,1.1553434425115097,-0.035701839992507006,-1.0139540234528432e-07,5.497042681603202e-08,-4.196658365404417e-08,-0.008002617622878398,-0.11756396601773268
8.199999999999408,4100,1.0,-2.25,0.0,1.1565629105483408,-0.036554589595628566,-1.1755310766228533e-07,5.6715781734475976e-08,-4.5573789611740625e-08,-0.008228950812292012,-0.11857027109566816
8.199999999999408,4100,1.0,-2.125,0.0,1.1635223271369846,-0.04430056786353953,-1.2401481424049582e-07,4.020169980971436e-08,-1.0889319214313853e-07,-0.006828419690697296,-0.12493430317307536
8.199999999999408,4100,1.0,-2.0,0.0,1.1760184539282663,-0.055253712414277734,-1.7410393970806899e-07,2.437557078998195e-08,-1.7903990127234937e-07,-0.002405192618541105,-0.13733719679808234
8.199999999999408,4100,1.0,-1.875,0.0,1.2044303609927,-0.05425524337443907,-3.3104476105825966e-07,7.44840609257681e-08,-1.1070804668929562e-07,0.007779713141656081,-0.16383105528720013
8.199999999999408,4100,1.0,-1.75,0.0,1.2162462514009302,-0.05893952363725368,-3.627167531177117e-07,5.353908702111839e-08,-1.0724163397093159e-07,0.01142301999945333,-0.17608507684316432
8.199999999999408,4100,1.0,-1.625,0.0,1.2420490813890257,-0.08140420050994959,-6.885199949100958e-07,-2.385894536038492e-08,-1.1041883709379794e-07,0.011483803767580016,-0.20963531857036358
8.199999999999408,4100,1.0,-1.5,0.0,1.2569635308762848,-0.07991892191010819,-1.131510386113415e-06,-7.843495532563358e-08,-1.1513062351792243e-07,0.02323546247783074,-0.2272211052357043
8.199999999999408,4100,1.0,-1.375,0.0,1.2581231650987734,-0.08014173172145884,-7.564287797724212e-07,-8.958506163340866e-09,-2.0172167753708002e-08,0.026324269529286855,-0.2286066236814494
8.199999999999408,4100,1.0,-1.2500000000000002,0.0,1.277148075380388,-0.09061128851732683,-1.2759609455284616e-06,-1.3142642423792597e-07,-3.7673547291182584e-07,0.07206079368109745,-0.2513915328693895
8.199999999999408,4100,1.0,-1.125,0.0,1.2811926866011558,-0.09632097720758959,-1.2765469542329402e-06,-1.7836918183180625e-07,-4.4579362201653634e-07,0.1382413800710792,-0.26156926532560154
8.199999999999408,4100,1.0,-1.0,0.0,1.2650535160616698,-0.10432950647901644,-2.0927147917737996e-06,-2.9538796861470475e-06,-2.781933511584881e-06,0.7176373858056511,-0.2933892624123861
8.199999999999408,4100,1.0,-0.875,0.0,1.1461651838655103,-0.10623213223528563,-3.3769174108803887e-06,-8.776858197883457e-06,-7.706248657767427e-06,1.7745285857849031,-0.31471449516946876
8.199999999999408,4100,1.0,-0.75,0.0,0.8557925759912149,-0.09635486952183697,-6.9889427474561335e-06,-1.4263986140933639e-05,-1.8116960320876152e-05,2.6585452815472808,-0.32446905157837774
8.199999999999408,4100,1.0,-0.625,0.0,0.500983354797397,-0.10709419723627228,-7.355832553402171e-06,4.2111166550218934e-06,-2.3831824962903527e-05,2.453936696156506,-0.3260864097263982
8.199999999999408,4100,1.0,-0.5,0.0,0.24607759281357566,-0.14502038833954253,-9.381167978952683e-06,2.4131299688339056e-05,-4.1371178184144164e-05,1.7544393764649875,-0.3303029995773224
8.199999999999408,4100,1.0,-0.375,0.0,0.09002158507672496,-0.17131608535170278,-5.876101777282115e-06,2.3969637296320124e-05,-4.0420237367824096e-05,1.4187382795739523,-0.32781907930130477
8.199999999999408,4100,1.0,-0.25,0.0,-0.12488617498121746,-0.1721284006428835,-3.383896242515917e-06,2.6800956789219245e-05,-5.8613323631513437e-05,1.1967519024136724,-0.329762949095624
8.199999999999408,4100,1.0,-0.125,0.0,-0.2545046380758862,-0.13280299383372685,-6.560669596305676e-08,8.48889494674407e-06,-2.7050556661111832e-05,0.6460018108261748,-0.32526862896938324
8.199999999999408,4100,1.0,0.0,0.0,-0.30724599821184223,-0.0680605947862864,1.4935391914731962e-06,6.829233652256119e-06,-1.549369145272074e-05,0.005768541225599368,-0.3251552274802159
8.199999999999408,4100,1.0,0.12499999999999956,0.0,-0.2875812567727583,-0.0085657373415817,1.6852289622426502e-06,3.2620939730291635e-06,-6.322359933095073e-06,-0.5122829875368422,-0.3242581548896179
8.199999999999408,4100,1.0,0.25,0.0,-0.14743371594562252,0.06553476087718109,3.7198800735628434e-06,-8.321872892986778e-07,5.9645738414420435e-06,-1.3249493779768426,-0.34192162382106683
8.199999999999408,4100,1.0,0.375,0.0,0.05984199955224903,0.08449315754479175,3.214122225506133e-06,-1.6908756043713327e-05,-4.0559056446468225e-06,-1.5876637571181367,-0.3446007617352905
8.199999999999408,4100,1.0,0.49999999999999956,0.0,0.1389715573180257,0.08048893591076327,3.1631481640883088e-06,-1.874165008993447e-05,-5.151232826461745e-06,-1.7146860614858885,-0.3446123723997111
8.199999999999408,4100,1.0,0.625,0.0,0.5040134672250521,0.05222792196334902,2.4143232340942917e-07,-1.5620211543239438e-05,-9.858973473651887e-06,-2.676772087738793,-0.34206542003192875
8.199999999999408,4100,1.0,0.75,0.0,0.8689674614198908,0.0566783289221639,-1.1524831824248888e-06,-4.335807026682544e-06,-7.43150719667333e-06,-2.683049063102154,-0.3346468727340042
8.199999999999408,4100,1.0,0.8749999999999996,0.0,1.0691493907863,0.06935614446699415,-5.975001433075095e-07,7.739984903892893e-07,-3.949659919470854e-06,-2.2605652600438106,-0.32508972808420444
8.199999999999408,4100,1.0,1.0,0.0,1.2568742126036287,0.08373919165375693,-7.187372260596562e-08,-3.456710903083037e-08,-4.21564613304273e-07,-0.46576225576923597,-0.28654293304275735
8.199999999999408,4100,1.0,1.125,0.0,1.2621405697846522,0.07979695220051068,4.62498646337124e-08,-8.45266032846621e-09,-1.0271561902952642e-07,-0.12358541140624171,-0.26111737681938013
8.199999999999408,4100,1.0,1.25,0.0,1.2582649980697271,0.07624610522533086,-1.692886887228594e-07,2.745964766545528e-08,-6.264748698993427e-08,-0.06454938389241299,-0.2506477051292345
8.199999999999408,4100,1.0,1.375,0.0,1.2406442297680096,0.069375845230716,1.5933503979681604e-07,-1.1630187102466089e-08,1.8968078878060247e-08,-0.022090399689998836,-0.22730251534897952
8.199999999999408,4100,1.0,1.5,0.0,1.2396488903878746,0.0692974876704898,1.371346600059621e-07,-9.181172087856424e-09,1.823108972998918e-08,-0.019043882458178292,-0.22599363109388726
8.199999999999408,4100,1.0,1.625,0.0,1.205353309693655,0.05691546062473225,2.3006718323331702e-07,-1.2876260495780314e-08,5.932865494798771e-08,-0.007562016395152441,-0.18034574891515492
8.199999999999408,4100,1.0,1.75,0.0,1.2018192536902914,0.057587427148017144,1.881683838219372e-07,-6.823846289497069e-09,4.651417069628842e-08,-0.006798712507431829,-0.1761625288223937
8.199999999999408,4100,1.0,1.875,0.0,1.1914258947188183,0.05448720444644819,6.704219205568307e-08,1.1779169258315e-08,2.799742062684155e-08,-0.004275610292200583,-0.16434925394688213
8.199999999999408,4100,1.0,2.0,0.0,1.1735431602317399,0.03351670372983728,2.2406854312095115e-07,3.015441121176201e-08,8.760387285180007e-09,0.000280329519289873,-0.14489361256794023
8.199999999999408,4100,1.0,2.125,0.0,1.157094054409364,0.039556180637018566,1.5845092988983868e-07,6.527525213040878e-09,2.7376453336642295e-08,0.00430449689711908,-0.12766378829054595
8.199999999999408,4100,1.0,2.25,0.0,1.1549574621268228,0.039901500143970994,1.455372598164465e-07,-3.5217540500167043e-09,2.666739379008808e-08,0.004851876843642191,-0.12542018936741012
8.199999999999408,4100,1.0,2.375,0.0,1.1477909575828535,0.038248031075837435,1.4948157359862728e-07,-1.7918086739798788e-08,2.53720941696817e-08,0.00543704208191225,-0.11814596094714339
8.199999999999408,4100,1.0,2.5,0.0,1.1360218962621833,0.026855384415983577,1.807684403962135e-07,6.428062285027688e-09,2.834688116277925e-09,0.003432000379097423,-0.10661257124199822
8.199999999999408,4100,1.0,2.625,0.0,1.1246309567590973,0.03281850622257378,1.5325613836057325e-07,-2.455583414918005e-08,5.63081468142268e-09,0.002773615854687263,-0.0951671173816501
8.199999999999408,4100,1.0,2.75,0.0,1.1188537818004258,0.0327352512873943,1.0754302782683106e-07,-6.683942973597804e-09,1.1784847486810263e-08,0.002346014118649278,-0.08942390425256971
8.199999999999408,4100,1.0,2.875,0.0,1.1181057634212406,0.031989509873362125,1.1404913250519453e-07,-5.448081551242859e-09,1.1626295477347154e-08,0.0022890468758762802,-0.08868209364274138
8.199999999999408,4100,1.0,3.0,0.0,1.1033370902432469,0.024228753346936006,1.219885550973425e-07,-2.0245401395430323e-09,5.011107072289564e-09,0.0017650278517105334,-0.07384206336919216
8.399999999999475,4200,1.0,-3.0,0.0,1.1070349266631885,-0.0225503848885829,3.715121661916965e-08,-3.4017357485190694e-09,-7.635423098212072e-10,-0.0028437965924419076,-0.07295076985758493
8.399999999999475,4200,1.0,-2.875,0.0,1.1230554875019907,-0.03071540457665686,-8.34306609327981e-08,-1.8391879403859864e-08,-2.4924034002753522e-08,-0.0036826037096322063,-0.08758963847978592
8.399999999999475,4200,1.0,-2.75,0.0,1.1238873091128232,-0.03149113072759594,-7.653908338630095e-08,-1.763756965402687e-08,-2.5180841648112154e-08,-0.003760419032848674,-0.08830044645103535
8.399999999999475,4200,1.0,-2.625,0.0,1.1303786763988937,-0.031690480195071716,-1.3280610462895358e-07,-1.3979998133394131e-08,-1.8091131560265756e-08,-0.004556634331777304,-0.0942596201759619
8.399999999999475,4200,1.0,-2.5,0.0,1.1493040080081547,-0.02820386047298686,-2.828370669067458e-08,1.1658782745397883e-08,-3.210873141751648e-08,-0.006681060921313868,-0.11212805523081817
8.399999999999475,4200,1.0,-2.375,0.0,1.156154183271967,-0.038199038103296556,-1.0619344776217223e-07,5.299442503628415e-08,-4.640372901301299e-08,-0.00809551992453824,-0.11741337216407749
8.399999999999475,4200,1.0,-2.25,0.0,1.1573386136769692,-0.03907754415980476,-1.2208121972305201e-07,5.5010960041700136e-08,-5.013625149296864e-08,-0.008315011624586413,-0.11840318660943183
8.399999999999475,4200,1.0,-2.125,0.0,1.1639641214813417,-0.046912830946136845,-1.2740927716099764e-07,3.509777841739975e-08,-1.1086946636671212e-07,-0.007239530718024199,-0.12461462794662419
8.399999999999475,4200,1.0,-2.0,0.0,1.176031255744413,-0.05802456694758521,-1.8206127176024432e-07,3.197659725497721e-08,-1.8446685704459583e-07,-0.003751737236767478,-0.13677230983139657
8.399999999999475,4200,1.0,-1.875,0.0,1.2047373051630967,-0.05804515676084849,-3.466687355797651e-07,6.298257463006294e-08,-1.186837972198704e-07,0.006715471545480017,-0.16308140920578187
8.399999999999475,4200,1.0,-1.75,0.0,1.2162305420186144,-0.06305581396527479,-3.7894871340025116e-07,3.241104036469643e-08,-1.1006156424202625e-07,0.010346677419353587,-0.1751079182856485
8.399999999999475,4200,1.0,-1.625,0.0,1.2411355002182731,-0.08589321024774327,-7.112788593184369e-07,-3.02410632140488e-08,-8.654639203090617e-08,0.011350819657668852,-0.20775733968655746
8.399999999999475,4200,1.0,-1.5,0.0,1.2560085970506603,-0.08494540059983036,-1.1696598402401514e-06,-8.52389067634769e-08,-7.282269665985044e-08,0.02402515059546636,-0.22500351075886055
8.399999999999475,4200,1.0,-1.375,0.0,1.257108493022792,-0.08520978676967295,-7.825239276057354e-07,-9.382118339288474e-09,1.3535501530360554e-09,0.027176131235468415,-0.22633728957584243
8.399999999999475,4200,1.0,-1.2500000000000002,0.0,1.2748846711116737,-0.09611927114689138,-1.3116807733325757e-06,-1.1810925800942488e-07,-3.322177815167549e-07,0.07437010260422804,-0.24813066465337147
8.399999999999475,4200,1.0,-1.125,0.0,1.2783897959424928,-0.10194143676867427,-1.3110776520760857e-06,-1.6388095533430985e-07,-3.963814849980572e-07,0.14359032253837073,-0.25780919670985053
8.399999999999475,4200,1.0,-1.0,0.0,1.2592153943420115,-0.11001727579532139,-2.1690023873015363e-06,-3.1659362716198956e-06,-2.671881855783301e-06,0.7384124590528374,-0.28813097869877946
8.399999999999475,4200,1.0,-0.875,0.0,1.1353567282967487,-0.11064534146541183,-3.5008458636239817e-06,-9.335845657185407e-06,-7.687224796570289e-06,1.79717672902542,-0.3077510961351031
8.399999999999475,4200,1.0,-0.75,0.0,0.8412721411800039,-0.09861367518741009,-7.257668511079734e-06,-1.5039344620835215e-05,-1.8557331931403078e-05,2.6596368362964267,-0.3158499090295725
8.399999999999475,4200,1.0,-0.625,0.0,0.486817309045514,-0.1077362588255817,-7.616184860184236e-06,4.738809515598485e-06,-2.4732759652778334e-05,2.4270693193358945,-0.31676291112132715
8.399999999999475,4200,1.0,-0.5,0.0,0.2344441156361969,-0.14388782945690812,-9.609403306632247e-06,2.536718496690403e-05,-4.275028560807101e-05,1.7138133074029707,-0.320922449146471
8.399999999999475,4200,1.0,-0.375,0.0,0.08076848804848794,-0.16818183384657623,-5.9441365898164746e-06,2.48840101977464e-05,-4.1483520180399144e-05,1.3719777427736002,-0.31883017116513224
8.399999999999475,4200,1.0,-0.25,0.0,-0.1293790039244182,-0.1677862129627327,-3.2347875667796057e-06,2.720589047681225e-05,-5.7764983261370285e-05,1.1332636936769505,-0.3217568109242231
8.399999999999475,4200,1.0,-0.125,0.0,-0.2533368048672555,-0.1271920644836187,7.245476290888047e-08,8.17241487701989e-06,-2.5696939302073445e-05,0.5872002722353433,-0.31956990539437335
8.399999999999475,4200,1.0,0.0,0.0,-0.30226435958235004,-0.06278219728625771,1.5984425759903454e-06,6.412161540127131e-06,-1.446121156322545e-05,-0.03611778251628633,-0.3218665270598451
8.399999999999475,4200,1.0,0.12499999999999956,0.0,-0.28110643310466177,-0.004016355851950731,1.7603360886549864e-06,3.2696002418309507e-06,-5.7737551517610135e-06,-0.5399029465461883,-0.322936360730076
8.399999999999475,4200,1.0,0.25,0.0,-0.13998312635026963,0.06728516138893123,3.8169566585634295e-06,-8.07710819397629e-07,6.048558511940685e-06,-1.3292596627848852,-0.34285154433924936
8.399999999999475,4200,1.0,0.375,0.0,0.06390082301127717,0.08504574612373472,3.2374155159878926e-06,-1.7612243149532054e-05,-4.581929446429221e-06,-1.5774836505182213,-0.3464248651386143
8.399999999999475,4200,1.0,0.49999999999999956,0.0,0.14187996423106258,0.08085757107323509,3.1589851298658573e-06,-1.9575810360594486e-05,-5.683950416111524e-06,-1.705652525316804,-0.34666535266018583
8.399999999999475,4200,1.0,0.625,0.0,0.5052206746927761,0.05219359411297057,9.151952966322051e-08,-1.59803185887262e-05,-1.0293059631228105e-05,-2.6764353702261805,-0.3446686411237099
8.399999999999475,4200,1.0,0.75,0.0,0.8696884643866689,0.05649848378347,-1.3150268231085476e-06,-4.097196404374884e-06,-7.659335572065265e-06,-2.6848982095006977,-0.33718983156694743
8.399999999999475,4200,1.0,0.8749999999999996,0.0,1.069663251545781,0.06925183527512722,-6.998433772831915e-07,1.047046663959988e-06,-4.058891017148597e-06,-2.2623290901177824,-0.3274304013272513
8.399999999999475,4200,1.0,1.0,0.0,1.2573329621523435,0.08375498671851528,-1.246854817681202e-07,3.815776071585748e-09,-4.340613484230592e-07,-0.46662688472418107,-0.2884765391174735
8.399999999999475,4200,1.0,1.125,0.0,1.2624964254805264,0.07995425137716014,5.707773422127245e-09,-4.181306182281543e-09,-1.0549046221653334e-07,-0.12378577141798766,-0.26288082611086383
8.399999999999475,4200,1.0,1.25,0.0,1.2586489051615848,0.07647017182098573,-2.1504997677065718e-07,2.894711693113795e-08,-6.873731938332974e-08,-0.06484433521743842,-0.2523700508139117
8.399999999999475,4200,1.0,1.375,0.0,1.240958828527456,0.06975855469368443,1.3235333180253728e-07,-6.818271983923661e-09,1.8951003564963842e-08,-0.0222012311258292,-0.22893300077689566
8.399999999999475,4200,1.0,1.5,0.0,1.239968097627198,0.06968799498499707,1.096423058764124e-07,-4.22744267294691e-09,1.7589716507911683e-08,-0.019111418398521512,-0.22761853428770223
8.399999999999475,4200,1.0,1.625,0.0,1.2055651151095408,0.057604721139675845,2.2017540518947736e-07,-1.2046629103349494e-08,5.334094821849692e-08,-0.0073805571712779825,-0.1817952594506912
8.399999999999475,4200,1.0,1.75,0.0,1.2020144963480195,0.05830742655997553,1.7789783292177018e-07,-7.746168968554166e-09,4.059180610843349e-08,-0.006492213493069112,-0.17758539271977214
8.399999999999475,4200,1.0,1.875,0.0,1.1916069335439319,0.05527988495872299,5.5763214015521174e-08,4.829030977053455e-09,2.2836061903569736e-08,-0.0038723296395272323,-0.16570491935101433
8.399999999999475,4200,1.0,2.0,0.0,1.1736554798357863,0.034598101512996644,2.2132925501009042e-07,1.7916640795595444e-08,1.240562000928188e-08,0.0002259984673790179,-0.14622151853701132
8.399999999999475,4200,1.0,2.125,0.0,1.1572571820177997,0.040408379871731355,1.560634556468192e-07,5.671573725477217e-09,2.599506624317681e-08,0.004427827703226464,-0.1288664688623399
8.399999999999475,4200,1.0,2.25,0.0,1.1551303207244445,0.04072649149146893,1.4289165456402362e-07,-4.913018931218524e-09,2.460017714744981e-08,0.004983680378069859,-0.12660604311656157
8.399999999999475,4200,1.0,2.375,0.0,1.1480224490110928,0.039048638670563525,1.485769832401779e-07,-1.9974004402790893e-08,2.2453077490126143e-08,0.00551325456710054,-0.11929438416621604
8.399999999999475,4200,1.0,2.5,0.0,1.1364015960901748,0.0277601057337789,1.8310898324844622e-07,1.9303913022224014e-09,4.332056186554138e-09,0.003179488799266229,-0.1077280574497241
8.399999999999475,4200,1.0,2.625,0.0,1.1250176178765838,0.033637481908687886,1.5521050806338953e-07,-2.2943810121092832e-08,2.4629370350768504e-09,0.0027595351888413918,-0.09623276228016318
8.399999999999475,4200,1.0,2.75,0.0,1.1192660975875075,0.0335339557244267,1.0842834888413978e-07,-7.63292201461567e-09,8.736007161544696e-09,0.002388888158957502,-0.09046725614922255
8.399999999999475,4200,1.0,2.875,0.0,1.1185242311032062,0.032787018230164444,1.1503105943146668e-07,-6.006366810321193e-09,9.011101657601307e-09,0.002332220338686846,-0.08972196732328923
8.399999999999475,4200,1.0,3.0,0.0,1.1037933919296585,0.02493176875791433,1.2574168698231056e-07,-2.1366428742764786e-09,3.5631120448566926e-09,0.0019514253009850489,-0.07481982760330133
8.599999999999541,4300,1.0,-3.0,0.0,1.108033115558971,-0.02394826795735403,3.5543611481304247e-08,-6.760483208135597e-09,2.0264942740582228e-10,-0.0032737786724989964,-0.07309851005114357
8.599999999999541,4300,1.0,-2.875,0.0,1.123977586470114,-0.03250613522885484,-8.201044820666836e-08,-2.1525778462407355e-08,-2.311193768187514e-08,-0.00394268677833514,-0.08760031153495036
8.599999999999541,4300,1.0,-2.75,0.0,1.12479323938306,-0.03330188936675691,-7.582061198004689e-08,-2.0802776898163303e-08,-2.342207706819869e-08,-0.004010214067778097,-0.08829943550626143
8.599999999999541,4300,1.0,-2.625,0.0,1.131336506767212,-0.03366560970817979,-1.327808596347073e-07,-1.885543807987018e-08,-1.594213354622146e-08,-0.004848007505155224,-0.0942297683323183
8.599999999999541,4300,1.0,-2.5,0.0,1.150437699011629,-0.030627192875355105,-3.2194468572194725e-08,1.0498257967790026e-08,-3.4255366112911407e-08,-0.007048115837062465,-0.11206304948978342
8.599999999999541,4300,1.0,-2.375,0.0,1.1568081883849652,-0.040703283659026555,-1.0906298111657499e-07,4.7610709679614376e-08,-4.574204293442697e-08,-0.008277941514655296,-0.11717929927448484
8.599999999999541,4300,1.0,-2.25,0.0,1.1579543580076723,-0.04160332946086245,-1.2443766750466213e-07,4.986580529635615e-08,-4.926191164633704e-08,-0.00848829515730372,-0.11815114569063175
8.599999999999541,4300,1.0,-2.125,0.0,1.1642397609633819,-0.04948926703305914,-1.2781187388688502e-07,2.8830845684820277e-08,-1.0629106576584238e-07,-0.007700107467146732,-0.12421333300578039
8.599999999999541,4300,1.0,-2.0,0.0,1.1758700863876452,-0.060694957908394014,-1.862246013915693e-07,3.551238364843131e-08,-1.814802091828541e-07,-0.005070701894352152,-0.13613502848419998
8.599999999999541,4300,1.0,-1.875,0.0,1.204801943809263,-0.06171590335994087,-3.576441148280158e-07,5.325814493445689e-08,-1.1791376876208569e-07,0.005579706431436298,-0.16228362833314114
8.599999999999541,4300,1.0,-1.75,0.0,1.216000373821133,-0.06698365793898313,-3.893908265757682e-07,1.5002093727915376e-08,-1.0388458990613589e-07,0.009408750263909601,-0.17405033134069575
8.599999999999541,4300,1.0,-1.625,0.0,1.239976812441959,-0.09013125578360144,-7.273204934156684e-07,-1.0301819822045436e-08,-6.795227225640489e-08,0.011566209456592787,-0.2057146166569666
8.599999999999541,4300,1.0,-1.5,0.0,1.2547821169615094,-0.08971504295838907,-1.198692125866921e-06,-6.017556284050859e-08,-2.6081958480150554e-08,0.02524960108438681,-0.2225653663881498
8.599999999999541,4300,1.0,-1.375,0.0,1.2558203319192116,-0.0900181623971843,-8.01774300873275e-07,1.65158213482305e-08,2.1603868253653026e-08,0.0284771398775227,-0.22384062712608854
8.599999999999541,4300,1.0,-1.2500000000000002,0.0,1.2722541247884926,-0.1012573208243342,-1.3317693907798328e-06,-9.817712498602381e-08,-2.879780770204313e-07,0.07702926461919574,-0.24459360670183997
8.599999999999541,4300,1.0,-1.125,0.0,1.2751718494114557,-0.10720255518735222,-1.3293033849815699e-06,-1.2597531003484103e-07,-3.593018191226628e-07,0.14913376285593483,-0.2537759560806161
8.599999999999541,4300,1.0,-1.0,0.0,1.2530566673937908,-0.11527658211656107,-2.2161450689466502e-06,-3.2581170689667296e-06,-2.6836138000192396e-06,0.757803625949623,-0.28258753014648086
8.599999999999541,4300,1.0,-0.875,0.0,1.124725410214139,-0.11449934127325725,-3.606488810576087e-06,-9.890195174613933e-06,-7.54869396630408e-06,1.818503753036181,-0.30053249089662315
8.599999999999541,4300,1.0,-0.75,0.0,0.8270987611671915,-0.10021874601106719,-7.523618396064546e-06,-1.5833539330008512e-05,-1.876195066380022e-05,2.6633300072818002,-0.3071771490802001
8.599999999999541,4300,1.0,-0.625,0.0,0.4726456330130988,-0.10742263183458658,-7.87433119875582e-06,5.120382455791246e-06,-2.5486721130236003e-05,2.402856196496717,-0.3076060077321312
8.599999999999541,4300,1.0,-0.5,0.0,0.22253512676201653,-0.141282945564992,-9.840309147872941e-06,2.6287857474502343e-05,-4.386280471865915e-05,1.675707471070796,-0.3117356413228792
8.599999999999541,4300,1.0,-0.375,0.0,0.0710263108808846,-0.1634573975388854,-6.013973145928874e-06,2.5637671544322082e-05,-4.22406869588832e-05,1.3288431178018865,-0.3101196291546512
8.599999999999541,4300,1.0,-0.25,0.0,-0.1343229255757778,-0.16142589396975535,-3.0586947158664135e-06,2.7078328554422916e-05,-5.664955847075495e-05,1.0698459659299433,-0.31411654858165716
8.599999999999541,4300,1.0,-0.125,0.0,-0.25223106442824306,-0.11946749918198103,2.1519467702485884e-07,7.367501372027152e-06,-2.430805162737548e-05,0.5292131924969499,-0.31422633643537234
8.599999999999541,4300,1.0,0.0,0.0,-0.2970618953888727,-0.055533660285933,1.7071190287026553e-06,6.0226133083666816e-06,-1.3281653975091988e-05,-0.0757151580929353,-0.3188587510880969
8.599999999999541,4300,1.0,0.12499999999999956,0.0,-0.2742749407568771,0.0023834328857817288,1.8309307239848199e-06,3.333042572293146e-06,-5.0400019159667165e-06,-0.5644610884378528,-0.3218363087296516
8.599999999999541,4300,1.0,0.25,0.0,-0.13221241339275425,0.07070605012164635,3.883045085121598e-06,-7.713111804893334e-07,6.180250129280832e-06,-1.3315926274240633,-0.3438584863901816
8.599999999999541,4300,1.0,0.375,0.0,0.06852235228679521,0.08696634209183428,3.2310174903802655e-06,-1.8206260162958517e-05,-5.052262965133834e-06,-1.5665553890901327,-0.34823522223855063
8.599999999999541,4300,1.0,0.49999999999999956,0.0,0.1454029642951567,0.08249048867527939,3.1249048532941107e-06,-2.028580155165888e-05,-6.138557500751321e-06,-1.695588033720683,-0.3487085086210781
8.599999999999541,4300,1.0,0.625,0.0,0.5068277801197338,0.05301712846813345,-7.106410460906414e-08,-1.6208215996362494e-05,-1.0584909018664748e-05,-2.674476187639094,-0.34733158059597447
8.599999999999541,4300,1.0,0.75,0.0,0.8707191963684975,0.05687435940297661,-1.4795937362946225e-06,-3.8116432015719043e-06,-7.788693537219525e-06,-2.6866257649263625,-0.3398675752463673
8.599999999999541,4300,1.0,0.8749999999999996,0.0,1.0704375141741937,0.06951566845116763,-8.045252789395223e-07,1.3212760065679084e-06,-4.132695281678346e-06,-2.264852279944885,-0.3298993139656742
8.599999999999541,4300,1.0,1.0,0.0,1.258232698128869,0.0838966546629716,-1.8266140344926358e-07,4.41303763946e-08,-4.593642035182821e-07,-0.4680640433375157,-0.29055140581290784
8.599999999999541,4300,1.0,1.125,0.0,1.2632953415397976,0.0801152169053786,-3.9647165238568207e-08,5.465035625020335e-09,-1.1808978445172242e-07,-0.12399335643315602,-0.2647904700450868
8.599999999999541,4300,1.0,1.25,0.0,1.2594459279638481,0.07670056552001292,-2.6742096170103415e-07,3.638524234797881e-08,-7.687374513395575e-08,-0.06503948959564769,-0.2542348044278685
8.599999999999541,4300,1.0,1.375,0.0,1.2416082143965779,0.07009231243634659,9.996383405015301e-08,-3.142126204620591e-09,1.3889923740105215e-08,-0.022325139734791177,-0.23065887562242227
8.599999999999541,4300,1.0,1.5,0.0,1.2406142454570166,0.07002857914684954,7.664391470343038e-08,-5.347123153062663e-10,1.2806563737942601e-08,-0.01921538146509475,-0.22933343590557254
8.599999999999541,4300,1.0,1.625,0.0,1.2060134600305594,0.058136026361687236,2.0736497636324285e-07,-8.60828791079755e-09,4.2968330798172795e-08,-0.007236566231571765,-0.1832398982354721
8.599999999999541,4300,1.0,1.75,0.0,1.2024323594913688,0.058841700614859584,1.6459830010424647e-07,-5.227219375792742e-09,3.127409396784861e-08,-0.006231719658695916,-0.17898789711294458
8.599999999999541,4300,1.0,1.875,0.0,1.191967738463567,0.05585550660478231,4.122268443277902e-08,1.1270969164000503e-09,1.623528752318426e-08,-0.0034974628049833185,-0.16702706553381938
8.599999999999541,4300,1.0,2.0,0.0,1.1738727651378846,0.03550738363036267,2.1566732367713487e-07,5.910906299967208e-09,1.4751369694370334e-08,0.0004456318820619885,-0.1475560199711057
8.599999999999541,4300,1.0,2.125,0.0,1.1575198405482903,0.04111123083106712,1.519289505995339e-07,1.0688109904625882e-09,2.3857691174212368e-08,0.004771727265666516,-0.13009112096321576
8.599999999999541,4300,1.0,2.25,0.0,1.1554002213195387,0.04140628223618196,1.3839171085711594e-07,-9.941708051827547e-09,2.192366802580984e-08,0.005328867817726895,-0.127816919062421
8.599999999999541,4300,1.0,2.375,0.0,1.1483343322499735,0.039724501213995074,1.4587639966137785e-07,-2.547833221488279e-08,1.9149265144620093e-08,0.005797411317684489,-0.12047220465054859
8.599999999999541,4300,1.0,2.5,0.0,1.1367982409222106,0.02856528026291809,1.8304813406912254e-07,-5.445024559217774e-09,6.389428349850088e-09,0.0031587806694590576,-0.10887586498052716
8.599999999999541,4300,1.0,2.625,0.0,1.1254218089888197,0.03432992355701423,1.5512777768358748e-07,-2.1609165339817603e-08,1.5505533050950455e-11,0.002974972758175754,-0.09731421167652735
8.599999999999541,4300,1.0,2.75,0.0,1.1196912249510782,0.03420845486104132,1.0735862112205774e-07,-8.234975713205053e-09,6.42797391851029e-09,0.0026584314763599035,-0.09152070214513482
8.599999999999541,4300,1.0,2.875,0.0,1.118954002800116,0.03346307295908756,1.141110953078847e-07,-6.217099292988848e-09,7.160704883019946e-09,0.002599378188087975,-0.09077215034349909
8.599999999999541,4300,1.0,3.0,0.0,1.104243154134255,0.025536131770021155,1.2886189251534484e-07,-2.7250933277121862e-09,2.5886378331278804e-09,0.0022744457060351955,-0.07580959694287925
8.799999999999608,4400,1.0,-3.0,0.0,1.108949871660776,-0.02532503393840427,3.48688970537101e-08,-9.404257195089739e-09,2.2245082806200736e-09,-0.0037691094694987837,-0.07321440260752253
8.799999999999608,4400,1.0,-2.875,0.0,1.1247871328228527,-0.03426628790525449,-7.771559138733012e-08,-2.3785496537327758e-08,-1.975472933395188e-08,-0.004333391100521094,-0.08757225818705523
8.799999999999608,4400,1.0,-2.75,0.0,1.1255844521533362,-0.03508002939442269,-7.224471009566659e-08,-2.290212228197206e-08,-1.994905174912569e-08,-0.0043902157336839255,-0.08825966927880595
8.799999999999608,4400,1.0,-2.625,0.0,1.1321650219882387,-0.03560574224337876,-1.2897117481738202e-07,-2.4082502964902682e-08,-1.2022448319153406e-08,-0.005267338377488615,-0.09415287516384453
8.799999999999608,4400,1.0,-2.5,0.0,1.151420640433579,-0.03304300203333923,-3.275257962892269e-08,5.211526884437507e-09,-3.2964779788566356e-08,-0.00754164275058272,-0.11192423802649383
8.799999999999608,4400,1.0,-2.375,0.0,1.1573062722497032,-0.04316489426396832,-1.0838056370768994e-07,3.833352299379492e-08,-4.194394860826588e-08,-0.00855046028061238,-0.11686870147982169
8.799999999999608,4400,1.0,-2.25,0.0,1.158412145584617,-0.04408240665955871,-1.23026918666546e-07,4.051609754299731e-08,-4.518924044306733e-08,-0.008747634847526166,-0.11782137243914434
8.799999999999608,4400,1.0,-2.125,0.0,1.16435599075075,-0.05198760047890555,-1.2336649488251461e-07,1.983156986553176e-08,-9.800502702275072e-08,-0.008209539635419594,-0.12373679987115369
8.799999999999608,4400,1.0,-2.0,0.0,1.175546229436903,-0.06323644715303722,-1.8501494469192258e-07,3.4037464343514044e-08,-1.719872884465826e-07,-0.00637500611097621,-0.13542834764320763
8.799999999999608,4400,1.0,-1.875,0.0,1.204610467176366,-0.06524070140329666,-3.643834407894158e-07,5.5945144342299827e-08,-1.084645952023097e-07,0.004443820270011064,-0.16134258843329832
8.799999999999608,4400,1.0,-1.75,0.0,1.2155255836160528,-0.07072871538554878,-3.950547987872132e-07,1.604618807994998e-08,-9.257263862168997e-08,0.008624522424037809,-0.17282952293296588
8.799999999999608,4400,1.0,-1.625,0.0,1.2385019648133957,-0.09414865673863486,-7.38089021538889e-07,2.0510726155403483e-08,-6.372347747835166e-08,0.01159621972826563,-0.20351751063282686
8.799999999999608,4400,1.0,-1.5,0.0,1.2531754455573998,-0.09424694758689744,-1.2192122203064321e-06,-2.0866231680391365e-08,-3.976669413669802e-08,0.026356860232878303,-0.21994336808813975
8.799999999999608,4400,1.0,-1.375,0.0,1.2541461428124163,-0.0945812716061893,-8.150828006409142e-07,5.143421110491636e-08,1.2742255723551642e-08,0.029706892540470216,-0.22115994725800897
8.799999999999608,4400,1.0,-1.2500000000000002,0.0,1.2692294466074963,-0.10599262672588977,-1.3401680514968377e-06,-1.0570141478578781e-07,-3.563371888039046e-07,0.07964524940643085,-0.24090676375568099
8.799999999999608,4400,1.0,-1.125,0.0,1.2714592301521204,-0.11204427631023757,-1.3343791516699969e-06,-1.2821446339267714e-07,-4.294667234065154e-07,0.1540100446500574,-0.2496014416405709
8.799999999999608,4400,1.0,-1.0,0.0,1.246545224422201,-0.11996882671501376,-2.2442661804231446e-06,-3.4198410104160018e-06,-2.676098182971331e-06,0.7728652003295928,-0.27685006498047304
8.799999999999608,4400,1.0,-0.875,0.0,1.114429340025158,-0.11764156388205824,-3.686004084971192e-06,-1.0595377347474088e-05,-7.380449822739775e-06,1.8357910317718815,-0.2932482797698397
8.799999999999608,4400,1.0,-0.75,0.0,0.8135460634263402,-0.10104673479859581,-7.752152176332135e-06,-1.683646891653637e-05,-1.8773866124157815e-05,2.667644523481899,-0.2986632567764602
8.799999999999608,4400,1.0,-0.625,0.0,0.4587868523857357,-0.10596522010334838,-8.115685515838321e-06,5.178144263485047e-06,-2.5956733016285874e-05,2.381839166253933,-0.2987194339360604
8.799999999999608,4400,1.0,-0.5,0.0,0.21050863150597318,-0.13707145093067039,-1.0058514604496891e-05,2.691974352621693e-05,-4.462451847423842e-05,1.6408688325212324,-0.3028606527332145
8.799999999999608,4400,1.0,-0.375,0.0,0.06096071675795421,-0.15707047300602525,-6.072739757615064e-06,2.6308628871694617e-05,-4.2699381061199636e-05,1.2889511415528143,-0.3018218294067787
8.799999999999608,4400,1.0,-0.25,0.0,-0.13941705946674357,-0.15296535892133295,-2.860429358287903e-06,2.7138025378436752e-05,-5.539230732547958e-05,1.0058827268323096,-0.30694327702756774
8.799999999999608,4400,1.0,-0.125,0.0,-0.250945563711974,-0.1096304116418108,3.550504005166371e-07,6.772377316702645e-06,-2.29119658818468e-05,0.47206046296968696,-0.3092911991245057
8.799999999999608,4400,1.0,0.0,0.0,-0.2915528867456862,-0.046439205924135606,1.8032852235122087e-06,5.617188262394651e-06,-1.1984987221136497e-05,-0.1120468394151284,-0.31610768340429407
8.799999999999608,4400,1.0,0.12499999999999956,0.0,-0.26707269551596124,0.010532074940323898,1.8871268947301128e-06,3.455366383474053e-06,-4.1859813808069344e-06,-0.5844999728598452,-0.32087987116030725
8.799999999999608,4400,1.0,0.25,0.0,-0.12425566505645835,0.07573204128444774,3.9147903675645005e-06,-7.127091736733903e-07,6.3049762726843485e-06,-1.331034124369104,-0.3448271613923148
8.799999999999608,4400,1.0,0.375,0.0,0.07353883449028732,0.09023843323235489,3.201532967180998e-06,-1.8667698216717e-05,-5.432470165198459e-06,-1.5539196506712625,-0.34988410655639235
8.799999999999608,4400,1.0,0.49999999999999956,0.0,0.14935734063942513,0.08538671850436462,3.0692388537486916e-06,-2.08463872618837e-05,-6.491657348839554e-06,-1.683467890050895,-0.3505744362318578
8.799999999999608,4400,1.0,0.625,0.0,0.5085713061759913,0.05472945932704333,-2.3608394552531157e-07,-1.6319136551169007e-05,-1.0761430086351303e-05,-2.6699223836333106,-0.34985980282502793
8.799999999999608,4400,1.0,0.75,0.0,0.8717765627078679,0.057878936840096054,-1.6395540596623614e-06,-3.520425539452412e-06,-7.864394219350993e-06,-2.687790121593377,-0.34250890350876323
8.799999999999608,4400,1.0,0.8749999999999996,0.0,1.07123552706806,0.070221222213926,-9.105527766804583e-07,1.5711362429653614e-06,-4.2017367152891595e-06,-2.2685136167498174,-0.3323465237758323
8.799999999999608,4400,1.0,1.0,0.0,1.2594686928755334,0.0842773527987829,-2.4563450743775896e-07,7.652993414924004e-08,-4.894668828100894e-07,-0.47044280794407844,-0.29268530781592794
8.799999999999608,4400,1.0,1.125,0.0,1.2644777567028929,0.08037129225173067,-9.012030883187942e-08,1.3501437258728154e-08,-1.415640614492703e-07,-0.12447193715739062,-0.26677079847297397
8.799999999999608,4400,1.0,1.25,0.0,1.2605962054438737,0.07700194496619539,-3.2383044908362216e-07,4.382750648934214e-08,-8.870715284743442e-08,-0.06526759300634291,-0.25616732486381394
8.799999999999608,4400,1.0,1.375,0.0,1.2425665415030753,0.07041013094362958,6.279335329013235e-08,-3.4666899482035144e-09,5.77048304784863e-09,-0.022426424741784304,-0.23243077436881562
8.799999999999608,4400,1.0,1.5,0.0,1.2415619209526718,0.07035135861993703,3.898818772814198e-08,-1.2538256370132312e-09,5.797779229631491e-09,-0.019320097412791934,-0.23109032254135
8.799999999999608,4400,1.0,1.625,0.0,1.206699870708929,0.058508009672946074,1.912676800130666e-07,-8.525092948712643e-09,2.8394111717693215e-08,-0.007082823020965668,-0.18466389453403842
8.799999999999608,4400,1.0,1.75,0.0,1.2030752122507786,0.05919438582804498,1.4827116247842223e-07,-4.686963413139765e-09,1.9105046100561898e-08,-0.005992847473242425,-0.18035751667684524
8.799999999999608,4400,1.0,1.875,0.0,1.1925165233427248,0.05622392636704612,2.4391676409705317e-08,-2.4612032812016638e-09,9.036085899559472e-09,-0.0031563460119090644,-0.16830877445194592
8.799999999999608,4400,1.0,2.0,0.0,1.1742385698117792,0.036214483822251904,2.0729619953545512e-07,-4.992479101782266e-09,1.6237003677012854e-08,0.000963792468675372,-0.14889461148831087
8.799999999999608,4400,1.0,2.125,0.0,1.1579130504875266,0.041659114518414614,1.4552033402642056e-07,-4.7089642399994116e-09,2.0186374364922493e-08,0.005323465991014152,-0.13132346584569607
8.799999999999608,4400,1.0,2.25,0.0,1.1557968304559327,0.04193816458409766,1.3164221500864277e-07,-1.564333757415686e-08,1.791828689766951e-08,0.00587168396018352,-0.12903723417900548
8.799999999999608,4400,1.0,2.375,0.0,1.1487526863462911,0.040270125419294395,1.4084206958356938e-07,-3.1213757637332533e-08,1.5009194296431513e-08,0.006278087967317506,-0.12165976817801478
8.799999999999608,4400,1.0,2.5,0.0,1.1372371781623578,0.029240722352548404,1.806060758327893e-07,-1.2879827574556286e-08,8.25244684836223e-09,0.003401639052105886,-0.11003390159888768
8.799999999999608,4400,1.0,2.625,0.0,1.1258592520164137,0.03487202844360895,1.5268390666897878e-07,-1.95212378548198e-08,-1.5929063528316445e-09,0.0034170142162214083,-0.09838072784366113
8.799999999999608,4400,1.0,2.75,0.0,1.1201411540570632,0.03473306208745733,1.0450891271028138e-07,-8.426200774231913e-09,4.989522088930871e-09,0.003146120991591202,-0.0925498350531337
8.799999999999608,4400,1.0,2.875,0.0,1.1194069203423969,0.033991530789816746,1.1159153401797731e-07,-6.186420195480896e-09,6.092387187108574e-09,0.0030832506480115993,-0.0917980702135256
8.799999999999608,4400,1.0,3.0,0.0,1.1046960953086062,0.026015236876598888,1.3078774679863412e-07,-3.8933803635560544e-09,1.7567400248960617e-09,0.0027294180754098007,-0.07677231943075641
8.999999999999675,4500,1.0,-3.0,0.0,1.1097747434817373,-0.026660415317473683,3.54176388834823e-08,-1.0868544964705601e-08,6.554518720478858e-09,-0.004299874731728588,-0.07327982963093436
8.999999999999675,4500,1.0,-2.875,0.0,1.1254730186405326,-0.03596348483101154,-7.115004589187877e-08,-2.4623852047917264e-08,-1.3964012721797729e-08,-0.004827617226735616,-0.08748597402448295
8.999999999999675,4500,1.0,-2.75,0.0,1.1262499387709644,-0.03679349803448881,-6.627729773102065e-08,-2.3545158986470238e-08,-1.3592371430655669e-08,-0.004873655607394796,-0.08816175340144303
8.999999999999675,4500,1.0,-2.625,0.0,1.1328528536751614,-0.03747469663561663,-1.2297172123161742e-07,-2.8989429637204963e-08,-4.861031619414888e-09,-0.005785185208697872,-0.09399092815626929
8.999999999999675,4500,1.0,-2.5,0.0,1.1522378618122018,-0.03539797964444333,-3.056109347764881e-08,-3.5062345178962316e-09,-2.8417443516260614e-08,-0.008132190684764232,-0.1116279876546356
8.999999999999675,4500,1.0,-2.375,0.0,1.157636818864488,-0.04553527737978154,-1.0525369804325799e-07,2.6524515989387202e-08,-3.585945417459453e-08,-0.008870070594933981,-0.11640367464216433
8.999999999999675,4500,1.0,-2.25,0.0,1.158700696004008,-0.046466185262812223,-1.1908726133277212e-07,2.8311409228041273e-08,-3.916863099689685e-08,-0.009047959566214582,-0.11733404068162728
8.999999999999675,4500,1.0,-2.125,0.0,1.164306065834522,-0.05436838749888097,-1.1408380781748746e-07,8.997978592573545e-09,-8.838450547883005e-08,-0.00872164345900764,-0.12313014270287694
8.999999999999675,4500,1.0,-2.0,0.0,1.1750613833837393,-0.06562703534160941,-1.761334125372532e-07,2.887869847104325e-08,-1.5935143735184614e-07,-0.007624307384483517,-0.1346474137335169
8.999999999999675,4500,1.0,-1.875,0.0,1.2041717084757864,-0.06865123310162649,-3.6189496150575555e-07,6.68888357086208e-08,-8.932604750160141e-08,0.003536271354003955,-0.16037620122790944
8.999999999999675,4500,1.0,-1.75,0.0,1.2147865789419596,-0.07435583189358021,-3.9043552218129364e-07,4.3679064800634154e-08,-7.186349120060065e-08,0.008173361686138015,-0.17158508697750452
8.999999999999675,4500,1.0,-1.625,0.0,1.2366320262940804,-0.09790779101359824,-7.377375020487082e-07,3.4925599709126e-08,-3.52232250668584e-08,0.011313191739343673,-0.20116645611499578
8.999999999999675,4500,1.0,-1.5,0.0,1.251075139811582,-0.09846977945093666,-1.2310041854090868e-06,-1.4430917414812253e-08,-4.15414227678326e-08,0.027073706766803866,-0.21711851944777022
8.999999999999675,4500,1.0,-1.375,0.0,1.2519698189644808,-0.09882288871331647,-8.190644184451388e-07,6.433466455457228e-08,3.20059804193442e-08,0.030560897784991894,-0.21828228256194795
8.999999999999675,4500,1.0,-1.2500000000000002,0.0,1.2658226757825481,-0.11023122281129188,-1.3436568418806714e-06,-1.1644061823178815e-07,-3.7484458598406556e-07,0.08181604298137794,-0.23711093593900917
8.999999999999675,4500,1.0,-1.125,0.0,1.2673146251728,-0.11628318929907681,-1.3329331798881921e-06,-1.6295323341925245e-07,-4.4676224929319163e-07,0.15703534778600267,-0.2453360534320247
8.999999999999675,4500,1.0,-1.0,0.0,1.2399928827914333,-0.12380503359257979,-2.2541551275193315e-06,-3.6716329729953445e-06,-2.576895002714504e-06,0.7831920978650494,-0.2709987355210131
8.999999999999675,4500,1.0,-0.875,0.0,1.104602345647017,-0.11987022887097251,-3.7363605809436532e-06,-1.1351253468700307e-05,-7.094298637773316e-06,1.8506309942969217,-0.28598655610772533
8.999999999999675,4500,1.0,-0.75,0.0,0.8007205971393319,-0.10088298162459736,-7.931562318352774e-06,-1.8123232598847934e-05,-1.8524707637991807e-05,2.6718474954503395,-0.2903962142406237
8.999999999999675,4500,1.0,-0.625,0.0,0.44548679932424295,-0.1031945902624759,-8.33640925858498e-06,4.7857620400098005e-06,-2.6130805525347897e-05,2.3638268916469336,-0.2901958170780577
8.999999999999675,4500,1.0,-0.5,0.0,0.19854998206766394,-0.1312676532574656,-1.0267547298813767e-05,2.7297117391079008e-05,-4.5065992015077644e-05,1.6109354883630767,-0.2943961535636242
8.999999999999675,4500,1.0,-0.375,0.0,0.0507868171769242,-0.14906015712964665,-6.125307397714337e-06,2.6905873576817693e-05,-4.299099624521127e-05,1.2529617185900568,-0.29405801269489007
8.999999999999675,4500,1.0,-0.25,0.0,-0.14439483021449312,-0.1426881425297927,-2.668354998463275e-06,2.7198150086460864e-05,-5.414186888701904e-05,0.9454686447516941,-0.30032108540250896
8.999999999999675,4500,1.0,-0.125,0.0,-0.24941962003067777,-0.09805808454236178,4.829022006532629e-07,6.251871133144285e-06,-2.158047661672351e-05,0.4194070738084608,-0.3048304765775389
8.999999999999675,4500,1.0,0.0,0.0,-0.28577343052200155,-0.03568304829119384,1.8805807984579635e-06,5.2212904648943885e-06,-1.0639366883000044e-05,-0.1443652203057863,-0.313651228679234
8.999999999999675,4500,1.0,0.12499999999999956,0.0,-0.2595620210774179,0.02026495941121547,1.924463688601904e-06,3.5428613320602307e-06,-3.285381170142121e-06,-0.598802709745779,-0.3200058238682448
8.999999999999675,4500,1.0,0.25,0.0,-0.11628466046531097,0.08225955713041246,3.8994630801639166e-06,-6.382312831094537e-07,6.383010473014376e-06,-1.3268227743224383,-0.34549695702492467
8.999999999999675,4500,1.0,0.375,0.0,0.07876244499163754,0.09477971502119174,3.146119106746136e-06,-1.8935105338847675e-05,-5.7019264847772784e-06,-1.5388602954228712,-0.35112614568280875
8.999999999999675,4500,1.0,0.49999999999999956,0.0,0.15354270787456223,0.08947970307085687,2.9904574511742795e-06,-2.1195754963272714e-05,-6.725064752753528e-06,-1.6685028572437588,-0.3520202941383332
8.999999999999675,4500,1.0,0.625,0.0,0.5101859427570955,0.057314078778346586,-4.025377791604891e-07,-1.635137488567188e-05,-1.0849379057058292e-05,-2.66205342736606,-0.35199163918677917
8.999999999999675,4500,1.0,0.75,0.0,0.872606364700119,0.05953104481023424,-1.7958608734435355e-06,-3.230627376759365e-06,-7.899250654530077e-06,-2.6882385512366755,-0.344853236481757
8.999999999999675,4500,1.0,0.8749999999999996,0.0,1.0718532220521428,0.0714341104997299,-1.018468407243803e-06,1.8108445346089126e-06,-4.245851433858052e-06,-2.27348109221999,-0.33454854440209564
8.999999999999675,4500,1.0,1.0,0.0,1.2609070654335048,0.08501546006850266,-3.1413738771572683e-07,1.1182580336841945e-07,-5.123049662027313e-07,-0.47365112295984274,-0.2947386226367862
8.999999999999675,4500,1.0,1.125,0.0,1.2659261591271629,0.08085305530333498,-1.478572327896043e-07,1.821628001556473e-08,-1.5639680724578954e-07,-0.12538312608767113,-0.26870561686224387
8.999999999999675,4500,1.0,1.25,0.0,1.2620062883256842,0.07747995740551937,-3.8641947975427496e-07,5.003776820807363e-08,-9.486042782691266e-08,-0.06567825933146756,-0.25806949517827066
8.999999999999675,4500,1.0,1.375,0.0,1.243762269189403,0.0707974218799635,1.863044702435464e-08,-4.59165865068619e-09,3.3854574203584e-09,-0.022576906479240037,-0.2342039659120176
8.999999999999675,4500,1.0,1.5,0.0,1.2427411778569246,0.07073987848385263,-5.508152483057934e-09,-2.891268889350085e-09,4.899244884607232e-09,-0.019465561585814087,-0.23284799883413423
8.999999999999675,4500,1.0,1.625,0.0,1.2075993241298049,0.05874946101666141,1.6967703059728777e-07,-1.0831563343788244e-08,1.562619269940091e-08,-0.006885750455007269,-0.18606071714181255
8.999999999999675,4500,1.0,1.75,0.0,1.2039250784186002,0.059399459454386225,1.269076270216233e-07,-5.543467049928685e-09,7.934056251169748e-09,-0.005746159683916485,-0.18168876471387588
8.999999999999675,4500,1.0,1.875,0.0,1.193251709647382,0.05642117661140825,3.4583417379209388e-09,-5.699975526591106e-09,1.4944622670895201e-09,-0.002827755205884203,-0.1695432461768724
8.999999999999675,4500,1.0,2.0,0.0,1.1747837972497293,0.03670724058870885,1.946834886215128e-07,-1.434928089086781e-08,1.7329534899852745e-08,0.0017629245677708784,-0.15022218958136935
8.999999999999675,4500,1.0,2.125,0.0,1.1584563803099184,0.04205702240334231,1.3579488064459808e-07,-1.0574949233728591e-08,1.558461332745347e-08,0.006041150754236233,-0.13253690455134012
8.999999999999675,4500,1.0,2.25,0.0,1.1563386040501533,0.042328877384500835,1.2165110568469987e-07,-2.11017454405403e-08,1.3062492238030826e-08,0.006568449098553162,-0.13023880538279642
8.999999999999675,4500,1.0,2.375,0.0,1.1492938698423925,0.040686609635491616,1.3281738080175636e-07,-3.664477739082417e-08,1.0308603549196338e-08,0.006914265484520152,-0.12282747768761006
8.999999999999675,4500,1.0,2.5,0.0,1.1377391287835112,0.029762397371674677,1.754432337251996e-07,-1.947724699073185e-08,9.757082442054163e-09,0.003895038650454012,-0.1111788918437576
8.999999999999675,4500,1.0,2.625,0.0,1.1263425954232806,0.03525083381294234,1.4789273679793985e-07,-1.6591674117342302e-08,-2.6248042537091415e-09,0.00404600534266976,-0.09941142777511308
8.999999999999675,4500,1.0,2.75,0.0,1.1206255765981314,0.03509336022987512,9.979761810078956e-08,-8.05916115495878e-09,4.1131296351350475e-09,0.0038083825517810374,-0.09353561066080393
8.999999999999675,4500,1.0,2.875,0.0,1.1198925783742317,0.03435716396143769,1.0735711723073306e-07,-5.816441794887008e-09,5.44284735783917e-09,0.0037417307371643066,-0.09278101950088964
8.999999999999675,4500,1.0,3.0,0.0,1.105160381830617,0.02635064991260816,1.3152576783443382e-07,-5.2554523509485355e-09,1.2319795641471343e-09,0.0032886605550482215,-0.07769217394206485
9.199999999999742,4600,1.0,-3.0,0.0,1.1104935052763136,-0.02793762637679776,3.7690602451719907e-08,-1.0607089817914898e-08,1.0603428038236167e-08,-0.004830469452116131,-0.0733652037882086
9.199999999999742,4600,1.0,-2.875,0.0,1.1260223526187434,-0.037567460617784564,-6.217386655838265e-08,-2.3262815358980377e-08,-1.096738016291715e-08,-0.005378409293836993,-0.08742184491401825
9.199999999999742,4600,1.0,-2.75,0.0,1.1267771174895742,-0.03841214711053835,-5.7667222971692256e-08,-2.220955212540815e-08,-9.635266579557315e-09,-0.005413678991546299,-0.08808648436971003
9.199999999999742,4600,1.0,-2.625,0.0,1.1333863939018904,-0.039243784492366804,-1.1444848005614334e-07,-3.233600342270162e-08,1.0235086127828607e-09,-0.006349663072512433,-0.09385153409962242
9.199999999999742,4600,1.0,-2.5,0.0,1.152866615509323,-0.037660678149607135,-2.2080393440994594e-08,-1.4386420584998721e-08,-2.4413965586457262e-08,-0.008767781096840437,-0.11134708808943679
9.199999999999742,4600,1.0,-2.375,0.0,1.157776842454456,-0.0477901185212321,-9.603443402486842e-08,1.3804217159920706e-08,-2.8755902868483274e-08,-0.009179808553719863,-0.11595846873538618
9.199999999999742,4600,1.0,-2.25,0.0,1.158796917132713,-0.0487314095362006,-1.0891584034118774e-07,1.4982168335574805e-08,-3.2157369181465596e-08,-0.009330758941999782,-0.11686697877329705
9.199999999999742,4600,1.0,-2.125,0.0,1.1640662339982866,-0.05661405717729223,-9.770517427956899e-08,-3.997050021822436e-10,-7.924416180446026e-08,-0.009145628479478092,-0.12253527037981468
9.199999999999742,4600,1.0,-2.0,0.0,1.1743901782109778,-0.0678583516005038,-1.6084833214361936e-07,2.1510583153870383e-08,-1.466658391201122e-07,-0.008650872040905169,-0.13385429965150764
9.199999999999742,4600,1.0,-1.875,0.0,1.203421618065665,-0.07189249086116213,-3.526678078878631e-07,8.251401090700034e-08,-8.212009881734509e-08,0.0029377387532714253,-0.15935049266161116
9.199999999999742,4600,1.0,-1.75,0.0,1.2137295177840617,-0.07783501924592773,-3.805906559322114e-07,6.46906777142841e-08,-5.952212740956071e-08,0.007936724030390856,-0.17027706611361787
9.199999999999742,4600,1.0,-1.625,0.0,1.2344364973957418,-0.10122224883392325,-7.218272900367895e-07,-3.373826931056761e-08,2.170892583196141e-08,0.010626566241592118,-0.1987741065891001
9.199999999999742,4600,1.0,-1.5,0.0,1.2486040852904148,-0.10216708510983954,-1.2266230581154995e-06,-9.453212647240681e-08,1.5868227641169064e-08,0.027237990842981397,-0.21426963049858716
9.199999999999742,4600,1.0,-1.375,0.0,1.2494227074208306,-0.10253207266241829,-8.083783603393947e-07,-1.3033752037966223e-08,8.887432961144804e-08,0.030885306316101778,-0.21538430951907755
9.199999999999742,4600,1.0,-1.2500000000000002,0.0,1.2622157633805189,-0.11392460913047299,-1.3384542297042436e-06,-1.1713429428213135e-07,-3.4116919696407784e-07,0.08367702752459584,-0.2333600619825103
9.199999999999742,4600,1.0,-1.125,0.0,1.2629638268474652,-0.1197951825185138,-1.322204586219552e-06,-1.75651747067318e-07,-4.218817290559703e-07,0.15922584710371848,-0.2411194458370594
9.199999999999742,4600,1.0,-1.0,0.0,1.2334370905669414,-0.12668233394141323,-2.2478469768704755e-06,-3.834979173810265e-06,-2.5541865559905784e-06,0.7911045402407774,-0.26521725233163124
9.199999999999742,4600,1.0,-0.875,0.0,1.0952073179790762,-0.12113193631417253,-3.750651067381876e-06,-1.1922029968355406e-05,-6.857382183986135e-06,1.863084582192601,-0.27891615171935896
9.199999999999742,4600,1.0,-0.75,0.0,0.7888023327538625,-0.09953865721932212,-8.045057968846193e-06,-1.9375822775970663e-05,-1.8081196391090363e-05,2.6753623514182925,-0.28256977722431476
9.199999999999742,4600,1.0,-0.625,0.0,0.43296854979320687,-0.09897597426878338,-8.51575707938703e-06,4.191411716715641e-06,-2.6047772326634006e-05,2.350902788524698,-0.28228692187216575
9.199999999999742,4600,1.0,-0.5,0.0,0.18680152518128726,-0.12390927061102755,-1.0438484952187557e-05,2.7362860676263342e-05,-4.524540851200748e-05,1.5878487876598544,-0.2866331661101704
9.199999999999742,4600,1.0,-0.375,0.0,0.04068524242820794,-0.13943520974894752,-6.1552926661236054e-06,2.732282966772862e-05,-4.3065933283259704e-05,1.2212401287367733,-0.2870743251509916
9.199999999999742,4600,1.0,-0.25,0.0,-0.1491035531677663,-0.130633665630634,-2.487818193071779e-06,2.7016220944644423e-05,-5.289758894019679e-05,0.8891869722338529,-0.29434262513602844
9.199999999999742,4600,1.0,-0.125,0.0,-0.24762454445414914,-0.08493420002084681,5.912981348880685e-07,5.774968229968826e-06,-2.0303714116875803e-05,0.37208518780567573,-0.30080055920353443
9.199999999999742,4600,1.0,0.0,0.0,-0.27967526906827894,-0.023535854552846867,1.9356235526666294e-06,4.8293862376893965e-06,-9.33165936877334e-06,-0.17181752354925564,-0.31138076858785363
9.199999999999742,4600,1.0,0.12499999999999956,0.0,-0.2516381954158295,0.03124786884369494,1.9270088114735865e-06,3.5788839792214154e-06,-2.3330802767343634e-06,-0.6069344702302443,-0.3190278940041348
9.199999999999742,4600,1.0,0.25,0.0,-0.10854094943588087,0.09012727764183355,3.83949242874288e-06,-5.412222688569252e-07,6.376188972700214e-06,-1.3182024110556863,-0.3458018236239916
9.199999999999742,4600,1.0,0.375,0.0,0.08400162376366403,0.10048487965487266,3.0714076454091246e-06,-1.9016601983735608e-05,-5.851437551289719e-06,-1.520917177828633,-0.3518786090356521
9.199999999999742,4600,1.0,0.49999999999999956,0.0,0.1577566096052232,0.0946627268410289,2.8953447974741625e-06,-2.1347997779752942e-05,-6.831836268559632e-06,-1.6501498934593675,-0.35293923601966204
9.199999999999742,4600,1.0,0.625,0.0,0.5114165281188543,0.060725392490383,-5.646541946683068e-07,-1.631771980830239e-05,-1.0864847864164819e-05,-2.650439531866848,-0.3535839392228328
9.199999999999742,4600,1.0,0.75,0.0,0.87297558290542,0.06182036448288555,-1.946630168417944e-06,-2.9420176219120608e-06,-7.907760016336628e-06,-2.688083405553951,-0.34674949499058483
9.199999999999742,4600,1.0,0.8749999999999996,0.0,1.0721100391770029,0.0731924968748647,-1.1238320974399443e-06,2.059492530862826e-06,-4.269843350597988e-06,-2.279885442816041,-0.3363683145412162
9.199999999999742,4600,1.0,1.0,0.0,1.2624513939962974,0.08618469667593995,-3.8061346806188253e-07,1.5628701533806144e-07,-5.262123899259416e-07,-0.4775637668520539,-0.29661272701278313
9.199999999999742,4600,1.0,1.125,0.0,1.2675313819506722,0.08166087900623598,-2.0434807630886904e-07,2.5490760450978476e-08,-1.634699865518924e-07,-0.12652146775859735,-0.27050279263982696
9.199999999999742,4600,1.0,1.25,0.0,1.2635782659052504,0.07822199247426902,-4.470515887098991e-07,6.142685501867022e-08,-9.630396841386882e-08,-0.06615835057083427,-0.2598357317295447
9.199999999999742,4600,1.0,1.375,0.0,1.245119485911823,0.07135462390157056,-2.4113904817773844e-08,-3.0788034981500098e-09,3.751709881167066e-09,-0.02276529612752006,-0.2358825371047737
9.199999999999742,4600,1.0,1.5,0.0,1.2440799378328358,0.07129296117708668,-4.848481651252965e-08,-1.7976045222870906e-09,5.941624113248192e-09,-0.019638127992363273,-0.23451131747772952
9.199999999999742,4600,1.0,1.625,0.0,1.2086848869736504,0.0589577491370943,1.470799163282081e-07,-2.3620871135351093e-08,7.177022390779573e-09,-0.0067124037997789866,-0.18739503727289575
9.199999999999742,4600,1.0,1.75,0.0,1.2049626090932268,0.05956196854618462,1.0417937527541613e-07,-1.7979909345934748e-08,-8.996994656491363e-10,-0.005564483113279409,-0.18296122430295983
9.199999999999742,4600,1.0,1.875,0.0,1.1941717314011966,0.056550078242145266,-1.8663777127119885e-08,-1.998040722909773e-08,-6.970185023285624e-09,-0.0025873260391027016,-0.17072785862118264
9.199999999999742,4600,1.0,2.0,0.0,1.1755342819574044,0.03699185404577883,1.7699899541310646e-07,-2.5356591487446615e-08,1.7627390851663635e-08,0.0026559638109208104,-0.15148877945081152
9.199999999999742,4600,1.0,2.125,0.0,1.1591606490931383,0.042319727709270526,1.231318690046082e-07,-1.7732854388025387e-08,1.0615063651061555e-08,0.006823599819012934,-0.1336506790589886
9.199999999999742,4600,1.0,2.25,0.0,1.1570350935527967,0.04259364772258305,1.0863447246518301e-07,-2.7103107553648086e-08,7.724639169146132e-09,0.0073311866805180394,-0.13133750841069977
9.199999999999742,4600,1.0,2.375,0.0,1.149966378398437,0.04098264330279527,1.2155001753352552e-07,-4.1496118321267415e-08,5.045281752608495e-09,0.007644739683047698,-0.12389375913986686
9.199999999999742,4600,1.0,2.5,0.0,1.138326827823047,0.030119623967563968,1.675291942898758e-07,-2.3694129361644553e-08,1.0716384879942793e-08,0.0045895493931021126,-0.11227711290958302
9.199999999999742,4600,1.0,2.625,0.0,1.1268850944304711,0.03547183649231857,1.402668604717455e-07,-1.2994630001096189e-08,-3.3726567157572948e-09,0.004793854240988409,-0.10038061984342488
9.199999999999742,4600,1.0,2.75,0.0,1.1211553923429338,0.035293978365968384,9.314089986308526e-08,-6.8031899648932644e-09,3.6310097392508907e-09,0.004573945939168366,-0.09445952049965586
9.199999999999742,4600,1.0,2.875,0.0,1.1204223050580011,0.034563038023300914,1.0108126185675413e-07,-4.791764410690584e-09,5.0753584337625075e-09,0.00450491660728431,-0.09370414136481939
9.199999999999742,4600,1.0,3.0,0.0,1.1056510928540009,0.026533148688404458,1.3053603953080657e-07,-6.618056995843603e-09,1.3919250516344107e-09,0.0039051710604236884,-0.078567603331236
9.399999999999809,4700,1.0,-3.0,0.0,1.1111011062834781,-0.029143578402795287,4.3523653263230416e-08,-1.0504510303969846e-08,7.646683416056824e-09,-0.005317991739696664,-0.07338017242676381
9.399999999999809,4700,1.0,-2.875,0.0,1.1264300134380163,-0.03905788046435413,-5.139424608940366e-08,-1.9656955517012385e-08,-1.1513824321164096e-08,-0.005917868715963884,-0.08727063591826935
9.399999999999809,4700,1.0,-2.75,0.0,1.1271609470390833,-0.0399159266025084,-4.69841468796708e-08,-1.905284349302945e-08,-9.169576077471833e-09,-0.005941997620922059,-0.08792306435455036
9.399999999999809,4700,1.0,-2.625,0.0,1.133760092776259,-0.04088187259954582,-1.0167914653992979e-07,-3.147934357625605e-08,3.6619453304872626e-09,-0.006843914612581479,-0.09361496917058881
9.399999999999809,4700,1.0,-2.5,0.0,1.1532971800438019,-0.039769542977704,-9.366158322189558e-09,-2.4717119077367398e-08,-2.336156186037874e-08,-0.009235472459189783,-0.11094442150027799
9.399999999999809,4700,1.0,-2.375,0.0,1.157722395843741,-0.049886883236151265,-8.177912775922908e-08,1.4388872118003803e-09,-2.4702256844566606e-08,-0.009272412684908802,-0.1153805875948706
9.399999999999809,4700,1.0,-2.25,0.0,1.158697442286103,-0.050836030481022115,-9.40783339787924e-08,2.185857014020194e-09,-2.742653928421764e-08,-0.00938244826182792,-0.11626537399523518
9.399999999999809,4700,1.0,-2.125,0.0,1.1636516040812266,-0.05867504163238701,-7.875271010474755e-08,-1.126854358971122e-08,-6.766469505718102e-08,-0.009294524157368296,-0.1217833371007817
9.399999999999809,4700,1.0,-2.0,0.0,1.173588112648773,-0.06984476631946349,-1.4557124751335104e-07,8.212652868677664e-09,-1.2883727822138758e-07,-0.009311202653827122,-0.13285597298633453
9.399999999999809,4700,1.0,-1.875,0.0,1.20225721259378,-0.07488779277289621,-3.410277166215961e-07,9.295057155926522e-08,-1.019452833525783e-07,0.0022329076721409437,-0.15817448778335735
9.399999999999809,4700,1.0,-1.75,0.0,1.212258654485949,-0.08100193873039126,-3.629078847073733e-07,6.551630440778352e-08,-7.180557777307661e-08,0.007470359073594016,-0.1688702995756434
9.399999999999809,4700,1.0,-1.625,0.0,1.2319912554406225,-0.10394626772315363,-6.886373010433137e-07,-8.379946132642692e-08,4.9754295168222075e-08,0.01026521810684825,-0.196526081028286
9.399999999999809,4700,1.0,-1.5,0.0,1.2458329226285225,-0.10521092696316339,-1.1993668295189188e-06,-1.4430851893577402e-07,4.943976077592841e-08,0.027764812141731987,-0.21167095940566982
9.399999999999809,4700,1.0,-1.375,0.0,1.2465790489695499,-0.10558839721764651,-7.733072590529859e-07,-6.865800878886647e-08,1.1167697922435398e-07,0.03158876597726702,-0.2127350976669648
9.399999999999809,4700,1.0,-1.2500000000000002,0.0,1.2583765291310933,-0.11693687919586518,-1.3019984232703728e-06,-1.4172434912609454e-07,-2.589516442345814e-07,0.08572564151457894,-0.2299040045358599
9.399999999999809,4700,1.0,-1.125,0.0,1.2584156821117556,-0.12259025655258433,-1.282708484900491e-06,-1.8813482707798025e-07,-3.5811599336002564e-07,0.16161860866134814,-0.2372059161335766
9.399999999999809,4700,1.0,-1.0,0.0,1.2269035227012626,-0.1286497127065997,-2.2186691319824104e-06,-3.947059844326198e-06,-2.5991984725870773e-06,0.7974794728142743,-0.2598440604198939
9.399999999999809,4700,1.0,-0.875,0.0,1.0863324300397288,-0.12141751442645349,-3.7224820775357103e-06,-1.2398139182276685e-05,-6.7715048544730445e-06,1.8728844692656637,-0.2724770880098057
9.399999999999809,4700,1.0,-0.75,0.0,0.7779313948183508,-0.09712271204732323,-8.091708351992425e-06,-2.0515978383174996e-05,-1.8042603432012106e-05,2.6794237346565346,-0.2755999596741809
9.399999999999809,4700,1.0,-0.625,0.0,0.42137360155353004,-0.09345735485792335,-8.645959640730119e-06,3.518928114799463e-06,-2.6208622246574745e-05,2.3447444603267003,-0.2753176450942957
9.399999999999809,4700,1.0,-0.5,0.0,0.1754400750948474,-0.1150821897671289,-1.0579369606609937e-05,2.7087560114569628e-05,-4.5243747045035465e-05,1.571878234418501,-0.27988978012044585
9.399999999999809,4700,1.0,-0.375,0.0,0.030827583249708135,-0.12834563604789273,-6.171393222106568e-06,2.7571244213438118e-05,-4.310347941637105e-05,1.1941252600574246,-0.28110516792425416
9.399999999999809,4700,1.0,-0.25,0.0,-0.15338588701753625,-0.11705278867918174,-2.3342627173124023e-06,2.676706205294442e-05,-5.169321938499794e-05,0.8382115947285627,-0.28923897740919324
9.399999999999809,4700,1.0,-0.125,0.0,-0.2455162062851825,-0.07053214600934385,6.708124574435001e-07,5.373198404778979e-06,-1.9097080839231688e-05,0.33077353794583664,-0.29740522560144805
9.399999999999809,4700,1.0,0.0,0.0,-0.2733343073382228,-0.010223173693014648,1.9647096657884697e-06,4.515386323492029e-06,-8.21844288903494e-06,-0.1935368416785678,-0.30941669135441
9.399999999999809,4700,1.0,0.12499999999999956,0.0,-0.2434367547367047,0.043264401064098505,1.9152916892509512e-06,3.5713884466406543e-06,-1.4524445293624883e-06,-0.6081199115759868,-0.31814265068161296
9.399999999999809,4700,1.0,0.25,0.0,-0.10114364350270869,0.09916619625598444,3.7379755199651935e-06,-4.143559447166634e-07,6.30342421497196e-06,-1.304299747942892,-0.34568916663728116
9.399999999999809,4700,1.0,0.375,0.0,0.08907750625950273,0.10717548536260782,2.97815886794209e-06,-1.8909671962643976e-05,-5.88663779480204e-06,-1.4997992532969089,-0.3520340541194565
9.399999999999809,4700,1.0,0.49999999999999956,0.0,0.16181214390638038,0.10076312363070926,2.7854436458176065e-06,-2.1304356468736468e-05,-6.820033150485785e-06,-1.6276133353513853,-0.3532215912968557
9.399999999999809,4700,1.0,0.625,0.0,0.5119016930328093,0.06486600774421684,-7.22691956526764e-07,-1.6243707317492737e-05,-1.0861148194101274e-05,-2.6339038242445136,-0.35445538018112777
9.399999999999809,4700,1.0,0.75,0.0,0.8724881598818991,0.06473524198951115,-2.0928973824994453e-06,-2.668509884675074e-06,-7.877310460632296e-06,-2.6881122647445417,-0.3480629398881918
9.399999999999809,4700,1.0,0.8749999999999996,0.0,1.0718215577093155,0.07552848487078977,-1.2275051093774615e-06,2.3135260406688087e-06,-4.246161879701612e-06,-2.2884161593926344,-0.3376965108144382
9.399999999999809,4700,1.0,1.0,0.0,1.2639951877951978,0.08782942559082198,-4.4658956122536595e-07,1.8393524247760733e-07,-5.240131882710522e-07,-0.48244251616342776,-0.2982268542511626
9.399999999999809,4700,1.0,1.125,0.0,1.2692003842985664,0.08286231026282127,-2.634790329734014e-07,3.2874426884801902e-09,-1.6981626563102567e-07,-0.12804819544813453,-0.27208066721006724
9.399999999999809,4700,1.0,1.25,0.0,1.2652372566842618,0.0792934947153541,-5.093846622651466e-07,4.065117531802334e-08,-1.0107951350337967e-07,-0.06694698543217789,-0.261385027240053
9.399999999999809,4700,1.0,1.375,0.0,1.246593195105009,0.0721583566222156,-7.168397755641027e-08,-3.6073671701120107e-09,-1.4335961171507662e-09,-0.023184153048000724,-0.2373829168089915
9.399999999999809,4700,1.0,1.5,0.0,1.245537090096005,0.07208747594707486,-9.618630987981403e-08,-2.0623831470417203e-09,1.4212550893513022e-09,-0.020025133377829588,-0.23599723589908733
9.399999999999809,4700,1.0,1.625,0.0,1.209940266683226,0.05923473714881819,1.212685041626966e-07,-3.413203550997705e-08,-3.056589530492063e-09,-0.006689167030665013,-0.18866963549027999
9.399999999999809,4700,1.0,1.75,0.0,1.206170528446008,0.05979254107133412,7.850632715487559e-08,-2.7788295598903826e-08,-1.1721352420750803e-08,-0.0055457604057551416,-0.18418580098688947
9.399999999999809,4700,1.0,1.875,0.0,1.1952635371537892,0.05672113117538653,-4.27396021178125e-08,-3.0167552057232665e-08,-1.766986717619665e-08,-0.0024859665588490886,-0.17188804053270462
9.399999999999809,4700,1.0,2.0,0.0,1.1764993883382295,0.03711703508700813,1.5580702405687474e-07,-3.689113997118377e-08,1.5413922026536222e-08,0.0034604779590533814,-0.1527448429790876
9.399999999999809,4700,1.0,2.125,0.0,1.1600212031205417,0.042480503764455786,1.0713252572590642e-07,-2.652473123740198e-08,5.502122798816069e-09,0.0075698634688671105,-0.1347375155136103
9.399999999999809,4700,1.0,2.25,0.0,1.1578807538359974,0.04276284686392246,9.224809539107881e-08,-3.383876808531641e-08,2.1670668460049967e-09,0.008070803452567268,-0.1324079325700745
9.399999999999809,4700,1.0,2.375,0.0,1.1507651379605073,0.04117769710541053,1.0725904970939532e-07,-4.539954528560417e-08,-4.797450164117743e-10,0.008400182653159685,-0.12493085148119097
9.399999999999809,4700,1.0,2.5,0.0,1.1390167917942584,0.030317158529742906,1.573640726262681e-07,-2.4620233913953734e-08,1.1603515152723764e-08,0.005408792057101779,-0.11336149311639913
9.399999999999809,4700,1.0,2.625,0.0,1.1274942140030508,0.03555531229615965,1.3023440020775388e-07,-9.47271033971485e-09,-3.615210212847692e-09,0.0055738826058163455,-0.10132374958497165
9.399999999999809,4700,1.0,2.75,0.0,1.121734969138172,0.03535550197269448,8.515477374132078e-08,-4.841063749808367e-09,3.5419935734257665e-09,0.005353839868662117,-0.095354263728377
9.399999999999809,4700,1.0,2.875,0.0,1.1210004947488548,0.03462844749630559,9.351255654793065e-08,-3.2886090494522464e-09,5.038450432085874e-09,0.005284914351159022,-0.0945985287121248
9.399999999999809,4700,1.0,3.0,0.0,1.1061732562049713,0.02657266319996069,1.290430456664524e-07,-8.001233799511813e-09,2.0922740126073255e-09,0.004520257888359122,-0.07941460435338153
9.599999999999875,4800,1.0,-3.0,0.0,1.1115872952124204,-0.030259933500803575,5.4682358210919146e-08,-1.0764397729477464e-08,-4.6803725167099765e-09,-0.005683746415665163,-0.07359568805064867
9.599999999999875,4800,1.0,-2.875,0.0,1.1266824544490741,-0.04041207265424906,-3.919791111215979e-08,-1.4033100319723784e-08,-9.589460559013939e-09,-0.006322669280743256,-0.08733885212586705
9.599999999999875,4800,1.0,-2.75,0.0,1.1273881496229223,-0.04128237052411468,-3.439252180371091e-08,-1.4371571336693132e-08,-7.679224921421013e-09,-0.006333748965599023,-0.08797932370361632
9.599999999999875,4800,1.0,-2.625,0.0,1.1339512006088508,-0.042370674367543756,-8.568004649983331e-08,-2.7025409511186382e-08,2.7469927175841756e-09,-0.007132229947125403,-0.09362857211032242
9.599999999999875,4800,1.0,-2.5,0.0,1.1534840349560727,-0.04170625575207493,9.111509352809487e-09,-3.471161073282747e-08,-3.008278363558515e-08,-0.009392269889207891,-0.11088748931795095
9.599999999999875,4800,1.0,-2.375,0.0,1.1574543531224788,-0.051835622559274666,-6.179280697792013e-08,-1.1017991472215786e-08,-3.247881938927145e-08,-0.009085460306139532,-0.11514699683641472
9.599999999999875,4800,1.0,-2.25,0.0,1.1583845244432969,-0.052793804539669136,-7.439394605636271e-08,-1.0580113138442836e-08,-3.309835581576606e-08,-0.00914764254229322,-0.11601132798762384
9.599999999999875,4800,1.0,-2.125,0.0,1.163062644127103,-0.060563089732800654,-5.406736702067719e-08,-2.6218047492261428e-08,-5.794878927391665e-08,-0.009137144057727382,-0.121359450011271
9.599999999999875,4800,1.0,-2.0,0.0,1.172676722728572,-0.07157378009098658,-1.229918041484609e-07,-1.3146104052918632e-08,-1.0826730005360124e-07,-0.009569212583992686,-0.1321477979963871
9.599999999999875,4800,1.0,-1.875,0.0,1.2006503721046635,-0.07757219800320846,-3.1960560327189607e-07,9.526155220682404e-08,-1.0840947549543394e-07,0.0012521235863286182,-0.1571863568120226
9.599999999999875,4800,1.0,-1.75,0.0,1.2103035328622227,-0.08380647538385191,-3.2976365325786237e-07,7.814846050227237e-08,-8.335575683085027e-08,0.006583018083600079,-0.16762507824614925
9.599999999999875,4800,1.0,-1.625,0.0,1.2292271467844178,-0.10617084462294775,-6.478739619752154e-07,-8.008832912580484e-08,-8.351755203728641e-09,0.00996079023046975,-0.19440278850809814
9.599999999999875,4800,1.0,-1.5,0.0,1.242678945381869,-0.10772716449513871,-1.170878779337161e-06,-1.4569410032130726e-07,-2.6429175137234734e-08,0.028067153175284527,-0.20918803167934036
9.599999999999875,4800,1.0,-1.375,0.0,1.2433657772449613,-0.108117095190444,-7.301170465524207e-07,-6.345245588680363e-08,3.4136634306703866e-08,0.03200789008329751,-0.21019958547483247
9.599999999999875,4800,1.0,-1.2500000000000002,0.0,1.2543321215435654,-0.11929490614137234,-1.251050312862038e-06,-1.7737713782017963e-07,-2.498033738653343e-07,0.08696866968895649,-0.22660641453485003
9.599999999999875,4800,1.0,-1.125,0.0,1.2537982034861428,-0.1246917853135218,-1.2316474857055945e-06,-2.2741710461887632e-07,-3.468126087108132e-07,0.163596498398408,-0.23344037156498243
9.599999999999875,4800,1.0,-1.0,0.0,1.2204128310008948,-0.12974062762192273,-2.1789551121322757e-06,-4.023756740840293e-06,-2.7507369447424434e-06,0.8034305552296755,-0.25476061136512074
9.599999999999875,4800,1.0,-0.875,0.0,1.0779803167785087,-0.12084355560639155,-3.6767430336799722e-06,-1.2788273084942048e-05,-6.909664140025666e-06,1.8817324650721563,-0.26656385887510503
9.599999999999875,4800,1.0,-0.75,0.0,0.7679686227324243,-0.09391969845708265,-8.107949830670993e-06,-2.16037916589748e-05,-1.7899743368130045e-05,2.685590859952106,-0.2693763925644398
9.599999999999875,4800,1.0,-0.625,0.0,0.41068957745398554,-0.08678992662595493,-8.757035546234055e-06,2.421057612108069e-06,-2.6127129412355234e-05,2.3447621244106136,-0.26914043756012906
9.599999999999875,4800,1.0,-0.5,0.0,0.1646694624816662,-0.10492959449700051,-1.0741181931245789e-05,2.6663235153150558e-05,-4.512363853865768e-05,1.5621427769173801,-0.27396434812402526
9.599999999999875,4800,1.0,-0.375,0.0,0.021492527333892807,-0.11610899951810602,-6.19901357933365e-06,2.804323242459422e-05,-4.299402686369405e-05,1.1719234076711487,-0.2760313732515917
9.599999999999875,4800,1.0,-0.25,0.0,-0.15704126265674673,-0.10227322526796709,-2.2116475530016396e-06,2.6329859944430015e-05,-5.0356281206952306e-05,0.7944999650344484,-0.2849306933542829
9.599999999999875,4800,1.0,-0.125,0.0,-0.24309382413331906,-0.05516472324103782,7.082451752631451e-07,5.040572068101009e-06,-1.8239691263474304e-05,0.29728845072229937,-0.29441132192410485
9.599999999999875,4800,1.0,0.0,0.0,-0.2668968695245036,0.0038914519377822258,1.9572976325238236e-06,4.2807551370500604e-06,-7.816278702268869e-06,-0.20865845592357019,-0.30758423690870423
9.599999999999875,4800,1.0,0.12499999999999956,0.0,-0.2350910818868764,0.055925753968776915,1.8752851315415315e-06,3.5120944486906563e-06,-1.2158628643305174e-06,-0.6029740033654409,-0.3170897969617561
9.599999999999875,4800,1.0,0.25,0.0,-0.09420465850687762,0.10909903475962257,3.5998896143725427e-06,-2.500173115546901e-07,6.474428570227355e-06,-1.2842320479084701,-0.3448508433375437
9.599999999999875,4800,1.0,0.375,0.0,0.09376549186859617,0.11464138323264897,2.8762797544017748e-06,-1.8614643613802517e-05,-5.831578965171031e-06,-1.4750902901996807,-0.3512805078433755
9.599999999999875,4800,1.0,0.49999999999999956,0.0,0.1654816605190757,0.10756084452406744,2.6705317591360722e-06,-2.1069419855732708e-05,-6.720824361152699e-06,-1.60069145678919,-0.3525595000337766
9.599999999999875,4800,1.0,0.625,0.0,0.5114657348837206,0.06957831578447629,-8.606018038964495e-07,-1.60789689943324e-05,-1.0699395417471202e-05,-2.612171135759088,-0.3543332183319807
9.599999999999875,4800,1.0,0.75,0.0,0.8709442349254846,0.06827181031516677,-2.2159838307276153e-06,-2.4001348005133428e-06,-7.715694220113382e-06,-2.6876723666576683,-0.3484893930876786
9.599999999999875,4800,1.0,0.8749999999999996,0.0,1.0707625511653733,0.07846304025085679,-1.3215714494976398e-06,2.5606740191343553e-06,-4.181891393470767e-06,-2.298685269818268,-0.33824324878190926
9.599999999999875,4800,1.0,1.0,0.0,1.2654312946049577,0.09002046570206504,-5.102035286247035e-07,2.004607569520228e-07,-5.190335205190407e-07,-0.48865450372886654,-0.2993282943324976
9.599999999999875,4800,1.0,1.125,0.0,1.270871172231765,0.084533712293484,-3.2302212292149954e-07,-1.1080321491500093e-08,-1.563697643790118e-07,-0.1299735018299315,-0.27322603279030955
9.599999999999875,4800,1.0,1.25,0.0,1.2669212658433642,0.08077134568455778,-5.705483651814229e-07,2.825947032724746e-08,-9.24311806025848e-08,-0.06801233951329753,-0.26252645165227323
9.599999999999875,4800,1.0,1.375,0.0,1.2481398681190192,0.073293025312516,-1.2505497780659456e-07,-6.156730016819492e-09,-2.8685689317550276e-09,-0.023895212579393442,-0.2385216687894504
9.599999999999875,4800,1.0,1.5,0.0,1.24706984242812,0.07320675717472393,-1.4949197243089945e-07,-4.227141439341764e-09,-3.1877338085155627e-10,-0.0206955430405566,-0.23712436258022362
9.599999999999875,4800,1.0,1.625,0.0,1.2113390684088194,0.05963773163200548,9.231522965759093e-08,-3.8566507083610115e-08,-1.698483890455298e-08,-0.006913651021249316,-0.18976376587897748
9.599999999999875,4800,1.0,1.75,0.0,1.2075212569223317,0.06014645167741364,5.0579697236595605e-08,-3.199828955990116e-08,-2.5384029834012704e-08,-0.0057553698329195005,-0.18524586613687086
9.599999999999875,4800,1.0,1.875,0.0,1.1965021370800424,0.05698265637471595,-6.780288331052313e-08,-3.458088645347208e-08,-2.9742618486447347e-08,-0.002543038310880304,-0.17291280928829766
9.599999999999875,4800,1.0,2.0,0.0,1.1776736271133712,0.03716661164005178,1.3356515336774242e-07,-4.4496359129223157e-08,1.0096677653057294e-08,0.004109466125059141,-0.15387927207551214
9.599999999999875,4800,1.0,2.125,0.0,1.161027898942202,0.04259213381243765,8.952921457781459e-08,-3.346666866105494e-08,7.472727315495314e-11,0.008210482742681366,-0.13569468555142775
9.599999999999875,4800,1.0,2.25,0.0,1.1588653467815964,0.04288439139190923,7.426179869195347e-08,-3.887367880294381e-08,-3.5324772975878335e-09,0.008717307912807688,-0.13334798521766605
9.599999999999875,4800,1.0,2.375,0.0,1.1516824128656822,0.04130685599743946,9.151716049086934e-08,-4.79303874910084e-08,-5.7554929979234095e-09,0.009103042989990236,-0.1258393127724799
9.599999999999875,4800,1.0,2.5,0.0,1.139818055111269,0.03037873558700962,1.4579811955665216e-07,-2.2936981170186908e-08,1.2661769178631376e-08,0.006258950460887155,-0.11433057358327703
9.599999999999875,4800,1.0,2.625,0.0,1.1281770832870979,0.0355333501182893,1.1942185211960766e-07,-6.810686884663202e-09,-3.599536584796453e-09,0.006294446184186861,-0.10214803708853076
9.599999999999875,4800,1.0,2.75,0.0,1.1223714374336542,0.035309215805204394,7.654334737466834e-08,-3.0271705906612667e-09,3.328630450492458e-09,0.006055897688885262,-0.09613189360829015
9.599999999999875,4800,1.0,2.875,0.0,1.121634441295092,0.03458352246275804,8.527637777268444e-08,-2.105794447862372e-09,4.867728272374867e-09,0.005990253788314107,-0.09537686397687162
9.599999999999875,4800,1.0,3.0,0.0,1.106734754810358,0.026492423182780247,1.2705698606389267e-07,-9.576612999534952e-09,3.1686765068269263e-09,0.0050710265762257175,-0.0801530609880157
9.799999999999942,4900,1.0,-3.0,0.0,1.1119119799368955,-0.031287555652060935,7.161858942438523e-08,-9.70910340249397e-09,-2.002300098859924e-08,-0.005853333426259994,-0.07355771200678023
9.799999999999942,4900,1.0,-2.875,0.0,1.1267539126715416,-0.04163081018863789,-2.6678431768744012e-08,-8.603692415657391e-09,-5.102458085970238e-09,-0.006512320215493741,-0.08711800124664124
9.799999999999942,4900,1.0,-2.75,0.0,1.1274356572857436,-0.04251249624074857,-2.1173856384515105e-08,-1.0451984429164736e-08,-4.56775830039025e-09,-0.006510662736864511,-0.0877438851468561
9.799999999999942,4900,1.0,-2.625,0.0,1.1339311669292562,-0.04371291314169176,-7.029687037230886e-08,-2.2123693590078632e-08,7.968399632575271e-10,-0.007158545633649962,-0.09334031515667551
9.799999999999942,4900,1.0,-2.5,0.0,1.1533654928375374,-0.043459321086265115,2.5812125178729573e-08,-4.5907783788195865e-08,-3.958631780801496e-08,-0.009218219227999438,-0.11052060219452495
9.799999999999942,4900,1.0,-2.375,0.0,1.1569465413292586,-0.05362409977378023,-4.126227973075503e-08,-2.132280539533087e-08,-4.3186712810091156e-08,-0.008665641269490744,-0.11464635083718827
9.799999999999942,4900,1.0,-2.25,0.0,1.1578344565187437,-0.05459303185317233,-5.525014171550332e-08,-2.1176095064571427e-08,-4.103790165206812e-08,-0.008682574791073283,-0.11549390815189421
9.799999999999942,4900,1.0,-2.125,0.0,1.1622940843687337,-0.06227355385231432,-3.1422115863494095e-08,-4.200981542130051e-08,-4.73781125251268e-08,-0.008728489826302154,-0.12070713438998162
9.799999999999942,4900,1.0,-2.0,0.0,1.1716658537824332,-0.07305986325666448,-1.0004652996633302e-07,-3.801531451618057e-08,-8.602400938289609e-08,-0.009433378557238168,-0.13126186068881437
9.799999999999942,4900,1.0,-1.875,0.0,1.1987150917949343,-0.07996072579275379,-2.951691093819037e-07,8.808546710973613e-08,-1.112316105769648e-07,0.0003731269486679373,-0.1560705888863204
9.799999999999942,4900,1.0,-1.75,0.0,1.207968985166275,-0.08628684551956729,-2.943786366949455e-07,8.837325728376726e-08,-9.395714362341445e-08,0.005549156727321564,-0.1662580785989189
9.799999999999942,4900,1.0,-1.625,0.0,1.2261907230756321,-0.10794804713756051,-6.081243881468573e-07,-5.9236661523202965e-08,-2.9664993995845366e-08,0.009327328713703892,-0.19212977468612458
9.799999999999942,4900,1.0,-1.5,0.0,1.239180098198734,-0.1097304504354629,-1.1459596175121738e-06,-1.3270232919955815e-07,-7.772285313933026e-08,0.02758759255765852,-0.20656009358228417
9.799999999999942,4900,1.0,-1.375,0.0,1.2398220980903585,-0.11012115670924785,-6.872999997110315e-07,-3.827967777951188e-08,-1.4648939699526593e-08,0.03157001022636784,-0.20752998887603888
9.799999999999942,4900,1.0,-1.2500000000000002,0.0,1.2501024618996968,-0.12091117105692155,-1.1971389987535402e-06,-1.9568055719042838e-07,-2.6726513018498363e-07,0.08710034691221465,-0.2234156031846446
9.799999999999942,4900,1.0,-1.125,0.0,1.2491509562664982,-0.12600689886462868,-1.1746382644873792e-06,-2.497127792490569e-07,-3.5381402186753834e-07,0.16485418672253144,-0.22987458728154164
9.799999999999942,4900,1.0,-1.0,0.0,1.2140590623998018,-0.13004521040974934,-2.127677372104532e-06,-4.06830689656015e-06,-2.7724736551419153e-06,0.8078511437636632,-0.25006153562140426
9.799999999999942,4900,1.0,-0.875,0.0,1.0703821773760216,-0.11956270854602558,-3.6117660539538975e-06,-1.3092525455106573e-05,-6.8292807854654176e-06,1.8877048371360026,-0.26128909695579383
9.799999999999942,4900,1.0,-0.75,0.0,0.7593631758785816,-0.09010718436895047,-8.058187821582099e-06,-2.2508851732853228e-05,-1.7304091031930392e-05,2.692828483871602,-0.26410259552228793
9.799999999999942,4900,1.0,-0.625,0.0,0.4013030126710419,-0.07923513669088936,-8.798590835295288e-06,1.2307014131668556e-06,-2.566590192827839e-05,2.351398119389379,-0.264120136194407
9.799999999999942,4900,1.0,-0.5,0.0,0.15469427449807058,-0.09373746069681183,-1.0864001206377801e-05,2.5823469846025418e-05,-4.478800380433985e-05,1.5589268000608452,-0.2692190833992358
9.799999999999942,4900,1.0,-0.375,0.0,0.012904369891189612,-0.10300767979056714,-6.2451474943618316e-06,2.8281351921641282e-05,-4.2847588229453345e-05,1.1539597504418624,-0.2720332230843037
9.799999999999942,4900,1.0,-0.25,0.0,-0.159873873450339,-0.08664318320151924,-2.1175941188390153e-06,2.591077272663323e-05,-4.9353604621595175e-05,0.7590779505273821,-0.28155566973345214
9.799999999999942,4900,1.0,-0.125,0.0,-0.24035832787074357,-0.0391995402743425,7.183329952792902e-07,4.801092534521765e-06,-1.7764115450358757e-05,0.27268461152011464,-0.2919032340260718
9.799999999999942,4900,1.0,0.0,0.0,-0.26044877418441637,0.018578287014765264,1.910614203467401e-06,4.035699981308263e-06,-7.6119425535268126e-06,-0.2170299197805547,-0.3057447025015527
9.799999999999942,4900,1.0,0.12499999999999956,0.0,-0.22685505634919934,0.06886841051044398,1.821824929240919e-06,3.4286523286113e-06,-1.4271314126106674e-06,-0.5922869969121853,-0.3156743797535984
9.799999999999942,4900,1.0,0.25,0.0,-0.08789568340086674,0.11954658960336342,3.4347587325858456e-06,-3.359073632744753e-08,6.667051130353239e-06,-1.2578471936237863,-0.3431767323359388
9.799999999999942,4900,1.0,0.375,0.0,0.09781181614669804,0.12260604085603825,2.7504103021438044e-06,-1.8145947049875808e-05,-5.6005588558586785e-06,-1.4456872106637069,-0.3495514658632742
9.799999999999942,4900,1.0,0.49999999999999956,0.0,0.16849734880909362,0.11479662701768348,2.5395303194550773e-06,-2.0664590495049786e-05,-6.455664297638551e-06,-1.568943793391883,-0.3508819225917781
9.799999999999942,4900,1.0,0.625,0.0,0.5099824106744197,0.07472334734231005,-9.80635381661628e-07,-1.5877701748658824e-05,-1.0483951789141028e-05,-2.586321625697814,-0.3531704176810809
9.799999999999942,4900,1.0,0.75,0.0,0.8682596975653245,0.0722915999779051,-2.320808681001272e-06,-2.1633976133795157e-06,-7.524676077649807e-06,-2.6863689234440233,-0.3479967412714756
9.799999999999942,4900,1.0,0.8749999999999996,0.0,1.0687468272599785,0.0818852247561171,-1.403870657386197e-06,2.789614728085584e-06,-4.093302257448751e-06,-2.310501918007409,-0.3379897928151698
9.799999999999942,4900,1.0,1.0,0.0,1.2666145050632942,0.09278029039846979,-5.668770216280385e-07,2.395928313077521e-07,-5.17495925849382e-07,-0.4962615148072153,-0.2999522644028291
9.799999999999942,4900,1.0,1.125,0.0,1.2724563806305735,0.0867132671889288,-3.7387952136655374e-07,-1.0962148414939105e-08,-1.5202975360287871e-07,-0.13217701758974243,-0.274014635825258
9.799999999999942,4900,1.0,1.25,0.0,1.2685354853566642,0.08270958907493807,-6.213993585819124e-07,2.0894721587810514e-08,-9.903532152066084e-08,-0.06915918261810933,-0.26336251739603456
9.799999999999942,4900,1.0,1.375,0.0,1.2496872097085165,0.07484302880286939,-1.7211797807320885e-07,-7.53317638080207e-09,-6.322572665672533e-09,-0.0247061507224279,-0.239453257121634
9.799999999999942,4900,1.0,1.5,0.0,1.248604856936419,0.07473621561630746,-1.9644198067472068e-07,-6.286434246027112e-09,-4.866438820463099e-09,-0.021483171922005218,-0.2380503664356271
9.799999999999942,4900,1.0,1.625,0.0,1.2128288855079186,0.06026155168758743,6.06308784265427e-08,-3.858488806555602e-08,-3.301759793291153e-08,-0.007364745941370159,-0.1907049815813577
9.799999999999942,4900,1.0,1.75,0.0,1.208968158264379,0.060712529805253074,1.949157196514361e-08,-3.251910068668882e-08,-4.0237775125731066e-08,-0.006169195447009368,-0.18615224113075798
9.799999999999942,4900,1.0,1.875,0.0,1.1978550232156242,0.05740957477470855,-9.679948605827932e-08,-3.545845907905861e-08,-4.1623696309386975e-08,-0.0027444019697735484,-0.1737876663819687
9.799999999999942,4900,1.0,2.0,0.0,1.1790396854968548,0.03723444741842967,1.0939233941340855e-07,-4.929372861608966e-08,2.9920337147457786e-09,0.004535541197838368,-0.1548898701383092
9.799999999999942,4900,1.0,2.125,0.0,1.1621608276024677,0.042719826811500904,7.028559830987263e-08,-3.70262781945858e-08,-5.646191750002087e-09,0.00868074200813265,-0.13652580877851972
9.799999999999942,4900,1.0,2.25,0.0,1.1599691851729172,0.043019233812583955,5.502128417632861e-08,-4.1090066117897583e-08,-9.284004078523922e-09,0.009205436426726407,-0.134162081015679
9.799999999999942,4900,1.0,2.375,0.0,1.1527023199489004,0.04142218897817159,7.504586718442703e-08,-4.858262752849091e-08,-1.0558270870483019e-08,0.009678929426370511,-0.12662730431645183
9.799999999999942,4900,1.0,2.5,0.0,1.1407341428742779,0.030353958648432808,1.3266832923377454e-07,-1.9942226002827055e-08,1.2934170423186397e-08,0.0070419664055590935,-0.11519975837010463
9.799999999999942,4900,1.0,2.625,0.0,1.128936024052985,0.03546009585006173,1.082320723497962e-07,-5.326676391421157e-09,-4.3289869880263e-09,0.006874762475445286,-0.10287276514458511
9.799999999999942,4900,1.0,2.75,0.0,1.123067999479985,0.035208129602080536,6.727656011594168e-08,-1.6848399762784642e-09,1.9336946161537116e-09,0.006601721800007287,-0.09681408232297056
9.799999999999942,4900,1.0,2.875,0.0,1.1223277530568978,0.03448007116425126,7.630802780455895e-08,-1.4797613137424053e-09,3.565221375393085e-09,0.006542517396421161,-0.09606106672649081
9.799999999999942,4900,1.0,3.0,0.0,1.1073422289203267,0.026333122426176157,1.2411335823951016e-07,-1.0921531297336422e-08,4.4517350649052634e-09,0.005500049031699947,-0.08080815018331089
10.000000000000009,5000,1.0,-3.0,0.0,1.1120785723070143,-0.03225618965464244,9.099022301570981e-08,-7.580169527409303e-09,-3.26412657850103e-08,-0.005802067087926901,-0.07373163493366344
10.000000000000009,5000,1.0,-2.875,0.0,1.1266429596148404,-0.04275651031986542,-1.1827811810182892e-08,-3.739362841218656e-09,-5.494488187194377e-10,-0.006460530268903545,-0.08712807258045215
10.000000000000009,5000,1.0,-2.75,0.0,1.1273016477450515,-0.043649123523704036,-5.597271916716534e-09,-7.113823506382303e-09,-1.4935132468096553e-09,-0.00644800958811682,-0.08774064646646673
10.000000000000009,5000,1.0,-2.625,0.0,1.1336818025581537,-0.044946406708513034,-5.422893496416397e-08,-1.579651126609447e-08,-1.2173704504700862e-09,-0.006914420260090689,-0.0932509412372523
10.000000000000009,5000,1.0,-2.5,0.0,1.1528806434428955,-0.04503202298497809,4.479613815178714e-08,-5.23621950960586e-08,-5.095911743051803e-08,-0.008720693579811208,-0.11023936225087742
10.000000000000009,5000,1.0,-2.375,0.0,1.1561375171911887,-0.05522421113966358,-1.7833501410346027e-08,-2.5622331891759072e-08,-5.2827714359839286e-08,-0.008057046349103316,-0.11416695436619259
10.000000000000009,5000,1.0,-2.25,0.0,1.1569837786392336,-0.056202097068701815,-3.342888784249751e-08,-2.5597039099701677e-08,-4.8494531839657975e-08,-0.008037369852614737,-0.11498692476118766
10.000000000000009,5000,1.0,-2.125,0.0,1.1612923687173613,-0.06378058240706137,-6.425506250943889e-09,-3.813503623027912e-08,-3.993590029289845e-08,-0.008115399100314731,-0.12007985804993994
10.000000000000009,5000,1.0,-2.0,0.0,1.1705215843306114,-0.07431401238845434,-7.392952269135914e-08,-4.16882651514106e-08,-6.8169565431501e-08,-0.00892048080707933,-0.13047454329112923
10.000000000000009,5000,1.0,-1.875,0.0,1.1965643542952158,-0.08201752699449105,-2.6273090242561083e-07,9.040105803352259e-08,-1.1299741738751132e-07,-0.00044381586948024124,-0.15503218084859183
10.000000000000009,5000,1.0,-1.75,0.0,1.2054239857787934,-0.08838999843256409,-2.5198599783462593e-07,1.0023795631898149e-07,-9.597858910692595e-08,0.0043675590569911115,-0.1649826412658933
10.000000000000009,5000,1.0,-1.625,0.0,1.223056135047928,-0.10920174658553292,-5.593380306572494e-07,-3.350543193020829e-08,-2.006760338468863e-08,0.008523209720819026,-0.19006066348224077
10.000000000000009,5000,1.0,-1.5,0.0,1.2355082245129323,-0.11110720280242732,-1.1090572727543562e-06,-1.2955249450159434e-07,-7.842522117608917e-08,0.02668157296933839,-0.20413111092423664
10.000000000000009,5000,1.0,-1.375,0.0,1.2361102170353813,-0.11148662749569682,-6.333390801444728e-07,-2.986803439781977e-08,-2.2214511774360343e-08,0.0306810259972947,-0.20506435341373971
10.000000000000009,5000,1.0,-1.2500000000000002,0.0,1.245788721851697,-0.12173142335909257,-1.1266011829791675e-06,-2.0455079171207852e-07,-2.4274793827631735e-07,0.08668241555453095,-0.2205441018207423
10.000000000000009,5000,1.0,-1.125,0.0,1.2445076100856942,-0.12649117626684572,-1.0994279374921903e-06,-2.630695732027569e-07,-3.171887467655982e-07,0.16521233715777764,-0.22669192121844975
10.000000000000009,5000,1.0,-1.0,0.0,1.2080971460366166,-0.12948983444724413,-2.044803216399446e-06,-4.164300395121153e-06,-2.531970887996311e-06,0.8082113650434606,-0.2458640881526774
10.000000000000009,5000,1.0,-0.875,0.0,1.0639485746607267,-0.11750631873679054,-3.5074359129387314e-06,-1.3351977978103431e-05,-6.380176494703788e-06,1.8889735268503742,-0.25673114021899485
10.000000000000009,5000,1.0,-0.75,0.0,0.7525576975366091,-0.08571277063087274,-7.946693119440225e-06,-2.330124220084983e-05,-1.6191345891254398e-05,2.699572959623156,-0.25978980085058573
10.000000000000009,5000,1.0,-0.625,0.0,0.39358815951164317,-0.07100180235039952,-8.791851377554818e-06,-1.298284191767242e-07,-2.4776350147168348e-05,2.363475753949465,-0.26019590118708436
10.000000000000009,5000,1.0,-0.5,0.0,0.1458352352312527,-0.08180937391057116,-1.0969163558115124e-05,2.4530920573635168e-05,-4.428348243742146e-05,1.5624138399769782,-0.265616973776757
10.000000000000009,5000,1.0,-0.375,0.0,0.005267216810441875,-0.08934827169274318,-6.3084433858382574e-06,2.821592073813143e-05,-4.2623686279922513e-05,1.1412307545442435,-0.26910802234310155
10.000000000000009,5000,1.0,-0.25,0.0,-0.16183334048083442,-0.07058904945672215,-2.073864973271134e-06,2.5546865877834723e-05,-4.8705131965789806e-05,0.7323922767614881,-0.2790078647597222
10.000000000000009,5000,1.0,-0.125,0.0,-0.23740119795320105,-0.02308949608706792,7.08509225384811e-07,4.666416219166552e-06,-1.7634197693560037e-05,0.2569269358901786,-0.28976850528719483
10.000000000000009,5000,1.0,0.0,0.0,-0.25407428695023976,0.0334187218259203,1.8346842932467044e-06,3.808751499059584e-06,-7.663230492363888e-06,-0.21804591719402,-0.30390061124035006
10.000000000000009,5000,1.0,0.12499999999999956,0.0,-0.2188920568081939,0.08175980588279534,1.7418792747390508e-06,3.3137559229298164e-06,-1.8233576182011864e-06,-0.5759513514760997,-0.31392905940297966
10.000000000000009,5000,1.0,0.25,0.0,-0.08222803532233451,0.13021873356390387,3.247453519221815e-06,2.0318346338218758e-07,6.839487974393908e-06,-1.225031787362834,-0.3406539149621296
10.000000000000009,5000,1.0,0.375,0.0,0.10106677176266447,0.13082492090289027,2.6214483126767356e-06,-1.7498285249623625e-05,-5.300551100294796e-06,-1.411593983028345,-0.34676188289131193
10.000000000000009,5000,1.0,0.49999999999999956,0.0,0.1706905703918621,0.12226160537958432,2.409996829028794e-06,-2.0065566933377995e-05,-6.136909427443556e-06,-1.5326114037819223,-0.3480957859583336
10.000000000000009,5000,1.0,0.625,0.0,0.5073045310638846,0.08019237419337827,-1.0775176576009979e-06,-1.565525660371269e-05,-1.0250375910355054e-05,-2.556688529361159,-0.3507873193532276
10.000000000000009,5000,1.0,0.75,0.0,0.8642955739995368,0.07671375973839584,-2.40833160049517e-06,-1.9946730190074e-06,-7.355760506471064e-06,-2.6845402800998377,-0.3463611807843172
10.000000000000009,5000,1.0,0.8749999999999996,0.0,1.0656362574779106,0.0857414750339618,-1.4765198708828212e-06,2.981741392671693e-06,-4.012941017628143e-06,-2.324087103139845,-0.33670278906853657
10.000000000000009,5000,1.0,1.0,0.0,1.2674311576049522,0.09611065609671565,-6.208105442606483e-07,2.8377698820960825e-07,-5.284176428088124e-07,-0.5053766662773835,-0.2998625583468204
10.000000000000009,5000,1.0,1.125,0.0,1.273871614259568,0.08942331990390127,-4.2248586008124347e-07,1.2015804318443642e-09,-1.601791365671622e-07,-0.13472399455686795,-0.2742239582419522
10.000000000000009,5000,1.0,1.25,0.0,1.2699941490048479,0.08515171530436393,-6.682197007904255e-07,2.7179131382891923e-08,-1.1326634720432657e-07,-0.07035851696249201,-0.26367831773134853
10.000000000000009,5000,1.0,1.375,0.0,1.251171174822829,0.07685912290424077,-2.1698827846003213e-07,-4.213076573496611e-09,-1.0155309512972708e-08,-0.02540538869502538,-0.23998159572383249
10.000000000000009,5000,1.0,1.5,0.0,1.2500780061779324,0.07672905048625449,-2.4104608500017813e-07,-3.897018108660514e-09,-8.569955556796511e-09,-0.02217784327101037,-0.23857997326099656
10.000000000000009,5000,1.0,1.625,0.0,1.214345001074475,0.06118033548144487,2.3993619211297203e-08,-3.730995777065509e-08,-4.8570880644610615e-08,-0.00792832235705047,-0.1913248043657474
10.000000000000009,5000,1.0,1.75,0.0,1.2104557284249138,0.061557105584824634,-1.6604856005718693e-08,-3.1986348726005e-08,-5.399148753330456e-08,-0.006704962263079307,-0.1867392236716428
10.000000000000009,5000,1.0,1.875,0.0,1.199285560227543,0.05805685326573059,-1.3085352225650132e-07,-3.332883119172902e-08,-5.163046143147151e-08,-0.0030758119683398644,-0.17436015554494744
10.000000000000009,5000,1.0,2.0,0.0,1.1805736372444884,0.03740728350939484,8.349709180179739e-08,-4.9408929949910694e-08,-4.345752694945811e-09,0.004671707745143451,-0.15565006431292194
10.000000000000009,5000,1.0,2.125,0.0,1.1633943868965588,0.04293392806426883,5.007921301327726e-08,-3.355955031355455e-08,-1.0833542859367573e-08,0.008928954368455725,-0.13714056627210278
10.000000000000009,5000,1.0,2.25,0.0,1.1611668528799914,0.04323550625090102,3.537846054508787e-08,-3.671902630706261e-08,-1.4344517266998035e-08,0.009484273712976273,-0.13476470261449075
10.000000000000009,5000,1.0,2.375,0.0,1.1538036461905101,0.041588466336985354,5.8630485413888755e-08,-4.3651996928722894e-08,-1.4410354535804414e-08,0.010070471233218553,-0.12721969530423774
10.000000000000009,5000,1.0,2.5,0.0,1.1417626266109193,0.030308895276304447,1.1845067386096492e-07,-1.3133594645569519e-08,1.2303076190613676e-08,0.007674307785866143,-0.11589666786136289
10.000000000000009,5000,1.0,2.625,0.0,1.1297699421563592,0.035398142843072404,9.701542226589688e-08,-4.535963949324831e-09,-5.8777798585892035e-09,0.007257804700263393,-0.10343438933124499
10.000000000000009,5000,1.0,2.75,0.0,1.1238256107341333,0.035112654544921365,5.7432885352719794e-08,-8.505756264136846e-10,-6.094090498268037e-10,0.00693837728679896,-0.0973411233563594
10.000000000000009,5000,1.0,2.875,0.0,1.1230818319867002,0.03437770437273001,6.674369015106112e-08,-1.3801036835699985e-09,1.1687629642304795e-09,0.0068880358401070966,-0.09659179331677309
10.000000000000009,5000,1.0,3.0,0.0,1.1080006732432177,0.02614529655090252,1.1967470447787548e-07,-1.1761190410526695e-08,5.9607336703343145e-09,0.005765070149171209,-0.08133091723018622
10.200000000000076,5100,1.0,-3.0,0.0,1.1121047584487647,-0.03318549266916651,1.086813780614445e-07,-3.843008724903908e-09,-4.1812917465423735e-08,-0.0055344361048528645,-0.07387862475532421
10.200000000000076,5100,1.0,-2.875,0.0,1.1263850362680592,-0.0438177046864187,4.303017076038023e-09,3.3549023264587727e-09,3.6384502607911762e-09,-0.006174567373647866,-0.08712538110191112
10.200000000000076,5100,1.0,-2.75,0.0,1.1270228584840003,-0.04472081096334485,1.1066293646510428e-08,-1.759419684439855e-09,1.5309621356573467e-09,-0.00615495063907685,-0.08772615421372135
10.200000000000076,5100,1.0,-2.625,0.0,1.133247324541667,-0.04611013095105158,-3.624949343324227e-08,-8.327772784721925e-09,-1.9874186860258173e-09,-0.006427775707948458,-0.09315382507818495
10.200000000000076,5100,1.0,-2.5,0.0,1.15208912114155,-0.046479114965293486,6.641922461695104e-08,-5.387497326570497e-08,-5.903024435889643e-08,-0.00794682839963259,-0.10993911401510706
10.200000000000076,5100,1.0,-2.375,0.0,1.155085752303435,-0.05668277937839013,8.980828703450577e-09,-2.7245834768169407e-08,-5.8136250288409046e-08,-0.007326596171683989,-0.11370683397016243
10.200000000000076,5100,1.0,-2.25,0.0,1.1558914207725006,-0.057668626276616904,-7.549399702434274e-09,-2.6973748203792775e-08,-5.215411078071677e-08,-0.007283488930175071,-0.11450362329789447
10.200000000000076,5100,1.0,-2.125,0.0,1.1601045244019281,-0.0651386460893966,2.160921936319624e-08,-3.8378658981701874e-08,-3.370421465721348e-08,-0.007359120394836796,-0.11949821003302147
10.200000000000076,5100,1.0,-2.0,0.0,1.169264380419689,-0.07541714607026681,-4.553692734571613e-08,-5.186576743910578e-08,-4.889207380777126e-08,-0.008058229598334417,-0.12975839743469444
10.200000000000076,5100,1.0,-1.875,0.0,1.1941890263610608,-0.08373738100073908,-2.3144973833401858e-07,7.798826093781046e-08,-1.1228987956723391e-07,-0.0011522964553558842,-0.1538715671468871
10.200000000000076,5100,1.0,-1.75,0.0,1.202666322223328,-0.09009623416337634,-2.093603045537687e-07,9.395398590147903e-08,-9.163121936385561e-08,0.0030855952834642256,-0.16361338277497114
10.200000000000076,5100,1.0,-1.625,0.0,1.2198759086943811,-0.10984556497152065,-5.051325127427306e-07,-3.3712183215922555e-08,-3.060596395401308e-09,0.007543293756774161,-0.18823594012694997
10.200000000000076,5100,1.0,-1.5,0.0,1.2317452808033524,-0.11174769014217563,-1.056725403512224e-06,-1.2197976049120194e-07,-5.909166629634561e-08,0.025324855774369617,-0.20200507899149692
10.200000000000076,5100,1.0,-1.375,0.0,1.2323132165895974,-0.11211011908384629,-5.689304252876334e-07,-3.3206646144033864e-08,-1.4679479043229996e-08,0.029317484978260047,-0.20291162855407335
10.200000000000076,5100,1.0,-1.2500000000000002,0.0,1.2415494854682518,-0.12176748459370519,-1.040049336934969e-06,-1.99710662529766e-07,-2.200537118236512e-07,0.08553612745188974,-0.21816214892777466
10.200000000000076,5100,1.0,-1.125,0.0,1.2400461303824295,-0.12612149719468177,-1.0074830446320746e-06,-2.5905646576706476e-07,-2.907090496950403e-07,0.16417072286188086,-0.22408325218399372
10.200000000000076,5100,1.0,-1.0,0.0,1.2028520945224512,-0.12796634388419148,-1.9196989878150158e-06,-4.189832182788019e-06,-2.2246886007394617e-06,0.8038846568175306,-0.24242357543125298
10.200000000000076,5100,1.0,-0.875,0.0,1.0590615227557478,-0.11461275469409227,-3.3412546205781976e-06,-1.345561885955959e-05,-5.7151784439173085e-06,1.88388380023174,-0.2531224339630873
10.200000000000076,5100,1.0,-0.75,0.0,0.7481660739878923,-0.08067463786432977,-7.753007589133508e-06,-2.4022300843173108e-05,-1.4713024861709293e-05,2.7044165948578205,-0.2566205731954933
10.200000000000076,5100,1.0,-0.625,0.0,0.38804443447365766,-0.06210614122775363,-8.731676992940502e-06,-1.7148819864580214e-06,-2.3568743634689436e-05,2.3827488034502236,-0.25758988988916776
10.200000000000076,5100,1.0,-0.5,0.0,0.13837033573899266,-0.06935831304051683,-1.1060228208428096e-05,2.28042199241707e-05,-4.3596236200199916e-05,1.574117108361599,-0.2634007202049712
10.200000000000076,5100,1.0,-0.375,0.0,-0.0012196676109221373,-0.0753753162260121,-6.405295978178448e-06,2.769336946069025e-05,-4.23211701118568e-05,1.134562223283881,-0.26743309477885735
10.200000000000076,5100,1.0,-0.25,0.0,-0.16284910410123254,-0.05452679327235686,-2.0901240054415327e-06,2.534755156401614e-05,-4.8398709723168805e-05,0.7145644839799611,-0.2773782863562079
10.200000000000076,5100,1.0,-0.125,0.0,-0.23416347373995472,-0.00726523040657161,6.846528815564127e-07,4.6265619681435035e-06,-1.783073395559639e-05,0.25009754404988976,-0.28815520620129303
10.200000000000076,5100,1.0,0.0,0.0,-0.24782274723262898,0.04793826140140042,1.7143757490475904e-06,3.6307012262167174e-06,-7.962929897503957e-06,-0.21148089837750428,-0.30211882222536274
10.200000000000076,5100,1.0,0.12499999999999956,0.0,-0.21139058224931512,0.09417087961864347,1.6328041606279541e-06,3.166400206581811e-06,-2.41917206583565e-06,-0.5539483849189436,-0.3118599715562746
10.200000000000076,5100,1.0,0.25,0.0,-0.07730307151615487,0.14072144209622087,3.038773018677662e-06,4.4327970303967695e-07,6.928145078369201e-06,-1.1858095764662173,-0.33739542803414124
10.200000000000076,5100,1.0,0.375,0.0,0.10331929353737504,0.13901999027514936,2.4910131594953935e-06,-1.6697023018569123e-05,-4.9183101724218445e-06,-1.3726597502112479,-0.34306878459211276
10.200000000000076,5100,1.0,0.49999999999999956,0.0,0.17185588372623145,0.1297178360534046,2.2826652857606093e-06,-1.9298327270960722e-05,-5.750145708569951e-06,-1.4917714633555648,-0.3443678392016113
10.200000000000076,5100,1.0,0.625,0.0,0.5033019307788196,0.08582873950632947,-1.1468204329296561e-06,-1.5394383770791654e-05,-9.988986818908374e-06,-2.523587539503851,-0.34735711098778765
10.200000000000076,5100,1.0,0.75,0.0,0.8589697639076821,0.08144548649604455,-2.4737977081041267e-06,-1.8917119341861907e-06,-7.177359482408883e-06,-2.682248727175039,-0.3437238785220057
10.200000000000076,5100,1.0,0.8749999999999996,0.0,1.0613569001847074,0.08999018815228224,-1.5374169311599147e-06,3.126922086063279e-06,-3.9189264296381994e-06,-2.3392849179253434,-0.33451351124617773
10.200000000000076,5100,1.0,1.0,0.0,1.2677644361529743,0.10002812019237398,-6.698537579580925e-07,3.381303667530116e-07,-5.277044293220622e-07,-0.5158735014495534,-0.29918463861560346
10.200000000000076,5100,1.0,1.125,0.0,1.2750190773235208,0.09268434180927235,-4.6699500590309305e-07,2.7758796262575504e-08,-1.626309385731098e-07,-0.13779322936703675,-0.2739805965725016
10.200000000000076,5100,1.0,1.25,0.0,1.2712132505319835,0.08812326526075129,-7.09529848729125e-07,5.205905957256977e-08,-1.2438459775498305e-07,-0.07176020133421546,-0.26359583598812
10.200000000000076,5100,1.0,1.375,0.0,1.2525469282703896,0.07936763189800852,-2.592384073169806e-07,-4.7448397016017755e-09,-8.151428517935333e-09,-0.026082439857906023,-0.24021648835389472
10.200000000000076,5100,1.0,1.5,0.0,1.2514461203840799,0.07921134827361766,-2.8282734520076645e-07,-5.7085567888358404e-09,-6.265979063743973e-09,-0.022857589813652577,-0.2388222024839892
10.200000000000076,5100,1.0,1.625,0.0,1.215829853861853,0.06246305100195197,-1.4275590230477635e-08,-3.176037935146186e-08,-5.880641912999423e-08,-0.008544084933213913,-0.19175544586268928
10.200000000000076,5100,1.0,1.75,0.0,1.2119287674893817,0.06274791119319516,-5.406682580314997e-08,-2.7173136424555778e-08,-6.296227289658836e-08,-0.007315583302098941,-0.18714252301983098
10.200000000000076,5100,1.0,1.875,0.0,1.2007466444494725,0.05899166411192906,-1.6588583845268996e-07,-2.5548154258082516e-08,-5.818706455603447e-08,-0.0035239759232455117,-0.17477116858509856
10.200000000000076,5100,1.0,2.0,0.0,1.182244656596492,0.0377807927181715,5.790958851106194e-08,-4.3814434119747394e-08,-1.0785852946224544e-08,0.004475985081783259,-0.1562978679695707
10.200000000000076,5100,1.0,2.125,0.0,1.1646996899079378,0.04330910785565369,3.0332536884809103e-08,-2.5310120103768992e-08,-1.5756909307720718e-08,0.008922509665789558,-0.1376721121509979
10.200000000000076,5100,1.0,2.25,0.0,1.1624300604147397,0.04360524057526957,1.6466659336982276e-08,-2.8338065343211043e-08,-1.918168918660431e-08,0.009521307235579111,-0.13528844584214175
10.200000000000076,5100,1.0,2.375,0.0,1.1549629392180285,0.04187559542080245,4.265847390445462e-08,-3.6095021424291466e-08,-1.836153804358218e-08,0.010239791454398248,-0.12774428302585844
10.200000000000076,5100,1.0,2.5,0.0,1.1428965984882944,0.030319857620884568,1.0427327209530284e-07,-4.072868920214288e-09,9.648779452157214e-09,0.00810222101579489,-0.1165363877293655
10.200000000000076,5100,1.0,2.625,0.0,1.1306736462664846,0.03541509662380571,8.62198244478051e-08,-4.460838821914176e-09,-8.863716620599889e-09,0.00741816146200299,-0.10393878523172888
10.200000000000076,5100,1.0,2.75,0.0,1.1246413964025197,0.03508835164276842,4.750427136710292e-08,-1.2542522287169383e-11,-4.483264490471996e-09,0.007044665450998773,-0.09781377748212798
10.200000000000076,5100,1.0,2.875,0.0,1.1238942863739132,0.034341669989768925,5.712978252521436e-08,-1.2252105427359405e-09,-2.5184696448906317e-09,0.0070043402208951715,-0.09706921734687621
10.200000000000076,5100,1.0,3.0,0.0,1.1087121663638264,0.025988059647587075,1.1395962383572681e-07,-1.1976886643989884e-08,7.116297356451685e-09,0.005845462803186025,-0.08181428343433228
10.400000000000142,5200,1.0,-3.0,0.0,1.112001565982051,-0.0340867312877035,1.2271348908851462e-07,-2.6149989028158926e-09,-4.593340859811793e-08,-0.005083232976282371,-0.07414579191614515
10.400000000000142,5200,1.0,-2.875,0.0,1.1259935674725423,-0.044810823368965844,2.0612292595348277e-08,1.068736834489516e-08,8.039173103682294e-09,-0.005689788678492348,-0.08727851768874045
10.400000000000142,5200,1.0,-2.75,0.0,1.1266125922293644,-0.04572221077828366,2.7609375626239433e-08,4.033572764309929e-09,5.063158563865535e-09,-0.005668286284020214,-0.08787039857606271
10.400000000000142,5200,1.0,-2.625,0.0,1.1326511265314232,-0.04719700708182377,-1.775540948119936e-08,-5.239717308279861e-10,-1.1563814106084513e-09,-0.0057525073308136885,-0.09323175078287776
10.400000000000142,5200,1.0,-2.5,0.0,1.1510481659923546,-0.047796310142150175,9.017270386082314e-08,-5.110282330969722e-08,-6.426734371679671e-08,-0.0069642176029859225,-0.10985097996544882
10.400000000000142,5200,1.0,-2.375,0.0,1.1538683242230947,-0.0579912413123553,3.669251491036385e-08,-2.7212308488515133e-08,-5.9424284367765984e-08,-0.006542763737201719,-0.11352020755764451
10.400000000000142,5200,1.0,-2.25,0.0,1.1546376814111818,-0.05898387106310063,2.013662878031674e-08,-2.6277538542521122e-08,-5.264926427911945e-08,-0.006491960294122816,-0.1143013610035856
10.400000000000142,5200,1.0,-2.125,0.0,1.1588078802933204,-0.06633127761786926,5.133680954379261e-08,-3.962499156360674e-08,-2.89600546852434e-08,-0.00651028457722724,-0.11923124151281018
10.400000000000142,5200,1.0,-2.0,0.0,1.1679523467489896,-0.07633793300194604,-1.4520322024175105e-08,-6.115976696937924e-08,-2.7259578966480073e-08,-0.006853160947998217,-0.1293953169677018
10.400000000000142,5200,1.0,-1.875,0.0,1.1916812983133525,-0.08505462845255551,-1.9450058770188714e-07,5.218841516821668e-08,-1.0647926908714964e-07,-0.0017166113639840866,-0.15313575148605163
10.400000000000142,5200,1.0,-1.75,0.0,1.199806352191437,-0.0913141103541187,-1.6258679971893225e-07,7.687570319617967e-08,-8.057847423851767e-08,0.0017533557484825343,-0.16268353753091244
10.400000000000142,5200,1.0,-1.625,0.0,1.216753935810413,-0.10980694067109929,-4.521810140693837e-07,-5.694489905085576e-08,2.5313334162043058e-08,0.006629217403261722,-0.18688455600992165
10.400000000000142,5200,1.0,-1.5,0.0,1.2280188443105202,-0.11157983216281336,-9.996646254298125e-07,-1.1129015716293293e-07,-3.3922268307391814e-08,0.023783030697395707,-0.20037185333752272
10.400000000000142,5200,1.0,-1.375,0.0,1.2285585990350723,-0.11191971212438162,-5.0325148957373e-07,-3.712635143098522e-08,1.896225753474282e-09,0.027744608535643294,-0.2012563208959368
10.400000000000142,5200,1.0,-1.2500000000000002,0.0,1.237493620421271,-0.1209541989089179,-9.51553607592873e-07,-1.2882745708006323e-07,-2.230200549256535e-07,0.08398316685032231,-0.21635791532447543
10.400000000000142,5200,1.0,-1.125,0.0,1.2358777856129735,-0.12485860689589516,-9.113481360680661e-07,-1.9463038673057583e-07,-2.9899087336650866e-07,0.16224936218479521,-0.2221270371845358
10.400000000000142,5200,1.0,-1.0,0.0,1.1984472707736336,-0.12548397108354065,-1.7697519585708735e-06,-3.99046304716888e-06,-2.0860529895878437e-06,0.795291826616802,-0.23989382882949412
10.400000000000142,5200,1.0,-0.875,0.0,1.0558746392108695,-0.11083444829160144,-3.112857560378452e-06,-1.3299302401361787e-05,-5.218066015825644e-06,1.8728026884882492,-0.2506711068813906
10.400000000000142,5200,1.0,-0.75,0.0,0.7463101341356304,-0.07505974692732083,-7.474787048361548e-06,-2.4700309130341138e-05,-1.3340175732502907e-05,2.7084068712846863,-0.2548391333029298
10.400000000000142,5200,1.0,-0.625,0.0,0.3847958184744549,-0.05290179449559511,-8.630011288960345e-06,-3.605574109290438e-06,-2.1949056235803143e-05,2.409463467207119,-0.2564677269394181
10.400000000000142,5200,1.0,-0.5,0.0,0.1324814971104237,-0.056793013537603035,-1.1153516090714564e-05,2.069252170582208e-05,-4.223737999849445e-05,1.5943265606366352,-0.26255915148849396
10.400000000000142,5200,1.0,-0.375,0.0,-0.006365444953215609,-0.061527807050653846,-6.392032906152569e-06,2.7069858938585972e-05,-4.1567342192853714e-05,1.13537600030723,-0.2671009423408922
10.400000000000142,5200,1.0,-0.25,0.0,-0.16296421874908856,-0.03896378104254643,-2.151344465968848e-06,2.5323855049350952e-05,-4.8484565856262216e-05,0.705447850291012,-0.2766376372164121
10.400000000000142,5200,1.0,-0.125,0.0,-0.2307083935722969,0.007836610981556106,6.49995931083686e-07,4.666996770030312e-06,-1.8361961140648365e-05,0.2515222974983654,-0.28692381565798614
10.400000000000142,5200,1.0,0.0,0.0,-0.24176185693414007,0.0617483583122356,1.6127492633501405e-06,3.450149936289464e-06,-8.520582677010236e-06,-0.19735929324147533,-0.3002124155571713
10.400000000000142,5200,1.0,0.12499999999999956,0.0,-0.2045068836013354,0.10575533430180598,1.512158617867827e-06,2.9747053862210514e-06,-3.171921417742943e-06,-0.5260014357568821,-0.3093305486284481
10.400000000000142,5200,1.0,0.25,0.0,-0.07319230296236709,0.1506907879063078,2.8167458121027945e-06,6.755483154473193e-07,6.899253725240175e-06,-1.1409554578597125,-0.3332022490518174
10.400000000000142,5200,1.0,0.375,0.0,0.1044559826316739,0.14689972801982754,2.3633181353465908e-06,-1.5756712547195475e-05,-4.43905843632821e-06,-1.3289382722757985,-0.33824546369224245
10.400000000000142,5200,1.0,0.49999999999999956,0.0,0.17186650721357222,0.13691605005655955,2.160537482260584e-06,-1.8376686499941903e-05,-5.2791640176480255e-06,-1.446881574586596,-0.3394667115786023
10.400000000000142,5200,1.0,0.625,0.0,0.4978940028454242,0.09148227031377021,-1.1871902119160735e-06,-1.5082519981918193e-05,-9.714700799362892e-06,-2.4877964660185556,-0.3426565649057292
10.400000000000142,5200,1.0,0.75,0.0,0.8521507494130391,0.08637892054734517,-2.511747633297164e-06,-1.8053174364128149e-06,-6.950899431186418e-06,-2.679390088400581,-0.339924341763064
10.400000000000142,5200,1.0,0.8749999999999996,0.0,1.0557520623096628,0.09451078491662729,-1.5802979591671146e-06,3.2569048096171817e-06,-3.7917926023176076e-06,-2.3558211168246523,-0.3312650808765993
10.400000000000142,5200,1.0,1.0,0.0,1.2674889428811884,0.10444789590290489,-7.068619157332671e-07,3.8784375869923325e-07,-5.164642265064821e-07,-0.5275514409913,-0.29771221673380954
10.400000000000142,5200,1.0,1.125,0.0,1.2757770214295308,0.09645758642469215,-5.041781505467313e-07,3.875835798348433e-08,-1.6330288135190088e-07,-0.14145506630520782,-0.2730934352094639
10.400000000000142,5200,1.0,1.25,0.0,1.272110847021332,0.09159530776681374,-7.431295972580677e-07,6.416249278480545e-08,-1.2968703652171333e-07,-0.07353076159930069,-0.2629186905295517
10.400000000000142,5200,1.0,1.375,0.0,1.253760928668688,0.08235509045654452,-2.9695574975480405e-07,-9.435677094342588e-09,-1.5666233729017873e-09,-0.026842075015515325,-0.2399620756202789
10.400000000000142,5200,1.0,1.5,0.0,1.2526588517128032,0.08217096313303875,-3.200022338754354e-07,-1.098549405409037e-08,6.068199254443012e-10,-0.023612573042939268,-0.23858075908242257
10.400000000000142,5200,1.0,1.625,0.0,1.2172398605486308,0.06414512154536237,-5.180016394601535e-08,-2.0508047343318603e-08,-6.309788855700555e-08,-0.009142735315918398,-0.1918727010590076
10.400000000000142,5200,1.0,1.75,0.0,1.2133418445918456,0.06432432415766237,-9.035689732336837e-08,-1.588358016353514e-08,-6.718161446983975e-08,-0.007932154614342081,-0.18724724209697713
10.400000000000142,5200,1.0,1.875,0.0,1.2021920441691902,0.06026575047629919,-1.9961552267008087e-07,-1.1096785285075171e-08,-6.23723310102303e-08,-0.004033292925188683,-0.1749181885650071
10.400000000000142,5200,1.0,2.0,0.0,1.18401528169764,0.038442615545220785,3.353654924042932e-08,-3.336601217538269e-08,-1.7213772200578144e-08,0.003986745726385842,-0.15672876034698996
10.400000000000142,5200,1.0,2.125,0.0,1.1660429830640568,0.043914895075793325,1.1420567910166294e-08,-1.742976030698699e-08,-2.0639891456362486e-08,0.008681481378201229,-0.13800972129604544
10.400000000000142,5200,1.0,2.25,0.0,1.163725661149754,0.044196278129804936,-1.8228238888195796e-09,-2.1553878043074275e-08,-2.403347073406215e-08,0.009332659668960807,-0.1356213734916869
10.400000000000142,5200,1.0,2.375,0.0,1.1561517146896394,0.04235180900147707,2.6355916484323196e-08,-3.155757654307681e-08,-2.2526902786935016e-08,0.010190656957346118,-0.1280885664906115
10.400000000000142,5200,1.0,2.5,0.0,1.1441199524526968,0.030467527675366198,8.970790214740062e-08,2.127105012521781e-09,4.497542500192648e-09,0.008309036102293263,-0.1170122270036158
10.400000000000142,5200,1.0,2.625,0.0,1.131634732253102,0.03557373479472302,7.531622336975532e-08,-5.604242314271623e-09,-1.297283231059446e-08,0.007363821932673611,-0.10429086432913227
10.400000000000142,5200,1.0,2.75,0.0,1.125506164504988,0.03519437131067903,3.687953983534408e-08,1.4931353705216515e-09,-8.951796442705546e-09,0.006932005534824407,-0.0981425799856855
10.400000000000142,5200,1.0,2.875,0.0,1.1247564506729888,0.03443147493735548,4.6853668044982324e-08,-3.5050860935483353e-10,-6.794531821064783e-09,0.006901335789093545,-0.09740465739656451
10.400000000000142,5200,1.0,3.0,0.0,1.1094738085010019,0.025920003920227024,1.0698201107767882e-07,-1.1611111326162857e-08,7.981055344721467e-09,0.0057448900060464245,-0.08218528953698294
10.60000000000021,5300,1.0,-3.0,0.0,1.1117781071382018,-0.03496596267973535,1.3548400349400053e-07,-3.5816992497804773e-09,-4.458606463755148e-08,-0.004503658964133612,-0.07443593423833011
10.60000000000021,5300,1.0,-2.875,0.0,1.1254874309805973,-0.045739486912148394,3.746740181620558e-08,1.561064013460662e-08,1.3146957501692105e-08,-0.005067086216756484,-0.08748587709368157
10.60000000000021,5300,1.0,-2.75,0.0,1.1260901466607518,-0.046655779016749714,4.4539277358728186e-08,8.049906834882614e-09,9.593446038862188e-09,-0.005049225123893532,-0.0880717060706429
10.60000000000021,5300,1.0,-2.625,0.0,1.1319161080637545,-0.048203764663177495,4.361628594879812e-10,7.85577498080483e-09,1.3439872131519269e-09,-0.004963451345891877,-0.09337306556550287
10.60000000000021,5300,1.0,-2.5,0.0,1.1497923910499595,-0.0489728080754208,1.1572368840734956e-07,-4.356998339015939e-08,-6.563192056275374e-08,-0.005858734477138276,-0.10983130703858693
10.60000000000021,5300,1.0,-2.375,0.0,1.1525227858142124,-0.059125964621650776,6.379137953221504e-08,-2.5270995897031142e-08,-5.627350951555668e-08,-0.0057751249280785,-0.11344514127272366
10.60000000000021,5300,1.0,-2.25,0.0,1.1532606649387382,-0.0601223704895316,4.7490451051154125e-08,-2.3272820777549592e-08,-4.965892445874123e-08,-0.005732936820579458,-0.11421519018294307
10.60000000000021,5300,1.0,-2.125,0.0,1.157438025952925,-0.06733068506203478,7.989453877897742e-08,-3.876880025742899e-08,-2.418269679904582e-08,-0.0056329872577027965,-0.11910886495434567
10.60000000000021,5300,1.0,-2.0,0.0,1.1666133761091697,-0.07705133937755887,1.7726990242523506e-08,-6.226549274095505e-08,-6.172310171142948e-09,-0.005372397128289839,-0.1292137502307798
10.60000000000021,5300,1.0,-1.875,0.0,1.1891526100660745,-0.08589725563580235,-1.5684852335472757e-07,1.7501035434965094e-08,-9.201112831082263e-08,-0.0021004295492286504,-0.15260068461995208
10.60000000000021,5300,1.0,-1.75,0.0,1.1969893344504334,-0.09195180453763789,-1.1818025385642828e-07,4.996322172068636e-08,-5.8538163666371024e-08,0.0005743082227685388,-0.16198757440710704
10.60000000000021,5300,1.0,-1.625,0.0,1.213813181426922,-0.10909121586946385,-3.973471071508384e-07,-6.96172696600246e-08,5.467952554052564e-08,0.006242746768723599,-0.18593299370965913
10.60000000000021,5300,1.0,-1.5,0.0,1.2244707072882293,-0.1105952975137304,-9.359909707319636e-07,-1.0039506987179211e-07,-6.5250127417666615e-09,0.022612231675549904,-0.19917952552576063
10.60000000000021,5300,1.0,-1.375,0.0,1.2249853112156215,-0.11090137260664341,-4.3715336846813267e-07,-3.4300661322415116e-08,3.211943805074107e-08,0.026511859366549206,-0.20004616598437094
10.60000000000021,5300,1.0,-1.2500000000000002,0.0,1.2336878880603563,-0.11926851193585213,-8.685821822132961e-07,-1.5218237981520368e-07,-2.0567391098300964e-07,0.08283831612390512,-0.21510650933514702
10.60000000000021,5300,1.0,-1.125,0.0,1.2320821533794986,-0.12274134122797746,-8.227170343409085e-07,-2.091116608305825e-07,-2.9276457747958234e-07,0.16024920485215452,-0.22082978316666851
10.60000000000021,5300,1.0,-1.0,0.0,1.1949181468485948,-0.12212848262262765,-1.6278535557983706e-06,-3.6314486011826814e-06,-2.1175708504997577e-06,0.7836585420573272,-0.23842172513520155
10.60000000000021,5300,1.0,-0.875,0.0,1.0543334673161489,-0.10633068357820945,-2.8702578334324676e-06,-1.2889744991635784e-05,-4.980829179533419e-06,1.857533459275879,-0.24954172490499354
10.60000000000021,5300,1.0,-0.75,0.0,0.7468068963448959,-0.06913489948668228,-7.143639324543588e-06,-2.5184879422752114e-05,-1.225144558068427e-05,2.7122113919600994,-0.2546076563289587
10.60000000000021,5300,1.0,-0.625,0.0,0.3838440898093911,-0.0438256000102316,-8.488761579623115e-06,-5.686812772980823e-06,-2.0446160254952443e-05,2.4427579358107927,-0.2569814962086744
10.60000000000021,5300,1.0,-0.5,0.0,0.1283210790821916,-0.04455758946111511,-1.1262615070877451e-05,1.829327304622551e-05,-4.067919579055004e-05,1.6229966387107968,-0.2631843873630705
10.60000000000021,5300,1.0,-0.375,0.0,-0.01011287177208461,-0.04821612096892157,-6.516760350191932e-06,2.620679673782368e-05,-4.062220237832631e-05,1.1446087472875865,-0.26795446311112187
10.60000000000021,5300,1.0,-0.25,0.0,-0.16227977058021606,-0.024334386550829333,-2.295868028464563e-06,2.5405392773010742e-05,-4.885906941896335e-05,0.7048025334518077,-0.2767050881447835
10.60000000000021,5300,1.0,-0.125,0.0,-0.22705662236543495,0.02177583310680265,5.925091747497887e-07,4.791570400619676e-06,-1.9209472690889237e-05,0.25990007554657374,-0.2859986401160147
10.60000000000021,5300,1.0,0.0,0.0,-0.23592360432942422,0.07441746595718086,1.4811495020521074e-06,3.2848797079683677e-06,-9.421301721398795e-06,-0.17615622167441305,-0.2981379041851957
10.60000000000021,5300,1.0,0.12499999999999956,0.0,-0.19836468483198985,0.11614149474788393,1.3677716837630248e-06,2.7466001522719677e-06,-4.083496348582674e-06,-0.4920844346540266,-0.30626824169840333
10.60000000000021,5300,1.0,0.25,0.0,-0.07002911760884055,0.15976749660544656,2.6429804473304596e-06,9.002088723267077e-07,6.81382080205058e-06,-1.0914594538857543,-0.32805741839825503
10.60000000000021,5300,1.0,0.375,0.0,0.1043805515333968,0.154141513185244,2.2071004887856024e-06,-1.4772484285262591e-05,-3.790741036245665e-06,-1.2810864835722162,-0.3323264824649094
10.60000000000021,5300,1.0,0.49999999999999956,0.0,0.17061581633314968,0.1435753547236313,2.0218869473295456e-06,-1.7379020848736885e-05,-4.650062327280572e-06,-1.3985053075099492,-0.3334247489346685
10.60000000000021,5300,1.0,0.625,0.0,0.49105100670950347,0.09692401190474703,-1.2024971567979857e-06,-1.4757983550456966e-05,-9.429519362001165e-06,-2.4494899689738743,-0.3366728251620698
10.60000000000021,5300,1.0,0.75,0.0,0.8438316140207284,0.09132734510213417,-2.533579512167212e-06,-1.765931462052888e-06,-6.7774100149677765e-06,-2.675785038677754,-0.33491903761110264
10.60000000000021,5300,1.0,0.8749999999999996,0.0,1.0487934483261325,0.0992052370147055,-1.6119773869961358e-06,3.3570621193091348e-06,-3.7034690764479392e-06,-2.37364224327383,-0.3269411019838625
10.60000000000021,5300,1.0,1.0,0.0,1.266521491765913,0.10931355361799963,-7.332268259921357e-07,4.3973189376788393e-07,-5.116352919084702e-07,-0.540439036313546,-0.2954221485470083
10.60000000000021,5300,1.0,1.125,0.0,1.2760298356588649,0.10073757704225447,-5.335167010735062e-07,3.634367071133024e-08,-1.6658321205500108e-07,-0.14576865697910943,-0.27152945250535193
10.60000000000021,5300,1.0,1.25,0.0,1.2725999510912165,0.09557541684702127,-7.693070024898625e-07,6.36527173895809e-08,-1.279233223946227e-07,-0.07575874038320768,-0.26162300249719544
10.60000000000021,5300,1.0,1.375,0.0,1.2547317595350482,0.08581830359342467,-3.291344820799478e-07,-1.3863550968657799e-08,1.9402646216291115e-09,-0.027796171931346692,-0.23921534954372053
10.60000000000021,5300,1.0,1.5,0.0,1.2536398862483278,0.08560436212882322,-3.516586061419345e-07,-1.482882163398048e-08,5.050169301481285e-09,-0.024520067429919423,-0.2378536928812793
10.60000000000021,5300,1.0,1.625,0.0,1.218527318805402,0.06624313277696814,-8.661187719009872e-08,-9.393605198424258e-09,-6.470665580141745e-08,-0.009679139350811067,-0.19166925666899493
10.60000000000021,5300,1.0,1.75,0.0,1.2146474762328754,0.06630546827910318,-1.238257410815658e-07,-4.295158295425037e-09,-6.888296350741103e-08,-0.008498293117501027,-0.18704511651510844
10.60000000000021,5300,1.0,1.875,0.0,1.20357551574093,0.061911559513112696,-2.3026974814810212e-07,4.367103177856902e-09,-6.444326100589805e-08,-0.004537216055333497,-0.17479033778862385
10.60000000000021,5300,1.0,2.0,0.0,1.1858397797077818,0.03946370822698893,9.790186214632296e-09,-1.9914027529127494e-08,-2.3846595551195482e-08,0.0032718821364449164,-0.15692792643040465
10.60000000000021,5300,1.0,2.125,0.0,1.1673862060252196,0.04480881997716043,-6.980366601818151e-09,-8.634616236982447e-09,-2.5132770078108985e-08,0.008260410829328413,-0.13813593050850462
10.60000000000021,5300,1.0,2.25,0.0,1.1650165541702615,0.04506553638546901,-1.965964457262435e-08,-1.4427839774300733e-08,-2.8524157322376986e-08,0.008969753666302366,-0.13574564646317114
10.60000000000021,5300,1.0,2.375,0.0,1.1573383591292332,0.04307720959848729,9.83908192439184e-09,-2.6986350855431937e-08,-2.6427703646993644e-08,0.00996572469484635,-0.12823599435554076
10.60000000000021,5300,1.0,2.5,0.0,1.1454109001582515,0.030831142536460264,7.496066978788479e-08,7.781923940393179e-09,-2.638757412033966e-09,0.008317854854823899,-0.11731542558442855
10.60000000000021,5300,1.0,2.625,0.0,1.132637276481461,0.035930389637130584,6.424653012953232e-08,-6.682695136298184e-09,-1.7394732937772475e-08,0.007134878700779954,-0.10448616704134439
10.60000000000021,5300,1.0,2.75,0.0,1.126408035251004,0.0354826853327201,2.633078612182282e-08,4.04295503921877e-09,-1.288730969106792e-08,0.006642707981793597,-0.09832462341024076
10.60000000000021,5300,1.0,2.875,0.0,1.1256569157467637,0.034699907505913834,3.661514707053997e-08,1.5945936007097622e-09,-1.05504285740514e-08,0.0066198442122579835,-0.09759503738094372
10.60000000000021,5300,1.0,3.0,0.0,1.1102801723523055,0.025995423022168836,9.910453819786767e-08,-1.0404968339291279e-08,8.767471017413253e-09,0.0054915754892069565,-0.08243964973508573
10.800000000000276,5400,1.0,-3.0,0.0,1.1114488013987225,-0.03582007108838034,1.4839037836899044e-07,-6.1088166516645295e-09,-3.933806742454932e-08,-0.003865389595886847,-0.07480903640831134
10.800000000000276,5400,1.0,-2.875,0.0,1.1248899073909295,-0.04660024810036208,5.5558276117621466e-08,1.697638902751926e-08,1.8895397664805927e-08,-0.004382501002702384,-0.08780255142777363
10.800000000000276,5400,1.0,-2.75,0.0,1.1254791510837803,-0.04751711223264278,6.269840454307666e-08,9.181249087138135e-09,1.498018255526199e-08,-0.0043732140884406205,-0.08838461138526871
10.800000000000276,5400,1.0,-2.625,0.0,1.1310756587497954,-0.049120475159748586,2.0262411966311593e-08,1.5564149609332838e-08,4.916892625477104e-09,-0.004150984098095317,-0.0936334407042416
10.800000000000276,5400,1.0,-2.5,0.0,1.1483824688446342,-0.049994447425304206,1.4395445653220142e-07,-3.2639588892897526e-08,-6.26472797380911e-08,-0.0047420163801124675,-0.10994476295060453
10.800000000000276,5400,1.0,-2.375,0.0,1.1511129883370164,-0.06006610152355952,9.13948639144663e-08,-2.203983126695443e-08,-4.908554732410193e-08,-0.005105306346436922,-0.11354834195592454
10.800000000000276,5400,1.0,-2.25,0.0,1.1518256333356562,-0.06106196366050453,7.544757124521882e-08,-1.8763135603767577e-08,-4.324609801462747e-08,-0.00508752708475124,-0.11431223284272227
10.800000000000276,5400,1.0,-2.125,0.0,1.1560549764777046,-0.06811925692302151,1.0833481188536031e-07,-3.6676308995620224e-08,-1.7286006398203644e-08,-0.004810994458795801,-0.11920029742996585
10.800000000000276,5400,1.0,-2.0,0.0,1.1652950075429451,-0.07755428093285618,5.449983182405027e-08,-5.584105895892393e-08,1.2661192909851066e-08,-0.0037348864242569635,-0.12928693330970276
10.800000000000276,5400,1.0,-1.875,0.0,1.1866890731041067,-0.08625285343203426,-1.1722064331565868e-07,-1.7749300569290164e-08,-6.35224380495491e-08,-0.0021863572088922367,-0.152326457416106
10.800000000000276,5400,1.0,-1.75,0.0,1.1943199474571111,-0.09200486134118921,-7.29084347378739e-08,2.374706596738402e-08,-2.283201431160921e-08,-3.630963608489287e-05,-0.16156802611448545
10.800000000000276,5400,1.0,-1.625,0.0,1.2111321592230886,-0.10780130935241625,-3.4201435879382277e-07,-5.949389706755249e-08,7.639524028560899e-08,0.006813125363717114,-0.18541298141789228
10.800000000000276,5400,1.0,-1.5,0.0,1.2212097378298967,-0.1089460114402766,-8.708576315976345e-07,-9.286799049337959e-08,4.594039792133972e-08,0.02256535835800716,-0.1984515198875128
10.800000000000276,5400,1.0,-1.375,0.0,1.221705304112443,-0.10921638285346112,-3.7003709835052156e-07,-1.7527232736066354e-08,6.248467819523298e-08,0.026426761712503705,-0.1993055764335125
10.800000000000276,5400,1.0,-1.2500000000000002,0.0,1.2302770333613917,-0.11693534743788046,-7.840044039720191e-07,-1.703757725344909e-07,-1.3759097532998238e-07,0.08166127727154682,-0.21445870293427288
10.800000000000276,5400,1.0,-1.125,0.0,1.2287545394464203,-0.11996804690228803,-7.34156578851459e-07,-2.1831923998858619e-07,-2.1518384674107498e-07,0.15779044500651293,-0.22022864218705823
10.800000000000276,5400,1.0,-1.0,0.0,1.1923220211219354,-0.11796344477436693,-1.503559982237255e-06,-3.224225955033482e-06,-2.096295219553124e-06,0.7706270531475258,-0.23797859596128879
10.800000000000276,5400,1.0,-0.875,0.0,1.0543144134355,-0.10122544849476699,-2.6255416964142e-06,-1.2200127480003125e-05,-5.003315144602837e-06,1.839947005714152,-0.2497719871922563
10.800000000000276,5400,1.0,-0.75,0.0,0.7494043679997,-0.06312537502397159,-6.759382393108739e-06,-2.5344164898253235e-05,-1.1531419017541332e-05,2.7160030026524935,-0.2559488078357127
10.800000000000276,5400,1.0,-0.625,0.0,0.38510317389870036,-0.035277241025732,-8.261117334468433e-06,-7.880862517043001e-06,-1.9292357673540844e-05,2.4809936264120087,-0.2591475644118576
10.800000000000276,5400,1.0,-0.5,0.0,0.12600087238024757,-0.033111502233416155,-1.1297151299787601e-05,1.5470433117507963e-05,-3.92304277111062e-05,1.6590276447429955,-0.26534741406420864
10.800000000000276,5400,1.0,-0.375,0.0,-0.01244079207742228,-0.035882905686861005,-6.621277890615104e-06,2.500079439041206e-05,-3.967048337970386e-05,1.161672918038323,-0.2700446127246444
10.800000000000276,5400,1.0,-0.25,0.0,-0.16080955742386702,-0.011166333226006075,-2.4770519937260277e-06,2.5472477894762753e-05,-4.938846996286655e-05,0.7117877290783454,-0.27754620484210535
10.800000000000276,5400,1.0,-0.125,0.0,-0.2232409466244401,0.03406436138464104,5.409875181592486e-07,4.850595235139639e-06,-2.036881680604798e-05,0.2751107758332894,-0.2854424085894529
10.800000000000276,5400,1.0,0.0,0.0,-0.23037436895202212,0.08547047568475195,1.3601491427395916e-06,3.074560327179554e-06,-1.0662040808183063e-05,-0.14891837608365713,-0.2960797326340114
10.800000000000276,5400,1.0,0.12499999999999956,0.0,-0.19302927440682435,0.12496559257265488,1.2336638306345425e-06,2.4788454140732413e-06,-5.154802599483262e-06,-0.4527918734361328,-0.3028820780343502
10.800000000000276,5400,1.0,0.25,0.0,-0.06796271745752656,0.16762190326287793,2.452951677379061e-06,1.046928713491671e-06,6.523040561526589e-06,-1.0379281594890963,-0.32224187038906005
10.800000000000276,5400,1.0,0.375,0.0,0.10298824982105774,0.16051056941738864,2.0781055988197054e-06,-1.3636875555116193e-05,-3.2201482946189888e-06,-1.2308688573642317,-0.32552783300086907
10.800000000000276,5400,1.0,0.49999999999999956,0.0,0.16804492948863542,0.149536686470858,1.9127528410795547e-06,-1.6201260244532697e-05,-4.101769013219074e-06,-1.3486872384921809,-0.3264306006481757
10.800000000000276,5400,1.0,0.625,0.0,0.48280819261524505,0.10208331794565287,-1.183539017239508e-06,-1.4404514293866837e-05,-9.131704615891248e-06,-2.4105532257373428,-0.32949397634305466
10.800000000000276,5400,1.0,0.75,0.0,0.8341144528018702,0.09619722202516817,-2.527071543406991e-06,-1.7964707574435255e-06,-6.6075437988884695e-06,-2.6718010713415445,-0.3287459963337783
10.800000000000276,5400,1.0,0.8749999999999996,0.0,1.0405387874557825,0.10399919191499751,-1.6279657740637317e-06,3.3844729930962375e-06,-3.6094136725904575e-06,-2.3923526050019874,-0.321544333050687
10.800000000000276,5400,1.0,1.0,0.0,1.2648076164014617,0.11455674602670002,-7.530973179878983e-07,4.859280093306818e-07,-5.186935390082795e-07,-0.5544282043314308,-0.29225579728657447
10.800000000000276,5400,1.0,1.125,0.0,1.2757402217745177,0.1054775302638755,-5.569405288088535e-07,4.6805272714475264e-08,-1.6159589695293852e-07,-0.15058479650047213,-0.2692188577048572
10.800000000000276,5400,1.0,1.25,0.0,1.272645386774729,0.1000203068351399,-7.890079548151354e-07,7.54770336030863e-08,-1.1475991036911234e-07,-0.07826879096170104,-0.2596298261865415
10.800000000000276,5400,1.0,1.375,0.0,1.255411812691352,0.08972794907520444,-3.5778960797391936e-07,-9.99709722105711e-09,7.703205400506235e-09,-0.02898925744161108,-0.23788185075176282
10.800000000000276,5400,1.0,1.5,0.0,1.2543431133175433,0.08947969319825644,-3.7972165243833804e-07,-1.0635840544386496e-08,1.1255103367506209e-08,-0.025632257637289803,-0.23654652751343486
10.800000000000276,5400,1.0,1.625,0.0,1.219646031755213,0.06875142025425875,-1.1939560805971418e-07,2.613097166519778e-09,-6.005655042855551e-08,-0.010197144522026294,-0.1910542919525749
10.800000000000276,5400,1.0,1.75,0.0,1.2157944687640059,0.06869131957916545,-1.5501534474344245e-07,6.540863620014712e-09,-6.529906902914353e-08,-0.00903466497805512,-0.18645165064343389
10.800000000000276,5400,1.0,1.875,0.0,1.2048408752975983,0.06394555054473557,-2.576846450228726e-07,1.7242707704073172e-08,-6.268105749140141e-08,-0.005012434839119256,-0.17431559384288292
10.800000000000276,5400,1.0,2.0,0.0,1.1876645843547842,0.04089291411884514,-1.3774095856694856e-08,-5.153661087155532e-09,-2.8479283490676645e-08,0.002377308003097628,-0.15682645351570576
10.800000000000276,5400,1.0,2.125,0.0,1.1686940747065333,0.046027079027486865,-2.5010206910121308e-08,1.9204278462052443e-09,-2.766838483824404e-08,0.007720085483000015,-0.13799099693234354
10.800000000000276,5400,1.0,2.25,0.0,1.1662699516361308,0.0462484438382922,-3.7071499455171516e-08,-5.633333900768706e-09,-3.113594111888068e-08,0.008495390767140936,-0.1356027786318996
10.800000000000276,5400,1.0,2.375,0.0,1.1584964890265794,0.04409061088329523,-6.6830949755120276e-09,-2.0194458771399012e-08,-2.8824435876647942e-08,0.00963139456670889,-0.12812773051442095
10.800000000000276,5400,1.0,2.5,0.0,1.1467469314117869,0.03146831900849547,5.981999991269572e-08,1.457334183835403e-08,-9.855323621455196e-09,0.008192251448915023,-0.11737839159255235
10.800000000000276,5400,1.0,2.625,0.0,1.1336616228651113,0.036525286900530154,5.2260090697187527e-08,-7.3987990687042265e-09,-2.095664341385887e-08,0.0067945176737717414,-0.10445471665795662
10.800000000000276,5400,1.0,2.75,0.0,1.1273298470442539,0.035991939615062446,1.544289978836155e-08,6.946363739939106e-09,-1.538351007138393e-08,0.006237992461630488,-0.09828753922272272
10.800000000000276,5400,1.0,2.875,0.0,1.1265790382658494,0.03518683830352849,2.5973362751053487e-08,3.920685921979495e-09,-1.2875221499215079e-08,0.006220096705691777,-0.09756760269270624
10.800000000000276,5400,1.0,3.0,0.0,1.1111218610142821,0.026258207312447886,9.01828974918129e-08,-7.961745899306347e-09,9.644574863944812e-09,0.005133741744332833,-0.08250186221982884
11.000000000000343,5500,1.0,-3.0,0.0,1.1110320155133628,-0.03664238774729639,1.62745059607318e-07,-9.362485536485179e-09,-3.130934193743992e-08,-0.0032433777955703544,-0.07514907478748754
11.000000000000343,5500,1.0,-2.875,0.0,1.1242246554470863,-0.047388232254706716,7.4101925051404e-08,1.364160137083999e-08,2.4721998175970745e-08,-0.003719171932321543,-0.08810706182521635
11.000000000000343,5500,1.0,-2.75,0.0,1.1248033138356572,-0.04830079941507717,8.144516942762186e-08,6.20309235525152e-09,2.0589487568108935e-08,-0.0037221527870405346,-0.0886874882055849
11.000000000000343,5500,1.0,-2.625,0.0,1.1301647273766127,-0.04993821107269713,4.028013157874866e-08,1.9292450762307904e-08,8.724218880051002e-09,-0.003403804320285002,-0.09389184893266514
11.000000000000343,5500,1.0,-2.5,0.0,1.1468830374107495,-0.05085497001931476,1.7535871304404624e-07,-2.2136684378671056e-08,-5.6267044076211867e-08,-0.003711845844449239,-0.11007329758321913
11.000000000000343,5500,1.0,-2.375,0.0,1.1497001963528968,-0.060801683621976584,1.1905024488737605e-07,-1.9514151141684707e-08,-3.806197966653658e-08,-0.004587281298627234,-0.11371524764513075
11.000000000000343,5500,1.0,-2.25,0.0,1.1503949208727728,-0.06179173613198298,1.0320963091147007e-07,-1.5055327618367258e-08,-3.336255801883918e-08,-0.004606708290345681,-0.11447838591021849
11.000000000000343,5500,1.0,-2.125,0.0,1.1547116909848107,-0.06869038102100733,1.3711653116651695e-07,-3.411844781961704e-08,-7.92294964034181e-09,-0.004106732399048305,-0.11939593481969621
11.000000000000343,5500,1.0,-2.0,0.0,1.1640334538219521,-0.0778519859763833,9.541473924393844e-08,-4.356303492359406e-08,2.792025040016501e-08,-0.002067344493519715,-0.12951378849058418
11.000000000000343,5500,1.0,-1.875,0.0,1.184371634549265,-0.08612421946334586,-7.665717096752905e-08,-4.643809115571821e-08,-3.307716231149158e-08,-0.00202206095886943,-0.15221777077709012
11.000000000000343,5500,1.0,-1.75,0.0,1.1918771263852745,-0.09150053360992567,-2.8951518327890668e-08,4.888671205470795e-09,1.1395699603008104e-08,-0.00018873203690583998,-0.16136077761086504
11.000000000000343,5500,1.0,-1.625,0.0,1.208743665849668,-0.10605416699539774,-2.8464847858742474e-07,-6.05505638350776e-08,7.99336659294828e-08,0.007748616983261018,-0.18531273147940955
11.000000000000343,5500,1.0,-1.5,0.0,1.2182999346027916,-0.10674794334221861,-8.026333053439949e-07,-9.350563821280395e-08,3.267242372602738e-08,0.022805397724074528,-0.1982087533451618
11.000000000000343,5500,1.0,-1.375,0.0,1.2187868745077948,-0.10697481820332883,-3.031085832416206e-07,1.9982993116113677e-09,5.633422527584879e-08,0.02660979905285249,-0.19905988462884877
11.000000000000343,5500,1.0,-1.2500000000000002,0.0,1.2273918106395694,-0.11394958885697078,-7.030861425535204e-07,-1.264484298504989e-07,-1.884925227145681e-07,0.08039609061689648,-0.2144617380580064
11.000000000000343,5500,1.0,-1.125,0.0,1.2260294286667301,-0.11657552833274416,-6.467388333046302e-07,-1.8118608325142466e-07,-2.694353539508122e-07,0.15524984925731777,-0.2203955679972869
11.000000000000343,5500,1.0,-1.0,0.0,1.1907254695259695,-0.11330001229715234,-1.3865102552233592e-06,-2.8615444773370364e-06,-2.1757344543582712e-06,0.7573018437012635,-0.23861918018254388
11.000000000000343,5500,1.0,-0.875,0.0,1.0557636963123138,-0.09578992219473081,-2.4134122107599297e-06,-1.1309556303939246e-05,-5.117382184462305e-06,1.8210608987481984,-0.2513495495134972
11.000000000000343,5500,1.0,-0.75,0.0,0.7539523145765066,-0.05716686565826688,-6.364107934278189e-06,-2.486451789054033e-05,-1.1149654855194018e-05,2.7196336542413877,-0.25877852982744376
11.000000000000343,5500,1.0,-0.625,0.0,0.38841276146967807,-0.02752851885063281,-7.968268613098223e-06,-9.728755040623627e-06,-1.8833201923934883e-05,2.5224575945570584,-0.2627883930182259
11.000000000000343,5500,1.0,-0.5,0.0,0.12546444347424737,-0.02294262298379704,-1.1306450776603189e-05,1.2444924532749482e-05,-3.805864463688837e-05,1.7006504335109112,-0.26878880371510333
11.000000000000343,5500,1.0,-0.375,0.0,-0.013318820614522144,-0.02499598446761285,-6.730763924477151e-06,2.3553458258244197e-05,-3.868933213715154e-05,1.1854227644874398,-0.27311077993821725
11.000000000000343,5500,1.0,-0.25,0.0,-0.15859503180192935,-6.008986343538367e-05,-2.7109713425150866e-06,2.5682943713839668e-05,-5.009886839971833e-05,0.7253546267506108,-0.2790984528839491
11.000000000000343,5500,1.0,-0.125,0.0,-0.21930755653285255,0.04410885105214228,4.7399695383714616e-07,5.036160641861882e-06,-2.1769054486504553e-05,0.2955011493756655,-0.2853537679219407
11.000000000000343,5500,1.0,0.0,0.0,-0.22515623464493398,0.09431821073751659,1.2099456286527058e-06,2.874456824289806e-06,-1.218837989853625e-05,-0.11716446593344587,-0.29405340342136843
11.000000000000343,5500,1.0,0.12499999999999956,0.0,-0.18845883801195426,0.1318263281259393,1.083169128212673e-06,2.1397263067299725e-06,-6.378387862424365e-06,-0.4095279352570502,-0.29922154093552245
11.000000000000343,5500,1.0,0.25,0.0,-0.06702764892486587,0.17387446881247978,2.225271283195784e-06,9.63784723712972e-07,5.961043788743486e-06,-0.9814982724686062,-0.3158165882728382
11.000000000000343,5500,1.0,0.375,0.0,0.10027188953862869,0.16571975943781656,1.957595657584014e-06,-1.2574855820948809e-05,-2.7554977622004167e-06,-1.1783559754811064,-0.3179288305237248
11.000000000000343,5500,1.0,0.49999999999999956,0.0,0.16411650042815967,0.1545373578969427,1.8100504456730443e-06,-1.508156020353342e-05,-3.6508436480831276e-06,-1.2971450256997326,-0.31854642952214196
11.000000000000343,5500,1.0,0.625,0.0,0.4731832399072334,0.10679012249083018,-1.1465921983660383e-06,-1.4004114456044875e-05,-8.803896571516036e-06,-2.371826417408331,-0.32123421724869955
11.000000000000343,5500,1.0,0.75,0.0,0.8230968819198801,0.10084571020443715,-2.4973388334761693e-06,-1.8801121379024883e-06,-6.4119631354002014e-06,-2.668348710905354,-0.32148006070786433
11.000000000000343,5500,1.0,0.8749999999999996,0.0,1.0310814323177158,0.1087444697349968,-1.631020029075762e-06,3.366398039143113e-06,-3.5003318511008145e-06,-2.4116144586291854,-0.31513658210580014
11.000000000000343,5500,1.0,1.0,0.0,1.2623510318661346,0.12007883374814343,-7.665251720891457e-07,5.371982527774292e-07,-5.178885908137402e-07,-0.5691876608194624,-0.28824389617723695
11.000000000000343,5500,1.0,1.125,0.0,1.2749137080398318,0.11060650551354245,-5.726319390025524e-07,6.777649651086793e-08,-1.5466977143362794e-07,-0.15591426805847144,-0.26620752115573015
11.000000000000343,5500,1.0,1.25,0.0,1.2722498408351135,0.10485661721443225,-7.984220740548392e-07,8.864965477894805e-08,-1.0030070880547937e-07,-0.08123909683521587,-0.2569979347230789
11.000000000000343,5500,1.0,1.375,0.0,1.255810381660018,0.09403757118386544,-3.786899300729608e-07,-7.256338769315712e-09,1.7354528917574864e-08,-0.030583591993257497,-0.23604300040302822
11.000000000000343,5500,1.0,1.5,0.0,1.2547763154675566,0.09375034609765803,-3.9988980767719803e-07,-7.630726836736733e-09,2.0856192689041894e-08,-0.02712556724484569,-0.23474332155062136
11.000000000000343,5500,1.0,1.625,0.0,1.220602946396662,0.0716473506222819,-1.4796908220784068e-07,1.295610616175821e-08,-4.480253875865074e-08,-0.010839148421550789,-0.19014755311301873
11.000000000000343,5500,1.0,1.75,0.0,1.2167735305334877,0.07146454781848327,-1.8173823260678892e-07,1.4049869240871085e-08,-5.323182066975557e-08,-0.009623062551552097,-0.1855922823893826
11.000000000000343,5500,1.0,1.875,0.0,1.2059517639819788,0.06636258348378227,-2.7978226913236336e-07,2.494618726153192e-08,-5.610795529240165e-08,-0.005429451380330091,-0.17362535416008773
11.000000000000343,5500,1.0,2.0,0.0,1.1894429431434848,0.04274203301175082,-3.5873687646725415e-08,8.568362919297802e-09,-2.984877969248489e-08,0.001391631848113206,-0.15654797155369474
11.000000000000343,5500,1.0,2.125,0.0,1.1699350384125384,0.04757278893476005,-4.225827082194234e-08,1.3455441026864378e-08,-2.7728966418620073e-08,0.007141693551210941,-0.13768343530478577
11.000000000000343,5500,1.0,2.25,0.0,1.1674561588789463,0.04774743002931488,-5.360421708622249e-08,4.327998522872883e-09,-3.140389085881911e-08,0.007990469850622227,-0.13529921343823842
11.000000000000343,5500,1.0,2.375,0.0,1.159600423013699,0.045398661092082196,-2.271405944549792e-08,-1.1648328203700875e-08,-2.9194035948516955e-08,0.00926913562509522,-0.12786826140078583
11.000000000000343,5500,1.0,2.5,0.0,1.148100665861657,0.032403195695442956,4.491973752333763e-08,2.2158516682161238e-08,-1.6124323818185026e-08,0.00802130561918277,-0.1173111680116368
11.000000000000343,5500,1.0,2.625,0.0,1.1346850672565538,0.0373748310768476,4.00136270848536e-08,-7.932538671924447e-09,-2.2813268492277093e-08,0.00641754939019059,-0.10430623201883105
11.000000000000343,5500,1.0,2.75,0.0,1.1282516869948445,0.03674052375134364,4.969077326520952e-09,9.63205168468784e-09,-1.58787580697648e-08,0.005787861372480824,-0.09814203272974346
11.000000000000343,5500,1.0,2.875,0.0,1.1275034150429808,0.03591194795419445,1.563794240981004e-08,6.274206750676117e-09,-1.3186476985983103e-08,0.005771823450171856,-0.09743324269563654
11.000000000000343,5500,1.0,3.0,0.0,1.111987111029415,0.026733668589277837,8.055890559998255e-08,-4.731982098478245e-09,1.1207151013396965e-08,0.004729712227794112,-0.08248274605226824
11.20000000000041,5600,1.0,-3.0,0.0,1.1160386143803844,-0.04262971992824689,2.1189144025564376e-07,-6.674646527904341e-08,-4.644915737321075e-08,-0.002700871089052011,-0.08083646025767169
11.20000000000041,5600,1.0,-2.875,0.0,1.119608652854544,-0.04783636487853751,1.6779677459136416e-07,9.401885845817124e-09,6.661052606860219e-08,-0.0031893497979567278,-0.08479544137596168
11.20000000000041,5600,1.0,-2.75,0.0,1.1251874741555674,-0.05072870348004895,1.1528516252920171e-07,-1.0777027793513938e-08,1.6323950925393635e-08,-0.0032005591318119307,-0.09014753994374339
11.20000000000041,5600,1.0,-2.625,0.0,1.1318076016686134,-0.053296126990975426,9.774156766102502e-08,1.8132763918389532e-08,3.1042360490061496e-08,-0.002434169341537307,-0.09708323764107574
11.20000000000041,5600,1.0,-2.5,0.0,1.1371070529972582,-0.05905018874553121,1.8150631881907768e-07,8.911234547871461e-08,5.558378722848713e-08,-0.005994544195097009,-0.10234666348227722
11.20000000000041,5600,1.0,-2.375,0.0,1.1437272511006833,-0.061617620355417846,8.271847537072948e-08,-1.198657249090252e-08,1.538485170572132e-08,-0.005228379491733132,-0.10928234057030932
11.20000000000041,5600,1.0,-2.25,0.0,1.1503474454395954,-0.0641849459063883,9.841810683514963e-08,-1.768385305076701e-08,-1.641933353938398e-08,-0.0044620454335765865,-0.11621807541928614
11.20000000000041,5600,1.0,-2.125,0.0,1.1593368457289785,-0.07101574438774585,1.135963144396843e-07,-5.774883573428282e-08,1.656134620604413e-08,-0.0013954833102824322,-0.1258590125520872
11.20000000000041,5600,1.0,-2.0,0.0,1.1683262544418715,-0.07784662590949112,5.168250334612652e-09,-6.579263878788637e-08,4.856948440188815e-08,0.0016710667703252195,-0.13549989175852092
11.20000000000041,5600,1.0,-1.875,0.0,1.1768159294062621,-0.0840418751959424,-1.3246707441260893e-07,-7.367882086241958e-08,3.056889772665451e-08,-0.00010296118294888062,-0.14572014510371253
11.20000000000041,5600,1.0,-1.75,0.0,1.1853056235034722,-0.09023693309187565,-1.0674638601986916e-07,-1.9712961221385253e-08,2.2677969326550388e-08,-0.0018768052279599396,-0.15594044978865346
11.20000000000041,5600,1.0,-1.625,0.0,1.198458966953323,-0.08983165830151729,-6.261118411011161e-07,-3.541270428637179e-07,3.486087578618813e-07,0.010225250462612835,-0.16798507755423134
11.20000000000041,5600,1.0,-1.5,0.0,1.2074464574379298,-0.09628522933173185,2.1767687178864094e-07,3.238259017707783e-07,3.241495965497601e-07,-0.05807791590863247,-0.18114246689963198
11.20000000000041,5600,1.0,-1.375,0.0,1.2141175825532722,-0.10345032781157355,-4.538204520613848e-07,-2.7666806163374563e-08,6.171881658034209e-08,0.01016953988524924,-0.19555865299766184
11.20000000000041,5600,1.0,-1.2500000000000002,0.0,1.2231512860393916,-0.11030596779217126,-8.694134550646924e-07,-4.944475404098872e-08,-1.4037924542072513e-07,0.049861392053877726,-0.2111834013372192
11.20000000000041,5600,1.0,-1.125,0.0,1.2202814102420128,-0.11373831166546428,-9.086649677966161e-07,-1.75292699045332e-07,-3.3132586745430584e-07,0.23159922020627594,-0.2257029667862065
11.20000000000041,5600,1.0,-1.0,0.0,1.1847027820008948,-0.11140247846869433,-1.9588006050399937e-06,-3.9590224420860725e-06,-2.7144644305561546e-06,0.8082771061001157,-0.2416017477953638
11.20000000000041,5600,1.0,-0.875,0.0,1.041673984377209,-0.09022781152725304,-3.2588702974763052e-06,-1.5483787545802173e-05,-6.513556086995563e-06,1.8943163154140348,-0.25596727207817027
11.20000000000041,5600,1.0,-0.75,0.0,0.7331823767103955,-0.04979623879175601,-4.502538436942085e-06,-1.805929408592703e-05,-1.0072994534308519e-05,2.7675865654694345,-0.26534195246706416
11.20000000000041,5600,1.0,-0.625,0.0,0.3718969586024947,-0.02056777083391867,-9.913149802565075e-06,-8.889096942415442e-06,-2.2464825378068176e-05,2.57051061537734,-0.2694825345216586
11.20000000000041,5600,1.0,-0.5,0.0,0.10983237948665943,-0.014782034819165756,-9.139927201188108e-06,2.6935232284122227e-07,-2.5945726886302427e-05,1.7670361860487365,-0.27497561658761693
11.20000000000041,5600,1.0,-0.375,0.0,-0.05377702261734736,-0.011222974763082864,-8.285990084453123e-06,2.0502373067826283e-05,-3.8327130683644e-05,1.1167856307143713,-0.2789612609560184
11.20000000000041,5600,1.0,-0.25,0.0,-0.15704455466313597,0.011469203578705246,-4.113109655336504e-06,1.9214763904441066e-05,-4.051296374282983e-05,0.6643807034853444,-0.2810202708491511
11.20000000000041,5600,1.0,-0.125,0.0,-0.2047716442528556,0.0542977447539496,7.444586816514478e-07,5.685647831199184e-06,-2.2434499154745974e-05,0.26147707597210507,-0.28408961746437555
11.20000000000041,5600,1.0,0.0,0.0,-0.203444501284003,0.10322772725642998,1.2608217219795702e-07,4.333482934392211e-06,-1.6210232476163068e-05,-0.10524152667667315,-0.28950058712799887
11.20000000000041,5600,1.0,0.12499999999999956,0.0,-0.1596533548188931,0.14769686809335827,1.1917058115482708e-06,3.0993109765719125e-06,-8.297149703163337e-06,-0.4926723518906842,-0.29632797875188743
11.20000000000041,5600,1.0,0.25,0.0,-0.08062811601529607,0.17432597255565963,2.336698307377422e-06,-8.264261943864483e-08,6.751558357950022e-06,-0.8091218060884564,-0.30205254316901703
11.20000000000041,5600,1.0,0.375,0.0,0.04933892962243644,0.17266413095817518,2.003166829885499e-06,-1.2627132304937954e-05,-1.8743866641790718e-06,-1.075747745414968,-0.30665755073970496
11.20000000000041,5600,1.0,0.49999999999999956,0.0,0.20584348380279335,0.1446362740169695,1.6923891598036342e-06,-1.8752100037050952e-05,-4.116604094323175e-06,-1.3737932970946307,-0.3074719269711939
11.20000000000041,5600,1.0,0.625,0.0,0.4333929293390176,0.1135331080995626,-8.042517584962531e-07,-1.656449010284238e-05,-7.858468575233764e-06,-2.3175676160822363,-0.3050531367909056
11.20000000000041,5600,1.0,0.75,0.0,0.7778228179260274,0.10675713519706101,-2.073324323821179e-06,-8.882490663809384e-07,-6.0232601829650045e-06,-2.7060184768819306,-0.3079144310529087
11.20000000000041,5600,1.0,0.8749999999999996,0.0,1.09666283585062,0.11951784639516623,-1.7359884969563152e-06,3.877655632909545e-06,-2.658538936347898e-06,-2.0748372336918504,-0.3029247731226594
11.20000000000041,5600,1.0,1.0,0.0,1.2388831707168086,0.13023616203888494,-9.842674447277308e-07,9.95277392939347e-07,-7.154659417395909e-07,-0.8674554965103645,-0.28848820044965406
11.20000000000041,5600,1.0,1.125,0.0,1.2713045301724317,0.12091579779119793,-7.504947548064922e-07,8.791462572251104e-08,-2.4172225159640615e-07,-0.25092631102271645,-0.2680359964861207
11.20000000000041,5600,1.0,1.25,0.0,1.2656247631568416,0.10982997725173466,-5.945533688145651e-07,9.055622378748946e-09,-6.354794575801825e-08,-0.0597534440906789,-0.24632477990216256
11.20000000000041,5600,1.0,1.375,0.0,1.2514360086905125,0.09725069821370426,-4.872782968177185e-07,-1.0833967160898879e-08,3.238732245971297e-08,-0.01670515314598269,-0.22803886923662214
11.20000000000041,5600,1.0,1.5,0.0,1.236759723398276,0.08491051542244901,-4.379460608888137e-07,-2.3169263038998504e-08,1.1062486782553199e-07,0.045003377282833004,-0.20777457346801614
11.20000000000041,5600,1.0,1.625,0.0,1.2255074084146487,0.08002518002716297,-2.54673824191778e-07,-5.2501569537489615e-08,2.522133380600358e-08,-0.013104667124754173,-0.19481080447333843
11.20000000000041,5600,1.0,1.75,0.0,1.2112045929920638,0.07413215336501569,-2.5286291869501605e-07,1.1990624583701722e-08,-5.611238629844734e-08,-0.007980660297439813,-0.17708709595805786
11.20000000000041,5600,1.0,1.875,0.0,1.1979986821009274,0.07032985023334543,-2.3665668901859207e-07,7.993960472345275e-08,-9.507822339382298e-08,-0.001693072699797927,-0.16469808882997194
11.20000000000041,5600,1.0,2.0,0.0,1.1900822066514376,0.05737297582899675,-1.6182457999600147e-07,5.3772836804234505e-08,-8.10941186545124e-08,-0.003276671955836176,-0.1550039963613204
11.20000000000041,5600,1.0,2.125,0.0,1.1768762937128296,0.053570662807070554,-1.4943882476688324e-07,7.672937138170472e-08,2.7552637043818935e-10,0.003010911472807439,-0.14261497916310525
11.20000000000041,5600,1.0,2.25,0.0,1.1636703692564514,0.0497683938860936,-8.959576906352492e-08,-6.847900231554194e-09,-3.660484148070758e-08,0.009298494612935079,-0.13022597159574462
11.20000000000041,5600,1.0,2.375,0.0,1.154514705925336,0.048332903809172156,-1.0527775951436148e-07,2.087697601254524e-08,-2.613313157484335e-09,0.008051665504361646,-0.12172061088881075
11.20000000000041,5600,1.0,2.5,0.0,1.1488962036412858,0.042245652176929015,-8.55106196595386e-08,1.0384138278678227e-07,-5.55408040817623e-08,0.007886849665728966,-0.1162450129277077
11.20000000000041,5600,1.0,2.625,0.0,1.1397405507557945,0.040810130000398265,-8.048863065411882e-09,-5.948876554805414e-08,-2.810342240070818e-08,0.00664001938187454,-0.10773965317192893
11.20000000000041,5600,1.0,2.75,0.0,1.130584888060442,0.03937463843324992,-2.5008787698281776e-08,1.7900961922278e-08,-1.8751996068586505e-08,0.005393193221881163,-0.09923429439609972
11.20000000000041,5600,1.0,2.875,0.0,1.1241811405106703,0.037390205741106165,-5.454382964093607e-08,-2.4411760422851374e-08,-5.602228952857797e-09,0.005081679745732565,-0.09310824728002712
11.20000000000041,5600,1.0,3.0,0.0,1.1194862863488706,0.03176284318995076,5.962549433666227e-08,4.377280236980324e-09,2.111704301556185e-08,0.0044927795709353395,-0.08865670149720338
11.400000000000476,5700,1.0,-3.0,0.0,1.1153873784153858,-0.04322627255585905,2.2893316452453192e-07,-8.939384858095502e-08,-2.7491399767561516e-08,-0.002258290265157897,-0.08130015181610115
11.400000000000476,5700,1.0,-2.875,0.0,1.1190192319352286,-0.04844781084197743,1.8572679750925822e-07,-3.336359092268546e-09,7.443900731510181e-08,-0.0029356178675308607,-0.08533237157048654
11.400000000000476,5700,1.0,-2.75,0.0,1.1244524041915478,-0.05128507390287699,1.3322462228467696e-07,-1.206185970526871e-08,1.878399779871614e-08,-0.0028228846519097214,-0.09065274239393371
11.400000000000476,5700,1.0,-2.625,0.0,1.1307601013289996,-0.05385876516609575,1.173812167137027e-07,3.946537396262133e-09,4.397027821543571e-08,-0.0022187001521365123,-0.0975641854002089
11.400000000000476,5700,1.0,-2.5,0.0,1.1364927650303112,-0.059291267168092465,2.0663320283181268e-07,1.0733664886965352e-07,7.57457179516205e-08,-0.005770794491441783,-0.10290942533539307
11.400000000000476,5700,1.0,-2.375,0.0,1.1428005478915524,-0.061864953146892006,1.0142963846792918e-07,-2.0501153741058033e-08,3.4030009594899383e-08,-0.005166822313737789,-0.10982086112823967
11.400000000000476,5700,1.0,-2.25,0.0,1.149108314077095,-0.06443854486456024,1.230313848476054e-07,-2.1367800279582606e-08,-5.079640871116277e-09,-0.004562673932572255,-0.11673234680650389
11.400000000000476,5700,1.0,-2.125,0.0,1.158063411911498,-0.07112160545798897,1.4002509560519113e-07,-7.011153581305207e-08,1.9663812513478933e-08,-0.0005349990419667157,-0.12647758594291453
11.400000000000476,5700,1.0,-2.0,0.0,1.1670185141897644,-0.07780474211934488,4.164704699111326e-08,-7.270299646253842e-08,4.8171374162544135e-08,0.003492702566219924,-0.13622279406818802
11.400000000000476,5700,1.0,-1.875,0.0,1.1753371621255617,-0.08339476773915747,-9.137519043683465e-08,-6.323504592126485e-08,4.339935758336856e-08,0.0010754311701542411,-0.14631894230872244
11.400000000000476,5700,1.0,-1.75,0.0,1.183655814339589,-0.08898462609807382,-6.712699388896153e-08,-2.3783562371897626e-08,5.930622931365789e-08,-0.0013416752955729139,-0.15641514592224742
11.400000000000476,5700,1.0,-1.625,0.0,1.197094163324401,-0.08783312630499102,-5.427062966904518e-07,-3.636768909372943e-07,3.341365291611231e-07,0.012485015703775021,-0.16831612695210144
11.400000000000476,5700,1.0,-1.5,0.0,1.204958303459102,-0.09407744209155901,2.44201917152003e-07,3.053634798729748e-07,1.2115335476130084e-07,-0.05600802041950442,-0.1816050320419301
11.400000000000476,5700,1.0,-1.375,0.0,1.2120140744035244,-0.10054864775749421,-3.9550162487373685e-07,-3.9389326928425006e-08,3.954584903207325e-08,0.010369270434253557,-0.1965339585579719
11.400000000000476,5700,1.0,-1.2500000000000002,0.0,1.2216109336675274,-0.10668885848094517,-7.868392799538528e-07,-6.205242095174474e-09,-1.9897388137232658e-07,0.047645354495613974,-0.21275152762674693
11.400000000000476,5700,1.0,-1.125,0.0,1.219530801815514,-0.10932187915936005,-8.155046132013255e-07,-9.145616342091471e-08,-3.483453296575446e-07,0.2244669540186977,-0.227957398371484
11.400000000000476,5700,1.0,-1.0,0.0,1.1860170674360337,-0.10629460285140443,-1.8176171774827814e-06,-3.916341914184239e-06,-2.402383704875606e-06,0.7927395323135603,-0.24487797641591236
11.400000000000476,5700,1.0,-0.875,0.0,1.046788788508946,-0.08511490239832586,-3.083693017821598e-06,-1.4590397304382215e-05,-6.446774414698275e-06,1.8761580947702203,-0.2606423687737881
11.400000000000476,5700,1.0,-0.75,0.0,0.7415471307383421,-0.04503719332677062,-4.178132251610174e-06,-1.7667510750374508e-05,-9.832889722609918e-06,2.7754732371452864,-0.27140086305379063
11.400000000000476,5700,1.0,-0.625,0.0,0.3791528566341271,-0.01593677779487933,-9.700578027283258e-06,-1.112339282753383e-05,-2.123349462226852e-05,2.6134710105844574,-0.27633180846060407
11.400000000000476,5700,1.0,-0.5,0.0,0.11344516557283567,-0.008862719941102382,-8.99272005274888e-06,-1.4874195951374484e-06,-2.5122001433556488e-05,1.814086213381736,-0.28119915917060057
11.400000000000476,5700,1.0,-0.375,0.0,-0.050992807190922876,-0.004771405976298026,-8.422655541714756e-06,1.833830044340081e-05,-3.694963475291024e-05,1.15034934383618,-0.28364423531379857
11.400000000000476,5700,1.0,-0.25,0.0,-0.1535595720370353,0.017224717194747823,-4.3713845585008145e-06,1.8485734141559403e-05,-4.0706568765041635e-05,0.6938719428231743,-0.2838214151888986
11.400000000000476,5700,1.0,-0.125,0.0,-0.20068475945618455,0.05872307616101436,5.844396107292496e-07,5.789332015007107e-06,-2.440093444440982e-05,0.29194856409292447,-0.28449028899090234
11.400000000000476,5700,1.0,0.0,0.0,-0.19943572364566176,0.10620959184448464,-9.376375967834789e-08,4.415602197233151e-06,-1.7755986925093883e-05,-0.06357451616988036,-0.2872422319795086
11.400000000000476,5700,1.0,0.12499999999999956,0.0,-0.15767172837682597,0.1492489129660971,9.65699501331522e-07,2.9362477237614538e-06,-9.925718727442756e-06,-0.4401732264223337,-0.2913362904195882
11.400000000000476,5700,1.0,0.25,0.0,-0.08173143490323731,0.17574255312017545,2.1398520642279965e-06,2.2234120663748393e-07,5.375436177442554e-06,-0.7513146500558212,-0.2948219839051186
11.400000000000476,5700,1.0,0.375,0.0,0.044880191590761655,0.1741037526533038,1.8786787536197886e-06,-1.1711464675024104e-05,-1.6730645470815307e-06,-1.0208449200608485,-0.2979328473868972
11.400000000000476,5700,1.0,0.49999999999999956,0.0,0.1982181442700901,0.14631152302008654,1.6162522156113607e-06,-1.770868814067376e-05,-3.8969565093289645e-06,-1.3183511265181989,-0.29804453807445974
11.400000000000476,5700,1.0,0.625,0.0,0.4219379982908639,0.11618596427117935,-7.079665257809409e-07,-1.6018458673401877e-05,-7.538200765026566e-06,-2.2732350239368575,-0.2951694661678592
11.400000000000476,5700,1.0,0.75,0.0,0.7648256375565432,0.11005912459735487,-2.0334105429596674e-06,-9.287555724662468e-07,-5.9401003904915375e-06,-2.7012801522394705,-0.298509079123212
11.400000000000476,5700,1.0,0.8749999999999996,0.0,1.086980794438492,0.12400991215501533,-1.6999873261751768e-06,3.7931963690082084e-06,-2.590964221818276e-06,-2.1000472255599414,-0.2951153305050567
11.400000000000476,5700,1.0,1.0,0.0,1.2335093998442206,0.13582205823450103,-9.642157060856128e-07,1.030755469038856e-06,-6.890558887827248e-07,-0.8876907554660757,-0.28230271406199814
11.400000000000476,5700,1.0,1.125,0.0,1.2687343668306559,0.12651836439570202,-7.431587984430338e-07,6.923460747277523e-08,-2.424262150674277e-07,-0.2596986891956325,-0.2631988432990634
11.400000000000476,5700,1.0,1.25,0.0,1.2643809809365871,0.1148702090506552,-5.898251207786163e-07,3.6854799139785404e-10,-4.214923960464762e-08,-0.06294964992396038,-0.24255815708500436
11.400000000000476,5700,1.0,1.375,0.0,1.251260912464247,0.1020387350288139,-4.935337582119144e-07,-3.800164018745046e-09,3.3345833596655596e-08,-0.018063245497994963,-0.22524056603482176
11.400000000000476,5700,1.0,1.5,0.0,1.2377488120613904,0.08917762742599684,-4.5019904586421826e-07,-8.429352493645672e-09,1.367575240281683e-07,0.044575863744520265,-0.2058881496027867
11.400000000000476,5700,1.0,1.625,0.0,1.225777871932881,0.08385736971341498,-2.695240371639063e-07,-6.612292769425562e-08,4.2751710101927344e-08,-0.013923238160248621,-0.19294115137796333
11.400000000000476,5700,1.0,1.75,0.0,1.2118093624072195,0.0774776475985258,-2.65105497988293e-07,3.1404626961702735e-09,-4.080192797878848e-08,-0.008166340648372518,-0.17570254906047303
11.400000000000476,5700,1.0,1.875,0.0,1.1984899576883312,0.07319349347752313,-2.482226098830374e-07,8.041019449179782e-08,-8.281130714660302e-08,-0.001220836624420372,-0.16340362696934613
11.400000000000476,5700,1.0,2.0,0.0,1.1911508404943838,0.060266496750768055,-1.7126169954075778e-07,5.515616027416101e-08,-7.991106045014854e-08,-0.004853059848715901,-0.15394988914909685
11.400000000000476,5700,1.0,2.125,0.0,1.177831432571286,0.055982335104142564,-1.637131200591622e-07,8.057436141835922e-08,8.09540378605082e-09,0.0020924494892869405,-0.14165095967675936
11.400000000000476,5700,1.0,2.25,0.0,1.164512016705201,0.051698212970207956,-1.0227285624409057e-07,-3.1164202748376546e-09,-3.261682961869717e-08,0.009037947731281122,-0.12935203648992247
11.400000000000476,5700,1.0,2.375,0.0,1.155249922052655,0.05008750348530454,-1.1687702275211435e-07,2.7011105617250852e-08,4.473146636402416e-09,0.007631011222575642,-0.1209366031401385
11.400000000000476,5700,1.0,2.5,0.0,1.1499626253651227,0.043878123998331915,-9.278533282198214e-08,1.0469214321196275e-07,-6.580482176394566e-08,0.007867329053900972,-0.11555347455993104
11.400000000000476,5700,1.0,2.625,0.0,1.140700539820579,0.0422673847931363,-1.977002285143278e-08,-6.357184791549523e-08,-2.06435288081972e-08,0.006460396751475969,-0.10713804223273077
11.400000000000476,5700,1.0,2.75,0.0,1.1314384460045412,0.040656673873325035,-3.3803461296137296e-08,1.7404804941223977e-08,-1.3545934097963248e-08,0.005053460500179448,-0.09872261061172945
11.400000000000476,5700,1.0,2.875,0.0,1.1249684425704836,0.03854093778303707,-5.971987123352756e-08,-2.4471633905502187e-08,1.0898481663438156e-09,0.004710181730814136,-0.09263299477237903
11.400000000000476,5700,1.0,3.0,0.0,1.1203836627649773,0.032869680897366714,4.370894457584203e-08,5.142949530593745e-09,2.8104379880298125e-08,0.004222004884780991,-0.08827603916710883
11.600000000000543,5800,1.0,-3.0,0.0,1.1147249069691187,-0.043696474968367524,2.4706547962161356e-07,-1.046810862224382e-07,-1.0819866455301333e-08,-0.0019770671117142133,-0.08184553197255481
11.600000000000543,5800,1.0,-2.875,0.0,1.11843845663989,-0.048942452094743134,2.0258973319802458e-07,-1.5758643976176955e-08,7.80850420859094e-08,-0.002872598754888304,-0.0859653576773225
11.600000000000543,5800,1.0,-2.75,0.0,1.1237321072518915,-0.05171162943897574,1.4948748362484744e-07,-1.0310160905321734e-08,2.0781176450185017e-08,-0.0026383216550129322,-0.09126585077249753
11.600000000000543,5800,1.0,-2.625,0.0,1.1298045212043153,-0.05424491726865645,1.3431143671007178e-07,-9.041552925741385e-09,5.821960900822759e-08,-0.002373461578590898,-0.09817580266558262
11.600000000000543,5800,1.0,-2.5,0.0,1.135935744970821,-0.05936064053326093,2.2458205022825575e-07,1.1720999325151648e-07,9.637614723350538e-08,-0.005576506146147714,-0.10362781776543
11.600000000000543,5800,1.0,-2.375,0.0,1.1420082486764647,-0.06189390351258993,1.1887474777906021e-07,-2.5400689361694113e-08,5.021518113845964e-08,-0.005311769217743878,-0.11053776214601205
11.600000000000543,5800,1.0,-2.25,0.0,1.1480807280142646,-0.06442709107609193,1.4671465850900124e-07,-2.0271033052773756e-08,1.0835964459293182e-08,-0.0050468865542088424,-0.11744774461228001
11.600000000000543,5800,1.0,-2.125,0.0,1.1569755401060933,-0.07100696527343198,1.663846465884628e-07,-7.458592848453783e-08,1.8835277965072122e-08,-0.0001995679636382767,-0.12733585757577726
11.600000000000543,5800,1.0,-2.0,0.0,1.1658703300101179,-0.07758691386097274,7.582203075684501e-08,-7.233464982627802e-08,3.678049202570192e-08,0.0046478196941994905,-0.13722394822732675
11.600000000000543,5800,1.0,-1.875,0.0,1.1741648110279235,-0.08247654333522482,-5.066319948998732e-08,-4.79406061828613e-08,6.479310788759081e-08,0.002164517292416721,-0.14724051455881118
11.600000000000543,5800,1.0,-1.75,0.0,1.1824592736961568,-0.08736603495461057,-2.9165041752578358e-08,-3.078399641341953e-08,1.2126130533473438e-07,-0.00031875244891188976,-0.15725711498010217
11.600000000000543,5800,1.0,-1.625,0.0,1.1957724743497804,-0.08546852047877963,-4.6357897975726966e-07,-3.149663609094357e-07,1.8655667360133468e-07,0.014745888951271114,-0.169137565444802
11.600000000000543,5800,1.0,-1.5,0.0,1.2026458505162854,-0.09164842008826472,2.448650774202281e-07,2.0922511636620746e-07,2.5212537684217863e-07,-0.05352516492095915,-0.18242865114742426
11.600000000000543,5800,1.0,-1.375,0.0,1.2103600815153184,-0.09736868216632127,-3.4770662798416994e-07,-3.2904964635824876e-08,1.5962894878638967e-08,0.010463648136429223,-0.19805545422240403
11.600000000000543,5800,1.0,-1.2500000000000002,0.0,1.2207005284503527,-0.1028960949299536,-7.380991043848377e-07,-6.098569284861725e-09,-2.984802330187398e-07,0.04633580243366715,-0.21496361964474991
11.600000000000543,5800,1.0,-1.125,0.0,1.2196656059931683,-0.10477817155270612,-7.526239836950393e-07,-9.725467201410504e-08,-4.5335785167686505e-07,0.21793519897680516,-0.2310677304076016
11.600000000000543,5800,1.0,-1.0,0.0,1.1883694050231033,-0.10135684981277533,-1.671786052846601e-06,-3.839144903772681e-06,-2.28818286963561e-06,0.7774010701412826,-0.2491847571839571
11.600000000000543,5800,1.0,-0.875,0.0,1.0530896779491978,-0.08034371471769731,-2.89988028872193e-06,-1.3812625825149694e-05,-6.169832332308614e-06,1.8577629431568958,-0.26643401015743784
11.600000000000543,5800,1.0,-0.75,0.0,0.7512319757678265,-0.04135250023205676,-3.867681522654213e-06,-1.704156544638522e-05,-9.79453866907947e-06,2.782084476482571,-0.2786357382671226
11.600000000000543,5800,1.0,-0.625,0.0,0.3880387771807079,-0.012667016316736291,-9.426360762726239e-06,-1.2897076011052672e-05,-2.0080480230550934e-05,2.6532153584279548,-0.284185073309025
11.600000000000543,5800,1.0,-0.5,0.0,0.11868942767960125,-0.0053707265598185935,-8.814649301415171e-06,-3.1924981776066035e-06,-2.4383448571107315e-05,1.8622014815721974,-0.2880901154197767
11.600000000000543,5800,1.0,-0.375,0.0,-0.04705603416211779,-0.001069883296423571,-8.518020973443812e-06,1.6059253789264537e-05,-3.563621502099875e-05,1.1869020595244308,-0.28899434841765387
11.600000000000543,5800,1.0,-0.25,0.0,-0.1493322324902527,0.019924710333758016,-4.639878423187949e-06,1.7842368297196475e-05,-4.090600969985686e-05,0.7271751213044158,-0.28710061311035123
11.600000000000543,5800,1.0,-0.125,0.0,-0.1964175431184101,0.059971695682988144,3.907084774660361e-07,6.006591054405264e-06,-2.6517127616687492e-05,0.327005319505675,-0.28514264709550796
11.600000000000543,5800,1.0,0.0,0.0,-0.1959042047094884,0.10603817245825085,-3.4884640437474075e-07,4.360924767156485e-06,-1.942648674566726e-05,-0.01796478307439771,-0.2850559830839798
11.600000000000543,5800,1.0,0.12499999999999956,0.0,-0.1565396082171896,0.1483404378772553,7.122812190641951e-07,2.6009339770498905e-06,-1.1884646992584453e-05,-0.3865291879211039,-0.2863355504546057
11.600000000000543,5800,1.0,0.25,0.0,-0.08403688511940827,0.17487701450509668,1.9359843811485596e-06,4.921176209741873e-09,2.9969492708045105e-06,-0.6921204945209835,-0.28747829716898987
11.600000000000543,5800,1.0,0.375,0.0,0.039120021161785576,0.1734822406251516,1.744418307891749e-06,-1.0957163971867179e-05,-1.3920273148449202e-06,-0.9677001953698019,-0.2889278138058363
11.600000000000543,5800,1.0,0.49999999999999956,0.0,0.1894006681065263,0.14613057707695604,1.5360515691083056e-06,-1.682052611109416e-05,-3.7539627521399662e-06,-1.2646383223530506,-0.2882060323645449
11.600000000000543,5800,1.0,0.625,0.0,0.4096321716787891,0.11743925720490417,-6.050478892647782e-07,-1.5556508085068747e-05,-7.292721594114949e-06,-2.22817375900759,-0.2847686761791289
11.600000000000543,5800,1.0,0.75,0.0,0.7510557918427347,0.11263505880555863,-1.9879705566123826e-06,-1.0476151092782033e-06,-5.933108863904303e-06,-2.6951292777809934,-0.2884325734912834
11.600000000000543,5800,1.0,0.8749999999999996,0.0,1.0764638829620914,0.1280830133276757,-1.6644090869637541e-06,3.6590158821559297e-06,-2.5943306759575465e-06,-2.1235402493001354,-0.2865834941435875
11.600000000000543,5800,1.0,1.0,0.0,1.227355849184807,0.14118897497601385,-9.448537910358177e-07,1.0465882837388317e-06,-6.91081936105311e-07,-0.9068304282232619,-0.27536254494281365
11.600000000000543,5800,1.0,1.125,0.0,1.2653659256997019,0.13217545372813128,-7.306234459374332e-07,6.431023217221172e-08,-2.429976614884788e-07,-0.26752521651842964,-0.2576776839231991
11.600000000000543,5800,1.0,1.25,0.0,1.262713583228088,0.12013416725730229,-5.861864373903751e-07,2.5738030763047194e-08,-2.448544568356103e-08,-0.06527578308662373,-0.23818396552250193
11.600000000000543,5800,1.0,1.375,0.0,1.250636771296295,0.10692137877417308,-4.966739088193205e-07,2.25371649596637e-08,3.5029371731180755e-08,-0.018719280204518553,-0.22190653125477602
11.600000000000543,5800,1.0,1.5,0.0,1.238548805907883,0.09371458125982705,-4.5806187297431296e-07,4.675432640467554e-08,1.4372913385178545e-07,0.04635148594939723,-0.20347928000359494
11.600000000000543,5800,1.0,1.625,0.0,1.2257446378036834,0.08805394037002154,-2.804037080825822e-07,-1.0429694885233759e-07,5.851379734957452e-08,-0.014499188880893132,-0.19071152506247632
11.600000000000543,5800,1.0,1.75,0.0,1.2121144653782558,0.0811224339741405,-2.749139601530721e-07,-1.1388792481787692e-08,-2.7797096742998423e-08,-0.008253741419197023,-0.17400730680301907
11.600000000000543,5800,1.0,1.875,0.0,1.1987160271863941,0.07631358703184588,-2.582195051619645e-07,7.74762671538211e-08,-7.24115882124238e-08,-0.0006542767770892854,-0.16185729645024
11.600000000000543,5800,1.0,2.0,0.0,1.1919760059636977,0.06348534476490102,-1.7055290109981578e-07,5.1904755298779337e-08,-8.965176578852566e-08,-0.006338509203286167,-0.1526058964960912
11.600000000000543,5800,1.0,2.125,0.0,1.1785775628742265,0.05867649175476696,-1.8370122942332287e-07,8.042930353495991e-08,1.3158395478560401e-08,0.001260966950574956,-0.14045586930958853
11.600000000000543,5800,1.0,2.25,0.0,1.165179116240781,0.05386767497521028,-1.1234781204035981e-07,1.1953070362610453e-09,-2.827934084969044e-08,0.008860424572892654,-0.12830586228756713
11.600000000000543,5800,1.0,2.375,0.0,1.1558366294737137,0.0520793296955696,-1.2836720081894675e-07,2.8957967007422626e-08,7.545826756549861e-09,0.007306154879320149,-0.12000049547737857
11.600000000000543,5800,1.0,2.5,0.0,1.1509153647380108,0.045732530173637986,-9.616328031826707e-08,1.0721355999229474e-07,-7.348804998152118e-08,0.007947755915307504,-0.11470440913673682
11.600000000000543,5800,1.0,2.625,0.0,1.1415728851159863,0.04394415705316921,-3.002210251617071e-08,-6.598717004981435e-08,-1.1308506667196153e-08,0.006393494662038329,-0.10639904147457824
11.600000000000543,5800,1.0,2.75,0.0,1.132230399466455,0.04215581068076908,-4.252050304596335e-08,1.4928451556568324e-08,-1.1726071075847611e-08,0.0048392228999145,-0.09809367713395488
11.600000000000543,5800,1.0,2.875,0.0,1.125700730611666,0.03988767816787858,-6.500585459751304e-08,-2.2000102473717332e-08,6.721602554960947e-09,0.004447259523474826,-0.09205210123065682
11.600000000000543,5800,1.0,3.0,0.0,1.1212486205911953,0.03419222262400737,2.6389589561783384e-08,-2.7974799808778897e-10,2.8282799362455524e-08,0.004075963767526153,-0.08779147581918145
11.80000000000061,5900,1.0,-3.0,0.0,1.1140748717856572,-0.04401898341313017,2.6327690913931894e-07,-1.1021443142553528e-07,1.8563103971316188e-09,-0.0018863773534278701,-0.0824774881620991
11.80000000000061,5900,1.0,-2.875,0.0,1.1178904704059054,-0.04929003653067026,2.1647528722282622e-07,-2.5404676990996947e-08,7.751026162950925e-08,-0.003014658927135194,-0.08669032717496133
11.80000000000061,5900,1.0,-2.75,0.0,1.1230541834080692,-0.05198608979068716,1.6301235565394482e-07,-6.696017776749308e-09,2.2773532634937256e-08,-0.0026786885498876136,-0.09199207336684001
11.80000000000061,5900,1.0,-2.625,0.0,1.1289981368943898,-0.05441491466619543,1.457899797159833e-07,-1.9769435479969224e-08,6.681391507479661e-08,-0.0028275072283067927,-0.09893899907428948
11.80000000000061,5900,1.0,-2.5,0.0,1.1354450538700003,-0.05926709209554258,2.3408440239066387e-07,1.193672407102344e-07,1.1521992175927167e-07,-0.00541689263407925,-0.10452214804902085
11.80000000000061,5900,1.0,-2.375,0.0,1.1413890922877172,-0.06169588321604926,1.319575291940158e-07,-2.714156670784386e-08,5.928923834612943e-08,-0.0055657693953885,-0.11146906609207761
11.80000000000061,5900,1.0,-2.25,0.0,1.1473331021060311,-0.06412461177389185,1.661534026824335e-07,-1.596840662652606e-08,2.6033384195683105e-08,-0.005714556558386635,-0.11841602905916983
11.80000000000061,5900,1.0,-2.125,0.0,1.1561493868125812,-0.07063567787806974,1.8493211662968445e-07,-7.436826956108851e-08,1.3097136705266547e-08,-0.0002664328142461445,-0.1284518770908522
11.80000000000061,5900,1.0,-2.0,0.0,1.1649656179045238,-0.07714681775943148,1.0056205169618302e-07,-6.627669110360531e-08,1.7620626460667513e-08,0.005181741885215944,-0.1384876786001348
11.80000000000061,5900,1.0,-1.875,0.0,1.1732798550001033,-0.08131907698737496,-1.2338515717018422e-08,-2.5663015284598284e-08,4.578796611533434e-08,0.003156891460090204,-0.14849327300256476
11.80000000000061,5900,1.0,-1.75,0.0,1.1815940849751467,-0.08549121373596875,7.174492492532961e-09,-3.39465900195484e-08,1.0852850238034856e-07,0.0011320290636866934,-0.15849891770988103
11.80000000000061,5900,1.0,-1.625,0.0,1.1946136177784092,-0.08295360442398839,-4.1342909550207017e-07,-3.2320492594787736e-07,5.656880286309662e-08,0.017515028603627317,-0.17040723784898004
11.80000000000061,5900,1.0,-1.5,0.0,1.2008139780680083,-0.08907004459941079,2.7366411458144987e-07,1.7450586677346327e-07,3.8001811229093646e-07,-0.05099536411251812,-0.18350574208532675
11.80000000000061,5900,1.0,-1.375,0.0,1.209324749073916,-0.09407926577610791,-3.095081002490206e-07,-7.928569215554671e-09,2.8769145138540223e-08,0.010815599388429598,-0.19997322851655042
11.80000000000061,5900,1.0,-1.2500000000000002,0.0,1.220532552663007,-0.09914485588000499,-6.970255782312163e-07,-2.2390834829931827e-08,-1.8458577904034384e-07,0.04559870333407249,-0.21766463048021004
11.80000000000061,5900,1.0,-1.125,0.0,1.2207003172167452,-0.10032379277368195,-7.074874025636314e-07,-8.266345268572576e-08,-3.5403325333885336e-07,0.21189424828941655,-0.23482473536132936
11.80000000000061,5900,1.0,-1.0,0.0,1.1916651362804385,-0.09666920588506889,-1.5666724230725062e-06,-3.4778615251228277e-06,-2.307835146406766e-06,0.7623204910716972,-0.25422146219897546
11.80000000000061,5900,1.0,-0.875,0.0,1.0603357502437134,-0.07610224159215559,-2.7212421125505547e-06,-1.294102804085602e-05,-6.040991605464262e-06,1.8397942571581416,-0.27298426728338443
11.80000000000061,5900,1.0,-0.75,0.0,0.7619420592352166,-0.038716873520406744,-3.644075684462817e-06,-1.6301699558303374e-05,-9.900203295246868e-06,2.7857627186422054,-0.2866201982961252
11.80000000000061,5900,1.0,-0.625,0.0,0.39820225856613994,-0.01110249995055868,-9.1344439251811e-06,-1.4501901163275643e-05,-1.908630788005895e-05,2.6913270120399635,-0.29275730699980496
11.80000000000061,5900,1.0,-0.5,0.0,0.12529215340805328,-0.004404598204865599,-8.599478912878027e-06,-4.522672939501632e-06,-2.393356233620929e-05,1.908347966063841,-0.29586510509376374
11.80000000000061,5900,1.0,-0.375,0.0,-0.04198681035743945,-0.00026439484286723525,-8.759940430205064e-06,1.3664337495510134e-05,-3.4549280118742686e-05,1.2228826121241887,-0.2953021445393119
11.80000000000061,5900,1.0,-0.25,0.0,-0.14434455495060194,0.019581576678818373,-4.902663371773262e-06,1.7028123292159838e-05,-4.1007909297840497e-05,0.7599583009753749,-0.2911805579869189
11.80000000000061,5900,1.0,-0.125,0.0,-0.191931777403403,0.058136421680958957,1.709878443519858e-07,6.3151580206946685e-06,-2.8703880411158548e-05,0.3616708598020452,-0.2864105039443322
11.80000000000061,5900,1.0,0.0,0.0,-0.19262992273769985,0.10277838416354365,-6.144535191960815e-07,4.270526762026193e-06,-2.1242387480954106e-05,0.027832952049922352,-0.2833241391413738
11.80000000000061,5900,1.0,0.12499999999999956,0.0,-0.1560629648686358,0.14433087863883004,4.573550039308657e-07,2.246974630357873e-06,-1.389552929542122e-05,-0.3298481628725537,-0.2817119860509676
11.80000000000061,5900,1.0,0.25,0.0,-0.08721257253381681,0.17106547245001347,1.7461411293345741e-06,-3.3119743947680393e-07,7.760841049338945e-07,-0.6295423188328142,-0.2804185697876639
11.80000000000061,5900,1.0,0.375,0.0,0.03206890334896342,0.17055503036121714,1.6139535895671197e-06,-1.0443490301985008e-05,-1.4429907335490888e-06,-0.9159422762123084,-0.2800986390091113
11.80000000000061,5900,1.0,0.49999999999999956,0.0,0.17963020361668428,0.1438817880970586,1.456710591314405e-06,-1.6118680598417682e-05,-3.7918992127338212e-06,-1.214990200657922,-0.278357312389948
11.80000000000061,5900,1.0,0.625,0.0,0.3967914162149132,0.11694527566083286,-4.930392359744082e-07,-1.5182679019318242e-05,-7.165185074076155e-06,-2.1875070949535034,-0.2742536620803024
11.80000000000061,5900,1.0,0.75,0.0,0.7368684767094427,0.11399821147591643,-1.93641448681353e-06,-1.2010629412384147e-06,-6.017986036408582e-06,-2.685907794104504,-0.27809753802406223
11.80000000000061,5900,1.0,0.8749999999999996,0.0,1.065390324677407,0.13147928930860908,-1.6237316863619755e-06,3.5006424183126626e-06,-2.6568645183167397e-06,-2.1451436465590783,-0.2776575182392992
11.80000000000061,5900,1.0,1.0,0.0,1.2205402276440538,0.14608412493337386,-9.175706818335001e-07,1.0472853643577094e-06,-6.712929665184775e-07,-0.9250577926360108,-0.2679530675238523
11.80000000000061,5900,1.0,1.125,0.0,1.261249452615541,0.13757433537226166,-7.070515771233779e-07,8.151937787011472e-08,-2.074636640563858e-07,-0.2736457797866175,-0.2517665489839797
11.80000000000061,5900,1.0,1.25,0.0,1.2606262315345633,0.125252987324459,-5.636011956770281e-07,3.185114707057686e-08,-6.269984153844236e-09,-0.06656407091062463,-0.2335922607077509
11.80000000000061,5900,1.0,1.375,0.0,1.2494999970239216,0.11166666585088673,-4.853756454844144e-07,2.7588223895028303e-08,2.4488394823525725e-08,-0.019222755774234632,-0.21836623503179967
11.80000000000061,5900,1.0,1.5,0.0,1.2390965282797817,0.09804971327425961,-4.4965332246474584e-07,8.077691291311074e-08,1.338146538288749e-07,0.04957892786926686,-0.20103001691625796
11.80000000000061,5900,1.0,1.625,0.0,1.2252935011545747,0.09233788338544882,-2.947707332986173e-07,-8.769012931931713e-08,7.150745966739378e-08,-0.014659727094392996,-0.18814342847480342
11.80000000000061,5900,1.0,1.75,0.0,1.2119237205223485,0.08498061522701615,-2.813911675041365e-07,-2.5227471025188377e-08,-3.8264695611821894e-08,-0.007936368329854632,-0.17197185247494598
11.80000000000061,5900,1.0,1.875,0.0,1.1985825997230726,0.07959155068416496,-2.5537068227067576e-07,6.999637692985054e-08,-7.622651623712224e-08,7.465748506309136e-05,-0.15995493016677878
11.80000000000061,5900,1.0,2.0,0.0,1.192325034841231,0.06699700553556107,-1.8720142254372538e-07,3.988287658953905e-08,-1.1254373026473913e-07,-0.0073828246882018545,-0.15108583741041448
11.80000000000061,5900,1.0,2.125,0.0,1.1789839074376491,0.06160793916309988,-1.7932899057993084e-07,6.814890546211036e-08,-1.1977070089249567e-08,0.0006282116992609513,-0.13906888861378947
11.80000000000061,5900,1.0,2.25,0.0,1.1656427789491592,0.056218898977078616,-1.1734218913134486e-07,5.812403810004647e-09,-2.4682844092339843e-08,0.008639232226421436,-0.12705196680228295
11.80000000000061,5900,1.0,2.375,0.0,1.1562462857428673,0.0542650202103934,-1.3132462072211697e-07,2.653959393806653e-08,1.5428966102600756e-09,0.0070383633025809245,-0.11886634652694929
11.80000000000061,5900,1.0,2.5,0.0,1.151720069519084,0.047745657036466514,-9.744221086201394e-08,1.0570598452221866e-07,-7.089084444328205e-08,0.007981703674809444,-0.11369137213292152
11.80000000000061,5900,1.0,2.625,0.0,1.1423235793261874,0.04579175092904158,-3.896541997144421e-08,-6.127691182259623e-08,-1.526531591679811e-09,0.006380842963247977,-0.10550573583523286
11.80000000000061,5900,1.0,2.75,0.0,1.1329270877284052,0.043837871417918624,-4.862220032494578e-08,1.1133958610519217e-08,-1.3343399957504264e-08,0.004779970776990872,-0.09732012031572207
11.80000000000061,5900,1.0,2.875,0.0,1.1263423190987023,0.04140330075206209,-6.770550344187878e-08,-1.717753053716441e-08,7.776851051765412e-09,0.004317820863249447,-0.09134275708346141
11.80000000000061,5900,1.0,3.0,0.0,1.1220537315764794,0.03569789314180502,1.5780296367587406e-08,-7.866172001018297e-09,1.4906960287280074e-08,0.00408598478712132,-0.08719228144436253
12.000000000000677,6000,1.0,-3.0,0.0,1.1134621396742557,-0.04418506804663265,2.7825093286173197e-07,-1.0553698125991183e-07,1.1004548829347356e-08,-0.001991878465766449,-0.0831964311629727
12.000000000000677,6000,1.0,-2.875,0.0,1.1173968396540925,-0.04946636206350991,2.2956602131062964e-07,-3.205216925217091e-08,7.273602265310568e-08,-0.0033509094110158733,-0.0875068308531613
12.000000000000677,6000,1.0,-2.75,0.0,1.122445101822913,-0.05209402798341019,1.760312121049088e-07,-2.443516322698736e-09,2.417857295921951e-08,-0.0029480357231352118,-0.09282567847277877
12.000000000000677,6000,1.0,-2.625,0.0,1.1283715673090287,-0.05434445627725666,1.5600354066539838e-07,-2.7856201382889196e-08,6.69927164613443e-08,-0.003548250427119004,-0.09982559860432319
12.000000000000677,6000,1.0,-2.5,0.0,1.1350202563901157,-0.05901846673630928,2.429761659645413e-07,1.1403507400190604e-07,1.2825408942577563e-07,-0.005313107025642881,-0.1055743077685086
12.000000000000677,6000,1.0,-2.375,0.0,1.1409467937294375,-0.06126885726909817,1.4319260763769686e-07,-2.5513788183141008e-08,6.05557569770751e-08,-0.005913314512648757,-0.11257423229783944
12.000000000000677,6000,1.0,-2.25,0.0,1.1468733038840768,-0.06351919459008877,1.83405105054397e-07,-9.53997981775152e-09,3.7183875850364295e-08,-0.006513497296965839,-0.11957418895405902
12.000000000000677,6000,1.0,-2.125,0.0,1.1556132839459479,-0.06999503077773823,2.0021396409007343e-07,-7.237305468149165e-08,4.639171086027607e-09,-0.0006890679488576771,-0.12979209496597027
12.000000000000677,6000,1.0,-2.0,0.0,1.1643531803346439,-0.07647093746541586,1.189928875345007e-07,-5.884501926448808e-08,-3.3757883640559214e-09,0.005135384629344506,-0.14000995823435064
12.000000000000677,6000,1.0,-1.875,0.0,1.1727333809835263,-0.07996973943712442,2.0835986279638734e-08,-5.4005342707206405e-09,1.948276845309662e-08,0.00401722952853954,-0.15005622133843155
12.000000000000677,6000,1.0,-1.75,0.0,1.1811135932403358,-0.08346843319771537,3.938710397392718e-08,-3.994471227201448e-08,7.855979930234741e-08,0.0028990349875249954,-0.16010252978118972
12.000000000000677,6000,1.0,-1.625,0.0,1.1937938684598866,-0.08045435665778786,-3.70230696319302e-07,-3.090791465028644e-07,6.35315776887488e-08,0.020512037659127968,-0.1723137307043469
12.000000000000677,6000,1.0,-1.5,0.0,1.1995146875704819,-0.08639241258417132,2.9994721369774353e-07,2.5426861032088244e-07,3.9179086826006475e-07,-0.04812893629087478,-0.18503198580835925
12.000000000000677,6000,1.0,-1.375,0.0,1.2089884977061927,-0.09079837232394329,-2.645744594333082e-07,1.6958049122123183e-08,5.768655026253498e-08,0.011305983298689348,-0.2024244081915142
12.000000000000677,6000,1.0,-1.2500000000000002,0.0,1.2211804183466197,-0.09551811439212193,-6.364181656417224e-07,-2.1940556965991884e-08,-1.7274327764079276e-07,0.045318063228489504,-0.22096969965598168
12.000000000000677,6000,1.0,-1.125,0.0,1.2226925318214314,-0.0960885933695518,-6.45294695952822e-07,-3.4422727803925084e-08,-3.331210506272218e-07,0.20657532874044618,-0.23927855582962448
12.000000000000677,6000,1.0,-1.0,0.0,1.1958164769911004,-0.09237581730278778,-1.475635852768579e-06,-3.0757842233670447e-06,-2.328329320494879e-06,0.7489665943263597,-0.2599619577540384
12.000000000000677,6000,1.0,-0.875,0.0,1.0682573748455693,-0.072587614976719,-2.539741235763583e-06,-1.1994096565332527e-05,-6.045125041186405e-06,1.8232409176172242,-0.2802008120533843
12.000000000000677,6000,1.0,-0.75,0.0,0.7732349413776372,-0.0372055201918219,-3.4201730568539786e-06,-1.554607176197212e-05,-9.985008420286153e-06,2.787708250711816,-0.2951476269823889
12.000000000000677,6000,1.0,-0.625,0.0,0.4091182172684722,-0.011421563388876042,-8.741221268747875e-06,-1.562901324438548e-05,-1.7791550728426357e-05,2.724714280569323,-0.30156513172754745
12.000000000000677,6000,1.0,-0.5,0.0,0.1330755301907246,-0.005911674660834522,-8.369085128218938e-06,-5.817982256751333e-06,-2.4599071070814557e-05,1.9491609106604748,-0.30378659379355877
12.000000000000677,6000,1.0,-0.375,0.0,-0.03570433033806446,-0.0024857984569511974,-8.792966593681844e-06,1.1092740404943483e-05,-3.39079387610777e-05,1.2580147656226432,-0.30171191478619774
12.000000000000677,6000,1.0,-0.25,0.0,-0.13859318173960267,0.01597286487513074,-5.185550037794737e-06,1.5971527770829687e-05,-4.1011121063110374e-05,0.7917420530543937,-0.29537100757365614
12.000000000000677,6000,1.0,-0.125,0.0,-0.1872505419000597,0.053144576902081755,-8.451891954508361e-08,6.564408128284416e-06,-3.085191441779259e-05,0.3953099622969908,-0.28768322047428935
12.000000000000677,6000,1.0,0.0,0.0,-0.18950608177934478,0.09645154661051736,-9.078516228788317e-07,4.159771931756314e-06,-2.3123073608621946e-05,0.07092766467285853,-0.2815626840786292
12.000000000000677,6000,1.0,0.12499999999999956,0.0,-0.1560264737362983,0.13730981583563168,1.888583207437862e-07,1.8888114144494337e-06,-1.596413525922157e-05,-0.27389438941082755,-0.277013181182292
12.000000000000677,6000,1.0,0.25,0.0,-0.09109531886259284,0.16439954583755512,1.5615048923658765e-06,-6.730615949341561e-07,-1.4929792063213856e-06,-0.5678880249996043,-0.273253874748595
12.000000000000677,6000,1.0,0.375,0.0,0.023928343337079355,0.1650660616056665,1.4632382948507237e-06,-1.0139346215728521e-05,-1.8378162866062926e-06,-0.8656778187268473,-0.2710051962700186
12.000000000000677,6000,1.0,0.49999999999999956,0.0,0.16896383794123732,0.1395057414546121,1.3533089023012576e-06,-1.5609934187447938e-05,-4.0963763402252655e-06,-1.1718537697573026,-0.2681911462311753
12.000000000000677,6000,1.0,0.625,0.0,0.383536236739936,0.11480158873318497,-3.981645041837721e-07,-1.4873926035463361e-05,-7.178574368847645e-06,-2.153986695961633,-0.2633583989035856
12.000000000000677,6000,1.0,0.75,0.0,0.7225782885514538,0.1139585483437847,-1.903638891914761e-06,-1.3437614890005486e-06,-6.217154408572311e-06,-2.677860283478604,-0.26724591833840816
12.000000000000677,6000,1.0,0.8749999999999996,0.0,1.0540112769646193,0.1340835786974252,-1.5941446235001438e-06,3.3419259135597884e-06,-2.8039123400084447e-06,-2.165777015823807,-0.2680417381000788
12.000000000000677,6000,1.0,1.0,0.0,1.213081906117782,0.15043582805757427,-8.952746011055347e-07,1.0418891980862698e-06,-6.749750720030983e-07,-0.9427842469373371,-0.25972709433851116
12.000000000000677,6000,1.0,1.125,0.0,1.2565380114654678,0.14250303131607917,-6.86785890529756e-07,1.0412800685427387e-07,-2.0708261216789847e-07,-0.2795043445604713,-0.24504558217549938
12.000000000000677,6000,1.0,1.25,0.0,1.2579636541173052,0.13006935675358697,-5.457517804731436e-07,2.1523517378844376e-08,-5.4764394560934394e-08,-0.06752890486115265,-0.22834126287230005
12.000000000000677,6000,1.0,1.375,0.0,1.2476943053737113,0.11628253606330642,-4.784180981567046e-07,1.1327902028834961e-08,1.2688572323368476e-09,-0.01957145993140136,-0.214137202180659
12.000000000000677,6000,1.0,1.5,0.0,1.2389382624908842,0.10221530999658451,-4.5230898876841467e-07,7.488936837712062e-08,6.960622553225186e-08,0.05304683932380692,-0.19801708064595272
12.000000000000677,6000,1.0,1.625,0.0,1.2242703154645562,0.09663044657632555,-3.019118324826298e-07,-8.37164794684032e-08,8.315600229699036e-08,-0.01436024046772942,-0.1851805701008274
12.000000000000677,6000,1.0,1.75,0.0,1.2111231325676166,0.08899975613406395,-2.829987550252035e-07,-3.297565374598578e-08,-4.543475550109747e-08,-0.007069354166382042,-0.16972922536455332
12.000000000000677,6000,1.0,1.875,0.0,1.198038227059747,0.08295396670574176,-2.454103231313696e-07,5.734798574023771e-08,-7.59087368599077e-08,0.0009682811087887715,-0.15786416139382242
12.000000000000677,6000,1.0,2.0,0.0,1.192040722188478,0.07080913324422858,-1.9809917866871818e-07,2.4770080417467542e-08,-1.2665321897908955e-07,-0.007793560901609877,-0.14944327238961896
12.000000000000677,6000,1.0,2.125,0.0,1.1789558040038874,0.06476334569987796,-1.7055513028615322e-07,4.661270211635608e-08,-4.178151295617687e-08,0.00024408856591063254,-0.13757817363865965
12.000000000000677,6000,1.0,2.25,0.0,1.165870895519113,0.058717577424131515,-1.2028739557104526e-07,8.505303314612665e-09,-2.721838620787837e-08,0.008281712672826505,-0.12571311906288574
12.000000000000677,6000,1.0,2.375,0.0,1.1564483496623403,0.05660383005574087,-1.277611200008654e-07,1.8802051248935163e-08,-1.7457035813462113e-08,0.006766236339617902,-0.11765071226562833
12.000000000000677,6000,1.0,2.5,0.0,1.1523235223820216,0.04987100454569064,-9.780050392803287e-08,9.756489082779486e-08,-5.189347646493766e-08,0.007825075058972114,-0.11260910669818479
12.000000000000677,6000,1.0,2.625,0.0,1.1429009749964174,0.047757230508013115,-5.06179601387616e-08,-4.9209110653526116e-08,3.770376578514593e-09,0.006309604665092488,-0.1045466770839964
12.000000000000677,6000,1.0,2.75,0.0,1.1334784314523985,0.04564348255917929,-5.3605063041976286e-08,6.770112734028156e-09,-1.720890239259461e-08,0.004794124904738154,-0.09648427612361585
12.000000000000677,6000,1.0,2.875,0.0,1.1268634707552496,0.043038645102969925,-7.172426179098534e-08,-8.710690410696861e-09,8.262268842407874e-09,0.0042580802983762005,-0.09054420101102868
12.000000000000677,6000,1.0,3.0,0.0,1.1227408287749754,0.0373273105759294,1.3972709262853083e-08,-1.866860231892444e-08,-2.0654495599980406e-08,0.004172864326692317,-0.0865503289076773
