time,step,surface,wing_uid,segment_uid,station_id,half,span_index,span_coordinate,span_coordinate_absolute,min_span_edge,max_span_edge,local_chord,spanwise_station_width,circulation,circulation_magnitude,relative_speed,section_lift_coefficient_from_circulation,lift_per_span,drag_per_span,section_lift_coefficient,section_force_x,section_force_y,section_force_z,span_coordinate_normalized
0.0375,6,rotor_0_blade_1,rotor_0_blade_1_blade_0,blade_segment,rotor_0_blade_1_blade_0:blade_segment:orig:0,orig,0,0.04040319472551346,0.04040319472551346,0.03511436656117439,0.045761335641145706,0.024579986929893494,0.010003522969782352,0.04280899465084076,0.04280899465084076,0.6222125291824341,5.598151208411938,0.02639963457065928,-0.02639963457065928,2.739871536542598,-0.00016823195619508624,-0.00019408158550504595,0.00026408935082145035,-0.912252199560485
0.0375,6,rotor_0_blade_1,rotor_0_blade_1_blade_0,blade_segment,rotor_0_blade_1_blade_0:blade_segment:orig:1,orig,1,0.05040673911571503,0.05040673911571503,0.045127782970666885,0.055752161890268326,0.023740535601973534,0.01000353042036295,0.06077241152524948,0.06077241152524948,0.7515876293182373,6.811869664276214,0.046383340669565225,-0.046383340669565225,4.9840850531196,-0.0003271366294939071,-0.0003754680510610342,0.0004639971593860537,-0.7462817823784905
0.0375,6,rotor_0_blade_1,rotor_0_blade_1_blade_0,blade_segment,rotor_0_blade_1_blade_0:blade_segment:orig:2,orig,2,0.0604102686047554,0.0604102686047554,0.05514119192957878,0.06574297696352005,0.022901860997080803,0.010003529489040375,0.07062910497188568,0.07062910497188568,0.9607970714569092,6.41964855873569,0.07200806115103627,-0.07200806115103627,8.020921687192866,-0.0004491206200327724,-0.0005174961406737566,0.0007203347631730139,-0.5803116124240629
0.0375,6,rotor_0_blade_1,rotor_0_blade_1_blade_0,blade_segment,rotor_0_blade_1_blade_0:blade_segment:orig:3,orig,3,0.07041379809379578,0.07041379809379578,0.06515459716320038,0.07573384046554565,0.022064104676246643,0.010003533214330673,0.07619909197092056,0.07619909197092056,1.1919118165969849,5.794945516863029,0.09940848621179807,-0.09940848621179807,11.493467819880397,-0.0005371449515223503,-0.0006223806994967163,0.0009944360936060548,-0.4143414424696353
0.0375,6,rotor_0_blade_1,rotor_0_blade_1_blade_0,blade_segment,rotor_0_blade_1_blade_0:blade_segment:orig:4,orig,4,0.08041733503341675,0.08041733503341675,0.07516801357269287,0.08572465181350708,0.02122732438147068,0.010003533214330673,0.07893293350934982,0.07893293350934982,1.4287059307098389,5.205352384102162,0.1260879591614056,-0.1260879591614056,15.15277909095188,-0.0005934496293775737,-0.0006918553845025599,0.0012613250873982906,-0.24837114890142423
0.0375,6,rotor_0_blade_1,rotor_0_blade_1_blade_0,blade_segment,rotor_0_blade_1_blade_0:blade_segment:orig:5,orig,5,0.09042087197303772,0.09042087197303772,0.08518141508102417,0.0957154855132103,0.020391665399074554,0.010003532283008099,0.07960712909698486,0.07960712909698486,1.6641356945037842,4.691811176034239,0.15048007622231796,-0.15048007622231796,18.82522775616544,-0.0006210872670635581,-0.0007288186461664736,0.001505332300439477,-0.08240085533321316
0.0375,6,rotor_0_blade_1,rotor_0_blade_1_blade_0,blade_segment,rotor_0_blade_1_blade_0:blade_segment:orig:6,orig,6,0.1004243940114975,0.1004243940114975,0.09519484639167786,0.10570631176233292,0.01955726183950901,0.010003523901104927,0.07867652922868729,0.07867652922868729,1.8945975303649902,4.246686206203162,0.17144019356492876,-0.17144019356492876,22.36240615647315,-0.0006237871129997075,-0.0007370867533609271,0.00171500607393682,0.08356919100743102
0.0375,6,rotor_0_blade_1,rotor_0_blade_1_blade_0,blade_segment,rotor_0_blade_1_blade_0:blade_segment:orig:7,orig,7,0.11042790114879608,0.11042790114879608,0.10520824790000916,0.11569713801145554,0.018724296241998672,0.010003535076975822,0.0763464868068695,0.0763464868068695,2.1190133094787598,3.848396976056507,0.1879611326987806,-0.1879611326987806,25.608048455277522,-0.0006041254382580519,-0.0007192461052909493,0.001880275784060359,0.24953899012050829
0.0375,6,rotor_0_blade_1,rotor_0_blade_1_blade_0,blade_segment,rotor_0_blade_1_blade_0:blade_segment:orig:8,orig,8,0.12043144553899765,0.12043144553899765,0.11522166430950165,0.12568795680999756,0.017892958596348763,0.010003509931266308,0.07254421710968018,0.07254421710968018,2.3376877307891846,3.4686792265185455,0.1987589919065742,-0.1987589919065742,28.337306093308356,-0.0005605518235825002,-0.0006732650217600167,0.0019882875494658947,0.4155094073025028
0.0375,6,rotor_0_blade_1,rotor_0_blade_1_blade_0,blade_segment,rotor_0_blade_1_blade_0:blade_segment:orig:9,orig,9,0.13043497502803802,0.13043497502803802,0.12523508071899414,0.13567878305912018,0.01706349104642868,0.010003544390201569,0.06679556518793106,0.06679556518793106,2.5528175830841064,3.066831767630776,0.20161557006910943,-0.20161557006910943,30.141864431511806,-0.00048489769687876105,-0.0005895087379030883,0.002016870304942131,0.5814795772569304
0.0375,6,rotor_0_blade_1,rotor_0_blade_1_blade_0,blade_segment,rotor_0_blade_1_blade_0:blade_segment:orig:10,orig,10,0.1404385268688202,0.1404385268688202,0.13524848222732544,0.145669624209404,0.016236156225204468,0.010003535076975822,0.057894762605428696,0.057894762605428696,2.7702889442443848,2.5743108245527218,0.19170619354572024,-0.19170619354572024,30.12082449337668,-0.00036301318323239684,-0.00045103870797902346,0.0019177396316081285,0.7474501180527083
0.0375,6,rotor_0_blade_1,rotor_0_blade_1_blade_0,blade_segment,rotor_0_blade_1_blade_0:blade_segment:orig:11,orig,11,0.15044204890727997,0.15044204890727997,0.14526189863681793,0.155660480260849,0.015411349013447762,0.010003534145653248,0.04242115095257759,0.04242115095257759,2.9957497119903564,1.8376646495095148,0.15403588496010645,-0.15403588496010645,25.497358198807774,-0.00018384397844783962,-0.0002420789678581059,0.0015409032348543406,0.9134201643933525
0.075,12,rotor_0_blade_1,rotor_0_blade_1_blade_0,blade_segment,rotor_0_blade_1_blade_0:blade_segment:orig:0,orig,0,0.19870153069496155,0.19870153069496155,0.1934126913547516,0.2040596902370453,0.024579979479312897,0.010003527626395226,0.042470019310712814,0.042470019310712814,0.6764733791351318,5.108345083302769,0.03139945074603354,-0.03139945074603354,3.258775692862699,2.0075860447832383e-05,-0.0002681064361240715,0.00031410527299158275,-0.9122520276983834
0.075,12,rotor_0_blade_1,rotor_0_blade_1_blade_0,blade_segment,rotor_0_blade_1_blade_0:blade_segment:orig:1,orig,1,0.2087050974369049,0.2087050974369049,0.20342610776424408,0.21405048668384552,0.023740526288747787,0.010003535076975822,0.059885960072278976,0.059885960072278976,0.814816951751709,6.191624557758634,0.0535568768111314,-0.0535568768111314,5.754913942553903,3.592361827031709e-05,-0.0004992578760720789,0.000535758095793426,-0.746281265320381
0.075,12,rotor_0_blade_1,rotor_0_blade_1_blade_0,blade_segment,rotor_0_blade_1_blade_0:blade_segment:orig:2,orig,2,0.21870863437652588,0.21870863437652588,0.21343953907489777,0.22404132783412933,0.0229018721729517,0.010003512725234032,0.06893190741539001,0.06893190741539001,1.0275931358337402,5.858117937487947,0.07892711957427435,-0.07892711957427435,8.791625910361805,4.874127989751287e-05,-0.0006612140568904579,0.0007895484450273216,-0.5803109973974359
0.075,12,rotor_0_blade_1,rotor_0_blade_1_blade_0,blade_segment,rotor_0_blade_1_blade_0:blade_segment:orig:3,orig,3,0.22871214151382446,0.22871214151382446,0.22345294058322906,0.23403216898441315,0.022064093500375748,0.010003549978137016,0.07375665754079819,0.07375665754079819,1.2519975900650024,5.34000472021013,0.10429807619797733,-0.10429807619797733,12.05880136923261,5.883923950023018e-05,-0.0007708737393841147,0.001043351017870009,-0.4143412239295481
0.075,12,rotor_0_blade_1,rotor_0_blade_1_blade_0,blade_segment,rotor_0_blade_1_blade_0:blade_segment:orig:4,orig,4,0.23871567845344543,0.23871567845344543,0.23346635699272156,0.24402299523353577,0.02122732251882553,0.01000354252755642,0.07599756121635437,0.07599756121635437,1.476975440979004,4.84798379114748,0.12815840460238137,-0.12815840460238137,15.401598827566522,6.647483678534627e-05,-0.0008386352565139532,0.0012820380507037044,-0.24837095600660294
0.075,12,rotor_0_blade_1,rotor_0_blade_1_blade_0,blade_segment,rotor_0_blade_1_blade_0:blade_segment:orig:5,orig,5,0.2487192153930664,0.2487192153930664,0.24347977340221405,0.2540138065814972,0.02039165422320366,0.010003520175814629,0.07648216187953949,0.07648216187953949,1.699040174484253,4.415033921874999,0.149756852075532,-0.149756852075532,18.734761865089602,7.187988376244903e-05,-0.0008723726496100426,0.001498095691204071,-0.08240068808365784
0.075,12,rotor_0_blade_1,rotor_0_blade_1_blade_0,blade_segment,rotor_0_blade_1_blade_0:blade_segment:orig:6,orig,6,0.258722722530365,0.258722722530365,0.25349318981170654,0.2640046775341034,0.019557248800992966,0.010003520175814629,0.0756310448050499,0.0756310448050499,1.9171321392059326,4.034319478134312,0.16845602324805856,-0.16845602324805856,21.973170027984924,7.527538400609046e-05,-0.0008783310768194497,0.0016851532272994518,0.0835690853842299
0.075,12,rotor_0_blade_1,rotor_0_blade_1_blade_0,blade_segment,rotor_0_blade_1_blade_0:blade_segment:orig:7,orig,7,0.2687262296676636,0.2687262296676636,0.26350656151771545,0.27399545907974243,0.018724270164966583,0.010003557428717613,0.07357849925756454,0.07357849925756454,2.1312344074249268,3.6876084668244205,0.18347314806728982,-0.18347314806728982,24.996634899304873,7.658971298951656e-05,-0.0008578695124015212,0.0018353841733187437,0.24953885885211763
0.075,12,rotor_0_blade_1,rotor_0_blade_1_blade_0,blade_segment,rotor_0_blade_1_blade_0:blade_segment:orig:8,orig,8,0.27872979640960693,0.27872979640960693,0.27352002263069153,0.28398633003234863,0.017892934381961823,0.010003511793911457,0.07017785310745239,0.07017785310745239,2.3421201705932617,3.3491864861860714,0.1935560741925312,-0.1935560741925312,27.595557265715097,7.535870827268809e-05,-0.0008062068955041468,0.0019362404709681869,0.41550962123012014
0.075,12,rotor_0_blade_1,rotor_0_blade_1_blade_0,blade_segment,rotor_0_blade_1_blade_0:blade_segment:orig:9,orig,9,0.2887333333492279,0.2887333333492279,0.2835334241390228,0.29397714138031006,0.017063481733202934,0.010003543458878994,0.0648970678448677,0.0648970678448677,2.5519723892211914,2.9806531928894047,0.19640400818417048,-0.19640400818417048,29.36274325233135,7.04480116837658e-05,-0.0007091237348504364,0.001964736031368375,0.5814798891530653
0.075,12,rotor_0_blade_1,rotor_0_blade_1_blade_0,blade_segment,rotor_0_blade_1_blade_0:blade_segment:orig:10,orig,10,0.2987368702888489,0.2987368702888489,0.2935468256473541,0.30396798253059387,0.01623615063726902,0.010003535076975822,0.05649685114622116,0.05649685114622116,2.766127109527588,2.5159327809769727,0.18709216667687656,-0.18709216667687656,29.39587997567844,5.974986561341211e-05,-0.0005426555871963501,0.0018715830519795418,0.7474501570760104
0.075,12,rotor_0_blade_1,rotor_0_blade_1_blade_0,blade_segment,rotor_0_blade_1_blade_0:blade_segment:orig:11,orig,11,0.30874037742614746,0.30874037742614746,0.3035602569580078,0.3139588236808777,0.015411319211125374,0.010003505274653435,0.04156442731618881,0.04156442731618881,2.9899277687072754,1.8040612741734225,0.15070876277862158,-0.15070876277862158,24.946672265393012,3.9853759517427534e-05,-0.0002862360852304846,0.0015076159033924341,0.9134199305438981
0.1125,18,rotor_0_blade_1,rotor_0_blade_1_blade_0,blade_segment,rotor_0_blade_1_blade_0:blade_segment:orig:0,orig,0,0.2609804570674896,0.2609804570674896,0.25569161772727966,0.26633861660957336,0.024580001831054688,0.01000354066491127,0.04270681366324425,0.04270681366324425,0.6552874445915222,5.302899640365037,0.030827777245042928,-0.030827777245042928,3.1994419459748755,0.00021040729188825935,-0.00018142566841561347,0.00030838692327961326,-0.9122520493920924
0.1125,18,rotor_0_blade_1,rotor_0_blade_1_blade_0,blade_segment,rotor_0_blade_1_blade_0:blade_segment:orig:1,orig,1,0.27098405361175537,0.27098405361175537,0.26570504903793335,0.2763294279575348,0.023740539327263832,0.010003525763750076,0.060072775930166245,0.060072775930166245,0.7973634600639343,6.346887288094993,0.05274793915095552,-0.05274793915095552,5.667987041394234,0.00038400274934247136,-0.0003327955782879144,0.0005276653682813048,-0.7462808335916861
0.1125,18,rotor_0_blade_1,rotor_0_blade_1_blade_0,blade_segment,rotor_0_blade_1_blade_0:blade_segment:orig:2,orig,2,0.28098756074905396,0.28098756074905396,0.27571848034858704,0.2863202393054962,0.022901855409145355,0.010003517381846905,0.06901668012142181,0.06901668012142181,1.0123510360717773,5.95363574792573,0.07782558760919991,-0.07782558760919991,8.668933530559563,0.0005049370811320841,-0.0004359711310826242,0.0007785296184010804,-0.5803111011560851
0.1125,18,rotor_0_blade_1,rotor_0_blade_1_blade_0,blade_segment,rotor_0_blade_1_blade_0:blade_segment:orig:3,orig,3,0.29099106788635254,0.29099106788635254,0.28573188185691833,0.2963111102581024,0.022064082324504852,0.010003558360040188,0.07373179495334625,0.07373179495334625,1.2380297183990479,5.398434833247186,0.10292588220036814,-0.10292588220036814,11.900156197737516,0.0005869866581633687,-0.0005040864925831556,0.0010296250693500042,-0.4143413687204841
0.1125,18,rotor_0_blade_1,rotor_0_blade_1_blade_0,blade_segment,rotor_0_blade_1_blade_0:blade_segment:orig:4,orig,4,0.3009946346282959,0.3009946346282959,0.295745313167572,0.30630192160606384,0.021227335557341576,0.010003522969782352,0.07588383555412292,0.07588383555412292,1.4638581275939941,4.884102799939538,0.12660654753597853,-0.12660654753597853,15.215093090647967,0.0006379932165145874,-0.000544574751984328,0.0012665115064010024,-0.2483706473750129
0.1125,18,rotor_0_blade_1,rotor_0_blade_1_blade_0,blade_segment,rotor_0_blade_1_blade_0:blade_segment:orig:5,orig,5,0.3109981417655945,0.3109981417655945,0.3057587146759033,0.31629276275634766,0.020391663536429405,0.010003529489040375,0.07630811631679535,0.07630811631679535,1.686800241470337,4.436948803278262,0.14812149154918144,-0.14812149154918144,18.530167838170797,0.0006642257212661207,-0.0005633324617519975,0.0014817377086728811,-0.08240091493941197
0.1125,18,rotor_0_blade_1,rotor_0_blade_1_blade_0,blade_segment,rotor_0_blade_1_blade_0:blade_segment:orig:6,orig,6,0.32100167870521545,0.32100167870521545,0.31577208638191223,0.3262835741043091,0.01955724135041237,0.010003512725234032,0.07542362064123154,0.07542362064123154,1.9057596921920776,4.047264984719568,0.1668148384862385,-0.1668148384862385,21.759104453342566,0.0006699358345940709,-0.0005643257754854858,0.0016687343595549464,0.08356931195112412
0.1125,18,rotor_0_blade_1,rotor_0_blade_1_blade_0,blade_segment,rotor_0_blade_1_blade_0:blade_segment:orig:7,orig,7,0.3310052156448364,0.3310052156448364,0.32578548789024353,0.3362744152545929,0.018724258989095688,0.010003556497395039,0.0733586773276329,0.0733586773276329,2.120875835418701,3.6945504770276094,0.18188809398768502,-0.18188809398768502,24.78069973475153,0.0006562085472978652,-0.0005487454473040998,0.001819527824409306,0.2495395388416602
0.1125,18,rotor_0_blade_1,rotor_0_blade_1_blade_0,blade_segment,rotor_0_blade_1_blade_0:blade_segment:orig:8,orig,8,0.341008722782135,0.341008722782135,0.3357989490032196,0.3462652266025543,0.01789291575551033,0.010003510862588882,0.06995958089828491,0.06995958089828491,2.3329246044158936,3.3519333471934405,0.19207377247284005,-0.19207377247284005,27.38425196576618,0.0006191926077008247,-0.00051339395577088,0.001921412069350481,0.41550927127726117
0.1125,18,rotor_0_blade_1,rotor_0_blade_1_blade_0,blade_segment,rotor_0_blade_1_blade_0:blade_segment:orig:9,orig,9,0.35101228952407837,0.35101228952407837,0.3458123505115509,0.35625606775283813,0.01706347055733204,0.010003546252846718,0.06468871980905533,0.06468871980905533,2.543886184692383,2.9805300720603323,0.19506920113216125,-0.19506920113216125,29.163206360644033,0.0005473460769280791,-0.0004484193923417479,0.0019513837760314345,0.5814799926227324
0.1125,18,rotor_0_blade_1,rotor_0_blade_1_blade_0,blade_segment,rotor_0_blade_1_blade_0:blade_segment:orig:10,orig,10,0.36101579666137695,0.36101579666137695,0.3558257520198822,0.36624690890312195,0.01623614691197872,0.010003562085330486,0.05630800127983093,0.05630800127983093,2.7592809200286865,2.5137449853739375,0.18595453757074484,-0.18595453757074484,29.21714264506615,0.00042278433102183044,-0.00033886628807522357,0.0018602077616378665,0.7474497250583333
0.1125,18,rotor_0_blade_1,rotor_0_blade_1_blade_0,blade_segment,rotor_0_blade_1_blade_0:blade_segment:orig:11,orig,11,0.3710193634033203,0.3710193634033203,0.3658392131328583,0.37623777985572815,0.015411321073770523,0.010003500618040562,0.04141918197274208,0.04141918197274208,2.9843571186065674,1.8011125544330706,0.14987582366438984,-0.14987582366438984,24.808793680177033,0.00022867436928208917,-0.00017269358795601875,0.0014992828946560621,0.9134204464038045
0.15,24,rotor_0_blade_1,rotor_0_blade_1_blade_0,blade_segment,rotor_0_blade_1_blade_0:blade_segment:orig:0,orig,0,0.1907578557729721,0.1907578557729721,0.18546900153160095,0.19611603021621704,0.02458002232015133,0.01000354252755642,0.04345427453517914,0.04345427453517914,0.6338486671447754,5.578207241474677,0.029772005340733113,-0.029772005340733113,3.089866731076601,0.0002892861084546894,2.0944922653143294e-05,0.00029782552155666053,-0.9122518238583842
0.15,24,rotor_0_blade_1,rotor_0_blade_1_blade_0,blade_segment,rotor_0_blade_1_blade_0:blade_segment:orig:1,orig,1,0.20076143741607666,0.20076143741607666,0.19548244774341583,0.20610679686069489,0.023740556091070175,0.010003534145653248,0.06103218346834183,0.06103218346834183,0.7732146382331848,6.649637155699781,0.05120308572225502,-0.05120308572225502,5.501982183455987,0.000526362331584096,3.693957478390075e-05,0.0005122118163853884,-0.7462808963180175
0.15,24,rotor_0_blade_1,rotor_0_blade_1_blade_0,blade_segment,rotor_0_blade_1_blade_0:blade_segment:orig:2,orig,2,0.21076494455337524,0.21076494455337524,0.20549587905406952,0.2160976380109787,0.0229018721729517,0.010003511793911457,0.07012379169464111,0.07012379169464111,0.9863736629486084,6.208446351403622,0.07621092390237244,-0.07621092390237244,8.489071143692113,0.0006909437361173332,4.979795994586311e-05,0.0007623768760822713,-0.580311204914683
0.15,24,rotor_0_blade_1,rotor_0_blade_1_blade_0,blade_segment,rotor_0_blade_1_blade_0:blade_segment:orig:3,orig,3,0.22076845169067383,0.22076845169067383,0.21550925076007843,0.2260885238647461,0.022064080461859703,0.010003549046814442,0.07494349777698517,0.07494349777698517,1.2115331888198853,5.607158156369846,0.10152772089674282,-0.10152772089674282,11.738503603157397,0.0008016098872758448,5.991286889184266e-05,0.0010156375356018543,-0.4143415135113486
0.15,24,rotor_0_blade_1,rotor_0_blade_1_blade_0,blade_segment,rotor_0_blade_1_blade_0:blade_segment:orig:4,orig,4,0.2307720184326172,0.2307720184326172,0.2255226969718933,0.23607930541038513,0.021227307617664337,0.010003546252846718,0.07715179771184921,0.07715179771184921,1.4378434419631958,5.055563051543692,0.12558327838926395,-0.12558327838926395,15.092140363032584,0.0008694357238709927,6.757816299796104e-05,0.0012562781339511275,-0.24837083319838837
0.15,24,rotor_0_blade_1,rotor_0_blade_1_blade_0,blade_segment,rotor_0_blade_1_blade_0:blade_segment:orig:5,orig,5,0.24077555537223816,0.24077555537223816,0.2355361133813858,0.24607014656066895,0.02039165422320366,0.010003523901104927,0.07757660001516342,0.07757660001516342,1.6619629859924316,4.5781174669812685,0.14753738687718562,-0.14753738687718562,18.45710410597818,0.0009025227627716959,7.301049481611699e-05,0.0014758937759324908,-0.08240064734024104
0.15,24,rotor_0_blade_1,rotor_0_blade_1_blade_0,blade_segment,rotor_0_blade_1_blade_0:blade_segment:orig:6,orig,6,0.25077909231185913,0.25077909231185913,0.24554947018623352,0.25606098771095276,0.019557233899831772,0.010003511793911457,0.07663875073194504,0.07663875073194504,1.8825700283050537,4.163128752478705,0.16665940102161875,-0.16665940102161875,21.73883768000914,0.0009066899074241519,7.638815441168845e-05,0.0016671792836859822,0.08356953851790631
0.15,24,rotor_0_blade_1,rotor_0_blade_1_blade_0,blade_segment,rotor_0_blade_1_blade_0:blade_segment:orig:7,orig,7,0.2607825994491577,0.2607825994491577,0.2555628716945648,0.2660517990589142,0.018724270164966583,0.010003548115491867,0.07447373867034912,0.07447373867034912,2.0995092391967773,3.7888766198892183,0.18209242462779862,-0.18209242462779862,24.808523232407353,0.0008834484615363181,7.763401663396508e-05,0.0018215703312307596,0.24953922992124075
0.15,24,rotor_0_blade_1,rotor_0_blade_1_blade_0,blade_segment,rotor_0_blade_1_blade_0:blade_segment:orig:8,orig,8,0.2707861065864563,0.2707861065864563,0.2655763328075409,0.2760426104068756,0.017892934381961823,0.010003526695072651,0.07093597203493118,0.07093597203493118,2.313450336456299,3.4273209041166344,0.19253635881635253,-0.19253635881635253,27.450175033845287,0.0008280544425360858,7.628718594787642e-05,0.0019260426051914692,0.41550892132457523
0.15,24,rotor_0_blade_1,rotor_0_blade_1_blade_0,blade_segment,rotor_0_blade_1_blade_0:blade_segment:orig:9,orig,9,0.28078967332839966,0.28078967332839966,0.2755897343158722,0.2860335111618042,0.017063479870557785,0.01000354252755642,0.0654945820569992,0.0654945820569992,2.526320457458496,3.0386405381549992,0.19567650217079582,-0.19567650217079582,29.253983022361428,0.0007256738026626408,7.115741027519107e-05,0.001957458211109042,0.5814796016375354
0.15,24,rotor_0_blade_1,rotor_0_blade_1_blade_0,blade_segment,rotor_0_blade_1_blade_0:blade_segment:orig:10,orig,10,0.29079318046569824,0.29079318046569824,0.2856031656265259,0.2960243225097656,0.01623615063726902,0.010003572329878807,0.056915029883384705,0.056915029883384705,2.743617534637451,2.5553495839216227,0.18659400708706822,-0.18659400708706822,29.31760925076867,0.0005531493225134909,6.019313877914101e-05,0.0018666066462174058,0.7474492930408699
0.15,24,rotor_0_blade_1,rotor_0_blade_1_blade_0,blade_segment,rotor_0_blade_1_blade_0:blade_segment:orig:11,orig,11,0.300796777009964,0.300796777009964,0.29561659693717957,0.3060151934623718,0.015411363914608955,0.010003495961427689,0.04179435223340988,0.04179435223340988,2.9705140590667725,1.8258912452757239,0.1503949359529854,-0.1503949359529854,24.894652609999557,0.00029081240063533187,4.002577770734206e-05,0.0015044751344248652,0.913420467808643
0.1875,30,rotor_0_blade_1,rotor_0_blade_1_blade_0,blade_segment,rotor_0_blade_1_blade_0:blade_segment:orig:0,orig,0,-0.029169198125600815,0.029169198125600815,-0.034527357667684555,-0.023880334571003914,0.02458004280924797,0.010003551840782166,0.044184308499097824,0.044184308499097824,0.6275262832641602,5.729061743260214,0.029428470705222642,-0.029428470705222642,3.0542106835474057,0.0001969941658899188,0.00022731714125256985,0.000294389232294634,0.9122516896791807
0.1875,30,rotor_0_blade_1,rotor_0_blade_1_blade_0,blade_segment,rotor_0_blade_1_blade_0:blade_segment:orig:1,orig,1,-0.03917277231812477,0.03917277231812477,-0.044518135488033295,-0.03389381989836693,0.023740576580166817,0.010003522038459778,0.06197293847799301,0.06197293847799301,0.7648416757583618,6.826047057725144,0.0507355672550553,-0.0507355672550553,5.451740695948863,0.0003585954837035388,0.00041207822505384684,0.000507534365169704,0.7462809242205065
0.1875,30,rotor_0_blade_1,rotor_0_blade_1_blade_0,blade_segment,rotor_0_blade_1_blade_0:blade_segment:orig:2,orig,2,-0.04917628690600395,0.04917628690600395,-0.054509006440639496,-0.04390721395611763,0.02290186658501625,0.010003525763750076,0.07119550555944443,0.07119550555944443,0.9759354591369629,6.3707504838678455,0.07584232410072465,-0.07584232410072465,8.448015181001193,0.0004702222067862749,0.0005423942347988486,0.0007586906431242824,0.5803111476712288
0.1875,30,rotor_0_blade_1,rotor_0_blade_1_blade_0,blade_segment,rotor_0_blade_1_blade_0:blade_segment:orig:3,orig,3,-0.05917981639504433,0.05917981639504433,-0.0644998550415039,-0.053920600563287735,0.022064058110117912,0.010003546252846718,0.07610513269901276,0.07610513269901276,1.2000176906585693,5.748716636612184,0.1014141798152278,-0.1014141798152278,11.725388008616088,0.0005445535643957555,0.0006314563797786832,0.0010145014384761453,0.4143411238946021
0.1875,30,rotor_0_blade_1,rotor_0_blade_1_blade_0,blade_segment,rotor_0_blade_1_blade_0:blade_segment:orig:4,orig,4,-0.06918338686227798,0.06918338686227798,-0.07449066638946533,-0.06393405795097351,0.021227320656180382,0.010003551840782166,0.07836552709341049,0.07836552709341049,1.4257210493087769,5.178754370374856,0.12578020612533086,-0.12578020612533086,15.11579713548444,0.0005894163623452187,0.0006875032559037209,0.0012582488125190139,0.2483704202427652
0.1875,30,rotor_0_blade_1,rotor_0_blade_1_blade_0,blade_segment,rotor_0_blade_1_blade_0:blade_segment:orig:5,orig,5,-0.07918689399957657,0.07918689399957657,-0.08448151499032974,-0.07394744455814362,0.02039165236055851,0.010003510862588882,0.07880111783742905,0.07880111783742905,1.649425745010376,4.685729203369126,0.1480456933627826,-0.1480456933627826,18.52069554891113,0.0006100837490521371,0.0007160507375374436,0.0014809767017140985,0.08240076730716217
0.1875,30,rotor_0_blade_1,rotor_0_blade_1_blade_0,blade_segment,rotor_0_blade_1_blade_0:blade_segment:orig:6,orig,6,-0.08919042348861694,0.08919042348861694,-0.09447240829467773,-0.08396079391241074,0.019557226449251175,0.010003521107137203,0.07783037424087524,0.07783037424087524,1.869808316230774,4.2567168538314615,0.16743744110876263,-0.16743744110876263,21.840332547534764,0.0006106583750806749,0.0007214804063551128,0.0016749639762565494,-0.08356925646946459
0.1875,30,rotor_0_blade_1,rotor_0_blade_1_blade_0,blade_segment,rotor_0_blade_1_blade_0:blade_segment:orig:7,orig,7,-0.09919393062591553,0.09919393062591553,-0.10446320474147797,-0.09397422522306442,0.018724247813224792,0.010003529489040375,0.07558916509151459,0.07558916509151459,2.086578607559204,3.8694604606419998,0.18306395332815453,-0.18306395332815453,24.940915416069807,0.000592156546190381,0.0007046567625366151,0.0018312856554985046,-0.24953890940506762
0.1875,30,rotor_0_blade_1,rotor_0_blade_1_blade_0,blade_segment,rotor_0_blade_1_blade_0:blade_segment:orig:8,orig,8,-0.1091974675655365,0.1091974675655365,-0.1144540011882782,-0.10398772358894348,0.017892906442284584,0.01000354066491127,0.07193370908498764,0.07193370908498764,2.3003411293029785,3.4953390923922263,0.19359610686681775,-0.19359610686681775,27.601307878696474,0.0005515879020094872,0.0006619432242587209,0.0019366465276107192,-0.4155090567953689
0.1875,30,rotor_0_blade_1,rotor_0_blade_1_blade_0,blade_segment,rotor_0_blade_1_blade_0:blade_segment:orig:9,orig,9,-0.11920102685689926,0.11920102685689926,-0.1244448721408844,-0.1140010878443718,0.01706344448029995,0.010003549978137016,0.06633254140615463,0.06633254140615463,2.5129916667938232,3.093847338710727,0.19670559144530003,-0.19670559144530003,29.407894681295016,0.00047908295528031886,0.0005817715427838266,0.00196775421500206,-0.581479575026694
0.1875,30,rotor_0_blade_1,rotor_0_blade_1_blade_0,blade_segment,rotor_0_blade_1_blade_0:blade_segment:orig:10,orig,10,-0.12920455634593964,0.12920455634593964,-0.13443563878536224,-0.12401451915502548,0.016236161813139915,0.010003563016653061,0.05754826217889786,0.05754826217889786,2.7302181720733643,2.5964590963408765,0.1874774932959348,-0.1874774932959348,29.45640213330263,0.0003597488394007087,0.00044633145444095135,0.0018754429183900356,-0.7474495988033207
0.1875,30,rotor_0_blade_1,rotor_0_blade_1_blade_0,blade_segment,rotor_0_blade_1_blade_0:blade_segment:orig:11,orig,11,-0.139208123087883,0.139208123087883,-0.14442655444145203,-0.13402792811393738,0.01541138719767332,0.010003526695072651,0.04217798635363579,0.04217798635363579,2.95697283744812,1.8510867434798552,0.15098484062076833,-0.15098484062076833,24.99226090465152,0.00018256009207107127,0.00023988346219994128,0.0015103808837011456,-0.9134202406483204
0.225,36,rotor_0_blade_1,rotor_0_blade_1_blade_0,blade_segment,rotor_0_blade_1_blade_0:blade_segment:orig:11,orig,11,0.019090265035629272,0.019090265035629272,0.013871841132640839,0.024270478636026382,0.015411393716931343,0.010003525763750076,0.042539533227682114,0.042539533227682114,3.002633571624756,1.838562781367634,0.15502713895015865,-0.15502713895015865,25.66136473734595,-4.12987319577951e-05,0.0003017798881046474,0.0015508179785683751,-0.9134203709510113
0.225,36,rotor_0_blade_1,rotor_0_blade_1_blade_0,blade_segment,rotor_0_blade_1_blade_0:blade_segment:orig:10,orig,10,0.02909383550286293,0.02909383550286293,0.023862745612859726,0.03428388014435768,0.016236165538430214,0.010003553703427315,0.0576782263815403,0.0576782263815403,2.76729154586792,2.567458934938139,0.19094170185660234,-0.19094170185660234,30.000690560384168,-6.168553954921663e-05,0.0005686320946551859,0.0019100955687463284,-0.7474496801218287
0.225,36,rotor_0_blade_1,rotor_0_blade_1_blade_0,blade_segment,rotor_0_blade_1_blade_0:blade_segment:orig:9,orig,9,0.03909736126661301,0.03909736126661301,0.03385351598262787,0.044297292828559875,0.017063437029719353,0.01000356674194336,0.06639712303876877,0.06639712303876877,2.5431036949157715,3.060191994286867,0.19972672169937794,-0.19972672169937794,29.859572970161327,-7.298694254131988e-05,0.0007480722269974649,0.0019979795906692743,-0.5814797309746362
0.225,36,rotor_0_blade_1,rotor_0_blade_1_blade_0,blade_segment,rotor_0_blade_1_blade_0:blade_segment:orig:8,orig,8,0.04910092428326607,0.04910092428326607,0.043844398111104965,0.054310671985149384,0.017892904579639435,0.01000353042036295,0.07205255329608917,0.07205255329608917,2.3249895572662354,3.4639970899605608,0.19637344827756353,-0.19637344827756353,27.997280818649106,-7.851666305214167e-05,0.000858467014040798,0.001964427763596177,-0.4155091637591187
0.225,36,rotor_0_blade_1,rotor_0_blade_1_blade_0,blade_segment,rotor_0_blade_1_blade_0:blade_segment:orig:7,orig,7,0.059104468673467636,0.059104468673467636,0.0538351908326149,0.06432418525218964,0.018724240362644196,0.010003535076975822,0.07581952959299088,0.07581952959299088,2.1068437099456787,3.8439218879176504,0.18567713807768843,-0.18567713807768843,25.296949803663033,-8.021042594918981e-05,0.0009211789001710713,0.0018574277637526393,-0.2495389055777638
0.225,36,rotor_0_blade_1,rotor_0_blade_1_blade_0,blade_segment,rotor_0_blade_1_blade_0:blade_segment:orig:6,orig,6,0.06910797208547592,0.06910797208547592,0.06382599472999573,0.07433757930994034,0.019557218998670578,0.010003526695072651,0.07819249480962753,0.07819249480962753,1.886430263519287,4.238841831629103,0.16988353494789457,-0.16988353494789457,22.159406441808287,-7.920548523543403e-05,0.0009500761516392231,0.001699434476904571,-0.08356932727156643
0.225,36,rotor_0_blade_1,rotor_0_blade_1_blade_0,blade_segment,rotor_0_blade_1_blade_0:blade_segment:orig:5,orig,5,0.0791115015745163,0.0791115015745163,0.07381688803434372,0.08435095101594925,0.020391684025526047,0.01000350434333086,0.07929596304893494,0.07929596304893494,1.6629871129989624,4.676695532390891,0.15027972715477003,-0.15027972715477003,18.800146688480073,-7.59329559514299e-05,0.0009494743426330388,0.0015033239033073187,0.0824006836824585
0.225,36,rotor_0_blade_1,rotor_0_blade_1_blade_0,blade_segment,rotor_0_blade_1_blade_0:blade_segment:orig:4,orig,4,0.08911499381065369,0.08911499381065369,0.08380771428346634,0.09436434507369995,0.02122732251882553,0.010003559291362762,0.07898173481225967,0.07898173481225967,1.436676263809204,5.17967522209032,0.12773952309044392,-0.12773952309044392,15.351259210565507,-7.046395330689847e-05,0.0009175774175673723,0.0012778498930856586,0.24837007656815832
0.225,36,rotor_0_blade_1,rotor_0_blade_1_blade_0,blade_segment,rotor_0_blade_1_blade_0:blade_segment:orig:3,orig,3,0.09911858290433884,0.09911858290433884,0.09379853308200836,0.10437779873609543,0.02206406556069851,0.010003547184169292,0.07682082802057266,0.07682082802057266,1.2087186574935913,5.761004500388819,0.10303246779906988,-0.10303246779906988,11.91248853642958,-6.25845932518132e-05,0.0008479153038933873,0.0010306901531293988,0.4143410764315034
0.225,36,rotor_0_blade_1,rotor_0_blade_1_blade_0,blade_segment,rotor_0_blade_1_blade_0:blade_segment:orig:2,orig,2,0.10912211239337921,0.10912211239337921,0.10378938913345337,0.11439118534326553,0.022901874035596848,0.01000353042036295,0.07197334617376328,0.07197334617376328,0.9827284216880798,6.395833534756338,0.07707131711150951,-0.07707131711150951,8.584908926225326,-5.207905269344337e-05,0.0007319687865674496,0.000770985265262425,0.5803110873855284
0.225,36,rotor_0_blade_1,rotor_0_blade_1_blade_0,blade_segment,rotor_0_blade_1_blade_0:blade_segment:orig:1,orig,1,0.1191256195306778,0.1191256195306778,0.11378026753664017,0.12440458685159683,0.023740585893392563,0.010003513656556606,0.06275294721126556,0.06275294721126556,0.770455002784729,6.861600217981367,0.05155332634900543,-0.05155332634900543,5.53961002544661,-3.867578197969124e-05,0.0005586766637861729,0.0005157144041731954,0.7462807274985582
0.225,36,rotor_0_blade_1,rotor_0_blade_1_blade_0,blade_segment,rotor_0_blade_1_blade_0:blade_segment:orig:0,orig,0,0.12912920117378235,0.12912920117378235,0.12377104163169861,0.1344180703163147,0.02458002418279648,0.010003559291362762,0.044841185212135315,0.044841185212135315,0.6320980787277222,5.772185806952116,0.02986763807065106,-0.02986763807065106,3.0997916721006424,-2.197414323745761e-05,0.0003087046789005399,0.0002987826883327216,0.9122516037482383
0.2625,42,rotor_0_blade_1,rotor_0_blade_1_blade_0,blade_segment,rotor_0_blade_1_blade_0:blade_segment:orig:11,orig,11,0.08136919885873795,0.08136919885873795,0.0761507973074913,0.08654943853616714,0.01541137881577015,0.010003508999943733,0.041661616414785385,0.041661616414785385,2.9886083602905273,1.8090709882802802,0.1509803014304007,-0.1509803014304007,24.991523132600793,-0.00023103760031517595,0.00017461139941588044,0.0015103328041732311,-0.9134207417920063
0.2625,42,rotor_0_blade_1,rotor_0_blade_1_blade_0,blade_segment,rotor_0_blade_1_blade_0:blade_segment:orig:10,orig,10,0.0913727879524231,0.0913727879524231,0.0861416757106781,0.09656284749507904,0.016236159950494766,0.010003563016653061,0.057005833834409714,0.057005833834409714,2.761711597442627,2.542656267222288,0.188309252168557,-0.188309252168557,29.58709120830709,-0.0004341638705227524,0.0003486202040221542,0.0018837634706869721,-0.7474497419286612
0.2625,42,rotor_0_blade_1,rotor_0_blade_1_blade_0,blade_segment,rotor_0_blade_1_blade_0:blade_segment:orig:9,orig,9,0.10137631744146347,0.10137631744146347,0.09613245725631714,0.10657625645399094,0.017063435167074203,0.01000357698649168,0.06594127416610718,0.06594127416610718,2.5440750122070312,3.0380222571173663,0.19851213437828844,-0.19851213437828844,29.677992802072687,-0.0005711223348043859,0.00046909277443774045,0.00198583141900599,-0.5814797309746362
0.2625,42,rotor_0_blade_1,rotor_0_blade_1_blade_0,blade_segment,rotor_0_blade_1_blade_0:blade_segment:orig:8,orig,8,0.11137988418340683,0.11137988418340683,0.10612335801124573,0.11658962815999985,0.017892900854349136,0.010003522038459778,0.07179700583219528,0.07179700583219528,2.330461263656616,3.443607814769651,0.1962940360481138,-0.1962940360481138,27.985964715037195,-0.0006560271722264588,0.0005456380895338953,0.0019636317156255245,-0.41550910195228624
0.2625,42,rotor_0_blade_1,rotor_0_blade_1_blade_0,blade_segment,rotor_0_blade_1_blade_0:blade_segment:orig:7,orig,7,0.1213834136724472,0.1213834136724472,0.11611415445804596,0.1266031414270401,0.018724238499999046,0.010003541596233845,0.07575992494821548,0.07575992494821548,2.115450859069824,3.8252729180165135,0.18646908251864477,-0.18646908251864477,25.404848106189572,-0.0007054194575175643,0.0005920561961829662,0.0018653512233868241,-0.2495390909982613
0.2625,42,rotor_0_blade_1,rotor_0_blade_1_blade_0,blade_segment,rotor_0_blade_1_blade_0:blade_segment:orig:6,orig,6,0.13138693571090698,0.13138693571090698,0.12610496580600739,0.1366165429353714,0.01955723762512207,0.010003522969782352,0.07832804322242737,0.07832804322242737,1.897017478942871,4.222488037246515,0.17130900911359911,-0.17130900911359911,22.345322316361145,-0.000729164807125926,0.0006166751845739782,0.0017136936075985432,-0.08356920365790141
0.2625,42,rotor_0_blade_1,rotor_0_blade_1_blade_0,blade_segment,rotor_0_blade_1_blade_0:blade_segment:orig:5,orig,5,0.14139045774936676,0.14139045774936676,0.13609585165977478,0.1466299146413803,0.020391684025526047,0.010003510862588882,0.07962209731340408,0.07962209731340408,1.6746195554733276,4.663310758028657,0.1521209059928939,-0.1521209059928939,19.03048003344819,-0.000729997584130615,0.0006216850597411394,0.0015217431355267763,0.0824006836824585
0.2625,42,rotor_0_blade_1,rotor_0_blade_1_blade_0,blade_segment,rotor_0_blade_1_blade_0:blade_segment:orig:4,orig,4,0.15139396488666534,0.15139396488666534,0.1460866928100586,0.1566433161497116,0.021227318793535233,0.010003555566072464,0.07948538661003113,0.07948538661003113,1.4487290382385254,5.169338589499853,0.12978955587606492,-0.12978955587606492,15.597627238119351,-0.0007066234247758985,0.000605694716796279,0.0012983570341020823,0.24837032379548837
0.2625,42,rotor_0_blade_1,rotor_0_blade_1_blade_0,blade_segment,rotor_0_blade_1_blade_0:blade_segment:orig:3,orig,3,0.1613975465297699,0.1613975465297699,0.1560775190591812,0.1666567623615265,0.022064056247472763,0.01000355463474989,0.07747597992420197,0.07747597992420197,1.2206788063049316,5.753211148050654,0.10509179112085343,-0.10509179112085343,12.150590121453098,-0.0006537683075293899,0.0005637843278236687,0.0010512914741411805,0.41434120004516845
0.2625,42,rotor_0_blade_1,rotor_0_blade_1_blade_0,blade_segment,rotor_0_blade_1_blade_0:blade_segment:orig:2,orig,2,0.17140108346939087,0.17140108346939087,0.16606834530830383,0.1766701489686966,0.022901881486177444,0.0100035285577178,0.0727323666214943,0.0727323666214943,0.9944069385528564,6.387374879817514,0.07895062445030619,-0.07895062445030619,8.794240522619226,-0.0005649954546242952,0.0004898502374999225,0.0007897848263382912,0.5803113346128583
0.2625,42,rotor_0_blade_1,rotor_0_blade_1_blade_0,blade_segment,rotor_0_blade_1_blade_0:blade_segment:orig:1,orig,1,0.18140457570552826,0.18140457570552826,0.17605923116207123,0.1866835504770279,0.023740585893392563,0.010003508999943733,0.06353356689214706,0.06353356689214706,0.7817469239234924,6.8466104727598935,0.05308177211529527,-0.05308177211529527,5.703847604084521,-0.000431500026024878,0.00037553676520474255,0.0005310039850883186,0.7462807274985582
0.2625,42,rotor_0_blade_1,rotor_0_blade_1_blade_0,blade_segment,rotor_0_blade_1_blade_0:blade_segment:orig:0,orig,0,0.1914081573486328,0.1914081573486328,0.18605001270771027,0.19669702649116516,0.024580005556344986,0.010003570467233658,0.04547601565718651,0.04547601565718651,0.6442084312438965,5.743862326176511,0.030931615909393056,-0.030931615909393056,3.210218291507278,-0.00023924886772874743,0.00020737043814733624,0.00030942659941501915,0.9122516037482383
0.3,48,rotor_0_blade_1,rotor_0_blade_1_blade_0,blade_segment,rotor_0_blade_1_blade_0:blade_segment:orig:11,orig,11,0.011146606877446175,0.011146606877446175,0.0059281885623931885,0.016326839104294777,0.015411349013447762,0.010003525763750076,0.042982641607522964,0.042982641607522964,3.0328712463378906,1.8391979270923877,0.15825164944265094,-0.15825164944265094,26.195188169538863,-0.00030733784660696983,-4.210624683764763e-05,0.001583074452355504,-0.9134204690124665
0.3,48,rotor_0_blade_1,rotor_0_blade_1_blade_0,blade_segment,rotor_0_blade_1_blade_0:blade_segment:orig:10,orig,10,0.02115018665790558,0.02115018665790558,0.015919078141450882,0.02634025551378727,0.01623615063726902,0.010003557428717613,0.058291733264923096,0.058291733264923096,2.7979848384857178,2.5663065699657452,0.19515215564537347,-0.19515215564537347,30.66226366523411,-0.0005798586062155664,-6.295667844824493e-05,0.0019522157963365316,-0.7474496339243344
0.3,48,rotor_0_blade_1,rotor_0_blade_1_blade_0,blade_segment,rotor_0_blade_1_blade_0:blade_segment:orig:9,orig,9,0.031153719872236252,0.031153719872236252,0.02590986341238022,0.03635365515947342,0.01706346683204174,0.010003581643104553,0.06715960800647736,0.06715960800647736,2.57407808303833,3.058082227792445,0.20452814026356675,-0.20452814026356675,30.57734193125902,-0.0007638103561475873,-7.460374035872519e-05,0.0020460139494389296,-0.5814795714215608
0.3,48,rotor_0_blade_1,rotor_0_blade_1_blade_0,blade_segment,rotor_0_blade_1_blade_0:blade_segment:orig:8,orig,8,0.04115728288888931,0.04115728288888931,0.035900767892599106,0.046367041766643524,0.017892904579639435,0.010003517381846905,0.07297860085964203,0.07297860085964203,2.3561854362487793,3.462064983148956,0.20160315030124673,-0.20160315030124673,28.742887912882956,-0.0008787648403085768,-8.044837159104645e-05,0.002016740618273616,-0.41550901446415767
0.3,48,rotor_0_blade_1,rotor_0_blade_1_blade_0,blade_segment,rotor_0_blade_1_blade_0:blade_segment:orig:7,orig,7,0.05116083472967148,0.05116083472967148,0.04589156061410904,0.05638055130839348,0.018724240362644196,0.010003551840782166,0.07692918926477432,0.07692918926477432,2.1381592750549316,3.8430575694873594,0.191189311430942,-0.191189311430942,26.047937103822743,-0.0009466874762438238,-8.247433288488537e-05,0.0019125721883028746,-0.24953864292724062
0.3,48,rotor_0_blade_1,rotor_0_blade_1_blade_0,blade_segment,rotor_0_blade_1_blade_0:blade_segment:orig:6,orig,6,0.061164338141679764,0.061164338141679764,0.05588235706090927,0.06639396399259567,0.019557232037186623,0.010003522969782352,0.07950005680322647,0.07950005680322647,1.9176348447799683,4.239592679674066,0.17552928904318987,-0.17552928904318987,22.89581663336344,-0.0009806331945583224,-8.175915718311444e-05,0.0017559112748131156,-0.08356907487909657
0.3,48,rotor_0_blade_1,rotor_0_blade_1_blade_0,blade_segment,rotor_0_blade_1_blade_0:blade_segment:orig:5,orig,5,0.07116787135601044,0.07116787135601044,0.06587325036525726,0.07640731334686279,0.02039169892668724,0.010003512725234032,0.08080529421567917,0.08080529421567917,1.6939001083374023,4.678736697998176,0.1558934228888978,-0.1558934228888978,19.502411482132022,-0.0009846350876614451,-7.873022696003318e-05,0.0015594818396493793,0.08240098762367701
0.3,48,rotor_0_blade_1,rotor_0_blade_1_blade_0,blade_segment,rotor_0_blade_1_blade_0:blade_segment:orig:4,orig,4,0.08117137104272842,0.08117137104272842,0.07586409151554108,0.08642072230577469,0.021227337419986725,0.010003555566072464,0.08068231493234634,0.08068231493234634,1.466911792755127,5.182136196236361,0.13313595846883916,-0.13313595846883916,15.999771445409941,-0.0009559677564539015,-7.339682633755729e-05,0.0013318329583853483,0.24837049386499238
0.3,48,rotor_0_blade_1,rotor_0_blade_1_blade_0,blade_segment,rotor_0_blade_1_blade_0:blade_segment:orig:3,orig,3,0.09117496758699417,0.09117496758699417,0.0858549252152443,0.09643419086933136,0.02206406369805336,0.010003559291362762,0.07867924869060516,0.07867924869060516,1.237820029258728,5.761654226444432,0.10800447620572672,-0.10800447620572672,12.487347151653706,-0.0008874420309439301,-6.550816033268347e-05,0.0010804291814565659,0.4143416070838537
0.3,48,rotor_0_blade_1,rotor_0_blade_1_blade_0,blade_segment,rotor_0_blade_1_blade_0:blade_segment:orig:2,orig,2,0.10117848962545395,0.10117848962545395,0.09584575891494751,0.10644757747650146,0.022901874035596848,0.010003525763750076,0.07391104847192764,0.07391104847192764,1.0104434490203857,6.387873754802611,0.08140438097069938,-0.08140438097069938,9.067565250222524,-0.0007693778024986386,-5.4782583902124316e-05,0.0008143308223225176,0.5803114841661412
0.3,48,rotor_0_blade_1,rotor_0_blade_1_blade_0,blade_segment,rotor_0_blade_1_blade_0:blade_segment:orig:1,orig,1,0.11118199676275253,0.11118199676275253,0.1058366522192955,0.11646097153425217,0.023740584030747414,0.010003515519201756,0.06461583822965622,0.06461583822965622,0.7962297797203064,6.836584138440362,0.0550226299350547,-0.0550226299350547,5.912400962560501,-0.0005889760795980692,-4.0866401832317933e-05,0.0005504197324626148,0.746281114021114
0.3,48,rotor_0_blade_1,rotor_0_blade_1_blade_0,blade_segment,rotor_0_blade_1_blade_0:blade_segment:orig:0,orig,0,0.12118557840585709,0.12118557840585709,0.11582741886377335,0.12647442519664764,0.02458002418279648,0.01000356487929821,0.04629239812493324,0.04629239812493324,0.6572869420051575,5.730629945684602,0.032279378947284144,-0.032279378947284144,3.350092491568453,-0.0003260129305999726,-2.332304029550869e-05,0.00032290886156260967,0.9122519800126605
0.3375,54,rotor_0_blade_1,rotor_0_blade_1_blade_0,blade_segment,rotor_0_blade_1_blade_0:blade_segment:orig:0,orig,0,0.040403101593256,0.040403101593256,0.03511427715420723,0.04576124995946884,0.024580011144280434,0.010003568604588509,0.0468631386756897,0.0468631386756897,0.6650910377502441,5.733214582272243,0.033394230769230766,-0.033394230769230766,3.4657984370785844,-0.0002199566806666553,-0.0002539324341341853,0.0003340614784974605,-0.9122523589887378
0.3375,54,rotor_0_blade_1,rotor_0_blade_1_blade_0,blade_segment,rotor_0_blade_1_blade_0:blade_segment:orig:1,orig,1,0.050406698137521744,0.050406698137521744,0.04512771591544151,0.05575202405452728,0.02374059334397316,0.010003512725234032,0.06535837054252625,0.06535837054252625,0.8078733086585999,6.8154789874699615,0.056790064694880175,-0.056790064694880175,6.102316480406295,-0.0003969030804000795,-0.0004562305111903697,0.0005681001348420978,-0.7462812611570973
0.3375,54,rotor_0_blade_1,rotor_0_blade_1_blade_0,blade_segment,rotor_0_blade_1_blade_0:blade_segment:orig:2,orig,2,0.060410209000110626,0.060410209000110626,0.055141109973192215,0.06574293226003647,0.022901900112628937,0.010003525763750076,0.07467702031135559,0.07467702031135559,1.0254675149917603,6.359508514422798,0.08365490847208562,-0.08365490847208562,9.318238997891749,-0.0005160181317478418,-0.0005953040672466159,0.0008368440321646631,-0.5803115848823849
0.3375,54,rotor_0_blade_1,rotor_0_blade_1_blade_0,blade_segment,rotor_0_blade_1_blade_0:blade_segment:orig:3,orig,3,0.0704137310385704,0.0704137310385704,0.06515451520681381,0.07573376595973969,0.022064071148633957,0.010003570467233658,0.0794045478105545,0.0794045478105545,1.254845380783081,5.735872736563434,0.11057495904574252,-0.11057495904574252,12.784538957352419,-0.0005921635311096907,-0.0006867266492918134,0.0011061443947255611,-0.4143417231872036
0.3375,54,rotor_0_blade_1,rotor_0_blade_1_blade_0,blade_segment,rotor_0_blade_1_blade_0:blade_segment:orig:4,orig,4,0.08041731268167496,0.08041731268167496,0.07516798377037048,0.0857245996594429,0.02122732438147068,0.010003546252846718,0.08133990317583084,0.08133990317583084,1.4851641654968262,5.160169035001626,0.13589299536198196,-0.13589299536198196,16.33111164954243,-0.0006344266002997756,-0.0007401232724078,0.001359411864541471,-0.2483708725828549
0.3375,54,rotor_0_blade_1,rotor_0_blade_1_blade_0,blade_segment,rotor_0_blade_1_blade_0:blade_segment:orig:5,orig,5,0.09042082726955414,0.09042082726955414,0.08518139272928238,0.09571543335914612,0.020391693338751793,0.010003522969782352,0.08138866722583771,0.08138866722583771,1.7125871181488037,4.661095145005389,0.15870597245131154,-0.15870597245131154,19.854269476056903,-0.0006498739821836352,-0.0007630106410942972,0.0015876188408583403,-0.08240113450131953
0.3375,54,rotor_0_blade_1,rotor_0_blade_1_blade_0,blade_segment,rotor_0_blade_1_blade_0:blade_segment:orig:6,orig,6,0.10042436420917511,0.10042436420917511,0.0951947271823883,0.1057063415646553,0.019557252526283264,0.010003519244492054,0.08000858873128891,0.08000858873128891,1.936063528060913,4.226094055630295,0.1782618361808279,-0.1782618361808279,23.252222237392715,-0.0006436785915866494,-0.0007609363528899848,0.0017832457087934017,0.0835689744211536
0.3375,54,rotor_0_blade_1,rotor_0_blade_1_blade_0,blade_segment,rotor_0_blade_1_blade_0:blade_segment:orig:7,orig,7,0.1104278564453125,0.1104278564453125,0.1052081435918808,0.11569714546203613,0.018724238499999046,0.010003557428717613,0.07735904306173325,0.07735904306173325,2.1555495262145996,3.833353889099465,0.19368601878107533,-0.19368601878107533,26.388095125280618,-0.0006178140174597502,-0.0007358736474998295,0.0019375492120161653,0.24953834166175123
0.3375,54,rotor_0_blade_1,rotor_0_blade_1_blade_0,blade_segment,rotor_0_blade_1_blade_0:blade_segment:orig:8,orig,8,0.12043140828609467,0.12043140828609467,0.11522167176008224,0.12568792700767517,0.01789291575551033,0.010003520175814629,0.0733141303062439,0.0733141303062439,2.3715291023254395,3.455477799612112,0.20365698500297638,-0.20365698500297638,29.035688319696938,-0.0005696104490198195,-0.0006845090538263321,0.0020372867584228516,0.4155086978115162
0.3375,54,rotor_0_blade_1,rotor_0_blade_1_blade_0,blade_segment,rotor_0_blade_1_blade_0:blade_segment:orig:9,orig,9,0.13043497502803802,0.13043497502803802,0.12523505091667175,0.13567882776260376,0.017063453793525696,0.010003581643104553,0.06736128777265549,0.06736128777265549,2.5860280990600586,3.053094146275658,0.20584409339533968,-0.20584409339533968,30.774102916410598,-0.0004902043147012591,-0.0005964048323221505,0.0020591781940311193,0.581479301188573
0.3375,54,rotor_0_blade_1,rotor_0_blade_1_blade_0,blade_segment,rotor_0_blade_1_blade_0:blade_segment:orig:10,orig,10,0.140438511967659,0.140438511967659,0.13524845242500305,0.1456696093082428,0.01623617485165596,0.010003556497395039,0.05828104168176651,0.05828104168176651,2.804628372192383,2.5597541650586093,0.19527052610420942,-0.19527052610420942,30.680816248650434,-0.00036541157169267535,-0.000454531516879797,0.0019533997401595116,0.7474494101110462
0.3375,54,rotor_0_blade_1,rotor_0_blade_1_blade_0,blade_segment,rotor_0_blade_1_blade_0:blade_segment:orig:11,orig,11,0.15044209361076355,0.15044209361076355,0.14526186883449554,0.15566052496433258,0.015411371365189552,0.010003526695072651,0.042650870978832245,0.042650870978832245,3.0318355560302734,1.8256224701019452,0.15664869537449477,-0.15664869537449477,25.929815675918046,-0.00018400527187623084,-0.00024284824030473828,0.001567039405927062,0.9134202607153948
0.375,60,rotor_0_blade_1,rotor_0_blade_1_blade_0,blade_segment,rotor_0_blade_1_blade_0:blade_segment:orig:0,orig,0,0.19870150089263916,0.19870150089263916,0.1934126615524292,0.2040596455335617,0.02457999624311924,0.010003561154007912,0.04721720889210701,0.04721720889210701,0.6534873843193054,5.879105952612558,0.03296883637851191,-0.03296883637851191,3.421651232291091,2.444422716507688e-05,-0.0003440873697400093,0.0003298057708889246,-0.9122521144731549
0.375,60,rotor_0_blade_1,rotor_0_blade_1_blade_0,blade_segment,rotor_0_blade_1_blade_0:blade_segment:orig:1,orig,1,0.2087050825357437,0.2087050825357437,0.20342609286308289,0.21405039727687836,0.023740598931908607,0.010003515519201756,0.06578360497951508,0.06578360497951508,0.7982842922210693,6.942220601859415,0.056161202251928624,-0.056161202251928624,6.0347413097103635,4.252405051374808e-05,-0.0006158999749459326,0.0005618094583041966,-0.7462812689978716
0.375,60,rotor_0_blade_1,rotor_0_blade_1_blade_0,blade_segment,rotor_0_blade_1_blade_0:blade_segment:orig:2,orig,2,0.2187086045742035,0.2187086045742035,0.213439479470253,0.22404128313064575,0.022901903837919235,0.010003525763750076,0.07511881738901138,0.07511881738901138,1.0156302452087402,6.4590928175336915,0.08274942338866295,-0.08274942338866295,9.217376394651778,5.6705168390180916e-05,-0.0008007776341401041,0.0008277859888039529,-0.5803114124317251
0.375,60,rotor_0_blade_1,rotor_0_blade_1_blade_0,blade_segment,rotor_0_blade_1_blade_0:blade_segment:orig:3,orig,3,0.22871212661266327,0.22871212661266327,0.2234528809785843,0.23403218388557434,0.022064078599214554,0.010003576055169106,0.07984903454780579,0.07984903454780579,1.2429230213165283,5.823306340014457,0.10938736179691429,-0.10938736179691429,12.647226172816511,6.748994928784668e-05,-0.0009199496707879007,0.0010942647932097316,-0.4143415558655786
0.375,60,rotor_0_blade_1,rotor_0_blade_1_blade_0,blade_segment,rotor_0_blade_1_blade_0:blade_segment:orig:4,orig,4,0.23871569335460663,0.23871569335460663,0.23346634209156036,0.24402299523353577,0.021227337419986725,0.010003549978137016,0.08179391920566559,0.08179391920566559,1.4705090522766113,5.240681762555194,0.1344529094898815,-0.1344529094898815,16.158037593667764,7.536926568718627e-05,-0.0009886699263006449,0.0013450063997879624,-0.24837095761757944
0.375,60,rotor_0_blade_1,rotor_0_blade_1_blade_0,blade_segment,rotor_0_blade_1_blade_0:blade_segment:orig:5,orig,5,0.2487192302942276,0.2487192302942276,0.24347977340221405,0.2540138363838196,0.02039169892668724,0.01000351645052433,0.08186429738998413,0.08186429738998413,1.6948238611221313,4.737470889533525,0.15707408785280297,-0.15707408785280297,19.650113761817195,8.065850852290168e-05,-0.0010170077439397573,0.0015712932217866182,-0.08240085382414872
0.375,60,rotor_0_blade_1,rotor_0_blade_1_blade_0,blade_segment,rotor_0_blade_1_blade_0:blade_segment:orig:6,orig,6,0.258722722530365,0.258722722530365,0.25349313020706177,0.26400476694107056,0.01955726183950901,0.010003510862588882,0.08051612973213196,0.08051612973213196,1.9150550365447998,4.299555672030435,0.17652422385680244,-0.17652422385680244,23.02555957420208,8.361856453120708e-05,-0.0010124539257958531,0.0017658619908615947,0.08356850828742941
0.375,60,rotor_0_blade_1,rotor_0_blade_1_blade_0,blade_segment,rotor_0_blade_1_blade_0:blade_segment:orig:7,orig,7,0.2687262296676636,0.2687262296676636,0.26350656151771545,0.2739955484867096,0.018724270164966583,0.01000355463474989,0.07790172100067139,0.07790172100067139,2.1314096450805664,3.903958769721164,0.19194821405546011,-0.19194821405546011,26.151289585755848,8.425068517681211e-05,-0.0009776069782674313,0.0019201644463464618,0.24953811762629174
0.375,60,rotor_0_blade_1,rotor_0_blade_1_blade_0,blade_segment,rotor_0_blade_1_blade_0:blade_segment:orig:8,orig,8,0.27872979640960693,0.27872979640960693,0.27352002263069153,0.283986359834671,0.017892934381961823,0.010003563947975636,0.0738825872540474,0.0738825872540474,2.3446011543273926,3.52226110694377,0.2020377293321212,-0.2020377293321212,28.80479857260266,8.20744753582403e-05,-0.000907847483176738,0.002021097345277667,0.41550871587429083
0.375,60,rotor_0_blade_1,rotor_0_blade_1_blade_0,blade_segment,rotor_0_blade_1_blade_0:blade_segment:orig:9,orig,9,0.2887333929538727,0.2887333929538727,0.2835334241390228,0.29397720098495483,0.01706346683204174,0.01000354252755642,0.06792651861906052,0.06792651861906052,2.556774377822876,3.1139359415175787,0.2044714046502344,-0.2044714046502344,30.56885985027834,7.591900794068351e-05,-0.0007883767830207944,0.002045438392087817,0.5814798085768584
0.375,60,rotor_0_blade_1,rotor_0_blade_1_blade_0,blade_segment,rotor_0_blade_1_blade_0:blade_segment:orig:10,orig,10,0.29873690009117126,0.29873690009117126,0.2935468256473541,0.30396801233291626,0.016236165538430214,0.010003579780459404,0.05879003927111626,0.05879003927111626,2.773296594619751,2.611283093732456,0.19423817471354857,-0.19423817471354857,30.51863117346313,6.366953311953694e-05,-0.0005954295047558844,0.0019430770771577954,0.7474494179157207
0.375,60,rotor_0_blade_1,rotor_0_blade_1_blade_0,blade_segment,rotor_0_blade_1_blade_0:blade_segment:orig:11,orig,11,0.3087404668331146,0.3087404668331146,0.3035602569580078,0.31395891308784485,0.015411363914608955,0.010003503412008286,0.04302096366882324,0.04302096366882324,2.9989190101623535,1.8616769303718455,0.1560191943529482,-0.1560191943529482,25.825627833126187,4.198558599455282e-05,-0.0003108515520580113,0.001560738543048501,0.9134200161637198
0.4125,66,rotor_0_blade_1,rotor_0_blade_1_blade_0,blade_segment,rotor_0_blade_1_blade_0:blade_segment:orig:0,orig,0,0.2609805464744568,0.2609805464744568,0.25569167733192444,0.26633867621421814,0.02457999996840954,0.010003567673265934,0.04714139550924301,0.04714139550924301,0.6332316994667053,6.057423036760849,0.03153643957048198,-0.03153643957048198,3.272990278620925,0.00026257048011757433,-0.0002281377965118736,0.00031547690741717815,-0.9122516417123748
0.4125,66,rotor_0_blade_1,rotor_0_blade_1_blade_0,blade_segment,rotor_0_blade_1_blade_0:blade_segment:orig:1,orig,1,0.27098411321640015,0.27098411321640015,0.2657051384449005,0.2763294279575348,0.023740602657198906,0.010003511793911457,0.06562959402799606,0.06562959402799606,0.7806091904640198,7.082789160739949,0.05430054694131162,-0.05430054694131162,5.834805688039644,0.00046676883357577026,-0.00040694279596209526,0.0005431961617432535,-0.7462810844968258
0.4125,66,rotor_0_blade_1,rotor_0_blade_1_blade_0,blade_segment,rotor_0_blade_1_blade_0:blade_segment:orig:2,orig,2,0.28098762035369873,0.28098762035369873,0.2757185101509094,0.286320298910141,0.02290191873908043,0.010003525763750076,0.07493962347507477,0.07493962347507477,0.9980188608169556,6.557388039868055,0.08059346163614432,-0.08059346163614432,8.977220107217203,0.0006065159686841071,-0.0005268030799925327,0.0008062187698669732,-0.5803115161901692
0.4125,66,rotor_0_blade_1,rotor_0_blade_1_blade_0,blade_segment,rotor_0_blade_1_blade_0:blade_segment:orig:3,orig,3,0.2909911274909973,0.2909911274909973,0.2857319116592407,0.2963111996650696,0.02206411398947239,0.010003581643104553,0.07967733591794968,0.07967733591794968,1.225084900856018,5.895384300260203,0.10705483544580972,-0.10705483544580972,12.377522620900454,0.0006984536303207278,-0.0006035281694494188,0.0010709317866712809,-0.4143419478835125
0.4125,66,rotor_0_blade_1,rotor_0_blade_1_blade_0,blade_segment,rotor_0_blade_1_blade_0:blade_segment:orig:4,orig,4,0.30099475383758545,0.30099475383758545,0.2957453727722168,0.306302011013031,0.021227365359663963,0.01000355463474989,0.08165112882852554,0.08165112882852554,1.4521429538726807,5.297692202909076,0.1320569748264515,-0.1320569748264515,15.870082420247806,0.0007525409455411136,-0.0006464959005825222,0.0013210391625761986,-0.24837040175907113
0.4125,66,rotor_0_blade_1,rotor_0_blade_1_blade_0,blade_segment,rotor_0_blade_1_blade_0:blade_segment:orig:5,orig,5,0.31099826097488403,0.31099826097488403,0.30575883388519287,0.3162928521633148,0.020391693338751793,0.010003520175814629,0.08176138252019882,0.08176138252019882,1.676201581954956,4.784082766842,0.15471685514036704,-0.15471685514036704,19.3552270717933,0.0007766610360704362,-0.000663094106130302,0.0015477131819352508,-0.08240083345241445
0.4125,66,rotor_0_blade_1,rotor_0_blade_1_blade_0,blade_segment,rotor_0_blade_1_blade_0:blade_segment:orig:6,orig,6,0.321001797914505,0.321001797914505,0.315772145986557,0.3262837827205658,0.019557220861315727,0.010003526695072651,0.0804581418633461,0.0804581418633461,1.896537184715271,4.338418983228509,0.17429317753455037,-0.17429317753455037,22.73459281598298,0.0007763718022033572,-0.0006585008813999593,0.0017435464542359114,0.0835692293086884
0.4125,66,rotor_0_blade_1,rotor_0_blade_1_blade_0,blade_segment,rotor_0_blade_1_blade_0:blade_segment:orig:7,orig,7,0.3310052752494812,0.3310052752494812,0.3257855474948883,0.3362745940685272,0.018724270164966583,0.010003532283008099,0.07788841426372528,0.07788841426372528,2.113064765930176,3.9371789138724838,0.18991510826851832,-0.18991510826851832,25.874296447505397,0.0007528170244768262,-0.0006339364917948842,0.0018998219165951014,0.24953830316089895
0.4125,66,rotor_0_blade_1,rotor_0_blade_1_blade_0,blade_segment,rotor_0_blade_1_blade_0:blade_segment:orig:8,orig,8,0.34100884199142456,0.34100884199142456,0.33579909801483154,0.34626534581184387,0.017892956733703613,0.010003583505749702,0.07390817254781723,0.07390817254781723,2.3266687393188477,3.5506330655041256,0.20026282283671218,-0.20026282283671218,28.551712031502383,0.0007025122176855803,-0.0005865945713594556,0.0020033458713442087,0.41550886037644796
0.4125,66,rotor_0_blade_1,rotor_0_blade_1_blade_0,blade_segment,rotor_0_blade_1_blade_0:blade_segment:orig:9,orig,9,0.3510124087333679,0.3510124087333679,0.34581246972084045,0.35625627636909485,0.01706349104642868,0.01000355463474989,0.06797844171524048,0.06797844171524048,2.53946590423584,3.137551950686034,0.20300503154432428,-0.20300503154432428,30.349591242513448,0.0006139077595435083,-0.0005065954173915088,0.0020307719241827726,0.581479417591997
0.4125,66,rotor_0_blade_1,rotor_0_blade_1_blade_0,blade_segment,rotor_0_blade_1_blade_0:blade_segment:orig:10,orig,10,0.3610159456729889,0.3610159456729889,0.35582587122917175,0.3662470281124115,0.0162361990660429,0.0100035909563303,0.058850303292274475,0.058850303292274475,2.7567873001098633,2.629608374820393,0.19311831631890222,-0.19311831631890222,30.34261677352772,0.00046860778820700943,-0.0003785615845117718,0.0019318766426295042,0.7474494803530998
0.4125,66,rotor_0_blade_1,rotor_0_blade_1_blade_0,blade_segment,rotor_0_blade_1_blade_0:blade_segment:orig:11,orig,11,0.37101948261260986,0.37101948261260986,0.36583930253982544,0.3762379586696625,0.015411383472383022,0.010003479197621346,0.043068092316389084,0.043068092316389084,2.983074426651001,1.8736131036085242,0.15529738471303922,-0.15529738471303922,25.706115122452832,0.0002508835750631988,-0.0001915228203870356,0.001553514157421887,0.9134195431142027
0.45,72,rotor_0_blade_1,rotor_0_blade_1_blade_0,blade_segment,rotor_0_blade_1_blade_0:blade_segment:orig:0,orig,0,0.19075796008110046,0.19075796008110046,0.1854691356420517,0.196116104722023,0.024579981341958046,0.010003561154007912,0.04693618416786194,0.04693618416786194,0.6138258576393127,6.221728371998382,0.02995617266606599,-0.02995617266606599,3.10898559109766,0.00034641564707271755,2.403218786639627e-05,0.00029966840520501137,-0.9122523291600116
0.45,72,rotor_0_blade_1,rotor_0_blade_1_blade_0,blade_segment,rotor_0_blade_1_blade_0:blade_segment:orig:1,orig,1,0.20076151192188263,0.20076151192188263,0.19548256695270538,0.20610685646533966,0.02374061569571495,0.010003522969782352,0.06532178074121475,0.06532178074121475,0.7599990963935852,7.240740071256205,0.05214611825065,-0.05214611825065,5.603300839746689,0.0006149988039396703,4.177604569122195e-05,0.000521644891705364,-0.7462819165906751
0.45,72,rotor_0_blade_1,rotor_0_blade_1_blade_0,blade_segment,rotor_0_blade_1_blade_0:blade_segment:orig:2,orig,2,0.2107650637626648,0.2107650637626648,0.2054959535598755,0.21609774231910706,0.022901931777596474,0.01000353042036295,0.0746144950389862,0.0746144950389862,0.9763273000717163,6.673991512590694,0.07810595390146491,-0.07810595390146491,8.700134309045922,0.0007977932109497488,5.574291571974754e-05,0.0007813352858647704,-0.5803115040213387
0.45,72,rotor_0_blade_1,rotor_0_blade_1_blade_0,blade_segment,rotor_0_blade_1_blade_0:blade_segment:orig:3,orig,3,0.22076858580112457,0.22076858580112457,0.2155093103647232,0.22608864307403564,0.022064121440052986,0.010003587231040001,0.07937360554933548,0.07937360554933548,1.2031176090240479,5.980140420544169,0.10441062835214085,-0.10441062835214085,12.071799209369365,0.0009169186814688146,6.64672115817666e-05,0.0010444808285683393,-0.414341585906754
0.45,72,rotor_0_blade_1,rotor_0_blade_1_blade_0,blade_segment,rotor_0_blade_1_blade_0:blade_segment:orig:4,orig,4,0.23077216744422913,0.23077216744422913,0.22552281618118286,0.23607946932315826,0.021227380260825157,0.01000354252755642,0.08138688653707504,0.08138688653707504,1.4301929473876953,5.361587507515412,0.12936995204083857,-0.12936995204083857,15.547155786733578,0.0009860236896201968,7.434683357132599e-05,0.0012941578170284629,-0.24837067888266576
0.45,72,rotor_0_blade_1,rotor_0_blade_1_blade_0,blade_segment,rotor_0_blade_1_blade_0:blade_segment:orig:5,orig,5,0.2407757043838501,0.2407757043838501,0.23553623259067535,0.24607029557228088,0.02039169892668724,0.010003527626395226,0.08154083043336868,0.08154083043336868,1.6545640230178833,4.833571404570995,0.1520726001344728,-0.1520726001344728,19.024423019397485,0.0010156187927350402,7.971635204739869e-05,0.001521262456662953,-0.08240051354070518
0.45,72,rotor_0_blade_1,rotor_0_blade_1_blade_0,blade_segment,rotor_0_blade_1_blade_0:blade_segment:orig:6,orig,6,0.2507792115211487,0.2507792115211487,0.24554958939552307,0.25606122612953186,0.019557232037186623,0.010003525763750076,0.08028027415275574,0.08028027415275574,1.8753602504730225,4.377707570680814,0.17175923667402648,-0.17175923667402648,22.404055809782008,0.0010128517169505358,8.282047201646492e-05,0.001718197949230671,0.08356915734650364
0.45,72,rotor_0_blade_1,rotor_0_blade_1_blade_0,blade_segment,rotor_0_blade_1_blade_0:blade_segment:orig:7,orig,7,0.26078271865844727,0.26078271865844727,0.25556299090385437,0.2660520672798157,0.018724270164966583,0.010003532283008099,0.0777498111128807,0.0777498111128807,2.0924899578094482,3.9688168429113744,0.18754854550385427,-0.18754854550385427,25.55187267041459,0.0009795662481337786,8.360108768101782e-05,0.0018761479295790195,0.24953882823371246
0.45,72,rotor_0_blade_1,rotor_0_blade_1_blade_0,blade_segment,rotor_0_blade_1_blade_0:blade_segment:orig:8,orig,8,0.2707862854003906,0.2707862854003906,0.26557657122612,0.27604278922080994,0.01789296418428421,0.01000360120087862,0.07380488514900208,0.07380488514900208,2.3067502975463867,3.5762858675048528,0.19811472742786362,-0.19811472742786362,28.245443718603205,0.0009111769613809884,8.158283890224993e-05,0.001981860725209117,0.4155094880304248
0.45,72,rotor_0_blade_1,rotor_0_blade_1_blade_0,blade_segment,rotor_0_blade_1_blade_0:blade_segment:orig:9,orig,9,0.280789852142334,0.280789852142334,0.2755899429321289,0.2860337197780609,0.017063524574041367,0.010003535076975822,0.06790530681610107,0.06790530681610107,2.5201191902160645,3.1582309688981374,0.20111458071685379,-0.20111458071685379,30.066906608989093,0.0007923654629848897,7.556484342785552e-05,0.0020118567626923323,0.5814801478271371
0.45,72,rotor_0_blade_1,rotor_0_blade_1_blade_0,blade_segment,rotor_0_blade_1_blade_0:blade_segment:orig:10,orig,10,0.29079338908195496,0.29079338908195496,0.2856033146381378,0.29602450132369995,0.016236208379268646,0.01000357884913683,0.05879785865545273,0.05879785865545273,2.7382020950317383,2.6450957069452508,0.19154936743460568,-0.19154936743460568,30.096087342681287,0.0005997795960865915,6.345166184473783e-05,0.0019161792006343603,0.7474503131690977
0.45,72,rotor_0_blade_1,rotor_0_blade_1_blade_0,blade_segment,rotor_0_blade_1_blade_0:blade_segment:orig:11,orig,11,0.3007969260215759,0.3007969260215759,0.2956167161464691,0.30601534247398376,0.015411393716931343,0.01000348199158907,0.04302913323044777,0.04302913323044777,2.9652695655822754,1.8831568648495312,0.15419109412514873,-0.15419109412514873,25.522975734384033,0.00031344391754828393,4.182962220511399e-05,0.0015424478333443403,0.9134204785110583
0.4875,78,rotor_0_blade_1,rotor_0_blade_1_blade_0,blade_segment,rotor_0_blade_1_blade_0:blade_segment:orig:0,orig,0,-0.029169252142310143,0.029169252142310143,-0.03452741727232933,-0.023880435153841972,0.024579979479312897,0.01000356487929821,0.04678460955619812,0.04678460955619812,0.6055831909179688,6.2860477701737105,0.028942391203962744,-0.028942391203962744,3.0037710440113767,0.00022643698321189731,0.00025995803298428655,0.00028952708817087114,0.9122524975167181
0.4875,78,rotor_0_blade_1,rotor_0_blade_1_blade_0,blade_segment,rotor_0_blade_1_blade_0:blade_segment:orig:1,orig,1,-0.039172813296318054,0.039172813296318054,-0.04451815038919449,-0.033893883228302,0.023740626871585846,0.010003522038459778,0.06511396169662476,0.06511396169662476,0.7472609281539917,7.340736888028461,0.050635607520574985,-0.050635607520574985,5.440988094519658,0.00040318735409528017,0.00046160834608599544,0.0005065344157628715,0.7462820150596934
0.4875,78,rotor_0_blade_1,rotor_0_blade_1_blade_0,blade_segment,rotor_0_blade_1_blade_0:blade_segment:orig:2,orig,2,-0.04917636513710022,0.04917636513710022,-0.05450905114412308,-0.04390726238489151,0.022901954129338264,0.010003521107137203,0.07442881166934967,0.07442881166934967,0.9599149227142334,6.77120242270817,0.07630505216410198,-0.07630505216410198,8.499525595819149,0.0005229911184869707,0.0006011364166624844,0.0007633191999047995,0.5803116871196998
0.4875,78,rotor_0_blade_1,rotor_0_blade_1_blade_0,blade_segment,rotor_0_blade_1_blade_0:blade_segment:orig:3,orig,3,-0.05917990207672119,0.05917990207672119,-0.06449995189905167,-0.053920622915029526,0.022064130753278732,0.010003595612943172,0.07923956215381622,0.07923956215381622,1.1849231719970703,6.061708499474229,0.10248282583480049,-0.10248282583480049,11.848904591537925,0.0006004712777212262,0.0006938479491509497,0.0010251967469230294,0.414341606406956
0.4875,78,rotor_0_blade_1,rotor_0_blade_1_blade_0,blade_segment,rotor_0_blade_1_blade_0:blade_segment:orig:4,orig,4,-0.06918348371982574,0.06918348371982574,-0.07449078559875488,-0.06393411010503769,0.021227361634373665,0.010003527626395226,0.0813111811876297,0.0813111811876297,1.4110589027404785,5.429240796073927,0.12741312521145204,-0.12741312521145204,15.312005716054028,0.0006448531057685614,0.0007494873134419322,0.0012745807180181146,0.24837078401246274
0.4875,78,rotor_0_blade_1,rotor_0_blade_1_blade_0,blade_segment,rotor_0_blade_1_blade_0:blade_segment:orig:5,orig,5,-0.07918700575828552,0.07918700575828552,-0.08448158949613571,-0.07394755631685257,0.020391706377267838,0.010003539733588696,0.08151808381080627,0.08151808381080627,1.6351649761199951,4.889549113003022,0.15017384200061465,-0.15017384200061465,18.78687975533622,0.0006630851421505213,0.0007754554389975965,0.0015022699953988194,0.08240095052696875
0.4875,78,rotor_0_blade_1,rotor_0_blade_1_blade_0,blade_segment,rotor_0_blade_1_blade_0:blade_segment:orig:6,orig,6,-0.08919049799442291,0.08919049799442291,-0.09447257220745087,-0.0839608758687973,0.019557230174541473,0.01000354066491127,0.08030574768781662,0.08030574768781662,1.8562123775482178,4.424269912383545,0.17001595256404767,-0.17001595256404767,22.176666165579437,0.0006598198669962585,0.0007767258794046938,0.0017007614951580763,-0.08356838850402559
0.4875,78,rotor_0_blade_1,rotor_0_blade_1_blade_0,blade_segment,rotor_0_blade_1_blade_0:blade_segment:orig:7,orig,7,-0.09919402003288269,0.09919402003288269,-0.1044633761048317,-0.09397429972887039,0.01872427575290203,0.010003517381846905,0.07782860845327377,0.07782860845327377,2.0743463039398193,4.007587108703222,0.18609398209417108,-0.18609398209417108,25.353693377700996,0.0006366542656905949,0.0007548487046733499,0.0018615943845361471,-0.24953822198951958
0.4875,78,rotor_0_blade_1,rotor_0_blade_1_blade_0,blade_segment,rotor_0_blade_1_blade_0:blade_segment:orig:8,orig,8,-0.10919760167598724,0.10919760167598724,-0.11445408314466476,-0.10398790240287781,0.017892973497509956,0.01000361330807209,0.07396140694618225,0.07396140694618225,2.2902703285217285,3.6096566543926047,0.1971252682869426,-0.1971252682869426,28.104360766790965,0.000591081625316292,0.0007067021797411144,0.00197196495719254,-0.4155090443840128
0.4875,78,rotor_0_blade_1,rotor_0_blade_1_blade_0,blade_segment,rotor_0_blade_1_blade_0:blade_segment:orig:9,orig,9,-0.11920116096735,0.11920116096735,-0.12444504350423813,-0.11400126665830612,0.017063511535525322,0.01000354066491127,0.06817708164453506,0.06817708164453506,2.5049338340759277,3.190095860627221,0.20065090371484803,-0.20065090371484803,29.99760918069559,0.0005144444876350462,0.0006220713257789612,0.002007219474762678,-0.5814794959376314
0.4875,78,rotor_0_blade_1,rotor_0_blade_1_blade_0,blade_segment,rotor_0_blade_1_blade_0:blade_segment:orig:10,orig,10,-0.12920470535755157,0.12920470535755157,-0.13443583250045776,-0.12401459366083145,0.016236208379268646,0.01000356487929821,0.05915618687868118,0.05915618687868118,2.719433307647705,2.679582537569324,0.19117853040513177,-0.19117853040513177,30.037821717592458,0.000389406515751034,0.0004802701878361404,0.0019124668324366212,-0.747449700264
0.4875,78,rotor_0_blade_1,rotor_0_blade_1_blade_0,blade_segment,rotor_0_blade_1_blade_0:blade_segment:orig:11,orig,11,-0.13920822739601135,0.13920822739601135,-0.14442670345306396,-0.13402801752090454,0.015411393716931343,0.010003484785556793,0.04328460246324539,0.04328460246324539,2.935519218444824,1.9135357715185728,0.15333894337296902,-0.15333894337296902,25.38192074613506,0.00019792234525084496,0.00025756083778105676,0.0015339237870648503,-0.913419533749494
0.525,84,rotor_0_blade_1,rotor_0_blade_1_blade_0,blade_segment,rotor_0_blade_1_blade_0:blade_segment:orig:11,orig,11,0.019090142101049423,0.019090142101049423,0.013871654868125916,0.024270350113511086,0.015411393716931343,0.010003482922911644,0.044067297130823135,0.044067297130823135,2.9725441932678223,1.9238719996880567,0.1584438335233501,-0.1584438335233501,26.226924072521218,-4.361321043688804e-05,0.00033458994585089386,0.001584990182891488,-0.9134193790988718
0.525,84,rotor_0_blade_1,rotor_0_blade_1_blade_0,blade_segment,rotor_0_blade_1_blade_0:blade_segment:orig:10,orig,10,0.029093675315380096,0.029093675315380096,0.023862529546022415,0.03428377956151962,0.016236208379268646,0.010003568604588509,0.059765588492155075,0.059765588492155075,2.7530088424682617,2.6741697577139907,0.1959723263121145,-0.1959723263121145,30.791019194837038,-6.566399679286405e-05,0.0006272593745961785,0.0019604226108640432,-0.747449419176867
0.525,84,rotor_0_blade_1,rotor_0_blade_1_blade_0,blade_segment,rotor_0_blade_1_blade_0:blade_segment:orig:9,orig,9,0.03909721225500107,0.03909721225500107,0.03385329991579056,0.04429708421230316,0.01706349477171898,0.010003534145653248,0.0686485767364502,0.0686485767364502,2.5359063148498535,3.172928929096375,0.20507765277534298,-0.20507765277534298,30.659444884362145,-7.733503298368305e-05,0.0008131169015541673,0.002051501302048564,-0.5814793974480718
0.525,84,rotor_0_blade_1,rotor_0_blade_1_blade_0,blade_segment,rotor_0_blade_1_blade_0:blade_segment:orig:8,orig,8,0.04910076782107353,0.04910076782107353,0.043844278901815414,0.05431047081947327,0.01789296418428421,0.010003620758652687,0.0743473619222641,0.0743473619222641,2.318553924560547,3.5842316042577376,0.2012205266286986,-0.2012205266286986,28.68824106975121,-8.278925815830007e-05,0.0009243866661563516,0.002012933837249875,-0.41550906668532406
0.525,84,rotor_0_blade_1,rotor_0_blade_1_blade_0,blade_segment,rotor_0_blade_1_blade_0:blade_segment:orig:7,orig,7,0.05910434573888779,0.05910434573888779,0.05383498594164848,0.06432409584522247,0.018724270164966583,0.0100035285577178,0.07817051559686661,0.07817051559686661,2.099529266357422,3.976913459516886,0.18982822414650422,-0.18982822414650422,25.86245923481563,-8.445911953458562e-05,0.000988905318081379,0.0018989520613104105,-0.2495383650818334
0.525,84,rotor_0_blade_1,rotor_0_blade_1_blade_0,blade_segment,rotor_0_blade_1_blade_0:blade_segment:orig:6,orig,6,0.06910787522792816,0.06910787522792816,0.0638258084654808,0.07433749735355377,0.019557232037186623,0.01000354252755642,0.08063223212957382,0.08063223212957382,1.878194808959961,4.39026417465872,0.17335504284335618,-0.17335504284335618,22.612210731587524,-8.346352842636406e-05,0.0010202797129750252,0.0017341645434498787,-0.08356846696661914
0.525,84,rotor_0_blade_1,rotor_0_blade_1_blade_0,blade_segment,rotor_0_blade_1_blade_0:blade_segment:orig:5,orig,5,0.07911136746406555,0.07911136746406555,0.07381678372621536,0.0843508169054985,0.02039169892668724,0.010003536939620972,0.08184252679347992,0.08184252679347992,1.6539161205291748,4.8533558408729665,0.15308824205751007,-0.15308824205751007,19.15148076394193,-8.016192441573367e-05,0.001021321746520698,0.0015314238844439387,0.08240081308069025
0.525,84,rotor_0_blade_1,rotor_0_blade_1_blade_0,blade_segment,rotor_0_blade_1_blade_0:blade_segment:orig:4,orig,4,0.08911489695310593,0.08911489695310593,0.08380758762359619,0.09436425566673279,0.021227380260825157,0.0100035285577178,0.08163364231586456,0.08163364231586456,1.4269756078720093,5.3899684187444805,0.1298749526007645,-0.1298749526007645,15.607844704474523,-7.460526103386655e-05,0.0009899052092805505,0.0012992077972739935,0.24837071119590454
0.525,84,rotor_0_blade_1,rotor_0_blade_1_blade_0,blade_segment,rotor_0_blade_1_blade_0:blade_segment:orig:3,orig,3,0.09911847859621048,0.09911847859621048,0.09379840642213821,0.10437775403261185,0.02206413447856903,0.010003602132201195,0.07955040037631989,0.07955040037631989,1.198349952697754,6.017301970736983,0.1044696370620799,-0.1044696370620799,12.078614569614395,-6.650574505329132e-05,0.0009181579807773232,0.0010450726840645075,0.4143414746061857
0.525,84,rotor_0_blade_1,rotor_0_blade_1_blade_0,blade_segment,rotor_0_blade_1_blade_0:blade_segment:orig:2,orig,2,0.10912201553583145,0.10912201553583145,0.10378933697938919,0.11439111083745956,0.022901976481080055,0.01000351831316948,0.07471130788326263,0.07471130788326263,0.9719759821891785,6.712554687960388,0.07781726541439148,-0.07781726541439148,8.667960703896773,-5.55856095161289e-05,0.0007964872056618333,0.000778446439653635,0.5803114963349809
0.525,84,rotor_0_blade_1,rotor_0_blade_1_blade_0,blade_segment,rotor_0_blade_1_blade_0:blade_segment:orig:1,orig,1,0.11912557482719421,0.11912557482719421,0.11378023773431778,0.12440448999404907,0.02374064363539219,0.010003525763750076,0.06535246968269348,0.06535246968269348,0.7599664330482483,7.244444683486084,0.05171290620679023,-0.05171290620679023,5.5567440009204,-4.147449362790212e-05,0.0006115848664194345,0.0005173113895580173,0.7462818889045192
0.525,84,rotor_0_blade_1,rotor_0_blade_1_blade_0,blade_segment,rotor_0_blade_1_blade_0:blade_segment:orig:0,orig,0,0.12912912666797638,0.12912912666797638,0.12377096712589264,0.13441796600818634,0.024579979479312897,0.01000356674194336,0.04695509746670723,0.04695509746670723,0.6208925247192383,6.15339500839179,0.02968691929466669,-0.02968691929466669,3.081041505340895,-2.373665847699158e-05,0.0003424961178097874,0.0002969750785268843,0.9122521578604763
0.5625,90,rotor_0_blade_1,rotor_0_blade_1_blade_0,blade_segment,rotor_0_blade_1_blade_0:blade_segment:orig:11,orig,11,0.08136913180351257,0.08136913180351257,0.07615066319704056,0.08654932677745819,0.015411384403705597,0.010003482922911644,0.04330857843160629,0.04330857843160629,2.9859392642974854,1.882267317421561,0.15658397818931627,-0.15658397818931627,25.919081212216835,-0.000254280079388991,0.00019428887753747404,0.0015663851518183947,-0.9134196720790677
0.5625,90,rotor_0_blade_1,rotor_0_blade_1_blade_0,blade_segment,rotor_0_blade_1_blade_0:blade_segment:orig:10,orig,10,0.09137266874313354,0.09137266874313354,0.08614151924848557,0.09656276553869247,0.016236213967204094,0.01000356487929821,0.059184495359659195,0.059184495359659195,2.760721206665039,2.6407703019118562,0.1949137348683756,-0.1949137348683756,30.62468359217944,-0.0004742706660181284,0.00038326327921822667,0.0019498321926221251,-0.7474496195760436
0.5625,90,rotor_0_blade_1,rotor_0_blade_1_blade_0,blade_segment,rotor_0_blade_1_blade_0:blade_segment:orig:9,orig,9,0.10137620568275452,0.10137620568275452,0.0961323082447052,0.10657607764005661,0.01706351339817047,0.010003537870943546,0.06838351488113403,0.06838351488113403,2.54384446144104,3.1508113683117704,0.2051276871140393,-0.2051276871140393,30.666891624051406,-0.0006209776038303971,0.000512483820784837,0.0020520025864243507,-0.5814795670730196
0.5625,90,rotor_0_blade_1,rotor_0_blade_1_blade_0,blade_segment,rotor_0_blade_1_blade_0:blade_segment:orig:8,orig,8,0.11137975752353668,0.11137975752353668,0.10612326860427856,0.11658944934606552,0.017892979085445404,0.010003621689975262,0.07439149916172028,0.07439149916172028,2.330610990524292,3.5678029649182648,0.2025510256805806,-0.2025510256805806,28.87790779489978,-0.0007113580941222608,0.0005940444534644485,0.002026243833824992,-0.41550926734278776
0.5625,90,rotor_0_blade_1,rotor_0_blade_1_blade_0,blade_segment,rotor_0_blade_1_blade_0:blade_segment:orig:7,orig,7,0.12138333916664124,0.12138333916664124,0.11611396819353104,0.12660308182239532,0.01872425340116024,0.010003523901104927,0.07845663279294968,0.07845663279294968,2.1156668663024902,3.961027579338829,0.19218965205197705,-0.19218965205197705,26.184206874278377,-0.0007634952780790627,0.0006430409848690033,0.001922573777846992,-0.24953847315814032
0.5625,90,rotor_0_blade_1,rotor_0_blade_1_blade_0,blade_segment,rotor_0_blade_1_blade_0:blade_segment:orig:6,orig,6,0.1313868761062622,0.1313868761062622,0.12610481679439545,0.13661648333072662,0.019557209685444832,0.010003539733588696,0.0811011865735054,0.0811011865735054,1.8972443342208862,4.371465419953318,0.17638908116481006,-0.17638908116481006,23.007993116905737,-0.0007883728831075132,0.000668829248752445,0.0017645151820033789,-0.08356842065511626
0.5625,90,rotor_0_blade_1,rotor_0_blade_1_blade_0,blade_segment,rotor_0_blade_1_blade_0:blade_segment:orig:5,orig,5,0.1413903683423996,0.1413903683423996,0.13609579205513,0.14662982523441315,0.02039169892668724,0.010003535076975822,0.08245101571083069,0.08245101571083069,1.674760341644287,4.828585513846655,0.15647290892817142,-0.15647290892817142,19.574905721957133,-0.0007890533306635916,0.0006738738156855106,0.0015652822330594063,0.08240089016628441
0.5625,90,rotor_0_blade_1,rotor_0_blade_1_blade_0,blade_segment,rotor_0_blade_1_blade_0:blade_segment:orig:4,orig,4,0.15139390528202057,0.15139390528202057,0.14608658850193024,0.15664324164390564,0.021227378398180008,0.010003534145653248,0.08234500885009766,0.08234500885009766,1.4486083984375,5.355745305633591,0.1333378851159548,-0.1333378851159548,16.024007285859334,-0.0007638803217560053,0.0006564490031450987,0.0013338500866666436,0.24837094266930845
0.5625,90,rotor_0_blade_1,rotor_0_blade_1_blade_0,blade_segment,rotor_0_blade_1_blade_0:blade_segment:orig:3,orig,3,0.16139747202396393,0.16139747202396393,0.15607739984989166,0.16665677726268768,0.02206416055560112,0.010003600269556046,0.08032487332820892,0.08032487332820892,1.2202763557434082,5.96670325652354,0.10777509234463961,-0.10777509234463961,12.460771365854741,-0.0007074205786921084,0.0006114874850027263,0.0010781389428302646,0.4143414896267481
0.5625,90,rotor_0_blade_1,rotor_0_blade_1_blade_0,blade_segment,rotor_0_blade_1_blade_0:blade_segment:orig:2,orig,2,0.1714009940624237,0.1714009940624237,0.16606831550598145,0.17667008936405182,0.02290199138224125,0.010003529489040375,0.07549504935741425,0.07549504935741425,0.9939440488815308,6.633050203744887,0.08075918346428074,-0.08075918346428074,8.995651152140985,-0.0006120163016021252,0.0005317801842465997,0.0008078768732957542,0.5803112949025644
0.5625,90,rotor_0_blade_1,rotor_0_blade_1_blade_0,blade_segment,rotor_0_blade_1_blade_0:blade_segment:orig:1,orig,1,0.18140457570552826,0.18140457570552826,0.17605923116207123,0.18668347597122192,0.023740632459521294,0.010003512725234032,0.0660683736205101,0.0660683736205101,0.7824243307113647,7.113592451030041,0.054113935467113045,-0.054113935467113045,5.814746257413685,-0.0004684595623984933,0.00040858512511476874,0.0005413294420577586,0.7462820890872118
0.5625,90,rotor_0_blade_1,rotor_0_blade_1_blade_0,blade_segment,rotor_0_blade_1_blade_0:blade_segment:orig:0,orig,0,0.19140812754631042,0.19140812754631042,0.1860499531030655,0.1966969519853592,0.02457997016608715,0.010003571398556232,0.0474567636847496,0.0474567636847496,0.6462076902389526,5.975505360648662,0.03147172692515482,-0.03147172692515482,3.2662780761621932,-0.00026127201272174716,0.00022705591982230544,0.00031482966733165085,0.9122523888174436
0.6,96,rotor_0_blade_1,rotor_0_blade_1_blade_0,blade_segment,rotor_0_blade_1_blade_0:blade_segment:orig:11,orig,11,0.01114659570157528,0.01114659570157528,0.005928100552409887,0.016326777637004852,0.015411393716931343,0.010003490373492241,0.04438619688153267,0.04438619688153267,3.04888916015625,1.8892715254669976,0.1641080912444701,-0.1641080912444701,27.16451851135505,-0.00033326103584840894,-4.4440697820391506e-05,0.001641653710976243,-0.9134192574586331
0.6,96,rotor_0_blade_1,rotor_0_blade_1_blade_0,blade_segment,rotor_0_blade_1_blade_0:blade_segment:orig:10,orig,10,0.0211501307785511,0.0211501307785511,0.01591898873448372,0.026340223848819733,0.016236238181591034,0.010003557428717613,0.06014760583639145,0.06014760583639145,2.815209150314331,2.6317962366723617,0.20223432345508033,-0.20223432345508033,31.774840981942642,-0.0006243290845304728,-6.646680412814021e-05,0.0020230626687407494,-0.7474492852259873
0.6,96,rotor_0_blade_1,rotor_0_blade_1_blade_0,blade_segment,rotor_0_blade_1_blade_0:blade_segment:orig:9,orig,9,0.031153669580817223,0.031153669580817223,0.025909775868058205,0.03635353222489357,0.017063524574041367,0.010003538802266121,0.06925414502620697,0.06925414502620697,2.5918192863464355,3.1318597708400757,0.2118619834361429,-0.2118619834361429,31.673658107056788,-0.0008198217838071287,-7.87836397648789e-05,0.0021193695720285177,-0.581479251186558
0.6,96,rotor_0_blade_1,rotor_0_blade_1_blade_0,blade_segment,rotor_0_blade_1_blade_0:blade_segment:orig:8,orig,8,0.041157230734825134,0.041157230734825134,0.03590072691440582,0.04636692255735397,0.017892993986606598,0.010003630071878433,0.07522812485694885,0.07522812485694885,2.373885154724121,3.542154595431307,0.2088043029364372,-0.2088043029364372,29.769419164946335,-0.0009413991938345134,-8.495596557622775e-05,0.0020888010039925575,-0.4155088463064272
0.6,96,rotor_0_blade_1,rotor_0_blade_1_blade_0,blade_segment,rotor_0_blade_1_blade_0:blade_segment:orig:7,orig,7,0.05116081237792969,0.05116081237792969,0.04589143022894859,0.05638055130839348,0.018724270164966583,0.010003521107137203,0.07929559797048569,0.07929559797048569,2.155712604522705,3.929011629878547,0.19805645068115765,-0.19805645068115765,26.983484173462628,-0.0010135483462363482,-8.715756848687306e-05,0.001981261884793639,-0.24953810148898684
0.6,96,rotor_0_blade_1,rotor_0_blade_1_blade_0,blade_segment,rotor_0_blade_1_blade_0:blade_segment:orig:6,orig,6,0.061164334416389465,0.061164334416389465,0.0558822825551033,0.06639397144317627,0.019557204097509384,0.010003545321524143,0.08196283131837845,0.08196283131837845,1.9348102807998657,4.3321331207365485,0.18192010222297736,-0.18192010222297736,23.729460055339068,-0.001049721147865057,-8.648126822663471e-05,0.001819845987483859,-0.08356834558008353
0.6,96,rotor_0_blade_1,rotor_0_blade_1_blade_0,blade_segment,rotor_0_blade_1_blade_0:blade_segment:orig:5,orig,5,0.07116784155368805,0.07116784155368805,0.06587325036525726,0.0764072835445404,0.02039169892668724,0.010003539733588696,0.083346888422966,0.083346888422966,1.7104631662368774,4.779167478396037,0.16167641214651707,-0.16167641214651707,20.225868790393307,-0.0010543601820245385,-8.337920007761568e-05,0.0016173364128917456,0.0824011631016855
0.6,96,rotor_0_blade_1,rotor_0_blade_1_blade_0,blade_segment,rotor_0_blade_1_blade_0:blade_segment:orig:4,orig,4,0.08117137104272842,0.08117137104272842,0.07586405426263809,0.0864207074046135,0.021227365359663963,0.010003532283008099,0.08327978849411011,0.08327978849411011,1.4825938940048218,5.292383503863308,0.13817894928234814,-0.13817894928234814,16.605796980704863,-0.0010245114099234343,-7.786231435602531e-05,0.0013822775799781084,0.24837104262415596
0.6,96,rotor_0_blade_1,rotor_0_blade_1_blade_0,blade_segment,rotor_0_blade_1_blade_0:blade_segment:orig:3,orig,3,0.09117495268583298,0.09117495268583298,0.08585486561059952,0.09643424302339554,0.02206413447856903,0.010003609582781792,0.08129262179136276,0.08129262179136276,1.2521682977676392,5.884797539853272,0.11217471796228648,-0.11217471796228648,12.969463863615378,-0.0009521111496724188,-6.962231418583542e-05,0.0011221520835533738,0.41434178744159633
0.6,96,rotor_0_blade_1,rotor_0_blade_1_blade_0,blade_segment,rotor_0_blade_1_blade_0:blade_segment:orig:2,orig,2,0.10117848962545395,0.10117848962545395,0.0958457961678505,0.10644758492708206,0.02290199138224125,0.010003525763750076,0.0764654129743576,0.0764654129743576,1.0232676267623901,6.5257818643054515,0.08459186116379505,-0.08459186116379505,9.422567696915985,-0.0008267277735285461,-5.834465991938487e-05,0.0008462168625555933,0.5803117905776338
0.6,96,rotor_0_blade_1,rotor_0_blade_1_blade_0,blade_segment,rotor_0_blade_1_blade_0:blade_segment:orig:1,orig,1,0.1111820712685585,0.1111820712685585,0.10583671927452087,0.11646094918251038,0.02374064177274704,0.010003507137298584,0.06695950776338577,0.06695950776338577,0.8081498146057129,6.980040065727309,0.0572232888850987,-0.0572232888850987,6.148855585516791,-0.0006338282837532461,-4.360147431725636e-05,0.0005724335787817836,0.7462825353950743
0.6,96,rotor_0_blade_1,rotor_0_blade_1_blade_0,blade_segment,rotor_0_blade_1_blade_0:blade_segment:orig:0,orig,0,0.12118561565876007,0.12118561565876007,0.11582742631435394,0.12647442519664764,0.024580009281635284,0.010003584437072277,0.048090867698192596,0.048090867698192596,0.6696930527687073,5.842985014762326,0.03367328546995434,-0.03367328546995434,3.4947602118255228,-0.000351873371982947,-2.4942299205577e-05,0.00033685355447232723,0.9122526621446789
0.6375,102,rotor_0_blade_1,rotor_0_blade_1_blade_0,blade_segment,rotor_0_blade_1_blade_0:blade_segment:orig:0,orig,0,0.0404030866920948,0.0404030866920948,0.035114265978336334,0.04576127603650093,0.02457999624311924,0.010003580711781979,0.048294540494680405,0.048294540494680405,0.6774163246154785,5.8008356818838305,0.034909375298789354,-0.034909375298789354,3.623048919235353,-0.0002340707287658006,-0.0002700509794522077,0.0003492187533993274,-0.9122524831646059
0.6375,102,rotor_0_blade_1,rotor_0_blade_1_blade_0,blade_segment,rotor_0_blade_1_blade_0:blade_segment:orig:1,orig,1,0.05040663480758667,0.05040663480758667,0.0451277419924736,0.055751971900463104,0.023740649223327637,0.01000350620597601,0.06721516698598862,0.06721516698598862,0.8215761184692383,6.892184260111123,0.05912110658574572,-0.05912110658574572,6.352781174376544,-0.00042112235678359866,-0.0004837616579607129,0.0005914183566346765,-0.746282306789691
0.6375,102,rotor_0_blade_1,rotor_0_blade_1_blade_0,blade_segment,rotor_0_blade_1_blade_0:blade_segment:orig:2,orig,2,0.060410212725400925,0.060410212725400925,0.05514111742377281,0.06574290245771408,0.0229019857943058,0.010003523901104927,0.07666388899087906,0.07666388899087906,1.041150450706482,6.430344041736149,0.08680024824037384,-0.08680024824037384,9.668559167034584,-0.0005461915861815214,-0.0006296581123024225,0.0008683083578944206,-0.5803116359605438
0.6375,102,rotor_0_blade_1,rotor_0_blade_1_blade_0,blade_segment,rotor_0_blade_1_blade_0:blade_segment:orig:3,orig,3,0.0704137459397316,0.0704137459397316,0.06515445560216904,0.07573383301496506,0.02206413447856903,0.010003617033362389,0.08138031512498856,0.08138031512498856,1.2722731828689575,5.79805183819621,0.11444772942795947,-0.11444772942795947,13.232265862150738,-0.0006246845587156713,-0.0007238725083880126,0.0011448912555351853,-0.4143417068127449
0.6375,102,rotor_0_blade_1,rotor_0_blade_1_blade_0,blade_segment,rotor_0_blade_1_blade_0:blade_segment:orig:4,orig,4,0.08041732758283615,0.08041732758283615,0.07516799122095108,0.08572463691234589,0.021227365359663963,0.010003534145653248,0.08324211835861206,0.08324211835861206,1.5036576986312866,5.21588541708103,0.140330822040304,-0.140330822040304,16.864400496888127,-0.0006674149772152305,-0.0007779281004332006,0.0014038041699677706,-0.2483709741768187
0.6375,102,rotor_0_blade_1,rotor_0_blade_1_blade_0,blade_segment,rotor_0_blade_1_blade_0:blade_segment:orig:5,orig,5,0.09042085707187653,0.09042085707187653,0.08518142253160477,0.09571545571088791,0.020391706377267838,0.010003525763750076,0.0831860899925232,0.0831860899925232,1.7316161394119263,4.7116770287078165,0.16355067132139003,-0.16355067132139003,20.46033287213158,-0.0006820267881266773,-0.000799972505774349,0.001636083354242146,-0.08240110683579886
0.6375,102,rotor_0_blade_1,rotor_0_blade_1_blade_0,blade_segment,rotor_0_blade_1_blade_0:blade_segment:orig:6,orig,6,0.1004243716597557,0.1004243716597557,0.0951947271823883,0.10570642352104187,0.019557232037186623,0.010003561154007912,0.08168651908636093,0.08168651908636093,1.955294132232666,4.2722917256075865,0.18336743553492232,-0.18336743553492232,23.91821446678707,-0.0006741979741491377,-0.0007961561786942184,0.0018343273550271988,0.08356851327810486
0.6375,102,rotor_0_blade_1,rotor_0_blade_1_blade_0,blade_segment,rotor_0_blade_1_blade_0:blade_segment:orig:7,orig,7,0.11042788624763489,0.11042788624763489,0.1052081286907196,0.11569726467132568,0.018724270164966583,0.010003522038459778,0.07891011238098145,0.07891011238098145,2.1746902465820312,3.8757910196828727,0.1989180678136521,-0.1989180678136521,27.100872080689523,-0.0006459573633037508,-0.0007684748852625489,0.0019898812752217054,0.24953813339200856
0.6375,102,rotor_0_blade_1,rotor_0_blade_1_blade_0,blade_segment,rotor_0_blade_1_blade_0:blade_segment:orig:8,orig,8,0.12043147534132004,0.12043147534132004,0.1152217909693718,0.12568797171115875,0.0178929902613163,0.010003628209233284,0.07473314553499222,0.07473314553499222,2.3904061317443848,3.494528913387698,0.20888466252825305,-0.20888466252825305,29.780882305284916,-0.0005949577898718417,-0.0007139925728552043,0.002089604502543807,0.41550898964149285
0.6375,102,rotor_0_blade_1,rotor_0_blade_1_blade_0,blade_segment,rotor_0_blade_1_blade_0:blade_segment:orig:9,orig,9,0.130435049533844,0.130435049533844,0.1252351850271225,0.13567891716957092,0.01706353761255741,0.010003538802266121,0.06863504648208618,0.06863504648208618,2.604442596435547,3.0888161827752083,0.2109064586530131,-0.2109064586530131,31.530781743718443,-0.0005120808491483331,-0.0006219905335456133,0.0021098109427839518,0.581479598663861
0.6375,102,rotor_0_blade_1,rotor_0_blade_1_blade_0,blade_segment,rotor_0_blade_1_blade_0:blade_segment:orig:10,orig,10,0.14043857157230377,0.14043857157230377,0.13524848222732544,0.14566971361637115,0.01623620092868805,0.010003551840782166,0.059370122849941254,0.059370122849941254,2.8222033977508545,2.5913448734013502,0.19992539030904463,-0.19992539030904463,31.412135944143564,-0.0003819558769464493,-0.0004740650183521211,0.0019999640062451363,0.7474493423913228
0.6375,102,rotor_0_blade_1,rotor_0_blade_1_blade_0,blade_segment,rotor_0_blade_1_blade_0:blade_segment:orig:11,orig,11,0.15044212341308594,0.15044212341308594,0.14526192843914032,0.15566059947013855,0.015411374159157276,0.010003498755395412,0.043446239084005356,0.043446239084005356,3.0483031272888184,1.8496206583782726,0.16031715571154925,-0.16031715571154925,26.53704541692948,-0.00019300947315059602,-0.0002537678519729525,0.0016037324676290154,0.9134195805730169
0.675,108,rotor_0_blade_1,rotor_0_blade_1_blade_0,blade_segment,rotor_0_blade_1_blade_0:blade_segment:orig:0,orig,0,0.19870147109031677,0.19870147109031677,0.193412646651268,0.2040596753358841,0.024580009281635284,0.0100035909563303,0.0482030063867569,0.0482030063867569,0.6584975123405457,5.956181731318547,0.03385332538300392,-0.03385332538300392,3.5134455380681198,2.5476359951426275e-05,-0.00036020585685037076,0.00033865481964312494,-0.9122524159344314
0.675,108,rotor_0_blade_1,rotor_0_blade_1_blade_0,blade_segment,rotor_0_blade_1_blade_0:blade_segment:orig:1,orig,1,0.20870503783226013,0.20870503783226013,0.20342612266540527,0.21405033767223358,0.023740658536553383,0.010003495961427689,0.06703782826662064,0.06703782826662064,0.8058297634124756,7.008319082088304,0.05757795797330124,-0.05757795797330124,6.1869617316682195,4.415801231516525e-05,-0.0006420117570087314,0.0005759808700531721,-0.7462819202675195
0.675,108,rotor_0_blade_1,rotor_0_blade_1_blade_0,blade_segment,rotor_0_blade_1_blade_0:blade_segment:orig:2,orig,2,0.2187086045742035,0.2187086045742035,0.21343949437141418,0.22404128313064575,0.022901974618434906,0.010003526695072651,0.07643250375986099,0.07643250375986099,1.0250344276428223,6.51173473744098,0.08465388077967044,-0.08465388077967044,9.42948287635109,5.8681056543719023e-05,-0.0008317811880260706,0.0008468373562209308,-0.5803114246006077
0.675,108,rotor_0_blade_1,rotor_0_blade_1_blade_0,blade_segment,rotor_0_blade_1_blade_0:blade_segment:orig:3,orig,3,0.22871214151382446,0.22871214151382446,0.2234528660774231,0.23403221368789673,0.02206413447856903,0.01000361517071724,0.0811251848936081,0.0811251848936081,1.253814697265625,5.864965248019873,0.11169309115283997,-0.11169309115283997,12.913778931980737,6.964592466829345e-05,-0.0009531548130325973,0.0011173347011208534,-0.4143414233879586
0.675,108,rotor_0_blade_1,rotor_0_blade_1_blade_0,blade_segment,rotor_0_blade_1_blade_0:blade_segment:orig:4,orig,4,0.23871570825576782,0.23871570825576782,0.23346638679504395,0.24402302503585815,0.021227365359663963,0.010003549978137016,0.08299268037080765,0.08299268037080765,1.481865644454956,5.276729872531522,0.13704510563501573,-0.13704510563501573,16.469536157234632,7.753405952826142e-05,-0.001021232339553535,0.0013709375634789467,-0.2483709277210467
0.675,108,rotor_0_blade_1,rotor_0_blade_1_blade_0,blade_segment,rotor_0_blade_1_blade_0:blade_segment:orig:5,orig,5,0.2487192302942276,0.2487192302942276,0.24347981810569763,0.2540138363838196,0.020391684025526047,0.010003514587879181,0.0829685777425766,0.0829685777425766,1.7061958312988281,4.769377203663871,0.15985068277338307,-0.15985068277338307,19.9974829691984,8.273499406641349e-05,-0.0010474994778633118,0.0015990686370059848,-0.08240117373552902
0.675,108,rotor_0_blade_1,rotor_0_blade_1_blade_0,blade_segment,rotor_0_blade_1_blade_0:blade_segment:orig:6,orig,6,0.25872278213500977,0.25872278213500977,0.25349316000938416,0.26400479674339294,0.01955721713602543,0.010003570467233658,0.08152072131633759,0.08152072131633759,1.9263092279434204,4.32777771952081,0.17939591678884362,-0.17939591678884362,23.400192455116578,8.559441630495712e-05,-0.0010405813809484243,0.0017945996951311827,0.08356907470425146
0.675,108,rotor_0_blade_1,rotor_0_blade_1_blade_0,blade_segment,rotor_0_blade_1_blade_0:blade_segment:orig:7,orig,7,0.26872628927230835,0.26872628927230835,0.26350656151771545,0.27399563789367676,0.018724270164966583,0.010003510862588882,0.07880658656358719,0.07880658656358719,2.142390012741089,3.9290637792603915,0.19483476827702859,-0.19483476827702859,26.544557716562277,8.60752334119752e-05,-0.0010029720142483711,0.0019490317208692431,0.24953858146263774
0.675,108,rotor_0_blade_1,rotor_0_blade_1_blade_0,blade_segment,rotor_0_blade_1_blade_0:blade_segment:orig:8,orig,8,0.2787298560142517,0.2787298560142517,0.2735201418399811,0.2839863896369934,0.017893008887767792,0.010003638453781605,0.07468857616186142,0.07468857616186142,2.35524845123291,3.5445741947394014,0.204869092034735,-0.204869092034735,29.208348247106148,8.372549928026274e-05,-0.0009301500977016985,0.002049436327069998,0.4155090771295496
0.675,108,rotor_0_blade_1,rotor_0_blade_1_blade_0,blade_segment,rotor_0_blade_1_blade_0:blade_segment:orig:9,orig,9,0.28873345255851746,0.28873345255851746,0.28353357315063477,0.2939772605895996,0.01706353947520256,0.010003535076975822,0.06862940639257431,0.06862940639257431,2.5669636726379395,3.1336565364965168,0.2071631521353173,-0.2071631521353173,30.971149314280943,7.734698010608554e-05,-0.000806892872788012,0.0020723638590425253,0.5814800672507243
0.675,108,rotor_0_blade_1,rotor_0_blade_1_blade_0,blade_segment,rotor_0_blade_1_blade_0:blade_segment:orig:10,orig,10,0.2987369894981384,0.2987369894981384,0.2935468554496765,0.3039681613445282,0.016236238181591034,0.010003556497395039,0.0593734085559845,0.0593734085559845,2.783080577850342,2.627911790324398,0.19667792918078245,-0.19667792918078245,30.901826245954922,6.479390140157193e-05,-0.0006092138355597854,0.0019674787763506174,0.7474500684633734
0.675,108,rotor_0_blade_1,rotor_0_blade_1_blade_0,blade_segment,rotor_0_blade_1_blade_0:blade_segment:orig:11,orig,11,0.3087405264377594,0.3087405264377594,0.3035602569580078,0.3139589726924896,0.015411363914608955,0.010003496892750263,0.043436598032712936,0.043436598032712936,3.008056163787842,1.8739533828194346,0.1579108143030561,-0.1579108143030561,26.138744902059955,4.2696603486547247e-05,-0.0003183522494509816,0.0015796603402122855,0.9134200696760224
0.7125,114,rotor_0_blade_1,rotor_0_blade_1_blade_0,blade_segment,rotor_0_blade_1_blade_0:blade_segment:orig:0,orig,0,0.2609805464744568,0.2609805464744568,0.2556917369365692,0.2663387656211853,0.024580031633377075,0.01000358909368515,0.04779927060008049,0.04779927060008049,0.6318318843841553,6.155556041602646,0.03177108877328495,-0.03177108877328495,3.2973389562347495,0.00027149220113642514,-0.00023608317133039236,0.00031782491714693606,-0.9122526523148002
0.7125,114,rotor_0_blade_1,rotor_0_blade_1_blade_0,blade_segment,rotor_0_blade_1_blade_0:blade_segment:orig:1,orig,1,0.27098405361175537,0.27098405361175537,0.2657051980495453,0.2763294279575348,0.02374066412448883,0.010003493167459965,0.06644883006811142,0.06644883006811142,0.7808533906936646,7.168940408193556,0.05474224919094002,-0.05474224919094002,5.882253088732992,0.00048033599159680307,-0.00041903703822754323,0.0005476137157529593,-0.7462831250403289
0.7125,114,rotor_0_blade_1,rotor_0_blade_1_blade_0,blade_segment,rotor_0_blade_1_blade_0:blade_segment:orig:2,orig,2,0.2809876799583435,0.2809876799583435,0.2757185697555542,0.28632035851478577,0.022901970893144608,0.010003533214330673,0.0757889598608017,0.0757889598608017,0.9994466304779053,6.622218038429105,0.08126048182458367,-0.08126048182458367,9.051498164891326,0.000622524821665138,-0.0005410427693277597,0.0008128919289447367,-0.580311619948562
0.7125,114,rotor_0_blade_1,rotor_0_blade_1_blade_0,blade_segment,rotor_0_blade_1_blade_0:blade_segment:orig:3,orig,3,0.29099124670028687,0.29099124670028687,0.2857319414615631,0.29631125926971436,0.02206413447856903,0.01000361517071724,0.08050063252449036,0.08050063252449036,1.227072834968567,5.946645519069709,0.10793062757766751,-0.10793062757766751,12.478768831106011,0.0007150793098844588,-0.000618280319031328,0.0010796964634209871,-0.41434110376544275
0.7125,114,rotor_0_blade_1,rotor_0_blade_1_blade_0,blade_segment,rotor_0_blade_1_blade_0:blade_segment:orig:4,orig,4,0.30099478363990784,0.30099478363990784,0.29574546217918396,0.30630213022232056,0.02122737467288971,0.010003559291362762,0.08242421597242355,0.08242421597242355,1.4544634819030762,5.3393170894469675,0.13310250957989953,-0.13310250957989953,15.995723613891776,0.0007690369384363294,-0.0006610965356230736,0.001331498846411705,-0.24837108203664748
0.7125,114,rotor_0_blade_1,rotor_0_blade_1_blade_0,blade_segment,rotor_0_blade_1_blade_0:blade_segment:orig:5,orig,5,0.3109983205795288,0.3109983205795288,0.30575892329216003,0.3162929117679596,0.020391684025526047,0.010003522038459778,0.08247610181570053,0.08247610181570053,1.6784824132919312,4.819347402836468,0.1558881107325066,-0.1558881107325066,19.501761177293464,0.0007922531804069877,-0.0006768636521883309,0.001559430151246488,-0.0824010603078522
0.7125,114,rotor_0_blade_1,rotor_0_blade_1_blade_0,blade_segment,rotor_0_blade_1_blade_0:blade_segment:orig:6,orig,6,0.3210018575191498,0.3210018575191498,0.31577223539352417,0.32628387212753296,0.019557209685444832,0.01000356674194336,0.08111293613910675,0.08111293613910675,1.8987128734588623,4.368717184511019,0.1755508531224677,-0.1755508531224677,22.898655594984014,0.000790929130744189,-0.0006713150651194155,0.0017561346758157015,0.08356896142094306
0.7125,114,rotor_0_blade_1,rotor_0_blade_1_blade_0,blade_segment,rotor_0_blade_1_blade_0:blade_segment:orig:7,orig,7,0.331005334854126,0.331005334854126,0.3257856070995331,0.33627477288246155,0.01872424967586994,0.010003509931266308,0.07848311960697174,0.07848311960697174,2.115095853805542,3.9634353232240227,0.19122498984516328,-0.19122498984516328,26.052785029590787,0.0007660480332560837,-0.0006455519469454885,0.0019129210850223899,0.2495379942410905
0.7125,114,rotor_0_blade_1,rotor_0_blade_1_blade_0,blade_segment,rotor_0_blade_1_blade_0:blade_segment:orig:8,orig,8,0.3410089313983917,0.3410089313983917,0.3357992470264435,0.34626543521881104,0.0178929902613163,0.010003632865846157,0.07444117963314056,0.07444117963314056,2.3285021781921387,3.573416744745815,0.20159672662174916,-0.20159672662174916,28.741834445795966,0.0007140315719880164,-0.0005966608296148479,0.0020166996400803328,0.4155090048785336
0.7125,114,rotor_0_blade_1,rotor_0_blade_1_blade_0,blade_segment,rotor_0_blade_1_blade_0:blade_segment:orig:9,orig,9,0.35101252794265747,0.35101252794265747,0.3458126485347748,0.3562563359737396,0.01706354320049286,0.010003568604588509,0.0684434100985527,0.0684434100985527,2.5411899089813232,3.156859814641199,0.20431707203537763,-0.20431707203537763,30.545650125195422,0.0006234453758224845,-0.0005148827913217247,0.0020438998471945524,0.5814800155159767
0.7125,114,rotor_0_blade_1,rotor_0_blade_1_blade_0,blade_segment,rotor_0_blade_1_blade_0:blade_segment:orig:10,orig,10,0.36101606488227844,0.36101606488227844,0.3558259606361389,0.3662472665309906,0.01623627170920372,0.010003522038459778,0.0592331737279892,0.0592331737279892,2.7584803104400635,2.6450799264198466,0.1943493743715786,-0.1943493743715786,30.535903144230804,0.00047560190432704985,-0.0003845884930342436,0.0019441782496869564,0.747450037244772
0.7125,114,rotor_0_blade_1,rotor_0_blade_1_blade_0,blade_segment,rotor_0_blade_1_blade_0:blade_segment:orig:11,orig,11,0.3710196018218994,0.3710196018218994,0.3658393621444702,0.37623804807662964,0.015411404892802238,0.01000351645052433,0.043337613344192505,0.043337613344192505,2.984686851501465,1.8843170738162722,0.1562804260867088,-0.1562804260867088,25.868800353810848,0.0002547750191297382,-0.00019480730406939983,0.001563353813253343,0.9134200589735673
0.75,120,rotor_0_blade_1,rotor_0_blade_1_blade_0,blade_segment,rotor_0_blade_1_blade_0:blade_segment:orig:0,orig,0,0.19075806438922882,0.19075806438922882,0.18546925485134125,0.19611625373363495,0.024580039083957672,0.0100035909563303,0.04737186059355736,0.04737186059355736,0.6082560420036316,6.336966882982393,0.029708437635051484,-0.029708437635051484,3.083267298428533,0.00035487531567923725,2.4445595045108348e-05,0.00029719105805270374,-0.9122526848550798
0.75,120,rotor_0_blade_1,rotor_0_blade_1_blade_0,blade_segment,rotor_0_blade_1_blade_0:blade_segment:orig:1,orig,1,0.2007615864276886,0.2007615864276886,0.19548271596431732,0.20610693097114563,0.02374068833887577,0.010003489442169666,0.06585489213466644,0.06585489213466644,0.7552059888839722,7.34614178664454,0.05190674731279149,-0.05190674731279149,5.577562445797865,0.0006276331259869039,4.2401228711241856e-05,0.0005192485987208784,-0.7462829719017782
0.75,120,rotor_0_blade_1,rotor_0_blade_1_blade_0,blade_segment,rotor_0_blade_1_blade_0:blade_segment:orig:2,orig,2,0.21076519787311554,0.21076519787311554,0.20549611747264862,0.2160978615283966,0.022901976481080055,0.010003537870943546,0.07517538219690323,0.07517538219690323,0.971710741519928,6.7560938303996965,0.0779479701881081,-0.0779479701881081,8.682519733134749,0.0008126928005367517,5.650270395562984e-05,0.000779755471739918,-0.5803117755860548
0.75,120,rotor_0_blade_1,rotor_0_blade_1_blade_0,blade_segment,rotor_0_blade_1_blade_0:blade_segment:orig:3,orig,3,0.2207687497138977,0.2207687497138977,0.21550947427749634,0.22608879208564758,0.022064121440052986,0.01000362727791071,0.07993477582931519,0.07993477582931519,1.1985539197921753,6.0453512742154185,0.10436620969894463,-0.10436620969894463,12.066663591750753,0.0009330078610219061,6.730568566126749e-05,0.0010440406622365117,-0.4143415681786127
0.75,120,rotor_0_blade_1,rotor_0_blade_1_blade_0,blade_segment,rotor_0_blade_1_blade_0:blade_segment:orig:4,orig,4,0.23077233135700226,0.23077233135700226,0.225522980093956,0.23607966303825378,0.021227380260825157,0.010003553703427315,0.08193673193454742,0.08193673193454742,1.425567865371704,5.415322642444494,0.12944627684305174,-0.12944627684305174,15.556328191698412,0.0010025547817349434,7.522749365307391e-05,0.0012949227821081877,-0.2483708663170299
0.75,120,rotor_0_blade_1,rotor_0_blade_1_blade_0,blade_segment,rotor_0_blade_1_blade_0:blade_segment:orig:5,orig,5,0.24077582359313965,0.24077582359313965,0.23553642630577087,0.24607042968273163,0.020391713827848434,0.010003525763750076,0.08207453787326813,0.08207453787326813,1.6497716903686523,4.879337590985379,0.15227229182128932,-0.15227229182128932,19.04939071395782,0.001031980151310563,8.060702384682372e-05,0.0015232597943395376,-0.08240164781786881
0.75,120,rotor_0_blade_1,rotor_0_blade_1_blade_0,blade_segment,rotor_0_blade_1_blade_0:blade_segment:orig:6,orig,6,0.250779390335083,0.250779390335083,0.2455497682094574,0.2560613751411438,0.01955721713602543,0.010003570467233658,0.08079616725444794,0.08079616725444794,1.8704229593276978,4.417472685599532,0.17208219768049385,-0.17208219768049385,22.44619953397618,0.0010289582423865795,8.372058073291555e-05,0.0017214363906532526,0.08356880681664368
0.75,120,rotor_0_blade_1,rotor_0_blade_1_blade_0,blade_segment,rotor_0_blade_1_blade_0:blade_segment:orig:7,orig,7,0.2607828974723816,0.2607828974723816,0.2555631697177887,0.26605233550071716,0.018724270164966583,0.010003495030105114,0.0782463550567627,0.0782463550567627,2.0873661041259766,4.003967890485316,0.18799004782625656,-0.18799004782625656,25.612023556124782,0.0009949952363967896,8.448294101981446e-05,0.0018805575091391802,0.24953827254287506
0.75,120,rotor_0_blade_1,rotor_0_blade_1_blade_0,blade_segment,rotor_0_blade_1_blade_0:blade_segment:orig:8,orig,8,0.27078646421432495,0.27078646421432495,0.2655768096446991,0.27604299783706665,0.017893008887767792,0.010003638453781605,0.07427734136581421,0.07427734136581421,2.3015637397766113,3.6072808953114675,0.19867001976013202,-0.19867001976013202,28.324541617188125,0.0009258505306206644,8.244361379183829e-05,0.001987423049286008,0.4155087271773875
0.75,120,rotor_0_blade_1,rotor_0_blade_1_blade_0,blade_segment,rotor_0_blade_1_blade_0:blade_segment:orig:9,orig,9,0.2807900905609131,0.2807900905609131,0.275590181350708,0.28603386878967285,0.017063526436686516,0.010003572329878807,0.06834178417921066,0.06834178417921066,2.5148370265960693,3.1852070820027265,0.20177290286590374,-0.20177290286590374,30.165323383483255,0.0008050653850659728,7.634589564986527e-05,0.002018449828028679,0.5814801707201811
0.75,120,rotor_0_blade_1,rotor_0_blade_1_blade_0,blade_segment,rotor_0_blade_1_blade_0:blade_segment:orig:10,orig,10,0.2907935678958893,0.2907935678958893,0.28560352325439453,0.2960248291492462,0.016236253082752228,0.010003534145653248,0.059177957475185394,0.059177957475185394,2.7328684329986572,2.6673833173493557,0.1922774806718757,-0.1922774806718757,30.210404748201093,0.0006094638956710696,6.407649925677106e-05,0.001923454343341291,0.747449141992272
0.75,120,rotor_0_blade_1,rotor_0_blade_1_blade_0,blade_segment,rotor_0_blade_1_blade_0:blade_segment:orig:11,orig,11,0.30079710483551025,0.30079710483551025,0.29561689496040344,0.30601561069488525,0.015411408618092537,0.010003503412008286,0.04331047832965851,0.04331047832965851,2.959719657897949,1.8990222944533939,0.1548456035556615,-0.1548456035556615,25.63129072582733,0.00031906107324175537,4.223193536745384e-05,0.001548998523503542,0.9134191021726439
0.7875,126,rotor_0_blade_1,rotor_0_blade_1_blade_0,blade_segment,rotor_0_blade_1_blade_0:blade_segment:orig:0,orig,0,-0.029169436544179916,0.029169436544179916,-0.03452764078974724,-0.02388063073158264,0.024580053985118866,0.0100035909563303,0.047088440507650375,0.047088440507650375,0.6037207245826721,6.346369969198647,0.02891214010088561,-0.02891214010088561,3.0006223536240957,0.00022995668405201286,0.0002638720616232604,0.0002892252232413739,0.9122527792020799
0.7875,126,rotor_0_blade_1,rotor_0_blade_1_blade_0,blade_segment,rotor_0_blade_1_blade_0:blade_segment:orig:1,orig,1,-0.039172977209091187,0.039172977209091187,-0.044518306851387024,-0.03389410302042961,0.02374069020152092,0.010003482922911644,0.06548970192670822,0.06548970192670822,0.7458821535110474,7.396724659541594,0.05070141180308492,-0.05070141180308492,5.448044481203559,0.000408489431720227,0.00046751461923122406,0.0005071907071396708,0.746282818763341
0.7875,126,rotor_0_blade_1,rotor_0_blade_1_blade_0,blade_segment,rotor_0_blade_1_blade_0:blade_segment:orig:2,orig,2,-0.049176573753356934,0.049176573753356934,-0.054509226232767105,-0.04390750452876091,0.022901970893144608,0.010003543458878994,0.07482882589101791,0.07482882589101791,0.9591478109359741,6.813033561090638,0.07653436554664213,-0.07653436554664213,8.525062290326906,0.0005293685826472938,0.0006082840845920146,0.0007656148518435657,0.5803119312234324
0.7875,126,rotor_0_blade_1,rotor_0_blade_1_blade_0,blade_segment,rotor_0_blade_1_blade_0:blade_segment:orig:3,orig,3,-0.059180136770009995,0.059180136770009995,-0.06450017541646957,-0.05392085760831833,0.02206411398947239,0.010003633797168732,0.07964641600847244,0.07964641600847244,1.1848695278167725,6.093112691791723,0.10290012074866031,-0.10290012074866031,11.897160618257562,0.0006074686534702778,0.0007017281604930758,0.0010293751256540418,0.4143415999442256
0.7875,126,rotor_0_blade_1,rotor_0_blade_1_blade_0,blade_segment,rotor_0_blade_1_blade_0:blade_segment:orig:4,orig,4,-0.06918371468782425,0.06918371468782425,-0.07449108362197876,-0.06393437087535858,0.02122737094759941,0.010003551840782166,0.0817195400595665,0.0817195400595665,1.4117175340652466,5.453959281009917,0.12802529309487032,-0.12802529309487032,15.385566882131114,0.0006521160248667002,0.0007577181095257401,0.0012807076564058661,0.2483710214380402
0.7875,126,rotor_0_blade_1,rotor_0_blade_1_blade_0,blade_segment,rotor_0_blade_1_blade_0:blade_segment:orig:5,orig,5,-0.07918722927570343,0.07918722927570343,-0.08448180556297302,-0.07394782453775406,0.02039170451462269,0.010003539733588696,0.08193130046129227,0.08193130046129227,1.6363890171051025,4.910658786856861,0.1509815948264345,-0.1509815948264345,18.887932069782554,0.0006704038823954761,0.000783786061219871,0.001510350382886827,0.08240149364651388
0.7875,126,rotor_0_blade_1,rotor_0_blade_1_blade_0,blade_segment,rotor_0_blade_1_blade_0:blade_segment:orig:6,orig,6,-0.0891907811164856,0.0891907811164856,-0.09447281807661057,-0.08396116644144058,0.019557194784283638,0.01000356487929821,0.08073530346155167,0.08073530346155167,1.8578791618347168,4.4439529554902615,0.17101135194185108,-0.17101135194185108,22.30654516883118,0.0006675577023997903,0.0007855832227505744,0.001710723154246807,-0.08356865221245896
0.7875,126,rotor_0_blade_1,rotor_0_blade_1_blade_0,blade_segment,rotor_0_blade_1_blade_0:blade_segment:orig:7,orig,7,-0.09919430315494537,0.09919430315494537,-0.10446369647979736,-0.0939745157957077,0.018724264577031136,0.010003490373492241,0.07829207926988602,0.07829207926988602,2.0758612155914307,4.028512716034114,0.18725211024575916,-0.18725211024575916,25.51149353521415,0.0006450421642512083,0.0007644504075869918,0.0018731746822595596,-0.2495383036174746
0.7875,126,rotor_0_blade_1,rotor_0_blade_1_blade_0,blade_segment,rotor_0_blade_1_blade_0:blade_segment:orig:8,orig,8,-0.10919784009456635,0.10919784009456635,-0.11445441097021103,-0.10398820787668228,0.017893025651574135,0.010003647767007351,0.07447509467601776,0.07447509467601776,2.290817975997925,3.6338474601127464,0.1983817188459349,-0.1983817188459349,28.283411829679284,0.0006008026539348066,0.0007178239757195115,0.0019845408387482166,-0.4155082022494688
0.7875,126,rotor_0_blade_1,rotor_0_blade_1_blade_0,blade_segment,rotor_0_blade_1_blade_0:blade_segment:orig:9,orig,9,-0.11920146644115448,0.11920146644115448,-0.12444525212049484,-0.11400159448385239,0.01706351339817047,0.010003572329878807,0.06873694062232971,0.06873694062232971,2.5028891563415527,3.2189195277258067,0.2018747298965279,-0.2018747298965279,30.180569724503844,0.0005251275142654777,0.0006342665292322636,0.0020194684620946646,-0.5814795842433347
0.7875,126,rotor_0_blade_1,rotor_0_blade_1_blade_0,blade_segment,rotor_0_blade_1_blade_0:blade_segment:orig:10,orig,10,-0.12920498847961426,0.12920498847961426,-0.1344362497329712,-0.12401488423347473,0.01623622700572014,0.010003536939620972,0.05971410498023033,0.05971410498023033,2.713124990463257,2.711140386798369,0.1922160745114892,-0.1922160745114892,30.200805192184543,0.0003993417485617101,0.0004915674799121916,0.0019228406017646194,-0.7474492356483503
0.7875,126,rotor_0_blade_1,rotor_0_blade_1_blade_0,blade_segment,rotor_0_blade_1_blade_0:blade_segment:orig:11,orig,11,-0.13920849561691284,0.13920849561691284,-0.14442703127861023,-0.13402828574180603,0.015411384403705597,0.010003511793911457,0.04372943565249443,0.04372943565249443,2.9241833686828613,1.9406964545003884,0.1540933340806125,-0.1540933340806125,25.50680910321362,0.00020390092686284333,0.0002643792249727994,0.0015414744848385453,-0.9134186398263874
0.825,132,rotor_0_blade_1,rotor_0_blade_1_blade_0,blade_segment,rotor_0_blade_1_blade_0:blade_segment:orig:11,orig,11,0.01908988691866398,0.01908988691866398,0.013871380127966404,0.02427012100815773,0.015411408618092537,0.01000350620597601,0.04447838291525841,0.04447838291525841,2.95613169670105,1.9525981406890618,0.15892547636512663,-0.15892547636512663,26.30662411407047,-4.412523776409216e-05,0.0003430601500440389,0.0015898119891062379,-0.9134191128084652
0.825,132,rotor_0_blade_1,rotor_0_blade_1_blade_0,blade_segment,rotor_0_blade_1_blade_0:blade_segment:orig:10,orig,10,0.02909342385828495,0.02909342385828495,0.02386213280260563,0.03428351879119873,0.01623626798391342,0.010003534145653248,0.060323238372802734,0.060323238372802734,2.7391085624694824,2.7128088108154227,0.19657055958205094,-0.19657055958205094,30.884899758658655,-6.654926255578175e-05,0.0006422892329283059,0.0019664003048092127,-0.7474492026361537
0.825,132,rotor_0_blade_1,rotor_0_blade_1_blade_0,blade_segment,rotor_0_blade_1_blade_0:blade_segment:orig:9,orig,9,0.03909692168235779,0.03909692168235779,0.03385314345359802,0.04429678991436958,0.01706353947520256,0.010003576055169106,0.06926006078720093,0.06926006078720093,2.5244109630584717,3.215760415686363,0.20567015986395634,-0.20567015986395634,30.747945109842192,-7.839704630896449e-05,0.0008314562146551907,0.0020574370864778757,-0.581479941434706
0.825,132,rotor_0_blade_1,rotor_0_blade_1_blade_0,blade_segment,rotor_0_blade_1_blade_0:blade_segment:orig:8,orig,8,0.04910055547952652,0.04910055547952652,0.043843965977430344,0.05431019514799118,0.017893023788928986,0.010003650560975075,0.07496877014636993,0.07496877014636993,2.3089849948883057,3.6291551244170064,0.2017365527460359,-0.2017365527460359,28.76171569425084,-8.3907536463812e-05,0.0009440091089345515,0.00201810197904706,-0.4155084242869218
0.825,132,rotor_0_blade_1,rotor_0_blade_1_blade_0,blade_segment,rotor_0_blade_1_blade_0:blade_segment:orig:7,orig,7,0.05910408869385719,0.05910408869385719,0.05383468419313431,0.06432387232780457,0.01872425526380539,0.010003489442169666,0.07878142595291138,0.07878142595291138,2.0912728309631348,4.0238203671371675,0.19023254228009717,-0.19023254228009717,25.917564721059165,-8.552849612897262e-05,0.0010081122163683176,0.0019029892282560468,-0.2495385759213592
0.825,132,rotor_0_blade_1,rotor_0_blade_1_blade_0,blade_segment,rotor_0_blade_1_blade_0:blade_segment:orig:6,orig,6,0.06910760700702667,0.06910760700702667,0.0638255625963211,0.07433722168207169,0.01955718919634819,0.010003570467233658,0.08122359961271286,0.08122359961271286,1.8710757493972778,4.439299243476549,0.17363970931880193,-0.17363970931880193,22.649391877975592,-8.447797154076397e-05,0.001038702204823494,0.001737017068080604,-0.08356897478279235
0.825,132,rotor_0_blade_1,rotor_0_blade_1_blade_0,blade_segment,rotor_0_blade_1_blade_0:blade_segment:orig:5,orig,5,0.07911117374897003,0.07911117374897003,0.07381659001111984,0.08435056358575821,0.020391713827848434,0.01000354252755642,0.08241010457277298,0.08241010457277298,1.6476757526397705,4.905519230239082,0.1532524418543812,-0.1532524418543812,19.17200830062013,-8.107997564366087e-05,0.0010384183842688799,0.0015330673195421696,0.0824014298435108
0.825,132,rotor_0_blade_1,rotor_0_blade_1_blade_0,blade_segment,rotor_0_blade_1_blade_0:blade_segment:orig:4,orig,4,0.08911467343568802,0.08911467343568802,0.0838073268532753,0.09436400979757309,0.021227365359663963,0.010003544390201569,0.08217477798461914,0.08217477798461914,1.4214756488800049,5.446694488761256,0.12992550942052786,-0.12992550942052786,15.613931378529866,-7.54257634980604e-05,0.0010054459562525153,0.0012997156009078026,0.2483707219483329
0.825,132,rotor_0_blade_1,rotor_0_blade_1_blade_0,blade_segment,rotor_0_blade_1_blade_0:blade_segment:orig:3,orig,3,0.09911826252937317,0.09911826252937317,0.0937982127070427,0.10437753796577454,0.022064106538891792,0.01000363752245903,0.08006070554256439,0.08006070554256439,1.1936149597167969,6.0799332264452675,0.10441771424081427,-0.10441771424081427,12.072626622453578,-6.721727550029755e-05,0.0009320485987700522,0.0010445569641888142,0.4143414974151297
0.825,132,rotor_0_blade_1,rotor_0_blade_1_blade_0,blade_segment,rotor_0_blade_1_blade_0:blade_segment:orig:2,orig,2,0.10912181437015533,0.10912181437015533,0.10378917306661606,0.11439087986946106,0.0229019895195961,0.010003539733588696,0.07518313825130463,0.07518313825130463,0.9679641723632812,6.782939618466815,0.07768456029059644,-0.07768456029059644,8.653173931938646,-5.616731141344644e-05,0.000808114476967603,0.0007771205855533481,0.5803116548144371
0.825,132,rotor_0_blade_1,rotor_0_blade_1_blade_0,blade_segment,rotor_0_blade_1_blade_0:blade_segment:orig:1,orig,1,0.11912543326616287,0.11912543326616287,0.11378009617328644,0.12440431118011475,0.02374071627855301,0.010003486648201942,0.06576847285032272,0.06576847285032272,0.7569766640663147,7.319331951916105,0.05155126023608991,-0.05155126023608991,5.5393575908071195,-4.1895229514921084e-05,0.0006201807409524918,0.0005156923434697092,0.7462829247352255
0.825,132,rotor_0_blade_1,rotor_0_blade_1_blade_0,blade_segment,rotor_0_blade_1_blade_0:blade_segment:orig:0,orig,0,0.12912897765636444,0.12912897765636444,0.12377075850963593,0.13441777229309082,0.024580081924796104,0.010003587231040001,0.047271616756916046,0.047271616756916046,0.6192295551300049,6.211485119022674,0.02958885448368768,-0.02958885448368768,3.070851101025634,-2.3989441615412943e-05,0.00034756335662677884,0.0002959946868941188,0.9122529585210349
0.8625,138,rotor_0_blade_1,rotor_0_blade_1_blade_0,blade_segment,rotor_0_blade_1_blade_0:blade_segment:orig:11,orig,11,0.08136901259422302,0.08136901259422302,0.07615051418542862,0.08654922991991043,0.01541141513735056,0.010003520175814629,0.04378506541252136,0.04378506541252136,2.9846434593200684,1.903798677867446,0.1581838566796739,-0.1581838566796739,26.183854177922928,-0.00026118993991985917,0.0002001587417908013,0.0015823954017832875,-0.9134192632451072
0.8625,138,rotor_0_blade_1,rotor_0_blade_1_blade_0,blade_segment,rotor_0_blade_1_blade_0:blade_segment:orig:10,orig,10,0.091372549533844,0.091372549533844,0.08614126592874527,0.09656263887882233,0.01623626984655857,0.010003522038459778,0.05980164185166359,0.05980164185166359,2.7599687576293945,2.6690252151378653,0.19676560812572153,-0.19676560812572153,30.915541974671278,-0.0004857942694798112,0.0003932218824047595,0.0019683490972965956,-0.7474493748711716
0.8625,138,rotor_0_blade_1,rotor_0_blade_1_blade_0,blade_segment,rotor_0_blade_1_blade_0:blade_segment:orig:9,orig,9,0.10137605667114258,0.10137605667114258,0.09613227844238281,0.10657592117786407,0.01706354320049286,0.010003581643104553,0.06905732303857803,0.06905732303857803,2.54345965385437,3.182333316950878,0.20692641480555735,-0.20692641480555735,30.935750034716527,-0.0006352586788125336,0.0005249291425570846,0.0020700052846223116,-0.5814799809511625
0.8625,138,rotor_0_blade_1,rotor_0_blade_1_blade_0,blade_segment,rotor_0_blade_1_blade_0:blade_segment:orig:8,orig,8,0.11137968301773071,0.11137968301773071,0.10612310469150543,0.11658933013677597,0.017893020063638687,0.010003658011555672,0.07508157938718796,0.07508157938718796,2.33048939704895,3.6010787189094895,0.2042037143203468,-0.2042037143203468,29.113466636778085,-0.0007266465108841658,0.0006074247066862881,0.002042784122750163,-0.41550860921544686
0.8625,138,rotor_0_blade_1,rotor_0_blade_1_blade_0,blade_segment,rotor_0_blade_1_blade_0:blade_segment:orig:7,orig,7,0.12138322740793228,0.12138322740793228,0.1161138191819191,0.12660300731658936,0.018724264577031136,0.01000348199158907,0.07914110273122787,0.07914110273122787,2.1158502101898193,3.9952356922560086,0.19366276137663754,-0.19366276137663754,26.38488975311136,-0.000778740388341248,0.0006564357317984104,0.0019373019458726048,-0.24953859722802949
0.8625,138,rotor_0_blade_1,rotor_0_blade_1_blade_0,blade_segment,rotor_0_blade_1_blade_0:blade_segment:orig:6,orig,6,0.13138674199581146,0.13138674199581146,0.1261046975851059,0.13661636412143707,0.01955718919634819,0.010003583505749702,0.08176945149898529,0.08176945149898529,1.8976495265960693,4.406549333519089,0.17766639425929867,-0.17766639425929867,23.17462867746255,-0.0008030341705307364,0.0006817342946305871,0.0017773006111383438,-0.08356907969453872
0.8625,138,rotor_0_blade_1,rotor_0_blade_1_blade_0,blade_segment,rotor_0_blade_1_blade_0:blade_segment:orig:5,orig,5,0.14139029383659363,0.14139029383659363,0.13609574735164642,0.1466297060251236,0.020391715690493584,0.010003536939620972,0.08309736847877502,0.08309736847877502,1.6752890348434448,4.86489815757064,0.1575427656421768,-0.1575427656421768,19.708729584683,-0.0008027024450711906,0.0006859204149805009,0.0015759848756715655,0.08240105590636032
0.8625,138,rotor_0_blade_1,rotor_0_blade_1_blade_0,blade_segment,rotor_0_blade_1_blade_0:blade_segment:orig:4,orig,4,0.1513938158750534,0.1513938158750534,0.14608646929264069,0.15664315223693848,0.02122737653553486,0.010003549046814442,0.08296486735343933,0.08296486735343933,1.4492007493972778,5.393855967867084,0.1341931984691882,-0.1341931984691882,16.12679679745347,-0.000776354456320405,0.0006674841279163957,0.001342408242635429,0.24837069705333273
0.8625,138,rotor_0_blade_1,rotor_0_blade_1_blade_0,blade_segment,rotor_0_blade_1_blade_0:blade_segment:orig:3,orig,3,0.16139738261699677,0.16139738261699677,0.1560773402452469,0.16665667295455933,0.02206410840153694,0.01000363752245903,0.08091145753860474,0.08091145753860474,1.220958948135376,6.006930064074968,0.10840913326885959,-0.10840913326885959,12.534107717712615,-0.0007186128641478717,0.0006214246968738735,0.0010844856733456254,0.41434107988119506
0.8625,138,rotor_0_blade_1,rotor_0_blade_1_blade_0,blade_segment,rotor_0_blade_1_blade_0:blade_segment:orig:2,orig,2,0.17140096426010132,0.17140096426010132,0.16606833040714264,0.17667001485824585,0.022901970893144608,0.01000354066491127,0.07603596150875092,0.07603596150875092,0.994727611541748,6.6753187180338545,0.0811815894749386,-0.0811815894749386,9.042710449854416,-0.0006214151508174837,0.0005401498638093472,0.0008121033315546811,0.5803117099360208
0.8625,138,rotor_0_blade_1,rotor_0_blade_1_blade_0,blade_segment,rotor_0_blade_1_blade_0:blade_segment:orig:1,orig,1,0.18140457570552826,0.18140457570552826,0.17605924606323242,0.18668344616889954,0.023740725591778755,0.010003481060266495,0.06653960049152374,0.06653960049152374,0.7836185097694397,7.153383531924852,0.05437225518370648,-0.05437225518370648,5.842480764763507,-0.0004753021930810064,0.00041468709241598845,0.0005439118249341846,0.7462828344447731
0.8625,138,rotor_0_blade_1,rotor_0_blade_1_blade_0,blade_segment,rotor_0_blade_1_blade_0:blade_segment:orig:0,orig,0,0.19140812754631042,0.19140812754631042,0.18604989349842072,0.1966969221830368,0.024580078199505806,0.010003588162362576,0.04780395328998566,0.04780395328998566,0.6483221054077148,5.999564395081414,0.03165981823752515,-0.03165981823752515,3.28578460113646,-0.00026504858396947384,0.0002304064983036369,0.00031671178294345737,0.9122529700456721
0.9,144,rotor_0_blade_1,rotor_0_blade_1_blade_0,blade_segment,rotor_0_blade_1_blade_0:blade_segment:orig:11,orig,11,0.011146597564220428,0.011146597564220428,0.0059280795976519585,0.01632680557668209,0.01541142351925373,0.010003525763750076,0.04471283778548241,0.04471283778548241,3.043179750442505,1.9067417189177212,0.16483471033601074,-0.16483471033601074,27.28474170575551,-0.0003402034635655582,-4.4923508539795876e-05,0.0016489282716065645,-0.9134189688607318
0.9,144,rotor_0_blade_1,rotor_0_blade_1_blade_0,blade_segment,rotor_0_blade_1_blade_0:blade_segment:orig:10,orig,10,0.021150125190615654,0.021150125190615654,0.015918849036097527,0.026340220123529434,0.016236282885074615,0.010003524832427502,0.06059585139155388,0.06059585139155388,2.814707040786743,2.651875180000374,0.2034688293294522,-0.2034688293294522,31.968717206920935,-0.0006365576409734786,-6.732695328537375e-05,0.0020354054868221283,-0.7474492927051499
0.9,144,rotor_0_blade_1,rotor_0_blade_1_blade_0,blade_segment,rotor_0_blade_1_blade_0:blade_segment:orig:9,orig,9,0.031153634190559387,0.031153634190559387,0.02590985968708992,0.03635350242257118,0.017063554376363754,0.010003588162362576,0.06974758952856064,0.06974758952856064,2.5958375930786133,3.149286563818877,0.21351286081507487,-0.21351286081507487,31.920410796654256,-0.0008340541389770806,-7.981916860444471e-05,0.002135894726961851,-0.5814799255831647
0.9,144,rotor_0_blade_1,rotor_0_blade_1_blade_0,blade_segment,rotor_0_blade_1_blade_0:blade_segment:orig:8,orig,8,0.04115726798772812,0.04115726798772812,0.03590068593621254,0.046366918832063675,0.01789303869009018,0.010003652423620224,0.07572507113218307,0.07572507113218307,2.380791425704956,3.555201617374953,0.21068893638968694,-0.21068893638968694,30.03803802212616,-0.0009554795688018203,-8.602575690019876e-05,0.002107658889144659,-0.41550848793608164
0.9,144,rotor_0_blade_1,rotor_0_blade_1_blade_0,blade_segment,rotor_0_blade_1_blade_0:blade_segment:orig:7,orig,7,0.05116081237792969,0.05116081237792969,0.045891404151916504,0.05638059601187706,0.01872425526380539,0.010003488510847092,0.07978585362434387,0.07978585362434387,2.1639621257781982,3.93823550340767,0.20000330038718336,-0.20000330038718336,27.248747349325573,-0.0010267493780702353,-8.817931666271761e-05,0.0020007307175546885,-0.24953853365026274
0.9,144,rotor_0_blade_1,rotor_0_blade_1_blade_0,blade_segment,rotor_0_blade_1_blade_0:blade_segment:orig:6,orig,6,0.06116433069109917,0.06116433069109917,0.055882278829813004,0.06639394909143448,0.019557204097509384,0.010003583505749702,0.08245165646076202,0.08245165646076202,1.9435439109802246,4.338386654663204,0.18382322204849968,-0.18382322204849968,23.977700933221293,-0.001062605413608253,-8.749387779971585e-05,0.0018388909520581365,-0.0835690120114792
0.9,144,rotor_0_blade_1,rotor_0_blade_1_blade_0,blade_segment,rotor_0_blade_1_blade_0:blade_segment:orig:5,orig,5,0.07116789370775223,0.07116789370775223,0.06587332487106323,0.0764073058962822,0.02039172872900963,0.010003539733588696,0.08384061604738235,0.08384061604738235,1.719143033027649,4.7831984511576175,0.16346501267686656,-0.16346501267686656,20.449594485146235,-0.001067191711626947,-8.436417556367815e-05,0.0016352287493646145,0.08240125130793641
0.9,144,rotor_0_blade_1,rotor_0_blade_1_blade_0,blade_segment,rotor_0_blade_1_blade_0:blade_segment:orig:4,orig,4,0.08117140829563141,0.08117140829563141,0.07586406171321869,0.08642073720693588,0.021227382123470306,0.01000355277210474,0.08378086984157562,0.08378086984157562,1.4907344579696655,5.295148358623979,0.1397992902677002,-0.1397992902677002,16.80050985304166,-0.001036865171045065,-7.87966200732626e-05,0.0013984895776957273,0.2483707111400006
0.9,144,rotor_0_blade_1,rotor_0_blade_1_blade_0,blade_segment,rotor_0_blade_1_blade_0:blade_segment:orig:3,orig,3,0.09117498993873596,0.09117498993873596,0.0858549252152443,0.09643428027629852,0.022064106538891792,0.010003640316426754,0.08179634064435959,0.08179634064435959,1.2597360610961914,5.885697847523728,0.11358056597662468,-0.11358056597662468,13.132022421409895,-0.0009641916258260608,-7.049836858641356e-05,0.0011362191289663315,0.4143412834930129
0.9,144,rotor_0_blade_1,rotor_0_blade_1_blade_0,blade_segment,rotor_0_blade_1_blade_0:blade_segment:orig:2,orig,2,0.10117855668067932,0.10117855668067932,0.09584592282772064,0.10644762217998505,0.0229019895195961,0.010003543458878994,0.07695750892162323,0.07695750892162323,1.029971957206726,6.5250280802235,0.08574209845564142,-0.08574209845564142,9.550691777757075,-0.0008374771568924189,-5.911105472478084e-05,0.0008577248081564903,0.5803116086191479
0.9,144,rotor_0_blade_1,rotor_0_blade_1_blade_0,blade_segment,rotor_0_blade_1_blade_0:blade_segment:orig:1,orig,1,0.11118218302726746,0.11118218302726746,0.10583685338497162,0.11646105349063873,0.023740731179714203,0.01000348012894392,0.06740714609622955,0.06740714609622955,0.8138079643249512,6.97782236991003,0.058081917168125774,-0.058081917168125774,6.241094889602335,-0.0006422256701625884,-4.4201653508935124e-05,0.0005810213042423129,0.7462829226527923
0.9,144,rotor_0_blade_1,rotor_0_blade_1_blade_0,blade_segment,rotor_0_blade_1_blade_0:blade_segment:orig:0,orig,0,0.12118571996688843,0.12118571996688843,0.11582749336957932,0.126474529504776,0.02458006888628006,0.0100035909563303,0.048425447195768356,0.048425447195768356,0.6745696663856506,5.84108776516566,0.034229977049277396,-0.034229977049277396,3.552527473688541,-0.00035677809501066804,-2.5307432224508375e-05,0.00034242268884554505,0.9122527533251725
0.9375,150,rotor_0_blade_1,rotor_0_blade_1_blade_0,blade_segment,rotor_0_blade_1_blade_0:blade_segment:orig:0,orig,0,0.04040290415287018,0.04040290415287018,0.03511412441730499,0.04576116427779198,0.02458009496331215,0.010003585368394852,0.04852263256907463,0.04852263256907463,0.6785721778869629,5.81828171250491,0.0351316238920768,-0.0351316238920768,3.646100214599319,-0.00023689994122833014,-0.0002732686698436737,0.0003514421987347305,-0.9122532443893403
0.9375,150,rotor_0_blade_1,rotor_0_blade_1_blade_0,blade_segment,rotor_0_blade_1_blade_0:blade_segment:orig:1,orig,1,0.050406455993652344,0.050406455993652344,0.04512758553028107,0.05575178563594818,0.023740747943520546,0.010003479197621346,0.06751804053783417,0.06751804053783417,0.8228622674942017,6.912390750926281,0.0594526319052869,-0.0594526319052869,6.388378229288202,-0.0004253599909134209,-0.0004885663511231542,0.0005947331665083766,-0.7462831600787913
0.9375,150,rotor_0_blade_1,rotor_0_blade_1_blade_0,blade_segment,rotor_0_blade_1_blade_0:blade_segment:orig:2,orig,2,0.06041008234024048,0.06041008234024048,0.05514101684093475,0.06574271619319916,0.022901982069015503,0.010003553703427315,0.07699417322874069,0.07699417322874069,1.0429822206497192,6.446706225314419,0.08724819815861008,-0.08724819815861008,9.718457267469805,-0.0005515310913324356,-0.0006357128149829805,0.0008727920358069241,-0.5803118396338075
0.9375,150,rotor_0_blade_1,rotor_0_blade_1_blade_0,blade_segment,rotor_0_blade_1_blade_0:blade_segment:orig:3,orig,3,0.07041364908218384,0.07041364908218384,0.06515437364578247,0.0757337138056755,0.022064102813601494,0.01000363938510418,0.08171641081571579,0.08171641081571579,1.2743605375289917,5.812469563995104,0.11499250651176586,-0.11499250651176586,13.295271209329494,-0.0006306829745881259,-0.0007306730840355158,0.0011503435671329498,-0.4143415080963715
0.9375,150,rotor_0_blade_1,rotor_0_blade_1_blade_0,blade_segment,rotor_0_blade_1_blade_0:blade_segment:orig:4,orig,4,0.08041723072528839,0.08041723072528839,0.07516790181398392,0.08572456985712051,0.02122737094759941,0.010003549978137016,0.08357508480548859,0.08357508480548859,1.5057324171066284,5.229531844027783,0.14095803041178712,-0.14095803041178712,16.939771447091637,-0.0006735713104717433,-0.0007849333342164755,0.0014100807020440698,-0.24837092933204857
0.9375,150,rotor_0_blade_1,rotor_0_blade_1_blade_0,blade_segment,rotor_0_blade_1_blade_0:blade_segment:orig:5,orig,5,0.09042076021432877,0.09042076021432877,0.08518131822347641,0.09571532160043716,0.020391719415783882,0.010003548115491867,0.08351185917854309,0.08351185917854309,1.7336560487747192,4.724559926655273,0.1642502607709286,-0.1642502607709286,20.547838989411176,-0.0006882403395138681,-0.0008070611511357129,0.0016430853866040707,-0.08240121586182984
0.9375,150,rotor_0_blade_1,rotor_0_blade_1_blade_0,blade_segment,rotor_0_blade_1_blade_0:blade_segment:orig:6,orig,6,0.10042431950569153,0.10042431950569153,0.09519468992948532,0.10570637136697769,0.019557200372219086,0.010003585368394852,0.08200335502624512,0.08200335502624512,1.9572079181671143,4.284675807872102,0.18413012318471153,-0.18413012318471153,24.01773735820847,-0.0006802801508456469,-0.0008031129254959524,0.0018419614061713219,0.08356899206216273
0.9375,150,rotor_0_blade_1,rotor_0_blade_1_blade_0,blade_segment,rotor_0_blade_1_blade_0:blade_segment:orig:7,orig,7,0.11042782664299011,0.11042782664299011,0.10520805418491364,0.11569725722074509,0.018724258989095688,0.010003483854234219,0.07921642810106277,0.07921642810106277,2.1765248775482178,3.887558851730581,0.19973002913372756,-0.19973002913372756,27.211511053115917,-0.0006519908201880753,-0.0007753760437481105,0.0019979961216449738,0.2495383346920511
0.9375,150,rotor_0_blade_1,rotor_0_blade_1_blade_0,blade_segment,rotor_0_blade_1_blade_0:blade_segment:orig:8,orig,8,0.12043138593435287,0.12043138593435287,0.11522173881530762,0.12568797171115875,0.017893042415380478,0.010003654286265373,0.07502502202987671,0.07502502202987671,2.392133951187134,3.5056329390254124,0.20973734008283137,-0.20973734008283137,29.902362185497825,-0.0006006026524119079,-0.00072048744186759,0.0020981398411095142,0.41550854261604364
0.9375,150,rotor_0_blade_1,rotor_0_blade_1_blade_0,blade_segment,rotor_0_blade_1_blade_0:blade_segment:orig:9,orig,9,0.1304350048303604,0.1304350048303604,0.1252351552248001,0.13567878305912018,0.0170635636895895,0.010003584437072277,0.06890498101711273,0.06890498101711273,2.6060853004455566,3.0990047982146094,0.2117811846591282,-0.2117811846591282,31.66150599947894,-0.0005169008509255946,-0.0006275658379308879,0.002118570962920785,0.5814797394475839
0.9375,150,rotor_0_blade_1,rotor_0_blade_1_blade_0,blade_segment,rotor_0_blade_1_blade_0:blade_segment:orig:10,orig,10,0.1404385268688202,0.1404385268688202,0.13524843752384186,0.14566980302333832,0.016236286610364914,0.0100035285577178,0.05960681289434433,0.05960681289434433,2.8237597942352295,2.6002280416314836,0.20078111333298018,-0.20078111333298018,31.546420063760014,-0.0003855694376397878,-0.00047829397954046726,0.0020085196010768414,0.7474493293043591
0.9375,150,rotor_0_blade_1,rotor_0_blade_1_blade_0,blade_segment,rotor_0_blade_1_blade_0:blade_segment:orig:11,orig,11,0.15044206380844116,0.15044206380844116,0.14526180922985077,0.15566056966781616,0.015411409549415112,0.010003520175814629,0.04362388700246811,0.04362388700246811,3.0496749877929688,1.8563439023649508,0.16101889891611718,-0.16101889891611718,26.65314265498718,-0.00019507462275214493,-0.0002562336449045688,0.0016107558039948344,0.9134191663880213
0.975,156,rotor_0_blade_1,rotor_0_blade_1_blade_0,blade_segment,rotor_0_blade_1_blade_0:blade_segment:orig:0,orig,0,0.19870136678218842,0.19870136678218842,0.19341257214546204,0.2040596455335617,0.024580098688602448,0.0100035909563303,0.04835376888513565,0.04835376888513565,0.6578035950660706,5.9810917028437185,0.03388653547986952,-0.03388653547986952,3.5168794343034717,2.5656845537014306e-05,-0.0003634010790847242,0.00033898703986778855,-0.9122529863157429
0.975,156,rotor_0_blade_1,rotor_0_blade_1_blade_0,blade_segment,rotor_0_blade_1_blade_0:blade_segment:orig:1,orig,1,0.20870491862297058,0.20870491862297058,0.2034260630607605,0.21405023336410522,0.023740746080875397,0.010003471747040749,0.06723110377788544,0.06723110377788544,0.8054500222206116,7.031812406733734,0.05763615097495183,-0.05763615097495183,6.193191944524587,4.4436772441258654e-05,-0.0006469437503255904,0.0005765616078861058,-0.7462828814890576
0.975,156,rotor_0_blade_1,rotor_0_blade_1_blade_0,blade_segment,rotor_0_blade_1_blade_0:blade_segment:orig:2,orig,2,0.21870854496955872,0.21870854496955872,0.213439479470253,0.2240411788225174,0.022902004420757294,0.010003556497395039,0.07664161175489426,0.07664161175489426,1.0247091054916382,6.5316143639736515,0.08475027713288516,-0.08475027713288516,9.440208053035276,5.900598262087442e-05,-0.0008375651086680591,0.0008478041854687035,-0.580311540527785
0.975,156,rotor_0_blade_1,rotor_0_blade_1_blade_0,blade_segment,rotor_0_blade_1_blade_0:blade_segment:orig:3,orig,3,0.22871212661266327,0.22871212661266327,0.2234528362751007,0.23403216898441315,0.022064106538891792,0.010003645904362202,0.08133667707443237,0.08133667707443237,1.253580093383789,5.881363047629191,0.11184450989462853,-0.11184450989462853,12.93130210277466,6.999105244176462e-05,-0.0009593137656338513,0.0011188528733327985,-0.4143409412472647
0.975,156,rotor_0_blade_1,rotor_0_blade_1_blade_0,blade_segment,rotor_0_blade_1_blade_0:blade_segment:orig:4,orig,4,0.23871569335460663,0.23871569335460663,0.23346635699272156,0.24402303993701935,0.021227367222309113,0.010003547184169292,0.08320093899965286,0.08320093899965286,1.4816956520080566,5.290577540048078,0.13725585075150168,-0.13725585075150168,16.494861220420507,7.789563824189827e-05,-0.001027382561005652,0.0013730453792959452,-0.24837058919366198
0.975,156,rotor_0_blade_1,rotor_0_blade_1_blade_0,blade_segment,rotor_0_blade_1_blade_0:blade_segment:orig:5,orig,5,0.2487192153930664,0.2487192153930664,0.24347977340221405,0.2540138065814972,0.02039172686636448,0.010003560222685337,0.08317141979932785,0.08317141979932785,1.7060565948486328,4.781417554209093,0.16011857940809632,-0.16011857940809632,20.030955027644843,8.310216071549803e-05,-0.0010535643668845296,0.001601755851879716,-0.08240097882081165
0.975,156,rotor_0_blade_1,rotor_0_blade_1_blade_0,blade_segment,rotor_0_blade_1_blade_0:blade_segment:orig:6,orig,6,0.25872281193733215,0.25872281193733215,0.25349316000938416,0.2640048861503601,0.019557232037186623,0.010003557428717613,0.08171728253364563,0.08171728253364563,1.9263064861297607,4.338215644493542,0.1797171331647246,-0.1797171331647246,23.442073680369287,8.597839769208804e-05,-0.00104676210321486,0.0017978106625378132,0.08356986768662604
0.975,156,rotor_0_blade_1,rotor_0_blade_1_blade_0,blade_segment,rotor_0_blade_1_blade_0:blade_segment:orig:7,orig,7,0.26872625946998596,0.26872625946998596,0.26350653171539307,0.27399569749832153,0.01872425526380539,0.010003495961427689,0.07899589836597443,0.07899589836597443,2.142347574234009,3.9385834604696446,0.19520319803090388,-0.19520319803090388,26.594774259361785,8.643062756164e-05,-0.0010086841648444533,0.0019527144031599164,0.249538241924889
0.975,156,rotor_0_blade_1,rotor_0_blade_1_blade_0,blade_segment,rotor_0_blade_1_blade_0:blade_segment:orig:8,orig,8,0.2787298560142517,0.2787298560142517,0.27352020144462585,0.2839864194393158,0.01789303869009018,0.01000366173684597,0.07486986368894577,0.07486986368894577,2.35520076751709,3.5532437671877752,0.20527685067519447,-0.20527685067519447,29.266433972778987,8.407780842389911e-05,-0.0009354448993690312,0.0020535201765596867,0.4155090884323267
0.975,156,rotor_0_blade_1,rotor_0_blade_1_blade_0,blade_segment,rotor_0_blade_1_blade_0:blade_segment:orig:9,orig,9,0.28873348236083984,0.28873348236083984,0.28353360295295715,0.293977290391922,0.017063554376363754,0.010003573261201382,0.0687994509935379,0.0687994509935379,2.566868305206299,3.141534837222757,0.20759510876522344,-0.20759510876522344,31.03570026585581,7.766467024339363e-05,-0.0008115315577015281,0.0020766928791999817,0.5814804293935993
0.975,156,rotor_0_blade_1,rotor_0_blade_1_blade_0,blade_segment,rotor_0_blade_1_blade_0:blade_segment:orig:10,orig,10,0.29873695969581604,0.29873695969581604,0.2935469448566437,0.303968220949173,0.01623626798391342,0.010003535076975822,0.059522904455661774,0.059522904455661774,2.783057689666748,2.634545422304013,0.197111285558597,-0.197111285558597,30.969857890832852,6.507802027044818e-05,-0.000613205716945231,0.001971809659153223,0.7474492980856973
0.975,156,rotor_0_blade_1,rotor_0_blade_1_blade_0,blade_segment,rotor_0_blade_1_blade_0:blade_segment:orig:11,orig,11,0.3087405264377594,0.3087405264377594,0.3035602867603302,0.313959002494812,0.015411408618092537,0.010003525763750076,0.04354672133922577,0.04354672133922577,3.0080370903015137,1.8787108151184744,0.15828658500480952,-0.15828658500480952,26.200869673372896,4.286599869374186e-05,-0.00032040057703852654,0.0015834239311516285,0.9134196501393
1.0125,162,rotor_0_blade_1,rotor_0_blade_1_blade_0,blade_segment,rotor_0_blade_1_blade_0:blade_segment:orig:0,orig,0,0.2609805464744568,0.2609805464744568,0.255691796541214,0.2663388252258301,0.024580093100667,0.010003591887652874,0.0478997528553009,0.0478997528553009,0.6302182674407959,6.18427448685651,0.03169943454105774,-0.03169943454105774,3.289894147686505,0.0002730077540036291,-0.00023746039369143546,0.00031710820621810853,-0.9122537063032496
1.0125,162,rotor_0_blade_1,rotor_0_blade_1_blade_0,blade_segment,rotor_0_blade_1_blade_0:blade_segment:orig:1,orig,1,0.27098411321640015,0.27098411321640015,0.2657052278518677,0.2763294279575348,0.023740746080875397,0.010003464296460152,0.06657032668590546,0.06657032668590546,0.7794356942176819,7.195086681952681,0.054661613834586245,-0.054661613834586245,5.873568250978373,0.00048258775495924056,-0.0004210745100863278,0.0005468055023811758,-0.7462833132172981
1.0125,162,rotor_0_blade_1,rotor_0_blade_1_blade_0,blade_segment,rotor_0_blade_1_blade_0:blade_segment:orig:2,orig,2,0.2809877395629883,0.2809877395629883,0.27571865916252136,0.28632035851478577,0.022902002558112144,0.010003561154007912,0.07591766119003296,0.07591766119003296,0.9978724718093872,6.6439187862174185,0.08117721628467174,-0.08117721628467174,9.042210823905842,0.0006251895683817565,-0.0005434650229290128,0.0008120612474158406,-0.5803119312234324
1.0125,162,rotor_0_blade_1,rotor_0_blade_1_blade_0,blade_segment,rotor_0_blade_1_blade_0:blade_segment:orig:3,orig,3,0.29099130630493164,0.29099130630493164,0.2857320308685303,0.2963113784790039,0.02206411398947239,0.010003648698329926,0.0806317925453186,0.0806317925453186,1.225449562072754,5.964229918904656,0.10785621779264702,-0.10785621779264702,12.470177269190394,0.0007181997061707079,-0.0006211154977791011,0.0010789557127282023,-0.4143415381374809
1.0125,162,rotor_0_blade_1,rotor_0_blade_1_blade_0,blade_segment,rotor_0_blade_1_blade_0:blade_segment:orig:4,orig,4,0.300994873046875,0.300994873046875,0.2957455515861511,0.3063022494316101,0.021227344870567322,0.010003546252846718,0.08255627751350403,0.08255627751350403,1.4525737762451172,5.354836595482708,0.13304666059535475,-0.13304666059535475,15.989034355743723,0.0007720501162111759,-0.0006638233317062259,0.0013309384230524302,-0.24837114505152952
1.0125,162,rotor_0_blade_1,rotor_0_blade_1_blade_0,blade_segment,rotor_0_blade_1_blade_0:blade_segment:orig:5,orig,5,0.31099843978881836,0.31099843978881836,0.3057589828968048,0.31629300117492676,0.02039170451462269,0.010003574192523956,0.08260907232761383,0.08260907232761383,1.6765304803848267,4.832732511659905,0.15585967088020247,-0.15585967088020247,19.498183731521333,0.000795518746599555,-0.0006798099493607879,0.001559153781272471,-0.0824007519655781
1.0125,162,rotor_0_blade_1,rotor_0_blade_1_blade_0,blade_segment,rotor_0_blade_1_blade_0:blade_segment:orig:6,orig,6,0.3210020065307617,0.3210020065307617,0.3157723546028137,0.32628411054611206,0.019557209685444832,0.010003546252846718,0.08124662190675735,0.08124662190675735,1.896554946899414,4.380896437496574,0.1755571593968882,-0.1755571593968882,22.899478178317985,0.0007939905626699328,-0.0006740636308677495,0.001756194164045155,0.08356964112037334
1.0125,162,rotor_0_blade_1,rotor_0_blade_1_blade_0,blade_segment,rotor_0_blade_1_blade_0:blade_segment:orig:7,orig,7,0.3310054838657379,0.3310054838657379,0.32578569650650024,0.3362748622894287,0.018724258989095688,0.010003473609685898,0.07861702144145966,0.07861702144145966,2.1129610538482666,3.9742066857507097,0.19127244359727658,-0.19127244359727658,26.059237239779023,0.0007693039369769394,-0.0006484811310656369,0.0019133888417854905,0.2495385508444532
1.0125,162,rotor_0_blade_1,rotor_0_blade_1_blade_0,blade_segment,rotor_0_blade_1_blade_0:blade_segment:orig:8,orig,8,0.3410090208053589,0.3410090208053589,0.33579936623573303,0.34626564383506775,0.017893031239509583,0.010003700852394104,0.07457482814788818,0.07457482814788818,2.3263790607452393,3.583091151945637,0.20169008355714046,-0.20169008355714046,28.755078577313284,0.0007173513295128942,-0.0005996219115331769,0.002017647260800004,0.41550844947644744
1.0125,162,rotor_0_blade_1,rotor_0_blade_1_blade_0,blade_segment,rotor_0_blade_1_blade_0:blade_segment:orig:9,orig,9,0.351012647151947,0.351012647151947,0.3458127975463867,0.3562564551830292,0.017063574865460396,0.010003555566072464,0.06857412308454514,0.06857412308454514,2.538978338241577,3.16563792637413,0.20446087396273577,-0.20446087396273577,30.56709196415877,0.0006264408002607524,-0.0005175490514375269,0.002045335713773966,0.5814798314703132
1.0125,162,rotor_0_blade_1,rotor_0_blade_1_blade_0,blade_segment,rotor_0_blade_1_blade_0:blade_segment:orig:10,orig,10,0.361016184091568,0.361016184091568,0.35582607984542847,0.3662474751472473,0.01623627170920372,0.010003522038459778,0.05935513973236084,0.05935513973236084,2.7561821937561035,2.6527363851796566,0.19453288505939745,-0.19453288505939745,30.56473608803259,0.0004782114992849529,-0.0003868938656523824,0.0019460140028968453,0.7474497301023074
1.0125,162,rotor_0_blade_1,rotor_0_blade_1_blade_0,blade_segment,rotor_0_blade_1_blade_0:blade_segment:orig:11,orig,11,0.37101975083351135,0.37101975083351135,0.36583948135375977,0.3762381970882416,0.015411404892802238,0.010003531351685524,0.04343363642692566,0.04343363642692566,2.9821484088897705,1.8900996607488096,0.15646705538761463,-0.15646705538761463,25.899692745431445,0.0002562887966632843,-0.00019612697360571474,0.0015652230940759182,0.9134201231882589
1.05,168,rotor_0_blade_1,rotor_0_blade_1_blade_0,blade_segment,rotor_0_blade_1_blade_0:blade_segment:orig:0,orig,0,0.19075819849967957,0.19075819849967957,0.18546943366527557,0.19611650705337524,0.024580098688602448,0.010003598406910896,0.04741841182112694,0.04741841182112694,0.6084914207458496,6.340725001330078,0.02976747794164607,-0.02976747794164607,3.0893872596166743,0.0003555338189471513,2.4490371288266033e-05,0.0002977818949148059,-0.9122534482296135
1.05,168,rotor_0_blade_1,rotor_0_blade_1_blade_0,blade_segment,rotor_0_blade_1_blade_0:blade_segment:orig:1,orig,1,0.20076178014278412,0.20076178014278412,0.19548292458057404,0.20610706508159637,0.023740746080875397,0.010003453120589256,0.06590728461742401,0.06590728461742401,0.7559106349945068,7.345114938598431,0.052022339184923445,-0.052022339184923445,5.58996960285242,0.0006286706775426865,4.2484014556976035e-05,0.0005204030312597752,-0.746282787400471
1.05,168,rotor_0_blade_1,rotor_0_blade_1_blade_0,blade_segment,rotor_0_blade_1_blade_0:blade_segment:orig:2,orig,2,0.21076539158821106,0.21076539158821106,0.20549634099006653,0.21609805524349213,0.022902019321918488,0.010003575123846531,0.07522841542959213,0.07522841542959213,0.9728273153305054,6.753087497291974,0.07812650558496087,-0.07812650558496087,8.702390272414679,0.0008138893754221499,5.6592300097690895e-05,0.0007815443677827716,-0.5803116321173102
1.05,168,rotor_0_blade_1,rotor_0_blade_1_blade_0,blade_segment,rotor_0_blade_1_blade_0:blade_segment:orig:3,orig,3,0.2207689881324768,0.2207689881324768,0.21550968289375305,0.22608904540538788,0.022064153105020523,0.010003643110394478,0.07998628914356232,0.07998628914356232,1.2003474235534668,6.040199976928313,0.10464528135715037,-0.10464528135715037,12.098912071967746,0.0009339964017271996,6.740599201293662e-05,0.001046834047883749,-0.4143407240611585
1.05,168,rotor_0_blade_1,rotor_0_blade_1_blade_0,blade_segment,rotor_0_blade_1_blade_0:blade_segment:orig:4,orig,4,0.23077253997325897,0.23077253997325897,0.2255232185125351,0.23607990145683289,0.02122735232114792,0.01000355463474989,0.08198699355125427,0.08198699355125427,1.4283790588378906,5.407987190130506,0.12986434986293477,-0.12986434986293477,15.606591052015185,0.001003282144665718,7.533718599006534e-05,0.0012991051189601421,-0.2483705576860343
1.05,168,rotor_0_blade_1,rotor_0_blade_1_blade_0,blade_segment,rotor_0_blade_1_blade_0:blade_segment:orig:5,orig,5,0.24077609181404114,0.24077609181404114,0.23553664982318878,0.24607063829898834,0.020391684025526047,0.010003560222685337,0.0821283683180809,0.0821283683180809,1.6540045738220215,4.870049674823347,0.1528804492888671,-0.1528804492888671,19.125499672163937,0.0010323928436264396,8.073473873082548e-05,0.0015293487813323736,-0.08240039131091009
1.05,168,rotor_0_blade_1,rotor_0_blade_1_blade_0,blade_segment,rotor_0_blade_1_blade_0:blade_segment:orig:6,orig,6,0.2507796883583069,0.2507796883583069,0.2455499917268753,0.25606176257133484,0.019557218998670578,0.010003557428717613,0.08086493611335754,0.08086493611335754,1.8766926527023315,4.406461609498613,0.1729565996023922,-0.1729565996023922,22.56025334390421,0.0010295280953869224,8.390474249608815e-05,0.0017301812767982483,0.08357051674524159
1.05,168,rotor_0_blade_1,rotor_0_blade_1_blade_0,blade_segment,rotor_0_blade_1_blade_0:blade_segment:orig:7,orig,7,0.2607831358909607,0.2607831358909607,0.255563348531723,0.2660525441169739,0.018724270164966583,0.010003473609685898,0.0783550813794136,0.0783550813794136,2.0964345932006836,3.992187638365977,0.18924309813066537,-0.18924309813066537,25.78274085890024,0.0009966129437088966,8.478137169731781e-05,0.0018930883379653096,0.24953895253130173
1.05,168,rotor_0_blade_1,rotor_0_blade_1_blade_0,blade_segment,rotor_0_blade_1_blade_0:blade_segment:orig:8,orig,8,0.27078670263290405,0.27078670263290405,0.2655770182609558,0.2760433256626129,0.01789303869009018,0.010003721341490746,0.07447107136249542,0.07447107136249542,2.313743829727173,3.5976443042654704,0.20041130059785425,-0.20041130059785425,28.57274981106589,0.0009299410739913583,8.297327440232038e-05,0.0020048588048666716,0.4155093661334351
1.05,168,rotor_0_blade_1,rotor_0_blade_1_blade_0,blade_segment,rotor_0_blade_1_blade_0:blade_segment:orig:9,orig,9,0.28079038858413696,0.28079038858413696,0.2755905091762543,0.28603410720825195,0.017063584178686142,0.01000354252755642,0.06867184489965439,0.06867184489965439,2.528712272644043,3.1830175643034595,0.20388762563514654,-0.20388762563514654,30.481374166213335,0.0008152193040587008,7.727040792815387e-05,0.002039598533883691,0.5814817575516417
1.05,168,rotor_0_blade_1,rotor_0_blade_1_blade_0,blade_segment,rotor_0_blade_1_blade_0:blade_segment:orig:10,orig,10,0.29079383611679077,0.29079383611679077,0.285603791475296,0.2960251271724701,0.016236253082752228,0.010003497824072838,0.05960918217897415,0.05960918217897415,2.742063522338867,2.6778104712467528,0.1940579772751098,-0.1940579772751098,30.490154216774023,0.0006245566182769835,6.524224590975791e-05,0.0019412585534155369,0.7474501933377018
1.05,168,rotor_0_blade_1,rotor_0_blade_1_blade_0,blade_segment,rotor_0_blade_1_blade_0:blade_segment:orig:11,orig,11,0.30079740285873413,0.30079740285873413,0.29561713337898254,0.30601581931114197,0.015411408618092537,0.010003577917814255,0.0436309352517128,0.0436309352517128,2.955718994140625,1.915662686660901,0.15546439616953692,-0.15546439616953692,25.733718260229587,0.00032720217132009566,4.278530104784295e-05,0.0015552002005279064,0.9134206069398352
1.0875,174,rotor_0_blade_1,rotor_0_blade_1_blade_0,blade_segment,rotor_0_blade_1_blade_0:blade_segment:orig:0,orig,0,-0.02916952222585678,0.02916952222585678,-0.034527845680713654,-0.023880762979388237,0.024580063298344612,0.010003600269556046,0.04714727774262428,0.04714727774262428,0.6031844019889832,6.359947317652392,0.02893221378375248,-0.02893221378375248,3.002704546357524,0.00023067744041327387,0.00026467995485290885,0.00028942630160599947,0.9122535639888615
1.0875,174,rotor_0_blade_1,rotor_0_blade_1_blade_0,blade_segment,rotor_0_blade_1_blade_0:blade_segment:orig:1,orig,1,-0.039173100143671036,0.039173100143671036,-0.044518399983644485,-0.03389423340559006,0.023740757256746292,0.010003449395298958,0.06556613743305206,0.06556613743305206,0.7453400492668152,7.410722824679424,0.05071307378316716,-0.05071307378316716,5.449282210439449,0.00040969174006022513,0.00046886096242815256,0.000507305667269975,0.7462830085634006
1.0875,174,rotor_0_blade_1,rotor_0_blade_1_blade_0,blade_segment,rotor_0_blade_1_blade_0:blade_segment:orig:2,orig,2,-0.04917673021554947,0.04917673021554947,-0.05450936779379845,-0.04390765726566315,0.022902023047208786,0.010003573261201382,0.07491438090801239,0.07491438090801239,0.9584460854530334,6.825801511225432,0.07652461234743985,-0.07652461234743985,8.523956482914018,0.0005310018314048648,0.0006100935279391706,0.0007655195659026504,0.5803115878436348
1.0875,174,rotor_0_blade_1,rotor_0_blade_1_blade_0,blade_segment,rotor_0_blade_1_blade_0:blade_segment:orig:3,orig,3,-0.059180308133363724,0.059180308133363724,-0.06450039148330688,-0.053920991718769073,0.022064154967665672,0.010003655217587948,0.07973853498697281,0.07973853498697281,1.1837804317474365,6.105760881354033,0.10287262263201166,-0.10287262263201166,11.893959236604486,0.0006091268733143806,0.0007035607122816145,0.0010291022481396794,0.4143410324181739
1.0875,174,rotor_0_blade_1,rotor_0_blade_1_blade_0,blade_segment,rotor_0_blade_1_blade_0:blade_segment:orig:4,orig,4,-0.06918386369943619,0.06918386369943619,-0.07449124753475189,-0.0639345645904541,0.02122735232114792,0.010003544390201569,0.08181793242692947,0.08181793242692947,1.4103790521621704,5.465712943985928,0.1279819110931864,-0.1279819110931864,15.380366902809273,0.0006541300681419671,0.0007599446689710021,0.0012802727287635207,0.24837084783312924
1.0875,174,rotor_0_blade_1,rotor_0_blade_1_blade_0,blade_segment,rotor_0_blade_1_blade_0:blade_segment:orig:5,orig,5,-0.07918742299079895,0.07918742299079895,-0.08448196947574615,-0.073947973549366,0.02039170451462269,0.010003576055169106,0.08203808218240738,0.08203808218240738,1.634631633758545,4.922345190413505,0.15092683976122723,-0.15092683976122723,18.881082162326614,0.0006726705469191074,0.0007862875354476273,0.0015098081203177571,0.08240060144134853
1.0875,174,rotor_0_blade_1,rotor_0_blade_1_blade_0,blade_segment,rotor_0_blade_1_blade_0:blade_segment:orig:6,orig,6,-0.0891910120844841,0.0891910120844841,-0.09447314590215683,-0.08396132290363312,0.01955721154808998,0.010003563947975636,0.08085229992866516,0.08085229992866516,1.8555785417556763,4.455906804084538,0.17095252924591145,-0.17095252924591145,22.298853282897515,0.0006700051599182189,0.0007882809732109308,0.0017101345583796501,-0.08357013940432058
1.0875,174,rotor_0_blade_1,rotor_0_blade_1_blade_0,blade_segment,rotor_0_blade_1_blade_0:blade_segment:orig:7,orig,7,-0.0991944968700409,0.0991944968700409,-0.1044638454914093,-0.09397467970848083,0.018724268302321434,0.010003465227782726,0.0784209743142128,0.0784209743142128,2.073124408721924,4.040471137974755,0.1871997699685294,-0.1871997699685294,25.50435754725756,0.000647903245408088,0.0007676140521652997,0.001872646389529109,-0.24953914966138022
1.0875,174,rotor_0_blade_1,rotor_0_blade_1_blade_0,blade_segment,rotor_0_blade_1_blade_0:blade_segment:orig:8,orig,8,-0.10919801890850067,0.10919801890850067,-0.11445464938879013,-0.10398836433887482,0.017893051728606224,0.010003730654716492,0.07461488246917725,0.07461488246917725,2.287595272064209,3.645791660130991,0.19835880233384326,-0.19835880233384326,28.28010339250683,0.000603813212364912,0.0007211664924398065,0.001984328031539917,-0.4155087779858004
1.0875,174,rotor_0_blade_1,rotor_0_blade_1_blade_0,blade_segment,rotor_0_blade_1_blade_0:blade_segment:orig:9,orig,9,-0.11920170485973358,0.11920170485973358,-0.12444549053907394,-0.11400186270475388,0.017063554376363754,0.010003539733588696,0.06888332962989807,0.06888332962989807,2.4992668628692627,3.230442352460545,0.20190429503392493,-0.20190429503392493,30.184917266757594,0.0005281446501612663,0.0006376129458658397,0.0020197576377540827,-0.5814811258066068
1.0875,174,rotor_0_blade_1,rotor_0_blade_1_blade_0,blade_segment,rotor_0_blade_1_blade_0:blade_segment:orig:10,orig,10,-0.12920516729354858,0.12920516729354858,-0.1344365030527115,-0.12401513755321503,0.016236256808042526,0.010003497824072838,0.059857212007045746,0.059857212007045746,2.7092249393463135,2.721544899644438,0.19230558503195275,-0.19230558503195275,30.21481353862819,0.00040213242755271494,0.0004946915432810783,0.0019237285014241934,-0.7474497652232501
1.0875,174,rotor_0_blade_1,rotor_0_blade_1_blade_0,blade_segment,rotor_0_blade_1_blade_0:blade_segment:orig:11,orig,11,-0.13920876383781433,0.13920876383781433,-0.14442718029022217,-0.13402846455574036,0.01541141513735056,0.010003555566072464,0.04384505748748779,0.04384505748748779,2.9200949668884277,1.9485481616075255,0.15423413562461527,-0.15423413562461527,25.53006483228475,0.0002056990924756974,0.000266413640929386,0.0015428897459059954,-0.9134206296823915
1.125,180,rotor_0_blade_1,rotor_0_blade_1_blade_0,blade_segment,rotor_0_blade_1_blade_0:blade_segment:orig:11,orig,11,0.019089650362730026,0.019089650362730026,0.013871252536773682,0.024269944056868553,0.01541142351925373,0.010003551840782166,0.04460130259394646,0.04460130259394646,2.9525372982025146,1.96037605991787,0.1591394031895038,-0.1591394031895038,26.342009534172124,-4.430369517649524e-05,0.0003457471902947873,0.0015919592697173357,-0.9134209480806167
1.125,180,rotor_0_blade_1,rotor_0_blade_1_blade_0,blade_segment,rotor_0_blade_1_blade_0:blade_segment:orig:10,orig,10,0.029093243181705475,0.029093243181705475,0.02386193349957466,0.03428328409790993,0.01623626798391342,0.010003508999943733,0.06047915667295456,0.06047915667295456,2.7356958389282227,2.7232135644593622,0.19676465429422785,-0.19676465429422785,30.915395656630434,-6.681670492980629e-05,0.0006467159255407751,0.0019683369901031256,-0.7474501633799084
1.125,180,rotor_0_blade_1,rotor_0_blade_1_blade_0,blade_segment,rotor_0_blade_1_blade_0:blade_segment:orig:9,orig,9,0.039096709340810776,0.039096709340810776,0.03385291248559952,0.04429657384753227,0.017063584178686142,0.010003533214330673,0.0694240927696228,0.0694240927696228,2.5212249755859375,3.2274412754635757,0.20581597309502875,-0.20581597309502875,30.76966375840428,-7.86779128247872e-05,0.0008365095709450543,0.0020588869228959084,-0.5814814801079986
1.125,180,rotor_0_blade_1,rotor_0_blade_1_blade_0,blade_segment,rotor_0_blade_1_blade_0:blade_segment:orig:8,orig,8,0.04910040646791458,0.04910040646791458,0.04384375736117363,0.05431004986166954,0.01789303869009018,0.010003721341490746,0.07513140887022018,0.07513140887022018,2.305976629257202,3.6417701010526304,0.20183122538615494,-0.20183122538615494,28.775189272341862,-8.41781438793987e-05,0.0009488374926149845,0.002019063336774707,-0.41550896481886795
1.125,180,rotor_0_blade_1,rotor_0_blade_1_blade_0,blade_segment,rotor_0_blade_1_blade_0:blade_segment:orig:7,orig,7,0.05910392850637436,0.05910392850637436,0.053834568709135056,0.06432374566793442,0.018724270164966583,0.010003479197621346,0.07893912494182587,0.07893912494182587,2.08864164352417,4.036950943748089,0.1902829062873505,-0.1902829062873505,25.92440575717977,-8.579849236411974e-05,0.0010131372837349772,0.0019034910947084427,-0.24953935444601763
1.125,180,rotor_0_blade_1,rotor_0_blade_1_blade_0,blade_segment,rotor_0_blade_1_blade_0:blade_segment:orig:6,orig,6,0.06910741329193115,0.06910741329193115,0.06382527202367783,0.07433710247278214,0.019557218998670578,0.010003557428717613,0.08137501776218414,0.08137501776218414,1.8686039447784424,4.453451548392667,0.17365526208431467,-0.17365526208431467,22.65138604789057,-8.470707689411938e-05,0.001043072552420199,0.0017371703870594501,-0.08357036214046099
1.125,180,rotor_0_blade_1,rotor_0_blade_1_blade_0,blade_segment,rotor_0_blade_1_blade_0:blade_segment:orig:5,orig,5,0.0791110023856163,0.0791110023856163,0.0738164633512497,0.08435043692588806,0.020391684025526047,0.010003581643104553,0.08255475014448166,0.08255475014448166,1.6456201076507568,4.920275090535178,0.15323859929334202,-0.15323859929334202,19.17030460193117,-8.13086808193475e-05,0.0010429135290905833,0.0015329348389059305,0.08240036075351798
1.125,180,rotor_0_blade_1,rotor_0_blade_1_blade_0,blade_segment,rotor_0_blade_1_blade_0:blade_segment:orig:4,orig,4,0.08911456167697906,0.08911456167697906,0.08380717039108276,0.09436385333538055,0.021227367222309113,0.010003538802266121,0.0823114663362503,0.0823114663362503,1.4197094440460205,5.462541253341497,0.1298890172418063,-0.1298890172418063,15.609544523820313,-7.563232793472707e-05,0.00100948684848845,0.0012993498239666224,0.24837058919366198
1.125,180,rotor_0_blade_1,rotor_0_blade_1_blade_0,blade_segment,rotor_0_blade_1_blade_0:blade_segment:orig:3,orig,3,0.09911812841892242,0.09911812841892242,0.09379804134368896,0.10437746345996857,0.022064153105020523,0.010003655217587948,0.08018865436315536,0.08018865436315536,1.1921956539154053,6.09688670161015,0.10437167866252851,-0.10437167866252851,12.067278586903232,-6.739521631971002e-05,0.0009356121299788356,0.001044098287820816,0.4143409412472647
1.125,180,rotor_0_blade_1,rotor_0_blade_1_blade_0,blade_segment,rotor_0_blade_1_blade_0:blade_segment:orig:2,orig,2,0.10912171006202698,0.10912171006202698,0.1037890687584877,0.1143907830119133,0.02290203422307968,0.010003579780459404,0.07530093193054199,0.07530093193054199,0.9668979644775391,6.801044891602458,0.07763314962431789,-0.07763314962431789,8.647430490783533,-5.630980376736261e-05,0.0008110962226055562,0.000776609405875206,0.580311540527785
1.125,180,rotor_0_blade_1,rotor_0_blade_1_blade_0,blade_segment,rotor_0_blade_1_blade_0:blade_segment:orig:1,orig,1,0.11912532150745392,0.11912532150745392,0.11378004401922226,0.12440419942140579,0.02374076098203659,0.01000344567000866,0.06587425619363785,0.06587425619363785,0.7561701536178589,7.338909850533217,0.05149277756747482,-0.05149277756747482,5.533063011208127,-4.20178439526353e-05,0.0006226254045031965,0.000515105202794075,0.7462826342621401
1.125,180,rotor_0_blade_1,rotor_0_blade_1_blade_0,blade_segment,rotor_0_blade_1_blade_0:blade_segment:orig:0,orig,0,0.12912891805171967,0.12912891805171967,0.12377059459686279,0.13441768288612366,0.024580098688602448,0.01000361330807209,0.047353971749544144,0.047353971749544144,0.6186012029647827,6.228622696097923,0.02955115387358213,-0.02955115387358213,3.066936287413544,-2.406291605439037e-05,0.00034905943903140724,0.0002956183161586523,0.9122534807695778
1.1625,186,rotor_0_blade_1,rotor_0_blade_1_blade_0,blade_segment,rotor_0_blade_1_blade_0:blade_segment:orig:11,orig,11,0.0813688412308693,0.0813688412308693,0.07615045458078384,0.08654913306236267,0.01541142538189888,0.010003560222685337,0.044060103595256805,0.044060103595256805,2.986532688140869,1.9145443413653942,0.15910709246724844,-0.15910709246724844,26.3366580254279,-0.0002666940272320062,0.00020486669382080436,0.0015916373813524842,-0.9134211388519611
1.1625,186,rotor_0_blade_1,rotor_0_blade_1_blade_0,blade_segment,rotor_0_blade_1_blade_0:blade_segment:orig:10,orig,10,0.09137245267629623,0.09137245267629623,0.08614111691713333,0.0965624749660492,0.016236286610364914,0.01000349223613739,0.060192447155714035,0.060192447155714035,2.7715210914611816,2.6752667925568905,0.1987609261860535,-0.1987609261860535,31.229011362879532,-0.0004962561069987714,0.0004020947962999344,0.001988303381949663,-0.7474500553757357
1.1625,186,rotor_0_blade_1,rotor_0_blade_1_blade_0,blade_segment,rotor_0_blade_1_blade_0:blade_segment:orig:9,orig,9,0.10137593001127243,0.10137593001127243,0.09613212198019028,0.10657577216625214,0.017063606530427933,0.010003539733588696,0.06939533352851868,0.06939533352851868,2.556528091430664,3.181550827222771,0.20906782088699616,-0.20906782088699616,31.25577683837825,-0.0006430735811591148,0.000531441590283066,0.0020914182532578707,-0.5814811969416301
1.1625,186,rotor_0_blade_1,rotor_0_blade_1_blade_0,blade_segment,rotor_0_blade_1_blade_0:blade_segment:orig:8,orig,8,0.11137960851192474,0.11137960851192474,0.1061229556798935,0.11658924072980881,0.017893042415380478,0.010003730654716492,0.07533836364746094,0.07533836364746094,2.340752124786377,3.597547700484862,0.20590163371262507,-0.20590163371262507,29.35550352373625,-0.0007318545831367373,0.0006117047742009163,0.002059784485027194,-0.41550900094434495
1.1625,186,rotor_0_blade_1,rotor_0_blade_1_blade_0,blade_segment,rotor_0_blade_1_blade_0:blade_segment:orig:7,orig,7,0.12138313800096512,0.12138313800096512,0.11611376702785492,0.12660294771194458,0.01872427389025688,0.010003474541008472,0.07934848964214325,0.07934848964214325,2.1229922771453857,3.9922273056626723,0.19490027323892445,-0.19490027323892445,26.55347692002126,-0.0007827846566215158,0.000659783196169883,0.0019496799213811755,-0.24953927721608168
1.1625,186,rotor_0_blade_1,rotor_0_blade_1_blade_0,blade_segment,rotor_0_blade_1_blade_0:blade_segment:orig:6,orig,6,0.1313866227865219,0.1313866227865219,0.126104474067688,0.1366163194179535,0.01955721154808998,0.010003563947975636,0.08195136487483978,0.08195136487483978,1.9025481939315796,4.404976403852093,0.17857271200871036,-0.17857271200871036,23.292821246788176,-0.0008065281435847282,0.0006846691248938441,0.0017863635439425707,-0.083570295168525
1.1625,186,rotor_0_blade_1,rotor_0_blade_1_blade_0,blade_segment,rotor_0_blade_1_blade_0:blade_segment:orig:5,orig,5,0.14139020442962646,0.14139020442962646,0.13609567284584045,0.14662964642047882,0.020391684025526047,0.010003580711781979,0.08326467126607895,0.08326467126607895,1.678743839263916,4.864668406743171,0.15821206267829024,-0.15821206267829024,19.7924899289681,-0.0008059653919190168,0.0006887061172164977,0.0015826871385797858,0.08240029385389595
1.1625,186,rotor_0_blade_1,rotor_0_blade_1_blade_0,blade_segment,rotor_0_blade_1_blade_0:blade_segment:orig:4,orig,4,0.15139377117156982,0.15139377117156982,0.14608639478683472,0.1566430628299713,0.021227359771728516,0.010003539733588696,0.08312053978443146,0.08312053978443146,1.4517009258270264,5.394674133074787,0.13468661005794594,-0.13468661005794594,16.186105792664474,-0.0007792924297973514,0.0006700060330331326,0.001347342855297029,0.2483706356494147
1.1625,186,rotor_0_blade_1,rotor_0_blade_1_blade_0,blade_segment,rotor_0_blade_1_blade_0:blade_segment:orig:3,orig,3,0.161397323012352,0.161397323012352,0.15607723593711853,0.16665665805339813,0.02206416428089142,0.010003654286265373,0.08105593919754028,0.08105593919754028,1.2227344512939453,6.008903184028765,0.1087658669652265,-0.1087658669652265,12.57532090531795,-0.0007209922187030315,0.0006234829779714346,0.0010880561312660575,0.41434073021803125
1.1625,186,rotor_0_blade_1,rotor_0_blade_1_blade_0,blade_segment,rotor_0_blade_1_blade_0:blade_segment:orig:2,orig,2,0.17140091955661774,0.17140091955661774,0.16606827080249786,0.17666997015476227,0.02290206402540207,0.010003592818975449,0.07616787403821945,0.07616787403821945,0.9961763620376587,6.677147543776882,0.08142489309463792,-0.08142489309463792,9.069774837173732,-0.0006236116169020534,0.0005420796223916113,0.0008145414758473635,0.5803115664673544
1.1625,186,rotor_0_blade_1,rotor_0_blade_1_blade_0,blade_segment,rotor_0_blade_1_blade_0:blade_segment:orig:1,orig,1,0.18140453100204468,0.18140453100204468,0.17605926096439362,0.18668341636657715,0.023740777745842934,0.010003438219428062,0.06665578484535217,0.06665578484535217,0.784744381904602,7.155577414134959,0.054522123411826155,-0.054522123411826155,5.858571737158826,-0.00047695913235656917,0.00041613829671405256,0.0005454086931422353,0.7462826499435797
1.1625,186,rotor_0_blade_1,rotor_0_blade_1_blade_0,blade_segment,rotor_0_blade_1_blade_0:blade_segment:orig:0,orig,0,0.19140812754631042,0.19140812754631042,0.18604981899261475,0.19669689238071442,0.02458007261157036,0.010003617033362389,0.04789286479353905,0.04789286479353905,0.6490980982780457,6.003538683245748,0.03174450767234736,-0.03174450767234736,3.2945747638326353,-0.00026591206551529467,0.0002311613061465323,0.00031755989766679704,0.9122534861929029
1.2,192,rotor_0_blade_1,rotor_0_blade_1_blade_0,blade_segment,rotor_0_blade_1_blade_0:blade_segment:orig:11,orig,11,0.011146496050059795,0.011146496050059795,0.005928100552409887,0.016326788812875748,0.01541142351925373,0.010003559291362762,0.0449000708758831,0.0449000708758831,3.0440847873687744,1.9141568508102818,0.1654129085654915,-0.1654129085654915,27.38044963835022,-0.00034599387436173856,-4.535266270977445e-05,0.0016547178383916616,-0.9134210071111368
1.2,192,rotor_0_blade_1,rotor_0_blade_1_blade_0,blade_segment,rotor_0_blade_1_blade_0:blade_segment:orig:10,orig,10,0.021150100976228714,0.021150100976228714,0.015918781980872154,0.02634013071656227,0.016236282885074615,0.010003497824072838,0.06087752804160118,0.06087752804160118,2.8256218433380127,2.6539110116397246,0.20510963233627907,-0.20510963233627907,32.226517713712965,-0.0006477271090261638,-6.825701711932197e-05,0.0020518137607723475,-0.7474500606476457
1.2,192,rotor_0_blade_1,rotor_0_blade_1_blade_0,blade_segment,rotor_0_blade_1_blade_0:blade_segment:orig:9,orig,9,0.031153574585914612,0.031153574585914612,0.025909775868058205,0.03635343164205551,0.017063599079847336,0.010003544390201569,0.06997352093458176,0.06997352093458176,2.6083106994628906,3.1443708507317942,0.2153108435314262,-0.2153108435314262,32.189126888020496,-0.0008411317248828709,-8.052647899603471e-05,0.0021538715809583664,-0.5814812928708516
1.2,192,rotor_0_blade_1,rotor_0_blade_1_blade_0,blade_segment,rotor_0_blade_1_blade_0:blade_segment:orig:8,orig,8,0.041157275438308716,0.041157275438308716,0.03590061143040657,0.04636690020561218,0.017893053591251373,0.01000373624265194,0.07586819678544998,0.07586819678544998,2.390653371810913,3.5472245703881824,0.2120693194481554,-0.2120693194481554,30.234814817860503,-0.0009591421694494784,-8.647073264000937e-05,0.002121485536918044,-0.4155087548844543
1.2,192,rotor_0_blade_1,rotor_0_blade_1_blade_0,blade_segment,rotor_0_blade_1_blade_0:blade_segment:orig:7,orig,7,0.051160797476768494,0.051160797476768494,0.0458914190530777,0.056380610913038254,0.018724285066127777,0.01000346802175045,0.07987748086452484,0.07987748086452484,2.1708621978759766,3.9302199424001514,0.20096499050101005,-0.20096499050101005,27.37972586316929,-0.0010286476463079453,-8.845390402711928e-05,0.002010346855968237,-0.24953918362036764
1.2,192,rotor_0_blade_1,rotor_0_blade_1_blade_0,blade_segment,rotor_0_blade_1_blade_0:blade_segment:orig:6,orig,6,0.06116427853703499,0.06116427853703499,0.05588212236762047,0.06639397889375687,0.019557204097509384,0.010003571398556232,0.08251829445362091,0.08251829445362091,1.9483370780944824,4.331211336998886,0.18449766754400068,-0.18449766754400068,24.06567486930329,-0.0010640380205586553,-8.768488623900339e-05,0.0018456355901435018,-0.08357029223014384
1.2,192,rotor_0_blade_1,rotor_0_blade_1_blade_0,blade_segment,rotor_0_blade_1_blade_0:blade_segment:orig:5,orig,5,0.07116787135601044,0.07116787135601044,0.06587332487106323,0.0764073058962822,0.020391684025526047,0.010003581643104553,0.08389650285243988,0.08389650285243988,1.722468376159668,4.7771568793741634,0.16394986195293218,-0.16394986195293218,20.51029445306887,-0.0010682216379791498,-8.450162567896768e-05,0.0016400858294218779,0.0824004533615241
1.2,192,rotor_0_blade_1,rotor_0_blade_1_blade_0,blade_segment,rotor_0_blade_1_blade_0:blade_segment:orig:4,orig,4,0.0811714231967926,0.0811714231967926,0.0758640468120575,0.08642072230577469,0.021227365359663963,0.010003538802266121,0.08383150398731232,0.08383150398731232,1.4931061267852783,5.289936769100982,0.14015505504124393,-0.14015505504124393,16.843277517465733,-0.0010379374725744128,-7.891812128946185e-05,0.0014020465314388275,0.2483705190793292
1.2,192,rotor_0_blade_1,rotor_0_blade_1_blade_0,blade_segment,rotor_0_blade_1_blade_0:blade_segment:orig:3,orig,3,0.09117498993873596,0.09117498993873596,0.0858549028635025,0.0964343324303627,0.02206413820385933,0.010003658011555672,0.08184373378753662,0.08184373378753662,1.2613838911056519,5.881406269853819,0.11383636184887816,-0.11383636184887816,13.16157828528972,-0.0009652148000895977,-7.0601498009637e-05,0.0011387800332158804,0.41434083202399347
1.2,192,rotor_0_blade_1,rotor_0_blade_1_blade_0,blade_segment,rotor_0_blade_1_blade_0:blade_segment:orig:2,orig,2,0.1011785939335823,0.1011785939335823,0.09584593027830124,0.10644765198230743,0.02290203608572483,0.0100035909563303,0.07700131088495255,0.07700131088495255,1.0309759378433228,6.522370881656244,0.08591628074099962,-0.08591628074099962,9.57007423896205,-0.0008383533568121493,-5.918426177231595e-05,0.0008594713290221989,0.5803117630358059
1.2,192,rotor_0_blade_1,rotor_0_blade_1_blade_0,blade_segment,rotor_0_blade_1_blade_0:blade_segment:orig:1,orig,1,0.11118222028017044,0.11118222028017044,0.10583692789077759,0.11646108329296112,0.02374079078435898,0.01000344380736351,0.06744499504566193,0.06744499504566193,0.814452052116394,6.976201561379201,0.05818600460138407,-0.05818600460138407,6.252263732739861,-0.0006431705551221967,-4.4275628169998527e-05,0.0005820604274049401,0.746283064887907
1.2,192,rotor_0_blade_1,rotor_0_blade_1_blade_0,blade_segment,rotor_0_blade_1_blade_0:blade_segment:orig:0,orig,0,0.121185801923275,0.121185801923275,0.11582750082015991,0.1264745593070984,0.024580111727118492,0.010003624483942986,0.048451393842697144,0.048451393842697144,0.6749134063720703,5.841230757511194,0.03428933482042693,-0.03428933482042693,3.55868166428008,-0.0003570718108676374,-2.5335970349260606e-05,0.0003430176293477416,0.9122536250594305
1.2375,198,rotor_0_blade_1,rotor_0_blade_1_blade_0,blade_segment,rotor_0_blade_1_blade_0:blade_segment:orig:0,orig,0,0.04040282219648361,0.04040282219648361,0.035114068537950516,0.0457611158490181,0.024580098688602448,0.010003633797168732,0.04852337762713432,0.04852337762713432,0.6780372262001038,5.822960694716033,0.03511267993598552,-0.03511267993598552,3.6441335828947685,-0.00023700926976744086,-0.0002733893634285778,0.0003512543917167932,-0.912253674324736
1.2375,198,rotor_0_blade_1,rotor_0_blade_1_blade_0,blade_segment,rotor_0_blade_1_blade_0:blade_segment:orig:1,orig,1,0.05040641129016876,0.05040641129016876,0.04512752965092659,0.05575169250369072,0.023740803822875023,0.010003438219428062,0.06752008199691772,0.06752008199691772,0.822630763053894,6.914528818573841,0.05942676082825704,-0.05942676082825704,6.385583268155841,-0.0004258255648892373,-0.0004890888230875134,0.000594471930526197,-0.746282966817917
1.2375,198,rotor_0_blade_1,rotor_0_blade_1_blade_0,blade_segment,rotor_0_blade_1_blade_0:blade_segment:orig:2,orig,2,0.060410045087337494,0.060410045087337494,0.05514097958803177,0.06574269384145737,0.022902023047208786,0.01000360120087862,0.07699897885322571,0.07699897885322571,1.0424160957336426,6.4505984123010816,0.08720417296440788,-0.08720417296440788,9.713535981106974,-0.0005517646786756814,-0.0006359572289511561,0.0008723557693883777,-0.5803115176304142
1.2375,198,rotor_0_blade_1,rotor_0_blade_1_blade_0,blade_segment,rotor_0_blade_1_blade_0:blade_segment:orig:3,orig,3,0.07041364163160324,0.07041364163160324,0.0651543065905571,0.0757337287068367,0.02206414006650448,0.010003648698329926,0.08172591775655746,0.08172591775655746,1.2737027406692505,5.816138138141145,0.11492574108099775,-0.11492574108099775,13.287529449923374,-0.0006311761680990458,-0.0007312098168767989,0.0011496767401695251,-0.41434068651014794
1.2375,198,rotor_0_blade_1,rotor_0_blade_1_blade_0,blade_segment,rotor_0_blade_1_blade_0:blade_segment:orig:4,orig,4,0.0804172083735466,0.0804172083735466,0.07516791671514511,0.08572457730770111,0.021227367222309113,0.010003546252846718,0.08358867466449738,0.08358867466449738,1.504941701889038,5.233131227032744,0.14087930930789463,-0.14087930930789463,16.93031403134553,-0.0006741385441273451,-0.0007855474832467735,0.0014092926867306232,-0.2483703498436707
1.2375,198,rotor_0_blade_1,rotor_0_blade_1_blade_0,blade_segment,rotor_0_blade_1_blade_0:blade_segment:orig:5,orig,5,0.09042075276374817,0.09042075276374817,0.085181325674057,0.09571530669927597,0.020391684025526047,0.010003577917814255,0.0835290476679802,0.0835290476679802,1.73275887966156,4.727987280466263,0.16416520268571844,-0.16416520268571844,20.537233797723236,-0.0006888963980600238,-0.0008077602251432836,0.0016422393964603543,-0.08240038401753531
1.2375,198,rotor_0_blade_1,rotor_0_blade_1_blade_0,blade_segment,rotor_0_blade_1_blade_0:blade_segment:orig:6,orig,6,0.10042434930801392,0.10042434930801392,0.09519465267658234,0.10570652782917023,0.019557200372219086,0.010003563947975636,0.08202304691076279,0.08202304691076279,1.9562327861785889,4.287841023096417,0.1840466235524839,-0.1840466235524839,24.006845755022294,-0.000680994417052716,-0.0008038893574848771,0.0018411221681162715,0.08357044710273102
1.2375,198,rotor_0_blade_1,rotor_0_blade_1_blade_0,blade_segment,rotor_0_blade_1_blade_0:blade_segment:orig:7,orig,7,0.11042783409357071,0.11042783409357071,0.10520801693201065,0.1156972125172615,0.018724270164966583,0.010003478266298771,0.07923799008131027,0.07923799008131027,2.175426721572876,3.890577662078052,0.19965230920740074,-0.19965230920740074,27.200906141481678,-0.0006526272045448422,-0.0007760700536891818,0.001997217535972595,0.2495394240212882
1.2375,198,rotor_0_blade_1,rotor_0_blade_1_blade_0,blade_segment,rotor_0_blade_1_blade_0:blade_segment:orig:8,orig,8,0.12043136358261108,0.12043136358261108,0.11522173881530762,0.12568801641464233,0.017893057316541672,0.010003737173974514,0.07504779100418091,0.07504779100418091,2.39098858833313,3.5083737486759934,0.20966775748966782,-0.20966775748966782,29.892416864696354,-0.0006013056263327599,-0.0007212531054392457,0.002097461139783263,0.41550914262052907
1.2375,198,rotor_0_blade_1,rotor_0_blade_1_blade_0,blade_segment,rotor_0_blade_1_blade_0:blade_segment:orig:9,orig,9,0.1304350644350052,0.1304350644350052,0.12523521482944489,0.13567882776260376,0.017063623294234276,0.010003559291362762,0.06892768293619156,0.06892768293619156,2.6048645973205566,3.101467732142209,0.21172976769907384,-0.21172976769907384,31.653708541404043,-0.0005174541147425771,-0.0006281622918322682,0.0021180512849241495,0.5814817043290572
1.2375,198,rotor_0_blade_1,rotor_0_blade_1_blade_0,blade_segment,rotor_0_blade_1_blade_0:blade_segment:orig:10,orig,10,0.1404385268688202,0.1404385268688202,0.13524851202964783,0.1456698477268219,0.016236303374171257,0.010003484785556793,0.05962706357240677,0.05962706357240677,2.8225979804992676,2.6021793975821566,0.20074251756793493,-0.20074251756793493,31.540323391377473,-0.0003862060548271984,-0.0004789911035913974,0.0020081247203052044,0.7474503104072726
1.2375,198,rotor_0_blade_1,rotor_0_blade_1_blade_0,blade_segment,rotor_0_blade_1_blade_0:blade_segment:orig:11,orig,11,0.15044212341308594,0.15044212341308594,0.14526183903217316,0.1556605100631714,0.015411444008350372,0.01000356487929821,0.043638925999403,0.043638925999403,3.0484416484832764,1.8577310077796239,0.16100150299136617,-0.16100150299136617,26.650203553501854,-0.00019538914784789085,-0.0002565768372733146,0.0016105889808386564,0.913421141527539
1.275,204,rotor_0_blade_1,rotor_0_blade_1_blade_0,blade_segment,rotor_0_blade_1_blade_0:blade_segment:orig:0,orig,0,0.19870129227638245,0.19870129227638245,0.19341252744197845,0.20405958592891693,0.024580126628279686,0.010003650560975075,0.04836347699165344,0.04836347699165344,0.6567972898483276,5.99145143919178,0.03381532286759806,-0.03381532286759806,3.509484717000011,2.5654249839135446e-05,-0.0003635878674685955,0.0003382766735740006,-0.9122534916162273
1.275,204,rotor_0_blade_1,rotor_0_blade_1_blade_0,blade_segment,rotor_0_blade_1_blade_0:blade_segment:orig:1,orig,1,0.208704873919487,0.208704873919487,0.20342601835727692,0.21405015885829926,0.02374079078435898,0.010003427043557167,0.06724032014608383,0.06724032014608383,0.8042937517166138,7.042873575305252,0.05752306468109685,-0.05752306468109685,6.181028815529226,4.444338264875114e-05,-0.0006473583052866161,0.0005754277808591723,-0.7462829128519043
1.275,204,rotor_0_blade_1,rotor_0_blade_1_blade_0,blade_segment,rotor_0_blade_1_blade_0:blade_segment:orig:2,orig,2,0.21870853006839752,0.21870853006839752,0.2134394347667694,0.2240411788225174,0.022902021184563637,0.010003611445426941,0.0766507238149643,0.0766507238149643,1.0234038829803467,6.54071737207233,0.08461994483719655,-0.08461994483719655,9.42568363192487,5.900046380702406e-05,-0.0008380289073102176,0.0008465050486847758,-0.5803110979531468
1.275,204,rotor_0_blade_1,rotor_0_blade_1_blade_0,blade_segment,rotor_0_blade_1_blade_0:blade_segment:orig:3,orig,3,0.22871212661266327,0.22871212661266327,0.22345279157161713,0.23403221368789673,0.02206410840153694,0.010003641247749329,0.08135013282299042,0.08135013282299042,1.2520434856414795,5.889554792851613,0.11169644246968345,-0.11169644246968345,12.91418166888394,6.99998636264354e-05,-0.0009599152836017311,0.0011173711391165853,-0.41434027196193696
1.275,204,rotor_0_blade_1,rotor_0_blade_1_blade_0,blade_segment,rotor_0_blade_1_blade_0:blade_segment:orig:4,orig,4,0.23871570825576782,0.23871570825576782,0.23346635699272156,0.24402305483818054,0.021227337419986725,0.010003549978137016,0.08322057873010635,0.08322057873010635,1.4799530506134033,5.298064799264296,0.13709931264855144,-0.13709931264855144,16.476072226670688,7.791720418026671e-05,-0.0010282396106049418,0.0013714798260480165,-0.248369693197614
1.275,204,rotor_0_blade_1,rotor_0_blade_1_blade_0,blade_segment,rotor_0_blade_1_blade_0:blade_segment:orig:5,orig,5,0.2487192302942276,0.2487192302942276,0.24347984790802002,0.2540137767791748,0.020391684025526047,0.010003596544265747,0.0831976905465126,0.0831976905465126,1.7042248249053955,4.788078769553147,0.1599621739680932,-0.1599621739680932,20.01143063103349,8.313397120218724e-05,-0.001054787659086287,0.0016001970507204533,-0.08240010334083873
1.275,204,rotor_0_blade_1,rotor_0_blade_1_blade_0,blade_segment,rotor_0_blade_1_blade_0:blade_segment:orig:6,orig,6,0.25872284173965454,0.25872284173965454,0.25349316000938416,0.26400497555732727,0.019557233899831772,0.010003535076975822,0.08174894005060196,0.08174894005060196,1.9243440628051758,4.344321643229164,0.17957205535612641,-0.17957205535612641,23.423147685176602,8.60235231812112e-05,-0.0010480980854481459,0.0017963553545996547,0.08357096987725803
1.275,204,rotor_0_blade_1,rotor_0_blade_1_blade_0,blade_segment,rotor_0_blade_1_blade_0:blade_segment:orig:7,orig,7,0.26872631907463074,0.26872631907463074,0.2635065019130707,0.27399563789367676,0.018724270164966583,0.010003503412008286,0.07903163880109787,0.07903163880109787,2.140374183654785,3.94399522461011,0.19507732157919336,-0.19507732157919336,26.577603513190837,8.649119990877807e-05,-0.0010101243387907743,0.0019514566520228982,0.24953981805337258
1.275,204,rotor_0_blade_1,rotor_0_blade_1_blade_0,blade_segment,rotor_0_blade_1_blade_0:blade_segment:orig:8,orig,8,0.2787298262119293,0.2787298262119293,0.27352026104927063,0.28398653864860535,0.017893053591251373,0.010003735311329365,0.07490638643503189,0.07490638643503189,2.353252649307251,3.5579170892701804,0.2051806840598211,-0.2051806840598211,29.252699083929617,8.413477917201817e-05,-0.0009368170867674053,0.0020525732543319464,0.41550916068326094
1.275,204,rotor_0_blade_1,rotor_0_blade_1_blade_0,blade_segment,rotor_0_blade_1_blade_0:blade_segment:orig:9,orig,9,0.2887336015701294,0.2887336015701294,0.28353366255760193,0.2939773201942444,0.017063628882169724,0.010003549978137016,0.06883407384157181,0.06883407384157181,2.564971923828125,3.1454258839607068,0.20752960787544816,-0.20752960787544816,31.025772339762153,7.77089226176031e-05,-0.0008127077599056065,0.002076032804325223,0.5814829533971138
1.275,204,rotor_0_blade_1,rotor_0_blade_1_blade_0,blade_segment,rotor_0_blade_1_blade_0:blade_segment:orig:10,orig,10,0.2987369894981384,0.2987369894981384,0.2935469448566437,0.3039683401584625,0.016236282885074615,0.010003490373492241,0.059552229940891266,0.059552229940891266,2.7812914848327637,2.6375148188996107,0.19707096976250066,-0.19707096976250066,30.963495110251305,6.511793617391959e-05,-0.0006140930927358568,0.0019713975489139557,0.7474503182119068
1.275,204,rotor_0_blade_1,rotor_0_blade_1_blade_0,blade_segment,rotor_0_blade_1_blade_0:blade_segment:orig:11,orig,11,0.30874061584472656,0.30874061584472656,0.303560346364975,0.3139589726924896,0.015411452390253544,0.010003577917814255,0.043567903339862823,0.043567903339862823,3.006277084350586,1.8807197305183392,0.1582683153559266,-0.1582683153559266,26.197771125966266,4.2883792048087344e-05,-0.0003208330599591136,0.00158324942458421,0.9134216386568905
1.3125,210,rotor_0_blade_1,rotor_0_blade_1_blade_0,blade_segment,rotor_0_blade_1_blade_0:blade_segment:orig:0,orig,0,0.2609805464744568,0.2609805464744568,0.255691796541214,0.26633885502815247,0.024580106139183044,0.010003654286265373,0.047911420464515686,0.047911420464515686,0.6290999054908752,6.19677416084845,0.03161288528938004,-0.03161288528938004,3.2809099797000747,0.00027323910035192966,-0.00023768878600094467,0.0003162443754263222,-0.9122537279964953
1.3125,210,rotor_0_blade_1,rotor_0_blade_1_blade_0,blade_segment,rotor_0_blade_1_blade_0:blade_segment:orig:1,orig,1,0.27098414301872253,0.27098414301872253,0.26570525765419006,0.2763294279575348,0.023740818724036217,0.010003435425460339,0.06658390909433365,0.06658390909433365,0.7782046794891357,7.207916625172391,0.054533328129028044,-0.054533328129028044,5.859765604518421,0.0004829725658055395,-0.0004214450600557029,0.0005455206264741719,-0.7462828814890576
1.3125,210,rotor_0_blade_1,rotor_0_blade_1_blade_0,blade_segment,rotor_0_blade_1_blade_0:blade_segment:orig:2,orig,2,0.28098779916763306,0.28098779916763306,0.27571871876716614,0.28632044792175293,0.022902023047208786,0.01000361330807209,0.07593345642089844,0.07593345642089844,0.9966090321540833,6.65371965411574,0.08103222836755855,-0.08103222836755855,9.02605275780568,0.0006259020883589983,-0.0005441474495455623,0.0008106150780804455,-0.58031104607395
1.3125,210,rotor_0_blade_1,rotor_0_blade_1_blade_0,blade_segment,rotor_0_blade_1_blade_0:blade_segment:orig:3,orig,3,0.2909913957118988,0.2909913957118988,0.28573206067085266,0.29631149768829346,0.02206411212682724,0.01000363752245903,0.08065009862184525,0.08065009862184525,1.223859429359436,5.973335447658379,0.10770825365662558,-0.10770825365662558,12.453070924689325,0.0007186263101175427,-0.0006215278408490121,0.0010774743277579546,-0.4143401995665123
1.3125,210,rotor_0_blade_1,rotor_0_blade_1_blade_0,blade_segment,rotor_0_blade_1_blade_0:blade_segment:orig:4,orig,4,0.30099496245384216,0.30099496245384216,0.2957456707954407,0.3063023090362549,0.02122734673321247,0.010003544390201569,0.08257745206356049,0.08257745206356049,1.4509260654449463,5.362292223596263,0.1328949103007255,-0.1328949103007255,15.970796189414838,0.0007727921474725008,-0.0006645232206210494,0.0013294201344251633,-0.24836984751290958
1.3125,210,rotor_0_blade_1,rotor_0_blade_1_blade_0,blade_segment,rotor_0_blade_1_blade_0:blade_segment:orig:5,orig,5,0.31099849939346313,0.31099849939346313,0.30575913190841675,0.31629303097724915,0.020391693338751793,0.010003602132201195,0.08263277262449265,0.08263277262449265,1.674668788909912,4.839495641496605,0.15570454040605566,-0.15570454040605566,19.478787446488894,0.0007961828378029168,-0.0006804531440138817,0.0015576062723994255,-0.08239998991314176
1.3125,210,rotor_0_blade_1,rotor_0_blade_1_blade_0,blade_segment,rotor_0_blade_1_blade_0:blade_segment:orig:6,orig,6,0.3210020959377289,0.3210020959377289,0.3157724440097809,0.326284259557724,0.01955721154808998,0.010003538802266121,0.08127181231975555,0.08127181231975555,1.8945859670639038,4.386808641912412,0.17540695803771975,-0.17540695803771975,22.879883903069068,0.0007947463891468942,-0.0006747771403752267,0.0017546903109177947,0.08357085659429593
1.3125,210,rotor_0_blade_1,rotor_0_blade_1_blade_0,blade_segment,rotor_0_blade_1_blade_0:blade_segment:orig:7,orig,7,0.33100560307502747,0.33100560307502747,0.325785756111145,0.3362749516963959,0.01872424967586994,0.010003501549363136,0.07864484935998917,0.07864484935998917,2.1107985973358154,3.9796883168898542,0.19112609203571526,-0.19112609203571526,26.03931104080128,0.0007699037087149918,-0.0006490562809631228,0.001911930157802999,0.2495402197402288
1.3125,210,rotor_0_blade_1,rotor_0_blade_1_blade_0,blade_segment,rotor_0_blade_1_blade_0:blade_segment:orig:8,orig,8,0.34100908041000366,0.34100908041000366,0.3357994854450226,0.3462657928466797,0.017893042415380478,0.010003740899264812,0.07460670173168182,0.07460670173168182,2.323972225189209,3.588332773915167,0.2015545874457184,-0.2015545874457184,28.735742865673053,0.0007178912637755275,-0.0006001435103826225,0.002016299869865179,0.4155090884323267
1.3125,210,rotor_0_blade_1,rotor_0_blade_1_blade_0,blade_segment,rotor_0_blade_1_blade_0:blade_segment:orig:9,orig,9,0.35101285576820374,0.35101285576820374,0.34581291675567627,0.3562565743923187,0.01706363819539547,0.010003572329878807,0.06861196458339691,0.06861196458339691,2.536351203918457,3.1706538182682666,0.2043329158774199,-0.2043329158774199,30.54784873506426,0.0006272874888963997,-0.0005183460307307541,0.0020440591033548117,0.581482901662774
1.3125,210,rotor_0_blade_1,rotor_0_blade_1_blade_0,blade_segment,rotor_0_blade_1_blade_0:blade_segment:orig:10,orig,10,0.36101627349853516,0.36101627349853516,0.355826199054718,0.36624765396118164,0.01623629219830036,0.010003468953073025,0.05939330905675888,0.05939330905675888,2.753427743911743,2.6570943466364114,0.1944314957914628,-0.1944314957914628,30.5487673968847,0.0004791533574461937,-0.0003877656126860529,0.0019449894316494465,0.7474507814472021
1.3125,210,rotor_0_blade_1,rotor_0_blade_1_blade_0,blade_segment,rotor_0_blade_1_blade_0:blade_segment:orig:11,orig,11,0.3710198998451233,0.3710198998451233,0.3658396303653717,0.37623822689056396,0.01541144773364067,0.010003563016653061,0.0434626042842865,0.0434626042842865,2.9793543815612793,1.8931287017169565,0.1564114338153011,-0.1564114338153011,25.890413842298535,0.0002568734053056687,-0.0001966639974853024,0.001564671634696424,0.9134221224084748
1.35,216,rotor_0_blade_1,rotor_0_blade_1_blade_0,blade_segment,rotor_0_blade_1_blade_0:blade_segment:orig:0,orig,0,0.19075825810432434,0.19075825810432434,0.18546952307224274,0.19611656665802002,0.024580126628279686,0.010003658011555672,0.04740750044584274,0.04740750044584274,0.6082311868667603,6.341971015914732,0.0297426819227311,-0.0297426819227311,3.0868103214367335,0.00035542642581276596,2.448193117743358e-05,0.000297535618301481,-0.9122540077631696
1.35,216,rotor_0_blade_1,rotor_0_blade_1_blade_0,blade_segment,rotor_0_blade_1_blade_0:blade_segment:orig:1,orig,1,0.20076188445091248,0.20076188445091248,0.1954830139875412,0.20610713958740234,0.023740805685520172,0.010003441944718361,0.06589027494192123,0.06589027494192123,0.7557775974273682,7.344493443662433,0.05201694512319672,-0.05201694512319672,5.589375960417241,0.0006281742244027555,4.245793024892919e-05,0.0005203484906814992,-0.7462827283507486
1.35,216,rotor_0_blade_1,rotor_0_blade_1_blade_0,blade_segment,rotor_0_blade_1_blade_0:blade_segment:orig:2,orig,2,0.210765540599823,0.210765540599823,0.20549646019935608,0.21609818935394287,0.022902019321918488,0.010003626346588135,0.07520729303359985,0.07520729303359985,0.9730232357978821,6.749832018873701,0.07815274335202255,-0.07815274335202255,8.70531285658938,0.0008133183582685888,5.656181019730866e-05,0.0007818108424544334,-0.5803109544846761
1.35,216,rotor_0_blade_1,rotor_0_blade_1_blade_0,blade_segment,rotor_0_blade_1_blade_0:blade_segment:orig:3,orig,3,0.22076913714408875,0.22076913714408875,0.2155098170042038,0.2260892242193222,0.022064123302698135,0.010003634728491306,0.07996299862861633,0.07996299862861633,1.2007524967193604,6.03641227218544,0.10469407114823213,-0.10469407114823213,12.104569415643958,0.0009332140907645226,6.737295188941061e-05,0.0010473212460055947,-0.4143401695259067
1.35,216,rotor_0_blade_1,rotor_0_blade_1_blade_0,blade_segment,rotor_0_blade_1_blade_0:blade_segment:orig:4,orig,4,0.2307727038860321,0.2307727038860321,0.22552339732646942,0.2360800951719284,0.021227367222309113,0.010003539733588696,0.08196350187063217,0.08196350187063217,1.42904531955719,5.403913217828356,0.12993403029954048,-0.12993403029954048,15.614954013735439,0.0010025349911302328,7.531706796726212e-05,0.0012998002348467708,-0.24836987902078894
1.35,216,rotor_0_blade_1,rotor_0_blade_1_blade_0,blade_segment,rotor_0_blade_1_blade_0:blade_segment:orig:5,orig,5,0.24077625572681427,0.24077625572681427,0.2355368584394455,0.2460707724094391,0.020391713827848434,0.01000361517071724,0.08210775256156921,0.08210775256156921,1.6548651456832886,4.866288175547336,0.15296777391935798,-0.15296777391935798,19.136396104513192,0.0010317229898646474,8.070570765994489e-05,0.0015302307438105345,-0.08239983574249694
1.35,216,rotor_0_blade_1,rotor_0_blade_1_blade_0,blade_segment,rotor_0_blade_1_blade_0:blade_segment:orig:6,orig,6,0.2507798671722412,0.2507798671722412,0.24555017054080963,0.25606200098991394,0.019557204097509384,0.010003549978137016,0.08085130900144577,0.08085130900144577,1.8775761127471924,4.403649368574903,0.17305920737196764,-0.17305920737196764,22.573654578911423,0.0010287996847182512,8.388668356928974e-05,0.0017312064301222563,0.08357119644309821
1.35,216,rotor_0_blade_1,rotor_0_blade_1_blade_0,blade_segment,rotor_0_blade_1_blade_0:blade_segment:orig:7,orig,7,0.2607833445072174,0.2607833445072174,0.25556349754333496,0.2660527527332306,0.018724270164966583,0.01000348012894392,0.0783555880188942,0.0783555880188942,2.0971717834472656,3.990810123177715,0.18934154427526648,-0.18934154427526648,25.79615329750371,0.0009963393677026033,8.478137169731781e-05,0.0018940743757411838,0.24954000358726125
1.35,216,rotor_0_blade_1,rotor_0_blade_1_blade_0,blade_segment,rotor_0_blade_1_blade_0:blade_segment:orig:8,orig,8,0.2707868218421936,0.2707868218421936,0.2655772268772125,0.27604350447654724,0.01789303869009018,0.010003728792071342,0.07449246197938919,0.07449246197938919,2.3138322830200195,3.5985400992755254,0.2004777393533184,-0.2004777393533184,28.582222021125762,0.0009302987018600106,8.300445188069716e-05,0.0020055249333381653,0.41550881073142426
1.35,216,rotor_0_blade_1,rotor_0_blade_1_blade_0,blade_segment,rotor_0_blade_1_blade_0:blade_segment:orig:9,orig,9,0.28079062700271606,0.28079062700271606,0.2755906581878662,0.28603437542915344,0.017063628882169724,0.01000360306352377,0.06871633976697922,0.06871633976697922,2.5278263092041016,3.1861879249453082,0.20390312631996518,-0.20390312631996518,30.483611670320286,0.0008164863684214652,7.733915117569268e-05,0.002039765939116478,0.5814830568657547
1.35,216,rotor_0_blade_1,rotor_0_blade_1_blade_0,blade_segment,rotor_0_blade_1_blade_0:blade_segment:orig:10,orig,10,0.2907940149307251,0.2907940149307251,0.28560400009155273,0.2960253953933716,0.016236327588558197,0.010003438219428062,0.05966923013329506,0.05966923013329506,2.7399542331695557,2.6825592085926853,0.1940342757871393,-0.1940342757871393,30.486290370550893,0.0006263389368541539,6.532822590088472e-05,0.0019410098902881145,0.747450380648963
1.35,216,rotor_0_blade_1,rotor_0_blade_1_blade_0,blade_segment,rotor_0_blade_1_blade_0:blade_segment:orig:11,orig,11,0.300797700881958,0.300797700881958,0.29561734199523926,0.3060159981250763,0.015411482192575932,0.010003577917814255,0.043687913566827774,0.043687913566827774,2.9523768424987793,1.9203266143330393,0.1554360824521518,-0.1554360824521518,25.7289087153084,0.0003285562270320952,4.285122486180626e-05,0.0015549169620499015,0.9134226489686871
1.3875,222,rotor_0_blade_1,rotor_0_blade_1_blade_0,blade_segment,rotor_0_blade_1_blade_0:blade_segment:orig:0,orig,0,-0.029169730842113495,0.029169730842113495,-0.03452803194522858,-0.023880980908870697,0.024580126628279686,0.010003659874200821,0.047134313732385635,0.047134313732385635,0.6026290655136108,6.364041361949529,0.028866477000838255,-0.028866477000838255,2.9958743929411455,0.0002306848909938708,0.000264668749878183,0.0002887704176828265,0.9122537442664226
1.3875,222,rotor_0_blade_1,rotor_0_blade_1_blade_0,blade_segment,rotor_0_blade_1_blade_0:blade_segment:orig:1,orig,1,-0.039173323661088943,0.039173323661088943,-0.0445186011493206,-0.03389448672533035,0.02374081313610077,0.010003441013395786,0.0655481368303299,0.0655481368303299,0.744443416595459,7.417594090460529,0.05061366778284522,-0.05061366778284522,5.438587916337898,0.00040955934673547745,0.00046869346988387406,0.0005063108401373029,0.7462829903400426
1.3875,222,rotor_0_blade_1,rotor_0_blade_1_blade_0,blade_segment,rotor_0_blade_1_blade_0:blade_segment:orig:2,orig,2,-0.04917699098587036,0.04917699098587036,-0.05450964719057083,-0.04390791803598404,0.02290201187133789,0.010003635659813881,0.0748952329158783,0.0748952329158783,0.9573109149932861,6.832152085333749,0.07640555673687094,-0.07640555673687094,8.510699218384763,0.0005307116662152112,0.0006097341538406909,0.0007643333519808948,0.5803110002793046
1.3875,222,rotor_0_blade_1,rotor_0_blade_1_blade_0,blade_segment,rotor_0_blade_1_blade_0:blade_segment:orig:3,orig,3,-0.059180598706007004,0.059180598706007004,-0.06450067460536957,-0.05392126739025116,0.022064104676246643,0.010003630071878433,0.07972092181444168,0.07972092181444168,1.1825618743896484,6.110716350747692,0.10273177886210591,-0.10273177886210591,11.877702190485117,0.0006089565576985478,0.0007033334113657475,0.0010276907123625278,0.414339999126053
1.3875,222,rotor_0_blade_1,rotor_0_blade_1_blade_0,blade_segment,rotor_0_blade_1_blade_0:blade_segment:orig:4,orig,4,-0.06918416917324066,0.06918416917324066,-0.07449155300855637,-0.06393487751483917,0.021227365359663963,0.010003543458878994,0.08180414140224457,0.08180414140224457,1.409000039100647,5.470136784725398,0.12782304910716405,-0.12782304910716405,15.361266053565142,0.0006540543399751186,0.0007598210358992219,0.0012786834267899394,0.24836961603998053
1.3875,222,rotor_0_blade_1,rotor_0_blade_1_blade_0,blade_segment,rotor_0_blade_1_blade_0:blade_segment:orig:5,orig,5,-0.07918772101402283,0.07918772101402283,-0.08448221534490585,-0.07394831627607346,0.020391719415783882,0.010003612376749516,0.0820290818810463,0.0820290818810463,1.6331262588500977,4.926338362627209,0.15075354726715032,-0.15075354726715032,18.859389335449144,0.0006726952269673347,0.0007862659986130893,0.0015080800512805581,0.08239954198749762
1.3875,222,rotor_0_blade_1,rotor_0_blade_1_blade_0,blade_segment,rotor_0_blade_1_blade_0:blade_segment:orig:6,orig,6,-0.08919131755828857,0.08919131755828857,-0.09447343647480011,-0.0839616134762764,0.019557204097509384,0.010003561154007912,0.08084797114133835,0.08084797114133835,1.8539985418319702,4.45946711042169,0.170777957986609,-0.170777957986609,22.276090892959967,0.0006701502716168761,0.0007883972721174359,0.001708387746475637,-0.08357127374560021
1.3875,222,rotor_0_blade_1,rotor_0_blade_1_blade_0,blade_segment,rotor_0_blade_1_blade_0:blade_segment:orig:7,orig,7,-0.09919480234384537,0.09919480234384537,-0.10446421802043915,-0.09397495537996292,0.01872425340116024,0.010003476403653622,0.0784216970205307,0.0784216970205307,2.071448564529419,4.043780445770544,0.18703349389651072,-0.18703349389651072,25.48172414236358,0.0006480748415924609,0.0007677543326281011,0.0018709851428866386,-0.2495402352771608
1.3875,222,rotor_0_blade_1,rotor_0_blade_1_blade_0,blade_segment,rotor_0_blade_1_blade_0:blade_segment:orig:8,orig,8,-0.10919827222824097,0.10919827222824097,-0.1144549697637558,-0.10398868471384048,0.017893042415380478,0.010003730654716492,0.07462134212255478,0.07462134212255478,2.285867214202881,3.648865552391702,0.19820826363431887,-0.19820826363431887,28.258655731074576,0.0006041055312380195,0.0007214480428956449,0.0019828220829367638,-0.41550894958184975
1.3875,222,rotor_0_blade_1,rotor_0_blade_1_blade_0,blade_segment,rotor_0_blade_1_blade_0:blade_segment:orig:9,orig,9,-0.11920206248760223,0.11920206248760223,-0.12444590032100677,-0.11400213837623596,0.017063606530427933,0.010003587231040001,0.06889759749174118,0.06889759749174118,2.497387170791626,3.2335335330850197,0.20177222991322255,-0.20177222991322255,30.165081185585237,0.0005285162478685379,0.000637995486613363,0.0020184461027383804,-0.5814829792642788
1.3875,222,rotor_0_blade_1,rotor_0_blade_1_blade_0,blade_segment,rotor_0_blade_1_blade_0:blade_segment:orig:10,orig,10,-0.12920549511909485,0.12920549511909485,-0.13443690538406372,-0.1240154579281807,0.01623632200062275,0.01000344567000866,0.05987727642059326,0.05987727642059326,2.707254409790039,2.724427829990982,0.1922061441835012,-0.1922061441835012,30.199068259897537,0.00040268906741403043,0.0004952797316946089,0.001922723720781505,-0.7474510755017887
1.3875,222,rotor_0_blade_1,rotor_0_blade_1_blade_0,blade_segment,rotor_0_blade_1_blade_0:blade_segment:orig:11,orig,11,-0.13920916616916656,0.13920916616916656,-0.14442743360996246,-0.1340288370847702,0.015411479398608208,0.010003588162362576,0.043863195925951004,0.043863195925951004,2.918111562728882,1.950671082462306,0.15418331312933078,-0.15418331312933078,25.521545869676245,0.0002059770777123049,0.0002667114604264498,0.0015423863660544157,-0.9134231273692447
1.425,228,rotor_0_blade_1,rotor_0_blade_1_blade_0,blade_segment,rotor_0_blade_1_blade_0:blade_segment:orig:11,orig,11,0.019089337438344955,0.019089337438344955,0.013871085830032825,0.024269647896289825,0.015411482192575932,0.010003591887652874,0.044626384973526,0.044626384973526,2.9509754180908203,1.9625092059225675,0.15914530630674664,-0.15914530630674664,26.342886373867138,-4.4338412408251315e-05,0.00034637132193893194,0.0015920246951282024,-0.9134233974054423
1.425,228,rotor_0_blade_1,rotor_0_blade_1_blade_0,blade_segment,rotor_0_blade_1_blade_0:blade_segment:orig:10,orig,10,0.029092993587255478,0.029092993587255478,0.023861605674028397,0.034283049404621124,0.016236312687397003,0.01000345591455698,0.06050913780927658,0.06050913780927658,2.7342000007629395,2.726046594846317,0.1967441690719849,-0.1967441690719849,30.912091935710393,-6.686522829113528e-05,0.0006477864808402956,0.0019681216217577457,-0.7474516068698439
1.425,228,rotor_0_blade_1,rotor_0_blade_1_blade_0,blade_segment,rotor_0_blade_1_blade_0:blade_segment:orig:9,orig,9,0.039096441119909286,0.039096441119909286,0.03385258466005325,0.044296372681856155,0.01706361398100853,0.010003581643104553,0.06945183873176575,0.06945183873176575,2.5197651386260986,3.2305960884930416,0.20576826433090184,-0.20576826433090184,30.76247752936092,-7.871902198530734e-05,0.000837339146528393,0.002058419631794095,-0.5814832775101543
1.425,228,rotor_0_blade_1,rotor_0_blade_1_blade_0,blade_segment,rotor_0_blade_1_blade_0:blade_segment:orig:8,orig,8,0.04910023882985115,0.04910023882985115,0.04384353756904602,0.054309818893671036,0.017893021926283836,0.010003739967942238,0.07515373826026917,0.07515373826026917,2.3046483993530273,3.644955338640213,0.20176770624853255,-0.20176770624853255,28.766160264533745,-8.420406811637804e-05,0.0009496055427007377,0.002018431667238474,-0.415509138319475
1.425,228,rotor_0_blade_1,rotor_0_blade_1_blade_0,blade_segment,rotor_0_blade_1_blade_0:blade_segment:orig:7,orig,7,0.05910370871424675,0.05910370871424675,0.05383426323533058,0.0643235519528389,0.018724240362644196,0.010003472678363323,0.07895632833242416,0.07895632833242416,2.0874013900756836,4.040236280024535,0.1902050009184308,-0.1902050009184308,25.913833067730828,-8.581079600844532e-05,0.0010137129575014114,0.001902710529975593,-0.24954043811950943
1.425,228,rotor_0_blade_1,rotor_0_blade_1_blade_0,blade_segment,rotor_0_blade_1_blade_0:blade_segment:orig:6,orig,6,0.06910717487335205,0.06910717487335205,0.06382505595684052,0.07433690130710602,0.019557233899831772,0.010003557428717613,0.08138743042945862,0.08138743042945862,1.8674355745315552,4.456914215709867,0.1735685984241295,-0.1735685984241295,22.640064492967856,-8.471430192003027e-05,0.0010435199365019798,0.001736303442157805,-0.08357179972625653
1.425,228,rotor_0_blade_1,rotor_0_blade_1_blade_0,blade_segment,rotor_0_blade_1_blade_0:blade_segment:orig:5,orig,5,0.07911078631877899,0.07911078631877899,0.07381630688905716,0.08435018360614777,0.02039172872900963,0.010003616102039814,0.08256323635578156,0.08256323635578156,1.6445801258087158,4.923881825957815,0.15314489138699305,-0.15314489138699305,19.15853964742007,-8.13104270491749e-05,0.0010433230781927705,0.0015320027014240623,0.08239924912878996
1.425,228,rotor_0_blade_1,rotor_0_blade_1_blade_0,blade_segment,rotor_0_blade_1_blade_0:blade_segment:orig:4,orig,4,0.08911433815956116,0.08911433815956116,0.08380694687366486,0.09436362981796265,0.0212273970246315,0.010003549978137016,0.08231569081544876,0.08231569081544876,1.4187297821044922,5.466586123098511,0.12979877537302525,-0.12979877537302525,15.598677715735372,-7.56217195885256e-05,0.0010096152545884252,0.0012984485365450382,0.24836930907643395
1.425,228,rotor_0_blade_1,rotor_0_blade_1_blade_0,blade_segment,rotor_0_blade_1_blade_0:blade_segment:orig:3,orig,3,0.09911791235208511,0.09911791235208511,0.09379782527685165,0.10437724739313126,0.022064123302698135,0.010003633797168732,0.08018910884857178,0.08018910884857178,1.191365122795105,6.101179817747049,0.10428468056067597,-0.10428468056067597,12.0572362980105,-6.73820250085555e-05,0.0009356718510389328,0.0010432257549837232,0.4143397398643539
1.425,228,rotor_0_blade_1,rotor_0_blade_1_blade_0,blade_segment,rotor_0_blade_1_blade_0:blade_segment:orig:2,orig,2,0.10912152379751205,0.10912152379751205,0.10378886759281158,0.11439058929681778,0.022902004420757294,0.010003630071878433,0.07529853284358978,0.07529853284358978,0.9662656784057617,6.805287259273749,0.07755589492013827,-0.07755589492013827,8.63883645639853,-5.6293021771125495e-05,0.0008111169445328414,0.0007758404826745391,0.5803107887194003
1.425,228,rotor_0_blade_1,rotor_0_blade_1_blade_0,blade_segment,rotor_0_blade_1_blade_0:blade_segment:orig:1,orig,1,0.11912517994642258,0.11912517994642258,0.11377992480993271,0.12440402805805206,0.023740816861391068,0.010003440082073212,0.06586984544992447,0.06586984544992447,0.7559582591056824,7.340458134546145,0.051438278690325544,-0.051438278690325544,5.527193923693884,-4.2014726204797626e-05,0.0006226762779988348,0.0005145597388036549,0.7462825792549987
1.425,228,rotor_0_blade_1,rotor_0_blade_1_blade_0,blade_segment,rotor_0_blade_1_blade_0:blade_segment:orig:0,orig,0,0.12912878394126892,0.12912878394126892,0.12377049028873444,0.1344175487756729,0.02458014152944088,0.010003667324781418,0.04734927788376808,0.04734927788376808,0.6188082695007324,6.225910421083653,0.02953598805402223,-0.02953598805402223,3.0653569757045656,-2.404598672001157e-05,0.0003488439251668751,0.0002954681986011565,0.9122535044966199
1.4625,234,rotor_0_blade_1,rotor_0_blade_1_blade_0,blade_segment,rotor_0_blade_1_blade_0:blade_segment:orig:11,orig,11,0.08136866986751556,0.08136866986751556,0.07615040987730026,0.08654896169900894,0.01541147381067276,0.010003586299717426,0.04410291463136673,0.04410291463136673,2.9861977100372314,1.9166135607731223,0.15923166294410837,-0.15923166294410837,26.357195086357716,-0.0002675165596883744,0.0002055758668575436,0.0015928876819089055,-0.9134232616847285
1.4625,234,rotor_0_blade_1,rotor_0_blade_1_blade_0,blade_segment,rotor_0_blade_1_blade_0:blade_segment:orig:10,orig,10,0.09137233346700668,0.09137233346700668,0.08614092320203781,0.09656237810850143,0.016236310824751854,0.010003464296460152,0.0602477565407753,0.0602477565407753,2.771151065826416,2.678078587206773,0.19889321783222597,-0.19889321783222597,31.249750217997853,-0.0004974871408194304,0.0004031800199300051,0.001989621203392744,-0.7474513539470662
1.4625,234,rotor_0_blade_1,rotor_0_blade_1_blade_0,blade_segment,rotor_0_blade_1_blade_0:blade_segment:orig:9,orig,9,0.10137578099966049,0.10137578099966049,0.09613193571567535,0.10657570511102676,0.017063617706298828,0.010003577917814255,0.06945129483938217,0.06945129483938217,2.5562620162963867,3.1844458130320445,0.20919787343384297,-0.20919787343384297,31.275199295931948,-0.0006441576988436282,0.0005323826335370541,0.0020927272271364927,-0.5814830309985993
1.4625,234,rotor_0_blade_1,rotor_0_blade_1_blade_0,blade_segment,rotor_0_blade_1_blade_0:blade_segment:orig:8,orig,8,0.11137956380844116,0.11137956380844116,0.10612285882234573,0.11658915132284164,0.01789304055273533,0.010003740899264812,0.0753907635807991,0.0753907635807991,2.3406405448913574,3.6002218868145675,0.20602824482948506,-0.20602824482948506,29.373557594588227,-0.0007328295614570379,0.0006125642685219646,0.002061053179204464,-0.4155091454462083
1.4625,234,rotor_0_blade_1,rotor_0_blade_1_blade_0,blade_segment,rotor_0_blade_1_blade_0:blade_segment:orig:7,orig,7,0.12138304114341736,0.12138304114341736,0.11611361056566238,0.12660285830497742,0.01872425340116024,0.0100034698843956,0.07939853519201279,0.07939853519201279,2.122988224029541,3.9947572243079152,0.1950168901934468,-0.1950168901934468,26.56939404532895,-0.0007837037555873394,0.000660593097563833,0.0019508455879986286,-0.2495403280440593
1.4625,234,rotor_0_blade_1,rotor_0_blade_1_blade_0,blade_segment,rotor_0_blade_1_blade_0:blade_segment:orig:6,orig,6,0.13138650357723236,0.13138650357723236,0.1261044144630432,0.13661621510982513,0.01955723762512207,0.010003559291362762,0.08199934661388397,0.08199934661388397,1.902632474899292,4.407354357078723,0.17867483176988877,-0.17867483176988877,23.306110556463583,-0.0008074914221651852,0.0006855097017250955,0.0017873842734843493,-0.08357175786875135
1.4625,234,rotor_0_blade_1,rotor_0_blade_1_blade_0,blade_segment,rotor_0_blade_1_blade_0:blade_segment:orig:5,orig,5,0.1413901150226593,0.1413901150226593,0.13609564304351807,0.14662951231002808,0.02039172500371933,0.010003616102039814,0.0833108201622963,0.0833108201622963,1.6788771152496338,4.866968445877657,0.15829914365122064,-0.15829914365122064,19.803344051343228,-0.0008068958995863795,0.000689527194481343,0.0015835638623684645,0.0823992845749673
1.4625,234,rotor_0_blade_1,rotor_0_blade_1_blade_0,blade_segment,rotor_0_blade_1_blade_0:blade_segment:orig:4,orig,4,0.15139365196228027,0.15139365196228027,0.14608627557754517,0.15664297342300415,0.021227393299341202,0.010003549978137016,0.0831640362739563,0.0831640362739563,1.4518810510635376,5.396818978682966,0.13476068383229853,-0.13476068383229853,16.194982107619403,-0.0007802004693076015,0.0006708107539452612,0.0013480852358043194,0.24836909088448061
1.4625,234,rotor_0_blade_1,rotor_0_blade_1_blade_0,blade_segment,rotor_0_blade_1_blade_0:blade_segment:orig:3,orig,3,0.16139726340770721,0.16139726340770721,0.15607714653015137,0.16665656864643097,0.022064117714762688,0.010003636591136456,0.0810963436961174,0.0810963436961174,1.2229639291763306,6.010783090841292,0.10882525830384208,-0.10882525830384208,12.58221418348365,-0.000721824704669416,0.0006242208182811737,0.0010886483360081911,0.41434013332819924
1.4625,234,rotor_0_blade_1,rotor_0_blade_1_blade_0,blade_segment,rotor_0_blade_1_blade_0:blade_segment:orig:2,orig,2,0.17140085995197296,0.17140085995197296,0.1660681962966919,0.17666994035243988,0.02290201559662819,0.01000363938510418,0.07620435953140259,0.07620435953140259,0.996381402015686,6.678985403135442,0.08147100506957894,-0.08147100506957894,9.074930358385906,-0.0006241464870981872,0.0005425557610578835,0.0008150065550580621,0.5803109285450768
1.4625,234,rotor_0_blade_1,rotor_0_blade_1_blade_0,blade_segment,rotor_0_blade_1_blade_0:blade_segment:orig:1,orig,1,0.18140453100204468,0.18140453100204468,0.1760592758655548,0.18668337166309357,0.023740818724036217,0.010003430768847466,0.06668643653392792,0.06668643653392792,0.7850213050842285,7.1563302031709375,0.05455860115656662,-0.05455860115656662,5.862481265245055,-0.0004773010441567749,0.00041643306030891836,0.0005457731895148754,0.7462829598961598
1.4625,234,rotor_0_blade_1,rotor_0_blade_1_blade_0,blade_segment,rotor_0_blade_1_blade_0:blade_segment:orig:0,orig,0,0.19140812754631042,0.19140812754631042,0.18604981899261475,0.19669687747955322,0.024580135941505432,0.01000367384403944,0.047912511974573135,0.047912511974573135,0.6497277617454529,6.000165537347305,0.03178879335425123,-0.03178879335425123,3.2991624127125543,-0.0002660003665369004,0.00023123531718738377,0.00031800472061149776,0.9122537551130374
1.5,240,rotor_0_blade_1,rotor_0_blade_1_blade_0,blade_segment,rotor_0_blade_1_blade_0:blade_segment:orig:11,orig,11,0.011146442033350468,0.011146442033350468,0.005928189028054476,0.016326747834682465,0.015411483123898506,0.010003600269556046,0.04490131512284279,0.04490131512284279,3.0433928966522217,1.9146376700392158,0.16537223343131044,-0.16537223343131044,27.373610900084223,-0.0003459335712250322,-4.534113031695597e-05,0.0016543177189305425,-0.9134233932909176
1.5,240,rotor_0_blade_1,rotor_0_blade_1_blade_0,blade_segment,rotor_0_blade_1_blade_0:blade_segment:orig:10,orig,10,0.02115011215209961,0.02115011215209961,0.01591869257390499,0.026340162381529808,0.01623629778623581,0.01000345591455698,0.060883767902851105,0.060883767902851105,2.8250765800476074,2.6546928768148836,0.20508668129765503,-0.20508668129765503,32.22288210778662,-0.0006477802526205778,-6.824926822446287e-05,0.0020515755750238895,-0.7474514075249231
1.5,240,rotor_0_blade_1,rotor_0_blade_1_blade_0,blade_segment,rotor_0_blade_1_blade_0:blade_segment:orig:9,orig,9,0.031153561547398567,0.031153561547398567,0.02590971812605858,0.03635348752140999,0.01706361584365368,0.010003584437072277,0.06998402625322342,0.06998402625322342,2.6080360412597656,3.145171024485705,0.21530141649025203,-0.21530141649025203,32.18768591636837,-0.0008418227662332356,-8.056769001996145e-05,0.0021537858992815018,-0.5814830838058471
1.5,240,rotor_0_blade_1,rotor_0_blade_1_blade_0,blade_segment,rotor_0_blade_1_blade_0:blade_segment:orig:8,orig,8,0.041157349944114685,0.041157349944114685,0.03590064123272896,0.04636693745851517,0.017893023788928986,0.010003732517361641,0.07588279992341995,0.07588279992341995,2.3903307914733887,3.5483920493997183,0.21207363435730042,-0.21207363435730042,30.235480355956653,-0.0009595564333721995,-8.648867515148595e-05,0.002121527912095189,-0.41550913567715797
1.5,240,rotor_0_blade_1,rotor_0_blade_1_blade_0,blade_segment,rotor_0_blade_1_blade_0:blade_segment:orig:7,orig,7,0.05116083472967148,0.05116083472967148,0.04589139670133591,0.05638064071536064,0.01872425526380539,0.01000348012894392,0.07989586889743805,0.07989586889743805,2.170574188232422,3.931652562429499,0.20097603563117747,-0.20097603563117747,27.3812742468821,-0.0010291591752320528,-8.847840945236385e-05,0.002010459778830409,-0.24954022479444105
1.5,240,rotor_0_blade_1,rotor_0_blade_1_blade_0,blade_segment,rotor_0_blade_1_blade_0:blade_segment:orig:6,orig,6,0.06116430461406708,0.06116430461406708,0.05588218942284584,0.06639400869607925,0.019557245075702667,0.010003562085330486,0.08253885805606842,0.08253885805606842,1.948164939880371,4.332664396474921,0.18451083827076625,-0.18451083827076625,24.067342416279708,-0.0010647213784977794,-8.772966248216107e-05,0.0018457656260579824,-0.08357156113852034
1.5,240,rotor_0_blade_1,rotor_0_blade_1_blade_0,blade_segment,rotor_0_blade_1_blade_0:blade_segment:orig:5,orig,5,0.07116791605949402,0.07116791605949402,0.06587342172861099,0.076407290995121,0.020391713827848434,0.010003617964684963,0.08391804993152618,0.08391804993152618,1.7223303318023682,4.778759795344468,0.163962102642482,-0.163962102642482,20.511795797914257,-0.0010689692571759224,-8.454372436972335e-05,0.001640214235521853,0.08239945117196414
1.5,240,rotor_0_blade_1,rotor_0_blade_1_blade_0,blade_segment,rotor_0_blade_1_blade_0:blade_segment:orig:4,orig,4,0.08117146044969559,0.08117146044969559,0.07586406171321869,0.08642077445983887,0.0212273970246315,0.01000355277210474,0.0838523730635643,0.0838523730635643,1.4930663108825684,5.29138685959841,0.1401664036149295,-0.1401664036149295,16.844616216751685,-0.0010388802038505673,-7.89680634625256e-05,0.0014021620154380798,0.2483693509618658
1.5,240,rotor_0_blade_1,rotor_0_blade_1_blade_0,blade_segment,rotor_0_blade_1_blade_0:blade_segment:orig:3,orig,3,0.09117504954338074,0.09117504954338074,0.08585494756698608,0.09643439203500748,0.02206413820385933,0.010003640316426754,0.08186288177967072,0.08186288177967072,1.2612792253494263,5.883270447293976,0.11384653637301984,-0.11384653637301984,13.16275464751556,-0.0009657294722273946,-7.063180237310007e-05,0.001138879801146686,0.41433999243215597
1.5,240,rotor_0_blade_1,rotor_0_blade_1_blade_0,blade_segment,rotor_0_blade_1_blade_0:blade_segment:orig:2,orig,2,0.10117866098880768,0.10117866098880768,0.09584598243236542,0.106447733938694,0.022902019321918488,0.010003635659813881,0.07701775431632996,0.07701775431632996,1.0309245586395264,6.524093623882803,0.08592399636655525,-0.08592399636655525,9.570940675621912,-0.0008388343849219382,-5.920973853790201e-05,0.0008595523540861905,0.5803110047426405
1.5,240,rotor_0_blade_1,rotor_0_blade_1_blade_0,blade_segment,rotor_0_blade_1_blade_0:blade_segment:orig:1,orig,1,0.1111823245882988,0.1111823245882988,0.10583706200122833,0.11646115779876709,0.023740818724036217,0.010003423318266869,0.06745759397745132,0.06745759397745132,0.8145273327827454,6.976851647857405,0.058191936733818735,-0.058191936733818735,6.2528937996658565,-0.0006437968113459647,-4.431494016898796e-05,0.0005821185768581927,0.7462828823469116
1.5,240,rotor_0_blade_1,rotor_0_blade_1_blade_0,blade_segment,rotor_0_blade_1_blade_0:blade_segment:orig:0,orig,0,0.12118592858314514,0.12118592858314514,0.11582762002944946,0.12647467851638794,0.024580154567956924,0.010003688745200634,0.04845914617180824,0.04845914617180824,0.6748825907707214,5.842421941699775,0.03429393528056314,-0.03429393528056314,3.559152914806848,-0.00035743016633205116,-2.535462044761516e-05,0.0003430658543948084,0.912253771043998
1.5375,246,rotor_0_blade_1,rotor_0_blade_1_blade_0,blade_segment,rotor_0_blade_1_blade_0:blade_segment:orig:0,orig,0,0.040402598679065704,0.040402598679065704,0.0351138599216938,0.04576091840863228,0.024580135941505432,0.01000368781387806,0.04851996526122093,0.04851996526122093,0.6772938966751099,5.8289326111286845,0.035068981605525844,-0.035068981605525844,3.639592880287357,-0.0002369521971559152,-0.00027331276214681566,0.0003508191439323127,-0.9122539432448157
1.5375,246,rotor_0_blade_1,rotor_0_blade_1_blade_0,blade_segment,rotor_0_blade_1_blade_0:blade_segment:orig:1,orig,1,0.05040620267391205,0.05040620267391205,0.04512738063931465,0.05575145408511162,0.023740828037261963,0.010003423318266869,0.06751636415719986,0.06751636415719986,0.8218598365783691,6.920626682649678,0.059349122165768216,-0.059349122165768216,6.377234257112734,-0.00042602926259860396,-0.0004892997676506639,0.0005936943925917149,-0.7462830295435757
1.5375,246,rotor_0_blade_1,rotor_0_blade_1_blade_0,blade_segment,rotor_0_blade_1_blade_0:blade_segment:orig:2,orig,2,0.060409873723983765,0.060409873723983765,0.05514078959822655,0.06574255973100662,0.022902002558112144,0.010003645904362202,0.07699514180421829,0.07699514180421829,1.0415828227996826,6.455443001291856,0.08710729850755022,-0.08710729850755022,9.702753967862952,-0.0005519733531400561,-0.0006361606647260487,0.0008713905699551105,-0.5803110033215853
1.5375,246,rotor_0_blade_1,rotor_0_blade_1_blade_0,blade_segment,rotor_0_blade_1_blade_0:blade_segment:orig:3,orig,3,0.07041347771883011,0.07041347771883011,0.06515414267778397,0.07573359459638596,0.02206413447856903,0.010003640316426754,0.08172143995761871,0.08172143995761871,1.272857904434204,5.819681087436276,0.11482373174189744,-0.11482373174189744,13.275738656304709,-0.0006312278565019369,-0.0007312388042919338,0.0011486553121358156,-0.4143400896203452
1.5375,246,rotor_0_blade_1,rotor_0_blade_1_blade_0,blade_segment,rotor_0_blade_1_blade_0:blade_segment:orig:4,orig,4,0.08041707426309586,0.08041707426309586,0.07516777515411377,0.08572446554899216,0.021227411925792694,0.010003553703427315,0.08358524739742279,0.08358524739742279,1.5041131973266602,5.235788060415543,0.1407732109737112,-0.1407732109737112,16.917527929076527,-0.0006742458208464086,-0.0007856360753066838,0.0014082323759794235,-0.24836929953252188
1.5375,246,rotor_0_blade_1,rotor_0_blade_1_blade_0,blade_segment,rotor_0_blade_1_blade_0:blade_segment:orig:5,orig,5,0.09042061865329742,0.09042061865329742,0.08518125861883163,0.09571512788534164,0.02039174549281597,0.010003611445426941,0.08352835476398468,0.08352835476398468,1.7317912578582764,4.73057549632407,0.16405565725029828,-0.16405565725029828,20.523467687824454,-0.0006888507632538676,-0.0008076815865933895,0.0016411490505561233,-0.08239937473861557
1.5375,246,rotor_0_blade_1,rotor_0_blade_1_blade_0,blade_segment,rotor_0_blade_1_blade_0:blade_segment:orig:6,orig,6,0.10042423009872437,0.10042423009872437,0.09519451856613159,0.1057063639163971,0.019557273015379906,0.010003569535911083,0.08202539384365082,0.08202539384365082,1.955281138420105,4.290034755792764,0.18393925903044253,-0.18393925903044253,23.992752122449875,-0.0006811751518398523,-0.0008040645625442266,0.0018400491680949926,0.08357166257604118
1.5375,246,rotor_0_blade_1,rotor_0_blade_1_blade_0,blade_segment,rotor_0_blade_1_blade_0:blade_segment:orig:7,orig,7,0.11042770743370056,0.11042770743370056,0.1052078977227211,0.11569715291261673,0.018724290654063225,0.01000348012894392,0.0792432650923729,0.0792432650923729,2.1744322776794434,3.892611820728988,0.19955000183872218,-0.19955000183872218,27.186937894981384,-0.0006528932717628777,-0.0007763337926007807,0.00199619447812438,0.24954047484919703
1.5375,246,rotor_0_blade_1,rotor_0_blade_1_blade_0,blade_segment,rotor_0_blade_1_blade_0:blade_segment:orig:8,orig,8,0.12043118476867676,0.12043118476867676,0.11522161215543747,0.12568791210651398,0.017893046140670776,0.010003728792071342,0.0750538557767868,0.0750538557767868,2.389979362487793,3.510141074573956,0.20957618553670082,-0.20957618553670082,29.879380076817494,-0.0006015379331074655,-0.0007214826764538884,0.0020965433213859797,0.4155092871223529
1.5375,246,rotor_0_blade_1,rotor_0_blade_1_blade_0,blade_segment,rotor_0_blade_1_blade_0:blade_segment:orig:9,orig,9,0.13043497502803802,0.13043497502803802,0.12523505091667175,0.13567881286144257,0.017063627019524574,0.010003595612943172,0.06893254816532135,0.06893254816532135,2.603896379470825,3.1028392837453076,0.21165079596200786,-0.21165079596200786,31.64189531834507,-0.0005176318227313459,-0.0006283469847403467,0.0021172689739614725,0.5814832911590109
1.5375,246,rotor_0_blade_1,rotor_0_blade_1_blade_0,blade_segment,rotor_0_blade_1_blade_0:blade_segment:orig:10,orig,10,0.14043842256069183,0.14043842256069183,0.13524837791919708,0.1456698328256607,0.016236286610364914,0.010003440082073212,0.05962924286723137,0.05962924286723137,2.82163143157959,2.603168600013916,0.20068066509314864,-0.20068066509314864,31.530637790637858,-0.0003861406003125012,-0.0004788959340658039,0.0020074970088899136,0.7474516089784998
1.5375,246,rotor_0_blade_1,rotor_0_blade_1_blade_0,blade_segment,rotor_0_blade_1_blade_0:blade_segment:orig:11,orig,11,0.15044207870960236,0.15044207870960236,0.14526180922985077,0.15566033124923706,0.015411472879350185,0.010003605857491493,0.04363857954740524,0.04363857954740524,3.0476036071777344,1.8582236197283422,0.16095778533118463,-0.16095778533118463,26.642917159643126,-0.0001953627070179209,-0.0002565358008723706,0.0016101582441478968,0.9134233879736569
1.575,252,rotor_0_blade_1,rotor_0_blade_1_blade_0,blade_segment,rotor_0_blade_1_blade_0:blade_segment:orig:0,orig,0,0.1987011730670929,0.1987011730670929,0.1934124082326889,0.20405949652194977,0.024580154567956924,0.01000369805842638,0.04834723472595215,0.04834723472595215,0.656650185585022,5.990774243742411,0.03377819665594459,-0.03377819665594459,3.505627630698379,2.5654506316641346e-05,-0.00036370998714119196,0.00033790688030421734,-0.9122534916162273
1.575,252,rotor_0_blade_1,rotor_0_blade_1_blade_0,blade_segment,rotor_0_blade_1_blade_0:blade_segment:orig:1,orig,1,0.20870476961135864,0.20870476961135864,0.20342595875263214,0.2140500247478485,0.023740818724036217,0.010003412142395973,0.0672212764620781,0.0672212764620781,0.8036434054374695,7.046568424759344,0.05745071818649183,-0.05745071818649183,6.17324769886708,4.442109275260009e-05,-0.0006471191882155836,0.0005747032118961215,-0.7462826656250174
1.575,252,rotor_0_blade_1,rotor_0_blade_1_blade_0,blade_segment,rotor_0_blade_1_blade_0:blade_segment:orig:2,orig,2,0.21870845556259155,0.21870845556259155,0.21343934535980225,0.22404111921787262,0.022902019321918488,0.010003656148910522,0.07663286477327347,0.07663286477327347,1.0225341320037842,6.544756098506398,0.0845140107699744,-0.0845140107699744,9.413884567095641,5.897356095374562e-05,-0.0008378714555874467,0.0008454491035081446,-0.5803103562724861
1.575,252,rotor_0_blade_1,rotor_0_blade_1_blade_0,blade_segment,rotor_0_blade_1_blade_0:blade_segment:orig:3,orig,3,0.2287120670080185,0.2287120670080185,0.22345271706581116,0.23403215408325195,0.02206413820385933,0.010003638453781605,0.08133427798748016,0.08133427798748016,1.2510242462158203,5.893196406912347,0.11157550395319013,-0.11157550395319013,12.900181507470027,6.995835428824648e-05,-0.0009595620213076472,0.0011161610018461943,-0.4143392830543893
1.575,252,rotor_0_blade_1,rotor_0_blade_1_blade_0,blade_segment,rotor_0_blade_1_blade_0:blade_segment:orig:4,orig,4,0.23871566355228424,0.23871566355228424,0.23346632719039917,0.24402305483818054,0.02122739516198635,0.010003553703427315,0.08320777118206024,0.08320777118206024,1.479016900062561,5.300587933284951,0.13697239069551972,-0.13697239069551972,16.460774454555636,7.789737719576806e-05,-0.0010283398441970348,0.0013702106662094593,-0.24836845706317945
1.575,252,rotor_0_blade_1,rotor_0_blade_1_blade_0,blade_segment,rotor_0_blade_1_blade_0:blade_segment:orig:5,orig,5,0.2487192004919052,0.2487192004919052,0.2434798628091812,0.25401368737220764,0.020391758531332016,0.010003621689975262,0.083189457654953,0.083189457654953,1.7032405138015747,4.790354239395196,0.15983256274120086,-0.15983256274120086,19.995143077795408,8.312730642501265e-05,-0.0010550516890361905,0.0015989044914022088,-0.08239861997951725
1.575,252,rotor_0_blade_1,rotor_0_blade_1_blade_0,blade_segment,rotor_0_blade_1_blade_0:blade_segment:orig:6,orig,6,0.25872281193733215,0.25872281193733215,0.25349313020706177,0.2640049457550049,0.019557274878025055,0.01000356487929821,0.08174604177474976,0.08174604177474976,1.9233137369155884,4.346485700964879,0.17945044504147842,-0.17945044504147842,23.4072359472313,8.602586603956297e-05,-0.0010484961094334722,0.0017951441695913672,0.08357245323857951
1.575,252,rotor_0_blade_1,rotor_0_blade_1_blade_0,blade_segment,rotor_0_blade_1_blade_0:blade_segment:orig:7,orig,7,0.26872628927230835,0.26872628927230835,0.2635064721107483,0.27399569749832153,0.01872429996728897,0.010003487579524517,0.07903386652469635,0.07903386652469635,2.1392757892608643,3.946125186651232,0.19496607350619294,-0.19496607350619294,26.562404644373405,8.649608207633719e-05,-0.0010105575202032924,0.0019503406947478652,0.24954130141469405
1.575,252,rotor_0_blade_1,rotor_0_blade_1_blade_0,blade_segment,rotor_0_blade_1_blade_0:blade_segment:orig:8,orig,8,0.27872976660728455,0.27872976660728455,0.27352017164230347,0.28398653864860535,0.017893068492412567,0.010003728792071342,0.07491147518157959,0.07491147518157959,2.352174997329712,3.5597860059128488,0.20508522986993716,-0.20508522986993716,29.239065788683114,8.414880721829832e-05,-0.0009374656365253031,0.00205161701887846,0.4155101495908086
1.575,252,rotor_0_blade_1,rotor_0_blade_1_blade_0,blade_segment,rotor_0_blade_1_blade_0:blade_segment:orig:9,orig,9,0.2887335419654846,0.2887335419654846,0.28353366255760193,0.29397743940353394,0.017063628882169724,0.010003587231040001,0.06883935630321503,0.06883935630321503,2.5640063285827637,3.1468519166957774,0.2074576144161724,-0.2074576144161724,31.01500928431041,7.773274410283193e-05,-0.0008132292423397303,0.002075320342555642,0.5814839423046614
1.575,252,rotor_0_blade_1,rotor_0_blade_1_blade_0,blade_segment,rotor_0_blade_1_blade_0:blade_segment:orig:10,orig,10,0.2987369894981384,0.2987369894981384,0.29354697465896606,0.3039683997631073,0.016236282885074615,0.010003452189266682,0.059557802975177765,0.059557802975177765,2.780322551727295,2.638680894692671,0.19702526504439713,-0.19702526504439713,30.956314053512102,6.511901301564649e-05,-0.0006143603241071105,0.0019709328189492226,0.7474522960270021
1.575,252,rotor_0_blade_1,rotor_0_blade_1_blade_0,blade_segment,rotor_0_blade_1_blade_0:blade_segment:orig:11,orig,11,0.30874067544937134,0.30874067544937134,0.30356037616729736,0.3139588534832001,0.015411453321576118,0.010003599338233471,0.04357341304421425,0.04357341304421425,3.005206823348999,1.8816273331288569,0.15823631124885174,-0.15823631124885174,26.192471980767916,4.2882689740508795e-05,-0.00032088978332467377,0.0015829326584935188,0.9134246053795334
1.6125,258,rotor_0_blade_1,rotor_0_blade_1_blade_0,blade_segment,rotor_0_blade_1_blade_0:blade_segment:orig:0,orig,0,0.2609805464744568,0.2609805464744568,0.255691796541214,0.26633888483047485,0.024580124765634537,0.010003697127103806,0.04790102317929268,0.04790102317929268,0.6287089586257935,6.199277169624866,0.03157843462595337,-0.03157843462595337,3.2773320703922364,0.0002731835120357573,-0.00023765049991197884,0.00031590109574608505,-0.9122537496897303
1.6125,258,rotor_0_blade_1,rotor_0_blade_1_blade_0,blade_segment,rotor_0_blade_1_blade_0:blade_segment:orig:1,orig,1,0.2709841728210449,0.2709841728210449,0.2657053768634796,0.2763293981552124,0.02374080754816532,0.010003412142395973,0.06657085567712784,0.06657085567712784,0.7777144908905029,7.211049160750332,0.05447417331885186,-0.05447417331885186,5.853412002615429,0.0004828858654946089,-0.0004213771899230778,0.0005449276068247855,-0.7462824497610305
1.6125,258,rotor_0_blade_1,rotor_0_blade_1_blade_0,blade_segment,rotor_0_blade_1_blade_0:blade_segment:orig:2,orig,2,0.28098785877227783,0.28098785877227783,0.2757187485694885,0.2863205075263977,0.02290201187133789,0.010003657080233097,0.07592032849788666,0.07592032849788666,0.9959059953689575,6.657268787097854,0.08096289384616172,-0.08096289384616172,9.018334095093147,0.0006254539475776255,-0.0005437609506770968,0.0008099250262603164,-0.5803101609249053
1.6125,258,rotor_0_blade_1,rotor_0_blade_1_blade_0,blade_segment,rotor_0_blade_1_blade_0:blade_segment:orig:3,orig,3,0.2909914553165436,0.2909914553165436,0.28573212027549744,0.2963115870952606,0.022064145654439926,0.01000363938510418,0.08063951134681702,0.08063951134681702,1.2231359481811523,5.976074967873332,0.10762470108439126,-0.10762470108439126,12.443391789951558,0.0007184459827840328,-0.0006213897722773254,0.0010766386985778809,-0.4143393554499183
1.6125,258,rotor_0_blade_1,rotor_0_blade_1_blade_0,blade_segment,rotor_0_blade_1_blade_0:blade_segment:orig:4,orig,4,0.3009950518608093,0.3009950518608093,0.29574576020240784,0.3063024580478668,0.0212273970246315,0.01000355463474989,0.082570880651474,0.082570880651474,1.450066328048706,5.365031812676553,0.1328020590742126,-0.1328020590742126,15.95959987705091,0.0007726590265519917,-0.0006644317763857543,0.001328492653556168,-0.24836854997493119
1.6125,258,rotor_0_blade_1,rotor_0_blade_1_blade_0,blade_segment,rotor_0_blade_1_blade_0:blade_segment:orig:5,orig,5,0.3109985888004303,0.3109985888004303,0.3057592511177063,0.3162930905818939,0.02039174549281597,0.010003618896007538,0.08263137936592102,0.08263137936592102,1.6737273931503296,4.8421236101646565,0.15560558336306282,-0.15560558336306282,19.46635803801937,0.0007962269592098892,-0.000680512108374387,0.0015566189540550113,-0.08239873340736954
1.6125,258,rotor_0_blade_1,rotor_0_blade_1_blade_0,blade_segment,rotor_0_blade_1_blade_0:blade_segment:orig:6,orig,6,0.32100218534469604,0.32100218534469604,0.31577253341674805,0.3262842893600464,0.01955726183950901,0.010003573261201382,0.08127619326114655,0.08127619326114655,1.8935644626617432,4.389400464894114,0.1753065051523309,-0.1753065051523309,22.866722141232117,0.0007949610590003431,-0.0006749936728738248,0.0017536914674565196,0.08357207206761753
1.6125,258,rotor_0_blade_1,rotor_0_blade_1_blade_0,blade_segment,rotor_0_blade_1_blade_0:blade_segment:orig:7,orig,7,0.331005722284317,0.331005722284317,0.32578587532043457,0.3362751305103302,0.01872427947819233,0.0100034698843956,0.07865400612354279,0.07865400612354279,2.1097233295440674,3.9821739146072916,0.19103239841119343,-0.19103239841119343,26.026504653218165,0.0007704086019657552,-0.0006495227571576834,0.0019109868444502354,0.2495418886351792
1.6125,258,rotor_0_blade_1,rotor_0_blade_1_blade_0,blade_segment,rotor_0_blade_1_blade_0:blade_segment:orig:8,orig,8,0.3410091698169708,0.3410091698169708,0.33579960465431213,0.3462659418582916,0.01789308339357376,0.010003745555877686,0.07461811602115631,0.07461811602115631,2.3228883743286133,3.5905480986223757,0.20147133438347187,-0.20147133438347187,28.72380765054211,0.0007185755530372262,-0.0006007805932313204,0.002015467965975404,0.41551022184160274
1.6125,258,rotor_0_blade_1,rotor_0_blade_1_blade_0,blade_segment,rotor_0_blade_1_blade_0:blade_segment:orig:9,orig,9,0.3510129749774933,0.3510129749774933,0.3458130359649658,0.3562568128108978,0.01706363819539547,0.010003576055169106,0.06862270832061768,0.06862270832061768,2.535247325897217,3.1725310592672313,0.20426995143399404,-0.20426995143399404,30.5384355267948,0.0006277203792706132,-0.0005187437636777759,0.002043429994955659,0.5814844884925787
1.6125,258,rotor_0_blade_1,rotor_0_blade_1_blade_0,blade_segment,rotor_0_blade_1_blade_0:blade_segment:orig:10,orig,10,0.3610163927078247,0.3610163927078247,0.35582637786865234,0.3662478029727936,0.0162363238632679,0.01000345777720213,0.05940321460366249,0.05940321460366249,2.752215623855591,2.6587027308627262,0.19438333588893014,-0.19438333588893014,30.541141026470644,0.0004793049010913819,-0.0003879201540257782,0.001944505493156612,0.7474523272452895
1.6125,258,rotor_0_blade_1,rotor_0_blade_1_blade_0,blade_segment,rotor_0_blade_1_blade_0:blade_segment:orig:11,orig,11,0.3710200786590576,0.3710200786590576,0.36583974957466125,0.37623825669288635,0.015411468222737312,0.010003635659813881,0.04347098246216774,0.04347098246216774,2.977952003479004,1.894382801498349,0.15637360559528893,-0.15637360559528893,25.884117814493496,0.00025686912704259157,-0.00019667105516418815,0.0015643045771867037,0.9134246160814148
1.65,264,rotor_0_blade_1,rotor_0_blade_1_blade_0,blade_segment,rotor_0_blade_1_blade_0:blade_segment:orig:0,orig,0,0.19075846672058105,0.19075846672058105,0.18546971678733826,0.19611677527427673,0.02458014152944088,0.010003706440329552,0.0473952554166317,0.0473952554166317,0.6084069609642029,6.338497308434958,0.029783579497752528,-0.029783579497752528,3.0910529557332436,0.0003550952533259988,2.447144106554333e-05,0.00029794618603773415,-0.9122537713829546
1.65,264,rotor_0_blade_1,rotor_0_blade_1_blade_0,blade_segment,rotor_0_blade_1_blade_0:blade_segment:orig:1,orig,1,0.2007620632648468,0.2007620632648468,0.1954832673072815,0.20610730350017548,0.023740818724036217,0.010003405623137951,0.0658748522400856,0.0658748522400856,0.7562832832336426,7.337860597452277,0.052076892908763786,-0.052076892908763786,5.595814455610454,0.0006278195069171488,4.245474701747298e-05,0.0005209462833590806,-0.7462830069403978
1.65,264,rotor_0_blade_1,rotor_0_blade_1_blade_0,blade_segment,rotor_0_blade_1_blade_0:blade_segment:orig:2,orig,2,0.2107657790184021,0.2107657790184021,0.2054966539144516,0.21609841287136078,0.02290201745927334,0.01000366359949112,0.07519055157899857,0.07519055157899857,0.9736328125,6.744105000349838,0.07822189771827606,-0.07822189771827606,8.713016562817394,0.0008127579349093139,5.654653432429768e-05,0.0007825055508874357,-0.5803102646834792
1.65,264,rotor_0_blade_1,rotor_0_blade_1_blade_0,blade_segment,rotor_0_blade_1_blade_0:blade_segment:orig:3,orig,3,0.22076934576034546,0.22076934576034546,0.2155100405216217,0.2260894924402237,0.022064149379730225,0.010003642179071903,0.07994596660137177,0.07994596660137177,1.2014565467834473,6.031582827999549,0.10476864641237597,-0.10476864641237597,12.113177378102032,0.0009325815481133759,6.735121860401705e-05,0.0010480680502951145,-0.414339994694513
1.65,264,rotor_0_blade_1,rotor_0_blade_1_blade_0,blade_segment,rotor_0_blade_1_blade_0:blade_segment:orig:4,orig,4,0.2307729721069336,0.2307729721069336,0.2255236804485321,0.2360803782939911,0.02122742496430874,0.010003553703427315,0.08194675296545029,0.08194675296545029,1.429815649986267,5.399883433259068,0.13001278530939742,-0.13001278530939742,15.624375976081675,0.001001829863525927,7.52865889808163e-05,0.0013005898799747229,-0.24836873579836577
1.65,264,rotor_0_blade_1,rotor_0_blade_1_blade_0,blade_segment,rotor_0_blade_1_blade_0:blade_segment:orig:5,orig,5,0.24077649414539337,0.24077649414539337,0.23553718626499176,0.246070995926857,0.020391743630170822,0.010003624483942986,0.08209278434515,0.08209278434515,1.6556332111358643,4.863136835259658,0.1530395501107407,-0.1530395501107407,19.145347385154118,0.0010310078505426645,8.068800525506958e-05,0.001530950190499425,-0.0823992074897852
1.65,264,rotor_0_blade_1,rotor_0_blade_1_blade_0,blade_segment,rotor_0_blade_1_blade_0:blade_segment:orig:6,orig,6,0.2507801055908203,0.2507801055908203,0.2455504685640335,0.25606217980384827,0.01955726370215416,0.010003573261201382,0.08084065467119217,0.08084065467119217,1.8782668113708496,4.401436506314985,0.17311249942395,-0.17311249942395,22.580537117265834,0.001028378726914525,8.387054549530149e-05,0.0017317435704171658,0.08357180417956675
1.65,264,rotor_0_blade_1,rotor_0_blade_1_blade_0,blade_segment,rotor_0_blade_1_blade_0:blade_segment:orig:7,orig,7,0.2607836425304413,0.2607836425304413,0.25556376576423645,0.26605308055877686,0.018724285066127777,0.010003472678363323,0.07835080474615097,0.07835080474615097,2.0975944995880127,3.9897591303074647,0.1893661589400089,-0.1893661589400089,25.799486301633866,0.0009961673058569431,8.478277595713735e-05,0.0018943191971629858,0.24954157971494256
1.65,264,rotor_0_blade_1,rotor_0_blade_1_blade_0,blade_segment,rotor_0_blade_1_blade_0:blade_segment:orig:8,orig,8,0.2707870900630951,0.2707870900630951,0.2655775547027588,0.2760438621044159,0.017893068492412567,0.010003773495554924,0.07449474930763245,0.07449474930763245,2.313865900039673,3.598592317471199,0.20046667262488282,-0.20046667262488282,28.580596628214632,0.0009304940467700362,8.300644549308345e-05,0.0020054231863468885,0.41550987188954697
1.65,264,rotor_0_blade_1,rotor_0_blade_1_blade_0,blade_segment,rotor_0_blade_1_blade_0:blade_segment:orig:9,orig,9,0.28079086542129517,0.28079086542129517,0.2755909860134125,0.2860347330570221,0.017063643783330917,0.01000356487929821,0.06872662901878357,0.06872662901878357,2.5272693634033203,3.1873644856650687,0.2038543061019178,-0.2038543061019178,30.47628641111022,0.0008168070926330984,7.735341932857409e-05,0.0020392697770148516,0.5814836030536464
1.65,264,rotor_0_blade_1,rotor_0_blade_1_blade_0,blade_segment,rotor_0_blade_1_blade_0:blade_segment:orig:10,orig,10,0.290794312953949,0.290794312953949,0.285604327917099,0.29602572321891785,0.016236312687397003,0.010003444738686085,0.05968516692519188,0.05968516692519188,2.7388534545898438,2.6843565863264716,0.19396203160248604,-0.19396203160248604,30.474967472807165,0.0006271267193369567,6.535370630444959e-05,0.001940288464538753,0.747451895228251
1.65,264,rotor_0_blade_1,rotor_0_blade_1_blade_0,blade_segment,rotor_0_blade_1_blade_0:blade_segment:orig:11,orig,11,0.3007979989051819,0.3007979989051819,0.2956176698207855,0.306016206741333,0.015411453321576118,0.010003629140555859,0.043701522052288055,0.043701522052288055,2.9508774280548096,1.921904453099032,0.15537879905765728,-0.15537879905765728,25.71947493342865,0.00032900358201004565,4.286278272047639e-05,0.0015543518820777535,0.913424143031579
1.6875,270,rotor_0_blade_1,rotor_0_blade_1_blade_0,blade_segment,rotor_0_blade_1_blade_0:blade_segment:orig:0,orig,0,-0.02916995994746685,0.02916995994746685,-0.034528277814388275,-0.023881223052740097,0.024580147117376328,0.010003695264458656,0.047121234238147736,0.047121234238147736,0.6026334166526794,6.362224137708782,0.02888274555536874,-0.02888274555536874,2.9975603076617015,0.000230401725275442,0.00026435733889229596,0.00028893418493680656,0.91225402295778
1.6875,270,rotor_0_blade_1,rotor_0_blade_1_blade_0,blade_segment,rotor_0_blade_1_blade_0:blade_segment:orig:1,orig,1,-0.03917358070611954,0.03917358070611954,-0.044518809765577316,-0.033894773572683334,0.023740820586681366,0.010003415867686272,0.0655343160033226,0.0655343160033226,0.7444398403167725,7.416063389602207,0.05060970440977756,-0.05060970440977756,5.438160333551477,0.0004094219475518912,0.0004685461171902716,0.0005062699201516807,0.7462829234494984
1.6875,270,rotor_0_blade_1,rotor_0_blade_1_blade_0,blade_segment,rotor_0_blade_1_blade_0:blade_segment:orig:2,orig,2,-0.049177274107933044,0.049177274107933044,-0.054509930312633514,-0.04390815645456314,0.02290201745927334,0.010003664530813694,0.07488171011209488,0.07488171011209488,0.957146167755127,6.8320925912764,0.07638227116267382,-0.07638227116267382,8.508103397630709,0.0005304802907630801,0.0006094698910601437,0.0007641026168130338,0.5803106187110744
1.6875,270,rotor_0_blade_1,rotor_0_blade_1_blade_0,blade_segment,rotor_0_blade_1_blade_0:blade_segment:orig:3,orig,3,-0.05918088182806969,0.05918088182806969,-0.06450099498033524,-0.05392153933644295,0.02206415683031082,0.010003648698329926,0.07970866560935974,0.07970866560935974,1.182354211807251,6.110835541207519,0.10269392932126879,-0.10269392932126879,11.8732980148665,0.0006088121444918215,0.00070316216442734,0.0010273139923810959,0.4143397355261517
1.6875,270,rotor_0_blade_1,rotor_0_blade_1_blade_0,blade_segment,rotor_0_blade_1_blade_0:blade_segment:orig:4,orig,4,-0.06918448954820633,0.06918448954820633,-0.07449188828468323,-0.06393521279096603,0.021227428689599037,0.010003547184169292,0.08179453015327454,0.08179453015327454,1.408677101135254,5.470731648171206,0.12777251844691487,-0.12777251844691487,15.35514766893106,0.0006540148751810193,0.0007597527001053095,0.0012781784171238542,0.24836885234122907
1.6875,270,rotor_0_blade_1,rotor_0_blade_1_blade_0,blade_segment,rotor_0_blade_1_blade_0:blade_segment:orig:5,orig,5,-0.07918798923492432,0.07918798923492432,-0.08448249101638794,-0.07394871860742569,0.020391754806041718,0.010003642179071903,0.08202309906482697,0.08202309906482697,1.632675051689148,4.9273318539835325,0.15069230492800287,-0.15069230492800287,18.85169515232698,0.0006726267747581005,0.0007861803169362247,0.0015074718976393342,0.08239976154985179
1.6875,270,rotor_0_blade_1,rotor_0_blade_1_blade_0,blade_segment,rotor_0_blade_1_blade_0:blade_segment:orig:6,orig,6,-0.08919161558151245,0.08919161558151245,-0.09447368234395981,-0.08396197110414505,0.019557267427444458,0.010003563016653061,0.08084600418806076,0.08084600418806076,1.85343599319458,4.460697660773707,0.17071323396061014,-0.17071323396061014,22.267576254847597,0.000670120760332793,0.0007883477956056595,0.001707740593701601,-0.08357143066844072
1.6875,270,rotor_0_blade_1,rotor_0_blade_1_blade_0,blade_segment,rotor_0_blade_1_blade_0:blade_segment:orig:7,orig,7,-0.09919517487287521,0.09919517487287521,-0.10446460545063019,-0.09397530555725098,0.018724296241998672,0.01000346802175045,0.07842296361923218,0.07842296361923218,2.0709080696105957,4.0448919228594375,0.18696983058226024,-0.18696983058226024,25.472992274942868,0.0006482981261797249,0.0007680001435801387,0.0018703467212617397,-0.24954151036660166
1.6875,270,rotor_0_blade_1,rotor_0_blade_1_blade_0,blade_segment,rotor_0_blade_1_blade_0:blade_segment:orig:8,orig,8,-0.10919858515262604,0.10919858515262604,-0.11445534974336624,-0.10398907959461212,0.01789308339357376,0.010003778152167797,0.07462456077337265,0.07462456077337265,2.285189151763916,3.6500973198282405,0.19815137120367549,-0.19815137120367549,28.250479848970866,0.0006041997112333775,0.0007215321529656649,0.00198226235806942,-0.4155091177978035
1.6875,270,rotor_0_blade_1,rotor_0_blade_1_blade_0,blade_segment,rotor_0_blade_1_blade_0:blade_segment:orig:9,orig,9,-0.1192023754119873,0.1192023754119873,-0.12444623559713364,-0.11400251090526581,0.0170636847615242,0.01000356674194336,0.06890160590410233,0.06890160590410233,2.496769428253174,3.2345069054142614,0.20172295156019115,-0.20172295156019115,30.15757577667598,0.0005287061794660985,0.0006382035790011287,0.0020179490093141794,-0.5814830295097511
1.6875,270,rotor_0_blade_1,rotor_0_blade_1_blade_0,blade_segment,rotor_0_blade_1_blade_0:blade_segment:orig:10,orig,10,-0.1292058229446411,0.1292058229446411,-0.13443726301193237,-0.12401586025953293,0.01623634062707424,0.010003435425460339,0.059881363064050674,0.059881363064050674,2.706568717956543,2.725300910013768,0.19216757639598972,-0.19216757639598972,30.192973923938943,0.0004027745744679123,0.0004953608149662614,0.0019223359413444996,-0.7474512550076926
1.6875,270,rotor_0_blade_1,rotor_0_blade_1_blade_0,blade_segment,rotor_0_blade_1_blade_0:blade_segment:orig:11,orig,11,-0.13920950889587402,0.13920950889587402,-0.14442776143550873,-0.13402920961380005,0.01541144773364067,0.010003658011555672,0.043866485357284546,0.043866485357284546,2.9174461364746094,1.9512663307694686,0.15415770518890276,-0.15415770518890276,25.5173594855781,0.00020611155196093023,0.00026684964541345835,0.0015421409625560045,-0.9134234361327688
1.725,276,rotor_0_blade_1,rotor_0_blade_1_blade_0,blade_segment,rotor_0_blade_1_blade_0:blade_segment:orig:11,orig,11,0.019089054316282272,0.019089054316282272,0.013870797120034695,0.024269329383969307,0.015411438420414925,0.010003657080233097,0.04461593180894852,0.04461593180894852,2.9508845806121826,1.9621154839315806,0.15911502470128275,-0.15911502470128275,26.337948748553348,-4.4322143367026e-05,0.0003462214081082493,0.0015917321434244514,-0.91342338362286
1.725,276,rotor_0_blade_1,rotor_0_blade_1_blade_0,blade_segment,rotor_0_blade_1_blade_0:blade_segment:orig:10,orig,10,0.029092740267515182,0.029092740267515182,0.023861316964030266,0.03428269922733307,0.01623634248971939,0.010003441013395786,0.06049836054444313,0.06049836054444313,2.7341928482055664,2.725563186594717,0.19672465507066167,-0.19672465507066167,30.908969196227524,-6.684765685349703e-05,0.0006475652917288244,0.0019679234828799963,-0.747451249941892
1.725,276,rotor_0_blade_1,rotor_0_blade_1_blade_0,blade_segment,rotor_0_blade_1_blade_0:blade_segment:orig:9,orig,9,0.0390961728990078,0.0390961728990078,0.03385232388973236,0.04429607093334198,0.01706368662416935,0.010003565810620785,0.06944678723812103,0.06944678723812103,2.519667148590088,3.2304729912961085,0.20574852714959446,-0.20574852714959446,30.759395860254163,-7.87281314842403e-05,0.0008374762837775052,0.0020582189317792654,-0.5814833191135532
1.725,276,rotor_0_blade_1,rotor_0_blade_1_blade_0,blade_segment,rotor_0_blade_1_blade_0:blade_segment:orig:8,orig,8,0.04909998178482056,0.04909998178482056,0.043843213468790054,0.05430948734283447,0.01789308339357376,0.01000378467142582,0.07515421509742737,0.07515421509742737,2.304480791091919,3.6452310475170537,0.20174446133224447,-0.20174446133224447,28.762747413187405,-8.422959945164621e-05,0.0009501343593001366,0.002018208149820566,-0.41550914581292697
1.725,276,rotor_0_blade_1,rotor_0_blade_1_blade_0,blade_segment,rotor_0_blade_1_blade_0:blade_segment:orig:7,orig,7,0.05910339206457138,0.05910339206457138,0.05383395403623581,0.06432326883077621,0.018724270164966583,0.010003473609685898,0.07895786315202713,0.07895786315202713,2.0871384143829346,4.040817458410096,0.1901816267683864,-0.1901816267683864,25.910607295742818,-8.582261943956837e-05,0.0010138865327462554,0.0019024768844246864,-0.24954158582452593
1.725,276,rotor_0_blade_1,rotor_0_blade_1_blade_0,blade_segment,rotor_0_blade_1_blade_0:blade_segment:orig:6,orig,6,0.06910695135593414,0.06910695135593414,0.06382488459348679,0.07433660328388214,0.01955726370215416,0.010003560222685337,0.08138704299926758,0.08138704299926758,1.8672740459442139,4.457271750791141,0.17354348301094819,-0.17354348301094819,22.636753975756868,-8.472542685922235e-05,0.0010437997989356518,0.0017360526835545897,-0.0835715535698725
1.725,276,rotor_0_blade_1,rotor_0_blade_1_blade_0,blade_segment,rotor_0_blade_1_blade_0:blade_segment:orig:5,orig,5,0.07911057770252228,0.07911057770252228,0.07381607592105865,0.0843498483300209,0.020391758531332016,0.010003641247749329,0.08255957067012787,0.08255957067012787,1.6443246603012085,4.924420965870717,0.15311919531737603,-0.15311919531737603,19.15529705473852,-8.12991420389153e-05,0.0010431144619360566,0.0015317494980990887,0.0823995912045945
1.725,276,rotor_0_blade_1,rotor_0_blade_1_blade_0,blade_segment,rotor_0_blade_1_blade_0:blade_segment:orig:4,orig,4,0.08911409229040146,0.08911409229040146,0.08380669355392456,0.09436335414648056,0.02122742496430874,0.01000355463474989,0.0823088139295578,0.0823088139295578,1.418635368347168,5.466486018663128,0.12977335706741358,-0.12977335706741358,15.595602522277533,-7.56176159484312e-05,0.0010097273625433445,0.0012981948675587773,0.24836888177937222
1.725,276,rotor_0_blade_1,rotor_0_blade_1_blade_0,blade_segment,rotor_0_blade_1_blade_0:blade_segment:orig:3,orig,3,0.0991176962852478,0.0991176962852478,0.09379756450653076,0.10437703877687454,0.02206413820385933,0.01000363752245903,0.08017974346876144,0.08017974346876144,1.1912347078323364,6.101131005297025,0.10426190244331146,-0.10426190244331146,12.054594585538457,-6.736097566317767e-05,0.0009353909408673644,0.0010429982794448733,0.41433965571390136
1.725,276,rotor_0_blade_1,rotor_0_blade_1_blade_0,blade_segment,rotor_0_blade_1_blade_0:blade_segment:orig:2,orig,2,0.10912129282951355,0.10912129282951355,0.10378865152597427,0.11439041048288345,0.022902019321918488,0.010003671981394291,0.07528787106275558,0.07528787106275558,0.9662641286849976,6.8043301607415785,0.0775417216682318,-0.0775417216682318,8.637252099008554,-5.628442158922553e-05,0.0008110306807793677,0.000775701948441565,0.5803103060351179
1.725,276,rotor_0_blade_1,rotor_0_blade_1_blade_0,blade_segment,rotor_0_blade_1_blade_0:blade_segment:orig:1,orig,1,0.11912499368190765,0.11912499368190765,0.11377976834774017,0.12440379709005356,0.02374083362519741,0.010003417730331421,0.06585893779993057,0.06585893779993057,0.7559032440185547,7.3397715705497015,0.051432883242368,-0.051432883242368,5.526610264548708,-4.2000705434475094e-05,0.000622419232968241,0.0005145046161487699,0.7462826869427112
1.725,276,rotor_0_blade_1,rotor_0_blade_1_blade_0,blade_segment,rotor_0_blade_1_blade_0:blade_segment:orig:0,orig,0,0.1291286200284958,0.1291286200284958,0.12377030402421951,0.1344173699617386,0.024580154567956924,0.010003698989748955,0.04733962193131447,0.04733962193131447,0.6188380718231201,6.224337698153454,0.029542690703903314,-0.029542690703903314,3.066050975772065,-2.4039618438109756e-05,0.00034869296359829605,0.0002955361851491034,0.9122538317171781
1.7625,282,rotor_0_blade_1,rotor_0_blade_1_blade_0,blade_segment,rotor_0_blade_1_blade_0:blade_segment:orig:11,orig,11,0.08136855065822601,0.08136855065822601,0.07615026831626892,0.0865488275885582,0.015411444939672947,0.010003659874200821,0.04409029334783554,0.04409029334783554,2.9859442710876465,1.9162312883843937,0.15917343428403957,-0.15917343428403957,26.347606008748212,-0.0002672704285942018,0.00020537285308819264,0.001592316897585988,-0.9134229818121585
1.7625,282,rotor_0_blade_1,rotor_0_blade_1_blade_0,blade_segment,rotor_0_blade_1_blade_0:blade_segment:orig:10,orig,10,0.09137223660945892,0.09137223660945892,0.08614081889390945,0.0965622067451477,0.016236335039138794,0.010003449395298958,0.06022761017084122,0.06022761017084122,2.770989418029785,2.6773352416837515,0.1988284836537561,-0.1988284836537561,31.239532708718453,-0.0004969352739863098,0.00040270262979902327,0.001988970674574375,-0.7474508776234603
1.7625,282,rotor_0_blade_1,rotor_0_blade_1_blade_0,blade_segment,rotor_0_blade_1_blade_0:blade_segment:orig:9,orig,9,0.10137565433979034,0.10137565433979034,0.0961318165063858,0.10657557100057602,0.01706371083855629,0.010003565810620785,0.06942760944366455,0.06942760944366455,2.5562124252319336,3.1834041852069497,0.2091306298049007,-0.2091306298049007,31.264975693263438,-0.0006436944822780788,0.0005319765186868608,0.0020920520182698965,-0.5814832235132257
1.7625,282,rotor_0_blade_1,rotor_0_blade_1_blade_0,blade_segment,rotor_0_blade_1_blade_0:blade_segment:orig:8,orig,8,0.111379474401474,0.111379474401474,0.1061227023601532,0.11658897250890732,0.017893092706799507,0.010003781877458096,0.07536597549915314,0.07536597549915314,2.340582847595215,3.5991163816944893,0.20596809806172875,-0.20596809806172875,29.364896845718334,-0.0007323228637687862,0.0006121230544522405,0.002060459926724434,-0.41550889428529575
1.7625,282,rotor_0_blade_1,rotor_0_blade_1_blade_0,blade_segment,rotor_0_blade_1_blade_0:blade_segment:orig:7,orig,7,0.12138288468122482,0.12138288468122482,0.11611344665288925,0.12660275399684906,0.01872427389025688,0.010003463365137577,0.07937297224998474,0.07937297224998474,2.123033046722412,3.993382400624805,0.19496677819117286,-0.19496677819117286,26.562537644694697,-0.0007832629489712417,0.0006601990316994488,0.0019503430230543017,-0.2495413637883518
1.7625,282,rotor_0_blade_1,rotor_0_blade_1_blade_0,blade_segment,rotor_0_blade_1_blade_0:blade_segment:orig:6,orig,6,0.13138645887374878,0.13138645887374878,0.12610439956188202,0.1366160809993744,0.019557252526283264,0.010003568604588509,0.08197393268346786,0.08197393268346786,1.902610421180725,4.406036106612243,0.1786363784475736,-0.1786363784475736,23.301077001879904,-0.0008068524766713381,0.000684947706758976,0.0017870012670755386,-0.08357111379901344
1.7625,282,rotor_0_blade_1,rotor_0_blade_1_blade_0,blade_segment,rotor_0_blade_1_blade_0:blade_segment:orig:5,orig,5,0.14139008522033691,0.14139008522033691,0.1360955685377121,0.14662933349609375,0.020391765981912613,0.010003633797168732,0.08328618854284286,0.08328618854284286,1.6789900064468384,4.865192558158189,0.15827652001802386,-0.15827652001802386,19.800474027466734,-0.0008064445573836565,0.0006891200318932533,0.0015833403449505568,0.08240000148335949
1.7625,282,rotor_0_blade_1,rotor_0_blade_1_blade_0,blade_segment,rotor_0_blade_1_blade_0:blade_segment:orig:4,orig,4,0.1513935923576355,0.1513935923576355,0.146086186170578,0.1566428542137146,0.021227434277534485,0.010003568604588509,0.08314090222120285,0.08314090222120285,1.4520577192306519,5.394650876628026,0.1347536832305365,-0.1347536832305365,16.194109542483684,-0.0007798112346790731,0.0006704697734676301,0.0013480177149176598,0.24836913895308196
1.7625,282,rotor_0_blade_1,rotor_0_blade_1_blade_0,blade_segment,rotor_0_blade_1_blade_0:blade_segment:orig:3,orig,3,0.16139718890190125,0.16139718890190125,0.1560770720243454,0.16665653884410858,0.022064125165343285,0.010003636591136456,0.08107594400644302,0.08107594400644302,1.2232122421264648,6.008049170369832,0.1088292615351014,-0.1088292615351014,12.582672782216408,-0.00072146748425439,0.0006238988717086613,0.0010886883828788996,0.41433975978229226
1.7625,282,rotor_0_blade_1,rotor_0_blade_1_blade_0,blade_segment,rotor_0_blade_1_blade_0:blade_segment:orig:2,orig,2,0.171400785446167,0.171400785446167,0.1660681515932083,0.1766699254512787,0.02290201745927334,0.010003678500652313,0.07618793845176697,0.07618793845176697,0.9965821504592896,6.676200518560546,0.0814791817019955,-0.0814791817019955,9.075840402788184,-0.0006238627247512341,0.0005422990652732551,0.0008150915382429957,0.5803103806115026
1.7625,282,rotor_0_blade_1,rotor_0_blade_1_blade_0,blade_segment,rotor_0_blade_1_blade_0:blade_segment:orig:1,orig,1,0.1814045011997223,0.1814045011997223,0.1760592758655548,0.1866832971572876,0.02374081499874592,0.010003412142395973,0.06667406111955643,0.06667406111955643,0.7851633429527283,7.153708924775836,0.054561635410659746,-0.054561635410659746,5.86280822468432,-0.0004771854728460312,0.00041632531792856753,0.0005458025261759758,0.7462829792533634
1.7625,282,rotor_0_blade_1,rotor_0_blade_1_blade_0,blade_segment,rotor_0_blade_1_blade_0:blade_segment:orig:0,orig,0,0.19140812754631042,0.19140812754631042,0.18604980409145355,0.19669686257839203,0.024580154567956924,0.010003701783716679,0.04790379852056503,0.04790379852056503,0.6498769521713257,5.997692601051565,0.03178890531237429,-0.03178890531237429,3.2991715320924806,-0.00026607693871483207,0.00023130446788854897,0.0003180067287757993,0.9122540945357362
1.8,288,rotor_0_blade_1,rotor_0_blade_1_blade_0,blade_segment,rotor_0_blade_1_blade_0:blade_segment:orig:11,orig,11,0.011146483942866325,0.011146483942866325,0.005928219296038151,0.01632676273584366,0.015411452390253544,0.010003665462136269,0.04489647597074509,0.04489647597074509,3.0429272651672363,1.914728090053275,0.16532710866805062,-0.16532710866805062,27.366196095933585,-0.00034604110987856984,-4.53347856819164e-05,0.0016538770869374275,-0.9134232854268793
1.8,288,rotor_0_blade_1,rotor_0_blade_1_blade_0,blade_segment,rotor_0_blade_1_blade_0:blade_segment:orig:10,orig,10,0.021150166168808937,0.021150166168808937,0.015918754041194916,0.026340149343013763,0.01623634248971939,0.010003448463976383,0.06087459251284599,0.06087459251284599,2.8247063159942627,2.654633422749106,0.20502738959927927,-0.20502738959927927,32.213477600104596,-0.0006476874114014208,-6.823300645919517e-05,0.0020509809255599976,-0.7474512622789027
1.8,288,rotor_0_blade_1,rotor_0_blade_1_blade_0,blade_segment,rotor_0_blade_1_blade_0:blade_segment:orig:9,orig,9,0.03115360252559185,0.03115360252559185,0.025909747928380966,0.03635350987315178,0.01706373319029808,0.010003563016653061,0.06997000426054001,0.06997000426054001,2.6076602935791016,3.1449723391630013,0.21523442722276862,-0.21523442722276862,32.17744969763103,-0.0008412128663621843,-8.052641351241618e-05,0.002153111156076193,-0.5814833183690449
1.8,288,rotor_0_blade_1,rotor_0_blade_1_blade_0,blade_segment,rotor_0_blade_1_blade_0:blade_segment:orig:8,orig,8,0.04115741699934006,0.04115741699934006,0.035900648683309555,0.046366915106773376,0.017893096432089806,0.010003780946135521,0.07586464285850525,0.07586464285850525,2.3900229930877686,3.54798546309339,0.2120029943737724,-0.2120029943737724,30.2252864556909,-0.0009589438559487462,-8.644183981232345e-05,0.0021208315156400204,-0.4155091010854134
1.8,288,rotor_0_blade_1,rotor_0_blade_1_blade_0,blade_segment,rotor_0_blade_1_blade_0:blade_segment:orig:7,orig,7,0.05116082355380058,0.05116082355380058,0.04589138180017471,0.05638069659471512,0.01872429996728897,0.010003478266298771,0.07987362891435623,0.07987362891435623,2.1704695224761963,3.9307382966736726,0.2009108798655042,-0.2009108798655042,27.37233197792795,-0.0010286904871463776,-8.844934200169519e-05,0.0020098076201975346,-0.24954165162866093
1.8,288,rotor_0_blade_1,rotor_0_blade_1_blade_0,blade_segment,rotor_0_blade_1_blade_0:blade_segment:orig:6,orig,6,0.06116439402103424,0.06116439402103424,0.055882345885038376,0.06639403104782104,0.01955726370215416,0.010003565810620785,0.0825129896402359,0.0825129896402359,1.948085069656372,4.331479956154403,0.18445762163368928,-0.18445762163368928,24.060377995361854,-0.0010639529209583998,-8.767405233811587e-05,0.0018452339572831988,-0.08357148267982921
1.8,288,rotor_0_blade_1,rotor_0_blade_1_blade_0,blade_segment,rotor_0_blade_1_blade_0:blade_segment:orig:5,orig,5,0.07116802036762238,0.07116802036762238,0.06587351113557816,0.076407290995121,0.02039177343249321,0.010003631003201008,0.08389010280370712,0.08389010280370712,1.7223575115203857,4.777078981102604,0.16392321816775354,-0.16392321816775354,20.506871376444604,-0.0010681976564228535,-8.449794404441491e-05,0.001639827387407422,0.08239961336857496
1.8,288,rotor_0_blade_1,rotor_0_blade_1_blade_0,blade_segment,rotor_0_blade_1_blade_0:blade_segment:orig:4,orig,4,0.08117153495550156,0.08117153495550156,0.07586412876844406,0.08642079681158066,0.021227439865469933,0.010003567673265934,0.08382437378168106,0.08382437378168106,1.4931573867797852,5.289286686192324,0.14014271059166397,-0.14014271059166397,16.84173489786675,-0.0010380706517025828,-7.891846325946972e-05,0.001401927089318633,0.24836885521783422
1.8,288,rotor_0_blade_1,rotor_0_blade_1_blade_0,blade_segment,rotor_0_blade_1_blade_0:blade_segment:orig:3,orig,3,0.0911751464009285,0.0911751464009285,0.08585502207279205,0.09643449634313583,0.02206413820385933,0.010003642179071903,0.08183728158473969,0.08183728158473969,1.2614654302597046,5.880562470511041,0.11383401672176692,-0.11383401672176692,13.161307145439832,-0.0009652076405473053,-7.060036296024919e-05,0.001138754771091044,0.41433970403968573
1.8,288,rotor_0_blade_1,rotor_0_blade_1_blade_0,blade_segment,rotor_0_blade_1_blade_0:blade_segment:orig:2,orig,2,0.10117875784635544,0.10117875784635544,0.09584609419107437,0.10644787549972534,0.022902004420757294,0.010003676638007164,0.07699564099311829,0.07699564099311829,1.0310105085372925,6.521680947612314,0.08592014740024685,-0.08592014740024685,9.570518172276987,-0.0008382727392017841,-5.9176825743634254e-05,0.0008595173712819815,0.5803105528615372
1.8,288,rotor_0_blade_1,rotor_0_blade_1_blade_0,blade_segment,rotor_0_blade_1_blade_0:blade_segment:orig:1,orig,1,0.11118245869874954,0.11118245869874954,0.10583723336458206,0.11646126955747604,0.023740818724036217,0.010003417730331421,0.0674399808049202,0.0674399808049202,0.814525306224823,6.97504734647278,0.058196310047920655,-0.058196310047920655,6.253363725057015,-0.0006432239315472543,-4.428664760780521e-05,0.0005821619997732341,0.7462828850427047
1.8,288,rotor_0_blade_1,rotor_0_blade_1_blade_0,blade_segment,rotor_0_blade_1_blade_0:blade_segment:orig:0,orig,0,0.12118608504533768,0.12118608504533768,0.1158277690410614,0.12647482752799988,0.024580154567956924,0.010003707371652126,0.048447903245687485,0.048447903245687485,0.6747592091560364,5.842134506466203,0.03429374923601665,-0.03429374923601665,3.559133606407724,-0.0003570820845197886,-2.533531005610712e-05,0.00034306463203392923,0.9122539810911089
