FoamFile
{
    version     2.0;
    format      ascii;
    class       vectorField;
    location    "constant/polyMesh";
    object      points;
}
// * * * * * * * * * * * * * * * * * * * * * * * * * * * * * * * * * //

2684
(
(-1.4535587780164292 -1.4535507462874324 -6.5437058937182737)
(-0.86436531711724762 -1.2980738652823982 -6.5153784621127384)
(-0.32350873045556122 -1.1138263317171577 -6.4809121887688157)
(0.017721027863060668 -1.1364922994488371 -6.4968128483980623)
(0.43917367818501446 -1.2454228506833673 -6.5312094040707773)
(0.89166247607531446 -1.3646258658089363 -6.5255072585720892)
(1.4605290976346361 -1.4640004255536094 -6.5481483297652154)
(-1.2978866678041483 -0.86398492553401918 -6.5153999075199449)
(-0.60861401503063572 -0.60917003171634854 -6.4846778843704307)
(-0.26315366353036229 -0.61075326815594766 -6.443277331601954)
(0.002375720738601989 -0.81185168701220367 -6.5316500946863041)
(0.44729718927416201 -0.78347441654696892 -6.5197773376180397)
(0.79918701283825266 -0.88278102666851932 -6.480344329815523)
(1.4095461585488327 -0.95191737388775277 -6.5267548912710938)
(-1.1137627522632216 -0.32202504530400816 -6.4817843543097897)
(-0.60838831664687865 -0.26457130877867396 -6.4441060525472809)
(-0.38609999576509901 -0.38725589993580395 -6.4788684308310671)
(0.49235607005836535 -0.44805992612126622 -6.4528871227068043)
(0.73584066199778575 -0.40189087467900048 -6.4478220572479561)
(1.3143403121183892 -0.43897446124522205 -6.4893530132816597)
(-1.1352043980011977 0.022493388684701823 -6.4970735079230257)
(-0.79856357977192161 0.020092877229235209 -6.5336580154093085)
(0.93886450969621438 0.058499342283588572 -6.4606648786266758)
(1.238989599894867 0.095130602147788193 -6.4633338507647586)
(-1.2445351527981898 0.44006948738847185 -6.5306137585051633)
(-0.78320615400008842 0.44784838896367535 -6.5191114750306021)
(-0.44709070563566211 0.49179644009673973 -6.4529630786076044)
(0.5168707088402188 0.49999888873971499 -6.6097108928763717)
(0.84934744242131532 0.41498479424534507 -6.5477500383893856)
(1.2226762470480059 0.44939817318188774 -6.4943873516345132)
(-1.3644406471108759 0.89155010045177074 -6.525511188824396)
(-0.88234883340194159 0.79891596945278431 -6.4803505923042364)
(-0.40418650618184376 0.74208481544363758 -6.4482311385399607)
(0.071598946771285074 0.91642698384959775 -6.4585079446353895)
(0.42334858550530224 0.81811723139105763 -6.550116492819825)
(0.82373741405065326 0.81157198499283423 -6.5275997833365187)
(1.2403039172087191 0.82509381168169815 -6.5056065246329959)
(-1.4638698811030784 1.4604463064067268 -6.5481540833668745)
(-0.95159478689325439 1.4093159192774594 -6.5267546666435283)
(-0.43674518246495031 1.3147429826698356 -6.4890060070947619)
(0.10080915574262907 1.226256909136072 -6.4639409336957065)
(0.45534741231485365 1.2097035925578268 -6.4960683541423112)
(0.83106736600410003 1.2325320587980786 -6.5071865615376421)
(1.4112587535559391 1.408551132714762 -6.5448376531076891)
(-1.4800723119847941 -1.4800695335074998 -6.104740887295022)
(-0.89426871005395381 -1.3477013171412187 -6.1146751412741089)
(-0.31679006177470004 -1.1523241027339 -6.1841791845253802)
(0.037023284556201096 -1.1822834252149466 -6.2139727470982464)
(0.45502164505545301 -1.2834688918337223 -6.1917653631712337)
(0.86821525158802138 -1.3644528508261216 -6.1483493854283253)
(1.4690334041142479 -1.4793432587721875 -6.1083172180510514)
(-1.3475175469807728 -0.89383546572629269 -6.1146970162887664)
(-0.66894297862830587 -0.66924882571188582 -6.1907912694397753)
(-0.21061737974238517 -0.65056705110661861 -6.230912321125901)
(0.076175716958101825 -0.86057122524640917 -6.2407784456970825)
(0.41470893160048278 -0.85339883388625315 -6.2140357293299671)
(0.77172834830590553 -0.90684324615094547 -6.1765094122876372)
(1.4352676616818281 -0.98165179620348797 -6.1157541741446249)
(-1.1519825082938453 -0.31604965384445988 -6.184420084974259)
(-0.64867687794510231 -0.21307983666116026 -6.2308064065986706)
(-0.39617980039737055 -0.39714555425410625 -6.3240123110417494)
(0.42436412412960678 -0.51493709477569871 -6.2512742340139962)
(0.68794923309937961 -0.41765855551682535 -6.2053356853220372)
(1.362596705912938 -0.46063782119422636 -6.1147763539991526)
(-1.1816462537953505 0.039615616789663029 -6.2134935808274365)
(-0.85823052678954248 0.079533571159683902 -6.2403169702684469)
(0.87242632879253856 0.10396229396414094 -6.2190618696436237)
(1.2450132651493109 0.11779600688901255 -6.1526155185143816)
(-1.2833749631274147 0.45499045944679861 -6.191781755718079)
(-0.85266557738048299 0.41520033640442316 -6.2139583746766247)
(-0.51420765971124016 0.42417215382551404 -6.2512487863121038)
(0.51168258836531799 0.50499442334840505 -6.2946957703677198)
(0.79272200103399004 0.45337208059989564 -6.2581062391454463)
(1.2185231172274955 0.48490109992957814 -6.1710653321601248)
(-1.3643333066138066 0.86817009096153752 -6.1483712131327657)
(-0.90654789790452228 0.77160848259176684 -6.1765471383489388)
(-0.42145863930054445 0.68440818960432914 -6.2074859198499759)
(0.10951138774093343 0.85431521857285131 -6.2103802449285563)
(0.46092350114715175 0.78033655414068037 -6.2588149475832591)
(0.83873031960259303 0.8301537840194988 -6.194419585120988)
(1.2115914825338614 0.81353807390960875 -6.1707141306504125)
(-1.479260466714682 1.4689916522821571 -6.1083336282376415)
(-0.981443146719996 1.4351462864532682 -6.1157827699013998)
(-0.4557120390726907 1.3473204922155548 -6.118847184047393)
(0.12168110612107282 1.2329897068242217 -6.1523811583540473)
(0.48966890378386713 1.2089884697652629 -6.1718408253394301)
(0.81904343278810221 1.2046777777819504 -6.1712616901569843)
(1.4057617880041189 1.4030667811953539 -6.1252452255086105)
(-1.495667506868845 -1.4956659758796547 -5.6263990277928606)
(-0.98437943560229146 -1.463740596506083 -5.647631601919926)
(-0.47416128349851439 -1.4403251782654847 -5.6744862865191452)
(0.055561253039366633 -1.3917889143354305 -5.7471009032916252)
(0.47554741101226844 -1.3452972135739274 -5.7982188082094792)
(0.9158264948346897 -1.410347184120291 -5.7172839104330757)
(1.4798817823340351 -1.4902520088835494 -5.6365553358836014)
(-1.4637397132007837 -0.98437671962886841 -5.6476329382283943)
(-0.94614980726369846 -0.94615085644375407 -5.6854200126413446)
(-0.4179159947326278 -0.85579330988141789 -5.745867688713739)
(0.05803031542410373 -0.96361754013265255 -5.8075300418071283)
(0.45104051515470356 -0.92230007187126795 -5.8500575203615721)
(0.84482258009906441 -0.94880327620818872 -5.7808610893914532)
(1.4478651545133312 -0.99318644360496178 -5.6529681387325956)
(-1.440314500278983 -0.47415602929192829 -5.6744928672959931)
(-0.85577336240190038 -0.41791067070645349 -5.74587784763506)
(-0.5333123950826516 -0.5333188991977077 -5.7742164780541581)
(0.53374238419265918 -0.581034355167931 -5.8291904415290414)
(0.81540002233835696 -0.47457154015341052 -5.7732413076888003)
(1.4317940648215821 -0.48980221165633953 -5.6690805252464989)
(-1.3917528668946784 0.05556889506141429 -5.7471184147297798)
(-0.9635447850591502 0.058045772855346567 -5.8075594931392676)
(0.90938842679784337 0.084211064495569671 -5.8268179929503985)
(1.2792830711459238 0.10555505251592699 -5.7940654262543099)
(-1.3452310485202348 0.47555247018048197 -5.7982467855379127)
(-0.92212404859244479 0.45103762600146396 -5.850104241012283)
(-0.58064381284897615 0.53370953851477554 -5.8292430264826987)
(0.5444740368252502 0.54040675846311592 -5.829067598989166)
(0.84739870718006038 0.43936615592928674 -5.8334527385704948)
(1.2539446343645368 0.479114615259845 -5.8036911593281282)
(-1.4102673957820717 0.91581921104522546 -5.7173131233104399)
(-0.94858810131577942 0.84477557364404998 -5.780908003398852)
(-0.4756592180789514 0.76445422305648636 -5.8239393737343628)
(0.086598058770145231 0.89630550247129881 -5.8296009539362172)
(0.44343810525733768 0.83972794941186379 -5.8335064224712792)
(0.85938957008294625 0.85335605555875138 -5.8402105800382076)
(1.2692708099396381 0.85634493094127284 -5.7924649211522041)
(-1.4901970664698529 1.479866209906969 -5.6365740665866531)
(-0.99303610828774114 1.4478032470491011 -5.6530025729175941)
(-0.47408190770223507 1.3827076942174841 -5.6882652535008029)
(0.10808132539676356 1.2662225511237342 -5.7972672282949409)
(0.48189119698130178 1.2464366328367651 -5.8045256409470003)
(0.86003870254269299 1.2645299261086353 -5.7925213329542151)
(1.4305139311500232 1.4287196058825453 -5.672979296747112)
(-1.5053584812333114 -1.5053564563403772 -5.1144879604157971)
(-1.0013242946980583 -1.4800620940651714 -5.1260838403048972)
(-0.49283149500618462 -1.4615761738865414 -5.1417326597055775)
(0.0080779382011775189 -1.4559844584471116 -5.1536889769580769)
(0.49667203899514017 -1.4564402627551509 -5.1530905711069135)
(0.98961476169940377 -1.4735299119366951 -5.1401044335075063)
(1.4963354026249618 -1.5021327104088302 -5.1215232641230166)
(-1.4800616664352035 -1.0013181164699985 -5.1260863721268048)
(-0.9718189067789027 -0.97181412848783277 -5.1466462336929331)
(-0.44447603323567864 -0.8825594482983542 -5.1776679856166901)
(0.0084625881167626621 -0.95825861904837262 -5.1891947247778472)
(0.44701940137449858 -0.88725928436584256 -5.1874158636410375)
(0.95688490698124029 -0.97554554678189964 -5.1591663152170799)
(1.4692458770991317 -1.0034344934702044 -5.1322940805645976)
(-1.4615677229866026 -0.49281672636547985 -5.1417432634064753)
(-0.88255205992639074 -0.44444651797108242 -5.1776850622357857)
(-0.56173587026903904 -0.5617205488396374 -5.1904101961307072)
(0.55720399041214763 -0.57334552199244815 -5.1948548120947402)
(0.87494847887903759 -0.45418056446381672 -5.1764602454198219)
(1.4549452782327335 -0.49867132101028322 -5.1420684055077661)
(-1.4559595447726064 0.0081030735559195766 -5.1537103496882022)
(-0.95820968670812845 0.0085239421992230266 -5.1892335858437626)
(0.93108730634637371 0.009551575068941524 -5.1949939358356687)
(1.4282705187732518 0.014996799384093056 -5.1663193069665416)
(-1.4563973367959797 0.49669766022226813 -5.1531190609276054)
(-0.88713174480697476 0.4470852854322388 -5.1874633663549732)
(-0.57308386630770114 0.55729171404276878 -5.1948924641776708)
(0.57056562433285296 0.56870478166031713 -5.2111328016009848)
(0.86163503376526362 0.43396561925143107 -5.2046706135138603)
(1.4147687029450831 0.49197680782620035 -5.1709198450601592)
(-1.4734807420288709 0.98962641994605116 -5.1401314623601957)
(-0.97540550862948094 0.9568877752760262 -5.1592101706900753)
(-0.43746695411848002 0.85506061729139293 -5.1966707607357217)
(0.012029270975692122 0.9245154841512766 -5.2004561399552269)
(0.43565730779164963 0.85881876172689775 -5.2057635276302161)
(0.93163878436056002 0.92953092724459552 -5.1933110997721705)
(1.4354081328380279 0.97218979211615097 -5.1609721730933167)
(-1.5020971736470996 1.496333575815179 -5.1215400640779807)
(-1.0033349169809089 1.4692242735255665 -5.132324117365803)
(-0.49075082071228404 1.4357546825624536 -5.151269169944003)
(0.016872341159233806 1.4210732836044928 -5.170211844764026)
(0.49301533674762715 1.4116919286656544 -5.1720199782009031)
(0.97331235564496932 1.4338105003593633 -5.1611839961695916)
(1.4796725388523448 1.4789798729254626 -5.13414389848126)
(-1.5103604375637778 -1.5103580575946511 -4.5881090473345196)
(-1.0091081687862873 -1.4881785139823795 -4.5918896418196802)
(-0.50266026516139284 -1.4729049289854168 -4.5971900873791798)
(0.00076421076525337583 -1.4708298880887727 -4.5997358374217123)
(0.50274370599325136 -1.4728828215072247 -4.5976971330358172)
(1.0070832817846647 -1.4879203290913929 -4.5930144488587139)
(1.5084326327431123 -1.5100746790643842 -4.5891517606064367)
(-1.4881788702496974 -1.0091006999656613 -4.591892398147456)
(-0.98366716068410287 -0.98365987163896718 -4.5980208864487508)
(-0.4564182110490792 -0.89464901958010079 -4.6082078921202818)
(0.00030677735314438292 -0.96931613646227865 -4.6097817996844732)
(0.45534170227832399 -0.89587659624888905 -4.607120836188586)
(0.98075008080324655 -0.98507220563435094 -4.5977397649259624)
(1.4857958856614919 -1.010056794894501 -4.5921338689459015)
(-1.4728997046810193 -0.5026436384190438 -4.5972011177865388)
(-0.89465035656167147 -0.45638678390482418 -4.6082234225905854)
(-0.57335048288405821 -0.57332906024375052 -4.613369767999087)
(0.57143901166850986 -0.57587889763065814 -4.6097395142281021)
(0.89303727926013321 -0.45870046930697922 -4.6041647651628894)
(1.4714930836621214 -0.50425523522055149 -4.5956860088072737)
(-1.4708137613279644 0.00079096447862278541 -4.5997563985896743)
(-0.96928776993287158 0.00036524294826074943 -4.6098151209554468)
(0.96933075266821234 0.0001622961317632246 -4.6045950304549867)
(1.4706258606878513 0.00050386871776982034 -4.5973672406042105)
(-1.472855714330074 0.50277161465447828 -4.5977221235611827)
(-0.89579651317971132 0.4554083383776571 -4.6071611927078715)
(-0.57571226178451351 0.57152665998593777 -4.6097802172069349)
(0.57569354321017197 0.57536343510595567 -4.6093427943281364)
(0.89612604304204735 0.45845030791168206 -4.6045954796391726)
(1.4730529576648872 0.50456938845836152 -4.596098508595734)
(-1.4878908134200062 1.007099698588338 -4.5930364139390853)
(-0.98498740601767809 0.98077175776575254 -4.5977761722696853)
(-0.4584916193980651 0.89305773491814411 -4.6041958766883306)
(0.0004707096016420137 0.96925389736001866 -4.6046059007842111)
(0.45876105831143776 0.89593096947245954 -4.6045960121295622)
(0.98481488100168901 0.98463979017289849 -4.5977250979443056)
(1.4877296107147933 1.0095146040287937 -4.5927275064941231)
(-1.5100538969269466 1.508436386249187 -4.5891648111665955)
(-1.0099983815899545 1.4857941493017441 -4.5921569057446003)
(-0.50414114506095131 1.4714712664391771 -4.5957131007017527)
(0.00066241953633843637 1.4705689776114181 -4.5973901088896429)
(0.50472398145723696 1.4729707618758603 -4.5961125535175746)
(1.0096176539079464 1.4876543022332913 -4.5927335575907176)
(1.5096863012236696 1.5096429268640241 -4.5894988960160994)
(-1.5129949674990935 -1.512992874698623 -4.0601170947314786)
(-1.0127200471915436 -1.4922453943289313 -4.0599407065520197)
(-0.50592043916077833 -1.4780883515622678 -4.0611099291334352)
(-0.00037492990146332367 -1.4765056549074203 -4.0616972137509109)
(0.50521292705360132 -1.4783563230002903 -4.0607237756876895)
(1.0121599222504556 -1.492557363193687 -4.0595465565608908)
(1.5126909727244706 -1.5131794827356988 -4.0599508515742544)
(-1.49224612745782 -1.0127138051462916 -4.0599438217215402)
(-0.98891984586228054 -0.98891359882222418 -4.0586111802359541)
(-0.46039960722830642 -0.90001868427517606 -4.0596342628045097)
(-0.00097497479792035824 -0.97502544286069948 -4.059827525263187)
(0.45872010064198043 -0.90085199763977708 -4.0584034686763806)
(0.98802085721642818 -0.98972551415313215 -4.0574271826931199)
(1.4918311574861836 -1.0132351633291583 -4.0593300707969489)
(-1.4780858759005728 -0.50590758169129102 -4.0611203042916788)
(-0.90002214153039528 -0.46037791040314185 -4.0596477441157814)
(-0.57755859339881133 -0.57754275810344069 -4.0598168682563545)
(0.57601221225036292 -0.57893251850950223 -4.0573749107189263)
(0.89928508131658214 -0.46137137440963605 -4.0572171146076528)
(1.4778206228853863 -0.50645748591434703 -4.0599813486235332)
(-1.4764969890649298 -0.00035537781212835462 -4.0617156939748913)
(-0.97501134667677525 -0.00093667535287054321 -4.0598577194943024)
(0.97474503197160123 -0.00096726501317424135 -4.057277013129398)
(1.476397119596387 -0.00038947396791754602 -4.0604393393967309)
(-1.4783416642819582 0.50523319918231824 -4.0607456038497096)
(-0.90080846533342263 0.45876435197305099 -4.0584420733833371)
(-0.57884138616089109 0.57606926680946335 -4.0574195492122938)
(0.57771225159629869 0.57755026748545557 -4.0560981786212986)
(0.90034626933340611 0.4598128019390807 -4.0566849701632668)
(1.4782614512447689 0.50579343920928332 -4.059804353826344)
(-1.4925417506944727 1.0121728714822704 -4.059564936999041)
(-0.98968023825354967 0.98803977465736825 -4.0574589156879215)
(-0.4612601303802677 0.8993067529539871 -4.057252611217339)
(-0.00080819826544582113 0.97471804943298368 -4.0573003651591453)
(0.45996637896167919 0.90025777449522748 -4.0566945765758327)
(0.98917945919161299 0.98910094101635448 -4.056766954349877)
(1.4924126549016916 1.0128540878756316 -4.0590939039012275)
(-1.5131685033532316 1.5126952997686338 -4.0599613414872691)
(-1.0132044954357216 1.4918345376931086 -4.0593486135408394)
(-0.50639842361338316 1.4778169734247595 -4.0600031047791347)
(-0.00030930102085307415 1.4763784352160108 -4.0604575101379163)
(0.50586858829793613 1.4782302291870775 -4.0598151269539455)
(1.0129013680714132 1.4923823924792772 -4.0590979841599584)
(1.5130868212929005 1.5130682132658708 -4.0597935320359007)
(-1.5141501458612823 -1.514148361188413 -3.5369357224932543)
(-1.0143430932596333 -1.494099072428722 -3.5358479574982269)
(-0.50711502517966411 -1.4804357877800061 -3.5356077127073569)
(-0.00054077023371183058 -1.4790081941980087 -3.5356524149108566)
(0.50623446700745645 -1.4806520542690622 -3.5353946978661854)
(1.0138770140600937 -1.4943664184051444 -3.5355901233243778)
(1.5140066738968896 -1.5143180635404832 -3.5367798984195185)
(-1.4940999516437607 -1.0143386747717766 -3.5358514740889326)
(-0.99118451518482531 -0.99118044373716796 -3.5324601938720934)
(-0.46179071498074603 -0.90239645077917729 -3.5303424773326006)
(-0.0011477461999206129 -0.97764754240833629 -3.5303818976251056)
(0.4599724013091217 -0.90310896317852474 -3.5297602164620834)
(0.99042944975589464 -0.99177569170571556 -3.5318547988905364)
(1.493860007795742 -1.0146835303364463 -3.5354977222982931)
(-1.4804349690324754 -0.50710683618886498 -3.5356178208757032)
(-0.90239848991888272 -0.46177898779334675 -3.5303553487761135)
(-0.57919694103457864 -0.57918881379653142 -3.5286277579480192)
(0.57761589887655529 -0.58037517472956768 -3.5275195244635107)
(0.90163774562829158 -0.46252271903346198 -3.5292515235346267)
(1.4801855365748096 -0.50742835814560494 -3.5350719967134574)
(-1.4790042973839828 -0.00052900865280678527 -3.5356696823981331)
(-0.97764135066517899 -0.0011278197971240078 -3.5304114947591732)
(0.97716753076911156 -0.0011517227388039772 -3.5292287151971768)
(1.4787643535596655 -0.00054052779205210344 -3.5350765134197859)
(-1.4806453326604629 0.50624653213213222 -3.5354149888196353)
(-0.90308899018227873 0.45999544063068987 -3.5297990721161474)
(-0.58033308397971561 0.57764456113565499 -3.5275674576283147)
(0.57885719588413387 0.57878487539813706 -3.5267353776380066)
(0.90235288184317908 0.46069433560546402 -3.5288765786943999)
(1.4803958720801835 0.50654353533863761 -3.5349480264680428)
(-1.4943592342083645 1.0138851586503301 -3.535606985714927)
(-0.99175438220335788 0.99044061887030121 -3.5318846714136845)
(-0.46247106041394997 0.90165013020657869 -3.5292893475201574)
(-0.0010786767610712206 0.97715762867183042 -3.5292565252472352)
(0.46076373305655538 0.90231480150765786 -3.5288886552064498)
(0.99103846050499622 0.99100442935036859 -3.5314523054881515)
(1.4941257437475843 1.0142094722618631 -3.5353403618211057)
(-1.5143126736276682 1.5140099095359136 -3.5367893763030174)
(-1.0146687307026718 1.4938629309639539 -3.5355146336876184)
(-0.50740025493253382 1.4801857036118309 -3.5350922066548041)
(-0.00050295522535537263 1.478758014298267 -3.5350935015174958)
(0.50657806969793562 1.4803838177547373 -3.5349578998118782)
(1.0142307327665239 1.4941135272151027 -3.535343834208406)
(1.5141783458541855 1.5141701081724275 -3.5366796825475171)
(-1.5146895780615286 -1.5146879548931897 -3.0206903816569901)
(-1.0150928133212478 -1.4948190757052693 -3.019811753510488)
(-0.50764890098334381 -1.4813580854776915 -3.0193022368347453)
(-0.0005675616093148636 -1.4799995386434683 -3.0192005823325729)
(0.50671666829483719 -1.4815362426850394 -3.0192166341228188)
(1.0145816569753741 -1.4950351141953362 -3.0197067751361306)
(1.5145153805007323 -1.5148192750385021 -3.0206244380625291)
(-1.4948199232781423 -1.0150894662436993 -3.0198154444815968)
(-0.9921090097792874 -0.99210646646306566 -3.0168613547180239)
(-0.46232379358148501 -0.9033758759864009 -3.0144373702505471)
(-0.0011537886469425405 -0.97873344469143408 -3.0144442023896425)
(0.4604824778038113 -0.90402648170615019 -3.0142004761436842)
(0.99129700456382963 -0.99261313669809492 -3.0166155796791205)
(1.494527304500187 -1.0153659529777892 -3.0196694741254593)
(-1.4813579689468672 -0.50764362013601483 -3.0193124623136276)
(-0.90337700698243117 -0.46231819417724251 -3.0144509106495949)
(-0.57985061996050991 -0.57984702978966063 -3.0126204229721734)
(0.57824720819966435 -0.58094996891006945 -3.0121657651452467)
(0.90254572063628835 -0.46298395989222507 -3.0139958960232298)
(1.4810253311113377 -0.50790569561430143 -3.0190876762507064)
(-1.4799980184190031 -0.00056062139535516947 -3.0192178223832604)
(-0.97873105336584199 -0.0011447070763201568 -3.0144750234584774)
(0.97815819062999643 -0.0011562448067266896 -3.0139728461628033)
(1.4796615878332071 -0.00056573268927678083 -3.0189676337981353)
(-1.4815334509828675 0.50672373338880705 -3.0192367875143877)
(-0.9040182827736617 0.46049287043528697 -3.0142408700529533)
(-0.58093291187445206 0.5782593234369795 -3.0122173163212156)
(0.5793839285550062 0.57935482135338356 -3.0118212079376661)
(0.9031946341341055 0.46114221413892864 -3.0138255604552628)
(1.4812013431951878 0.50697493417040329 -3.0190314092695467)
(-1.495031917997053 1.0145867961313251 -3.0197234092407035)
(-0.99260385384334604 0.99130279232269203 -3.0166455097300759)
(-0.46296257230091742 0.90255143076709499 -3.0140362529515943)
(-0.0011261393594646542 0.97815468309725606 -3.014003416425751)
(0.46117077014669494 0.90317943028923475 -3.0138388355333863)
(0.99181197181792957 0.99179774219068895 -3.0164407154188373)
(1.4947423660778889 1.0148528623984738 -3.0196009635115484)
(-1.5148164041715313 1.5145177999401001 -3.0206338166472171)
(-1.0153587726889874 1.4945292243868284 -3.0196863133840739)
(-0.50789278390809622 1.4810259547846067 -3.0191080368607244)
(-0.00054883589325133847 1.4796594471181606 -3.0189849013287908)
(0.50699048998178342 1.4811967082577442 -3.0190414748788608)
(1.0148626998401993 1.4947373180588444 -3.019604479463835)
(1.5146463457300288 1.5146422815930083 -3.0205825920045339)
(-1.5148516837312027 -1.5148500131581892 -2.5105380246120026)
(-1.0154088181303278 -1.4949974148963279 -2.5101323310397663)
(-0.50789519260448834 -1.4815952446001133 -2.5097561341972892)
(-0.00056901578877679299 -1.4802612618876583 -2.5096558399824014)
(0.50695358329381301 -1.4817573523636405 -2.5097224767217723)
(1.0148781998236285 -1.495191744909081 -2.5100912581601484)
(1.5146590912733056 -1.5149649879765152 -2.5105120308309798)
(-1.4949982743021795 -1.0154057930103138 -2.5101361695570783)
(-0.9924089056653117 -0.99240702532745451 -2.5082482502637702)
(-0.46250869657147192 -0.90367519971087362 -2.506493671792255)
(-0.0011383267490674108 -0.97905517954088794 -2.5064906039560011)
(0.46068140292738297 -0.90429639767196845 -2.5063988404874067)
(0.99157275888329655 -0.99287723078987233 -2.5081502604912114)
(1.4946767542143748 -1.0156564302000353 -2.5100774764789242)
(-1.4815953311482755 -0.50789113920183393 -2.509766742384544)
(-0.90367574059144007 -0.462505660452186 -2.5065074134172187)
(-0.58006397829815504 -0.58006238965890833 -2.5052000671208146)
(0.57847009912417369 -0.58112309182389044 -2.505017041529265)
(0.90282049063606729 -0.46313736106565717 -2.5063230931396836)
(1.4812245545922906 -0.50813178134982329 -2.5096746410326896)
(-1.4802606229847659 -0.00056426597320122229 -2.5096737204547357)
(-0.97905394150256819 -0.0011338218085996596 -2.5065227411516338)
(0.97844413206169323 -0.0011389872298142312 -2.5063147650302096)
(1.4798834431144157 -0.00056632179480170519 -2.5095688162880196)
(-1.4817560898278883 0.50695841611237713 -2.5097434101656826)
(-0.90429267960123083 0.46068619483965173 -2.5064413304318709)
(-0.58111609545616216 0.5784748337743475 -2.5050719074038352)
(0.57955834724776312 0.57954729928045223 -2.5048994169293626)
(0.90344044902765419 0.46131711051742508 -2.5062639932105593)
(1.4813892119440464 0.50719570972878114 -2.5096548870160369)
(-1.4951900356890477 1.0148820898149327 -2.5101085633632354)
(-0.99287287080035702 0.99157603659713345 -2.5081811498190811)
(-0.46312860851187665 0.90282300933220527 -2.5063658481229729)
(-0.001126989837578047 0.9784429929494064 -2.5063475373288457)
(0.46132848123262005 0.9034346228432184 -2.5062782154557071)
(0.99205537716298442 0.99204918795015262 -2.5080907822996465)
(1.4948763350534409 1.0151310091834709 -2.5100542178264993)
(-1.5149629466257439 1.5146612344281452 -2.5105218026756115)
(-1.0156521874642608 1.4946781852201922 -2.5100948224049207)
(-0.50812518378607219 1.4812251389090831 -2.5096957836568761)
(-0.00055817432427417851 1.4798827892588866 -2.5095869640570245)
(0.50720342656601136 1.4813873976366969 -2.5096656786520635)
(1.0151364175334687 1.4948739473126902 -2.5100581523562271)
(1.5147781918243681 1.5147755757679964 -2.5104986352475045)
(-1.514897294833276 -1.5148952992235107 -2.0049224482509369)
(-1.01552274062088 -1.4949755871969621 -2.0047994452363458)
(-0.50799818588885504 -1.4815666689114431 -2.004601186760715)
(-0.00056587546552293311 -1.4802356010430702 -2.0045398797517922)
(0.50705885789238714 -1.4817226890710651 -2.0045863892584403)
(1.0149877266752623 -1.4951620520591002 -2.0047811402652429)
(1.5146987927501088 -1.5150048495973749 -2.0049104737619112)
(-1.4949765023781771 -1.0155194815167436 -2.0048034517217768)
(-0.99244840249935329 -0.99244671620074221 -2.0038023795856867)
(-0.46254854502962156 -0.90369109983773444 -2.0027841288640857)
(-0.0011262282066626973 -0.97905921590504652 -2.0027798899892608)
(0.46073677139474756 -0.90430056358746269 -2.0027430050805908)
(0.99160754609624702 -0.99290274147005841 -2.0037589815451184)
(1.4946456231341108 -1.0157609804430185 -2.0047764850868854)
(-1.4815667843684599 -0.50799430018851377 -2.0046122915085265)
(-0.9036907222214573 -0.46254626896491102 -2.0027983486039265)
(-0.58009225574749246 -0.58009181737171589 -2.0020358903168218)
(0.57851202921319722 -0.58113463743997251 -2.0019564985846365)
(0.90283208028325124 -0.46316411487127312 -2.0027170645532597)
(1.4811831324234759 -0.50822700635844797 -2.0045697834035892)
(-1.4802352232608893 -0.0005617067316281768 -2.0045586651282572)
(-0.97905809309545067 -0.0011232590285316854 -2.0028130648660736)
(0.97843677037013932 -0.0011269906705487671 -2.0027197572331681)
(1.4798434498465523 -0.00056304122620549901 -2.0045094855288261)
(-1.4817219221201123 0.50706312251035102 -2.0046084635720267)
(-0.90429866483418542 0.46073956801840793 -2.0027868330223244)
(-0.58113153547101248 0.57851401385394052 -2.0020131547018769)
(0.57957610433101558 0.57957167763942563 -2.0019342647178986)
(0.9034373008011658 0.46135965993577843 -2.0027057517148319)
(1.4813419455825458 0.50729391959581827 -2.0045659200873498)
(-1.4951607509779969 1.0149914758021494 -2.0047994461985308)
(-0.99290008588917189 0.99160986571188259 -2.0037909041461095)
(-0.4631599867565358 0.90283329633272991 -2.0027613908904884)
(-0.0011215925996276958 0.97843639357660073 -2.0027540478739669)
(0.46136474928825733 0.90343485488108333 -2.0027207706109484)
(0.99207493408518421 0.99207159165383629 -2.0037482635601345)
(1.4948378850289876 1.015232472175122 -2.0047725291876373)
(-1.5150027378600972 1.5147011213942174 -2.0049208243875767)
(-1.0157573814434555 1.4946468739382115 -2.0047944665171999)
(-0.5082223895393686 1.4811835908903861 -2.004591798272624)
(-0.00055784101516029999 1.4798432352233957 -2.0045287202263644)
(0.5072990998181951 1.4813410813569339 -2.0045777413082635)
(1.0152366999097355 1.4948363231493489 -2.0047770827053863)
(1.5148131171023116 1.5148106490781277 -2.0049092173780787)
(-1.5149016413059517 -1.5148991153382625 -1.5021058347001119)
(-1.0155576222243798 -1.4949141031545172 -1.5021026066805492)
(-0.50803736188795245 -1.4814806806819578 -1.5020197417973917)
(-0.0005637456024253501 -1.4801448618727597 -1.5019901623699152)
(0.50710040431573178 -1.4816344666288388 -1.5020112587380769)
(1.0150217171749141 -1.495097839988963 -1.502091861414192)
(1.5147011242207817 -1.5150072439051798 -1.5020984580313483)
(-1.4949151277220112 -1.0155538580311219 -1.5021067954990357)
(-0.99241381597560552 -0.99241208461972719 -1.5016480770044127)
(-0.46254209657123313 -0.90363040834984143 -1.5011396910443042)
(-0.0011201012568260518 -0.97898024839510078 -1.5011351406440414)
(0.46073882780386211 -0.90423575289217129 -1.501117263752981)
(0.99157250951121467 -0.99286277424721914 -1.5016236613237155)
(1.4945813604579863 -1.0157925126466463 -1.5020907213268138)
(-1.48148088717365 -0.5080331102439456 -1.502031380849806)
(-0.90363067522082496 -0.46254039428892735 -1.501154374751021)
(-0.58006739518449357 -0.58006700036218017 -1.5007678523962866)
(0.57849435004251304 -0.58110266067272442 -1.5007244902578634)
(0.90277169548895186 -0.46315253245986615 -1.501109024567854)
(1.481093042084255 -0.5082632885724585 -1.5020062706861019)
(-1.4801446325369745 -0.00055927473538135153 -1.5020098574258245)
(-0.97897992027394309 -0.001117963880714324 -1.5011686896550269)
(0.97835474699953096 -0.0011211205428880572 -1.5011163331954045)
(1.4797479144967043 -0.00056089787468269203 -1.5019805499400718)
(-1.481633885301006 0.50710496019911289 -1.5020344117810611)
(-0.90423483709231256 0.46074074687838606 -1.501161332527539)
(-0.58110144674122544 0.57849519082098055 -1.5007814016884451)
(0.57954825459768922 0.57954614794886694 -1.5007378598386649)
(0.90337068436083678 0.46135609634888713 -1.5011159143214521)
(1.481249411697978 0.5073326736440833 -1.5020084943524872)
(-1.495096623332187 1.0150258724009034 -1.5021110822883912)
(-0.99286071804158205 0.99157448267355519 -1.5016562198995185)
(-0.46315016880397553 0.90277228488581174 -1.5011541031978017)
(-0.0011180441749912215 0.97835450972259763 -1.5011516904376909)
(0.46135904809000366 0.90336938664445054 -1.5011316236358783)
(0.99203378633472761 0.99203131500119812 -1.5016318355656126)
(1.4947707610496208 1.0152633414977963 -1.5020941695336956)
(-1.5150046722464532 1.5147039059372738 -1.5021093192910386)
(-1.0157886574359156 1.4945825340747629 -1.5021092325224681)
(-0.50825882187382088 1.4810933603902658 -1.5020291169255349)
(-0.00055607083399544094 1.47974773691152 -1.5020009589175918)
(0.50733759601463568 1.4812487824323473 -1.5020214808157424)
(1.0152677122906131 1.4947693875843386 -1.5020994164910952)
(1.514814095937673 1.5148112360216424 -1.5021019999160843)
(-1.5149029613671181 -1.51490002889762 -1.0008208199465711)
(-1.0155677513785033 -1.4948681783710533 -1.0008418942241231)
(-0.50805185964946276 -1.4814130239180652 -1.0008130560971387)
(-0.00056314988943052813 -1.4800716540061845 -1.0008003043320239)
(0.50711545679129144 -1.4815655921266631 -1.0008065563572539)
(1.0150312593005653 -1.4950505135930394 -1.0008336160227831)
(1.5147015047917423 -1.5150075768405062 -1.0008150558416817)
(-1.4948693816332086 -1.0155635848624733 -1.0008461136640936)
(-0.99237797001129513 -0.99237609229559887 -1.0006622303493105)
(-0.46253043697223395 -0.90357670809176582 -1.0004382730082457)
(-0.0011181816578333288 -0.9789116642771607 -1.0004324327861556)
(0.46072926667876202 -0.90417842747265786 -1.0004214426432991)
(0.99153588903348955 -0.99282385402084472 -1.0006441033044546)
(1.494534214285401 -1.0158009362871501 -1.0008336933175856)
(-1.4814133871138722 -0.50804723592914258 -1.0008250877545419)
(-0.90357774998902074 -0.46252907428098589 -1.0004522078874349)
(-0.58004304752120894 -0.58004246330584175 -1.0002777974503385)
(0.5784703009382266 -0.58107257152036551 -1.0002458765933022)
(0.90271662872259228 -0.46313746634536396 -1.0004187552381372)
(1.4810235601436883 -0.50827622363797742 -1.0008055561402236)
(-1.4800715868776653 -0.00055822499485173177 -1.0008207357187742)
(-0.97891214654104919 -0.0011164571561887299 -1.0004650704983833)
(0.97828435407589742 -0.001118475482305193 -1.000426436850298)
(1.4796727603173583 -0.00056000028270077745 -1.0007977451958452)
(-1.4815651658118403 0.50712047220553147 -1.0008304471892506)
(-0.90417821180263402 0.46073088130750739 -1.0004649642093404)
(-0.58107242681001769 0.57847074109019514 -1.0003020856848022)
(0.57952057949923941 0.57951934416022277 -1.0002710417158607)
(0.90331321280375132 0.46134479717888788 -1.0004318744635441)
(1.4811789758128429 0.50734677250835403 -1.0008099671397657)
(-1.4950493534600726 1.0150358235372599 -1.0008532603299587)
(-0.99282206309405696 0.99153782650610922 -1.0006767347659664)
(-0.46313580974773688 0.9027169794617077 -1.0004639376713986)
(-0.0011161806909534312 0.97828413374400069 -1.000462473202671)
(0.46134703844211 0.90331233441192338 -1.0004481426095968)
(0.99199487847909873 0.99199267157775906 -1.0006590687446015)
(1.494722474548303 1.0152717126476709 -1.000839827510386)
(-1.5150047048759463 1.5147045911379571 -1.0008259447521428)
(-1.0157967941822512 1.4945354115577021 -1.0008523436240342)
(-0.50827150406687727 1.4810238309943968 -1.0008290910267128)
(-0.00055487093497738615 1.4796725667717052 -1.0008192986761113)
(0.5073520072051555 1.4811784186919648 -1.0008239942993238)
(1.0152763743147022 1.4947211808841252 -1.0008455916641854)
(1.5148140338481049 1.5148109542906405 -1.0008203425351461)
(-1.5149040099895157 -1.5149007116213289 -0.50026779829215362)
(-1.0155713183951123 -1.4948444055909307 -0.50028158958712643)
(-0.50805746985680933 -1.481376406022977 -0.50027182988216823)
(-0.00056346312995992492 -1.4800313458118417 -0.50026549503650941)
(0.50712041611969794 -1.4815280494216641 -0.50026606204838053)
(1.0150341024167349 -1.4950256863973377 -0.50027427487614584)
(1.5147018883524384 -1.5150078257181998 -0.50026312640772541)
(-1.4948459491764485 -1.0155668003460336 -0.50028510594455833)
(-0.99235799221378806 -0.99235591987948513 -0.50022464664424171)
(-0.4625243496923902 -0.90354843003565133 -0.50014157302599538)
(-0.0011184420399826638 -0.97887415004933176 -0.50013407467243964)
(0.46072177384651941 -0.90414593867921256 -0.5001263689610852)
(0.99151451149382464 -0.99280155861720365 -0.50020842914352803)
(1.4945094992151569 -1.0158032696894348 -0.50027450324134815)
(-1.4813770117515372 -0.5080524605386898 -0.50028373959619477)
(-0.90354902665918568 -0.46252262988500553 -0.50015505107360725)
(-0.58003094715629233 -0.58003048908961086 -0.50008819059770115)
(0.57845517996507323 -0.58105532473748578 -0.50005934964329157)
(0.9026849257448688 -0.46312825573286143 -0.5001248242101719)
(1.4809856058442767 -0.50828063170504689 -0.50026590337233523)
(-1.4800314403620149 -0.00055798189245925139 -0.50028639222161686)
(-0.97887450875841342 -0.0011163708518869067 -0.50016607218649534)
(0.97824441389848227 -0.0011173392720815883 -0.50013101484651545)
(1.4796312462800805 -0.00055980776902511686 -0.50026472174823744)
(-1.4815278565480374 0.50712599035196526 -0.5002899375670169)
(-0.90414596955861148 0.46072368801996111 -0.50016935305497234)
(-0.58105535510762218 0.57845577995622033 -0.50011501177894646)
(0.57950451010034421 0.57950351845512049 -0.50008723520996334)
(0.90328068325461319 0.46133721547713913 -0.50013946086959771)
(1.4811406638201523 0.50735150352692027 -0.50027099360814009)
(-1.4950247456587642 1.0150389522660281 -0.50029308386813087)
(-0.99279974254857928 0.99151664943155882 -0.50024078356675672)
(-0.46312657965301474 0.90268540566134747 -0.50017000999811501)
(-0.0011150135214112698 0.97824432078053136 -0.50016753207789844)
(0.46133938465902702 0.90327995469440003 -0.50015605672109287)
(0.99197269626904705 0.99197053394002799 -0.50022503537114615)
(1.4946972383162116 1.0152740823254558 -0.50028136571794812)
(-1.5150048642228819 1.5147050766975481 -0.50027283268999168)
(-1.0157988479557982 1.4945109929135014 -0.50029229997799585)
(-0.5082755820706043 1.4809860990716794 -0.50028949073214013)
(-0.00055421214601968083 1.4796311789827188 -0.50028705228725401)
(0.50735717660906077 1.4811403122816893 -0.50028528881538559)
(1.0152789025788591 1.4946962022740256 -0.50028660134707303)
(1.5148140247282036 1.5148111326518665 -0.50026830963882274)
(-1.5149045948748301 -1.5149014073505789 6.9379560236476623e-07)
(-1.0155725181141866 -1.494837596661615 2.3840454390425259e-06)
(-0.50805935211537545 -1.4813654284560029 6.8422731520287328e-06)
(-0.0005638876463102474 -1.480019073219383 1.1278996174139688e-05)
(0.50712157017012871 -1.481516751884407 1.2180552888360618e-05)
(1.0150348284942226 -1.4950185017583637 9.2353113562981815e-06)
(1.5147023345543726 -1.5150082736905546 4.7560682798347687e-06)
(-1.4948389763248096 -1.0155675920240212 -5.9825084390563443e-07)
(-0.99235215999428983 -0.99234983433555035 5.2471197275333337e-07)
(-0.46252299282913639 -0.90354010357085135 7.0167843811475009e-06)
(-0.0011190226814146199 -0.97886304966285964 1.6208367149814218e-05)
(0.46071912333948051 -0.90413631919619575 2.1575427765252452e-05)
(0.99150784758102151 -0.9927948725685436 1.6452531297631023e-05)
(1.4945022587843426 -1.0158040076014743 9.3206706335627332e-06)
(-1.481365987122339 -0.50805344813564379 -4.9570982579294487e-06)
(-0.90354091676325032 -0.46252067118318207 -6.8407740568210414e-06)
(-0.58002815942979391 -0.58002717814183025 -2.1801739518341931e-07)
(0.57845030488419924 -0.58105046436403607 2.8053615246353969e-05)
(0.90267501515811155 -0.46312559997754388 2.3167706746546334e-05)
(1.4809740339355135 -0.50828199590219569 1.2709166100327574e-05)
(-1.4800191934983336 -0.00055757288097390417 -9.8568977674046154e-06)
(-0.97886324036583372 -0.0011162318000255758 -1.6289200005958904e-05)
(0.97823202650144847 -0.0011171630480146313 1.8987104485439221e-05)
(1.4796184515847981 -0.00055994019251474902 1.212212039188032e-05)
(-1.4815163986122644 0.50712752696441343 -1.1393278130204798e-05)
(-0.90413582147732097 0.46072152966748642 -2.1743381272301686e-05)
(-0.58104972089045004 0.57845130708695436 -2.8193803549259971e-05)
(0.57949961153107121 0.57949862740862834 3.571708056075244e-07)
(0.90327067458414978 0.46133473621007071 8.7405034314924631e-06)
(1.4811290503224486 0.5073526743480169 7.4741859616075934e-06)
(-1.4950172462076909 1.0150398001049308 -8.6120253556115633e-06)
(-0.99279267946413785 0.99151024007506439 -1.5901981883482963e-05)
(-0.46312333968433961 0.90267581971181199 -2.2476753276329252e-05)
(-0.0011143510233184509 0.97823212390452685 -1.8046837721732989e-05)
(0.46133710963607405 0.90326998633036537 -8.0623933504053721e-06)
(0.99196595348665362 0.99196367522195394 2.0620583969510609e-07)
(1.4946899033034649 1.0152746563164947 2.4448269968294079e-06)
(-1.5150051370637312 1.514705530955649 -3.9219606192270051e-06)
(-1.0157991296125963 1.4945036565078773 -7.8466696082080123e-06)
(-0.50827610825157588 1.4809745877808924 -1.0816635194046964e-05)
(-0.00055362989613071817 1.4796185207864994 -1.0479070281912972e-05)
(0.50735859159620544 1.4811286238386814 -6.5165017388083002e-06)
(1.0152795595189188 1.4946886020387962 -1.9402013802446993e-06)
(1.5148144646596973 1.5148113217913619 1.9760214538949716e-07)
(-1.5149039134107181 -1.5149008842821399 0.50026913539402373)
(-1.0155716709901113 -1.4948445632536598 0.50028686623679697)
(-0.50805818150101456 -1.4813764018204134 0.50028548012581342)
(-0.00056399921432743333 -1.4800312810051994 0.50028759624113539)
(0.50712031573189176 -1.4815282150844027 0.50029048315119207)
(1.0150341377879717 -1.4950260197282264 0.50029342235605423)
(1.5147019498559997 -1.5150080143959228 0.50027356636827014)
(-1.4948457529205954 -1.0155664754438762 0.50028295264620959)
(-0.99235820228157434 -0.99235567823439896 0.50022554240311878)
(-0.46252490909526467 -0.90354823088708769 0.50015540532917091)
(-0.0011190783671136129 -0.97887438678280803 0.50016645962297224)
(0.46072140752253199 -0.90414654928901717 0.50016972289030204)
(0.99151435840803337 -0.99280194192682825 0.50024144989786923)
(1.4945096182586732 -1.0158036823433512 0.50029380372385568)
(-1.4813768987463043 -0.50805157637003551 0.50027309894205707)
(-0.90354917788901123 -0.46252203270870479 0.50014132194566807)
(-0.58003139933980064 -0.58002997598092898 0.50008777644196079)
(0.57845489662088634 -0.58105617950584143 0.50011558317961791)
(0.90268469267949547 -0.46312880783080318 0.50017103802656138)
(1.4809855197577155 -0.50828128388091887 0.5002912504811553)
(-1.4800313737764164 -0.00055706420442540316 0.50026644948047705)
(-0.97887430445844037 -0.0011156418286991862 0.50013303618624527)
(0.97824429538606739 -0.0011177017617389033 0.50016864106015535)
(1.4796310750624073 -0.00056021176878971735 0.50028836949560151)
(-1.4815276300813756 0.50712642562343901 0.50026675171639279)
(-0.9041454260588051 0.46072419367700623 0.50012513278933168)
(-0.5810545977774827 0.57845620832968314 0.5000576807626691)
(0.57950452442578759 0.57950366577959245 0.5000875538570384)
(0.90328068368980108 0.461337143074664 0.500156594527712)
(1.4811407334473063 0.50735154309939967 0.50028584373901985)
(-1.4950244343448995 1.015039055774156 0.50027499877435244)
(-0.99279938084402419 0.99151689930956988 0.5002085588661408)
(-0.46312599837795299 0.90268574178043504 0.50012455546972445)
(-0.001114510058686527 0.97824451525009248 0.50013126184069079)
(0.46133960544863306 0.90328005698927893 0.50013979240402706)
(0.99197283662614799 0.99197050311568546 0.50022534812525465)
(1.494697512988854 1.0152741476792952 0.50028675632687603)
(-1.5150047422169266 1.5147050893515526 0.50026396760095249)
(-1.015798484216585 1.4945108754763472 0.50027551692211158)
(-0.50827476550069683 1.4809861180618733 0.50026713038884518)
(-0.000553416105272167 1.4796312562757181 0.50026596922569644)
(0.5073574822319854 1.481140205538507 0.50027201879533434)
(1.0152789794975501 1.4946959636908703 0.50028208914897332)
(1.5148142740690662 1.5148109337815672 0.50026866894317357)
(-1.5149030979055367 -1.5148998972066765 1.0008218464493468)
(-1.0155681832810057 -1.494868037629854 1.0008474125893356)
(-0.50805259117356827 -1.4814128190438252 1.0008262376102797)
(-0.00056387377732344812 -1.4800715037721017 1.0008213419748389)
(0.50711513818761622 -1.4815655858515853 1.0008305072517196)
(1.0150312725501709 -1.4950506024515746 1.0008532140648476)
(1.5147015523939866 -1.5150077543174483 1.0008263771724835)
(-1.4948694528396604 -1.0155630919393395 1.000842681065039)
(-0.99237825664323887 -0.9923757374321196 1.0006627870900513)
(-0.46253124747370639 -0.90357701387201295 1.0004524527090095)
(-0.0011190247322800904 -0.97891207982042705 1.0004653803693997)
(0.46072871807246207 -0.9041788400951043 1.0004652676564554)
(0.99153566687408257 -0.99282420023216911 1.0006771869595448)
(1.4945340973128385 -1.0158013664491143 1.0008534244988523)
(-1.4814134717477581 -0.50804631737917039 1.0008135919225134)
(-0.90357737391548087 -0.46252816621071496 1.0004376428891182)
(-0.58004334475438768 -0.5800421253158855 1.0002773199153303)
(0.57846986972367553 -0.58107329004761266 1.0003025853462684)
(0.90271631095145788 -0.46313798882248669 1.0004647012644299)
(1.4810232974624085 -0.50827684511573035 1.0008302412755365)
(-1.4800716458052761 -0.0005572493830068373 1.0008006983584647)
(-0.97891164892139193 -0.0011154737030416757 1.0004308167081304)
(0.97828415841796346 -0.0011187564195967829 1.0004631652254539)
(1.4796725236184203 -0.00056050840510753902 1.0008199310435115)
(-1.4815651372874457 0.50712103701938538 1.0008070434016145)
(-0.90417774817613061 0.4607315312212063 1.0004195832054754)
(-0.58107168546614574 0.57847119490828225 1.0002432514642072)
(0.57952031667531612 0.5795197049365437 1.0002707386971446)
(0.90331305587642174 0.46134488418435521 1.0004482015820328)
(1.4811788772520007 0.50734669499264229 1.0008239816983802)
(-1.4950492598401768 1.0150359685298662 1.0008343078110535)
(-0.99282169363331529 0.99153812925314666 1.0006438352531206)
(-0.46313523149259161 0.90271733793823183 1.0004176867675025)
(-0.0011157455766603146 0.97828439718643545 1.0004260073288584)
(0.46134712150129492 0.90331257369301488 1.0004317657991406)
(0.99199490903962695 0.99199276192981989 1.0006591701794005)
(1.4947224546774849 1.0152718599737898 1.0008453962238972)
(-1.5150045690235314 1.5147045769658409 1.0008157870381496)
(-1.0157963311648157 1.4945355085469572 1.000834157329203)
(-0.50827072037528531 1.4810240352969923 1.000805988423225)
(-0.00055411304001255074 1.4796727768777955 1.0007984081733947)
(0.50735234841245547 1.4811785404974491 1.0008108423603219)
(1.0152764020119929 1.4947212388126878 1.0008405956768449)
(1.5148140066522946 1.514811043194229 1.0008206109361197)
(-1.5149018087705717 -1.5148989250298903 1.5021064365521359)
(-1.0155579032245927 -1.4949139020329469 1.5021074953623799)
(-0.50803773765156879 -1.4814804097808694 1.5020319408815475)
(-0.00056409115437012353 -1.4801446036985404 1.5020099840754975)
(0.50710028277413344 -1.4816343070403917 1.5020341199717357)
(1.0150217875176391 -1.4950978003345647 1.5021107580294542)
(1.5147012069972832 -1.5150073501146015 1.5021093633627187)
(-1.4949152733443953 -1.0155534689553398 1.5021030665564059)
(-0.99241406220697126 -0.99241174245904895 1.5016483487873065)
(-0.46254246224852047 -0.90362995110875877 1.5011544374704453)
(-0.00112043784605401 -0.97897990665346557 1.5011688327898638)
(0.46073858707966969 -0.90423557520380782 1.5011614850177422)
(0.99157242362073361 -0.99286278629917535 1.5016563908197262)
(1.4945813204235587 -1.015792715869215 1.5021097360593643)
(-1.4814810590357064 -0.50803256204801561 1.502020017711454)
(-0.90363102984384569 -0.46253990374625004 1.501139028633983)
(-0.58006791889340625 -0.58006640051762626 1.5007673295646382)
(0.57849412451051052 -0.58110256988753617 1.5007817761574935)
(0.9027715459281398 -0.46315248876881399 1.5011545261367325)
(1.4810928968406591 -0.50826351895902966 1.50202966304734)
(-1.4801447983394316 -0.00055876708616846293 1.5019904047039008)
(-0.97898011972992971 -0.0011175103249555021 1.5011337273491852)
(0.97835455700487628 -0.00112083684761859 1.5011519340073538)
(1.4797477382506017 -0.00056099287994287872 1.5020010690449965)
(-1.4816339817495183 0.50710522156485294 1.502011675721262)
(-0.90423489785228672 0.46074100309818727 1.5011156188981833)
(-0.58110147626091446 0.57849533235572281 1.5007220504522019)
(0.57954751011212025 0.57954690456355307 1.5007373235228216)
(0.90337027189992924 0.46135660504173109 1.501131411475729)
(1.4812492499321595 0.5073328301571316 1.5020211022927756)
(-1.4950966175113722 1.0150258927729701 1.5020924877652921)
(-0.99286062826242572 0.99157457137694616 1.5016232693548273)
(-0.4631501550673911 0.90277239055367386 1.5011077623523403)
(-0.0011182285329461167 0.97835468563814731 1.5011155670334833)
(0.46135862961227359 0.90336980345990714 1.5011155362643795)
(0.99203354815613121 0.99203161002630524 1.5016317780370299)
(1.4947706117412856 1.0152635959697944 1.502099033261765)
(-1.5150045535574881 1.514703847026976 1.502099070110535)
(-1.0157883684995348 1.4945825537984736 1.5020909409087042)
(-0.5082584533586012 1.4810934514357541 1.5020063846091838)
(-0.00055582739920169433 1.4797478834732554 1.5019809377225779)
(0.50733759793519695 1.4812489494586372 1.5020092084607417)
(1.0152675704178888 1.4947695499310683 1.5020948587765226)
(1.514813958165891 1.5148114126129211 1.5021021803353074)
(-1.5148974097888566 -1.5148951498749492 2.0049228198037676)
(-1.0155228578514539 -1.4949754005599123 2.0048036850989712)
(-0.50799826080388999 -1.4815663800103327 2.0046123783121788)
(-0.00056587912808082896 -1.4802352831259229 2.0045585543156865)
(0.50705894734266876 -1.481722443155669 2.004608154469818)
(1.0149878773955585 -1.4951619411860757 2.0047990731496461)
(1.5146989129113333 -1.5150048968878387 2.0049206144840173)
(-1.4949766304264178 -1.0155192686471763 2.0047999396651663)
(-0.99244858444153727 -0.99244643446629721 2.0038025670671518)
(-0.46254854573259108 -0.90368990517195658 2.0027984430866459)
(-0.0011261452932975063 -0.97905821230386803 2.002813291834995)
(0.46073685445835266 -0.90429991485854322 2.0027871079511832)
(0.99160765760052283 -0.99290247885686533 2.0037909563998411)
(1.4946457066716459 -1.0157609838224493 2.0047945074412254)
(-1.4815669833647962 -0.5079940897017281 2.0046016376328142)
(-0.90369179651561848 -0.46254619055793561 2.0027837327639491)
(-0.58009304360059122 -0.5800909420967415 2.002035606285141)
(0.57851207703131513 -0.5811338048543494 2.002013756241352)
(0.90283216267738509 -0.4631634920718149 2.0027617948937295)
(1.4811831676074951 -0.50822681036417927 2.0045918758255614)
(-1.4802354361924674 -0.0005615883922488879 2.0045402621740185)
(-0.97905896000507886 -0.0011233362406136323 2.0027789442647643)
(0.97843661774170776 -0.0011260910898362488 2.0027542703840693)
(1.4798433626605361 -0.00056260358475462846 2.0045285763428478)
(-1.4817220732558058 0.50706308665039368 2.0045868222014027)
(-0.90429922739835944 0.46073939842670242 2.0027417846007216)
(-0.58113237063868273 0.57851381009992531 2.0019544791260357)
(0.5795748869098114 0.5795728557363059 2.0019337968457318)
(0.90343665948635332 0.46136062246475718 2.0027206245377576)
(1.4813417406222125 0.50729439178597213 2.004577342440514)
(-1.4951607977726482 1.0149913325257209 2.0047817185182772)
(-0.99290027289338645 0.99160967841914971 2.003758687833495)
(-0.46316059612056676 0.90283309516043531 2.0027158880984688)
(-0.0011224832919002822 0.97843645560557868 2.0027188897257644)
(0.46136378125067468 0.90343543569218421 2.0027052955488802)
(0.99207444260061295 0.9920720577744595 2.0037481816139144)
(1.4948376670822408 1.0152328017484145 2.0047767323251131)
(-1.5150026587858774 1.5147009945057777 2.004911092609571)
(-1.0157573056849245 1.4946467450981995 2.0047768222543816)
(-0.5082224390436183 1.4811835045989998 2.004570012696318)
(-0.00055808249617623346 1.4798432581461758 2.0045098533422481)
(0.5072987478916865 1.4813412197786153 2.0045664960558169)
(1.0152363949130103 1.4948365104688413 2.004773096621272)
(1.5148129364417871 1.5148108273525611 2.0049093607662276)
(-1.5148517937544639 -1.5148498819836482 2.5105383112711368)
(-1.0154089946683744 -1.4949972211840656 2.5101361366235131)
(-0.50789542051752945 -1.4815949636508037 2.5097665962814335)
(-0.00056920030717207831 -1.4802609936039284 2.5096735698562078)
(0.50695355718879487 -1.4817571816157025 2.5097432203458063)
(1.0148783019448644 -1.4951916877292386 2.5101082649621871)
(1.5146591938623515 -1.5149650446937295 2.5105214592850289)
(-1.4949984052979757 -1.0154055852838548 2.5101330221787155)
(-0.99240920011260736 -0.99240666851079284 2.5082485485829142)
(-0.46250922641899928 -0.90367452296301365 2.5065078702579675)
(-0.0011387334952348907 -0.97905453295722955 2.5065234380026657)
(0.46068124286988416 -0.90429576769447539 2.50644206586884)
(0.99157287712076025 -0.99287701158341912 2.508181217686408)
(1.4946768698961863 -1.0156564196004467 2.5100945438701792)
(-1.481595497903379 -0.50789091828953958 2.5097569194006155)
(-0.90367627534954198 -0.46250520185630373 2.5064936811094851)
(-0.5800647833275091 -0.58006154081490402 2.5052003352893224)
(0.57847008455942139 -0.58112225982837984 2.5050732323740275)
(0.9028206270236071 -0.46313664636813467 2.5063666386388044)
(1.4812246573080359 -0.50813146068914716 2.5096955623435151)
(-1.4802607650578545 -0.00056415441486856038 2.5096564767341745)
(-0.97905443647057433 -0.0011336552288007673 2.5064900259088594)
(0.97844396074555506 -0.0011378042910325098 2.5063481875717968)
(1.4798833738455426 -0.00056565767145066309 2.5095867663383267)
(-1.481756170028625 0.5069583437471995 2.5097229864905528)
(-0.90429329788017632 0.46068607497626568 2.5063978558960804)
(-0.58111710133379124 0.57847453773739232 2.5050150631259975)
(0.57955671778001594 0.57954878329909387 2.5048991816730601)
(0.90343961993402622 0.46131836336288534 2.5062784041935724)
(1.481388959627161 0.50719633176553303 2.5096654598478572)
(-1.4951900490756298 1.0148819140902521 2.5100918349553409)
(-0.99287310216734603 0.99157576179810791 2.5081501650484341)
(-0.46312949209685811 0.90282267855636111 2.5063219080887036)
(-0.0011283740836595078 0.97844303766149932 2.5063137560316857)
(0.46132705247623862 0.90343533506325802 2.5062635272506606)
(0.9920546824646066 0.99204974980790195 2.5080908020956074)
(1.4948760729014179 1.0151313553893049 2.5100579720413712)
(-1.514962882591715 1.514661094691804 2.5105127214634311)
(-1.015652210539979 1.4946779965747066 2.5100780798196025)
(-0.50812546816504833 1.4812249706242604 2.5096751423217381)
(-0.00055873850564883143 1.4798827561640531 2.5095692771721265)
(0.50720281337055384 1.4813875187566528 2.5096553755413753)
(1.0151359968084097 1.4948741246053028 2.5100546792267067)
(1.5147779997615782 1.5147757190161948 2.5104987856163827)
(-1.5146897894917837 -1.5146877573396302 3.0206906492104344)
(-1.0150933315468933 -1.4948187684419114 3.0198153279337929)
(-0.50764972901844962 -1.4813577600459946 3.0193122209760235)
(-0.0005683785357193244 -1.4799993752961629 3.0192175277809525)
(0.50671621755009544 -1.4815362798626899 3.0192364283128597)
(1.0145815565725034 -1.4950352318910349 3.0197229536131021)
(1.5145154072306368 -1.5148194111925244 3.0206332948348669)
(-1.4948201772709278 -1.0150890199186555 3.0198126452361631)
(-0.9921097961264338 -0.99210570207245896 3.0168619102520311)
(-0.46232559161957826 -0.90337473705874305 3.0144519667597169)
(-0.001155463452374373 -0.97873310483767906 3.0144763199270024)
(0.46048168753185159 -0.90402666307286128 3.0142419995043443)
(0.99129690105456691 -0.99261326511708292 3.0166453210680348)
(1.4945273469299916 -1.0153660947977716 3.0196856789809643)
(-1.481358161138973 -0.50764299161230797 3.0193034028669703)
(-0.90337789688819858 -0.46231689864882569 3.0144380262769017)
(-0.57985267991284584 -0.5798451917903733 3.0126215176760671)
(0.57824691893977576 -0.58095011726303525 3.0122194787460805)
(0.90254572176297221 -0.46298361978168751 3.0140374844930689)
(1.4810253598490237 -0.50790554680858413 3.0191075047113758)
(-1.4799980428920247 -0.00056010089805274416 3.0192016890167004)
(-0.97873111392781353 -0.0011437450367267933 3.01444416000537)
(0.97815787458100345 -0.0011549946039453411 3.0140047942496317)
(1.4796614399466201 -0.0005651719630720628 3.0189845973859022)
(-1.4815333504287993 0.50672392803829513 3.0192175543780935)
(-0.90401824840191325 0.46049311088671452 3.0141997906685734)
(-0.58093336703096721 0.57825905558914825 3.0121635954409682)
(0.5793815895710358 0.57935671512712417 3.0118215256583345)
(0.90319343963058629 0.4611437461249609 3.0138396805435557)
(1.4812010073435089 0.50697554872481676 3.0190413557530791)
(-1.495031806873321 1.014586756148671 3.0197076235423785)
(-0.99260391393246106 0.99130267228822744 3.0166160053161257)
(-0.46296357900169244 0.90255112967867901 3.0139946561244764)
(-0.0011282056328163134 0.9781548195981643 3.013971558496646)
(0.46116864111041578 0.90318037672020035 3.0138251322484968)
(0.99181099411024243 0.99179841114747402 3.0164409440548527)
(1.4947420324346736 1.0148532093123694 3.0196044398635844)
(-1.5148163107265331 1.5145177199740951 3.0206253059937822)
(-1.0153587839379308 1.4945291065896547 3.0196704701232324)
(-0.5078931952149297 1.4810258523471553 3.0190885589137801)
(-0.00054968752477678462 1.479659475266498 3.0189683532700777)
(0.50698959843777447 1.4811968710937489 3.0190320115683744)
(1.014862146659528 1.4947375012604278 3.0196014341517738)
(1.5146461326305762 1.5146423968797145 3.020582766410647)
(-1.5141505369063237 -1.5141480422427338 3.536936009187178)
(-1.0143441242190772 -1.4940985594589047 3.5358514235027236)
(-0.50711669972732665 -1.4804353356535604 3.535617311167385)
(-0.00054245695409727707 -1.4790081152177605 3.5356685585758183)
(0.50623345312367807 -1.480652330186957 3.5354134863548374)
(1.013876670777083 -1.4943667515084067 3.5356054919760718)
(1.5140066268257799 -1.5143183162715066 3.5367882757806477)
(-1.4941004176824755 -1.0143378259653242 3.5358490601904347)
(-0.991186016541034 -0.99117898526259474 3.5324612085702345)
(-0.46179426099557919 -0.9023944701283142 3.5303567378416121)
(-0.0011511209930661799 -0.97764738070814583 3.5304123061573671)
(0.45997068677551872 -0.9031098800894235 3.5297993481610512)
(0.99042906229088734 -0.99177618349306595 3.5318830322999268)
(1.4938599734702835 -1.0146838497926576 3.5355130802750643)
(-1.4804352568927148 -0.50710552514041463 3.5356096131235355)
(-0.90240019175521835 -0.46177630833342265 3.5303443873072524)
(-0.5792010508814448 -0.57918527325512459 3.5286301073354207)
(0.57761505079613917 -0.58037615149565536 3.5275695812785144)
(0.90163742889883169 -0.4625226039221112 3.5292904046723832)
(1.4801854705512187 -0.5074283517006124 3.5350907142799683)
(-1.4790042225944986 -0.00052778278896412067 3.535654766715306)
(-0.97764121220712918 -0.001125478077596085 3.5303833286111588)
(0.97716686517642348 -0.0011501760974520006 3.5292587341251225)
(1.478764077029737 -0.00053996432044121218 3.5350924900842871)
(-1.4806450146768682 0.50624720262974521 3.535397020951438)
(-0.90308840555480319 0.4599964468450618 3.5297609981867621)
(-0.58033328600481826 0.57764461296218694 3.5275180651293092)
(0.57885308713900974 0.57878798377458696 3.5267366529343458)
(0.90235092960152574 0.46069652611070078 3.5288904192067028)
(1.4803953690218645 0.50654429648895716 3.5349574061064581)
(-1.4943589427664252 1.0138853433756363 3.535592144429704)
(-0.99175425274615348 0.99044080373045318 3.5318569661522123)
(-0.4624726820943395 0.9016501222738128 3.5292509062371602)
(-0.0010824201976712897 0.97715819411477267 3.5292271516563432)
(0.46075994272615245 0.90231644112842757 3.5288763096823361)
(0.99103691234345681 0.99100542998958774 3.5314528291547478)
(1.49412525583387 1.0142099478670967 3.5353436479935687)
(-1.5143125083677653 1.5140099068032884 3.536781379664153)
(-1.014668709077434 1.4938629351872579 3.5354997298591226)
(-0.50740088414759532 1.4801857598013624 3.5350739960587121)
(-0.00050431588677325029 1.4787582190271755 3.5350781594447294)
(0.50657665513559458 1.4803841361692405 3.5349492595147085)
(1.0142299001169788 1.4941138156946407 3.5353411603444145)
(1.5141780651313148 1.5141702577743288 3.5366798769614909)
(-1.5129955828277557 -1.5129924394429373 4.0601174319213467)
(-1.0127216502043173 -1.4922446609570428 4.0599441462544661)
(-0.50592299392688134 -1.4780877485831172 4.0611191704530007)
(-0.0003774963548632479 -1.4765056265744443 4.0617123985555228)
(0.50521136192519445 -1.4783567893014142 4.0607413019042404)
(1.0121593688546628 -1.4925578656868519 4.0595609870893528)
(1.5126908760417646 -1.513179841381767 4.0599587804752684)
(-1.4922468504683499 -1.0127125126030136 4.0599418413678139)
(-0.9889221245665748 -0.98891133486469829 4.0586128169091689)
(-0.46040482352181755 -0.90001627463696232 4.0596489838606598)
(-0.00098013699876469546 -0.975025553728742 4.0598557069033623)
(0.45871736750602815 -0.90085318536528403 4.0584386379407684)
(0.98802022140257262 -0.98972614066612052 4.057453302192692)
(1.4918310768584979 -1.0132355447930057 4.059344458525894)
(-1.4780863105293069 -0.50590542799068483 4.061113123156197)
(-0.90002397488706709 -0.46037306256160776 4.0596394034489078)
(-0.57756378048197987 -0.57753718393275444 4.0598221862525135)
(0.57601084672970526 -0.57893360855891551 4.0574195040319614)
(0.89928456323738148 -0.46137095821646101 4.0572524365248066)
(1.4778204967764463 -0.50645730110930398 4.0599987097198884)
(-1.4764968313040061 -0.00035319192570072711 4.0617023451078555)
(-0.97501090076319197 -0.00093218902097498904 4.0598332093192155)
(0.97474415471463716 -0.00096480693541605572 4.0573043376763476)
(1.4763966908875119 -0.00038840413675464425 4.0604541198210047)
(-1.4783410833236765 0.50523457124541016 4.0607293143371024)
(-0.90080758644193859 0.45876667557916201 4.0584086643007939)
(-0.57884158766677818 0.57607003426355385 4.0573764904700225)
(0.57770533383023848 0.57755517370311893 4.0561010028591111)
(0.9003431515673247 0.45981618679699221 4.0566982098967541)
(1.4782606669854477 0.50579485091542176 4.0598130869905553)
(-1.4925412002371716 1.0121733933895052 4.0595513191872792)
(-0.98967990703455866 0.98804045833416076 4.0574337702319276)
(-0.4612625598266179 0.89930730511279189 4.0572184382868475)
(-0.00081421216018047471 0.97471935726148939 4.0572744792158772)
(0.45996024184147954 0.90026064584846566 4.0566842945190684)
(0.98917701608064712 0.9891028297936385 4.0567677279050649)
(1.4924118851643642 1.0128550551260747 4.0590969936737942)
(-1.5131682055097075 1.512695396833758 4.0599539491925087)
(-1.0132044203301447 1.4918347090293969 4.0593349379066987)
(-0.50639936347646308 1.4778172884891856 4.0599865428613366)
(-0.00031139030614973917 1.4763790045509102 4.0604436606111101)
(0.50586638391491201 1.4782309748876337 4.0598073905675589)
(1.0129000677375337 1.4923830623916459 4.0590956207564552)
(1.5130864059857183 1.5130685718881545 4.0597937139879896)
(-1.5103612312091312 -1.5103576036251194 4.5881094756747274)
(-1.0091103165773092 -1.4881776723924947 4.5918929247771132)
(-0.50266370352707657 -1.4729042780946957 4.5971986294722669)
(0.00076070886579614888 -1.4708299822815296 4.5997496525030748)
(0.50274144206846283 -1.472883500321597 4.5977130956726748)
(1.0070823639202935 -1.487920964268562 4.5930278518981069)
(1.5084324072611495 -1.5100750901224016 4.5891592952066338)
(-1.488179782117711 -1.0090990471795447 4.59189094036459)
(-0.98367029207390821 -0.98365683057633413 4.5980228947074107)
(-0.45642497782459179 -0.89464535263345213 4.6082225212802408)
(0.00030001823420428356 -0.96931564667554782 4.6098065607149863)
(0.45533772518005866 -0.89587769967432673 4.607150299026646)
(0.98074876772795183 -0.98507271708201793 4.5977631331780495)
(1.4857954947357466 -1.0100570384040759 4.5921471356338515)
(-1.4729002001405456 -0.50264048696775387 4.5971952525661717)
(-0.8946537946805535 -0.45637983858540815 4.6082176363028866)
(-0.5733578175896058 -0.57332147391659571 4.6133773033147385)
(0.57143680534836683 -0.57587970672131361 4.6097759434110079)
(0.893036338149787 -0.4586992378921696 4.6041947099524085)
(1.471492546195575 -0.50425442122264563 4.5957017166909688)
(-1.4708132690029119 0.00079460474998176156 4.5997452169722415)
(-0.96928783681072206 0.00037242768233175516 4.6097955470663887)
(0.96932956755023092 0.00016658528438849921 4.6046178379542342)
(1.4706249325934961 0.00050616073268216349 4.5973804960692197)
(-1.4728544632709657 0.50277434259031517 4.5977082188561296)
(-0.89579487741601438 0.45541290111151556 4.607134197000887)
(-0.5757115447074318 0.57152953088065106 4.6097452738399953)
(0.57568459140507267 0.57537121200516084 4.6093462826845695)
(0.89612177658574466 0.45845595723633431 4.6046067313121926)
(1.473051609346576 0.50457233408114111 4.5961063467019896)
(-1.4878896386319003 1.0071010932971505 4.5930245042801667)
(-0.98498634322345591 0.98077369042355955 4.5977545938969424)
(-0.45849382923584125 0.89305965592521608 4.6041673022505805)
(0.00046373209624767098 0.96925656608883959 4.6045846819537157)
(0.45875335580968091 0.89593613568148067 4.6045881088039717)
(0.98481131944640965 0.98464369647550898 4.5977258436817969)
(1.487728365238062 1.0095168532447174 4.5927303066168808)
(-1.5100532819961305 1.5084368501436396 4.5891582247792968)
(-1.0099979959629748 1.4857948547215374 4.5921449588810921)
(-0.50414215861937373 1.4714723188871557 4.5956987267343354)
(0.00065974738283378076 1.4705705218752323 4.5973781394987814)
(0.50472098443658697 1.4729726326612975 4.5961058472903078)
(1.0096158071311083 1.4876559825828124 4.5927314006965867)
(1.5096857164738848 1.5096439157028856 4.5894989799017827)
(-1.5053590336392517 -1.5053563570126716 5.1144886174934339)
(-1.0013265244265828 -1.4800617001157905 5.1260866498223576)
(-0.49283579628493829 -1.4615760532369944 5.1417397238788052)
(0.0080728872013194133 -1.4559852325803651 5.1537008021536064)
(0.49666812955077777 -1.4564415893606415 5.1531049202987287)
(0.98961277888442678 -1.4735308493973553 5.1401170187494936)
(1.4963348258556772 -1.5021331367093254 5.1215305464022194)
(-1.4800619723028217 -1.0013164813141753 5.1260857248129259)
(-0.9718220538318828 -0.97181080467061864 5.1466481010086884)
(-0.44448450570712483 -0.88255417956840354 5.177678803733853)
(0.0084532573882650924 -0.95825761503242335 5.1892140255223076)
(0.4470127480842801 -0.88726060653071759 5.1874400358861372)
(0.95688135827131315 -0.97554582917780708 5.1591870614265405)
(1.4692444297104665 -1.0034344223448599 5.1323062684820613)
(-1.4615670878494762 -0.49281237447768728 5.1417392729816216)
(-0.88255685052838184 -0.44443738071000372 5.1776808284429281)
(-0.56174596807469224 -0.56171039540470036 5.1904153147772227)
(0.55719949089379106 -0.57334600653975132 5.1948833072445906)
(0.87494542023886912 -0.45417796363322066 5.1764841791507408)
(1.4549433026024037 -0.49866935262690304 5.1420825012353797)
(-1.4559570100465349 0.0081092913054977983 5.153702029199593)
(-0.95820844117348447 0.0085350295680496034 5.1892195782000909)
(0.95893144608508518 0.0061942295298167555 5.1784853255116765)
(1.4551359292787569 0.0063687276197206544 5.1490831748881813)
(-1.4563935270291986 0.49670342865630879 5.1531080087746028)
(-0.88712638372027575 0.4470938788277955 5.1874437062547027)
(-0.57307995174160486 0.55729836310263192 5.1948645892859879)
(0.57388436330388204 0.57327358168760656 5.2011987186571753)
(0.88950511548048239 0.45748366501217302 5.1837298547341204)
(1.4573403641098897 0.50224571292872677 5.1499059058428607)
(-1.4734775340637851 0.98963008953450371 5.1401214673310864)
(-0.97540130258139146 0.95689261288052629 5.1591930596279401)
(-0.45383602536771728 0.8749262371672758 5.1764595106078763)
(0.0067210837854127965 0.95871174112148716 5.1784395618455061)
(0.45806347830192029 0.88909778026229702 5.1836741561176893)
(0.97312949480881961 0.97275783546791394 5.1651996315216895)
(1.4722092066820598 0.99771266195268771 5.1416678989599278)
(-1.5020956368683498 1.4963350658656394 5.121534442623374)
(-1.0033331412203945 1.4692263026994781 5.132314516849358)
(-0.49846904013649596 1.4548695998418291 5.1420951109914652)
(0.0066589933544419014 1.4549741916135452 5.1491005221078501)
(0.50254404704175759 1.4571252739380034 5.149922723421934)
(0.99792622628031369 1.4720256895593213 5.1416766165586107)
(1.4988352175487982 1.4987374545175061 5.1255969033642934)
(-1.4956666465035169 -1.4956672431029674 5.6264000833093357)
(-0.9843801290150147 -1.4637423693934923 5.6476337470118336)
(-0.47416556685591366 -1.4403271829514646 5.6744912274881427)
(0.055553014714738433 -1.3917917026559934 5.747110637917535)
(0.47553801222606923 -1.345300819032168 5.7982323009036865)
(0.91582171376556099 -1.410348913307732 5.7172960053737958)
(1.4798808264081884 -1.4902523693678498 5.6365621620855322)
(-1.4637370756200401 -0.9843764209427005 5.6476334527063674)
(-0.94614971562870109 -0.94614953610612096 5.6854216115882688)
(-0.41792478397490723 -0.85578867832952277 5.7458735052966974)
(0.0580168440198751 -0.96361817266025318 5.807542822960567)
(0.45102747894169443 -0.92230228801435055 5.8500762981617767)
(0.84481413931152793 -0.94880355083814161 5.7808796852335433)
(1.4478624420162702 -0.99318599533786589 5.6529789302288007)
(-1.4403095542565425 -0.47415108864725375 5.6744913268013253)
(-0.85577454813572607 -0.41789959834736667 5.7458754643966063)
(-0.53332177865781139 -0.53330701244186129 5.7742184125703764)
(0.53373134592731342 -0.58103196831451231 5.829216345162485)
(0.8153918579938203 -0.47456701934668516 5.773264193441932)
(1.4317903034760873 -0.48979888238671232 5.6690929373039296)
(-1.3917427317056861 0.055579787815861703 5.7471126574579614)
(-0.96353465196730392 0.058062555375238203 5.8075513166616899)
(0.96632408151554272 0.057547957887116898 5.785910926922428)
(1.3926467788627523 0.055757557939032087 5.7338805848682712)
(-1.3452170685666569 0.47556559854142005 5.7982369863283179)
(-0.92210689869192974 0.45105415377224506 5.8500918031030897)
(-0.58062894556957989 0.53372396462140548 5.8292275152107678)
(0.5639466570978543 0.56271642149111833 5.7926182483198003)
(0.94319807434007974 0.45966653808708668 5.8301619204827233)
(1.347907613023495 0.48717772419073385 5.7902800456448178)
(-1.4102579024235589 0.91582721339779327 5.7173040641796034)
(-0.94857395391692212 0.84478617991722071 5.7808954977023488)
(-0.47407003874326731 0.8152515185231729 5.7732436649516456)
(0.058408904403517405 0.9657171592172229 5.7858418956621707)
(0.46070530290137351 0.94221147828747598 5.8301939110970373)
(0.93682720422644872 0.93600660899708543 5.7922608041976487)
(1.4044960503843189 0.93244581280064087 5.7236525790716337)
(-1.4901936542803109 1.4798690573579556 5.6365693744231802)
(-0.99303140525341638 1.4478071788923177 5.6529955588839984)
(-0.4894771089669836 1.4316088369112925 5.6691253033461955)
(0.056325816427092071 1.3921933251801839 5.7339327023789384)
(0.48785963402303301 1.3472720864615177 5.7903337379202355)
(0.93292146585098068 1.4040380388405158 5.7236771295248081)
(1.4807840451725092 1.4805890335863667 5.6471634342027803)
(-1.480067598948168 -1.4800744393189831 6.1047421752846249)
(-0.89374583252192219 -1.3476090154446161 6.1150883985280142)
(-0.31570328978164458 -1.1523863951040123 6.1857085248475361)
(0.039451528541470098 -1.1820676931329455 6.2150032117398419)
(0.45500948477582154 -1.2834723595225519 6.191775271755759)
(0.86820881912328141 -1.3644539976588455 6.1483588520224046)
(1.4690324593349964 -1.4793431646304278 6.108322808102626)
(-1.3476322976962851 -0.89389084108336503 6.1150443725111296)
(-0.66842520632602731 -0.6685785530105216 6.1915698592929207)
(-0.21223256852084835 -0.64904423026188818 6.2317945343733543)
(0.079063392162661075 -0.85905613122160263 6.2417803129572329)
(0.41542487946889228 -0.85309123743396797 6.2143875403487199)
(0.77171747148214398 -0.90684223271851372 6.1765248365629519)
(1.4352653312510035 -0.98165065933678131 6.1157626168522929)
(-1.1525442861170037 -0.31593236994933144 6.1855001632163109)
(-0.64912532822709179 -0.21224393213867226 6.231703430272872)
(-0.39636607158148823 -0.39639508956948766 6.324719287705574)
(0.42461860131977486 -0.51488942173834429 6.2514604336120625)
(0.68786768431202994 -0.41749866350998149 6.2055237767483673)
(1.3624335636884413 -0.4605503586266298 6.1148884949843847)
(-1.1822029282772344 0.039240440295693117 6.2148633984913673)
(-0.85922703642629172 0.078735730194612469 6.2416663997502848)
(0.82999710685181849 0.12612183953338119 6.2234229568254049)
(1.2733271105563915 0.10201389704452579 6.1561060629398021)
(-1.2833474192522567 0.45500589318459961 6.1917727929657014)
(-0.85287579372996125 0.41521833936896274 6.2143717786454928)
(-0.5140499995770561 0.42414722028649499 6.2515675321320527)
(0.50520200872182963 0.50874535290337186 6.3143905941856842)
(0.79762955670530444 0.45092071089043412 6.2832930371469011)
(1.2759128802321043 0.46808911764495881 6.1887385923102878)
(-1.3643155354935665 0.86817996992844859 6.1483622756003804)
(-0.90652205444169587 0.7716221931995384 6.1765367653483629)
(-0.41668212646981256 0.68762763431872476 6.2056623795508079)
(0.12236703055676079 0.83370361293817752 6.2100581710498348)
(0.45604017245848905 0.78840324634561609 6.2865146335967834)
(0.86994628968964738 0.86851811409628576 6.2412681876470284)
(1.3473611938972496 0.88394287223091572 6.1609641010827234)
(-1.4792553298488806 1.4689952392706092 6.1083292961505613)
(-0.98143594645925136 1.4351514719511207 6.1157774002609724)
(-0.459712871814004 1.360779706254839 6.1151684511117921)
(0.10416523545341753 1.271726357823675 6.1569285042597768)
(0.46914100903638278 1.2748237148077053 6.1888478132708959)
(0.88472453033367493 1.346566872842659 6.1610124445398595)
(1.4653641225447815 1.4650442899153553 6.1195769885591593)
(-1.4535453400579874 -1.4535639079336737 6.5437067934807285)
(-0.86396177237856797 -1.2979238778380655 6.5157432451451314)
(-0.32214408801466238 -1.1140662071808112 6.4828527397522935)
(0.021921469825348341 -1.135843397361936 6.4986732889221264)
(0.44031121440506615 -1.2449679596733396 6.5314473934533055)
(0.89165625234849288 -1.364624767389925 6.5255121852580658)
(1.460528300181968 -1.4639991747336685 6.5481517439780204)
(-1.297944362427214 -0.86409818704051189 6.5157104817476581)
(-0.6082933798755964 -0.60842670152081124 6.4850746627236493)
(-0.26377446080962819 -0.60869325503237526 6.4443619050754659)
(0.015901662515430279 -0.8025710517267205 6.5342741764060817)
(0.44833385156598954 -0.78337879304111624 6.5198117693946163)
(0.79917783322431968 -0.88277564351180093 6.4803535283157201)
(1.4095493930643501 -0.95191358669842163 6.5267604780203605)
(-1.1142006715273933 -0.3223940011415235 6.4826690117879533)
(-0.6088119694217895 -0.26374920467485063 6.4442033590907002)
(-0.38630563096452419 -0.38632493204513269 6.4791593977369502)
(0.49250338738620492 -0.44794626899748641 6.4530628264940884)
(0.73579509317404346 -0.40173362479552166 6.4479080012631078)
(1.3141577833515479 -0.43889964022840033 6.4894286357798636)
(-1.1360147657868622 0.021508372238119595 6.498510142159593)
(-0.80352437361104956 0.014533348029964657 6.5340181985146124)
(0.86822486854121317 0.072534886495223175 6.4442628371318671)
(1.2208543973051014 0.079723459688180079 6.4745890738360616)
(-1.2448808465631018 0.44012220603433549 6.531422426197758)
(-0.78294140079398433 0.44793475274430733 6.519845941258291)
(-0.44670300450067996 0.49163616116972969 6.4531518035919646)
(0.49518655625840918 0.47846116023740215 6.6339449250132763)
(0.82960836775534907 0.32382781402532529 6.615023986722055)
(1.226571288409531 0.4252874907598333 6.5276405515668641)
(-1.3644221620759156 0.89156085065202717 6.5255005685234035)
(-0.88232059579580413 0.79893235176127264 6.480339373862698)
(-0.40107077664520108 0.73601258794563196 6.4479682723815861)
(0.07022278742037466 0.86664367239899065 6.4465050736946914)
(0.39037272617179825 0.66182140007929724 6.5983882322498397)
(0.82423214902384423 0.80657388563363919 6.5682599895411942)
(1.280011538491916 0.84302315534220895 6.5400879818507676)
(-1.4638671507785392 1.4604509090782405 6.5481490505695028)
(-0.95159154035055904 1.4093180663149205 6.5267499342139166)
(-0.43824952045364729 1.3126234070076876 6.4898306317270835)
(0.082532317064689831 1.2218086738210578 6.4772086756427782)
(0.44162944683956307 1.2309049496870776 6.5244004957899868)
(0.84583654710833278 1.2794969162669667 6.5373999064275399)
(1.4488220626457176 1.448335388080902 6.5514925533476571)
(0.42149476011615122 -1.0503523730955096 -6.3683276973827692)
(0.25415546937565997 -1.0526010296773418 -6.2253796488588931)
(0.5833437052205992 -0.67651469889926075 -6.2143879220395801)
(0.45206088778411174 -1.1328860871205579 -6.0280593821617661)
(-1.0500011067959438 0.42237355379066771 -6.3678510291566655)
(-1.0520964689068866 0.25561083919820904 -6.2249834513795932)
(-0.67584960227319224 0.5831053906982997 -6.2145120598179631)
(-1.1327813159191884 0.45204940645894592 -6.0280915489945457)
(0.83639319053603411 0.63305854190342159 -6.383326794580455)
(0.64257258577090404 0.82196374799707861 -6.3841289958434873)
(1.0289030696197603 0.45260432381472104 -6.3630232871677155)
(1.0417659828248582 0.2890955264902515 -6.1850885643738192)
(0.45959976134840691 1.0135498888986412 -6.364187318827546)
(0.29430783441905917 1.0289331896864971 -6.1837383680843248)
(1.0384250888860727 0.46731191159626434 -6.0114990861366415)
(0.47192532039763146 1.0294201304996318 -6.0119024190873018)
(0.45204557884927887 -1.1328911453385224 6.0280750163259569)
(0.25568951498098214 -1.0524238283391303 6.2261197553024497)
(0.58352179091210254 -0.67640456132669569 6.2146313819681183)
(0.42257705291288911 -1.0502222349908272 6.3686758444740352)
(-1.132756822366594 0.4520687526294313 6.0280796339222409)
(-1.0524491421626592 0.25552330193811013 6.2260438520089441)
(-0.67569651106204465 0.58301154065960181 6.2147209088678643)
(-1.0500990499069025 0.42240033870473409 6.3686313967120611)
(1.1366487778252776 0.46543107248387516 6.0247505580008118)
(1.0554689785507689 0.28672775472257223 6.2118321142778425)
(0.46654721699793644 1.1355022522483473 6.0248493530966298)
(0.28990615562600314 1.0599232008270509 6.21307754513139)
(0.83199644485294699 0.61235097092073787 6.4294231587234805)
(0.6309606918520636 0.82869982376304274 6.4246690558716404)
(1.029724801077506 0.42573814907261798 6.3946645659787329)
(0.44607232757435883 1.0295383976351098 6.3933176074247386)
(-0.11596739975448438 -0.95256662026321259 -6.3526235365053827)
(-0.95012673987684859 -0.11286524164582949 -6.3528618452636296)
(-0.47911917567387347 -0.4799004626011254 -6.3650191480044782)
(0.2423821677558074 -1.0180033495575418 -6.3672887747140372)
(0.58525248529561547 -1.1179393685896484 -6.3705764289280147)
(0.59313342113323442 -0.66147316334566697 -6.3347629681753608)
(0.30550770018797585 -1.1382731510678852 -6.0761538245278723)
(0.59113702455707284 -1.1431166560098638 -6.0001470914958368)
(0.61719158591837553 -0.70530379983821168 -6.085639078740674)
(-1.0169703813421107 0.24541221777543157 -6.3665470321350739)
(-1.1177485998393988 0.5851602279178989 -6.3705889579832613)
(-0.66085625158505246 0.59280743174487505 -6.3348266824939552)
(-1.138186299855084 0.30549232947000821 -6.0761771351645315)
(-1.1429923481019395 0.591119247696548 -6.0001821979779173)
(-0.70493424009171357 0.61708899628948899 -6.0856921893776601)
(0.66158570936834649 0.64850478225402031 -6.4006902076982097)
(1.051837540048812 0.27942886441834752 -6.3345681154363938)
(1.0232114741907057 0.63121155405746854 -6.3613114481612749)
(0.28632154141846639 1.0363710344005597 -6.3331514260459034)
(0.63878685955480352 1.0108949524419197 -6.3623935418596504)
(1.0574871987109711 0.29403411349866759 -6.0110882526858642)
(1.0402622560018133 0.64336920977962353 -6.0050600289856382)
(0.29800574521372231 1.0463396657844013 -6.0111157833175435)
(0.64866295430637322 1.0325540681275156 -6.0054755530639783)
(-0.11293839554178788 -0.95097318568486056 6.354696165299254)
(-0.95126769876024797 -0.1132980630713558 6.3544601290576201)
(-0.47910593671332868 -0.47920394556798873 6.3656408924777788)
(0.30549229096899949 -1.1382776196099671 6.0761666332041022)
(0.59112413069133984 -1.1431205454261386 6.0001628066556485)
(0.61717786038228817 -0.70530194696327131 6.085661342589554)
(0.24530364297346566 -1.0174750323860977 6.3682405868664906)
(0.5852393558927288 -1.1179400157601418 6.3705849781249437)
(0.5933987210352587 -0.66141565467639885 6.3350287252784367)
(-1.1381616109619042 0.30551181011848622 6.0761681878900218)
(-1.1429701373205468 0.59113558201320893 6.0001700351986642)
(-0.7049076602287031 0.61710507392682634 6.085681167591475)
(-1.0175449244202623 0.24498654982414381 6.3681579024393713)
(-1.1177089212418811 0.58517530800174067 6.3705772409349128)
(-0.66064345529871527 0.59264602181172366 6.3351262367655226)
(1.1412897174800209 0.3204199078399485 6.0627657126087149)
(1.1398524335946449 0.61744390767507895 6.0065697782365008)
(0.32154722741153935 1.1401686348959104 6.0628679989247516)
(0.61846316583405647 1.1388039339881733 6.0066422777376989)
(0.64122116254331718 0.63756596155524869 6.4375840677132121)
(1.0361854527896583 0.27191423478608945 6.3537523360888271)
(1.0398372460515888 0.62932303837015957 6.3943657800120732)
(0.27849792455581601 1.0412503334818417 6.3523550727643743)
(0.63728571892475505 1.0445860143047327 6.3901526654647798)
(-2 -2 -7)
(-2 -2 -6.5686584189455326)
(-1.5408799900149652 -2 -7)
(-2 -1.5408799900149652 -7)
(-1.5299724394631196 -2 -6.5559691788386729)
(-2 -1.5299723744410334 -6.5559693375058092)
(-1.424966896657194 -1.4249554995975589 -6.9774945877600203)
(-1.0401743726780177 -2 -7)
(-1.0403273043916272 -2 -6.5564000204961195)
(-0.87847473923554598 -1.3069093327150423 -6.8831751260953906)
(-0.54087999001496523 -2 -7)
(-0.5307390908941455 -2 -6.5583358096983133)
(-0.41433326521079222 -1.2015654203037571 -6.8745934028722733)
(-1.6653345369377348e-16 -2 -7)
(0.00044175425854472657 -2 -6.5592086702676955)
(0.022369670498441713 -1.2123704884146682 -6.9037033914920887)
(0.54087999001496523 -2 -7)
(0.53151022541183834 -2 -6.5583292659646197)
(0.44743287269941012 -1.2751513846752276 -6.9773997120897162)
(1.0401743726780177 -2 -7)
(1.0408419433760503 -2 -6.5563925316027607)
(0.93238556079876278 -1.3584513389324613 -6.9939726691436226)
(2 -2 -7)
(2 -2 -6.5686584189455326)
(1.5408799900149652 -2 -7)
(1.999990438072613 -1.5410333780521974 -7)
(1.5302097218106341 -2 -6.555965363535277)
(1.9999892970690332 -1.5301596125248316 -6.5560408930007119)
(1.4588021427631945 -1.4459361382586369 -6.9909106920198552)
(-2 -1.0401743726780177 -7)
(-2 -1.0403283662959675 -6.5564008710860264)
(-1.3068985394901753 -0.87846061580935542 -6.8831878632780752)
(-0.56186146445917962 -0.56158646952059388 -6.8524992392020643)
(-0.23074659820962382 -0.46123033912060096 -6.5634839715169333)
(-0.12071677961504514 -0.46684332318298694 -6.829855697250232)
(0.27509284597520556 -0.45816392241168136 -6.9262291398375417)
(0.77618039745841305 -0.66160262055168462 -6.9183466343217601)
(1.9999980405886502 -1.0402058124889066 -7)
(1.9999877354109297 -1.0405890809135518 -6.5565260157633682)
(1.3760497848463924 -0.90563743891881809 -6.890258509218131)
(-2 -0.54087999001496523 -7)
(-2 -0.53074099951833387 -6.5583377435878303)
(-1.2014834875546134 -0.41437268502541963 -6.8745944423952166)
(-0.46410619758233551 -0.2309081714650745 -6.5603738671683693)
(-0.33773602312435336 -0.33714810991082217 -6.5457058960176626)
(0.28693282323246583 -0.17636511577320024 -6.5)
(0.31305809684227903 -0.096826499998076548 -6.5)
(1.9999763303108944 -0.54125969832106957 -7)
(2.0000076824870701 -0.53101721243365729 -6.5585059553725671)
(1.248929023280664 -0.43061917108317821 -6.827277950875942)
(-2 1.6653345369377348e-16 -7)
(-2 0.00044217652122337052 -6.5592114719195864)
(-1.2121846354191674 0.02226212048688541 -6.9036666182358832)
(-0.46071677846504044 -0.11485516540820763 -6.8267361651158236)
(0.74514743094752334 0.029762166362271174 -6.5991248232647743)
(1.9999971784476562 -4.5264053774141111e-05 -7)
(1.9999661501934722 0.00036126918402084685 -6.5594062379583873)
(1.2082758790758039 -0.0074492958807984575 -6.8267082343634389)
(-2 0.54087999001496523 -7)
(-2 0.5315138464613689 -6.5583323945174614)
(-1.2749006878490126 0.44724949560205257 -6.9773594232229437)
(-0.45765810814628716 0.27430949963384227 -6.9261583771678277)
(-0.17596383702965751 0.28668211472998217 -6.5)
(0.20374897881879539 0.18200950885008149 -7)
(0.71488279369997065 0.14337554046851297 -6.9517860875895057)
(1.9999757032992624 0.54049020940690418 -7)
(2.0000083613838746 0.53152795874582304 -6.5585289606230734)
(1.219407574314467 0.4152327839805543 -6.884735484870852)
(-2 1.0401743726780177 -7)
(-2 1.0408460507907111 -6.5563956270781327)
(-1.3581898545989861 0.93217758736173562 -6.9939365845928343)
(-0.66074125054507837 0.77572292660019748 -6.9181954989720387)
(-0.094395303340480283 0.31125315825464989 -6.5)
(0.059090883995799037 0.70689908202820972 -6.5929919829234453)
(0.11279094619488927 0.58235244981162215 -6.9692436004688743)
(0.61559160356621634 0.61025154606897369 -6.897751438143704)
(1.9999977270828342 1.0401379164082454 -7)
(1.9999841114959758 1.0409799579580046 -6.5565650468042982)
(1.3345028263658105 0.88194313776492272 -6.9179681568042879)
(-2 2 -7)
(-2 2 -6.5686584189455326)
(-1.5410228116741891 1.9999904301103371 -7)
(-2 1.5408799900149652 -7)
(-1.5301538809335242 1.9999892882022337 -6.5560403567177241)
(-2 1.5302121517040601 -6.5559676857185574)
(-1.4457530464329482 1.4586671461151159 -6.9908944067832239)
(-1.040203647247512 1.9999980389570362 -7)
(-1.040581830835154 1.9999877246569717 -6.5565259129488576)
(-0.90519894143863733 1.3758040403270824 -6.8902350100129839)
(-0.54123354220501629 1.9999763106009982 -7)
(-0.5310049759962302 2.0000076888272473 -6.558506621972171)
(-0.43002632276237163 1.24825398005347 -6.8270784047719113)
(-4.2146106165596997e-05 1.9999971760981321 -7)
(0.00037258807091230742 1.999966121683223 -6.5594079413550608)
(-0.0062500411299402873 1.2070284812335315 -6.8262459432110685)
(0.5405170584002037 1.9999756830672499 -7)
(0.53154509224897128 2.0000083681958416 -6.5585313585074081)
(0.4167554232361812 1.2183155100318426 -6.884540688259472)
(1.0401404280882636 1.9999977251901622 -7)
(1.0409914346604809 1.9999840985668929 -6.5565676084975006)
(0.88330031714828927 1.333356878146341 -6.9179616164550959)
(2 2 -7)
(2 2 -6.5686584189455326)
(1.5407277889310309 1.9999898025765885 -7)
(1.9999898110609811 1.5407165296757763 -7)
(1.5303021663771392 1.9999864476300797 -6.5560674480039696)
(1.9999864590166774 1.5302946533418276 -6.5560652122602177)
(1.4322825798630456 1.4316884382856905 -6.9881181860711559)
(-2 -2 -6.0922218298170918)
(-1.530446281471737 -2 -6.0952107135453577)
(-2 -1.5304460201152428 -6.0952103680042136)
(-1.0435071133128746 -2 -6.0982618565741866)
(-0.53101859692206677 -2 -6.101534435555811)
(0.00070429036677228105 -2 -6.1028770257475138)
(0.53225139814022326 -2 -6.101505461622347)
(1.0443279619927968 -2 -6.0982210096791301)
(2 -2 -6.0922218298170918)
(1.5308290583110731 -2 -6.0951805277564768)
(1.999998995153434 -1.5306714864423105 -6.0953200749374306)
(-2 -1.0435082661507125 -6.098262407416069)
(-0.070565887428174573 -0.30862143610033166 -6.5)
(0.042379370300513544 -0.30123624599693821 -6.5)
(0.11233963429280086 -0.29701110455922985 -6.5)
(2.0000016305084412 -1.0438400779123 -6.0984688734336929)
(-2 -0.53102063208163153 -6.1015372562328576)
(-0.30856461590476231 -0.070643989955531616 -6.5)
(-0.31059083776591456 -0.31064449953666051 -6.3918219850915454)
(0.20987117996781351 -0.23852664208669128 -6.5)
(0.43085014364865221 -0.17746210729219705 -6.327479600709915)
(1.9999999460410303 -0.53127465721498546 -6.1018206436594697)
(-2 0.00070525664839198911 -6.1028819447147749)
(-0.30086662922823104 0.04215670922393093 -6.5)
(0.49976303893745366 0.04876075134989083 -6.3926877339295238)
(1.9999997406476562 0.0006733234517534223 -6.1032116740028091)
(-2 0.53225701817291526 -6.1015109782829038)
(-0.29682808858408188 0.11216486288424549 -6.5)
(-0.23737283673885101 0.20912059838323729 -6.5)
(0.23443188291988568 0.2305015665520681 -6.5)
(0.3702224111722453 0.22574346270757678 -6.5)
(1.9999999324504842 0.53244667614958019 -6.1018400660095322)
(-2 1.0443348957314846 -6.0982261354484395)
(-0.17651809209797051 0.43076336222789152 -6.3273486555163805)
(0.029564886610795441 0.46093423467766009 -6.3232784438882748)
(0.22634470164902495 0.36977572462724917 -6.5)
(2.0000021492694393 1.0446117124926639 -6.0984957985778774)
(-2 2 -6.0922218298170918)
(-1.5306669504850123 1.9999989943365202 -6.0953188917097432)
(-2 1.530833372250336 -6.0951839421403697)
(-1.0438333890647788 2.000001631991434 -6.0984679461940416)
(-0.53126666718709026 1.9999999459587272 -6.1018216343653489)
(0.00068458124775028738 1.9999997403864282 -6.1032148521238634)
(0.53246118765142947 1.9999999324256577 -6.1018442618471109)
(1.0446249237440046 2.0000021509602881 -6.0985001164593875)
(2 2 -6.0922218298170918)
(1.531033733493516 1.999998789533004 -6.0953393969986047)
(1.9999987905719809 1.5310262204507321 -6.0953363208861528)
(-2 -2 -5.6352213775603142)
(-1.5330293564728608 -2 -5.6158218972218643)
(-2 -1.5330283210522118 -5.6158207466343315)
(-1.0471547777683419 -2 -5.6165553604461635)
(-0.53360312747681093 -2 -5.6202290684512448)
(0.00071627151313965716 -2 -5.6217117005232238)
(0.53485206901797999 -2 -5.6201727609163177)
(1.047986450345767 -2 -5.6164786149057324)
(2 -2 -5.6352213775603142)
(1.5334189686682573 -2 -5.6157770274222969)
(1.9999998717136038 -1.5332301448401071 -5.6159360294378367)
(-2 -1.0471543573387494 -5.6165549243278567)
(-0.1768116574184824 -0.43846538181196942 -5.85841947355632)
(0.007048173979073865 -0.47580213288768181 -5.8718842636414701)
(0.18716964402432565 -0.43223830681417286 -5.8643076132397516)
(2.0000000242149398 -1.0474484133847772 -5.6167714822900905)
(-2 -0.53360340802524575 -5.6202313787269551)
(-0.43844110021285421 -0.17679932307714666 -5.8584968074165831)
(-0.33454015404319826 -0.33455078606910055 -5.8549589746284187)
(0.34246056015340398 -0.33639635870219786 -5.8314319073838536)
(0.45141965267454687 -0.18466984516012006 -5.8110063972549071)
(1.9999997899380157 -0.5338152959533673 -5.6205383072456598)
(-2 0.00071598340232697502 -5.6217168970379445)
(-0.47577301274654921 0.007157412556446743 -5.8719616217688557)
(0.48846218793648155 0.010588482969171023 -5.8027524257277827)
(1.9999997969920813 0.00072335758451074828 -5.6220750931741135)
(-2 0.53485857438992124 -5.620178736086749)
(-0.43207456498937608 0.18736763111618093 -5.8644438666623877)
(-0.3360179049553666 0.342748362310004 -5.831443784604823)
(0.33626636105065399 0.33568984535300195 -5.855364772621396)
(0.44343741643870394 0.18500147877968168 -5.8422758650407243)
(1.9999997450073865 0.53507349625762834 -5.6205273478459414)
(-2 1.0479943910568801 -5.6164836331214651)
(-0.18393535364546923 0.4515957540673563 -5.8108636690546849)
(0.011622530358316932 0.48815471858854426 -5.8026480853790838)
(0.18681213667746729 0.44243752181870666 -5.8407672500156282)
(2.0000000267126521 1.0482810352345295 -5.6167575069110285)
(-2 2 -5.6352213775603142)
(-1.5332261598510686 1.9999998716136898 -5.6159341076244731)
(-2 1.5334240296951014 -5.6157801515213075)
(-1.0474425812101926 2.000000024217456 -5.6167697410170998)
(-0.53380872019590964 1.9999997897553166 -5.6205389393637715)
(0.00073002648343778475 1.9999997968193253 -5.6220786045088404)
(0.53508591979706099 1.9999997448009874 -5.6205319834593856)
(1.0482930960866492 2.000000026733626 -5.6167616984902624)
(2 2 -5.6352213775603142)
(1.5336240637605205 1.9999998392042053 -5.6159373263680337)
(1.9999998393532423 1.5336169396346164 -5.6159345222938359)
(-2 -2 -5.1009025204832463)
(-1.5345833353706351 -2 -5.1072504841932087)
(-2 -1.5345811474696787 -5.1072494410586957)
(-1.0496373083525961 -2 -5.11103134993437)
(-0.53548083095877808 -2 -5.1142457189440478)
(0.00053684329197878345 -2 -5.1155343050488629)
(0.53641599672556184 -2 -5.1141822926970777)
(1.0502592446756169 -2 -5.1109456316266781)
(2 -2 -5.1009025204832463)
(1.5348745912905146 -2 -5.1071913668615272)
(1.9999999925122878 -1.5347194385342973 -5.1073310383279997)
(-2 -1.0496343491234927 -5.1110306451201541)
(-0.19001031203626279 -0.45896925407903338 -5.2169201794835613)
(0.0005470736806249824 -0.49757051472630459 -5.2170961732380938)
(0.19077762169516624 -0.45922511273810374 -5.2121091967615749)
(2.0000000001772116 -1.0498360377133309 -5.1111977134492825)
(-2 -0.53547804535190791 -5.1142471224821708)
(-0.45898247053957703 -0.18993308056038893 -5.2169569367147242)
(-0.35146195610801928 -0.35143144541400356 -5.2160345328281892)
(0.35236034634624774 -0.35175570129499439 -5.2039474218292305)
(0.46052111287255465 -0.19055680227464769 -5.1959935780373012)
(1.9999999880945514 -0.53562156857414245 -5.1144915993961)
(-2 0.00054100177392822765 -5.1155382482388614)
(-0.49756518967023167 0.00070105554316948803 -5.2171502981290647)
(0.49847820298606843 0.0003166186049954241 -5.1956364849793788)
(1.9999999907832 0.00055062666206118173 -5.1158246809765666)
(-2 0.53642281140447456 -5.1141871447188123)
(-0.45911811800195024 0.19101472373924061 -5.2121585364486691)
(-0.35146859024907867 0.35263624917618797 -5.2039695982490759)
(0.35217011443065321 0.35145608226809166 -5.203296209297199)
(0.45995488576692456 0.19041152276450485 -5.2007313634771943)
(1.9999999870910716 0.53657851749387009 -5.1144593021207161)
(-2 1.0502672485772566 -5.1109496307816489)
(-0.18999920304323004 0.46072750852801542 -5.1959545300583727)
(0.0011283952953306841 0.49844130020508992 -5.1954510241980163)
(0.19128408204438621 0.45955483997001317 -5.2006302416578922)
(2.0000000009871974 1.0504681923723831 -5.1111547013346419)
(-2 2 -5.1009025204832463)
(-1.5347157673213265 1.9999999925056604 -5.1073296169132476)
(-2 1.5348802096839695 -5.1071934610407022)
(-1.049830364177577 2.0000000001766254 -5.1111962658765924)
(-0.53561539973507433 1.9999999880850909 -5.1144919749732392)
(0.00055818881362406931 1.9999999907751052 -5.1158275170042717)
(0.53658827333392856 1.9999999870801255 -5.1144632210329606)
(1.0504782992048445 2.0000000009886381 -5.1111580967831278)
(2 2 -5.1009025204832463)
(1.53501972474932 1.9999999907007484 -5.1073029733925814)
(1.9999999907086927 1.5350130406567628 -5.1073011505042309)
(-2 -2 -4.5948013963369778)
(-1.5355310886910438 -2 -4.5885214968235113)
(-2 -1.5355281209815834 -4.5885210381743669)
(-1.0510596184555194 -2 -4.5897019454666683)
(-0.53664199227077203 -2 -4.5919277421806859)
(0.00030963426787634061 -2 -4.5928100575393875)
(0.53717873128721982 -2 -4.5918787512725316)
(1.0514120349621248 -2 -4.5896344778430587)
(2 -2 -4.5948013963369778)
(1.5356969728141925 -2 -4.5884792852602221)
(1.9999999996846081 -1.5356025197671901 -4.5885681178295181)
(-2 -1.0510512215502195 -4.5896927011611446)
(-0.19170822233792892 -0.46099735817429527 -4.6142753467939528)
(-0.0014343450853798697 -0.4998748141009508 -4.6132730837662148)
(0.18924575570965987 -0.46235587325170807 -4.6111965007565132)
(1.9999999998302005 -1.0511611085787211 -4.5897902970900244)
(-2 -0.5366369615058123 -4.5919288535883362)
(-0.46102216482657921 -0.19164279007447721 -4.6143003041776849)
(-0.35346495987393545 -0.35343222836287297 -4.6145419679284521)
(0.3517442797885228 -0.35497973063021337 -4.6083481154697328)
(0.46095659836732239 -0.19314047309640101 -4.6059131673410034)
(1.9999999993517181 -0.53671715476534165 -4.5920767973679419)
(-2 0.00031538671598360408 -4.5928127259416192)
(-0.49987351001019986 -0.0013207906420614787 -4.6133160823809245)
(0.49991246427403457 -0.0015378941951795615 -4.6049307976250438)
(1.9999999995156421 0.00031676694141557658 -4.5929870934253438)
(-2 0.5371922903426174 -4.5918822676405711)
(-0.46228624787886691 0.18941194829101651 -4.6112181601572981)
(-0.35478801318595427 0.35193456832784104 -4.6083790197101759)
(0.35368742530133951 0.35327056584828453 -4.6054040551851942)
(0.46198220065413415 0.19046979422905036 -4.6051689986972075)
(1.9999999993110846 0.5372644016814776 -4.5920441422965732)
(-2 1.0514186839590944 -4.5896303883436564)
(-0.19279431279345893 0.46109816872863485 -4.6059181235813655)
(-0.0010693164245327421 0.49991015845549419 -4.6049174985761523)
(0.19096408994870184 0.46177542174657138 -4.605154031132388)
(1.9999999998683202 1.0515197173119148 -4.5897470369104969)
(-2 2 -4.5948013963369778)
(-1.5355991535639979 1.9999999996843274 -4.5885675282376139)
(-2 1.5357021971975846 -4.5884810695323797)
(-1.0511558410443012 1.9999999998300757 -4.5897901089294724)
(-0.53671139842373139 1.9999999993511841 -4.5920775062581844)
(0.00032318885287086532 1.9999999995152196 -4.5929892893612454)
(0.53727857767712817 1.9999999993105151 -4.5920472446345793)
(1.051527958118595 1.9999999998681877 -4.5897500756543597)
(2 2 -4.5948013963369778)
(1.5357733942987675 1.9999999996273556 -4.5885428467403946)
(1.9999999996276872 1.535767832057217 -4.5885411944595997)
(-2 -2 -4.0530998472953526)
(-1.5362630657216925 -2 -4.0604767735363989)
(-2 -1.5362601079182914 -4.0604770926665665)
(-1.0521398621460629 -2 -4.0631712060021838)
(-0.53750210713013513 -2 -4.0644719284226367)
(0.00013548434730712238 -2 -4.0649514533876934)
(0.53773907294249634 -2 -4.0644443433847215)
(1.0522949592887627 -2 -4.0631347902673633)
(2 -2 -4.0530998472953526)
(1.5363345008580593 -2 -4.0604526785955786)
(1.9999999999928399 -1.5362926912020729 -4.0604962782538268)
(-2 -1.0521351248751258 -4.0631721351126107)
(-0.19207246452649995 -0.46097434044020974 -4.053121750449451)
(-0.0019591275991281804 -0.49998591040089729 -4.0525553588098369)
(0.18877268599047622 -0.46265535860308282 -4.0516322189323946)
(1.9999999999914959 -1.0521842986682532 -4.0632152343859227)
(-2 -0.53749661010106886 -4.0644734082297358)
(-0.46100820849426749 -0.19204307020250899 -4.0531442612040705)
(-0.35356028022975261 -0.35353992742576978 -4.0533102447344378)
(0.3513900983709688 -0.35544316961757494 -4.0505187753138081)
(0.4607970351528885 -0.19371094452836923 -4.0495207653854628)
(1.9999999999808582 -0.53753506024062847 -4.0645415061028194)
(-2 0.00014160288719613823 -4.0649535949693334)
(-0.4999862246819235 -0.0018986129332826138 -4.0525952351502141)
(0.49998679319151829 -0.0020120559683432506 -4.0488789651004016)
(1.9999999999871438 0.0001360148935158669 -4.0650347100943849)
(-2 0.53774588039821258 -4.06444697031435)
(-0.4626198742483284 0.18886250931380566 -4.0516801599013688)
(-0.35534463818937606 0.35149060445485081 -4.0505649979213958)
(0.35365418898094236 0.35345088622470139 -4.0485679444920049)
(0.46218253378396357 0.1902217619250936 -4.0486167686325807)
(1.9999999999798657 0.53777157548170818 -4.0645206684728903)
(-2 1.0523015645580227 -4.0631371912965877)
(-0.19353630754453757 0.46086976331778862 -4.0495574695670751)
(-0.0017769755120367271 0.49998712604141704 -4.0489042068565144)
(0.19046990278196366 0.46208000176687314 -4.048628648765507)
(1.9999999999930882 1.0523366000479095 -4.0631879994006352)
(-2 2 -4.0530998472953526)
(-1.5362898598376395 1.9999999999928342 -4.0604965786882943)
(-2 1.5363387612488015 -4.0604540180545667)
(-1.052179870333626 1.9999999999914884 -4.0632161131454856)
(-0.53753011704488451 1.9999999999808404 -4.0645429066500656)
(0.00014146909281333655 1.9999999999871334 -4.0650367501895914)
(0.53777790906700118 1.9999999999798488 -4.064523193771076)
(1.0523429920699694 1.999999999993082 -4.063190324701786)
(2 2 -4.0530998472953526)
(1.5363655961806248 1.9999999999926563 -4.0604797104553594)
(1.9999999999926643 1.5363614040043421 -4.0604784103966516)
(-2 -2 -3.534027052409221)
(-1.5368210925528234 -2 -3.5376181584724322)
(-2 -1.5368185189344923 -3.5376192643309006)
(-1.0530431736394805 -2 -3.5394503126033658)
(-0.53821899429195663 -2 -3.5402050158979961)
(4.4012207065489007e-05 -2 -3.5404220056965348)
(0.53829651704118553 -2 -3.5401934931009582)
(1.0530926542086887 -2 -3.5394354311433962)
(2 -2 -3.5340270524092205)
(1.5368432406809902 -2 -3.5376086570316274)
(1.999999999999942 -1.536830944854833 -3.5376245013710954)
(-2 -1.0530388803530433 -3.5394522617232251)
(-0.19212882472376969 -0.46100699875518358 -3.5216809360474977)
(-0.0020017430955916963 -0.4999881834521771 -3.5214313767816456)
(0.18876524654733656 -0.46265413594734367 -3.5210410548517874)
(1.9999999999997473 -1.0530584086133996 -3.5394653954119191)
(-2 -0.53821387239905871 -3.5402072435496286)
(-0.46100534078033079 -0.19211021455701691 -3.5217046133711887)
(-0.35355539351024351 -0.35355074701646788 -3.5217801469340206)
(0.35139685660458364 -0.35543603352105646 -3.5205832990864545)
(0.46079434519831136 -0.19372121911733667 -3.5201559152986208)
(1.9999999999997058 -0.53823118274251935 -3.5402298525505067)
(-2 4.9639786709782629e-05 -3.5404242697536006)
(-0.49998817436794413 -0.0019751047870433689 -3.5214703041813928)
(0.49998864006692478 -0.0020406196654440497 -3.5198403959241107)
(1.9999999999998077 4.2145678086345426e-05 -3.540452076605098)
(-2 0.53830250986192629 -3.5401956151185794)
(-0.46264401964948138 0.18880335627950059 -3.5210924779242263)
(-0.35539682086569208 0.35143809329937192 -3.5206371582708189)
(0.3535951605296323 0.35351157455513976 -3.5196175651579491)
(0.4621847270154183 0.19022020871980319 -3.5196635323365069)
(1.9999999999996785 0.53830462632649079 -3.5402205999293836)
(-2 1.0530981831933568 -3.5394371165873548)
(-0.19364853587973435 0.46082451965567339 -3.5202034814198417)
(-0.0019423722828515817 0.499988876391188 -3.5198747165442192)
(0.19032474467813654 0.46214158186815424 -3.5196892333361198)
(1.9999999999997555 1.0531037471091067 -3.5394535963909455)
(-2 2 -3.5340270524092205)
(-1.5368286287644888 1.9999999999999423 -3.5376256015072887)
(-2 1.5368466495049429 -3.5376095581750899)
(-1.0530546733927966 1.9999999999997473 -3.5394673425861205)
(-0.53822694808503779 1.9999999999997049 -3.5402320889435996)
(4.6736148133084901e-05 1.9999999999998082 -3.5404543544751954)
(0.53830979534867385 1.9999999999996791 -3.5402227324967432)
(1.0531087945484385 1.9999999999997549 -3.5394552880895627)
(2 2 -3.534027052409221)
(1.5368535708435971 1.9999999999999791 -3.5376179962022034)
(1.9999999999999807 1.5368503725420795 -3.5376170903592925)
(-2 -2 -3.0147725217899306)
(-1.5373111521543894 -2 -3.0203050736013677)
(-2 -1.5373086753234071 -3.0203066496143789)
(-1.0537810717975988 -2 -3.0221541497933755)
(-0.53878605955836556 -2 -3.0226161306339625)
(7.8199526136552008e-06 -2 -3.0227075076512446)
(0.5388008859144402 -2 -3.0226124863652237)
(1.0537894597426474 -2 -3.0221495605914721)
(2 -2 -3.0147725217899306)
(1.5373142856737712 -2 -3.0203022217364861)
(1.9999999999999984 -1.537313883425824 -3.0203065248043228)
(-2 -1.0537769274879796 -3.0221568173277964)
(-0.19210645616933053 -0.46102587390336208 -3.0076952822788363)
(-0.0019457803572174354 -0.49998857585004514 -3.0075874870364876)
(0.1888426774869045 -0.46262974493257186 -3.0074338909560918)
(1.9999999999999949 -1.0537854358560053 -3.0221579318124143)
(-2 -0.53878119505500321 -3.0226190907132975)
(-0.46102791233456064 -0.19210137237102629 -3.0077217777786349)
(-0.35355472946481137 -0.35355208810511152 -3.0077403678923322)
(0.35146226301434907 -0.35537127223028492 -3.0072568778804682)
(0.46082691692925914 -0.19364335442784239 -3.0070903946057981)
(1.9999999999999987 -0.53878990197941667 -3.0226227192310384)
(-2 1.3016001195054361e-05 -3.0227103114870939)
(-0.49998858628936688 -0.0019378441417207642 -3.0076364358957228)
(0.49998901598324574 -0.0019750006777967317 -3.0069633894790107)
(1.9999999999999984 6.3491772332688864e-06 -3.0227156400385913)
(-2 0.53880637713698154 -3.0226149112346192)
(-0.46262483348492595 0.18885475766142526 -3.0074969917913044)
(-0.35535750470726624 0.35147619509563938 -3.0073245414506782)
(0.35356843792454162 0.3535383121272439 -3.0068770515679546)
(0.46216571472425338 0.1902664847191691 -3.0068919079593206)
(1.9999999999999976 0.53880168432301878 -3.022619732867255)
(-2 1.0537945001449629 -3.0221513957893191)
(-0.19361849359808131 0.46083734474083426 -3.0071529421652414)
(-0.0019409403863134614 0.49998911346883518 -3.0070111322934738)
(0.19030412626351714 0.46215019831189902 -3.0069176973070801)
(1.9999999999999947 1.0537910274303677 -3.0221542527079901)
(-2 2 -3.0147725217899306)
(-1.5373116260007957 1.9999999999999984 -3.0203080846116994)
(-2 1.5373173761067305 -3.0203031931782101)
(-1.0537818103731755 1.9999999999999949 -3.0221605887251553)
(-0.53878592924153645 1.9999999999999987 -3.0226256836356198)
(1.0461685938391689e-05 1.9999999999999987 -3.0227184616751108)
(0.53880630827039133 1.9999999999999982 -3.0226221809950604)
(1.0537955780591899 1.9999999999999947 -3.0221561110352915)
(2 2 -3.0147725217899306)
(1.5373182112059518 1.9999999999999991 -3.0203052822828131)
(1.9999999999999991 1.5373153227541065 -3.0203042912939502)
(-2 -2 -2.5063842584636884)
(-1.5376366019526206 -2 -2.509910299397959)
(-2 -1.5376339626217219 -2.5099118740107564)
(-1.0542851325975504 -2 -2.5112501283915618)
(-0.53917172108731293 -2 -2.5115810312706572)
(-2.678670957949783e-06 -2 -2.511631648526468)
(0.53916854237012868 -2 -2.5115798246587007)
(1.0542817807651599 -2 -2.5112485449866102)
(2 -2 -2.5063842584636884)
(1.5376343365250151 -2 -2.509909271523469)
(2 -1.5376372848941018 -2.5099105050014772)
(-2 -1.0542807868169357 -2.5112529618058765)
(-0.19207812089550064 -0.4610191290946366 -2.5023443587782426)
(-0.0019020364452458196 -0.499988549217389 -2.5022973468443506)
(0.1888944104689376 -0.46260648601831372 -2.5022404230564557)
(2 -1.0542862235693276 -2.5112507646545832)
(-2 -0.53916679533475331 -2.5115844583007507)
(-0.46102811708203079 -0.1920796906370893 -2.5023725760970166)
(-0.35355415743693785 -0.3535527955791915 -2.5023657678235791)
(0.35150692480087387 -0.35532844313919493 -2.5021774580582692)
(0.46084907064888109 -0.19359024050735629 -2.502121455417027)
(2 -0.53917270394355765 -2.5115822481223833)
(-2 2.4159390510174005e-06 -2.5116352154108439)
(-0.49998876887841137 -0.0018997726073427691 -2.5023486764867884)
(0.49998910587027656 -0.0019288161522814232 -2.502081224579181)
(2 -3.2225995620834782e-06 -2.5116332021773506)
(-2 0.53917394815981412 -2.5115832173561832)
(-0.46259990505896997 0.18889700462688019 -2.5023087719567361)
(-0.35532233302872446 0.35151142410044944 -2.5022517339488171)
(0.35355865853744184 0.35354811767157907 -2.502066394002187)
(0.46215374929404524 0.19029547581128603 -2.5020626659175869)
(2 0.53916828865767119 -2.5115812081549782)
(-2 1.054286809264374 -2.5112513571580464)
(-0.19358156305082089 0.46085298900489829 -2.5021903202721902)
(-0.0019171777607034258 0.49998916215632588 -2.5021340943801111)
(0.19030785051292509 0.46214868356503508 -2.5020913725822451)
(2 1.0542816097614285 -2.5112494260530043)
(-2 2 -2.5063842584636884)
(-1.5376347846070213 2 -2.5099120612681292)
(-2 1.5376374373326682 -2.5099108984588572)
(-1.0542822550295434 2 -2.5112535703287846)
(-0.53916850251600223 2 -2.5115856559105043)
(9.5440503221824626e-07 2 -2.511636774764757)
(0.53917297568624212 2 -2.5115846288561281)
(1.0542862675014593 2 -2.5112522699025099)
(2 2 -2.5063842584636884)
(1.5376371942018097 2 -2.5099112996642758)
(2 1.5376342286155684 -2.5099096533291583)
(-2 -2 -2.0020129341745538)
(-1.5378353678132359 -2 -2.0043040852825396)
(-2 -1.5378325219055908 -2.0043054781660694)
(-1.0545868717935525 -2 -2.0051902656218576)
(-0.53939987108858967 -2 -2.005423534053715)
(-2.051289161898265e-06 -2 -2.005462271784904)
(0.53939320426372828 -2 -2.0054225641006074)
(1.0545811557667635 -2 -2.0051888534901905)
(2 -2 -2.0020129341745538)
(1.537831989819147 -2 -2.0043030734741825)
(2 -1.5378355449714578 -2.0043040880833662)
(-2 -1.0545822165662124 -2.0051930461193996)
(-0.1920589710468425 -0.46100549389127643 -2.0005998709105124)
(-0.0018786014257959986 -0.49998825268620067 -2.0005761965819802)
(0.18892079696157357 -0.4625967627200529 -2.0005539913906913)
(2 -1.0545871439210246 -2.0051903228668051)
(-2 -0.53939470495560693 -2.0054274148142972)
(-0.46098735294661469 -0.19205082305337526 -2.0006283831597806)
(-0.35355217239341852 -0.35355466448220402 -2.0006139199421629)
(0.35152822345244417 -0.35530808233447664 -2.0005326193653672)
(0.4608595680096122 -0.19356527145758209 -2.000516893254408)
(2 -0.53940007838155535 -2.005423673154779)
(-2 4.765193110763494e-07 -2.0054668770015125)
(-0.49998804288893411 -0.0018758697507320649 -2.0006291409072023)
(0.49998904696803831 -0.0019073211152801906 -2.0005098362949578)
(2 -2.1522222825784935e-06 -2.0054624556854037)
(-2 0.539398795349601 -2.0054273884355234)
(-0.46259443760065394 0.18892216865605999 -2.0006240689632877)
(-0.35530526905278509 0.35152942891386663 -2.0006094978368321)
(0.35355555773681002 0.35355122299086972 -2.0005245189257423)
(0.46214854773646741 0.1903079965865187 -2.0005127461137131)
(2 0.53939306405294019 -2.0054227270155498)
(-2 1.0545864031276582 -2.0051930877952238)
(-0.19356211749388777 0.46086096448337449 -2.0005887521507417)
(-0.0019031982096704321 0.49998908680750875 -2.0005654693856032)
(0.19031247677481916 0.46214673423438712 -2.0005430930263448)
(2 1.0545809677255902 -2.0051889622774661)
(-2 2 -2.0020129341745538)
(-1.537832768855586 2 -2.0043054681906978)
(-2 1.5378352373304269 -2.0043055906355294)
(-1.0545826857474878 2 -2.0051930740459838)
(-0.53939532349941444 2 -2.0054275276971691)
(-1.6906080419884478e-07 2 -2.0054670619067445)
(0.53939824466916864 2 -2.0054275791096687)
(1.0545860189791088 2 -2.0051932266744541)
(2 2 -2.0020129341745538)
(1.5378350430855658 2 -2.0043056590929247)
(2 1.5378318647855291 -2.0043031288808306)
(-2 -2 -1.5006075729462927)
(-1.5379521994732013 -2 -1.5016947416183244)
(-2 -1.5379441499237196 -1.5016960341772174)
(-1.0547489952064228 -2 -1.5021727806317771)
(-0.53952405929889569 -2 -1.5023262393083394)
(-2.1585359185678507e-06 -2 -1.5023513599831266)
(0.53951266117960894 -2 -1.5023247557684649)
(1.0547428851400495 -2 -1.5021710552978156)
(2 -2 -1.5006075729462927)
(1.5379435754319488 -2 -1.5016933944523776)
(2 -1.5379522507153913 -1.5016947339553304)
(-2 -1.0547440348231909 -1.5021758790926258)
(-0.19204694316276372 -0.4609901827772277 -1.5001167559626767)
(-0.0018678760585305635 -0.49998766515122745 -1.5001015219869192)
(0.18893202607824655 -0.46259355139438824 -1.5000901108184295)
(2 -1.0547490814417602 -1.5021727755437082)
(-2 -0.53951424447721597 -1.5023308102928417)
(-0.4609899947881887 -0.19204738687091305 -1.5001447101489198)
(-0.35355281626021495 -0.35355396498629016 -1.5001313496132651)
(0.35153679654360859 -0.35530006615201731 -1.5000817207483472)
(0.4608637440453176 -0.19355536259819103 -1.5000788692022344)
(2 -0.53952413269081645 -1.5023262490080338)
(-2 3.4562648894400957e-06 -1.5023576462642079)
(-0.49998766271923895 -0.0018681012693392671 -1.5001554797891237)
(0.49998902418938668 -0.0018988386966864554 -1.5000827816439586)
(2 -2.2045815965664522e-06 -1.5023513681018414)
(-2 0.53952296102713759 -1.5023318578228884)
(-0.46259354720692081 0.18893203613937873 -1.5001595281833189)
(-0.35529992778352204 0.35153693679701475 -1.5001584145269617)
(0.35355442204965676 0.35355235908677834 -1.5001080757000806)
(0.46214652934926054 0.19031287875818498 -1.5000932112541963)
(2 0.53951258948661074 -1.5023247587475013)
(-2 1.0547485029536379 -1.502176978362612)
(-0.19355489641012949 0.46086393984380197 -1.5001516600107836)
(-0.0018977895691806204 0.49998902717568317 -1.500139877950089)
(0.19031437963579195 0.46214590998049865 -1.5001245466707649)
(2 1.0547428010206528 -1.5021710662719472)
(-2 2 -1.5006075729462927)
(-1.537944229202036 2 -1.5016960203760246)
(-2 1.5379520567942553 -1.5016969641229982)
(-1.0547441898673293 2 -1.5021758614154115)
(-0.53951445927043662 2 -1.5023308021108828)
(3.2186585214695451e-06 2 -1.5023576545327424)
(0.53952274815272538 2 -1.5023318789698599)
(1.0547483502010517 2 -1.5021770021320942)
(2 2 -1.5006075729462927)
(1.5379519789650458 2 -1.5016969793901114)
(2 1.537943525447409 -1.5016934035031584)
(-2 -2 -1.0001151524082839)
(-1.5380096709348632 -2 -1.0005922092203361)
(-2 -1.5380013666462549 -1.0005931849071235)
(-1.0548286740302224 -2 -1.0008146082212346)
(-0.5395812240013792 -2 -1.0009002422330551)
(-2.2832572316570538e-06 -2 -1.0009159510691263)
(0.5395694420351187 -2 -1.0008987023323381)
(1.0548223801439334 -2 -1.0008128724855578)
(2 -2 -1.0001151524082839)
(1.5380009094352418 -2 -1.0005908370355541)
(2 -1.5380096862150705 -1.0005922062240085)
(-2 -1.0548234398267442 -1.0008179219935629)
(-0.19204530560922492 -0.46098963183864716 -1.0000031791710431)
(-0.0018654616219123581 -0.49998807565287329 -0.99999565189370443)
(0.18893432277992631 -0.46258945683090091 -0.99998511145327351)
(2 -1.0548287027549006 -1.0008146041878732)
(-2 -0.53957088417600907 -1.0009063751881864)
(-0.46100750016925807 -0.19205411491611071 -1.0000299497827261)
(-0.35355359496859917 -0.35355322188062677 -1.0000199098722244)
(0.35153919769078246 -0.35529559520630882 -0.99997993833984578)
(0.46086560989464892 -0.19355104455136105 -0.99997808372811658)
(2 -0.53958126185706834 -1.0009002393075996)
(-2 3.9947512710499658e-06 -1.0009250016928335)
(-0.49998828539285894 -0.0018682583470044296 -1.0000431123411386)
(0.49998911116501982 -0.0018951014067911125 -0.99998513269341582)
(2 -2.3243752636093414e-06 -1.0009159500327718)
(-2 0.53958055883441003 -1.0009084347914092)
(-0.46259152775969287 0.18893356747555062 -1.0000498932427542)
(-0.35529744823160686 0.35153896159776471 -1.0000528256730905)
(0.35355387508574998 0.35355290611631357 -1.0000137536037808)
(0.46214565634665011 0.19031509410722322 -0.99999779411198941)
(2 0.53956940379593699 -1.0008987034492514)
(-2 1.05482848909075 -1.0008200674998948)
(-0.19355208075855654 0.46086510234067579 -1.0000505470765446)
(-0.0018955852268930657 0.49998908216463583 -1.000042626018441)
(0.1903151532754353 0.46214559709287262 -1.0000324562120935)
(2 1.0548223509457508 -1.0008128753027519)
(-2 2 -1.0001151524082839)
(-1.5380013911856967 2 -1.0005931796908356)
(-2 1.538009576754499 -1.0005947088871174)
(-1.0548234883016587 2 -1.000817914319194)
(-0.53957095222634233 2 -1.0009063692558169)
(3.9187164439464914e-06 2 -1.0009250007128576)
(0.5395804905049324 2 -1.0009084390023801)
(1.0548284402009869 2 -1.0008200740264277)
(2 2 -1.0001151524082839)
(1.5380095519625043 2 -1.0005947135606845)
(2 1.5380008938377678 -1.0005908394653154)
(-2 -2 -0.50001192916962922)
(-1.5380360419220982 -2 -0.50017227662939978)
(-2 -1.5380275517684918 -0.50017200781104165)
(-1.0548635846316896 -2 -0.50024923950529065)
(-0.53960562839902149 -2 -0.50028724182845929)
(-5.747209266462154e-06 -2 -0.50029358772624766)
(0.53959321449393038 -2 -0.50028596573616801)
(1.0548570812902878 -2 -0.50024791999807738)
(2 -2 -0.50001192916962922)
(1.5380272038720118 -2 -0.5001712090323992)
(2 -1.5380360463836049 -0.50017227581482182)
(-2 -1.0548578959600705 -0.50025178982594298)
(-0.19206456444150344 -0.46103433456446202 -0.49998635130460317)
(-0.0018696465691306694 -0.49998884322745757 -0.4999773167265058)
(0.18893277885246021 -0.46258523170749766 -0.49996658659406279)
(2 -1.0548635933002732 -0.50024923833272272)
(-2 -0.53959440642539003 -0.5002947214515775)
(-0.46102566063553807 -0.19206230043621589 -0.50000960497298819)
(-0.35355219990770775 -0.35355466763699089 -0.50000019465599399)
(0.35154018261143971 -0.35529384492169819 -0.49996227781457575)
(0.4608665930183718 -0.1935491364069957 -0.49996074921647599)
(2 -0.53960564033760106 -0.50028724090017285)
(-2 1.6639201601574113e-06 -0.50030569131359404)
(-0.49998864319038883 -0.0018699852691934377 -0.50002284577062373)
(0.49998923717147403 -0.0018932846691381718 -0.49996820163272016)
(2 -5.7604598523964197e-06 -0.50029358743712171)
(-2 0.53960514129651482 -0.5002980140110912)
(-0.46259042593976091 0.18893357369639141 -0.50003001475115283)
(-0.35529588117353067 0.35153979923346351 -0.5000341464245962)
(0.35355375482755308 0.35355302638045344 -0.49999744792202283)
(0.46214527120161997 0.19031614184551948 -0.49998119164941746)
(2 0.53959320246013909 -0.50028596615823206)
(-2 1.0548634152896479 -0.50025507738433539)
(-0.19355018070978675 0.46086587800506412 -0.50003281519215281)
(-0.0018939514796069948 0.49998921338282082 -0.50002575649695247)
(0.19031591659945835 0.46214532721017448 -0.5000161155281394)
(2 1.0548570725085382 -0.50024792083113312)
(-2 2 -0.50001192916962922)
(-1.5380275588955221 2 -0.50017200632578429)
(-2 1.5380359834009829 -0.50017400572074822)
(-1.0548579101342268 2 -0.50025178762999001)
(-0.53959442646631761 2 -0.50029471974530892)
(1.6414695299457707e-06 2 -0.50030569104190448)
(0.53960512119578841 2 -0.50029801523259954)
(1.0548634010204705 2 -0.50025507925845814)
(2 2 -0.50001192916962922)
(1.5380359762184053 2 -0.50017400705400339)
(2 1.5380271993342192 -0.5001712096898312)
(-2 -2 0)
(-1.5380435443780454 -2 -6.373517666717512e-07)
(-2 -1.5380348770454937 -1.9357619662563466e-08)
(-1.0548734100499046 -2 -5.2227457452673746e-06)
(-0.53961261918304826 -2 5.2150738071484e-06)
(-6.1515279565110019e-06 -2 9.5556718659923581e-06)
(0.53959961635582587 -2 5.2123455171192333e-06)
(1.0548667221407562 -2 -4.7142475845194958e-06)
(2 -2 0)
(1.5380346656868988 -2 -4.0722037679564537e-07)
(2 -1.5380435467536699 -6.3744365251867404e-07)
(-2 -1.0548671718743208 9.0384302319518073e-06)
(-0.19206876622815638 -0.46104149310921289 1.1310666581070518e-05)
(-0.0018709418925592666 -0.49998881930904671 2.3087274313280123e-05)
(0.18893472831119945 -0.46259199353465102 3.1740115723602912e-05)
(2 -1.0548734147400156 -5.2228855200276035e-06)
(-2 -0.53960025504480658 -5.8245426350163264e-07)
(-0.46104154113518753 -0.19206864948756089 -1.2325579484990954e-05)
(-0.35355383171395838 -0.35355294947207366 -1.9253709267975586e-06)
(0.3515398606873375 -0.35529440282283609 3.6155209349535471e-05)
(0.46086653224194346 -0.19354894188941899 3.7991209241144989e-05)
(2 -0.53961262575287594 5.2149701680527247e-06)
(-2 2.3294562891407723e-06 -3.8256919363023324e-06)
(-0.49998881940404227 -0.0018709110126242799 -2.4040247974002511e-05)
(0.49998928884670679 -0.001893004677788373 3.0942413256267168e-05)
(2 -6.1588682622271521e-06 9.555670447015631e-06)
(-2 0.53961198277607136 -4.208620023071283e-06)
(-0.4625920024865805 0.18893470592356221 -3.2295909016899413e-05)
(-0.35529441099989284 0.35153985163787305 -3.612657800009871e-05)
(0.35355385878023249 0.35355292240587033 1.8330859709423079e-06)
(0.46214521875269582 0.19031628094146066 1.8101959214203379e-05)
(2 0.53959960974788268 5.2124496866580178e-06)
(-2 1.0548729491639328 5.550991760860292e-06)
(-0.19354891515188918 0.46086654350051359 -3.4741037622374073e-05)
(-0.0018928948758306086 0.49998928857206959 -3.0030900204674952e-05)
(0.19031645625446261 0.4621451450323546 -1.7116151292025522e-05)
(2 1.054866717407225 -4.714108585535404e-06)
(-2 2 0)
(-1.5380348803343697 2 -1.9357157488981102e-08)
(-2 1.5380433152509765 8.2201406277248516e-07)
(-1.054867178456085 2 9.0384331576415102e-06)
(-0.53960026441147935 2 -5.8245199122751088e-07)
(2.318938429591145e-06 2 -3.8256933185942853e-06)
(0.53961197338979283 2 -4.2086199484638215e-06)
(1.054872942547284 2 5.5509890065405663e-06)
(2 2 0)
(1.5380433119427865 2 8.2201367496669708e-07)
(2 1.5380346632816522 -4.0712821355299408e-07)
(-2 -2 0.50001192916962922)
(-1.5380362462216617 -2 0.50017416149525606)
(-2 -1.5380275091575186 0.50017332852505636)
(-1.0548640346922631 -2 0.50025536509041379)
(-0.53960626150169555 -2 0.50029876199751788)
(-6.1021978001178903e-06 -2 0.50030776333315918)
(0.5395933487978456 -2 0.5002980780201185)
(1.05485738445144 -2 0.50025489056857508)
(2 -2 0.50001192916962922)
(1.5380274178299116 -2 0.50017370689090557)
(2 -1.5380362518173152 0.50017416037729046)
(-2 -1.0548575021856892 0.50025166935059961)
(-0.19206242794298195 -0.46102560742465654 0.50000919797473309)
(-0.0018700651552358445 -0.49998864308275304 0.50002276415623048)
(0.18893355206074239 -0.46259043478813405 0.50003043573019357)
(2 -1.0548640456593696 0.50025536346550337)
(-2 -0.5395934766647732 0.50028989169208482)
(-0.46103434252861863 -0.19206454336507109 0.49998445858839846)
(-0.35355473702765677 -0.35355213031407623 0.49999914133795426)
(0.35153980747834396 -0.35529587388487199 0.50003506777307871)
(0.4608658922375754 -0.19355014631735601 0.50003399544364446)
(2 -0.53960627674620398 0.50029876073348711)
(-2 5.6645784058595464e-06 0.50029599481895726)
(-0.49998884320060322 -0.0018696830043986922 0.4999719527251093)
(0.49998921392908452 -0.0018939661008685327 0.50002978032852152)
(2 -6.1191761980705554e-06 0.50030776304186175)
(-2 0.53960543389966009 0.50028812667739397)
(-0.46258524741095874 0.1889327401264537 0.49996099526641635)
(-0.3552938410852815 0.35154018671387077 0.49995727923226774)
(0.35355309723142508 0.3535536839738892 0.49999783416007165)
(0.46214536196098488 0.19031583571498961 0.50001697684881696)
(2 0.53959333345749583 0.50029807877404331)
(-2 1.0548632470376145 0.50024957857722585)
(-0.19354909610120308 0.46086660980007965 0.4999593734776237)
(-0.00189321505229888 0.49998923713844834 0.49996768542240222)
(0.19031621744259636 0.46214523881824643 0.49998130679798924)
(2 1.054857373372037 0.50025489185073047)
(-2 2 0.50001192916962922)
(-1.5380275162708816 2 0.50017332704297657)
(-2 1.53803582147621 0.50017245466531823)
(-1.0548575163328269 2 0.50025166715966496)
(-0.53959349666756318 2 0.50028988998947332)
(5.6421705629276625e-06 2 0.50029599454267926)
(0.53960541383716931 2 0.50028812789553134)
(1.0548632327955223 2 0.50024958044676959)
(2 2 0.50001192916962922)
(1.5380358143072381 2 0.50017245599538585)
(2 1.5380274121581528 0.50017370785033743)
(-2 -2 1.0001151524082839)
(-1.538009885676709 -2 1.0005948093820842)
(-2 -1.5380011940843523 1.0005924190268254)
(-1.0548292052831307 -2 1.0008202597479356)
(-0.53958182385238884 -2 1.0009087788771687)
(-5.6340145184458224e-06 -2 1.0009257634028819)
(0.53956960466242643 -2 1.00090757592406)
(1.0548228058151619 -2 1.0008190338439209)
(2 -2 1.0001151524082839)
(1.5380011355396594 -2 1.0005938230477658)
(2 -1.5380099045668518 1.000594805622357)
(-2 -1.0548228652112879 1.0008154324939933)
(-0.1920542155814699 -0.46100745894349088 1.0000296492362848)
(-0.0018683484784725219 -0.49998828532969108 1.0000431704228294)
(0.1889335121827998 -0.46259155038519484 1.0000501868666194)
(2 -1.0548292418481564 1.0008202543450162)
(-2 -0.53956978346744111 1.0009011851207683)
(-0.46098965660397656 -0.19204524658340327 1.0000005415902289)
(-0.35355329011850445 -0.35355352654655436 1.0000186804261095)
(0.35153894868937563 -0.35529746082439451 1.0000535154307715)
(0.460865106666908 -0.19355206975420589 1.000051432800239)
(2 -0.53958187400703039 1.0009087747045806)
(-2 5.1472099990996051e-06 1.0009175042259593)
(-0.49998807597144146 -0.0018654177362709995 0.99998890403231433)
(0.49998908259990371 -0.0018955878720910231 1.0000460554982926)
(2 -5.689576613455189e-06 1.0009257623652517)
(-2 0.53958089567869383 1.0009009581532073)
(-0.4625894427868173 0.18893435770706341 0.99997773966606729)
(-0.35529557135728096 0.3515392225644407 0.99997307564941995)
(0.35355290092495661 0.35355388027308227 1.0000133241545559)
(0.4621455965066586 0.1903151576399241 1.0000298432504344)
(2 0.5395695541192439 1.0009075782765908)
(-2 1.0548282717287205 1.0008149726188014)
(-0.19355103283782288 0.4608656147386781 0.99997515136525938)
(-0.001895093769043148 0.49998911101434318 0.99998337159558637)
(0.19031509610283368 0.46214565444899924 0.99999678281605697)
(2 1.0548227687791869 1.0008190380207314)
(-2 2 1.0001151524082839)
(-1.5380012185720811 2 1.0005924138200186)
(-2 1.5380094253227325 1.0005923819009632)
(-1.0548229135842992 2 1.000815424834582)
(-0.53956985137479052 2 1.0009011792000455)
(5.0713348849450524e-06 2 1.0009175032473825)
(0.53958082749262537 2 1.0009009623550924)
(1.0548282229413399 2 1.0008149791317726)
(2 2 1.0001151524082839)
(1.5380094005825733 2 1.0005923865649078)
(2 1.538001116332623 1.0005938262366127)
(-2 -2 1.5006075729462927)
(-1.5379524126175685 -2 1.5016970176518649)
(-2 -1.5379439052874062 1.5016947665217897)
(-1.0547493085668216 -2 1.5021770633358162)
(-0.53952433838692693 -2 1.5023319169336151)
(-2.2841239379651811e-06 -2 1.5023575703733141)
(0.53951278479574494 -2 1.5023305753209661)
(1.0547431607850939 -2 1.5021755726117365)
(2 -2 1.5006075729462927)
(1.5379437895703367 -2 1.5016958444336241)
(2 -1.5379524734853305 1.5016970081023775)
(-2 -1.0547435472281204 1.5021731617318517)
(-0.19204761270415696 -0.46098990123528288 1.5001443750342867)
(-0.0018683384507437871 -0.49998766185309163 1.5001555050789186)
(0.18893180246253943 -0.46259364273765036 1.5001597243131199)
(2 -1.0547494174985435 1.502177054728371)
(-2 -0.53951354130909412 1.5023266693267976)
(-0.46099029652469919 -0.19204666870651735 1.5001141691433098)
(-0.3535541598882086 -0.35355262135655735 1.5001301495472747)
(0.35153672594634527 -0.3553001357667594 1.5001588956542191)
(0.46086380486922635 -0.19355521767432093 1.5001521994030482)
(2 -0.53952444979651804 1.5023319234681627)
(-2 4.1278389695105804e-06 1.5023526610445057)
(-0.49998766617967055 -0.0018675853619062829 1.5000976642128778)
(0.49998902639412696 -0.0018981732604040325 1.5001400590954084)
(2 -2.375895889583085e-06 1.502357578505163)
(-2 0.53952321569430828 1.502327002666646)
(-0.46259345808886337 0.18893225435186192 1.5000856267687428)
(-0.35529991052643184 0.35153695448596772 1.5000775357799383)
(0.35355266145162589 0.35355411968576028 1.5001071226360996)
(0.46214606591918772 0.19031400396185974 1.5001242941669319)
(2 0.53951267507767231 1.5023305814945758)
(-2 1.0547483939079927 1.5021732183133603)
(-0.19355512035775713 0.46086384585097234 1.5000756872497587)
(-0.001898498455105169 0.49998902482856944 1.5000806201274255)
(0.19031326040891675 0.4621463709229211 1.5000916466910832)
(2 1.0547430539822358 1.5021755871187705)
(-2 2 1.5006075729462927)
(-1.5379439843968914 2 1.5016947527496771)
(-2 1.5379519049942914 1.5016949499229639)
(-1.0547437019407644 2 1.5021731441003205)
(-0.53951375564009663 2 1.5023266611813673)
(3.8907460313121686e-06 2 1.5023526693196012)
(0.53952300328011094 2 1.5023270237882411)
(1.0547482414849596 2 1.5021732420430935)
(2 2 1.5006075729462927)
(1.5379518273325372 2 1.5016949651615357)
(2 1.5379437299655772 1.5016958553774247)
(-2 -2 2.0020129341745538)
(-1.5378355117111682 -2 2.0043056742134882)
(-2 -1.537832341453776 2.0043045317497752)
(-1.0545870795644632 -2 2.0051931996022421)
(-0.53940003174557705 -2 2.0054273444274342)
(-2.089121078201923e-06 -2 2.0054663976769076)
(0.53939329899374555 -2 2.0054264261909114)
(1.0545813214181763 -2 2.0051918629188585)
(2 -2 2.0020129341745538)
(1.5378321164033519 -2 2.0043047167813213)
(2 -1.5378357092565722 2.004305674349149)
(-2 -1.0545819025090053 2.0051911565343792)
(-0.19205152806074319 -0.46098705937076406 2.0006283921445251)
(-0.0018767907930714834 -0.49998803922131735 2.000629583105682)
(0.18892107655382342 -0.46259488495597428 2.0006247939853776)
(2 -1.0545874010748537 2.0051932523712588)
(-2 -0.53939433328875053 2.0054247089783339)
(-0.46100579991750201 -0.19205823409487574 2.0005981412021714)
(-0.35355518245074952 -0.35355165464122829 2.0006132129565311)
(0.35152833323736032 -0.35530635314491477 2.0006104349293907)
(0.46086021771158947 -0.19356389729906429 2.0005896691740959)
(2 -0.53940032200581489 2.0054274799144163)
(-2 7.7495541024134544e-07 2.0054637352618556)
(-0.49998825591727775 -0.0018776845160279243 2.0005734579212704)
(0.49998908004474624 -0.0019054717126649467 2.0005660206356555)
(2 -2.2893274643583694e-06 2.0054665819487072)
(-2 0.53939888295385885 2.0054243605632336)
(-0.46259635053218862 0.18892180270466391 2.0005506123880967)
(-0.35530711695344552 0.35152919865175353 2.0005291859746928)
(0.35355308565069671 0.35355369509152484 2.0005236473552781)
(0.46214769713854709 0.1903101429691334 2.0005430311818571)
(2 0.53939307590350616 2.0054265934019875)
(-2 1.0545863253957961 2.0051907226376446)
(-0.19356363175425467 0.46086025631082955 2.0005139258203299)
(-0.0019051260946943084 0.49998905317068598 2.0005075410546524)
(0.19031032604856399 0.46214758638375342 2.0005111185549387)
(2 1.0545810840697543 2.0051919766865014)
(-2 2 2.0020129341745538)
(-1.5378325878592911 2 2.0043045218968549)
(-2 1.5378351463102795 2.0043043082275243)
(-1.0545823706363873 2 2.0051911846546573)
(-0.53939495039193963 2 2.0054248220261752)
(1.3093999158377254e-07 2 2.005463920223471)
(0.53939833364572021 2 2.0054245511808859)
(1.0545859422133013 2 2.0051908614107132)
(2 2 2.0020129341745538)
(1.5378349525518846 2 2.0043043766078492)
(2 1.5378319710078243 2.0043047751298664)
(-2 -2 2.5063842584636884)
(-1.5376367113112204 -2 2.5099114363058246)
(-2 -1.5376338436659842 2.5099112295067036)
(-1.0542852954285462 -2 2.5112522096122225)
(-0.53917185836543158 -2 2.5115837013662232)
(-2.7352984095396963e-06 -2 2.5116345170346328)
(0.53916857666556584 -2 2.5115825073938867)
(1.0542818680927755 -2 2.511250644965926)
(2 -2 2.506384258463688)
(1.5376344071384549 -2 2.5099104222520059)
(2 -1.5376374250110305 2.5099116428856707)
(-2 -1.0542805920683944 2.51125170476509)
(-0.19208211829878535 -0.46102710761427562 2.5023736620348296)
(-0.0019031503192845629 -0.49998875609764504 2.5023504822805918)
(0.18889281222115673 -0.46260162365070917 2.5023111625555949)
(2 -1.0542864588139111 2.5112528480718952)
(-2 -0.53916659458370031 2.51158270970235)
(-0.46102007043841836 -0.19207585972805385 2.5023433605656957)
(-0.35355443648185447 -0.35355251684068156 2.5023659340997)
(0.35150711542870106 -0.35532659947521966 2.5022544654251049)
(0.4608499651084213 -0.19358877027363394 2.5021929842673596)
(2 -0.53917295919501929 2.51158492094071)
(-2 2.5464376044544644e-06 2.5116332206846876)
(-0.49998856057361951 -0.0018989848696670864 2.5022950879895354)
(0.49998913379135312 -0.0019266415071550714 2.5021361972728355)
(2 -9.3510499082592007e-07 2.5116360733193428)
(-2 0.53917397223216557 2.5115813164928973)
(-0.46260491195921449 0.18889825032628874 2.5022371330230446)
(-0.35532443461971991 0.35151097191302633 2.5021736526397267)
(0.35355594065845991 0.35355083556378425 2.5020659356342927)
(0.46215274325052763 0.19029800384028653 2.502092369492765)
(2 0.53916820514244279 2.5115838924011809)
(-2 1.0542867566617569 2.5112498876033333)
(-0.19358332820831137 0.4608519709840711 2.5021177121632676)
(-0.0019195726164255762 0.49998913318888638 2.5020780967445497)
(0.19030522105027536 0.46214973160302808 2.5020607172135709)
(2 1.0542816246615005 2.5112515274807432)
(-2 2 2.5063842584636884)
(-1.5376346637537814 2 2.5099114175631296)
(-2 1.5376373794696103 2.5099101043775058)
(-1.0542820567342874 2 2.5112523145755881)
(-0.53916829715436831 2 2.5115839084799392)
(1.0896450530603578e-06 2 2.5116347806482597)
(0.53917300368983878 2 2.5115827280390577)
(1.054286217529389 1.9999999999999998 2.5112508001306342)
(2 2 2.5063842584636884)
(1.5376371376176186 2 2.5099105054013049)
(2 1.5376342683339976 2.5099108053206507)
(-2 -2 3.014772521789931)
(-1.5373112597502878 -2 3.0203058890913215)
(-2 -1.5373086063157335 3.0203062197570847)
(-1.0537812396279667 -2 3.0221556382827797)
(-0.53878621813239735 -2 3.0226180335873156)
(7.7180384844948857e-06 -2 3.0227095490199041)
(0.53880085707723435 -2 3.0226143981345217)
(1.0537894855144552 -2 3.0221510632732334)
(2 -2 3.014772521789931)
(1.5373143175141919 -2 3.0203030487656788)
(1.9999999999999987 -1.5373140214670813 3.0203073552335273)
(-2 -1.0537768176747835 3.0221559765737607)
(-0.19210923770299818 -0.46102464017181571 3.0077252176177871)
(-0.0019482895271132692 -0.49998854906325685 3.0076411282258797)
(0.18884128405069558 -0.46263035970736549 3.0075026994255296)
(1.9999999999999958 -1.0537856707685427 3.0221594437475625)
(-2 -0.53878108515664669 3.0226179335245456)
(-0.4610289082838579 -0.19209916375973213 3.0076948679950206)
(-0.35355732414147667 -0.35354949422563603 3.0077421870500007)
(0.35146197652184058 -0.35537159096880439 3.0073307862802001)
(0.46082720123761928 -0.19364267961897336 3.0071590333453839)
(1.9999999999999982 -0.53879016373575883 3.022624642037306)
(-2 1.3081581066855052e-05 3.022709010836313)
(-0.49998860899666059 -0.0019363197049404026 3.0075845900874896)
(0.49998902069554835 -0.0019729180115772627 3.0070162735846799)
(1.9999999999999982 6.1281173452180834e-06 3.0227176865973995)
(-2 0.5388063794358765 3.022613692851404)
(-0.4626246234636105 0.18885516148339268 3.007428871748647)
(-0.35535790728275907 0.35147575241177736 3.007250579698872)
(0.35356536925003551 0.35354138053160439 3.0068766997757028)
(0.46216449202968601 0.19026945090954248 3.0069204942500702)
(1.9999999999999978 0.53880155196386581 3.0226216365102636)
(-2 1.0537944599620916 3.0221504689330545)
(-0.19362006748974242 0.46083668295613878 3.0070837837525688)
(-0.0019437471810855914 0.49998910694147364 3.0069576932667017)
(0.19030022809165151 0.46215180472762657 3.0068885757879102)
(1.9999999999999947 1.053790984442267 3.0221557448137388)
(-2 2 3.014772521789931)
(-1.5373115495637533 1.9999999999999987 3.0203076594198115)
(-2 1.5373173370556812 3.0203026977900476)
(-1.0537816874804973 1.9999999999999956 3.022159755271804)
(-0.53878580374272222 1.999999999999998 3.0226245331495951)
(1.0541826367314898e-05 1.9999999999999982 3.0227171650428613)
(0.5388063215190243 1.999999999999998 3.0226209639403456)
(1.0537955445558773 1.9999999999999944 3.0221551840993541)
(2 2 3.014772521789931)
(1.5373181751773621 1.9999999999999987 3.0203047865864661)
(1.9999999999999989 1.537315322372506 3.0203051126824363)
(-2 -2 3.534027052409221)
(-1.5368212468547 -2 3.5376187276839373)
(-2 -1.5368185003069386 3.5376189442856316)
(-1.0530434236919934 -2 3.5394513799896248)
(-0.53821925806062398 -2 3.5402064107713835)
(4.3795360130726777e-05 -2 3.5404235198991509)
(0.53829637698900168 -2 3.5401949107212149)
(1.0530925892502241 -2 3.5394365355044521)
(2 -2 3.5340270524092201)
(1.5368432228112854 -2 3.5376092558520531)
(1.9999999999999429 -1.5368311141660207 3.5376251157910197)
(-2 -1.0530388501792813 3.5394516527325735)
(-0.19213485615220857 -0.4609950953450756 3.5217135998899152)
(-0.0020064500966184111 -0.49998807204853646 3.5214778734224823)
(0.18876368263962304 -0.46266031329932639 3.5211019027712074)
(1.9999999999997473 -1.0530586904380701 3.5394665244423846)
(-2 -0.53821384477636325 3.5402064211552982)
(-0.46101428255505533 -0.19211129793476722 3.5216839599797938)
(-0.35356510912158495 -0.35354103906996837 3.5217830936114938)
(0.35139608796653632 -0.35543847434978154 3.5206481185488623)
(0.46079415298495285 -0.19372102225149423 3.5202149520850003)
(1.9999999999997058 -0.53823149183775676 3.5402312861375154)
(-2 4.9648419127209755e-05 3.5404233655690942)
(-0.49998827032923049 -0.0019729663487995448 3.5214270926690263)
(0.49998862497875973 -0.0020380009325116693 3.5198851714227786)
(1.9999999999998077 4.1879374942909223e-05 3.5404535825981478)
(-2 0.53830249304593147 3.5401947862966732)
(-0.46263854827911016 0.18880318438972823 3.5210330846714912)
(-0.35539604669106362 0.35143717793436791 3.5205728515410648)
(0.3535899222733907 0.35351680578363254 3.5196222871027047)
(0.46218281418417373 0.19022474760514238 3.5196955106063128)
(1.9999999999996785 0.53830443908824266 3.5402219737820877)
(-2 1.0530981521853822 3.5394364972815255)
(-0.19365264238012922 0.46082307185581523 3.5201443462034194)
(-0.0019493167856605141 0.49998888134438918 3.5198302050681218)
(0.1903185759063451 0.46214416258229041 3.5196577243371356)
(1.9999999999997551 1.0531036420343831 3.5394546540597873)
(-2 2 3.534027052409221)
(-1.5368285803464885 1.9999999999999427 3.5376253006984912)
(-2 1.5368466251798514 3.5376092313098755)
(-1.0530545937895546 1.9999999999997471 3.5394667631208923)
(-0.53822686700821887 1.9999999999997049 3.5402312936144571)
(4.6789031451696562e-05 1.9999999999998073 3.5404534675972146)
(0.53830980787958704 1.9999999999996785 3.5402219111865096)
(1.0531087792810279 1.9999999999997546 3.5394546706103336)
(2 2 3.5340270524092205)
(1.5368535528568403 1.9999999999999789 3.5376176693499093)
(1.9999999999999798 1.5368503310492447 3.5376176630406673)
(-2 -2 4.0530998472953534)
(-1.5362633657451465 -2 4.0604772481691898)
(-2 -1.5362601719686155 4.0604768282933659)
(-1.0521403549895854 -2 4.0631721177348128)
(-0.53750262748061417 -2 4.064473174771944)
(0.00013504463276874063 -2 4.0649528472413516)
(0.53773875547818606 -2 4.064445652902192)
(1.0522947656948338 -2 4.0631357995967701)
(2 -2 4.0530998472953534)
(1.5363344096397122 -2 4.0604532280809922)
(1.9999999999928402 -1.5362929721673033 4.0604968416560707)
(-2 -1.0521352300318931 4.0631716185517428)
(-0.19208959410810816 -0.46098893692822668 4.0531486594879507)
(-0.001969083069868463 -0.49998610893183487 4.0526013892520476)
(0.18876777024613769 -0.46265897247221399 4.0516899577551575)
(1.9999999999914959 -1.0521847698027793 4.0632162438573207)
(-2 -0.53749670930015092 4.0644727298514276)
(-0.4609933688632093 -0.19202648876174452 4.0531217944396065)
(-0.3535706816177861 -0.35352951849020658 4.0533126907004728)
(0.35138898659131973 -0.35544576303382147 4.0505801325967026)
(0.46079721529264811 -0.19371031521231438 4.0495774528658925)
(1.9999999999808578 -0.53753556657237844 4.0645427643223897)
(-2 0.00014153743770387451 4.0649528698963371)
(-0.499986003692026 -0.0018898179604910862 4.0525526384327568)
(0.49998678630983667 -0.0020079578224987075 4.0489244699441445)
(1.9999999999871436 0.00013558805850003071 4.0650359959743305)
(-2 0.53774585156994104 4.0644463136981965)
(-0.46261700982297732 0.18886555167044974 4.0516250802078728)
(-0.35534453399371296 0.35148919135511036 4.0505059638762289)
(0.35364203724336335 0.35346303249642591 4.048569081047348)
(0.46217960511536266 0.19022875412796258 4.0486422524516774)
(1.999999999979865 0.53777126548269294 4.0645217997624421)
(-2 1.0523015603469397 4.0631366944985361)
(-0.19354216368222665 0.46086741366241291 4.0495031892450246)
(-0.0017943308671950779 0.4999871064429009 4.0488614412494091)
(0.19045238922420912 0.46208725294499114 4.0486057446203692)
(1.9999999999930871 1.0523363990224597 4.0631888451280522)
(-2 2 4.0530998472953534)
(-1.5362898200502044 1.9999999999928344 4.0604963724031649)
(-2 1.5363387645494329 4.0604537502679188)
(-1.0521798103445759 1.9999999999914888 4.0632156848831542)
(-0.5375300508707439 1.9999999999808407 4.0645423093747599)
(0.00014152725717412931 1.9999999999871336 4.0650360793681388)
(0.53777795318348787 1.9999999999798481 4.06452256414532)
(1.0523430220010193 1.9999999999930811 4.0631898376660018)
(2 2 4.0530998472953534)
(1.5363656112821447 1.9999999999926568 4.0604794449929438)
(1.9999999999926641 1.5363613014541486 4.0604788701084518)
(-2 -2 4.5948013963369778)
(-1.5355316688230811 -2 4.5885219266662478)
(-2 -1.5355283884549753 4.5885208078375488)
(-1.0510604546060522 -2 4.5897028018603621)
(-0.53664275973540065 -2 4.5919292149807376)
(0.00030902264280160876 -2 4.5928119717922886)
(0.53717832979102553 -2 4.5918805602455048)
(1.0514118366421996 -2 4.5896358338937429)
(2 -2 4.594801396336976)
(1.5356968850727688 -2 4.5884800133001207)
(1.999999999684605 -1.5356029932075457 4.5885686661189213)
(-2 -1.0510516334624715 4.589692223965109)
(-0.19171962681392588 -0.46099056613333089 4.6143200359437682)
(-0.0014450943451233265 -0.49987395471852886 4.6133122353519509)
(0.18923786405833365 -0.46235922200973578 4.6112189469650078)
(1.9999999998302049 -1.0511618183308438 4.5897912414234145)
(-2 -0.53663733818860471 4.5919281252679713)
(-0.46102927637651525 -0.19163018536082221 4.6143037724059788)
(-0.35347533862294128 -0.35342168850995076 4.6145712068163807)
(0.35174283113284083 -0.35498117171568894 4.608395045192001)
(0.46095750084284726 -0.19313840169059429 4.6059563347672716)
(1.9999999993517192 -0.53671782835591375 4.5920781115816265)
(-2 0.00031521768055301196 4.5928118561378533)
(-0.49987436013029019 -0.0013097180731323238 4.6132810265929445)
(0.4999125249251129 -0.0015311163959818193 4.604966607985566)
(1.9999999995156372 0.0003162230725531889 4.5929885919531142)
(-2 0.53719234953233319 4.5918814487752275)
(-0.46228315390981151 0.18941914291007667 4.6111989433812726)
(-0.3547873294308147 0.35193524213858601 4.6083354819839979)
(0.35367028675123768 0.35328769147787886 4.6054304389302425)
(0.46198112295416488 0.19047248814248582 4.6051912398320241)
(1.9999999993110882 0.53726405925565324 4.5920454241917286)
(-2 1.0514188411278176 4.5896297209222308)
(-0.19279970303862304 0.46109594839247897 4.6058780556526804)
(-0.0010889640726709786 0.49991012954866343 4.6048863051007913)
(0.190949296840453 0.46178155592398329 4.6051378003383743)
(1.9999999998683125 1.0515195491341867 4.5897479553441531)
(-2 2 4.5948013963369778)
(-1.5355991350870795 1.9999999996843314 4.5885674281861641)
(-2 1.5357023248259816 4.5884806687186162)
(-1.0511558143349935 1.9999999998300786 4.5897898349109836)
(-0.53671135737043596 1.9999999993511794 4.5920769679566762)
(0.00032331144038865871 1.9999999995152182 4.5929885523354645)
(0.5372787954325382 1.9999999993105115 4.592046497775061)
(1.0515281820619138 1.9999999998681941 4.5897494389158178)
(2 2 4.5948013963369778)
(1.5357735417104248 1.9999999996273623 4.588542456004534)
(1.9999999996276805 1.5357677552537696 4.5885416801014811)
(-2 -2 5.1009025204832472)
(-1.5345841305091878 -2 5.1072509700791864)
(-2 -1.5345818539038274 5.107249602044666)
(-1.049638509559373 -2 5.1110323141981828)
(-0.5354819631173251 -2 5.1142478660063375)
(0.00053639197913677599 -2 5.1155376942612483)
(0.53641647041667784 -2 5.1141856730558493)
(1.0502601515264116 -2 5.11094814340324)
(2 -2 5.1009025204832472)
(1.5348751706454253 -2 5.1071927471126566)
(1.9999999925120888 -1.5347199481685401 5.1073316244907483)
(-2 -1.0496353816267348 5.1110304159765798)
(-0.19002207913824165 -0.45894716773829058 5.2169386472851373)
(0.00053449733390975953 -0.49756997089399885 5.2171238705815393)
(0.19077081674281435 -0.45922949206519076 5.2121392671269335)
(2.0000000001772755 -1.0498368719370557 5.1111986068954911)
(-2 -0.53547885921213922 5.1142461373994426)
(-0.45900435676730889 -0.18992144234338573 5.216945559892558)
(-0.35147857199182886 -0.35141464322829358 5.2160382118483053)
(0.3523593050859703 -0.35175800977152011 5.2039764549463303)
(0.46052300511458627 -0.19055396027748359 5.1960185258720522)
(1.9999999880947279 -0.53562243541928356 5.1144932240502934)
(-2 0.00054081197494593419 5.1155367628753403)
(-0.4975656316459266 0.00071627888302970186 5.2171288923708872)
(0.49847788403122234 0.00032707621926516346 5.1956518615821388)
(1.9999999907829991 0.0005503541891821455 5.115827104018849)
(-2 0.53642358175148941 5.1141856492132778)
(-0.45911274416667675 0.19102411529464303 5.2121263958740291)
(-0.35146027052082429 0.35264388435527905 5.2039338058200979)
(0.35215003531597727 0.3514769312413959 5.2032978030183736)
(0.45995130867077993 0.19041961582503955 5.2007405551552024)
(1.9999999870909255 0.5365791458435023 5.1144615770878072)
(-2 1.0502684757479674 5.1109480947670329)
(-0.19000156739939134 0.46072618289094447 5.1959225263605493)
(0.0011175180099402195 0.49844207582137523 5.1954312556052367)
(0.191268551300808 0.45956254864044477 5.2006194206033323)
(2.0000000009869559 1.0504692098576687 5.1111563231807597)
(-2 2 5.1009025204832472)
(-1.5347158899756423 1.9999999925056255 5.1073300166945828)
(-2 1.5348809745164649 5.1071922925622699)
(-1.0498305138227142 2.000000000176632 5.1111964042022304)
(-0.53561539729780405 1.9999999880850339 5.114491343734981)
(0.00055854840862151712 1.9999999907751012 5.115826289130931)
(0.53658933274742271 1.9999999870802974 5.1144618738778744)
(1.0504796436759645 2.000000000988909 5.1111566294854658)
(2 2 5.1009025204832472)
(1.5350205215854622 1.9999999907008004 5.1073018290564152)
(1.9999999907086958 1.5350136690534875 5.1073020569423182)
(-2 -2 5.635221377560315)
(-1.533030247124207 -2 5.6158231859763346)
(-2 -1.5330295622168721 5.6158218187861335)
(-1.0471566524721312 -2 5.6165573834896954)
(-0.53360502113028185 -2 5.620232439703841)
(0.00071608876846148339 -2 5.6217168045744152)
(0.53485450891470765 -2 5.6201780534579253)
(1.0479900162198397 -2 5.6164829483866132)
(2 -2 5.6352213775603124)
(1.5334212231826443 -2 5.6157798092927953)
(1.9999998717172069 -1.5332305263254165 5.6159373452964747)
(-2 -1.0471560687063695 5.6165553838426394)
(-0.17683150151545213 -0.43844029431732906 5.8584289502077791)
(0.0070266595988518997 -0.47580413660808163 5.871899586288345)
(0.1871612739247068 -0.43225098923764849 5.8643289476157445)
(2.00000002421275 -1.0474496287427364 5.6167732423138688)
(-2 -0.53360463823981852 5.6202302642365023)
(-0.43846556246756235 -0.17677676658092228 5.8584923859372591)
(-0.33456313956112232 -0.33452697586346097 5.8549609449901689)
(0.34245887095438626 -0.33640160274069381 5.8314508488791521)
(0.45142032711408159 -0.18466680279145095 5.811020335542219)
(1.9999997899431998 -0.53381669299652346 5.6205407639567628)
(-2 0.00071614672239942942 5.6217147647817836)
(-0.47577243453547108 0.0071779617450971767 5.8719383812286834)
(0.48845571013548711 0.010598045608699392 5.8027629611675113)
(1.9999997969948662 0.00072350798540240277 5.6220786836833367)
(-2 0.53486116403967621 5.62017626914015)
(-0.43205495688889312 0.18738086603710188 5.8644693517166999)
(-0.33601898697142563 0.34275257030037409 5.8314394904345246)
(0.33627091294916239 0.33569267342134745 5.855359856656043)
(0.44342249988779181 0.18503388812104332 5.8422376807412526)
(1.999999745018175 0.53507620677230305 5.6205309903973868)
(-2 1.0479982140111577 5.6164807493140083)
(-0.18393946180917847 0.45160310238467477 5.8107278681311509)
(0.011618832196365536 0.48816351229728827 5.802631295228986)
(0.18678664043789026 0.44245730817166845 5.8407962052507454)
(2.0000000267172391 1.0482847956612924 5.6167605513731438)
(-2 2 5.635221377560315)
(-1.5332265142486943 1.9999998716136436 5.6159354884795665)
(-2 1.533426471305563 5.6157778181123366)
(-1.0474429721867335 2.0000000242210629 5.6167707161470855)
(-0.53380874616056206 1.9999997897540982 5.6205383373528841)
(0.00073099364610926568 1.9999997968186825 5.6220768567990484)
(0.5350889394092595 1.9999997448008457 5.6205297472205897)
(1.0482971020250311 2.0000000267305054 5.6167589282300749)
(2 2 5.6352213775603142)
(1.5336265588296909 1.9999998392007419 5.6159350374590895)
(1.9999998393558189 1.5336192859461721 5.6159366303238736)
(-2 -2 6.0922218298170927)
(-1.5304474500948499 -2 6.0952130725670051)
(-2 -1.5304475126546759 6.0952119003319396)
(-1.0435095782423318 -2 6.0982650307763597)
(-0.53102111612129832 -2 6.101538223752029)
(0.0007040251711773627 -2 6.1028819777507612)
(0.53225458056705865 -2 6.1015107542595732)
(1.0443327183024065 -2 6.0982260103256349)
(2 -2 6.0922218298170918)
(1.5308322965783931 -2 6.0951839820324407)
(1.9999989951388191 -1.5306720708984103 6.0953224255094476)
(-2 -1.0435101339531156 6.0982633849931576)
(-0.070597299111357245 -0.30860654750255434 6.5)
(0.042352603203100699 -0.30122768090447566 6.5)
(0.1123077121691073 -0.29700707308505253 6.5)
(2.0000016305037609 -1.0438417683399801 6.0984717015060861)
(-2 -0.53102186517045469 6.1015363638740476)
(-0.30857279212905964 -0.070600135196759686 6.5)
(-0.31061680153086629 -0.31061839073105546 6.3918165423210382)
(0.20983733397606236 -0.23850404343670834 6.5)
(0.43082803735671049 -0.17742955992777021 6.3276381282733762)
(1.9999999460329316 -0.53127657934720207 6.1018234133033715)
(-2 0.00070587018283242546 6.1028798044878743)
(-0.30087463431160411 0.04219262087473849 6.5)
(0.46150488464197792 0.02859851684555199 6.3252429941785095)
(1.9999997405775556 0.00067346275646423717 6.1032150086851402)
(-2 0.53226101132079739 6.1015083785537145)
(-0.29682391492121102 0.11221107206590882 6.5)
(-0.23738942797924073 0.20916494769745103 6.5)
(0.23436576900820083 0.23059636147085016 6.5)
(0.37023233857815518 0.22573202281398613 6.5)
(1.9999999324242721 0.53245014442851513 6.1018436328413017)
(-2 1.0443406099604318 6.0982230144890535)
(-0.17648204177572058 0.43077265439285933 6.327501730938403)
(0.041387777382666968 0.5143910670775762 6.3858036759817702)
(0.22637054364142883 0.36976933235142811 6.5)
(2.0000021491558493 1.0446166605409464 6.0984994823391911)
(-2 2 6.0922218298170927)
(-1.5306674837830998 1.9999989943073095 6.0953207515446861)
(-2 1.5308370977199963 6.0951813282214617)
(-1.0438338217078773 2.000001631996005 6.0984694554375825)
(-0.53126658323233478 1.9999999459623472 6.1018212876363114)
(0.0006860940974755457 1.999999740403799 6.1032131294556455)
(0.53246569341227201 1.9999999324750721 6.1018419197721823)
(1.0446308839774134 2.0000021509884767 6.0984971295168835)
(2 2 6.0922218298170918)
(1.5310375459859924 1.999998789554488 6.0953368369700227)
(1.9999987905614551 1.5310295419080677 6.095339098966277)
(-2 -2 7)
(-2 -2 6.5686584189455326)
(-1.5408799900149652 -2 7)
(-2 -1.5408799900149652 7)
(-1.5299732962047474 -2 6.5559711883946239)
(-2 -1.5299733517569809 6.5559704670139682)
(-1.4249457660623102 -1.4249752958366235 6.9774945100761743)
(-1.0401743726780177 -2 7)
(-1.0403291947312738 -2 6.556402463517351)
(-0.87844097633815177 -1.3069297763889969 6.883188275198683)
(-0.54087999001496501 -2 7)
(-0.53074122443266381 -2 6.5583381480199607)
(-0.41430630981267069 -1.2015851554231354 6.8746099389790167)
(-3.3306690738754696e-16 -2 7)
(0.00044133949115644517 -2 6.5592114345092272)
(0.02236952381284029 -1.2123742321307787 6.9037081669287073)
(0.54087999001496567 -2 7)
(0.53151236369142252 -2 6.5583321606782459)
(0.44742252793237158 -1.2751478631522246 6.9773986563134089)
(1.0401743726780173 -2 7)
(1.0408451489626702 -2 6.5563956371453349)
(0.93237423509570938 -1.3584584856120285 6.9939726139602545)
(2 -2 7)
(2 -2 6.5686584189455317)
(1.5408799900149655 -2 7)
(1.9999904382639979 -1.5410334906774488 7)
(1.5302117625341745 -2 6.555967785033932)
(1.9999892972534494 -1.5301600958223098 6.5560428792925336)
(1.4587964085469394 -1.4459349423372692 6.9909104085221765)
(-2 -1.0401743726780173 7)
(-2 -1.0403295793094205 6.55640160382488)
(-1.3068754913721543 -0.87849163885814541 6.8831738907284814)
(-0.56157566313382101 -0.56187120290905335 6.8524989822101796)
(-0.23043497765336471 -0.46311643555812448 6.5613473344900513)
(-0.1156168731652952 -0.46271215313937175 6.8281266438014425)
(0.27505708818989549 -0.45815262773797449 6.9262256517197551)
(0.77616102706259793 -0.66158977337677405 6.918343222632684)
(1.9999980406278683 -1.0402058355678518 7)
(1.9999877356128692 -1.0405904638952239 6.5565282178398174)
(1.3760772800181258 -0.90561827710911103 6.8902581692035527)
(-2 -0.54087999001496501 7)
(-2 -0.53074173161572646 6.558337265510322)
(-1.2014678379023969 -0.41439439135827838 6.8745725309076686)
(-0.46277014881345102 -0.23052315884953253 6.5616065671127064)
(-0.33696973652786238 -0.33711294097943995 6.5459321280602767)
(0.28691088872097908 -0.17636945065096701 6.5)
(0.31301362664191923 -0.096772945716093517 6.5)
(1.999976330784651 -0.54125997711472462 7)
(2.0000076823751236 -0.53101900060584173 6.5585076257362571)
(1.249074518232103 -0.43063088804107535 6.8273086888886452)
(-2 3.3306690738754696e-16 7)
(-2 0.00044265644405726544 6.5592101546485688)
(-1.2122000945274329 0.022273128623004141 6.9036323939991782)
(-0.46300453920127876 -0.11646009688780003 6.8281877332702177)
(0.39264233019318073 0.020382522767782039 6.5)
(1.9999971785041306 -4.5297287455170476e-05 7)
(1.9999661508426716 0.00036108511708255565 6.5594079485858066)
(1.2082372355920181 -0.0074317004463131057 6.8266937703861581)
(-2 0.54087999001496567 7)
(-2 0.53151690904475812 6.5583307814341536)
(-1.2749243897561515 0.44727313374826927 6.9773230722356772)
(-0.45733630406120296 0.27438707932483564 6.9260952585267432)
(-0.17594527157060069 0.28671397001438209 6.5)
(0.20373455943994667 0.18206915912774768 7)
(0.50585569283890575 0.18917956305770378 7)
(1.9999757037855688 0.54048992322798672 7)
(2.0000083612124122 0.53153019652314504 6.5585307445306169)
(1.2193936236163088 0.41525598283356191 6.8847312843583355)
(-2 1.0401743726780177 7)
(-2 1.0408504639585354 6.5563937723205576)
(-1.3581951118558913 0.93219852837279871 6.9939004072777156)
(-0.66077666737697649 0.77577023891789543 6.9182158572607229)
(-0.094431788329866179 0.31131176997574911 6.5)
(0.045643325309964948 0.74973239104084 6.5787699504512558)
(0.14447872482581253 0.65082097450606402 6.9528805003037091)
(0.61518847572831037 0.6100729288651956 6.8976397617968361)
(1.9999977271283274 1.0401378896366691 7)
(1.999984111757777 1.0409832506893726 6.5565673161622877)
(1.3344628303741606 0.88196256096752768 6.9179639848642314)
(-2 2 7)
(-2 2 6.5686584189455326)
(-1.541022511951982 1.9999904299914477 7)
(-2 1.5408799900149655 7)
(-1.5301541593159858 1.9999892880654144 6.5560416791788496)
(-2 1.5302149268208172 6.5559661728231369)
(-1.4457538144826763 1.4586766242831217 6.9908909278422113)
(-1.0402035858290268 1.9999980389326737 7)
(-1.0405820273420567 1.9999877244841819 6.5565269883324087)
(-0.90521623189927125 1.3757847076037382 6.8902364052491851)
(-0.54123280026971687 1.9999763103066983 7)
(-0.53100465168071453 2.0000076889204785 6.5585065049771547)
(-0.43000765349472186 1.2481147957490082 6.8270454827991198)
(-4.2057663547090396e-05 1.9999971760630502 7)
(0.00037375965886544244 1.9999661212877555 6.5594069042517269)
(-0.0062675623163111031 1.2070787175410405 6.8262566362162653)
(0.5405178199894185 1.9999756827651538 7)
(0.53154870394438747 2.0000083683641772 6.5585299224039284)
(0.41673236966185129 1.2183259971871714 6.8845371614665218)
(1.040140499333706 1.9999977251619014 7)
(1.0409961029275334 1.9999840983538952 6.5565658466837196)
(0.88327336597276329 1.3333855566660355 6.9179619027979271)
(2 2 7)
(2 2 6.5686584189455326)
(1.5407281083071533 1.9999898024499032 7)
(1.9999898112649159 1.5407164096652626 7)
(1.5303050851573266 1.999986447486364 6.5560659777245087)
(1.9999864592862497 1.5302967084576578 6.5560672151666006)
(1.4322613845252978 1.4317033136892379 6.9881167253966163)
)
