flow_time,time_step,x,y,z,Ux,Uy,Uz,omega_x,omega_y,omega_z,Sxx,Sxy,Sxz,Syy,Syz,Szz,dudx,dudy,dudz,dvdx,dvdy,dvdz,dwdx,dwdy,dwdz
0.6,12,-4.5,0.75,0.0,0.9966774,0.00083942554,2.2797483e-06,0.0,0.0,0.0,-0.002196377,0.0007588156,1.8200496e-06,0.0010185855,-2.9929743e-07,0.0011778194,-0.002196377,0.0007585545,1.4439879e-06,0.00075907673,0.0010185855,-1.3071674e-07,2.1961114e-06,-4.678781e-07,0.0011778194
0.6,12,-4.460064,0.75,0.0,0.9965925,0.00086874963,2.298757e-06,0.0,0.0,0.0,-0.002270357,0.0007919177,1.8762577e-06,0.0010513421,-3.1091403e-07,0.0012190138,-0.002270357,0.00079164724,1.4899756e-06,0.0007921881,0.0010513421,-1.3610769e-07,2.2625397e-06,-4.8572036e-07,0.0012190138
0.6,12,-4.420128,0.75,0.0,0.99650514,0.00089921406,2.2100508e-06,0.0,0.0,0.0,-0.0023474123,0.0008267512,1.9347544e-06,0.0010853753,-3.231072e-07,0.0012620316,-0.0023474123,0.00082647614,1.5378806e-06,0.0008270262,0.0010853753,-1.418054e-07,2.3316284e-06,-5.04409e-07,0.0012620316
0.6,12,-4.380192,0.75,0.0,0.99641424,0.00093145017,1.6859702e-06,0.0,0.0,0.0,-0.002427705,0.00086343137,1.9955723e-06,0.0011207515,-3.3587634e-07,0.0013069517,-0.002427705,0.00086315005,1.5877661e-06,0.0008637127,0.0011207515,-1.4779638e-07,2.4033789e-06,-5.239563e-07,0.0013069517
0.6,12,-4.3402557,0.75,0.0,0.9963205,0.0009648338,1.6794298e-06,0.0,0.0,0.0,-0.0025113826,0.0009020611,2.0589032e-06,0.0011575234,-3.4927493e-07,0.001353855,-0.0025113826,0.0009017728,1.6397289e-06,0.00090234936,0.0011575234,-1.5413069e-07,2.4780775e-06,-5.4441915e-07,0.001353855
0.6,12,-4.3003197,0.75,0.0,0.9962235,0.0009997061,1.6889466e-06,0.0,0.0,0.0,-0.002598631,0.0009427793,2.1248934e-06,0.0011957528,-3.633321e-07,0.0014028867,-0.002598631,0.000942486,1.6939626e-06,0.0009430726,0.0011957528,-1.6080831e-07,2.5558243e-06,-5.658559e-07,0.0014028867
0.6,12,-4.2603836,0.75,0.0,0.9961232,0.0010361805,1.6779575e-06,0.0,0.0,0.0,-0.0026896344,0.0009856832,2.1936262e-06,0.001235504,-3.7809528e-07,0.001454138,-0.0026896344,0.0009853834,1.7505228e-06,0.0009859828,0.001235504,-1.6787514e-07,2.6367297e-06,-5.883154e-07,0.001454138
0.6,12,-4.220447,0.75,0.0,0.9960195,0.0010743564,1.647015e-06,0.0,0.0,0.0,-0.0027845951,0.0010309445,2.2652255e-06,0.0012768527,-3.9358585e-07,0.0015077305,-0.0027845951,0.0010306374,1.8094736e-06,0.0010312517,0.0012768527,-1.7531966e-07,2.7209774e-06,-6.1185204e-07,0.0015077305
0.6,12,-4.180511,0.75,0.0,0.9959121,0.0011142847,1.5994532e-06,0.0,0.0,0.0,-0.0028836806,0.0010787151,2.339895e-06,0.0013198813,-4.098736e-07,0.0015638041,-0.0028836806,0.0010784039,1.871099e-06,0.0010790263,0.0013198813,-1.8319328e-07,2.808691e-06,-6.365539e-07,0.0015638041
0.6,12,-4.140575,0.75,0.0,0.9958007,0.0011560358,1.5848159e-06,0.0,0.0,0.0,-0.0029871198,0.0011291306,2.4177975e-06,0.0013646752,-4.2697664e-07,0.0016224805,-0.0029871198,0.0011288096,1.9354006e-06,0.0011294516,0.0013646752,-1.9153781e-07,2.9001944e-06,-6.6241546e-07,0.0016224805
0.6,12,-4.100639,0.75,0.0,0.9956852,0.0011998103,1.5812288e-06,0.0,0.0,0.0,-0.0030951884,0.0011823652,2.4990798e-06,0.0014112721,-4.4497966e-07,0.0016839191,-0.0030951884,0.0011820298,2.002589e-06,0.0011827007,0.0014112721,-2.0037604e-07,2.9955704e-06,-6.895833e-07,0.0016839191
0.6,12,-4.060703,0.75,0.0,0.99556565,0.0012455933,1.5631006e-06,0.0,0.0,0.0,-0.003208036,0.0012386317,2.5839147e-06,0.0014597878,-4.6391742e-07,0.0017482386,-0.003208036,0.0012382879,2.072814e-06,0.0012389754,0.0014597878,-2.0972992e-07,3.0950155e-06,-7.181049e-07,0.0017482386
0.6,12,-4.0207667,0.75,0.0,0.99544156,0.0012936695,1.5418784e-06,0.0,0.0,0.0,-0.0033259904,0.0012981105,2.672577e-06,0.0015103205,-4.8386653e-07,0.0018156673,-0.0033259904,0.0012977512,2.146271e-06,0.0012984698,0.0015103205,-2.1966326e-07,3.198883e-06,-7.4806985e-07,0.0018156673
0.6,12,-3.9808307,0.75,0.0,0.995313,0.0013439903,1.5785297e-06,0.0,0.0,0.0,-0.00344929,0.0013610166,2.7652022e-06,0.0015629318,-5.04856e-07,0.00188634,-0.00344929,0.0013606546,2.2230788e-06,0.0013613788,0.0015629318,-2.3018997e-07,3.3073256e-06,-7.7952205e-07,0.00188634
0.6,12,-3.9408946,0.75,0.0,0.9951796,0.0013967339,1.5547207e-06,0.0,0.0,0.0,-0.0035782054,0.001427572,2.8620047e-06,0.0016177454,-5.2698795e-07,0.0019604866,-0.0035782054,0.0014272092,2.3035086e-06,0.0014279346,0.0016177454,-2.413549e-07,3.4205007e-06,-8.1262095e-07,0.0019604866
0.6,12,-3.9009585,0.75,0.0,0.9950412,0.0014520693,1.5259234e-06,0.0,0.0,0.0,-0.0037130343,0.0014980398,2.9632722e-06,0.0016748414,-5.5034116e-07,0.0020382442,-0.0037130343,0.001497659,2.3876669e-06,0.0014984207,0.0016748414,-2.5326077e-07,3.5388775e-06,-8.474215e-07,0.0020382442
0.6,12,-3.8610225,0.75,0.0,0.99489754,0.0015101383,1.5546399e-06,0.0,0.0,0.0,-0.003854178,0.0015726796,3.0691986e-06,0.0017343604,-5.749488e-07,0.0021198345,-0.003854178,0.0015722853,2.475864e-06,0.0015730739,0.0017343604,-2.6591096e-07,3.662533e-06,-8.839866e-07,0.0021198345
0.6,12,-3.8210862,0.75,0.0,0.9947484,0.0015710844,1.5008931e-06,0.0,0.0,0.0,-0.0040019564,0.0016517823,3.1801196e-06,0.0017963802,-6.0093896e-07,0.0022055581,-0.0040019564,0.0016513763,2.568331e-06,0.0016521884,0.0017963802,-2.793782e-07,3.791908e-06,-9.224997e-07,0.0022055581
0.6,12,-3.78115,0.75,0.0,0.9945936,0.0016351219,1.5402218e-06,0.0,0.0,0.0,-0.0041566314,0.0017356558,3.296244e-06,0.0018610365,-6.283866e-07,0.002295603,-0.0041566314,0.0017352375,2.6652226e-06,0.0017360742,0.0018610365,-2.9373365e-07,3.9272654e-06,-9.630396e-07,0.002295603
0.6,12,-3.741214,0.75,0.0,0.99443275,0.0017024572,1.5032285e-06,0.0,0.0,0.0,-0.004318665,0.0018246318,3.4178802e-06,0.0019284356,-6.5737254e-07,0.0023902196,-0.004318665,0.0018242174,2.7668987e-06,0.0018250461,0.0019284356,-3.0903837e-07,4.068862e-06,-1.0057067e-06,0.0023902196
0.6,12,-3.701278,0.75,0.0,0.9942709,0.0018081055,8.205478e-07,0.0,0.0,0.0,-0.004488411,0.0019190846,3.5454336e-06,0.0019987328,-6.88058e-07,0.0024897077,-0.004488411,0.0019186486,2.8736317e-06,0.0019195206,0.0019987328,-3.2538915e-07,4.2172355e-06,-1.0507268e-06,0.0024897077
0.6,12,-3.661342,0.75,0.0,0.9940973,0.0018840302,6.9661826e-07,0.0,0.0,0.0,-0.004666355,0.002019366,3.6792767e-06,0.0020720311,-7.205048e-07,0.0025944053,-0.004666355,0.0020189413,2.9857226e-06,0.0020197907,0.0020720311,-3.4285807e-07,4.3728305e-06,-1.0981515e-06,0.0025944053
0.6,12,-3.6214056,0.75,0.0,0.9939168,0.0019641009,5.5284625e-07,0.0,0.0,0.0,-0.004853035,0.002125959,3.819702e-06,0.0021484774,-7.548633e-07,0.0027045878,-0.004853035,0.0021255263,3.1034892e-06,0.0021263917,0.0021484774,-3.615214e-07,4.5359157e-06,-1.1482052e-06,0.0027045878
0.6,12,-3.5814695,0.75,0.0,0.99372923,0.002048531,4.5553293e-07,0.0,0.0,0.0,-0.0050488445,0.0022392883,3.9671622e-06,0.0022282351,-7.912614e-07,0.0028206138,-0.0050488445,0.002238818,3.2273251e-06,0.0022397584,0.0022282351,-3.8151336e-07,4.7069993e-06,-1.2010095e-06,0.0028206138
0.6,12,-3.5415335,0.75,0.0,0.9935083,0.002109266,-1.7690013e-07,0.0,0.0,0.0,-0.0052542957,0.0023598466,4.1220515e-06,0.0023114418,-8.298514e-07,0.002942864,-0.0052542957,0.0023593702,3.3575805e-06,0.002360323,0.0023114418,-4.029665e-07,4.8865227e-06,-1.2567363e-06,0.002942864
0.6,12,-3.5015974,0.75,0.0,0.99330354,0.0022020123,-3.062213e-07,0.0,0.0,0.0,-0.005469983,0.0024881733,4.284929e-06,0.0023982716,-8.70779e-07,0.003071721,-0.005469983,0.0024877226,3.4945817e-06,0.002488624,0.0023982716,-4.2593106e-07,5.0752765e-06,-1.315627e-06,0.003071721
0.6,12,-3.4616613,0.75,0.0,0.99309033,0.00229989,-4.6031937e-07,0.0,0.0,0.0,-0.0056965225,0.0026248689,4.4562553e-06,0.0024888834,-9.142782e-07,0.003207627,-0.0056965225,0.0026243366,3.6389658e-06,0.0026254011,0.0024888834,-4.5062714e-07,5.273545e-06,-1.3779293e-06,0.003207627
0.6,12,-3.4217253,0.75,0.0,0.99286824,0.0024033375,-6.649806e-07,0.0,0.0,0.0,-0.0059344275,0.002770524,4.636501e-06,0.0025833936,-9.604465e-07,0.0033510444,-0.0059344275,0.0027699992,3.7911184e-06,0.0027710486,0.0025833936,-4.7714457e-07,5.4818843e-06,-1.4437485e-06,0.0033510444
0.6,12,-3.3817892,0.75,0.0,0.9926368,0.0025124226,-8.2552765e-07,0.0,0.0,0.0,-0.006184495,0.0029258789,4.826397e-06,0.0026820675,-1.0095682e-06,0.0035024504,-0.006184495,0.0029253457,3.9515508e-06,0.002926412,0.0026820675,-5.0572595e-07,5.701243e-06,-1.5134104e-06,0.0035024504
0.6,12,-3.3418531,0.75,0.0,0.9923993,0.0025987655,-1.9801632e-08,0.0,0.0,0.0,-0.006447359,0.003091639,5.0264507e-06,0.002785016,-1.0618629e-06,0.0036624041,-0.006447359,0.0030911076,4.12078e-06,0.00309217,0.002785016,-5.364978e-07,5.932122e-06,-1.587228e-06,0.0036624041
0.6,12,-3.301917,0.75,0.0,0.9921479,0.0027187103,-1.7450407e-07,0.0,0.0,0.0,-0.006723931,0.003268653,5.237462e-06,0.0028924958,-1.117528e-06,0.0038314268,-0.006723931,0.0032681029,4.2993765e-06,0.003269203,0.0028924958,-5.697095e-07,6.1755477e-06,-1.6653463e-06,0.0038314268
0.6,12,-3.2619808,0.75,0.0,0.9918857,0.002845652,-2.759724e-07,0.0,0.0,0.0,-0.0070148185,0.0034577292,5.4600905e-06,0.0030046268,-1.1769109e-06,0.0040102755,-0.0070148185,0.0034571786,4.4881426e-06,0.0034582797,0.0030046268,-6.055879e-07,6.432039e-06,-1.748234e-06,0.0040102755
0.6,12,-3.2220447,0.75,0.0,0.99161184,0.0029803207,-4.3950547e-07,0.0,0.0,0.0,-0.0073210485,0.003659899,5.695075e-06,0.0031216722,-1.2402079e-06,0.004199478,-0.0073210485,0.0036592954,4.6875825e-06,0.0036605028,0.0031216722,-6.443139e-07,6.7025676e-06,-1.836102e-06,0.004199478
0.6,12,-3.1821086,0.75,0.0,0.991326,0.0031229435,-6.051207e-07,0.0,0.0,0.0,-0.0076434053,0.0038761916,5.943484e-06,0.0032437572,-1.3078587e-06,0.004399762,-0.0076434053,0.0038756116,4.8985285e-06,0.0038767718,0.0032437572,-6.8631147e-07,6.98844e-06,-1.929406e-06,0.004399762
0.6,12,-3.1421723,0.75,0.0,0.99104923,0.0032835067,-3.7305085e-07,0.0,0.0,0.0,-0.007983004,0.0041077277,6.2062472e-06,0.0033711772,-1.3801639e-06,0.004611916,-0.007983004,0.004107113,5.1218904e-06,0.004108343,0.0033711772,-7.3181326e-07,7.2906037e-06,-2.0285145e-06,0.004611916
0.6,12,-3.1022363,0.75,0.0,0.9907385,0.0034437524,-7.1936574e-07,0.0,0.0,0.0,-0.008340812,0.004355738,6.484308e-06,0.0035040125,-1.4575666e-06,0.0048368536,-0.008340812,0.0043550995,5.358533e-06,0.004356376,0.0035040125,-7.812e-07,7.6100823e-06,-2.133933e-06,0.0048368536
0.6,12,-3.0623002,0.75,0.0,0.9904147,0.0036137663,-1.1804286e-07,0.0,0.0,0.0,-0.008717988,0.004621662,6.7786996e-06,0.003642613,-1.5404484e-06,0.0050754272,-0.008717988,0.004621047,5.609331e-06,0.004622278,0.003642613,-8.348791e-07,7.948068e-06,-2.2460176e-06,0.0050754272
0.6,12,-3.0223641,0.75,0.0,0.9900732,0.0037706408,5.378365e-08,0.0,0.0,0.0,-0.009115781,0.0049069305,7.0907454e-06,0.0037870943,-1.6293279e-06,0.0053286813,-0.009115781,0.0049062604,5.875341e-06,0.0049076006,0.0037870943,-8.932919e-07,8.30615e-06,-2.365364e-06,0.0053286813
0.6,12,-2.982428,0.75,0.0,0.98969656,0.0040158043,-2.9720718e-07,0.0,0.0,0.0,-0.009535312,0.0052131875,7.421843e-06,0.0039376896,-1.7247625e-06,0.005597601,-0.009535312,0.005212489,6.157721e-06,0.005213886,0.0039376896,-9.570001e-07,8.6859645e-06,-2.4925248e-06,0.005597601
0.6,12,-2.942492,0.75,0.0,0.98932356,0.0042210175,-4.3632463e-07,0.0,0.0,0.0,-0.009977915,0.005542245,7.773226e-06,0.0040945583,-1.8273561e-06,0.005883437,-0.009977915,0.0055415006,6.457767e-06,0.00554299,0.0040945583,-1.0265479e-06,9.088685e-06,-2.628164e-06,0.005883437
0.6,12,-2.902556,0.75,0.0,0.98893374,0.0044390615,-5.494919e-07,0.0,0.0,0.0,-0.0104452735,0.0058959955,8.146587e-06,0.0042579356,-1.9377635e-06,0.006187353,-0.0104452735,0.0058952556,6.776734e-06,0.0058967355,0.0042579356,-1.1025318e-06,9.51644e-06,-2.7729952e-06,0.006187353
0.6,12,-2.8626199,0.75,0.0,0.9885248,0.004671268,-7.9955294e-07,0.0,0.0,0.0,-0.010938591,0.0062766066,8.543827e-06,0.0044279145,-2.0567195e-06,0.0065107793,-0.010938591,0.0062758722,7.1162076e-06,0.006277341,0.0044279145,-1.185806e-06,9.971446e-06,-2.9276327e-06,0.0065107793
0.6,12,-2.8226838,0.75,0.0,0.98806494,0.0049148058,-3.3033666e-07,0.0,0.0,0.0,-0.011459895,0.006686548,8.966515e-06,0.0046047606,-2.1850663e-06,0.0068551605,-0.011459895,0.0066857664,7.4775585e-06,0.006687329,0.0046047606,-1.2770521e-06,1.0455472e-05,-3.0930803e-06,0.0068551605
0.6,12,-2.7827475,0.75,0.0,0.98761445,0.0051785144,-5.759716e-07,0.0,0.0,0.0,-0.012010715,0.0071282014,9.416938e-06,0.0047884556,-2.3236978e-06,0.007222246,-0.012010715,0.0071274466,7.862959e-06,0.007128956,0.0047884556,-1.3773174e-06,1.0970917e-05,-3.2700782e-06,0.007222246
0.6,12,-2.7428114,0.75,0.0,0.9871572,0.00542037,1.9949807e-06,0.0,0.0,0.0,-0.012592659,0.007604542,9.897331e-06,0.0049792184,-2.473696e-06,0.007613573,-0.012592659,0.0076037995,8.27384e-06,0.007605285,0.0049792184,-1.4875704e-06,1.1520823e-05,-3.4598218e-06,0.007613573
0.6,12,-2.7028756,0.75,0.0,0.98666537,0.005697194,4.37423e-06,0.0,0.0,0.0,-0.013208224,0.008118626,1.0410155e-05,0.005177027,-2.636247e-06,0.008031334,-0.013208224,0.008117722,8.712519e-06,0.008119529,0.005177027,-1.6091543e-06,1.2107791e-05,-3.6633398e-06,0.008031334
0.6,12,-2.662939,0.75,0.0,0.98615336,0.006012015,2.6224118e-06,0.0,0.0,0.0,-0.013859222,0.00867399,1.0958192e-05,0.0053819735,-2.8126474e-06,0.008477337,-0.013859222,0.008673052,9.1812035e-06,0.008674928,0.0053819735,-1.7432305e-06,1.2735181e-05,-3.882064e-06,0.008477337
0.6,12,-2.623003,0.75,0.0,0.9856095,0.0063508954,2.7535525e-06,0.0,0.0,0.0,-0.014547796,0.009274324,1.1544495e-05,0.0055939644,-3.0044391e-06,0.008953965,-0.014547796,0.009273306,9.682674e-06,0.009275344,0.0055939644,-1.8916656e-06,1.3406314e-05,-4.1172125e-06,0.008953965
0.6,12,-2.5830672,0.75,0.0,0.98505366,0.0067226784,3.1488207e-06,0.0,0.0,0.0,-0.015276358,0.009924065,1.2172183e-05,0.0058127777,-3.2134683e-06,0.009463782,-0.015276358,0.009923038,1.0219084e-05,0.009925093,0.0058127777,-2.056191e-06,1.4125282e-05,-4.3707455e-06,0.009463782
0.6,12,-2.543131,0.75,0.0,0.98445296,0.00711038,3.1673715e-06,0.0,0.0,0.0,-0.016047621,0.010627501,1.284545e-05,0.0060383696,-3.44124e-06,0.010009251,-0.016047621,0.010626572,1.0794018e-05,0.010628428,0.0060383696,-2.238536e-06,1.4896883e-05,-4.643944e-06,0.010009251
0.6,12,-2.5031948,0.75,0.0,0.9838377,0.0075419326,3.874834e-06,0.0,0.0,0.0,-0.0168639,0.011390114,1.356785e-05,0.0062701884,-3.6902898e-06,0.010593752,-0.0168639,0.011389184,1.141047e-05,0.011391045,0.0062701884,-2.4415285e-06,1.572523e-05,-4.939051e-06,0.010593752
0.6,12,-2.4632587,0.75,0.0,0.9831885,0.007960193,6.533362e-06,0.0,0.0,0.0,-0.017728185,0.0122173205,1.4344352e-05,0.0065079257,-3.963087e-06,0.011220263,-0.017728185,0.012216375,1.2072196e-05,0.012218265,0.0065079257,-2.6677628e-06,1.6616508e-05,-5.258411e-06,0.011220263
0.6,12,-2.4233227,0.75,0.0,0.98252946,0.00847835,1.0073911e-05,0.0,0.0,0.0,-0.018643104,0.013115438,1.517931e-05,0.0067508705,-4.2624843e-06,0.011892439,-0.018643104,0.013114491,1.2782791e-05,0.013116385,0.0067508705,-2.920431e-06,1.7575829e-05,-5.6045374e-06,0.011892439
0.6,12,-2.3833866,0.75,0.0,0.9818017,0.008993569,1.04062765e-05,0.0,0.0,0.0,-0.019612227,0.014091497,1.6079168e-05,0.006998272,-4.591723e-06,0.012614101,-0.019612227,0.01409053,1.3547515e-05,0.014092464,0.006998272,-3.2033174e-06,1.861082e-05,-5.9801287e-06,0.012614101
0.6,12,-2.3434505,0.75,0.0,0.9810317,0.009536936,1.1596935e-05,0.0,0.0,0.0,-0.0206385,0.0151532795,1.7049275e-05,0.0072488813,-4.954566e-06,0.013389617,-0.0206385,0.015152122,1.4370384e-05,0.015154437,0.0072488813,-3.520465e-06,1.9728166e-05,-6.3886673e-06,0.013389617
0.6,12,-2.3035145,0.75,0.0,0.98022527,0.010132297,1.21166595e-05,0.0,0.0,0.0,-0.021725293,0.016309049,1.8097186e-05,0.0075015123,-5.355577e-06,0.014223811,-0.021725293,0.016307835,1.5256837e-05,0.016310265,0.0075015123,-3.8771927e-06,2.0937534e-05,-6.833961e-06,0.014223811
0.6,12,-2.2635782,0.75,0.0,0.9793767,0.0107731335,1.2640605e-05,0.0,0.0,0.0,-0.022875974,0.01756876,1.9230009e-05,0.0077543464,-5.799953e-06,0.0151216015,-0.022875974,0.017567193,1.6212587e-05,0.017570326,0.0077543464,-4.2792367e-06,2.224743e-05,-7.3206697e-06,0.0151216015
0.6,12,-2.223642,0.75,0.0,0.9784826,0.011464214,1.3243725e-05,0.0,0.0,0.0,-0.024094045,0.018942747,2.0456577e-05,0.008005329,-6.293256e-06,0.016089052,-0.024094045,0.01894106,1.7244442e-05,0.018944437,0.008005329,-4.7337458e-06,2.3668712e-05,-7.8527655e-06,0.016089052
0.6,12,-2.183706,0.75,0.0,0.9775405,0.012209458,1.3451582e-05,0.0,0.0,0.0,-0.025383582,0.020442821,2.1786333e-05,0.008251909,-6.8428644e-06,0.017131768,-0.025383582,0.02044114,1.8358694e-05,0.020444501,0.008251909,-5.248539e-06,2.521397e-05,-8.4371895e-06,0.017131768
0.6,12,-2.14377,0.75,0.0,0.97656214,0.013024581,1.578827e-05,0.0,0.0,0.0,-0.026748005,0.022082495,2.3229826e-05,0.008490907,-7.4570266e-06,0.018257277,-0.026748005,0.022080613,1.9563393e-05,0.022084376,0.008490907,-5.8342002e-06,2.6896258e-05,-9.079853e-06,0.018257277
0.6,12,-2.103834,0.75,0.0,0.9755467,0.013895445,2.2038588e-05,0.0,0.0,0.0,-0.02819115,0.023876106,2.479857e-05,0.008718228,-8.14523e-06,0.019472865,-0.02819115,0.023873962,2.0866722e-05,0.02387825,0.008718228,-6.5019753e-06,2.8730416e-05,-9.788485e-06,0.019472865
0.6,12,-2.0638978,0.75,0.0,0.97444683,0.014836318,2.3365534e-05,0.0,0.0,0.0,-0.029716268,0.025839955,2.6506685e-05,0.008929406,-8.919403e-06,0.020787029,-0.029716268,0.025837634,2.2278427e-05,0.025842277,0.008929406,-7.2665202e-06,3.0734944e-05,-1.0572285e-05,0.020787029
0.6,12,-2.0239615,0.75,0.0,0.9732903,0.01586135,2.5660574e-05,0.0,0.0,0.0,-0.031327356,0.0279929,2.8367733e-05,0.0091187395,-9.79339e-06,0.022208933,-0.031327356,0.027990466,2.3807223e-05,0.027995335,0.0091187395,-8.145075e-06,3.2928245e-05,-1.14417035e-05,0.022208933
0.6,12,-1.9840255,0.75,0.0,0.97211754,0.016992189,2.7890641e-05,0.0,0.0,0.0,-0.033027567,0.03035476,3.0398707e-05,0.009279033,-1.0784251e-05,0.02374845,-0.033027567,0.030352062,2.5464578e-05,0.03035746,0.009279033,-9.159402e-06,3.5332836e-05,-1.2409099e-05,0.02374845
0.6,12,-1.9440894,0.75,0.0,0.9708338,0.018191684,2.9696595e-05,0.0,0.0,0.0,-0.03481954,0.032948676,3.2618438e-05,0.009402419,-1.191316e-05,0.025417246,-0.03481954,0.032944802,2.7261292e-05,0.03295255,0.009402419,-1.0336375e-05,3.797558e-05,-1.3489945e-05,0.025417246
0.6,12,-1.9041533,0.75,0.0,0.96948975,0.019521808,2.958636e-05,0.0,0.0,0.0,-0.036706306,0.03580052,3.504537e-05,0.009478628,-1.3205227e-05,0.0272278,-0.036706306,0.0357959,2.9208852e-05,0.03580514,0.009478628,-1.1709642e-05,4.0881892e-05,-1.4700812e-05,0.0272278
0.6,12,-1.8642173,0.75,0.0,0.9680644,0.020940712,3.1633106e-05,0.0,0.0,0.0,-0.038689446,0.03893926,3.770206e-05,0.009495794,-1.4693014e-05,0.029193485,-0.038689446,0.038933635,3.1318737e-05,0.03894489,0.009495794,-1.332349e-05,4.408538e-05,-1.6062539e-05,0.029193485
0.6,12,-1.8242812,0.75,0.0,0.9665708,0.0224746,6.443108e-06,0.0,0.0,0.0,-0.040768746,0.04239691,4.061214e-05,0.009439505,-1.6417684e-05,0.031329658,-0.040768746,0.04238998,3.360274e-05,0.04240384,0.009439505,-1.5234492e-05,4.7621543e-05,-1.7600874e-05,0.031329658
0.6,12,-1.7843449,0.75,0.0,0.9650062,0.024162522,3.9183113e-05,0.0,0.0,0.0,-0.042944964,0.04621005,4.380132e-05,0.009292439,-1.843206e-05,0.033652853,-0.042944964,0.046201795,3.6070287e-05,0.046218302,0.009292439,-1.751897e-05,5.153235e-05,-1.934515e-05,0.033652853
0.6,12,-1.7444088,0.75,0.0,0.9633414,0.025988057,4.4303735e-05,0.0,0.0,0.0,-0.045214545,0.050419595,4.729272e-05,0.009034113,-2.0806587e-05,0.03618101,-0.045214545,0.050409954,3.872291e-05,0.050429236,0.009034113,-2.0281475e-05,5.5862536e-05,-2.1331696e-05,0.03618101
0.6,12,-1.7044728,0.75,0.0,0.9615834,0.027977914,4.543037e-05,0.0,0.0,0.0,-0.04757388,0.055070955,5.111035e-05,0.008639935,-2.3636327e-05,0.038934905,-0.04757388,0.055058584,4.156157e-05,0.055083327,0.008639935,-2.3667506e-05,6.065913e-05,-2.3605146e-05,0.038934905
0.6,12,-1.6645367,0.75,0.0,0.9597394,0.030159986,4.862492e-05,0.0,0.0,0.0,-0.05001535,0.060216583,5.5272118e-05,0.0080799945,-2.7052607e-05,0.041937005,-0.05001535,0.060201157,4.4564607e-05,0.060232006,0.0080799945,-2.7885642e-05,6.597963e-05,-2.6219572e-05,0.041937005
0.6,12,-1.6246006,0.75,0.0,0.95778847,0.03258166,5.133635e-05,0.0,0.0,0.0,-0.05252943,0.065914676,5.978132e-05,0.007319441,-3.1242846e-05,0.045211118,-0.05252943,0.06589478,4.7683312e-05,0.06593457,0.007319441,-3.3246382e-05,7.187932e-05,-2.9239312e-05,0.045211118
0.6,12,-1.5846646,0.75,0.0,0.9557544,0.035195287,5.7179772e-05,0.0,0.0,0.0,-0.05509999,0.07223083,6.461447e-05,0.006315885,-3.6478843e-05,0.048784595,-0.05509999,0.072205536,5.0813243e-05,0.072256126,0.006315885,-4.021593e-05,7.8415695e-05,-3.274176e-05,0.048784595
0.6,12,-1.5447285,0.75,0.0,0.95361954,0.0380688,6.2063984e-05,0.0,0.0,9.2446956e-38,-0.057705924,0.0792416,6.970069e-05,0.005019086,-4.316878e-05,0.05268797,-0.057705924,0.07921118,5.3747415e-05,0.07927202,0.005019086,-4.9520942e-05,8.565396e-05,-3.681662e-05,0.05268797
0.6,12,-1.5047922,0.75,0.0,0.9513761,0.04115942,6.8155015e-05,4.57362e-33,2.1446305e-32,1.0158116e-30,-0.06032057,0.08703117,7.486755e-05,0.0033690373,-5.1936768e-05,0.05695237,-0.06032057,0.08699317,5.6069362e-05,0.08706917,0.0033690373,-6.23156e-05,9.3665745e-05,-4.1557938e-05,0.05695237
0.6,12,-1.4648561,0.75,0.0,0.94905585,0.044733968,7.6479184e-05,6.8430124e-27,3.2087783e-26,1.5198486e-24,-0.06290671,0.09569892,7.9773396e-05,0.0012941263,-6.373729e-05,0.061613046,-0.06290671,0.0956507,5.6972156e-05,0.095747136,0.0012941263,-8.0406055e-05,0.00010257464,-4.706852e-05,0.061613046
0.6,12,-1.4249201,0.75,0.0,0.94663715,0.048546664,8.385423e-05,1.39454e-21,6.5391806e-21,3.097305e-19,-0.06541719,0.10535836,8.376954e-05,-0.001291894,-8.0007696e-05,0.06671074,-0.06541719,0.105298184,5.4874323e-05,0.10541854,-0.001291894,-0.00010656743,0.000112664755,-5.3447962e-05,0.06671074
0.6,12,-1.384984,0.75,0.0,0.9440288,0.052632805,8.879308e-05,3.8708135e-17,1.8150746e-16,8.5971625e-15,-0.06778767,0.116144896,8.5751184e-05,-0.0044937325,-0.0001027111,0.07228252,-0.06778767,0.11606913,4.682406e-05,0.11622066,-0.0044937325,-0.00014454825,0.0001246783,-6.087395e-05,0.07228252
0.6,12,-1.345048,0.75,0.0,0.9413972,0.057266556,0.00010154591,1.4634153e-13,6.8620283e-13,3.250226e-11,-0.06993172,0.12822762,8.415887e-05,-0.008444523,-0.0001337944,0.07837711,-0.06993172,0.12813021,2.7947508e-05,0.12832505,-0.008444523,-0.00019762888,0.00014037023,-6.995991e-05,0.07837711
0.6,12,-1.3051116,0.75,0.0,0.93872446,0.062391203,0.000108070104,7.546464e-11,3.5353404e-10,1.674622e-08,-0.0717092,0.14182276,7.803359e-05,-0.013335072,-0.00017287671,0.085046135,-0.0717092,0.14170498,-6.7853402e-06,0.14194055,-0.013335072,-0.00026298646,0.00016285252,-8.276696e-05,0.085046135
0.6,12,-1.2651758,0.75,0.0,0.93597245,0.06808739,0.000119149685,5.7045395e-09,2.5495488e-08,1.21128e-06,-0.072809935,0.15718417,7.139257e-05,-0.019535951,-0.00021276929,0.0923482,-0.072809935,0.1570536,-5.1547573e-05,0.15731473,-0.019535951,-0.00032238144,0.00019433271,-0.00010315714,0.0923482
0.6,12,-1.2252395,0.75,0.0,0.93316144,0.07429636,0.00012638357,2.6805705e-07,6.071073e-07,3.0717583e-05,-0.07246234,0.1742238,8.3990744e-05,-0.027885575,-0.00024211753,0.1003483,-0.07246234,0.17410909,-6.53521e-05,0.1743385,-0.027885575,-0.00035531825,0.00023333359,-0.0001289168,0.1003483
0.6,12,-1.1853034,0.75,0.0,0.93044895,0.08124676,0.00014698996,1.5414784e-05,2.6381738e-05,0.0014170929,-0.06958355,0.19178522,0.00015522435,-0.039504744,-0.00028290407,0.109088816,-0.06958355,0.1912838,3.507813e-05,0.19228663,-0.039504744,-0.00042608377,0.00027537058,-0.00013972438,0.109088816
0.6,12,-1.1453676,0.75,0.0,0.92791396,0.08899498,0.0001645065,0.00014701851,0.00024580877,0.015310071,-0.06380874,0.21255557,0.00026616207,-0.0547327,-0.0004472113,0.11854146,-0.06380874,0.20578176,0.00032937707,0.21932939,-0.0547327,-0.00076772284,0.00020294706,-0.00012669976,0.11854146
0.6,12,-1.1054313,0.75,0.0,0.9256664,0.09819798,0.00018040232,0.0001872172,0.00027447133,0.037665777,-0.05752786,0.24085781,0.0004842373,-0.071825564,-0.0005184661,0.129358,-0.05752786,0.22028156,0.00073013693,0.26143405,-0.071825564,-0.00087877497,0.00023833769,-0.00015815724,0.129358
0.6,12,-1.065495,0.75,0.0,0.9235837,0.108667135,0.00020006015,2.8359233e-05,-1.6144264e-05,0.03158364,-0.05167839,0.26511934,0.0005908725,-0.090962246,0.00020411384,0.14264311,-0.05167839,0.24530438,0.00078433036,0.2849343,-0.090962246,0.0005911828,0.00039741455,-0.0001829551,0.14264311
0.6,12,-1.0255592,0.75,0.0,0.92175466,0.11965301,0.0002448075,1.8212228e-05,-4.055323e-05,0.021894818,-0.038166106,0.28823644,0.00039497245,-0.11740463,0.00035028384,0.1555736,-0.038166106,0.27763873,0.00046224063,0.29883412,-0.11740463,0.0008865838,0.0003277043,-0.00018601616,0.1555736
0.6,12,-0.9856229,0.75,0.0,0.92061913,0.13188235,0.00022823135,2.649261e-05,-3.7416474e-05,0.022545317,-0.02117017,0.32005775,0.0002587645,-0.14732361,0.00011242756,0.16849306,-0.02117017,0.31109247,0.0002323104,0.32902306,-0.14732361,0.00041875275,0.00028521862,-0.00019389763,0.16849306
0.6,12,-0.9456868,0.75,0.0,0.92021966,0.14485866,0.00027753355,2.1038033e-05,7.494947e-06,0.0031495977,0.0010838455,0.34927127,9.874581e-05,-0.18331617,3.2260803e-05,0.18223388,0.0010838455,0.34840676,4.3108284e-05,0.35013577,-0.18331617,0.00023686067,0.00015438334,-0.00017233906,0.18223388
0.6,12,-0.905751,0.75,0.0,0.9206983,0.1587524,0.00032300307,3.1518528e-05,6.0095103e-05,-0.0013517765,0.02843008,0.38449907,-0.0003331658,-0.2250304,0.0001475078,0.1966035,0.02843008,0.3864699,-0.00040606092,0.38252828,-0.2250304,0.00026394884,-0.00026027072,3.106678e-05,0.1966035
0.6,12,-0.8658147,0.75,0.0,0.9224498,0.17396563,0.00030597448,9.508283e-05,0.00041800624,-0.002685902,0.06860676,0.42034525,-0.0013230963,-0.2798532,0.00023420117,0.21124631,0.06860676,0.42575258,-0.0013849274,0.41493794,-0.2798532,0.0003712214,-0.0012612652,9.7180935e-05,0.21124631
0.6,12,-0.8258784,0.75,0.0,0.9259235,0.1903335,0.0002530648,-7.51988e-05,0.00080360094,-0.003517778,0.12821329,0.4578036,-0.0013736712,-0.35345492,-0.00017992292,0.2252427,0.12821329,0.46421865,-0.0013523628,0.45138854,-0.35345492,0.0003884002,-0.0013949797,-0.00074824604,0.2252427
0.6,12,-0.78594255,0.75,0.0,0.93209314,0.20837332,0.00022374165,-0.0019210225,0.0026624491,-0.0027817187,0.20311725,0.49607858,-0.00048067942,-0.44232705,-0.00010707829,0.23921174,0.20311725,0.49989298,0.00052170333,0.49226418,-0.44232705,0.0009843179,-0.0014830622,-0.0011984744,0.23921174
0.6,12,-0.74600625,0.75,0.0,0.9413353,0.22764602,0.00020638699,-0.0021437136,0.004109917,-0.0030424483,0.29720676,0.52194864,2.1285785e-05,-0.5512134,0.000607886,0.25399914,0.29720676,0.5248382,0.0014637437,0.51905906,-0.5512134,0.0010162804,-0.0014211722,0.00019949157,0.25399914
0.6,12,-0.7060702,0.75,0.0,0.95462394,0.2478202,0.00020341907,0.000562302,0.0022835897,0.0086258715,0.41757467,0.53249794,-8.344199e-05,-0.68551457,0.0007126493,0.26794285,0.41757467,0.52983767,0.00083189266,0.5351582,-0.68551457,8.3981075e-05,-0.0009987766,0.0013413175,0.26794285
0.6,12,-0.66613436,0.75,0.0,0.97294843,0.26856494,0.0001614454,0.00068844936,0.0012578836,0.024148546,0.56036335,0.51801574,-0.0005714327,-0.8424927,0.0015605281,0.2821401,0.56036335,0.5077346,-0.00020525586,0.52829695,-0.8424927,0.0019335875,-0.0009376096,0.0011874688,0.2821401
0.6,12,-0.62619805,0.75,0.0,0.9971262,0.28817767,0.00023816901,0.0003643171,0.0005316475,0.021303805,0.72305185,0.45188951,-0.00052415224,-1.0164148,0.0003257712,0.29331082,0.72305185,0.44423288,-0.0010776384,0.45954612,-1.0164148,0.0002984291,2.9333836e-05,0.00035311328,0.29331082
0.6,12,-0.5862622,0.75,0.0,1.0280068,0.30387715,0.00026355174,0.00027102284,0.0004417232,0.008720813,0.9011308,0.3155169,-0.0003552209,-1.2020605,-1.8985767e-05,0.3008869,0.9011308,0.3151393,-0.0008274633,0.31589445,-1.2020605,-0.0002274375,0.00011702148,0.00018946597,0.3008869
0.6,12,-0.5463259,0.75,0.0,1.0659267,0.31240785,0.00028798508,5.616047e-05,8.7433255e-05,0.0019124226,1.0578507,0.10233472,6.10804e-05,-1.3623775,0.00023890822,0.30451193,1.0578507,0.10663868,-0.00014689768,0.098030776,-1.3623775,0.00025580105,0.00026905848,0.00022201541,0.30451193
0.6,12,-0.5063896,0.75,0.0,1.1091545,0.311776,0.00025582704,1.8270697e-05,1.3286388e-05,0.0020477525,1.1497698,-0.18020621,0.00020851562,-1.4525132,0.00022706777,0.3027327,1.1497698,-0.17468718,0.00023518468,-0.18572526,-1.4525132,0.00028713647,0.00018184655,0.00016699906,0.3027327
0.6,12,-0.46645403,0.75,0.0,1.1547924,0.29898322,0.00027072013,-2.177167e-05,-1.1455009e-05,0.0017154787,1.1490793,-0.5105562,0.00032259114,-1.4444934,0.00023728039,0.29541555,1.1490793,-0.5035268,0.00057089474,-0.5175857,-1.4444934,0.0002677514,7.428754e-05,0.00020680936,0.29541555
0.6,12,-0.4265175,0.75,0.0,1.1985078,0.27274674,0.0002314528,3.4402823e-05,2.569894e-05,0.010533234,1.0289787,-0.8500483,0.00034393984,-1.3101405,1.2284123e-05,0.28115618,1.0289787,-0.8468736,0.0005963478,-0.8532231,-1.3101405,-0.00021705298,9.153192e-05,0.00024162122,0.28115618
0.6,12,-0.38658142,0.75,0.0,1.235443,0.23365825,0.00021554505,0.00026766918,0.00021839903,0.073031254,0.8017777,-1.1420857,7.6155804e-05,-1.0611179,-3.8595317e-06,0.25933215,0.8017777,-1.1713965,0.00020900008,-1.1127748,-1.0611179,-0.00024786888,-5.6688474e-05,0.00024014982,0.25933215
0.6,12,-0.34664536,0.75,0.0,1.2611396,0.18610072,0.0002187592,0.00035531435,0.00070601143,0.2042362,0.4960286,-1.3530607,-0.00013612982,-0.7292393,0.00024743238,0.23320633,0.4960286,-1.4464779,0.00014331531,-1.2596434,-0.7292393,0.00023695102,-0.00041557496,0.00025791375,0.23320633
0.6,12,-0.3067093,0.75,0.0,1.2734737,0.13456897,0.00021131223,0.00038057275,0.00091055885,0.31029707,0.12984537,-1.4518181,-0.00010457734,-0.33379936,0.00093565066,0.20395884,0.12984537,-1.5930694,0.00029396522,-1.3105668,-0.33379936,0.001321377,-0.0005031199,0.00054992427,0.20395884
0.6,12,-0.26677322,0.75,0.0,1.2700852,0.082539134,0.00015648462,0.0005409966,0.0004310392,0.28127936,-0.25898674,-1.3992751,-0.00029238695,0.09107201,0.0010502225,0.16791248,-0.25898674,-1.5237427,-0.00031447172,-1.2748073,0.09107201,0.0013750109,-0.00027030217,0.0007254341,0.16791248
0.6,12,-0.22683716,0.75,0.0,1.2524393,0.034736913,0.00012872707,0.00080771936,0.00039892693,0.14483063,-0.561209,-1.19103,-0.0006555126,0.43604034,-5.0900766e-05,0.12516958,-0.561209,-1.2494695,-0.0008292398,-1.1325905,0.43604034,-0.0008751815,-0.00048178548,0.00077338,0.12516958
0.6,12,-0.18690109,0.75,0.0,1.2256289,-0.0053241453,0.00013596207,0.0008759449,0.00036953442,-0.006705873,-0.70885587,-0.887816,-0.0004429386,0.629225,-0.0003493729,0.07963329,-0.70885587,-0.8728178,-0.00033614135,-0.9028142,0.629225,-0.0014905526,-0.00054973585,0.0007918068,0.07963329
0.6,12,-0.14696455,0.75,0.0,1.1957406,-0.0352476,6.5733126e-05,0.0008118631,0.00023311576,-0.09944723,-0.72127545,-0.5672289,-0.00028726232,0.68050474,-0.00025263394,0.040765934,-0.72127545,-0.5067296,-0.00020288366,-0.6277283,0.68050474,-0.0012061138,-0.00037164096,0.00070084597,0.040765934
0.6,12,-0.10702896,0.75,0.0,1.1669332,-0.05430454,6.3707004e-05,0.00080795755,0.00014988089,-0.118731,-0.651171,-0.28705174,-5.3127427e-05,0.64251214,-0.0005294655,0.008653604,-0.651171,-0.21859702,-0.00017775127,-0.35550645,0.64251214,-0.0014658713,7.149641e-05,0.0004069403,0.008653604
0.6,12,-0.067092896,0.75,0.0,1.1424651,-0.062565185,5.8444915e-05,4.029778e-06,0.00042303256,-0.07101949,-0.5292323,-0.068330415,-4.438535e-05,0.5464591,-0.00033515887,-0.017217714,-0.5292323,-0.026879588,-0.00067699054,-0.10978124,0.5464591,-0.0007701923,0.00058821985,9.987457e-05,-0.017217714
0.6,12,-0.027156353,0.75,0.0,1.1231738,-0.062098622,8.883185e-05,-0.000693374,0.000592101,0.0020643345,-0.3785847,0.069637656,-0.00058802083,0.41190237,0.0006509057,-0.033321902,-0.3785847,0.07298832,-0.0012486049,0.06628699,0.41190237,0.001297272,7.256317e-05,4.5393513e-06,-0.033321902
0.6,12,0.012779236,0.75,0.0,1.1104542,-0.056704655,7.216248e-05,0.00010722061,0.00017265086,0.04011052,-0.22517149,0.11132637,-0.00055365,0.26613677,0.0006341603,-0.04096636,-0.22517149,0.09725518,-0.0009545574,0.12539755,0.26613677,0.0010089015,-0.00015274262,0.0002594191,-0.04096636
0.6,12,0.05271578,0.75,0.0,1.1031133,-0.05070863,8.533755e-05,0.00032110992,3.3208893e-05,0.044087093,-0.09838898,0.08842732,-0.00031471878,0.14259106,0.0005075425,-0.04419686,-0.09838898,0.074029244,-0.000589019,0.1028254,0.14259106,0.0006316172,-4.041857e-05,0.00038346785,-0.04419686
0.6,12,0.092651844,0.75,0.0,1.1007041,-0.046086088,7.8727215e-05,0.0004208588,1.8621207e-05,0.031088922,-0.010237538,0.036573984,-0.00010708155,0.05554461,0.0002713979,-0.045302685,-0.010237538,0.02862116,-0.000119381446,0.044526804,0.05554461,0.00017788933,-9.4781644e-05,0.00036490647,-0.045302685
0.6,12,0.13258791,0.75,0.0,1.1006262,-0.043989923,6.959426e-05,0.00013517798,-2.1265498e-06,0.00972586,0.035716783,-0.0238555,-7.755031e-05,0.009548006,9.555125e-05,-0.04526357,0.035716783,-0.022546105,-5.515205e-05,-0.025164897,0.009548006,-8.1660626e-05,-9.9948564e-05,0.00027276314,-0.04526357
0.6,12,0.17252398,0.75,0.0,1.1023853,-0.04399868,8.5215186e-05,3.860014e-05,-6.132894e-06,0.0036213514,0.055244457,-0.07559466,-5.2188538e-05,-0.010495604,9.4322844e-05,-0.044748325,0.055244457,-0.072145715,-1.7834212e-05,-0.079043604,-0.010495604,-1.0925274e-06,-8.654287e-05,0.00018973822,-0.044748325
0.6,12,0.21246004,0.75,0.0,1.1044259,-0.04590927,7.066775e-05,1.8008592e-05,-4.580652e-06,0.0014619974,0.060797382,-0.12172058,-1.8352785e-05,-0.016884655,9.445579e-05,-0.043909594,0.060797382,-0.11737717,8.1273254e-05,-0.12606399,-0.016884655,1.1312586e-05,-0.00011797882,0.000177599,-0.043909594
0.6,12,0.2523961,0.75,0.0,1.1074064,-0.049440123,0.00013807602,4.9999057e-06,-1.6584132e-06,0.0002837511,0.05491852,-0.16186516,9.4676943e-07,-0.012169147,6.64859e-05,-0.04275196,0.05491852,-0.15653175,0.00011781728,-0.16719857,-0.012169147,-7.8200406e-05,-0.00011592374,0.00021117221,-0.04275196
0.6,12,0.29233217,0.75,0.0,1.1098406,-0.054430727,0.00010878306,8.2682385e-07,-3.5419492e-07,7.741195e-05,0.041943714,-0.19512162,-7.2269904e-06,-0.0006348172,5.7608908e-05,-0.041309174,0.041943714,-0.18926857,4.687895e-05,-0.20097464,-0.0006348172,-0.00011748422,-6.133293e-05,0.00023270203,-0.041309174
0.6,12,0.33226871,0.75,0.0,1.1124728,-0.060803175,0.0001573322,3.2600906e-07,-1.7230872e-07,6.53079e-05,0.024667678,-0.22358957,5.265409e-06,0.01481503,6.1295985e-05,-0.039483014,0.024667678,-0.21749698,-3.2381286e-06,-0.22968218,0.01481503,-9.3401184e-05,1.3768947e-05,0.00021599316,-0.039483014
0.6,12,0.3722043,0.75,0.0,1.1143415,-0.06866289,0.000118758355,2.8888178e-07,-1.5951787e-07,5.9796945e-05,0.0036996636,-0.24867406,2.6588012e-05,0.033555098,4.8236856e-05,-0.037256185,0.0036996636,-0.24251308,-3.464843e-05,-0.25483507,0.033555098,-7.063191e-05,8.7824454e-05,0.00016710562,-0.037256185
0.6,12,0.41214037,0.75,0.0,1.1159513,-0.07791262,0.00018644272,2.6812452e-07,-1.5582e-07,5.2635736e-05,-0.020458493,-0.27103585,4.1753e-05,0.055274602,2.1386386e-05,-0.034817316,-0.020458493,-0.2650066,-7.625705e-05,-0.27706507,0.055274602,-6.410295e-05,0.00015976305,0.00010687572,-0.034817316
0.6,12,0.4520769,0.75,0.0,1.1166207,-0.088359654,0.00017653976,2.5336752e-07,-1.6659814e-07,4.6917376e-05,-0.047480885,-0.29132837,5.3757096e-05,0.08000144,-1.6887305e-05,-0.0325239,-0.047480885,-0.2856604,-0.00012054936,-0.29699638,0.08000144,-8.8906636e-05,0.00022806355,5.5132026e-05,-0.0325239
0.6,12,0.4920125,0.75,0.0,1.1164541,-0.10012154,0.00020528716,2.4208393e-07,-1.8502882e-07,4.3365857e-05,-0.078081205,-0.31073338,6.475253e-05,0.10911294,-6.407091e-05,-0.031034358,-0.078081205,-0.30559608,-0.00014633097,-0.31587067,0.10911294,-0.00014259129,0.00027583604,1.4449474e-05,-0.031034358
0.6,12,0.53194904,0.75,0.0,1.1147686,-0.11320309,0.00021103401,2.2994335e-07,-1.9391699e-07,3.74372e-05,-0.11531606,-0.33010155,6.56549e-05,0.14677279,-0.00011421143,-0.031458776,-0.11531606,-0.3255144,-0.000152615,-0.3346887,0.14677279,-0.0001973568,0.0002839248,-3.1066054e-05,-0.031458776
0.6,12,0.5718851,0.75,0.0,1.111058,-0.12739013,0.00021203689,2.311401e-07,-1.7642819e-07,2.959278e-05,-0.16407391,-0.34713644,4.5995825e-05,0.19922912,-0.00016373716,-0.03516017,-0.16407391,-0.3429982,-0.00015485229,-0.3512747,0.19922912,-0.00023004024,0.00024684393,-9.7434066e-05,-0.03516017
0.6,12,0.6118212,0.75,0.0,1.1048985,-0.14236777,0.00017959616,3.7310764e-07,-8.104291e-08,2.3051021e-05,-0.22729705,-0.35463327,3.1101808e-06,0.27059788,-0.0002133901,-0.04330383,-0.22729705,-0.35078242,-0.00016496165,-0.35848415,0.27059788,-0.00024411586,0.00017118201,-0.00018266433,-0.04330383
0.6,12,0.65175724,0.75,0.0,1.0955304,-0.15730514,0.00019833016,3.8944597e-07,2.0675587e-08,1.2449885e-05,-0.30219588,-0.3422923,-5.652742e-05,0.35850948,-0.00025803578,-0.056317687,-0.30219588,-0.33855745,-0.00020584842,-0.34602714,0.35850948,-0.00025224508,9.279358e-05,-0.00026382649,-0.056317687
0.6,12,0.6916933,0.75,0.0,1.0830295,-0.17133199,0.00015977432,7.6049666e-08,6.8125714e-09,2.167997e-06,-0.37882227,-0.3013293,-9.805949e-05,0.45238885,-0.0002969635,-0.07356937,-0.37882227,-0.29756895,-0.00028383543,-0.3050897,0.45238885,-0.0002465658,8.771645e-05,-0.0003473612,-0.07356937
0.6,12,0.7316294,0.75,0.0,1.0674554,-0.18333523,0.00017032708,7.63873e-09,-2.1093463e-08,-2.0455362e-10,-0.44213703,-0.22995259,-8.510237e-05,0.5355154,-0.00033278024,-0.09337807,-0.44213703,-0.22609688,-0.00037147268,-0.2338083,0.5355154,-0.00023290735,0.00020126793,-0.00043265315,-0.09337807
0.6,12,0.77156544,0.75,0.0,1.0495656,-0.19172703,0.00016906344,4.805998e-08,-2.2304496e-07,-1.1625872e-06,-0.47856778,-0.13535276,-3.0248004e-05,0.59208876,-0.0003086489,-0.11352317,-0.47856778,-0.1315147,-0.00045344455,-0.13919082,0.59208876,-0.0002076005,0.00039294854,-0.00040969727,-0.11352317
0.6,12,0.811502,0.75,0.0,1.0306939,-0.19606449,0.00016468493,9.175368e-08,-3.261422e-07,-1.6584071e-06,-0.48244822,-0.030404303,-1.4842575e-05,0.61451596,-0.0001699625,-0.13206692,-0.48244822,-0.026791785,-0.0005011845,-0.03401682,0.61451596,-0.00012850545,0.00047149934,-0.00021141957,-0.13206692
0.6,12,0.85143757,0.75,0.0,1.012225,-0.19629669,0.00014824023,5.2065804e-08,-5.0229943e-08,-2.228264e-07,-0.4570587,0.07040268,-5.1529438e-05,0.60470104,-9.436017e-06,-0.14763752,-0.4570587,0.073707506,-0.0004527961,0.067097865,0.60470104,-4.7881026e-06,0.00034973724,-1.408393e-05,-0.14763752
0.6,12,0.89137363,0.75,0.0,0.9951815,-0.19284971,7.262174e-05,8.5333305e-09,2.0968753e-09,6.5636714e-09,-0.41039386,0.1555072,-4.821131e-05,0.56963736,5.875455e-05,-0.159242,-0.41039386,0.15856117,-0.00031355364,0.15245326,0.56963736,6.731764e-05,0.00021713102,5.0191466e-05,-0.159242
0.6,12,0.9313102,0.75,0.0,0.980011,-0.18625167,0.0001281956,4.819373e-10,-8.6359475e-11,-1.8470201e-08,-0.35130885,0.21974823,-5.205562e-06,0.5176922,4.8836588e-05,-0.16638528,-0.35130885,0.22261752,-0.00018061207,0.21687894,0.5176922,6.552482e-05,0.00017020095,3.2148353e-05,-0.16638528
0.6,12,0.97124577,0.75,0.0,0.9673142,-0.17742111,0.00012578831,5.414811e-11,-4.119805e-11,-4.0391672e-09,-0.28770146,0.2630487,3.648108e-05,0.45687482,2.0781534e-05,-0.16917494,-0.28770146,0.26576874,-0.00010283944,0.26032868,0.45687482,4.4129745e-05,0.0001758016,-2.5666784e-06,-0.16917494
0.6,12,1.0111823,0.75,0.0,0.9572468,-0.16723813,7.235153e-05,1.5174103e-12,-1.1962415e-12,-1.15553775e-10,-0.22553694,0.28790766,6.3225554e-05,0.39370692,3.908189e-06,-0.16817062,-0.22553694,0.29045615,-7.572716e-05,0.28535914,0.39370692,3.7103368e-05,0.00020217827,-2.928699e-05,-0.16817062
0.6,12,1.0511179,0.75,0.0,0.9493807,-0.15638047,4.2964908e-05,-3.5218608e-12,-3.4819378e-12,-1.2522362e-11,-0.16860624,0.2979235,7.2237664e-05,0.3327367,4.1916737e-06,-0.16413288,-0.16860624,0.3002565,-9.277646e-05,0.29559055,0.3327367,5.0273116e-05,0.00023725179,-4.188977e-05,-0.16413288
0.6,12,1.0910544,0.75,0.0,0.94356114,-0.1450747,9.3897e-05,-2.9879366e-10,-2.9409516e-10,-1.017916e-09,-0.118757784,0.2968501,6.0871767e-05,0.2766141,1.7847507e-05,-0.15785569,-0.118757784,0.29891744,-0.0001518027,0.29478273,0.2766141,6.770554e-05,0.00027354623,-3.201053e-05,-0.15785569
0.6,12,1.1309905,0.75,0.0,0.9395279,-0.13386355,9.37606e-05,-3.4451966e-09,-3.3909318e-09,-1.17359535e-08,-0.07649178,0.28804386,3.066517e-05,0.22658558,2.9181158e-05,-0.15009283,-0.07649178,0.28976673,-0.00022626492,0.28632095,0.22658558,5.1200223e-05,0.00028759526,7.1620925e-06,-0.15009283
0.6,12,1.1709266,0.75,0.0,0.9370205,-0.123085015,4.900504e-05,-5.4105045e-09,-5.3252815e-09,-1.8430683e-08,-0.041626766,0.27426004,-9.807845e-07,0.18319178,1.9240724e-05,-0.1415647,-0.041626766,0.2755271,-0.00024948927,0.27299303,0.18319178,-9.619402e-06,0.0002475277,4.810085e-05,-0.1415647
0.6,12,1.2108626,0.75,0.0,0.935813,-0.11281826,7.7692974e-05,-1.1573028e-09,-1.1390736e-09,-3.9423087e-09,-0.013751943,0.2574553,-1.1799682e-05,0.1466044,-6.136721e-06,-0.13285312,-0.013751943,0.25822753,-0.00019776716,0.25668305,0.1466044,-5.8293004e-05,0.0001741678,4.6019562e-05,-0.13285312
0.6,12,1.2507987,0.75,0.0,0.93539715,-0.10319251,7.096285e-05,-3.3716415e-11,-3.3185333e-11,-1.1485363e-10,0.0078092106,0.23891488,-6.1130413e-06,0.11643187,-2.8010301e-05,-0.124240465,0.0078092106,0.23928243,-0.00012862269,0.23854734,0.11643187,-6.633384e-05,0.00011639661,1.0313241e-05,-0.124240465
0.6,12,1.2907348,0.75,0.0,0.9358619,-0.09435472,7.066644e-05,-1.3378888e-13,-1.3168175e-13,-4.557332e-13,0.02398671,0.219708,-8.809002e-08,0.091842465,-4.082171e-05,-0.115829155,0.02398671,0.21981588,-8.302058e-05,0.21960013,0.091842465,-5.7275127e-05,8.28444e-05,-2.4368288e-05,-0.115829155
0.6,12,1.3306708,0.75,0.0,0.93695354,-0.08631534,5.8602116e-05,-7.230518e-17,-7.1172843e-17,-2.459254e-16,0.0357612,0.20075697,9.141404e-07,0.071936555,-4.671997e-05,-0.10769742,0.0357612,0.20071654,-5.9953578e-05,0.20079741,0.071936555,-4.8478367e-05,6.178186e-05,-4.496158e-05,-0.10769742
0.6,12,1.3706069,0.75,0.0,0.9383909,-0.07899885,6.2643034e-05,-5.3123017e-21,-5.2546345e-21,-1.6591453e-20,0.044039086,0.18270391,-1.366092e-06,0.055886045,-4.8120273e-05,-0.099924974,0.044039086,0.1825869,-4.8828948e-05,0.18282093,0.055886045,-4.2626936e-05,4.6096764e-05,-5.361361e-05,-0.099924974
0.6,12,1.410543,0.75,0.0,0.9401203,-0.072258994,7.708529e-05,-4.7672322e-26,-6.1052965e-26,6.552355e-25,0.049612142,0.16590032,-4.6403857e-06,0.042958543,-4.680475e-05,-0.09257028,0.049612142,0.16574392,-4.29117e-05,0.16605674,0.042958543,-3.8532526e-05,3.3630928e-05,-5.5076973e-05,-0.09257028
0.6,12,1.450479,0.75,0.0,0.94204175,-0.06615403,6.613154e-05,3.4895838e-31,-7.0335535e-31,6.175369e-29,0.053130813,0.15047967,-7.700998e-06,0.032538228,-4.4041193e-05,-0.08566916,0.053130813,0.15030494,-3.9145732e-05,0.15065442,0.032538228,-3.5227727e-05,2.3743736e-05,-5.285466e-05,-0.08566916
0.6,12,1.4904156,0.75,0.0,0.9440702,-0.060612366,6.104131e-05,4.2409568e-36,-6.384312e-36,6.2546195e-34,0.055106204,0.13644576,-1.0134868e-05,0.02412701,-4.0652892e-05,-0.07923258,0.055106204,0.13626738,-3.6284364e-05,0.13662416,0.02412701,-3.2301035e-05,1.6014628e-05,-4.900475e-05,-0.07923258
0.6,12,1.5303512,0.75,0.0,0.9461604,-0.0556723,6.0171154e-05,0.0,0.0,0.0,0.055928774,0.12373476,-1.1898078e-05,0.017330436,-3.71198e-05,-0.07325953,0.055928774,0.123562366,-3.3837907e-05,0.12390716,0.017330436,-2.961455e-05,1.0041751e-05,-4.462505e-05,-0.07325953
0.6,12,1.5702877,0.75,0.0,0.9483176,-0.051153213,4.5337692e-05,0.0,0.0,0.0,0.055896327,0.112253174,-1.3083088e-05,0.0118372515,-3.3691904e-05,-0.06773323,0.055896327,0.11209046,-3.1620322e-05,0.11241588,0.0118372515,-2.7120723e-05,5.454147e-06,-4.0263083e-05,-0.06773323
0.6,12,1.6102238,0.75,0.0,0.95038694,-0.046955884,4.7238547e-05,0.0,0.0,0.0,0.055234548,0.10189824,-1.3806067e-05,0.0074010654,-3.0487525e-05,-0.062636115,0.055234548,0.10174872,-2.9559407e-05,0.10204776,0.0074010654,-2.4808773e-05,1.9472743e-06,-3.6166275e-05,-0.062636115
0.6,12,1.6501598,0.75,0.0,0.9524384,-0.043201488,4.5895868e-05,0.0,0.0,0.0,0.054115213,0.09256723,-1.4175053e-05,0.0038256599,-2.754839e-05,-0.057940945,0.054115213,0.09243104,-2.7628426e-05,0.09270342,0.0038256599,-2.266923e-05,-7.2167984e-07,-3.2427553e-05,-0.057940945
0.6,12,1.6900959,0.75,0.0,0.95456994,-0.03989941,4.324463e-05,0.0,0.0,0.0,0.052669268,0.08415975,-1.4279202e-05,0.00095334847,-2.4883146e-05,-0.053622942,0.052669268,0.08403854,-2.5817682e-05,0.084280945,0.00095334847,-2.0698535e-05,-2.7407223e-06,-2.9067756e-05,-0.053622942
0.6,12,1.730032,0.75,0.0,0.9565282,-0.03681024,3.6745452e-05,0.0,0.0,0.0,0.05099847,0.07658567,-1.4186448e-05,-0.0013433339,-2.2479031e-05,-0.049655214,0.05099847,0.07647833,-2.4120816e-05,0.07669301,-0.0013433339,-1.8887931e-05,-4.25208e-06,-2.6070129e-05,-0.049655214
0.6,12,1.7699685,0.75,0.0,0.9584285,-0.033972517,3.2458676e-05,0.0,0.0,0.0,0.049178436,0.069758415,-1.3949395e-05,-0.0031678404,-2.0316635e-05,-0.046010647,0.049178436,0.06966388,-2.2533713e-05,0.06985294,-0.0031678404,-1.7229318e-05,-5.365076e-06,-2.3403953e-05,-0.046010647
0.6,12,1.8099041,0.75,0.0,0.96026045,-0.031439837,1.9546407e-05,0.0,0.0,0.0,0.04726945,0.06360276,-1.36084955e-05,-0.004604737,-1.8374223e-05,-0.04266452,0.04726945,0.063519664,-2.1052136e-05,0.06368585,-0.004604737,-1.5713005e-05,-6.1648557e-06,-2.103544e-05,-0.04266452
0.6,12,1.8498402,0.75,0.0,0.9620201,-0.029111024,3.283425e-05,0.0,0.0,0.0,0.045315146,0.058049317,-1.3195301e-05,-0.0057234406,-1.6631266e-05,-0.039591897,0.045315146,0.057977635,-1.9670959e-05,0.058121,-0.0057234406,-1.4330295e-05,-6.719643e-06,-1.8932236e-05,-0.039591897
0.6,12,1.8897767,0.75,0.0,0.96368647,-0.026969137,2.7302267e-05,0.0,0.0,0.0,0.043350726,0.053035505,-1.2731138e-05,-0.0065806797,-1.5066016e-05,-0.036769807,0.043350726,0.052973613,-1.838409e-05,0.053097393,-0.0065806797,-1.3071417e-05,-7.078187e-06,-1.7060614e-05,-0.036769807
0.6,12,1.9297123,0.75,0.0,0.9652835,-0.024983305,2.5704601e-05,0.0,0.0,0.0,0.04140108,0.04850521,-1.2235174e-05,-0.007223436,-1.3660363e-05,-0.03417761,0.04140108,0.048452057,-1.7186112e-05,0.048558358,-0.007223436,-1.1926629e-05,-7.284236e-06,-1.5394098e-05,-0.03417761
0.6,12,1.9696484,0.75,0.0,0.9668121,-0.023257978,2.7934957e-05,0.0,0.0,0.0,0.039485052,0.044409007,-1.17204645e-05,-0.0076904716,-1.2397317e-05,-0.031794757,0.039485052,0.044363,-1.6071419e-05,0.044455014,-0.0076904716,-1.0886944e-05,-7.36951e-06,-1.3907688e-05,-0.031794757
0.6,12,2.009585,0.75,0.0,0.96827745,-0.021619461,2.6691097e-05,0.0,0.0,0.0,0.03761742,0.04070154,-1.1198169e-05,-0.008013755,-1.1261866e-05,-0.029603835,0.03761742,0.04066247,-1.5034124e-05,0.0407406,-0.008013755,-9.943086e-06,-7.3622136e-06,-1.2580646e-05,-0.029603835
0.6,12,2.049521,0.75,0.0,0.96966326,-0.020108683,3.1909432e-05,0.0,0.0,0.0,0.035807714,0.037342988,-1.067564e-05,-0.008219759,-1.0240321e-05,-0.027587954,0.035807714,0.037309706,-1.4069341e-05,0.03737627,-0.008219759,-9.087069e-06,-7.2819375e-06,-1.1393573e-05,-0.027587954
0.6,12,2.0894566,0.75,0.0,0.9709804,-0.018722564,2.2816837e-05,0.0,0.0,0.0,0.03406236,0.034297727,-1.01589385e-05,-0.008330365,-9.320191e-06,-0.025731841,0.03406236,0.034268994,-1.3171747e-05,0.034326456,-0.008330365,-8.310467e-06,-7.1461304e-06,-1.03299135e-05,-0.025731841
0.6,12,2.129393,0.75,0.0,0.97224355,-0.017458308,2.1550784e-05,0.0,0.0,0.0,0.032385737,0.031533733,-9.652887e-06,-0.0083637675,-8.49122e-06,-0.024021666,0.032385737,0.03150909,-1.2336667e-05,0.031558372,-0.0083637675,-7.6063957e-06,-6.9691055e-06,-9.3760445e-06,-0.024021666
0.6,12,2.1693292,0.75,0.0,0.97342026,-0.016284872,1.8561703e-05,0.0,0.0,0.0,0.030780202,0.029022725,-9.160076e-06,-0.008335123,-7.743776e-06,-0.022444956,0.030780202,0.029001595,-1.1559524e-05,0.029043855,-0.008335123,-6.968108e-06,-6.7606275e-06,-8.519444e-06,-0.022444956
0.6,12,2.2092648,0.75,0.0,0.97453934,-0.0152054075,1.855183e-05,0.0,0.0,0.0,0.029246777,0.026739277,-8.6839045e-06,-0.00825673,-7.0688934e-06,-0.02098998,0.029246777,0.026721338,-1.0836087e-05,0.026757218,-0.00825673,-6.3887373e-06,-6.5317226e-06,-7.7490495e-06,-0.02098998
0.6,12,2.2492018,0.75,0.0,0.9756096,-0.014210205,8.171645e-06,0.0,0.0,0.0,0.027785586,0.024660524,-8.224774e-06,-0.008139119,-6.4593632e-06,-0.019646332,0.027785586,0.02464508,-1.0162192e-05,0.024675967,-0.008139119,-5.8631394e-06,-6.2873573e-06,-7.0555866e-06,-0.019646332
0.6,12,2.2891374,0.75,0.0,0.97664297,-0.013318067,2.1723059e-05,0.0,0.0,0.0,0.02639517,0.0227664,-7.785208e-06,-0.007990659,-5.9082813e-06,-0.018404381,0.02639517,0.02275314,-9.534963e-06,0.022779662,-0.007990659,-5.3859585e-06,-6.035453e-06,-6.4306046e-06,-0.018404381
0.6,12,2.3290734,0.75,0.0,0.9776104,-0.012457529,2.060183e-05,0.0,0.0,0.0,0.025074221,0.02103863,-7.3645388e-06,-0.007818694,-5.4093553e-06,-0.017255537,0.025074221,0.021027409,-8.950529e-06,0.02104985,-0.007818694,-4.952104e-06,-5.7785483e-06,-5.8666064e-06,-0.017255537
0.6,12,2.36901,0.75,0.0,0.978548,-0.011680318,1.9694986e-05,0.0,0.0,0.0,0.023820953,0.019461107,-6.9634953e-06,-0.007628809,-4.957516e-06,-0.016191982,0.023820953,0.019451408,-8.405821e-06,0.019470805,-0.007628809,-4.5576935e-06,-5.521169e-06,-5.3573385e-06,-0.016191982
0.6,12,2.4089456,0.75,0.0,0.9794388,-0.010961522,1.8591778e-05,0.0,0.0,0.0,0.022632627,0.018019468,-6.5820923e-06,-0.0074260207,-4.5477495e-06,-0.015206675,0.022632627,0.018011242,-7.89807e-06,0.018027693,-0.0074260207,-4.198732e-06,-5.266115e-06,-4.896767e-06,-0.015206675
0.6,12,2.4488816,0.75,0.0,0.98028547,-0.010295756,1.764918e-05,0.0,0.0,0.0,0.021506816,0.016700622,-6.2196887e-06,-0.007214107,-4.175915e-06,-0.014292804,0.021506816,0.016693532,-7.424298e-06,0.01670771,-0.007214107,-3.8719636e-06,-5.0150793e-06,-4.479866e-06,-0.014292804
0.6,12,2.4888182,0.75,0.0,0.98108876,-0.009677743,1.6806858e-05,0.0,0.0,0.0,0.02044096,0.015492767,-5.8763035e-06,-0.0069964416,-3.8379303e-06,-0.013444576,0.02044096,0.015486585,-6.982572e-06,0.015498949,-0.0069964416,-3.5738362e-06,-4.7700355e-06,-4.1020244e-06,-0.013444576
0.6,12,2.5287542,0.75,0.0,0.98186004,-0.009124298,1.6392438e-05,0.0,0.0,0.0,0.019432317,0.014385568,-5.5510422e-06,-0.006775649,-3.5307198e-06,-0.012656696,0.019432317,0.01438025,-6.570171e-06,0.014390885,-0.006775649,-3.301976e-06,-4.5319134e-06,-3.7594637e-06,-0.012656696
0.6,12,2.5686898,0.75,0.0,0.98258656,-0.008591978,1.6718668e-05,0.0,0.0,0.0,0.018478058,0.013369697,-5.243409e-06,-0.0065538315,-3.2509315e-06,-0.011924158,0.018478058,0.013365106,-6.1849773e-06,0.013374289,-0.0065538315,-3.053555e-06,-4.30184e-06,-3.4483078e-06,-0.011924158
0.6,12,2.6086264,0.75,0.0,0.9832678,-0.008120045,1.7413453e-05,0.0,0.0,0.0,0.017575573,0.012436697,-4.952613e-06,-0.0063328715,-2.9961402e-06,-0.0112426635,0.017575573,0.0124327475,-5.8250807e-06,0.012440646,-0.0063328715,-2.8266295e-06,-4.080145e-06,-3.1656507e-06,-0.0112426635
0.6,12,2.6485624,0.75,0.0,0.9838884,-0.0076250685,1.8866343e-05,0.0,0.0,0.0,0.016722001,0.011578997,-4.678025e-06,-0.006114019,-2.7637188e-06,-0.010608012,0.016722001,0.011575539,-5.488826e-06,0.011582455,-0.006114019,-2.6188502e-06,-3.8672247e-06,-2.9085875e-06,-0.010608012
0.6,12,2.688498,0.75,0.0,0.9845166,-0.0071963198,1.7862412e-05,0.0,0.0,0.0,0.015914857,0.010789887,-4.418751e-06,-0.0058984095,-2.5515415e-06,-0.010016509,0.015914857,0.010786897,-5.1744064e-06,0.0107928775,-0.0058984095,-2.4287033e-06,-3.6630952e-06,-2.6743799e-06,-0.010016509
0.6,12,2.728435,0.75,0.0,0.985114,-0.0067964103,1.874785e-05,0.0,0.0,0.0,0.015151736,0.010062976,-4.1743524e-06,-0.005686948,-2.3576504e-06,-0.009464832,0.015151736,0.010060375,-4.8802117e-06,0.010065577,-0.005686948,-2.2542558e-06,-3.4684933e-06,-2.461045e-06,-0.009464832
0.6,12,2.7683706,0.75,0.0,0.9856822,-0.006424494,1.7952087e-05,0.0,0.0,0.0,0.014430068,0.00939302,-3.943779e-06,-0.0054803006,-2.1803278e-06,-0.008949784,0.014430068,0.009390722,-4.60506e-06,0.009395318,-0.0054803006,-2.0942364e-06,-3.2824983e-06,-2.2664192e-06,-0.008949784
0.6,12,2.8083067,0.75,0.0,0.98622465,-0.0060779853,1.6870683e-05,0.0,0.0,0.0,0.013747539,0.00877481,-3.726405e-06,-0.005278969,-2.0179878e-06,-0.008468653,0.013747539,0.00877285,-4.3473474e-06,0.008776769,-0.005278969,-1.947346e-06,-3.1054628e-06,-2.0886293e-06,-0.008468653
0.6,12,2.8482432,0.75,0.0,0.9867427,-0.0057750056,1.6283162e-05,0.0,0.0,0.0,0.013102049,0.00820386,-3.5214691e-06,-0.005083212,-1.8692253e-06,-0.008018768,0.013102049,0.008202064,-4.105943e-06,0.008205657,-0.005083212,-1.812199e-06,-2.9369953e-06,-1.9262516e-06,-0.008018768
0.6,12,2.8881788,0.75,0.0,0.9872311,-0.005466581,1.5822092e-05,0.0,0.0,0.0,0.012491397,0.007676174,-3.3284182e-06,-0.0048934305,-1.7327877e-06,-0.0075978953,0.012491397,0.0076746037,-3.8796916e-06,0.0076777437,-0.0048934305,-1.6879422e-06,-2.7771448e-06,-1.7776333e-06,-0.0075978953
0.6,12,2.928115,0.75,0.0,0.98768765,-0.0051962673,1.5984439e-05,0.0,0.0,0.0,0.0119136395,0.0071879714,-3.1464147e-06,-0.004709786,-1.6075376e-06,-0.0072038705,0.0119136395,0.007186614,-3.667479e-06,0.007189329,-0.004709786,-1.5733503e-06,-2.6253504e-06,-1.6417249e-06,-0.0072038705
0.6,12,2.9680514,0.75,0.0,0.9881676,-0.004928967,1.5055121e-05,0.0,0.0,0.0,0.011366779,0.0067359656,-2.9748085e-06,-0.0045322357,-1.4924615e-06,-0.0068345596,0.011366779,0.006734743,-3.4683949e-06,0.006737189,-0.0045322357,-1.467867e-06,-2.481222e-06,-1.5170559e-06,-0.0068345596
0.6,12,3.0079875,0.75,0.0,0.98859423,-0.004677958,1.4363337e-05,0.0,0.0,0.0,0.010849214,0.006317131,-2.8132813e-06,-0.0043609086,-1.3867327e-06,-0.006488328,0.010849214,0.0063160122,-3.2815517e-06,0.00631825,-0.0043609086,-1.3705582e-06,-2.345011e-06,-1.4029074e-06,-0.006488328
0.6,12,3.047923,0.75,0.0,0.9890032,-0.0044450355,1.4475039e-05,0.0,0.0,0.0,0.010359026,0.005928678,-2.660856e-06,-0.004195763,-1.2892758e-06,-0.0061633335,0.010359026,0.0059277243,-3.1060713e-06,0.0059296316,-0.004195763,-1.2805433e-06,-2.2156405e-06,-1.2980082e-06,-0.0061633335
0.6,12,3.0878596,0.75,0.0,0.98939365,-0.004227258,1.3707619e-05,0.0,0.0,0.0,0.009894911,0.0055681253,-2.5173717e-06,-0.004036758,-1.1996176e-06,-0.005858178,0.009894911,0.0055672764,-2.9413395e-06,0.005568974,-0.004036758,-1.1974292e-06,-2.093404e-06,-1.2018058e-06,-0.005858178
0.6,12,3.1277957,0.75,0.0,0.9897646,-0.0040195133,1.2702479e-05,0.0,0.0,0.0,0.009455128,0.005233193,-2.3821547e-06,-0.0038836955,-1.1169373e-06,-0.0055714464,0.009455128,0.005232456,-2.7865701e-06,0.00523393,-0.0038836955,-1.1206444e-06,-1.9777392e-06,-1.1132302e-06,-0.0055714464
0.6,12,3.1677313,0.75,0.0,0.9901369,-0.0037997097,1.2157835e-05,0.0,0.0,0.0,0.009038316,0.004921822,-2.2545164e-06,-0.0037365595,-1.0406679e-06,-0.0053018,0.009038316,0.0049211034,-2.6408602e-06,0.0049225404,-0.0037365595,-1.0495322e-06,-1.8681726e-06,-1.0318037e-06,-0.0053018
0.6,12,3.2076683,0.75,0.0,0.990475,-0.0036171007,1.1578828e-05,0.0,0.0,0.0,0.008643234,0.004632145,-2.1342191e-06,-0.0035951566,-9.702101e-07,-0.00504801,0.008643234,0.004631507,-2.503857e-06,0.0046327836,-0.0035951566,-9.835912e-07,-1.7645813e-06,-9.568289e-07,-0.00504801
0.6,12,3.247604,0.75,0.0,0.9907983,-0.0034451855,1.1063323e-05,0.0,0.0,0.0,0.008268523,0.0043623922,-2.020814e-06,-0.0034593763,-9.051285e-07,-0.0048091025,0.008268523,0.0043618144,-2.3749235e-06,0.0043629706,-0.0034593763,-9.224373e-07,-1.6667045e-06,-8.878197e-07,-0.0048091025
0.6,12,3.28754,0.75,0.0,0.99110764,-0.0032831237,1.0457508e-05,0.0,0.0,0.0,0.007912987,0.004111058,-1.9137437e-06,-0.0033290137,-8.449245e-07,-0.0045839567,0.007912987,0.004110549,-2.2534132e-06,0.0041115675,-0.0033290137,-8.657372e-07,-1.5740742e-06,-8.241118e-07,-0.0045839567
0.6,12,3.3274755,0.75,0.0,0.99140364,-0.0031305044,9.972664e-06,0.0,0.0,0.0,0.0075756847,0.003876716,-1.8127948e-06,-0.0032039338,-7.8921477e-07,-0.0043717427,0.0075756847,0.003876235,-2.1390124e-06,0.0038771967,-0.0032039338,-8.130591e-07,-1.4865772e-06,-7.6537043e-07,-0.0043717427
0.6,12,3.367412,0.75,0.0,0.9916769,-0.00297916,1.0340314e-05,0.0,0.0,0.0,0.007255388,0.0036580309,-1.7174859e-06,-0.0030839054,-7.3763005e-07,-0.004171518,0.007255388,0.003657564,-2.0312236e-06,0.0036584977,-0.0030839054,-7.641063e-07,-1.4037481e-06,-7.111538e-07,-0.004171518
0.6,12,3.4073482,0.75,0.0,0.9919488,-0.0028435553,9.847767e-06,0.0,0.0,0.0,0.006951303,0.0034538147,-1.6275214e-06,-0.0029688075,-6.8984167e-07,-0.003982475,0.006951303,0.0034533986,-1.9294935e-06,0.0034542307,-0.0029688075,-7.1858733e-07,-1.3255493e-06,-6.61096e-07,-0.003982475
0.6,12,3.4472837,0.75,0.0,0.9922092,-0.0027152926,9.377507e-06,0.0,0.0,0.0,0.0066623203,0.0032629827,-1.5426544e-06,-0.0028584076,-6.4548e-07,-0.0038039305,0.0066623203,0.0032626041,-1.8336638e-06,0.003263361,-0.0028584076,-6.7624046e-07,-1.251645e-06,-6.1471945e-07,-0.0038039305
0.6,12,3.4872208,0.75,0.0,0.992459,-0.0025942973,8.942492e-06,0.0,0.0,0.0,0.0063877655,0.0030845366,-1.4623672e-06,-0.0027525965,-6.0433774e-07,-0.0036351657,0.0063877655,0.0030841872,-1.7431246e-06,0.0030848864,-0.0027525965,-6.3678124e-07,-1.18161e-06,-5.718942e-07,-0.0036351657
0.6,12,3.5271568,0.75,0.0,0.9926976,-0.002495394,9.286196e-06,0.0,0.0,0.0,0.0061267004,0.0029175715,-1.3866227e-06,-0.0026511066,-5.6610315e-07,-0.0034755904,0.0061267004,0.0029172553,-1.6576058e-06,0.0029178876,-0.0026511066,-5.99976e-07,-1.1156394e-06,-5.3223033e-07,-0.0034755904
0.6,12,3.567092,0.75,0.0,0.99292356,-0.0023800633,9.690632e-06,0.0,0.0,0.0,0.0058784042,0.0027612115,-1.315025e-06,-0.0025538297,-5.3056107e-07,-0.003324584,0.0058784042,0.002760894,-1.5768953e-06,0.002761529,-0.0025538297,-5.656818e-07,-1.0531545e-06,-4.9544036e-07,-0.003324584
0.6,12,3.607029,0.75,0.0,0.9931443,-0.0022771915,9.37625e-06,0.0,0.0,0.0,0.0056422497,0.0026147128,-1.2473913e-06,-0.0024605736,-4.975364e-07,-0.0031816226,0.0056422497,0.0026144257,-1.5006088e-06,0.002615,-0.0024605736,-5.336493e-07,-9.941737e-07,-4.614235e-07,-0.0031816226
0.6,12,3.646965,0.75,0.0,0.99335593,-0.0021797763,8.967798e-06,0.0,0.0,0.0,0.00541739,0.0024773665,-1.1833714e-06,-0.002371202,-4.667777e-07,-0.0030461987,0.00541739,0.002477093,-1.4284905e-06,0.0024776398,-0.002371202,-5.037332e-07,-9.382524e-07,-4.2982217e-07,-0.0030461987
0.6,12,3.686901,0.75,0.0,0.9935841,-0.0021322097,9.515534e-06,0.0,0.0,0.0,0.0052033155,0.0023485147,-1.1228856e-06,-0.0022854917,-4.3816613e-07,-0.0029178408,0.0052033155,0.002348255,-1.3602775e-06,0.0023487746,-0.0022854917,-4.7577413e-07,-8.854938e-07,-4.0055815e-07,-0.0029178408
0.6,12,3.7268372,0.75,0.0,0.9937781,-0.0020430365,9.063313e-06,0.0,0.0,0.0,0.004999439,0.0022275448,-1.0656252e-06,-0.002203347,-4.1148868e-07,-0.0027961135,0.004999439,0.002227287,-1.2957341e-06,0.0022278025,-0.002203347,-4.4965108e-07,-8.3551623e-07,-3.733263e-07,-0.0027961135
0.6,12,3.7667732,0.75,0.0,0.99396443,-0.001958333,8.706428e-06,0.0,0.0,0.0,0.004805209,0.0021139118,-1.0115176e-06,-0.0021245575,-3.8662512e-07,-0.0026806481,0.004805209,0.0021136745,-1.2346545e-06,0.0021141488,-0.0021245575,-4.2518877e-07,-7.8838076e-07,-3.4806143e-07,-0.0026806481
0.6,12,3.8067093,0.75,0.0,0.9941435,-0.001878066,8.328659e-06,0.0,0.0,0.0,0.0046200403,0.0020071089,-9.602572e-07,-0.0020490428,-3.6342587e-07,-0.0025710096,0.0046200403,0.002006882,-1.1767933e-06,0.0020073357,-0.0020490428,-4.0226445e-07,-7.437212e-07,-3.245873e-07,-0.0025710096
0.6,12,3.8466454,0.75,0.0,0.99430525,-0.0017563669,7.1766262e-06,0.0,0.0,0.0,0.004443477,0.0019066597,-9.117065e-07,-0.0019766255,-3.4178026e-07,-0.002466879,0.004443477,0.0019064394,-1.1219693e-06,0.0019068801,-0.0019766255,-3.8080532e-07,-7.0144375e-07,-3.0275518e-07,-0.002466879
0.6,12,3.8865814,0.75,0.0,0.9944712,-0.0016859572,6.889879e-06,0.0,0.0,0.0,0.004275088,0.0018121513,-8.657968e-07,-0.0019071648,-3.215568e-07,-0.0023679468,0.004275088,0.0018119469,-1.0700858e-06,0.0018123557,-0.0019071648,-3.6068136e-07,-6.6150784e-07,-2.824322e-07,-0.0023679468
0.6,12,3.9265175,0.75,0.0,0.9946308,-0.001618681,7.2264597e-06,0.0,0.0,0.0,0.0041144136,0.0017231645,-8.222991e-07,-0.0018405535,-3.026721e-07,-0.0022738902,0.0041144136,0.001722966,-1.0208546e-06,0.0017233628,-0.0018405535,-3.418158e-07,-6.2374363e-07,-2.6352845e-07,-0.0022738902
0.6,12,3.9664536,0.75,0.0,0.9947847,-0.0015555943,6.8522354e-06,0.0,0.0,0.0,0.0039610364,0.0016393305,-7.8100436e-07,-0.0017766451,-2.8500185e-07,-0.0021844087,0.0039610364,0.0016391424,-9.741457e-07,0.0016395185,-0.0017766451,-3.2409594e-07,-5.87863e-07,-2.4590776e-07,-0.0021844087
0.6,12,4.0063896,0.75,0.0,0.9949299,-0.0014942716,6.5317768e-06,0.0,0.0,0.0,0.0038145978,0.0015603096,-7.419145e-07,-0.0017153338,-2.6848662e-07,-0.0020992877,0.0038145978,0.0015601253,-9.298237e-07,0.0015604938,-0.0017153338,-3.0745107e-07,-5.5400534e-07,-2.2952216e-07,-0.0020992877
0.6,12,4.0463257,0.75,0.0,0.9950727,-0.0014365565,6.259926e-06,0.0,0.0,0.0,0.0036747204,0.0014857873,-7.04851e-07,-0.001656504,-2.5301583e-07,-0.002018202,0.0036747204,0.0014856204,-8.877895e-07,0.0014859544,-0.001656504,-2.918113e-07,-5.219125e-07,-2.1422035e-07,-0.002018202
0.6,12,4.0862617,0.75,0.0,0.99521035,-0.0013815786,6.0295965e-06,0.0,0.0,0.0,0.0035410596,0.0014154715,-6.6973394e-07,-0.0016000606,-2.3853596e-07,-0.0019410024,0.0035410596,0.0014153052,-8.478654e-07,0.001415638,-0.0016000606,-2.7711815e-07,-4.916025e-07,-1.9995375e-07,-0.0019410024
0.6,12,4.126198,0.75,0.0,0.9953418,-0.0013317952,5.687848e-06,0.0,0.0,0.0,0.0034132858,0.0013490841,-6.3639345e-07,-0.0015458509,-2.2496062e-07,-0.0018674325,0.0034132858,0.0013489238,-8.0995324e-07,0.0013492444,-0.0015458509,-2.632801e-07,-4.6283367e-07,-1.8664115e-07,-0.0018674325
0.6,12,4.166134,0.75,0.0,0.9954697,-0.0012817394,5.4592274e-06,0.0,0.0,0.0,0.0032911238,0.0012863777,-6.0474224e-07,-0.0014938222,-2.1224064e-07,-0.0017972859,0.0032911238,0.0012862241,-7.7392133e-07,0.0012865311,-0.0014938222,-2.5025517e-07,-4.355632e-07,-1.742261e-07,-0.0017972859
0.6,12,4.206071,0.75,0.0,0.9955931,-0.0012340092,5.1761704e-06,0.0,0.0,0.0,0.003174253,0.0012271153,-5.7470845e-07,-0.0014438635,-2.0031453e-07,-0.0017303984,0.003174253,0.0012269657,-7.396598e-07,0.0012272649,-0.0014438635,-2.3799784e-07,-4.097571e-07,-1.6263124e-07,-0.0017303984
0.6,12,4.246006,0.75,0.0,0.995712,-0.0011884551,4.9682453e-06,0.0,0.0,0.0,0.003062471,0.0011710761,-5.4621535e-07,-0.0013958941,-1.8912704e-07,-0.0016665754,0.003062471,0.0011709284,-7.071189e-07,0.0011712238,-0.0013958941,-2.2646243e-07,-3.8531184e-07,-1.5179162e-07,-0.0016665754
0.6,12,4.285942,0.75,0.0,0.9958268,-0.001144974,4.767745e-06,0.0,0.0,0.0,0.0029554197,0.0011180614,-5.1914276e-07,-0.0013498014,-1.7861463e-07,-0.0016056424,0.0029554197,0.0011179263,-6.7614064e-07,0.0011181963,-0.0013498014,-2.1556012e-07,-3.6214493e-07,-1.4166913e-07,-0.0016056424
0.6,12,4.325879,0.75,0.0,0.9959376,-0.0011034877,4.5978854e-06,0.0,0.0,0.0,0.0028529572,0.0010678879,-4.9348597e-07,-0.0013055209,-1.6874117e-07,-0.0015474507,0.0028529572,0.0010677493,-6.467013e-07,0.0010680264,-0.0013055209,-2.0527553e-07,-3.4027062e-07,-1.3220681e-07,-0.0015474507
0.6,12,4.365814,0.75,0.0,0.9960446,-0.0010638243,4.4134354e-06,0.0,0.0,0.0,0.002754853,0.001020384,-4.6903824e-07,-0.0012629587,-1.5946264e-07,-0.0014918804,0.002754853,0.001020251,-6.186413e-07,0.001020517,-0.0012629587,-1.9556218e-07,-3.1943515e-07,-1.2336312e-07,-0.0014918804
0.6,12,4.4057503,0.75,0.0,0.9961478,-0.0010259585,4.221815e-06,0.0,0.0,0.0,0.002660826,0.00097536866,-4.4581577e-07,-0.0012220687,-1.5074245e-07,-0.0014387572,0.002660826,0.00097523606,-5.919384e-07,0.0009755013,-0.0012220687,-1.8641731e-07,-2.996932e-07,-1.15067586e-07,-0.0014387572
0.6,12,4.4456873,0.75,0.0,0.9962476,-0.0009897152,4.0533846e-06,0.0,0.0,0.0,0.0025706945,0.0009327098,-4.237408e-07,-0.0011827437,-1.4254749e-07,-0.0013879631,0.0025706945,0.00093258545,-5.6650646e-07,0.0009328341,-0.0011827437,-1.7775625e-07,-2.8097514e-07,-1.07338735e-07,-0.0013879631
0.6,12,4.4856234,0.75,0.0,0.996344,-0.0009550534,3.8943404e-06,0.0,0.0,0.0,0.0024843093,0.0008922577,-4.0275933e-07,-0.0011449278,-1.3483829e-07,-0.0013393776,0.0024843093,0.0008921364,-5.422803e-07,0.00089237903,-0.0011449278,-1.695885e-07,-2.6323832e-07,-1.0008808e-07,-0.0013393776
0.6,12,4.5255585,0.75,0.0,0.99643725,-0.00092237495,3.8761764e-06,0.0,0.0,0.0,0.0024014683,0.000853883,-3.8282369e-07,-0.0011085671,-1.2756797e-07,-0.0012928953,0.0024014683,0.00085376156,-5.191985e-07,0.0008540044,-0.0011085671,-1.6185162e-07,-2.4644885e-07,-9.328433e-08,-0.0012928953
0.6,12,4.5654955,0.75,0.0,0.99652725,-0.0008906179,3.7264722e-06,0.0,0.0,0.0,0.0023219704,0.000817463,-3.6382488e-07,-0.001073588,-1.2072886e-07,-0.0012484031,0.0023219704,0.00081734365,-4.9720256e-07,0.0008175823,-0.001073588,-1.5453013e-07,-2.3044717e-07,-8.692758e-08,-0.0012484031
0.6,12,4.6054316,0.75,0.0,0.99661446,-0.0008606623,3.4314178e-06,0.0,0.0,0.0,0.0022457223,0.000782882,-3.4574708e-07,-0.0010399255,-1.14286436e-07,-0.0012057971,0.0022457223,0.0007827631,-4.7618894e-07,0.00078300084,-0.0010399255,-1.4760694e-07,-2.1530523e-07,-8.096593e-08,-0.0012057971
0.6,12,4.6453667,0.75,0.0,0.99669844,-0.0008311329,3.1518944e-06,0.0,0.0,0.0,0.0021725027,0.00075003324,-3.285438e-07,-0.0010075255,-1.08218416e-07,-0.0011650025,0.0021725027,0.00074991875,-4.5618233e-07,0.00075014774,-0.0010075255,-1.4106003e-07,-2.0090526e-07,-7.53768e-08,-0.0011650025
0.6,12,4.6853037,0.75,0.0,0.9967799,-0.0008032103,3.0585375e-06,0.0,0.0,0.0,0.0021022393,0.0007188272,-3.1218823e-07,-0.0009763543,-1.024963e-07,-0.0011258867,0.0021022393,0.0007187151,-4.3707053e-07,0.0007189393,-0.0009763543,-1.3484228e-07,-1.8730594e-07,-7.015032e-08,-0.0011258867
0.6,12,4.7252398,0.75,0.0,0.9968586,-0.00077605556,3.1027935e-06,0.0,0.0,0.0,0.0020347429,0.00068914855,-2.9658872e-07,-0.00094632886,-9.7093874e-08,-0.0010884093,0.0020347429,0.0006890389,-4.188322e-07,0.0006892582,-0.00094632886,-1.2895653e-07,-1.7434525e-07,-6.523123e-08,-0.0010884093
0.6,12,4.765176,0.75,0.0,0.996935,-0.00075041887,2.9837001e-06,0.0,0.0,0.0,0.0019698832,0.0006609252,-2.8174563e-07,-0.0009174157,-9.199546e-08,-0.0010524614,0.0019698832,0.00066082453,-4.0143243e-07,0.0006610258,-0.0009174157,-1.2337458e-07,-1.6205881e-07,-6.0616344e-08,-0.0010524614
0.6,12,4.805112,0.75,0.0,0.9970089,-0.0007258276,2.8687566e-06,0.0,0.0,0.0,0.0019075542,0.0006340717,-2.6761785e-07,-0.0008895737,-8.719499e-08,-0.001017994,0.0019075542,0.0006339705,-3.848219e-07,0.00063417293,-0.0008895737,-1.18087e-07,-1.5041377e-07,-5.6302977e-08,-0.001017994
0.6,12,4.845048,0.75,0.0,0.9970805,-0.00070225145,2.7266794e-06,0.0,0.0,0.0,0.0018476519,0.0006085139,-2.541534e-07,-0.00086275063,-8.2652186e-08,-0.0009849117,0.0018476519,0.00060841616,-3.6894892e-07,0.0006086116,-0.00086275063,-1.1305789e-07,-1.3935791e-07,-5.2246484e-08,-0.0009849117
0.6,12,4.884984,0.75,0.0,0.99714994,-0.0006796048,2.6236223e-06,0.0,0.0,0.0,0.0017900538,0.00058417453,-2.413381e-07,-0.00083689217,-7.8363655e-08,-0.00095315,0.0017900538,0.00058408023,-3.5378616e-07,0.0005842688,-0.00083689217,-1.0828639e-07,-1.2889006e-07,-4.8440924e-08,-0.00095315
0.6,12,4.92492,0.75,0.0,0.99721706,-0.0006578593,2.5230897e-06,0.0,0.0,0.0,0.0017346416,0.00056098984,-2.2911675e-07,-0.00081198826,-7.4323395e-08,-0.0009226677,0.0017346416,0.0005608971,-3.393013e-07,0.0005610826,-0.00081198826,-1.03760186e-07,-1.18932206e-07,-4.48866e-08,-0.0009226677
0.6,12,4.964856,0.75,0.0,0.99728227,-0.0006370009,2.458715e-06,0.0,0.0,0.0,0.0016813499,0.00053889677,-2.1745821e-07,-0.0007879643,-7.048582e-08,-0.0008933871,0.0016813499,0.00053880597,-3.2543852e-07,0.0005389875,-0.0007879643,-9.9449935e-08,-1.0947789e-07,-4.15217e-08,-0.0008933871
0.6,12,5.004792,0.75,0.0,0.9973454,-0.0006169378,2.3665568e-06,0.0,0.0,0.0,0.0016300605,0.0005178414,-2.0632417e-07,-0.0007648061,-6.6872175e-08,-0.0008652459,0.0016300605,0.00051775394,-3.1217027e-07,0.00051792886,-0.0007648061,-9.535711e-08,-1.00478076e-07,-3.838724e-08,-0.0008652459
0.6,12,5.0447283,0.75,0.0,0.99740654,-0.0005976205,2.2535608e-06,0.0,0.0,0.0,0.0015806817,0.00049775466,-1.9575143e-07,-0.0007424674,-6.344845e-08,-0.0008382074,0.0015806817,0.00049766817,-2.9952542e-07,0.0004978412,-0.0007424674,-9.146248e-08,-9.197744e-08,-3.5434407e-08,-0.0008382074
0.6,12,5.0846643,0.75,0.0,0.99746597,-0.00057908945,2.1667556e-06,0.0,0.0,0.0,0.0015331467,0.00047859678,-1.8564532e-07,-0.00072092743,-6.021325e-08,-0.00081221556,0.0015331467,0.00047850778,-2.8740735e-07,0.00047868578,-0.00072092743,-8.776233e-08,-8.388328e-08,-3.266418e-08,-0.00081221556
0.6,12,5.1246004,0.75,0.0,0.99752355,-0.0005612617,2.0866287e-06,0.0,0.0,0.0,0.0014873472,0.00046031302,-1.7600759e-07,-0.0007001392,-5.7147396e-08,-0.00078721705,0.0014873472,0.00046022783,-2.7580248e-07,0.0004603982,-0.0007001392,-8.424621e-08,-7.621271e-08,-3.004858e-08,-0.00078721705
0.6,12,5.1645374,0.75,0.0,0.99757946,-0.00054410903,2.0086372e-06,0.0,0.0,0.0,0.001443248,0.00044285608,-1.6682479e-07,-0.00068008417,-5.424397e-08,-0.00076317094,0.001443248,0.00044277392,-2.6469942e-07,0.00044293824,-0.00068008417,-8.088097e-08,-6.895015e-08,-2.7606967e-08,-0.00076317094
0.6,12,5.2044725,0.75,0.0,0.99763364,-0.0005276162,1.933783e-06,0.0,0.0,0.0,0.0014007541,0.00042618904,-1.5804488e-07,-0.0006607145,-5.1501974e-08,-0.00074003445,0.0014007541,0.00042610863,-2.5407795e-07,0.00042626943,-0.0006607145,-7.769173e-08,-6.201182e-08,-2.5312216e-08,-0.00074003445
0.6,12,5.2444086,0.75,0.0,0.9976862,-0.0005117085,1.8764127e-06,0.0,0.0,0.0,0.0013597934,0.00041026314,-1.4968015e-07,-0.000642031,-4.889408e-08,-0.0007177567,0.0013597934,0.0004101833,-2.439043e-07,0.00041034294,-0.000642031,-7.4636915e-08,-5.5455995e-08,-2.3151248e-08,-0.0007177567
0.6,12,5.2843456,0.75,0.0,0.99773735,-0.00049641833,1.8065456e-06,0.0,0.0,0.0,0.0013202954,0.00039504777,-1.4171621e-07,-0.00062397687,-4.643854e-08,-0.0006963197,0.0013202954,0.00039496992,-2.3416105e-07,0.00039512562,-0.00062397687,-7.1744815e-08,-4.9271385e-08,-2.1132264e-08,-0.0006963197
0.6,12,5.3242807,0.75,0.0,0.997787,-0.00048170518,1.6585793e-06,0.0,0.0,0.0,0.0012822179,0.0003805004,-1.3408673e-07,-0.00060653884,-4.410529e-08,-0.00067567086,0.0012822179,0.00038042376,-2.2483916e-07,0.00038057705,-0.00060653884,-6.8978586e-08,-4.33343e-08,-1.9231992e-08,-0.00067567086
0.6,12,5.364217,0.75,0.0,0.99783516,-0.00046752658,1.5954246e-06,0.0,0.0,0.0,0.0012454793,0.00036658923,-1.2680195e-07,-0.0005896986,-4.188519e-08,-0.0006557829,0.0012454793,0.00036651423,-2.1587601e-07,0.00036666426,-0.0005896986,-6.633712e-08,-3.772788e-08,-1.7433258e-08,-0.0006557829
0.6,12,5.404154,0.75,0.0,0.997882,-0.00045385837,1.4355999e-06,0.0,0.0,0.0,0.0012100304,0.00035328214,-1.198706e-07,-0.0005734304,-3.978092e-08,-0.0006366174,0.0012100304,0.00035320874,-2.0731734e-07,0.00035335557,-0.0005734304,-6.382226e-08,-3.2423884e-08,-1.5739579e-08,-0.0006366174
0.6,12,5.44409,0.75,0.0,0.9979275,-0.00044066893,1.4110418e-06,0.0,0.0,0.0,0.0011758335,0.00034054916,-1.1323128e-07,-0.0005577029,-3.779324e-08,-0.0006181386,0.0011758335,0.00034047777,-1.9909231e-07,0.00034062052,-0.0005577029,-6.1417275e-08,-2.7370254e-08,-1.41692045e-08,-0.0006181386
0.6,12,5.484025,0.75,0.0,0.9979717,-0.00042797317,1.3580765e-06,0.0,0.0,0.0,0.0011428264,0.00032836042,-1.0689955e-07,-0.00054250314,-3.590751e-08,-0.00060033303,0.0011428264,0.00032828766,-1.912227e-07,0.00032843318,-0.00054250314,-5.9128457e-08,-2.2576405e-08,-1.2686564e-08,-0.00060033303
0.6,12,5.523962,0.75,0.0,0.9980147,-0.0004157212,1.4031555e-06,0.0,0.0,0.0,0.0011109605,0.00031669164,-1.0085183e-07,-0.0005278032,-3.4111856e-08,-0.00058315136,0.0011109605,0.00031662264,-1.8366381e-07,0.00031676068,-0.0005278032,-5.6933107e-08,-1.8039838e-08,-1.1290605e-08,-0.00058315136
0.6,12,5.563898,0.75,0.0,0.9980565,-0.0004039135,1.3511742e-06,0.0,0.0,0.0,0.001080175,0.00030551382,-9.506254e-08,-0.00051359256,-3.2407428e-08,-0.0005665894,0.001080175,0.0003054467,-1.7641973e-07,0.00030558094,-0.00051359256,-5.4834256e-08,-1.37053435e-08,-9.9806e-09,-0.0005665894
0.6,12,5.603834,0.75,0.0,0.99809706,-0.00039252237,1.3009721e-06,0.0,0.0,0.0,0.0010504472,0.00029480737,-8.953718e-08,-0.0004998485,-3.0791924e-08,-0.0005505987,0.0010504472,0.00029474046,-1.694646e-07,0.00029487428,-0.0004998485,-5.2836988e-08,-9.6097565e-09,-8.746857e-09,-0.0005505987
0.6,12,5.64377,0.75,0.0,0.9981366,-0.00038152395,1.2525541e-06,0.0,0.0,0.0,0.0010217291,0.00028454664,-8.4282185e-08,-0.00048655312,-2.9262374e-08,-0.0005351796,0.0010217291,0.00028448174,-1.6279454e-07,0.0002846115,-0.00048655312,-5.092315e-08,-5.7698317e-09,-7.601599e-09,-0.0005351796
0.6,12,5.6837063,0.75,0.0,0.99817497,-0.00037092296,1.1459941e-06,0.0,0.0,0.0,0.0009939758,0.00027470826,-7.9232905e-08,-0.00047368693,-2.7797391e-08,-0.00052029185,0.0009939758,0.00027464307,-1.5638959e-07,0.00027477343,-0.00047368693,-4.9091284e-08,-2.0762263e-09,-6.5035e-09,-0.00052029185
0.6,12,5.7236423,0.75,0.0,0.99821234,-0.0003605805,1.1768394e-06,0.0,0.0,0.0,0.00096714543,0.00026527472,-7.441392e-08,-0.00046124277,-2.6418586e-08,-0.0005059135,0.00096714543,0.0002652103,-1.5024324e-07,0.0002653391,-0.00046124277,-4.734221e-08,1.4154079e-09,-5.4949654e-09,-0.0005059135
0.6,12,5.7635784,0.75,0.0,0.9982487,-0.00035068448,1.1095336e-06,0.0,0.0,0.0,0.0009412207,0.0002562264,-6.9805985e-08,-0.00044919286,-2.5100919e-08,-0.00049202814,0.0009412207,0.0002561622,-1.443391e-07,0.0002562906,-0.00044919286,-4.566705e-08,4.7271254e-09,-4.534787e-09,-0.00049202814
0.6,12,5.8035145,0.75,0.0,0.9982841,-0.00034104107,1.0609834e-06,0.0,0.0,0.0,0.00091613794,0.00024754676,-6.5413005e-08,-0.0004375309,-2.3848958e-08,-0.0004786136,0.00091613794,0.00024748684,-1.3867607e-07,0.00024760666,-0.0004375309,-4.405882e-08,7.850067e-09,-3.6390997e-09,-0.0004786136
0.6,12,5.8434505,0.75,0.0,0.9983186,-0.00033188774,9.284319e-07,0.0,0.0,0.0,0.0008918858,0.00023921588,-6.120403e-08,-0.00042623637,-2.2663563e-08,-0.0004656504,0.0008918858,0.00023915646,-1.3323567e-07,0.00023927531,-0.00042623637,-4.2527592e-08,1.0827622e-08,-2.7995353e-09,-0.0004656504
0.6,12,5.8833866,0.75,0.0,0.99835217,-0.00032295694,9.2534003e-07,0.0,0.0,0.0,0.00086842576,0.00023121723,-5.719095e-08,-0.00041530203,-2.1531504e-08,-0.0004531276,0.00086842576,0.0002311582,-1.2800524e-07,0.00023127625,-0.00041530203,-4.1054815e-08,1.3623341e-08,-2.0081934e-09,-0.0004531276
0.6,12,5.9233227,0.75,0.0,0.9983849,-0.00031440143,9.89776e-07,0.0,0.0,0.0,0.0008457206,0.00022353738,-5.3347634e-08,-0.00040470602,-2.0457936e-08,-0.0004410189,0.0008457206,0.00022347944,-1.2298695e-07,0.00022359534,-0.00040470602,-3.9642433e-08,1.6291681e-08,-1.27344e-09,-0.0004410189
0.6,12,5.9632587,0.75,0.0,0.99841666,-0.00030606153,9.549369e-07,0.0,0.0,0.0,0.0008237479,0.00021616239,-4.9672423e-08,-0.0003944445,-1.943268e-08,-0.00042931127,0.0008237479,0.00021610451,-1.18154276e-07,0.00021622026,-0.0003944445,-3.8291162e-08,1.8809432e-08,-5.7419824e-10,-0.00042931127
0.6,12,6.003195,0.75,0.0,0.99844766,-0.00029799133,9.2011805e-07,0.0,0.0,0.0,0.0008024822,0.00020907447,-4.6157062e-08,-0.00038450016,-1.8460847e-08,-0.0004179881,0.0008024822,0.0002090186,-1.135138e-07,0.00020913032,-0.00038450016,-3.6999694e-08,2.1199675e-08,7.800156e-11,-0.0004179881
0.6,12,6.043131,0.75,0.0,0.9984779,-0.00029018192,8.8316057e-07,0.0,0.0,0.0,0.00078189844,0.0002022649,-4.280352e-08,-0.00037485908,-1.7537596e-08,-0.00040703738,0.00078189844,0.00020220997,-1.0906114e-07,0.00020231985,-0.00037485908,-3.57583e-08,2.3454096e-08,6.8310957e-10,-0.00040703738
0.6,12,6.083067,0.75,0.0,0.99850726,-0.00028263117,8.5064835e-07,0.0,0.0,0.0,0.00076196075,0.00019571927,-3.959853e-08,-0.0003655182,-1.6657914e-08,-0.0003964407,0.00076196075,0.00019566639,-1.0478235e-07,0.00019577217,-0.0003655182,-3.456853e-08,2.5585292e-08,1.2527005e-09,-0.0003964407
0.6,12,6.123004,0.75,0.0,0.998536,-0.00027532666,8.1778e-07,0.0,0.0,0.0,0.00074264256,0.00018942468,-3.652102e-08,-0.0003564631,-1.5816681e-08,-0.00038618493,0.00074264256,0.00018937013,-1.0065007e-07,0.00018947924,-0.0003564631,-3.342199e-08,2.760803e-08,1.7886285e-09,-0.00038618493
0.6,12,6.162939,0.75,0.0,0.9985639,-0.00026824998,7.868041e-07,0.0,0.0,0.0,0.0007239403,0.0001833713,-3.3594713e-08,-0.00034768,-1.5017978e-08,-0.00037625813,0.0007239403,0.00018331927,-9.669295e-08,0.00018342334,-0.00034768,-3.232145e-08,2.9503527e-08,2.2854922e-09,-0.00037625813
0.6,12,6.202875,0.75,0.0,0.9985912,-0.00026140548,7.5692765e-07,0.0,0.0,0.0,0.00070582225,0.00017754789,-3.0804973e-08,-0.00033916582,-1.4254212e-08,-0.0003666485,0.00070582225,0.00017749543,-9.287782e-08,0.00017760033,-0.00033916582,-3.126573e-08,3.1267874e-08,2.7573075e-09,-0.0003666485
0.6,12,6.242812,0.75,0.0,0.9986177,-0.0002547701,7.26983e-07,0.0,0.0,0.0,0.00068825117,0.00017194502,-2.8115302e-08,-0.0003309049,-1.3533519e-08,-0.0003573448,0.00068825117,0.00017189361,-8.921215e-08,0.00017199643,-0.0003309049,-3.0256945e-08,3.2981546e-08,3.1899063e-09,-0.0003573448
0.6,12,6.2827473,0.75,0.0,0.99864364,-0.00024834875,6.989724e-07,0.0,0.0,0.0,0.0006712219,0.00016655287,-2.5567388e-08,-0.00032289253,-1.28414746e-08,-0.0003483307,0.0006712219,0.00016650338,-8.5688804e-08,0.00016660237,-0.00032289253,-2.9283822e-08,3.4554027e-08,3.600872e-09,-0.0003483307
0.6,12,6.3226833,0.75,0.0,0.99866885,-0.00024213234,6.730925e-07,0.0,0.0,0.0,0.00065471564,0.00016136168,-2.312312e-08,-0.0003151164,-1.21849375e-08,-0.00033960261,0.00065471564,0.00016131208,-8.2299124e-08,0.00016141126,-0.0003151164,-2.8347552e-08,3.6052885e-08,3.977677e-09,-0.00033960261
0.6,12,6.3626204,0.75,0.0,0.9986935,-0.00023609746,6.469021e-07,0.0,0.0,0.0,0.0006387109,0.00015636263,-2.0777957e-08,-0.00030757,-1.1561542e-08,-0.00033114103,0.0006387109,0.00015631324,-7.903126e-08,0.00015641203,-0.00030757,-2.745069e-08,3.7475345e-08,4.3276063e-09,-0.00033114103
0.6,12,6.4025564,0.75,0.0,0.99871755,-0.00023025657,6.2059104e-07,0.0,0.0,0.0,0.0006231903,0.00015154868,-1.8542977e-08,-0.0003002466,-1.0964465e-08,-0.00032294518,0.0006231903,0.00015150078,-7.588912e-08,0.00015159657,-0.0003002466,-2.65871e-08,3.8803165e-08,4.65817e-09,-0.00032294518
0.6,12,6.4424915,0.75,0.0,0.99874103,-0.00022459467,5.968616e-07,0.0,0.0,0.0,0.0006081328,0.00014691097,-1.6404426e-08,-0.0002931377,-1.0399017e-08,-0.0003149961,0.0006081328,0.00014686423,-7.286777e-08,0.00014695771,-0.0002931377,-2.5756872e-08,4.0058918e-08,4.9588382e-09,-0.0003149961
0.6,12,6.4824276,0.75,0.0,0.9987639,-0.00021910341,5.730378e-07,0.0,0.0,0.0,0.00059352594,0.00014244166,-1.437569e-08,-0.0002862325,-9.855969e-09,-0.00030729218,0.00059352594,0.0001423961,-6.995162e-08,0.00014248723,-0.0002862325,-2.4956767e-08,4.1200238e-08,5.2448286e-09,-0.00030729218
0.6,12,6.5223646,0.75,0.0,0.9987862,-0.0002137833,5.4925283e-07,0.0,0.0,0.0,0.00057935185,0.00013813478,-1.24181785e-08,-0.00027953213,-9.336399e-09,-0.00029982402,0.00057935185,0.00013809015,-6.7145464e-08,0.00013817943,-0.00027953213,-2.4187493e-08,4.2309107e-08,5.5146945e-09,-0.00029982402
0.6,12,6.5622997,0.75,0.0,0.9988081,-0.000208619,5.2791245e-07,0.0,0.0,0.0,0.00056559476,0.00013398378,-1.0542713e-08,-0.0002730192,-8.846191e-09,-0.0002925758,0.00056559476,0.00013393981,-6.4441906e-08,0.00013402774,-0.0002730192,-2.34485e-08,4.335648e-08,5.756118e-09,-0.0002925758
0.6,12,6.602236,0.75,0.0,0.99882936,-0.00020360916,5.232242e-07,0.0,0.0,0.0,0.0005522494,0.0001299796,-8.761743e-09,-0.00026669525,-8.376714e-09,-0.00028554988,0.0005522494,0.00012993632,-6.183953e-08,0.00013002289,-0.00026669525,-2.2740851e-08,4.4316042e-08,5.9874217e-09,-0.00028554988
0.6,12,6.642173,0.75,0.0,0.99885017,-0.0001987532,5.025779e-07,0.0,0.0,0.0,0.0005392811,0.00012611857,-7.0536963e-09,-0.00026055012,-7.92817e-09,-0.00027873318,0.0005392811,0.00012607517,-5.933238e-08,0.00012616196,-0.00026055012,-2.2051015e-08,4.5224986e-08,6.1946746e-09,-0.00027873318
0.6,12,6.682109,0.75,0.0,0.9988705,-0.00019403524,4.6677417e-07,0.0,0.0,0.0,0.0005266985,0.00012239462,-5.426001e-09,-0.00025458186,-7.504043e-09,-0.00027211595,0.0005266985,0.00012235144,-5.692958e-08,0.0001224378,-0.00025458186,-2.1392495e-08,4.6077577e-08,6.38441e-09,-0.00027211595
0.6,12,6.722044,0.75,0.0,0.99889034,-0.00018945821,4.4861838e-07,0.0,0.0,0.0,0.0005144741,0.00011880191,-3.86623e-09,-0.00024877972,-7.0939654e-09,-0.00026569527,0.0005144741,0.00011876093,-5.4599923e-08,0.000118842894,-0.00024877972,-2.0752504e-08,4.6867463e-08,6.5645724e-09,-0.00026569527
0.6,12,6.761981,0.75,0.0,0.9989097,-0.00018501493,4.3070332e-07,0.0,0.0,0.0,0.00050259917,0.00011533438,-2.3815332e-09,-0.00024314111,-6.7066206e-09,-0.00025946274,0.00050259917,0.0001152932,-5.2357876e-08,0.00011537555,-0.00024314111,-2.0143137e-08,4.759481e-08,6.7298958e-09,-0.00025946274
0.6,12,6.801917,0.75,0.0,0.9989286,-0.00018070586,4.1164384e-07,0.0,0.0,0.0,0.0004910664,0.000111987356,-9.64814e-10,-0.00023765962,-6.335016e-09,-0.0002534083,0.0004910664,0.00011194644,-5.020243e-08,0.00011202827,-0.00023765962,-1.954858e-08,4.8272803e-08,6.8785475e-09,-0.0002534083
0.6,12,6.841853,0.75,0.0,0.9989471,-0.00017651438,3.9271134e-07,0.0,0.0,0.0,0.00047985918,0.00010875627,3.9513992e-10,-0.00023233039,-5.981194e-09,-0.00024753332,0.00047985918,0.000108716216,-4.812221e-08,0.00010879632,-0.00023233039,-1.8979534e-08,4.891249e-08,7.017146e-09,-0.00024753332
0.6,12,6.881789,0.75,0.0,0.99896514,-0.00017245048,3.7782755e-07,0.0,0.0,0.0,0.00046896777,0.00010563583,1.6907382e-09,-0.00022714732,-5.642241e-09,-0.00024182428,0.00046896777,0.00010559594,-4.611695e-08,0.000105675725,-0.00022714732,-1.8427842e-08,4.9498425e-08,7.1433606e-09,-0.00024182428
0.6,12,6.9217253,0.75,0.0,0.99898285,-0.00016850013,3.619198e-07,0.0,0.0,0.0,0.00045838486,0.00010262296,2.9300935e-09,-0.00022210646,-5.323745e-09,-0.0002362812,0.00045838486,0.000102584265,-4.418403e-08,0.00010266166,-0.00022210646,-1.7902696e-08,5.0044218e-08,7.2552067e-09,-0.0002362812
0.6,12,6.9616613,0.75,0.0,0.99900013,-0.00016464997,3.5764037e-07,0.0,0.0,0.0,0.00044809782,9.9711644e-05,4.121528e-09,-0.00021720392,-5.0139555e-09,-0.00023089355,0.00044809782,9.967345e-05,-4.2313257e-08,9.974983e-05,-0.00021720392,-1.738745e-08,5.0556313e-08,7.3595383e-09,-0.00023089355
0.6,12,7.0015974,0.75,0.0,0.99901706,-0.00016091915,3.4316804e-07,0.0,0.0,0.0,0.00043809126,9.689877e-05,5.244278e-09,-0.00021243322,-4.7225974e-09,-0.00022565936,0.00043809126,9.6860895e-05,-4.0521044e-08,9.6936645e-05,-0.00021243322,-1.689866e-08,5.10096e-08,7.453465e-09,-0.00022565936
0.6,12,7.0415335,0.75,0.0,0.9990335,-0.00015731118,3.360461e-07,0.0,0.0,0.0,0.0004283667,9.418077e-05,6.3184586e-09,-0.00020779275,-4.444152e-09,-0.00022057114,0.0004283667,9.4143405e-05,-3.8792884e-08,9.421812e-05,-0.00020779275,-1.642359e-08,5.14298e-08,7.535285e-09,-0.00022057114
0.6,12,7.0814695,0.75,0.0,0.99904966,-0.00015375788,3.046634e-07,0.0,0.0,0.0,0.00041890505,9.155362e-05,7.3460296e-09,-0.00020327915,-4.1773145e-09,-0.00021562731,0.00041890505,9.151745e-05,-3.711736e-08,9.15898e-05,-0.00020327915,-1.596397e-08,5.180942e-08,7.609341e-09,-0.00021562731
0.6,12,7.1214056,0.75,0.0,0.99906546,-0.00015033322,2.9294188e-07,0.0,0.0,0.0,0.00040970286,8.901399e-05,8.324884e-09,-0.0001988829,-3.921654e-09,-0.00021082017,0.00040970286,8.897819e-05,-3.551033e-08,8.904979e-05,-0.0001988829,-1.5521044e-08,5.2160097e-08,7.677736e-09,-0.00021082017
0.6,12,7.1613417,0.75,0.0,0.9990809,-0.0001470044,2.778548e-07,0.0,0.0,0.0,0.0004007511,8.655758e-05,9.254647e-09,-0.00019460448,-3.6782648e-09,-0.00020614694,0.0004007511,8.652173e-05,-3.395466e-08,8.659343e-05,-0.00019460448,-1.5090512e-08,5.2463953e-08,7.733982e-09,-0.00020614694
0.6,12,7.2012777,0.75,0.0,0.999096,-0.00014376701,2.6519004e-07,0.0,0.0,0.0,0.00039204062,8.4182524e-05,1.0153885e-08,-0.0001904415,-3.4463827e-09,-0.00020160036,0.00039204062,8.414752e-05,-3.246193e-08,8.421752e-05,-0.0001904415,-1.467897e-08,5.27697e-08,7.786205e-09,-0.00020160036
0.6,12,7.241214,0.75,0.0,0.9991107,-0.00014061805,2.5241582e-07,0.0,0.0,0.0,0.00038356864,8.18855e-05,1.1005309e-08,-0.00018638647,-3.2244278e-09,-0.0001971801,0.00038356864,8.1850936e-05,-3.1006266e-08,8.192006e-05,-0.00018638647,-1.4279904e-08,5.3016883e-08,7.831049e-09,-0.0001971801
0.6,12,7.28115,0.75,0.0,0.99912524,-0.00013755618,2.3986482e-07,0.0,0.0,0.0,0.00037531738,7.966254e-05,1.18134125e-08,-0.00018243906,-3.0118197e-09,-0.00019287922,0.00037531738,7.9628626e-05,-2.9611268e-08,7.9696445e-05,-0.00018243906,-1.3891446e-08,5.3238093e-08,7.867807e-09,-0.00019287922
0.6,12,7.321086,0.75,0.0,0.99913937,-0.00013457453,2.2742933e-07,0.0,0.0,0.0,0.0003672877,7.75119e-05,1.2587024e-08,-0.00017859472,-2.811912e-09,-0.00018869458,0.0003672877,7.747877e-05,-2.8269048e-08,7.754503e-05,-0.00017859472,-1.3520273e-08,5.3443095e-08,7.896449e-09,-0.00018869458
0.6,12,7.361023,0.75,0.0,0.99915314,-0.0001316731,2.1567497e-07,0.0,0.0,0.0,0.00035947288,7.543004e-05,1.3315309e-08,-0.00017485005,-2.6182327e-09,-0.00018462342,0.00035947288,7.5397365e-05,-2.6974645e-08,7.5462725e-05,-0.00017485005,-1.3157541e-08,5.3605262e-08,7.921075e-09,-0.00018462342
0.6,12,7.400958,0.75,0.0,0.9991667,-0.00012885546,2.0537175e-07,0.0,0.0,0.0,0.0003518661,7.341601e-05,1.402322e-08,-0.00017120084,-2.4333224e-09,-0.00018066182,0.0003518661,7.338349e-05,-2.5717661e-08,7.344854e-05,-0.00017120084,-1.2810845e-08,5.37641e-08,7.9442e-09,-0.00018066182
0.6,12,7.440894,0.75,0.0,0.99917996,-0.00012610374,1.9357375e-07,0.0,0.0,0.0,0.0003444501,7.146472e-05,1.4677932e-08,-0.0001676469,-2.257897e-09,-0.00017680491,0.0003444501,7.143243e-05,-2.451203e-08,7.149701e-05,-0.0001676469,-1.2471481e-08,5.3867893e-08,7.955687e-09,-0.00017680491
0.6,12,7.480831,0.75,0.0,0.999193,-0.00012342702,1.8301988e-07,0.0,0.0,0.0,0.00033723135,6.957596e-05,1.53182e-08,-0.00016418293,-2.089998e-09,-0.00017305012,0.00033723135,6.954487e-05,-2.3344242e-08,6.960705e-05,-0.00016418293,-1.2145061e-08,5.3980642e-08,7.965065e-09,-0.00017305012
0.6,12,7.520767,0.75,0.0,0.99920565,-0.00012082551,1.733836e-07,0.0,0.0,0.0,0.00033020467,6.77466e-05,1.5907132e-08,-0.0001608082,-1.9319617e-09,-0.00016939465,0.00033020467,6.771527e-05,-2.222524e-08,6.7777924e-05,-0.0001608082,-1.182883e-08,5.4039504e-08,7.964907e-09,-0.00016939465
0.6,12,7.5607023,0.75,0.0,0.99921817,-0.000118288626,1.6304494e-07,0.0,0.0,0.0,0.00032335165,6.597421e-05,1.648932e-08,-0.00015751946,-1.7786443e-09,-0.00016583459,0.00032335165,6.594366e-05,-2.1136545e-08,6.6004744e-05,-0.00015751946,-1.1525548e-08,5.4115183e-08,7.968259e-09,-0.00016583459
0.6,12,7.6006393,0.75,0.0,0.9992303,-0.00011582425,1.5217205e-07,0.0,0.0,0.0,0.00031667945,6.425764e-05,1.7036022e-08,-0.00015431325,-1.6315402e-09,-0.00016236861,0.00031667945,6.422698e-05,-2.0084014e-08,6.42883e-05,-0.00015431325,-1.1226717e-08,5.415606e-08,7.963637e-09,-0.00016236861
0.6,12,7.6405754,0.75,0.0,0.99924207,-0.00011345539,1.3249978e-06,0.0,0.0,0.0,0.0003101796,6.259388e-05,1.7549532e-08,-0.0001511868,-1.4921255e-09,-0.00015899158,0.0003101796,6.2563784e-05,-1.907899e-08,6.262397e-05,-0.0001511868,-1.09411e-08,5.4178056e-08,7.9568485e-09,-0.00015899158
0.6,12,7.6805105,0.75,0.0,0.99925375,-0.00011111513,1.2928996e-06,0.0,0.0,0.0,0.00030384108,6.0982362e-05,1.8037923e-08,-0.00014813922,-1.3599242e-09,-0.00015570194,0.00030384108,6.0952516e-05,-1.8096491e-08,6.1012208e-05,-0.00014813922,-1.06625695e-08,5.4172336e-08,7.942721e-09,-0.00015570194
0.6,12,7.7204475,0.75,0.0,0.99926496,-0.000108871136,1.018411e-07,0.0,0.0,0.0,0.00029766254,5.941985e-05,1.8501773e-08,-0.00014516692,-1.2342949e-09,-0.00015249799,0.00029766254,5.939065e-05,-1.7157811e-08,5.9449045e-05,-0.00014516692,-1.0395942e-08,5.4161355e-08,7.927352e-09,-0.00015249799
0.6,12,7.7603836,0.75,0.0,0.99927616,-0.00010665094,9.368359e-08,0.0,0.0,0.0,0.0002916444,5.7904967e-05,1.8938476e-08,-0.00014226876,-1.1131278e-09,-0.00014937481,0.0002916444,5.7876205e-05,-1.6246931e-08,5.7933725e-05,-0.00014226876,-1.0134738e-08,5.412388e-08,7.908483e-09,-0.00014937481
0.6,12,7.8003197,0.75,0.0,0.9992872,-0.000104485785,8.451595e-08,0.0,0.0,0.0,0.0002857725,5.643608e-05,1.9355802e-08,-0.00013944185,-9.971735e-10,-0.00014633086,0.0002857725,5.6407942e-05,-1.5371354e-08,5.6464218e-05,-0.00013944185,-9.882751e-09,5.408296e-08,7.888404e-09,-0.00014633086
0.6,12,7.8402557,0.75,0.0,0.9992979,-0.0001023668,7.63916e-08,0.0,0.0,0.0,0.00028004908,5.5011642e-05,1.9754275e-08,-0.00013668445,-8.8807184e-10,-0.00014336496,0.00028004908,5.4983808e-05,-1.4522343e-08,5.5039476e-05,-0.00013668445,-9.6393e-09,5.403089e-08,7.863156e-09,-0.00014336496
0.6,12,7.880192,0.75,0.0,0.9993085,-0.000100306126,7.0291485e-08,0.0,0.0,0.0,0.0002744666,5.363045e-05,2.0127837e-08,-0.00013399581,-7.8271123e-10,-0.00014047335,0.0002744666,5.3602853e-05,-1.3701906e-08,5.3658045e-05,-0.00013399581,-9.403242e-09,5.395758e-08,7.837819e-09,-0.00014047335
0.6,12,7.920128,0.75,0.0,0.9993189,-9.8293865e-05,6.362459e-08,0.0,0.0,0.0,0.0002690249,5.2290387e-05,2.0484787e-08,-0.00013136936,-6.826655e-10,-0.00013765322,0.0002690249,5.2263153e-05,-1.29081235e-08,5.2317617e-05,-0.00013136936,-9.1723e-09,5.38777e-08,7.806969e-09,-0.00013765322
0.6,12,7.960064,0.75,0.0,0.99932903,-9.633826e-05,5.8708423e-08,0.0,0.0,0.0,0.0002637144,5.0990322e-05,2.0810761e-08,-0.00012880894,-5.8753447e-10,-0.00013490464,0.0002637144,5.0963303e-05,-1.2146027e-08,5.101734e-05,-0.00012880894,-8.9515355e-09,5.376755e-08,7.776467e-09,-0.00013490464
0.6,12,8.0,0.75,0.0,0.999339,-9.442652e-05,4.8072472e-08,0.0,0.0,0.0,0.00025853614,4.9728376e-05,2.1125748e-08,-0.0001263106,-4.9708104e-10,-0.00013222439,0.00025853614,4.9701877e-05,-1.1412876e-08,4.9754875e-05,-0.0001263106,-8.735742e-09,5.3664373e-08,7.74158e-09,-0.00013222439
1.2,24,-4.5,0.75,0.0,0.9962911,0.0009244927,1.1692612e-06,0.0,0.0,0.0,-0.002372036,0.0008093674,3.071303e-07,0.0011019516,4.5426054e-07,0.0012701132,-0.002372036,0.0008094566,1.6959658e-07,0.0008092782,0.0011019516,4.475166e-07,4.4466404e-07,4.610045e-07,0.0012701132
1.2,24,-4.460064,0.75,0.0,0.99619764,0.00095650397,9.921564e-07,0.0,0.0,0.0,-0.0024512715,0.0008444021,3.1477416e-07,0.0011371252,4.677455e-07,0.0013141558,-0.0024512715,0.00084448623,1.7341365e-07,0.00084431807,0.0011371252,4.6079072e-07,4.5613467e-07,4.7470027e-07,0.0013141558
1.2,24,-4.420128,0.75,0.0,0.99610096,0.0009899036,1.0084686e-06,0.0,0.0,0.0,-0.0025337564,0.00088125886,3.2267798e-07,0.0011736589,4.817075e-07,0.0013601148,-0.0025337564,0.0008813436,1.7733771e-07,0.0008811741,0.0011736589,4.7452514e-07,4.6801827e-07,4.888899e-07,0.0013601148
1.2,24,-4.380192,0.75,0.0,0.9960011,0.0010246398,9.359463e-07,0.0,0.0,0.0,-0.0026196877,0.0009200518,3.3078777e-07,0.0012116184,4.961937e-07,0.0014080846,-0.0026196877,0.0009201478,1.8138326e-07,0.0009199558,0.0012116184,4.8876916e-07,4.801923e-07,5.036182e-07,0.0014080846
1.2,24,-4.3402557,0.75,0.0,0.99589777,0.0010610917,9.148173e-07,0.0,0.0,0.0,-0.0027092616,0.000960905,3.3921776e-07,0.0012510893,5.112138e-07,0.0014581563,-0.0027092616,0.0009610083,1.8555063e-07,0.0009608017,0.0012510893,5.035179e-07,4.928849e-07,5.189097e-07,0.0014581563
1.2,24,-4.3003197,0.75,0.0,0.9957909,0.0010991126,9.269068e-07,0.0,0.0,0.0,-0.0028026095,0.0010039303,3.4792527e-07,0.001292102,5.267728e-07,0.0015104808,-0.0028026095,0.001004027,1.8981035e-07,0.0010038338,0.001292102,5.1879124e-07,5.060402e-07,5.3475435e-07,0.0015104808
1.2,24,-4.2603836,0.75,0.0,0.9956805,0.0011387778,9.2574163e-07,0.0,0.0,0.0,-0.0028999185,0.001049267,3.5690326e-07,0.0013347494,5.429181e-07,0.0015651726,-0.0028999185,0.0010493774,1.9423011e-07,0.0010491566,0.0013347494,5.3464373e-07,5.195764e-07,5.5119244e-07,0.0015651726
1.2,24,-4.220447,0.75,0.0,0.995566,0.0011802982,9.331675e-07,0.0,0.0,0.0,-0.0030014291,0.001097064,3.6618772e-07,0.0013791036,5.596661e-07,0.0016223249,-0.0030014291,0.0010971711,1.9873822e-07,0.0010969569,0.0013791036,5.510845e-07,5.336372e-07,5.682477e-07,0.0016223249
1.2,24,-4.180511,0.75,0.0,0.99544764,0.0012237193,9.4737436e-07,0.0,0.0,0.0,-0.0031073433,0.0011474853,3.7580358e-07,0.0014252426,5.7703403e-07,0.0016820991,-0.0031073433,0.0011475979,2.0340009e-07,0.0011473726,0.0014252426,5.681159e-07,5.482071e-07,5.859522e-07,0.0016820991
1.2,24,-4.140575,0.75,0.0,0.99532497,0.0012691433,9.59903e-07,0.0,0.0,0.0,-0.0032178615,0.0012006906,3.857808e-07,0.0014732443,5.950536e-07,0.0017446299,-0.0032178615,0.0012007913,2.0819566e-07,0.0012005899,0.0014732443,5.8577183e-07,5.633659e-07,6.0433536e-07,0.0017446299
1.2,24,-4.100639,0.75,0.0,0.995198,0.0013166389,1.0167535e-06,0.0,0.0,0.0,-0.003333256,0.0012568478,3.9605112e-07,0.0015232078,6.137566e-07,0.0018100649,-0.003333256,0.0012569597,2.131108e-07,0.0012567358,0.0015232078,6.040907e-07,5.7899143e-07,6.234225e-07,0.0018100649
1.2,24,-4.060703,0.75,0.0,0.9950665,0.0013661768,1.1236481e-06,0.0,0.0,0.0,-0.0034537583,0.0013161724,4.0673171e-07,0.0015751801,6.331653e-07,0.0018785902,-0.0034537583,0.0013162988,2.1819909e-07,0.001316046,0.0015751801,6.230782e-07,5.9526434e-07,6.4325235e-07,0.0018785902
1.2,24,-4.0207667,0.75,0.0,0.9949302,0.001418289,1.1435347e-06,0.0,0.0,0.0,-0.0035796424,0.0013788557,4.177892e-07,0.0016292857,6.533119e-07,0.0019503514,-0.0035796424,0.0013789935,2.2344246e-07,0.0013787177,0.0016292857,6.4277486e-07,6.12136e-07,6.638488e-07,0.0019503514
1.2,24,-3.9808307,0.75,0.0,0.9947889,0.0014728956,1.1625386e-06,0.0,0.0,0.0,-0.0037111894,0.0014451146,4.2925686e-07,0.0016856573,6.7424503e-07,0.0020255554,-0.0037111894,0.001445256,2.288392e-07,0.0014449732,0.0016856573,6.6325214e-07,6.296745e-07,6.85238e-07,0.0020255554
1.2,24,-3.9408946,0.75,0.0,0.9946424,0.0015301327,1.1809528e-06,0.0,0.0,0.0,-0.0038487117,0.0015152027,4.4107685e-07,0.0017443409,6.959821e-07,0.0021044011,-0.0038487117,0.0015153488,2.3437403e-07,0.0015150566,0.0017443409,6.844854e-07,6.4777964e-07,7.074788e-07,0.0021044011
1.2,24,-3.9009585,0.75,0.0,0.99449086,0.0015903256,1.1855396e-06,0.0,0.0,0.0,-0.003992522,0.0015893811,4.5341355e-07,0.0018054792,7.1856545e-07,0.0021870278,-0.003992522,0.0015895212,2.4013184e-07,0.0015892411,0.0018054792,7.065304e-07,6.6669526e-07,7.306005e-07,0.0021870278
1.2,24,-3.8610225,0.75,0.0,0.99433327,0.001653305,1.206914e-06,0.0,0.0,0.0,-0.004142922,0.0016679016,4.66119e-07,0.0018691712,7.420173e-07,0.0022737738,-0.004142922,0.0016680576,2.4602357e-07,0.0016677456,0.0018691712,7.293911e-07,6.8621443e-07,7.5464345e-07,0.0022737738
1.2,24,-3.8210862,0.75,0.0,0.99416983,0.0017191252,1.1024451e-06,0.0,0.0,0.0,-0.0043003517,0.0017510788,4.7937027e-07,0.0019355379,7.664039e-07,0.0023648033,-0.0043003517,0.0017512545,2.521004e-07,0.0017509031,0.0019355379,7.5315626e-07,7.0664015e-07,7.796515e-07,0.0023648033
1.2,24,-3.78115,0.75,0.0,0.994,0.0017885201,1.1177374e-06,0.0,0.0,0.0,-0.0044651176,0.0018392461,4.931151e-07,0.00200471,7.917504e-07,0.002460411,-0.0044651176,0.0018394135,2.5838634e-07,0.0018390788,0.00200471,7.778358e-07,7.278439e-07,8.0566497e-07,0.002460411
1.2,24,-3.741214,0.75,0.0,0.9938237,0.0018614506,1.1076247e-06,0.0,0.0,0.0,-0.0046376674,0.0019327312,5.0738583e-07,0.0020768333,8.18098e-07,0.00256088,-0.0046376674,0.0019329109,2.648744e-07,0.0019325516,0.0020768333,8.0344006e-07,7.4989725e-07,8.327559e-07,0.00256088
1.2,24,-3.701278,0.75,0.0,0.9936406,0.001938104,1.1476055e-06,0.0,0.0,0.0,-0.004818389,0.0020319098,5.221648e-07,0.0021520236,8.454937e-07,0.0026664163,-0.004818389,0.0020320928,2.7153277e-07,0.002031727,0.0021520236,8.300717e-07,7.727968e-07,8.609157e-07,0.0026664163
1.2,24,-3.661342,0.75,0.0,0.9934502,0.0020180556,1.2392973e-06,0.0,0.0,0.0,-0.005007781,0.0021371916,5.3754064e-07,0.0022303867,8.7395176e-07,0.0027774395,-0.005007781,0.0021373795,2.7841276e-07,0.0021370037,0.0022303867,8.576956e-07,7.9666853e-07,8.9020784e-07,0.0027774395
1.2,24,-3.6214056,0.75,0.0,0.9932486,0.0021236618,-1.8058958e-05,0.0,0.0,0.0,-0.005206375,0.0022490195,5.53522e-07,0.0023121277,9.035947e-07,0.0028942113,-0.005206375,0.0022492283,2.855421e-07,0.0022488106,0.0023121277,8.864499e-07,8.2150194e-07,9.207395e-07,0.0028942113
1.2,24,-3.5814695,0.75,0.0,0.9930375,0.0022340962,1.733772e-07,0.0,0.0,0.0,-0.005414535,0.0023678532,5.7010607e-07,0.0023973845,9.344094e-07,0.0030171238,-0.005414535,0.0023680744,2.928394e-07,0.0023676318,0.0023973845,9.1628453e-07,8.473727e-07,9.525343e-07,0.0030171238
1.2,24,-3.5415335,0.75,0.0,0.99282306,0.0023299244,1.358627e-07,0.0,0.0,0.0,-0.0056329174,0.0024942143,5.8738294e-07,0.0024863437,9.664777e-07,0.0031466025,-0.0056329174,0.002494474,3.004305e-07,0.0024939547,0.0024863437,9.472919e-07,8.7433546e-07,9.856635e-07,0.0031466025
1.2,24,-3.5015974,0.75,0.0,0.99259996,0.002430885,1.2289092e-07,0.0,0.0,0.0,-0.0058621336,0.0026286452,6.054364e-07,0.0025791505,9.998794e-07,0.0032830068,-0.0058621336,0.0026289083,3.0826905e-07,0.002628382,0.0025791505,9.795955e-07,9.026038e-07,1.0201634e-06,0.0032830068
1.2,24,-3.4616613,0.75,0.0,0.9923674,0.0025260337,-6.0790626e-08,0.0,0.0,0.0,-0.0061027673,0.0027717673,6.2412687e-07,0.0026759692,1.0346171e-06,0.0034267672,-0.0061027673,0.0027719995,3.16326e-07,0.0027715354,0.0026759692,1.0130951e-06,9.3192773e-07,1.0561391e-06,0.0034267672
1.2,24,-3.4217253,0.75,0.0,0.9920915,0.0026187594,2.3513933e-06,0.0,0.0,0.0,-0.006355525,0.0029242015,6.43664e-07,0.002776985,1.0707801e-06,0.0035784345,-0.006355525,0.0029244372,3.2472897e-07,0.0029239657,0.002776985,1.047948e-06,9.625991e-07,1.0936121e-06,0.0035784345
1.2,24,-3.3817892,0.75,0.0,0.99183786,0.0027361847,2.4452092e-06,0.0,0.0,0.0,-0.006620874,0.0030866987,6.6395916e-07,0.0028823875,1.1084097e-06,0.0037384976,-0.006620874,0.0030869541,3.3333424e-07,0.0030864435,0.0028823875,1.08415e-06,9.945841e-07,1.1326695e-06,0.0037384976
1.2,24,-3.3418531,0.75,0.0,0.99157345,0.0028593042,2.2891036e-06,0.0,0.0,0.0,-0.0068998486,0.0032599927,6.851405e-07,0.0029923765,1.1476227e-06,0.0039074398,-0.0068998486,0.0032602758,3.4233372e-07,0.0032597098,0.0029923765,1.1218486e-06,1.0279473e-06,1.1733966e-06,0.0039074398
1.2,24,-3.301917,0.75,0.0,0.9912981,0.0029903052,2.3073414e-06,0.0,0.0,0.0,-0.007193183,0.0034448868,7.07284e-07,0.0031072,1.1884658e-06,0.004085928,-0.007193183,0.0034452223,3.515859e-07,0.0034445515,0.0031072,1.1610143e-06,1.0629822e-06,1.2159175e-06,0.004085928
1.2,24,-3.2619808,0.75,0.0,0.99102074,0.0031310257,3.0026872e-06,0.0,0.0,0.0,-0.0075016464,0.0036423816,7.3035756e-07,0.0032270043,1.2309658e-06,0.0042746863,-0.0075016464,0.0036426778,3.611827e-07,0.0036420852,0.0032270043,1.2017041e-06,1.0995324e-06,1.2602275e-06,0.0042746863
1.2,24,-3.2220447,0.75,0.0,0.99072176,0.0032774303,2.504792e-06,0.0,0.0,0.0,-0.0078262305,0.0038533763,7.544502e-07,0.0033520074,1.2752108e-06,0.0044742245,-0.0078262305,0.0038536817,3.7113165e-07,0.0038530708,0.0033520074,1.2440494e-06,1.1377687e-06,1.3063723e-06,0.0044742245
1.2,24,-3.1821086,0.75,0.0,0.99040866,0.0034102201,-3.15517e-07,0.0,0.0,0.0,-0.008167781,0.0040789326,7.797272e-07,0.0034824645,1.3213503e-06,0.004685392,-0.008167781,0.004079222,3.8145635e-07,0.004078643,0.0034824645,1.288058e-06,1.177998e-06,1.3546427e-06,0.004685392
1.2,24,-3.1421723,0.75,0.0,0.99008274,0.0035732638,-3.8409542e-07,0.0,0.0,0.0,-0.00852749,0.004320349,8.0606435e-07,0.0036185486,1.3693844e-06,0.0049090255,-0.00852749,0.0043207253,3.9221288e-07,0.004319973,0.0036185486,1.3338209e-06,1.2199158e-06,1.404948e-06,0.0049090255
1.2,24,-3.1022363,0.75,0.0,0.98974234,0.0037460732,-2.203368e-07,0.0,0.0,0.0,-0.008906465,0.0045787855,8.337138e-07,0.0037605483,1.4194397e-06,0.0051459237,-0.008906465,0.004579146,4.0335948e-07,0.004578425,0.0037605483,1.3814132e-06,1.264068e-06,1.4574664e-06,0.0051459237
1.2,24,-3.0623002,0.75,0.0,0.9893868,0.003929352,-5.0737435e-07,0.0,0.0,0.0,-0.009305629,0.004855722,8.6257415e-07,0.0039086263,1.4715954e-06,0.0053970413,-0.009305629,0.0048561287,4.1493948e-07,0.004855315,0.0039086263,1.430832e-06,1.3102089e-06,1.512359e-06,0.0053970413
1.2,24,-3.0223641,0.75,0.0,0.98901516,0.0041243015,-4.6198068e-07,0.0,0.0,0.0,-0.00972651,0.005152557,8.929431e-07,0.0040630614,1.5258531e-06,0.0056634657,-0.00972651,0.0051529976,4.2704343e-07,0.005152117,0.0040630614,1.4821768e-06,1.3588427e-06,1.5695296e-06,0.0056634657
1.2,24,-2.982428,0.75,0.0,0.9886331,0.0043391576,-9.6287495e-06,0.0,0.0,0.0,-0.010170365,0.0054710926,9.246737e-07,0.0042240284,1.5824744e-06,0.005946272,-0.010170365,0.00547151,4.395978e-07,0.005470676,0.0042240284,1.5356162e-06,1.4097496e-06,1.6293326e-06,0.005946272
1.2,24,-2.942492,0.75,0.0,0.9882297,0.0045640822,-5.910704e-06,0.0,0.0,0.0,-0.010638423,0.005813106,9.580486e-07,0.00439182,1.6414217e-06,0.0062466776,-0.010638423,0.005813556,4.5273978e-07,0.005812656,0.00439182,1.5910898e-06,1.4633574e-06,1.6917537e-06,0.0062466776
1.2,24,-2.902556,0.75,0.0,0.9878124,0.004761316,-6.8442378e-06,0.0,0.0,0.0,-0.011132344,0.006180531,9.931302e-07,0.0045665815,1.7027965e-06,0.006565932,-0.011132344,0.0061810333,4.6645246e-07,0.0061800284,0.0045665815,1.64869e-06,1.5198079e-06,1.7569027e-06,0.006565932
1.2,24,-2.8626199,0.75,0.0,0.98736817,0.0050077788,-7.1307527e-06,0.0,0.0,0.0,-0.011653786,0.0065756794,1.0299725e-06,0.0047484427,1.7667564e-06,0.006905421,-0.011653786,0.0065762172,4.8084485e-07,0.006575142,0.0047484427,1.7085176e-06,1.5791002e-06,1.8249951e-06,0.006905421
1.2,24,-2.8226838,0.75,0.0,0.9868407,0.0053199334,-7.89134e-06,0.0,0.0,0.0,-0.012204463,0.007000932,1.0688049e-06,0.004937763,1.833311e-06,0.0072667226,-0.012204463,0.007001447,4.95937e-07,0.007000417,0.004937763,1.770524e-06,1.6416727e-06,1.896098e-06,0.0072667226
1.2,24,-2.7827475,0.75,0.0,0.9863509,0.005601792,-8.358718e-06,0.0,0.0,0.0,-0.01278611,0.0074588154,1.1096439e-06,0.005134537,1.9026626e-06,0.007651589,-0.01278611,0.0074594044,5.117699e-07,0.0074582268,0.005134537,1.8349078e-06,1.707518e-06,1.9704173e-06,0.007651589
1.2,24,-2.7428114,0.75,0.0,0.9858447,0.00590892,-8.440025e-06,0.0,0.0,0.0,-0.013400731,0.007952393,1.1527716e-06,0.0053390604,1.9747024e-06,0.008061758,-0.013400731,0.007953023,5.2842114e-07,0.007951763,0.0053390604,1.9016014e-06,1.777122e-06,2.0478033e-06,0.008061758
1.2,24,-2.7028756,0.75,0.0,0.98523915,0.006232154,-9.147591e-06,0.0,0.0,0.0,-0.014050422,0.008484704,1.1984193e-06,0.0055512595,2.0497896e-06,0.008499244,-0.014050422,0.008485333,5.4613906e-07,0.008484076,0.0055512595,1.9706436e-06,1.8506997e-06,2.1289359e-06,0.008499244
1.2,24,-2.662939,0.75,0.0,0.9846887,0.0065909973,-1.08209415e-05,0.0,0.0,0.0,-0.014737326,0.009059365,1.2466563e-06,0.0057713073,2.1278083e-06,0.008966114,-0.014737326,0.009059973,5.647391e-07,0.009058757,0.0057713073,2.0421458e-06,1.9285735e-06,2.2134707e-06,0.008966114
1.2,24,-2.623003,0.75,0.0,0.9841009,0.006918035,-1.1562157e-05,0.0,0.0,0.0,-0.01546384,0.009680167,1.2977215e-06,0.005999209,2.209002e-06,0.00946468,-0.01546384,0.009680848,5.845561e-07,0.009679485,0.005999209,2.1161713e-06,2.0108869e-06,2.3018326e-06,0.00946468
1.2,24,-2.5830672,0.75,0.0,0.9834914,0.007321698,-1.09465345e-05,0.0,0.0,0.0,-0.016232118,0.010351416,1.3519015e-06,0.0062347497,2.2932159e-06,0.009997528,-0.016232118,0.01035221,6.056709e-07,0.010350622,0.0062347497,2.1925016e-06,2.098132e-06,2.39393e-06,0.009997528
1.2,24,-2.543131,0.75,0.0,0.98283774,0.007739224,-1.2395421e-05,0.0,0.0,0.0,-0.017045546,0.011077952,1.4095428e-06,0.0064777974,2.3806408e-06,0.010567653,-0.017045546,0.0110787405,6.2823045e-07,0.011077162,0.0064777974,2.2711583e-06,2.1908552e-06,2.4901233e-06,0.010567653
1.2,24,-2.5031948,0.75,0.0,0.9821559,0.008174868,-1.24584885e-05,0.0,0.0,0.0,-0.017906073,0.011864759,1.4708039e-06,0.006728162,2.4714348e-06,0.011178092,-0.017906073,0.011865673,6.5235815e-07,0.0118638445,0.006728162,2.352285e-06,2.2892498e-06,2.5905845e-06,0.011178092
1.2,24,-2.4632587,0.75,0.0,0.98143476,0.00865271,-1.2880918e-05,0.0,0.0,0.0,-0.018817052,0.012717764,1.5360872e-06,0.0069853854,2.5654303e-06,0.0118319355,-0.018817052,0.012718642,6.7839056e-07,0.012716886,0.0069853854,2.435675e-06,2.393784e-06,2.695186e-06,0.0118319355
1.2,24,-2.4233227,0.75,0.0,0.9806772,0.00916601,-1.4051747e-05,0.0,0.0,0.0,-0.019781888,0.013643272,1.605885e-06,0.0072489404,2.6628463e-06,0.012532938,-0.019781888,0.0136443125,7.0650566e-07,0.013642231,0.0072489404,2.5211666e-06,2.5052643e-06,2.8045258e-06,0.012532938
1.2,24,-2.3833866,0.75,0.0,0.97988063,0.009716711,-1.4650017e-05,0.0,0.0,0.0,-0.020803493,0.014648218,1.6804142e-06,0.0075180405,2.7636052e-06,0.013285236,-0.020803493,0.014649311,7.3690666e-07,0.014647124,0.0075180405,2.6087635e-06,2.6239218e-06,2.9184466e-06,0.013285236
1.2,24,-2.3434505,0.75,0.0,0.9790536,0.010276588,-1.39592175e-05,0.0,0.0,0.0,-0.021884881,0.0157408,1.7605454e-06,0.00779175,2.8673671e-06,0.014093156,-0.021884881,0.015741985,7.7009054e-07,0.015739616,0.00779175,2.697812e-06,2.7510002e-06,3.036922e-06,0.014093156
1.2,24,-2.3035145,0.75,0.0,0.9781783,0.010917923,-1.4210222e-05,0.0,0.0,0.0,-0.023030085,0.016929235,1.846568e-06,0.00806866,2.9745838e-06,0.014961572,-0.023030085,0.01693044,8.0642786e-07,0.01692803,0.00806866,2.7886686e-06,2.8867082e-06,3.160499e-06,0.014961572
1.2,24,-2.2635782,0.75,0.0,0.9772725,0.011626678,-1.5519714e-05,0.0,0.0,0.0,-0.024243241,0.01822333,1.9394256e-06,0.008347383,3.0847036e-06,0.015896026,-0.024243241,0.018224588,8.4649383e-07,0.018222075,0.008347383,2.8804775e-06,3.0323572e-06,3.28893e-06,0.015896026
1.2,24,-2.223642,0.75,0.0,0.9762986,0.012362202,-1.6354175e-05,0.0,0.0,0.0,-0.025527805,0.01963383,2.0398563e-06,0.008625783,3.1977806e-06,0.016902048,-0.025527805,0.019635119,8.9071824e-07,0.019632543,0.008625783,2.9731234e-06,3.1889945e-06,3.422438e-06,0.016902048
1.2,24,-2.183706,0.75,0.0,0.97526765,0.013134398,-1.6676888e-05,0.0,0.0,0.0,-0.026887227,0.021172993,2.1484223e-06,0.008901398,3.3134531e-06,0.01798588,-0.026887227,0.021174278,9.3977155e-07,0.02117171,0.008901398,3.0655958e-06,3.357073e-06,3.5613105e-06,0.01798588
1.2,24,-2.14377,0.75,0.0,0.97418517,0.013986001,-1.7524097e-05,0.0,0.0,0.0,-0.02832633,0.022853594,2.2670565e-06,0.009171335,3.4314357e-06,0.019155037,-0.02832633,0.022854893,9.949307e-07,0.022852298,0.009171335,3.15759e-06,3.5391822e-06,3.7052816e-06,0.019155037
1.2,24,-2.103834,0.75,0.0,0.973046,0.014908719,-1.8360748e-05,0.0,0.0,0.0,-0.02984889,0.024690744,2.3957332e-06,0.009431815,3.551073e-06,0.020417206,-0.02984889,0.024692383,1.056371e-06,0.024689106,0.009431815,3.2477703e-06,3.7350956e-06,3.8543753e-06,0.020417206
1.2,24,-2.0638978,0.75,0.0,0.9718658,0.015917728,-1.7884631e-05,0.0,0.0,0.0,-0.03145932,0.026701193,2.537066e-06,0.009678269,3.6719607e-06,0.02178081,-0.03145932,0.026702752,1.125956e-06,0.026699636,0.009678269,3.3354813e-06,3.9481756e-06,4.00844e-06,0.02178081
1.2,24,-2.0239615,0.75,0.0,0.97060156,0.016997473,-1.8700139e-05,0.0,0.0,0.0,-0.033160895,0.028902944,2.6921452e-06,0.009905432,3.7934208e-06,0.023255626,-0.033160895,0.028904522,1.204644e-06,0.028901365,0.009905432,3.4192713e-06,4.1796466e-06,4.1675703e-06,0.023255626
1.2,24,-1.9840255,0.75,0.0,0.9692849,0.018186808,-1.8873403e-05,0.0,0.0,0.0,-0.03495788,0.03131713,2.863738e-06,0.010106486,3.914408e-06,0.024851982,-0.03495788,0.03131922,1.2948462e-06,0.03131504,0.010106486,3.496957e-06,4.43263e-06,4.331859e-06,0.024851982
1.2,24,-1.9440894,0.75,0.0,0.9678872,0.01944273,-1.1565418e-05,0.0,0.0,0.0,-0.03685454,0.033966474,3.0533051e-06,0.010273445,4.0339155e-06,0.026581362,-0.03685454,0.0339683,1.3976426e-06,0.03396465,0.010273445,3.5674511e-06,4.7089675e-06,4.5003803e-06,0.026581362
1.2,24,-1.9041533,0.75,0.0,0.9664128,0.020806285,-1.8433751e-05,0.0,0.0,0.0,-0.038853087,0.03687701,3.2642952e-06,0.01039652,4.1504786e-06,0.02845684,-0.038853087,0.036879316,1.5159818e-06,0.036874704,0.01039652,3.6277747e-06,5.0126087e-06,4.6731825e-06,0.02845684
1.2,24,-1.8642173,0.75,0.0,0.9648565,0.022283044,-1.9747695e-05,0.0,0.0,0.0,-0.04095662,0.04007779,3.500114e-06,0.010464213,4.2624524e-06,0.030492557,-0.04095662,0.040080145,1.652733e-06,0.040075436,0.010464213,3.6749238e-06,5.347495e-06,4.8499805e-06,0.030492557
1.2,24,-1.8242812,0.75,0.0,0.963217,0.023916781,-1.8674034e-05,0.0,0.0,0.0,-0.04316587,0.04360173,3.765616e-06,0.010462439,4.3672026e-06,0.03270392,-0.04316587,0.04360409,1.8117873e-06,0.043599367,0.010462439,3.7052075e-06,5.7194443e-06,5.0291974e-06,0.03270392
1.2,24,-1.7843449,0.75,0.0,0.96148384,0.02569407,-3.16461e-05,0.0,0.0,0.0,-0.045482326,0.04748518,4.064452e-06,0.0103743095,4.4626663e-06,0.035107963,-0.045482326,0.047487494,1.9968545e-06,0.04748287,0.0103743095,3.7148686e-06,6.132049e-06,5.210464e-06,0.035107963
1.2,24,-1.7444088,0.75,0.0,0.959646,0.027639715,-1.8737308e-05,0.0,0.0,0.0,-0.04790426,0.051769298,4.4040335e-06,0.010179267,4.544679e-06,0.03772465,-0.04790426,0.051771503,2.2134777e-06,0.051767092,0.010179267,3.6977606e-06,6.594589e-06,5.3915974e-06,0.03772465
1.2,24,-1.7044728,0.75,0.0,0.95771307,0.029731276,-1.5791022e-05,0.0,0.0,0.0,-0.050428268,0.05650042,4.7907506e-06,0.009853106,4.609984e-06,0.04057502,-0.050428268,0.0565031,2.4678543e-06,0.05649774,0.009853106,3.6481952e-06,7.1136474e-06,5.571773e-06,0.04057502
1.2,24,-1.6645367,0.75,0.0,0.95568234,0.03200956,-1.801085e-05,0.0,0.0,0.0,-0.053047918,0.06173117,5.235367e-06,0.009366175,4.652439e-06,0.04368199,-0.053047918,0.06173371,2.7681194e-06,0.06172863,0.009366175,3.5572784e-06,7.702615e-06,5.7476e-06,0.04368199
1.2,24,-1.6246006,0.75,0.0,0.9535958,0.03464073,-1.5907985e-05,0.0,0.0,0.0,-0.055753887,0.06752029,5.7466223e-06,0.008682835,4.665685e-06,0.04707097,-0.055753887,0.067523435,3.1225545e-06,0.06751714,0.008682835,3.4152627e-06,8.37069e-06,5.916107e-06,0.04707097
1.2,24,-1.5846646,0.75,0.0,0.9513914,0.037345566,-1.2320765e-05,0.0,0.0,0.0,-0.0585314,0.07393296,6.339645e-06,0.007760177,4.641261e-06,0.050771587,-0.0585314,0.07393616,3.5434086e-06,0.07392976,0.007760177,3.210853e-06,9.135882e-06,6.0716693e-06,0.050771587
1.2,24,-1.5447285,0.75,0.0,0.9490446,0.04035733,-1.4066668e-05,0.0,0.0,0.0,-0.061360914,0.081045225,7.03039e-06,0.006546306,4.568774e-06,0.054814514,-0.061360914,0.081049725,4.0439672e-06,0.081040725,0.006546306,2.9290543e-06,1.0016813e-05,6.2084932e-06,0.054814514
1.2,24,-1.5047922,0.75,0.0,0.946581,0.043668643,-1.8102486e-05,0.0,0.0,0.0,-0.064213336,0.088941626,7.837703e-06,0.0049781525,4.4339317e-06,0.059234157,-0.064213336,0.08894593,4.639851e-06,0.08893732,0.0049781525,2.5497338e-06,1.1035557e-05,6.3181296e-06,0.059234157
1.2,24,-1.4648561,0.75,0.0,0.94402987,0.047305223,-2.3117293e-05,0.0,0.0,0.0,-0.06704803,0.097715445,8.786672e-06,0.0029794879,4.2189413e-06,0.064068854,-0.06704803,0.0977203,5.3515214e-06,0.09771059,0.0029794879,2.0504554e-06,1.2221822e-05,6.3874277e-06,0.064068854
1.2,24,-1.4249201,0.75,0.0,0.94135475,0.051269405,-1.612673e-05,0.0,0.0,0.0,-0.069816925,0.10747512,9.905076e-06,0.00045733378,3.9002557e-06,0.06935978,-0.069816925,0.10747995,6.200914e-06,0.10747029,0.00045733378,1.3996384e-06,1.36092385e-05,6.400873e-06,0.06935978
1.2,24,-1.384984,0.75,0.0,0.93857145,0.055640504,-1.0533037e-05,0.0,0.0,0.0,-0.07245001,0.11834059,1.1226039e-05,-0.0027016043,3.4463003e-06,0.075151406,-0.07245001,0.118345626,7.213866e-06,0.11833555,-0.0027016043,5.579605e-07,1.5238211e-05,6.33464e-06,0.075151406
1.2,24,-1.345048,0.75,0.0,0.9356573,0.060539715,2.8946192e-06,0.0,0.0,5.824965e-38,-0.074856274,0.13044618,1.278716e-05,-0.0066357288,2.8151017e-06,0.08149222,-0.074856274,0.13045391,8.4162275e-06,0.13043845,-0.0066357288,-5.304691e-07,1.7158092e-05,6.1606725e-06,0.08149222
1.2,24,-1.3051116,0.75,0.0,0.9326801,0.06586355,6.5529775e-06,3.7235855e-33,-6.528396e-35,6.504001e-31,-0.07691846,0.14394319,1.462769e-05,-0.011515034,1.948702e-06,0.0884337,-0.07691846,0.14395097,9.833866e-06,0.1439354,-0.011515034,-1.936851e-06,1.9421514e-05,5.8342553e-06,0.0884337
1.2,24,-1.2651758,0.75,0.0,0.92964774,0.07174132,1.013498e-05,5.6603462e-27,-9.924097e-29,9.88695e-25,-0.07848271,0.15900153,1.6778991e-05,-0.017547594,7.67841e-07,0.096030794,-0.07848271,0.15901446,1.1474939e-05,0.1589886,-0.017547594,-3.7609946e-06,2.2083042e-05,5.2966766e-06,0.096030794
1.2,24,-1.2252395,0.75,0.0,0.92652965,0.07817719,1.3937946e-05,1.1721565e-21,-2.0551064e-23,2.0474104e-19,-0.07935148,0.17580324,1.9238709e-05,-0.024989428,-8.456975e-07,0.10434105,-0.07935148,0.17581992,1.3308955e-05,0.17578658,-0.024989428,-6.159221e-06,2.5168463e-05,4.467826e-06,0.10434105
1.2,24,-1.1853034,0.75,0.0,0.92337394,0.08539174,1.8214043e-05,3.3058343e-17,-5.7960163e-19,5.774314e-15,-0.07926579,0.19455567,2.1909585e-05,-0.034155827,-3.0589167e-06,0.11342107,-0.07926579,0.19458283,1.5199025e-05,0.19452852,-0.034155827,-9.364477e-06,2.8620147e-05,3.246643e-06,0.11342107
1.2,24,-1.1453676,0.75,0.0,0.9202122,0.09335954,2.3981534e-05,1.2698032e-13,-2.2263007e-15,2.2179703e-11,-0.077892736,0.21549153,2.4472542e-05,-0.045436945,-6.110503e-06,0.123330876,-0.077892736,0.2155275,1.6769067e-05,0.21545558,-0.045436945,-1.3802057e-05,3.2176016e-05,1.5810506e-06,0.123330876
1.2,24,-1.1054313,0.75,0.0,0.91710895,0.10219969,6.0206376e-06,6.643816e-11,-1.1648322e-12,1.1604779e-08,-0.07479135,0.23888218,2.623346e-05,-0.059334103,-1.0348922e-05,0.13412699,-0.07479135,0.2389366,1.718098e-05,0.23882776,-0.059334103,-2.0379544e-05,3.528594e-05,-3.183e-07,0.13412699
1.2,24,-1.065495,0.75,0.0,0.9141449,0.11195454,2.5072324e-05,4.734567e-09,-8.293024e-11,8.2698915e-07,-0.06930885,0.26505563,2.6332878e-05,-0.07656131,-1.6237249e-05,0.1458705,-0.06930885,0.2651334,1.4952494e-05,0.26497784,-0.07656131,-3.09454e-05,3.7713264e-05,-1.5290974e-06,0.1458705
1.2,24,-1.0255592,0.75,0.0,0.9114998,0.122796744,1.8190054e-05,4.619057e-08,-5.0213295e-10,8.0697255e-06,-0.060380846,0.29417852,2.5099944e-05,-0.098239906,-2.4250536e-05,0.15862146,-0.060380846,0.29430416,8.124685e-06,0.29405287,-0.098239906,-4.8205817e-05,4.20752e-05,-2.9525486e-07,0.15862146
1.2,24,-0.9856229,0.75,0.0,0.9093055,0.13494614,2.1819333e-05,1.8704053e-07,1.5926727e-07,3.3515993e-05,-0.046841033,0.32573074,2.7000857e-05,-0.12557024,-3.605136e-05,0.17240967,-0.046841033,0.3259505,-5.149e-06,0.325511,-0.12557024,-7.403488e-05,5.9150712e-05,1.9321621e-06,0.17240967
1.2,24,-0.9456868,0.75,0.0,0.9076782,0.14832523,1.6695667e-06,9.097452e-06,1.1535189e-05,0.0016498964,-0.027646098,0.35946098,3.650668e-05,-0.15961374,-6.3798056e-05,0.18726,-0.027646098,0.35944098,-2.075327e-05,0.35948098,-0.15961374,-0.000112188456,9.3766634e-05,-1.5407659e-05,0.18726
1.2,24,-0.905751,0.75,0.0,0.9068331,0.16311187,4.8263973e-06,8.916424e-05,0.00011317639,0.016174778,-0.00064983673,0.3991177,4.282416e-06,-0.20263803,-0.00011167909,0.20328632,-0.00064983673,0.3937865,-1.6122509e-05,0.40444893,-0.20263803,-0.00016869986,2.468734e-05,-5.4658314e-05,0.20328632
1.2,24,-0.8658147,0.75,0.0,0.9072544,0.17997243,3.4754143e-05,0.0001281427,0.00016125501,0.02350655,0.03566219,0.4387712,-5.4849683e-05,-0.2562186,-0.00010423886,0.2205533,0.03566219,0.4307974,-1.13672495e-05,0.446745,-0.2562186,-0.00021506853,-9.8332115e-05,6.5908025e-06,0.2205533
1.2,24,-0.8258784,0.75,0.0,0.90941036,0.19837157,5.1210263e-05,0.00012138617,0.00013264958,0.025545733,0.084203504,0.47724068,-8.3397856e-05,-0.3230236,-7.5505675e-05,0.23881921,0.084203504,0.46832165,-7.554507e-05,0.4861597,-0.3230236,-0.00028431008,-9.125064e-05,0.00013329873,0.23881921
1.2,24,-0.78594255,0.75,0.0,0.91347086,0.21885678,6.8626076e-05,0.00021654529,0.00016966065,0.05329325,0.1443311,0.5280838,-0.00016284193,-0.40291074,6.9179805e-08,0.25857458,0.1443311,0.505008,-0.00023924411,0.55115956,-0.40291074,-0.000181942,-8.643974e-05,0.00018208036,0.25857458
1.2,24,-0.74600625,0.75,0.0,0.9202481,0.24167465,9.526202e-05,0.00018577828,6.7884146e-05,0.05247721,0.2283892,0.5705601,2.2289041e-05,-0.5089943,0.00017258308,0.2805974,0.2283892,0.5432239,4.3407337e-05,0.5978962,-0.5089943,0.00023544858,1.1707465e-06,0.00010971759,0.2805974
1.2,24,-0.7060702,0.75,0.0,0.9308773,0.2658466,8.4139516e-05,0.00017362481,-1.2122849e-05,0.046939448,0.33830726,0.5946994,0.0002810059,-0.640847,-0.000111140675,0.30253285,0.33830726,0.56925553,0.000493749,0.6201432,-0.640847,-0.00028715652,6.826281e-05,6.487517e-05,0.30253285
1.2,24,-0.66613436,0.75,0.0,0.9462169,0.2911432,0.00013897859,0.00021231183,-6.3417334e-05,0.06595783,0.4664223,0.60323745,0.00034462503,-0.79423624,-0.0003919489,0.32780954,0.4664223,0.5724757,0.00049357186,0.6339992,-0.79423624,-0.00078233867,0.00019567824,-1.5591216e-06,0.32780954
1.2,24,-0.62619805,0.75,0.0,0.96702796,0.31637663,0.00022561701,0.00013595144,-0.00012450971,0.06349583,0.61324596,0.5726321,0.0006268397,-0.9663048,-0.00034673794,0.3530569,0.61324596,0.54571474,0.00093354733,0.5995495,-0.9663048,-0.00064950134,0.000320132,-4.3974534e-05,0.3530569
1.2,24,-0.5862622,0.75,0.0,0.9939383,0.33943075,0.00026572077,5.697057e-05,-0.00016661566,0.044432074,0.76829046,0.48928207,0.0007507615,-1.1451458,7.501638e-05,0.37683132,0.76829046,0.4726299,0.0011159118,0.50593424,-1.1451458,0.00018595356,0.00038561117,-3.592079e-05,0.37683132
1.2,24,-0.5463259,0.75,0.0,1.0274948,0.35781175,0.00032497454,-1.6243383e-05,-0.00019993691,0.030665558,0.9111809,0.3466211,0.0005009187,-1.3122315,0.00019919201,0.40103242,0.9111809,0.33771008,0.0006340008,0.35553208,-1.3122315,0.00045725016,0.00036783656,-5.886614e-05,0.40103242
1.2,24,-0.5063896,0.75,0.0,1.0659806,0.36909655,0.00037115352,-3.1882453e-05,-0.00017836553,0.022210833,1.0057096,0.15039526,0.00031800926,-1.4309269,1.5050253e-05,0.42518106,1.0057096,0.14669214,0.00033356578,0.15409838,-1.4309269,0.000112504626,0.00030245274,-8.240412e-05,0.42518106
1.2,24,-0.46645403,0.75,0.0,1.107875,0.37160537,0.00032221084,8.7545406e-05,-2.5226943e-06,0.02153815,1.0451142,-0.08202398,5.1775372e-05,-1.4931598,-6.3393236e-06,0.4479844,1.0451142,-0.08506972,8.811245e-05,-0.078978226,-1.4931598,-9.0232614e-05,1.5438292e-05,7.755397e-05,0.4479844
1.2,24,-0.4265175,0.75,0.0,1.1498153,0.36429837,0.00032466397,0.0008388845,0.00017623811,0.053080928,1.0465076,-0.34218335,-0.0003329481,-1.5155448,0.00012343626,0.46897075,1.0465076,-0.36291227,-0.00011626993,-0.32145447,-1.5155448,-0.00025996703,-0.0005496263,0.00050683954,0.46897075
1.2,24,-0.38658142,0.75,0.0,1.1918341,0.3476411,0.00028130432,0.003611489,-0.000565606,0.2291813,1.0383178,-0.6197127,-0.00041312436,-1.5270838,0.00030503634,0.4887105,1.0383178,-0.7287689,-2.5676003e-05,-0.5106566,-1.5270838,-0.0009218767,-0.00080057274,0.0015319494,0.4887105
1.2,24,-0.34664536,0.75,0.0,1.2331464,0.32567975,0.00019297886,0.004675706,-0.0010055737,0.57828206,1.030234,-0.8796226,-1.8887582e-05,-1.5368762,0.0008348957,0.5065994,1.030234,-1.1556293,-5.8879483e-05,-0.6036159,-1.5368762,-0.00076479383,2.110432e-05,0.0024345852,0.5065994
1.2,24,-0.3067093,0.75,0.0,1.2742486,0.2991001,0.00020001238,0.0021374095,0.00026264283,0.78728104,0.97860587,-1.1057429,-0.00047627994,-1.4992787,0.0009956264,0.5206422,0.97860587,-1.4798238,-0.0005204168,-0.73166215,-1.4992787,6.766355e-05,-0.00043214302,0.0019235893,0.5206422
1.2,24,-0.26677322,0.75,0.0,1.3107431,0.2654382,0.00015437338,0.0015076426,0.00043869246,0.65603757,0.83640397,-1.2584101,-0.0006999376,-1.3682289,0.00063675834,0.5318116,0.83640397,-1.5707676,-0.0007859934,-0.9460525,-1.3682289,-9.029534e-05,-0.00061388174,0.001363812,0.5318116
1.2,24,-0.22683716,0.75,0.0,1.3403392,0.22302823,8.953241e-05,0.0013247995,0.00029966826,0.30180442,0.627042,-1.3185803,-0.0005430966,-1.1688204,0.0002003772,0.5417752,0.627042,-1.4601684,-0.00060557557,-1.1769922,-1.1688204,-0.0005476972,-0.0004806177,0.0009484516,0.5417752
1.2,24,-0.18690109,0.75,0.0,1.3603832,0.17163682,0.00013197884,0.0010484591,0.00016652771,-0.06825056,0.39317974,-1.3527441,-0.0001998042,-0.9282337,-0.0001126914,0.5350625,0.39317974,-1.3098994,-9.822971e-05,-1.3955886,-0.9282337,-0.0007275017,-0.0003013787,0.0005021189,0.5350625
1.2,24,-0.14696455,0.75,0.0,1.3711665,0.11135071,0.00010456831,0.00079126575,7.855485e-05,-0.31102246,0.13415404,-1.4093041,0.00010286957,-0.6275409,-0.00035496213,0.4933888,0.13415404,-1.2431301,0.000463386,-1.5754782,-0.6275409,-0.0008011833,-0.00025764687,9.125903e-05,0.4933888
1.2,24,-0.10702896,0.75,0.0,1.3695965,0.04601394,9.3289826e-05,0.00057248655,1.3242101e-05,-0.36457366,-0.19687963,-1.4662259,0.00042258733,-0.23702036,-0.0003954559,0.43389228,-0.19687963,-1.2731079,0.0009893618,-1.6593438,-0.23702036,-0.00077271846,-0.0001441871,-1.8193321e-05,0.43389228
1.2,24,-0.067092896,0.75,0.0,1.3536053,-0.01929472,1.7545884e-05,0.00038463704,-6.806235e-05,-0.20241737,-0.6091392,-1.4536519,0.00066275726,0.2422271,-0.00020234617,0.3669052,-0.6091392,-1.3392782,0.0011763644,-1.5680256,0.2422271,-0.0004429142,0.00014915012,3.822186e-05,0.3669052
1.2,24,-0.027156353,0.75,0.0,1.3212909,-0.07638885,7.59275e-05,0.0002537182,-0.00019792144,0.124920085,-0.9676474,-1.2942026,0.00043806696,0.71193004,-6.3586696e-05,0.25570357,-0.9676474,-1.3384593,0.0007773751,-1.2499459,0.71193004,-9.3478855e-05,9.875878e-05,-3.3694538e-05,0.25570357
1.2,24,0.012779236,0.75,0.0,1.2777404,-0.11795607,3.6910627e-05,0.0001618222,-0.00034572114,0.42067358,-1.1561006,-1.0068724,-7.870702e-05,1.0331372,3.6903257e-06,0.12295108,-1.1561006,-1.2016944,7.879334e-05,-0.8120505,1.0331372,4.864974e-05,-0.00023620737,-4.126909e-05,0.12295108
1.2,24,0.05271578,0.75,0.0,1.2297324,-0.14206411,-9.195661e-06,8.8601824e-05,-0.00040756282,0.5534431,-1.1767006,-0.67774814,-0.00042869453,1.1559179,7.616208e-05,0.02078791,-1.1767006,-0.946768,-0.00045035602,-0.40872827,1.1559179,7.842151e-05,-0.00040703302,7.390266e-05,0.02078791
1.2,24,0.092651844,0.75,0.0,1.1839564,-0.1512602,-1.735553e-05,2.775425e-05,-0.00041834588,0.5668434,-1.0549661,-0.37036237,-0.00046282372,1.10316,7.367977e-05,-0.048197165,-1.0549661,-0.6469867,-0.00059651036,-0.093738,1.10316,-4.81086e-05,-0.00032913708,0.00019546814,-0.048197165
1.2,24,0.13258791,0.75,0.0,1.1451098,-0.14958265,4.3022206e-05,-2.4219937e-06,-0.0004245885,0.52274287,-0.8369786,-0.11983722,-0.0002914524,0.93808633,8.7082895e-05,-0.10110996,-0.8369786,-0.3710556,-0.00042415742,0.13138117,0.93808633,-8.4108615e-05,-0.00015874737,0.0002582744,-0.10110996
1.2,24,0.17252398,0.75,0.0,1.1164484,-0.14080523,4.6770074e-05,-8.791802e-06,-0.00041991475,0.41764107,-0.5973419,0.03522773,-0.00014308724,0.73307616,0.00014484061,-0.13573682,-0.5973419,-0.16442427,-0.00026396348,0.23487973,0.73307616,2.7943757e-05,-2.2210996e-05,0.00026173747,-0.13573682
1.2,24,0.21246004,0.75,0.0,1.0964817,-0.13027912,0.00012945573,-4.491135e-06,-0.00038755953,0.30949527,-0.3973218,0.109747894,-6.156583e-05,0.54625267,0.00016772874,-0.14892544,-0.3973218,-0.03917189,-0.00017252812,0.25866768,0.54625267,9.8175595e-05,4.9396458e-05,0.00023728187,-0.14892544
1.2,24,0.2523961,0.75,0.0,1.083371,-0.118985415,0.00010504888,6.984898e-07,-0.00033606522,0.26169503,-0.24537781,0.14471981,-1.8235674e-05,0.39242902,0.00015619447,-0.14704728,-0.24537781,0.018493086,-0.000116236726,0.27094653,0.39242902,0.00010496489,7.976538e-05,0.00020742403,-0.14704728
1.2,24,0.29233217,0.75,0.0,1.0753053,-0.10704966,0.00018048969,6.8393197e-06,-0.00027477258,0.23440404,-0.13379367,0.14846814,9.555493e-06,0.26999468,0.00014278486,-0.13619857,-0.13379367,0.035104245,-7.2788265e-05,0.26183203,0.26999468,0.00010541842,9.189925e-05,0.0001801513,-0.13619857
1.2,24,0.33226871,0.75,0.0,1.071613,-0.096521564,0.0002271531,9.874071e-06,-0.00019619314,0.17118643,-0.058294684,0.120514825,4.888616e-06,0.17713794,0.0001238271,-0.118842706,-0.058294684,0.03744761,-4.6350757e-05,0.20358203,0.17713794,0.000112006106,5.612799e-05,0.00013564811,-0.118842706
1.2,24,0.3722043,0.75,0.0,1.070832,-0.08931164,0.0002815379,2.0303003e-06,-0.00016639035,0.08306072,-0.012787706,0.0755998,-4.25537e-05,0.11084129,6.645341e-05,-0.09805026,-0.012787706,0.036482263,-8.508627e-05,0.114717335,0.11084129,7.3893025e-05,-2.1127759e-08,5.901379e-05,-0.09805026
1.2,24,0.41214037,0.75,0.0,1.0709255,-0.08555408,0.00032283962,3.5601784e-06,-0.00028717087,0.0013877504,-0.00304679,0.028806306,-4.8456877e-05,0.07816348,1.1195289e-05,-0.075118944,-0.00304679,0.030361498,-0.00021861374,0.027251117,0.07816348,4.42516e-05,0.00012169999,-2.1861022e-05,-0.075118944
1.2,24,0.4520769,0.75,0.0,1.0713624,-0.08534385,0.0003840134,1.6511713e-06,-0.00041205736,-0.06517025,-0.0021475381,-0.009891399,-0.00010024532,0.053103045,4.6170575e-05,-0.05095574,-0.0021475381,0.023094533,-0.0005161668,-0.04287733,0.053103045,4.605379e-05,0.00031567615,4.628736e-05,-0.05095574
1.2,24,0.4920125,0.75,0.0,1.0720862,-0.08737138,0.00038450287,8.667231e-06,-0.0005770486,-0.0933362,0.0055446904,-0.028054884,-0.00027612376,0.022167625,-0.00014135372,-0.027710509,0.0055446904,0.01775786,-0.001025578,-0.07386763,0.022167625,-0.00051016867,0.00047333047,0.0002274612,-0.027710509
1.2,24,0.53194904,0.75,0.0,1.0735496,-0.09027301,0.00043528678,0.00035601764,-0.00082347216,-0.09737475,0.012779253,-0.031736366,-0.00015602139,-0.0074114907,-0.0006097542,-0.0053695794,0.012779253,0.014884319,-0.00085505366,-0.07835705,-0.0074114907,-0.0016200639,0.0005430109,0.00040055555,-0.0053695794
1.2,24,0.5718851,0.75,0.0,1.0749878,-0.092846304,0.0004228331,0.00056841044,-0.00057031924,-0.05029444,0.025709655,-0.026406495,0.00011852228,-0.041786034,0.00019219783,0.01607775,0.025709655,-0.005012348,-8.7087625e-05,-0.04780064,-0.041786034,-4.775691e-05,0.00032413218,0.00043215256,0.01607775
1.2,24,0.6118212,0.75,0.0,1.0771115,-0.09464211,0.000435501,0.00012233524,-0.00010888525,-0.0032319233,0.039518923,-0.049907185,-1.082627e-06,-0.07403994,0.00047675957,0.034520146,0.039518923,-0.052059717,-2.815576e-05,-0.047754657,-0.07403994,0.0007282471,2.5990506e-05,0.00022527203,0.034520146
1.2,24,0.65175724,0.75,0.0,1.0797558,-0.09764905,0.00038819894,1.1641204e-05,-1.2526e-05,0.006308467,0.04996032,-0.10636281,-5.2095194e-05,-0.09735912,0.00015861282,0.047402445,0.04996032,-0.11235147,-9.60498e-05,-0.100374155,-0.09735912,0.00024260767,-8.1405915e-06,7.461796e-05,0.047402445
1.2,24,0.6916933,0.75,0.0,1.0825646,-0.10337065,0.00031197647,1.0005141e-05,-9.765225e-06,0.006526647,0.04793986,-0.17939004,-4.8983304e-05,-0.09983126,2.410958e-05,0.05189441,0.04793986,-0.18492869,-0.00010893937,-0.17385142,-0.09983126,3.1710788e-05,1.0972759e-05,1.6508373e-05,0.05189441
1.2,24,0.7316294,0.75,0.0,1.0845387,-0.11223467,0.00029644257,1.0536177e-05,-1.069477e-05,0.005365773,0.019562276,-0.25784788,-5.6578207e-05,-0.06583698,-2.4672983e-05,0.046272397,0.019562276,-0.2625571,-0.00012659792,-0.25313866,-0.06583698,-2.9555753e-05,1.34415095e-05,-1.9790214e-05,0.046272397
1.2,24,0.77156544,0.75,0.0,1.0846084,-0.12433411,0.00028657445,9.726123e-06,-1.1963514e-05,0.004169364,-0.039312866,-0.32499138,-8.3819294e-05,0.009282967,-4.539753e-05,0.030030321,-0.039312866,-0.32879892,-0.00016749604,-0.32118383,0.009282967,-4.9576025e-05,-1.4255306e-07,-4.121904e-05,0.030030321
1.2,24,0.811502,0.75,0.0,1.0818889,-0.13844356,0.00030170626,1.286003e-06,-1.5887295e-05,0.0028604905,-0.122730024,-0.3655042,-0.00012733995,0.11856145,-4.051485e-05,0.0041663083,-0.122730024,-0.36820126,-0.00024430628,-0.36280718,0.11856145,-5.4147295e-05,-1.0373628e-05,-2.6882402e-05,0.0041663083
1.2,24,0.85143757,0.75,0.0,1.0756801,-0.15342976,0.00020842037,-7.435495e-06,-1.3916773e-05,0.0011458385,-0.22027183,-0.3670739,-0.0001501592,0.24924721,-8.478984e-06,-0.028975664,-0.22027183,-0.3685769,-0.00029569704,-0.36557084,0.24924721,-2.3375076e-06,-4.621374e-06,-1.4620459e-05,-0.028975664
1.2,24,0.89137363,0.75,0.0,1.0652283,-0.16790287,0.00019822079,-1.7074027e-06,-2.7823803e-06,0.0002332389,-0.314306,-0.32297277,-0.00015357479,0.3799587,1.9450274e-05,-0.065650515,-0.314306,-0.32382745,-0.00026799063,-0.3221181,0.3799587,4.8343332e-05,-3.915894e-05,-9.442785e-06,-0.065650515
1.2,24,0.9313102,0.75,0.0,1.0512941,-0.17976218,0.00021357178,-1.0317465e-08,-2.3401283e-07,5.758777e-05,-0.38541606,-0.24067003,-0.00014558302,0.4871224,4.0904662e-05,-0.10170358,-0.38541606,-0.24130853,-0.00023488323,-0.24003154,0.4871224,7.734649e-05,-5.6282803e-05,4.462834e-06,-0.10170358
1.2,24,0.97124577,0.75,0.0,1.0349677,-0.18773516,0.0001024775,-1.08652934e-07,-2.556787e-07,2.1034362e-05,-0.42289817,-0.13719305,-0.00012012263,0.55647343,6.1901424e-05,-0.13357574,-0.42289817,-0.13767359,-0.00021209844,-0.13671254,0.55647343,0.0001164567,-2.8146824e-05,7.3461547e-06,-0.13357574
1.2,24,1.0111823,0.75,0.0,1.0178857,-0.19143552,0.00012312771,-1.9354128e-07,-2.6994778e-07,3.7895763e-06,-0.42597634,-0.030045833,-6.7646775e-05,0.5849161,7.604219e-05,-0.1589429,-0.42597634,-0.030319685,-0.0001672143,-0.029771984,0.5849161,0.00015845825,3.1920743e-05,-6.373863e-06,-0.1589429
1.2,24,1.0511179,0.75,0.0,1.0012395,-0.19126686,6.877628e-06,-4.131265e-08,-5.4180536e-08,2.893244e-07,-0.40063286,0.0669857,2.0360749e-06,0.5775452,7.024368e-05,-0.17691334,-0.40063286,0.06698307,-9.169889e-05,0.066988334,0.5775452,0.000166382,9.5771036e-05,-2.5894637e-05,-0.17691334
1.2,24,1.0910544,0.75,0.0,0.98601556,-0.18714629,8.687716e-05,-1.187748e-09,-1.6125528e-09,1.4948673e-08,-0.35644165,0.14583904,6.173534e-05,0.5441697,4.264686e-05,-0.18773134,-0.35644165,0.14613385,-2.4081559e-05,0.14554423,0.5441697,0.00012212721,0.00014755224,-3.683349e-05,-0.18773134
1.2,24,1.1309905,0.75,0.0,0.97262377,-0.18027537,8.938203e-05,-4.4298666e-12,-1.5864577e-11,5.0894294e-10,-0.3029853,0.20415445,9.186264e-05,0.4953351,-2.3144694e-06,-0.19234948,-0.3029853,0.20473044,7.2540265e-06,0.20357846,0.4953351,3.9920713e-05,0.00017647125,-4.454965e-05,-0.19234948
1.2,24,1.1709266,0.75,0.0,0.96157026,-0.17139526,0.00012832772,-2.690575e-10,-1.087702e-10,-2.0941032e-08,-0.24797541,0.24322748,9.0722846e-05,0.44001618,-5.8994185e-05,-0.19204172,-0.24797541,0.24405622,2.0169105e-06,0.24239874,0.44001618,-5.7634705e-05,0.00017942878,-6.035366e-05,-0.19204172
1.2,24,1.2108626,0.75,0.0,0.95271015,-0.16134053,0.00011105611,-1.6937757e-07,-6.83001e-08,-1.3188771e-05,-0.19740674,0.2658363,7.881411e-05,0.38553944,-0.000117650445,-0.18813336,-0.19740674,0.2669371,-2.2066513e-05,0.26473552,0.38553944,-0.00014407055,0.00017969473,-9.1230344e-05,-0.18813336
1.2,24,1.2507987,0.75,0.0,0.9457182,-0.15076557,8.7928245e-05,-1.4522723e-05,-5.856259e-06,-0.0011308311,-0.15615688,0.27288097,0.00010444247,0.33796248,-0.00014944964,-0.18180569,-0.15615688,0.27497122,-3.5537898e-05,0.27079073,0.33796248,-0.00018665564,0.00024442284,-0.00011224363,-0.18180569
1.2,24,1.2907348,0.75,0.0,0.94022745,-0.14045599,9.219432e-05,-0.00016960049,-6.8391084e-05,-0.013206172,-0.117423534,0.25749657,0.00016512527,0.29042017,-6.854766e-05,-0.17299552,-0.117423534,0.26656967,-2.0080144e-05,0.24842346,0.29042017,-0.00015037745,0.00035033067,1.3282127e-05,-0.17299552
1.2,24,1.3306708,0.75,0.0,0.9366427,-0.13123581,0.00010872359,-0.00026976908,-0.00010878329,-0.021005906,-0.059288792,0.24167119,5.789072e-06,0.21924125,9.0914196e-05,-0.15995295,-0.059288792,0.25523895,-1.07458e-05,0.22810343,0.21924125,-4.2988417e-05,2.2323944e-05,0.00022481682,-0.15995295
1.2,24,1.3706069,0.75,0.0,0.9351662,-0.12193683,8.918524e-05,-5.844427e-05,-2.3567402e-05,-0.0045508374,-0.021314818,0.24787593,-0.00016282794,0.16843347,7.421669e-05,-0.1471179,-0.021314818,0.25211006,-3.5118057e-05,0.2436418,0.16843347,4.1638028e-05,-0.00029053784,0.00010679535,-0.1471179
1.2,24,1.410543,0.75,0.0,0.93460685,-0.11232952,0.000108802386,-1.7245543e-06,-6.9542756e-07,-0.00013428483,-0.005867751,0.24012053,-0.00013489724,0.14285439,7.2603652e-06,-0.1369865,-0.005867751,0.24109629,-5.7397854e-05,0.23914479,0.14285439,5.72324e-05,-0.00021239664,-4.271167e-05,-0.1369865
1.2,24,1.450479,0.75,0.0,0.934603,-0.10312099,7.45484e-05,-6.931014e-09,-2.7949565e-09,-5.3969427e-07,0.008009874,0.2240693,-9.123578e-05,0.119654156,-2.0483303e-05,-0.12766431,0.008009874,0.224537,-6.385207e-05,0.2236016,0.119654156,4.4226497e-05,-0.000118619486,-8.51931e-05,-0.12766431
1.2,24,1.4904156,0.75,0.0,0.9350997,-0.09459917,6.7723726e-05,-3.7936954e-12,-1.5297483e-12,-2.9539896e-10,0.02054031,0.20689516,-6.580774e-05,0.09810296,-2.9753286e-05,-0.118643284,0.02054031,0.20717894,-6.2188315e-05,0.20661138,0.09810296,2.9801982e-05,-6.9427166e-05,-8.930855e-05,-0.118643284
1.2,24,1.5303512,0.75,0.0,0.9359629,-0.08665275,7.389214e-05,-2.8287774e-16,-1.140662e-16,-2.2026509e-14,0.03073732,0.1901033,-5.1957086e-05,0.0792403,-3.2172895e-05,-0.10997819,0.03073732,0.19029462,-5.7894944e-05,0.18991199,0.0792403,1.9542797e-05,-4.6019228e-05,-8.388859e-05,-0.10997819
1.2,24,1.5702877,0.75,0.0,0.9372334,-0.07949059,6.63712e-05,-2.8721583e-21,-1.1582347e-21,-2.2364617e-19,0.038555406,0.17411344,-4.4144508e-05,0.06320095,-3.160425e-05,-0.10175636,0.038555406,0.17425151,-5.280478e-05,0.17397536,0.06320095,1.3014692e-05,-3.548424e-05,-7.6223194e-05,-0.10175636
1.2,24,1.6102238,0.75,0.0,0.9387804,-0.07287555,4.7594804e-05,-3.9724724e-27,-1.6019581e-27,-3.0932454e-25,0.04426907,0.15909621,-3.9209095e-05,0.049765404,-2.9542689e-05,-0.09403403,0.04426907,0.1591989,-4.7391535e-05,0.15899354,0.049765404,8.975494e-06,-3.102666e-05,-6.806087e-05,-0.09403403
1.2,24,1.6501598,0.75,0.0,0.94062495,-0.0669013,5.2042702e-05,-7.4835304e-34,-3.0175092e-34,-5.827079e-32,0.04822381,0.14513439,-3.5495195e-05,0.03861084,-2.6742871e-05,-0.08683436,0.04822381,0.14521252,-4.1836396e-05,0.14505625,0.03861084,6.3967245e-06,-2.9153993e-05,-5.9882466e-05,-0.08683436
1.2,24,1.6900959,0.75,0.0,0.9425728,-0.061405867,4.8819315e-05,0.0,0.0,0.0,0.05075352,0.13224907,-3.2207663e-05,0.029404981,-2.3665612e-05,-0.08015871,0.05075352,0.13230829,-3.6319594e-05,0.13218985,0.029404981,4.597612e-06,-2.809573e-05,-5.1928837e-05,-0.08015871
1.2,24,1.730032,0.75,0.0,0.9445821,-0.056429278,4.6284607e-05,0.0,0.0,0.0,0.052151218,0.120427355,-2.9018529e-05,0.021840993,-2.0616028e-05,-0.07399237,0.052151218,0.12047246,-3.102824e-05,0.12038224,0.021840993,3.1856223e-06,-2.7008817e-05,-4.4417677e-05,-0.07399237
1.2,24,1.7699685,0.75,0.0,0.94663763,-0.051899634,3.987817e-05,0.0,0.0,0.0,0.05266375,0.10962908,-2.584371e-05,0.015649289,-1.778202e-05,-0.06831339,0.05266375,0.10966372,-2.6122189e-05,0.10959444,0.015649289,1.968286e-06,-2.5565234e-05,-3.7532325e-05,-0.06831339
1.2,24,1.8099041,0.75,0.0,0.94871134,-0.047776677,3.9912047e-05,0.0,0.0,0.0,0.052494314,0.09979927,-2.2710901e-05,0.010598413,-1.5266094e-05,-0.06309278,0.052494314,0.09982505,-2.1709513e-05,0.09977349,0.010598413,8.70328e-07,-2.3712288e-05,-3.1402516e-05,-0.06309278
1.2,24,1.8498402,0.75,0.0,0.9508098,-0.04404969,4.3668195e-05,0.0,0.0,0.0,0.051808275,0.09087193,-1.968516e-05,0.0064927335,-1.310814e-05,-0.05830125,0.051808275,0.09089005,-1.7839224e-05,0.09085381,0.0064927335,-1.2537059e-07,-2.1531096e-05,-2.609091e-05,-0.05830125
1.2,24,1.8897767,0.75,0.0,0.952857,-0.040652096,3.0872085e-05,0.0,0.0,0.0,0.0507378,0.08277772,-1.6834692e-05,0.003168845,-1.1305488e-05,-0.05390661,0.0507378,0.08279065,-1.4514422e-05,0.082764804,0.003168845,-1.011606e-06,-1.915496e-05,-2.1599371e-05,-0.05390661
1.2,24,1.9297123,0.75,0.0,0.9548331,-0.037553474,1.9113942e-05,0.0,0.0,0.0,0.0493881,0.07544685,-1.4209907e-05,0.00049077504,-9.8317905e-06,-0.049878802,0.0493881,0.075456776,-1.17045865e-05,0.07543693,0.00049077504,-1.7799504e-06,-1.6715227e-05,-1.788363e-05,-0.049878802
1.2,24,1.9696484,0.75,0.0,0.9567529,-0.034705635,3.1118503e-05,0.0,0.0,0.0,0.04784193,0.068812,-1.1843602e-05,-0.001654251,-8.645078e-06,-0.046187535,0.04784193,0.06881847,-9.361231e-06,0.068805516,-0.001654251,-2.426179e-06,-1.4325973e-05,-1.48639765e-05,-0.046187535
1.2,24,2.009585,0.75,0.0,0.9586546,-0.03208469,3.0457873e-05,0.0,0.0,0.0,0.046164725,0.06280829,-9.748947e-06,-0.0033597415,-7.700973e-06,-0.042805158,0.046164725,0.06281294,-7.42606e-06,0.06280364,-0.0033597415,-2.953367e-06,-1.2071835e-05,-1.2448579e-05,-0.042805158
1.2,24,2.049521,0.75,0.0,0.9604399,-0.029728437,1.998852e-05,0.0,0.0,0.0,0.04440721,0.057376485,-7.923882e-06,-0.0047026966,-6.955184e-06,-0.03970435,0.04440721,0.057379596,-5.84187e-06,0.057373375,-0.0047026966,-3.3692675e-06,-1.0005894e-05,-1.05411e-05,-0.03970435
1.2,24,2.0894566,0.75,0.0,0.96215093,-0.027567308,2.7319042e-05,0.0,0.0,0.0,0.042608716,0.052460846,-6.3548187e-06,-0.005747196,-6.367062e-06,-0.036861666,0.042608716,0.05246287,-4.5514034e-06,0.052458823,-0.005747196,-3.6852414e-06,-8.158234e-06,-9.048882e-06,-0.036861666
1.2,24,2.129393,0.75,0.0,0.963807,-0.025657253,2.6662989e-05,0.0,0.0,0.0,0.040799435,0.048010588,-5.0215217e-06,-0.006546125,-5.902554e-06,-0.034253325,0.040799435,0.048012022,-3.5068128e-06,0.048009157,-0.006546125,-3.915234e-06,-6.5362306e-06,-7.889875e-06,-0.034253325
1.2,24,2.1693292,0.75,0.0,0.965414,-0.023831123,2.9047422e-05,0.0,0.0,0.0,0.039002556,0.043980036,-3.8999115e-06,-0.0071432046,-5.531754e-06,-0.031859115,0.039002556,0.043980878,-2.6636117e-06,0.043979194,-0.0071432046,-4.071719e-06,-5.1362117e-06,-6.991789e-06,-0.031859115
1.2,24,2.2092648,0.75,0.0,0.96690756,-0.022167012,2.584386e-05,0.0,0.0,0.0,0.037234988,0.040327296,-2.964418e-06,-0.0075747315,-5.2317187e-06,-0.029660268,0.037234988,0.04032801,-1.9853078e-06,0.040326577,-0.0075747315,-4.167794e-06,-3.943528e-06,-6.2956433e-06,-0.029660268
1.2,24,2.2492018,0.75,0.0,0.968335,-0.020653067,2.3411403e-05,0.0,0.0,0.0,0.03550982,0.037014566,-2.1898736e-06,-0.007870852,-4.98385e-06,-0.02763886,0.03550982,0.037014745,-1.4402735e-06,0.03701439,-0.007870852,-4.214223e-06,-2.939474e-06,-5.7534767e-06,-0.02763886
1.2,24,2.2891374,0.75,0.0,0.9696963,-0.019252922,2.3201243e-05,0.0,0.0,0.0,0.03383597,0.03400842,-1.5530795e-06,-0.008056524,-4.773886e-06,-0.025779348,0.03383597,0.03400898,-1.0039465e-06,0.03400786,-0.008056524,-4.2209763e-06,-2.1022124e-06,-5.326795e-06,-0.025779348
1.2,24,2.3290734,0.75,0.0,0.9709706,-0.017902808,3.449472e-05,0.0,0.0,0.0,0.03221977,0.031277888,-1.0329186e-06,-0.008152378,-4.591083e-06,-0.024067573,0.03221977,0.031278327,-6.5489934e-07,0.031277448,-0.008152378,-4.1962294e-06,-1.4109378e-06,-4.985937e-06,-0.024067573
1.2,24,2.36901,0.75,0.0,0.9722,-0.016704347,1.9462825e-05,0.0,0.0,0.0,0.030665746,0.028795728,-6.099839e-07,-0.008175529,-4.4277167e-06,-0.022490244,0.030665746,0.028796246,-3.760258e-07,0.02879521,-0.008175529,-4.1468074e-06,-8.439419e-07,-4.708626e-06,-0.022490244
1.2,24,2.4089456,0.75,0.0,0.97337496,-0.015616444,1.781382e-05,0.0,0.0,0.0,0.029175892,0.026537374,-2.6848363e-07,-0.008140315,-4.277809e-06,-0.021035647,0.029175892,0.026537804,-1.5376415e-07,0.026536945,-0.008140315,-4.078552e-06,-3.8320314e-07,-4.4770654e-06,-0.021035647
1.2,24,2.4488816,0.75,0.0,0.9744386,-0.014521925,1.32253335e-05,0.0,0.0,0.0,0.02775132,0.024480823,5.7278067e-09,-0.008058547,-4.1377907e-06,-0.019692719,0.02775132,0.024481395,2.3219682e-08,0.024480252,-0.008058547,-3.9962415e-06,-1.1764069e-08,-4.2793395e-06,-0.019692719
1.2,24,2.4888182,0.75,0.0,0.9755094,-0.013609296,1.2577614e-05,0.0,0.0,0.0,0.026392099,0.022606274,2.2481657e-07,-0.007939873,-4.004124e-06,-0.018452296,0.026392099,0.022606803,1.6390592e-07,0.022605745,-0.007939873,-3.9031497e-06,2.8572722e-07,-4.105099e-06,-0.018452296
1.2,24,2.5287542,0.75,0.0,0.97651803,-0.012786323,1.3094768e-05,0.0,0.0,0.0,0.025097637,0.020896021,3.9840552e-07,-0.0077925166,-3.875452e-06,-0.017305177,0.025097637,0.020896697,2.7522273e-07,0.020895343,-0.0077925166,-3.8027688e-06,5.2158833e-07,-3.948135e-06,-0.017305177
1.2,24,2.5686898,0.75,0.0,0.9774823,-0.011995671,1.2370875e-05,0.0,0.0,0.0,0.023866674,0.019334223,5.3494443e-07,-0.0076231034,-3.7504733e-06,-0.016243568,0.023866674,0.019334834,3.6301182e-07,0.019333612,-0.0076231034,-3.6973884e-06,7.068771e-07,-3.803558e-06,-0.016243568
1.2,24,2.6086264,0.75,0.0,0.9783983,-0.011264706,1.1492996e-05,0.0,0.0,0.0,0.022697294,0.01790649,6.411716e-07,-0.0074371747,-3.6285583e-06,-0.01526008,0.022697294,0.017907232,4.3173142e-07,0.017905751,-0.0074371747,-3.588897e-06,8.5061174e-07,-3.6682193e-06,-0.01526008
1.2,24,2.6485624,0.75,0.0,0.97927415,-0.010597191,1.1355805e-05,0.0,0.0,0.0,0.021587381,0.016600233,7.230658e-07,-0.007239272,-3.5090911e-06,-0.014348242,0.021587381,0.016600832,4.8550714e-07,0.016599633,-0.007239272,-3.4786865e-06,9.606244e-07,-3.5394958e-06,-0.014348242
1.2,24,2.688498,0.75,0.0,0.9801006,-0.009994561,5.923886e-06,0.0,0.0,0.0,0.020535244,0.015403837,7.8474693e-07,-0.007033053,-3.3919612e-06,-0.0135020735,0.020535244,0.015404536,5.268583e-07,0.015403138,-0.007033053,-3.368029e-06,1.0426355e-06,-3.4158934e-06,-0.0135020735
1.2,24,2.728435,0.75,0.0,0.98088664,-0.009403042,6.080031e-06,0.0,0.0,0.0,0.019537775,0.014307107,8.302668e-07,-0.0068216594,-3.2773498e-06,-0.012716016,0.019537775,0.014307825,5.581925e-07,0.014306389,-0.0068216594,-3.2581268e-06,1.1023411e-06,-3.296573e-06,-0.012716016
1.2,24,2.7683706,0.75,0.0,0.9816381,-0.008861333,4.9731084e-06,0.0,0.0,0.0,0.018593034,0.013300692,8.628131e-07,-0.0066075604,-3.1649179e-06,-0.011985289,0.018593034,0.013301423,5.815099e-07,0.013299961,-0.0066075604,-3.1493487e-06,1.1441164e-06,-3.1804873e-06,-0.011985289
1.2,24,2.8083067,0.75,0.0,0.9823488,-0.008379811,5.9553895e-06,0.0,0.0,0.0,0.017698217,0.012376346,8.8478873e-07,-0.0063928175,-3.0552178e-06,-0.0113054365,0.017698217,0.012377146,5.9847633e-07,0.012375546,-0.0063928175,-3.04238e-06,1.1711011e-06,-3.0680555e-06,-0.0113054365
1.2,24,2.8482432,0.75,0.0,0.98302984,-0.007909468,5.4213738e-06,0.0,0.0,0.0,0.016851278,0.0115264375,8.983508e-07,-0.006178955,-2.947957e-06,-0.010672271,0.016851278,0.011527159,6.099443e-07,0.011525715,-0.006178955,-2.9377088e-06,1.1867572e-06,-2.9582054e-06,-0.010672271
1.2,24,2.8881788,0.75,0.0,0.98366743,-0.007453209,3.1249706e-06,0.0,0.0,0.0,0.01604953,0.0107444525,9.050854e-07,-0.0059673632,-2.8434538e-06,-0.01008207,0.01604953,0.01074516,6.171863e-07,0.010743744,-0.0059673632,-2.835449e-06,1.1929845e-06,-2.8514582e-06,-0.01008207
1.2,24,2.928115,0.75,0.0,0.9842722,-0.0070398464,2.814649e-06,0.0,0.0,0.0,0.0152905965,0.01002409,9.063434e-07,-0.005759041,-2.7417764e-06,-0.009531552,0.0152905965,0.010024795,6.209456e-07,0.010023385,-0.005759041,-2.7360059e-06,1.1917413e-06,-2.7475471e-06,-0.009531552
1.2,24,2.9680514,0.75,0.0,0.9848615,-0.0066591115,1.6616483e-06,0.0,0.0,0.0,0.014572384,0.009359989,9.0338415e-07,-0.0055547967,-2.6430098e-06,-0.009017544,0.014572384,0.009360587,6.218424e-07,0.009359392,-0.0055547967,-2.6394819e-06,1.184926e-06,-2.646538e-06,-0.009017544
1.2,24,3.0079875,0.75,0.0,0.9854244,-0.0062919385,1.3981548e-06,0.0,0.0,0.0,0.013892438,0.008747173,8.9684596e-07,-0.00535517,-2.5471236e-06,-0.008537317,0.013892438,0.008747848,6.204374e-07,0.008746497,-0.00535517,-2.5459042e-06,1.1732545e-06,-2.5483428e-06,-0.008537317
1.2,24,3.047923,0.75,0.0,0.985962,-0.0059729875,-9.936105e-06,0.0,0.0,0.0,0.013249052,0.008181159,8.878149e-07,-0.005160824,-2.454292e-06,-0.008088248,0.013249052,0.008181775,6.1715843e-07,0.008180544,-0.005160824,-2.455391e-06,1.1584714e-06,-2.453193e-06,-0.008088248
1.2,24,3.0878596,0.75,0.0,0.9864734,-0.0056721503,1.07556616e-07,0.0,0.0,0.0,0.012639822,0.0076579107,8.7637176e-07,-0.004971913,-2.3644523e-06,-0.007667903,0.012639822,0.0076585687,6.122781e-07,0.007657253,-0.004971913,-2.3679843e-06,1.1404654e-06,-2.3609202e-06,-0.007667903
1.2,24,3.1277957,0.75,0.0,0.98695844,-0.0053849816,-2.5202127e-07,0.0,0.0,0.0,0.01206298,0.0071737967,8.634227e-07,-0.004788745,-2.2776626e-06,-0.007274255,0.01206298,0.0071744374,6.061591e-07,0.007173156,-0.004788745,-2.283592e-06,1.1206863e-06,-2.271733e-06,-0.007274255
1.2,24,3.1677313,0.75,0.0,0.98741704,-0.00510059,2.6790713e-07,0.0,0.0,0.0,0.011516768,0.006725491,8.49391e-07,-0.0046114377,-2.1939145e-06,-0.0069052796,0.011516768,0.0067260857,5.991594e-07,0.0067248964,-0.0046114377,-2.2022205e-06,1.0996225e-06,-2.1856088e-06,-0.0069052796
1.2,24,3.2076683,0.75,0.0,0.9878752,-0.004864856,-1.912324e-05,0.0,0.0,0.0,0.01099929,0.0063099395,8.3432894e-07,-0.0044400916,-2.1130704e-06,-0.0065591587,0.01099929,0.00631057,5.91326e-07,0.0063093095,-0.0044400916,-2.1238216e-06,1.0773318e-06,-2.1023193e-06,-0.0065591587
1.2,24,3.247604,0.75,0.0,0.98831743,-0.0046329377,1.3808254e-06,0.0,0.0,0.0,0.010508885,0.0059245573,8.185101e-07,-0.0042746975,-2.0351936e-06,-0.0062342905,0.010508885,0.005925148,5.8279846e-07,0.005923967,-0.0042746975,-2.048314e-06,1.0542217e-06,-2.022073e-06,-0.0062342905
1.2,24,3.28754,0.75,0.0,0.9887224,-0.0044062743,1.1059271e-06,0.0,0.0,0.0,0.01004428,0.005566699,8.0234514e-07,-0.0041151876,-1.9602319e-06,-0.005929093,0.01004428,0.0055672633,5.738301e-07,0.0055661346,-0.0041151876,-1.9756558e-06,1.0308602e-06,-1.944808e-06,-0.005929093
1.2,24,3.3274755,0.75,0.0,0.98910946,-0.0041941768,-2.1326753e-07,0.0,0.0,0.0,0.009603819,0.00523425,7.8583963e-07,-0.0039615915,-1.8880837e-06,-0.0056421617,0.009603819,0.0052348,5.6436625e-07,0.0052337,-0.0039615915,-1.90579e-06,1.007313e-06,-1.8703773e-06,-0.0056421617
1.2,24,3.367412,0.75,0.0,0.98947835,-0.004001671,-4.6977445e-07,0.0,0.0,0.0,0.009186002,0.004925088,7.6920287e-07,-0.0038137648,-1.8187374e-06,-0.0053722416,0.009186002,0.004925665,5.547134e-07,0.0049245115,-0.0038137648,-1.8385482e-06,9.836924e-07,-1.7989265e-06,-0.0053722416
1.2,24,3.4073482,0.75,0.0,0.9898376,-0.0037659444,1.2003443e-06,0.0,0.0,0.0,0.008789768,0.0046373806,7.524749e-07,-0.0036715749,-1.7520392e-06,-0.0051181884,0.008789768,0.0046378705,5.447514e-07,0.0046368907,-0.0036715749,-1.7739627e-06,9.601983e-07,-1.7301159e-06,-0.0051181884
1.2,24,3.4472837,0.75,0.0,0.9901761,-0.0035899559,1.0307688e-06,0.0,0.0,0.0,0.008413765,0.0043694386,7.357928e-07,-0.0035348982,-1.6879409e-06,-0.00487887,0.008413765,0.0043699197,5.3463305e-07,0.004368958,-0.0035348982,-1.7118458e-06,9.3695263e-07,-1.664036e-06,-0.00487887
1.2,24,3.4872208,0.75,0.0,0.99050015,-0.003424056,8.638755e-07,0.0,0.0,0.0,0.008056827,0.004119687,7.19254e-07,-0.0034035873,-1.6264542e-06,-0.0046532503,0.008056827,0.0041201827,5.2446694e-07,0.0041191913,-0.0034035873,-1.6522073e-06,9.140411e-07,-1.6007011e-06,-0.0046532503
1.2,24,3.5271568,0.75,0.0,0.9908105,-0.0032675005,6.4777566e-07,0.0,0.0,0.0,0.007717937,0.0038867483,7.0285967e-07,-0.003277473,-1.5673023e-06,-0.004440434,0.007717937,0.0038872047,5.14257e-07,0.003886292,-0.003277473,-1.5948045e-06,8.914624e-07,-1.5398001e-06,-0.004440434
1.2,24,3.567092,0.75,0.0,0.9911078,-0.003119882,5.634759e-07,0.0,0.0,0.0,0.007396058,0.003669322,6.866296e-07,-0.003156409,-1.5105661e-06,-0.004239617,0.007396058,0.0036697416,5.0400337e-07,0.0036689024,-0.003156409,-1.5397026e-06,8.6925587e-07,-1.4814295e-06,-0.004239617
1.2,24,3.607029,0.75,0.0,0.99137914,-0.0029644917,5.644929e-07,0.0,0.0,0.0,0.007090142,0.0034662094,6.706191e-07,-0.0030401936,-1.4561276e-06,-0.0040499144,0.007090142,0.0034666422,4.937975e-07,0.0034657763,-0.0030401936,-1.4867414e-06,8.474408e-07,-1.4255138e-06,-0.0040499144
1.2,24,3.646965,0.75,0.0,0.99165314,-0.002833187,4.6307102e-07,0.0,0.0,0.0,0.006799366,0.0032763686,6.5500245e-07,-0.0029287012,-1.4038633e-06,-0.0038706863,0.006799366,0.0032767819,4.836302e-07,0.003275955,-0.0029287012,-1.4358681e-06,8.2637473e-07,-1.3718584e-06,-0.0038706863
1.2,24,3.686901,0.75,0.0,0.99191576,-0.0027090411,3.6689175e-07,0.0,0.0,0.0,0.006522932,0.003098764,6.395594e-07,-0.0028217298,-1.3536684e-06,-0.0037011956,0.006522932,0.0030991358,4.7347774e-07,0.0030983922,-0.0028217298,-1.3869483e-06,8.0564104e-07,-1.3203885e-06,-0.0037011956
1.2,24,3.7268372,0.75,0.0,0.99216783,-0.0025915985,2.7973084e-07,0.0,0.0,0.0,0.0062599396,0.002932535,6.244822e-07,-0.002719108,-1.3055444e-06,-0.003540835,0.0062599396,0.002932909,4.6354083e-07,0.002932161,-0.002719108,-1.3399568e-06,7.8542354e-07,-1.271132e-06,-0.003540835
1.2,24,3.7667732,0.75,0.0,0.9924169,-0.0025023173,1.2470138e-06,0.0,0.0,0.0,0.006009692,0.002776816,6.097275e-07,-0.002620677,-1.2593807e-06,-0.003389022,0.006009692,0.0027771688,4.536615e-07,0.0027764635,-0.002620677,-1.2948527e-06,7.657936e-07,-1.2239086e-06,-0.003389022
1.2,24,3.8067093,0.75,0.0,0.9926486,-0.0023957938,1.133912e-06,0.0,0.0,0.0,0.0057714726,0.00263086,5.952667e-07,-0.0025262646,-1.2150313e-06,-0.0032452198,0.0057714726,0.0026312117,4.438686e-07,0.0026305083,-0.0025262646,-1.2514547e-06,7.4666485e-07,-1.1786077e-06,-0.0032452198
1.2,24,3.8466454,0.75,0.0,0.99286884,-0.0022906843,1.2637378e-06,0.0,0.0,0.0,0.005544632,0.0024939643,5.81143e-07,-0.0024357198,-1.1725178e-06,-0.0031089499,0.005544632,0.0024942814,4.3425416e-07,0.0024936472,-0.0024357198,-1.2097378e-06,7.2803186e-07,-1.1352979e-06,-0.0031089499
1.2,24,3.8865814,0.75,0.0,0.9930829,-0.0021953026,1.1408437e-06,0.0,0.0,0.0,0.005328536,0.0023655016,5.673686e-07,-0.0023488472,-1.1316783e-06,-0.0029797088,0.005328536,0.0023658196,4.2477365e-07,0.0023651836,-0.0023488472,-1.1696627e-06,7.099635e-07,-1.0936941e-06,-0.0029797088
1.2,24,3.9265175,0.75,0.0,0.9932885,-0.0021048288,1.3010689e-06,0.0,0.0,0.0,0.005122628,0.002244827,5.5386954e-07,-0.0022655195,-1.0925032e-06,-0.0028570879,0.005122628,0.0022451272,4.154291e-07,0.002244527,-0.0022655195,-1.1311272e-06,6.923099e-07,-1.0538793e-06,-0.0028570879
1.2,24,3.9664536,0.75,0.0,0.9934866,-0.0020236915,1.9756963e-06,0.0,0.0,0.0,0.0049263076,0.0021314528,5.407363e-07,-0.0021856087,-1.0549013e-06,-0.0027406914,0.0049263076,0.0021317522,4.0628217e-07,0.0021311536,-0.0021856087,-1.0940855e-06,6.751905e-07,-1.015717e-06,-0.0027406914
1.2,24,4.0063896,0.75,0.0,0.993677,-0.0019419282,2.1792569e-06,0.0,0.0,0.0,0.0047391052,0.002024836,5.279065e-07,-0.002108939,-1.0188081e-06,-0.002630156,0.0047391052,0.0020251248,3.972925e-07,0.0020245472,-0.002108939,-1.0584546e-06,6.5852043e-07,-9.791617e-07,-0.002630156
1.2,24,4.0463257,0.75,0.0,0.993843,-0.0019277851,2.047514e-06,0.0,0.0,0.0,0.004560505,0.001924541,5.154061e-07,-0.002035409,-9.841607e-07,-0.0025251005,0.004560505,0.0019248097,3.8845073e-07,0.0019242723,-0.002035409,-1.0241816e-06,6.4236144e-07,-9.441397e-07,-0.0025251005
1.2,24,4.0862617,0.75,0.0,0.99401945,-0.0018511941,1.5081011e-06,0.0,0.0,0.0,0.0043900493,0.0018301148,5.032034e-07,-0.0019648196,-9.508818e-07,-0.0024252364,0.0043900493,0.0018303638,3.7978631e-07,0.0018298656,-0.0019648196,-9.912021e-07,6.266205e-07,-9.105615e-07,-0.0024252364
1.2,24,4.126198,0.75,0.0,0.99418914,-0.0017784127,1.3883899e-06,0.0,0.0,0.0,0.004227285,0.0017411748,4.913378e-07,-0.0018970965,-9.189291e-07,-0.0023302434,0.004227285,0.0017414296,3.7128808e-07,0.0017409201,-0.0018970965,-9.59495e-07,6.1138746e-07,-8.783633e-07,-0.0023302434
1.2,24,4.166134,0.75,0.0,0.99430156,-0.0016794377,1.1045283e-06,0.0,0.0,0.0,0.004071958,0.0016573481,4.7977755e-07,-0.0018320909,-8.8826346e-07,-0.002239821,0.004071958,0.001657576,3.629926e-07,0.0016571202,-0.0018320909,-9.289834e-07,5.9656253e-07,-8.4754345e-07,-0.002239821
1.2,24,4.206071,0.75,0.0,0.99446136,-0.0016147124,7.556218e-07,0.0,0.0,0.0,0.003923455,0.0015783045,4.684882e-07,-0.0017697199,-8.587755e-07,-0.0021537587,0.003923455,0.0015785283,3.548344e-07,0.0015780806,-0.0017697199,-8.9960827e-07,5.82142e-07,-8.1794275e-07,-0.0021537587
1.2,24,4.246006,0.75,0.0,0.9946152,-0.0015530128,6.752104e-07,0.0,0.0,0.0,0.0037816043,0.0015037253,4.575403e-07,-0.0017098368,-8.304761e-07,-0.0020717662,0.0037816043,0.001503942,3.4687807e-07,0.0015035085,-0.0017098368,-8.713617e-07,5.6820255e-07,-7.8959044e-07,-0.0020717662
1.2,24,4.285942,0.75,0.0,0.99476326,-0.0014940583,9.2184405e-07,0.0,0.0,0.0,0.0036459672,0.0014333315,4.4685277e-07,-0.001652335,-8.032623e-07,-0.0019936238,0.0036459672,0.001433542,3.3908958e-07,0.0014331212,-0.001652335,-8.441449e-07,5.5461595e-07,-7.6237967e-07,-0.0019936238
1.2,24,4.325879,0.75,0.0,0.9949062,-0.0014380274,8.384411e-07,0.0,0.0,0.0,0.0035162137,0.00136683,4.3645866e-07,-0.0015970973,-7.7711024e-07,-0.0019191398,0.0035162137,0.0013670351,3.3148714e-07,0.0013666248,-0.0015970973,-8.179223e-07,5.414302e-07,-7.3629826e-07,-0.0019191398
1.2,24,4.365814,0.75,0.0,0.99504405,-0.0013848409,6.653706e-07,0.0,0.0,0.0,0.0033921532,0.0013039825,4.2629807e-07,-0.0015440591,-7.5196766e-07,-0.0018480864,0.0033921532,0.0013041827,3.2400797e-07,0.0013037822,-0.0015440591,-7.9271183e-07,5.2858815e-07,-7.112235e-07,-0.0018480864
1.2,24,4.4057503,0.75,0.0,0.99517703,-0.0013339889,3.319932e-07,0.0,0.0,0.0,0.0032734051,0.0012445645,4.164582e-07,-0.0014931085,-7.2779426e-07,-0.0017802801,0.0032734051,0.0012447591,3.1678627e-07,0.00124437,-0.0014931085,-7.6839353e-07,5.161301e-07,-6.8719504e-07,-0.0017802801
1.2,24,4.4456873,0.75,0.0,0.9953052,-0.001285181,-2.8836746e-08,0.0,0.0,0.0,0.0031596888,0.0011883567,4.0686882e-07,-0.0014441409,-7.045521e-07,-0.0017155434,0.0031596888,0.0011885397,3.0966893e-07,0.0011881735,-0.0014441409,-7.4496694e-07,5.0406874e-07,-6.6413736e-07,-0.0017155434
1.2,24,4.4856234,0.75,0.0,0.9954291,-0.0012386964,-7.471696e-08,0.0,0.0,0.0,0.003050821,0.0011351632,3.9751706e-07,-0.0013970968,-6.8219185e-07,-0.001653712,0.003050821,0.0011353432,3.027324e-07,0.0011349833,-0.0013970968,-7.2239163e-07,4.9230175e-07,-6.419921e-07,-0.001653712
1.2,24,4.5255585,0.75,0.0,0.9955487,-0.0011945089,-2.8181933e-08,0.0,0.0,0.0,0.0029465486,0.0010847966,3.8845275e-07,-0.0013518784,-6.606833e-07,-0.0015946573,0.0029465486,0.0010849645,2.9595859e-07,0.0010846289,-0.0013518784,-7.0064806e-07,4.809469e-07,-6.2071854e-07,-0.0015946573
1.2,24,4.5654955,0.75,0.0,0.99566424,-0.0011520598,-4.07028e-08,0.0,0.0,0.0,0.0028465984,0.0010370729,3.7955954e-07,-0.0013083918,-6.3998374e-07,-0.0015381966,0.0028465984,0.00103724,2.893434e-07,0.0010369056,-0.0013083918,-6.7967756e-07,4.697757e-07,-6.002899e-07,-0.0015381966
1.2,24,4.6054316,0.75,0.0,0.9957759,-0.0011114778,-7.506069e-08,0.0,0.0,0.0,0.0027508007,0.0009918457,3.709835e-07,-0.0012665938,-6.200668e-07,-0.0014841974,0.0027508007,0.000992009,2.8288963e-07,0.0009916826,-0.0012665938,-6.5946864e-07,4.590774e-07,-5.80665e-07,-0.0014841974
1.2,24,4.6453667,0.75,0.0,0.99588376,-0.0010726661,-1.1323439e-07,0.0,0.0,0.0,0.0026589592,0.0009489571,3.6260957e-07,-0.0012263777,-6.008974e-07,-0.0014325632,0.0026589592,0.0009491102,2.7658686e-07,0.000948804,-0.0012263777,-6.3997317e-07,4.4863225e-07,-5.6182165e-07,-0.0014325632
1.2,24,4.6853037,0.75,0.0,0.995988,-0.001035522,-1.4759149e-07,0.0,0.0,0.0,0.0025708543,0.0009082718,3.5442082e-07,-0.0011876962,-5.824387e-07,-0.0013831449,0.0025708543,0.00090842135,2.704489e-07,0.0009081223,-0.0011876962,-6.2117266e-07,4.3839276e-07,-5.437047e-07,-0.0013831449
1.2,24,4.7252398,0.75,0.0,0.9960888,-0.0009999754,-1.7805375e-07,0.0,0.0,0.0,0.0024863116,0.0008696555,3.4646717e-07,-0.0011504795,-5.646465e-07,-0.0013358399,0.0024863116,0.000869798,2.6445616e-07,0.000869513,-0.0011504795,-6.030233e-07,4.2847816e-07,-5.262696e-07,-0.0013358399
1.2,24,4.765176,0.75,0.0,0.9961863,-0.0009659371,-2.045837e-07,0.0,0.0,0.0,0.0024051766,0.0008329869,3.3875847e-07,-0.0011146502,-5.4752616e-07,-0.0012905326,0.0024051766,0.00083311833,2.5861578e-07,0.0008328555,-0.0011146502,-5.8551797e-07,4.1890118e-07,-5.095344e-07,-0.0012905326
1.2,24,4.805112,0.75,0.0,0.99628067,-0.0009332747,-3.9673807e-07,0.0,0.0,0.0,0.002327288,0.00079816295,3.3121546e-07,-0.0010801693,-5.310199e-07,-0.0012471178,0.002327288,0.0007982913,2.529145e-07,0.0007980346,-0.0010801693,-5.6862876e-07,4.0951642e-07,-4.9341105e-07,-0.0012471178
1.2,24,4.845048,0.75,0.0,0.996372,-0.00090187805,-4.1099872e-07,0.0,0.0,0.0,0.0022524945,0.00076506136,3.2390352e-07,-0.0010469769,-5.151207e-07,-0.0012055347,0.0022524945,0.00076519337,2.4734763e-07,0.0007649294,-0.0010469769,-5.5231834e-07,4.004594e-07,-4.7792304e-07,-0.0012055347
1.2,24,4.884984,0.75,0.0,0.9964605,-0.00087208016,-4.487168e-07,0.0,0.0,0.0,0.0021806417,0.00073359243,3.1677848e-07,-0.001015008,-4.997984e-07,-0.0011656439,0.0021806417,0.0007337179,2.419271e-07,0.000733467,-0.001015008,-5.365747e-07,3.916299e-07,-4.6302202e-07,-0.0011656439
1.2,24,4.92492,0.75,0.0,0.9965454,-0.0008420281,6.728617e-07,0.0,0.0,0.0,0.0021116294,0.0007036576,3.0980877e-07,-0.0009842205,-4.8501875e-07,-0.001127401,0.0021116294,0.000703777,2.3662368e-07,0.00070353824,-0.0009842205,-5.2136835e-07,3.8299387e-07,-4.486692e-07,-0.001127401
1.2,24,4.964856,0.75,0.0,0.9966286,-0.000814473,5.135916e-07,0.0,0.0,0.0,0.0020452538,0.000675179,3.030504e-07,-0.0009545515,-4.7078498e-07,-0.0010907002,0.0020452538,0.00067529705,2.3146808e-07,0.00067506096,-0.0009545515,-5.0670036e-07,3.746327e-07,-4.3486958e-07,-0.0010907002
1.2,24,5.004792,0.75,0.0,0.9967088,-0.000788064,4.6214677e-07,0.0,0.0,0.0,0.0019814747,0.000648067,2.9647134e-07,-0.00092596735,-4.570373e-07,-0.0010554884,0.0019814747,0.00064817583,2.2645179e-07,0.0006479581,-0.00092596735,-4.9249786e-07,3.664909e-07,-4.2157674e-07,-0.0010554884
1.2,24,5.0447283,0.75,0.0,0.99678653,-0.0007641775,1.1558673e-06,0.0,0.0,0.0,0.0019201098,0.0006222547,2.900602e-07,-0.0008984126,-4.4377003e-07,-0.0010216787,0.0019201098,0.0006223649,2.2155308e-07,0.0006221444,-0.0008984126,-4.788015e-07,3.5856735e-07,-4.0873857e-07,-0.0010216787
1.2,24,5.0846643,0.75,0.0,0.9968619,-0.00073986576,9.671145e-07,0.0,0.0,0.0,0.0018610778,0.0005976568,2.838148e-07,-0.00087185414,-4.3098498e-07,-0.0009892281,0.0018610778,0.00059776066,2.1676428e-07,0.000597553,-0.00087185414,-4.655579e-07,3.5086532e-07,-3.964121e-07,-0.0009892281
1.2,24,5.1246004,0.75,0.0,0.99693483,-0.0007164611,9.210471e-07,0.0,0.0,0.0,0.0018042747,0.0005742211,2.777101e-07,-0.0008462479,-4.1864143e-07,-0.00095803937,0.0018042747,0.00057432195,2.1210498e-07,0.0005741202,-0.0008462479,-4.527551e-07,3.4331518e-07,-3.8452774e-07,-0.00095803937
1.2,24,5.1645374,0.75,0.0,0.99700564,-0.0006939688,8.7701056e-07,0.0,0.0,0.0,0.0017496212,0.00055187143,2.7178805e-07,-0.00082154776,-4.0673137e-07,-0.0009280718,0.0017496212,0.0005519695,2.0755498e-07,0.00055177335,-0.00082154776,-4.4038197e-07,3.3602115e-07,-3.730808e-07,-0.0009280718
1.2,24,5.2044725,0.75,0.0,0.9970742,-0.00067236036,8.317522e-07,0.0,0.0,0.0,0.0016969861,0.00053056265,2.6603078e-07,-0.00079772685,-3.9521268e-07,-0.00089925627,0.0016969861,0.000530656,2.0312258e-07,0.0005304693,-0.00079772685,-4.284062e-07,3.28939e-07,-3.6201914e-07,-0.00089925627
1.2,24,5.2444086,0.75,0.0,0.99714077,-0.0006514915,8.9634545e-07,0.0,0.0,0.0,0.001646308,0.000510228,2.604075e-07,-0.00077473954,-3.8411122e-07,-0.0008715573,0.001646308,0.0005103177,1.9880785e-07,0.0005101382,-0.00077473954,-4.1684325e-07,3.220071e-07,-3.5137919e-07,-0.0008715573
1.2,24,5.2843456,0.75,0.0,0.9972053,-0.0006315059,8.54515e-07,0.0,0.0,0.0,0.0015974758,0.00049082475,2.5496172e-07,-0.00075255876,-3.73384e-07,-0.00084491516,0.0015974758,0.000490912,1.9459941e-07,0.0004907375,-0.00075255876,-4.0565254e-07,3.1532406e-07,-3.4111548e-07,-0.00084491516
1.2,24,5.3242807,0.75,0.0,0.99726796,-0.00061228644,8.1202626e-07,0.0,0.0,0.0,0.0015504395,0.00047229507,2.4960968e-07,-0.0007311487,-3.6301878e-07,-0.00081928965,0.0015504395,0.0004723805,1.9048899e-07,0.00047220965,-0.0007311487,-3.9482543e-07,3.087304e-07,-3.312121e-07,-0.00081928965
1.2,24,5.364217,0.75,0.0,0.9973289,-0.00059385604,8.117744e-07,0.0,0.0,0.0,0.0015050962,0.0004545985,2.4439612e-07,-0.0007104792,-3.5300545e-07,-0.0007946179,0.0015050962,0.00045468306,1.8648902e-07,0.00045451394,-0.0007104792,-3.8435073e-07,3.023032e-07,-3.2166017e-07,-0.0007946179
1.2,24,5.404154,0.75,0.0,0.9973879,-0.00057605427,7.719329e-07,0.0,0.0,0.0,0.0014613913,0.0004376903,2.3933407e-07,-0.0006905206,-3.4332288e-07,-0.00077087135,0.0014613913,0.00043777004,1.8257924e-07,0.00043761055,-0.0006905206,-3.7420568e-07,2.960889e-07,-3.1244008e-07,-0.00077087135
1.2,24,5.44409,0.75,0.0,0.9974452,-0.00055890635,7.3473257e-07,0.0,0.0,0.0,0.0014192499,0.00042153106,2.3443263e-07,-0.0006712422,-3.3396236e-07,-0.0007480023,0.0014192499,0.00042160667,1.787858e-07,0.00042145545,-0.0006712422,-3.6438666e-07,2.9007947e-07,-3.0353806e-07,-0.0007480023
1.2,24,5.484025,0.75,0.0,0.9975009,-0.000542313,7.2767347e-07,0.0,0.0,0.0,0.0013785997,0.00040608365,2.2959509e-07,-0.0006526186,-3.2492184e-07,-0.00072597445,0.0013785997,0.00040616147,1.7506277e-07,0.00040600586,-0.0006526186,-3.548892e-07,2.841274e-07,-2.9495448e-07,-0.00072597445
1.2,24,5.523962,0.75,0.0,0.997555,-0.00052645546,6.5732814e-07,0.0,0.0,0.0,0.0013393901,0.00039130828,2.2492277e-07,-0.0006346301,-3.161726e-07,-0.0007047549,0.0013393901,0.0003913841,1.7145467e-07,0.0003912325,-0.0006346301,-3.4569027e-07,2.7839087e-07,-2.8665488e-07,-0.0007047549
1.2,24,5.563898,0.75,0.0,0.99760765,-0.00051107147,6.157647e-07,0.0,0.0,0.0,0.0013015422,0.00037717118,2.2033663e-07,-0.0006172401,-3.077107e-07,-0.00068430055,0.0013015422,0.0003772437,1.6791729e-07,0.00037709865,-0.0006172401,-3.3677935e-07,2.7275595e-07,-2.7864203e-07,-0.00068430055
1.2,24,5.603834,0.75,0.0,0.9976588,-0.0004962879,5.8724004e-07,0.0,0.0,0.0,0.0012650142,0.0003636455,2.1588079e-07,-0.0006004389,-2.99524e-07,-0.0006645838,0.0012650142,0.00036371336,1.6447534e-07,0.00036357762,-0.0006004389,-3.2814367e-07,2.6728625e-07,-2.7090434e-07,-0.0006645838
1.2,24,5.64377,0.75,0.0,0.9977084,-0.00048196022,5.1677887e-07,0.0,0.0,0.0,0.0012297602,0.0003506935,2.1154557e-07,-0.0005841854,-2.9160003e-07,-0.0006455688,0.0012297602,0.00035076131,1.6112489e-07,0.0003506257,-0.0005841854,-3.1978166e-07,2.6196625e-07,-2.6341837e-07,-0.0006455688
1.2,24,5.6837063,0.75,0.0,0.9977566,-0.00046814364,5.314075e-07,0.0,0.0,0.0,0.0011957035,0.0003382922,2.0731898e-07,-0.0005684763,-2.8393453e-07,-0.0006272311,0.0011957035,0.00033835584,1.5785044e-07,0.00033822854,-0.0005684763,-3.1167494e-07,2.567875e-07,-2.5619408e-07,-0.0006272311
1.2,24,5.7236423,0.75,0.0,0.9978036,-0.0004548528,3.5680222e-07,0.0,0.0,0.0,0.0011628076,0.00032641465,2.0319663e-07,-0.000553278,-2.765147e-07,-0.00060954,0.0011628076,0.00032647548,1.546599e-07,0.00032635385,-0.000553278,-3.038297e-07,2.5173338e-07,-2.4919967e-07,-0.00060954
1.2,24,5.7635784,0.75,0.0,0.9978493,-0.00044213305,2.9443925e-07,0.0,0.0,0.0,0.001131044,0.0003150303,1.9915971e-07,-0.00053857744,-2.693413e-07,-0.0005924671,0.001131044,0.0003150898,1.5154382e-07,0.00031497082,-0.00053857744,-2.962184e-07,2.467756e-07,-2.4246424e-07,-0.0005924671
1.2,24,5.8035145,0.75,0.0,0.9978936,-0.00042979585,2.7444761e-07,0.0,0.0,0.0,0.0011003395,0.00030412062,1.9523017e-07,-0.0005243562,-2.6238038e-07,-0.0005759892,0.0011003395,0.00030417988,1.4850029e-07,0.00030406137,-0.0005243562,-2.888391e-07,2.4196004e-07,-2.3592166e-07,-0.0005759892
1.2,24,5.8434505,0.75,0.0,0.99793696,-0.0004178833,1.9023771e-07,0.0,0.0,0.0,0.0010706673,0.00029366135,1.9140577e-07,-0.0005105901,-2.5564862e-07,-0.00056007534,0.0010706673,0.0002937189,1.4554942e-07,0.00029360378,-0.0005105901,-2.8168984e-07,2.3726214e-07,-2.2960742e-07,-0.00056007534
1.2,24,5.8833866,0.75,0.0,0.9979789,-0.0004063854,1.7101456e-07,0.0,0.0,0.0,0.0010419806,0.00028363007,1.8767406e-07,-0.00049727474,-2.4912154e-07,-0.00054471416,0.0010419806,0.0002836869,1.4266107e-07,0.00028357323,-0.00049727474,-2.7474624e-07,2.3268707e-07,-2.2349685e-07,-0.00054471416
1.2,24,5.9233227,0.75,0.0,0.99801975,-0.0003952759,1.5493444e-07,0.0,0.0,0.0,0.0010142431,0.00027400546,1.8403433e-07,-0.00048437092,-2.4280374e-07,-0.00052987254,0.0010142431,0.0002740619,1.3983754e-07,0.00027394903,-0.00048437092,-2.6802405e-07,2.2823113e-07,-2.175834e-07,-0.00052987254
1.2,24,5.9632587,0.75,0.0,0.9980595,-0.0003845502,1.39709e-07,0.0,0.0,0.0,0.0009874131,0.0002647707,1.8048735e-07,-0.0004718842,-2.3667636e-07,-0.00051553274,0.0009874131,0.00026482414,1.3708414e-07,0.00026471724,-0.0004718842,-2.6149252e-07,2.2389055e-07,-2.118602e-07,-0.00051553274
1.2,24,6.003195,0.75,0.0,0.99809825,-0.0003741804,1.252e-07,0.0,0.0,0.0,0.0009614556,0.00025590742,1.7700395e-07,-0.00045979276,-2.3073886e-07,-0.00050167105,0.0009614556,0.00025595853,1.3439407e-07,0.0002558563,-0.00045979276,-2.5516317e-07,2.1961385e-07,-2.0631454e-07,-0.00050167105
1.2,24,6.043131,0.75,0.0,0.9981359,-0.00036415688,1.1060912e-07,0.0,0.0,0.0,0.00093635725,0.00024739743,1.7362574e-07,-0.00044807867,-2.2498492e-07,-0.00048827412,0.00093635725,0.00024744894,1.317834e-07,0.00024734592,-0.00044807867,-2.4901152e-07,2.1546808e-07,-2.0095833e-07,-0.00048827412
1.2,24,6.083067,0.75,0.0,0.99817246,-0.0003540369,-5.8344085e-07,0.0,0.0,0.0,0.00091205264,0.00023922324,1.7032576e-07,-0.0004367305,-2.1940565e-07,-0.0004753231,0.00091205264,0.00023927343,1.2921902e-07,0.00023917307,-0.0004367305,-2.430494e-07,2.1143249e-07,-1.9576188e-07,-0.0004753231
1.2,24,6.123004,0.75,0.0,0.9982083,-0.00034468243,-5.806633e-07,0.0,0.0,0.0,0.00088852807,0.00023137273,1.6710243e-07,-0.00042573144,-2.1399951e-07,-0.00046279593,0.00088852807,0.00023142034,1.2672331e-07,0.00023132512,-0.00042573144,-2.372625e-07,2.0748156e-07,-1.9073653e-07,-0.00046279593
1.2,24,6.162939,0.75,0.0,0.9982429,-0.00033509635,1.9602854e-07,0.0,0.0,0.0,0.0008657524,0.00022382819,1.6396602e-07,-0.00041507732,-2.0874701e-07,-0.0004506812,0.0008657524,0.00022387372,1.242956e-07,0.00022378266,-0.00041507732,-2.316386e-07,2.0363645e-07,-1.8585543e-07,-0.0004506812
1.2,24,6.202875,0.75,0.0,0.9982768,-0.0003264446,2.509617e-07,0.0,0.0,0.0,0.0008437049,0.00021657697,1.6088129e-07,-0.00040474933,-2.036569e-07,-0.0004389608,0.0008437049,0.00021662419,1.219159e-07,0.00021652975,-0.00040474933,-2.2617594e-07,1.9984665e-07,-1.8113785e-07,-0.0004389608
1.2,24,6.242812,0.75,0.0,0.99830997,-0.00031797827,2.3602323e-07,0.0,0.0,0.0,0.00082234835,0.00020960516,1.5787978e-07,-0.00039473394,-1.9872263e-07,-0.0004276162,0.00082234835,0.00020964825,1.1959116e-07,0.00020956207,-0.00039473394,-2.2088044e-07,1.9616841e-07,-1.7656481e-07,-0.0004276162
1.2,24,6.2827473,0.75,0.0,0.99834216,-0.00030978915,2.1961847e-07,0.0,0.0,0.0,0.000801659,0.00020290184,1.5494142e-07,-0.00038502592,-1.9393576e-07,-0.00041663047,0.000801659,0.00020294645,1.1731684e-07,0.0002028572,-0.00038502592,-2.1573521e-07,1.92566e-07,-1.7213632e-07,-0.00041663047
1.2,24,6.3226833,0.75,0.0,0.9983736,-0.00030186324,2.0662806e-07,0.0,0.0,0.0,0.0007816165,0.00019645283,1.5208857e-07,-0.00037560597,-1.8928407e-07,-0.00040600274,0.0007816165,0.00019649546,1.15110026e-07,0.0001964102,-0.00037560597,-2.1073082e-07,1.8906714e-07,-1.678373e-07,-0.00040600274
1.2,24,6.3626204,0.75,0.0,0.99840426,-0.00029417826,1.9408955e-07,0.0,0.0,0.0,0.0007621857,0.0001902474,1.4929495e-07,-0.0003664738,-1.84769e-07,-0.0003957098,0.0007621857,0.00019028742,1.1294891e-07,0.0001902074,-0.0003664738,-2.0587005e-07,1.8564099e-07,-1.6366795e-07,-0.0003957098
1.2,24,6.4025564,0.75,0.0,0.9984342,-0.00028674706,1.7918637e-07,0.0,0.0,0.0,0.00074335176,0.00018427776,1.4656698e-07,-0.00035761113,-1.8038972e-07,-0.0003857423,0.00074335176,0.0001843183,1.10835586e-07,0.00018423721,-0.00035761113,-2.011505e-07,1.8229835e-07,-1.5962895e-07,-0.0003857423
1.2,24,6.4424915,0.75,0.0,0.9984633,-0.00027954642,1.68099e-07,0.0,0.0,0.0,0.00072509795,0.00017852965,1.4390207e-07,-0.00034901738,-1.7613473e-07,-0.00037608374,0.00072509795,0.00017856949,1.0877332e-07,0.00017848982,-0.00034901738,-1.965585e-07,1.790308e-07,-1.5571098e-07,-0.00037608374
1.2,24,6.4824276,0.75,0.0,0.9984917,-0.00027256756,1.5447453e-07,0.0,0.0,0.0,0.000707395,0.00017299592,1.4129512e-07,-0.00034067134,-1.7200392e-07,-0.00036672558,0.000707395,0.00017303393,1.067578e-07,0.00017295791,-0.00034067134,-1.9209999e-07,1.7583243e-07,-1.5190786e-07,-0.00036672558
1.2,24,6.5223646,0.75,0.0,0.9985195,-0.0002658096,1.4191471e-07,0.0,0.0,0.0,0.00069022743,0.00016766696,1.3875628e-07,-0.00033257043,-1.679914e-07,-0.0003576596,0.00069022743,0.00016770487,1.04798154e-07,0.00016762906,-0.00033257043,-1.8776231e-07,1.7271441e-07,-1.4822051e-07,-0.0003576596
1.2,24,6.5622997,0.75,0.0,0.99854654,-0.000259258,1.2996628e-07,0.0,0.0,0.0,0.0006735795,0.00016253334,1.3627219e-07,-0.00032471216,-1.6409717e-07,-0.00034886922,0.0006735795,0.00016257008,1.0287719e-07,0.0001624966,-0.00032471216,-1.8354821e-07,1.6966719e-07,-1.4464614e-07,-0.00034886922
1.2,24,6.602236,0.75,0.0,0.99857295,-0.00025290513,1.18274514e-07,0.0,0.0,0.0,0.00065741857,0.00015758794,1.338428e-07,-0.00031707497,-1.6030657e-07,-0.0003403476,0.00065741857,0.00015762357,1.0099738e-07,0.00015755232,-0.00031707497,-1.794456e-07,1.6668821e-07,-1.4116753e-07,-0.0003403476
1.2,24,6.642173,0.75,0.0,0.9985987,-0.0002467478,1.09314755e-07,0.0,0.0,0.0,0.00064174674,0.00015282005,1.31465e-07,-0.00030966333,-1.5663e-07,-0.00033208626,0.00064174674,0.00015285521,9.916601e-08,0.0001527849,-0.00030966333,-1.754582e-07,1.63764e-07,-1.378018e-07,-0.00033208626
1.2,24,6.682109,0.75,0.0,0.99862385,-0.00024077282,9.894396e-08,0.0,0.0,0.0,0.00062654034,0.00014822521,1.2915045e-07,-0.00030246345,-1.5305031e-07,-0.0003240716,0.00062654034,0.00014826043,9.737093e-08,0.00014819,-0.00030246345,-1.7157737e-07,1.6092997e-07,-1.3452326e-07,-0.0003240716
1.2,24,6.722044,0.75,0.0,0.99864846,-0.00023498043,9.0548106e-08,0.0,0.0,0.0,0.00061176415,0.00014379571,1.2688244e-07,-0.0002954711,-1.4957624e-07,-0.00031629732,0.00061176415,0.00014382905,9.562014e-08,0.00014376236,-0.0002954711,-1.6780628e-07,1.5814474e-07,-1.313462e-07,-0.00031629732
1.2,24,6.761981,0.75,0.0,0.9986724,-0.0002293588,8.177782e-08,0.0,0.0,0.0,0.0005974261,0.0001395232,1.2465888e-07,-0.00028867385,-1.4619896e-07,-0.00030875448,0.0005974261,0.00013955653,9.39087e-08,0.00013948986,-0.00028867385,-1.6413865e-07,1.5540905e-07,-1.2825926e-07,-0.00030875448
1.2,24,6.801917,0.75,0.0,0.99869585,-0.00022390863,7.292783e-08,0.0,0.0,0.0,0.0005835073,0.00013540158,1.2249959e-07,-0.00028207272,-1.4291268e-07,-0.0003014369,0.0005835073,0.00013543382,9.223661e-08,0.00013536935,-0.00028207272,-1.6056318e-07,1.5276255e-07,-1.2526219e-07,-0.0003014369
1.2,24,6.841853,0.75,0.0,0.99871874,-0.00021861322,6.055696e-08,0.0,0.0,0.0,0.0005699888,0.00013142632,1.2037343e-07,-0.00027565323,-1.397192e-07,-0.0002943335,0.0005699888,0.00013145684,9.0601844e-08,0.00013139582,-0.00027565323,-1.5708662e-07,1.5014501e-07,-1.2235179e-07,-0.0002943335
1.2,24,6.881789,0.75,0.0,0.9987413,-0.00021347449,9.2023356e-08,0.0,0.0,0.0,0.0005568545,0.0001275902,1.183056e-07,-0.00026941666,-1.366123e-07,-0.00028744043,0.0005568545,0.00012761986,8.900456e-08,0.00012756053,-0.00026941666,-1.5370519e-07,1.4760664e-07,-1.1951943e-07,-0.00028744043
1.2,24,6.9217253,0.75,0.0,0.99876314,-0.0002084872,8.423592e-08,0.0,0.0,0.0,0.0005441023,0.0001238871,1.16283495e-07,-0.00026335372,-1.3358726e-07,-0.00028074416,0.0005441023,0.00012391616,8.7443766e-08,0.00012385804,-0.00026335372,-1.5040558e-07,1.4512322e-07,-1.1676895e-07,-0.00028074416
1.2,24,6.9616613,0.75,0.0,0.9987856,-0.00020233264,1.2096092e-06,0.0,0.0,0.0,0.0005317012,0.00012031287,1.1429867e-07,-0.00025746058,-1.3064715e-07,-0.0002742454,0.0005317012,0.00012034237,8.5914046e-08,0.000120283374,-0.00025746058,-1.4720261e-07,1.426833e-07,-1.1409168e-07,-0.0002742454
1.2,24,7.0015974,0.75,0.0,0.9988064,-0.00019765692,1.1780975e-06,0.0,0.0,0.0,0.00051965954,0.00011686039,1.1235964e-07,-0.00025172436,-1.2778786e-07,-0.00026793283,0.00051965954,0.00011688866,8.442473e-08,0.00011683212,-0.00025172436,-1.4407493e-07,1.4029456e-07,-1.1150078e-07,-0.00026793283
1.2,24,7.0415335,0.75,0.0,0.99882674,-0.00019312112,1.1460887e-06,0.0,0.0,0.0,0.0005079503,0.00011352665,1.1046447e-07,-0.0002461519,-1.2500377e-07,-0.00026179865,0.0005079503,0.00011355366,8.296126e-08,0.00011349964,-0.0002461519,-1.4103543e-07,1.3796769e-07,-1.0897212e-07,-0.00026179865
1.2,24,7.0814695,0.75,0.0,0.99884665,-0.00018870895,1.1151312e-06,0.0,0.0,0.0,0.0004965733,0.00011030713,1.08610266e-07,-0.00024072808,-1.2229697e-07,-0.00025583946,0.0004965733,0.00011033409,8.153274e-08,0.000110280176,-0.00024072808,-1.3807268e-07,1.356878e-07,-1.0652124e-07,-0.00025583946
1.2,24,7.1214056,0.75,0.0,0.99886614,-0.00018442798,1.0884547e-06,0.0,0.0,0.0,0.00048550311,0.00010719536,1.0679268e-07,-0.00023545191,-1.1966101e-07,-0.0002500501,0.00048550311,0.00010722154,8.0131514e-08,0.00010716918,-0.00023545191,-1.3519009e-07,1.3345385e-07,-1.0413192e-07,-0.0002500501
1.2,24,7.1613417,0.75,0.0,0.9988851,-0.0001802621,1.0575358e-06,0.0,0.0,0.0,0.00047474267,0.000104188905,1.0502329e-07,-0.00023031993,-1.1709082e-07,-0.00024442314,0.00047474267,0.00010421443,7.877383e-08,0.00010416338,-0.00023031993,-1.3237333e-07,1.3127276e-07,-1.0180832e-07,-0.00024442314
1.2,24,7.2012777,0.75,0.0,0.99890476,-0.00017698141,1.9432114e-06,0.0,0.0,0.0,0.00046427466,0.000101282974,1.0328279e-07,-0.00022532325,-1.14595736e-07,-0.0002389539,0.00046427466,0.00010130781,7.7428524e-08,0.00010125815,-0.00022532325,-1.2963896e-07,1.2913705e-07,-9.955251e-08,-0.0002389539
1.2,24,7.241214,0.75,0.0,0.99892294,-0.00017303214,1.9020607e-06,0.0,0.0,0.0,0.00045409676,9.8473814e-05,1.01578536e-07,-0.00022046201,-1.1215579e-07,-0.0002336358,0.00045409676,9.849852e-05,7.611803e-08,9.8449105e-05,-0.00022046201,-1.2696633e-07,1.2703904e-07,-9.734526e-08,-0.0002336358
1.2,24,7.28115,0.75,0.0,0.9989426,-0.00016878857,-3.353449e-08,0.0,0.0,0.0,0.00044419698,9.575754e-05,9.990975e-08,-0.00021572989,-1.0978711e-07,-0.0002284658,0.00044419698,9.5781375e-05,7.4837644e-08,9.5733696e-05,-0.00021572989,-1.243638e-07,1.2498185e-07,-9.521043e-08,-0.0002284658
1.2,24,7.321086,0.75,0.0,0.9989599,-0.00016506492,-3.7300286e-08,0.0,0.0,0.0,0.00043456082,9.313e-05,9.827707e-08,-0.00021112301,-1.0747972e-07,-0.00022343766,0.00043456082,9.315381e-05,7.358406e-08,9.3106195e-05,-0.00021112301,-1.2182831e-07,1.2297008e-07,-9.3131135e-08,-0.00022343766
1.2,24,7.361023,0.75,0.0,0.9989768,-0.00016144445,-4.345836e-08,0.0,0.0,0.0,0.00042518333,9.058922e-05,9.6688346e-08,-0.00020663675,-1.0523421e-07,-0.00021854599,0.00042518333,9.0612e-05,7.236294e-08,9.056646e-05,-0.00020663675,-1.1936007e-07,1.2101376e-07,-9.110834e-08,-0.00021854599
1.2,24,7.400958,0.75,0.0,0.99899346,-0.0001579312,-4.5457888e-08,0.0,0.0,0.0,0.00041605625,8.8131266e-05,9.512975e-08,-0.00020226924,-1.030388e-07,-0.00021378834,0.00041605625,8.815473e-05,7.1162404e-08,8.81078e-05,-0.00020226924,-1.1694552e-07,1.190971e-07,-8.913208e-08,-0.00021378834
1.2,24,7.440894,0.75,0.0,0.9990097,-0.00015450167,-5.2092158e-08,0.0,0.0,0.0,0.0004071733,8.5752734e-05,9.359885e-08,-0.00019801626,-1.00906846e-07,-0.00020916072,0.0004071733,8.577529e-05,6.9987884e-08,8.573018e-05,-0.00019801626,-1.1459754e-07,1.17209815e-07,-8.721615e-08,-0.00020916072
1.2,24,7.480831,0.75,0.0,0.9990256,-0.00015116342,-5.6543556e-08,0.0,0.0,0.0,0.00039852556,8.3450395e-05,9.210086e-08,-0.00019387003,-9.882608e-08,-0.0002046544,0.00039852556,8.347296e-05,6.883702e-08,8.342783e-05,-0.00019387003,-1.12305884e-07,1.1536471e-07,-8.534628e-08,-0.0002046544
1.2,24,7.520767,0.75,0.0,0.99904114,-0.00014792295,-5.7466668e-08,0.0,0.0,0.0,0.0003901058,8.122236e-05,9.063086e-08,-0.0001898348,-9.679661e-08,-0.0002002723,0.0003901058,8.1244165e-05,6.7712605e-08,8.120055e-05,-0.0001898348,-1.1007039e-07,1.1354911e-07,-8.352284e-08,-0.0002002723
1.2,24,7.5607023,0.75,0.0,0.99905634,-0.00014476567,-6.200533e-08,0.0,0.0,0.0,0.00038190655,7.9064936e-05,8.919311e-08,-0.00018590184,-9.482249e-08,-0.0001960049,0.00038190655,7.908576e-05,6.660891e-08,7.904411e-05,-0.00018590184,-1.07891395e-07,1.117773e-07,-8.175358e-08,-0.0001960049
1.2,24,7.6006393,0.75,0.0,0.99907124,-0.00014170058,-6.642083e-08,0.0,0.0,0.0,0.00037391987,7.697627e-05,8.778256e-08,-0.00018206866,-9.289459e-08,-0.00019184932,0.00037391987,7.6997145e-05,6.5532845e-08,7.69554e-05,-0.00018206866,-1.0576436e-07,1.10032275e-07,-8.002482e-08,-0.00019184932
1.2,24,7.6405754,0.75,0.0,0.99908584,-0.00013870149,-6.934121e-08,0.0,0.0,0.0,0.00036614016,7.4952586e-05,8.640891e-08,-0.00017833407,-9.101298e-08,-0.00018780443,0.00036614016,7.497328e-05,6.44724e-08,7.493189e-05,-0.00017833407,-1.0368593e-07,1.0834542e-07,-7.834003e-08,-0.00018780443
1.2,24,7.6805105,0.75,0.0,0.99910015,-0.00013579172,-7.226175e-08,0.0,0.0,0.0,0.00035856303,7.299312e-05,8.5053095e-08,-0.00017469477,-8.918397e-08,-0.00018386735,0.00035856303,7.301297e-05,6.343742e-08,7.2973264e-05,-0.00017469477,-1.0166321e-07,1.0666877e-07,-7.670473e-08,-0.00018386735
1.2,24,7.7204475,0.75,0.0,0.9991141,-0.00013294553,-7.475986e-08,0.0,0.0,0.0,0.00035117904,7.109456e-05,8.373611e-08,-0.00017114505,-8.7395875e-08,-0.00018002963,0.00035117904,7.111374e-05,6.242171e-08,7.107539e-05,-0.00017114505,-9.968362e-08,1.050505e-07,-7.510814e-08,-0.00018002963
1.2,24,7.7603836,0.75,0.0,0.9991278,-0.0001301888,-8.003452e-08,0.0,0.0,0.0,0.00034398236,6.925478e-05,8.243986e-08,-0.000167687,-8.565294e-08,-0.0001762945,0.00034398236,6.927319e-05,6.143462e-08,6.923636e-05,-0.000167687,-9.77549e-08,1.034451e-07,-7.3550986e-08,-0.0001762945
1.2,24,7.8003197,0.75,0.0,0.9991413,-0.00012750123,-8.3376925e-08,0.0,0.0,0.0,0.00033696514,6.747177e-05,8.116599e-08,-0.0001643144,-8.395504e-08,-0.00017265508,0.00033696514,6.748977e-05,6.04599e-08,6.7453766e-05,-0.0001643144,-9.587636e-08,1.0187209e-07,-7.2033714e-08,-0.00017265508
1.2,24,7.8402557,0.75,0.0,0.9991541,-0.00012428105,5.0790925e-07,0.0,0.0,0.0,0.00033013258,6.5744374e-05,7.992611e-08,-0.00016102544,-8.229691e-08,-0.00016910853,0.00033013258,6.576256e-05,5.9509908e-08,6.57262e-05,-0.00016102544,-9.403684e-08,1.00342305e-07,-7.055698e-08,-0.00016910853
1.2,24,7.880192,0.75,0.0,0.99916697,-0.00012174334,4.929954e-07,0.0,0.0,0.0,0.0003234687,6.406924e-05,7.8703394e-08,-0.00015781692,-8.067878e-08,-0.00016565209,0.0003234687,6.4086984e-05,5.8571764e-08,6.405149e-05,-0.00015781692,-9.224348e-08,9.8835024e-08,-6.911408e-08,-0.00016565209
1.2,24,7.920128,0.75,0.0,0.9991796,-0.00011926125,4.820058e-07,0.0,0.0,0.0,0.0003169715,6.244502e-05,7.7511615e-08,-0.00015468866,-7.90972e-08,-0.00016228479,0.0003169715,6.2462335e-05,5.7660834e-08,6.24277e-05,-0.00015468866,-9.049023e-08,9.73624e-08,-6.7704164e-08,-0.00016228479
1.2,24,7.960064,0.75,0.0,0.99919194,-0.000117563344,-2.6308e-07,0.0,0.0,0.0,0.0003106368,6.0870218e-05,7.633264e-08,-0.00015163718,-7.7560344e-08,-0.00015900042,0.0003106368,6.0887553e-05,5.6763554e-08,6.0852883e-05,-0.00015163718,-8.878383e-08,9.5901726e-08,-6.633685e-08,-0.00015900042
1.2,24,8.0,0.75,0.0,0.99920404,-0.00011519279,-2.6818893e-07,0.0,0.0,0.0,0.00030446006,5.9341997e-05,7.5184076e-08,-0.0001486597,-7.605502e-08,-0.00015580156,0.00030446006,5.9358692e-05,5.588474e-08,5.9325303e-05,-0.0001486597,-8.7111054e-08,9.4483404e-08,-6.499897e-08,-0.00015580156
1.8,36,-4.5,0.75,0.0,0.9959675,0.000990452,-3.8864355e-06,0.0,0.0,0.0,-0.0025581669,0.0008648668,-1.2072113e-06,0.0011904858,1.8005364e-06,0.0013676748,-0.0025581669,0.0008652477,-9.941392e-07,0.0008644858,0.0011904858,1.5673214e-06,-1.4202834e-06,2.0337516e-06,0.0013676748
1.8,36,-4.460064,0.75,0.0,0.9958665,0.0010244661,-4.0655805e-06,0.0,0.0,0.0,-0.0026430371,0.0009020781,-1.2503139e-06,0.0012282624,1.8534298e-06,0.0014147891,-0.0026430371,0.00090247544,-1.0302963e-06,0.0009016808,0.0012282624,1.6099355e-06,-1.4703314e-06,2.0969242e-06,0.0014147891
1.8,36,-4.420128,0.75,0.0,0.995762,0.001060117,-4.5579127e-06,0.0,0.0,0.0,-0.0027314543,0.00094121625,-1.2953167e-06,0.0012675227,1.9082654e-06,0.0014639302,-0.0027314543,0.0009416234,-1.0680278e-06,0.0009408091,0.0012675227,1.6539955e-06,-1.5226057e-06,2.1625353e-06,0.0014639302
1.8,36,-4.380192,0.75,0.0,0.9956543,0.0010971581,-4.6969685e-06,0.0,0.0,0.0,-0.0028234744,0.0009823975,-1.3422584e-06,0.0013083091,1.965158e-06,0.0015152215,-0.0028234744,0.0009828242,-1.1074244e-06,0.0009819706,0.0013083091,1.6995547e-06,-1.5770923e-06,2.2307613e-06,0.0015152215
1.8,36,-4.3402557,0.75,0.0,0.9955428,0.0011358345,-4.8369334e-06,0.0,0.0,0.0,-0.0029194178,0.0010257496,-1.3912934e-06,0.0013506758,2.024134e-06,0.0015687429,-0.0029194178,0.0010261956,-1.1486113e-06,0.0010253037,0.0013506758,1.7466458e-06,-1.6339753e-06,2.3016219e-06,0.0015687429
1.8,36,-4.3003197,0.75,0.0,0.99542737,0.0011761972,-4.7968215e-06,0.0,0.0,0.0,-0.0030193615,0.0010713895,-1.442505e-06,0.0013947218,2.0854156e-06,0.0016246507,-0.0030193615,0.0010718465,-1.1916945e-06,0.0010709327,0.0013947218,1.7953719e-06,-1.6933154e-06,2.3754594e-06,0.0016246507
1.8,36,-4.2603836,0.75,0.0,0.99530864,0.0012183432,-4.9896626e-06,0.0,0.0,0.0,-0.0031235316,0.0011194905,-1.4959908e-06,0.00144051,2.149004e-06,0.0016830603,-0.0031235316,0.0011199302,-1.2367195e-06,0.0011190507,0.00144051,1.8457758e-06,-1.7552619e-06,2.4522326e-06,0.0016830603
1.8,36,-4.220447,0.75,0.0,0.9951855,0.0012624039,-5.1469824e-06,0.0,0.0,0.0,-0.003232174,0.0011701626,-1.5518318e-06,0.0014881167,2.2150475e-06,0.0017440821,-0.003232174,0.0011706315,-1.2837476e-06,0.0011696937,0.0014881167,1.8979434e-06,-1.8199161e-06,2.5321515e-06,0.0017440821
1.8,36,-4.180511,0.75,0.0,0.99505806,0.0013084604,-5.3143604e-06,0.0,0.0,0.0,-0.003345493,0.0012235952,-1.6102945e-06,0.0015376293,2.2836387e-06,0.001807909,-0.003345493,0.0012240835,-1.3331346e-06,0.001223107,0.0015376293,1.9519423e-06,-1.8874545e-06,2.615335e-06,0.001807909
1.8,36,-4.140575,0.75,0.0,0.9949261,0.0013563234,-5.608372e-06,0.0,0.0,0.0,-0.0034637353,0.0012799695,-1.6713855e-06,0.0015891079,2.3549117e-06,0.0018746281,-0.0034637353,0.0012804735,-1.384767e-06,0.0012794653,0.0015891079,2.0078558e-06,-1.958004e-06,2.7019676e-06,0.0018746281
1.8,36,-4.100639,0.75,0.0,0.99478954,0.0014067383,-5.7604316e-06,0.0,0.0,0.0,-0.0035871395,0.001339466,-1.7352809e-06,0.0016427115,2.4289864e-06,0.0019444542,-0.0035871395,0.0013399855,-1.4387687e-06,0.0013389464,0.0016427115,2.0657558e-06,-2.031793e-06,2.792217e-06,0.0019444542
1.8,36,-4.060703,0.75,0.0,0.9946482,0.0014597017,-5.5589057e-06,0.0,0.0,0.0,-0.0037159952,0.0014022731,-1.8021549e-06,0.0016984706,2.5059903e-06,0.0020175134,-0.0037159952,0.001402803,-1.4954678e-06,0.0014017432,0.0016984706,2.125723e-06,-2.108842e-06,2.8862576e-06,0.0020175134
1.8,36,-4.0207667,0.75,0.0,0.99450177,0.0015146227,-5.7557922e-06,0.0,0.0,0.0,-0.0038505602,0.0014686275,-1.8721671e-06,0.001756509,2.5860686e-06,0.0020940527,-0.0038505602,0.0014691972,-1.5548584e-06,0.0014680579,0.001756509,2.1878325e-06,-2.1894757e-06,2.984305e-06,0.0020940527
1.8,36,-3.9808307,0.75,0.0,0.9943501,0.0015724595,-6.092183e-06,0.0,0.0,0.0,-0.0039911247,0.0015387394,-1.9454947e-06,0.001816941,2.6694206e-06,0.0021742166,-0.0039911247,0.0015392994,-1.6170192e-06,0.0015381795,0.001816941,2.2522381e-06,-2.27397e-06,3.0866033e-06,0.0021742166
1.8,36,-3.9408946,0.75,0.0,0.9941928,0.0016330389,-6.310909e-06,0.0,0.0,0.0,-0.004138058,0.0016128805,-2.0222747e-06,0.0018798584,2.7561184e-06,0.0022582277,-0.004138058,0.001613469,-1.6823275e-06,0.001612292,0.0018798584,2.318981e-06,-2.3622217e-06,3.193256e-06,0.0022582277
1.8,36,-3.9009585,0.75,0.0,0.9940296,0.0016965243,-6.52114e-06,0.0,0.0,0.0,-0.004291693,0.0016913181,-2.1027465e-06,0.0019454038,2.8464242e-06,0.0023462777,-0.004291693,0.0016919307,-1.7507613e-06,0.0016907054,0.0019454038,2.3881976e-06,-2.4547319e-06,3.3046506e-06,0.0023462777
1.8,36,-3.8610225,0.75,0.0,0.9938604,0.0017630951,-6.750311e-06,0.0,0.0,0.0,-0.0044523124,0.0017743353,-2.1870937e-06,0.002013657,2.9404362e-06,0.0024386575,-0.0044523124,0.0017749745,-1.8226899e-06,0.0017736959,0.002013657,2.459955e-06,-2.5514978e-06,3.4209172e-06,0.0024386575
1.8,36,-3.8210862,0.75,0.0,0.9936849,0.0018326723,-7.1169798e-06,0.0,0.0,0.0,-0.004620358,0.0018622135,-2.2756003e-06,0.002084787,3.038396e-06,0.0025355737,-0.004620358,0.0018628745,-1.8981491e-06,0.0018615525,0.002084787,2.5343843e-06,-2.6530515e-06,3.5424077e-06,0.0025355737
1.8,36,-3.78115,0.75,0.0,0.99350256,0.0019058089,-7.15264e-06,0.0,0.0,0.0,-0.0047961683,0.0019553453,-2.3684865e-06,0.0021588842,3.1404625e-06,0.0026373176,-0.0047961683,0.0019560407,-1.9775152e-06,0.0019546498,0.0021588842,2.6116295e-06,-2.7594576e-06,3.6692957e-06,0.0026373176
1.8,36,-3.741214,0.75,0.0,0.99331343,0.0019827387,-7.3779925e-06,0.0,0.0,0.0,-0.0049802787,0.002054044,-2.4659394e-06,0.0022361295,3.2468545e-06,0.002744147,-0.0049802787,0.0020547488,-2.0608888e-06,0.0020533393,0.0022361295,2.6918192e-06,-2.8709896e-06,3.8018898e-06,0.002744147
1.8,36,-3.701278,0.75,0.0,0.9931171,0.0020636106,-7.619791e-06,0.0,0.0,0.0,-0.005173125,0.002158719,-2.568163e-06,0.0023166456,3.3578285e-06,0.002856439,-0.005173125,0.00215944,-2.1483668e-06,0.0021579983,0.0023166456,2.7750436e-06,-2.9879593e-06,3.940613e-06,0.002856439
1.8,36,-3.661342,0.75,0.0,0.9929007,0.0021770557,-2.6753782e-05,0.0,0.0,0.0,-0.005375075,0.0022698303,-2.6757582e-06,0.0024006567,3.4735895e-06,0.0029744478,-0.005375075,0.00227061,-2.2407246e-06,0.0022690506,0.0024006567,2.8614802e-06,-3.1107918e-06,4.085699e-06,0.0029744478
1.8,36,-3.6214056,0.75,0.0,0.9926883,0.0022677146,-2.7790406e-05,0.0,0.0,0.0,-0.0055867704,0.0023877595,-2.7887797e-06,0.0024882047,3.5943817e-06,0.003098548,-0.0055867704,0.002388541,-2.3377568e-06,0.0023869781,0.0024882047,2.9512655e-06,-3.2398027e-06,4.2374977e-06,0.003098548
1.8,36,-3.5814695,0.75,0.0,0.99242955,0.0023821914,-2.6993119e-05,0.0,0.0,0.0,-0.0058086165,0.0025130387,-2.907455e-06,0.0025794753,3.7205484e-06,0.0032291678,-0.0058086165,0.0025138378,-2.4397757e-06,0.0025122396,0.0025794753,3.0445908e-06,-3.3751344e-06,4.396506e-06,0.0032291678
1.8,36,-3.5415335,0.75,0.0,0.99219877,0.0024792203,-2.3973493e-05,0.0,0.0,0.0,-0.0060413913,0.0026462213,-3.0323245e-06,0.0026747321,3.852253e-06,0.0033666359,-0.0060413913,0.0026470476,-2.5474412e-06,0.0026453952,0.0026747321,3.1415184e-06,-3.5172077e-06,4.562987e-06,0.0033666359
1.8,36,-3.5015974,0.75,0.0,0.99193144,0.0025742801,-5.658774e-06,0.0,0.0,0.0,-0.006285505,0.0027878191,-3.1637937e-06,0.0027740616,3.989932e-06,0.003511434,-0.006285505,0.0027886783,-2.6607395e-06,0.0027869602,0.0027740616,3.242329e-06,-3.6668478e-06,4.7375347e-06,0.003511434
1.8,36,-3.4616613,0.75,0.0,0.9916838,0.0026824945,-7.0477686e-06,0.0,0.0,0.0,-0.006541782,0.0029385234,-3.3022025e-06,0.0028777127,4.1338394e-06,0.0036640558,-0.006541782,0.0029394296,-2.7802869e-06,0.002937617,0.0028777127,3.3471745e-06,-3.824118e-06,4.920504e-06,0.0036640558
1.8,36,-3.4217253,0.75,0.0,0.99142146,0.0028002625,-7.338806e-06,0.0,0.0,0.0,-0.006810684,0.0030989926,-3.4478726e-06,0.0029858572,4.284328e-06,0.0038248894,-0.006810684,0.0030999365,-2.9063456e-06,0.003098049,0.0029858572,3.4562252e-06,-3.9894e-06,5.112431e-06,0.0038248894
1.8,36,-3.3817892,0.75,0.0,0.99115276,0.0029256872,-1.0151823e-05,0.0,0.0,0.0,-0.00709326,0.0032699232,-3.6014435e-06,0.0030987228,4.441768e-06,0.0039946185,-0.00709326,0.0032708962,-3.039276e-06,0.0032689502,0.0030987228,3.569747e-06,-4.1636113e-06,5.313789e-06,0.0039946185
1.8,36,-3.3418531,0.75,0.0,0.9908689,0.0030570694,-1.0576283e-05,0.0,0.0,0.0,-0.0073901177,0.0034521585,-3.7632024e-06,0.0032164825,4.606524e-06,0.004173728,-0.0073901177,0.0034531646,-3.1796817e-06,0.0034511527,0.0032164825,3.6878537e-06,-4.346723e-06,5.525194e-06,0.004173728
1.8,36,-3.301917,0.75,0.0,0.9905725,0.0031947556,-1.1049571e-05,0.0,0.0,0.0,-0.0077022403,0.0036465533,-3.9338734e-06,0.0033393244,4.7790677e-06,0.0043628467,-0.0077022403,0.0036475789,-3.3279016e-06,0.0036455276,0.0033393244,3.8108503e-06,-4.539845e-06,5.7472853e-06,0.0043628467
1.8,36,-3.2619808,0.75,0.0,0.9902613,0.0033301208,1.3377307e-06,0.0,0.0,0.0,-0.008030302,0.0038540165,-4.113995e-06,0.0034675943,4.9598075e-06,0.0045627,-0.008030302,0.0038551213,-3.4846612e-06,0.0038529118,0.0034675943,3.9390407e-06,-4.743329e-06,5.980574e-06,0.0045627
1.8,36,-3.2220447,0.75,0.0,0.98993963,0.003484536,1.505849e-06,0.0,0.0,0.0,-0.0083753355,0.004075611,-4.304061e-06,0.0036013909,5.149169e-06,0.0047739954,-0.0083753355,0.004076738,-3.6503009e-06,0.0040744836,0.0036013909,4.0724885e-06,-4.957821e-06,6.2258496e-06,0.0047739954
1.8,36,-3.1821086,0.75,0.0,0.98960173,0.0036377944,-1.20981185e-05,0.0,0.0,0.0,-0.008738465,0.004312408,-4.504779e-06,0.0037410327,5.3477797e-06,0.0049974862,-0.008738465,0.004313568,-3.825591e-06,0.0043112487,0.0037410327,4.2116462e-06,-5.1839666e-06,6.4839137e-06,0.0049974862
1.8,36,-3.1421723,0.75,0.0,0.98925626,0.0038203218,-4.6313494e-06,0.0,0.0,0.0,-0.009120584,0.0045656934,-4.716857e-06,0.003886703,5.556132e-06,0.00523394,-0.009120584,0.0045669214,-4.0109867e-06,0.0045644655,0.003886703,4.3566943e-06,-5.422727e-06,6.7555693e-06,0.00523394
1.8,36,-3.1022363,0.75,0.0,0.98889065,0.0040033534,-4.850332e-06,0.0,0.0,0.0,-0.009523134,0.0048367316,-4.9411583e-06,0.004038698,5.774805e-06,0.005484496,-0.009523134,0.004837999,-4.2074635e-06,0.0048354645,0.004038698,4.5080724e-06,-5.674853e-06,7.041537e-06,0.005484496
1.8,36,-3.0623002,0.75,0.0,0.9885142,0.0042070257,-1.30349e-05,0.0,0.0,0.0,-0.00994723,0.0051269876,-5.1783963e-06,0.0041973074,6.004353e-06,0.0057499195,-0.00994723,0.0051283133,-4.415377e-06,0.005125662,0.0041973074,4.6659607e-06,-5.941415e-06,7.342745e-06,0.0057499195
1.8,36,-3.0223641,0.75,0.0,0.9881157,0.0044133896,-1.3582742e-05,0.0,0.0,0.0,-0.010394042,0.0054380214,-5.4292937e-06,0.0043626516,6.2456566e-06,0.006031316,-0.010394042,0.0054394216,-4.635752e-06,0.0054366216,0.0043626516,4.8307675e-06,-6.2228355e-06,7.660546e-06,0.006031316
1.8,36,-2.982428,0.75,0.0,0.98770154,0.00461529,-5.0576755e-06,0.0,0.0,0.0,-0.010864881,0.005771606,-5.695102e-06,0.0045350897,6.499211e-06,0.006329907,-0.010864881,0.0057730195,-4.869715e-06,0.0057701925,0.0045350897,5.00293e-06,-6.5204886e-06,7.9954925e-06,0.006329907
1.8,36,-2.942492,0.75,0.0,0.9872674,0.0048430613,-2.9666407e-06,0.0,0.0,0.0,-0.011361761,0.00612957,-5.976686e-06,0.0047148415,6.7657766e-06,0.0066469098,-0.011361761,0.0061310525,-5.1175793e-06,0.006128087,0.0047148415,5.1825846e-06,-6.835793e-06,8.348969e-06,0.0066469098
1.8,36,-2.902556,0.75,0.0,0.9867833,0.005113891,-1.9629639e-05,0.0,0.0,0.0,-0.011885868,0.0065139644,-6.2750946e-06,0.004902119,7.046382e-06,0.0069837645,-0.011885868,0.006515543,-5.380883e-06,0.006512386,0.004902119,5.370462e-06,-7.169306e-06,8.7223025e-06,0.0069837645
1.8,36,-2.8626199,0.75,0.0,0.986314,0.005372024,-1.8036357e-05,0.0,0.0,0.0,-0.012438923,0.0069271037,-6.5916347e-06,0.005097131,7.341795e-06,0.0073417346,-0.012438923,0.0069287745,-5.6608524e-06,0.0069254325,0.005097131,5.5669493e-06,-7.522417e-06,9.11664e-06,0.0073417346
1.8,36,-2.8226838,0.75,0.0,0.9857445,0.0056772637,-1.1257864e-05,0.0,0.0,0.0,-0.0130227795,0.00737149,-6.9276e-06,0.00530014,7.652988e-06,0.007722586,-0.0130227795,0.007373173,-5.9579843e-06,0.007369807,0.00530014,5.772301e-06,-7.897216e-06,9.5336745e-06,0.007722586
1.8,36,-2.7827475,0.75,0.0,0.9852224,0.0059787678,-1.4212504e-05,0.0,0.0,0.0,-0.013639281,0.007849819,-7.284143e-06,0.0055114394,7.981042e-06,0.008127976,-0.013639281,0.007851612,-6.2740332e-06,0.007848026,0.0055114394,5.98711e-06,-8.294253e-06,9.974974e-06,0.008127976
1.8,36,-2.7428114,0.75,0.0,0.98464954,0.0062962766,-4.747706e-06,0.0,0.0,0.0,-0.014290693,0.00836499,-7.66278e-06,0.0057310425,8.326982e-06,0.008559847,-0.014290693,0.008366947,-6.6101343e-06,0.008363033,0.0057310425,6.2119416e-06,-8.715426e-06,1.0442022e-05,0.008559847
1.8,36,-2.7028756,0.75,0.0,0.9840765,0.0066401274,7.413155e-08,0.0,0.0,0.0,-0.014979114,0.008920438,-8.06561e-06,0.00595905,8.692015e-06,0.009020289,-0.014979114,0.008922482,-6.9679877e-06,0.008918393,0.00595905,6.447413e-06,-9.163233e-06,1.0936617e-05,0.009020289
1.8,36,-2.662939,0.75,0.0,0.9834707,0.0070026126,-1.7881143e-07,0.0,0.0,0.0,-0.015706884,0.0095196385,-8.493866e-06,0.0061956877,9.077579e-06,0.009511216,-0.015706884,0.009521634,-7.349284e-06,0.009517643,0.0061956877,6.6941097e-06,-9.638448e-06,1.1461049e-05,0.009511216
1.8,36,-2.623003,0.75,0.0,0.98283774,0.007375152,-1.4568207e-05,0.0,0.0,0.0,-0.016476257,0.010166617,-8.949268e-06,0.006440936,9.484801e-06,0.010035412,-0.016476257,0.010168766,-7.75541e-06,0.0101644695,0.006440936,6.952598e-06,-1.0143127e-05,1.2017003e-05,0.010035412
1.8,36,-2.5830672,0.75,0.0,0.9821753,0.0077804737,-6.935323e-06,0.0,0.0,0.0,-0.01729008,0.010865819,-9.434441e-06,0.0066947783,9.915533e-06,0.010595339,-0.01729008,0.010868109,-8.188424e-06,0.010863528,0.0066947783,7.2235925e-06,-1.068046e-05,1.2607474e-05,0.010595339
1.8,36,-2.543131,0.75,0.0,0.9814813,0.008226287,-1.1494634e-05,0.0,0.0,0.0,-0.018151173,0.011622125,-9.951589e-06,0.006957084,1.0370998e-05,0.011194123,-0.018151173,0.011624442,-8.650414e-06,0.011619807,0.006957084,7.5079392e-06,-1.1252763e-05,1.3234057e-05,0.011194123
1.8,36,-2.5031948,0.75,0.0,0.9807504,0.008692795,-2.1770255e-05,0.0,0.0,0.0,-0.019062331,0.012440682,-1.0502852e-05,0.0072276713,1.0853295e-05,0.011834642,-0.019062331,0.012443286,-9.1437405e-06,0.012438078,0.0072276713,7.806196e-06,-1.1861963e-05,1.3900393e-05,0.011834642
1.8,36,-2.4632587,0.75,0.0,0.9799801,0.009200217,-1.7420389e-05,0.0,0.0,0.0,-0.020026661,0.013327546,-1.1090599e-05,0.007506181,1.1364074e-05,0.012520603,-0.020026661,0.013330128,-9.6703225e-06,0.013324966,0.007506181,8.1191565e-06,-1.2510876e-05,1.46089915e-05,0.012520603
1.8,36,-2.4233227,0.75,0.0,0.97917616,0.00973221,-1.0721037e-06,0.0,0.0,0.0,-0.021047518,0.014289228,-1.1718385e-05,0.0077920114,1.1905698e-05,0.013255656,-0.021047518,0.014292019,-1.0233215e-05,0.014286436,0.0077920114,8.447925e-06,-1.3203556e-05,1.536347e-05,0.013255656
1.8,36,-2.3833866,0.75,0.0,0.9783368,0.010332248,8.715795e-06,0.0,0.0,0.0,-0.022128597,0.015332804,-1.23888285e-05,0.00808474,1.2480501e-05,0.014043871,-0.022128597,0.015335608,-1.0834941e-05,0.01533,0.00808474,8.793311e-06,-1.3942716e-05,1.616769e-05,0.014043871
1.8,36,-2.3434505,0.75,0.0,0.9774428,0.010954748,9.267825e-06,0.0,0.0,0.0,-0.02327307,0.016466755,-1.3105695e-05,0.008383324,1.3090274e-05,0.014889837,-0.02327307,0.01646994,-1.1478848e-05,0.016463568,0.008383324,9.15635e-06,-1.4732542e-05,1.7024196e-05,0.014889837
1.8,36,-2.3035145,0.75,0.0,0.97650284,0.011597012,-7.202111e-06,0.0,0.0,0.0,-0.024485204,0.017699469,-1.3872003e-05,0.008686386,1.37384795e-05,0.015798701,-0.024485204,0.017702833,-1.2167648e-05,0.017696107,0.008686386,9.538171e-06,-1.557636e-05,1.7938788e-05,0.015798701
1.8,36,-2.2635782,0.75,0.0,0.9755137,0.012314541,-7.531105e-06,0.0,0.0,0.0,-0.02576896,0.019040909,-1.4691966e-05,0.008992816,1.4427394e-05,0.016776143,-0.02576896,0.019044193,-1.2905522e-05,0.019037625,0.008992816,9.9395165e-06,-1.6478409e-05,1.891527e-05,0.016776143
1.8,36,-2.223642,0.75,0.0,0.97449577,0.013111276,-2.0140058e-05,0.0,0.0,0.0,-0.027128104,0.020502131,-1.557044e-05,0.009300468,1.5160613e-05,0.017827773,-0.027128104,0.02050585,-1.369634e-05,0.020498412,0.009300468,1.0362059e-05,-1.744454e-05,1.9959167e-05,0.017827773
1.8,36,-2.183706,0.75,0.0,0.97339153,0.013929454,-2.317299e-05,0.0,0.0,0.0,-0.028567305,0.022095405,-1.6511513e-05,0.009607132,1.5941183e-05,0.018960118,-0.028567305,0.022098882,-1.4543472e-05,0.022091925,0.009607132,1.0806677e-05,-1.8479552e-05,2.1075688e-05,0.018960118
1.8,36,-2.14377,0.75,0.0,0.97224885,0.014833918,-2.8632201e-05,0.0,0.0,0.0,-0.03009076,0.023834135,-1.7520832e-05,0.009910054,1.6773358e-05,0.020180903,-0.03009076,0.023838053,-1.5452215e-05,0.023830216,0.009910054,1.1275074e-05,-1.9589448e-05,2.2271643e-05,0.020180903
1.8,36,-2.103834,0.75,0.0,0.971038,0.015805501,-1.9752642e-05,0.0,0.0,0.0,-0.03170313,0.025733516,-1.8603308e-05,0.010205597,1.766105e-05,0.0214977,-0.03170313,0.025737628,-1.6427275e-05,0.025729403,0.010205597,1.1768354e-05,-2.0779342e-05,2.3553746e-05,0.0214977
1.8,36,-2.0638978,0.75,0.0,0.9697584,0.016850272,-2.0439235e-05,0.0,0.0,0.0,-0.033409193,0.027810689,-1.9765546e-05,0.010489252,1.8608418e-05,0.022919958,-0.033409193,0.027814906,-1.7473823e-05,0.027806472,0.010489252,1.2287862e-05,-2.2057271e-05,2.4928973e-05,0.022919958
1.8,36,-2.0239615,0.75,0.0,0.9684145,0.017969463,-1.29412e-05,0.0,0.0,0.0,-0.03521282,0.030084092,-2.1014583e-05,0.01075598,1.9621191e-05,0.024456898,-0.03521282,0.030088473,-1.8597366e-05,0.030079711,0.01075598,1.28357415e-05,-2.34318e-05,2.640664e-05,0.024456898
1.8,36,-1.9840255,0.75,0.0,0.9669978,0.019196102,-2.542678e-05,0.0,0.0,0.0,-0.03711866,0.032575052,-2.2356535e-05,0.010999247,2.070398e-05,0.026119346,-0.03711866,0.03257964,-1.9804245e-05,0.032570463,0.010999247,1.3412721e-05,-2.4908824e-05,2.7995238e-05,0.026119346
1.8,36,-1.9440894,0.75,0.0,0.9655016,0.02051089,-2.1317443e-05,0.0,0.0,0.0,-0.039130934,0.035306945,-2.3799415e-05,0.011211664,2.1863107e-05,0.02791946,-0.039130934,0.03531152,-2.1100665e-05,0.03530237,0.011211664,1.4021357e-05,-2.6498166e-05,2.9704857e-05,0.02791946
1.8,36,-1.9041533,0.75,0.0,0.96393406,0.021942317,-2.3098488e-05,0.0,0.0,0.0,-0.04125362,0.038306497,-2.5352885e-05,0.011383385,2.3105144e-05,0.029870404,-0.04125362,0.03831186,-2.2494685e-05,0.038301136,0.011383385,1.46626e-05,-2.8211087e-05,3.1547686e-05,0.029870404
1.8,36,-1.8642173,0.75,0.0,0.96226865,0.023480862,-3.0719046e-05,0.0,0.0,0.0,-0.04348973,0.041603234,-2.7025184e-05,0.011503466,2.4438072e-05,0.031986114,-0.04348973,0.041608553,-2.3992616e-05,0.041597914,0.011503466,1.5339552e-05,-3.0057752e-05,3.353659e-05,0.031986114
1.8,36,-1.8242812,0.75,0.0,0.9605225,0.025180425,-3.838184e-05,0.0,0.0,0.0,-0.045841627,0.04522971,-2.8826424e-05,0.0115582775,2.586927e-05,0.03428337,-0.045841627,0.045234587,-2.5602874e-05,0.04522483,0.0115582775,1.6052812e-05,-3.204997e-05,3.568573e-05,0.03428337
1.8,36,-1.7843449,0.75,0.0,0.9586745,0.027008098,-4.062398e-05,0.0,0.0,0.0,-0.048311356,0.049223885,-3.076723e-05,0.01153143,2.7408254e-05,0.03677962,-0.048311356,0.049229085,-2.7333226e-05,0.04921868,0.01153143,1.6805672e-05,-3.420124e-05,3.8010836e-05,0.03677962
1.8,36,-1.7444088,0.75,0.0,0.9567071,0.029050296,-2.9716073e-05,0.0,0.0,0.0,-0.050897744,0.05362753,-3.2857926e-05,0.011403121,2.9064344e-05,0.03949475,-0.050897744,0.05363324,-2.9192586e-05,0.053621817,0.011403121,1.7599325e-05,-3.6523266e-05,4.0529365e-05,0.03949475
1.8,36,-1.7044728,0.75,0.0,0.95467573,0.03126869,-2.893703e-05,0.0,0.0,0.0,-0.053599283,0.058487844,-3.5113764e-05,0.011149791,3.084937e-05,0.04244936,-0.053599283,0.05849362,-3.1191805e-05,0.058482066,0.011149791,1.8436785e-05,-3.9035724e-05,4.3261953e-05,0.04244936
1.8,36,-1.6645367,0.75,0.0,0.952521,0.033659093,-1.4113144e-05,0.0,0.0,0.0,-0.05641103,0.06385812,-3.754442e-05,0.010742611,3.2776705e-05,0.0456689,-0.05641103,0.06386507,-3.3337477e-05,0.06385116,0.010742611,1.9320763e-05,-4.175137e-05,4.6232642e-05,0.0456689
1.8,36,-1.6246006,0.75,0.0,0.9502563,0.036307704,1.148016e-06,0.0,0.0,0.0,-0.059325848,0.069797456,-4.016488e-05,0.010147153,3.4860695e-05,0.04917836,-0.059325848,0.06980373,-3.5639634e-05,0.06979118,0.010147153,2.0255618e-05,-4.4690125e-05,4.9465772e-05,0.04917836
1.8,36,-1.5846646,0.75,0.0,0.9478771,0.039136056,-2.9263316e-05,0.0,0.0,0.0,-0.062329866,0.07637425,-4.2988195e-05,0.009321726,3.7117865e-05,0.053007826,-0.062329866,0.07638194,-3.8108436e-05,0.076366566,0.009321726,2.124555e-05,-4.7867954e-05,5.2990177e-05,0.053007826
1.8,36,-1.5447285,0.75,0.0,0.9453757,0.042253703,-4.8849266e-05,0.0,0.0,0.0,-0.06540589,0.08366439,-4.602869e-05,0.008215938,3.956632e-05,0.057190754,-0.06540589,0.08366992,-4.0751118e-05,0.083658844,0.008215938,2.2294797e-05,-5.130626e-05,5.6837842e-05,0.057190754
1.8,36,-1.5047922,0.75,0.0,0.9427204,0.045659818,-5.1352745e-05,0.0,0.0,0.0,-0.068527885,0.09175218,-4.9301987e-05,0.006768634,4.2230196e-05,0.06175901,-0.068527885,0.09175755,-4.357514e-05,0.09174681,0.006768634,2.341353e-05,-5.5028835e-05,6.104686e-05,0.06175901
1.8,36,-1.4648561,0.75,0.0,0.9399867,0.049422212,-4.2943146e-05,0.0,0.0,0.0,-0.07165893,0.10073821,-5.2817464e-05,0.00490545,4.513564e-05,0.06675408,-0.07165893,0.10074308,-4.658379e-05,0.10073335,0.00490545,2.4611812e-05,-5.9051137e-05,6.5659464e-05,0.06675408
1.8,36,-1.4249201,0.75,0.0,0.93709517,0.053548574,-6.494875e-05,0.0,0.0,0.0,-0.074753955,0.11072908,-5.6591445e-05,0.0025360647,4.831425e-05,0.07221821,-0.074753955,0.11073191,-4.9781618e-05,0.11072627,0.0025360647,2.5907862e-05,-6.340127e-05,7.072064e-05,0.07221821
1.8,36,-1.384984,0.75,0.0,0.93409634,0.058053512,-7.066034e-05,0.0,0.0,0.0,-0.07774572,0.121848255,-6.0633043e-05,-0.0004499621,5.180347e-05,0.07819559,-0.07774572,0.1218503,-5.3167623e-05,0.12184622,-0.0004499621,2.7326534e-05,-6.809846e-05,7.6280405e-05,0.07819559
1.8,36,-1.345048,0.75,0.0,0.9309531,0.06306297,-4.649746e-05,0.0,0.0,0.0,-0.080549784,0.13423681,-6.494971e-05,-0.0041880645,5.5652483e-05,0.08473798,-0.080549784,0.134237,-5.6730947e-05,0.13423662,-0.0041880645,2.8905504e-05,-7.316848e-05,8.239946e-05,0.08473798
1.8,36,-1.3051116,0.75,0.0,0.92770135,0.06855642,-4.9005437e-05,0.0,0.0,0.0,-0.08305439,0.14804628,-6.9550915e-05,-0.008845283,5.9921193e-05,0.091898985,-0.08305439,0.14804514,-6.045837e-05,0.14804743,-0.008845283,3.0703657e-05,-7.864346e-05,8.9138724e-05,0.091898985
1.8,36,-1.2651758,0.75,0.0,0.92438513,0.07462295,-5.103308e-05,0.0,0.0,0.0,-0.08510828,0.16345218,-7.443788e-05,-0.014627269,6.468796e-05,0.099735506,-0.08510828,0.1634488,-6.432306e-05,0.16345555,-0.014627269,3.280773e-05,-8.45527e-05,9.65682e-05,0.099735506
1.8,36,-1.2252395,0.75,0.0,0.9209367,0.081345364,-7.233185e-05,-5.820884e-37,-3.1694546e-36,1.214136e-34,-0.08651727,0.18064304,-7.9617384e-05,-0.02178941,7.005408e-05,0.10830561,-0.08651727,0.18063538,-6.827802e-05,0.1806507,-0.02178941,3.5342393e-05,-9.0956746e-05,0.000104765764,0.10830561
1.8,36,-1.1853034,0.75,0.0,0.9175093,0.08876841,-7.499835e-05,-6.323006e-30,-3.359448e-29,1.3125645e-27,-0.08702323,0.19983193,-8.509656e-05,-0.030651553,7.61455e-05,0.117674194,-0.08702323,0.19982158,-7.224982e-05,0.1998423,-0.030651553,3.848247e-05,-9.79433e-05,0.000113808535,0.117674194
1.8,36,-1.1453676,0.75,0.0,0.91400653,0.09700848,-7.983183e-05,-9.703451e-24,-5.1551653e-23,2.0142706e-21,-0.086288735,0.22123797,-9.088482e-05,-0.041611496,8.311293e-05,0.1279004,-0.086288735,0.22122441,-7.610074e-05,0.22125153,-0.041611496,4.245361e-05,-0.00010566891,0.00012377225,0.1279004
1.8,36,-1.1054313,0.75,0.0,0.9105897,0.10611261,-8.3139814e-05,-2.0287368e-18,-1.0778095e-17,4.2113107e-16,-0.08387331,0.2450923,-9.702738e-05,-0.055174254,9.10909e-05,0.13904889,-0.08387331,0.24507196,-7.9565514e-05,0.24511264,-0.055174254,4.7472335e-05,-0.00011448925,0.00013470947,0.13904889
1.8,36,-1.065495,0.75,0.0,0.90732247,0.11624825,-0.0001024682,-5.776954e-14,-3.0691292e-13,1.1991968e-11,-0.07918888,0.27161992,-0.000103633494,-0.071977615,0.00010010616,0.15116714,-0.07918888,0.27159703,-8.2132785e-05,0.2716428,-0.071977615,5.355403e-05,-0.0001251342,0.00014665829,0.15116714
1.8,36,-1.0255592,0.75,0.0,0.90421027,0.12738027,-0.00010570762,-2.2403226e-10,-1.1902189e-09,4.650527e-08,-0.07146063,0.30098265,-0.00011124994,-0.09284494,0.0001097561,0.16430572,-0.07146063,0.30096397,-8.300149e-05,0.30100137,-0.09284494,6.001887e-05,-0.00013949838,0.00015949334,0.16430572
1.8,36,-0.9856229,0.75,0.0,0.9014858,0.13983718,-0.000104359,-1.1834397e-07,-6.2872743e-07,2.4566183e-05,-0.059616234,0.3331539,-0.00012371136,-0.1188946,0.00011852061,0.17851175,-0.059616234,0.3331738,-8.334004e-05,0.33313397,-0.1188946,6.52805e-05,-0.00016408267,0.00017176072,0.17851175
1.8,36,-0.9456868,0.75,0.0,0.8993561,0.15365103,-0.00014880535,-8.514492e-06,-4.5234854e-05,0.0017674483,-0.041958947,0.36781093,-0.00015053361,-0.15190019,0.00012282134,0.19385725,-0.041958947,0.36748356,-0.000105955485,0.3681383,-0.15190019,7.3261646e-05,-0.00019511173,0.00017238104,0.19385725
1.8,36,-0.905751,0.75,0.0,0.8979383,0.16888703,-0.00017891519,-8.355744e-05,-0.00044381528,0.017337272,-0.017019745,0.40823036,-0.00011536956,-0.1934728,0.00013450137,0.21049511,-0.017019745,0.40211546,-0.0002181497,0.41434523,-0.1934728,0.00011132944,-1.25894285e-05,0.0001576733,0.21049511
1.8,36,-0.8658147,0.75,0.0,0.89757854,0.18622701,-0.00017092096,-0.00012040248,-0.00063362194,0.024468856,0.015195995,0.4496684,-0.00014223657,-0.24364975,0.00019300144,0.22845584,0.015195995,0.4409946,-0.0003288904,0.45834225,-0.24364975,0.00019063563,4.441725e-05,0.00019536726,0.22845584
1.8,36,-0.8258784,0.75,0.0,0.8986715,0.20502524,-0.0001260222,-0.000104592335,-0.00058914727,0.019540027,0.059921168,0.48997313,-0.00021028497,-0.30746087,0.00025474682,0.24753895,0.059921168,0.48358732,-0.0004248082,0.4963589,-0.30746087,0.00029066394,4.238263e-06,0.0002188297,0.24753895
1.8,36,-0.78594255,0.75,0.0,0.90181243,0.22599907,-0.00010999938,-8.821589e-05,-0.0013299333,0.04131946,0.11727371,0.54108214,0.000105920684,-0.385403,0.00025184243,0.26813135,0.11727371,0.52442133,-0.0005341117,0.55774295,-0.385403,0.0003002925,0.00074595306,0.00020339235,0.26813135
1.8,36,-0.74600625,0.75,0.0,0.9074457,0.24913761,-7.536089e-05,-0.0002234669,-0.0013650908,0.04571811,0.19690113,0.5860865,0.00038452633,-0.48757884,5.637585e-05,0.29067752,0.19690113,0.5641363,-0.00019146061,0.60803664,-0.48757884,0.00019089859,0.00096051325,-7.8146884e-05,0.29067752
1.8,36,-0.7060702,0.75,0.0,0.91662073,0.27399936,-4.6072695e-05,-0.00056390173,-0.0009882385,0.034046233,0.29848173,0.61269414,0.00043906644,-0.6117079,-9.991839e-05,0.31322777,0.29848173,0.59417224,0.00021602026,0.631216,-0.6117079,5.1956777e-06,0.0006621126,-0.00020503245,0.31322777
1.8,36,-0.66613436,0.75,0.0,0.9302205,0.2997067,-4.4934814e-07,-0.00071203255,-0.0013660706,0.038225736,0.41379502,0.6234955,0.00060041645,-0.75340116,-0.00015263609,0.3396104,0.41379502,0.603618,0.00010696289,0.643373,-0.75340116,-0.00022647345,0.00109387,-7.879873e-05,0.3396104
1.8,36,-0.62619805,0.75,0.0,0.9487103,0.32571125,5.02636e-05,-0.00061336666,-0.0010662252,0.031874515,0.5501515,0.5958103,0.00047890728,-0.91643345,-3.784046e-05,0.3662824,0.5501515,0.5800137,-5.8438936e-06,0.61160684,-0.91643345,0.000120782,0.00096365844,-0.00019646292,0.3662824
1.8,36,-0.5862622,0.75,0.0,0.9731338,0.3490786,7.590829e-05,-0.00020253574,-0.00041802545,0.011845803,0.70275843,0.5161226,7.330494e-05,-1.0947136,-8.268532e-05,0.391968,0.70275843,0.5118955,-0.00027435514,0.5203496,-1.0947136,4.061081e-05,0.00042096502,-0.00020598144,0.391968
1.8,36,-0.5463259,0.75,0.0,1.0039352,0.36862803,6.185369e-05,-0.00012626193,-0.0003422082,0.008243038,0.8455511,0.39008445,-2.5298941e-05,-1.2644354,-7.0149785e-05,0.41890532,0.8455511,0.3891405,-0.0004900789,0.3910284,-1.2644354,0.00016973131,0.000439481,-0.00031003088,0.41890532
1.8,36,-0.5063896,0.75,0.0,1.0399039,0.38201985,4.830135e-05,-8.6123066e-05,-9.5515374e-05,0.007053524,0.9434601,0.21403392,-2.0634376e-05,-1.3909079,6.044215e-05,0.4474328,0.9434601,0.21404277,-0.00024765418,0.21402507,-1.3909079,0.00041233146,0.00020638543,-0.00029144716,0.4474328
1.8,36,-0.46645403,0.75,0.0,1.0789657,0.38731635,9.359723e-06,-0.0004449569,0.00014770582,0.0138286445,0.9955765,-0.0033783359,-5.2608117e-05,-1.4733399,0.00026013493,0.4777511,0.9955765,-0.0075475294,-7.6011995e-05,0.0007908575,-1.4733399,0.0007777122,-2.9204239e-05,-0.00025744236,0.4777511
1.8,36,-0.4265175,0.75,0.0,1.1197637,0.38379508,-4.677011e-05,-0.00054980436,-0.00017225882,0.1123055,1.0170362,-0.2551364,-5.287139e-05,-1.5277567,0.0003313733,0.5106761,1.0170362,-0.3088365,-0.00020278775,-0.20143633,-1.5277567,0.0009449382,9.704497e-05,-0.00028219164,0.5106761
1.8,36,-0.38658142,0.75,0.0,1.161269,0.37382737,-5.3794312e-05,-0.00011560705,-0.00091821904,0.41752967,1.0376786,-0.52171224,3.1863456e-05,-1.5848985,-0.00032380415,0.54718584,1.0376786,-0.7257764,-0.0004982957,-0.31764814,-1.5848985,-0.00035515637,0.0005620226,-0.00029245194,0.54718584
1.8,36,-0.34664536,0.75,0.0,1.2027484,0.36040685,-7.9720674e-05,-0.00014562882,-0.000872983,0.77549237,1.0185235,-0.7749407,-0.00019054851,-1.6023704,-0.0004911518,0.58383226,1.0185235,-1.1513649,-0.0007935786,-0.3985166,-1.6023704,-0.0006279385,0.0004124816,-0.00035436513,0.58383226
1.8,36,-0.3067093,0.75,0.0,1.2407682,0.34229782,-9.507082e-05,-5.9914608e-05,-0.00074840966,0.8003791,0.8302799,-0.9104281,-0.00047240418,-1.4509426,-0.0003032672,0.6206454,0.8302799,-1.2932144,-0.0012613812,-0.5276418,-1.4509426,-0.0002539111,0.00031657284,-0.00035262332,0.6206454
1.8,36,-0.26677322,0.75,0.0,1.2667053,0.31927508,-0.00015298591,-2.9148026e-05,-0.0007770328,0.26435488,0.46031442,-0.7543145,-0.00061318424,-1.1343057,-0.00027610717,0.67399824,0.46031442,-0.87572753,-0.0015559505,-0.63290143,-1.1343057,-0.00029859645,0.00032958205,-0.00025361785,0.67399824
1.8,36,-0.22683716,0.75,0.0,1.2765363,0.293196,-9.969593e-05,-9.1197755e-05,-0.00077256194,-0.7556871,0.031102646,-0.27606165,-0.0004970245,-0.79686457,-0.00036365533,0.76577127,0.031102646,0.10112845,-0.0013329482,-0.65325177,-0.79686457,-0.0003815623,0.0003388992,-0.00034574838,0.76577127
1.8,36,-0.18690109,0.75,0.0,1.2699057,0.26841798,-0.00013783007,-0.00018855285,-0.0007377937,-2.028592,-0.3670636,0.44099966,-0.00013611006,-0.51141614,-0.0004349833,0.87849164,-0.3670636,1.4533715,-0.000709739,-0.5713722,-0.51141614,-0.0002812066,0.00043751887,-0.00058875995,0.87849164
1.8,36,-0.14696455,0.75,0.0,1.2490158,0.24754335,-0.0001287102,-0.0003326596,-0.00061933644,-3.5206873,-0.6883075,1.3344744,0.0003712085,-0.3252073,-0.00041180255,1.0135177,-0.6883075,3.09855,0.00021187637,-0.42960128,-0.3252073,-0.0001267219,0.00053054065,-0.0006968832,1.0135177
1.8,36,-0.10702896,0.75,0.0,1.2163479,0.23221822,-1.7539947e-05,-0.00059312955,-0.00049834186,-5.3469334,-0.919069,2.3458269,0.001114485,-0.30422398,-0.00044468438,1.2232928,-0.919069,5.0316,0.0013218125,-0.33994636,-0.30422398,-0.00011923248,0.00090715743,-0.0007701363,1.2232928
1.8,36,-0.067092896,0.75,0.0,1.1777709,0.21743761,0.00020350222,-0.00081364467,-0.00047900638,-7.4349303,-0.9569185,3.3301015,0.0015393822,-0.5182131,-0.00069235393,1.475126,-0.9569185,7.063404,0.0018063871,-0.40320116,-0.5182131,-0.00038681785,0.0012723771,-0.00099789,1.475126
1.8,36,-0.027156353,0.75,0.0,1.1430116,0.19683753,0.00024319679,-0.00083798077,-0.00039279272,-9.308017,-0.71622103,4.089556,0.0014012661,-0.94983155,-0.00094548345,1.6660467,-0.71622103,8.766698,0.0015323157,-0.5875855,-0.94983155,-0.0005208109,0.0012702165,-0.001370156,1.6660467
1.8,36,0.012779236,0.75,0.0,1.1232182,0.16704293,0.00021492946,-0.0006691639,9.496895e-05,-10.649672,-0.21679346,4.4690366,0.0010410809,-1.5075083,-0.0010161978,1.7242961,-0.21679346,9.835638,0.0012440006,-0.8975647,-1.5075083,-0.00025964098,0.00083816116,-0.0017727547,1.7242961
1.8,36,0.05271578,0.75,0.0,1.125612,0.11933478,0.00013296568,-0.00036828718,0.00066212483,-11.57025,0.34814975,4.315512,0.00068166904,-2.009769,-0.0010844319,1.6616453,0.34814975,10.151615,0.0012084426,-1.5205908,-2.009769,-0.00018150489,0.00015489549,-0.0019873588,1.6616453
1.8,36,0.092651844,0.75,0.0,1.1470139,0.044571,8.654158e-05,-4.11658e-05,0.00094039616,-11.739431,0.68589205,3.678531,0.00029854692,-2.1124234,-0.0012568178,1.426546,0.68589205,9.592303,0.0011216567,-2.2352414,-2.1124234,-0.00069708953,-0.0005245629,-0.0018165461,1.426546
1.8,36,0.13258791,0.75,0.0,1.1741759,-0.05156706,0.00016424409,0.00020007868,0.0010214163,-10.699584,0.5916422,2.8495522,-0.00017154921,-1.5597205,-0.0013661047,0.96807724,0.5916422,8.230065,0.0006904764,-2.5309613,-1.5597205,-0.0014463504,-0.0010335748,-0.001285859,0.96807724
1.8,36,0.17252398,0.75,0.0,1.1902014,-0.14531896,0.00032126828,0.00023957831,0.00072855444,-8.473527,0.15847692,2.1771235,-0.00033419364,-0.6253245,-0.0011882797,0.46684274,0.15847692,6.4318295,0.00016501814,-2.0775826,-0.6253245,-0.0016763555,-0.0008334054,-0.0007002039,0.46684274
1.8,36,0.21246004,0.75,0.0,1.1868247,-0.21183258,0.00036278646,0.00013604145,0.00017160308,-5.807015,-0.3193487,1.6962795,3.3451815e-05,0.21508048,-0.00079294667,0.10426881,-0.3193487,4.603191,8.1736725e-05,-1.210632,0.21508048,-0.001235405,-1.4833094e-05,-0.0003504884,0.10426881
1.8,36,0.2523961,0.75,0.0,1.1671656,-0.24425521,0.00048495535,0.00012346375,-0.0002188902,-3.4209986,-0.6149553,1.3286399,0.00024346968,0.74163115,-0.0004359709,-0.12665491,-0.6149553,3.0369446,6.775863e-05,-0.379665,0.74163115,-0.00068658753,0.00041918072,-0.00018535429,-0.12665491
1.8,36,0.29233217,0.75,0.0,1.1399792,-0.2476221,0.00041100258,0.00015283437,-0.00034560726,-1.7313124,-0.687809,1.0279756,-4.3653854e-06,0.95092535,-0.00019103446,-0.26310688,-0.687809,1.8889092,-0.00027397578,0.16704191,0.95092535,-0.00025469097,0.000265245,-0.00012737796,-0.26310688
1.8,36,0.33226871,0.75,0.0,1.1125876,-0.2337695,0.00042262644,0.00014329243,-0.00025231048,-0.7202777,-0.6295222,0.773859,-0.00035442517,0.93964815,-7.937747e-05,-0.3101055,-0.6295222,1.1274443,-0.0006061409,0.42027378,0.93964815,6.863685e-06,-0.00010270944,-0.00016561862,-0.3101055
1.8,36,0.3722043,0.75,0.0,1.0897816,-0.21373682,0.00054754334,6.2555e-05,-5.611217e-05,-0.16824861,-0.5151131,0.56428415,-0.00071591325,0.8198495,-0.00013722466,-0.30473435,-0.5151131,0.64341843,-0.0009081556,0.48514986,0.8198495,-0.0001254027,-0.00052367087,-0.00014904662,-0.30473435
1.8,36,0.41214037,0.75,0.0,1.0726264,-0.193664,0.00068559253,-0.00010488278,0.00029634734,0.1096216,-0.3734499,0.40475214,-0.0011844002,0.6674033,-0.00025493893,-0.29394355,-0.3734499,0.3493204,-0.0013625178,0.4601839,0.6674033,-0.0003509734,-0.0010062825,-0.00015890447,-0.29394355
1.8,36,0.4520769,0.75,0.0,1.0611427,-0.17637502,0.0006068986,-0.00018804561,0.0005627067,0.20686209,-0.24971591,0.28665847,-0.0013529658,0.52595884,5.9913655e-05,-0.27623203,-0.24971591,0.18333554,-0.0014697558,0.38998142,0.52595884,0.00048072415,-0.0012361759,-0.00036089684,-0.27623203
1.8,36,0.4920125,0.75,0.0,1.0535707,-0.161976,0.0005516667,-0.00022164144,0.0008414817,0.21734464,-0.16752735,0.20798093,-0.0010969432,0.41152778,0.00017300408,-0.24399133,-0.16752735,0.0981649,-0.0009585576,0.31779695,0.41152778,0.0007276887,-0.0012353287,-0.00038168055,-0.24399133
1.8,36,0.53194904,0.75,0.0,1.048693,-0.1502917,0.0005521506,-0.00036629365,0.0011042783,0.19819224,-0.108930945,0.16115686,-0.0011063025,0.31852552,0.00011832912,-0.20958923,-0.108930945,0.06121413,-0.0008055456,0.2610996,0.31852552,0.00040609177,-0.0014070593,-0.00016943354,-0.20958923
1.8,36,0.5718851,0.75,0.0,1.0460315,-0.1406935,0.0004029756,-0.00040224826,0.0008435553,0.17042968,-0.06346679,0.13249764,-0.0009551812,0.23973322,0.00022716643,-0.17626269,-0.06346679,0.04634562,-0.0008469766,0.21864967,0.23973322,0.00038072537,-0.0010633859,7.3607494e-05,-0.17626269
1.8,36,0.6118212,0.75,0.0,1.0446898,-0.13252059,0.000396429,-0.00040994305,0.00072123494,0.1468858,-0.027166305,0.116077274,-0.00080467504,0.16734813,0.00022964679,-0.14017323,-0.027166305,0.04111436,-0.0007664493,0.19104019,0.16734813,0.00044141192,-0.00084290083,1.7881655e-05,-0.14017323
1.8,36,0.65175724,0.75,0.0,1.0448916,-0.1254656,0.0003425401,-0.00037561692,0.0004951317,0.12161314,0.007867775,0.10275417,-0.00067899586,0.09476958,0.00018323075,-0.10263153,0.007867775,0.040174335,-0.00069857226,0.165334,0.09476958,0.00042691172,-0.00065941946,-6.0450217e-05,-0.10263153
1.8,36,0.6916933,0.75,0.0,1.0462493,-0.11999238,0.00028664584,-0.00023712931,0.00014160234,0.08601491,0.048436023,0.07722981,-0.0005146225,0.018760458,0.00016299075,-0.06719455,0.048436023,0.032245394,-0.0006773653,0.122214235,0.018760458,0.00032354315,-0.0003518797,2.4383485e-06,-0.06719455
1.8,36,0.7316294,0.75,0.0,1.0491043,-0.11639399,0.00025663787,-0.00020221414,4.33657e-05,0.064211234,0.08633035,0.03595014,-0.00044921983,-0.050293352,0.00016305265,-0.036037143,0.08633035,0.0010462271,-0.0006703403,0.07085405,-0.050293352,0.00026537332,-0.00022809938,6.0731993e-05,-0.036037143
1.8,36,0.77156544,0.75,0.0,1.0535609,-0.11491664,9.468472e-05,-0.00020660073,2.9767276e-05,0.055818625,0.11392151,-0.026641836,-0.00042162917,-0.10201066,0.0001837771,-0.01190881,0.11392151,-0.058365,-0.0006729238,0.005081327,-0.10201066,0.0002960837,-0.00017033456,7.147052e-05,-0.01190881
1.8,36,0.811502,0.75,0.0,1.0586759,-0.11653206,3.7200298e-05,-0.0002133937,3.2382504e-05,0.056115497,0.12481161,-0.111229196,-0.0004211926,-0.12692288,0.00019489638,0.002112568,0.12481161,-0.14387186,-0.0006991796,-0.07858654,-0.12692288,0.00032679134,-0.00014320562,6.3001404e-05,0.002112568
1.8,36,0.85143757,0.75,0.0,1.0639744,-0.12201186,0.000107093845,-0.00021757698,4.9313687e-05,0.05818437,0.105951026,-0.21047175,-0.0004479959,-0.108497456,0.00014222383,0.0025468334,0.105951026,-0.24461976,-0.0007654186,-0.17632373,-0.108497456,0.00023385846,-0.0001305732,5.0589188e-05,0.0025468334
1.8,36,0.89137363,0.75,0.0,1.067563,-0.13119523,9.717334e-05,-0.00023446906,9.288331e-05,0.06536881,0.048595317,-0.2995758,-0.00044584004,-0.036029384,9.039006e-05,-0.01256782,0.048595317,-0.33697665,-0.0008000149,-0.262175,-0.036029384,0.00015009179,-9.1665206e-05,3.0688334e-05,-0.01256782
1.8,36,0.9313102,0.75,0.0,1.0678376,-0.1436597,9.961962e-05,-0.00018307842,9.7755415e-05,0.05421364,-0.040745184,-0.3590693,-0.00031125342,0.08234764,0.0002700788,-0.041598886,-0.040745184,-0.39046612,-0.0006264741,-0.32767245,0.08234764,0.0005368217,3.9672773e-06,3.3358972e-06,-0.041598886
1.8,36,0.97124577,0.75,0.0,1.0636892,-0.15810315,0.00010317825,-4.7867892e-05,2.6608068e-05,0.015213722,-0.1586859,-0.3761927,-0.00016910196,0.23930146,0.0003807392,-0.08061085,-0.1586859,-0.38823313,-0.000407998,-0.36415225,0.23930146,0.0007956869,6.979409e-05,-3.420854e-05,-0.08061085
1.8,36,1.0111823,0.75,0.0,1.0546374,-0.17222653,0.00014356175,-5.351768e-05,1.6792204e-05,-0.0003169662,-0.27914223,-0.32798782,-0.0002832658,0.40295306,0.00044056377,-0.12380959,-0.27914223,-0.331648,-0.00067630695,-0.32432765,0.40295306,0.0010064918,0.000109775356,-0.00012536425,-0.12380959
1.8,36,1.0511179,0.75,0.0,1.0414642,-0.18421324,0.00010250736,-0.0005174662,0.00013756879,-0.040909182,-0.3683399,-0.24768814,-0.0008591118,0.5330784,0.0004804422,-0.16473673,-0.3683399,-0.22980033,-0.0017421427,-0.26557598,0.5330784,0.0012113977,2.391919e-05,-0.00025051335,-0.16473673
1.8,36,1.0910544,0.75,0.0,1.0258012,-0.19379105,0.0001192678,-0.0011085041,0.00031808385,-0.0937641,-0.40253648,-0.15119146,-0.0013114559,0.6026969,-0.00017839024,-0.20016102,-0.40253648,-0.10662967,-0.0022907273,-0.19575325,0.6026969,-4.7259473e-05,-0.0003321843,-0.000309521,-0.20016102
1.8,36,1.1309905,0.75,0.0,1.0097195,-0.19902734,8.696981e-05,-0.00085108995,0.00027915242,-0.0771218,-0.39246362,-0.021698104,-0.000902973,0.6176158,-0.00058492966,-0.22514914,-0.39246362,0.012303997,-0.0013700775,-0.055700205,0.6176158,-0.00086119986,-0.00043586845,-0.00030865942,-0.22514914
1.8,36,1.1709266,0.75,0.0,0.9945418,-0.19860893,4.4327164e-05,-0.00066708255,0.00021536238,-0.05910451,-0.3660266,0.08816159,-0.00051863486,0.6038698,-0.00041090779,-0.23783752,-0.3660266,0.10935916,-0.000785476,0.06696402,0.6038698,-0.0005230943,-0.0002517937,-0.00029872125,-0.23783752
1.8,36,1.2108626,0.75,0.0,0.9803691,-0.19451575,4.708755e-05,-0.0005893199,0.00017951886,-0.053198732,-0.33909318,0.16020918,-0.00033017792,0.5801252,-0.00024301332,-0.24103343,-0.33909318,0.17823121,-0.0005994874,0.14218715,0.5801252,-0.00028638516,-6.086846e-05,-0.00019964148,-0.24103343
1.8,36,1.2507987,0.75,0.0,0.96760285,-0.18719982,5.028317e-05,-0.00011759073,3.5383116e-05,-0.0106988195,-0.28679654,0.22295792,-0.00022412064,0.5238421,-0.0001595715,-0.23704638,-0.28679654,0.22468828,-0.00043829918,0.22122757,0.5238421,-0.00021886633,-9.942102e-06,-0.00010027668,-0.23704638
1.8,36,1.2907348,0.75,0.0,0.95735025,-0.17764157,5.0682003e-05,-3.399537e-06,1.0109662e-06,-0.0003112166,-0.22422817,0.25412247,-0.00020192565,0.45255283,-6.161731e-05,-0.22832358,-0.22422817,0.2529877,-0.0003240086,0.25525722,0.45255283,-7.813077e-05,-7.9842684e-05,-4.5103854e-05,-0.22832358
1.8,36,1.3306708,0.75,0.0,0.94940907,-0.16723862,2.6088674e-05,-1.3458583e-08,3.7440744e-09,-1.2539526e-06,-0.17116676,0.26789582,-0.00017698733,0.38813686,-1.2754714e-05,-0.21697041,-0.17116676,0.2670648,-0.00027077913,0.26872683,0.38813686,-7.9284155e-06,-8.319555e-05,-1.7581013e-05,-0.21697041
1.8,36,1.3706069,0.75,0.0,0.943485,-0.1565326,-9.98928e-06,-2.1354515e-11,1.26137425e-11,2.3800277e-09,-0.12656118,0.27100658,-0.00015341109,0.33082595,-3.5544917e-06,-0.2042655,-0.12656118,0.27034432,-0.00024260062,0.27166888,0.33082595,1.5994312e-06,-6.4221545e-05,-8.7084145e-06,-0.2042655
1.8,36,1.410543,0.75,0.0,0.9391687,-0.1458233,-1.585553e-06,-4.2940003e-13,3.2772033e-13,9.3491666e-11,-0.08938795,0.26663616,-0.00013434747,0.2804319,-5.9249237e-06,-0.19104433,-0.08938795,0.26609245,-0.00022139016,0.26717988,0.2804319,-4.6058663e-06,-4.7304784e-05,-7.243981e-06,-0.19104433
1.8,36,1.450479,0.75,0.0,0.9361854,-0.13543497,-5.066333e-05,-1.9556462e-15,1.0294892e-15,4.3914771e-13,-0.0588026,0.25751966,-0.00011859703,0.23665214,-9.798445e-06,-0.1778494,-0.0588026,0.25707102,-0.00020186759,0.2579683,0.23665214,-1.2423626e-05,-3.5326484e-05,-7.1732647e-06,-0.1778494
1.8,36,1.4904156,0.75,0.0,0.9343881,-0.12545773,-1.5642077e-05,-2.0243194e-18,-5.713572e-19,5.008013e-16,-0.033806823,0.24559143,-0.000104762374,0.19882539,-1.3095272e-05,-0.16501895,-0.033806823,0.2452218,-0.00018321838,0.24596106,0.19882539,-1.9559187e-05,-2.6306372e-05,-6.6313564e-06,-0.16501895
1.8,36,1.5303512,0.75,0.0,0.93342155,-0.11595095,-1.3926827e-05,-6.750549e-22,-6.6553016e-22,1.8044057e-19,-0.013462236,0.2320841,-9.202152e-05,0.16621079,-1.5810478e-05,-0.15274854,-0.013462236,0.23177703,-0.00016566651,0.23239118,0.16621079,-2.5858464e-05,-1.8376519e-05,-5.76249e-06,-0.15274854
1.8,36,1.5702877,0.75,0.0,0.93314433,-0.107005276,-1.4094427e-05,-4.60531e-26,-5.3345696e-26,1.2534161e-23,0.0029996668,0.21776965,-8.008765e-05,0.1381453,-1.827827e-05,-0.14114507,0.0029996668,0.21751262,-0.00014943212,0.21802667,0.1381453,-3.1379514e-05,-1.0743188e-05,-5.1770267e-06,-0.14114507
1.8,36,1.6102238,0.75,0.0,0.93349826,-0.09858857,-1.1866859e-05,-4.629796e-31,-5.4834066e-31,1.2635942e-28,0.016189704,0.20317093,-6.8964095e-05,0.11406802,-2.0724481e-05,-0.13025779,0.016189704,0.20295821,-0.00013459059,0.20338364,0.11406802,-3.61651e-05,-3.337593e-06,-5.2838623e-06,-0.13025779
1.8,36,1.6501598,0.75,0.0,0.9342817,-0.09075374,-5.9673395e-05,-6.410607e-37,-7.619019e-37,1.7506945e-34,0.02661083,0.18865824,-5.875791e-05,0.09349328,-2.3220531e-05,-0.120104164,0.02661083,0.18848099,-0.000121137884,0.18883547,0.09349328,-4.024403e-05,3.6220638e-06,-6.1970304e-06,-0.120104164
1.8,36,1.6900959,0.75,0.0,0.9354394,-0.08348249,-6.0552968e-05,0.0,0.0,0.0,0.034690965,0.17450285,-4.9555976e-05,0.07598655,-2.5714191e-05,-0.11067698,0.034690965,0.17435564,-0.00010900421,0.17465006,0.07598655,-4.3626183e-05,9.89226e-06,-7.802198e-06,-0.11067698
1.8,36,1.730032,0.75,0.0,0.9369008,-0.07682032,-8.458653e-05,0.0,0.0,0.0,0.040799405,0.16089405,-4.138387e-05,0.061158102,-2.8101362e-05,-0.10195661,0.040799405,0.1607719,-9.807747e-05,0.1610162,0.061158102,-4.6327015e-05,1.530973e-05,-9.875707e-06,-0.10195661
1.8,36,1.7699685,0.75,0.0,0.9385523,-0.07066414,-9.000162e-05,0.0,0.0,0.0,0.045260146,0.14796373,-3.4205426e-05,0.0486544,-3.0271e-05,-0.09391495,0.045260146,0.14786169,-8.822813e-05,0.14806576,0.0486544,-4.837323e-05,1.981728e-05,-1.2168771e-05,-0.09391495
1.8,36,1.8099041,0.75,0.0,0.9403963,-0.0650289,-7.7435165e-05,0.0,0.0,0.0,0.048356168,0.13579448,-2.7933813e-05,0.038158305,-3.2137716e-05,-0.08651451,0.048356168,0.13571058,-7.931552e-05,0.13587837,0.038158305,-4.9810766e-05,2.3447894e-05,-1.4464663e-05,-0.08651451
1.8,36,1.8498402,0.75,0.0,0.94238436,-0.059882388,-7.4583906e-05,0.0,0.0,0.0,0.050332185,0.124428734,-2.2463759e-05,0.029385263,-3.364514e-05,-0.07971705,0.050332185,0.12435892,-7.121854e-05,0.124498546,0.029385263,-5.0700542e-05,2.6291023e-05,-1.6589736e-05,-0.07971705
1.8,36,1.8897767,0.75,0.0,0.94438785,-0.05516616,-7.603546e-05,0.0,0.0,0.0,0.051399905,0.11388124,-1.7681497e-05,0.02208416,-3.4778262e-05,-0.0734836,0.051399905,0.113823384,-6.382683e-05,0.11393909,0.02208416,-5.1111776e-05,2.8463835e-05,-1.8444753e-05,-0.0734836
1.8,36,1.9297123,0.75,0.0,0.94642407,-0.05084318,-7.921644e-05,0.0,0.0,0.0,0.05173862,0.10414293,-1.3486974e-05,0.01603416,-3.554376e-05,-0.06777279,0.05173862,0.10409469,-5.7063306e-05,0.10419116,0.01603416,-5.1117033e-05,3.0089357e-05,-1.9970488e-05,-0.06777279
1.8,36,1.9696484,0.75,0.0,0.9484983,-0.046883456,-7.793266e-05,0.0,0.0,0.0,0.051501114,0.09518934,-9.79061e-06,0.011043097,-3.5971196e-05,-0.06254428,0.051501114,0.09514927,-5.0858984e-05,0.09522941,0.011043097,-5.0782655e-05,3.1277763e-05,-2.1159734e-05,-0.06254428
1.8,36,2.009585,0.75,0.0,0.9505295,-0.043285698,-7.55218e-05,0.0,0.0,0.0,0.050815452,0.0869845,-6.521337e-06,0.006944912,-3.6098518e-05,-0.05776005,0.050815452,0.0869509,-4.5164998e-05,0.087018095,0.006944912,-5.0171562e-05,3.2122323e-05,-2.2025471e-05,-0.05776005
1.8,36,2.049521,0.75,0.0,0.95253795,-0.039985895,-6.5306216e-05,0.0,0.0,0.0,0.049786553,0.07948528,-3.621799e-06,0.0035969263,-3.5970726e-05,-0.05338363,0.049786553,0.079455964,-3.994287e-05,0.07951459,0.0035969263,-4.933832e-05,3.2699274e-05,-2.260313e-05,-0.05338363
1.8,36,2.0894566,0.75,0.0,0.95447797,-0.03700579,-7.6100536e-05,0.0,0.0,0.0,0.048502628,0.07264544,-1.0489457e-06,0.00087775855,-3.5630717e-05,-0.049380235,0.048502628,0.07262055,-3.516145e-05,0.07267033,0.00087775855,-4.8330545e-05,3.306356e-05,-2.2930888e-05,-0.049380235
1.8,36,2.129393,0.75,0.0,0.956382,-0.034234025,-6.7426125e-05,0.0,0.0,0.0,0.047033276,0.06641628,1.2336022e-06,-0.0013163522,-3.5119552e-05,-0.045717195,0.047033276,0.066394694,-3.0790754e-05,0.066437855,-0.0013163522,-4.7187637e-05,3.325796e-05,-2.3051467e-05,-0.045717195
1.8,36,2.1693292,0.75,0.0,0.9581982,-0.031707607,-8.413863e-05,0.0,0.0,0.0,0.045437243,0.060749706,3.2535254e-06,-0.0030725307,-3.4473298e-05,-0.042364396,0.045437243,0.060730975,-2.6805244e-05,0.060768437,-0.0030725307,-4.5943303e-05,3.3312295e-05,-2.300329e-05,-0.042364396
1.8,36,2.2092648,0.75,0.0,0.95996314,-0.029440958,-6.623751e-05,0.0,0.0,0.0,0.043759376,0.055598516,5.0334493e-06,-0.004464474,-3.3721906e-05,-0.03929511,0.043759376,0.055581808,-2.3181517e-05,0.055615224,-0.004464474,-4.462541e-05,3.3248416e-05,-2.2818402e-05,-0.03929511
1.8,36,2.2492018,0.75,0.0,0.9617222,-0.027357226,-6.6826426e-05,0.0,0.0,0.0,0.042037297,0.050917923,6.5940158e-06,-0.0055542495,-3.2893266e-05,-0.036483172,0.042037297,0.050903372,-1.9896115e-05,0.050932474,-0.0055542495,-4.3257085e-05,3.3084147e-05,-2.2529446e-05,-0.036483172
1.8,36,2.2891374,0.75,0.0,0.9633505,-0.025411716,-4.6904857e-05,0.0,0.0,0.0,0.040299334,0.04666629,7.953601e-06,-0.0063936077,-3.20081e-05,-0.033905484,0.040299334,0.046653233,-1.6924967e-05,0.046679348,-0.0063936077,-4.1857846e-05,3.283217e-05,-2.2158358e-05,-0.033905484
1.8,36,2.3290734,0.75,0.0,0.96491003,-0.023639895,-4.6259218e-05,0.0,0.0,0.0,0.03856741,0.042804018,9.127758e-06,-0.0070264395,-3.108493e-05,-0.031541035,0.03856741,0.04279207,-1.4246099e-05,0.04281596,-0.0070264395,-4.0443683e-05,3.2501615e-05,-2.1726173e-05,-0.031541035
1.8,36,2.36901,0.75,0.0,0.96639663,-0.022005519,-2.4593908e-05,0.0,0.0,0.0,0.03685905,0.03929467,1.0133175e-05,-0.0074888305,-3.0138108e-05,-0.029370368,0.03685905,0.039284006,-1.1837384e-05,0.039305337,-0.0074888305,-3.9027425e-05,3.2103733e-05,-2.124879e-05,-0.029370368
1.8,36,2.4089456,0.75,0.0,0.967813,-0.020505378,-2.9926328e-05,0.0,0.0,0.0,0.035187725,0.036105365,1.0984067e-05,-0.007811471,-2.9179619e-05,-0.027375929,0.035187725,0.036095712,-9.677142e-06,0.03611502,-0.007811471,-3.761982e-05,3.1645275e-05,-2.0739419e-05,-0.027375929
1.8,36,2.4488816,0.75,0.0,0.9691575,-0.01909162,-5.0058847e-05,0.0,0.0,0.0,0.033561673,0.033205092,1.1694328e-05,-0.008019666,-2.8218004e-05,-0.02554202,0.033561673,0.03319615,-7.746002e-06,0.033214033,-0.008019666,-3.6228892e-05,3.113466e-05,-2.0207117e-05,-0.02554202
1.8,36,2.4888182,0.75,0.0,0.9704546,-0.017839594,-6.1829705e-05,0.0,0.0,0.0,0.031988733,0.030566651,1.2276994e-05,-0.008134557,-2.7260796e-05,-0.023854133,0.031988733,0.030558286,-6.024194e-06,0.030575018,-0.008134557,-3.486103e-05,3.0578183e-05,-1.9660562e-05,-0.023854133
1.8,36,2.5287542,0.75,0.0,0.97166866,-0.016637648,-7.552635e-05,0.0,0.0,0.0,0.030472929,0.028164666,1.2745008e-05,-0.008173759,-2.631525e-05,-0.022299225,0.030472929,0.028157199,-4.4929175e-06,0.028172133,-0.008173759,-3.3523313e-05,2.9982933e-05,-1.910719e-05,-0.022299225
1.8,36,2.5686898,0.75,0.0,0.97284925,-0.0155575005,-6.5595035e-05,0.0,0.0,0.0,0.029017445,0.02597649,1.3109939e-05,-0.008151873,-2.5384172e-05,-0.020865522,0.029017445,0.025969584,-3.1357017e-06,0.025983397,-0.008151873,-3.2218333e-05,2.9355579e-05,-1.8550008e-05,-0.020865522
1.8,36,2.6086264,0.75,0.0,0.97396404,-0.014567667,-4.45087e-05,0.0,0.0,0.0,0.027623514,0.023981456,1.3382392e-05,-0.008081182,-2.4472014e-05,-0.019542195,0.027623514,0.023975117,-1.9363201e-06,0.023987792,-0.008081182,-3.094957e-05,2.8701104e-05,-1.799446e-05,-0.019542195
1.8,36,2.6485624,0.75,0.0,0.9750136,-0.013640285,-2.7229331e-05,0.0,0.0,0.0,0.026291706,0.022161216,1.3573093e-05,-0.00797183,-2.3581313e-05,-0.018319895,0.026291706,0.02215523,-8.7960416e-07,0.022167202,-0.00797183,-2.9719193e-05,2.802579e-05,-1.7443435e-05,-0.018319895
1.8,36,2.688498,0.75,0.0,0.97602916,-0.012807409,-3.7435657e-05,0.0,0.0,0.0,0.025021525,0.020499095,1.3690736e-05,-0.007832098,-2.2713899e-05,-0.017189402,0.025021525,0.020493517,4.795668e-08,0.020504674,-0.007832098,-2.8528897e-05,2.7333515e-05,-1.6898903e-05,-0.017189402
1.8,36,2.728435,0.75,0.0,0.9769893,-0.012019472,-3.9758354e-05,0.0,0.0,0.0,0.023812184,0.018979825,1.3744628e-05,-0.007668974,-2.1871429e-05,-0.016143158,0.023812184,0.018974818,8.5909426e-07,0.018984832,-0.007668974,-2.7379643e-05,2.6630161e-05,-1.6363214e-05,-0.016143158
1.8,36,2.7683706,0.75,0.0,0.9779084,-0.011307392,-2.9474913e-05,0.0,0.0,0.0,0.022662273,0.017590117,1.3742444e-05,-0.0074881734,-2.105453e-05,-0.015173962,0.022662273,0.01758549,1.565406e-06,0.017594742,-0.0074881734,-2.6271571e-05,2.5919482e-05,-1.5837488e-05,-0.015173962
1.8,36,2.8083067,0.75,0.0,0.97878456,-0.010650103,-3.7939175e-05,0.0,0.0,0.0,0.021569716,0.016317694,1.3691296e-05,-0.007294385,-2.0263815e-05,-0.014275226,0.021569716,0.016313296,2.1775838e-06,0.016322091,-0.007294385,-2.5204738e-05,2.5205009e-05,-1.5322894e-05,-0.014275226
1.8,36,2.8482432,0.75,0.0,0.9796191,-0.010027614,-3.6743335e-05,0.0,0.0,0.0,0.020532588,0.015151473,1.3597913e-05,-0.0070916335,-1.949993e-05,-0.013441,0.020532588,0.015147352,2.705478e-06,0.015155595,-0.0070916335,-2.4179066e-05,2.4490348e-05,-1.4820795e-05,-0.013441
1.8,36,2.8881788,0.75,0.0,0.980405,-0.009445678,-4.535393e-05,0.0,0.0,0.0,0.019548886,0.014081844,1.3467816e-05,-0.006883011,-1.8762667e-05,-0.0126659395,0.019548886,0.0140779875,3.1576974e-06,0.014085701,-0.006883011,-2.3194125e-05,2.3777933e-05,-1.4331208e-05,-0.0126659395
1.8,36,2.928115,0.75,0.0,0.9811547,-0.008906548,-3.9819308e-05,0.0,0.0,0.0,0.0186163,0.013099641,1.3306651e-05,-0.006671064,-1.8051795e-05,-0.011945339,0.0186163,0.013096019,3.5426415e-06,0.013103263,-0.006671064,-2.2248838e-05,2.3070661e-05,-1.385475e-05,-0.011945339
1.8,36,2.9680514,0.75,0.0,0.98187655,-0.008405638,-3.8919523e-05,0.0,0.0,0.0,0.017732488,0.012196997,1.3119102e-05,-0.0064580166,-1.7367034e-05,-0.011274483,0.017732488,0.012193658,3.867277e-06,0.012200335,-0.0064580166,-2.1342099e-05,2.2370927e-05,-1.3391968e-05,-0.011274483
1.8,36,3.0079875,0.75,0.0,0.98255575,-0.007937288,-2.8465862e-05,0.0,0.0,0.0,0.0168951,0.011366729,1.2909569e-05,-0.0062454296,-1.6707996e-05,-0.010649534,0.0168951,0.011363575,4.138406e-06,0.011369882,-0.0062454296,-2.0473535e-05,2.1680731e-05,-1.2942459e-05,-0.010649534
1.8,36,3.047923,0.75,0.0,0.98320603,-0.007492607,-2.374419e-05,0.0,0.0,0.0,0.016101947,0.01060223,1.2681488e-05,-0.0060348744,-1.6074287e-05,-0.010067071,0.016101947,0.010599298,4.361833e-06,0.010605163,-0.0060348744,-1.9641571e-05,2.1001144e-05,-1.2507004e-05,-0.010067071
1.8,36,3.0878596,0.75,0.0,0.98382914,-0.007097236,-6.039166e-05,0.0,0.0,0.0,0.015350535,0.009897733,1.2438592e-05,-0.005827189,-1.5464957e-05,-0.009523399,0.015350535,0.00989498,4.543083e-06,0.009900487,-0.005827189,-1.884508e-05,2.0334102e-05,-1.2084834e-05,-0.009523399
1.8,36,3.1277957,0.75,0.0,0.98441637,-0.0067190616,-8.226883e-05,0.0,0.0,0.0,0.0146390125,0.009247819,1.218367e-05,-0.0056234235,-1.4879581e-05,-0.009015601,0.0146390125,0.009245214,4.686788e-06,0.009250423,-0.0056234235,-1.8082885e-05,1.9680552e-05,-1.1676277e-05,-0.009015601
1.8,36,3.1677313,0.75,0.0,0.9849888,-0.0063765356,-6.84376e-05,0.0,0.0,0.0,0.013964996,0.008647881,1.1919586e-05,-0.0054240697,-1.431727e-05,-0.008540968,0.013964996,0.008645449,4.7975595e-06,0.008650313,-0.0054240697,-1.7353563e-05,1.9041612e-05,-1.1280978e-05,-0.008540968
1.8,36,3.2076683,0.75,0.0,0.98551875,-0.0060448283,-5.1800213e-05,0.0,0.0,0.0,0.013326678,0.008093447,1.1648533e-05,-0.0052297204,-1.3777621e-05,-0.008096888,0.013326678,0.008091179,4.8791826e-06,0.008095716,-0.0052297204,-1.66563e-05,1.8417883e-05,-1.089894e-05,-0.008096888
1.8,36,3.247604,0.75,0.0,0.9860306,-0.0057332017,-2.8834049e-05,0.0,0.0,0.0,0.0127219735,0.0075806705,1.1372464e-05,-0.0050407588,-1.3259467e-05,-0.007681185,0.0127219735,0.007578551,4.9351484e-06,0.0075827898,-0.0050407588,-1.5989295e-05,1.780978e-05,-1.05296385e-05,-0.007681185
1.8,36,3.28754,0.75,0.0,0.98653615,-0.0054559167,-2.4341063e-05,0.0,0.0,0.0,0.012149126,0.0071060015,1.1093106e-05,-0.0048573944,-1.2762441e-05,-0.007291698,0.012149126,0.007103996,4.968484e-06,0.0071080076,-0.0048573944,-1.535183e-05,1.7217728e-05,-1.0173051e-05,-0.007291698
1.8,36,3.3274755,0.75,0.0,0.98700017,-0.005182374,-2.7995193e-05,0.0,0.0,0.0,0.011606149,0.006666158,1.0812274e-05,-0.004679779,-1.2285585e-05,-0.006926387,0.011606149,0.0066642724,4.9823416e-06,0.0066680433,-0.004679779,-1.4742273e-05,1.6642207e-05,-9.8288965e-06,-0.006926387
1.8,36,3.367412,0.75,0.0,0.9874573,-0.0049421787,-4.0134477e-05,0.0,0.0,0.0,0.011091487,0.00625832,1.053111e-05,-0.0045080073,-1.1828008e-05,-0.006583535,0.011091487,0.00625652,4.9789774e-06,0.00626012,-0.0045080073,-1.4159637e-05,1.6083242e-05,-9.496378e-06,-0.006583535
1.8,36,3.4073482,0.75,0.0,0.987883,-0.0046788403,-1.0420444e-05,0.0,0.0,0.0,0.0106036505,0.005879796,1.0250874e-05,-0.0043421024,-1.138926e-05,-0.0062615424,0.0106036505,0.0058781127,4.960695e-06,0.005881479,-0.0043421024,-1.3602569e-05,1.5541053e-05,-9.175951e-06,-0.0062615424
1.8,36,3.4472837,0.75,0.0,0.98829246,-0.0044508316,-1.9605313e-06,0.0,0.0,0.0,0.010141092,0.0055282414,9.97255e-06,-0.004182057,-1.096826e-05,-0.0059589697,0.010141092,0.0055266526,4.9295754e-06,0.0055298298,-0.004182057,-1.30699345e-05,1.5015525e-05,-8.866585e-06,-0.0059589697
1.8,36,3.4872208,0.75,0.0,0.98867947,-0.004221671,-1.8350807e-05,0.0,0.0,0.0,0.009702189,0.0052014175,9.696833e-06,-0.0040278505,-1.056471e-05,-0.0056743235,0.009702189,0.0051999195,4.8873762e-06,0.0052029155,-0.0040278505,-1.256093e-05,1.450629e-05,-8.568489e-06,-0.0056743235
1.8,36,3.5271568,0.75,0.0,0.98905826,-0.004022685,-1.7820845e-05,0.0,0.0,0.0,0.0092858,0.0048973495,9.42467e-06,-0.0038793487,-1.0177589e-05,-0.0054064267,0.0092858,0.004895941,4.8355814e-06,0.0048987577,-0.0038793487,-1.2074288e-05,1.4013759e-05,-8.280889e-06,-0.0054064267
1.8,36,3.567092,0.75,0.0,0.98942024,-0.0038371885,-1.5334525e-05,0.0,0.0,0.0,0.008890626,0.0046142084,9.156451e-06,-0.0037364622,-9.806339e-06,-0.005154149,0.008890626,0.004612871,4.7757767e-06,0.0046155457,-0.0037364622,-1.1609068e-05,1.3537125e-05,-8.003612e-06,-0.005154149
1.8,36,3.607029,0.75,0.0,0.98976725,-0.003660149,-1.5337595e-05,0.0,0.0,0.0,0.008515381,0.004350396,8.892752e-06,-0.0035990472,-9.450301e-06,-0.0049163247,0.008515381,0.0043491507,4.7091257e-06,0.0043516415,-0.0035990472,-1.1164166e-05,1.3076377e-05,-7.736437e-06,-0.0049163247
1.8,36,3.646965,0.75,0.0,0.99009985,-0.0034922622,-1.5106052e-05,0.0,0.0,0.0,0.008159,0.0041043735,8.634099e-06,-0.0034669796,-9.108852e-06,-0.004692035,0.008159,0.0041031893,4.6368013e-06,0.0041055577,-0.0034669796,-1.0738742e-05,1.2631396e-05,-7.4789627e-06,-0.004692035
1.8,36,3.686901,0.75,0.0,0.99040544,-0.0033290242,-1.551486e-05,0.0,0.0,0.0,0.007820452,0.0038747797,8.380603e-06,-0.0033400732,-8.781339e-06,-0.004480381,0.007820452,0.003873623,4.559695e-06,0.0038759366,-0.0033400732,-1.0331919e-05,1.220151e-05,-7.2307585e-06,-0.004480381
1.8,36,3.7268372,0.75,0.0,0.99071133,-0.0031802824,-1.5186621e-05,0.0,0.0,0.0,0.007498664,0.0036603515,8.132756e-06,-0.0032181852,-8.467198e-06,-0.0042804927,0.007498664,0.0036592965,4.4788453e-06,0.0036614062,-0.0032181852,-9.942756e-06,1.17866675e-05,-6.99164e-06,-0.0042804927
1.8,36,3.7667732,0.75,0.0,0.99100995,-0.003055588,-1.8075187e-05,0.0,0.0,0.0,0.007192783,0.00345995,7.890648e-06,-0.0031011566,-8.165818e-06,-0.0040916014,0.007192783,0.0034588936,4.3948676e-06,0.003461006,-0.0031011566,-9.570332e-06,1.1386428e-05,-6.7613055e-06,-0.0040916014
1.8,36,3.8067093,0.75,0.0,0.991279,-0.0029159673,-1.6318902e-05,0.0,0.0,0.0,0.006901773,0.0032725185,7.654429e-06,-0.0029887964,-7.876586e-06,-0.00391301,0.006901773,0.0032715527,4.308539e-06,0.0032734843,-0.0029887964,-9.214066e-06,1.1000319e-05,-6.539106e-06,-0.00391301
1.8,36,3.8466454,0.75,0.0,0.9915549,-0.002805475,-1.27123385e-05,0.0,0.0,0.0,0.006625001,0.003097107,7.424209e-06,-0.002880977,-7.5990606e-06,-0.0037440166,0.006625001,0.0030961975,4.2204692e-06,0.0030980164,-0.002880977,-8.873073e-06,1.06279485e-05,-6.325048e-06,-0.0037440166
1.8,36,3.8865814,0.75,0.0,0.991814,-0.0026853983,-1.25355255e-05,0.0,0.0,0.0,0.006361543,0.0029328107,7.200022e-06,-0.002777478,-7.3328674e-06,-0.0035840736,0.006361543,0.0029319478,4.1310764e-06,0.0029336738,-0.002777478,-8.546775e-06,1.0268968e-05,-6.11896e-06,-0.0035840736
1.8,36,3.9265175,0.75,0.0,0.9920631,-0.0025715982,-1.2054253e-05,0.0,0.0,0.0,0.006110706,0.0027788393,6.9819043e-06,-0.0026781603,-7.077357e-06,-0.0034325446,0.006110706,0.002778007,4.040928e-06,0.002779672,-0.0026781603,-8.234346e-06,9.92288e-06,-5.9203685e-06,-0.0034325446
1.8,36,3.9664536,0.75,0.0,0.99229836,-0.002458734,-1.5939213e-05,0.0,0.0,0.0,0.005871818,0.0026344177,6.769987e-06,-0.002582865,-6.832056e-06,-0.0032889543,0.005871818,0.0026336447,3.950404e-06,0.0026351907,-0.002582865,-7.935263e-06,9.58957e-06,-5.7288485e-06,-0.0032889543
1.8,36,4.0063896,0.75,0.0,0.99253035,-0.0023654029,-2.2892476e-05,0.0,0.0,0.0,0.005644246,0.0024989077,6.564075e-06,-0.0024914125,-6.5965423e-06,-0.0031527686,0.005644246,0.0024981652,3.859796e-06,0.0024996502,-0.0024914125,-7.648712e-06,9.268355e-06,-5.5443725e-06,-0.0031527686
1.8,36,4.0463257,0.75,0.0,0.99274707,-0.0022620126,-1.7998227e-05,0.0,0.0,0.0,0.0054272586,0.0023716383,6.3641064e-06,-0.0024036686,-6.3704756e-06,-0.0030235674,0.0054272586,0.0023709286,3.769504e-06,0.002372348,-0.0024036686,-7.374294e-06,8.958708e-06,-5.366657e-06,-0.0030235674
1.8,36,4.0862617,0.75,0.0,0.99296194,-0.0021800345,-9.901061e-06,0.0,0.0,0.0,0.005220387,0.0022520628,6.1701553e-06,-0.0023194747,-6.1533447e-06,-0.0029009143,0.005220387,0.0022513922,3.6797248e-06,0.0022527333,-0.0023194747,-7.1113873e-06,8.660586e-06,-5.1953016e-06,-0.0029009143
1.8,36,4.126198,0.75,0.0,0.9931536,-0.0021226257,1.3234523e-05,0.0,0.0,0.0,0.0050230874,0.0021396335,5.9820263e-06,-0.0022386753,-5.9448003e-06,-0.0027843963,0.0050230874,0.0021390081,3.590683e-06,0.002140259,-0.0022386753,-6.8594213e-06,8.373369e-06,-5.0301796e-06,-0.0027843963
1.8,36,4.166134,0.75,0.0,0.99335045,-0.002038064,1.2331139e-05,0.0,0.0,0.0,0.0048348377,0.002033865,5.7996645e-06,-0.0021611273,-5.7445004e-06,-0.0026736918,0.0048348377,0.0020332588,3.5026349e-06,0.0020344711,-0.0021611273,-6.6179305e-06,8.096694e-06,-4.8710704e-06,-0.0026736918
1.8,36,4.206071,0.75,0.0,0.9934994,-0.001975027,1.1925831e-05,0.0,0.0,0.0,0.0046550967,0.0019342843,5.622972e-06,-0.0020866964,-5.5519395e-06,-0.0025684196,0.0046550967,0.0019337146,3.4156724e-06,0.0019348541,-0.0020866964,-6.386341e-06,7.830272e-06,-4.717538e-06,-0.0025684196
1.8,36,4.246006,0.75,0.0,0.9936831,-0.0018978299,1.1493115e-05,0.0,0.0,0.0,0.0044835457,0.0018405074,5.451791e-06,-0.0020152628,-5.366998e-06,-0.0024682973,0.0044835457,0.0018399704,3.3299837e-06,0.0018410444,-0.0020152628,-6.1643527e-06,7.573598e-06,-4.569643e-06,-0.0024682973
1.8,36,4.285942,0.75,0.0,0.99383277,-0.0018122966,-9.119411e-06,0.0,0.0,0.0,0.0043196534,0.0017521165,5.2860037e-06,-0.0019466615,-5.18924e-06,-0.002372984,0.0043196534,0.0017515975,3.2456487e-06,0.0017526356,-0.0019466615,-5.951362e-06,7.3263586e-06,-4.427118e-06,-0.002372984
1.8,36,4.325879,0.75,0.0,0.99400455,-0.001742549,-8.923261e-06,0.0,0.0,0.0,0.004163051,0.001668761,5.1255906e-06,-0.001880822,-5.018325e-06,-0.0022822374,0.004163051,0.0016682694,3.162807e-06,0.0016692526,-0.001880822,-5.7470857e-06,7.0883743e-06,-4.289564e-06,-0.0022822374
1.8,36,4.365814,0.75,0.0,0.99417,-0.0016761203,-8.730007e-06,0.0,0.0,0.0,0.00401337,0.0015901201,4.9702257e-06,-0.001817575,-4.8540523e-06,-0.0021957797,0.00401337,0.0015896357,3.0814438e-06,0.0015906044,-0.001817575,-5.5510327e-06,6.859008e-06,-4.1570715e-06,-0.0021957797
1.8,36,4.4057503,0.75,0.0,0.9943294,-0.0016149823,-1.1709092e-05,0.0,0.0,0.0,0.0038702288,0.0015158814,4.8200286e-06,-0.0017568518,-4.6960395e-06,-0.002113386,0.0038702288,0.001515431,3.001706e-06,0.0015163317,-0.0017568518,-5.3629005e-06,6.6383514e-06,-4.0291784e-06,-0.002113386
1.8,36,4.4456873,0.75,0.0,0.9944833,-0.0015544157,-1.1605066e-05,0.0,0.0,0.0,0.0037333206,0.0014457577,4.6745795e-06,-0.0016985091,-4.5440875e-06,-0.002034813,0.0037333206,0.0014453278,2.9236437e-06,0.0014461876,-0.0016985091,-5.1822853e-06,6.4255155e-06,-3.90589e-06,-0.002034813
1.8,36,4.4856234,0.75,0.0,0.9946317,-0.0014968116,-1.1315038e-05,0.0,0.0,0.0,0.003602369,0.0013794804,4.533977e-06,-0.0016424633,-4.39785e-06,-0.0019598806,0.003602369,0.0013790731,2.8473053e-06,0.0013798876,-0.0016424633,-5.0088033e-06,6.2206486e-06,-3.7868967e-06,-0.0019598806
1.8,36,4.5255585,0.75,0.0,0.9947747,-0.0014438814,-8.163748e-06,0.0,0.0,0.0,0.003476999,0.0013168256,4.397957e-06,-0.0015886114,-4.2572015e-06,-0.0018883479,0.003476999,0.0013164408,2.7726448e-06,0.0013172105,-0.0015886114,-4.8422653e-06,6.0232696e-06,-3.6721376e-06,-0.0018883479
1.8,36,4.5654955,0.75,0.0,0.9949134,-0.0013933014,-5.5381997e-06,0.0,0.0,0.0,0.0033569147,0.0012575481,4.266446e-06,-0.0015368669,-4.1218314e-06,-0.0018200759,0.0033569147,0.00125718,2.6997586e-06,0.0012579161,-0.0015368669,-4.682248e-06,5.833133e-06,-3.5614148e-06,-0.0018200759
1.8,36,4.6054316,0.75,0.0,0.99504566,-0.0013413151,-3.7112063e-06,0.0,0.0,0.0,0.0032419378,0.0012014392,4.1392573e-06,-0.0014871077,-3.9915535e-06,-0.0017548206,0.0032419378,0.0012010871,2.6285625e-06,0.0012017911,-0.0014871077,-4.528516e-06,5.649952e-06,-3.454591e-06,-0.0017548206
1.8,36,4.6453667,0.75,0.0,0.9951752,-0.00129559,-5.937399e-06,0.0,0.0,0.0,0.003131766,0.0011483093,4.016287e-06,-0.0014392734,-3.8661283e-06,-0.0016924967,0.003131766,0.0011479676,2.5591492e-06,0.001148651,-0.0014392734,-4.380765e-06,5.4734255e-06,-3.3514912e-06,-0.0016924967
1.8,36,4.6853037,0.75,0.0,0.9952983,-0.0012477352,-7.4482577e-06,0.0,0.0,0.0,0.0030261807,0.0010979692,3.8974126e-06,-0.0013932814,-3.7453224e-06,-0.0016329126,0.0030261807,0.0010976531,2.4914818e-06,0.0010982854,-0.0013932814,-4.2387114e-06,5.303343e-06,-3.251933e-06,-0.0016329126
1.8,36,4.7252398,0.75,0.0,0.99541867,-0.0012038397,-7.278119e-06,0.0,0.0,0.0,0.0029249704,0.0010502603,3.782492e-06,-0.001349039,-3.6289875e-06,-0.0015759183,0.0029249704,0.0010499554,2.425511e-06,0.0010505652,-0.001349039,-4.102153e-06,5.139473e-06,-3.1558222e-06,-0.0015759183
1.8,36,4.765176,0.75,0.0,0.9955349,-0.0011619567,-7.126629e-06,0.0,0.0,0.0,0.0028278842,0.001005018,3.6713373e-06,-0.001306487,-3.516962e-06,-0.0015214112,0.0028278842,0.0010047193,2.3612508e-06,0.0010053167,-0.001306487,-3.970841e-06,4.981424e-06,-3.0630827e-06,-0.0015214112
1.8,36,4.805112,0.75,0.0,0.9956473,-0.0011218825,-6.9808166e-06,0.0,0.0,0.0,0.0027347503,0.0009620839,3.5638886e-06,-0.0012655371,-3.4089917e-06,-0.0014692198,0.0027347503,0.00096180366,2.2986994e-06,0.00096236414,-0.0012655371,-3.8444678e-06,4.8290776e-06,-2.9735154e-06,-0.0014692198
1.8,36,4.845048,0.75,0.0,0.9957559,-0.0010835186,-6.8356194e-06,0.0,0.0,0.0,0.002645403,0.00092133967,3.459994e-06,-0.0012261319,-3.3049594e-06,-0.0014192626,0.002645403,0.0009210718,2.2377794e-06,0.00092160754,-0.0012261319,-3.7229547e-06,4.682209e-06,-2.886964e-06,-0.0014192626
1.8,36,4.884984,0.75,0.0,0.99586105,-0.001045765,-8.00738e-06,0.0,0.0,0.0,0.002559597,0.0008826477,3.359588e-06,-0.0011881905,-3.2047042e-06,-0.0013714002,0.002559597,0.00088238565,2.178538e-06,0.0008829097,-0.0011881905,-3.605978e-06,4.540638e-06,-2.8034306e-06,-0.0013714002
1.8,36,4.92492,0.75,0.0,0.9959628,-0.0010106001,-7.841747e-06,0.0,0.0,0.0,0.0024772224,0.00084588584,3.2625098e-06,-0.0011516733,-3.1080576e-06,-0.0013255492,0.0024772224,0.0008456363,2.1209241e-06,0.0008461353,-0.0011516733,-3.4934087e-06,4.4040958e-06,-2.7227065e-06,-0.0013255492
1.8,36,4.964856,0.75,0.0,0.99606127,-0.0009769411,-7.6625865e-06,0.0,0.0,0.0,0.002398088,0.0008109537,3.1686477e-06,-0.001116504,-3.0148565e-06,-0.0012815886,0.002398088,0.00081072457,2.0648738e-06,0.00081118284,-0.001116504,-3.3849888e-06,4.272422e-06,-2.6447242e-06,-0.0012815886
1.8,36,5.004792,0.75,0.0,0.9961565,-0.000943671,-6.278949e-06,0.0,0.0,0.0,0.0023220866,0.0007777324,3.0778851e-06,-0.0010826337,-2.9250054e-06,-0.0012394567,0.0023220866,0.0007775084,2.0103714e-06,0.0007779564,-0.0010826337,-3.280638e-06,4.145399e-06,-2.569373e-06,-0.0012394567
1.8,36,5.0447283,0.75,0.0,0.9962488,-0.00091270835,-6.1542273e-06,0.0,0.0,0.0,0.0022490213,0.0007461358,2.990168e-06,-0.0010499931,-2.8383238e-06,-0.0011990268,0.0022490213,0.00074592035,1.957439e-06,0.0007463512,-0.0010499931,-3.1800864e-06,4.022897e-06,-2.4965611e-06,-0.0011990268
1.8,36,5.0846643,0.75,0.0,0.9963381,-0.0008830121,-6.034104e-06,0.0,0.0,0.0,0.00217879,0.0007160646,2.9053124e-06,-0.0010185573,-2.754718e-06,-0.0011602396,0.00217879,0.0007158573,1.9059663e-06,0.0007162718,-0.0010185573,-3.0832236e-06,3.9046586e-06,-2.4262126e-06,-0.0011602396
1.8,36,5.1246004,0.75,0.0,0.9964246,-0.0008545118,-5.914033e-06,0.0,0.0,0.0,0.0021112454,0.0006874337,2.8232196e-06,-0.0009882384,-2.6740347e-06,-0.0011230158,0.0021112454,0.0006872364,1.8559524e-06,0.000687631,-0.0009882384,-2.98991e-06,3.7904867e-06,-2.3581595e-06,-0.0011230158
1.8,36,5.1645374,0.75,0.0,0.9965085,-0.0008271371,-5.8802248e-06,0.0,0.0,0.0,0.0020462896,0.00066017103,2.7438764e-06,-0.0009590228,-2.5961747e-06,-0.0010872629,0.0020462896,0.00065998617,1.8073424e-06,0.0006603559,-0.0009590228,-2.899983e-06,3.6804106e-06,-2.2923664e-06,-0.0010872629
1.8,36,5.2044725,0.75,0.0,0.9965897,-0.00080087647,-5.8604855e-06,0.0,0.0,0.0,0.001983795,0.00063419377,2.6671262e-06,-0.0009308561,-2.5210074e-06,-0.0010529294,0.001983795,0.0006340174,1.7601523e-06,0.0006343702,-0.0009308561,-2.8132615e-06,3.5741002e-06,-2.2287536e-06,-0.0010529294
1.8,36,5.2444086,0.75,0.0,0.9966686,-0.0007769674,-6.8200675e-06,0.0,0.0,0.0,0.0019236321,0.00060943345,2.5928884e-06,-0.0009036861,-2.448448e-06,-0.0010199429,0.0019236321,0.0006092627,1.7143172e-06,0.00060960423,-0.0009036861,-2.7296617e-06,3.4714599e-06,-2.167234e-06,-0.0010199429
1.8,36,5.2843456,0.75,0.0,0.996745,-0.0007526623,-6.6018483e-06,0.0,0.0,0.0,0.0018657086,0.00058582413,2.5210463e-06,-0.0008774772,-2.3783782e-06,-0.0009882397,0.0018657086,0.00058565766,1.6697726e-06,0.00058599067,-0.0008774772,-2.6490382e-06,3.37232e-06,-2.1077185e-06,-0.0009882397
1.8,36,5.3242807,0.75,0.0,0.9968191,-0.0007293191,-6.465133e-06,0.0,0.0,0.0,0.0018099617,0.00056330627,2.4515998e-06,-0.0008521985,-2.3107193e-06,-0.00095775403,0.0018099617,0.0005631496,1.6265353e-06,0.00056346296,-0.0008521985,-2.5712814e-06,3.2766645e-06,-2.0501573e-06,-0.00095775403
1.8,36,5.364217,0.75,0.0,0.99689096,-0.00070687546,-6.332485e-06,0.0,0.0,0.0,0.0017562367,0.00054182,2.3843916e-06,-0.00082780054,-2.2453555e-06,-0.00092843844,0.0017562367,0.0005416718,1.5845471e-06,0.0005419682,-0.00082780054,-2.4962558e-06,3.184236e-06,-1.9944553e-06,-0.00092843844
1.8,36,5.404154,0.75,0.0,0.9969607,-0.00068529136,-6.2022086e-06,0.0,0.0,0.0,0.001704481,0.0005213091,2.3193352e-06,-0.00080425007,-2.182196e-06,-0.00090023637,0.001704481,0.0005211665,1.543769e-06,0.0005214517,-0.00080425007,-2.4238395e-06,3.0949016e-06,-1.9405525e-06,-0.00090023637
1.8,36,5.44409,0.75,0.0,0.99702835,-0.00066451693,-6.0759344e-06,0.0,0.0,0.0,0.0016546125,0.0005017229,2.2564068e-06,-0.000781513,-2.1211677e-06,-0.00087309873,0.0016546125,0.0005015853,1.5041838e-06,0.0005018605,-0.000781513,-2.3539842e-06,3.0086296e-06,-1.8883513e-06,-0.00087309873
1.8,36,5.484025,0.75,0.0,0.9970941,-0.0006438448,-6.0670764e-06,0.0,0.0,0.0,0.0016065433,0.00048301578,2.1954777e-06,-0.0007595583,-2.0621978e-06,-0.00084697996,0.0016065433,0.000482882,1.4657246e-06,0.00048314955,-0.0007595583,-2.2865165e-06,2.9252308e-06,-1.8378789e-06,-0.00084697996
1.8,36,5.523962,0.75,0.0,0.9971579,-0.0006246255,-5.9442737e-06,0.0,0.0,0.0,0.0015601793,0.00046513768,2.1365147e-06,-0.00073836057,-2.0051941e-06,-0.00082182756,0.0015601793,0.00046500962,1.4284103e-06,0.00046526574,-0.00073836057,-2.2213942e-06,2.844619e-06,-1.7889942e-06,-0.00082182756
1.8,36,5.563898,0.75,0.0,0.99721986,-0.00060609635,-5.8182377e-06,0.0,0.0,0.0,0.0015154838,0.0004480482,2.0794537e-06,-0.0007178689,-1.9500615e-06,-0.00079759903,0.0015154838,0.00044792853,1.3921682e-06,0.00044816788,-0.0007178689,-2.158476e-06,2.766739e-06,-1.7416469e-06,-0.00079759903
1.8,36,5.603834,0.75,0.0,0.99728,-0.00058825046,-5.722662e-06,0.0,0.0,0.0,0.001472362,0.0004317083,2.0241664e-06,-0.00069808733,-1.8967573e-06,-0.0007742625,0.001472362,0.0004315938,1.3569622e-06,0.0004318228,-0.00069808733,-2.097718e-06,2.6913708e-06,-1.6957968e-06,-0.0007742625
1.8,36,5.64377,0.75,0.0,0.99733865,-0.0005714094,-5.6775316e-06,0.0,0.0,0.0,0.0014307406,0.00041607724,1.9706436e-06,-0.0006789708,-1.8452129e-06,-0.0007517761,0.0014307406,0.00041596388,1.3228027e-06,0.0004161906,-0.0006789708,-2.0390262e-06,2.6184846e-06,-1.6513994e-06,-0.0007517761
1.8,36,5.6837063,0.75,0.0,0.9973951,-0.0005535462,-6.4024966e-06,0.0,0.0,0.0,0.0013905877,0.00040112008,1.9188337e-06,-0.0006604765,-1.7953405e-06,-0.0007301013,0.0013905877,0.00040101458,1.2895956e-06,0.00040122558,-0.0006604765,-1.9823044e-06,2.548072e-06,-1.6083767e-06,-0.0007301013
1.8,36,5.7236423,0.75,0.0,0.99745023,-0.0005375949,-6.0879247e-06,0.0,0.0,0.0,0.0013518063,0.00038680498,1.8686665e-06,-0.0006426142,-1.7470899e-06,-0.000709195,0.0013518063,0.00038670452,1.2573904e-06,0.00038690548,-0.0006426142,-1.927492e-06,2.4799424e-06,-1.5666878e-06,-0.000709195
1.8,36,5.7635784,0.75,0.0,0.99750394,-0.00052223046,-5.963414e-06,0.0,0.0,0.0,0.0013143735,0.0003731002,1.8200585e-06,-0.0006253333,-1.7004202e-06,-0.00068903767,0.0013143735,0.00037300086,1.2261052e-06,0.00037319952,-0.0006253333,-1.8745006e-06,2.414012e-06,-1.5263398e-06,-0.00068903767
1.8,36,5.8035145,0.75,0.0,0.99755615,-0.00050861674,-4.9206537e-06,0.0,0.0,0.0,0.0012782189,0.00035997492,1.7729767e-06,-0.00060861686,-1.6552192e-06,-0.0006695914,0.0012782189,0.00035988094,1.1957461e-06,0.0003600689,-0.00060861686,-1.823247e-06,2.3502073e-06,-1.4871915e-06,-0.0006695914
1.8,36,5.8434505,0.75,0.0,0.99760675,-0.0004942733,-5.047943e-06,0.0,0.0,0.0,0.0012432889,0.00034739752,1.7273585e-06,-0.0005924544,-1.6114825e-06,-0.0006508331,0.0012432889,0.0003473081,1.1662245e-06,0.000347487,-0.0005924544,-1.773694e-06,2.2884926e-06,-1.449271e-06,-0.0006508331
1.8,36,5.8833866,0.75,0.0,0.99765617,-0.0004804497,-4.9512696e-06,0.0,0.0,0.0,0.0012095321,0.00033534702,1.6831242e-06,-0.00057681423,-1.569131e-06,-0.0006327206,0.0012095321,0.0003352614,1.1375719e-06,0.00033543268,-0.00057681423,-1.7257792e-06,2.2286765e-06,-1.4124828e-06,-0.0006327206
1.8,36,5.9233227,0.75,0.0,0.9977043,-0.00046750298,-4.889772e-06,0.0,0.0,0.0,0.0011769101,0.0003237928,1.6403033e-06,-0.0005616785,-1.5281337e-06,-0.0006152301,0.0011769101,0.00032371053,1.1097441e-06,0.0003238751,-0.0005616785,-1.6794346e-06,2.1708624e-06,-1.3768328e-06,-0.0006152301
1.8,36,5.9632587,0.75,0.0,0.99775106,-0.00045461117,-4.795513e-06,0.0,0.0,0.0,0.0011453766,0.0003127128,1.5987657e-06,-0.0005470274,-1.4884172e-06,-0.00059834507,0.0011453766,0.00031263212,1.0827122e-06,0.0003127935,-0.0005470274,-1.6345788e-06,2.1148194e-06,-1.3422557e-06,-0.00059834507
1.8,36,6.003195,0.75,0.0,0.99779654,-0.0004421976,-4.720957e-06,0.0,0.0,0.0,0.0011148877,0.00030208618,1.558514e-06,-0.0005328532,-1.4499425e-06,-0.00058204134,0.0011148877,0.00030201013,1.0564548e-06,0.0003021622,-0.0005328532,-1.5911603e-06,2.060573e-06,-1.3087247e-06,-0.00058204134
1.8,36,6.043131,0.75,0.0,0.99784076,-0.0004301629,-4.633309e-06,0.0,0.0,0.0,0.0010853974,0.00029188953,1.5194753e-06,-0.0005191171,-1.4126722e-06,-0.00056628446,0.0010853974,0.00029181648,1.0309562e-06,0.00029196255,-0.0005191171,-1.5491428e-06,2.0079942e-06,-1.2762017e-06,-0.00056628446
1.8,36,6.083067,0.75,0.0,0.99788386,-0.00041853907,-4.5458255e-06,0.0,0.0,0.0,0.0010568724,0.0002821037,1.4816414e-06,-0.00050582277,-1.3765635e-06,-0.000551063,0.0010568724,0.00028203306,1.0061711e-06,0.00028217433,-0.00050582277,-1.5084712e-06,1.9571116e-06,-1.2446559e-06,-0.000551063
1.8,36,6.123004,0.75,0.0,0.99792576,-0.0004073069,-4.4629887e-06,0.0,0.0,0.0,0.0010292806,0.00027271072,1.4449428e-06,-0.00049294095,-1.3415697e-06,-0.00053634227,0.0010292806,0.0002726435,9.821065e-07,0.00027277795,-0.00049294095,-1.469092e-06,1.907779e-06,-1.2140475e-06,-0.00053634227
1.8,36,6.162939,0.75,0.0,0.99796665,-0.00039644507,-4.3807618e-06,0.0,0.0,0.0,0.0010025775,0.00026368944,1.4093432e-06,-0.00048046175,-1.3076533e-06,-0.00052210793,0.0010025775,0.0002636255,9.587108e-07,0.00026375335,-0.00048046175,-1.4309559e-06,1.8599758e-06,-1.1843507e-06,-0.00052210793
1.8,36,6.202875,0.75,0.0,0.9980063,-0.00038473113,-3.4456175e-06,0.0,0.0,0.0,0.0009767282,0.00025502493,1.3747921e-06,-0.00046837312,-1.2747641e-06,-0.0005083556,0.0009767282,0.0002549625,9.3598493e-07,0.00025508733,-0.00046837312,-1.3940113e-06,1.8135992e-06,-1.1555169e-06,-0.0005083556
1.8,36,6.242812,0.75,0.0,0.9980461,-0.0003720513,-7.9778795e-07,0.0,0.0,0.0,0.0009516996,0.00024669728,1.3413155e-06,-0.0004566562,-1.242881e-06,-0.0004950451,0.0009516996,0.00024663802,9.13913e-07,0.00024675654,-0.0004566562,-1.3582244e-06,1.7687179e-06,-1.1275376e-06,-0.0004950451
1.8,36,6.2827473,0.75,0.0,0.9980839,-0.0003623191,-8.0327254e-07,0.0,0.0,0.0,0.00092747377,0.0002386963,1.3088033e-06,-0.0004452988,-1.2119608e-06,-0.00048216834,0.00092747377,0.00023863901,8.924319e-07,0.0002387536,-0.0004452988,-1.3235524e-06,1.7251748e-06,-1.1003692e-06,-0.00048216834
1.8,36,6.3226833,0.75,0.0,0.99812067,-0.00035290568,-8.0757775e-07,0.0,0.0,0.0,0.00090399996,0.00023100429,1.2772662e-06,-0.00043428654,-1.1819725e-06,-0.00046970954,0.00090399996,0.0002309505,8.715685e-07,0.00023105809,-0.00043428654,-1.2899516e-06,1.6829639e-06,-1.0739934e-06,-0.00046970954
1.8,36,6.3626204,0.75,0.0,0.99815655,-0.0003437864,-8.110621e-07,0.0,0.0,0.0,0.0008812589,0.00022360875,1.2466568e-06,-0.00042360916,-1.1528839e-06,-0.0004576508,0.0008812589,0.00022355416,8.512927e-07,0.00022366334,-0.00042360916,-1.257383e-06,1.6420208e-06,-1.0483847e-06,-0.0004576508
1.8,36,6.4025564,0.75,0.0,0.9981914,-0.0003349699,-8.163572e-07,0.0,0.0,0.0,0.00085923,0.00021649458,1.2169118e-06,-0.00041325536,-1.1246635e-06,-0.00044597386,0.00085923,0.0002164446,8.3156317e-07,0.00021654453,-0.00041325536,-1.2258132e-06,1.6022603e-06,-1.0235138e-06,-0.00044597386
1.8,36,6.4424915,0.75,0.0,0.9982255,-0.0003264314,-8.1824237e-07,0.0,0.0,0.0,0.0008378866,0.00020965132,1.1880697e-06,-0.00040321483,-1.0972728e-06,-0.00043467383,0.0008378866,0.00020960272,8.124075e-07,0.00020969992,-0.00040321483,-1.1952106e-06,1.5637321e-06,-9.993349e-07,-0.00043467383
1.8,36,6.4824276,0.75,0.0,0.9982587,-0.0003181599,-8.2267456e-07,0.0,0.0,0.0,0.00081719353,0.00020306738,1.1600522e-06,-0.00039347325,-1.0706933e-06,-0.0004237253,0.00081719353,0.00020302177,7.9376434e-07,0.00020311297,-0.00039347325,-1.1655222e-06,1.52634e-06,-9.758643e-07,-0.0004237253
1.8,36,6.5223646,0.75,0.0,0.99829113,-0.00031015405,-8.2504755e-07,0.0,0.0,0.0,0.0007971344,0.00019672752,1.1328539e-06,-0.00038401916,-1.0449071e-06,-0.00041311953,0.0007971344,0.00019668353,7.7565517e-07,0.0001967715,-0.00038401916,-1.1367348e-06,1.4900525e-06,-9.5307934e-07,-0.00041311953
1.8,36,6.5622997,0.75,0.0,0.9983227,-0.00030239913,-8.283056e-07,0.0,0.0,0.0,0.00077768654,0.00019062511,1.1064278e-06,-0.00037484392,-1.0198619e-06,-0.00040284303,0.00077768654,0.00019058111,7.580188e-07,0.00019066912,-0.00037484392,-1.108803e-06,1.4548368e-06,-9.309209e-07,-0.00040284303
1.8,36,6.602236,0.75,0.0,0.9983536,-0.00029488007,-8.305567e-07,0.0,0.0,0.0,0.0007588251,0.00018474818,1.0807446e-06,-0.00036593858,-9.955462e-07,-0.00039288477,0.0007588251,0.00018470727,7.4087944e-07,0.00018478908,-0.00036593858,-1.0817116e-06,1.4206098e-06,-9.093808e-07,-0.00039288477
1.8,36,6.642173,0.75,0.0,0.99838364,-0.00028759817,-8.3030295e-07,0.0,0.0,0.0,0.00074052735,0.00017908821,1.0558283e-06,-0.00035729443,-9.719373e-07,-0.00038323313,0.00074052735,0.00017904877,7.2421176e-07,0.00017912763,-0.00035729443,-1.0554278e-06,1.387445e-06,-8.884469e-07,-0.00038323313
1.8,36,6.682109,0.75,0.0,0.998413,-0.0002805358,-8.3132034e-07,0.0,0.0,0.0,0.00072277634,0.00017363537,1.0315982e-06,-0.0003489005,-9.4900076e-07,-0.00037387904,0.00072277634,0.00017359776,7.0799155e-07,0.00017367298,-0.0003489005,-1.0299132e-06,1.355205e-06,-8.680884e-07,-0.00037387904
1.8,36,6.722044,0.75,0.0,0.9984417,-0.00027368992,-8.317157e-07,0.0,0.0,0.0,0.0007055587,0.00016838001,1.0080458e-06,-0.00034075102,-9.2673133e-07,-0.00036480508,0.0007055587,0.00016834408,6.9221323e-07,0.00016841592,-0.00034075102,-1.0051508e-06,1.3238785e-06,-8.483119e-07,-0.00036480508
1.8,36,6.761981,0.75,0.0,0.99846965,-0.0002670508,-8.312352e-07,0.0,0.0,0.0,0.00068883604,0.00016331417,9.851732e-07,-0.00033283228,-9.0508985e-07,-0.00035600454,0.00068883604,0.0001632795,6.7686557e-07,0.00016334883,-0.00033283228,-9.811033e-07,1.2934808e-06,-8.290764e-07,-0.00035600454
1.8,36,6.801917,0.75,0.0,0.998497,-0.00026061665,-8.3268526e-07,0.0,0.0,0.0,0.000672614,0.00015843034,9.629182e-07,-0.00032514377,-8.84071e-07,-0.00034746845,0.000672614,0.00015839745,6.6192695e-07,0.00015846323,-0.00032514377,-9.577682e-07,1.2639094e-06,-8.1037393e-07,-0.00034746845
1.8,36,6.841853,0.75,0.0,0.99852365,-0.0002543662,-8.3436146e-07,0.0,0.0,0.0,0.0006568626,0.0001537214,9.412978e-07,-0.00031767308,-8.636334e-07,-0.00033918853,0.0006568626,0.0001536894,6.473835e-07,0.00015375338,-0.00031767308,-9.3510283e-07,1.235212e-06,-7.921639e-07,-0.00033918853
1.8,36,6.881789,0.75,0.0,0.99855095,-0.0002493377,7.2518026e-07,0.0,0.0,0.0,0.0006415689,0.00014917974,9.2028114e-07,-0.00031041517,-8.437747e-07,-0.00033115328,0.0006415689,0.00014914926,6.332358e-07,0.00014921025,-0.00031041517,-9.1308533e-07,1.2073265e-06,-7.7446407e-07,-0.00033115328
1.8,36,6.9217253,0.75,0.0,0.99857634,-0.00024343969,6.960008e-07,0.0,0.0,0.0,0.00062671496,0.00014479793,8.9983916e-07,-0.00030335912,-8.2447434e-07,-0.0003233579,0.00062671496,0.00014476794,6.19476e-07,0.00014482792,-0.00030335912,-8.917085e-07,1.1802023e-06,-7.572401e-07,-0.0003233579
1.8,36,6.9616613,0.75,0.0,0.9986019,-0.00023589493,-1.0401636e-06,0.0,0.0,0.0,0.000612284,0.00014056975,8.7994886e-07,-0.00029650106,-8.0572084e-07,-0.00031578753,0.000612284,0.00014054179,6.060486e-07,0.00014059772,-0.00029650106,-8.709385e-07,1.1538491e-06,-7.405032e-07,-0.00031578753
1.8,36,7.0015974,0.75,0.0,0.9986261,-0.00023061005,-1.1174909e-06,0.0,0.0,0.0,0.00059826765,0.00013648829,8.606105e-07,-0.0002898342,-7.87472e-07,-0.00030843657,0.00059826765,0.0001364611,5.929999e-07,0.00013651547,-0.0002898342,-8.507482e-07,1.1282211e-06,-7.2419573e-07,-0.00030843657
1.8,36,7.0415335,0.75,0.0,0.99864984,-0.00022524965,-1.1082948e-06,0.0,0.0,0.0,0.0005846491,0.00013254912,8.417983e-07,-0.00028335018,-7.697272e-07,-0.00030129755,0.0005846491,0.00013252259,5.8029616e-07,0.00013257563,-0.00028335018,-8.311292e-07,1.1033004e-06,-7.083251e-07,-0.00030129755
1.8,36,7.0814695,0.75,0.0,0.9986731,-0.0002204671,-8.316059e-07,0.0,0.0,0.0,0.0005714176,0.00012874564,8.234862e-07,-0.0002770478,-7.5247317e-07,-0.00029436752,0.0005714176,0.0001287206,5.6790606e-07,0.00012877068,-0.0002770478,-8.1206326e-07,1.0790662e-06,-6.9288313e-07,-0.00029436752
1.8,36,7.1214056,0.75,0.0,0.9986957,-0.00021540168,-8.2592953e-07,0.0,0.0,0.0,0.00055855827,0.0001250729,8.0566e-07,-0.00027091973,-7.356908e-07,-0.0002876341,0.00055855827,0.00012504976,5.5585963e-07,0.00012509603,-0.00027091973,-7.935361e-07,1.0554604e-06,-6.7784543e-07,-0.0002876341
1.8,36,7.1613417,0.75,0.0,0.99871767,-0.00021000639,-1.1802631e-06,0.0,0.0,0.0,0.0005460469,0.000121523546,7.883414e-07,-0.00026495484,-7.193604e-07,-0.00028109495,0.0005460469,0.00012150047,5.4411544e-07,0.000121546625,-0.00026495484,-7.755165e-07,1.0325674e-06,-6.632042e-07,-0.00028109495
1.8,36,7.2012777,0.75,0.0,0.9987393,-0.0002052383,-1.1681653e-06,0.0,0.0,0.0,0.00053388963,0.00011809603,7.714559e-07,-0.00025915506,-7.034756e-07,-0.00027473766,0.00053388963,0.00011807461,5.3267235e-07,0.00011811745,-0.00025915506,-7.5799915e-07,1.0102395e-06,-6.4895215e-07,-0.00027473766
1.8,36,7.241214,0.75,0.0,0.99876034,-0.00020060017,-1.1532172e-06,0.0,0.0,0.0,0.0005220642,0.00011478292,7.5504227e-07,-0.00025351113,-6.880199e-07,-0.0002685597,0.0005220642,0.00011476226,5.215363e-07,0.00011480358,-0.00025351113,-7.409657e-07,9.885482e-07,-6.3507406e-07,-0.0002685597
1.8,36,7.28115,0.75,0.0,0.998781,-0.00019609217,-1.1132269e-06,0.0,0.0,0.0,0.0005105685,0.00011158116,7.3904783e-07,-0.0002480192,-6.7297515e-07,-0.00026255328,0.0005105685,0.00011156154,5.1068037e-07,0.00011160078,-0.0002480192,-7.24393e-07,9.674153e-07,-6.2155726e-07,-0.00026255328
1.8,36,7.321086,0.75,0.0,0.99880236,-0.00019283283,-2.2254185e-06,0.0,0.0,0.0,0.0004993848,0.000108486565,7.234804e-07,-0.00024267138,-6.5833586e-07,-0.00025671453,0.0004993848,0.0001084676,5.0009925e-07,0.00010850554,-0.00024267138,-7.0828e-07,9.468616e-07,-6.083917e-07,-0.00025671453
1.8,36,7.361023,0.75,0.0,0.9988221,-0.00018855155,-2.194429e-06,0.0,0.0,0.0,0.00048850826,0.00010549361,7.083165e-07,-0.0002374678,-6.440795e-07,-0.00025104143,0.00048850826,0.00010547514,4.8977927e-07,0.000105512074,-0.0002374678,-6.9259096e-07,9.2685383e-07,-5.9556794e-07,-0.00025104143
1.8,36,7.400958,0.75,0.0,0.9988414,-0.0001844121,-2.215582e-06,0.0,0.0,0.0,0.00047792232,0.000102599166,6.935449e-07,-0.00023240216,-6.3019877e-07,-0.00024551913,0.00047792232,0.00010258153,4.797403e-07,0.0001026168,-0.00023240216,-6.773361e-07,9.073495e-07,-5.830615e-07,-0.00024551913
1.8,36,7.440894,0.75,0.0,0.9988603,-0.0001803616,-2.185455e-06,0.0,0.0,0.0,0.0004676206,9.980035e-05,6.7916073e-07,-0.0002274688,-6.166879e-07,-0.00024015027,0.0004676206,9.978335e-05,4.6994737e-07,9.9817364e-05,-0.0002274688,-6.624878e-07,8.8837413e-07,-5.70888e-07,-0.00024015027
1.8,36,7.480831,0.75,0.0,0.9988789,-0.00017650246,-2.0729574e-06,0.0,0.0,0.0,0.00045759295,9.709217e-05,6.6514485e-07,-0.00022266607,-6.0352954e-07,-0.00023492759,0.00045759295,9.707633e-05,4.604003e-07,9.7108e-05,-0.00022266607,-6.480417e-07,8.698894e-07,-5.5901734e-07,-0.00023492759
1.8,36,7.520767,0.75,0.0,0.99889696,-0.00017267285,-2.041803e-06,0.0,0.0,0.0,0.00044783403,9.447207e-05,6.515068e-07,-0.00021799016,-5.90714e-07,-0.0002298453,0.00044783403,9.445681e-05,4.5109434e-07,9.448733e-05,-0.00021799016,-6.3397215e-07,8.5191925e-07,-5.474559e-07,-0.0002298453
1.8,36,7.5607023,0.75,0.0,0.9989147,-0.00016881089,-2.1960614e-06,0.0,0.0,0.0,0.00043833206,9.1936345e-05,6.381882e-07,-0.00021343098,-5.7822837e-07,-0.00022490147,0.00043833206,9.192109e-05,4.420108e-07,9.19516e-05,-0.00021343098,-6.202817e-07,8.343656e-07,-5.3617504e-07,-0.00022490147
1.8,36,7.6006393,0.75,0.0,0.998932,-0.00016519136,-2.1655471e-06,0.0,0.0,0.0,0.0004290798,8.948179e-05,6.2523173e-07,-0.00020899353,-5.660704e-07,-0.00022008883,0.0004290798,8.946754e-05,4.3316015e-07,8.9496054e-05,-0.00020899353,-6.069468e-07,8.173033e-07,-5.2519397e-07,-0.00022008883
1.8,36,7.6405754,0.75,0.0,0.99894893,-0.000161657,-2.1331182e-06,0.0,0.0,0.0,0.00042006993,8.710529e-05,6.1259215e-07,-0.00020466906,-5.5422174e-07,-0.00021540446,0.00042006993,8.709191e-05,4.245213e-07,8.711867e-05,-0.00020466906,-5.939706e-07,8.0066303e-07,-5.144729e-07,-0.00021540446
1.8,36,7.6805105,0.75,0.0,0.99896556,-0.00015822564,-2.1012165e-06,0.0,0.0,0.0,0.0004112986,8.480462e-05,6.002758e-07,-0.00020045383,-5.426765e-07,-0.00021084386,0.0004112986,8.47917e-05,4.1610565e-07,8.481753e-05,-0.00020045383,-5.813236e-07,7.84446e-07,-5.0402946e-07,-0.00021084386
1.8,36,7.7204475,0.75,0.0,0.9989818,-0.00015487564,-2.0709276e-06,0.0,0.0,0.0,0.00040274978,8.257607e-05,5.882659e-07,-0.00019634543,-5.3142276e-07,-0.00020640188,0.00040274978,8.256394e-05,4.0789445e-07,8.25882e-05,-0.00019634543,-5.6900456e-07,7.6863734e-07,-4.938409e-07,-0.00020640188
1.8,36,7.7603836,0.75,0.0,0.99899775,-0.00015162621,-2.0427594e-06,0.0,0.0,0.0,0.0003944227,8.0417725e-05,5.765582e-07,-0.00019234102,-5.2045516e-07,-0.00020207859,0.0003944227,8.0406666e-05,3.9988004e-07,8.042878e-05,-0.00019234102,-5.570062e-07,7.5323635e-07,-4.839041e-07,-0.00020207859
1.8,36,7.8003197,0.75,0.0,0.99901325,-0.00014845756,-2.01495e-06,0.0,0.0,0.0,0.0003863066,7.832683e-05,5.6514597e-07,-0.00018844199,-5.097687e-07,-0.00019786727,0.0003863066,7.83162e-05,3.920648e-07,7.8337456e-05,-0.00018844199,-5.453286e-07,7.3822713e-07,-4.7420883e-07,-0.00019786727
1.8,36,7.8402557,0.75,0.0,0.99902856,-0.00014536541,-1.988292e-06,0.0,0.0,0.0,0.0003784022,7.6300814e-05,5.5401165e-07,-0.00018463853,-4.993483e-07,-0.0001937645,0.0003784022,7.6290184e-05,3.8443957e-07,7.6311444e-05,-0.00018463853,-5.3394086e-07,7.235837e-07,-4.6475574e-07,-0.0001937645
1.8,36,7.880192,0.75,0.0,0.99904346,-0.00014236123,-1.960092e-06,0.0,0.0,0.0,0.00037069604,7.4337455e-05,5.4313523e-07,-0.00018092734,-4.89189e-07,-0.00018976828,0.00037069604,7.432784e-05,3.7698686e-07,7.434706e-05,-0.00018092734,-5.2284565e-07,7.0928365e-07,-4.5553236e-07,-0.00018976828
1.8,36,7.920128,0.75,0.0,0.9990581,-0.00013942739,-1.9298602e-06,0.0,0.0,0.0,0.0003631833,7.2434035e-05,5.3255377e-07,-0.00017731033,-4.792781e-07,-0.00018587474,0.0003631833,7.242445e-05,3.6972338e-07,7.2443625e-05,-0.00017731033,-5.120303e-07,6.9538413e-07,-4.4652595e-07,-0.00018587474
1.8,36,7.960064,0.75,0.0,0.9990725,-0.00013657272,-1.9030041e-06,0.0,0.0,0.0,0.0003558645,7.0589595e-05,5.2222504e-07,-0.00017378334,-4.6962174e-07,-0.00018208014,0.0003558645,7.058096e-05,3.6263913e-07,7.0598224e-05,-0.00017378334,-5.0149066e-07,6.81811e-07,-4.377528e-07,-0.00018208014
1.8,36,8.0,0.75,0.0,0.9990865,-0.0001337903,-1.8820277e-06,0.0,0.0,0.0,0.0003487247,6.880051e-05,5.121381e-07,-0.00017034018,-4.601977e-07,-0.00017838269,0.0003487247,6.87915e-05,3.557092e-07,6.880952e-05,-0.00017034018,-4.912142e-07,6.68567e-07,-4.2918117e-07,-0.00017838269
2.4,48,-4.5,0.75,0.0,0.99568737,0.0010538746,-1.4458271e-06,0.0,0.0,0.0,-0.0026960762,0.00090539455,-8.1671897e-07,0.0012555019,1.0687461e-06,0.0014405792,-0.0026960762,0.00090567383,-8.061196e-07,0.00090511533,0.0012555019,7.933412e-07,-8.273184e-07,1.344151e-06,0.0014405792
2.4,48,-4.460064,0.75,0.0,0.9955802,0.0010898126,-1.5222598e-06,0.0,0.0,0.0,-0.002785062,0.0009441215,-8.551143e-07,0.0012951657,1.1001907e-06,0.001489903,-0.002785062,0.00094441575,-8.412368e-07,0.0009438273,0.0012951657,8.1484154e-07,-8.6899183e-07,1.3855399e-06,0.001489903
2.4,48,-4.420128,0.75,0.0,0.99546945,0.0011272944,-1.6167455e-06,0.0,0.0,0.0,-0.002877644,0.0009848322,-8.9538435e-07,0.0013363333,1.1328306e-06,0.0015413222,-0.002877644,0.000985137,-8.780728e-07,0.0009845274,0.0013363333,8.3709205e-07,-9.126959e-07,1.428569e-06,0.0015413222
2.4,48,-4.380192,0.75,0.0,0.99535507,0.0011663926,-1.713614e-06,0.0,0.0,0.0,-0.0029740732,0.0010276532,-9.3756535e-07,0.001379116,1.166712e-06,0.0015949798,-0.0029740732,0.0010279667,-9.1663196e-07,0.0010273398,0.001379116,8.601285e-07,-9.584987e-07,1.4732954e-06,0.0015949798
2.4,48,-4.3402557,0.75,0.0,0.9952369,0.0012071896,-1.8148414e-06,0.0,0.0,0.0,-0.0030744877,0.0010727206,-9.818496e-07,0.0014235605,1.2018932e-06,0.0016509556,-0.0030744877,0.0010730415,-9.5704e-07,0.0010723997,0.0014235605,8.8397314e-07,-1.0066591e-06,1.5198133e-06,0.0016509556
2.4,48,-4.3003197,0.75,0.0,0.9951147,0.0012498237,-1.960562e-06,0.0,0.0,0.0,-0.0031791274,0.0011201686,-1.0281701e-06,0.0014697306,1.2384398e-06,0.0017094399,-0.0031791274,0.0011205054,-9.993915e-07,0.0011198318,0.0014697306,9.086789e-07,-1.0569486e-06,1.5682008e-06,0.0017094399
2.4,48,-4.2603836,0.75,0.0,0.99498826,0.0012943604,-2.2256881e-06,0.0,0.0,0.0,-0.003288197,0.0011701297,-1.076771e-06,0.0015177424,1.2764232e-06,0.0017704838,-0.003288197,0.0011704612,-1.0437016e-06,0.0011697984,0.0015177424,9.3427826e-07,-1.1098406e-06,1.618568e-06,0.0017704838
2.4,48,-4.220447,0.75,0.0,0.9948574,0.0013407195,-2.3517666e-06,0.0,0.0,0.0,-0.0034019065,0.001222776,-1.1278371e-06,0.0015676329,1.3159042e-06,0.0018342674,-0.0034019065,0.0012231233,-1.0902721e-06,0.0012224287,0.0015676329,9.608242e-07,-1.1654021e-06,1.6709844e-06,0.0018342674
2.4,48,-4.180511,0.75,0.0,0.9947216,0.0013894967,-2.0266534e-06,0.0,0.0,0.0,-0.0035204103,0.0012782696,-1.1813281e-06,0.0016195287,1.356954e-06,0.0019009381,-0.0035204103,0.0012786405,-1.1390533e-06,0.0012778986,0.0016195287,9.883452e-07,-1.223603e-06,1.7255628e-06,0.0019009381
2.4,48,-4.140575,0.75,0.0,0.99458164,0.0014402575,-2.1478959e-06,0.0,0.0,0.0,-0.0036441335,0.0013367988,-1.2375217e-06,0.0016734863,1.3996632e-06,0.0019706467,-0.0036441335,0.0013371739,-1.190268e-06,0.0013364236,0.0016734863,1.0168964e-06,-1.2847753e-06,1.7824301e-06,0.0019706467
2.4,48,-4.100639,0.75,0.0,0.99443674,0.0014934026,-2.2298468e-06,0.0,0.0,0.0,-0.0037731652,0.0013985437,-1.2964492e-06,0.001729655,1.4441089e-06,0.0020435818,-0.0037731652,0.0013989386,-1.2440167e-06,0.0013981488,0.001729655,1.0465127e-06,-1.3488816e-06,1.841705e-06,0.0020435818
2.4,48,-4.060703,0.75,0.0,0.99428666,0.0015489478,-2.3629327e-06,0.0,0.0,0.0,-0.003907901,0.0014637201,-1.3583654e-06,0.0017880545,1.4903976e-06,0.0021198685,-0.003907901,0.0014641336,-1.3003662e-06,0.0014633065,0.0017880545,1.0772591e-06,-1.4163646e-06,1.9035363e-06,0.0021198685
2.4,48,-4.0207667,0.75,0.0,0.99413115,0.0016068608,-2.7035746e-06,0.0,0.0,0.0,-0.004048561,0.0015325383,-1.423394e-06,0.0018488471,1.5385733e-06,0.0021997471,-0.004048561,0.0015329606,-1.359548e-06,0.0015321162,0.0018488471,1.1091767e-06,-1.4872401e-06,1.96797e-06,0.0021997471
2.4,48,-3.9808307,0.75,0.0,0.99396956,0.0016677291,-3.136251e-06,0.0,0.0,0.0,-0.0041954787,0.0016052404,-1.4918228e-06,0.0019121272,1.5887678e-06,0.0022833727,-0.0041954787,0.0016056922,-1.42185e-06,0.0016047886,0.0019121272,1.1423515e-06,-1.5617957e-06,2.035184e-06,0.0022833727
2.4,48,-3.9408946,0.75,0.0,0.9938028,0.001731209,-3.222311e-06,0.0,0.0,0.0,-0.0043490017,0.0016821029,-1.563718e-06,0.0019780183,1.6410861e-06,0.002370991,-0.0043490017,0.0016825439,-1.4872458e-06,0.0016816618,0.0019780183,1.1767952e-06,-1.6401902e-06,2.105377e-06,0.002370991
2.4,48,-3.9009585,0.75,0.0,0.99362963,0.0017978075,-3.243848e-06,0.0,0.0,0.0,-0.0045093973,0.001763369,-1.6391733e-06,0.0020466277,1.6956294e-06,0.0024628553,-0.0045093973,0.0017638335,-1.5559264e-06,0.0017629045,0.0020466277,1.212618e-06,-1.7224203e-06,2.1786407e-06,0.0024628553
2.4,48,-3.8610225,0.75,0.0,0.9934505,0.0018678837,-3.6143404e-06,0.0,0.0,0.0,-0.0046771728,0.0018493626,-1.718587e-06,0.0021180953,1.7525099e-06,0.0025590954,-0.0046771728,0.0018498466,-1.6281756e-06,0.0018488787,0.0021180953,1.2499103e-06,-1.8089984e-06,2.2551096e-06,0.0025590954
2.4,48,-3.8210862,0.75,0.0,0.9932645,0.0019413292,-3.8044955e-06,0.0,0.0,0.0,-0.0048526106,0.0019403867,-1.8022438e-06,0.0021925375,1.8118433e-06,0.0026601458,-0.0048526106,0.0019408978,-1.7041889e-06,0.0019398757,0.0021925375,1.2886554e-06,-1.9002988e-06,2.3350312e-06,0.0026601458
2.4,48,-3.78115,0.75,0.0,0.99305975,0.0020461115,-2.6334019e-05,0.0,0.0,0.0,-0.005036173,0.002036798,-1.8901678e-06,0.0022701158,1.8738359e-06,0.0027661633,-0.005036173,0.002037327,-1.784149e-06,0.002036269,0.0022701158,1.3290462e-06,-1.9961865e-06,2.4186256e-06,0.0027661633
2.4,48,-3.741214,0.75,0.0,0.99285895,0.0021281075,-2.7380456e-05,0.0,0.0,0.0,-0.0052283537,0.002138937,-1.9827946e-06,0.0023509122,1.9385502e-06,0.0028774287,-0.0052283537,0.0021394794,-1.8683842e-06,0.0021383946,0.0023509122,1.3710464e-06,-2.0972052e-06,2.5060538e-06,0.0028774287
2.4,48,-3.701278,0.75,0.0,0.99263805,0.002243344,-4.4901126e-06,0.0,0.0,0.0,-0.0054295156,0.0022472467,-2.080305e-06,0.0024351678,2.0061466e-06,0.0029943378,-0.0054295156,0.00224778,-1.957083e-06,0.0022467133,0.0024351678,1.4148262e-06,-2.2035272e-06,2.597467e-06,0.0029943378
2.4,48,-3.661342,0.75,0.0,0.99239516,0.0023223585,-2.1730972e-05,0.0,0.0,0.0,-0.0056401216,0.0023621232,-2.1830913e-06,0.0025230108,2.076812e-06,0.0031171844,-0.0056401216,0.0023627186,-2.0505172e-06,0.0023615276,0.0025230108,1.4605182e-06,-2.3156654e-06,2.693106e-06,0.0031171844
2.4,48,-3.6214056,0.75,0.0,0.99216855,0.002418527,-2.2490076e-05,0.0,0.0,0.0,-0.0058608805,0.0024840445,-2.2913136e-06,0.0026145696,2.1507085e-06,0.0032463116,-0.0058608805,0.0024846182,-2.1489525e-06,0.0024834706,0.0026145696,1.5081205e-06,-2.4336746e-06,2.7932965e-06,0.0032463116
2.4,48,-3.5814695,0.75,0.0,0.9919056,0.0025064535,-5.3729864e-06,0.0,0.0,0.0,-0.006092203,0.0026135477,-2.4053802e-06,0.0027100581,2.2280242e-06,0.0033821969,-0.006092203,0.0026141757,-2.2527408e-06,0.00261292,0.0027100581,1.557762e-06,-2.5580193e-06,2.8982865e-06,0.0033821969
2.4,48,-3.5415335,0.75,0.0,0.9916611,0.0026041258,8.8831143e-07,0.0,0.0,0.0,-0.0063347938,0.0027511169,-2.5259747e-06,0.0028096624,2.3089362e-06,0.0035251542,-0.0063347938,0.0027517849,-2.362211e-06,0.0027504489,0.0028096624,1.6095879e-06,-2.6897383e-06,3.0082845e-06,0.0035251542
2.4,48,-3.5015974,0.75,0.0,0.99140537,0.0027153604,9.054795e-07,0.0,0.0,0.0,-0.006589236,0.002897386,-2.6530847e-06,0.0029135132,2.39366e-06,0.0036756918,-0.006589236,0.0028980824,-2.4777812e-06,0.0028966896,0.0029135132,1.6637857e-06,-2.8283885e-06,3.1235343e-06,0.0036756918
2.4,48,-3.4616613,0.75,0.0,0.9911482,0.002835014,-2.9626908e-06,0.0,0.0,0.0,-0.006856117,0.0030529508,-2.7871602e-06,0.003021872,2.4824135e-06,0.0038342415,-0.006856117,0.0030536444,-2.5996717e-06,0.0030522572,0.003021872,1.7203631e-06,-2.9746484e-06,3.2444636e-06,0.0038342415
2.4,48,-3.4217253,0.75,0.0,0.9908716,0.002958588,-3.2123182e-06,0.0,0.0,0.0,-0.00713632,0.0032185544,-2.9286862e-06,0.0031349433,2.5755035e-06,0.0040013785,-0.00713632,0.0032192525,-2.7283402e-06,0.0032178564,0.0031349433,1.7795757e-06,-3.1290322e-06,3.3714314e-06,0.0040013785
2.4,48,-3.3817892,0.75,0.0,0.99059135,0.0030988054,-5.60719e-06,0.0,0.0,0.0,-0.007430481,0.0033949036,-3.0782662e-06,0.0032529049,2.6730988e-06,0.0041776868,-0.007430481,0.0033956787,-2.8644647e-06,0.0033941283,0.0032529049,1.841518e-06,-3.292068e-06,3.5046796e-06,0.0041776868
2.4,48,-3.3418531,0.75,0.0,0.9902919,0.0032366219,-5.901913e-06,0.0,0.0,0.0,-0.0077395034,0.0035828138,-3.2363273e-06,0.0033759614,2.7754716e-06,0.004363571,-0.0077395034,0.003583616,-3.0081892e-06,0.0035820114,0.0033759614,1.9063367e-06,-3.4644652e-06,3.6446063e-06,0.004363571
2.4,48,-3.301917,0.75,0.0,0.98997986,0.003382089,-6.215195e-06,0.0,0.0,0.0,-0.008064195,0.0037831701,-3.4035743e-06,0.003504412,2.8829847e-06,0.0045598606,-0.008064195,0.0037840027,-3.1602383e-06,0.0037823375,0.003504412,1.974262e-06,-3.6469103e-06,3.7917075e-06,0.0045598606
2.4,48,-3.2619808,0.75,0.0,0.98964554,0.0035236676,2.6312835e-06,0.0,0.0,0.0,-0.008405474,0.003996991,-3.5803778e-06,0.0036384373,2.9959158e-06,0.0047672135,-0.008405474,0.0039978432,-3.32099e-06,0.003996139,0.0036384373,2.0454781e-06,-3.8397657e-06,3.9463534e-06,0.0047672135
2.4,48,-3.2220447,0.75,0.0,0.9893028,0.0036893806,2.7207238e-06,0.0,0.0,0.0,-0.008764489,0.0042252373,-3.7673851e-06,0.0037782781,3.1146328e-06,0.0049862317,-0.008764489,0.0042261304,-3.4911036e-06,0.0042243437,0.0037782781,2.1201765e-06,-4.0436666e-06,4.1090893e-06,0.0049862317
2.4,48,-3.1821086,0.75,0.0,0.9889485,0.0038606916,2.7961544e-06,0.0,0.0,0.0,-0.009141994,0.0044690734,-3.9655047e-06,0.003924214,3.2394287e-06,0.0052179145,-0.009141994,0.0044699972,-3.6713684e-06,0.004468149,0.003924214,2.1985577e-06,-4.2596407e-06,4.2803e-06,0.0052179145
2.4,48,-3.1421723,0.75,0.0,0.98856986,0.004024259,-8.2782435e-06,0.0,0.0,0.0,-0.0095393425,0.004729705,-4.1751955e-06,0.004076459,3.370751e-06,0.0054630316,-0.0095393425,0.004730691,-3.8621474e-06,0.004728719,0.004076459,2.280911e-06,-4.488244e-06,4.460591e-06,0.0054630316
2.4,48,-3.1022363,0.75,0.0,0.98818856,0.0042228713,-2.3913742e-06,0.0,0.0,0.0,-0.009957766,0.005008602,-4.3975924e-06,0.0042353556,3.5090036e-06,0.0057224277,-0.009957766,0.0050095813,-4.0644213e-06,0.0050076228,0.0042353556,2.3674856e-06,-4.730764e-06,4.6505215e-06,0.0057224277
2.4,48,-3.0623002,0.75,0.0,0.98777986,0.0044197855,-1.7250895e-06,0.0,0.0,0.0,-0.01039833,0.005307069,-4.6331843e-06,0.0044011376,3.654678e-06,0.0059972377,-0.01039833,0.0053080786,-4.2788324e-06,0.00530606,0.0044011376,2.4585665e-06,-4.9875357e-06,4.8507895e-06,0.0059972377
2.4,48,-3.0223641,0.75,0.0,0.9873683,0.0046328977,-1.9808115e-06,0.0,0.0,0.0,-0.010862492,0.0056268075,-4.883181e-06,0.0045739333,3.8082112e-06,0.0062885648,-0.010862492,0.0056278254,-4.5063202e-06,0.0056257895,0.0045739333,2.5544514e-06,-5.260042e-06,5.061971e-06,0.0062885648
2.4,48,-2.982428,0.75,0.0,0.9869313,0.0048567653,3.2781827e-08,0.0,0.0,0.0,-0.011351597,0.0059695826,-5.148596e-06,0.004754209,3.97017e-06,0.0065974547,-0.011351597,0.0059706797,-4.7478015e-06,0.0059684855,0.004754209,2.65541e-06,-5.54939e-06,5.2849296e-06,0.0065974547
2.4,48,-2.942492,0.75,0.0,0.9864651,0.005123887,-2.0988979e-05,0.0,0.0,0.0,-0.01186736,0.0063372185,-5.4302764e-06,0.0049421326,4.141172e-06,0.0069253603,-0.01186736,0.0063383635,-5.0040744e-06,0.0063360734,0.0049421326,2.7619787e-06,-5.856478e-06,5.5203654e-06,0.0069253603
2.4,48,-2.902556,0.75,0.0,0.9859758,0.005361354,-4.1824427e-05,0.0,0.0,0.0,-0.012411413,0.0067318743,-5.729472e-06,0.0051379623,4.3217137e-06,0.007273489,-0.012411413,0.006733134,-5.276581e-06,0.0067306147,0.0051379623,2.8743232e-06,-6.182363e-06,5.769104e-06,0.007273489
2.4,48,-2.8626199,0.75,0.0,0.98546857,0.0056574424,-2.2964308e-05,0.0,0.0,0.0,-0.012985286,0.007155847,-6.0476837e-06,0.005342028,4.51244e-06,0.00764337,-0.012985286,0.007157162,-5.5661085e-06,0.0071545313,0.005342028,2.9930375e-06,-6.529259e-06,6.031842e-06,0.00764337
2.4,48,-2.8226838,0.75,0.0,0.9849213,0.0059227804,-1.6180377e-06,0.0,0.0,0.0,-0.013591167,0.0076116635,-6.386352e-06,0.0055543995,4.7143426e-06,0.008036714,-0.013591167,0.0076129567,-5.8741703e-06,0.0076103704,0.0055543995,3.1185562e-06,-6.898534e-06,6.3101293e-06,0.008036714
2.4,48,-2.7827475,0.75,0.0,0.9843751,0.006235204,-4.4170283e-06,0.0,0.0,0.0,-0.014230643,0.008102138,-6.7462747e-06,0.005775459,4.927902e-06,0.008455318,-0.014230643,0.008103597,-6.201916e-06,0.008100679,0.005775459,3.251395e-06,-7.290633e-06,6.604409e-06,0.008455318
2.4,48,-2.7428114,0.75,0.0,0.983796,0.006552062,-1.0060533e-05,0.0,0.0,0.0,-0.014906122,0.008630096,-7.129489e-06,0.006005346,5.1541288e-06,0.008901042,-0.014906122,0.008631671,-6.550827e-06,0.008628521,0.006005346,3.3920448e-06,-7.70815e-06,6.916213e-06,0.008901042
2.4,48,-2.7028756,0.75,0.0,0.9832107,0.0069113374,1.8634535e-05,0.0,0.0,0.0,-0.015619731,0.00919901,-7.538333e-06,0.0062441863,5.3938993e-06,0.009375633,-0.015619731,0.009200514,-6.922504e-06,0.009197506,0.0062441863,3.5411454e-06,-8.154163e-06,7.2466537e-06,0.009375633
2.4,48,-2.662939,0.75,0.0,0.9825772,0.0072843,1.9592757e-05,0.0,0.0,0.0,-0.016373942,0.009812519,-7.973887e-06,0.0064921193,5.648283e-06,0.009881874,-0.016373942,0.009814082,-7.3188694e-06,0.009810956,0.0064921193,3.699469e-06,-8.628904e-06,7.597097e-06,0.009881874
2.4,48,-2.623003,0.75,0.0,0.9819215,0.007690763,1.2869918e-05,0.0,0.0,0.0,-0.017171253,0.010474801,-8.438496e-06,0.0067493995,5.9182876e-06,0.010422156,-0.017171253,0.010476347,-7.74134e-06,0.010473254,0.0067493995,3.867544e-06,-9.1356505e-06,7.969032e-06,0.010422156
2.4,48,-2.5830672,0.75,0.0,0.9812395,0.008116619,-1.0514746e-05,0.0,0.0,0.0,-0.018014343,0.01119001,-8.934525e-06,0.0070157675,6.20506e-06,0.01099896,-0.018014343,0.0111918785,-8.192303e-06,0.011188141,0.0070157675,4.0462564e-06,-9.676747e-06,8.363863e-06,0.01099896
2.4,48,-2.543131,0.75,0.0,0.98051,0.008571042,-1.1082091e-05,0.0,0.0,0.0,-0.018906351,0.011963269,-9.46428e-06,0.007291197,6.5100817e-06,0.011615385,-0.018906351,0.011965178,-8.673885e-06,0.01196136,0.007291197,4.2365637e-06,-1.02546755e-05,8.7836e-06,0.011615385
2.4,48,-2.5031948,0.75,0.0,0.97974426,0.009057113,-1.1688997e-05,0.0,0.0,0.0,-0.019849831,0.012799932,-1.0030542e-05,0.007575726,6.8345707e-06,0.0122744385,-0.019849831,0.012801765,-9.188087e-06,0.012798097,0.007575726,4.4393787e-06,-1.0872999e-05,9.229762e-06,0.0122744385
2.4,48,-2.4632587,0.75,0.0,0.97894,0.0095772315,-1.2323735e-05,0.0,0.0,0.0,-0.02084843,0.01370587,-1.0636244e-05,0.007868741,7.1801055e-06,0.012979903,-0.02084843,0.013707731,-9.7378925e-06,0.013704009,0.007868741,4.6557434e-06,-1.1534595e-05,9.704468e-06,0.012979903
2.4,48,-2.4233227,0.75,0.0,0.97808236,0.010124086,-1.0812488e-05,0.0,0.0,0.0,-0.021905698,0.0146877915,-1.1284636e-05,0.008170222,7.548666e-06,0.013735599,-0.021905698,0.014689745,-1.0325905e-05,0.014685837,0.008170222,4.8867773e-06,-1.2243367e-05,1.0210554e-05,0.013735599
2.4,48,-2.3833866,0.75,0.0,0.97720194,0.010732824,7.572885e-07,0.0,0.0,0.0,-0.023024479,0.015753053,-1.1979135e-05,0.0084790345,7.941712e-06,0.014545405,-0.023024479,0.015755191,-1.095501e-05,0.015750917,0.0084790345,5.133858e-06,-1.30032595e-05,1.0749566e-05,0.014545405
2.4,48,-2.3434505,0.75,0.0,0.9762642,0.011379169,5.3409703e-06,0.0,0.0,0.0,-0.024209112,0.016909476,-1.2723478e-05,0.008794787,8.361367e-06,0.01541429,-0.024209112,0.01691186,-1.1629211e-05,0.01690709,0.008794787,5.39827e-06,-1.3817746e-05,1.1324464e-05,0.01541429
2.4,48,-2.3035145,0.75,0.0,0.97528845,0.012060212,2.3150058e-05,0.0,0.0,0.0,-0.02546332,0.018166285,-1.3522037e-05,0.009116161,8.810034e-06,0.016347311,-0.02546332,0.018168459,-1.2351036e-05,0.018164113,0.009116161,5.6818835e-06,-1.4693038e-05,1.1938185e-05,0.016347311
2.4,48,-2.2635782,0.75,0.0,0.9742744,0.012823343,1.0327194e-06,0.0,0.0,0.0,-0.026791597,0.019533299,-1.4379428e-05,0.009441853,9.290278e-06,0.017349834,-0.026791597,0.019535977,-1.31251945e-05,0.01953062,0.009441853,5.9860954e-06,-1.5633661e-05,1.2594462e-05,0.017349834
2.4,48,-2.223642,0.75,0.0,0.97318935,0.013620914,1.719829e-06,0.0,0.0,0.0,-0.02819781,0.02102163,-1.5300677e-05,0.009770266,9.804457e-06,0.018427996,-0.02819781,0.02102398,-1.3955665e-05,0.02101928,0.009770266,6.3130624e-06,-1.664569e-05,1.3295851e-05,0.018427996
2.4,48,-2.183706,0.75,0.0,0.97205603,0.014464944,-1.7798655e-05,0.0,0.0,0.0,-0.029686885,0.022643544,-1.6291417e-05,0.010098771,1.035559e-05,0.019588081,-0.029686885,0.022645947,-1.4846843e-05,0.02264114,0.010098771,6.6645007e-06,-1.773599e-05,1.4046679e-05,0.019588081
2.4,48,-2.14377,0.75,0.0,0.9708542,0.015387564,-1.8824916e-05,0.0,0.0,0.0,-0.031263415,0.024412835,-1.735788e-05,0.010424873,1.0947369e-05,0.02083866,-0.031263415,0.02441548,-1.5804053e-05,0.02441019,0.010424873,7.04335e-06,-1.8911705e-05,1.4851388e-05,0.02083866
2.4,48,-2.103834,0.75,0.0,0.9695872,0.01637786,-1.9337625e-05,0.0,0.0,0.0,-0.032931514,0.026344622,-1.8506618e-05,0.010745266,1.1583003e-05,0.022186374,-0.032931514,0.026347162,-1.683309e-05,0.02634208,0.010745266,7.451684e-06,-2.0180147e-05,1.5714322e-05,0.022186374
2.4,48,-2.0638978,0.75,0.0,0.96824896,0.017436279,-1.7238248e-05,0.0,0.0,0.0,-0.034696594,0.028455779,-1.9743598e-05,0.0110553615,1.22665115e-05,0.023641452,-0.034696594,0.028458428,-1.7938526e-05,0.02845313,0.0110553615,7.892631e-06,-2.1548669e-05,1.6640392e-05,0.023641452
2.4,48,-2.0239615,0.75,0.0,0.9668436,0.018595947,-1.844306e-05,0.0,0.0,0.0,-0.03656261,0.030765794,-2.1079934e-05,0.011350629,1.3002467e-05,0.025212606,-0.03656261,0.030768435,-1.9128804e-05,0.030763151,0.011350629,8.369426e-06,-2.3031063e-05,1.7635508e-05,0.025212606
2.4,48,-1.9840255,0.75,0.0,0.9653753,0.019860288,8.5191596e-07,0.0,0.0,0.0,-0.038535565,0.033295296,-2.2521885e-05,0.011624919,1.3796363e-05,0.026911216,-0.038535565,0.033298247,-2.0409325e-05,0.033292346,0.011624919,8.885249e-06,-2.4634444e-05,1.8707478e-05,0.026911216
2.4,48,-1.9440894,0.75,0.0,0.9638237,0.021205738,-2.0029793e-06,0.0,0.0,0.0,-0.040619396,0.03606864,-2.408123e-05,0.011870269,1.4653007e-05,0.028749416,-0.040619396,0.036071952,-2.1787726e-05,0.036065325,0.011870269,9.444643e-06,-2.6374735e-05,1.986137e-05,0.028749416
2.4,48,-1.9041533,0.75,0.0,0.9621883,0.022671822,2.9059652e-06,0.0,0.0,0.0,-0.042817693,0.039111078,-2.5767771e-05,0.012077814,1.5579168e-05,0.030740222,-0.042817693,0.03911392,-2.3273773e-05,0.039108235,0.012077814,1.00516645e-05,-2.8261768e-05,2.1106673e-05,0.030740222
2.4,48,-1.8642173,0.75,0.0,0.9604626,0.024281925,-9.036192e-06,0.0,0.0,0.0,-0.04513418,0.04245345,-2.7593944e-05,0.0122366985,1.658162e-05,0.032898135,-0.04513418,0.042457014,-2.487435e-05,0.042449884,0.0122366985,1.0711218e-05,-3.0313537e-05,2.2452023e-05,0.032898135
2.4,48,-1.8242812,0.75,0.0,0.95861334,0.026049498,-3.6388205e-06,0.0,0.0,0.0,-0.04757273,0.046129294,-2.9573079e-05,0.012333851,1.7667653e-05,0.035239086,-0.04757273,0.0461324,-2.6600592e-05,0.046126187,0.012333851,1.1428414e-05,-3.2545566e-05,2.3906892e-05,0.035239086
2.4,48,-1.7843449,0.75,0.0,0.9566829,0.027972547,-2.5118767e-05,0.0,0.0,0.0,-0.050133854,0.050175313,-3.1720865e-05,0.01235309,1.8846553e-05,0.03778208,-0.050133854,0.050178356,-2.84633e-05,0.05017227,0.01235309,1.2209644e-05,-3.497843e-05,2.548346e-05,0.03778208
2.4,48,-1.7444088,0.75,0.0,0.95465475,0.030009206,-6.9560956e-06,0.0,0.0,0.0,-0.052819494,0.05463408,-3.4051583e-05,0.012275649,2.012816e-05,0.040544856,-0.052819494,0.05463635,-3.0471694e-05,0.05463181,0.012275649,1.3061983e-05,-3.763147e-05,2.7194337e-05,0.040544856
2.4,48,-1.7044728,0.75,0.0,0.9525045,0.032286853,-1.355622e-05,0.0,0.0,0.0,-0.055626977,0.059552416,-3.658412e-05,0.012077932,2.1523649e-05,0.04354963,-0.055626977,0.05955451,-3.2639055e-05,0.059550323,0.012077932,1.3992997e-05,-4.0529183e-05,2.9054301e-05,0.04354963
2.4,48,-1.6645367,0.75,0.0,0.95024323,0.034698747,-3.8446873e-05,0.0,0.0,0.0,-0.05855345,0.06498541,-3.9339597e-05,0.011732387,2.3045324e-05,0.04682112,-0.05855345,0.06498805,-3.4977387e-05,0.06498278,0.011732387,1.5011196e-05,-4.3701802e-05,3.1079453e-05,0.04682112
2.4,48,-1.6246006,0.75,0.0,0.9478777,0.03737916,-3.035499e-05,0.0,0.0,0.0,-0.061590396,0.07099067,-4.233823e-05,0.011205404,2.4707653e-05,0.050386053,-0.061590396,0.07099166,-3.750118e-05,0.07098968,0.011205404,1.6126274e-05,-4.717528e-05,3.3289034e-05,0.050386053
2.4,48,-1.5846646,0.75,0.0,0.9453689,0.040295497,-3.747527e-05,0.0,0.0,0.0,-0.06472747,0.07763679,-4.56037e-05,0.010456328,2.652891e-05,0.054272033,-0.06472747,0.07763807,-4.0224168e-05,0.07763551,0.010456328,1.7350023e-05,-5.098324e-05,3.57078e-05,0.054272033
2.4,48,-1.5447285,0.75,0.0,0.9427258,0.043417256,-2.8356651e-05,0.0,0.0,0.0,-0.067947865,0.085000634,-4.916553e-05,0.009436154,2.8525563e-05,0.05851133,-0.067947865,0.08500119,-4.316272e-05,0.08500007,0.009436154,1.8695087e-05,-5.5168344e-05,3.8356036e-05,0.05851133
2.4,48,-1.5047922,0.75,0.0,0.9399505,0.046931345,-2.8152135e-05,0.0,0.0,0.0,-0.07122617,0.09316905,-5.304916e-05,0.0080852,3.072258e-05,0.06314146,-0.07122617,0.09316737,-4.6327998e-05,0.09317072,0.0080852,2.0176445e-05,-5.9770326e-05,4.126871e-05,0.06314146
2.4,48,-1.4648561,0.75,0.0,0.93706,0.05072365,-1.049343e-05,0.0,0.0,0.0,-0.07452713,0.102238655,-5.728897e-05,0.0063312086,3.3145603e-05,0.0681981,-0.07452713,0.10223541,-4.9741637e-05,0.1022419,0.0063312086,2.1814143e-05,-6.4836306e-05,4.4477063e-05,0.0681981
2.4,48,-1.4249201,0.75,0.0,0.9340283,0.05492928,-9.686827e-06,0.0,0.0,0.0,-0.07780812,0.11231962,-6.191837e-05,0.0040860586,3.582539e-05,0.07372403,-0.07780812,0.11231468,-5.341524e-05,0.112324566,0.0040860586,2.3628414e-05,-7.04215e-05,4.8022364e-05,0.07372403
2.4,48,-1.384984,0.75,0.0,0.9308438,0.059576478,-1.3832417e-05,0.0,0.0,0.0,-0.08100493,0.123536706,-6.697653e-05,0.0012420826,3.8803453e-05,0.07976515,-0.08100493,0.1235296,-5.737011e-05,0.123543814,0.0012420826,2.5651669e-05,-7.658295e-05,5.1955234e-05,0.07976515
2.4,48,-1.345048,0.75,0.0,0.92759115,0.06464478,-5.9228154e-05,0.0,0.0,0.0,-0.08403488,0.13602772,-7.2505376e-05,-0.0023327458,4.2125946e-05,0.08636822,-0.08403488,0.13602062,-6.161714e-05,0.13603483,-0.0023327458,2.7918284e-05,-8.3393614e-05,5.6333607e-05,0.08636822
2.4,48,-1.3051116,0.75,0.0,0.9241927,0.07024811,-7.83735e-05,0.0,0.0,0.0,-0.08678671,0.14995095,-7.854572e-05,-0.006800839,4.585584e-05,0.09358953,-0.08678671,0.14993949,-6.617338e-05,0.14996243,-0.006800839,3.048462e-05,-9.091807e-05,6.122706e-05,0.09358953
2.4,48,-1.2651758,0.75,0.0,0.92065066,0.076474026,-4.2406493e-05,0.0,0.0,0.0,-0.089119345,0.16547918,-8.514605e-05,-0.012362869,5.0075287e-05,0.10148202,-0.089119345,0.16546047,-7.1056944e-05,0.16549791,-0.012362869,3.3421755e-05,-9.923516e-05,6.672882e-05,0.10148202
2.4,48,-1.2252395,0.75,0.0,0.9170685,0.083295174,-4.9327995e-05,-3.791214e-37,-1.9633226e-36,1.136569e-34,-0.09083746,0.18280557,-9.2342074e-05,-0.019268343,5.4887605e-05,0.11010551,-0.09083746,0.1827845,-7.62715e-05,0.18282662,-0.019268343,3.683607e-05,-0.00010841265,7.293914e-05,0.11010551
2.4,48,-1.1853034,0.75,0.0,0.9133821,0.090845436,-5.240811e-05,-4.0415414e-30,-2.0847003e-29,1.23113425e-27,-0.09169219,0.2021466,-0.0001001743,-0.027827665,6.04303e-05,0.1195205,-0.09169219,0.20211443,-8.182198e-05,0.20217878,-0.027827665,4.088554e-05,-0.00011852662,7.9975056e-05,0.1195205
2.4,48,-1.1453676,0.75,0.0,0.9097739,0.099198714,-8.973491e-05,-6.20195e-24,-3.199045e-23,1.889317e-21,-0.09135242,0.22372685,-0.000108649474,-0.038430825,6.6877736e-05,0.1297861,-0.09135242,0.22368965,-8.768459e-05,0.22376406,-0.038430825,4.58001e-05,-0.00012961436,8.795537e-05,0.1297861
2.4,48,-1.1054313,0.75,0.0,0.90623206,0.10845743,-8.0826605e-05,-1.2966645e-18,-6.6883616e-18,3.9500656e-16,-0.08938323,0.24778272,-0.000117753916,-0.051570605,7.4435666e-05,0.14095478,-0.08938323,0.24773805,-9.378453e-05,0.2478274,-0.051570605,5.1910916e-05,-0.0001417233,9.6960415e-05,0.14095478
2.4,48,-1.065495,0.75,0.0,0.9026809,0.118762076,-8.210509e-05,-3.6923328e-14,-1.9045525e-13,1.1248056e-11,-0.08520898,0.27454752,-0.0001274481,-0.06787151,8.3311126e-05,0.15308203,-0.08520898,0.27449387,-9.995997e-05,0.27460113,-0.06787151,5.966285e-05,-0.00015493624,0.0001069594,0.15308203
2.4,48,-1.0255592,0.75,0.0,0.8993252,0.13007396,-8.201848e-05,-1.4318995e-10,-7.385921e-10,4.3620354e-08,-0.078068085,0.30420107,-0.00013790632,-0.08814092,9.361898e-05,0.16621183,-0.078068085,0.3041469,-0.00010602465,0.30425528,-0.08814092,6.965062e-05,-0.00016978798,0.00011758735,0.16621183
2.4,48,-0.9856229,0.75,0.0,0.89635897,0.14267305,-6.960041e-05,-7.563941e-08,-3.901577e-07,2.3042241e-05,-0.066900685,0.33674356,-0.00015122633,-0.113479726,0.00010495424,0.1803828,-0.066900685,0.3367198,-0.000113123846,0.33676732,-0.113479726,8.290169e-05,-0.00018932881,0.00012700679,0.1803828
2.4,48,-0.9456868,0.75,0.0,0.89380276,0.15667744,-8.807262e-05,-5.4420366e-06,-2.8070626e-05,0.0016578096,-0.050044574,0.37188566,-0.00017212334,-0.1456163,0.00011451244,0.19566227,-0.050044574,0.37155345,-0.00013421035,0.37221783,-0.1456163,0.00010319611,-0.00021003632,0.00012582877,0.19566227
2.4,48,-0.905751,0.75,0.0,0.89200956,0.17208134,-0.000108794884,-5.3411455e-05,-0.00027545018,0.016263692,-0.026029348,0.41266677,-0.00014631575,-0.1861378,0.00012201344,0.2121687,-0.026029348,0.40694088,-0.00019900354,0.41839266,-0.1861378,0.00013968024,-9.3627976e-05,0.00010434664,0.2121687
2.4,48,-0.8658147,0.75,0.0,0.89128476,0.18959953,-0.00010901913,-7.78173e-05,-0.0003958186,0.023088379,0.0052459026,0.45465082,-0.000134625,-0.23515694,0.0001383192,0.22991316,0.0052459026,0.44650766,-0.0002181898,0.46279395,-0.23515694,0.00018531334,-5.106022e-05,9.132505e-05,0.22991316
2.4,48,-0.8258784,0.75,0.0,0.8919059,0.20864365,-0.00013364771,-0.000107297295,-0.00037126214,0.019555751,0.048776507,0.4961599,-0.00010878373,-0.2974675,0.00015205436,0.24869223,0.048776507,0.48968455,-0.0001354353,0.5026353,-0.2974675,0.00027060424,-8.213215e-05,3.3504464e-05,0.24869223
2.4,48,-0.78594255,0.75,0.0,0.8945373,0.22985114,-0.00010329538,-0.00041976708,-0.00062238134,0.039057896,0.104632646,0.54785013,0.00017667568,-0.37356457,0.00017162421,0.26893702,0.104632646,0.5320004,0.00013609741,0.5636998,-0.37356457,0.00038697926,0.00021725394,-4.373083e-05,0.26893702
2.4,48,-0.74600625,0.75,0.0,0.89968354,0.25334468,-0.00013758638,-0.0005595751,-0.00043042624,0.040215362,0.18231046,0.59378004,0.0005025035,-0.4733002,6.357728e-05,0.2909934,0.18231046,0.57427186,0.0006086032,0.6132882,-0.4733002,0.00024342077,0.00039640372,-0.00011626621,0.2909934
2.4,48,-0.7060702,0.75,0.0,0.9081778,0.2784022,-0.00014107523,-0.0003838948,-0.00050161616,0.029545473,0.28221712,0.62341774,0.0006004607,-0.5947102,-0.00011480323,0.31248847,0.28221712,0.60721207,0.0006674501,0.63962346,-0.5947102,-0.00013080919,0.00053347135,-9.8797274e-05,0.31248847
2.4,48,-0.66613436,0.75,0.0,0.9212086,0.3046782,-0.00011911684,-0.0005830058,-0.0010350746,0.03317497,0.39584103,0.63741416,0.00054779,-0.733544,-0.00023124163,0.33769792,0.39584103,0.6200752,0.0002401035,0.6547531,-0.733544,-0.00047207283,0.00085547654,9.589574e-06,0.33769792
2.4,48,-0.62619805,0.75,0.0,0.93922544,0.3312419,-9.0268295e-05,-0.00057222845,-0.0008292103,0.026749866,0.5308171,0.614941,0.00022029743,-0.8936159,-6.132583e-05,0.36279032,0.5308171,0.60156494,-0.00017050545,0.62831706,-0.8936159,-0.00011484501,0.0006111003,-7.806644e-06,0.36279032
2.4,48,-0.5862622,0.75,0.0,0.96260846,0.35514712,-6.454987e-05,-0.0001908677,-0.00025674782,0.007910675,0.6824382,0.5437852,-0.00018682217,-1.0690995,4.4762768e-05,0.38664305,0.6824382,0.5411326,-0.0005337421,0.5464378,-1.0690995,0.00010356338,0.00016009771,-1.403785e-05,0.38664305
2.4,48,-0.5463259,0.75,0.0,0.99271214,0.37570086,-0.00015579077,-7.120342e-05,-0.00010803132,0.00390087,0.82538384,0.42824256,-0.0002721852,-1.2367631,0.00011884489,0.41134495,0.82538384,0.42930743,-0.0006598911,0.42717767,-1.2367631,0.00027956767,0.000115520714,-4.18779e-05,0.41134495
2.4,48,-0.5063896,0.75,0.0,1.027792,0.39107332,-0.0002135365,-0.00011790765,-0.00015651433,0.0032904963,0.9298137,0.26825035,-0.00019776596,-1.3665159,0.00018081059,0.43665802,0.9298137,0.27051526,-0.00045990816,0.26598543,-1.3665159,0.00041877397,6.437624e-05,-5.7152796e-05,0.43665802
2.4,48,-0.46645403,0.75,0.0,1.066466,0.39956373,-0.0003162036,-0.0006181191,-7.080306e-05,0.017393528,1.0016953,0.07263216,-0.000120771154,-1.4646115,0.0001394497,0.46286562,1.0016953,0.067454085,-0.00023781876,0.07781023,-1.4646115,0.0005984188,-3.7235427e-06,-0.00031951943,0.46286562
2.4,48,-0.4265175,0.75,0.0,1.1077304,0.40029866,-0.00034051033,-0.0012855079,-0.00064229197,0.13974412,1.0694225,-0.16030817,0.0001542348,-1.5592935,-0.00014770083,0.48982972,1.0694225,-0.22569004,-0.00015583012,-0.094926305,-1.5592935,0.00056357717,0.00046429972,-0.00085897883,0.48982972
2.4,48,-0.38658142,0.75,0.0,1.1531014,0.396325,-0.000308373,-0.0014794841,-0.0016532175,0.47451064,1.1681371,-0.42086577,0.0006214604,-1.6820714,-0.0006937475,0.51389205,1.1681371,-0.6479766,7.556542e-05,-0.19375496,-1.6820714,-0.00025732102,0.0011673553,-0.0011301739,0.51389205
2.4,48,-0.34664536,0.75,0.0,1.2040982,0.38737988,-0.00026909693,-0.0015664379,-0.0014494087,0.81515205,1.2596118,-0.6912983,0.0005823798,-1.7877845,-0.00036739372,0.52814174,1.2596118,-1.078165,0.00027101533,-0.30443156,-1.7877845,0.00055683183,0.0008937443,-0.0012916193,0.52814174
2.4,48,-0.3067093,0.75,0.0,1.2549506,0.36923957,-0.00020407986,-0.0015885235,-0.0013479368,0.7090531,1.1881056,-0.9028131,0.0003851813,-1.7105141,-0.0002725186,0.52236557,1.1881056,-1.2321261,1.0848351e-05,-0.57350004,-1.7105141,0.00083796587,0.0007595143,-0.0013830031,0.52236557
2.4,48,-0.26677322,0.75,0.0,1.2961538,0.33673045,-0.00023782776,-0.0015456646,-0.001340875,-0.046266805,0.8814411,-0.9167855,0.00022771233,-1.3839326,-0.0004008487,0.5024555,0.8814411,-0.8795062,-0.00017583044,-0.95406485,-1.3839326,0.00042068594,0.0006312551,-0.0012223833,0.5024555
2.4,48,-0.22683716,0.75,0.0,1.3208114,0.29075974,-0.0002234785,-0.0013478118,-0.0012327584,-1.2206835,0.42521885,-0.70730484,4.0461746e-05,-0.91251475,-0.00051016174,0.48728147,0.42521885,-0.09771887,-0.0005076975,-1.3168908,-0.91251475,0.0001727984,0.000588621,-0.0011931219,0.48728147
2.4,48,-0.18690109,0.75,0.0,1.3263633,0.23384684,3.95292e-05,-0.001087972,-0.0011653365,-2.35153,-0.06307799,-0.33599234,-8.037075e-05,-0.39586875,-0.00040883286,0.4589587,-0.06307799,0.83352125,-0.00074676576,-1.5055059,-0.39586875,0.00039383522,0.00058602425,-0.001211501,0.4589587
2.4,48,-0.14696455,0.75,0.0,1.317334,0.17596447,0.00027865608,-0.000854385,-0.0010689634,-3.2620983,-0.47431353,0.1360426,6.1158353e-06,0.0513965,-0.00048202652,0.4229258,-0.47431353,1.7583176,-0.00036972453,-1.4862324,0.0513965,9.7451346e-05,0.0003819562,-0.0010615044,0.4229258
2.4,48,-0.10702896,0.75,0.0,1.2913903,0.11793227,0.0003839109,-0.00074798753,-0.0011039678,-4.0631957,-0.93137735,0.663621,0.0003490097,0.45649654,-0.00015337399,0.4748742,-0.93137735,2.6767416,0.00038349212,-1.3494996,0.45649654,0.00032886857,0.00031452725,-0.00063561654,0.4748742
2.4,48,-0.067092896,0.75,0.0,1.2419333,0.068344824,0.00015154277,-0.0004536574,-0.0013791777,-4.849113,-1.6138614,1.434119,0.000110050256,0.9418517,0.00044768112,0.67198366,-1.6138614,3.8311622,0.00017035677,-0.9629241,0.9418517,0.0008124569,4.9743736e-05,8.290535e-05,0.67198366
2.4,48,-0.027156353,0.75,0.0,1.1626526,0.040795837,-0.00034470734,-7.086158e-05,-0.0017761539,-5.944463,-2.3418443,2.684938,-0.00095531624,1.3155777,0.0010312367,1.0262126,-2.3418443,5.6313214,-0.0013320453,-0.26144552,1.3155777,0.0009987634,-0.00057858723,0.00106371,1.0262126
2.4,48,0.012779236,0.75,0.0,1.0542797,0.041506995,6.7251545e-05,0.00050053897,-0.002310326,-8.035454,-3.089213,4.2344794,-0.0024657184,1.4705986,0.0017279868,1.6185788,-3.089213,8.242299,-0.003673903,0.22665997,1.4705986,0.0013426375,-0.0012575337,0.0021133362,1.6185788
2.4,48,0.05271578,0.75,0.0,0.9063288,0.05687528,0.0006634539,0.00073677744,-0.0038379258,-10.620038,-4.2773943,5.7795305,-0.0043946747,1.7602398,0.0025793794,2.5169482,-4.2773943,11.129722,-0.0067965537,0.42933968,1.7602398,0.0023418448,-0.0019927956,0.0028169136,2.5169482
2.4,48,0.092651844,0.75,0.0,0.7093211,0.08742192,0.000503422,-0.00039227423,-0.0069834674,-11.870037,-5.4516387,7.270349,-0.0067465296,1.9916669,0.0031887884,3.4596794,-5.4516387,13.364214,-0.01094132,1.1764843,1.9916669,0.0038390134,-0.002551739,0.0025385635,3.4596794
2.4,48,0.13258791,0.75,0.0,0.49148425,0.1538769,0.00010816964,-0.0025806644,-0.011071974,-11.7146225,-5.1578083,8.217524,-0.009147093,1.1308138,0.0031178067,4.0267873,-5.1578083,14.3161745,-0.015456214,2.1188726,1.1308138,0.0052356594,-0.0028379718,0.0009999541,4.0267873
2.4,48,0.17252398,0.75,0.0,0.31816173,0.2454357,-0.00045101065,-0.0070314626,-0.01668642,-10.836634,-3.4973733,8.170139,-0.0100730155,-0.508768,0.0019834065,4.0061526,-3.4973733,13.794938,-0.018685546,2.5453405,-0.508768,0.0056163818,-0.0014604854,-0.0016495686,4.0061526
2.4,48,0.21246004,0.75,0.0,0.21786141,0.34496707,-0.0005396151,-0.014515306,-0.023896584,-10.094889,-1.6844319,7.5051665,-0.0085341465,-1.849595,0.00065728626,3.5340605,-1.6844319,12.713227,-0.019911777,2.2971056,-1.849595,0.0065903137,0.002843485,-0.005275741,3.5340605
2.4,48,0.2523961,0.75,0.0,0.18279622,0.40796512,0.0002683407,-0.020470329,-0.028066322,-11.78872,-0.023972528,6.407373,-0.007051438,-2.882426,0.00031265896,2.9064438,-0.023972528,12.439084,-0.019986996,0.3756614,-2.882426,0.009183075,0.00588412,-0.008557757,2.9064438
2.4,48,0.29233217,0.75,0.0,0.21587434,0.3638685,0.00071587577,-0.021657145,-0.027725916,-15.511396,1.7996019,5.175811,-0.0072767017,-3.8804672,0.0009232601,2.08093,1.7996019,13.083953,-0.019897422,-2.7323308,-3.8804672,0.011566832,0.005344018,-0.0097203115,2.08093
2.4,48,0.33226871,0.75,0.0,0.32220367,0.20069857,0.0007719326,-0.018629422,-0.024797484,-18.51616,3.5370226,4.228739,-0.008068497,-4.473574,0.0014339434,0.93657404,3.5370226,13.643445,-0.019317819,-5.1859674,-4.473574,0.01133672,0.0031808242,-0.008468833,0.93657404
2.4,48,0.3722043,0.75,0.0,0.48339114,-0.01788126,0.0007327602,-0.013484692,-0.020277735,-18.122122,4.3470483,3.915601,-0.00837555,-4.1500845,0.001301744,-0.19711354,4.3470483,13.071888,-0.01772485,-5.240686,-4.1500845,0.008654195,0.0009737492,-0.006050707,-0.19711354
2.4,48,0.41214037,0.75,0.0,0.65510845,-0.19334033,0.000688955,-0.009202722,-0.015655087,-14.4505415,4.039151,3.9277234,-0.00747834,-3.1030333,0.0005607733,-0.93623483,4.039151,11.185533,-0.014987777,-3.3300858,-3.1030333,0.0051642396,3.1097275e-05,-0.004042693,-0.93623483
2.4,48,0.4520769,0.75,0.0,0.7999257,-0.28481108,0.00089421554,-0.0065296944,-0.011593975,-9.995401,3.053393,3.6400912,-0.0055789896,-1.8387192,-0.0002869477,-1.21471,3.053393,8.637523,-0.011394551,-1.3573403,-1.8387192,0.0027419971,0.00023657222,-0.0033158925,-1.21471
2.4,48,0.4920125,0.75,0.0,0.8992635,-0.30975565,0.0012368289,-0.0043910164,-0.0075092306,-6.278985,1.9573141,3.004881,-0.003773417,-0.779223,-0.0010026318,-1.178086,1.9573141,6.131307,-0.0075135967,-0.12154526,-0.779223,0.001210502,-3.3237302e-05,-0.0032157656,-1.178086
2.4,48,0.53194904,0.75,0.0,0.9594292,-0.30181953,0.0010402056,-0.002698352,-0.0041339607,-3.7087054,1.1200055,2.26132,-0.002494716,-0.11039039,-0.0011967535,-1.0096157,1.1200055,4.095896,-0.0044411127,0.42674425,-0.11039039,0.00059120345,-0.00054831937,-0.0029847105,-1.0096157
2.4,48,0.5718851,0.75,0.0,0.9932674,-0.28184184,0.0009256695,-0.0016080858,-0.0019524068,-2.0726836,0.6024634,1.6095718,-0.0018059319,0.22310878,-0.0012129076,-0.8255771,0.6024634,2.6266756,-0.0027579044,0.592468,0.22310878,0.00010568838,-0.0008539594,-0.0025315036,-0.8255771
2.4,48,0.6118212,0.75,0.0,1.0112789,-0.25873783,0.0006378544,-0.000999093,-0.0007732756,-1.0709025,0.29408953,1.1045243,-0.0012949489,0.36816403,-0.0011486588,-0.66226035,0.29408953,1.6235316,-0.0016990943,0.5855169,0.36816403,-0.0002780983,-0.0008908033,-0.0020192193,-0.66226035
2.4,48,0.65175724,0.75,0.0,1.0190341,-0.23585035,0.0007352596,-0.0007951078,-0.00016968646,-0.46234593,0.11143035,0.7481966,-0.0009263545,0.41744363,-0.00095338863,-0.52888346,0.11143035,0.9659039,-0.0010694272,0.5304893,0.41744363,-0.00028734418,-0.00078328175,-0.001619433,-0.52888346
2.4,48,0.6916933,0.75,0.0,1.0215794,-0.2161385,0.00073532993,-0.0007804217,0.00022130155,-0.13144244,0.022286467,0.5074346,-0.00064618315,0.40799507,-0.00080143247,-0.4302825,0.022286467,0.56195164,-0.0006998926,0.45291755,0.40799507,-0.00017729586,-0.0005924737,-0.0014255691,-0.4302825
2.4,48,0.7316294,0.75,0.0,1.0218562,-0.19900571,0.0007183106,-0.00054127106,0.0010514535,0.05381645,-0.011521058,0.35769477,-0.0004306397,0.36285368,-0.00078308786,-0.35132846,-0.011521058,0.3215162,-0.00024077207,0.39387336,0.36285368,-0.00022165499,-0.0006205073,-0.0013445207,-0.35132846
2.4,48,0.77156544,0.75,0.0,1.0216055,-0.1844594,0.0006424402,-0.00043380648,0.0014920499,0.15405706,-0.011237945,0.26288176,-0.00034187388,0.29494688,-0.00063485757,-0.2837062,-0.011237945,0.17849545,6.1893974e-05,0.34726807,0.29494688,-0.00019556354,-0.0007456417,-0.0010741516,-0.2837062
2.4,48,0.811502,0.75,0.0,1.0214429,-0.1720538,0.00047806586,-0.0005582091,0.0005796351,0.18665823,0.008489518,0.18858506,-0.0001882795,0.22018681,-0.0005606408,-0.22867408,0.008489518,0.088565916,-5.8422356e-05,0.2886042,0.22018681,-5.91947e-05,-0.00031813665,-0.0010620869,-0.22867408
2.4,48,0.85143757,0.75,0.0,1.0223033,-0.16204005,0.0004502188,-0.00058820395,0.00042363783,0.1836576,0.030976975,0.11991137,-0.00019099515,0.15451157,-0.000504314,-0.1854839,0.030976975,0.021246165,0.000108971464,0.21857658,0.15451157,6.527245e-05,-0.0004909618,-0.0010739005,-0.1854839
2.4,48,0.89137363,0.75,0.0,1.0238879,-0.15496276,0.00035769268,-0.0006652166,0.00055785105,0.17115065,0.04892223,0.051107574,-0.00011306768,0.102767676,-0.0003254107,-0.15168671,0.04892223,-0.040835194,0.00034875912,0.14305034,0.102767676,0.0001792698,-0.0005748945,-0.00083009125,-0.15168671
2.4,48,0.9313102,0.75,0.0,1.0262741,-0.15082909,0.00044060926,-0.0006209525,0.0007216157,0.15095091,0.057878837,-0.01958887,2.1474843e-05,0.07079402,-0.0003144922,-0.12867326,0.057878837,-0.10088431,0.0005440289,0.06170657,0.07079402,0.00018758411,-0.0005010792,-0.0008165685,-0.12867326
2.4,48,0.97124577,0.75,0.0,1.0286947,-0.15051009,0.00034810498,-0.00027104747,0.00079416495,0.11027713,0.0466455,-0.09258446,0.00013428045,0.07241942,-3.7770136e-05,-0.11906685,0.0466455,-0.15355417,0.00087921566,-0.031614758,0.07241942,0.000663108,-0.00061065477,-0.0007386483,-0.11906685
2.4,48,1.0111823,0.75,0.0,1.0298514,-0.15393335,0.00032422674,-0.00011015382,0.0006772034,0.060558666,0.008173123,-0.1577768,0.00015690146,0.11468486,-0.00016087777,-0.1228549,0.008173123,-0.19432336,0.0009377395,-0.12123023,0.11468486,5.567415e-05,-0.0006239366,-0.00037742968,-0.1228549
2.4,48,1.0511179,0.75,0.0,1.028786,-0.15989164,0.0002140711,-6.950009e-05,0.00070989004,0.038813833,-0.05542256,-0.19199046,0.0002986439,0.19268231,-0.00020775171,-0.13725807,-0.05542256,-0.2168908,0.0013872236,-0.16709012,0.19268231,-0.00044830513,-0.0007899358,3.2801716e-05,-0.13725807
2.4,48,1.0910544,0.75,0.0,1.0250536,-0.16692981,0.00019702088,-5.6849745e-05,0.0008707296,0.026241079,-0.12665658,-0.19414175,0.0003540956,0.28403652,0.00020459022,-0.15738177,-0.12665658,-0.2103674,0.0018868906,-0.17791608,0.28403652,9.227782e-05,-0.0011786994,0.00031690262,-0.15738177
2.4,48,1.1309905,0.75,0.0,1.0187538,-0.17376187,0.0002446272,-2.2405324e-05,0.0007987706,0.0097947,-0.18970974,-0.16680846,0.00028138875,0.36924863,0.0002741827,-0.17953548,-0.18970974,-0.17349522,0.0017761498,-0.16012168,0.36924863,0.00030890314,-0.0012133723,0.00023946224,-0.17953548
2.4,48,1.1709266,0.75,0.0,1.0102667,-0.17958824,0.00014839646,-3.8708375e-05,0.00057145744,-0.006033824,-0.23617463,-0.114724755,0.0002814064,0.4362722,0.00038153288,-0.20009592,-0.23617463,-0.115641594,0.0015935054,-0.11380791,0.4362722,0.00073414395,-0.0010306926,2.8921815e-05,-0.20009592
2.4,48,1.2108626,0.75,0.0,1.0003653,-0.18302168,0.000115615825,-3.2607648e-05,0.0004417787,-0.010047157,-0.25516766,-0.04518157,0.00015541236,0.47101113,0.00025917086,-0.2158477,-0.25516766,-0.04562779,0.0011730263,-0.044735346,0.47101113,0.0007603671,-0.00086220156,-0.00024202534,-0.2158477
2.4,48,1.2507987,0.75,0.0,0.9898717,-0.1831322,5.5053395e-05,-4.9085465e-06,0.000105864114,-0.0014611558,-0.25885415,0.03269128,0.00022014104,0.48386273,6.250193e-06,-0.22500497,-0.25885415,0.02893493,0.0008462145,0.036447633,0.48386273,0.00015489229,-0.0004059324,-0.0001423919,-0.22500497
2.4,48,1.2907348,0.75,0.0,0.9795675,-0.18044303,5.0658055e-05,1.3196583e-05,1.3847286e-05,0.0004445854,-0.24859297,0.09588255,6.561971e-05,0.47670236,-2.3696091e-05,-0.22810668,-0.24859297,0.09247383,0.0004219114,0.099291265,0.47670236,-0.00014704927,-0.00029067197,9.965709e-05,-0.22810668
2.4,48,1.3306708,0.75,0.0,0.97002524,-0.17542547,2.0208974e-05,2.9739583e-06,1.590354e-06,0.00011754825,-0.22396572,0.14402394,-6.8541296e-05,0.45015678,4.229533e-05,-0.22619203,-0.22396572,0.14153987,0.00013349156,0.14650801,0.45015678,-0.0001349639,-0.00027057415,0.00021955457,-0.22619203
2.4,48,1.3706069,0.75,0.0,0.96154624,-0.16890854,-2.8774295e-05,-3.028375e-07,-4.5511663e-07,1.6877122e-05,-0.19221854,0.17904952,-0.00012083977,0.41249824,6.902381e-05,-0.22028083,-0.19221854,0.17712568,-7.719884e-06,0.18097335,0.41249824,-9.845211e-05,-0.00023395967,0.00023649972,-0.22028083
2.4,48,1.410543,0.75,0.0,0.95453924,-0.16117595,2.7997557e-06,-6.651864e-08,-7.815146e-08,-4.010646e-06,-0.1583944,0.20202744,-0.00015436401,0.3699462,6.9528665e-05,-0.21155362,-0.1583944,0.20048484,-8.394483e-05,0.20357004,0.3699462,-7.614403e-05,-0.00022478319,0.00021520136,-0.21155362
2.4,48,1.450479,0.75,0.0,0.94887704,-0.1527423,-1.775639e-05,2.387128e-08,6.749434e-08,-1.3505273e-05,-0.125712,0.21483788,-0.00017681369,0.32679594,7.672785e-05,-0.20108382,-0.125712,0.21353717,-0.00012966339,0.2161386,0.32679594,-5.3128362e-05,-0.00022396397,0.00020658405,-0.20108382
2.4,48,1.4904156,0.75,0.0,0.9444498,-0.1440202,-2.6532789e-05,1.5689595e-09,2.7658725e-08,-8.487228e-06,-0.09591837,0.21974488,-0.0001831599,0.2856161,8.994335e-05,-0.18969746,-0.09591837,0.21857657,-0.0001542292,0.22091319,0.2856161,-2.3093442e-05,-0.0002120906,0.00020298014,-0.18969746
2.4,48,1.5303512,0.75,0.0,0.94114614,-0.13516854,-1.3630579e-05,-8.8839197e-10,3.5227008e-09,-1.4604225e-06,-0.06983722,0.21882251,-0.0001772338,0.24782115,0.000100403275,-0.17798379,-0.06983722,0.2177106,-0.00015676866,0.21993442,0.24782115,8.843606e-06,-0.00019769893,0.00019196294,-0.17798379
2.4,48,1.5702877,0.75,0.0,0.93883526,-0.12640636,-1.9403415e-05,-3.4188413e-11,1.0307158e-10,-4.135052e-08,-0.04768307,0.21400201,-0.00016562166,0.2140339,0.00010496907,-0.16635197,-0.04768307,0.21291505,-0.00014024503,0.21508898,0.2140339,3.236317e-05,-0.0001909983,0.00017757497,-0.16635197
2.4,48,1.6102238,0.75,0.0,0.93725175,-0.117935315,-3.1705455e-05,-2.2210365e-13,6.6243316e-13,-1.4717087e-10,-0.02904108,0.20680815,-0.0001528855,0.1841017,0.00010510482,-0.15506044,-0.02904108,0.20575587,-0.00011431363,0.20786041,0.1841017,4.222517e-05,-0.00019145738,0.00016798447,-0.15506044
2.4,48,1.6501598,0.75,0.0,0.93644214,-0.10982104,-6.966622e-05,-4.508218e-16,1.382313e-15,1.1867941e-15,-0.013328183,0.19811681,-0.0001406233,0.15758249,0.0001037385,-0.1442536,-0.013328183,0.19711705,-8.794688e-05,0.19911659,0.15758249,4.106264e-05,-0.00019329974,0.00016641436,-0.1442536
2.4,48,1.6900959,0.75,0.0,0.9361827,-0.10210371,-0.00010048787,-2.1618564e-19,6.6918436e-19,4.609575e-17,-0.0001174775,0.18843192,-0.00012854255,0.13412258,0.00010289487,-0.13400635,-0.0001174775,0.18750189,-6.528463e-05,0.18936194,0.13412258,3.4217734e-05,-0.00019180049,0.000171572,-0.13400635
2.4,48,1.730032,0.75,0.0,0.9363948,-0.094757,-8.140026e-05,-1.6021606e-23,4.9669674e-23,3.959262e-21,0.010885184,0.17812377,-0.00011593326,0.1134609,0.00010309843,-0.12434582,0.010885184,0.17726758,-4.693726e-05,0.17897996,0.1134609,2.5606758e-05,-0.00018492926,0.0001805901,-0.12434582
2.4,48,1.7699685,0.75,0.0,0.93703216,-0.087819494,-0.000102819795,-1.6478803e-28,5.1097984e-28,4.1500006e-26,0.019921126,0.16750036,-0.000102392514,0.095362194,0.00010393537,-0.11528356,0.019921126,0.16672428,-3.223327e-05,0.16827644,0.095362194,1.71004e-05,-0.00017255176,0.00019077034,-0.11528356
2.4,48,1.8099041,0.75,0.0,0.9379286,-0.08131255,-0.0001196927,-2.3152695e-34,7.1794704e-34,5.845637e-32,0.027218018,0.15681745,-8.793759e-05,0.07959583,0.000104685074,-0.10681347,0.027218018,0.15612192,-2.0389583e-05,0.15751298,0.07959583,9.317431e-06,-0.0001554856,0.00020005272,-0.10681347
2.4,48,1.8498402,0.75,0.0,0.9391255,-0.07520847,-9.220229e-05,0.0,0.0,0.0,0.032992207,0.14627767,-7.288432e-05,0.06592678,0.000104703395,-0.098918915,0.032992207,0.14566018,-1.0816582e-05,0.14689516,0.06592678,2.342918e-06,-0.00013495206,0.00020706387,-0.098918915
2.4,48,1.8897767,0.75,0.0,0.94050086,-0.06959172,-0.00013057643,0.0,0.0,0.0,0.037453156,0.13603264,-5.7698395e-05,0.05412546,0.0001035597,-0.091578744,0.037453156,0.13549225,-3.1147558e-06,0.13657303,0.05412546,-3.8918333e-06,-0.00011228203,0.00021101124,-0.091578744
2.4,48,1.9297123,0.75,0.0,0.9420485,-0.06433491,-0.00013673122,0.0,0.0,0.0,0.04079383,0.12618873,-4.2871947e-05,0.043973796,0.00010106815,-0.08476746,0.04079383,0.12571777,3.0031667e-06,0.12665966,0.043973796,-9.461285e-06,-8.874706e-05,0.0002115976,-0.08476746
2.4,48,1.9696484,0.75,0.0,0.94369525,-0.059421804,-0.00014469742,0.0,0.0,0.0,0.043187577,0.11681567,-2.8831499e-05,0.035269286,9.7250515e-05,-0.078456976,0.043187577,0.1164103,7.775577e-06,0.11722104,0.035269286,-1.4413986e-05,-6.543857e-05,0.00020891502,-0.078456976
2.4,48,2.009585,0.75,0.0,0.94543636,-0.054963347,-0.00014914708,0.0,0.0,0.0,0.044789154,0.107954174,-1.5892361e-05,0.027829316,9.226873e-05,-0.072618276,0.044789154,0.10760854,1.1426417e-05,0.1082998,0.027829316,-1.8777488e-05,-4.3211137e-05,0.00020331495,-0.072618276
2.4,48,2.049521,0.75,0.0,0.94725055,-0.050851054,-0.00015646791,0.0,0.0,0.0,0.045731083,0.09962234,-4.251224e-06,0.02149129,8.6364045e-05,-0.06722238,0.045731083,0.09932861,1.4167594e-05,0.09991606,0.02149129,-2.2569258e-05,-2.2670041e-05,0.00019529735,-0.06722238
2.4,48,2.0894566,0.75,0.0,0.9490625,-0.047045633,-0.00015044527,0.0,0.0,0.0,0.046129495,0.09182465,6.0043376e-06,0.01611205,7.980805e-05,-0.06224106,0.046129495,0.091576815,1.619759e-05,0.092072494,0.01611205,-2.5809417e-05,-4.1889148e-06,0.00018542552,-0.06224106
2.4,48,2.129393,0.75,0.0,0.9509116,-0.043498736,-0.00015030675,0.0,0.0,0.0,0.04607926,0.08455303,1.4870934e-05,0.011566377,7.286818e-05,-0.057646375,0.04607926,0.08434459,1.7691897e-05,0.08476148,0.011566377,-2.8521412e-05,1.2049972e-05,0.00017425777,-0.057646375
2.4,48,2.1693292,0.75,0.0,0.9527374,-0.04029796,-0.00014239922,0.0,0.0,0.0,0.045666646,0.077795714,2.2403174e-05,0.007744376,6.578674e-05,-0.053411365,0.045666646,0.07762121,1.8797466e-05,0.07797023,0.007744376,-3.0737516e-05,2.6008882e-05,0.000162311,-0.053411365
2.4,48,2.2092648,0.75,0.0,0.954529,-0.03732682,-0.00015102718,0.0,0.0,0.0,0.04496137,0.07153355,2.8700131e-05,0.004549601,5.8769423e-05,-0.0495106,0.04496137,0.07138793,1.9630848e-05,0.071679175,0.004549601,-3.249406e-05,3.7769416e-05,0.00015003291,-0.0495106
2.4,48,2.2492018,0.75,0.0,0.9563394,-0.03463437,-0.0001443275,0.0,0.0,0.0,0.04402274,0.06574527,3.3879278e-05,0.0018969874,5.1979216e-05,-0.04591965,0.04402274,0.0656226,2.0278321e-05,0.065867946,0.0018969874,-3.38292e-05,4.7480236e-05,0.00013778763,-0.04591965
2.4,48,2.2891374,0.75,0.0,0.9580655,-0.03210594,-0.00014816015,0.0,0.0,0.0,0.042903572,0.06040821,3.8071164e-05,-0.00028821733,4.5535708e-05,-0.04261523,0.042903572,0.060305342,2.0799256e-05,0.060511075,-0.00028821733,-3.478455e-05,5.5343073e-05,0.00012585596,-0.04261523
2.4,48,2.3290734,0.75,0.0,0.959749,-0.029806742,-0.00015186467,0.0,0.0,0.0,0.04164791,0.055496827,4.1402905e-05,-0.0020725343,3.9517457e-05,-0.039575465,0.04164791,0.055410836,2.1233158e-05,0.055582818,-0.0020725343,-3.5401903e-05,6.157265e-05,0.00011443682,-0.039575465
2.4,48,2.36901,0.75,0.0,0.9614103,-0.0276837,-0.00015524325,0.0,0.0,0.0,0.040293958,0.050986215,4.3995184e-05,-0.003514624,3.3969627e-05,-0.036779366,0.040293958,0.050913397,2.1603584e-05,0.05105903,-0.003514624,-3.5722052e-05,6.638678e-05,0.00010366131,-0.036779366
2.4,48,2.4089456,0.75,0.0,0.96297127,-0.02572697,-0.00017511347,0.0,0.0,0.0,0.038872886,0.046850145,4.5956025e-05,-0.004665696,2.8908406e-05,-0.034207247,0.038872886,0.04678847,2.192151e-05,0.046911824,-0.004665696,-3.5784644e-05,6.999054e-05,9.3601455e-05,-0.034207247
2.4,48,2.4488816,0.75,0.0,0.9644947,-0.023949647,-0.00014977281,0.0,0.0,0.0,0.037411988,0.043062426,4.7380643e-05,-0.005570812,2.4330857e-05,-0.031841174,0.037411988,0.043009464,2.219328e-05,0.043115392,-0.005570812,-3.5627163e-05,7.256801e-05,8.428888e-05,-0.031841174
2.4,48,2.4888182,0.75,0.0,0.9659628,-0.022298282,-0.00015078284,0.0,0.0,0.0,0.03593305,0.039597854,4.8350536e-05,-0.0062691066,2.0220723e-05,-0.029664012,0.03593305,0.039552238,2.2419887e-05,0.03964347,-0.0062691066,-3.528293e-05,7.428118e-05,7.5724376e-05,-0.029664012
2.4,48,2.5287542,0.75,0.0,0.9673444,-0.020762274,-0.00012009032,0.0,0.0,0.0,0.03445396,0.036430806,4.893644e-05,-0.0067942506,1.65522e-05,-0.027659897,0.03445396,0.0363913,2.260011e-05,0.036470316,-0.0067942506,-3.478425e-05,7.5272765e-05,6.788865e-05,-0.027659897
2.4,48,2.5686898,0.75,0.0,0.9686939,-0.019388713,-0.00011397308,0.0,0.0,0.0,0.032989416,0.033537574,4.9198374e-05,-0.007175443,1.3294613e-05,-0.025814254,0.032989416,0.033503067,2.2732711e-05,0.033572085,-0.007175443,-3.415888e-05,7.566404e-05,6.0748105e-05,-0.025814254
2.4,48,2.6086264,0.75,0.0,0.96997344,-0.018109506,-0.00011427683,0.0,0.0,0.0,0.031550787,0.030895395,4.9186918e-05,-0.007437268,1.0415786e-05,-0.0241134,0.031550787,0.030865027,2.2816135e-05,0.030925764,-0.007437268,-3.3431086e-05,7.55577e-05,5.426266e-05,-0.0241134
2.4,48,2.6485624,0.75,0.0,0.9712296,-0.016947208,-0.000116227915,0.0,0.0,0.0,0.030146215,0.028482372,4.894622e-05,-0.0076007983,7.881859e-06,-0.022545325,0.030146215,0.028455641,2.2849492e-05,0.028509103,-0.0076007983,-3.2623848e-05,7.504295e-05,4.8387566e-05,-0.022545325
2.4,48,2.688498,0.75,0.0,0.9724121,-0.015840977,-9.961893e-05,0.0,0.0,0.0,0.028782332,0.026278878,4.851379e-05,-0.0076839193,5.6607714e-06,-0.021098373,0.028782332,0.026255006,2.2833483e-05,0.02630275,-0.0076839193,-3.1755455e-05,7.41941e-05,4.3076998e-05,-0.021098373
2.4,48,2.728435,0.75,0.0,0.97352195,-0.014830813,-9.3746785e-05,0.0,0.0,0.0,0.027464012,0.024266101,4.792133e-05,-0.007701502,3.721594e-06,-0.01976235,0.027464012,0.024244748,2.2768525e-05,0.024287455,-0.007701502,-3.0842475e-05,7.307414e-05,3.8285663e-05,-0.01976235
2.4,48,2.7683706,0.75,0.0,0.97458977,-0.01388169,-0.000108645574,0.0,0.0,0.0,0.026194206,0.022426981,4.719739e-05,-0.007666314,2.0355328e-06,-0.018527826,0.026194206,0.022407534,2.2656614e-05,0.022446431,-0.007666314,-2.9898692e-05,7.173817e-05,3.3969758e-05,-0.018527826
2.4,48,2.8083067,0.75,0.0,0.9755944,-0.012992549,-9.793311e-05,0.0,0.0,0.0,0.024974829,0.020745523,4.636588e-05,-0.0075887633,5.751481e-07,-0.017385835,0.024974829,0.020728108,2.2499884e-05,0.020762937,-0.0075887633,-2.8936183e-05,7.023187e-05,3.008648e-05,-0.017385835
2.4,48,2.8482432,0.75,0.0,0.9765394,-0.012197521,-8.96351e-05,0.0,0.0,0.0,0.023806484,0.019207554,4.54475e-05,-0.0074776486,-6.837945e-07,-0.016328976,0.023806484,0.019191474,2.2301214e-05,0.019223634,-0.0074776486,-2.7964761e-05,6.8593785e-05,2.6597172e-05,-0.016328976
2.4,48,2.8881788,0.75,0.0,0.9774514,-0.011461952,-0.000106368876,0.0,0.0,0.0,0.022690212,0.017800003,4.446021e-05,-0.0073404256,-1.7639923e-06,-0.015349765,0.022690212,0.01778537,2.2063721e-05,0.017814638,-0.0073404256,-2.6992737e-05,6.685669e-05,2.3464752e-05,-0.015349765
2.4,48,2.928115,0.75,0.0,0.97833115,-0.010785825,-0.000102063284,0.0,0.0,0.0,0.021624798,0.016510656,4.3420056e-05,-0.007182971,-2.6858343e-06,-0.014441842,0.021624798,0.01649737,2.1790891e-05,0.016523942,-0.007182971,-2.6026873e-05,6.504922e-05,2.0655205e-05,-0.014441842
2.4,48,2.9680514,0.75,0.0,0.9791627,-0.010165727,-7.83767e-05,0.0,0.0,0.0,0.020609636,0.015328862,4.233972e-05,-0.007010572,-3.4676204e-06,-0.013599067,0.020609636,0.015316544,2.1486252e-05,0.015341179,-0.007010572,-2.507271e-05,6.319319e-05,1.8137469e-05,-0.013599067
2.4,48,3.0079875,0.75,0.0,0.97996324,-0.009581702,-7.5810276e-05,0.0,0.0,0.0,0.019643422,0.01424484,4.1231517e-05,-0.006827201,-4.1261155e-06,-0.01281627,0.019643422,0.014233527,2.115337e-05,0.014256151,-0.006827201,-2.4134759e-05,6.130966e-05,1.5882528e-05,-0.01281627
2.4,48,3.047923,0.75,0.0,0.9807315,-0.0090434905,-7.093129e-05,0.0,0.0,0.0,0.018724717,0.013249564,4.0104656e-05,-0.006636276,-4.6761393e-06,-0.0120885195,0.018724717,0.013239036,2.0795638e-05,0.013260092,-0.006636276,-2.3216557e-05,5.9413676e-05,1.3864278e-05,-0.0120885195
2.4,48,3.0878596,0.75,0.0,0.98143625,-0.008540819,-8.6375294e-05,0.0,0.0,0.0,0.01785185,0.012334984,3.896808e-05,-0.006440725,-5.1309516e-06,-0.011411153,0.01785185,0.012325173,2.0416861e-05,0.012344795,-0.006440725,-2.2320944e-05,5.75193e-05,1.2059041e-05,-0.011411153
2.4,48,3.1277957,0.75,0.0,0.98210615,-0.008067257,-9.391676e-05,0.0,0.0,0.0,0.01702293,0.011493901,3.7828795e-05,-0.0062426752,-5.5020537e-06,-0.010780269,0.01702293,0.011484815,2.001981e-05,0.011502986,-0.0062426752,-2.144963e-05,5.5637778e-05,1.0445523e-05,-0.010780269
2.4,48,3.1677313,0.75,0.0,0.98275596,-0.007624268,-0.00010215943,0.0,0.0,0.0,0.01623617,0.010719729,3.6692953e-05,-0.0060440567,-5.8002493e-06,-0.010192145,0.01623617,0.010711279,1.9608044e-05,0.010728179,-0.0060440567,-2.0604546e-05,5.3777865e-05,9.004048e-06,-0.010192145
2.4,48,3.2076683,0.75,0.0,0.9833675,-0.0072099324,-8.809489e-05,0.0,0.0,0.0,0.015489556,0.010006405,3.556552e-05,-0.005846263,-6.0348593e-06,-0.00964336,0.015489556,0.009998509,1.9183983e-05,0.010014302,-0.005846263,-1.9786468e-05,5.194706e-05,7.71675e-06,-0.00964336
2.4,48,3.247604,0.75,0.0,0.9839472,-0.0068250485,-8.392834e-05,0.0,0.0,0.0,0.014781527,0.009348689,3.445089e-05,-0.005650594,-6.2139297e-06,-0.009130945,0.014781527,0.0093412455,1.8750725e-05,0.009356131,-0.005650594,-1.8996137e-05,5.015106e-05,6.5682784e-06,-0.009130945
2.4,48,3.28754,0.75,0.0,0.9845238,-0.0064805304,-7.766113e-05,0.0,0.0,0.0,0.014109916,0.008741625,3.3352888e-05,-0.0054579703,-6.344876e-06,-0.008651978,0.014109916,0.008734669,1.8310691e-05,0.008748581,-0.0054579703,-1.8233852e-05,4.8395086e-05,5.544099e-06,-0.008651978
2.4,48,3.3274755,0.75,0.0,0.9850771,-0.0061461865,-7.460242e-05,0.0,0.0,0.0,0.013472863,0.008180849,3.2273867e-05,-0.0052690115,-6.4342407e-06,-0.008203906,0.013472863,0.008174248,1.7865956e-05,0.008187451,-0.0052690115,-1.749973e-05,4.668178e-05,4.631248e-06,-0.008203906
2.4,48,3.367412,0.75,0.0,0.9856063,-0.0058320146,-6.518786e-05,0.0,0.0,0.0,0.012868749,0.0076623247,3.1216616e-05,-0.0050843926,-6.4874675e-06,-0.0077845003,0.012868749,0.0076561817,1.7418724e-05,0.0076684677,-0.0050843926,-1.6793376e-05,4.501451e-05,3.8184403e-06,-0.0077845003
2.4,48,3.4073482,0.75,0.0,0.9861151,-0.005549537,-5.3508455e-05,0.0,0.0,0.0,0.012295927,0.007182438,3.0182979e-05,-0.0049045314,-6.509716e-06,-0.007391414,0.012295927,0.00717666,1.697085e-05,0.0071882154,-0.0049045314,-1.6114727e-05,4.3395106e-05,3.0952954e-06,-0.007391414
2.4,48,3.4472837,0.75,0.0,0.98659205,-0.005268435,-6.9715585e-05,0.0,0.0,0.0,0.011752466,0.006738011,2.917422e-05,-0.004729634,-6.5053155e-06,-0.0070228702,0.011752466,0.006732577,1.6523973e-05,0.0067434446,-0.004729634,-1.5463114e-05,4.1824467e-05,2.4524834e-06,-0.0070228702
2.4,48,3.4872208,0.75,0.0,0.98705214,-0.0050093154,-8.2221144e-05,0.0,0.0,0.0,0.011237028,0.006325927,2.819148e-05,-0.004560022,-6.4782275e-06,-0.0066770026,0.011237028,0.006320781,1.6079533e-05,0.006331073,-0.004560022,-1.4838067e-05,4.0303425e-05,1.8816119e-06,-0.0066770026
2.4,48,3.5271568,0.75,0.0,0.98749983,-0.0047742566,-8.776335e-05,0.0,0.0,0.0,0.010747952,0.005943669,2.7235747e-05,-0.0043957974,-6.431759e-06,-0.006352146,0.010747952,0.005938843,1.563873e-05,0.0059484956,-0.0043957974,-1.4238693e-05,3.8832764e-05,1.375175e-06,-0.006352146
2.4,48,3.567092,0.75,0.0,0.9879171,-0.004540667,-6.9072805e-05,0.0,0.0,0.0,0.010283737,0.00558866,2.6307429e-05,-0.0042369505,-6.3689054e-06,-0.0060468297,0.010283737,0.00558408,1.5202781e-05,0.0055932407,-0.0042369505,-1.3664528e-05,3.7412075e-05,9.2671667e-07,-0.0060468297
2.4,48,3.607029,0.75,0.0,0.98831683,-0.0043209693,-5.1141273e-05,0.0,0.0,0.0,0.00984321,0.0052586813,2.540666e-05,-0.0040835673,-6.2922886e-06,-0.005759665,0.00984321,0.0052543487,1.4772612e-05,0.0052630138,-0.0040835673,-1.3114509e-05,3.6040707e-05,5.2993124e-07,-0.005759665
2.4,48,3.646965,0.75,0.0,0.988685,-0.0041242787,-4.0107283e-05,0.0,0.0,0.0,0.009424944,0.004951765,2.4533922e-05,-0.0039355843,-6.2041977e-06,-0.005489369,0.009424944,0.0049476535,1.4349074e-05,0.004955876,-0.0039355843,-1.2587947e-05,3.471877e-05,1.7955156e-07,-0.005489369
2.4,48,3.686901,0.75,0.0,0.98907,-0.003947931,-2.1401454e-05,0.0,0.0,0.0,0.009027643,0.0046660663,2.3688697e-05,-0.0037929795,-6.1065994e-06,-0.005234746,0.009027643,0.0046621626,1.393279e-05,0.00466997,-0.0037929795,-1.20839995e-05,3.3444605e-05,-1.2919931e-07,-0.005234746
2.4,48,3.7268372,0.75,0.0,0.989424,-0.0037875776,-2.8340179e-05,0.0,0.0,0.0,0.008650355,0.0043998566,2.2871369e-05,-0.0036556209,-6.0013276e-06,-0.0049947575,0.008650355,0.0043961997,1.3524639e-05,0.004403513,-0.0036556209,-1.1601899e-05,3.22181e-05,-4.007562e-07,-0.0049947575
2.4,48,3.7667732,0.75,0.0,0.9897613,-0.0036388088,-4.7899688e-05,0.0,0.0,0.0,0.0082917875,0.004151647,2.2081163e-05,-0.0035233984,-5.8897112e-06,-0.0047684037,0.0082917875,0.0041481485,1.3124675e-05,0.0041551455,-0.0035233984,-1.1140617e-05,3.1037653e-05,-6.3880526e-07,-0.0047684037
2.4,48,3.8067093,0.75,0.0,0.9900788,-0.003468115,-1.1795703e-05,0.0,0.0,0.0,0.007950969,0.0039200513,2.131774e-05,-0.0033962275,-5.773263e-06,-0.004554758,0.007950969,0.0039167013,1.2733506e-05,0.0039234012,-0.0033962275,-1.0699468e-05,2.9901978e-05,-8.470584e-07,-0.004554758
2.4,48,3.8466454,0.75,0.0,0.9903902,-0.0033152357,-1.1851714e-05,0.0,0.0,0.0,0.0076269056,0.0037037719,2.0580901e-05,-0.003273952,-5.6530303e-06,-0.0043529486,0.0076269056,0.003700601,1.2351497e-05,0.0037069428,-0.003273952,-1.0277502e-05,2.8810306e-05,-1.0285587e-06,-0.0043529486
2.4,48,3.8865814,0.75,0.0,0.99068344,-0.0031460803,-3.9027436e-05,0.0,0.0,0.0,0.0073186494,0.003501648,1.9869693e-05,-0.0031564196,-5.530106e-06,-0.004162203,0.0073186494,0.0034986155,1.1978665e-05,0.0035046807,-0.0031564196,-9.874053e-06,2.7760721e-05,-1.186159e-06,-0.004162203
2.4,48,3.9265175,0.75,0.0,0.99097013,-0.0030084918,-3.6380658e-05,0.0,0.0,0.0,0.0070253178,0.003312617,1.9183924e-05,-0.0030434807,-5.4052184e-06,-0.003981865,0.0070253178,0.0033097186,1.1615473e-05,0.0033155158,-0.0030434807,-9.48822e-06,2.6752377e-05,-1.3222169e-06,-0.003981865
2.4,48,3.9664536,0.75,0.0,0.9912459,-0.0028799155,-3.4491193e-05,0.0,0.0,0.0,0.006746191,0.003135711,1.8522775e-05,-0.0029349807,-5.279242e-06,-0.0038111939,0.006746191,0.003132948,1.1261815e-05,0.003138474,-0.0029349807,-9.119309e-06,2.5783735e-05,-1.4391755e-06,-0.0038111939
2.4,48,4.0063896,0.75,0.0,0.9915112,-0.0027578499,-3.3193523e-05,0.0,0.0,0.0,0.006480401,0.0029700252,1.7885535e-05,-0.002830795,-5.1527404e-06,-0.0036495624,0.006480401,0.0029674147,1.0917644e-05,0.0029726357,-0.002830795,-8.76646e-06,2.4853427e-05,-1.5390206e-06,-0.0036495624
2.4,48,4.0463257,0.75,0.0,0.9917588,-0.0026349884,-3.4710254e-05,0.0,0.0,0.0,0.006227181,0.0028147406,1.7271648e-05,-0.0027307274,-5.026254e-06,-0.0034964823,0.006227181,0.0028122363,1.058324e-05,0.002817245,-0.0027307274,-8.429043e-06,2.3960056e-05,-1.6234644e-06,-0.0034964823
2.4,48,4.0862617,0.75,0.0,0.99200964,-0.0025379097,-4.2691438e-05,0.0,0.0,0.0,0.005985983,0.0026690988,1.6680373e-05,-0.002634621,-4.9002874e-06,-0.0033513475,0.005985983,0.0026667262,1.0258334e-05,0.002671471,-0.002634621,-8.106345e-06,2.3102413e-05,-1.6942294e-06,-0.0033513475
2.4,48,4.126198,0.75,0.0,0.9922373,-0.002425038,-3.906698e-05,0.0,0.0,0.0,0.005756093,0.002532437,1.6110915e-05,-0.0025423851,-4.7752515e-06,-0.003213714,0.005756093,0.0025301627,9.942964e-06,0.002534711,-0.0025423851,-7.797727e-06,2.2278866e-05,-1.7527755e-06,-0.003213714
2.4,48,4.166134,0.75,0.0,0.99247015,-0.0023400683,-2.9838913e-05,0.0,0.0,0.0,0.0055368436,0.0024040863,1.5562742e-05,-0.0024538129,-4.6514974e-06,-0.0030830516,0.0055368436,0.0024018963,9.637067e-06,0.0024062763,-0.0024538129,-7.502522e-06,2.1488417e-05,-1.8004733e-06,-0.0030830516
2.4,48,4.206071,0.75,0.0,0.99268806,-0.0022457233,-2.9020242e-05,0.0,0.0,0.0,0.0053277337,0.0022834735,1.5035004e-05,-0.0023687466,-4.5292472e-06,-0.0029589913,0.0053277337,0.0022814004,9.340422e-06,0.0022855466,-0.0023687466,-7.2201e-06,2.0729587e-05,-1.8383942e-06,-0.0029589913
2.4,48,4.246006,0.75,0.0,0.9928978,-0.0021563084,-2.8423734e-05,0.0,0.0,0.0,0.0051282058,0.0021700638,1.4527019e-05,-0.0022870956,-4.4087865e-06,-0.002841164,0.0051282058,0.0021680777,9.052858e-06,0.0021720498,-0.0022870956,-6.949866e-06,2.000118e-05,-1.8677073e-06,-0.002841164
2.4,48,4.285942,0.75,0.0,0.99309963,-0.002071199,-2.7649918e-05,0.0,0.0,0.0,0.004937789,0.0020633521,1.4038064e-05,-0.002208682,-4.290289e-06,-0.0027291297,0.004937789,0.002061439,8.774308e-06,0.002065265,-0.002208682,-6.6912694e-06,1.930182e-05,-1.8893082e-06,-0.0027291297
2.4,48,4.325879,0.75,0.0,0.99329394,-0.001990237,-2.6927913e-05,0.0,0.0,0.0,0.0047559594,0.0019628974,1.3567689e-05,-0.0021333776,-4.1739504e-06,-0.0026225816,0.0047559594,0.0019610515,8.504644e-06,0.0019647432,-0.0021333776,-6.4438104e-06,1.8630733e-05,-1.9040901e-06,-0.0026225816
2.4,48,4.365814,0.75,0.0,0.993481,-0.0019129354,-2.628236e-05,0.0,0.0,0.0,0.0045822957,0.0018682606,1.3115012e-05,-0.0020610583,-4.059852e-06,-0.0025212108,0.0045822957,0.0018665026,8.243534e-06,0.0018700184,-0.0020610583,-6.2069057e-06,1.7986491e-05,-1.9127983e-06,-0.0025212108
2.4,48,4.4057503,0.75,0.0,0.993661,-0.0018404499,-2.653393e-05,0.0,0.0,0.0,0.004416362,0.0017790569,1.26794275e-05,-0.0019916107,-3.948138e-06,-0.0024247046,0.004416362,0.0017773687,7.990903e-06,0.0017807449,-0.0019916107,-5.9800855e-06,1.7367951e-05,-1.9161903e-06,-0.0024247046
2.4,48,4.4456873,0.75,0.0,0.9938348,-0.001770568,-2.5845788e-05,0.0,0.0,0.0,0.004257669,0.0016949252,1.2260149e-05,-0.0019249127,-3.8388653e-06,-0.0023327705,0.004257669,0.0016933114,7.746329e-06,0.0016965391,-0.0019249127,-5.762919e-06,1.6773967e-05,-1.9148115e-06,-0.0023327705
2.4,48,4.4856234,0.75,0.0,0.99400175,-0.0017037386,-2.4918398e-05,0.0,0.0,0.0,0.00410602,0.0016155342,1.1856845e-05,-0.001860819,-3.7321033e-06,-0.0022451866,0.00410602,0.0016139706,7.5099056e-06,0.0016170978,-0.001860819,-5.5549244e-06,1.6203785e-05,-1.909282e-06,-0.0022451866
2.4,48,4.5255585,0.75,0.0,0.99416363,-0.0016413871,-2.353657e-05,0.0,0.0,0.0,0.0039609415,0.0015405794,1.14687555e-05,-0.0017992429,-3.6278593e-06,-0.0021616889,0.0039609415,0.0015390904,7.2812513e-06,0.0015420684,-0.0017992429,-5.3556605e-06,1.565626e-05,-1.9000582e-06,-0.0021616889
2.4,48,4.5654955,0.75,0.0,0.9943196,-0.0015808027,-2.2958713e-05,0.0,0.0,0.0,0.0038221038,0.0014697539,1.1095217e-05,-0.0017400864,-3.5261883e-06,-0.0020820303,0.0038221038,0.0014683064,7.0601113e-06,0.0014712013,-0.0017400864,-5.164714e-06,1.5130323e-05,-1.8876624e-06,-0.0020820303
2.4,48,4.6054316,0.75,0.0,0.9944766,-0.0015469722,-1.1182519e-07,0.0,0.0,0.0,0.0036892595,0.0014028279,1.0735799e-05,-0.0016832284,-3.4270956e-06,-0.0020060209,0.0036892595,0.0014014561,6.846356e-06,0.0014041996,-0.0016832284,-4.9817877e-06,1.4625243e-05,-1.8724037e-06,-0.0020060209
2.4,48,4.6453667,0.75,0.0,0.994611,-0.0014686288,2.428018e-05,0.0,0.0,0.0,0.003562024,0.0013395371,1.0389909e-05,-0.0016285436,-3.3305917e-06,-0.00193347,0.003562024,0.0013382125,6.6397424e-06,0.0013408618,-0.0016285436,-4.8064317e-06,1.4140075e-05,-1.8547518e-06,-0.00193347
2.4,48,4.6853037,0.75,0.0,0.99475616,-0.0014373518,-1.613802e-06,0.0,0.0,0.0,0.0034401743,0.0012796303,1.0057009e-05,-0.0015759972,-3.236633e-06,-0.0018641885,0.0034401743,0.0012783541,6.4400524e-06,0.0012809066,-0.0015759972,-4.6383157e-06,1.36739645e-05,-1.8349501e-06,-0.0018641885
2.4,48,4.7252398,0.75,0.0,0.9948817,-0.0013636223,-2.4611823e-05,0.0,0.0,0.0,0.0033234237,0.0012229271,9.736519e-06,-0.00152546,-3.1452241e-06,-0.0017979888,0.0033234237,0.0012217022,6.247038e-06,0.0012241522,-0.00152546,-4.4771036e-06,1.3226001e-05,-1.8133445e-06,-0.0017979888
2.4,48,4.765176,0.75,0.0,0.9950112,-0.0013191253,-2.7508007e-05,0.0,0.0,0.0,0.0032115586,0.0011692253,9.428057e-06,-0.0014768598,-3.0563424e-06,-0.0017346969,0.0032115586,0.0011680346,6.0605325e-06,0.001170416,-0.0014768598,-4.3224927e-06,1.2795582e-05,-1.7901921e-06,-0.0017346969
2.4,48,4.805112,0.75,0.0,0.99513626,-0.0012716777,-2.3146084e-05,0.0,0.0,0.0,0.0031042793,0.0011183338,9.131123e-06,-0.0014300847,-2.9699245e-06,-0.0016741889,0.0031042793,0.001117193,5.8803407e-06,0.0011194745,-0.0014300847,-4.174124e-06,1.23819045e-05,-1.7657246e-06,-0.0016741889
2.4,48,4.845048,0.75,0.0,0.9952574,-0.001230961,-1.931342e-05,0.0,0.0,0.0,0.003001404,0.0010700813,8.845165e-06,-0.0013851111,-2.8859663e-06,-0.0016162979,0.003001404,0.0010689845,5.7061593e-06,0.0010711781,-0.0013851111,-4.031804e-06,1.1984171e-05,-1.7401287e-06,-0.0016162979
2.4,48,4.884984,0.75,0.0,0.9953759,-0.0011885677,-1.8823544e-05,0.0,0.0,0.0,0.002902711,0.0010243136,8.56985e-06,-0.001341827,-2.8044203e-06,-0.00156089,0.002902711,0.0010232561,5.5378873e-06,0.0010253711,-0.001341827,-3.895201e-06,1.1601814e-05,-1.7136396e-06,-0.00156089
2.4,48,4.92492,0.75,0.0,0.9954905,-0.00114818,-1.839499e-05,0.0,0.0,0.0,0.0028080002,0.0009808792,8.3046525e-06,-0.0013001544,-2.7252163e-06,-0.0015078473,0.0028080002,0.0009798616,5.3753165e-06,0.0009818969,-0.0013001544,-3.7640543e-06,1.1233989e-05,-1.6863785e-06,-0.0015078473
2.4,48,4.964856,0.75,0.0,0.99560153,-0.0011096643,-1.7938039e-05,0.0,0.0,0.0,0.0027170833,0.0009396442,8.0492355e-06,-0.0012600578,-2.64834e-06,-0.0014570474,0.0027170833,0.0009386672,5.2181904e-06,0.0009406212,-0.0012600578,-3.6381625e-06,1.088028e-05,-1.6585175e-06,-0.0014570474
2.4,48,5.004792,0.75,0.0,0.9957089,-0.001072598,-1.753472e-05,0.0,0.0,0.0,0.0026297749,0.0009004816,7.803188e-06,-0.0012214226,-2.5737315e-06,-0.0014083729,0.0026297749,0.00089953054,5.0663944e-06,0.0009014326,-0.0012214226,-3.5172302e-06,1.0539981e-05,-1.630233e-06,-0.0014083729
2.4,48,5.0447283,0.75,0.0,0.9958127,-0.0010370646,-1.7144546e-05,0.0,0.0,0.0,0.0025459689,0.0008632616,7.5661633e-06,-0.0011842202,-2.5013335e-06,-0.0013617183,0.0025459689,0.0008623425,4.919715e-06,0.0008641807,-0.0011842202,-3.4010673e-06,1.0212611e-05,-1.6015997e-06,-0.0013617183
2.4,48,5.0846643,0.75,0.0,0.9959134,-0.0010030046,-1.6766919e-05,0.0,0.0,0.0,0.002465376,0.00082787545,7.3376777e-06,-0.0011484051,-2.431088e-06,-0.0013169964,0.002465376,0.0008269883,4.777934e-06,0.0008287626,-0.0011484051,-3.2894443e-06,9.8974215e-06,-1.5727317e-06,-0.0013169964
2.4,48,5.1246004,0.75,0.0,0.9960108,-0.000970332,-1.6401347e-05,0.0,0.0,0.0,0.0023879684,0.0007942257,7.1175723e-06,-0.0011138686,-2.3629595e-06,-0.0012740947,0.0023879684,0.0007933697,4.640984e-06,0.0007950818,-0.0011138686,-3.1821926e-06,9.5941605e-06,-1.5437265e-06,-0.0012740947
2.4,48,5.1645374,0.75,0.0,0.9961053,-0.0009399033,-1.4853861e-05,0.0,0.0,0.0,0.0023135385,0.00076220254,6.905326e-06,-0.0010806122,-2.296876e-06,-0.0012329275,0.0023135385,0.0007613738,4.508573e-06,0.0007630313,-0.0010806122,-3.079088e-06,9.302079e-06,-1.5146637e-06,-0.0012329275
2.4,48,5.2044725,0.75,0.0,0.9961963,-0.0009089554,-1.3724952e-05,0.0,0.0,0.0,0.0022419507,0.0007317272,6.7007495e-06,-0.0010485351,-2.2327806e-06,-0.001193425,0.0022419507,0.00073092984,4.3806285e-06,0.00073252467,-0.0010485351,-2.9799453e-06,9.0208705e-06,-1.4856158e-06,-0.001193425
2.4,48,5.2444086,0.75,0.0,0.9962847,-0.00088006177,-1.5264406e-05,0.0,0.0,0.0,0.0021730992,0.00070270686,6.5035247e-06,-0.0010176174,-2.1706494e-06,-0.001155476,0.0021730992,0.00070193055,4.2569286e-06,0.0007034831,-0.0010176174,-2.8846264e-06,8.75012e-06,-1.4566725e-06,-0.001155476
2.4,48,5.2843456,0.75,0.0,0.9963706,-0.0008523113,-1.4941942e-05,0.0,0.0,0.0,0.00210684,0.00067505304,6.3132566e-06,-0.0009878067,-2.110405e-06,-0.0011190325,0.00210684,0.0006743045,4.1373737e-06,0.0006758016,-0.0009878067,-2.7929366e-06,8.48914e-06,-1.4278733e-06,-0.0011190325
2.4,48,5.3242807,0.75,0.0,0.9964539,-0.0008256539,-1.4630273e-05,0.0,0.0,0.0,0.0020430933,0.0006487005,6.129789e-06,-0.0009590475,-2.0519988e-06,-0.0010840411,0.0020430933,0.0006479721,4.021802e-06,0.0006494289,-0.0009590475,-2.7047183e-06,8.2377765e-06,-1.399279e-06,-0.0010840411
2.4,48,5.364217,0.75,0.0,0.9965347,-0.00080003345,-1.4326246e-05,0.0,0.0,0.0,0.0019817022,0.0006235813,5.9527647e-06,-0.00093132484,-1.995373e-06,-0.0010503858,0.0019817022,0.0006228775,3.9100273e-06,0.0006242851,-0.00093132484,-2.619824e-06,7.9955025e-06,-1.3709218e-06,-0.0010503858
2.4,48,5.404154,0.75,0.0,0.996613,-0.000775403,-1.4031487e-05,0.0,0.0,0.0,0.0019225945,0.0005996189,5.781996e-06,-0.000904551,-1.9404774e-06,-0.0010180409,0.0019225945,0.0005989343,3.801984e-06,0.0006003034,-0.000904551,-2.538119e-06,7.762009e-06,-1.3428362e-06,-0.0010180409
2.4,48,5.44409,0.75,0.0,0.9966891,-0.00075171073,-1.3746583e-05,0.0,0.0,0.0,0.0018656562,0.00057675823,5.617155e-06,-0.00087872753,-1.887256e-06,-0.0009869296,0.0018656562,0.00057610084,3.6975114e-06,0.00057741563,-0.00087872753,-2.4594408e-06,7.536798e-06,-1.3150711e-06,-0.0009869296
2.4,48,5.484025,0.75,0.0,0.9967629,-0.00072892575,-1.34660095e-05,0.0,0.0,0.0,0.0018107989,0.000554939,5.4580914e-06,-0.00085379597,-1.8356786e-06,-0.0009570063,0.0018107989,0.00055429706,3.5964563e-06,0.0005555809,-0.00085379597,-2.3836906e-06,7.3197266e-06,-1.2876667e-06,-0.0009570063
2.4,48,5.523962,0.75,0.0,0.9968327,-0.0007045654,-1.5820768e-05,0.0,0.0,0.0,0.0017579369,0.0005340999,5.3045264e-06,-0.0008297243,-1.7856687e-06,-0.00092821097,0.0017579369,0.00053348055,3.498715e-06,0.00053471926,-0.0008297243,-2.3107407e-06,7.1103377e-06,-1.2605967e-06,-0.00092821097
2.4,48,5.563898,0.75,0.0,0.9969013,-0.0006861298,-1.7140712e-05,0.0,0.0,0.0,0.0017069713,0.00051419914,5.156234e-06,-0.0008064784,-1.7372041e-06,-0.00090049364,0.0017069713,0.0005135945,3.4041705e-06,0.00051480375,-0.0008064784,-2.240462e-06,6.908297e-06,-1.2339463e-06,-0.00090049364
2.4,48,5.603834,0.75,0.0,0.996967,-0.0006624579,-1.4024308e-05,0.0,0.0,0.0,0.0016578301,0.00049518433,5.0130193e-06,-0.000784023,-1.6902101e-06,-0.0008738032,0.0016578301,0.0004946012,3.3126612e-06,0.0004957674,-0.000784023,-2.1727226e-06,6.713377e-06,-1.2076976e-06,-0.0008738032
2.4,48,5.64377,0.75,0.0,0.997032,-0.0006463678,-1.1847502e-05,0.0,0.0,0.0,0.0016104365,0.00047700666,4.8747143e-06,-0.0007623367,-1.6446584e-06,-0.0008480953,0.0016104365,0.00047643966,3.224161e-06,0.0004775737,-0.0007623367,-2.107453e-06,6.5252675e-06,-1.1818637e-06,-0.0008480953
2.4,48,5.6837063,0.75,0.0,0.9970957,-0.0006273793,-1.19540155e-05,0.0,0.0,0.0,0.0015647134,0.00045962908,4.74108e-06,-0.0007413829,-1.6005098e-06,-0.00082332623,0.0015647134,0.00045908027,3.1385148e-06,0.0004601779,-0.0007413829,-2.044558e-06,6.343645e-06,-1.1564616e-06,-0.00082332623
2.4,48,5.7236423,0.75,0.0,0.99715775,-0.0006091935,-1.1722304e-05,0.0,0.0,0.0,0.0015205982,0.00044300762,4.6119744e-06,-0.0007211302,-1.5576991e-06,-0.0007994663,0.0015205982,0.00044247735,3.0556046e-06,0.00044353792,-0.0007211302,-1.9838826e-06,6.168344e-06,-1.1315157e-06,-0.0007994663
2.4,48,5.7635784,0.75,0.0,0.9972179,-0.0005915995,-1.1499194e-05,0.0,0.0,0.0,0.0014780074,0.00042710264,4.48717e-06,-0.0007015462,-1.5161961e-06,-0.0007764601,0.0014780074,0.00042658835,2.9753926e-06,0.00042761693,-0.0007015462,-1.9253803e-06,5.998947e-06,-1.1070118e-06,-0.0007764601
2.4,48,5.8035145,0.75,0.0,0.99727654,-0.0005746976,-1.1281267e-05,0.0,0.0,0.0,0.0014368952,0.0004118802,4.3665727e-06,-0.0006826212,-1.4759715e-06,-0.00075428124,0.0014368952,0.0004113751,2.8977079e-06,0.00041238533,-0.0006826212,-1.8689598e-06,5.8354376e-06,-1.0829833e-06,-0.00075428124
2.4,48,5.8434505,0.75,0.0,0.99733347,-0.00055842136,-1.1063276e-05,0.0,0.0,0.0,0.0013972,0.00039730687,4.2499532e-06,-0.0006643126,-1.4369573e-06,-0.00073288905,0.0013972,0.00039681935,2.822488e-06,0.00039779436,-0.0006643126,-1.8145265e-06,5.6774184e-06,-1.0593881e-06,-0.00073288905
2.4,48,5.8833866,0.75,0.0,0.99738896,-0.00054267107,-1.0846499e-05,0.0,0.0,0.0,0.0013588689,0.0003833485,4.137204e-06,-0.0006466089,-1.39914e-06,-0.00071224716,0.0013588689,0.00038287466,2.7496649e-06,0.0003838223,-0.0006466089,-1.7619965e-06,5.5247438e-06,-1.0362836e-06,-0.00071224716
2.4,48,5.9233227,0.75,0.0,0.99744284,-0.00052749633,-1.064517e-05,0.0,0.0,0.0,0.0013218183,0.00036997552,4.0281466e-06,-0.0006294799,-1.3624528e-06,-0.0006923319,0.0013218183,0.0003695147,2.6791154e-06,0.00037043638,-0.0006294799,-1.7112884e-06,5.377178e-06,-1.0136172e-06,-0.0006923319
2.4,48,5.9632587,0.75,0.0,0.9974951,-0.0005128207,-1.04215615e-05,0.0,0.0,0.0,0.0012860275,0.00035715994,3.9226466e-06,-0.000612913,-1.3268899e-06,-0.0006731114,0.0012860275,0.00035671506,2.610779e-06,0.00035760485,-0.000612913,-1.662359e-06,5.234514e-06,-9.914208e-07,-0.0006731114
2.4,48,6.003195,0.75,0.0,0.9975461,-0.0004985995,-9.975988e-06,0.0,0.0,0.0,0.0012514164,0.0003448749,3.820627e-06,-0.00059687294,-1.2923964e-06,-0.0006545528,0.0012514164,0.00034443842,2.5446238e-06,0.00034531136,-0.00059687294,-1.6150982e-06,5.09663e-06,-9.696946e-07,-0.0006545528
2.4,48,6.043131,0.75,0.0,0.9975957,-0.00048494915,-9.800068e-06,0.0,0.0,0.0,0.0012179731,0.0003330956,3.7218585e-06,-0.00058135,-1.2589343e-06,-0.0006366344,0.0012179731,0.00033267116,2.4804767e-06,0.00033352006,-0.00058135,-1.5694665e-06,4.9632404e-06,-9.484021e-07,-0.0006366344
2.4,48,6.083067,0.75,0.0,0.99764407,-0.0004717661,-9.624829e-06,0.0,0.0,0.0,0.001185636,0.00032179497,3.6262645e-06,-0.0005663158,-1.2264939e-06,-0.0006193209,0.001185636,0.00032138271,2.4183305e-06,0.00032220723,-0.0005663158,-1.5253821e-06,4.8341985e-06,-9.276056e-07,-0.0006193209
2.4,48,6.123004,0.75,0.0,0.9976911,-0.00045903103,-9.456651e-06,0.0,0.0,0.0,0.0011543622,0.00031095388,3.533745e-06,-0.000551763,-1.1950151e-06,-0.00060259533,0.0011543622,0.00031055318,2.3581083e-06,0.00031135455,-0.000551763,-1.4828038e-06,4.7093818e-06,-9.0722637e-07,-0.00060259533
2.4,48,6.162939,0.75,0.0,0.9977369,-0.00044672162,-9.368683e-06,0.0,0.0,0.0,0.0011241031,0.0003005477,3.4441541e-06,-0.0005376679,-1.1644719e-06,-0.000586434,0.0011241031,0.00030015607,2.2997042e-06,0.00030093934,-0.0005376679,-1.4416454e-06,4.588604e-06,-8.872984e-07,-0.000586434
2.4,48,6.202875,0.75,0.0,0.9977815,-0.00043482863,-9.206131e-06,0.0,0.0,0.0,0.001094832,0.00029056217,3.3574083e-06,-0.0005240181,-1.1348504e-06,-0.0005708064,0.001094832,0.00029018288,2.2430943e-06,0.00029094142,-0.0005240181,-1.4018809e-06,4.4717226e-06,-8.6781984e-07,-0.0005708064
2.4,48,6.242812,0.75,0.0,0.99782497,-0.00042332138,-9.045664e-06,0.0,0.0,0.0,0.0010664891,0.00028096884,3.2733828e-06,-0.0005107889,-1.1061e-06,-0.00055569946,0.0010664891,0.00028059894,2.1882122e-06,0.00028133875,-0.0005107889,-1.3634327e-06,4.3585533e-06,-8.487672e-07,-0.00055569946
2.4,48,6.2827473,0.75,0.0,0.9978673,-0.00041219813,-8.891216e-06,0.0,0.0,0.0,0.0010390609,0.0002717553,3.1920026e-06,-0.0004979726,-1.078211e-06,-0.0005410919,0.0010390609,0.00027139747,2.1350004e-06,0.00027211313,-0.0004979726,-1.326269e-06,4.2490046e-06,-8.3015294e-07,-0.0005410919
2.4,48,6.3226833,0.75,0.0,0.9979085,-0.00040144217,-8.737079e-06,0.0,0.0,0.0,0.0010125072,0.00026290206,3.113138e-06,-0.00048555326,-1.0511344e-06,-0.0005269612,0.0010125072,0.00026255107,2.0833838e-06,0.00026325308,-0.00048555326,-1.2903082e-06,4.142892e-06,-8.1196066e-07,-0.0005269612
2.4,48,6.3626204,0.75,0.0,0.9979487,-0.00039102536,-8.589081e-06,0.0,0.0,0.0,0.0009867948,0.00025439335,3.0367141e-06,-0.00047350873,-1.0248605e-06,-0.0005132884,0.0009867948,0.00025405022,2.0332998e-06,0.0002547365,-0.00047350873,-1.2555513e-06,4.0401287e-06,-7.941697e-07,-0.0005132884
2.4,48,6.4025564,0.75,0.0,0.9979878,-0.00038095447,-8.44562e-06,0.0,0.0,0.0,0.0009618902,0.0002462156,2.9626342e-06,-0.00046183539,-9.993647e-07,-0.0005000628,0.0009618902,0.00024588298,1.9847157e-06,0.0002465482,-0.00046183539,-1.2219101e-06,3.9405527e-06,-7.768194e-07,-0.0005000628
2.4,48,6.4424915,0.75,0.0,0.998026,-0.0003712054,-8.304586e-06,0.0,0.0,0.0,0.00093776564,0.00023835068,2.890829e-06,-0.0004505149,-9.746109e-07,-0.00048725473,0.00093776564,0.00023802707,1.9375586e-06,0.00023867429,-0.0004505149,-1.1893762e-06,3.844099e-06,-7.5984565e-07,-0.00048725473
2.4,48,6.4824276,0.75,0.0,0.99806327,-0.00036176346,-8.166132e-06,0.0,0.0,0.0,0.00091438374,0.0002307866,2.82121e-06,-0.00043953134,-9.5057806e-07,-0.0004748562,0.00091438374,0.00023046849,1.8918203e-06,0.00023110471,-0.00043953134,-1.157888e-06,3.7505997e-06,-7.43268e-07,-0.0004748562
2.4,48,6.5223646,0.75,0.0,0.99809957,-0.00035262358,-8.032345e-06,0.0,0.0,0.0,0.0008917316,0.00022350761,2.7536976e-06,-0.00042888135,-9.272458e-07,-0.0004628496,0.0008917316,0.00022319965,1.8474141e-06,0.00022381557,-0.00042888135,-1.1274044e-06,3.6599808e-06,-7.2708724e-07,-0.0004628496
2.4,48,6.5622997,0.75,0.0,0.9981349,-0.00034377383,-7.900599e-06,0.0,0.0,0.0,0.0008697771,0.00021650587,2.6882144e-06,-0.00041854687,-9.045857e-07,-0.0004512275,0.0008697771,0.0002162042,1.8043015e-06,0.00021680754,-0.00041854687,-1.0979005e-06,3.5721273e-06,-7.1127084e-07,-0.0004512275
2.4,48,6.602236,0.75,0.0,0.9981695,-0.0003351961,-7.773175e-06,0.0,0.0,0.0,0.0008484799,0.00020976433,2.6246944e-06,-0.00040851854,-8.8258366e-07,-0.00043996048,0.0008484799,0.00020947075,1.7624543e-06,0.00021005791,-0.00040851854,-1.0693293e-06,3.4869342e-06,-6.95838e-07,-0.00043996048
2.4,48,6.642173,0.75,0.0,0.9982031,-0.00032710284,-7.70128e-06,0.0,0.0,0.0,0.00082783034,0.00020327454,2.5630463e-06,-0.00039878767,-8.6120986e-07,-0.00042904879,0.00082783034,0.00020298957,1.7218046e-06,0.00020355952,-0.00039878767,-1.0416517e-06,3.4042882e-06,-6.80768e-07,-0.00042904879
2.4,48,6.682109,0.75,0.0,0.99823594,-0.00031904384,-7.5762446e-06,0.0,0.0,0.0,0.0008078099,0.00019702311,2.5032546e-06,-0.00038934243,-8.4045223e-07,-0.00041846844,0.0008078099,0.00019674607,1.682336e-06,0.00019730015,-0.00038934243,-1.0148561e-06,3.324173e-06,-6.660483e-07,-0.00041846844
2.4,48,6.722044,0.75,0.0,0.998268,-0.0003112296,-7.4541936e-06,0.0,0.0,0.0,0.0007883868,0.00019100336,2.4451767e-06,-0.00038016774,-8.202909e-07,-0.00040822147,0.0007883868,0.00019073063,1.643977e-06,0.00019127609,-0.00038016774,-9.88899e-07,3.2463765e-06,-6.5168274e-07,-0.00040822147
2.4,48,6.761981,0.75,0.0,0.9983016,-0.00030765013,-3.4213338e-06,0.0,0.0,0.0,0.00076954043,0.00018520327,2.3888388e-06,-0.0003712638,-8.007039e-07,-0.00039827812,0.00076954043,0.00018493664,1.6067481e-06,0.00018546991,-0.0003712638,-9.637403e-07,3.1709294e-06,-6.376675e-07,-0.00039827812
2.4,48,6.801917,0.75,0.0,0.9983325,-0.00029566916,1.4695182e-06,0.0,0.0,0.0,0.00075125636,0.00017961346,2.3341277e-06,-0.00036261597,-7.816591e-07,-0.00038863724,0.00075125636,0.00017935473,1.5705449e-06,0.0001798722,-0.00036261597,-9.3935944e-07,3.0977103e-06,-6.239588e-07,-0.00038863724
2.4,48,6.841853,0.75,0.0,0.9983646,-0.00029260042,-2.3957405e-06,0.0,0.0,0.0,0.00073350524,0.00017422473,2.2809836e-06,-0.0003542186,-7.631658e-07,-0.0003792919,0.00073350524,0.00017397339,1.5353653e-06,0.00017447607,-0.0003542186,-9.157296e-07,3.0266017e-06,-6.1060206e-07,-0.0003792919
2.4,48,6.881789,0.75,0.0,0.99839365,-0.00028563116,-2.3887083e-06,0.0,0.0,0.0,0.00071627984,0.00016902873,2.2293839e-06,-0.0003460529,-7.4519096e-07,-0.00037022174,0.00071627984,0.00016878103,1.5011782e-06,0.00016927643,-0.0003460529,-8.9281895e-07,2.9575895e-06,-5.975629e-07,-0.00037022174
2.4,48,6.9217253,0.75,0.0,0.99842197,-0.00027886825,-2.3816885e-06,0.0,0.0,0.0,0.0006995467,0.0001640186,2.1792546e-06,-0.00033812659,-7.277152e-07,-0.000361423,0.0006995467,0.00016377724,1.4679462e-06,0.00016425994,-0.00033812659,-8.706141e-07,2.8905629e-06,-5.848163e-07,-0.000361423
2.4,48,6.9616613,0.75,0.0,0.9984496,-0.00027230513,-2.3755292e-06,0.0,0.0,0.0,0.0006833068,0.00015918666,2.130557e-06,-0.00033041992,-7.107308e-07,-0.0003528877,0.0006833068,0.00015895125,1.4356455e-06,0.00015942207,-0.00033041992,-8.490763e-07,2.8254688e-06,-5.7238526e-07,-0.0003528877
2.4,48,7.0015974,0.75,0.0,0.9984766,-0.00026593142,-2.3684668e-06,0.0,0.0,0.0,0.0006675302,0.00015452478,2.0832372e-06,-0.00032293648,-6.94224e-07,-0.00034460184,0.0006675302,0.00015429374,1.4042356e-06,0.00015475582,-0.00032293648,-8.2819054e-07,2.7622389e-06,-5.602575e-07,-0.00034460184
2.4,48,7.0415335,0.75,0.0,0.998503,-0.0002597475,-2.36243e-06,0.0,0.0,0.0,0.00065220625,0.00015002582,2.0372559e-06,-0.0003156562,-6.781675e-07,-0.00033655565,0.00065220625,0.00014980003,1.3736885e-06,0.00015025162,-0.0003156562,-8.0792245e-07,2.7008232e-06,-5.484126e-07,-0.00033655565
2.4,48,7.0814695,0.75,0.0,0.99852884,-0.00025373694,-2.3557677e-06,0.0,0.0,0.0,0.00063732377,0.00014568359,1.9925496e-06,-0.00030857796,-6.6255825e-07,-0.00032874476,0.00063732377,0.00014546374,1.3439701e-06,0.00014590344,-0.00030857796,-7.882648e-07,2.6411294e-06,-5.3685164e-07,-0.00032874476
2.4,48,7.1214056,0.75,0.0,0.998554,-0.00024790713,-2.3461203e-06,0.0,0.0,0.0,0.00062285113,0.00014149141,1.9490933e-06,-0.0003016962,-6.473789e-07,-0.00032115847,0.00062285113,0.00014127609,1.3150733e-06,0.00014170674,-0.0003016962,-7.6918866e-07,2.5831132e-06,-5.255691e-07,-0.00032115847
2.4,48,7.1613417,0.75,0.0,0.99857897,-0.00023814739,-6.333032e-06,0.0,0.0,0.0,0.00060879317,0.00013744392,1.9068393e-06,-0.00029500062,-6.326145e-07,-0.00031379142,0.00060879317,0.00013723414,1.286955e-06,0.00013765368,-0.00029500062,-7.506731e-07,2.5267236e-06,-5.145559e-07,-0.00031379142
2.4,48,7.2012777,0.75,0.0,0.99860305,-0.0002327311,-6.2385197e-06,0.0,0.0,0.0,0.00059512904,0.00013353472,1.865741e-06,-0.0002884955,-6.182554e-07,-0.0003066321,0.00059512904,0.00013332884,1.2595915e-06,0.00013374061,-0.0002884955,-7.327075e-07,2.4718904e-06,-5.0380334e-07,-0.0003066321
2.4,48,7.241214,0.75,0.0,0.99862653,-0.00022746569,-6.1451865e-06,0.0,0.0,0.0,0.0005818426,0.00012975803,1.8257823e-06,-0.00028216193,-6.04283e-07,-0.00029967728,0.0005818426,0.00012955685,1.2329615e-06,0.00012995921,-0.00028216193,-7.1525574e-07,2.4186031e-06,-4.9331027e-07,-0.00029967728
2.4,48,7.28115,0.75,0.0,0.9986496,-0.00022235101,-6.055523e-06,0.0,0.0,0.0,0.00056892406,0.00012610959,1.7868961e-06,-0.00027600376,-5.906877e-07,-0.0002929215,0.00056892406,0.00012591344,1.2070399e-06,0.00012630573,-0.00027600376,-6.983157e-07,2.3667521e-06,-4.8305964e-07,-0.0002929215
2.4,48,7.321086,0.75,0.0,0.99867207,-0.00021737823,-5.9668755e-06,0.0,0.0,0.0,0.0005563608,0.00012258315,1.749065e-06,-0.0002700116,-5.7746263e-07,-0.00028635113,0.0005563608,0.00012239133,1.1818156e-06,0.00012277497,-0.0002700116,-6.818633e-07,2.3163143e-06,-4.730619e-07,-0.00028635113
2.4,48,7.361023,0.75,0.0,0.99869406,-0.00021254219,-5.882336e-06,0.0,0.0,0.0,0.0005441445,0.00011917461,1.7122563e-06,-0.00026417547,-5.6459373e-07,-0.0002799667,0.0005441445,0.00011898602,1.1572521e-06,0.00011936321,-0.00026417547,-6.6588876e-07,2.2672605e-06,-4.6329865e-07,-0.0002799667
2.4,48,7.400958,0.75,0.0,0.9987156,-0.00020784754,-5.794877e-06,0.0,0.0,0.0,0.0005322609,0.000115880495,1.6764387e-06,-0.00025849958,-5.5206726e-07,-0.00027376035,0.0005322609,0.0001156963,1.1333445e-06,0.0001160647,-0.00025849958,-6.5037005e-07,2.219533e-06,-4.5376453e-07,-0.00027376035
2.4,48,7.440894,0.75,0.0,0.9987367,-0.00020338377,-5.660577e-06,0.0,0.0,0.0,0.0005206993,0.00011269405,1.6415834e-06,-0.0002529732,-5.398779e-07,-0.00026772585,0.0005206993,0.00011251435,1.1100551e-06,0.00011287374,-0.0002529732,-6.3529257e-07,2.1731116e-06,-4.4446313e-07,-0.00026772585
2.4,48,7.480831,0.75,0.0,0.9987572,-0.00019888216,-5.588207e-06,0.0,0.0,0.0,0.00050944503,0.000109612956,1.6076287e-06,-0.00024759155,-5.2800874e-07,-0.0002618537,0.00050944503,0.00010943698,1.0873563e-06,0.00010978894,-0.00024759155,-6.2063896e-07,2.127901e-06,-4.353785e-07,-0.0002618537
2.4,48,7.520767,0.75,0.0,0.9987773,-0.00019455973,-5.508145e-06,0.0,0.0,0.0,0.0004984956,0.00010663277,1.5745911e-06,-0.00024235087,-5.1645503e-07,-0.00025614398,0.0004984956,0.000106460066,1.0652728e-06,0.00010680548,-0.00024235087,-6.0639627e-07,2.0839095e-06,-4.2651376e-07,-0.00025614398
2.4,48,7.5607023,0.75,0.0,0.998797,-0.00019035107,-5.4323173e-06,0.0,0.0,0.0,0.00048783584,0.000103748614,1.5424096e-06,-0.00023724859,-5.05205e-07,-0.00025058887,0.00048783584,0.00010358007,1.0437451e-06,0.00010391716,-0.00023724859,-5.925592e-07,2.0410741e-06,-4.178507e-07,-0.00025058887
2.4,48,7.6006393,0.75,0.0,0.9988163,-0.00018626176,-5.3575127e-06,0.0,0.0,0.0,0.00047745885,0.00010095848,1.5110551e-06,-0.0002322786,-4.9424625e-07,-0.00024518295,0.00047745885,0.000100793164,1.0227611e-06,0.0001011238,-0.0002322786,-5.7910404e-07,1.999349e-06,-4.0938852e-07,-0.00024518295
2.4,48,7.6405754,0.75,0.0,0.9988352,-0.00018227226,-5.284725e-06,0.0,0.0,0.0,0.00046736083,9.825755e-05,1.4805337e-06,-0.00022743597,-4.835802e-07,-0.00023992434,0.00046736083,9.8096396e-05,1.0023149e-06,9.8418706e-05,-0.00022743597,-5.66027e-07,1.9587524e-06,-4.0113346e-07,-0.00023992434
2.4,48,7.6805105,0.75,0.0,0.9988537,-0.00017839481,-5.2116384e-06,0.0,0.0,0.0,0.0004575278,9.5644136e-05,1.4507903e-06,-0.00022272018,-4.7319168e-07,-0.00023480403,0.0004575278,9.548638e-05,9.823997e-07,9.58019e-05,-0.00022272018,-5.533049e-07,1.919181e-06,-3.930784e-07,-0.00023480403
2.4,48,7.7204475,0.75,0.0,0.9988717,-0.00017461398,-5.140937e-06,0.0,0.0,0.0,0.0004479478,9.311274e-05,1.4218078e-06,-0.00021812516,-4.630697e-07,-0.00022981981,0.0004479478,9.295746e-05,9.629761e-07,9.326803e-05,-0.00021812516,-5.4093493e-07,1.8806397e-06,-3.852045e-07,-0.00022981981
2.4,48,7.7603836,0.75,0.0,0.99888945,-0.00017092674,-5.038352e-06,0.0,0.0,0.0,0.00043861446,9.06615e-05,1.3935753e-06,-0.00021364671,-4.532065e-07,-0.00022496752,0.00043861446,9.050966e-05,9.4405016e-07,9.0813344e-05,-0.00021364671,-5.289036e-07,1.8431003e-06,-3.775094e-07,-0.00022496752
2.4,48,7.8003197,0.75,0.0,0.9989068,-0.00016734842,-4.9727983e-06,0.0,0.0,0.0,0.00042952766,8.828785e-05,1.3660521e-06,-0.00020928214,-4.435986e-07,-0.00022024213,0.00042952766,8.8139146e-05,9.255897e-07,8.8436565e-05,-0.00020928214,-5.1719763e-07,1.8065144e-06,-3.6999955e-07,-0.00022024213
2.4,48,7.8402557,0.75,0.0,0.9989238,-0.00016386181,-4.908157e-06,0.0,0.0,0.0,0.00042067113,8.598877e-05,1.3392269e-06,-0.00020502876,-4.342416e-07,-0.00021564473,0.00042067113,8.584277e-05,9.0759033e-07,8.613478e-05,-0.00020502876,-5.0581417e-07,1.7708633e-06,-3.6266903e-07,-0.00021564473
2.4,48,7.880192,0.75,0.0,0.9989404,-0.00016046784,-4.842988e-06,0.0,0.0,0.0,0.00041203824,8.37604e-05,1.313071e-06,-0.00020087959,-4.2511763e-07,-0.00021116323,0.00041203824,8.3617866e-05,8.9003737e-07,8.3902945e-05,-0.00020087959,-4.947335e-07,1.7361047e-06,-3.5550175e-07,-0.00021116323
2.4,48,7.920128,0.75,0.0,0.99895674,-0.00015716016,-4.7767485e-06,0.0,0.0,0.0,0.00040363238,8.160174e-05,1.2875743e-06,-0.00019683686,-4.1622854e-07,-0.00020679727,0.00040363238,8.146119e-05,8.729119e-07,8.17423e-05,-0.00019683686,-4.8395236e-07,1.7022365e-06,-3.485047e-07,-0.00020679727
2.4,48,7.960064,0.75,0.0,0.9989727,-0.00015393877,-4.7147023e-06,0.0,0.0,0.0,0.0003954371,7.950963e-05,1.262708e-06,-0.00019289342,-4.0756436e-07,-0.00020254361,0.0003954371,7.937193e-05,8.562127e-07,7.9647325e-05,-0.00019289342,-4.7345793e-07,1.6692034e-06,-3.4167078e-07,-0.00020254361
2.4,48,8.0,0.75,0.0,0.9989885,-0.00015091946,-4.529498e-06,0.0,0.0,0.0,0.00038744806,7.748135e-05,1.2384592e-06,-0.00018904704,-3.9911447e-07,-0.00019839896,0.00038744806,7.734685e-05,8.399238e-07,7.761585e-05,-0.00018904704,-4.632413e-07,1.6369944e-06,-3.3498765e-07,-0.00019839896
3.0,60,-4.5,0.75,0.0,0.99546343,0.0010972223,-5.4275406e-06,0.0,0.0,0.0,-0.0028096763,0.00093634974,-1.9628476e-06,0.0013094153,3.551643e-07,0.0015002835,-0.0028096763,0.0009369963,-1.5479596e-06,0.0009357031,0.0013094153,5.482109e-09,-2.3777354e-06,7.048465e-07,0.0015002835
3.0,60,-4.460064,0.75,0.0,0.99535143,0.0011344395,-5.575572e-06,0.0,0.0,0.0,-0.0029019003,0.0009762062,-2.0258346e-06,0.0013505467,3.6975712e-07,0.0015513452,-0.0029019003,0.0009768691,-1.5987197e-06,0.0009755433,0.0013505467,7.947124e-09,-2.4529497e-06,7.315671e-07,0.0015513452
3.0,60,-4.420128,0.75,0.0,0.995236,0.0011733791,-5.946788e-06,0.0,0.0,0.0,-0.0029978447,0.001018106,-2.091261e-06,0.0013932672,3.850452e-07,0.0016045688,-0.0029978447,0.0010187945,-1.651487e-06,0.0010174176,0.0013932672,1.0604591e-08,-2.5310349e-06,7.5948583e-07,0.0016045688
3.0,60,-4.380192,0.75,0.0,0.9951164,0.001214042,-6.1957207e-06,0.0,0.0,0.0,-0.003097737,0.0010621615,-2.1593905e-06,0.0014376586,4.0107318e-07,0.0016600859,-0.003097737,0.0010628613,-1.7064779e-06,0.0010614616,0.0014376586,1.3470455e-08,-2.612303e-06,7.886759e-07,0.0016600859
3.0,60,-4.3402557,0.75,0.0,0.994993,0.001256274,-6.3700827e-06,0.0,0.0,0.0,-0.003201785,0.001108508,-2.2302538e-06,0.0014837622,4.178998e-07,0.0017180225,-0.003201785,0.001109226,-1.763671e-06,0.0011077899,0.0014837622,1.653232e-08,-2.6968369e-06,8.1926726e-07,0.0017180225
3.0,60,-4.3003197,0.75,0.0,0.9948653,0.001300531,-6.4115707e-06,0.0,0.0,0.0,-0.0033101295,0.0011572998,-2.3037765e-06,0.0015316537,4.355423e-07,0.0017785034,-0.0033101295,0.0011580432,-1.8231556e-06,0.0011565564,0.0015316537,1.9839451e-08,-2.784397e-06,8.5124515e-07,0.0017785034
3.0,60,-4.2603836,0.75,0.0,0.99473333,0.001346543,-6.648962e-06,0.0,0.0,0.0,-0.0034230666,0.0012086772,-2.3805437e-06,0.0015814244,4.5408495e-07,0.0018416324,-0.0034230666,0.0012094573,-1.8852406e-06,0.0012078972,0.0015814244,2.3406601e-08,-2.8758468e-06,8.847633e-07,0.0018416324
3.0,60,-4.220447,0.75,0.0,0.99459726,0.0013944717,-6.767128e-06,0.0,0.0,0.0,-0.0035407995,0.0012627712,-2.4603385e-06,0.0016331616,4.735181e-07,0.0019075888,-0.0035407995,0.0012635662,-1.9499053e-06,0.0012619762,0.0016331616,2.7220322e-08,-2.9707717e-06,9.198159e-07,0.0019075888
3.0,60,-4.180511,0.75,0.0,0.9944562,0.0014446821,-6.96324e-06,0.0,0.0,0.0,-0.0036634558,0.0013198026,-2.5434178e-06,0.0016869665,4.93982e-07,0.0019765268,-0.0036634558,0.0013206278,-2.0173813e-06,0.0013189774,0.0016869665,3.1339304e-08,-3.0694546e-06,9.566247e-07,0.0019765268
3.0,60,-4.140575,0.75,0.0,0.99431,0.0014970115,-7.2880566e-06,0.0,0.0,0.0,-0.0037914286,0.0013799347,-2.6299995e-06,0.0017429214,5.1546715e-07,0.0020485676,-0.0037914286,0.0013807619,-2.087672e-06,0.0013791076,0.0017429214,3.577171e-08,-3.1723266e-06,9.951626e-07,0.0020485676
3.0,60,-4.100639,0.75,0.0,0.9941589,0.0015518825,-7.500256e-06,0.0,0.0,0.0,-0.003924982,0.0014433463,-2.7201302e-06,0.0018010915,5.3803933e-07,0.002123923,-0.003924982,0.0014442324,-2.160979e-06,0.0014424601,0.0018010915,4.0527755e-08,-3.2792814e-06,1.0355509e-06,0.002123923
3.0,60,-4.060703,0.75,0.0,0.99400234,0.0016091092,-7.5611256e-06,0.0,0.0,0.0,-0.0040643103,0.001510268,-2.814189e-06,0.0018616217,5.6177475e-07,0.0022026952,-0.0040643103,0.001511176,-2.2375302e-06,0.0015093599,0.0018616217,4.566354e-08,-3.3908477e-06,1.0778859e-06,0.0022026952
3.0,60,-4.0207667,0.75,0.0,0.9938404,0.001669159,-7.787157e-06,0.0,0.0,0.0,-0.0042097783,0.0015809173,-2.9121388e-06,0.0019246114,5.8678086e-07,0.0022852174,-0.0042097783,0.0015818543,-2.3174198e-06,0.0015799802,0.0019246114,5.1190536e-08,-3.506858e-06,1.1223711e-06,0.0022852174
3.0,60,-3.9808307,0.75,0.0,0.99367267,0.001732046,-8.0509835e-06,0.0,0.0,0.0,-0.0043617166,0.0016555318,-3.0143724e-06,0.0019901795,6.130699e-07,0.0023715266,-0.0043617166,0.0016565009,-2.400843e-06,0.0016545629,0.0019901795,5.7102742e-08,-3.627902e-06,1.1690371e-06,0.0023715266
3.0,60,-3.9408946,0.75,0.0,0.99349886,0.0017978721,-8.297445e-06,0.0,0.0,0.0,-0.004520349,0.0017343976,-3.1210755e-06,0.0020583938,6.4073464e-07,0.0024620022,-0.004520349,0.001735409,-2.4879757e-06,0.0017333862,0.0020583938,6.347462e-08,-3.7541752e-06,1.2179946e-06,0.0024620022
3.0,60,-3.9009585,0.75,0.0,0.99331874,0.0018668438,-8.553157e-06,0.0,0.0,0.0,-0.0046861987,0.0018177717,-3.23231e-06,0.0021294863,6.6990526e-07,0.002556789,-0.0046861987,0.001818828,-2.5789375e-06,0.0018167152,0.0021294863,7.033587e-08,-3.8856824e-06,1.2694746e-06,0.002556789
3.0,60,-3.8610225,0.75,0.0,0.9931317,0.0019392397,-8.825979e-06,0.0,0.0,0.0,-0.0048596286,0.0019059617,-3.3485207e-06,0.002203448,7.0064766e-07,0.00265613,-0.0048596286,0.0019070267,-2.674121e-06,0.0019048966,0.002203448,7.773552e-08,-4.02292e-06,1.3235598e-06,0.00265613
3.0,60,-3.8210862,0.75,0.0,0.99293804,0.002014796,-9.021438e-06,0.0,0.0,0.0,-0.0050408444,0.001999286,-3.4698332e-06,0.002280559,7.330181e-07,0.0027603095,-0.0050408444,0.0020004173,-2.7736749e-06,0.0019981544,0.002280559,8.567516e-08,-4.165992e-06,1.380361e-06,0.0027603095
3.0,60,-3.78115,0.75,0.0,0.99271953,0.0021236239,-3.5924397e-05,0.0,0.0,0.0,-0.0052304678,0.002098116,-3.5966114e-06,0.002360834,7.671779e-07,0.0028696228,-0.0052304678,0.0020992963,-2.877792e-06,0.0020969359,0.002360834,9.4227474e-08,-4.3154305e-06,1.4401282e-06,0.0028696228
3.0,60,-3.741214,0.75,0.0,0.9925103,0.0022079886,-3.7261423e-05,0.0,0.0,0.0,-0.0054288814,0.0022028063,-3.7290297e-06,0.002444495,8.0324037e-07,0.0029843494,-0.0054288814,0.0022040259,-2.9866096e-06,0.0022015867,0.002444495,1.0343802e-07,-4.4714498e-06,1.5030428e-06,0.0029843494
3.0,60,-3.701278,0.75,0.0,0.9922461,0.0023162833,-2.324819e-05,0.0,0.0,0.0,-0.005636505,0.0023137606,-3.8675394e-06,0.0025316682,8.412735e-07,0.0031048614,-0.005636505,0.0023150002,-3.1006612e-06,0.0023125208,0.0025316682,1.1337494e-07,-4.6344176e-06,1.5691721e-06,0.0031048614
3.0,60,-3.661342,0.75,0.0,0.99201894,0.0024103387,-2.3811172e-05,0.0,0.0,0.0,-0.0058539957,0.0024314257,-4.0122823e-06,0.0026226083,8.8144407e-07,0.0032314444,-0.0058539957,0.0024326704,-3.2200096e-06,0.0024301813,0.0026226083,1.2405786e-07,-4.804555e-06,1.6388303e-06,0.0032314444
3.0,60,-3.6214056,0.75,0.0,0.9917532,0.0025130704,-1.9530662e-05,0.0,0.0,0.0,-0.006081762,0.0025562674,-4.164012e-06,0.0027173394,9.238967e-07,0.003364463,-0.006081762,0.0025575925,-3.3452554e-06,0.0025549424,0.0027173394,1.355987e-07,-4.9827686e-06,1.7121947e-06,0.003364463
3.0,60,-3.5814695,0.75,0.0,0.99150676,0.0026056531,-8.56614e-06,0.0,0.0,0.0,-0.0063205,0.0026888447,-4.3225145e-06,0.0028161143,9.687462e-07,0.0035043773,-0.0063205,0.002690265,-3.4763368e-06,0.0026874242,0.0028161143,1.4802352e-07,-5.1686925e-06,1.789469e-06,0.0035043773
3.0,60,-3.5415335,0.75,0.0,0.9912506,0.0027282725,6.555888e-07,0.0,0.0,0.0,-0.006570725,0.0028296206,-4.488672e-06,0.0029191417,1.0161897e-06,0.0036515528,-0.006570725,0.0028310665,-3.6138977e-06,0.0028281745,0.0029191417,1.614002e-07,-5.363446e-06,1.8709791e-06,0.0036515528
3.0,60,-3.5015974,0.75,0.0,0.9909906,0.0028359299,-6.7929373e-06,0.0,0.0,0.0,-0.00683307,0.002979246,-4.6625714e-06,0.0030265814,1.066375e-06,0.0038065005,-0.00683307,0.0029807177,-3.758197e-06,0.0029777742,0.0030265814,1.7583984e-07,-5.5669457e-06,1.9569102e-06,0.0038065005
3.0,60,-3.4616613,0.75,0.0,0.9906996,0.0029468867,-7.101372e-06,0.0,0.0,0.0,-0.007108366,0.0031383834,-4.84471e-06,0.0031386889,1.1194612e-06,0.0039696633,-0.007108366,0.003139888,-3.9095103e-06,0.003136879,0.0031386889,1.9139162e-07,-5.7799098e-06,2.0475309e-06,0.0039696633
3.0,60,-3.4217253,0.75,0.0,0.99041474,0.0030946757,-1.1616197e-05,0.0,0.0,0.0,-0.0073971627,0.003307705,-5.035955e-06,0.0032555738,1.1756781e-06,0.004141575,-0.0073971627,0.00330931,-4.068515e-06,0.0033061001,0.0032555738,2.0820129e-07,-6.0033944e-06,2.143155e-06,0.004141575
3.0,60,-3.3817892,0.75,0.0,0.99011445,0.003229782,-1.2008497e-05,0.0,0.0,0.0,-0.0077004367,0.0034880047,-5.236231e-06,0.0033775154,1.2352829e-06,0.0043228404,-0.0077004367,0.0034896706,-4.235312e-06,0.003486339,0.0033775154,2.2637025e-07,-6.2371496e-06,2.2441955e-06,0.0043228404
3.0,60,-3.3418531,0.75,0.0,0.9897915,0.0033600465,-1.6093718e-05,0.0,0.0,0.0,-0.0080187,0.0036800355,-5.4465645e-06,0.0035047752,1.2984046e-06,0.004514015,-0.0080187,0.0036817158,-4.41083e-06,0.0036783551,0.0035047752,2.459578e-07,-6.4822993e-06,2.3508514e-06,0.004514015
3.0,60,-3.301917,0.75,0.0,0.9894657,0.0035099552,-1.6488773e-05,0.0,0.0,0.0,-0.008353344,0.003884748,-5.6672147e-06,0.0036375679,1.3654005e-06,0.0047157267,-0.008353344,0.003886526,-4.5951942e-06,0.0038829704,0.0036375679,2.6717612e-07,-6.7392352e-06,2.463625e-06,0.0047157267
3.0,60,-3.2619808,0.75,0.0,0.9891165,0.0036582036,-1.3125569e-05,0.0,0.0,0.0,-0.008704847,0.0041031176,-5.8990877e-06,0.0037761547,1.4364508e-06,0.0049287626,-0.008704847,0.0041049793,-4.7892613e-06,0.0041012564,0.0037761547,2.9008714e-07,-7.008914e-06,2.5828144e-06,0.0049287626
3.0,60,-3.2220447,0.75,0.0,0.98876184,0.003825195,-1.3605579e-05,0.0,0.0,0.0,-0.009074584,0.0043361615,-6.1425753e-06,0.003920709,1.5119044e-06,0.0051537612,-0.009074584,0.004338063,-4.993316e-06,0.0043342602,0.003920709,3.1480167e-07,-7.291834e-06,2.7090073e-06,0.0051537612
3.0,60,-3.1821086,0.75,0.0,0.988392,0.0040016803,-1.4074798e-05,0.0,0.0,0.0,-0.009463134,0.004585064,-6.3985844e-06,0.004071578,1.5920258e-06,0.0053916783,-0.009463134,0.0045870817,-5.2083233e-06,0.004583047,0.004071578,3.4169395e-07,-7.588845e-06,2.8423576e-06,0.0053916783
3.0,60,-3.1421723,0.75,0.0,0.9880063,0.004188308,-1.457426e-05,0.0,0.0,0.0,-0.009872133,0.004851062,-6.667667e-06,0.0042289565,1.6772522e-06,0.0056431927,-0.009872133,0.0048531042,-5.43453e-06,0.0048490195,0.0042289565,3.7068477e-07,-7.900804e-06,2.9838195e-06,0.0056431927
3.0,60,-3.1022363,0.75,0.0,0.98760533,0.00437815,-1.0371428e-05,0.0,0.0,0.0,-0.010302674,0.00513546,-6.950832e-06,0.0043931953,1.7677487e-06,0.0059095304,-0.010302674,0.00513756,-5.673024e-06,0.00513336,0.0043931953,4.0209807e-07,-8.22864e-06,3.1333993e-06,0.0059095304
3.0,60,-3.0623002,0.75,0.0,0.987191,0.0045751,-5.626937e-07,0.0,0.0,0.0,-0.010755877,0.0054398905,-7.248851e-06,0.004564491,1.8641185e-06,0.006191443,-0.010755877,0.0054421294,-5.9245417e-06,0.005437651,0.004564491,4.3619585e-07,-8.573161e-06,3.2920411e-06,0.006191443
3.0,60,-3.0223641,0.75,0.0,0.9867587,0.004785875,-4.139364e-06,0.0,0.0,0.0,-0.011233397,0.0057658367,-7.562752e-06,0.004743196,1.966747e-06,0.0064901263,-0.011233397,0.0057681557,-6.189949e-06,0.005763517,0.004743196,4.7313532e-07,-8.935555e-06,3.4603586e-06,0.0064901263
3.0,60,-2.982428,0.75,0.0,0.98631823,0.005032979,-2.1296657e-05,0.0,0.0,0.0,-0.01173631,0.0061151264,-7.8935145e-06,0.0049295416,2.0759517e-06,0.006806857,-0.01173631,0.0061176126,-6.469775e-06,0.0061126407,0.0049295416,5.132604e-07,-9.317254e-06,3.6386427e-06,0.006806857
3.0,60,-2.942492,0.75,0.0,0.98583573,0.0052677738,-3.48387e-05,0.0,0.0,0.0,-0.01226663,0.0064897407,-8.242379e-06,0.0051237443,2.1924632e-06,0.0071428744,-0.01226663,0.0064923284,-6.7654873e-06,0.0064871525,0.0051237443,5.567701e-07,-9.719271e-06,3.8281564e-06,0.0071428744
3.0,60,-2.902556,0.75,0.0,0.9853357,0.005547316,-1.8566854e-05,0.0,0.0,0.0,-0.012825722,0.0068916837,-8.609811e-06,0.005326255,2.3166185e-06,0.0074994825,-0.012825722,0.0068943417,-7.0776196e-06,0.006889025,0.005326255,6.040048e-07,-1.0142002e-05,4.029232e-06,0.0074994825
3.0,60,-2.8626199,0.75,0.0,0.98481613,0.005822869,-1.657556e-05,0.0,0.0,0.0,-0.0134157045,0.007323388,-8.9980595e-06,0.0055372515,2.4492078e-06,0.007878342,-0.0134157045,0.0073262067,-7.408009e-06,0.0073205694,0.0055372515,6.5534584e-07,-1.058811e-05,4.2430697e-06,0.007878342
3.0,60,-2.8226838,0.75,0.0,0.9842704,0.0061201965,-1.7179744e-05,0.0,0.0,0.0,-0.014038233,0.0077872956,-9.4076495e-06,0.005756867,2.590695e-06,0.008281197,-0.014038233,0.0077902125,-7.756893e-06,0.0077843782,0.005756867,7.112031e-07,-1.1058407e-05,4.470187e-06,0.008281197
3.0,60,-2.7827475,0.75,0.0,0.98370934,0.0064495,-5.0154604e-06,0.0,0.0,0.0,-0.014694941,0.008286315,-9.840716e-06,0.005985554,2.741915e-06,0.008709469,-0.014694941,0.008289477,-8.126458e-06,0.008283153,0.005985554,7.720225e-07,-1.1554976e-05,4.711808e-06,0.008709469
3.0,60,-2.7428114,0.75,0.0,0.983112,0.0067868032,-5.3307813e-06,0.0,0.0,0.0,-0.015388741,0.008823283,-1.0298577e-05,0.0062234346,2.903665e-06,0.009165374,-0.015388741,0.008826416,-8.517792e-06,0.008820149,0.0062234346,8.382998e-07,-1.2079362e-05,4.96903e-06,0.009165374
3.0,60,-2.7028756,0.75,0.0,0.9824791,0.007136285,1.1650609e-06,0.0,0.0,0.0,-0.016121492,0.009401746,-1.0782631e-05,0.0064706313,3.0766253e-06,0.0096509615,-0.016121492,0.009405047,-8.932348e-06,0.009398446,0.0064706313,9.1043074e-07,-1.2632913e-05,5.24282e-06,0.0096509615
3.0,60,-2.662939,0.75,0.0,0.98183346,0.007531146,-1.1618646e-05,0.0,0.0,0.0,-0.016895732,0.010025407,-1.1294684e-05,0.006727315,3.2617777e-06,0.010168601,-0.016895732,0.0100289285,-9.371352e-06,0.010021886,0.006727315,9.890906e-07,-1.3218017e-05,5.534465e-06,0.010168601
3.0,60,-2.623003,0.75,0.0,0.9811464,0.007939014,-1.2438769e-05,0.0,0.0,0.0,-0.017714422,0.010698174,-1.1837267e-05,0.0069936495,3.4603208e-06,0.010720599,-0.017714422,0.010701698,-9.8370465e-06,0.01069465,0.0069936495,1.074978e-06,-1.3837488e-05,5.8456635e-06,0.010720599
3.0,60,-2.5830672,0.75,0.0,0.98043084,0.008366247,4.8449533e-07,0.0,0.0,0.0,-0.01857941,0.011424849,-1.2412169e-05,0.007269679,3.6729953e-06,0.011309911,-0.01857941,0.011428613,-1.0331515e-05,0.0114210835,0.007269679,1.1687608e-06,-1.4492822e-05,6.17723e-06,0.011309911
3.0,60,-2.543131,0.75,0.0,0.9796758,0.008831412,1.0227659e-06,0.0,0.0,0.0,-0.019494463,0.012209907,-1.3021698e-05,0.0075553604,3.9011884e-06,0.011939469,-0.019494463,0.012213772,-1.0856389e-05,0.012206042,0.0075553604,1.271185e-06,-1.5187005e-05,6.531192e-06,0.011939469
3.0,60,-2.5031948,0.75,0.0,0.9788936,0.0093442295,-1.1528447e-05,0.0,0.0,0.0,-0.020462811,0.013058984,-1.3668233e-05,0.007850459,4.1461617e-06,0.012612314,-0.020462811,0.013063015,-1.1413727e-05,0.013054952,0.007850459,1.38331e-06,-1.5922738e-05,6.909014e-06,0.012612314
3.0,60,-2.4632587,0.75,0.0,0.97806776,0.009862222,-2.2181872e-05,0.0,0.0,0.0,-0.02148684,0.013978275,-1.435462e-05,0.0081547275,4.40945e-06,0.013332382,-0.02148684,0.013982543,-1.20066425e-05,0.013974006,0.0081547275,1.5060016e-06,-1.6702597e-05,7.3128986e-06,0.013332382
3.0,60,-2.4233227,0.75,0.0,0.97719485,0.010431196,-2.3049182e-05,0.0,0.0,0.0,-0.022571057,0.01497418,-1.50838605e-05,0.008467842,4.6926143e-06,0.01410314,-0.022571057,0.0149786435,-1.2636803e-05,0.014969716,0.008467842,1.6404139e-06,-1.7530918e-05,7.744815e-06,0.01410314
3.0,60,-2.3833866,0.75,0.0,0.9762919,0.011048052,-2.781815e-05,0.0,0.0,0.0,-0.023718273,0.016054265,-1.5859096e-05,0.008789182,4.9973532e-06,0.014929041,-0.023718273,0.016058713,-1.3307888e-05,0.016049817,0.008789182,1.7877705e-06,-1.8410303e-05,8.2069355e-06,0.014929041
3.0,60,-2.3434505,0.75,0.0,0.9753425,0.0117097385,-2.524139e-05,0.0,0.0,0.0,-0.024932688,0.01722643,-1.6684084e-05,0.00911815,5.3254203e-06,0.015814621,-0.024932688,0.017231358,-1.4022357e-05,0.017221501,0.00911815,1.9494457e-06,-1.934581e-05,8.701395e-06,0.015814621
3.0,60,-2.3035145,0.75,0.0,0.97433156,0.012412374,-2.6333664e-05,0.0,0.0,0.0,-0.026218615,0.018499635,-1.7561968e-05,0.009453467,5.679113e-06,0.01676524,-0.026218615,0.018504962,-1.478318e-05,0.018494308,0.009453467,2.1269132e-06,-2.0340756e-05,9.231313e-06,0.01676524
3.0,60,-2.2635782,0.75,0.0,0.9732769,0.013174579,-1.7761175e-05,0.0,0.0,0.0,-0.027580127,0.019883998,-1.8497507e-05,0.00979394,6.060565e-06,0.01778654,-0.027580127,0.01988918,-1.5594691e-05,0.019878816,0.00979394,2.321959e-06,-2.1400321e-05,9.799171e-06,0.01778654
3.0,60,-2.223642,0.75,0.0,0.972165,0.014000637,-1.9119023e-05,0.0,0.0,0.0,-0.029021787,0.021390848,-1.9494744e-05,0.010137669,6.4725523e-06,0.018884001,-0.029021787,0.021396497,-1.646023e-05,0.021385198,0.010137669,2.536667e-06,-2.2529259e-05,1.0408437e-05,0.018884001
3.0,60,-2.183706,0.75,0.0,0.971005,0.01487495,-2.758808e-06,0.0,0.0,0.0,-0.030547623,0.023032285,-2.0558427e-05,0.010482871,6.917593e-06,0.020065177,-0.030547623,0.023038102,-1.7383685e-05,0.023026466,0.010482871,2.7730384e-06,-2.373317e-05,1.1062148e-05,0.020065177
3.0,60,-2.14377,0.75,0.0,0.9697874,0.01583362,-7.874476e-06,0.0,0.0,0.0,-0.032162998,0.02482212,-2.1694428e-05,0.010826467,7.3989627e-06,0.021336744,-0.032162998,0.024827993,-1.8369745e-05,0.024816245,0.010826467,3.0334595e-06,-2.5019113e-05,1.1764466e-05,0.021336744
3.0,60,-2.103834,0.75,0.0,0.96847904,0.016821107,-2.6625732e-05,0.0,0.0,0.0,-0.03387274,0.026775517,-2.2907865e-05,0.011165805,7.920316e-06,0.022707354,-0.03387274,0.026781848,-1.9423138e-05,0.026769184,0.011165805,3.3208273e-06,-2.639259e-05,1.2519806e-05,0.022707354
3.0,60,-2.0638978,0.75,0.0,0.9671113,0.01791867,-2.323027e-05,0.0,0.0,0.0,-0.03568222,0.028909825,-2.420594e-05,0.011496179,8.485007e-06,0.024186077,-0.03568222,0.02891638,-2.054925e-05,0.028903268,0.011496179,3.6381705e-06,-2.7862628e-05,1.33318445e-05,0.024186077
3.0,60,-2.0239615,0.75,0.0,0.9656651,0.019102473,-1.2835032e-05,0.0,0.0,0.0,-0.03759544,0.031243669,-2.5595175e-05,0.0118128555,9.097645e-06,0.02578257,-0.03759544,0.031250406,-2.1753402e-05,0.031236932,0.0118128555,3.9889455e-06,-2.943695e-05,1.4206344e-05,0.02578257
3.0,60,-1.9840255,0.75,0.0,0.96413666,0.020373443,-2.471696e-05,0.0,0.0,0.0,-0.039616898,0.033798974,-2.7082224e-05,0.012110033,9.76254e-06,0.027507264,-0.039616898,0.03380668,-2.3041226e-05,0.033791266,0.012110033,4.37705e-06,-3.112322e-05,1.5148029e-05,0.027507264
3.0,60,-1.9440894,0.75,0.0,0.96251285,0.021735482,-2.878535e-05,0.0,0.0,0.0,-0.041754033,0.036598753,-2.8676546e-05,0.01238033,1.0485277e-05,0.029373605,-0.041754033,0.03660687,-2.4419687e-05,0.036590636,0.01238033,4.80694e-06,-3.2933403e-05,1.6163614e-05,0.029373605
3.0,60,-1.9041533,0.75,0.0,0.9608212,0.023267891,-3.3646567e-05,0.0,0.0,0.0,-0.04400814,0.039669994,-3.0387098e-05,0.01261473,1.1271679e-05,0.03139309,-0.04400814,0.039678015,-2.5894658e-05,0.039661974,0.01261473,5.283654e-06,-3.487954e-05,1.7259703e-05,0.03139309
3.0,60,-1.8642173,0.75,0.0,0.9590345,0.024887461,-3.4026853e-05,0.0,0.0,0.0,-0.046384253,0.043042384,-3.222361e-05,0.012802648,1.21282155e-05,0.033582322,-0.046384253,0.043049913,-2.7474614e-05,0.04303486,0.012802648,5.8126143e-06,-3.69726e-05,1.8443816e-05,0.033582322
3.0,60,-1.8242812,0.75,0.0,0.95713747,0.026649857,-2.4298759e-05,0.0,0.0,0.0,-0.048886616,0.046749342,-3.4196404e-05,0.012931216,1.306276e-05,0.035956115,-0.048886616,0.04675704,-2.9166284e-05,0.046741646,0.012931216,6.4004284e-06,-3.9226525e-05,1.9725092e-05,0.035956115
3.0,60,-1.7843449,0.75,0.0,0.9551241,0.028564215,-4.2173044e-05,0.0,0.0,0.0,-0.051515892,0.050828464,-3.6318663e-05,0.012984916,1.4082572e-05,0.038531527,-0.051515892,0.050836578,-3.0978506e-05,0.05082035,0.012984916,7.053918e-06,-4.1658815e-05,2.1111226e-05,0.038531527
3.0,60,-1.7444088,0.75,0.0,0.9529977,0.030693239,-4.949255e-05,0.0,0.0,0.0,-0.054274842,0.055321664,-3.8602535e-05,0.01294488,1.5198315e-05,0.041330565,-0.054274842,0.055330142,-3.291888e-05,0.05531319,0.01294488,7.782156e-06,-4.428619e-05,2.2614475e-05,0.041330565
3.0,60,-1.7044728,0.75,0.0,0.9507961,0.0329624,-4.1625033e-05,0.0,0.0,0.0,-0.057160754,0.060276926,-4.10626e-05,0.012788478,1.6419883e-05,0.044373065,-0.057160754,0.060285162,-3.4996883e-05,0.060268693,0.012788478,8.594156e-06,-4.7128317e-05,2.424561e-05,0.044373065
3.0,60,-1.6645367,0.75,0.0,0.94845825,0.035429217,-5.5819703e-05,0.0,0.0,0.0,-0.060171716,0.06574779,-4.3713953e-05,0.0124885775,1.775928e-05,0.047683544,-0.060171716,0.06575732,-3.7220638e-05,0.06573826,0.0124885775,9.499982e-06,-5.0207273e-05,2.6018577e-05,0.047683544
3.0,60,-1.6246006,0.75,0.0,0.94601166,0.038107134,-3.816903e-05,0.0,0.0,0.0,-0.06330076,0.07179342,-4.657466e-05,0.012011938,1.9230296e-05,0.051288553,-0.06330076,0.07180202,-3.9599112e-05,0.071784824,0.012011938,1.0512181e-05,-5.3550208e-05,2.7948412e-05,0.051288553
3.0,60,-1.5846646,0.75,0.0,0.94341,0.041044492,-1.131197e-05,0.0,0.0,0.0,-0.06653664,0.07848142,-4.9663216e-05,0.011319018,2.0848416e-05,0.05521808,-0.06653664,0.07848886,-4.214256e-05,0.078473985,0.011319018,1.1643028e-05,-5.7183872e-05,3.0053803e-05,0.05521808
3.0,60,-1.5447285,0.75,0.0,0.9406893,0.04425478,-3.4082328e-05,0.0,0.0,0.0,-0.06986399,0.085889995,-5.2999356e-05,0.010361532,2.263144e-05,0.05950323,-0.06986399,0.08589701,-4.485792e-05,0.08588298,0.010361532,1.2908019e-05,-6.1140796e-05,3.2354863e-05,0.05950323
3.0,60,-1.5047922,0.75,0.0,0.9378406,0.047757514,-4.2756605e-05,0.0,0.0,0.0,-0.073259555,0.09410464,-5.6606925e-05,0.009080946,2.4599147e-05,0.06417827,-0.073259555,0.094110705,-4.7757116e-05,0.094098575,0.009080946,1.4322167e-05,-6.5456734e-05,3.4876128e-05,0.06417827
3.0,60,-1.4648561,0.75,0.0,0.9348785,0.051661346,-8.904891e-05,0.0,0.0,0.0,-0.076688826,0.10322108,-6.0509374e-05,0.007406253,2.6774695e-05,0.069284424,-0.076688826,0.10322542,-5.0844035e-05,0.103216745,0.007406253,1.5903439e-05,-7.017471e-05,3.764595e-05,0.069284424
3.0,60,-1.4249201,0.75,0.0,0.93177265,0.0559217,-7.8349105e-05,0.0,0.0,0.0,-0.080110714,0.113352716,-6.473321e-05,0.0052510523,2.918392e-05,0.07485999,-0.080110714,0.11335588,-5.4129134e-05,0.11334956,0.0052510523,1.7670942e-05,-7.533729e-05,4.0696897e-05,0.07485999
3.0,60,-1.384984,0.75,0.0,0.9284933,0.060636017,-5.681294e-05,0.0,0.0,0.0,-0.08346217,0.12462014,-6.9310365e-05,0.0025095113,3.1859236e-05,0.0809528,-0.08346217,0.12462069,-5.762079e-05,0.12461959,0.0025095113,1.9645939e-05,-8.099995e-05,4.4072534e-05,0.0809528
3.0,60,-1.345048,0.75,0.0,0.9251008,0.06577141,-6.2081264e-05,0.0,0.0,0.0,-0.08666218,0.13716824,-7.42699e-05,-0.00094792317,3.4831144e-05,0.0876124,-0.08666218,0.13716695,-6.132706e-05,0.13716954,-0.00094792317,2.1845686e-05,-8.7212735e-05,4.7816604e-05,0.0876124
3.0,60,-1.3051116,0.75,0.0,0.9215914,0.071403384,-6.110012e-05,0.0,0.0,0.0,-0.08960699,0.15114748,-7.965203e-05,-0.005281061,3.814032e-05,0.094889335,-0.08960699,0.15113758,-6.525833e-05,0.15115738,-0.005281061,2.429628e-05,-9.4045725e-05,5.1984356e-05,0.094889335
3.0,60,-1.2651758,0.75,0.0,0.9179283,0.077668965,-6.525584e-05,0.0,0.0,0.0,-0.09215196,0.16673264,-8.549726e-05,-0.0106870225,4.1832285e-05,0.10283971,-0.09215196,0.16671716,-6.943138e-05,0.1667481,-0.0106870225,2.702786e-05,-0.000101563135,5.6636713e-05,0.10283971
3.0,60,-1.2252395,0.75,0.0,0.9141562,0.08459366,-9.1475194e-05,-2.8845408e-37,-1.4662569e-36,1.1140558e-34,-0.094109535,0.1841219,-9.1857284e-05,-0.017411148,4.596847e-05,0.111522615,-0.094109535,0.18410072,-7.387192e-05,0.18414311,-0.017411148,3.0088546e-05,-0.00010984265,6.18484e-05,0.111522615
3.0,60,-1.1853034,0.75,0.0,0.9103185,0.0921657,-0.00011294338,-3.2773535e-30,-1.5274374e-29,1.2029666e-27,-0.09523644,0.20352514,-9.879198e-05,-0.025758669,5.0621456e-05,0.120997414,-0.09523644,0.20349394,-7.860438e-05,0.20355634,-0.025758669,3.355977e-05,-0.00011897957,6.768314e-05,0.120997414
3.0,60,-1.1453676,0.75,0.0,0.90648293,0.10061656,-8.5862455e-05,-5.0297984e-24,-2.3437856e-23,1.8460755e-21,-0.09520657,0.22517163,-0.00010637364,-0.036112383,5.589267e-05,0.13132204,-0.09520657,0.22513032,-8.36574e-05,0.22521292,-0.036112383,3.7581533e-05,-0.00012908988,7.420381e-05,0.13132204
3.0,60,-1.1054313,0.75,0.0,0.9027207,0.11004608,-8.698513e-05,-1.0515988e-18,-4.9002386e-18,3.8596586e-16,-0.093594186,0.2492941,-0.0001147036,-0.048957437,6.192367e-05,0.1425527,-0.093594186,0.24923998,-8.902757e-05,0.24934824,-0.048957437,4.240321e-05,-0.00014037963,8.1444115e-05,0.1425527
3.0,60,-1.065495,0.75,0.0,0.89897275,0.12036463,-9.606932e-05,-2.994493e-14,-1.3953733e-13,1.0990617e-11,-0.0898353,0.27613318,-0.0001239418,-0.064907335,6.890677e-05,0.15474172,-0.0898353,0.27607036,-9.465248e-05,0.276196,-0.064907335,4.8448528e-05,-0.00015323111,8.9365e-05,0.15474172
3.0,60,-1.0255592,0.75,0.0,0.8954262,0.1318354,-0.000105796054,-1.16127476e-10,-5.4113064e-10,4.2621995e-08,-0.08317896,0.30586416,-0.00013451399,-0.08475231,7.70843e-05,0.1679334,-0.08317896,0.3057836,-0.00010044351,0.3059447,-0.08475231,5.643741e-05,-0.00016858448,9.77312e-05,0.1679334
3.0,60,-0.9856229,0.75,0.0,0.89217,0.14450009,-0.0001109194,-6.134379e-08,-2.8584964e-07,2.2514863e-05,-0.07258954,0.33849883,-0.00014851287,-0.10957256,8.657154e-05,0.18216462,-0.07258954,0.3384569,-0.000107332955,0.33854073,-0.10957256,6.786824e-05,-0.00018969279,0.000105274834,0.18216462
3.0,60,-0.9456868,0.75,0.0,0.8894165,0.15858094,-0.00014028903,-4.4135036e-06,-2.0565996e-05,0.0016198658,-0.056438077,0.3737464,-0.00017047969,-0.1410609,9.6350326e-05,0.19749917,-0.056438077,0.3733888,-0.0001251856,0.374104,-0.1410609,8.7588836e-05,-0.00021577378,0.00010511182,0.19749917
3.0,60,-0.905751,0.75,0.0,0.8873429,0.17410374,-0.00014683502,-4.3314358e-05,-0.00020181318,0.01589096,-0.033257965,0.41462666,-0.00016323043,-0.18079595,0.00010888414,0.21405406,-0.033257965,0.40899915,-0.0001770538,0.4202542,-0.18079595,0.00012805942,-0.00014940706,8.970887e-05,0.21405406
3.0,60,-0.8658147,0.75,0.0,0.88630664,0.19172858,-0.00017611236,-6.2933796e-05,-0.00029027543,0.022523968,-0.002895405,0.45676214,-0.0001763147,-0.2289386,0.00013851872,0.23183298,-0.002895405,0.44878274,-0.00019815221,0.46474156,-0.2289386,0.00019831269,-0.00015447718,7.872475e-05,0.23183298
3.0,60,-0.8258784,0.75,0.0,0.88663226,0.21086545,-0.00015350572,-8.5664375e-05,-0.00027338145,0.018731842,0.03958839,0.49834937,-0.0001875692,-0.29020783,0.00018887194,0.2506153,0.03958839,0.4921706,-0.00012471664,0.50452816,-0.29020783,0.00035215248,-0.00025042176,2.5591402e-05,0.2506153
3.0,60,-0.78594255,0.75,0.0,0.8888159,0.23216297,-0.0001598967,-0.0003463102,-0.00046503323,0.03742088,0.09422082,0.5495503,5.041485e-05,-0.3648878,0.00022038742,0.27066404,0.09422082,0.5344721,0.00021506054,0.5646285,-0.3648878,0.0004858093,-0.00011423085,-4.5034463e-05,0.27066404
3.0,60,-0.74600625,0.75,0.0,0.8935217,0.25584763,-0.00013843887,-0.00050139514,-0.0005331798,0.038510595,0.16978087,0.5951891,0.00058698136,-0.46215293,-4.325548e-05,0.29237062,0.16978087,0.5765601,0.0008485843,0.6138181,-0.46215293,5.4778935e-05,0.0003253784,-0.0001412899,0.29237062
3.0,60,-0.7060702,0.75,0.0,0.9014933,0.28123575,-0.00012384115,-0.000341822,-0.0007038891,0.02726741,0.26684546,0.62513727,0.000771362,-0.58092225,-0.0003849287,0.31407428,0.26684546,0.60990334,0.0008556628,0.6403712,-0.58092225,-0.00047996576,0.0006870611,-0.0002898916,0.31407428
3.0,60,-0.66613436,0.75,0.0,0.9136063,0.30732754,-0.000115243995,-0.00040549733,-0.0008878663,0.028652411,0.37751317,0.63897634,0.000427816,-0.716985,-0.0004112936,0.33946738,0.37751317,0.6234079,0.00023694265,0.6545447,-0.716985,-0.00067666813,0.00061868934,-0.00014591904,0.33946738
3.0,60,-0.62619805,0.75,0.0,0.93072075,0.33399633,-0.00012271473,-0.00038469126,-0.00067593704,0.022715645,0.5083112,0.61727196,4.8996815e-05,-0.8729257,-0.00020684891,0.36461663,0.5083112,0.6051323,-0.00018701698,0.62941164,-0.8729257,-0.00035286712,0.0002850106,-6.0830702e-05,0.36461663
3.0,60,-0.5862622,0.75,0.0,0.9534578,0.3585791,-0.00015655177,-0.00010910316,-0.00018320842,0.0072821253,0.65437156,0.54800117,-0.00039955287,-1.0430983,-8.003868e-06,0.38870135,0.65437156,0.54467016,-0.0006109399,0.55133224,-1.0430983,-1.4625847e-05,-0.00018816584,-1.3818897e-06,0.38870135
3.0,60,-0.5463259,0.75,0.0,0.9821371,0.37946743,-0.00019875186,-3.6793102e-05,-7.672795e-05,0.003539126,0.78924805,0.43313813,-0.00051062996,-1.2032381,0.00021915193,0.41395062,0.78924805,0.43296462,-0.0006905133,0.4333116,-1.2032381,0.00038001937,-0.0003307466,5.8284502e-05,0.41395062
3.0,60,-0.5063896,0.75,0.0,1.0157856,0.39526862,-0.00028846174,-0.00012401682,-0.0001852661,0.002005907,0.88190573,0.27449054,-0.00030629124,-1.3224663,0.00041081518,0.4405141,0.88190573,0.27478632,-0.00026338035,0.27419472,-1.3224663,0.00064159645,-0.00034920214,0.00018003394,0.4405141
3.0,60,-0.46645403,0.75,0.0,1.0526223,0.4043311,-0.00029953005,-0.0004629299,-0.00017789009,0.013429073,0.9344139,0.08069293,0.000106260464,-1.4042814,0.00034216052,0.46982083,0.9344139,0.07273746,0.00042040768,0.088648394,-1.4042814,0.00059081806,-0.00020788675,9.350295e-05,0.46982083
3.0,60,-0.4265175,0.75,0.0,1.091342,0.40581363,-0.00041850255,-0.0007179104,-0.00019909124,0.14927278,0.97200894,-0.14090832,0.0003310187,-1.4759879,-0.0003381188,0.50392926,0.97200894,-0.21828955,0.0007367361,-0.06352708,-1.4759879,-0.00038305987,-7.46987e-05,-0.00029317779,0.50392926
3.0,60,-0.38658142,0.75,0.0,1.1328359,0.40251446,-0.00039914288,-0.00082308,-0.00073172693,0.48630956,1.0172297,-0.37523824,0.00030152436,-1.5608481,-0.00041245436,0.5435642,1.0172297,-0.6197758,0.00034141238,-0.13070072,-1.5608481,-0.00025098285,0.00026163636,-0.0005739259,0.5435642
3.0,60,-0.34664536,0.75,0.0,1.1740824,0.39616755,-0.0003321238,-0.0011340507,-0.0010299383,0.7886906,0.9878244,-0.56902856,-0.00015393234,-1.5765189,0.0002570288,0.58864,0.9878244,-0.96171176,-0.0005493032,-0.17634533,-1.5765189,0.0011886372,0.0002414385,-0.00067457964,0.58864
3.0,60,-0.3067093,0.75,0.0,1.2100847,0.3889629,-0.00026123083,-0.0012223572,-0.0011273685,0.6031656,0.7300847,-0.50079113,-0.00086683885,-1.3726345,0.00037896525,0.6425277,0.7300847,-0.80257493,-0.0016139747,-0.19900729,-1.3726345,0.0013037345,-0.000119703014,-0.000545804,0.6425277
3.0,60,-0.26677322,0.75,0.0,1.2315502,0.38024846,-0.00030073625,-0.0010239941,-0.001228727,-0.5165611,0.3172434,0.0092806965,-0.0011336223,-1.0545073,0.000596633,0.73725224,0.3172434,0.25220856,-0.0017456708,-0.23364717,-1.0545073,0.0012027561,-0.00052157376,-9.490072e-06,0.73725224
3.0,60,-0.22683716,0.75,0.0,1.2343537,0.36580554,-0.00028767026,-0.00067039556,-0.0015204307,-2.5921388,-0.21773924,0.85149574,-0.0013559822,-0.6826447,0.0011871178,0.90038747,-0.21773924,2.11406,-0.0018074313,-0.41106844,-0.6826447,0.0014973753,-0.0009045331,0.0008768601,0.90038747
3.0,60,-0.18690109,0.75,0.0,1.2135779,0.3441521,-0.000389039,-0.0006312726,-0.0025005008,-5.115684,-0.8153373,1.975013,-0.0014819015,-0.2343347,0.0015881486,1.0496739,-0.8153373,4.511834,-0.0022749256,-0.561808,-0.2343347,0.0016205797,-0.00068887736,0.0015557176,1.0496739
3.0,60,-0.14696455,0.75,0.0,1.1766171,0.32134584,-0.00032334853,-0.0014412048,-0.0041762115,-7.7012,-0.9387914,3.1827054,-0.0008768869,-0.09811441,0.0013316708,1.0368857,-0.9387914,7.0552845,-0.0024964833,-0.6898737,-0.09811441,0.0017353109,0.00074270956,0.00092803064,1.0368857
3.0,60,-0.10702896,0.75,0.0,1.147122,0.28571224,-0.00018209509,-0.003155119,-0.0058004805,-9.9787245,-0.42297277,3.9124923,0.0005841768,-0.3600713,0.00025786407,0.7830465,-0.42297277,8.944538,-0.0015214371,-1.1195537,-0.3600713,0.0017222621,0.0026897907,-0.001206534,0.7830465
3.0,60,-0.067092896,0.75,0.0,1.144342,0.22678213,4.2216605e-05,-0.0049275714,-0.0064763944,-11.399826,0.26706833,3.9032855,0.0017021371,-0.63336176,-0.001171316,0.36630931,0.26706833,9.631968,-0.0004128413,-1.8253963,-0.63336176,0.0013049064,0.0038171154,-0.0036475384,0.36630931
3.0,60,-0.027156353,0.75,0.0,1.1653337,0.13916185,0.00013386685,-0.0056603877,-0.00546811,-11.8114195,0.6526247,3.3866634,0.0016992098,-0.5678315,-0.002673363,-0.0848048,0.6526247,9.298511,-3.7586917e-05,-2.525184,-0.5678315,0.00012386803,0.0034360066,-0.0054705944,-0.0848048
3.0,60,0.012779236,0.75,0.0,1.1927025,0.027015548,0.0003065854,-0.005416129,-0.003697333,-11.365659,0.5927142,2.7761474,0.00093794544,-0.15090169,-0.003646731,-0.44180974,0.5927142,8.452657,-0.00012993066,-2.9003618,-0.15090169,-0.0008902338,0.0020058216,-0.006403228,-0.44180974
3.0,60,0.05271578,0.75,0.0,1.2078662,-0.08966147,0.00045220513,-0.004702859,-0.0024516725,-10.241493,0.18206893,2.2929459,-2.2911234e-05,0.42121065,-0.0037237625,-0.60328656,0.18206893,7.3992043,-0.0005453948,-2.8133125,0.42121065,-0.0012376157,0.0004995723,-0.0062099095,-0.60328656
3.0,60,0.092651844,0.75,0.0,1.2032629,-0.19028606,0.000391675,-0.0035863768,-0.0017954314,-8.3831,-0.43461648,2.030352,-0.0007185996,1.0258783,-0.0031771313,-0.59124726,-0.43461648,6.2162147,-0.00092247216,-2.1555107,1.0258783,-0.0012174422,-0.000514727,-0.0051368205,-0.59124726
3.0,60,0.13258791,0.75,0.0,1.1734993,-0.2579717,0.0006203026,-0.0023463715,-0.0013686601,-6.176989,-1.0320839,1.9917381,-0.001410721,1.5042683,-0.0024368814,-0.4721806,-1.0320839,5.0819654,-0.0014365545,-1.0984892,1.5042683,-0.0012069009,-0.0013848875,-0.0036668621,-0.4721806
3.0,60,0.17252398,0.75,0.0,1.1214733,-0.2797907,0.0006631308,-0.0014185379,-0.0010601671,-4.2318726,-1.4972609,2.0952134,-0.0021017645,1.7115873,-0.0014860351,-0.21432965,-1.4972609,4.2091107,-0.0020868995,-0.018683966,1.7115873,-0.00092431245,-0.0021166296,-0.0020477576,-0.21432965
3.0,60,0.21246004,0.75,0.0,1.0535094,-0.26154009,0.0002875553,-0.0008060126,-0.0009399643,-2.8957312,-1.8676758,2.3198874,-0.0028315047,1.648927,-2.3141423e-05,0.21874857,-1.8676758,3.754301,-0.002921564,0.8854737,1.648927,0.00022515871,-0.0027414456,-0.00027144156,0.21874857
3.0,60,0.2523961,0.75,0.0,0.971085,-0.21188167,0.00041873567,7.559061e-05,-0.00085107004,-2.4337401,-2.2768376,2.7588968,-0.004760096,1.4116842,0.0022105596,0.86507463,-2.2768376,3.9530191,-0.005096199,1.5647748,1.4116842,0.002308413,-0.004423993,0.0021127062,0.86507463
3.0,60,0.29233217,0.75,0.0,0.8631507,-0.14050207,0.00030118733,0.0012384872,-0.0018788461,-3.1566908,-3.2096272,3.4388938,-0.009167636,1.3593419,0.0046745157,1.8501819,-3.2096272,5.0116935,-0.010213752,1.8660939,1.3593419,0.0037698837,-0.00812152,0.0055791475,1.8501819
3.0,60,0.33226871,0.75,0.0,0.70664865,-0.06408886,-0.00032197768,-0.00011175852,-0.008671322,-4.4314637,-4.6725087,4.201569,-0.0155038275,1.5479846,0.0074090203,3.124305,-4.6725087,6.462856,-0.019850986,1.9402825,1.5479846,0.007192132,-0.011156669,0.007625908,3.124305
3.0,60,0.3722043,0.75,0.0,0.5060104,0.023258317,-0.00037248887,-0.008438118,-0.025735445,-3.9940348,-5.0380974,4.6827536,-0.019381689,0.99945873,0.00838731,4.038468,-5.0380974,6.7540674,-0.031837747,2.6114392,0.99945873,0.01309094,-0.00692563,0.003683681,4.038468
3.0,60,0.41214037,0.75,0.0,0.32453266,0.1526269,-0.0006060321,-0.020776667,-0.046748687,-1.4719787,-3.9070063,4.5601473,-0.017503923,-0.014575046,0.00812357,3.9215355,-3.9070063,5.352817,-0.03975524,3.767478,-0.014575046,0.01949437,0.004747394,-0.0032472291,3.9215355
3.0,60,0.4520769,0.75,0.0,0.19543926,0.3045406,-0.00048116883,-0.024678845,-0.0567318,-0.44412348,-2.7381756,3.7473001,-0.014209935,-0.33893135,0.006850426,3.0770802,-2.7381756,3.961778,-0.041571785,3.5328226,-0.33893135,0.019925445,0.013151913,-0.006224593,3.0770802
3.0,60,0.4920125,0.75,0.0,0.1013136,0.4105715,0.00036886102,-0.017120795,-0.051323947,-2.1996896,-1.9707732,2.5445147,-0.014194938,-0.27476433,0.0034179206,2.2455223,-1.9707732,3.594111,-0.039339904,1.4949181,-0.27476433,0.012364151,0.010950027,-0.00552831,2.2455223
3.0,60,0.53194904,0.75,0.0,0.040523924,0.41514036,0.0005584521,-0.00822343,-0.042931978,-5.1914177,-0.9532524,1.3096523,-0.014598059,-0.58046025,-0.00092353555,1.5337026,-0.9532524,3.874085,-0.035547223,-1.2547802,-0.58046025,0.0030897162,0.0063511054,-0.0049367873,1.5337026
3.0,60,0.5718851,0.75,0.0,0.03473134,0.3145606,0.0006840077,-0.004867692,-0.042320423,-7.8912964,0.6607774,0.40962708,-0.013377225,-1.2851477,-0.0028794308,0.62435716,0.6607774,4.3635206,-0.0337328,-3.5442665,-1.2851477,-0.0006050993,0.0069783516,-0.005153762,0.62435716
3.0,60,0.6118212,0.75,0.0,0.09606823,0.14846931,0.0013696043,-0.0063664867,-0.043950133,-9.32133,2.4908009,0.13030863,-0.013735376,-1.9529105,-0.00206355,-0.5379468,2.4908009,4.817215,-0.034705915,-4.5565977,-1.9529105,0.0010560409,0.0072351615,-0.0051831407,-0.5379468
3.0,60,0.65175724,0.75,0.0,0.2247748,-0.02923116,0.0014461521,-0.009489206,-0.042395413,-9.138471,3.8358493,0.5090122,-0.015461011,-2.2463734,-0.00069726934,-1.5894889,3.8358493,5.102003,-0.035502292,-4.0839787,-2.2463734,0.0034655496,0.00458027,-0.004860088,-1.5894889
3.0,60,0.6916933,0.75,0.0,0.393099,-0.16851686,0.0014543943,-0.011581124,-0.03736854,-7.9290123,4.3176827,1.1710999,-0.016341485,-2.1174784,0.00055372156,-2.200394,4.3176827,5.1385875,-0.034042697,-2.7963877,-2.1174784,0.005939324,0.0013597255,-0.004831881,-2.200394
3.0,60,0.7316294,0.75,0.0,0.559135,-0.25114322,0.0015112147,-0.011411426,-0.028844351,-6.258087,3.9263518,1.660642,-0.015722161,-1.6246352,0.0006779742,-2.3017194,3.9263518,4.7696276,-0.0296083,-1.4483435,-1.6246352,0.0064362083,-0.0018360228,-0.00508026,-2.3017194
3.0,60,0.77156544,0.75,0.0,0.69789404,-0.28761223,0.0013441386,-0.009259732,-0.019958567,-4.5209303,3.0159013,1.7850362,-0.013235122,-0.977852,-7.564551e-05,-2.0380588,3.0159013,4.015273,-0.022974437,-0.44520068,-0.977852,0.0048099235,-0.003495806,-0.0049612145,-2.0380588
3.0,60,0.811502,0.75,0.0,0.7996073,-0.29240873,0.0011231686,-0.006633058,-0.012846514,-3.0125227,2.0817711,1.643941,-0.009805869,-0.4377331,-0.0008257639,-1.6440269,2.0817711,3.1218164,-0.016092692,0.16606574,-0.4377331,0.0027778782,-0.0035190468,-0.004429406,-1.6440269
3.0,60,0.85143757,0.75,0.0,0.8677043,-0.2787117,0.0010596125,-0.004462583,-0.0077586016,-1.9078798,1.3662536,1.3758895,-0.006536027,-0.09762111,-0.0013481305,-1.2686217,1.3662536,2.3075318,-0.010268328,0.44424722,-0.09762111,0.0010480643,-0.0028037264,-0.0037443254,-1.2686217
3.0,60,0.89137363,0.75,0.0,0.9114219,-0.25855324,0.0008857969,-0.0028036402,-0.00421973,-1.151565,0.86823654,1.0845845,-0.0042384136,0.09238857,-0.0013770319,-0.96063286,0.86823654,1.642839,-0.0061742077,0.5263299,0.09238857,0.0001719898,-0.0023026192,-0.0029260537,-0.96063286
3.0,60,0.9313102,0.75,0.0,0.9387511,-0.23757158,0.00063591637,-0.0016286788,-0.0019145124,-0.6352672,0.5385407,0.82610416,-0.0028717224,0.1823254,-0.0010868633,-0.720872,0.5385407,1.1290665,-0.0037380503,0.5231418,0.1823254,-1.0026142e-05,-0.0020053945,-0.0021637005,-0.720872
3.0,60,0.97124577,0.75,0.0,0.95631975,-0.2173109,0.0004128173,-0.0009503992,-0.00068365544,-0.30849782,0.34302443,0.60934716,-0.0017374957,0.20267852,-0.00087220455,-0.5457028,0.34302443,0.75202477,-0.0020216953,0.46666953,0.20267852,-0.00018463761,-0.0014532962,-0.0015597715,-0.5457028
3.0,60,1.0111823,0.75,0.0,0.9676556,-0.20019774,0.00053678395,-0.00055003574,-1.5493502e-05,-0.12135391,0.23611753,0.43204385,-0.0009605265,0.18677327,-0.0004009819,-0.42289284,0.23611753,0.4820525,-0.0008870574,0.3820352,0.18677327,0.00030158873,-0.0010339956,-0.0011035525,-0.42289284
3.0,60,1.0511179,0.75,0.0,0.97567886,-0.18664388,0.00040220277,-0.00040504264,0.00045598627,-0.0062519745,0.1735503,0.29073834,-0.00054178864,0.16011399,3.7565158e-05,-0.33366162,0.1735503,0.2847696,-0.00023336174,0.29670706,0.16011399,0.0008154988,-0.00085021555,-0.0007403685,-0.33366162
3.0,60,1.0910544,0.75,0.0,0.981709,-0.1763031,0.00029911575,-0.00034229926,0.00070809457,0.0708784,0.13081378,0.17624065,-0.0001559032,0.14215812,0.000292366,-0.27297106,0.13081378,0.13521068,0.0004357639,0.21727063,0.14215812,0.0010612375,-0.0007475703,-0.00047650555,-0.27297106
3.0,60,1.1309905,0.75,0.0,0.98615146,-0.16953012,0.00019278712,-0.00041208166,0.000628201,0.08615118,0.09025008,0.0769877,0.00017902022,0.14580575,-9.457057e-05,-0.2360534,0.09025008,0.02760795,0.0006659007,0.12636745,0.14580575,0.00018513037,-0.00030786026,-0.0003742715,-0.2360534
3.0,60,1.1709266,0.75,0.0,0.9887901,-0.16592824,0.0002323056,-0.0004420209,0.0006320323,0.09153259,0.044556014,0.009558318,0.00010843536,0.17000292,-0.0004929148,-0.21455675,0.044556014,-0.043087862,0.00026199443,0.0622045,0.17000292,-1.6767235e-05,-4.512371e-05,-0.00096906244,-0.21455675
3.0,60,1.2108626,0.75,0.0,0.98956746,-0.16424474,0.00024600263,-0.0003575053,0.0009792852,0.09544982,-0.0060243886,-0.02802305,-0.00022605546,0.20961678,-0.00033282084,-0.20359258,-0.0060243886,-0.08148637,0.0003014845,0.02544027,0.20961678,0.00031883788,-0.00075359544,-0.0009844796,-0.20359258
3.0,60,1.2507987,0.75,0.0,0.98842293,-0.1636783,0.0002467212,-0.00041258615,0.00092884747,0.09206043,-0.05805869,-0.040135078,-0.00014488127,0.25771585,-0.00016202033,-0.19965568,-0.05805869,-0.09010861,0.00046097834,0.009838453,0.25771585,0.00022490055,-0.0007507409,-0.0005489412,-0.19965568
3.0,60,1.2907348,0.75,0.0,0.98531014,-0.16329603,0.00021936373,-0.00045492046,0.00083355175,0.09040045,-0.10279758,-0.025019858,-1.2917866e-05,0.30217028,-0.00021051233,-0.19937345,-0.10279758,-0.07200881,0.00047362273,0.021969097,0.30217028,-1.4564113e-05,-0.00049945846,-0.00040646055,-0.19937345
3.0,60,1.3306708,0.75,0.0,0.98058814,-0.16183506,0.00018917925,-0.0004930723,0.0007017522,0.08714764,-0.12851474,0.011564299,-7.8756966e-05,0.32756546,-0.00032837456,-0.19905092,-0.12851474,-0.031815212,0.00014305925,0.05494381,0.32756546,-0.00019749411,-0.00030057319,-0.00045925504,-0.19905092
3.0,60,1.3706069,0.75,0.0,0.9754196,-0.15914123,0.00013292581,-0.00040548167,0.0006128256,0.056609992,-0.12395144,0.044168577,-0.00014082468,0.3216749,-7.55434e-05,-0.1977272,-0.12395144,0.016259838,-0.000111013804,0.07207731,0.3216749,0.00032161354,-0.00017063554,-0.00047270034,-0.1977272
3.0,60,1.410543,0.75,0.0,0.97048736,-0.15634939,0.00012712108,-0.00014517794,0.0005340354,0.014480644,-0.122386105,0.0641247,-2.8520495e-05,0.3193259,0.00013497875,-0.19694114,-0.122386105,0.055371106,0.00015422193,0.07287831,0.3193259,0.0006136991,-0.00021126292,-0.0003437416,-0.19694114
3.0,60,1.450479,0.75,0.0,0.9655134,-0.15296681,0.00010202712,-1.896582e-05,0.000107235246,0.0013535428,-0.12598594,0.092042476,0.00012977941,0.32103756,3.344455e-05,-0.19505103,-0.12598594,0.08841532,0.00040499045,0.09566963,0.32103756,0.0003788695,-0.00014543164,-0.0003119804,-0.19505103
3.0,60,1.4904156,0.75,0.0,0.96053123,-0.1486337,0.0001533319,-5.134633e-07,3.1479522e-06,3.3139768e-05,-0.1198513,0.11919825,0.00012045549,0.31060764,-7.9119694e-05,-0.19075537,-0.1198513,0.11609292,0.00050020544,0.12230358,0.31060764,0.0001564637,-0.00025929447,-0.0003147031,-0.19075537
3.0,60,1.5303512,0.75,0.0,0.95583534,-0.1432093,0.00018482433,-2.0444662e-09,1.2806581e-08,1.322557e-07,-0.10661871,0.13976496,8.852992e-05,0.29121375,-0.00010905598,-0.18459596,-0.10661871,0.13707905,0.0005190793,0.14245087,0.29121375,6.073917e-05,-0.00034201943,-0.00027885113,-0.18459596
3.0,60,1.5702877,0.75,0.0,0.95190865,-0.1371682,0.0001367727,-7.1090144e-13,1.1648071e-11,1.6677719e-10,-0.09048258,0.15384065,6.330377e-05,0.2676806,-0.00010001002,-0.17719944,-0.09048258,0.15157701,0.0005213593,0.15610428,0.2676806,3.2147625e-05,-0.00039475178,-0.00023216766,-0.17719944
3.0,60,1.6102238,0.75,0.0,0.948551,-0.13072342,0.00012795508,6.8330224e-15,5.1183006e-14,1.2865936e-12,-0.073666774,0.16249959,4.2991844e-05,0.24268982,-7.54138e-05,-0.16902497,-0.073666774,0.16054146,0.0005229702,0.16445772,0.24268982,2.2672706e-05,-0.00043698653,-0.0001735003,-0.16902497
3.0,60,1.6501598,0.75,0.0,0.94597876,-0.1240106,0.00011601379,1.579656e-16,9.687545e-16,2.6563256e-14,-0.057333417,0.16677295,2.9126662e-05,0.21775076,-4.426123e-05,-0.16041744,-0.057333417,0.1650123,0.00052328507,0.1685336,0.21775076,1.6037182e-05,-0.00046503174,-0.00010455964,-0.16041744
3.0,60,1.6900959,0.75,0.0,0.94402814,-0.11725524,6.585967e-05,1.0645231e-18,5.504082e-18,1.2559311e-16,-0.04210782,0.16758657,2.2273598e-05,0.19376339,-1.0757953e-05,-0.15165646,-0.04210782,0.16595723,0.0005209932,0.16921589,0.19376339,1.0335233e-05,-0.000476446,-3.1851137e-05,-0.15165646
3.0,60,1.730032,0.75,0.0,0.9426271,-0.110503435,3.2233824e-05,1.34893294e-20,5.054233e-20,6.333504e-19,-0.028309895,0.16572958,2.1563072e-05,0.17125241,2.2515736e-05,-0.1429435,-0.028309895,0.16419801,0.0005160115,0.16726114,0.17125241,5.9920344e-06,-0.00047288535,3.9039438e-05,-0.1429435
3.0,60,1.7699685,0.75,0.0,0.9417852,-0.10388676,2.990028e-06,5.494624e-23,1.9826815e-22,2.569748e-21,-0.016074402,0.16187945,2.5481437e-05,0.15049095,5.393245e-05,-0.13441679,-0.016074402,0.16043289,0.0005084369,0.163326,0.15049095,2.9679888e-06,-0.000457474,0.00010489691,-0.13441679
3.0,60,1.8099041,0.75,0.0,0.94139147,-0.09750461,-5.069769e-05,3.4392203e-25,-2.2558085e-24,1.5770185e-22,-0.0054155323,0.15658374,3.2523458e-05,0.13158132,8.2635044e-05,-0.1261667,-0.0054155323,0.15521449,0.0004981629,0.157953,0.13158132,1.0562964e-06,-0.00043311596,0.0001642138,-0.1261667
3.0,60,1.8498402,0.75,0.0,0.94131106,-0.09118777,-6.146587e-05,-6.321025e-24,6.665251e-23,5.9679026e-22,0.0037273674,0.15029292,4.154035e-05,0.11451898,0.00010822492,-0.118246056,0.0037273674,0.14899841,0.00048509883,0.15158743,0.11451898,2.0835054e-07,-0.00040201814,0.00021624149,-0.118246056
3.0,60,1.8897767,0.75,0.0,0.9416386,-0.0852708,-5.2748248e-05,-5.7401417e-22,6.0624063e-21,5.1246573e-20,0.011460021,0.14335784,5.1729425e-05,0.09922484,0.00013044871,-0.11068412,0.011460021,0.14213492,0.00046941757,0.14458078,0.09922484,5.182229e-07,-0.00036595872,0.0002603792,-0.11068412
3.0,60,1.9297123,0.75,0.0,0.9422538,-0.0796263,-5.1010113e-05,-7.055445e-21,7.450218e-20,6.2977665e-19,0.017909892,0.13605101,6.25175e-05,0.085585795,0.00014904662,-0.10349551,0.017909892,0.13490145,0.00045164578,0.13720058,0.085585795,2.0370276e-06,-0.00032661078,0.0002960562,-0.10349551
3.0,60,1.9696484,0.75,0.0,0.9431115,-0.07427204,-0.00010723842,-1.1816043e-20,1.2470496e-19,1.0541933e-18,0.023212386,0.12857775,7.3389514e-05,0.07347055,0.00016376204,-0.09668317,0.023212386,0.12750259,0.0004325563,0.12965292,0.07347055,4.631208e-06,-0.00028577726,0.00032289288,-0.09668317
3.0,60,2.009585,0.75,0.0,0.9440846,-0.06922438,-0.000107076885,-2.6912392e-21,2.843344e-20,2.4034105e-19,0.027500056,0.12109387,8.376769e-05,0.06274867,0.00017447506,-0.09024871,0.027500056,0.12009467,0.00041295827,0.12209307,0.06274867,7.968506e-06,-0.00024542288,0.0003409816,-0.09024871
3.0,60,2.049521,0.75,0.0,0.9452733,-0.06453258,-9.577859e-05,-8.360977e-23,8.828823e-22,7.463117e-21,0.030897897,0.11371485,9.3032184e-05,0.05329264,0.00018139507,-0.084190786,0.030897897,0.11279207,0.0003935052,0.114637636,0.05329264,1.1611438e-05,-0.00020744084,0.0003511787,-0.084190786
3.0,60,2.0894566,0.75,0.0,0.9465105,-0.060113207,-0.00011223049,-3.5347385e-25,3.734539e-24,3.1567156e-23,0.033524107,0.10652741,0.00010071019,0.044979688,0.00018510451,-0.07850349,0.033524107,0.10568296,0.00037461324,0.10737186,0.044979688,1.5156255e-05,-0.00017319286,0.00035505276,-0.07850349
3.0,60,2.129393,0.75,0.0,0.9479373,-0.055971146,-0.00011346054,-2.0380634e-28,2.150948e-27,1.8183036e-26,0.03548442,0.09959164,0.000106631545,0.037692882,0.00018640162,-0.07317777,0.03548442,0.0988231,0.00035647032,0.10036018,0.037692882,1.8314297e-05,-0.00014320723,0.00035448896,-0.07317777
3.0,60,2.1693292,0.75,0.0,0.94933885,-0.05207497,-0.00012075644,-1.5980196e-32,1.6877354e-31,1.426644e-30,0.03687503,0.092950165,0.00011091569,0.031323843,0.00018605667,-0.068199106,0.03687503,0.09225421,0.00033911184,0.09364613,0.031323843,2.0929992e-05,-0.000117280455,0.00035118335,-0.068199106
3.0,60,2.2092648,0.75,0.0,0.95080954,-0.048485525,-0.00012163846,-1.7096748e-37,1.803727e-36,1.524825e-35,0.03778033,0.08663113,0.000113867354,0.025772054,0.0001846726,-0.06355253,0.03778033,0.08600382,0.00032247996,0.087258436,0.025772054,2.2950086e-05,-9.474525e-05,0.0003463951,-0.06355253
3.0,60,2.2492018,0.75,0.0,0.9523515,-0.04517751,-0.00015595021,0.0,0.0,0.0,0.038275767,0.08065118,0.00011585925,0.020944964,0.00018261951,-0.05922097,0.038275767,0.0800887,0.00030647824,0.08121366,0.020944964,2.4385865e-05,-7.475974e-05,0.00034085315,-0.05922097
3.0,60,2.2891374,0.75,0.0,0.95391583,-0.042042304,-0.00016629162,0.0,0.0,0.0,0.03842986,0.07501876,0.00011724296,0.016757693,0.00018005507,-0.055187207,0.03842986,0.07451645,0.00029101426,0.07552107,0.016757693,2.5273086e-05,-5.6528334e-05,0.00033483704,-0.055187207
3.0,60,2.3290734,0.75,0.0,0.9554561,-0.039152246,-0.00016123943,0.0,0.0,0.0,0.03830165,0.0697341,0.00011827429,0.013131563,0.00017697275,-0.051433604,0.03830165,0.06928736,0.0002760056,0.07018084,0.013131563,2.5660767e-05,-3.945701e-05,0.00032828475,-0.051433604
3.0,60,2.36901,0.75,0.0,0.95698464,-0.03641416,-0.00012392552,0.0,0.0,0.0,0.037946597,0.06479077,0.00011909292,0.009995469,0.00017329193,-0.047941945,0.037946597,0.06439464,0.00026139518,0.065186895,0.009995469,2.5605867e-05,-2.320935e-05,0.000320978,-0.047941945
3.0,60,2.4089456,0.75,0.0,0.9584795,-0.033908855,-0.00013874882,0.0,0.0,0.0,0.037410177,0.060177304,0.00011972475,0.0072855316,0.00016892591,-0.04469545,0.037410177,0.05982804,0.00024713896,0.060526572,0.0072855316,2.5173358e-05,-7.689469e-06,0.00031267846,-0.04469545
3.0,60,2.4488816,0.75,0.0,0.95997405,-0.031621885,-0.00013869921,0.0,0.0,0.0,0.036731593,0.055878166,0.000120124416,0.0049454435,0.00016383005,-0.041677427,0.036731593,0.055571266,0.00023321873,0.056185067,0.0049454435,2.4436002e-05,7.0300957e-06,0.00030322408,-0.041677427
3.0,60,2.4888182,0.75,0.0,0.9614143,-0.029443458,-0.00011438018,0.0,0.0,0.0,0.035945337,0.051874556,0.00012021499,0.0029267897,0.00015801741,-0.038872365,0.035945337,0.05160587,0.00021963731,0.052143246,0.0029267897,2.3470478e-05,2.0792664e-05,0.00029256436,-0.038872365
3.0,60,2.5287542,0.75,0.0,0.96284723,-0.027437167,-9.974597e-05,0.0,0.0,0.0,0.035076834,0.048147082,0.00011991569,0.0011887482,0.00015155421,-0.03626577,0.035076834,0.04791369,0.00020641633,0.048380475,0.0011887482,2.2350196e-05,3.341505e-05,0.00028075822,-0.03626577
3.0,60,2.5686898,0.75,0.0,0.964216,-0.025579253,-0.000116455536,0.0,0.0,0.0,0.03414655,0.044675767,0.00011916502,-0.0003026092,0.00014454171,-0.033844333,0.03414655,0.044473086,0.00019359282,0.04487845,-0.0003026092,2.114086e-05,4.4737226e-05,0.00026794258,-0.033844333
3.0,60,2.6086264,0.75,0.0,0.96560335,-0.023889966,-0.00012863996,0.0,0.0,0.0,0.033170797,0.041442044,0.00011792525,-0.0015756012,0.00013710836,-0.031595238,0.033170797,0.041267134,0.00018121408,0.041616954,-0.0015756012,1.9896894e-05,5.463642e-05,0.00025431984,-0.031595238
3.0,60,2.6485624,0.75,0.0,0.9668906,-0.022289135,-0.00015224871,0.0,0.0,0.0,0.032161083,0.03842938,0.000116184405,-0.0026536882,0.00012939158,-0.0295072,0.032161083,0.038278684,0.00016933311,0.038580075,-0.0026536882,1.8659846e-05,6.3035695e-05,0.00024012332,-0.0295072
3.0,60,2.688498,0.75,0.0,0.968159,-0.02083035,-0.0001375136,0.0,0.0,0.0,0.031126726,0.035623394,0.00011395552,-0.0035573004,0.0001215349,-0.02756926,0.031126726,0.03549377,0.00015799745,0.035753023,-0.0035573004,1.7459008e-05,6.9913585e-05,0.00022561078,-0.02756926
3.0,60,2.728435,0.75,0.0,0.9693752,-0.019468004,-0.00013299109,0.0,0.0,0.0,0.030075196,0.033011213,0.000111275716,-0.0043040626,0.00011367491,-0.0257711,0.030075196,0.032899555,0.00014724572,0.033122867,-0.0043040626,1.6312511e-05,7.530572e-05,0.00021103732,-0.0257711
3.0,60,2.7683706,0.75,0.0,0.97055227,-0.01817344,-0.00010733469,0.0,0.0,0.0,0.029013928,0.030581966,0.00010819953,-0.0049105324,0.00010593532,-0.024103612,0.029013928,0.03048588,0.00013710577,0.030678054,-0.0049105324,1.5230362e-05,7.929328e-05,0.00019664028,-0.024103612
3.0,60,2.8083067,0.75,0.0,0.97166866,-0.016981924,-9.135868e-05,0.0,0.0,0.0,0.027949456,0.028326267,0.0001047937,-0.0053923535,9.8419805e-05,-0.022557188,0.027949456,0.02824359,0.00012758844,0.028408945,-0.0053923535,1.4216553e-05,8.1998944e-05,0.00018262306,-0.022557188
3.0,60,2.8482432,0.75,0.0,0.9727484,-0.015888132,-0.00010916067,0.0,0.0,0.0,0.026887849,0.026234549,0.00010113085,-0.005764199,9.120946e-05,-0.021123517,0.026887849,0.026163006,0.00011869236,0.026306093,-0.005764199,1.32706355e-05,8.356933e-05,0.00016914829,-0.021123517
3.0,60,2.8881788,0.75,0.0,0.973792,-0.014856185,-0.000120908015,0.0,0.0,0.0,0.02583483,0.024297975,9.728455e-05,-0.006040054,8.436147e-05,-0.01979471,0.02583483,0.024235526,0.000110404406,0.024360426,-0.006040054,1.2390809e-05,8.41647e-05,0.00015633213,-0.01979471
3.0,60,2.928115,0.75,0.0,0.97480285,-0.0139304325,-0.000112704896,0.0,0.0,0.0,0.02479555,0.02250778,9.3322415e-05,-0.0062331078,7.791262e-05,-0.018562635,0.02479555,0.022453362,0.00010270315,0.022562195,-0.0062331078,1.1573636e-05,8.394168e-05,0.00014425161,-0.018562635
3.0,60,2.9680514,0.75,0.0,0.97576076,-0.013066959,-9.018106e-05,0.0,0.0,0.0,0.023775518,0.020855095,8.930655e-05,-0.006355341,7.188048e-05,-0.017420243,0.023775518,0.020807259,9.5561474e-05,0.02090293,-0.006355341,1.08153745e-05,8.305163e-05,0.00013294558,-0.017420243
3.0,60,3.0079875,0.75,0.0,0.9766961,-0.012268948,-9.119159e-05,0.0,0.0,0.0,0.022778876,0.019330963,8.528866e-05,-0.0064179525,6.626957e-05,-0.016360728,0.022778876,0.01928867,8.894853e-05,0.019373257,-0.0064179525,1.01120195e-05,8.162878e-05,0.00012242711,-0.016360728
3.0,60,3.047923,0.75,0.0,0.9775841,-0.011534373,-9.106939e-05,0.0,0.0,0.0,0.021808645,0.017926801,8.131188e-05,-0.0064307675,6.107258e-05,-0.015377907,0.021808645,0.017889056,8.283103e-05,0.017964544,-0.0064307675,9.459535e-06,7.979273e-05,0.000112685615,-0.015377907
3.0,60,3.0878596,0.75,0.0,0.97841716,-0.010847709,-8.696376e-05,0.0,0.0,0.0,0.020867737,0.016633831,7.741028e-05,-0.0064024427,5.627526e-05,-0.014465541,0.020867737,0.016600078,7.717627e-05,0.016667586,-0.0064024427,8.854144e-06,7.764428e-05,0.00010369638,-0.014465541
3.0,60,3.1277957,0.75,0.0,0.9792058,-0.010229392,-0.00010776429,0.0,0.0,0.0,0.019958878,0.015443921,7.361079e-05,-0.0063406336,5.1858144e-05,-0.0136182,0.019958878,0.015413536,7.1951355e-05,0.015474307,-0.0063406336,8.292216e-06,7.527023e-05,9.5424075e-05,-0.0136182
3.0,60,3.1677313,0.75,0.0,0.9799798,-0.009645058,-9.527305e-05,0.0,0.0,0.0,0.019082652,0.014348995,6.993252e-05,-0.006251895,4.7799578e-05,-0.012830863,0.019082652,0.014321418,6.712453e-05,0.014376573,-0.006251895,7.770406e-06,7.27405e-05,8.7828754e-05,-0.012830863
3.0,60,3.2076683,0.75,0.0,0.980714,-0.009086908,-9.473451e-05,0.0,0.0,0.0,0.018240457,0.013341443,6.6389985e-05,-0.0061417264,4.4075176e-05,-0.012098885,0.018240457,0.013316244,6.2665786e-05,0.0133666415,-0.0061417264,7.2855e-06,7.011419e-05,8.086485e-05,-0.012098885
3.0,60,3.247604,0.75,0.0,0.98141676,-0.008585532,-7.261463e-05,0.0,0.0,0.0,0.017432699,0.0124143325,6.299229e-05,-0.006015086,4.0661274e-05,-0.0114176255,0.017432699,0.012391216,5.8546953e-05,0.01243745,-0.006015086,6.8347194e-06,6.743763e-05,7.448783e-05,-0.0114176255
3.0,60,3.28754,0.75,0.0,0.9821035,-0.008089698,-6.287118e-05,0.0,0.0,0.0,0.016659217,0.0115608955,5.9744227e-05,-0.0058758715,3.7534046e-05,-0.010783338,0.016659217,0.011539746,5.4740445e-05,0.011582045,-0.0058758715,6.415242e-06,6.4748005e-05,6.865285e-05,-0.010783338
3.0,60,3.3274755,0.75,0.0,0.98274976,-0.007644877,-5.1754247e-05,0.0,0.0,0.0,0.015919607,0.010775001,5.664887e-05,-0.005727422,3.4670527e-05,-0.010192226,0.015919607,0.0107553685,5.1222247e-05,0.010794633,-0.005727422,6.024748e-06,6.2075494e-05,6.331631e-05,-0.010192226
3.0,60,3.367412,0.75,0.0,0.9833641,-0.007211903,-6.0460934e-05,0.0,0.0,0.0,0.015213449,0.010050825,5.370529e-05,-0.005572519,3.2048792e-05,-0.009640955,0.015213449,0.010032653,4.7968348e-05,0.010068997,-0.005572519,5.6609015e-06,5.944223e-05,5.8436686e-05,-0.009640955
3.0,60,3.4073482,0.75,0.0,0.9839496,-0.006829747,-7.6605975e-05,0.0,0.0,0.0,0.014539844,0.0093833115,5.0912262e-05,-0.0054134643,2.9648334e-05,-0.009126465,0.014539844,0.009366408,4.4957964e-05,0.009400214,-0.0054134643,5.3216067e-06,5.6866556e-05,5.397506e-05,-0.009126465
3.0,60,3.4472837,0.75,0.0,0.98450917,-0.006469936,-8.55579e-05,0.0,0.0,0.0,0.013898019,0.008767492,4.826583e-05,-0.005252155,2.7450193e-05,-0.008645792,0.013898019,0.00875174,4.2171097e-05,0.0087832445,-0.005252155,5.0050908e-06,5.4360557e-05,4.9895294e-05,-0.008645792
3.0,60,3.4872208,0.75,0.0,0.98504984,-0.006138577,-9.2766386e-05,0.0,0.0,0.0,0.013286555,0.008198949,4.576176e-05,-0.005090158,2.543633e-05,-0.008196516,0.013286555,0.008184269,3.9589217e-05,0.008213629,-0.005090158,4.70964e-06,5.1934305e-05,4.616302e-05,-0.008196516
3.0,60,3.5271568,0.75,0.0,0.98556197,-0.005824973,-7.304573e-05,0.0,0.0,0.0,0.012704802,0.0076737683,4.339477e-05,-0.0049286354,2.359078e-05,-0.007776144,0.012704802,0.0076599536,3.719635e-05,0.0076875826,-0.0049286354,4.4336184e-06,4.959319e-05,4.274794e-05,-0.007776144
3.0,60,3.567092,0.75,0.0,0.9860555,-0.005532367,-5.616867e-05,0.0,0.0,0.0,0.012151127,0.0071881693,4.115978e-05,-0.004768574,2.1898435e-05,-0.0073825247,0.012151127,0.007175208,3.4977027e-05,0.00720113,-0.004768574,4.175718e-06,4.7342528e-05,3.962115e-05,-0.0073825247
3.0,60,3.607029,0.75,0.0,0.98651993,-0.0052553047,-4.4735196e-05,0.0,0.0,0.0,0.011624516,0.0067388625,3.9049974e-05,-0.0046109017,2.0345562e-05,-0.007013607,0.011624516,0.006726691,3.2916694e-05,0.006751034,-0.0046109017,3.9344973e-06,4.5183253e-05,3.6756628e-05,-0.007013607
3.0,60,3.646965,0.75,0.0,0.98697674,-0.0049960157,-4.222734e-05,0.0,0.0,0.0,0.011123698,0.006322762,3.7059825e-05,-0.004456153,1.8919702e-05,-0.0066676075,0.011123698,0.0063113035,3.100282e-05,0.0063342205,-0.004456153,3.7088564e-06,4.311683e-05,3.4130546e-05,-0.0066676075
3.0,60,3.686901,0.75,0.0,0.9874074,-0.004767678,-5.6114495e-05,0.0,0.0,0.0,0.010647523,0.0059371097,3.5183035e-05,-0.0043046996,1.7609622e-05,-0.006342822,0.010647523,0.005926254,2.922378e-05,0.0059479647,-0.0043046996,3.497672e-06,4.114229e-05,3.172157e-05,-0.006342822
3.0,60,3.7268372,0.75,0.0,0.98782915,-0.004539996,-5.2727988e-05,0.0,0.0,0.0,0.010194739,0.0055793487,3.341377e-05,-0.0041570393,1.640485e-05,-0.0060377377,0.010194739,0.0055690636,2.7568616e-05,0.005589634,-0.0041570393,3.2998735e-06,3.925892e-05,2.9509827e-05,-0.0060377377
3.0,60,3.7667732,0.75,0.0,0.9882313,-0.0043435153,-3.5829893e-05,0.0,0.0,0.0,0.009764333,0.00524721,3.1745763e-05,-0.0040134247,1.5296242e-05,-0.005750948,0.009764333,0.0052375454,2.6027787e-05,0.0052568754,-0.0040134247,3.1146337e-06,3.7463742e-05,2.747785e-05,-0.005750948
3.0,60,3.8067093,0.75,0.0,0.9886241,-0.004147339,-4.202095e-05,0.0,0.0,0.0,0.009355018,0.004938638,3.0173436e-05,-0.0038739499,1.4275014e-05,-0.005481154,0.009355018,0.0049294513,2.4591889e-05,0.0049478244,-0.0038739499,2.9409655e-06,3.5754983e-05,2.5609063e-05,-0.005481154
3.0,60,3.8466454,0.75,0.0,0.9889891,-0.003954439,-3.648689e-05,0.0,0.0,0.0,0.008965918,0.004651635,2.8691193e-05,-0.0037387817,1.3333716e-05,-0.0052270796,0.008965918,0.004642967,2.3252853e-05,0.004660303,-0.0037387817,2.7781143e-06,3.412953e-05,2.3889317e-05,-0.0052270796
3.0,60,3.8865814,0.75,0.0,0.98934066,-0.0037747074,-3.50784e-05,0.0,0.0,0.0,0.008595631,0.004384501,2.7293718e-05,-0.0036079432,1.2465154e-05,-0.004987725,0.008595631,0.004376255,2.2003152e-05,0.0043927464,-0.0036079432,2.6254038e-06,3.2584285e-05,2.2304905e-05,-0.004987725
3.0,60,3.9265175,0.75,0.0,0.9896978,-0.0036035264,-3.9317943e-05,0.0,0.0,0.0,0.008243502,0.0041356888,2.5976045e-05,-0.0034815192,1.1663197e-05,-0.0047620228,0.008243502,0.004127828,2.0836043e-05,0.004143549,-0.0034815192,2.4821093e-06,3.1116047e-05,2.0844285e-05,-0.0047620228
3.0,60,3.9664536,0.75,0.0,0.9900064,-0.0034423044,-4.4210832e-05,0.0,0.0,0.0,0.007908537,0.0039037229,2.4733316e-05,-0.0033594556,1.092197e-05,-0.004549088,0.007908537,0.0038962609,1.974503e-05,0.0039111846,-0.0033594556,2.3475877e-06,2.9721603e-05,1.9496352e-05,-0.004549088
3.0,60,4.0063896,0.75,0.0,0.9903125,-0.0032869668,-3.8196056e-05,0.0,0.0,0.0,0.0075896373,0.0036872989,2.3560817e-05,-0.0032416603,1.023633e-05,-0.0043480285,0.0075896373,0.0036801752,1.8724364e-05,0.0036944225,-0.0032416603,2.221251e-06,2.8397271e-05,1.8251409e-05,-0.0043480285
3.0,60,4.0463257,0.75,0.0,0.9906132,-0.003146617,-2.6223455e-05,0.0,0.0,0.0,0.007286184,0.003485203,2.2454333e-05,-0.0031281605,9.60156e-06,-0.004158067,0.007286184,0.0034784568,1.7768882e-05,0.0034919493,-0.0031281605,2.1025648e-06,2.7139782e-05,1.7100556e-05,-0.004158067
3.0,60,4.0862617,0.75,0.0,0.9908884,-0.0030082332,-2.257081e-05,0.0,0.0,0.0,0.0069971583,0.0032963664,2.1409847e-05,-0.0030187536,9.0133435e-06,-0.0039784648,0.0069971583,0.003289957,1.687361e-05,0.0033027758,-0.0030187536,1.9910137e-06,2.5946083e-05,1.6035674e-05,-0.0039784648
3.0,60,4.126198,0.75,0.0,0.9911697,-0.0028779313,-2.7983582e-05,0.0,0.0,0.0,0.006721974,0.0031197628,2.042343e-05,-0.0029134357,8.467817e-06,-0.0038085524,0.006721974,0.0031136342,1.6034195e-05,0.0031258913,-0.0029134357,1.8861075e-06,2.4812663e-05,1.5049526e-05,-0.0038085524
3.0,60,4.166134,0.75,0.0,0.991434,-0.0027570224,-2.7386248e-05,0.0,0.0,0.0,0.0064597735,0.0029544714,1.9491723e-05,-0.0028120924,7.961472e-06,-0.003647665,0.0064597735,0.0029486222,1.5246556e-05,0.0029603208,-0.0028120924,1.7874701e-06,2.373689e-05,1.4135473e-05,-0.003647665
3.0,60,4.206071,0.75,0.0,0.9916873,-0.002641778,-2.670805e-05,0.0,0.0,0.0,0.006209884,0.0027996616,1.8611041e-05,-0.002714564,7.491033e-06,-0.0034952976,0.006209884,0.0027940767,1.4506814e-05,0.0028052465,-0.002714564,1.6946558e-06,2.2715269e-05,1.328741e-05,-0.0034952976
3.0,60,4.246006,0.75,0.0,0.9919309,-0.0025330344,-2.5655898e-05,0.0,0.0,0.0,0.0059716455,0.0026545627,1.7778582e-05,-0.002620785,7.053718e-06,-0.0033509068,0.0059716455,0.0026492109,1.3811731e-05,0.0026599145,-0.002620785,1.607318e-06,2.1745434e-05,1.2500118e-05,-0.0033509068
3.0,60,4.285942,0.75,0.0,0.99217564,-0.0024598604,5.276924e-06,0.0,0.0,0.0,0.005744484,0.0025184625,1.699106e-05,-0.0025305992,6.6467387e-06,-0.0032139327,0.005744484,0.0025133656,1.31579745e-05,0.0025235591,-0.0025305992,1.5250519e-06,2.0824144e-05,1.1768426e-05,-0.0032139327
3.0,60,4.325879,0.75,0.0,0.99240094,-0.0023611633,4.7598364e-06,0.0,0.0,0.0,0.005527807,0.002390728,1.6245976e-05,-0.0024438624,6.267688e-06,-0.0030839387,0.005527807,0.0023858554,1.2542809e-05,0.0023956008,-0.0024438624,1.447571e-06,1.9949142e-05,1.1087805e-05,-0.0030839387
3.0,60,4.365814,0.75,0.0,0.9926136,-0.0022670052,6.550984e-06,0.0,0.0,0.0,0.005320994,0.002270762,1.554057e-05,-0.002360491,5.914443e-06,-0.0029605299,0.005320994,0.0022660894,1.1963325e-05,0.0022754348,-0.002360491,1.3745691e-06,1.9117817e-05,1.0454317e-05,-0.0029605299
3.0,60,4.4057503,0.75,0.0,0.992822,-0.0021781733,5.9729746e-06,0.0,0.0,0.0,0.0051236292,0.0021579936,1.4872574e-05,-0.002280329,5.5849146e-06,-0.0028433236,0.0051236292,0.002153541,1.14174445e-05,0.0021624465,-0.002280329,1.3057339e-06,1.8327704e-05,9.864095e-06,-0.0028433236
3.0,60,4.4456873,0.75,0.0,0.9930108,-0.0020656427,-2.2107399e-05,0.0,0.0,0.0,0.0049351687,0.0020519332,1.4239489e-05,-0.0022032887,5.2773016e-06,-0.002731849,0.0049351687,0.002047656,1.0902396e-05,0.00205621,-0.0022032887,1.2408187e-06,1.7576584e-05,9.313784e-06,-0.002731849
3.0,60,4.4856234,0.75,0.0,0.9932019,-0.0019839383,-2.2635746e-05,0.0,0.0,0.0,0.004755135,0.0019521223,1.3639539e-05,-0.0021292313,4.989902e-06,-0.002625867,0.004755135,0.0019480225,1.0416517e-05,0.001956222,-0.0021292313,1.1795697e-06,1.6862561e-05,8.800234e-06,-0.002625867
3.0,60,4.5255585,0.75,0.0,0.9933899,-0.0019133616,-2.5797919e-05,0.0,0.0,0.0,0.004583119,0.0018581266,1.3070428e-05,-0.0020580846,4.7212434e-06,-0.0025250234,0.004583119,0.001854205,9.957584e-06,0.0018620482,-0.0020580846,1.1217993e-06,1.6183272e-05,8.320688e-06,-0.0025250234
3.0,60,4.5654955,0.75,0.0,0.9935671,-0.0018387684,-2.3381997e-05,0.0,0.0,0.0,0.004418712,0.001769557,1.25305305e-05,-0.0019896603,4.4698245e-06,-0.0024290204,0.004418712,0.0017657792,9.524031e-06,0.0017733348,-0.0019896603,1.0672279e-06,1.5537029e-05,7.8724215e-06,-0.0024290204
3.0,60,4.6054316,0.75,0.0,0.9937421,-0.00177539,-1.8670515e-05,0.0,0.0,0.0,0.0042614266,0.0016860496,1.2018005e-05,-0.0019238988,4.2344427e-06,-0.0023375622,0.0042614266,0.0016824333,9.114017e-06,0.0016896658,-0.0019238988,1.0156658e-06,1.4921991e-05,7.4532195e-06,-0.0023375622
3.0,60,4.6453667,0.75,0.0,0.99390966,-0.0017095465,-1.8272796e-05,0.0,0.0,0.0,0.00411106,0.0016072544,1.1531297e-05,-0.0018606628,4.0139257e-06,-0.002250428,0.00411106,0.0016037798,8.726132e-06,0.0016107289,-0.0018606628,9.669876e-07,1.4336461e-05,7.0608635e-06,-0.002250428
3.0,60,4.6853037,0.75,0.0,0.99407136,-0.0016466273,-1.7756387e-05,0.0,0.0,0.0,0.003967191,0.0015328885,1.10688925e-05,-0.0017998704,3.807124e-06,-0.0021673185,0.003967191,0.0015295646,8.358872e-06,0.0015362125,-0.0017998704,9.20949e-07,1.3778914e-05,6.693299e-06,-0.0021673185
3.0,60,4.7252398,0.75,0.0,0.9942274,-0.0015866128,-1.7256101e-05,0.0,0.0,0.0,0.0038294655,0.0014626473,1.0629295e-05,-0.0017414097,3.6131046e-06,-0.002088064,0.0038294655,0.0014594527,8.011033e-06,0.001465842,-0.0017414097,8.774517e-07,1.3247556e-05,6.3487573e-06,-0.002088064
3.0,60,4.765176,0.75,0.0,0.994378,-0.0015293297,-1.6776352e-05,0.0,0.0,0.0,0.003697584,0.0013962605,1.0211343e-05,-0.0016851814,3.4309417e-06,-0.002012424,0.003697584,0.0013931867,7.681329e-06,0.0013993343,-0.0016851814,8.362733e-07,1.2741356e-05,6.02561e-06,-0.002012424
3.0,60,4.805112,0.75,0.0,0.99452347,-0.0014744729,-1.6174443e-05,0.0,0.0,0.0,0.0035713257,0.001333481,9.813616e-06,-0.0016311156,3.2597786e-06,-0.0019402067,0.0035713257,0.0013305232,7.3686087e-06,0.0013364389,-0.0016311156,7.973171e-07,1.2258623e-05,5.72224e-06,-0.0019402067
3.0,60,4.845048,0.75,0.0,0.994664,-0.0014222286,-1.5733336e-05,0.0,0.0,0.0,0.003450328,0.0012740886,9.435111e-06,-0.0015791012,3.0988617e-06,-0.0018712218,0.003450328,0.0012712517,7.0718957e-06,0.0012769256,-0.0015791012,7.6044455e-07,1.1798325e-05,5.437279e-06,-0.0018712218
3.0,60,4.884984,0.75,0.0,0.9947998,-0.0013721385,-1.5452053e-05,0.0,0.0,0.0,0.0033343476,0.0012178626,9.074669e-06,-0.001529057,2.9474768e-06,-0.0018053022,0.0033343476,0.0012151281,6.7901833e-06,0.001220597,-0.001529057,7.2551643e-07,1.1359155e-05,5.169437e-06,-0.0018053022
3.0,60,4.92492,0.75,0.0,0.99493104,-0.0013244019,-1.5039122e-05,0.0,0.0,0.0,0.003223173,0.0011646203,8.73128e-06,-0.0014809028,2.8049608e-06,-0.0017422775,0.003223173,0.0011619872,6.522532e-06,0.0011672534,-0.0014809028,6.9241975e-07,1.0940029e-05,4.917502e-06,-0.0017422775
3.0,60,4.964856,0.75,0.0,0.9950579,-0.0012787404,-1.464124e-05,0.0,0.0,0.0,0.0031165553,0.001114158,8.403979e-06,-0.0014345455,2.670729e-06,-0.0016820102,0.0031165553,0.0011116187,6.2681775e-06,0.0011166972,-0.0014345455,6.610778e-07,1.0539781e-05,4.6803802e-06,-0.0016820102
3.0,60,5.004792,0.75,0.0,0.9951808,-0.0012349961,-1.4352289e-05,0.0,0.0,0.0,0.003014254,0.0010663235,8.091989e-06,-0.0013899389,2.5441907e-06,-0.0016243316,0.003014254,0.0010638846,6.0262364e-06,0.0010687624,-0.0013899389,6.3134013e-07,1.0157741e-05,4.457041e-06,-0.0016243316
3.0,60,5.0447283,0.75,0.0,0.99529946,-0.0011931643,-1.3980027e-05,0.0,0.0,0.0,0.0029161102,0.0010209412,7.794354e-06,-0.0013469968,2.424879e-06,-0.0015691313,0.0029161102,0.0010185973,5.796031e-06,0.0010232852,-0.0013469968,6.031608e-07,9.792677e-06,4.246597e-06,-0.0015691313
3.0,60,5.0846643,0.75,0.0,0.99541426,-0.0011531122,-1.36213785e-05,0.0,0.0,0.0,0.0028218909,0.0009778854,7.5102935e-06,-0.0013056318,2.312282e-06,-0.0015162728,0.0028218909,0.00097561325,5.5769383e-06,0.0009801578,-0.0013056318,5.7640307e-07,9.443648e-06,4.048161e-06,-0.0015162728
3.0,60,5.1246004,0.75,0.0,0.9955343,-0.0011299424,4.367332e-06,0.0,0.0,0.0,0.0027314555,0.0009370018,7.2391613e-06,-0.0012657973,2.2059762e-06,-0.0014656319,0.0027314555,0.0009348209,5.368247e-06,0.0009391826,-0.0012657973,5.510174e-07,9.110076e-06,3.860935e-06,-0.0014656319
3.0,60,5.1645374,0.75,0.0,0.9956334,-0.0010716215,1.6478305e-05,0.0,0.0,0.0,0.0026445473,0.00089816155,6.9802027e-06,-0.0012274381,2.1055396e-06,-0.0014171047,0.0026445473,0.0008960557,5.1693733e-06,0.0009002674,-0.0012274381,5.2692053e-07,8.791032e-06,3.6841586e-06,-0.0014171047
3.0,60,5.2044725,0.75,0.0,0.99574655,-0.0010515136,-7.2215266e-07,0.0,0.0,0.0,0.0025610223,0.00086126116,6.7327583e-06,-0.0011904696,2.0106122e-06,-0.00137059,0.0025610223,0.00085923146,4.979745e-06,0.0008632908,-0.0011904696,5.0402446e-07,8.485771e-06,3.5171997e-06,-0.00137059
3.0,60,5.2444086,0.75,0.0,0.99584126,-0.0010037051,-1.6007483e-05,0.0,0.0,0.0,0.0024808068,0.0008261708,6.496259e-06,-0.0011548334,1.9208294e-06,-0.0013259829,0.0024808068,0.000824206,4.7989042e-06,0.0008281355,-0.0011548334,4.822812e-07,8.193614e-06,3.3593774e-06,-0.0013259829
3.0,60,5.2843456,0.75,0.0,0.99593484,-0.0009680072,-1.2007338e-05,0.0,0.0,0.0,0.0024036826,0.0007927969,6.270162e-06,-0.0011204915,1.8358603e-06,-0.0012831629,0.0024036826,0.00079090404,4.6263217e-06,0.00079468975,-0.0011204915,4.6160568e-07,7.914003e-06,3.210115e-06,-0.0012831629
3.0,60,5.3242807,0.75,0.0,0.99602747,-0.00094113057,-1.1434826e-05,0.0,0.0,0.0,0.00232949,0.0007610408,6.0538296e-06,-0.001087392,1.755427e-06,-0.001242098,0.00232949,0.00075920596,4.4615444e-06,0.0007628756,-0.001087392,4.4195968e-07,7.646115e-06,3.0688943e-06,-0.001242098
3.0,60,5.364217,0.75,0.0,0.9961192,-0.000911458,-1.1158475e-05,0.0,0.0,0.0,0.0022581168,0.0007307995,5.8468695e-06,-0.0010554657,1.6792284e-06,-0.0012026585,0.0022581168,0.0007290373,4.3041937e-06,0.0007325617,-0.0010554657,4.2327207e-07,7.3895453e-06,2.9351847e-06,-0.0012026585
3.0,60,5.404154,0.75,0.0,0.99620825,-0.000882954,-1.0894173e-05,0.0,0.0,0.0,0.0021894693,0.00070200476,5.6487124e-06,-0.0010246834,1.6070186e-06,-0.0011647855,0.0021894693,0.00070030004,4.1538333e-06,0.00070370955,-0.0010246834,4.054821e-07,7.143591e-06,2.808555e-06,-0.0011647855
3.0,60,5.44409,0.75,0.0,0.99629414,-0.0008546139,-9.663787e-06,0.0,0.0,0.0,0.0021233775,0.0006745748,5.4589545e-06,-0.0009949909,1.538538e-06,-0.0011284008,0.0021233775,0.00067291944,4.010052e-06,0.0006762302,-0.0009949909,3.885582e-07,6.9078574e-06,2.6885177e-06,-0.0011284008
3.0,60,5.484025,0.75,0.0,0.9963778,-0.0008283199,-9.451694e-06,0.0,0.0,0.0,0.0020597666,0.0006484245,5.2771493e-06,-0.00096633687,1.4736027e-06,-0.0010934293,0.0020597666,0.00064682827,3.872545e-06,0.0006500208,-0.00096633687,3.7244808e-07,6.681754e-06,2.5747572e-06,-0.0010934293
3.0,60,5.523962,0.75,0.0,0.9964591,-0.0008030362,-9.2475e-06,0.0,0.0,0.0,0.0019985172,0.0006234902,5.102909e-06,-0.0009386924,1.4119386e-06,-0.0010598134,0.0019985172,0.0006219478,3.7410005e-06,0.0006250326,-0.0009386924,3.5709851e-07,6.4648184e-06,2.4667786e-06,-0.0010598134
3.0,60,5.563898,0.75,0.0,0.9965382,-0.0007795289,-8.011408e-06,0.0,0.0,0.0,0.0019395003,0.0005997049,4.935874e-06,-0.0009120055,1.3533888e-06,-0.0010274888,0.0019395003,0.0005982146,3.6150795e-06,0.0006011952,-0.0009120055,3.424757e-07,6.2566683e-06,2.364302e-06,-0.0010274888
3.0,60,5.603834,0.75,0.0,0.99661475,-0.0007560936,-7.860083e-06,0.0,0.0,0.0,0.0018826447,0.00057700695,4.7756953e-06,-0.0008862367,1.2977755e-06,-0.0009963963,0.0018826447,0.00057556236,3.494542e-06,0.0005784515,-0.0008862367,3.2855735e-07,6.0568486e-06,2.2669938e-06,-0.0009963963
3.0,60,5.64377,0.75,0.0,0.996689,-0.00073353713,-7.7102e-06,0.0,0.0,0.0,0.0018278395,0.0005553365,4.6220375e-06,-0.0008613674,1.2449021e-06,-0.0009664756,0.0018278395,0.000553937,3.3790436e-06,0.000556736,-0.0008613674,3.1526696e-07,5.8650317e-06,2.1745373e-06,-0.0009664756
3.0,60,5.6837063,0.75,0.0,0.99676114,-0.00071173994,-9.16447e-06,0.0,0.0,0.0,0.0017750188,0.0005346445,4.4745516e-06,-0.0008373367,1.1946381e-06,-0.000937674,0.0017750188,0.00053328683,3.2683802e-06,0.0005360022,-0.0008373367,3.0260546e-07,5.680723e-06,2.0866707e-06,-0.000937674
3.0,60,5.7236423,0.75,0.0,0.9968312,-0.0006908324,-8.961818e-06,0.0,0.0,0.0,0.0017240796,0.00051487435,4.3329565e-06,-0.0008141279,1.1468243e-06,-0.00090994744,0.0017240796,0.00051355775,3.1622862e-06,0.000516191,-0.0008141279,2.905217e-07,5.503626e-06,2.0031268e-06,-0.00090994744
3.0,60,5.7635784,0.75,0.0,0.99689925,-0.00067069,-8.762678e-06,0.0,0.0,0.0,0.0016749348,0.00049597956,4.196975e-06,-0.00079170556,1.1012987e-06,-0.00088323845,0.0016749348,0.0004947079,3.06052e-06,0.0004972512,-0.00079170556,2.7899782e-07,5.3334306e-06,1.9235997e-06,-0.00088323845
3.0,60,5.8035145,0.75,0.0,0.99696535,-0.0006512785,-8.571562e-06,0.0,0.0,0.0,0.0016275395,0.00047791755,4.066369e-06,-0.0007700383,1.0579763e-06,-0.0008575097,0.0016275395,0.00047668675,2.9629177e-06,0.00047914838,-0.0007700383,2.6799773e-07,5.1698207e-06,1.8479548e-06,-0.0008575097
3.0,60,5.8434505,0.75,0.0,0.9970296,-0.0006325682,-8.388282e-06,0.0,0.0,0.0,0.0015818011,0.00046064385,3.9408606e-06,-0.0007490914,1.0166958e-06,-0.0008327265,0.0015818011,0.00045944683,2.869222e-06,0.00046184083,-0.0007490914,2.5748733e-07,5.012499e-06,1.7759044e-06,-0.0008327265
3.0,60,5.8833866,0.75,0.0,0.9970921,-0.0006145292,-8.209194e-06,0.0,0.0,0.0,0.0015376589,0.00044411584,3.8201833e-06,-0.0007288395,9.773646e-07,-0.00080881815,0.0015376589,0.0004429595,2.7792614e-06,0.0004452722,-0.0007288395,2.4746117e-07,4.8611055e-06,1.707268e-06,-0.00080881815
3.0,60,5.9233227,0.75,0.0,0.9971528,-0.00059712975,-8.035253e-06,0.0,0.0,0.0,0.001495039,0.0004283025,3.7041375e-06,-0.0007092603,9.398752e-07,-0.00078577286,0.001495039,0.0004271785,2.692871e-06,0.0004294265,-0.0007092603,2.3787616e-07,4.715404e-06,1.6418742e-06,-0.00078577286
3.0,60,5.9632587,0.75,0.0,0.99720913,-0.00057952275,-1.1405484e-05,0.0,0.0,0.0,0.0014538743,0.00041315868,3.5925189e-06,-0.00069032435,9.0410947e-07,-0.00076354854,0.0014538743,0.00041206743,2.6098746e-06,0.0004142499,-0.00069032435,2.2871019e-07,4.575163e-06,1.5795088e-06,-0.00076354854
3.0,60,6.003195,0.75,0.0,0.9972637,-0.00056600105,-1.382483e-05,0.0,0.0,0.0,0.0014141117,0.00039866142,3.4851657e-06,-0.0006720091,8.6999734e-07,-0.00074211543,0.0014141117,0.0003976031,2.5301001e-06,0.00039971978,-0.0006720091,2.1996239e-07,4.4402314e-06,1.5200322e-06,-0.00074211543
3.0,60,6.043131,0.75,0.0,0.9973167,-0.00054873613,-9.941818e-06,0.0,0.0,0.0,0.001375697,0.0003847691,3.381801e-06,-0.00065428234,8.374346e-07,-0.0007214195,0.001375697,0.0003837425,2.4534274e-06,0.00038579575,-0.00065428234,2.1159656e-07,4.3101745e-06,1.4632726e-06,-0.0007214195
3.0,60,6.083067,0.75,0.0,0.99736875,-0.0005371719,-6.978013e-06,0.0,0.0,0.0,0.0013385783,0.0003714588,3.2823295e-06,-0.0006371427,8.063512e-07,-0.00070144876,0.0013385783,0.00037046493,2.379679e-06,0.00037245266,-0.0006371427,2.0358819e-07,4.18498e-06,1.4091141e-06,-0.00070144876
3.0,60,6.123004,0.75,0.0,0.9974218,-0.0005223704,-6.765271e-06,0.0,0.0,0.0,0.0013027102,0.00035869988,3.1865354e-06,-0.000620539,7.766446e-07,-0.0006821683,0.0013027102,0.00035772938,2.308736e-06,0.00035967035,-0.000620539,1.9592856e-07,4.064335e-06,1.3573606e-06,-0.0006821683
3.0,60,6.162939,0.75,0.0,0.99747354,-0.00050817704,-6.6299694e-06,0.0,0.0,0.0,0.0012680127,0.00034646725,3.0942415e-06,-0.0006044698,7.4827386e-07,-0.00066354655,0.0012680127,0.00034552818,2.240464e-06,0.0003474063,-0.0006044698,1.8860062e-07,3.948019e-06,1.3079471e-06,-0.00066354655
3.0,60,6.202875,0.75,0.0,0.997524,-0.00049447065,-6.4995656e-06,0.0,0.0,0.0,0.0012344843,0.0003347345,3.0052815e-06,-0.00058891665,7.2114955e-07,-0.00064556074,0.0012344843,0.00033382082,2.1747335e-06,0.00033564816,-0.00058891665,1.815833e-07,3.83583e-06,1.2607157e-06,-0.00064556074
3.0,60,6.242812,0.75,0.0,0.9975731,-0.00048121708,-6.371231e-06,0.0,0.0,0.0,0.0012020078,0.000323476,2.9195467e-06,-0.00057385233,6.952115e-07,-0.000628179,0.0012020078,0.0003225875,2.1114515e-06,0.00032436452,-0.00057385233,1.7486722e-07,3.727642e-06,1.2155558e-06,-0.000628179
3.0,60,6.2827473,0.75,0.0,0.9976208,-0.0004684113,-6.2489603e-06,0.0,0.0,0.0,0.0011706377,0.00031267127,2.8369027e-06,-0.00055925193,6.7040384e-07,-0.0006113889,0.0011706377,0.00031181227,2.050476e-06,0.00031353027,-0.00055925193,1.6843491e-07,3.6233293e-06,1.1723728e-06,-0.0006113889
3.0,60,6.3226833,0.75,0.0,0.9976674,-0.00045603246,-6.12624e-06,0.0,0.0,0.0,0.0011402591,0.0003022988,2.7571987e-06,-0.0005451141,6.466688e-07,-0.0005951526,0.0011402591,0.0003014621,1.991758e-06,0.00030313554,-0.0005451141,1.6227465e-07,3.5226396e-06,1.131063e-06,-0.0005951526
3.0,60,6.3626204,0.75,0.0,0.9977128,-0.00044405196,-6.0099273e-06,0.0,0.0,0.0,0.0011108685,0.00029233942,2.6803093e-06,-0.0005314174,6.239424e-07,-0.0005794573,0.0011108685,0.00029152373,1.93513e-06,0.00029315514,-0.0005314174,1.5636762e-07,3.4254886e-06,1.0915172e-06,-0.0005794573
3.0,60,6.4025564,0.75,0.0,0.99775696,-0.0004324721,-5.8953156e-06,0.0,0.0,0.0,0.0010824159,0.00028277322,2.6061166e-06,-0.0005181446,6.021875e-07,-0.00056427566,0.0010824159,0.000281981,1.8805702e-06,0.00028356543,-0.0005181446,1.5070748e-07,3.3316628e-06,1.0536676e-06,-0.00056427566
3.0,60,6.4424915,0.75,0.0,0.9978,-0.00042126968,-5.7843026e-06,0.0,0.0,0.0,0.0010548605,0.000273582,2.5345203e-06,-0.0005052775,5.8134367e-07,-0.0005495857,0.0010548605,0.00027281142,1.8279419e-06,0.00027435258,-0.0005052775,1.4528122e-07,3.2410987e-06,1.0174061e-06,-0.0005495857
3.0,60,6.4824276,0.75,0.0,0.997842,-0.00041042565,-5.6770978e-06,0.0,0.0,0.0,0.0010281795,0.00026474713,2.4653978e-06,-0.00049280305,5.6138214e-07,-0.000535381,0.0010281795,0.00026399744,1.777189e-06,0.00026549684,-0.00049280305,1.4008006e-07,3.1536067e-06,9.826842e-07,-0.000535381
3.0,60,6.5223646,0.75,0.0,0.9978829,-0.00039993026,-5.5713235e-06,0.0,0.0,0.0,0.0010023282,0.0002562563,2.398639e-06,-0.00048070756,5.422399e-07,-0.0005216277,0.0010023282,0.0002555278,1.7282048e-06,0.0002569848,-0.00048070756,1.3508406e-07,3.0690733e-06,9.493957e-07,-0.0005216277
3.0,60,6.5622997,0.75,0.0,0.9979228,-0.00038977523,-5.468952e-06,0.0,0.0,0.0,0.0009772964,0.00024809025,2.3341759e-06,-0.00046897537,5.238926e-07,-0.0005083232,0.0009772964,0.00024737956,1.6809296e-06,0.0002488009,-0.00046897537,1.3029532e-07,2.987422e-06,9.1748984e-07,-0.0005083232
3.0,60,6.602236,0.75,0.0,0.99796164,-0.00037993334,-5.369593e-06,0.0,0.0,0.0,0.00095302897,0.00024023626,2.271891e-06,-0.0004575986,5.0629683e-07,-0.0004954299,0.00095302897,0.00023954836,1.635308e-06,0.00024092417,-0.0004575986,1.2570115e-07,2.9084738e-06,8.8689245e-07,-0.0004954299
3.0,60,6.642173,0.75,0.0,0.99799955,-0.00037041618,-5.3604294e-06,0.0,0.0,0.0,0.00092950696,0.00023268117,2.2116758e-06,-0.0004465591,4.894059e-07,-0.0004829548,0.00092950696,0.00023200797,1.5912344e-06,0.00023335435,-0.0004465591,1.2128301e-07,2.8321172e-06,8.575288e-07,-0.0004829548
3.0,60,6.682109,0.75,0.0,0.99803656,-0.00036118506,-5.2620926e-06,0.0,0.0,0.0,0.00090671174,0.00022540796,2.1534863e-06,-0.00043584936,4.7320808e-07,-0.00047086584,0.00090671174,0.00022475273,1.548672e-06,0.00022606319,-0.00043584936,1.1704814e-07,2.7583008e-06,8.29368e-07,-0.00047086584
3.0,60,6.722044,0.75,0.0,0.9980727,-0.00035229683,-5.1243514e-06,0.0,0.0,0.0,0.0008846115,0.000218409,2.0972439e-06,-0.00042545423,4.5765856e-07,-0.0004591557,0.0008846115,0.000217773,1.5075533e-06,0.00021904499,-0.00042545423,1.1298477e-07,2.6869343e-06,8.0233235e-07,-0.0004591557
3.0,60,6.761981,0.75,0.0,0.99810785,-0.00034362805,-5.033451e-06,0.0,0.0,0.0,0.00086317037,0.00021166977,2.0428301e-06,-0.00041536553,4.427226e-07,-0.00044780909,0.00086317037,0.00021104836,1.4678045e-06,0.00021229117,-0.00041536553,1.0907762e-07,2.617856e-06,7.763676e-07,-0.00044780909
3.0,60,6.801917,0.75,0.0,0.9981421,-0.0003352798,-4.8649754e-06,0.0,0.0,0.0,0.0008423829,0.00020517997,1.9902109e-06,-0.00040556892,4.2837587e-07,-0.0004368137,0.0008423829,0.00020457622,1.4293967e-06,0.00020578373,-0.00040556892,1.0532105e-07,2.5510253e-06,7.514307e-07,-0.0004368137
3.0,60,6.841853,0.75,0.0,0.9981756,-0.0003271282,-4.783178e-06,0.0,0.0,0.0,0.00082220766,0.00019892759,1.939291e-06,-0.0003960613,4.1459313e-07,-0.00042614987,0.00082220766,0.00019833817,1.3922461e-06,0.000199517,-0.0003960613,1.0171374e-07,2.4863357e-06,7.274725e-07,-0.00042614987
3.0,60,6.881789,0.75,0.0,0.9982084,-0.00031932167,-4.73562e-06,0.0,0.0,0.0,0.0008026441,0.00019290553,1.8900275e-06,-0.00038682588,4.0134904e-07,-0.00041581827,0.0008026441,0.00019233182,1.3563205e-06,0.00019347924,-0.00038682588,9.8245444e-08,2.4237347e-06,7.0445265e-07,-0.00041581827
3.0,60,6.9217253,0.75,0.0,0.99824035,-0.00031165715,-4.6527357e-06,0.0,0.0,0.0,0.00078365084,0.0001871005,1.8423378e-06,-0.0003778581,3.886126e-07,-0.00040579162,0.00078365084,0.00018654077,1.3215824e-06,0.0001876602,-0.0003778581,9.4909446e-08,2.3630932e-06,6.823157e-07,-0.00040579162
3.0,60,6.9616613,0.75,0.0,0.9982715,-0.00030422074,-4.5722986e-06,0.0,0.0,0.0,0.0007652053,0.00018150324,1.7961593e-06,-0.00036914443,3.7637227e-07,-0.00039607048,0.0007652053,0.00018095737,1.2879444e-06,0.00018204913,-0.00036914443,9.170556e-08,2.3043742e-06,6.61039e-07,-0.00039607048
3.0,60,7.0015974,0.75,0.0,0.998302,-0.00029700444,-4.4939366e-06,0.0,0.0,0.0,0.0007473215,0.00017610882,1.7514478e-06,-0.00036067743,3.645903e-07,-0.00038663755,0.0007473215,0.00017557718,1.2554076e-06,0.00017664047,-0.00036067743,8.86164e-08,2.247488e-06,6.405642e-07,-0.00038663755
3.0,60,7.0415335,0.75,0.0,0.9983318,-0.0002900049,-4.4182652e-06,0.0,0.0,0.0,0.000729937,0.00017090599,1.7081654e-06,-0.00035245417,3.5326315e-07,-0.00037748425,0.000729937,0.00017038581,1.2239258e-06,0.00017142617,-0.00035245417,8.565181e-08,2.192405e-06,6.2087446e-07,-0.00037748425
3.0,60,7.0814695,0.75,0.0,0.9983608,-0.0002832059,-4.345027e-06,0.0,0.0,0.0,0.00071305723,0.00016588738,1.6661979e-06,-0.0003444616,3.4235805e-07,-0.0003686024,0.00071305723,0.00016538099,1.1934382e-06,0.00016639377,-0.0003444616,8.279893e-08,2.1389576e-06,6.019172e-07,-0.0003686024
3.0,60,7.1214056,0.75,0.0,0.9983893,-0.0002766116,-4.2705337e-06,0.0,0.0,0.0,0.0006966726,0.0001610441,1.6255361e-06,-0.00033669287,3.3185972e-07,-0.0003599812,0.0006966726,0.00016055077,1.1638872e-06,0.00016153742,-0.00033669287,8.0046284e-08,2.087185e-06,5.8367317e-07,-0.0003599812
3.0,60,7.1613417,0.75,0.0,0.998417,-0.0002702042,-4.2005936e-06,0.0,0.0,0.0,0.0006807478,0.0001563708,1.5861333e-06,-0.00032913708,3.2175222e-07,-0.00035161135,0.0006807478,0.00015589048,1.135288e-06,0.00015685115,-0.00032913708,7.740407e-08,2.0369785e-06,5.6610037e-07,-0.00035161135
3.0,60,7.2012777,0.75,0.0,0.99844414,-0.00026398766,-4.1312046e-06,0.0,0.0,0.0,0.0006652828,0.0001518602,1.5479459e-06,-0.0003217933,3.1202146e-07,-0.00034348175,0.0006652828,0.00015139095,1.1075754e-06,0.00015232943,-0.0003217933,7.4858e-08,1.9883164e-06,5.491849e-07,-0.00034348175
3.0,60,7.241214,0.75,0.0,0.9984706,-0.0002579444,-4.061921e-06,0.0,0.0,0.0,0.00065024063,0.00014750555,1.5109024e-06,-0.00031465036,3.0264422e-07,-0.00033558806,0.00065024063,0.00014704636,1.0807138e-06,0.00014796473,-0.00031465036,7.24062e-08,1.941091e-06,5.3288227e-07,-0.00033558806
3.0,60,7.28115,0.75,0.0,0.99849653,-0.00025207776,-3.9962133e-06,0.0,0.0,0.0,0.00063563074,0.00014329987,1.4749949e-06,-0.00030770243,2.936095e-07,-0.0003279251,0.00063563074,0.00014285183,1.0546776e-06,0.00014374792,-0.00030770243,7.0043484e-08,1.8953122e-06,5.171755e-07,-0.0003279251
3.0,60,7.321086,0.75,0.0,0.99852186,-0.0002463735,-3.9317038e-06,0.0,0.0,0.0,0.0006214184,0.00013923692,1.4401605e-06,-0.00030094662,2.848979e-07,-0.00032047593,0.0006214184,0.00013879978,1.0294415e-06,0.00013967406,-0.00030094662,6.7769385e-08,1.8508796e-06,5.020264e-07,-0.00032047593
3.0,60,7.361023,0.75,0.0,0.9985466,-0.00024082977,-3.8699036e-06,0.0,0.0,0.0,0.00060761225,0.00013531427,1.4063692e-06,-0.00029437718,2.7650245e-07,-0.0003132346,0.00060761225,0.00013488742,1.0049632e-06,0.00013574111,-0.00029437718,6.557354e-08,1.807775e-06,4.8743135e-07,-0.0003132346
3.0,60,7.400958,0.75,0.0,0.9985708,-0.00023544926,-3.8046571e-06,0.0,0.0,0.0,0.0005941832,0.00013152297,1.3735853e-06,-0.00028797478,2.6840664e-07,-0.00030620533,0.0005941832,0.00013110526,9.812379e-07,0.00013194069,-0.00028797478,6.346308e-08,1.7659328e-06,4.7335018e-07,-0.00030620533
3.0,60,7.440894,0.75,0.0,0.9985945,-0.00023021169,-3.7466034e-06,0.0,0.0,0.0,0.00058112206,0.00012785768,1.3417573e-06,-0.000281752,2.6059863e-07,-0.0002993682,0.00058112206,0.00012745187,9.582155e-07,0.00012826349,-0.000281752,6.1424466e-08,1.7252992e-06,4.597728e-07,-0.0002993682
3.0,60,7.480831,0.75,0.0,0.9986177,-0.00022511833,-3.6873012e-06,0.0,0.0,0.0,0.0005684112,0.00012431644,1.3108714e-06,-0.0002756928,2.530682e-07,-0.00029271792,0.0005684112,0.0001239184,9.3586976e-07,0.00012471448,-0.0002756928,5.9460742e-08,1.6858731e-06,4.4667567e-07,-0.00029271792
3.0,60,7.520767,0.75,0.0,0.99864036,-0.00022016946,-3.62821e-06,0.0,0.0,0.0,0.0005560501,0.0001208919,1.2808753e-06,-0.00026979696,2.4579785e-07,-0.0002862558,0.0005560501,0.00012050327,9.1419747e-07,0.00012128054,-0.00026979696,5.7564982e-08,1.6475532e-06,4.3403074e-07,-0.0002862558
3.0,60,7.5607023,0.75,0.0,0.9986625,-0.0002153541,-3.5708865e-06,0.0,0.0,0.0,0.0005440302,0.00011758065,1.2517404e-06,-0.00026405443,2.3878175e-07,-0.00027997087,0.0005440302,0.00011720122,8.9313846e-07,0.00011796007,-0.00026405443,5.5740074e-08,1.6103423e-06,4.2182342e-07,-0.00027997087
3.0,60,7.6006393,0.75,0.0,0.99868417,-0.00021067863,-3.516812e-06,0.0,0.0,0.0,0.0005323255,0.00011437835,1.2234503e-06,-0.00025846524,2.3200776e-07,-0.00027385892,0.0005323255,0.00011400671,8.7271803e-07,0.00011474999,-0.00025846524,5.3976017e-08,1.5741826e-06,4.1003952e-07,-0.00027385892
3.0,60,7.6405754,0.75,0.0,0.9987048,-0.00019789595,5.1487964e-06,0.0,0.0,0.0,0.0005209297,0.00011127905,1.1959703e-06,-0.0002530205,2.2546924e-07,-0.00026791182,0.0005209297,0.000110916066,8.5287985e-07,0.000111642024,-0.0002530205,5.2278065e-08,1.5390607e-06,3.986604e-07,-0.00026791182
3.0,60,7.6805105,0.75,0.0,0.99872845,-0.00020163845,-2.6701337e-06,0.0,0.0,0.0,0.0005098443,0.00010828121,1.1692649e-06,-0.00024771978,2.1915307e-07,-0.0002621252,0.0005098443,0.0001079271,8.336139e-07,0.000108635315,-0.00024771978,5.0637503e-08,1.5049159e-06,3.8766862e-07,-0.0002621252
3.0,60,7.7204475,0.75,0.0,0.9987487,-0.00019732816,-2.6432176e-06,0.0,0.0,0.0,0.00049904763,0.000105380066,1.1433374e-06,-0.00024255435,2.1304834e-07,-0.00025649596,0.00049904763,0.00010503355,8.149031e-07,0.000105726576,-0.00024255435,4.905188e-08,1.4717716e-06,3.7704478e-07,-0.00025649596
3.0,60,7.7603836,0.75,0.0,0.99876857,-0.0001931459,-2.6173389e-06,0.0,0.0,0.0,0.0004885408,0.000102572965,1.118121e-06,-0.0002375225,2.071541e-07,-0.00025101728,0.0004885408,0.00010223427,7.96727e-07,0.00010291166,-0.0002375225,4.7525067e-08,1.4395148e-06,3.6678313e-07,-0.00025101728
3.0,60,7.8003197,0.75,0.0,0.998788,-0.00018906902,-2.5927523e-06,0.0,0.0,0.0,0.0004783046,9.9854406e-05,1.0936035e-06,-0.00023262025,2.0145383e-07,-0.00024568502,0.0004783046,9.952374e-05,7.790562e-07,0.00010018507,-0.00023262025,4.6048225e-08,1.4081509e-06,3.5685943e-07,-0.00024568502
3.0,60,7.8402557,0.75,0.0,0.998807,-0.00018509573,-2.5677562e-06,0.0,0.0,0.0,0.0004683332,9.7222306e-05,1.0697812e-06,-0.00022784394,1.959487e-07,-0.00024049291,0.0004683332,9.689786e-05,7.618906e-07,9.754676e-05,-0.00022784394,4.462116e-08,1.3776718e-06,3.4727626e-07,-0.00024049291
3.0,60,7.880192,0.75,0.0,0.9988256,-0.0001812293,-2.5414547e-06,0.0,0.0,0.0,0.00045862084,9.467335e-05,1.0465985e-06,-0.0002231889,1.9062547e-07,-0.00023543564,0.00045862084,9.4356794e-05,7.451972e-07,9.498991e-05,-0.0002231889,4.3246782e-08,1.3479997e-06,3.3800416e-07,-0.00023543564
3.0,60,7.920128,0.75,0.0,0.99884605,-0.00018416048,4.338817e-06,0.0,0.0,0.0,0.0004491626,9.22038e-05,1.0240747e-06,-0.0002186506,1.8547384e-07,-0.0002305146,0.0004491626,9.189355e-05,7.2898405e-07,9.251406e-05,-0.0002186506,4.1916618e-08,1.3191653e-06,3.2903105e-07,-0.0002305146
3.0,60,7.960064,0.75,0.0,0.9988638,-0.0001803676,4.235258e-06,0.0,0.0,0.0,0.00043994465,8.981197e-05,1.0021313e-06,-0.00021422662,1.8049582e-07,-0.0002257203,0.00043994465,8.9508394e-05,7.13203e-07,9.011554e-05,-0.00021422662,4.0634134e-08,1.2910597e-06,3.2035751e-07,-0.0002257203
3.0,60,8.0,0.75,0.0,0.99888086,-0.00016925002,-3.0471147e-06,0.0,0.0,0.0,0.00043096294,8.749496e-05,9.808158e-07,-0.00020991375,1.7567604e-07,-0.00022105056,0.00043096294,8.719755e-05,6.978657e-07,8.779238e-05,-0.00020991375,3.9392674e-08,1.2637659e-06,3.119594e-07,-0.00022105056
