flow_time,time_step,x,y,z,Ux,Uy,Uz,omega_x,omega_y,omega_z,Sxx,Sxy,Sxz,Syy,Syz,Szz,dudx,dudy,dudz,dvdx,dvdy,dvdz,dwdx,dwdy,dwdz
0.6,12,-4.5,0.0,0.0,0.996871,0.00016399288,0.00014892501,0.0,0.0,0.0,-0.0021986715,6.226661e-05,5.713705e-05,0.0010989321,-5.163723e-08,0.0010996058,-0.0021986715,3.7583646e-05,3.3979937e-05,8.6949585e-05,0.0010989321,-3.6505335e-07,8.0294165e-05,2.617789e-07,0.0010996058
0.6,12,-4.4600515,0.0,0.0,0.9967882,0.0001672777,0.0001519214,0.0,0.0,0.0,-0.0022779945,6.4128966e-05,5.885744e-05,0.0011385583,-5.3827932e-08,0.0011392728,-0.0022779945,3.86826e-05,3.497663e-05,8.9575326e-05,0.0011385583,-3.7253065e-07,8.273825e-05,2.6487479e-07,0.0011392728
0.6,12,-4.420103,0.0,0.0,0.9967023,0.00017065243,0.00015499994,0.0,0.0,0.0,-0.0023608853,6.6063614e-05,6.0645092e-05,0.0011799842,-5.6213253e-08,0.0011807488,-0.0023608853,3.9822386e-05,3.6011897e-05,9.230485e-05,0.0011799842,-3.8028156e-07,8.527829e-05,2.6785506e-07,0.0011807488
0.6,12,-4.3801546,0.0,0.0,0.9965672,0.00010804719,0.00015856684,0.0,0.0,0.0,-0.0024475844,6.80774e-05,6.2505336e-05,0.0012233234,-5.8801646e-08,0.0012241107,-0.0024475844,4.100815e-05,3.7087088e-05,9.514666e-05,0.0012233234,-3.8830515e-07,8.792359e-05,2.7070186e-07,0.0012241107
0.6,12,-4.340206,0.0,0.0,0.99642736,0.00017778786,0.00016216745,0.0,0.0,0.0,-0.0025383155,7.017166e-05,6.444291e-05,0.0012686957,-6.1583265e-08,0.0012694912,-0.0025383155,4.2240557e-05,3.820585e-05,9.810276e-05,0.0012686957,-3.965795e-07,9.067996e-05,2.7341298e-07,0.0012694912
0.6,12,-4.3002577,0.0,0.0,0.99632776,0.00018147152,0.00016552967,0.0,0.0,0.0,-0.0026333346,7.234956e-05,6.645661e-05,0.0013161763,-6.462034e-08,0.0013170074,-0.0026333346,4.3521337e-05,3.936794e-05,0.000101177786,0.0013161763,-4.0519268e-07,9.354528e-05,2.75952e-07,0.0013170074
0.6,12,-4.260309,0.0,0.0,0.9962246,0.00018543439,0.0001691979,0.0,0.0,0.0,-0.002732798,7.461822e-05,6.8554145e-05,0.0013659166,-6.792207e-08,0.0013667601,-0.002732798,4.485496e-05,4.057814e-05,0.00010438147,0.0013659166,-4.1413426e-07,9.653015e-05,2.7829012e-07,0.0013667601
0.6,12,-4.2203608,0.0,0.0,0.9961176,0.00018927953,0.00017288403,0.0,0.0,0.0,-0.0028370006,7.6981596e-05,7.074032e-05,0.0014180002,-7.150291e-08,0.0014188797,-0.0028370006,4.6242996e-05,4.1837022e-05,0.0001077202,0.0014180002,-4.234068e-07,9.964363e-05,2.8040097e-07,0.0014188797
0.6,12,-4.1804123,0.0,0.0,0.9960067,0.0001935795,0.00017660385,0.0,0.0,0.0,-0.002946257,7.944218e-05,7.301647e-05,0.001472577,-7.540483e-08,0.0014735449,-0.002946257,4.7686157e-05,4.3147596e-05,0.000111198206,0.001472577,-4.330793e-07,0.00010288534,2.8226964e-07,0.0014735449
0.6,12,-4.140464,0.0,0.0,0.9958916,0.00019790599,0.00018057456,0.0,0.0,0.0,-0.003060814,8.200553e-05,7.538853e-05,0.001529844,-7.965727e-08,0.0015308596,-0.003060814,4.919045e-05,4.45124e-05,0.000114820614,0.001529844,-4.4313103e-07,0.00010626467,2.838165e-07,0.0015308596
0.6,12,-4.1005154,0.0,0.0,0.99577224,0.00020247836,0.00018419408,0.0,0.0,0.0,-0.003181013,8.468058e-05,7.786234e-05,0.0015899034,-8.428913e-08,0.0015909582,-0.003181013,5.0756225e-05,4.5933713e-05,0.000118604934,0.0015899034,-4.536207e-07,0.00010979098,2.8504243e-07,0.0015909582
0.6,12,-4.060567,0.0,0.0,0.9956477,0.0002062912,0.00018802713,0.0,0.0,0.0,-0.0033071663,8.7471126e-05,8.044494e-05,0.0016529482,-8.9356874e-08,0.0016540486,-0.0033071663,5.2390118e-05,4.741521e-05,0.00012255214,0.0016529482,-4.645916e-07,0.00011347467,2.8587786e-07,0.0016540486
0.6,12,-4.0206184,0.0,0.0,0.99552476,0.00022225529,0.00019273374,0.0,0.0,0.0,-0.0034396728,9.037849e-05,8.31395e-05,0.0017191473,-9.489432e-08,0.0017203147,-0.0034396728,5.409121e-05,4.8961712e-05,0.00012666576,0.0017191473,-4.760645e-07,0.00011731729,2.8627588e-07,0.0017203147
0.6,12,-3.9806702,0.0,0.0,0.9953901,0.00022752077,0.00019706624,0.0,0.0,0.0,-0.0035787907,9.34188e-05,8.595272e-05,0.0017886953,-1.0093157e-07,0.0017899352,-0.0035787907,5.5867516e-05,5.0573537e-05,0.00013097007,0.0017886953,-4.8805805e-07,0.0001213319,2.861949e-07,0.0017899352
0.6,12,-3.9407218,0.0,0.0,0.9952563,0.00022268167,0.00020236784,0.0,0.0,0.0,-0.0037250314,9.6589734e-05,8.888819e-05,0.0018618007,-1.0754019e-07,0.0018631013,-0.0037250314,5.7720397e-05,5.2254865e-05,0.00013545908,0.0018618007,-5.0062323e-07,0.00012552152,2.8554285e-07,0.0018631013
0.6,12,-3.9007733,0.0,0.0,0.99511164,0.00022788235,0.00020738314,0.0,0.0,0.0,-0.0038788635,9.9903715e-05,9.195905e-05,0.0019386667,-1.14782694e-07,0.0019400311,-0.0038788635,5.965448e-05,5.4009375e-05,0.00014015294,0.0019386667,-5.1383574e-07,0.00012990873,2.8427036e-07,0.0019400311
0.6,12,-3.8608248,0.0,0.0,0.99495995,0.00023304953,0.000211993,0.0,0.0,0.0,-0.0040417495,0.00010336787,9.516916e-05,0.0020197746,-1.2271038e-07,0.0020212107,-0.0040417495,6.1671584e-05,5.584442e-05,0.00014506416,0.0020197746,-5.2773674e-07,0.00013449391,2.82316e-07,0.0020212107
0.6,12,-3.8208764,0.0,0.0,0.9948027,0.00023880303,0.00021686198,0.0,0.0,0.0,-0.0042119687,0.00010698998,9.852551e-05,0.0021049085,-1.3142173e-07,0.0021064335,-0.0042119687,6.378308e-05,5.776013e-05,0.00015019688,0.0021049085,-5.4237e-07,0.00013929089,2.7952655e-07,0.0021064335
0.6,12,-3.780928,0.0,0.0,0.99463844,0.00024450675,0.00022194165,0.0,0.0,0.0,-0.0043913047,0.000110778696,0.00010203309,0.0021946074,-1.4098535e-07,0.0021961692,-0.0043913047,6.598942e-05,5.9759444e-05,0.00015556796,0.0021946074,-5.5783846e-07,0.00014430673,2.7586776e-07,0.0021961692
0.6,12,-3.7409794,0.0,0.0,0.994467,0.00025041608,0.00022740748,0.0,0.0,0.0,-0.0045803417,0.0001147437,0.0001057107,0.002289123,-1.5149104e-07,0.002290776,-0.0045803417,6.8295136e-05,6.185647e-05,0.00016119226,0.002289123,-5.741769e-07,0.00014956492,2.7119484e-07,0.002290776
0.6,12,-3.701031,0.0,0.0,0.99429303,0.0002773879,0.00023458537,0.0,0.0,0.0,-0.0047797468,0.000118892334,0.000109560155,0.0023887623,-1.6302562e-07,0.0023904708,-0.0047797468,7.070555e-05,6.4045846e-05,0.00016707911,0.0023887623,-5.914526e-07,0.00015507446,2.6540135e-07,0.0023904708
0.6,12,-3.6610825,0.0,0.0,0.9941062,0.00028442367,0.00024081604,0.0,0.0,0.0,-0.004990176,0.00012324474,0.00011359137,0.0024938555,-1.7574602e-07,0.002495681,-0.004990176,7.323017e-05,6.633834e-05,0.00017325931,0.0024938555,-6.0983297e-07,0.0001608444,2.5834092e-07,0.002495681
0.6,12,-3.621134,0.0,0.0,0.9939167,0.00027346445,0.00024812773,0.0,0.0,0.0,-0.0052120155,0.00012779768,0.000117817806,0.0026048105,-1.8972001e-07,0.0026067162,-0.0052120155,7.587402e-05,6.873822e-05,0.00017972133,0.0026048105,-6.2931264e-07,0.00016689739,2.498726e-07,0.0026067162
0.6,12,-3.5811856,0.0,0.0,0.9937136,0.00028051887,0.0002543704,0.0,0.0,0.0,-0.005446565,0.00013257487,0.00012224998,0.0027220289,-2.0514604e-07,0.0027240594,-0.005446565,7.864168e-05,7.1249575e-05,0.00018650808,0.0027220289,-6.501051e-07,0.0001732504,2.3981303e-07,0.0027240594
0.6,12,-3.541237,0.0,0.0,0.99350166,0.00028776398,0.0002609532,0.0,0.0,0.0,-0.0056942934,0.00013758798,0.00012690238,0.002845898,-2.2217516e-07,0.0028480222,-0.0056942934,8.154632e-05,7.388853e-05,0.00019362963,0.002845898,-6.7228143e-07,0.00017991623,2.2793111e-07,0.0028480222
0.6,12,-3.5012887,0.0,0.0,0.99327993,0.00029534986,0.00026779165,0.0,0.0,0.0,-0.0059564514,0.00014284598,0.00013178283,0.0029768469,-2.409338e-07,0.0029791468,-0.0059564514,8.458936e-05,7.664912e-05,0.00020110261,0.0029768469,-6.959794e-07,0.00018691653,2.141118e-07,0.0029791468
0.6,12,-3.4613404,0.0,0.0,0.9930478,0.0003031052,0.00027485905,0.0,0.0,0.0,-0.0062337075,0.00014836609,0.00013690662,0.0031154726,-2.6172498e-07,0.0031178407,-0.0062337075,8.777875e-05,7.9547215e-05,0.00020895344,0.0031154726,-7.214733e-07,0.00019426602,1.9802337e-07,0.0031178407
0.6,12,-3.421392,0.0,0.0,0.992805,0.0003112693,0.00028211367,0.0,0.0,0.0,-0.006527401,0.00015416935,0.0001422943,0.0032621655,-2.8467508e-07,0.0032647273,-0.006527401,9.112941e-05,8.259027e-05,0.00021720928,0.0032621655,-7.487608e-07,0.00020199835,1.794106e-07,0.0032647273
0.6,12,-3.3814435,0.0,0.0,0.99255466,0.00032401213,0.0002898235,0.0,0.0,0.0,-0.006838607,0.00016026646,0.00014795615,0.0034176593,-3.1008028e-07,0.003420351,-0.006838607,9.464505e-05,8.5784566e-05,0.00022588787,0.0034176593,-7.781423e-07,0.00021012772,1.5798176e-07,0.003420351
0.6,12,-3.341495,0.0,0.0,0.9922925,0.00032909831,0.00029792552,0.0,0.0,0.0,-0.0071683307,0.00016668037,0.00015391331,0.0035824943,-3.3822195e-07,0.0035853407,-0.0071683307,9.834454e-05,8.913967e-05,0.00023501621,0.0035824943,-8.098715e-07,0.00021868695,1.3342759e-07,0.0035853407
0.6,12,-3.3015466,0.0,0.0,0.99202675,0.0003378585,0.0003079091,0.0,0.0,0.0,-0.007518109,0.00017342552,0.00016018335,0.003757374,-3.6944846e-07,0.0037604482,-0.007518109,0.000102227794,9.266816e-05,0.00024462325,0.003757374,-8.441439e-07,0.00022769853,1.0524702e-07,0.0037604482
0.6,12,-3.261598,0.0,0.0,0.9917358,0.00034738594,0.000316847,0.0,0.0,0.0,-0.007891793,0.00018052377,0.00016677972,0.0039434703,-4.0407008e-07,0.003946616,-0.007891793,0.00010631301,9.637553e-05,0.00025473454,0.0039434703,-8.812736e-07,0.00023718391,7.313342e-08,0.003946616
0.6,12,-3.2216496,0.0,0.0,0.9914303,0.00035711707,0.00032574942,0.0,0.0,0.0,-0.008286159,0.0001880081,0.00017373374,0.0041406867,-4.425881e-07,0.0041440832,-0.008286159,0.00011061212,0.00010027898,0.00026540406,0.0041406867,-9.216737e-07,0.00024718852,3.649749e-08,0.0041440832
0.6,12,-3.1817012,0.0,0.0,0.9911105,0.0003672626,0.00033513905,0.0,0.0,0.0,-0.008705685,0.00019589391,0.00018106465,0.0043503274,-4.853265e-07,0.004353984,-0.008705685,0.00011513723,0.000104389124,0.0002766506,0.0043503274,-9.65562e-07,0.00025774018,-5.091055e-09,0.004353984
0.6,12,-3.1417527,0.0,0.0,0.9907739,0.00037837983,0.00034574277,0.0,0.0,0.0,-0.00915179,0.00020420764,0.0001887956,0.004573374,-5.3298936e-07,0.004577275,-0.00915179,0.000119904784,0.00010871855,0.0002885105,0.004573374,-1.013507e-06,0.00026887265,-5.247168e-08,0.004577275
0.6,12,-3.1018043,0.0,0.0,0.990421,0.00039851182,0.000356528,0.0,0.0,0.0,-0.0096272165,0.00021297135,0.00019695614,0.00481094,-5.8597266e-07,0.004815064,-0.0096272165,0.00012492713,0.000113279406,0.0003010156,0.00481094,-1.0657999e-06,0.00028063287,-1.0614547e-07,0.004815064
0.6,12,-3.0618558,0.0,0.0,0.9900491,0.00041084105,0.00036764104,0.0,0.0,0.0,-0.010133667,0.00022223493,0.00020556228,0.0050639813,-6.45132e-07,0.0050683958,-0.010133667,0.0001302277,0.000118088035,0.00031424215,0.0050639813,-1.1232273e-06,0.00029303652,-1.670367e-07,0.0050683958
0.6,12,-3.0219073,0.0,0.0,0.98965794,0.00041550247,0.0003796445,0.0,0.0,0.0,-0.010673799,0.00023200718,0.00021466648,0.005333868,-7.1116943e-07,0.005338607,-0.010673799,0.00013581142,0.000123161,0.00032820294,0.005333868,-1.1863474e-06,0.00030617198,-2.3599146e-07,0.005338607
0.6,12,-2.9819589,0.0,0.0,0.98926026,0.00042896203,0.00039396455,0.0,0.0,0.0,-0.011250088,0.00024234147,0.00022428454,0.0056217955,-7.849478e-07,0.005626984,-0.011250088,0.0001417136,0.00012852016,0.00034296935,0.0056217955,-1.2557931e-06,0.00032004892,-3.1410246e-07,0.005626984
0.6,12,-2.9420104,0.0,0.0,0.98882556,0.0004421025,0.00040639695,0.0,0.0,0.0,-0.011865659,0.00025326794,0.00023446069,0.005929374,-8.6741807e-07,0.0059349723,-0.011865659,0.00014794306,0.00013417297,0.00035859284,0.005929374,-1.3323362e-06,0.00033474842,-4.0249998e-07,0.0059349723
0.6,12,-2.902062,0.0,0.0,0.9883668,0.00045602067,0.0004192504,0.0,0.0,0.0,-0.012523695,0.00026483167,0.0002452199,0.0062582996,-9.598982e-07,0.006264226,-0.012523695,0.00015452581,0.00014014888,0.00037513752,0.0062582996,-1.4172207e-06,0.00035029094,-5.025758e-07,0.006264226
0.6,12,-2.8621135,0.0,0.0,0.98788375,0.0004705871,0.00043297766,0.0,0.0,0.0,-0.013227934,0.00027707015,0.00025662454,0.006610119,-1.0634641e-06,0.0066165053,-0.013227934,0.00016148822,0.00014646727,0.00039265212,0.006610119,-1.5110586e-06,0.00036678184,-6.1586957e-07,0.0066165053
0.6,12,-2.822165,0.0,0.0,0.98737353,0.00048617547,0.0004474495,0.0,0.0,0.0,-0.013981976,0.00029002523,0.00026870598,0.006986976,-1.1797363e-06,0.006993772,-0.013981976,0.00016884625,0.0001531507,0.0004112042,0.006986976,-1.6154596e-06,0.00038426125,-7.44013e-07,0.006993772
0.6,12,-2.7822165,0.0,0.0,0.98683363,0.0005029032,0.00046242637,0.0,0.0,0.0,-0.014790354,0.00030376902,0.00028151207,0.00739092,-1.3104228e-06,0.007398224,-0.014790354,0.00017664052,0.00016022015,0.00043089755,0.00739092,-1.7316833e-06,0.000402804,-8.891624e-07,0.007398224
0.6,12,-2.742268,0.0,0.0,0.9862633,0.00051993394,0.00047853298,0.0,0.0,0.0,-0.01565637,0.0003183413,0.00029509843,0.007823929,-1.4574593e-06,0.007831707,-0.01565637,0.00018489093,0.00016771449,0.0004517917,0.007823929,-1.8613913e-06,0.00042248238,-1.0535274e-06,0.007831707
0.6,12,-2.7023196,0.0,0.0,0.9856596,0.0005376818,0.00049483625,0.0,0.0,0.0,-0.016590955,0.00033379786,0.00030951676,0.0082904985,-1.6230811e-06,0.0082988925,-0.016590955,0.00019363612,0.00017564584,0.0004739596,0.0082904985,-2.0063942e-06,0.0004433877,-1.2397679e-06,0.0082988925
0.6,12,-2.6623712,0.0,0.0,0.9850198,0.00055603194,0.0005128152,0.0,0.0,0.0,-0.017591722,0.00035021716,0.00032483405,0.008790712,-1.8098333e-06,0.008799911,-0.017591722,0.00020290056,0.00018405642,0.00049753377,0.008790712,-2.1688165e-06,0.00046561167,-1.4508502e-06,0.008799911
0.6,12,-2.6224227,0.0,0.0,0.98434246,0.0005757228,0.00053108664,0.0,0.0,0.0,-0.018669158,0.0003676606,0.0003411066,0.0093289595,-2.0209238e-06,0.009338898,-0.018669158,0.00021273663,0.00019297822,0.00052258454,0.0093289595,-2.351666e-06,0.00048923504,-1.6901818e-06,0.009338898
0.6,12,-2.5824742,0.0,0.0,0.9836229,0.0005966886,0.0005509345,0.0,0.0,0.0,-0.019829484,0.00038619436,0.00035841472,0.009908665,-2.2595243e-06,0.009919578,-0.019829484,0.00022316152,0.00020243741,0.0005492272,0.009908665,-2.557089e-06,0.00051439204,-1.9619597e-06,0.009919578
0.6,12,-2.5425258,0.0,0.0,0.98286045,0.0006161219,0.0005717813,0.0,0.0,0.0,-0.021081135,0.00040591034,0.0003768297,0.010533804,-2.5298446e-06,0.010545604,-0.021081135,0.00023423276,0.00021248357,0.0005775879,0.010533804,-2.7889203e-06,0.00054117583,-2.2707688e-06,0.010545604
0.6,12,-2.5025773,0.0,0.0,0.982049,0.0006410857,0.00059385627,0.0,0.0,0.0,-0.02243197,0.00042688218,0.0003964117,0.01120854,-2.8365098e-06,0.01122137,-0.02243197,0.00024598432,0.00022314317,0.00060778,0.01120854,-3.051258e-06,0.0005696802,-2.6217615e-06,0.01122137
0.6,12,-2.462629,0.0,0.0,0.9811855,0.00066504447,0.0006154347,0.0,0.0,0.0,-0.023891518,0.00044922062,0.00041729852,0.011937616,-3.1848144e-06,0.011951663,-0.023891518,0.00025847746,0.00023447494,0.0006399638,0.011937616,-3.348324e-06,0.0006001221,-3.0213046e-06,0.011951663
0.6,12,-2.4226806,0.0,0.0,0.98026544,0.00069026,0.0006388111,0.0,0.0,0.0,-0.025470534,0.00047300087,0.0004395253,0.0127264345,-3.5814287e-06,0.012741746,-0.025470534,0.00027174683,0.00024650086,0.0006742549,0.0127264345,-3.6861106e-06,0.00063254975,-3.4767465e-06,0.012741746
0.6,12,-2.3827322,0.0,0.0,0.9792831,0.00071712286,0.0006657649,0.0,0.0,0.0,-0.027181141,0.00049835315,0.00046325225,0.013580792,-4.0333425e-06,0.01359746,-0.027181141,0.00028585104,0.00025929834,0.0007108553,0.013580792,-4.0702485e-06,0.0006672061,-3.996436e-06,0.01359746
0.6,12,-2.3427837,0.0,0.0,0.97823936,0.000745391,0.00069224776,0.0,0.0,0.0,-0.029035898,0.0005253868,0.00048855355,0.014507214,-4.5494235e-06,0.014525513,-0.029035898,0.00030084516,0.00027290557,0.00074992835,0.014507214,-4.5089228e-06,0.0007042015,-4.5899237e-06,0.014525513
0.6,12,-2.3028352,0.0,0.0,0.97712153,0.0007740463,0.0007211229,0.0,0.0,0.0,-0.031049328,0.00055420835,0.0005155584,0.015512865,-5.139642e-06,0.015533193,-0.031049328,0.0003167922,0.00028736357,0.0007916245,0.015512865,-5.0101944e-06,0.0007437533,-5.2690893e-06,0.015533193
0.6,12,-2.2628868,0.0,0.0,0.9759294,0.0008050591,0.00075123156,0.0,0.0,0.0,-0.03323539,0.0005849795,0.00054436584,0.016607005,-5.8162177e-06,0.016629258,-0.03323539,0.0003337594,0.00030274043,0.00083619956,0.016607005,-5.5849555e-06,0.0007859912,-6.0474804e-06,0.016629258
0.6,12,-2.2229383,0.0,0.0,0.97465247,0.00084273645,0.0007832385,0.0,0.0,0.0,-0.035617035,0.00061780435,0.0005751593,0.017796904,-6.5935446e-06,0.017821465,-0.035617035,0.00035178883,0.00031909358,0.0008838199,0.017796904,-6.245938e-06,0.0008312251,-6.941151e-06,0.017821465
0.6,12,-2.1829898,0.0,0.0,0.9732836,0.0008786306,0.0008163318,0.0,0.0,0.0,-0.038213257,0.0006528504,0.00060806493,0.019093694,-7.488214e-06,0.019121118,-0.038213257,0.00037095163,0.00033647008,0.0009347491,0.019093694,-7.0076694e-06,0.0008796597,-7.968759e-06,0.019121118
0.6,12,-2.1430414,0.0,0.0,0.97175926,0.0009170993,0.00085310644,0.0,0.0,0.0,-0.041047923,0.00069027,0.0006431864,0.020508781,-8.521083e-06,0.020539133,-0.041047923,0.00039132527,0.00035494345,0.0009892146,0.020508781,-7.888764e-06,0.0009314293,-9.153403e-06,0.020539133
0.6,12,-2.103093,0.0,0.0,0.97015,0.0009609532,0.0009288693,0.0,0.0,0.0,-0.044144817,0.00073024293,0.0006807201,0.022055794,-9.7153e-06,0.022089127,-0.044144817,0.00041296106,0.00037454657,0.0010475247,0.022055794,-8.909616e-06,0.0009868937,-1.0520984e-05,0.022089127
0.6,12,-2.0631444,0.0,0.0,0.96841854,0.001004023,0.0009314373,0.0,0.0,0.0,-0.04753455,0.0007729066,0.00072085427,0.023748165,-1.1101061e-05,0.023785483,-0.04753455,0.0004359294,0.0003953671,0.0011098838,0.023748165,-1.00965735e-05,0.0010463415,-1.2105549e-05,0.023785483
0.6,12,-2.023196,0.0,0.0,0.9664378,0.0010576638,0.0010112188,0.0,0.0,0.0,-0.05124932,0.0008184295,0.0007637249,0.025603252,-1.27142575e-05,0.025644515,-0.05124932,0.00046025676,0.00041742667,0.0011766023,0.025603252,-1.14837e-05,0.0011100231,-1.3944816e-05,0.025644515
0.6,12,-1.9832475,0.0,0.0,0.9644196,0.001099203,0.0010203364,0.0,0.0,0.0,-0.055327155,0.0008669731,0.0008095247,0.027639007,-1.4598405e-05,0.027685147,-0.055327155,0.0004860112,0.00044077102,0.0012479349,0.027639007,-1.3109416e-05,0.0011782784,-1.6087393e-05,0.027685147
0.6,12,-1.943299,0.0,0.0,0.9622693,0.0011403026,0.0010693066,0.0,0.0,0.0,-0.059809137,0.0009187531,0.00085840595,0.029877026,-1.6806694e-05,0.029928684,-0.059809137,0.00051321223,0.00046543317,0.0013242939,0.029877026,-1.5022354e-05,0.0012513787,-1.8591036e-05,0.029928684
0.6,12,-1.9033506,0.0,0.0,0.9599521,0.0011947701,0.0011204839,0.0,0.0,0.0,-0.06472863,0.00097387424,0.0009105045,0.032337785,-1.9407798e-05,0.032395855,-0.06472863,0.0005418335,0.00049136224,0.001405915,0.032337785,-1.7288121e-05,0.0013296467,-2.1527474e-05,0.032395855
0.6,12,-1.8634021,0.0,0.0,0.9574375,0.001251465,0.0011741417,0.0,0.0,0.0,-0.07016697,0.0010324348,0.00096595666,0.035054386,-2.2486205e-05,0.035120014,-0.07016697,0.00057181827,0.0005185412,0.0014930512,0.035054386,-1.9984034e-05,0.0014133721,-2.4988374e-05,0.035120014
0.6,12,-1.8234537,0.0,0.0,0.9547136,0.0013120886,0.0012347464,0.0,0.0,0.0,-0.07617667,0.0010944344,0.0010248778,0.03805558,-2.6152418e-05,0.03812995,-0.07617667,0.00060302415,0.00054686895,0.0015858448,0.03805558,-2.3215176e-05,0.0015028866,-2.9089662e-05,0.03812995
0.6,12,-1.7835052,0.0,0.0,0.95175815,0.0013755972,0.0013021841,0.0,0.0,0.0,-0.0828277,0.0011598547,0.0010872252,0.04137542,-3.0547468e-05,0.041459106,-0.0828277,0.00063519395,0.0005760822,0.0016845155,0.04137542,-2.7116446e-05,0.001598368,-3.3978486e-05,0.041459106
0.6,12,-1.7435567,0.0,0.0,0.94854194,0.0014438793,0.0013687101,0.0,0.0,0.0,-0.09019933,0.0012284778,0.001152798,0.045055278,-3.5858633e-05,0.045150697,-0.09019933,0.0006679339,0.0006057828,0.0017890217,0.045055278,-3.186884e-05,0.0016998132,-3.984843e-05,0.045150697
0.6,12,-1.7036083,0.0,0.0,0.945041,0.0015171643,0.0014408213,0.0,0.0,0.0,-0.098383136,0.0012997643,0.0012212881,0.049140412,-4.2333624e-05,0.04924919,-0.098383136,0.0007005026,0.0006353269,0.001899026,0.049140412,-3.7713886e-05,0.0018072493,-4.6953366e-05,0.04924919
0.6,12,-1.6636598,0.0,0.0,0.9412569,0.0015976719,0.0015185936,0.0,0.0,0.0,-0.107488535,0.0013727193,0.0012918503,0.053685423,-5.0310642e-05,0.053809773,-0.107488535,0.00073165883,0.0006636757,0.0020137797,0.053685423,-4.4980472e-05,0.001920025,-5.5640816e-05,0.053809773
0.6,12,-1.6237113,0.0,0.0,0.9370229,0.0016739652,0.0015791777,0.0,1.10467935e-35,-1.0969553e-35,-0.11764028,0.0014456033,0.0013631096,0.058751646,-6.023745e-05,0.058894344,-0.11764028,0.00075950834,0.0006891275,0.0021316982,0.058751646,-5.4104745e-05,0.0020370916,-6.637015e-05,0.058894344
0.6,12,-1.5837629,0.0,0.0,0.93251145,0.0017648161,0.0016256152,-1.729448e-31,1.159972e-28,-1.1525796e-28,-0.1289376,0.0015155217,0.0014326414,0.06439712,-7.270972e-05,0.064560816,-0.1289376,0.0007809516,0.0007088642,0.0022500919,0.06439712,-6.565877e-05,0.0021564185,-7.976068e-05,0.064560816
0.6,12,-1.5438144,0.0,0.0,0.9274724,0.0018625876,0.0016718389,-2.4725608e-25,1.6553234e-22,-1.6447375e-22,-0.14164,0.0015776717,0.0014966002,0.07073646,-8.8492656e-05,0.070925824,-0.14164,0.00079102797,0.00071870576,0.0023643156,0.07073646,-8.035089e-05,0.0022744946,-9.6634416e-05,0.070925824
0.6,12,-1.503866,0.0,0.0,0.9219527,0.0019660185,0.0018381798,-4.800949e-20,3.213581e-17,-3.193029e-17,-0.15591533,0.0016246713,0.0015490875,0.07785819,-0.00010851919,0.07807631,-0.15591533,0.0007821958,0.00071239506,0.0024671466,0.07785819,-9.8999386e-05,0.0023857797,-0.000118039,0.07807631
0.6,12,-1.4639175,0.0,0.0,0.9158533,0.0020621202,0.0018756886,-1.2679779e-15,8.487707e-13,-8.4334547e-13,-0.17200129,0.0016458605,0.0015815387,0.085881084,-0.00013412519,0.08613561,-0.17200129,0.00074352894,0.0006808651,0.0025481922,0.085881084,-0.00012268871,0.0024822124,-0.00014556167,0.08613561
0.6,12,-1.423969,0.0,0.0,0.90900505,0.002165083,0.0020138307,-4.5565253e-12,3.051877e-09,-3.0324603e-09,-0.19019347,0.0016256946,0.0015812584,0.09495651,-0.00016880888,0.09525117,-0.19019347,0.00065901945,0.000610577,0.0025923697,0.09495651,-0.00015455266,0.0025519398,-0.0001830651,0.09525117
0.6,12,-1.3840206,0.0,0.0,0.9016344,0.0022723079,0.0021431665,-2.2316826e-09,1.5010098e-06,-1.4917723e-06,-0.21085641,0.0015365648,0.0015191438,0.105261326,-0.00022792818,0.105604775,-0.21085641,0.00049875065,0.00047126017,0.0025743789,0.105261326,-0.0002097568,0.0025670275,-0.00024609955,0.105604775
0.6,12,-1.3440721,0.0,0.0,0.8934244,0.0023743853,0.002277642,-1.5075531e-07,0.00010447374,-0.00010398487,-0.23453651,0.001253959,0.0012487952,0.11707585,-0.00035879726,0.117470734,-0.23453651,0.00017662196,0.00015863815,0.002331296,0.11707585,-0.0003364267,0.0023389522,-0.0003811678,0.117470734
0.6,12,-1.3041236,0.0,0.0,0.8842541,0.0024541104,0.0023809054,-1.5307212e-06,0.0012624151,-0.0012668498,-0.26305988,0.00025154933,0.00020428903,0.13136145,-0.000431068,0.13178846,-0.26305988,-0.00035584008,-0.00042334406,0.0008589387,0.13136145,-0.0003975663,0.0008319221,-0.00046456972,0.13178846
0.6,12,-1.2641754,0.0,0.0,0.8738983,0.002434806,0.0023435154,-3.917346e-06,0.0047911834,-0.004910154,-0.3008349,-0.001593237,-0.0016172485,0.15029757,-0.00010687778,0.15062189,-0.3008349,-0.00041533454,-0.0005565062,-0.0027711396,0.15029757,-6.139199e-05,-0.0026779908,-0.00015236357,0.15062189
0.6,12,-1.224227,0.0,0.0,0.8618875,0.0022598603,0.0022188954,-7.222518e-06,0.008459931,-0.008862608,-0.34894636,-0.0031771036,-0.0028863729,0.17446882,1.9950094e-05,0.17456698,-0.34894636,-2.6117632e-05,-3.3924323e-05,-0.0063280896,0.17446882,-2.0956309e-06,-0.0057388213,4.199582e-05,0.17456698
0.6,12,-1.1842785,0.0,0.0,0.8478442,0.0020116044,0.002007682,1.2116459e-06,0.0102102775,-0.010048152,-0.40610588,-0.0036352028,-0.003209939,0.20303385,2.2899167e-07,0.20315266,-0.40610588,7.049737e-05,0.0004144971,-0.007340903,0.20303385,-1.636393e-05,-0.006834375,1.6821914e-05,0.20315266
0.6,12,-1.14433,0.0,0.0,0.8314853,0.0017332254,0.0017189119,2.5303392e-05,0.011812314,-0.011050652,-0.46935412,-0.004012488,-0.0036061723,0.23484336,-1.7048043e-05,0.23458393,-0.46935412,9.291574e-05,0.000642431,-0.008117892,0.23484336,5.6469868e-05,-0.0078547755,-9.0565954e-05,0.23458393
0.6,12,-1.1043816,0.0,0.0,0.8126517,0.0014578843,0.0014647285,2.726719e-05,0.009892802,-0.008987151,-0.53862655,-0.0033470087,-0.0030879679,0.26946747,0.00014163081,0.26916996,-0.53862655,-0.00023726167,0.00034472658,-0.0064567556,0.26946747,6.9520145e-05,-0.0065206625,0.00021374147,0.26916996
0.6,12,-1.0644331,0.0,0.0,0.790858,0.0013488177,0.0013377529,-8.571293e-07,0.0033283979,-0.003021113,-0.6153848,-0.0010760658,-0.00061450235,0.30739295,0.00032995088,0.3080209,-0.6153848,-0.00080688164,4.018327e-05,-0.0013452499,0.30739295,0.00035853632,-0.001269188,0.00030136542,0.3080209
0.6,12,-1.0244846,0.0,0.0,0.7661882,0.0014089257,0.0014440782,3.5160513e-06,-0.0016097631,0.00040406827,-0.7000389,0.00046797306,0.0016216829,0.34986132,8.1454426e-05,0.3502339,-0.7000389,-0.0011714781,-0.00013727706,0.0021074242,0.34986132,0.00018259724,0.003380643,-1.968839e-05,0.3502339
0.6,12,-0.9845362,0.0,0.0,0.7380752,0.0016263747,0.0017267818,2.7890277e-05,-0.0043828506,0.004569151,-0.79249305,0.0019076002,0.002428486,0.39650598,0.0001485208,0.39606893,-0.79249305,-0.0019488924,-0.0009860711,0.005764093,0.39650598,0.00019156709,0.005843043,0.00010547453,0.39606893
0.6,12,-0.9445877,0.0,0.0,0.70621353,0.0019959589,0.0021106882,4.127011e-05,-0.0064731333,0.0070519955,-0.8875788,0.0027243132,0.0025405763,0.4439397,0.00039076558,0.4437354,-0.8875788,-0.0024518913,-0.001975878,0.007900517,0.4439397,0.000509285,0.0070570307,0.00027224614,0.4437354
0.6,12,-0.90463924,0.0,0.0,0.67069596,0.0023896026,0.0024463385,6.607465e-05,-0.005915452,0.0047280206,-0.98711497,0.0020585456,0.0016754434,0.49348572,0.000778804,0.49375123,-0.98711497,-0.002194408,-0.0026131545,0.0063114995,0.49348572,0.00088252756,0.005964041,0.00067508046,0.49375123
0.6,12,-0.8646908,0.0,0.0,0.6311801,0.0026946212,0.0026617865,5.6637164e-05,-0.0031471374,0.00079683284,-1.0887198,0.00013773888,-0.00043088477,0.5441516,0.0006903192,0.5444907,-1.0887198,-0.0024535102,-0.0035599747,0.002728988,0.5441516,0.0004594577,0.0026982052,0.0009211807,0.5444907
0.6,12,-0.8247423,0.0,0.0,0.5877412,0.0028771055,0.002771324,2.5177178e-05,-0.0009659519,-0.0024448948,-1.1901911,-0.0016051242,-0.0019378893,0.5951781,0.00016567837,0.5949425,-1.1901911,-0.0028584027,-0.004088429,-0.00035184587,0.5951781,-6.0425e-05,0.00021265024,0.00039178174,0.5949425
0.6,12,-0.78479385,0.0,0.0,0.5401489,0.0030126944,0.002766058,2.9203202e-05,-0.00046771433,-0.0029122073,-1.2963914,-0.002256346,-0.0023229723,0.6478009,2.3638819e-05,0.64848727,-1.2963914,-0.0033414238,-0.0044186213,-0.0011712682,0.6478009,0.000116447256,-0.00022732327,-6.916962e-05,0.64848727
0.6,12,-0.7448454,0.0,0.0,0.4881109,0.003166955,0.002939214,4.869542e-05,-0.0012194827,-0.0011485297,-1.4066436,-0.0027306203,-0.0035583754,0.7027856,0.00022315842,0.70376617,-1.4066436,-0.0047039557,-0.0066621215,-0.00075728475,0.7027856,0.0005684036,-0.00045462928,-0.00012208671,0.70376617
0.6,12,-0.7048969,0.0,0.0,0.43093872,0.0033926102,0.0031484575,2.021357e-05,-0.0009498727,0.0002715343,-1.5146462,-0.003854628,-0.005103551,0.7573222,0.0006493861,0.75721383,-1.5146462,-0.0066165635,-0.008542934,-0.0010926925,0.7573222,0.0007937355,-0.0016641677,0.0005050366,0.75721383
0.6,12,-0.66494846,0.0,0.0,0.36939576,0.0036060421,0.0033587257,2.5111094e-06,-0.00014703056,7.871203e-05,-1.6097294,-0.005417671,-0.0058818245,0.80494165,0.00063362403,0.80465525,-1.6097294,-0.008285402,-0.008906334,-0.00254994,0.80494165,0.0006640568,-0.0028573156,0.0006031913,0.80465525
0.6,12,-0.625,0.0,0.0,0.30358753,0.0037315395,0.0035413671,1.1899193e-06,0.0001908054,-8.5180916e-05,-1.6897547,-0.0071350737,-0.006978738,0.8449172,0.0005029811,0.8447075,-1.6897547,-0.010098516,-0.00991691,-0.0041716318,0.8449172,0.00045843935,-0.0040405667,0.00054752285,0.8447075
0.6,12,-0.5850518,0.0,0.0,0.23302197,0.0037662182,0.003603809,1.1354624e-05,0.0020442961,-0.001002245,-1.793432,-0.009631231,-0.009621285,0.89690983,0.0003387335,0.8963798,-1.793432,-0.012342923,-0.011929961,-0.006919539,0.89690983,0.00021690299,-0.0073126084,0.000460564,0.8963798
0.6,12,-0.5451031,0.0,0.0,0.15897341,0.003580627,0.0034887725,2.042438e-05,0.0045706024,-0.0029682629,-1.7048426,-0.012238734,-0.012361579,0.85245115,-0.00010793378,0.85230696,-1.7048426,-0.0141403135,-0.013534873,-0.010337155,0.85245115,0.00012755138,-0.011188284,-0.00034341894,0.85230696
0.6,12,-0.50515485,0.0,0.0,0.102715135,0.0031618893,0.0030106949,1.1064611e-05,0.0033027402,-0.0026865385,-0.88735676,-0.012817949,-0.012387256,0.44366047,-0.00015085006,0.44390565,-0.88735676,-0.01469519,-0.013896451,-0.010940707,0.44366047,0.0002966258,-0.010878061,-0.0005983259,0.44390565
0.6,12,-0.46520615,0.0,0.0,-0.010537952,0.0024970646,0.002473194,1.5791559e-06,0.000518391,-0.00044476287,-0.38857248,-0.012033737,-0.011351207,0.19413775,0.00010523651,0.19440617,-0.38857248,-0.014872555,-0.014174243,-0.00919492,0.19413775,0.00046597427,-0.008528171,-0.00025550125,0.19440617
0.6,12,-0.42525816,0.0,0.0,-0.026323333,0.0016744436,0.0018252218,3.6569958e-08,1.2193164e-05,-1.0545054e-05,-0.31622,-0.012168143,-0.011454755,0.15797338,0.00024841703,0.15822197,-0.31622,-0.015104514,-0.014492346,-0.009231772,0.15797338,0.0005123975,-0.008417164,-1.5563424e-05,0.15822197
0.6,12,-0.38530922,0.0,0.0,-0.038548514,0.00072053075,0.0009378533,1.1840132e-10,3.95635e-08,-3.4248544e-08,-0.2795596,-0.01234532,-0.011630803,0.13964954,0.0002633599,0.13988824,-0.2795596,-0.01516551,-0.014599768,-0.00952513,0.13964954,0.00046929676,-0.008661837,5.7423025e-05,0.13988824
0.6,12,-0.34536123,0.0,0.0,-0.0470044,-0.00027001798,6.7768124e-05,5.2356963e-14,1.7498227e-11,-1.5154768e-11,-0.23498802,-0.012230579,-0.011526832,0.11738709,0.00022118911,0.117593996,-0.23498802,-0.014916693,-0.014397531,-0.009544465,0.11738709,0.00037848038,-0.008656135,6.389783e-05,0.117593996
0.6,12,-0.3054123,0.0,0.0,-0.05226715,-0.0012061666,-0.00083129236,3.1503835e-18,1.0529813e-15,-9.118315e-16,-0.18465364,-0.011793921,-0.011119342,0.09224313,0.00015595277,0.092391215,-0.18465364,-0.014329459,-0.013870969,-0.009258384,0.09224313,0.00026783138,-0.008367715,4.407418e-05,0.092391215
0.6,12,-0.2654643,0.0,0.0,-0.05445158,-0.0020984472,-0.0017735021,2.579576e-23,8.620069e-21,-7.4651726e-21,-0.13194162,-0.011045761,-0.010425644,0.06592104,8.348821e-05,0.06599524,-0.13194162,-0.013414265,-0.013038737,-0.008677257,0.06592104,0.0001546377,-0.007812551,1.2338716e-05,0.06599524
0.6,12,-0.22551537,0.0,0.0,-0.053603884,-0.0028687785,-0.0025081935,2.8724676e-29,9.5996145e-27,-8.315594e-27,-0.08033586,-0.010022855,-0.009485484,0.0401594,1.2175911e-05,0.04014726,-0.08033586,-0.01221058,-0.011943302,-0.007835131,0.0401594,4.950057e-05,-0.007027666,-2.5148747e-05,0.04014726
0.6,12,-0.18556738,0.0,0.0,-0.050494768,-0.0035451073,-0.0033537038,4.3532074e-36,1.4549204e-33,-1.26020635e-33,-0.033087272,-0.008780168,-0.008352112,0.016583266,-5.3062984e-05,0.016476957,-0.033087272,-0.010775818,-0.010639502,-0.006784519,0.016583266,-4.1074116e-05,-0.0060647214,-6.505185e-05,0.016476957
0.6,12,-0.14561844,0.0,0.0,-0.04530745,-0.0041280966,-0.00394473,0.0,0.0,0.0,0.0071011344,-0.0073849205,-0.0070864167,-0.0034691975,-0.00010923872,-0.0036581652,0.0071011344,-0.009181898,-0.009191452,-0.0055879434,-0.0034691975,-0.000113500486,-0.0049813814,-0.00010497695,-0.0036581652
0.6,12,-0.10567045,0.0,0.0,-0.038725987,-0.0046270667,-0.004442337,0.0,0.0,0.0,0.03819516,-0.0059093246,-0.0057513313,-0.018987276,-0.00015470374,-0.019247597,0.03819516,-0.007504407,-0.0076655066,-0.004314242,-0.018987276,-0.00016650993,-0.0038371563,-0.00014289757,-0.019247597
0.6,12,-0.06572151,0.0,0.0,-0.031299956,-0.004991499,-0.0047723483,0.0,0.0,0.0,0.058953322,-0.004423203,-0.004405657,-0.029337417,-0.00018890922,-0.029648948,0.058953322,-0.0058170515,-0.006124499,-0.0030293544,-0.029337417,-0.00020074415,-0.0026868153,-0.0001770743,-0.029648948
0.6,12,-0.025773525,0.0,0.0,-0.02386543,-0.0052515883,-0.0048448993,0.0,0.0,0.0,0.068853416,-0.0029871196,-0.0031002823,-0.03427933,-0.00021225362,-0.034617465,0.068853416,-0.0041829543,-0.004623355,-0.0017912849,-0.03427933,-0.00021834875,-0.0015772098,-0.00020615851,-0.034617465
0.6,12,0.014175415,0.0,0.0,-0.016710652,-0.005408752,-0.0049468935,0.0,0.0,0.0,0.0680838,-0.0016475919,-0.0018746037,-0.03388966,-0.00022592145,-0.03422543,0.0680838,-0.002650808,-0.0032055222,-0.00064437586,-0.03388966,-0.00022255765,-0.00054368516,-0.00022928527,-0.03422543
0.6,12,0.0541234,0.0,0.0,-0.010714479,-0.0054757907,-0.0050281836,0.0,0.0,0.0,0.057325993,-0.00043508195,-0.00075492996,-0.028524496,-0.00023164222,-0.028825495,0.057325993,-0.0012524897,-0.0019008165,0.00038232587,-0.028524496,-0.00021722211,0.0003909565,-0.00024606232,-0.028825495
0.6,12,0.09407234,0.0,0.0,-0.006186097,-0.0054413932,-0.004993532,0.0,0.0,0.0,0.037652608,0.00063703133,0.00024564183,-0.018714381,-0.0002314372,-0.018958772,0.037652608,-2.0111179e-06,-0.0007250511,0.0012760737,-0.018714381,-0.00020635157,0.0012163348,-0.00025652282,-0.018958772
0.6,12,0.13402033,0.0,0.0,-0.003226338,-0.005325537,-0.004880161,0.0,0.0,0.0,0.010358453,0.0015699088,0.0011256352,-0.0051062317,-0.00022736582,-0.005263558,0.010358453,0.0011015672,0.00031842213,0.0020382504,-0.0051062317,-0.00019374974,0.0019328482,-0.00026098188,-0.005263558
0.6,12,0.17396927,0.0,0.0,-0.0024898397,-0.0051159146,-0.004672549,-4.3210403e-38,-1.4466118e-35,1.513896e-35,-0.023150878,0.0023763923,0.0018925832,0.011598466,-0.00022119554,0.011549834,-0.023150878,0.0020715417,0.0012362949,0.0026812428,0.011598466,-0.00018258694,0.0025488716,-0.00025980416,0.011549834
0.6,12,0.21391726,0.0,0.0,-0.003874652,-0.004837092,-0.004396949,-6.5862417e-31,-1.7038423e-28,1.7828685e-28,-0.061383914,0.003075153,0.0025589508,0.030650388,-0.00021415597,0.030729862,-0.061383914,0.0029270248,0.002041441,0.0032232816,0.030650388,-0.00017516967,0.0030764607,-0.00025314227,0.030729862
0.6,12,0.2538662,0.0,0.0,-0.008174062,-0.0044936053,-0.0040044314,-1.0555216e-24,-2.7306146e-22,2.8573107e-22,-0.1026971,0.0036856448,0.0031381347,0.05124283,-0.00020660824,0.051461697,-0.1026971,0.003687215,0.0027484454,0.0036840746,0.05124283,-0.00017266734,0.0035278238,-0.00024054915,0.051461697
0.6,12,0.29381418,0.0,0.0,-0.0148494085,-0.0040734867,-0.0037436811,-2.3004498e-19,-5.95119e-17,6.227288e-17,-0.14526665,0.0042211814,0.0036395148,0.072457984,-0.00019787985,0.072819985,-0.14526665,0.0043654735,0.0033691828,0.004076889,0.072457984,-0.00017513943,0.003909847,-0.00022062026,0.072819985
0.6,12,0.33376312,0.0,0.0,-0.024043906,-0.003597014,-0.0032324705,-6.8220707e-15,-1.7649423e-12,1.8468402e-12,-0.18694745,0.0046791895,0.0040639015,0.09323297,-0.00018678542,0.09372045,-0.18694745,0.004957551,0.003906718,0.004400828,0.09323297,-0.00018214971,0.0042210845,-0.0001914211,0.09372045
0.6,12,0.3737111,0.0,0.0,-0.035347395,-0.0030784237,-0.0028462862,-2.7514232e-11,-7.119871e-09,7.449917e-09,-0.22521518,0.0050326744,0.0044001685,0.11232186,-0.00017561045,0.112898596,-0.22521518,0.0054347515,0.004349862,0.0046305973,0.11232186,-0.0001965059,0.0044504753,-0.00015471499,0.112898596
0.6,12,0.41366005,0.0,0.0,-0.048544466,-0.0025376373,-0.0023725703,-1.5092565e-08,-3.9124943e-06,4.0929476e-06,-0.2573327,0.0052309097,0.004640224,0.12835659,-0.00018672188,0.12895863,-0.2573327,0.005744869,0.0046777944,0.0047169505,0.12835659,-0.0002370425,0.0046026534,-0.00013640127,0.12895863
0.6,12,0.45360804,0.0,0.0,-0.06291422,-0.00204607,-0.0017006902,-1.1228267e-06,-0.00029497084,0.00030808916,-0.28205457,0.0054249004,0.005031891,0.14074047,-0.00031294482,0.14130597,-0.28205457,0.005893592,0.00492954,0.004956209,0.14074047,-0.0003769623,0.005134242,-0.00024892736,0.14130597
0.6,12,0.49355698,0.0,0.0,-0.07798803,-0.0015421693,-0.0011521038,-1.0974856e-05,-0.0032061948,0.0033240672,-0.3205238,0.0070508276,0.007303452,0.16014099,-0.00069072633,0.1603842,-0.3205238,0.0061227167,0.005455332,0.0079789385,0.16014099,-0.00082152616,0.009151572,-0.00055992644,0.1603842
0.6,12,0.53350496,0.0,0.0,-0.033714287,-0.0010046222,-0.0005764261,1.8158623e-07,-0.0059029744,0.006727627,-0.3160977,0.008858889,0.010695157,0.15862104,-0.0011376671,0.15746759,-0.3160977,0.0067601046,0.0069172014,0.010957674,0.15862104,-0.0015650328,0.014473112,-0.0007103015,0.15746759
0.6,12,0.5734539,0.0,0.0,-0.0439516,-0.00055828877,-8.3433624e-05,0.000114092756,0.0039484776,0.005977363,-0.025483439,0.009558387,0.008259496,0.013371898,-0.0018836585,0.012112916,-0.025483439,0.009959685,0.008829597,0.0091570895,0.013371898,-0.0022664503,0.007689393,-0.0015008666,0.012112916
0.6,12,0.6134019,0.0,0.0,-0.041379318,-0.00023355399,-0.00013886494,-4.5653996e-05,0.0132682985,0.0062774504,0.24640398,0.010441044,0.0036015394,-0.12489732,-0.00288977,-0.12151454,0.24640398,0.011921473,0.008776246,0.008960615,-0.12489732,-0.002819292,-0.001573167,-0.002960248,-0.12151454
0.6,12,0.65335083,0.0,0.0,-0.02963367,8.4915606e-05,-0.0002567482,-0.00030857217,0.005692554,0.0050640604,0.47162816,0.0081204735,0.0049183755,-0.23805337,0.0006836558,-0.23359413,0.47162816,0.008609101,0.006839939,0.007631846,-0.23805337,0.0009298525,0.0029968123,0.00043745906,-0.23359413
0.6,12,0.6932988,0.0,0.0,-0.007138485,0.00027919773,-6.4796914e-05,-0.00027796006,-0.002186466,0.0010233696,0.781503,0.005927287,0.0068148337,-0.39223903,0.0012061056,-0.38934183,0.781503,0.0071853134,0.005475016,0.0046692602,-0.39223903,0.0010209563,0.008154652,0.001391255,-0.38934183
0.6,12,0.7332473,0.0,0.0,0.028813321,0.00042467326,0.00027602527,-0.00071623316,-0.004469253,0.0016281306,1.1096357,0.00545718,0.0056972466,-0.55526555,-0.00022420775,-0.5545404,1.1096357,0.0061541297,0.0038938904,0.0047602304,-0.55526555,-0.00082382455,0.0075006033,0.00037540906,-0.5545404
0.6,12,0.77319574,0.0,0.0,0.07776709,0.00053807173,0.000408807,-0.00088156306,-0.0009878126,0.00032668264,1.4129816,0.0025636412,0.0014560156,-0.70638394,0.00010984015,-0.70685565,1.4129816,0.0036717798,0.0017655784,0.0014555027,-0.70638394,0.00016849181,0.0011464529,5.1188483e-05,-0.70685565
0.6,12,0.8131442,0.0,0.0,0.13794884,0.0005339937,0.00037496505,-0.0004070158,0.00010754556,-0.0021887377,1.6568595,0.0010904068,0.0006532041,-0.82857776,-0.00034422625,-0.82855505,1.6568595,0.0028966174,0.0013111238,-0.0007158038,-0.82857776,-0.000335472,-4.715616e-06,-0.0003529805,-0.82855505
0.6,12,0.8530927,0.0,0.0,0.20606834,0.00054766814,0.0005841242,-0.00011841183,-0.00058066816,0.0004151131,1.8042676,0.00163411,0.0015848131,-0.9027671,-0.0005045162,-0.9017498,1.8042676,0.0018407719,0.0017888942,0.001427448,-0.9027671,-0.0006517911,0.001380732,-0.00035724125,-0.9017498
0.6,12,0.89304113,0.0,0.0,0.27847183,0.0006031645,0.0006589191,-0.00012258686,-0.0008172527,0.0005320841,1.8461705,0.00064184633,0.0012948374,-0.92395735,-0.00031061211,-0.9223655,1.8461705,0.00061684614,0.0013627888,0.00066684646,-0.92395735,-0.0002822878,0.0012268861,-0.00033893643,-0.9223655
0.6,12,0.9329896,0.0,0.0,0.35080633,0.00061717856,0.00075043197,-5.7780755e-05,-0.00054476334,0.00015290981,1.8019923,0.00019625935,0.00028866244,-0.9019704,-0.0002541439,-0.9000818,1.8019923,0.00046878972,0.00045401856,-7.627102e-05,-0.9019704,-0.00023093306,0.00012330634,-0.00027735473,-0.9000818
0.6,12,0.97293806,0.0,0.0,0.4202641,0.0005957669,0.00058085786,1.7135128e-05,0.0006040458,-0.000890785,1.6968946,-0.00015413194,-0.00068361865,-0.8493775,-0.00037042866,-0.8475809,1.6968946,0.0006641049,-1.0799158e-06,-0.00097236875,-0.8493775,-0.00032051152,-0.0013661574,-0.00042034578,-0.8475809
0.6,12,1.0128865,0.0,0.0,0.48454338,0.00055481563,0.00061959436,2.1334623e-05,0.0009026945,-0.0014443335,1.5533357,-0.00026843016,-0.00045188185,-0.77732575,-0.00044669153,-0.77602875,1.5533357,0.0007356192,0.00028649016,-0.0012724795,-0.77732575,-0.0002778246,-0.0011902539,-0.00061555847,-0.77602875
0.6,12,1.052835,0.0,0.0,0.54289234,0.0005326214,0.0006973562,1.4920423e-05,0.00052673306,-0.00022089164,1.3921025,-7.503055e-05,0.00019379905,-0.6963622,-0.0004967361,-0.69571054,1.3921025,0.0004002583,0.00067312067,-0.0005503194,-0.6963622,-0.00047450815,-0.00028552258,-0.000518964,-0.69571054
0.6,12,1.0927835,0.0,0.0,0.5944037,0.000530142,0.00071835157,2.7413273e-05,0.00037812916,0.00044409127,1.2317141,-0.00039826275,9.6273e-06,-0.6158739,-0.0006209535,-0.6158048,1.2317141,-0.00010930866,0.00044403187,-0.0006872169,-0.6158739,-0.0007636381,-0.00042477727,-0.00047826883,-0.6158048
0.6,12,1.1327319,0.0,0.0,0.6398905,0.00050112966,0.00069573335,3.5239194e-05,2.8603723e-05,0.000114028095,1.0819614,-0.00046138212,-8.467899e-05,-0.5409526,-0.0006879942,-0.5409457,1.0819614,-0.00012164113,0.00028830182,-0.0008011231,-0.5409526,-0.0005889527,-0.0004576598,-0.00078703574,-0.5409457
0.6,12,1.1726804,0.0,0.0,0.6795238,0.0005085395,0.0005928845,3.310373e-05,0.0002042106,0.0008945643,0.94282484,6.3731226e-05,0.00010396549,-0.4717196,-0.0005052894,-0.4710946,0.94282484,-4.5486155e-05,0.0005985944,0.00017294861,-0.4717196,-0.00045938563,-0.0003906634,-0.00055119325,-0.4710946
0.6,12,1.2126288,0.0,0.0,0.7139809,0.0005298229,0.0005054399,1.5285033e-05,0.0007924648,0.00029449593,0.82219887,0.00010761954,6.5196014e-05,-0.41131473,-0.0005715628,-0.41086537,0.82219887,0.00037711667,0.00073849846,-0.00016187759,-0.41131473,-0.0005817418,-0.00060810643,-0.0005613838,-0.41086537
0.6,12,1.2525773,0.0,0.0,0.744038,0.000546647,0.00045175775,2.001422e-05,0.00046358287,-4.0113224e-05,0.71803504,0.0007607364,0.0003483615,-0.3589849,-0.0007625934,-0.35901862,0.71803504,0.0010724653,0.00088455284,0.00044900755,-0.3589849,-0.0008940684,-0.00018782982,-0.0006311184,-0.35901862
0.6,12,1.2925258,0.0,0.0,0.77037376,0.0005946752,0.00044588136,2.134641e-05,-0.00041019675,-0.000182325,0.6255772,0.0007472046,0.00046682375,-0.31272253,-0.00045668904,-0.31283274,0.6255772,0.0010266132,0.00067734777,0.00046779597,-0.31272253,-0.0004749086,0.00025629977,-0.00043846946,-0.31283274
0.6,12,1.3324742,0.0,0.0,0.79329634,0.0005860763,0.00053120207,2.170667e-05,0.00045998278,-0.0024258394,0.5460552,-0.0002748723,0.00012252037,-0.2731489,-0.00046274252,-0.27287704,0.5460552,0.0011260706,0.00076509657,-0.0016758152,-0.2731489,-0.0003273906,-0.0005200558,-0.0005980945,-0.27287704
0.6,12,1.3724227,0.0,0.0,0.81334513,0.0005129943,0.0004747094,1.5377953e-05,0.002812495,-0.0036264386,0.47727147,-0.00058352377,-0.0006768876,-0.23884182,-0.00076562713,-0.23842014,0.47727147,0.0015050666,0.0010012141,-0.0026721142,-0.23884182,-0.000610383,-0.0023549893,-0.0009208712,-0.23842014
0.6,12,1.4123712,0.0,0.0,0.8309354,0.00038005016,0.0003917379,1.4856535e-05,0.005144473,-0.005829993,0.4165089,-0.0016612598,-0.0015710631,-0.20841344,-0.00084090384,-0.20806995,0.4165089,0.0016263144,0.0012304324,-0.004948834,-0.20841344,-0.00075355556,-0.0043725586,-0.0009282522,-0.20806995
0.6,12,1.4523196,0.0,0.0,0.8463143,0.00014797025,0.00020564032,2.3847182e-05,0.006438113,-0.007383781,0.3623046,-0.0024376581,-0.0020599407,-0.18121652,-0.00086961815,-0.18105535,0.3623046,0.001669579,0.0014682196,-0.0065448955,-0.18121652,-0.00081442145,-0.0055881008,-0.0009248149,-0.18105535
0.6,12,1.4922681,0.0,0.0,0.8597055,-9.246282e-05,1.7137965e-05,6.7739315e-06,0.0061004255,-0.006889548,0.31506208,-0.0020888825,-0.0018158098,-0.15748253,-0.0009301868,-0.15754458,0.31506208,0.0017970586,0.0016022085,-0.0059748236,-0.15748253,-0.0008820537,-0.005233828,-0.00097832,-0.15754458
0.6,12,1.5322165,0.0,0.0,0.87139195,-0.00033265393,-7.4649433e-06,2.0674519e-05,0.006884732,-0.007543814,0.27423453,-0.002307909,-0.0022124005,-0.13703984,-0.00095109374,-0.13715748,0.27423453,0.0019638718,0.0016539408,-0.0065796897,-0.13703984,-0.0009240576,-0.006078742,-0.0009781299,-0.13715748
0.6,12,1.572165,0.0,0.0,0.88150656,-0.0006060058,-0.0002270274,4.7434787e-05,0.007827997,-0.008344903,0.23875464,-0.0026005895,-0.0026517857,-0.11935898,-0.000925191,-0.11934935,0.23875464,0.0021349788,0.0017169681,-0.007336158,-0.11935898,-0.0009232591,-0.0070205396,-0.00092712283,-0.11934935
0.6,12,1.6121135,0.0,0.0,0.8902733,-0.00089846354,-0.0006819124,6.973792e-05,0.0077561457,-0.008362856,0.20773298,-0.0026662769,-0.0026419777,-0.10387813,-0.0006975607,-0.10384988,0.20773298,0.0020862084,0.001697448,-0.0074187624,-0.10387813,-0.0007731772,-0.0069814036,-0.0006219442,-0.10384988
0.6,12,1.6520619,0.0,0.0,0.8978491,-0.0011462008,-0.0009701809,5.4986245e-05,0.004866272,-0.0053153387,0.18035173,-0.0014582342,-0.0014746005,-0.09010749,7.945066e-05,-0.090246454,0.18035173,0.0017421608,0.0014630854,-0.004658629,-0.09010749,-5.0591418e-05,-0.0044122864,0.00020949275,-0.090246454
0.6,12,1.6920104,0.0,0.0,0.9044662,-0.0012319724,-0.0010494492,1.0544188e-05,0.000807572,-0.0008888666,0.15886255,0.00052530365,0.0003362115,-0.07935327,0.00036127947,-0.07952014,0.15886255,0.0015083496,0.0012931125,-0.00045774225,-0.07935327,0.00026045274,-0.00062068953,0.00046210617,-0.07952014
0.6,12,1.7319589,0.0,0.0,0.9103557,-0.0012078929,-0.001039026,8.225034e-06,-0.0005223973,0.00048932416,0.14211021,0.0013432993,0.0011302254,-0.071027294,0.00020503801,-0.0710935,0.14211021,0.0016164436,0.0014299626,0.001070155,-0.071027294,0.00017716273,0.0008304881,0.0002329133,-0.0710935
0.6,12,1.7719073,0.0,0.0,0.91566795,-0.0011266695,-0.00097465975,3.7843394e-05,-0.002029515,0.0017387886,0.12921306,0.002114669,0.001925126,-0.064613946,5.8890077e-05,-0.064600796,0.12921306,0.0016311549,0.0013818182,0.002598183,-0.064613946,0.000116830175,0.0024684337,9.499762e-07,-0.064600796
0.6,12,1.8118558,0.0,0.0,0.92055094,-0.0010155145,-0.0008611481,7.932188e-05,-0.0014283409,0.00066420867,0.12004406,0.0014546077,0.0012080712,-0.06002636,4.6979607e-05,-0.060019832,0.12004406,0.001153971,0.0006653694,0.0017552444,-0.06002636,0.00011368615,0.0017507732,-1.9726933e-05,-0.060019832
0.6,12,1.8518043,0.0,0.0,0.92514884,-0.0010055599,-0.0009076514,6.8363595e-05,0.0011008481,-0.0017663036,0.11303664,-0.00068467733,-0.0011005753,-0.05645901,0.00021852055,-0.056576822,0.11303664,-9.433542e-05,-0.0007084983,-0.0012750193,-0.05645901,0.00012778636,-0.0014926525,0.00030925474,-0.056576822
0.6,12,1.8917527,0.0,0.0,0.92957056,-0.0010629761,-0.0009207199,1.819103e-05,0.00067066535,-0.0007700069,0.107029706,-0.0016101785,-0.0020736917,-0.053429667,8.6862885e-05,-0.053600673,0.107029706,-0.0015575391,-0.001999343,-0.001662818,-0.053429667,-2.1206135e-05,-0.0021480406,0.0001949319,-0.053600673
0.6,12,1.9317012,0.0,0.0,0.9336661,-0.0011286492,-0.001058614,5.0511776e-06,0.00034142722,-0.00031859442,0.10189484,-0.0018146012,-0.0022035919,-0.050863106,-0.00024007101,-0.05103311,0.10189484,-0.0019699484,-0.0023332888,-0.001659254,-0.050863106,-0.00027675682,-0.002073895,-0.0002033852,-0.05103311
0.6,12,1.9716492,0.0,0.0,0.93759495,-0.0011801936,-0.001057154,1.6515411e-06,0.0001235153,-0.00011352683,0.09667616,-0.001216966,-0.0015476104,-0.0482433,-0.00028936032,-0.04843337,0.09667616,-0.0014577332,-0.0018013335,-0.00097619864,-0.0482433,-0.0003051958,-0.0012938872,-0.00027352484,-0.04843337
0.6,12,2.011598,0.0,0.0,0.9412837,-0.0011990409,-0.0010845077,2.15555e-07,1.6531105e-05,-1.5214104e-05,0.09086915,-0.0005216166,-0.0007780722,-0.045343723,-9.555543e-05,-0.04552698,0.09086915,-0.00081008946,-0.0010847102,-0.0002331437,-0.045343723,-0.00011107279,-0.00047143418,-8.003806e-05,-0.04552698
0.6,12,2.051546,0.0,0.0,0.94480115,-0.0011972566,-0.0011031142,5.5860063e-09,4.3056346e-07,-3.9641478e-07,0.0849529,-5.9343438e-05,-0.00025422563,-0.042403024,9.8251796e-05,-0.0425503,0.0849529,-0.0003678308,-0.00057097507,0.00024914392,-0.042403024,8.4506304e-05,6.252383e-05,0.00011199728,-0.0425503
0.6,12,2.091495,0.0,0.0,0.94802713,-0.0011761222,-0.0010873863,2.1068402e-11,1.6254901e-09,-1.4965873e-09,0.07928023,0.000232379,7.78867e-05,-0.039582815,0.00021346466,-0.03969866,0.07928023,-8.745809e-05,-0.00024145305,0.0005522161,-0.039582815,0.00020254585,0.00039722645,0.00022438348,-0.03969866
0.6,12,2.131443,0.0,0.0,0.9510213,-0.001147183,-0.0010734989,1.001788e-14,8.535329e-13,-7.655663e-13,0.073931344,0.00042619449,0.00030183277,-0.036919884,0.00027427205,-0.037014764,0.073931344,0.000101848294,-1.5991836e-05,0.0007505407,-0.036919884,0.00026544544,0.0006196574,0.00028309863,-0.037014764
0.6,12,2.171392,0.0,0.0,0.95382965,-0.001111279,-0.0010409344,-3.8890268e-16,6.5218064e-15,6.1323157e-15,0.068916045,0.00055612624,0.00045684085,-0.03441813,0.00030331395,-0.034500334,0.068916045,0.00023329051,0.00014503155,0.000878962,-0.03441813,0.00029583336,0.00076865015,0.0003107945,-0.034500334
0.6,12,2.21134,0.0,0.0,0.9564434,-0.001067226,-0.0009824123,-9.651634e-17,2.7822695e-15,2.6592707e-15,0.0642305,0.0006410096,0.00056242704,-0.032079063,0.00031294156,-0.03215229,0.0642305,0.00032429563,0.0002603034,0.0009577236,-0.032079063,0.0003063324,0.0008645507,0.00031955075,-0.03215229
0.6,12,2.251289,0.0,0.0,0.9588925,-0.0010310275,-0.0009445151,-1.00113024e-17,4.2891896e-16,4.081468e-16,0.059862472,0.0006933652,0.000630817,-0.02989791,0.00031027896,-0.02996455,0.059862472,0.000386149,0.0003409531,0.0010005813,-0.02989791,0.0003042486,0.00092068093,0.00031630936,-0.02996455
0.6,12,2.2912369,0.0,0.0,0.9611682,-0.0009877882,-0.00090535596,-2.4776978e-19,1.1647874e-17,1.1073734e-17,0.055804342,0.0007220423,0.0006710645,-0.027871206,0.00029997347,-0.027932769,0.055804342,0.0004266641,0.00039505077,0.0010174204,-0.027871206,0.0002943166,0.0009470782,0.00030563038,-0.027932769
0.6,12,2.3311858,0.0,0.0,0.96329874,-0.0009384967,-0.0008666229,-9.403771e-22,4.482762e-20,4.261243e-20,0.052038785,0.0007334129,0.00069031125,-0.02599148,0.0002852003,-0.026047535,0.052038785,0.00045134392,0.00042895728,0.0010154819,-0.02599148,0.0002797729,0.0009516652,0.0002906277,-0.026047535
0.6,12,2.3711338,0.0,0.0,0.96527857,-0.0008965602,-0.0008272658,-4.9426612e-25,2.3606767e-23,2.2439819e-23,0.048552867,0.0007319972,0.0006941245,-0.024249895,0.00026809477,-0.024302036,0.048552867,0.00046402012,0.0004476619,0.0009999742,-0.024249895,0.00026279248,0.0009405871,0.00027339708,-0.024302036
0.6,12,2.4110827,0.0,0.0,0.96712494,-0.00086088886,-0.0007907379,-3.5418532e-29,1.6920739e-27,1.6084261e-27,0.045324903,0.00072113634,0.00068679807,-0.02263892,0.0002500402,-0.02268631,0.045324903,0.00046755048,0.00045506263,0.0009747222,-0.02263892,0.00024480105,0.00091853354,0.0002552794,-0.02268631
0.6,12,2.4510307,0.0,0.0,0.9688499,-0.0008219774,-0.0007472872,-3.4546213e-34,1.650472e-32,1.5688801e-32,0.042341024,0.0007033967,0.00067156483,-0.02114867,0.00023191719,-0.02119227,0.042341024,0.00046409835,0.00045414764,0.000942695,-0.02114867,0.000226711,0.000888982,0.00023712337,-0.02119227
0.6,12,2.4909797,0.0,0.0,0.9705157,-0.0007880642,-0.0006694125,0.0,2.1891142e-38,2.0808206e-38,0.039580964,0.00068074826,0.0006508389,-0.019770877,0.00021427395,-0.019810585,0.039580964,0.0004553978,0.00044714034,0.0009060987,-0.019770877,0.0002090948,0.0008545375,0.00021945311,-0.019810585
0.6,12,2.5309277,0.0,0.0,0.97204953,-0.0007421691,-0.0006259003,0.0,0.0,0.0,0.03702853,0.00065476215,0.0006264208,-0.018496152,0.00019744216,-0.018532401,0.03702853,0.0004428391,0.00043576208,0.0008666852,-0.018496152,0.0001922966,0.00081707945,0.00020258772,-0.018532401
0.6,12,2.5708766,0.0,0.0,0.9735089,-0.0007025874,-0.0005979085,0.0,0.0,0.0,0.03466705,0.00062665413,0.0005996758,-0.017316863,0.00018160557,-0.017350048,0.03466705,0.0004275407,0.00042132655,0.0008257675,-0.017316863,0.00017650724,0.0007780251,0.0001867039,-0.017350048
0.6,12,2.6108246,0.0,0.0,0.9748237,-0.0006694873,-0.00056930457,0.0,0.0,0.0,0.032481514,0.0005973756,0.0005716253,-0.01622554,0.0001668541,-0.016255772,0.032481514,0.00041039244,0.00040482648,0.00078435877,-0.01622554,0.00016181736,0.0007384242,0.00017189082,-0.016255772
0.6,12,2.6507735,0.0,0.0,0.9760707,-0.0006370349,-0.00058909523,0.0,0.0,0.0,0.0304572,0.00056765374,0.0005430358,-0.015214602,0.0001532082,-0.015242308,0.0304572,0.00039211047,0.00038703613,0.00074319704,-0.015214602,0.00014824748,0.0006990354,0.00015816891,-0.015242308
0.6,12,2.6907215,0.0,0.0,0.977227,-0.0006061547,-0.0005608157,0.0,0.0,0.0,0.028581053,0.00053804717,0.00051449594,-0.014278021,0.00014064816,-0.014302891,0.028581053,0.0003732353,0.00036857242,0.0007028591,-0.014278021,0.0001357797,0.00066041946,0.00014551663,-0.014302891
0.6,12,2.7306705,0.0,0.0,0.9783115,-0.00057787745,-0.0005335525,0.0,0.0,0.0,0.026841588,0.000508961,0.00048641104,-0.013409236,0.00012912811,-0.013432028,0.026841588,0.00035421088,0.00034986678,0.00066371105,-0.013409236,0.00012436243,0.00062295527,0.00013389379,-0.013432028
0.6,12,2.7706184,0.0,0.0,0.97933227,-0.0005519551,-0.0005095307,0.0,0.0,0.0,0.025227081,0.0004807053,0.0004590855,-0.012603191,0.000118588374,-0.012623957,0.025227081,0.00033536513,0.00033126565,0.00062604545,-0.012603191,0.000113935275,0.0005869054,0.00012324147,-0.012623957
0.6,12,2.8105674,0.0,0.0,0.980291,-0.0005272065,-0.000485291,0.0,0.0,0.0,0.023728183,0.0004534826,0.00043272955,-0.011854607,0.000108961205,-0.011873343,0.023728183,0.00031691865,0.000313011,0.0005900465,-0.011854607,0.00010442839,0.0005524481,0.00011349401,-0.011873343
0.6,12,2.8505154,0.0,0.0,0.981184,-0.000502993,-0.0004603752,0.0,0.0,0.0,0.022334505,0.00042742962,0.00040749123,-0.011158399,0.00010017669,-0.011175857,0.022334505,0.0002990664,0.00029529506,0.0005557928,-0.011158399,9.5769436e-05,0.0005196874,0.00010458394,-0.011175857
0.6,12,2.8904643,0.0,0.0,0.98203117,-0.00048009687,-0.00043828657,0.0,0.0,0.0,0.021038365,0.0004026413,0.00038344786,-0.010511167,9.216532e-05,-0.010527094,0.021038365,0.00028192508,0.0002782334,0.00052335754,-0.010511167,8.7885564e-05,0.0004886623,9.6445074e-05,-0.010527094
0.6,12,2.9304123,0.0,0.0,0.98282725,-0.00046201303,-0.00041840665,0.0,0.0,0.0,0.01983161,0.00037913735,0.00036064372,-0.009908454,8.486382e-05,-0.009922942,0.01983161,0.00026554547,0.00026191535,0.0004927292,-0.009908454,8.0713755e-05,0.0004593721,8.901389e-05,-0.009922942
0.6,12,2.9703612,0.0,0.0,0.9835786,-0.0004414599,-0.00039968142,0.0,0.0,0.0,0.018707344,0.00035695068,0.0003390954,-0.00934683,7.820731e-05,-0.009360311,0.018707344,0.00025000738,0.00024638663,0.00046389396,-0.00934683,7.4187345e-05,0.00043180416,8.222728e-05,-0.009360311
0.6,12,3.0103092,0.0,0.0,0.9842897,-0.0004218201,-0.0003811474,0.0,0.0,0.0,0.01765891,0.00033604266,0.00031878648,-0.008823258,7.213859e-05,-0.008835583,0.01765891,0.00023530242,0.00023167314,0.00043678292,-0.008823258,6.824793e-05,0.0004058998,7.602924e-05,-0.008835583
0.6,12,3.0502582,0.0,0.0,0.98496425,-0.00040367962,-0.00036456142,0.0,0.0,0.0,0.016680922,0.0003163935,0.00029968852,-0.008334639,6.660403e-05,-0.008346086,0.016680922,0.00022144178,0.00021777388,0.00041134525,-0.008334639,6.284063e-05,0.00038160314,7.036742e-05,-0.008346086
0.6,12,3.0902061,0.0,0.0,0.98560137,-0.00038674194,-0.0003485889,0.0,0.0,0.0,0.015767101,0.00029795416,0.00028176367,-0.007878244,6.155419e-05,-0.007888843,0.015767101,0.00020840805,0.00020468526,0.00038750027,-0.007878244,5.7915724e-05,0.0003588421,6.519265e-05,-0.007888843
0.6,12,3.130155,0.0,0.0,0.9862018,-0.0003830582,-0.0003332643,0.0,0.0,0.0,0.014913462,0.0002806732,0.00026496162,-0.007451765,5.69434e-05,-0.0074615492,0.014913462,0.00019617724,0.00019238598,0.00036516917,-0.007451765,5.342699e-05,0.00033753723,6.0459814e-05,-0.0074615492
0.6,12,3.170103,0.0,0.0,0.9867719,-0.00036757695,-0.00031924184,0.0,0.0,0.0,0.014114923,0.0002644977,0.0002492347,-0.007052888,5.2731317e-05,-0.00706192,0.014114923,0.00018471178,0.00018084557,0.00034428362,-0.007052888,4.933438e-05,0.0003176238,5.6128254e-05,-0.00706192
0.6,12,3.2100515,0.0,0.0,0.9873092,-0.0003408816,-0.00030137508,0.0,0.0,0.0,0.013367566,0.00024936395,0.00023451989,-0.006679427,4.8880258e-05,-0.006687951,0.013367566,0.0001739875,0.00017003638,0.00032474037,-0.006679427,4.55985e-05,0.00029900338,5.2162017e-05,-0.006687951
0.6,12,3.25,0.0,0.0,0.9878203,-0.00032752138,-0.00028518468,0.0,0.0,0.0,0.012667677,0.00023521096,0.0002207668,-0.0063297027,4.535587e-05,-0.006337604,0.012667677,0.00016395406,0.00015992176,0.00030646787,-0.0063297027,4.218675e-05,0.00028161184,4.852499e-05,-0.006337604
0.6,12,3.2899485,0.0,0.0,0.9883061,-0.00031480446,-0.0002752231,0.0,0.0,0.0,0.012011294,0.00022198039,0.00020791445,-0.006001849,4.212781e-05,-0.0060093096,0.012011294,0.00015457951,0.00015046418,0.00028938125,-0.006001849,3.9066792e-05,0.0002653647,4.518883e-05,-0.0060093096
0.6,12,3.3298965,0.0,0.0,0.9887673,-0.00030297294,-0.00026480967,0.0,0.0,0.0,0.011395849,0.00020961522,0.00019590819,-0.005694469,3.916863e-05,-0.0057013533,0.011395849,0.00014582202,0.00014162752,0.00027340843,-0.005694469,3.6212525e-05,0.00025018887,4.2124735e-05,-0.0057013533
0.6,12,3.3698454,0.0,0.0,0.9892041,-0.0002915439,-0.0002564644,0.0,0.0,0.0,0.010818305,0.00019805791,0.00018469623,-0.0054058535,3.6452795e-05,-0.005412338,0.010818305,0.00013764536,0.00013337517,0.00025847048,-0.0054058535,3.3597702e-05,0.00023601727,3.9307888e-05,-0.005412338
0.6,12,3.4097939,0.0,0.0,0.98962027,-0.00028113383,-0.00024757124,0.0,0.0,0.0,0.010275922,0.00018725477,0.00017422487,-0.005134978,3.395827e-05,-0.0051409556,0.010275922,0.00013000974,0.00012567027,0.00024449982,-0.005134978,3.1200645e-05,0.00022277949,3.6715897e-05,-0.0051409556
0.6,12,3.4497418,0.0,0.0,0.9899967,-0.00027108385,-0.00023687248,0.0,0.0,0.0,0.009766262,0.00017715295,0.00016444718,-0.004880355,3.1664116e-05,-0.00488596,0.009766262,0.00012288013,0.00011847782,0.00023142576,-0.004880355,2.9000224e-05,0.00021041653,3.4328004e-05,-0.00488596
0.6,12,3.4896903,0.0,0.0,0.99036896,-0.0002793269,-0.00022708825,0.0,0.0,0.0,0.009286931,0.00016770593,0.00015531416,-0.004640857,2.9552e-05,-0.00464615,0.009286931,0.00011621733,0.000111767054,0.00021919455,-0.004640857,2.6978643e-05,0.00019886128,3.2125357e-05,-0.00464615
0.6,12,3.5296392,0.0,0.0,0.99072677,-0.0002697234,-0.0002191462,0.0,0.0,0.0,0.008836076,0.00015887198,0.00014678357,-0.004415463,2.7605669e-05,-0.0044204784,0.008836076,0.00010999444,0.000105500905,0.00020774952,-0.004415463,2.5119405e-05,0.00018806625,3.0091933e-05,-0.0044204784
0.6,12,3.5695877,0.0,0.0,0.99106365,-0.00024138879,-0.00021028983,0.0,0.0,0.0,0.008411382,0.00015060056,0.00013881159,-0.004203384,2.581032e-05,-0.0042080404,0.008411382,0.00010417853,9.9651894e-05,0.00019702261,-0.004203384,2.3407827e-05,0.00017797129,2.8212811e-05,-0.0042080404
0.6,12,3.6095362,0.0,0.0,0.9913889,-0.0002333692,-0.00020313273,0.0,0.0,0.0,0.008011488,0.00014285944,0.00013136258,-0.0040035136,2.4152518e-05,-0.00400788,0.008011488,9.874058e-05,9.419289e-05,0.00018697829,-0.0040035136,2.1830749e-05,0.00016853226,2.6474287e-05,-0.00400788
0.6,12,3.6494837,0.0,0.0,0.9916985,-0.00022564098,-0.0001961181,0.0,0.0,0.0,0.007634469,0.0001356129,0.00012439844,-0.0038151068,2.2620214e-05,-0.0038192733,0.007634469,9.366018e-05,8.909524e-05,0.00017756564,-0.0038151068,2.0375886e-05,0.00015970164,2.486454e-05,-0.0038192733
0.6,12,3.689433,0.0,0.0,0.9919937,-0.0002198746,-0.00018899112,0.0,0.0,0.0,0.0072788494,0.00012881745,0.00011788407,-0.003637403,2.1202097e-05,-0.0036413395,0.0072788494,8.89008e-05,8.433184e-05,0.00016873411,-0.003637403,1.9032243e-05,0.0001514363,2.3371953e-05,-0.0036413395
0.6,12,3.7293816,0.0,0.0,0.9922755,-0.00021465415,-0.00018293188,0.0,0.0,0.0,0.006943305,0.00012245019,0.00011178931,-0.0034697796,1.9888874e-05,-0.003473503,0.006943305,8.444666e-05,7.9881815e-05,0.00016045372,-0.0034697796,1.7790711e-05,0.0001436968,2.1987038e-05,-0.003473503
0.6,12,3.76933,0.0,0.0,0.99254394,-0.00020446212,-0.00017698054,0.0,0.0,0.0,0.006626489,0.00011647439,0.00010608416,-0.003311475,1.8671351e-05,-0.0033149756,0.006626489,8.027359e-05,7.5722004e-05,0.00015267519,-0.003311475,1.6641978e-05,0.00013644632,2.0700727e-05,-0.0033149756
0.6,12,3.8092775,0.0,0.0,0.99280083,-0.00019836685,-0.00017183776,0.0,0.0,0.0,0.0063272286,0.00011087024,0.00010074253,-0.0031619421,1.7541744e-05,-0.0031652492,0.0063272286,7.636603e-05,7.183181e-05,0.00014537445,-0.0031619421,1.557856e-05,0.00012965326,1.950493e-05,-0.0031652492
0.6,12,3.849227,0.0,0.0,0.9930462,-0.00019249489,-0.00016652631,0.0,0.0,0.0,0.006044405,0.00010560562,9.5738076e-05,-0.0030206004,1.6492413e-05,-0.0030237073,0.006044405,7.269857e-05,6.819244e-05,0.00013851268,-0.0030206004,1.4593027e-05,0.00012328371,1.83918e-05,-0.0030237073
0.6,12,3.8891754,0.0,0.0,0.9932806,-0.00018691145,-0.00016139411,0.0,0.0,0.0,0.0057768533,0.00010066123,9.104614e-05,-0.002886924,1.5516962e-05,-0.0028898534,0.0057768533,6.9258625e-05,6.478375e-05,0.00013206384,-0.002886924,1.36788785e-05,0.00011730853,1.7355047e-05,-0.0028898534
0.6,12,3.9291239,0.0,0.0,0.99350435,-0.00018153871,-0.00015672155,0.0,0.0,0.0,0.0055238577,9.60115e-05,8.6646556e-05,-0.0027604792,1.4609487e-05,-0.0027632224,0.0055238577,6.602703e-05,6.1594386e-05,0.00012599597,-0.0027604792,1.2830213e-05,0.00011169873,1.6388762e-05,-0.0027632224
0.6,12,3.9690714,0.0,0.0,0.9937185,-0.00017645556,-0.00015208035,0.0,0.0,0.0,0.005284261,9.163869e-05,8.251777e-05,-0.0026407698,1.3764479e-05,-0.0026433903,0.005284261,6.29933e-05,5.8605063e-05,0.00012028408,-0.0026407698,1.2041894e-05,0.000106430474,1.5487065e-05,-0.0026433903
0.6,12,4.009021,0.0,0.0,0.99392337,-0.00017162456,-0.00014779576,0.0,0.0,0.0,0.005057331,8.752401e-05,7.86411e-05,-0.0025273764,1.2976985e-05,-0.0025298814,0.005057331,6.0141847e-05,5.5801385e-05,0.000114906165,-0.0025273764,1.1308885e-05,0.00010148081,1.4645085e-05,-0.0025298814
0.6,12,4.0489693,0.0,0.0,0.99411935,-0.00016698746,-0.00014370492,0.0,0.0,0.0,0.0048423163,8.364821e-05,7.499925e-05,-0.0024199337,1.2242527e-05,-0.002422285,0.0048423163,5.7457102e-05,5.3171592e-05,0.00010983932,-0.0024199337,1.0626881e-05,9.68269e-05,1.3858174e-05,-0.002422285
0.6,12,4.0889177,0.0,0.0,0.9943009,-0.00016826132,-0.00013897398,0.0,0.0,0.0,0.0046383548,7.999637e-05,7.157583e-05,-0.0023180807,1.1556931e-05,-0.002320298,0.0046383548,5.49317e-05,5.0703693e-05,0.00010506103,-0.0023180807,9.991819e-06,9.244797e-05,1.3122044e-05,-0.002320298
0.6,12,4.1288652,0.0,0.0,0.994481,-0.00016380406,-0.00013511645,0.0,0.0,0.0,0.0044450187,7.6551834e-05,6.835611e-05,-0.002221467,1.091659e-05,-0.0022235252,0.0044450187,5.2551844e-05,4.838591e-05,0.00010055182,-0.002221467,9.399889e-06,8.8326306e-05,1.2433293e-05,-0.0022235252
0.6,12,4.1688147,0.0,0.0,0.9946482,-0.00015569951,-0.00013043007,0.0,0.0,0.0,0.004261401,7.3304676e-05,6.53264e-05,-0.0021297429,1.0318041e-05,-0.0021317035,0.004261401,5.0311006e-05,4.6207202e-05,9.6298354e-05,-0.0021297429,8.848075e-06,8.444559e-05,1.1788006e-05,-0.0021317035
0.6,12,4.208763,0.0,0.0,0.994814,-0.00015174142,-0.00012719767,0.0,0.0,0.0,0.004087282,7.023778e-05,6.2473e-05,-0.0020426302,9.75816e-06,-0.0020444866,0.004087282,4.8196536e-05,4.4158376e-05,9.227903e-05,-0.0020426302,8.333148e-06,8.078762e-05,1.11831705e-05,-0.0020444866
0.6,12,4.2487116,0.0,0.0,0.994974,-0.00014452469,-0.00012375833,0.0,0.0,0.0,0.003921733,6.734201e-05,5.9784805e-05,-0.0019599318,9.233943e-06,-0.001961734,0.003921733,4.6201236e-05,4.223007e-05,8.848278e-05,-0.0019599318,7.852171e-06,7.7339544e-05,1.0615716e-05,-0.001961734
0.6,12,4.288659,0.0,0.0,0.99512595,-0.00014106861,-0.00012103635,0.0,0.0,0.0,0.0037644,6.460457e-05,5.724987e-05,-0.0018813388,8.743003e-06,-0.0018830211,0.0037644,4.4316905e-05,4.0414718e-05,8.4892235e-05,-0.0018813388,7.402878e-06,7.4085016e-05,1.0083127e-05,-0.0018830211
0.6,12,4.3286085,0.0,0.0,0.9952714,-0.00013764476,-0.000117888565,0.0,0.0,0.0,0.0036148278,6.201789e-05,5.4858203e-05,-0.0018066268,8.282748e-06,-0.0018081906,0.0036148278,4.2536743e-05,3.870386e-05,8.149904e-05,-0.0018066268,6.9827474e-06,7.1012546e-05,9.582748e-06,-0.0018081906
0.6,12,4.368557,0.0,0.0,0.9954112,-0.00013444801,-0.00011486231,0.0,0.0,0.0,0.0034725654,5.9567898e-05,5.2600513e-05,-0.0017355173,7.851151e-06,-0.0017370376,0.0034725654,4.085285e-05,3.7090605e-05,7.8282945e-05,-0.0017355173,6.5898084e-06,6.811042e-05,9.112494e-06,-0.0017370376
0.6,12,4.4085054,0.0,0.0,0.99554497,-0.00013114064,-0.00011199914,0.0,0.0,0.0,0.003337184,5.7247744e-05,5.046771e-05,-0.001667892,7.446013e-06,-0.00166931,0.003337184,3.9259743e-05,3.5568602e-05,7.5235745e-05,-0.001667892,6.221836e-06,6.536682e-05,8.67019e-06,-0.00166931
0.6,12,4.448453,0.0,0.0,0.99567497,-0.00012822579,-0.00010953652,0.0,0.0,0.0,0.003208324,5.505151e-05,4.8452548e-05,-0.001603462,7.065566e-06,-0.0016048178,0.003208324,3.775192e-05,3.4132056e-05,7.2351104e-05,-0.001603462,5.877262e-06,6.277304e-05,8.25387e-06,-0.0016048178
0.6,12,4.4884024,0.0,0.0,0.99579984,-0.00012538764,-0.00010698484,0.0,0.0,0.0,0.0030855965,5.2967727e-05,4.6546003e-05,-0.0015421307,6.708062e-06,-0.0015434243,0.0030855965,3.6323072e-05,3.2774806e-05,6.961238e-05,-0.0015421307,5.554303e-06,6.0317205e-05,7.861821e-06,-0.0015434243
0.6,12,4.528351,0.0,0.0,0.9959191,-0.00012291358,-0.000104921986,0.0,0.0,0.0,0.0029686673,5.0993724e-05,4.4741697e-05,-0.001483677,6.37193e-06,-0.0014848837,0.0029686673,3.4968773e-05,3.1491658e-05,6.701867e-05,-0.001483677,5.251449e-06,5.7991736e-05,7.492411e-06,-0.0014848837
0.6,12,4.5682983,0.0,0.0,0.9960339,-0.00012040261,-0.00010278818,0.0,0.0,0.0,0.0028571014,4.9116945e-05,4.3033197e-05,-0.0014279677,6.0557154e-06,-0.0014291174,0.0028571014,3.368329e-05,3.0277597e-05,6.45506e-05,-0.0014279677,4.967346e-06,5.5788798e-05,7.144085e-06,-0.0014291174
0.6,12,4.608247,0.0,0.0,0.99614435,-0.00011760096,-0.00010074496,0.0,0.0,0.0,0.0027507865,4.733691e-05,4.1414238e-05,-0.0013748232,5.7580182e-06,-0.001375914,0.0027507865,3.246333e-05,2.9128265e-05,6.221049e-05,-0.0013748232,4.7005597e-06,5.3700212e-05,6.8154764e-06,-0.001375914
0.6,12,4.648196,0.0,0.0,0.9962509,-0.0001151966,-9.8840734e-05,0.0,0.0,0.0,0.0026493156,4.5644898e-05,3.9878505e-05,-0.0013241265,5.4775987e-06,-0.0013251686,0.0026493156,3.130545e-05,2.8039336e-05,5.9984344e-05,-0.0013241265,4.4499866e-06,5.1717674e-05,6.505211e-06,-0.0013251686
0.6,12,4.6881447,0.0,0.0,0.9963532,-0.0001128438,-9.6331954e-05,0.0,0.0,0.0,0.0025524884,4.403643e-05,3.8422608e-05,-0.0012757427,5.2134083e-06,-0.001276719,0.0025524884,3.0204943e-05,2.7007765e-05,5.786792e-05,-0.0012757427,4.214576e-06,4.9837454e-05,6.212241e-06,-0.001276719
0.6,12,4.728092,0.0,0.0,0.9964524,-0.000110264686,-9.446012e-05,0.0,0.0,0.0,0.0024600478,4.2506043e-05,3.7039506e-05,-0.0012295118,4.964274e-06,-0.001230457,0.0024600478,2.9157376e-05,2.6028794e-05,5.5854707e-05,-0.0012295118,3.9931992e-06,4.8050217e-05,5.935349e-06,-0.001230457
0.6,12,4.7680407,0.0,0.0,0.99654764,-0.00010836253,-9.245204e-05,0.0,0.0,0.0,0.002371717,4.104948e-05,3.572581e-05,-0.0011853913,4.7292324e-06,-0.0011862684,0.002371717,2.8161297e-05,2.5099316e-05,5.393766e-05,-0.0011853913,3.7849595e-06,4.6352303e-05,5.6735057e-06,-0.0011862684
0.6,12,4.80799,0.0,0.0,0.99663985,-0.00010603162,-9.05024e-05,0.0,0.0,0.0,0.0022873078,3.9661838e-05,3.4477922e-05,-0.0011432236,4.507406e-06,-0.0011440676,0.0022873078,2.7213078e-05,2.421759e-05,5.2110598e-05,-0.0011432236,3.5889668e-06,4.4738255e-05,5.4258453e-06,-0.0011440676
0.6,12,4.8479385,0.0,0.0,0.9967428,-3.1949294e-05,-8.900094e-05,0.0,0.0,0.0,0.0022066203,3.834069e-05,3.3290125e-05,-0.0011029108,4.297881e-06,-0.0011036908,0.0022066203,2.6309777e-05,2.3378541e-05,5.0371604e-05,-0.0011029108,3.40441e-06,4.3201708e-05,5.191351e-06,-0.0011036908
0.6,12,4.887886,0.0,0.0,0.9968282,-3.22692e-05,-8.726709e-05,0.0,0.0,0.0,0.002129448,3.707985e-05,3.2160377e-05,-0.0010643224,4.099967e-06,-0.0010650847,0.002129448,2.5448066e-05,2.2581098e-05,4.8711634e-05,-0.0010643224,3.2305693e-06,4.1739655e-05,4.969365e-06,-0.0010650847
0.6,12,4.9278345,0.0,0.0,0.9969237,-9.998886e-05,-8.582393e-05,0.0,0.0,0.0,0.0020556333,3.587712e-05,3.1084022e-05,-0.0010274242,3.9128017e-06,-0.0010281709,0.0020556333,2.4625966e-05,2.1821905e-05,4.7128273e-05,-0.0010274242,3.066689e-06,4.0346138e-05,4.758914e-06,-0.0010281709
0.6,12,4.967784,0.0,0.0,0.9970026,-9.811265e-05,-8.398959e-05,0.0,0.0,0.0,0.0019849837,3.4729175e-05,3.0058769e-05,-0.0009921287,3.7358532e-06,-0.000992825,0.0019849837,2.3842564e-05,2.1099233e-05,4.5615787e-05,-0.0009921287,2.9122023e-06,3.9018305e-05,4.5595043e-06,-0.000992825
0.6,12,5.0077324,0.0,0.0,0.99707896,-9.62695e-05,-8.238987e-05,0.0,0.0,0.0,0.0019173535,3.363304e-05,2.9081464e-05,-0.00095832587,3.5683365e-06,-0.00095898844,0.0019173535,2.3093658e-05,2.0410873e-05,4.4172422e-05,-0.00095832587,2.7664153e-06,3.7752056e-05,4.3702576e-06,-0.00095898844
0.6,12,5.04768,0.0,0.0,0.9971525,-9.451971e-05,-8.1134735e-05,0.0,0.0,0.0,0.001852543,3.2585005e-05,2.8148828e-05,-0.0009259588,3.4098043e-06,-0.00092658884,0.001852543,2.23779e-05,1.9754172e-05,4.279211e-05,-0.0009259588,2.628868e-06,3.6543483e-05,4.1907406e-06,-0.00092658884
0.6,12,5.0876284,0.0,0.0,0.9972238,-9.281387e-05,-7.965167e-05,0.0,0.0,0.0,0.0017905096,3.158401e-05,2.7259206e-05,-0.000894937,3.2596495e-06,-0.00089553435,0.0017905096,2.1694685e-05,1.91279e-05,4.147334e-05,-0.000894937,2.4989874e-06,3.5390512e-05,4.0203117e-06,-0.00089553435
0.6,12,5.127578,0.0,0.0,0.99729264,-9.121722e-05,-7.819825e-05,0.0,0.0,0.0,0.0017310163,3.0625477e-05,2.6409485e-05,-0.0008652074,3.1173518e-06,-0.0008657884,0.0017310163,2.1039827e-05,1.8530327e-05,4.0211125e-05,-0.0008652074,2.3762973e-06,3.428864e-05,3.858406e-06,-0.0008657884
0.6,12,5.1675262,0.0,0.0,0.9973591,-8.974867e-05,-7.695538e-05,0.0,0.0,0.0,0.0016739751,2.9709057e-05,2.5596997e-05,-0.00083670893,2.98248e-06,-0.0008372572,0.0016739751,2.0413987e-05,1.7959097e-05,3.9004128e-05,-0.00083670893,2.2604083e-06,3.3234897e-05,3.7045515e-06,-0.0008372572
0.6,12,5.2074738,0.0,0.0,0.9974234,-8.8064065e-05,-7.573397e-05,0.0,0.0,0.0,0.0016192883,2.8830931e-05,2.4821029e-05,-0.0008093617,2.8545428e-06,-0.00080990157,0.0016192883,1.9814503e-05,1.741343e-05,3.784736e-05,-0.0008093617,2.150784e-06,3.222863e-05,3.5583018e-06,-0.00080990157
0.6,12,5.247422,0.0,0.0,0.99748576,-8.654704e-05,-7.441422e-05,0.0,0.0,0.0,0.0015668172,2.7989317e-05,2.4078076e-05,-0.00078313786,2.7331453e-06,-0.00078364427,0.0015668172,1.9240264e-05,1.6892076e-05,3.673837e-05,-0.00078313786,2.0471373e-06,3.1264073e-05,3.419153e-06,-0.00078364427
0.6,12,5.2873716,0.0,0.0,0.9975458,-8.499369e-05,-7.290006e-05,0.0,0.0,0.0,0.0015164401,2.718344e-05,2.3367187e-05,-0.0007579572,2.6179196e-06,-0.00075844757,0.0015164401,1.8689383e-05,1.639254e-05,3.5677498e-05,-0.0007579572,1.9490926e-06,3.0341835e-05,3.2867463e-06,-0.00075844757
0.6,12,5.32732,0.0,0.0,0.9976045,-8.3225896e-05,-7.140951e-05,0.0,0.0,0.0,0.0014680815,2.6410533e-05,2.2686563e-05,-0.0007338028,2.5084764e-06,-0.0007342442,0.0014680815,1.8162018e-05,1.591462e-05,3.4659046e-05,-0.0007338028,1.8562841e-06,2.9458504e-05,3.1606685e-06,-0.0007342442
0.6,12,5.3672676,0.0,0.0,0.9976607,-8.2047634e-05,-6.9946065e-05,0.0,0.0,0.0,0.0014216397,2.5669124e-05,2.2034556e-05,-0.0007106009,2.4045064e-06,-0.00071102433,0.0014216397,1.7655431e-05,1.5456988e-05,3.3682816e-05,-0.0007106009,1.76839e-06,2.8612123e-05,3.0406227e-06,-0.00071102433
0.6,12,5.407216,0.0,0.0,0.9977155,-8.045173e-05,-6.8638095e-05,0.0,0.0,0.0,0.0013770291,2.495697e-05,2.1409447e-05,-0.0006882957,2.3056916e-06,-0.0006887054,0.0013770291,1.7169055e-05,1.5018162e-05,3.2744883e-05,-0.0006882957,1.6851377e-06,2.780073e-05,2.9262455e-06,-0.0006887054
0.6,12,5.4471655,0.0,0.0,0.99776703,-7.828874e-05,-6.6880304e-05,0.0,0.0,0.0,0.0013341806,2.4273022e-05,2.0809774e-05,-0.00066686154,2.2117167e-06,-0.0006672559,0.0013341806,1.6701651e-05,1.4597694e-05,3.1844393e-05,-0.00066686154,1.606243e-06,2.7021855e-05,2.8171903e-06,-0.0006672559
0.6,12,5.487114,0.0,0.0,0.99781907,-7.705027e-05,-6.5765504e-05,0.0,0.0,0.0,0.0012929436,2.3615521e-05,2.0234374e-05,-0.0006462803,2.1223236e-06,-0.00064664945,0.0012929436,1.6252927e-05,1.4194217e-05,3.0978117e-05,-0.0006462803,1.5314687e-06,2.627453e-05,2.7131784e-06,-0.00064664945
0.6,12,5.5270615,0.0,0.0,0.99786884,-7.5743796e-05,-6.4466854e-05,0.0,0.0,0.0,0.0012533291,2.2983819e-05,1.9681935e-05,-0.0006264559,2.0372643e-06,-0.00062683184,0.0012533291,1.5821228e-05,1.3806762e-05,3.014641e-05,-0.0006264559,1.4605558e-06,2.5557109e-05,2.6139728e-06,-0.00062683184
0.6,12,5.56701,0.0,0.0,0.9979177,-7.438694e-05,-6.3536114e-05,0.0,0.0,0.0,0.0012152122,2.2376687e-05,1.9151692e-05,-0.0006074062,1.9562758e-06,-0.0006077606,0.0012152122,1.5406287e-05,1.3435123e-05,2.9347086e-05,-0.0006074062,1.3932882e-06,2.4868259e-05,2.5192635e-06,-0.0006077606
0.6,12,5.6069593,0.0,0.0,0.9979653,-7.313854e-05,-6.268863e-05,0.0,0.0,0.0,0.0011785285,2.1792597e-05,1.8641831e-05,-0.0005890757,1.8791468e-06,-0.0005894044,0.0011785285,1.500732e-05,1.307762e-05,2.8577873e-05,-0.0005890757,1.3294517e-06,2.4206043e-05,2.4288418e-06,-0.0005894044
0.6,12,5.646908,0.0,0.0,0.99801135,-7.190004e-05,-6.184876e-05,0.0,0.0,0.0,0.0011432002,2.1230118e-05,1.8151743e-05,-0.00057143526,1.8056627e-06,-0.0005717637,0.0011432002,1.4622699e-05,1.273421e-05,2.7837537e-05,-0.00057143526,1.2688545e-06,2.3569273e-05,2.342471e-06,-0.0005717637
0.6,12,5.6868553,0.0,0.0,0.9980555,-7.08354e-05,-6.0905604e-05,0.0,0.0,0.0,0.0011092544,2.0688647e-05,1.7680512e-05,-0.0005544618,1.7356194e-06,-0.00055477006,0.0011092544,1.4252725e-05,1.2403914e-05,2.7124568e-05,-0.0005544618,1.2113056e-06,2.295711e-05,2.2599331e-06,-0.00055477006
0.6,12,5.726804,0.0,0.0,0.9980984,-6.9798596e-05,-6.0003236e-05,0.0,0.0,0.0,0.0010765309,2.0166686e-05,1.7226379e-05,-0.00053810247,1.6688324e-06,-0.00053840247,0.0010765309,1.3895776e-05,1.2085855e-05,2.6437596e-05,-0.00053810247,1.1566387e-06,2.2366903e-05,2.181026e-06,-0.00053840247
0.6,12,5.766753,0.0,0.0,0.9981399,-6.87925e-05,-5.9138245e-05,0.0,0.0,0.0,0.0010450013,1.9663734e-05,1.6789876e-05,-0.000522348,1.605136e-06,-0.00052263576,0.0010450013,1.3551882e-05,1.1779906e-05,2.5775587e-05,-0.000522348,1.1046966e-06,2.1799848e-05,2.1055755e-06,-0.00052263576
0.6,12,5.8067017,0.0,0.0,0.9981803,-6.779242e-05,-5.8273552e-05,0.0,0.0,0.0,0.0010146349,1.917943e-05,1.6369268e-05,-0.00050717406,1.5443388e-06,-0.0005074533,0.0010146349,1.3220315e-05,1.1485079e-05,2.5138545e-05,-0.00050717406,1.0553003e-06,2.1253458e-05,2.0333773e-06,-0.0005074533
0.6,12,5.846649,0.0,0.0,0.99821955,-6.681827e-05,-5.744301e-05,0.0,0.0,0.0,0.0009853774,1.8711513e-05,1.5963631e-05,-0.0004925424,1.4863426e-06,-0.00049280684,0.0009853774,1.290041e-05,1.1200734e-05,2.4522617e-05,-0.0004925424,1.0083819e-06,2.072653e-05,1.9643032e-06,-0.00049280684
0.6,12,5.8865976,0.0,0.0,0.9982576,-6.5865635e-05,-5.6610184e-05,0.0,0.0,0.0,0.00095714926,1.8260243e-05,1.5573149e-05,-0.00047844014,1.4309376e-06,-0.0004787015,0.00095714926,1.2591705e-05,1.0927241e-05,2.3928782e-05,-0.00047844014,9.63727e-07,2.0219055e-05,1.8981481e-06,-0.0004787015
0.6,12,5.926547,0.0,0.0,0.9982948,-6.475863e-05,-5.558761e-05,0.0,0.0,0.0,0.0009299409,1.7824728e-05,1.5196278e-05,-0.0004648391,1.3780134e-06,-0.00046508707,0.0009299409,1.2293549e-05,1.06633415e-05,2.3355908e-05,-0.0004648391,9.212289e-07,1.9729214e-05,1.834798e-06,-0.00046508707
0.6,12,5.9664946,0.0,0.0,0.99833083,-6.404507e-05,-5.4566088e-05,0.0,0.0,0.0,0.00090369297,1.740418e-05,1.4832995e-05,-0.00045172108,1.3274661e-06,-0.0004519544,0.00090369297,1.2005458e-05,1.0408628e-05,2.2802902e-05,-0.00045172108,8.808005e-07,1.925736e-05,1.7741316e-06,-0.0004519544
0.6,12,6.006443,0.0,0.0,0.99836576,-6.315063e-05,-5.3811204e-05,0.0,0.0,0.0,0.00087836967,1.6997514e-05,1.4482067e-05,-0.0004390617,1.2791222e-06,-0.00043929086,0.00087836967,1.1727031e-05,1.0162952e-05,2.2267996e-05,-0.0004390617,8.422963e-07,1.8801182e-05,1.7159481e-06,-0.00043929086
0.6,12,6.0463915,0.0,0.0,0.99839985,-6.207717e-05,-5.3295746e-05,0.0,0.0,0.0,0.00085392944,1.6605003e-05,1.4143116e-05,-0.00042684865,1.232908e-06,-0.00042706486,0.00085392944,1.1458141e-05,9.925277e-06,2.1751866e-05,-0.00042684865,8.0563353e-07,1.8360954e-05,1.6601824e-06,-0.00042706486
0.6,12,6.086341,0.0,0.0,0.998433,-6.145275e-05,-5.281697e-05,0.0,0.0,0.0,0.0008303266,1.6225395e-05,1.381595e-05,-0.0004150542,1.188704e-06,-0.00041526498,0.0008303266,1.1197994e-05,9.69606e-06,2.1252794e-05,-0.0004150542,7.707148e-07,1.793584e-05,1.6066932e-06,-0.00041526498
0.6,12,6.1262884,0.0,0.0,0.9984651,-6.0631006e-05,-5.2104402e-05,0.0,0.0,0.0,0.00080755795,1.585851e-05,1.349979e-05,-0.0004036712,1.1464117e-06,-0.0004038742,0.00080755795,1.0946732e-05,9.474445e-06,2.0770287e-05,-0.0004036712,7.374349e-07,1.7525135e-05,1.5553886e-06,-0.0004038742
0.6,12,6.166237,0.0,0.0,0.9984964,-5.981918e-05,-5.14054e-05,0.0,0.0,0.0,0.00078555534,1.5503227e-05,1.3194252e-05,-0.0003926745,1.1059229e-06,-0.0003928668,0.00078555534,1.0702762e-05,9.260335e-06,2.0303693e-05,-0.0003926745,7.0571565e-07,1.7128168e-05,1.5061303e-06,-0.0003928668
0.6,12,6.2061853,0.0,0.0,0.9985271,-5.9125963e-05,-4.978979e-05,0.0,0.0,0.0,0.00076431304,1.5159654e-05,1.2898441e-05,-0.0003820582,1.067172e-06,-0.00038223818,0.00076431304,1.0467316e-05,9.053123e-06,1.9851992e-05,-0.0003820582,6.7548217e-07,1.674376e-05,1.4588617e-06,-0.00038223818
0.6,12,6.2461348,0.0,0.0,0.9985571,-5.8159818e-05,-4.8136426e-05,0.0,0.0,0.0,0.0007437755,1.4826675e-05,1.26124305e-05,-0.00037178796,1.0300416e-06,-0.00037196663,0.0007437755,1.0238899e-05,8.8526685e-06,1.941445e-05,-0.00037178796,6.4663016e-07,1.6372192e-05,1.4134531e-06,-0.00037196663
0.6,12,6.2860823,0.0,0.0,0.9985858,-5.740626e-05,-4.753348e-05,0.0,0.0,0.0,0.00072392175,1.4504552e-05,1.233595e-05,-0.0003618686,9.944807e-07,-0.00036204272,0.00072392175,1.0018111e-05,8.659025e-06,1.8990993e-05,-0.0003618686,6.191198e-07,1.6012873e-05,1.3698417e-06,-0.00036204272
0.6,12,6.3260307,0.0,0.0,0.99861383,-5.668007e-05,-4.6932473e-05,0.0,0.0,0.0,0.00070474454,1.4192539e-05,1.2067869e-05,-0.00035228112,9.603959e-07,-0.000352445,0.00070474454,9.803808e-06,8.47086e-06,1.858127e-05,-0.00035228112,5.9287356e-07,1.5664878e-05,1.3279184e-06,-0.000352445
0.6,12,6.365979,0.0,0.0,0.99864125,-5.5963665e-05,-4.630662e-05,0.0,0.0,0.0,0.0006861934,1.3889707e-05,1.18082335e-05,-0.00034300535,9.277269e-07,-0.00034316242,0.0006861934,9.595976e-06,8.288996e-06,1.8183438e-05,-0.00034300535,5.6781914e-07,1.532747e-05,1.2876346e-06,-0.00034316242
0.6,12,6.4059286,0.0,0.0,0.9986684,-5.5368404e-05,-4.65698e-05,0.0,0.0,0.0,0.0006682469,1.35967675e-05,1.1556935e-05,-0.00033403197,8.9639025e-07,-0.00033418898,0.0006682469,9.39483e-06,8.112755e-06,1.7798706e-05,-0.00033403197,5.439063e-07,1.5001115e-05,1.2488742e-06,-0.00033418898
0.6,12,6.445876,0.0,0.0,0.9986949,-5.44715e-05,-4.6863872e-05,0.0,0.0,0.0,0.0006508947,1.331217e-05,1.131349e-05,-0.00032535972,8.663342e-07,-0.0003255117,0.0006508947,9.199409e-06,7.9421325e-06,1.7424933e-05,-0.00032535972,5.210615e-07,1.4684847e-05,1.2116069e-06,-0.0003255117
0.6,12,6.4858246,0.0,0.0,0.99872017,-5.3787473e-05,-4.6255398e-05,0.0,0.0,0.0,0.0006340958,1.3036462e-05,1.1077411e-05,-0.00031696397,8.374926e-07,-0.00031711205,0.0006340958,9.010023e-06,7.776497e-06,1.7062903e-05,-0.00031696397,4.9924694e-07,1.4378325e-05,1.1757382e-06,-0.00031711205
0.6,12,6.525773,0.0,0.0,0.9987448,-5.306187e-05,-4.5675384e-05,0.0,0.0,0.0,0.0006178437,1.276866e-05,1.084852e-05,-0.00030883454,8.098166e-07,-0.00030898547,0.0006178437,8.82619e-06,7.6160864e-06,1.6711128e-05,-0.00030883454,4.784054e-07,1.4080954e-05,1.1412278e-06,-0.00030898547
0.6,12,6.5657225,0.0,0.0,0.9987688,-5.241697e-05,-4.5130437e-05,0.0,0.0,0.0,0.000602115,1.2509039e-05,1.0626275e-05,-0.000300974,7.8324e-07,-0.00030111734,0.000602115,8.6476075e-06,7.4600384e-06,1.6370472e-05,-0.000300974,4.5847924e-07,1.3792512e-05,1.1080008e-06,-0.00030111734
0.6,12,6.60567,0.0,0.0,0.9987924,-5.1653788e-05,-4.4538545e-05,0.0,0.0,0.0,0.00058686716,1.2257215e-05,1.0410898e-05,-0.00029336175,7.5772937e-07,-0.00029349432,0.00058686716,8.474437e-06,7.308933e-06,1.6039992e-05,-0.00029336175,4.3945164e-07,1.3512862e-05,1.076007e-06,-0.00029349432
0.6,12,6.6456184,0.0,0.0,0.99881506,-5.1029947e-05,-4.4002205e-05,0.0,0.0,0.0,0.00057210884,1.2012206e-05,1.0201768e-05,-0.00028598483,7.332265e-07,-0.0002861152,0.00057210884,8.306141e-06,7.1623103e-06,1.5718271e-05,-0.00028598483,4.2125774e-07,1.3241226e-05,1.0451953e-06,-0.0002861152
0.6,12,6.685567,0.0,0.0,0.99883795,-5.0445968e-05,-4.3392633e-05,0.0,0.0,0.0,0.0005578183,1.1774609e-05,9.998754e-06,-0.00027884514,7.096692e-07,-0.00027896443,0.0005578183,8.142521e-06,7.0198676e-06,1.5406697e-05,-0.00027884514,4.038416e-07,1.2977641e-05,1.0154969e-06,-0.00027896443
0.6,12,6.7255163,0.0,0.0,0.99885947,-4.9847404e-05,-4.2880743e-05,0.0,0.0,0.0,0.00054398243,1.1543506e-05,9.801517e-06,-0.00027192305,6.870307e-07,-0.0002720427,0.00054398243,7.983617e-06,6.881567e-06,1.5103395e-05,-0.00027192305,3.8719529e-07,1.2721468e-05,9.868661e-07,-0.0002720427
0.6,12,6.765464,0.0,0.0,0.99888086,-4.9415183e-05,-4.2403586e-05,0.0,0.0,0.0,0.00053056475,1.1318822e-05,9.610003e-06,-0.0002652194,6.652725e-07,-0.00026533316,0.00053056475,7.828958e-06,6.747163e-06,1.4808685e-05,-0.0002652194,3.7127526e-07,1.2472843e-05,9.592698e-07,-0.00026533316
0.6,12,6.8054123,0.0,0.0,0.99890137,-4.8825746e-05,-4.190206e-05,0.0,0.0,0.0,0.00051756325,1.1100285e-05,9.423795e-06,-0.00025871763,6.4434096e-07,-0.00025883302,0.00051756325,7.678544e-06,6.616416e-06,1.4522026e-05,-0.00025871763,3.5603261e-07,1.2231174e-05,9.3264936e-07,-0.00025883302
0.6,12,6.8453608,0.0,0.0,0.99892145,-4.837825e-05,-4.147113e-05,0.0,0.0,0.0,0.00050496194,1.0888319e-05,9.24298e-06,-0.00025242072,6.242143e-07,-0.00025252797,0.00050496194,7.532485e-06,6.4894703e-06,1.4244152e-05,-0.00025242072,3.4144205e-07,1.1996489e-05,9.069865e-07,-0.00025252797
0.6,12,6.88531,0.0,0.0,0.998941,-4.7815796e-05,-4.0991392e-05,0.0,0.0,0.0,0.00049273553,1.0681593e-05,9.067175e-06,-0.00024631308,6.048475e-07,-0.00024641477,0.00049273553,7.3900837e-06,6.3659973e-06,1.3973103e-05,-0.00024631308,3.274804e-07,1.1768353e-05,8.8221464e-07,-0.00024641477
0.6,12,6.9252577,0.0,0.0,0.99896,-4.7267193e-05,-4.052442e-05,0.0,0.0,0.0,0.0004808939,1.0480752e-05,8.895985e-06,-0.00024038451,5.862074e-07,-0.00024048888,0.0004808939,7.2518847e-06,6.2458635e-06,1.370962e-05,-0.00024038451,3.1410752e-07,1.1546107e-05,8.5830726e-07,-0.00024048888
0.6,12,6.965206,0.0,0.0,0.99897856,-4.6729056e-05,-4.0066298e-05,0.0,0.0,0.0,0.0004693848,1.0285489e-05,8.729528e-06,-0.0002346362,5.682627e-07,-0.00023473674,0.0004693848,7.1172867e-06,6.128951e-06,1.3453691e-05,-0.0002346362,3.0129806e-07,1.1330106e-05,8.3522735e-07,-0.00023473674
0.6,12,7.0051546,0.0,0.0,0.998997,-4.6169767e-05,-3.9280705e-05,0.0,0.0,0.0,0.00045823114,1.0094874e-05,8.567691e-06,-0.00022906261,5.5098576e-07,-0.00022915803,0.00045823114,6.9858784e-06,6.015249e-06,1.3203869e-05,-0.00022906261,2.8902298e-07,1.1120134e-05,8.129486e-07,-0.00022915803
0.6,12,7.045103,0.0,0.0,0.9990147,-4.564375e-05,-3.8838454e-05,0.0,0.0,0.0,0.00044740713,9.909723e-06,8.40998e-06,-0.00022365352,5.3434496e-07,-0.0002237448,0.00044740713,6.858198e-06,5.904612e-06,1.2961248e-05,-0.00022365352,2.7727353e-07,1.0915349e-05,7.9141637e-07,-0.0002237448
0.6,12,7.0850515,0.0,0.0,0.9990319,-4.5135628e-05,-3.8411563e-05,0.0,0.0,0.0,0.0004369106,9.729315e-06,8.256666e-06,-0.00021840382,5.183125e-07,-0.00021849423,0.0004369106,6.7339274e-06,5.7967954e-06,1.2724702e-05,-0.00021840382,2.6600546e-07,1.0716537e-05,7.706195e-07,-0.00021849423
0.6,12,7.125,0.0,0.0,0.99904907,-4.4612338e-05,-3.8306654e-05,0.0,0.0,0.0,0.00042671408,9.553354e-06,8.1072e-06,-0.0002133086,5.028668e-07,-0.00021339241,0.00042671408,6.6126067e-06,5.6919125e-06,1.2494102e-05,-0.0002133086,2.5521084e-07,1.0522488e-05,7.505227e-07,-0.00021339241
0.6,12,7.1649485,0.0,0.0,0.9990655,-4.4128967e-05,-3.7885642e-05,0.0,0.0,0.0,0.00041681062,9.382418e-06,7.9618585e-06,-0.00020835821,4.879788e-07,-0.00020844297,0.00041681062,6.4946857e-06,5.5897376e-06,1.227015e-05,-0.00020835821,2.4486198e-07,1.0333979e-05,7.310956e-07,-0.00020844297
0.6,12,7.204897,0.0,0.0,0.9990816,-4.363572e-05,-3.7475533e-05,0.0,0.0,0.0,0.0004071943,9.21545e-06,7.820052e-06,-0.0002035525,4.7362354e-07,-0.00020363819,0.0004071943,6.37941e-06,5.4900565e-06,1.205149e-05,-0.0002035525,2.3493071e-07,1.0150048e-05,7.1231636e-07,-0.00020363819
0.6,12,7.2448454,0.0,0.0,0.9990974,-4.3159544e-05,-3.7065984e-05,0.0,0.0,0.0,0.0003978681,9.052773e-06,7.682013e-06,-0.00019888813,4.597859e-07,-0.00019896588,0.0003978681,6.2671347e-06,5.392945e-06,1.1838411e-05,-0.00019888813,2.2541839e-07,9.971082e-06,6.941534e-07,-0.00019896588
0.6,12,7.284794,0.0,0.0,0.99911314,-4.193999e-05,-3.6476267e-05,0.0,0.0,0.0,0.00038879935,8.8942315e-06,7.547298e-06,-0.00019435635,4.464404e-07,-0.00019443165,0.00038879935,6.157837e-06,5.29829e-06,1.1630626e-05,-0.00019435635,2.1629457e-07,9.796307e-06,6.7658624e-07,-0.00019443165
0.6,12,7.3247423,0.0,0.0,0.99912816,-4.1497293e-05,-3.6086825e-05,0.0,0.0,0.0,0.00037998622,8.739535e-06,7.4161476e-06,-0.00018995025,4.3355996e-07,-0.00019002854,0.00037998622,6.0509283e-06,5.2061896e-06,1.1428141e-05,-0.00018995025,2.0753305e-07,9.626106e-06,6.595869e-07,-0.00019002854
0.6,12,7.36469,0.0,0.0,0.9991428,-4.1062878e-05,-3.570752e-05,0.0,0.0,0.0,0.0003714278,8.589032e-06,7.288105e-06,-0.0001856697,4.211363e-07,-0.00018574721,0.0003714278,5.946907e-06,5.1161683e-06,1.1231157e-05,-0.0001856697,1.99134e-07,9.460042e-06,6.431386e-07,-0.00018574721
0.6,12,7.4046392,0.0,0.0,0.9991572,-4.0631658e-05,-3.532925e-05,0.0,0.0,0.0,0.00036310405,8.441761e-06,7.163334e-06,-0.00018151212,4.0914102e-07,-0.00018158625,0.00036310405,5.845241e-06,5.0283625e-06,1.1038281e-05,-0.00018151212,1.9106673e-07,9.2983055e-06,6.272153e-07,-0.00018158625
0.6,12,7.4445877,0.0,0.0,0.9991712,-4.0207637e-05,-3.4957233e-05,0.0,0.0,0.0,0.00035502273,8.298164e-06,7.041652e-06,-0.00017746817,3.9756603e-07,-0.00017753802,0.00035502273,5.746063e-06,4.9428318e-06,1.0850265e-05,-0.00017746817,1.833269e-07,9.140473e-06,6.1180515e-07,-0.00017753802
0.6,12,7.484536,0.0,0.0,0.9991856,-3.9841823e-05,-3.4564044e-05,0.0,0.0,0.0,0.00034715567,8.158168e-06,6.922902e-06,-0.00017353796,3.863824e-07,-0.00017360739,0.00034715567,5.6492554e-06,4.859268e-06,1.0667081e-05,-0.00017353796,1.7589431e-07,8.986535e-06,5.968705e-07,-0.00017360739
0.6,12,7.5244837,0.0,0.0,0.9991991,-3.943036e-05,-3.420474e-05,0.0,0.0,0.0,0.00033951527,8.021375e-06,6.806928e-06,-0.00016971752,3.755874e-07,-0.00016978326,0.00033951527,5.554613e-06,4.777602e-06,1.0488137e-05,-0.00016971752,1.687636e-07,8.836254e-06,5.824112e-07,-0.00016978326
0.6,12,7.564433,0.0,0.0,0.99921215,-3.9025486e-05,-3.3851255e-05,0.0,0.0,0.0,0.00033207692,7.887696e-06,6.6938433e-06,-0.00016600132,3.651558e-07,-0.00016606478,0.00033207692,5.4624998e-06,4.6981104e-06,1.0312891e-05,-0.00016600132,1.6190958e-07,8.689576e-06,5.68402e-07,-0.00016606478
0.6,12,7.6043816,0.0,0.0,0.99922496,-3.863727e-05,-3.3513694e-05,0.0,0.0,0.0,0.00032484785,7.7576215e-06,6.58337e-06,-0.0001623877,3.5507867e-07,-0.0001624481,0.00032484785,5.3725626e-06,4.6203804e-06,1.014268e-05,-0.0001623877,1.5533192e-07,8.54636e-06,5.548254e-07,-0.0001624481
0.6,12,7.64433,0.0,0.0,0.99923784,-3.897971e-05,-3.3315082e-05,0.0,0.0,0.0,0.00031780903,7.630187e-06,6.475537e-06,-0.00015886928,3.453389e-07,-0.00015893049,0.00031780903,5.284326e-06,4.544507e-06,9.976047e-06,-0.00015886928,1.490078e-07,8.406567e-06,5.4167e-07,-0.00015893049
0.6,12,7.6842775,0.0,0.0,0.9992501,-3.8587816e-05,-3.2985125e-05,0.0,0.0,0.0,0.00031096183,7.5058692e-06,6.3701955e-06,-0.00015544627,3.3592832e-07,-0.00015550738,0.00031096183,5.198249e-06,4.4704343e-06,9.81349e-06,-0.00015544627,1.4293568e-07,8.269956e-06,5.2892096e-07,-0.00015550738
0.6,12,7.724227,0.0,0.0,0.9992621,-3.819984e-05,-3.2652773e-05,0.0,0.0,0.0,0.0003042955,7.38433e-06,6.26726e-06,-0.00015211783,3.2682487e-07,-0.00015217703,0.0003042955,5.114188e-06,4.39793e-06,9.654472e-06,-0.00015211783,1.3710473e-07,8.13659e-06,5.16545e-07,-0.00015217703
0.6,12,7.7641754,0.0,0.0,0.99927384,-3.7809652e-05,-3.232696e-05,0.0,0.0,0.0,0.00029781877,7.265635e-06,6.166769e-06,-0.0001488775,3.1802085e-07,-0.00014893294,0.00029781877,5.0319823e-06,4.327284e-06,9.499287e-06,-0.0001488775,1.3148949e-07,8.006254e-06,5.0455225e-07,-0.00014893294
0.6,12,7.804124,0.0,0.0,0.99928534,-3.7422527e-05,-3.199525e-05,0.0,0.0,0.0,0.00029150798,7.149508e-06,6.068473e-06,-0.0001457219,3.0950912e-07,-0.00014577569,0.00029150798,4.951784e-06,4.2580823e-06,9.347232e-06,-0.0001457219,1.2610559e-07,7.8788635e-06,4.9291265e-07,-0.00014577569
0.6,12,7.8440714,0.0,0.0,0.9992966,-3.7062302e-05,-3.1696338e-05,0.0,0.0,0.0,0.00028536606,7.0361502e-06,5.9725166e-06,-0.00014265259,3.0127583e-07,-0.00014270538,0.00028536606,4.8732863e-06,4.190446e-06,9.199014e-06,-0.00014265259,1.2092619e-07,7.754587e-06,4.816255e-07,-0.00014270538
0.6,12,7.884021,0.0,0.0,0.99930763,-3.667968e-05,-3.1371095e-05,0.0,0.0,0.0,0.00027938574,6.925384e-06,5.8786345e-06,-0.00013966285,2.9330843e-07,-0.000139713,0.00027938574,4.796571e-06,4.1244098e-06,9.054196e-06,-0.00013966285,1.15942456e-07,7.632859e-06,4.706744e-07,-0.000139713
0.6,12,7.9239693,0.0,0.0,0.9993184,-3.6317342e-05,-3.106402e-05,0.0,0.0,0.0,0.00027356044,6.8169347e-06,5.786813e-06,-0.00013674943,2.8559657e-07,-0.00013680202,0.00027356044,4.721588e-06,4.059707e-06,8.912281e-06,-0.00013674943,1.11155245e-07,7.5139187e-06,4.600379e-07,-0.00013680202
0.6,12,7.9639177,0.0,0.0,0.999329,-3.596056e-05,-3.0762996e-05,0.0,0.0,0.0,0.00026789375,6.7108963e-06,5.6971194e-06,-0.00013391407,2.7813158e-07,-0.00013396631,0.00026789375,4.6480345e-06,3.9966108e-06,8.773758e-06,-0.00013391407,1.0654815e-07,7.397628e-06,4.49715e-07,-0.00013396631
0.6,12,8.003865,0.0,0.0,0.9993393,-3.5613582e-05,-3.0463327e-05,0.0,0.0,0.0,0.00026236125,6.607156e-06,5.609323e-06,-0.00013115288,2.7090718e-07,-0.00013120164,0.00026236125,4.576239e-06,3.934909e-06,8.638073e-06,-0.00013115288,1.0212025e-07,7.283737e-06,4.396941e-07,-0.00013120164
0.6,12,8.043815,0.0,0.0,0.99934936,-3.510118e-05,-3.0292691e-05,0.0,0.0,0.0,0.0002569788,6.505532e-06,5.523428e-06,-0.0001284615,2.6391166e-07,-0.00012850852,0.0002569788,4.505915e-06,3.8743374e-06,8.505149e-06,-0.0001284615,9.7864344e-08,7.172519e-06,4.2995896e-07,-0.00012850852
0.6,12,8.083763,0.0,0.0,0.99935925,-3.4988137e-05,-3.018651e-05,0.0,0.0,0.0,0.00025173015,6.406436e-06,5.439496e-06,-0.00012583974,2.5713322e-07,-0.00012588412,0.00025173015,4.437157e-06,3.8152193e-06,8.375715e-06,-0.00012583974,9.376515e-08,7.063772e-06,4.205013e-07,-0.00012588412
0.6,12,8.123712,0.0,0.0,0.99936885,-3.4568584e-05,-3.000421e-05,0.0,0.0,0.0,0.00024661797,6.3090943e-06,5.357262e-06,-0.00012328559,2.5056693e-07,-0.00012332787,0.00024661797,4.36967e-06,3.7573627e-06,8.2485185e-06,-0.00012328559,8.981929e-08,6.957162e-06,4.1131457e-07,-0.00012332787
0.6,12,8.163659,0.0,0.0,0.9993783,-3.4332825e-05,-2.9449717e-05,0.0,0.0,0.0,0.0002416389,6.2140098e-06,5.276813e-06,-0.00012079336,2.442096e-07,-0.000120838624,0.0002416389,4.304016e-06,3.7007273e-06,8.124004e-06,-0.00012079336,8.602824e-08,6.8528993e-06,4.0239095e-07,-0.000120838624
0.6,12,8.2036085,0.0,0.0,0.99938774,-3.3770735e-05,-2.9079747e-05,0.0,0.0,0.0,0.00023678257,6.1209707e-06,5.198117e-06,-0.0001183666,2.3804772e-07,-0.000118408105,0.00023678257,4.239443e-06,3.6451916e-06,8.002498e-06,-0.0001183666,8.237863e-08,6.751042e-06,3.9371682e-07,-0.000118408105
0.6,12,8.243557,0.0,0.0,0.99939686,-3.345574e-05,-2.8810311e-05,0.0,0.0,0.0,0.00023204657,6.029696e-06,5.1210213e-06,-0.00011599849,2.3207386e-07,-0.000116041,0.00023204657,4.1762546e-06,3.5910227e-06,7.883138e-06,-0.00011599849,7.886645e-08,6.65102e-06,3.8528125e-07,-0.000116041
0.6,12,8.283505,0.0,0.0,0.9994061,-3.3160664e-05,-2.856517e-05,0.0,0.0,0.0,0.000227428,5.940484e-06,5.0455096e-06,-0.000113690585,2.2628515e-07,-0.00011373253,0.000227428,4.1143126e-06,3.5377386e-06,7.766655e-06,-0.000113690585,7.548263e-08,6.5532804e-06,3.7708767e-07,-0.00011373253
0.6,12,8.323453,0.0,0.0,0.9994149,-3.2854452e-05,-2.8303053e-05,0.0,0.0,0.0,0.00022292274,5.8530723e-06,4.9715914e-06,-0.00011144126,2.2066999e-07,-0.00011148086,0.00022292274,4.0538166e-06,3.4857273e-06,7.652328e-06,-0.00011144126,7.22289e-08,6.4574556e-06,3.691111e-07,-0.00011148086
0.6,12,8.363402,0.0,0.0,0.9994235,-3.254625e-05,-2.8038205e-05,0.0,0.0,0.0,0.00021853406,5.7674815e-06,4.8992697e-06,-0.00010924648,2.1522607e-07,-0.000109285356,0.00021853406,3.9943725e-06,3.4347227e-06,7.54059e-06,-0.00010924648,6.9097695e-08,6.3638167e-06,3.6135444e-07,-0.000109285356
0.6,12,8.403351,0.0,0.0,0.999432,-3.240568e-05,-2.7794295e-05,0.0,0.0,0.0,0.00021425248,5.6836657e-06,4.828375e-06,-0.00010710518,2.0994526e-07,-0.000107142885,0.00021425248,3.9363126e-06,3.384815e-06,7.4310187e-06,-0.00010710518,6.6076765e-08,6.271935e-06,3.5381376e-07,-0.000107142885
0.6,12,8.443298,0.0,0.0,0.9994403,-3.210207e-05,-2.7535409e-05,0.0,0.0,0.0,0.00021007545,5.6014833e-06,4.7588646e-06,-0.00010501621,2.0482639e-07,-0.000105053114,0.00021007545,3.879397e-06,3.335801e-06,7.32357e-06,-0.00010501621,6.317437e-08,6.181928e-06,3.4647843e-07,-0.000105053114
0.6,12,8.483247,0.0,0.0,0.9994485,-3.1808766e-05,-2.7286136e-05,0.0,0.0,0.0,0.00020599652,5.520939e-06,4.6907257e-06,-0.00010297772,1.9985634e-07,-0.00010301538,0.00020599652,3.823373e-06,3.287859e-06,7.218505e-06,-0.00010297772,6.0375854e-08,6.093592e-06,3.3933685e-07,-0.00010301538
0.6,12,8.523196,0.0,0.0,0.9994564,-3.1524785e-05,-2.704608e-05,0.0,0.0,0.0,0.00020202356,5.442045e-06,4.6241707e-06,-0.000100990634,1.9503611e-07,-0.000101025435,0.00020202356,3.7687914e-06,3.2408886e-06,7.115299e-06,-0.000100990634,5.7684375e-08,6.007453e-06,3.3238783e-07,-0.000101025435
0.6,12,8.563145,0.0,0.0,0.9994642,-3.1230888e-05,-2.6794858e-05,0.0,0.0,0.0,0.0001981426,5.3647577e-06,4.558806e-06,-9.905094e-05,1.9035483e-07,-9.908524e-05,0.0001981426,3.715132e-06,3.1948925e-06,7.0143833e-06,-9.905094e-05,5.5088485e-08,5.922719e-06,3.2562116e-07,-9.908524e-05
0.6,12,8.603092,0.0,0.0,0.9994719,-3.0954347e-05,-2.6560563e-05,0.0,0.0,0.0,0.00019435448,5.2889945e-06,4.494698e-06,-9.7155884e-05,1.8581589e-07,-9.719108e-05,0.00019435448,3.6625563e-06,3.1497277e-06,6.915433e-06,-9.7155884e-05,5.2594228e-08,5.8396677e-06,3.1903755e-07,-9.719108e-05
0.6,12,8.643041,0.0,0.0,0.9994794,-3.0668347e-05,-2.6316573e-05,0.0,0.0,0.0,0.00019065753,5.2145397e-06,4.4319313e-06,-9.530802e-05,1.8140315e-07,-9.53404e-05,0.00019065753,3.6109477e-06,3.1054506e-06,6.8181316e-06,-9.530802e-05,5.0178688e-08,5.7584125e-06,3.126276e-07,-9.53404e-05
0.6,12,8.68299,0.0,0.0,0.9994868,-3.0397778e-05,-2.6087082e-05,0.0,0.0,0.0,0.00018704646,5.1417956e-06,4.3703703e-06,-9.3503106e-05,1.7712276e-07,-9.353542e-05,0.00018704646,3.5604216e-06,3.0620547e-06,6.7231695e-06,-9.3503106e-05,4.7863754e-08,5.6786857e-06,3.0638176e-07,-9.353542e-05
0.6,12,8.722939,0.0,0.0,0.99949396,-3.0129573e-05,-2.585924e-05,0.0,0.0,0.0,0.00018351874,5.0703484e-06,4.3098744e-06,-9.1739494e-05,1.7296203e-07,-9.177245e-05,0.00018351874,3.5108255e-06,3.019484e-06,6.629871e-06,-9.1739494e-05,4.562553e-08,5.6002646e-06,3.0029852e-07,-9.177245e-05
0.6,12,8.762886,0.0,0.0,0.99950117,-2.9864546e-05,-2.5634556e-05,0.0,0.0,0.0,0.00018008039,5.0002304e-06,4.2507754e-06,-9.002058e-05,1.6892778e-07,-9.005146e-05,0.00018008039,3.4621964e-06,2.9777768e-06,6.5382646e-06,-9.002058e-05,4.347605e-08,5.5237742e-06,2.943795e-07,-9.005146e-05
0.6,12,8.8028345,0.0,0.0,0.9995081,-2.9595321e-05,-2.5404433e-05,0.0,0.0,0.0,0.00017671463,4.93156e-06,4.192627e-06,-8.83399e-05,1.6500196e-07,-8.837075e-05,0.00017671463,3.4146312e-06,2.9368482e-06,6.448489e-06,-8.83399e-05,4.140444e-08,5.4484053e-06,2.885995e-07,-8.837075e-05
0.6,12,8.842784,0.0,0.0,0.99951494,-2.9335604e-05,-2.5184208e-05,0.0,0.0,0.0,0.0001734337,4.864143e-06,4.1355916e-06,-8.6699016e-05,1.6118975e-07,-8.672909e-05,0.0001734337,3.3677838e-06,2.896612e-06,6.360503e-06,-8.6699016e-05,3.9404473e-08,5.3745716e-06,2.82975e-07,-8.672909e-05
0.6,12,8.882732,0.0,0.0,0.9995217,-2.9085695e-05,-2.4972682e-05,0.0,0.0,0.0,0.00017022599,4.798074e-06,4.0798554e-06,-8.5096326e-05,1.5748687e-07,-8.5124775e-05,0.00017022599,3.321887e-06,2.8573784e-06,6.274261e-06,-8.5096326e-05,3.7477975e-08,5.3023323e-06,2.7749576e-07,-8.5124775e-05
0.6,12,8.92268,0.0,0.0,0.9995282,-2.8832008e-05,-2.4757368e-05,0.0,0.0,0.0,0.00016709103,4.733142e-06,4.0249133e-06,-8.352918e-05,1.5388628e-07,-8.35571e-05,0.00016709103,3.2768348e-06,2.818633e-06,6.189449e-06,-8.352918e-05,3.562224e-08,5.231194e-06,2.7215032e-07,-8.35571e-05
0.6,12,8.962628,0.0,0.0,0.9995346,-2.8568813e-05,-2.4530838e-05,0.0,0.0,0.0,0.00016403002,4.669463e-06,3.971089e-06,-8.1997976e-05,1.503868e-07,-8.202788e-05,0.00016403002,3.2326375e-06,2.7806893e-06,6.106289e-06,-8.1997976e-05,3.383425e-08,5.161489e-06,2.6693934e-07,-8.202788e-05
0.6,12,9.002578,0.0,0.0,0.99954104,-2.833578e-05,-2.4335031e-05,0.0,0.0,0.0,0.00016103905,4.6070086e-06,3.918376e-06,-8.050337e-05,1.4698728e-07,-8.053209e-05,0.00016103905,3.1893278e-06,2.7435385e-06,6.0246894e-06,-8.050337e-05,3.2113707e-08,5.0932135e-06,2.6186083e-07,-8.053209e-05
0.6,12,9.042526,0.0,0.0,0.99954724,-2.8095654e-05,-2.4131257e-05,0.0,0.0,0.0,0.00015811654,4.5457077e-06,3.866513e-06,-7.90432e-05,1.4367889e-07,-7.9070756e-05,0.00015811654,3.1467678e-06,2.7070053e-06,5.944648e-06,-7.90432e-05,3.0448692e-08,5.0260205e-06,2.569091e-07,-7.9070756e-05
0.6,12,9.082474,0.0,0.0,0.9995534,-2.783914e-05,-2.390936e-05,0.0,0.0,0.0,0.00015526095,4.4855005e-06,3.8156286e-06,-7.761441e-05,1.4046189e-07,-7.764159e-05,0.00015526095,3.1049478e-06,2.6711245e-06,5.866053e-06,-7.761441e-05,2.8847559e-08,4.960133e-06,2.5207623e-07,-7.764159e-05
0.6,12,9.122422,0.0,0.0,0.99955934,-2.7619291e-05,-2.3726474e-05,0.0,0.0,0.0,0.00015246889,4.4262733e-06,3.7656407e-06,-7.621984e-05,1.3733369e-07,-7.624529e-05,0.00015246889,3.063824e-06,2.6358803e-06,5.7887223e-06,-7.621984e-05,2.7304344e-08,4.895401e-06,2.4736303e-07,-7.624529e-05
0.6,12,9.162372,0.0,0.0,0.9995653,-2.7380938e-05,-2.3521834e-05,0.0,0.0,0.0,0.00014973864,4.3683103e-06,3.7166035e-06,-7.485541e-05,1.3429062e-07,-7.488068e-05,0.00014973864,3.023608e-06,2.601374e-06,5.713013e-06,-7.485541e-05,2.5817737e-08,4.831833e-06,2.427635e-07,-7.488068e-05
0.6,12,9.20232,0.0,0.0,0.9995711,-2.7156419e-05,-2.333204e-05,0.0,0.0,0.0,0.00014707084,4.3114474e-06,3.6685174e-06,-7.352136e-05,1.313294e-07,-7.3545874e-05,0.00014707084,2.984125e-06,2.567445e-06,5.63877e-06,-7.352136e-05,2.4379192e-08,4.7695894e-06,2.3827961e-07,-7.3545874e-05
0.6,12,9.242268,0.0,0.0,0.99957734,-2.44677e-05,-2.0675609e-05,0.0,0.0,0.0,0.00014446114,4.255435e-06,3.62117e-06,-7.221728e-05,1.2845057e-07,-7.224115e-05,0.00014446114,2.9451928e-06,2.5341446e-06,5.565678e-06,-7.221728e-05,2.3000975e-08,4.7081953e-06,2.3390015e-07,-7.224115e-05
0.6,12,9.282216,0.0,0.0,0.9995829,-2.4273611e-05,-2.0522411e-05,0.0,0.0,0.0,0.00014191236,4.200454e-06,3.5747428e-06,-7.0941765e-05,1.2564652e-07,-7.096553e-05,0.00014191236,2.9069902e-06,2.501386e-06,5.4939173e-06,-7.0941765e-05,2.1664313e-08,4.6480995e-06,2.2962874e-07,-7.096553e-05
0.6,12,9.3221655,0.0,0.0,0.9995884,-2.4102785e-05,-2.038553e-05,0.0,0.0,0.0,0.00013941857,4.1465673e-06,3.5291807e-06,-6.969261e-05,1.2291906e-07,-6.9717426e-05,0.00013941857,2.8695736e-06,2.4692868e-06,5.423561e-06,-6.969261e-05,2.037983e-08,4.5890747e-06,2.2545831e-07,-6.9717426e-05
0.6,12,9.362114,0.0,0.0,0.99959373,-2.3920087e-05,-2.023462e-05,0.0,0.0,0.0,0.00013697785,4.093595e-06,3.4843483e-06,-6.847398e-05,1.2026395e-07,-6.8497386e-05,0.00013697785,2.8327668e-06,2.437683e-06,5.3544236e-06,-6.847398e-05,1.9142897e-08,4.5310135e-06,2.21385e-07,-6.8497386e-05
0.6,12,9.402061,0.0,0.0,0.9995999,-2.342235e-05,-2.0038122e-05,0.0,0.0,0.0,0.00013459021,4.0414925e-06,3.4403508e-06,-6.728073e-05,1.17677544e-07,-6.7302324e-05,0.00013459021,2.7965734e-06,2.4066512e-06,5.286412e-06,-6.728073e-05,1.794616e-08,4.4740505e-06,2.1740892e-07,-6.7302324e-05
0.6,12,9.44201,0.0,0.0,0.9996051,-2.3259974e-05,-1.9901256e-05,0.0,0.0,0.0,0.00013225568,3.9902507e-06,3.3970673e-06,-6.611403e-05,1.1516164e-07,-6.613591e-05,0.00013225568,2.7610056e-06,2.376187e-06,5.219496e-06,-6.611403e-05,1.6794424e-08,4.4179474e-06,2.1352886e-07,-6.613591e-05
0.6,12,9.481959,0.0,0.0,0.9996102,-2.3198494e-05,-1.9642757e-05,0.0,0.0,0.0,0.00012997279,3.9400566e-06,3.3545698e-06,-6.4972264e-05,1.1271018e-07,-6.4994674e-05,0.00012997279,2.726109e-06,2.3462762e-06,5.1540037e-06,-6.4972264e-05,1.5685268e-08,4.3628634e-06,2.0973509e-07,-6.4994674e-05
0.6,12,9.521908,0.0,0.0,0.99961567,-2.5163512e-05,-2.1606165e-05,0.0,0.0,0.0,0.00012773681,3.8906396e-06,3.3128213e-06,-6.385492e-05,1.10322915e-07,-6.387679e-05,0.00012773681,2.6918058e-06,2.3168002e-06,5.0894732e-06,-6.385492e-05,1.4613559e-08,4.3088426e-06,2.0603227e-07,-6.387679e-05
0.6,12,9.561855,0.0,0.0,0.99962056,-2.4961131e-05,-2.1434187e-05,0.0,0.0,0.0,0.00012554917,3.84209e-06,3.271779e-06,-6.2761785e-05,1.07997856e-07,-6.278356e-05,0.00012554917,2.6580421e-06,2.2879133e-06,5.0261374e-06,-6.2761785e-05,1.3580346e-08,4.2556444e-06,2.0241536e-07,-6.278356e-05
0.6,12,9.601804,0.0,0.0,0.99962544,-2.475752e-05,-2.1260843e-05,0.0,0.0,0.0,0.00012340855,3.7944037e-06,3.231371e-06,-6.169204e-05,1.05733754e-07,-6.1712875e-05,0.00012340855,2.6249427e-06,2.2594236e-06,4.9638647e-06,-6.169204e-05,1.2588541e-08,4.2033184e-06,1.9887896e-07,-6.1712875e-05
0.6,12,9.641753,0.0,0.0,0.99963015,-2.45668e-05,-2.1099757e-05,0.0,0.0,0.0,0.0001213139,3.7475018e-06,3.1917953e-06,-6.0645645e-05,1.0352552e-07,-6.066598e-05,0.0001213139,2.592401e-06,2.2316033e-06,4.9026025e-06,-6.0645645e-05,1.1624441e-08,4.151987e-06,1.9542661e-07,-6.066598e-05
0.6,12,9.681702,0.0,0.0,0.9996348,-2.4373254e-05,-2.093559e-05,0.0,0.0,0.0,0.00011926264,3.7013956e-06,3.1528584e-06,-5.9620823e-05,1.0137616e-07,-5.964023e-05,0.00011926264,2.56036e-06,2.2041115e-06,4.8424313e-06,-5.9620823e-05,1.0702601e-08,4.1016056e-06,1.9204971e-07,-5.964023e-05
0.6,12,9.721649,0.0,0.0,0.9996394,-2.4183877e-05,-2.077564e-05,0.0,0.0,0.0,0.000117256335,3.6560557e-06,3.1144255e-06,-5.8617516e-05,9.92805e-08,-5.863721e-05,0.000117256335,2.52888e-06,2.177106e-06,4.7832314e-06,-5.8617516e-05,9.810898e-09,4.051745e-06,1.8875009e-07,-5.863721e-05
0.6,12,9.761598,0.0,0.0,0.9996439,-2.4006089e-05,-2.0626157e-05,0.0,0.0,0.0,0.000115290095,3.6114652e-06,3.076763e-06,-5.763476e-05,9.7236104e-08,-5.7654004e-05,0.000115290095,2.4979502e-06,2.1505411e-06,4.7249805e-06,-5.763476e-05,8.947553e-09,4.002985e-06,1.8552466e-07,-5.7654004e-05
0.6,12,9.801547,0.0,0.0,0.9996484,-2.3802822e-05,-2.0444324e-05,0.0,0.0,0.0,0.00011336865,3.5676799e-06,3.0396518e-06,-5.6673416e-05,9.524618e-08,-5.6691515e-05,0.00011336865,2.467478e-06,2.1243661e-06,4.667882e-06,-5.6673416e-05,8.118854e-09,3.9549377e-06,1.823735e-07,-5.6691515e-05
0.6,12,9.841495,0.0,0.0,0.9996527,-2.3620927e-05,-2.0297106e-05,0.0,0.0,0.0,0.00011148386,3.5245575e-06,3.0032782e-06,-5.573193e-05,9.330726e-08,-5.5749686e-05,0.00011148386,2.4375377e-06,2.0987736e-06,4.6115774e-06,-5.573193e-05,7.321943e-09,3.9077827e-06,1.7929257e-07,-5.5749686e-05
0.6,12,9.881443,0.0,0.0,0.99965703,-2.3429822e-05,-2.0132997e-05,0.0,0.0,0.0,0.00010964015,3.4821628e-06,2.9674245e-06,-5.4809563e-05,9.141393e-08,-5.482661e-05,0.00010964015,2.4080678e-06,2.0734933e-06,4.556258e-06,-5.4809563e-05,6.5500445e-09,3.8613557e-06,1.7627782e-07,-5.482661e-05
0.6,12,9.9213915,0.0,0.0,0.9996612,-2.3255161e-05,-1.9985077e-05,0.0,0.0,0.0,0.00010783248,3.4405334e-06,2.9321513e-06,-5.3906253e-05,8.956895e-08,-5.3924123e-05,0.00010783248,2.379121e-06,2.048663e-06,4.501946e-06,-5.3906253e-05,5.8059e-09,3.81564e-06,1.73332e-07,-5.3924123e-05
0.6,12,9.961341,0.0,0.0,0.9996654,-2.3063989e-05,-1.9821338e-05,0.0,0.0,0.0,0.000106065396,3.3994488e-06,2.897526e-06,-5.3021726e-05,8.7769955e-08,-5.303928e-05,0.000106065396,2.3506238e-06,2.0242542e-06,4.4482736e-06,-5.3021726e-05,5.091811e-09,3.770798e-06,1.704481e-07,-5.303928e-05
0.6,12,10.001288,0.0,0.0,0.9996695,-2.2905819e-05,-1.969198e-05,0.0,0.0,0.0,0.00010433164,3.3592007e-06,2.8633733e-06,-5.2155265e-05,8.601502e-08,-5.2172676e-05,0.00010433164,2.322594e-06,2.0001826e-06,4.3958075e-06,-5.2155265e-05,4.4025743e-09,3.726564e-06,1.6762746e-07,-5.2172676e-05
0.6,12,10.041237,0.0,0.0,0.9996735,-2.2729206e-05,-1.9538831e-05,0.0,0.0,0.0,0.00010263388,3.3195593e-06,2.8298346e-06,-5.130689e-05,8.4302584e-08,-5.1323772e-05,0.00010263388,2.2950487e-06,1.9765707e-06,4.3440696e-06,-5.130689e-05,3.736964e-09,3.6830984e-06,1.6486821e-07,-5.1323772e-05
0.6,12,10.081185,0.0,0.0,0.9996775,-2.2560607e-05,-1.9396635e-05,0.0,0.0,0.0,0.00010097091,3.280561e-06,2.7968022e-06,-5.0475195e-05,8.2632745e-08,-5.04912e-05,0.00010097091,2.267974e-06,1.9533145e-06,4.2931483e-06,-5.0475195e-05,3.0951655e-09,3.6402898e-06,1.6217032e-07,-5.04912e-05
0.6,12,10.121135,0.0,0.0,0.9996813,-2.2386967e-05,-1.924929e-05,0.0,0.0,0.0,9.934065e-05,3.2421674e-06,2.764281e-06,-4.9660906e-05,8.1003606e-08,-4.9676164e-05,9.934065e-05,2.2412714e-06,1.9304232e-06,4.2430634e-06,-4.9660906e-05,2.4785012e-09,3.5981384e-06,1.5952871e-07,-4.9676164e-05
0.6,12,10.161082,0.0,0.0,0.99968517,-2.2215147e-05,-1.9101932e-05,0.0,0.0,0.0,9.7744494e-05,3.2043408e-06,2.7322967e-06,-4.8862436e-05,7.941317e-08,-4.887781e-05,9.7744494e-05,2.215004e-06,1.9079164e-06,4.193678e-06,-4.8862436e-05,1.8824042e-09,3.5566768e-06,1.5694394e-07,-4.887781e-05
0.6,12,10.201031,0.0,0.0,0.9996889,-2.2044378e-05,-1.8952824e-05,0.0,0.0,0.0,9.6178745e-05,3.1671232e-06,2.7008357e-06,-4.8080365e-05,7.786128e-08,-4.8095535e-05,9.6178745e-05,2.1891856e-06,1.8857226e-06,4.1450608e-06,-4.8080365e-05,1.3087947e-09,3.5159487e-06,1.5441377e-07,-4.8095535e-05
0.6,12,10.240979,0.0,0.0,0.9996926,-2.1869044e-05,-1.8805405e-05,0.0,0.0,0.0,9.464491e-05,3.1305653e-06,2.6699547e-06,-4.7313937e-05,7.634699e-08,-4.7329188e-05,9.464491e-05,2.1637138e-06,1.8639563e-06,4.097417e-06,-4.7313937e-05,7.5680523e-10,3.475953e-06,1.5193719e-07,-4.7329188e-05
0.6,12,10.280929,0.0,0.0,0.9996963,-2.1718874e-05,-1.8678944e-05,0.0,0.0,0.0,9.3142415e-05,3.0944825e-06,2.6394143e-06,-4.656243e-05,7.486839e-08,-4.657712e-05,9.3142415e-05,2.1386948e-06,1.8424932e-06,4.05027e-06,-4.656243e-05,2.252694e-10,3.4363354e-06,1.4951151e-07,-4.657712e-05
0.6,12,10.320876,0.0,0.0,0.9996999,-2.1554597e-05,-1.8539056e-05,0.0,0.0,0.0,9.166829e-05,3.0590932e-06,2.6094315e-06,-4.5825607e-05,7.342511e-08,-4.584034e-05,9.166829e-05,2.1140927e-06,1.8213871e-06,4.0040936e-06,-4.5825607e-05,-2.8902716e-10,3.397476e-06,1.4713925e-07,-4.584034e-05
0.6,12,10.360825,0.0,0.0,0.9997034,-2.1402702e-05,-1.8412464e-05,0.0,0.0,0.0,9.022471e-05,3.024207e-06,2.5798786e-06,-4.5103567e-05,7.2016455e-08,-4.5117955e-05,9.022471e-05,2.0898733e-06,1.8005593e-06,3.9585407e-06,-4.5103567e-05,-7.833743e-10,3.359198e-06,1.4481628e-07,-4.5117955e-05
0.6,12,10.400773,0.0,0.0,0.99970686,-2.1239795e-05,-1.8271206e-05,0.0,0.0,0.0,8.8808534e-05,2.9898774e-06,2.5508152e-06,-4.4395667e-05,7.064227e-08,-4.4410703e-05,8.8808534e-05,2.0660107e-06,1.7801186e-06,3.9137444e-06,-4.4395667e-05,-1.25861e-09,3.3215117e-06,1.4254316e-07,-4.4410703e-05
0.6,12,10.440722,0.0,0.0,0.99971026,-2.1088128e-05,-1.8143359e-05,0.0,0.0,0.0,8.742069e-05,2.9560251e-06,2.5221934e-06,-4.3702414e-05,6.9297414e-08,-4.3716336e-05,8.742069e-05,2.0424955e-06,1.7599143e-06,3.869555e-06,-4.3702414e-05,-1.7184144e-09,3.2844728e-06,1.4031325e-07,-4.3716336e-05
0.6,12,10.48067,0.0,0.0,0.99971366,-2.0929685e-05,-1.8007742e-05,0.0,0.0,0.0,8.605903e-05,2.9227322e-06,2.4939793e-06,-4.302158e-05,6.798685e-08,-4.303606e-05,8.605903e-05,2.0193609e-06,1.7400787e-06,3.8261037e-06,-4.302158e-05,-2.157464e-09,3.24788e-06,1.3813117e-07,-4.303606e-05
0.6,12,10.520618,0.0,0.0,0.999717,-2.076895e-05,-1.7869424e-05,0.0,0.0,0.0,8.472479e-05,2.889944e-06,2.4662133e-06,-4.2354495e-05,6.67043e-08,-4.2368276e-05,8.472479e-05,1.996579e-06,1.7205936e-06,3.7833088e-06,-4.2354495e-05,-2.58382e-09,3.211833e-06,1.3599242e-07,-4.2368276e-05
0.6,12,10.560567,0.0,0.0,0.9997203,-2.0632191e-05,-1.7754854e-05,0.0,0.0,0.0,8.341619e-05,2.8576198e-06,2.438905e-06,-4.1700478e-05,6.5452504e-08,-4.171421e-05,8.341619e-05,1.9741829e-06,1.7013433e-06,3.7410568e-06,-4.1700478e-05,-2.9914515e-09,3.1764666e-06,1.3389646e-07,-4.171421e-05
0.6,12,10.600516,0.0,0.0,0.99972343,-2.0474447e-05,-1.7620678e-05,0.0,0.0,0.0,8.2132974e-05,2.8258355e-06,2.411895e-06,-4.1059167e-05,6.4229816e-08,-4.1072115e-05,8.2132974e-05,1.952101e-06,1.6823609e-06,3.6995698e-06,-4.1059167e-05,-3.3857321e-09,3.141429e-06,1.3184537e-07,-4.1072115e-05
0.6,12,10.640464,0.0,0.0,0.9997266,-2.0328693e-05,-1.7495857e-05,0.0,0.0,0.0,8.087431e-05,2.794549e-06,2.3854445e-06,-4.0430128e-05,6.3034925e-08,-4.0441926e-05,8.087431e-05,1.9303375e-06,1.6637161e-06,3.65876e-06,-4.0430128e-05,-3.7648693e-09,3.1071727e-06,1.2983472e-07,-4.0441926e-05
0.6,12,10.680412,0.0,0.0,0.99972975,-2.0178186e-05,-1.7366929e-05,0.0,0.0,0.0,7.964092e-05,2.7636647e-06,2.3593018e-06,-3.981281e-05,6.186776e-08,-3.982451e-05,7.964092e-05,1.9088836e-06,1.6453413e-06,3.618446e-06,-3.981281e-05,-4.130082e-09,3.0732624e-06,1.278656e-07,-3.982451e-05
0.6,12,10.720361,0.0,0.0,0.9997335,-1.9742045e-05,-1.6956259e-05,0.0,0.0,0.0,7.842855e-05,2.7333251e-06,2.3335979e-06,-3.920727e-05,6.072605e-08,-3.921957e-05,7.842855e-05,1.8877992e-06,1.6272198e-06,3.5788512e-06,-3.920727e-05,-4.480528e-09,3.039976e-06,1.2593263e-07,-3.921957e-05
0.6,12,10.76031,0.0,0.0,0.99973726,-1.9866644e-05,-1.6461663e-05,0.0,0.0,0.0,7.724076e-05,2.7034193e-06,2.3082514e-06,-3.8613132e-05,5.961045e-08,-3.8624767e-05,7.724076e-05,1.867011e-06,1.6094e-06,3.5398275e-06,-3.8613132e-05,-4.819078e-09,3.0071028e-06,1.2403997e-07,-3.8624767e-05
0.6,12,10.800258,0.0,0.0,0.99974096,-1.9364345e-05,-1.6623579e-05,0.0,0.0,0.0,7.607532e-05,2.6739026e-06,2.2832696e-06,-3.8029873e-05,5.852132e-08,-3.8042424e-05,7.607532e-05,1.8465296e-06,1.5918245e-06,3.5012756e-06,-3.8029873e-05,-5.14296e-09,2.9747148e-06,1.221856e-07,-3.8042424e-05
0.6,12,10.840206,0.0,0.0,0.9997439,-1.9238529e-05,-1.6518736e-05,0.0,0.0,0.0,7.493151e-05,2.644875e-06,2.2587062e-06,-3.74579e-05,5.745637e-08,-3.7470065e-05,7.493151e-05,1.8263585e-06,1.5745385e-06,3.4633915e-06,-3.74579e-05,-5.454836e-09,2.9428738e-06,1.2036757e-07,-3.7470065e-05
0.6,12,10.880155,0.0,0.0,0.9997475,-1.938495e-05,-1.6686543e-05,0.0,0.0,0.0,7.3810086e-05,2.6162825e-06,2.234433e-06,-3.689756e-05,5.641462e-08,-3.690923e-05,7.3810086e-05,1.8065157e-06,1.5574772e-06,3.4260493e-06,-3.689756e-05,-5.755407e-09,2.9113885e-06,1.18584644e-07,-3.690923e-05
0.6,12,10.920103,0.0,0.0,0.9997503,-1.9262547e-05,-1.6576952e-05,0.0,0.0,0.0,7.270821e-05,2.5880636e-06,2.2105323e-06,-3.6346355e-05,5.539591e-08,-3.635876e-05,7.270821e-05,1.7869202e-06,1.54067e-06,3.3892072e-06,-3.6346355e-05,-6.0436167e-09,2.8803945e-06,1.1683543e-07,-3.635876e-05
0.6,12,10.960052,0.0,0.0,0.9997531,-1.9113275e-05,-1.6456515e-05,0.0,0.0,0.0,7.1629394e-05,2.5603454e-06,2.1870133e-06,-3.580596e-05,5.4400054e-08,-3.5818084e-05,7.1629394e-05,1.767642e-06,1.5241174e-06,3.3530487e-06,-3.580596e-05,-6.3214927e-09,2.8499092e-06,1.151216e-07,-3.5818084e-05
0.6,12,11.0,0.0,0.0,0.9997558,-1.8986497e-05,-1.6347327e-05,0.0,0.0,0.0,7.056763e-05,2.5329555e-06,2.1638452e-06,-3.527613e-05,5.3427193e-08,-3.5287194e-05,7.056763e-05,1.7486408e-06,1.5077997e-06,3.3172703e-06,-3.527613e-05,-6.5865007e-09,2.8198906e-06,1.1344089e-07,-3.5287194e-05
1.2,24,-4.5,0.0,0.0,0.9963942,0.00019941531,0.00018714441,0.0,0.0,0.0,-0.0024721944,6.861595e-05,6.396941e-05,0.0012351413,1.0808037e-08,0.001236565,-0.0024721944,4.1510943e-05,3.7953785e-05,9.572095e-05,0.0012351413,-1.3049194e-06,8.9985035e-05,1.3265354e-06,0.001236565
1.2,24,-4.4600515,0.0,0.0,0.99629855,0.0002028069,0.00019071982,0.0,0.0,0.0,-0.002560602,7.0537564e-05,6.575241e-05,0.001279286,1.24861685e-08,0.0012807937,-0.002560602,4.264699e-05,3.8981867e-05,9.8428136e-05,0.001279286,-1.3383711e-06,9.252295e-05,1.3633435e-06,0.0012807937
1.2,24,-4.420103,0.0,0.0,0.99620026,0.00020685373,0.00019350949,0.0,0.0,0.0,-0.0026529608,7.2530565e-05,6.7606525e-05,0.0013254278,1.4225236e-08,0.0013269897,-0.0026529608,4.3825752e-05,4.0050163e-05,0.000101235375,0.0013254278,-1.372989e-06,9.516289e-05,1.4014395e-06,0.0013269897
1.2,24,-4.3801546,0.0,0.0,0.99609804,0.00021073093,0.00019722721,0.0,0.0,0.0,-0.0027495124,7.459815e-05,6.952972e-05,0.0013736826,1.6018816e-08,0.0013753067,-0.0027495124,4.504926e-05,4.115765e-05,0.000104147046,0.0013736826,-1.4089095e-06,9.7901786e-05,1.4409471e-06,0.0013753067
1.2,24,-4.340206,0.0,0.0,0.99599177,0.00021449235,0.00020075294,0.0,0.0,0.0,-0.002850492,7.674695e-05,7.152473e-05,0.001424147,1.7835816e-08,0.0014258426,-0.002850492,4.6318153e-05,4.230519e-05,0.000107175736,0.001424147,-1.4461662e-06,0.00010074427,1.4818378e-06,0.0014258426
1.2,24,-4.3002577,0.0,0.0,0.9958816,0.0002179959,0.0002044504,0.0,0.0,0.0,-0.0029561468,7.897851e-05,7.359728e-05,0.0014769657,1.9642698e-08,0.0014787274,-0.0029561468,4.7635494e-05,4.349806e-05,0.000110321525,0.0014769657,-1.4848904e-06,0.0001036965,1.5241758e-06,0.0014787274
1.2,24,-4.260309,0.0,0.0,0.99576724,0.00022247412,0.0002083301,0.0,0.0,0.0,-0.0030667759,8.1296006e-05,7.575181e-05,0.0015322309,2.1501421e-08,0.0015340897,-0.0030667759,4.9004044e-05,4.4735552e-05,0.000113587965,0.0015322309,-1.5250523e-06,0.00010676806,1.5680552e-06,0.0015340897
1.2,24,-4.2203608,0.0,0.0,0.9956485,0.00022692422,0.00021222243,0.0,0.0,0.0,-0.0031826617,8.370548e-05,7.7990364e-05,0.0015901296,2.3358155e-08,0.0015920468,-0.0031826617,5.0423834e-05,4.602062e-05,0.00011698714,0.0015901296,-1.5668774e-06,0.0001099601,1.6135937e-06,0.0015920468
1.2,24,-4.1804123,0.0,0.0,0.99552554,0.0002313456,0.00021635092,0.0,0.0,0.0,-0.0033040452,8.62125e-05,8.0319594e-05,0.0016507709,2.5251666e-08,0.0016528026,-0.0033040452,5.1903095e-05,4.7357556e-05,0.00012052191,0.0016507709,-1.6103147e-06,0.00011328163,1.660818e-06,0.0016528026
1.2,24,-4.140464,0.0,0.0,0.9954082,0.00026303806,0.00022189053,0.0,0.0,0.0,-0.0034312508,8.88194e-05,8.27395e-05,0.0017143502,2.7152794e-08,0.0017164875,-0.0034312508,5.3440355e-05,4.8745504e-05,0.00012419844,0.0017143502,-1.6554573e-06,0.000116733485,1.7097628e-06,0.0017164875
1.2,24,-4.1005154,0.0,0.0,0.9952761,0.00026883243,0.00022626633,0.0,0.0,0.0,-0.0035647259,9.153635e-05,8.526174e-05,0.0017810147,2.9015325e-08,0.0017832577,-0.0035647259,5.5041317e-05,5.019062e-05,0.00012803137,0.0017810147,-1.7024948e-06,0.00012033286,1.7605255e-06,0.0017832577
1.2,24,-4.060567,0.0,0.0,0.99514896,0.00024930268,0.00023182888,0.0,0.0,0.0,-0.0037046792,9.4358256e-05,8.788733e-05,0.0018509501,3.081135e-08,0.0018532978,-0.0037046792,5.6703535e-05,5.1692314e-05,0.00013201298,0.0018509501,-1.7515122e-06,0.00012408235,1.8131349e-06,0.0018532978
1.2,24,-4.0206184,0.0,0.0,0.99500686,0.00025441768,0.00023652718,0.0,0.0,0.0,-0.0038516147,9.73057e-05,9.061611e-05,0.001924349,3.2600326e-08,0.0019268312,-0.0038516147,5.8436908e-05,5.3256143e-05,0.0001361745,0.001924349,-1.80254e-06,0.00012797608,1.8677407e-06,0.0019268312
1.2,24,-3.9806702,0.0,0.0,0.99485886,0.0002597463,0.00024093199,0.0,0.0,0.0,-0.004005357,0.00010037221,9.3462935e-05,0.0020011817,3.435315e-08,0.0020037352,-0.004005357,6.024301e-05,5.4883487e-05,0.00014050142,0.0020011817,-1.8557554e-06,0.00013204239,1.9244617e-06,0.0020037352
1.2,24,-3.9407218,0.0,0.0,0.99470514,0.00026519987,0.00024593758,0.0,0.0,0.0,-0.004167425,0.000103567916,9.642703e-05,0.0020821493,3.598791e-08,0.0020848287,-0.004167425,6.21234e-05,5.6580153e-05,0.00014501243,0.0020821493,-1.9113147e-06,0.00013627391,1.9832905e-06,0.0020848287
1.2,24,-3.9007733,0.0,0.0,0.9945453,0.00027068544,0.00025153218,0.0,0.0,0.0,-0.004337816,0.00010690052,9.952268e-05,0.0021672912,3.757293e-08,0.0021701076,-0.004337816,6.408089e-05,5.8346548e-05,0.00014972016,0.0021672912,-1.9692657e-06,0.00014069882,2.0444115e-06,0.0021701076
1.2,24,-3.8608248,0.0,0.0,0.99437803,0.0002755741,0.00025679704,0.0,0.0,0.0,-0.004517022,0.00011038243,0.000102750004,0.0022568305,3.894513e-08,0.0022597571,-0.004517022,6.612938e-05,6.0188406e-05,0.00015463548,0.0022568305,-2.0298698e-06,0.0001453116,2.10776e-06,0.0022597571
1.2,24,-3.8208764,0.0,0.0,0.9942049,0.00028155424,0.00026230753,0.0,0.0,0.0,-0.0047055874,0.00011401468,0.00010611627,0.0023509979,4.0153623e-08,0.0023540792,-0.0047055874,6.826176e-05,6.210743e-05,0.0001597676,0.0023509979,-2.0932084e-06,0.00015012511,2.1735157e-06,0.0023540792
1.2,24,-3.780928,0.0,0.0,0.9940234,0.00028878357,0.00026837154,0.0,0.0,0.0,-0.004904139,0.00011780525,0.000109633125,0.0024501563,4.119022e-08,0.002453433,-0.004904139,7.0491435e-05,6.41132e-05,0.00016511905,0.0024501563,-2.159451e-06,0.00015515306,2.2418315e-06,0.002453433
1.2,24,-3.7409794,0.0,0.0,0.9938354,0.00029512847,0.00027426382,0.0,0.0,0.0,-0.005113205,0.00012176484,0.00011330901,0.0025546434,4.19426e-08,0.0025580483,-0.005113205,7.281746e-05,6.620922e-05,0.00017071223,0.0025546434,-2.2289246e-06,0.0001604088,2.3128098e-06,0.0025580483
1.2,24,-3.701031,0.0,0.0,0.9936394,0.00030173615,0.00028031445,0.0,0.0,0.0,-0.0053335093,0.00012590984,0.00011714401,0.0026646676,4.245487e-08,0.0026682941,-0.0053335093,7.524996e-05,6.839453e-05,0.0001765697,0.0026646676,-2.301564e-06,0.00016589348,2.3864739e-06,0.0026682941
1.2,24,-3.6610825,0.0,0.0,0.9934351,0.00030858387,0.00028659913,0.0,0.0,0.0,-0.0055659623,0.00013023842,0.00012115936,0.0027807083,4.263734e-08,0.0027845104,-0.0055659623,7.779091e-05,7.0678376e-05,0.00018268592,0.0027807083,-2.3778275e-06,0.00017164035,2.4631022e-06,0.0027845104
1.2,24,-3.621134,0.0,0.0,0.99322265,0.0003163642,0.0002931766,0.0,0.0,0.0,-0.0058110855,0.00013477098,0.00012535718,0.0029031537,4.234255e-08,0.0029071542,-0.0058110855,8.044995e-05,7.306623e-05,0.00018909201,0.0029031537,-2.4579083e-06,0.00017764815,2.5425934e-06,0.0029071542
1.2,24,-3.5811856,0.0,0.0,0.9930028,0.00032439135,0.0002999674,0.0,0.0,0.0,-0.0060698497,0.0001395108,0.00012975174,0.0030324045,4.1583803e-08,0.0030366157,-0.0060698497,8.3230545e-05,7.556608e-05,0.00019579104,0.0030324045,-2.541951e-06,0.0001839374,2.6251187e-06,0.0030366157
1.2,24,-3.541237,0.0,0.0,0.9927748,0.00032940906,0.0003099879,0.0,0.0,0.0,-0.0063431147,0.00014448029,0.0001343535,0.0031689114,4.022388e-08,0.0031733864,-0.0063431147,8.614384e-05,7.818264e-05,0.00020281674,0.0031689114,-2.6303985e-06,0.00019052434,2.7108463e-06,0.0031733864
1.2,24,-3.5012887,0.0,0.0,0.99253595,0.00033936457,0.0003201069,0.0,0.0,0.0,-0.00663201,0.00014968676,0.00013917212,0.0033131975,3.823982e-08,0.0033179084,-0.00663201,8.9199384e-05,8.091901e-05,0.00021017414,0.0033131975,-2.7233796e-06,0.00019742522,2.7998592e-06,0.0033179084
1.2,24,-3.4613404,0.0,0.0,0.9922939,0.00035750147,0.00032867576,0.0,0.0,0.0,-0.0069373986,0.00015514121,0.00014422918,0.0034657256,3.550656e-08,0.003470747,-0.0069373986,9.239872e-05,8.378786e-05,0.00021788372,0.0034657256,-2.8213524e-06,0.00020467049,2.8923655e-06,0.003470747
1.2,24,-3.421392,0.0,0.0,0.9920337,0.00036829247,0.00033387405,0.0,0.0,0.0,-0.0072604814,0.00016086882,0.00014952547,0.003627152,3.188711e-08,0.0036325117,-0.0072604814,9.575543e-05,8.679969e-05,0.0002259822,0.003627152,-2.924582e-06,0.00021225125,2.9883563e-06,0.0036325117
1.2,24,-3.3814435,0.0,0.0,0.9917528,0.00036660227,0.00034228901,0.0,0.0,0.0,-0.007602707,0.00016688024,0.00015509059,0.0037981141,2.7245392e-08,0.0038037382,-0.007602707,9.9282646e-05,8.995524e-05,0.00023447785,0.0037981141,-3.0336407e-06,0.00022022595,3.0881315e-06,0.0038037382
1.2,24,-3.341495,0.0,0.0,0.991464,0.00037579847,0.0003508541,0.0,0.0,0.0,-0.007963025,0.00017318901,0.00016092398,0.003978537,2.1408937e-08,0.003984435,-0.007963025,0.00010298226,9.3265604e-05,0.00024339577,0.003978537,-3.1487682e-06,0.00022858236,3.191586e-06,0.003984435
1.2,24,-3.3015466,0.0,0.0,0.99116135,0.00038554965,0.00035934465,0.0,0.0,0.0,-0.008347357,0.00017982192,0.00016706425,0.0041705007,1.4166858e-08,0.0041766725,-0.008347357,0.00010687183,9.674631e-05,0.000252772,0.0041705007,-3.2705814e-06,0.00023738219,3.298915e-06,0.0041766725
1.2,24,-3.261598,0.0,0.0,0.99084336,0.00039544306,0.00036861812,0.0,0.0,0.0,-0.008755247,0.00018680391,0.0001735125,0.00437417,5.2848463e-09,0.0043807654,-0.008755247,0.00011096526,0.00010040189,0.00026264257,0.00437417,-3.3995368e-06,0.0002466231,3.4101065e-06,0.0043807654
1.2,24,-3.2216496,0.0,0.0,0.99051064,0.0004053659,0.00037902602,0.0,0.0,0.0,-0.009188214,0.00019413163,0.0001802961,0.0045904783,-5.4263865e-09,0.004597523,-0.009188214,0.00011526563,0.00010424743,0.00027299763,0.0045904783,-3.5362884e-06,0.00025634476,3.5254357e-06,0.004597523
1.2,24,-3.1817012,0.0,0.0,0.9901613,0.00041533203,0.0003889642,0.0,0.0,0.0,-0.009648323,0.00020185234,0.00018742701,0.004820236,-1.8107812e-08,0.004827731,-0.009648323,0.000119795375,0.00010829035,0.0002839093,0.004820236,-3.681323e-06,0.00026656367,3.6451074e-06,0.004827731
1.2,24,-3.1417527,0.0,0.0,0.9897945,0.00042756615,0.0003995931,0.0,0.0,0.0,-0.0101374,0.00020998604,0.00019495065,0.0050645606,-3.3139145e-08,0.005072457,-0.0101374,0.00012457144,0.00011254987,0.00029540065,0.0050645606,-3.8353974e-06,0.00027735144,3.769119e-06,0.005072457
1.2,24,-3.1018043,0.0,0.0,0.98941076,0.00044486503,0.00041126757,0.0,0.0,0.0,-0.010657687,0.00021856531,0.00020287107,0.005324397,-5.1062898e-08,0.0053328457,-0.010657687,0.00012960809,0.00011703899,0.00030752254,0.005324397,-3.9994025e-06,0.00028870316,3.8972767e-06,0.0053328457
1.2,24,-3.0618558,0.0,0.0,0.98900676,0.0004568312,0.00042250444,0.0,0.0,0.0,-0.011211854,0.00022760709,0.00021122434,0.0056011113,-7.212884e-08,0.0056101694,-0.011211854,0.00013491389,0.00012177325,0.00032030029,0.0056011113,-4.1741937e-06,0.00030067543,4.029936e-06,0.0056101694
1.2,24,-3.0219073,0.0,0.0,0.9885838,0.00046345062,0.00043473102,0.0,0.0,0.0,-0.011802188,0.00023715469,0.00022003899,0.0058959927,-9.698442e-08,0.0059056645,-0.011802188,0.00014052143,0.00012676282,0.00033378796,0.0058959927,-4.360619e-06,0.00031331516,4.1666503e-06,0.0059056645
1.2,24,-2.9819589,0.0,0.0,0.98813766,0.0004764881,0.0004468365,0.0,0.0,0.0,-0.012431942,0.0002472342,0.00022934252,0.006210417,-1.2580654e-07,0.0062207705,-0.012431942,0.00014644049,0.00013203341,0.0003480279,0.006210417,-4.5595484e-06,0.00032665164,4.3079353e-06,0.0062207705
1.2,24,-2.9420104,0.0,0.0,0.9876687,0.0004903432,0.00046012565,0.0,0.0,0.0,-0.013103835,0.00025787932,0.0002391657,0.0065460126,-1.5953856e-07,0.006557119,-0.013103835,0.0001527037,0.00013759946,0.00036305495,0.0065460126,-4.772615e-06,0.00034073193,4.4535377e-06,0.006557119
1.2,24,-2.902062,0.0,0.0,0.987174,0.00050465245,0.00047353172,0.0,0.0,0.0,-0.013821643,0.00026915048,0.00024955603,0.0069045206,-1.9883669e-07,0.00691633,-0.013821643,0.0001593233,0.00014349032,0.00037897765,0.0069045206,-5.000758e-06,0.00035562174,4.6030846e-06,0.00691633
1.2,24,-2.8621135,0.0,0.0,0.98665094,0.000519697,0.00048803375,0.0,0.0,0.0,-0.014588973,0.00028107755,0.0002605574,0.00728772,-2.444865e-07,0.0073004873,-0.014588973,0.00016634731,0.00014972322,0.0003958078,0.00728772,-5.2457976e-06,0.0003713916,4.7568246e-06,0.0073004873
1.2,24,-2.822165,0.0,0.0,0.98607916,0.0005222145,0.0005535231,0.0,0.0,0.0,-0.015409915,0.0002936925,0.00027219357,0.00769788,-2.9726175e-07,0.007711454,-0.015409915,0.00017378182,0.00015631977,0.00041360315,0.00769788,-5.508771e-06,0.0003880674,4.9142477e-06,0.007711454
1.2,24,-2.7822165,0.0,0.0,0.9853767,0.000554363,0.00061849266,0.0,0.0,0.0,-0.016283877,0.00030707268,0.0002845429,0.008134852,-3.5860148e-07,0.00814903,-0.016283877,0.00018166057,0.00016332426,0.0004324848,0.008134852,-5.7922603e-06,0.0004057616,5.0750573e-06,0.00814903
1.2,24,-2.742268,0.0,0.0,0.984741,0.00056370074,0.00058576715,0.0,0.0,0.0,-0.017226515,0.00032127814,0.00029760963,0.008605445,-4.295414e-07,0.008620927,-0.017226515,0.00019004212,0.00017074187,0.00045251418,0.008605445,-6.0977995e-06,0.0004244774,5.2387168e-06,0.008620927
1.2,24,-2.7023196,0.0,0.0,0.98407984,0.00058097206,0.00060718844,0.0,0.0,0.0,-0.018238118,0.00033633568,0.00031149585,0.009110434,-5.1158145e-07,0.0091272155,-0.018238118,0.0001989358,0.00017862467,0.00047373553,0.009110434,-6.427651e-06,0.00044436703,5.404488e-06,0.0091272155
1.2,24,-2.6623712,0.0,0.0,0.9833691,0.0006082198,0.0005719366,0.0,0.0,0.0,-0.019324487,0.0003523422,0.00032623735,0.009652957,-6.065263e-07,0.00967092,-0.019324487,0.00020839027,0.00018699499,0.0004962941,0.009652957,-6.785009e-06,0.00046547974,5.5719565e-06,0.00967092
1.2,24,-2.6224227,0.0,0.0,0.9826247,0.00062759215,0.0005897795,0.0,0.0,0.0,-0.020492144,0.00036936413,0.00034188756,0.010236128,-7.162598e-07,0.01025561,-0.020492144,0.00021845884,0.00019588805,0.00052026944,0.010236128,-7.1721515e-06,0.00048788707,5.739632e-06,0.01025561
1.2,24,-2.5824742,0.0,0.0,0.981835,0.00064800377,0.00060920476,0.0,0.0,0.0,-0.021748792,0.00038745,0.0003585457,0.010863458,-8.4305225e-07,0.010884522,-0.021748792,0.0002291684,0.00020535788,0.00054573163,0.010863458,-7.59309e-06,0.00051173347,5.9069853e-06,0.010884522
1.2,24,-2.5425258,0.0,0.0,0.9809977,0.00066960213,0.0006284386,0.0,0.0,0.0,-0.023101961,0.00040671733,0.00037624792,0.011539177,-9.894816e-07,0.011562059,-0.023101961,0.00024058316,0.00021542968,0.0005728515,0.011539177,-8.050957e-06,0.00053706614,6.071994e-06,0.011562059
1.2,24,-2.5025773,0.0,0.0,0.98010826,0.00069757446,0.0006506571,0.0,0.0,0.0,-0.02456142,0.0004272379,0.00039515557,0.012267712,-1.1586399e-06,0.012292275,-0.02456142,0.00025277343,0.00022617559,0.0006017023,0.012267712,-8.550313e-06,0.00056413555,6.2330337e-06,0.012292275
1.2,24,-2.462629,0.0,0.0,0.97916335,0.0007171298,0.00067371846,0.0,0.0,0.0,-0.026135841,0.00044913217,0.00041526562,0.013054159,-1.3545268e-06,0.013080869,-0.026135841,0.00026577414,0.00023764235,0.0006324902,0.013054159,-9.096406e-06,0.0005928889,6.387352e-06,0.013080869
1.2,24,-2.4226806,0.0,0.0,0.97815853,0.00074269675,0.0006975729,0.0,0.0,0.0,-0.0278378,0.00047248096,0.00043673057,0.013903883,-1.5811211e-06,0.013932802,-0.0278378,0.0002796682,0.0002498682,0.0006652937,0.013903883,-9.694759e-06,0.00062359293,6.5325166e-06,0.013932802
1.2,24,-2.3827322,0.0,0.0,0.97709006,0.0007690625,0.0007217772,0.0,0.0,0.0,-0.029678524,0.0004974311,0.00045965373,0.014823048,-1.8427509e-06,0.014854616,-0.029678524,0.0002945376,0.0002629471,0.0007003246,0.014823048,-1.0351168e-05,0.00065636035,6.6656667e-06,0.014854616
1.2,24,-2.3427837,0.0,0.0,0.97595006,0.00079703715,0.0007482143,0.0,0.0,0.0,-0.031659212,0.0005241127,0.00048413532,0.015814373,-2.14606e-06,0.015847899,-0.031659212,0.00031044378,0.0002769273,0.00073778164,0.015814373,-1.1073488e-05,0.00069134333,6.781368e-06,0.015847899
1.2,24,-2.3028352,0.0,0.0,0.9747369,0.0008267242,0.0007777267,0.0,0.0,0.0,-0.0338215,0.0005526161,0.0005103145,0.016893692,-2.497364e-06,0.016930457,-0.0338215,0.00032747633,0.0002918833,0.0007777558,0.016893692,-1.18700145e-05,0.0007287456,6.8752865e-06,0.016930457
1.2,24,-2.2628868,0.0,0.0,0.9734382,0.0008572414,0.0008062651,0.0,0.0,0.0,-0.036169782,0.0005831449,0.0005383294,0.018065352,-2.9045184e-06,0.01810568,-0.036169782,0.0003457307,0.000307894,0.0008205591,0.018065352,-1.2750244e-05,0.0007687649,6.9412076e-06,0.01810568
1.2,24,-2.2229383,0.0,0.0,0.97205114,0.00089037995,0.0008376403,0.0,0.0,0.0,-0.038721878,0.0006158481,0.0005683255,0.019339437,-3.3774395e-06,0.01938337,-0.038721878,0.00036532004,0.00032504892,0.0008663762,0.019339437,-1.3726326e-05,0.00081160216,6.971447e-06,0.01938337
1.2,24,-2.1829898,0.0,0.0,0.9705232,0.0009279979,0.0008511669,0.0,0.0,0.0,-0.041498926,0.000650889,0.0006004716,0.020725783,-3.926403e-06,0.020774053,-0.041498926,0.00038633612,0.00034345017,0.00091544195,0.020725783,-1.4809844e-05,0.0008574931,6.9570383e-06,0.020774053
1.2,24,-2.1430414,0.0,0.0,0.96879256,0.000964184,0.00088188786,0.0,0.0,0.0,-0.044525564,0.00068847055,0.0006349132,0.022236673,-4.564854e-06,0.02228997,-0.044525564,0.000408901,0.0003631762,0.00096804014,0.022236673,-1.6017335e-05,0.0009066502,6.887627e-06,0.02228997
1.2,24,-2.103093,0.0,0.0,0.9670377,0.0010095626,0.00093846855,0.0,0.0,0.0,-0.047827646,0.0007288125,0.0006718756,0.023884889,-5.3079402e-06,0.023943655,-0.047827646,0.0004331308,0.00038435447,0.0010244942,0.023884889,-1.7364555e-05,0.0009593967,6.748674e-06,0.023943655
1.2,24,-2.0631444,0.0,0.0,0.9651831,0.0010481504,0.0009606844,0.0,0.0,0.0,-0.05143529,0.00077210955,0.0007115612,0.025685813,-6.173743e-06,0.025750667,-0.05143529,0.00045919392,0.00040708855,0.0010850251,0.025685813,-1.8872446e-05,0.0010160338,6.52496e-06,0.025750667
1.2,24,-2.023196,0.0,0.0,0.96320266,0.0010896798,0.0010208049,0.0,0.0,0.0,-0.05538399,0.00081861566,0.00075414474,0.027656777,-7.1839313e-06,0.027728442,-0.05538399,0.0004872003,0.00043149962,0.001150031,0.027656777,-2.0565165e-05,0.0010767899,6.197302e-06,0.027728442
1.2,24,-1.9832475,0.0,0.0,0.9610615,0.0011320552,0.0010641204,0.0,0.0,0.0,-0.059710942,0.0008685779,0.0007999376,0.02981643,-8.363577e-06,0.029895397,-0.059710942,0.00051730126,0.00045772464,0.0012198546,0.02981643,-2.2468517e-05,0.0011421505,5.7413627e-06,0.029895397
1.2,24,-1.943299,0.0,0.0,0.95875156,0.0011812189,0.0011104954,0.0,0.0,0.0,-0.06441585,0.0009222405,0.0008490844,0.032173526,-9.742888e-06,0.03226064,-0.06441585,0.0005496463,0.00048589418,0.0012948347,0.032173526,-2.4615028e-05,0.0012122747,5.1292513e-06,0.03226064
1.2,24,-1.9033506,0.0,0.0,0.9562615,0.0012347022,0.0011599917,0.0,0.0,0.0,-0.06963505,0.000979905,0.00090196147,0.034777973,-1.1357453e-05,0.034873758,-0.06963505,0.00058439607,0.0005161594,0.001375414,0.034777973,-2.7041724e-05,0.0012877636,4.3268174e-06,0.034873758
1.2,24,-1.8634021,0.0,0.0,0.95357126,0.0012899433,0.0012128302,0.0,0.0,0.0,-0.075380735,0.0010418625,0.00095877645,0.03764471,-1.3248373e-05,0.037751812,-0.075380735,0.0006217286,0.000548648,0.0014619965,0.03764471,-2.9789695e-05,0.0013689048,3.2929495e-06,0.037751812
1.2,24,-1.8234537,0.0,0.0,0.95066124,0.001350285,0.0012991945,0.0,0.0,0.0,-0.08171445,0.0011083868,0.0010198681,0.040805,-1.5465124e-05,0.040924225,-0.08171445,0.00066173624,0.0005835404,0.0015550372,0.040805,-3.2907683e-05,0.0014561956,1.977434e-06,0.040924225
1.2,24,-1.7835052,0.0,0.0,0.9475241,0.0014115794,0.0013952625,0.0,0.0,0.0,-0.08870816,0.0011797552,0.0010855652,0.044294838,-1.8063347e-05,0.044427715,-0.08870816,0.0007045851,0.0006210322,0.0016549253,0.044294838,-3.644922e-05,0.0015500981,3.225239e-07,0.044427715
1.2,24,-1.7435567,0.0,0.0,0.9441446,0.0014831992,0.0014251621,0.0,0.0,0.0,-0.09644407,0.0012562306,0.0011562216,0.04815461,-2.1108373e-05,0.04830316,-0.09644407,0.00075038814,0.0006612784,0.0017620731,0.04815461,-4.0474057e-05,0.0016511648,-1.7426918e-06,0.04830316
1.2,24,-1.7036083,0.0,0.0,0.94041264,0.0015546615,0.0014480657,0.0,0.0,0.0,-0.105016045,0.0013380459,0.0012322257,0.052430835,-2.467079e-05,0.052596822,-0.105016045,0.0007992393,0.0007045346,0.0018768526,0.052430835,-4.5041e-05,0.0017599167,-4.300579e-06,0.052596822
1.2,24,-1.6636598,0.0,0.0,0.93639165,0.0016450875,0.001521203,0.0,0.0,0.0,-0.11453161,0.0014252453,0.0013140216,0.057177473,-2.8827257e-05,0.05736468,-0.11453161,0.0008510587,0.0007510809,0.001999432,0.057177473,-5.0208917e-05,0.0018769624,-7.445598e-06,0.05736468
1.2,24,-1.6237113,0.0,0.0,0.93197906,0.0017165157,0.0015657995,0.0,2.7871315e-37,-1.4659992e-38,-0.12502775,0.0015180346,0.0014022286,0.06245803,-3.364711e-05,0.06263144,-0.12502775,0.0009058157,0.0008013419,0.0021302535,0.06245803,-5.601428e-05,0.0020031154,-1.1279942e-05,0.06263144
1.2,24,-1.5837629,0.0,0.0,0.9272197,0.0018000598,0.0016776263,-2.6540173e-32,2.9872334e-30,-2.7554378e-31,-0.13679029,0.0016162561,0.0014974568,0.06830679,-3.9175993e-05,0.06854323,-0.13679029,0.0009633334,0.0008558399,0.0022691786,0.06830679,-6.245109e-05,0.0021390736,-1.5900901e-05,0.06854323
1.2,24,-1.5438144,0.0,0.0,0.92194796,0.0018934523,0.0017663678,-3.7874697e-26,4.26316e-24,-3.9327204e-25,-0.14997713,0.001719355,0.0016005142,0.07488656,-4.5393685e-05,0.0751534,-0.14997713,0.0010230769,0.00091510545,0.002415633,0.07488656,-6.9418566e-05,0.0022859229,-2.1368805e-05,0.0751534
1.2,24,-1.503866,0.0,0.0,0.9161559,0.0019912557,0.0018644566,-7.350718e-21,8.2771523e-19,-7.645898e-20,-0.1647579,0.0018263622,0.0017121747,0.082260415,-5.212301e-05,0.082562216,-0.1647579,0.0010840155,0.0009796422,0.002568709,0.082260415,-7.6624936e-05,0.0024447073,-2.7621087e-05,0.082562216
1.2,24,-1.4639175,0.0,0.0,0.909817,0.0020957557,0.0019826426,-1.937126e-16,2.1876176e-14,-2.0412937e-15,-0.18137884,0.0019350253,0.0018321304,0.090552695,-5.888031e-05,0.090892844,-0.18137884,0.0011439235,0.0010486083,0.0027261272,0.090552695,-8.34861e-05,0.0026156525,-3.4274515e-05,0.090892844
1.2,24,-1.423969,0.0,0.0,0.902857,0.0021976465,0.0021068917,-6.8499075e-13,7.904243e-11,-7.917079e-12,-0.20013954,0.0020406628,0.0019565518,0.09991093,-6.462073e-05,0.100297645,-0.20013954,0.0011981527,0.0011173559,0.002883173,0.09991093,-8.899825e-05,0.002795748,-4.0243216e-05,0.100297645
1.2,24,-1.3840206,0.0,0.0,0.89516276,0.0023331007,0.0022156523,-2.9542815e-10,4.0256527e-08,-5.972885e-09,-0.2214403,0.0021337634,0.0020697517,0.110535935,-6.770587e-05,0.11097249,-0.2214403,0.0012367433,0.0011685004,0.0030307837,0.110535935,-9.2047165e-05,0.002971003,-4.3364584e-05,0.11097249
1.2,24,-1.3440721,0.0,0.0,0.8866647,0.002470659,0.0023671968,-3.8054088e-10,3.4754614e-06,-1.4303795e-06,-0.24596144,0.002198458,0.0021216366,0.122772366,-6.8729925e-05,0.12325621,-0.24596144,0.0012443111,0.0011538503,0.0031526047,0.122772366,-9.421147e-05,0.0030894228,-4.3248376e-05,0.12325621
1.2,24,-1.3041236,0.0,0.0,0.8771418,0.002603243,0.00245333,1.2761086e-06,8.5407315e-05,-8.30674e-05,-0.27507058,0.002193376,0.0020162412,0.1373337,-8.110016e-05,0.13774593,-0.27507058,0.0012279651,0.0010193486,0.0031587866,0.1373337,-0.00010461887,0.0030131338,-5.758145e-05,0.13774593
1.2,24,-1.2641754,0.0,0.0,0.8660833,0.0027317817,0.0026634056,1.2887784e-05,0.00064258295,-0.0008226256,-0.31146914,0.0018509799,0.0016850161,0.15566322,-0.00011981713,0.1558208,-0.31146914,0.0012388215,0.00089075125,0.0024631382,0.15566322,-0.00013753789,0.002479281,-0.00010209637,0.1558208
1.2,24,-1.224227,0.0,0.0,0.85372734,0.0028162505,0.0027654464,1.3151118e-05,0.0012570515,-0.0018201795,-0.35754198,0.0012595709,0.001464491,0.17871241,-0.00015291918,0.17886792,-0.35754198,0.0011600816,0.00094379316,0.0013590604,0.17871241,-0.00020772888,0.0019851888,-9.8109485e-05,0.17886792
1.2,24,-1.1842785,0.0,0.0,0.83905894,0.0028592916,0.0028063632,-6.2520885e-06,0.0013792743,-0.0016462577,-0.41252348,0.0011061203,0.0014856956,0.20610149,-0.0001415418,0.20646921,-0.41252348,0.00093217095,0.001058596,0.0012800697,0.20610149,-0.000196698,0.0019127954,-8.638558e-05,0.20646921
1.2,24,-1.14433,0.0,0.0,0.82254845,0.002932943,0.0028854576,-1.8285633e-05,0.0019698017,-0.0016976696,-0.4727373,0.0007559862,0.0010236255,0.23642151,-0.00016241698,0.23637775,-0.4727373,0.0005271487,0.0008471764,0.0009848237,0.23642151,-0.00011359404,0.0012000744,-0.00021123992,0.23637775
1.2,24,-1.1043816,0.0,0.0,0.803608,0.0029820923,0.002969539,-1.5067212e-05,0.0022158555,-0.001570509,-0.53767014,0.0005542078,0.00049828377,0.26889956,4.113888e-05,0.26867327,-0.53767014,0.00027974462,0.00043998458,0.000828671,0.26889956,4.5774223e-06,0.000556583,7.770034e-05,0.26867327
1.2,24,-1.0644331,0.0,0.0,0.7823018,0.0030498386,0.0030132341,7.6148615e-07,0.0010225557,-0.00075277686,-0.6083325,0.0005650846,0.0007222544,0.30365857,0.0002330218,0.30456296,-0.6083325,4.664213e-05,0.00032967987,0.0010835271,0.30365857,0.0002410293,0.001114829,0.00022501429,0.30456296
1.2,24,-1.0244846,0.0,0.0,0.7582309,0.0030931295,0.0030916277,-3.9737615e-06,0.0011377909,-0.002003995,-0.6863152,-0.00062876835,0.00020970988,0.34266472,7.386591e-05,0.34355006,-0.6863152,-0.000606591,-1.5806703e-05,-0.00065094576,0.34266472,0.00016221705,0.00043522645,-1.4485235e-05,0.34355006
1.2,24,-0.9845362,0.0,0.0,0.7310433,0.0030929167,0.0030843783,1.1612915e-05,0.0026301576,-0.0034552799,-0.7729557,-0.0017142864,-0.0012681987,0.38631606,-4.2276456e-06,0.38654876,-0.7729557,-0.0011759253,-0.0009456887,-0.0022526477,0.38631606,3.4144603e-07,-0.0015907089,-8.796737e-06,0.38654876
1.2,24,-0.9445877,0.0,0.0,0.70044076,0.0030370508,0.003008732,4.2115906e-05,0.0026183848,-0.0037599646,-0.8659542,-0.0019754823,-0.0019732355,0.4327862,3.0125448e-05,0.43309134,-0.8659542,-0.0013912016,-0.001705916,-0.002559763,0.4327862,0.00014051364,-0.0022405551,-8.026275e-05,0.43309134
1.2,24,-0.90463924,0.0,0.0,0.6660012,0.0029655555,0.0029846316,2.1176324e-05,0.0032875768,-0.0056073205,-0.9688734,-0.0023872033,-0.0025434238,0.4841388,0.00025003462,0.4846736,-0.9688734,-0.0010508273,-0.001984589,-0.003723579,0.4841388,0.0002739196,-0.0031022588,0.00022614964,0.4846736
1.2,24,-0.8646908,0.0,0.0,0.6275875,0.0028332977,0.0027659326,4.1845933e-06,0.005604764,-0.008592485,-1.0794821,-0.003983263,-0.004056676,0.539475,0.00013758312,0.53971875,-1.0794821,-0.0013428844,-0.0025482,-0.0066236416,0.539475,-0.00021378504,-0.0055651516,0.0004889513,0.53971875
1.2,24,-0.8247423,0.0,0.0,0.5848133,0.0026082245,0.0023910839,3.1130152e-05,0.008911927,-0.011076698,-1.1932571,-0.005671518,-0.005690328,0.5967105,-0.00017531872,0.5962964,-1.1932571,-0.0018401383,-0.002658375,-0.009502897,0.5967105,-0.000629572,-0.00872228,0.00027893457,0.5962964
1.2,24,-0.78479385,0.0,0.0,0.53720987,0.0022843487,0.0020576515,6.526322e-05,0.01135873,-0.013512558,-1.3144329,-0.0064381897,-0.006528449,0.6567909,-3.272834e-05,0.65742475,-1.3144329,-0.0014773022,-0.0025101418,-0.011399077,0.6567909,-0.0001046255,-0.010546756,3.916882e-05,0.65742475
1.2,24,-0.7448454,0.0,0.0,0.48459056,0.0020004674,0.0019205497,4.8180507e-05,0.0076113516,-0.009990237,-1.4416295,-0.005378507,-0.0056365654,0.72006834,0.00058907457,0.7213312,-1.4416295,-0.002542595,-0.0038724395,-0.00821442,0.72006834,0.0009210592,-0.007400691,0.0002570899,0.7213312
1.2,24,-0.7048969,0.0,0.0,0.4267688,0.001968206,0.0019344722,1.3467042e-06,0.0025515507,-0.003694018,-1.5653671,-0.0037459608,-0.004429508,0.78248984,0.0006280864,0.78266126,-1.5653671,-0.004655368,-0.0058416617,-0.0028365534,0.78248984,0.00076721015,-0.0030173545,0.0004889626,0.78266126
1.2,24,-0.66494846,0.0,0.0,0.3637814,0.0020960446,0.001978608,8.916635e-07,0.0011771424,-0.0012099597,-1.6782959,-0.00337372,-0.004358273,0.83903384,0.00048747344,0.83904755,-1.6782959,-0.0056964126,-0.006884192,-0.0010510274,0.83903384,0.00044533607,-0.0018323534,0.0005296108,0.83904755
1.2,24,-0.625,0.0,0.0,0.29600185,0.002237578,0.0021424391,-1.4843176e-06,0.000208739,-0.00016867339,-1.7764423,-0.0040858677,-0.004570679,0.8877002,0.00019788362,0.88851565,-1.7764423,-0.006729262,-0.007231204,-0.0014424731,0.8877002,0.00012712975,-0.0019101542,0.0002686375,0.88851565
1.2,24,-0.5850518,0.0,0.0,0.2232562,0.0023283686,0.0022890824,-1.750073e-05,-5.101318e-05,-1.1821641e-05,-1.8714505,-0.0056384522,-0.006700957,0.9356222,-2.1588248e-05,0.9355846,-1.8714505,-0.008307706,-0.009125409,-0.002969199,0.9356222,-8.422277e-05,-0.0042765057,4.104627e-05,0.9355846
1.2,24,-0.5451031,0.0,0.0,0.14932609,0.0023287607,0.0021991886,-2.2013111e-05,-0.002966377,0.0005915024,-1.7030843,-0.0062839626,-0.0068697473,0.8529477,-5.8789214e-05,0.8499292,-1.7030843,-0.009232966,-0.009989433,-0.0033349593,0.8529477,-4.223928e-05,-0.0037500614,-7.533915e-05,0.8499292
1.2,24,-0.50515485,0.0,0.0,0.09493053,0.00224942,0.0021076167,-3.1474835e-06,-0.004260306,0.00088147237,-0.87299347,-0.0062786723,-0.005809321,0.43703625,8.1327715e-05,0.43605286,-0.87299347,-0.009267311,-0.009162728,-0.0032900344,0.43703625,0.0001212153,-0.0024559142,4.1440122e-05,0.43605286
1.2,24,-0.46520615,0.0,0.0,-0.032710865,0.0019305705,0.0018974543,4.9951176e-08,-0.0007589189,0.00015770787,-0.39824474,-0.0068808175,-0.0068844417,0.19893166,0.00023678323,0.1994074,-0.39824474,-0.009406083,-0.009014515,-0.0043555517,0.19893166,0.00028910066,-0.0047543678,0.00018446581,0.1994074
1.2,24,-0.42525816,0.0,0.0,-0.04883971,0.0014380007,0.001445005,3.150667e-09,-1.8177212e-05,3.7793388e-06,-0.33933523,-0.0071114926,-0.0068492396,0.16958219,0.00031443167,0.16984574,-0.33933523,-0.009508135,-0.008905899,-0.004714851,0.16958219,0.00038773922,-0.004792581,0.00024112411,0.16984574
1.2,24,-0.38530922,0.0,0.0,-0.06217309,0.0008612159,0.00089142565,1.1108552e-11,-5.9126833e-08,1.2299267e-08,-0.31527442,-0.0070960405,-0.006640696,0.1575631,0.0003272841,0.15778416,-0.31527442,-0.009460827,-0.008740899,-0.0047312537,0.1575631,0.0004103046,-0.0045404923,0.00024426356,0.15778416
1.2,24,-0.34536123,0.0,0.0,-0.07294627,0.0002524808,0.00037790305,4.9674336e-15,-2.6163316e-11,5.4383572e-12,-0.28451222,-0.0069325324,-0.0064304294,0.14218429,0.0003084365,0.1423717,-0.28451222,-0.009265896,-0.008516,-0.0045991684,0.14218429,0.00039692692,-0.004344859,0.00021994607,0.1423717
1.2,24,-0.3054123,0.0,0.0,-0.0809765,-0.0002732184,-0.00018880168,2.9933645e-19,-1.5743775e-15,3.2736476e-16,-0.24880959,-0.0066510187,-0.006158768,0.12434086,0.00027713377,0.12446139,-0.24880959,-0.008943778,-0.008206688,-0.004358259,0.12434086,0.00037093787,-0.004110849,0.00018332968,0.12446139
1.2,24,-0.2654643,0.0,0.0,-0.08655153,-0.0007780111,-0.00065513304,2.4516572e-24,-1.2892985e-20,2.6814952e-21,-0.21017161,-0.006284188,-0.0058284914,0.105069205,0.00024278072,0.10510306,-0.21017161,-0.008523512,-0.00782649,-0.0040448643,0.105069205,0.00034341944,-0.003830492,0.00014214199,0.10510306
1.2,24,-0.22551537,0.0,0.0,-0.089697964,-0.0012189858,-0.0009994092,2.7304166e-30,-1.4355775e-26,2.9829985e-27,-0.17067175,-0.0058643627,-0.005461553,0.08537519,0.00020957741,0.085315846,-0.17067175,-0.0080356235,-0.0073999916,-0.0036931017,0.08537519,0.00031870374,-0.003523115,0.00010045107,0.085315846
1.2,24,-0.18556738,0.0,0.0,-0.09119326,-0.0016070374,-0.0015009614,4.1080224e-37,-2.175083e-33,4.5190154e-34,-0.13195953,-0.0054165553,-0.005077933,0.0660593,0.00017903923,0.065920845,-0.13195953,-0.007504852,-0.0069470676,-0.0033282584,0.0660593,0.00029748524,-0.0032087988,6.059322e-05,0.065920845
1.2,24,-0.14561844,0.0,0.0,-0.09102672,-0.0019526628,-0.0018425947,0.0,0.0,0.0,-0.09536456,-0.004956059,-0.004688236,0.047795057,0.00015130495,0.047588065,-0.09536456,-0.0069466885,-0.006477656,-0.0029654303,0.047795057,0.00027865375,-0.002898816,2.3956161e-05,0.047588065
1.2,24,-0.10567045,0.0,0.0,-0.08943051,-0.0022306843,-0.0020903007,0.0,0.0,0.0,-0.061936427,-0.004487379,-0.004292449,0.031107277,0.0001259193,0.030851103,-0.061936427,-0.006366297,-0.005991294,-0.0026084606,0.031107277,0.00026054436,-0.0025936041,-8.705773e-06,0.030851103
1.2,24,-0.06572151,0.0,0.0,-0.08694565,-0.0024634544,-0.0023714774,0.0,0.0,0.0,-0.032676145,-0.0040081083,-0.003882927,0.01649258,0.00010228908,0.016192315,-0.032676145,-0.0057625477,-0.0054801423,-0.0022536688,0.01649258,0.00024169906,-0.0022857112,-3.7120895e-05,0.016192315
1.2,24,-0.025773525,0.0,0.0,-0.08375369,-0.002643012,-0.0025422908,0.0,0.0,0.0,-0.0085143875,-0.0035136098,-0.003448766,0.004434975,7.9983074e-05,0.004100999,-0.0085143875,-0.005133293,-0.00493355,-0.0018939265,0.004434975,0.00022130967,-0.001963982,-6.134352e-05,0.004100999
1.2,24,0.014175415,0.0,0.0,-0.080140494,-0.0027821343,-0.0027191974,0.0,0.0,0.0,0.0096289795,-0.0029991628,-0.0029803002,-0.0046218336,5.883159e-05,-0.0049875737,0.0096289795,-0.0044759274,-0.004342991,-0.0015223983,-0.0046218336,0.00019929357,-0.0016176095,-8.1630395e-05,-0.0049875737
1.2,24,0.0541234,0.0,0.0,-0.07658184,-0.0028821474,-0.002812116,0.0,0.0,0.0,0.02083912,-0.0024642728,-0.00247297,-0.010221036,3.8893595e-05,-0.010611991,0.02083912,-0.0037917695,-0.00370503,-0.001136776,-0.010221036,0.00017615368,-0.0012409098,-9.8366494e-05,-0.010611991
1.2,24,0.09407234,0.0,0.0,-0.07340926,-0.0029293864,-0.0028947075,0.0,0.0,0.0,0.024278665,-0.0019141403,-0.0019285447,-0.01193265,2.0255895e-05,-0.012349647,0.024278665,-0.0030885923,-0.0030228903,-0.0007396883,-0.01193265,0.00015256237,-0.0008341992,-0.00011205058,-0.012349647
1.2,24,0.13402033,0.0,0.0,-0.07108318,-0.0029481626,-0.002857679,0.0,0.0,0.0,0.019134885,-0.0013598077,-0.0013564705,-0.009349262,2.7618153e-06,-0.009797069,0.019134885,-0.0023792475,-0.002307546,-0.000340368,-0.009349262,0.00012877004,-0.00040539488,-0.00012324641,-0.009797069
1.2,24,0.17396927,0.0,0.0,-0.06988672,-0.0028857435,-0.0029141717,-3.4590167e-38,2.1984042e-35,4.5494622e-35,0.004690544,-0.0008179323,-0.0007714076,-0.0021061352,-1.43042525e-05,-0.002592833,0.004690544,-0.0016818676,-0.0015747824,4.6003e-05,-0.0021061352,0.000104016544,3.1967185e-05,-0.00013262505,-0.002592833
1.2,24,0.21391726,0.0,0.0,-0.070423625,-0.0027976555,-0.002897377,-4.7539126e-31,2.5888863e-28,5.3576434e-28,-0.019683769,-0.0003086801,-0.00019126936,0.010103166,-3.2628424e-05,0.009557163,-0.019683769,-0.0010167889,-0.0008432643,0.0003994287,0.010103166,7.563606e-05,0.00046072557,-0.00014089291,0.009557163
1.2,24,0.2538662,0.0,0.0,-0.07313001,-0.0026766919,-0.0029404052,-7.6186786e-25,4.1489711e-22,8.586602e-22,-0.05445457,0.00014567046,0.00036690605,0.02753049,-5.539971e-05,0.026904056,-0.05445457,-0.0004049769,-0.00013060629,0.0006963178,0.02753049,3.7959977e-05,0.0008644184,-0.0001487594,0.026904056
1.2,24,0.29381418,0.0,0.0,-0.079285994,-0.0024925903,-0.0027429797,-1.660462e-19,9.042818e-17,1.8713402e-16,-0.09979333,0.000521783,0.00089124334,0.050257523,-8.836381e-05,0.04950179,-0.09979333,0.00013480679,0.00055052625,0.0009087592,0.050257523,-1.9298335e-05,0.0012319604,-0.00015742928,0.04950179
1.2,24,0.33376312,0.0,0.0,-0.089974105,-0.0023078711,-0.0024118358,-4.924289e-15,2.681543e-12,5.549902e-12,-0.15519117,0.0007990857,0.0013801032,0.078046545,-0.00014189459,0.07708172,-0.15519117,0.0005941596,0.001194678,0.0010040118,0.078046545,-0.000113284994,0.0015655282,-0.0001705042,0.07708172
1.2,24,0.3737111,0.0,0.0,-0.105070755,-0.0020709103,-0.0020112877,-1.9865058e-11,1.0814096e-08,2.2383425e-08,-0.21882245,0.00096438895,0.001850735,0.11004019,-0.00023677388,0.10871507,-0.21882245,0.0009914187,0.001803209,0.0009373592,0.11004019,-0.0002711462,0.0018982611,-0.00020240157,0.10871507
1.2,24,0.41366005,0.0,0.0,-0.124394424,-0.0018743651,-0.0016839596,-1.0916004e-08,5.9286267e-06,1.2282072e-05,-0.2867537,0.0010272124,0.002358962,0.14429952,-0.00043177448,0.14241317,-0.2867537,0.0014227184,0.002366909,0.00063170627,0.14429952,-0.0005464515,0.002351015,-0.00031709744,0.14241317
1.2,24,0.45360804,0.0,0.0,-0.14878741,-0.001688109,-0.0012837774,-8.229363e-07,0.00043934453,0.00091610407,-0.3662478,0.0016176875,0.002767311,0.18437262,-0.00087996,0.18184678,-0.3662478,0.0023907605,0.002664785,0.00084461446,0.18437262,-0.001048569,0.0028698372,-0.0007113511,0.18184678
1.2,24,0.49355698,0.0,0.0,-0.17996833,-0.0014321911,-0.001126562,-8.966849e-06,0.0042240797,0.009254832,-0.6593984,0.006823086,0.0017179901,0.33093703,-0.000771698,0.32827422,-0.6593984,0.00506427,0.0024965655,0.008581903,0.33093703,-0.0009370083,0.0009394149,-0.00060638774,0.32827422
1.2,24,0.53350496,0.0,0.0,-0.08152302,-0.0008251448,-0.0010288769,-1.8599032e-05,0.0034189308,0.0122976275,-1.3827254,0.009002533,0.005086099,0.69257337,0.001790564,0.6908791,-1.3827254,0.006184445,0.0061657485,0.011820621,0.69257337,0.0016342088,0.004006449,0.0019469194,0.6908791
1.2,24,0.5734539,0.0,0.0,-0.15532294,-0.00048917223,-0.00072271994,-1.2099039e-05,-0.002703307,0.0016373324,-1.6323634,0.0036966698,0.009770231,0.8167818,0.0029158257,0.8162727,-1.6323634,0.004766718,0.009867968,0.0026266219,0.8167818,0.003043564,0.009672494,0.0027880876,0.8162727
1.2,24,0.6134019,0.0,0.0,-0.22512545,-0.00041259895,-0.00044198544,-1.9208494e-06,-0.000699456,-8.4996194e-05,-1.394424,0.0044554034,0.0062139393,0.69745517,0.0022096552,0.69761026,-1.394424,0.0056731063,0.0071821124,0.003237701,0.69745517,0.0026384913,0.005245766,0.0017808191,0.69761026
1.2,24,0.65335083,0.0,0.0,-0.28097895,-0.00023794564,-0.00031729296,4.862359e-08,-1.8959747e-05,-3.3598485e-06,-1.0284342,0.0063237334,0.0056124977,0.51428026,0.0002905498,0.5147186,-1.0284342,0.0071614813,0.006122922,0.005485985,0.51428026,0.0007774522,0.0051020733,-0.00019635262,0.5147186
1.2,24,0.6932988,0.0,0.0,-0.31950736,6.138289e-05,-0.00015122101,1.3532164e-07,-5.8973944e-07,2.4908928e-07,-0.58238417,0.007629319,0.0064011416,0.29111266,-0.0024539116,0.29120076,-0.58238417,0.008044236,0.006343476,0.0072144014,0.29111266,-0.002250275,0.0064588073,-0.002657548,0.29120076
1.2,24,0.7332473,0.0,0.0,-0.33884087,0.00033033508,0.0001444772,2.5774806e-08,-1.01934646e-07,5.15599e-08,-0.09567884,0.007814697,0.005936363,0.048338495,-0.0037806379,0.04733077,-0.09567884,0.008159977,0.005913238,0.007469417,0.048338495,-0.00395018,0.0059594875,-0.003611096,0.04733077
1.2,24,0.77319574,0.0,0.0,-0.3375659,0.0005971559,0.00033118998,7.946102e-09,6.808602e-10,-7.495889e-10,0.38454592,0.0073306514,0.004645191,-0.19106223,-0.00335795,-0.1935167,0.38454592,0.008120653,0.005187476,0.006540649,-0.19106223,-0.003677822,0.0041029067,-0.0030380778,-0.1935167
1.2,24,0.8131442,0.0,0.0,-0.31714046,0.00084806187,0.00039514812,6.1149285e-07,3.119018e-07,-2.9873794e-07,0.82229376,0.00690672,0.0036040086,-0.40939933,-0.0026888796,-0.41293412,0.82229376,0.008507739,0.0047561075,0.0053057014,-0.40939933,-0.00282665,0.0024519097,-0.0025511093,-0.41293412
1.2,24,0.8530927,0.0,0.0,-0.27956253,0.0010424575,0.00051528984,6.2483623e-06,3.5257308e-06,-3.2595171e-06,1.1991689,0.006166496,0.003375496,-0.5980498,-0.0026405226,-0.60105723,1.1991689,0.0087420745,0.0044391453,0.003590917,-0.5980498,-0.0023867746,0.0023118467,-0.0028942705,-0.60105723
1.2,24,0.89304113,0.0,0.0,-0.2272038,0.0011489617,0.0007933398,1.3481732e-05,2.8347968e-05,-1.3823845e-05,1.5115178,0.004596543,0.0036275194,-0.7556113,-0.002739104,-0.7559243,1.5115178,0.0076039564,0.0037247734,0.0015891293,-0.7556113,-0.0026084983,0.0035302653,-0.0028697099,-0.7559243
1.2,24,0.9329896,0.0,0.0,-0.1626597,0.0012201695,0.00096837676,7.4598865e-05,0.0002659377,-0.00013098882,1.7697088,0.0016987454,0.0017305625,-0.88620967,-0.0018501729,-0.88356274,1.7697088,0.0037962375,0.0014134226,-0.0003987466,-0.88620967,-0.0021666358,0.0020477024,-0.00153371,-0.88356274
1.2,24,0.97293806,0.0,0.0,-0.08765674,0.0011626491,0.0009452909,0.00016682161,0.0005009545,-0.0004341335,1.9778332,-0.0022321069,-0.0011996131,-0.99170995,-8.246325e-05,-0.9862384,1.9778332,-0.001656231,-0.0011000449,-0.0028079825,-0.99170995,-0.0003796391,-0.0012991814,0.00021471259,-0.9862384
1.2,24,1.0128865,0.0,0.0,-0.006096622,0.0010438566,0.00094904203,0.00017088318,0.0002963491,-0.00030752592,2.1284323,-0.0032792296,-0.0014197292,-1.0663129,0.00046286042,-1.0610598,2.1284323,-0.003154341,-0.000923661,-0.0034041184,-1.0663129,0.0001335772,-0.0019157975,0.00079214363,-1.0610598
1.2,24,1.052835,0.0,0.0,0.080416776,0.0009500503,0.0008453894,0.00012536271,4.0498115e-05,0.00022954016,2.200727,-0.00122136,0.00010660532,-1.1002666,-0.00075575506,-1.0995245,2.200727,-0.00095642527,0.00082996633,-0.0014862948,-1.1002666,-0.0012820549,-0.0006167557,-0.00022945518,-1.0995245
1.2,24,1.0927835,0.0,0.0,0.16784869,0.00094490964,0.0009764746,3.5738823e-05,7.585415e-06,7.9125704e-05,2.2103014,-0.0012304845,0.0012791198,-1.1051315,-0.001517968,-1.1043465,2.2103014,-0.0010963576,0.0020491695,-0.0013646113,-1.1051315,-0.0018457455,0.00050906994,-0.0011901904,-1.1043465
1.2,24,1.1327319,0.0,0.0,0.25426066,0.0008510004,0.00090141594,2.4927492e-06,0.00014665384,-0.00021348368,2.1639595,-0.001987163,0.0007011123,-1.082067,-0.0011198882,-1.0811741,2.1639595,-0.0018736996,0.0011984386,-0.0021006262,-1.082067,-0.0011194597,0.00020378608,-0.0011203166,-1.0811741
1.2,24,1.1726804,0.0,0.0,0.3380874,0.000806756,0.00084662164,2.4263767e-05,0.00015803528,-0.00018855353,2.064462,-0.0011828362,-0.00051521667,-1.0319748,-0.00079036545,-1.031861,2.064462,-0.0012562963,-0.000559258,-0.0011093761,-1.0319748,-0.00074927247,-0.00047117536,-0.0008314584,-1.031861
1.2,24,1.2126288,0.0,0.0,0.4173038,0.00081952976,0.00084514066,1.80274e-05,0.000101279365,-0.00019341144,1.9196519,-0.00026152766,-0.00078735925,-0.9599967,-0.000677232,-0.96001464,1.9196519,-0.000566984,-0.0010382332,4.3928667e-05,-0.9599967,-0.00080072274,-0.00053648534,-0.00055374124,-0.96001464
1.2,24,1.2525773,0.0,0.0,0.49017078,0.00086533977,0.0010000342,3.7351383e-05,-0.00013329834,9.571418e-05,1.7429309,0.0011841995,0.00023605184,-0.87140423,-0.00050486176,-0.87190187,1.7429309,0.0009058895,0.00010630527,0.0014625094,-0.87140423,-0.00067112583,0.00036579842,-0.00033859772,-0.87190187
1.2,24,1.2925258,0.0,0.0,0.5558618,0.0009597157,0.0011486559,4.917953e-05,-0.00024210087,0.00033355432,1.5501089,0.0018545656,0.00053510664,-0.7755538,-0.0008274717,-0.77491134,1.5501089,0.0018332705,0.00042976753,0.0018758606,-0.7755538,-0.00084983476,0.0006404457,-0.0008051087,-0.77491134
1.2,24,1.3324742,0.0,0.0,0.6139281,0.0010587644,0.0011683926,-3.5518528e-06,0.00023416909,-0.000107495616,1.358178,0.00067352876,-0.0001944527,-0.6799817,-0.001324509,-0.6784906,1.358178,0.0008852065,-0.00035816623,0.000461851,-0.6799817,-0.0014856751,-3.073917e-05,-0.0011633431,-0.6784906
1.2,24,1.3724227,0.0,0.0,0.66428125,0.0010861501,0.0012223541,-0.00013284614,0.0031713513,-0.0022027625,1.1739908,0.00021768798,-0.0011954803,-0.5877872,-0.00145485,-0.5864952,1.1739908,0.0013971572,-0.00040675385,-0.00096178125,-0.5877872,-0.0016651028,-0.0019842067,-0.0012445973,-0.5864952
1.2,24,1.4123712,0.0,0.0,0.70693564,0.0009576893,0.0010487195,-8.3250656e-05,0.006210911,-0.0064924154,0.9965855,-0.0008417157,-0.0018550927,-0.49866462,-0.0009635322,-0.49816152,0.9965855,0.0022636761,0.00029963753,-0.0039471076,-0.49866462,-0.00031311973,-0.004009823,-0.0016139447,-0.49816152
1.2,24,1.4523196,0.0,0.0,0.7429408,0.0007470393,0.0009060638,0.00016886563,0.0043471195,-0.0060635363,0.8366583,-0.0009675543,-0.00033604755,-0.41866973,-0.0011863293,-0.4180705,0.8366583,0.0016911994,0.0014560561,-0.003626308,-0.41866973,-0.0009605187,-0.0021281512,-0.0014121399,-0.4180705
1.2,24,1.4922681,0.0,0.0,0.7728364,0.0006564903,0.00076898874,0.00013240811,0.0035965221,-0.0022267944,0.7010438,0.00031761875,0.0005325584,-0.35044637,-0.0012131198,-0.35066047,0.7010438,0.0011583379,0.0023447964,-0.00052310043,-0.35044637,-0.0012977675,-0.0012796796,-0.0011284723,-0.35066047
1.2,24,1.5322165,0.0,0.0,0.7978384,0.0006220597,0.0005816612,0.00013211396,0.004607829,-0.0035654788,0.58711416,-0.00037550787,0.00033724087,-0.29316014,-0.0008105946,-0.2939997,0.58711416,0.0011788864,0.0026998448,-0.0019299021,-0.29316014,-0.00081767584,-0.002025363,-0.00080351334,-0.2939997
1.2,24,1.572165,0.0,0.0,0.81893843,0.0005328157,0.00055799884,6.670825e-05,0.0040384578,-0.0042304443,0.4931386,-0.00038997963,0.00042175,-0.2462637,-0.0005967345,-0.24689077,0.4931386,0.0016019844,0.002502741,-0.0023819436,-0.2462637,-0.0007106066,-0.001659241,-0.0004828625,-0.24689077
1.2,24,1.6121135,0.0,0.0,0.836722,0.0004578324,0.00056091027,2.1412414e-05,0.0036459155,-0.0040218304,0.4171108,-0.0001488034,0.0002738497,-0.20842236,-0.00048644724,-0.20872264,0.4171108,0.0017996103,0.0022015602,-0.0020972171,-0.20842236,-0.00059733406,-0.0016538608,-0.00037556046,-0.20872264
1.2,24,1.6520619,0.0,0.0,0.85187227,0.00037233892,0.0004589862,1.1827694e-05,0.003877554,-0.0041504665,0.3556054,-0.00012644537,1.1835247e-05,-0.17775023,-0.00039810623,-0.17787667,0.3556054,0.0019238313,0.0021242036,-0.002176722,-0.17775023,-0.00044067609,-0.002100533,-0.00035553638,-0.17787667
1.2,24,1.6920104,0.0,0.0,0.86472076,0.00031225383,0.00033265297,7.4528275e-06,0.003179408,-0.0035337834,0.30536824,9.3217066e-05,0.00013958913,-0.15259781,-0.0003451245,-0.15278724,0.30536824,0.0019645873,0.002015703,-0.0017781531,-0.15259781,-0.00033097045,-0.0017365246,-0.0003592786,-0.15278724
1.2,24,1.7319589,0.0,0.0,0.875814,0.00023649714,0.0002795082,6.854882e-06,0.003625986,-0.0040428094,0.26378548,7.37214e-05,6.450829e-05,-0.1317266,-0.00033406282,-0.13206746,0.26378548,0.002219907,0.002152742,-0.0020724642,-0.1317266,-0.0002811062,-0.0020237253,-0.00038701945,-0.13206746
1.2,24,1.7719073,0.0,0.0,0.8854084,0.00014630271,0.00018586629,5.3931576e-06,0.004816322,-0.005285935,0.22899716,-9.430654e-05,-9.832403e-05,-0.11430868,-0.00036135342,-0.11469998,0.22899716,0.0025949709,0.00248034,-0.002783584,-0.11430868,-0.0002845462,-0.002676988,-0.00043816064,-0.11469998
1.2,24,1.8118558,0.0,0.0,0.89375067,3.0183699e-05,8.315184e-05,-1.0382909e-06,0.005396712,-0.006043338,0.19988579,-0.00020086404,-9.970262e-05,-0.09983377,-0.00042778123,-0.10006032,0.19988579,0.0028347408,0.002704286,-0.0032364689,-0.09983377,-0.0003481176,-0.0029036913,-0.00050744484,-0.10006032
1.2,24,1.8518043,0.0,0.0,0.9010521,-0.00010161905,-3.302339e-07,6.6507223e-06,0.005652532,-0.0065300744,0.17536557,-0.0003211907,-8.384499e-05,-0.08772173,-0.00057870755,-0.08764945,0.17536557,0.0029932088,0.0028522178,-0.0036355902,-0.08772173,-0.00051918713,-0.0030199077,-0.0006382279,-0.08764945
1.2,24,1.8917527,0.0,0.0,0.9074689,-0.00025397437,-0.00012738512,3.6845417e-05,0.0059712343,-0.0070044156,0.15425682,-0.00045152276,-0.000116817304,-0.07729664,-0.0008008159,-0.07696669,0.15425682,0.003173394,0.0030460535,-0.0040764394,-0.07729664,-0.0007641838,-0.003279688,-0.000837448,-0.07696669
1.2,24,1.9317012,0.0,0.0,0.91312224,-0.00042121473,-0.00026119797,6.814247e-05,0.0064240475,-0.0074944315,0.1356529,-0.0005864792,-0.00022268319,-0.06802055,-0.0010437276,-0.06764103,0.1356529,0.0033865809,0.0032447837,-0.0045595393,-0.06802055,-0.0009911805,-0.00369015,-0.0010962748,-0.06764103
1.2,24,1.9716492,0.0,0.0,0.91806704,-0.0006147151,-0.00042277967,8.059278e-05,0.0067443694,-0.007922267,0.119167365,-0.00069137185,-0.00032679772,-0.059725583,-0.001234035,-0.059449084,0.119167365,0.0036302076,0.0033679653,-0.0050129513,-0.059725583,-0.0011750833,-0.004021561,-0.0012929868,-0.059449084
1.2,24,2.011598,0.0,0.0,0.9225281,-0.0008090469,-0.00050590554,8.35395e-05,0.0070784967,-0.00840376,0.10462805,-0.0007736385,-0.0004869284,-0.052391768,-0.0013076235,-0.052240875,0.10462805,0.0039178752,0.0034739396,-0.005465152,-0.052391768,-0.0012800028,-0.0044477964,-0.001335244,-0.052240875
1.2,24,2.051546,0.0,0.0,0.9263586,-0.001037796,-0.0007020096,9.412407e-05,0.0079984,-0.009155704,0.09194044,-0.00091199577,-0.0008338976,-0.04604041,-0.0013748663,-0.045902543,0.09194044,0.004252277,0.0036429316,-0.0060762684,-0.04604041,-0.0013406927,-0.005310727,-0.0014090401,-0.045902543
1.2,24,2.091495,0.0,0.0,0.9298464,-0.0012702532,-0.0010021639,0.000108370936,0.009215571,-0.010073585,0.08070569,-0.0011893737,-0.0012628735,-0.040448997,-0.0014192224,-0.040257435,0.08070569,0.004424378,0.003786809,-0.006803125,-0.040448997,-0.0013785396,-0.006312556,-0.0014599052,-0.040257435
1.2,24,2.131443,0.0,0.0,0.9328419,-0.001560392,-0.0012329053,0.00010235064,0.00888618,-0.009578153,0.06926165,-0.0011873294,-0.0012475724,-0.03462125,-0.0005478839,-0.03464276,0.06926165,0.004056822,0.0036108166,-0.006431481,-0.03462125,-0.00055252534,-0.0061059613,-0.00054324255,-0.03464276
1.2,24,2.171392,0.0,0.0,0.93533343,-0.0017816338,-0.0014454128,5.987474e-05,0.005210002,-0.0056635696,0.05881738,0.00013255281,-4.350196e-05,-0.029017134,0.0006069831,-0.029803095,0.05881738,0.003401912,0.002991135,-0.0031368064,-0.029017134,0.00032729187,-0.003078139,0.0008866743,-0.029803095
1.2,24,2.21134,0.0,0.0,0.93747973,-0.0018092972,-0.001511637,1.4857604e-05,0.0011050483,-0.0011963089,0.052070726,0.0018690039,0.0014811311,-0.025634177,0.00071255164,-0.026437538,0.052070726,0.002978376,0.0024766047,0.0007596317,-0.025634177,0.00045713273,0.00048565748,0.0009679705,-0.026437538
1.2,24,2.251289,0.0,0.0,0.9394584,-0.0017565327,-0.0014946953,9.402681e-06,-6.900307e-05,1.7341052e-05,0.047794495,0.0022992608,0.0019274647,-0.02363226,0.00033752032,-0.024161562,0.047794495,0.002797737,0.0023347302,0.0018007848,-0.02363226,0.00024072114,0.0015201992,0.0004343195,-0.024161562
1.2,24,2.2912369,0.0,0.0,0.9413583,-0.0016752805,-0.0014054019,5.342076e-05,-0.00025566207,1.2894537e-06,0.045313343,0.0022597983,0.0018044836,-0.022417912,0.00019893839,-0.022899482,0.045313343,0.002677048,0.0020211742,0.0018425487,-0.022417912,0.00016486054,0.0015877931,0.00023301625,-0.022899482
1.2,24,2.3311858,0.0,0.0,0.94307464,-0.0016091517,-0.0013366181,7.486128e-05,-4.8883798e-05,-0.00027279608,0.045357592,0.001622197,0.0009811913,-0.022551319,0.00034756263,-0.022805762,0.045357592,0.0019751927,0.001080874,0.0012692012,-0.022551319,0.00032354964,0.0008815085,0.00037157562,-0.022805762
1.2,24,2.3711338,0.0,0.0,0.9448299,-0.0015785999,-0.0013045353,1.6904805e-05,0.00015911915,-0.00020492663,0.04622706,0.00025488657,-0.0004012584,-0.023075173,0.00048749818,-0.023153847,0.04622706,0.0003114103,-0.00045221078,0.00019836283,-0.023075173,0.00045815445,-0.000350306,0.0005168419,-0.023153847
1.2,24,2.4110827,0.0,0.0,0.94661796,-0.001595432,-0.0013277329,3.9150646e-06,0.00029361385,-0.00028400985,0.04744877,-0.0013563207,-0.0018693474,-0.023675824,0.000445435,-0.023774603,0.04744877,-0.0015413404,-0.0021002316,-0.001171301,-0.023675824,0.00042465652,-0.0016384631,0.00046621345,-0.023774603
1.2,24,2.4510307,0.0,0.0,0.94847083,-0.0016629947,-0.0014091352,4.952114e-06,0.00035952384,-0.00034568398,0.049418893,-0.0023137168,-0.002775836,-0.024645569,0.00025623495,-0.024775114,0.049418893,-0.0026778574,-0.0031677817,-0.0019495762,-0.024645569,0.00025195262,-0.0023838903,0.0002605173,-0.024775114
1.2,24,2.4909797,0.0,0.0,0.9504314,-0.0017387958,-0.0015101668,4.072738e-06,0.00028652945,-0.00027398823,0.051495094,-0.0022729295,-0.0027509816,-0.025684629,4.6325258e-05,-0.02581195,0.051495094,-0.0027617945,-0.0032783402,-0.0017840647,-0.025684629,5.3303247e-05,-0.0022236232,3.9347266e-05,-0.02581195
1.2,24,2.5309277,0.0,0.0,0.9524674,-0.0017944617,-0.001581397,1.4528513e-06,0.00011032107,-0.000105612664,0.052527923,-0.0014976241,-0.001990617,-0.026190156,4.2070475e-05,-0.026338087,0.052527923,-0.0020679547,-0.0026158965,-0.0009272935,-0.026190156,4.8034864e-05,-0.0013653376,3.6106085e-05,-0.026338087
1.2,24,2.5708766,0.0,0.0,0.9545237,-0.001813509,-0.001615313,1.8423007e-07,1.5494601e-05,-1.4774159e-05,0.05219901,-0.000649609,-0.0011148395,-0.026012728,0.00022121108,-0.02618613,0.05219901,-0.0012423897,-0.0017611772,-5.6828376e-05,-0.026012728,0.00022007132,-0.0004685018,0.00022235083,-0.02618613
1.2,24,2.6108246,0.0,0.0,0.95654917,-0.0018012957,-0.0016171137,3.7456362e-09,4.449299e-07,-4.0598573e-07,0.051027276,-3.7909107e-05,-0.00045254925,-0.025426878,0.00039380364,-0.025599996,0.051027276,-0.0006206838,-0.0010752275,0.00054486556,-0.025426878,0.00038840453,0.00017012897,0.00039920278,-0.025599996
1.2,24,2.6507735,0.0,0.0,0.9585217,-0.0017702135,-0.0015991287,-1.8866955e-11,2.4993325e-09,-1.778119e-09,0.049447954,0.00038082906,1.3207813e-05,-0.02464518,0.0004955127,-0.024801502,0.049447954,-0.00018443988,-0.0005788851,0.000946098,-0.02464518,0.0004889846,0.0006053007,0.0005020408,-0.024801502
1.2,24,2.6907215,0.0,0.0,0.9604262,-0.0017272343,-0.0015664442,-1.4512915e-13,4.3855167e-12,-1.6764484e-12,0.04763356,0.0006747258,0.00034830347,-0.02374665,0.0005464046,-0.023887362,0.04763356,0.00013078096,-0.00021304174,0.0012186706,-0.02374665,0.0005396458,0.00090964866,0.00055316347,-0.023887362
1.2,24,2.7306705,0.0,0.0,0.9622669,-0.0016884598,-0.0015254339,-1.0213819e-15,1.9874076e-14,1.8646839e-14,0.045675192,0.00088005926,0.0005913807,-0.02277278,0.00056545075,-0.022902409,0.045675192,0.0003600904,6.106034e-05,0.0014000281,-0.02277278,0.0005586876,0.0011217011,0.00057221384,-0.022902409
1.2,24,2.7706184,0.0,0.0,0.9640223,-0.0016256203,-0.0014747867,-8.2385823e-16,1.634122e-14,1.8320662e-14,0.043637387,0.0010189329,0.0007644248,-0.021758238,0.00056381966,-0.021878252,0.043637387,0.0005244843,0.00026530173,0.0015133815,-0.021758238,0.00055714545,0.0012635479,0.0005704938,-0.021878252
1.2,24,2.8105674,0.0,0.0,0.9657023,-0.0015495797,-0.0014232637,-7.4232935e-16,1.4943792e-14,1.7459594e-14,0.041569434,0.0011070024,0.0008826531,-0.020728486,0.0005486072,-0.020840976,0.041569434,0.0006388162,0.00041457827,0.0015751885,-0.020728486,0.0005420782,0.001350728,0.0005551362,-0.020840976
1.2,24,2.8505154,0.0,0.0,0.9672983,-0.0014844164,-0.0013672248,-6.5522985e-16,1.3580945e-14,1.6468037e-14,0.039513074,0.001156337,0.0009582543,-0.01970423,0.0005247371,-0.019808952,0.039513074,0.00071440433,0.0005206791,0.0015982697,-0.01970423,0.0005183752,0.0013958295,0.00053109904,-0.019808952
1.2,24,2.8904643,0.0,0.0,0.9688172,-0.001422571,-0.0013075178,-5.6380985e-16,1.2219807e-14,1.533131e-14,0.037498526,0.0011763453,0.0010012441,-0.018700782,0.0004957445,-0.018797431,0.037498526,0.000760113,0.000593182,0.0015925776,-0.018700782,0.0004895686,0.0014093061,0.0005019204,-0.018797431
1.2,24,2.9304123,0.0,0.0,0.97029227,-0.0013565535,-0.0012494576,-4.843969e-16,1.0822005e-14,1.4037011e-14,0.03554596,0.0011743464,0.0010196066,-0.017728494,0.00046414032,-0.017817277,0.03554596,0.0007828783,0.0006398341,0.0015658146,-0.017728494,0.00045814968,0.0013993791,0.00047013094,-0.017817277
1.2,24,2.9703612,0.0,0.0,0.9717161,-0.0012906995,-0.0012020522,-4.1746493e-16,9.3762126e-15,1.2560779e-14,0.03366865,0.0011559753,0.0010196115,-0.016793463,0.00043164974,-0.016875569,0.03366865,0.0007880489,0.0006666748,0.0015239017,-0.016793463,0.00042586526,0.001372548,0.00043743424,-0.016875569
1.2,24,3.0103092,0.0,0.0,0.9729947,-0.0012194098,-0.0011392896,-3.507248e-16,7.900726e-15,1.089492e-14,0.031876147,0.0011255738,0.0010061149,-0.01590075,0.00039942493,-0.015975416,0.031876147,0.00077976816,0.0006784423,0.0014713794,-0.01590075,0.00039384802,0.0013337875,0.0004050018,-0.015975416
1.2,24,3.0502582,0.0,0.0,0.9742303,-0.0011770452,-0.0010886412,-2.839745e-16,6.3756094e-15,9.031886e-15,0.030171651,0.0010865093,0.0009827965,-0.0150519945,0.0003681962,-0.015119847,0.030171651,0.0007613805,0.00067873485,0.0014116381,-0.0150519945,0.00036283577,0.0012868582,0.00037355663,-0.015119847
1.2,24,3.0902061,0.0,0.0,0.9753781,-0.0011213474,-0.0010378315,-2.3012887e-16,4.738409e-15,6.94409e-15,0.028557003,0.0010414785,0.00095246267,-0.014247216,0.0003383673,-0.014309341,0.028557003,0.0007355538,0.00067033974,0.001347403,-0.014247216,0.00033320644,0.0012345855,0.00034352814,-0.014309341
1.2,24,3.130155,0.0,0.0,0.97646314,-0.0010670573,-0.0009891039,-1.7560403e-16,2.991875e-15,4.595472e-15,0.027029874,0.0009927291,0.000917188,-0.013486491,0.00031015958,-0.013543158,0.027029874,0.00070460775,0.0006553222,0.0012808505,-0.013486491,0.00030518507,0.0011790538,0.00031513406,-0.013543158
1.2,24,3.170103,0.0,0.0,0.97749335,-0.001016372,-0.0009420429,-8.9783375e-17,1.2904291e-15,2.085755e-15,0.02558917,0.0009421476,0.0008784613,-0.012768489,0.00028369398,-0.012820418,0.02558917,0.00067052024,0.0006352013,0.001213775,-0.012768489,0.0002788738,0.0011217212,0.00028851416,-0.012820418
1.2,24,3.2100515,0.0,0.0,0.9784669,-0.000968603,-0.0008975064,-1.5237176e-17,2.0510643e-16,3.3901827e-16,0.024232002,0.00089124707,0.00083745166,-0.0120920595,0.00025910203,-0.012139598,0.024232002,0.0006349289,0.0006111561,0.0011475652,-0.0120920595,0.0002543938,0.0010637472,0.00026381027,-0.012139598
1.2,24,3.25,0.0,0.0,0.9793912,-0.0009235427,-0.0008546256,-4.4270624e-19,5.8898457e-18,9.775598e-18,0.02295457,0.000841127,0.0007951063,-0.011455269,0.00023651763,-0.01149923,0.02295457,0.0005990279,0.00058422005,0.0010832261,-0.011455269,0.00023188579,0.0010059925,0.00024114948,-0.01149923
1.2,24,3.2899485,0.0,0.0,0.98026454,-0.0008812871,-0.00081467064,-1.8139429e-21,2.4093e-20,4.0011628e-20,0.021753382,0.0007923777,0.00075235136,-0.010856458,0.00021602705,-0.010896869,0.021753382,0.0005634838,0.000555398,0.0010212716,-0.010856458,0.00021144724,0.00094930467,0.00022060686,-0.010896869
1.2,24,3.3298965,0.0,0.0,0.9810966,-0.0008404119,-0.00077825255,-1.0162293e-24,1.3494616e-23,2.2412528e-23,0.02062446,0.0007453308,0.00070997013,-0.010293735,0.00019758554,-0.010330784,0.02062446,0.0005286803,0.00052562676,0.0009619814,-0.010293735,0.00019305506,0.00089431356,0.00020211602,-0.010330784
1.2,24,3.3698454,0.0,0.0,0.9818842,-0.00080260116,-0.0007430344,-7.748523e-29,1.0289029e-27,1.7088717e-27,0.019563727,0.0007001377,0.0006685885,-0.009764888,0.00018106119,-0.009798779,0.019563727,0.0004948484,0.0004956595,0.00090542703,-0.009764888,0.0001765847,0.0008415175,0.00018553769,-0.009798779
1.2,24,3.4097939,0.0,0.0,0.9826334,-0.00076826237,-0.0007089372,-8.038506e-34,1.0674069e-32,1.7728243e-32,0.01856646,0.0006569326,0.0006286531,-0.009267974,0.0001662693,-0.009298445,0.01856646,0.00046217386,0.00046608262,0.0008516913,-0.009267974,0.00016185563,0.00079122355,0.00017068296,-0.009298445
1.2,24,3.4497418,0.0,0.0,0.983343,-0.00073520787,-0.0006798806,0.0,1.5064684e-38,2.501981e-38,0.01762891,0.0006158272,0.00059047237,-0.008800611,0.00015302151,-0.008828326,0.01762891,0.0004308394,0.0004373372,0.00080081506,-0.008800611,0.00014868118,0.00074360747,0.00015736184,-0.008828326
1.2,24,3.4896903,0.0,0.0,0.98401606,-0.0007040032,-0.0006495431,0.0,0.0,0.0,0.016747328,0.0005768726,0.0005542184,-0.0083612455,0.00014113168,-0.008386117,0.016747328,0.00040096024,0.0004096934,0.000752785,-0.0083612455,0.00013687224,0.0006987435,0.00014539111,-0.008386117
1.2,24,3.5296392,0.0,0.0,0.9846566,-0.00067457673,-0.0006232038,0.0,0.0,0.0,0.015917722,0.00054014137,0.0005199886,-0.007947611,0.00013044117,-0.007970167,0.015917722,0.00037266413,0.00038335085,0.00070761854,-0.007947611,0.00012627097,0.00065662636,0.00013461137,-0.007970167
1.2,24,3.5695877,0.0,0.0,0.9852552,-0.00067352684,-0.0005962848,0.0,0.0,0.0,0.015136822,0.0005056174,0.0004878084,-0.00755815,0.000120800556,-0.0075786486,0.015136822,0.00034600866,0.00035842112,0.0006652262,-0.00755815,0.00011672503,0.0006171957,0.00012487608,-0.0075786486
1.2,24,3.6095362,0.0,0.0,0.9858361,-0.0006486717,-0.0005719296,0.0,0.0,0.0,0.014401342,0.00047328213,0.00045765162,-0.0071912846,0.00011208767,-0.0072098537,0.014401342,0.00032102494,0.00033495275,0.00062553934,-0.0071912846,0.00010811096,0.00058035046,0.00011606439,-0.0072098537
1.2,24,3.6494837,0.0,0.0,0.9863682,-0.0005954601,-0.00054710556,0.0,0.0,0.0,0.013707948,0.00044310492,0.00042948098,-0.006845437,0.000104187755,-0.0068622776,0.013707948,0.0002977306,0.00031297203,0.0005884792,-0.006845437,0.00010031072,0.00054598995,0.000108064785,-0.0068622776
1.2,24,3.689433,0.0,0.0,0.986895,-0.00057045236,-0.0005263096,0.0,0.0,0.0,0.01305398,0.00041499702,0.00040320156,-0.0065191924,9.700406e-05,-0.006534714,0.01305398,0.00027609803,0.0002924443,0.000553896,-0.0065191924,9.3228315e-05,0.0005139588,0.000100779806,-0.006534714
1.2,24,3.7293816,0.0,0.0,0.9873817,-0.0005311894,-0.00050543813,0.0,0.0,0.0,0.01243688,0.0003888856,0.00037873714,-0.0062112547,9.045239e-05,-0.0062255953,0.01243688,0.00025607803,0.0002733323,0.00052169315,-0.0062112547,8.677746e-05,0.000484142,9.412733e-05,-0.0062255953
1.2,24,3.76933,0.0,0.0,0.9878469,-0.0005295255,-0.00048639387,0.0,0.0,0.0,0.011854319,0.00036466357,0.00035599055,-0.0059204604,8.446004e-05,-0.0059337737,0.011854319,0.00023761642,0.00025559086,0.0004917107,-0.0059204604,8.0885424e-05,0.00045639026,8.803467e-05,-0.0059337737
1.2,24,3.8092775,0.0,0.0,0.9883035,-0.000510668,-0.00046822804,0.0,0.0,0.0,0.011303683,0.00034225135,0.00033486023,-0.0056455247,7.896413e-05,-0.0056580547,0.011303683,0.00022065114,0.00023914619,0.00046385155,-0.0056455247,7.54872e-05,0.0004305743,8.244105e-05,-0.0056580547
1.2,24,3.849227,0.0,0.0,0.9887392,-0.0004925033,-0.00045131665,0.0,0.0,0.0,0.010783044,0.00032151878,0.00031524312,-0.00538557,7.390832e-05,-0.0053974884,0.010783044,0.00020509861,0.00022393504,0.00043793893,-0.00538557,7.052892e-05,0.00040655117,7.728772e-05,-0.0053974884
1.2,24,3.8891754,0.0,0.0,0.98915476,-0.0004748473,-0.00043510276,0.0,0.0,0.0,0.010290348,0.00030237448,0.00029704568,-0.0051395204,6.924894e-05,-0.0051509137,0.010290348,0.00019087638,0.00020987804,0.00041387256,-0.0051395204,6.596245e-05,0.00038421334,7.2535426e-05,-0.0051509137
1.2,24,3.9291239,0.0,0.0,0.9895508,-0.00045939581,-0.00041975014,0.0,0.0,0.0,0.009824042,0.00028471363,0.00028016107,-0.0049065156,6.494271e-05,-0.0049174926,0.009824042,0.00017790723,0.00019690709,0.00039152,-0.0049065156,6.1748135e-05,0.00036341505,6.813728e-05,-0.0049174926
1.2,24,3.9690714,0.0,0.0,0.9899296,-0.00044440542,-0.00040545774,0.0,0.0,0.0,0.009382059,0.00026843266,0.00026451022,-0.004685768,6.095561e-05,-0.0046965987,0.009382059,0.00016610719,0.00018495292,0.00037075815,-0.004685768,5.7849957e-05,0.0003440675,6.406126e-05,-0.0046965987
1.2,24,4.009021,0.0,0.0,0.990292,-0.0004299464,-0.0003925869,0.0,0.0,0.0,0.00896358,0.00025342408,0.00024998887,-0.004476441,5.7257894e-05,-0.004487088,0.00896358,0.00015538356,0.000173932,0.00035146458,-0.004476441,5.4238328e-05,0.00032604576,6.027746e-05,-0.004487088
1.2,24,4.0489693,0.0,0.0,0.9906378,-0.00041580206,-0.00037989413,0.0,0.0,0.0,0.008566321,0.00023959516,0.00023652212,-0.0042779655,5.382339e-05,-0.004288476,0.008566321,0.000145654,0.0001637843,0.0003335363,-0.0042779655,5.088757e-05,0.00030925992,5.675921e-05,-0.004288476
1.2,24,4.0889177,0.0,0.0,0.9909679,-0.0004031835,-0.00036766447,0.0,0.0,0.0,0.008189536,0.00022685142,0.00022402452,-0.004089601,5.0629173e-05,-0.0040999637,0.008189536,0.00013683326,0.00015443812,0.00031686958,-0.004089601,4.777351e-05,0.00029361094,5.3484837e-05,-0.0040999637
1.2,24,4.1288652,0.0,0.0,0.99128383,-0.00039073915,-0.000356516,0.0,0.0,0.0,0.007831755,0.00021510411,0.0002124241,-0.0039107893,4.7655485e-05,-0.003921002,0.007831755,0.00012884935,0.00014583202,0.00030135887,-0.0039107893,4.4877826e-05,0.00027901618,5.0433147e-05,-0.003921002
1.2,24,4.1688147,0.0,0.0,0.99158585,-0.00037890495,-0.0003454794,0.0,0.0,0.0,0.007492026,0.0002042666,0.00020164487,-0.0037409351,4.4884895e-05,-0.0037510209,0.007492026,0.00012161616,0.0001379007,0.00028691703,-0.0037409351,4.2181946e-05,0.00026538904,4.758784e-05,-0.0037510209
1.2,24,4.208763,0.0,0.0,0.9918753,-0.00036762352,-0.00033501405,0.0,0.0,0.0,0.0071691875,0.00019426024,0.00019162017,-0.0035796226,4.230144e-05,-0.003589545,0.0071691875,0.00011506736,0.000130588,0.00027345313,-0.0035796226,3.9669823e-05,0.00025265236,4.4933055e-05,-0.003589545
1.2,24,4.2487116,0.0,0.0,0.9921383,-0.000368227,-0.00032295348,0.0,0.0,0.0,0.006862226,0.00018500304,0.00018228861,-0.0034261835,3.989119e-05,-0.003436002,0.006862226,0.000109125205,0.00012383507,0.00026088086,-0.0034261835,3.732963e-05,0.00024074216,4.245275e-05,-0.003436002
1.2,24,4.288659,0.0,0.0,0.9924022,-0.00035306308,-0.00031244088,0.0,0.0,0.0,0.006570331,0.00017643637,0.00017359239,-0.0032803537,3.764132e-05,-0.0032900178,0.006570331,0.000103729275,0.00011759831,0.00024914346,-0.0032803537,3.5146928e-05,0.00022958647,4.013571e-05,-0.0032900178
1.2,24,4.3286085,0.0,0.0,0.99264604,-0.0003324844,-0.0003018681,0.0,0.0,0.0,0.0062927366,0.00016848388,0.00016547716,-0.0031416134,3.554013e-05,-0.003151107,0.0062927366,9.8823584e-05,0.000111822534,0.00023814417,-0.0031416134,3.310985e-05,0.0002191318,3.7970414e-05,-0.003151107
1.2,24,4.368557,0.0,0.0,0.9928902,-0.00032305814,-0.00029327668,0.0,0.0,0.0,0.006028509,0.00016109685,0.00015789508,-0.0030095624,3.3576587e-05,-0.003018957,0.006028509,9.435056e-05,0.000106472864,0.00022784313,-0.0030095624,3.1209176e-05,0.0002093173,3.5944002e-05,-0.003018957
1.2,24,4.4085054,0.0,0.0,0.9931242,-0.0003140598,-0.00028471896,0.0,0.0,0.0,0.00577703,0.00015421095,0.00015079786,-0.002883925,3.1740845e-05,-0.0028931592,0.00577703,9.0259746e-05,0.00010150216,0.00021816215,-0.002883925,2.9433702e-05,0.00020009356,3.404799e-05,-0.0028931592
1.2,24,4.448453,0.0,0.0,0.99334824,-0.00030552916,-0.00027693692,0.0,0.0,0.0,0.0055376436,0.00014778665,0.00014414874,-0.0027643146,3.0023815e-05,-0.0027733424,0.0055376436,8.650494e-05,9.688045e-05,0.00020906836,-0.0027643146,2.7775124e-05,0.00019141704,3.2272506e-05,-0.0027733424
1.2,24,4.4884024,0.0,0.0,0.9935635,-0.00029756382,-0.00026926142,0.0,0.0,0.0,0.0053096167,0.00014177311,0.00013790805,-0.0026503722,2.8416525e-05,-0.0026592494,0.0053096167,8.30494e-05,9.257023e-05,0.00020049683,-0.0026503722,2.6224674e-05,0.00018324587,3.0608375e-05,-0.0026592494
1.2,24,4.528351,0.0,0.0,0.9937703,-0.00028975972,-0.0002622878,0.0,0.0,0.0,0.005092499,0.00013613324,0.0001320444,-0.0025419267,2.6911479e-05,-0.0025505815,0.005092499,7.985513e-05,8.854748e-05,0.00019241136,-0.0025419267,2.4774306e-05,0.00017554133,2.9048653e-05,-0.0025505815
1.2,24,4.5682983,0.0,0.0,0.99396837,-0.00028230023,-0.000255686,0.0,0.0,0.0,0.0048855296,0.00013083496,0.00012652579,-0.0024385774,2.5500744e-05,-0.0024470023,0.0048855296,7.689215e-05,8.4782754e-05,0.00018477776,-0.0024385774,2.3417075e-05,0.00016826882,2.7584414e-05,-0.0024470023
1.2,24,4.608247,0.0,0.0,0.9941582,-0.0002752153,-0.00024887695,0.0,0.0,0.0,0.0046883686,0.00012584077,0.00012132508,-0.0023400942,2.4177505e-05,-0.0023482624,0.0046883686,7.4132324e-05,8.125624e-05,0.00017754923,-0.0023400942,2.2145865e-05,0.00016139391,2.6209145e-05,-0.0023482624
1.2,24,4.648196,0.0,0.0,0.9943404,-0.0002682512,-0.00024270541,0.0,0.0,0.0,0.0045004343,0.00012112636,0.00011641724,-0.0022462034,2.2935525e-05,-0.0022541739,0.0045004343,7.1549424e-05,7.7941804e-05,0.0001707033,-0.0022462034,2.0954221e-05,0.00015489268,2.4916826e-05,-0.0022541739
1.2,24,4.6881447,0.0,0.0,0.99451566,-0.00026141776,-0.00023661899,0.0,0.0,0.0,0.0043211705,0.00011666644,0.000111781934,-0.0021567338,2.1769007e-05,-0.0021643983,0.0043211705,6.91265e-05,7.482508e-05,0.00016420637,-0.0021567338,1.9836878e-05,0.00014873878,2.3701135e-05,-0.0021643983
1.2,24,4.728092,0.0,0.0,0.99468386,-0.00025490957,-0.00023062255,0.0,0.0,0.0,0.0041502654,0.0001124417,0.00010739891,-0.002071404,2.067248e-05,-0.0020788237,0.0041502654,6.684221e-05,7.1889466e-05,0.00015804119,-0.002071404,1.8788105e-05,0.00014290836,2.2556853e-05,-0.0020788237
1.2,24,4.7680407,0.0,0.0,0.9948459,-0.00024865195,-0.00022513996,0.0,0.0,0.0,0.003987228,0.00010843102,0.00010324869,-0.0019900496,1.9640884e-05,-0.0019972199,0.003987228,6.468492e-05,6.911868e-05,0.00015217712,-0.0019900496,1.7803246e-05,0.0001373787,2.147852e-05,-0.0019972199
1.2,24,4.80799,0.0,0.0,0.99499935,-0.00024927003,-0.00021922697,0.0,0.0,0.0,0.0038317887,0.00010461599,9.931487e-05,-0.001912411,1.8669463e-05,-0.001919305,0.0038317887,6.263698e-05,6.6499626e-05,0.000146595,-0.001912411,1.6877344e-05,0.00013213012,2.046158e-05,-0.001919305
1.2,24,4.8479385,0.0,0.0,0.9951488,-0.00024312056,-0.00021413207,0.0,0.0,0.0,0.0036833473,0.000100984194,9.558565e-05,-0.0018383178,1.775439e-05,-0.0018449741,0.0036833473,6.06896e-05,6.402199e-05,0.0001412788,-0.0018383178,1.6006488e-05,0.00012714932,1.9502291e-05,-0.0018449741
1.2,24,4.887886,0.0,0.0,0.9952905,-0.00023108181,-0.00020889661,0.0,0.0,0.0,0.003541755,9.752208e-05,9.2043505e-05,-0.0017676486,1.6891536e-05,-0.0017740425,0.003541755,5.8833044e-05,6.167423e-05,0.00013621112,-0.0017676486,1.5186926e-05,0.00012241278,1.8596145e-05,-0.0017740425
1.2,24,4.9278345,0.0,0.0,0.9954275,-0.00022686481,-0.00020487647,0.0,0.0,0.0,0.00340658,9.4218754e-05,8.8678506e-05,-0.001700178,1.6077374e-05,-0.0017063152,0.00340658,5.7059326e-05,5.9446047e-05,0.00013137818,-0.001700178,1.4414974e-05,0.00011791096,1.7739776e-05,-0.0017063152
1.2,24,4.967784,0.0,0.0,0.9955599,-0.00022127022,-0.00020037116,0.0,0.0,0.0,0.0032774291,9.1061476e-05,8.5480046e-05,-0.00163575,1.5308806e-05,-0.0016416499,0.0032774291,5.5359465e-05,5.7333273e-05,0.00012676348,-0.00163575,1.3687651e-05,0.000113626826,1.692996e-05,-0.0016416499
1.2,24,5.0077324,0.0,0.0,0.99568695,-0.00021578366,-0.00019630109,0.0,0.0,0.0,0.0031541854,8.804279e-05,8.243548e-05,-0.0015742454,1.4582642e-05,-0.0015798977,0.0031541854,5.3728643e-05,5.5323628e-05,0.00012235694,-0.0015742454,1.3001441e-05,0.000109547334,1.6163842e-05,-0.0015798977
1.2,24,5.04768,0.0,0.0,0.99580914,-0.0002110149,-0.00019200364,0.0,0.0,0.0,0.003036521,8.515231e-05,7.953897e-05,-0.0015155099,1.3896355e-05,-0.0015209279,0.003036521,5.216359e-05,5.341228e-05,0.00011814103,-0.0015155099,1.235438e-05,0.00010566566,1.543833e-05,-0.0015209279
1.2,24,5.0876284,0.0,0.0,0.9959269,-0.00020664032,-0.00018716007,0.0,0.0,0.0,0.002923926,8.238599e-05,7.677689e-05,-0.0014593652,1.3247185e-05,-0.0014645573,0.002923926,5.0656396e-05,5.1590636e-05,0.00011411557,-0.0014593652,1.1743398e-05,0.00010196314,1.4750973e-05,-0.0014645573
1.2,24,5.127578,0.0,0.0,0.99604017,-0.00020191136,-0.0001825401,0.0,0.0,0.0,0.0028163556,7.973346e-05,7.414478e-05,-0.0014057279,1.263292e-05,-0.0014106687,0.0028163556,4.920556e-05,4.9855527e-05,0.00011026136,-0.0014057279,1.1166148e-05,9.843404e-05,1.4099691e-05,-0.0014106687
1.2,24,5.1675262,0.0,0.0,0.99614924,-0.00019765888,-0.00017871856,0.0,0.0,0.0,0.0027136034,7.7191595e-05,7.163544e-05,-0.0013544379,1.2051474e-05,-0.0013591881,0.0027136034,4.7808346e-05,4.8202215e-05,0.000106574844,-0.0013544379,1.0620974e-05,9.506866e-05,1.3481974e-05,-0.0013591881
1.2,24,5.2074738,0.0,0.0,0.99625444,-0.00019353417,-0.0001750181,0.0,0.0,0.0,0.0026153198,7.475194e-05,6.9239104e-05,-0.0013054142,1.1500734e-05,-0.0013099527,0.0026153198,4.6458685e-05,4.6622263e-05,0.0001030452,-0.0013054142,1.0105332e-05,9.185595e-05,1.28961365e-05,-0.0013099527
1.2,24,5.247422,0.0,0.0,0.9963566,-0.00019213253,-0.00017146695,0.0,0.0,0.0,0.0025213934,7.2411356e-05,6.6952336e-05,-0.0012585218,1.0978838e-05,-0.0012628662,0.0025213934,4.5158664e-05,4.5115936e-05,9.9664045e-05,-0.0012585218,9.61782e-06,8.8788736e-05,1.2339855e-05,-0.0012628662
1.2,24,5.2873716,0.0,0.0,0.9964544,-0.00018811405,-0.00016808549,0.0,0.0,0.0,0.0024314756,7.016463e-05,6.476729e-05,-0.001213688,1.0484116e-05,-0.0012178086,0.0024314756,4.390193e-05,4.367526e-05,9.642733e-05,-0.001213688,9.156441e-06,8.585933e-05,1.18117905e-05,-0.0012178086
1.2,24,5.32732,0.0,0.0,0.9965497,-0.0001816435,-0.0001647028,0.0,0.0,0.0,0.0023455159,6.800619e-05,6.2679246e-05,-0.0011707856,1.0015028e-05,-0.0011747121,0.0023455159,4.2688793e-05,4.2297135e-05,9.33236e-05,-0.0011707856,8.71982e-06,8.306136e-05,1.1310236e-05,-0.0011747121
1.2,24,5.3672676,0.0,0.0,0.9966405,-0.00017792419,-0.00016138489,0.0,0.0,0.0,0.0022632207,6.593352e-05,6.0682025e-05,-0.0011297278,9.570051e-06,-0.0011334763,0.0022632207,4.1515887e-05,4.0979456e-05,9.0351146e-05,-0.0011297278,8.306462e-06,8.03846e-05,1.083364e-05,-0.0011334763
1.2,24,5.407216,0.0,0.0,0.9967277,-0.00017457586,-0.0001585027,0.0,0.0,0.0,0.00218445,6.394016e-05,5.8772483e-05,-0.0010904224,9.1477e-06,-0.0010939873,0.00218445,4.0382107e-05,3.9718485e-05,8.7498214e-05,-0.0010904224,7.914725e-06,7.782648e-05,1.0380676e-05,-0.0010939873
1.2,24,5.4471655,0.0,0.0,0.99681264,-0.00017122104,-0.00015543208,0.0,0.0,0.0,0.0021089665,6.202595e-05,5.6944227e-05,-0.0010527814,8.746812e-06,-0.0010561778,0.0021089665,3.928604e-05,3.851011e-05,8.4765874e-05,-0.0010527814,7.543693e-06,7.5378346e-05,9.94993e-06,-0.0010561778
1.2,24,5.487114,0.0,0.0,0.9968939,-0.00016801964,-0.00015267686,0.0,0.0,0.0,0.002036727,6.018373e-05,5.5192602e-05,-0.0010167189,8.366087e-06,-0.0010199574,0.002036727,3.8226764e-05,3.7352343e-05,8.2140694e-05,-0.0010167189,7.1919976e-06,7.303286e-05,9.540176e-06,-0.0010199574
1.2,24,5.5270615,0.0,0.0,0.996972,-0.00016480246,-0.00014976479,0.0,0.0,0.0,0.0019674925,5.841266e-05,5.3514836e-05,-0.0009821928,8.00443e-06,-0.0009852638,0.0019674925,3.7201706e-05,3.6243528e-05,7.962362e-05,-0.0009821928,6.8585196e-06,7.078615e-05,9.150341e-06,-0.0009852638
1.2,24,5.56701,0.0,0.0,0.9970481,-0.00016173218,-0.0001471284,0.0,0.0,0.0,0.0019011209,5.6709723e-05,5.1907737e-05,-0.00094908784,7.660864e-06,-0.0009520246,0.0019011209,3.621108e-05,3.5179386e-05,7.7208366e-05,-0.00094908784,6.542331e-06,6.863609e-05,8.779397e-06,-0.0009520246
1.2,24,5.6069593,0.0,0.0,0.99712116,-0.00015857766,-0.00014454835,0.0,0.0,0.0,0.0018375495,5.507004e-05,5.036722e-05,-0.0009173527,7.3342626e-06,-0.0009201585,0.0018375495,3.5252167e-05,3.4158198e-05,7.488791e-05,-0.0009173527,6.2423296e-06,6.657624e-05,8.426196e-06,-0.0009201585
1.2,24,5.646908,0.0,0.0,0.9971922,-0.00015585322,-0.00014186499,0.0,0.0,0.0,0.0017765663,5.3492506e-05,4.8888134e-05,-0.0008869295,7.023743e-06,-0.0008896012,0.0017765663,3.4325374e-05,3.3177694e-05,7.265964e-05,-0.0008869295,5.9576173e-06,6.459858e-05,8.089869e-06,-0.0008896012
1.2,24,5.6868553,0.0,0.0,0.99726063,-0.00015299271,-0.00013901344,0.0,0.0,0.0,0.0017180832,5.1973293e-05,4.747011e-05,-0.0008577558,6.7285036e-06,-0.00086031074,0.0017180832,3.342803e-05,3.2236723e-05,7.051856e-05,-0.0008577558,5.6874965e-06,6.27035e-05,7.76951e-06,-0.00086031074
1.2,24,5.726804,0.0,0.0,0.9973273,-0.00015043786,-0.00013662013,0.0,0.0,0.0,0.0016619775,5.051167e-05,4.6108078e-05,-0.0008297476,6.4475335e-06,-0.0008321953,0.0016619775,3.256056e-05,3.1331856e-05,6.846278e-05,-0.0008297476,5.430917e-06,6.0884297e-05,7.4641503e-06,-0.0008321953
1.2,24,5.766753,0.0,0.0,0.9973917,-0.00014767604,-0.00013429234,0.0,0.0,0.0,0.0016081277,4.9103204e-05,4.480016e-05,-0.00080287876,6.180163e-06,-0.00080520695,0.0016081277,3.1720447e-05,3.0462179e-05,6.648596e-05,-0.00080287876,5.1871975e-06,5.9138143e-05,7.173128e-06,-0.00080520695
1.2,24,5.8067017,0.0,0.0,0.99745417,-0.00014505483,-0.00013195249,0.0,0.0,0.0,0.0015564612,4.7746747e-05,4.354351e-05,-0.0007770883,5.9257845e-06,-0.00077930564,0.0015564612,3.0908046e-05,2.9626286e-05,6.458545e-05,-0.0007770883,4.955778e-06,5.7460737e-05,6.8957916e-06,-0.00077930564
1.2,24,5.846649,0.0,0.0,0.99751455,-0.00014254845,-0.00012973037,0.0,0.0,0.0,0.001506849,4.644043e-05,4.2335778e-05,-0.00075234176,5.6835297e-06,-0.0007544396,0.001506849,3.0122192e-05,2.8821976e-05,6.275867e-05,-0.00075234176,4.735815e-06,5.5849578e-05,6.631245e-06,-0.0007544396
1.2,24,5.8865976,0.0,0.0,0.9975729,-0.00014006221,-0.00012756651,0.0,0.0,0.0,0.0014591687,4.518059e-05,4.117329e-05,-0.00072855497,5.4527864e-06,-0.0007305593,0.0014591687,2.936112e-05,2.8047005e-05,6.1000064e-05,-0.00072855497,4.5267893e-06,5.4299573e-05,6.378784e-06,-0.0007305593
1.2,24,5.926547,0.0,0.0,0.9976296,-0.00013765579,-0.00012543114,0.0,0.0,0.0,0.0014133474,4.3966196e-05,4.0056828e-05,-0.0007057217,5.2329938e-06,-0.00070762413,0.0014133474,2.8625003e-05,2.730165e-05,5.9307386e-05,-0.0007057217,4.3280165e-06,5.2812007e-05,6.137971e-06,-0.00070762413
1.2,24,5.9664946,0.0,0.0,0.9976833,-0.00013532059,-0.00012409968,0.0,0.0,0.0,0.0013693564,4.2795215e-05,3.8981667e-05,-0.00068376557,5.023534e-06,-0.00068557484,0.0013693564,2.7911577e-05,2.6584123e-05,5.767885e-05,-0.00068376557,4.138971e-06,5.137921e-05,5.9080976e-06,-0.00068557484
1.2,24,6.006443,0.0,0.0,0.99773455,-0.00013407688,-0.00012212642,0.0,0.0,0.0,0.0013270454,4.1666546e-05,3.7946564e-05,-0.0006626543,4.8239053e-06,-0.0006643823,0.0013270454,2.7221415e-05,2.589231e-05,5.611168e-05,-0.0006626543,3.9592114e-06,5.0000817e-05,5.6885997e-06,-0.0006643823
1.2,24,6.0463915,0.0,0.0,0.9977848,-0.0001306265,-0.0001196186,0.0,0.0,0.0,0.0012863552,4.0576855e-05,3.6949863e-05,-0.000642356,4.633523e-06,-0.0006440134,0.0012863552,2.6553056e-05,2.5225767e-05,5.4600652e-05,-0.000642356,3.7880839e-06,4.867396e-05,5.478962e-06,-0.0006440134
1.2,24,6.086341,0.0,0.0,0.99783397,-0.00012857404,-0.00011803984,0.0,0.0,0.0,0.0012472665,3.952605e-05,3.5989277e-05,-0.0006228454,4.4519784e-06,-0.0006244142,0.0012472665,2.590588e-05,2.4582803e-05,5.314622e-05,-0.0006228454,3.6252795e-06,4.7395748e-05,5.2786777e-06,-0.0006244142
1.2,24,6.1262884,0.0,0.0,0.99787563,-0.000106138665,-0.000115608,0.0,0.0,0.0,0.0012096437,3.851221e-05,3.5064368e-05,-0.0006040595,4.2788383e-06,-0.00060556683,0.0012096437,2.5279922e-05,2.3962739e-05,5.1744504e-05,-0.0006040595,3.4703314e-06,4.6166e-05,5.087345e-06,-0.00060556683
1.2,24,6.166237,0.0,0.0,0.9979228,-0.000104663275,-0.00011371267,0.0,0.0,0.0,0.0011734241,3.7532893e-05,3.4171975e-05,-0.0005859931,4.1135427e-06,-0.0005874257,0.0011734241,2.467307e-05,2.336442e-05,5.0392715e-05,-0.0005859931,3.3227052e-06,4.497953e-05,4.90438e-06,-0.0005874257
1.2,24,6.2061853,0.0,0.0,0.9979623,-0.00012207072,-0.000112364796,0.0,0.0,0.0,0.0011385744,3.6587564e-05,3.3310844e-05,-0.0005685807,3.9557535e-06,-0.0005699603,0.0011385744,2.4085137e-05,2.2786235e-05,4.908999e-05,-0.0005685807,3.1821203e-06,4.383545e-05,4.729387e-06,-0.0005699603
1.2,24,6.2461348,0.0,0.0,0.9980066,-0.00012034927,-0.00011047275,0.0,0.0,0.0,0.0011050105,3.5674315e-05,3.248009e-05,-0.0005518356,3.8051487e-06,-0.0005531506,0.0011050105,2.351505e-05,2.2228329e-05,4.783358e-05,-0.0005518356,3.0482033e-06,4.2731852e-05,4.562094e-06,-0.0005531506
1.2,24,6.2860823,0.0,0.0,0.99804974,-0.0001187421,-0.000108725995,0.0,0.0,0.0,0.0010726976,3.479235e-05,3.16795e-05,-0.0005357072,3.6613096e-06,-0.00053695467,0.0010726976,2.2963794e-05,2.1690023e-05,4.6620906e-05,-0.0005357072,2.9205546e-06,4.166898e-05,4.402065e-06,-0.00053695467
1.2,24,6.3260307,0.0,0.0,0.9980918,-0.00011690013,-0.000107072265,0.0,0.0,0.0,0.0010415396,3.3939767e-05,3.09053e-05,-0.0005201609,3.5238636e-06,-0.0005213669,0.0010415396,2.2428416e-05,2.1169299e-05,4.5451114e-05,-0.0005201609,2.7989197e-06,4.0641302e-05,4.2488073e-06,-0.0005213669
1.2,24,6.365979,0.0,0.0,0.9981325,-0.00011501541,-0.0001055056,0.0,0.0,0.0,0.0010115419,3.3115124e-05,3.0157824e-05,-0.0005051882,3.3925512e-06,-0.00050632854,0.0010115419,2.191021e-05,2.0665702e-05,4.4320037e-05,-0.0005051882,2.6829064e-06,3.9649945e-05,4.1021963e-06,-0.00050632854
1.2,24,6.4059286,0.0,0.0,0.99817264,-0.000113360904,-0.00010341851,0.0,0.0,0.0,0.0009826056,3.231859e-05,2.9435894e-05,-0.0004907511,3.2670305e-06,-0.0004918427,0.0009826056,2.1407774e-05,2.0179023e-05,4.3229404e-05,-0.0004907511,2.572279e-06,3.8692764e-05,3.9617817e-06,-0.0004918427
1.2,24,6.445876,0.0,0.0,0.9982115,-0.00011149017,-0.00010135608,0.0,0.0,0.0,0.00095472217,3.1547843e-05,2.8737635e-05,-0.00047683116,3.14699e-06,-0.00047787477,0.00095472217,2.0920426e-05,1.9708388e-05,4.217526e-05,-0.00047683116,2.4667272e-06,3.776688e-05,3.8272524e-06,-0.00047787477
1.2,24,6.4858246,0.0,0.0,0.99824893,-0.00010983002,-9.988009e-05,0.0,0.0,0.0,0.00092783646,3.0802654e-05,2.8063418e-05,-0.0004634043,3.0321876e-06,-0.00046441058,0.00092783646,2.0448091e-05,1.9253457e-05,4.115722e-05,-0.0004634043,2.3660264e-06,3.6873378e-05,3.6983486e-06,-0.00046441058
1.2,24,6.525773,0.0,0.0,0.99828523,-0.00010821146,-9.844358e-05,0.0,0.0,0.0,0.0009019006,3.0081377e-05,2.7410306e-05,-0.00045045713,2.9223934e-06,-0.00045141394,0.0009019006,1.9989793e-05,1.8812294e-05,4.0172963e-05,-0.00045045713,2.2699248e-06,3.6008318e-05,3.574862e-06,-0.00045141394
1.2,24,6.5657225,0.0,0.0,0.9983205,-0.000106627536,-9.712041e-05,0.0,0.0,0.0,0.0008768558,2.9383435e-05,2.6779535e-05,-0.0004379579,2.8173058e-06,-0.0004388765,0.0008768558,1.9545458e-05,1.8385988e-05,3.9221413e-05,-0.0004379579,2.1781743e-06,3.517308e-05,3.4564375e-06,-0.0004388765
1.2,24,6.60567,0.0,0.0,0.99835527,-0.00010518671,-9.639686e-05,0.0,0.0,0.0,0.0008527055,2.8708044e-05,2.6168364e-05,-0.00042590155,2.7167193e-06,-0.00042678474,0.0008527055,1.9114703e-05,1.7972146e-05,3.8301383e-05,-0.00042590155,2.0905552e-06,3.436458e-05,3.3428837e-06,-0.00042678474
1.2,24,6.6456184,0.0,0.0,0.9983889,-0.000103516715,-9.5624e-05,0.0,0.0,0.0,0.000829393,2.8053877e-05,2.5576936e-05,-0.00041425938,2.6203886e-06,-0.00041510104,0.000829393,1.8696139e-05,1.7572376e-05,3.7411613e-05,-0.00041425938,2.006878e-06,3.3581495e-05,3.2338992e-06,-0.00041510104
1.2,24,6.685567,0.0,0.0,0.9984214,-0.000102040794,-9.428075e-05,0.0,0.0,0.0,0.0008068778,2.7419548e-05,2.5004483e-05,-0.0004030144,2.5281695e-06,-0.00040382534,0.0008068778,1.82899e-05,1.7184366e-05,3.6549194e-05,-0.0004030144,1.926922e-06,3.2824602e-05,3.1294169e-06,-0.00040382534
1.2,24,6.7255163,0.0,0.0,0.99845296,-0.00010063324,-9.3001196e-05,0.0,0.0,0.0,0.00078512356,2.6805672e-05,2.444943e-05,-0.0003921555,2.4398155e-06,-0.00039293416,0.00078512356,1.789583e-05,1.6808288e-05,3.5715515e-05,-0.0003921555,1.8505522e-06,3.209057e-05,3.029079e-06,-0.00039293416
1.2,24,6.765464,0.0,0.0,0.99848366,-9.921604e-05,-9.175708e-05,0.0,0.0,0.0,0.0007641179,2.6210208e-05,2.3912173e-05,-0.000381663,2.3551268e-06,-0.0003824081,0.0007641179,1.7512768e-05,1.6443712e-05,3.4907647e-05,-0.000381663,1.7774844e-06,3.1380634e-05,2.9327691e-06,-0.0003824081
1.2,24,6.8054123,0.0,0.0,0.9985135,-9.787343e-05,-9.047528e-05,0.0,0.0,0.0,0.0007438162,2.5634165e-05,2.3391487e-05,-0.00037153103,2.2739791e-06,-0.0003722422,0.0007438162,1.7141381e-05,1.6090113e-05,3.4126948e-05,-0.00037153103,1.7076696e-06,3.069286e-05,2.8402887e-06,-0.0003722422
1.2,24,6.8453608,0.0,0.0,0.99854267,-9.654169e-05,-8.9253364e-05,0.0,0.0,0.0,0.0007241851,2.5074289e-05,2.2886057e-05,-0.00036172834,2.1961705e-06,-0.0003624137,0.0007241851,1.6780095e-05,1.57468e-05,3.336848e-05,-0.00036172834,1.6409283e-06,3.0025314e-05,2.7514125e-06,-0.0003624137
1.2,24,6.88531,0.0,0.0,0.99857104,-9.522157e-05,-8.802164e-05,0.0,0.0,0.0,0.0007052287,2.4532614e-05,2.2396613e-05,-0.00035225428,2.121537e-06,-0.00035291968,0.0007052287,1.642941e-05,1.5414289e-05,3.2635817e-05,-0.00035225428,1.5770454e-06,2.9378934e-05,2.6660284e-06,-0.00035291968
1.2,24,6.9252577,0.0,0.0,0.99859864,-9.3939234e-05,-8.685216e-05,0.0,0.0,0.0,0.0006868698,2.4005982e-05,2.1921709e-05,-0.00034309304,2.049944e-06,-0.00034372986,0.0006868698,1.6088357e-05,1.5091217e-05,3.1923606e-05,-0.00034309304,1.5159213e-06,2.87522e-05,2.5839668e-06,-0.00034372986
1.2,24,6.965206,0.0,0.0,0.9986255,-9.267891e-05,-8.570073e-05,0.0,0.0,0.0,0.0006691274,2.3495493e-05,2.1460493e-05,-0.00033424076,1.9812705e-06,-0.0003348379,0.0006691274,1.575728e-05,1.47775745e-05,3.1233707e-05,-0.00033424076,1.4574769e-06,2.8143411e-05,2.5050642e-06,-0.0003348379
1.2,24,7.0051546,0.0,0.0,0.9986517,-9.145138e-05,-8.457659e-05,0.0,0.0,0.0,0.0006519406,2.2999997e-05,2.1013304e-05,-0.0003256619,1.9153317e-06,-0.00032624847,0.0006519406,1.5435255e-05,1.4473189e-05,3.0564737e-05,-0.0003256619,1.4014902e-06,2.755342e-05,2.4291735e-06,-0.00032624847
1.2,24,7.045103,0.0,0.0,0.9986772,-9.0242174e-05,-8.3470906e-05,0.0,0.0,0.0,0.0006353094,2.2519385e-05,2.0578978e-05,-0.00031736857,1.8520585e-06,-0.00031792783,0.0006353094,1.51223085e-05,1.4177323e-05,2.9916462e-05,-0.00031736857,1.3479107e-06,2.6980635e-05,2.3562063e-06,-0.00031792783
1.2,24,7.0850515,0.0,0.0,0.99870205,-8.906058e-05,-8.238953e-05,0.0,0.0,0.0,0.00061922317,2.2052358e-05,2.0157207e-05,-0.00030933574,1.7912721e-06,-0.00030988042,0.00061922317,1.4817892e-05,1.3889868e-05,2.9286824e-05,-0.00030933574,1.2965787e-06,2.6424546e-05,2.2859654e-06,-0.00030988042
1.2,24,7.125,0.0,0.0,0.99872637,-8.7907705e-05,-8.133546e-05,0.0,0.0,0.0,0.0006036683,2.1598893e-05,1.9747653e-05,-0.00030155957,1.7328829e-06,-0.00030208044,0.0006036683,1.45215745e-05,1.3610591e-05,2.8676212e-05,-0.00030155957,1.2474045e-06,2.5884714e-05,2.2183613e-06,-0.00030208044
1.2,24,7.1649485,0.0,0.0,0.99875,-8.67786e-05,-8.03012e-05,0.0,0.0,0.0,0.0005885965,2.1158181e-05,1.934955e-05,-0.0002940345,1.6768058e-06,-0.00029454008,0.0005885965,1.4233833e-05,1.3339054e-05,2.8082528e-05,-0.0002940345,1.2003281e-06,2.5360046e-05,2.1532835e-06,-0.00029454008
1.2,24,7.204897,0.0,0.0,0.99877304,-8.5678585e-05,-7.9278456e-05,0.0,0.0,0.0,0.000573987,2.0730131e-05,1.8963017e-05,-0.0002867457,1.6228939e-06,-0.0002872306,0.000573987,1.3953597e-05,1.3075113e-05,2.7506665e-05,-0.0002867457,1.1551764e-06,2.485092e-05,2.0906114e-06,-0.0002872306
1.2,24,7.2448454,0.0,0.0,0.99879545,-8.4592364e-05,-7.828755e-05,0.0,0.0,0.0,0.00055985234,2.0314123e-05,1.858674e-05,-0.0002796834,1.5710825e-06,-0.00028014596,0.00055985234,1.3681029e-05,1.2818186e-05,2.6947217e-05,-0.0002796834,1.1119181e-06,2.4355293e-05,2.0302468e-06,-0.00028014596
1.2,24,7.284794,0.0,0.0,0.9988174,-8.3540814e-05,-7.732689e-05,0.0,0.0,0.0,0.0005461423,1.9909829e-05,1.8221563e-05,-0.00027284172,1.5212513e-06,-0.00027328738,0.0005461423,1.3415731e-05,1.2568635e-05,2.6403924e-05,-0.00027284172,1.0704309e-06,2.3874489e-05,1.9720717e-06,-0.00027328738
1.2,24,7.3247423,0.0,0.0,0.99883884,-8.281476e-05,-7.491382e-05,0.0,0.0,0.0,0.00053286634,1.9516458e-05,1.7866023e-05,-0.0002662082,1.4733429e-06,-0.0002666396,0.00053286634,1.3157298e-05,1.2325395e-05,2.5875617e-05,-0.0002662082,1.0306746e-06,2.3406652e-05,1.9160111e-06,-0.0002666396
1.2,24,7.36469,0.0,0.0,0.9988598,-8.145349e-05,-7.2531555e-05,0.0,0.0,0.0,0.0005199879,1.9133877e-05,1.7520073e-05,-0.0002597775,1.4272324e-06,-0.00026019488,0.0005199879,1.2905608e-05,1.2089042e-05,2.5362144e-05,-0.0002597775,9.924917e-07,2.2951104e-05,1.8619731e-06,-0.00026019488
1.2,24,7.4046392,0.0,0.0,0.99888045,-8.006358e-05,-7.16539e-05,0.0,0.0,0.0,0.0005075064,1.8762043e-05,1.7183896e-05,-0.00025354588,1.382875e-06,-0.00025394646,0.0005075064,1.266091e-05,1.1858919e-05,2.4863173e-05,-0.00025354588,9.558954e-07,2.2508873e-05,1.8098546e-06,-0.00025394646
1.2,24,7.4445877,0.0,0.0,0.99890053,-7.911637e-05,-7.1425566e-05,0.0,0.0,0.0,0.0004954003,1.8399911e-05,1.6856393e-05,-0.00024749903,1.340187e-06,-0.00024788812,0.0004954003,1.2422162e-05,1.16348165e-05,2.437766e-05,-0.00024749903,9.2076635e-07,2.207797e-05,1.7596077e-06,-0.00024788812
1.2,24,7.484536,0.0,0.0,0.9989204,-7.837111e-05,-7.19272e-05,0.0,0.0,0.0,0.00048366218,1.804788e-05,1.653767e-05,-0.00024163618,1.2990979e-06,-0.00024200902,0.00048366218,1.2189647e-05,1.1416372e-05,2.3906114e-05,-0.00024163618,8.870758e-07,2.1658969e-05,1.7111199e-06,-0.00024200902
1.2,24,7.5244837,0.0,0.0,0.9989396,-7.733269e-05,-7.235865e-05,0.0,0.0,0.0,0.00047227507,1.7704522e-05,1.6227203e-05,-0.00023595037,1.2595139e-06,-0.00023631158,0.00047227507,1.1962804e-05,1.1203952e-05,2.3446239e-05,-0.00023595037,8.5472146e-07,2.1250453e-05,1.6643062e-06,-0.00023631158
1.2,24,7.564433,0.0,0.0,0.9989586,-7.645587e-05,-7.142214e-05,0.0,0.0,0.0,0.00046122176,1.7371147e-05,1.592519e-05,-0.00023042972,1.2214014e-06,-0.00023077885,0.00046122176,1.1742363e-05,1.0996894e-05,2.2999931e-05,-0.00023042972,8.2363965e-07,2.0853486e-05,1.6191631e-06,-0.00023077885
1.2,24,7.6043816,0.0,0.0,0.99897665,-7.574628e-05,-7.055124e-05,0.0,0.0,0.0,0.00045049845,1.7046026e-05,1.5630912e-05,-0.00022507363,1.1846836e-06,-0.00022541363,0.00045049845,1.1527516e-05,1.0794926e-05,2.2564538e-05,-0.00022507363,7.938146e-07,2.0466898e-05,1.5755526e-06,-0.00022541363
1.2,24,7.64433,0.0,0.0,0.9989943,-7.460815e-05,-6.996421e-05,0.0,0.0,0.0,0.00044008376,1.6729366e-05,1.5344343e-05,-0.0002198738,1.149293e-06,-0.00022020041,0.00044008376,1.131767e-05,1.0598595e-05,2.2141061e-05,-0.0002198738,7.651516e-07,2.0090092e-05,1.5334344e-06,-0.00022020041
1.2,24,7.6842775,0.0,0.0,0.99901146,-7.4079726e-05,-6.92066e-05,0.0,0.0,0.0,0.00042998377,1.6420923e-05,1.5064579e-05,-0.00021482685,1.115184e-06,-0.000215141,0.00042998377,1.111303e-05,1.0406262e-05,2.1728814e-05,-0.00021482685,7.3760873e-07,1.9722896e-05,1.4927592e-06,-0.000215141
1.2,24,7.724227,0.0,0.0,0.9990284,-7.338395e-05,-6.83846e-05,0.0,0.0,0.0,0.0004201673,1.6120232e-05,1.4792533e-05,-0.00020991951,1.0823034e-06,-0.00021022583,0.0004201673,1.0913335e-05,1.0219645e-05,2.1327129e-05,-0.00020991951,7.111393e-07,1.936542e-05,1.4534673e-06,-0.00021022583
1.2,24,7.7641754,0.0,0.0,0.9990447,-7.2199495e-05,-6.773668e-05,0.0,0.0,0.0,0.00041062964,1.5827527e-05,1.4526924e-05,-0.00020516056,1.0506038e-06,-0.00020545597,0.00041062964,1.0718967e-05,1.0037144e-05,2.0936088e-05,-0.00020516056,6.857217e-07,1.9016705e-05,1.4154859e-06,-0.00020545597
1.2,24,7.804124,0.0,0.0,0.9990606,-7.159374e-05,-6.677667e-05,0.0,0.0,0.0,0.00040138126,1.5542126e-05,1.4267976e-05,-0.00020053596,1.0200264e-06,-0.00020082184,0.00040138126,1.0529256e-05,9.85954e-06,2.0554995e-05,-0.00020053596,6.612644e-07,1.8676414e-05,1.3787884e-06,-0.00020082184
1.2,24,7.8440714,0.0,0.0,0.99907625,-7.081212e-05,-6.58261e-05,0.0,0.0,0.0,0.00039238264,1.5263895e-05,1.4015672e-05,-0.00019604052,9.905366e-07,-0.00019631784,0.00039238264,1.0344026e-05,9.68593e-06,2.0183763e-05,-0.00019604052,6.377686e-07,1.8345412e-05,1.3433047e-06,-0.00019631784
1.2,24,7.884021,0.0,0.0,0.99909157,-7.001845e-05,-6.509323e-05,0.0,0.0,0.0,0.0003836403,1.4992288e-05,1.3769461e-05,-0.00019167169,9.620682e-07,-0.00019194279,0.0003836403,1.01632395e-05,9.516664e-06,1.9821337e-05,-0.00019167169,6.1517613e-07,1.8022258e-05,1.3089601e-06,-0.00019194279
1.2,24,7.9239693,0.0,0.0,0.9991065,-6.923261e-05,-6.436267e-05,0.0,0.0,0.0,0.00037515248,1.472728e-05,1.352947e-05,-0.00018743188,9.345862e-07,-0.00018768985,0.00037515248,9.986559e-06,9.3517165e-06,1.9468001e-05,-0.00018743188,5.9341335e-07,1.7707225e-05,1.275759e-06,-0.00018768985
1.2,24,7.9639177,0.0,0.0,0.9991211,-6.846433e-05,-6.3652835e-05,0.0,0.0,0.0,0.0003668868,1.4469406e-05,1.3295119e-05,-0.00018330617,9.080656e-07,-0.00018355613,0.0003668868,9.814606e-06,9.19044e-06,1.9124207e-05,-0.00018330617,5.724992e-07,1.7399798e-05,1.243632e-06,-0.00018355613
1.2,24,8.003865,0.0,0.0,0.99913543,-6.7697925e-05,-6.294024e-05,0.0,0.0,0.0,0.0003588539,1.4217449e-05,1.30664375e-05,-0.00017929748,8.824734e-07,-0.00017953732,0.0003588539,9.6462145e-06,9.033048e-06,1.8788682e-05,-0.00017929748,5.523859e-07,1.7099828e-05,1.2125608e-06,-0.00017953732
1.2,24,8.043815,0.0,0.0,0.99914944,-6.695223e-05,-6.225404e-05,0.0,0.0,0.0,0.00035105064,1.3971694e-05,1.2842925e-05,-0.00017539308,8.5774343e-07,-0.00017563088,0.00035105064,9.482293e-06,8.87932e-06,1.8461096e-05,-0.00017539308,5.3301187e-07,1.6806529e-05,1.182475e-06,-0.00017563088
1.2,24,8.083763,0.0,0.0,0.99916315,-6.622307e-05,-6.158079e-05,0.0,0.0,0.0,0.00034345442,1.3731473e-05,1.26251925e-05,-0.0001715984,8.3387e-07,-0.00017182744,0.00034345442,9.32179e-06,8.729273e-06,1.8141156e-05,-0.0001715984,5.1438354e-07,1.6521113e-05,1.1533564e-06,-0.00017182744
1.2,24,8.123712,0.0,0.0,0.9991765,-6.5493776e-05,-6.090625e-05,0.0,0.0,0.0,0.00033606993,1.3497623e-05,1.2412386e-05,-0.00016790877,8.107817e-07,-0.00016813037,0.00033606993,9.1653055e-06,8.582669e-06,1.782994e-05,-0.00016790877,4.964321e-07,1.6242104e-05,1.1251313e-06,-0.00016813037
1.2,24,8.163659,0.0,0.0,0.9991897,-6.479125e-05,-6.0256065e-05,0.0,0.0,0.0,0.000328883,1.3268711e-05,1.2204475e-05,-0.00016431975,7.8848274e-07,-0.00016453177,0.000328883,9.012327e-06,8.4394605e-06,1.7525095e-05,-0.00016431975,4.7914875e-07,1.596949e-05,1.0978167e-06,-0.00016453177
1.2,24,8.2036085,0.0,0.0,0.9992025,-6.409242e-05,-5.9609527e-05,0.0,0.0,0.0,0.00032188516,1.30454355e-05,1.2001239e-05,-0.00016082685,7.669276e-07,-0.00016103164,0.00032188516,8.862606e-06,8.29974e-06,1.7228265e-05,-0.00016082685,4.6250503e-07,1.5702737e-05,1.0713502e-06,-0.00016103164
1.2,24,8.243557,0.0,0.0,0.99921507,-6.3408486e-05,-5.897608e-05,0.0,0.0,0.0,0.0003150817,1.2827491e-05,1.1803053e-05,-0.00015742579,7.4610364e-07,-0.00015762712,0.0003150817,8.716607e-06,8.162837e-06,1.6938377e-05,-0.00015742579,4.464806e-07,1.544327e-05,1.0457267e-06,-0.00015762712
1.2,24,8.283505,0.0,0.0,0.9992273,-6.273604e-05,-5.835411e-05,0.0,0.0,0.0,0.0003084484,1.2614477e-05,1.1609292e-05,-0.00015411655,7.259497e-07,-0.00015431311,0.0003084484,8.573857e-06,8.029194e-06,1.6655096e-05,-0.00015411655,4.3104748e-07,1.5189392e-05,1.0208519e-06,-0.00015431311
1.2,24,8.323453,0.0,0.0,0.9992394,-6.206864e-05,-5.773595e-05,0.0,0.0,0.0,0.00030199686,1.2406246e-05,1.1419955e-05,-0.00015089524,7.064623e-07,-0.00015108392,0.00030199686,8.4341345e-06,7.898755e-06,1.6378359e-05,-0.00015089524,4.1616914e-07,1.4941154e-05,9.967554e-07,-0.00015108392
1.2,24,8.363402,0.0,0.0,0.9992511,-6.144273e-05,-5.7129353e-05,0.0,0.0,0.0,0.00029571395,1.2203032e-05,1.1234822e-05,-0.00014776063,6.8761466e-07,-0.00014794387,0.00029571395,8.297481e-06,7.771196e-06,1.6108583e-05,-0.00014776063,4.0182871e-07,1.4698448e-05,9.734006e-07,-0.00014794387
1.2,24,8.403351,0.0,0.0,0.9992627,-6.0807648e-05,-5.6541892e-05,0.0,0.0,0.0,0.0002895966,1.2004108e-05,1.10538485e-05,-0.00014470656,6.693852e-07,-0.00014488156,0.0002895966,8.1642e-06,7.646279e-06,1.5844014e-05,-0.00014470656,3.8802352e-07,1.4461418e-05,9.507469e-07,-0.00014488156
1.2,24,8.443298,0.0,0.0,0.999274,-5.9207283e-05,-5.566748e-05,0.0,0.0,0.0,0.00028365053,1.1809827e-05,1.0876906e-05,-0.00014173384,6.517441e-07,-0.00014190329,0.00028365053,8.033494e-06,7.5240546e-06,1.558616e-05,-0.00014173384,3.7470255e-07,1.4229759e-05,9.287856e-07,-0.00014190329
1.2,24,8.483247,0.0,0.0,0.99928504,-5.860677e-05,-5.5100114e-05,0.0,0.0,0.0,0.00027784388,1.1619895e-05,1.0703841e-05,-0.00013883084,6.3466473e-07,-0.00013899966,0.00027784388,7.905698e-06,7.404623e-06,1.5334093e-05,-0.00013883084,3.6186069e-07,1.4003061e-05,9.074688e-07,-0.00013899966
1.2,24,8.523196,0.0,0.0,0.99929595,-5.8167843e-05,-5.4599797e-05,0.0,0.0,0.0,0.00027218886,1.1434471e-05,1.0534686e-05,-0.00013600824,6.1813034e-07,-0.00013617268,0.00027218886,7.780843e-06,7.287944e-06,1.5088101e-05,-0.00013600824,3.4948306e-07,1.37814295e-05,8.867776e-07,-0.00013617268
1.2,24,8.563145,0.0,0.0,0.9993066,-5.7562673e-05,-5.4019216e-05,0.0,0.0,0.0,0.0002666831,1.12527105e-05,1.03691655e-05,-0.00013326042,6.021214e-07,-0.00013341726,0.0002666831,7.658577e-06,7.1736467e-06,1.4846843e-05,-0.00013326042,3.3754117e-07,1.3564683e-05,8.667017e-07,-0.00013341726
1.2,24,8.603092,0.0,0.0,0.99931717,-5.812583e-05,-5.3801345e-05,0.0,0.0,0.0,0.00026132126,1.10749825e-05,1.0207282e-05,-0.00013057681,5.866146e-07,-0.00013073158,0.00026132126,7.5390953e-06,7.061793e-06,1.46108705e-05,-0.00013057681,3.2601517e-07,1.335277e-05,8.4721404e-07,-0.00013073158
1.2,24,8.643041,0.0,0.0,0.99932736,-5.751649e-05,-5.3216554e-05,0.0,0.0,0.0,0.00025609066,1.09014245e-05,1.0048891e-05,-0.00012796393,5.716071e-07,-0.00012811318,0.00025609066,7.4219665e-06,6.9523853e-06,1.4380883e-05,-0.00012796393,3.149133e-07,1.3145397e-05,8.2830087e-07,-0.00012811318
1.2,24,8.68299,0.0,0.0,0.9993374,-5.6907735e-05,-5.2684598e-05,0.0,0.0,0.0,0.0002509946,1.0731412e-05,9.893876e-06,-0.00012541744,5.5705243e-07,-0.00012556305,0.0002509946,7.3075253e-06,6.8451986e-06,1.4155297e-05,-0.00012541744,3.041833e-07,1.2942554e-05,8.0992163e-07,-0.00012556305
1.2,24,8.722939,0.0,0.0,0.9993472,-5.6321973e-05,-5.220592e-05,0.0,0.0,0.0,0.00024602265,1.0565182e-05,9.741976e-06,-0.00012293673,5.429631e-07,-0.00012307834,0.00024602265,7.1955774e-06,6.7403917e-06,1.3934787e-05,-0.00012293673,2.9384196e-07,1.2743561e-05,7.920842e-07,-0.00012307834
1.2,24,8.762886,0.0,0.0,0.9993568,-5.576015e-05,-5.168883e-05,0.0,0.0,0.0,0.00024117384,1.0402459e-05,9.593526e-06,-0.000120513854,5.2930136e-07,-0.00012065068,0.00024117384,7.0856286e-06,6.6378093e-06,1.371929e-05,-0.000120513854,2.8385895e-07,1.2549242e-05,7.747438e-07,-0.00012065068
1.2,24,8.8028345,0.0,0.0,0.99936616,-5.5202603e-05,-5.1175506e-05,0.0,0.0,0.0,0.00023644607,1.0243168e-05,9.448159e-06,-0.00011815204,5.1606554e-07,-0.000118286756,0.00023644607,6.9782172e-06,6.5373274e-06,1.3508119e-05,-0.00011815204,2.742254e-07,1.2358991e-05,7.5790564e-07,-0.000118286756
1.2,24,8.842784,0.0,0.0,0.9993754,-5.4665776e-05,-5.0681963e-05,0.0,0.0,0.0,0.0002318384,1.0087415e-05,9.305999e-06,-0.00011584876,5.03226e-07,-0.00011598069,0.0002318384,6.8731797e-06,6.4387705e-06,1.3301651e-05,-0.00011584876,2.649186e-07,1.2173226e-05,7.415333e-07,-0.00011598069
1.2,24,8.882732,0.0,0.0,0.9993844,-5.413819e-05,-5.0197985e-05,0.0,0.0,0.0,0.00022733911,9.934654e-06,9.16626e-06,-0.00011360355,4.9078267e-07,-0.00011373017,0.00022733911,6.7698907e-06,6.3422335e-06,1.3099418e-05,-0.00011360355,2.5593607e-07,1.1990286e-05,7.2562926e-07,-0.00011373017
1.2,24,8.92268,0.0,0.0,0.9993933,-5.3612486e-05,-4.9714643e-05,0.0,0.0,0.0,0.00022295446,9.785097e-06,9.029709e-06,-0.00011140868,4.78712e-07,-0.000111536174,0.00022295446,6.668817e-06,6.247883e-06,1.2901378e-05,-0.00011140868,2.4726458e-07,1.1811535e-05,7.1015944e-07,-0.000111536174
1.2,24,8.962628,0.0,0.0,0.99940187,-5.3086056e-05,-4.9230104e-05,0.0,0.0,0.0,0.000218677,9.6387885e-06,8.8960805e-06,-0.000109272434,4.6700794e-07,-0.000109392844,0.000218677,6.5700297e-06,6.1553783e-06,1.2707548e-05,-0.000109272434,2.38893e-07,1.1636783e-05,6.951229e-07,-0.000109392844
1.2,24,9.002578,0.0,0.0,0.99941045,-5.2577267e-05,-4.8762133e-05,0.0,0.0,0.0,0.0002144958,9.495422e-06,8.764934e-06,-0.000107185464,4.5564897e-07,-0.00010730404,0.0002144958,6.4728933e-06,6.0645602e-06,1.251795e-05,-0.000107185464,2.3079502e-07,1.1465308e-05,6.805029e-07,-0.00010730404
1.2,24,9.042526,0.0,0.0,0.99941885,-5.206978e-05,-4.8293725e-05,0.0,0.0,0.0,0.00021042181,9.3550425e-06,8.636594e-06,-0.00010514753,4.446336e-07,-0.000105263294,0.00021042181,6.378008e-06,5.975849e-06,1.2332076e-05,-0.00010514753,2.2298588e-07,1.1297339e-05,6.662813e-07,-0.000105263294
1.2,24,9.082474,0.0,0.0,0.9994268,-5.1453946e-05,-4.8024544e-05,0.0,0.0,0.0,0.00020644699,9.217618e-06,8.51093e-06,-0.000103159946,4.339455e-07,-0.00010327217,0.00020644699,6.2850445e-06,5.88898e-06,1.2150191e-05,-0.000103159946,2.154356e-07,1.113288e-05,6.524554e-07,-0.00010327217
1.2,24,9.122422,0.0,0.0,0.99943465,-5.1114308e-05,-4.778261e-05,0.0,0.0,0.0,0.00020255925,9.082878e-06,8.387693e-06,-0.00010121775,4.2356123e-07,-0.000101328136,0.00020255925,6.1938244e-06,5.8036203e-06,1.1971931e-05,-0.00010121775,2.0813897e-07,1.0971766e-05,6.389835e-07,-0.000101328136
1.2,24,9.162372,0.0,0.0,0.99944246,-5.064012e-05,-4.7337977e-05,0.0,0.0,0.0,0.00019876656,8.950926e-06,8.266802e-06,-9.9323624e-05,4.1349097e-07,-9.943068e-05,0.00019876656,6.1045066e-06,5.7199672e-06,1.1797345e-05,-9.9323624e-05,2.010969e-07,1.0813636e-05,6.2588504e-07,-9.943068e-05
1.2,24,9.20232,0.0,0.0,0.9994498,-5.022843e-05,-4.6821577e-05,0.0,0.0,0.0,0.00019506413,8.821315e-06,8.148439e-06,-9.747295e-05,4.0370978e-07,-9.75776e-05,0.00019506413,6.016621e-06,5.6379013e-06,1.1626008e-05,-9.747295e-05,1.9427569e-07,1.0658976e-05,6.1314387e-07,-9.75776e-05
1.2,24,9.242268,0.0,0.0,0.9994573,-4.972994e-05,-4.6207842e-05,0.0,0.0,0.0,0.0001914506,8.694453e-06,8.032403e-06,-9.5665964e-05,3.942099e-07,-9.576862e-05,0.0001914506,5.9307754e-06,5.5576365e-06,1.145813e-05,-9.5665964e-05,1.8769036e-07,1.05071695e-05,6.0072944e-07,-9.576862e-05
1.2,24,9.282216,0.0,0.0,0.99946475,-4.9255592e-05,-4.5774883e-05,0.0,0.0,0.0,0.00018791687,8.570416e-06,7.918678e-06,-9.390083e-05,3.8498854e-07,-9.4000214e-05,0.00018791687,5.8466117e-06,5.4787934e-06,1.1294221e-05,-9.390083e-05,1.8132845e-07,1.03585635e-05,5.886486e-07,-9.4000214e-05
1.2,24,9.3221655,0.0,0.0,0.9994721,-4.880765e-05,-4.536157e-05,0.0,0.0,0.0,0.00018446652,8.448381e-06,7.807017e-06,-9.217681e-05,3.7602834e-07,-9.227454e-05,0.00018446652,5.7639327e-06,5.4015322e-06,1.1132829e-05,-9.217681e-05,1.7516844e-07,1.0212502e-05,5.768882e-07,-9.227454e-05
1.2,24,9.362114,0.0,0.0,0.99947935,-4.835957e-05,-4.4942793e-05,0.0,0.0,0.0,0.00018110099,8.328961e-06,7.697437e-06,-9.049261e-05,3.6731953e-07,-9.058824e-05,0.00018110099,5.6828876e-06,5.325685e-06,1.0975034e-05,-9.049261e-05,1.6921926e-07,1.0069189e-05,5.654198e-07,-9.058824e-05
1.2,24,9.402061,0.0,0.0,0.9994864,-4.7916288e-05,-4.4532604e-05,0.0,0.0,0.0,0.0001778029,8.2119395e-06,7.590258e-06,-8.884704e-05,3.5886052e-07,-8.894046e-05,0.0001778029,5.6034946e-06,5.251507e-06,1.0820385e-05,-8.884704e-05,1.6346004e-07,9.929009e-06,5.5426096e-07,-8.894046e-05
1.2,24,9.44201,0.0,0.0,0.9994933,-4.748012e-05,-4.412883e-05,0.0,0.0,0.0,0.00017458611,8.096907e-06,7.4849995e-06,-8.723939e-05,3.5064323e-07,-8.733037e-05,0.00017458611,5.525466e-06,5.1785532e-06,1.0668347e-05,-8.723939e-05,1.5790124e-07,9.791446e-06,5.433852e-07,-8.733037e-05
1.2,24,9.481959,0.0,0.0,0.99950016,-4.7053403e-05,-4.373432e-05,0.0,0.0,0.0,0.00017144413,7.984192e-06,7.3816336e-06,-8.5669904e-05,3.4264977e-07,-8.575686e-05,0.00017144413,5.448949e-06,5.1068837e-06,1.0519436e-05,-8.5669904e-05,1.5251554e-07,9.656384e-06,5.32784e-07,-8.575686e-05
1.2,24,9.521908,0.0,0.0,0.9995069,-4.6621128e-05,-4.3333814e-05,0.0,0.0,0.0,0.00016836959,7.873685e-06,7.2801918e-06,-8.413431e-05,3.348863e-07,-8.4218795e-05,0.00016836959,5.373875e-06,5.036667e-06,1.0373494e-05,-8.413431e-05,1.4731384e-07,9.5237165e-06,5.224588e-07,-8.4218795e-05
1.2,24,9.561855,0.0,0.0,0.9995134,-4.6204226e-05,-4.294786e-05,0.0,0.0,0.0,0.00016536532,7.765279e-06,7.1808504e-06,-8.2633625e-05,3.273358e-07,-8.271688e-05,0.00016536532,5.3003614e-06,4.967912e-06,1.0230197e-05,-8.2633625e-05,1.4227231e-07,9.393789e-06,5.123993e-07,-8.271688e-05
1.2,24,9.601804,0.0,0.0,0.9995198,-4.5786688e-05,-4.256167e-05,0.0,0.0,0.0,0.00016242899,7.658893e-06,7.0831848e-06,-8.1166174e-05,3.199961e-07,-8.124761e-05,0.00016242899,5.2281107e-06,4.900017e-06,1.0089676e-05,-8.1166174e-05,1.3740346e-07,9.266353e-06,5.0258876e-07,-8.124761e-05
1.2,24,9.641753,0.0,0.0,0.9995262,-4.539563e-05,-4.2200547e-05,0.0,0.0,0.0,0.00015955688,7.554422e-06,6.9874886e-06,-7.97307e-05,3.1285583e-07,-7.981063e-05,0.00015955688,5.157169e-06,4.83376e-06,9.951675e-06,-7.97307e-05,1.3268553e-07,9.141217e-06,4.9302616e-07,-7.981063e-05
1.2,24,9.681702,0.0,0.0,0.9995324,-4.4987086e-05,-4.1822103e-05,0.0,0.0,0.0,0.00015674718,7.4520185e-06,6.893519e-06,-7.832924e-05,3.0590883e-07,-7.840826e-05,0.00015674718,5.0874482e-06,4.7686844e-06,9.816588e-06,-7.832924e-05,1.2812023e-07,9.018354e-06,4.836974e-07,-7.840826e-05
1.2,24,9.721649,0.0,0.0,0.99953854,-4.459203e-05,-4.1457046e-05,0.0,0.0,0.0,0.00015400207,7.351566e-06,6.801162e-06,-7.695846e-05,2.9915014e-07,-7.703277e-05,0.00015400207,5.0192193e-06,4.7046406e-06,9.683913e-06,-7.695846e-05,1.2369716e-07,8.897683e-06,4.7460315e-07,-7.703277e-05
1.2,24,9.761598,0.0,0.0,0.99954456,-4.420655e-05,-4.1100477e-05,0.0,0.0,0.0,0.00015131559,7.252839e-06,6.7106184e-06,-7.5617056e-05,2.9258078e-07,-7.5690295e-05,0.00015131559,4.952008e-06,4.6418145e-06,9.553671e-06,-7.5617056e-05,1.1942838e-07,8.779422e-06,4.657332e-07,-7.5690295e-05
1.2,24,9.801547,0.0,0.0,0.99955046,-4.381978e-05,-4.0742114e-05,0.0,0.0,0.0,0.00014869047,7.155979e-06,6.6217062e-06,-7.4304095e-05,2.861835e-07,-7.437598e-05,0.00014869047,4.8861443e-06,4.5802944e-06,9.425813e-06,-7.4304095e-05,1.1529026e-07,8.663118e-06,4.5707674e-07,-7.437598e-05
1.2,24,9.841495,0.0,0.0,0.99955624,-4.3441643e-05,-4.039692e-05,0.0,0.0,0.0,0.00014611983,7.060835e-06,6.53443e-06,-7.302012e-05,2.7996415e-07,-7.3090996e-05,0.00014611983,4.821527e-06,4.5196534e-06,9.300143e-06,-7.302012e-05,1.1128796e-07,8.549207e-06,4.4864035e-07,-7.3090996e-05
1.2,24,9.881443,0.0,0.0,0.99956197,-4.306106e-05,-4.0044106e-05,0.0,0.0,0.0,0.00014360652,6.9676666e-06,6.4487203e-06,-7.176602e-05,2.7390504e-07,-7.1834125e-05,0.00014360652,4.7580606e-06,4.4602994e-06,9.177273e-06,-7.176602e-05,1.07409086e-07,8.437141e-06,4.4040098e-07,-7.1834125e-05
1.2,24,9.9213915,0.0,0.0,0.99956757,-4.269908e-05,-3.9708928e-05,0.0,0.0,0.0,0.00014114774,6.875868e-06,6.364511e-06,-7.0537826e-05,2.680083e-07,-7.060543e-05,0.00014114774,4.695645e-06,4.4018934e-06,9.056091e-06,-7.0537826e-05,1.0365493e-07,8.327129e-06,4.3236167e-07,-7.060543e-05
1.2,24,9.961341,0.0,0.0,0.99957305,-4.2279396e-05,-3.9379e-05,0.0,0.0,0.0,0.00013874192,6.785801e-06,6.281819e-06,-6.9335794e-05,2.6226388e-07,-6.9401496e-05,0.00013874192,4.634469e-06,4.344585e-06,8.937133e-06,-6.9335794e-05,1.0001427e-07,8.219053e-06,4.2451347e-07,-6.9401496e-05
1.2,24,10.001288,0.0,0.0,0.9995785,-4.197223e-05,-3.9074366e-05,0.0,0.0,0.0,0.00013639074,6.6975067e-06,6.20064e-06,-6.8160094e-05,2.5667242e-07,-6.822442e-05,0.00013639074,4.5742872e-06,4.2883094e-06,8.820726e-06,-6.8160094e-05,9.649051e-08,8.112971e-06,4.168543e-07,-6.822442e-05
1.2,24,10.041237,0.0,0.0,0.9995838,-4.1608444e-05,-3.8743015e-05,0.0,0.0,0.0,0.00013408538,6.6106786e-06,6.120825e-06,-6.700852e-05,2.5122912e-07,-6.7072004e-05,0.00013408538,4.5151246e-06,4.2329084e-06,8.706233e-06,-6.700852e-05,9.308554e-08,8.008742e-06,4.093727e-07,-6.7072004e-05
1.2,24,10.081185,0.0,0.0,0.999589,-4.121692e-05,-3.8398295e-05,0.0,0.0,0.0,0.00013183219,6.5253053e-06,6.0424545e-06,-6.588148e-05,2.4592515e-07,-6.594257e-05,0.00013183219,4.4569847e-06,4.17853e-06,8.593626e-06,-6.588148e-05,8.977999e-08,7.906378e-06,4.0207033e-07,-6.594257e-05
1.2,24,10.121135,0.0,0.0,0.99959415,-4.0917115e-05,-3.806002e-05,0.0,0.0,0.0,0.00012962401,6.441568e-06,5.965377e-06,-6.4778425e-05,2.4076328e-07,-6.483945e-05,0.00012962401,4.3999144e-06,4.1251224e-06,8.483222e-06,-6.4778425e-05,8.658224e-08,7.805632e-06,3.9494435e-07,-6.483945e-05
1.2,24,10.161082,0.0,0.0,0.9995992,-4.0568324e-05,-3.773587e-05,0.0,0.0,0.0,0.00012746542,6.3592674e-06,5.8897003e-06,-6.3699204e-05,2.357304e-07,-6.3757354e-05,0.00012746542,4.3438786e-06,4.0726563e-06,8.374656e-06,-6.3699204e-05,8.3483165e-08,7.706744e-06,3.8797762e-07,-6.3757354e-05
1.2,24,10.201031,0.0,0.0,0.99960417,-4.0234023e-05,-3.743069e-05,0.0,0.0,0.0,0.00012534818,6.2783247e-06,5.815401e-06,-6.264129e-05,2.308255e-07,-6.269981e-05,0.00012534818,4.288761e-06,4.021135e-06,8.267888e-06,-6.264129e-05,8.0479744e-08,7.6096667e-06,3.8117128e-07,-6.269981e-05
1.2,24,10.240979,0.0,0.0,0.99960905,-3.9900744e-05,-3.7117472e-05,0.0,0.0,0.0,0.00012327802,6.1990186e-06,5.74212e-06,-6.160728e-05,2.2604937e-07,-6.1664505e-05,0.00012327802,4.2346833e-06,3.970259e-06,8.163354e-06,-6.160728e-05,7.757497e-08,7.5139806e-06,3.7452378e-07,-6.1664505e-05
1.2,24,10.280929,0.0,0.0,0.9996139,-3.9579067e-05,-3.68193e-05,0.0,0.0,0.0,0.000121246616,6.1209385e-06,5.6703984e-06,-6.0593862e-05,2.2139486e-07,-6.0649465e-05,0.000121246616,4.1814856e-06,3.9204715e-06,8.060391e-06,-6.0593862e-05,7.475728e-08,7.4203253e-06,3.6803243e-07,-6.0649465e-05
1.2,24,10.320876,0.0,0.0,0.9996186,-3.924845e-05,-3.6819736e-05,0.0,0.0,0.0,0.000119260905,6.044007e-06,5.599796e-06,-5.96014e-05,2.1685794e-07,-5.965652e-05,0.000119260905,4.129114e-06,3.8716003e-06,7.9589e-06,-5.96014e-05,7.2026914e-08,7.327992e-06,3.6168896e-07,-5.965652e-05
1.2,24,10.360825,0.0,0.0,0.99962324,-3.893381e-05,-3.6522164e-05,0.0,0.0,0.0,0.000117316704,5.9686477e-06,5.5303663e-06,-5.8628102e-05,2.1243261e-07,-5.8682846e-05,0.000117316704,4.0776968e-06,3.8234425e-06,7.859599e-06,-5.8628102e-05,6.937837e-08,7.23729e-06,3.5548686e-07,-5.8682846e-05
1.2,24,10.400773,0.0,0.0,0.99962777,-3.873208e-05,-3.609196e-05,0.0,0.0,0.0,0.000115412346,5.8945484e-06,5.4620727e-06,-5.7676232e-05,2.081187e-07,-5.7729307e-05,0.000115412346,4.0271016e-06,3.7760276e-06,7.761995e-06,-5.7676232e-05,6.6815076e-08,7.1481177e-06,3.4942235e-07,-5.7729307e-05
1.2,24,10.440722,0.0,0.0,0.99963224,-3.8412934e-05,-3.5794827e-05,0.0,0.0,0.0,0.00011354335,5.8215446e-06,5.3950653e-06,-5.6743476e-05,2.0391172e-07,-5.6795616e-05,0.00011354335,3.9773845e-06,3.729514e-06,7.665704e-06,-5.6743476e-05,6.432684e-08,7.060616e-06,3.434966e-07,-5.6795616e-05
1.2,24,10.48067,0.0,0.0,0.9996366,-3.8002832e-05,-3.5287496e-05,0.0,0.0,0.0,0.00011171516,5.7498614e-06,5.328982e-06,-5.5829638e-05,1.9981042e-07,-5.5880282e-05,0.00011171516,3.9285046e-06,3.6836373e-06,7.5712182e-06,-5.5829638e-05,6.191914e-08,6.9743264e-06,3.377017e-07,-5.5880282e-05
1.2,24,10.520618,0.0,0.0,0.99964094,-3.7689075e-05,-3.4997916e-05,0.0,0.0,0.0,0.00010992378,5.679374e-06,5.2641417e-06,-5.493365e-05,1.9581097e-07,-5.498336e-05,0.00010992378,3.8804055e-06,3.638673e-06,7.4783425e-06,-5.493365e-05,5.958342e-08,6.8896106e-06,3.3203852e-07,-5.498336e-05
1.2,24,10.560567,0.0,0.0,0.9996453,-3.7397906e-05,-3.4730605e-05,0.0,0.0,0.0,0.000108167864,5.610208e-06,5.200281e-06,-5.4055596e-05,1.9191047e-07,-5.4104927e-05,0.000108167864,3.833176e-06,3.594402e-06,7.3872397e-06,-5.4055596e-05,5.7319443e-08,6.80616e-06,3.265015e-07,-5.4104927e-05
1.2,24,10.600516,0.0,0.0,0.99964947,-3.710058e-05,-3.4454075e-05,0.0,0.0,0.0,0.000106447274,5.542074e-06,5.137539e-06,-5.3195938e-05,1.8810486e-07,-5.3244374e-05,0.000106447274,3.7866607e-06,3.5508087e-06,7.297488e-06,-5.3195938e-05,5.5124588e-08,6.724269e-06,3.2108514e-07,-5.3244374e-05
1.2,24,10.640464,0.0,0.0,0.99965364,-3.6808156e-05,-3.4185126e-05,0.0,0.0,0.0,0.00010476229,5.47502e-06,5.075764e-06,-5.2353073e-05,1.843928e-07,-5.240027e-05,0.00010476229,3.7409477e-06,3.5079458e-06,7.2090916e-06,-5.2353073e-05,5.299993e-08,6.643582e-06,3.1578568e-07,-5.240027e-05
1.2,24,10.680412,0.0,0.0,0.9996577,-3.651722e-05,-3.3916414e-05,0.0,0.0,0.0,0.00010310819,5.4090874e-06,5.015124e-06,-5.152697e-05,1.8076881e-07,-5.157403e-05,0.00010310819,3.6959102e-06,3.465823e-06,7.122265e-06,-5.152697e-05,5.093759e-08,6.564425e-06,3.1060003e-07,-5.157403e-05
1.2,24,10.720361,0.0,0.0,0.99966174,-3.6221267e-05,-3.3641547e-05,0.0,0.0,0.0,0.00010148926,5.3442723e-06,4.955365e-06,-5.0717208e-05,1.772332e-07,-5.0762974e-05,0.00010148926,3.651677e-06,3.4243808e-06,7.0368674e-06,-5.0717208e-05,4.893675e-08,6.4863493e-06,3.0552965e-07,-5.0762974e-05
1.2,24,10.76031,0.0,0.0,0.99966574,-3.5943114e-05,-3.3385313e-05,0.0,0.0,0.0,9.990151e-05,5.280532e-06,4.8966062e-06,-4.9923816e-05,1.7378254e-07,-4.9968163e-05,9.990151e-05,3.608146e-06,3.3836354e-06,6.9529183e-06,-4.9923816e-05,4.6995e-08,6.409577e-06,3.0057006e-07,-4.9968163e-05
1.2,24,10.800258,0.0,0.0,0.9996696,-3.5664365e-05,-3.312805e-05,0.0,0.0,0.0,9.834629e-05,5.2177274e-06,4.8388533e-06,-4.9145587e-05,1.7041555e-07,-4.9189934e-05,9.834629e-05,3.5653375e-06,3.3435192e-06,6.870117e-06,-4.9145587e-05,4.5117535e-08,6.3341877e-06,2.9571356e-07,-4.9189934e-05
1.2,24,10.840206,0.0,0.0,0.9996735,-3.5385703e-05,-3.2870485e-05,0.0,0.0,0.0,9.6817246e-05,5.1560796e-06,4.781837e-06,-4.838266e-05,1.6712842e-07,-4.842619e-05,9.6817246e-05,3.523262e-06,3.3040026e-06,6.7888973e-06,-4.838266e-05,4.3293436e-08,6.2596714e-06,2.909634e-07,-4.842619e-05
1.2,24,10.880155,0.0,0.0,0.99967724,-3.5115867e-05,-3.262107e-05,0.0,0.0,0.0,9.532007e-05,5.0954272e-06,4.7259655e-06,-4.7635283e-05,1.6392089e-07,-4.767742e-05,9.532007e-05,3.481832e-06,3.2652251e-06,6.7090223e-06,-4.7635283e-05,4.1529226e-08,6.1867063e-06,2.8631254e-07,-4.767742e-05
1.2,24,10.920103,0.0,0.0,0.99968094,-3.484871e-05,-3.2380387e-05,0.0,0.0,0.0,9.38526e-05,5.0355493e-06,4.6707733e-06,-4.6901358e-05,1.6078471e-07,-4.6943653e-05,9.38526e-05,3.4408947e-06,3.2269502e-06,6.630204e-06,-4.6901358e-05,3.981144e-08,6.114596e-06,2.8175796e-07,-4.6943653e-05
1.2,24,10.960052,0.0,0.0,0.99968463,-3.4577373e-05,-3.212407e-05,0.0,0.0,0.0,9.2414244e-05,4.976786e-06,4.6166015e-06,-4.6182002e-05,1.5772764e-07,-4.6223395e-05,9.2414244e-05,3.4008012e-06,3.189365e-06,6.55277e-06,-4.6182002e-05,3.814989e-08,6.0438383e-06,2.773054e-07,-4.6223395e-05
1.2,24,11.0,0.0,0.0,0.99968827,-3.4309873e-05,-3.187575e-05,0.0,0.0,0.0,9.100185e-05,4.9189234e-06,4.5631605e-06,-4.547663e-05,1.5473566e-07,-4.5516004e-05,9.100185e-05,3.3613057e-06,3.1522798e-06,6.4765413e-06,-4.547663e-05,3.6535074e-08,5.9740414e-06,2.7293623e-07,-4.5516004e-05
1.8,36,-4.5,0.0,0.0,0.9961184,0.00018707699,0.000177491,0.0,0.0,0.0,-0.0026617874,6.0009355e-05,5.7103127e-05,0.0013303892,-4.1394196e-07,0.0013309151,-0.0026617874,3.4523913e-05,3.2277298e-05,8.54948e-05,0.0013303892,-1.7964245e-06,8.1928956e-05,9.685406e-07,0.0013309151
1.8,36,-4.4600515,0.0,0.0,0.9960167,0.00019034637,0.00018054679,0.0,0.0,0.0,-0.0027562326,6.1622115e-05,5.863594e-05,0.0013776001,-4.296785e-07,0.0013781723,-0.0027562326,3.5418583e-05,3.3108696e-05,8.782565e-05,0.0013776001,-1.849325e-06,8.4163185e-05,9.89968e-07,0.0013781723
1.8,36,-4.420103,0.0,0.0,0.9959116,0.00019367295,0.0001836745,0.0,0.0,0.0,-0.0028548983,6.329363e-05,6.0224902e-05,0.0014268842,-4.4634976e-07,0.001427508,-0.0028548983,3.6346e-05,3.3969343e-05,9.024126e-05,0.0014268842,-1.9045918e-06,8.648046e-05,1.0118923e-06,0.001427508
1.8,36,-4.3801546,0.0,0.0,0.99580246,0.00019709446,0.00018680918,0.0,0.0,0.0,-0.0029580079,6.5025226e-05,6.1872604e-05,0.0014784229,-4.6388448e-07,0.0014790839,-0.0029580079,3.730474e-05,3.4860794e-05,9.274571e-05,0.0014784229,-1.9620952e-06,8.888442e-05,1.0343263e-06,0.0014790839
1.8,36,-4.340206,0.0,0.0,0.9956941,0.00023300727,0.000189492,0.0,0.0,0.0,-0.0030657907,6.682368e-05,6.358237e-05,0.0015323528,-4.824146e-07,0.0015330535,-0.0030657907,3.829873e-05,3.5784396e-05,9.534864e-05,0.0015323528,-2.0221255e-06,9.1380345e-05,1.0572963e-06,0.0015330535
1.8,36,-4.3002577,0.0,0.0,0.9955777,0.00023936774,0.00019283647,0.0,0.0,0.0,-0.0031785918,6.8688976e-05,6.5356326e-05,0.0015887151,-5.020359e-07,0.0015894583,-0.0031785918,3.933099e-05,3.6743153e-05,9.804696e-05,0.0015887151,-2.0848295e-06,9.39695e-05,1.0807577e-06,0.0015894583
1.8,36,-4.260309,0.0,0.0,0.995464,0.00021107735,0.00019604393,0.0,0.0,0.0,-0.0032966423,7.062659e-05,6.719796e-05,0.0016477058,-5.2276187e-07,0.0016484861,-0.0032966423,4.0401585e-05,3.7737464e-05,0.0001008516,0.0016477058,-2.1501924e-06,9.665845e-05,1.1046686e-06,0.0016484861
1.8,36,-4.2203608,0.0,0.0,0.99533886,0.00021497933,0.00019957601,0.0,0.0,0.0,-0.0034201664,7.263824e-05,6.911241e-05,0.0017094883,-5.4469876e-07,0.0017103256,-0.0034201664,4.1511048e-05,3.877035e-05,0.00010376544,0.0017094883,-2.2185316e-06,9.945447e-05,1.129134e-06,0.0017103256
1.8,36,-4.1804123,0.0,0.0,0.9952092,0.00021902042,0.00020321664,0.0,0.0,0.0,-0.0035495746,7.472757e-05,7.1099465e-05,0.0017741874,-5.6794465e-07,0.0017750573,-0.0035495746,4.2665783e-05,3.984027e-05,0.00010678936,0.0017741874,-2.289986e-06,0.00010235867,1.1540967e-06,0.0017750573
1.8,36,-4.140464,0.0,0.0,0.9950747,0.00022318277,0.00020697605,0.0,0.0,0.0,-0.0036851175,7.690177e-05,7.316559e-05,0.0018419885,-5.926e-07,0.0018428781,-0.0036851175,4.3864744e-05,4.0952502e-05,0.0001099388,0.0018419885,-2.3648017e-06,0.000105378684,1.1796018e-06,0.0018428781
1.8,36,-4.1005154,0.0,0.0,0.99493515,0.00022762851,0.00021195025,0.0,0.0,0.0,-0.0038272797,7.915986e-05,7.53159e-05,0.0019130536,-6.1881127e-07,0.0019139666,-0.0038272797,4.5108933e-05,4.2109612e-05,0.00011321078,0.0019130536,-2.4431242e-06,0.00010852219,1.2055017e-06,0.0019139666
1.8,36,-4.060567,0.0,0.0,0.99479,0.00023174654,0.00021622586,0.0,0.0,0.0,-0.003974855,8.151057e-05,7.7552795e-05,0.0019867031,-6.465589e-07,0.0019876135,-0.003974855,4.6402733e-05,4.33122e-05,0.0001166184,0.0019867031,-2.5250645e-06,0.00011179339,1.2319467e-06,0.0019876135
1.8,36,-4.0206184,0.0,0.0,0.9946395,0.00023615448,0.00022082409,0.0,0.0,0.0,-0.0041313027,8.3959e-05,7.9878e-05,0.0020648565,-6.760707e-07,0.0020658262,-0.0041313027,4.775007e-05,4.4559718e-05,0.000120167926,0.0020648565,-2.6109171e-06,0.000115196286,1.2587757e-06,0.0020658262
1.8,36,-3.9806702,0.0,0.0,0.99448097,0.00024090099,0.00022519997,0.0,0.0,0.0,-0.0042954697,8.6503365e-05,8.230033e-05,0.0021469467,-7.0743783e-07,0.0021479712,-0.0042954697,4.9149363e-05,4.585961e-05,0.00012385736,0.0021469467,-2.7010014e-06,0.000118741045,1.2861258e-06,0.0021479712
1.8,36,-3.9407218,0.0,0.0,0.99431837,0.00024571497,0.00022958538,0.0,0.0,0.0,-0.0044678734,8.915572e-05,8.4823674e-05,0.002233068,-7.40791e-07,0.002234183,-0.0044678734,5.0607006e-05,4.7213176e-05,0.00012770444,0.002233068,-2.7953981e-06,0.00012243417,1.3138161e-06,0.002234183
1.8,36,-3.9007733,0.0,0.0,0.99415,0.00025089987,0.00023414296,0.0,0.0,0.0,-0.004648931,9.192009e-05,8.745376e-05,0.002323668,-7.7639083e-07,0.0023248089,-0.004648931,5.2124393e-05,4.8620797e-05,0.00013171579,0.002323668,-2.894681e-06,0.00012628672,1.3418994e-06,0.0023248089
1.8,36,-3.8608248,0.0,0.0,0.9939762,0.00025575925,0.0002388381,0.0,0.0,0.0,-0.004839389,9.480417e-05,9.019174e-05,0.0024188457,-8.143569e-07,0.0024200745,-0.004839389,5.370762e-05,5.0088704e-05,0.00013590073,0.0024188457,-2.9989737e-06,0.00013029476,1.37026e-06,0.0024200745
1.8,36,-3.8208764,0.0,0.0,0.9937953,0.00026102047,0.00024373928,0.0,0.0,0.0,-0.005039798,9.780959e-05,9.30567e-05,0.0025189565,-8.547314e-07,0.002520297,-0.005039798,5.5356322e-05,5.1620325e-05,0.00014026285,0.0025189565,-3.1085833e-06,0.00013449306,1.3991205e-06,0.002520297
1.8,36,-3.780928,0.0,0.0,0.9936045,0.00025888492,0.00024124159,0.0,0.0,0.0,-0.0052506626,0.0001009473,9.603749e-05,0.0026243206,-8.9790774e-07,0.0026257206,-0.0052506626,5.7076908e-05,5.3214862e-05,0.00014481769,0.0026243206,-3.2239482e-06,0.00013886012,1.4281327e-06,0.0026257206
1.8,36,-3.7409794,0.0,0.0,0.9934069,0.00027279058,0.0002577923,0.0,0.0,0.0,-0.0054726154,0.00010422431,9.915406e-05,0.002735205,-9.440523e-07,0.0027366665,-0.0054726154,5.88724e-05,5.4880744e-05,0.00014957623,0.002735205,-3.34544e-06,0.00014342737,1.4573354e-06,0.0027366665
1.8,36,-3.701031,0.0,0.0,0.9932034,0.0002794711,0.00025946886,0.0,0.0,0.0,-0.005706394,0.00010764564,0.000102408565,0.0028520334,-9.934199e-07,0.0028536273,-0.005706394,6.074956e-05,5.661943e-05,0.00015454172,0.0028520334,-3.4734396e-06,0.0001481977,1.4865997e-06,0.0028536273
1.8,36,-3.6610825,0.0,0.0,0.9930007,0.0002858751,0.0002665008,0.0,0.0,0.0,-0.005952767,0.00011122272,0.000105810264,0.002975166,-1.0461852e-06,0.0029769032,-0.005952767,6.2705374e-05,5.84344e-05,0.00015974006,0.002975166,-3.6083998e-06,0.00015318613,1.5160294e-06,0.0029769032
1.8,36,-3.621134,0.0,0.0,0.99277836,0.00028983035,0.00027195903,0.0,0.0,0.0,-0.006212553,0.00011496083,0.000109370936,0.0031050185,-1.1027521e-06,0.00310682,-0.006212553,6.475255e-05,6.0332077e-05,0.00016516911,0.0031050185,-3.7507493e-06,0.00015840979,1.5452453e-06,0.00310682
1.8,36,-3.5811856,0.0,0.0,0.9925456,0.00029621704,0.00027789085,0.0,0.0,0.0,-0.006486609,0.00011887944,0.00011309562,0.0032420214,-1.1634831e-06,0.003243906,-0.006486609,6.689747e-05,6.231964e-05,0.00017086141,0.0032420214,-3.9013416e-06,0.0001638716,1.5743755e-06,0.003243906
1.8,36,-3.541237,0.0,0.0,0.99230295,0.0003028593,0.00028414986,0.0,0.0,0.0,-0.0067759766,0.00012297505,0.000116991214,0.0033865827,-1.2285633e-06,0.0033886482,-0.0067759766,6.913995e-05,6.439597e-05,0.00017681015,0.0033865827,-4.0602263e-06,0.00016958645,1.6030997e-06,0.0033886482
1.8,36,-3.5012887,0.0,0.0,0.9920483,0.00030956574,0.00029092608,0.0,0.0,0.0,-0.0070816735,0.0001272629,0.000121072866,0.0035394037,-1.2985341e-06,0.0035415748,-0.0070816735,7.148507e-05,6.657351e-05,0.00018304074,0.0035394037,-4.228617e-06,0.00017557222,1.6315487e-06,0.0035415748
1.8,36,-3.4613404,0.0,0.0,0.99177605,0.00032935772,0.00029979562,0.0,0.0,0.0,-0.007404828,0.0001317614,0.00012535439,0.0037008538,-1.3737367e-06,0.0037032426,-0.007404828,7.394477e-05,6.884994e-05,0.00018957803,0.0037008538,-4.406843e-06,0.00018185884,1.6593693e-06,0.0037032426
1.8,36,-3.421392,0.0,0.0,0.99149925,0.00033767824,0.00030691965,0.0,0.0,0.0,-0.007746399,0.00013647592,0.00012984083,0.0038715887,-1.4546733e-06,0.003874198,-0.007746399,7.652355e-05,7.1238464e-05,0.00019642829,0.0038715887,-4.595661e-06,0.00018844318,1.6863141e-06,0.003874198
1.8,36,-3.3814435,0.0,0.0,0.99120134,0.00033202325,0.00031445466,0.0,0.0,0.0,-0.00810415,0.00014141909,0.00013454433,0.004050311,-1.5417864e-06,0.004052844,-0.00810415,7.922866e-05,7.3748524e-05,0.00020360951,0.004050311,-4.7958442e-06,0.00019534012,1.7122713e-06,0.004052844
1.8,36,-3.341495,0.0,0.0,0.99089766,0.00034005524,0.00032132372,0.0,0.0,0.0,-0.0084869135,0.00014662204,0.0001394911,0.004241671,-1.6358231e-06,0.0042443755,-0.0084869135,8.20721e-05,7.637939e-05,0.00021117197,0.004241671,-5.008648e-06,0.0002026028,1.7370016e-06,0.0042443755
1.8,36,-3.3015466,0.0,0.0,0.9905805,0.00034821563,0.0003293732,0.0,0.0,0.0,-0.008892652,0.00015207537,0.00014468102,0.004444461,-1.7371983e-06,0.004447365,-0.008892652,8.505493e-05,7.9144964e-05,0.0002190958,0.004444461,-5.2345704e-06,0.00021021708,1.7601737e-06,0.004447365
1.8,36,-3.261598,0.0,0.0,0.9902482,0.00035647122,0.00033742157,0.0,0.0,0.0,-0.009322948,0.00015781178,0.00015014323,0.0046595433,-1.8467463e-06,0.0046627675,-0.009322948,8.819461e-05,8.20506e-05,0.00022742894,0.0046595433,-5.474917e-06,0.00021823584,1.7814247e-06,0.0046627675
1.8,36,-3.2216496,0.0,0.0,0.9899005,0.00036526928,0.0003456534,0.0,0.0,0.0,-0.0097794905,0.00016384984,0.0001558873,0.004887814,-1.9654626e-06,0.004891118,-0.0097794905,9.149907e-05,8.5108135e-05,0.0002362006,0.004887814,-5.731213e-06,0.00022666648,1.8002877e-06,0.004891118
1.8,36,-3.1817012,0.0,0.0,0.98947287,0.00037492247,0.00035280854,0.0,0.0,0.0,-0.010264309,0.00017020226,0.00016193083,0.0051300623,-2.0936181e-06,0.0051336177,-0.010264309,9.4974595e-05,8.832609e-05,0.00024542992,0.0051300623,-6.0039074e-06,0.00023553558,1.8166713e-06,0.0051336177
1.8,36,-3.1417527,0.0,0.0,0.98908615,0.00038533326,0.000361455,0.0,0.0,0.0,-0.010779197,0.00017689397,0.00016829978,0.0053874715,-2.2326235e-06,0.0053913766,-0.010779197,9.863757e-05,9.1716945e-05,0.00025515037,0.0053874715,-6.295129e-06,0.00024488263,1.8298822e-06,0.0053913766
1.8,36,-3.1018043,0.0,0.0,0.98865485,0.00038645428,0.00042796627,0.0,0.0,0.0,-0.0113268215,0.00018393979,0.00017502216,0.0056612557,-2.3834261e-06,0.0056652883,-0.0113268215,0.00010249752,9.52956e-05,0.00026538206,0.0056612557,-6.6059542e-06,0.0002547487,1.8391021e-06,0.0056652883
1.8,36,-3.0618558,0.0,0.0,0.9881983,0.00038695015,0.00038011602,0.0,0.0,0.0,-0.011909872,0.00019138883,0.0001821027,0.005952529,-2.547279e-06,0.005956906,-0.011909872,0.00010657792,9.907067e-05,0.00027619972,0.005952529,-6.9386397e-06,0.00026513473,1.8440815e-06,0.005956906
1.8,36,-3.0219073,0.0,0.0,0.9875918,0.00041777702,0.0003960735,0.0,0.0,0.0,-0.012530696,0.00019924142,0.00018957905,0.0062627066,-2.7254957e-06,0.00626755,-0.012530696,0.00011088524,0.000103059334,0.0002875976,0.0062627066,-7.294849e-06,0.00027609876,1.8438577e-06,0.00626755
1.8,36,-2.9819589,0.0,0.0,0.9871102,0.0004290251,0.0004058383,0.0,0.0,0.0,-0.013192157,0.00020754179,0.00019748091,0.0065932763,-2.919158e-06,0.0065985,-0.013192157,0.0001154425,0.000107272885,0.00029964108,0.0065932763,-7.676106e-06,0.00028768895,1.83779e-06,0.0065985
1.8,36,-2.9420104,0.0,0.0,0.98658943,0.0004407812,0.00041732175,0.0,0.0,0.0,-0.013897907,0.00021631163,0.00020583402,0.006945689,-3.1302648e-06,0.0069515165,-0.013897907,0.00012025993,0.00011173391,0.00031236332,0.006945689,-8.085186e-06,0.00029993412,1.8246562e-06,0.0069515165
1.8,36,-2.902062,0.0,0.0,0.9860456,0.00045336547,0.00043000284,0.0,0.0,0.0,-0.01465128,0.00022560249,0.00021467541,0.0073221656,-3.3607555e-06,0.007328282,-0.01465128,0.00012536667,0.00011645302,0.0003258383,0.0073221656,-8.525019e-06,0.0003128978,1.8035083e-06,0.007328282
1.8,36,-2.8621135,0.0,0.0,0.98547155,0.00046629927,0.000443719,0.0,0.0,0.0,-0.015456115,0.00023542886,0.0002240343,0.0077242176,-3.6121696e-06,0.0077309,-0.015456115,0.00013077528,0.00012146029,0.00034008245,0.0077242176,-8.997634e-06,0.0003266083,1.7732945e-06,0.0077309
1.8,36,-2.822165,0.0,0.0,0.98487395,0.00047994222,0.00045660013,0.0,0.0,0.0,-0.016308645,0.00024585452,0.00023395705,0.008149778,-3.8876706e-06,0.008156667,-0.016308645,0.00013651651,0.00012677157,0.00035519255,0.008149778,-9.507359e-06,0.00034114253,1.7320181e-06,0.008156667
1.8,36,-2.7822165,0.0,0.0,0.98424417,0.00049367873,0.00047016033,0.0,0.0,0.0,-0.017229741,0.0002569065,0.00024449534,0.00860965,-4.189061e-06,0.008617406,-0.017229741,0.00014261117,0.00013241389,0.00037120184,0.00860965,-1.00566995e-05,0.00035657678,1.6785771e-06,0.008617406
1.8,36,-2.742268,0.0,0.0,0.9835787,0.00050773384,0.00048500748,0.0,0.0,0.0,-0.018215444,0.00026863947,0.00025566178,0.009102672,-4.519404e-06,0.009110956,-0.018215444,0.0001490882,0.00013840682,0.00038819073,0.009102672,-1.0649492e-05,0.00037291675,1.6106841e-06,0.009110956
1.8,36,-2.7023196,0.0,0.0,0.9828759,0.0005236177,0.00049903325,0.0,0.0,0.0,-0.019272843,0.00028110517,0.00026754494,0.009631002,-4.882064e-06,0.009639941,-0.019272843,0.00015599446,0.00014478444,0.00040621584,0.009631002,-1.1290523e-05,0.00039030545,1.5263948e-06,0.009639941
1.8,36,-2.6623712,0.0,0.0,0.9821306,0.0005397493,0.0005134436,0.0,0.0,0.0,-0.020407908,0.00029436237,0.00028017262,0.010198057,-5.280947e-06,0.010207737,-0.020407908,0.00016333064,0.00015157335,0.00042539413,0.010198057,-1.1985005e-05,0.00040877188,1.4231106e-06,0.010207737
1.8,36,-2.6224227,0.0,0.0,0.9813429,0.0005560237,0.0005293948,0.0,0.0,0.0,-0.021627096,0.00030848014,0.00029361114,0.010807079,-5.7199272e-06,0.010817924,-0.021627096,0.00017115356,0.00015880735,0.00044580674,0.010807079,-1.273766e-05,0.00042841493,1.2978052e-06,0.010817924
1.8,36,-2.5824742,0.0,0.0,0.9805082,0.0005738347,0.0005448141,0.0,0.0,0.0,-0.022938067,0.00032351929,0.00030794507,0.011462192,-6.2038166e-06,0.011473845,-0.022938067,0.00017951248,0.00016654424,0.0004675261,0.011462192,-1.35549535e-05,0.0004493459,1.1473204e-06,0.011473845
1.8,36,-2.5425258,0.0,0.0,0.9796247,0.0005921625,0.0005650049,0.0,0.0,0.0,-0.024348756,0.00033955392,0.00032322502,0.012167078,-6.738254e-06,0.012179811,-0.024348756,0.0001884365,0.00017479794,0.0004906714,0.012167078,-1.4444361e-05,0.0004716521,9.67853e-07,0.012179811
1.8,36,-2.5025773,0.0,0.0,0.97869015,0.00061343506,0.00058122515,0.0,0.0,0.0,-0.025868898,0.00035666107,0.00033953862,0.012926385,-7.3290585e-06,0.012940468,-0.025868898,0.00019797545,0.00018362068,0.0005153467,0.012926385,-1.5412374e-05,0.00049545657,7.5425703e-07,0.012940468
1.8,36,-2.462629,0.0,0.0,0.9776994,0.00063367316,0.00060096825,0.0,0.0,0.0,-0.027507856,0.0003749351,0.00035694567,0.0137455175,-7.983506e-06,0.013760843,-0.027507856,0.00020818783,0.00019305805,0.00054168236,0.0137455175,-1.6469103e-05,0.0005208333,5.020903e-07,0.013760843
1.8,36,-2.4226806,0.0,0.0,0.9766406,0.00065362453,0.00061877543,0.0,0.0,0.0,-0.029278219,0.00039449544,0.00037558487,0.014629972,-8.709227e-06,0.014647094,-0.029278219,0.00021913864,0.00020319033,0.00056985224,0.014629972,-1.7623423e-05,0.00054797943,2.0496846e-07,0.014647094
1.8,36,-2.3827322,0.0,0.0,0.9755038,0.0006734736,0.0006578647,0.0,0.0,0.0,-0.031192021,0.00041541638,0.0003955443,0.015586151,-9.515451e-06,0.015604948,-0.031192021,0.00023086628,0.00021404914,0.0005999665,0.015586151,-1.8886869e-05,0.0005770395,-1.4403369e-07,0.015604948
1.8,36,-2.3427837,0.0,0.0,0.974275,0.0006935176,0.0006654085,0.0,0.0,0.0,-0.033239372,0.00043783698,0.00041691592,0.01661133,-1.0413797e-05,0.016631942,-0.033239372,0.00024346808,0.00022571118,0.00063220586,0.01661133,-2.0273887e-05,0.0006081207,-5.5370737e-07,0.016631942
1.8,36,-2.3028352,0.0,0.0,0.97295284,0.00072495174,0.0006815218,0.0,0.0,0.0,-0.035485353,0.00046184892,0.0004398429,0.01773267,-1.141478e-05,0.017755343,-0.035485353,0.00025700577,0.00023823541,0.00066669204,0.01773267,-2.1796308e-05,0.0006414504,-1.0332514e-06,0.017755343
1.8,36,-2.2628868,0.0,0.0,0.97158337,0.0007512808,0.0007058945,0.0,0.0,0.0,-0.03791977,0.000487641,0.00046447606,0.018948616,-1.2533164e-05,0.018973297,-0.03791977,0.00027156016,0.00025172372,0.00070372183,0.018948616,-2.3472334e-05,0.0006772284,-1.5939956e-06,0.018973297
1.8,36,-2.2229383,0.0,0.0,0.9701198,0.00077896094,0.0007321213,0.0,0.0,0.0,-0.040564924,0.00051534554,0.00049092155,0.020268971,-1.3786456e-05,0.02029659,-0.040564924,0.00028723394,0.00026624632,0.0007434571,0.020268971,-2.5323227e-05,0.0007155968,-2.2496858e-06,0.02029659
1.8,36,-2.1829898,0.0,0.0,0.96856993,0.00080936577,0.0007589734,0.0,0.0,0.0,-0.04344162,0.00054513046,0.0005193829,0.021705242,-1.5191637e-05,0.021735659,-0.04344162,0.0003041251,0.00028191012,0.00078613585,0.021705242,-2.7367149e-05,0.0007568557,-3.016127e-06,0.021735659
1.8,36,-2.1430414,0.0,0.0,0.9668971,0.0008390504,0.0007875093,0.0,0.0,0.0,-0.046572585,0.00057716586,0.0005500178,0.023268767,-1.6771235e-05,0.023303058,-0.046572585,0.00032231002,0.00029880612,0.00083202164,0.023268767,-2.963156e-05,0.00080122956,-3.9109123e-06,0.023303058
1.8,36,-2.103093,0.0,0.0,0.9651003,0.00087158993,0.000822457,0.0,0.0,0.0,-0.049987346,0.00061168044,0.0005830346,0.024973944,-1.8551924e-05,0.025011886,-0.049987346,0.0003419487,0.00031707704,0.0008814121,0.024973944,-3.2145366e-05,0.0008489921,-4.958481e-06,0.025011886
1.8,36,-2.0631444,0.0,0.0,0.9631857,0.0008800217,0.000856396,0.0,0.0,0.0,-0.053715657,0.0006488698,0.0006186734,0.026834894,-2.056283e-05,0.026877247,-0.053715657,0.00036314852,0.00033682052,0.00093459105,0.026834894,-3.4942655e-05,0.00090052624,-6.183002e-06,0.026877247
1.8,36,-2.023196,0.0,0.0,0.96113944,0.00094651326,0.00086369686,0.0,0.0,0.0,-0.057792574,0.0006889389,0.0006571359,0.02886989,-2.28404e-05,0.028917052,-0.057792574,0.00038602058,0.00035821972,0.0009918573,0.02886989,-3.8063466e-05,0.0009560521,-7.6173337e-06,0.028917052
1.8,36,-1.9832475,0.0,0.0,0.9589291,0.0009894032,0.0009270368,0.0,0.0,0.0,-0.06225381,0.0007322022,0.00069871586,0.031097438,-2.5425743e-05,0.031150939,-0.06225381,0.00041075714,0.0003814037,0.0010536473,0.031097438,-4.155153e-05,0.001016028,-9.2999535e-06,0.031150939
1.8,36,-1.943299,0.0,0.0,0.956564,0.0010315239,0.00094777526,0.0,0.0,0.0,-0.06706585,0.0007789271,0.0007437459,0.033520386,-2.837012e-05,0.033578947,-0.06706585,0.0004374847,0.00040659137,0.0011203695,0.033520386,-4.5464687e-05,0.0010809004,-1.1275553e-05,0.033578947
1.8,36,-1.9033506,0.0,0.0,0.95406616,0.0010717672,0.0010089844,0.0,0.0,0.0,-0.07244183,0.00082933536,0.0007925439,0.036204454,-3.1729185e-05,0.036271214,-0.07244183,0.00046637302,0.00043399096,0.0011922977,0.036204454,-4.9859325e-05,0.0011510969,-1.3599041e-05,0.036271214
1.8,36,-1.8634021,0.0,0.0,0.9513287,0.0011190131,0.0010416919,0.0,0.0,0.0,-0.0783513,0.000883872,0.0008454346,0.03915615,-3.5574853e-05,0.03923196,-0.0783513,0.0004976258,0.00046383584,0.0012701182,0.03915615,-5.481229e-05,0.0012270334,-1.6337412e-05,0.03923196
1.8,36,-1.8234537,0.0,0.0,0.94835865,0.0011688449,0.0010965222,0.0,0.0,0.0,-0.084866434,0.0009427732,0.00090295577,0.042407803,-3.998646e-05,0.04249443,-0.084866434,0.0005313402,0.00049647206,0.0013542062,0.042407803,-6.0404367e-05,0.0013094395,-1.9568546e-05,0.04249443
1.8,36,-1.7835052,0.0,0.0,0.9451388,0.0012219653,0.0011462615,0.0,0.0,0.0,-0.09205672,0.0010064297,0.0009655955,0.045996573,-4.5058292e-05,0.046094257,-0.09205672,0.00056782697,0.00053224084,0.0014450323,0.045996573,-6.672903e-05,0.0013989501,-2.3387556e-05,0.046094257
1.8,36,-1.7435567,0.0,0.0,0.94164306,0.0012801108,0.0012004063,0.0,0.0,0.0,-0.10000454,0.0010752087,0.0010340041,0.049965706,-5.089605e-05,0.05007494,-0.10000454,0.0006072053,0.0005716783,0.0015432119,0.049965706,-7.389094e-05,0.00149633,-2.790117e-05,0.05007494
1.8,36,-1.7036083,0.0,0.0,0.9378487,0.0013421164,0.0012616239,0.0,0.0,0.0,-0.10880934,0.0011496136,0.0011090091,0.05436088,-5.7606965e-05,0.054484364,-0.10880934,0.00064976036,0.000615375,0.0016494668,0.05436088,-8.197989e-05,0.0016026434,-3.3234042e-05,0.054484364
1.8,36,-1.6636598,0.0,0.0,0.9337269,0.0014065647,0.0013305524,0.0,0.0,0.0,-0.11858452,0.001230079,0.0011915489,0.059239,-6.5298336e-05,0.05937894,-0.11858452,0.0006957392,0.0006642351,0.0017644189,0.059239,-9.108751e-05,0.0017188627,-3.950916e-05,0.05937894
1.8,36,-1.6237113,0.0,0.0,0.92909807,0.0014777319,0.0014552437,0.0,-3.4919982e-38,-9.098752e-38,-0.12937832,0.0013170803,0.0012829163,0.06461908,-7.402159e-05,0.0647731,-0.12937832,0.0007454392,0.0007193586,0.0018887214,0.06461908,-0.00010122877,0.0018464739,-4.6814406e-05,0.0647731
1.8,36,-1.5837629,0.0,0.0,0.9237252,0.0015678495,0.0016710229,3.4605078e-32,-3.2096053e-31,-1.048495e-30,-0.14149824,0.0014111314,0.0013845986,0.07066989,-8.3729996e-05,0.07084347,-0.14149824,0.0007990835,0.00078219624,0.0020231793,0.07066989,-0.00011228631,0.001987001,-5.5173685e-05,0.07084347
1.8,36,-1.5438144,0.0,0.0,0.9178311,0.0016493249,0.0015820244,4.938599e-26,-4.57984e-25,-1.4963222e-24,-0.15503761,0.0015126838,0.0014984391,0.07743229,-9.410351e-05,0.07762864,-0.15503761,0.00085691595,0.0008544149,0.0021684517,0.07743229,-0.000123826,0.0021424633,-6.438102e-05,0.07762864
1.8,36,-1.503866,0.0,0.0,0.9116455,0.0017377032,0.0016719765,9.589742e-21,-8.883386e-20,-2.9052628e-19,-0.17021605,0.0016219416,0.0016258629,0.08501115,-0.00010433399,0.0852328,-0.17021605,0.00091874937,0.00093749684,0.002325134,0.08501115,-0.00013488231,0.002314229,-7.378567e-05,0.0852328
1.8,36,-1.4639175,0.0,0.0,0.90503496,0.0018456108,0.0017726691,2.5368965e-16,-2.331165e-15,-7.680038e-15,-0.18728472,0.0017379479,0.0017670945,0.093534976,-0.00011269357,0.09378382,-0.18728472,0.0009831963,0.0010315176,0.0024926995,0.093534976,-0.00014349645,0.0025026712,-8.189068e-05,0.09378382
1.8,36,-1.423969,0.0,0.0,0.8977636,0.0019417693,0.00188186,9.228872e-13,-7.981631e-12,-2.7790497e-11,-0.20655239,0.0018572276,0.0019189848,0.10315598,-0.00011598546,0.10343827,-0.20655239,0.0010454931,0.0011330995,0.002668962,0.10315598,-0.0001462234,0.0027048702,-8.574752e-05,0.10343827
1.8,36,-1.3840206,0.0,0.0,0.8897519,0.0020522273,0.0019927078,4.9245374e-10,-2.484432e-09,-1.4301436e-08,-0.22843625,0.0019686515,0.002072977,0.11408007,-0.0001095092,0.11440268,-0.22843625,0.0010927798,0.0012339415,0.0028445234,0.11408007,-0.00013847213,0.0029120124,-8.0546284e-05,0.11440268
1.8,36,-1.3440721,0.0,0.0,0.88088197,0.0021704866,0.0021169274,5.3064245e-08,5.2983756e-07,-1.3052514e-06,-0.25362262,0.002045123,0.0022197256,0.12660064,-9.186654e-05,0.12696426,-0.25362262,0.0010980553,0.0013267557,0.0029921907,0.12660064,-0.00012114976,0.0031126954,-6.258332e-05,0.12696426
1.8,36,-1.3041236,0.0,0.0,0.87101185,0.0022959525,0.0022523815,1.8470686e-06,5.1649917e-05,-3.6263566e-05,-0.2831376,0.0020616509,0.0023381799,0.1413715,-8.526996e-05,0.14169881,-0.2831376,0.0010635527,0.0014159007,0.003059749,0.1413715,-0.00012552882,0.003260459,-4.5011093e-05,0.14169881
1.8,36,-1.2641754,0.0,0.0,0.8599345,0.0024258837,0.0023639884,1.5522886e-05,0.0005245501,-0.00032188356,-0.31895348,0.0020073242,0.0022158779,0.15936352,-0.00012429919,0.15953022,-0.31895348,0.0011153424,0.0014600154,0.0028993064,0.15936352,-0.0001801631,0.0029717402,-6.843528e-05,0.15953022
1.8,36,-1.224227,0.0,0.0,0.8472913,0.0025327387,0.002499553,2.8354745e-05,0.0010137678,-0.0008945524,-0.36387733,0.0017622435,0.0019956408,0.18183406,-0.00016078513,0.18198575,-0.36387733,0.001151812,0.0014168539,0.0023726749,0.18183406,-0.00022159479,0.0025744275,-9.9975485e-05,0.18198575
1.8,36,-1.1842785,0.0,0.0,0.8326259,0.00264354,0.0026351637,3.2824257e-05,0.00095609616,-0.00078732293,-0.4181881,0.0017065401,0.0019674723,0.20893629,-9.360419e-05,0.20920238,-0.4181881,0.0010367571,0.0013291566,0.002376323,0.20893629,-0.00015795299,0.002605788,-2.9255385e-05,0.20920238
1.8,36,-1.14433,0.0,0.0,0.8158303,0.0027492915,0.0027436998,3.817508e-05,0.0012937357,-0.0006862523,-0.47792098,0.0015829816,0.001587952,0.23902519,-4.1897332e-05,0.2388424,-0.47792098,0.0007668576,0.0010261516,0.0023991056,0.23902519,-8.434023e-06,0.0021497526,-7.5360644e-05,0.2388424
1.8,36,-1.1043816,0.0,0.0,0.79680187,0.0028451162,0.0027131394,3.5661895e-05,0.0015446133,-0.00061597547,-0.5418831,0.0015581064,0.0012035933,0.2709524,0.000105078085,0.27074027,-0.5418831,0.00063635356,0.0007382239,0.0024798592,0.2709524,9.454088e-05,0.0016689627,0.00011561529,0.27074027
1.8,36,-1.0644331,0.0,0.0,0.7751833,0.0029872647,0.0028994307,3.261787e-05,0.00063954556,1.1093646e-05,-0.61116123,0.0016895598,0.0015428127,0.30510902,0.00024329813,0.30591193,-0.61116123,0.0004748538,0.0008413417,0.002904266,0.30510902,0.00020760534,0.0022442837,0.00027899092,0.30591193
1.8,36,-1.0244846,0.0,0.0,0.7510417,0.0031328676,0.0030108565,4.3409047e-05,0.00032328756,-0.000552372,-0.6876735,0.00077373494,0.0014400376,0.34349558,5.2554133e-05,0.34404698,-0.6876735,-0.00028785536,0.0006749195,0.0018353253,0.34349558,6.9053254e-05,0.0022051558,3.605501e-05,0.34404698
1.8,36,-0.9845362,0.0,0.0,0.72385424,0.0032168434,0.003196389,6.2155115e-05,0.0011584808,-0.000644659,-0.7726657,0.00010145368,0.00036879227,0.38649595,4.0322666e-05,0.3860423,-0.7726657,-0.0010651561,-0.00014415472,0.0012680634,0.38649595,4.5899287e-05,0.00088173925,3.4746045e-05,0.3860423
1.8,36,-0.9445877,0.0,0.0,0.69328755,0.0033110925,0.0033228598,7.201274e-05,0.00036445464,0.00026770847,-0.8628411,0.000328829,-1.14714785e-05,0.4314097,0.00024388946,0.43131572,-0.8628411,-0.0012883773,-0.00092550495,0.0019460353,0.4314097,0.00032846996,0.000902562,0.00015930895,0.43131572
1.8,36,-0.90463924,0.0,0.0,0.65907276,0.003455676,0.0034504118,5.5471213e-05,-0.0015484053,0.0008723418,-0.9625466,0.00072470214,0.00037143653,0.4809842,0.0005093787,0.48145518,-0.9625466,-0.0011770353,-0.001386891,0.0026264396,0.4809842,0.0004623705,0.002129764,0.00055638683,0.48145518
1.8,36,-0.8646908,0.0,0.0,0.6208533,0.0036071155,0.003458861,4.7909976e-05,-0.001210781,-0.0016639802,-1.0691701,-0.00024259044,-0.00029789738,0.53418136,0.00033808596,0.5345255,-1.0691701,-0.0012067419,-0.0020266168,0.000721561,0.53418136,-2.737116e-05,0.0014308221,0.0007035431,0.5345255
1.8,36,-0.8247423,0.0,0.0,0.5781839,0.0036630034,0.0033872237,7.328461e-05,0.0007407514,-0.004809526,-1.1783354,-0.0016878636,-0.0013224699,0.5893536,0.00010654586,0.58851945,-1.1783354,-0.001334711,-0.002275172,-0.0020410162,0.5893536,-0.00024297043,-0.00036976777,0.00045606215,0.58851945
1.8,36,-0.78479385,0.0,0.0,0.53097993,0.0037049083,0.0034004373,3.0947434e-05,0.001228514,-0.0033176355,-1.2928349,-0.0020779287,-0.0016562169,0.6460963,5.3874894e-05,0.6462864,-1.2928349,-0.0022793442,-0.0025127071,-0.0018765132,0.6460963,-5.2149044e-05,-0.00079972664,0.00015989883,0.6462864
1.8,36,-0.7448454,0.0,0.0,0.47879574,0.00374384,0.0033735714,1.9458612e-05,0.0017931893,-0.0022754974,-1.4097037,-0.004500567,-0.0036947494,0.7040497,-0.00036209292,0.7052197,-1.4097037,-0.0054844148,-0.004430723,-0.0035167197,0.7040497,-0.00031985974,-0.0029587757,-0.0004043261,0.7052197
1.8,36,-0.7048969,0.0,0.0,0.4214308,0.003613317,0.0032157786,5.10421e-05,0.0042467364,-0.0040183095,-1.5263363,-0.01020113,-0.008993747,0.76299113,-0.0010734,0.7629187,-1.5263363,-0.011042718,-0.008983664,-0.009359543,0.76299113,-0.0008999752,-0.009003829,-0.0012468249,0.7629187
1.8,36,-0.66494846,0.0,0.0,0.3595018,0.00334082,0.0029604845,3.3848628e-05,0.0036018994,-0.0033551664,-1.641611,-0.0125124585,-0.011553429,0.8206111,0.0005175841,0.8205505,-1.641611,-0.013891556,-0.01225501,-0.011133362,0.8206111,0.0006070313,-0.010851847,0.00042813687,0.8205505
1.8,36,-0.625,0.0,0.0,0.2927719,0.003113653,0.0028424568,3.3675026e-06,0.00065785204,-0.00060684764,-1.7419319,-0.01053126,-0.010013614,0.87040967,0.0011735584,0.871014,-1.7419319,-0.012733628,-0.011720793,-0.00832889,0.87040967,0.0011933857,-0.008306434,0.0011537311,0.871014
1.8,36,-0.5850518,0.0,0.0,0.2213338,0.0029185216,0.0026862049,-1.9238792e-05,0.00083767565,-0.000897157,-1.8365881,-0.010546717,-0.010914493,0.91859114,0.0013872236,0.9174581,-1.8365881,-0.011734464,-0.0113808485,-0.0093589695,0.91859114,0.0013933595,-0.010448138,0.0013810876,0.9174581
1.8,36,-0.5451031,0.0,0.0,0.14851987,0.0026043146,0.0024023978,-5.2872776e-05,0.0022134571,-0.0038506852,-1.669427,-0.011075291,-0.010535412,0.83695364,0.0014206043,0.831958,-1.669427,-0.010593435,-0.009537471,-0.011557147,0.83695364,0.0013581245,-0.011533351,0.0014830839,0.831958
1.8,36,-0.50515485,0.0,0.0,0.095179774,0.0022210607,0.0020502773,-4.535136e-05,0.0018760345,-0.004177653,-0.8492326,-0.009116331,-0.007634667,0.4252351,4.6269954e-05,0.4238913,-0.8492326,-0.00908027,-0.0073897857,-0.009152391,0.4252351,-0.00013028267,-0.007879549,0.00022282258,0.4238913
1.8,36,-0.46520615,0.0,0.0,-0.015079964,0.0017675273,0.0017968003,-7.4227764e-06,0.0003062545,-0.00071519316,-0.37743706,-0.0062167197,-0.00613889,0.18851036,-0.00016448303,0.18909907,-0.37743706,-0.008141235,-0.007582234,-0.0042922045,0.18851036,-0.00029698,-0.004695546,-3.1986056e-05,0.18909907
1.8,36,-0.42525816,0.0,0.0,-0.030054979,0.0012988218,0.0014858642,-1.7569174e-07,7.2464886e-06,-1.7037777e-05,-0.31691632,-0.005924001,-0.006092841,0.15857266,0.0003114882,0.1585255,-0.31691632,-0.008225556,-0.00812315,-0.0036224453,0.15857266,0.00025699552,-0.004062532,0.00036598087,0.1585255
1.8,36,-0.38530922,0.0,0.0,-0.042576913,0.00075680116,0.0010569574,-5.7056976e-10,2.3532044e-08,-5.5374876e-08,-0.2932898,-0.0060696206,-0.0061597847,0.14683321,0.0004921085,0.14665098,-0.2932898,-0.008421243,-0.008369191,-0.0037179978,0.14683321,0.0004701591,-0.003950379,0.00051405793,0.14665098
1.8,36,-0.34536123,0.0,0.0,-0.052472733,0.00026902318,0.00047152906,-2.524019e-13,1.0408504e-11,-2.450299e-11,-0.26500183,-0.005987116,-0.006063311,0.13268939,0.0005283187,0.13251688,-0.26500183,-0.00838402,-0.008360911,-0.0035902124,0.13268939,0.0005223007,-0.0037657109,0.00053433666,0.13251688
1.8,36,-0.3054123,0.0,0.0,-0.060158912,-0.00017334986,-8.172187e-05,-1.5188154e-17,6.2637266e-16,-1.4743865e-15,-0.23388125,-0.005711881,-0.005811435,0.117018014,0.0005172788,0.116856106,-0.23388125,-0.008143355,-0.008160008,-0.003280407,0.117018014,0.0005237634,-0.0034628625,0.0005107942,0.116856106
1.8,36,-0.2654643,0.0,0.0,-0.06602633,-0.0005869231,-0.0006364568,-1.2436359e-22,5.1271207e-21,-1.2071491e-20,-0.20130819,-0.0053264378,-0.0054595456,0.10074262,0.00048949965,0.100575075,-0.20130819,-0.007776144,-0.007837163,-0.0028767316,0.10074262,0.00050951104,-0.003081928,0.0004694882,0.100575075
1.8,36,-0.22551537,0.0,0.0,-0.06986636,-0.00093107193,-0.0010021287,-1.3848009e-28,5.7100383e-27,-1.3444734e-26,-0.16940129,-0.0049024466,-0.005068346,0.084794745,0.00045495015,0.08462807,-0.16940129,-0.007353684,-0.007459288,-0.0024512096,0.084794745,0.00049070484,-0.002677404,0.00041919548,0.08462807
1.8,36,-0.18556738,0.0,0.0,-0.07246342,-0.0012216282,-0.0013476295,-2.0995857e-35,8.65511e-34,-2.0374245e-33,-0.13936473,-0.0044927606,-0.00468595,0.06977729,0.0004168984,0.06961186,-0.13936473,-0.0069290795,-0.0070764422,-0.0020564422,0.06977729,0.00047017637,-0.002295458,0.00036362043,0.06961186
1.8,36,-0.14561844,0.0,0.0,-0.0739318,-0.0014638323,-0.0017447141,0.0,0.0,0.0,-0.111998454,-0.0041311565,-0.004344448,0.05608844,0.0003764378,0.055927735,-0.111998454,-0.006536865,-0.0067213154,-0.0017254475,0.05608844,0.00044783825,-0.0019675808,0.0003050373,0.055927735
1.8,36,-0.10567045,0.0,0.0,-0.07454133,-0.0016415749,-0.0019214437,0.0,0.0,0.0,-0.08753964,-0.0038320336,-0.0040584533,0.043854434,0.00033400615,0.04370616,-0.08753964,-0.0061925715,-0.006408206,-0.0014714956,0.043854434,0.00042280302,-0.0017087008,0.0002452093,0.04370616
1.8,36,-0.06572151,0.0,0.0,-0.07477584,-0.0017673876,-0.0019631614,0.0,0.0,0.0,-0.066191174,-0.0035946146,-0.0038279044,0.033167556,0.00028998023,0.033037007,-0.066191174,-0.00589643,-0.0061367266,-0.0012927991,0.033167556,0.0003943157,-0.0015190819,0.00018564478,0.033037007
1.8,36,-0.025773525,0.0,0.0,-0.0747219,-0.0018638999,-0.0019563343,0.0,0.0,0.0,-0.04804644,-0.0034058855,-0.0036417423,0.024087695,0.00024497946,0.02397855,-0.04804644,-0.005635509,-0.0058953725,-0.0011762624,0.024087695,0.0003622575,-0.0013881122,0.00012770141,0.02397855
1.8,36,0.014175415,0.0,0.0,-0.07422498,-0.0019513605,-0.00200955,0.0,0.0,0.0,-0.033205453,-0.0032467246,-0.003482467,0.016659832,0.00019997767,0.016559387,-0.033205453,-0.00539261,-0.0056668916,-0.0011008389,0.016659832,0.00032725715,-0.0012980427,7.26982e-05,0.016559387
1.8,36,0.0541234,0.0,0.0,-0.07396303,-0.0019832691,-0.0020096663,0.0,0.0,0.0,-0.021984043,-0.0030973502,-0.0033307085,0.011047938,0.00015633702,0.010952262,-0.021984043,-0.005150489,-0.005432514,-0.0010442116,0.011047938,0.0002907671,-0.0012289028,2.1906933e-05,0.010952262
1.8,36,0.09407234,0.0,0.0,-0.07444138,-0.0020258927,-0.0021044053,0.0,0.0,0.0,-0.0149137005,-0.0029390366,-0.0031693683,0.0075161895,0.00011592471,0.007410658,-0.0149137005,-0.0048920824,-0.0051766685,-0.0009859909,0.0075161895,0.00025507982,-0.0011620681,-2.3230406e-05,0.007410658
1.8,36,0.13402033,0.0,0.0,-0.075477436,-0.0020025806,-0.0020730367,0.0,0.0,0.0,-0.012823808,-0.0027598452,-0.002987809,0.006472433,8.124984e-05,0.006346339,-0.012823808,-0.004609583,-0.00489173,-0.00091010757,0.006472433,0.00022352055,-0.0010838883,-6.1020863e-05,0.006346339
1.8,36,0.17396927,0.0,0.0,-0.077217475,-0.002024611,-0.0020166251,-3.0495988e-37,1.6269719e-35,-1.1135743e-35,-0.01694055,-0.0025575275,-0.0027834657,0.0085465135,5.5757493e-05,0.008381019,-0.01694055,-0.004305767,-0.0045792214,-0.00080928806,0.0085465135,0.0002007543,-0.00098771,-8.923931e-05,0.008381019
1.8,36,0.21391726,0.0,0.0,-0.080467366,-0.0020273314,-0.0019270917,-3.635434e-30,1.9162996e-28,-1.311882e-28,-0.028995326,-0.002338507,-0.0025633937,0.01461222,4.4350232e-05,0.01436714,-0.028995326,-0.0039931503,-0.0042518,-0.0006838636,0.01461222,0.00019346079,-0.00087498734,-0.00010476032,0.01436714
1.8,36,0.2538662,0.0,0.0,-0.085133925,-0.001997586,-0.0019709896,-5.8262087e-24,3.0710908e-22,-2.1019551e-22,-0.0514745,-0.0021211004,-0.0023451108,0.025894288,5.4644213e-05,0.025548147,-0.0514745,-0.003699247,-0.0039355424,-0.0005429538,0.025894288,0.00021203041,-0.000754679,-0.000102741986,0.025548147
1.8,36,0.29381418,0.0,0.0,-0.092470914,-0.0019277958,-0.0019664823,-1.2697962e-18,6.6938155e-17,-4.5819595e-17,-0.087879404,-0.0019336677,-0.0021536355,0.044139765,9.940783e-05,0.043665655,-0.087879404,-0.0034635908,-0.003666865,-0.0004037447,0.044139765,0.0002738281,-0.0006404061,-7.501244e-05,0.043665655
1.8,36,0.33376312,0.0,0.0,-0.10265449,-0.0019211285,-0.0019264214,-3.7656835e-14,1.9848832e-12,-1.3583939e-12,-0.14304216,-0.0018154306,-0.0020184808,0.07177426,0.00020119127,0.07117859,-0.14304216,-0.0033430576,-0.0034926112,-0.00028780362,0.07177426,0.00040952448,-0.0005443505,-7.141942e-06,0.07117859
1.8,36,0.3737111,0.0,0.0,-0.11692558,-0.0018250805,-0.0018861899,-1.5188066e-10,8.005745e-09,-5.4799734e-09,-0.22372858,-0.0018204304,-0.001972457,0.11214544,0.00039869713,0.11148283,-0.22372858,-0.0034167042,-0.0034724704,-0.00022415661,0.11214544,0.0006737115,-0.00047244327,0.00012368277,0.11148283
1.8,36,0.41366005,0.0,0.0,-0.13715118,-0.0016921228,-0.0016907975,-8.334633e-08,4.393269e-06,-3.0071515e-06,-0.33827496,-0.002059371,-0.0020805418,0.16934548,0.0007391531,0.16880529,-0.33827496,-0.003825261,-0.003706464,-0.00029348076,0.16934548,0.0011511353,-0.00045461935,0.0003271709,0.16880529
1.8,36,0.45360804,0.0,0.0,-0.1643908,-0.0016468583,-0.0017939357,-6.2210606e-06,0.00032791213,-0.00022446371,-0.51467633,-0.0029233578,-0.0026809755,0.25757986,0.0011866676,0.2574965,-0.51467633,-0.004860972,-0.004376823,-0.0009857436,0.25757986,0.0018991991,-0.0009851279,0.00047413603,0.2574965
1.8,36,0.49355698,0.0,0.0,-0.20752779,-0.0016717397,-0.0018004377,-6.317097e-05,0.0033298377,-0.0022793259,-1.0765831,-0.005070626,-0.0047072936,0.53816575,0.0014884011,0.5385289,-1.0765831,-0.006323017,-0.005062267,-0.0038182342,0.53816575,0.0024511553,-0.0043523205,0.0005256468,0.5385289
1.8,36,0.53350496,0.0,0.0,-0.11788689,-0.0018015814,-0.0020999948,-8.725602e-05,0.004599107,-0.0031481592,-2.3866196,-0.0036148492,-0.0029579299,1.1929406,0.0019071521,1.1928028,-2.3866196,-0.004910123,-0.0028213132,-0.0023195753,1.1929406,0.002168534,-0.0030945467,0.0016457703,1.1928028
1.8,36,0.5734539,0.0,0.0,-0.2441144,-0.0016738848,-0.0019336402,-1.6876988e-05,0.0008619636,-0.0005891466,-3.074692,0.0033827943,0.005020689,1.5375382,0.0030169853,1.5361738,-3.074692,0.000356934,0.0032272064,0.0064086546,1.5375382,0.0024526767,0.0068141725,0.0035812939,1.5361738
1.8,36,0.6134019,0.0,0.0,-0.37769258,-0.0012148604,-0.0014952247,-5.1370475e-06,2.4673132e-06,5.819238e-06,-2.9482453,0.009377329,0.012020178,1.475296,0.0029366126,1.4719667,-2.9482453,0.005895317,0.010640282,0.012859341,1.475296,0.0014084835,0.013400073,0.004464742,1.4719667
1.8,36,0.65335083,0.0,0.0,-0.49621665,-0.00050753,-0.000722356,-3.9412657e-06,-4.0301096e-05,-3.4601904e-05,-2.4471972,0.0127227185,0.017514868,1.2257601,-0.00031274848,1.2206044,-2.4471972,0.009382289,0.017810507,0.016063148,1.2257601,-0.0028824524,0.017219229,0.0022569555,1.2206044
1.8,36,0.6932988,0.0,0.0,-0.5859173,0.00012131958,0.00011026714,-8.580029e-06,3.9576185e-05,-0.0005640397,-1.6674271,0.012424377,0.020301651,0.8357595,-0.005003886,0.832418,-1.6674271,0.010540799,0.022844456,0.014307954,0.8357595,-0.0073549175,0.017758848,-0.0026528544,0.832418
1.8,36,0.7332473,0.0,0.0,-0.64026946,0.0006872629,0.00085669186,-1.2160304e-05,-0.0003967283,-0.00016951314,-0.7669581,0.015326923,0.022027224,0.3831671,-0.006355604,0.38380682,-0.7669581,0.014951024,0.026525296,0.015702821,0.3831671,-0.0061208624,0.017529152,-0.006590346,0.38380682
1.8,36,0.77319574,0.0,0.0,-0.6572305,0.0014321425,0.0016106638,-8.361745e-06,-0.0008999241,0.0009079681,0.094106086,0.018453404,0.01988116,-0.045644417,-0.005692241,-0.048525013,0.094106086,0.019916378,0.025597382,0.01699043,-0.045644417,-0.0046163425,0.014164939,-0.0067681386,-0.048525013
1.8,36,0.8131442,0.0,0.0,-0.6409617,0.0019340155,0.0019400466,1.2402622e-05,-0.00059465045,0.00021146607,0.7628056,0.01224985,0.011955315,-0.37911108,-0.0057335324,-0.38387647,0.7628056,0.01640536,0.017174242,0.00809434,-0.37911108,-0.005040891,0.006736389,-0.0064261737,-0.38387647
1.8,36,0.8530927,0.0,0.0,-0.6018153,0.002185153,0.0021582984,9.102458e-05,-0.0006541236,-2.8144134e-06,1.2053709,0.005837896,0.005503359,-0.6014127,-0.006973314,-0.6027199,1.2053709,0.008077124,0.0070382175,0.0035986672,-0.6014127,-0.005886466,0.0039685,-0.008060163,-0.6027199
1.8,36,0.89304113,0.0,0.0,-0.54880375,0.0023668401,0.0023130234,4.298254e-05,-0.0004939334,0.00022099447,1.484042,0.0037132201,0.0015155465,-0.74115086,-0.007751404,-0.7415284,1.484042,0.0031570243,0.00027757598,0.004269416,-0.74115086,-0.00597406,0.002753517,-0.009528748,-0.7415284
1.8,36,0.9329896,0.0,0.0,-0.48810405,0.0025266772,0.002234765,-0.00017045229,-0.0006478521,0.00030479368,1.6667631,0.0038502235,-0.0007153279,-0.83178484,-0.0051172427,-0.83362025,1.6667631,0.0040145805,-0.0024435918,0.0036858665,-0.83178484,-0.0036042368,0.001012936,-0.006630249,-0.83362025
1.8,36,0.97293806,0.0,0.0,-0.4210111,0.0026714285,0.0021584341,-0.00030286144,-0.0006386952,0.0002195604,1.7983251,0.0032715658,-0.0022133442,-0.8961406,-0.00028464393,-0.9008912,1.7983251,0.0042059757,-0.0021654328,0.0023371556,-0.8961406,-0.0008214102,-0.0022612556,0.00025212235,-0.9008912
1.8,36,1.0128865,0.0,0.0,-0.3479981,0.0027755008,0.0021980556,-1.1951426e-05,-0.0005429179,0.00012026931,1.9084525,0.002507702,0.00064188446,-0.9511331,0.00042411918,-0.9561188,1.9084525,0.0030403943,0.00228083,0.0019750097,-0.9511331,-0.0011575294,-0.000997061,0.0020057678,-0.9561188
1.8,36,1.052835,0.0,0.0,-0.2708925,0.0029090461,0.0023157056,0.00024817715,-0.0009313835,0.00030296974,1.9827523,0.0019798665,0.0034959824,-0.99075574,-0.004989107,-0.9910075,1.9827523,0.0014412346,0.003970607,0.0025184986,-0.99075574,-0.004953004,0.0030213576,-0.00502521,-0.9910075
1.8,36,1.0927835,0.0,0.0,-0.1922679,0.0030452292,0.0024821847,5.0563947e-05,-0.00019174385,9.252105e-06,2.029892,-0.0020910855,-0.00010677581,-1.0153766,-0.0078519005,-1.0141224,2.029892,-0.00397383,-0.0009464983,-0.00020834108,-1.0153766,-0.007354992,0.0007329467,-0.00834881,-1.0141224
1.8,36,1.1327319,0.0,0.0,-0.1108138,0.003018327,0.0024800026,-6.5967156e-06,9.081119e-06,-5.6875146e-05,2.065043,-0.004175152,-0.0022954168,-1.0326672,-0.0071174838,-1.0316665,2.065043,-0.006593618,-0.004354437,-0.0017566859,-1.0326672,-0.006640569,-0.00023639682,-0.0075943987,-1.0316665
1.8,36,1.1726804,0.0,0.0,-0.028577942,0.0029589261,0.0024598143,2.2125325e-06,1.0847077e-05,-3.3325057e-05,2.08161,-0.0030611274,-0.0016851244,-1.040272,-0.0057041124,-1.0402689,2.08161,-0.0056411102,-0.0042233504,-0.00048114473,-1.040272,-0.0048484216,0.00085310184,-0.0065598036,-1.0402689
1.8,36,1.2126288,0.0,0.0,0.05324176,0.0030108546,0.0025415167,-3.444452e-05,-3.138005e-05,-4.184154e-06,2.0690148,-0.00043387117,0.0006109124,-1.0336814,-0.004419377,-1.03387,2.0690148,-0.0030244607,-0.0013451482,0.0021567184,-1.0336814,-0.003957247,0.002566973,-0.004881507,-1.03387
1.8,36,1.2525773,0.0,0.0,0.13436882,0.003081922,0.0025684303,-0.00032262804,-0.00032800715,-8.966249e-05,2.0272548,0.00056620257,0.0030689964,-1.0143602,-0.0034529297,-1.0110075,2.0272548,-0.0010039238,0.0026282363,0.002136329,-1.0143602,-0.0042909333,0.0035097564,-0.0026149263,-1.0110075
1.8,36,1.2925258,0.0,0.0,0.21395354,0.0030875138,0.0026268142,-0.00028391232,-0.00022177081,-0.0006954374,1.9624902,-0.0032599985,0.0008115484,-0.9856228,-0.003117784,-0.9773093,1.9624902,-0.0028821912,0.0019415612,-0.0036378058,-0.9856228,-0.0036232132,-0.00031846444,-0.002612355,-0.9773093
1.8,36,1.3324742,0.0,0.0,0.29096,0.0028898327,0.0025839773,0.00018961467,0.0003341452,-0.0014717354,1.8875835,-0.006131375,-0.0035639443,-0.94817734,-0.001485304,-0.94001085,1.8875835,-0.0050360956,-0.0017211289,-0.0072266543,-0.94817734,-0.00039247313,-0.0054067597,-0.0025781349,-0.94001085
1.8,36,1.3724227,0.0,0.0,0.3643385,0.002595634,0.002478033,0.00022947905,-0.00079685525,-0.0047789877,1.7882129,-0.005149158,-0.0028505514,-0.896951,0.00069461146,-0.8919673,1.7882129,-0.0025916037,0.00024160364,-0.0077067125,-0.896951,0.0021505686,-0.0059427065,-0.0007613457,-0.8919673
1.8,36,1.4123712,0.0,0.0,0.43322924,0.0022461463,0.0023043803,0.00034688998,-0.0026655125,-0.009286194,1.6643903,-0.0059064454,-0.00094892096,-0.8330975,-0.0008610937,-0.8319732,1.6643903,-0.000992267,0.0035139981,-0.0108206235,-0.8330975,-0.00048206092,-0.00541184,-0.0012401264,-0.8319732
1.8,36,1.4523196,0.0,0.0,0.496663,0.0018640441,0.0021591275,0.0001047957,-0.0029265874,-0.007515918,1.5331558,-0.0045810337,-0.001315223,-0.76653266,-0.0030125552,-0.76724577,1.5331558,-0.00038933975,0.002955819,-0.008772728,-0.76653266,-0.0034231301,-0.005586265,-0.0026019805,-0.76724577
1.8,36,1.4922681,0.0,0.0,0.5552592,0.0015730998,0.0018523094,-4.210798e-05,-0.0015348252,-0.003521649,1.4059048,-0.002382822,-0.0027579158,-0.7029615,-0.0033854684,-0.7034949,1.4059048,0.000295306,0.0003511674,-0.0050609503,-0.7029615,-0.0039349557,-0.005866999,-0.0028359808,-0.7034949
1.8,36,1.5322165,0.0,0.0,0.60855305,0.0014147359,0.0017063981,1.0555963e-05,0.0001743203,-0.0005778988,1.2864121,-0.0013428783,-0.0042519667,-0.6438851,-0.002189986,-0.6429772,1.2864121,0.00039785635,-0.0021971848,-0.003083613,-0.6438851,-0.0027609458,-0.0063067484,-0.0016190258,-0.6429772
1.8,36,1.572165,0.0,0.0,0.656924,0.0013178735,0.0013362928,4.3402757e-05,0.00059312506,-7.057362e-05,1.1693131,-0.0017444851,-0.0038535106,-0.5864091,-0.0011595853,-0.5833025,1.1693131,-0.00028712032,-0.0022598717,-0.00320185,-0.5864091,-0.0015998456,-0.0054471493,-0.0007193251,-0.5833025
1.8,36,1.6121135,0.0,0.0,0.70049864,0.0011398955,0.0011565656,-1.494843e-05,0.0001088051,-6.498714e-05,1.0510337,-0.0022010913,-0.0014891264,-0.5267845,-0.001204576,-0.5245918,1.0510337,-0.0011651551,-5.8859325e-05,-0.0032370274,-0.5267845,-0.0016210576,-0.0029193934,-0.00078809436,-0.5245918
1.8,36,1.6520619,0.0,0.0,0.7394057,0.0010204824,0.0010919597,-1.1277197e-05,-3.39463e-05,-0.00012117664,0.93409735,-0.0024979608,-0.00072596717,-0.46745893,-0.0011586507,-0.46666855,0.93409735,-0.0019275823,0.00038533457,-0.0030683393,-0.46745893,-0.0014670163,-0.0018372689,-0.0008502851,-0.46666855
1.8,36,1.6920104,0.0,0.0,0.773997,0.00090861984,0.0010195092,-4.521104e-07,0.00015384128,-6.881452e-05,0.81990045,-0.002276812,-0.0015253631,-0.40996304,-0.0008680151,-0.40996757,0.81990045,-0.0020819448,-0.00080470805,-0.0024716791,-0.40996304,-0.0009522152,-0.002246018,-0.00078381505,-0.40996757
1.8,36,1.7319589,0.0,0.0,0.80419725,0.0008495828,0.00095073984,-1.5044342e-05,0.00025118512,-5.079009e-05,0.7094497,-0.0020505036,-0.002041448,-0.35436687,-0.0008397535,-0.35512513,0.7094497,-0.0020102328,-0.0016726855,-0.0020907747,-0.35436687,-0.00082913897,-0.0024102104,-0.000850368,-0.35512513
1.8,36,1.7719073,0.0,0.0,0.830295,0.00078129576,0.00083972013,-1.8595072e-05,0.00020165848,-6.729815e-05,0.6089338,-0.0018715793,-0.0016499416,-0.30422795,-0.0011817102,-0.3047446,0.6089338,-0.001832269,-0.0015964888,-0.0019108895,-0.30422795,-0.0012551437,-0.0017033945,-0.0011082767,-0.3047446
1.8,36,1.8118558,0.0,0.0,0.85265404,0.0007271707,0.0008047137,-1.238976e-05,5.629537e-05,0.00012410102,0.5153278,-0.0016396025,-0.0010878505,-0.25765392,-0.0013845555,-0.25772494,0.5153278,-0.0015356279,-0.0012224277,-0.0017435771,-0.25765392,-0.0015223192,-0.0009532733,-0.0012467918,-0.25772494
1.8,36,1.8518043,0.0,0.0,0.8711632,0.0007011772,0.0008906305,-9.0311274e-05,0.00025267675,0.001413285,0.42598665,-0.0012571862,-0.0016668313,-0.21313292,-0.0012899614,-0.21288769,0.42598665,-0.0015111737,-0.0017583854,-0.0010031987,-0.21313292,-0.0014734182,-0.0015752771,-0.0011065045,-0.21288769
1.8,36,1.8917527,0.0,0.0,0.8862165,0.0006174653,0.00073266047,-5.260795e-05,0.0006818124,0.000710697,0.3451844,-0.0012839838,-0.0021239044,-0.17240015,-0.0013228469,-0.17282575,0.3451844,-0.0013846172,-0.002202927,-0.0011833505,-0.17240015,-0.0014932023,-0.0020448822,-0.0011524914,-0.17282575
1.8,36,1.9317012,0.0,0.0,0.89832336,0.00052685966,0.00067966804,0.00011720843,0.0010385083,-0.0023201478,0.27685168,-0.0015691341,-0.0011695181,-0.13818118,-0.0014269821,-0.1387051,0.27685168,-0.0007201303,-0.0012555829,-0.0024181379,-0.13818118,-0.0014672986,-0.0010834534,-0.0013866656,-0.1387051
1.8,36,1.9716492,0.0,0.0,0.9080478,0.00046632264,0.000603758,4.5818677e-05,0.0017803241,-0.0016983977,0.22221011,-1.00319885e-05,0.00020189735,-0.11152697,-0.0013584534,-0.11070139,0.22221011,0.00037702083,0.00053896726,-0.0003970848,-0.11152697,-0.0013563926,-0.00013517258,-0.0013605142,-0.11070139
1.8,36,2.011598,0.0,0.0,0.9157189,0.00045324862,0.0005877758,8.6511325e-05,0.00296931,-0.0026194726,0.17795825,0.0004284636,0.0008004905,-0.08934355,-0.0011350448,-0.08862716,0.17795825,0.0011180894,0.0018666552,-0.00026116223,-0.08934355,-0.0011397828,-0.00026567417,-0.0011303069,-0.08862716
1.8,36,2.051546,0.0,0.0,0.9219364,0.000458554,0.0007109594,0.00010578578,0.0034001565,-0.0037453678,0.14236306,0.00030059088,0.00080372964,-0.07116018,-0.0009864839,-0.07121582,0.14236306,0.0015511205,0.00218615,-0.0009499388,-0.07116018,-0.0010560541,-0.0005786908,-0.0009169135,-0.07121582
1.8,36,2.091495,0.0,0.0,0.92686796,0.00040701486,0.00060485647,-5.300702e-06,0.0033315022,-0.0040792646,0.11478895,0.00045549165,0.0007839193,-0.057323564,-0.0008378334,-0.05747275,0.11478895,0.0020621968,0.002257216,-0.0011512135,-0.057323564,-0.0009543447,-0.0006893774,-0.0007213221,-0.05747275
1.8,36,2.131443,0.0,0.0,0.9307994,0.0003656222,0.00057059276,-3.0590872e-05,0.003637888,-0.004485267,0.09371865,0.00056141097,0.00070277735,-0.046822365,-0.00069335185,-0.046904214,0.09371865,0.0025546136,0.0024769048,-0.0014317917,-0.046822365,-0.000777318,-0.0010713501,-0.0006093857,-0.046904214
1.8,36,2.171392,0.0,0.0,0.93405,0.00030654902,0.0005145075,-7.2406256e-06,0.0032231,-0.0039139013,0.07784549,0.0008570359,0.00082413666,-0.038879875,-0.0006020364,-0.0389725,0.07784549,0.0027801474,0.002561741,-0.0010660755,-0.038879875,-0.0006394164,-0.0009134677,-0.00056465645,-0.0389725
1.8,36,2.21134,0.0,0.0,0.9367554,0.00027018477,0.0004783498,9.178329e-06,0.0033450704,-0.003979106,0.06597052,0.0009978986,0.0008332215,-0.03292868,-0.0005869082,-0.033047535,0.06597052,0.0030622517,0.0027090602,-0.0010664543,-0.03292868,-0.00059395557,-0.0010426173,-0.00057986076,-0.033047535
1.8,36,2.251289,0.0,0.0,0.93907773,0.00021916641,0.00043048445,1.6432905e-05,0.0041784025,-0.0048908913,0.056878828,0.0009371648,0.0007274285,-0.02834102,-0.0006405135,-0.028540773,0.056878828,0.003457337,0.003015066,-0.0015830073,-0.02834102,-0.0006320183,-0.0015602091,-0.0006490087,-0.028540773
1.8,36,2.2912369,0.0,0.0,0.94108415,0.00013572781,0.00036001776,1.797805e-05,0.00499467,-0.005787817,0.04964831,0.0008635046,0.00066096743,-0.024686016,-0.0007114478,-0.024965966,0.04964831,0.0038441508,0.0033569278,-0.0021171416,-0.024686016,-0.0006885374,-0.002034993,-0.0007343582,-0.024965966
1.8,36,2.3311858,0.0,0.0,0.94283324,5.7115984e-05,0.00027808038,1.6497776e-05,0.0055413656,-0.006434516,0.043794677,0.00078610727,0.00063449657,-0.0217733,-0.0007948151,-0.022025283,0.043794677,0.004161205,0.0036365788,-0.0025889906,-0.0217733,-0.000759298,-0.0023675857,-0.00083033217,-0.022025283
1.8,36,2.3711338,0.0,0.0,0.9443718,-5.6650308e-05,0.00017950562,1.8131726e-05,0.00584306,-0.0068858634,0.039025445,0.00070241303,0.0006447432,-0.01946547,-0.0009017694,-0.019561939,0.039025445,0.0044094175,0.0038718027,-0.0030045914,-0.01946547,-0.0008719119,-0.0025823163,-0.00093162694,-0.019561939
1.8,36,2.4110827,0.0,0.0,0.9458125,-0.00016102789,0.00014964036,3.1819345e-05,0.006136087,-0.007258314,0.034998897,0.00062163116,0.00063693814,-0.01755131,-0.0010448438,-0.017451923,0.034998897,0.0046340055,0.004092014,-0.0033907432,-0.01755131,-0.0010035648,-0.0028181376,-0.0010861229,-0.017451923
1.8,36,2.4510307,0.0,0.0,0.9471455,-0.0002947724,-2.6806903e-05,5.2598156e-05,0.006392096,-0.007555184,0.031383775,0.0005549415,0.0005958051,-0.015810812,-0.0011888952,-0.015576127,0.031383775,0.0048527713,0.004235409,-0.0037428883,-0.015810812,-0.0011206886,-0.003043799,-0.0012571017,-0.015576127
1.8,36,2.4909797,0.0,0.0,0.9482914,-0.00045653578,-0.00020134123,6.8058864e-05,0.006457075,-0.007822251,0.02800022,0.00047310907,0.00054826215,-0.014117578,-0.001262923,-0.013884499,0.02800022,0.005034071,0.004303014,-0.004087853,-0.014117578,-0.0012072593,-0.0032064896,-0.0013185868,-0.013884499
1.8,36,2.5309277,0.0,0.0,0.94932276,-0.0006254048,-0.00026514134,8.40609e-05,0.006866676,-0.00836264,0.024979383,0.00031115138,0.00037685514,-0.012592418,-0.0013476771,-0.012388878,0.024979383,0.005232847,0.0044011017,-0.004610544,-0.012592418,-0.0012898083,-0.0036473915,-0.0014055459,-0.012388878
1.8,36,2.5708766,0.0,0.0,0.9502135,-0.00085385365,-0.0004672884,9.7897966e-05,0.007441523,-0.008761944,0.022341248,0.00022392883,0.00019934168,-0.011277755,-0.0015018188,-0.01106478,0.022341248,0.0053471043,0.0044936445,-0.0048992466,-0.011277755,-0.0014211055,-0.004094961,-0.0015825321,-0.01106478
1.8,36,2.6108246,0.0,0.0,0.95096326,-0.0010419674,-0.0006298261,9.727689e-05,0.007462028,-0.008417459,0.019242674,0.0002716158,0.0001259537,-0.009645628,-0.0011665836,-0.009598462,0.019242674,0.005136726,0.004400341,-0.0045934943,-0.009645628,-0.0010813706,-0.0041484335,-0.0012517966,-0.009598462
1.8,36,2.6507735,0.0,0.0,0.95159936,-0.0012119415,-0.0007948761,8.393061e-05,0.007156204,-0.007940455,0.015823258,0.00021451782,2.9243296e-05,-0.007859784,-0.00041832437,-0.007964511,0.015823258,0.00469571,0.004118428,-0.004266674,-0.007859784,-0.0002956718,-0.0040599415,-0.00054097694,-0.007964511
1.8,36,2.6907215,0.0,0.0,0.9520957,-0.001371489,-0.0009370411,5.9656824e-05,0.006111632,-0.00671337,0.012679899,0.00044790911,0.00028862467,-0.0060913884,0.0003547828,-0.006588878,0.012679899,0.0040986384,0.0037813557,-0.0032028202,-0.0060913884,0.00036367515,-0.0032041064,0.0003458904,-0.006588878
1.8,36,2.7306705,0.0,0.0,0.9524863,-0.0014512008,-0.0010241532,2.7321914e-05,0.0036420529,-0.003940781,0.010447288,0.001184464,0.00097251637,-0.004682103,0.00081195764,-0.005765859,0.010447288,0.0033349257,0.0031632911,-0.00096599787,-0.004682103,0.0005593935,-0.0012182584,0.0010645217,-0.005765859
1.8,36,2.7706184,0.0,0.0,0.9528383,-0.001446103,-0.0010371606,9.071632e-06,0.0010700263,-0.00121458,0.009760394,0.001838482,0.0014878081,-0.0042930143,0.00074837985,-0.0054671434,0.009760394,0.0026709388,0.002323535,0.0010060252,-0.0042930143,0.0004297425,0.000652081,0.0010670172,-0.0054671434
1.8,36,2.8105674,0.0,0.0,0.9531926,-0.0013904431,-0.0010121451,8.397272e-06,8.037242e-05,-0.00021488697,0.010501597,0.0018191328,0.0013122828,-0.0047994284,0.0005176844,-0.0057029724,0.010501597,0.0022270938,0.0015853575,0.0014111717,-0.0047994284,0.00035049312,0.001039208,0.0006848757,-0.0057029724
1.8,36,2.8505154,0.0,0.0,0.9535983,-0.0013374962,-0.0009753244,1.5661626e-06,1.6278955e-05,-4.987185e-06,0.012267394,0.0013669594,0.00064849935,-0.0058305203,0.00046479533,-0.006437602,0.012267394,0.0016353345,0.0007655386,0.0010985844,-0.0058305203,0.0004115782,0.0005314601,0.00051801244,-0.006437602
1.8,36,2.8904643,0.0,0.0,0.95410657,-0.0013055421,-0.0009659722,-2.356258e-08,9.1525806e-05,-4.8646314e-05,0.0151724,0.0003711861,-0.00036839073,-0.007427851,0.00052803016,-0.007744824,0.0151724,0.00047953633,-0.0004231629,0.00026283585,-0.007427851,0.0005032741,-0.00031361854,0.0005527862,-0.007744824
1.8,36,2.9304123,0.0,0.0,0.95477897,-0.0013027224,-0.0010500475,9.502055e-07,0.00017140177,-0.00015856596,0.018936483,-0.0010652978,-0.0016854783,-0.009380187,0.00054755074,-0.009556955,0.018936483,-0.0011801721,-0.001962161,-0.0009504235,-0.009380187,0.0005286504,-0.0014087957,0.000566451,-0.009556955
1.8,36,2.9703612,0.0,0.0,0.9557279,-0.0013615189,-0.0011321689,1.9008609e-06,0.0002458226,-0.00024322091,0.023145186,-0.0023507904,-0.0029566041,-0.011496015,0.00047693847,-0.011650198,0.023145186,-0.0026823343,-0.0034432865,-0.0020192463,-0.011496015,0.00046430522,-0.0024699217,0.0004895717,-0.011650198
1.8,36,3.0103092,0.0,0.0,0.9567858,-0.0014653606,-0.0011752571,1.8364738e-06,0.00021182225,-0.00020949231,0.027580453,-0.00295581,-0.003624753,-0.013721465,0.00033343153,-0.013859614,0.027580453,-0.0034571763,-0.004283894,-0.0024544436,-0.013721465,0.0003257956,-0.0029656126,0.00034106747,-0.013859614
1.8,36,3.0502582,0.0,0.0,0.957934,-0.0015797976,-0.0012990957,5.620182e-07,6.773071e-05,-6.658534e-05,0.0314989,-0.0027424633,-0.0034729736,-0.015678708,0.00029228185,-0.015821375,0.0314989,-0.003364559,-0.004257907,-0.0021203677,-0.015678708,0.0002850925,-0.0026880398,0.00029947123,-0.015821375
1.8,36,3.0902061,0.0,0.0,0.9592141,-0.0016522325,-0.0013874744,1.5180987e-07,1.563014e-05,-1.6002314e-05,0.034328297,-0.0020606122,-0.0028272355,-0.017078925,0.00037892017,-0.01725086,0.034328297,-0.0027122293,-0.0036473176,-0.0014089952,-0.017078925,0.0003699418,-0.0020071534,0.0003878986,-0.01725086
1.8,36,3.130155,0.0,0.0,0.9606001,-0.0016768991,-0.0014527875,1.9104387e-08,2.420573e-06,-2.4017456e-06,0.03596241,-0.0012511895,-0.0020212242,-0.017867686,0.00051247654,-0.018095784,0.03596241,-0.0018913547,-0.0028295692,-0.0006110244,-0.017867686,0.0004964321,-0.0012128793,0.0005285209,-0.018095784
1.8,36,3.170103,0.0,0.0,0.9620277,-0.0016888918,-0.0014889751,-8.2426166e-10,1.1797352e-07,-8.2484874e-08,0.03662371,-0.0005700133,-0.0012866369,-0.018177046,0.00063017197,-0.018448245,0.03662371,-0.0011850647,-0.002053312,4.5038014e-05,-0.018177046,0.00060789404,-0.0005199619,0.00065244985,-0.018448245
1.8,36,3.2100515,0.0,0.0,0.96346945,-0.0016755301,-0.0014964911,-4.5222742e-11,1.986059e-09,-7.5344636e-10,0.03664098,-5.7042198e-05,-0.00069241197,-0.018183392,0.00070323725,-0.018459208,0.03664098,-0.0006409613,-0.0014049228,0.0005268769,-0.018183392,0.00068014313,2.0098876e-05,0.0007263314,-0.018459208
1.8,36,3.25,0.0,0.0,0.964904,-0.0016452068,-0.0014829943,-2.3458506e-13,1.64446e-11,5.187557e-12,0.036220122,0.00032463254,-0.00022531746,-0.017979551,0.00073819724,-0.018241704,0.036220122,-0.00022473415,-0.0008818432,0.0008739992,-0.017979551,0.0007169123,0.0004312083,0.0007594821,-0.018241704
1.8,36,3.2899485,0.0,0.0,0.96631813,-0.0016051509,-0.0014573142,3.1524872e-14,4.2064026e-12,3.3720012e-12,0.035480157,0.0006073589,0.00013905157,-0.017619004,0.000744403,-0.017862251,0.035480157,9.356037e-05,-0.0004632745,0.0011211574,-0.017619004,0.0007256006,0.00074137765,0.00076320546,-0.017862251
1.8,36,3.3298965,0.0,0.0,0.9676978,-0.0015555574,-0.0014208043,7.9360025e-15,7.041095e-13,5.684662e-13,0.03450392,0.00081364834,0.00041782082,-0.017140595,0.0007292351,-0.017363764,0.03450392,0.00033521123,-0.00013313856,0.0012920855,-0.017140595,0.00071290304,0.0009687802,0.0007455672,-0.017363764
1.8,36,3.3698454,0.0,0.0,0.9690376,-0.0015012735,-0.001375563,8.5226556e-17,3.591944e-14,3.3985544e-14,0.03336183,0.0009601065,0.00062450126,-0.016579147,0.0006992733,-0.016782716,0.03336183,0.0005163184,0.00012170346,0.0014038946,-0.016579147,0.00068514823,0.001127299,0.00071339845,-0.016782716
1.8,36,3.4097939,0.0,0.0,0.9703291,-0.0014464285,-0.0013265772,-1.4522089e-16,1.5589835e-14,1.7938066e-14,0.03211219,0.001059411,0.0007718726,-0.01596368,0.00066016836,-0.016149113,0.03211219,0.000649089,0.0003138032,0.001469733,-0.01596368,0.00064788776,0.001229942,0.000672449,-0.016149113
1.8,36,3.4497418,0.0,0.0,0.9715692,-0.0013850473,-0.0012737449,-1.2813442e-16,1.5066888e-14,1.769565e-14,0.030801933,0.0011215445,0.00087175623,-0.015317039,0.000616231,-0.015486018,0.030801933,0.0007431693,0.00045494625,0.0014999198,-0.015317039,0.00060543366,0.0012885662,0.0006270284,-0.015486018
1.8,36,3.4896903,0.0,0.0,0.9727568,-0.0013199443,-0.0012212595,-1.1185168e-16,1.4609358e-14,1.746675e-14,0.029469986,0.001154549,0.0009344249,-0.014658839,0.0005704833,-0.014811713,0.029469986,0.00080626673,0.0005553972,0.0015028312,-0.014658839,0.00056084903,0.0013134526,0.0005801175,-0.014811713
1.8,36,3.5296392,0.0,0.0,0.9738921,-0.001259241,-0.0011682196,-9.771799e-17,1.413946e-14,1.7187095e-14,0.028139696,0.0011649374,0.00096830586,-0.0140011655,0.00052492565,-0.014139436,0.028139696,0.0008446614,0.00062368606,0.0014852134,-0.0140011655,0.0005162019,0.0013129256,0.0005336494,-0.014139436
1.8,36,3.5695877,0.0,0.0,0.974973,-0.0011996623,-0.0011158895,-8.512465e-17,1.36561405e-14,1.6853062e-14,0.026832277,0.0011578288,0.0009801723,-0.013354146,0.0004808632,-0.013478439,0.026832277,0.00086337526,0.00066670676,0.0014522825,-0.013354146,0.00047283512,0.0012936379,0.0004888913,-0.013478439
1.8,36,3.6095362,0.0,0.0,0.97600394,-0.0011429205,-0.001064141,-7.438818e-17,1.3153734e-14,1.6460185e-14,0.025559872,0.0011373365,0.0009753383,-0.012724497,0.0004390921,-0.012835825,0.025559872,0.00086649205,0.00068997085,0.001408181,-0.012724497,0.0004316029,0.0012607058,0.0004465813,-0.012835825
1.8,36,3.6494837,0.0,0.0,0.97696835,-0.0010873058,-0.001012079,-6.564733e-17,1.2624052e-14,1.6000495e-14,0.02433167,0.0011067293,0.0009580131,-0.012116457,0.00040007272,-0.012215475,0.02433167,0.0008572532,0.00069791375,0.0013562053,-0.012116457,0.00039301932,0.0012181125,0.0004071261,-0.012215475
1.8,36,3.689433,0.0,0.0,0.9779045,-0.0010340001,-0.00096476084,-5.592472e-17,1.2064617e-14,1.5460557e-14,0.023153273,0.0010684769,0.0009314688,-0.011533072,0.00036408418,-0.011620417,0.023153273,0.00083825993,0.0006940126,0.0012986939,-0.011533072,0.00035736433,0.001168925,0.00037080402,-0.011620417
1.8,36,3.7293816,0.0,0.0,0.97879314,-0.0009844794,-0.000918876,-4.122204e-17,1.1474351e-14,1.4825397e-14,0.022027181,0.0010247246,0.0008983361,-0.010975337,0.00033123518,-0.011052036,0.022027181,0.0008116962,0.00068114663,0.001237753,-0.010975337,0.00032479007,0.0011155256,0.00033768025,-0.011052036
1.8,36,3.76933,0.0,0.0,0.9796419,-0.0009333601,-0.0008718548,-2.1504744e-17,1.0842685e-14,1.4085712e-14,0.020955369,0.0009771286,0.0008607385,-0.010444343,0.0003015381,-0.010511254,0.020955369,0.0007793715,0.00066164404,0.0011748858,-0.010444343,0.00029532146,0.001059833,0.00030775473,-0.010511254
1.8,36,3.8092775,0.0,0.0,0.98045105,-0.00088771817,-0.0008337601,-8.946891e-19,1.0149164e-14,1.3237069e-14,0.019936826,0.0009271144,0.00082035817,-0.009939591,0.00027489013,-0.009997537,0.019936826,0.00074285927,0.0006374336,0.0011113695,-0.009939591,0.00026887914,0.0010032827,0.00028090112,-0.009997537
1.8,36,3.849227,0.0,0.0,0.9812366,-0.0008164166,-0.0007935109,1.6604839e-17,9.375979e-15,1.2271784e-14,0.01897146,0.00087585894,0.00077863026,-0.009460709,0.00025109077,-0.009510549,0.01897146,0.0007034693,0.0006101657,0.0010482485,-0.009460709,0.00024525638,0.0009470949,0.00025692515,-0.009510549
1.8,36,3.8891754,0.0,0.0,0.98198485,-0.0008031687,-0.0007560897,2.958294e-17,8.517226e-15,1.1178542e-14,0.018056838,0.00082432834,0.0007366254,-0.009007131,0.00022986653,-0.009049484,0.018056838,0.0006623601,0.00058111467,0.0009862966,-0.009007131,0.00022419136,0.00089213613,0.0002355417,-0.009049484
1.8,36,3.9291239,0.0,0.0,0.9826803,-0.00076506136,-0.00072124973,3.8735932e-17,7.572735e-15,9.952783e-15,0.017191505,0.00077324733,0.0006951599,-0.008577681,0.00021090946,-0.008613461,0.017191505,0.00062035664,0.00055127736,0.0009261381,-0.008577681,0.00020538675,0.00083904236,0.00021643216,-0.008613461
1.8,36,3.9690714,0.0,0.0,0.9833604,-0.0007188572,-0.00069142913,4.1118033e-17,6.53379e-15,8.59469e-15,0.016372837,0.0007231131,0.000654833,-0.008171481,0.00019390418,-0.008201326,0.016372837,0.00057812803,0.0005213732,0.0008680981,-0.008171481,0.0001885243,0.0007882928,0.00019928407,-0.008201326
1.8,36,4.009021,0.0,0.0,0.9839941,-0.00068961177,-0.00063621154,3.295656e-17,5.3730955e-15,7.117092e-15,0.015599038,0.00067434995,0.00061601115,-0.007787171,0.00017856146,-0.007811798,0.015599038,0.000536269,0.00049194146,0.000812431,-0.007787171,0.0001733234,0.00074008084,0.00018379952,-0.007811798
1.8,36,4.0489693,0.0,0.0,0.9845998,-0.00066352217,-0.00063487503,2.7514348e-17,4.0813122e-15,5.4913015e-15,0.014867363,0.0006273391,0.00057891465,-0.0074237655,0.00016460294,-0.007443563,0.014867363,0.0004952789,0.00046328522,0.0007593993,-0.0074237655,0.00015950472,0.0006945441,0.00016970115,-0.007443563
1.8,36,4.0889177,0.0,0.0,0.98517174,-0.0006343424,-0.0006068993,3.2968746e-17,2.681518e-15,3.631204e-15,0.014175624,0.0005824276,0.0005435973,-0.0070797866,0.00015178314,-0.0070957984,0.014175624,0.00045568802,0.0004355415,0.0007091672,-0.0070797866,0.00014682743,0.00065165316,0.00015673887,-0.0070957984
1.8,36,4.1288652,0.0,0.0,0.98571754,-0.00060671114,-0.00058115367,2.2225254e-17,1.2243837e-15,1.6478782e-15,0.013521234,0.0005400049,0.0005099697,-0.006754353,0.00013993986,-0.0067669395,0.013521234,0.0004179981,0.00040869502,0.0006620118,-0.006754353,0.00013512043,0.0006112444,0.00014475928,-0.0067669395
1.8,36,4.1688147,0.0,0.0,0.9862236,-0.00061216066,-0.00055692287,4.2531323e-18,2.0699225e-16,2.773835e-16,0.012902513,0.0005003458,0.00047789962,-0.0064462973,0.00012901431,-0.006456207,0.012902513,0.00038264383,0.00038265664,0.0006180477,-0.0064462973,0.00012432341,0.0005731426,0.0001337052,-0.006456207
1.8,36,4.208763,0.0,0.0,0.9867187,-0.00058686256,-0.00053403364,1.327016e-19,6.3230753e-18,8.4661026e-18,0.012317494,0.00046360202,0.00044731214,-0.0061550927,0.000119039934,-0.006162482,0.012317494,0.00034985627,0.00035742138,0.00057734776,-0.0061550927,0.00011447439,0.00053720287,0.00012360548,-0.006162482
1.8,36,4.2487116,0.0,0.0,0.9871789,-0.00053134083,-0.0005126728,5.791458e-22,2.7513526e-20,3.6833923e-20,0.011764848,0.0004296458,0.00041824396,-0.005879794,0.00011005834,-0.0058850576,0.011764848,0.0003195823,0.00033309398,0.0005397093,-0.005879794,0.00010561494,0.00050339394,0.00011450174,-0.0058850576
1.8,36,4.288659,0.0,0.0,0.98763067,-0.0005101413,-0.00049258943,3.452313e-25,1.639427e-23,2.1947573e-23,0.011242333,0.0003982435,0.0003907798,-0.0056196214,0.000102049395,-0.005622931,0.011242333,0.00029162207,0.00030983242,0.0005048649,-0.0056196214,9.772476e-05,0.00047172717,0.00010637402,-0.005622931
1.8,36,4.3286085,0.0,0.0,0.98806113,-0.00049051,-0.00047456057,2.7998167e-29,1.3294977e-27,1.77984e-27,0.010748866,0.0003691449,0.0003649937,-0.0053737257,9.493396e-05,-0.005375048,0.010748866,0.00026573267,0.0002878,0.00047255715,-0.0053737257,9.0725545e-05,0.0004421874,9.914238e-05,-0.005375048
1.8,36,4.368557,0.0,0.0,0.9884737,-0.00047202173,-0.0004571409,3.0897086e-34,1.4671448e-32,1.964112e-32,0.010281853,0.00034213645,0.0003409043,-0.005141181,8.860539e-05,-0.0051408163,0.010281853,0.00024173631,0.00026707986,0.00044253658,-0.005141181,8.4511965e-05,0.00041472877,9.269882e-05,-0.0051408163
1.8,36,4.4085054,0.0,0.0,0.9888666,-0.0004554271,-0.00044075103,0.0,2.2022012e-38,2.9480705e-38,0.009840436,0.00031706635,0.0003184893,-0.0049212244,8.2956816e-05,-0.004919379,0.009840436,0.00021948728,0.00024770602,0.00041464542,-0.0049212244,7.897636e-05,0.00038927258,8.693727e-05,-0.004919379
1.8,36,4.448453,0.0,0.0,0.98924327,-0.0004401954,-0.0004272445,0.0,0.0,0.0,0.009422566,0.00029380008,0.00029769345,-0.004712954,7.7885736e-05,-0.0047097127,0.009422566,0.00019887938,0.00022967595,0.00038872077,-0.004712954,7.401895e-05,0.00036571096,8.1752514e-05,-0.0047097127
1.8,36,4.4884024,0.0,0.0,0.9895968,-0.00042526828,-0.0004141238,0.0,0.0,0.0,0.009027068,0.00027224072,0.0002784279,-0.004515695,7.3309275e-05,-0.0045113442,0.009027068,0.00017983186,0.00021294772,0.0003646496,-0.004515695,6.955282e-05,0.00034390812,7.706572e-05,-0.0045113442
1.8,36,4.528351,0.0,0.0,0.9899366,-0.00041111244,-0.00039944728,0.0,0.0,0.0,0.0086522745,0.00025229537,0.00026060417,-0.004328753,6.91554e-05,-0.0043235645,0.0086522745,0.00016226697,0.00019746317,0.00034232376,-0.004328753,6.5508415e-05,0.00032374516,7.280238e-05,-0.0043235645
1.8,36,4.5682983,0.0,0.0,0.99026906,-0.00039830827,-0.0003862226,0.0,0.0,0.0,0.008297263,0.00023387249,0.00024412922,-0.004151507,6.5363594e-05,-0.004145731,0.008297263,0.00014611558,0.00018316139,0.0003216294,-0.004151507,6.182516e-05,0.00030509706,6.890202e-05,-0.004145731
1.8,36,4.608247,0.0,0.0,0.9905745,-0.00038356936,-0.0003720539,0.0,0.0,0.0,0.007960675,0.00021688326,0.00022890576,-0.0039834064,6.188452e-05,-0.003977227,0.007960675,0.00013130067,0.00016996698,0.00030246587,-0.0039834064,5.8451704e-05,0.00028784454,6.531734e-05,-0.003977227
1.8,36,4.648196,0.0,0.0,0.9908673,-0.0003743492,-0.00035826772,0.0,0.0,0.0,0.00764107,0.00020124536,0.00021484094,-0.0038237155,5.8674806e-05,-0.0038174007,0.00764107,0.00011776159,0.00015780499,0.00028472915,-0.0038237155,5.5346984e-05,0.0002718769,6.2002626e-05,-0.0038174007
1.8,36,4.6881447,0.0,0.0,0.99116087,-0.00036676487,-0.0003481599,0.0,0.0,0.0,0.0073380372,0.00018687955,0.00020184898,-0.0036720573,5.570027e-05,-0.0036658861,0.0073380372,0.00010542502,0.00014660966,0.0002683341,-0.0036720573,5.2476596e-05,0.0002570883,5.8923943e-05,-0.0036658861
1.8,36,4.728092,0.0,0.0,0.9914442,-0.0003564687,-0.00033814902,0.0,0.0,0.0,0.0070499685,0.00017370288,0.00018984408,-0.0035279556,5.2930016e-05,-0.0035220496,0.0070499685,9.4226336e-05,0.00013630962,0.00025317943,-0.0035279556,4.9808055e-05,0.00024337853,5.6051973e-05,-0.0035220496
1.8,36,4.7680407,0.0,0.0,0.99171513,-0.00034246384,-0.0003283248,0.0,0.0,0.0,0.006776322,0.00016163292,0.00017875887,-0.0033908756,5.0340117e-05,-0.0033854223,0.006776322,8.409159e-05,0.00012684643,0.00023917426,-0.0033908756,4.7318896e-05,0.00023067131,5.3361342e-05,-0.0033854223
1.8,36,4.80799,0.0,0.0,0.9919795,-0.0003329725,-0.00031920755,0.0,0.0,0.0,0.0065160138,0.00015060313,0.00016851706,-0.0032604546,4.791015e-05,-0.003255462,0.0065160138,7.496081e-05,0.000118158896,0.00022624544,-0.0032604546,4.498824e-05,0.00021887523,5.0832066e-05,-0.003255462
1.8,36,4.8479385,0.0,0.0,0.9922325,-0.00032477756,-0.00031005344,0.0,0.0,0.0,0.0062680743,0.00014054452,0.00015906061,-0.0031361892,4.562209e-05,-0.0031319004,0.0062680743,6.677387e-05,0.0001101972,0.00021431518,-0.0031361892,4.2798998e-05,0.00020792404,4.8445185e-05,-0.0031319004
1.8,36,4.887886,0.0,0.0,0.99247706,-0.0003164773,-0.0003017361,0.0,0.0,0.0,0.0060320743,0.00013138495,0.00015033774,-0.0030177815,4.3462343e-05,-0.0030142702,0.0060320743,5.9463844e-05,0.00010290975,0.00020330606,-0.0030177815,4.073556e-05,0.00019776574,4.618913e-05,-0.0030142702
1.8,36,4.9278345,0.0,0.0,0.9927117,-0.00030862173,-0.0002943669,0.0,0.0,0.0,0.005806911,0.00012306386,0.00014229293,-0.0029048736,4.1419058e-05,-0.0029020752,0.005806911,5.2968564e-05,9.62569e-05,0.00019315917,-0.0029048736,3.8787122e-05,0.00018832895,4.4050994e-05,-0.0029020752
1.8,36,4.967784,0.0,0.0,0.9929376,-0.0003011519,-0.0002871713,0.0,0.0,0.0,0.005592058,0.00011551887,0.00013487681,-0.002797035,3.9482235e-05,-0.0027951642,0.005592058,4.723705e-05,9.018778e-05,0.0001838007,-0.002797035,3.6943406e-05,0.00017956583,4.2021067e-05,-0.0027951642
1.8,36,5.0077324,0.0,0.0,0.99315524,-0.00029416077,-0.00028026273,0.0,0.0,0.0,0.0053870976,0.000108689026,0.00012804987,-0.0026940391,3.7644328e-05,-0.0026930291,0.0053870976,4.2209565e-05,8.466967e-05,0.00017516849,-0.0026940391,3.5197732e-05,0.00017143006,4.0090927e-05,-0.0026930291
1.8,36,5.04768,0.0,0.0,0.99336475,-0.0002872704,-0.00027344964,0.0,0.0,0.0,0.005191073,0.00010252114,0.00012176859,-0.0025955557,3.5898207e-05,-0.002595448,0.005191073,3.7824655e-05,7.965988e-05,0.00016721761,-0.0025955557,3.354111e-05,0.0001638773,3.8255304e-05,-0.002595448
1.8,36,5.0876284,0.0,0.0,0.9935541,-0.0002886633,-0.00026664615,0.0,0.0,0.0,0.005003513,9.696578e-05,0.00011599106,-0.0025013853,3.4238255e-05,-0.0025021047,0.005003513,3.404636e-05,7.512315e-05,0.0001598852,-0.0025013853,3.1968488e-05,0.00015685897,3.6508023e-05,-0.0025021047
1.8,36,5.127578,0.0,0.0,0.99374324,-0.00027851362,-0.0002618908,0.0,0.0,0.0,0.004823861,9.1965856e-05,0.000110678644,-0.0024112284,3.2660704e-05,-0.0024127474,0.004823861,3.0807394e-05,7.102416e-05,0.00015312432,-0.0024112284,3.0476485e-05,0.00015033313,3.484492e-05,-0.0024127474
1.8,36,5.1675262,0.0,0.0,0.9939256,-0.00026795376,-0.00025416116,0.0,0.0,0.0,0.0046519428,8.747634e-05,0.00010579569,-0.002324824,3.1161824e-05,-0.0023271504,0.0046519428,2.8071805e-05,6.732275e-05,0.00014688088,-0.002324824,2.9059267e-05,0.00014426863,3.3264383e-05,-0.0023271504
1.8,36,5.2074738,0.0,0.0,0.9941077,-0.00026224845,-0.00024845335,0.0,0.0,0.0,0.004486977,8.345556e-05,0.0001013078,-0.0022419977,2.9736879e-05,-0.002245085,0.004486977,2.5788484e-05,6.399001e-05,0.00014112264,-0.0022419977,2.7713999e-05,0.00013862559,3.175976e-05,-0.002245085
1.8,36,5.247422,0.0,0.0,0.9942833,-0.00025669814,-0.00024306145,0.0,0.0,0.0,0.004328812,7.9856596e-05,9.7178396e-05,-0.0021624882,2.8384531e-05,-0.002166289,0.004328812,2.3909583e-05,6.0990704e-05,0.00013580361,-0.0021624882,2.6438198e-05,0.00013336609,3.0330864e-05,-0.002166289
1.8,36,5.2873716,0.0,0.0,0.99445283,-0.00025142182,-0.00023763317,0.0,0.0,0.0,0.00417679,7.663961e-05,9.337549e-05,-0.002086181,2.7101149e-05,-0.0020906427,0.00417679,2.2398202e-05,5.8290687e-05,0.00013088102,-0.002086181,2.52284e-05,0.0001284603,2.8973896e-05,-0.0020906427
1.8,36,5.32732,0.0,0.0,0.99461585,-0.00024637015,-0.00023250385,0.0,0.0,0.0,0.004030852,7.377038e-05,8.986885e-05,-0.0020128968,2.5884234e-05,-0.002017948,0.004030852,2.1215343e-05,5.58625e-05,0.00012632542,-0.0020128968,2.4081179e-05,0.0001238752,2.7687289e-05,-0.002017948
1.8,36,5.3672676,0.0,0.0,0.99477446,-0.00024150172,-0.0002274865,0.0,0.0,0.0,0.0038904455,7.121028e-05,8.663086e-05,-0.0019424234,2.4731591e-05,-0.001948036,0.0038904455,2.0319048e-05,5.3677588e-05,0.00012210151,-0.0019424234,2.2994918e-05,0.00011958413,2.6468264e-05,-0.001948036
1.8,36,5.407216,0.0,0.0,0.99492675,-0.0002366394,-0.00022296498,0.0,0.0,0.0,0.0037554204,6.89246e-05,8.363087e-05,-0.0018746622,2.3640401e-05,-0.0018807645,0.0037554204,1.9675974e-05,5.1704672e-05,0.00011817322,-0.0018746622,2.1967076e-05,0.000115557064,2.5313728e-05,-0.0018807645
1.8,36,5.4471655,0.0,0.0,0.9950743,-0.00023215917,-0.00021835152,0.0,0.0,0.0,0.0036255093,6.688386e-05,8.084694e-05,-0.0018094797,2.260742e-05,-0.001816002,0.0036255093,1.925306e-05,4.9923718e-05,0.00011451466,-0.0018094797,2.0994354e-05,0.00011177017,2.4220488e-05,-0.001816002
1.8,36,5.487114,0.0,0.0,0.99521685,-0.00022742608,-0.00021390492,0.0,0.0,0.0,0.0035003875,6.505875e-05,7.825539e-05,-0.0017467453,2.1630498e-05,-0.0017536461,0.0035003875,1.9016132e-05,4.8307793e-05,0.00011110137,-0.0017467453,2.0074029e-05,0.000108202985,2.3186967e-05,-0.0017536461
1.8,36,5.5270615,0.0,0.0,0.9953542,-0.00022329783,-0.00020982155,0.0,0.0,0.0,0.0033799042,6.342075e-05,7.583351e-05,-0.001686318,2.0706371e-05,-0.0016935474,0.0033799042,1.8937752e-05,4.6836707e-05,0.00010790376,-0.001686318,1.9203446e-05,0.00010483032,2.2209295e-05,-0.0016935474
1.8,36,5.56701,0.0,0.0,0.9954867,-0.0002190396,-0.00020551977,0.0,0.0,0.0,0.0032637902,6.194369e-05,7.356552e-05,-0.001628154,1.9832285e-05,-0.0016356268,0.0032637902,1.8989016e-05,4.549256e-05,0.00010489836,-0.001628154,1.8380275e-05,0.00010163848,2.1284293e-05,-0.0016356268
1.8,36,5.6069593,0.0,0.0,0.995615,-0.00021508615,-0.00020125283,0.0,0.0,0.0,0.003151878,6.0607817e-05,7.1431474e-05,-0.0015721164,1.9004965e-05,-0.0015797822,0.003151878,1.914678e-05,4.4256463e-05,0.00010206886,-0.0015721164,1.7600925e-05,9.8606484e-05,2.0409007e-05,-0.0015797822
1.8,36,5.646908,0.0,0.0,0.99573886,-0.00021137808,-0.0001976092,0.0,0.0,0.0,0.0030440206,5.9389884e-05,6.941738e-05,-0.0015181149,1.8221486e-05,-0.0015259291,0.0030440206,1.9389932e-05,4.311568e-05,9.9389836e-05,-0.0015181149,1.6862745e-05,9.5719086e-05,1.9580226e-05,-0.0015259291
1.8,36,5.6868553,0.0,0.0,0.9958586,-0.00020757677,-0.00019391766,0.0,0.0,0.0,0.002940111,5.8269063e-05,6.7510475e-05,-0.0014660861,1.7478895e-05,-0.0014739992,0.002940111,1.9691828e-05,4.2053944e-05,9.68463e-05,-0.0014660861,1.6163061e-05,9.2967006e-05,1.8794726e-05,-0.0014739992
1.8,36,5.726804,0.0,0.0,0.99597406,-0.00020315975,-0.00019035747,0.0,0.0,0.0,0.0028398428,5.723088e-05,6.5699634e-05,-0.0014159436,1.6774338e-05,-0.0014239083,0.0028398428,2.0038433e-05,4.1061816e-05,9.442333e-05,-0.0014159436,1.5498777e-05,9.033745e-05,1.8049901e-05,-0.0014239083
1.8,36,5.766753,0.0,0.0,0.9960852,-0.00019924373,-0.00018649404,0.0,0.0,0.0,0.0027432083,5.626082e-05,6.397214e-05,-0.0013675984,1.610517e-05,-0.0013755562,0.0027432083,2.0413916e-05,4.0127983e-05,9.210772e-05,-0.0013675984,1.4867772e-05,8.78163e-05,1.7342569e-05,-0.0013755562
1.8,36,5.8067017,0.0,0.0,0.9961922,-0.00019524115,-0.00018311803,0.0,0.0,0.0,0.0026500123,5.534188e-05,6.232134e-05,-0.0013210055,1.5468524e-05,-0.0013289865,0.0026500123,2.080095e-05,3.924515e-05,8.988281e-05,-0.0013210055,1.4267399e-05,8.5397536e-05,1.6669648e-05,-0.0013289865
1.8,36,5.846649,0.0,0.0,0.99629545,-0.00019177733,-0.0001795815,0.0,0.0,0.0,0.002560177,5.44671e-05,6.073789e-05,-0.0012761157,1.48622985e-05,-0.001284016,0.002560177,2.1191567e-05,3.8403075e-05,8.774263e-05,-0.0012761157,1.3695521e-05,8.30727e-05,1.6029077e-05,-0.001284016
1.8,36,5.8865976,0.0,0.0,0.9963953,-0.00018852986,-0.00017627203,0.0,0.0,0.0,0.0024734866,5.3622665e-05,5.9217287e-05,-0.0012328341,1.4284364e-05,-0.0012406447,0.0024734866,2.1571283e-05,3.759918e-05,8.567405e-05,-0.0012328341,1.3150167e-05,8.0835394e-05,1.541856e-05,-0.0012406447
1.8,36,5.926547,0.0,0.0,0.9964916,-0.00018529086,-0.00017323825,0.0,0.0,0.0,0.002389959,5.2802556e-05,5.7753234e-05,-0.0011911441,1.3732284e-05,-0.0011988285,0.002389959,2.1934346e-05,3.682701e-05,8.367076e-05,-0.0011911441,1.2629299e-05,7.8679455e-05,1.483527e-05,-0.0011988285
1.8,36,5.9664946,0.0,0.0,0.9965849,-0.00018191882,-0.0001703105,0.0,0.0,0.0,0.002309429,5.1999807e-05,5.6338926e-05,-0.0011509261,1.320473e-05,-0.0011585094,0.002309429,2.2272146e-05,3.6079553e-05,8.172746e-05,-0.0011509261,1.2131058e-05,7.65983e-05,1.4278403e-05,-0.0011585094
1.8,36,6.006443,0.0,0.0,0.99667484,-0.00017878141,-0.00016721775,0.0,0.0,0.0,0.0022317816,5.120914e-05,5.4973134e-05,-0.001112217,1.2699821e-05,-0.001119608,0.0022317816,2.2581085e-05,3.5356337e-05,7.983719e-05,-0.001112217,1.1654428e-05,7.458993e-05,1.3745214e-05,-0.001119608
1.8,36,6.0463915,0.0,0.0,0.99676263,-0.00017539156,-0.0001640767,0.0,0.0,0.0,0.002156974,5.0425348e-05,5.3649823e-05,-0.001074885,1.2215932e-05,-0.0010821183,0.002156974,2.285666e-05,3.4653094e-05,7.799404e-05,-0.001074885,1.1197386e-05,7.264655e-05,1.3234478e-05,-0.0010821183
1.8,36,6.086341,0.0,0.0,0.9968463,-0.00017212234,-0.00016151927,0.0,0.0,0.0,0.0020849172,4.9644415e-05,5.2368494e-05,-0.0010389332,1.1752074e-05,-0.0010459847,0.0020849172,2.3094994e-05,3.3967528e-05,7.6193835e-05,-0.0010389332,1.0759387e-05,7.076946e-05,1.2744761e-05,-0.0010459847
1.8,36,6.1262884,0.0,0.0,0.9969283,-0.00016922581,-0.00015850874,0.0,0.0,0.0,0.002015423,4.8865997e-05,5.1125433e-05,-0.0010042958,1.13070655e-05,-0.0010111416,0.002015423,2.3295594e-05,3.3298853e-05,7.44364e-05,-0.0010042958,1.0338959e-05,6.895202e-05,1.2275171e-05,-0.0010111416
1.8,36,6.166237,0.0,0.0,0.9970078,-0.00016637474,-0.0001558196,0.0,0.0,0.0,0.0019485017,4.8088663e-05,4.991643e-05,-0.0009709372,1.0879699e-05,-0.0009775757,0.0019485017,2.3457413e-05,3.2643035e-05,7.2719915e-05,-0.0009709372,9.935202e-06,6.718982e-05,1.1824197e-05,-0.0009775757
1.8,36,6.2061853,0.0,0.0,0.99708456,-0.00016351063,-0.00015340124,0.0,0.0,0.0,0.0018840571,4.7308982e-05,4.8742142e-05,-0.00093880686,1.046917e-05,-0.0009452262,0.0018840571,2.3579309e-05,3.200027e-05,7.103865e-05,-0.00093880686,9.547404e-06,6.548401e-05,1.1390935e-05,-0.0009452262
1.8,36,6.2461348,0.0,0.0,0.997158,-0.00016177156,-0.00015192118,0.0,0.0,0.0,0.0018219493,4.6528057e-05,4.7600748e-05,-0.0009078631,1.0074731e-05,-0.0009140755,0.0018219493,2.3662678e-05,3.1370244e-05,6.9393434e-05,-0.0009078631,9.174781e-06,6.3831256e-05,1.0974681e-05,-0.0009140755
1.8,36,6.2860823,0.0,0.0,0.99722826,-0.00015797143,-0.00014978176,0.0,0.0,0.0,0.0017621189,4.57463e-05,4.649187e-05,-0.0008780735,9.695599e-06,-0.0008840417,0.0017621189,2.3709588e-05,3.075258e-05,6.778301e-05,-0.0008780735,8.816696e-06,6.2231156e-05,1.0574503e-05,-0.0008840417
1.8,36,6.3260307,0.0,0.0,0.9972967,-0.00015519751,-0.00014744009,0.0,0.0,0.0,0.0017045386,4.4961762e-05,4.5411456e-05,-0.0008493841,9.331028e-06,-0.00085514976,0.0017045386,2.3717666e-05,3.0145635e-05,6.620586e-05,-0.0008493841,8.472461e-06,6.067728e-05,1.0189597e-05,-0.00085514976
1.8,36,6.365979,0.0,0.0,0.99736273,-0.00015274876,-0.00014470826,0.0,0.0,0.0,0.0016490745,4.4177574e-05,4.4359673e-05,-0.00082175486,8.980611e-06,-0.00082730653,0.0016490745,2.3691953e-05,2.9547657e-05,6.4663196e-05,-0.00082175486,8.141541e-06,5.9171693e-05,9.81968e-06,-0.00082730653
1.8,36,6.4059286,0.0,0.0,0.9974268,-0.00015012908,-0.00014233463,0.0,0.0,0.0,0.0015956785,4.339355e-05,4.333671e-05,-0.0007951737,8.643772e-06,-0.00080048956,0.0015956785,2.3634178e-05,2.8961247e-05,6.315292e-05,-0.0007951737,7.823407e-06,5.771217e-05,9.464136e-06,-0.00080048956
1.8,36,6.445876,0.0,0.0,0.9974909,-0.00014580438,-0.00014008782,0.0,0.0,0.0,0.0015442814,4.2611213e-05,4.234062e-05,-0.0007695867,8.31977e-06,-0.00077467796,0.0015442814,2.3546083e-05,2.8385699e-05,6.167634e-05,-0.0007695867,7.517678e-06,5.629554e-05,9.121863e-06,-0.00077467796
1.8,36,6.4858246,0.0,0.0,0.99755293,-0.00014509946,-0.00013779063,0.0,0.0,0.0,0.0014947874,4.1829175e-05,4.1370713e-05,-0.00074493646,8.008378e-06,-0.00074982183,0.0014947874,2.3428584e-05,2.7819364e-05,6.022977e-05,-0.00074493646,7.223859e-06,5.492206e-05,8.7928975e-06,-0.00074982183
1.8,36,6.525773,0.0,0.0,0.997611,-0.00014271247,-0.00013556657,0.0,0.0,0.0,0.001447149,4.105229e-05,4.042592e-05,-0.0007212208,7.709028e-06,-0.00072589115,0.001447149,2.3286619e-05,2.7262671e-05,5.881797e-05,-0.0007212208,6.941517e-06,5.358917e-05,8.476539e-06,-0.00072589115
1.8,36,6.5657225,0.0,0.0,0.99766725,-0.00014038847,-0.00013339047,0.0,0.0,0.0,0.0014012647,4.0278537e-05,3.950679e-05,-0.00069838966,7.42133e-06,-0.00070286397,0.0014012647,2.3119444e-05,2.6716505e-05,5.7437628e-05,-0.00069838966,6.670315e-06,5.229708e-05,8.172345e-06,-0.00070286397
1.8,36,6.60567,0.0,0.0,0.9977216,-0.0001382163,-0.0001313452,0.0,0.0,0.0,0.0013571342,3.951057e-05,3.8611255e-05,-0.0006764215,7.1449326e-06,-0.00068069535,0.0013571342,2.2931961e-05,2.6180069e-05,5.608918e-05,-0.0006764215,6.4098695e-06,5.104244e-05,7.879996e-06,-0.00068069535
1.8,36,6.6456184,0.0,0.0,0.9977742,-0.00013587797,-0.00012937379,0.0,0.0,0.0,0.0013146105,3.874847e-05,3.773928e-05,-0.0006552573,6.8792733e-06,-0.0006593318,0.0013146105,2.272439e-05,2.5653204e-05,5.4772543e-05,-0.0006552573,6.1595847e-06,4.982535e-05,7.5989624e-06,-0.0006593318
1.8,36,6.685567,0.0,0.0,0.99782515,-0.00013372915,-0.00012750817,0.0,0.0,0.0,0.0012736749,3.7993657e-05,3.6891666e-05,-0.0006348936,6.6240937e-06,-0.0006387863,0.0012736749,2.2499471e-05,2.5136997e-05,5.348784e-05,-0.0006348936,5.9194326e-06,4.8646332e-05,7.3287542e-06,-0.0006387863
1.8,36,6.7255163,0.0,0.0,0.99787444,-0.0001315339,-0.00012546347,0.0,0.0,0.0,0.0012342839,3.724734e-05,3.606555e-05,-0.0006152927,6.3790108e-06,-0.0006189942,0.0012342839,2.2259439e-05,2.4630253e-05,5.2235242e-05,-0.0006152927,5.688865e-06,4.7500846e-05,7.0691567e-06,-0.0006189942
1.8,36,6.765464,0.0,0.0,0.997922,-0.00012927693,-0.00012368165,0.0,0.0,0.0,0.0011963617,3.650876e-05,3.5261695e-05,-0.000596413,6.1435376e-06,-0.00059994805,0.0011963617,2.2005805e-05,2.4133924e-05,5.1011717e-05,-0.000596413,5.467552e-06,4.6389465e-05,6.8195227e-06,-0.00059994805
1.8,36,6.8054123,0.0,0.0,0.9979679,-0.00012722668,-0.00012187188,0.0,0.0,0.0,0.0011598379,3.578148e-05,3.447845e-05,-0.00057823054,5.9175527e-06,-0.00058160967,0.0011598379,2.1741522e-05,2.3646993e-05,4.982144e-05,-0.00057823054,5.2552364e-06,4.5309906e-05,6.5798686e-06,-0.00058160967
1.8,36,6.8453608,0.0,0.0,0.99801254,-0.00012541506,-0.00012013459,0.0,0.0,0.0,0.0011246734,3.506329e-05,3.371726e-05,-0.00056073355,5.700488e-06,-0.0005639353,0.0011246734,2.146641e-05,2.3170249e-05,4.8660175e-05,-0.00056073355,5.051431e-06,4.426427e-05,6.349546e-06,-0.0005639353
1.8,36,6.88531,0.0,0.0,0.99805635,-0.0001238318,-0.00011816662,0.0,0.0,0.0,0.001090808,3.4356217e-05,3.2975924e-05,-0.0005438747,5.4920824e-06,-0.00054693315,0.001090808,2.118301e-05,2.270297e-05,4.7529426e-05,-0.0005438747,4.8559764e-06,4.3248878e-05,6.1281885e-06,-0.00054693315
1.8,36,6.9252577,0.0,0.0,0.99809897,-0.00012183055,-0.00011611008,0.0,0.0,0.0,0.001058187,3.3659882e-05,3.225449e-05,-0.0005276322,5.292124e-06,-0.0005305452,0.001058187,2.089309e-05,2.2245522e-05,4.642667e-05,-0.0005276322,4.668594e-06,4.2263462e-05,5.915654e-06,-0.0005305452
1.8,36,6.965206,0.0,0.0,0.9981401,-0.00011993362,-0.00011440088,0.0,0.0,0.0,0.0010267703,3.2976597e-05,3.155258e-05,-0.00051198836,5.1001425e-06,-0.000514758,0.0010267703,2.059733e-05,2.1798593e-05,4.535586e-05,-0.00051198836,4.4888484e-06,4.1306565e-05,5.711437e-06,-0.000514758
1.8,36,7.0051546,0.0,0.0,0.99818027,-0.00011815697,-0.00011271875,0.0,0.0,0.0,0.0009964902,3.2305164e-05,3.086866e-05,-0.0004969263,4.9158825e-06,-0.00049955276,0.0009964902,2.0297339e-05,2.1360373e-05,4.4312994e-05,-0.0004969263,4.3164127e-06,4.0376948e-05,5.5153523e-06,-0.00049955276
1.8,36,7.045103,0.0,0.0,0.99821925,-0.00011646201,-0.000111102316,0.0,0.0,0.0,0.0009673089,3.164593e-05,3.0203742e-05,-0.00048239678,4.739012e-06,-0.0004849132,0.0009673089,1.9993966e-05,2.0931551e-05,4.3297896e-05,-0.00048239678,4.151097e-06,3.9475934e-05,5.3269273e-06,-0.0004849132
1.8,36,7.0850515,0.0,0.0,0.99825704,-0.000114747956,-0.000109538705,0.0,0.0,0.0,0.0009391833,3.0999636e-05,2.9556424e-05,-0.00046839655,4.569243e-06,-0.00047078688,0.0009391833,1.9688621e-05,2.0512276e-05,4.231065e-05,-0.00046839655,3.992632e-06,3.8600574e-05,5.1458537e-06,-0.00047078688
1.8,36,7.125,0.0,0.0,0.99829394,-0.00011302374,-0.000107917906,0.0,0.0,0.0,0.0009120995,3.0365893e-05,2.8926297e-05,-0.00045491318,4.40629e-06,-0.0004571796,0.0009120995,1.9381381e-05,2.0103138e-05,4.1350406e-05,-0.00045491318,3.8406306e-06,3.7749458e-05,4.971949e-06,-0.0004571796
1.8,36,7.1649485,0.0,0.0,0.9983296,-0.00011134405,-0.00010640615,0.0,0.0,0.0,0.0008859683,2.9745384e-05,2.8313378e-05,-0.00044189973,4.249958e-06,-0.00044406037,0.0008859683,1.9074332e-05,1.9702438e-05,4.0416435e-05,-0.00044189973,3.6949464e-06,3.6924317e-05,4.8049687e-06,-0.00044406037
1.8,36,7.204897,0.0,0.0,0.9983641,-0.00010973575,-0.00010486946,0.0,0.0,0.0,0.0008607658,2.9137378e-05,2.7716593e-05,-0.00042934934,4.099905e-06,-0.0004314059,0.0008607658,1.87665e-05,1.9311183e-05,3.9508257e-05,-0.00042934934,3.555268e-06,3.6122005e-05,4.644541e-06,-0.0004314059
1.8,36,7.2448454,0.0,0.0,0.99839777,-0.00010798996,-0.0001033008,0.0,0.0,0.0,0.00083648943,2.8543243e-05,2.7136015e-05,-0.00041724896,3.95586e-06,-0.0004192046,0.00083648943,1.8460307e-05,1.892795e-05,3.8626178e-05,-0.00041724896,3.4213854e-06,3.5344077e-05,4.490335e-06,-0.0004192046
1.8,36,7.284794,0.0,0.0,0.99843025,-0.00010660004,-0.00010196986,0.0,0.0,0.0,0.00081303733,2.7961989e-05,2.6570568e-05,-0.00040558484,3.817618e-06,-0.00040745057,0.00081303733,1.8155431e-05,1.8554292e-05,3.7768546e-05,-0.00040558484,3.2930163e-06,3.4586843e-05,4.34222e-06,-0.00040745057
1.8,36,7.3247423,0.0,0.0,0.9984618,-0.00010505793,-0.00010061765,0.0,0.0,0.0,0.0007904407,2.7392958e-05,2.6020485e-05,-0.0003943235,3.6849028e-06,-0.0003960991,0.0007904407,1.7852086e-05,1.8189243e-05,3.693383e-05,-0.0003943235,3.1698974e-06,3.3851727e-05,4.1999083e-06,-0.0003960991
1.8,36,7.36469,0.0,0.0,0.99849254,-0.00010359003,-9.948464e-05,0.0,0.0,0.0,0.00076861295,2.6837679e-05,2.5484975e-05,-0.0003834542,3.5575376e-06,-0.00038515383,0.00076861295,1.7551789e-05,1.7832357e-05,3.612357e-05,-0.0003834542,3.0519236e-06,3.3137592e-05,4.0631517e-06,-0.00038515383
1.8,36,7.4046392,0.0,0.0,0.9985215,-0.00010233106,-9.801772e-05,0.0,0.0,0.0,0.000747568,2.6294558e-05,2.4963516e-05,-0.00037296937,3.4352101e-06,-0.00037457712,0.000747568,1.7253404e-05,1.748374e-05,3.533571e-05,-0.00037296937,2.9387388e-06,3.244329e-05,3.9316815e-06,-0.00037457712
1.8,36,7.4445877,0.0,0.0,0.9985502,-0.00010029669,-9.579641e-05,0.0,0.0,0.0,0.00072723714,2.5763782e-05,2.4455618e-05,-0.00036284627,3.3177816e-06,-0.0003643793,0.00072723714,1.6958282e-05,1.7143513e-05,3.4569282e-05,-0.00036284627,2.8302045e-06,3.1767722e-05,3.8053586e-06,-0.0003643793
1.8,36,7.484536,0.0,0.0,0.9985788,-9.8788645e-05,-9.3826544e-05,0.0,0.0,0.0,0.0007076025,2.524633e-05,2.3961478e-05,-0.00035306843,3.2050034e-06,-0.0003545253,0.0007076025,1.6667153e-05,1.6811156e-05,3.382551e-05,-0.00035306843,2.7261246e-06,3.1111802e-05,3.683882e-06,-0.0003545253
1.8,36,7.5244837,0.0,0.0,0.99860615,-9.837296e-05,-9.335965e-05,0.0,0.0,0.0,0.00068864814,2.4740704e-05,2.348037e-05,-0.00034362427,3.0966967e-06,-0.00034500964,0.00068864814,1.6379749e-05,1.6486403e-05,3.310166e-05,-0.00034362427,2.626359e-06,3.0474337e-05,3.5670344e-06,-0.00034500964
1.8,36,7.564433,0.0,0.0,0.9986323,-9.599187e-05,-9.248334e-05,0.0,0.0,0.0,0.0006703358,2.4247056e-05,2.3011613e-05,-0.00033450243,2.9926723e-06,-0.00033582398,0.0006703358,1.609574e-05,1.616924e-05,3.2398373e-05,-0.00033450243,2.530599e-06,2.9853985e-05,3.4547459e-06,-0.00033582398
1.8,36,7.6043816,0.0,0.0,0.99865806,-9.473421e-05,-9.097945e-05,0.0,0.0,0.0,0.00065263605,2.376589e-05,2.2555188e-05,-0.00032568377,2.8926875e-06,-0.0003269416,0.00065263605,1.5815784e-05,1.5859958e-05,3.1715994e-05,-0.00032568377,2.4387175e-06,2.9250421e-05,3.3466572e-06,-0.0003269416
1.8,36,7.64433,0.0,0.0,0.9986832,-9.353228e-05,-8.926039e-05,0.0,0.0,0.0,0.00063552975,2.329583e-05,2.2110737e-05,-0.00031716557,2.796728e-06,-0.000318367,0.00063552975,1.5540782e-05,1.5558096e-05,3.105088e-05,-0.00031716557,2.3506373e-06,2.8663377e-05,3.2428186e-06,-0.000318367
1.8,36,7.6842775,0.0,0.0,0.99870795,-9.2322785e-05,-8.810771e-05,0.0,0.0,0.0,0.00061901426,2.2837174e-05,2.1677279e-05,-0.0003089302,2.7044573e-06,-0.00031006776,0.00061901426,1.5269306e-05,1.5262602e-05,3.040504e-05,-0.0003089302,2.2660934e-06,2.8091954e-05,3.1428212e-06,-0.00031006776
1.8,36,7.724227,0.0,0.0,0.9987322,-9.11224e-05,-8.700977e-05,0.0,0.0,0.0,0.00060302345,2.2389788e-05,2.125562e-05,-0.00030096117,2.6157845e-06,-0.0003020518,0.00060302345,1.5002624e-05,1.4974391e-05,2.977695e-05,-0.00030096117,2.1849744e-06,2.753685e-05,3.0465947e-06,-0.0003020518
1.8,36,7.7641754,0.0,0.0,0.9987558,-8.994849e-05,-8.591977e-05,0.0,0.0,0.0,0.00058756536,2.195333e-05,2.084466e-05,-0.0002932639,2.5305321e-06,-0.00029429706,0.00058756536,1.4740284e-05,1.4693312e-05,2.9166376e-05,-0.0002932639,2.1070728e-06,2.699601e-05,2.9539917e-06,-0.00029429706
1.8,36,7.804124,0.0,0.0,0.9987787,-8.8863766e-05,-8.487864e-05,0.0,0.0,0.0,0.00057262555,2.152733e-05,2.0444135e-05,-0.00028581033,2.4485926e-06,-0.00028679892,0.00057262555,1.44827945e-05,1.4418512e-05,2.8571865e-05,-0.00028581033,2.0323475e-06,2.6469757e-05,2.8648378e-06,-0.00028679892
1.8,36,7.8440714,0.0,0.0,0.9988011,-8.774579e-05,-8.380944e-05,0.0,0.0,0.0,0.0005581462,2.1112122e-05,2.0054045e-05,-0.00027860422,2.369769e-06,-0.00027954893,0.0005581462,1.4229872e-05,1.4150608e-05,2.799437e-05,-0.00027860422,1.96054e-06,2.5957483e-05,2.7789977e-06,-0.00027954893
1.8,36,7.884021,0.0,0.0,0.9988229,-8.6653854e-05,-8.279679e-05,0.0,0.0,0.0,0.00054415996,2.070732e-05,1.9673565e-05,-0.0002716236,2.2940058e-06,-0.0002725245,0.00054415996,1.3981312e-05,1.3888416e-05,2.743333e-05,-0.0002716236,1.8916571e-06,2.5458716e-05,2.6963546e-06,-0.0002725245
1.8,36,7.9239693,0.0,0.0,0.9988442,-8.5558444e-05,-8.1775775e-05,0.0,0.0,0.0,0.0005306063,2.0311974e-05,1.9302834e-05,-0.00026487737,2.2211045e-06,-0.0002657308,0.0005306063,1.37373045e-05,1.36330145e-05,2.6886642e-05,-0.00026487737,1.8254824e-06,2.4972653e-05,2.6167265e-06,-0.0002657308
1.8,36,7.9639177,0.0,0.0,0.99886495,-8.44985e-05,-8.0783626e-05,0.0,0.0,0.0,0.00051749917,1.9926352e-05,1.8940971e-05,-0.00025833806,2.1509738e-06,-0.0002591536,0.00051749917,1.349786e-05,1.3382902e-05,2.6354846e-05,-0.00025833806,1.7619335e-06,2.449904e-05,2.540014e-06,-0.0002591536
1.8,36,8.003865,0.0,0.0,0.9988852,-8.3460734e-05,-7.981433e-05,0.0,0.0,0.0,0.0005047956,1.9550418e-05,1.8588735e-05,-0.00025200224,2.0834975e-06,-0.00025278167,0.0005047956,1.3263427e-05,1.3139086e-05,2.583741e-05,-0.00025200224,1.700856e-06,2.4038383e-05,2.466139e-06,-0.00025278167
1.8,36,8.043815,0.0,0.0,0.9989049,-8.2445265e-05,-7.888012e-05,0.0,0.0,0.0,0.00049248745,1.9183311e-05,1.8244968e-05,-0.00024587233,2.0185275e-06,-0.0002466171,0.00049248745,1.3033479e-05,1.2901131e-05,2.5333144e-05,-0.00024587233,1.6421872e-06,2.3588804e-05,2.3948678e-06,-0.0002466171
1.8,36,8.083763,0.0,0.0,0.99892414,-8.145504e-05,-7.7953686e-05,0.0,0.0,0.0,0.0004805792,1.8825236e-05,1.7909906e-05,-0.00023993215,1.9560011e-06,-0.00024064304,0.0004805792,1.2807764e-05,1.26685645e-05,2.484271e-05,-0.00023993215,1.5857947e-06,2.3151248e-05,2.3262078e-06,-0.00024064304
1.8,36,8.123712,0.0,0.0,0.9989429,-8.047077e-05,-7.703426e-05,0.0,0.0,0.0,0.0004690174,1.8476087e-05,1.7583017e-05,-0.00023417585,1.8957842e-06,-0.00023485055,0.0004690174,1.2586768e-05,1.2441323e-05,2.4365405e-05,-0.00023417585,1.5315851e-06,2.2724711e-05,2.2599831e-06,-0.00023485055
1.8,36,8.163659,0.0,0.0,0.9989612,-7.952294e-05,-7.613797e-05,0.0,0.0,0.0,0.00045783914,1.8135715e-05,1.7264216e-05,-0.00022859198,1.8378155e-06,-0.00022923895,0.00045783914,1.2370115e-05,1.2219366e-05,2.3901315e-05,-0.00022859198,1.4794826e-06,2.2309065e-05,2.1961484e-06,-0.00022923895
1.8,36,8.2036085,0.0,0.0,0.99897903,-7.8576515e-05,-7.530825e-05,0.0,0.0,0.0,0.000446986,1.7803495e-05,1.6952694e-05,-0.00022318089,1.781953e-06,-0.00022380098,0.000446986,1.215786e-05,1.2002392e-05,2.344913e-05,-0.00022318089,1.4294036e-06,2.1902997e-05,2.1345024e-06,-0.00022380098
1.8,36,8.243557,0.0,0.0,0.9989965,-7.766267e-05,-7.444434e-05,0.0,0.0,0.0,0.00043646886,1.7479078e-05,1.6649283e-05,-0.00021793554,1.7281607e-06,-0.00021852675,0.00043646886,1.1949971e-05,1.1790724e-05,2.3008186e-05,-0.00021793554,1.381242e-06,2.1507842e-05,2.0750795e-06,-0.00021852675
1.8,36,8.283505,0.0,0.0,0.9990135,-7.675811e-05,-7.3563606e-05,0.0,0.0,0.0,0.00042626896,1.7162556e-05,1.6353153e-05,-0.00021284663,1.6763049e-06,-0.0002134159,0.00042626896,1.1746358e-05,1.158372e-05,2.2578755e-05,-0.00021284663,1.3349119e-06,2.1122585e-05,2.017698e-06,-0.0002134159
1.8,36,8.323453,0.0,0.0,0.99903035,-7.5401025e-05,-7.268997e-05,0.0,0.0,0.0,0.00041637244,1.6853961e-05,1.6063857e-05,-0.00020791127,1.6263245e-06,-0.00020845453,0.00041637244,1.1546858e-05,1.1381428e-05,2.2161064e-05,-0.00020791127,1.2903314e-06,2.0746287e-05,1.9623178e-06,-0.00020845453
1.8,36,8.363402,0.0,0.0,0.9990466,-7.455173e-05,-7.18835e-05,0.0,0.0,0.0,0.0004067744,1.6552485e-05,1.5781628e-05,-0.00020312234,1.5781602e-06,-0.00020364208,0.0004067744,1.1351282e-05,1.1183794e-05,2.1753687e-05,-0.00020312234,1.2474353e-06,2.0379463e-05,1.9088852e-06,-0.00020364208
1.8,36,8.403351,0.0,0.0,0.9990624,-7.379182e-05,-7.026557e-05,0.0,0.0,0.0,0.0003974638,1.6258018e-05,1.550592e-05,-0.00019847382,1.5317089e-06,-0.00019896786,0.0003974638,1.1159968e-05,1.0990404e-05,2.1356069e-05,-0.00019847382,1.2061728e-06,2.0021438e-05,1.8572449e-06,-0.00019896786
1.8,36,8.443298,0.0,0.0,0.9990775,-7.304439e-05,-6.867276e-05,0.0,0.0,0.0,0.00038841777,1.5970843e-05,1.5237191e-05,-0.00019396048,1.4869145e-06,-0.00019444132,0.00038841777,1.0972583e-05,1.0802094e-05,2.0969104e-05,-0.00019396048,1.1664429e-06,1.9672289e-05,1.807386e-06,-0.00019444132
1.8,36,8.483247,0.0,0.0,0.99909276,-7.2707466e-05,-6.7918045e-05,0.0,0.0,0.0,0.00037963124,1.5690726e-05,1.4974236e-05,-0.00018958391,1.4436907e-06,-0.0001900433,0.00037963124,1.0789234e-05,1.0617547e-05,2.0592219e-05,-0.00018958391,1.1281886e-06,1.9330926e-05,1.7591929e-06,-0.0001900433
1.8,36,8.523196,0.0,0.0,0.9991076,-7.189196e-05,-6.718731e-05,0.0,0.0,0.0,0.00037111036,1.5416841e-05,1.4717739e-05,-0.0001853368,1.4020205e-06,-0.0001857702,0.00037111036,1.0609249e-05,1.0437476e-05,2.0224432e-05,-0.0001853368,1.091365e-06,1.8998002e-05,1.7126761e-06,-0.0001857702
1.8,36,8.563145,0.0,0.0,0.9991218,-7.1198694e-05,-6.741845e-05,0.0,0.0,0.0,0.00036283478,1.514931e-05,1.4467303e-05,-0.00018120265,1.361781e-06,-0.00018162004,0.00036283478,1.0433457e-05,1.0261039e-05,1.9865161e-05,-0.00018120265,1.0558905e-06,1.8673567e-05,1.6676714e-06,-0.00018162004
1.8,36,8.603092,0.0,0.0,0.9991356,-7.051073e-05,-6.765036e-05,0.0,0.0,0.0,0.0003547952,1.4888055e-05,1.4222127e-05,-0.00017719131,1.3229452e-06,-0.0001775928,0.0003547952,1.0261273e-05,1.00886145e-05,1.9514839e-05,-0.00017719131,1.0217237e-06,1.8355639e-05,1.6241667e-06,-0.0001775928
1.8,36,8.643041,0.0,0.0,0.99914944,-6.972771e-05,-6.691108e-05,0.0,0.0,0.0,0.00034698163,1.4633365e-05,1.3982699e-05,-0.00017329611,1.2854734e-06,-0.00017367624,0.00034698163,1.0092403e-05,9.920076e-06,1.9174327e-05,-0.00017329611,9.888109e-07,1.8045323e-05,1.5821361e-06,-0.00017367624
1.8,36,8.68299,0.0,0.0,0.99916303,-6.8971465e-05,-6.6197426e-05,0.0,0.0,0.0,0.00033938917,1.4384083e-05,1.3748759e-05,-0.00016950254,1.2492874e-06,-0.00016987706,0.00033938917,9.92732e-06,9.754985e-06,1.8840847e-05,-0.00016950254,9.571032e-07,1.7742532e-05,1.5414714e-06,-0.00016987706
1.8,36,8.722939,0.0,0.0,0.99917626,-6.822567e-05,-6.549193e-05,0.0,0.0,0.0,0.0003320152,1.4140954e-05,1.3520606e-05,-0.00016582517,1.2143273e-06,-0.0001661774,0.0003320152,9.765734e-06,9.594066e-06,1.8516173e-05,-0.00016582517,9.2654057e-07,1.7447148e-05,1.502114e-06,-0.0001661774
1.8,36,8.762886,0.0,0.0,0.9991893,-6.7494664e-05,-6.439744e-05,0.0,0.0,0.0,0.00032484025,1.3903205e-05,1.3297102e-05,-0.00016224946,1.1805535e-06,-0.00016258609,0.00032484025,9.60731e-06,9.436349e-06,1.81991e-05,-0.00016224946,8.97069e-07,1.7157854e-05,1.464038e-06,-0.00016258609
1.8,36,8.8028345,0.0,0.0,0.9992021,-6.676978e-05,-6.371903e-05,0.0,0.0,0.0,0.00031786188,1.3670589e-05,1.3079125e-05,-0.00015876484,1.147941e-06,-0.00015909174,0.00031786188,9.452137e-06,9.282257e-06,1.7889042e-05,-0.00015876484,8.686676e-07,1.6875993e-05,1.4272146e-06,-0.00015909174
1.8,36,8.842784,0.0,0.0,0.9992145,-6.6060704e-05,-6.305578e-05,0.0,0.0,0.0,0.00031108723,1.344339e-05,1.2865704e-05,-0.00015537992,1.1164293e-06,-0.00015569491,0.00031108723,9.300536e-06,9.131578e-06,1.7586246e-05,-0.00015537992,8.41292e-07,1.659983e-05,1.3915666e-06,-0.00015569491
1.8,36,8.882732,0.0,0.0,0.9992268,-6.537915e-05,-6.282227e-05,0.0,0.0,0.0,0.00030449254,1.3221537e-05,1.2656715e-05,-0.00015209177,1.0859368e-06,-0.0001523908,0.00030449254,9.151519e-06,8.98365e-06,1.7291555e-05,-0.00015209177,8.1485246e-07,1.632978e-05,1.3570211e-06,-0.0001523908
1.8,36,8.92268,0.0,0.0,0.9992387,-6.470053e-05,-6.216576e-05,0.0,0.0,0.0,0.000298079,1.3004518e-05,1.2452703e-05,-0.0001488899,1.0564977e-06,-0.00014917873,0.000298079,9.00614e-06,8.839198e-06,1.7002896e-05,-0.0001488899,7.8939127e-07,1.6066208e-05,1.3236041e-06,-0.00014917873
1.8,36,8.962628,0.0,0.0,0.99925035,-6.40189e-05,-6.152174e-05,0.0,0.0,0.0,0.00029182876,1.2792627e-05,1.2253203e-05,-0.0001457736,1.028013e-06,-0.00014605199,0.00029182876,8.863524e-06,8.698149e-06,1.672173e-05,-0.0001457736,7.6480785e-07,1.5808257e-05,1.2912182e-06,-0.00014605199
1.8,36,9.002578,0.0,0.0,0.99926174,-6.3343374e-05,-6.089891e-05,0.0,0.0,0.0,0.00028575785,1.2585253e-05,1.2057739e-05,-0.00014274272,1.0004699e-06,-0.0001430081,0.00028575785,8.724025e-06,8.559508e-06,1.644648e-05,-0.00014274272,7.4107766e-07,1.555597e-05,1.259862e-06,-0.0001430081
1.8,36,9.042526,0.0,0.0,0.9992729,-6.2687905e-05,-6.027956e-05,0.0,0.0,0.0,0.00027984232,1.2382408e-05,1.1866701e-05,-0.00013979265,9.738377e-07,-0.00014004868,0.00027984232,8.586946e-06,8.424096e-06,1.617787e-05,-0.00013979265,7.18188e-07,1.5309306e-05,1.2294873e-06,-0.00014004868
1.8,36,9.082474,0.0,0.0,0.99928385,-6.204193e-05,-5.966487e-05,0.0,0.0,0.0,0.00027408905,1.2183905e-05,1.1679744e-05,-0.00013692123,9.4805404e-07,-0.00013716411,0.00027408905,8.452907e-06,8.291814e-06,1.5914902e-05,-0.00013692123,6.960894e-07,1.5067673e-05,1.2000187e-06,-0.00013716411
1.8,36,9.122422,0.0,0.0,0.9992946,-6.141952e-05,-5.9078706e-05,0.0,0.0,0.0,0.00026848732,1.1989882e-05,1.1496895e-05,-0.00013412298,9.23121e-07,-0.00013435756,0.00026848732,8.321749e-06,8.161919e-06,1.5658015e-05,-0.00013412298,6.7475276e-07,1.4831871e-05,1.1714892e-06,-0.00013435756
1.8,36,9.162372,0.0,0.0,0.999305,-6.0801845e-05,-5.848774e-05,0.0,0.0,0.0,0.00026303175,1.1800533e-05,1.1317703e-05,-0.00013140075,8.9897617e-07,-0.00013162677,0.00026303175,8.193292e-06,8.034945e-06,1.5407773e-05,-0.00013140075,6.541515e-07,1.4600461e-05,1.1438008e-06,-0.00013162677
1.8,36,9.20232,0.0,0.0,0.99931544,-6.0054994e-05,-5.777073e-05,0.0,0.0,0.0,0.00025771366,1.1614806e-05,1.1142619e-05,-0.0001287499,8.756052e-07,-0.00012896668,0.00025771366,8.067145e-06,7.910642e-06,1.5162465e-05,-0.0001287499,6.342569e-07,1.4374596e-05,1.1169535e-06,-0.00012896668
1.8,36,9.242268,0.0,0.0,0.9993257,-5.9596416e-05,-5.705969e-05,0.0,0.0,0.0,0.00025253798,1.1433023e-05,1.09709e-05,-0.00012616253,8.529787e-07,-0.00012637222,0.00025253798,7.943744e-06,7.7886925e-06,1.4922302e-05,-0.00012616253,6.1503897e-07,1.4153106e-05,1.0909184e-06,-0.00012637222
1.8,36,9.282216,0.0,0.0,0.9993358,-5.897879e-05,-5.677644e-05,0.0,0.0,0.0,0.00024749702,1.12553025e-05,1.0803184e-05,-0.0001236441,8.3106886e-07,-0.00012384586,0.00024749702,7.822842e-06,7.669355e-06,1.4687762e-05,-0.0001236441,5.9646874e-07,1.3937013e-05,1.0656689e-06,-0.00012384586
1.8,36,9.3221655,0.0,0.0,0.9993455,-5.834528e-05,-5.623674e-05,0.0,0.0,0.0,0.0002425823,1.1081197e-05,1.0638802e-05,-0.00012119239,8.098549e-07,-0.00012138623,0.0002425823,7.704062e-06,7.5526696e-06,1.4458332e-05,-0.00012119239,5.7852844e-07,1.3724935e-05,1.0411813e-06,-0.00012138623
1.8,36,9.362114,0.0,0.0,0.99935555,-5.792941e-05,-5.5493787e-05,0.0,0.0,0.0,0.00023779011,1.091095e-05,1.0477635e-05,-0.00011880137,7.892972e-07,-0.00011898641,0.00023779011,7.5880075e-06,7.4379723e-06,1.4233891e-05,-0.00011880137,5.611955e-07,1.3517298e-05,1.0173989e-06,-0.00011898641
1.8,36,9.402061,0.0,0.0,0.999365,-5.71898e-05,-5.502033e-05,0.0,0.0,0.0,0.00023312062,1.0744226e-05,1.03200355e-05,-0.000116470306,7.6937715e-07,-0.00011664898,0.00023312062,7.474284e-06,7.325863e-06,1.4014167e-05,-0.000116470306,5.44435e-07,1.33142075e-05,9.943193e-07,-0.00011664898
1.8,36,9.44201,0.0,0.0,0.99937403,-5.663451e-05,-5.449631e-05,0.0,0.0,0.0,0.00022856807,1.05810495e-05,1.0165271e-05,-0.00011419707,7.500811e-07,-0.000114370574,0.00022856807,7.3628203e-06,7.216059e-06,1.3799279e-05,-0.00011419707,5.282377e-07,1.3114483e-05,9.719245e-07,-0.000114370574
1.8,36,9.481959,0.0,0.0,0.9993829,-5.6088713e-05,-5.3976368e-05,0.0,0.0,0.0,0.00022413828,1.0421418e-05,1.0014097e-05,-0.00011198118,7.3137545e-07,-0.000112146576,0.00022413828,7.25334e-06,7.108321e-06,1.3589495e-05,-0.00011198118,5.1258263e-07,1.2919873e-05,9.5016827e-07,-0.000112146576
1.8,36,9.521908,0.0,0.0,0.9993916,-5.554386e-05,-5.34573e-05,0.0,0.0,0.0,0.00021980554,1.0264701e-05,9.865806e-06,-0.000109819666,7.132395e-07,-0.00010998184,0.00021980554,7.14613e-06,7.002848e-06,1.3383272e-05,-0.000109819666,4.9742977e-07,1.2728763e-05,9.290492e-07,-0.00010998184
1.8,36,9.561855,0.0,0.0,0.99940026,-5.5014607e-05,-5.29524e-05,0.0,0.0,0.0,0.00021558472,1.0111548e-05,9.720428e-06,-0.00010771514,6.9566295e-07,-0.000107869746,0.00021558472,7.0411406e-06,6.8992617e-06,1.3181956e-05,-0.00010771514,4.827867e-07,1.2541595e-05,9.085392e-07,-0.000107869746
1.8,36,9.601804,0.0,0.0,0.99940825,-5.3809414e-05,-5.221609e-05,0.0,0.0,0.0,0.00021147275,9.961209e-06,9.578365e-06,-0.00010565923,6.7860316e-07,-0.00010580665,0.00021147275,6.9380853e-06,6.79809e-06,1.2984332e-05,-0.00010565923,4.6861416e-07,1.2358641e-05,8.885922e-07,-0.00010580665
1.8,36,9.641753,0.0,0.0,0.9994165,-5.3316806e-05,-5.173842e-05,0.0,0.0,0.0,0.00020745533,9.814128e-06,9.438747e-06,-0.000103652965,6.620637e-07,-0.000103795486,0.00020745533,6.836885e-06,6.6988305e-06,1.2791372e-05,-0.000103652965,4.5491166e-07,1.2178664e-05,8.692158e-07,-0.000103795486
1.8,36,9.681702,0.0,0.0,0.9994238,-5.2966574e-05,-5.14114e-05,0.0,0.0,0.0,0.00020353783,9.670154e-06,9.301962e-06,-0.00010169678,6.4601875e-07,-0.00010183466,0.00020353783,6.7381343e-06,6.6012676e-06,1.2602174e-05,-0.00010169678,4.4164688e-07,1.2002655e-05,8.503906e-07,-0.00010183466
1.8,36,9.721649,0.0,0.0,0.9994317,-5.2478572e-05,-5.0938273e-05,0.0,0.0,0.0,0.00019971498,9.52896e-06,9.16775e-06,-9.978812e-05,6.304563e-07,-9.991987e-05,0.00019971498,6.6407883e-06,6.505842e-06,1.2417132e-05,-9.978812e-05,4.288104e-07,1.1829659e-05,8.321022e-07,-9.991987e-05
1.8,36,9.761598,0.0,0.0,0.99943906,-5.2767944e-05,-5.075772e-05,0.0,0.0,0.0,0.00019598388,9.390749e-06,9.036464e-06,-9.792468e-05,6.1535496e-07,-9.805238e-05,0.00019598388,6.545636e-06,6.4121537e-06,1.2235863e-05,-9.792468e-05,4.163915e-07,1.1660774e-05,8.1431847e-07,-9.805238e-05
1.8,36,9.801547,0.0,0.0,0.99944675,-5.227535e-05,-5.0286784e-05,0.0,0.0,0.0,0.00019233685,9.255038e-06,8.907646e-06,-9.6103024e-05,6.006943e-07,-9.62282e-05,0.00019233685,6.452107e-06,6.3202924e-06,1.2057969e-05,-9.6103024e-05,4.043648e-07,1.1495e-05,7.970238e-07,-9.62282e-05
1.8,36,9.841495,0.0,0.0,0.99945426,-5.179257e-05,-4.9827686e-05,0.0,0.0,0.0,0.00018878204,9.1219235e-06,8.781171e-06,-9.4328105e-05,5.864639e-07,-9.444843e-05,0.00018878204,6.360325e-06,6.2301706e-06,1.1883521e-05,-9.4328105e-05,3.927216e-07,1.1332173e-05,7.802062e-07,-9.444843e-05
1.8,36,9.881443,0.0,0.0,0.99946165,-5.1313393e-05,-4.9370665e-05,0.0,0.0,0.0,0.00018531282,8.991738e-06,8.657266e-06,-9.2593036e-05,5.726379e-07,-9.2710165e-05,0.00018531282,6.2703593e-06,6.141921e-06,1.1713115e-05,-9.2593036e-05,3.8144475e-07,1.1172612e-05,7.6383094e-07,-9.2710165e-05
1.8,36,9.9213915,0.0,0.0,0.9994689,-5.084756e-05,-4.892632e-05,0.0,0.0,0.0,0.00018191976,8.863994e-06,8.535955e-06,-9.089978e-05,5.59222e-07,-9.101307e-05,0.00018191976,6.182234e-06,6.0551533e-06,1.1545753e-05,-9.089978e-05,3.7052465e-07,1.10167575e-05,7.4791933e-07,-9.101307e-05
1.8,36,9.961341,0.0,0.0,0.99947596,-5.037502e-05,-4.847526e-05,0.0,0.0,0.0,0.00017860472,8.738539e-06,8.4166e-06,-8.9245914e-05,5.4619306e-07,-8.935443e-05,0.00017860472,6.095687e-06,5.9700806e-06,1.1381391e-05,-8.9245914e-05,3.5995544e-07,1.086312e-05,7.3243075e-07,-8.935443e-05
1.8,36,10.001288,0.0,0.0,0.9994829,-4.9925995e-05,-4.804494e-05,0.0,0.0,0.0,0.00017537159,8.615917e-06,8.299734e-06,-8.763069e-05,5.3353926e-07,-8.773373e-05,0.00017537159,6.0107673e-06,5.886731e-06,1.1221066e-05,-8.763069e-05,3.497087e-07,1.0712736e-05,7.1736986e-07,-8.773373e-05
1.8,36,10.041237,0.0,0.0,0.99948984,-4.9474762e-05,-4.7616162e-05,0.0,0.0,0.0,0.0001722124,8.495113e-06,8.184953e-06,-8.6052685e-05,5.212432e-07,-8.615523e-05,0.0001722124,5.9273093e-06,5.8049286e-06,1.1062917e-05,-8.6052685e-05,3.3979066e-07,1.0564977e-05,7.026957e-07,-8.615523e-05
1.8,36,10.081185,0.0,0.0,0.9994966,-4.9030314e-05,-4.7192436e-05,0.0,0.0,0.0,0.0001691225,8.3773175e-06,8.07244e-06,-8.451087e-05,5.09295e-07,-8.460854e-05,0.0001691225,5.845681e-06,5.724668e-06,1.0908954e-05,-8.451087e-05,3.3017028e-07,1.0420212e-05,6.8841973e-07,-8.460854e-05
1.8,36,10.121135,0.0,0.0,0.99950314,-4.85917e-05,-4.677393e-05,0.0,0.0,0.0,0.00016611042,8.2614e-06,7.961919e-06,-8.3005376e-05,4.9768266e-07,-8.3099396e-05,0.00016611042,5.7653174e-06,5.6458357e-06,1.07574815e-05,-8.3005376e-05,3.2085214e-07,1.0278003e-05,6.745132e-07,-8.3099396e-05
1.8,36,10.161082,0.0,0.0,0.99950963,-4.815587e-05,-4.635692e-05,0.0,0.0,0.0,0.0001631648,8.147606e-06,7.853512e-06,-8.1534134e-05,4.863989e-07,-8.162308e-05,0.0001631648,5.686607e-06,5.568412e-06,1.0608606e-05,-8.1534134e-05,3.1182222e-07,1.0138613e-05,6.6097556e-07,-8.162308e-05
1.8,36,10.201031,0.0,0.0,0.999516,-4.773102e-05,-4.595381e-05,0.0,0.0,0.0,0.0001602813,8.036133e-06,7.747239e-06,-8.009476e-05,4.754342e-07,-8.018033e-05,0.0001602813,5.609149e-06,5.49245e-06,1.0463118e-05,-8.009476e-05,3.030683e-07,1.0002028e-05,6.478001e-07,-8.018033e-05
1.8,36,10.240979,0.0,0.0,0.99952227,-4.731223e-05,-4.555081e-05,0.0,0.0,0.0,0.00015746566,7.92673e-06,7.64286e-06,-7.8688376e-05,4.6476228e-07,-7.87711e-05,0.00015746566,5.5331125e-06,5.4181155e-06,1.0320347e-05,-7.8688376e-05,2.9457743e-07,9.867604e-06,6.349471e-07,-7.87711e-05
1.8,36,10.280929,0.0,0.0,0.9995284,-4.6902664e-05,-4.515919e-05,0.0,0.0,0.0,0.00015471474,7.819147e-06,7.540259e-06,-7.731338e-05,4.5439288e-07,-7.739309e-05,0.00015471474,5.4585857e-06,5.3448093e-06,1.0179708e-05,-7.731338e-05,2.8635367e-07,9.735709e-06,6.224321e-07,-7.739309e-05
1.8,36,10.320876,0.0,0.0,0.9995345,-4.6488174e-05,-4.4762673e-05,0.0,0.0,0.0,0.00015202213,7.7137265e-06,7.4394575e-06,-7.596843e-05,4.4431454e-07,-7.604571e-05,0.00015202213,5.38534e-06,5.272933e-06,1.0042113e-05,-7.596843e-05,2.7837194e-07,9.605982e-06,6.1025713e-07,-7.604571e-05
1.8,36,10.360825,0.0,0.0,0.99954045,-4.6089404e-05,-4.4382316e-05,0.0,0.0,0.0,0.00014938877,7.610389e-06,7.340712e-06,-7.465398e-05,4.345003e-07,-7.472947e-05,0.00014938877,5.3135072e-06,5.2024134e-06,9.90727e-06,-7.465398e-05,2.7063325e-07,9.47901e-06,5.983673e-07,-7.472947e-05
1.8,36,10.400773,0.0,0.0,0.99954623,-4.569601e-05,-4.4005355e-05,0.0,0.0,0.0,0.00014681448,7.5087846e-06,7.243737e-06,-7.336883e-05,4.249553e-07,-7.344104e-05,0.00014681448,5.242921e-06,5.133156e-06,9.774649e-06,-7.336883e-05,2.6312512e-07,9.354318e-06,5.8678546e-07,-7.344104e-05
1.8,36,10.440722,0.0,0.0,0.999552,-4.529882e-05,-4.3625667e-05,0.0,0.0,0.0,0.00014429526,7.4088666e-06,7.148452e-06,-7.2111776e-05,4.1567517e-07,-7.2180956e-05,0.00014429526,5.173469e-06,5.0651183e-06,9.6442645e-06,-7.2111776e-05,2.5584578e-07,9.231786e-06,5.7550454e-07,-7.2180956e-05
1.8,36,10.48067,0.0,0.0,0.9995576,-4.4912565e-05,-4.3255644e-05,0.0,0.0,0.0,0.00014183698,7.311228e-06,7.0549345e-06,-7.0881375e-05,4.0663744e-07,-7.0948576e-05,0.00014183698,5.1056068e-06,4.998231e-06,9.516849e-06,-7.0881375e-05,2.4878227e-07,9.111638e-06,5.644926e-07,-7.0948576e-05
1.8,36,10.520618,0.0,0.0,0.99956304,-4.4499404e-05,-4.3082655e-05,0.0,0.0,0.0,0.00013942808,7.215135e-06,6.9629746e-06,-6.967689e-05,3.9783754e-07,-6.974399e-05,0.00013942808,5.0386857e-06,4.9327246e-06,9.391585e-06,-6.967689e-05,2.4191803e-07,8.993225e-06,5.5375705e-07,-6.974399e-05
1.8,36,10.560567,0.0,0.0,0.99956846,-4.4164724e-05,-4.2958854e-05,0.0,0.0,0.0,0.00013706989,7.120647e-06,6.8725876e-06,-6.850044e-05,3.89282e-07,-6.8564405e-05,0.00013706989,4.972952e-06,4.8681936e-06,9.268342e-06,-6.850044e-05,2.352674e-07,8.876982e-06,5.432966e-07,-6.8564405e-05
1.8,36,10.600516,0.0,0.0,0.9995737,-4.3771237e-05,-4.239364e-05,0.0,0.0,0.0,0.00013476452,7.0279484e-06,6.7839574e-06,-6.734886e-05,3.8095004e-07,-6.741042e-05,0.00013476452,4.9082787e-06,4.8049014e-06,9.147619e-06,-6.734886e-05,2.2881261e-07,8.763013e-06,5.330875e-07,-6.741042e-05
1.8,36,10.640464,0.0,0.0,0.99957895,-4.3481672e-05,-4.19421e-05,0.0,0.0,0.0,0.00013250808,6.936903e-06,6.6968096e-06,-6.622023e-05,3.7283593e-07,-6.628137e-05,0.00013250808,4.8449565e-06,4.74266e-06,9.0288495e-06,-6.622023e-05,2.225404e-07,8.650959e-06,5.2313146e-07,-6.628137e-05
1.8,36,10.680412,0.0,0.0,0.99958414,-4.311624e-05,-4.1591666e-05,0.0,0.0,0.0,0.00013029904,6.847369e-06,6.611118e-06,-6.511726e-05,3.649435e-07,-6.517658e-05,0.00013029904,4.7825442e-06,4.681504e-06,8.912194e-06,-6.511726e-05,2.1646062e-07,8.540732e-06,5.1342636e-07,-6.517658e-05
1.8,36,10.720361,0.0,0.0,0.9995892,-4.2753352e-05,-4.124256e-05,0.0,0.0,0.0,0.00012813309,6.759622e-06,6.5271483e-06,-6.4037806e-05,3.5725145e-07,-6.409558e-05,0.00012813309,4.7212457e-06,4.6215073e-06,8.797998e-06,-6.4037806e-05,2.1055118e-07,8.432789e-06,5.0395175e-07,-6.409558e-05
1.8,36,10.76031,0.0,0.0,0.9995942,-4.2402542e-05,-4.090521e-05,0.0,0.0,0.0,0.00012601959,6.6732678e-06,6.444398e-06,-6.298139e-05,3.497586e-07,-6.3036285e-05,0.00012601959,4.6611176e-06,4.562372e-06,8.685418e-06,-6.298139e-05,2.0481808e-07,8.326424e-06,4.946991e-07,-6.3036285e-05
1.8,36,10.800258,0.0,0.0,0.99959916,-4.2049192e-05,-4.0566076e-05,0.0,0.0,0.0,0.0001239486,6.5884324e-06,6.3632397e-06,-6.1946215e-05,3.4246435e-07,-6.199975e-05,0.0001239486,4.601929e-06,4.5044712e-06,8.574935e-06,-6.1946215e-05,1.992505e-07,8.222009e-06,4.856782e-07,-6.199975e-05
1.8,36,10.840206,0.0,0.0,0.99960405,-4.1706004e-05,-4.02362e-05,0.0,0.0,0.0,0.000121918885,6.5052345e-06,6.2833124e-06,-6.093463e-05,3.3534855e-07,-6.0985545e-05,0.000121918885,4.5438933e-06,4.4474345e-06,8.466576e-06,-6.093463e-05,1.938424e-07,8.11919e-06,4.7685467e-07,-6.0985545e-05
1.8,36,10.880155,0.0,0.0,0.9996088,-4.1345585e-05,-3.988044e-05,0.0,0.0,0.0,0.00011993465,6.42328e-06,6.2048475e-06,-5.9941704e-05,3.2842135e-07,-5.9990864e-05,0.00011993465,4.486702e-06,4.3914e-06,8.359858e-06,-5.9941704e-05,1.8859015e-07,8.018295e-06,4.6825255e-07,-5.9990864e-05
1.8,36,10.920103,0.0,0.0,0.9996136,-4.1058538e-05,-3.959254e-05,0.0,0.0,0.0,0.00011799055,6.342788e-06,6.1276305e-06,-5.896886e-05,3.2167262e-07,-5.901718e-05,0.00011799055,4.430526e-06,4.336231e-06,8.25505e-06,-5.896886e-05,1.8348878e-07,7.91903e-06,4.5985647e-07,-5.901718e-05
1.8,36,10.960052,0.0,0.0,0.99961835,-4.0653864e-05,-3.9233404e-05,0.0,0.0,0.0,0.00011608321,6.2636436e-06,6.0518123e-06,-5.8018177e-05,3.150885e-07,-5.8064375e-05,0.00011608321,4.375208e-06,4.2820843e-06,8.152079e-06,-5.8018177e-05,1.785253e-07,7.821541e-06,4.5165172e-07,-5.8064375e-05
1.8,36,11.0,0.0,0.0,0.9996228,-4.032515e-05,-3.891622e-05,0.0,0.0,0.0,0.000114218354,6.1859437e-06,5.9771673e-06,-5.7085254e-05,3.0867557e-07,-5.7131296e-05,0.000114218354,4.320941e-06,4.228869e-06,8.050946e-06,-5.7085254e-05,1.7371295e-07,7.725466e-06,4.4363819e-07,-5.7131296e-05
2.4,48,-4.5,0.0,0.0,0.9958959,0.00016839331,0.00016858593,0.0,0.0,0.0,-0.0028101704,4.978503e-05,4.7835387e-05,0.0014045082,-4.3008686e-07,0.0014054773,-0.0028101704,2.6656431e-05,2.5013394e-05,7.291363e-05,0.0014045082,-1.9137713e-06,7.065738e-05,1.0535975e-06,0.0014054773
2.4,48,-4.4600515,0.0,0.0,0.9957893,0.00017122377,0.00017147366,0.0,0.0,0.0,-0.002909303,5.1072813e-05,4.9074897e-05,0.0014540661,-4.4671168e-07,0.0014550511,-0.002909303,2.7306623e-05,2.561755e-05,7.4839e-05,0.0014540661,-1.9682802e-06,7.2532246e-05,1.0748569e-06,0.0014550511
2.4,48,-4.420103,0.0,0.0,0.99568,0.00018990759,0.00015913867,0.0,0.0,0.0,-0.003012713,5.240802e-05,5.0359347e-05,0.0015057396,-4.641712e-07,0.0015068353,-0.003012713,2.7978853e-05,2.624183e-05,7.683719e-05,0.0015057396,-2.0251068e-06,7.447686e-05,1.0967644e-06,0.0015068353
2.4,48,-4.3801546,0.0,0.0,0.99556655,0.00020866336,0.00017490232,0.0,0.0,0.0,-0.0031209346,5.379094e-05,5.16875e-05,0.001559828,-4.826356e-07,0.001560935,-0.0031209346,2.8674374e-05,2.6889065e-05,7.8907506e-05,0.001559828,-2.0843697e-06,7.6485936e-05,1.1190986e-06,0.001560935
2.4,48,-4.340206,0.0,0.0,0.9954506,0.0001811867,0.00017470328,0.0,0.0,0.0,-0.0032340847,5.522435e-05,5.3066487e-05,0.0016163582,-5.021798e-07,0.001617487,-0.0032340847,2.9394028e-05,2.7558543e-05,8.105468e-05,0.0016163582,-2.1459962e-06,7.8574434e-05,1.1416366e-06,0.001617487
2.4,48,-4.3002577,0.0,0.0,0.99533063,0.00018395115,0.00017744266,0.0,0.0,0.0,-0.0033522672,5.6713026e-05,5.4494878e-05,0.0016754884,-5.2288e-07,0.001676672,-0.0033522672,3.0140669e-05,2.8251136e-05,8.3285384e-05,0.0016754884,-2.2103854e-06,8.073862e-05,1.1646255e-06,0.001676672
2.4,48,-4.260309,0.0,0.0,0.99520487,0.00018731592,0.00018145824,0.0,0.0,0.0,-0.0034760416,5.8254038e-05,5.5978206e-05,0.0017373238,-5.4477835e-07,0.0017385619,-0.0034760416,3.091239e-05,2.8969964e-05,8.559569e-05,0.0017373238,-2.2776853e-06,8.298645e-05,1.1881286e-06,0.0017385619
2.4,48,-4.2203608,0.0,0.0,0.9950747,0.00019102651,0.0001855359,0.0,0.0,0.0,-0.0036054978,5.9856742e-05,5.7518926e-05,0.0018020695,-5.679036e-07,0.0018033553,-0.0036054978,3.171191e-05,2.9712764e-05,8.800157e-05,0.0018020695,-2.3476334e-06,8.532509e-05,1.2118262e-06,0.0018033553
2.4,48,-4.1804123,0.0,0.0,0.9949411,0.00019627922,0.00018925744,0.0,0.0,0.0,-0.0037405035,6.1516075e-05,5.9114092e-05,0.001869603,-5.9239693e-07,0.0018710506,-0.0037405035,3.254254e-05,3.0483594e-05,9.0489615e-05,0.001869603,-2.4208964e-06,8.774459e-05,1.2361025e-06,0.0018710506
2.4,48,-4.140464,0.0,0.0,0.9948052,0.00019795496,0.0001920889,0.0,0.0,0.0,-0.0038823108,6.324223e-05,6.0774124e-05,0.0019405552,-6.183646e-07,0.001941978,-0.0038823108,3.3403354e-05,3.128253e-05,9.30811e-05,0.0019405552,-2.4974063e-06,9.026572e-05,1.2606771e-06,0.001941978
2.4,48,-4.1005154,0.0,0.0,0.9946634,0.00020170392,0.00019573938,0.0,0.0,0.0,-0.004031113,6.503766e-05,6.249586e-05,0.002014981,-6.461088e-07,0.002016481,-0.004031113,3.429813e-05,3.211211e-05,9.57772e-05,0.002014981,-2.5776387e-06,9.287962e-05,1.2854211e-06,0.002016481
2.4,48,-4.060567,0.0,0.0,0.9945119,0.00020539638,0.00019937078,0.0,0.0,0.0,-0.0041870065,6.689929e-05,6.4289925e-05,0.0020929603,-6.7536917e-07,0.0020944509,-0.0041870065,3.522596e-05,3.297253e-05,9.857261e-05,0.0020929603,-2.6613543e-06,9.560731e-05,1.310616e-06,0.0020944509
2.4,48,-4.0206184,0.0,0.0,0.9943549,0.00020929916,0.00020293165,0.0,0.0,0.0,-0.004350616,6.883773e-05,6.61541e-05,0.0021747497,-7.0654085e-07,0.0021763092,-0.004350616,3.618674e-05,3.3867276e-05,0.00010148873,0.0021747497,-2.7491658e-06,9.844093e-05,1.3360841e-06,0.0021763092
2.4,48,-3.9806702,0.0,0.0,0.99419236,0.00021277969,0.00020680758,0.0,0.0,0.0,-0.0045223585,7.0854396e-05,6.809243e-05,0.0022605818,-7.39715e-07,0.0022621928,-0.0045223585,3.7190373e-05,3.4794873e-05,0.00010451841,0.0022605818,-2.8411928e-06,0.00010138998,1.3617628e-06,0.0022621928
2.4,48,-3.9407218,0.0,0.0,0.99402356,0.00021697044,0.00021082663,0.0,0.0,0.0,-0.004702744,7.2953546e-05,7.011059e-05,0.0023506747,-7.750358e-07,0.0023523532,-0.004702744,3.823241e-05,3.576134e-05,0.00010767468,0.0023506747,-2.9376874e-06,0.00010445983,1.3876158e-06,0.0023523532
2.4,48,-3.9007733,0.0,0.0,0.9938464,0.00022108317,0.00021546465,0.0,0.0,0.0,-0.0048920475,7.513909e-05,7.221168e-05,0.0024452878,-8.1260936e-07,0.002447086,-0.0048920475,3.9315673e-05,3.6765425e-05,0.00011096251,0.0024452878,-3.03891e-06,0.000107657936,1.4136914e-06,0.002447086
2.4,48,-3.8608248,0.0,0.0,0.9936397,0.00022225078,0.0002194346,0.0,0.0,0.0,-0.005091138,7.7415265e-05,7.4402706e-05,0.0025447325,-8.5267465e-07,0.0025467041,-0.005091138,4.044091e-05,3.7809416e-05,0.000114389615,0.0025447325,-3.1451546e-06,0.000110996,1.4398053e-06,0.0025467041
2.4,48,-3.8208764,0.0,0.0,0.99342287,0.00022986895,0.00022331429,0.0,0.0,0.0,-0.0053003435,7.9788195e-05,7.668583e-05,0.002649286,-8.954201e-07,0.002651362,-0.0053003435,4.161544e-05,3.8896032e-05,0.000117960946,0.002649286,-3.2568987e-06,0.00011447563,1.4660585e-06,0.002651362
2.4,48,-3.780928,0.0,0.0,0.9932225,0.00023448473,0.00022778142,0.0,0.0,0.0,-0.005520753,8.226195e-05,7.906495e-05,0.0027594087,-9.4102677e-07,0.0027614932,-0.005520753,4.2837524e-05,4.0029216e-05,0.00012168637,0.0027594087,-3.374191e-06,0.00011810068,1.4921375e-06,0.0027614932
2.4,48,-3.7409794,0.0,0.0,0.9930134,0.00023911134,0.00023287509,0.0,0.0,0.0,-0.0057524694,8.48457e-05,8.1547914e-05,0.002875216,-9.89837e-07,0.002877454,-0.0057524694,4.411303e-05,4.1208827e-05,0.00012557837,0.002875216,-3.4977863e-06,0.000121886995,1.5181125e-06,0.002877454
2.4,48,-3.701031,0.0,0.0,0.9927958,0.00024396597,0.00023736883,0.0,0.0,0.0,-0.0059965765,8.7539884e-05,8.413952e-05,0.0029971832,-1.0419035e-06,0.0029995283,-0.0059965765,4.5442044e-05,4.243922e-05,0.00012963773,0.0029971832,-3.627579e-06,0.00012583983,1.5437719e-06,0.0029995283
2.4,48,-3.6610825,0.0,0.0,0.9925711,0.00025116454,0.00024211785,0.0,0.0,0.0,-0.0062538893,9.035667e-05,8.684983e-05,0.003125679,-1.0978567e-06,0.0031282383,-0.0062538893,4.6831854e-05,4.372466e-05,0.00013388149,0.003125679,-3.7649204e-06,0.000129975,1.569207e-06,0.0031282383
2.4,48,-3.621134,0.0,0.0,0.9923371,0.00025409067,0.000245894,0.0,0.0,0.0,-0.0065250304,9.32954e-05,8.9681525e-05,0.0032612197,-1.1575878e-06,0.0032638218,-0.0065250304,4.827912e-05,4.506596e-05,0.00013831168,0.0032612197,-3.909384e-06,0.0001342971,1.5942081e-06,0.0032638218
2.4,48,-3.5811856,0.0,0.0,0.99208874,0.0002659071,0.0002513482,0.0,0.0,0.0,-0.0068110377,9.636974e-05,9.263842e-05,0.003404095,-1.2217467e-06,0.0034068632,-0.0068110377,4.9793605e-05,4.646691e-05,0.00014294586,0.003404095,-4.062022e-06,0.00013880992,1.6185285e-06,0.0034068632
2.4,48,-3.541237,0.0,0.0,0.9918311,0.00026849093,0.0002559158,0.0,0.0,0.0,-0.007112805,9.958655e-05,9.5730386e-05,0.0035549602,-1.2904366e-06,0.003557837,-0.007112805,5.1376715e-05,4.7927657e-05,0.00014779638,0.0035549602,-4.223057e-06,0.0001435331,1.6421841e-06,0.003557837
2.4,48,-3.5012887,0.0,0.0,0.991562,0.00027080218,0.00026240456,0.0,0.0,0.0,-0.0074292123,0.00010295356,9.8973e-05,0.0037139284,-1.3644252e-06,0.0037169778,-0.0074292123,5.3031217e-05,4.946192e-05,0.00015287592,0.0037139284,-4.393428e-06,0.00014848409,1.6645774e-06,0.0037169778
2.4,48,-3.4613404,0.0,0.0,0.9912823,0.00027677935,0.0002682719,0.0,0.0,0.0,-0.0077650235,0.000106479834,0.00010236946,0.0038819162,-1.4439008e-06,0.003885259,-0.0077650235,5.4768185e-05,5.1064577e-05,0.00015819148,0.0038819162,-4.5739766e-06,0.00015367434,1.6861749e-06,0.003885259
2.4,48,-3.421392,0.0,0.0,0.99094456,0.00028043494,0.00027004158,0.0,0.0,0.0,-0.00812085,0.00011017548,0.00010592418,0.004059837,-1.5291519e-06,0.0040630787,-0.00812085,5.6583187e-05,5.2742427e-05,0.00016376778,0.004059837,-4.764559e-06,0.00015910593,1.7062554e-06,0.0040630787
2.4,48,-3.3814435,0.0,0.0,0.99058676,0.00025943283,0.00027572413,0.0,0.0,0.0,-0.00849735,0.000114056485,0.00010965664,0.0042480123,-1.6212452e-06,0.0042514843,-0.00849735,5.848804e-05,5.4502314e-05,0.00016962494,0.0042480123,-4.967117e-06,0.00016481098,1.7246266e-06,0.0042514843
2.4,48,-3.341495,0.0,0.0,0.99011135,0.0002954908,0.00028737384,0.0,0.0,0.0,-0.00889662,0.00011812222,0.00011357449,0.004447201,-1.7203117e-06,0.0044508325,-0.00889662,6.0486997e-05,5.634995e-05,0.00017575744,0.004447201,-5.181711e-06,0.00017079903,1.7410875e-06,0.0044508325
2.4,48,-3.3015466,0.0,0.0,0.989767,0.00030545943,0.0002934774,0.0,0.0,0.0,-0.009319015,0.00012238951,0.000117684336,0.004658213,-1.8273352e-06,0.004662103,-0.009319015,6.25823e-05,5.8288075e-05,0.00018219672,0.004658213,-5.409736e-06,0.0001770806,1.7550656e-06,0.004662103
2.4,48,-3.261598,0.0,0.0,0.9894034,0.0003126919,0.00030037074,0.0,0.0,0.0,-0.00976667,0.00012688225,0.00012200648,0.004881962,-1.9427252e-06,0.004885981,-0.00976667,6.47872e-05,6.032227e-05,0.00018897731,0.004881962,-5.6519475e-06,0.00018369069,1.7664969e-06,0.004885981
2.4,48,-3.2216496,0.0,0.0,0.9890241,0.00031793193,0.00030794347,0.0,0.0,0.0,-0.01024141,0.00013159643,0.0001265504,0.0051192283,-2.0677144e-06,0.0051234732,-0.01024141,6.710641e-05,6.246131e-05,0.00019608645,0.0051192283,-5.9100657e-06,0.00019063948,1.7746369e-06,0.0051234732
2.4,48,-3.1817012,0.0,0.0,0.9886243,0.00032549867,0.0003155666,0.0,0.0,0.0,-0.010745824,0.00013656542,0.00013133092,0.0053710756,-2.2027984e-06,0.0053756377,-0.010745824,6.9549926e-05,6.4714244e-05,0.00020358092,0.0053710756,-6.1847463e-06,0.00019794761,1.7791496e-06,0.0053756377
2.4,48,-3.1417527,0.0,0.0,0.9882057,0.00033402193,0.0003231898,0.0,0.0,0.0,-0.011281122,0.00014179047,0.00013636329,0.005638576,-2.3491975e-06,0.005643571,-0.011281122,7.211994e-05,6.708324e-05,0.00021146101,0.005638576,-6.4775604e-06,0.00020564334,1.7791651e-06,0.005643571
2.4,48,-3.1018043,0.0,0.0,0.9877646,0.00034141523,0.00033224237,0.0,0.0,0.0,-0.011850414,0.00014730463,0.00014167065,0.005923018,-2.5076122e-06,0.0059279813,-0.011850414,7.483576e-05,6.958317e-05,0.00021977349,0.005923018,-6.789927e-06,0.00021375813,1.7747024e-06,0.0059279813
2.4,48,-3.0618558,0.0,0.0,0.9872974,0.00035169,0.0003390491,0.0,0.0,0.0,-0.012455518,0.00015310827,0.00014727097,0.006225528,-2.679873e-06,0.0062310207,-0.012455518,7.769566e-05,7.2220886e-05,0.00022852089,0.006225528,-7.123987e-06,0.00022232105,1.7642412e-06,0.0062310207
2.4,48,-3.0219073,0.0,0.0,0.9868128,0.00036008877,0.00035196246,0.0,0.0,0.0,-0.013100013,0.00015924044,0.00015317803,0.006547685,-2.8668542e-06,0.00655325,-0.013100013,8.07184e-05,7.500594e-05,0.0002377625,0.006547685,-7.4810914e-06,0.0002313501,1.7473833e-06,0.00655325
2.4,48,-2.9819589,0.0,0.0,0.9863038,0.00036958564,0.00036072216,0.0,0.0,0.0,-0.013786678,0.0001657146,0.0001594148,0.0068906816,-3.0701258e-06,0.0068969983,-0.013786678,8.3915125e-05,7.794733e-05,0.00024751408,0.0068906816,-7.863248e-06,0.00024088228,1.7229967e-06,0.0068969983
2.4,48,-2.9420104,0.0,0.0,0.98576564,0.0003793268,0.0003705981,0.0,0.0,0.0,-0.0145157315,0.0001725634,0.00016601554,0.007255894,-3.2916032e-06,0.0072623184,-0.0145157315,8.7291446e-05,8.1062375e-05,0.00025783537,0.007255894,-8.273268e-06,0.0002509687,1.6900615e-06,0.0072623184
2.4,48,-2.902062,0.0,0.0,0.9852004,0.00038932526,0.00038048864,0.0,0.0,0.0,-0.015292925,0.00017980993,0.00017298845,0.0076452405,-3.5328683e-06,0.0076524788,-0.015292925,9.087525e-05,8.435961e-05,0.0002687446,0.0076452405,-8.71303e-06,0.0002616173,1.6472937e-06,0.0076524788
2.4,48,-2.8621135,0.0,0.0,0.98460513,0.00040029697,0.00039045897,0.0,0.0,0.0,-0.016126584,0.00018747765,0.00018038492,0.008061706,-3.796362e-06,0.008069239,-0.016126584,9.4675226e-05,8.7857545e-05,0.00028028007,0.008061706,-9.185865e-06,0.0002729123,1.5931404e-06,0.008069239
2.4,48,-2.822165,0.0,0.0,0.98397714,0.00041117976,0.000402419,0.0,0.0,0.0,-0.01701751,0.00019560075,0.00018821892,0.008507064,-4.083795e-06,0.00851485,-0.01701751,9.870378e-05,9.15701e-05,0.00029249772,0.008507064,-9.694477e-06,0.00028486774,1.5268874e-06,0.00851485
2.4,48,-2.7822165,0.0,0.0,0.9833164,0.00042272767,0.00041305716,0.0,0.0,0.0,-0.017972227,0.00020422532,0.00019653369,0.008983735,-4.398597e-06,0.00899219,-0.017972227,0.00010298569,9.55088e-05,0.00030546496,0.008983735,-1.02424965e-05,0.00029755855,1.4453027e-06,0.00899219
2.4,48,-2.742268,0.0,0.0,0.9826195,0.00043452895,0.00042675107,0.0,0.0,0.0,-0.018994372,0.00021337715,0.00020535532,0.009493983,-4.743202e-06,0.009502971,-0.018994372,0.00010753985,9.969902e-05,0.00031921445,0.009493983,-1.0833441e-05,0.00031101162,1.3470361e-06,0.009502971
2.4,48,-2.7023196,0.0,0.0,0.9818825,0.00044699485,0.00043870768,0.0,0.0,0.0,-0.020089151,0.00022310021,0.00021472773,0.010040911,-5.1206257e-06,0.010050205,-0.020089151,0.0001123935,0.00010415918,0.00033380694,0.010040911,-1.1471441e-05,0.00032529628,1.2301897e-06,0.010050205
2.4,48,-2.6623712,0.0,0.0,0.98110265,0.00046001188,0.00045102055,0.0,0.0,0.0,-0.021263212,0.00023344695,0.00022471475,0.010627661,-5.5347937e-06,0.0106374435,-0.021263212,0.00011756625,0.00010891694,0.00034932766,0.010627661,-1.2161443e-05,0.00034051258,1.0918553e-06,0.0106374435
2.4,48,-2.6224227,0.0,0.0,0.9802748,0.00047390445,0.00046594214,0.0,0.0,0.0,-0.022526028,0.00024447395,0.00023534038,0.011257664,-5.9905346e-06,0.011268357,-0.022526028,0.00012307956,0.00011399151,0.00036586836,0.011257664,-1.2909053e-05,0.00035668924,9.279842e-07,0.011268357
2.4,48,-2.5824742,0.0,0.0,0.9793965,0.0004899964,0.0004766585,0.0,0.0,0.0,-0.023881825,0.000256206,0.00024667184,0.011934974,-6.4920214e-06,0.011946327,-0.023881825,0.0001289751,0.000119409,0.0003834369,0.011934974,-1.3719832e-05,0.00037393466,7.3578985e-07,0.011946327
2.4,48,-2.5425258,0.0,0.0,0.97847104,0.000488427,0.00049196713,0.0,0.0,0.0,-0.025340421,0.00026872946,0.0002587631,0.012663574,-7.044193e-06,0.012675963,-0.025340421,0.00013527727,0.00012520407,0.00040218164,0.012663574,-1.4599248e-05,0.00039232208,5.108623e-07,0.012675963
2.4,48,-2.5025773,0.0,0.0,0.9774955,0.000519906,0.0005086072,0.0,0.0,0.0,-0.026910784,0.000282113,0.00027167014,0.013448419,-7.65388e-06,0.013461445,-0.026910784,0.00014203427,0.0001314112,0.00042219172,0.013448419,-1.5556696e-05,0.0004119291,2.4893663e-07,0.013461445
2.4,48,-2.462629,0.0,0.0,0.97645366,0.00053648296,0.0005277731,0.0,0.0,0.0,-0.028599102,0.00029638436,0.00028547092,0.014292522,-8.3273535e-06,0.014306579,-0.028599102,0.00014926198,0.00013806536,0.00044350675,0.014292522,-1.6599735e-05,0.00043287646,-5.497102e-08,0.014306579
2.4,48,-2.4226806,0.0,0.0,0.9753428,0.00055403955,0.0005446443,0.0,0.0,0.0,-0.030417068,0.00031168733,0.0003002514,0.015204817,-9.072625e-06,0.015219547,-0.030417068,0.00015702724,0.00014520499,0.0004663474,0.015204817,-1.7736293e-05,0.00045529782,-4.089578e-07,0.015219547
2.4,48,-2.3827322,0.0,0.0,0.97416157,0.00057242496,0.00056315796,0.0,0.0,0.0,-0.032385472,0.0003280775,0.00031608334,0.016190173,-9.898345e-06,0.016206864,-0.032385472,0.00016537761,0.0001528828,0.00049077737,0.016190173,-1.8978248e-05,0.0004792839,-8.1844206e-07,0.016206864
2.4,48,-2.3427837,0.0,0.0,0.9729072,0.000591557,0.00058231613,0.0,0.0,0.0,-0.034518827,0.00034563764,0.00033306328,0.017257115,-1.081465e-05,0.017274557,-0.034518827,0.0001743482,0.00016113424,0.0005169271,0.017257115,-2.0337344e-05,0.0005049923,-1.291956e-06,0.017274557
2.4,48,-2.3028352,0.0,0.0,0.97156984,0.0006115635,0.00059901533,0.0,0.0,0.0,-0.036828734,0.00036449428,0.0003513148,0.018412065,-1.1833101e-05,0.018431112,-0.036828734,0.00018399835,0.00017003536,0.0005449902,0.018412065,-2.1827136e-05,0.0005325943,-1.8390662e-06,0.018431112
2.4,48,-2.2628868,0.0,0.0,0.9701542,0.0006356255,0.0006183641,0.0,0.0,0.0,-0.039333954,0.00038475293,0.00037091592,0.019664072,-1.2966605e-05,0.019685501,-0.039333954,0.00019442153,0.00017962583,0.00057508436,0.019664072,-2.3461796e-05,0.000562206,-2.471414e-06,0.019685501
2.4,48,-2.2229383,0.0,0.0,0.9686238,0.0006583479,0.0006385988,0.0,0.0,0.0,-0.042054974,0.00040652623,0.00039202336,0.021024503,-1.4229544e-05,0.021046538,-0.042054974,0.0002056528,0.00018998544,0.0006073997,0.021024503,-2.525854e-05,0.0005940613,-3.2005487e-06,0.021046538
2.4,48,-2.1829898,0.0,0.0,0.966993,0.0006803192,0.00066538196,0.0,0.0,0.0,-0.045017518,0.0004299765,0.00041476393,0.022503255,-1.5641319e-05,0.022526981,-0.045017518,0.00021779361,0.00020118536,0.0006421594,0.022503255,-2.723724e-05,0.0006283425,-4.045398e-06,0.022526981
2.4,48,-2.1430414,0.0,0.0,0.9652502,0.0007057702,0.0006928669,0.0,0.0,0.0,-0.04824006,0.00045525027,0.0004392804,0.024112629,-1.7218446e-05,0.024138628,-0.04824006,0.00023090586,0.00021330795,0.0006795947,0.024112629,-2.9419727e-05,0.00066525285,-5.017167e-06,0.024138628
2.4,48,-2.103093,0.0,0.0,0.9633836,0.0007326897,0.00071933155,0.0,0.0,0.0,-0.05175208,0.00048249986,0.00046576164,0.025867429,-1.8986004e-05,0.025895305,-0.05175208,0.00024509744,0.00022644768,0.0007199023,0.025867429,-3.183182e-05,0.0007050756,-6.1401897e-06,0.025895305
2.4,48,-2.0631444,0.0,0.0,0.9613762,0.0007613627,0.00074793753,0.0,0.0,0.0,-0.05558414,0.00051190436,0.0004944233,0.027782084,-2.0969663e-05,0.027811104,-0.05558414,0.000260449,0.00024072536,0.0007633597,0.027782084,-3.450151e-05,0.0007481213,-7.4378145e-06,0.027811104
2.4,48,-2.023196,0.0,0.0,0.9592306,0.0007912256,0.000776366,0.0,0.0,0.0,-0.05976858,0.00054369797,0.0005254089,0.02987425,-2.3199285e-05,0.029905016,-0.05976858,0.0002771064,0.0002562092,0.0008102896,0.02987425,-3.746034e-05,0.00079460855,-8.938228e-06,0.029905016
2.4,48,-1.9832475,0.0,0.0,0.95693254,0.0008286499,0.0007936565,0.0,0.0,0.0,-0.06434301,0.00057808356,0.00055899535,0.032160718,-2.5706624e-05,0.032194324,-0.06434301,0.00029516313,0.00027306748,0.00086100405,0.032160718,-4.0743616e-05,0.0008449232,-1.0669632e-05,0.032194324
2.4,48,-1.943299,0.0,0.0,0.9544587,0.0008706428,0.000831578,0.0,0.0,0.0,-0.06935218,0.00061527,0.0005954513,0.03466672,-2.8534187e-05,0.034702696,-0.06935218,0.00031475045,0.00029143374,0.0009157895,0.03466672,-4.4394073e-05,0.0008994688,-1.2674299e-05,0.034702696
2.4,48,-1.9033506,0.0,0.0,0.95177025,0.00090146146,0.00085629534,0.0,0.0,0.0,-0.07485368,0.00065552583,0.000635037,0.03741844,-3.172419e-05,0.03745766,-0.07485368,0.0003360131,0.0003114826,0.0009750386,0.03741844,-4.845569e-05,0.00095859147,-1.499269e-05,0.03745766
2.4,48,-1.8634021,0.0,0.0,0.94889694,0.0009336315,0.00089219015,0.0,0.0,0.0,-0.08090149,0.0006992048,0.000678146,0.040444758,-3.532828e-05,0.04048747,-0.08090149,0.00035912578,0.00033340752,0.0010392838,0.040444758,-5.2979136e-05,0.0010228845,-1.7677427e-05,0.04048747
2.4,48,-1.8234537,0.0,0.0,0.9457658,0.0009749,0.0009336316,0.0,0.0,0.0,-0.08757558,0.00074657577,0.0007251,0.043777775,-3.9404593e-05,0.04382501,-0.08757558,0.0003842293,0.00035741794,0.0011089222,0.043777775,-5.802322e-05,0.001092782,-2.0785965e-05,0.04382501
2.4,48,-1.7835052,0.0,0.0,0.94238114,0.0010188919,0.0009760911,0.0,0.0,0.0,-0.094934046,0.0007979691,0.00077631866,0.04745614,-4.4012173e-05,0.047508407,-0.094934046,0.000411527,0.00038378072,0.0011844112,0.04745614,-6.3641695e-05,0.0011688566,-2.4382654e-05,0.047508407
2.4,48,-1.7435567,0.0,0.0,0.9387156,0.0010660643,0.0010209519,0.0,0.0,0.0,-0.10306722,0.00085380604,0.0008323371,0.05152354,-4.9222555e-05,0.051579956,-0.10306722,0.0004412607,0.00041281257,0.0012663514,0.05152354,-6.990005e-05,0.0012518616,-2.8545057e-05,0.051579956
2.4,48,-1.7036083,0.0,0.0,0.93474066,0.0011167387,0.0010684914,0.0,0.0,0.0,-0.11207694,0.00091443385,0.0008937385,0.05603185,-5.5098095e-05,0.056092672,-0.11207694,0.00047361688,0.0004448994,0.0013552508,0.05603185,-7.684255e-05,0.0013425776,-3.3353637e-05,0.056092672
2.4,48,-1.6636598,0.0,0.0,0.9304066,0.00116428,0.0011147967,0.0,0.0,0.0,-0.122095905,0.0009804188,0.00096117985,0.061033513,-6.1704995e-05,0.061099023,-0.122095905,0.0005089487,0.0004805114,0.0014518888,0.061033513,-8.4516854e-05,0.0014418483,-3.8893133e-05,0.061099023
2.4,48,-1.6237113,0.0,0.0,0.9253118,0.0012142777,0.0012587272,0.0,1.8291283e-37,1.4149691e-37,-0.13318856,0.0010521389,0.0010354775,0.06657286,-6.9081005e-05,0.06664707,-0.13318856,0.00054744666,0.00052022503,0.0015568312,0.06657286,-9.291905e-05,0.0015507299,-4.5242963e-05,0.06664707
2.4,48,-1.5837629,0.0,0.0,0.91977406,0.001276766,0.0013205248,-3.590258e-32,1.9206489e-30,1.4469718e-30,-0.14554308,0.0011300519,0.001117636,0.07274184,-7.721636e-05,0.07282195,-0.14554308,0.0005894052,0.00056473986,0.0016706985,0.07274184,-0.00010197756,0.0016705322,-5.245516e-05,0.07282195
2.4,48,-1.5438144,0.0,0.0,0.91400623,0.0013572391,0.0013244317,-5.123349e-26,2.7410108e-24,2.064933e-24,-0.15932648,0.0012145966,0.0012086299,0.07962419,-8.5988024e-05,0.07971401,-0.15932648,0.0006349761,0.00061477034,0.001794217,0.07962419,-0.00011146136,0.0018024896,-6.0514692e-05,0.07971401
2.4,48,-1.503866,0.0,0.0,0.9077386,0.0014290839,0.0014177425,-9.9413006e-21,5.321824e-19,4.008444e-19,-0.17473973,0.0013058481,0.0013097437,0.08732345,-9.504816e-05,0.087424815,-0.17473973,0.0006840147,0.0006709947,0.0019276816,0.08732345,-0.00012086047,0.0019484927,-6.923586e-05,0.087424815
2.4,48,-1.4639175,0.0,0.0,0.90091753,0.0015092897,0.001498066,-2.6158275e-16,1.40658495e-14,1.0579853e-14,-0.19201449,0.001403742,0.001421954,0.0959517,-0.0001035055,0.09607027,-0.19201449,0.0007359268,0.00073359045,0.0020715573,0.0959517,-0.00012906165,0.0021103176,-7.794936e-05,0.09607027
2.4,48,-1.423969,0.0,0.0,0.8934219,0.0015943983,0.0015868859,-9.144134e-13,5.0836176e-11,3.784582e-11,-0.21146463,0.0015085111,0.0015455289,0.105649926,-0.00010925133,0.10579577,-0.21146463,0.00078990526,0.0008011831,0.002227117,0.105649926,-0.00013371586,0.0022898747,-8.47868e-05,0.10579577
2.4,48,-1.3840206,0.0,0.0,0.885145,0.0017107468,0.0016771178,-3.5566122e-10,2.5940091e-08,1.7910184e-08,-0.23349011,0.0016244208,0.0016765704,0.11664931,-0.00010792467,0.11683385,-0.23349011,0.00084774697,0.00086730765,0.0024010947,0.11664931,-0.00013066424,0.0024858331,-8.518511e-05,0.11683385
2.4,48,-1.3440721,0.0,0.0,0.87601626,0.0017915557,0.0017978771,2.1090827e-08,2.2618701e-06,9.029671e-07,-0.2586016,0.0017727561,0.0017957763,0.12916419,-9.563728e-05,0.12940155,-0.2586016,0.00092519756,0.00091121445,0.0026203147,0.12916419,-0.00011863536,0.0026803382,-7.2639195e-05,0.12940155
2.4,48,-1.3041236,0.0,0.0,0.8659235,0.0019047663,0.0019282908,3.1928466e-06,5.6401987e-05,-1.1470457e-05,-0.2881531,0.0019783617,0.0018605785,0.143922,-9.25524e-05,0.14416811,-0.2881531,0.0010539334,0.0009115894,0.00290279,0.143922,-0.00012668218,0.0028095676,-5.8422625e-05,0.14416811
2.4,48,-1.2641754,0.0,0.0,0.85463816,0.0020264327,0.0019738718,3.2510412e-05,0.0004044968,-0.00022206632,-0.3243498,0.0020582215,0.0018374017,0.16207656,-0.00014986462,0.1622072,-0.3243498,0.0011684987,0.00094000227,0.0029479442,0.16207656,-0.00019654295,0.002734801,-0.00010318628,0.1622072
2.4,48,-1.224227,0.0,0.0,0.84181654,0.0021542513,0.0020581894,5.3058935e-05,0.0005976453,-0.00051035156,-0.36948735,0.0018375185,0.0019712246,0.18465221,-0.00023739776,0.18478028,-0.36948735,0.001074117,0.0010705353,0.0026009202,0.18465221,-0.00027661186,0.0028719138,-0.00019818367,0.18478028
2.4,48,-1.1842785,0.0,0.0,0.8270702,0.0022696175,0.0022534418,2.629952e-05,0.00064604246,9.963873e-05,-0.4235415,0.0018394783,0.0021454736,0.21159413,-0.00020839102,0.2119018,-0.4235415,0.00080961606,0.0012128155,0.0028693404,0.21159413,-0.00022686244,0.0030781317,-0.0001899196,0.2119018
2.4,48,-1.14433,0.0,0.0,0.8101593,0.0023865995,0.0023919183,2.399507e-05,0.0014964334,0.00022831783,-0.48275307,0.0016298901,0.0016457965,0.24121653,-0.00013148013,0.24134846,-0.48275307,0.00045140198,0.0010261519,0.002808378,0.24121653,-6.415381e-05,0.002265441,-0.00019880646,0.24134846
2.4,48,-1.1043816,0.0,0.0,0.7909529,0.0025009841,0.002507635,2.5172529e-05,0.0013817233,-0.00011932506,-0.5455032,0.0015208685,0.0014518133,0.27229762,0.00018116811,0.27298552,-0.5455032,0.00046647675,0.00081217615,0.0025752604,0.27229762,0.00012481445,0.0020914504,0.00023752176,0.27298552
2.4,48,-1.0644331,0.0,0.0,0.7692775,0.0026165457,0.0026107694,1.4955714e-05,-1.4351851e-05,0.00035547512,-0.61366504,0.0016720815,0.0019786537,0.30608448,0.00018627296,0.30735108,-0.61366504,0.0004438629,0.00096397666,0.0029003,0.30608448,0.00011452475,0.0029933306,0.00025802117,0.30735108
2.4,48,-1.0244846,0.0,0.0,0.74473095,0.0027295866,0.002658706,3.178961e-05,-0.00067200355,-2.9968764e-05,-0.6890108,0.0008606196,0.0017963322,0.34409043,-6.846927e-05,0.34474486,-0.6890108,-0.00027100643,0.00069430034,0.0019922457,0.34409043,-6.341662e-05,0.002898364,-7.352192e-05,0.34474486
2.4,48,-0.9845362,0.0,0.0,0.71724266,0.0028347804,0.0028550834,5.30178e-05,-0.0011846847,-0.00015603959,-0.772546,0.00016132632,0.0009158604,0.38631383,-5.006118e-05,0.38606697,-0.772546,-0.0010344249,-0.00038480593,0.0013570775,0.38631383,-0.00012459945,0.0022165268,2.4477089e-05,0.38606697
2.4,48,-0.9445877,0.0,0.0,0.68613017,0.0029509116,0.0029633876,6.325527e-05,-0.0018939477,0.0009708844,-0.8616046,0.00025859923,0.0005119548,0.43069246,0.000142046,0.4307433,-0.8616046,-0.0015512322,-0.0011525736,0.0020684307,0.43069246,0.00020952635,0.0021764832,7.456566e-05,0.4307433
2.4,48,-0.90463924,0.0,0.0,0.65165925,0.0031065121,0.003107028,1.8806713e-05,-0.0024917566,0.0020261302,-0.96078855,0.00074569765,0.0008275577,0.47980538,0.00044299074,0.48056194,-0.96078855,-0.0015802323,-0.0011959033,0.0030716276,0.47980538,0.0005608846,0.0028510187,0.0003250969,0.48056194
2.4,48,-0.8646908,0.0,0.0,0.6133627,0.003245313,0.0031901554,2.1656042e-05,-0.0018152078,-0.0003273224,-1.0654287,-4.6852452e-05,0.0001591309,0.5321309,0.00036815117,0.5327781,-1.0654287,-0.0014783846,-0.0016312159,0.0013846797,0.5321309,0.0001695223,0.0019494777,0.00056678004,0.5327781
2.4,48,-0.8247423,0.0,0.0,0.57097787,0.0033370582,0.0032765572,7.311787e-05,0.00016404163,-0.0030297877,-1.1720908,-0.0011522442,-0.0008652595,0.5858005,8.864022e-05,0.5856834,-1.1720908,-0.0014963017,-0.0017879853,-0.0008081865,0.5858005,-0.00015095276,5.7466274e-05,0.0003282332,0.5856834
2.4,48,-0.78479385,0.0,0.0,0.5241623,0.0033961737,0.0033999167,4.836101e-05,0.0005791481,-0.0019817324,-1.2841418,-0.0015820523,-0.0011007471,0.64115924,8.51703e-05,0.64232355,-1.2841418,-0.002326101,-0.0020627074,-0.0008380036,0.64115924,0.0001602572,-0.00013878674,1.0083397e-05,0.64232355
2.4,48,-0.7448454,0.0,0.0,0.47279394,0.0034990446,0.0034092306,3.419687e-05,0.00017873681,0.00067511457,-1.3992612,-0.0024705038,-0.0026207068,0.6983415,1.1096774e-05,0.7002302,-1.3992612,-0.004661931,-0.0044145267,-0.00027907654,0.6983415,0.00026386615,-0.0008268867,-0.0002416726,0.7002302
2.4,48,-0.7048969,0.0,0.0,0.41663033,0.0035753003,0.0033910633,4.8304148e-05,0.0016259927,0.00028663708,-1.5125133,-0.0056371936,-0.006162229,0.7556945,0.00018593945,0.7561686,-1.5125133,-0.008472739,-0.007999559,-0.0028016483,0.7556945,0.0003840672,-0.0043248986,-1.2188303e-05,0.7561686
2.4,48,-0.66494846,0.0,0.0,0.3553397,0.003547209,0.0034381943,2.7750024e-05,0.0018948239,-0.0013932459,-1.6202428,-0.008300055,-0.007630066,0.809812,0.00073086016,0.8097829,-1.6202428,-0.010849293,-0.009375717,-0.005750816,0.809812,0.00075142557,-0.005884415,0.0007102947,0.8097829
2.4,48,-0.625,0.0,0.0,0.28947052,0.0034434607,0.0033234134,2.3786697e-06,0.00039874265,-0.0003631972,-1.7143893,-0.008480782,-0.0068236087,0.8570997,0.0008799131,0.85669285,-1.7143893,-0.010867794,-0.008313694,-0.00609377,0.8570997,0.00087693083,-0.0053335237,0.00088289543,0.85669285
2.4,48,-0.5850518,0.0,0.0,0.21883917,0.0032850234,0.0033064547,-1.546867e-05,0.0013147672,-0.0013294289,-1.8074627,-0.010315746,-0.008480204,0.9039221,0.0010247834,0.90294117,-1.8074627,-0.010866021,-0.007867654,-0.009765471,0.9039221,0.0011477851,-0.009092754,0.00090178166,0.90294117
2.4,48,-0.5451031,0.0,0.0,0.146837,0.002856568,0.0028498438,-1.8088533e-05,0.007371359,-0.00721113,-1.6452125,-0.012929851,-0.012198799,0.822789,0.0007229758,0.8218101,-1.6452125,-0.009672883,-0.008042159,-0.016186818,0.822789,0.0008444667,-0.01635544,0.0006014849,0.8218101
2.4,48,-0.50515485,0.0,0.0,0.09399055,0.0022324098,0.0020527476,-6.3384925e-07,0.008639445,-0.008378792,-0.82896936,-0.011190675,-0.011487058,0.41511223,-9.3075505e-06,0.4138906,-0.82896936,-0.007918737,-0.007931024,-0.014462614,0.41511223,-0.0003623542,-0.015043093,0.0003437391,0.4138906
2.4,48,-0.46520615,0.0,0.0,-0.0084860325,0.0016823052,0.001493685,4.3075073e-07,0.0014972567,-0.0014501696,-0.36110935,-0.0064703026,-0.0065399334,0.18097164,-1.7737199e-05,0.18015243,-0.36110935,-0.007564277,-0.0074972594,-0.0053763282,0.18097164,-0.00035882162,-0.005582608,0.00032334722,0.18015243
2.4,48,-0.42525816,0.0,0.0,-0.023500148,0.0012685084,0.0010834275,1.2057306e-08,3.572898e-05,-3.4599063e-05,-0.30274037,-0.0056380588,-0.0055642514,0.1515697,0.00024823824,0.15118936,-0.30274037,-0.007814736,-0.007602288,-0.0034613817,0.1515697,0.00011940605,-0.003526215,0.00037707042,0.15118936
2.4,48,-0.38530922,0.0,0.0,-0.035749555,0.00083088153,0.00056651584,3.9986254e-11,1.1615669e-07,-1.12480244e-07,-0.2797377,-0.005576081,-0.0055469205,0.14004706,0.00036495866,0.13971144,-0.2797377,-0.007907765,-0.007743478,-0.0032443972,0.14004706,0.0003052108,-0.003350363,0.00042470652,0.13971144
2.4,48,-0.34536123,0.0,0.0,-0.045315042,0.0003462606,-5.9744103e-05,1.7738591e-14,5.1394874e-11,-4.9768106e-11,-0.25214222,-0.0053435275,-0.005405547,0.1262829,0.00041207013,0.12587915,-0.25214222,-0.0077500083,-0.00767709,-0.0029370466,0.1262829,0.00037094706,-0.0031340043,0.00045319318,0.12587915
2.4,48,-0.3054123,0.0,0.0,-0.05257208,-3.756852e-05,-0.00035001442,1.067848e-18,3.0926503e-15,-2.9947578e-15,-0.22191936,-0.0049679046,-0.0051153568,0.111216806,0.00043001937,0.11073475,-0.22191936,-0.007420205,-0.0074326815,-0.0025156045,0.111216806,0.00039637004,-0.0027980322,0.0004636687,0.11073475
2.4,48,-0.2654643,0.0,0.0,-0.057799157,-0.0003754406,-0.0005853525,8.743899e-24,2.5323068e-20,-2.4521493e-20,-0.19126326,-0.0045247446,-0.004735657,0.09593958,0.00043314154,0.09538696,-0.19126326,-0.007002735,-0.007082397,-0.0020467541,0.09593958,0.00040688505,-0.0023889164,0.00045939803,0.09538696
2.4,48,-0.22551537,0.0,0.0,-0.061427843,-0.0006465982,-0.000889392,9.7366186e-30,2.8199198e-26,-2.7306645e-26,-0.16192323,-0.0040778336,-0.004327651,0.08131661,0.00042794936,0.08070872,-0.16192323,-0.0065660737,-0.006692547,-0.0015895934,0.08131661,0.0004124624,-0.0019627549,0.00044343632,0.08070872
2.4,48,-0.18556738,0.0,0.0,-0.0636967,-0.00086934236,-0.0010381541,1.4743759e-36,4.273153e-33,-4.1379003e-33,-0.13509779,-0.0036740901,-0.003941328,0.06794299,0.00041766814,0.06729409,-0.13509779,-0.0061592814,-0.006315005,-0.0011888988,0.06794299,0.00041687503,-0.0015676506,0.00041846125,0.06729409
2.4,48,-0.14561844,0.0,0.0,-0.06530127,-0.0010142536,-0.0011030019,0.0,0.0,0.0,-0.11150705,-0.0033439095,-0.0036123581,0.056170415,0.00040381594,0.05550131,-0.11150705,-0.0058150264,-0.0059863837,-0.00087279244,0.056170415,0.0004211036,-0.0012383324,0.00038652826,0.05550131
2.4,48,-0.10567045,0.0,0.0,-0.06659776,-0.0011538784,-0.0012372319,0.0,0.0,0.0,-0.09147914,-0.0031017293,-0.0033610447,0.046174962,0.0003870433,0.04549431,-0.09147914,-0.0055482467,-0.0057271686,-0.00065521215,0.046174962,0.00042468,-0.0009949206,0.00034940662,0.04549431
2.4,48,-0.06572151,0.0,0.0,-0.0670749,-0.0011786817,-0.0013099134,0.0,0.0,0.0,-0.0751206,-0.0029505664,-0.0031944474,0.0380025,0.0003675971,0.037323274,-0.0751206,-0.0053633386,-0.0055439207,-0.0005377943,0.0380025,0.00042659958,-0.0008449741,0.00030859464,0.037323274
2.4,48,-0.025773525,0.0,0.0,-0.06826503,-0.0012086814,-0.0012120882,0.0,0.0,0.0,-0.06243629,-0.0028839586,-0.0031103017,0.031663124,0.00034555528,0.030999811,-0.06243629,-0.0052544,-0.0054339464,-0.00051351706,0.031663124,0.00042592766,-0.000786657,0.0002651829,0.030999811
2.4,48,0.014175415,0.0,0.0,-0.07023509,-0.0012510009,-0.0012655691,0.0,0.0,0.0,-0.053506467,-0.0028910486,-0.0031002432,0.027183069,0.00032100274,0.02654892,-0.053506467,-0.005211604,-0.0053883595,-0.0005704931,0.027183069,0.00042181587,-0.0008121268,0.00022018963,0.02654892
2.4,48,0.0541234,0.0,0.0,-0.07246237,-0.0012411105,-0.0012471422,0.0,0.0,0.0,-0.04849139,-0.0029582775,-0.0031530496,0.024666868,0.00029420177,0.024061302,-0.04849139,-0.005222085,-0.005395133,-0.0006944701,0.024666868,0.00041401593,-0.0009109662,0.00017438762,0.024061302
2.4,48,0.09407234,0.0,0.0,-0.07532969,-0.0012750862,-0.0012673764,0.0,0.0,0.0,-0.047898393,-0.003074359,-0.0032597007,0.024349771,0.00026556948,0.023773942,-0.047898393,-0.005276626,-0.005445763,-0.0008720917,0.024349771,0.00040262772,-0.0010736387,0.00012851125,0.023773942
2.4,48,0.13402033,0.0,0.0,-0.07937104,-0.0013175728,-0.0013847781,0.0,0.0,0.0,-0.052588515,-0.0032323282,-0.0034152768,0.02668782,0.00023597603,0.026132993,-0.052588515,-0.005370532,-0.0055351187,-0.0010941244,0.02668782,0.0003885278,-0.0012954349,8.3424246e-05,0.026132993
2.4,48,0.17396927,0.0,0.0,-0.08453676,-0.0013545933,-0.0014639499,-1.4221466e-37,-5.862286e-35,-6.005728e-35,-0.06411298,-0.003435114,-0.0036257077,0.032432746,0.00020680833,0.03189904,-0.06411298,-0.005510941,-0.0056702676,-0.001359287,0.032432746,0.00037369112,-0.0015811478,3.9925522e-05,0.03189904
2.4,48,0.21391726,0.0,0.0,-0.09127329,-0.0013579575,-0.0014927046,-1.6707228e-30,-6.9033e-28,-7.072496e-28,-0.08497297,-0.0037009437,-0.0039128186,0.04284659,0.00018031642,0.042324018,-0.08497297,-0.0057228655,-0.0058746836,-0.0016790221,0.04284659,0.00036178695,-0.0019509537,-1.154108e-06,0.042324018
2.4,48,0.2538662,0.0,0.0,-0.10035774,-0.0015023253,-0.0016343864,-2.6775495e-24,-1.1063886e-21,-1.1333985e-21,-0.119194955,-0.00407192,-0.0043263496,0.059948765,0.00016044964,0.05941511,-0.119194955,-0.006058474,-0.0062008724,-0.0020853668,0.059948765,0.00035962154,-0.002451827,-3.872227e-05,0.05941511
2.4,48,0.29381418,0.0,0.0,-0.1117152,-0.0015899506,-0.0017381263,-5.835658e-19,-2.4112672e-16,-2.4702207e-16,-0.17321879,-0.004627694,-0.0049579525,0.08695759,0.00015441947,0.0863935,-0.17321879,-0.0066165654,-0.006742519,-0.0026388224,0.08695759,0.00038047062,-0.0031733857,-7.1631686e-05,0.0863935
2.4,48,0.33376312,0.0,0.0,-0.1278545,-0.0016837148,-0.0017765183,-1.7306913e-14,-7.151216e-12,-7.3251604e-12,-0.2572919,-0.0054978942,-0.005966783,0.12899804,0.00017668397,0.1284028,-0.2572919,-0.0075601307,-0.007656229,-0.0034356574,0.12899804,0.00045022162,-0.004277337,-9.6853684e-05,0.1284028
2.4,48,0.3737111,0.0,0.0,-0.15119374,-0.0018890412,-0.0020006811,-6.9827095e-11,-2.8843377e-08,-2.954376e-08,-0.387108,-0.006868936,-0.0076167276,0.19385931,0.0002583539,0.1933386,-0.387108,-0.009141628,-0.009178671,-0.004596245,0.19385931,0.00062118226,-0.0060547837,-0.00010447451,0.1933386
2.4,48,0.41366005,0.0,0.0,-0.1836059,-0.0021484052,-0.00238667,-3.8412267e-08,-1.5833184e-05,-1.620459e-05,-0.58615667,-0.008964536,-0.0103236195,0.29299214,0.00047566448,0.2932535,-0.58615667,-0.01170936,-0.0115610985,-0.0062197116,0.29299214,0.0010013758,-0.00908614,-5.0046896e-05,0.2932535
2.4,48,0.45360804,0.0,0.0,-0.22850105,-0.0024871868,-0.0028480964,-2.9187215e-06,-0.0011845088,-0.0012052074,-0.90586257,-0.012629052,-0.014043555,0.45090026,0.0010324323,0.45497602,-0.90586257,-0.015818637,-0.014403273,-0.0094394665,0.45090026,0.0018031409,-0.013683836,0.00026172365,0.45497602
2.4,48,0.49355698,0.0,0.0,-0.2963713,-0.0031993478,-0.003287753,-3.3528133e-05,-0.012232213,-0.011913178,-1.739631,-0.02213538,-0.01380663,0.8664806,0.0017654877,0.87292135,-1.739631,-0.022531306,-0.016179595,-0.021739453,0.8664806,0.0026798728,-0.011433666,0.0008511026,0.87292135
2.4,48,0.53350496,0.0,0.0,-0.18493916,-0.0039932504,-0.0035629673,-8.804875e-05,-0.019121457,-0.013002309,-3.3226035,-0.023592457,-0.0137163615,1.6649808,0.002774634,1.658216,-3.3226035,-0.029959805,-0.023753978,-0.01722511,1.6649808,0.003498913,-0.003678745,0.0020503546,1.658216
2.4,48,0.5734539,0.0,0.0,-0.34922016,-0.003932974,-0.0034235565,-9.496647e-05,-0.009742567,0.005263431,-3.6434262,-0.009436753,-0.015529577,1.8224586,0.009781582,1.821082,-3.6434262,-0.03260905,-0.031816635,0.013735543,1.8224586,0.009325972,0.0007574825,0.010237192,1.821082
2.4,48,0.6134019,0.0,0.0,-0.49822173,-0.0028621163,-0.0030598554,2.0533098e-05,-0.024347095,0.020963423,-3.0245187,0.0018486036,-0.0040160418,1.512228,0.0146855395,1.5123405,-3.0245187,-0.028572181,-0.025085242,0.03226939,1.512228,0.010767645,0.017053159,0.018603435,1.5123405
2.4,48,0.65335083,0.0,0.0,-0.6164532,-0.0013663014,-0.0018811233,0.00066243554,-0.059766714,0.031125555,-2.2512727,0.0023280783,0.013485037,1.1281892,-0.0047756666,1.122966,-2.2512727,-0.026123775,-0.0121269785,0.030779932,1.1281892,-0.009126812,0.039097052,-0.00042452101,1.122966
2.4,48,0.6932988,0.0,0.0,-0.69872504,-0.0003029658,-2.9745686e-05,0.0009827374,-0.07272437,0.036048897,-1.3533437,-0.0030207112,0.017137099,0.6802899,-0.019220456,0.67284995,-1.3533437,-0.028240249,-0.00636488,0.022198826,0.6802899,-0.022421617,0.04063908,-0.016019298,0.67284995
2.4,48,0.7332473,0.0,0.0,-0.74155885,0.0009647716,0.0013151962,0.00026102242,-0.063654445,0.057400815,-0.44495925,0.0010249345,0.005953905,0.22563523,-0.012329865,0.21928547,-0.44495925,-0.031117124,-0.011821572,0.033166993,0.22563523,-0.015068877,0.023729382,-0.009590855,0.21928547
2.4,48,0.77319574,0.0,0.0,-0.7496005,0.0021702049,0.001947277,1.884457e-05,-0.060289454,0.058642786,0.33739465,-0.0041408315,-0.005287312,-0.16797283,-0.0006119346,-0.16957065,0.33739465,-0.034071557,-0.02025441,0.025789894,-0.16797283,-0.0032141975,0.009679787,0.0019903283,-0.16957065
2.4,48,0.8131442,0.0,0.0,-0.7271604,0.0032547791,0.0019958124,0.00035265778,-0.05957543,0.05628606,0.8912126,-0.0036467183,-0.019707957,-0.44789302,0.0050533717,-0.44289845,0.8912126,-0.031393584,-0.032817204,0.024100147,-0.44789302,0.0038166782,-0.0065987124,0.006290065,-0.44289845
2.4,48,0.8530927,0.0,0.0,-0.6867393,0.0037946492,0.0019342178,0.0033909401,-0.08353376,0.025348017,1.178922,-0.027924307,-0.005182544,-0.59112865,-0.021950671,-0.5877141,1.178922,-0.0495324,-0.024812285,-0.006316214,-0.59112865,-0.022257922,0.014447197,-0.02164342,-0.5877141
2.4,48,0.89304113,0.0,0.0,-0.63869697,0.002900436,0.003107899,0.0047494983,-0.087786205,0.004309166,1.3611103,-0.04380621,0.008831153,-0.6795679,-0.015240713,-0.6814683,1.3611103,-0.061749086,-0.01179088,-0.02586333,-0.6795679,-0.013724597,0.029453184,-0.016756829,-0.6814683
2.4,48,0.9329896,0.0,0.0,-0.5844663,0.002556974,0.0035022935,0.00090363034,-0.047343157,0.031621475,1.4573523,-0.016353957,-0.015370729,-0.7277813,0.010380888,-0.7294523,1.4573523,-0.03845529,-0.025179699,0.005747373,-0.7277813,0.012713823,-0.0055617597,0.008047954,-0.7294523
2.4,48,0.97293806,0.0,0.0,-0.5304428,0.0028734508,0.003149527,1.4423449e-05,-0.038463525,0.036043637,1.4347844,-0.009877758,-0.016403979,-0.714332,0.004444234,-0.72031903,1.4347844,-0.028995393,-0.027382353,0.009239876,-0.714332,0.006808118,-0.0054256027,0.00208035,-0.72031903
2.4,48,1.0128865,0.0,0.0,-0.47644943,0.0033416336,0.0031010683,0.00032392907,-0.032951683,0.03628447,1.3842692,-0.009600544,-0.009324357,-0.687336,-0.0116162095,-0.696788,1.3842692,-0.029440494,-0.016564015,0.010239406,-0.687336,-0.010292789,-0.0020846995,-0.01293963,-0.696788
2.4,48,1.052835,0.0,0.0,-0.42228737,0.003749028,0.0030631712,0.0013679084,-0.026498228,0.032235008,1.3601677,-0.008561589,-0.0058117737,-0.6765026,-0.019837098,-0.6835072,1.3601677,-0.026235182,-0.00975807,0.009112005,-0.6765026,-0.021095539,-0.0018654777,-0.018578658,-0.6835072
2.4,48,1.0927835,0.0,0.0,-0.3686462,0.0040557687,0.0030253099,0.0025089702,-0.017553907,0.019674882,1.4042755,-0.010865909,-0.009007854,-0.69915617,-0.009794847,-0.7049266,1.4042755,-0.022750279,-0.013437121,0.0010184614,-0.69915617,-0.0111082075,-0.0045785885,-0.008481487,-0.7049266
2.4,48,1.1327319,0.0,0.0,-0.31228584,0.0039033762,0.0029451193,0.0019798777,-0.0122653255,0.010359302,1.5051402,-0.013176625,-0.011363298,-0.75011677,-0.004149971,-0.75484276,1.5051402,-0.02201886,-0.020319276,-0.00433439,-0.75011677,-0.004589426,-0.0024073208,-0.0037105163,-0.75484276
2.4,48,1.1726804,0.0,0.0,-0.25232962,0.003948625,0.0030226456,0.0006592853,-0.0130776875,0.010279687,1.5736192,-0.0079663675,-0.009085406,-0.78402877,-0.010681867,-0.7894737,1.5736192,-0.019117156,-0.021113148,0.003184421,-0.78402877,-0.010823446,0.0029423377,-0.010540287,-0.7894737
2.4,48,1.2126288,0.0,0.0,-0.1892032,0.0042004026,0.0032625648,8.471653e-05,-0.018678907,0.0074685575,1.6281433,-0.0041947872,-0.0008115447,-0.8129563,-0.011819653,-0.8150957,1.6281433,-0.015289773,-0.012086838,0.0069001988,-0.8129563,-0.010550325,0.010463748,-0.013088982,-0.8150957
2.4,48,1.2525773,0.0,0.0,-0.12235205,0.0045289113,0.00383834,0.00030258176,-0.023571644,0.0069624716,1.7264725,-0.003206494,0.004791879,-0.8663692,-0.014781207,-0.85998136,1.7264725,-0.013468004,-0.005249418,0.007055016,-0.8663692,-0.01351592,0.014833176,-0.016046494,-0.85998136
2.4,48,1.2925258,0.0,0.0,-0.05212587,0.0046320716,0.0039467313,0.00048579735,-0.004767666,0.0010006778,1.779303,-0.0081124995,-0.0075316424,-0.898041,-0.013907671,-0.8810896,1.779303,-0.015246372,-0.011325447,-0.0009786265,-0.898041,-0.013919693,-0.0037378378,-0.013895648,-0.8810896
2.4,48,1.3324742,0.0,0.0,0.019386953,0.0046289493,0.0037464958,0.00021008309,-0.00027855058,-7.193419e-06,1.791554,-0.0039182347,-0.0053976136,-0.90828174,-0.011465371,-0.88300776,1.791554,-0.008767389,-0.008276464,0.0009309197,-0.90828174,-0.012129213,-0.0025187628,-0.0108015295,-0.88300776
2.4,48,1.3724227,0.0,0.0,0.090493284,0.004807882,0.00385152,5.1286617e-05,-0.00020839834,0.00054399867,1.7845767,0.006979108,0.0011445468,-0.9065367,-0.013036223,-0.87772346,1.7845767,0.0039291927,-0.00056281197,0.010029023,-0.9065367,-0.014588926,0.0028519055,-0.011483519,-0.87772346
2.4,48,1.4123712,0.0,0.0,0.16034938,0.005395854,0.0041319,-6.3860316e-05,-0.00032378995,0.00074513955,1.7382861,0.012794804,0.0057072705,-0.8822456,-0.015803315,-0.8557622,1.7382861,0.010869221,0.0062590274,0.014720386,-0.8822456,-0.018047813,0.005155514,-0.013558818,-0.8557622
2.4,48,1.4523196,0.0,0.0,0.22811356,0.0058667576,0.00429565,-1.3043023e-05,-1.7152447e-06,-0.00020564778,1.6825879,0.006741519,0.005671568,-0.85177946,-0.015602803,-0.8305423,1.6825879,0.0065749534,0.008646295,0.0069080843,-0.85177946,-0.01646101,0.002696841,-0.014744596,-0.8305423
2.4,48,1.4922681,0.0,0.0,0.29347867,0.005971549,0.0044419626,0.00013999865,-0.0002075645,-0.000502575,1.6244808,-0.00041421832,0.004543851,-0.81917024,-0.011696441,-0.80500406,1.6244808,0.0005126597,0.007121658,-0.0013410964,-0.81917024,-0.010952274,0.0019660448,-0.012440607,-0.80500406
2.4,48,1.5322165,0.0,0.0,0.35661635,0.0057903803,0.0045789005,0.00011740379,-0.0008209888,-0.0001226554,1.5445309,-0.005857516,0.0036898474,-0.7770269,-0.006367763,-0.7672097,1.5445309,-0.0032804399,0.0047409222,-0.008434592,-0.7770269,-0.004810935,0.0026387724,-0.007924591,-0.7672097
2.4,48,1.572165,0.0,0.0,0.416373,0.005432585,0.004565508,-0.00029215633,-0.00067127607,-7.1916584e-05,1.4444712,-0.009659371,-0.0010884845,-0.72636896,-0.0043618586,-0.71784425,1.4444712,-0.0062477277,-0.00010773329,-0.013071015,-0.72636896,-0.003133044,-0.0020692358,-0.0055906726,-0.71784425
2.4,48,1.6121135,0.0,0.0,0.47174105,0.0048447307,0.004375459,-7.0122e-05,-0.00012037965,-1.2892751e-05,1.3359915,-0.010347057,-0.005829337,-0.67086333,-0.004363313,-0.6648594,1.3359915,-0.008181398,-0.004743141,-0.0125127155,-0.67086333,-0.003124437,-0.0069155325,-0.0056021884,-0.6648594
2.4,48,1.6520619,0.0,0.0,0.5230122,0.004344663,0.0040800557,-2.3462876e-06,-4.1954017e-06,1.5504241e-06,1.2280885,-0.009944744,-0.0067176586,-0.61559874,-0.004443783,-0.6122272,1.2280885,-0.0090889875,-0.0061160377,-0.010800501,-0.61559874,-0.0036283368,-0.007319279,-0.005259229,-0.6122272
2.4,48,1.6920104,0.0,0.0,0.56979346,0.004020787,0.0039001617,-1.7650098e-06,-1.3721719e-07,8.7202756e-07,1.1237818,-0.009369072,-0.0061448095,-0.5624315,-0.0046871603,-0.5611846,1.1237818,-0.009336265,-0.005787993,-0.009401877,-0.5624315,-0.004582135,-0.0065016267,-0.0047921855,-0.5611846
2.4,48,1.7319589,0.0,0.0,0.6123708,0.0036036395,0.003570533,-1.0470433e-05,-6.553147e-06,-3.6875495e-05,1.0227802,-0.009225734,-0.005324263,-0.51108694,-0.0055401754,-0.51166344,1.0227802,-0.009768018,-0.0048728394,-0.008683449,-0.51108694,-0.0061474647,-0.005775687,-0.0049328865,-0.51166344
2.4,48,1.7719073,0.0,0.0,0.6511372,0.0032133914,0.00328982,-7.9261976e-05,-8.37765e-05,-0.0004195204,0.9277002,-0.010885464,-0.0042169867,-0.46319443,-0.006555562,-0.46450445,0.9277002,-0.011396066,-0.0032228995,-0.010374861,-0.46319443,-0.007538734,-0.0052110734,-0.00557239,-0.46450445
2.4,48,1.8118558,0.0,0.0,0.6863941,0.0028292346,0.0030596394,2.1553611e-05,-0.00011684671,-0.00065447495,0.8434493,-0.011048403,-0.0041598016,-0.4213858,-0.006154485,-0.4220368,0.8434493,-0.010516563,-0.002371465,-0.011580241,-0.4213858,-0.006211954,-0.0059481384,-0.006097016,-0.4220368
2.4,48,1.8518043,0.0,0.0,0.71836907,0.0023975207,0.002835371,0.00015982275,6.642392e-05,-0.00022762046,0.7673834,-0.007512723,-0.005434138,-0.38324222,-0.0053457404,-0.38411877,0.7673834,-0.0058209742,-0.002956934,-0.0092044715,-0.38324222,-0.0046432777,-0.007911341,-0.006048203,-0.38411877
2.4,48,1.8917527,0.0,0.0,0.7469157,0.0020131797,0.0024972598,-4.7295664e-05,0.0001632947,-0.00015283741,0.69920695,-0.0049940953,-0.0051207063,-0.34936908,-0.004745093,-0.3498281,0.69920695,-0.0030827648,-0.0026186607,-0.0069054263,-0.34936908,-0.004560798,-0.007622752,-0.004929388,-0.3498281
2.4,48,1.9317012,0.0,0.0,0.7729739,0.001784623,0.0022312133,-2.7571574e-05,0.0001192912,-0.00013225136,0.6377276,-0.0037998017,-0.0039703576,-0.31922618,-0.003863596,-0.31846905,0.6377276,-0.0021074046,-0.0018618696,-0.0054921987,-0.31922618,-0.003933806,-0.006078846,-0.003793386,-0.31846905
2.4,48,1.9716492,0.0,0.0,0.79687375,0.0016228688,0.0020034015,-5.7713683e-06,0.00011627527,-0.00011666316,0.58176124,-0.0032653534,-0.0034316466,-0.29153848,-0.0030932059,-0.29018062,0.58176124,-0.0016890415,-0.0016079083,-0.0048416653,-0.29153848,-0.003194185,-0.005255385,-0.0029922265,-0.29018062
2.4,48,2.011598,0.0,0.0,0.818643,0.0013943064,0.001778522,1.7705271e-06,0.000120381235,-9.608719e-05,0.5319644,-0.0027789727,-0.0031213432,-0.26668495,-0.0024766622,-0.2652182,0.5319644,-0.0012586025,-0.001588881,-0.004299343,-0.26668495,-0.0025443456,-0.0046538054,-0.0024089788,-0.2652182
2.4,48,2.051546,0.0,0.0,0.838656,0.0012725726,0.0015597705,3.421447e-06,0.00011431969,-7.65929e-05,0.4879476,-0.0022954212,-0.0027186594,-0.24473827,-0.0020625896,-0.24316283,0.4879476,-0.0008070014,-0.0014793966,-0.0037838412,-0.24473827,-0.0020824154,-0.003957922,-0.0020427639,-0.24316283
2.4,48,2.091495,0.0,0.0,0.85717946,0.0011191013,0.0015487187,-1.6719994e-07,9.828525e-05,-6.235674e-05,0.4486626,-0.0019762346,-0.002251333,-0.22513,-0.0017692964,-0.22347322,0.4486626,-0.0005669938,-0.0012271596,-0.0033854756,-0.22513,-0.0018469497,-0.0032755064,-0.001691643,-0.22347322
2.4,48,2.131443,0.0,0.0,0.8742789,0.0009882982,0.0013977891,-6.4745705e-06,8.552153e-05,-6.056033e-05,0.41208613,-0.0016646705,-0.0017260386,-0.20693928,-0.0013472515,-0.20508508,0.41208613,-0.00025196615,-0.00074954977,-0.003077375,-0.20693928,-0.0015249767,-0.0027025274,-0.0011695264,-0.20508508
2.4,48,2.171392,0.0,0.0,0.88989496,0.00088122545,0.0012858148,-9.914913e-06,1.668011e-06,1.8395107e-05,0.37344387,-0.0010444671,-0.00096672855,-0.18715326,-0.0009567476,-0.18621416,0.37344387,0.0002614129,-0.00011833722,-0.0023503471,-0.18715326,-0.0011190245,-0.0018151199,-0.0007944708,-0.18621416
2.4,48,2.21134,0.0,0.0,0.90402114,0.00082295074,0.0013118335,3.2231812e-05,8.015837e-07,5.9425754e-05,0.33044964,-0.00088205887,-0.0008006449,-0.16427529,-0.0010154657,-0.16610034,0.33044964,-9.295486e-05,-0.00035280176,-0.0016711629,-0.16427529,-0.00086331,-0.0012484881,-0.0011676215,-0.16610034
2.4,48,2.251289,0.0,0.0,0.91634357,0.0007614054,0.0012188152,5.1827592e-05,0.00010534134,-4.3506607e-05,0.2910673,-0.0012758509,-0.0013372488,-0.14395116,-0.0012018739,-0.14707436,0.2910673,-0.0008958267,-0.0010053454,-0.001655875,-0.14395116,-0.0008981513,-0.0016691524,-0.0015055966,-0.14707436
2.4,48,2.2912369,0.0,0.0,0.92705095,0.00066889013,0.0011147156,1.1114978e-05,2.5706053e-05,-1.429899e-05,0.25433657,-0.0008473427,-0.001111114,-0.12585005,-0.0012096114,-0.12847644,0.25433657,-0.0005046014,-0.0007285659,-0.001190084,-0.12585005,-0.0010267148,-0.0014936622,-0.001392508,-0.12847644
2.4,48,2.3311858,0.0,0.0,0.93623513,0.0006392439,0.001049278,4.9318317e-07,-2.7776588e-07,1.6372246e-06,0.21371455,-0.00022294986,-0.0009657576,-0.10579696,-0.0011599656,-0.10787879,0.21371455,0.0003056237,-0.0005509113,-0.0007515234,-0.10579696,-0.0010493934,-0.0013806039,-0.0012705378,-0.10787879
2.4,48,2.3711338,0.0,0.0,0.94376004,0.00066028204,0.0010467513,5.887783e-08,-9.997678e-07,4.285008e-06,0.17112222,-7.513253e-05,-0.0012499708,-0.08488442,-0.0010853601,-0.0861863,0.17112222,0.0006015695,-0.0008454072,-0.00075183454,-0.08488442,-0.0009782154,-0.0016545343,-0.0011925047,-0.0861863
2.4,48,2.4110827,0.0,0.0,0.94968486,0.0005843075,0.00096617,-1.1926864e-09,-4.305252e-07,1.9725303e-06,0.13275334,-0.0003778289,-0.0014729174,-0.06596747,-0.0010504506,-0.06680114,0.13275334,0.000260592,-0.0011736075,-0.0010162498,-0.06596747,-0.0009674738,-0.0017722273,-0.0011334275,-0.06680114
2.4,48,2.4510307,0.0,0.0,0.954154,0.0005224693,0.00087463856,2.1643818e-06,1.36325225e-05,-2.891374e-05,0.10011935,-0.0005684826,-0.0012742365,-0.049774013,-0.0011081687,-0.05034876,0.10011935,-7.730965e-05,-0.0010940693,-0.0010596556,-0.049774013,-0.0011226854,-0.0014544035,-0.0010936521,-0.05034876
2.4,48,2.4909797,0.0,0.0,0.9574016,0.00048734245,0.0008270033,2.8483017e-05,0.00019414497,-0.00039145682,0.0715802,-0.00019548328,-0.0005760162,-0.035832737,-0.0012105688,-0.03576157,0.0715802,0.00027153202,-0.00038747935,-0.0006624986,-0.035832737,-0.001374102,-0.000764553,-0.0010470357,-0.03576157
2.4,48,2.5309277,0.0,0.0,0.9596467,0.000472801,0.0008239992,8.5038664e-05,0.0007876583,-0.0013126283,0.04770388,0.00052291324,0.00031305666,-0.024255078,-0.0013164284,-0.023461893,0.04770388,0.0012209804,0.00071100064,-0.000175154,-0.024255078,-0.0015857298,-8.488734e-05,-0.0010471271,-0.023461893
2.4,48,2.5708766,0.0,0.0,0.96104926,0.00047838775,0.00083366607,9.305297e-05,0.0018133404,-0.002371966,0.029077837,0.0011465865,0.0009426985,-0.015027309,-0.0013205211,-0.014054747,0.029077837,0.0021529119,0.0017176712,0.00014026117,-0.015027309,-0.0015418223,0.00016772583,-0.0010992199,-0.014054747
2.4,48,2.6108246,0.0,0.0,0.96184385,0.00048471487,0.0008301542,2.5608182e-05,0.0025575997,-0.0029512574,0.015461095,0.0014677675,0.0012221558,-0.008045053,-0.0011980647,-0.00741733,0.015461095,0.0026623094,0.0022992787,0.00027322565,-0.008045053,-0.0013116284,0.00014503289,-0.0010845009,-0.00741733
2.4,48,2.6507735,0.0,0.0,0.96222067,0.0005202145,0.0009403394,-2.9465296e-05,0.002615112,-0.003077613,0.0060451217,0.0014722366,0.0014198406,-0.0031345908,-0.0010688659,-0.0029105966,0.0060451217,0.0028012695,0.0026419815,0.00014320361,-0.0031345908,-0.0011059614,0.00019769988,-0.0010317705,-0.0029105966
2.4,48,2.6907215,0.0,0.0,0.9622701,0.00054803607,0.0008774973,-3.3140957e-05,0.0030609232,-0.003787431,-0.0004434941,0.0013283098,0.0015132972,0.00025050313,-0.0009983343,0.00019268267,-0.0004434941,0.0030835276,0.003107576,-0.00042690802,0.00025050313,-0.0010123017,-8.098141e-05,-0.0009843668,0.00019268267
2.4,48,2.7306705,0.0,0.0,0.96217716,0.00053961243,0.00088200904,-1.6009748e-06,0.003810886,-0.0046996595,-0.004584242,0.0014256977,0.0015015106,0.0024067722,-0.0009977607,0.002177011,-0.004584242,0.0036947501,0.0035253738,-0.0008433547,0.0024067722,-0.0010453151,-0.0005223524,-0.0009502063,0.002177011
2.4,48,2.7706184,0.0,0.0,0.9619164,0.00042696766,0.0007664167,3.420459e-05,0.0044687046,-0.005336193,-0.006768387,0.0016228182,0.0014104437,0.0035042,-0.0010205768,0.0032627352,-0.006768387,0.004300743,0.0037915276,-0.0010551065,0.0035042,-0.0010662699,-0.0009706403,-0.0009748836,0.0032627352
2.4,48,2.8105674,0.0,0.0,0.9615386,0.00038025374,0.0007185509,5.603775e-05,0.0050040605,-0.00584255,-0.007640463,0.0016612681,0.00130187,0.0039126235,-0.0010453926,0.0037263655,-0.007640463,0.004715449,0.0040093274,-0.0013929129,0.0039126235,-0.0010567141,-0.0014055875,-0.0010340712,0.0037263655
2.4,48,2.8505154,0.0,0.0,0.9611599,0.00031352328,0.00065250945,6.342115e-05,0.0054423134,-0.0063120504,-0.0076827314,0.0015879215,0.0012228421,0.0039154547,-0.0010764522,0.003765658,-0.0076827314,0.005009358,0.0042424486,-0.0018335149,0.0039154547,-0.0010853919,-0.0017967642,-0.0010675127,0.003765658
2.4,48,2.8904643,0.0,0.0,0.96080464,0.00023072265,0.00058266777,6.888012e-05,0.0059004417,-0.0067553604,-0.007186783,0.0015037353,0.0011578464,0.0036504788,-0.0011169316,0.0035349936,-0.007186783,0.0052871336,0.004503508,-0.002279663,0.0036504788,-0.0011214626,-0.0021878153,-0.0011124006,0.0035349936
2.4,48,2.9304123,0.0,0.0,0.9604668,0.00013935902,0.0004883635,7.523801e-05,0.006244858,-0.007078092,-0.0063849078,0.0014425617,0.0011011397,0.0032065935,-0.0011711349,0.003178049,-0.0063849078,0.0055523366,0.004689077,-0.002667213,0.0032065935,-0.0011367924,-0.0024867975,-0.0012054773,0.003178049
2.4,48,2.9703612,0.0,0.0,0.96018344,2.150136e-05,0.00038474146,7.6413016e-05,0.0062007396,-0.0072334306,-0.0054911603,0.0013841051,0.0010863596,0.002732748,-0.0011634305,0.0027580645,-0.0054911603,0.005731826,0.004736719,-0.002963616,0.002732748,-0.0011332759,-0.002564,-0.0011935852,0.0027580645
2.4,48,3.0103092,0.0,0.0,0.9599415,-9.9610785e-05,0.0002652625,9.1108515e-05,0.006489703,-0.00777562,-0.004485423,0.0011518064,0.0009030675,0.002227794,-0.0011752641,0.002257257,-0.004485423,0.005893411,0.004773103,-0.0035897982,0.002227794,-0.0011835183,-0.002966968,-0.00116701,0.002257257
2.4,48,3.0502582,0.0,0.0,0.9597348,-0.0002608932,0.00013611304,0.00010687161,0.006691264,-0.008114373,-0.0033285518,0.00096255494,0.00073850714,0.0016336491,-0.0013634438,0.0016945511,-0.0033285518,0.005930312,0.0047489554,-0.004005202,0.0016336491,-0.0013997512,-0.003271941,-0.0013271364,0.0016945511
2.4,48,3.0902061,0.0,0.0,0.9595608,-0.00040581598,1.8706858e-05,0.000102260565,0.0059298305,-0.007195274,-0.0028695357,0.0010902899,0.0008431596,0.0013932151,-0.001190413,0.001476088,-0.0028695357,0.0055702166,0.0044969055,-0.0033896368,0.0013932151,-0.0011392424,-0.0028105862,-0.0012415835,0.001476088
2.4,48,3.130155,0.0,0.0,0.95940316,-0.0005338925,-8.886076e-05,9.949715e-05,0.005524218,-0.0065573244,-0.0029366252,0.0009492375,0.000687586,0.0014973289,-0.0007432392,0.001439128,-0.0029366252,0.005023847,0.004120437,-0.0031253719,0.0014973289,-0.00061791023,-0.002745265,-0.0008685682,0.001439128
2.4,48,3.170103,0.0,0.0,0.959243,-0.0006601556,-0.00020611973,9.816773e-05,0.0055589858,-0.006415111,-0.0031094048,0.0007275115,0.00047477544,0.0016963003,-0.0002738172,0.0014127999,-0.0031094048,0.0045529227,0.0038664085,-0.0030978997,0.0016963003,-0.00015416033,-0.0029168576,-0.00039347404,0.0014127999
2.4,48,3.2100515,0.0,0.0,0.95911247,-0.0007768901,-0.00030324011,8.810493e-05,0.0054416624,-0.0061204685,-0.0033156371,0.0006603346,0.00041540642,0.00186626,0.00021330453,0.0014489862,-0.0033156371,0.004074642,0.0036181952,-0.0027539728,0.00186626,0.0003169243,-0.0027873823,0.00010968477,0.0014489862
2.4,48,3.25,0.0,0.0,0.9589525,-0.0008861979,-0.00041065353,6.594749e-05,0.004490802,-0.00494438,-0.0034411442,0.00079670094,0.0005095904,0.0020966567,0.000629396,0.0013441417,-0.0034411442,0.0033978487,0.003065261,-0.0018044468,0.0020966567,0.0005741696,-0.0020460803,0.0006846224,0.0013441417
2.4,48,3.2899485,0.0,0.0,0.95878994,-0.0009156516,-0.00047369307,4.0462874e-05,0.0026888456,-0.0029411186,-0.0031520172,0.0010187924,0.00062813214,0.0021434296,0.00084346684,0.0010081636,-0.0031520172,0.0025784841,0.0021632842,-0.0005408994,0.0021434296,0.00059287285,-0.00090702,0.0010940608,0.0010081636
2.4,48,3.3298965,0.0,0.0,0.95864755,-0.00091396156,-0.00048885826,1.6771743e-05,0.00097614195,-0.001071463,-0.0020500887,0.0011157207,0.0005541135,0.0015495383,0.0007968581,0.00050006446,-0.0020500887,0.001811753,0.0011398555,0.0004196885,0.0015495383,0.0005790452,-3.1628537e-05,0.001014671,0.00050006446
2.4,48,3.3698454,0.0,0.0,0.9585791,-0.0008914186,-0.00048827732,3.829225e-06,0.00018367084,-0.00018110714,-6.066237e-05,0.0008425983,0.00011483816,0.00039661882,0.00066149567,-0.00033609144,-6.066237e-05,0.0011472312,0.0002397026,0.00053796545,0.00039661882,0.0005640216,-1.0026273e-05,0.00075896975,-0.00033609144
2.4,48,3.4097939,0.0,0.0,0.9586089,-0.0008775414,-0.00049567915,1.1705034e-06,3.2208634e-05,-2.7769802e-06,0.0027748963,0.00024762598,-0.00060067966,-0.0011615619,0.0006273807,-0.0016133401,0.0027748963,0.00042020803,-0.0006598566,7.504394e-05,-0.0011615619,0.0005893042,-0.00054150267,0.0006654571,-0.0016133401
2.4,48,3.4497418,0.0,0.0,0.9587644,-0.00088863255,-0.0005379263,1.7301422e-06,7.4597985e-05,-5.6464294e-05,0.006488295,-0.0006791655,-0.0015781908,-0.0031378502,0.00065150834,-0.0033508241,0.006488295,-0.0006326033,-0.001804892,-0.0007257276,-0.0031378502,0.0006319199,-0.0013514896,0.00067109684,-0.0033508241
2.4,48,3.4896903,0.0,0.0,0.95908433,-0.0009348051,-0.00060395483,1.6823864e-06,9.646835e-05,-9.818907e-05,0.010856022,-0.0017312032,-0.0026480174,-0.005358741,0.00062045804,-0.0054983376,0.010856022,-0.0018584188,-0.0030789054,-0.0016039874,-0.005358741,0.000605684,-0.002217129,0.00063523214,-0.0054983376
2.4,48,3.5296392,0.0,0.0,0.9595915,-0.0010137551,-0.0007065849,5.133474e-07,4.4005632e-05,-4.3190597e-05,0.015357335,-0.0025136573,-0.0035099876,-0.0075779995,0.00059527974,-0.0077808397,0.015357335,-0.0028337806,-0.0041475957,-0.0021935343,-0.0075779995,0.0005808559,-0.0028723793,0.00060970354,-0.0077808397
2.4,48,3.5695877,0.0,0.0,0.9602818,-0.0011101529,-0.0008294954,1.450808e-07,2.6001358e-05,-2.3859993e-05,0.019675609,-0.0029121442,-0.0039697946,-0.009698455,0.0005969793,-0.009982375,0.019675609,-0.0033679046,-0.004745065,-0.002456384,-0.009698455,0.0005792677,-0.0031945247,0.00061469094,-0.009982375
2.4,48,3.6095362,0.0,0.0,0.9611388,-0.0012094706,-0.0009557688,1.5598458e-07,1.1700449e-05,-1.3071749e-05,0.023519399,-0.0028410382,-0.003917929,-0.011610437,0.000623791,-0.011918448,0.023519399,-0.003375432,-0.004771572,-0.0023066443,-0.011610437,0.00060489867,-0.003064285,0.0006426834,-0.011918448
2.4,48,3.6494837,0.0,0.0,0.96213466,-0.0012947202,-0.0010696726,3.5495212e-08,2.4342344e-06,-2.7594667e-06,0.026612278,-0.0023978367,-0.0034924508,-0.013139822,0.00068910996,-0.013482478,0.026612278,-0.0029614505,-0.0043782755,-0.0018342226,-0.013139822,0.0006651952,-0.0026066264,0.0007130247,-0.013482478
2.4,48,3.689433,0.0,0.0,0.96323514,-0.0013654755,-0.0011626933,-5.904023e-10,5.277943e-07,-3.485357e-07,0.028856615,-0.0017939088,-0.0028563729,-0.014224712,0.0007594121,-0.014641084,0.028856615,-0.0023573297,-0.0037310864,-0.0012304878,-0.014224712,0.0007279305,-0.0019816596,0.00079089374,-0.014641084
2.4,48,3.7293816,0.0,0.0,0.96440756,-0.0013985081,-0.0012240662,-2.9963146e-10,1.705535e-07,-7.474662e-08,0.030271482,-0.0011743221,-0.0021447858,-0.0149066895,0.00081076345,-0.015373049,0.030271482,-0.0017209149,-0.0029767877,-0.0006277292,-0.0149066895,0.0007762952,-0.001312784,0.00084523164,-0.015373049
2.4,48,3.76933,0.0,0.0,0.9656649,-0.0014011906,-0.0012598018,1.4527958e-10,3.0806678e-08,-9.926493e-09,0.030973576,-0.00062469335,-0.0014770735,-0.015255403,0.00084071554,-0.015727323,0.030973576,-0.0011420484,-0.002248842,-0.00010733831,-0.015255403,0.0008074848,-0.00070530496,0.0008739463,-0.015727323
2.4,48,3.8092775,0.0,0.0,0.9669031,-0.0013981435,-0.0012774573,3.3245656e-11,2.4942566e-09,-5.737426e-10,0.031138606,-0.00017536955,-0.0009085475,-0.015350799,0.00085003185,-0.015795682,0.031138606,-0.0006559644,-0.0016136614,0.00030522532,-0.015350799,0.0008197551,-0.00020343353,0.0008803086,-0.015795682
2.4,48,3.849227,0.0,0.0,0.96818435,-0.0013451729,-0.0012732184,1.3567016e-12,7.388917e-11,-1.0211479e-12,0.030910103,0.00017852934,-0.00044384866,-0.015256829,0.00084107975,-0.015659554,0.030910103,-0.00026255226,-0.0010819845,0.00061961095,-0.015256829,0.0008141705,0.00019428719,0.000867989,-0.015659554
2.4,48,3.8891754,0.0,0.0,0.9694182,-0.0013489387,-0.0012536473,3.5365016e-13,1.2369772e-11,9.822999e-12,0.030388193,0.00045116132,-7.2404044e-05,-0.015018141,0.0008165842,-0.015375032,0.030388193,4.9422222e-05,-0.000646349,0.00085290044,-0.015018141,0.0007928625,0.0005015409,0.0008403059,-0.015375032
2.4,48,3.9291239,0.0,0.0,0.9706104,-0.0013112259,-0.0012291406,3.1351592e-13,9.975613e-12,8.128202e-12,0.029650256,0.00065610616,0.00021852193,-0.0146695655,0.0007795982,-0.014984106,0.029650256,0.00029204722,-0.00029523202,0.001020165,-0.0146695655,0.0007586883,0.0007322759,0.0008005081,-0.014984106
2.4,48,3.9690714,0.0,0.0,0.97176886,-0.0012672306,-0.0011958657,2.3504866e-13,7.006033e-12,5.6765612e-12,0.02875669,0.00080538605,0.00044120525,-0.014241826,0.00073360244,-0.014518394,0.02875669,0.00047671935,-1.688388e-05,0.0011340528,-0.014241826,0.0007151219,0.0008992944,0.000752083,-0.014518394
2.4,48,4.009021,0.0,0.0,0.972891,-0.0012195536,-0.001157108,1.1846744e-13,3.3209457e-12,2.6619026e-12,0.02775939,0.0009097751,0.000606813,-0.013758664,0.0006820763,-0.014002906,0.02775939,0.00061405543,0.00019966964,0.0012054947,-0.013758664,0.0006656803,0.0010139564,0.00069847243,-0.014002906
2.4,48,4.0489693,0.0,0.0,0.9739714,-0.0011699259,-0.0011142228,2.0989182e-14,5.766546e-13,4.6327655e-13,0.02669792,0.00097899,0.0007253047,-0.013241744,0.0006281445,-0.013458081,0.02669792,0.00071370165,0.00036436453,0.0012442784,-0.013241744,0.0006135422,0.0010862449,0.0006427467,-0.013458081
2.4,48,4.0889177,0.0,0.0,0.97500896,-0.001119288,-0.0010692845,9.746296e-16,3.057364e-14,2.8906334e-14,0.02560437,0.001020902,0.0008054499,-0.012706413,0.0005744629,-0.012899141,0.02560437,0.00078367355,0.0004861391,0.0012581303,-0.012706413,0.00056140654,0.0011247607,0.0005875192,-0.012899141
2.4,48,4.1288652,0.0,0.0,0.9760024,-0.0010679868,-0.0010213592,3.4504454e-16,1.3372227e-14,1.533922e-14,0.024502771,0.0010416781,0.0008552369,-0.012165979,0.00052296516,-0.012338555,0.024502771,0.00083017035,0.00057309394,0.0012531859,-0.012165979,0.000511242,0.0011373798,0.0005346883,-0.012338555
2.4,48,4.1688147,0.0,0.0,0.9769507,-0.0010194401,-0.000977299,3.401988e-16,1.3138621e-14,1.5245212e-14,0.023412872,0.0010459302,0.00088135747,-0.011630126,0.00047478869,-0.011784336,0.023412872,0.00085788936,0.0006323236,0.0012339711,-0.011630126,0.00046415385,0.0011303913,0.00048542352,-0.011784336
2.4,48,4.208763,0.0,0.0,0.97785616,-0.00096972863,-0.00093231804,3.372946e-16,1.2965041e-14,1.5187973e-14,0.022347162,0.0010372637,0.0008893778,-0.011104785,0.0004304131,-0.011243016,0.022347162,0.0008703905,0.0006696623,0.0012041368,-0.011104785,0.00042067177,0.0011090933,0.00044015446,-0.011243016
2.4,48,4.2487116,0.0,0.0,0.97871864,-0.00092132564,-0.0008890127,3.3435824e-16,1.2781631e-14,1.5109526e-14,0.021313429,0.0010185535,0.00088366744,-0.010594819,0.0003899517,-0.010718233,0.021313429,0.0008707123,0.00068983494,0.0011663947,-0.010594819,0.0003809254,0.0010774999,0.00039897795,-0.010718233
2.4,48,4.288659,0.0,0.0,0.9795418,-0.0008795135,-0.0008471485,3.3216408e-16,1.2587333e-14,1.5005981e-14,0.020317167,0.0009921265,0.0008676015,-0.010103241,0.00035330877,-0.010213333,0.020317167,0.000861188,0.00069648505,0.001123065,-0.010103241,0.00034487073,0.0010387179,0.00036174682,-0.010213333
2.4,48,4.3286085,0.0,0.0,0.98031485,-0.000835437,-0.00080748845,3.3106884e-16,1.238068e-14,1.4874934e-14,0.019362347,0.00095992826,0.0008438863,-0.009631613,0.0003202657,-0.009729368,0.019362347,0.00084392057,0.0006926457,0.001075936,-0.009631613,0.00031231198,0.0009951269,0.00032821947,-0.009729368
2.4,48,4.368557,0.0,0.0,0.98106307,-0.00078831194,-0.0007688349,3.3067505e-16,1.21578645e-14,1.4713792e-14,0.018449932,0.0009234314,0.0008146236,-0.009181312,0.00029054267,-0.009267509,0.018449932,0.00082046096,0.00068068446,0.0010264019,-0.009181312,0.00028297942,0.00094856275,0.00029810594,-0.009267509
2.4,48,4.4085054,0.0,0.0,0.9817763,-0.0007482181,-0.0007311687,3.3017185e-16,1.19137285e-14,1.4518827e-14,0.017580539,0.00088397355,0.0007814588,-0.008751664,0.00026386604,-0.008827213,0.017580539,0.0007923257,0.00066252105,0.0009756214,-0.008751664,0.00025660702,0.0009003966,0.00027112506,-0.008827213
2.4,48,4.448453,0.0,0.0,0.98242885,-0.0006864611,-0.0006959509,3.2895988e-16,1.1644926e-14,1.4286566e-14,0.016742943,0.0008425833,0.0007457029,-0.00834136,0.00023993627,-0.008407328,0.016742943,0.00076066353,0.00063973526,0.0009245031,-0.00834136,0.00023293766,0.0008516705,0.00024693488,-0.008407328
2.4,48,4.4884024,0.0,0.0,0.9830512,-0.00067410624,-0.0006628594,3.2651537e-16,1.1350009e-14,1.4015159e-14,0.01595408,0.0008001516,0.00070845475,-0.007952139,0.00021847192,-0.008008724,0.01595408,0.00072653656,0.0006136214,0.0008737667,-0.007952139,0.00021169291,0.0008032882,0.00022525091,-0.008008724
2.4,48,4.528351,0.0,0.0,0.9836706,-0.0006404832,-0.0006320032,3.2205423e-16,1.1026264e-14,1.3705145e-14,0.015210035,0.0007573259,0.00067055284,-0.0075831963,0.0001991943,-0.007631372,0.015210035,0.00069068413,0.000585251,0.00082396774,-0.0075831963,0.00019260099,0.0007558546,0.00020578763,-0.007631372
2.4,48,4.5682983,0.0,0.0,0.9842599,-0.0006089857,-0.00060378725,3.157569e-16,1.0669364e-14,1.335573e-14,0.014505034,0.00071461976,0.00063269056,-0.0072346204,0.00018186276,-0.007274993,0.014505034,0.000653779,0.00055555196,0.00077546056,-0.0072346204,0.00017543191,0.00070982915,0.0001882936,-0.007274993
2.4,48,4.608247,0.0,0.0,0.98482066,-0.0005788118,-0.0005748721,3.089359e-16,1.02754516e-14,1.2958982e-14,0.013837518,0.0006724042,0.0005953557,-0.0069043105,0.00016628037,-0.0069376724,0.013837518,0.0006163176,0.0005251856,0.0007284907,-0.0069043105,0.00016000347,0.0006655258,0.00017255725,-0.0069376724
2.4,48,4.648196,0.0,0.0,0.98535395,-0.0005503776,-0.0005497404,3.021043e-16,9.841924e-15,1.2501838e-14,0.013205332,0.00063091714,0.00055892917,-0.0065917075,0.00015231912,-0.0066183624,0.013205332,0.00057862164,0.000494674,0.0006832126,-0.0065917075,0.00014616524,0.0006231844,0.00015847298,-0.0066183624
2.4,48,4.6881447,0.0,0.0,0.98586434,-0.0005228722,-0.00052826764,2.9488404e-16,9.3700225e-15,1.19703086e-14,0.012607469,0.0005903836,0.00052371906,-0.006295491,0.00013986665,-0.0063163224,0.012607469,0.00054105924,0.00046451684,0.00063970796,-0.006295491,0.00013383933,0.00058292126,0.00014589397,-0.0063163224
2.4,48,4.728092,0.0,0.0,0.98635435,-0.0004982219,-0.0005082081,2.8545346e-16,8.861222e-15,1.1358439e-14,0.012040871,0.0005509443,0.0004899327,-0.0060149566,0.00012884256,-0.006030266,0.012040871,0.00050385296,0.00043505093,0.00059803564,-0.0060149566,0.0001229319,0.0005448145,0.00013475321,-0.006030266
2.4,48,4.7680407,0.0,0.0,0.98682374,-0.00047495624,-0.00048551772,2.7061909e-16,8.303296e-15,1.0672904e-14,0.011504411,0.0005127974,0.00045778556,-0.0057494408,0.00011915466,-0.005759791,0.011504411,0.00046731054,0.00040658852,0.0005582842,-0.0057494408,0.000113369526,0.0005089826,0.00012493979,-0.005759791
2.4,48,4.80799,0.0,0.0,0.9872845,-0.00043067674,-0.0004644184,2.50887e-16,7.681448e-15,9.913906e-15,0.0109968865,0.00047610508,0.0004274306,-0.005497853,0.00011065777,-0.0055034626,0.0109968865,0.00043164383,0.00037943176,0.0005205663,-0.005497853,0.0001049954,0.00047542946,0.00011632013,-0.0055034626
2.4,48,4.8479385,0.0,0.0,0.9877146,-0.0004618863,-0.00044803804,2.2899922e-16,6.990892e-15,9.067361e-15,0.010515916,0.00044094544,0.0003989936,-0.005259386,0.000103200684,-0.0052609546,0.010515916,0.0003970434,0.00035376972,0.00048484746,-0.005259386,9.766887e-05,0.00044421747,0.00010873251,-0.0052609546
2.4,48,4.887886,0.0,0.0,0.98812336,-0.00044217496,-0.00043053814,2.0276676e-16,6.224098e-15,8.121807e-15,0.010060471,0.00040740118,0.0003725115,-0.0050332686,9.6599804e-05,-0.005031218,0.010060471,0.00036365737,0.00032974023,0.00045114497,-0.0050332686,9.1204405e-05,0.0004152828,0.000101995196,-0.005031218
2.4,48,4.9278345,0.0,0.0,0.9885059,-0.00039481113,-0.0004164993,1.7262655e-16,5.37664e-15,7.04981e-15,0.009628534,0.00037544826,0.00034796013,-0.0048189936,9.068679e-05,-0.0048135784,0.009628534,0.00033154947,0.00030736573,0.00041934702,-0.0048189936,8.542678e-05,0.00038855453,9.5946816e-05,-0.0048135784
2.4,48,4.967784,0.0,0.0,0.9888797,-0.0003785647,-0.00040096336,1.4556044e-16,4.455946e-15,5.8180347e-15,0.009218851,0.00034509716,0.00032527765,-0.0046153925,8.529794e-05,-0.0046072947,0.009218851,0.00030077124,0.0002866415,0.00038942305,-0.0046153925,8.017248e-05,0.0003639138,9.042341e-05,-0.0046072947
2.4,48,5.0077324,0.0,0.0,0.9892373,-0.00036407073,-0.00038673347,1.1894996e-16,3.4370628e-15,4.4431317e-15,0.008829972,0.00031639103,0.00030432164,-0.0044222153,8.028434e-05,-0.0044117086,0.008829972,0.00027144604,0.0002674101,0.00036133602,-0.0044222153,7.529062e-05,0.00034123322,8.527806e-05,-0.0044117086
2.4,48,5.04768,0.0,0.0,0.9895802,-0.0003500352,-0.00037354676,8.408639e-17,2.28715e-15,2.9548384e-15,0.008460978,0.00028940686,0.00028491748,-0.0042384085,7.552659e-05,-0.0042258683,0.008460978,0.00024373957,0.00024951177,0.00033507412,-0.0042384085,7.066376e-05,0.00032032316,8.0389415e-05,-0.0042258683
2.4,48,5.0876284,0.0,0.0,0.9899079,-0.00033742012,-0.000360963,4.15813e-17,1.0644946e-15,1.3831071e-15,0.008108342,0.00026432535,0.0002667965,-0.0040626535,7.0951464e-05,-0.0040485156,0.008108342,0.00021788158,0.00023270826,0.00031076913,-0.0040626535,6.6216846e-05,0.00030088477,7.568608e-05,-0.0040485156
2.4,48,5.127578,0.0,0.0,0.9902231,-0.0003252899,-0.00034857134,7.55005e-18,1.8805477e-16,2.451067e-16,0.0077745486,0.0002412482,0.00024973438,-0.0038962187,6.657527e-05,-0.0038807336,0.0077745486,0.00019405723,0.00021674365,0.0002884392,-0.0038962187,6.197468e-05,0.00028272514,7.1175855e-05,-0.0038807336
2.4,48,5.1675262,0.0,0.0,0.9905225,-0.00031437518,-0.00033753362,2.4578237e-19,6.0904924e-18,7.943029e-18,0.0074585415,0.00022022038,0.00023357282,-0.0037386063,6.248373e-05,-0.0037222053,0.0074585415,0.0001723473,0.00020148225,0.00026809346,-0.0037386063,5.8020203e-05,0.00026566337,6.694724e-05,-0.0037222053
2.4,48,5.2074738,0.0,0.0,0.99081165,-0.00030395755,-0.000328015,1.1380924e-21,2.8181242e-20,3.6756288e-20,0.007158679,0.0002010719,0.00021826365,-0.003589245,5.8760248e-05,-0.0035716952,0.007158679,0.00015260417,0.00018690301,0.00024953965,-0.003589245,5.443433e-05,0.0002496243,6.308617e-05,-0.0035716952
2.4,48,5.247422,0.0,0.0,0.99108636,-0.0002939299,-0.0003199487,7.2126203e-25,1.785797e-23,2.3292106e-23,0.0068739653,0.00018359444,0.0002038421,-0.0034475285,5.5441345e-05,-0.0034291018,0.0068739653,0.0001346317,0.000173055,0.00023255718,-0.0034475285,5.1250317e-05,0.00023462919,5.9632373e-05,-0.0034291018
2.4,48,5.2873716,0.0,0.0,0.9913475,-0.0002855376,-0.00030949575,6.22188e-29,1.5404751e-27,2.009241e-27,0.006604319,0.00016755346,0.00019034778,-0.0033131079,5.2507414e-05,-0.003293894,0.006604319,0.00011816733,0.00016001356,0.00021693957,-0.0033131079,4.8446924e-05,0.00022068202,5.65679e-05,-0.003293894
2.4,48,5.32732,0.0,0.0,0.99160177,-0.00027800095,-0.00029830573,7.303387e-34,1.8082472e-32,2.3584967e-32,0.006348438,0.00015277934,0.00017778136,-0.0031854995,4.9910195e-05,-0.003165538,0.006348438,0.00010303005,0.00014782573,0.00020252864,-0.0031854995,4.5978235e-05,0.00020773699,5.3842152e-05,-0.003165538
2.4,48,5.3672676,0.0,0.0,0.99184823,-0.00027020575,-0.00029002884,0.0,2.8881417e-38,3.766897e-38,0.0061054504,0.00013913393,0.00016613596,-0.003064546,4.7593105e-05,-0.003043803,0.0061054504,8.908452e-05,0.00013648749,0.00018918334,-0.003064546,4.3785425e-05,0.00019578442,5.1400784e-05,-0.003043803
2.4,48,5.407216,0.0,0.0,0.99208546,-0.0002625666,-0.00028203268,0.0,0.0,0.0,0.00587481,0.00012653548,0.00015537096,-0.0029495542,4.5504792e-05,-0.0029282628,0.00587481,7.623936e-05,0.00012597855,0.0001768316,-0.0029495542,4.1818425e-05,0.00018476337,4.9191163e-05,-0.0029282628
2.4,48,5.4471655,0.0,0.0,0.992313,-0.00025591598,-0.00027457264,0.0,0.0,0.0,0.005656064,0.00011491502,0.00014543261,-0.0028402829,4.3602893e-05,-0.002818606,0.005656064,6.440888e-05,0.0001162686,0.00016542117,-0.0028402829,4.0034174e-05,0.00017459663,4.7171616e-05,-0.002818606
2.4,48,5.487114,0.0,0.0,0.99253327,-0.00024967024,-0.00026793877,0.0,0.0,0.0,0.00544814,0.000104209576,0.00013626387,-0.002736367,4.1850675e-05,-0.0027145715,0.00544814,5.354823e-05,0.00010730883,0.00015487093,-0.002736367,3.8396065e-05,0.00016521891,4.5305285e-05,-0.0027145715
2.4,48,5.5270615,0.0,0.0,0.9927454,-0.00024351383,-0.000261592,0.0,0.0,0.0,0.0052504498,9.437171e-05,0.00012780419,-0.0026376161,4.0220573e-05,-0.0026157715,0.0052504498,4.360186e-05,9.905005e-05,0.00014514156,-0.0026376161,3.6879577e-05,0.00015655834,4.356157e-05,-0.0026157715
2.4,48,5.56701,0.0,0.0,0.9929499,-0.0002375953,-0.00025489373,0.0,0.0,0.0,0.005062635,8.535411e-05,0.00012000646,-0.0025437165,3.8688315e-05,-0.0025219966,0.005062635,3.4523327e-05,9.1446294e-05,0.0001361849,-0.0025437165,3.5456498e-05,0.00014856663,4.192013e-05,-0.0025219966
2.4,48,5.6069593,0.0,0.0,0.9931477,-0.00023246715,-0.0002489528,0.0,0.0,0.0,0.0048842323,7.7111974e-05,0.00011280751,-0.0024542308,3.72383e-05,-0.002432941,0.0048842323,2.6272357e-05,8.444719e-05,0.00012795159,-0.0024542308,3.411514e-05,0.00014116782,4.0361458e-05,-0.002432941
2.4,48,5.646908,0.0,0.0,0.9933389,-0.00022757852,-0.00024347226,0.0,0.0,0.0,0.0047142725,6.959912e-05,0.00010616233,-0.0023690737,3.5854995e-05,-0.0023482835,0.0047142725,1.880153e-05,7.800503e-05,0.00012039671,-0.0023690737,3.283831e-05,0.00013431963,3.887168e-05,-0.0023482835
2.4,48,5.6868553,0.0,0.0,0.9935194,-0.00022789938,-0.00023839173,0.0,0.0,0.0,0.0045528,6.277592e-05,0.00010002962,-0.0022880055,3.4527904e-05,-0.0022679213,0.0045528,1.2076623e-05,7.208512e-05,0.00011347522,-0.0022880055,3.1615018e-05,0.00012797411,3.744079e-05,-0.0022679213
2.4,48,5.726804,0.0,0.0,0.9936976,-0.00022387771,-0.00023395801,0.0,0.0,0.0,0.004398975,5.6598397e-05,9.436721e-05,-0.0022107058,3.324839e-05,-0.0021914076,0.004398975,6.052309e-06,6.665129e-05,0.000107144486,-0.0022107058,3.0437875e-05,0.00012208313,3.6058904e-05,-0.0021914076
2.4,48,5.766753,0.0,0.0,0.9938659,-0.00021496581,-0.00022892878,0.0,0.0,0.0,0.0042524403,5.1031e-05,8.913807e-05,-0.00213705,3.2010765e-05,-0.0021186385,0.0042524403,6.9080534e-07,6.166069e-05,0.00010137119,-0.00213705,2.9301214e-05,0.00011661545,3.4720313e-05,-0.0021186385
2.4,48,5.8067017,0.0,0.0,0.9940323,-0.00021112639,-0.00022426998,0.0,0.0,0.0,0.0041136653,4.6033798e-05,8.432021e-05,-0.002066563,3.080989e-05,-0.0020489434,0.0041136653,-4.045272e-06,5.709465e-05,9.611287e-05,-0.002066563,2.820029e-05,0.00011154576,3.3419492e-05,-0.0020489434
2.4,48,5.846649,0.0,0.0,0.9941936,-0.00020725536,-0.00021988428,0.0,0.0,0.0,0.0039808345,4.157029e-05,7.9880556e-05,-0.0019988967,2.964288e-05,-0.0019826093,0.0039808345,-8.196479e-06,5.2927415e-05,9.133706e-05,-0.0019988967,2.713102e-05,0.0001068337,3.215474e-05,-0.0019826093
2.4,48,5.8865976,0.0,0.0,0.99434924,-0.00020373873,-0.00021565624,0.0,0.0,0.0,0.0038535083,3.7598067e-05,7.579734e-05,-0.0019345778,2.8508315e-05,-0.001919539,0.0038535083,-1.1798692e-05,4.9132133e-05,8.699483e-05,-0.0019345778,2.6091906e-05,0.000102462545,3.0924723e-05,-0.001919539
2.4,48,5.926547,0.0,0.0,0.99450046,-0.00020039461,-0.00021134775,0.0,0.0,0.0,0.003732265,3.4088076e-05,7.205007e-05,-0.0018734133,2.7403685e-05,-0.0018595803,0.003732265,-1.4885054e-05,4.5690016e-05,8.3061204e-05,-0.0018734133,2.5081845e-05,9.841011e-05,2.9725525e-05,-0.0018595803
2.4,48,5.9664946,0.0,0.0,0.9946463,-0.00019710696,-0.00020701958,0.0,0.0,0.0,0.0036164606,3.100135e-05,6.862317e-05,-0.0018148888,2.6329139e-05,-0.0018023342,0.0036164606,-1.750129e-05,4.258476e-05,7.950399e-05,-0.0018148888,2.4099045e-05,9.4661584e-05,2.8559232e-05,-0.0018023342
2.4,48,6.006443,0.0,0.0,0.9947874,-0.00019353507,-0.0002029751,0.0,0.0,0.0,0.0035057394,2.8302991e-05,6.548953e-05,-0.0017588731,2.5285153e-05,-0.0017476015,0.0035057394,-1.967632e-05,3.979201e-05,7.6282304e-05,-0.0017588731,2.314509e-05,9.118705e-05,2.7425216e-05,-0.0017476015
2.4,48,6.0463915,0.0,0.0,0.9949249,-0.00019052788,-0.00019931754,0.0,0.0,0.0,0.0033996245,2.5964471e-05,6.2634936e-05,-0.0017051863,2.4270987e-05,-0.0016952247,0.0033996245,-2.144698e-05,3.7295562e-05,7.337592e-05,-0.0017051863,2.2218148e-05,8.79743e-05,2.6323827e-05,-0.0016952247
2.4,48,6.086341,0.0,0.0,0.9950583,-0.00018769623,-0.00019569891,0.0,0.0,0.0,0.0032979634,2.3952087e-05,6.0039158e-05,-0.0016537246,2.3287532e-05,-0.0016450641,0.0032979634,-2.2843957e-05,3.5075107e-05,7.074813e-05,-0.0016537246,2.1319493e-05,8.500321e-05,2.5255571e-05,-0.0016450641
2.4,48,6.1262884,0.0,0.0,0.99518764,-0.00018494557,-0.00019226197,0.0,0.0,0.0,0.003200384,2.2233715e-05,5.7685982e-05,-0.0016043646,2.2337117e-05,-0.0015969927,0.003200384,-2.3903589e-05,3.311253e-05,6.837102e-05,-0.0016043646,2.0450621e-05,8.225944e-05,2.4223615e-05,-0.0015969927
2.4,48,6.166237,0.0,0.0,0.99531317,-0.00018235098,-0.000189028,0.0,0.0,0.0,0.00310675,2.078848e-05,5.5555505e-05,-0.0015569387,2.1419506e-05,-0.0015508062,0.00310675,-2.4651992e-05,3.1388307e-05,6.622895e-05,-0.0015569387,1.9611509e-05,7.9722704e-05,2.3227502e-05,-0.0015508062
2.4,48,6.2061853,0.0,0.0,0.9954352,-0.00017978429,-0.00018583423,0.0,0.0,0.0,0.0030167405,1.958324e-05,5.362864e-05,-0.0015113516,2.0535475e-05,-0.0015064536,0.0030167405,-2.5119116e-05,2.9881852e-05,6.4285596e-05,-0.0015113516,1.8801597e-05,7.737543e-05,2.2269354e-05,-0.0015064536
2.4,48,6.2461348,0.0,0.0,0.9955537,-0.00017717991,-0.00018292895,0.0,0.0,0.0,0.0029301005,1.8598064e-05,5.188711e-05,-0.0014674262,1.9687843e-05,-0.0014637419,0.0029301005,-2.533479e-05,2.8573075e-05,6.253092e-05,-0.0014674262,1.8025436e-05,7.520115e-05,2.135025e-05,-0.0014637419
2.4,48,6.2860823,0.0,0.0,0.9956687,-0.00017464095,-0.00017987944,0.0,0.0,0.0,0.0028466587,1.7811084e-05,5.0311413e-05,-0.0014251458,1.8876255e-05,-0.0014226325,0.0028466587,-2.5318219e-05,2.7441962e-05,6.0940387e-05,-0.0014251458,1.7281656e-05,7.318087e-05,2.0470854e-05,-0.0014226325
2.4,48,6.3260307,0.0,0.0,0.99578035,-0.00017227816,-0.00017688461,0.0,0.0,0.0,0.0027660928,1.7202783e-05,4.88865e-05,-0.0013843697,1.8102179e-05,-0.0013829326,0.0027660928,-2.50934e-05,2.6469808e-05,5.949897e-05,-0.0013843697,1.657193e-05,7.130319e-05,1.9632427e-05,-0.0013829326
2.4,48,6.365979,0.0,0.0,0.9958888,-0.00016996372,-0.00017416703,0.0,0.0,0.0,0.0026883609,1.675285e-05,4.759244e-05,-0.0013449517,1.7366641e-05,-0.0013446624,0.0026883609,-2.4685534e-05,2.5638816e-05,5.8191235e-05,-0.0013449517,1.5895708e-05,6.954606e-05,1.8837572e-05,-0.0013446624
2.4,48,6.4059286,0.0,0.0,0.9959943,-0.00016766679,-0.00017133825,0.0,0.0,0.0,0.0026131528,1.6448634e-05,4.6414345e-05,-0.001306919,1.666993e-05,-0.0013076272,0.0026131528,-2.4103889e-05,2.4929586e-05,5.7001158e-05,-0.001306919,1.5254792e-05,6.7899105e-05,1.8085067e-05,-0.0013076272
2.4,48,6.445876,0.0,0.0,0.9960972,-0.0001654782,-0.00016875673,0.0,0.0,0.0,0.002540443,1.6271435e-05,4.5336485e-05,-0.0012700424,1.6012476e-05,-0.001271813,0.002540443,-2.3375587e-05,2.4325851e-05,5.591846e-05,-0.0012700424,1.4648984e-05,6.6347115e-05,1.7375967e-05,-0.001271813
2.4,48,6.4858246,0.0,0.0,0.99619746,-0.00016300568,-0.00016608734,0.0,0.0,0.0,0.0024699522,1.6207137e-05,4.4346467e-05,-0.0012343848,1.539462e-05,-0.0012370507,0.0024699522,-2.2516302e-05,2.3812547e-05,5.4930577e-05,-0.0012343848,1.4080001e-05,6.488038e-05,1.670924e-05,-0.0012370507
2.4,48,6.525773,0.0,0.0,0.9962944,-0.00016090402,-0.00016343333,0.0,0.0,0.0,0.0024016337,1.6246102e-05,4.3432476e-05,-0.0011998267,1.4814802e-05,-0.0012033534,0.0024016337,-2.1536322e-05,2.337732e-05,5.4028525e-05,-0.0011998267,1.354479e-05,6.348763e-05,1.6084814e-05,-0.0012033534
2.4,48,6.5657225,0.0,0.0,0.9963888,-0.0001587616,-0.00016079406,0.0,0.0,0.0,0.0023353843,1.6372418e-05,4.2581272e-05,-0.001166259,1.4273393e-05,-0.0011706318,0.0023353843,-2.0458012e-05,2.3006362e-05,5.3202846e-05,-0.001166259,1.3045056e-05,6.2156185e-05,1.5501731e-05,-0.0011706318
2.4,48,6.60567,0.0,0.0,0.99648064,-0.00015679022,-0.00015818766,0.0,0.0,0.0,0.0022709942,1.6578448e-05,4.1783722e-05,-0.0011336684,1.3768298e-05,-0.0011387708,0.0022709942,-1.9288007e-05,2.2688866e-05,5.2444902e-05,-0.0011336684,1.257861e-05,6.0878574e-05,1.49579855e-05,-0.0011387708
2.4,48,6.6456184,0.0,0.0,0.99657017,-0.00015475902,-0.0001559797,0.0,0.0,0.0,0.0022083612,1.6849834e-05,4.1034535e-05,-0.0011020077,1.3298309e-05,-0.0011078084,0.0022083612,-1.804503e-05,2.2416125e-05,5.1744697e-05,-0.0011020077,1.2144352e-05,5.9652943e-05,1.44522655e-05,-0.0011078084
2.4,48,6.685567,0.0,0.0,0.9966568,-0.00015279993,-0.00015354746,0.0,0.0,0.0,0.0021473456,1.7176862e-05,4.0322666e-05,-0.0010712246,1.2861154e-05,-0.0010776249,0.0021473456,-1.6742268e-05,2.2179518e-05,5.109599e-05,-0.0010712246,1.1740281e-05,5.8465812e-05,1.3982026e-05,-0.0010776249
2.4,48,6.7255163,0.0,0.0,0.9967416,-0.0001507847,-0.00015117205,0.0,0.0,0.0,0.0020879572,1.754807e-05,3.964374e-05,-0.0010412696,1.2454507e-05,-0.0010482179,0.0020879572,-1.5393374e-05,2.1971311e-05,5.0489514e-05,-0.0010412696,1.1364312e-05,5.7316167e-05,1.3544702e-05,-0.0010482179
2.4,48,6.765464,0.0,0.0,0.9968248,-0.0001487556,-0.00014827408,0.0,0.0,0.0,0.0020303354,1.795746e-05,3.8992788e-05,-0.0010118909,1.2076529e-05,-0.0010194349,0.0020303354,-1.4006108e-05,2.1785134e-05,4.992103e-05,-0.0010118909,1.1015107e-05,5.6200442e-05,1.313795e-05,-0.0010194349
2.4,48,6.8054123,0.0,0.0,0.99690497,-0.0001467572,-0.00014632934,0.0,0.0,0.0,0.0019741375,1.8392193e-05,3.8364236e-05,-0.0009832638,1.1724121e-05,-0.0009911745,0.0019741375,-1.2595882e-05,2.1617003e-05,4.938027e-05,-0.0009832638,1.0689318e-05,5.5111468e-05,1.2758924e-05,-0.0009911745
2.4,48,6.8453608,0.0,0.0,0.9969839,-0.00014418982,-0.00014332397,0.0,0.0,0.0,0.0019189675,1.8844705e-05,3.7754882e-05,-0.0009554935,1.139465e-05,-0.00096374506,0.0019189675,-1.1175126e-05,2.1461314e-05,4.8864535e-05,-0.0009554935,1.038473e-05,5.404845e-05,1.2404571e-05,-0.00096374506
2.4,48,6.88531,0.0,0.0,0.99706024,-0.0001426776,-0.00014116164,0.0,0.0,0.0,0.0018653075,1.9307885e-05,3.7164056e-05,-0.00092851353,1.1085309e-05,-0.0009370756,0.0018653075,-9.74949e-06,2.1317072e-05,4.836526e-05,-0.00092851353,1.009883e-05,5.301104e-05,1.2071789e-05,-0.0009370756
2.4,48,6.9252577,0.0,0.0,0.9971353,-0.00014135706,-0.00013999872,0.0,0.0,0.0,0.0018129036,1.9771636e-05,3.6586775e-05,-0.0009022231,1.079373e-05,-0.0009110133,0.0018129036,-8.334862e-06,2.1178093e-05,4.7878133e-05,-0.0009022231,9.8289265e-06,5.1995456e-05,1.1758535e-05,-0.0009110133
2.4,48,6.965206,0.0,0.0,0.9972081,-0.00013970274,-0.00013774657,0.0,0.0,0.0,0.0017618234,2.0231537e-05,3.6023728e-05,-0.0008765469,1.05169665e-05,-0.0008855649,0.0017618234,-6.9363514e-06,2.1043574e-05,4.7399426e-05,-0.0008765469,9.573007e-06,5.1003884e-05,1.1460926e-05,-0.0008855649
2.4,48,7.0051546,0.0,0.0,0.99727786,-0.00013735237,-0.0001358385,0.0,0.0,0.0,0.0017119237,2.0679036e-05,3.5469624e-05,-0.00085154735,1.0252819e-05,-0.0008606851,0.0017119237,-5.5644336e-06,2.091055e-05,4.6922505e-05,-0.00085154735,9.3279605e-06,5.00287e-05,1.1177679e-05,-0.0008606851
2.4,48,7.045103,0.0,0.0,0.99734515,-0.00013546224,-0.00013375696,0.0,0.0,0.0,0.0016632418,2.1110354e-05,3.4924844e-05,-0.0008271463,9.999376e-06,-0.0008363866,0.0016632418,-4.226404e-06,2.0777003e-05,4.6447112e-05,-0.0008271463,9.092854e-06,4.9072685e-05,1.0905898e-05,-0.0008363866
2.4,48,7.0850515,0.0,0.0,0.9974104,-0.00013312892,-0.00013155259,0.0,0.0,0.0,0.0016157407,2.1521651e-05,3.4388144e-05,-0.0008033578,9.753849e-06,-0.0008126336,0.0016157407,-2.9255739e-06,2.0642286e-05,4.5968878e-05,-0.0008033578,8.8650795e-06,4.8134e-05,1.0642619e-05,-0.0008126336
2.4,48,7.125,0.0,0.0,0.9974734,-0.00013112104,-0.00012932101,0.0,0.0,0.0,0.0015693379,2.190575e-05,3.3859946e-05,-0.0007801817,9.515786e-06,-0.0007894651,0.0015693379,-1.6720847e-06,2.0504916e-05,4.5483583e-05,-0.0007801817,8.643865e-06,4.7214973e-05,1.0387706e-05,-0.0007894651
2.4,48,7.1649485,0.0,0.0,0.9975346,-0.00012932457,-0.0001273996,0.0,0.0,0.0,0.0015240657,2.2261065e-05,3.333694e-05,-0.00075758336,9.282379e-06,-0.00076683133,0.0015240657,-4.663895e-07,2.036438e-05,4.498852e-05,-0.00075758336,8.426618e-06,4.6309502e-05,1.0138142e-05,-0.00076683133
2.4,48,7.204897,0.0,0.0,0.9975937,-0.00012769541,-0.00012574805,0.0,0.0,0.0,0.0014799238,2.2584985e-05,3.2820448e-05,-0.00073557167,9.05363e-06,-0.0007447218,0.0014799238,6.828319e-07,2.0218427e-05,4.448714e-05,-0.00073557167,8.21349e-06,4.5422465e-05,9.893769e-06,-0.0007447218
2.4,48,7.2448454,0.0,0.0,0.99765104,-0.0001257782,-0.00012424267,0.0,0.0,0.0,0.0014369169,2.2875469e-05,3.2308813e-05,-0.00071410293,8.8279185e-06,-0.0007231521,0.0014369169,1.7762701e-06,2.0068506e-05,4.397467e-05,-0.00071410293,8.002356e-06,4.454912e-05,9.653481e-06,-0.0007231521
2.4,48,7.284794,0.0,0.0,0.99770683,-0.00012418782,-0.00012235186,0.0,0.0,0.0,0.0013949468,2.312972e-05,3.1801814e-05,-0.000693185,8.604848e-06,-0.00070212234,0.0013949468,2.8103314e-06,1.9912291e-05,4.344911e-05,-0.000693185,7.793585e-06,4.369134e-05,9.4161105e-06,-0.00070212234
2.4,48,7.3247423,0.0,0.0,0.99776065,-0.00012251087,-0.00012022983,0.0,0.0,0.0,0.0013541393,2.3347908e-05,3.1301417e-05,-0.000672849,8.383664e-06,-0.0006816208,0.0013541393,3.782786e-06,1.9750207e-05,4.291303e-05,-0.000672849,7.586289e-06,4.285263e-05,9.181039e-06,-0.0006816208
2.4,48,7.36469,0.0,0.0,0.99781215,-0.00012109929,-0.00011933493,0.0,0.0,0.0,0.0013143175,2.3529337e-05,3.0805448e-05,-0.00065305934,8.164249e-06,-0.0006616386,0.0013143175,4.6945765e-06,1.9582458e-05,4.23641e-05,-0.00065305934,7.379979e-06,4.2028438e-05,8.94852e-06,-0.0006616386
2.4,48,7.4046392,0.0,0.0,0.99786305,-0.00011888495,-0.000118045165,0.0,0.0,0.0,0.0012755881,2.367455e-05,3.0312487e-05,-0.0006338137,7.946508e-06,-0.0006421831,0.0012755881,5.544618e-06,1.9408859e-05,4.1804484e-05,-0.0006338137,7.174955e-06,4.1216113e-05,8.7180615e-06,-0.0006421831
2.4,48,7.4445877,0.0,0.0,0.99791205,-0.00011729883,-0.000116221636,0.0,0.0,0.0,0.0012379509,2.3783903e-05,2.9824612e-05,-0.0006150967,7.730323e-06,-0.00062325975,0.0012379509,6.3326693e-06,1.9228517e-05,4.1235136e-05,-0.0006150967,6.9715575e-06,4.0420706e-05,8.489089e-06,-0.00062325975
2.4,48,7.484536,0.0,0.0,0.99795985,-0.000115451934,-0.000114499264,0.0,0.0,0.0,0.0012013156,2.3856488e-05,2.934154e-05,-0.00059693016,7.5157354e-06,-0.0006048644,0.0012013156,7.0599735e-06,1.9043056e-05,4.0653e-05,-0.00059693016,6.769208e-06,3.9640025e-05,8.262263e-06,-0.0006048644
2.4,48,7.5244837,0.0,0.0,0.9980067,-0.000113852315,-0.00011313145,0.0,0.0,0.0,0.0011657572,2.3896639e-05,2.8864313e-05,-0.00057927374,7.303359e-06,-0.0005869682,0.0011657572,7.728053e-06,1.8852841e-05,4.0065224e-05,-0.00057927374,6.568553e-06,3.8875784e-05,8.038164e-06,-0.0005869682
2.4,48,7.564433,0.0,0.0,0.99805176,-0.00011224734,-0.00011090747,0.0,0.0,0.0,0.0011312081,2.3902927e-05,2.8389899e-05,-0.0005621313,7.0930582e-06,-0.0005695777,0.0011312081,8.338443e-06,1.8656609e-05,3.946741e-05,-0.0005621313,6.369963e-06,3.812319e-05,7.816154e-06,-0.0005695777
2.4,48,7.6043816,0.0,0.0,0.9980962,-0.00011081612,-0.00010957379,0.0,0.0,0.0,0.0010976695,2.3877525e-05,2.7919443e-05,-0.0005454991,6.8850914e-06,-0.0005526992,0.0010976695,8.8927e-06,1.8454806e-05,3.886235e-05,-0.0005454991,6.1733167e-06,3.738408e-05,7.5968665e-06,-0.0005526992
2.4,48,7.64433,0.0,0.0,0.9981395,-0.000109295055,-0.000108015214,0.0,0.0,0.0,0.0010651603,2.3823202e-05,2.7457929e-05,-0.0005293631,6.6799466e-06,-0.00053630606,0.0010651603,9.393652e-06,1.8250006e-05,3.8252754e-05,-0.0005293631,5.9791837e-06,3.6665853e-05,7.380709e-06,-0.00053630606
2.4,48,7.6842775,0.0,0.0,0.9981814,-0.00010793978,-0.00010642487,0.0,0.0,0.0,0.0010336293,2.37399e-05,2.69984e-05,-0.000513715,6.4777205e-06,-0.0005204234,0.0010336293,9.843074e-06,1.8039766e-05,3.7636724e-05,-0.000513715,5.7876728e-06,3.5957033e-05,7.167768e-06,-0.0005204234
2.4,48,7.724227,0.0,0.0,0.99822277,-9.365208e-05,-0.00010489445,0.0,0.0,0.0,0.0010031356,2.3631595e-05,2.6545065e-05,-0.0004984601,6.2787667e-06,-0.00050493004,0.0010031356,1.024299e-05,1.7825674e-05,3.70202e-05,-0.0004984601,5.5994215e-06,3.5264457e-05,6.9581115e-06,-0.00050493004
2.4,48,7.7641754,0.0,0.0,0.9982628,-0.000104850136,-0.000103573584,0.0,0.0,0.0,0.00097343343,2.3498731e-05,2.6097463e-05,-0.00048372036,6.0833645e-06,-0.00048994063,0.00097343343,1.0597958e-05,1.7610286e-05,3.6399506e-05,-0.00048372036,5.41452e-06,3.458464e-05,6.752209e-06,-0.00048994063
2.4,48,7.804124,0.0,0.0,0.99830085,-0.0001034125,-0.00010238864,0.0,0.0,0.0,0.0009447734,2.3344068e-05,2.5655005e-05,-0.00046950634,5.891994e-06,-0.0004754507,0.0009447734,1.090816e-05,1.7389988e-05,3.5779976e-05,-0.00046950634,5.233285e-06,3.3920023e-05,6.550703e-06,-0.0004754507
2.4,48,7.8440714,0.0,0.0,0.9983379,-0.00010187361,-0.00010107458,0.0,0.0,0.0,0.00091705413,2.316919e-05,2.5217447e-05,-0.00045575364,5.7046364e-06,-0.00046145509,0.00091705413,1.1178349e-05,1.7167435e-05,3.5160032e-05,-0.00045575364,5.0556278e-06,3.326746e-05,6.353645e-06,-0.00046145509
2.4,48,7.884021,0.0,0.0,0.99837327,-0.00010053811,-9.95647e-05,0.0,0.0,0.0,0.000890207,2.2975266e-05,2.4786807e-05,-0.00044245154,5.5214196e-06,-0.0004479035,0.000890207,1.1409144e-05,1.6944065e-05,3.454139e-05,-0.00044245154,4.8822644e-06,3.262955e-05,6.1605742e-06,-0.0004479035
2.4,48,7.9239693,0.0,0.0,0.9984079,-9.916495e-05,-9.8250704e-05,0.0,0.0,0.0,0.0008642335,2.2764549e-05,2.4361934e-05,-0.00042958508,5.342819e-06,-0.00043480934,0.0008642335,1.1604355e-05,1.671791e-05,3.392474e-05,-0.00042958508,4.713302e-06,3.200596e-05,5.9723357e-06,-0.00043480934
2.4,48,7.9639177,0.0,0.0,0.9984412,-9.764941e-05,-9.737576e-05,0.0,0.0,0.0,0.00083912147,2.2539838e-05,2.3943176e-05,-0.00041714447,5.1687784e-06,-0.000422144,0.00083912147,1.1766777e-05,1.6490932e-05,3.33129e-05,-0.00041714447,4.548717e-06,3.139542e-05,5.7888396e-06,-0.000422144
2.4,48,8.003865,0.0,0.0,0.9984736,-9.6402335e-05,-9.581676e-05,0.0,0.0,0.0,0.0008148502,2.2301889e-05,2.3529867e-05,-0.00040511045,4.9993114e-06,-0.0004098867,0.0008148502,1.1897603e-05,1.6263519e-05,3.2706175e-05,-0.00040511045,4.3883474e-06,3.0796215e-05,5.6102754e-06,-0.0004098867
2.4,48,8.043815,0.0,0.0,0.99850506,-9.5194955e-05,-9.4322415e-05,0.0,0.0,0.0,0.0007913629,2.2052707e-05,2.3123222e-05,-0.00039347904,4.8346997e-06,-0.0003980453,0.0007913629,1.2000987e-05,1.6035114e-05,3.2104428e-05,-0.00039347904,4.232625e-06,3.021133e-05,5.4367742e-06,-0.0003980453
2.4,48,8.083763,0.0,0.0,0.99853575,-9.3928866e-05,-9.3257106e-05,0.0,0.0,0.0,0.00076867227,2.1793676e-05,2.2723114e-05,-0.0003822303,4.6747455e-06,-0.0003865967,0.00076867227,1.2078403e-05,1.5806781e-05,3.150895e-05,-0.0003822303,4.0817795e-06,2.9639445e-05,5.267711e-06,-0.0003865967
2.4,48,8.123712,0.0,0.0,0.9985657,-9.267347e-05,-9.205209e-05,0.0,0.0,0.0,0.000746753,2.1525533e-05,2.2329212e-05,-0.0003713635,4.5195457e-06,-0.0003755375,0.000746753,1.2130996e-05,1.5578318e-05,3.092007e-05,-0.0003713635,3.9353376e-06,2.9080104e-05,5.103754e-06,-0.0003755375
2.4,48,8.163659,0.0,0.0,0.9985947,-9.1460155e-05,-9.094305e-05,0.0,0.0,0.0,0.0007255392,2.1250598e-05,2.1941982e-05,-0.00036086756,4.3693904e-06,-0.00036484466,0.0007255392,1.2162605e-05,1.5351474e-05,3.0338591e-05,-0.00036086756,3.7936945e-06,2.8532491e-05,4.9450864e-06,-0.00036484466
2.4,48,8.2036085,0.0,0.0,0.99862295,-9.024327e-05,-8.975895e-05,0.0,0.0,0.0,0.000705074,2.0969737e-05,2.1561242e-05,-0.0003507264,4.223836e-06,-0.00035452467,0.000705074,1.217421e-05,1.5124061e-05,2.9765264e-05,-0.0003507264,3.6565348e-06,2.7998423e-05,4.791138e-06,-0.00035452467
2.4,48,8.243557,0.0,0.0,0.9986503,-8.907192e-05,-8.860393e-05,0.0,0.0,0.0,0.00068529986,2.0683927e-05,2.118637e-05,-0.00034092384,4.083166e-06,-0.00034454672,0.00068529986,1.2167508e-05,1.4898529e-05,2.9200346e-05,-0.00034092384,3.524066e-06,2.7474212e-05,4.642266e-06,-0.00034454672
2.4,48,8.283505,0.0,0.0,0.9986769,-8.780961e-05,-8.743939e-05,0.0,0.0,0.0,0.0006661946,2.0394404e-05,2.0817984e-05,-0.00033145794,3.947129e-06,-0.0003349087,0.0006661946,1.2144298e-05,1.4674499e-05,2.8644508e-05,-0.00033145794,3.3961978e-06,2.6961468e-05,4.49806e-06,-0.0003349087
2.4,48,8.323453,0.0,0.0,0.99870276,-8.678091e-05,-8.6339984e-05,0.0,0.0,0.0,0.0006477358,2.0102527e-05,2.0457372e-05,-0.00032230717,3.815632e-06,-0.00032560175,0.0006477358,1.2106556e-05,1.4451604e-05,2.8098497e-05,-0.00032230717,3.2727667e-06,2.6463138e-05,4.3584973e-06,-0.00032560175
2.4,48,8.363402,0.0,0.0,0.998728,-8.568718e-05,-8.535397e-05,0.0,0.0,0.0,0.0006299,1.9808947e-05,2.0102394e-05,-0.00031346286,3.6885874e-06,-0.00031660256,0.0006299,1.2055518e-05,1.423075e-05,2.7562377e-05,-0.00031346286,3.1536124e-06,2.5974039e-05,4.2235624e-06,-0.00031660256
2.4,48,8.403351,0.0,0.0,0.9987525,-8.459111e-05,-8.426906e-05,0.0,0.0,0.0,0.00061267597,1.9514006e-05,1.9753978e-05,-0.00030492435,3.5661787e-06,-0.00030791355,0.00061267597,1.19929155e-05,1.4011571e-05,2.7035094e-05,-0.00030492435,3.038866e-06,2.5496385e-05,4.0934915e-06,-0.00030791355
2.4,48,8.443298,0.0,0.0,0.9987763,-8.3525985e-05,-8.3247185e-05,0.0,0.0,0.0,0.0005960351,1.9218889e-05,1.9411367e-05,-0.00029666894,3.4479147e-06,-0.00029952356,0.0005960351,1.19192555e-05,1.3794666e-05,2.6518523e-05,-0.00029666894,2.928255e-06,2.502807e-05,3.9675742e-06,-0.00029952356
2.4,48,8.483247,0.0,0.0,0.9987996,-8.247669e-05,-8.223718e-05,0.0,0.0,0.0,0.0005799649,1.8924515e-05,1.907579e-05,-0.00028869414,3.3339388e-06,-0.00029141232,0.0005799649,1.1836852e-05,1.3579742e-05,2.601218e-05,-0.00028869414,2.8218278e-06,2.4571837e-05,3.84605e-06,-0.00029141232
2.4,48,8.523196,0.0,0.0,0.9988222,-8.1456696e-05,-8.124845e-05,0.0,0.0,0.0,0.00056442805,1.8630137e-05,1.8746312e-05,-0.00028098264,3.2240564e-06,-0.00028357664,0.00056442805,1.1745413e-05,1.3367285e-05,2.5514863e-05,-0.00028098264,2.7192596e-06,2.412534e-05,3.7288532e-06,-0.00028357664
2.4,48,8.563145,0.0,0.0,0.99884427,-8.04569e-05,-8.026258e-05,0.0,0.0,0.0,0.0005494338,1.8337849e-05,1.84235e-05,-0.00027353445,3.118083e-06,-0.00027599916,0.0005494338,1.164724e-05,1.31575725e-05,2.5028457e-05,-0.00027353445,2.6204655e-06,2.3689425e-05,3.6157003e-06,-0.00027599916
2.4,48,8.603092,0.0,0.0,0.99886626,-7.949508e-05,-7.897151e-05,0.0,0.0,0.0,0.0005349059,1.8047638e-05,1.8106279e-05,-0.00026632397,3.0159754e-06,-0.00026868825,0.0005349059,1.1542351e-05,1.2949552e-05,2.4552925e-05,-0.00026632397,2.5254126e-06,2.3263005e-05,3.506538e-06,-0.00026868825
2.4,48,8.643041,0.0,0.0,0.9988876,-7.848509e-05,-7.7869234e-05,0.0,0.0,0.0,0.0005208668,1.7760058e-05,1.7796128e-05,-0.0002593601,2.917649e-06,-0.00026160962,0.0005208668,1.1432373e-05,1.2745392e-05,2.4087743e-05,-0.0002593601,2.4341687e-06,2.2846865e-05,3.4011296e-06,-0.00026160962
2.4,48,8.68299,0.0,0.0,0.99890906,-7.750051e-05,-7.660598e-05,0.0,0.0,0.0,0.00050727127,1.7474273e-05,1.7491124e-05,-0.00025262494,2.8228596e-06,-0.00025476352,0.00050727127,1.1317254e-05,1.2543217e-05,2.3631292e-05,-0.00025262494,2.34629e-06,2.243903e-05,3.2994292e-06,-0.00025476352
2.4,48,8.722939,0.0,0.0,0.99892884,-7.654268e-05,-7.546592e-05,0.0,0.0,0.0,0.0004941284,1.719135e-05,1.7192784e-05,-0.00024609372,2.7316476e-06,-0.00024813766,0.0004941284,1.1198049e-05,1.2344527e-05,2.3184653e-05,-0.00024609372,2.2618806e-06,2.204104e-05,3.2014145e-06,-0.00024813766
2.4,48,8.762886,0.0,0.0,0.998948,-7.498266e-05,-7.408024e-05,0.0,0.0,0.0,0.00048143225,1.6912687e-05,1.6900814e-05,-0.0002397686,2.643757e-06,-0.00024172789,0.00048143225,1.1075074e-05,1.2148284e-05,2.2750299e-05,-0.0002397686,2.18057e-06,2.1653344e-05,3.1069437e-06,-0.00024172789
2.4,48,8.8028345,0.0,0.0,0.99896693,-7.407184e-05,-7.323037e-05,0.0,0.0,0.0,0.00046916818,1.663669e-05,1.661354e-05,-0.00023368826,2.5591312e-06,-0.00023554225,0.00046916818,1.0949704e-05,1.1955019e-05,2.2323675e-05,-0.00023368826,2.1025307e-06,2.127206e-05,3.0157319e-06,-0.00023554225
2.4,48,8.842784,0.0,0.0,0.9989853,-7.282504e-05,-7.213375e-05,0.0,0.0,0.0,0.00045731958,1.6364556e-05,1.6332859e-05,-0.00022780085,2.477617e-06,-0.0002295751,0.00045731958,1.0821616e-05,1.1764584e-05,2.1907495e-05,-0.00022780085,2.0274654e-06,2.0901134e-05,2.9277687e-06,-0.0002295751
2.4,48,8.882732,0.0,0.0,0.9990031,-7.202995e-05,-7.128534e-05,0.0,0.0,0.0,0.00044585,1.6096757e-05,1.6057455e-05,-0.00022210312,2.3990433e-06,-0.00022379227,0.00044585,1.0692007e-05,1.1577557e-05,2.1501506e-05,-0.00022210312,1.9552704e-06,2.0537353e-05,2.8428162e-06,-0.00022379227
2.4,48,8.92268,0.0,0.0,0.9990204,-7.1136776e-05,-7.05258e-05,0.0,0.0,0.0,0.00043475002,1.583225e-05,1.5788075e-05,-0.00021659605,2.3234543e-06,-0.00021820675,0.00043475002,1.0560476e-05,1.1393306e-05,2.1104022e-05,-0.00021659605,1.8858403e-06,2.0182846e-05,2.7610681e-06,-0.00021820675
2.4,48,8.962628,0.0,0.0,0.999037,-7.037856e-05,-7.010943e-05,0.0,0.0,0.0,0.00042400646,1.5572195e-05,1.552351e-05,-0.00021126546,2.250676e-06,-0.0002127992,0.00042400646,1.0427953e-05,1.1212404e-05,2.0716438e-05,-0.00021126546,1.8192503e-06,1.9834617e-05,2.682102e-06,-0.0002127992
2.4,48,9.002578,0.0,0.0,0.99905324,-6.9627255e-05,-6.937992e-05,0.0,0.0,0.0,0.00041361182,1.5316638e-05,1.5264763e-05,-0.00020610109,2.1806113e-06,-0.0002075713,0.00041361182,1.0295305e-05,1.1033512e-05,2.0337971e-05,-0.00020610109,1.7552067e-06,1.9496014e-05,2.6060159e-06,-0.0002075713
2.4,48,9.042526,0.0,0.0,0.9990693,-6.907597e-05,-6.854729e-05,0.0,0.0,0.0,0.0004035415,1.506459e-05,1.5011352e-05,-0.00020109981,2.1129977e-06,-0.00020250317,0.0004035415,1.0161514e-05,1.08583445e-05,1.9967667e-05,-0.00020109981,1.6936294e-06,1.916436e-05,2.5323661e-06,-0.00020250317
2.4,48,9.082474,0.0,0.0,0.999085,-6.829854e-05,-6.7799025e-05,0.0,0.0,0.0,0.00039380262,1.4817162e-05,1.4762962e-05,-0.00019625877,2.0479333e-06,-0.00019760297,0.00039380262,1.00279485e-05,1.0686182e-05,1.9606376e-05,-0.00019625877,1.6343608e-06,1.8839743e-05,2.4615058e-06,-0.00019760297
2.4,48,9.122422,0.0,0.0,0.9991004,-6.753727e-05,-6.706987e-05,0.0,0.0,0.0,0.000384356,1.4574025e-05,1.4519623e-05,-0.00019156878,1.9852696e-06,-0.0001928461,0.000384356,9.894274e-06,1.0516718e-05,1.9253777e-05,-0.00019156878,1.5773913e-06,1.8522527e-05,2.393148e-06,-0.0001928461
2.4,48,9.162372,0.0,0.0,0.9991153,-6.6791246e-05,-6.635286e-05,0.0,0.0,0.0,0.00037520978,1.4335476e-05,1.4281399e-05,-0.00018702594,1.924879e-06,-0.00018825066,0.00037520978,9.760963e-06,1.0350484e-05,1.890999e-05,-0.00018702594,1.5226798e-06,1.8212313e-05,2.327078e-06,-0.00018825066
2.4,48,9.20232,0.0,0.0,0.99912995,-6.6050474e-05,-6.5636785e-05,0.0,0.0,0.0,0.00036634947,1.4100966e-05,1.4048332e-05,-0.00018262277,1.8666767e-06,-0.0001837946,0.00036634947,9.628413e-06,1.0186851e-05,1.8573519e-05,-0.00018262277,1.4700606e-06,1.7909813e-05,2.2632928e-06,-0.0001837946
2.4,48,9.242268,0.0,0.0,0.9991442,-6.532724e-05,-6.497186e-05,0.0,0.0,0.0,0.00035776448,1.387095e-05,1.3819731e-05,-0.00017836057,1.810636e-06,-0.00017948031,0.00035776448,9.496325e-06,1.0026455e-05,1.8245575e-05,-0.00017836057,1.4194577e-06,1.7613007e-05,2.2018144e-06,-0.00017948031
2.4,48,9.282216,0.0,0.0,0.99915814,-6.461335e-05,-6.429019e-05,0.0,0.0,0.0,0.00034944984,1.3645074e-05,1.3595798e-05,-0.0001742213,1.7566035e-06,-0.00017529503,0.00034944984,9.365128e-06,9.868893e-06,1.7925022e-05,-0.0001742213,1.3707901e-06,1.7322704e-05,2.142417e-06,-0.00017529503
2.4,48,9.3221655,0.0,0.0,0.99917173,-6.3911284e-05,-6.360371e-05,0.0,0.0,0.0,0.00034136418,1.3423032e-05,1.3376615e-05,-0.00017021448,1.7044745e-06,-0.00017123432,0.00034136418,9.23447e-06,9.71423e-06,1.7611594e-05,-0.00017021448,1.324004e-06,1.7039e-05,2.084945e-06,-0.00017123432
2.4,48,9.362114,0.0,0.0,0.9991851,-6.322579e-05,-6.2938576e-05,0.0,0.0,0.0,0.00033354425,1.320587e-05,1.31616835e-05,-0.0001663271,1.6542442e-06,-0.00016730285,0.00033354425,9.1058e-06,9.5616415e-06,1.7305942e-05,-0.0001663271,1.2789812e-06,1.6761725e-05,2.0295072e-06,-0.00016730285
2.4,48,9.402061,0.0,0.0,0.99919844,-6.227279e-05,-6.2222985e-05,0.0,0.0,0.0,0.00032594678,1.2992794e-05,1.2951039e-05,-0.0001625551,1.6058063e-06,-0.00016349221,0.00032594678,8.977703e-06,9.412676e-06,1.7007884e-05,-0.0001625551,1.2357224e-06,1.64894e-05,1.9758902e-06,-0.00016349221
2.4,48,9.44201,0.0,0.0,0.99921185,-6.173343e-05,-6.1584054e-05,0.0,0.0,0.0,0.00031858555,1.278361e-05,1.2745035e-05,-0.00015889146,1.559089e-06,-0.00015978827,0.00031858555,8.851056e-06,9.266322e-06,1.6716165e-05,-0.00015889146,1.1940434e-06,1.6223748e-05,1.9241345e-06,-0.00015978827
2.4,48,9.481959,0.0,0.0,0.99922425,-6.108843e-05,-6.095087e-05,0.0,0.0,0.0,0.00031144274,1.2578916e-05,1.2543552e-05,-0.00015533906,1.5139773e-06,-0.00015619394,0.00031144274,8.72591e-06,9.122825e-06,1.643192e-05,-0.00015533906,1.1539245e-06,1.5964279e-05,1.8740301e-06,-0.00015619394
2.4,48,9.521908,0.0,0.0,0.9992367,-6.0750637e-05,-6.0378425e-05,0.0,0.0,0.0,0.0003045152,1.2377745e-05,1.2345743e-05,-0.00015189343,1.470523e-06,-0.00015271292,0.0003045152,8.602057e-06,8.981505e-06,1.6153434e-05,-0.00015189343,1.1153439e-06,1.570998e-05,1.825702e-06,-0.00015271292
2.4,48,9.561855,0.0,0.0,0.9992486,-6.0122307e-05,-5.97597e-05,0.0,0.0,0.0,0.0002977853,1.2181212e-05,1.2152146e-05,-0.00014854643,1.4285408e-06,-0.0001493322,0.0002977853,8.479576e-06,8.843125e-06,1.5882848e-05,-0.00014854643,1.0781629e-06,1.5461166e-05,1.7789187e-06,-0.0001493322
2.4,48,9.601804,0.0,0.0,0.99926,-5.9417624e-05,-5.8709884e-05,0.0,0.0,0.0,0.00029125178,1.1988064e-05,1.1962231e-05,-0.00014529382,1.388042e-06,-0.00014604587,0.00029125178,8.358839e-06,8.707366e-06,1.561729e-05,-0.00014529382,1.0424106e-06,1.5217096e-05,1.7336735e-06,-0.00014604587
2.4,48,9.641753,0.0,0.0,0.9992711,-5.902652e-05,-5.766202e-05,0.0,0.0,0.0,0.00028490077,1.1799021e-05,1.1775786e-05,-0.0001421327,1.3489348e-06,-0.00014285621,0.00028490077,8.2395545e-06,8.573674e-06,1.5358488e-05,-0.0001421327,1.0079386e-06,1.49779e-05,1.689931e-06,-0.00014285621
2.4,48,9.681702,0.0,0.0,0.9992823,-5.842135e-05,-5.7078203e-05,0.0,0.0,0.0,0.00027873792,1.1613423e-05,1.1594373e-05,-0.00013906698,1.3111892e-06,-0.00013976215,0.00027873792,8.121965e-06,8.44319e-06,1.5104882e-05,-0.00013906698,9.747757e-07,1.4745555e-05,1.6476025e-06,-0.00013976215
2.4,48,9.721649,0.0,0.0,0.9992932,-5.7828696e-05,-5.652326e-05,0.0,0.0,0.0,0.00027274768,1.1431799e-05,1.1415379e-05,-0.00013608822,1.2747414e-06,-0.00013675341,0.00027274768,8.006028e-06,8.314494e-06,1.485757e-05,-0.00013608822,9.4284053e-07,1.4516264e-05,1.6066423e-06,-0.00013675341
2.4,48,9.761598,0.0,0.0,0.9993037,-5.7311634e-05,-5.6576406e-05,0.0,0.0,0.0,0.00026693667,1.1253729e-05,1.1240327e-05,-0.00013319324,1.2395197e-06,-0.00013382766,0.00026693667,7.891507e-06,8.188473e-06,1.4615951e-05,-0.00013319324,9.1203816e-07,1.4292181e-05,1.5670014e-06,-0.00013382766
2.4,48,9.801547,0.0,0.0,0.9993139,-5.6912682e-05,-5.661465e-05,0.0,0.0,0.0,0.000261282,1.1079323e-05,1.1069287e-05,-0.00013037835,1.2054966e-06,-0.00013098515,0.000261282,7.779144e-06,8.065078e-06,1.4379502e-05,-0.00013037835,8.82398e-07,1.40734965e-05,1.5285952e-06,-0.00013098515
2.4,48,9.841495,0.0,0.0,0.99932414,-5.635868e-05,-5.6011588e-05,0.0,0.0,0.0,0.00025578096,1.09081975e-05,1.0901317e-05,-0.0001276379,1.1726286e-06,-0.00012822503,0.00025578096,7.6680835e-06,7.943772e-06,1.4148311e-05,-0.0001276379,8.53796e-07,1.3858862e-05,1.491461e-06,-0.00012822503
2.4,48,9.881443,0.0,0.0,0.9993341,-5.5796387e-05,-5.546723e-05,0.0,0.0,0.0,0.00025045197,1.0740794e-05,1.07363385e-05,-0.00012497565,1.1408777e-06,-0.00012554569,0.00025045197,7.558898e-06,7.82489e-06,1.392269e-05,-0.00012497565,8.262976e-07,1.3647787e-05,1.4554578e-06,-0.00012554569
2.4,48,9.9213915,0.0,0.0,0.99934393,-5.5237757e-05,-5.493648e-05,0.0,0.0,0.0,0.00024524608,1.0576539e-05,1.0575223e-05,-0.0001223887,1.1101747e-06,-0.00012292572,0.00024524608,7.4512245e-06,7.708044e-06,1.3701854e-05,-0.0001223887,7.996983e-07,1.3442403e-05,1.4206511e-06,-0.00012292572
2.4,48,9.961341,0.0,0.0,0.99935347,-5.4687665e-05,-5.4395958e-05,0.0,0.0,0.0,0.0002401945,1.0415455e-05,1.0417034e-05,-0.00011985799,1.0804782e-06,-0.00012038102,0.0002401945,7.34516e-06,7.593473e-06,1.3485751e-05,-0.00011985799,7.741091e-07,1.3240595e-05,1.3868473e-06,-0.00012038102
2.4,48,10.001288,0.0,0.0,0.99936295,-5.4128046e-05,-5.378572e-05,0.0,0.0,0.0,0.00023528302,1.0257705e-05,1.0262155e-05,-0.00011740286,1.0517796e-06,-0.00011790519,0.00023528302,7.2408707e-06,7.4812583e-06,1.327454e-05,-0.00011740286,7.4942346e-07,1.3043052e-05,1.3541357e-06,-0.00011790519
2.4,48,10.041237,0.0,0.0,0.9993722,-5.3659296e-05,-5.315752e-05,0.0,0.0,0.0,0.00023050018,1.0103266e-05,1.0110103e-05,-0.00011501899,1.0239959e-06,-0.00011550153,0.00023050018,7.138659e-06,7.3707624e-06,1.3067873e-05,-0.00011501899,7.2558373e-07,1.2849444e-05,1.322408e-06,-0.00011550153
2.4,48,10.081185,0.0,0.0,0.9993812,-5.3140648e-05,-5.2654574e-05,0.0,0.0,0.0,0.00022583803,9.951663e-06,9.961191e-06,-0.0001127013,9.971225e-07,-0.0001131617,0.00022583803,7.0373962e-06,7.2625544e-06,1.2865929e-05,-0.0001127013,7.026065e-07,1.2659827e-05,1.2916385e-06,-0.0001131617
2.4,48,10.121135,0.0,0.0,0.9993901,-5.2659314e-05,-5.240366e-05,0.0,0.0,0.0,0.00022130362,9.803425e-06,9.815001e-06,-0.00011044321,9.71129e-07,-0.000110886685,0.00022130362,6.938288e-06,7.1562717e-06,1.2668563e-05,-0.00011044321,6.8045404e-07,1.247373e-05,1.261804e-06,-0.000110886685
2.4,48,10.161082,0.0,0.0,0.9993987,-5.2152183e-05,-5.1906496e-05,0.0,0.0,0.0,0.00021689021,9.657772e-06,9.671986e-06,-0.000108243155,9.460271e-07,-0.00010867114,0.00021689021,6.8405498e-06,7.052401e-06,1.2474995e-05,-0.000108243155,6.5912025e-07,1.2291571e-05,1.232934e-06,-0.00010867114
2.4,48,10.201031,0.0,0.0,0.9994072,-5.165818e-05,-5.1424042e-05,0.0,0.0,0.0,0.00021258734,9.515132e-06,9.531528e-06,-0.0001061034,9.216304e-07,-0.000106513326,0.00021258734,6.7444194e-06,6.950105e-06,1.2285845e-05,-0.0001061034,6.3844175e-07,1.2112951e-05,1.204819e-06,-0.000106513326
2.4,48,10.240979,0.0,0.0,0.99941546,-5.1168547e-05,-5.0942454e-05,0.0,0.0,0.0,0.00020840431,9.375327e-06,9.393602e-06,-0.000104017236,8.980827e-07,-0.00010441522,0.00020840431,6.650219e-06,6.849646e-06,1.2100435e-05,-0.000104017236,6.185475e-07,1.1937559e-05,1.177618e-06,-0.00010441522
2.4,48,10.280929,0.0,0.0,0.9994236,-5.0696985e-05,-5.0478367e-05,0.0,0.0,0.0,0.0002043245,9.238362e-06,9.258647e-06,-0.00010198408,8.7524813e-07,-0.00010236568,0.0002043245,6.5573126e-06,6.751119e-06,1.1919411e-05,-0.00010198408,5.992726e-07,1.1766174e-05,1.1512236e-06,-0.00010236568
2.4,48,10.320876,0.0,0.0,0.99943155,-5.0209168e-05,-5.001491e-05,0.0,0.0,0.0,0.00020035086,9.103778e-06,9.125824e-06,-0.000100005425,8.531176e-07,-0.000100374404,0.00020035086,6.465916e-06,6.6543334e-06,1.1741641e-05,-0.000100005425,5.807136e-07,1.1597314e-05,1.1255216e-06,-0.000100374404
2.4,48,10.360825,0.0,0.0,0.9994394,-4.974462e-05,-4.9563714e-05,0.0,0.0,0.0,0.00019647843,8.971978e-06,8.996135e-06,-9.807709e-05,8.317094e-07,-9.843143e-05,0.00019647843,6.3761313e-06,6.5595564e-06,1.1567825e-05,-9.807709e-05,5.627564e-07,1.1432714e-05,1.1006624e-06,-9.843143e-05
2.4,48,10.400773,0.0,0.0,0.99944705,-4.9290156e-05,-4.9114096e-05,0.0,0.0,0.0,0.00019270564,8.8427905e-06,8.868703e-06,-9.6196745e-05,8.1097255e-07,-9.6539705e-05,0.00019270564,6.2879085e-06,6.4664423e-06,1.1397673e-05,-9.6196745e-05,5.4545757e-07,1.1270963e-05,1.0764875e-06,-9.6539705e-05
2.4,48,10.440722,0.0,0.0,0.99945456,-4.884758e-05,-4.8666254e-05,0.0,0.0,0.0,0.00018902871,8.71611e-06,8.7435055e-06,-9.436429e-05,7.9086163e-07,-9.4693016e-05,0.00018902871,6.201192e-06,6.3748666e-06,1.1231028e-05,-9.436429e-05,5.287295e-07,1.1112144e-05,1.0529938e-06,-9.4693016e-05
2.4,48,10.48067,0.0,0.0,0.99946195,-4.840305e-05,-4.82275e-05,0.0,0.0,0.0,0.0001854416,8.591628e-06,8.620763e-06,-9.2577575e-05,7.713794e-07,-9.289539e-05,0.0001854416,6.115701e-06,6.2851695e-06,1.1067555e-05,-9.2577575e-05,5.125312e-07,1.0956356e-05,1.0302276e-06,-9.289539e-05
2.4,48,10.520618,0.0,0.0,0.9994692,-4.7961465e-05,-4.7792037e-05,0.0,0.0,0.0,0.00018194778,8.470121e-06,8.500509e-06,-9.083589e-05,7.52476e-07,-9.114134e-05,0.00018194778,6.0320085e-06,6.197004e-06,1.0908235e-05,-9.083589e-05,4.9689913e-07,1.0804014e-05,1.0080529e-06,-9.114134e-05
2.4,48,10.560567,0.0,0.0,0.9994764,-4.7532998e-05,-4.7368347e-05,0.0,0.0,0.0,0.00017853787,8.350455e-06,8.382259e-06,-8.913672e-05,7.3417465e-07,-8.943419e-05,0.00017853787,5.9495287e-06,6.110441e-06,1.07513815e-05,-8.913672e-05,4.818022e-07,1.06540765e-05,9.865471e-07,-8.943419e-05
2.4,48,10.600516,0.0,0.0,0.99948335,-4.7103396e-05,-4.694506e-05,0.0,0.0,0.0,0.00017521065,8.233143e-06,8.26646e-06,-8.747934e-05,7.164013e-07,-8.776454e-05,0.00017521065,5.868384e-06,6.025541e-06,1.0597901e-05,-8.747934e-05,4.671936e-07,1.050738e-05,9.65609e-07,-8.776454e-05
2.4,48,10.640464,0.0,0.0,0.9994902,-4.66862e-05,-4.652787e-05,0.0,0.0,0.0,0.0001719653,8.118034e-06,8.152517e-06,-8.586021e-05,6.991688e-07,-8.6136984e-05,0.0001719653,5.788905e-06,5.942284e-06,1.0447163e-05,-8.586021e-05,4.530702e-07,1.036275e-05,9.4526746e-07,-8.6136984e-05
2.4,48,10.680412,0.0,0.0,0.99949676,-4.585442e-05,-4.5971658e-05,0.0,0.0,0.0,0.00016880113,8.005412e-06,8.040958e-06,-8.428452e-05,6.824495e-07,-8.455019e-05,0.00016880113,5.710835e-06,5.8604824e-06,1.029999e-05,-8.428452e-05,4.394018e-07,1.0221434e-05,9.2549726e-07,-8.455019e-05
2.4,48,10.720361,0.0,0.0,0.9995034,-4.5449207e-05,-4.5563094e-05,0.0,0.0,0.0,0.00016571197,7.894802e-06,7.931199e-06,-8.274395e-05,6.662276e-07,-8.299954e-05,0.00016571197,5.633687e-06,5.7799552e-06,1.0155918e-05,-8.274395e-05,4.26201e-07,1.0082444e-05,9.0625423e-07,-8.299954e-05
2.4,48,10.76031,0.0,0.0,0.9995095,-4.521118e-05,-4.538921e-05,0.0,0.0,0.0,0.00016269677,7.785947e-06,7.823553e-06,-8.124273e-05,6.5049875e-07,-8.148676e-05,0.00016269677,5.558115e-06,5.7009997e-06,1.0013779e-05,-8.124273e-05,4.134209e-07,9.946106e-06,8.8757656e-07,-8.148676e-05
2.4,48,10.800258,0.0,0.0,0.99951583,-4.4813052e-05,-4.4990134e-05,0.0,0.0,0.0,0.00015975178,7.6796005e-06,7.718067e-06,-7.977186e-05,6.3522253e-07,-8.001096e-05,0.00015975178,5.484096e-06,5.6235763e-06,9.875105e-06,-7.977186e-05,4.0107116e-07,9.812557e-06,8.6937393e-07,-8.001096e-05
2.4,48,10.840206,0.0,0.0,0.99952185,-4.490092e-05,-4.4862503e-05,0.0,0.0,0.0,0.00015688008,7.5749704e-06,7.614166e-06,-7.833915e-05,6.203712e-07,-7.8570934e-05,0.00015688008,5.411043e-06,5.547377e-06,9.7388975e-06,-7.833915e-05,3.8910386e-07,9.680955e-06,8.5163856e-07,-7.8570934e-05
2.4,48,10.880155,0.0,0.0,0.99952805,-4.451101e-05,-4.4474582e-05,0.0,0.0,0.0,0.00015407216,7.4724126e-06,7.512358e-06,-7.6942095e-05,6.059837e-07,-7.7162884e-05,0.00015407216,5.339338e-06,5.47271e-06,9.605487e-06,-7.6942095e-05,3.7752824e-07,9.552005e-06,8.344392e-07,-7.7162884e-05
2.4,48,10.920103,0.0,0.0,0.9995341,-4.4129152e-05,-4.4103956e-05,0.0,0.0,0.0,0.00015133087,7.3715564e-06,7.4122263e-06,-7.557337e-05,5.920011e-07,-7.578757e-05,0.00015133087,5.268604e-06,5.3990884e-06,9.474508e-06,-7.557337e-05,3.6634358e-07,9.425364e-06,8.1765853e-07,-7.578757e-05
2.4,48,10.960052,0.0,0.0,0.9995403,-4.375262e-05,-4.340253e-05,0.0,0.0,0.0,0.00014865764,7.272637e-06,7.313967e-06,-7.423645e-05,5.7839577e-07,-7.444572e-05,0.00014865764,5.1991456e-06,5.3268423e-06,9.3461285e-06,-7.423645e-05,3.5547927e-07,9.301092e-06,8.013123e-07,-7.444572e-05
2.4,48,11.0,0.0,0.0,0.9995467,-4.3257434e-05,-4.3187843e-05,0.0,0.0,0.0,0.00014604231,7.1755403e-06,7.2175744e-06,-7.293441e-05,5.652131e-07,-7.3135576e-05,0.00014604231,5.130885e-06,5.255779e-06,9.220196e-06,-7.293441e-05,3.4498586e-07,9.17937e-06,7.854403e-07,-7.3135576e-05
