time,step,accepted_time_step_size,patch,pressure_force_x,pressure_force_y,pressure_force_z,viscous_force_x,viscous_force_y,viscous_force_z,total_force_x,total_force_y,total_force_z,moment_x,moment_y,moment_z,drag_coefficient,lift_coefficient,side_force_coefficient,pitching_moment_coefficient
0.0,0,0.01,cube,0.0,0.0,0.0,0.12077568592526354,-1.1182763681019211e-06,-7.877270736892423e-07,0.12077568592526354,-1.1182763681019211e-06,-7.877270736892423e-07,-2.568341779022928e-09,-3.1317639073331904e-06,1.151592650744035e-05,0.24155137185052708,-2.2365527362038423e-06,-1.5754541473784846e-06,2.30318530148807e-05
0.05,4,0.006320000000000006,cube,0.4521596547347062,-0.0011046521466198667,-0.0008457500510582749,0.4256367136103134,-6.000508495652805e-05,-2.901870096750931e-05,0.8777963683450196,-0.0011646572315763826,-0.000874768752025773,-9.237788088118101e-05,-0.00042244518568002043,0.0007263265999233603,1.7555927366900392,-0.002329314463152765,-0.001749537504051546,0.0014526531998467207
0.1,9,0.009289087999999973,cube,0.9432023164912151,0.00034816814888402603,-0.0008840462247131642,0.3860814650193913,-5.8015439213999175e-05,-2.6363829972233035e-05,1.3292837815106062,0.0002901527096700329,-0.0009104100546854232,0.00011280028819411091,-0.0003202184614853887,0.00026848519844327456,2.6585675630212124,0.0005803054193400659,-0.0018208201093708465,0.0005369703968865491
0.15000000000000002,13,0.009425263616000129,cube,0.9558523876121401,-0.00037692551837764654,-0.0003174519030233469,0.35625270413746446,-5.366172695289457e-05,-2.589609055551976e-05,1.3121050917496044,-0.0004305872453305437,-0.00034334799357885193,0.00011465093040728303,-0.00020247815324887786,0.00034672026556405167,2.624210183499209,-0.0008611744906610874,-0.0006866959871577039,0.0006934405311281033
0.2,17,0.008830448525311424,cube,0.9486921791634804,-0.0002219021092426665,-0.00045118927429271816,0.3315501698226566,-4.8677247304284264e-05,-2.5379788012756463e-05,1.280242348986137,-0.00027057935654695164,-0.0004765690623054486,9.530336529245047e-05,-0.00022441036480747023,0.0003672859971538961,2.560484697972274,-0.0005411587130939033,-0.0009531381246108972,0.0007345719943077922
0.25,21,0.011428600841439707,cube,0.8963947060110173,-0.0004099508559229359,-0.000506988862712443,0.3104108489477504,-4.4245710864415123e-05,-2.1766848727399445e-05,1.2068055549587677,-0.0004541965667873571,-0.0005287557114398433,8.252102918392324e-05,-0.0001951387199359833,0.0003198537317606609,2.4136111099175355,-0.0009083931335747142,-0.0010575114228796867,0.0006397074635213218
0.30000000000000004,25,7.987152459143498e-05,cube,17.022580938530904,-0.016397594592289177,-0.04858762605131384,0.2907220390247549,-3.971920694013399e-05,-1.7691197896063486e-05,17.31330297755566,-0.016437313799229525,-0.0486053172492098,-0.0010835206711264638,-0.017131595861004545,0.01850945643285229,34.62660595511132,-0.03287462759845905,-0.0972106344984196,0.03701891286570458
0.35000000000000003,51,0.0047625815658488,cube,0.8522101082954756,-0.000348378131499294,-0.0005894126432585967,0.2708413465662388,-3.730810801660586e-05,-8.349864243387302e-06,1.1230514548617143,-0.00038568623951587555,-0.0005977625075019866,0.00010626405282028692,-0.00021512398536691069,0.00028279318181685664,2.2461029097234286,-0.0007713724790317511,-0.0011955250150039731,0.0005655863636337133
0.4,57,0.0074705276234954265,cube,0.8401897415837043,-0.0001563182651121986,-0.0004052190249403953,0.25464998263952376,-3.5377266521055724e-05,-5.135784683476911e-06,1.094839724223228,-0.00019169553163325692,-0.00041035480962389737,7.307540037511231e-05,-0.0001791171220558302,0.0002545659391763877,2.189679448446456,-0.00038339106326651384,-0.0008207096192477947,0.0005091318783527754
0.45,62,0.0018778492604918373,cube,1.3368769593640015,-0.0007232409368982395,-0.001289439814620652,0.24033824325258546,-3.427535665930653e-05,-2.3545724516038993e-06,1.5772152026165869,-0.0007575162935575253,-0.0012917943870722481,0.0002336010267372413,-0.0005762711014285493,0.0007103983174373829,3.1544304052331738,-0.0015150325871150505,-0.0025835887741444963,0.0014207966348747658
0.5,72,0.003131357253129907,cube,0.9544019477841768,-0.0005772512220465487,-0.001000481633284117,0.22760695996965566,-3.397957255182882e-05,1.6794698758388488e-06,1.1820089077538325,-0.0006112307945983775,-0.00099880216340828,0.00013652366640144525,-0.00036107452448090605,0.00040769436842000295,2.364017815507665,-0.001222461589196755,-0.00199760432681656,0.0008153887368400059
0.55,80,0.0014668283946446259,cube,1.2556941093012177,-0.0012728338763541291,-0.0011474309978545816,0.21488937651645942,-3.319252568573412e-05,3.2339413953315355e-06,1.4705834858176774,-0.0013060264020398615,-0.0011441970564592674,0.00040143061574921955,-0.0006145680345789606,0.000920849875679336,2.941166971635355,-0.002612052804079723,-0.002288394112918535,0.001841699751358672
0.6000000000000001,91,0.004307681588678114,cube,0.8307340226361717,-0.00023596461411287684,-0.000667510624687534,0.20340351025776354,-3.1860672333830845e-05,5.869943850706286e-06,1.0341375328939353,-0.00026782528644672676,-0.0006616406808368225,0.00010024525129364326,-0.00028229949315185243,0.00031187056851429695,2.0682750657878706,-0.0005356505728934535,-0.001323281361673645,0.0006237411370285939
0.65,97,0.011532748027631379,cube,0.7263510873013094,-0.00018010449500058257,-0.0004410441472457727,0.19272678213282643,-3.091060855925365e-05,6.856349820611243e-06,0.9190778694341357,-0.00021101510355983621,-0.00043418779742515623,5.7563151934180234e-05,-0.0001904023432214852,0.0002208839774511112,1.8381557388682714,-0.00042203020711967243,-0.0008683755948503125,0.0004417679549022224
0.7000000000000001,100,0.019553545207053213,cube,0.7044968989586476,-0.0001958817349821118,-0.0003827173143664542,0.18285460311463403,-2.9668019258043132e-05,7.206950199629969e-06,0.8873515020732816,-0.00022554975424013413,-0.00037551036416683115,5.787672935177567e-05,-0.00017881142198235278,0.00019799930081471073,1.7747030041465632,-0.00045109950848026825,-0.0007510207283336623,0.00039599860162942147
0.75,102,0.026535745751536055,cube,0.6921503027565696,-0.00014373332918179993,-0.00030802617606059957,0.17405745104049697,-2.8323247375200422e-05,7.97418369805937e-06,0.8662077537970667,-0.00017205657655700035,-0.0003000519923625211,5.350591432457772e-05,-0.00020129412172859018,0.00018921248329741014,1.7324155075941334,-0.0003441131531140007,-0.0006001039847250422,0.0003784249665948203
0.8,104,0.018476395850868466,cube,0.7150716503381226,-2.7934180409333598e-05,-0.00027509860474650427,0.1658615940918773,-2.7784714462894544e-05,7.530489680648844e-06,0.8809332444299999,-5.571889487224202e-05,-0.00026756811506584155,4.435745383835565e-05,-0.00020792149627951728,0.00021306781750195236,1.7618664888599997,-0.00011143778974448404,-0.0005351362301316831,0.0004261356350039047
0.8500000000000001,107,0.001222314953707393,cube,1.6661178339250386,-0.00287925452713117,-0.004111124095663665,0.15885032245750802,-2.7770824689389573e-05,8.11645740392275e-06,1.8249681563825464,-0.00290702535182058,-0.004103007638259715,-0.00017979731787252744,-0.001452714058017196,0.0014541658288483306,3.649936312765093,-0.00581405070364116,-0.00820601527651943,0.002908331657696661
0.9,119,0.002842475188941984,cube,0.8283912599614444,-0.00021613916112642184,-0.0006223444068973183,0.15270373533926707,-2.7717203888248318e-05,1.2204128502085743e-05,0.9810949953007114,-0.0002438563650146719,-0.0006101402783952325,0.0001209160461707419,-0.0004328219559004004,0.0003747389926841843,1.9621899906014229,-0.0004877127300293438,-0.001220280556790465,0.0007494779853683686
0.9500000000000001,127,0.005944236004692183,cube,0.7026479959373968,-0.0002918905566625385,-0.000400323608453379,0.145617178222604,-2.594818002146955e-05,1.3415092075419466e-05,0.8482651741600008,-0.0003178387366840063,-0.00038690851637795953,0.00011317613847464955,-0.0002484638782960513,0.00023682447826697817,1.6965303483200016,-0.0006356774733680126,-0.0007738170327559191,0.00047364895653395633
1.0,132,0.011709609352174688,cube,0.6475680451896167,-0.00020908126452776066,-0.00035752770340058415,0.13928629376482737,-2.4591727208082836e-05,1.4189321749248293e-05,0.7868543389544441,-0.00023367299173585043,-0.000343338381651348,7.488372629071287e-05,-0.00022366228724336745,0.00017594592612409088,1.5737086779088882,-0.00046734598347170087,-0.000686676763302696,0.00035189185224818176
1.05,135,0.019086631310258673,cube,0.6237729541069141,-0.00018600199017762553,-0.0003590075504024126,0.13355076668776908,-2.2585039030952395e-05,1.4150827077872435e-05,0.7573237207946831,-0.0002085870292085623,-0.00034485672332454365,5.714739991403818e-05,-0.0002088113109763451,0.0001675136554329104,1.5146474415893663,-0.0004171740584171246,-0.0006897134466490873,0.0003350273108658208
1.1,137,0.027096042427689593,cube,0.6092473645224799,-0.00015589798577661518,-0.0003084749263884412,0.12845906634319723,-2.1627455729675976e-05,1.3940365660197046e-05,0.7377064308656771,-0.00017752544150628768,-0.00029453456072825457,5.258659227933406e-05,-0.00019458372438013738,0.000157603016232008,1.4754128617313542,-0.00035505088301257537,-0.0005890691214565091,0.000315206032464016
1.1500000000000001,139,0.017740575218049726,cube,0.6349859092903603,-0.00013842749470710514,-0.0003596094288268459,0.12374587924136268,-2.084679684878979e-05,1.3311965970753264e-05,0.7587317885317231,-0.00015927429155590533,-0.00034629746285610996,7.159744449345921e-05,-0.00023347010335653118,0.00018388306745729943,1.5174635770634461,-0.00031854858311181067,-0.0006925949257122199,0.00036776613491459886
1.2000000000000002,142,0.0031648814243487866,cube,0.9186606251240117,-0.00044946181369684424,-0.0010622940721319307,0.12012936367005664,-2.044067863809715e-05,1.2582609826731345e-05,1.0387899887940684,-0.00046990249233494485,-0.0010497114623052028,0.00018655856082913205,-0.0005965387620754936,0.0005209839444651199,2.0775799775881367,-0.0009398049846698897,-0.0020994229246104057,0.0010419678889302397
1.25,150,0.0009472344220731177,cube,1.2497083066941777,-0.0008407630318296999,-0.001695764676029582,0.11728137273243265,-2.0778573320689477e-05,1.3592487902833357e-05,1.3669896794266103,-0.0008615416051503955,-0.001682172188126746,0.00034418503530028017,-0.0009786863425554904,0.0009826251567829625,2.7339793588532206,-0.001723083210300791,-0.003364344376253492,0.001965250313565925
1.3,163,0.005009583000940232,cube,0.6301288223447749,-0.00036615896527356084,-0.000577600782367238,0.11345406993160377,-2.0387996259411956e-05,1.440208211885008e-05,0.7435828922763785,-0.00038654696153297974,-0.000563198700248374,0.00010259480476738103,-0.00029423889907986833,0.0002299043430302461,1.487165784552757,-0.0007730939230659595,-0.001126397400496748,0.0004598086860604922
1.35,169,0.005264824568243842,cube,0.6537100054786242,-0.00022032133122917852,-0.00046101873214152156,0.10946758794737345,-1.9275549941070134e-05,1.45902595261177e-05,0.7631775934259978,-0.00023959688117025646,-0.00044642847261539,0.0001239613134068739,-0.0002953190239664144,0.00023151325012694957,1.5263551868519956,-0.0004791937623405129,-0.00089285694523078,0.00046302650025389913
1.4000000000000001,175,0.0029855377915479764,cube,0.7593426978932838,-0.0004587001930015655,-0.0008146927076726485,0.10639350013303218,-1.849001730646043e-05,1.4872427424377985e-05,0.8657361980263161,-0.0004771902103080372,-0.0007998202802482757,0.00014848867828805488,-0.0004241374566960332,0.00036560855736539333,1.7314723960526321,-0.0009543804206160744,-0.0015996405604965513,0.0007312171147307867
1.4500000000000002,183,0.0037268965951930966,cube,0.687905865909355,-0.00033081923369526756,-0.0006151915861699053,0.10382338862591511,-1.8327347749112766e-05,1.5134978584461709e-05,0.7917292545352701,-0.0003491465814443595,-0.0006000566075854419,0.00012320614729481878,-0.00035734831238666553,0.00029077432939035586,1.5834585090705402,-0.000698293162888719,-0.0012001132151708838,0.0005815486587807117
1.5,190,0.005590657953752132,cube,0.630521851239003,-0.00025813738586016877,-0.0005235187656899287,0.10113099448200485,-1.7794900705620995e-05,1.5009249933431446e-05,0.7316528457210079,-0.0002759322865658054,-0.0005085095157565112,9.850035619563951e-05,-0.0003000467606115581,0.00022483403293545312,1.4633056914420157,-0.0005518645731316107,-0.0010170190315130223,0.00044966806587090624
1.55,196,7.587172562995015e-05,cube,9.120581673340173,-0.005668155296884914,-0.016215989245665474,0.09857116663076461,-1.7188802419697106e-05,1.4652548726140462e-05,9.219152839970937,-0.005685344099304768,-0.01620133669693935,0.004306712419356801,-0.009405971419123693,0.009497809322005057,18.438305679941873,-0.011370688198609535,-0.0324026733938787,0.018995618644010115
1.6,222,0.007027976901655464,cube,0.551518440960356,-0.000177365727064005,-0.00041843108598271783,0.09632636537697559,-1.618251312514394e-05,1.620752648242435e-05,0.6478448063373314,-0.00019354824018916195,-0.0004022235595003143,7.233888231772089e-05,-0.00023199625137061697,0.0001408664857124528,1.2956896126746629,-0.0003870964803783239,-0.0008044471190006286,0.0002817329714249056
1.6500000000000001,227,0.004728583990296187,cube,0.6483604624370172,-0.00030779587755128124,-0.0005473867130829091,0.09338067293872004,-1.4923378603049105e-05,1.604263934353988e-05,0.7417411353757373,-0.0003227192561543468,-0.0005313440737393926,0.0001419808541038454,-0.0003079325134460881,0.0002380373189082574,1.4834822707514745,-0.0006454385123086936,-0.0010626881474787853,0.0004760746378165148
1.7000000000000002,233,0.007774123253374121,cube,0.5903429725636511,-0.00026422182717134035,-0.0004547111331353326,0.09184466949650366,-1.6026714436895642e-05,1.5316183650117277e-05,0.6821876420601547,-0.0002802485416082412,-0.00043939494948519453,7.863395944122538e-05,-0.00026347247591903405,0.00018488887224395179,1.3643752841203094,-0.0005604970832164824,-0.0008787898989703891,0.00036977774448790357
1.75,237,0.01604262962926173,cube,0.5474692478602721,-0.00017499164144557655,-0.00031009349543839604,0.09002550234853751,-1.588469525190539e-05,1.4077555359279757e-05,0.6374947502088095,-0.00019087633669748194,-0.0002960159400791085,5.733166936959355e-05,-0.00021261131922137994,0.00013778783527908234,1.274989500417619,-0.0003817526733949639,-0.000592031880158217,0.0002755756705581647
1.8,240,0.007647457778749089,cube,0.6225195237048271,-0.00022687174343546945,-0.0005484668131011117,0.08811189275406899,-1.527051610173292e-05,1.3262005263813686e-05,0.710631416458896,-0.00024214225953719803,-0.0005352048078372806,0.0001011237715629689,-0.0003305531053520022,0.0002482449129837111,1.421262832917792,-0.00048428451907439607,-0.0010704096156745613,0.0004964898259674222
1.85,245,0.0007381359724099035,cube,1.5183056066576839,-0.001035148794564067,-0.002576923121281882,0.08727084085811063,-1.5749251835106386e-05,1.1877507090447305e-05,1.6055764475157948,-0.0010508980463991846,-0.002565045614191408,0.0004385963056632288,-0.001341802156258981,0.0012412751465827598,3.2111528950315895,-0.002101796092798369,-0.005130091228382816,0.0024825502931655197
1.9000000000000001,259,0.00704349561821882,cube,0.555603074201234,-0.0002360650146781551,-0.00042254555580281683,0.0862855379394249,-1.656325515563429e-05,1.2324330702762239e-05,0.641888612140659,-0.00025262826983379894,-0.00041022122510006587,7.506746483617903e-05,-0.00026214013755711946,0.00016561857223021392,1.283777224281318,-0.0005052565396675979,-0.0008204424502001317,0.00033123714446042785
1.9500000000000002,264,0.0046286186256818684,cube,0.6317584980225133,-0.00026381175273629265,-0.0006667550656508092,0.08410476279584463,-1.545737675075036e-05,1.1698839295721554e-05,0.7158632608183579,-0.0002792691294870586,-0.0006550562263550885,0.00011116181555138245,-0.00034819325595637773,0.00022812305522140752,1.4317265216367159,-0.0005585382589741172,-0.001310112452710177,0.00045624611044281504
2.0,270,0.008666805962150637,cube,0.5659875464315558,-0.00022553880261769188,-0.0004707479275849191,0.08301719891651176,-1.5813253412595533e-05,1.0999668075105037e-05,0.6490047453480675,-0.000241352056030264,-0.00045974825950981235,6.530511923230933e-05,-0.00027025404943763903,0.00017035434947216405,1.298009490696135,-0.000482704112060528,-0.0009194965190196247,0.0003407086989443281
2.0500000000000003,274,0.012143391557326577,cube,0.5535822035555469,-0.00019748655921938973,-0.0003686331390488351,0.08152138784734891,-1.5364481233346924e-05,1.0242822671311866e-05,0.6351035914028957,-0.0002128510404527384,-0.0003583903163775215,6.29504728555731e-05,-0.00024352941633834502,0.00015844701557258395,1.2702071828057915,-0.0004257020809054768,-0.000716780632755043,0.0003168940311451679
2.1,277,0.01794144628865757,cube,0.5389332827277705,-0.00017447051452199047,-0.0003296487425239747,0.08022220412734177,-1.5055603567953359e-05,9.257132660464573e-06,0.6191554868551122,-0.00018952611808992215,-0.00032039160986349624,5.320617652695224e-05,-0.00022423987926546707,0.00014215471547072284,1.2383109737102245,-0.0003790522361798443,-0.0006407832197269925,0.0002843094309414457
2.15,280,0.002634581797943625,cube,0.8432306474056863,-0.0004491534042551648,-0.0010794438383038563,0.07901907330298234,-1.495322130202082e-05,7.960661324458301e-06,0.9222497207086686,-0.0004641066255571813,-0.0010714831769793876,0.00021963678483529115,-0.0006085263083558667,0.0004398187532104886,1.8444994414173372,-0.0009282132511143626,-0.002142966353958775,0.0008796375064209772
2.2,288,0.009166393301134779,cube,0.5517159467507148,-0.00019961331404141913,-0.0003841929669257671,0.07900267792780767,-1.620830827434548e-05,7.393348582531399e-06,0.6307186246785225,-0.0002158216223157594,-0.0003767996183432487,6.351449603211634e-05,-0.00024458278900949676,0.0001738799334351851,1.261437249357045,-0.0004316432446315188,-0.0007535992366864974,0.0003477598668703702
2.25,292,0.00996119406064322,cube,0.5589494706521765,-0.0002224013795562585,-0.0004008971824068508,0.07732967001313129,-1.5339553524426446e-05,6.992452549623579e-06,0.6362791406653078,-0.00023774093308068234,-0.0003939047298572307,6.941179447267588e-05,-0.00026269561960020477,0.00016835819123550005,1.2725582813306155,-0.0004754818661613647,-0.0007878094597144614,0.0003367163824710001
2.3000000000000003,296,0.006489504343110575,cube,0.6089883576325533,-0.00023205247562640974,-0.0005205314381697135,0.0762523128630968,-1.5372047098433268e-05,5.935830024273586e-06,0.6852406704956502,-0.00024742452272483173,-0.0005145956081454572,8.62151275720326e-05,-0.00031342781246583573,0.00021910127477788033,1.3704813409913004,-0.0004948490454496635,-0.0010291912162909145,0.00043820254955576066
2.35,301,0.008197208823419011,cube,0.574953427737781,-0.0002026548061407618,-0.0004259245196120698,0.07559290011740645,-1.591790692409209e-05,5.078005739303504e-06,0.6505463278551874,-0.00021857271306485737,-0.00042084651387278016,6.647258396897235e-05,-0.0002784636322353193,0.0001891034391565266,1.3010926557103748,-0.00043714542612971474,-0.0008416930277455603,0.0003782068783130532
2.4000000000000004,305,0.014194591859305827,cube,0.5364751792206282,-0.00018776657744820624,-0.00035966302085757573,0.07458013043899592,-1.5935634338695194e-05,4.316909281774743e-06,0.6110553096596241,-0.00020370221178689363,-0.0003553461115757828,5.312552745031669e-05,-0.00023744075774968093,0.00014766479199174176,1.2221106193192481,-0.00040740442357378726,-0.0007106922231515655,0.0002953295839834835
2.45,308,0.012526277491432314,cube,0.552884068223148,-0.00021632099906637725,-0.0004976772380082262,0.07339775832301235,-1.5716799177202534e-05,3.390756066762833e-06,0.6262818265461603,-0.00023203779824357285,-0.0004942864819414694,6.042399118376018e-05,-0.00026561951839281644,0.00016116440136958177,1.2525636530923205,-0.0004640755964871457,-0.0009885729638829388,0.00032232880273916353
2.5,311,0.016930627422618638,cube,0.5378345047018482,-0.00016258455202397548,-0.00034139031887917004,0.07267438309038607,-1.612225515240217e-05,2.0377252264863754e-06,0.6105088877922342,-0.00017870680717635423,-0.0003393525936526698,5.0463458004853926e-05,-0.00023005883429252916,0.00015081774189611846,1.2210177755844684,-0.00035741361435270846,-0.0006787051873053396,0.0003016354837922369
2.5500000000000003,314,0.005303143604287186,cube,0.657502780298143,-0.00029311364764683656,-0.0007512351033285847,0.0718265686559661,-1.6407814007043595e-05,1.2861583150230657e-06,0.7293293489541092,-0.00030952146165388883,-0.0007499489450135399,0.00010643100999210286,-0.00035362547967839053,0.00026072109190436454,1.4586586979082183,-0.0006190429233077777,-0.0014998978900270798,0.0005214421838087291
2.6,320,0.0026433518652035914,cube,0.7411895004802584,-0.0002441381760982797,-0.0007353806532683915,0.07179240462771973,-1.761041820890364e-05,5.818244587178084e-07,0.8129819051079781,-0.0002617485943071929,-0.0007347988288096963,0.00012059508596246041,-0.0004885944285345084,0.00039287424166255247,1.6259638102159562,-0.0005234971886143858,-0.0014695976576193925,0.0007857484833251049
2.6500000000000004,328,0.009030465284971978,cube,0.5367693511570224,-0.00021143241450446992,-0.0004640512583760914,0.07115819097093916,-1.8135857327525665e-05,4.637778145289567e-07,0.6079275421279616,-0.00022956827183198691,-0.0004635874805615503,5.5323289846732185e-05,-0.0002630150762957667,0.00015940800971286917,1.2158550842559233,-0.00045913654366397383,-0.0009271749611231006,0.00031881601942573834
2.7,332,0.01055492763524235,cube,0.5426081386140394,-0.00019971439483948417,-0.0004469484665417245,0.06978436171266694,-1.7603689728173597e-05,2.1611426761006247e-08,0.6123925003267064,-0.00021731808456765256,-0.0004469268551149652,6.308316931159504e-05,-0.00024820046462645934,0.00015237289909415808,1.224785000653413,-0.0004346361691353051,-0.0008938537102299304,0.00030474579818831615
2.75,336,0.0038960760892612356,cube,0.6699131559846772,-0.0002884539455830504,-0.0008910534148595661,0.06897491405062581,-1.778040111904619e-05,-9.109742662091747e-07,0.738888070035303,-0.00030623434670210004,-0.0008919643891257545,0.00011162505844539928,-0.0004105027243985898,0.0002921870649839897,1.477776140070606,-0.0006124686934042001,-0.001783928778251509,0.0005843741299679794
2.8000000000000003,343,0.003574731343667814,cube,0.6479483238580743,-0.0002610032845535015,-0.0006647070393747956,0.068831574844586,-1.8733312416105083e-05,-1.369945146802165e-06,0.7167798987026603,-0.0002797365969695875,-0.0006660769845215908,0.0001003343723552527,-0.000377250557460157,0.0002871480479129246,1.4335597974053207,-0.000559473193939175,-0.0013321539690431816,0.0005742960958258492
2.85,350,0.007403844483063526,cube,0.5522393147675614,-0.0002163951925189811,-0.0004640326087525237,0.06814353625470822,-1.8994405958054975e-05,-1.7297497379043653e-06,0.6203828510222695,-0.0002353895984770482,-0.00046576235849044023,6.608198850527913e-05,-0.00027989875677778,0.00017937909914243766,1.240765702044539,-0.0004707791969540964,-0.0009315247169808805,0.0003587581982848753
2.9000000000000004,355,0.0023073953778989242,cube,0.7506185477421987,-0.0003514147790589506,-0.0012376523919830074,0.06715841129631431,-1.876215906077179e-05,-2.331385170740302e-06,0.8177769590385131,-0.00037017693811972063,-0.001239983777153758,0.00014879934298516398,-0.000544658423197536,0.00038019498510143135,1.6355539180770262,-0.0007403538762394413,-0.002479967554307516,0.0007603899702028627
2.95,364,0.004316105591501529,cube,0.5954813457597887,-0.00027029487695590104,-0.0005690958914914834,0.06694224323708217,-1.958380433134555e-05,-2.561850728799789e-06,0.6624235889968709,-0.00028987868128724226,-0.0005716577422202884,8.772149403165664e-05,-0.0003412177691458837,0.00023684150199723003,1.3248471779937419,-0.0005797573625744845,-0.0011433154844405768,0.00047368300399446006
3.0,370,0.011457522356338679,cube,0.5212231389489316,-0.0001781571516055458,-0.00037301921733035037,0.06611519334335025,-1.953750912865159e-05,-2.972081967598031e-06,0.5873383322922818,-0.0001976946607342156,-0.00037599129929793973,5.558331026239996e-05,-0.00022336774774979473,0.0001418971302169711,1.1746766645845637,-0.0003953893214684312,-0.0007519825985958795,0.0002837942604339422
3.0500000000000003,373,0.01975214097926603,cube,0.5092618535438803,-0.00016482822273031217,-0.00031092897448070644,0.06509434525634857,-1.9126396536450763e-05,-3.6022711108404937e-06,0.5743561988002289,-0.00018395461926676293,-0.0003145312455915539,5.005715129951619e-05,-0.00020752149413622023,0.00012070156086399497,1.1487123976004578,-0.00036790923853352586,-0.0006290624911831078,0.00024140312172798994
3.1,375,0.026297430824880674,cube,0.5109527047728881,-0.00014816303819781274,-0.00031514647717403865,0.06430056731460446,-1.88609988943508e-05,-4.201576683286745e-06,0.5752532720874926,-0.00016702403709215052,-0.00031934805385733234,4.630765951895922e-05,-0.00020205555080567844,0.00011623118074531591,1.150506544174985,-0.00033404807418430105,-0.0006386961077146647,0.00023246236149063182
3.1500000000000004,377,0.018443083010143635,cube,0.5372415306330862,-0.00017776660994722748,-0.0004323778249655241,0.06377981256246054,-1.9101907592501688e-05,-5.299576116130772e-06,0.6010213431955467,-0.00019686851753972223,-0.0004376774010816653,5.053708728924538e-05,-0.000233525242803706,0.0001426306763767718,1.2020426863910934,-0.00039373703507944446,-0.0008753548021633306,0.0002852613527535436
3.2,380,0.0013102608532205018,cube,1.2007363124361392,-0.0008876879122874937,-0.002133423323900152,0.06384659482257402,-1.9658153061130265e-05,-6.865801816736267e-06,1.2645829072587131,-0.000907346065348591,-0.0021402891257168988,0.0003352941965160364,-0.0010043062412991854,0.0008839396734671989,2.5291658145174263,-0.001814692130697182,-0.0042805782514337976,0.0017678793469343979
3.25,391,0.009184826032941018,cube,0.5228288811694678,-0.00019566350504149344,-0.0004081652429299698,0.06447749180726037,-2.1217962100882927e-05,-6.709872931472474e-06,0.5873063729767282,-0.00021688146714235468,-0.00041487511586144055,5.8354148769829576e-05,-0.0002542012148239736,0.00014962931333802054,1.1746127459534563,-0.00043376293428470936,-0.0008297502317228811,0.0002992586266760411
3.3000000000000003,395,0.009880679888113697,cube,0.5357479475489141,-0.00020551357348583266,-0.00041521310925554666,0.06318142314743666,-2.028378590762485e-05,-7.0664481665976e-06,0.5989293706963508,-0.00022579735939345924,-0.00042227955742213386,6.572254926588892e-05,-0.00025077175999117796,0.00015672816126264394,1.1978587413927015,-0.0004515947187869185,-0.0008445591148442677,0.0003134563225252879
3.35,399,0.006841190248719098,cube,0.5817822675703024,-0.00019551012282778557,-0.0005192738181648004,0.06263309262735292,-2.03621376311117e-05,-7.632855148787324e-06,0.6444153601976553,-0.00021587226045888253,-0.000526906673313593,7.221519525274853e-05,-0.00029715515517284713,0.00019988702878646902,1.2888307203953107,-0.00043174452091776505,-0.001053813346627186,0.00039977405757293805
3.4000000000000004,404,0.00593178889385193,cube,0.5910941648098056,-0.00016262637574249172,-0.0005430690468845589,0.06247306496595088,-2.0845208585730524e-05,-8.153825270280392e-06,0.6535672297757564,-0.0001834715843282153,-0.0005512228721548385,7.397209917145282e-05,-0.0003134019597146598,0.00021679801307173535,1.3071344595515129,-0.0003669431686564306,-0.001102445744309677,0.0004335960261434707
3.45,409,0.011789788661363598,cube,0.5277324541614162,-0.00017033150367615213,-0.0003704893157167599,0.06216330519083988,-2.1074579183366464e-05,-8.712394275821322e-06,0.589895759352256,-0.00019140608285952987,-0.0003792017099925882,5.1023052342979874e-05,-0.00024144326815461747,0.0001487410793621774,1.179791518704512,-0.00038281216571905974,-0.0007584034199851764,0.0002974821587243548
3.5,412,0.01887495793399996,cube,0.5119980838781851,-0.00013923598503212675,-0.00034647088806655235,0.061430433577528656,-2.0636672812100396e-05,-8.973172715876984e-06,0.5734285174557137,-0.00015987265784422888,-0.0003554440607824172,4.665132289007304e-05,-0.00021710945976764068,0.00012426762885772713,1.1468570349114273,-0.00031974531568845777,-0.0007108881215648344,0.00024853525771545426
3.5500000000000003,415,0.00017011105424025175,cube,5.2208280210504885,-0.0030933142674736125,-0.012534695629151993,0.06086960536484964,-2.0374779796284055e-05,-9.535661838928032e-06,5.281697626415338,-0.0031136890472699408,-0.012544231290990915,0.0024648443284602238,-0.006176751736436503,0.005048991600879904,10.563395252830675,-0.0062273780945398816,-0.02508846258198183,0.010097983201759808
3.6,437,0.004064789636048616,cube,0.5516148116724315,-0.00020049074489159047,-0.0005449213672431563,0.06123887708086302,-2.1480102947435235e-05,-9.033454106672709e-06,0.6128536887532946,-0.00022197084783900922,-0.0005539548213498169,9.89706527959675e-05,-0.00031545745490864363,0.00017031366549805083,1.2257073775065892,-0.00044394169567801844,-0.0011079096426996338,0.00034062733099610165
3.6500000000000004,444,0.0015643569166496896,cube,0.7813309749024937,-0.0007731976141642782,-0.0015063793937764025,0.06023183612486971,-2.1107515044300855e-05,-9.044611484168574e-06,0.8415628110273635,-0.0007943051292085834,-0.001515424005260585,0.00019748174251393532,-0.0006076534644449266,0.00044635075918832146,1.683125622054727,-0.0015886102584171669,-0.00303084801052117,0.0008927015183766429
3.7,455,0.001269627309178123,cube,0.8110846686892191,-0.0003199612239646876,-0.0012812380259511202,0.06004113007480194,-2.1531782447836538e-05,-8.680529587127249e-06,0.8711257987640211,-0.00034149300641253544,-0.0012899185555382553,0.00018071050274565391,-0.0005906627897119682,0.0004673544488564829,1.7422515975280422,-0.0006829860128250709,-0.0025798371110765106,0.0009347088977129658
3.75,467,0.001017140752662904,cube,0.8772389388487085,-0.0007259911225687699,-0.001417486016067837,0.059589776984230576,-2.1366273335637204e-05,-8.479600386902125e-06,0.936828715832939,-0.0007473573959043966,-0.0014259656164547219,0.00020417557738519493,-0.0007064862501557495,0.0005361214874466252,1.873657431665878,-0.0014947147918087933,-0.0028519312329094437,0.0010722429748932505
3.8000000000000003,480,0.0016892697914347998,cube,0.7031432558716462,-0.0007250528533747913,-0.0013154263387929188,0.059123751555717516,-2.1283705690713743e-05,-8.665243052096393e-06,0.7622670074273636,-0.0007463365590655024,-0.001324091581845016,0.00012871537882775942,-0.0005502139272592355,0.000376185266965659,1.5245340148547273,-0.001492673118131005,-0.002648183163690032,0.000752370533931318
3.85,490,0.007838052274174334,cube,0.5165332651681185,-8.272862212060916e-05,-0.00040230324563253483,0.0586701156321644,-2.1156789949092723e-05,-8.697689260958423e-06,0.575203380800283,-0.00010388541206970969,-0.00041100093489349065,5.5048090832336124e-05,-0.00024222589012150297,0.00012760369304083696,1.150406761600566,-0.00020777082413941939,-0.0008220018697869813,0.0002552073860816739
3.9000000000000004,494,0.015763387666406725,cube,0.502547934964748,-0.00014152059217056867,-0.0003197269531550473,0.05789903145233351,-2.053659343579598e-05,-8.850478515667545e-06,0.5604469664170815,-0.00016205718560635685,-0.0003285774316707235,4.9047468636099714e-05,-0.0002087025288057473,0.00012055031198090344,1.120893932834163,-0.0003241143712127137,-0.000657154863341447,0.00024110062396180687
3.95,497,0.008384656560685766,cube,0.5659641486564717,-0.00011633213276385224,-0.000482949385295639,0.05739770610705165,-2.0402994767168905e-05,-9.395591319558139e-06,0.6233618547635233,-0.00013673512753101247,-0.0004923449766151833,7.496209241480676e-05,-0.00028247793502512303,0.00018428969137236628,1.2467237095270467,-0.00027347025506202494,-0.0009846899532303666,0.00036857938274473256
4.0,501,0.0133758201429246,cube,0.5279313390975117,-0.00020834885201867492,-0.00033594638160661106,0.057668381797228656,-2.1000976353735025e-05,-1.0634768179394044e-05,0.5855997208947403,-0.00022934982837241602,-0.00034658114978600163,4.9227304786598197e-05,-0.00023670744314616826,0.00015272604030837356,1.1711994417894807,-0.00045869965674483204,-0.0006931622995720033,0.0003054520806167471
4.05,504,0.01468783482267888,cube,0.5278634294284074,-0.00021749508769511317,-0.00036612148839834657,0.05738455878119439,-2.0869581553208116e-05,-1.115167748509064e-05,0.5852479882096018,-0.0002383646692483421,-0.00037727316588345716,5.083423733206707e-05,-0.00023290121560995414,0.00012340694731814705,1.1704959764192036,-0.0004767293384966842,-0.0007545463317669143,0.0002468138946362941
4.1000000000000005,507,0.011224116068127898,cube,0.5511111086157727,-0.00026046798297332807,-0.00044327795775786494,0.057220787368499816,-2.0785878553327905e-05,-1.2009748621457685e-05,0.6083318959842725,-0.00028125386152666465,-0.0004552877063793148,5.768104473078292e-05,-0.00027125559902525104,0.0001667484083198445,1.216663791968545,-0.0005625077230533293,-0.0009105754127586296,0.000333496816639689
4.15,511,0.000973061014417631,cube,1.2590684812237447,-0.0008274951520599316,-0.0022093825289217772,0.057315898339052665,-2.0889657072052648e-05,-1.282737682233373e-05,1.3163843795627974,-0.000848384809132019,-0.0022222099057441214,0.000327640595486027,-0.0011128278308001616,0.0008743278462362281,2.632768759125595,-0.001696769618264038,-0.004444419811488243,0.0017486556924724561
4.2,524,0.003782907605529573,cube,0.5793262608752828,-0.00022135977895498815,-0.0005764469239872005,0.05764971017267724,-2.170935650736526e-05,-1.272266506753203e-05,0.63697597104796,-0.0002430691354623482,-0.0005891695890547222,8.018838614180573e-05,-0.0003390138253094657,0.00021044416635412205,1.27395194209592,-0.0004861382709246964,-0.0011783391781094443,0.0004208883327082441
4.25,531,0.004923236131639364,cube,0.5665156757222255,-0.00023094071205939648,-0.0005076112580177927,0.05691772107525294,-2.1015788497715134e-05,-1.2621516275969878e-05,0.6234333967974784,-0.00025195650055712115,-0.0005202327742937496,8.368194698456081e-05,-0.0003018378667042007,0.00018943084498699442,1.246866793594957,-0.0005039130011142423,-0.0010404655485874992,0.00037886168997398884
4.3,537,0.006035895203351238,cube,0.558614049553979,-0.0001168438237617031,-0.0005117928623734891,0.056515235594085764,-2.0990613665770354e-05,-1.2535870968380033e-05,0.6151292851480648,-0.0001378344374274587,-0.00052432873334185,5.89472826626818e-05,-0.0002859687273961062,0.00017779660756493676,1.2302585702961295,-0.0002756688748549174,-0.0010486574666837,0.0003555932151298735
4.3500000000000005,542,0.011119177458093432,cube,0.5199702587267381,-0.00014117357715182077,-0.00033753415330087244,0.0562137414919219,-2.1181009885793897e-05,-1.2666749712036962e-05,0.57618400021866,-0.0001623545870376164,-0.0003502009030129094,5.0395119132516285e-05,-0.00023201443869538818,0.00013690401626948595,1.15236800043732,-0.0003247091740752328,-0.0007004018060258188,0.0002738080325389719
4.4,546,0.0014314328630478101,cube,0.9456512674877274,-0.0004666502595428168,-0.0015605381987759404,0.0557825141505816,-2.100191909563346e-05,-1.2893663508616038e-05,1.0014337816383092,-0.0004876521786384702,-0.0015734318622845633,0.0002329646072835555,-0.0007623913114932074,0.0005872325154460262,2.0028675632766184,-0.0009753043572769404,-0.0031468637245691267,0.0011744650308920523
4.45,557,0.0054102672121656425,cube,0.5475031988656255,-0.00017302562979013003,-0.0005011700598873403,0.05621437006895383,-2.1804430332917138e-05,-1.293102436072252e-05,0.6037175689345793,-0.00019483006012305237,-0.0005141010842480698,5.83636024759777e-05,-0.0002890114130958063,0.00017084227648619943,1.2074351378691586,-0.00038966012024610475,-0.0010282021684961395,0.00034168455297239886
4.5,563,0.0016867466167376222,cube,0.7851453695994642,-0.0003347073698322933,-0.0010319821268888474,0.05554177764750162,-2.131295295144508e-05,-1.2989759533238096e-05,0.8406871472469659,-0.00035602032278372886,-0.0010449718864220803,0.00016932365830083868,-0.0005688371466241182,0.0004205785300454429,1.6813742944939318,-0.0007120406455674577,-0.0020899437728441606,0.0008411570600908858
4.55,573,0.007901027389354276,cube,0.5171412882686685,-0.00011123301090185111,-0.0003874652967882364,0.05557759153214474,-2.158927261688287e-05,-1.29677214627099e-05,0.5727188798008132,-0.00013282228351874092,-0.0004004330182509619,5.5121439241303434e-05,-0.00024543034309599393,0.00013340341480374412,1.1454377596016263,-0.00026564456703748185,-0.0008008660365019238,0.00026680682960748825
4.6000000000000005,577,0.015488312363301837,cube,0.4993389547243143,-0.00012761688828155648,-0.00031557387266237247,0.054836360455984764,-2.0956807814605065e-05,-1.2981598780850874e-05,0.554175315180299,-0.00014857369609616589,-0.00032855547144322594,4.532530704002609e-05,-0.00020865393547938454,0.00011383347420427375,1.108350630360598,-0.00029714739219233177,-0.0006571109428864519,0.0002276669484085475
4.65,580,0.009110855360883185,cube,0.5514474875493898,-0.00010962183829488215,-0.0004281606444011543,0.054343185085585985,-2.0815420419850392e-05,-1.3259887333605738e-05,0.6057906726349758,-0.00013043725871472733,-0.00044142053173476525,6.859269071186155e-05,-0.00026407562659195444,0.00015887470059122721,1.2115813452699515,-0.00026087451742945467,-0.0008828410634695305,0.00031774940118245443
4.7,584,0.010203783783661713,cube,0.5429387833487165,-0.00014652073993626225,-0.00037679980241425715,0.05457373338090271,-2.1259024167433714e-05,-1.411880877698335e-05,0.5975125167296192,-0.00016777976410370377,-0.0003909186111912266,5.3616027969454474e-05,-0.0002519630048007024,0.00015811958178769958,1.1950250334592385,-0.00033555952820740753,-0.0007818372223824532,0.00031623916357539916
4.75,588,0.005429872432966221,cube,0.6069586488186971,-0.00016856447093346882,-0.0005527669332517637,0.0545131043950005,-2.1324574752218557e-05,-1.4524459659806012e-05,0.6614717532136977,-0.00018988904568570386,-0.0005672913929115619,8.018198973258934e-05,-0.0003341116161476587,0.00022476817055992054,1.3229435064273953,-0.0003797780913714077,-0.0011345827858231239,0.0004495363411198411
4.800000000000001,594,0.001511673563407534,cube,0.8638875555093962,-0.00031799875991136983,-0.0011859565717713683,0.054701009883674365,-2.174380157147441e-05,-1.4912870974962897e-05,0.9185885653930705,-0.0003397425614828642,-0.001200869442746333,0.00016382038951852848,-0.0006689678436342938,0.0005212215228112133,1.837177130786141,-0.0006794851229657284,-0.002401738885492666,0.0010424430456224265
4.8500000000000005,605,0.002910735812467813,cube,0.6146530741736635,-0.00018072535183055738,-0.0007390818905282093,0.05469477420316531,-2.1988978835605147e-05,-1.4623295902799725e-05,0.6693478483768289,-0.00020271433066615385,-0.0007537051864310029,8.78885308434684e-05,-0.0003878554704535783,0.00023869725076571674,1.3386956967536578,-0.0004054286613323077,-0.0015074103728620059,0.0004773945015314335
4.9,613,0.0048862588121645345,cube,0.5594325818630616,-0.00018629033134642814,-0.0004563564733909564,0.05420890909569283,-2.1607654099344877e-05,-1.4583154077113351e-05,0.6136414909587543,-0.0002078979854457652,-0.00047093962746808105,7.097077055686568e-05,-0.00029704301364923136,0.00018384323934603902,1.2272829819175086,-0.0004157959708915304,-0.0009418792549361621,0.00036768647869207804
4.95,619,0.0063660997080754456,cube,0.548651774670615,-0.00015131735836612648,-0.00044850696001111356,0.05381253875094609,-2.1530171441558506e-05,-1.4561542181227606e-05,0.602464313421561,-0.00017284752980770146,-0.0004630685021923264,6.63114161087501e-05,-0.0002743278979562627,0.00016829246971704348,1.204928626843122,-0.0003456950596154029,-0.0009261370043846529,0.00033658493943408696
5.0,624,0.008992132120460461,cube,0.5312079635879422,-0.00021907380569596846,-0.0004774551998959209,0.05356718195326399,-2.1555055104556693e-05,-1.4594300911662493e-05,0.5847751455412062,-0.0002406288608005347,-0.0004920495008075843,5.256723667432193e-05,-0.000256604505136912,0.00015562699461887236,1.1695502910824125,-0.0004812577216010694,-0.0009840990016151685,0.0003112539892377447
5.050000000000001,628,0.010722366897828906,cube,0.5284415889195954,-0.00014513179427103062,-0.00039037916580608734,0.053322388504965,-2.1210844792093723e-05,-1.4552231751886052e-05,0.5817639774245604,-0.00016634263906312174,-0.0004049313975579838,5.3167625877610014e-05,-0.00024171412752399535,0.00014342942897044297,1.1635279548491209,-0.0003326852781262435,-0.0008098627951159676,0.00028685885794088595
5.1000000000000005,632,0.003164701390282687,cube,0.6938623609321755,-0.00023780553839686247,-0.0007750256786853427,0.05321314395075378,-2.0991748062526572e-05,-1.480669001308315e-05,0.7470755048829292,-0.00025879728645938904,-0.0007898323686984232,0.00012164342623208656,-0.0004407927066435169,0.00031353333897614355,1.4941510097658584,-0.0005175945729187781,-0.0015796647373968464,0.0006270666779522871
5.15,640,0.000950024785329795,cube,1.0127084723477702,-0.0005345743002439785,-0.001722719152711022,0.05361454850767652,-2.176231868684063e-05,-1.511907414916084e-05,1.0663230208554466,-0.0005563366189308416,-0.0017378382268601889,0.00022987143303367045,-0.0008662465307870404,0.0006932097866342163,2.1326460417108932,-0.0011126732378616833,-0.0034756764537203777,0.0013864195732684326
5.2,653,0.004877050225980284,cube,0.5411072625130339,-0.0001306312877309146,-0.00044751163778622427,0.05343295258024166,-2.1519078350684673e-05,-1.5041241370106553e-05,0.5945402150932755,-0.00015215036608159926,-0.00046255287915630827,7.155422490239483e-05,-0.0002880489630747024,0.00016085822528405513,1.189080430186551,-0.00030430073216319853,-0.0009251057583126165,0.00032171645056811027
5.25,659,0.006448331646014438,cube,0.5407956035081053,-0.00015154422532737133,-0.0004602715359610654,0.052794372953570284,-2.102173953401343e-05,-1.4954321200425814e-05,0.5935899764616757,-0.00017256596486139864,-0.00047522585716147647,6.605316025878733e-05,-0.000265791964335349,0.0001622917932855225,1.1871799529233513,-0.00034513192972279727,-0.0009504517143229529,0.000324583586571045
5.300000000000001,664,0.008462426869033202,cube,0.5328013958220822,-0.00016294796565261005,-0.000435678599463557,0.05255472628154254,-2.104049581401913e-05,-1.4925069788832533e-05,0.5853561221036248,-0.00018398846146663872,-0.00045060366925239737,5.709767398152291e-05,-0.0002490694057340273,0.0001465612856424922,1.1707122442072495,-0.00036797692293327744,-0.0009012073385047947,0.0002931225712849844
5.3500000000000005,668,0.01303611943606331,cube,0.5144652356738897,-0.00013609214100646083,-0.0003585033032346141,0.0523813697276591,-2.0938992153302083e-05,-1.4953006757261258e-05,0.5668466054015489,-0.00015703113315976291,-0.0003734563099918875,4.8166233447386536e-05,-0.00022387956340538806,0.0001281740802448958,1.1336932108030977,-0.00031406226631952583,-0.000746912619983775,0.0002563481604897916
5.4,671,0.015584644688792615,cube,0.514283500039183,-0.00010561841525000282,-0.00034497755172210876,0.05215259651934865,-2.0495822626307066e-05,-1.5066329276018121e-05,0.5664360965585317,-0.00012611423787631248,-0.0003600438809981399,4.699911969473615e-05,-0.00021903349100886593,0.00012668233421593567,1.1328721931170633,-0.00025222847575262497,-0.0007200877619962798,0.00025336466843187133
5.45,674,0.008856538021587923,cube,0.5631626339861673,-0.00023896771013745544,-0.00045042389744057165,0.05208973158203469,-2.041765787670364e-05,-1.55097919614499e-05,0.615252365568202,-0.0002593853680141478,-0.0004659336894020094,6.516945146965457e-05,-0.0002782589848666431,0.00018492296105322714,1.230504731136404,-0.0005187707360282956,-0.0009318673788040188,0.0003698459221064543
5.5,678,0.01131464192170295,cube,0.5344960225048304,-9.959238881004917e-05,-0.00036818428491333655,0.05240975016985183,-2.0643168141714838e-05,-1.6307342061749712e-05,0.5869057726746822,-0.0001202355569517588,-0.00038449162697509753,4.2940332407685286e-05,-0.00024940937510153915,0.00014579152686582109,1.1738115453493645,-0.0002404711139035176,-0.0007689832539501951,0.00029158305373164217
5.550000000000001,682,0.0005776440860021381,cube,1.6988034465736042,-0.0007235347241498769,-0.0032885078708198567,0.052307143137902946,-2.036147013383116e-05,-1.636912414257688e-05,1.7511105897115071,-0.0007438961942836664,-0.003304876994962458,0.000460542896465408,-0.001672506942791252,0.001387056817470228,3.5022211794230143,-0.0014877923885673328,-0.006609753989924916,0.002774113634940456
5.6000000000000005,698,6.721514320862099e-05,cube,5.901184407383286,-0.0032798415421521065,-0.013505869159913364,0.05261022877027806,-2.108236716163482e-05,-1.605679594593023e-05,5.953794636153564,-0.003300923909313802,-0.013521925955859326,0.002500094089865437,-0.007427967583220396,0.005889837287452293,11.907589272307128,-0.006601847818627604,-0.027043851911718653,0.011779674574904586
5.65,725,0.004236384243552216,cube,0.521802796389493,-0.0001825860897511633,-0.00044246428169744667,0.051814749699897036,-1.9515569043508825e-05,-1.4408674542669593e-05,0.57361754608939,-0.0002021016587946678,-0.0004568729562401119,8.148747597819329e-05,-0.00026241359673128545,0.00014198459319191697,1.14723509217878,-0.0004042033175893356,-0.0009137459124802239,0.00028396918638383395
5.7,731,0.012169427615817519,cube,0.49121251069675376,-0.00010628850512431343,-0.0002609446188102382,0.05115914708133208,-1.915327304040891e-05,-1.4123215768728839e-05,0.5423716577780858,-0.000125441778164731,-0.0002750678345789792,5.30207052743175e-05,-0.00019388347736536138,0.00010404474179929318,1.0847433155561717,-0.000250883556329462,-0.0005501356691579584,0.00020808948359858637
5.75,734,0.017872711094241822,cube,0.4954549650964021,-0.00010352244377409558,-0.00028973102802959394,0.05067193915862835,-1.9057727900491025e-05,-1.3872377926184114e-05,0.5461269042550304,-0.00012258017167457447,-0.0003036034059557824,4.661489284102382e-05,-0.00019082415774217265,0.00010490023395733072,1.0922538085100608,-0.00024516034334914893,-0.0006072068119115648,0.00020980046791466145
5.800000000000001,737,0.0028160427112027264,cube,0.7495317861494792,-0.0008261905699270544,-0.000821033136441357,0.0506352484601742,-1.9873282505004745e-05,-1.4244592855885974e-05,0.8001670346096534,-0.0008460638524320496,-0.0008352777292972291,0.00019000911939376174,-0.0005076508263680418,0.00039292174119331946,1.6003340692193069,-0.0016921277048640992,-0.0016705554585944582,0.0007858434823866389
5.8500000000000005,745,0.006353915218646478,cube,0.5462720302257716,-0.0001532405783387647,-0.0004636381084406893,0.051562845204883155,-2.079726406811755e-05,-1.5071103416890684e-05,0.5978348754306548,-0.00017403784240688225,-0.00047870921185758086,5.945702500288792e-05,-0.00028023405756635866,0.00017157019463426293,1.1956697508613097,-0.0003480756848137645,-0.0009574184237151617,0.00034314038926852586
5.9,750,0.009070619727567397,cube,0.5264988546441367,-0.00013992037255916578,-0.00040886081642574346,0.051219722183040196,-2.0275265351798848e-05,-1.5219941737193779e-05,0.5777185768271769,-0.0001601956379109759,-0.00042408075816294244,5.702280379167227e-05,-0.00025028548151910524,0.0001439907012690117,1.1554371536543537,-0.0003203912758219518,-0.0008481615163258849,0.0002879814025380234
5.95,754,0.010379533029984955,cube,0.5276036844547001,-0.00011212033833624124,-0.00038722581239630793,0.05099956722889559,-1.9881610156974663e-05,-1.5585363442342445e-05,0.5786032516835957,-0.0001320019484932211,-0.0004028111758386521,5.303556235666314e-05,-0.0002442348806137723,0.00014063667670335261,1.1572065033671914,-0.0002640038969864422,-0.0008056223516773042,0.00028127335340670523
6.0,758,0.004662199725025573,cube,0.6183491420479976,-0.0002707329559261673,-0.0005064021739845104,0.05094789133499306,-1.9702423208362366e-05,-1.6084580535187173e-05,0.6692970333829907,-0.0002904353791345349,-0.0005224867545197132,9.668985746673201e-05,-0.0003369460060974744,0.00024237813126800484,1.3385940667659815,-0.0005808707582690698,-0.0010449735090394263,0.0004847562625360097
6.050000000000001,764,0.008366929431500303,cube,0.5334241982079229,-8.32307065067317e-05,-0.00040605643847357875,0.05127504273884357,-2.0298439968315443e-05,-1.635480997838959e-05,0.5846992409467664,-0.00010352914647504541,-0.00042241124845196487,4.893510571277073e-05,-0.00025787946601366074,0.00014819668418257492,1.1693984818935328,-0.00020705829295009082,-0.0008448224969039297,0.00029639336836514985
6.1000000000000005,768,0.013453252243206926,cube,0.5100820086534181,-0.0001309262540879763,-0.00036445675853577497,0.05094920630111735,-1.97545195427494e-05,-1.6336163917360196e-05,0.5610312149545355,-0.00015068077363072918,-0.00038079292245313257,4.586000996273698e-05,-0.00022396403686593402,0.00012491895557285165,1.122062429909071,-0.00030136154726145836,-0.0007615858449062651,0.0002498379111457033
6.15,771,0.014483414077933965,cube,0.5158151262176823,-9.485499542674636e-05,-0.000355033218558759,0.050642333115424064,-1.9137160258303823e-05,-1.6408534536920677e-05,0.5664574593331063,-0.00011399215568505539,-0.0003714417530956693,4.499491794343982e-05,-0.0002216789630378052,0.00012563268057327187,1.1329149186662126,-0.00022798431137011077,-0.0007428835061913386,0.00025126536114654374
6.2,774,0.011763786834253942,cube,0.5357019765461023,-0.00018295181416544404,-0.00037188255750306154,0.05058615722688129,-1.9013747242058177e-05,-1.6852186010938783e-05,0.5862881337729835,-0.00020196556140750221,-0.00038873474351400206,5.256154979673723e-05,-0.00024397118080549812,0.00014817292572406882,1.172576267545967,-0.00040393112281500443,-0.0007774694870280041,0.00029634585144813763
6.25,777,0.018943602757569344,cube,0.5072151530766579,-0.00011943001104700035,-0.000256977036980216,0.0506984150475846,-1.902569190547019e-05,-1.74229945992168e-05,0.5579135681242424,-0.0001384557029524558,-0.0002744000315794415,4.052284659755176e-05,-0.0002030644245940294,0.0001182887238288799,1.1158271362484848,-0.0002769114059049116,-0.000548800063158883,0.0002365774476577598
6.300000000000001,779,0.027267676690917675,cube,0.49595924439178174,-9.028795328258621e-05,-0.0002906434491652399,0.05049380160292236,-1.876505551314748e-05,-1.7492932645985643e-05,0.5464530459947041,-0.00010905300879573976,-0.0003081363818112359,3.56453670739984e-05,-0.00019160790857804255,0.00010290246603089637,1.0929060919894082,-0.00021810601759147952,-0.0006162727636224719,0.00020580493206179273
6.3500000000000005,781,0.017278787970898435,cube,0.5239862677390381,-9.907552358648375e-05,-0.000369905303459761,0.050298189645906,-1.9021336902120926e-05,-1.7560242527089355e-05,0.574284457384944,-0.00011809686048860901,-0.0003874655459868426,4.794263553801501e-05,-0.00022287398268692332,0.000125566501116392,1.148568914769888,-0.00023619372097721802,-0.0007749310919736851,0.000251133002232784
6.4,784,0.00438399975682735,cube,0.6797347200084122,-0.0004503727339603414,-0.0007670860824878778,0.050604472928132326,-1.9204272847954396e-05,-1.8426459494200707e-05,0.7303391929365445,-0.00046957700680827497,-0.0007855125419820863,0.00011178220477894092,-0.00041035007227364917,0.00030821526968728696,1.460678385873089,-0.0009391540136165499,-0.0015710250839641726,0.0006164305393745739
6.45,790,0.01085123289151202,cube,0.5193920645943666,-0.00011557696774461279,-0.0003192198763459497,0.05123580116066038,-1.9924640037958553e-05,-1.8991445939927666e-05,0.570627865755027,-0.00013550160778258435,-0.0003382113222858696,4.4736979617360734e-05,-0.0002326957140298888,0.00013605777608687725,1.141255731510054,-0.0002710032155651687,-0.0006764226445717392,0.0002721155521737545
6.5,794,0.002601814729874974,cube,0.7180634092526355,-0.00014457628749584006,-0.0008140068775150111,0.05065066280443755,-1.9271356164207894e-05,-1.848558897696133e-05,0.768714072057073,-0.00016384764366006443,-0.0008324924664919742,0.000135860715236816,-0.0004874543206086629,0.0003362081846132181,1.537428144114146,-0.00032769528732012887,-0.0016649849329839483,0.0006724163692264362
6.550000000000001,802,0.009674252867778677,cube,0.509828847603,-0.00013205636567714674,-0.00035022596882261503,0.05094547120933417,-2.014080603248477e-05,-1.8484420281864034e-05,0.5607743188123342,-0.0001521971717096393,-0.0003687103891044652,5.000344749852794e-05,-0.0002326323812925843,0.00012668617688928185,1.1215486376246684,-0.0003043943434192786,-0.0007374207782089304,0.0002533723537785637
6.6000000000000005,806,0.007742863473541917,cube,0.5425628458623964,-0.0001647140146969206,-0.00045319666088455834,0.05024274919719251,-1.9449935216701332e-05,-1.8089589668160433e-05,0.592805595059589,-0.00018416394991363494,-0.0004712862505527049,6.734923239657595e-05,-0.0002619559967560886,0.00014923213477099906,1.185611190119178,-0.0003683278998272699,-0.0009425725011054098,0.0002984642695419981
6.65,811,0.00012357064883161684,cube,5.322250136633104,-0.0016317216342982555,-0.01291906607955473,0.05022927367625982,-1.964007337932564e-05,-1.831575800428486e-05,5.3724794103093645,-0.0016513617076776566,-0.012937381837558992,0.0018406163706991704,-0.006232446445208595,0.005013210571034321,10.744958820618729,-0.003302723415355313,-0.025874763675117984,0.010026421142068642
6.7,835,0.001624038948033757,cube,0.6536425211207786,-0.00030297256610944956,-0.0011471073057658099,0.05017652834358467,-1.9175720186621892e-05,-1.742338673570848e-05,0.7038190494643632,-0.0003221482862960645,-0.0011645306925015253,0.00012283565490551368,-0.0004751030445313692,0.00026180599947829564,1.4076380989287265,-0.000644296572592129,-0.0023290613850030506,0.0005236119989565913
6.75,845,0.009466128158519105,cube,0.49258556755792177,-0.00011918366105406752,-0.00028186470192592683,0.04972247924656357,-1.8925553707921892e-05,-1.6953690155246427e-05,0.5423080468044853,-0.00013810921476198335,-0.00029881839208117933,5.74097045328565e-05,-0.00020361898575801257,0.00010740591054218818,1.0846160936089706,-0.0002762184295239667,-0.0005976367841623587,0.00021481182108437635
6.800000000000001,849,0.008651952203590163,cube,0.5251872169515182,-0.00012235733555551742,-0.0003932756576973395,0.049061205142898585,-1.847371004645281e-05,-1.655534931176584e-05,0.5742484220944167,-0.00014083104560197457,-0.00040983100700908714,6.76334373428136e-05,-0.0002320528987138984,0.00013123678256983518,1.1484968441888335,-0.00028166209120394914,-0.0008196620140181743,0.00026247356513967035
6.8500000000000005,853,0.012208272774717699,cube,0.5156532768138337,-7.431037188726508e-05,-0.00031294912388826757,0.0491317424539282,-1.899324646565271e-05,-1.6842622224102523e-05,0.5647850192677618,-9.330361835291345e-05,-0.0003297917461123623,4.317644566188535e-05,-0.0002171383123668602,0.0001237686388535636,1.1295700385355236,-0.0001866072367058269,-0.0006595834922247246,0.0002475372777071272
6.9,856,0.017770159874745062,cube,0.5042308562552458,-9.954232141462516e-05,-0.0003191533630659271,0.049088668485253756,-1.8930237323757336e-05,-1.7108184463753354e-05,0.5533195247404995,-0.00011847255873839724,-0.0003362615475296926,3.5413081778659766e-05,-0.00020230218212734935,0.00011166471629379948,1.106639049480999,-0.00023694511747679448,-0.0006725230950593852,0.00022332943258759896
6.95,859,0.0030867779306724685,cube,0.7300955122696879,-0.00017232131011110652,-0.0009324030358229818,0.0490959360967375,-1.931631081064731e-05,-1.747671973006612e-05,0.7791914483664255,-0.00019163762092175296,-0.0009498797555530514,0.00013154894528699874,-0.0004809881543931249,0.00034380093147358404,1.558382896732851,-0.0003832752418435059,-0.0018997595111061027,0.0006876018629471681
7.0,867,0.002157767093738272,cube,0.7086188524730231,-0.0004980894583064,-0.000610303312483601,0.04988085094442489,-1.990111818426024e-05,-1.8104752445036523e-05,0.7584997034174481,-0.0005179905764906567,-0.0006284080649286428,0.00014234826044583714,-0.0004580109207911742,0.00037634040601340624,1.5169994068348962,-0.0010359811529813134,-0.0012568161298572855,0.0007526808120268125
7.050000000000001,876,0.007278581290116826,cube,0.5203787339167381,-0.00014310496343233892,-0.00040536296852419773,0.049749170243903004,-1.9851013254341618e-05,-1.801656583275829e-05,0.5701279041606411,-0.0001629559766866684,-0.0004233795343569491,5.5804713251569185e-05,-0.00025082270272184376,0.00013831280109369293,1.1402558083212821,-0.0003259119533733368,-0.0008467590687138982,0.00027662560218738586
7.1000000000000005,881,0.003114290761582872,cube,0.6427839179889601,-0.00016516910313929545,-0.0006843572908132312,0.04919986532461555,-1.9014235847702836e-05,-1.7741048596726407e-05,0.6919837833135757,-0.00018418333898700956,-0.0007020983394099567,0.0001069596550829759,-0.00038910380695392904,0.0002628985619786209,1.3839675666271514,-0.0003683666779740191,-0.0014041966788199134,0.0005257971239572418
7.15,889,0.0017313433943710876,cube,0.7387150279129335,-0.00031402910738434486,-0.0008865012209164636,0.04939419724915682,-1.950019421041553e-05,-1.770229495155415e-05,0.7881092251620905,-0.00033352930159474825,-0.0009042035158680073,0.00014539445790516536,-0.0005196778223023196,0.00037919879504642873,1.576218450324181,-0.0006670586031894965,-0.0018084070317360146,0.0007583975900928575
7.2,899,0.00678795059318027,cube,0.5191143704304413,-0.00012870064242934132,-0.00037695730300746355,0.04933116314553392,-1.9198831534127797e-05,-1.7397025648015554e-05,0.5684455335759752,-0.0001478994739634587,-0.00039435432865547737,6.124370206071926e-05,-0.00024691545322148845,0.00013756504494322197,1.1368910671519503,-0.0002957989479269174,-0.0007887086573109547,0.00027513008988644394
7.25,904,0.006274737458969781,cube,0.5474553224245157,-0.00012317652190280137,-0.00045983635568169756,0.04881020991755668,-1.839549458798953e-05,-1.7234527121842355e-05,0.5962655323420724,-0.00014157201649078743,-0.00047707088280352083,6.445295911070722e-05,-0.00026512969904382566,0.00016742235681720813,1.1925310646841447,-0.00028314403298157487,-0.0009541417656070417,0.00033484471363441626
7.300000000000001,909,0.009580651184300848,cube,0.5216585292519392,-8.214363384093093e-05,-0.00035420988594592195,0.04881767966425705,-1.8555995721460973e-05,-1.730934399293057e-05,0.5704762089161962,-0.0001006996295623841,-0.0003715192299388326,4.904144924090172e-05,-0.00023290924136949026,0.00013385733285176116,1.1409524178323924,-0.0002013992591247682,-0.0007430384598776651,0.0002677146657035223
7.3500000000000005,913,0.008151715626974365,cube,0.544572578936603,-9.736671480300996e-05,-0.00040804199285360276,0.048670966252527155,-1.8178789169506424e-05,-1.7298264120526458e-05,0.5932435451891303,-0.0001155455039724973,-0.00042534025697410494,6.15358071850972e-05,-0.00025762092859619307,0.00015460843753834635,1.1864870903782605,-0.0002310910079449946,-0.0008506805139482099,0.0003092168750766927
7.4,917,0.014393306141375461,cube,0.5072230818468667,-9.108439868893425e-05,-0.0003235532604816682,0.048769483354331934,-1.8186927858231984e-05,-1.768736900480128e-05,0.5559925652011987,-0.00010927132654717231,-0.00034124062948648337,4.031263911284296e-05,-0.00021356908096643867,0.00011842583582997307,1.1119851304023973,-0.00021854265309434462,-0.0006824812589729667,0.00023685167165994614
7.45,920,0.01200167178676903,cube,0.5270545332974345,-0.00017309391391795437,-0.0003785706374087039,0.048559356965878805,-1.788628212415124e-05,-1.7779149765758707e-05,0.5756138902633132,-0.00019098019604210648,-0.0003963497871744548,5.402766495785014e-05,-0.00023810558737989013,0.000140862892585282,1.1512277805266264,-0.00038196039208421295,-0.0007926995743489096,0.000281725785170564
7.5,923,0.01831558648292919,cube,0.5051644024741047,-0.00020952507647126195,-0.00026298742899716343,0.04865286570633897,-1.7724748522713642e-05,-1.8252488123348017e-05,0.5538172681804436,-0.00022724982499400248,-0.0002812399171205071,4.4653056458286594e-05,-0.0002051925697157328,0.00012637960758233452,1.1076345363608873,-0.00045449964998800496,-0.0005624798342410142,0.00025275921516466904
7.550000000000001,926,0.0016468516850673964,cube,0.9575026468063903,-0.00044373105187570094,-0.0014368260605978067,0.04857565597638071,-1.7922134059271573e-05,-1.8203423754208428e-05,1.006078302782771,-0.0004616531859349682,-0.0014550294843519995,0.0002324169539942028,-0.0007367865673340718,0.0005933451289909797,2.012156605565542,-0.0009233063718699364,-0.002910058968703999,0.0011866902579819594
7.6000000000000005,936,0.0088967523067911,cube,0.5086354481445228,-0.00013063667137908075,-0.00034496514661630506,0.0493233663085942,-1.8725869951052854e-05,-1.852222540469836e-05,0.557958814453117,-0.0001493625413301336,-0.000363487372020993,5.029405950311196e-05,-0.00023577558611399818,0.00012759167746938943,1.115917628906234,-0.0002987250826602672,-0.000726974744041986,0.00025518335493877886
7.65,940,0.01113898592393614,cube,0.5113571125061558,-8.879995045343869e-05,-0.0003215347222047249,0.04859042153346974,-1.777637189069505e-05,-1.8167406551132526e-05,0.5599475340396255,-0.00010657632234414849,-0.00033970212875586436,5.2180408078003564e-05,-0.0002223032691379273,0.00012134665234911357,1.119895068079251,-0.00021315264468829698,-0.0006794042575117287,0.00024269330469822714
7.7,944,0.0013449094842465925,cube,0.9590917607805116,-0.000480898118192602,-0.0015153142009554643,0.04838568221381688,-1.7548929140319414e-05,-1.8153287419533405e-05,1.0074774429943285,-0.0004984470473329283,-0.0015334674883750177,0.00022329945341149438,-0.0007477400147371804,0.0005795523305150707,2.014954885988657,-0.0009968940946658567,-0.0030669349767500353,0.0011591046610301414
7.75,955,0.008105506674835006,cube,0.5074248295126403,-0.00012180149245905048,-0.0003469263365879771,0.04889242531738948,-1.855518213061784e-05,-1.7988623764144535e-05,0.5563172548300298,-0.00014035667458967005,-0.0003649149603521251,5.464709843313204e-05,-0.00023341832638701376,0.00012438319468523196,1.1126345096600596,-0.0002807133491793401,-0.0007298299207042502,0.0002487663893704639
7.800000000000001,959,0.014595146844321505,cube,0.493733482651903,-7.025516197009529e-05,-0.00031230849339305977,0.04821990361529081,-1.7675751483554186e-05,-1.77279954243657e-05,0.5419533862671938,-8.793091345363213e-05,-0.000330036488817409,4.358638705285488e-05,-0.0001977159276873655,9.970672443109646e-05,1.0839067725343876,-0.00017586182690726426,-0.000660072977634818,0.00019941344886219292
7.8500000000000005,962,0.011468812330991618,cube,0.5252197036980195,-5.195290003506825e-05,-0.0004004174619106904,0.04787324902996086,-1.7277872342091362e-05,-1.768488726247141e-05,0.5730929527279804,-6.923077237716568e-05,-0.00041810234917316613,4.8368895063764976e-05,-0.00022890332320298773,0.00012290745104528294,1.1461859054559609,-0.00013846154475433137,-0.0008362046983463323,0.0002458149020905659
7.9,965,0.019722335446181738,cube,0.4994829983375695,-0.0001168593396708717,-0.00023516051090241574,0.04800645988715866,-1.736278931432564e-05,-1.819557713108634e-05,0.5474894582247282,-0.0001342221289852008,-0.0002533560880335073,3.55111819572633e-05,-0.00018829353639842478,0.00010949538281194299,1.0949789164494563,-0.0002684442579704016,-0.0005067121760670146,0.00021899076562388597
7.95,967,0.026333197464581737,cube,0.4937181341413651,-0.00015300355847241986,-0.0002494518308741034,0.04787322252164067,-1.7438476996212322e-05,-1.820672620136618e-05,0.5415913566630058,-0.0001704420354686209,-0.00026765855707547304,4.0080940638643774e-05,-0.0001852742978647945,0.00010625920491766361,1.0831827133260117,-0.0003408840709372418,-0.0005353171141509461,0.00021251840983532722
8.0,969,0.018400163042501916,cube,0.5179341777087065,-8.355833027962056e-05,-0.0003078075506695588,0.04781249123373172,-1.747783249224453e-05,-1.8547818440266782e-05,0.5657466689424383,-0.00010103616277185035,-0.00032635536910982643,4.881178287154535e-05,-0.00020845288708110782,0.00011733564079443454,1.1314933378848766,-0.0002020723255437007,-0.0006527107382196529,0.00023467128158886907
8.05,972,0.0014235695677964344,cube,1.0990941777565617,-0.00015862489076365338,-0.002272996551999723,0.048181277375530136,-1.7725242735759997e-05,-1.9570415650036095e-05,1.1472754551320918,-0.00017635013349942552,-0.0022925669676497618,0.0002101442752524134,-0.0010134096304208196,0.0006162750113231225,2.2945509102641837,-0.00035270026699885104,-0.0045851339352995235,0.001232550022646245
8.1,983,0.005655212150301736,cube,0.53897709975078,-6.860491858079465e-05,-0.0004652252877843932,0.04893526172757434,-1.8521881347944788e-05,-1.9634450302230544e-05,0.5879123614783544,-8.71267999287273e-05,-0.00048485973808662375,6.148135215615286e-05,-0.0002944760309532765,0.0001380717735744441,1.1758247229567087,-0.0001742535998574546,-0.0009697194761732475,0.0002761435471488882
8.15,988,0.013571385412616266,cube,0.49440522560131617,-8.839717504624534e-05,-0.00032356511641004615,0.04833124447217605,-1.7841022895802652e-05,-1.958035096754577e-05,0.5427364700734922,-0.00010623819794203238,-0.000343145467377598,4.4314121630564266e-05,-0.0002127120619412337,0.00010261090247491028,1.0854729401469845,-0.00021247639588406475,-0.000686290934755196,0.00020522180494982056
8.200000000000001,991,0.014171542510693413,cube,0.5078330803329426,-6.879354849159691e-05,-0.0003439604640107785,0.04779634228146887,-1.727587554329387e-05,-1.9313255920633612e-05,0.5556294226144115,-8.606942403488471e-05,-0.00036327371993138957,4.805921337176431e-05,-0.00021536999338423596,0.00010781412094101189,1.111258845228823,-0.00017213884806976942,-0.0007265474398627791,0.00021562824188202379
8.25,994,0.01258712777176818,cube,0.5247942812128819,-0.00011092483528130082,-0.0003474194564096478,0.04773421702643409,-1.7198836948614966e-05,-1.9581583957413093e-05,0.572528498239316,-0.00012812367222991838,-0.0003670010403670487,5.398064031147765e-05,-0.0002283298323881508,0.000124417119494305,1.145056996478632,-0.00025624734445983677,-0.0007340020807340975,0.00024883423898861
8.3,997,0.016769982682532714,cube,0.5101825001669721,-0.00013733190069734058,-0.0002969199721859217,0.047854075434678914,-1.7368261502914185e-05,-1.9969137316912938e-05,0.558036575601651,-0.00015470016220026084,-0.00031688910950281035,4.6127409904837084e-05,-0.00021084364112770176,0.00011961562230863171,1.116073151203302,-0.0003094003244005217,-0.0006337782190056207,0.00023923124461726342
8.35,1000,0.005727245718111007,cube,0.608216814044143,-0.00016278081710494052,-0.00056657850829675,0.047838807994998046,-1.761452001032733e-05,-2.005615520364948e-05,0.656055622039141,-0.00018039533711525224,-0.0005866346635003961,8.347834888105773e-05,-0.00033266073737930196,0.0002149320414069067,1.312111244078282,-0.0003607906742305045,-0.0011732693270007921,0.0004298640828138134
8.4,1005,0.01310737398221562,cube,0.5097281949722845,-8.07027073679023e-05,-0.0003386512798334018,0.04834847433454194,-1.7932122708381668e-05,-2.0811464257088422e-05,0.5580766693068264,-9.863483007627183e-05,-0.0003594627440904885,4.134965824327354e-05,-0.00022223819847766446,0.00011866064531267789,1.1161533386136528,-0.00019726966015254366,-0.000718925488180977,0.00023732129062535579
8.450000000000001,1008,0.015396532686951403,cube,0.5075619249210296,-2.7704545150608606e-05,-0.00032025849243957905,0.04793414064073992,-1.7322733938237612e-05,-2.050130997908236e-05,0.5554960655617696,-4.502727908883841e-05,-0.0003407598024186831,4.1470429726770194e-05,-0.00021456224555142095,0.0001077358061298897,1.1109921311235391,-9.005455817767682e-05,-0.0006815196048373662,0.0002154716122597794
8.5,1011,0.009353153706447515,cube,0.5496975091170144,-0.00019725012529117625,-0.000400705603378515,0.047771624486101005,-1.723312655594212e-05,-2.069864036124882e-05,0.5974691336031155,-0.00021448325184711403,-0.0004214042437397647,6.306086777436732e-05,-0.00026233539112475307,0.00016376075892155645,1.194938267206231,-0.00042896650369422806,-0.0008428084874795294,0.0003275215178431129
8.55,1015,0.009145424610238706,cube,0.5444792389328524,-5.655393430709088e-05,-0.00038435296734393165,0.048017897708804935,-1.7463713520348388e-05,-2.1192202557906818e-05,0.5924971366416574,-7.401764782744014e-05,-0.000405545169901822,5.081598060891277e-05,-0.00025430725698318696,0.00014516657781202952,1.1849942732833147,-0.00014803529565488027,-0.000811090339803644,0.00029033315562405904
8.6,1019,0.010052785302477218,cube,0.5333396506634053,-8.373394735619599e-05,-0.00037052668400106015,0.04800600528798318,-1.7514900636648317e-05,-2.1219873097827816e-05,0.5813456559513884,-0.00010124884799284084,-0.00039174655709889317,4.986358648092215e-05,-0.0002455528963005854,0.00013885015524423006,1.1626913119027769,-0.00020249769598568168,-0.0007834931141977863,0.0002777003104884601
8.65,1023,0.006089433798779353,cube,0.5799672254961294,-0.00010700198008725681,-0.0004865297163016147,0.04790625863066485,-1.7388393615973274e-05,-2.1215298117231197e-05,0.6278734841267942,-0.00012439037370323702,-0.0005077450144188311,6.839993096448654e-05,-0.0003032349134195894,0.00018452884808808911,1.2557469682535884,-0.00024878074740647405,-0.0010154900288376623,0.00036905769617617823
8.700000000000001,1028,0.010774303241785077,cube,0.5185362810226923,-8.530591501371143e-05,-0.00034836321384495994,0.048041933512202525,-1.774080655669863e-05,-2.1373745320619336e-05,0.5665782145348949,-0.00010304672157041006,-0.0003697369591655897,4.460783337964076e-05,-0.00023216587680633533,0.00012732962617602317,1.1331564290697898,-0.00020609344314082012,-0.0007394739183311794,0.00025465925235204634
8.75,1032,0.0029378434398825704,cube,0.6914188801596766,-0.0001224973015163111,-0.0008429078569461845,0.047718421719809584,-1.7286131233618628e-05,-2.1068850314919126e-05,0.7391373018794862,-0.00013978343274992366,-0.0008639767072610993,0.00011251925060588309,-0.0004548795814886958,0.0002902653336740585,1.4782746037589725,-0.00027956686549984733,-0.0017279534145221986,0.000580530667348117
8.8,1040,0.004466115396136061,cube,0.5750326856361228,-0.00015447342372734707,-0.0005514680220482238,0.048047841955648166,-1.8092040827789868e-05,-2.0967694783428914e-05,0.6230805275917709,-0.00017256546455513,-0.0005724357168316319,6.761791197488355e-05,-0.00031354717789964376,0.00018221461422250618,1.2461610551835418,-0.00034513092911026,-0.0011448714336632637,0.00036442922844501235
8.85,1046,0.010117946801734945,cube,0.5087572431531937,-0.0001019602337720138,-0.00035643187180894875,0.04774529258877287,-1.787409171685045e-05,-2.0707788139768743e-05,0.5565025357419666,-0.00011983432548887119,-0.00037713965994870535,4.77406589544055e-05,-0.00022458071575674754,0.00011529616827888473,1.1130050714839332,-0.00023966865097774237,-0.0007542793198974107,0.00023059233655776945
8.9,1050,0.00580480837002284,cube,0.5713015945358394,-0.00010328388101266128,-0.00046839386498154223,0.04730554517085879,-1.728141233461617e-05,-2.0382070132201474e-05,0.6186071397066982,-0.00012056529334728006,-0.000488775935113761,7.672087720264404e-05,-0.0002956291157825558,0.00017360945698800118,1.2372142794133965,-0.0002411305866945601,-0.000977551870227522,0.00034721891397600235
8.950000000000001,1055,0.01260774640366158,cube,0.5066642749880234,-8.709666566081298e-05,-0.00031370313903761327,0.0474935401277753,-1.7663677914708104e-05,-2.0609915332302567e-05,0.5541578151157986,-0.00010476034357551067,-0.000334313054369928,4.146918709260463e-05,-0.00021469911864308716,0.0001147388275498859,1.1083156302315973,-0.00020952068715102135,-0.000668626108739856,0.0002294776550997718
9.0,1058,0.016715549494332294,cube,0.5023448347337326,-6.221677623199917e-05,-0.0003067782577660383,0.04715431722688192,-1.7120428807835403e-05,-2.0388737019559622e-05,0.5494991519606145,-7.93372050398311e-05,-0.00032716699478560485,4.413263460276622e-05,-0.00020472485797502077,0.00010475755780284257,1.098998303921229,-0.0001586744100796622,-0.0006543339895712097,0.00020951511560568514
9.05,1061,0.005870949334964237,cube,0.5987897334067366,-0.00015717024957515036,-0.0005432879502960952,0.04703613332626394,-1.7238194459026288e-05,-2.0445980404080848e-05,0.6458258667330005,-0.00017440844403418532,-0.0005637339307001665,8.549112400069215e-05,-0.0003231077922217912,0.00020504522126488928,1.291651733466001,-0.00034881688806837063,-0.001127467861400333,0.00041009044252977855
9.1,1066,0.012181692763894247,cube,0.5144840593630305,-6.749519336368692e-05,-0.00033175055963644007,0.04756578793728943,-1.743329807406442e-05,-2.1236549411314184e-05,0.5620498473003199,-8.492849143773573e-05,-0.0003529871090477421,4.184079370822567e-05,-0.00022320747031952942,0.00012266306401859106,1.1240996946006399,-0.00016985698287547146,-0.0007059742180954842,0.0002453261280371821
9.15,1069,0.017840331103320395,cube,0.5004505452318918,-5.9243628711652674e-05,-0.0002895771327983687,0.04723637995093911,-1.6911154772265846e-05,-2.0968793717468168e-05,0.5476869251828309,-7.615478348391158e-05,-0.00031054592651585944,4.0062083406168125e-05,-0.0002029225648500152,0.00010471613602329455,1.0953738503656618,-0.00015230956696782316,-0.0006210918530317189,0.0002094322720465891
9.200000000000001,1072,0.0029015258872355787,cube,0.7332141374587143,-0.0002541010965839141,-0.0009277814721601885,0.04703218486603683,-1.6974052190747713e-05,-2.0862120258869667e-05,0.7802463223247512,-0.00027107514877466876,-0.0009486435924190573,0.00014227071835578374,-0.0004963224170165398,0.00034406166776501657,1.5604926446495024,-0.0005421502975493375,-0.0018972871848381145,0.0006881233355300331
9.25,1080,0.005029004224340383,cube,0.565336328599968,-0.00013689768954175396,-0.0004915462702825557,0.04770679994408087,-1.7650680723431747e-05,-2.1199514939172423e-05,0.6130431285440489,-0.00015454837026518398,-0.0005127457852217299,6.322778780799009e-05,-0.0003026850620073615,0.00018290945611867254,1.2260862570880977,-0.00030909674053036795,-0.0010254915704434597,0.0003658189122373451
9.3,1086,0.005091394596979271,cube,0.5652353013786253,-0.00011799998831979464,-0.0004886730652031435,0.04735013821956417,-1.7283270975200493e-05,-2.0860530528550927e-05,0.6125854395981895,-0.0001352832592949882,-0.0005095335957316927,6.916961834687879e-05,-0.00029947282688432,0.0001771441557941525,1.225170879196379,-0.0002705665185899764,-0.0010190671914633853,0.000354288311588305
9.35,1092,0.0045342535605428225,cube,0.5796368397413565,-0.00012130711070426625,-0.000513080272530414,0.04719734957692787,-1.723412549765012e-05,-2.063390054611071e-05,0.6268341893182843,-0.00013854123620191117,-0.0005337141730765438,7.381153092927696e-05,-0.0003140786099800827,0.00019172700313330876,1.2536683786365685,-0.00027708247240382233,-0.0010674283461530876,0.0003834540062666175
9.4,1098,0.00950947844463812,cube,0.5135060480529846,-8.650560505835125e-05,-0.0003430444515687414,0.04713489025201947,-1.729325202550966e-05,-2.0434114111081425e-05,0.560640938305004,-0.00010379885708386438,-0.0003634785656798367,4.8810667875140326e-05,-0.00022932481217433076,0.0001240694282547139,1.121281876610008,-0.00020759771416772876,-0.0007269571313596734,0.0002481388565094278
9.450000000000001,1102,0.008462598153821332,cube,0.5352157686311699,-8.020906599232047e-05,-0.00039282163611761844,0.04677873241663232,-1.6723204655238674e-05,-2.015542486591068e-05,0.5819945010478023,-9.693227064755394e-05,-0.0004129770609835326,5.800217879696943e-05,-0.00025031029051875847,0.0001397731327149529,1.1639890020956045,-0.00019386454129510788,-0.0008259541219670652,0.0002795462654299058
9.5,1106,0.013035371264109585,cube,0.5107199518638312,-8.159407671526342e-05,-0.00030519296308004207,0.046806749107816556,-1.667282833930049e-05,-2.0362200861084173e-05,0.5575267009716478,-9.826690505454483e-05,-0.0003255551639411436,4.523635658617913e-05,-0.00021552968420156943,0.00011789513894057413,1.1150534019432956,-0.00019653381010908966,-0.0006511103278822872,0.00023579027788114826
9.55,1109,0.015586619862752116,cube,0.5083021710494526,-9.09146223860291e-05,-0.00030582582484997567,0.046645448451534705,-1.6307192385313536e-05,-2.0366720512708485e-05,0.5549476195009874,-0.00010722181477135218,-0.00032619254536270237,4.427031393116563e-05,-0.0002103249296142029,0.00011475438750611217,1.1098952390019747,-0.00021444362954270435,-0.0006523850907254047,0.00022950877501222433
9.600000000000001,1112,0.008851323562335978,cube,0.5544498520204612,-0.00011312257398182757,-0.00043577944456812956,0.04661633362043124,-1.6524968131842455e-05,-2.0540425328265978e-05,0.6010661856408923,-0.00012964754211367002,-0.00045631986989638773,6.080540782803907e-05,-0.0002653697564760152,0.00015859760318839844,1.2021323712817846,-0.00025929508422734004,-0.0009126397397927755,0.0003171952063767969
9.65,1116,0.011337418679714162,cube,0.5274986392712517,-0.00016952311030848932,-0.00033853345632481324,0.046948291976152745,-1.6419081578086456e-05,-2.1233557905392733e-05,0.5744469312474045,-0.00018594219188658445,-0.0003597670142302112,5.195821637422553e-05,-0.00023347681167966428,0.0001442214891008986,1.148893862494809,-0.0003718843837731689,-0.0007195340284604224,0.0002884429782017972
9.700000000000001,1120,0.00047815520700744685,cube,1.8870022905078585,-0.0011423737971886228,-0.004280408495800914,0.04688701623034269,-1.6315012459459065e-05,-2.116462299597225e-05,1.933889306738201,-0.0011586888096480896,-0.004301573118796864,0.0005937569509479565,-0.001982942593520165,0.0015737281488866217,3.867778613476402,-0.0023173776192961792,-0.008603146237593728,0.0031474562977732434
9.75,1136,0.008667245699857773,cube,0.49147546414407994,-9.753773026258128e-05,-0.00034057602305487267,0.04721338284284269,-1.6840591897562818e-05,-2.0710715855357803e-05,0.5386888469869227,-0.00011437832216015797,-0.000361286738910227,5.0080061837406684e-05,-0.00021794666427547155,0.0001015860210173275,1.0773776939738453,-0.00022875664432031595,-0.000722573477820454,0.000203172042034655
9.8,1140,0.012141470783022967,cube,0.4975686952865639,-8.07575618202161e-05,-0.00032220756905432246,0.04634561967992465,-1.5657695937412383e-05,-2.0146024916586555e-05,0.5439143149664886,-9.64152577576094e-05,-0.00034235359397088994,5.035005291431035e-05,-0.00020581003916808616,0.00010300099562012693,1.0878286299329771,-0.0001928305155152188,-0.0006847071879417799,0.00020600199124025387
9.850000000000001,1143,0.01794651713282036,cube,0.4955872320383242,-2.6766773144254463e-05,-0.0002900024493407982,0.04609927220556178,-1.5536592448360358e-05,-2.00152199874154e-05,0.541686504243886,-4.230336559260528e-05,-0.0003100176693282275,3.7458989779115906e-05,-0.00019215543377876232,9.402812249358766e-05,1.083373008487772,-8.460673118521056e-05,-0.000620035338656455,0.00018805624498717533
9.9,1146,0.002621194769353963,cube,0.7553699045486557,-0.00026643004388504643,-0.000965185199000268,0.04606563859126009,-1.6122782138570414e-05,-1.9902925655341033e-05,0.8014355431399157,-0.0002825528260236021,-0.0009850881246556142,0.00016138344083031244,-0.0005155944925093608,0.00037232573418913284,1.6028710862798314,-0.0005651056520472042,-0.0019701762493112285,0.0007446514683782657
9.950000000000001,1154,0.009373879992466527,cube,0.5106746543783042,-9.211708269835084e-05,-0.0003398650725736363,0.04690097926419674,-1.6910784388516134e-05,-2.0347959047926564e-05,0.557575633642501,-0.0001090278670868583,-0.0003602130316215646,4.697299495515221e-05,-0.0002312366359698212,0.00012632531966234872,1.115151267285002,-0.0002180557341737166,-0.0007204260632431292,0.00025265063932469745
10.0,1158,0.009054892192905228,cube,0.5260689761981044,-6.507605452896192e-05,-0.0004049563297739145,0.04637919939150928,-1.6102951017351284e-05,-2.006839234623258e-05,0.5724481755896138,-8.11790055463002e-05,-0.00042502472212013753,5.473595841426562e-05,-0.00024536564347428513,0.0001303556341012077,1.1448963511792276,-0.0001623580110926004,-0.0008500494442402751,0.0002607112682024154
10.05,1162,0.010448230901390687,cube,0.523141079745978,-7.712961143452324e-05,-0.0003530534383319739,0.04633838613218673,-1.595940350973199e-05,-2.030768033911383e-05,0.5694794658781648,-9.30890149442587e-05,-0.00037336111867108945,4.889771959599644e-05,-0.000234483483910565,0.00012939726794423956,1.1389589317563296,-0.0001861780298885174,-0.0007467222373421789,0.0002587945358884791
10.100000000000001,1166,0.004362127422725237,cube,0.619280290429514,7.452407044555853e-06,-0.0006185188867464664,0.04632498325465572,-1.57057867829569e-05,-2.0429457039373988e-05,0.6656052736841698,-8.25337973839324e-06,-0.0006389483437858334,7.377548750716934e-05,-0.0003515714238977452,0.00020864189252379345,1.3312105473683395,-1.650675947678648e-05,-0.0012778966875716669,0.0004172837850475869
10.15,1172,0.011046551085255985,cube,0.5081361319375592,-7.277042532466416e-05,-0.0003204364010666316,0.046674040298643936,-1.632637958925119e-05,-2.060027493039178e-05,0.5548101722362032,-8.909680491389627e-05,-0.0003410366759969974,4.350358355233779e-05,-0.00022178383432321785,0.000119234445675645,1.1096203444724064,-0.00017819360982779253,-0.0006820733519939948,0.00023846889135129
10.200000000000001,1176,0.0017486648596030108,cube,0.8243171909293068,-0.00022221949173992228,-0.0011655950161368334,0.04626159340531451,-1.5568855648497894e-05,-2.025736271736231e-05,0.8705787843346213,-0.00023778834738844012,-0.001185852378854213,0.0001789120366371119,-0.000622566270229552,0.0004306566741745649,1.7411575686692427,-0.00047557669477688025,-0.002371704757708426,0.0008613133483491298
10.25,1186,0.006355629648743033,cube,0.5248295860880542,-0.00012778880014552296,-0.00042981558831434175,0.046689230309692555,-1.6346452825419938e-05,-2.023953589623713e-05,0.5715188163977467,-0.00014413525297093943,-0.000450055124210591,5.490849444649372e-05,-0.00025715222325560505,0.00013516486376082687,1.1430376327954934,-0.00028827050594187886,-0.000900110248421182,0.00027032972752165374
10.3,1191,0.009059576054657015,cube,0.5149441275863142,-7.841739764202771e-05,-0.00035521664001786357,0.04618178531011706,-1.5609358689291572e-05,-1.9950227656558017e-05,0.5611259128964313,-9.40267563313002e-05,-0.0003751668676744424,5.345946438456187e-05,-0.00023063928867303463,0.00012339490833523925,1.1222518257928626,-0.0001880535126626004,-0.0007503337353488848,0.0002467898166704785
10.350000000000001,1195,0.0104277717932586,cube,0.5183767515949473,-4.9556049753790576e-05,-0.00034668176952493135,0.045977167911117264,-1.5348545479751743e-05,-1.980953886151441e-05,0.5643539195060646,-6.49045952335614e-05,-0.0003664913083864241,4.777221615950152e-05,-0.00022710542022305602,0.00012139852029741799,1.1287078390121292,-0.0001298091904671228,-0.0007329826167728482,0.00024279704059483598
10.4,1199,0.004451492807044488,cube,0.6126413742389619,-7.833556870087688e-05,-0.0005682291987215704,0.04596920744431117,-1.5159811325366097e-05,-1.9899280362811397e-05,0.6586105816832731,-9.34953800262317e-05,-0.0005881284790843766,7.966914669134825e-05,-0.00034122211808423203,0.00021222801963436538,1.3172211633665463,-0.0001869907600524634,-0.0011762569581687532,0.00042445603926873077
10.450000000000001,1205,0.010248525352517746,cube,0.5118093779454216,-6.900636827233964e-05,-0.00032885937595517056,0.04634501392809125,-1.5769737448949675e-05,-2.0082460828334953e-05,0.5581543918735128,-8.477610572130145e-05,-0.0003489418367834951,4.472620928795553e-05,-0.00022644106221399868,0.00012253630663051907,1.1163087837470256,-0.0001695522114426029,-0.0006978836735669902,0.00024507261326103813
10.5,1209,0.005234441260203226,cube,0.5825713903600606,-7.790765012563594e-05,-0.000520108863278107,0.04599572941003782,-1.5109781262840141e-05,-1.985102272087161e-05,0.6285671197700984,-9.301743138848129e-05,-0.0005399598859990029,7.511025985298577e-05,-0.00031241539247505584,0.00018539492121125156,1.2571342395401968,-0.00018603486277696257,-0.0010799197719980058,0.0003707898424225031
10.55,1215,0.003256858301686094,cube,0.6334493313911875,-0.00012892544768675074,-0.0006229197854898116,0.04623647301954121,-1.5481492654523428e-05,-2.0066300039822856e-05,0.6796858044107287,-0.0001444069403412629,-0.0006429860855296232,8.735279785279409e-05,-0.0003788232264162264,0.0002475169632251348,1.3593716088214574,-0.0002888138806825258,-0.0012859721710592464,0.0004950339264502696
10.600000000000001,1222,0.011191589135504998,cube,0.49761327428270213,-7.66842211398222e-05,-0.0003105438974487229,0.046305290013636424,-1.577773878646757e-05,-1.9916335776044153e-05,0.5439185642963386,-9.246195992629325e-05,-0.00033046023322477747,4.390347123558884e-05,-0.00021462677054194523,0.00010904350539697044,1.0878371285926771,-0.0001849239198525865,-0.0006609204664495549,0.00021808701079394088
10.65,1226,0.0011151386561127907,cube,1.0016207230968013,-0.00024569155696221867,-0.0017096709119636677,0.0457736525174684,-1.486004306251211e-05,-1.953833870422389e-05,1.0473943756142696,-0.0002605516000247221,-0.0017292092506679124,0.0002733326954069578,-0.0008550871296718748,0.0006056948987409189,2.0947887512285392,-0.0005211032000494442,-0.003458418501335825,0.0012113897974818377
10.700000000000001,1238,0.006977390578503773,cube,0.5093663277532209,-9.6352538849237e-05,-0.0003641921594456088,0.04624006402453579,-1.5471725587645063e-05,-1.949880665988446e-05,0.5556063917777566,-0.00011182426443687166,-0.00038369096610549325,5.482212144240843e-05,-0.00023869938482140585,0.00012204545698060038,1.1112127835555132,-0.0002236485288737433,-0.0007673819322109865,0.00024409091396120075
10.75,1243,0.0050544408495110105,cube,0.559969592344178,-9.691354961918752e-05,-0.0004764553747945155,0.04564571859764857,-1.462020486281846e-05,-1.9140862971333238e-05,0.6056153109418265,-0.00011153375448200165,-0.0004955962377658496,7.709762244658064e-05,-0.00029027831047189617,0.0001696008392467821,1.211230621883653,-0.0002230675089640033,-0.0009911924755316992,0.0003392016784935642
10.8,1249,0.0048642475691345055,cube,0.5676060230508128,-5.602403437496295e-05,-0.0005026219123867026,0.04574446619637031,-1.5018406478397271e-05,-1.910726209860842e-05,0.613350489247183,-7.104244085337497e-05,-0.0005217291744853136,6.294460734475188e-05,-0.00029949963351688647,0.00017296693484631503,1.226700978494366,-0.00014208488170674993,-0.0010434583489706273,0.00034593386969263007
10.850000000000001,1255,0.0065626583474340805,cube,0.5383626049004355,-9.716965417491674e-05,-0.0004218334539163593,0.04576759733508238,-1.5112854807128144e-05,-1.9018899454090188e-05,0.5841302022355179,-0.00011228250898204228,-0.00044085235337046336,5.691769351251029e-05,-0.0002642529397370169,0.00015031254028097935,1.1682604044710359,-0.00022456501796408457,-0.0008817047067409267,0.0003006250805619587
10.9,1260,0.007725979989166021,cube,0.531867982621808,-7.343479142121745e-05,-0.0003806445752330967,0.04566040239033383,-1.4922860905147196e-05,-1.8989061952511335e-05,0.5775283850121418,-8.835765232637072e-05,-0.00039963363718562017,5.547047283277307e-05,-0.00025060959042942643,0.00014002009941083138,1.1550567700242835,-0.00017671530465274143,-0.0007992672743712403,0.00028004019882166276
10.950000000000001,1265,0.00023232730178968097,cube,2.932030161526547,-0.000641558898855088,-0.006306973658092407,0.04563948085161648,-1.4746557571145881e-05,-1.9042546986629966e-05,2.9776696423781632,-0.0006563054564262538,-0.00632601620507911,0.0009256147434965018,-0.0032680786244521087,0.002501933849289706,5.9553392847563265,-0.0013126109128525076,-0.01265203241015822,0.005003867698579412
11.0,1285,0.006859608073011003,cube,0.4931368526232159,-9.819668639254875e-05,-0.0003473084033792928,0.04578949107245338,-1.4481294387410498e-05,-1.857268528083697e-05,0.5389263436956693,-0.00011267798077996272,-0.00036588108866011937,5.667593022907302e-05,-0.00022396457198209374,0.00010501956867354362,1.0778526873913385,-0.00022535596155992543,-0.0007317621773202387,0.00021003913734708723
11.05,1290,0.005813148636892862,cube,0.5366703752271337,-5.980150807238793e-05,-0.00041476644296925547,0.045087333412898965,-1.3571823992666182e-05,-1.8088589738451087e-05,0.5817577086400326,-7.337333206505758e-05,-0.0004328550327077074,7.067082124825279e-05,-0.0002620022652397441,0.00014388659918783409,1.1635154172800652,-0.00014674666413011517,-0.0008657100654154148,0.00028777319837566817
11.100000000000001,1295,0.012554021740591281,cube,0.49687843432425766,-6.237252218871392e-05,-0.0002786915827112657,0.04518581805252764,-1.4062323179679648e-05,-1.8130288127830504e-05,0.5420642523767852,-7.64348453684005e-05,-0.00029682187083909795,4.292257421640878e-05,-0.00020262232638351696,0.0001059506003156796,1.0841285047535705,-0.000152869690736801,-0.0005936437416781959,0.0002119012006313592
11.15,1298,0.016857382604838378,cube,0.495396957974413,-9.337955078791982e-05,-0.0002860037475152233,0.044988712147731015,-1.394548006638293e-05,-1.8002453416583394e-05,0.540385670122144,-0.00010732503085431055,-0.0003040062009318223,4.410720102129953e-05,-0.0001984808928004872,0.00010458337404578577,1.080771340244288,-0.0002146500617086211,-0.0006080124018636446,0.00020916674809157154
11.200000000000001,1301,0.005496509923226256,cube,0.5994501125103888,-0.00014628131843072434,-0.0005538519003963072,0.04501952921491154,-1.4206461939227435e-05,-1.8214439207739526e-05,0.6444696417253004,-0.00016048778036995004,-0.0005720663396040493,8.382889451229298e-05,-0.0003281163557714434,0.00020551868059676126,1.2889392834506008,-0.0003209755607399001,-0.0011441326792080986,0.0004110373611935225
11.25,1307,0.000916606106383,cube,1.0886232504488498,-0.00033106794424020425,-0.001642090044779082,0.04570414821775242,-1.4432247596787677e-05,-1.9054011482464404e-05,1.1343273986666023,-0.0003455001918369893,-0.0016611440562615265,0.00022973997030288057,-0.0009399226777146302,0.0007202497404369124,2.2686547973332045,-0.0006910003836739786,-0.003322288112523053,0.0014404994808738247
11.3,1320,0.006464323942324768,cube,0.5098840815904112,-0.00010331490744452942,-0.0003754093104044731,0.04584781525502274,-1.466147760869653e-05,-1.8775492788896016e-05,0.5557318968454339,-0.00011797638505323116,-0.0003941848031933648,5.7030444577378534e-05,-0.0002452921560201632,0.00012452651097839829,1.1114637936908678,-0.00023595277010646232,-0.0007883696063867296,0.00024905302195679657
11.350000000000001,1325,0.008359410893122643,cube,0.5136685548466238,-7.58175629623492e-05,-0.00035568598868693235,0.045252616125739595,-1.3738678728510145e-05,-1.8503816519513036e-05,0.5589211709723633,-8.955624169085241e-05,-0.00037418980520645406,5.5887179488588674e-05,-0.00023339708472599335,0.00012342868454232742,1.1178423419447265,-0.00017911248338170482,-0.0007483796104129081,0.00024685736908465483
11.4,1329,0.013486093218837425,cube,0.4991178219351501,-6.245541284752298e-05,-0.00028442899235414654,0.04512974628701643,-1.3679598175313917e-05,-1.845829678605304e-05,0.5442475682221666,-7.613501102282649e-05,-0.0003028872891401857,4.3153238881093954e-05,-0.0002043298864946655,0.00010678427736741936,1.0884951364443332,-0.00015227002204565299,-0.0006057745782803714,0.0002135685547348387
11.450000000000001,1332,0.014396713902270264,cube,0.5062234760166032,-0.00017031393179145482,-0.00027009074644004927,0.045007370009146536,-1.375968522978211e-05,-1.831577470213716e-05,0.5512308460257498,-0.00018407361702124647,-0.000288406521142176,4.981937338786542e-05,-0.00020953126040631348,0.00012324385863224374,1.1024616920514996,-0.00036814723404249294,-0.000576813042284352,0.0002464877172644875
11.5,1335,0.011992675298005295,cube,0.5237642668387883,-3.724252827994046e-05,-0.0003645411042101643,0.045102756979598445,-1.3828642029888906e-05,-1.8686157392160466e-05,0.5688670238183867,-5.1071170309835434e-05,-0.00038322726160230913,4.38785923976231e-05,-0.0002314694792219102,0.00012362607700434902,1.1377340476367734,-0.00010214234061967087,-0.0007664545232046183,0.00024725215400869804
11.55,1338,0.018339337213266305,cube,0.500567113061141,-7.958433225641048e-05,-0.00037471974861658097,0.04532014652694086,-1.3668535062678726e-05,-1.926782975118519e-05,0.5458872595880819,-9.325286731909355e-05,-0.00039398757836778264,4.068051284148601e-05,-0.00021036231756678403,0.00010700612896962641,1.0917745191761639,-0.0001865057346381871,-0.0007879751567355653,0.00021401225793925283
11.600000000000001,1341,0.0015841497569777374,cube,0.9518088309360035,-0.0004087619517402219,-0.0015587500152205447,0.0453147277087224,-1.3801533179194289e-05,-1.945907201357424e-05,0.9971235586447259,-0.00042256348491942486,-0.001578209087234106,0.0002198546017009591,-0.0007681035072484022,0.0005562646331096349,1.9942471172894518,-0.0008451269698388497,-0.003156418174468212,0.0011125292662192698
11.65,1352,0.0006530720489745789,cube,1.1021662369353524,-0.0005041615824520618,-0.001834314349108579,0.046018777612399274,-1.4425597280328696e-05,-1.963884028990861e-05,1.1481850145477517,-0.0005185871797324104,-0.0018539531893984884,0.00026160394404408694,-0.0010458725289090448,0.000757066217641808,2.2963700290955034,-0.0010371743594648208,-0.003707906378796977,0.001514132435283616
11.700000000000001,1367,0.0036089565522967604,cube,0.5450635773717153,-0.00010566794291050341,-0.00045035777397517407,0.045637587731623415,-1.3794383217568922e-05,-1.9078736781026444e-05,0.5907011651033387,-0.00011946232612808361,-0.0004694365107561771,7.8869236317376e-05,-0.0002906436399500098,0.0001530215573651711,1.1814023302066774,-0.00023892465225616721,-0.0009388730215123542,0.0003060431147303422
11.75,1374,0.006996020182658214,cube,0.5136409306085838,-0.00013632216230116678,-0.000433156440281135,0.04517656446432286,-1.33939640089226e-05,-1.8659468150530358e-05,0.5588174950729068,-0.00014971612631009545,-0.00045181590843165753,5.4259441950241374e-05,-0.0002448633420408658,0.00012827679149527565,1.1176349901458136,-0.0002994322526201909,-0.0009036318168633151,0.0002565535829905513
11.8,1379,0.004934436391391017,cube,0.5653709980473224,-9.044398394947306e-05,-0.00045656628608009564,0.044934989836603524,-1.3351354001069765e-05,-1.8308305465876418e-05,0.6103059878839259,-0.0001037953379505463,-0.0004748745915459651,7.488480526447916e-05,-0.00029184019005704803,0.0001745050186945582,1.2206119757678517,-0.0002075906759010926,-0.0009497491830919302,0.0003490100373891164
11.850000000000001,1385,0.005935877779791099,cube,0.5460825640683529,-6.337203951359283e-05,-0.00044110835591684716,0.045133633115673304,-1.3943035321256972e-05,-1.8298506865984873e-05,0.5912161971840262,-7.7315074834855e-05,-0.00045940686278281295,5.6691095789026094e-05,-0.00027404642485377023,0.0001542237772774943,1.1824323943680524,-0.00015463014966971,-0.0009188137255656259,0.0003084475545549886
11.9,1390,0.011763449693695804,cube,0.5012947278303964,-6.385973140088375e-05,-0.0003033416826624946,0.045122268601120036,-1.398085353206558e-05,-1.836086885289613e-05,0.5464169964315164,-7.784058493293111e-05,-0.00032170255151539595,4.398588439147121e-05,-0.0002139605669595132,0.00011086053936498752,1.0928339928630328,-0.00015568116986586222,-0.0006434051030307919,0.00022172107872997504
11.950000000000001,1393,0.018944492808643076,cube,0.4893165404261818,-6.018251720515955e-05,-0.00026882140586723113,0.0448923619091436,-1.351624497282402e-05,-1.8396709250659456e-05,0.5342089023353254,-7.369876217797056e-05,-0.0002872181151178932,3.863162751570786e-05,-0.00019292659983799476,9.551494292261986e-05,1.0684178046706507,-0.0001473975243559411,-0.0005744362302357864,0.00019102988584523972
12.0,1395,0.027266608629627598,cube,0.4849005303162635,-2.1186733356853837e-05,-0.00026437211378704806,0.04473865543676217,-1.3605869694391023e-05,-1.8513662382273546e-05,0.5296391857530256,-3.4792603051253534e-05,-0.00028288577616933375,3.25489491869009e-05,-0.00018146416576352714,8.561382296708164e-05,1.0592783715060512,-6.958520610250707e-05,-0.0005657715523386675,0.00017122764593416329
12.05,1397,0.01728006964444795,cube,0.5133052059975158,-4.948237893745433e-05,-0.00033339569400825386,0.0447174277613039,-1.3457643236525381e-05,-1.8999437874434207e-05,0.5580226337588197,-6.294002217399619e-05,-0.0003523951318826768,4.378463362737887e-05,-0.0002136329646375973,0.00011167526805457018,1.1160452675176393,-0.00012588004434799238,-0.0007047902637653536,0.00022335053610914035
12.100000000000001,1400,0.0043806161386577,cube,0.6623528725062799,-0.00015348325268993435,-0.0006745143920242891,0.04517170930346041,-1.3743821960567407e-05,-2.007424755816941e-05,0.7075245818097403,-0.00016722707465050002,-0.0006945886395824385,9.033631125901135e-05,-0.00038993364301824485,0.00025562435274282397,1.4150491636194806,-0.00033445414930100004,-0.001389177279164877,0.0005112487054856479
12.15,1406,0.010881448331076626,cube,0.5120071112086353,-7.439531699249269e-05,-0.00033078082498122496,0.04588280219825215,-1.4195559954357888e-05,-2.067330867463503e-05,0.5578899134068874,-8.859087694687573e-05,-0.0003514541336558652,4.016398346758233e-05,-0.0002292291923281578,0.00012472979293862152,1.1157798268137749,-0.00017718175389375146,-0.0007029082673117304,0.00024945958587724304
12.200000000000001,1410,0.002469833689858092,cube,0.7178012540211005,-0.0001637561046950453,-0.0008888271549676585,0.04543965870798117,-1.3544513926537494e-05,-2.0307465102935122e-05,0.7632409127290818,-0.000177300618621562,-0.0009091346200705841,0.0001269276916127845,-0.0004943725980297298,0.0003248702676951071,1.5264818254581636,-0.000354601237243124,-0.0018182692401411682,0.0006497405353902141
12.25,1419,0.0011000054109615576,cube,0.8660564065911428,-0.0003102729994451381,-0.0012349283753586293,0.045759827725080075,-1.4417169505809638e-05,-2.021427484056454e-05,0.9118162343162228,-0.00032469016895095293,-0.0012551426501992147,0.00017390616421983905,-0.0007143091175159239,0.0005021370441370132,1.8236324686324457,-0.0006493803379019059,-0.0025102853003984293,0.0010042740882740264
12.3,1431,0.0075612387769776745,cube,0.4985373982790454,-8.835855874442244e-05,-0.0003363231372427722,0.04556184737961872,-1.4150900337411496e-05,-1.977823839452615e-05,0.5440992456586642,-0.00010250945908182874,-0.0003561013756372966,5.324474203615014e-05,-0.0002271447650076322,0.00011127937541242916,1.0881984913173284,-0.00020501891816365747,-0.0007122027512745932,0.00022255875082485832
12.350000000000001,1436,0.001293524294222692,cube,0.8448609040620128,-0.0002091050449880283,-0.0011911404001523074,0.04492170318998277,-1.3421013861637104e-05,-1.929827534784441e-05,0.8897826072519954,-0.0002225260588496758,-0.0012104386755001362,0.0002160954066652269,-0.000664174984981114,0.00046557780226211265,1.7795652145039909,-0.0004450521176993516,-0.0024208773510002723,0.0009311556045242253
12.4,1448,9.518306759304096e-05,cube,4.3668849718296325,-0.006350729492231366,-0.01369043705957318,0.04523909954901033,-1.4097864662248293e-05,-1.899699553812185e-05,4.412124071378643,-0.006364827356893588,-0.01370943405511138,0.0015283800258953453,-0.005861717899884378,0.004582354124692989,8.824248142757286,-0.012729654713787175,-0.02741886811022276,0.009164708249385978
12.450000000000001,1473,0.005170575720796933,cube,0.5002687122370395,-0.00011126378903369982,-0.00033232058108734197,0.04479784549581324,-1.3018233109517857e-05,-1.766589649120076e-05,0.5450665577328527,-0.00012428202214320727,-0.0003499864775785566,7.232736613767904e-05,-0.0002369571326834366,0.00011487806386135946,1.0901331154657055,-0.00024856404428641454,-0.0006999729551571132,0.00022975612772271892
12.5,1479,0.003827172459340389,cube,0.5668406950542554,-8.446923196822609e-05,-0.0004873338131290983,0.04425916650989563,-1.2562790770064697e-05,-1.7343883020805306e-05,0.611099861564151,-9.703202273828038e-05,-0.0005046776961498967,9.19577720762143e-05,-0.00029627619327041166,0.00019837816509676864,1.222199723128302,-0.00019406404547656075,-0.0010093553922997933,0.0003967563301935373
12.55,1486,0.004395780383058323,cube,0.5624572313095519,-9.921743331181565e-05,-0.00042451567551382574,0.04447588882416034,-1.330401704729197e-05,-1.734003085554839e-05,0.6069331201337124,-0.00011252145035911543,-0.00044185570636937066,7.35129053457173e-05,-0.00028211578430532847,0.00018497734490431628,1.2138662402674247,-0.00022504290071823085,-0.0008837114127387413,0.00036995468980863255
12.600000000000001,1492,0.01074603284171971,cube,0.49862977369252515,-6.72756122416518e-05,-0.0002949842571414729,0.04456181049550218,-1.3581673420019758e-05,-1.742713858104636e-05,0.5431915841880274,-8.085728566167849e-05,-0.00031241139572252274,4.56124655749622e-05,-0.00021023097520599804,0.00011265498023171894,1.0863831683760548,-0.00016171457132335698,-0.0006248227914450455,0.00022530996046343787
12.65,1496,0.0030613285473677365,cube,0.6561433156834569,-0.0005425055006300361,-0.0005751953575544588,0.044365369514583364,-1.365342864615652e-05,-1.7396761252484044e-05,0.7005086851980402,-0.0005561589292761848,-0.0005925921188069394,0.0001285452311165397,-0.0004145090367278642,0.0003101526703078311,1.4010173703960804,-0.0011123178585523696,-0.0011851842376138788,0.0006203053406156622
12.700000000000001,1504,0.0025522092436869315,cube,0.6456941462016309,-0.00018224558917234734,-0.0006865038574534188,0.04491183640193131,-1.4153422865706249e-05,-1.7912467050013384e-05,0.6906059826035622,-0.000196399012038051,-0.0007044163245034374,9.816965544009777e-05,-0.00041835736305733534,0.0002671638660631248,1.3812119652071244,-0.000392798024076102,-0.0014088326490068748,0.0005343277321262496
12.75,1512,0.010443092504752727,cube,0.4924831489922463,-8.046393062127732e-05,-0.00031268434746117846,0.044923690777386366,-1.4050259343382533e-05,-1.803479403345975e-05,0.5374068397696327,-9.451418996467287e-05,-0.00033071914149462867,4.5203873270675364e-05,-0.00021635135336280087,0.00010711349851262597,1.0748136795392653,-0.00018902837992934574,-0.0006614382829892573,0.00021422699702525194
12.8,1516,0.0043845719392408,cube,0.5889452748630493,-0.00028786414505782565,-0.0005568367158995391,0.044436647514301916,-1.3305830589106955e-05,-1.781230253538029e-05,0.6333819223773511,-0.00030116997564694215,-0.0005746490184349029,0.00010410965513466713,-0.0003378513934551436,0.0002217475820873796,1.2667638447547023,-0.0006023399512938843,-0.0011492980368698058,0.0004434951641747592
12.850000000000001,1522,0.010846123348335013,cube,0.5025506672548493,-5.920116500618411e-05,-0.00030215076339934477,0.0448201663184831,-1.3802980713121214e-05,-1.8152093238956064e-05,0.5473708335733324,-7.300414571931313e-05,-0.0003203028566382826,4.197545861933813e-05,-0.0002175311542566838,0.00011408437166716273,1.0947416671466648,-0.00014600829143862626,-0.0006406057132765652,0.00022816874333432546
12.9,1526,0.0026241332144714136,cube,0.6926101174501145,-0.0006204850822967289,-0.0006827204270100085,0.04454831093922834,-1.3541995311196903e-05,-1.7856282508673695e-05,0.7371584283893428,-0.0006340270776079293,-0.0007005767095186743,0.00014363162426461664,-0.0004656325059925609,0.0003556708179132395,1.4743168567786855,-0.0012680541552158586,-0.0014011534190373487,0.000711341635826479
12.950000000000001,1534,0.009328336782409963,cube,0.5028789118246878,-9.616512537144462e-05,-0.0003273981396710035,0.0450444535290571,-1.3983663970366933e-05,-1.8249054054806334e-05,0.5479233653537449,-0.00011014878934179073,-0.00034564719372581765,4.5818659283338474e-05,-0.00022802758825798963,0.00012043200614753752,1.0958467307074897,-0.00022029757868358146,-0.0006912943874516353,0.00024086401229507504
13.0,1538,0.009253824934431165,cube,0.5176961886167974,-7.122717146135216e-05,-0.0003633821548060523,0.0445883241841695,-1.3082422288202868e-05,-1.803997526395127e-05,0.562284512800967,-8.430959374955416e-05,-0.0003814221300700027,5.3282076781477995e-05,-0.00023797188142533898,0.0001273340368500367,1.124569025601934,-0.00016861918749910831,-0.0007628442601400054,0.0002546680737000734
13.05,1542,0.009579292686407115,cube,0.5235830242145239,-5.525558113403384e-05,-0.0003461948194532771,0.04460158877580877,-1.2972493665213726e-05,-1.82792827344248e-05,0.5681846129903326,-6.822807479925364e-05,-0.00036447410218770626,4.783967807364396e-05,-0.00023753554196290216,0.0001286681820119595,1.1363692259806653,-0.00013645614959850727,-0.0007289482043754125,0.000257336364023919
13.100000000000001,1546,0.008157649545774248,cube,0.5391014597265845,4.21070479561525e-06,-0.0003952135912474175,0.04467762687093322,-1.2829125019272504e-05,-1.8528934480642467e-05,0.5837790865975176,-8.618420223677203e-06,-0.0004137425257280669,4.7497509893516755e-05,-0.00025552740714539224,0.00013627834099785852,1.1675581731950353,-1.7236840447354407e-05,-0.0008274850514561338,0.00027255668199571703
13.15,1550,0.014367386784057246,cube,0.5004559284006005,-5.923302397997654e-05,-0.0002900470986324788,0.04481309274749516,-1.3003402730207836e-05,-1.8849225481828123e-05,0.5452690211480956,-7.223642671019825e-05,-0.00030889632411432166,3.781613313043102e-05,-0.0002095093171035345,0.00010907019849351607,1.0905380422961912,-0.0001444728534203965,-0.0006177926482286433,0.00021814039698703214
13.200000000000001,1553,0.012070098890090364,cube,0.516736779969301,-0.00019293387065733025,-0.0003113275817918648,0.04462839995329158,-1.2954203367467748e-05,-1.8729397422589944e-05,0.5613651799225926,-0.00020588807402480147,-0.00033005697921445476,5.1115283870871905e-05,-0.0002288743574788421,0.00013701745736104803,1.1227303598451852,-0.00041177614804960294,-0.0006601139584289095,0.00027403491472209607
13.25,1556,0.018134938930161937,cube,0.49783965446344736,1.1392825454259459e-05,-0.00026825371919095287,0.044736900868808605,-1.259590307994829e-05,-1.9329386722772082e-05,0.542576555332256,-1.203077625688831e-06,-0.00028758310591373015,2.9137686709947972e-05,-0.00019727702465686947,9.51719016225247e-05,1.085153110664512,-2.406155251377662e-06,-0.0005751662118274603,0.0001903438032450494
13.3,1559,0.002123761224371634,cube,0.8219028301630863,-0.00020974276262858416,-0.0010626339678383445,0.04469513547272207,-1.3072274833651754e-05,-1.9298733249212274e-05,0.8665979656358084,-0.00022281503746224285,-0.0010819327010875568,0.00016409775357657856,-0.0006076685287293715,0.0004254699331899675,1.7331959312716168,-0.0004456300749244857,-0.0021638654021751136,0.000850939866379935
13.350000000000001,1568,0.007951860156968138,cube,0.5126553517239395,-8.896982247563745e-05,-0.0003492004145036476,0.045420564345522565,-1.3961415012921433e-05,-1.9675664549538043e-05,0.558075916069462,-0.00010293123748855715,-0.0003688760790531709,4.7762965835705854e-05,-0.00024089087330917552,0.00012717998180862555,1.116151832138924,-0.0002058624749771143,-0.0007377521581063418,0.0002543599636172511
13.4,1572,0.015266274834361937,cube,0.48825207375516766,-6.327167988146032e-05,-0.00028445841474369904,0.044876324669120386,-1.3367597427146188e-05,-1.9423217390074875e-05,0.533128398424288,-7.663927730860998e-05,-0.00030388163213376784,4.048091634262839e-05,-0.00019886547479711775,9.646561665346137e-05,1.066256796848576,-0.00015327855461721995,-0.0006077632642675357,0.00019293123330692274
13.450000000000001,1575,0.009697034437285978,cube,0.5287089537038545,-0.0001594503425141891,-0.0003656608550252072,0.044507345520505774,-1.3183021370532025e-05,-1.9211853699525015e-05,0.5732162992243603,-0.00017263336388473327,-0.0003848727087247261,6.39781572236725e-05,-0.00024550569516340603,0.00014153300482944858,1.1464325984487207,-0.00034526672776946654,-0.0007697454174494522,0.00028306600965889717
13.5,1579,0.007643353577932999,cube,0.5494783041461854,-1.134469171931718e-05,-0.00039492817980432693,0.04476142843772729,-1.3318366982160816e-05,-1.9776108940857198e-05,0.5942397325839127,-2.4663058701468454e-05,-0.0004147042887451824,4.8357355913500384e-05,-0.0002621511427136347,0.00014529361592027085,1.1884794651678254,-4.932611740293691e-05,-0.0008294085774903648,0.0002905872318405417
13.55,1584,0.0007645735923880181,cube,1.2488687648155254,-0.0003223845730467856,-0.002111127370872795,0.04495583015321478,-1.3705908464948374e-05,-1.9909171275737762e-05,1.2938245949687404,-0.0003360904815117305,-0.002131036542148551,0.00028008926756904057,-0.0011438603019900129,0.0008692650702971094,2.5876491899374807,-0.000672180963023461,-0.004262073084297102,0.0017385301405942188
13.600000000000001,1598,0.0055049339156578725,cube,0.5173180915429731,-0.00010225383419568135,-0.00040154111501594647,0.04516808594695254,-1.4296349448895615e-05,-1.9527410049862207e-05,0.5624861774899257,-0.00011655018364456482,-0.0004210685250658208,6.0860774152418314e-05,-0.0002581278432136347,0.00013052983675432284,1.1249723549798514,-0.00023310036728912964,-0.0008421370501316416,0.0002610596735086457
13.65,1604,0.0008413805278877362,cube,1.003147594613279,-0.0003551207188181027,-0.0016231243134112727,0.04458273781381,-1.3669368421976094e-05,-1.917621672726383e-05,1.047730332427089,-0.00036879008724005624,-0.0016423005301385296,0.00028034870496178077,-0.0008990656271795627,0.0006463810631410216,2.095460664854178,-0.0007375801744801125,-0.0032846010602770592,0.0012927621262820432
13.700000000000001,1618,0.0010350833939813953,cube,0.7910598961593898,-0.0003164128994039561,-0.001112819926670755,0.044720467576087025,-1.3955737290065329e-05,-1.8658667010831506e-05,0.8357803637354767,-0.0003303686366940284,-0.0011314785936815674,0.00019042500907079637,-0.0006380240213458566,0.00042132145224792195,1.6715607274709534,-0.0006607372733880568,-0.002262957187363135,0.0008426429044958439
13.75,1631,0.0008370552855261337,cube,0.8610852091588317,-0.00041212155263878336,-0.0012621425954976173,0.04445717262986506,-1.368035404425861e-05,-1.8051464701976383e-05,0.9055423817886967,-0.00042580190668303763,-0.0012801940601995798,0.0002390118539552238,-0.0007177067767096534,0.0005199479180738459,1.8110847635773935,-0.0008516038133660753,-0.0025603881203991596,0.0010398958361476918
13.8,1645,0.0012867948663952689,cube,0.7110091347627119,-0.00020482376718522488,-0.0009427360545785357,0.04427277748279779,-1.3466721688968307e-05,-1.7511239868257637e-05,0.7552819122455097,-0.00021829048887417324,-0.0009602472944467977,0.00015889945378421558,-0.0005438443489960143,0.00032269338347561127,1.5105638244910193,-0.0004365809777483465,-0.0019204945888935954,0.0006453867669512225
13.850000000000001,1657,0.00035480777297003385,cube,1.4093048173376097,0.00040451134487656804,-0.003292464288438046,0.04411553480468657,-1.339079682322053e-05,-1.7204956291714917e-05,1.4534203521422964,0.0003911205480533475,-0.0033096692447297515,0.0004265650773552247,-0.0015872253155722882,0.0008765362171541391,2.9068407042845927,0.000782241096106695,-0.006619338489459503,0.0017530724343082782
13.9,1675,0.004898018685672412,cube,0.5084397956315397,-0.00011068784103426821,-0.00036727520258258983,0.043993388338304296,-1.297557469667407e-05,-1.6616868907639963e-05,0.5524331839698441,-0.00012366341573094575,-0.0003838920714902272,6.977616790965823e-05,-0.0002511761583787603,0.00012627107100305485,1.1048663679396882,-0.0002473268314618915,-0.0007677841429804544,0.0002525421420061097
13.950000000000001,1681,0.006261084978440579,cube,0.5225548075634651,-6.451077288763263e-05,-0.00035604695043142676,0.04361214060066278,-1.2564487210710643e-05,-1.650250916144548e-05,0.5661669481641278,-7.707526009834154e-05,-0.00037254945959286356,6.45812001458664e-05,-0.00025015569851778025,0.00013583590073632662,1.1323338963282557,-0.00015415052019668307,-0.0007450989191857271,0.00027167180147265324
14.0,1686,0.009668595002876756,cube,0.508545552146544,-7.067485379605443e-05,-0.0002952359939309146,0.04368598880611098,-1.2832888559248697e-05,-1.669492702854186e-05,0.5522315409526549,-8.350774235529879e-05,-0.0003119309209594634,5.0746992672068573e-05,-0.00022341069287966364,0.00011764029388639657,1.1044630819053098,-0.00016701548471059757,-0.0006238618419189268,0.00023528058777279315
14.05,1690,0.007767577027435024,cube,0.535973509239344,-0.00016039079888113816,-0.0003606120518631628,0.04373578819210324,-1.3327851195431457e-05,-1.6851849756006898e-05,0.5797092974314472,-0.00017371865007656528,-0.00037746390161916277,5.559110848947694e-05,-0.0002524026876650834,0.00016333791356271804,1.1594185948628943,-0.00034743730015313057,-0.0007549278032383255,0.0003266758271254361
14.100000000000001,1694,0.01607122354416468,cube,0.4932899627994603,-0.0001910892952147747,-0.0002134611220765137,0.04402080162137058,-1.3449068941865684e-05,-1.7510240264024916e-05,0.5373107644208308,-0.00020453836415665338,-0.00023097136234054294,4.14278367070894e-05,-0.00020198324525369515,0.00011739055975752699,1.0746215288416616,-0.00040907672831330677,-0.0004619427246810859,0.00023478111951505398
14.15,1697,0.007571969843404247,cube,0.5521763571605636,-0.0001515356430144832,-0.00040141699819787324,0.04392341267336684,-1.3227831461318403e-05,-1.7596846146954517e-05,0.5960997698339304,-0.00016476347447577644,-0.0004190138443448399,7.135190470152743e-05,-0.00027619334168269005,0.0001673935632675802,1.1921995396678609,-0.0003295269489515529,-0.0008380276886896798,0.0003347871265351604
14.200000000000001,1702,0.0012243990567277763,cube,0.9612833877514311,-0.0010897329259684507,-0.0009167367146003802,0.04442663324285846,-1.3391392235985629e-05,-1.8496702130771717e-05,1.0057100209942895,-0.001103124318204446,-0.0009352334167311571,0.00017536253938037834,-0.0007654164515144835,0.0006536227752553664,2.011420041988579,-0.002206248636408892,-0.0018704668334623142,0.0013072455505107328
14.25,1714,0.0027620694476908625,cube,0.5969172860861989,-0.00015543860808805987,-0.0006016694253268839,0.04473472300289218,-1.3602312455784048e-05,-1.8410460234469413e-05,0.641652009089091,-0.00016904092054384479,-0.0006200798855613421,8.721866238858588e-05,-0.000372007626342985,0.00021709066000634436,1.283304018178182,-0.00033808184108768957,-0.0012401597711226842,0.0004341813200126887
14.3,1722,0.007190451406749787,cube,0.50857055677218,-8.780110971032262e-05,-0.00035094364090626495,0.044421499396516954,-1.3063246614835981e-05,-1.8167337559881445e-05,0.552992056168697,-0.00010086435632516988,-0.00036911097846614727,5.364511125251489e-05,-0.00024072727366228341,0.00012415734516407068,1.105984112337394,-0.00020172871265033976,-0.0007382219569322945,0.00024831469032814135
14.350000000000001,1727,0.003681988218279031,cube,0.5978900341655147,-9.892640306166656e-05,-0.0005652189920897777,0.04407213361138408,-1.2539237993534381e-05,-1.7885550228339056e-05,0.6419621677768987,-0.00011146564105518619,-0.000583104542318108,8.600380499304895e-05,-0.00034589176825185197,0.00020812833620533627,1.2839243355537975,-0.00022293128211037239,-0.001166209084636216,0.00041625667241067255
14.4,1734,0.006125781861854307,cube,0.5331500732540887,-8.46342491861718e-05,-0.000391853049437757,0.044328937306210264,-1.311384465249154e-05,-1.786941382164991e-05,0.5774790105602989,-9.774809383863992e-05,-0.0004097224632594043,5.5641889846003534e-05,-0.0002648067925173428,0.00014681233711513753,1.1549580211205979,-0.00019549618767727983,-0.0008194449265188086,0.00029362467423027505
14.450000000000001,1739,0.010540163558680149,cube,0.5033381324850074,-6.360093112342535e-05,-0.00031284427061289977,0.04418718310064412,-1.2855178097541907e-05,-1.779029180356672e-05,0.5475253155856514,-7.645610922096813e-05,-0.00033063456241644307,4.49050245801519e-05,-0.0002217894539919829,0.00011476425225271508,1.0950506311713029,-0.00015291221844193625,-0.0006612691248328861,0.00022952850450543016
14.5,1743,0.003960565575685138,cube,0.6142250298452241,-0.0002395516104959916,-0.0005998343175002974,0.04403085437468287,-1.2665522000653018e-05,-1.7789296304077454e-05,0.6582558842199069,-0.00025221713249665156,-0.00061762361380438,9.617889256491988e-05,-0.00036780781072490165,0.00023486738917206235,1.3165117684398138,-0.0005044342649933031,-0.00123524722760876,0.0004697347783441247
14.55,1750,0.0028062808144291296,cube,0.638039532503231,-0.00013374249997258336,-0.0006478570500051684,0.04445543011410358,-1.3266950914851694e-05,-1.8038295977997054e-05,0.6824949626173347,-0.000147009450887442,-0.0006658953459831862,8.878247183983742e-05,-0.000402307216794226,0.000256273922502194,1.3649899252346693,-0.000294018901774884,-0.0013317906919663725,0.000512547845004388
14.600000000000001,1758,0.006505215684549981,cube,0.5212317578390935,-9.01746117971669e-05,-0.0003844797589716564,0.04447591332145978,-1.3373904542156138e-05,-1.8033299025620002e-05,0.5657076711605532,-0.0001035485163393135,-0.00040251305799729464,5.4867499075637786e-05,-0.00025733806182087066,0.0001358227613471666,1.1314153423211064,-0.000207097032678627,-0.0008050261159945893,0.0002716455226943332
14.65,1763,0.008096002646400535,cube,0.5181394325161864,-7.12738918764444e-05,-0.0003610153451931719,0.04415613090116572,-1.2889676865595993e-05,-1.7964986264704975e-05,0.5622955634173521,-8.416356874202391e-05,-0.0003789803314578899,5.3454971877982565e-05,-0.00024306376979633948,0.00012872090394346752,1.1245911268347042,-0.00016832713748404782,-0.0007579606629157798,0.00025744180788693505
14.700000000000001,1767,0.01463666044052303,cube,0.49268035317866815,-6.485451638685302e-05,-0.000275931128198903,0.044076315109665525,-1.2874455436352218e-05,-1.8049613859070363e-05,0.5367566682883337,-7.772897182320437e-05,-0.00029398074205796987,4.0088978028034915e-05,-0.00020269725978976083,0.00010188501508103659,1.0735133365766674,-0.00015545794364640875,-0.0005879614841159397,0.00020377003016207318
14.75,1770,0.011359216437018205,cube,0.5168948991446862,-0.00017807107962630742,-0.00030412104631921677,0.043901148676326815,-1.2924194046144699e-05,-1.7955034979375353e-05,0.560796047821013,-0.00019099527367244518,-0.00032207608129858345,5.2641724326109724e-05,-0.0002301395291432612,0.0001350835821665522,1.121592095642026,-0.00038199054734489035,-0.0006441521625971669,0.0002701671643331044
14.8,1774,0.0003829426031050076,cube,2.1964127007563814,-0.00432799549308116,-0.0038645317648328126,0.0441692076582814,-1.3119947263883457e-05,-1.858906740552762e-05,2.2405819084146628,-0.004341115440345045,-0.0038831208322383515,0.0007622271385920185,-0.0023719364995778702,0.002181726989988003,4.4811638168293255,-0.00868223088069009,-0.007766241664476703,0.004363453979976006
14.850000000000001,1792,0.0013216128690594076,cube,0.7007137080546445,-0.00023712423501159874,-0.0009088630857718161,0.04453279476539436,-1.3402986781943516e-05,-1.8352703526693624e-05,0.7452465028200388,-0.0002505272217935284,-0.0009272157892985244,0.00014534657015167132,-0.0005305192156719457,0.000323508608715925,1.4904930056400776,-0.0005010544435870568,-0.0018544315785970489,0.00064701721743185
14.9,1803,0.008831205988348856,cube,0.4845471763918728,-7.883206434528e-05,-0.00029321977873689176,0.04418077521119462,-1.2953644721328851e-05,-1.786791073983378e-05,0.5287279516030674,-9.178570906659411e-05,-0.00031108768947674115,4.96709064715055e-05,-0.00020850448367541047,0.0001010930845519592,1.0574559032061348,-0.00018357141813318822,-0.0006221753789534823,0.0002021861691039184
14.950000000000001,1807,0.011425292242892127,cube,0.49491571832454284,-5.210991451456981e-05,-0.0002957169067232812,0.04360032701454022,-1.2369645168752545e-05,-1.7481943461934192e-05,0.5385160453390831,-6.447955968333363e-05,-0.00031319885018521454,4.9116051219297204e-05,-0.0002082041476374613,0.00010419759320295235,1.0770320906781663,-0.00012895911936666726,-0.0006263977003704291,0.0002083951864059047
15.0,1811,9.432348304549976e-05,cube,6.882211838819903,-0.013953460920941962,-0.014082327072489464,0.04361807359874625,-1.3134373472062887e-05,-1.7479348811507388e-05,6.92582991241865,-0.01396659529441413,-0.014099806421300931,0.0030851352112462936,-0.008527177631818761,0.007780043754007759,13.8516598248373,-0.02793319058882826,-0.028199612842601862,0.015560087508015519
15.05,1836,0.005575423782117284,cube,0.494983317181344,-0.000108324413421651,-0.00036058389968310345,0.04398506841616777,-1.2972687199461382e-05,-1.7052448351643178e-05,0.5389683855975117,-0.00012129710062111498,-0.0003776363480347267,6.421748439392232e-05,-0.0002385500907326546,0.00010440105096752583,1.0779367711950234,-0.00024259420124222997,-0.0007552726960694534,0.00020880210193505166
15.100000000000001,1842,0.000211911659595998,cube,2.4802878855344925,-6.28475162295361e-05,-0.0062931765940063555,0.04343401838665358,-1.239793024571112e-05,-1.6843566329997547e-05,2.523721903921146,-7.524544647524722e-05,-0.006310020160336327,0.0009369201877462191,-0.0029030315201778456,0.0021239551612483587,5.047443807842292,-0.00015049089295049445,-0.012620040320672654,0.004247910322496717
15.15,1863,0.0025263634080410213,cube,0.5638075627105574,-0.00018298608310160502,-0.0005347441842541156,0.04365304648537978,-1.2674297003148483e-05,-1.623575125637034e-05,0.6074606091959373,-0.00019566038010476738,-0.0005509799355104816,0.00010371957841317714,-0.00033616607131842224,0.0001776730197760104,1.2149212183918745,-0.00039132076020953477,-0.0011019598710209633,0.0003553460395520208
15.200000000000001,1871,0.010843679303157217,cube,0.47923059559131576,-6.575615387210965e-05,-0.0002928913021135737,0.043416978562723925,-1.2508478277697445e-05,-1.6151138080399384e-05,0.5226475741540397,-7.826463214979928e-05,-0.000309042440193974,4.484844551338943e-05,-0.00020306322477670058,9.196051115227533e-05,1.0452951483080795,-0.00015652926429959857,-0.000618084880387948,0.00018392102230455065
15.25,1875,0.002634808803808397,cube,0.6654427730183861,-0.00048665137285378024,-0.0006042998536727739,0.0430766489514852,-1.2521063989334377e-05,-1.5951449869808232e-05,0.7085194219698712,-0.0004991724368431372,-0.0006202513035425683,0.0001547376232529571,-0.00046306400651310864,0.00029743281088488727,1.4170388439397423,-0.0009983448736862743,-0.0012405026070851366,0.0005948656217697745
15.3,1883,0.00916287491798684,cube,0.49973465546020646,-7.229654331120106e-05,-0.00032086385119187155,0.04374936986009658,-1.3366099997584764e-05,-1.661476390438059e-05,0.543484025320303,-8.566264330878148e-05,-0.0003374786150962539,4.5548475757246483e-05,-0.00023073499064034386,0.00011053744424338596,1.086968050640606,-0.00017132528661756297,-0.0006749572301925078,0.00022107488848677193
15.350000000000001,1887,0.00997656235823463,cube,0.509884415029914,-0.00020728497247962663,-0.0002966422074444086,0.043469875813907946,-1.2963433245099035e-05,-1.663954889831367e-05,0.553354290843822,-0.0002202484057247378,-0.00031328175634273703,6.016465612013187e-05,-0.00022445559643041735,0.0001479444884606232,1.106708581687644,-0.0004404968114494756,-0.0006265635126854741,0.0002958889769212464
15.4,1891,0.0064223756192287595,cube,0.5553433305047639,-0.0002615699792677395,-0.0002527436071619593,0.04357836466071775,-1.301949013871994e-05,-1.7157072904674768e-05,0.5989216951654817,-0.0002745894694064499,-0.0002699006800666315,7.629131444636531e-05,-0.0002718202874437761,0.0001830384889914896,1.1978433903309633,-0.0005491789388128998,-0.000539801360133263,0.0003660769779829792
15.450000000000001,1896,0.008629625211176162,cube,0.5245464905561992,2.9614680440076535e-05,-0.0003244704101899587,0.04392874746404558,-1.2775811405390386e-05,-1.7736527562917798e-05,0.5684752380202447,1.6838869034696557e-05,-0.0003422069377528869,4.287528219856555e-05,-0.00024297408275714139,0.00012380694130590536,1.1369504760404894,3.3677738069393115e-05,-0.0006844138755057738,0.0002476138826118107
15.5,1900,0.01230579707758217,cube,0.5050744745750402,-2.332281567454797e-05,-0.0003510694223815558,0.04391555577652677,-1.2740228828704916e-05,-1.807090452172512e-05,0.5489900303515669,-3.606304450326503e-05,-0.00036914032690327225,4.289593927717399e-05,-0.00022600643351370492,0.00011082025228089515,1.0979800607031338,-7.212608900653006e-05,-0.0007382806538065445,0.0002216405045617903
15.55,1903,0.01751269571518499,cube,0.4933090961790297,-1.4448341968148481e-05,-0.0002997856217742123,0.043837931919782906,-1.2578795227868866e-05,-1.8146151329029303e-05,0.5371470280988127,-2.7027137196017348e-05,-0.0003179317731032416,3.825107832516849e-05,-0.0002028222051149997,9.755149890725706e-05,1.0742940561976253,-5.4054274392034696e-05,-0.0006358635462064832,0.00019510299781451412
15.600000000000001,1906,0.0037664833119119834,cube,0.6568501577829551,-0.00014565558884682694,-0.0007062448904745777,0.04381516116515264,-1.2448124324794356e-05,-1.8403580146548158e-05,0.7006653189481077,-0.00015810371317162564,-0.0007246484706211198,0.00010223211578731769,-0.0004122289885077901,0.0002654569618404101,1.4013306378962154,-0.0003162074263432513,-0.0014492969412422396,0.0005309139236808202
15.65,1913,0.00511894643765487,cube,0.560656079190451,-9.899044286909575e-05,-0.0004551826926778302,0.04451312038641871,-1.3026377093875406e-05,-1.9061149071203203e-05,0.6051691995768698,-0.00011201681996297896,-0.00047424384174904466,5.780756253754157e-05,-0.0003019239734813328,0.0001805286388271224,1.2103383991537395,-0.00022403363992595793,-0.0009484876834980893,0.0003610572776542448
15.700000000000001,1919,0.004288217827458141,cube,0.5764957633162721,-0.00010344955458735372,-0.0005178900041356016,0.04432786384808679,-1.2943939272728675e-05,-1.8861423201180054e-05,0.6208236271643588,-0.00011639349386008413,-0.0005367514273368068,6.973348477385424e-05,-0.0003260107429084516,0.0001911592527316791,1.2416472543287176,-0.00023278698772016826,-0.0010735028546736136,0.0003823185054633582
15.75,1925,0.011706557858223832,cube,0.49296029819645737,-6.700493105507577e-05,-0.0003003876992672405,0.04430552970098978,-1.3164225308761636e-05,-1.8863087462875523e-05,0.5372658278974471,-8.01691563638296e-05,-0.0003192507867300909,4.078188918044114e-05,-0.0002137350222623166,0.00010441407195753427,1.0745316557948943,-0.0001603383127276592,-0.0006385015734601818,0.00020882814391506854
15.8,1928,0.019094687254289866,cube,0.48342700049369625,-4.7987129888016344e-05,-0.00026915786592682234,0.043893528422288726,-1.2552653141871192e-05,-1.861437984490566e-05,0.5273205289159849,-6.0539783029861516e-05,-0.000287772245771728,3.710518919677472e-05,-0.00019151615789202853,8.954985039104357e-05,1.0546410578319698,-0.00012107956605972303,-0.000575544491543456,0.00017909970078208715
15.850000000000001,1930,0.027086375294853582,cube,0.4812665318516829,-9.438033297848314e-05,-0.00023161969581364517,0.04367097757475197,-1.2526850905326785e-05,-1.8552578698663447e-05,0.5249375094264348,-0.00010690718388381426,-0.00025017227451229473,3.45944535415092e-05,-0.00018040669516049962,9.049140749455703e-05,1.0498750188528696,-0.00021381436776762852,-0.0005003445490245895,0.00018098281498911406
15.9,1932,0.017496349646174636,cube,0.5085376263623052,-4.1500532575483584e-05,-0.00032073300332238763,0.04362677215465184,-1.2612325240008056e-05,-1.8867618411353912e-05,0.5521643985169571,-5.411285781550812e-05,-0.0003396006217337433,4.077577189210607e-05,-0.0002123349980245673,0.0001069897657434149,1.1043287970339142,-0.00010822571563101624,-0.0006792012434674866,0.0002139795314868298
15.950000000000001,1935,0.0038096369341005243,cube,0.6833075104127803,-0.00016371470898887686,-0.000717525651734191,0.04407152733920242,-1.3026245939607405e-05,-1.9884537189010683e-05,0.7273790377519826,-0.00017674095492850594,-0.0007374101889232043,9.315130865954714e-05,-0.0004202034784270281,0.00027960173994294457,1.4547580755039653,-0.0003534819098570119,-0.0014748203778464086,0.0005592034798858891
16.0,1942,0.0046047320184001705,cube,0.5780785051166103,-0.00011380897351612185,-0.0005095705405573636,0.04480005401450067,-1.3758586140783478e-05,-2.0395261691680787e-05,0.6228785591311109,-0.00012756755965689925,-0.0005299658022490383,6.097336660703426e-05,-0.00032255980021838465,0.0001949594771196439,1.2457571182622218,-0.0002551351193137985,-0.0010599316044980767,0.0003899189542392878
16.05,1948,0.008880111454249828,cube,0.5114931140354442,-7.629038691325807e-05,-0.00035777264436540057,0.04459260700943036,-1.3877531194351339e-05,-2.0194492671809887e-05,0.5560857210448746,-9.016791810761982e-05,-0.00037796713703722173,4.626956441229854e-05,-0.00023830902406375698,0.00012311348083964002,1.1121714420897493,-0.00018033583621523963,-0.0007559342740744435,0.00024622696167928004
16.1,1952,0.011211673167835556,cube,0.5073293670409387,-6.310869716813494e-05,-0.00032969326480938865,0.0442323792274618,-1.360156125721542e-05,-2.002508422704278e-05,0.5515617462684004,-7.671025842534429e-05,-0.0003497183490364375,4.5836110055663184e-05,-0.00022481485491573222,0.00011278796681991193,1.1031234925368008,-0.00015342051685068858,-0.000699436698072875,0.00022557593363982387
16.150000000000002,1956,0.0010274116028945457,cube,1.0764544598225458,-0.0002448273085128849,-0.0017001984074119514,0.044126678894259086,-1.3544823330466187e-05,-2.0073636742666198e-05,1.1205811387168048,-0.0002583721318433485,-0.0017202720441546193,0.0002577960242096354,-0.000952687966781024,0.0006703397666563832,2.2411622774336095,-0.000516744263686697,-0.0034405440883092386,0.0013406795333127663
16.2,1969,0.0012014392986969824,cube,0.7693833984563054,-0.0002949262443703582,-0.0010227702958844065,0.04456841747212721,-1.4469802187269329e-05,-1.987106083270202e-05,0.8139518159284327,-0.0003093960465576362,-0.0010426413567171111,0.00016682967607969089,-0.0006328865003632778,0.0003775068161211148,1.6279036318568654,-0.0006187920931152724,-0.0020852827134342222,0.0007550136322422296
16.25,1981,0.0036478684438634446,cube,0.5494966681481945,-0.0001308135239490582,-0.0004810538162572098,0.04423526019860771,-1.4065812855986251e-05,-1.9440725055472168e-05,0.5937319283468022,-0.00014487933680504272,-0.0005004945413126793,7.854219048186e-05,-0.0003030588395991282,0.00015948008208914455,1.1874638566936044,-0.00028975867361008545,-0.0010009890826253587,0.0003189601641782891
16.3,1988,0.006532349818293426,cube,0.5173994561874364,-9.157463109948916e-05,-0.000367260073857234,0.04390324999705029,-1.3911623653413766e-05,-1.9141552659924198e-05,0.5613027061844867,-0.00010548625475290119,-0.00038640162651715215,5.9471586979056635e-05,-0.00024745569011130897,0.0001280825308671435,1.1226054123689735,-0.00021097250950580237,-0.0007728032530343043,0.000256165061734287
16.35,1993,0.007921215410480187,cube,0.5204820005187915,-5.891118932915829e-05,-0.0003847113723881579,0.04372777816910642,-1.3962016039348844e-05,-1.9027191043794085e-05,0.5642097786878979,-7.287320536850106e-05,-0.0004037385634319546,5.251902643473683e-05,-0.0002440697531039676,0.0001231689437746833,1.1284195573757958,-0.00014574641073700212,-0.0008074771268639092,0.0002463378875493666
16.400000000000002,1997,0.015400131087023539,cube,0.4916090741250595,-6.541464994683222e-05,-0.00027093134883576786,0.04373531857050892,-1.4161439170000227e-05,-1.9143939164440772e-05,0.5353443926955684,-7.95760891168229e-05,-0.00029007528800020776,3.914089151407795e-05,-0.00019946929932864593,9.78042767579082e-05,1.0706887853911369,-0.0001591521782336458,-0.0005801505760004155,0.0001956085535158164
16.45,2000,0.009343653930255158,cube,0.5322288204819396,-8.592963046119562e-05,-0.00038985804308985794,0.04359849568964196,-1.4423765000560682e-05,-1.9072657096406986e-05,0.5758273161715817,-0.00010035339546177191,-0.0004089307001862441,5.6164848665088535e-05,-0.00025361199976359217,0.00013354741927423808,1.1516546323431633,-0.00020070679092354382,-0.0008178614003724882,0.00026709483854847615
16.5,2004,0.009186919632647061,cube,0.5336641842279194,-6.447820764637902e-05,-0.0003744980763914496,0.04397074844955921,-1.4642598028465764e-05,-1.9908720549300686e-05,0.5776349326774786,-7.912080567484825e-05,-0.0003944067969407494,5.0658385292333054e-05,-0.0002514336562266725,0.00013670322097304038,1.1552698653549571,-0.0001582416113496965,-0.0007888135938814989,0.00027340644194608077
16.55,2008,0.009871535044602808,cube,0.5263710577289538,-0.0003494832464193409,-0.0003383049617315115,0.044110515725252035,-1.4548925658199041e-05,-2.021275939313987e-05,0.5704815734542058,-0.000364032172077533,-0.0003585177211246626,5.940105543796776e-05,-0.000249655742923717,0.00016204833632935123,1.1409631469084116,-0.000728064344155066,-0.0007170354422493252,0.00032409667265870246
16.6,2012,0.006881134925176724,cube,0.5569955553863672,-0.00026618740599620994,-0.0003908845829049268,0.044149887876271304,-1.456324208659425e-05,-2.0457762263889796e-05,0.6011454432626385,-0.0002807506480828059,-0.0004113423451688192,6.59319946725339e-05,-0.00028472113852836406,0.00018018283444073968,1.202290886525277,-0.0005615012961656118,-0.0008226846903376384,0.00036036566888147936
16.650000000000002,2017,0.005674481265984355,cube,0.5670923352792618,-0.00010178413417544219,-0.0004710094881757443,0.04433040105856234,-1.441275981301296e-05,-2.0819327611670477e-05,0.6114227363378242,-0.00011619689398845168,-0.0004918288157874373,6.089005964135911e-05,-0.0003009882528137442,0.00017337800864263703,1.2228454726756484,-0.00023239378797690335,-0.0009836576315748746,0.00034675601728527405
16.7,2022,0.01344726147702957,cube,0.49686880207171946,-6.064970879246512e-05,-0.0003059862010969805,0.04438281431640194,-1.4605715077883191e-05,-2.0855227379658683e-05,0.5412516163881214,-7.525542387035178e-05,-0.00032684142847663744,3.7969289699029314e-05,-0.00021239344719160141,0.00010487503828641997,1.0825032327762427,-0.00015051084774070356,-0.0006536828569532749,0.00020975007657283995
16.75,2025,0.014499229700643212,cube,0.5026274255354602,-0.00011858788802779352,-0.0003169580981723652,0.0440074794470723,-1.4163362792604314e-05,-2.0566199576338602e-05,0.5466349049825325,-0.0001327512508204065,-0.0003375242977487203,4.8723285334996815e-05,-0.0002172157902096683,0.00011315095689892751,1.093269809965065,-0.000265502501640813,-0.0006750485954974406,0.00022630191379785503
16.8,2028,0.011722033590302772,cube,0.522888008536062,-6.0673037048319944e-05,-0.0003536799308933858,0.043971476354304206,-1.4214935373844592e-05,-2.0713669523895854e-05,0.5668594848903663,-7.488797242216627e-05,-0.00037439360041729985,4.760737156051985e-05,-0.00023567203183709473,0.0001242015238664823,1.1337189697807326,-0.00014977594484433254,-0.0007487872008345997,0.0002484030477329646
16.85,2031,0.0190538313216031,cube,0.4973981106247144,0.00010615788437123852,-0.00034826765464909815,0.04414523617498302,-1.3976057804668783e-05,-2.1460819120587386e-05,0.5415433467996975,9.218182656656193e-05,-0.00036972847376970375,2.741872854633143e-05,-0.00020289121872531235,8.295575278152029e-05,1.083086693599395,0.00018436365313312386,-0.0007394569475394075,0.00016591150556304057
16.900000000000002,2033,0.027135402414078413,cube,0.4873893924034623,-2.1860166224713096e-05,-0.0002822750140337449,0.044037622518058726,-1.4128269027057112e-05,-2.1231801744520627e-05,0.531427014921521,-3.598843525176587e-05,-0.00030350681577825944,3.134028935580202e-05,-0.00018737231871743948,8.658090640502325e-05,1.062854029843042,-7.197687050353174e-05,-0.0006070136315565189,0.0001731618128100465
16.95,2035,0.017437517103104483,cube,0.5126971256555681,-3.462149787092361e-05,-0.000312077723925247,0.04394969404559688,-1.394830197582169e-05,-2.133865357353045e-05,0.556646819701165,-4.85697998467427e-05,-0.0003334163774987575,4.261338526651628e-05,-0.00021742119607317395,0.00010886957175302442,1.11329363940233,-9.71395996934854e-05,-0.000666832754997515,0.00021773914350604884
17.0,2038,0.00396495484780246,cube,0.6796062712033081,-0.00015521582817204505,-0.0007047862997495991,0.044309227561083395,-1.4197306015469556e-05,-2.215387363598085e-05,0.7239154987643914,-0.0001694131341875016,-0.0007269401733855929,9.547608514327893e-05,-0.00042049055145186587,0.00027140345621998185,1.4478309975287829,-0.0003388262683750032,-0.0014538803467711858,0.0005428069124399637
17.05,2045,0.002753978669254309,cube,0.663262563850545,-0.00018846990302856526,-0.0006967170578578707,0.04495912025009546,-1.4758337829849297e-05,-2.24405326873945e-05,0.7082216841006406,-0.0002032282408584163,-0.0007191575905452496,8.630665483609393e-05,-0.00043185135021900356,0.0002791673948424056,1.4164433682012811,-0.0004064564817168326,-0.0014383151810904993,0.0005583347896848112
17.1,2053,0.007315851067833279,cube,0.5172819208326915,-8.684389212246235e-05,-0.0004121619280504085,0.04480807033638987,-1.5007596058824735e-05,-2.2021103876701184e-05,0.5620899911690813,-0.00010185148818128709,-0.0004341830319271045,5.050566755799545e-05,-0.00025007134677339227,0.00012083671624452813,1.1241799823381626,-0.00020370297636257417,-0.000868366063854209,0.00024167343248905626
17.150000000000002,2058,0.002874213761447919,cube,0.644528519767868,-0.0001502518644737605,-0.0006928158935627926,0.0443115992539083,-1.4497802866565365e-05,-2.1621376797377467e-05,0.6888401190217763,-0.0001647496673403137,-0.0007144372703601909,0.00010402294483335838,-0.00041152490179380274,0.000248836046933959,1.3776802380435527,-0.0003294993346806274,-0.0014288745407203818,0.000497672093867918
17.2,2066,0.005452317177990551,cube,0.5398639784985445,-0.00010316995407785856,-0.00042901603517972453,0.044482343348592406,-1.511760907088773e-05,-2.1432955961103728e-05,0.5843463218471369,-0.00011828756314874456,-0.00045044899114082826,5.972343761422341e-05,-0.000277666914329594,0.00015060862805199582,1.1686926436942737,-0.0002365751262974891,-0.0009008979822816565,0.00030121725610399164
17.25,2072,0.0013112437859206238,cube,0.8363066454687289,-0.00029080022623770296,-0.0011718123805056213,0.04419649856007296,-1.4856905154530045e-05,-2.1123335548068993e-05,0.8805031440288018,-0.0003056571313922174,-0.0011929357160536946,0.0001788339142692656,-0.0006660692799396184,0.00044554845680956634,1.7610062880576036,-0.0006113142627844348,-0.0023858714321073893,0.0008910969136191327
17.3,2083,0.00915420726794025,cube,0.4919355230258012,-8.183477661047323e-05,-0.00032458252703126966,0.044361531811561494,-1.5055037586489406e-05,-2.087165825766582e-05,0.5362970548373627,-9.688981419694875e-05,-0.00034545418528891814,4.786490752620031e-05,-0.00021672475763872406,0.00010177901146812135,1.0725941096747253,-0.0001937796283938975,-0.0006909083705778363,0.0002035580229362427
17.35,2087,0.010014422653636501,cube,0.5076489715704984,-3.206409030873103e-05,-0.0003676993380149207,0.043730076785837416,-1.417972113490918e-05,-2.0463642677073964e-05,0.5513790483563358,-4.6243811443635874e-05,-0.0003881629806919973,4.9356147307945715e-05,-0.0002269746924309854,0.00010693147251972235,1.1027580967126716,-9.248762288727175e-05,-0.0007763259613839946,0.0002138629450394447
17.400000000000002,2091,0.006257001848915422,cube,0.5594642586264984,-0.00013488968412622704,-0.000432625146358806,0.04371710462003302,-1.4419597190901655e-05,-2.055683075354031e-05,0.6031813632465315,-0.00014930928131712262,-0.00045318197711233243,7.081050087823064e-05,-0.00028355451450146757,0.00016579676996820308,1.206362726493063,-0.00029861856263424524,-0.0009063639542246649,0.00033159353993640617
17.45,2096,0.009694896890025007,cube,0.5185425951553336,-3.404935587350555e-05,-0.0003517891969195275,0.04402475112419032,-1.4794033710279625e-05,-2.0861475114602665e-05,0.562567346279524,-4.884338958380252e-05,-0.00037265067203412494,4.4257200068713156e-05,-0.00023442306383524708,0.00012095325937129531,1.125134692559048,-9.768677916760504e-05,-0.0007453013440682499,0.00024190651874259061
17.5,2100,0.007652690384372107,cube,0.5422830314483384,-0.00020628909983202992,-0.000408970174854556,0.04392475331037263,-1.4926663539351244e-05,-2.0737733127897638e-05,0.586207784758711,-0.00022121576337136295,-0.00042970790798244063,6.129864023938541e-05,-0.0002689992207393979,0.000158461042860783,1.172415569517422,-0.0004424315267427259,-0.0008594158159648813,0.000316922085721566
17.55,2105,0.0007044296200255928,cube,1.2938940455289893,-0.001610073892363284,-0.0022275313689263943,0.04409228332574211,-1.4825558480704819e-05,-2.117078239893301e-05,1.3379863288547313,-0.0016248994508439862,-0.0022487021513253325,0.000393551215200876,-0.001262201501451593,0.0010094221912620716,2.6759726577094627,-0.0032497989016879725,-0.004497404302650665,0.002018844382524143
17.6,2119,0.009005067913854248,cube,0.48837821001766846,-8.638154935497466e-05,-0.00032990585542255757,0.0443657605041638,-1.5079116694413988e-05,-2.0878945896420434e-05,0.5327439705218323,-0.00010146066604940773,-0.00035078480131897627,4.886912241949737e-05,-0.00021616156623909671,0.00010149397135109095,1.0654879410436646,-0.00020292133209881547,-0.0007015696026379525,0.0002029879427021819
17.650000000000002,2123,0.01066586335228692,cube,0.5013360172002788,-6.409515840402613e-05,-0.0003404123406543502,0.04362099071042662,-1.3903991279361552e-05,-2.0390859606204265e-05,0.5449570079107054,-7.799914968339983e-05,-0.000360803200260551,5.242596565973157e-05,-0.00021679744478191737,0.00010711657633493549,1.089914015821411,-0.00015599829936679965,-0.000721606400521102,0.00021423315266987097
17.7,2127,0.0034115088772068702,cube,0.6409935831551195,-0.00034729142596950924,-0.0006318117570698334,0.043561254388604226,-1.4195597472583393e-05,-2.0350760759962547e-05,0.6845548375437237,-0.0003614870234420753,-0.0006521625178297907,0.00012070193712629821,-0.000391460877099202,0.0002635194112124428,1.3691096750874474,-0.0007229740468841506,-0.0013043250356595815,0.0005270388224248856
17.75,2134,0.009348787724057672,cube,0.5079850679998403,-6.566423570777968e-05,-0.0003364653166498255,0.044077826235039155,-1.496491816300495e-05,-2.0447826233487704e-05,0.5520628942348795,-8.062915387077596e-05,-0.0003569131428833028,4.5086167288143755e-05,-0.00022922710562402887,0.00012034585725702318,1.104125788469759,-0.00016125830774155192,-0.0007138262857666056,0.00024069171451404636
17.8,2138,0.009164495221316571,cube,0.521225150994148,-6.299771217885275e-05,-0.0003746188578617471,0.04373808114526658,-1.4274864050173308e-05,-2.0210951901226785e-05,0.5649632321394146,-7.727257622902606e-05,-0.0003948298097629921,5.332522812201455e-05,-0.0002411226203088493,0.00012641121773088876,1.1299264642788291,-0.00015454515245805212,-0.0007896596195259842,0.0002528224354617775
17.85,2142,0.009969484873291634,cube,0.5219638074723754,-2.019891354032577e-05,-0.0003626784187231169,0.04377554267804865,-1.4146078686185642e-05,-2.0484124870080722e-05,0.565739350150424,-3.434499222651488e-05,-0.00038316254359321844,4.677824228730315e-05,-0.00023637991720188573,0.00011985275344475466,1.131478700300848,-6.868998445302976e-05,-0.0007663250871864369,0.0002397055068895093
17.900000000000002,2146,0.006453290073462625,cube,0.5617876302439506,-0.00018303174383776932,-0.000406408179365797,0.04383572809545903,-1.4397318547839343e-05,-2.056257007217177e-05,0.6056233583394096,-0.00019742906238559566,-0.00042697074943798263,6.423290069595797e-05,-0.00028885005355058085,0.00017277231139170568,1.2112467166788192,-0.0003948581247711913,-0.0008539414988759653,0.00034554462278341136
17.95,2151,0.008430486662781789,cube,0.5295029797650109,-6.68766291131162e-05,-0.00037969597931425403,0.04407676727078333,-1.417071760202726e-05,-2.098237986946326e-05,0.5735797470357943,-8.104734671515734e-05,-0.00040067835918372596,4.766257907137783e-05,-0.0002523338531836561,0.00013510839474654285,1.1471594940715886,-0.00016209469343031468,-0.0008013567183674519,0.0002702167894930857
18.0,2155,0.01317563425697088,cube,0.5033868592796125,-5.093150543103442e-05,-0.00031443860265376045,0.043983553192826166,-1.3924057086340223e-05,-2.0972643970007705e-05,0.5473704124724386,-6.485556251736857e-05,-0.00033541124662378463,3.9509741648324816e-05,-0.00021693690124049286,0.00010772326923877418,1.0947408249448771,-0.00012971112503473714,-0.0006708224932475693,0.00021544653847754835
18.05,2158,0.015216325561596022,cube,0.5027631363147314,-0.00014786999090776742,-0.0002702308433099321,0.04380181091865328,-1.3850691334182756e-05,-2.0874257203729388e-05,0.5465649472333846,-0.00016172068224196146,-0.00029110510051366667,4.289488407272549e-05,-0.0002108027525808548,0.00011669246990746868,1.0931298944667691,-0.0003234413644839229,-0.0005822102010273333,0.00023338493981493735
18.1,2161,0.009828900517387495,cube,0.5369197807843477,-8.105006134340176e-05,-0.0003905602940699193,0.04379182809592101,-1.3769450893549341e-05,-2.1089263804017003e-05,0.5807116088802687,-9.481951223694329e-05,-0.0004116495578739554,5.254357056843212e-05,-0.00025365416885989034,0.00013837363111953577,1.1614232177605375,-0.00018963902447388659,-0.0008232991157479108,0.00027674726223907153
18.150000000000002,2165,0.007067362540052358,cube,0.5601026357921103,-0.00019137631088317342,-0.00022434517340633175,0.04409249866528254,-1.3651187119252325e-05,-2.1559370849439687e-05,0.6041951344573928,-0.0002050274980024136,-0.0002459045442557706,5.58593152269392e-05,-0.00026808802259500886,0.00017333014337644198,1.2083902689147856,-0.0004100549960048272,-0.0004918090885115411,0.00034666028675288396
18.2,2170,0.004474877461998261,cube,0.5983652125280227,-9.41852166264634e-05,-0.0005412535834970478,0.044267126259318834,-1.3785533856695495e-05,-2.1800432654209972e-05,0.6426323387873415,-0.00010797075048316063,-0.0005630540161512543,6.940440963931833e-05,-0.0003393845748310767,0.00020425265733762382,1.285264677574683,-0.00021594150096632125,-0.0011261080323025086,0.00040850531467524764
18.25,2176,0.010039702254552196,cube,0.5080232454826271,-7.123633955144482e-05,-0.0003427280329572624,0.04435611903458957,-1.4161134325584891e-05,-2.1704978435088153e-05,0.5523793645172167,-8.539747387703578e-05,-0.0003644330113923566,4.304415629622148e-05,-0.00023020903758549233,0.0001172720758356588,1.1047587290344334,-0.00017079494775407156,-0.0007288660227847132,0.0002345441516713176
18.3,2180,0.006146580552119474,cube,0.5576584131282717,-9.784797481429686e-05,-0.0004633620577149389,0.043963296261389125,-1.3606007824034164e-05,-2.1384497188683613e-05,0.6016217093896608,-0.00011145398263834316,-0.00048474655490363117,6.498483341674855e-05,-0.00029134595493408855,0.00015810315204550784,1.2032434187793215,-0.00022290796527668633,-0.0009694931098072623,0.0003162063040910157
18.35,2185,0.010406186715464116,cube,0.5119626475509266,-6.399632245576714e-05,-0.0003366120389282634,0.04411821198143753,-1.3962313088609901e-05,-2.1608710528813087e-05,0.5560808595323641,-7.795863554438398e-05,-0.00035822074945707216,4.2900493409550094e-05,-0.0002286117971605217,0.00011706399889747227,1.1121617190647282,-0.00015591727108876796,-0.0007164414989141443,0.00023412799779494453
18.400000000000002,2189,0.004545776426855497,cube,0.5988343070954013,-0.00010000552421415843,-0.0005572784678166687,0.0439089848887946,-1.3603394140784299e-05,-2.142451571736717e-05,0.6427432919841959,-0.00011360891835493492,-0.0005787029835340185,7.872495715241195e-05,-0.00033968859582744065,0.00019809402171531987,1.2854865839683918,-0.00022721783670986984,-0.001157405967068037,0.00039618804343063974
18.45,2195,0.0094065801702925,cube,0.513093884187195,-6.436877902996074e-05,-0.0003515150015321322,0.04421079727855108,-1.4241422677057324e-05,-2.161402902879552e-05,0.5573046814657462,-7.861020170701893e-05,-0.00037312903056091473,4.434908926884531e-05,-0.00023355040174726643,0.00012152743382629061,1.1146093629314924,-0.00015722040341403787,-0.0007462580611218295,0.00024305486765258122
18.5,2199,0.008912057816164776,cube,0.52569662292418,-7.809139984854552e-05,-0.0003817146079278244,0.04390072101003624,-1.3798656509120266e-05,-2.1378804805436552e-05,0.5695973439342161,-9.189005635767966e-05,-0.0004030934127332575,5.2883042340779024e-05,-0.0002460439993419855,0.00012958802727557756,1.1391946878684323,-0.00018378011271535932,-0.000806186825466515,0.0002591760545511551
18.55,2203,0.011072131458991663,cube,0.5152120531287276,-5.6925755952480506e-05,-0.00033893264029996595,0.04390696154780843,-1.3786365082083495e-05,-2.1600284560565307e-05,0.5591190146765361,-7.07121210345718e-05,-0.000360532924860546,4.387385567469999e-05,-0.0002275258758434595,0.00011743171751747716,1.1182380293530723,-0.0001414242420691436,-0.000721065849721092,0.00023486343503495433
18.6,2207,0.0016369297871285937,cube,0.8570343181634752,-0.0007415169498682372,-0.0009994588214214672,0.04388247106466412,-1.4062838944238314e-05,-2.1539825682283936e-05,0.9009167892281393,-0.000755579788812466,-0.0010209986471037547,0.00019330591676527782,-0.0006608957876729077,0.0005099178866302262,1.8018335784562787,-0.001511159577624932,-0.0020419972942075093,0.0010198357732604524
18.650000000000002,2217,0.009144389803392272,cube,0.498141961606989,-8.199053020352398e-05,-0.00034384899059591856,0.04437178304402318,-1.4714279440471503e-05,-2.162389927640694e-05,0.5425137446510122,-9.670480964399375e-05,-0.00036547288987234805,4.712516125409765e-05,-0.00022450154391231297,0.00011159178845074336,1.0850274893020244,-0.0001934096192879875,-0.0007309457797446961,0.0002231835769014867
18.7,2221,0.010057305338776246,cube,0.5092929597603788,-6.398573149107856e-05,-0.00036739895417384205,0.043737564110726046,-1.3791331094484272e-05,-2.124132546972579e-05,0.5530305238711049,-7.77770625855767e-05,-0.0003886402796435817,5.279446041642127e-05,-0.00022501335488545743,0.00011447231430239402,1.1060610477422097,-0.0001555541251711534,-0.0007772805592871634,0.00022894462860478804
18.75,2225,0.006069690280224194,cube,0.5628019515439197,-7.850141407397815e-05,-0.0004564451450619622,0.04366558206155397,-1.3787267374341765e-05,-2.1289301036702367e-05,0.6064675336054737,-9.228868144831037e-05,-0.00047773444609866544,6.555580078192154e-05,-0.00028500862092703527,0.00016188687819503056,1.2129350672109473,-0.00018457736289662074,-0.0009554688921973309,0.0003237737563900611
18.8,2230,0.010901483090911768,cube,0.5102185245202582,-4.3754175343163615e-05,-0.0003323227526216277,0.0439373130839177,-1.4274160391095254e-05,-2.1507622156921938e-05,0.5541558376041759,-5.802833573426147e-05,-0.00035383037477854096,4.1842560363489e-05,-0.00022322581751760967,0.00011529410762133735,1.1083116752083517,-0.00011605667146852294,-0.0007076607495570819,0.0002305882152426747
18.85,2234,0.0023823218588994166,cube,0.7244242185242743,-0.0006369272335843834,-0.0007581810154625723,0.043761716737904785,-1.4267935895124519e-05,-2.1241005957507025e-05,0.768185935262179,-0.0006511951694795071,-0.0007794220214200898,0.00015146024822157046,-0.0004975281054015179,0.00037723585362244016,1.536371870524358,-0.0013023903389590141,-0.0015588440428401795,0.0007544717072448803
18.900000000000002,2243,0.002832643554949499,cube,0.6175504958611335,-0.00016466232951001247,-0.0006352535937006465,0.04420204635715838,-1.4770597847190911e-05,-2.13852599455569e-05,0.6617525422182919,-0.00017943292735719818,-0.0006566388536461965,8.791643953324926e-05,-0.000383413800101616,0.0002349964885028158,1.3235050844365839,-0.00035886585471439636,-0.001313277707292393,0.0004699929770056316
18.95,2251,0.006096617333660959,cube,0.5254395544784776,-9.395170877604664e-05,-0.00041170109405172517,0.044005344208865024,-1.4463229119110119e-05,-2.1201963790271755e-05,0.5694448986873426,-0.00010841493789515155,-0.00043290305784199345,5.850051940614725e-05,-0.0002595203370606147,0.00013672213455481058,1.1388897973746852,-0.0002168298757903031,-0.0008658061156839869,0.00027344426910962116
19.0,2256,0.010728029783489745,cube,0.5015890059248956,-6.417359696783698e-05,-0.0003258095472649658,0.04369525694505707,-1.4045648111080285e-05,-2.100160867912152e-05,0.5452842628699528,-7.821924507889211e-05,-0.00034681115594406564,4.66682179610483e-05,-0.00021719694221087466,0.00010981659537260408,1.0905685257399056,-0.00015643849015778422,-0.0006936223118881313,0.00021963319074520815
19.05,2260,0.0031399659057171903,cube,0.6538243988062377,-0.0004770158851937767,-0.0005838927472318345,0.04349727288763154,-1.4108153186385107e-05,-2.0688524624898688e-05,0.6973216716938693,-0.0004911240383801696,-0.0006045812718567245,0.00013121624361732157,-0.00040473019398409166,0.00029335165025658194,1.3946433433877385,-0.0009822480767603392,-0.001209162543713449,0.0005867033005131639
19.1,2268,0.0013334021581812294,cube,0.8102194177980964,-0.000247458073956458,-0.0010732434587254203,0.04396919008848571,-1.465083889198946e-05,-2.0862137529114796e-05,0.8541886078865821,-0.0002621089128484466,-0.0010941055962545299,0.00015258340013335727,-0.0006360154324290268,0.00044008972192011164,1.7083772157731643,-0.0005242178256968932,-0.0021882111925090597,0.0008801794438402233
19.150000000000002,2279,0.008463964697980941,cube,0.49402719690171615,-8.076943184340268e-05,-0.0003325826669345888,0.043954690613661154,-1.4372895569454008e-05,-2.0740975584611354e-05,0.5379818875153772,-9.514232741283934e-05,-0.00035332364251919324,5.0730851705672e-05,-0.00022448509049112497,0.00011016034851402123,1.0759637750307545,-0.0001902846548256787,-0.0007066472850383865,0.00022032069702804247
19.200000000000003,2283,0.01302940219921922,cube,0.49199454589664954,-5.4086053707796955e-05,-0.00030938792989773645,0.04337484411330412,-1.3434038671592506e-05,-2.035653853371157e-05,0.5353693900099536,-6.752009237939727e-05,-0.0003297444684314532,4.5849924339898555e-05,-0.00020408699739699748,9.909351922683662e-05,1.0707387800199073,-0.00013504018475879453,-0.0006594889368629064,0.00019818703845367325
19.25,2286,0.015602378194056854,cube,0.49770608817854617,-0.00017133986611550522,-0.00025856829457221453,0.04320477865994477,-1.356071351760104e-05,-2.020470398867054e-05,0.540910866838491,-0.00018490057963310713,-0.00027877299856088333,4.849291963696498e-05,-0.0002009880625382654,0.00011449723127805733,1.081821733676982,-0.00036980115926621426,-0.0005575459971217667,0.00022899446255611466
19.3,2289,0.008809721567690332,cube,0.5438077304193591,-6.358710399373413e-05,-0.00041890207909459076,0.04328873620649226,-1.3782295628476937e-05,-2.046005722476131e-05,0.5870964666258514,-7.7369399622218e-05,-0.0004393621363193434,5.413949287514247e-05,-0.0002588161420798499,0.0001419387472577291,1.1741929332517027,-0.000154738799244436,-0.0008787242726386868,0.0002838774945154582
19.35,2293,0.011519136192326584,cube,0.5185303796834353,0.00013807312947103356,-0.0004088219661416148,0.04373017461899012,-1.3799009646657708e-05,-2.1433378713398704e-05,0.5622605543024255,0.0001242741198243802,-0.0004302553448550239,4.1264606592713644e-05,-0.0002338071589825519,0.00010323362668274161,1.124521108604851,0.0002485482396487604,-0.0008605106897100478,0.00020646725336548322
19.400000000000002,2296,0.019589480452260943,cube,0.49219226650908354,-7.91853002896914e-05,-0.00023498120976789272,0.04372853870510095,-1.3818597244355177e-05,-2.130411761704521e-05,0.5359208052141845,-9.300389753402749e-05,-0.00025628532738494747,3.052989187435658e-05,-0.00019210325737342715,0.00010103835980496134,1.071841610428369,-0.00018600779506805498,-0.0005125706547698949,0.00020207671960992268
19.450000000000003,2298,0.026492623457286868,cube,0.4866275492741313,-4.2422834765992734e-05,-0.0002785438515542915,0.043566810753556735,-1.3518333762519048e-05,-2.131561602283262e-05,0.530194360027688,-5.594116852850051e-05,-0.00029985946757712933,3.323640129243375e-05,-0.00018572192528488324,8.973480275210194e-05,1.060388720055376,-0.00011188233705700101,-0.0005997189351542587,0.00017946960550420388
19.5,2300,0.018208851851252206,cube,0.509769895466188,-5.073169122873922e-05,-0.0003405752293850761,0.04350022732377257,-1.3283664556473437e-05,-2.1578509614331165e-05,0.5532701227899606,-6.40153557852352e-05,-0.0003621537389993934,4.16161829800263e-05,-0.00021213142134634405,0.00010662476819055938,1.1065402455799211,-0.0001280307115704704,-0.0007243074779987868,0.00021324953638111876
19.55,2303,0.0019286311126940348,cube,0.8999883499975325,-0.00038400334791235946,-0.0012916078155611466,0.04387139491020727,-1.3529295491939916e-05,-2.2433792484508226e-05,0.9438597449077398,-0.0003975326434042803,-0.0013140416080456574,0.00017105617402610757,-0.0006873861707779594,0.0004692473144052023,1.8877194898154797,-0.0007950652868085606,-0.002628083216091315,0.0009384946288104046
19.6,2313,0.0018639091469623281,cube,0.7005799453477877,-0.00021697522699862248,-0.0008481383179331503,0.0446006746739982,-1.4277978701404681e-05,-2.2391541661187335e-05,0.7451806200217859,-0.00023125320570002716,-0.0008705298595943489,0.00011008430971344619,-0.0004991703600177866,0.00032527885119733313,1.4903612400435717,-0.00046250641140005433,-0.0017410597191886978,0.0006505577023946663
19.650000000000002,2323,0.0034792841153219456,cube,0.5691234323114078,-0.00013303665849637158,-0.000542513147310103,0.0442644608306706,-1.40030189182197e-05,-2.1932896917997886e-05,0.6133878931420784,-0.00014703967741458435,-0.0005644460442280896,7.795492024825712e-05,-0.0003256543954099564,0.0001798367531573447,1.2267757862841568,-0.0002940793548291687,-0.0011288920884561793,0.0003596735063146894
19.700000000000003,2330,0.008541184493100928,cube,0.5025645022805612,-7.966800925693351e-05,-0.0003576975378631886,0.043934445365678344,-1.3739941988576143e-05,-2.1558355124393948e-05,0.5464989476462395,-9.34079512455166e-05,-0.00037925589298759554,4.819359375439911e-05,-0.0002255086565869785,0.00011016487101360439,1.092997895292479,-0.0001868159024910332,-0.0007585117859751911,0.00022032974202720879
19.75,2334,0.012692106134132075,cube,0.49722995924315233,-4.856327250638004e-05,-0.00031242094489888905,0.04356030223900472,-1.3377680362990953e-05,-2.1206930217856912e-05,0.540790261482157,-6.194095286937706e-05,-0.00033362787511675984,4.453556184206488e-05,-0.00020677513568743283,0.00010199373546117968,1.081580522964314,-0.00012388190573875413,-0.0006672557502335197,0.00020398747092235936
19.8,2337,0.01649283980589189,cube,0.4962850652426972,-8.398536528930745e-05,-0.0002809116259384903,0.043417233982198836,-1.3351231803943216e-05,-2.108612449403663e-05,0.5397022992248961,-9.733659709323939e-05,-0.00030199775043254773,4.416387262581814e-05,-0.00019916062447643962,0.00010225010841990317,1.0794045984497922,-0.00019467319418647877,-0.0006039955008650955,0.00020450021683980635
19.85,2340,0.006458902912445552,cube,0.575457042708724,-0.00012197219144644,-0.0005107412660889932,0.04345072229272484,-1.3744271875154764e-05,-2.1179738261293754e-05,0.6189077650014488,-0.0001357164633215835,-0.0005319210043502887,7.472394056998951e-05,-0.00029960757363337726,0.00017559631358272237,1.2378155300028977,-0.000271432926643167,-0.0010638420087005773,0.00035119262716544475
19.900000000000002,2345,0.008394330999191624,cube,0.5340554441834843,-2.8827953828247654e-06,-0.00039098379139590467,0.04401278375248355,-1.3854235657029257e-05,-2.1998320026040026e-05,0.5780682279359678,-1.6737031039854022e-05,-0.0004129821114219334,4.295241151929373e-05,-0.0002517701735413949,0.00013210114060042966,1.1561364558719356,-3.3474062079708045e-05,-0.0008259642228438668,0.0002642022812008593
19.950000000000003,2349,0.01333356219553039,cube,0.5037110956066637,-2.6093111893832344e-05,-0.0003301873393176946,0.04394341132367885,-1.3751172880307506e-05,-2.198838556049902e-05,0.5476545069303426,-3.9844284774132044e-05,-0.0003521757248781954,3.872935018313033e-05,-0.0002165077544264496,0.00010636555159233146,1.0953090138606851,-7.968856954826409e-05,-0.0007043514497563907,0.00021273110318466293
20.0,2352,0.014799395803798632,cube,0.504625380925193,-0.0001065575992846568,-0.0002865558036887761,0.04374384206588539,-1.3831165002927727e-05,-2.190514470775968e-05,0.5483692229910784,-0.00012038876428757672,-0.00030846094839653837,4.081700980324797e-05,-0.00021068651708305852,0.00011331960379982325,1.0967384459821568,-0.00024077752857515344,-0.0006169218967930767,0.0002266392075996465
