time,step,surface,wing_uid,segment_uid,station_id,half,span_index,span_coordinate,span_coordinate_absolute,min_span_edge,max_span_edge,local_chord,spanwise_station_width,circulation,circulation_magnitude,relative_speed,section_lift_coefficient_from_circulation,lift_per_span,drag_per_span,section_lift_coefficient,section_force_x,section_force_y,section_force_z,span_coordinate_normalized
0.0625,5,flat_plate,main_wing,segment_0,main_wing:segment_0:mirror:0,mirror,0,-0.3261663019657135,0.3261663019657135,-0.652332603931427,0.0,1.0,0.652332603931427,-4.919250011444092,4.919250011444092,9.859283447265625,0.9978919944346254,48.66494533532306,3.0869368998524958,0.9732989067064612,-6.271305561065674,0.0,31.18520736694336,-0.0652332603931427
0.0625,5,flat_plate,main_wing,segment_0,main_wing:segment_0:mirror:1,mirror,1,-0.9455074667930603,0.9455074667930603,-1.2386823892593384,-0.652332603931427,1.0,0.5863497853279114,-4.924925327301025,4.924925327301025,9.85899829864502,0.9990721527922136,48.715680137789576,3.115085328394141,0.9743136027557915,-5.628726005554199,0.0,28.063859939575195,-0.18910149335861207
0.0625,5,flat_plate,main_wing,segment_0,main_wing:segment_0:mirror:2,mirror,2,-1.5022028684616089,1.5022028684616089,-1.765723466873169,-1.2386823892593384,1.0,0.5270410776138306,-4.91655158996582,4.91655158996582,9.858760833740234,0.9973974767984244,48.62751461362389,3.134585447507299,0.9725502922724778,-5.0374321937561035,0.0,25.18300437927246,-0.3004405736923218
0.0625,5,flat_plate,main_wing,segment_0,main_wing:segment_0:mirror:3,mirror,3,-2.002588987350464,2.002588987350464,-2.239454746246338,-1.765723466873169,1.0,0.47373127937316895,-4.896005153656006,4.896005153656006,9.858219146728516,0.9932838945421014,48.41582379376611,3.1571507207187426,0.9683164758753222,-4.491618633270264,0.0,22.541662216186523,-0.40051779747009275
0.0625,5,flat_plate,main_wing,segment_0,main_wing:segment_0:mirror:4,mirror,4,-2.452361822128296,2.452361822128296,-2.665268659591675,-2.239454746246338,1.0,0.4258139133453369,-4.8617143630981445,4.8617143630981445,9.857156753540039,0.986433407656247,48.063295068460086,3.1865480647560465,0.9612659013692018,-3.986353635787964,0.0,20.119842529296875,-0.49047236442565917
0.0625,5,flat_plate,main_wing,segment_0,main_wing:segment_0:mirror:5,mirror,5,-2.856640338897705,2.856640338897705,-3.0480120182037354,-2.665268659591675,1.0,0.38274335861206055,-4.80960750579834,4.80960750579834,9.855307579040527,0.9760441198257526,47.52799667030769,3.2236145756413515,0.9505599334061537,-3.5164079666137695,0.0,17.89051628112793,-0.571328067779541
0.0625,5,flat_plate,main_wing,segment_0,main_wing:segment_0:mirror:6,mirror,6,-3.2200264930725098,3.2200264930725098,-3.392040967941284,-3.0480120182037354,1.0,0.34402894973754883,-4.73364782333374,4.73364782333374,9.852323532104492,0.9609200931960495,46.74861383819715,3.26706611916911,0.934972276763943,-3.076887607574463,0.0,15.825769424438477,-0.644005298614502
0.0625,5,flat_plate,main_wing,segment_0,main_wing:segment_0:mirror:7,mirror,7,-3.546656608581543,3.546656608581543,-3.7012720108032227,-3.392040967941284,1.0,0.3092310428619385,-4.62525749206543,4.62525749206543,9.847768783569336,0.9393513584077061,45.63872372840301,3.3136629512989217,0.9127744745680602,-2.6629178524017334,0.0,13.897233009338379,-0.7093313217163086
0.0625,5,flat_plate,main_wing,segment_0,main_wing:segment_0:mirror:8,mirror,8,-3.8402483463287354,3.8402483463287354,-3.979224443435669,-3.7012720108032227,1.0,0.2779524326324463,-4.472832202911377,4.472832202911377,9.841164588928223,0.9090046533605435,44.08283985370488,3.355538892114525,0.8816567970740976,-2.270392417907715,0.0,12.07681941986084,-0.768049669265747
0.0625,5,flat_plate,main_wing,segment_0,main_wing:segment_0:mirror:9,mirror,9,-4.1041436195373535,4.1041436195373535,-4.229062557220459,-3.979224443435669,1.0,0.24983811378479004,-4.261000156402588,4.261000156402588,9.831914901733398,0.8667691286976782,41.92967791479781,3.3791361933916617,0.8385935582959562,-1.8958226442337036,0.0,10.337187767028809,-0.8208287239074707
0.0625,5,flat_plate,main_wing,segment_0,main_wing:segment_0:mirror:10,mirror,10,-4.34134578704834,4.34134578704834,-4.453629493713379,-4.229062557220459,1.0,0.22456693649291992,-3.968949556350708,3.968949556350708,9.819329261779785,0.8083952478911626,38.97632100696942,3.3631174341684984,0.7795264201393884,-1.5358788967132568,0.0,8.650020599365234,-0.8682691574096679
0.0625,5,flat_plate,main_wing,segment_0,main_wing:segment_0:mirror:11,mirror,11,-4.554555416107178,4.554555416107178,-4.655481815338135,-4.453629493713379,1.0,0.20185232162475586,-3.566596508026123,3.566596508026123,9.802276611328125,0.727707786557327,34.93173265411625,3.2756408025308477,0.6986346530823251,-1.186280369758606,0.0,6.981922626495361,-0.9109110832214355
0.0625,5,flat_plate,main_wing,segment_0,main_wing:segment_0:mirror:12,mirror,12,-4.746199131011963,4.746199131011963,-4.836916923522949,-4.655481815338135,1.0,0.18143510818481445,-3.0080530643463135,3.0080530643463135,9.777482986450195,0.6153021321571053,29.351663348222274,3.0792182558643546,0.5870332669644455,-0.8386788964271545,0.0,5.288559436798096,-0.9492398262023926
0.0625,5,flat_plate,main_wing,segment_0,main_wing:segment_0:mirror:13,mirror,13,-4.918458461761475,4.918458461761475,-5.0,-4.836916923522949,1.0,0.16308307647705078,-2.1754331588745117,2.1754331588745117,9.734481811523438,0.44695407541863974,21.08668240873099,2.67292433952742,0.4217336481746198,-0.4689924120903015,0.0,3.434525489807129,-0.9836916923522949
0.0625,5,flat_plate,main_wing,segment_0,main_wing:segment_0:orig:0,orig,0,0.3261663019657135,0.3261663019657135,0.0,0.652332603931427,1.0,0.652332603931427,4.919250011444092,4.919250011444092,9.859283447265625,0.9978919944346254,48.664948727152485,3.0869355384153683,0.9732989745430497,-6.271306991577148,0.0,31.185209274291992,0.0652332603931427
0.0625,5,flat_plate,main_wing,segment_0,main_wing:segment_0:orig:1,orig,1,0.9455074667930603,0.9455074667930603,0.652332603931427,1.2386823892593384,1.0,0.5863497853279114,4.924924373626709,4.924924373626709,9.85899829864502,0.999071959329493,48.71567720619003,3.1150837009568972,0.9743135441238006,-5.628726482391357,0.0,28.063858032226562,0.18910149335861207
0.0625,5,flat_plate,main_wing,segment_0,main_wing:segment_0:orig:2,orig,2,1.5022028684616089,1.5022028684616089,1.2386823892593384,1.765723466873169,1.0,0.5270410776138306,4.9165520668029785,4.9165520668029785,9.858760833740234,0.9973975735321147,48.627525100608956,3.13458825748648,0.9725505020121791,-5.0374321937561035,0.0,25.18301010131836,0.3004405736923218
0.0625,5,flat_plate,main_wing,segment_0,main_wing:segment_0:orig:3,orig,3,2.002588987350464,2.002588987350464,1.765723466873169,2.239454746246338,1.0,0.47373127937316895,4.896004676818848,4.896004676818848,9.858219146728516,0.9932837978030958,48.4158269012529,3.157154679558303,0.968316538025058,-4.491617202758789,0.0,22.541664123535156,0.40051779747009275
0.0625,5,flat_plate,main_wing,segment_0,main_wing:segment_0:orig:4,orig,4,2.452361822128296,2.452361822128296,2.239454746246338,2.665268659591675,1.0,0.4258139133453369,4.8617143630981445,4.8617143630981445,9.857156753540039,0.986433407656247,48.063295068460086,3.1865480647560465,0.9612659013692018,-3.986353635787964,0.0,20.119842529296875,0.49047236442565917
0.0625,5,flat_plate,main_wing,segment_0,main_wing:segment_0:orig:5,orig,5,2.856640338897705,2.856640338897705,2.665268659591675,3.0480120182037354,1.0,0.38274335861206055,4.809606075286865,4.809606075286865,9.855306625366211,0.9760439239724104,47.527977416076226,3.223609416485581,0.9505595483215246,-3.5164079666137695,0.0,17.8905086517334,0.571328067779541
0.0625,5,flat_plate,main_wing,segment_0,main_wing:segment_0:orig:6,orig,6,3.2200264930725098,3.2200264930725098,3.0480120182037354,3.392040967941284,1.0,0.34402894973754883,4.733645915985107,4.733645915985107,9.852322578430176,0.9609197990225256,46.74859491549359,3.2670617663119743,0.9349718983098718,-3.076887369155884,0.0,15.825762748718262,0.644005298614502
0.0625,5,flat_plate,main_wing,segment_0,main_wing:segment_0:orig:7,orig,7,3.546656608581543,3.546656608581543,3.392040967941284,3.7012720108032227,1.0,0.3092310428619385,4.625256061553955,4.625256061553955,9.847768783569336,0.9393510678827139,45.638709033287185,3.313658215551731,0.9127741806657437,-2.6629180908203125,0.0,13.897228240966797,0.7093313217163086
0.0625,5,flat_plate,main_wing,segment_0,main_wing:segment_0:orig:8,orig,8,3.8402483463287354,3.8402483463287354,3.7012720108032227,3.979224443435669,1.0,0.2779524326324463,4.472830295562744,4.472830295562744,9.841164588928223,0.9090042657339337,44.082823948927896,3.3555319663634156,0.8816564789785579,-2.270393133163452,0.0,12.076814651489258,0.768049669265747
0.0625,5,flat_plate,main_wing,segment_0,main_wing:segment_0:orig:9,orig,9,4.1041436195373535,4.1041436195373535,3.979224443435669,4.229062557220459,1.0,0.24983811378479004,4.261000156402588,4.261000156402588,9.831914901733398,0.8667691286976782,41.92967655635824,3.3791412631571487,0.8385935311271647,-1.8958213329315186,0.0,10.337187767028809,0.8208287239074707
0.0625,5,flat_plate,main_wing,segment_0,main_wing:segment_0:orig:10,orig,10,4.34134578704834,4.34134578704834,4.229062557220459,4.453629493713379,1.0,0.22456693649291992,3.96894907951355,3.96894907951355,9.819329261779785,0.808395150769018,38.97631841625557,3.3631106947537557,0.7795263683251115,-1.535880208015442,0.0,8.650019645690918,0.8682691574096679
0.0625,5,flat_plate,main_wing,segment_0,main_wing:segment_0:orig:11,orig,11,4.554555416107178,4.554555416107178,4.453629493713379,4.655481815338135,1.0,0.20185232162475586,3.566596031188965,3.566596031188965,9.802276611328125,0.7277076892662228,34.9317226097477,3.275641779610704,0.698634452194954,-1.1862796545028687,0.0,6.9819207191467285,0.9109110832214355
0.0625,5,flat_plate,main_wing,segment_0,main_wing:segment_0:orig:12,orig,12,4.746199131011963,4.746199131011963,4.655481815338135,4.836916923522949,1.0,0.18143510818481445,3.0080533027648926,3.0080533027648926,9.777483940124512,0.6153021209107885,29.35166614189205,3.0792179841062595,0.587033322837841,-0.8386790752410889,0.0,5.288559913635254,0.9492398262023926
0.0625,5,flat_plate,main_wing,segment_0,main_wing:segment_0:orig:13,orig,13,4.918458461761475,4.918458461761475,4.836916923522949,5.0,1.0,0.16308307647705078,2.1754329204559326,2.1754329204559326,9.734481811523438,0.44695402643430066,21.08667958446905,2.672923582768714,0.42173359168938096,-0.4689924120903015,0.0,3.4345250129699707,0.9836916923522949
0.125,10,flat_plate,main_wing,segment_0,main_wing:segment_0:mirror:0,mirror,0,-0.3261663019657135,0.3261663019657135,-0.652332603931427,0.0,1.0,0.652332603931427,-5.673737525939941,5.673737525939941,9.867778778076172,1.149952315215177,56.26609491411141,3.1725601698458012,1.1253218982822282,-7.500702381134033,0.0,35.98918533325195,-0.0652332603931427
0.125,10,flat_plate,main_wing,segment_0,main_wing:segment_0:mirror:1,mirror,1,-0.9455074667930603,0.9455074667930603,-1.2386823892593384,-0.652332603931427,1.0,0.5863497853279114,-5.6674370765686035,5.6674370765686035,9.86756706237793,1.1486999866819936,56.19810305724912,3.1942572201428776,1.1239620611449823,-6.719406604766846,0.0,32.313697814941406,-0.18910149335861207
0.125,10,flat_plate,main_wing,segment_0,main_wing:segment_0:mirror:2,mirror,2,-1.5022028684616089,1.5022028684616089,-1.765723466873169,-1.2386823892593384,1.0,0.5270410776138306,-5.646912574768066,5.646912574768066,9.86711311340332,1.144592650325939,55.98540259774171,3.2232821809499685,1.1197080519548341,-5.995954990386963,0.0,28.940876007080078,-0.3004405736923218
0.125,10,flat_plate,main_wing,segment_0,main_wing:segment_0:mirror:3,mirror,3,-2.002588987350464,2.002588987350464,-2.239454746246338,-1.765723466873169,1.0,0.47373127937316895,-5.610788345336914,5.610788345336914,9.86622428894043,1.137372956669218,55.612745219809014,3.2621841025770673,1.1122549043961802,-5.3259758949279785,0.0,25.847774505615234,-0.40051779747009275
0.125,10,flat_plate,main_wing,segment_0,main_wing:segment_0:mirror:4,mirror,4,-2.452361822128296,2.452361822128296,-2.665268659591675,-2.239454746246338,1.0,0.4258139133453369,-5.555760383605957,5.555760383605957,9.86467170715332,1.1263953932855613,55.04558053401349,3.312909926823952,1.1009116106802699,-4.7038893699646,0.0,23.005615234375,-0.49047236442565917
0.125,10,flat_plate,main_wing,segment_0,main_wing:segment_0:mirror:5,mirror,5,-2.856640338897705,2.856640338897705,-3.0480120182037354,-2.665268659591675,1.0,0.38274335861206055,-5.476710319519043,5.476710319519043,9.862214088439941,1.110645189894753,54.231684962313416,3.374625721556554,1.0846336992462684,-4.124654769897461,0.0,20.383840560913086,-0.571328067779541
0.125,10,flat_plate,main_wing,segment_0,main_wing:segment_0:mirror:6,mirror,6,-3.2200264930725098,3.2200264930725098,-3.392040967941284,-3.0480120182037354,1.0,0.34402894973754883,-5.366729736328125,5.366729736328125,9.858549118041992,1.0887463605585832,53.101338061376715,3.444521149491003,1.0620267612275343,-3.5835726261138916,0.0,17.952621459960938,-0.644005298614502
0.125,10,flat_plate,main_wing,segment_0,main_wing:segment_0:mirror:7,mirror,7,-3.546656608581543,3.546656608581543,-3.7012720108032227,-3.392040967941284,1.0,0.3092310428619385,-5.216921329498291,5.216921329498291,9.853353500366211,1.0589128522191755,51.5653963142354,3.517084496405999,1.031307926284708,-3.0764975547790527,0.0,15.68377685546875,-0.7093313217163086
0.125,10,flat_plate,main_wing,segment_0,main_wing:segment_0:mirror:8,mirror,8,-3.8402483463287354,3.8402483463287354,-3.979224443435669,-3.7012720108032227,1.0,0.2779524326324463,-5.015665054321289,5.015665054321289,9.846263885498047,1.0187955782311608,49.50871680797913,3.5820792639025245,0.9901743361595825,-2.599904775619507,0.0,13.549863815307617,-0.768049669265747
0.125,10,flat_plate,main_wing,segment_0,main_wing:segment_0:mirror:9,mirror,9,-4.1041436195373535,4.1041436195373535,-4.229062557220459,-3.979224443435669,1.0,0.24983811378479004,-4.7479143142700195,4.7479143142700195,9.836738586425781,0.9653431922694193,46.78377354705067,3.6229612262973054,0.9356754709410134,-2.1508612632751465,0.0,11.524369239807129,-0.8208287239074707
0.125,10,flat_plate,main_wing,segment_0,main_wing:segment_0:mirror:10,mirror,10,-4.34134578704834,4.34134578704834,-4.453629493713379,-4.229062557220459,1.0,0.22456693649291992,-4.393768310546875,4.393768310546875,9.823816299438477,0.8945135325460066,43.196451985716806,3.617874866019498,0.8639290397143361,-1.725901484489441,0.0,9.58023738861084,-0.8682691574096679
0.125,10,flat_plate,main_wing,segment_0,main_wing:segment_0:mirror:11,mirror,11,-4.554555416107178,4.554555416107178,-4.655481815338135,-4.453629493713379,1.0,0.20185232162475586,-3.9233813285827637,3.9233813285827637,9.805791854858398,0.8002171342519119,38.458360669712626,3.5335124371723254,0.7691672133942525,-1.3202444314956665,0.0,7.68299674987793,-0.9109110832214355
0.125,10,flat_plate,main_wing,segment_0,main_wing:segment_0:mirror:12,mirror,12,-4.746199131011963,4.746199131011963,-4.836916923522949,-4.655481815338135,1.0,0.18143510818481445,-3.28997802734375,3.28997802734375,9.778284072875977,0.6729152073766876,32.11703168519724,3.331564025470119,0.6423406337039448,-0.9243131279945374,0.0,5.785048007965088,-0.9492398262023926
0.125,10,flat_plate,main_wing,segment_0,main_wing:segment_0:mirror:13,mirror,13,-4.918458461761475,4.918458461761475,-5.0,-4.836916923522949,1.0,0.16308307647705078,-2.367940902709961,2.367940902709961,9.728870391845703,0.4867864011621866,22.947869359095176,2.9030924313302577,0.4589573871819035,-0.5112937688827515,0.0,3.737426280975342,-0.9836916923522949
0.125,10,flat_plate,main_wing,segment_0,main_wing:segment_0:orig:0,orig,0,0.3261663019657135,0.3261663019657135,0.0,0.652332603931427,1.0,0.652332603931427,5.673737525939941,5.673737525939941,9.867778778076172,1.149952315215177,56.26609434654265,3.172562288041289,1.125321886930853,-7.500700950622559,0.0,35.98918533325195,0.0652332603931427
0.125,10,flat_plate,main_wing,segment_0,main_wing:segment_0:orig:1,orig,1,0.9455074667930603,0.9455074667930603,0.652332603931427,1.2386823892593384,1.0,0.5863497853279114,5.667436122894287,5.667436122894287,9.86756706237793,1.1486997933872716,56.198089647015905,3.19425699455176,1.123961792940318,-6.719404697418213,0.0,32.313690185546875,0.18910149335861207
0.125,10,flat_plate,main_wing,segment_0,main_wing:segment_0:orig:2,orig,2,1.5022028684616089,1.5022028684616089,1.2386823892593384,1.765723466873169,1.0,0.5270410776138306,5.646912574768066,5.646912574768066,9.86711311340332,1.144592650325939,55.98541285056185,3.2232858648445712,1.119708257011237,-5.995954513549805,0.0,28.940881729125977,0.3004405736923218
0.125,10,flat_plate,main_wing,segment_0,main_wing:segment_0:orig:3,orig,3,2.002588987350464,2.002588987350464,1.765723466873169,2.239454746246338,1.0,0.47373127937316895,5.610787868499756,5.610787868499756,9.86622428894043,1.1373728600087034,55.6127483272958,3.2621880614166283,1.112254966545916,-5.325974464416504,0.0,25.847776412963867,0.40051779747009275
0.125,10,flat_plate,main_wing,segment_0,main_wing:segment_0:orig:4,orig,4,2.452361822128296,2.452361822128296,2.239454746246338,2.665268659591675,1.0,0.4258139133453369,5.555759429931641,5.555759429931641,9.86467170715332,1.1263951999341058,55.045579664517206,3.3129131718282463,1.1009115932903442,-4.703887939453125,0.0,23.005615234375,0.49047236442565917
0.125,10,flat_plate,main_wing,segment_0,main_wing:segment_0:orig:5,orig,5,2.856640338897705,2.856640338897705,2.665268659591675,3.0480120182037354,1.0,0.38274335861206055,5.476711273193359,5.476711273193359,9.862213134765625,1.1106454906936085,54.2316932996402,3.3746331146923043,1.0846338659928039,-4.124652862548828,0.0,20.38384437561035,0.571328067779541
0.125,10,flat_plate,main_wing,segment_0,main_wing:segment_0:orig:6,orig,6,3.2200264930725098,3.2200264930725098,3.0480120182037354,3.392040967941284,1.0,0.34402894973754883,5.3667311668396,5.3667311668396,9.858550071716309,1.0887465454451533,53.10134895122153,3.4445233499501255,1.0620269790244306,-3.5835728645324707,0.0,17.952625274658203,0.644005298614502
0.125,10,flat_plate,main_wing,segment_0,main_wing:segment_0:orig:7,orig,7,3.546656608581543,3.546656608581543,3.392040967941284,3.7012720108032227,1.0,0.3092310428619385,5.216922760009766,5.216922760009766,9.853353500366211,1.058913142579503,51.56540425328184,3.517090614680947,1.0313080850656369,-3.0764963626861572,0.0,15.6837797164917,0.7093313217163086
0.125,10,flat_plate,main_wing,segment_0,main_wing:segment_0:orig:8,orig,8,3.8402483463287354,3.8402483463287354,3.7012720108032227,3.979224443435669,1.0,0.2779524326324463,5.015665531158447,5.015665531158447,9.846263885498047,1.0187956750876261,49.50872343629782,3.5820810399551646,0.9901744687259564,-2.599904775619507,0.0,13.54986572265625,0.768049669265747
0.125,10,flat_plate,main_wing,segment_0,main_wing:segment_0:orig:9,orig,9,4.1041436195373535,4.1041436195373535,3.979224443435669,4.229062557220459,1.0,0.24983811378479004,4.747914791107178,4.747914791107178,9.836738586425781,0.9653432892196745,46.78377822210889,3.6229585271511824,0.9356755644421778,-2.150862216949463,0.0,11.524370193481445,0.8208287239074707
0.125,10,flat_plate,main_wing,segment_0,main_wing:segment_0:orig:10,orig,10,4.34134578704834,4.34134578704834,4.229062557220459,4.453629493713379,1.0,0.22456693649291992,4.393768310546875,4.393768310546875,9.823816299438477,0.8945135325460066,43.196451436149985,3.6178769170308054,0.8639290287229997,-1.7259010076522827,0.0,9.58023738861084,0.8682691574096679
0.125,10,flat_plate,main_wing,segment_0,main_wing:segment_0:orig:11,orig,11,4.554555416107178,4.554555416107178,4.453629493713379,4.655481815338135,1.0,0.20185232162475586,3.923380136489868,3.923380136489868,9.805791854858398,0.800216891111345,38.45834941349829,3.533508809668736,0.7691669882699658,-1.320244550704956,0.0,7.682994365692139,0.9109110832214355
0.125,10,flat_plate,main_wing,segment_0,main_wing:segment_0:orig:12,orig,12,4.746199131011963,4.746199131011963,4.655481815338135,4.836916923522949,1.0,0.18143510818481445,3.2899770736694336,3.2899770736694336,9.778284072875977,0.6729150123170413,32.117026608017525,3.3315626650439127,0.6423405321603505,-0.9243131279945374,0.0,5.7850470542907715,0.9492398262023926
0.125,10,flat_plate,main_wing,segment_0,main_wing:segment_0:orig:13,orig,13,4.918458461761475,4.918458461761475,4.836916923522949,5.0,1.0,0.16308307647705078,2.3679399490356445,2.3679399490356445,9.728870391845703,0.4867862051118173,22.94786456192484,2.903087740518162,0.45895729123849677,-0.5112943053245544,0.0,3.7374253273010254,0.9836916923522949
0.1875,15,flat_plate,main_wing,segment_0,main_wing:segment_0:mirror:0,mirror,0,-0.3261663019657135,0.3261663019657135,-0.652332603931427,0.0,1.0,0.652332603931427,-6.103198051452637,6.103198051452637,9.874336242675781,1.2361738351739118,60.628344548529945,3.046764530814256,1.2125668909705989,-8.316472053527832,0.0,38.71662139892578,-0.0652332603931427
0.1875,15,flat_plate,main_wing,segment_0,main_wing:segment_0:mirror:1,mirror,1,-0.9455074667930603,0.9455074667930603,-1.2386823892593384,-0.652332603931427,1.0,0.5863497853279114,-6.089970588684082,6.089970588684082,9.87407398223877,1.2335274375376495,60.49037549053319,3.070754069943065,1.2098075098106638,-7.440743923187256,0.0,34.72597122192383,-0.18910149335861207
0.1875,15,flat_plate,main_wing,segment_0,main_wing:segment_0:mirror:2,mirror,2,-1.5022028684616089,1.5022028684616089,-1.765723466873169,-1.2386823892593384,1.0,0.5270410776138306,-6.059736251831055,6.059736251831055,9.873497009277344,1.227475178477737,60.17795155945786,3.1095330588417687,1.2035590311891573,-6.625761032104492,0.0,31.05971336364746,-0.3004405736923218
0.1875,15,flat_plate,main_wing,segment_0,main_wing:segment_0:mirror:3,mirror,3,-2.002588987350464,2.002588987350464,-2.239454746246338,-1.765723466873169,1.0,0.47373127937316895,-6.01090145111084,6.01090145111084,9.872443199157715,1.2177130483006822,59.67408977250148,3.164268291027727,1.1934817954500296,-5.86874532699585,0.0,27.694196701049805,-0.40051779747009275
0.1875,15,flat_plate,main_wing,segment_0,main_wing:segment_0:mirror:4,mirror,4,-2.452361822128296,2.452361822128296,-2.665268659591675,-2.239454746246338,1.0,0.4258139133453369,-5.93974494934082,5.93974494934082,9.870718002319336,1.2035081840946424,58.94050435881691,3.23399946085688,1.1788100871763383,-5.165600299835205,0.0,24.598918914794922,-0.49047236442565917
0.1875,15,flat_plate,main_wing,segment_0,main_wing:segment_0:mirror:5,mirror,5,-2.856640338897705,2.856640338897705,-3.0480120182037354,-2.665268659591675,1.0,0.38274335861206055,-5.841030120849609,5.841030120849609,9.868104934692383,1.1838200261358878,57.92397033857206,3.3170695581998415,1.1584794067714412,-4.511695861816406,0.0,21.743183135986328,-0.571328067779541
0.1875,15,flat_plate,main_wing,segment_0,main_wing:segment_0:mirror:6,mirror,6,-3.2200264930725098,3.2200264930725098,-3.392040967941284,-3.0480120182037354,1.0,0.34402894973754883,-5.708165168762207,5.708165168762207,9.864358901977539,1.157331201243676,56.557887174746874,3.4101450096185384,1.1311577434949376,-3.902771472930908,0.0,19.098194122314453,-0.644005298614502
0.1875,15,flat_plate,main_wing,segment_0,main_wing:segment_0:mirror:7,mirror,7,-3.546656608581543,3.546656608581543,-3.7012720108032227,-3.392040967941284,1.0,0.3092310428619385,-5.532404899597168,5.532404899597168,9.859148979187012,1.1222885284067128,54.75470670955831,3.506436965217658,1.0950941341911662,-3.3349339962005615,0.0,16.63555335998535,-0.7093313217163086
0.1875,15,flat_plate,main_wing,segment_0,main_wing:segment_0:mirror:8,mirror,8,-3.8402483463287354,3.8402483463287354,-3.979224443435669,-3.7012720108032227,1.0,0.2779524326324463,-5.302646160125732,5.302646160125732,9.852014541625977,1.0764592637823256,52.404237979681525,3.5946021593031676,1.0480847595936305,-2.804844617843628,0.0,14.328158378601074,-0.768049669265747
0.1875,15,flat_plate,main_wing,segment_0,main_wing:segment_0:mirror:9,mirror,9,-4.1041436195373535,4.1041436195373535,-4.229062557220459,-3.979224443435669,1.0,0.24983811378479004,-5.004403114318848,5.004403114318848,9.842195510864258,1.016928206474818,49.36383187025576,3.658404472146842,0.9872766374051152,-2.3091418743133545,0.0,12.149293899536133,-0.8208287239074707
0.1875,15,flat_plate,main_wing,segment_0,main_wing:segment_0:mirror:10,mirror,10,-4.34134578704834,4.34134578704834,-4.453629493713379,-4.229062557220459,1.0,0.22456693649291992,-4.617658615112305,4.617658615112305,9.828483581542969,0.9396482329754029,45.4385062052751,3.674065718113167,0.908770124105502,-1.84402596950531,0.0,10.069838523864746,-0.8682691574096679
0.1875,15,flat_plate,main_wing,segment_0,main_wing:segment_0:mirror:11,mirror,11,-4.554555416107178,4.554555416107178,-4.655481815338135,-4.453629493713379,1.0,0.20185232162475586,-4.112298965454102,4.112298965454102,9.808819770812988,0.8384900653778167,40.337512373903515,3.607680362528164,0.8067502474780703,-1.4039565324783325,0.0,8.053257942199707,-0.9109110832214355
0.1875,15,flat_plate,main_wing,segment_0,main_wing:segment_0:mirror:12,mirror,12,-4.746199131011963,4.746199131011963,-4.836916923522949,-4.655481815338135,1.0,0.18143510818481445,-3.440459728240967,3.440459728240967,9.778380393981934,0.7036870298804052,33.59896683926774,3.420481568356244,0.6719793367853548,-0.9783200621604919,0.0,6.04893684387207,-0.9492398262023926
0.1875,15,flat_plate,main_wing,segment_0,main_wing:segment_0:mirror:13,mirror,13,-4.918458461761475,4.918458461761475,-5.0,-4.836916923522949,1.0,0.16308307647705078,-2.4716598987579346,2.4716598987579346,9.724056243896484,0.5083598524657497,23.95154781039778,3.000077683735889,0.4790309562079556,-0.5383803248405457,0.0,3.899625539779663,-0.9836916923522949
0.1875,15,flat_plate,main_wing,segment_0,main_wing:segment_0:orig:0,orig,0,0.3261663019657135,0.3261663019657135,0.0,0.652332603931427,1.0,0.652332603931427,6.103196620941162,6.103196620941162,9.874336242675781,1.2361735454305933,60.628315927544264,3.046758375360976,1.2125663185508853,-8.316471099853516,0.0,38.71660232543945,0.0652332603931427
0.1875,15,flat_plate,main_wing,segment_0,main_wing:segment_0:orig:1,orig,1,0.9455074667930603,0.9455074667930603,0.652332603931427,1.2386823892593384,1.0,0.5863497853279114,6.089972019195557,6.089972019195557,9.87407398223877,1.2335277272886636,60.490380722294155,3.0707596813767464,1.2098076144458831,-7.440741539001465,0.0,34.725975036621094,0.18910149335861207
0.1875,15,flat_plate,main_wing,segment_0,main_wing:segment_0:orig:2,orig,2,1.5022028684616089,1.5022028684616089,1.2386823892593384,1.765723466873169,1.0,0.5270410776138306,6.059737205505371,6.059737205505371,9.873497009277344,1.2274753716563678,60.17796345143252,3.1095306253284134,1.2035592690286503,-6.625763893127441,0.0,31.05971908569336,0.3004405736923218
0.1875,15,flat_plate,main_wing,segment_0,main_wing:segment_0:orig:3,orig,3,2.002588987350464,2.002588987350464,1.765723466873169,2.239454746246338,1.0,0.47373127937316895,6.010901927947998,6.010901927947998,9.872443199157715,1.2177131449003078,59.67410143960508,3.164271417218713,1.1934820287921015,-5.86874532699585,0.0,27.694202423095703,0.40051779747009275
0.1875,15,flat_plate,main_wing,segment_0,main_wing:segment_0:orig:4,orig,4,2.452361822128296,2.452361822128296,2.239454746246338,2.665268659591675,1.0,0.4258139133453369,5.9397454261779785,5.9397454261779785,9.870718002319336,1.2035082807111517,58.940513012161695,3.234001779513628,1.178810260243234,-5.165600299835205,0.0,24.598922729492188,0.49047236442565917
0.1875,15,flat_plate,main_wing,segment_0,main_wing:segment_0:orig:5,orig,5,2.856640338897705,2.856640338897705,2.665268659591675,3.0480120182037354,1.0,0.38274335861206055,5.841030597686768,5.841030597686768,9.868104934692383,1.1838201227779808,57.923964557672484,3.317071878579298,1.1584792911534496,-4.511694431304932,0.0,21.743181228637695,0.571328067779541
0.1875,15,flat_plate,main_wing,segment_0,main_wing:segment_0:orig:6,orig,6,3.2200264930725098,3.2200264930725098,3.0480120182037354,3.392040967941284,1.0,0.34402894973754883,5.708164215087891,5.708164215087891,9.864358901977539,1.1573310078860892,56.55788271634022,3.4101402276620543,1.1311576543268043,-3.9027726650238037,0.0,19.09819221496582,0.644005298614502
0.1875,15,flat_plate,main_wing,segment_0,main_wing:segment_0:orig:7,orig,7,3.546656608581543,3.546656608581543,3.392040967941284,3.7012720108032227,1.0,0.3092310428619385,5.532403945922852,5.532403945922852,9.859148979187012,1.122288334946949,54.754693796071635,3.506437496073195,1.0950938759214326,-3.334932804107666,0.0,16.635549545288086,0.7093313217163086
0.1875,15,flat_plate,main_wing,segment_0,main_wing:segment_0:orig:8,orig,8,3.8402483463287354,3.8402483463287354,3.7012720108032227,3.979224443435669,1.0,0.2779524326324463,5.302645206451416,5.302645206451416,9.852014541625977,1.076459070182466,52.4042289252298,3.5945961810648615,1.048084578504596,-2.8048455715179443,0.0,14.328155517578125,0.768049669265747
0.1875,15,flat_plate,main_wing,segment_0,main_wing:segment_0:orig:9,orig,9,4.1041436195373535,4.1041436195373535,3.979224443435669,4.229062557220459,1.0,0.24983811378479004,5.004403114318848,5.004403114318848,9.842195510864258,1.016928206474818,49.36383998542714,3.6584036827323114,0.9872767997085429,-2.309142589569092,0.0,12.149295806884766,0.8208287239074707
0.1875,15,flat_plate,main_wing,segment_0,main_wing:segment_0:orig:10,orig,10,4.34134578704834,4.34134578704834,4.229062557220459,4.453629493713379,1.0,0.22456693649291992,4.6176605224609375,4.6176605224609375,9.828484535217285,0.9396485299264606,45.4385212394485,3.674075242176024,0.90877042478897,-1.8440247774124146,0.0,10.069842338562012,0.8682691574096679
0.1875,15,flat_plate,main_wing,segment_0,main_wing:segment_0:orig:11,orig,11,4.554555416107178,4.554555416107178,4.453629493713379,4.655481815338135,1.0,0.20185232162475586,4.112300395965576,4.112300395965576,9.808819770812988,0.83849035705643,40.33751724323528,3.607680444441579,0.8067503448647056,-1.4039567708969116,0.0,8.053258895874023,0.9109110832214355
0.1875,15,flat_plate,main_wing,segment_0,main_wing:segment_0:orig:12,orig,12,4.746199131011963,4.746199131011963,4.655481815338135,4.836916923522949,1.0,0.18143510818481445,3.4404611587524414,3.4404611587524414,9.778379440307617,0.7036873910968233,33.59898105048725,3.4204894575196545,0.671979621009745,-0.9783193469047546,0.0,6.0489397048950195,0.9492398262023926
0.1875,15,flat_plate,main_wing,segment_0,main_wing:segment_0:orig:13,orig,13,4.918458461761475,4.918458461761475,4.836916923522949,5.0,1.0,0.16308307647705078,2.471660614013672,2.471660614013672,9.724056243896484,0.5083599995763216,23.95155647237328,3.000079247946522,0.4790311294474656,-0.5383804440498352,0.0,3.8996269702911377,0.9836916923522949
0.25,20,flat_plate,main_wing,segment_0,main_wing:segment_0:mirror:0,mirror,0,-0.3261663019657135,0.3261663019657135,-0.652332603931427,0.0,1.0,0.652332603931427,-6.379428863525391,6.379428863525391,9.879022598266602,1.291510126648509,63.447982860789956,2.89656263637243,1.268959657215799,-8.887171745300293,0.0,40.46792984008789,-0.0652332603931427
0.25,20,flat_plate,main_wing,segment_0,main_wing:segment_0:mirror:1,mirror,1,-0.9455074667930603,0.9455074667930603,-1.2386823892593384,-0.652332603931427,1.0,0.5863497853279114,-6.361281871795654,6.361281871795654,9.878743171691895,1.2878727103715526,63.26007931484077,2.9241422746675263,1.2652015862968156,-7.944106578826904,0.0,36.27239990234375,-0.18910149335861207
0.25,20,flat_plate,main_wing,segment_0,main_wing:segment_0:mirror:2,mirror,2,-1.5022028684616089,1.5022028684616089,-1.765723466873169,-1.2386823892593384,1.0,0.5270410776138306,-6.323489189147949,6.323489189147949,9.878122329711914,1.2803018586088653,62.87016052672841,2.971895768619555,1.2574032105345683,-7.0630693435668945,0.0,32.411495208740234,-0.3004405736923218
0.25,20,flat_plate,main_wing,segment_0,main_wing:segment_0:mirror:3,mirror,3,-2.002588987350464,2.002588987350464,-2.239454746246338,-1.765723466873169,1.0,0.47373127937316895,-6.264767646789551,6.264767646789551,9.877030372619629,1.2685528768153382,62.264660219399545,3.038947359374384,1.245293204387991,-6.243722438812256,0.0,28.864248275756836,-0.40051779747009275
0.25,20,flat_plate,main_wing,segment_0,main_wing:segment_0:mirror:4,mirror,4,-2.452361822128296,2.452361822128296,-2.665268659591675,-2.239454746246338,1.0,0.4258139133453369,-6.181641578674316,6.181641578674316,9.875314712524414,1.2519381424542189,61.40801499751025,3.1239260616055584,1.228160299950205,-5.482815265655518,0.0,25.601686477661133,-0.49047236442565917
0.25,20,flat_plate,main_wing,segment_0,main_wing:segment_0:mirror:5,mirror,5,-2.856640338897705,2.856640338897705,-3.0480120182037354,-2.665268659591675,1.0,0.38274335861206055,-6.069095134735107,6.069095134735107,9.872771263122559,1.2294613078710332,60.2491588315836,3.2248675360343,1.204983176631672,-4.776119232177734,0.0,22.59367561340332,-0.571328067779541
0.25,20,flat_plate,main_wing,segment_0,main_wing:segment_0:mirror:6,mirror,6,-3.2200264930725098,3.2200264930725098,-3.392040967941284,-3.0480120182037354,1.0,0.34402894973754883,-5.920733451843262,5.920733451843262,9.869102478027344,1.1998524617664543,58.723425008204416,3.3368794290584813,1.1744685001640882,-4.119940280914307,0.0,19.81129264831543,-0.644005298614502
0.25,20,flat_plate,main_wing,segment_0,main_wing:segment_0:mirror:7,mirror,7,-3.546656608581543,3.546656608581543,-3.7012720108032227,-3.392040967941284,1.0,0.3092310428619385,-5.728180885314941,5.728180885314941,9.8638916015625,1.1614444109275417,56.74644970848075,3.4531126010011324,1.134928994169615,-3.510270595550537,0.0,17.226207733154297,-0.7093313217163086
0.25,20,flat_plate,main_wing,segment_0,main_wing:segment_0:mirror:8,mirror,8,-3.8402483463287354,3.8402483463287354,-3.979224443435669,-3.7012720108032227,1.0,0.2779524326324463,-5.480607509613037,5.480607509613037,9.856598854064941,1.1120686944366798,54.210660493517665,3.5612905676739914,1.0842132098703532,-2.9437410831451416,0.0,14.810752868652344,-0.768049669265747
0.25,20,flat_plate,main_wing,segment_0,main_wing:segment_0:mirror:9,mirror,9,-4.1041436195373535,4.1041436195373535,-4.229062557220459,-3.979224443435669,1.0,0.24983811378479004,-5.1636552810668945,5.1636552810668945,9.846303939819336,1.0488514903921684,50.974372930124986,3.644530627463952,1.0194874586024998,-2.4166321754455566,0.0,12.537060737609863,-0.8208287239074707
0.25,20,flat_plate,main_wing,segment_0,main_wing:segment_0:mirror:10,mirror,10,-4.34134578704834,4.34134578704834,-4.453629493713379,-4.229062557220459,1.0,0.22456693649291992,-4.757165431976318,4.757165431976318,9.831701278686523,0.9677196849519938,46.84146293698598,3.6786907023531166,0.9368292587397196,-1.9245656728744507,0.0,10.374429702758789,-0.8682691574096679
0.25,20,flat_plate,main_wing,segment_0,main_wing:segment_0:mirror:11,mirror,11,-4.554555416107178,4.554555416107178,-4.655481815338135,-4.453629493713379,1.0,0.20185232162475586,-4.23063850402832,4.23063850402832,9.810613632202148,0.8624615467765977,41.5181100362969,3.6296804180044395,0.830362200725938,-1.4613453149795532,0.0,8.28459358215332,-0.9109110832214355
0.25,20,flat_plate,main_wing,segment_0,main_wing:segment_0:mirror:12,mirror,12,-4.746199131011963,4.746199131011963,-4.836916923522949,-4.655481815338135,1.0,0.18143510818481445,-3.5352399349212646,3.5352399349212646,9.778078079223633,0.7230950512520264,34.5339217587169,3.4584513742612395,0.690678435174338,-1.0155701637268066,0.0,6.214573383331299,-0.9492398262023926
0.25,20,flat_plate,main_wing,segment_0,main_wing:segment_0:mirror:13,mirror,13,-4.918458461761475,4.918458461761475,-5.0,-4.836916923522949,1.0,0.16308307647705078,-2.5373103618621826,2.5373103618621826,9.720376014709473,0.5220601256623341,24.586930492840473,3.050743057732923,0.49173860985680945,-0.557218074798584,0.0,4.0018534660339355,-0.9836916923522949
0.25,20,flat_plate,main_wing,segment_0,main_wing:segment_0:orig:0,orig,0,0.3261663019657135,0.3261663019657135,0.0,0.652332603931427,1.0,0.652332603931427,6.379429340362549,6.379429340362549,9.879022598266602,1.2915102231837996,63.44796402333015,2.8965651564738923,1.268959280466603,-8.887166976928711,0.0,40.467918395996094,0.0652332603931427
0.25,20,flat_plate,main_wing,segment_0,main_wing:segment_0:orig:1,orig,1,0.9455074667930603,0.9455074667930603,0.652332603931427,1.2386823892593384,1.0,0.5863497853279114,6.361281871795654,6.361281871795654,9.878743171691895,1.2878727103715526,63.260073451641674,2.924139019793041,1.2652014690328335,-7.944107532501221,0.0,36.272396087646484,0.18910149335861207
0.25,20,flat_plate,main_wing,segment_0,main_wing:segment_0:orig:2,orig,2,1.5022028684616089,1.5022028684616089,1.2386823892593384,1.765723466873169,1.0,0.5270410776138306,6.323490142822266,6.323490142822266,9.878122329711914,1.2803020516970423,62.87017357271545,2.9719030109201525,1.257403471454309,-7.063067436218262,0.0,32.411502838134766,0.3004405736923218
0.25,20,flat_plate,main_wing,segment_0,main_wing:segment_0:orig:3,orig,3,2.002588987350464,2.002588987350464,1.765723466873169,2.239454746246338,1.0,0.47373127937316895,6.264766693115234,6.264766693115234,9.877030372619629,1.2685526837058143,62.26464855229595,3.038944233183398,1.245292971045919,-6.243722438812256,0.0,28.864242553710938,0.40051779747009275
0.25,20,flat_plate,main_wing,segment_0,main_wing:segment_0:orig:4,orig,4,2.452361822128296,2.452361822128296,2.239454746246338,2.665268659591675,1.0,0.4258139133453369,6.181640625,6.181640625,9.875314712524414,1.2519379493111455,61.40801731616699,3.1239174082607675,1.2281603463233397,-5.482819080352783,0.0,25.601686477661133,0.49047236442565917
0.25,20,flat_plate,main_wing,segment_0,main_wing:segment_0:orig:5,orig,5,2.856640338897705,2.856640338897705,2.665268659591675,3.0480120182037354,1.0,0.38274335861206055,6.069095134735107,6.069095134735107,9.872771263122559,1.2294613078710332,60.249167491357625,3.2248737257805846,1.2049833498271525,-4.77611780166626,0.0,22.593679428100586,0.571328067779541
0.25,20,flat_plate,main_wing,segment_0,main_wing:segment_0:orig:6,orig,6,3.2200264930725098,3.2200264930725098,3.0480120182037354,3.392040967941284,1.0,0.34402894973754883,5.920733451843262,5.920733451843262,9.869102478027344,1.1998524617664543,58.72343215710858,3.336874169941538,1.1744686431421716,-4.119942665100098,0.0,19.811294555664062,0.644005298614502
0.25,20,flat_plate,main_wing,segment_0,main_wing:segment_0:orig:7,orig,7,3.546656608581543,3.546656608581543,3.392040967941284,3.7012720108032227,1.0,0.3092310428619385,5.7281813621521,5.7281813621521,9.8638916015625,1.1614445076109152,56.746460826011194,3.4531187727455275,1.1349292165202238,-3.5102696418762207,0.0,17.226211547851562,0.7093313217163086
0.25,20,flat_plate,main_wing,segment_0,main_wing:segment_0:orig:8,orig,8,3.8402483463287354,3.8402483463287354,3.7012720108032227,3.979224443435669,1.0,0.2779524326324463,5.480607509613037,5.480607509613037,9.856598854064941,1.1120686944366798,54.210660493517665,3.5612905676739914,1.0842132098703532,-2.9437410831451416,0.0,14.810752868652344,0.768049669265747
0.25,20,flat_plate,main_wing,segment_0,main_wing:segment_0:orig:9,orig,9,4.1041436195373535,4.1041436195373535,3.979224443435669,4.229062557220459,1.0,0.24983811378479004,5.163655757904053,5.163655757904053,9.846303939819336,1.0488515872482396,50.97437857540625,3.6445390558048527,1.019487571508125,-2.416630506515503,0.0,12.537062644958496,0.8208287239074707
0.25,20,flat_plate,main_wing,segment_0,main_wing:segment_0:orig:10,orig,10,4.34134578704834,4.34134578704834,4.229062557220459,4.453629493713379,1.0,0.22456693649291992,4.75716495513916,4.75716495513916,9.83170223236084,0.9677194940833445,46.84146527264497,3.6786819855550594,0.9368293054528993,-1.924567699432373,0.0,10.374429702758789,0.8682691574096679
0.25,20,flat_plate,main_wing,segment_0,main_wing:segment_0:orig:11,orig,11,4.554555416107178,4.554555416107178,4.453629493713379,4.655481815338135,1.0,0.20185232162475586,4.2306389808654785,4.2306389808654785,9.810613632202148,0.8624616439850245,41.51811916355038,3.6296828636446374,0.8303623832710076,-1.4613453149795532,0.0,8.284595489501953,0.9109110832214355
0.25,20,flat_plate,main_wing,segment_0,main_wing:segment_0:orig:12,orig,12,4.746199131011963,4.746199131011963,4.655481815338135,4.836916923522949,1.0,0.18143510818481445,3.5352392196655273,3.5352392196655273,9.778078079223633,0.7230949049542098,34.53391668153717,3.458450013835033,0.6906783336307434,-1.0155701637268066,0.0,6.214572429656982,0.9492398262023926
0.25,20,flat_plate,main_wing,segment_0,main_wing:segment_0:orig:13,orig,13,4.918458461761475,4.918458461761475,4.836916923522949,5.0,1.0,0.16308307647705078,2.537310838699341,2.537310838699341,9.720376014709473,0.5220602237731803,24.5869330333179,3.0507448735898572,0.491738660666358,-0.5572178959846497,0.0,4.001853942871094,0.9836916923522949
0.3125,25,flat_plate,main_wing,segment_0,main_wing:segment_0:mirror:0,mirror,0,-0.3261663019657135,0.3261663019657135,-0.652332603931427,0.0,1.0,0.652332603931427,-6.568727493286133,6.568727493286133,9.882552146911621,1.3293585291809291,65.38771741758767,2.760209499949994,1.3077543483517533,-9.300585746765137,0.0,41.667144775390625,-0.0652332603931427
0.3125,25,flat_plate,main_wing,segment_0,main_wing:segment_0:mirror:1,mirror,1,-0.9455074667930603,0.9455074667930603,-1.2386823892593384,-0.652332603931427,1.0,0.5863497853279114,-6.5468878746032715,6.5468878746032715,9.882299423217773,1.3249725785927544,65.16241368025746,2.7912768494481544,1.3032482736051492,-8.308053016662598,0.0,37.32966232299805,-0.18910149335861207
0.3125,25,flat_plate,main_wing,segment_0,main_wing:segment_0:mirror:2,mirror,2,-1.5022028684616089,1.5022028684616089,-1.765723466873169,-1.2386823892593384,1.0,0.5270410776138306,-6.503433704376221,6.503433704376221,9.881717681884766,1.3162557186385442,64.71458400408234,2.8465624034579866,1.2942916800816469,-7.378468990325928,0.0,33.3333625793457,-0.3004405736923218
0.3125,25,flat_plate,main_wing,segment_0,main_wing:segment_0:mirror:3,mirror,3,-2.002588987350464,2.002588987350464,-2.239454746246338,-1.765723466873169,1.0,0.47373127937316895,-6.437339782714844,6.437339782714844,9.880687713623047,1.3030145207077701,64.03348093558641,2.9242792775462174,1.2806696187117281,-6.5130696296691895,0.0,29.659582138061523,-0.40051779747009275
0.3125,25,flat_plate,main_wing,segment_0,main_wing:segment_0:mirror:4,mirror,4,-2.452361822128296,2.452361822128296,-2.665268659591675,-2.239454746246338,1.0,0.4258139133453369,-6.345475196838379,6.345475196838379,9.879047393798828,1.2846330104300328,63.08703949584763,3.022173781108721,1.2617407899169526,-5.709709644317627,0.0,26.281063079833984,-0.49047236442565917
0.3125,25,flat_plate,main_wing,segment_0,main_wing:segment_0:mirror:5,mirror,5,-2.856640338897705,2.856640338897705,-3.0480120182037354,-2.665268659591675,1.0,0.38274335861206055,-6.223048210144043,6.223048210144043,9.876599311828613,1.2601601044381885,61.826382757359234,3.137346090620042,1.2365276551471847,-4.964717864990234,0.0,23.168107986450195,-0.571328067779541
0.3125,25,flat_plate,main_wing,segment_0,main_wing:segment_0:mirror:6,mirror,6,-3.2200264930725098,3.2200264930725098,-3.392040967941284,-3.0480120182037354,1.0,0.34402894973754883,-6.063862323760986,6.063862323760986,9.873004913330078,1.2283721879999954,60.18874040826734,3.2641868855883533,1.2037748081653468,-4.274569988250732,0.0,20.2917537689209,-0.644005298614502
0.3125,25,flat_plate,main_wing,segment_0,main_wing:segment_0:mirror:7,mirror,7,-3.546656608581543,3.546656608581543,-3.7012720108032227,-3.392040967941284,1.0,0.3092310428619385,-5.859831809997559,5.859831809997559,9.867779731750488,1.187669763471313,58.09239544192158,3.395761230788598,1.1618479088384317,-3.6351237297058105,0.0,17.62364387512207,-0.7093313217163086
0.3125,25,flat_plate,main_wing,segment_0,main_wing:segment_0:mirror:8,mirror,8,-3.8402483463287354,3.8402483463287354,-3.979224443435669,-3.7012720108032227,1.0,0.2779524326324463,-5.60024881362915,5.60024881362915,9.860273361206055,1.1359216136263708,55.4306421501779,3.519411201359857,1.108612843003558,-3.0427496433258057,0.0,15.135282516479492,-0.768049669265747
0.3125,25,flat_plate,main_wing,segment_0,main_wing:segment_0:mirror:9,mirror,9,-4.1041436195373535,4.1041436195373535,-4.229062557220459,-3.979224443435669,1.0,0.24983811378479004,-5.270762920379639,5.270762920379639,9.84953498840332,1.070256195157507,52.062084410232636,3.617896746589481,1.0412416882046527,-2.493394136428833,0.0,12.797830581665039,-0.8208287239074707
0.3125,25,flat_plate,main_wing,segment_0,main_wing:segment_0:mirror:10,mirror,10,-4.34134578704834,4.34134578704834,-4.453629493713379,-4.229062557220459,1.0,0.22456693649291992,-4.851200580596924,4.851200580596924,9.834171295166016,0.9866007892259372,47.790465897854254,3.6672789550004943,0.9558093179570851,-1.9821991920471191,0.0,10.579619407653809,-0.8682691574096679
0.3125,25,flat_plate,main_wing,segment_0,main_wing:segment_0:mirror:11,mirror,11,-4.554555416107178,4.554555416107178,-4.655481815338135,-4.453629493713379,1.0,0.20185232162475586,-4.310640335083008,4.310640335083008,9.811966896057129,0.8786495879465734,42.3184191224491,3.632828449379035,0.846368382448982,-1.50254225730896,0.0,8.440797805786133,-0.9109110832214355
0.3125,25,flat_plate,main_wing,segment_0,main_wing:segment_0:mirror:12,mirror,12,-4.746199131011963,4.746199131011963,-4.836916923522949,-4.655481815338135,1.0,0.18143510818481445,-3.5995285511016846,3.5995285511016846,9.77785873413086,0.7362611076670749,35.16924814331586,3.4752903486311526,0.7033849628663172,-1.0424532890319824,0.0,6.326706886291504,-0.9492398262023926
0.3125,25,flat_plate,main_wing,segment_0,main_wing:segment_0:mirror:13,mirror,13,-4.918458461761475,4.918458461761475,-5.0,-4.836916923522949,1.0,0.16308307647705078,-2.582001209259033,2.582001209259033,9.717728614807129,0.5314001474222645,25.019769549271825,3.0797752769472213,0.5003953909854365,-0.5709144473075867,0.0,4.071262359619141,-0.9836916923522949
0.3125,25,flat_plate,main_wing,segment_0,main_wing:segment_0:orig:0,orig,0,0.3261663019657135,0.3261663019657135,0.0,0.652332603931427,1.0,0.652332603931427,6.568727970123291,6.568727970123291,9.882553100585938,1.3293584973975663,65.38772233651702,2.7601911422557666,1.3077544467303404,-9.30059814453125,0.0,41.667144775390625,0.0652332603931427
0.3125,25,flat_plate,main_wing,segment_0,main_wing:segment_0:orig:1,orig,1,0.9455074667930603,0.9455074667930603,0.652332603931427,1.2386823892593384,1.0,0.5863497853279114,6.546886920928955,6.546886920928955,9.88230037689209,1.3249722577220229,65.16242212965605,2.7912201792319147,1.303248442593121,-8.308086395263672,0.0,37.32965850830078,0.18910149335861207
0.3125,25,flat_plate,main_wing,segment_0,main_wing:segment_0:orig:2,orig,2,1.5022028684616089,1.5022028684616089,1.2386823892593384,1.765723466873169,1.0,0.5270410776138306,6.503432273864746,6.503432273864746,9.881719589233398,1.3162551750508167,64.71459480929377,2.8464941125664205,1.2942918961858754,-7.378505229949951,0.0,33.33335876464844,0.3004405736923218
0.3125,25,flat_plate,main_wing,segment_0,main_wing:segment_0:orig:3,orig,3,2.002588987350464,2.002588987350464,1.765723466873169,2.239454746246338,1.0,0.47373127937316895,6.437318325042725,6.437318325042725,9.880692481994629,1.3030095485257354,64.03330749212799,2.924226551129628,1.2806661498425598,-6.513072490692139,0.0,29.659496307373047,0.40051779747009275
0.3125,25,flat_plate,main_wing,segment_0,main_wing:segment_0:orig:4,orig,4,2.452361822128296,2.452361822128296,2.239454746246338,2.665268659591675,1.0,0.4258139133453369,6.345451831817627,6.345451831817627,9.879051208496094,1.2846277841662503,63.086849412094345,3.022121688992163,1.261736988241887,-5.709710121154785,0.0,26.28097915649414,0.49047236442565917
0.3125,25,flat_plate,main_wing,segment_0,main_wing:segment_0:orig:5,orig,5,2.856640338897705,2.856640338897705,2.665268659591675,3.0480120182037354,1.0,0.38274335861206055,6.223040580749512,6.223040580749512,9.876603126525879,1.2601580727762791,61.82635267882578,3.137265802920503,1.2365270535765156,-4.964744567871094,0.0,23.168088912963867,0.571328067779541
0.3125,25,flat_plate,main_wing,segment_0,main_wing:segment_0:orig:6,orig,6,3.2200264930725098,3.2200264930725098,3.0480120182037354,3.392040967941284,1.0,0.34402894973754883,6.063873291015625,6.063873291015625,9.873008728027344,1.2283739350501324,60.188898427381,3.2640469903171687,1.20377796854762,-4.274630546569824,0.0,20.291793823242188,0.644005298614502
0.3125,25,flat_plate,main_wing,segment_0,main_wing:segment_0:orig:7,orig,7,3.546656608581543,3.546656608581543,3.392040967941284,3.7012720108032227,1.0,0.3092310428619385,5.859858512878418,5.859858512878418,9.867783546447754,1.1876747164742734,58.09272170113322,3.395544536424362,1.1618544340226644,-3.6352145671844482,0.0,17.62372398376465,0.7093313217163086
0.3125,25,flat_plate,main_wing,segment_0,main_wing:segment_0:orig:8,orig,8,3.8402483463287354,3.8402483463287354,3.7012720108032227,3.979224443435669,1.0,0.2779524326324463,5.600303649902344,5.600303649902344,9.860273361206055,1.1359327362943101,55.43122276449311,3.5192195582055734,1.108624455289862,-3.0428428649902344,0.0,15.135424613952637,0.768049669265747
0.3125,25,flat_plate,main_wing,segment_0,main_wing:segment_0:orig:9,orig,9,4.1041436195373535,4.1041436195373535,3.979224443435669,4.229062557220459,1.0,0.24983811378479004,5.270834922790527,5.270834922790527,9.849533081054688,1.0702710228830719,52.06282469068353,3.61775919908164,1.0412564938136706,-2.4934751987457275,0.0,12.79800033569336,0.8208287239074707
0.3125,25,flat_plate,main_wing,segment_0,main_wing:segment_0:orig:10,orig,10,4.34134578704834,4.34134578704834,4.229062557220459,4.453629493713379,1.0,0.22456693649291992,4.8512678146362305,4.8512678146362305,9.834171295166016,0.9866144627805843,47.79114469594318,3.6671904515230773,0.9558228939188637,-1.9822578430175781,0.0,10.579761505126953,0.8682691574096679
0.3125,25,flat_plate,main_wing,segment_0,main_wing:segment_0:orig:11,orig,11,4.554555416107178,4.554555416107178,4.453629493713379,4.655481815338135,1.0,0.20185232162475586,4.310698509216309,4.310698509216309,9.811965942382812,0.8786615311405098,42.31900853029081,3.6327827811877498,0.8463801706058162,-1.5025819540023804,0.0,8.440910339355469,0.9109110832214355
0.3125,25,flat_plate,main_wing,segment_0,main_wing:segment_0:orig:12,orig,12,4.746199131011963,4.746199131011963,4.655481815338135,4.836916923522949,1.0,0.18143510818481445,3.599574565887451,3.599574565887451,9.777857780456543,0.7362705915158815,35.16970864927692,3.475267495014354,0.7033941729855384,-1.0424789190292358,0.0,6.326786518096924,0.9492398262023926
0.3125,25,flat_plate,main_wing,segment_0,main_wing:segment_0:orig:13,orig,13,4.918458461761475,4.918458461761475,4.836916923522949,5.0,1.0,0.16308307647705078,2.582033395767212,2.582033395767212,9.717727661132812,0.5314068238595235,25.020087380614193,3.079775304244292,0.5004017476122838,-0.5709278583526611,0.0,4.071312427520752,0.9836916923522949
0.375,30,flat_plate,main_wing,segment_0,main_wing:segment_0:mirror:0,mirror,0,-0.3261663019657135,0.3261663019657135,-0.652332603931427,0.0,1.0,0.652332603931427,-6.7038068771362305,6.7038068771362305,9.885152816772461,1.3563385415269782,66.77549962574228,2.6439539658854594,1.3355099925148457,-9.608146667480469,0.0,42.52196502685547,-0.0652332603931427
0.375,30,flat_plate,main_wing,segment_0,main_wing:segment_0:mirror:1,mirror,1,-0.9455074667930603,0.9455074667930603,-1.2386823892593384,-0.652332603931427,1.0,0.5863497853279114,-6.679286003112793,6.679286003112793,9.88497257232666,1.351402030555289,66.52316615788551,2.6781685428516204,1.3304633231577103,-8.578619956970215,0.0,38.083187103271484,-0.18910149335861207
0.375,30,flat_plate,main_wing,segment_0,main_wing:segment_0:mirror:2,mirror,2,-1.5022028684616089,1.5022028684616089,-1.765723466873169,-1.2386823892593384,1.0,0.5270410776138306,-6.631572246551514,6.631572246551514,9.884477615356445,1.3418154210291813,66.03205831033794,2.7397957364265633,1.320641166206759,-7.612536430358887,0.0,33.989501953125,-0.3004405736923218
0.375,30,flat_plate,main_wing,segment_0,main_wing:segment_0:mirror:3,mirror,3,-2.002588987350464,2.002588987350464,-2.239454746246338,-1.765723466873169,1.0,0.47373127937316895,-6.560043811798096,6.560043811798096,9.88355827331543,1.3274660057419858,65.29550114203727,2.825864001471003,1.3059100228407454,-6.712840557098389,0.0,30.22500228881836,-0.40051779747009275
0.375,30,flat_plate,main_wing,segment_0,main_wing:segment_0:mirror:4,mirror,4,-2.452361822128296,2.452361822128296,-2.665268659591675,-2.239454746246338,1.0,0.4258139133453369,-6.46177864074707,6.46177864074707,9.88205337524414,1.307780558428208,64.2835686134314,2.9334935026980644,1.285671372268628,-5.878052234649658,0.0,26.763427734375,-0.49047236442565917
0.375,30,flat_plate,main_wing,segment_0,main_wing:segment_0:mirror:5,mirror,5,-2.856640338897705,2.856640338897705,-3.0480120182037354,-2.665268659591675,1.0,0.38274335861206055,-6.33223819732666,6.33223819732666,9.879712104797363,1.281866947165772,62.9496558134622,3.05955516987451,1.258993116269244,-5.104750156402588,0.0,23.5756778717041,-0.571328067779541
0.375,30,flat_plate,main_wing,segment_0,main_wing:segment_0:mirror:6,mirror,6,-3.2200264930725098,3.2200264930725098,-3.392040967941284,-3.0480120182037354,1.0,0.34402894973754883,-6.165489196777344,6.165489196777344,9.876142501831055,1.2485622186261995,61.2333762045586,3.1985975793834727,1.224667524091172,-4.389381408691406,0.0,20.633052825927734,-0.644005298614502
0.375,30,flat_plate,main_wing,segment_0,main_wing:segment_0:mirror:7,mirror,7,-3.546656608581543,3.546656608581543,-3.7012720108032227,-3.392040967941284,1.0,0.3092310428619385,-5.953453063964844,5.953453063964844,9.870824813842773,1.2062726623647022,59.05303196684438,3.3426070571719246,1.1810606393368877,-3.7278850078582764,0.0,17.906326293945312,-0.7093313217163086
0.375,30,flat_plate,main_wing,segment_0,main_wing:segment_0:mirror:8,mirror,8,-3.8402483463287354,3.8402483463287354,-3.979224443435669,-3.7012720108032227,1.0,0.2779524326324463,-5.685552597045898,5.685552597045898,9.863072395324707,1.1528968599563283,56.303131758975844,3.4793356505888022,1.1260626351795169,-3.1162755489349365,0.0,15.366646766662598,-0.768049669265747
0.375,30,flat_plate,main_wing,segment_0,main_wing:segment_0:mirror:9,mirror,9,-4.1041436195373535,4.1041436195373535,-4.229062557220459,-3.979224443435669,1.0,0.24983811378479004,-5.347410202026367,5.347410202026367,9.851911544799805,1.0855578996441404,52.842183838834146,3.5906511053915238,1.056843676776683,-2.550412654876709,0.0,12.984326362609863,-0.8208287239074707
0.375,30,flat_plate,main_wing,segment_0,main_wing:segment_0:mirror:10,mirror,10,-4.34134578704834,4.34134578704834,-4.453629493713379,-4.229062557220459,1.0,0.22456693649291992,-4.918689250946045,4.918689250946045,9.835914611816406,1.000148831108591,48.47259636422441,3.6522024130614668,0.9694519272844881,-2.025116443634033,0.0,10.726707458496094,-0.8682691574096679
0.375,30,flat_plate,main_wing,segment_0,main_wing:segment_0:mirror:11,mirror,11,-4.554555416107178,4.554555416107178,-4.655481815338135,-4.453629493713379,1.0,0.20185232162475586,-4.368206977844238,4.368206977844238,9.812835693359375,0.8903047221712533,42.894802745882295,3.6295060065068077,0.8578960549176459,-1.5333021879196167,0.0,8.553004264831543,-0.9109110832214355
0.375,30,flat_plate,main_wing,segment_0,main_wing:segment_0:mirror:12,mirror,12,-4.746199131011963,4.746199131011963,-4.836916923522949,-4.655481815338135,1.0,0.18143510818481445,-3.645937919616699,3.645937919616699,9.7775239944458,0.7457793858011094,35.62797002323513,3.483323314917998,0.7125594004647026,-1.0625865459442139,0.0,6.407476425170898,-0.9492398262023926
0.375,30,flat_plate,main_wing,segment_0,main_wing:segment_0:mirror:13,mirror,13,-4.918458461761475,4.918458461761475,-5.0,-4.836916923522949,1.0,0.16308307647705078,-2.6143550872802734,2.6143550872802734,9.715599060058594,0.538176816708718,25.33294473817304,3.0982076066771778,0.5066588947634608,-0.5812296867370605,0.0,4.121373653411865,-0.9836916923522949
0.375,30,flat_plate,main_wing,segment_0,main_wing:segment_0:orig:0,orig,0,0.3261663019657135,0.3261663019657135,0.0,0.652332603931427,1.0,0.652332603931427,6.7038044929504395,6.7038044929504395,9.885151863098145,1.3563381900031577,66.77545289688875,2.643970201744592,1.335509057937775,-9.608128547668457,0.0,42.52193832397461,0.0652332603931427
0.375,30,flat_plate,main_wing,segment_0,main_wing:segment_0:orig:1,orig,1,0.9455074667930603,0.9455074667930603,0.652332603931427,1.2386823892593384,1.0,0.5863497853279114,6.679285049438477,6.679285049438477,9.884969711303711,1.351402228739365,66.52315145455255,2.678198279805864,1.3304630290910509,-8.578600883483887,0.0,38.08318328857422,0.18910149335861207
0.375,30,flat_plate,main_wing,segment_0,main_wing:segment_0:orig:2,orig,2,1.5022028684616089,1.5022028684616089,1.2386823892593384,1.765723466873169,1.0,0.5270410776138306,6.631561279296875,6.631561279296875,9.884475708007812,1.3418134608645715,66.03192684655872,2.7397829906465345,1.3206385369311744,-7.61252498626709,0.0,33.98943328857422,0.3004405736923218
0.375,30,flat_plate,main_wing,segment_0,main_wing:segment_0:orig:3,orig,3,2.002588987350464,2.002588987350464,1.765723466873169,2.239454746246338,1.0,0.47373127937316895,6.559994220733643,6.559994220733643,9.883563041687012,1.3274553302416991,65.29501927315357,2.825857848604885,1.3059003854630715,-6.712784290313721,0.0,30.224781036376953,0.40051779747009275
0.375,30,flat_plate,main_wing,segment_0,main_wing:segment_0:orig:4,orig,4,2.452361822128296,2.452361822128296,2.239454746246338,2.665268659591675,1.0,0.4258139133453369,6.461719036102295,6.461719036102295,9.88205337524414,1.3077684952177573,64.28295403867028,2.9334853372176326,1.2856590807734056,-5.877987861633301,0.0,26.763174057006836,0.49047236442565917
0.375,30,flat_plate,main_wing,segment_0,main_wing:segment_0:orig:5,orig,5,2.856640338897705,2.856640338897705,2.665268659591675,3.0480120182037354,1.0,0.38274335861206055,6.33217716217041,6.33217716217041,9.879705429077148,1.2818554576605208,62.949012914934904,3.0594899582155493,1.2589802582986982,-5.104710578918457,0.0,23.5754337310791,0.571328067779541
0.375,30,flat_plate,main_wing,segment_0,main_wing:segment_0:orig:6,orig,6,3.2200264930725098,3.2200264930725098,3.0480120182037354,3.392040967941284,1.0,0.34402894973754883,6.165441513061523,6.165441513061523,9.876132011413574,1.2485538884932466,61.23286138413313,3.1984625035302403,1.2246572276826626,-4.38938045501709,0.0,20.632869720458984,0.644005298614502
0.375,30,flat_plate,main_wing,segment_0,main_wing:segment_0:orig:7,orig,7,3.546656608581543,3.546656608581543,3.392040967941284,3.7012720108032227,1.0,0.3092310428619385,5.953432559967041,5.953432559967041,9.870810508728027,1.2062702560651652,59.05279627602193,3.34234275690759,1.1810559255204387,-3.72794508934021,0.0,17.906234741210938,0.7093313217163086
0.375,30,flat_plate,main_wing,segment_0,main_wing:segment_0:orig:8,orig,8,3.8402483463287354,3.8402483463287354,3.7012720108032227,3.979224443435669,1.0,0.2779524326324463,5.6855669021606445,5.6855669021606445,9.863049507141113,1.1529024361165665,56.303225747455976,3.4789185976187453,1.1260645149491195,-3.116394281387329,0.0,15.366641998291016,0.768049669265747
0.375,30,flat_plate,main_wing,segment_0,main_wing:segment_0:orig:9,orig,9,4.1041436195373535,4.1041436195373535,3.979224443435669,4.229062557220459,1.0,0.24983811378479004,5.3474507331848145,5.3474507331848145,9.851881980895996,1.085569385332503,52.84252256080233,3.5903308759527626,1.0568504512160466,-2.5505118370056152,0.0,12.984387397766113,0.8208287239074707
0.375,30,flat_plate,main_wing,segment_0,main_wing:segment_0:orig:10,orig,10,4.34134578704834,4.34134578704834,4.229062557220459,4.453629493713379,1.0,0.22456693649291992,4.918729305267334,4.918729305267334,9.835886001586914,1.0001598848286266,48.472915362371104,3.651947156926681,0.9694583072474221,-2.0251903533935547,0.0,10.726761817932129,0.8682691574096679
0.375,30,flat_plate,main_wing,segment_0,main_wing:segment_0:orig:11,orig,11,4.554555416107178,4.554555416107178,4.453629493713379,4.655481815338135,1.0,0.20185232162475586,4.368245601654053,4.368245601654053,9.812808990478516,0.8903150170135,42.89512495267501,3.6293257667751324,0.8579024990535002,-1.5333541631698608,0.0,8.553057670593262,0.9109110832214355
0.375,30,flat_plate,main_wing,segment_0,main_wing:segment_0:orig:12,orig,12,4.746199131011963,4.746199131011963,4.655481815338135,4.836916923522949,1.0,0.18143510818481445,3.6459736824035645,3.6459736824035645,9.777495384216309,0.7457888833758419,35.62825610775527,3.4831999883818145,0.7125651221551054,-1.0626215934753418,0.0,6.407520771026611,0.9492398262023926
0.375,30,flat_plate,main_wing,segment_0,main_wing:segment_0:orig:13,orig,13,4.918458461761475,4.918458461761475,4.836916923522949,5.0,1.0,0.16308307647705078,2.6143851280212402,2.6143851280212402,9.715570449829102,0.5381845855622873,25.33318644978748,3.09815280523349,0.5066637289957496,-0.5812485218048096,0.0,4.1214094161987305,0.9836916923522949
0.4375,35,flat_plate,main_wing,segment_0,main_wing:segment_0:mirror:0,mirror,0,-0.3261663019657135,0.3261663019657135,-0.652332603931427,0.0,1.0,0.652332603931427,-6.803032875061035,6.803032875061035,9.88730239868164,1.3761150616710462,67.798077603236,2.5489772083125315,1.35596155206472,-9.8406400680542,0.0,43.15026092529297,-0.0652332603931427
0.4375,35,flat_plate,main_wing,segment_0,main_wing:segment_0:mirror:1,mirror,1,-0.9455074667930603,0.9455074667930603,-1.2386823892593384,-0.652332603931427,1.0,0.5863497853279114,-6.776429176330566,6.776429176330566,9.887164115905762,1.3707528461936083,67.52468529427416,2.585636845573207,1.3504937058854833,-8.783016204833984,0.0,38.636375427246094,-0.18910149335861207
0.4375,35,flat_plate,main_wing,segment_0,main_wing:segment_0:mirror:2,mirror,2,-1.5022028684616089,1.5022028684616089,-1.765723466873169,-1.2386823892593384,1.0,0.5270410776138306,-6.7255353927612305,6.7255353927612305,9.886767387390137,1.3605125172337258,67.00122425776117,2.652402770908345,1.3400244851552232,-7.789228916168213,0.0,34.47096633911133,-0.3004405736923218
0.4375,35,flat_plate,main_wing,segment_0,main_wing:segment_0:mirror:3,mirror,3,-2.002588987350464,2.002588987350464,-2.239454746246338,-1.765723466873169,1.0,0.47373127937316895,-6.6499552726745605,6.6499552726745605,9.885966300964355,1.3453323772762347,66.22330502121932,2.7455461170172635,1.3244661004243863,-6.863351821899414,0.0,30.639707565307617,-0.40051779747009275
0.4375,35,flat_plate,main_wing,segment_0,main_wing:segment_0:mirror:4,mirror,4,-2.452361822128296,2.452361822128296,-2.665268659591675,-2.239454746246338,1.0,0.4258139133453369,-6.547025680541992,6.547025680541992,9.884537696838379,1.3247004324008178,65.16332593304651,2.861623805841381,1.3032665186609302,-6.0045695304870605,0.0,27.117355346679688,-0.49047236442565917
0.4375,35,flat_plate,main_wing,segment_0,main_wing:segment_0:mirror:5,mirror,5,-2.856640338897705,2.856640338897705,-3.0480120182037354,-2.665268659591675,1.0,0.38274335861206055,-6.412385940551758,6.412385940551758,9.88222885131836,1.2977610692948687,63.776475722726346,2.996658582162768,1.275529514454527,-5.209908962249756,0.0,23.875123977661133,-0.571328067779541
0.4375,35,flat_plate,main_wing,segment_0,main_wing:segment_0:mirror:6,mirror,6,-3.2200264930725098,3.2200264930725098,-3.392040967941284,-3.0480120182037354,1.0,0.34402894973754883,-6.240137100219727,6.240137100219727,9.878631591796875,1.2633606268709279,62.00260510227133,3.1449733635333277,1.2400521020454267,-4.475694179534912,0.0,20.88389778137207,-0.644005298614502
0.4375,35,flat_plate,main_wing,segment_0,main_wing:segment_0:mirror:7,mirror,7,-3.546656608581543,3.546656608581543,-3.7012720108032227,-3.392040967941284,1.0,0.3092310428619385,-6.022395133972168,6.022395133972168,9.87319564819336,1.2199485047324414,59.76197563615571,3.2985221165541523,1.1952395127231141,-3.79779314994812,0.0,18.11455535888672,-0.7093313217163086
0.4375,35,flat_plate,main_wing,segment_0,main_wing:segment_0:mirror:8,mirror,8,-3.8402483463287354,3.8402483463287354,-3.979224443435669,-3.7012720108032227,1.0,0.2779524326324463,-5.7485175132751465,5.7485175132751465,9.865214347839355,1.1654115786210295,56.94843037342544,3.444543305227617,1.1389686074685088,-3.172039031982422,0.0,15.537394523620605,-0.768049669265747
0.4375,35,flat_plate,main_wing,segment_0,main_wing:segment_0:mirror:9,mirror,9,-4.1041436195373535,4.1041436195373535,-4.229062557220459,-3.979224443435669,1.0,0.24983811378479004,-5.404141426086426,5.404141426086426,9.853689193725586,1.096876777791521,53.42060390279953,3.565271110282737,1.0684120780559905,-2.593939781188965,0.0,13.122272491455078,-0.8208287239074707
0.4375,35,flat_plate,main_wing,segment_0,main_wing:segment_0:mirror:10,mirror,10,-4.34134578704834,4.34134578704834,-4.453629493713379,-4.229062557220459,1.0,0.22456693649291992,-4.9687957763671875,4.9687957763671875,9.837193489074707,1.0102059661397502,48.97979989490918,3.636198126417176,0.9795959978981835,-2.058067798614502,0.0,10.835797309875488,-0.8682691574096679
0.4375,35,flat_plate,main_wing,segment_0,main_wing:segment_0:mirror:11,mirror,11,-4.554555416107178,4.554555416107178,-4.655481815338135,-4.453629493713379,1.0,0.20185232162475586,-4.411071300506592,4.411071300506592,9.813456535339355,0.8989842232697175,43.32454214776601,3.6227287743569825,0.8664908429553202,-1.5570745468139648,0.0,8.636438369750977,-0.9109110832214355
0.4375,35,flat_plate,main_wing,segment_0,main_wing:segment_0:mirror:12,mirror,12,-4.746199131011963,4.746199131011963,-4.836916923522949,-4.655481815338135,1.0,0.18143510818481445,-3.680609703063965,3.680609703063965,9.777257919311523,0.7528920139856838,35.97108632003263,3.4857484062481534,0.7194217264006526,-1.078273892402649,0.0,6.467722415924072,-0.9492398262023926
0.4375,35,flat_plate,main_wing,segment_0,main_wing:segment_0:mirror:13,mirror,13,-4.918458461761475,4.918458461761475,-5.0,-4.836916923522949,1.0,0.16308307647705078,-2.6386055946350098,2.6386055946350098,9.713977813720703,0.5432595472697206,25.567896460084096,3.1097443821524164,0.5113579292016819,-0.5893294215202332,0.0,4.158871650695801,-0.9836916923522949
0.4375,35,flat_plate,main_wing,segment_0,main_wing:segment_0:orig:0,orig,0,0.3261663019657135,0.3261663019657135,0.0,0.652332603931427,1.0,0.652332603931427,6.803030967712402,6.803030967712402,9.88730239868164,1.3761146758532457,67.79805425239243,2.5489739785062993,1.3559610850478487,-9.840638160705566,0.0,43.150245666503906,0.0652332603931427
0.4375,35,flat_plate,main_wing,segment_0,main_wing:segment_0:orig:1,orig,1,0.9455074667930603,0.9455074667930603,0.652332603931427,1.2386823892593384,1.0,0.5863497853279114,6.776426315307617,6.776426315307617,9.887164115905762,1.370752267458813,67.52465092677362,2.585639423674341,1.3504930185354724,-8.78300952911377,0.0,38.636356353759766,0.18910149335861207
0.4375,35,flat_plate,main_wing,segment_0,main_wing:segment_0:orig:2,orig,2,1.5022028684616089,1.5022028684616089,1.2386823892593384,1.765723466873169,1.0,0.5270410776138306,6.725528240203857,6.725528240203857,9.886768341064453,1.3605109391042447,67.00115524756251,2.652408632834246,1.34002310495125,-7.7892165184021,0.0,34.47093200683594,0.3004405736923218
0.4375,35,flat_plate,main_wing,segment_0,main_wing:segment_0:orig:3,orig,3,2.002588987350464,2.002588987350464,1.765723466873169,2.239454746246338,1.0,0.47373127937316895,6.64993953704834,6.64993953704834,9.885967254638672,1.3453290640686817,66.22314890139782,2.7455376308743573,1.3244629780279564,-6.863336563110352,0.0,30.63963508605957,0.40051779747009275
0.4375,35,flat_plate,main_wing,segment_0,main_wing:segment_0:orig:4,orig,4,2.452361822128296,2.452361822128296,2.239454746246338,2.665268659591675,1.0,0.4258139133453369,6.547004699707031,6.547004699707031,9.884537696838379,1.3246961872179668,65.16311332562597,2.8615865464371026,1.3032622665125195,-6.004561424255371,0.0,27.117263793945312,0.49047236442565917
0.4375,35,flat_plate,main_wing,segment_0,main_wing:segment_0:orig:5,orig,5,2.856640338897705,2.856640338897705,2.665268659591675,3.0480120182037354,1.0,0.38274335861206055,6.412374973297119,6.412374973297119,9.88222885131836,1.297758849703559,63.776358907548634,2.9966324407860085,1.2755271781509727,-5.209907054901123,0.0,23.875078201293945,0.571328067779541
0.4375,35,flat_plate,main_wing,segment_0,main_wing:segment_0:orig:6,orig,6,3.2200264930725098,3.2200264930725098,3.0480120182037354,3.392040967941284,1.0,0.34402894973754883,6.240128517150879,6.240128517150879,9.878632545471191,1.2633587672033886,62.00253804680499,3.1449023035909596,1.2400507609360998,-4.475711822509766,0.0,20.883869171142578,0.644005298614502
0.4375,35,flat_plate,main_wing,segment_0,main_wing:segment_0:orig:7,orig,7,3.546656608581543,3.546656608581543,3.392040967941284,3.7012720108032227,1.0,0.3092310428619385,6.022386074066162,6.022386074066162,9.873197555541992,1.2199464338046584,59.76191277974461,3.2984230593439396,1.1952382555948922,-3.7978177070617676,0.0,18.11452865600586,0.7093313217163086
0.4375,35,flat_plate,main_wing,segment_0,main_wing:segment_0:orig:8,orig,8,3.8402483463287354,3.8402483463287354,3.7012720108032227,3.979224443435669,1.0,0.2779524326324463,5.748509407043457,5.748509407043457,9.865217208862305,1.1654095972421874,56.94837500043967,3.4444583140015097,1.1389675000087933,-3.172057867050171,0.0,15.537373542785645,0.768049669265747
0.4375,35,flat_plate,main_wing,segment_0,main_wing:segment_0:orig:9,orig,9,4.1041436195373535,4.1041436195373535,3.979224443435669,4.229062557220459,1.0,0.24983811378479004,5.404134273529053,5.404134273529053,9.853691101074219,1.0968751137205652,53.420567843676885,3.5651992070388276,1.0684113568735376,-2.5939548015594482,0.0,13.122259140014648,0.8208287239074707
0.4375,35,flat_plate,main_wing,segment_0,main_wing:segment_0:orig:10,orig,10,4.34134578704834,4.34134578704834,4.229062557220459,4.453629493713379,1.0,0.22456693649291992,4.96879243850708,4.96879243850708,9.837194442749023,1.0102051895842248,48.97977614658085,3.6361554916614254,0.9795955229316171,-2.0580756664276123,0.0,10.835789680480957,0.8682691574096679
0.4375,35,flat_plate,main_wing,segment_0,main_wing:segment_0:orig:11,orig,11,4.554555416107178,4.554555416107178,4.453629493713379,4.655481815338135,1.0,0.20185232162475586,4.411069393157959,4.411069393157959,9.813457489013672,0.8989837471851738,43.32453092447462,3.6226976422228425,0.8664906184894925,-1.5570800304412842,0.0,8.636434555053711,0.9109110832214355
0.4375,35,flat_plate,main_wing,segment_0,main_wing:segment_0:orig:12,orig,12,4.746199131011963,4.746199131011963,4.655481815338135,4.836916923522949,1.0,0.18143510818481445,3.6806111335754395,3.6806111335754395,9.777257919311523,0.7528923066058615,35.971101211465246,3.485753756821702,0.7194220242293049,-1.0782736539840698,0.0,6.4677252769470215,0.9492398262023926
0.4375,35,flat_plate,main_wing,segment_0,main_wing:segment_0:orig:13,orig,13,4.918458461761475,4.918458461761475,4.836916923522949,5.0,1.0,0.16308307647705078,2.638607978820801,2.638607978820801,9.713977813720703,0.5432600381470598,25.567914621805425,3.1097556810199833,0.5113582924361085,-0.589328408241272,0.0,4.158874988555908,0.9836916923522949
0.5,40,flat_plate,main_wing,segment_0,main_wing:segment_0:mirror:0,mirror,0,-0.3261663019657135,0.3261663019657135,-0.652332603931427,0.0,1.0,0.652332603931427,-6.877523899078369,6.877523899078369,9.889213562011719,1.3909142230475413,68.56842644187925,2.472070308463427,1.371368528837585,-10.01916217803955,0.0,43.622676849365234,-0.0652332603931427
0.5,40,flat_plate,main_wing,segment_0,main_wing:segment_0:mirror:1,mirror,1,-0.9455074667930603,0.9455074667930603,-1.2386823892593384,-0.652332603931427,1.0,0.5863497853279114,-6.849438667297363,6.849438667297363,9.889120101928711,1.3852473418664402,68.28007816676788,2.510914820144599,1.3656015633353575,-8.939973831176758,0.0,39.0528678894043,-0.18910149335861207
0.5,40,flat_plate,main_wing,segment_0,main_wing:segment_0:mirror:2,mirror,2,-1.5022028684616089,1.5022028684616089,-1.765723466873169,-1.2386823892593384,1.0,0.5270410776138306,-6.796090126037598,6.796090126037598,9.888765335083008,1.3745073112265436,67.73160437095629,2.5814442547976024,1.3546320874191258,-7.92498254776001,0.0,34.83311080932617,-0.3004405736923218
0.5,40,flat_plate,main_wing,segment_0,main_wing:segment_0:mirror:3,mirror,3,-2.002588987350464,2.002588987350464,-2.239454746246338,-1.765723466873169,1.0,0.47373127937316895,-6.717424392700195,6.717424392700195,9.888002395629883,1.3587020156202712,66.92196962595794,2.67962504948304,1.3384393925191589,-6.979180335998535,0.0,30.951326370239258,-0.40051779747009275
0.5,40,flat_plate,main_wing,segment_0,main_wing:segment_0:mirror:4,mirror,4,-2.452361822128296,2.452361822128296,-2.665268659591675,-2.239454746246338,1.0,0.4258139133453369,-6.610965728759766,6.610965728759766,9.886600494384766,1.3373587276060275,65.82541993769205,2.8017887198832945,1.3165083987538408,-6.102148532867432,0.0,27.38308334350586,-0.49047236442565917
0.5,40,flat_plate,main_wing,segment_0,main_wing:segment_0:mirror:5,mirror,5,-2.856640338897705,2.856640338897705,-3.0480120182037354,-2.665268659591675,1.0,0.38274335861206055,-6.472484111785889,6.472484111785889,9.884284019470215,1.30965158407757,64.39844423596011,2.9436467188066473,1.2879688847192023,-5.291120529174805,0.0,24.099815368652344,-0.571328067779541
0.5,40,flat_plate,main_wing,segment_0,main_wing:segment_0:mirror:6,mirror,6,-3.2200264930725098,3.2200264930725098,-3.392040967941284,-3.0480120182037354,1.0,0.34402894973754883,-6.2962236404418945,6.2962236404418945,9.880609512329102,1.2744605750455815,62.58218822015562,3.0992941798774316,1.2516437644031124,-4.54248046875,0.0,21.072429656982422,-0.644005298614502
0.5,40,flat_plate,main_wing,segment_0,main_wing:segment_0:mirror:7,mirror,7,-3.546656608581543,3.546656608581543,-3.7012720108032227,-3.392040967941284,1.0,0.3092310428619385,-6.074260711669922,6.074260711669922,9.875032424926758,1.2302259780610239,60.29660047219063,3.260005279546727,1.2059320094438126,-3.8520865440368652,0.0,18.271162033081055,-0.7093313217163086
0.5,40,flat_plate,main_wing,segment_0,main_wing:segment_0:mirror:8,mirror,8,-3.8402483463287354,3.8402483463287354,-3.979224443435669,-3.7012720108032227,1.0,0.2779524326324463,-5.796043872833252,5.796043872833252,9.866825103759766,1.1748548924060005,57.436353120874045,3.413488744012503,1.148727062417481,-3.215477466583252,0.0,15.666158676147461,-0.768049669265747
0.5,40,flat_plate,main_wing,segment_0,main_wing:segment_0:mirror:9,mirror,9,-4.1041436195373535,4.1041436195373535,-4.229062557220459,-3.979224443435669,1.0,0.24983811378479004,-5.447091102600098,5.447091102600098,9.854990005493164,1.105448326089401,53.859014697400056,3.5419562277261645,1.077180293948001,-2.627915143966675,0.0,13.226564407348633,-0.8208287239074707
0.5,40,flat_plate,main_wing,segment_0,main_wing:segment_0:mirror:10,mirror,10,-4.34134578704834,4.34134578704834,-4.453629493713379,-4.229062557220459,1.0,0.22456693649291992,-5.006868362426758,5.006868362426758,9.838088989257812,1.017853847000926,49.36545091086512,3.6205440934756856,0.9873090182173024,-2.0838782787323,0.0,10.918540954589844,-0.8682691574096679
0.5,40,flat_plate,main_wing,segment_0,main_wing:segment_0:mirror:11,mirror,11,-4.554555416107178,4.554555416107178,-4.655481815338135,-4.453629493713379,1.0,0.20185232162475586,-4.443807601928711,4.443807601928711,9.8138427734375,0.90562029666024,43.652836661059794,3.6148552759949766,0.8730567332211959,-1.575760841369629,0.0,8.70003604888916,-0.9109110832214355
0.5,40,flat_plate,main_wing,segment_0,main_wing:segment_0:mirror:12,mirror,12,-4.746199131011963,4.746199131011963,-4.836916923522949,-4.655481815338135,1.0,0.18143510818481445,-3.7071948051452637,3.7071948051452637,9.776956558227539,0.7583535393794038,36.23412365368914,3.4858031837478505,0.7246824730737828,-1.090616226196289,0.0,6.51382303237915,-0.9492398262023926
0.5,40,flat_plate,main_wing,segment_0,main_wing:segment_0:mirror:13,mirror,13,-4.918458461761475,4.918458461761475,-5.0,-4.836916923522949,1.0,0.16308307647705078,-2.657252788543701,2.657252788543701,9.712627410888672,0.5471748634287561,25.74846166779875,3.1175523089498713,0.514969233355975,-0.5957209467887878,0.0,4.187644958496094,-0.9836916923522949
0.5,40,flat_plate,main_wing,segment_0,main_wing:segment_0:orig:0,orig,0,0.3261663019657135,0.3261663019657135,0.0,0.652332603931427,1.0,0.652332603931427,6.877525329589844,6.877525329589844,9.889214515686035,1.390914378221016,68.56845663071446,2.4720254244522097,1.3713691326142894,-10.019195556640625,0.0,43.62268829345703,0.0652332603931427
0.5,40,flat_plate,main_wing,segment_0,main_wing:segment_0:orig:1,orig,1,0.9455074667930603,0.9455074667930603,0.652332603931427,1.2386823892593384,1.0,0.5863497853279114,6.84945011138916,6.84945011138916,9.889123916625977,1.385249121992212,68.28022537926843,2.5108178749784615,1.3656045075853687,-8.940051078796387,0.0,39.05293655395508,0.18910149335861207
0.5,40,flat_plate,main_wing,segment_0,main_wing:segment_0:orig:2,orig,2,1.5022028684616089,1.5022028684616089,1.2386823892593384,1.765723466873169,1.0,0.5270410776138306,6.7960968017578125,6.7960968017578125,9.888771057128906,1.374507866042352,67.731735266739,2.5813472591953768,1.3546347053347798,-7.925049781799316,0.0,34.83316421508789,0.3004405736923218
0.5,40,flat_plate,main_wing,segment_0,main_wing:segment_0:orig:3,orig,3,2.002588987350464,2.002588987350464,1.765723466873169,2.239454746246338,1.0,0.47373127937316895,6.717396259307861,6.717396259307861,9.88801383972168,1.3586947526960456,66.92177826301395,2.679592531082652,1.338435565260279,-6.9791717529296875,0.0,30.951234817504883,0.40051779747009275
0.5,40,flat_plate,main_wing,segment_0,main_wing:segment_0:orig:4,orig,4,2.452361822128296,2.452361822128296,2.239454746246338,2.665268659591675,1.0,0.4258139133453369,6.6109209060668945,6.6109209060668945,9.88661003112793,1.3373483702204196,65.82503074377257,2.801752836060946,1.3165006148754514,-6.102120399475098,0.0,27.382919311523438,0.49047236442565917
0.5,40,flat_plate,main_wing,segment_0,main_wing:segment_0:orig:5,orig,5,2.856640338897705,2.856640338897705,2.665268659591675,3.0480120182037354,1.0,0.38274335861206055,6.472443580627441,6.472443580627441,9.88429069519043,1.3096424984297255,64.39808252792442,2.9435910726767527,1.2879616505584883,-5.291105270385742,0.0,24.09967613220215,0.571328067779541
0.5,40,flat_plate,main_wing,segment_0,main_wing:segment_0:orig:6,orig,6,3.2200264930725098,3.2200264930725098,3.0480120182037354,3.392040967941284,1.0,0.34402894973754883,6.296204090118408,6.296204090118408,9.880611419677734,1.2744563717138397,62.5820276402484,3.099186580680592,1.2516405528049679,-4.542501926422119,0.0,21.07236671447754,0.644005298614502
0.5,40,flat_plate,main_wing,segment_0,main_wing:segment_0:orig:7,orig,7,3.546656608581543,3.546656608581543,3.392040967941284,3.7012720108032227,1.0,0.3092310428619385,6.074271202087402,6.074271202087402,9.875028610229492,1.2302285779294038,60.29671221955021,3.2597550529881585,1.2059342443910042,-3.85217022895813,0.0,18.271175384521484,0.7093313217163086
0.5,40,flat_plate,main_wing,segment_0,main_wing:segment_0:orig:8,orig,8,3.8402483463287354,3.8402483463287354,3.7012720108032227,3.979224443435669,1.0,0.2779524326324463,5.796105861663818,5.796105861663818,9.866811752319336,1.1748690472991663,57.43693273673183,3.413208030690351,1.1487386547346368,-3.215594530105591,0.0,15.66629409790039,0.768049669265747
0.5,40,flat_plate,main_wing,segment_0,main_wing:segment_0:orig:9,orig,9,4.1041436195373535,4.1041436195373535,3.979224443435669,4.229062557220459,1.0,0.24983811378479004,5.447186470031738,5.447186470031738,9.854972839355469,1.1054696058174003,53.859917387676674,3.541714004392539,1.0771983477535334,-2.6280319690704346,0.0,13.226766586303711,0.8208287239074707
0.5,40,flat_plate,main_wing,segment_0,main_wing:segment_0:orig:10,orig,10,4.34134578704834,4.34134578704834,4.229062557220459,4.453629493713379,1.0,0.22456693649291992,5.00697135925293,5.00697135925293,9.83807373046875,1.0178763640988417,49.366444407792535,3.620364051914372,0.9873288881558507,-2.083975076675415,0.0,10.918745994567871,0.8682691574096679
0.5,40,flat_plate,main_wing,segment_0,main_wing:segment_0:orig:11,orig,11,4.554555416107178,4.554555416107178,4.453629493713379,4.655481815338135,1.0,0.20185232162475586,4.443912506103516,4.443912506103516,9.81382942199707,0.9056429075774988,43.65384906819408,3.6147095680152646,0.8730769813638816,-1.5758421421051025,0.0,8.700225830078125,0.9109110832214355
0.5,40,flat_plate,main_wing,segment_0,main_wing:segment_0:orig:12,orig,12,4.746199131011963,4.746199131011963,4.655481815338135,4.836916923522949,1.0,0.18143510818481445,3.707294464111328,3.707294464111328,9.776941299438477,0.7583751094678763,36.235078214067094,3.485733815566954,0.7247015642813419,-1.0906732082366943,0.0,6.513987064361572,0.9492398262023926
0.5,40,flat_plate,main_wing,segment_0,main_wing:segment_0:orig:13,orig,13,4.918458461761475,4.918458461761475,4.836916923522949,5.0,1.0,0.16308307647705078,2.657334804534912,2.657334804534912,9.71260929107666,0.5471927727961436,25.749231057492697,3.117550357652829,0.5149846211498539,-0.5957537293434143,0.0,4.187766075134277,0.9836916923522949
0.5625,45,flat_plate,main_wing,segment_0,main_wing:segment_0:mirror:0,mirror,0,-0.3261663019657135,0.3261663019657135,-0.652332603931427,0.0,1.0,0.652332603931427,-6.9345784187316895,6.9345784187316895,9.890823364257812,1.4022247012904867,69.16010452236402,2.4090704758021997,1.3832020904472804,-10.1587553024292,0.0,43.984859466552734,-0.0652332603931427
0.5625,45,flat_plate,main_wing,segment_0,main_wing:segment_0:mirror:1,mirror,1,-0.9455074667930603,0.9455074667930603,-1.2386823892593384,-0.652332603931427,1.0,0.5863497853279114,-6.905261039733887,6.905261039733887,9.890748023986816,1.3963071393563773,68.85908824455295,2.4497580236477576,1.377181764891059,-9.062480926513672,0.0,39.37152099609375,-0.18910149335861207
0.5625,45,flat_plate,main_wing,segment_0,main_wing:segment_0:mirror:2,mirror,2,-1.5022028684616089,1.5022028684616089,-1.765723466873169,-1.2386823892593384,1.0,0.5270410776138306,-6.849967002868652,6.849967002868652,9.890443801879883,1.385168783137249,68.29076035482748,2.523695550381183,1.3658152070965497,-8.030654907226562,0.0,35.10988998413086,-0.3004405736923218
0.5625,45,flat_plate,main_wing,segment_0,main_wing:segment_0:mirror:3,mirror,3,-2.002588987350464,2.002588987350464,-2.239454746246338,-1.765723466873169,1.0,0.47373127937316895,-6.768982887268066,6.768982887268066,9.889707565307617,1.3688944475998808,67.45723425606823,2.6261341728907457,1.3491446851213647,-7.069286346435547,0.0,31.189699172973633,-0.40051779747009275
0.5625,45,flat_plate,main_wing,segment_0,main_wing:segment_0:mirror:4,mirror,4,-2.452361822128296,2.452361822128296,-2.665268659591675,-2.239454746246338,1.0,0.4258139133453369,-6.659861087799072,6.659861087799072,9.888336181640625,1.347013484465513,66.33307751934028,2.753029809371801,1.3266615503868056,-6.178151607513428,0.0,27.586511611938477,-0.49047236442565917
0.5625,45,flat_plate,main_wing,segment_0,main_wing:segment_0:mirror:5,mirror,5,-2.856640338897705,2.856640338897705,-3.0480120182037354,-2.665268659591675,1.0,0.38274335861206055,-6.518594264984131,6.518594264984131,9.885986328125,1.3187544567888276,64.87684141121582,2.900097457859869,1.2975368282243165,-5.354611396789551,0.0,24.27236557006836,-0.571328067779541
0.5625,45,flat_plate,main_wing,segment_0,main_wing:segment_0:mirror:6,mirror,6,-3.2200264930725098,3.2200264930725098,-3.392040967941284,-3.0480120182037354,1.0,0.34402894973754883,-6.339388370513916,6.339388370513916,9.882213592529297,1.2829895470598476,63.02916435818538,3.061205639777627,1.2605832871637077,-4.594936847686768,0.0,21.217571258544922,-0.644005298614502
0.5625,45,flat_plate,main_wing,segment_0,main_wing:segment_0:mirror:7,mirror,7,-3.546656608581543,3.546656608581543,-3.7012720108032227,-3.392040967941284,1.0,0.3092310428619385,-6.114358425140381,6.114358425140381,9.876489639282227,1.2381642969221485,60.710478356282835,3.227689184619331,1.2142095671256568,-3.8948638439178467,0.0,18.39219856262207,-0.7093313217163086
0.5625,45,flat_plate,main_wing,segment_0,main_wing:segment_0:mirror:8,mirror,8,-3.8402483463287354,3.8402483463287354,-3.979224443435669,-3.7012720108032227,1.0,0.2779524326324463,-5.832951545715332,5.832951545715332,9.868083953857422,1.1821852292683908,57.81563295021047,3.3870408719734155,1.1563126590042094,-3.249863386154175,0.0,15.766085624694824,-0.768049669265747
0.5625,45,flat_plate,main_wing,segment_0,main_wing:segment_0:mirror:9,mirror,9,-4.1041436195373535,4.1041436195373535,-4.229062557220459,-3.979224443435669,1.0,0.24983811378479004,-5.480631351470947,5.480631351470947,9.855997085571289,1.112141431026665,54.20158983744334,3.5217236354381076,1.0840317967488668,-2.65494966506958,0.0,13.307928085327148,-0.8208287239074707
0.5625,45,flat_plate,main_wing,segment_0,main_wing:segment_0:mirror:10,mirror,10,-4.34134578704834,4.34134578704834,-4.453629493713379,-4.229062557220459,1.0,0.22456693649291992,-5.036706924438477,5.036706924438477,9.838775634765625,1.0238483143453567,49.66780661698273,3.606722413156024,0.9933561323396546,-2.104449987411499,0.0,10.983323097229004,-0.8682691574096679
0.5625,45,flat_plate,main_wing,segment_0,main_wing:segment_0:mirror:11,mirror,11,-4.554555416107178,4.554555416107178,-4.655481815338135,-4.453629493713379,1.0,0.20185232162475586,-4.4695143699646,4.4695143699646,9.814115524291992,0.9108338614726136,43.910670864324594,3.6073338975691667,0.8782134172864918,-1.5906974077224731,0.0,8.749914169311523,-0.9109110832214355
0.5625,45,flat_plate,main_wing,segment_0,main_wing:segment_0:mirror:12,mirror,12,-4.746199131011963,4.746199131011963,-4.836916923522949,-4.655481815338135,1.0,0.18143510818481445,-3.728147029876709,3.728147029876709,9.776668548583984,0.7626620481915959,36.44142165594797,3.4846595560306444,0.7288284331189594,-1.1005511283874512,0.0,6.550098896026611,-0.9492398262023926
0.5625,45,flat_plate,main_wing,segment_0,main_wing:segment_0:mirror:13,mirror,13,-4.918458461761475,4.918458461761475,-5.0,-4.836916923522949,1.0,0.16308307647705078,-2.6720008850097656,2.6720008850097656,9.711502075195312,0.5502755113103402,25.89122708200881,3.1229132908508443,0.5178245416401762,-0.6009024381637573,0.0,4.210360527038574,-0.9836916923522949
0.5625,45,flat_plate,main_wing,segment_0,main_wing:segment_0:orig:0,orig,0,0.3261663019657135,0.3261663019657135,0.0,0.652332603931427,1.0,0.652332603931427,6.934676170349121,6.934676170349121,9.89082145690918,1.4022447378230531,69.1610855294577,2.4089791729480203,1.3832217105891538,-10.158978462219238,0.0,43.9854621887207,0.0652332603931427
0.5625,45,flat_plate,main_wing,segment_0,main_wing:segment_0:orig:1,orig,1,0.9455074667930603,0.9455074667930603,0.652332603931427,1.2386823892593384,1.0,0.5863497853279114,6.905447959899902,6.905447959899902,9.890745162963867,1.3963453402393822,68.86095804166885,2.449516463030293,1.377219160833377,-9.062901496887207,0.0,39.37254333496094,0.18910149335861207
0.5625,45,flat_plate,main_wing,segment_0,main_wing:segment_0:orig:2,orig,2,1.5022028684616089,1.5022028684616089,1.2386823892593384,1.765723466873169,1.0,0.5270410776138306,6.850156784057617,6.850156784057617,9.89044189453125,1.3852074269493042,68.29266571262954,2.5234361551700286,1.3658533142525908,-8.031046867370605,0.0,35.11082458496094,0.3004405736923218
0.5625,45,flat_plate,main_wing,segment_0,main_wing:segment_0:orig:3,orig,3,2.002588987350464,2.002588987350464,1.765723466873169,2.239454746246338,1.0,0.47373127937316895,6.769103527069092,6.769103527069092,9.88970947265625,1.3689185806286375,67.45848539363143,2.62589836330361,1.3491697078726288,-7.069547653198242,0.0,31.190242767333984,0.40051779747009275
0.5625,45,flat_plate,main_wing,segment_0,main_wing:segment_0:orig:4,orig,4,2.452361822128296,2.452361822128296,2.239454746246338,2.665268659591675,1.0,0.4258139133453369,6.659914970397949,6.659914970397949,9.888337135314941,1.3470242527660001,66.33365909635478,2.7528842170859105,1.3266731819270956,-6.1782755851745605,0.0,27.586734771728516,0.49047236442565917
0.5625,45,flat_plate,main_wing,segment_0,main_wing:segment_0:orig:5,orig,5,2.856640338897705,2.856640338897705,2.665268659591675,3.0480120182037354,1.0,0.38274335861206055,6.51860237121582,6.51860237121582,9.885986328125,1.3187560967327687,64.87694710279496,2.9000303334513897,1.2975389420558991,-5.354646682739258,0.0,24.272397994995117,0.571328067779541
0.5625,45,flat_plate,main_wing,segment_0,main_wing:segment_0:orig:6,orig,6,3.2200264930725098,3.2200264930725098,3.0480120182037354,3.392040967941284,1.0,0.34402894973754883,6.339349746704102,6.339349746704102,9.882213592529297,1.2829817302262094,63.028787568999746,3.0612194739802954,1.260575751379995,-4.594898700714111,0.0,21.21744728088379,0.644005298614502
0.5625,45,flat_plate,main_wing,segment_0,main_wing:segment_0:orig:7,orig,7,3.546656608581543,3.546656608581543,3.392040967941284,3.7012720108032227,1.0,0.3092310428619385,6.114258289337158,6.114258289337158,9.87649154663086,1.2381437802015633,60.70949043105617,3.227849114727901,1.2141898086211234,-3.8947370052337646,0.0,18.391916275024414,0.7093313217163086
0.5625,45,flat_plate,main_wing,segment_0,main_wing:segment_0:orig:8,orig,8,3.8402483463287354,3.8402483463287354,3.7012720108032227,3.979224443435669,1.0,0.2779524326324463,5.832783222198486,5.832783222198486,9.868090629577637,1.182150314816907,57.813994594209866,3.3872030696248414,1.1562798918841972,-3.249701976776123,0.0,15.765657424926758,0.768049669265747
0.5625,45,flat_plate,main_wing,segment_0,main_wing:segment_0:orig:9,orig,9,4.1041436195373535,4.1041436195373535,3.979224443435669,4.229062557220459,1.0,0.24983811378479004,5.480414867401123,5.480414867401123,9.856010437011719,1.1120959951139724,54.19950240435019,3.5218153724631684,1.0839900480870037,-2.654792547225952,0.0,13.307430267333984,0.8208287239074707
0.5625,45,flat_plate,main_wing,segment_0,main_wing:segment_0:orig:10,orig,10,4.34134578704834,4.34134578704834,4.229062557220459,4.453629493713379,1.0,0.22456693649291992,5.03645658493042,5.03645658493042,9.838790893554688,1.023795838212145,49.665409481468544,3.6066934192058953,0.9933081896293708,-2.1043169498443604,0.0,10.98280143737793,0.8682691574096679
0.5625,45,flat_plate,main_wing,segment_0,main_wing:segment_0:orig:11,orig,11,4.554555416107178,4.554555416107178,4.453629493713379,4.655481815338135,1.0,0.20185232162475586,4.4692702293396,4.4692702293396,9.814131736755371,0.9107826039468215,43.90833192564949,3.6072825176966035,0.8781666385129898,-1.5905852317810059,0.0,8.749455451965332,0.9109110832214355
0.5625,45,flat_plate,main_wing,segment_0,main_wing:segment_0:orig:12,orig,12,4.746199131011963,4.746199131011963,4.655481815338135,4.836916923522949,1.0,0.18143510818481445,3.7279369831085205,3.7279369831085205,9.776684761047363,0.7626178145707444,36.439416640860124,3.4845773764230406,0.7287883328172025,-1.1004713773727417,0.0,6.54974365234375,0.9492398262023926
0.5625,45,flat_plate,main_wing,segment_0,main_wing:segment_0:orig:13,orig,13,4.918458461761475,4.918458461761475,4.836916923522949,5.0,1.0,0.16308307647705078,2.671853542327881,2.671853542327881,9.711520195007324,0.550244140706514,25.889833651699636,3.1228040311132514,0.5177966730339927,-0.6008608341217041,0.0,4.210136413574219,0.9836916923522949
0.625,50,flat_plate,main_wing,segment_0,main_wing:segment_0:mirror:0,mirror,0,-0.3261663019657135,0.3261663019657135,-0.652332603931427,0.0,1.0,0.652332603931427,-6.978978157043457,6.978978157043457,9.892240524291992,1.4110004988062008,69.62196489302006,2.3575497582371208,1.3924392978604012,-10.269197463989258,0.0,44.267181396484375,-0.0652332603931427
0.625,50,flat_plate,main_wing,segment_0,main_wing:segment_0:mirror:1,mirror,1,-0.9455074667930603,0.9455074667930603,-1.2386823892593384,-0.652332603931427,1.0,0.5863497853279114,-6.948801517486572,6.948801517486572,9.89216423034668,1.4049102614308386,69.312117520143,2.399471452527507,1.38624235040286,-9.159712791442871,0.0,39.6204719543457,-0.18910149335861207
0.625,50,flat_plate,main_wing,segment_0,main_wing:segment_0:mirror:2,mirror,2,-1.5022028684616089,1.5022028684616089,-1.765723466873169,-1.2386823892593384,1.0,0.5270410776138306,-6.892151832580566,6.892151832580566,9.89185905456543,1.3934998051553522,68.72971509208624,2.4759083765704557,1.3745943018417248,-8.114859580993652,0.0,35.32683563232422,-0.3004405736923218
0.625,50,flat_plate,main_wing,segment_0,main_wing:segment_0:mirror:3,mirror,3,-2.002588987350464,2.002588987350464,-2.239454746246338,-1.765723466873169,1.0,0.47373127937316895,-6.809374809265137,6.809374809265137,9.891122817993164,1.3768658896597765,67.877452550249,2.581799664144064,1.3575490510049801,-7.141096591949463,0.0,31.376550674438477,-0.40051779747009275
0.625,50,flat_plate,main_wing,segment_0,main_wing:segment_0:mirror:4,mirror,4,-2.452361822128296,2.452361822128296,-2.665268659591675,-2.239454746246338,1.0,0.4258139133453369,-6.69819450378418,6.69819450378418,9.88973617553711,1.3545749623438064,66.73173110630998,2.7127658845680993,1.3346346221261995,-6.2386474609375,0.0,27.746042251586914,-0.49047236442565917
0.625,50,flat_plate,main_wing,segment_0,main_wing:segment_0:mirror:5,mirror,5,-2.856640338897705,2.856640338897705,-3.0480120182037354,-2.665268659591675,1.0,0.38274335861206055,-6.554775238037109,6.554775238037109,9.887346267700195,1.3258917126125402,65.25267319762948,2.864216501856346,1.3050534639525895,-5.405107021331787,0.0,24.407756805419922,-0.571328067779541
0.625,50,flat_plate,main_wing,segment_0,main_wing:segment_0:mirror:6,mirror,6,-3.2200264930725098,3.2200264930725098,-3.392040967941284,-3.0480120182037354,1.0,0.34402894973754883,-6.373298645019531,6.373298645019531,9.883504867553711,1.2896839188984992,63.38073965798027,3.02986775601449,1.2676147931596053,-4.636655330657959,0.0,21.33161163330078,-0.644005298614502
0.625,50,flat_plate,main_wing,segment_0,main_wing:segment_0:mirror:7,mirror,7,-3.546656608581543,3.546656608581543,-3.7012720108032227,-3.392040967941284,1.0,0.3092310428619385,-6.145909309387207,6.145909309387207,9.877668380737305,1.2444048681311275,61.03652746980306,3.201286738246589,1.2207305493960612,-3.9288454055786133,0.0,18.48747444152832,-0.7093313217163086
0.625,50,flat_plate,main_wing,segment_0,main_wing:segment_0:mirror:8,mirror,8,-3.8402483463287354,3.8402483463287354,-3.979224443435669,-3.7012720108032227,1.0,0.2779524326324463,-5.861997604370117,5.861997604370117,9.869105339050293,1.1879491408760703,58.11438425108331,3.3657716787892027,1.1622876850216661,-3.2770657539367676,0.0,15.844764709472656,-0.768049669265747
0.625,50,flat_plate,main_wing,segment_0,main_wing:segment_0:mirror:9,mirror,9,-4.1041436195373535,4.1041436195373535,-4.229062557220459,-3.979224443435669,1.0,0.24983811378479004,-5.506994247436523,5.506994247436523,9.856809616088867,1.1173989276302307,54.471128791074015,3.505217059629917,1.0894225758214804,-2.6763622760772705,0.0,13.371907234191895,-0.8208287239074707
0.625,50,flat_plate,main_wing,segment_0,main_wing:segment_0:mirror:10,mirror,10,-4.34134578704834,4.34134578704834,-4.453629493713379,-4.229062557220459,1.0,0.22456693649291992,-5.060206413269043,5.060206413269043,9.839333534240723,1.028566903573216,49.90615543959363,3.5951894177721804,0.9981231087918726,-2.120805025100708,0.0,11.034354209899902,-0.8682691574096679
0.625,50,flat_plate,main_wing,segment_0,main_wing:segment_0:mirror:11,mirror,11,-4.554555416107178,4.554555416107178,-4.655481815338135,-4.453629493713379,1.0,0.20185232162475586,-4.489768981933594,4.489768981933594,9.814342498779297,0.9149403503071202,44.11398546354783,3.600657424269772,0.8822797092709566,-1.6026209592819214,0.0,8.789206504821777,-0.9109110832214355
0.625,50,flat_plate,main_wing,segment_0,main_wing:segment_0:mirror:12,mirror,12,-4.746199131011963,4.746199131011963,-4.836916923522949,-4.655481815338135,1.0,0.18143510818481445,-3.7446603775024414,3.7446603775024414,9.776461601257324,0.7660563770885881,36.60491761620812,3.48325848286152,0.7320983523241624,-1.1084742546081543,0.0,6.578686237335205,-0.9492398262023926
0.625,50,flat_plate,main_wing,segment_0,main_wing:segment_0:mirror:13,mirror,13,-4.918458461761475,4.918458461761475,-5.0,-4.836916923522949,1.0,0.16308307647705078,-2.683610439300537,2.683610439300537,9.71063232421875,0.5527158993771174,26.003685840777727,3.1268168893090365,0.5200737168155546,-0.6050342917442322,0.0,4.228240489959717,-0.9836916923522949
0.625,50,flat_plate,main_wing,segment_0,main_wing:segment_0:orig:0,orig,0,0.3261663019657135,0.3261663019657135,0.0,0.652332603931427,1.0,0.652332603931427,6.979076385498047,6.979076385498047,9.892230033874512,1.4110218548495554,69.62291238736509,2.3574479621522944,1.3924582477473018,-10.269421577453613,0.0,44.26776123046875,0.0652332603931427
0.625,50,flat_plate,main_wing,segment_0,main_wing:segment_0:orig:1,orig,1,0.9455074667930603,0.9455074667930603,0.652332603931427,1.2386823892593384,1.0,0.5863497853279114,6.948976039886475,6.948976039886475,9.892154693603516,1.4049469008768807,69.31380450460499,2.3993088788687325,1.3862760900920998,-9.16006088256836,0.0,39.621402740478516,0.18910149335861207
0.625,50,flat_plate,main_wing,segment_0,main_wing:segment_0:orig:2,orig,2,1.5022028684616089,1.5022028684616089,1.2386823892593384,1.765723466873169,1.0,0.5270410776138306,6.8923115730285645,6.8923115730285645,9.891853332519531,1.3935329086148187,68.73123237979678,2.4757829098622994,1.3746246475959356,-8.115130424499512,0.0,35.32759094238281,0.3004405736923218
0.625,50,flat_plate,main_wing,segment_0,main_wing:segment_0:orig:3,orig,3,2.002588987350464,2.002588987350464,1.765723466873169,2.239454746246338,1.0,0.47373127937316895,6.809460163116455,6.809460163116455,9.891117095947266,1.3768839448693875,67.87825711682072,2.5817526470643677,1.3575651423364143,-7.14121675491333,0.0,31.37691307067871,0.40051779747009275
0.625,50,flat_plate,main_wing,segment_0,main_wing:segment_0:orig:4,orig,4,2.452361822128296,2.452361822128296,2.239454746246338,2.665268659591675,1.0,0.4258139133453369,6.698177337646484,6.698177337646484,9.889732360839844,1.3545720133275012,66.73150688479669,2.7127892762376216,1.3346301376959337,-6.238613128662109,0.0,27.745952606201172,0.49047236442565917
0.625,50,flat_plate,main_wing,segment_0,main_wing:segment_0:orig:5,orig,5,2.856640338897705,2.856640338897705,2.665268659591675,3.0480120182037354,1.0,0.38274335861206055,6.55467414855957,6.55467414855957,9.887340545654297,1.325872031673976,65.25160672749857,2.8642880135831428,1.3050321345499714,-5.404974937438965,0.0,24.40736961364746,0.571328067779541
0.625,50,flat_plate,main_wing,segment_0,main_wing:segment_0:orig:6,orig,6,3.2200264930725098,3.2200264930725098,3.0480120182037354,3.392040967941284,1.0,0.34402894973754883,6.373132705688477,6.373132705688477,9.883495330810547,1.2896515842570475,63.379012423163886,3.0299947018957867,1.2675802484632777,-4.6364593505859375,0.0,21.3310489654541,0.644005298614502
0.625,50,flat_plate,main_wing,segment_0,main_wing:segment_0:orig:7,orig,7,3.546656608581543,3.546656608581543,3.392040967941284,3.7012720108032227,1.0,0.3092310428619385,6.145690441131592,6.145690441131592,9.877657890319824,1.2443618739123194,61.03424480354654,3.201512414375445,1.220684896070931,-3.9285953044891357,0.0,18.4868106842041,0.7093313217163086
0.625,50,flat_plate,main_wing,segment_0,main_wing:segment_0:orig:8,orig,8,3.8402483463287354,3.8402483463287354,3.7012720108032227,3.979224443435669,1.0,0.2779524326324463,5.8617353439331055,5.8617353439331055,9.869094848632812,1.1878972557944651,58.1116920220009,3.3659960462116327,1.162233840440018,-3.2768118381500244,0.0,15.8440580368042,0.768049669265747
0.625,50,flat_plate,main_wing,segment_0,main_wing:segment_0:orig:9,orig,9,4.1041436195373535,4.1041436195373535,3.979224443435669,4.229062557220459,1.0,0.24983811378479004,5.506710052490234,5.506710052490234,9.856801986694336,1.1173421277862179,54.46821981941807,3.505543125843299,1.0893643963883612,-2.676095485687256,0.0,13.37122631072998,0.8208287239074707
0.625,50,flat_plate,main_wing,segment_0,main_wing:segment_0:orig:10,orig,10,4.34134578704834,4.34134578704834,4.229062557220459,4.453629493713379,1.0,0.22456693649291992,5.0599188804626465,5.0599188804626465,9.839334487915039,1.0285083582995147,49.903255675948785,3.5954774889492773,0.9980651135189756,-2.1205739974975586,0.0,11.03374195098877,0.8682691574096679
0.625,50,flat_plate,main_wing,segment_0,main_wing:segment_0:orig:11,orig,11,4.554555416107178,4.554555416107178,4.453629493713379,4.655481815338135,1.0,0.20185232162475586,4.4894890785217285,4.4894890785217285,9.814352035522461,0.9148824216356395,44.11121223565493,3.600857745801816,0.8822242447130987,-1.6024370193481445,0.0,8.788676261901855,0.9109110832214355
0.625,50,flat_plate,main_wing,segment_0,main_wing:segment_0:orig:12,orig,12,4.746199131011963,4.746199131011963,4.655481815338135,4.836916923522949,1.0,0.18143510818481445,3.7444183826446533,3.7444183826446533,9.77647590637207,0.7660057506415235,36.60255521719365,3.4833220181709996,0.7320511043438729,-1.1083521842956543,0.0,6.578275203704834,0.9492398262023926
0.625,50,flat_plate,main_wing,segment_0,main_wing:segment_0:orig:13,orig,13,4.918458461761475,4.918458461761475,4.836916923522949,5.0,1.0,0.16308307647705078,2.683440923690796,2.683440923690796,9.710651397705078,0.5526799004081178,26.00205737433801,3.126771408913358,0.5200411474867601,-0.6049727201461792,0.0,4.227982044219971,0.9836916923522949
0.6875,55,flat_plate,main_wing,segment_0,main_wing:segment_0:mirror:0,mirror,0,-0.3261663019657135,0.3261663019657135,-0.652332603931427,0.0,1.0,0.652332603931427,-7.0138750076293945,7.0138750076293945,9.893431663513184,1.4178851678930482,69.98574595697467,2.315531331962926,1.3997149191394933,-10.35709285736084,0.0,44.48930740356445,-0.0652332603931427
0.6875,55,flat_plate,main_wing,segment_0,main_wing:segment_0:mirror:1,mirror,1,-0.9455074667930603,0.9455074667930603,-1.2386823892593384,-0.652332603931427,1.0,0.5863497853279114,-6.983072280883789,6.983072280883789,9.893373489379883,1.4116665641663728,69.66951793442917,2.358487311272923,1.3933903586885834,-9.237163543701172,0.0,39.816673278808594,-0.18910149335861207
0.6875,55,flat_plate,main_wing,segment_0,main_wing:segment_0:mirror:2,mirror,2,-1.5022028684616089,1.5022028684616089,-1.765723466873169,-1.2386823892593384,1.0,0.5270410776138306,-6.9253950119018555,6.9253950119018555,9.893085479736328,1.400047543526619,69.07647704813003,2.436969372902706,1.3815295409626005,-8.181983947753906,0.0,35.49805450439453,-0.3004405736923218
0.6875,55,flat_plate,main_wing,segment_0,main_wing:segment_0:mirror:3,mirror,3,-2.002588987350464,2.002588987350464,-2.239454746246338,-1.765723466873169,1.0,0.47373127937316895,-6.8412981033325195,6.8412981033325195,9.892348289489746,1.3831494612055149,68.2104794280354,2.5453360599308916,1.364209588560708,-7.198614597320557,0.0,31.52446937561035,-0.40051779747009275
0.6875,55,flat_plate,main_wing,segment_0,main_wing:segment_0:mirror:4,mirror,4,-2.452361822128296,2.452361822128296,-2.665268659591675,-2.239454746246338,1.0,0.4258139133453369,-6.728631496429443,6.728631496429443,9.890939712524414,1.3605646565430594,67.04907961561689,2.6791442209250875,1.3409815923123378,-6.287450790405273,0.0,27.87286376953125,-0.49047236442565917
0.6875,55,flat_plate,main_wing,segment_0,main_wing:segment_0:mirror:5,mirror,5,-2.856640338897705,2.856640338897705,-3.0480120182037354,-2.665268659591675,1.0,0.38274335861206055,-6.583544731140137,6.583544731140137,9.888500213623047,1.3315557645577463,65.55226744201433,2.8337293326657296,1.3110453488402865,-5.446056365966797,0.0,24.5154972076416,-0.571328067779541
0.6875,55,flat_plate,main_wing,segment_0,main_wing:segment_0:mirror:6,mirror,6,-3.2200264930725098,3.2200264930725098,-3.392040967941284,-3.0480120182037354,1.0,0.34402894973754883,-6.400260925292969,6.400260925292969,9.884588241577148,1.2949979845132662,63.6609510491643,3.0029709890815948,1.2732190209832859,-4.670543670654297,0.0,21.422332763671875,-0.644005298614502
0.6875,55,flat_plate,main_wing,segment_0,main_wing:segment_0:mirror:7,mirror,7,-3.546656608581543,3.546656608581543,-3.7012720108032227,-3.392040967941284,1.0,0.3092310428619385,-6.170953750610352,6.170953750610352,9.878640174865723,1.2493528747632985,61.295939311090336,3.178209199174855,1.2259187862218068,-3.95650053024292,0.0,18.563112258911133,-0.7093313217163086
0.6875,55,flat_plate,main_wing,segment_0,main_wing:segment_0:mirror:8,mirror,8,-3.8402483463287354,3.8402483463287354,-3.979224443435669,-3.7012720108032227,1.0,0.2779524326324463,-5.885063171386719,5.885063171386719,9.869937896728516,1.1925228371168128,58.35221172331312,3.3465237306670503,1.1670442344662624,-3.299342632293701,0.0,15.907232284545898,-0.768049669265747
0.6875,55,flat_plate,main_wing,segment_0,main_wing:segment_0:mirror:9,mirror,9,-4.1041436195373535,4.1041436195373535,-4.229062557220459,-3.979224443435669,1.0,0.24983811378479004,-5.528017997741699,5.528017997741699,9.857462882995605,1.1215904261283463,54.68644217471468,3.490283481784695,1.0937288434942936,-2.6938889026641846,0.0,13.42290210723877,-0.8208287239074707
0.6875,55,flat_plate,main_wing,segment_0,main_wing:segment_0:mirror:10,mirror,10,-4.34134578704834,4.34134578704834,-4.453629493713379,-4.229062557220459,1.0,0.22456693649291992,-5.078945159912109,5.078945159912109,9.83978271484375,1.0323287225134137,50.09645502751753,3.5845406237506077,1.0019291005503506,-2.1341755390167236,0.0,11.075014114379883,-0.8682691574096679
0.6875,55,flat_plate,main_wing,segment_0,main_wing:segment_0:mirror:11,mirror,11,-4.554555416107178,4.554555416107178,-4.655481815338135,-4.453629493713379,1.0,0.20185232162475586,-4.505985260009766,4.505985260009766,9.814525604248047,0.9182278271421348,44.276918971915975,3.5943411144513595,0.8855383794383195,-1.612364649772644,0.0,8.82064437866211,-0.9109110832214355
0.6875,55,flat_plate,main_wing,segment_0,main_wing:segment_0:mirror:12,mirror,12,-4.746199131011963,4.746199131011963,-4.836916923522949,-4.655481815338135,1.0,0.18143510818481445,-3.7578747272491455,3.7578747272491455,9.776300430297852,0.7687723498355411,36.735849721015256,3.481484287614677,0.7347169944203051,-1.1149336099624634,0.0,6.60154914855957,-0.9492398262023926
0.6875,55,flat_plate,main_wing,segment_0,main_wing:segment_0:mirror:13,mirror,13,-4.918458461761475,4.918458461761475,-5.0,-4.836916923522949,1.0,0.16308307647705078,-2.692913770675659,2.692913770675659,9.709939002990723,0.5546716142802184,26.093843845818935,3.129626869228889,0.5218768769163787,-0.6083971261978149,0.0,4.242561340332031,-0.9836916923522949
0.6875,55,flat_plate,main_wing,segment_0,main_wing:segment_0:orig:0,orig,0,0.3261663019657135,0.3261663019657135,0.0,0.652332603931427,1.0,0.652332603931427,7.013973712921143,7.013973712921143,9.893423080444336,1.417906351702515,69.98670509957508,2.3154538462528116,1.3997341019915015,-10.357303619384766,0.0,44.489898681640625,0.0652332603931427
0.6875,55,flat_plate,main_wing,segment_0,main_wing:segment_0:orig:1,orig,1,0.9455074667930603,0.9455074667930603,0.652332603931427,1.2386823892593384,1.0,0.5863497853279114,6.983240127563477,6.983240127563477,9.893365859985352,1.4117015839488658,69.67116465796802,2.3583493102677697,1.3934232931593604,-9.237491607666016,0.0,39.81758499145508,0.18910149335861207
0.6875,55,flat_plate,main_wing,segment_0,main_wing:segment_0:orig:2,orig,2,1.5022028684616089,1.5022028684616089,1.2386823892593384,1.765723466873169,1.0,0.5270410776138306,6.925557613372803,6.925557613372803,9.89307689666748,1.400081629953913,69.07805264170149,2.4368220628138246,1.3815610528340299,-8.182273864746094,0.0,35.498836517333984,0.3004405736923218
0.6875,55,flat_plate,main_wing,segment_0,main_wing:segment_0:orig:3,orig,3,2.002588987350464,2.002588987350464,1.765723466873169,2.239454746246338,1.0,0.47373127937316895,6.841389179229736,6.841389179229736,9.892337799072266,1.3831693414010475,68.21130574701459,2.545316754728121,1.364226114940292,-7.198724746704102,0.0,31.524845123291016,0.40051779747009275
0.6875,55,flat_plate,main_wing,segment_0,main_wing:segment_0:orig:4,orig,4,2.452361822128296,2.452361822128296,2.239454746246338,2.665268659591675,1.0,0.4258139133453369,6.728600978851318,6.728600978851318,9.890933990478516,1.3605592728307743,67.04866847620033,2.679363305708684,1.3409733695240067,-6.287315368652344,0.0,27.872718811035156,0.49047236442565917
0.6875,55,flat_plate,main_wing,segment_0,main_wing:segment_0:orig:5,orig,5,2.856640338897705,2.856640338897705,2.665268659591675,3.0480120182037354,1.0,0.38274335861206055,6.5834197998046875,6.5834197998046875,9.888494491577148,1.3315312670522965,65.55089909680525,2.8341765424948235,1.311017981936105,-5.445755481719971,0.0,24.51503562927246,0.571328067779541
0.6875,55,flat_plate,main_wing,segment_0,main_wing:segment_0:orig:6,orig,6,3.2200264930725098,3.2200264930725098,3.0480120182037354,3.392040967941284,1.0,0.34402894973754883,6.4000773429870605,6.4000773429870605,9.88458251953125,1.2949615889878912,63.658993331167835,3.0035082698117095,1.2731798666233567,-4.670190811157227,0.0,21.421730041503906,0.644005298614502
0.6875,55,flat_plate,main_wing,segment_0,main_wing:segment_0:orig:7,orig,7,3.546656608581543,3.546656608581543,3.392040967941284,3.7012720108032227,1.0,0.3092310428619385,6.17073392868042,6.17073392868042,9.878633499145508,1.2493092145212559,61.29362269153314,3.178752242478371,1.2258724538306627,-3.95615291595459,0.0,18.562463760375977,0.7093313217163086
0.6875,55,flat_plate,main_wing,segment_0,main_wing:segment_0:orig:8,orig,8,3.8402483463287354,3.8402483463287354,3.7012720108032227,3.979224443435669,1.0,0.2779524326324463,5.8848114013671875,5.8848114013671875,9.869932174682617,1.1924725108977605,58.349584998678004,3.347047154296696,1.1669916999735601,-3.299013137817383,0.0,15.906564712524414,0.768049669265747
0.6875,55,flat_plate,main_wing,segment_0,main_wing:segment_0:orig:9,orig,9,4.1041436195373535,4.1041436195373535,3.979224443435669,4.229062557220459,1.0,0.24983811378479004,5.527744293212891,5.527744293212891,9.857461929321289,1.121535002183567,54.68364759061796,3.490772584162833,1.0936729518123591,-2.6935901641845703,0.0,13.422259330749512,0.8208287239074707
0.6875,55,flat_plate,main_wing,segment_0,main_wing:segment_0:orig:10,orig,10,4.34134578704834,4.34134578704834,4.229062557220459,4.453629493713379,1.0,0.22456693649291992,5.078657627105713,5.078657627105713,9.839786529541016,1.0322698794041034,50.093577128174246,3.5848455447861247,1.001871542563485,-2.133942127227783,0.0,11.074407577514648,0.8682691574096679
0.6875,55,flat_plate,main_wing,segment_0,main_wing:segment_0:orig:11,orig,11,4.554555416107178,4.554555416107178,4.453629493713379,4.655481815338135,1.0,0.20185232162475586,4.505711555480957,4.505711555480957,9.81453800201416,0.9181708919067378,44.27422887226534,3.5945050147640316,0.8854845774453068,-1.612192153930664,0.0,8.820128440856934,0.9109110832214355
0.6875,55,flat_plate,main_wing,segment_0,main_wing:segment_0:orig:12,orig,12,4.746199131011963,4.746199131011963,4.655481815338135,4.836916923522949,1.0,0.18143510818481445,3.757652759552002,3.757652759552002,9.776314735412598,0.7687258156574508,36.733696422100685,3.4815290276857196,0.7346739284420137,-1.114824652671814,0.0,6.6011738777160645,0.9492398262023926
0.6875,55,flat_plate,main_wing,segment_0,main_wing:segment_0:orig:13,orig,13,4.918458461761475,4.918458461761475,4.836916923522949,5.0,1.0,0.16308307647705078,2.6927638053894043,2.6927638053894043,9.709959030151367,0.5546395812851184,26.09242760505814,3.129534956969097,0.5218485521011629,-0.6083518266677856,0.0,4.242334365844727,0.9836916923522949
0.75,60,flat_plate,main_wing,segment_0,main_wing:segment_0:mirror:0,mirror,0,-0.3261663019657135,0.3261663019657135,-0.652332603931427,0.0,1.0,0.652332603931427,-7.041898727416992,7.041898727416992,9.894461631774902,1.4234020989687324,70.27849462357659,2.2805849685838666,1.4055698924715319,-10.428539276123047,0.0,44.667869567871094,-0.0652332603931427
0.75,60,flat_plate,main_wing,segment_0,main_wing:segment_0:mirror:1,mirror,1,-0.9455074667930603,0.9455074667930603,-1.2386823892593384,-0.652332603931427,1.0,0.5863497853279114,-7.010615348815918,7.010615348815918,9.894404411315918,1.4170868821165423,69.9573227071931,2.324287718247176,1.399146454143862,-9.300209999084473,0.0,39.9744873046875,-0.18910149335861207
0.75,60,flat_plate,main_wing,segment_0,main_wing:segment_0:mirror:2,mirror,2,-1.5022028684616089,1.5022028684616089,-1.765723466873169,-1.2386823892593384,1.0,0.5270410776138306,-6.952153205871582,6.952153205871582,9.894105911254883,1.405312065229314,69.35599961815855,2.4042468905069203,1.387119992363171,-8.236771583557129,0.0,35.63589096069336,-0.3004405736923218
0.75,60,flat_plate,main_wing,segment_0,main_wing:segment_0:mirror:3,mirror,3,-2.002588987350464,2.002588987350464,-2.239454746246338,-1.765723466873169,1.0,0.47373127937316895,-6.867035865783691,6.867035865783691,9.893351554870605,1.3882122408564315,68.47922708385586,2.5148014605457893,1.3695845416771173,-7.245538234710693,0.0,31.643701553344727,-0.40051779747009275
0.75,60,flat_plate,main_wing,segment_0,main_wing:segment_0:mirror:4,mirror,4,-2.452361822128296,2.452361822128296,-2.665268659591675,-2.239454746246338,1.0,0.4258139133453369,-6.7531938552856445,6.7531938552856445,9.891910552978516,1.3653972746957799,67.30526082697315,2.6512899130785472,1.3461052165394631,-6.327140808105469,0.0,27.975162506103516,-0.49047236442565917
0.75,60,flat_plate,main_wing,segment_0,main_wing:segment_0:mirror:5,mirror,5,-2.856640338897705,2.856640338897705,-3.0480120182037354,-2.665268659591675,1.0,0.38274335861206055,-6.606771469116211,6.606771469116211,9.889425277709961,1.3361284975796095,65.79411081606891,2.8087269347264754,1.3158822163213781,-5.479257106781006,0.0,24.60243034362793,-0.571328067779541
0.75,60,flat_plate,main_wing,segment_0,main_wing:segment_0:mirror:6,mirror,6,-3.2200264930725098,3.2200264930725098,-3.392040967941284,-3.0480120182037354,1.0,0.34402894973754883,-6.422084331512451,6.422084331512451,9.885452270507812,1.2993000534071772,63.88761541255906,2.98111227073004,1.2777523082511812,-4.6979899406433105,0.0,21.495708465576172,-0.644005298614502
0.75,60,flat_plate,main_wing,segment_0,main_wing:segment_0:mirror:7,mirror,7,-3.546656608581543,3.546656608581543,-3.7012720108032227,-3.392040967941284,1.0,0.3092310428619385,-6.191305160522461,6.191305160522461,9.87941837310791,1.253374424829581,61.506547507523706,3.1596295915328025,1.230130950150474,-3.9789061546325684,0.0,18.62453269958496,-0.7093313217163086
0.75,60,flat_plate,main_wing,segment_0,main_wing:segment_0:mirror:8,mirror,8,-3.8402483463287354,3.8402483463287354,-3.979224443435669,-3.7012720108032227,1.0,0.2779524326324463,-5.903814315795898,5.903814315795898,9.870607376098633,1.1962413437883874,58.54532647324033,3.3312351171581582,1.1709065294648067,-3.3173398971557617,0.0,15.957980155944824,-0.768049669265747
0.75,60,flat_plate,main_wing,segment_0,main_wing:segment_0:mirror:9,mirror,9,-4.1041436195373535,4.1041436195373535,-4.229062557220459,-3.979224443435669,1.0,0.24983811378479004,-5.545024871826172,5.545024871826172,9.858011245727539,1.1249784025615481,54.86056251400748,3.478281959512717,1.0972112502801497,-2.7080442905426025,0.0,13.46414566040039,-0.8208287239074707
0.75,60,flat_plate,main_wing,segment_0,main_wing:segment_0:mirror:10,mirror,10,-4.34134578704834,4.34134578704834,-4.453629493713379,-4.229062557220459,1.0,0.22456693649291992,-5.0941362380981445,5.0941362380981445,9.8401460647583,1.0353781751964817,50.250688500694615,3.5759150314774306,1.0050137700138924,-2.1450109481811523,0.0,11.1079683303833,-0.8682691574096679
0.75,60,flat_plate,main_wing,segment_0,main_wing:segment_0:mirror:11,mirror,11,-4.554555416107178,4.554555416107178,-4.655481815338135,-4.453629493713379,1.0,0.20185232162475586,-4.519139289855957,4.519139289855957,9.814676284790039,0.9208942116327035,44.409019183275845,3.589352402815887,0.8881803836655169,-1.6202386617660522,0.0,8.846139907836914,-0.9109110832214355
0.75,60,flat_plate,main_wing,segment_0,main_wing:segment_0:mirror:12,mirror,12,-4.746199131011963,4.746199131011963,-4.836916923522949,-4.655481815338135,1.0,0.18143510818481445,-3.7686407566070557,3.7686407566070557,9.776147842407227,0.7709868584964209,36.84243673139911,3.479990335434985,0.7368487346279822,-1.1202006340026855,0.0,6.620158672332764,-0.9492398262023926
0.75,60,flat_plate,main_wing,segment_0,main_wing:segment_0:mirror:13,mirror,13,-4.918458461761475,4.918458461761475,-5.0,-4.836916923522949,1.0,0.16308307647705078,-2.700529098510742,2.700529098510742,9.709343910217285,0.5562742701221934,26.167553014961896,3.131849136422845,0.523351060299238,-0.6111582517623901,0.0,4.254266262054443,-0.9836916923522949
0.75,60,flat_plate,main_wing,segment_0,main_wing:segment_0:orig:0,orig,0,0.3261663019657135,0.3261663019657135,0.0,0.652332603931427,1.0,0.652332603931427,7.041915416717529,7.041915416717529,9.894462585449219,1.4234053352373799,70.27865918745267,2.280626036308124,1.4055731837490535,-10.42854118347168,0.0,44.6679801940918,0.0652332603931427
0.75,60,flat_plate,main_wing,segment_0,main_wing:segment_0:orig:1,orig,1,0.9455074667930603,0.9455074667930603,0.652332603931427,1.2386823892593384,1.0,0.5863497853279114,7.010634422302246,7.010634422302246,9.894407272338867,1.4170903277655464,69.95752340950915,2.324317922580369,1.399150468190183,-9.300223350524902,0.0,39.974605560302734,0.18910149335861207
0.75,60,flat_plate,main_wing,segment_0,main_wing:segment_0:orig:2,orig,2,1.5022028684616089,1.5022028684616089,1.2386823892593384,1.765723466873169,1.0,0.5270410776138306,6.952159404754639,6.952159404754639,9.894109725952148,1.4053127764530842,69.35608304570925,2.40427111817121,1.3871216609141852,-8.236770629882812,0.0,35.63593673706055,0.3004405736923218
0.75,60,flat_plate,main_wing,segment_0,main_wing:segment_0:orig:3,orig,3,2.002588987350464,2.002588987350464,1.765723466873169,2.239454746246338,1.0,0.47373127937316895,6.867023468017578,6.867023468017578,9.893353462219238,1.388209466939877,68.4791168883094,2.514777144056415,1.3695823377661882,-7.245535850524902,0.0,31.643648147583008,0.40051779747009275
0.75,60,flat_plate,main_wing,segment_0,main_wing:segment_0:orig:4,orig,4,2.452361822128296,2.452361822128296,2.239454746246338,2.665268659591675,1.0,0.4258139133453369,6.753155708312988,6.753155708312988,9.891916275024414,1.3653887721156073,67.30492133851072,2.6511896727922055,1.3460984267702145,-6.327144622802734,0.0,27.975011825561523,0.49047236442565917
0.75,60,flat_plate,main_wing,segment_0,main_wing:segment_0:orig:5,orig,5,2.856640338897705,2.856640338897705,2.665268659591675,3.0480120182037354,1.0,0.38274335861206055,6.606748104095459,6.606748104095459,9.889425277709961,1.3361237723260997,65.7938881489195,2.8086337367311045,1.3158777629783902,-5.479269504547119,0.0,24.602338790893555,0.571328067779541
0.75,60,flat_plate,main_wing,segment_0,main_wing:segment_0:orig:6,orig,6,3.2200264930725098,3.2200264930725098,3.0480120182037354,3.392040967941284,1.0,0.34402894973754883,6.422054290771484,6.422054290771484,9.885452270507812,1.2992939756395354,63.88733094468514,2.9809743457165845,1.2777466188937028,-4.698010444641113,0.0,21.495601654052734,0.644005298614502
0.75,60,flat_plate,main_wing,segment_0,main_wing:segment_0:orig:7,orig,7,3.546656608581543,3.546656608581543,3.392040967941284,3.7012720108032227,1.0,0.3092310428619385,6.191259860992432,6.191259860992432,9.879417419433594,1.253365375333516,61.50612709315361,3.1595065652058003,1.2301225418630721,-3.9789092540740967,0.0,18.62439727783203,0.7093313217163086
0.75,60,flat_plate,main_wing,segment_0,main_wing:segment_0:orig:8,orig,8,3.8402483463287354,3.8402483463287354,3.7012720108032227,3.979224443435669,1.0,0.2779524326324463,5.9037580490112305,5.9037580490112305,9.87060546875,1.1962301740662875,58.54479777773053,3.3310739170442263,1.1708959555546106,-3.317345142364502,0.0,15.957826614379883,0.768049669265747
0.75,60,flat_plate,main_wing,segment_0,main_wing:segment_0:orig:9,orig,9,4.1041436195373535,4.1041436195373535,3.979224443435669,4.229062557220459,1.0,0.24983811378479004,5.5449628829956055,5.5449628829956055,9.858007431030273,1.1249662615472575,54.8599683965797,3.4781247421398316,1.0971993679315941,-2.7080438137054443,0.0,13.46399211883545,0.8208287239074707
0.75,60,flat_plate,main_wing,segment_0,main_wing:segment_0:orig:10,orig,10,4.34134578704834,4.34134578704834,4.229062557220459,4.453629493713379,1.0,0.22456693649291992,5.0940704345703125,5.0940704345703125,9.840141296386719,1.0353653024150873,50.25005920307692,3.5757859805002634,1.0050011840615385,-2.1450023651123047,0.0,11.107824325561523,0.8682691574096679
0.75,60,flat_plate,main_wing,segment_0,main_wing:segment_0:orig:11,orig,11,4.554555416107178,4.554555416107178,4.453629493713379,4.655481815338135,1.0,0.20185232162475586,4.519077777862549,4.519077777862549,9.81467342376709,0.9208819453776642,44.40842674112045,3.5892633591644296,0.888168534822409,-1.6202250719070435,0.0,8.846019744873047,0.9109110832214355
0.75,60,flat_plate,main_wing,segment_0,main_wing:segment_0:orig:12,orig,12,4.746199131011963,4.746199131011963,4.655481815338135,4.836916923522949,1.0,0.18143510818481445,3.768584728240967,3.768584728240967,9.77614974975586,0.7709752458190567,36.841900468895155,3.479940513738352,0.7368380093779031,-1.1201841831207275,0.0,6.620062351226807,0.9492398262023926
0.75,60,flat_plate,main_wing,segment_0,main_wing:segment_0:orig:13,orig,13,4.918458461761475,4.918458461761475,4.836916923522949,5.0,1.0,0.16308307647705078,2.700484275817871,2.700484275817871,9.709348678588867,0.5562647640357176,26.16712522659352,3.131818889470747,0.5233425045318704,-0.6111449599266052,0.0,4.254197597503662,0.9836916923522949
0.8125,65,flat_plate,main_wing,segment_0,main_wing:segment_0:mirror:0,mirror,0,-0.3261663019657135,0.3261663019657135,-0.652332603931427,0.0,1.0,0.652332603931427,-7.064834117889404,7.064834117889404,9.895378112792969,1.4279058439931318,70.51876119194765,2.250923353610133,1.4103752238389529,-10.487794876098633,0.0,44.81425476074219,-0.0652332603931427
0.8125,65,flat_plate,main_wing,segment_0,main_wing:segment_0:mirror:1,mirror,1,-0.9455074667930603,0.9455074667930603,-1.2386823892593384,-0.652332603931427,1.0,0.5863497853279114,-7.033149719238281,7.033149719238281,9.895315170288086,1.4215110076243327,70.19337593908645,2.2953311853021225,1.403867518781729,-9.352433204650879,0.0,40.10378646850586,-0.18910149335861207
0.8125,65,flat_plate,main_wing,segment_0,main_wing:segment_0:mirror:2,mirror,2,-1.5022028684616089,1.5022028684616089,-1.765723466873169,-1.2386823892593384,1.0,0.5270410776138306,-6.974004745483398,6.974004745483398,9.895009994506836,1.409600343881407,69.58491281901773,2.376753062634347,1.3916982563803546,-8.281993865966797,0.0,35.74867630004883,-0.3004405736923218
0.8125,65,flat_plate,main_wing,segment_0,main_wing:segment_0:mirror:3,mirror,3,-2.002588987350464,2.002588987350464,-2.239454746246338,-1.765723466873169,1.0,0.47373127937316895,-6.8880157470703125,6.8880157470703125,9.894243240356445,1.3923279587418285,68.6988876992772,2.489235515410351,1.3739777539855438,-7.284169673919678,0.0,31.74108123779297,-0.40051779747009275
0.8125,65,flat_plate,main_wing,segment_0,main_wing:segment_0:mirror:4,mirror,4,-2.452361822128296,2.452361822128296,-2.665268659591675,-2.239454746246338,1.0,0.4258139133453369,-6.7731733322143555,6.7731733322143555,9.89277458190918,1.3693172276664205,67.51420793955266,2.6279813810242625,1.3502841587910532,-6.359755516052246,0.0,28.058534622192383,-0.49047236442565917
0.8125,65,flat_plate,main_wing,segment_0,main_wing:segment_0:mirror:5,mirror,5,-2.856640338897705,2.856640338897705,-3.0480120182037354,-2.665268659591675,1.0,0.38274335861206055,-6.625724792480469,6.625724792480469,9.890230178833008,1.3398524953768605,65.99189930422969,2.7879444035131957,1.319837986084594,-5.506533622741699,0.0,24.673494338989258,-0.571328067779541
0.8125,65,flat_plate,main_wing,segment_0,main_wing:segment_0:mirror:6,mirror,6,-3.2200264930725098,3.2200264930725098,-3.392040967941284,-3.0480120182037354,1.0,0.34402894973754883,-6.43992280960083,6.43992280960083,9.886175155639648,1.3028138199487846,64.07304519004884,2.962789427319205,1.281460903800977,-4.720589637756348,0.0,21.555696487426758,-0.644005298614502
0.8125,65,flat_plate,main_wing,segment_0,main_wing:segment_0:mirror:7,mirror,7,-3.546656608581543,3.546656608581543,-3.7012720108032227,-3.392040967941284,1.0,0.3092310428619385,-6.207958698272705,6.207958698272705,9.880067825317383,1.2566631743893486,61.67911587345199,3.1435071595732538,1.23358231746904,-3.9975333213806152,0.0,18.674787521362305,-0.7093313217163086
0.8125,65,flat_plate,main_wing,segment_0,main_wing:segment_0:mirror:8,mirror,8,-3.8402483463287354,3.8402483463287354,-3.979224443435669,-3.7012720108032227,1.0,0.2779524326324463,-5.919200897216797,5.919200897216797,9.871143341064453,1.1992938796851673,58.703955329603914,3.317664281108559,1.1740791065920784,-3.332395076751709,0.0,15.999592781066895,-0.768049669265747
0.8125,65,flat_plate,main_wing,segment_0,main_wing:segment_0:mirror:9,mirror,9,-4.1041436195373535,4.1041436195373535,-4.229062557220459,-3.979224443435669,1.0,0.24983811378479004,-5.559017658233643,5.559017658233643,9.858406066894531,1.1277721003806802,55.003891666448,3.4670272793325267,1.10007783332896,-2.7200284004211426,0.0,13.498006820678711,-0.8208287239074707
0.8125,65,flat_plate,main_wing,segment_0,main_wing:segment_0:mirror:10,mirror,10,-4.34134578704834,4.34134578704834,-4.453629493713379,-4.229062557220459,1.0,0.22456693649291992,-5.106631755828857,5.106631755828857,9.84040641784668,1.0378904161046456,50.37763578421983,3.5673599082960012,1.0075527156843966,-2.154245138168335,0.0,11.135007858276367,-0.8682691574096679
0.8125,65,flat_plate,main_wing,segment_0,main_wing:segment_0:mirror:11,mirror,11,-4.554555416107178,4.554555416107178,-4.655481815338135,-4.453629493713379,1.0,0.20185232162475586,-4.529957294464111,4.529957294464111,9.814752578735352,0.923091490717498,44.517757388857206,3.5839850138645972,0.8903551477771441,-1.6269659996032715,0.0,8.867060661315918,-0.9109110832214355
0.8125,65,flat_plate,main_wing,segment_0,main_wing:segment_0:mirror:12,mirror,12,-4.746199131011963,4.746199131011963,-4.836916923522949,-4.655481815338135,1.0,0.18143510818481445,-3.7774910926818848,3.7774910926818848,9.776006698608398,0.7728086138115281,36.93017900947941,3.4777758286413096,0.7386035801895882,-1.1247090101242065,0.0,6.63543176651001,-0.9492398262023926
0.8125,65,flat_plate,main_wing,segment_0,main_wing:segment_0:mirror:13,mirror,13,-4.918458461761475,4.918458461761475,-5.0,-4.836916923522949,1.0,0.16308307647705078,-2.7067887783050537,2.7067887783050537,9.70884895324707,0.5575921082590914,26.2282420240751,3.1330466685988436,0.524564840481502,-0.613531231880188,0.0,4.263876914978027,-0.9836916923522949
0.8125,65,flat_plate,main_wing,segment_0,main_wing:segment_0:orig:0,orig,0,0.3261663019657135,0.3261663019657135,0.0,0.652332603931427,1.0,0.652332603931427,7.0648393630981445,7.0648393630981445,9.895378112792969,1.427906904126192,70.51881537971916,2.250969657030891,1.4103763075943831,-10.487774848937988,0.0,44.81429672241211,0.0652332603931427
0.8125,65,flat_plate,main_wing,segment_0,main_wing:segment_0:orig:1,orig,1,0.9455074667930603,0.9455074667930603,0.652332603931427,1.2386823892593384,1.0,0.5863497853279114,7.033148765563965,7.033148765563965,9.895312309265137,1.4215112258718134,70.19332133534215,2.2954344227244703,1.403866426706843,-9.35236644744873,0.0,40.1037712097168,0.18910149335861207
0.8125,65,flat_plate,main_wing,segment_0,main_wing:segment_0:orig:2,orig,2,1.5022028684616089,1.5022028684616089,1.2386823892593384,1.765723466873169,1.0,0.5270410776138306,6.973965644836426,6.973965644836426,9.895008087158203,1.4095927124884875,69.58448604567037,2.376891607186838,1.3916897209134076,-8.281865119934082,0.0,35.748477935791016,0.3004405736923218
0.8125,65,flat_plate,main_wing,segment_0,main_wing:segment_0:orig:3,orig,3,2.002588987350464,2.002588987350464,1.765723466873169,2.239454746246338,1.0,0.47373127937316895,6.887955665588379,6.887955665588379,9.894243240356445,1.392315814006658,68.69824611811887,2.4894054011382636,1.3739649223623775,-7.284013271331787,0.0,31.740808486938477,0.40051779747009275
0.8125,65,flat_plate,main_wing,segment_0,main_wing:segment_0:orig:4,orig,4,2.452361822128296,2.452361822128296,2.239454746246338,2.665268659591675,1.0,0.4258139133453369,6.773129940032959,6.773129940032959,9.892769813537598,1.3693091151811458,67.51372248125416,2.628097080480523,1.3502744496250834,-6.359654426574707,0.0,28.058347702026367,0.49047236442565917
0.8125,65,flat_plate,main_wing,segment_0,main_wing:segment_0:orig:5,orig,5,2.856640338897705,2.856640338897705,2.665268659591675,3.0480120182037354,1.0,0.38274335861206055,6.625667572021484,6.625667572021484,9.89022445678711,1.339841699441848,65.99127517543194,2.7880209388160297,1.3198255035086388,-5.506443500518799,0.0,24.67327117919922,0.571328067779541
0.8125,65,flat_plate,main_wing,segment_0,main_wing:segment_0:orig:6,orig,6,3.2200264930725098,3.2200264930725098,3.0480120182037354,3.392040967941284,1.0,0.34402894973754883,6.439874649047852,6.439874649047852,9.886171340942383,1.3028045796410366,64.07252434658076,2.9629124602901027,1.2814504869316152,-4.7205023765563965,0.0,21.55553436279297,0.644005298614502
0.8125,65,flat_plate,main_wing,segment_0,main_wing:segment_0:orig:7,orig,7,3.546656608581543,3.546656608581543,3.392040967941284,3.7012720108032227,1.0,0.3092310428619385,6.207921981811523,6.207921981811523,9.880060195922852,1.2566567123494472,61.678700019065005,3.143557766889013,1.2335740003813,-3.9974849224090576,0.0,18.674667358398438,0.7093313217163086
0.8125,65,flat_plate,main_wing,segment_0,main_wing:segment_0:orig:8,orig,8,3.8402483463287354,3.8402483463287354,3.7012720108032227,3.979224443435669,1.0,0.2779524326324463,5.919175624847412,5.919175624847412,9.871137619018555,1.1992894544278334,58.70368734264948,3.3175773777730946,1.1740737468529896,-3.3323991298675537,0.0,15.99951457977295,0.768049669265747
0.8125,65,flat_plate,main_wing,segment_0,main_wing:segment_0:orig:9,orig,9,4.1041436195373535,4.1041436195373535,3.979224443435669,4.229062557220459,1.0,0.24983811378479004,5.55900764465332,5.55900764465332,9.8583984375,1.1277709416790491,55.00376164764893,3.4669815733837708,1.1000752329529786,-2.7200310230255127,0.0,13.49797248840332,0.8208287239074707
0.8125,65,flat_plate,main_wing,segment_0,main_wing:segment_0:orig:10,orig,10,4.34134578704834,4.34134578704834,4.229062557220459,4.453629493713379,1.0,0.22456693649291992,5.106640815734863,5.106640815734863,9.840400695800781,1.0378928609917344,50.37769652966594,3.5673465083807625,1.0075539305933188,-2.1542515754699707,0.0,11.13502025604248,0.8682691574096679
0.8125,65,flat_plate,main_wing,segment_0,main_wing:segment_0:orig:11,orig,11,4.554555416107178,4.554555416107178,4.453629493713379,4.655481815338135,1.0,0.20185232162475586,4.529977321624756,4.529977321624756,9.814746856689453,0.923096109918974,44.517926177988535,3.5839574829801384,0.8903585235597707,-1.626980185508728,0.0,8.86709213256836,0.9109110832214355
0.8125,65,flat_plate,main_wing,segment_0,main_wing:segment_0:orig:12,orig,12,4.746199131011963,4.746199131011963,4.655481815338135,4.836916923522949,1.0,0.18143510818481445,3.7775168418884277,3.7775168418884277,9.775999069213867,0.7728144847690119,36.93041723664999,3.4777498732896674,0.7386083447329997,-1.1247247457504272,0.0,6.635472297668457,0.9492398262023926
0.8125,65,flat_plate,main_wing,segment_0,main_wing:segment_0:orig:13,orig,13,4.918458461761475,4.918458461761475,4.836916923522949,5.0,1.0,0.16308307647705078,2.7068119049072266,2.7068119049072266,9.708843231201172,0.557597200912336,26.22845930354247,3.1330265639305654,0.5245691860708493,-0.6135435700416565,0.0,4.263910293579102,0.9836916923522949
0.875,70,flat_plate,main_wing,segment_0,main_wing:segment_0:mirror:0,mirror,0,-0.3261663019657135,0.3261663019657135,-0.652332603931427,0.0,1.0,0.652332603931427,-7.083616256713867,7.083616256713867,9.8961820602417,1.4315856789200705,70.71585633269068,2.2265031061697904,1.4143171266538135,-10.536458969116211,0.0,44.934322357177734,-0.0652332603931427
0.875,70,flat_plate,main_wing,segment_0,main_wing:segment_0:mirror:1,mirror,1,-0.9455074667930603,0.9455074667930603,-1.2386823892593384,-0.652332603931427,1.0,0.5863497853279114,-7.05161190032959,7.05161190032959,9.896108627319336,1.425128232902135,70.38702937454924,2.2716061714504896,1.407740587490985,-9.395258903503418,0.0,40.20986557006836,-0.18910149335861207
0.875,70,flat_plate,main_wing,segment_0,main_wing:segment_0:mirror:2,mirror,2,-1.5022028684616089,1.5022028684616089,-1.765723466873169,-1.2386823892593384,1.0,0.5270410776138306,-6.991898536682129,6.991898536682129,9.89578628540039,1.4131062120849414,69.77253720645514,2.3541004127117127,1.3954507441291029,-8.319119453430176,0.0,35.841102600097656,-0.3004405736923218
0.875,70,flat_plate,main_wing,segment_0,main_wing:segment_0:mirror:3,mirror,3,-2.002588987350464,2.002588987350464,-2.239454746246338,-1.765723466873169,1.0,0.47373127937316895,-6.9051337242126465,6.9051337242126465,9.895004272460938,1.3956807969109255,68.87833551146082,2.468000336967388,1.3775667102292164,-7.31588888168335,0.0,31.82059097290039,-0.40051779747009275
0.875,70,flat_plate,main_wing,segment_0,main_wing:segment_0:mirror:4,mirror,4,-2.452361822128296,2.452361822128296,-2.665268659591675,-2.239454746246338,1.0,0.4258139133453369,-6.789480209350586,6.789480209350586,9.893499374389648,1.3725133953969535,67.68497340739583,2.6083517299294736,1.3536994681479166,-6.386649131774902,0.0,28.12660789489746,-0.49047236442565917
0.875,70,flat_plate,main_wing,segment_0,main_wing:segment_0:mirror:5,mirror,5,-2.856640338897705,2.856640338897705,-3.0480120182037354,-2.665268659591675,1.0,0.38274335861206055,-6.641168117523193,6.641168117523193,9.890910148620605,1.3428831154531065,66.1533049323924,2.77007110302856,1.323066098647848,-5.529130458831787,0.0,24.731395721435547,-0.571328067779541
0.875,70,flat_plate,main_wing,segment_0,main_wing:segment_0:mirror:6,mirror,6,-3.2200264930725098,3.2200264930725098,-3.392040967941284,-3.0480120182037354,1.0,0.34402894973754883,-6.45450496673584,6.45450496673584,9.886818885803223,1.3056788116153428,64.22515144787998,2.9468821461859176,1.2845030289575996,-4.739419460296631,0.0,21.604825973510742,-0.644005298614502
0.875,70,flat_plate,main_wing,segment_0,main_wing:segment_0:mirror:7,mirror,7,-3.546656608581543,3.546656608581543,-3.7012720108032227,-3.392040967941284,1.0,0.3092310428619385,-6.221653461456299,6.221653461456299,9.880640029907227,1.2593624385918887,61.82137488105691,3.1299704515249167,1.2364274976211382,-4.012962341308594,0.0,18.716196060180664,-0.7093313217163086
0.875,70,flat_plate,main_wing,segment_0,main_wing:segment_0:mirror:8,mirror,8,-3.8402483463287354,3.8402483463287354,-3.979224443435669,-3.7012720108032227,1.0,0.2779524326324463,-5.931921005249023,5.931921005249023,9.8716459274292,1.2018099208292472,58.83538681877349,3.3064490102929422,1.1767077363754699,-3.3448612689971924,0.0,16.034072875976562,-0.768049669265747
0.875,70,flat_plate,main_wing,segment_0,main_wing:segment_0:mirror:9,mirror,9,-4.1041436195373535,4.1041436195373535,-4.229062557220459,-3.979224443435669,1.0,0.24983811378479004,-5.570690155029297,5.570690155029297,9.858814239501953,1.1300933397667339,55.12360107995439,3.4586178690552276,1.1024720215990877,-2.7297985553741455,0.0,13.526351928710938,-0.8208287239074707
0.875,70,flat_plate,main_wing,segment_0,main_wing:segment_0:mirror:10,mirror,10,-4.34134578704834,4.34134578704834,-4.453629493713379,-4.229062557220459,1.0,0.22456693649291992,-5.117128849029541,5.117128849029541,9.84068489074707,1.039994452792821,50.48433266697885,3.561446347552107,1.009686653339577,-2.161729335784912,0.0,11.157808303833008,-0.8682691574096679
0.875,70,flat_plate,main_wing,segment_0,main_wing:segment_0:mirror:11,mirror,11,-4.554555416107178,4.554555416107178,-4.655481815338135,-4.453629493713379,1.0,0.20185232162475586,-4.539100646972656,4.539100646972656,9.814886093139648,0.9249420938558564,44.60968813479068,3.5801548109628634,0.8921937626958136,-1.632515549659729,0.0,8.884784698486328,-0.9109110832214355
0.875,70,flat_plate,main_wing,segment_0,main_wing:segment_0:mirror:12,mirror,12,-4.746199131011963,4.746199131011963,-4.836916923522949,-4.655481815338135,1.0,0.18143510818481445,-3.78499174118042,3.78499174118042,9.77592658996582,0.7743494606568344,37.004535931843755,3.4763995128290133,0.7400907186368751,-1.1284419298171997,0.0,6.648398399353027,-0.9492398262023926
0.875,70,flat_plate,main_wing,segment_0,main_wing:segment_0:mirror:13,mirror,13,-4.918458461761475,4.918458461761475,-5.0,-4.836916923522949,1.0,0.16308307647705078,-2.712092638015747,2.712092638015747,9.708459854125977,0.558707082022519,26.279668857342184,3.134287333659906,0.5255933771468437,-0.6155064702033997,0.0,4.272030353546143,-0.9836916923522949
0.875,70,flat_plate,main_wing,segment_0,main_wing:segment_0:orig:0,orig,0,0.3261663019657135,0.3261663019657135,0.0,0.652332603931427,1.0,0.652332603931427,7.0836076736450195,7.0836076736450195,9.896181106567383,1.4315840822565664,70.71575460497446,2.2265212538120083,1.4143150920994894,-10.536430358886719,0.0,44.934261322021484,0.0652332603931427
0.875,70,flat_plate,main_wing,segment_0,main_wing:segment_0:orig:1,orig,1,0.9455074667930603,0.9455074667930603,0.652332603931427,1.2386823892593384,1.0,0.5863497853279114,7.051589488983154,7.051589488983154,9.896105766296387,1.4251241155887946,70.38678038287026,2.271655638947695,1.407735607657405,-9.395193099975586,0.0,40.20973205566406,0.18910149335861207
0.875,70,flat_plate,main_wing,segment_0,main_wing:segment_0:orig:2,orig,2,1.5022028684616089,1.5022028684616089,1.2386823892593384,1.765723466873169,1.0,0.5270410776138306,6.991860866546631,6.991860866546631,9.895781517028809,1.4130992796304025,69.7721105339815,2.3541546849178103,1.39544221067963,-8.3190336227417,0.0,35.84089279174805,0.3004405736923218
0.875,70,flat_plate,main_wing,segment_0,main_wing:segment_0:orig:3,orig,3,2.002588987350464,2.002588987350464,1.765723466873169,2.239454746246338,1.0,0.47373127937316895,6.905084609985352,6.905084609985352,9.894996643066406,1.3956719459473212,68.87778406746638,2.4680516121538654,1.3775556813493275,-7.315797805786133,0.0,31.820344924926758,0.40051779747009275
0.875,70,flat_plate,main_wing,segment_0,main_wing:segment_0:orig:4,orig,4,2.452361822128296,2.452361822128296,2.239454746246338,2.665268659591675,1.0,0.4258139133453369,6.789422035217285,6.789422035217285,9.893488883972168,1.3725030906369966,67.68431407513226,2.6083721482055036,1.3536862815026454,-6.386568069458008,0.0,28.126338958740234,0.49047236442565917
0.875,70,flat_plate,main_wing,segment_0,main_wing:segment_0:orig:5,orig,5,2.856640338897705,2.856640338897705,2.665268659591675,3.0480120182037354,1.0,0.38274335861206055,6.641105651855469,6.641105651855469,9.890901565551758,1.3428716498373117,66.15261023561352,2.770102933918985,1.3230522047122704,-5.529049873352051,0.0,24.731142044067383,0.571328067779541
0.875,70,flat_plate,main_wing,segment_0,main_wing:segment_0:orig:6,orig,6,3.2200264930725098,3.2200264930725098,3.0480120182037354,3.392040967941284,1.0,0.34402894973754883,6.454441070556641,6.454441070556641,9.886808395385742,1.305667271466287,64.22446000573649,2.9469135495552385,1.28448920011473,-4.739347457885742,0.0,21.604598999023438,0.644005298614502
0.875,70,flat_plate,main_wing,segment_0,main_wing:segment_0:orig:7,orig,7,3.546656608581543,3.546656608581543,3.392040967941284,3.7012720108032227,1.0,0.3092310428619385,6.221593379974365,6.221593379974365,9.88062858581543,1.2593517357602222,61.82070853941336,3.1300026313517164,1.2364141707882672,-4.012899398803711,0.0,18.715999603271484,0.7093313217163086
0.875,70,flat_plate,main_wing,segment_0,main_wing:segment_0:orig:8,orig,8,3.8402483463287354,3.8402483463287354,3.7012720108032227,3.979224443435669,1.0,0.2779524326324463,5.9318695068359375,5.9318695068359375,9.871633529663086,1.2018009965648289,58.83481792413336,3.306451092013236,1.1766963584826673,-3.3448197841644287,0.0,16.033920288085938,0.768049669265747
0.875,70,flat_plate,main_wing,segment_0,main_wing:segment_0:orig:9,orig,9,4.1041436195373535,4.1041436195373535,3.979224443435669,4.229062557220459,1.0,0.24983811378479004,5.570646286010742,5.570646286010742,9.85880184173584,1.130085861433628,55.1231161810496,3.458628230544309,1.102462323620992,-2.729764699935913,0.0,13.526235580444336,0.8208287239074707
0.875,70,flat_plate,main_wing,segment_0,main_wing:segment_0:orig:10,orig,10,4.34134578704834,4.34134578704834,4.229062557220459,4.453629493713379,1.0,0.22456693649291992,5.117092132568359,5.117092132568359,9.840673446655273,1.0399882000571004,50.483931119686595,3.5614189900356577,1.009678622393732,-2.1617119312286377,0.0,11.157719612121582,0.8682691574096679
0.875,70,flat_plate,main_wing,segment_0,main_wing:segment_0:orig:11,orig,11,4.554555416107178,4.554555416107178,4.453629493713379,4.655481815338135,1.0,0.20185232162475586,4.539071083068848,4.539071083068848,9.814873695373535,0.924937237900156,44.60936145295367,3.5801326977037515,0.8921872290590734,-1.632502794265747,0.0,8.884719848632812,0.9109110832214355
0.875,70,flat_plate,main_wing,segment_0,main_wing:segment_0:orig:12,orig,12,4.746199131011963,4.746199131011963,4.655481815338135,4.836916923522949,1.0,0.18143510818481445,3.784970283508301,3.784970283508301,9.775915145874023,0.7743459772368764,37.0042967453999,3.4763782764400406,0.740085934907998,-1.128434419631958,0.0,6.648355484008789,0.9492398262023926
0.875,70,flat_plate,main_wing,segment_0,main_wing:segment_0:orig:13,orig,13,4.918458461761475,4.918458461761475,4.836916923522949,5.0,1.0,0.16308307647705078,2.7120795249938965,2.7120795249938965,9.70844841003418,0.5587050392503138,26.279527819851623,3.134260137400095,0.5255905563970324,-0.615504801273346,0.0,4.272006988525391,0.9836916923522949
0.9375,75,flat_plate,main_wing,segment_0,main_wing:segment_0:mirror:0,mirror,0,-0.3261663019657135,0.3261663019657135,-0.652332603931427,0.0,1.0,0.652332603931427,-7.099159240722656,7.099159240722656,9.896897315979004,1.434623198375663,70.87940026164532,2.205470378369253,1.4175880052329064,-10.577323913574219,0.0,45.03382110595703,-0.0652332603931427
0.9375,75,flat_plate,main_wing,segment_0,main_wing:segment_0:mirror:1,mirror,1,-0.9455074667930603,0.9455074667930603,-1.2386823892593384,-0.652332603931427,1.0,0.5863497853279114,-7.066914081573486,7.066914081573486,9.896827697753906,1.4281170284852647,70.54809153066468,2.2510193875221356,1.4109618306132936,-9.431361198425293,0.0,40.2979621887207,-0.18910149335861207
0.9375,75,flat_plate,main_wing,segment_0,main_wing:segment_0:mirror:2,mirror,2,-1.5022028684616089,1.5022028684616089,-1.765723466873169,-1.2386823892593384,1.0,0.5270410776138306,-7.006793022155762,7.006793022155762,9.896493911743164,1.4160152241070976,69.92926556174885,2.3344447057192514,1.398585311234977,-8.350504875183105,0.0,35.918209075927734,-0.3004405736923218
0.9375,75,flat_plate,main_wing,segment_0,main_wing:segment_0:mirror:3,mirror,3,-2.002588987350464,2.002588987350464,-2.239454746246338,-1.765723466873169,1.0,0.47373127937316895,-6.919486999511719,6.919486999511719,9.89569091796875,1.398484867175309,69.02926377861074,2.4494887767107865,1.3805852755722148,-7.342864990234375,0.0,31.88738441467285,-0.40051779747009275
0.9375,75,flat_plate,main_wing,segment_0,main_wing:segment_0:mirror:4,mirror,4,-2.452361822128296,2.452361822128296,-2.665268659591675,-2.239454746246338,1.0,0.4258139133453369,-6.803230285644531,6.803230285644531,9.894152641296387,1.375202209282499,67.8293496334734,2.5912943962303747,1.356586992669468,-6.409576416015625,0.0,28.184110641479492,-0.49047236442565917
0.9375,75,flat_plate,main_wing,segment_0,main_wing:segment_0:mirror:5,mirror,5,-2.856640338897705,2.856640338897705,-3.0480120182037354,-2.665268659591675,1.0,0.38274335861206055,-6.654245853424072,6.654245853424072,9.891528129577637,1.3454434474136616,66.29030892234857,2.7546002202431383,1.3258061784469715,-5.548421859741211,0.0,24.780513763427734,-0.571328067779541
0.9375,75,flat_plate,main_wing,segment_0,main_wing:segment_0:mirror:6,mirror,6,-3.2200264930725098,3.2200264930725098,-3.392040967941284,-3.0480120182037354,1.0,0.34402894973754883,-6.4668474197387695,6.4668474197387695,9.887378692626953,1.3081014939907412,64.3540529666484,2.9332204029462075,1.287081059332968,-4.755436897277832,0.0,21.64644432067871,-0.644005298614502
0.9375,75,flat_plate,main_wing,segment_0,main_wing:segment_0:mirror:7,mirror,7,-3.546656608581543,3.546656608581543,-3.7012720108032227,-3.392040967941284,1.0,0.3092310428619385,-6.233176231384277,6.233176231384277,9.88114070892334,1.2616309017349174,61.94124717292368,3.117930365111859,1.2388249434584737,-4.026152610778809,0.0,18.75103759765625,-0.7093313217163086
0.9375,75,flat_plate,main_wing,segment_0,main_wing:segment_0:mirror:8,mirror,8,-3.8402483463287354,3.8402483463287354,-3.979224443435669,-3.7012720108032227,1.0,0.2779524326324463,-5.942629337310791,5.942629337310791,9.872074127197266,1.2039272113929993,58.94618635653993,3.2963389813716626,1.1789237271307986,-3.355546474456787,0.0,16.063093185424805,-0.768049669265747
0.9375,75,flat_plate,main_wing,segment_0,main_wing:segment_0:mirror:9,mirror,9,-4.1041436195373535,4.1041436195373535,-4.229062557220459,-3.979224443435669,1.0,0.24983811378479004,-5.580463409423828,5.580463409423828,9.85915470123291,1.1320368892732717,55.22407052538055,3.450542208679488,1.1044814105076108,-2.73824405670166,0.0,13.55007553100586,-0.8208287239074707
0.9375,75,flat_plate,main_wing,segment_0,main_wing:segment_0:mirror:10,mirror,10,-4.34134578704834,4.34134578704834,-4.453629493713379,-4.229062557220459,1.0,0.22456693649291992,-5.1258697509765625,5.1258697509765625,9.840922355651855,1.041745796933895,50.57340285544868,3.555405206086447,1.0114680571089736,-2.1682167053222656,0.0,11.176777839660645,-0.8682691574096679
0.9375,75,flat_plate,main_wing,segment_0,main_wing:segment_0:mirror:11,mirror,11,-4.554555416107178,4.554555416107178,-4.655481815338135,-4.453629493713379,1.0,0.20185232162475586,-4.546679973602295,4.546679973602295,9.814995765686035,0.9264761966577368,44.686101739178376,3.5761495275775146,0.8937220347835675,-1.6372885704040527,0.0,8.899474143981934,-0.9109110832214355
0.9375,75,flat_plate,main_wing,segment_0,main_wing:segment_0:mirror:12,mirror,12,-4.746199131011963,4.746199131011963,-4.836916923522949,-4.655481815338135,1.0,0.18143510818481445,-3.791219711303711,3.791219711303711,9.775874137878418,0.7756277664447284,37.066438817421094,3.474700852390219,0.7413287763484219,-1.1316465139389038,0.0,6.659167289733887,-0.9492398262023926
0.9375,75,flat_plate,main_wing,segment_0,main_wing:segment_0:mirror:13,mirror,13,-4.918458461761475,4.918458461761475,-5.0,-4.836916923522949,1.0,0.16308307647705078,-2.7165095806121826,2.7165095806121826,9.708149909973145,0.5596348646865296,26.322600340226547,3.135036491855039,0.526452006804531,-0.6172005534172058,0.0,4.278824806213379,-0.9836916923522949
0.9375,75,flat_plate,main_wing,segment_0,main_wing:segment_0:orig:0,orig,0,0.3261663019657135,0.3261663019657135,0.0,0.652332603931427,1.0,0.652332603931427,7.099126815795898,7.099126815795898,9.896896362304688,1.4346167840728459,70.8790457553217,2.205505551124124,1.417580915106434,-10.577241897583008,0.0,45.03360366821289,0.0652332603931427
0.9375,75,flat_plate,main_wing,segment_0,main_wing:segment_0:orig:1,orig,1,0.9455074667930603,0.9455074667930603,0.652332603931427,1.2386823892593384,1.0,0.5863497853279114,7.066839694976807,7.066839694976807,9.896825790405273,1.4281022713015585,70.54731145100338,2.251165654996492,1.4109462290200676,-9.431159973144531,0.0,40.297542572021484,0.18910149335861207
0.9375,75,flat_plate,main_wing,segment_0,main_wing:segment_0:orig:2,orig,2,1.5022028684616089,1.5022028684616089,1.2386823892593384,1.765723466873169,1.0,0.5270410776138306,7.006683349609375,7.006683349609375,9.896486282348633,1.4159941518044625,69.92808432589044,2.3346583439303426,1.3985616865178088,-8.350234985351562,0.0,35.91763687133789,0.3004405736923218
0.9375,75,flat_plate,main_wing,segment_0,main_wing:segment_0:orig:3,orig,3,2.002588987350464,2.002588987350464,1.765723466873169,2.239454746246338,1.0,0.47373127937316895,6.919356346130371,6.919356346130371,9.895681381225586,1.3984598087925513,69.027849189372,2.449774575283047,1.38055698378744,-7.342560768127441,0.0,31.88677215576172,0.40051779747009275
0.9375,75,flat_plate,main_wing,segment_0,main_wing:segment_0:orig:4,orig,4,2.452361822128296,2.452361822128296,2.239454746246338,2.665268659591675,1.0,0.4258139133453369,6.803082466125488,6.803082466125488,9.894140243530273,1.3751740522525924,67.82773780901275,2.5915812927597375,1.356554756180255,-6.409280776977539,0.0,28.18347930908203,0.49047236442565917
0.9375,75,flat_plate,main_wing,segment_0,main_wing:segment_0:orig:5,orig,5,2.856640338897705,2.856640338897705,2.665268659591675,3.0480120182037354,1.0,0.38274335861206055,6.654082298278809,6.654082298278809,9.89151382446289,1.345412323404426,66.28855010350996,2.754887342053997,1.3257710020701992,-5.5481414794921875,0.0,24.779891967773438,0.571328067779541
0.9375,75,flat_plate,main_wing,segment_0,main_wing:segment_0:orig:6,orig,6,3.2200264930725098,3.2200264930725098,3.0480120182037354,3.392040967941284,1.0,0.34402894973754883,6.466672897338867,6.466672897338867,9.88736629486084,1.3080678321182562,64.35219266949328,2.9335226298865473,1.2870438533898656,-4.755170822143555,0.0,21.64585304260254,0.644005298614502
0.9375,75,flat_plate,main_wing,segment_0,main_wing:segment_0:orig:7,orig,7,3.546656608581543,3.546656608581543,3.392040967941284,3.7012720108032227,1.0,0.3092310428619385,6.232995986938477,6.232995986938477,9.881128311157227,1.2615960021287287,61.93933053068922,3.1182437404457857,1.2387866106137844,-4.025905609130859,0.0,18.750490188598633,0.7093313217163086
0.9375,75,flat_plate,main_wing,segment_0,main_wing:segment_0:orig:8,orig,8,3.8402483463287354,3.8402483463287354,3.7012720108032227,3.979224443435669,1.0,0.2779524326324463,5.9424333572387695,5.9424333572387695,9.872066497802734,1.2038884378587607,58.94415757867261,3.296592819615935,1.1788831515734521,-3.355332374572754,0.0,16.06256675720215,0.768049669265747
0.9375,75,flat_plate,main_wing,segment_0,main_wing:segment_0:orig:9,orig,9,4.1041436195373535,4.1041436195373535,3.979224443435669,4.229062557220459,1.0,0.24983811378479004,5.580287933349609,5.580287933349609,9.859149932861328,1.1320018401890952,55.222253167769985,3.450761637750774,1.1044450633553997,-2.7380735874176025,0.0,13.549651145935059,0.8208287239074707
0.9375,75,flat_plate,main_wing,segment_0,main_wing:segment_0:orig:10,orig,10,4.34134578704834,4.34134578704834,4.229062557220459,4.453629493713379,1.0,0.22456693649291992,5.12571382522583,5.12571382522583,9.84091854095459,1.041714511484743,50.57180508450615,3.5555761124903436,1.011436101690123,-2.1680867671966553,0.0,11.176441192626953,0.8682691574096679
0.9375,75,flat_plate,main_wing,segment_0,main_wing:segment_0:orig:11,orig,11,4.554555416107178,4.554555416107178,4.453629493713379,4.655481815338135,1.0,0.20185232162475586,4.546543598175049,4.546543598175049,9.814992904663086,0.9264486775155983,44.684718192862526,3.576293003311119,0.8936943638572505,-1.6371883153915405,0.0,8.899211883544922,0.9109110832214355
0.9375,75,flat_plate,main_wing,segment_0,main_wing:segment_0:orig:12,orig,12,4.746199131011963,4.746199131011963,4.655481815338135,4.836916923522949,1.0,0.18143510818481445,3.791105270385742,3.791105270385742,9.775874137878418,0.7756043535168705,37.06528888242147,3.4747784090651965,0.7413057776484294,-1.1315789222717285,0.0,6.658969402313232,0.9492398262023926
0.9375,75,flat_plate,main_wing,segment_0,main_wing:segment_0:orig:13,orig,13,4.918458461761475,4.918458461761475,4.836916923522949,5.0,1.0,0.16308307647705078,2.716427803039551,2.716427803039551,9.708152770996094,0.5596178525651353,26.321792045862882,3.1350480727829626,0.5264358409172576,-0.6171646118164062,0.0,4.278697967529297,0.9836916923522949
1.0,80,flat_plate,main_wing,segment_0,main_wing:segment_0:mirror:0,mirror,0,-0.3261663019657135,0.3261663019657135,-0.652332603931427,0.0,1.0,0.652332603931427,-7.111921310424805,7.111921310424805,9.897514343261719,1.4371126049979688,71.0139226932004,2.1881141448044787,1.420278453864008,-10.61097240447998,0.0,45.11565399169922,-0.0652332603931427
1.0,80,flat_plate,main_wing,segment_0,main_wing:segment_0:mirror:1,mirror,1,-0.9455074667930603,0.9455074667930603,-1.2386823892593384,-0.652332603931427,1.0,0.5863497853279114,-7.079466819763184,7.079466819763184,9.897428512573242,1.4305669014471287,70.68036116899832,2.2340734550940824,1.4136072233799664,-9.461031913757324,0.0,40.370304107666016,-0.18910149335861207
1.0,80,flat_plate,main_wing,segment_0,main_wing:segment_0:mirror:2,mirror,2,-1.5022028684616089,1.5022028684616089,-1.765723466873169,-1.2386823892593384,1.0,0.5270410776138306,-7.019001483917236,7.019001483917236,9.897086143493652,1.4183975732153307,70.05783286611974,2.3181497337340162,1.4011566573223948,-8.376338005065918,0.0,35.98143768310547,-0.3004405736923218
1.0,80,flat_plate,main_wing,segment_0,main_wing:segment_0:mirror:3,mirror,3,-2.002588987350464,2.002588987350464,-2.239454746246338,-1.765723466873169,1.0,0.47373127937316895,-6.931310176849365,6.931310176849365,9.896261215209961,1.4007936989772172,69.15362831369816,2.434101929634589,1.3830725662739634,-7.365154266357422,0.0,31.942405700683594,-0.40051779747009275
1.0,80,flat_plate,main_wing,segment_0,main_wing:segment_0:mirror:4,mirror,4,-2.452361822128296,2.452361822128296,-2.665268659591675,-2.239454746246338,1.0,0.4258139133453369,-6.814609527587891,6.814609527587891,9.89469051361084,1.3774275240269351,67.94879797926546,2.576876338610666,1.3589759595853093,-6.428670883178711,0.0,28.231651306152344,-0.49047236442565917
1.0,80,flat_plate,main_wing,segment_0,main_wing:segment_0:mirror:5,mirror,5,-2.856640338897705,2.856640338897705,-3.0480120182037354,-2.665268659591675,1.0,0.38274335861206055,-6.665069103240967,6.665069103240967,9.892023086547852,1.3475644051629407,66.4036783594504,2.7413645460531533,1.3280735671890078,-5.564545631408691,0.0,24.821115493774414,-0.571328067779541
1.0,80,flat_plate,main_wing,segment_0,main_wing:segment_0:mirror:6,mirror,6,-3.2200264930725098,3.2200264930725098,-3.392040967941284,-3.0480120182037354,1.0,0.34402894973754883,-6.477078914642334,6.477078914642334,9.88783073425293,1.3101112041096659,64.46089966763337,2.921239879417075,1.2892179933526675,-4.768931865692139,0.0,21.680883407592773,-0.644005298614502
1.0,80,flat_plate,main_wing,segment_0,main_wing:segment_0:mirror:7,mirror,7,-3.546656608581543,3.546656608581543,-3.7012720108032227,-3.392040967941284,1.0,0.3092310428619385,-6.2428178787231445,6.2428178787231445,9.881538391113281,1.2635315740588469,62.04144383830357,3.1075641710017363,1.2408288767660713,-4.037268161773682,0.0,18.780136108398438,-0.7093313217163086
1.0,80,flat_plate,main_wing,segment_0,main_wing:segment_0:mirror:8,mirror,8,-3.8402483463287354,3.8402483463287354,-3.979224443435669,-3.7012720108032227,1.0,0.2779524326324463,-5.9515557289123535,5.9515557289123535,9.872410774230957,1.2056945086699897,59.03844955611294,3.287560038262912,1.1807689911222587,-3.3645408153533936,0.0,16.08723258972168,-0.768049669265747
1.0,80,flat_plate,main_wing,segment_0,main_wing:segment_0:mirror:9,mirror,9,-4.1041436195373535,4.1041436195373535,-4.229062557220459,-3.979224443435669,1.0,0.24983811378479004,-5.588696479797363,5.588696479797363,9.859426498413086,1.133675773270765,55.30856153655609,3.4435329458459627,1.1061712307311218,-2.745398998260498,0.0,13.570012092590332,-0.8208287239074707
1.0,80,flat_plate,main_wing,segment_0,main_wing:segment_0:mirror:10,mirror,10,-4.34134578704834,4.34134578704834,-4.453629493713379,-4.229062557220459,1.0,0.22456693649291992,-5.133301258087158,5.133301258087158,9.841108322143555,1.043236409975628,50.6489812673395,3.550278483741419,1.01297962534679,-2.1737215518951416,0.0,11.19287395477295,-0.8682691574096679
1.0,80,flat_plate,main_wing,segment_0,main_wing:segment_0:mirror:11,mirror,11,-4.554555416107178,4.554555416107178,-4.655481815338135,-4.453629493713379,1.0,0.20185232162475586,-4.553152561187744,4.553152561187744,9.815071105957031,0.927787992982407,44.751177807644225,3.5730187735044763,0.8950235561528845,-1.641298770904541,0.0,8.911998748779297,-0.9109110832214355
1.0,80,flat_plate,main_wing,segment_0,main_wing:segment_0:mirror:12,mirror,12,-4.746199131011963,4.746199131011963,-4.836916923522949,-4.655481815338135,1.0,0.18143510818481445,-3.796515464782715,3.796515464782715,9.775808334350586,0.7767164279279868,37.11893929453314,3.473435629276935,0.7423787858906629,-1.134333610534668,0.0,6.668308734893799,-0.9492398262023926
1.0,80,flat_plate,main_wing,segment_0,main_wing:segment_0:mirror:13,mirror,13,-4.918458461761475,4.918458461761475,-5.0,-4.836916923522949,1.0,0.16308307647705078,-2.7202441692352295,2.7202441692352295,9.707864761352539,0.560420697260771,26.35879866325143,3.135812104613578,0.5271759732650286,-0.6186062693595886,0.0,4.284559726715088,-0.9836916923522949
1.0,80,flat_plate,main_wing,segment_0,main_wing:segment_0:orig:0,orig,0,0.3261663019657135,0.3261663019657135,0.0,0.652332603931427,1.0,0.652332603931427,7.1118950843811035,7.1118950843811035,9.897512435913086,1.4371075824215425,71.01363859062023,2.188180290319322,1.4202727718124046,-10.610882759094238,0.0,45.11548614501953,0.0652332603931427
1.0,80,flat_plate,main_wing,segment_0,main_wing:segment_0:orig:1,orig,1,0.9455074667930603,0.9455074667930603,0.652332603931427,1.2386823892593384,1.0,0.5863497853279114,7.079401016235352,7.079401016235352,9.897424697875977,1.4305541557198442,70.67964101442774,2.23422230876793,1.4135928202885548,-9.460838317871094,0.0,40.36991882324219,0.18910149335861207
1.0,80,flat_plate,main_wing,segment_0,main_wing:segment_0:orig:2,orig,2,1.5022028684616089,1.5022028684616089,1.2386823892593384,1.765723466873169,1.0,0.5270410776138306,7.0189032554626465,7.0189032554626465,9.897078514099121,1.4183788166303215,70.05675931009121,2.3183809847518453,1.4011351862018242,-8.376073837280273,0.0,35.98092269897461,0.3004405736923218
1.0,80,flat_plate,main_wing,segment_0,main_wing:segment_0:orig:3,orig,3,2.002588987350464,2.002588987350464,1.765723466873169,2.239454746246338,1.0,0.47373127937316895,6.931194305419922,6.931194305419922,9.896249771118164,1.4007719016244626,69.15233796916112,2.434375168673203,1.3830467593832225,-7.364871025085449,0.0,31.941848754882812,0.40051779747009275
1.0,80,flat_plate,main_wing,segment_0,main_wing:segment_0:orig:4,orig,4,2.452361822128296,2.452361822128296,2.239454746246338,2.665268659591675,1.0,0.4258139133453369,6.814488410949707,6.814488410949707,9.894676208496094,1.3774050342543651,67.94744842606437,2.577170906780024,1.3589489685212874,-6.428400993347168,0.0,28.231128692626953,0.49047236442565917
1.0,80,flat_plate,main_wing,segment_0,main_wing:segment_0:orig:5,orig,5,2.856640338897705,2.856640338897705,2.665268659591675,3.0480120182037354,1.0,0.38274335861206055,6.664947032928467,6.664947032928467,9.892007827758789,1.3475418032374382,66.40230379680331,2.741642417362206,1.3280460759360662,-5.564306735992432,0.0,24.820634841918945,0.571328067779541
1.0,80,flat_plate,main_wing,segment_0,main_wing:segment_0:orig:6,orig,6,3.2200264930725098,3.2200264930725098,3.0480120182037354,3.392040967941284,1.0,0.34402894973754883,6.476958274841309,6.476958274841309,9.8878173828125,1.3100885714373898,64.45954650482466,2.9215344993951327,1.2891909300964932,-4.768713474273682,0.0,21.68045997619629,0.644005298614502
1.0,80,flat_plate,main_wing,segment_0,main_wing:segment_0:orig:7,orig,7,3.546656608581543,3.546656608581543,3.392040967941284,3.7012720108032227,1.0,0.3092310428619385,6.242705345153809,6.242705345153809,9.881525039672852,1.2635105047227582,62.04018629657932,3.1079200537192424,1.2408037259315865,-4.0370612144470215,0.0,18.779788970947266,0.7093313217163086
1.0,80,flat_plate,main_wing,segment_0,main_wing:segment_0:orig:8,orig,8,3.8402483463287354,3.8402483463287354,3.7012720108032227,3.979224443435669,1.0,0.2779524326324463,5.951465606689453,5.951465606689453,9.872400283813477,1.2056775324329823,59.037413441268754,3.2879271192355333,1.180748268825375,-3.364367723464966,0.0,16.08698081970215,0.768049669265747
1.0,80,flat_plate,main_wing,segment_0,main_wing:segment_0:orig:9,orig,9,4.1041436195373535,4.1041436195373535,3.979224443435669,4.229062557220459,1.0,0.24983811378479004,5.5886430740356445,5.5886430740356445,9.859417915344238,1.1336659267354972,55.30789074486322,3.4439568488998176,1.1061578148972644,-2.745253324508667,0.0,13.569877624511719,0.8208287239074707
1.0,80,flat_plate,main_wing,segment_0,main_wing:segment_0:orig:10,orig,10,4.34134578704834,4.34134578704834,4.229062557220459,4.453629493713379,1.0,0.22456693649291992,5.133228778839111,5.133228778839111,9.841099739074707,1.0432225899423218,50.64815665931818,3.550599403576021,1.0129631331863636,-2.1736040115356445,0.0,11.192713737487793,0.8682691574096679
1.0,80,flat_plate,main_wing,segment_0,main_wing:segment_0:orig:11,orig,11,4.554555416107178,4.554555416107178,4.453629493713379,4.655481815338135,1.0,0.20185232162475586,4.553076267242432,4.553076267242432,9.815067291259766,0.9277728072831263,44.75034866594475,3.5732472148621683,0.895006973318895,-1.641210913658142,0.0,8.911849021911621,0.9109110832214355
1.0,80,flat_plate,main_wing,segment_0,main_wing:segment_0:orig:12,orig,12,4.746199131011963,4.746199131011963,4.655481815338135,4.836916923522949,1.0,0.18143510818481445,3.7964468002319336,3.7964468002319336,9.775806427001953,0.7767025316184025,37.11822048290569,3.4735695265713527,0.7423644096581138,-1.1342763900756836,0.0,6.66818904876709,0.9492398262023926
1.0,80,flat_plate,main_wing,segment_0,main_wing:segment_0:orig:13,orig,13,4.918458461761475,4.918458461761475,4.836916923522949,5.0,1.0,0.16308307647705078,2.720191240310669,2.720191240310669,9.707867622375488,0.5604096277623213,26.358261930746238,3.135849531282392,0.5271652386149248,-0.6185777187347412,0.0,4.2844767570495605,0.9836916923522949
1.0625,85,flat_plate,main_wing,segment_0,main_wing:segment_0:mirror:0,mirror,0,-0.3261663019657135,0.3261663019657135,-0.652332603931427,0.0,1.0,0.652332603931427,-7.122740745544434,7.122740745544434,9.898050308227539,1.439220962460417,71.12807186091892,2.172999684723497,1.4225614372183784,-10.639768600463867,0.0,45.185028076171875,-0.0652332603931427
1.0625,85,flat_plate,main_wing,segment_0,main_wing:segment_0:mirror:1,mirror,1,-0.9455074667930603,0.9455074667930603,-1.2386823892593384,-0.652332603931427,1.0,0.5863497853279114,-7.090146064758301,7.090146064758301,9.897960662841797,1.4326478567197405,70.79302340778972,2.2192169403237036,1.4158604681557945,-9.486543655395508,0.0,40.43185806274414,-0.18910149335861207
1.0625,85,flat_plate,main_wing,segment_0,main_wing:segment_0:mirror:2,mirror,2,-1.5022028684616089,1.5022028684616089,-1.765723466873169,-1.2386823892593384,1.0,0.5270410776138306,-7.029427528381348,7.029427528381348,9.897604942321777,1.4204300069249656,70.16773978297951,2.303932126881175,1.4033547956595902,-8.398568153381348,0.0,36.03544998168945,-0.3004405736923218
1.0625,85,flat_plate,main_wing,segment_0,main_wing:segment_0:mirror:3,mirror,3,-2.002588987350464,2.002588987350464,-2.239454746246338,-1.765723466873169,1.0,0.47373127937316895,-6.941396713256836,6.941396713256836,9.896764755249023,1.4027607778744613,69.25986337463638,2.420650517613973,1.3851972674927275,-7.384335041046143,0.0,31.989368438720703,-0.40051779747009275
1.0625,85,flat_plate,main_wing,segment_0,main_wing:segment_0:mirror:4,mirror,4,-2.452361822128296,2.452361822128296,-2.665268659591675,-2.239454746246338,1.0,0.4258139133453369,-6.824307441711426,6.824307441711426,9.895166397094727,1.3793214116571255,68.050772035054,2.5642961218720672,1.36101544070108,-6.4450836181640625,0.0,28.272207260131836,-0.49047236442565917
1.0625,85,flat_plate,main_wing,segment_0,main_wing:segment_0:mirror:5,mirror,5,-2.856640338897705,2.856640338897705,-3.0480120182037354,-2.665268659591675,1.0,0.38274335861206055,-6.674379825592041,6.674379825592041,9.892465591430664,1.3493865131810443,66.5012729239119,2.7299704644538023,1.330025458478238,-5.578425884246826,0.0,24.856067657470703,-0.571328067779541
1.0625,85,flat_plate,main_wing,segment_0,main_wing:segment_0:mirror:6,mirror,6,-3.2200264930725098,3.2200264930725098,-3.392040967941284,-3.0480120182037354,1.0,0.34402894973754883,-6.485930919647217,6.485930919647217,9.88823413848877,1.3118481679962464,64.55334071438467,2.9111190114553867,1.2910668142876935,-4.780526161193848,0.0,21.71070098876953,-0.644005298614502
1.0625,85,flat_plate,main_wing,segment_0,main_wing:segment_0:mirror:7,mirror,7,-3.546656608581543,3.546656608581543,-3.7012720108032227,-3.392040967941284,1.0,0.3092310428619385,-6.2511444091796875,6.2511444091796875,9.881900787353516,1.265170445179872,62.12805109075417,3.098797704079137,1.2425610218150833,-4.046818256378174,0.0,18.8053035736084,-0.7093313217163086
1.0625,85,flat_plate,main_wing,segment_0,main_wing:segment_0:mirror:8,mirror,8,-3.8402483463287354,3.8402483463287354,-3.979224443435669,-3.7012720108032227,1.0,0.2779524326324463,-5.959386348724365,5.959386348724365,9.872710227966309,1.20724425433723,59.11939688805576,3.2801820449508896,1.1823879377611153,-3.372344970703125,0.0,16.108434677124023,-0.768049669265747
1.0625,85,flat_plate,main_wing,segment_0,main_wing:segment_0:mirror:9,mirror,9,-4.1041436195373535,4.1041436195373535,-4.229062557220459,-3.979224443435669,1.0,0.24983811378479004,-5.595878601074219,5.595878601074219,9.85965633392334,1.1351062170029034,55.38225670611356,3.4375393001011103,1.1076451341222713,-2.75161075592041,0.0,13.587409019470215,-0.8208287239074707
1.0625,85,flat_plate,main_wing,segment_0,main_wing:segment_0:mirror:10,mirror,10,-4.34134578704834,4.34134578704834,-4.453629493713379,-4.229062557220459,1.0,0.22456693649291992,-5.139704704284668,5.139704704284668,9.841268539428711,1.0445207716246365,50.714189863184174,3.5457200395163824,1.0142837972636836,-2.1785004138946533,0.0,11.206753730773926,-0.8682691574096679
1.0625,85,flat_plate,main_wing,segment_0,main_wing:segment_0:mirror:11,mirror,11,-4.554555416107178,4.554555416107178,-4.655481815338135,-4.453629493713379,1.0,0.20185232162475586,-4.558676719665527,4.558676719665527,9.815149307250977,0.9289062401318314,44.806912619661794,3.5697744277832597,0.8961382523932359,-1.6448431015014648,0.0,8.922696113586426,-0.9109110832214355
1.0625,85,flat_plate,main_wing,segment_0,main_wing:segment_0:mirror:12,mirror,12,-4.746199131011963,4.746199131011963,-4.836916923522949,-4.655481815338135,1.0,0.18143510818481445,-3.801029682159424,3.801029682159424,9.775772094726562,0.7776428593726831,37.163862665139646,3.471914802580598,0.7432772533027929,-1.1367096900939941,0.0,6.67611026763916,-0.9492398262023926
1.0625,85,flat_plate,main_wing,segment_0,main_wing:segment_0:mirror:13,mirror,13,-4.918458461761475,4.918458461761475,-5.0,-4.836916923522949,1.0,0.16308307647705078,-2.7234339714050293,2.7234339714050293,9.707650184631348,0.5610902576025308,26.389862148170483,3.1361169250609917,0.5277972429634097,-0.6198694109916687,0.0,4.28946590423584,-0.9836916923522949
1.0625,85,flat_plate,main_wing,segment_0,main_wing:segment_0:orig:0,orig,0,0.3261663019657135,0.3261663019657135,0.0,0.652332603931427,1.0,0.652332603931427,7.122718334197998,7.122718334197998,9.898048400878906,1.439216711360096,71.1278322440836,2.173035371689562,1.4225566448816722,-10.639705657958984,0.0,45.18488311767578,0.0652332603931427
1.0625,85,flat_plate,main_wing,segment_0,main_wing:segment_0:orig:1,orig,1,0.9455074667930603,0.9455074667930603,0.652332603931427,1.2386823892593384,1.0,0.5863497853279114,7.090086460113525,7.090086460113525,9.897956848144531,1.4326363650378273,70.79237622803129,2.219319677973678,1.4158475245606257,-9.486387252807617,0.0,40.4315071105957,0.18910149335861207
1.0625,85,flat_plate,main_wing,segment_0,main_wing:segment_0:orig:2,orig,2,1.5022028684616089,1.5022028684616089,1.2386823892593384,1.765723466873169,1.0,0.5270410776138306,7.0293378829956055,7.0293378829956055,9.89759635925293,1.4204131241266702,70.1667721679597,2.304075618900603,1.403335443359194,-8.39836311340332,0.0,36.034976959228516,0.3004405736923218
1.0625,85,flat_plate,main_wing,segment_0,main_wing:segment_0:orig:3,orig,3,2.002588987350464,2.002588987350464,1.765723466873169,2.239454746246338,1.0,0.47373127937316895,6.941283702850342,6.941283702850342,9.896753311157227,1.4027395620794145,69.2586176892032,2.420881535712973,1.3851723537840641,-7.3840765953063965,0.0,31.988826751708984,0.40051779747009275
1.0625,85,flat_plate,main_wing,segment_0,main_wing:segment_0:orig:4,orig,4,2.452361822128296,2.452361822128296,2.239454746246338,2.665268659591675,1.0,0.4258139133453369,6.824186325073242,6.824186325073242,9.89515495300293,1.3792985269022542,68.04940335293473,2.5646620801359363,1.3609880670586947,-6.444782257080078,0.0,28.271684646606445,0.49047236442565917
1.0625,85,flat_plate,main_wing,segment_0,main_wing:segment_0:orig:5,orig,5,2.856640338897705,2.856640338897705,2.665268659591675,3.0480120182037354,1.0,0.38274335861206055,6.674226760864258,6.674226760864258,9.892454147338867,1.3493571284653703,66.49962424146172,2.7302316362964634,1.3299924848292344,-5.5781660079956055,0.0,24.855484008789062,0.571328067779541
1.0625,85,flat_plate,main_wing,segment_0,main_wing:segment_0:orig:6,orig,6,3.2200264930725098,3.2200264930725098,3.0480120182037354,3.392040967941284,1.0,0.34402894973754883,6.485779762268066,6.485779762268066,9.888221740722656,1.3118192395620911,64.55171689399802,2.9113741123902037,1.2910343378799605,-4.780296802520752,0.0,21.71018409729004,0.644005298614502
1.0625,85,flat_plate,main_wing,segment_0,main_wing:segment_0:orig:7,orig,7,3.546656608581543,3.546656608581543,3.392040967941284,3.7012720108032227,1.0,0.3092310428619385,6.250977993011475,6.250977993011475,9.881893157958984,1.2651377409351707,62.12629516970442,3.0989402261815515,1.2425259033940883,-4.046635150909424,0.0,18.804790496826172,0.7093313217163086
1.0625,85,flat_plate,main_wing,segment_0,main_wing:segment_0:orig:8,orig,8,3.8402483463287354,3.8402483463287354,3.7012720108032227,3.979224443435669,1.0,0.2779524326324463,5.959214687347412,5.959214687347412,9.87270450592041,1.2072101790899996,59.11760860135005,3.2804132960283323,1.182352172027001,-3.3721542358398438,0.0,16.10797119140625,0.768049669265747
1.0625,85,flat_plate,main_wing,segment_0,main_wing:segment_0:orig:9,orig,9,4.1041436195373535,4.1041436195373535,3.979224443435669,4.229062557220459,1.0,0.24983811378479004,5.595717906951904,5.595717906951904,9.85965347290039,1.1350739500798754,55.38060142394781,3.4375225655949357,1.1076120284789561,-2.7515077590942383,0.0,13.587008476257324,0.8208287239074707
1.0625,85,flat_plate,main_wing,segment_0,main_wing:segment_0:orig:10,orig,10,4.34134578704834,4.34134578704834,4.229062557220459,4.453629493713379,1.0,0.22456693649291992,5.139557838439941,5.139557838439941,9.841272354125977,1.0444905198229109,50.71270443919993,3.545504477544797,1.0142540887839986,-2.1784608364105225,0.0,11.206418991088867,0.8682691574096679
1.0625,85,flat_plate,main_wing,segment_0,main_wing:segment_0:orig:11,orig,11,4.554555416107178,4.554555416107178,4.453629493713379,4.655481815338135,1.0,0.20185232162475586,4.5585503578186035,4.5585503578186035,9.81515121459961,0.9288803112962658,44.8056301284415,3.569905850904941,0.89611260256883,-1.6447504758834839,0.0,8.922452926635742,0.9109110832214355
1.0625,85,flat_plate,main_wing,segment_0,main_wing:segment_0:orig:12,orig,12,4.746199131011963,4.746199131011963,4.655481815338135,4.836916923522949,1.0,0.18143510818481445,3.8009281158447266,3.8009281158447266,9.775775909423828,0.7776217767391005,37.16285548679698,3.4719571477713864,0.7432571097359396,-1.1366549730300903,0.0,6.675935745239258,0.9492398262023926
1.0625,85,flat_plate,main_wing,segment_0,main_wing:segment_0:orig:13,orig,13,4.918458461761475,4.918458461761475,4.836916923522949,5.0,1.0,0.16308307647705078,2.723367214202881,2.723367214202881,9.707656860351562,0.5610761182393614,26.389205066790282,3.136151617935479,0.5277841013358057,-0.6198362112045288,0.0,4.289363861083984,0.9836916923522949
1.125,90,flat_plate,main_wing,segment_0,main_wing:segment_0:mirror:0,mirror,0,-0.3261663019657135,0.3261663019657135,-0.652332603931427,0.0,1.0,0.652332603931427,-7.131931304931641,7.131931304931641,9.898538589477539,1.4410069204585634,71.22530442314105,2.1599922317157083,1.4245060884628211,-10.66438102722168,0.0,45.24409866333008,-0.0652332603931427
1.125,90,flat_plate,main_wing,segment_0,main_wing:segment_0:mirror:1,mirror,1,-0.9455074667930603,0.9455074667930603,-1.2386823892593384,-0.652332603931427,1.0,0.5863497853279114,-7.099200248718262,7.099200248718262,9.89844036102295,1.434407844022126,70.88875196517776,2.206450633942784,1.4177750393035553,-9.508301734924316,0.0,40.48413848876953,-0.18910149335861207
1.125,90,flat_plate,main_wing,segment_0,main_wing:segment_0:mirror:2,mirror,2,-1.5022028684616089,1.5022028684616089,-1.765723466873169,-1.2386823892593384,1.0,0.5270410776138306,-7.038259029388428,7.038259029388428,9.89806842803955,1.422147983832933,70.26107070180812,2.291535501676183,1.4052214140361625,-8.417610168457031,0.0,36.08127212524414,-0.3004405736923218
1.125,90,flat_plate,main_wing,segment_0,main_wing:segment_0:mirror:3,mirror,3,-2.002588987350464,2.002588987350464,-2.239454746246338,-1.765723466873169,1.0,0.47373127937316895,-6.949975967407227,6.949975967407227,9.89720630645752,1.4044318673791114,69.35035778254209,2.4089774446365184,1.3870071556508419,-7.4007720947265625,0.0,32.02934646606445,-0.40051779747009275
1.125,90,flat_plate,main_wing,segment_0,main_wing:segment_0:mirror:4,mirror,4,-2.452361822128296,2.452361822128296,-2.665268659591675,-2.239454746246338,1.0,0.4258139133453369,-6.83258056640625,6.83258056640625,9.895584106445312,1.3809352723213115,68.13781845556,2.5535335670957737,1.3627563691112,-6.459103584289551,0.0,28.30682373046875,-0.49047236442565917
1.125,90,flat_plate,main_wing,segment_0,main_wing:segment_0:mirror:5,mirror,5,-2.856640338897705,2.856640338897705,-3.0480120182037354,-2.665268659591675,1.0,0.38274335861206055,-6.682318687438965,6.682318687438965,9.892851829528809,1.3509387995670081,66.5845554346579,2.720157303389667,1.331691108693158,-5.590303897857666,0.0,24.88588523864746,-0.571328067779541
1.125,90,flat_plate,main_wing,segment_0,main_wing:segment_0:mirror:6,mirror,6,-3.2200264930725098,3.2200264930725098,-3.392040967941284,-3.0480120182037354,1.0,0.34402894973754883,-6.493481636047363,6.493481636047363,9.888588905334473,1.3133282611322645,64.63228206953185,2.902325687731526,1.292645641390637,-4.790477275848389,0.0,21.73615074157715,-0.644005298614502
1.125,90,flat_plate,main_wing,segment_0,main_wing:segment_0:mirror:7,mirror,7,-3.546656608581543,3.546656608581543,-3.7012720108032227,-3.392040967941284,1.0,0.3092310428619385,-6.258208274841309,6.258208274841309,9.882222175598145,1.2665589102609942,62.20163712780399,3.090940310284676,1.2440327425560798,-4.055054664611816,0.0,18.8266544342041,-0.7093313217163086
1.125,90,flat_plate,main_wing,segment_0,main_wing:segment_0:mirror:8,mirror,8,-3.8402483463287354,3.8402483463287354,-3.979224443435669,-3.7012720108032227,1.0,0.2779524326324463,-5.965947151184082,5.965947151184082,9.872990608215332,1.2085390107066054,59.18739471090161,3.2735674626018287,1.1837478942180322,-3.3790125846862793,0.0,16.1262149810791,-0.768049669265747
1.125,90,flat_plate,main_wing,segment_0,main_wing:segment_0:mirror:9,mirror,9,-4.1041436195373535,4.1041436195373535,-4.229062557220459,-3.979224443435669,1.0,0.24983811378479004,-5.601921081542969,5.601921081542969,9.859884262084961,1.1363056467274175,55.444452541051405,3.431956841566441,1.108889050821028,-2.7569797039031982,0.0,13.602057456970215,-0.8208287239074707
1.125,90,flat_plate,main_wing,segment_0,main_wing:segment_0:mirror:10,mirror,10,-4.34134578704834,4.34134578704834,-4.453629493713379,-4.229062557220459,1.0,0.22456693649291992,-5.145148277282715,5.145148277282715,9.8414306640625,1.0456098209523572,50.76973715855364,3.5412679333337143,1.0153947431710728,-2.182694673538208,0.0,11.218544006347656,-0.8682691574096679
1.125,90,flat_plate,main_wing,segment_0,main_wing:segment_0:mirror:11,mirror,11,-4.554555416107178,4.554555416107178,-4.655481815338135,-4.453629493713379,1.0,0.20185232162475586,-4.563448429107666,4.563448429107666,9.815234184265137,0.9298705142304926,44.85504546100654,3.567190681297756,0.8971009092201307,-1.6478614807128906,0.0,8.93194580078125,-0.9109110832214355
1.125,90,flat_plate,main_wing,segment_0,main_wing:segment_0:mirror:12,mirror,12,-4.746199131011963,4.746199131011963,-4.836916923522949,-4.655481815338135,1.0,0.18143510818481445,-3.8049702644348145,3.8049702644348145,9.775751113891602,0.77845072365393,37.20304748659,3.4708214719270956,0.7440609497318,-1.138741374015808,0.0,6.682926177978516,-0.9492398262023926
1.125,90,flat_plate,main_wing,segment_0,main_wing:segment_0:mirror:13,mirror,13,-4.918458461761475,4.918458461761475,-5.0,-4.836916923522949,1.0,0.16308307647705078,-2.726238250732422,2.726238250732422,9.707468032836914,0.5616785430578863,26.417116601616257,3.1366176082213904,0.5283423320323252,-0.6209409236907959,0.0,4.293780326843262,-0.9836916923522949
1.125,90,flat_plate,main_wing,segment_0,main_wing:segment_0:orig:0,orig,0,0.3261663019657135,0.3261663019657135,0.0,0.652332603931427,1.0,0.652332603931427,7.131910800933838,7.131910800933838,9.898537635803223,1.4410029164586016,71.22507723848588,2.1600267093242396,1.4245015447697176,-10.664320945739746,0.0,45.243961334228516,0.0652332603931427
1.125,90,flat_plate,main_wing,segment_0,main_wing:segment_0:orig:1,orig,1,0.9455074667930603,0.9455074667930603,0.652332603931427,1.2386823892593384,1.0,0.5863497853279114,7.099149703979492,7.099149703979492,9.898436546325684,1.4343981841485276,70.88820830887975,2.206544066249891,1.417764166177595,-9.508166313171387,0.0,40.48384475708008,0.18910149335861207
1.125,90,flat_plate,main_wing,segment_0,main_wing:segment_0:orig:2,orig,2,1.5022028684616089,1.5022028684616089,1.2386823892593384,1.765723466873169,1.0,0.5270410776138306,7.038186550140381,7.038186550140381,9.89806079864502,1.4221344348791762,70.26027934211155,2.2916644016251575,1.4052055868422308,-8.417436599731445,0.0,36.08088684082031,0.3004405736923218
1.125,90,flat_plate,main_wing,segment_0,main_wing:segment_0:orig:3,orig,3,2.002588987350464,2.002588987350464,1.765723466873169,2.239454746246338,1.0,0.47373127937316895,6.949886322021484,6.949886322021484,9.897195816040039,1.4044152406802028,69.34937878521798,2.409146537450233,1.3869875757043595,-7.400574684143066,0.0,32.0289192199707,0.40051779747009275
1.125,90,flat_plate,main_wing,segment_0,main_wing:segment_0:orig:4,orig,4,2.452361822128296,2.452361822128296,2.239454746246338,2.665268659591675,1.0,0.4258139133453369,6.832480430603027,6.832480430603027,9.895570755004883,1.3809168970162462,68.13670101176574,2.55372338550738,1.3627340202353146,-6.458902359008789,0.0,28.306385040283203,0.49047236442565917
1.125,90,flat_plate,main_wing,segment_0,main_wing:segment_0:orig:5,orig,5,2.856640338897705,2.856640338897705,2.665268659591675,3.0480120182037354,1.0,0.38274335861206055,6.68218469619751,6.68218469619751,9.892840385437012,1.350913273812479,66.58310682656212,2.720345685677628,1.3316621365312422,-5.590090751647949,0.0,24.88536834716797,0.571328067779541
1.125,90,flat_plate,main_wing,segment_0,main_wing:segment_0:orig:6,orig,6,3.2200264930725098,3.2200264930725098,3.0480120182037354,3.392040967941284,1.0,0.34402894973754883,6.493348121643066,6.493348121643066,9.88857650756836,1.313302903946446,64.63085403639836,2.902514150346016,1.2926170807279673,-4.790287494659424,0.0,21.735692977905273,0.644005298614502
1.125,90,flat_plate,main_wing,segment_0,main_wing:segment_0:orig:7,orig,7,3.546656608581543,3.546656608581543,3.392040967941284,3.7012720108032227,1.0,0.3092310428619385,6.2580885887146,6.2580885887146,9.882206916809082,1.2665366433625145,62.200335715638694,3.091102447720686,1.244006714312774,-4.054902076721191,0.0,18.826278686523438,0.7093313217163086
1.125,90,flat_plate,main_wing,segment_0,main_wing:segment_0:orig:8,orig,8,3.8402483463287354,3.8402483463287354,3.7012720108032227,3.979224443435669,1.0,0.2779524326324463,5.9658203125,5.9658203125,9.872969627380371,1.208515884816498,59.18602895731995,3.2736535154294897,1.183720579146399,-3.3788912296295166,0.0,16.1258544921875,0.768049669265747
1.125,90,flat_plate,main_wing,segment_0,main_wing:segment_0:orig:9,orig,9,4.1041436195373535,4.1041436195373535,3.979224443435669,4.229062557220459,1.0,0.24983811378479004,5.601805686950684,5.601805686950684,9.859859466552734,1.1362850973593484,55.44319652480837,3.431983860854657,1.1088639304961674,-2.756891965866089,0.0,13.60175609588623,0.8208287239074707
1.125,90,flat_plate,main_wing,segment_0,main_wing:segment_0:orig:10,orig,10,4.34134578704834,4.34134578704834,4.229062557220459,4.453629493713379,1.0,0.22456693649291992,5.145040512084961,5.145040512084961,9.84140396118164,1.0455907576559238,50.76858637280912,3.5412145802289228,1.0153717274561824,-2.1826393604278564,0.0,11.218291282653809,0.8682691574096679
1.125,90,flat_plate,main_wing,segment_0,main_wing:segment_0:orig:11,orig,11,4.554555416107178,4.554555416107178,4.453629493713379,4.655481815338135,1.0,0.20185232162475586,4.5633544921875,4.5633544921875,9.815210342407227,0.9298536318618141,44.85405122216051,3.5671590572608842,0.8970810244432101,-1.6478157043457031,0.0,8.931750297546387,0.9109110832214355
1.125,90,flat_plate,main_wing,segment_0,main_wing:segment_0:orig:12,orig,12,4.746199131011963,4.746199131011963,4.655481815338135,4.836916923522949,1.0,0.18143510818481445,3.804884910583496,3.804884910583496,9.775734901428223,0.7784345522764958,37.202180964095206,3.4707450567250087,0.7440436192819041,-1.138714075088501,0.0,6.682770729064941,0.9492398262023926
1.125,90,flat_plate,main_wing,segment_0,main_wing:segment_0:orig:13,orig,13,4.918458461761475,4.918458461761475,4.836916923522949,5.0,1.0,0.16308307647705078,2.7261757850646973,2.7261757850646973,9.7074613571167,0.5616660596987271,26.41649745227859,3.1365898161202477,0.5283299490455718,-0.6209191679954529,0.0,4.293681621551514,0.9836916923522949
1.1875,95,flat_plate,main_wing,segment_0,main_wing:segment_0:mirror:0,mirror,0,-0.3261663019657135,0.3261663019657135,-0.652332603931427,0.0,1.0,0.652332603931427,-7.139764308929443,7.139764308929443,9.898970603942871,1.4425266211186838,71.30834462428419,2.1484368770731117,1.4261668924856838,-10.68568229675293,0.0,45.294471740722656,-0.0652332603931427
1.1875,95,flat_plate,main_wing,segment_0,main_wing:segment_0:mirror:1,mirror,1,-0.9455074667930603,0.9455074667930603,-1.2386823892593384,-0.652332603931427,1.0,0.5863497853279114,-7.106939315795898,7.106939315795898,9.898865699768066,1.4359098368134071,70.9707727880618,2.195172305513715,1.419415455761236,-9.52713680267334,0.0,40.52888107299805,-0.18910149335861207
1.1875,95,flat_plate,main_wing,segment_0,main_wing:segment_0:mirror:2,mirror,2,-1.5022028684616089,1.5022028684616089,-1.765723466873169,-1.2386823892593384,1.0,0.5270410776138306,-7.045842170715332,7.045842170715332,9.898479461669922,1.4236211123130753,70.34133527418489,2.2807256951279125,1.4068267054836978,-8.434062004089355,0.0,36.12065887451172,-0.3004405736923218
1.1875,95,flat_plate,main_wing,segment_0,main_wing:segment_0:mirror:3,mirror,3,-2.002588987350464,2.002588987350464,-2.239454746246338,-1.765723466873169,1.0,0.47373127937316895,-6.9573564529418945,6.9573564529418945,9.897594451904297,1.4058681605414332,69.42832705159513,2.39859379062393,1.3885665410319026,-7.415083408355713,0.0,32.063751220703125,-0.40051779747009275
1.1875,95,flat_plate,main_wing,segment_0,main_wing:segment_0:mirror:4,mirror,4,-2.452361822128296,2.452361822128296,-2.665268659591675,-2.239454746246338,1.0,0.4258139133453369,-6.839688301086426,6.839688301086426,9.89594841003418,1.3823209292706493,68.212749048758,2.543855836982252,1.36425498097516,-6.471342086791992,0.0,28.336576461791992,-0.49047236442565917
1.1875,95,flat_plate,main_wing,segment_0,main_wing:segment_0:mirror:5,mirror,5,-2.856640338897705,2.856640338897705,-3.0480120182037354,-2.665268659591675,1.0,0.38274335861206055,-6.689081192016602,6.689081192016602,9.893194198608398,1.3522591506305424,66.65573520896803,2.710996386478225,1.3331147041793605,-5.600741863250732,0.0,24.911293029785156,-0.571328067779541
1.1875,95,flat_plate,main_wing,segment_0,main_wing:segment_0:mirror:6,mirror,6,-3.2200264930725098,3.2200264930725098,-3.392040967941284,-3.0480120182037354,1.0,0.34402894973754883,-6.499891757965088,6.499891757965088,9.888897895812988,1.3145836525862353,64.69950852155606,2.8940897500302953,1.2939901704311212,-4.799200057983398,0.0,21.75775718688965,-0.644005298614502
1.1875,95,flat_plate,main_wing,segment_0,main_wing:segment_0:mirror:7,mirror,7,-3.546656608581543,3.546656608581543,-3.7012720108032227,-3.392040967941284,1.0,0.3092310428619385,-6.264263153076172,6.264263153076172,9.882488250732422,1.2677501848002517,62.2648105310709,3.083836879989135,1.245296210621418,-4.062232494354248,0.0,18.844955444335938,-0.7093313217163086
1.1875,95,flat_plate,main_wing,segment_0,main_wing:segment_0:mirror:8,mirror,8,-3.8402483463287354,3.8402483463287354,-3.979224443435669,-3.7012720108032227,1.0,0.2779524326324463,-5.971507549285889,5.971507549285889,9.873224258422852,1.209636769709063,59.245182113060615,3.2673037857639877,1.1849036422612123,-3.3848514556884766,0.0,16.141279220581055,-0.768049669265747
1.1875,95,flat_plate,main_wing,segment_0,main_wing:segment_0:mirror:9,mirror,9,-4.1041436195373535,4.1041436195373535,-4.229062557220459,-3.979224443435669,1.0,0.24983811378479004,-5.60697078704834,5.60697078704834,9.860074996948242,1.1373079390945269,55.496646393704744,3.4270672419089436,1.1099329278740948,-2.7615346908569336,0.0,13.614336967468262,-0.8208287239074707
1.1875,95,flat_plate,main_wing,segment_0,main_wing:segment_0:mirror:10,mirror,10,-4.34134578704834,4.34134578704834,-4.453629493713379,-4.229062557220459,1.0,0.22456693649291992,-5.149707317352295,5.149707317352295,9.841570854187012,1.0465214128212867,50.81644441752893,3.5377951076270358,1.0163288883505786,-2.1861627101898193,0.0,11.228473663330078,-0.8682691574096679
1.1875,95,flat_plate,main_wing,segment_0,main_wing:segment_0:mirror:11,mirror,11,-4.554555416107178,4.554555416107178,-4.655481815338135,-4.453629493713379,1.0,0.20185232162475586,-4.5674285888671875,4.5674285888671875,9.815305709838867,0.9306747489869408,44.89535684413784,3.5646810756659844,0.8979071368827567,-1.6504567861557007,0.0,8.939674377441406,-0.9109110832214355
1.1875,95,flat_plate,main_wing,segment_0,main_wing:segment_0:mirror:12,mirror,12,-4.746199131011963,4.746199131011963,-4.836916923522949,-4.655481815338135,1.0,0.18143510818481445,-3.8082504272460938,3.8082504272460938,9.775737762451172,0.7791228692475097,37.235787401280064,3.469643948355944,0.7447157480256013,-1.140485167503357,0.0,6.688608646392822,-0.9492398262023926
1.1875,95,flat_plate,main_wing,segment_0,main_wing:segment_0:mirror:13,mirror,13,-4.918458461761475,4.918458461761475,-5.0,-4.836916923522949,1.0,0.16308307647705078,-2.728572368621826,2.728572368621826,9.707324981689453,0.5621677184535647,26.439885999487792,3.1368885809207576,0.5287977199897559,-0.6218593120574951,0.0,4.2973785400390625,-0.9836916923522949
1.1875,95,flat_plate,main_wing,segment_0,main_wing:segment_0:orig:0,orig,0,0.3261663019657135,0.3261663019657135,0.0,0.652332603931427,1.0,0.652332603931427,7.139745712280273,7.139745712280273,9.898969650268555,1.4425230028029383,71.30814868210257,2.1484903206942416,1.4261629736420514,-10.685615539550781,0.0,45.29435729980469,0.0652332603931427
1.1875,95,flat_plate,main_wing,segment_0,main_wing:segment_0:orig:1,orig,1,0.9455074667930603,0.9455074667930603,0.652332603931427,1.2386823892593384,1.0,0.5863497853279114,7.1068854331970215,7.1068854331970215,9.89886474609375,1.435899088529624,70.97021157238999,2.1952307237703943,1.4194042314477997,-9.527018547058105,0.0,40.52857208251953,0.18910149335861207
1.1875,95,flat_plate,main_wing,segment_0,main_wing:segment_0:orig:2,orig,2,1.5022028684616089,1.5022028684616089,1.2386823892593384,1.765723466873169,1.0,0.5270410776138306,7.0457611083984375,7.0457611083984375,9.898478507995605,1.4236048707298088,70.34049591188439,2.280837986179019,1.4068099182376879,-8.433890342712402,0.0,36.12024688720703,0.3004405736923218
1.1875,95,flat_plate,main_wing,segment_0,main_wing:segment_0:orig:3,orig,3,2.002588987350464,2.002588987350464,1.765723466873169,2.239454746246338,1.0,0.47373127937316895,6.957246780395508,6.957246780395508,9.897594451904297,1.4058459990865626,69.4272147850333,2.3987313423076655,1.388544295700666,-7.414884090423584,0.0,32.06325912475586,0.40051779747009275
1.1875,95,flat_plate,main_wing,segment_0,main_wing:segment_0:orig:4,orig,4,2.452361822128296,2.452361822128296,2.239454746246338,2.665268659591675,1.0,0.4258139133453369,6.839559555053711,6.839559555053711,9.895944595336914,1.3822954421706428,68.21143491749933,2.543966288594008,1.3642286983499867,-6.471151828765869,0.0,28.336048126220703,0.49047236442565917
1.1875,95,flat_plate,main_wing,segment_0,main_wing:segment_0:orig:5,orig,5,2.856640338897705,2.856640338897705,2.665268659591675,3.0480120182037354,1.0,0.38274335861206055,6.688962936401367,6.688962936401367,9.893187522888184,1.3522361566332899,66.65449211052827,2.711130202852429,1.3330898422105653,-5.600569248199463,0.0,24.910846710205078,0.571328067779541
1.1875,95,flat_plate,main_wing,segment_0,main_wing:segment_0:orig:6,orig,6,3.2200264930725098,3.2200264930725098,3.0480120182037354,3.392040967941284,1.0,0.34402894973754883,6.499768257141113,6.499768257141113,9.888894081115723,1.3145591820127518,64.69823886626921,2.89413697856381,1.2939647773253842,-4.799071311950684,0.0,21.757339477539062,0.644005298614502
1.1875,95,flat_plate,main_wing,segment_0,main_wing:segment_0:orig:7,orig,7,3.546656608581543,3.546656608581543,3.392040967941284,3.7012720108032227,1.0,0.3092310428619385,6.264136791229248,6.264136791229248,9.882489204406738,1.2677244895822366,62.26355262095672,3.0838366655600993,1.2452710524191344,-4.062131881713867,0.0,18.844579696655273,0.7093313217163086
1.1875,95,flat_plate,main_wing,segment_0,main_wing:segment_0:orig:8,orig,8,3.8402483463287354,3.8402483463287354,3.7012720108032227,3.979224443435669,1.0,0.2779524326324463,5.971428871154785,5.971428871154785,9.87321662902832,1.2096217667498839,59.2443412023245,3.267446107307858,1.18488682404649,-3.3847527503967285,0.0,16.141063690185547,0.768049669265747
1.1875,95,flat_plate,main_wing,segment_0,main_wing:segment_0:orig:9,orig,9,4.1041436195373535,4.1041436195373535,3.979224443435669,4.229062557220459,1.0,0.24983811378479004,5.606930255889893,5.606930255889893,9.86007022857666,1.1373002678296897,55.49619017971824,3.427147530729833,1.1099238035943648,-2.7614858150482178,0.0,13.614232063293457,0.8208287239074707
1.1875,95,flat_plate,main_wing,segment_0,main_wing:segment_0:orig:10,orig,10,4.34134578704834,4.34134578704834,4.229062557220459,4.453629493713379,1.0,0.22456693649291992,5.149686336517334,5.149686336517334,9.84156322479248,1.0465179603875217,50.81616041410188,3.53806743450422,1.0163232082820377,-2.186087131500244,0.0,11.22842788696289,0.8682691574096679
1.1875,95,flat_plate,main_wing,segment_0,main_wing:segment_0:orig:11,orig,11,4.554555416107178,4.554555416107178,4.453629493713379,4.655481815338135,1.0,0.20185232162475586,4.567365646362305,4.567365646362305,9.815303802490234,0.9306621044584522,44.894716777844486,3.5647150041962092,0.8978943355568897,-1.6504167318344116,0.0,8.93955135345459,0.9109110832214355
1.1875,95,flat_plate,main_wing,segment_0,main_wing:segment_0:orig:12,orig,12,4.746199131011963,4.746199131011963,4.655481815338135,4.836916923522949,1.0,0.18143510818481445,3.808189868927002,3.808189868927002,9.775739669799805,0.7791103277211123,37.235197244973556,3.4696429456770295,0.7447039448994711,-1.1404576301574707,0.0,6.688505172729492,0.9492398262023926
1.1875,95,flat_plate,main_wing,segment_0,main_wing:segment_0:orig:13,orig,13,4.918458461761475,4.918458461761475,4.836916923522949,5.0,1.0,0.16308307647705078,2.7285265922546387,2.7285265922546387,9.707332611083984,0.5621578453259476,26.4394576571336,3.1368491044241327,0.528789153142672,-0.6218474507331848,0.0,4.297309398651123,0.9836916923522949
1.25,100,flat_plate,main_wing,segment_0,main_wing:segment_0:mirror:0,mirror,0,-0.3261663019657135,0.3261663019657135,-0.652332603931427,0.0,1.0,0.652332603931427,-7.146516799926758,7.146516799926758,9.899368286132812,1.4438328978906076,71.38005394199033,2.1388385130263092,1.4276010788398066,-10.703837394714355,0.0,45.338035583496094,-0.0652332603931427
1.25,100,flat_plate,main_wing,segment_0,main_wing:segment_0:mirror:1,mirror,1,-0.9455074667930603,0.9455074667930603,-1.2386823892593384,-0.652332603931427,1.0,0.5863497853279114,-7.113615036010742,7.113615036010742,9.89925765991211,1.4372017135826123,71.04162506911987,2.18573398183472,1.4208325013823975,-9.543234825134277,0.0,40.56757736206055,-0.18910149335861207
1.25,100,flat_plate,main_wing,segment_0,main_wing:segment_0:mirror:2,mirror,2,-1.5022028684616089,1.5022028684616089,-1.765723466873169,-1.2386823892593384,1.0,0.5270410776138306,-7.052400588989258,7.052400588989258,9.898859024047852,1.4248916106101657,70.4108333477091,2.2715888001378803,1.408216666954182,-8.448193550109863,0.0,36.15479278564453,-0.3004405736923218
1.25,100,flat_plate,main_wing,segment_0,main_wing:segment_0:mirror:3,mirror,3,-2.002588987350464,2.002588987350464,-2.239454746246338,-1.765723466873169,1.0,0.47373127937316895,-6.963741779327393,6.963741779327393,9.897957801818848,1.4071067827845731,69.49588063901554,2.390027268642944,1.3899176127803108,-7.427286148071289,0.0,32.09361267089844,-0.40051779747009275
1.25,100,flat_plate,main_wing,segment_0,main_wing:segment_0:mirror:4,mirror,4,-2.452361822128296,2.452361822128296,-2.665268659591675,-2.239454746246338,1.0,0.4258139133453369,-6.845868110656738,6.845868110656738,9.89628791809082,1.3835224211983992,68.27798078956913,2.5358305643519405,1.3655596157913825,-6.481832027435303,0.0,28.36252212524414,-0.49047236442565917
1.25,100,flat_plate,main_wing,segment_0,main_wing:segment_0:mirror:5,mirror,5,-2.856640338897705,2.856640338897705,-3.0480120182037354,-2.665268659591675,1.0,0.38274335861206055,-6.695016384124756,6.695016384124756,9.893505096435547,1.353416472497063,66.71817623093203,2.7036999296748623,1.3343635246186407,-5.609624862670898,0.0,24.93365478515625,-0.571328067779541
1.25,100,flat_plate,main_wing,segment_0,main_wing:segment_0:mirror:6,mirror,6,-3.2200264930725098,3.2200264930725098,-3.392040967941284,-3.0480120182037354,1.0,0.34402894973754883,-6.505539894104004,6.505539894104004,9.889184951782227,1.3156877792909671,64.75869722307243,2.8874897590059265,1.2951739444614487,-4.806663513183594,0.0,21.776838302612305,-0.644005298614502
1.25,100,flat_plate,main_wing,segment_0,main_wing:segment_0:mirror:7,mirror,7,-3.546656608581543,3.546656608581543,-3.7012720108032227,-3.392040967941284,1.0,0.3092310428619385,-6.269598007202148,6.269598007202148,9.882755279541016,1.2687955595098632,62.320492937241234,3.0780228205235693,1.2464098587448247,-4.06842565536499,0.0,18.861122131347656,-0.7093313217163086
1.25,100,flat_plate,main_wing,segment_0,main_wing:segment_0:mirror:8,mirror,8,-3.8402483463287354,3.8402483463287354,-3.979224443435669,-3.7012720108032227,1.0,0.2779524326324463,-5.976538181304932,5.976538181304932,9.87344741821289,1.2106284518779955,59.29731715887015,3.2624356268579144,1.185946343177403,-3.389909029006958,0.0,16.154926300048828,-0.768049669265747
1.25,100,flat_plate,main_wing,segment_0,main_wing:segment_0:mirror:9,mirror,9,-4.1041436195373535,4.1041436195373535,-4.229062557220459,-3.979224443435669,1.0,0.24983811378479004,-5.6116437911987305,5.6116437911987305,9.86026382446289,1.1382340049110011,55.544699688818795,3.423073733983077,1.110893993776376,-2.7656056880950928,0.0,13.625675201416016,-0.8208287239074707
1.25,100,flat_plate,main_wing,segment_0,main_wing:segment_0:mirror:10,mirror,10,-4.34134578704834,4.34134578704834,-4.453629493713379,-4.229062557220459,1.0,0.22456693649291992,-5.1539483070373535,5.1539483070373535,9.841707229614258,1.047368751537097,50.859664927637745,3.5350125299076947,1.017193298552755,-2.1892783641815186,0.0,11.237687110900879,-0.8682691574096679
1.25,100,flat_plate,main_wing,segment_0,main_wing:segment_0:mirror:11,mirror,11,-4.554555416107178,4.554555416107178,-4.655481815338135,-4.453629493713379,1.0,0.20185232162475586,-4.571097373962402,4.571097373962402,9.815382957458496,0.9314149827417432,44.9323845903952,3.5627797942460795,0.898647691807904,-1.6527619361877441,0.0,8.946794509887695,-0.9109110832214355
1.25,100,flat_plate,main_wing,segment_0,main_wing:segment_0:mirror:12,mirror,12,-4.746199131011963,4.746199131011963,-4.836916923522949,-4.655481815338135,1.0,0.18143510818481445,-3.81126070022583,3.81126070022583,9.775733947753906,0.7797390396659708,37.265765773178856,3.468770598737314,0.7453153154635771,-1.1420459747314453,0.0,6.693821430206299,-0.9492398262023926
1.25,100,flat_plate,main_wing,segment_0,main_wing:segment_0:mirror:13,mirror,13,-4.918458461761475,4.918458461761475,-5.0,-4.836916923522949,1.0,0.16308307647705078,-2.7307000160217285,2.7307000160217285,9.707197189331055,0.5626134841523514,26.46062492521724,3.137179653864859,0.5292124985043448,-0.6226888298988342,0.0,4.300657749176025,-0.9836916923522949
1.25,100,flat_plate,main_wing,segment_0,main_wing:segment_0:orig:0,orig,0,0.3261663019657135,0.3261663019657135,0.0,0.652332603931427,1.0,0.652332603931427,7.146503448486328,7.146503448486328,9.899367332458496,1.443830339551912,71.37990813407484,2.1388630116153844,1.4275981626814969,-10.703797340393066,0.0,45.337947845458984,0.0652332603931427
1.25,100,flat_plate,main_wing,segment_0,main_wing:segment_0:orig:1,orig,1,0.9455074667930603,0.9455074667930603,0.652332603931427,1.2386823892593384,1.0,0.5863497853279114,7.113567352294922,7.113567352294922,9.899256706237793,1.4371922182425005,71.04112290639779,2.1858233777967904,1.4208224581279558,-9.543107986450195,0.0,40.56730651855469,0.18910149335861207
1.25,100,flat_plate,main_wing,segment_0,main_wing:segment_0:orig:2,orig,2,1.5022028684616089,1.5022028684616089,1.2386823892593384,1.765723466873169,1.0,0.5270410776138306,7.052320957183838,7.052320957183838,9.898857116699219,1.4248757960727974,70.41001960905281,2.2717173236210266,1.4082003921810562,-8.448017120361328,0.0,36.154396057128906,0.3004405736923218
1.25,100,flat_plate,main_wing,segment_0,main_wing:segment_0:orig:3,orig,3,2.002588987350464,2.002588987350464,1.765723466873169,2.239454746246338,1.0,0.47373127937316895,6.963639259338379,6.963639259338379,9.897958755493164,1.4070859318288635,69.49481544967472,2.390269136232291,1.3898963089934944,-7.427044868469238,0.0,32.09315490722656,0.40051779747009275
1.25,100,flat_plate,main_wing,segment_0,main_wing:segment_0:orig:4,orig,4,2.452361822128296,2.452361822128296,2.239454746246338,2.665268659591675,1.0,0.4258139133453369,6.845768928527832,6.845768928527832,9.896288871765137,1.3835022435651267,68.27692230355586,2.536181096500111,1.3655384460711173,-6.481571197509766,0.0,28.362125396728516,0.49047236442565917
1.25,100,flat_plate,main_wing,segment_0,main_wing:segment_0:orig:5,orig,5,2.856640338897705,2.856640338897705,2.665268659591675,3.0480120182037354,1.0,0.38274335861206055,6.69489860534668,6.69489860534668,9.893505096435547,1.353392663184402,66.71693329288482,2.70396792707616,1.3343386658576963,-5.609402656555176,0.0,24.9332218170166,0.571328067779541
1.25,100,flat_plate,main_wing,segment_0,main_wing:segment_0:orig:6,orig,6,3.2200264930725098,3.2200264930725098,3.0480120182037354,3.392040967941284,1.0,0.34402894973754883,6.505424499511719,6.505424499511719,9.88918399810791,1.3156645686350656,64.75751481347433,2.887746906112385,1.2951502962694865,-4.8064727783203125,0.0,21.77646827697754,0.644005298614502
1.25,100,flat_plate,main_wing,segment_0,main_wing:segment_0:orig:7,orig,7,3.546656608581543,3.546656608581543,3.392040967941284,3.7012720108032227,1.0,0.3092310428619385,6.269492149353027,6.269492149353027,9.882753372192383,1.2687743816402064,62.31940603692799,3.078218490153913,1.2463881207385596,-4.068280220031738,0.0,18.86081314086914,0.7093313217163086
1.25,100,flat_plate,main_wing,segment_0,main_wing:segment_0:orig:8,orig,8,3.8402483463287354,3.8402483463287354,3.7012720108032227,3.979224443435669,1.0,0.2779524326324463,5.976474761962891,5.976474761962891,9.873445510864258,1.2106158393008133,59.29663053812958,3.2627445019926222,1.1859326107625916,-3.3897767066955566,0.0,16.15476417541504,0.768049669265747
1.25,100,flat_plate,main_wing,segment_0,main_wing:segment_0:orig:9,orig,9,4.1041436195373535,4.1041436195373535,3.979224443435669,4.229062557220459,1.0,0.24983811378479004,5.611599922180176,5.611599922180176,9.860258102416992,1.1382257672960172,55.544174564897844,3.423411198180493,1.1108834912979568,-2.7654902935028076,0.0,13.625570297241211,0.8208287239074707
1.25,100,flat_plate,main_wing,segment_0,main_wing:segment_0:orig:10,orig,10,4.34134578704834,4.34134578704834,4.229062557220459,4.453629493713379,1.0,0.22456693649291992,5.153905868530273,5.153905868530273,9.841704368591309,1.0473604317923597,50.85918045635727,3.535015711390625,1.0171836091271453,-2.1892495155334473,0.0,11.237582206726074,0.8682691574096679
1.25,100,flat_plate,main_wing,segment_0,main_wing:segment_0:orig:11,orig,11,4.554555416107178,4.554555416107178,4.453629493713379,4.655481815338135,1.0,0.20185232162475586,4.571050643920898,4.571050643920898,9.815381050109863,0.9314056419378104,44.931894533534866,3.562965805721795,0.8986378906706973,-1.6527000665664673,0.0,8.946708679199219,0.9109110832214355
1.25,100,flat_plate,main_wing,segment_0,main_wing:segment_0:orig:12,orig,12,4.746199131011963,4.746199131011963,4.655481815338135,4.836916923522949,1.0,0.18143510818481445,3.8112103939056396,3.8112103939056396,9.775736808776855,0.77972851938564,37.26527409950781,3.4688082282368993,0.7453054819901562,-1.1420162916183472,0.0,6.693737030029297,0.9492398262023926
1.25,100,flat_plate,main_wing,segment_0,main_wing:segment_0:orig:13,orig,13,4.918458461761475,4.918458461761475,4.836916923522949,5.0,1.0,0.16308307647705078,2.7306580543518066,2.7306580543518066,9.707204818725586,0.5626043964961486,26.460231920095314,3.137121267499603,0.5292046384019062,-0.6226814389228821,0.0,4.300593376159668,0.9836916923522949
1.3125,105,flat_plate,main_wing,segment_0,main_wing:segment_0:mirror:0,mirror,0,-0.3261663019657135,0.3261663019657135,-0.652332603931427,0.0,1.0,0.652332603931427,-7.152410507202148,7.152410507202148,9.899707794189453,1.4449740650729497,71.44260585007567,2.1302705439583924,1.4288521170015134,-10.719797134399414,0.0,45.37600326538086,-0.0652332603931427
1.3125,105,flat_plate,main_wing,segment_0,main_wing:segment_0:mirror:1,mirror,1,-0.9455074667930603,0.9455074667930603,-1.2386823892593384,-0.652332603931427,1.0,0.5863497853279114,-7.119418144226074,7.119418144226074,9.899592399597168,1.4383255101524737,71.10319980669298,2.177337382242156,1.4220639961338597,-9.557334899902344,0.0,40.60117721557617,-0.18910149335861207
1.3125,105,flat_plate,main_wing,segment_0,main_wing:segment_0:mirror:2,mirror,2,-1.5022028684616089,1.5022028684616089,-1.765723466873169,-1.2386823892593384,1.0,0.5270410776138306,-7.058034896850586,7.058034896850586,9.899179458618164,1.425983825498972,70.47056803201063,2.2635412387698426,1.4094113606402126,-8.46043872833252,0.0,36.184104919433594,-0.3004405736923218
1.3125,105,flat_plate,main_wing,segment_0,main_wing:segment_0:mirror:3,mirror,3,-2.002588987350464,2.002588987350464,-2.239454746246338,-1.765723466873169,1.0,0.47373127937316895,-6.9691643714904785,6.9691643714904785,9.89826774597168,1.4081583869716467,69.55331128853264,2.382465354708352,1.3910662257706528,-7.437788009643555,0.0,32.11896514892578,-0.40051779747009275
1.3125,105,flat_plate,main_wing,segment_0,main_wing:segment_0:mirror:4,mirror,4,-2.452361822128296,2.452361822128296,-2.665268659591675,-2.239454746246338,1.0,0.4258139133453369,-6.851062297821045,6.851062297821045,9.896587371826172,1.3845302507659971,68.33289637437144,2.528836727146831,1.3666579274874289,-6.490760803222656,0.0,28.38433837890625,-0.49047236442565917
1.3125,105,flat_plate,main_wing,segment_0,main_wing:segment_0:mirror:5,mirror,5,-2.856640338897705,2.856640338897705,-3.0480120182037354,-2.665268659591675,1.0,0.38274335861206055,-6.699965476989746,6.699965476989746,9.893783569335938,1.3543788238414927,66.77034546589043,2.6973850948275837,1.3354069093178085,-5.617127418518066,0.0,24.952316284179688,-0.571328067779541
1.3125,105,flat_plate,main_wing,segment_0,main_wing:segment_0:mirror:6,mirror,6,-3.2200264930725098,3.2200264930725098,-3.392040967941284,-3.0480120182037354,1.0,0.34402894973754883,-6.510222911834717,6.510222911834717,9.889436721801758,1.3166013585956022,64.8079306158216,2.881734964593745,1.2961586123164321,-4.812959671020508,0.0,21.792686462402344,-0.644005298614502
1.3125,105,flat_plate,main_wing,segment_0,main_wing:segment_0:mirror:7,mirror,7,-3.546656608581543,3.546656608581543,-3.7012720108032227,-3.392040967941284,1.0,0.3092310428619385,-6.273992538452148,6.273992538452148,9.882979393005371,1.2696561004452838,62.36649307736193,3.072882247841772,1.2473298615472386,-4.073642730712891,0.0,18.87445068359375,-0.7093313217163086
1.3125,105,flat_plate,main_wing,segment_0,main_wing:segment_0:mirror:8,mirror,8,-3.8402483463287354,3.8402483463287354,-3.979224443435669,-3.7012720108032227,1.0,0.2779524326324463,-5.980647087097168,5.980647087097168,9.873641967773438,1.2114368956495265,59.34008706881436,3.2581839400064387,1.1868017413762872,-3.394127368927002,0.0,16.16610336303711,-0.768049669265747
1.3125,105,flat_plate,main_wing,segment_0,main_wing:segment_0:mirror:9,mirror,9,-4.1041436195373535,4.1041436195373535,-4.229062557220459,-3.979224443435669,1.0,0.24983811378479004,-5.615442276000977,5.615442276000977,9.860416412353516,1.1389868421714382,55.58391815759231,3.419620496127694,1.111678363151846,-2.768975019454956,0.0,13.634916305541992,-0.8208287239074707
1.3125,105,flat_plate,main_wing,segment_0,main_wing:segment_0:mirror:10,mirror,10,-4.34134578704834,4.34134578704834,-4.453629493713379,-4.229062557220459,1.0,0.22456693649291992,-5.157392978668213,5.157392978668213,9.84182357788086,1.0480563765152764,50.894915882724256,3.532044379445933,1.0178983176544851,-2.1919710636138916,0.0,11.245161056518555,-0.8682691574096679
1.3125,105,flat_plate,main_wing,segment_0,main_wing:segment_0:mirror:11,mirror,11,-4.554555416107178,4.554555416107178,-4.655481815338135,-4.453629493713379,1.0,0.20185232162475586,-4.574117183685303,4.574117183685303,9.815448760986328,0.932024056172784,44.96293680108827,3.560967845888861,0.8992587360217654,-1.654711365699768,0.0,8.952656745910645,-0.9109110832214355
1.3125,105,flat_plate,main_wing,segment_0,main_wing:segment_0:mirror:12,mirror,12,-4.746199131011963,4.746199131011963,-4.836916923522949,-4.655481815338135,1.0,0.18143510818481445,-3.813760995864868,3.813760995864868,9.775732040405273,0.7802507229334328,37.290702291043594,3.4678570590516387,0.7458140458208719,-1.1433770656585693,0.0,6.698148727416992,-0.9492398262023926
1.3125,105,flat_plate,main_wing,segment_0,main_wing:segment_0:mirror:13,mirror,13,-4.918458461761475,4.918458461761475,-5.0,-4.836916923522949,1.0,0.16308307647705078,-2.732485294342041,2.732485294342041,9.707094192504883,0.5629872833523896,26.478019365947087,3.1373563064977117,0.5295603873189417,-0.6233952045440674,0.0,4.303405284881592,-0.9836916923522949
1.3125,105,flat_plate,main_wing,segment_0,main_wing:segment_0:orig:0,orig,0,0.3261663019657135,0.3261663019657135,0.0,0.652332603931427,1.0,0.652332603931427,7.152405261993408,7.152405261993408,9.899706840515137,1.4449731446029828,71.44254333796218,2.1302553074047896,1.4288508667592437,-10.719796180725098,0.0,45.37596130371094,0.0652332603931427
1.3125,105,flat_plate,main_wing,segment_0,main_wing:segment_0:orig:1,orig,1,0.9455074667930603,0.9455074667930603,0.652332603931427,1.2386823892593384,1.0,0.5863497853279114,7.119408130645752,7.119408130645752,9.899592399597168,1.4383234871236625,71.1030967344148,2.1773198671185856,1.4220619346882961,-9.557329177856445,0.0,40.60111618041992,0.18910149335861207
1.3125,105,flat_plate,main_wing,segment_0,main_wing:segment_0:orig:2,orig,2,1.5022028684616089,1.5022028684616089,1.2386823892593384,1.765723466873169,1.0,0.5270410776138306,7.0580220222473145,7.0580220222473145,9.899178504943848,1.425981361730652,70.47044031487033,2.2635145103430543,1.4094088062974066,-8.460434913635254,0.0,36.18403625488281,0.3004405736923218
1.3125,105,flat_plate,main_wing,segment_0,main_wing:segment_0:orig:3,orig,3,2.002588987350464,2.002588987350464,1.765723466873169,2.239454746246338,1.0,0.47373127937316895,6.969151020050049,6.969151020050049,9.898266792297363,1.4081558249113482,69.55317779618738,2.3824035339506953,1.3910635559237476,-7.43779993057251,0.0,32.118896484375,0.40051779747009275
1.3125,105,flat_plate,main_wing,segment_0,main_wing:segment_0:orig:4,orig,4,2.452361822128296,2.452361822128296,2.239454746246338,2.665268659591675,1.0,0.4258139133453369,6.851045608520508,6.851045608520508,9.896585464477539,1.3845271448645422,68.33272794478914,2.528773047322288,1.3666545588957828,-6.4907684326171875,0.0,28.384262084960938,0.49047236442565917
1.3125,105,flat_plate,main_wing,segment_0,main_wing:segment_0:orig:5,orig,5,2.856640338897705,2.856640338897705,2.665268659591675,3.0480120182037354,1.0,0.38274335861206055,6.699948310852051,6.699948310852051,9.893783569335938,1.3543753537559435,66.77018277226472,2.6973376318351336,1.3354036554452944,-5.617128849029541,0.0,24.952251434326172,0.571328067779541
1.3125,105,flat_plate,main_wing,segment_0,main_wing:segment_0:orig:6,orig,6,3.2200264930725098,3.2200264930725098,3.0480120182037354,3.392040967941284,1.0,0.34402894973754883,6.510205268859863,6.510205268859863,9.88943862915039,1.316597536622594,64.8077492036444,2.8817265334436013,1.296154984072888,-4.812946319580078,0.0,21.792625427246094,0.644005298614502
1.3125,105,flat_plate,main_wing,segment_0,main_wing:segment_0:orig:7,orig,7,3.546656608581543,3.546656608581543,3.392040967941284,3.7012720108032227,1.0,0.3092310428619385,6.2739763259887695,6.2739763259887695,9.882983207702637,1.269652329490742,62.3663344949551,3.072925961713411,1.247326689899102,-4.073616981506348,0.0,18.874406814575195,0.7093313217163086
1.3125,105,flat_plate,main_wing,segment_0,main_wing:segment_0:orig:8,orig,8,3.8402483463287354,3.8402483463287354,3.7012720108032227,3.979224443435669,1.0,0.2779524326324463,5.980635643005371,5.980635643005371,9.873645782470703,1.211434109500498,59.339966299523624,3.2582634712888456,1.1867993259904726,-3.394097328186035,0.0,16.16607666015625,0.768049669265747
1.3125,105,flat_plate,main_wing,segment_0,main_wing:segment_0:orig:9,orig,9,4.1041436195373535,4.1041436195373535,3.979224443435669,4.229062557220459,1.0,0.24983811378479004,5.615433692932129,5.615433692932129,9.860420227050781,1.1389846606186045,55.5838258559069,3.4196994993508287,1.111676517118138,-2.7689499855041504,0.0,13.634899139404297,0.8208287239074707
1.3125,105,flat_plate,main_wing,segment_0,main_wing:segment_0:orig:10,orig,10,4.34134578704834,4.34134578704834,4.229062557220459,4.453629493713379,1.0,0.22456693649291992,5.157382965087891,5.157382965087891,9.841827392578125,1.0480539353854454,50.894821967399565,3.5321159386714642,1.0178964393479912,-2.1919500827789307,0.0,11.245144844055176,0.8682691574096679
1.3125,105,flat_plate,main_wing,segment_0,main_wing:segment_0:orig:11,orig,11,4.554555416107178,4.554555416107178,4.453629493713379,4.655481815338135,1.0,0.20185232162475586,4.574108123779297,4.574108123779297,9.815450668334961,0.9320220290109661,44.96283812578702,3.561025780508409,0.8992567625157405,-1.65469491481781,0.0,8.952640533447266,0.9109110832214355
1.3125,105,flat_plate,main_wing,segment_0,main_wing:segment_0:orig:12,orig,12,4.746199131011963,4.746199131011963,4.655481815338135,4.836916923522949,1.0,0.18143510818481445,3.8137528896331787,3.8137528896331787,9.775733947753906,0.7802489122587946,37.29062299913315,3.467909275863406,0.745812459982663,-1.1433641910552979,0.0,6.698137283325195,0.9492398262023926
1.3125,105,flat_plate,main_wing,segment_0,main_wing:segment_0:orig:13,orig,13,4.918458461761475,4.918458461761475,4.836916923522949,5.0,1.0,0.16308307647705078,2.732480525970459,2.732480525970459,9.707098007202148,0.5629860796590503,26.47797346125934,3.137392060551543,0.5295594692251868,-0.6233876347541809,0.0,4.303399562835693,0.9836916923522949
1.375,110,flat_plate,main_wing,segment_0,main_wing:segment_0:mirror:0,mirror,0,-0.3261663019657135,0.3261663019657135,-0.652332603931427,0.0,1.0,0.652332603931427,-7.1574907302856445,7.1574907302856445,9.9000244140625,1.4459541574703147,71.49670244169664,2.122778824591867,1.4299340488339327,-10.733651161193848,0.0,45.4088249206543,-0.0652332603931427
1.375,110,flat_plate,main_wing,segment_0,main_wing:segment_0:mirror:1,mirror,1,-0.9455074667930603,0.9455074667930603,-1.2386823892593384,-0.652332603931427,1.0,0.5863497853279114,-7.124408721923828,7.124408721923828,9.899906158447266,1.4392881322101834,71.15634187569734,2.1699714695494334,1.4231268375139468,-9.569571495056152,0.0,40.630157470703125,-0.18910149335861207
1.375,110,flat_plate,main_wing,segment_0,main_wing:segment_0:mirror:2,mirror,2,-1.5022028684616089,1.5022028684616089,-1.765723466873169,-1.2386823892593384,1.0,0.5270410776138306,-7.06292724609375,7.06292724609375,9.899484634399414,1.4269282709023057,70.52263301591749,2.256347852486618,1.4104526603183498,-8.471202850341797,0.0,36.20962905883789,-0.3004405736923218
1.375,110,flat_plate,main_wing,segment_0,main_wing:segment_0:mirror:3,mirror,3,-2.002588987350464,2.002588987350464,-2.239454746246338,-1.765723466873169,1.0,0.47373127937316895,-6.973944187164307,6.973944187164307,9.898557662963867,1.4090829037159216,69.60407526172615,2.375578464606471,1.392081505234523,-7.4471635818481445,0.0,32.14134979248047,-0.40051779747009275
1.375,110,flat_plate,main_wing,segment_0,main_wing:segment_0:mirror:4,mirror,4,-2.452361822128296,2.452361822128296,-2.665268659591675,-2.239454746246338,1.0,0.4258139133453369,-6.855686187744141,6.855686187744141,9.896858215332031,1.385426776575103,68.38187488170571,2.5224362294855354,1.3676374976341144,-6.498791217803955,0.0,28.403778076171875,-0.49047236442565917
1.375,110,flat_plate,main_wing,segment_0,main_wing:segment_0:mirror:5,mirror,5,-2.856640338897705,2.856640338897705,-3.0480120182037354,-2.665268659591675,1.0,0.38274335861206055,-6.704436302185059,6.704436302185059,9.894039154052734,1.3552475784247993,66.81754815744141,2.691545183204865,1.3363509631488282,-5.62396240234375,0.0,24.969188690185547,-0.571328067779541
1.375,110,flat_plate,main_wing,segment_0,main_wing:segment_0:mirror:6,mirror,6,-3.2200264930725098,3.2200264930725098,-3.392040967941284,-3.0480120182037354,1.0,0.34402894973754883,-6.514514923095703,6.514514923095703,9.889670372009277,1.3174382316186648,64.8530649344334,2.876519083998416,1.297061298688668,-4.818711757659912,0.0,21.807220458984375,-0.644005298614502
1.375,110,flat_plate,main_wing,segment_0,main_wing:segment_0:mirror:7,mirror,7,-3.546656608581543,3.546656608581543,-3.7012720108032227,-3.392040967941284,1.0,0.3092310428619385,-6.278066635131836,6.278066635131836,9.88319206237793,1.2704532291809598,62.40912136989266,3.0682430282017283,1.2481824273978532,-4.078440189361572,0.0,18.886812210083008,-0.7093313217163086
1.375,110,flat_plate,main_wing,segment_0,main_wing:segment_0:mirror:8,mirror,8,-3.8402483463287354,3.8402483463287354,-3.979224443435669,-3.7012720108032227,1.0,0.2779524326324463,-5.984476089477539,5.984476089477539,9.873827934265137,1.212189665308956,59.379918597918966,3.2541075369129144,1.1875983719583794,-3.3980872631073,0.0,16.176504135131836,-0.768049669265747
1.375,110,flat_plate,main_wing,segment_0,main_wing:segment_0:mirror:9,mirror,9,-4.1041436195373535,4.1041436195373535,-4.229062557220459,-3.979224443435669,1.0,0.24983811378479004,-5.618997573852539,5.618997573852539,9.860565185546875,1.139690771901916,55.62062896874991,3.4162639632457523,1.1124125793749982,-2.7721588611602783,0.0,13.643558502197266,-0.8208287239074707
1.375,110,flat_plate,main_wing,segment_0,main_wing:segment_0:mirror:10,mirror,10,-4.34134578704834,4.34134578704834,-4.453629493713379,-4.229062557220459,1.0,0.22456693649291992,-5.160583019256592,5.160583019256592,9.841943740844727,1.048691834691114,50.927578533372696,3.5294653415425494,1.018551570667454,-2.1944289207458496,0.0,11.252096176147461,-0.8682691574096679
1.375,110,flat_plate,main_wing,segment_0,main_wing:segment_0:mirror:11,mirror,11,-4.554555416107178,4.554555416107178,-4.655481815338135,-4.453629493713379,1.0,0.20185232162475586,-4.576916217803955,4.576916217803955,9.815521240234375,0.9325875021375162,44.99127964419987,3.559296368511699,0.8998255928839974,-1.6565179824829102,0.0,8.95809555053711,-0.9109110832214355
1.375,110,flat_plate,main_wing,segment_0,main_wing:segment_0:mirror:12,mirror,12,-4.746199131011963,4.746199131011963,-4.836916923522949,-4.655481815338135,1.0,0.18143510818481445,-3.8160462379455566,3.8160462379455566,9.775747299194336,0.7807170380232833,37.313536876539146,3.467070724584776,0.7462707375307829,-1.1445871591567993,0.0,6.702113628387451,-0.9492398262023926
1.375,110,flat_plate,main_wing,segment_0,main_wing:segment_0:mirror:13,mirror,13,-4.918458461761475,4.918458461761475,-5.0,-4.836916923522949,1.0,0.16308307647705078,-2.7340891361236572,2.7340891361236572,9.707012176513672,0.5633224902589173,26.49370489582553,3.1375052751724573,0.5298740979165106,-0.6240338087081909,0.0,4.305882453918457,-0.9836916923522949
1.375,110,flat_plate,main_wing,segment_0,main_wing:segment_0:orig:0,orig,0,0.3261663019657135,0.3261663019657135,0.0,0.652332603931427,1.0,0.652332603931427,7.157495498657227,7.157495498657227,9.900023460388184,1.4459552600649248,71.49674241405774,2.122742616135395,1.4299348482811547,-10.733680725097656,0.0,45.408843994140625,0.0652332603931427
1.375,110,flat_plate,main_wing,segment_0,main_wing:segment_0:orig:1,orig,1,0.9455074667930603,0.9455074667930603,0.652332603931427,1.2386823892593384,1.0,0.5863497853279114,7.124424934387207,7.124424934387207,9.899908065795898,1.4392911301877716,71.15652089972244,2.169906621945915,1.4231304179944488,-9.569635391235352,0.0,40.6302490234375,0.18910149335861207
1.375,110,flat_plate,main_wing,segment_0,main_wing:segment_0:orig:2,orig,2,1.5022028684616089,1.5022028684616089,1.2386823892593384,1.765723466873169,1.0,0.5270410776138306,7.0629448890686035,7.0629448890686035,9.899486541748047,1.4269315603961479,70.52281619531497,2.256391315299881,1.4104563239062995,-8.471205711364746,0.0,36.2097282409668,0.3004405736923218
1.375,110,flat_plate,main_wing,segment_0,main_wing:segment_0:orig:3,orig,3,2.002588987350464,2.002588987350464,1.765723466873169,2.239454746246338,1.0,0.47373127937316895,6.97398042678833,6.97398042678833,9.8985595703125,1.4090899544019535,69.6044419104442,2.3756412776698625,1.3920888382088838,-7.447179794311523,0.0,32.14152526855469,0.40051779747009275
1.375,110,flat_plate,main_wing,segment_0,main_wing:segment_0:orig:4,orig,4,2.452361822128296,2.452361822128296,2.239454746246338,2.665268659591675,1.0,0.4258139133453369,6.855737686157227,6.855737686157227,9.896858215332031,1.3854371835976074,68.38238265558141,2.52247954081554,1.3676476531116282,-6.498829364776611,0.0,28.40399169921875,0.49047236442565917
1.375,110,flat_plate,main_wing,segment_0,main_wing:segment_0:orig:5,orig,5,2.856640338897705,2.856640338897705,2.665268659591675,3.0480120182037354,1.0,0.38274335861206055,6.704463005065918,6.704463005065918,9.894046783447266,1.3552519311476232,66.8178428907169,2.691504206376347,1.336356857814338,-5.624006748199463,0.0,24.96929359436035,0.571328067779541
1.375,110,flat_plate,main_wing,segment_0,main_wing:segment_0:orig:6,orig,6,3.2200264930725098,3.2200264930725098,3.0480120182037354,3.392040967941284,1.0,0.34402894973754883,6.514552593231201,6.514552593231201,9.889668464660645,1.3174461037819516,64.85343093587312,2.8765669311683166,1.2970686187174625,-4.818728446960449,0.0,21.80734634399414,0.644005298614502
1.375,110,flat_plate,main_wing,segment_0,main_wing:segment_0:orig:7,orig,7,3.546656608581543,3.546656608581543,3.392040967941284,3.7012720108032227,1.0,0.3092310428619385,6.278111457824707,6.278111457824707,9.883190155029297,1.2704625448555071,62.40954244022321,3.068315943518108,1.2481908488044642,-4.078452110290527,0.0,18.886943817138672,0.7093313217163086
1.375,110,flat_plate,main_wing,segment_0,main_wing:segment_0:orig:8,orig,8,3.8402483463287354,3.8402483463287354,3.7012720108032227,3.979224443435669,1.0,0.2779524326324463,5.984499454498291,5.984499454498291,9.873823165893555,1.212194983432582,59.3801411065476,3.254152061472824,1.187602822130952,-3.3980913162231445,0.0,16.17656707763672,0.768049669265747
1.375,110,flat_plate,main_wing,segment_0,main_wing:segment_0:orig:9,orig,9,4.1041436195373535,4.1041436195373535,3.979224443435669,4.229062557220459,1.0,0.24983811378479004,5.619017601013184,5.619017601013184,9.860563278198242,1.1396950544269335,55.620845274106195,3.4161203790571872,1.1124169054821238,-2.772207498550415,0.0,13.643601417541504,0.8208287239074707
1.375,110,flat_plate,main_wing,segment_0,main_wing:segment_0:orig:10,orig,10,4.34134578704834,4.34134578704834,4.229062557220459,4.453629493713379,1.0,0.22456693649291992,5.160604476928711,5.160604476928711,9.841941833496094,1.048696398380469,50.92779028849101,3.52944624093385,1.0185558057698203,-2.1944453716278076,0.0,11.252140998840332,0.8682691574096679
1.375,110,flat_plate,main_wing,segment_0,main_wing:segment_0:orig:11,orig,11,4.554555416107178,4.554555416107178,4.453629493713379,4.655481815338135,1.0,0.20185232162475586,4.576936721801758,4.576936721801758,9.815515518188477,0.9325922236729272,44.99145563855999,3.559351474389009,0.8998291127711998,-1.656516432762146,0.0,8.95813274383545,0.9109110832214355
1.375,110,flat_plate,main_wing,segment_0,main_wing:segment_0:orig:12,orig,12,4.746199131011963,4.746199131011963,4.655481815338135,4.836916923522949,1.0,0.18143510818481445,3.8160624504089355,3.8160624504089355,9.77574348449707,0.7807206595509926,37.31368445485763,3.467108907649828,0.7462736890971526,-1.1445873975753784,0.0,6.702141284942627,0.9492398262023926
1.375,110,flat_plate,main_wing,segment_0,main_wing:segment_0:orig:13,orig,13,4.918458461761475,4.918458461761475,4.836916923522949,5.0,1.0,0.16308307647705078,2.734100103378296,2.734100103378296,9.707010269165039,0.5633248606037528,26.493802785461856,3.137546639795583,0.5298760557092371,-0.6240314245223999,0.0,4.305899620056152,0.9836916923522949
1.4375,115,flat_plate,main_wing,segment_0,main_wing:segment_0:mirror:0,mirror,0,-0.3261663019657135,0.3261663019657135,-0.652332603931427,0.0,1.0,0.652332603931427,-7.161937713623047,7.161937713623047,9.90029525756836,1.4468129540173151,71.5440244672795,2.11607814151976,1.43088048934559,-10.74586296081543,0.0,45.4375114440918,-0.0652332603931427
1.4375,115,flat_plate,main_wing,segment_0,main_wing:segment_0:mirror:1,mirror,1,-0.9455074667930603,0.9455074667930603,-1.2386823892593384,-0.652332603931427,1.0,0.5863497853279114,-7.128811359405518,7.128811359405518,9.900169372558594,1.4401392725997681,71.20316666703431,2.1633830333845645,1.4240633333406862,-9.580409049987793,0.0,40.655677795410156,-0.18910149335861207
1.4375,115,flat_plate,main_wing,segment_0,main_wing:segment_0:mirror:2,mirror,2,-1.5022028684616089,1.5022028684616089,-1.765723466873169,-1.2386823892593384,1.0,0.5270410776138306,-7.067248344421387,7.067248344421387,9.899744033813477,1.427763853344603,70.56854210708377,2.250063954088743,1.4113708421416755,-8.480664253234863,0.0,36.23214340209961,-0.3004405736923218
1.4375,115,flat_plate,main_wing,segment_0,main_wing:segment_0:mirror:3,mirror,3,-2.002588987350464,2.002588987350464,-2.239454746246338,-1.765723466873169,1.0,0.47373127937316895,-6.978141784667969,6.978141784667969,9.898799896240234,1.4098965243894686,69.64854970142464,2.3695458082282985,1.392970994028493,-7.455377101898193,0.0,32.16096115112305,-0.40051779747009275
1.4375,115,flat_plate,main_wing,segment_0,main_wing:segment_0:mirror:4,mirror,4,-2.452361822128296,2.452361822128296,-2.665268659591675,-2.239454746246338,1.0,0.4258139133453369,-6.859744071960449,6.859744071960449,9.897087097167969,1.3862147528080966,68.42479907673113,2.51670315726918,1.3684959815346227,-6.505879878997803,0.0,28.420801162719727,-0.49047236442565917
1.4375,115,flat_plate,main_wing,segment_0,main_wing:segment_0:mirror:5,mirror,5,-2.856640338897705,2.856640338897705,-3.0480120182037354,-2.665268659591675,1.0,0.38274335861206055,-6.708332538604736,6.708332538604736,9.894256591796875,1.356005370664528,66.85865076809117,2.686232446098836,1.3371730153618233,-5.629998207092285,0.0,24.983858108520508,-0.571328067779541
1.4375,115,flat_plate,main_wing,segment_0,main_wing:segment_0:mirror:6,mirror,6,-3.2200264930725098,3.2200264930725098,-3.392040967941284,-3.0480120182037354,1.0,0.34402894973754883,-6.51827335357666,6.51827335357666,9.889867782592773,1.3181719911462355,64.89248622460332,2.8719104507383757,1.2978497244920664,-4.823753356933594,0.0,21.819910049438477,-0.644005298614502
1.4375,115,flat_plate,main_wing,segment_0,main_wing:segment_0:mirror:7,mirror,7,-3.546656608581543,3.546656608581543,-3.7012720108032227,-3.392040967941284,1.0,0.3092310428619385,-6.281613826751709,6.281613826751709,9.883367538452148,1.2711484830069335,62.4461794705003,3.064421278959278,1.248923589410006,-4.082547664642334,0.0,18.89757537841797,-0.7093313217163086
1.4375,115,flat_plate,main_wing,segment_0,main_wing:segment_0:mirror:8,mirror,8,-3.8402483463287354,3.8402483463287354,-3.979224443435669,-3.7012720108032227,1.0,0.2779524326324463,-5.987766265869141,5.987766265869141,9.873988151550293,1.212836429204954,59.41413037490706,3.251145891448697,1.1882826074981412,-3.401343584060669,0.0,16.185476303100586,-0.768049669265747
1.4375,115,flat_plate,main_wing,segment_0,main_wing:segment_0:mirror:9,mirror,9,-4.1041436195373535,4.1041436195373535,-4.229062557220459,-3.979224443435669,1.0,0.24983811378479004,-5.622006893157959,5.622006893157959,9.86070442199707,1.1402850450757847,55.651767371500924,3.413852583561547,1.1130353474300185,-2.774754285812378,0.0,13.650917053222656,-0.8208287239074707
1.4375,115,flat_plate,main_wing,segment_0,main_wing:segment_0:mirror:10,mirror,10,-4.34134578704834,4.34134578704834,-4.453629493713379,-4.229062557220459,1.0,0.22456693649291992,-5.163301467895508,5.163301467895508,9.842041015625,1.049233885471188,50.95546908586906,3.5277300508655447,1.0191093817173813,-2.1964263916015625,0.0,11.258045196533203,-0.8682691574096679
1.4375,115,flat_plate,main_wing,segment_0,main_wing:segment_0:mirror:11,mirror,11,-4.554555416107178,4.554555416107178,-4.655481815338135,-4.453629493713379,1.0,0.20185232162475586,-4.579314708709717,4.579314708709717,9.815583229064941,0.9330703233507103,45.01559131081894,3.5580475865504817,0.9003118262163788,-1.6580315828323364,0.0,8.962770462036133,-0.9109110832214355
1.4375,115,flat_plate,main_wing,segment_0,main_wing:segment_0:mirror:12,mirror,12,-4.746199131011963,4.746199131011963,-4.836916923522949,-4.655481815338135,1.0,0.18143510818481445,-3.8180322647094727,3.8180322647094727,9.775754928588867,0.781122745527052,37.333388637230634,3.466459889997289,0.7466677727446127,-1.145626425743103,0.0,6.705564022064209,-0.9492398262023926
1.4375,115,flat_plate,main_wing,segment_0,main_wing:segment_0:mirror:13,mirror,13,-4.918458461761475,4.918458461761475,-5.0,-4.836916923522949,1.0,0.16308307647705078,-2.7355101108551025,2.7355101108551025,9.706939697265625,0.5636194714644567,26.507585286686076,3.137691965053696,0.5301517057337215,-0.624590277671814,0.0,4.308076858520508,-0.9836916923522949
1.4375,115,flat_plate,main_wing,segment_0,main_wing:segment_0:orig:0,orig,0,0.3261663019657135,0.3261663019657135,0.0,0.652332603931427,1.0,0.652332603931427,7.161942481994629,7.161942481994629,9.900297164916992,1.4468136385590356,71.54407795262547,2.116081878257972,1.4308815590525095,-10.745869636535645,0.0,45.43754577636719,0.0652332603931427
1.4375,115,flat_plate,main_wing,segment_0,main_wing:segment_0:orig:1,orig,1,0.9455074667930603,0.9455074667930603,0.652332603931427,1.2386823892593384,1.0,0.5863497853279114,7.128814697265625,7.128814697265625,9.90017032623291,1.4401398081760464,71.20319850878234,2.1633898815202115,1.4240639701756468,-9.58041000366211,0.0,40.655696868896484,0.18910149335861207
1.4375,115,flat_plate,main_wing,segment_0,main_wing:segment_0:orig:2,orig,2,1.5022028684616089,1.5022028684616089,1.2386823892593384,1.765723466873169,1.0,0.5270410776138306,7.067268371582031,7.067268371582031,9.899744033813477,1.4277678993402523,70.56874492271093,2.2500620987886446,1.4113748984542187,-8.480692863464355,0.0,36.23224639892578,0.3004405736923218
1.4375,115,flat_plate,main_wing,segment_0,main_wing:segment_0:orig:3,orig,3,2.002588987350464,2.002588987350464,1.765723466873169,2.239454746246338,1.0,0.47373127937316895,6.978147506713867,6.978147506713867,9.898799896240234,1.4098976804984833,69.64861066080597,2.369536090653745,1.3929722132161195,-7.455389022827148,0.0,32.160987854003906,0.40051779747009275
1.4375,115,flat_plate,main_wing,segment_0,main_wing:segment_0:orig:4,orig,4,2.452361822128296,2.452361822128296,2.239454746246338,2.665268659591675,1.0,0.4258139133453369,6.859735488891602,6.859735488891602,9.897087097167969,1.3862130183444583,68.42470587714507,2.5167048490679673,1.3684941175429015,-6.505868911743164,0.0,28.42076301574707,0.49047236442565917
1.4375,115,flat_plate,main_wing,segment_0,main_wing:segment_0:orig:5,orig,5,2.856640338897705,2.856640338897705,2.665268659591675,3.0480120182037354,1.0,0.38274335861206055,6.708331108093262,6.708331108093262,9.894258499145508,1.3560048201030142,66.85864784291539,2.6862626172349677,1.3371729568583077,-5.629986763000488,0.0,24.98386001586914,0.571328067779541
1.4375,115,flat_plate,main_wing,segment_0,main_wing:segment_0:orig:6,orig,6,3.2200264930725098,3.2200264930725098,3.0480120182037354,3.392040967941284,1.0,0.34402894973754883,6.518260955810547,6.518260955810547,9.889872550964355,1.318168848429691,64.8924027446865,2.8718364248097745,1.2978480548937301,-4.823770523071289,0.0,21.819875717163086,0.644005298614502
1.4375,115,flat_plate,main_wing,segment_0,main_wing:segment_0:orig:7,orig,7,3.546656608581543,3.546656608581543,3.392040967941284,3.7012720108032227,1.0,0.3092310428619385,6.281641483306885,6.281641483306885,9.883365631103516,1.2711543249069326,62.44646122990734,3.0643706601267184,1.248929224598147,-4.082585334777832,0.0,18.897655487060547,0.7093313217163086
1.4375,115,flat_plate,main_wing,segment_0,main_wing:segment_0:orig:8,orig,8,3.8402483463287354,3.8402483463287354,3.7012720108032227,3.979224443435669,1.0,0.2779524326324463,5.987793922424316,5.987793922424316,9.87398910522461,1.212841913964844,59.41441434747964,3.2509875427216905,1.1882882869495928,-3.4014065265655518,0.0,16.1855411529541,0.768049669265747
1.4375,115,flat_plate,main_wing,segment_0,main_wing:segment_0:orig:9,orig,9,4.1041436195373535,4.1041436195373535,3.979224443435669,4.229062557220459,1.0,0.24983811378479004,5.622034072875977,5.622034072875977,9.860705375671387,1.1402904475265672,55.6520532910195,3.413685170321421,1.11304106582039,-2.774813175201416,0.0,13.650975227355957,0.8208287239074707
1.4375,115,flat_plate,main_wing,segment_0,main_wing:segment_0:orig:10,orig,10,4.34134578704834,4.34134578704834,4.229062557220459,4.453629493713379,1.0,0.22456693649291992,5.163328647613525,5.163328647613525,9.842042922973633,1.049239205320088,50.955751478636316,3.5276606321380712,1.0191150295727263,-2.196457862854004,0.0,11.258102416992188,0.8682691574096679
1.4375,115,flat_plate,main_wing,segment_0,main_wing:segment_0:orig:11,orig,11,4.554555416107178,4.554555416107178,4.453629493713379,4.655481815338135,1.0,0.20185232162475586,4.579343795776367,4.579343795776367,9.815583229064941,0.9330762500625462,45.01589364678505,3.5579415057532984,0.9003178729357011,-1.658068060874939,0.0,8.962823867797852,0.9109110832214355
1.4375,115,flat_plate,main_wing,segment_0,main_wing:segment_0:orig:12,orig,12,4.746199131011963,4.746199131011963,4.655481815338135,4.836916923522949,1.0,0.18143510818481445,3.8180596828460693,3.8180596828460693,9.775754928588867,0.7811283549427537,37.3336593437003,3.466454881283464,0.746673186874006,-1.1456400156021118,0.0,6.705611228942871,0.9492398262023926
1.4375,115,flat_plate,main_wing,segment_0,main_wing:segment_0:orig:13,orig,13,4.918458461761475,4.918458461761475,4.836916923522949,5.0,1.0,0.16308307647705078,2.7355308532714844,2.7355308532714844,9.706942558288574,0.5636235790713867,26.507793485048968,3.137705751528704,0.5301558697009794,-0.624596893787384,0.0,4.308110237121582,0.9836916923522949
1.5,120,flat_plate,main_wing,segment_0,main_wing:segment_0:mirror:0,mirror,0,-0.3261663019657135,0.3261663019657135,-0.652332603931427,0.0,1.0,0.652332603931427,-7.1658525466918945,7.1658525466918945,9.900533676147461,1.4475689454914924,71.58568901264027,2.1099986268008744,1.4317137802528055,-10.756728172302246,0.0,45.462738037109375,-0.0652332603931427
1.5,120,flat_plate,main_wing,segment_0,main_wing:segment_0:mirror:1,mirror,1,-0.9455074667930603,0.9455074667930603,-1.2386823892593384,-0.652332603931427,1.0,0.5863497853279114,-7.132691860198975,7.132691860198975,9.900405883789062,1.4408887764648222,71.24442783063404,2.157449033478467,1.4248885566126808,-9.590031623840332,0.0,40.67814636230469,-0.18910149335861207
1.5,120,flat_plate,main_wing,segment_0,main_wing:segment_0:mirror:2,mirror,2,-1.5022028684616089,1.5022028684616089,-1.765723466873169,-1.2386823892593384,1.0,0.5270410776138306,-7.071076393127441,7.071076393127441,9.899971008300781,1.4285044647501675,70.60918156804543,2.2443462878763474,1.4121836313609086,-8.489118576049805,0.0,36.252052307128906,-0.3004405736923218
1.5,120,flat_plate,main_wing,segment_0,main_wing:segment_0:mirror:3,mirror,3,-2.002588987350464,2.002588987350464,-2.239454746246338,-1.765723466873169,1.0,0.47373127937316895,-6.981849670410156,6.981849670410156,9.899014472961426,1.4106151050653915,69.68787906593825,2.3642030294785545,1.393757581318765,-7.462644100189209,0.0,32.17830276489258,-0.40051779747009275
1.5,120,flat_plate,main_wing,segment_0,main_wing:segment_0:mirror:4,mirror,4,-2.452361822128296,2.452361822128296,-2.665268659591675,-2.239454746246338,1.0,0.4258139133453369,-6.8633294105529785,6.8633294105529785,9.897293090820312,1.3869104102653442,68.46272605573947,2.5117248321002474,1.3692545211147893,-6.5121073722839355,0.0,28.43585205078125,-0.49047236442565917
1.5,120,flat_plate,main_wing,segment_0,main_wing:segment_0:mirror:5,mirror,5,-2.856640338897705,2.856640338897705,-3.0480120182037354,-2.665268659591675,1.0,0.38274335861206055,-6.71177864074707,6.71177864074707,9.894454002380371,1.3566748886057534,66.89503716183104,2.6817119260550992,1.3379007432366208,-5.6352739334106445,0.0,24.996862411499023,-0.571328067779541
1.5,120,flat_plate,main_wing,segment_0,main_wing:segment_0:mirror:6,mirror,6,-3.2200264930725098,3.2200264930725098,-3.392040967941284,-3.0480120182037354,1.0,0.34402894973754883,-6.521515846252441,6.521515846252441,9.89005184173584,1.3188031671849814,64.92668514656467,2.8676416257285555,1.2985337029312933,-4.828217029571533,0.0,21.830894470214844,-0.644005298614502
1.5,120,flat_plate,main_wing,segment_0,main_wing:segment_0:mirror:7,mirror,7,-3.546656608581543,3.546656608581543,-3.7012720108032227,-3.392040967941284,1.0,0.3092310428619385,-6.284689903259277,6.284689903259277,9.883525848388672,1.2717505877285444,62.47845000466012,3.060498045257469,1.2495690000932023,-4.086302280426025,0.0,18.90690040588379,-0.7093313217163086
1.5,120,flat_plate,main_wing,segment_0,main_wing:segment_0:mirror:8,mirror,8,-3.8402483463287354,3.8402483463287354,-3.979224443435669,-3.7012720108032227,1.0,0.2779524326324463,-5.990609645843506,5.990609645843506,9.874137878417969,1.2133939630187378,59.44384500841926,3.24757510568265,1.1888769001683852,-3.404439926147461,0.0,16.19319725036621,-0.768049669265747
1.5,120,flat_plate,main_wing,segment_0,main_wing:segment_0:mirror:9,mirror,9,-4.1041436195373535,4.1041436195373535,-4.229062557220459,-3.979224443435669,1.0,0.24983811378479004,-5.624595642089844,5.624595642089844,9.860843658447266,1.1407940003737,55.67868866030419,3.4109711862417273,1.1135737732060838,-2.7771904468536377,0.0,13.657227516174316,-0.8208287239074707
1.5,120,flat_plate,main_wing,segment_0,main_wing:segment_0:mirror:10,mirror,10,-4.34134578704834,4.34134578704834,-4.453629493713379,-4.229062557220459,1.0,0.22456693649291992,-5.16565465927124,5.16565465927124,9.842151641845703,1.0497002784042704,50.97969821607845,3.5256632730289934,1.019593964321569,-2.1982829570770264,0.0,11.26318073272705,-0.8682691574096679
1.5,120,flat_plate,main_wing,segment_0,main_wing:segment_0:mirror:11,mirror,11,-4.554555416107178,4.554555416107178,-4.655481815338135,-4.453629493713379,1.0,0.20185232162475586,-4.58139181137085,4.58139181137085,9.81566047668457,0.9334862024319536,45.036737715830405,3.556655019674689,0.9007347543166081,-1.6594078540802002,0.0,8.96682071685791,-0.9109110832214355
1.5,120,flat_plate,main_wing,segment_0,main_wing:segment_0:mirror:12,mirror,12,-4.746199131011963,4.746199131011963,-4.836916923522949,-4.655481815338135,1.0,0.18143510818481445,-3.819770336151123,3.819770336151123,9.775776863098145,0.7814765802542182,37.35079682507848,3.465839824274575,0.7470159365015696,-1.146552562713623,0.0,6.708585739135742,-0.9492398262023926
1.5,120,flat_plate,main_wing,segment_0,main_wing:segment_0:mirror:13,mirror,13,-4.918458461761475,4.918458461761475,-5.0,-4.836916923522949,1.0,0.16308307647705078,-2.736764669418335,2.736764669418335,9.706888198852539,0.5638809499715575,26.51985565661276,3.1378434143085956,0.5303971131322551,-0.6250843405723572,0.0,4.31001615524292,-0.9836916923522949
1.5,120,flat_plate,main_wing,segment_0,main_wing:segment_0:orig:0,orig,0,0.3261663019657135,0.3261663019657135,0.0,0.652332603931427,1.0,0.652332603931427,7.165858268737793,7.165858268737793,9.900531768798828,1.4475703802740656,71.58573984933197,2.110012248451363,1.4317147969866395,-10.756728172302246,0.0,45.462772369384766,0.0652332603931427
1.5,120,flat_plate,main_wing,segment_0,main_wing:segment_0:orig:1,orig,1,0.9455074667930603,0.9455074667930603,0.652332603931427,1.2386823892593384,1.0,0.5863497853279114,7.132697105407715,7.132697105407715,9.900405883789062,1.44088983605951,71.24448610211321,2.1574326544088365,1.4248897220422643,-9.590049743652344,0.0,40.67817687988281,0.18910149335861207
1.5,120,flat_plate,main_wing,segment_0,main_wing:segment_0:orig:2,orig,2,1.5022028684616089,1.5022028684616089,1.2386823892593384,1.765723466873169,1.0,0.5270410776138306,7.0710768699646,7.0710768699646,9.899971008300781,1.4285045610811886,70.60919886262582,2.24430970891721,1.4121839772525164,-8.489139556884766,0.0,36.25205612182617,0.3004405736923218
1.5,120,flat_plate,main_wing,segment_0,main_wing:segment_0:orig:3,orig,3,2.002588987350464,2.002588987350464,1.765723466873169,2.239454746246338,1.0,0.47373127937316895,6.981846332550049,6.981846332550049,9.899017333984375,1.4106140229860253,69.68783734732625,2.3641720518005855,1.393756746946525,-7.462653160095215,0.0,32.178279876708984,0.40051779747009275
1.5,120,flat_plate,main_wing,segment_0,main_wing:segment_0:orig:4,orig,4,2.452361822128296,2.452361822128296,2.239454746246338,2.665268659591675,1.0,0.4258139133453369,6.863325119018555,6.863325119018555,9.897295951843262,1.3869091421360067,68.46269345037597,2.5117253701464177,1.3692538690075193,-6.51210355758667,0.0,28.43583869934082,0.49047236442565917
1.5,120,flat_plate,main_wing,segment_0,main_wing:segment_0:orig:5,orig,5,2.856640338897705,2.856640338897705,2.665268659591675,3.0480120182037354,1.0,0.38274335861206055,6.711771488189697,6.711771488189697,9.894455909729004,1.3566731813095771,66.89497327263918,2.6817193129876458,1.3378994654527836,-5.635264873504639,0.0,24.99683952331543,0.571328067779541
1.5,120,flat_plate,main_wing,segment_0,main_wing:segment_0:orig:6,orig,6,3.2200264930725098,3.2200264930725098,3.0480120182037354,3.392040967941284,1.0,0.34402894973754883,6.521501541137695,6.521501541137695,9.890054702758789,1.3187998928496423,64.92655334071604,2.867662270806189,1.2985310668143208,-4.828198432922363,0.0,21.830852508544922,0.644005298614502
1.5,120,flat_plate,main_wing,segment_0,main_wing:segment_0:orig:7,orig,7,3.546656608581543,3.546656608581543,3.392040967941284,3.7012720108032227,1.0,0.3092310428619385,6.284669399261475,6.284669399261475,9.883529663085938,1.2717459477526798,62.47826639348269,3.06053984190688,1.249565327869654,-4.086275100708008,0.0,18.906848907470703,0.7093313217163086
1.5,120,flat_plate,main_wing,segment_0,main_wing:segment_0:orig:8,orig,8,3.8402483463287354,3.8402483463287354,3.7012720108032227,3.979224443435669,1.0,0.2779524326324463,5.9905877113342285,5.9905877113342285,9.874143600463867,1.2133888170418754,59.44364159121211,3.2476449238910803,1.1888728318242423,-3.4044065475463867,0.0,16.193147659301758,0.768049669265747
1.5,120,flat_plate,main_wing,segment_0,main_wing:segment_0:orig:9,orig,9,4.1041436195373535,4.1041436195373535,3.979224443435669,4.229062557220459,1.0,0.24983811378479004,5.624592304229736,5.624592304229736,9.860848426818848,1.1407927717319664,55.67866000957875,3.411078112204727,1.113573200191575,-2.777162790298462,0.0,13.657227516174316,0.8208287239074707
1.5,120,flat_plate,main_wing,segment_0,main_wing:segment_0:orig:10,orig,10,4.34134578704834,4.34134578704834,4.229062557220459,4.453629493713379,1.0,0.22456693649291992,5.1656575202941895,5.1656575202941895,9.842155456542969,1.049700452934852,50.97973776374473,3.5257618004859985,1.0195947552748945,-2.1982638835906982,0.0,11.263195037841797,0.8682691574096679
1.5,120,flat_plate,main_wing,segment_0,main_wing:segment_0:orig:11,orig,11,4.554555416107178,4.554555416107178,4.453629493713379,4.655481815338135,1.0,0.20185232162475586,4.581397533416748,4.581397533416748,9.815662384033203,0.9334871869409747,45.03679822190083,3.5567030255499708,0.9007359644380166,-1.6594016551971436,0.0,8.966835021972656,0.9109110832214355
1.5,120,flat_plate,main_wing,segment_0,main_wing:segment_0:orig:12,orig,12,4.746199131011963,4.746199131011963,4.655481815338135,4.836916923522949,1.0,0.18143510818481445,3.819776773452759,3.819776773452759,9.775777816772461,0.7814778210075736,37.35086062993156,3.4658555603072236,0.7470172125986312,-1.1465528011322021,0.0,6.708597660064697,0.9492398262023926
1.5,120,flat_plate,main_wing,segment_0,main_wing:segment_0:orig:13,orig,13,4.918458461761475,4.918458461761475,4.836916923522949,5.0,1.0,0.16308307647705078,2.7367701530456543,2.7367701530456543,9.706887245178223,0.563882135213863,26.519910006919915,3.1378326260128486,0.5303982001383983,-0.6250883340835571,0.0,4.310024261474609,0.9836916923522949
1.5625,125,flat_plate,main_wing,segment_0,main_wing:segment_0:mirror:0,mirror,0,-0.3261663019657135,0.3261663019657135,-0.652332603931427,0.0,1.0,0.652332603931427,-7.1693315505981445,7.1693315505981445,9.90074348449707,1.4482410461040898,71.62274573060176,2.1046898581066924,1.4324549146120353,-10.766329765319824,0.0,45.485191345214844,-0.0652332603931427
1.5625,125,flat_plate,main_wing,segment_0,main_wing:segment_0:mirror:1,mirror,1,-0.9455074667930603,0.9455074667930603,-1.2386823892593384,-0.652332603931427,1.0,0.5863497853279114,-7.136120796203613,7.136120796203613,9.900615692138672,1.4415509132164106,71.28096260370813,2.1522372102088325,1.4256192520741626,-9.598527908325195,0.0,40.69804763793945,-0.18910149335861207
1.5625,125,flat_plate,main_wing,segment_0,main_wing:segment_0:mirror:2,mirror,2,-1.5022028684616089,1.5022028684616089,-1.765723466873169,-1.2386823892593384,1.0,0.5270410776138306,-7.074429988861084,7.074429988861084,9.90017318725586,1.4291527744116126,70.64486122418228,2.2393809038796917,1.4128972244836455,-8.496513366699219,0.0,36.26953887939453,-0.3004405736923218
1.5625,125,flat_plate,main_wing,segment_0,main_wing:segment_0:mirror:3,mirror,3,-2.002588987350464,2.002588987350464,-2.239454746246338,-1.765723466873169,1.0,0.47373127937316895,-6.9851250648498535,6.9851250648498535,9.899219512939453,1.4112476353755905,69.72269483241718,2.3593712828865443,1.3944538966483435,-7.469123840332031,0.0,32.193641662597656,-0.40051779747009275
1.5625,125,flat_plate,main_wing,segment_0,main_wing:segment_0:mirror:4,mirror,4,-2.452361822128296,2.452361822128296,-2.665268659591675,-2.239454746246338,1.0,0.4258139133453369,-6.866515159606934,6.866515159606934,9.897485733032227,1.3875271649425829,68.49652295761733,2.507189878135672,1.3699304591523467,-6.517697334289551,0.0,28.44925308227539,-0.49047236442565917
1.5625,125,flat_plate,main_wing,segment_0,main_wing:segment_0:mirror:5,mirror,5,-2.856640338897705,2.856640338897705,-3.0480120182037354,-2.665268659591675,1.0,0.38274335861206055,-6.71485710144043,6.71485710144043,9.894630432128906,1.3572729466755185,66.92754955421913,2.6775360242242296,1.3385509910843825,-5.64003849029541,0.0,25.008468627929688,-0.571328067779541
1.5625,125,flat_plate,main_wing,segment_0,main_wing:segment_0:mirror:6,mirror,6,-3.2200264930725098,3.2200264930725098,-3.392040967941284,-3.0480120182037354,1.0,0.34402894973754883,-6.524473190307617,6.524473190307617,9.890219688415527,1.3193788198556946,64.95780638622972,2.8639127585729423,1.2991561277245944,-4.8322272300720215,0.0,21.840904235839844,-0.644005298614502
1.5625,125,flat_plate,main_wing,segment_0,main_wing:segment_0:mirror:7,mirror,7,-3.546656608581543,3.546656608581543,-3.7012720108032227,-3.392040967941284,1.0,0.3092310428619385,-6.2875285148620605,6.2875285148620605,9.883686065673828,1.2723043757325985,62.50816340851219,3.0572290148078554,1.2501632681702437,-4.089656829833984,0.0,18.91551399230957,-0.7093313217163086
1.5625,125,flat_plate,main_wing,segment_0,main_wing:segment_0:mirror:8,mirror,8,-3.8402483463287354,3.8402483463287354,-3.979224443435669,-3.7012720108032227,1.0,0.2779524326324463,-5.9933576583862305,5.9933576583862305,9.874252319335938,1.213936501632621,59.47234345016095,3.2446987845556388,1.189446869003219,-3.4072623252868652,0.0,16.200641632080078,-0.768049669265747
1.5625,125,flat_plate,main_wing,segment_0,main_wing:segment_0:mirror:9,mirror,9,-4.1041436195373535,4.1041436195373535,-4.229062557220459,-3.979224443435669,1.0,0.24983811378479004,-5.627174377441406,5.627174377441406,9.860916137695312,1.1413086368173062,55.70518792472957,3.408160467655873,1.1141037584945914,-2.7795822620391846,0.0,13.663440704345703,-0.8208287239074707
1.5625,125,flat_plate,main_wing,segment_0,main_wing:segment_0:mirror:10,mirror,10,-4.34134578704834,4.34134578704834,-4.453629493713379,-4.229062557220459,1.0,0.22456693649291992,-5.1679792404174805,5.1679792404174805,9.842206954956055,1.0501667489962987,51.003400424511355,3.5231838209171418,1.0200680084902272,-2.2001984119415283,0.0,11.26817798614502,-0.8682691574096679
1.5625,125,flat_plate,main_wing,segment_0,main_wing:segment_0:mirror:11,mirror,11,-4.554555416107178,4.554555416107178,-4.655481815338135,-4.453629493713379,1.0,0.20185232162475586,-4.58336067199707,4.58336067199707,9.815682411193848,0.9338852827532776,45.056641045196976,3.5550094664002017,0.9011328209039395,-1.6607685089111328,0.0,8.97061538696289,-0.9109110832214355
1.5625,125,flat_plate,main_wing,segment_0,main_wing:segment_0:mirror:12,mirror,12,-4.746199131011963,4.746199131011963,-4.836916923522949,-4.655481815338135,1.0,0.18143510818481445,-3.821362018585205,3.821362018585205,9.775779724121094,0.7818019894937374,37.366706891716014,3.4649720663447003,0.7473341378343202,-1.1474517583847046,0.0,6.711333274841309,-0.9492398262023926
1.5625,125,flat_plate,main_wing,segment_0,main_wing:segment_0:mirror:13,mirror,13,-4.918458461761475,4.918458461761475,-5.0,-4.836916923522949,1.0,0.16308307647705078,-2.737877607345581,2.737877607345581,9.706832885742188,0.5641134733795805,26.530766487861168,3.137815603776235,0.5306153297572234,-0.6255492568016052,0.0,4.311733722686768,-0.9836916923522949
1.5625,125,flat_plate,main_wing,segment_0,main_wing:segment_0:orig:0,orig,0,0.3261663019657135,0.3261663019657135,0.0,0.652332603931427,1.0,0.652332603931427,7.169332504272461,7.169332504272461,9.900741577148438,1.448241517750499,71.62275178466865,2.104667264021492,1.432455035693373,-10.766345024108887,0.0,45.485191345214844,0.0652332603931427
1.5625,125,flat_plate,main_wing,segment_0,main_wing:segment_0:orig:1,orig,1,0.9455074667930603,0.9455074667930603,0.652332603931427,1.2386823892593384,1.0,0.5863497853279114,7.1361212730407715,7.1361212730407715,9.900615692138672,1.441551009541159,71.28097180435381,2.1522531461945853,1.4256194360870762,-9.598520278930664,0.0,40.698055267333984,0.18910149335861207
1.5625,125,flat_plate,main_wing,segment_0,main_wing:segment_0:orig:2,orig,2,1.5022028684616089,1.5022028684616089,1.2386823892593384,1.765723466873169,1.0,0.5270410776138306,7.074423789978027,7.074423789978027,9.90017318725586,1.429151522133912,70.64481790487697,2.239346816673372,1.4128963580975396,-8.496524810791016,0.0,36.26951217651367,0.3004405736923218
1.5625,125,flat_plate,main_wing,segment_0,main_wing:segment_0:orig:3,orig,3,2.002588987350464,2.002588987350464,1.765723466873169,2.239454746246338,1.0,0.47373127937316895,6.985110282897949,6.985110282897949,9.899222373962402,1.411244241016477,69.72256982487194,2.3593711332529343,1.3944513964974388,-7.469108581542969,0.0,32.19358444213867,0.40051779747009275
1.5625,125,flat_plate,main_wing,segment_0,main_wing:segment_0:orig:4,orig,4,2.452361822128296,2.452361822128296,2.239454746246338,2.665268659591675,1.0,0.4258139133453369,6.866498947143555,6.866498947143555,9.897489547729492,1.3875233540850258,68.49635959934966,2.5072284187343357,1.369927191986993,-6.517663478851318,0.0,28.449190139770508,0.49047236442565917
1.5625,125,flat_plate,main_wing,segment_0,main_wing:segment_0:orig:5,orig,5,2.856640338897705,2.856640338897705,2.665268659591675,3.0480120182037354,1.0,0.38274335861206055,6.714841842651367,6.714841842651367,9.894633293151855,1.3572694699658563,66.92741214871967,2.6775482185114385,1.3385482429743933,-5.640020370483398,0.0,25.008419036865234,0.571328067779541
1.5625,125,flat_plate,main_wing,segment_0,main_wing:segment_0:orig:6,orig,6,3.2200264930725098,3.2200264930725098,3.0480120182037354,3.392040967941284,1.0,0.34402894973754883,6.524456977844238,6.524456977844238,9.890226364135742,1.3193746508175859,64.9576753751147,2.8638661747944085,1.299153507502294,-4.832231044769287,0.0,21.840856552124023,0.644005298614502
1.5625,125,flat_plate,main_wing,segment_0,main_wing:segment_0:orig:7,orig,7,3.546656608581543,3.546656608581543,3.392040967941284,3.7012720108032227,1.0,0.3092310428619385,6.287538051605225,6.287538051605225,9.883688926696777,1.27230593723402,62.508267514608406,3.0572217890302524,1.2501653502921681,-4.089667320251465,0.0,18.915544509887695,0.7093313217163086
1.5625,125,flat_plate,main_wing,segment_0,main_wing:segment_0:orig:8,orig,8,3.8402483463287354,3.8402483463287354,3.7012720108032227,3.979224443435669,1.0,0.2779524326324463,5.993369102478027,5.993369102478027,9.874263763427734,1.2139374126658937,59.472468976081615,3.244707554387747,1.1894493795216323,-3.40726900100708,0.0,16.20067596435547,0.768049669265747
1.5625,125,flat_plate,main_wing,segment_0,main_wing:segment_0:orig:9,orig,9,4.1041436195373535,4.1041436195373535,3.979224443435669,4.229062557220459,1.0,0.24983811378479004,5.627191543579102,5.627191543579102,9.860921859741211,1.141311456194174,55.70535026235006,3.408321532660077,1.1141070052470012,-2.7795538902282715,0.0,13.663490295410156,0.8208287239074707
1.5625,125,flat_plate,main_wing,segment_0,main_wing:segment_0:orig:10,orig,10,4.34134578704834,4.34134578704834,4.229062557220459,4.453629493713379,1.0,0.22456693649291992,5.16799783706665,5.16799783706665,9.842209815979004,1.0501702226823724,51.00358599629131,3.523328070219363,1.0200717199258262,-2.2001779079437256,0.0,11.268226623535156,0.8682691574096679
1.5625,125,flat_plate,main_wing,segment_0,main_wing:segment_0:orig:11,orig,11,4.554555416107178,4.554555416107178,4.453629493713379,4.655481815338135,1.0,0.20185232162475586,4.5833821296691895,4.5833821296691895,9.815681457519531,0.9338897456086419,45.05683743399922,3.555061477211115,0.9011367486799844,-1.6607686281204224,0.0,8.970656394958496,0.9109110832214355
1.5625,125,flat_plate,main_wing,segment_0,main_wing:segment_0:orig:12,orig,12,4.746199131011963,4.746199131011963,4.655481815338135,4.836916923522949,1.0,0.18143510818481445,3.8213820457458496,3.8213820457458496,9.775775909423828,0.7818063918715741,37.36690071143965,3.464989989527967,0.747338014228793,-1.1474577188491821,0.0,6.711368083953857,0.9492398262023926
1.5625,125,flat_plate,main_wing,segment_0,main_wing:segment_0:orig:13,orig,13,4.918458461761475,4.918458461761475,4.836916923522949,5.0,1.0,0.16308307647705078,2.737893581390381,2.737893581390381,9.706831932067871,0.5641168201018023,26.53091993085875,3.1377852050057866,0.530618398617175,-0.6255605220794678,0.0,4.311756610870361,0.9836916923522949
1.625,130,flat_plate,main_wing,segment_0,main_wing:segment_0:mirror:0,mirror,0,-0.3261663019657135,0.3261663019657135,-0.652332603931427,0.0,1.0,0.652332603931427,-7.172360420227051,7.172360420227051,9.900949478149414,1.4488227489809666,71.6551472713841,2.100057418199004,1.4331029454276818,-10.77471923828125,0.0,45.504825592041016,-0.0652332603931427
1.625,130,flat_plate,main_wing,segment_0,main_wing:segment_0:mirror:1,mirror,1,-0.9455074667930603,0.9455074667930603,-1.2386823892593384,-0.652332603931427,1.0,0.5863497853279114,-7.139118194580078,7.139118194580078,9.900819778442383,1.4421266833125244,71.31301910579467,2.147726487584359,1.4262603821158932,-9.605947494506836,0.0,40.715518951416016,-0.18910149335861207
1.625,130,flat_plate,main_wing,segment_0,main_wing:segment_0:mirror:2,mirror,2,-1.5022028684616089,1.5022028684616089,-1.765723466873169,-1.2386823892593384,1.0,0.5270410776138306,-7.077362060546875,7.077362060546875,9.900372505187988,1.429716317610918,70.67617570785191,2.235018035648912,1.4135235141570381,-8.503005981445312,0.0,36.28488540649414,-0.3004405736923218
1.625,130,flat_plate,main_wing,segment_0,main_wing:segment_0:mirror:3,mirror,3,-2.002588987350464,2.002588987350464,-2.239454746246338,-1.765723466873169,1.0,0.47373127937316895,-6.98799467086792,6.98799467086792,9.899410247802734,1.4118001973741758,69.75329238044381,2.3552860247221368,1.3950658476088762,-7.47474479675293,0.0,32.2071418762207,-0.40051779747009275
1.625,130,flat_plate,main_wing,segment_0,main_wing:segment_0:mirror:4,mirror,4,-2.452361822128296,2.452361822128296,-2.665268659591675,-2.239454746246338,1.0,0.4258139133453369,-6.869288444519043,6.869288444519043,9.897665023803711,1.3880624223993285,68.52601023362378,2.503404939917801,1.3705202046724756,-6.522503852844238,0.0,28.46096420288086,-0.49047236442565917
1.625,130,flat_plate,main_wing,segment_0,main_wing:segment_0:mirror:5,mirror,5,-2.856640338897705,2.856640338897705,-3.0480120182037354,-2.665268659591675,1.0,0.38274335861206055,-6.7175116539001465,6.7175116539001465,9.894800186157227,1.357786216501453,66.95571632901373,2.674020769022463,1.3391143265802745,-5.644128322601318,0.0,25.01853370666504,-0.571328067779541
1.625,130,flat_plate,main_wing,segment_0,main_wing:segment_0:mirror:6,mirror,6,-3.2200264930725098,3.2200264930725098,-3.392040967941284,-3.0480120182037354,1.0,0.34402894973754883,-6.526980400085449,6.526980400085449,9.890377044677734,1.3198648283278107,64.9843357409752,2.8606983768837093,1.299686714819504,-4.835657596588135,0.0,21.84943389892578,-0.644005298614502
1.625,130,flat_plate,main_wing,segment_0,main_wing:segment_0:mirror:7,mirror,7,-3.546656608581543,3.546656608581543,-3.7012720108032227,-3.392040967941284,1.0,0.3092310428619385,-6.289880275726318,6.289880275726318,9.883827209472656,1.2727620874832979,62.53296236032971,3.0543082118888294,1.2506592472065943,-4.0925140380859375,0.0,18.922687530517578,-0.7093313217163086
1.625,130,flat_plate,main_wing,segment_0,main_wing:segment_0:mirror:8,mirror,8,-3.8402483463287354,3.8402483463287354,-3.979224443435669,-3.7012720108032227,1.0,0.2779524326324463,-5.995508193969727,5.995508193969727,9.874387741088867,1.214355431683421,59.49496938137155,3.2419450592456527,1.1898993876274309,-3.4096293449401855,0.0,16.206518173217773,-0.768049669265747
1.625,130,flat_plate,main_wing,segment_0,main_wing:segment_0:mirror:9,mirror,9,-4.1041436195373535,4.1041436195373535,-4.229062557220459,-3.979224443435669,1.0,0.24983811378479004,-5.62910270690918,5.62910270690918,9.861034393310547,1.1416860508523947,55.725381348877264,3.4058464509975725,1.1145076269775454,-2.7814464569091797,0.0,13.668164253234863,-0.8208287239074707
1.625,130,flat_plate,main_wing,segment_0,main_wing:segment_0:mirror:10,mirror,10,-4.34134578704834,4.34134578704834,-4.453629493713379,-4.229062557220459,1.0,0.22456693649291992,-5.169730186462402,5.169730186462402,9.842301368713379,1.0505124752419988,51.02157073761537,3.5214302614161928,1.0204314147523075,-2.2016348838806152,0.0,11.272017478942871,-0.8682691574096679
1.625,130,flat_plate,main_wing,segment_0,main_wing:segment_0:mirror:11,mirror,11,-4.554555416107178,4.554555416107178,-4.655481815338135,-4.453629493713379,1.0,0.20185232162475586,-4.584956169128418,4.584956169128418,9.815738677978516,0.9342050190098701,45.07295432017877,3.553801478555826,0.9014590864035754,-1.6618562936782837,0.0,8.973732948303223,-0.9109110832214355
1.625,130,flat_plate,main_wing,segment_0,main_wing:segment_0:mirror:12,mirror,12,-4.746199131011963,4.746199131011963,-4.836916923522949,-4.655481815338135,1.0,0.18143510818481445,-3.8227267265319824,3.8227267265319824,9.77579116821289,0.782080275806631,37.38042961215599,3.4643065777541544,0.7476085922431198,-1.1482127904891968,0.0,6.713706970214844,-0.9492398262023926
1.625,130,flat_plate,main_wing,segment_0,main_wing:segment_0:mirror:13,mirror,13,-4.918458461761475,4.918458461761475,-5.0,-4.836916923522949,1.0,0.16308307647705078,-2.7388741970062256,2.7388741970062256,9.706781387329102,0.5643218050797884,26.540534166820265,3.1377838116142494,0.5308106833364054,-0.6259665489196777,0.0,4.3132710456848145,-0.9836916923522949
1.625,130,flat_plate,main_wing,segment_0,main_wing:segment_0:orig:0,orig,0,0.3261663019657135,0.3261663019657135,0.0,0.652332603931427,1.0,0.652332603931427,7.172354698181152,7.172354698181152,9.90095043182373,1.4488214535702957,71.65509338049254,2.1000777890627162,1.4331018676098508,-10.774697303771973,0.0,45.50479507446289,0.0652332603931427
1.625,130,flat_plate,main_wing,segment_0,main_wing:segment_0:orig:1,orig,1,0.9455074667930603,0.9455074667930603,0.652332603931427,1.2386823892593384,1.0,0.5863497853279114,7.139116287231445,7.139116287231445,9.90081787109375,1.4421265758407051,71.31299396916324,2.1477197522442713,1.4262598793832648,-9.605947494506836,0.0,40.71550369262695,0.18910149335861207
1.625,130,flat_plate,main_wing,segment_0,main_wing:segment_0:orig:2,orig,2,1.5022028684616089,1.5022028684616089,1.2386823892593384,1.765723466873169,1.0,0.5270410776138306,7.077363967895508,7.077363967895508,9.900367736816406,1.429717391522131,70.67618089310498,2.2349707187274874,1.4135236178620998,-8.503030776977539,0.0,36.284881591796875,0.3004405736923218
1.625,130,flat_plate,main_wing,segment_0,main_wing:segment_0:orig:3,orig,3,2.002588987350464,2.002588987350464,1.765723466873169,2.239454746246338,1.0,0.47373127937316895,6.98799991607666,6.98799991607666,9.899406433105469,1.4118018011074847,69.75332978251043,2.3552397751379335,1.3950665956502086,-7.474770545959473,0.0,32.2071533203125,0.40051779747009275
1.625,130,flat_plate,main_wing,segment_0,main_wing:segment_0:orig:4,orig,4,2.452361822128296,2.452361822128296,2.239454746246338,2.665268659591675,1.0,0.4258139133453369,6.8693013191223145,6.8693013191223145,9.897661209106445,1.3880655589225752,68.5261213611816,2.5033709533966024,1.3705224272236318,-6.5225300788879395,0.0,28.46100616455078,0.49047236442565917
1.625,130,flat_plate,main_wing,segment_0,main_wing:segment_0:orig:5,orig,5,2.856640338897705,2.856640338897705,2.665268659591675,3.0480120182037354,1.0,0.38274335861206055,6.717523574829102,6.717523574829102,9.894794464111328,1.357789411229052,66.95581488045234,2.674018800444117,1.3391162976090467,-5.644138813018799,0.0,25.018569946289062,0.571328067779541
1.625,130,flat_plate,main_wing,segment_0,main_wing:segment_0:orig:6,orig,6,3.2200264930725098,3.2200264930725098,3.0480120182037354,3.392040967941284,1.0,0.34402894973754883,6.526985168457031,6.526985168457031,9.890373229980469,1.3198663016420706,64.98437043505292,2.8606545806495025,1.2996874087010584,-4.835675239562988,0.0,21.849441528320312,0.644005298614502
1.625,130,flat_plate,main_wing,segment_0,main_wing:segment_0:orig:7,orig,7,3.546656608581543,3.546656608581543,3.392040967941284,3.7012720108032227,1.0,0.3092310428619385,6.289876461029053,6.289876461029053,9.88382339477539,1.2727618068032043,62.532909566387204,3.0542669269002882,1.2506581913277441,-4.092522144317627,0.0,18.92266845703125,0.7093313217163086
1.625,130,flat_plate,main_wing,segment_0,main_wing:segment_0:orig:8,orig,8,3.8402483463287354,3.8402483463287354,3.7012720108032227,3.979224443435669,1.0,0.2779524326324463,5.9954938888549805,5.9954938888549805,9.874382019042969,1.2143532379631525,59.494829330531445,3.241884444051826,1.1898965866106288,-3.409635543823242,0.0,16.20647621154785,0.768049669265747
1.625,130,flat_plate,main_wing,segment_0,main_wing:segment_0:orig:9,orig,9,4.1041436195373535,4.1041436195373535,3.979224443435669,4.229062557220459,1.0,0.24983811378479004,5.629082679748535,5.629082679748535,9.861030578613281,1.141682430628895,55.72518448599408,3.4057699908018146,1.1145036897198815,-2.781452178955078,0.0,13.668111801147461,0.8208287239074707
1.625,130,flat_plate,main_wing,segment_0,main_wing:segment_0:orig:10,orig,10,4.34134578704834,4.34134578704834,4.229062557220459,4.453629493713379,1.0,0.22456693649291992,5.169707298278809,5.169707298278809,9.842297554016113,1.0505082314178418,51.02136182897398,3.521356698376088,1.0204272365794795,-2.201638698577881,0.0,11.271967887878418,0.8682691574096679
1.625,130,flat_plate,main_wing,segment_0,main_wing:segment_0:orig:11,orig,11,4.554555416107178,4.554555416107178,4.453629493713379,4.655481815338135,1.0,0.20185232162475586,4.584936141967773,4.584936141967773,9.815736770629883,0.9342011199172683,45.07275183922466,3.553753949458235,0.9014550367844931,-1.6618549823760986,0.0,8.9736909866333,0.9109110832214355
1.625,130,flat_plate,main_wing,segment_0,main_wing:segment_0:orig:12,orig,12,4.746199131011963,4.746199131011963,4.655481815338135,4.836916923522949,1.0,0.18143510818481445,3.8227126598358154,3.8227126598358154,9.775787353515625,0.782077703124561,37.380286940963956,3.4642703897627736,0.7476057388192792,-1.1482124328613281,0.0,6.713680267333984,0.9492398262023926
1.625,130,flat_plate,main_wing,segment_0,main_wing:segment_0:orig:13,orig,13,4.918458461761475,4.918458461761475,4.836916923522949,5.0,1.0,0.16308307647705078,2.73886775970459,2.73886775970459,9.706779479980469,0.5643205896153933,26.54046222236081,3.137781182845974,0.5308092444472162,-0.6259639263153076,0.0,4.313259601593018,0.9836916923522949
1.6875,135,flat_plate,main_wing,segment_0,main_wing:segment_0:mirror:0,mirror,0,-0.3261663019657135,0.3261663019657135,-0.652332603931427,0.0,1.0,0.652332603931427,-7.175086498260498,7.175086498260498,9.901134490966797,1.4493463359792997,71.68431782301427,2.0958472400867367,1.4336863564602853,-10.782297134399414,0.0,45.52249526977539,-0.0652332603931427
1.6875,135,flat_plate,main_wing,segment_0,main_wing:segment_0:mirror:1,mirror,1,-0.9455074667930603,0.9455074667930603,-1.2386823892593384,-0.652332603931427,1.0,0.5863497853279114,-7.14182186126709,7.14182186126709,9.900999069213867,1.442646708951594,71.34191490958892,2.1435744842806717,1.4268382981917784,-9.61268424987793,0.0,40.73125457763672,-0.18910149335861207
1.6875,135,flat_plate,main_wing,segment_0,main_wing:segment_0:mirror:2,mirror,2,-1.5022028684616089,1.5022028684616089,-1.765723466873169,-1.2386823892593384,1.0,0.5270410776138306,-7.080009460449219,7.080009460449219,9.900543212890625,1.4302264649945595,70.70443136382127,2.2309127156919994,1.4140886272764255,-8.508950233459473,0.0,36.298709869384766,-0.3004405736923218
1.6875,135,flat_plate,main_wing,segment_0,main_wing:segment_0:mirror:3,mirror,3,-2.002588987350464,2.002588987350464,-2.239454746246338,-1.765723466873169,1.0,0.47373127937316895,-6.990584373474121,6.990584373474121,9.899571418762207,1.4123004073136307,69.78086417941647,2.3513237085834353,1.3956172835883294,-7.479938507080078,0.0,32.21927261352539,-0.40051779747009275
1.6875,135,flat_plate,main_wing,segment_0,main_wing:segment_0:mirror:4,mirror,4,-2.452361822128296,2.452361822128296,-2.665268659591675,-2.239454746246338,1.0,0.4258139133453369,-6.871817588806152,6.871817588806152,9.897815704345703,1.38855234206655,68.55285272817758,2.499660260775199,1.3710570545635516,-6.527002334594727,0.0,28.47159194946289,-0.49047236442565917
1.6875,135,flat_plate,main_wing,segment_0,main_wing:segment_0:mirror:5,mirror,5,-2.856640338897705,2.856640338897705,-3.0480120182037354,-2.665268659591675,1.0,0.38274335861206055,-6.7199296951293945,6.7199296951293945,9.89494514465332,1.3582550679950909,66.98133048612254,2.6704819139118627,1.339626609722451,-5.647974014282227,0.0,25.027652740478516,-0.571328067779541
1.6875,135,flat_plate,main_wing,segment_0,main_wing:segment_0:mirror:6,mirror,6,-3.2200264930725098,3.2200264930725098,-3.392040967941284,-3.0480120182037354,1.0,0.34402894973754883,-6.529299736022949,6.529299736022949,9.89051628112793,1.32031524956518,65.00882546336794,2.857534409068233,1.3001765092673587,-4.8388895988464355,0.0,21.857290267944336,-0.644005298614502
1.6875,135,flat_plate,main_wing,segment_0,main_wing:segment_0:mirror:7,mirror,7,-3.546656608581543,3.546656608581543,-3.7012720108032227,-3.392040967941284,1.0,0.3092310428619385,-6.292087554931641,6.292087554931641,9.883962631225586,1.2731912876832554,62.556158214159765,3.05165070016564,1.2511231642831953,-4.0951642990112305,0.0,18.92940330505371,-0.7093313217163086
1.6875,135,flat_plate,main_wing,segment_0,main_wing:segment_0:mirror:8,mirror,8,-3.8402483463287354,3.8402483463287354,-3.979224443435669,-3.7012720108032227,1.0,0.2779524326324463,-5.997577667236328,5.997577667236328,9.87451171875,1.2147593396133116,59.5165972849448,3.2398669971881553,1.190331945698896,-3.4117431640625,0.0,16.212175369262695,-0.768049669265747
1.6875,135,flat_plate,main_wing,segment_0,main_wing:segment_0:mirror:9,mirror,9,-4.1041436195373535,4.1041436195373535,-4.229062557220459,-3.979224443435669,1.0,0.24983811378479004,-5.631043434143066,5.631043434143066,9.861154556274414,1.1420657494025728,55.74550928165113,3.4044257814561893,1.1149101856330226,-2.783090829849243,0.0,13.672929763793945,-0.8208287239074707
1.6875,135,flat_plate,main_wing,segment_0,main_wing:segment_0:mirror:10,mirror,10,-4.34134578704834,4.34134578704834,-4.453629493713379,-4.229062557220459,1.0,0.22456693649291992,-5.1714982986450195,5.1714982986450195,9.842391967773438,1.050862090349146,51.03976391126246,3.5204610140014045,1.0207952782252492,-2.2029025554656982,0.0,11.275907516479492,-0.8682691574096679
1.6875,135,flat_plate,main_wing,segment_0,main_wing:segment_0:mirror:11,mirror,11,-4.554555416107178,4.554555416107178,-4.655481815338135,-4.453629493713379,1.0,0.20185232162475586,-4.586503028869629,4.586503028869629,9.815812110900879,0.9345132072721973,45.08870220317234,3.5531701837537484,0.9017740440634467,-1.6628021001815796,0.0,8.976770401000977,-0.9109110832214355
1.6875,135,flat_plate,main_wing,segment_0,main_wing:segment_0:mirror:12,mirror,12,-4.746199131011963,4.746199131011963,-4.836916923522949,-4.655481815338135,1.0,0.18143510818481445,-3.8239946365356445,3.8239946365356445,9.77581787109375,0.7823375367585083,37.393155817019405,3.4639685798717603,0.7478631163403882,-1.1488696336746216,0.0,6.715921401977539,-0.9492398262023926
1.6875,135,flat_plate,main_wing,segment_0,main_wing:segment_0:mirror:13,mirror,13,-4.918458461761475,4.918458461761475,-5.0,-4.836916923522949,1.0,0.16308307647705078,-2.7397661209106445,2.7397661209106445,9.706756591796875,0.5645070204451207,26.54929474413299,3.1378503304899796,0.5309858948826598,-0.6263258457183838,0.0,4.3146538734436035,-0.9836916923522949
1.6875,135,flat_plate,main_wing,segment_0,main_wing:segment_0:orig:0,orig,0,0.3261663019657135,0.3261663019657135,0.0,0.652332603931427,1.0,0.652332603931427,7.175088882446289,7.175088882446289,9.90113353729248,1.449346957178472,71.68433703885324,2.0958433078549508,1.4336867407770648,-10.782302856445312,0.0,45.52250671386719,0.0652332603931427
1.6875,135,flat_plate,main_wing,segment_0,main_wing:segment_0:orig:1,orig,1,0.9455074667930603,0.9455074667930603,0.652332603931427,1.2386823892593384,1.0,0.5863497853279114,7.141825199127197,7.141825199127197,9.900997161865234,1.4426476611133094,71.34194551868416,2.1435607961077348,1.4268389103736832,-9.612696647644043,0.0,40.73126983642578,0.18910149335861207
1.6875,135,flat_plate,main_wing,segment_0,main_wing:segment_0:orig:2,orig,2,1.5022028684616089,1.5022028684616089,1.2386823892593384,1.765723466873169,1.0,0.5270410776138306,7.080014705657959,7.080014705657959,9.900541305541992,1.430227800109233,70.70447802868478,2.2308783865181416,1.4140895605736956,-8.508974075317383,0.0,36.298728942871094,0.3004405736923218
1.6875,135,flat_plate,main_wing,segment_0,main_wing:segment_0:orig:3,orig,3,2.002588987350464,2.002588987350464,1.765723466873169,2.239454746246338,1.0,0.47373127937316895,6.990579605102539,6.990579605102539,9.89957046508789,1.4122995800182883,69.7808242844159,2.351285925095034,1.395616485688318,-7.479950904846191,0.0,32.2192497253418,0.40051779747009275
1.6875,135,flat_plate,main_wing,segment_0,main_wing:segment_0:orig:4,orig,4,2.452361822128296,2.452361822128296,2.239454746246338,2.665268659591675,1.0,0.4258139133453369,6.871817588806152,6.871817588806152,9.897815704345703,1.38855234206655,68.55285734468208,2.4996603384354747,1.3710571468936417,-6.527002811431885,0.0,28.471593856811523,0.49047236442565917
1.6875,135,flat_plate,main_wing,segment_0,main_wing:segment_0:orig:5,orig,5,2.856640338897705,2.856640338897705,2.665268659591675,3.0480120182037354,1.0,0.38274335861206055,6.719938278198242,6.719938278198242,9.894941329956055,1.3582573264692792,66.98140948403315,2.670456648936274,1.339628189680663,-5.647991180419922,0.0,25.027679443359375,0.571328067779541
1.6875,135,flat_plate,main_wing,segment_0,main_wing:segment_0:orig:6,orig,6,3.2200264930725098,3.2200264930725098,3.0480120182037354,3.392040967941284,1.0,0.34402894973754883,6.529292106628418,6.529292106628418,9.890512466430664,1.3203142160306565,65.00875845941336,2.857420314968141,1.3001751691882673,-4.838921546936035,0.0,21.857257843017578,0.644005298614502
1.6875,135,flat_plate,main_wing,segment_0,main_wing:segment_0:orig:7,orig,7,3.546656608581543,3.546656608581543,3.392040967941284,3.7012720108032227,1.0,0.3092310428619385,6.292060375213623,6.292060375213623,9.883956909179688,1.2731865249978773,62.55590972343876,3.051458001239486,1.2511181944687753,-4.0952019691467285,0.0,18.92931365966797,0.7093313217163086
1.6875,135,flat_plate,main_wing,segment_0,main_wing:segment_0:orig:8,orig,8,3.8402483463287354,3.8402483463287354,3.7012720108032227,3.979224443435669,1.0,0.2779524326324463,5.997540473937988,5.997540473937988,9.874503135681152,1.2147528623017187,59.51625124959913,3.239620648743352,1.1903250249919826,-3.4117844104766846,0.0,16.212064743041992,0.768049669265747
1.6875,135,flat_plate,main_wing,segment_0,main_wing:segment_0:orig:9,orig,9,4.1041436195373535,4.1041436195373535,3.979224443435669,4.229062557220459,1.0,0.24983811378479004,5.631028652191162,5.631028652191162,9.861149787902832,1.142063303632002,55.74537594686999,3.404274463651469,1.1149075189373998,-2.783118724822998,0.0,13.672887802124023,0.8208287239074707
1.6875,135,flat_plate,main_wing,segment_0,main_wing:segment_0:orig:10,orig,10,4.34134578704834,4.34134578704834,4.229062557220459,4.453629493713379,1.0,0.22456693649291992,5.171489238739014,5.171489238739014,9.842386245727539,1.0508608602886103,51.039672666274086,3.5203585264915156,1.0207934533254817,-2.2029194831848145,0.0,11.27588176727295,0.8682691574096679
1.6875,135,flat_plate,main_wing,segment_0,main_wing:segment_0:orig:11,orig,11,4.554555416107178,4.554555416107178,4.453629493713379,4.655481815338135,1.0,0.20185232162475586,4.586496353149414,4.586496353149414,9.815810203552246,0.934512028663636,45.08864868442022,3.553132609865456,0.9017729736884044,-1.6628066301345825,0.0,8.976758003234863,0.9109110832214355
1.6875,135,flat_plate,main_wing,segment_0,main_wing:segment_0:orig:12,orig,12,4.746199131011963,4.746199131011963,4.655481815338135,4.836916923522949,1.0,0.18143510818481445,3.8239898681640625,3.8239898681640625,9.775816917419434,0.7823366375346354,37.3931126487825,3.4639672161740886,0.74786225297565,-1.1488678455352783,0.0,6.715913772583008,0.9492398262023926
1.6875,135,flat_plate,main_wing,segment_0,main_wing:segment_0:orig:13,orig,13,4.918458461761475,4.918458461761475,4.836916923522949,5.0,1.0,0.16308307647705078,2.739765167236328,2.739765167236328,9.706755638122559,0.5645068794100687,26.549286622560103,3.1378693435648577,0.5309857324512021,-0.6263225078582764,0.0,4.314653396606445,0.9836916923522949
1.75,140,flat_plate,main_wing,segment_0,main_wing:segment_0:mirror:0,mirror,0,-0.3261663019657135,0.3261663019657135,-0.652332603931427,0.0,1.0,0.652332603931427,-7.177523612976074,7.177523612976074,9.90130615234375,1.4498134897640902,71.71040724691314,2.0921100736336324,1.4342081449382627,-10.789056777954102,0.0,45.53830337524414,-0.0652332603931427
1.75,140,flat_plate,main_wing,segment_0,main_wing:segment_0:mirror:1,mirror,1,-0.9455074667930603,0.9455074667930603,-1.2386823892593384,-0.652332603931427,1.0,0.5863497853279114,-7.144218444824219,7.144218444824219,9.901166915893555,1.443106354132092,71.36757953580785,2.139843139511834,1.427351590716157,-9.618692398071289,0.0,40.74522399902344,-0.18910149335861207
1.75,140,flat_plate,main_wing,segment_0,main_wing:segment_0:mirror:2,mirror,2,-1.5022028684616089,1.5022028684616089,-1.765723466873169,-1.2386823892593384,1.0,0.5270410776138306,-7.082361221313477,7.082361221313477,9.900707244873047,1.4306778386929855,70.72959754890184,2.227347097706662,1.4145919509780367,-8.514198303222656,0.0,36.31103515625,-0.3004405736923218
1.75,140,flat_plate,main_wing,segment_0,main_wing:segment_0:mirror:3,mirror,3,-2.002588987350464,2.002588987350464,-2.239454746246338,-1.765723466873169,1.0,0.47373127937316895,-6.992877006530762,6.992877006530762,9.899727821350098,1.4127412657648384,69.80534249385421,2.347954912660534,1.3961068498770843,-7.484481334686279,0.0,32.23006057739258,-0.40051779747009275
1.75,140,flat_plate,main_wing,segment_0,main_wing:segment_0:mirror:4,mirror,4,-2.452361822128296,2.452361822128296,-2.665268659591675,-2.239454746246338,1.0,0.4258139133453369,-6.874052047729492,6.874052047729492,9.897966384887695,1.3889827021891805,68.57664325397246,2.4964890031172176,1.3715328650794492,-6.530928611755371,0.0,28.481027603149414,-0.49047236442565917
1.75,140,flat_plate,main_wing,segment_0,main_wing:segment_0:mirror:5,mirror,5,-2.856640338897705,2.856640338897705,-3.0480120182037354,-2.665268659591675,1.0,0.38274335861206055,-6.722101211547852,6.722101211547852,9.89508056640625,1.3586753875191986,67.00436977336209,2.667541623652902,1.3400873954672416,-5.65134334564209,0.0,25.035879135131836,-0.571328067779541
1.75,140,flat_plate,main_wing,segment_0,main_wing:segment_0:mirror:6,mirror,6,-3.2200264930725098,3.2200264930725098,-3.392040967941284,-3.0480120182037354,1.0,0.34402894973754883,-6.531386375427246,6.531386375427246,9.890644073486328,1.320720132460497,65.03087944230276,2.8547638511944147,1.3006175888460552,-4.841773986816406,0.0,21.86437225341797,-0.644005298614502
1.75,140,flat_plate,main_wing,segment_0,main_wing:segment_0:mirror:7,mirror,7,-3.546656608581543,3.546656608581543,-3.7012720108032227,-3.392040967941284,1.0,0.3092310428619385,-6.294093132019043,6.294093132019043,9.884077072143555,1.273582366078019,62.57727938572086,3.0492290961547495,1.251545587714417,-4.097578048706055,0.0,18.935518264770508,-0.7093313217163086
1.75,140,flat_plate,main_wing,segment_0,main_wing:segment_0:mirror:8,mirror,8,-3.8402483463287354,3.8402483463287354,-3.979224443435669,-3.7012720108032227,1.0,0.2779524326324463,-5.999507427215576,5.999507427215576,9.874611854553223,1.2151378738900365,59.53674275740023,3.237859708780488,1.1907348551480046,-3.413731336593628,0.0,16.217439651489258,-0.768049669265747
1.75,140,flat_plate,main_wing,segment_0,main_wing:segment_0:mirror:9,mirror,9,-4.1041436195373535,4.1041436195373535,-4.229062557220459,-3.979224443435669,1.0,0.24983811378479004,-5.6328630447387695,5.6328630447387695,9.861242294311523,1.1424246310199877,55.764323775146345,3.4029367203069936,1.1152864755029268,-2.7846667766571045,0.0,13.677373886108398,-0.8208287239074707
1.75,140,flat_plate,main_wing,segment_0,main_wing:segment_0:mirror:10,mirror,10,-4.34134578704834,4.34134578704834,-4.453629493713379,-4.229062557220459,1.0,0.22456693649291992,-5.173157215118408,5.173157215118408,9.842467308044434,1.0511911400285352,51.05674896949124,3.5193406170184947,1.0211349793898248,-2.2041327953338623,0.0,11.279526710510254,-0.8682691574096679
1.75,140,flat_plate,main_wing,segment_0,main_wing:segment_0:mirror:11,mirror,11,-4.554555416107178,4.554555416107178,-4.655481815338135,-4.453629493713379,1.0,0.20185232162475586,-4.587955474853516,4.587955474853516,9.815864562988281,0.9348041520770101,45.10344667695705,3.5524137076261124,0.902068933539141,-1.663719892501831,0.0,8.979605674743652,-0.9109110832214355
1.75,140,flat_plate,main_wing,segment_0,main_wing:segment_0:mirror:12,mirror,12,-4.746199131011963,4.746199131011963,-4.836916923522949,-4.655481815338135,1.0,0.18143510818481445,-3.825185537338257,3.825185537338257,9.775843620300293,0.7825791176517931,37.405095798532265,3.463650506319476,0.7481019159706453,-1.1494860649108887,0.0,6.71799898147583,-0.9492398262023926
1.75,140,flat_plate,main_wing,segment_0,main_wing:segment_0:mirror:13,mirror,13,-4.918458461761475,4.918458461761475,-5.0,-4.836916923522949,1.0,0.16308307647705078,-2.740603446960449,2.740603446960449,9.706733703613281,0.5646808763158453,26.557531507683738,3.1379399537717427,0.5311506301536748,-0.6266593933105469,0.0,4.31595516204834,-0.9836916923522949
1.75,140,flat_plate,main_wing,segment_0,main_wing:segment_0:orig:0,orig,0,0.3261663019657135,0.3261663019657135,0.0,0.652332603931427,1.0,0.652332603931427,7.1775336265563965,7.1775336265563965,9.901304244995117,1.4498157917295544,71.71048640771055,2.0920631764529305,1.434209728154211,-10.78909969329834,0.0,45.53834533691406,0.0652332603931427
1.75,140,flat_plate,main_wing,segment_0,main_wing:segment_0:orig:1,orig,1,0.9455074667930603,0.9455074667930603,0.652332603931427,1.2386823892593384,1.0,0.5863497853279114,7.14423942565918,7.14423942565918,9.901165962219238,1.443110731184608,71.36776980482543,2.1398368715506932,1.4273553960965086,-9.618724822998047,0.0,40.745330810546875,0.18910149335861207
1.75,140,flat_plate,main_wing,segment_0,main_wing:segment_0:orig:2,orig,2,1.5022028684616089,1.5022028684616089,1.2386823892593384,1.765723466873169,1.0,0.5270410776138306,7.082392692565918,7.082392692565918,9.900712966918945,1.4306833692139496,70.72995286952751,2.227307426580691,1.4145990573905503,-8.514266967773438,0.0,36.31121063232422,0.3004405736923218
1.75,140,flat_plate,main_wing,segment_0,main_wing:segment_0:orig:3,orig,3,2.002588987350464,2.002588987350464,1.765723466873169,2.239454746246338,1.0,0.47373127937316895,6.992913722991943,6.992913722991943,9.89973258972168,1.4127480029616721,69.80576664177278,2.347865360338679,1.3961153328354556,-7.484574317932129,0.0,32.23024368286133,0.40051779747009275
1.75,140,flat_plate,main_wing,segment_0,main_wing:segment_0:orig:4,orig,4,2.452361822128296,2.452361822128296,2.239454746246338,2.665268659591675,1.0,0.4258139133453369,6.87407112121582,6.87407112121582,9.897971153259277,1.3889858870627796,68.57687300310454,2.4964276754039645,1.3715374600620907,-6.530979156494141,0.0,28.481115341186523,0.49047236442565917
1.75,140,flat_plate,main_wing,segment_0,main_wing:segment_0:orig:5,orig,5,2.856640338897705,2.856640338897705,2.665268659591675,3.0480120182037354,1.0,0.38274335861206055,6.7221293449401855,6.7221293449401855,9.895078659057617,1.358681335754108,67.0046462428985,2.66747253686928,1.34009292485797,-5.65139627456665,0.0,25.035974502563477,0.571328067779541
1.75,140,flat_plate,main_wing,segment_0,main_wing:segment_0:orig:6,orig,6,3.2200264930725098,3.2200264930725098,3.0480120182037354,3.392040967941284,1.0,0.34402894973754883,6.531408309936523,6.531408309936523,9.890642166137695,1.3207248225596344,65.03109734222271,2.8547217920614014,1.3006219468444542,-4.8418073654174805,0.0,21.86444091796875,0.644005298614502
1.75,140,flat_plate,main_wing,segment_0,main_wing:segment_0:orig:7,orig,7,3.546656608581543,3.546656608581543,3.392040967941284,3.7012720108032227,1.0,0.3092310428619385,6.294093132019043,6.294093132019043,9.884069442749023,1.2735833491409563,62.577272686959866,3.049182601871861,1.2515454537391972,-4.097591400146484,0.0,18.93551254272461,0.7093313217163086
1.75,140,flat_plate,main_wing,segment_0,main_wing:segment_0:orig:8,orig,8,3.8402483463287354,3.8402483463287354,3.7012720108032227,3.979224443435669,1.0,0.2779524326324463,5.999537467956543,5.999537467956543,9.874603271484375,1.2151450145408582,59.536988131562225,3.238004490931523,1.1907397626312446,-3.413710117340088,0.0,16.21751594543457,0.768049669265747
1.75,140,flat_plate,main_wing,segment_0,main_wing:segment_0:orig:9,orig,9,4.1041436195373535,4.1041436195373535,3.979224443435669,4.229062557220459,1.0,0.24983811378479004,5.632905006408691,5.632905006408691,9.861221313476562,1.1424355720950383,55.7646511153406,3.403086672078813,1.115293022306812,-2.784651756286621,0.0,13.677462577819824,0.8208287239074707
1.75,140,flat_plate,main_wing,segment_0,main_wing:segment_0:orig:10,orig,10,4.34134578704834,4.34134578704834,4.229062557220459,4.453629493713379,1.0,0.22456693649291992,5.173189163208008,5.173189163208008,9.842449188232422,1.0511995671551029,51.05700561153203,3.5193016689486596,1.0211401122306405,-2.2041561603546143,0.0,11.279580116271973,0.8682691574096679
1.75,140,flat_plate,main_wing,segment_0,main_wing:segment_0:orig:11,orig,11,4.554555416107178,4.554555416107178,4.453629493713379,4.655481815338135,1.0,0.20185232162475586,4.5879387855529785,4.5879387855529785,9.815845489501953,0.9348025680436349,45.10326454812365,3.5521441873244153,0.9020652909624729,-1.6637629270553589,0.0,8.9795560836792,0.9109110832214355
1.75,140,flat_plate,main_wing,segment_0,main_wing:segment_0:orig:12,orig,12,4.746199131011963,4.746199131011963,4.655481815338135,4.836916923522949,1.0,0.18143510818481445,3.8251683712005615,3.8251683712005615,9.775832176208496,0.7825765218248933,37.40491608189783,3.4634479430180027,0.7480983216379566,-1.1495131254196167,0.0,6.717957973480225,0.9492398262023926
1.75,140,flat_plate,main_wing,segment_0,main_wing:segment_0:orig:13,orig,13,4.918458461761475,4.918458461761475,4.836916923522949,5.0,1.0,0.16308307647705078,2.7405967712402344,2.7405967712402344,9.70672607421875,0.5646799446662685,26.557463739467984,3.1378313626676704,0.5311492747893597,-0.6266736388206482,0.0,4.315939903259277,0.9836916923522949
1.8125,145,flat_plate,main_wing,segment_0,main_wing:segment_0:mirror:0,mirror,0,-0.3261663019657135,0.3261663019657135,-0.652332603931427,0.0,1.0,0.652332603931427,-7.179714679718018,7.179714679718018,9.901447296142578,1.4502353979130107,71.73379272498876,2.0887487137369103,1.4346758544997753,-10.795123100280762,0.0,45.55247116088867,-0.0652332603931427
1.8125,145,flat_plate,main_wing,segment_0,main_wing:segment_0:mirror:1,mirror,1,-0.9455074667930603,0.9455074667930603,-1.2386823892593384,-0.652332603931427,1.0,0.5863497853279114,-7.146385192871094,7.146385192871094,9.901313781738281,1.4435226173826943,71.39071867530691,2.136563262080616,1.4278143735061384,-9.624061584472656,0.0,40.75783157348633,-0.18910149335861207
1.8125,145,flat_plate,main_wing,segment_0,main_wing:segment_0:mirror:2,mirror,2,-1.5022028684616089,1.5022028684616089,-1.765723466873169,-1.2386823892593384,1.0,0.5270410776138306,-7.084497451782227,7.084497451782227,9.900850296020508,1.4310886923782151,70.75239758287582,2.2241665572260105,1.4150479516575163,-8.518927574157715,0.0,36.322208404541016,-0.3004405736923218
1.8125,145,flat_plate,main_wing,segment_0,main_wing:segment_0:mirror:3,mirror,3,-2.002588987350464,2.002588987350464,-2.239454746246338,-1.765723466873169,1.0,0.47373127937316895,-6.994956970214844,6.994956970214844,9.899867057800293,1.4131415966244485,69.82752292324822,2.3448238504351036,1.3965504584649644,-7.488633632659912,0.0,32.23982620239258,-0.40051779747009275
1.8125,145,flat_plate,main_wing,segment_0,main_wing:segment_0:mirror:4,mirror,4,-2.452361822128296,2.452361822128296,-2.665268659591675,-2.239454746246338,1.0,0.4258139133453369,-6.876055717468262,6.876055717468262,9.898096084594727,1.3893693612795028,68.59797260171688,2.4935208150985093,1.3719594520343374,-6.5345001220703125,0.0,28.489473342895508,-0.49047236442565917
1.8125,145,flat_plate,main_wing,segment_0,main_wing:segment_0:mirror:5,mirror,5,-2.856640338897705,2.856640338897705,-3.0480120182037354,-2.665268659591675,1.0,0.38274335861206055,-6.724038124084473,6.724038124084473,9.895201683044434,1.3590502426254143,67.02491715227453,2.6648132646290006,1.3404983430454904,-5.654387474060059,0.0,25.04320526123047,-0.571328067779541
1.8125,145,flat_plate,main_wing,segment_0,main_wing:segment_0:mirror:6,mirror,6,-3.2200264930725098,3.2200264930725098,-3.392040967941284,-3.0480120182037354,1.0,0.34402894973754883,-6.533221244812012,6.533221244812012,9.890754699707031,1.321076387630062,65.05029210356113,2.8522756574680876,1.3010058420712227,-4.844329357147217,0.0,21.870601654052734,-0.644005298614502
1.8125,145,flat_plate,main_wing,segment_0,main_wing:segment_0:mirror:7,mirror,7,-3.546656608581543,3.546656608581543,-3.7012720108032227,-3.392040967941284,1.0,0.3092310428619385,-6.295814037322998,6.295814037322998,9.88416862487793,1.2739187839181065,62.59541583186507,3.0468650071569794,1.2519083166373013,-4.099735736846924,0.0,18.940746307373047,-0.7093313217163086
1.8125,145,flat_plate,main_wing,segment_0,main_wing:segment_0:mirror:8,mirror,8,-3.8402483463287354,3.8402483463287354,-3.979224443435669,-3.7012720108032227,1.0,0.2779524326324463,-6.001131057739258,6.001131057739258,9.874689102172852,1.2154572150365228,59.55372397955441,3.235836642721875,1.1910744795910881,-3.4154961109161377,0.0,16.221853256225586,-0.768049669265747
1.8125,145,flat_plate,main_wing,segment_0,main_wing:segment_0:mirror:9,mirror,9,-4.1041436195373535,4.1041436195373535,-4.229062557220459,-3.979224443435669,1.0,0.24983811378479004,-5.634347915649414,5.634347915649414,9.861295700073242,1.1427195952774374,55.779722683327094,3.401437423572454,1.1155944536665419,-2.786024332046509,0.0,13.68099308013916,-0.8208287239074707
1.8125,145,flat_plate,main_wing,segment_0,main_wing:segment_0:mirror:10,mirror,10,-4.34134578704834,4.34134578704834,-4.453629493713379,-4.229062557220459,1.0,0.22456693649291992,-5.174489498138428,5.174489498138428,9.842504501342773,1.0514578880675123,51.07045958778801,3.5182001607448328,1.0214091917557602,-2.205177068710327,0.0,11.282434463500977,-0.8682691574096679
1.8125,145,flat_plate,main_wing,segment_0,main_wing:segment_0:mirror:11,mirror,11,-4.554555416107178,4.554555416107178,-4.655481815338135,-4.453629493713379,1.0,0.20185232162475586,-4.589114665985107,4.589114665985107,9.81589126586914,0.9350377956899195,45.11529204452793,3.551250321409653,0.9023058408905587,-1.6645655632019043,0.0,8.981854438781738,-0.9109110832214355
1.8125,145,flat_plate,main_wing,segment_0,main_wing:segment_0:mirror:12,mirror,12,-4.746199131011963,4.746199131011963,-4.836916923522949,-4.655481815338135,1.0,0.18143510818481445,-3.8261547088623047,3.8261547088623047,9.775857925415039,0.7827762510572418,37.41485899198971,3.463058661127574,0.7482971798397942,-1.1500482559204102,0.0,6.719682216644287,-0.9492398262023926
1.8125,145,flat_plate,main_wing,segment_0,main_wing:segment_0:mirror:13,mirror,13,-4.918458461761475,4.918458461761475,-5.0,-4.836916923522949,1.0,0.16308307647705078,-2.7413086891174316,2.7413086891174316,9.706716537475586,0.5648271850803136,26.564471541578367,3.13793222814174,0.5312894308315673,-0.6269535422325134,0.0,4.317048072814941,-0.9836916923522949
1.8125,145,flat_plate,main_wing,segment_0,main_wing:segment_0:orig:0,orig,0,0.3261663019657135,0.3261663019657135,0.0,0.652332603931427,1.0,0.652332603931427,7.179728984832764,7.179728984832764,9.901443481445312,1.450238846141399,71.73393328992853,2.0886985940291902,1.4346786657985706,-10.795178413391113,0.0,45.55255126953125,0.0652332603931427
1.8125,145,flat_plate,main_wing,segment_0,main_wing:segment_0:orig:1,orig,1,0.9455074667930603,0.9455074667930603,0.652332603931427,1.2386823892593384,1.0,0.5863497853279114,7.146413803100586,7.146413803100586,9.901309967041016,1.4435289526111617,71.39097942360758,2.136495054905411,1.4278195884721514,-9.624139785766602,0.0,40.75796890258789,0.18910149335861207
1.8125,145,flat_plate,main_wing,segment_0,main_wing:segment_0:orig:2,orig,2,1.5022028684616089,1.5022028684616089,1.2386823892593384,1.765723466873169,1.0,0.5270410776138306,7.084529876708984,7.084529876708984,9.900856018066406,1.4310944152266467,70.75275765404926,2.2240532262273263,1.4150551530809852,-8.519034385681152,0.0,36.3223762512207,0.3004405736923218
1.8125,145,flat_plate,main_wing,segment_0,main_wing:segment_0:orig:3,orig,3,2.002588987350464,2.002588987350464,1.765723466873169,2.239454746246338,1.0,0.47373127937316895,6.9949951171875,6.9949951171875,9.899871826171875,1.4131486225296626,69.82796214368148,2.344709158998852,1.3965592428736295,-7.488739967346191,0.0,32.240013122558594,0.40051779747009275
1.8125,145,flat_plate,main_wing,segment_0,main_wing:segment_0:orig:4,orig,4,2.452361822128296,2.452361822128296,2.239454746246338,2.665268659591675,1.0,0.4258139133453369,6.87608528137207,6.87608528137207,9.898102760314941,1.389374397877697,68.59830536310817,2.493455787570821,1.3719661072621634,-6.5345635414123535,0.0,28.48960304260254,0.49047236442565917
1.8125,145,flat_plate,main_wing,segment_0,main_wing:segment_0:orig:5,orig,5,2.856640338897705,2.856640338897705,2.665268659591675,3.0480120182037354,1.0,0.38274335861206055,6.724076271057129,6.724076271057129,9.895201683044434,1.359057952821503,67.02530368874739,2.6647762497699916,1.3405060737749477,-5.654439449310303,0.0,25.043344497680664,0.571328067779541
1.8125,145,flat_plate,main_wing,segment_0,main_wing:segment_0:orig:6,orig,6,3.2200264930725098,3.2200264930725098,3.0480120182037354,3.392040967941284,1.0,0.34402894973754883,6.533255577087402,6.533255577087402,9.890754699707031,1.3210833299264657,65.0506360438458,2.852255891292948,1.301012720876916,-4.844366550445557,0.0,21.87071418762207,0.644005298614502
1.8125,145,flat_plate,main_wing,segment_0,main_wing:segment_0:orig:7,orig,7,3.546656608581543,3.546656608581543,3.392040967941284,3.7012720108032227,1.0,0.3092310428619385,6.295851707458496,6.295851707458496,9.884178161621094,1.273925177088455,62.59579397117102,3.0469551544398152,1.2519158794234204,-4.099739074707031,0.0,18.940866470336914,0.7093313217163086
1.8125,145,flat_plate,main_wing,segment_0,main_wing:segment_0:orig:8,orig,8,3.8402483463287354,3.8402483463287354,3.7012720108032227,3.979224443435669,1.0,0.2779524326324463,6.001166343688965,6.001166343688965,9.874696731567383,1.21546342269013,59.554094341132156,3.235886151333615,1.1910818868226432,-3.4155094623565674,0.0,16.221956253051758,0.768049669265747
1.8125,145,flat_plate,main_wing,segment_0,main_wing:segment_0:orig:9,orig,9,4.1041436195373535,4.1041436195373535,3.979224443435669,4.229062557220459,1.0,0.24983811378479004,5.634379863739014,5.634379863739014,9.86130142211914,1.1427254116988985,55.7800595522411,3.401227348686867,1.115601191044822,-2.7860968112945557,0.0,13.681060791015625,0.8208287239074707
1.8125,145,flat_plate,main_wing,segment_0,main_wing:segment_0:orig:10,orig,10,4.34134578704834,4.34134578704834,4.229062557220459,4.453629493713379,1.0,0.22456693649291992,5.174501419067383,5.174501419067383,9.842511177062988,1.0514595972471037,51.07060598674435,3.5179327299394316,1.0214121197348869,-2.2052435874938965,0.0,11.282450675964355,0.8682691574096679
1.8125,145,flat_plate,main_wing,segment_0,main_wing:segment_0:orig:11,orig,11,4.554555416107178,4.554555416107178,4.453629493713379,4.655481815338135,1.0,0.20185232162475586,4.589118003845215,4.589118003845215,9.81589412689209,0.9350382032488816,45.11533599941768,3.5512688245974076,0.9023067199883537,-1.6645642518997192,0.0,8.981863975524902,0.9109110832214355
1.8125,145,flat_plate,main_wing,segment_0,main_wing:segment_0:orig:12,orig,12,4.746199131011963,4.746199131011963,4.655481815338135,4.836916923522949,1.0,0.18143510818481445,3.82615327835083,3.82615327835083,9.775859832763672,0.7827758056692927,37.41484934779009,3.463054036332766,0.7482969869558018,-1.1500486135482788,0.0,6.719680309295654,0.9492398262023926
1.8125,145,flat_plate,main_wing,segment_0,main_wing:segment_0:orig:13,orig,13,4.918458461761475,4.918458461761475,4.836916923522949,5.0,1.0,0.16308307647705078,2.741307258605957,2.741307258605957,9.706716537475586,0.5648268903335846,26.564462217439,3.1379331351603046,0.53128924434878,-0.6269530057907104,0.0,4.317046642303467,0.9836916923522949
1.875,150,flat_plate,main_wing,segment_0,main_wing:segment_0:mirror:0,mirror,0,-0.3261663019657135,0.3261663019657135,-0.652332603931427,0.0,1.0,0.652332603931427,-7.181680202484131,7.181680202484131,9.901576042175293,1.4506135532149842,71.75479498110256,2.0856281246549804,1.4350958996220513,-10.80063533782959,0.0,45.56517791748047,-0.0652332603931427
1.875,150,flat_plate,main_wing,segment_0,main_wing:segment_0:mirror:1,mirror,1,-0.9455074667930603,0.9455074667930603,-1.2386823892593384,-0.652332603931427,1.0,0.5863497853279114,-7.148349761962891,7.148349761962891,9.901440620422363,1.443900950578637,71.4116585343883,2.1335983086443355,1.4282331706877658,-9.628918647766113,0.0,40.76924133300781,-0.18910149335861207
1.875,150,flat_plate,main_wing,segment_0,main_wing:segment_0:mirror:2,mirror,2,-1.5022028684616089,1.5022028684616089,-1.765723466873169,-1.2386823892593384,1.0,0.5270410776138306,-7.086414337158203,7.086414337158203,9.900976181030273,1.4314577083288784,70.77283618266641,2.2213255251594606,1.4154567236533282,-8.523161888122559,0.0,36.33222579956055,-0.3004405736923218
1.875,150,flat_plate,main_wing,segment_0,main_wing:segment_0:mirror:3,mirror,3,-2.002588987350464,2.002588987350464,-2.239454746246338,-1.765723466873169,1.0,0.47373127937316895,-6.996844291687012,6.996844291687012,9.89999008178711,1.4135053134162268,69.84760196470108,2.3422238898530376,1.3969520392940218,-7.492285251617432,0.0,32.248695373535156,-0.40051779747009275
1.875,150,flat_plate,main_wing,segment_0,main_wing:segment_0:mirror:4,mirror,4,-2.452361822128296,2.452361822128296,-2.665268659591675,-2.239454746246338,1.0,0.4258139133453369,-6.877900123596191,6.877900123596191,9.898212432861328,1.3897257045650133,68.61753779966753,2.491061875700083,1.3723507559933505,-6.537667751312256,0.0,28.497249603271484,-0.49047236442565917
1.875,150,flat_plate,main_wing,segment_0,main_wing:segment_0:mirror:5,mirror,5,-2.856640338897705,2.856640338897705,-3.0480120182037354,-2.665268659591675,1.0,0.38274335861206055,-6.725807189941406,6.725807189941406,9.89531421661377,1.3593923432262698,67.04365004472996,2.662483510638941,1.3408730008945993,-5.6571044921875,0.0,25.04990005493164,-0.571328067779541
1.875,150,flat_plate,main_wing,segment_0,main_wing:segment_0:mirror:6,mirror,6,-3.2200264930725098,3.2200264930725098,-3.392040967941284,-3.0480120182037354,1.0,0.34402894973754883,-6.5349297523498535,6.5349297523498535,9.890857696533203,1.3214081028868467,65.06830389052148,2.8502601454219243,1.3013660778104295,-4.846602916717529,0.0,21.876407623291016,-0.644005298614502
1.875,150,flat_plate,main_wing,segment_0,main_wing:segment_0:mirror:7,mirror,7,-3.546656608581543,3.546656608581543,-3.7012720108032227,-3.392040967941284,1.0,0.3092310428619385,-6.297446250915527,6.297446250915527,9.884261131286621,1.2742371265328554,62.61253054172422,3.0450253475197595,1.2522506108344844,-4.101655006408691,0.0,18.945711135864258,-0.7093313217163086
1.875,150,flat_plate,main_wing,segment_0,main_wing:segment_0:mirror:8,mirror,8,-3.8402483463287354,3.8402483463287354,-3.979224443435669,-3.7012720108032227,1.0,0.2779524326324463,-6.002664566040039,6.002664566040039,9.874773025512695,1.215757476254171,59.56973689221865,3.2342192506311584,1.191394737844373,-3.4170823097229004,0.0,16.226036071777344,-0.768049669265747
1.875,150,flat_plate,main_wing,segment_0,main_wing:segment_0:mirror:9,mirror,9,-4.1041436195373535,4.1041436195373535,-4.229062557220459,-3.979224443435669,1.0,0.24983811378479004,-5.635767936706543,5.635767936706543,9.861368179321289,1.1429991932609145,55.794453112654324,3.4000731784926987,1.1158890622530864,-2.787306070327759,0.0,13.684459686279297,-0.8208287239074707
1.875,150,flat_plate,main_wing,segment_0,main_wing:segment_0:mirror:10,mirror,10,-4.34134578704834,4.34134578704834,-4.453629493713379,-4.229062557220459,1.0,0.22456693649291992,-5.175738334655762,5.175738334655762,9.842556953430176,1.051706047350225,51.08335617934949,3.5169965645090593,1.0216671235869896,-2.2061877250671387,0.0,11.285161972045898,-0.8682691574096679
1.875,150,flat_plate,main_wing,segment_0,main_wing:segment_0:mirror:11,mirror,11,-4.554555416107178,4.554555416107178,-4.655481815338135,-4.453629493713379,1.0,0.20185232162475586,-4.590214729309082,4.590214729309082,9.815925598144531,0.9352586637732367,45.126539508786486,3.5503651084889922,0.9025307901757297,-1.6653257608413696,0.0,8.984001159667969,-0.9109110832214355
1.875,150,flat_plate,main_wing,segment_0,main_wing:segment_0:mirror:12,mirror,12,-4.746199131011963,4.746199131011963,-4.836916923522949,-4.655481815338135,1.0,0.18143510818481445,-3.827051877975464,3.827051877975464,9.775867462158203,0.7829590351525841,37.42390348370318,3.462508913904358,0.7484780696740636,-1.1505693197250366,0.0,6.721241474151611,-0.9492398262023926
1.875,150,flat_plate,main_wing,segment_0,main_wing:segment_0:mirror:13,mirror,13,-4.918458461761475,4.918458461761475,-5.0,-4.836916923522949,1.0,0.16308307647705078,-2.7419490814208984,2.7419490814208984,9.706689834594727,0.5649606875556213,26.57079184547071,3.137831095193894,0.5314158369094142,-0.6272362470626831,0.0,4.318039417266846,-0.9836916923522949
1.875,150,flat_plate,main_wing,segment_0,main_wing:segment_0:orig:0,orig,0,0.3261663019657135,0.3261663019657135,0.0,0.652332603931427,1.0,0.652332603931427,7.181697845458984,7.181697845458984,9.901573181152344,1.4506175360354565,71.75494495118902,2.0855880926323294,1.4350988990237803,-10.80068588256836,0.0,45.56526565551758,0.0652332603931427
1.875,150,flat_plate,main_wing,segment_0,main_wing:segment_0:orig:1,orig,1,0.9455074667930603,0.9455074667930603,0.652332603931427,1.2386823892593384,1.0,0.5863497853279114,7.148367881774902,7.148367881774902,9.901437759399414,1.4439050278307253,71.4118375281899,2.133558710467789,1.428236750563798,-9.628968238830566,0.0,40.76933670043945,0.18910149335861207
1.875,150,flat_plate,main_wing,segment_0,main_wing:segment_0:orig:2,orig,2,1.5022028684616089,1.5022028684616089,1.2386823892593384,1.765723466873169,1.0,0.5270410776138306,7.086454391479492,7.086454391479492,9.900981903076172,1.4314649720302541,70.77326656815437,2.2212853610887326,1.4154653313630874,-8.52324104309082,0.0,36.33243942260742,0.3004405736923218
1.875,150,flat_plate,main_wing,segment_0,main_wing:segment_0:orig:3,orig,3,2.002588987350464,2.002588987350464,1.765723466873169,2.239454746246338,1.0,0.47373127937316895,6.996879577636719,6.996879577636719,9.899992942810059,1.4135120334036708,69.84800277841246,2.342128085149209,1.3969600555682493,-7.492378234863281,0.0,32.24886703491211,0.40051779747009275
1.875,150,flat_plate,main_wing,segment_0,main_wing:segment_0:orig:4,orig,4,2.452361822128296,2.452361822128296,2.239454746246338,2.665268659591675,1.0,0.4258139133453369,6.87792444229126,6.87792444229126,9.898212432861328,1.389730618319943,68.61777417331975,2.491010438320269,1.372355483466395,-6.537714958190918,0.0,28.49734115600586,0.49047236442565917
1.875,150,flat_plate,main_wing,segment_0,main_wing:segment_0:orig:5,orig,5,2.856640338897705,2.856640338897705,2.665268659591675,3.0480120182037354,1.0,0.38274335861206055,6.725834846496582,6.725834846496582,9.895310401916504,1.359398457110337,67.04390009674373,2.6624937611606145,1.3408780019348745,-5.657125473022461,0.0,25.04999351501465,0.571328067779541
1.875,150,flat_plate,main_wing,segment_0,main_wing:segment_0:orig:6,orig,6,3.2200264930725098,3.2200264930725098,3.0480120182037354,3.392040967941284,1.0,0.34402894973754883,6.534944534301758,6.534944534301758,9.890854835510254,1.321411474130614,65.06845350424085,2.8502801452490893,1.301369070084817,-4.846609592437744,0.0,21.8764591217041,0.644005298614502
1.875,150,flat_plate,main_wing,segment_0,main_wing:segment_0:orig:7,orig,7,3.546656608581543,3.546656608581543,3.392040967941284,3.7012720108032227,1.0,0.3092310428619385,6.297448635101318,6.297448635101318,9.884269714355469,1.274236502461115,62.61255468632947,3.0451020588912607,1.2522510937265894,-4.1016340255737305,0.0,18.945724487304688,0.7093313217163086
1.875,150,flat_plate,main_wing,segment_0,main_wing:segment_0:orig:8,orig,8,3.8402483463287354,3.8402483463287354,3.7012720108032227,3.979224443435669,1.0,0.2779524326324463,6.002663612365723,6.002663612365723,9.87478256225586,1.2157561089617421,59.56974431292752,3.2342976092676388,1.1913948862585504,-3.4170618057250977,0.0,16.226043701171875,0.768049669265747
1.875,150,flat_plate,main_wing,segment_0,main_wing:segment_0:orig:9,orig,9,4.1041436195373535,4.1041436195373535,3.979224443435669,4.229062557220459,1.0,0.24983811378479004,5.635765075683594,5.635765075683594,9.861380577087402,1.1429971760299185,55.794449832138284,3.3999379374583434,1.1158889966427656,-2.7873384952545166,0.0,13.684450149536133,0.8208287239074707
1.875,150,flat_plate,main_wing,segment_0,main_wing:segment_0:orig:10,orig,10,4.34134578704834,4.34134578704834,4.229062557220459,4.453629493713379,1.0,0.22456693649291992,5.175734519958496,5.175734519958496,9.842575073242188,1.0517033360566659,51.08333229433767,3.516839583229788,1.0216666458867534,-2.2062203884124756,0.0,11.285147666931152,0.8682691574096679
1.875,150,flat_plate,main_wing,segment_0,main_wing:segment_0:orig:11,orig,11,4.554555416107178,4.554555416107178,4.453629493713379,4.655481815338135,1.0,0.20185232162475586,4.590211868286133,4.590211868286133,9.815939903259277,0.9352567178537844,45.12650114280587,3.5505082922778963,0.9025300228561174,-1.6652958393096924,0.0,8.984001159667969,0.9109110832214355
1.875,150,flat_plate,main_wing,segment_0,main_wing:segment_0:orig:12,orig,12,4.746199131011963,4.746199131011963,4.655481815338135,4.836916923522949,1.0,0.18143510818481445,3.8270487785339355,3.8270487785339355,9.775872230529785,0.7829580191488521,37.42386499149306,3.4625611795532296,0.7484772998298612,-1.150558352470398,0.0,6.7212371826171875,0.9492398262023926
1.875,150,flat_plate,main_wing,segment_0,main_wing:segment_0:orig:13,orig,13,4.918458461761475,4.918458461761475,4.836916923522949,5.0,1.0,0.16308307647705078,2.741947650909424,2.741947650909424,9.70668888092041,0.5649604483149822,26.570767062110697,3.137844508618307,0.5314153412422139,-0.62723308801651,0.0,4.318036079406738,0.9836916923522949
1.9375,155,flat_plate,main_wing,segment_0,main_wing:segment_0:mirror:0,mirror,0,-0.3261663019657135,0.3261663019657135,-0.652332603931427,0.0,1.0,0.652332603931427,-7.183450698852539,7.183450698852539,9.901690483093262,1.450954402405931,71.77368398197302,2.0828478870530245,1.4354736796394605,-10.80557632446289,0.0,45.57661056518555,-0.0652332603931427
1.9375,155,flat_plate,main_wing,segment_0,main_wing:segment_0:mirror:1,mirror,1,-0.9455074667930603,0.9455074667930603,-1.2386823892593384,-0.652332603931427,1.0,0.5863497853279114,-7.15009069442749,7.15009069442749,9.901546478271484,1.444237162370152,71.43023924373524,2.1307656840418487,1.4286047848747048,-9.633342742919922,0.0,40.779335021972656,-0.18910149335861207
1.9375,155,flat_plate,main_wing,segment_0,main_wing:segment_0:mirror:2,mirror,2,-1.5022028684616089,1.5022028684616089,-1.765723466873169,-1.2386823892593384,1.0,0.5270410776138306,-7.088115692138672,7.088115692138672,9.901082992553711,1.4317859364413807,70.79096449710245,2.2185492155985096,1.415819289942049,-8.527048110961914,0.0,36.3410758972168,-0.3004405736923218
1.9375,155,flat_plate,main_wing,segment_0,main_wing:segment_0:mirror:3,mirror,3,-2.002588987350464,2.002588987350464,-2.239454746246338,-1.765723466873169,1.0,0.47373127937316895,-6.9984965324401855,6.9984965324401855,9.900089263916016,1.4138249354878858,69.86519049433797,2.339584963029363,1.3973038098867594,-7.495649337768555,0.0,32.25642013549805,-0.40051779747009275
1.9375,155,flat_plate,main_wing,segment_0,main_wing:segment_0:mirror:4,mirror,4,-2.452361822128296,2.452361822128296,-2.665268659591675,-2.239454746246338,1.0,0.4258139133453369,-6.879504680633545,6.879504680633545,9.898309707641602,1.3900362554472292,68.63458145424428,2.4886159318451475,1.3726916290848856,-6.540552139282227,0.0,28.503990173339844,-0.49047236442565917
1.9375,155,flat_plate,main_wing,segment_0,main_wing:segment_0:mirror:5,mirror,5,-2.856640338897705,2.856640338897705,-3.0480120182037354,-2.665268659591675,1.0,0.38274335861206055,-6.727368354797363,6.727368354797363,9.895405769348145,1.3596952993349611,67.0601707228671,2.6602845672056525,1.341203414457342,-5.6595540046691895,0.0,25.055789947509766,-0.571328067779541
1.9375,155,flat_plate,main_wing,segment_0,main_wing:segment_0:mirror:6,mirror,6,-3.2200264930725098,3.2200264930725098,-3.392040967941284,-3.0480120182037354,1.0,0.34402894973754883,-6.53642463684082,6.53642463684082,9.890938758850098,1.3216995466668389,65.08406731958117,2.848131499506874,1.3016813463916233,-4.8487138748168945,0.0,21.88145637512207,-0.644005298614502
1.9375,155,flat_plate,main_wing,segment_0,main_wing:segment_0:mirror:7,mirror,7,-3.546656608581543,3.546656608581543,-3.7012720108032227,-3.392040967941284,1.0,0.3092310428619385,-6.298834800720215,6.298834800720215,9.884342193603516,1.2745076358842369,62.62714431272311,3.0430343951370618,1.2525428862544623,-4.103419303894043,0.0,18.94991683959961,-0.7093313217163086
1.9375,155,flat_plate,main_wing,segment_0,main_wing:segment_0:mirror:8,mirror,8,-3.8402483463287354,3.8402483463287354,-3.979224443435669,-3.7012720108032227,1.0,0.2779524326324463,-6.003930568695068,6.003930568695068,9.87484359741211,1.216005197341761,59.58306720521338,3.2321672265478143,1.1916613441042676,-3.4185922145843506,0.0,16.229467391967773,-0.768049669265747
1.9375,155,flat_plate,main_wing,segment_0,main_wing:segment_0:mirror:9,mirror,9,-4.1041436195373535,4.1041436195373535,-4.229062557220459,-3.979224443435669,1.0,0.24983811378479004,-5.636914253234863,5.636914253234863,9.861442565917969,1.1432230559688183,55.80649146341767,3.397989569047891,1.1161298292683535,-2.7885873317718506,0.0,13.687230110168457,-0.8208287239074707
1.9375,155,flat_plate,main_wing,segment_0,main_wing:segment_0:mirror:10,mirror,10,-4.34134578704834,4.34134578704834,-4.453629493713379,-4.229062557220459,1.0,0.22456693649291992,-5.176798343658447,5.176798343658447,9.842632293701172,1.0519133884482017,51.09437977554779,3.5153009928811225,1.0218875955109559,-2.2071962356567383,0.0,11.287454605102539,-0.8682691574096679
1.9375,155,flat_plate,main_wing,segment_0,main_wing:segment_0:mirror:11,mirror,11,-4.554555416107178,4.554555416107178,-4.655481815338135,-4.453629493713379,1.0,0.20185232162475586,-4.591155052185059,4.591155052185059,9.815985679626465,0.9354445293689079,45.13616500506188,3.549472666181695,0.9027233001012377,-1.666002631187439,0.0,8.985831260681152,-0.9109110832214355
1.9375,155,flat_plate,main_wing,segment_0,main_wing:segment_0:mirror:12,mirror,12,-4.746199131011963,4.746199131011963,-4.836916923522949,-4.655481815338135,1.0,0.18143510818481445,-3.827847480773926,3.827847480773926,9.775896072387695,0.7831195119976353,37.431922613582756,3.462059219225627,0.7486384522716552,-1.1510246992111206,0.0,6.722625732421875,-0.9492398262023926
1.9375,155,flat_plate,main_wing,segment_0,main_wing:segment_0:mirror:13,mirror,13,-4.918458461761475,4.918458461761475,-5.0,-4.836916923522949,1.0,0.16308307647705078,-2.742523670196533,2.742523670196533,9.706679344177246,0.5650796885222531,26.576433581371358,3.137856141294081,0.5315286716274271,-0.6274704337120056,0.0,4.318929195404053,-0.9836916923522949
1.9375,155,flat_plate,main_wing,segment_0,main_wing:segment_0:orig:0,orig,0,0.3261663019657135,0.3261663019657135,0.0,0.652332603931427,1.0,0.652332603931427,7.183456897735596,7.183456897735596,9.901690483093262,1.4509556544917375,71.77375668315797,2.0828476915594476,1.4354751336631595,-10.805588722229004,0.0,45.576656341552734,0.0652332603931427
1.9375,155,flat_plate,main_wing,segment_0,main_wing:segment_0:orig:1,orig,1,0.9455074667930603,0.9455074667930603,0.652332603931427,1.2386823892593384,1.0,0.5863497853279114,7.150102615356445,7.150102615356445,9.901546478271484,1.444239570262491,71.43037042957961,2.1307536878022946,1.4286074085915923,-9.633369445800781,0.0,40.7794075012207,0.18910149335861207
1.9375,155,flat_plate,main_wing,segment_0,main_wing:segment_0:orig:2,orig,2,1.5022028684616089,1.5022028684616089,1.2386823892593384,1.765723466873169,1.0,0.5270410776138306,7.088131904602051,7.088131904602051,9.901082992553711,1.4317892113282575,70.79114262574514,2.21852763220468,1.4158228525149028,-8.527083396911621,0.0,36.341163635253906,0.3004405736923218
1.9375,155,flat_plate,main_wing,segment_0,main_wing:segment_0:orig:3,orig,3,2.002588987350464,2.002588987350464,1.765723466873169,2.239454746246338,1.0,0.47373127937316895,6.9985151290893555,6.9985151290893555,9.900091171264648,1.4138284199650168,69.86537385610539,2.3395851176747486,1.397307477122108,-7.49567174911499,0.0,32.25650405883789,0.40051779747009275
1.9375,155,flat_plate,main_wing,segment_0,main_wing:segment_0:orig:4,orig,4,2.452361822128296,2.452361822128296,2.239454746246338,2.665268659591675,1.0,0.4258139133453369,6.879520416259766,6.879520416259766,9.898309707641602,1.390039434904467,68.63474595103132,2.4885904489239454,1.3726949190206263,-6.540580749511719,0.0,28.50405502319336,0.49047236442565917
1.9375,155,flat_plate,main_wing,segment_0,main_wing:segment_0:orig:5,orig,5,2.856640338897705,2.856640338897705,2.665268659591675,3.0480120182037354,1.0,0.38274335861206055,6.727388381958008,6.727388381958008,9.895406723022461,1.3596992160627812,67.06037749916142,2.660244528364969,1.3412075499832283,-5.6595892906188965,0.0,25.055862426757812,0.571328067779541
1.9375,155,flat_plate,main_wing,segment_0,main_wing:segment_0:orig:6,orig,6,3.2200264930725098,3.2200264930725098,3.0480120182037354,3.392040967941284,1.0,0.34402894973754883,6.536443710327148,6.536443710327148,9.890941619873047,1.3217030211145955,65.08427453477867,2.848065053430982,1.3016854906955735,-4.848754405975342,0.0,21.881519317626953,0.644005298614502
1.9375,155,flat_plate,main_wing,segment_0,main_wing:segment_0:orig:7,orig,7,3.546656608581543,3.546656608581543,3.392040967941284,3.7012720108032227,1.0,0.3092310428619385,6.298890590667725,6.298890590667725,9.8843412399292,1.274519047404487,62.627697739385766,3.043066147759528,1.2525539547877154,-4.103454113006592,0.0,18.950084686279297,0.7093313217163086
1.9375,155,flat_plate,main_wing,segment_0,main_wing:segment_0:orig:8,orig,8,3.8402483463287354,3.8402483463287354,3.7012720108032227,3.979224443435669,1.0,0.2779524326324463,6.003993511199951,6.003993511199951,9.874832153320312,1.2160193546542801,59.58364957849748,3.2321678683929638,1.1916729915699495,-3.4186339378356934,0.0,16.229623794555664,0.768049669265747
1.9375,155,flat_plate,main_wing,segment_0,main_wing:segment_0:orig:9,orig,9,4.1041436195373535,4.1041436195373535,3.979224443435669,4.229062557220459,1.0,0.24983811378479004,5.636987209320068,5.636987209320068,9.861417770385742,1.1432407267539524,55.80718610537349,3.3977716237747337,1.1161437221074697,-2.788684844970703,0.0,13.687383651733398,0.8208287239074707
1.9375,155,flat_plate,main_wing,segment_0,main_wing:segment_0:orig:10,orig,10,4.34134578704834,4.34134578704834,4.229062557220459,4.453629493713379,1.0,0.22456693649291992,5.1768798828125,5.1768798828125,9.842606544494629,1.0519327089648096,51.09512673823495,3.515171400835815,1.021902534764699,-2.2072677612304688,0.0,11.287609100341797,0.8682691574096679
1.9375,155,flat_plate,main_wing,segment_0,main_wing:segment_0:orig:11,orig,11,4.554555416107178,4.554555416107178,4.453629493713379,4.655481815338135,1.0,0.20185232162475586,4.591232776641846,4.591232776641846,9.81595516204834,0.935463273995594,45.13687405015974,3.54940035933183,0.9027374810031948,-1.6660537719726562,0.0,8.985965728759766,0.9109110832214355
1.9375,155,flat_plate,main_wing,segment_0,main_wing:segment_0:orig:12,orig,12,4.746199131011963,4.746199131011963,4.655481815338135,4.836916923522949,1.0,0.18143510818481445,3.8279080390930176,3.8279080390930176,9.775880813598633,0.7831331236707075,37.4324833271306,3.462048251462512,0.748649666542612,-1.1510529518127441,0.0,6.722723484039307,0.9492398262023926
1.9375,155,flat_plate,main_wing,segment_0,main_wing:segment_0:orig:13,orig,13,4.918458461761475,4.918458461761475,4.836916923522949,5.0,1.0,0.16308307647705078,2.742558002471924,2.742558002471924,9.706669807434082,0.5650873176651113,26.576758385565345,3.1378527396501683,0.5315351677113069,-0.6274846792221069,0.0,4.3189802169799805,0.9836916923522949
2.0,160,flat_plate,main_wing,segment_0,main_wing:segment_0:mirror:0,mirror,0,-0.3261663019657135,0.3261663019657135,-0.652332603931427,0.0,1.0,0.652332603931427,-7.185005187988281,7.185005187988281,9.901796340942383,1.4512528718207232,71.79035064963156,2.0802728274069784,1.4358070129926312,-10.810012817382812,0.0,45.58667755126953,-0.0652332603931427
2.0,160,flat_plate,main_wing,segment_0,main_wing:segment_0:mirror:1,mirror,1,-0.9455074667930603,0.9455074667930603,-1.2386823892593384,-0.652332603931427,1.0,0.5863497853279114,-7.15164041519165,7.15164041519165,9.901649475097656,1.444535162182383,71.44679876410166,2.128262026190627,1.4289359752820332,-9.637273788452148,0.0,40.788333892822266,-0.18910149335861207
2.0,160,flat_plate,main_wing,segment_0,main_wing:segment_0:mirror:2,mirror,2,-1.5022028684616089,1.5022028684616089,-1.765723466873169,-1.2386823892593384,1.0,0.5270410776138306,-7.0896501541137695,7.0896501541137695,9.901179313659668,1.4320819630713864,70.80734032619104,2.2160770099383877,1.4161468065238207,-8.530540466308594,0.0,36.34907531738281,-0.3004405736923218
2.0,160,flat_plate,main_wing,segment_0,main_wing:segment_0:mirror:3,mirror,3,-2.002588987350464,2.002588987350464,-2.239454746246338,-1.765723466873169,1.0,0.47373127937316895,-7.000011444091797,7.000011444091797,9.90018367767334,1.4141174895326554,69.88131164486917,2.3371332826191065,1.3976262328973834,-7.498747825622559,0.0,32.26349639892578,-0.40051779747009275
2.0,160,flat_plate,main_wing,segment_0,main_wing:segment_0:mirror:4,mirror,4,-2.452361822128296,2.452361822128296,-2.665268659591675,-2.239454746246338,1.0,0.4258139133453369,-6.880973815917969,6.880973815917969,9.89840030670166,1.3903203755579054,68.6501944264308,2.4862654404176237,1.373003888528616,-6.543239593505859,0.0,28.51015281677246,-0.49047236442565917
2.0,160,flat_plate,main_wing,segment_0,main_wing:segment_0:mirror:5,mirror,5,-2.856640338897705,2.856640338897705,-3.0480120182037354,-2.665268659591675,1.0,0.38274335861206055,-6.728788375854492,6.728788375854492,9.895492553710938,1.3599703782973611,67.07521980821417,2.658167243792529,1.3415043961642834,-5.661827564239502,0.0,25.06114387512207,-0.571328067779541
2.0,160,flat_plate,main_wing,segment_0,main_wing:segment_0:mirror:6,mirror,6,-3.2200264930725098,3.2200264930725098,-3.392040967941284,-3.0480120182037354,1.0,0.34402894973754883,-6.537806987762451,6.537806987762451,9.891023635864258,1.3219677211278225,65.09865356550259,2.846369021024605,1.3019730713100517,-4.850598335266113,0.0,21.886146545410156,-0.644005298614502
2.0,160,flat_plate,main_wing,segment_0,main_wing:segment_0:mirror:7,mirror,7,-3.546656608581543,3.546656608581543,-3.7012720108032227,-3.392040967941284,1.0,0.3092310428619385,-6.300167083740234,6.300167083740234,9.884419441223145,1.2747672478295038,62.64112107294443,3.041466619094058,1.2528224214588886,-4.105006217956543,0.0,18.95396614074707,-0.7093313217163086
2.0,160,flat_plate,main_wing,segment_0,main_wing:segment_0:mirror:8,mirror,8,-3.8402483463287354,3.8402483463287354,-3.979224443435669,-3.7012720108032227,1.0,0.2779524326324463,-6.005225658416748,6.005225658416748,9.874914169311523,1.2162588059913093,59.596550821108025,3.2309217585406143,1.1919310164221606,-3.4198966026306152,0.0,16.23299789428711,-0.768049669265747
2.0,160,flat_plate,main_wing,segment_0,main_wing:segment_0:mirror:9,mirror,9,-4.1041436195373535,4.1041436195373535,-4.229062557220459,-3.979224443435669,1.0,0.24983811378479004,-5.638158321380615,5.638158321380615,9.86149787902832,1.1434689517848697,55.819322129469256,3.397078553124839,1.116386442589385,-2.7896368503570557,0.0,13.690267562866211,-0.8208287239074707
2.0,160,flat_plate,main_wing,segment_0,main_wing:segment_0:mirror:10,mirror,10,-4.34134578704834,4.34134578704834,-4.453629493713379,-4.229062557220459,1.0,0.22456693649291992,-5.177959442138672,5.177959442138672,9.842672348022461,1.0521450392847835,51.1062230448959,3.5146647901180654,1.0221244608979179,-2.2080225944519043,0.0,11.289986610412598,-0.8682691574096679
2.0,160,flat_plate,main_wing,segment_0,main_wing:segment_0:mirror:11,mirror,11,-4.554555416107178,4.554555416107178,-4.655481815338135,-4.453629493713379,1.0,0.20185232162475586,-4.592178821563721,4.592178821563721,9.816007614135742,0.935651030863232,45.146510700728946,3.549105196376658,0.902930214014579,-1.6666147708892822,0.0,8.987829208374023,-0.9109110832214355
2.0,160,flat_plate,main_wing,segment_0,main_wing:segment_0:mirror:12,mirror,12,-4.746199131011963,4.746199131011963,-4.836916923522949,-4.655481815338135,1.0,0.18143510818481445,-3.828676223754883,3.828676223754883,9.77590560913086,0.7832882961101497,37.44020224498228,3.4619269232883316,0.7488040448996456,-1.151436686515808,0.0,6.7240705490112305,-0.9492398262023926
2.0,160,flat_plate,main_wing,segment_0,main_wing:segment_0:mirror:13,mirror,13,-4.918458461761475,4.918458461761475,-5.0,-4.836916923522949,1.0,0.16308307647705078,-2.7430930137634277,2.7430930137634277,9.706659317016602,0.5651981643065502,26.582026480144275,3.1379278854631196,0.5316405296028855,-0.6276952028274536,0.0,4.319813251495361,-0.9836916923522949
2.0,160,flat_plate,main_wing,segment_0,main_wing:segment_0:orig:0,orig,0,0.3261663019657135,0.3261663019657135,0.0,0.652332603931427,1.0,0.652332603931427,7.185017108917236,7.185017108917236,9.90179443359375,1.4512555592026184,71.7904501342391,2.080240457075112,1.4358090026847818,-10.810050010681152,0.0,45.586734771728516,0.0652332603931427
2.0,160,flat_plate,main_wing,segment_0,main_wing:segment_0:orig:1,orig,1,0.9455074667930603,0.9455074667930603,0.652332603931427,1.2386823892593384,1.0,0.5863497853279114,7.151660442352295,7.151660442352295,9.901650428771973,1.444539068269099,71.44700415741096,2.12822445023578,1.428940083148219,-9.63732624053955,0.0,40.78844451904297,0.18910149335861207
2.0,160,flat_plate,main_wing,segment_0,main_wing:segment_0:orig:2,orig,2,1.5022028684616089,1.5022028684616089,1.2386823892593384,1.765723466873169,1.0,0.5270410776138306,7.089670181274414,7.089670181274414,9.9011812210083,1.432085732605635,70.80757264659961,2.2159650412950445,1.4161514529319923,-8.53062915802002,0.0,36.349178314208984,0.3004405736923218
2.0,160,flat_plate,main_wing,segment_0,main_wing:segment_0:orig:3,orig,3,2.002588987350464,2.002588987350464,1.765723466873169,2.239454746246338,1.0,0.47373127937316895,7.000032424926758,7.000032424926758,9.900184631347656,1.4141215917856842,69.88153259440232,2.3371487191942766,1.3976306518880464,-7.498767852783203,0.0,32.26359939575195,0.40051779747009275
2.0,160,flat_plate,main_wing,segment_0,main_wing:segment_0:orig:4,orig,4,2.452361822128296,2.452361822128296,2.239454746246338,2.665268659591675,1.0,0.4258139133453369,6.880986213684082,6.880986213684082,9.89840030670166,1.3903228805618917,68.6503324251373,2.486200396162665,1.373006648502746,-6.543281555175781,0.0,28.510202407836914,0.49047236442565917
2.0,160,flat_plate,main_wing,segment_0,main_wing:segment_0:orig:5,orig,5,2.856640338897705,2.856640338897705,2.665268659591675,3.0480120182037354,1.0,0.38274335861206055,6.7288103103637695,6.7288103103637695,9.895492553710938,1.3599748115297967,67.07543271100597,2.6581043405519873,1.3415086542201196,-5.661871910095215,0.0,25.061216354370117,0.571328067779541
2.0,160,flat_plate,main_wing,segment_0,main_wing:segment_0:orig:6,orig,6,3.2200264930725098,3.2200264930725098,3.0480120182037354,3.392040967941284,1.0,0.34402894973754883,6.537818908691406,6.537818908691406,9.891023635864258,1.3219701315818653,65.09879482718861,2.8462059814981115,1.3019758965437722,-4.850665092468262,0.0,21.886178970336914,0.644005298614502
2.0,160,flat_plate,main_wing,segment_0,main_wing:segment_0:orig:7,orig,7,3.546656608581543,3.546656608581543,3.392040967941284,3.7012720108032227,1.0,0.3092310428619385,6.300176620483398,6.300176620483398,9.884413719177246,1.2747699154397212,62.64123849265736,3.041290548890332,1.2528247698531472,-4.105068206787109,0.0,18.95398712158203,0.7093313217163086
2.0,160,flat_plate,main_wing,segment_0,main_wing:segment_0:orig:8,orig,8,3.8402483463287354,3.8402483463287354,3.7012720108032227,3.979224443435669,1.0,0.2779524326324463,6.005261421203613,6.005261421203613,9.874905586242676,1.2162671063042676,59.59684506745194,3.231043226874204,1.1919369013490388,-3.4198851585388184,0.0,16.23308563232422,0.768049669265747
2.0,160,flat_plate,main_wing,segment_0,main_wing:segment_0:orig:9,orig,9,4.1041436195373535,4.1041436195373535,3.979224443435669,4.229062557220459,1.0,0.24983811378479004,5.638211727142334,5.638211727142334,9.861478805541992,1.1434819946018135,55.81976503896877,3.397431375951288,1.1163953007793754,-2.7895803451538086,0.0,13.690397262573242,0.8208287239074707
2.0,160,flat_plate,main_wing,segment_0,main_wing:segment_0:orig:10,orig,10,4.34134578704834,4.34134578704834,4.229062557220459,4.453629493713379,1.0,0.22456693649291992,5.177951812744141,5.177951812744141,9.842653274536133,1.0521455279015035,51.10608598857556,3.514897353731238,1.0221217197715111,-2.2079641819000244,0.0,11.289970397949219,0.8682691574096679
2.0,160,flat_plate,main_wing,segment_0,main_wing:segment_0:orig:11,orig,11,4.554555416107178,4.554555416107178,4.453629493713379,4.655481815338135,1.0,0.20185232162475586,4.592157363891602,4.592157363891602,9.815993309020996,0.9356480224311814,45.146278720815786,3.548912195795676,0.9029255744163157,-1.666640281677246,0.0,8.987773895263672,0.9109110832214355
2.0,160,flat_plate,main_wing,segment_0,main_wing:segment_0:orig:12,orig,12,4.746199131011963,4.746199131011963,4.655481815338135,4.836916923522949,1.0,0.18143510818481445,3.828665018081665,3.828665018081665,9.775897979736328,0.7832866149008094,37.44008166850682,3.4618184310515545,0.7488016333701364,-1.1514500379562378,0.0,6.724044322967529,0.9492398262023926
2.0,160,flat_plate,main_wing,segment_0,main_wing:segment_0:orig:13,orig,13,4.918458461761475,4.918458461761475,4.836916923522949,5.0,1.0,0.16308307647705078,2.743098020553589,2.743098020553589,9.706653594970703,0.5651995291095722,26.582063682106902,3.1379246104216043,0.5316412736421381,-0.6276972889900208,0.0,4.31981897354126,0.9836916923522949
2.0625,165,flat_plate,main_wing,segment_0,main_wing:segment_0:mirror:0,mirror,0,-0.3261663019657135,0.3261663019657135,-0.652332603931427,0.0,1.0,0.652332603931427,-7.186505317687988,7.186505317687988,9.901897430419922,1.4515410542650353,71.8063668699661,2.077933643957115,1.436127337399322,-10.814190864562988,0.0,45.59637451171875,-0.0652332603931427
2.0625,165,flat_plate,main_wing,segment_0,main_wing:segment_0:mirror:1,mirror,1,-0.9455074667930603,0.9455074667930603,-1.2386823892593384,-0.652332603931427,1.0,0.5863497853279114,-7.1531219482421875,7.1531219482421875,9.901748657226562,1.44481993956121,71.46263773916225,2.1258835436257435,1.429252754783245,-9.641024589538574,0.0,40.79694366455078,-0.18910149335861207
2.0625,165,flat_plate,main_wing,segment_0,main_wing:segment_0:mirror:2,mirror,2,-1.5022028684616089,1.5022028684616089,-1.765723466873169,-1.2386823892593384,1.0,0.5270410776138306,-7.091136455535889,7.091136455535889,9.901273727416992,1.4323685317173427,70.82318538149218,2.2137679349415156,1.4164637076298436,-8.5338773727417,0.0,36.35682678222656,-0.3004405736923218
2.0625,165,flat_plate,main_wing,segment_0,main_wing:segment_0:mirror:3,mirror,3,-2.002588987350464,2.002588987350464,-2.239454746246338,-1.765723466873169,1.0,0.47373127937316895,-7.001467704772949,7.001467704772949,9.900274276733398,1.4143987346344686,69.89677411236973,2.3350553182362987,1.3979354822473946,-7.501594543457031,0.0,32.27031707763672,-0.40051779747009275
2.0625,165,flat_plate,main_wing,segment_0,main_wing:segment_0:mirror:4,mirror,4,-2.452361822128296,2.452361822128296,-2.665268659591675,-2.239454746246338,1.0,0.4258139133453369,-6.882390022277832,6.882390022277832,9.898488998413086,1.3905940640801255,68.66521337813779,2.484331967884239,1.3733042675627558,-6.545690059661865,0.0,28.516117095947266,-0.49047236442565917
2.0625,165,flat_plate,main_wing,segment_0,main_wing:segment_0:mirror:5,mirror,5,-2.856640338897705,2.856640338897705,-3.0480120182037354,-2.665268659591675,1.0,0.38274335861206055,-6.730163097381592,6.730163097381592,9.895575523376465,1.3602368212910563,67.08974522607271,2.656406172841682,1.3417949045214541,-5.663917541503906,0.0,25.06633949279785,-0.571328067779541
2.0625,165,flat_plate,main_wing,segment_0,main_wing:segment_0:mirror:6,mirror,6,-3.2200264930725098,3.2200264930725098,-3.392040967941284,-3.0480120182037354,1.0,0.34402894973754883,-6.539101600646973,6.539101600646973,9.89109992980957,1.322219297560543,65.1123123027568,2.8446406989496613,1.302246246055136,-4.852388858795166,0.0,21.890531539916992,-0.644005298614502
2.0625,165,flat_plate,main_wing,segment_0,main_wing:segment_0:mirror:7,mirror,7,-3.546656608581543,3.546656608581543,-3.7012720108032227,-3.392040967941284,1.0,0.3092310428619385,-6.301355361938477,6.301355361938477,9.88448715209961,1.2749989483470525,62.65366281211311,3.039820840183711,1.2530732562422622,-4.106501579284668,0.0,18.95758056640625,-0.7093313217163086
2.0625,165,flat_plate,main_wing,segment_0,main_wing:segment_0:mirror:8,mirror,8,-3.8402483463287354,3.8402483463287354,-3.979224443435669,-3.7012720108032227,1.0,0.2779524326324463,-6.00632381439209,6.00632381439209,9.874969482421875,1.2164744053303171,59.6080699158175,3.2294251868275623,1.1921613983163502,-3.4211270809173584,0.0,16.23598289489746,-0.768049669265747
2.0625,165,flat_plate,main_wing,segment_0,main_wing:segment_0:mirror:9,mirror,9,-4.1041436195373535,4.1041436195373535,-4.229062557220459,-3.979224443435669,1.0,0.24983811378479004,-5.639135360717773,5.639135360717773,9.86153507232666,1.1436627907032968,55.82953676929342,3.3955920455050563,1.1165907353858684,-2.790656089782715,0.0,13.692636489868164,-0.8208287239074707
2.0625,165,flat_plate,main_wing,segment_0,main_wing:segment_0:mirror:10,mirror,10,-4.34134578704834,4.34134578704834,-4.453629493713379,-4.229062557220459,1.0,0.22456693649291992,-5.178823947906494,5.178823947906494,9.842710494995117,1.0523166256977394,51.11520722279342,3.513475728037265,1.0223041444558685,-2.2088027000427246,0.0,11.291866302490234,-0.8682691574096679
2.0625,165,flat_plate,main_wing,segment_0,main_wing:segment_0:mirror:11,mirror,11,-4.554555416107178,4.554555416107178,-4.655481815338135,-4.453629493713379,1.0,0.20185232162475586,-4.592931747436523,4.592931747436523,9.816038131713867,0.9358015292539626,45.15425888383435,3.54820925153196,0.9030851776766871,-1.6671942472457886,0.0,8.989293098449707,-0.9109110832214355
2.0625,165,flat_plate,main_wing,segment_0,main_wing:segment_0:mirror:12,mirror,12,-4.746199131011963,4.746199131011963,-4.836916923522949,-4.655481815338135,1.0,0.18143510818481445,-3.8293075561523438,3.8293075561523438,9.775924682617188,0.7834159285128965,37.4466081895068,3.461466028807307,0.7489321637901359,-1.1518182754516602,0.0,6.7251715660095215,-0.9492398262023926
2.0625,165,flat_plate,main_wing,segment_0,main_wing:segment_0:mirror:13,mirror,13,-4.918458461761475,4.918458461761475,-5.0,-4.836916923522949,1.0,0.16308307647705078,-2.743557929992676,2.743557929992676,9.706655502319336,0.5652941797176426,26.586623872661526,3.1379303985572076,0.5317324774532305,-0.6278888583183289,0.0,4.320537567138672,-0.9836916923522949
2.0625,165,flat_plate,main_wing,segment_0,main_wing:segment_0:orig:0,orig,0,0.3261663019657135,0.3261663019657135,0.0,0.652332603931427,1.0,0.652332603931427,7.1865129470825195,7.1865129470825195,9.901895523071289,1.45154287486432,71.80644446291399,2.077937786240911,1.4361288892582798,-10.814201354980469,0.0,45.5964241027832,0.0652332603931427
2.0625,165,flat_plate,main_wing,segment_0,main_wing:segment_0:orig:1,orig,1,0.9455074667930603,0.9455074667930603,0.652332603931427,1.2386823892593384,1.0,0.5863497853279114,7.153137683868408,7.153137683868408,9.901747703552246,1.4448232570705117,71.46277938852853,2.1258827702535457,1.4292555877705706,-9.641046524047852,0.0,40.79702377319336,0.18910149335861207
2.0625,165,flat_plate,main_wing,segment_0,main_wing:segment_0:orig:2,orig,2,1.5022028684616089,1.5022028684616089,1.2386823892593384,1.765723466873169,1.0,0.5270410776138306,7.091153144836426,7.091153144836426,9.901273727416992,1.43237190285948,70.82334812249853,2.2137478484013142,1.4164669624499706,-8.533909797668457,0.0,36.35690689086914,0.3004405736923218
2.0625,165,flat_plate,main_wing,segment_0,main_wing:segment_0:orig:3,orig,3,2.002588987350464,2.002588987350464,1.765723466873169,2.239454746246338,1.0,0.47373127937316895,7.0014848709106445,7.0014848709106445,9.900274276733398,1.4144022024449991,69.89695542741822,2.3350319990644355,1.3979391085483643,-7.501627445220947,0.0,32.2703971862793,0.40051779747009275
2.0625,165,flat_plate,main_wing,segment_0,main_wing:segment_0:orig:4,orig,4,2.452361822128296,2.452361822128296,2.239454746246338,2.665268659591675,1.0,0.4258139133453369,6.882411003112793,6.882411003112793,9.898488998413086,1.3905983032796567,68.66542629619943,2.4843507612705653,1.3733085259239886,-6.545705795288086,0.0,28.516206741333008,0.49047236442565917
2.0625,165,flat_plate,main_wing,segment_0,main_wing:segment_0:orig:5,orig,5,2.856640338897705,2.856640338897705,2.665268659591675,3.0480120182037354,1.0,0.38274335861206055,6.730179786682129,6.730179786682129,9.895574569702148,1.360240325465953,67.0899076667032,2.656396817330787,1.341798153334064,-5.663937091827393,0.0,25.06639862060547,0.571328067779541
2.0625,165,flat_plate,main_wing,segment_0,main_wing:segment_0:orig:6,orig,6,3.2200264930725098,3.2200264930725098,3.0480120182037354,3.392040967941284,1.0,0.34402894973754883,6.539118766784668,6.539118766784668,9.89109992980957,1.322222768587591,65.11246944986924,2.8446325837712307,1.3022493889973847,-4.852405548095703,0.0,21.890583038330078,0.644005298614502
2.0625,165,flat_plate,main_wing,segment_0,main_wing:segment_0:orig:7,orig,7,3.546656608581543,3.546656608581543,3.392040967941284,3.7012720108032227,1.0,0.3092310428619385,6.301382064819336,6.301382064819336,9.884489059448242,1.2750041053049803,62.65391663442309,3.039874484016777,1.2530783326884618,-4.106505870819092,0.0,18.957660675048828,0.7093313217163086
2.0625,165,flat_plate,main_wing,segment_0,main_wing:segment_0:orig:8,orig,8,3.8402483463287354,3.8402483463287354,3.7012720108032227,3.979224443435669,1.0,0.2779524326324463,6.006349563598633,6.006349563598633,9.874970436096191,1.216479502894205,59.60831982574722,3.2294735014386875,1.1921663965149445,-3.4211320877075195,0.0,16.236053466796875,0.768049669265747
2.0625,165,flat_plate,main_wing,segment_0,main_wing:segment_0:orig:9,orig,9,4.1041436195373535,4.1041436195373535,3.979224443435669,4.229062557220459,1.0,0.24983811378479004,5.639160633087158,5.639160633087158,9.861541748046875,1.1436671419464448,55.829780594281814,3.395670221642434,1.1165956118856364,-2.7906529903411865,0.0,13.692700386047363,0.8208287239074707
2.0625,165,flat_plate,main_wing,segment_0,main_wing:segment_0:orig:10,orig,10,4.34134578704834,4.34134578704834,4.229062557220459,4.453629493713379,1.0,0.22456693649291992,5.178844451904297,5.178844451904297,9.842710494995117,1.0523207920293232,51.11541067522371,3.51353683775354,1.022308213504474,-2.20880126953125,0.0,11.291913986206055,0.8682691574096679
2.0625,165,flat_plate,main_wing,segment_0,main_wing:segment_0:orig:11,orig,11,4.554555416107178,4.554555416107178,4.453629493713379,4.655481815338135,1.0,0.20185232162475586,4.592945575714111,4.592945575714111,9.816038131713867,0.9358043467404887,45.15439821632806,3.54825514530182,0.9030879643265612,-1.6671925783157349,0.0,8.989322662353516,0.9109110832214355
2.0625,165,flat_plate,main_wing,segment_0,main_wing:segment_0:orig:12,orig,12,4.746199131011963,4.746199131011963,4.655481815338135,4.836916923522949,1.0,0.18143510818481445,3.829319953918457,3.829319953918457,9.775922775268555,0.78341861775054,37.446725997169324,3.461483310800179,0.7489345199433864,-1.1518207788467407,0.0,6.725193023681641,0.9492398262023926
2.0625,165,flat_plate,main_wing,segment_0,main_wing:segment_0:orig:13,orig,13,4.918458461761475,4.918458461761475,4.836916923522949,5.0,1.0,0.16308307647705078,2.743562936782837,2.743562936782837,9.706655502319336,0.5652952113376811,26.58667256086159,3.137929444485032,0.5317334512172318,-0.6278910636901855,0.0,4.320545196533203,0.9836916923522949
2.125,170,flat_plate,main_wing,segment_0,main_wing:segment_0:mirror:0,mirror,0,-0.3261663019657135,0.3261663019657135,-0.652332603931427,0.0,1.0,0.652332603931427,-7.187841415405273,7.187841415405273,9.901979446411133,1.4517988962318904,71.82064566644704,2.0757070825761588,1.4364129133289407,-10.818004608154297,0.0,45.60499572753906,-0.0652332603931427
2.125,170,flat_plate,main_wing,segment_0,main_wing:segment_0:mirror:1,mirror,1,-0.9455074667930603,0.9455074667930603,-1.2386823892593384,-0.652332603931427,1.0,0.5863497853279114,-7.154443264007568,7.154443264007568,9.901830673217773,1.44507485537169,71.47674946883768,2.123692207373253,1.4295349893767537,-9.644407272338867,0.0,40.804603576660156,-0.18910149335861207
2.125,170,flat_plate,main_wing,segment_0,main_wing:segment_0:mirror:2,mirror,2,-1.5022028684616089,1.5022028684616089,-1.765723466873169,-1.2386823892593384,1.0,0.5270410776138306,-7.0924296379089355,7.0924296379089355,9.901357650756836,1.432617604186191,70.83699364883661,2.2116774185936428,1.4167398729767322,-8.536825180053711,0.0,36.36357116699219,-0.3004405736923218
2.125,170,flat_plate,main_wing,segment_0,main_wing:segment_0:mirror:3,mirror,3,-2.002588987350464,2.002588987350464,-2.239454746246338,-1.765723466873169,1.0,0.47373127937316895,-7.0027384757995605,7.0027384757995605,9.900354385375977,1.4146440022679296,69.91032034258538,2.3330974743270345,1.3982064068517075,-7.504151344299316,0.0,32.276275634765625,-0.40051779747009275
2.125,170,flat_plate,main_wing,segment_0,main_wing:segment_0:mirror:4,mirror,4,-2.452361822128296,2.452361822128296,-2.665268659591675,-2.239454746246338,1.0,0.4258139133453369,-6.88362455368042,6.88362455368042,9.898568153381348,1.3908323804042257,68.67834111471608,2.48251662377804,1.3735668222943216,-6.5478835105896,0.0,28.521316528320312,-0.49047236442565917
2.125,170,flat_plate,main_wing,segment_0,main_wing:segment_0:mirror:5,mirror,5,-2.856640338897705,2.856640338897705,-3.0480120182037354,-2.665268659591675,1.0,0.38274335861206055,-6.731348514556885,6.731348514556885,9.895647048950195,1.3604665730819485,67.1023323890235,2.6546584308869035,1.34204664778047,-5.665810585021973,0.0,25.070819854736328,-0.571328067779541
2.125,170,flat_plate,main_wing,segment_0,main_wing:segment_0:mirror:6,mirror,6,-3.2200264930725098,3.2200264930725098,-3.392040967941284,-3.0480120182037354,1.0,0.34402894973754883,-6.540247917175293,6.540247917175293,9.891166687011719,1.3224421595813198,65.12441991364445,2.8430032848164237,1.302488398272889,-4.854011058807373,0.0,21.8944091796875,-0.644005298614502
2.125,170,flat_plate,main_wing,segment_0,main_wing:segment_0:mirror:7,mirror,7,-3.546656608581543,3.546656608581543,-3.7012720108032227,-3.392040967941284,1.0,0.3092310428619385,-6.3024821281433105,6.3024821281433105,9.884553909301758,1.2752183226422438,62.66547389700661,3.0384949220417465,1.2533094779401324,-4.107842922210693,0.0,18.961002349853516,-0.7093313217163086
2.125,170,flat_plate,main_wing,segment_0,main_wing:segment_0:mirror:8,mirror,8,-3.8402483463287354,3.8402483463287354,-3.979224443435669,-3.7012720108032227,1.0,0.2779524326324463,-6.0074005126953125,6.0074005126953125,9.875039100646973,1.2166838939000721,59.61930804812158,3.2285264554155133,1.1923861609624316,-3.4221768379211426,0.0,16.238935470581055,-0.768049669265747
2.125,170,flat_plate,main_wing,segment_0,main_wing:segment_0:mirror:9,mirror,9,-4.1041436195373535,4.1041436195373535,-4.229062557220459,-3.979224443435669,1.0,0.24983811378479004,-5.640145301818848,5.640145301818848,9.86160945892334,1.1438589867732647,55.83999759250533,3.3950893136952023,1.1167999518501066,-2.7914538383483887,0.0,13.695128440856934,-0.8208287239074707
2.125,170,flat_plate,main_wing,segment_0,main_wing:segment_0:mirror:10,mirror,10,-4.34134578704834,4.34134578704834,-4.453629493713379,-4.229062557220459,1.0,0.22456693649291992,-5.179740905761719,5.179740905761719,9.842767715454102,1.052496829246315,51.124644758010874,3.513137967425853,1.0224928951602175,-2.2094244956970215,0.0,11.293893814086914,-0.8682691574096679
2.125,170,flat_plate,main_wing,segment_0,main_wing:segment_0:mirror:11,mirror,11,-4.554555416107178,4.554555416107178,-4.655481815338135,-4.453629493713379,1.0,0.20185232162475586,-4.59370756149292,4.59370756149292,9.816082954406738,0.9359553261376351,45.16218144182856,3.547958600736349,0.9032436288365712,-1.6676570177078247,0.0,8.990824699401855,-0.9109110832214355
2.125,170,flat_plate,main_wing,segment_0,main_wing:segment_0:mirror:12,mirror,12,-4.746199131011963,4.746199131011963,-4.836916923522949,-4.655481815338135,1.0,0.18143510818481445,-3.8299407958984375,3.8299407958984375,9.775943756103516,0.783543950630291,37.45299014343357,3.461246983847634,0.7490598028686714,-1.1521563529968262,0.0,6.7262797355651855,-0.9492398262023926
2.125,170,flat_plate,main_wing,segment_0,main_wing:segment_0:mirror:13,mirror,13,-4.918458461761475,4.918458461761475,-5.0,-4.836916923522949,1.0,0.16308307647705078,-2.7440004348754883,2.7440004348754883,9.706645965576172,0.5653859107681195,26.59100002679903,3.1378774147996396,0.5318200005359806,-0.6280819177627563,0.0,4.321224689483643,-0.9836916923522949
2.125,170,flat_plate,main_wing,segment_0,main_wing:segment_0:orig:0,orig,0,0.3261663019657135,0.3261663019657135,0.0,0.652332603931427,1.0,0.652332603931427,7.187844753265381,7.187844753265381,9.901979446411133,1.4517995704122653,71.82068482771696,2.0757190893235293,1.4364136965543393,-10.81800365447998,0.0,45.60502243041992,0.0652332603931427
2.125,170,flat_plate,main_wing,segment_0,main_wing:segment_0:orig:1,orig,1,0.9455074667930603,0.9455074667930603,0.652332603931427,1.2386823892593384,1.0,0.5863497853279114,7.154457092285156,7.154457092285156,9.90183162689209,1.4450775092669883,71.47689192989803,2.1237135413491015,1.4295378385979607,-9.644416809082031,0.0,40.8046875,0.18910149335861207
2.125,170,flat_plate,main_wing,segment_0,main_wing:segment_0:orig:2,orig,2,1.5022028684616089,1.5022028684616089,1.2386823892593384,1.765723466873169,1.0,0.5270410776138306,7.0924458503723145,7.0924458503723145,9.901358604431152,1.4326207409957326,70.83716893387556,2.211694412967014,1.4167433786775112,-8.536840438842773,0.0,36.36366271972656,0.3004405736923218
2.125,170,flat_plate,main_wing,segment_0,main_wing:segment_0:orig:3,orig,3,2.002588987350464,2.002588987350464,1.765723466873169,2.239454746246338,1.0,0.47373127937316895,7.002763748168945,7.002763748168945,9.900357246398926,1.4146486988065148,69.91057136233113,2.3331251364460344,1.3982114272466226,-7.504169464111328,0.0,32.27639389038086,0.40051779747009275
2.125,170,flat_plate,main_wing,segment_0,main_wing:segment_0:orig:4,orig,4,2.452361822128296,2.452361822128296,2.239454746246338,2.665268659591675,1.0,0.4258139133453369,6.883651256561279,6.883651256561279,9.898569107055664,1.3908376417061408,68.67860421385389,2.482555819113448,1.3735720842770778,-6.547896385192871,0.0,28.52142906188965,0.49047236442565917
2.125,170,flat_plate,main_wing,segment_0,main_wing:segment_0:orig:5,orig,5,2.856640338897705,2.856640338897705,2.665268659591675,3.0480120182037354,1.0,0.38274335861206055,6.731365203857422,6.731365203857422,9.895648956298828,1.3604696839155233,67.10251184990545,2.6546433176271065,1.342050236998109,-5.665833950042725,0.0,25.070884704589844,0.571328067779541
2.125,170,flat_plate,main_wing,segment_0,main_wing:segment_0:orig:6,orig,6,3.2200264930725098,3.2200264930725098,3.0480120182037354,3.392040967941284,1.0,0.34402894973754883,6.540266990661621,6.540266990661621,9.891168594360352,1.32244576124012,65.12462200355642,2.843041650393045,1.3024924400711284,-4.854016304016113,0.0,21.894479751586914,0.644005298614502
2.125,170,flat_plate,main_wing,segment_0,main_wing:segment_0:orig:7,orig,7,3.546656608581543,3.546656608581543,3.392040967941284,3.7012720108032227,1.0,0.3092310428619385,6.3025007247924805,6.3025007247924805,9.884557723999023,1.2752215932717847,62.66566691469218,3.0385610086246317,1.2533133382938437,-4.1078386306762695,0.0,18.9610652923584,0.7093313217163086
2.125,170,flat_plate,main_wing,segment_0,main_wing:segment_0:orig:8,orig,8,3.8402483463287354,3.8402483463287354,3.7012720108032227,3.979224443435669,1.0,0.2779524326324463,6.007419109344482,6.007419109344482,9.875042915344238,1.2166871902925938,59.619492943146454,3.2286053027566766,1.1923898588629291,-3.4221689701080322,0.0,16.238990783691406,0.768049669265747
2.125,170,flat_plate,main_wing,segment_0,main_wing:segment_0:orig:9,orig,9,4.1041436195373535,4.1041436195373535,3.979224443435669,4.229062557220459,1.0,0.24983811378479004,5.640161514282227,5.640161514282227,9.861614227294922,1.1438617216786717,55.840171080097406,3.3951792696215732,1.116803421601948,-2.791443347930908,0.0,13.695176124572754,0.8208287239074707
2.125,170,flat_plate,main_wing,segment_0,main_wing:segment_0:orig:10,orig,10,4.34134578704834,4.34134578704834,4.229062557220459,4.453629493713379,1.0,0.22456693649291992,5.179754734039307,5.179754734039307,9.84277057647705,1.0524993331487886,51.124786110806546,3.513201122867184,1.0224957222161308,-2.209419012069702,0.0,11.293928146362305,0.8682691574096679
2.125,170,flat_plate,main_wing,segment_0,main_wing:segment_0:orig:11,orig,11,4.554555416107178,4.554555416107178,4.453629493713379,4.655481815338135,1.0,0.20185232162475586,4.59372091293335,4.59372091293335,9.816085815429688,0.9359577736601654,45.16232105807865,3.5480216900198913,0.903246421161573,-1.6676520109176636,0.0,8.99085521697998,0.9109110832214355
2.125,170,flat_plate,main_wing,segment_0,main_wing:segment_0:orig:12,orig,12,4.746199131011963,4.746199131011963,4.655481815338135,4.836916923522949,1.0,0.18143510818481445,3.8299505710601807,3.8299505710601807,9.775945663452148,0.7835457975955489,37.453095221518964,3.4612914645502344,0.7490619044303792,-1.152153491973877,0.0,6.726300239562988,0.9492398262023926
2.125,170,flat_plate,main_wing,segment_0,main_wing:segment_0:orig:13,orig,13,4.918458461761475,4.918458461761475,4.836916923522949,5.0,1.0,0.16308307647705078,2.744007110595703,2.744007110595703,9.706645965576172,0.5653872862628555,26.591065633404327,3.1379036967616667,0.5318213126680865,-0.6280805468559265,0.0,4.3212361335754395,0.9836916923522949
2.1875,175,flat_plate,main_wing,segment_0,main_wing:segment_0:mirror:0,mirror,0,-0.3261663019657135,0.3261663019657135,-0.652332603931427,0.0,1.0,0.652332603931427,-7.189047813415527,7.189047813415527,9.902059555053711,1.4520308171134872,71.83355954460025,2.0736263610832153,1.436671190892005,-10.82149600982666,0.0,45.6127815246582,-0.0652332603931427
2.1875,175,flat_plate,main_wing,segment_0,main_wing:segment_0:mirror:1,mirror,1,-0.9455074667930603,0.9455074667930603,-1.2386823892593384,-0.652332603931427,1.0,0.5863497853279114,-7.155656814575195,7.155656814575195,9.901909828186035,1.4453084180198124,71.489719854249,2.1216631549830005,1.42979439708498,-9.6475248336792,0.0,40.811641693115234,-0.18910149335861207
2.1875,175,flat_plate,main_wing,segment_0,main_wing:segment_0:mirror:2,mirror,2,-1.5022028684616089,1.5022028684616089,-1.765723466873169,-1.2386823892593384,1.0,0.5270410776138306,-7.093658447265625,7.093658447265625,9.901436805725098,1.4328543597155534,70.85010428729218,2.2097015775804394,1.4170020857458436,-8.539619445800781,0.0,36.36997604370117,-0.3004405736923218
2.1875,175,flat_plate,main_wing,segment_0,main_wing:segment_0:mirror:3,mirror,3,-2.002588987350464,2.002588987350464,-2.239454746246338,-1.765723466873169,1.0,0.47373127937316895,-7.003966808319092,7.003966808319092,9.900434494018555,1.4148806928727435,69.92341767721341,2.3311037563642083,1.3984683535442681,-7.506669521331787,0.0,32.28202438354492,-0.40051779747009275
2.1875,175,flat_plate,main_wing,segment_0,main_wing:segment_0:mirror:4,mirror,4,-2.452361822128296,2.452361822128296,-2.665268659591675,-2.239454746246338,1.0,0.4258139133453369,-6.884827613830566,6.884827613830566,9.898641586303711,1.3910651383431807,68.69115594414848,2.4805710633198372,1.3738231188829695,-6.550096035003662,0.0,28.5263729095459,-0.49047236442565917
2.1875,175,flat_plate,main_wing,segment_0,main_wing:segment_0:mirror:5,mirror,5,-2.856640338897705,2.856640338897705,-3.0480120182037354,-2.665268659591675,1.0,0.38274335861206055,-6.732484817504883,6.732484817504883,9.89572811126709,1.360685083867533,67.1145034214699,2.6527308282855686,1.3422900684293981,-5.667728900909424,0.0,25.07512855529785,-0.571328067779541
2.1875,175,flat_plate,main_wing,segment_0,main_wing:segment_0:mirror:6,mirror,6,-3.2200264930725098,3.2200264930725098,-3.392040967941284,-3.0480120182037354,1.0,0.34402894973754883,-6.541329860687256,6.541329860687256,9.891233444213867,1.3226520024181163,65.13588033347801,2.841424915348279,1.3027176066695603,-4.855556011199951,0.0,21.8980770111084,-0.644005298614502
2.1875,175,flat_plate,main_wing,segment_0,main_wing:segment_0:mirror:7,mirror,7,-3.546656608581543,3.546656608581543,-3.7012720108032227,-3.392040967941284,1.0,0.3092310428619385,-6.303549766540527,6.303549766540527,9.88460922241211,1.2754272070256496,62.67663728340498,3.037226932415238,1.2535327456680996,-4.109115123748779,0.0,18.964235305786133,-0.7093313217163086
2.1875,175,flat_plate,main_wing,segment_0,main_wing:segment_0:mirror:8,mirror,8,-3.8402483463287354,3.8402483463287354,-3.979224443435669,-3.7012720108032227,1.0,0.2779524326324463,-6.008387565612793,6.008387565612793,9.875092506408691,1.2168772214971146,59.629597125183956,3.2274577879182833,1.192591942503679,-3.423203945159912,0.0,16.241621017456055,-0.768049669265747
2.1875,175,flat_plate,main_wing,segment_0,main_wing:segment_0:mirror:9,mirror,9,-4.1041436195373535,4.1041436195373535,-4.229062557220459,-3.979224443435669,1.0,0.24983811378479004,-5.641111373901367,5.641111373901367,9.86166000366211,1.144049048903846,55.85001079569347,3.394266087383414,1.1170002159138694,-2.79229998588562,0.0,13.697491645812988,-0.8208287239074707
2.1875,175,flat_plate,main_wing,segment_0,main_wing:segment_0:mirror:10,mirror,10,-4.34134578704834,4.34134578704834,-4.453629493713379,-4.229062557220459,1.0,0.22456693649291992,-5.180602550506592,5.180602550506592,9.842801094055176,1.052668341258172,51.133493604369896,3.5125688261558783,1.022669872087398,-2.210062265396118,0.0,11.295780181884766,-0.8682691574096679
2.1875,175,flat_plate,main_wing,segment_0,main_wing:segment_0:mirror:11,mirror,11,-4.554555416107178,4.554555416107178,-4.655481815338135,-4.453629493713379,1.0,0.20185232162475586,-4.5944600105285645,4.5944600105285645,9.816112518310547,0.9361058162196613,45.16983970375942,3.5474347552976244,0.9033967940751885,-1.6681592464447021,0.0,8.992290496826172,-0.9109110832214355
2.1875,175,flat_plate,main_wing,segment_0,main_wing:segment_0:mirror:12,mirror,12,-4.746199131011963,4.746199131011963,-4.836916923522949,-4.655481815338135,1.0,0.18143510818481445,-3.830557107925415,3.830557107925415,9.775960922241211,0.7836686620157298,37.459196230028276,3.461003942623869,0.7491839246005655,-1.1524903774261475,0.0,6.72735595703125,-0.9492398262023926
2.1875,175,flat_plate,main_wing,segment_0,main_wing:segment_0:mirror:13,mirror,13,-4.918458461761475,4.918458461761475,-5.0,-4.836916923522949,1.0,0.16308307647705078,-2.744434356689453,2.744434356689453,9.706642150878906,0.5654755401569951,26.595279803842395,3.137935580203345,0.531905596076848,-0.6282534003257751,0.0,4.321901321411133,-0.9836916923522949
2.1875,175,flat_plate,main_wing,segment_0,main_wing:segment_0:orig:0,orig,0,0.3261663019657135,0.3261663019657135,0.0,0.652332603931427,1.0,0.652332603931427,7.18904447555542,7.18904447555542,9.902057647705078,1.4520304226307081,71.83353092361456,2.073620205629938,1.4366706184722913,-10.821495056152344,0.0,45.612762451171875,0.0652332603931427
2.1875,175,flat_plate,main_wing,segment_0,main_wing:segment_0:orig:1,orig,1,0.9455074667930603,0.9455074667930603,0.652332603931427,1.2386823892593384,1.0,0.5863497853279114,7.155651092529297,7.155651092529297,9.901906967163086,1.4453076798760116,71.48964062550247,2.1216823377448777,1.4297928125100494,-9.647501945495605,0.0,40.81159973144531,0.18910149335861207
2.1875,175,flat_plate,main_wing,segment_0,main_wing:segment_0:orig:2,orig,2,1.5022028684616089,1.5022028684616089,1.2386823892593384,1.765723466873169,1.0,0.5270410776138306,7.093647480010986,7.093647480010986,9.901432037353516,1.43285283446878,70.84994572763003,2.20973402442517,1.4169989145526005,-8.539581298828125,0.0,36.36989974975586,0.3004405736923218
2.1875,175,flat_plate,main_wing,segment_0,main_wing:segment_0:orig:3,orig,3,2.002588987350464,2.002588987350464,1.765723466873169,2.239454746246338,1.0,0.47373127937316895,7.003936767578125,7.003936767578125,9.90042495727539,1.4148759872032033,69.92306468620528,2.3311144211385155,1.3984612937241057,-7.506621360778809,0.0,32.281864166259766,0.40051779747009275
2.1875,175,flat_plate,main_wing,segment_0,main_wing:segment_0:orig:4,orig,4,2.452361822128296,2.452361822128296,2.239454746246338,2.665268659591675,1.0,0.4258139133453369,6.884792327880859,6.884792327880859,9.898629188537598,1.3910597511528773,68.6907117861763,2.480653774686966,1.373814235723526,-6.550013065338135,0.0,28.526199340820312,0.49047236442565917
2.1875,175,flat_plate,main_wing,segment_0,main_wing:segment_0:orig:5,orig,5,2.856640338897705,2.856640338897705,2.665268659591675,3.0480120182037354,1.0,0.38274335861206055,6.7324700355529785,6.7324700355529785,9.895711898803711,1.3606843255747703,67.1142107601197,2.6529181064353176,1.3422842152023942,-5.667630672454834,0.0,25.07503890991211,0.571328067779541
2.1875,175,flat_plate,main_wing,segment_0,main_wing:segment_0:orig:6,orig,6,3.2200264930725098,3.2200264930725098,3.0480120182037354,3.392040967941284,1.0,0.34402894973754883,6.5413289070129395,6.5413289070129395,9.891233444213867,1.3226518095858832,65.13584530642316,2.8414485333134114,1.3027169061284634,-4.8555450439453125,0.0,21.898067474365234,0.644005298614502
2.1875,175,flat_plate,main_wing,segment_0,main_wing:segment_0:orig:7,orig,7,3.546656608581543,3.546656608581543,3.392040967941284,3.7012720108032227,1.0,0.3092310428619385,6.303524017333984,6.303524017333984,9.884615898132324,1.2754211356912757,62.67643044044184,3.0370932851385515,1.2535286088088369,-4.109138488769531,0.0,18.964162826538086,0.7093313217163086
2.1875,175,flat_plate,main_wing,segment_0,main_wing:segment_0:orig:8,orig,8,3.8402483463287354,3.8402483463287354,3.7012720108032227,3.979224443435669,1.0,0.2779524326324463,6.008382797241211,6.008382797241211,9.875093460083008,1.2168761382417754,59.62960873442793,3.2271758421570826,1.1925921746885586,-3.4232804775238037,0.0,16.24160385131836,0.768049669265747
2.1875,175,flat_plate,main_wing,segment_0,main_wing:segment_0:orig:9,orig,9,4.1041436195373535,4.1041436195373535,3.979224443435669,4.229062557220459,1.0,0.24983811378479004,5.64111328125,5.64111328125,9.861655235290527,1.1440499889030669,55.85004114114914,3.3939758556968025,1.1170008228229829,-2.792371988296509,0.0,13.697480201721191,0.8208287239074707
2.1875,175,flat_plate,main_wing,segment_0,main_wing:segment_0:orig:10,orig,10,4.34134578704834,4.34134578704834,4.229062557220459,4.453629493713379,1.0,0.22456693649291992,5.180607318878174,5.180607318878174,9.842799186706543,1.0526695141510114,51.13355535313974,3.512174295704902,1.0226711070627947,-2.210151433944702,0.0,11.295770645141602,0.8682691574096679
2.1875,175,flat_plate,main_wing,segment_0,main_wing:segment_0:orig:11,orig,11,4.554555416107178,4.554555416107178,4.453629493713379,4.655481815338135,1.0,0.20185232162475586,4.5944671630859375,4.5944671630859375,9.81611156463623,0.9361073644757829,45.16992774523071,3.5473617431509354,0.9033985549046142,-1.6681780815124512,0.0,8.992303848266602,0.9109110832214355
2.1875,175,flat_plate,main_wing,segment_0,main_wing:segment_0:orig:12,orig,12,4.746199131011963,4.746199131011963,4.655481815338135,4.836916923522949,1.0,0.18143510818481445,3.8305652141571045,3.8305652141571045,9.775959014892578,0.7836704733155423,37.45927666347455,3.460988082980169,0.749185533269491,-1.1524969339370728,0.0,6.72736930847168,0.9492398262023926
2.1875,175,flat_plate,main_wing,segment_0,main_wing:segment_0:orig:13,orig,13,4.918458461761475,4.918458461761475,4.836916923522949,5.0,1.0,0.16308307647705078,2.744441270828247,2.744441270828247,9.706639289855957,0.565477131450915,26.595345991599924,3.1379483962279338,0.5319069198319984,-0.6282541751861572,0.0,4.3219122886657715,0.9836916923522949
2.25,180,flat_plate,main_wing,segment_0,main_wing:segment_0:mirror:0,mirror,0,-0.3261663019657135,0.3261663019657135,-0.652332603931427,0.0,1.0,0.652332603931427,-7.190160751342773,7.190160751342773,9.902127265930176,1.45224567575124,71.84543455081163,2.071830302912601,1.4369086910162325,-10.82463264465332,0.0,45.61996078491211,-0.0652332603931427
2.25,180,flat_plate,main_wing,segment_0,main_wing:segment_0:mirror:1,mirror,1,-0.9455074667930603,0.9455074667930603,-1.2386823892593384,-0.652332603931427,1.0,0.5863497853279114,-7.156744003295898,7.156744003295898,9.9019775390625,1.4455181250539344,71.50132200296687,2.119939334849438,1.4300264400593374,-9.650261878967285,0.0,40.81795120239258,-0.18910149335861207
2.25,180,flat_plate,main_wing,segment_0,main_wing:segment_0:mirror:2,mirror,2,-1.5022028684616089,1.5022028684616089,-1.765723466873169,-1.2386823892593384,1.0,0.5270410776138306,-7.094717979431152,7.094717979431152,9.901497840881348,1.433059541787395,70.86137058291207,2.208037073758988,1.4172274116582415,-8.542003631591797,0.0,36.375484466552734,-0.3004405736923218
2.25,180,flat_plate,main_wing,segment_0,main_wing:segment_0:mirror:3,mirror,3,-2.002588987350464,2.002588987350464,-2.239454746246338,-1.765723466873169,1.0,0.47373127937316895,-7.004996299743652,7.004996299743652,9.900484085083008,1.4150815736976,69.93431526379524,2.3294793162579577,1.3986863052759049,-7.508749008178711,0.0,32.28681182861328,-0.40051779747009275
2.25,180,flat_plate,main_wing,segment_0,main_wing:segment_0:mirror:4,mirror,4,-2.452361822128296,2.452361822128296,-2.665268659591675,-2.239454746246338,1.0,0.4258139133453369,-6.885812759399414,6.885812759399414,9.898690223693848,1.3912573489606321,68.70155493120305,2.4790401246381104,1.374031098624061,-6.5518717765808105,0.0,28.530481338500977,-0.49047236442565917
2.25,180,flat_plate,main_wing,segment_0,main_wing:segment_0:mirror:5,mirror,5,-2.856640338897705,2.856640338897705,-3.0480120182037354,-2.665268659591675,1.0,0.38274335861206055,-6.733462333679199,6.733462333679199,9.895772933959961,1.3608764830428846,67.12474927711693,2.651422390385109,1.3424949855423387,-5.669227600097656,0.0,25.078786849975586,-0.571328067779541
2.25,180,flat_plate,main_wing,segment_0,main_wing:segment_0:mirror:6,mirror,6,-3.2200264930725098,3.2200264930725098,-3.392040967941284,-3.0480120182037354,1.0,0.34402894973754883,-6.5422868728637695,6.5422868728637695,9.891288757324219,1.3228381120750097,65.14598615557085,2.84014652109735,1.3029197231114171,-4.8568806648254395,0.0,21.901321411132812,-0.644005298614502
2.25,180,flat_plate,main_wing,segment_0,main_wing:segment_0:mirror:7,mirror,7,-3.546656608581543,3.546656608581543,-3.7012720108032227,-3.392040967941284,1.0,0.3092310428619385,-6.3044586181640625,6.3044586181640625,9.88466739654541,1.2756035919564488,62.68624426667809,3.036047966386307,1.2537248853335619,-4.110236167907715,0.0,18.967010498046875,-0.7093313217163086
2.25,180,flat_plate,main_wing,segment_0,main_wing:segment_0:mirror:8,mirror,8,-3.8402483463287354,3.8402483463287354,-3.979224443435669,-3.7012720108032227,1.0,0.2779524326324463,-6.00925874710083,6.00925874710083,9.875142097473145,1.217047549855203,59.63874083400803,3.226262489269544,1.1927748166801606,-3.424182653427124,0.0,16.243989944458008,-0.768049669265747
2.25,180,flat_plate,main_wing,segment_0,main_wing:segment_0:mirror:9,mirror,9,-4.1041436195373535,4.1041436195373535,-4.229062557220459,-3.979224443435669,1.0,0.24983811378479004,-5.641929626464844,5.641929626464844,9.861698150634766,1.144210569069525,55.85850639344749,3.393236774999171,1.1171701278689499,-2.793097734451294,0.0,13.699475288391113,-0.8208287239074707
2.25,180,flat_plate,main_wing,segment_0,main_wing:segment_0:mirror:10,mirror,10,-4.34134578704834,4.34134578704834,-4.453629493713379,-4.229062557220459,1.0,0.22456693649291992,-5.181351661682129,5.181351661682129,9.842833518981934,1.0528170880244752,51.14122436562684,3.51159457805562,1.0228244873125367,-2.2107229232788086,0.0,11.29740047454834,-0.8682691574096679
2.25,180,flat_plate,main_wing,segment_0,main_wing:segment_0:mirror:11,mirror,11,-4.554555416107178,4.554555416107178,-4.655481815338135,-4.453629493713379,1.0,0.20185232162475586,-4.595146179199219,4.595146179199219,9.816134452819824,0.9362435287098574,45.17683442595593,3.5469776789427296,0.9035366885191186,-1.6686137914657593,0.0,8.993630409240723,-0.9109110832214355
2.25,180,flat_plate,main_wing,segment_0,main_wing:segment_0:mirror:12,mirror,12,-4.746199131011963,4.746199131011963,-4.836916923522949,-4.655481815338135,1.0,0.18143510818481445,-3.831132411956787,3.831132411956787,9.775970458984375,0.7837855951039367,37.46498361847264,3.4607901958942953,0.7492996723694527,-1.1527996063232422,0.0,6.728360176086426,-0.9492398262023926
2.25,180,flat_plate,main_wing,segment_0,main_wing:segment_0:mirror:13,mirror,13,-4.918458461761475,4.918458461761475,-5.0,-4.836916923522949,1.0,0.16308307647705078,-2.7448489665985107,2.7448489665985107,9.706632614135742,0.5655615239009242,26.59936072024544,3.1379677043724943,0.5319872144049088,-0.6284205913543701,0.0,4.322545528411865,-0.9836916923522949
2.25,180,flat_plate,main_wing,segment_0,main_wing:segment_0:orig:0,orig,0,0.3261663019657135,0.3261663019657135,0.0,0.652332603931427,1.0,0.652332603931427,7.190163612365723,7.190163612365723,9.90212631225586,1.4522463934774208,71.84544846934209,2.0718461405053636,1.4369089693868418,-10.824625015258789,0.0,45.619972229003906,0.0652332603931427
2.25,180,flat_plate,main_wing,segment_0,main_wing:segment_0:orig:1,orig,1,0.9455074667930603,0.9455074667930603,0.652332603931427,1.2386823892593384,1.0,0.5863497853279114,7.156749725341797,7.156749725341797,9.901975631713867,1.4455195592322585,71.50136181270776,2.1199415826622543,1.430027236254155,-9.650266647338867,0.0,40.81797409057617,0.18910149335861207
2.25,180,flat_plate,main_wing,segment_0,main_wing:segment_0:orig:2,orig,2,1.5022028684616089,1.5022028684616089,1.2386823892593384,1.765723466873169,1.0,0.5270410776138306,7.094721794128418,7.094721794128418,9.901497840881348,1.4330603123167285,70.86140042152505,2.2080375757134227,1.417228008430501,-8.542007446289062,0.0,36.3754997253418,0.3004405736923218
2.25,180,flat_plate,main_wing,segment_0,main_wing:segment_0:orig:3,orig,3,2.002588987350464,2.002588987350464,1.765723466873169,2.239454746246338,1.0,0.47373127937316895,7.004999160766602,7.004999160766602,9.90048599243164,1.4150818790353374,69.93434377091234,2.3294973753535837,1.3986868754182467,-7.508744239807129,0.0,32.286827087402344,0.40051779747009275
2.25,180,flat_plate,main_wing,segment_0,main_wing:segment_0:orig:4,orig,4,2.452361822128296,2.452361822128296,2.239454746246338,2.665268659591675,1.0,0.4258139133453369,6.885815143585205,6.885815143585205,9.898691177368164,1.3912576966394432,68.70158892330001,2.4790863313010085,1.374031778466,-6.551856517791748,0.0,28.530500411987305,0.49047236442565917
2.25,180,flat_plate,main_wing,segment_0,main_wing:segment_0:orig:5,orig,5,2.856640338897705,2.856640338897705,2.665268659591675,3.0480120182037354,1.0,0.38274335861206055,6.733464241027832,6.733464241027832,9.895772933959961,1.3608768685304347,67.12476818575048,2.651448093561284,1.3424953637150097,-5.669219970703125,0.0,25.07879638671875,0.571328067779541
2.25,180,flat_plate,main_wing,segment_0,main_wing:segment_0:orig:6,orig,6,3.2200264930725098,3.2200264930725098,3.0480120182037354,3.392040967941284,1.0,0.34402894973754883,6.542285442352295,6.542285442352295,9.891289710998535,1.3228376952861176,65.1459651191031,2.8401179254806648,1.302919302382062,-4.856888294219971,0.0,21.90131187438965,0.644005298614502
2.25,180,flat_plate,main_wing,segment_0,main_wing:segment_0:orig:7,orig,7,3.546656608581543,3.546656608581543,3.392040967941284,3.7012720108032227,1.0,0.3092310428619385,6.304449081420898,6.304449081420898,9.884668350219727,1.2756015392829556,62.68617405554553,3.035952525903831,1.2537234811109106,-4.110259056091309,0.0,18.966981887817383,0.7093313217163086
2.25,180,flat_plate,main_wing,segment_0,main_wing:segment_0:orig:8,orig,8,3.8402483463287354,3.8402483463287354,3.7012720108032227,3.979224443435669,1.0,0.2779524326324463,6.009240627288818,6.009240627288818,9.875138282775879,1.2170443502082555,59.638567991095904,3.226085636281768,1.192771359821918,-3.424217700958252,0.0,16.24393081665039,0.768049669265747
2.25,180,flat_plate,main_wing,segment_0,main_wing:segment_0:orig:9,orig,9,4.1041436195373535,4.1041436195373535,3.979224443435669,4.229062557220459,1.0,0.24983811378479004,5.64190673828125,5.64190673828125,9.8616943359375,1.144206369836731,55.858299122832925,3.393022176081416,1.1171659824566584,-2.7931361198425293,0.0,13.699411392211914,0.8208287239074707
2.25,180,flat_plate,main_wing,segment_0,main_wing:segment_0:orig:10,orig,10,4.34134578704834,4.34134578704834,4.229062557220459,4.453629493713379,1.0,0.22456693649291992,5.181325912475586,5.181325912475586,9.8428316116333,1.0528120599669197,51.14098495744319,3.5114051275903857,1.0228196991488638,-2.210750102996826,0.0,11.297337532043457,0.8682691574096679
2.25,180,flat_plate,main_wing,segment_0,main_wing:segment_0:orig:11,orig,11,4.554555416107178,4.554555416107178,4.453629493713379,4.655481815338135,1.0,0.20185232162475586,4.595122814178467,4.595122814178467,9.816133499145508,0.9362388591350089,45.176616354833484,3.546860551596826,0.9035323270966696,-1.6686252355575562,0.0,8.993581771850586,0.9109110832214355
2.25,180,flat_plate,main_wing,segment_0,main_wing:segment_0:orig:12,orig,12,4.746199131011963,4.746199131011963,4.655481815338135,4.836916923522949,1.0,0.18143510818481445,3.8311171531677246,3.8311171531677246,9.775969505310059,0.7837825498712447,37.464829456913506,3.4607359643800617,0.7492965891382701,-1.1528018712997437,0.0,6.728330612182617,0.9492398262023926
2.25,180,flat_plate,main_wing,segment_0,main_wing:segment_0:orig:13,orig,13,4.918458461761475,4.918458461761475,4.836916923522949,5.0,1.0,0.16308307647705078,2.744839906692505,2.744839906692505,9.706632614135742,0.5655596571555005,26.59927465447628,3.1379612918106887,0.5319854930895256,-0.62841796875,0.0,4.322531700134277,0.9836916923522949
2.3125,185,flat_plate,main_wing,segment_0,main_wing:segment_0:mirror:0,mirror,0,-0.3261663019657135,0.3261663019657135,-0.652332603931427,0.0,1.0,0.652332603931427,-7.191157341003418,7.191157341003418,9.902198791503906,1.452436472427404,71.85614012099852,2.0701961395539863,1.4371228024199703,-10.827469825744629,0.0,45.62643051147461,-0.0652332603931427
2.3125,185,flat_plate,main_wing,segment_0,main_wing:segment_0:mirror:1,mirror,1,-0.9455074667930603,0.9455074667930603,-1.2386823892593384,-0.652332603931427,1.0,0.5863497853279114,-7.157730579376221,7.157730579376221,9.902050018310547,1.4457068114461913,71.51191697019972,2.118329555635342,1.4302383394039944,-9.65278148651123,0.0,40.823707580566406,-0.18910149335861207
2.3125,185,flat_plate,main_wing,segment_0,main_wing:segment_0:mirror:2,mirror,2,-1.5022028684616089,1.5022028684616089,-1.765723466873169,-1.2386823892593384,1.0,0.5270410776138306,-7.095705986022949,7.095705986022949,9.901567459106445,1.433249031595911,70.87194764595606,2.206483875099127,1.4174389529191211,-8.54423713684082,0.0,36.38065719604492,-0.3004405736923218
2.3125,185,flat_plate,main_wing,segment_0,main_wing:segment_0:mirror:3,mirror,3,-2.002588987350464,2.002588987350464,-2.239454746246338,-1.765723466873169,1.0,0.47373127937316895,-7.005967140197754,7.005967140197754,9.900556564331055,1.4152673326342684,69.94471709933306,2.3279627567657557,1.3988943419866613,-7.51071834564209,0.0,32.291385650634766,-0.40051779747009275
2.3125,185,flat_plate,main_wing,segment_0,main_wing:segment_0:mirror:4,mirror,4,-2.452361822128296,2.452361822128296,-2.665268659591675,-2.239454746246338,1.0,0.4258139133453369,-6.886755466461182,6.886755466461182,9.898759841918945,1.3914380339438834,68.71164970458052,2.4775888187912805,1.3742329940916105,-6.553581237792969,0.0,28.534473419189453,-0.49047236442565917
2.3125,185,flat_plate,main_wing,segment_0,main_wing:segment_0:mirror:5,mirror,5,-2.856640338897705,2.856640338897705,-3.0480120182037354,-2.665268659591675,1.0,0.38274335861206055,-6.73436975479126,6.73436975479126,9.895835876464844,1.361051221717922,67.13443222263962,2.650000525050763,1.3426886444527923,-5.670712471008301,0.0,25.082225799560547,-0.571328067779541
2.3125,185,flat_plate,main_wing,segment_0,main_wing:segment_0:mirror:6,mirror,6,-3.2200264930725098,3.2200264930725098,-3.392040967941284,-3.0480120182037354,1.0,0.34402894973754883,-6.543135643005371,6.543135643005371,9.891349792480469,1.323001568093274,65.15503858316701,2.8387508878226995,1.3031007716633403,-4.858150482177734,0.0,21.904205322265625,-0.644005298614502
2.3125,185,flat_plate,main_wing,segment_0,main_wing:segment_0:mirror:7,mirror,7,-3.546656608581543,3.546656608581543,-3.7012720108032227,-3.392040967941284,1.0,0.3092310428619385,-6.305229663848877,6.305229663848877,9.884722709655762,1.2757524614604911,62.694498584997845,3.034698123541016,1.253889971699957,-4.111299991607666,0.0,18.96936798095703,-0.7093313217163086
2.3125,185,flat_plate,main_wing,segment_0,main_wing:segment_0:mirror:8,mirror,8,-3.8402483463287354,3.8402483463287354,-3.979224443435669,-3.7012720108032227,1.0,0.2779524326324463,-6.009944915771484,6.009944915771484,9.875188827514648,1.2171807589190262,59.64608249400722,3.2249786167795755,1.1929216498801443,-3.425055503845215,0.0,16.245868682861328,-0.768049669265747
2.3125,185,flat_plate,main_wing,segment_0,main_wing:segment_0:mirror:9,mirror,9,-4.1041436195373535,4.1041436195373535,-4.229062557220459,-3.979224443435669,1.0,0.24983811378479004,-5.642529487609863,5.642529487609863,9.861736297607422,1.1443277973228325,55.86493692898357,3.3920977231275433,1.1172987385796713,-2.793788433074951,0.0,13.700953483581543,-0.8208287239074707
2.3125,185,flat_plate,main_wing,segment_0,main_wing:segment_0:mirror:10,mirror,10,-4.34134578704834,4.34134578704834,-4.453629493713379,-4.229062557220459,1.0,0.22456693649291992,-5.1819047927856445,5.1819047927856445,9.842870712280273,1.0529255019718053,51.14707592562417,3.5107422065405953,1.0229415185124835,-2.2112479209899902,0.0,11.298620223999023,-0.8682691574096679
2.3125,185,flat_plate,main_wing,segment_0,main_wing:segment_0:mirror:11,mirror,11,-4.554555416107178,4.554555416107178,-4.655481815338135,-4.453629493713379,1.0,0.20185232162475586,-4.595638751983643,4.595638751983643,9.816158294677734,0.9363416143106356,45.1819861836884,3.5462976363999426,0.903639723673768,-1.6690155267715454,0.0,8.994599342346191,-0.9109110832214355
2.3125,185,flat_plate,main_wing,segment_0,main_wing:segment_0:mirror:12,mirror,12,-4.746199131011963,4.746199131011963,-4.836916923522949,-4.655481815338135,1.0,0.18143510818481445,-3.8315563201904297,3.8315563201904297,9.775988578796387,0.7838708667276632,37.46932931722251,3.4604227824566185,0.7493865863444502,-1.1530680656433105,0.0,6.729104518890381,-0.9492398262023926
2.3125,185,flat_plate,main_wing,segment_0,main_wing:segment_0:mirror:13,mirror,13,-4.918458461761475,4.918458461761475,-5.0,-4.836916923522949,1.0,0.16308307647705078,-2.7451653480529785,2.7451653480529785,9.706632614135742,0.565626712616114,26.6025124263284,3.1379317127175566,0.532050248526568,-0.6285592913627625,0.0,4.32304048538208,-0.9836916923522949
2.3125,185,flat_plate,main_wing,segment_0,main_wing:segment_0:orig:0,orig,0,0.3261663019657135,0.3261663019657135,0.0,0.652332603931427,1.0,0.652332603931427,7.191157817840576,7.191157817840576,9.902198791503906,1.4524365687367526,71.85614125613606,2.0701919031630105,1.437122825122721,-10.827472686767578,0.0,45.62643051147461,0.0652332603931427
2.3125,185,flat_plate,main_wing,segment_0,main_wing:segment_0:orig:1,orig,1,0.9455074667930603,0.9455074667930603,0.652332603931427,1.2386823892593384,1.0,0.5863497853279114,7.157737731933594,7.157737731933594,9.90204906463623,1.4457083953454528,71.51197521145544,2.1183384259926865,1.4302395042291087,-9.652785301208496,0.0,40.8237419128418,0.18910149335861207
2.3125,185,flat_plate,main_wing,segment_0,main_wing:segment_0:orig:2,orig,2,1.5022028684616089,1.5022028684616089,1.2386823892593384,1.765723466873169,1.0,0.5270410776138306,7.095707893371582,7.095707893371582,9.901566505432129,1.4332495549020015,70.8719620633081,2.2065139646893197,1.417439241266162,-8.54422378540039,0.0,36.38066864013672,0.3004405736923218
2.3125,185,flat_plate,main_wing,segment_0,main_wing:segment_0:orig:3,orig,3,2.002588987350464,2.002588987350464,1.765723466873169,2.239454746246338,1.0,0.47373127937316895,7.005964279174805,7.005964279174805,9.900556564331055,1.4152667546823259,69.94468338189765,2.3279641428427884,1.3988936676379529,-7.510713577270508,0.0,32.2913703918457,0.40051779747009275
2.3125,185,flat_plate,main_wing,segment_0,main_wing:segment_0:orig:4,orig,4,2.452361822128296,2.452361822128296,2.239454746246338,2.665268659591675,1.0,0.4258139133453369,6.886751651763916,6.886751651763916,9.898757934570312,1.3914375313114185,68.71160964681862,2.4775479428085982,1.3742321929363723,-6.553593635559082,0.0,28.534452438354492,0.49047236442565917
2.3125,185,flat_plate,main_wing,segment_0,main_wing:segment_0:orig:5,orig,5,2.856640338897705,2.856640338897705,2.665268659591675,3.0480120182037354,1.0,0.38274335861206055,6.734363555908203,6.734363555908203,9.895833969116211,1.3610502312236437,67.13436801100053,2.650009115372777,1.3426873602200107,-5.670702934265137,0.0,25.082202911376953,0.571328067779541
2.3125,185,flat_plate,main_wing,segment_0,main_wing:segment_0:orig:6,orig,6,3.2200264930725098,3.2200264930725098,3.0480120182037354,3.392040967941284,1.0,0.34402894973754883,6.543122291564941,6.543122291564941,9.891349792480469,1.3229988684737664,65.15490790502915,2.838724482313238,1.303098158100583,-4.858147621154785,0.0,21.904159545898438,0.644005298614502
2.3125,185,flat_plate,main_wing,segment_0,main_wing:segment_0:orig:7,orig,7,3.546656608581543,3.546656608581543,3.392040967941284,3.7012720108032227,1.0,0.3092310428619385,6.305209636688232,6.305209636688232,9.884723663330078,1.2757482862326293,62.69430035034008,3.034675338429928,1.2538860070068016,-4.11129093170166,0.0,18.96930694580078,0.7093313217163086
2.3125,185,flat_plate,main_wing,segment_0,main_wing:segment_0:orig:8,orig,8,3.8402483463287354,3.8402483463287354,3.7012720108032227,3.979224443435669,1.0,0.2779524326324463,6.0099334716796875,6.0099334716796875,9.875191688537598,1.2171780885338317,59.64598389349577,3.225001926326084,1.1929196778699154,-3.425042152404785,0.0,16.2458438873291,0.768049669265747
2.3125,185,flat_plate,main_wing,segment_0,main_wing:segment_0:orig:9,orig,9,4.1041436195373535,4.1041436195373535,3.979224443435669,4.229062557220459,1.0,0.24983811378479004,5.642523765563965,5.642523765563965,9.86174201965332,1.1443259728999324,55.86487020775738,3.3921697492293714,1.1172974041551476,-2.793766736984253,0.0,13.700942039489746,0.8208287239074707
2.3125,185,flat_plate,main_wing,segment_0,main_wing:segment_0:orig:10,orig,10,4.34134578704834,4.34134578704834,4.229062557220459,4.453629493713379,1.0,0.22456693649291992,5.181903839111328,5.181903839111328,9.842875480651855,1.0529247981034402,51.147076396276745,3.5108060824031013,1.022941527925535,-2.2112340927124023,0.0,11.298624038696289,0.8682691574096679
2.3125,185,flat_plate,main_wing,segment_0,main_wing:segment_0:orig:11,orig,11,4.554555416107178,4.554555416107178,4.453629493713379,4.655481815338135,1.0,0.20185232162475586,4.595643997192383,4.595643997192383,9.816162109375,0.9363423191235357,45.18203024753339,3.5463522419750877,0.9036406049506678,-1.6690071821212769,0.0,8.994610786437988,0.9109110832214355
2.3125,185,flat_plate,main_wing,segment_0,main_wing:segment_0:orig:12,orig,12,4.746199131011963,4.746199131011963,4.655481815338135,4.836916923522949,1.0,0.18143510818481445,3.831569194793701,3.831569194793701,9.775989532470703,0.7838734241822254,37.46944776847032,3.4604681256348724,0.7493889553694063,-1.1530656814575195,0.0,6.729127407073975,0.9492398262023926
2.3125,185,flat_plate,main_wing,segment_0,main_wing:segment_0:orig:13,orig,13,4.918458461761475,4.918458461761475,4.836916923522949,5.0,1.0,0.16308307647705078,2.745176315307617,2.745176315307617,9.70663070678711,0.5656290835064167,26.602613451177596,3.1379500795191935,0.532052269023552,-0.6285606622695923,0.0,4.323057174682617,0.9836916923522949
2.375,190,flat_plate,main_wing,segment_0,main_wing:segment_0:mirror:0,mirror,0,-0.3261663019657135,0.3261663019657135,-0.652332603931427,0.0,1.0,0.652332603931427,-7.1920976638793945,7.1920976638793945,9.902262687683105,1.4526170211229117,71.86618900158017,2.0686629903058993,1.4373237800316034,-10.830132484436035,0.0,45.632503509521484,-0.0652332603931427
2.375,190,flat_plate,main_wing,segment_0,main_wing:segment_0:mirror:1,mirror,1,-0.9455074667930603,0.9455074667930603,-1.2386823892593384,-0.652332603931427,1.0,0.5863497853279114,-7.158655643463135,7.158655643463135,9.90211296081543,1.4458844636071746,71.5218140332291,2.1168358638574807,1.430436280664582,-9.655129432678223,0.0,40.82908630371094,-0.18910149335861207
2.375,190,flat_plate,main_wing,segment_0,main_wing:segment_0:mirror:2,mirror,2,-1.5022028684616089,1.5022028684616089,-1.765723466873169,-1.2386823892593384,1.0,0.5270410776138306,-7.096624851226807,7.096624851226807,9.901629447937012,1.4334256575730324,70.88178141915657,2.2050200037218435,1.4176356283831313,-8.546323776245117,0.0,36.38546371459961,-0.3004405736923218
2.375,190,flat_plate,main_wing,segment_0,main_wing:segment_0:mirror:3,mirror,3,-2.002588987350464,2.002588987350464,-2.239454746246338,-1.765723466873169,1.0,0.47373127937316895,-7.006860256195068,7.006860256195068,9.900615692138672,1.4154392967214524,69.95424685861154,2.326558490279935,1.3990849371722307,-7.512529373168945,0.0,32.29557418823242,-0.40051779747009275
2.375,190,flat_plate,main_wing,segment_0,main_wing:segment_0:mirror:4,mirror,4,-2.452361822128296,2.452361822128296,-2.665268659591675,-2.239454746246338,1.0,0.4258139133453369,-6.887635231018066,6.887635231018066,9.898816108703613,1.391607876210986,68.7210273041298,2.4762699587410935,1.374420546082596,-6.55515718460083,0.0,28.538185119628906,-0.49047236442565917
2.375,190,flat_plate,main_wing,segment_0,main_wing:segment_0:mirror:5,mirror,5,-2.856640338897705,2.856640338897705,-3.0480120182037354,-2.665268659591675,1.0,0.38274335861206055,-6.735225200653076,6.735225200653076,9.895889282226562,1.361216765581609,67.14352240768694,2.6487306691609245,1.3428704481537388,-5.672082424163818,0.0,25.085460662841797,-0.571328067779541
2.375,190,flat_plate,main_wing,segment_0,main_wing:segment_0:mirror:6,mirror,6,-3.2200264930725098,3.2200264930725098,-3.392040967941284,-3.0480120182037354,1.0,0.34402894973754883,-6.543964385986328,6.543964385986328,9.891399383544922,1.3231625035528742,65.16381156330209,2.8374984864918145,1.3032762312660418,-4.859347820281982,0.0,21.90700912475586,-0.644005298614502
2.375,190,flat_plate,main_wing,segment_0,main_wing:segment_0:mirror:7,mirror,7,-3.546656608581543,3.546656608581543,-3.7012720108032227,-3.392040967941284,1.0,0.3092310428619385,-6.306021690368652,6.306021690368652,9.884769439697266,1.2759066822628455,62.70284035971508,3.0336415071040745,1.2540568071943017,-4.112283229827881,0.0,18.97177505493164,-0.7093313217163086
2.375,190,flat_plate,main_wing,segment_0,main_wing:segment_0:mirror:8,mirror,8,-3.8402483463287354,3.8402483463287354,-3.979224443435669,-3.7012720108032227,1.0,0.2779524326324463,-6.01070499420166,6.01070499420166,9.87523078918457,1.2173295232319292,59.654024728396884,3.2241842374509635,1.1930804945679376,-3.425840139389038,0.0,16.247943878173828,-0.768049669265747
2.375,190,flat_plate,main_wing,segment_0,main_wing:segment_0:mirror:9,mirror,9,-4.1041436195373535,4.1041436195373535,-4.229062557220459,-3.979224443435669,1.0,0.24983811378479004,-5.643240928649902,5.643240928649902,9.861770629882812,1.144468096134773,55.87230388080019,3.391504982100867,1.1174460776160038,-2.794407844543457,0.0,13.702692985534668,-0.8208287239074707
2.375,190,flat_plate,main_wing,segment_0,main_wing:segment_0:mirror:10,mirror,10,-4.34134578704834,4.34134578704834,-4.453629493713379,-4.229062557220459,1.0,0.22456693649291992,-5.182553768157959,5.182553768157959,9.842899322509766,1.0530543081561254,51.15376217746548,3.510286054013678,1.0230752435493096,-2.211735486984253,0.0,11.300044059753418,-0.8682691574096679
2.375,190,flat_plate,main_wing,segment_0,main_wing:segment_0:mirror:11,mirror,11,-4.554555416107178,4.554555416107178,-4.655481815338135,-4.453629493713379,1.0,0.20185232162475586,-4.596205711364746,4.596205711364746,9.816179275512695,0.9364551282860893,45.18777176034609,3.5459720709612625,0.9037554352069218,-1.6693812608718872,0.0,8.995710372924805,-0.9109110832214355
2.375,190,flat_plate,main_wing,segment_0,main_wing:segment_0:mirror:12,mirror,12,-4.746199131011963,4.746199131011963,-4.836916923522949,-4.655481815338135,1.0,0.18143510818481445,-3.832024335861206,3.832024335861206,9.7760009765625,0.7839656205125803,37.47405130981068,3.460235101368996,0.7494810261962137,-1.153322696685791,0.0,6.729923248291016,-0.9492398262023926
2.375,190,flat_plate,main_wing,segment_0,main_wing:segment_0:mirror:13,mirror,13,-4.918458461761475,4.918458461761475,-5.0,-4.836916923522949,1.0,0.16308307647705078,-2.7454915046691895,2.7454915046691895,9.706629753112793,0.5656940821892882,26.605746792766332,3.1379148428031565,0.5321149358553267,-0.628698468208313,0.0,4.323549270629883,-0.9836916923522949
2.375,190,flat_plate,main_wing,segment_0,main_wing:segment_0:orig:0,orig,0,0.3261663019657135,0.3261663019657135,0.0,0.652332603931427,1.0,0.652332603931427,7.192096710205078,7.192096710205078,9.902262687683105,1.452616828505457,71.8661844338636,2.0687026313414,1.4373236886772718,-10.830106735229492,0.0,45.63250732421875,0.0652332603931427
2.375,190,flat_plate,main_wing,segment_0,main_wing:segment_0:orig:1,orig,1,0.9455074667930603,0.9455074667930603,0.652332603931427,1.2386823892593384,1.0,0.5863497853279114,7.158663749694824,7.158663749694824,9.902112007141113,1.4458862401338635,71.52189151769365,2.1168734641074005,1.430437830353873,-9.655119895935059,0.0,40.82913589477539,0.18910149335861207
2.375,190,flat_plate,main_wing,segment_0,main_wing:segment_0:orig:2,orig,2,1.5022028684616089,1.5022028684616089,1.2386823892593384,1.765723466873169,1.0,0.5270410776138306,7.096625328063965,7.096625328063965,9.901628494262695,1.433425891948171,70.88179078575384,2.2049850471049406,1.4176358157150768,-8.546342849731445,0.0,36.38546371459961,0.3004405736923218
2.375,190,flat_plate,main_wing,segment_0,main_wing:segment_0:orig:3,orig,3,2.002588987350464,2.002588987350464,1.765723466873169,2.239454746246338,1.0,0.47373127937316895,7.006862640380859,7.006862640380859,9.900615692138672,1.4154397783451949,69.95427826881212,2.326534602644288,1.3990855653762424,-7.51254415512085,0.0,32.29558563232422,0.40051779747009275
2.375,190,flat_plate,main_wing,segment_0,main_wing:segment_0:orig:4,orig,4,2.452361822128296,2.452361822128296,2.239454746246338,2.665268659591675,1.0,0.4258139133453369,6.887636661529541,6.887636661529541,9.898815155029297,1.391608299308455,68.72104326570394,2.476193082645811,1.3744208653140788,-6.555190563201904,0.0,28.538183212280273,0.49047236442565917
2.375,190,flat_plate,main_wing,segment_0,main_wing:segment_0:orig:5,orig,5,2.856640338897705,2.856640338897705,2.665268659591675,3.0480120182037354,1.0,0.38274335861206055,6.735231399536133,6.735231399536133,9.895889282226562,1.3612180184014173,67.14358277310988,2.6487171788815687,1.3428716554621978,-5.672093391418457,0.0,25.085481643676758,0.571328067779541
2.375,190,flat_plate,main_wing,segment_0,main_wing:segment_0:orig:6,orig,6,3.2200264930725098,3.2200264930725098,3.0480120182037354,3.392040967941284,1.0,0.34402894973754883,6.543976783752441,6.543976783752441,9.891397476196289,1.3231652654744819,65.16393768093442,2.8374562282131,1.3032787536186885,-4.859373092651367,0.0,21.907047271728516,0.644005298614502
2.375,190,flat_plate,main_wing,segment_0,main_wing:segment_0:orig:7,orig,7,3.546656608581543,3.546656608581543,3.392040967941284,3.7012720108032227,1.0,0.3092310428619385,6.306040287017822,6.306040287017822,9.884767532348633,1.2759106911479383,62.70300732325103,3.033566514432749,1.2540601464650205,-4.112318992614746,0.0,18.971818923950195,0.7093313217163086
2.375,190,flat_plate,main_wing,segment_0,main_wing:segment_0:orig:8,orig,8,3.8402483463287354,3.8402483463287354,3.7012720108032227,3.979224443435669,1.0,0.2779524326324463,6.010743141174316,6.010743141174316,9.875226974487305,1.2173377192652077,59.654393727200826,3.224079752355189,1.1930878745440165,-3.4258947372436523,0.0,16.248035430908203,0.768049669265747
2.375,190,flat_plate,main_wing,segment_0,main_wing:segment_0:orig:9,orig,9,4.1041436195373535,4.1041436195373535,3.979224443435669,4.229062557220459,1.0,0.24983811378479004,5.643276214599609,5.643276214599609,9.861766815185547,1.144475694945426,55.87263393914675,3.3914383118685105,1.117452678782935,-2.794445276260376,0.0,13.702768325805664,0.8208287239074707
2.375,190,flat_plate,main_wing,segment_0,main_wing:segment_0:orig:10,orig,10,4.34134578704834,4.34134578704834,4.229062557220459,4.453629493713379,1.0,0.22456693649291992,5.182583332061768,5.182583332061768,9.8428955078125,1.0530607234320937,51.15402127282842,3.5102543581114136,1.0230804254565684,-2.2117574214935303,0.0,11.300098419189453,0.8682691574096679
2.375,190,flat_plate,main_wing,segment_0,main_wing:segment_0:orig:11,orig,11,4.554555416107178,4.554555416107178,4.453629493713379,4.655481815338135,1.0,0.20185232162475586,4.59622859954834,4.59622859954834,9.816178321838379,0.9364598826251876,45.1879838929571,3.545965325077925,0.903759677859142,-1.6693936586380005,0.0,8.99575138092041,0.9109110832214355
2.375,190,flat_plate,main_wing,segment_0,main_wing:segment_0:orig:12,orig,12,4.746199131011963,4.746199131011963,4.655481815338135,4.836916923522949,1.0,0.18143510818481445,3.832040548324585,3.832040548324585,9.7760009765625,0.7839689373009927,37.47420465773127,3.460261906345311,0.7494840931546254,-1.1533252000808716,0.0,6.72995138168335,0.9492398262023926
2.375,190,flat_plate,main_wing,segment_0,main_wing:segment_0:orig:13,orig,13,4.918458461761475,4.918458461761475,4.836916923522949,5.0,1.0,0.16308307647705078,2.74550199508667,2.74550199508667,9.70663070678711,0.5656961881050958,26.60584941214458,3.1379385557891544,0.5321169882428916,-0.6286990642547607,0.0,4.323566436767578,0.9836916923522949
